Station Name;Reference Station;Longitude;Latitude;Timezone;Hmin (High Tide Time Add);Hmpy (High Tide Level Multiply);Hoff (High Tide Level Add);Lmin (Low Tide Time Add);Lmpy (Low Tide Level Multiply);Loff (Low Tide Level Add);HW1_Zeit;HW1_Stand;HW2_Zeit;HW2_Stand;NW1_Zeit;NW1_Stand;NW2_Zeit;NW2_Stand
Admiralty Bay, South Shetlands;Pictou, Nova Scotia;-58,4;-62,05;0:0;529;1;0;545;1;0;14:25;1,42;02:22;1,66;20:11;0,94;;
Ahipara Bay, New Zealand;Port Taranaki, New Zealand;173,1167;-35,1667;0:0;15;1,03;0;15;1,03;0;06:24;2,76;18:51;2,83;12:39;1,16;;
Akaroa, New Zealand;Lyttelton, New Zealand;172,9167;-43,8;0:0;45;1,11;0;40;1,11;0;01:39;2,40;14:04;2,39;07:46;0,75;20:15;0,69
Akaroa, New Zealand(2);Lyttelton, New Zealand;172,9167;-43,8;0:0;45;1,11;0;40;1,11;0;01:39;2,40;14:04;2,39;07:46;0,75;20:15;0,69
Alberton, Prince Edward Island (2);Pictou, Nova Scotia;-64,05;46,8167;0:0;-267;1;-0,2;-250;1;0;01:09;1,22;13:06;1,46;06:56;0,94;;
Amherst Harbour, Magdalen Islands, Gulf of St. Lawrence, Québec;Pictou, Nova Scotia;-61,8333;47,2333;0:0;-65;0,52;0;-67;0,56;0;04:31;0,74;16:28;0,86;09:59;0,53;;
Amherst Point, Cumberland Basin, Nova Scotia;Saint John, New Brunswick;-64,2833;45,8333;0:0;33;1,69;0;45;1,54;0;08:06;12,13;20:34;11,75;02:03;2,66;14:36;2,57
Angmagssalik (Kulusuk), Greenland;Harrington Harbour, Québec;-37,15;65,6;0:0;-480;1,71;0;-470;1,71;0;23:05;2,68;11:09;2,41;16:37;1,23;05:34;1,42
Aningaq, Rifkol, Greenland;Harrington Harbour, Québec;-53,8333;67,9167;0:0;-162;1;0,1;-162;1;0;04:23;1,67;16:27;1,51;21:45;0,72;10:42;0,83
Anita Bay, New Zealand;Westport, New Zealand;167,8;-44,5833;0:0;30;0,68;0;30;0,68;0;07:44;1,74;20:12;1,80;01:30;0,67;13:57;0,71
Annapolis Royal, Annapolis River, Nova Scotia;Saint John, New Brunswick;-65,5;44,75;0:0;6;1;0,2;10;1;0;07:39;7,38;20:07;7,15;01:28;1,73;14:01;1,67
Antigonish Harbour, Nova Scotia (2);Pictou, Nova Scotia;-61,8833;45,6667;0:0;9;1;-0,1;17;1;0;05:45;1,32;17:42;1,56;11:23;0,94;;
Aotea Harbour, New Zealand;Port Taranaki, New Zealand;174,8333;-38;0:0;4;1,06;0;4;1,06;0;06:13;2,84;18:40;2,92;12:28;1,20;;
Arichat, Nova Scotia (2);Halifax, Nova Scotia;-61,0333;45,5167;0:0;25;1;0;14;1;0;04:03;1,61;16:41;1,44;10:43;0,46;22:44;0,57
Ariege Bay, Newfoundland;Halifax, Nova Scotia;-56;51,1667;0:0;-64;1;-0,2;-64;1;-0,1;02:34;1,41;15:12;1,24;09:25;0,36;21:26;0,47
Ashe Inlet, Big Island, Nunavut (2);Saint John, New Brunswick;-70,5833;62,55;0:0;-166;1;0,4;-163;1;0,2;04:47;7,58;17:15;7,35;22:35;1,93;11:08;1,87
Assistance Bay, Barrow Strait, Nunavut;Harrington Harbour, Québec;-94,25;74,6167;0:0;176;1;0;177;1;0;10:01;1,57;22:05;1,41;03:24;0,72;16:21;0,83
Astrolabe Road, New Zealand;Nelson, New Zealand;173,05;-40,9667;0:0;20;1,31;0;20;1,31;0;06:14;4,39;18:53;4,48;12:33;1,93;;
Astrolabe Road, New Zealand(2);Nelson, New Zealand;173,05;-40,9667;0:0;20;1,31;0;20;1,31;0;06:14;4,39;18:53;4,48;12:33;1,93;;
Auckland Island (Carnley Harbour), New Zealand;Bluff, New Zealand;165,0833;-50,8667;0:0;36;0,47;0;43;0,47;0;11:32;1,15;23:58;1,17;05:19;0,49;17:49;0,51
Auckland Island (Carnley Harbour), New Zealand(2);Bluff, New Zealand;165,0833;-50,8667;0:0;36;0,47;0;43;0,47;0;11:32;1,15;23:58;1,17;05:19;0,49;17:49;0,51
Auld Cove, Nova Scotia (2);Pictou, Nova Scotia;-61,4333;45,65;0:0;27;0,62;0,1;33;0,62;0,1;06:03;0,98;18:00;1,13;11:39;0,68;;
Back Bay, Letite Harbour, New Brunswick (2);Saint John, New Brunswick;-66,8667;45,05;0:0;0;1;-0,3;3;1;0;07:33;6,88;20:01;6,65;01:21;1,73;13:54;1,67
Barrington Passage, Nova Scotia (2);Halifax, Nova Scotia;-65,6;43,5333;0:0;51;1;0,1;30;1;0;04:29;1,71;17:07;1,54;10:59;0,46;23:00;0,57
Bathurst, New Brunswick (2);Pictou, Nova Scotia;-65,65;47,6167;0:0;364;1;0;410;1;-0,1;11:40;1,42;23:37;1,66;17:56;0,84;;
Battle Harbour, Labrador (2);Halifax, Nova Scotia;-55,6;52,2667;0:0;-93;1;-0,2;-120;1;0;02:05;1,41;14:43;1,24;08:29;0,46;20:30;0,57
Beechy Island, Barrow Strait, Nunavut (2);Harrington Harbour, Québec;-91,9;74,7167;0:0;150;1;0,1;155;1;0;09:35;1,67;21:39;1,51;03:02;0,72;15:59;0,83
Belleoram, Newfoundland (2);Argentia, Newfoundland;-55,4167;47,5333;0:0;57;0,67;0;57;0,67;0;05:07;1,25;17:31;1,16;11:29;0,56;23:16;0,59
Betchewun Harbour, Québec;Harrington Harbour, Québec;-63,1833;50,2333;0:0;129;1;0;133;1;0;09:14;1,57;21:18;1,41;02:40;0,72;15:37;0,83
Blanket Bay, New Zealand;Westport, New Zealand;166,9833;-45,3;0:0;77;0,68;0;68;0,68;0;08:31;1,74;20:59;1,80;02:08;0,67;14:35;0,71
Bligh Sound, New Zealand;Westport, New Zealand;167,5333;-44,8833;0:0;60;0,62;0;60;0,62;0;08:14;1,59;20:42;1,64;02:00;0,61;14:27;0,65
Blomsterbugten, Greenland;Harrington Harbour, Québec;-25,2833;73,35;0:0;-795;1;0;-807;1;0;17:50;1,57;05:54;1,41;11:00;0,72;23:57;0,83
Bradore Bay, Québec;Harrington Harbour, Québec;-57,25;51,4667;0:0;35;1;0;30;1;0;07:40;1,57;19:44;1,41;00:57;0,72;13:54;0,83
Bridgewater, La Have River, Nova Scotia;Halifax, Nova Scotia;-64,5167;44,3833;0:0;9;1;0;6;1;0;03:47;1,61;16:25;1,44;10:35;0,46;22:36;0,57
Bruce Bay, New Zealand;Westport, New Zealand;169,6;-43,5833;0:0;20;0,68;0;20;0,68;0;07:34;1,74;20:02;1,80;01:20;0,67;13:47;0,71
Burntcoat Head, Nova Scotia (3);Saint John, New Brunswick;-63,8167;45,3;0:0;66;1,89;0;72;2,18;0;08:39;13,57;21:07;13,14;02:30;3,77;15:03;3,64
Button Islands, Labrador;Saint John, New Brunswick;-64,7333;60,6167;0:0;-188;1;-0,9;-188;1;0;04:25;6,28;16:53;6,05;22:10;1,73;10:43;1,67
Camp Lloyd, Sondre Stromfjord, Greenland;Argentia, Newfoundland;-50,95;66,9667;0:0;111;1;0,1;141;1;-0,1;06:01;1,96;18:25;1,83;12:53;0,73;00:40;0,78
Camp Michigan, Maligiak Fjord, Greenland;Argentia, Newfoundland;-52,6167;66,9333;0:0;52;1;0,2;20;1;0;05:02;2,06;17:26;1,93;10:52;0,83;22:39;0,88
Campbell Island (Perseverance Harbour), New Zealand;Bluff, New Zealand;169,2167;-52,55;0:0;13;0,47;0;20;0,47;0;11:09;1,15;23:35;1,17;04:56;0,49;17:26;0,51
Campbell Island (Perseverance Harbour), New Zealand(2);Bluff, New Zealand;169,2167;-52,55;0:0;13;0,47;0;20;0,47;0;11:09;1,15;23:35;1,17;04:56;0,49;17:26;0,51
Campbellton, New Brunswick (2);Pictou, Nova Scotia;-66,6667;48,0167;0:0;364;1;0,3;400;1;0;11:40;1,72;23:37;1,96;17:46;0,94;;
Canso Harbour, Nova Scotia (2);Halifax, Nova Scotia;-61;45,35;0:0;5;1;-0,1;4;1;0;03:43;1,51;16:21;1,34;10:33;0,46;22:34;0,57
Cap Chat, Québec (2);Harrington Harbour, Québec;-66,75;49,1;0:0;257;1;0,4;261;1;0,1;11:22;1,97;23:26;1,81;04:48;0,82;17:45;0,93
Cape Adair, Nunavut;Halifax, Nova Scotia;-71,5;71,55;0:0;186;1;0;186;1;-0,1;06:44;1,61;19:22;1,44;13:35;0,36;01:36;0,47
Cape Bear, Prince Edward Island;Pictou, Nova Scotia;-62,45;46;0:0;42;1;0;40;1;0;06:18;1,42;18:15;1,66;11:46;0,94;;
Cape Borgen, Greenland;Harrington Harbour, Québec;-18,0833;75,4333;0:0;-724;0,8;0;-723;0,81;0;19:01;1,26;07:05;1,13;12:24;0,58;01:21;0,67
Cape Campbell, New Zealand;Lyttelton, New Zealand;174,25;-41,7333;0:0;50;0,76;0;50;0,76;0;01:44;1,64;14:09;1,63;07:56;0,52;20:25;0,47
Cape Campbell, New Zealand(2);Lyttelton, New Zealand;174,25;-41,7333;0:0;50;0,76;0;50;0,76;0;01:44;1,64;14:09;1,63;07:56;0,52;20:25;0,47
Cape Dyer, Baffin Island, Nunavut (2);Saint John, New Brunswick;-61,6667;66,5667;0:0;-379;0,31;0;-381;0,44;0;01:14;2,23;13:42;2,15;18:57;0,76;07:30;0,73
Cape George, Nova Scotia;Pictou, Nova Scotia;-61,8833;45,8833;0:0;54;1;-0,1;51;1;0;06:30;1,32;18:27;1,56;11:57;0,94;;
Cape Hewett, Nunavut;Halifax, Nova Scotia;-67,7833;70,2667;0:0;176;1;0;176;1;0;06:34;1,61;19:12;1,44;13:25;0,46;01:26;0,57
Cape Hooper, Baffin Island, Nunavut (2);Pictou, Nova Scotia;-66,75;68,3833;0:0;-352;0,46;0;-341;0,43;0;23:44;0,65;11:41;0,76;05:25;0,40;;
Cape Jack, Nova Scotia (2);Pictou, Nova Scotia;-61,55;45,7;0:0;-71;1;-0,1;-78;1;0;04:25;1,32;16:22;1,56;09:48;0,94;;
Cape Lawrence, Ellesmere Island, Nunavut;Halifax, Nova Scotia;-69,25;80,35;0:0;226;1;0;220;1;-0,1;07:24;1,61;20:02;1,44;14:09;0,36;02:10;0,47
Cape Maria van Diemen, New Zealand;Port Taranaki, New Zealand;172,6333;-34,4833;0:0;35;0,67;0;35;0,67;0;06:44;1,80;19:11;1,84;12:59;0,76;;
Cape Palliser, New Zealand;Wellington, New Zealand;175,2833;-41,6167;0:0;10;1,2;0;10;1,2;0;01:24;1,91;13:47;1,91;07:41;0,77;19:59;0,78
Cape Palliser, New Zealand(2);Wellington, New Zealand;175,2833;-41,6167;0:0;10;1,2;0;10;1,2;0;01:24;1,91;13:47;1,91;07:41;0,77;19:59;0,78
Cape Tormentine, New Brunswick (2);Pictou, Nova Scotia;-63,7833;46,1333;0:0;41;1;0,1;63;1;0;06:17;1,52;18:14;1,76;12:09;0,94;;
Caraquet Harbour, New Brunswick (2);Pictou, Nova Scotia;-64,9333;47,8;0:0;349;1;-0,1;350;1;-0,1;11:25;1,32;23:22;1,56;16:56;0,84;;
Carleton Point, Québec;Pictou, Nova Scotia;-66,1167;48,0833;0:0;331;1;0;336;1;0;11:07;1,42;23:04;1,66;16:42;0,94;;
Cartwright Harbour, Labrador (2);Halifax, Nova Scotia;-57,0333;53,7;0:0;33;1;-0,1;-64;1;0;04:11;1,51;16:49;1,34;09:25;0,46;21:26;0,57
Castlepoint, New Zealand;Wellington, New Zealand;176,2167;-40,9167;0:0;15;1,2;0;15;1,2;0;01:29;1,91;13:52;1,91;07:46;0,77;20:04;0,78
Castlepoint, New Zealand(2);Wellington, New Zealand;176,2167;-40,9167;0:0;15;1,2;0;15;1,2;0;01:29;1,91;13:52;1,91;07:46;0,77;20:04;0,78
Castors Harbour, St. John Bay, Newfoundland;Harrington Harbour, Québec;-56,9833;50,9167;0:0;20;0,77;0;20;0,75;0;07:25;1,21;19:29;1,09;00:47;0,54;13:44;0,62
Catherine Cove, New Zealand;Nelson, New Zealand;173,8833;-40,8667;0:0;52;0,62;0;24;0,62;0;06:46;2,08;19:25;2,12;12:37;0,91;;
Catherine Cove, New Zealand(2);Nelson, New Zealand;173,8833;-40,8667;0:0;52;0,62;0;24;0,62;0;06:46;2,08;19:25;2,12;12:37;0,91;;
Cawée Islands, Québec;Harrington Harbour, Québec;-67;49,8333;0:0;241;1;0,3;247;1;0;11:06;1,87;23:10;1,71;04:34;0,72;17:31;0,83
Charles Sound, New Zealand;Westport, New Zealand;167,1;-45,0833;0:0;46;0,86;0;42;0,86;0;08:00;2,20;20:28;2,27;01:42;0,85;14:09;0,90
Charlottetown, Prince Edward Island (2);Pictou, Nova Scotia;-63,1333;46,2167;0:0;33;1;0,2;42;1;0;06:09;1,62;18:06;1,86;11:48;0,94;;
Chateau Bay, Strait of Bell Isle, Labrador;Harrington Harbour, Québec;-55,8333;52;0:0;-218;0,68;0;-229;0,81;0;03:27;1,07;15:31;0,96;20:38;0,58;09:35;0,67
Chester, Mahone Bay, Nova Scotia;Halifax, Nova Scotia;-64,3;44,5667;0:0;-1;1;0;4;1;0;03:37;1,61;16:15;1,44;10:33;0,46;22:34;0,57
Chesterfield Inlet, Nunavut (2);Saint John, New Brunswick;-90,7;63,3333;0:0;-377;1;-1,2;-380;1;0;01:16;5,98;13:44;5,75;18:58;1,73;07:31;1,67
Cheticamp, Nova Scotia (2);Pictou, Nova Scotia;-61,0333;46,6167;0:0;-83;0,56;0;-80;0,74;0;04:13;0,80;16:10;0,93;09:46;0,70;;
Churchill, Manitoba (2);Saint John, New Brunswick;-94,2;58,7833;0:0;-145;1;-1,1;-156;1;-0,1;05:08;6,08;17:36;5,85;22:42;1,63;11:15;1,57
Clearwater Fiord, Cumberland Sound, Nunavut (2);Saint John, New Brunswick;-67,3333;66,6;0:0;-336;1;-0,5;-338;1;0;01:57;6,68;14:25;6,45;19:40;1,73;08:13;1,67
Codroy Road, Newfoundland;Harrington Harbour, Québec;-59,4;47,8833;0:0;-112;0,74;0;-117;0,75;0;05:13;1,16;17:17;1,04;22:30;0,54;11:27;0,62
Colac Bay, New Zealand;Bluff, New Zealand;167,9;-46,3667;0:0;44;1;0;39;1;0;11:40;2,45;00:06;2,48;05:15;1,04;17:45;1,09
Colac Bay, New Zealand(2);Bluff, New Zealand;167,9;-46,3667;0:0;44;1;0;39;1;0;11:40;2,45;00:06;2,48;05:15;1,04;17:45;1,09
Collingwood, New Zealand;Nelson, New Zealand;172,6667;-40,6667;0:0;25;1,2;0;25;1,2;0;06:19;4,02;18:58;4,10;12:38;1,76;;
Collingwood, New Zealand(2);Nelson, New Zealand;172,6667;-40,6667;0:0;25;1,2;0;25;1,2;0;06:19;4,02;18:58;4,10;12:38;1,76;;
Comfort Bight, Labrador;Halifax, Nova Scotia;-55,7667;53,15;0:0;-62;1;-0,1;-93;1;-0,1;02:36;1,51;15:14;1,34;08:56;0,36;20:57;0,47
Connoire Bay, Newfoundland;Argentia, Newfoundland;-57,9;47,6667;0:0;50;0,58;0;50;0,58;0;05:00;1,08;17:24;1,00;11:22;0,48;23:09;0,51
Coral Harbour, Southampton Island, Nunavut (2);Saint John, New Brunswick;-83,1667;64,1333;0:0;95;1;-1,4;124;1;-0,1;09:08;5,78;21:36;5,55;03:22;1,63;15:55;1,57
Cornwallis, New Zealand;Onehunga, New Zealand;174,6;-37;0:0;20;0,88;0;11;0,88;0;07:11;2,84;19:38;2,93;00:48;1,09;13:11;1,18
Coromandel Harbour, New Zealand;Auckland, New Zealand;175,45;-36,7833;0:0;16;0,85;0;6;0,85;0;03:52;2,39;16:12;2,46;09:44;0,81;22:13;0,73
Croiselles, South Island, New Zealand;Nelson, New Zealand;173,7;-41,0833;0:0;15;1,11;0;15;1,11;0;06:09;3,72;18:48;3,80;12:28;1,63;;
Croiselles, South Island, New Zealand(2);Nelson, New Zealand;173,7;-41,0833;0:0;15;1,11;0;15;1,11;0;06:09;3,72;18:48;3,80;12:28;1,63;;
Curlew Harbour, Labrador;Halifax, Nova Scotia;-56,55;53,75;0:0;37;1;-0,1;-68;1;0;04:15;1,51;16:53;1,34;09:21;0,46;21:22;0,57
Dairy Factory Wharf, New Zealand;Whangarei, New Zealand;173,2667;-35,05;0:0;83;0,86;0;63;0,86;0;05:34;2,28;17:56;2,37;11:01;0,91;23:36;0,82
Dairy Factory Wharf, New Zealand(2);Whangarei, New Zealand;173,2667;-35,05;0:0;83;0,86;0;63;0,86;0;05:34;2,28;17:56;2,37;11:01;0,91;23:36;0,82
Dalhousie, New Brunswick (2);Pictou, Nova Scotia;-66,3667;48,0667;0:0;342;1;0,2;352;1;0;11:18;1,62;23:15;1,86;16:58;0,94;;
Danmarks Havn, Greenland;Harrington Harbour, Québec;-18,7667;76,7667;0:0;-821;1;0;-812;1;0;17:24;1,57;05:28;1,41;10:55;0,72;23:52;0,83
Danmarks Island, Scoresby Sound, Greenland;Harrington Harbour, Québec;-26,2;70,45;0:0;-885;0,62;0;-885;0,62;0;16:20;0,97;04:24;0,87;09:42;0,45;22:39;0,51
Deep Cove, New Zealand;Westport, New Zealand;167,15;-45,4667;0:0;72;0,68;0;70;0,68;0;08:26;1,74;20:54;1,80;02:10;0,67;14:37;0,71
Diana Bay, Québec (2);Saint John, New Brunswick;-70,0667;60,8667;0:0;-180;1;0,2;-183;1;0,3;04:33;7,38;17:01;7,15;22:15;2,03;10:48;1,97
Digby, Annapolis Basin, Nova Scotia (2);Saint John, New Brunswick;-65,75;44,6333;0:0;9;1;0;7;1;0;07:42;7,18;20:10;6,95;01:25;1,73;13:58;1,67
Digges Harbour, Nunavut (2);Saint John, New Brunswick;-77,7;62,5;0:0;-71;0,38;0;-65;0,62;0;06:22;2,73;18:50;2,64;00:13;1,07;12:46;1,04
Doves Bay, New Zealand;Marsden Point, New Zealand;174,0333;-35,2;0:0;6;0,85;0;2;0,85;0;03:55;1,93;16:11;2,03;09:51;0,75;22:25;0,64
East Cape, New Zealand;Tauranga, New Zealand;178,55;-37,6833;0:0;45;1;0;41;1;0;04:22;1,56;16:43;1,62;10:17;0,45;22:51;0,37
Eclipse Harbour, Labrador;Halifax, Nova Scotia;-64,15;59,8;0:0;5;1;-0,2;28;1;-0,1;03:43;1,41;16:21;1,24;10:57;0,36;22:58;0,47
Elaine Bay, New Zealand;Nelson, New Zealand;173,7667;-41,05;0:0;38;0,62;0;45;0,62;0;06:32;2,08;19:11;2,12;12:58;0,91;;
Elaine Bay, New Zealand(2);Nelson, New Zealand;173,7667;-41,05;0:0;38;0,62;0;45;0,62;0;06:32;2,08;19:11;2,12;12:58;0,91;;
Ellis Bay, Québec;Harrington Harbour, Québec;-64,3667;49,8;0:0;217;1;0;218;1;0;10:42;1,57;22:46;1,41;04:05;0,72;17:02;0,83
Elmslie Bay, New Zealand;Nelson, New Zealand;173,85;-40,9333;0:0;50;0,62;0;-60;0,62;0;06:44;2,08;19:23;2,12;11:13;0,91;;
Elmslie Bay, New Zealand(2);Nelson, New Zealand;173,85;-40,9333;0:0;50;0,62;0;-60;0,62;0;06:44;2,08;19:23;2,12;11:13;0,91;;
Exploits Lower Harbour, Newfoundland;Halifax, Nova Scotia;-55,0667;49,5333;0:0;-64;1;-0,3;-99;1;-0,1;02:34;1,31;15:12;1,14;08:50;0,36;20:51;0,47
Finnsbu, Greenland;Argentia, Newfoundland;-41,2833;63,4;0:0;-279;1;0;-252;1;0;23:31;1,86;11:55;1,73;06:20;0,83;18:07;0,88
Finsch Islands, Greenland;Harrington Harbour, Québec;-21,1333;73,9833;0:0;-798;0,81;0;-798;0,75;0;17:47;1,27;05:51;1,14;11:09;0,54;00:06;0,62
Fishermans Rock, New Zealand;Picton, New Zealand;174,6;-41,0667;0:0;0;1;0;0;1;0;04:39;0,94;16:56;1,02;10:13;0,31;23:01;0,29
Fishing Bay, New Zealand;Westport, New Zealand;166,65;-46,1;0:0;60;0,65;0;60;0,65;0;08:14;1,66;20:42;1,72;02:00;0,64;14:27;0,68
Fishmaster's Harbour, Sondre Stromfjord, Greenland;Argentia, Newfoundland;-53,4833;66,0167;0:0;-131;1;0,3;-106;1;0;01:59;2,16;14:23;2,03;08:46;0,83;20:33;0,88
Fogo Harbour, Newfoundland;Halifax, Nova Scotia;-54,2667;49,7167;0:0;-64;1;-0,2;-72;1;-0,1;02:34;1,41;15:12;1,24;09:17;0,36;21:18;0,47
Fort Conger, Discovery Harbour, Ellesmere Island, Nunavut (2);Halifax, Nova Scotia;-64,7333;81,7333;0:0;228;1;-0,1;205;1;-0,1;07:26;1,51;20:04;1,34;13:54;0,36;01:55;0,47
Forteau Bay, Strait of Bell Isle, Labrador (2);Harrington Harbour, Québec;-56,8833;51,45;0:0;56;0,77;0;47;0,81;0;08:01;1,21;20:05;1,09;01:14;0,58;14:11;0,67
Frederiksdal, Greenland;Argentia, Newfoundland;-44,6667;60;0:0;-160;1;0,1;-131;1;0;01:30;1,96;13:54;1,83;08:21;0,83;20:08;0,88
Frederikshåb, Greenland;Argentia, Newfoundland;-49,7167;62;0:0;-112;1;0,3;-90;1;0;02:18;2,16;14:42;2,03;09:02;0,83;20:49;0,88
Frenchman's Cove, Bay of Islands, Newfoundland;Harrington Harbour, Québec;-58,1667;49,0667;0:0;20;1;0;20;1;0;07:25;1,57;19:29;1,41;00:47;0,72;13:44;0,83
Front Island, New Zealand;Westport, New Zealand;166,7333;-45,7;0:0;45;0,68;0;45;0,68;0;07:59;1,74;20:27;1,80;01:45;0,67;14:12;0,71
Gabarus Cove, Nova Scotia;Halifax, Nova Scotia;-60,1667;45,85;0:0;8;1;-0,1;10;1;0;03:46;1,51;16:24;1,34;10:39;0,46;22:40;0,57
Gaspé Bay, Québec (2);Pictou, Nova Scotia;-64,4833;48,8333;0:0;283;1;-0,1;298;1;0;10:19;1,32;22:16;1,56;16:04;0,94;;
George Sound, New Zealand;Westport, New Zealand;167,3667;-44,8667;0:0;34;0,68;0;34;0,68;0;07:48;1,74;20:16;1,80;01:34;0,67;14:01;0,71
Georgetown Harbour, Prince Edward Island (2);Pictou, Nova Scotia;-62,5333;46,1833;0:0;-63;1;0;-60;1;0;04:33;1,42;16:30;1,66;10:06;0,94;;
Gilbert Islands, New Zealand;Westport, New Zealand;166,6833;-45,6;0:0;50;0,65;0;50;0,65;0;08:04;1,66;20:32;1,72;01:50;0,64;14:17;0,68
Glace Bay, Nova Scotia;Pictou, Nova Scotia;-59,9167;46,2;0:0;-119;1;-0,1;-114;1;0;03:37;1,32;15:34;1,56;09:12;0,94;;
Godhavn, Disko Island, Greenland;Harrington Harbour, Québec;-53,55;69,25;0:0;-157;1;0;-152;1;0;04:28;1,57;16:32;1,41;21:55;0,72;10:52;0,83
Godthåb, Greenland (2);Argentia, Newfoundland;-51,7333;64,1667;0:0;-111;2;-0,2;-76;2;-0,2;02:19;3,52;14:43;3,26;09:16;1,46;21:03;1,56
Goose Bay, Labrador;Halifax, Nova Scotia;-60,4;53,35;0:0;232;0,27;0;234;0,27;0;07:30;0,43;20:08;0,39;14:23;0,12;02:24;0,15
Grande le Pierre Harbour, Newfoundland;Argentia, Newfoundland;-54,7833;47,6667;0:0;69;1;-0,1;69;1;0;05:19;1,76;17:43;1,63;11:41;0,83;23:28;0,88
Great Jervis Harbour, Bay d'Espoir, Newfoundland;Argentia, Newfoundland;-56,1833;47,65;0:0;38;1;-0,1;65;1;0;04:48;1,76;17:12;1,63;11:37;0,83;23:24;0,88
Great St. Lawrence Harbour, Newfoundland (2);Argentia, Newfoundland;-55,3667;46,9167;0:0;28;1;0;55;1;0;04:38;1,86;17:02;1,73;11:27;0,83;23:14;0,88
Greville, South Island, New Zealand;Nelson, New Zealand;173,8;-40,8667;0:0;20;0,91;0;20;0,91;0;06:14;3,05;18:53;3,11;12:33;1,34;;
Greville, South Island, New Zealand(2);Nelson, New Zealand;173,8;-40,8667;0:0;20;0,91;0;20;0,91;0;06:14;3,05;18:53;3,11;12:33;1,34;;
Grey River, Newfoundland;Argentia, Newfoundland;-57,1167;47,5667;0:0;45;0,62;0;72;0,62;0;04:55;1,15;17:19;1,07;11:44;0,51;23:31;0,55
Greymouth, New Zealand;Westport, New Zealand;171,2167;-42,4333;0:0;5;0,93;0;5;0,93;0;07:19;2,38;19:47;2,46;01:05;0,92;13:32;0,98
Griffith Island, Barrow Strait, Nunavut;Harrington Harbour, Québec;-95,5;74,5833;0:0;192;1;0;193;1;0;10:17;1,57;22:21;1,41;03:40;0,72;16:37;0,83
Grindstone Island, New Brunswick (2);Saint John, New Brunswick;-64,6167;45,7167;0:0;21;1,49;0;28;1,45;0;07:54;10,70;20:22;10,36;01:46;2,51;14:19;2,42
Guysborough, Nova Scotia;Halifax, Nova Scotia;-61,4833;45,3833;0:0;6;1;-0,1;18;1;0;03:44;1,51;16:22;1,34;10:47;0,46;22:48;0,57
Haast River Entrance, New Zealand;Westport, New Zealand;169,05;-43,8333;0:0;30;0,68;0;30;0,68;0;07:44;1,74;20:12;1,80;01:30;0,67;13:57;0,71
Hall Beach, Foxe Basin, Nunavut (2);Harrington Harbour, Québec;-81,2167;68,75;0:0;645;0,44;0;675;0,44;0;17:50;0,69;05:54;0,62;11:42;0,32;00:39;0,37
Harbour Grace, Conception Bay, Newfoundland;Halifax, Nova Scotia;-53,2;47,6833;0:0;58;0,5;0;-76;0,33;0;04:36;0,81;17:14;0,72;09:13;0,15;21:14;0,19
Hare Bay, Newfoundland;Argentia, Newfoundland;-56,5333;47,6167;0:0;41;0,67;0;68;0,67;0;04:51;1,25;17:15;1,16;11:40;0,56;23:27;0,59
Havelock, New Zealand;Nelson, New Zealand;173,7667;-41,2833;0:0;35;0,74;0;-60;0,74;0;06:29;2,48;19:08;2,53;11:13;1,09;;
Havelock, New Zealand(2);Nelson, New Zealand;173,7667;-41,2833;0:0;35;0,74;0;-60;0,74;0;06:29;2,48;19:08;2,53;11:13;1,09;;
Havre-St-Pierre, Québec (2);Harrington Harbour, Québec;-63,6;50,2333;0:0;143;1;0;152;1;0;09:28;1,57;21:32;1,41;02:59;0,72;15:56;0,83
Heath Point, Québec (2);Harrington Harbour, Québec;-61,7;49,0833;0:0;51;0,61;0;52;0,61;0;07:56;0,96;20:00;0,86;01:19;0,44;14:16;0,51
Hebron, Hebron Fjord, Labrador (2);Halifax, Nova Scotia;-62,6333;58,2;0:0;-79;1;-0,1;-95;1;0;02:19;1,51;14:57;1,34;08:54;0,46;20:55;0,57
Herring Cove, New Brunswick (2);Saint John, New Brunswick;-64,9667;45,5833;0:0;22;1;0,8;20;1;0;07:55;7,98;20:23;7,75;01:38;1,73;14:11;1,67
Hicks Bay, New Zealand;Tauranga, New Zealand;178,3167;-37,5833;0:0;45;1,06;0;31;1,06;0;04:22;1,65;16:43;1,72;10:07;0,48;22:41;0,39
Hokitika River Bar, New Zealand;Westport, New Zealand;170,9667;-42,7167;0:0;10;0,72;0;10;0,72;0;07:24;1,84;19:52;1,90;01:10;0,71;13:37;0,76
Holsteinsborg, Greenland;Argentia, Newfoundland;-53,7;66,9333;0:0;-119;1;0,2;-90;1;0;02:11;2,06;14:35;1,93;09:02;0,83;20:49;0,88
Hopedale, Labrador (2);Halifax, Nova Scotia;-60,2167;55,45;0:0;-76;1;0;-99;1;0;02:22;1,61;15:00;1,44;08:50;0,46;20:51;0,57
Hopes Advance Bay, Ungava Bay, Québec (2);Saint John, New Brunswick;-69,6333;59,35;0:0;-179;1,44;0;-180;2,2;0;04:34;10,34;17:02;10,01;22:18;3,81;10:51;3,67
Hopewell Cape, New Brunswick (2);Saint John, New Brunswick;-64,5833;45,8667;0:0;14;1,63;0;39;1,85;0;07:47;11,70;20:15;11,33;01:57;3,20;14:30;3,09
Horton Bluff, Avon River, Nova Scotia;Saint John, New Brunswick;-64,2167;45,1;0:0;58;1,75;0;62;1,37;0;08:31;12,56;20:59;12,16;02:20;2,37;14:53;2,29
Houhora Harbour (Pukenui Wharf), New Zealand;Whangarei, New Zealand;173,1333;-34,8167;0:0;22;0,86;0;25;0,86;0;04:33;2,28;16:55;2,37;10:23;0,91;22:58;0,82
Houhora Harbour (Pukenui Wharf), New Zealand(2);Whangarei, New Zealand;173,1333;-34,8167;0:0;22;0,86;0;25;0,86;0;04:33;2,28;16:55;2,37;10:23;0,91;22:58;0,82
Houhora River Entrance, New Zealand;Whangarei, New Zealand;173,15;-34,8333;0:0;19;0,78;0;22;0,78;0;04:30;2,07;16:52;2,15;10:20;0,83;22:55;0,74
Houhora River Entrance, New Zealand(2);Whangarei, New Zealand;173,15;-34,8333;0:0;19;0,78;0;22;0,78;0;04:30;2,07;16:52;2,15;10:20;0,83;22:55;0,74
Igloolik, Nunavut (2);Harrington Harbour, Québec;-81,6167;69,35;0:0;612;1;0,1;612;1;0;17:17;1,67;05:21;1,51;10:39;0,72;23:36;0,83
Indian Harbour, Labrador;Halifax, Nova Scotia;-57,2;54,45;0:0;-67;1;-0,1;-123;1;0;02:31;1,51;15:09;1,34;08:26;0,46;20:27;0,57
Ingnerit, Umanak Fjord, Greenland;Harrington Harbour, Québec;-51;71;0:0;-60;1;-0,1;-60;1;-0,1;06:05;1,47;18:09;1,31;23:27;0,62;12:24;0,73
Ingonish Island, Nova Scotia;Pictou, Nova Scotia;-60,3833;46,6667;0:0;-100;1;-0,1;-93;1;0;03:56;1,32;15:53;1,56;09:33;0,94;;
Iqaluit S Farthest, Nunavut (2);Saint John, New Brunswick;-68,0333;63,4833;0:0;-253;1;0,5;-255;1;0,3;03:20;7,68;15:48;7,45;21:03;2,03;09:36;1,97
Isaac's Harbour, Nova Scotia (2);Halifax, Nova Scotia;-61,6667;45,1833;0:0;-3;1;0;4;1;0;03:35;1,61;16:13;1,44;10:33;0,46;22:34;0,57
Island Point, New Zealand;Port Taranaki, New Zealand;174,1;-36,25;0:0;46;1,06;0;46;1,06;0;06:55;2,84;19:22;2,92;13:10;1,20;;
Ivigtut, Arsuk Fjord, Greenland;Argentia, Newfoundland;-48,1833;61,2;0:0;-139;1;0;-114;1;0;01:51;1,86;14:15;1,73;08:38;0,83;20:25;0,88
Jackson Bay, New Zealand;Westport, New Zealand;168,6167;-43,9833;0:0;40;0,62;0;40;0,62;0;07:54;1,59;20:22;1,64;01:40;0,61;14:07;0,65
Jeddore Harbour, Nova Scotia;Halifax, Nova Scotia;-63,0167;44,75;0:0;6;1;0;3;1;0;03:44;1,61;16:22;1,44;10:32;0,46;22:33;0,57
Joggins Wharf, Nova Scotia (2);Saint John, New Brunswick;-64,4667;45,6833;0:0;14;1;1,4;26;1;0,1;07:47;8,58;20:15;8,35;01:44;1,83;14:17;1,77
Julianehåb, Greenland (2);Argentia, Newfoundland;-46,0167;60,7167;0:0;-159;1;0;-136;1;0;01:31;1,86;13:55;1,73;08:16;0,83;20:03;0,88
Kahikatea (East Bay), New Zealand;Picton, New Zealand;174,1333;-41,2333;0:0;12;0,93;0;19;0,93;0;04:51;0,87;17:08;0,95;10:32;0,29;23:20;0,27
Kaikoura, New Zealand;Lyttelton, New Zealand;173,7;-42,4167;0:0;5;0,82;0;7;0,82;0;00:59;1,77;13:24;1,76;07:13;0,56;19:42;0,51
Kaikoura, New Zealand(2);Lyttelton, New Zealand;173,7;-42,4167;0:0;5;0,82;0;7;0,82;0;00:59;1,77;13:24;1,76;07:13;0,56;19:42;0,51
Kangalaksiorvik Fiord, Labrador;Halifax, Nova Scotia;-63,7833;59,3833;0:0;30;1;-0,2;12;1;-0,1;04:08;1,41;16:46;1,24;10:41;0,36;22:42;0,47
Kap Farvel, Greenland;Argentia, Newfoundland;-43,8833;59,75;0:0;-171;1;0;-143;1;0;01:19;1,86;13:43;1,73;08:09;0,83;19:56;0,88
Kawhia, New Zealand;Port Taranaki, New Zealand;174,8167;-38,0667;0:0;18;0,96;0;18;0,96;0;06:27;2,57;18:54;2,64;12:42;1,08;;
Kegaska, Québec (2);Harrington Harbour, Québec;-61,2333;50,2;0:0;40;1;0;40;1;0;07:45;1,57;19:49;1,41;01:07;0,72;14:04;0,83
Kivitoo, Baffin Island, Nunavut (2);Pictou, Nova Scotia;-64,9333;67,9333;0:0;-317;0,5;0;-310;0,43;0;00:19;0,71;12:16;0,83;05:56;0,40;;
Kohukohu, New Zealand;Port Taranaki, New Zealand;173,5333;-35,3667;0:0;15;0,96;0;15;0,96;0;06:24;2,57;18:51;2,64;12:39;1,08;;
Koksoak River entrance, Québec;Saint John, New Brunswick;-68,1833;58,5333;0:0;-170;1,47;0;-173;2;0;04:43;10,55;17:11;10,22;22:25;3,46;10:58;3,34
L' Etang Harbour, New Brunswick;Saint John, New Brunswick;-66,8167;45,0333;0:0;1;1;-0,3;5;1;0;07:34;6,88;20:02;6,65;01:23;1,73;13:56;1,67
LPG Terminal, New Zealand;Onehunga, New Zealand;174,8333;-37,0333;0:0;-5;1,02;0;4;1,02;0;06:46;3,29;19:13;3,40;00:41;1,26;13:04;1,37
La Poile Bay, Newfoundland;Argentia, Newfoundland;-58,4;47,6667;0:0;75;0,62;0;75;0,62;0;05:25;1,15;17:49;1,07;11:47;0,51;23:34;0,55
Leaf Bay, Ungava Bay, Québec;Saint John, New Brunswick;-69;58,9167;0:0;-180;1,49;0;-180;2,25;0;04:33;10,70;17:01;10,36;22:18;3,89;10:51;3,76
Leaf Lake, Ungava Bay, Québec;Saint John, New Brunswick;-69,6667;58,75;0:0;-120;1,53;0,5;-120;1,53;0,5;05:33;11,49;18:01;11,13;23:18;3,15;11:51;3,06
Leith Harbor, South Georgia;Pictou, Nova Scotia;-36,6833;-54,1333;0:0;555;0,63;0;575;0,64;0;14:51;0,89;02:48;1,05;20:41;0,60;;
Lepreau Harbour, New Brunswick;Saint John, New Brunswick;-66,4833;45,1167;0:0;-1;1;-0,2;3;1;0;07:32;6,98;20:00;6,75;01:21;1,73;13:54;1,67
Lille Pendulum, Greenland;Harrington Harbour, Québec;-18,4833;74,6167;0:0;-760;0,8;0;-759;0,81;0;18:25;1,26;06:29;1,13;11:48;0,58;00:45;0,67
Liscomb Harbour, Nova Scotia (2);Halifax, Nova Scotia;-62,0333;45;0:0;11;1;0;5;1;0;03:49;1,61;16:27;1,44;10:34;0,46;22:35;0,57
Liverpool Bay, Nova Scotia;Halifax, Nova Scotia;-64,6833;44,0333;0:0;14;1;0;4;1;0;03:52;1,61;16:30;1,44;10:33;0,46;22:34;0,57
Lockeport, Nova Scotia (2);Halifax, Nova Scotia;-65,0833;43,7333;0:0;27;1;0;2;1;0;04:05;1,61;16:43;1,44;10:31;0,46;22:32;0,57
Long Island, New Zealand;Picton, New Zealand;174,2833;-41,1167;0:0;4;1;0;3;1;0;04:43;0,94;17:00;1,02;10:16;0,31;23:04;0,29
Louisburg Harbour, Nova Scotia;Halifax, Nova Scotia;-59,9833;45,9;0:0;8;1;-0,1;14;1;0;03:46;1,51;16:24;1,34;10:43;0,46;22:44;0,57
Lower East Pubnico, Nova Scotia (2);Saint John, New Brunswick;-65,7667;43,6333;0:0;-112;0,43;0;-127;0,47;0;05:41;3,09;18:09;2,99;23:11;0,81;11:44;0,78
Lower Savage Islands, Nunavut;Saint John, New Brunswick;-65,85;61,7667;0:0;-226;1;-0,1;-235;1;0,2;03:47;7,08;16:15;6,85;21:23;1,93;09:56;1,87
Lucky Bay, New Zealand;Lyttelton, New Zealand;174,2833;-41,2667;0:0;150;0,52;0;150;0,52;0;03:24;1,12;15:49;1,12;09:36;0,35;22:05;0,32
Lucky Bay, New Zealand(2);Lyttelton, New Zealand;174,2833;-41,2667;0:0;150;0,52;0;150;0,52;0;03:24;1,12;15:49;1,12;09:36;0,35;22:05;0,32
Lunenburg, Nova Scotia (3);Halifax, Nova Scotia;-64,3167;44,3667;0:0;7;1;0;7;1;0;03:45;1,61;16:23;1,44;10:36;0,46;22:37;0,57
Mabou River entrance, Nova Scotia;Pictou, Nova Scotia;-61,4667;46,1;0:0;53;0,66;0;-64;0,61;0;06:29;0,94;18:26;1,10;10:02;0,57;;
Mahone Harbour, Mahone Bay, Nova Scotia;Halifax, Nova Scotia;-64,3667;44,45;0:0;-3;1;0;1;1;0;03:35;1,61;16:13;1,44;10:30;0,46;22:31;0,57
Makara Bay, New Zealand;Port Taranaki, New Zealand;174,7;-41,2167;0:0;40;0,32;0;40;0,32;0;06:49;0,86;19:16;0,88;13:04;0,36;;
Malpeque Bay, Prince Edward Island;Pictou, Nova Scotia;-63,6667;46,5833;0:0;-209;1;-0,2;-193;1;0;02:07;1,22;14:04;1,46;07:53;0,94;;
Man O' War Bay, New Zealand;Auckland, New Zealand;175,15;-36,7833;0:0;21;1;0;3;1;0;03:57;2,81;16:17;2,90;09:41;0,95;22:10;0,86
Manawatu River Entrance, New Zealand;Port Taranaki, New Zealand;175,2167;-40,4667;0:0;-20;0,7;0;20;0,7;0;05:49;1,88;18:16;1,92;12:44;0,79;;
Mangonui, New Zealand;Whangarei, New Zealand;173,5333;-34,9833;0:0;22;0,91;0;19;0,91;0;04:33;2,41;16:55;2,51;10:17;0,96;22:52;0,86
Mangonui, New Zealand(2);Whangarei, New Zealand;173,5333;-34,9833;0:0;22;0,91;0;19;0,91;0;04:33;2,41;16:55;2,51;10:17;0,96;22:52;0,86
Mansion House Bay, New Zealand;Auckland, New Zealand;174,8167;-36,4333;0:0;22;0,77;0;1;0,77;0;03:58;2,16;16:18;2,23;09:39;0,73;22:08;0,66
Many Islands, New Zealand;Westport, New Zealand;166,5167;-45,7667;0:0;49;0,72;0;50;0,72;0;08:03;1,84;20:31;1,90;01:50;0,71;14:17;0,76
Mapua, New Zealand;Nelson, New Zealand;173,1;-41,25;0:0;17;0,94;0;7;0,94;0;06:11;3,15;18:50;3,21;12:20;1,38;;
Mapua, New Zealand(2);Nelson, New Zealand;173,1;-41,25;0:0;17;0,94;0;7;0,94;0;06:11;3,15;18:50;3,21;12:20;1,38;;
Matakana River, New Zealand;Auckland, New Zealand;174,7333;-36,4;0:0;5;0,81;0;5;0,81;0;03:41;2,28;16:01;2,35;09:43;0,77;22:12;0,70
Matane, Québec (2);Harrington Harbour, Québec;-67,5333;48,85;0:0;258;1;0,4;262;1;0;11:23;1,97;23:27;1,81;04:49;0,72;17:46;0,83
Matiatia Bay, New Zealand;Auckland, New Zealand;174,9833;-36,7833;0:0;-14;0,92;0;6;0,92;0;03:22;2,59;15:42;2,67;09:44;0,87;22:13;0,79
Merigomish Harbour, Nova Scotia (2);Pictou, Nova Scotia;-62,45;45,65;0:0;13;1;0;1;1;0;05:49;1,42;17:46;1,66;11:07;0,94;;
Metis-sur-Mer, Québec;Harrington Harbour, Québec;-68,0333;48,6833;0:0;264;1;0,5;268;1;0,1;11:29;2,07;23:33;1,91;04:55;0,82;17:52;0,93
Midjik Bluff, Passamaquoddy Bay, New Brunswick;Saint John, New Brunswick;-66,9;45,1167;0:0;12;1;-0,2;17;1;0;07:45;6,98;20:13;6,75;01:35;1,73;14:08;1,67
Mingan, Québec (2);Harrington Harbour, Québec;-64,05;50,3;0:0;155;1;0;160;1;0;09:40;1,57;21:44;1,41;03:07;0,72;16:04;0,83
Miscou Harbour, New Brunswick (2);Pictou, Nova Scotia;-64,5833;47,9;0:0;345;1;0;357;1;-0,1;11:21;1,42;23:18;1,66;17:03;0,84;;
Mistanoque Harbour, Québec;Harrington Harbour, Québec;-58,2;51,2667;0:0;15;1;0;15;1;0;07:20;1,57;19:24;1,41;00:42;0,72;13:39;0,83
Moisie Bay, Québec;Harrington Harbour, Québec;-66,0833;50,2;0:0;223;1;0,2;229;1;0;10:48;1,77;22:52;1,61;04:16;0,72;17:13;0,83
Mokohinau Island, New Zealand;Auckland, New Zealand;175,1167;-35,9;0:0;-22;0,74;0;32;0,74;0;03:14;2,08;15:34;2,15;10:10;0,70;22:39;0,64
Mortier Bay, Newfoundland;Argentia, Newfoundland;-55,15;47,1667;0:0;15;1;-0,1;26;1;0;04:25;1,76;16:49;1,63;10:58;0,83;22:45;0,88
Motueka, New Zealand;Nelson, New Zealand;173,0167;-41,1333;0:0;6;0,88;0;12;0,88;0;06:00;2,95;18:39;3,01;12:25;1,29;;
Motueka, New Zealand(2);Nelson, New Zealand;173,0167;-41,1333;0:0;6;0,88;0;12;0,88;0;06:00;2,95;18:39;3,01;12:25;1,29;;
Motupipi Inlet, New Zealand;Nelson, New Zealand;172,85;-40,8333;0:0;25;1,25;0;25;1,25;0;06:19;4,19;18:58;4,28;12:38;1,84;;
Motupipi Inlet, New Zealand(2);Nelson, New Zealand;172,85;-40,8333;0:0;25;1,25;0;25;1,25;0;06:19;4,19;18:58;4,28;12:38;1,84;;
Moutohora (Whale) Island, New Zealand;Tauranga, New Zealand;176,9833;-37,8667;0:0;29;1,06;0;24;1,06;0;04:06;1,65;16:27;1,72;10:00;0,48;22:34;0,39
Murrays Bay, New Zealand;Auckland, New Zealand;174,75;-36,7333;0:0;25;0,88;0;3;0,88;0;04:01;2,47;16:21;2,55;09:41;0,84;22:10;0,76
Myggbukta, Foster Bay, Greenland;Harrington Harbour, Québec;-21,55;73,4667;0:0;-777;1;0;-780;1;0;18:08;1,57;06:12;1,41;11:27;0,72;00:24;0,83
Nachvak Bay, Labrador;Halifax, Nova Scotia;-63,5833;59,05;0:0;26;1;-0,1;50;1;-0,1;04:04;1,51;16:42;1,34;11:19;0,36;23:20;0,47
Nagle Cove, New Zealand;Auckland, New Zealand;175,3167;-36,15;0:0;24;0,74;0;11;0,74;0;04:00;2,08;16:20;2,15;09:49;0,70;22:18;0,64
Nain, Labrador (2);Halifax, Nova Scotia;-61,6833;56,55;0:0;-62;1;0;-84;1;0;02:36;1,61;15:14;1,44;09:05;0,46;21:06;0,57
Nanortalik, Greenland;Argentia, Newfoundland;-45,25;60,1167;0:0;-193;1;0;-166;1;0;00:57;1,86;13:21;1,73;07:46;0,83;19:33;0,88
Narsarssuaq, Greenland;Argentia, Newfoundland;-45,4167;61,1333;0:0;-165;1;0,1;-136;1;0;01:25;1,96;13:49;1,83;08:16;0,83;20:03;0,88
Natashquan, Québec (2);Harrington Harbour, Québec;-61,8333;50,2;0:0;60;1;0;70;1;0;08:05;1,57;20:09;1,41;01:37;0,72;14:34;0,83
Naufrage, Prince Edward Island (2);Pictou, Nova Scotia;-62,4167;46,4667;0:0;-189;1;-0,2;-207;1;0;02:27;1,22;14:24;1,46;07:39;0,94;;
Neil Harbour, Nova Scotia;Pictou, Nova Scotia;-60,3333;46,8;0:0;-104;0,68;0;-105;0,64;0;03:52;0,97;15:49;1,13;09:21;0,60;;
New River Entrance, New Zealand;Bluff, New Zealand;168,25;-46,5333;0:0;22;1,14;0;22;1,14;0;11:18;2,79;23:44;2,83;04:58;1,19;17:28;1,24
New River Entrance, New Zealand(2);Bluff, New Zealand;168,25;-46,5333;0:0;22;1,14;0;22;1,14;0;11:18;2,79;23:44;2,83;04:58;1,19;17:28;1,24
Newcastle, Miramichi River, New Brunswick (2);Pictou, Nova Scotia;-65,5667;47;0:0;-233;1;0;-193;1;0;01:43;1,42;13:40;1,66;07:53;0,94;;
Norris Cove, Bonne Bay, Newfoundland (2);Harrington Harbour, Québec;-57,8667;49,5167;0:0;20;1;0;20;1;0;07:25;1,57;19:29;1,41;00:47;0,72;13:44;0,83
North Head, New Brunswick (2);Saint John, New Brunswick;-66,75;44,7667;0:0;5;1;-0,4;5;1;0;07:38;6,78;20:06;6,55;01:23;1,73;13:56;1,67
North Rustico, Prince Edward Island (2);Pictou, Nova Scotia;-63,2833;46,4667;0:0;-250;1;-0,2;-244;1;-0,1;01:26;1,22;13:23;1,46;07:02;0,84;;
North Star Bay, Wolstenholme Fjord, Greenland (2);Harrington Harbour, Québec;-68,8333;76,5333;0:0;30;1,33;0;32;1,12;0;07:35;2,09;19:39;1,88;00:59;0,81;13:56;0,93
North Sydney, Nova Scotia (2);Pictou, Nova Scotia;-60,25;46,2167;0:0;-114;0,73;0;-109;0,61;0;03:42;1,04;15:39;1,21;09:17;0,57;;
Nugget Point, New Zealand;Bluff, New Zealand;169,8167;-46,45;0:0;60;0,8;0;60;0,8;0;11:56;1,96;00:22;1,98;05:36;0,83;18:06;0,87
Nugget Point, New Zealand(2);Bluff, New Zealand;169,8167;-46,45;0:0;60;0,8;0;60;0,8;0;11:56;1,96;00:22;1,98;05:36;0,83;18:06;0,87
Nunarssuaq, Kronprinsens Ejlanden, Greenland;Harrington Harbour, Québec;-53,35;68,9833;0:0;-108;1;0;-112;1;0;05:17;1,57;17:21;1,41;22:35;0,72;11:32;0,83
Oamaru, New Zealand;Dunedin, New Zealand;170,9833;-45,1167;0:0;-82;0,88;0;-106;0,88;0;23:12;1,67;11:33;1,65;05:28;0,33;17:57;0,26
Oban, New Zealand;Bluff, New Zealand;168,1333;-46,9;0:0;5;0,76;0;2;0,76;0;11:01;1,86;23:27;1,88;04:38;0,79;17:08;0,83
Oban, New Zealand(2);Bluff, New Zealand;168,1333;-46,9;0:0;5;0,76;0;2;0,76;0;11:01;1,86;23:27;1,88;04:38;0,79;17:08;0,83
Ohiwa, New Zealand;Tauranga, New Zealand;177,1167;-37,9833;0:0;-23;0,93;0;0;0,93;0;03:14;1,45;15:35;1,51;09:36;0,42;22:10;0,34
Ohope Wharf, New Zealand;Tauranga, New Zealand;177,1;-37,9833;0:0;-14;1,06;0;11;1,06;0;03:23;1,65;15:44;1,72;09:47;0,48;22:21;0,39
Okarito, New Zealand;Westport, New Zealand;170,1833;-43,2167;0:0;15;0,72;0;15;0,72;0;07:29;1,84;19:57;1,90;01:15;0,71;13:42;0,76
Okiwa Bay, New Zealand;Picton, New Zealand;173,9167;-41,2833;0:0;3;1;0;6;1;0;04:42;0,94;16:59;1,02;10:19;0,31;23:07;0,29
Okukari Bay, South Island, New Zealand (2);Picton, New Zealand;174,3167;-41,2;0:0;30;0,6;0;30;0,6;0;05:09;0,56;17:26;0,61;10:43;0,19;23:31;0,17
Old Tracadie Gully entrance, New Brunswick (2);Pictou, Nova Scotia;-64,8667;47,5167;0:0;385;1;-0,1;396;1;-0,1;12:01;1,32;23:58;1,56;17:42;0,84;;
Omaia Island, New Zealand;Whangarei, New Zealand;173,2667;-35;0:0;58;0,91;0;38;0,91;0;05:09;2,41;17:31;2,51;10:36;0,96;23:11;0,86
Omaia Island, New Zealand(2);Whangarei, New Zealand;173,2667;-35;0:0;58;0,91;0;38;0,91;0;05:09;2,41;17:31;2,51;10:36;0,96;23:11;0,86
Omaio Bay (Motunui Island), New Zealand;Tauranga, New Zealand;177,65;-37,7833;0:0;33;1;0;25;1;0;04:10;1,56;16:31;1,62;10:01;0,45;22:35;0,37
Onetaunga Bay, New Zealand;Auckland, New Zealand;174,7;-36,8167;0:0;-4;1,07;0;7;1,07;0;03:32;3,01;15:52;3,10;09:45;1,02;22:14;0,92
Opononi, New Zealand;Port Taranaki, New Zealand;173,4;-35,5;0:0;9;0,83;0;9;0,83;0;06:18;2,22;18:45;2,28;12:33;0,94;;
Opua, New Zealand;Whangarei, New Zealand;174,1167;-35,3167;0:0;-16;0,86;0;42;0,86;0;03:55;2,28;16:17;2,37;10:40;0,91;23:15;0,82
Opua, New Zealand(2);Whangarei, New Zealand;174,1167;-35,3167;0:0;-16;0,86;0;42;0,86;0;03:55;2,28;16:17;2,37;10:40;0,91;23:15;0,82
Opunake Bay, New Zealand;Port Taranaki, New Zealand;173,85;-39,4667;0:0;5;0,96;0;5;0,96;0;06:14;2,57;18:41;2,64;12:29;1,08;;
Otago Harbour Entrance, New Zealand;Dunedin, New Zealand;170,7333;-45,7833;0:0;-93;0,94;0;-99;0,94;0;23:01;1,79;11:22;1,77;05:35;0,35;18:04;0,28
Oteranga Bay, New Zealand;Wellington, New Zealand;174,6167;-41,3;0:0;67;0,6;0;73;0,6;0;02:21;0,95;14:44;0,95;08:44;0,38;21:02;0,39
Oteranga Bay, New Zealand(2);Wellington, New Zealand;174,6167;-41,3;0:0;67;0,6;0;73;0,6;0;02:21;0,95;14:44;0,95;08:44;0,38;21:02;0,39
Outer Wood Island, New Brunswick (2);Saint John, New Brunswick;-66,8;44,6;0:0;25;1;-0,7;27;1;0;07:58;6,48;20:26;6,25;01:45;1,73;14:18;1,67
Paratutae Island, New Zealand;Onehunga, New Zealand;174,5167;-37,05;0:0;31;0,79;0;20;0,79;0;07:22;2,55;19:49;2,63;00:57;0,98;13:20;1,06
Paspebiac, Québec (2);Pictou, Nova Scotia;-65,2333;48,0167;0:0;322;1;0;334;1;-0,1;10:58;1,42;22:55;1,66;16:40;0,84;;
Patea, New Zealand;Port Taranaki, New Zealand;174,4833;-39,7833;0:0;10;0,74;0;10;0,74;0;06:19;1,98;18:46;2,04;12:34;0,84;;
Paterson Inlet, New Zealand;Bluff, New Zealand;168,1167;-46,9;0:0;30;0,95;0;30;0,95;0;11:26;2,33;23:52;2,36;05:06;0,99;17:36;1,04
Paterson Inlet, New Zealand(2);Bluff, New Zealand;168,1167;-46,9;0:0;30;0,95;0;30;0,95;0;11:26;2,33;23:52;2,36;05:06;0,99;17:36;1,04
Payer Harbour, Cape Sabine, Ellesmere Island, Nunavut;Halifax, Nova Scotia;-74,4167;78,7167;0:0;216;1;0,1;210;1;0;07:14;1,71;19:52;1,54;13:59;0,46;02:00;0,57
Pelorus Sound Entrance, New Zealand;Nelson, New Zealand;173,9833;-40,9167;0:0;-60;0,65;0;-80;0,65;0;04:54;2,18;17:33;2,22;10:53;0,96;;
Pelorus Sound Entrance, New Zealand(2);Nelson, New Zealand;173,9833;-40,9167;0:0;-60;0,65;0;-80;0,65;0;04:54;2,18;17:33;2,22;10:53;0,96;;
Penny Strait, Nunavut;Harrington Harbour, Québec;-97;76,8667;0:0;173;0,38;0;183;0,37;0;09:58;0,60;22:02;0,54;03:30;0,27;16:27;0,31
Pikyulik Island, Payne River, Québec (2);Saint John, New Brunswick;-69,9167;60;0:0;-135;1;0,3;-114;1;0,3;05:18;7,48;17:46;7,25;23:24;2,03;11:57;1,97
Pistolet Bay, Newfoundland;Halifax, Nova Scotia;-55,7333;51,5;0:0;44;0,46;0;58;0,28;0;04:22;0,74;17:00;0,66;11:27;0,13;23:28;0,16
Pointe Saint-Pierre, Québec (2);Pictou, Nova Scotia;-64,1667;48,6333;0:0;299;0,67;0;311;0,51;0;10:35;0,95;22:32;1,11;16:17;0,48;;
Pointe des Monts, Québec;Harrington Harbour, Québec;-67,3667;49,3333;0:0;250;1;0,4;256;1;0;11:15;1,97;23:19;1,81;04:43;0,72;17:40;0,83
Porirua Harbour (Plimmerton), New Zealand;Port Taranaki, New Zealand;174,85;-41,0667;0:0;20;0,38;0;20;0,38;0;06:29;1,02;18:56;1,04;12:44;0,43;;
Port Aux Basques, Newfoundland (2);Harrington Harbour, Québec;-59,15;47,5833;0:0;-114;0,8;0;-118;0,75;0;05:11;1,26;17:15;1,13;22:29;0,54;11:26;0,62
Port Bowen, Prince Regent Inlet, Nunavut;Harrington Harbour, Québec;-88,9167;73,2333;0:0;121;1;0;126;1;0,1;09:06;1,57;21:10;1,41;02:33;0,82;15:30;0,93
Port Burwell, Labrador (2);Saint John, New Brunswick;-64,8667;60,4167;0:0;-193;1;-0,6;-193;1;0;04:20;6,58;16:48;6,35;22:05;1,73;10:38;1,67
Port Daniel, Québec (2);Pictou, Nova Scotia;-64,95;48,1667;0:0;327;1;0;342;1;0;11:03;1,42;23:00;1,66;16:48;0,94;;
Port De Boucherville, Nunavut (2);Saint John, New Brunswick;-77,4667;63,2;0:0;-67;1;-1,1;-62;1;-0,1;06:26;6,08;18:54;5,85;00:16;1,63;12:49;1,57
Port Foster, Deception Island, South Shetlands;Pictou, Nova Scotia;-60,5667;-62,9666;0:0;446;1;0;458;1;0;13:02;1,42;00:59;1,66;18:44;0,94;;
Port Foulke, Greenland;Harrington Harbour, Québec;-72,75;78,3;0:0;28;2,07;0;26;2,07;0;07:33;3,25;19:37;2,92;00:53;1,49;13:50;1,72
Port George, Nova Scotia;Saint John, New Brunswick;-65,1667;45,0167;0:0;6;1;0,6;6;1;0;07:39;7,78;20:07;7,55;01:24;1,73;13:57;1,67
Port Hastings, Strait of Canso, Nova Scotia (2);Halifax, Nova Scotia;-61,4;45,65;0:0;16;1;0;12;1;0;03:54;1,61;16:32;1,44;10:41;0,46;22:42;0,57
Port Hood, Nova Scotia (2);Pictou, Nova Scotia;-61,5333;46,0167;0:0;46;1;-0,1;45;1;0;06:22;1,32;18:19;1,56;11:51;0,94;;
Port Jackson, New Zealand;Auckland, New Zealand;175,3333;-36,4833;0:0;30;0,81;0;12;0,81;0;04:06;2,28;16:26;2,35;09:50;0,77;22:19;0,70
Port Kennedy, Bellot Strait, Nunavut;Harrington Harbour, Québec;-94,2;72,0167;0:0;155;1;0;164;1;0;09:40;1,57;21:44;1,41;03:11;0,72;16:08;0,83
Port Leopold, Prince Regent Inlet, Nunavut;Harrington Harbour, Québec;-90,25;73,8;0:0;110;1;0;105;1;0;08:55;1,57;20:59;1,41;02:12;0,72;15:09;0,83
Port Louis (Berkeley Sound), Falkland Islands;Pictou, Nova Scotia;-58,15;-51,55;0:0;470;1;0;467;1;-0,1;13:26;1,42;01:23;1,66;18:53;0,84;;
Port Manvers, Labrador;Halifax, Nova Scotia;-61,4167;56,95;0:0;-85;1;-0,2;-85;1;-0,1;02:13;1,41;14:51;1,24;09:04;0,36;21:05;0,47
Port Marnham, Labrador (2);Halifax, Nova Scotia;-55,7333;52,3833;0:0;-73;1;-0,2;-104;1;-0,1;02:25;1,41;15:03;1,24;08:45;0,36;20:46;0,47
Port Saunders, Newfoundland (2);Harrington Harbour, Québec;-57,3;50,65;0:0;23;1;0;27;1;0;07:28;1,57;19:32;1,41;00:54;0,72;13:51;0,83
Port Underwood, New Zealand;Lyttelton, New Zealand;174,1;-41,3333;0:0;106;0,7;0;106;0,7;0;02:40;1,51;15:05;1,50;08:52;0,48;21:21;0,43
Port Underwood, New Zealand(2);Lyttelton, New Zealand;174,1;-41,3333;0:0;106;0,7;0;106;0,7;0;02:40;1,51;15:05;1,50;08:52;0,48;21:21;0,43
Port Union, Newfoundland (2);Halifax, Nova Scotia;-53,0833;48,5;0:0;-83;0,49;0;-105;0,47;0;02:15;0,79;14:53;0,71;08:44;0,22;20:45;0,27
Port-au-Port, Newfoundland;Harrington Harbour, Québec;-58,75;48,55;0:0;25;1;-0,1;20;1;-0,1;07:30;1,47;19:34;1,31;00:47;0,62;13:44;0,73
Portage Island, Miramichi Bay, New Brunswick;Pictou, Nova Scotia;-65,05;47,15;0:0;-311;1;-0,1;-299;1;0;00:25;1,32;12:22;1,56;06:07;0,94;;
Portage, New Zealand;Nelson, New Zealand;174,0333;-41,2;0:0;40;0,77;0;-75;0,77;0;06:34;2,58;19:13;2,63;10:58;1,13;;
Portage, New Zealand(2);Nelson, New Zealand;174,0333;-41,2;0:0;40;0,77;0;-75;0,77;0;06:34;2,58;19:13;2,63;10:58;1,13;;
Portland Cove, Newfoundland;Harrington Harbour, Québec;-57,6;50,1833;0:0;11;1;0;11;1;0;07:16;1,57;19:20;1,41;00:38;0,72;13:35;0,83
Pouto Point, New Zealand;Port Taranaki, New Zealand;174,1833;-36,3667;0:0;39;0,9;0;35;0,9;0;06:48;2,41;19:15;2,48;12:59;1,02;;
Preservation Inlet, New Zealand;Westport, New Zealand;166,6833;-46,0667;0:0;90;0,72;0;90;0,72;0;08:44;1,84;21:12;1,90;02:30;0,71;14:57;0,76
Pugwash, Nova Scotia (2);Pictou, Nova Scotia;-63,6667;45,85;0:0;60;1;0,1;63;1;0;06:36;1,52;18:33;1,76;12:09;0,94;;
Quaco Bay, New Brunswick;Saint John, New Brunswick;-65,5333;45,3333;0:0;11;1;0,2;12;1;0;07:44;7,38;20:12;7,15;01:30;1,73;14:03;1,67
Raglan, New Zealand;Port Taranaki, New Zealand;174,8833;-37,8;0:0;26;0,9;0;26;0,9;0;06:35;2,41;19:02;2,48;12:50;1,02;;
Random Head Harbour, Trinity Bay, Newfoundland;Halifax, Nova Scotia;-53,5667;48,1;0:0;-83;0,47;0;-95;0,33;0;02:15;0,76;14:53;0,68;08:54;0,15;20:55;0,19
Raoul Island, New Zealand;Auckland, New Zealand;-176,0833;-29,25;0:0;33;0,44;0;25;0,44;0;04:09;1,24;16:29;1,28;10:03;0,42;22:32;0,38
Red Bay, Strait of Bell Isle, Labrador (2);Harrington Harbour, Québec;-56,4167;51,7167;0:0;-150;0,56;0;-145;0,56;0;04:35;0,88;16:39;0,79;22:02;0,40;10:59;0,46
Refuge Cove, Wellington Channel, Nunavut;Harrington Harbour, Québec;-92,1667;75,5167;0:0;143;1;0;158;1;0;09:28;1,57;21:32;1,41;03:05;0,72;16:02;0,83
Rensselaer Bugt, Greenland (2);Harrington Harbour, Québec;-70,8833;78,6167;0:0;65;2,07;-0,1;58;2,07;-0,1;08:10;3,15;20:14;2,82;01:25;1,39;14:22;1,62
Rigolet, Labrador (2);Halifax, Nova Scotia;-58,4167;54,1833;0:0;32;1;-0,1;47;1;-0,1;04:10;1,51;16:48;1,34;11:16;0,36;23:17;0,47
Riverport, La Have River, Nova Scotia;Halifax, Nova Scotia;-64,3333;44,2833;0:0;12;1;0;5;1;0;03:50;1,61;16:28;1,44;10:34;0,46;22:35;0,57
Rocky Point (Thames), New Zealand;Auckland, New Zealand;175,5167;-37,1;0:0;31;1,03;0;24;1,03;0;04:07;2,89;16:27;2,99;10:02;0,98;22:31;0,89
Royal Bay (Moltke Harbor), South Georgia;Pictou, Nova Scotia;-36,0167;-54,5166;0:0;598;0,36;0;619;0,12;0;15:34;0,51;03:31;0,60;21:25;0,11;;
Russell, New Zealand;Marsden Point, New Zealand;174,1167;-35,2667;0:0;35;0,95;0;50;0,95;0;04:24;2,16;16:40;2,27;10:39;0,84;23:13;0,71
Sable Island, north side, Nova Scotia;Halifax, Nova Scotia;-60,1;43,95;0:0;6;1;-0,2;12;1;0;03:44;1,41;16:22;1,24;10:41;0,46;22:42;0,57
Sable Island, south side, Nova Scotia;Halifax, Nova Scotia;-59,9;43,9333;0:0;2;1;-0,2;6;1;-0,1;03:40;1,41;16:18;1,24;10:35;0,36;22:36;0,47
Schooner Harbour, Baffin Island, Nunavut (2);Saint John, New Brunswick;-77,8667;64,4;0:0;11;1;-0,6;16;1;0;07:44;6,58;20:12;6,35;01:34;1,73;14:07;1,67
Scotia Bay, Laurie Island, South Orkneys;Pictou, Nova Scotia;-44,65;-60,7333;0:0;441;1;0;452;1;0;12:57;1,42;00:54;1,66;18:38;0,94;;
Seal Cove, Grand Manan Island, New Brunswick (2);Saint John, New Brunswick;-66,85;44,6167;0:0;15;0,68;0;17;0,64;0;07:48;4,88;20:16;4,73;01:35;1,11;14:08;1,07
Sealers Bay, New Zealand;Westport, New Zealand;166,55;-46,05;0:0;46;0,72;0;52;0,72;0;08:00;1,84;20:28;1,90;01:52;0,71;14:19;0,76
Sept-Îles, Québec (2);Harrington Harbour, Québec;-66,4;50,2167;0:0;234;1;0,2;238;1;0;10:59;1,77;23:03;1,61;04:25;0,72;17:22;0,83
Sheet Harbour, Nova Scotia (2);Halifax, Nova Scotia;-62,5;44,9;0:0;8;1;-0,1;4;1;0;03:46;1,51;16:24;1,34;10:33;0,46;22:34;0,57
Sheigis Beacon, New Zealand;Whangarei, New Zealand;173,3;-34,9;0:0;28;0,78;0;8;0,78;0;04:39;2,07;17:01;2,15;10:06;0,83;22:41;0,74
Sheigis Beacon, New Zealand(2);Whangarei, New Zealand;173,3;-34,9;0:0;28;0,78;0;8;0,78;0;04:39;2,07;17:01;2,15;10:06;0,83;22:41;0,74
Shelburne, Nova Scotia (2);Halifax, Nova Scotia;-65,3;43,75;0:0;30;1;0;35;1;0;04:08;1,61;16:46;1,44;11:04;0,46;23:05;0,57
Shelly Beach, New Zealand;Port Taranaki, New Zealand;174,3833;-36,5667;0:0;115;1,12;0;120;1,12;0;08:04;3,00;20:31;3,08;14:24;1,27;;
Ship Cove, Bay d'Espoir, Newfoundland;Argentia, Newfoundland;-55,8333;47,8667;0:0;45;1;0;53;1;0;04:55;1,86;17:19;1,73;11:25;0,83;23:12;0,88
Ship Harbour, Nova Scotia;Halifax, Nova Scotia;-62,8167;44,7833;0:0;7;1;0;4;1;0;03:45;1,61;16:23;1,44;10:33;0,46;22:34;0,57
Slipper Island, New Zealand;Tauranga, New Zealand;175,95;-37,05;0:0;38;1;0;10;1;0;04:15;1,56;16:36;1,62;09:46;0,45;22:20;0,37
Small Craft Harbour, New Zealand;Westport, New Zealand;166,6667;-45,9667;0:0;65;0,72;0;58;0,72;0;08:19;1,84;20:47;1,90;01:58;0,71;14:25;0,76
Sonora, St. Mary River, Nova Scotia (2);Halifax, Nova Scotia;-61,9167;45,05;0:0;-2;1;0;9;1;0;03:36;1,61;16:14;1,44;10:38;0,46;22:39;0,57
Sop's Island, White Bay, Newfoundland (2);Halifax, Nova Scotia;-56,7667;49,8333;0:0;-79;0,46;0;-114;0,28;0;02:19;0,74;14:57;0,66;08:35;0,13;20:36;0,16
Sorry Harbor, Resolution Island, Nunavut;Saint John, New Brunswick;-64,7333;61,6167;0:0;-270;1;-0,8;-270;1;0;03:03;6,38;15:31;6,15;20:48;1,73;09:21;1,67
Souris Head, Prince Edward Island;Pictou, Nova Scotia;-62,2833;46,3333;0:0;-83;1;0;-85;1;0;04:13;1,42;16:10;1,66;09:41;0,94;;
Southwest Point, Québec (2);Harrington Harbour, Québec;-63,6;49,4;0:0;201;1;0;206;1;0;10:26;1,57;22:30;1,41;03:53;0,72;16:50;0,83
Spencer Island, Nova Scotia (2);Saint John, New Brunswick;-64,7;45,3333;0:0;17;1,47;0;21;1,5;0;07:50;10,55;20:18;10,22;01:39;2,59;14:12;2,50
Spicer Cove, Chignecto Bay, Nova Scotia;Saint John, New Brunswick;-64,9;45,4333;0:0;12;1;0,7;16;1;0;07:45;7,88;20:13;7,65;01:34;1,73;14:07;1,67
Square Island Harbour, Labrador;Halifax, Nova Scotia;-55,8167;52,7333;0:0;-64;1;-0,2;-95;1;-0,1;02:34;1,41;15:12;1,24;08:54;0,36;20:55;0,47
St. Andrews, Passamaquoddy Bay, New Brunswick (2);Saint John, New Brunswick;-67,05;45,0667;0:0;14;1;-0,2;20;1;0;07:47;6,98;20:15;6,75;01:38;1,73;14:11;1,67
St. Anns Harbour, Nova Scotia;Pictou, Nova Scotia;-60,5667;46,25;0:0;-97;1;-0,1;-100;1;-0,1;03:59;1,32;15:56;1,56;09:26;0,84;;
St. Barbe Bay, Newfoundland (2);Harrington Harbour, Québec;-56,7667;51,2;0:0;30;0,77;0;30;0,56;0;07:35;1,21;19:39;1,09;00:57;0,40;13:54;0,46
St. Georges Harbour, Newfoundland;Harrington Harbour, Québec;-58,5;48,45;0:0;58;0,77;0;-68;0,87;0;08:03;1,21;20:07;1,09;23:19;0,63;12:16;0,72
St. John's, Newfoundland (2);Halifax, Nova Scotia;-52,7;47,5667;0:0;-64;0,51;0;-76;0,37;0;02:34;0,82;15:12;0,73;09:13;0,17;21:14;0,21
St. Margarets Bay, Nova Scotia;Halifax, Nova Scotia;-63,9333;44,5167;0:0;8;1;0;7;1;0;03:46;1,61;16:24;1,44;10:36;0,46;22:37;0,57
St. Mary Harbour, St. Mary Bay, Newfoundland (2);Argentia, Newfoundland;-53,5833;46,9167;0:0;14;1;-0,1;6;1;0;04:24;1,76;16:48;1,63;10:38;0,83;22:25;0,88
St. Paul Island, Gulf of St. Lawrence, Nova Scotia (2);Pictou, Nova Scotia;-60,15;47,2;0:0;-85;0,63;0;-82;0,56;0;04:11;0,89;16:08;1,05;09:44;0,53;;
St. Peter Bay, Nova Scotia;Halifax, Nova Scotia;-60,8667;45,6333;0:0;12;1;0;7;1;0;03:50;1,61;16:28;1,44;10:36;0,46;22:37;0,57
St. Peters Bay, Prince Edward Island (2);Pictou, Nova Scotia;-62,7333;46,4333;0:0;-232;1;-0,3;-217;1;-0,1;01:44;1,12;13:41;1,36;07:29;0,84;;
St. Pierre Harbor, St. Pierre Island, Newfoundland;Argentia, Newfoundland;-56,1667;46,7833;0:0;21;1;0;43;1;0;04:31;1,86;16:55;1,73;11:15;0,83;23:02;0,88
Stanley Harbor, Falkland Islands;Pictou, Nova Scotia;-57,85;-51,7;0:0;471;1;-0,1;468;1;-0,1;13:27;1,32;01:24;1,56;18:54;0,84;;
Ste-Anne-Des-Monts, Québec (2);Harrington Harbour, Québec;-66,4833;49,1333;0:0;257;1;0,3;259;1;0;11:22;1,87;23:26;1,71;04:46;0,72;17:43;0,83
Stephens Island, New Zealand;Nelson, New Zealand;174;-40,6667;0:0;30;0,62;0;30;0,62;0;06:24;2,08;19:03;2,12;12:43;0,91;;
Stephens Island, New Zealand(2);Nelson, New Zealand;174;-40,6667;0:0;30;0,62;0;30;0,62;0;06:24;2,08;19:03;2,12;12:43;0,91;;
Stupart Bay, Québec (2);Saint John, New Brunswick;-71,5333;61,5833;0:0;-190;1;0;-197;1;0,2;04:23;7,18;16:51;6,95;22:01;1,93;10:34;1,87
Summerside Harbour, Prince Edward Island;Pictou, Nova Scotia;-63,7833;46,4;0:0;57;1;0;79;1;0;06:33;1,42;18:30;1,66;12:25;0,94;;
Swim Point, Nova Scotia (2);Halifax, Nova Scotia;-65,6333;43,4333;0:0;101;1;0,2;63;1;0;05:19;1,81;17:57;1,64;11:32;0,46;23:33;0,57
Tairua, New Zealand;Tauranga, New Zealand;175,85;-37;0:0;10;0,93;0;10;0,93;0;03:47;1,45;16:08;1,51;09:46;0,42;22:20;0,34
Tarakohe, New Zealand;Nelson, New Zealand;172,9;-40,8167;0:0;57;1;0;-75;1;0;06:51;3,35;19:30;3,42;10:58;1,47;;
Tarakohe, New Zealand(2);Nelson, New Zealand;172,9;-40,8167;0:0;57;1;0;-75;1;0;06:51;3,35;19:30;3,42;10:58;1,47;;
Te Hapua, New Zealand;Whangarei, New Zealand;173;-34,5333;0:0;10;0,91;0;10;0,91;0;04:21;2,41;16:43;2,51;10:08;0,96;22:43;0,86
Te Hapua, New Zealand(2);Whangarei, New Zealand;173;-34,5333;0:0;10;0,91;0;10;0,91;0;04:21;2,41;16:43;2,51;10:08;0,96;22:43;0,86
Te Iro Bay, South Island, New Zealand (2);Picton, New Zealand;174,1833;-41,2333;0:0;19;0,86;0;10;0,86;0;04:58;0,81;17:15;0,88;10:23;0,27;23:11;0,25
Thank God Harbour, Polaris Bugt, Greenland (2);Harrington Harbour, Québec;-61,6667;81,6;0:0;34;1;0;31;1;0;07:39;1,57;19:43;1,41;00:58;0,72;13:55;0,83
The Ledge, St. Croix River, New Brunswick;Saint John, New Brunswick;-67,2;45,1667;0:0;17;1;0;30;1;0;07:50;7,18;20:18;6,95;01:48;1,73;14:21;1,67
Three Kings Islands (North West Bay), New Zealand;Port Taranaki, New Zealand;172,15;-34,15;0:0;-100;0,96;0;-100;0,96;0;04:29;2,57;16:56;2,64;10:44;1,08;;
Ticoralak Island, Labrador;Halifax, Nova Scotia;-58,2;54,2833;0:0;-65;1;0;-85;1;0;02:33;1,61;15:11;1,44;09:04;0,46;21:05;0,57
Tidnish Head, New Brunswick (2);Pictou, Nova Scotia;-64,0167;46,0167;0:0;33;1;0,1;54;1;0;06:09;1,52;18:06;1,76;12:00;0,94;;
Tignish, Prince Edward Island (2);Pictou, Nova Scotia;-64;46,9667;0:0;-299;1;-0,2;-327;1;0;00:37;1,22;12:34;1,46;05:39;0,94;;
Tikinui, New Zealand;Port Taranaki, New Zealand;173,9667;-36,1167;0:0;104;1,06;0;130;1,06;0;07:53;2,84;20:20;2,92;14:34;1,20;;
Tinopai, New Zealand;Port Taranaki, New Zealand;174,25;-36,25;0:0;58;1,06;0;59;1,06;0;07:07;2,84;19:34;2,92;13:23;1,20;;
Tiritiri Matangi Island, New Zealand;Auckland, New Zealand;174,8833;-36,6;0:0;-15;0,88;0;3;0,88;0;03:21;2,47;15:41;2,55;09:41;0,84;22:10;0,76
Tiverton (Boar's Head), St. Mary Bay, Nova Scotia (3);Saint John, New Brunswick;-66,2167;44,4;0:0;38;1;-0,5;30;1;0;08:11;6,68;20:39;6,45;01:48;1,73;14:21;1,67
Tolaga Bay (Cooks Cove), New Zealand;Tauranga, New Zealand;178,3333;-38,3833;0:0;-64;0,87;0;-70;0,87;0;02:33;1,36;14:54;1,41;08:26;0,39;21:00;0,32
Tracadie, New Brunswick;Pictou, Nova Scotia;-64,9167;47,5167;0:0;415;0,55;0;426;0,34;0;12:31;0,78;00:28;0,91;18:12;0,32;;
Trepassey Harbour, Newfoundland (2);Argentia, Newfoundland;-53,3833;46,7167;0:0;19;1;-0,1;11;1;0;04:29;1,76;16:53;1,63;10:43;0,83;22:30;0,88
Tryphena, New Zealand;Auckland, New Zealand;175,4833;-36,3167;0:0;8;0,66;0;8;0,66;0;03:44;1,85;16:04;1,91;09:46;0,63;22:15;0,57
Tutukaka Harbour, New Zealand;Whangarei, New Zealand;174,5333;-35,6167;0:0;40;0,86;0;40;0,86;0;04:51;2,28;17:13;2,37;10:38;0,91;23:13;0,82
Tutukaka Harbour, New Zealand(2);Whangarei, New Zealand;174,5333;-35,6167;0:0;40;0,86;0;40;0,86;0;04:51;2,28;17:13;2,37;10:38;0,91;23:13;0,82
Valleyfield, Newfoundland (2);Halifax, Nova Scotia;-53,6167;49,1667;0:0;-76;0,44;0;-103;0,33;0;02:22;0,71;15:00;0,63;08:46;0,15;20:47;0,19
Waiiti Bay, New Zealand;Marsden Point, New Zealand;173,9333;-35,0167;0:0;13;0,8;0;9;0,8;0;04:02;1,82;16:18;1,91;09:58;0,70;22:32;0,60
Waikato River Entrance, New Zealand;Port Taranaki, New Zealand;174,75;-37,4;0:0;4;1,03;0;4;1,03;0;06:13;2,76;18:40;2,83;12:28;1,16;;
Waikokopu, New Zealand;Napier, New Zealand;177,8333;-39,0667;0:0;5;1;0;5;1;0;01:59;1,51;14:19;1,53;08:09;0,34;20:36;0,31
Waikokopu, New Zealand(2);Napier, New Zealand;177,8333;-39,0667;0:0;5;1;0;5;1;0;01:59;1,51;14:19;1,53;08:09;0,34;20:36;0,31
Waipapa Point, New Zealand;Bluff, New Zealand;168,85;-46,65;0:0;17;1;0;16;1;0;11:13;2,45;23:39;2,48;04:52;1,04;17:22;1,09
Waipapa Point, New Zealand(2);Bluff, New Zealand;168,85;-46,65;0:0;17;1;0;16;1;0;11:13;2,45;23:39;2,48;04:52;1,04;17:22;1,09
Waipiro Bay, New Zealand;Tauranga, New Zealand;178,3333;-38,0333;0:0;52;0,93;0;58;0,93;0;04:29;1,45;16:50;1,51;10:34;0,42;23:08;0,34
Wairoa River, New Zealand;Napier, New Zealand;177,4333;-39,05;0:0;0;1;0;0;1;0;01:54;1,51;14:14;1,53;08:04;0,34;20:31;0,31
Wairoa River, New Zealand(2);Napier, New Zealand;177,4333;-39,05;0:0;0;1;0;0;1;0;01:54;1,51;14:14;1,53;08:04;0,34;20:31;0,31
Waitangi, New Zealand;Marsden Point, New Zealand;174,0833;-35,2667;0:0;22;0,9;0;22;0,9;0;04:11;2,04;16:27;2,15;10:11;0,79;22:45;0,68
Waitara River Entrance, New Zealand;Port Taranaki, New Zealand;174,2333;-38,9833;0:0;0;1;0;0;1;0;06:09;2,68;18:36;2,75;12:24;1,13;;
Wakatahuri, New Zealand;Nelson, New Zealand;174,05;-41,0167;0:0;-60;0,6;0;-60;0,6;0;04:54;2,01;17:33;2,05;11:13;0,88;;
Wakatahuri, New Zealand(2);Nelson, New Zealand;174,05;-41,0167;0:0;-60;0,6;0;-60;0,6;0;04:54;2,01;17:33;2,05;11:13;0,88;;
Wakeham Bay, Québec (2);Saint John, New Brunswick;-71,95;61,7167;0:0;-172;1;0;-175;1;0,2;04:41;7,18;17:09;6,95;22:23;1,93;10:56;1,87
Wapitagun Harbour, Québec;Harrington Harbour, Québec;-60,0167;50,2;0:0;15;1;0;15;1;0;07:20;1,57;19:24;1,41;00:42;0,72;13:39;0,83
Webeck Harbour, Labrador;Halifax, Nova Scotia;-58,0333;54,9;0:0;-97;1;-0,1;-128;1;0;02:01;1,51;14:39;1,34;08:21;0,46;20:22;0,57
Weiti River, New Zealand;Auckland, New Zealand;174,7333;-36,65;0:0;-3;0,81;0;7;0,81;0;03:33;2,28;15:53;2,35;09:45;0,77;22:14;0,70
Welshpool, Campobello Island, New Brunswick (2);Saint John, New Brunswick;-66,95;44,8833;0:0;-1;1;-0,3;6;1;-0,1;07:32;6,88;20:00;6,65;01:24;1,63;13:57;1,57
Westport, St. Mary Bay, Nova Scotia (2);Saint John, New Brunswick;-66,35;44,2667;0:0;35;0,72;0;30;0,72;0;08:08;5,17;20:36;5,00;01:48;1,25;14:21;1,20
Weymouth, St. Mary Bay, Nova Scotia;Saint John, New Brunswick;-66,0167;44,45;0:0;26;1;-0,6;22;1;0;07:59;6,58;20:27;6,35;01:40;1,73;14:13;1,67
Whakapirau, New Zealand;Port Taranaki, New Zealand;174,25;-36,15;0:0;85;1,16;0;67;1,16;0;07:34;3,11;20:01;3,19;13:31;1,31;;
Whakatane, New Zealand;Tauranga, New Zealand;177;-37,95;0:0;40;1;0;20;1;0;04:17;1,56;16:38;1,62;09:56;0,45;22:30;0,37
Whangamumu Harbour, New Zealand;Whangarei, New Zealand;174,3;-35,25;0:0;-8;0,78;0;33;0,78;0;04:03;2,07;16:25;2,15;10:31;0,83;23:06;0,74
Whangamumu Harbour, New Zealand(2);Whangarei, New Zealand;174,3;-35,25;0:0;-8;0,78;0;33;0,78;0;04:03;2,07;16:25;2,15;10:31;0,83;23:06;0,74
Whanganui Inlet, New Zealand;Westport, New Zealand;172,5833;-40,5833;0:0;-65;1;0;-65;1;0;06:09;2,56;18:37;2,64;23:55;0,99;12:22;1,05
Whanganui River Entrance, New Zealand;Port Taranaki, New Zealand;174,9833;-39,95;0:0;35;0,67;0;35;0,67;0;06:44;1,80;19:11;1,84;12:59;0,76;;
Whangaroa, New Zealand;Marsden Point, New Zealand;173,75;-35,0167;0:0;32;0,95;0;28;0,95;0;04:21;2,16;16:37;2,27;10:17;0,84;22:51;0,71
Whangaruru Harbour, New Zealand;Whangarei, New Zealand;174,35;-35,3667;0:0;-12;0,82;0;23;0,82;0;03:59;2,17;16:21;2,26;10:21;0,87;22:56;0,78
Whangaruru Harbour, New Zealand(2);Whangarei, New Zealand;174,35;-35,3667;0:0;-12;0,82;0;23;0,82;0;03:59;2,17;16:21;2,26;10:21;0,87;22:56;0,78
Whitehaven Harbour, Nova Scotia;Halifax, Nova Scotia;-61,2;45,2333;0:0;10;1;-0,1;2;1;0;03:48;1,51;16:26;1,34;10:31;0,46;22:32;0,57
Whitianga, New Zealand;Tauranga, New Zealand;175,7;-36,8333;0:0;-2;1;0;2;1;0;03:35;1,56;15:56;1,62;09:38;0,45;22:12;0,37
Wild Cove, Newfoundland;Halifax, Nova Scotia;-56,1667;50,7;0:0;-79;1;-0,2;-91;1;-0,1;02:19;1,41;14:57;1,24;08:58;0,36;20:59;0,47
Williams Harbour, Labrador;Saint John, New Brunswick;-64,3167;60;0:0;-217;0,31;0;-237;0,3;0;03:56;2,23;16:24;2,15;21:21;0,52;09:54;0,50
Wilson's Beach, Campobello Island, New Brunswick (2);Saint John, New Brunswick;-66,9333;44,9333;0:0;0;1;-0,3;1;1;0;07:33;6,88;20:01;6,65;01:19;1,73;13:52;1,67
Winter Island, Foxe Basin, Nunavut;Saint John, New Brunswick;-83,1667;66,1833;0:0;122;1;-1,2;130;1;0;09:35;5,98;22:03;5,75;03:28;1,73;16:01;1,67
Woody Island, Newfoundland (2);Argentia, Newfoundland;-54,1667;47,7833;0:0;9;1;0;9;1;0;04:19;1,86;16:43;1,73;10:41;0,83;22:28;0,88
Yarmouth, Nova Scotia (2);Saint John, New Brunswick;-66,1333;43,8;0:0;-67;0,52;0;-75;0,41;0;06:26;3,73;18:54;3,61;00:03;0,71;12:36;0,68
Île Haute, Nova Scotia (2);Saint John, New Brunswick;-65;45,25;0:0;2;1;0,7;2;1;0;07:35;7,88;20:03;7,65;01:20;1,73;13:53;1,67
Fecamp;Dover, England - READ flaterco.com/pol.html;0,3667;49,7667;1:0;15;1;4;-27;1;1,5;06:44;9,60;19:23;9,46;00:43;3,79;13:17;3,52
St. Valery-en-Caux;Dover, England - READ flaterco.com/pol.html;0,7;49,8667;1:0;22;1;6,5;1;1;1,2;06:51;12,10;19:30;11,96;01:11;3,49;13:45;3,22
Dieppe;Dover, England - READ flaterco.com/pol.html;1,0833;49,9333;1:0;39;1;7,3;11;1;1;07:08;12,90;19:47;12,76;01:21;3,29;13:55;3,02
Le Treport;Dover, England - READ flaterco.com/pol.html;1,3667;50,0667;1:0;41;1;10,2;19;1;3,2;07:10;15,80;19:49;15,66;01:29;5,49;14:03;5,22
Le Hourdel, Somme Rvr;Dover, England - READ flaterco.com/pol.html;1,5667;50,2167;1:0;63;1;9,4;1111;1;111,1;07:32;15,00;20:11;14,86;19:41;113,39;08:15;113,12
Le Touquet;Dover, England - READ flaterco.com/pol.html;1,5833;50,5167;1:0;51;1;6,7;1111;1;1,8;07:20;12,30;19:59;12,16;19:41;4,09;08:15;3,82
Boulogne;Dover, England - READ flaterco.com/pol.html;1,5833;50,7333;1:0;58;1;6,8;53;1;1,4;07:27;12,40;20:06;12,26;02:03;3,69;14:37;3,42
Calais;Dover, England - READ flaterco.com/pol.html;1,85;50,9667;1:0;80;1;0,9;65;1;-0,3;07:49;6,50;20:28;6,36;02:15;1,99;14:49;1,72
Gravelines;Dover, England - READ flaterco.com/pol.html;2,1;51,0167;1:0;98;1;-1,8;84;1;-0,9;08:07;3,80;20:46;3,66;02:34;1,39;15:08;1,12
Dunkerque;Dover, England - READ flaterco.com/pol.html;2,3667;51,05;1:0;108;1;-2,6;84;1;-1,1;08:17;3,00;20:56;2,86;02:34;1,19;15:08;0,92
Duncansby Head;Leith, Scotland - READ flaterco.com/pol.html;-3,05;58,65;0:0;-275;0,54;0;-263;1;111,1;05:45;2,42;18:13;2,50;23:40;112,88;11:41;113,35
Wick;Leith, Scotland - READ flaterco.com/pol.html;-3,0833;58,4333;0:0;-203;0,6;0;-198;0,67;0;06:57;2,69;19:25;2,78;00:45;1,19;12:46;1,51
Golspie;Leith, Scotland - READ flaterco.com/pol.html;-3,9833;57,9667;0:0;-187;0,71;0;-165;0,72;0;07:13;3,19;19:41;3,29;01:18;1,28;13:19;1,62
Portmahomack;Leith, Scotland - READ flaterco.com/pol.html;-3,8333;57,8333;0:0;-180;0,69;0;-148;0,65;0;07:20;3,10;19:48;3,19;01:35;1,16;13:36;1,46
Invergordon;Leith, Scotland - READ flaterco.com/pol.html;-4,1667;57,6833;0:0;-160;0,75;0;-83;0,65;0;07:40;3,37;20:08;3,47;02:40;1,16;14:41;1,46
Inverness;Leith, Scotland - READ flaterco.com/pol.html;-4,25;57,5;0:0;-155;1;-2,5;-155;1;-0,8;07:45;1,99;20:13;2,13;01:28;0,98;13:29;1,45
Lossiemouth;Leith, Scotland - READ flaterco.com/pol.html;-3,3;57,7167;0:0;-177;0,65;0;-151;0,48;0;07:23;2,92;19:51;3,01;01:32;0,85;13:33;1,08
Banff;Leith, Scotland - READ flaterco.com/pol.html;-2,5167;57,6667;0:0;-160;0,67;-1,7;-143;0,67;-1,7;07:40;1,31;20:08;1,40;01:40;-0,51;13:41;-0,19
Peterhead;Leith, Scotland - READ flaterco.com/pol.html;-1,7667;57,5;0:0;-115;0,69;0;-101;0,7;0;08:25;3,10;20:53;3,19;02:22;1,25;14:23;1,57
Aberdeen;Leith, Scotland - READ flaterco.com/pol.html;-2,0833;57,15;0:0;-115;1;-4;-63;1;-1;08:25;0,49;20:53;0,63;03:00;0,78;15:01;1,25
Stonehaven;Leith, Scotland - READ flaterco.com/pol.html;-2,2;56,9667;0:0;-65;1;-3,2;-52;1;-0,9;09:15;1,29;21:43;1,43;03:11;0,88;15:12;1,35
Montrose;Leith, Scotland - READ flaterco.com/pol.html;-2,45;56,7;0:0;-15;1;-2,2;-28;1;-0,5;10:05;2,29;22:33;2,43;03:35;1,28;15:36;1,75
Arbroath;Leith, Scotland - READ flaterco.com/pol.html;-2,5833;56,55;0:0;-29;1;-1,7;-19;1;-0,7;09:51;2,79;22:19;2,93;03:44;1,08;15:45;1,55
Tay River Bay;Leith, Scotland - READ flaterco.com/pol.html;-2,6333;56,45;0:0;-17;1;-1,1;2;1;-0,5;10:03;3,39;22:31;3,53;04:05;1,28;16:06;1,75
Dundee, Tay Rvr;Leith, Scotland - READ flaterco.com/pol.html;-2,9667;56,45;0:0;15;1;-0,9;35;1;-0,5;10:35;3,59;23:03;3,73;04:38;1,28;16:39;1,75
Anstruther Easter;Leith, Scotland - READ flaterco.com/pol.html;-2,7;56,2167;0:0;-22;1;-0,3;-20;1;-0,3;09:58;4,19;22:26;4,33;03:43;1,48;15:44;1,95
Burntisland, Firth of Forth;Leith, Scotland - READ flaterco.com/pol.html;-3,2333;56,05;0:0;0;1;0;-3;1;0;10:20;4,49;22:48;4,63;04:00;1,78;16:01;2,25
Rosyth, Forth Rvr;Leith, Scotland - READ flaterco.com/pol.html;-3,45;56,0167;0:0;9;1;0,7;-3;1;0,2;10:29;5,19;22:57;5,33;04:00;1,98;16:01;2,45
Grangemouth, Forth Rvr;Leith, Scotland - READ flaterco.com/pol.html;-3,65;56,0333;0:0;27;1;0,2;-37;1;-0,8;10:47;4,69;23:15;4,83;03:26;0,98;15:27;1,45
Fidra Island;Leith, Scotland - READ flaterco.com/pol.html;-2,7833;56,0667;0:0;-5;1;-0,8;-10;1;-0,3;10:15;3,69;22:43;3,83;03:53;1,48;15:54;1,95
Dunbar;Leith, Scotland - READ flaterco.com/pol.html;-2,5167;56;0:0;-8;1;-1;14;1;-0,3;10:12;3,49;22:40;3,63;04:17;1,48;16:18;1,95
Eyemouth;Leith, Scotland - READ flaterco.com/pol.html;-2,0833;55,8667;0:0;-20;1;111,1;-9;1;111,1;10:00;115,59;22:28;115,73;03:54;112,88;15:55;113,35
Berwick-upon-Tweed;Leith, Scotland - READ flaterco.com/pol.html;-2;55,7833;0:0;2;1;-2,7;16;1;-1,6;10:22;1,79;22:50;1,93;04:19;0,18;16:20;0,65
Blyth;Leith, Scotland - READ flaterco.com/pol.html;-1,4833;55,1167;0:0;54;1;-2;89;1;-0,7;11:14;2,49;23:42;2,63;05:32;1,08;17:33;1,55
Tyne River Entr;Leith, Scotland - READ flaterco.com/pol.html;-1,4;55,0167;0:0;60;1;-1,8;80;1;-0,5;11:20;2,69;23:48;2,83;05:23;1,28;17:24;1,75
Newcastle-on-Tyne;Leith, Scotland - READ flaterco.com/pol.html;-1,6;54,9667;0:0;58;1;-1,1;93;1;-0,6;11:18;3,39;23:46;3,53;05:36;1,18;17:37;1,65
Sunderland, Durham;Leith, Scotland - READ flaterco.com/pol.html;-1,35;54,9167;0:0;55;1;-1,1;85;1;-0,2;11:15;3,39;23:43;3,53;05:28;1,58;17:29;2,05
Seaham;Leith, Scotland - READ flaterco.com/pol.html;-1,3167;54,8333;0:0;57;1;-1,4;86;1;-0,4;11:17;3,09;23:45;3,23;05:29;1,38;17:30;1,85
Hartlepool;Leith, Scotland - READ flaterco.com/pol.html;-1,1833;54,6833;0:0;62;1;-1,7;94;1;-0,6;11:22;2,79;23:50;2,93;05:37;1,18;17:38;1,65
River Tees Entr;Leith, Scotland - READ flaterco.com/pol.html;-1,15;54,6333;0:0;72;1;-0,5;101;1;0;11:32;3,99;00:00;4,13;05:44;1,78;17:45;2,25
Whitby;Leith, Scotland - READ flaterco.com/pol.html;-0,6167;54,4833;0:0;86;1;-0,7;112;1;-0,1;11:46;3,79;00:14;3,93;05:55;1,68;17:56;2,15
Scarborough;Leith, Scotland - READ flaterco.com/pol.html;-0,3833;54,2833;0:0;112;1;0,3;131;1;0,6;12:12;4,79;00:40;4,93;06:14;2,38;18:15;2,85
Bridlington;Immingham, England - READ flaterco.com/pol.html;-0,1833;54,0833;0:0;-74;1;-6;67771;1;-2,7;23:45;-0,10;12:42;-0,26;09:04;-0,43;21:16;0,20
Humber River: Spurn Head;Immingham, England - READ flaterco.com/pol.html;0,1167;53,5833;0:0;-15;1;-1,3;-25;1;0,1;00:44;4,60;13:41;4,44;07:08;2,37;19:20;3,00
Humber River: Grimsby;Immingham, England - READ flaterco.com/pol.html;-0,0667;53,5833;0:0;-7;1;-0,7;-8;1;0,3;00:52;5,20;13:49;5,04;07:25;2,57;19:37;3,20
Humber River: Hull;Immingham, England - READ flaterco.com/pol.html;-0,25;53,7333;0:0;20;1;0,1;12;1;-0,4;01:19;6,00;14:16;5,84;07:45;1,87;19:57;2,50
Humber River: Goole;Immingham, England - READ flaterco.com/pol.html;-0,8667;53,7;0:0;92;1;-6,4;230;1;-3,8;02:31;-0,50;15:28;-0,66;11:23;-1,53;23:35;-0,90
Skegness;Immingham, England - READ flaterco.com/pol.html;0,35;53,15;0:0;16;1;-0,9;24;1;-0,2;01:15;5,00;14:12;4,84;07:57;2,07;20:09;2,70
Boston;Immingham, England - READ flaterco.com/pol.html;-0,0167;52,9667;0:0;34;1;2;109;1;2,6;01:33;7,90;14:30;7,74;09:22;4,87;21:34;5,50
Wells Bar;Immingham, England - READ flaterco.com/pol.html;0,8167;52,9833;0:0;22;1;111,1;22;1;111,1;01:21;117,00;14:18;116,84;07:55;113,37;20:07;114,00
Cromer;Immingham, England - READ flaterco.com/pol.html;1,3;52,9333;0:0;56;0,73;0;64;0,7;0;01:55;4,31;14:52;4,19;08:37;1,59;20:49;2,03
Gorleston, Great Yarmouth;Sheerness, England - READ flaterco.com/pol.html;1,7333;52,5667;0:0;-229;0,38;0;-228;0,45;0;03:55;1,78;16:47;1,85;21:17;0,83;10:19;0,60
Lowestoft;Sheerness, England - READ flaterco.com/pol.html;1,75;52,4667;0:0;-194;0,38;0;-198;0,45;0;04:30;1,78;17:22;1,85;21:47;0,83;10:49;0,60
Orford Ness;Sheerness, England - READ flaterco.com/pol.html;1,5833;52,0833;0:0;-99;0,52;0;-108;0,64;0;06:05;2,44;18:57;2,53;23:17;1,18;12:19;0,85
Harwich, Stour Rvr;Sheerness, England - READ flaterco.com/pol.html;1,2833;51,95;0:0;-56;0,71;0;-71;0,73;0;06:48;3,33;19:40;3,45;23:54;1,34;12:56;0,97
Brightlingsea, Colne Rvr;Sheerness, England - READ flaterco.com/pol.html;1;51,8;0:0;-35;0,79;0;-25;0,45;0;07:09;3,71;20:01;3,84;00:40;0,83;13:42;0,60
Osea Island, Blackwater Rvr;Sheerness, England - READ flaterco.com/pol.html;0,7667;51,7167;0:0;-5;1;-1,3;-16;1;-0,7;07:39;3,39;20:31;3,56;00:49;1,14;13:51;0,63
Southend Pier, Thames Rvr;Sheerness, England - READ flaterco.com/pol.html;0,75;51,5167;0:0;-10;1;-0,5;-2;1;-0,7;07:34;4,19;20:26;4,36;01:03;1,14;14:05;0,63
Chatham, Medway Rvr;Sheerness, England - READ flaterco.com/pol.html;0,5333;51,45;0:0;7;1;-0,3;11;1;-1,6;07:51;4,39;20:43;4,56;01:16;0,24;14:18;-0,27
Tilbury Dock, Thames Rvr;Sheerness, England - READ flaterco.com/pol.html;0,3667;51,4667;0:0;20;1;1,5;20;1;-1;08:04;6,19;20:56;6,36;01:25;0,84;14:27;0,33
Royal Albert Dock, Thames Rvr;Sheerness, England - READ flaterco.com/pol.html;0,0833;51,5;0:0;49;1;3,1;44;1;-1,2;08:33;7,79;21:25;7,96;01:49;0,64;14:51;0,13
Margate;Sheerness, England - READ flaterco.com/pol.html;1,3833;51,4;0:0;-42;0,74;0;-43;0,45;0;07:02;3,47;19:54;3,60;00:22;0,83;13:24;0,60
Ramsgate;Dover, England - READ flaterco.com/pol.html;1,4167;51,3333;0:0;20;1;-4,9;-7;1;-2,1;06:49;0,70;19:28;0,56;01:03;0,19;13:37;-0,08
Deal;Dover, England - READ flaterco.com/pol.html;1,4167;51,2167;0:0;10;1;-3,7;4;1;111,1;06:39;1,90;19:18;1,76;01:14;113,39;13:48;113,12
Folkestone;Dover, England - READ flaterco.com/pol.html;1,2;51,0833;0:0;-12;1;-1,1;-10;1;-2,2;06:17;4,50;18:56;4,36;01:00;0,09;13:34;-0,18
Dungeness;Dover, England - READ flaterco.com/pol.html;0,9667;50,9;0:0;-14;1;1,6;-16;1;-1;06:15;7,20;18:54;7,06;00:54;1,29;13:28;1,02
Rye Bay;Dover, England - READ flaterco.com/pol.html;0,75;50,9333;0:0;-2;1;1,6;1111;1;111,1;06:27;7,20;19:06;7,06;19:41;113,39;08:15;113,12
Hastings;Dover, England - READ flaterco.com/pol.html;0,5833;50,85;0:0;-5;1;0,4;-30;1;-1,3;06:24;6,00;19:03;5,86;00:40;0,99;13:14;0,72
Brighton;Dover, England - READ flaterco.com/pol.html;-0,1333;50,8167;0:0;-8;1;-3;-60;1;-2,3;06:21;2,60;19:00;2,46;00:10;-0,01;12:44;-0,28
Shoreham Harbor Entr;Dover, England - READ flaterco.com/pol.html;-0,25;50,8333;0:0;0;1;-3,6;-55;1;-2,1;06:29;2,00;19:08;1,86;00:15;0,19;12:49;-0,08
Littlehampton;Dover, England - READ flaterco.com/pol.html;-0,5333;50,8;0:0;8;1;-5,1;-68;1;-2,8;06:37;0,50;19:16;0,36;00:02;-0,51;12:36;-0,78
Appledore, Bristol Ch;Liverpool (Gladstone Dock), England - READ flaterco.com/pol.html;-4,2;51,05;0:0;-353;0,75;0;-364;0,43;0;00:46;5,54;13:09;5,69;18:59;1,23;07:15;1,43
Bideford, Torridge Rvr;Liverpool (Gladstone Dock), England - READ flaterco.com/pol.html;-4,2;51,0167;0:0;-351;1;111,1;-349;1;111,1;00:48;118,48;13:11;118,68;19:14;113,96;07:30;114,42
Barnstaple, Taw Rvr;Liverpool (Gladstone Dock), England - READ flaterco.com/pol.html;-4,0667;51,0833;0:0;-333;1;111,1;-488;1;111,1;01:06;118,48;13:29;118,68;16:55;113,96;05:11;114,42
Ilfracombe, Bristol Ch;Liverpool (Gladstone Dock), England - READ flaterco.com/pol.html;-4,1167;51,2167;0:0;-349;1;-0,8;-387;1;-0,1;00:50;6,58;13:13;6,78;18:36;2,76;06:52;3,22
Watchet, Bristol Ch;Liverpool (Gladstone Dock), England - READ flaterco.com/pol.html;-3,3333;51,1833;0:0;-305;1;6;-349;1;1,1;01:34;13,38;13:57;13,58;19:14;3,96;07:30;4,42
Burnham, Parrett Rvr;Liverpool (Gladstone Dock), England - READ flaterco.com/pol.html;-3;51,2333;0:0;-283;1,38;-5,4;-289;1,38;-5,4;01:56;4,78;14:19;5,06;20:14;-1,45;08:30;-0,82
Weston-super-Mare, Bristol Ch;Liverpool (Gladstone Dock), England - READ flaterco.com/pol.html;-2,9833;51,35;0:0;-288;1,36;-2,9;-328;1,36;-2,9;01:51;7,14;14:14;7,41;19:35;0,99;07:51;1,62
Port of Bristol (Avonmouth);Liverpool (Gladstone Dock), England - READ flaterco.com/pol.html;-2,0667;51,5;0:0;-267;1,39;0;-270;1,15;0;02:12;10,26;14:35;10,54;20:33;3,29;08:49;3,82
Bristol, Avon Rvr;Liverpool (Gladstone Dock), England - READ flaterco.com/pol.html;-2,6167;51,45;0:0;-257;1;0,6;67771;1;1,1;02:22;7,98;14:45;8,18;02:34;3,96;14:50;4,42
Wellhouse Rock, Severn Rvr;Liverpool (Gladstone Dock), England - READ flaterco.com/pol.html;-2,4833;51,7333;0:0;-221;1;-3,5;-82;1;111,1;02:58;3,88;15:21;4,08;23:41;113,96;11:57;114,42
Newport, Bristol Ch;Liverpool (Gladstone Dock), England - READ flaterco.com/pol.html;-2,9833;51,55;0:0;-277;1,4;-3,6;-282;1,4;-3,6;02:02;6,73;14:25;7,01;20:21;0,40;08:37;1,05
Cardiff, Bristol Ch;Liverpool (Gladstone Dock), England - READ flaterco.com/pol.html;-3,15;51,45;0:0;-283;1,3;0;-319;1,32;0;01:56;9,59;14:19;9,85;19:44;3,78;08:00;4,38
Barry, Bristol Ch;Liverpool (Gladstone Dock), England - READ flaterco.com/pol.html;-3,2667;51,3833;0:0;-287;1,25;-0,5;-325;1,25;-0,5;01:52;8,72;14:15;8,97;19:38;3,07;07:54;3,65
Porthcawl, Bristol Ch;Liverpool (Gladstone Dock), England - READ flaterco.com/pol.html;-3,7;51,4667;0:0;-314;1;1,2;-347;1;0,6;01:25;8,58;13:48;8,78;19:16;3,46;07:32;3,92
Swansea, Bristol Ch;Liverpool (Gladstone Dock), England - READ flaterco.com/pol.html;-3,9167;51,6167;0:0;-319;1;0,4;-355;1;0,6;01:20;7,78;13:43;7,98;19:08;3,46;07:24;3,92
Whiteford Lighthouse, Burry Inlet;Liverpool (Gladstone Dock), England - READ flaterco.com/pol.html;-4,25;51,65;0:0;-325;1;-2,1;-348;1;-0,1;01:14;5,28;13:37;5,48;19:15;2,76;07:31;3,22
Ferryside, Towy Rvr;Liverpool (Gladstone Dock), England - READ flaterco.com/pol.html;-4,3667;51,7667;0:0;-328;1;-9,2;-355;1;-4,7;01:11;-1,82;13:34;-1,62;19:08;-1,84;07:24;-1,38
Tenby, Bristol Ch;Liverpool (Gladstone Dock), England - READ flaterco.com/pol.html;-4,7;51,6667;0:0;-331;1;-3,4;-362;1;0;01:08;3,98;13:31;4,18;19:01;2,86;07:17;3,32
Neyland, Cleddau Rvr;Liverpool (Gladstone Dock), England - READ flaterco.com/pol.html;-4,95;51,7;0:0;-313;1;-7,4;-344;1;-1,1;01:26;-0,02;13:49;0,18;19:19;1,76;07:35;2,22
Ramsey Sound;Liverpool (Gladstone Dock), England - READ flaterco.com/pol.html;-5,3167;51,85;0:0;-309;0,55;0;-328;1;111,1;01:30;4,06;13:53;4,17;19:35;113,96;07:51;114,42
Amlwch;Liverpool (Gladstone Dock), England - READ flaterco.com/pol.html;-4,3333;53,4167;0:0;-59;1;-6,4;-84;1;-1,4;05:40;0,98;18:03;1,18;23:39;1,46;11:55;1,92
Trwyn du, Menai Str;Liverpool (Gladstone Dock), England - READ flaterco.com/pol.html;-4,0333;53,3167;0:0;-44;1;-5,4;-59;1;-1,4;05:55;1,98;18:18;2,18;00:04;1,46;12:20;1,92
Menai Bridge, Menai Str;Liverpool (Gladstone Dock), England - READ flaterco.com/pol.html;-4,15;53,2167;0:0;-25;1;-5,7;-25;1;-0,8;06:14;1,68;18:37;1,88;00:38;2,06;12:54;2,52
Llandudno;Liverpool (Gladstone Dock), England - READ flaterco.com/pol.html;-3,8333;53,3333;0:0;-41;1;-4,6;-54;1;0,5;05:58;2,78;18:21;2,98;00:09;3,36;12:25;3,82
Hilbre Island, Dee Rvr;Liverpool (Gladstone Dock), England - READ flaterco.com/pol.html;-3,2167;53,3833;0:0;-16;1;-0,8;-18;1;0,8;06:23;6,58;18:46;6,78;00:45;3,66;13:01;4,12
Chester, Dee Rvr;Liverpool (Gladstone Dock), England - READ flaterco.com/pol.html;-2,9;53,2;0:0;65;1;111,1;302;1;111,1;07:44;118,48;20:07;118,68;06:05;113,96;18:21;114,42
Liverpool, Mersey Rvr;Liverpool (Gladstone Dock), England - READ flaterco.com/pol.html;-3;53,4167;0:0;0;1;0;0;1;0;06:39;7,38;19:02;7,58;01:03;2,86;13:19;3,32
Eastham;Liverpool (Gladstone Dock), England - READ flaterco.com/pol.html;-2,95;53,3167;0:0;25;1;0,9;22;1;-0,3;07:04;8,28;19:27;8,48;01:25;2,56;13:41;3,02
St. Anne's, Ribble Rvr;Liverpool (Gladstone Dock), England - READ flaterco.com/pol.html;-3,0333;53,75;0:0;-4;1;-0,4;13;1;1,9;06:35;6,98;18:58;7,18;01:16;4,76;13:32;5,22
Feetwood, River Wyre;Liverpool (Gladstone Dock), England - READ flaterco.com/pol.html;-3;53,9333;0:0;0;1;0,5;-2;1;0,7;06:39;7,88;19:02;8,08;01:01;3,56;13:17;4,02
Morecambe, Morecamby Bay;Liverpool (Gladstone Dock), England - READ flaterco.com/pol.html;-2,8667;54,0667;0:0;1;1;0,4;4;1;0,2;06:40;7,78;19:03;7,98;01:07;3,06;13:23;3,52
Barrow (Ramsden Dock);Liverpool (Gladstone Dock), England - READ flaterco.com/pol.html;-3,2;54,1;0:0;15;1;-0,9;20;1;-0,1;06:54;6,48;19:17;6,68;01:23;2,76;13:39;3,22
Solway Firth: Whitehaven;Liverpool (Gladstone Dock), England - READ flaterco.com/pol.html;-3,6;54,55;0:0;2;1;-3,6;-11;1;-0,6;06:41;3,78;19:04;3,98;00:52;2,26;13:08;2,72
Solway Firth: Workington;Liverpool (Gladstone Dock), England - READ flaterco.com/pol.html;-3,5667;54,65;0:0;9;1;-3,2;1;1;-0,7;06:48;4,18;19:11;4,38;01:04;2,16;13:20;2,62
Solway Firth: Maryport;Liverpool (Gladstone Dock), England - READ flaterco.com/pol.html;-3,5;54,7167;0:0;24;1;-2,5;12;1;0,6;07:03;4,88;19:26;5,08;01:15;3,46;13:31;3,92
Solway Firth: Silloth;Liverpool (Gladstone Dock), England - READ flaterco.com/pol.html;-4,4;54,8667;0:0;35;1;-1,1;50;1;-1;07:14;6,28;19:37;6,48;01:53;1,86;14:09;2,32
Isle of Man: Ramsey;Liverpool (Gladstone Dock), England - READ flaterco.com/pol.html;-4,3667;54,3167;0:0;4;1;-6,2;-5;1;-1,2;06:43;1,18;19:06;1,38;00:58;1,66;13:14;2,12
Isle of Man: Douglas;Liverpool (Gladstone Dock), England - READ flaterco.com/pol.html;-4,4667;54,15;0:0;-4;1;-7,2;-27;1;-1;06:35;0,18;18:58;0,38;00:36;1,86;12:52;2,32
Isle of Man: Peel;Liverpool (Gladstone Dock), England - READ flaterco.com/pol.html;-4,7;54,2333;0:0;-2;0,57;0;-5;0,5;0;06:37;4,21;19:00;4,32;00:58;1,43;13:14;1,66
Garliestown, Wigtown Bay;Liverpool (Gladstone Dock), England - READ flaterco.com/pol.html;-4,35;54,7833;0:0;20;1;111,1;10;1;111,1;06:59;118,48;19:22;118,68;01:13;113,96;13:29;114,42
Isle of Whithorn, Wigtown Bay;Liverpool (Gladstone Dock), England - READ flaterco.com/pol.html;-4,3667;54,7;0:0;20;1;-6,4;10;1;-1,2;06:59;0,98;19:22;1,18;01:13;1,66;13:29;2,12
Drummore, Wigtown Bay;Liverpool (Gladstone Dock), England - READ flaterco.com/pol.html;-4,8833;54,6833;0:0;25;0,62;0;-5;0,63;0;07:04;4,58;19:27;4,70;00:58;1,80;13:14;2,09
Port Askaig, Sound of Jura;Ullapool, Scotland - READ flaterco.com/pol.html;-6,1;55,85;0:0;-126;0,35;1,1;-98;0,35;1,1;00:58;2,53;13:13;2,57;07:12;1,92;19:59;1,79
Kyle Akin;Ullapool, Scotland - READ flaterco.com/pol.html;-5,7167;57,2833;0:0;-16;1;-0,7;-10;1;-1,1;02:48;3,39;15:03;3,49;08:40;1,23;21:27;0,88
Portree, Raasey Sd;Ullapool, Scotland - READ flaterco.com/pol.html;-6,1833;57,4;0:0;-21;1;-0,3;-25;1;-0,3;02:43;3,79;14:58;3,89;08:25;2,03;21:12;1,68
Uig Bay, Skye Isl;Ullapool, Scotland - READ flaterco.com/pol.html;-6,3833;57,6167;0:0;-34;1;0,4;-25;1;0,7;02:30;4,49;14:45;4,59;08:25;3,03;21:12;2,68
Loch Inver;Ullapool, Scotland - READ flaterco.com/pol.html;-5,3;58,15;0:0;-1;1;-0,4;-5;1;0,4;03:03;3,69;15:18;3,79;08:45;2,73;21:32;2,38
Loch Inchard;Ullapool, Scotland - READ flaterco.com/pol.html;-5,0167;58,45;0:0;24;1;-1,7;0;1;-0,6;03:28;2,39;15:43;2,49;08:50;1,73;21:37;1,38
Cape Wrath;Ullapool, Scotland - READ flaterco.com/pol.html;-5;58,6167;0:0;29;0,98;0;25;1;111,1;03:33;4,01;15:48;4,11;09:15;113,43;22:02;113,08
Rispond, Loch Eriboll;Ullapool, Scotland - READ flaterco.com/pol.html;-4,6667;58,55;0:0;39;1;-1,1;1111;1;111,1;03:43;2,99;15:58;3,09;03:21;113,43;16:08;113,08
Kyle of Tongue;Ullapool, Scotland - READ flaterco.com/pol.html;-4,3667;58,55;0:0;54;0,98;0;1111;1;111,1;03:58;4,01;16:13;4,11;03:21;113,43;16:08;113,08
Thurso;Ullapool, Scotland - READ flaterco.com/pol.html;-3,55;58,6;0:0;109;1;-0,9;97;1;0,5;04:53;3,19;17:08;3,29;10:27;2,83;23:14;2,48
Village Bay, St. Kilda Isl;Ullapool, Scotland - READ flaterco.com/pol.html;-8,5667;57,8;0:0;-51;1;-5,3;-60;1;-1,4;02:13;-1,21;14:28;-1,11;07:50;0,93;20:37;0,58
North Bay, Barra;Ullapool, Scotland - READ flaterco.com/pol.html;-7,4;57;0:0;-53;1;-2,4;-51;1;-0,2;02:11;1,69;14:26;1,79;07:59;2,13;20:46;1,78
Loch Boisdale;Ullapool, Scotland - READ flaterco.com/pol.html;-7,2667;57,15;0:0;-50;1;-1,8;-48;1;-0,1;02:14;2,29;14:29;2,39;08:02;2,23;20:49;1,88
Loch Maddy;Ullapool, Scotland - READ flaterco.com/pol.html;-7,1;57,6;0:0;-35;1;-1,1;-33;1;-0,1;02:29;2,99;14:44;3,09;08:17;2,23;21:04;1,88
Leverburgh;Ullapool, Scotland - READ flaterco.com/pol.html;-7,0167;57,7667;0:0;-36;1;-1,3;-30;1;0,2;02:28;2,79;14:43;2,89;08:20;2,53;21:07;2,18
East Loch Tarbert;Ullapool, Scotland - READ flaterco.com/pol.html;-6,8;57,9;0:0;-35;1;-0,8;-30;1;0,1;02:29;3,29;14:44;3,39;08:20;2,43;21:07;2,08
West Loch Tarbert;Ullapool, Scotland - READ flaterco.com/pol.html;-6,9167;57,9167;0:0;-49;0,79;0;-34;1;111,1;02:15;3,23;14:30;3,31;08:16;113,43;21:03;113,08
Bernera Harbor;Ullapool, Scotland - READ flaterco.com/pol.html;-6,8667;58,2667;0:0;-22;1;-2,8;-32;1;-0,9;02:42;1,29;14:57;1,39;08:18;1,43;21:05;1,08
Stornoway;Ullapool, Scotland - READ flaterco.com/pol.html;-6,3833;58,2;0:0;-6;1;-1,1;-10;1;0,1;02:58;2,99;15:13;3,09;08:40;2,43;21:27;2,08
Lopransfjordhur, Sudhuroy Isl;Reykjavik, Iceland;-6,7667;61,45;0:0;105;0,79;0;105;0,23;0;03:55;2,39;16:11;2,42;10:08;0,33;22:33;0,30
Vagur, Sudhuroy Isl;Reykjavik, Iceland;-6,8;61,4667;0:0;112;0,29;0;112;0,27;0;04:02;0,88;16:18;0,89;10:15;0,39;22:40;0,35
Trangisvagur, Sudhuroy Isl;Reykjavik, Iceland;-6,8333;61,5667;0:0;98;0,31;0;98;0,32;0;03:48;0,94;16:04;0,95;10:01;0,46;22:26;0,42
Sudhuroyarfjordhur;Reykjavik, Iceland;-6,8167;61,65;0:0;105;0,79;0;105;0,23;0;03:55;2,39;16:11;2,42;10:08;0,33;22:33;0,30
Sandsvagur, Sandoy Isl;Reykjavik, Iceland;-6,8;61,8333;0:0;116;0,54;0;116;0,5;0;04:06;1,64;16:22;1,65;10:19;0,71;22:44;0,66
Mykines;Reykjavik, Iceland;-7,6333;62,1;0:0;285;0,79;0;285;0,23;0;06:55;2,39;19:11;2,42;13:08;0,33;01:33;0,30
Vestmanna, Streymoy Isl;Reykjavik, Iceland;-7,15;62,15;0:0;167;0,49;0;167;0,41;0;04:57;1,48;17:13;1,50;11:10;0,59;23:35;0,54
Eidhi, Eysturoy Isl;Reykjavik, Iceland;-7,0833;62,3;0:0;-65;0,75;0;-65;0,23;0;01:05;2,27;13:21;2,29;07:18;0,33;19:43;0,30
Leirvik, Eysturoy Isl;Reykjavik, Iceland;-6,7;62,2167;0:0;130;0,54;0;130;0,23;0;04:20;1,64;16:36;1,65;10:33;0,33;22:58;0,30
Klaksvik, Bordhoy Isl;Reykjavik, Iceland;-6,5833;62,2333;0:0;283;0,33;0;283;0,32;0;06:53;1,00;19:09;1,01;13:06;0,46;01:31;0,42
Svinoyarfjordhur;Reykjavik, Iceland;-6,4167;62,2667;0:0;190;0,54;0;190;0,23;0;05:20;1,64;17:36;1,65;11:33;0,33;23:58;0,30
Fugloyarfjordhur;Reykjavik, Iceland;-6,3;62,3167;0:0;145;0,48;0;145;0,18;0;04:35;1,45;16:51;1,47;10:48;0,26;23:13;0,24
Keflavik Harbor;Reykjavik, Iceland;-22,55;64;0:0;-5;1;-0,5;-5;1;-0,2;02:05;2,53;14:21;2,56;08:18;1,23;20:43;1,11
Hvammsvik;Reykjavik, Iceland;-21,5667;64,3667;0:0;-2;1;0,6;-1;1;0,2;02:08;3,63;14:24;3,66;08:22;1,63;20:47;1,51
Akranes;Reykjavik, Iceland;-22,1;64,3167;0:0;3;1;0;-5;1;0,4;02:13;3,03;14:29;3,06;08:18;1,83;20:43;1,71
Hrutafjordhur;Reykjavik, Iceland;-21,1167;65,25;0:0;228;0,39;0,5;238;0,39;0,5;05:58;1,68;18:14;1,69;12:21;1,06;00:46;1,01
Akureyri;Reykjavik, Iceland;-18,0833;65,6833;0:0;257;0,34;0,6;249;0,34;0,6;06:27;1,63;18:43;1,64;12:32;1,09;00:57;1,05
Nieuwpoort;Vlissingen, Netherlands;2,7167;51,15;1:0;-70;1;0,9;-30;1;-0,1;08:38;4,74;21:20;4,84;03:00;1,08;15:50;0,66
Oostende;Vlissingen, Netherlands;2,9167;51,2333;1:0;-56;1;0,9;-32;1;0,6;08:52;4,74;21:34;4,84;02:58;1,78;15:48;1,36
Zeebrugge;Vlissingen, Netherlands;3,2;51,35;1:0;-36;1;-0,4;-37;1;0,3;09:12;3,44;21:54;3,54;02:53;1,48;15:43;1,06
Terneuzen, W. Schelde Rvr;Vlissingen, Netherlands;3,8333;51,3333;1:0;21;1;1,1;28;1;0;10:09;4,94;22:51;5,04;03:58;1,18;16:48;0,76
Hansweert, W. Schelde Rvr;Vlissingen, Netherlands;4;51,4167;1:0;65;1;1,9;52;1;-0,2;10:53;5,74;23:35;5,84;04:22;0,98;17:12;0,56
Roompot, E. Schelde Rvr;Vlissingen, Netherlands;3,6667;51,6167;1:0;75;1;111,1;75;1;111,1;11:03;114,94;23:45;115,04;04:45;112,28;17:35;111,86
Wemeldinge, E. Schelde Rvr;Vlissingen, Netherlands;4;51,5167;1:0;105;1;111,1;85;1;111,1;11:33;114,94;00:15;115,04;04:55;112,28;17:45;111,86
Maas River: Dordrecht;Vlissingen, Netherlands;4,6667;51,8167;1:0;151;0,27;0;299;0,65;0;12:19;1,04;01:01;1,06;08:29;0,77;21:19;0,49
Maas River: Rotterdam;Vlissingen, Netherlands;4,5;51,9167;1:0;120;0,47;0;217;0,82;0;11:48;1,80;00:30;1,85;07:07;0,97;19:57;0,62
Scheveningen;Vlissingen, Netherlands;4,2667;52,1;1:0;62;0,44;0;160;0,41;0;10:50;1,69;23:32;1,73;06:10;0,48;19:00;0,31
Ijmuiden (Ymuiden);Vlissingen, Netherlands;4,6;52,4667;1:0;103;0,43;0;194;0,41;0;11:31;1,65;00:13;1,69;06:44;0,48;19:34;0,31
Den Helder;Cuxhaven, Steubenhöft, Germany;4,75;52,9667;1:0;-312;0,51;0;-335;1,8;0;02:50;1,62;15:31;1,48;20:24;1,10;09:10;0,88
West Terschelling;Cuxhaven, Steubenhöft, Germany;5,3;53,45;1:0;-205;0,67;0;-246;1,8;0;04:37;2,13;17:18;1,94;21:53;1,10;10:39;0,88
Harlingen;Cuxhaven, Steubenhöft, Germany;5,4;53,1667;1:0;-183;0,65;0;-140;1,4;0;04:59;2,07;17:40;1,89;23:39;0,85;12:25;0,69
Delfzijl, Ems Rvr;Cuxhaven, Steubenhöft, Germany;6,95;53,3167;1:0;-48;1;0,6;-60;1;0,8;07:14;3,78;19:55;3,50;00:59;1,41;13:45;1,29
Ems River: Approach;Helgoland, Germany;6,0667;53,7667;1:0;-127;1;-1;1111;1;0;04:46;1,61;17:30;1,32;19:17;0,54;08:08;0,42
Ems River: Borkum, W. Coast;Helgoland, Germany;6,65;53,5833;1:0;-66;1;-0,4;-84;1;0;05:47;2,21;18:31;1,92;23:22;0,54;12:13;0,42
Ems River: Knock;Helgoland, Germany;7,05;53,3333;1:0;20;1;1,1;18;1;-0,3;07:13;3,71;19:57;3,42;01:04;0,24;13:55;0,12
Ems River: Emden;Helgoland, Germany;7,2;53,35;1:0;42;1;2,3;26;1;0,1;07:35;4,91;20:19;4,62;01:12;0,64;14:03;0,52
Ems River: Pogum;Helgoland, Germany;7,2667;53,3167;1:0;57;1;1,9;47;1;-0,4;07:50;4,51;20:34;4,22;01:33;0,14;14:24;0,02
Ems River: Leer;Helgoland, Germany;7,45;53,2167;1:0;117;1;-0,6;151;1;-0,5;08:50;2,01;21:34;1,72;03:17;0,04;16:08;-0,08
Juist (N. Coast);Helgoland, Germany;6,9833;53,6833;1:0;-50;1;-0,6;-74;1;0;06:03;2,01;18:47;1,72;23:32;0,54;12:23;0,42
Norddeich;Helgoland, Germany;7,1667;53,6167;1:0;-21;1;0,7;-40;1;0,1;06:32;3,31;19:16;3,02;00:06;0,64;12:57;0,52
Norderney-Seegat;Helgoland, Germany;7,1667;53,7;1:0;-24;1;0,3;-43;1;0,1;06:29;2,91;19:13;2,62;00:03;0,64;12:54;0,52
Baltrum (W. Approach);Helgoland, Germany;7,3667;53,7333;1:0;-24;1;0;-25;1;-0,4;06:29;2,61;19:13;2,32;00:21;0,14;13:12;0,02
Langeoog;Helgoland, Germany;7,4667;53,7333;1:0;-3;1;0,9;-23;1;0,1;06:50;3,51;19:34;3,22;00:23;0,64;13:14;0,52
Neuharlingersiel;Helgoland, Germany;7,7;53,7;1:0;11;1;1;1111;1;111,1;07:04;3,61;19:48;3,32;19:17;111,64;08:08;111,52
Spiekeroog (W. Approach);Helgoland, Germany;7,6667;53,75;1:0;-3;1;0,6;-20;1;-0,1;06:50;3,21;19:34;2,92;00:26;0,44;13:17;0,32
Wangerooge (W. End);Helgoland, Germany;7,85;53,7833;1:0;0;1;0,8;-7;1;0;06:53;3,41;19:37;3,12;00:39;0,54;13:30;0,42
Elbe River: Scharh”rn;Cuxhaven, Steubenhöft, Germany;8,4667;53,9667;1:0;-46;1;-0,1;-57;1;0,1;07:16;3,08;19:57;2,80;01:02;0,71;13:48;0,59
Elbe River: Brunsbttelkoog;Cuxhaven, Steubenhöft, Germany;9,1333;53,8833;1:0;60;1;-0,9;78;1;-0,2;09:02;2,28;21:43;2,00;03:17;0,41;16:03;0,29
Elbe River: Glckstadt;Cuxhaven, Steubenhöft, Germany;9,4167;53,7833;1:0;123;1;-0,9;133;1;-0,1;10:05;2,28;22:46;2,00;04:12;0,51;16:58;0,39
Elbe River: Stadersand;Cuxhaven, Steubenhöft, Germany;9,5333;53,6333;1:0;160;1;-0,4;177;1;-0,1;10:42;2,78;23:23;2,50;04:56;0,51;17:42;0,39
Elbe River: Luehort;Hamburg, Germany;9,6333;53,5667;1:0;-41;1;-0,8;-58;1;0,3;10:58;2,62;;;04:45;0,51;17:27;0,46
Elbe River: Schulau;Cuxhaven, Steubenhöft, Germany;9,7;53,5667;1:0;184;1;0;204;1;-0,3;11:06;3,18;23:47;2,90;05:23;0,31;18:09;0,19
Elbe River: Cranz;Hamburg, Germany;9,8;53,5333;1:0;-22;1;-0,4;-26;1;0,2;11:17;3,02;;;05:17;0,41;17:59;0,36
Elbe River: Hamburg;Cuxhaven, Steubenhöft, Germany;9,9667;53,55;1:0;218;1;0,8;252;1;-0,5;11:40;3,98;00:21;3,70;06:11;0,11;18:57;-0,01
Bsum;Helgoland, Germany;8,85;54,1167;1:0;51;1;3,1;14;1;0,1;07:44;5,71;20:28;5,42;01:00;0,64;13:51;0,52
Norderpiep Buoy;Helgoland, Germany;8,4667;54,2;1:0;34;1;111,1;1111;1;111,1;07:27;113,71;20:11;113,42;19:17;111,64;08:08;111,52
Hever River: Husum;Helgoland, Germany;9,0333;54,4667;1:0;125;1;3,6;105;1;0;08:58;6,21;21:42;5,92;02:31;0,54;15:22;0,42
Hooge, Sder Aue;Helgoland, Germany;8,5667;54,5833;1:0;97;1;1,1;98;1;-0,4;08:30;3,71;21:14;3,42;02:24;0,14;15:15;0,02
Wyk, F”hr, Norder Aue;Helgoland, Germany;8,5833;54,6833;1:0;136;1;0,9;123;1;-0,1;09:09;3,51;21:53;3,22;02:49;0,44;15:40;0,32
Dagebull, Norder Aue;Helgoland, Germany;8,6833;54,7167;1:0;147;1;1,1;157;1;-0,2;09:20;3,71;22:04;3,42;03:23;0,34;16:14;0,22
Kniep Hafen, Amrum, Vortrapp Tief;Helgoland, Germany;8,3;54,6667;1:0;89;1;-0,3;1111;1;0;08:22;2,31;21:06;2,02;19:17;0,54;08:08;0,42
Hornum Odde, Vortrapp Tief;Helgoland, Germany;8,2833;54,75;1:0;100;0,77;0;89;0,5;0;08:33;2,01;21:17;1,79;02:15;0,27;15:06;0,21
Munkmarsch, Lister Tief;Helgoland, Germany;8,3667;54,9167;1:0;181;0,74;0;131;0,5;0;09:54;1,93;22:38;1,72;02:57;0,27;15:48;0,21
List, Lister Tief;Helgoland, Germany;8,45;55,0167;1:0;162;0,72;0;126;0,5;0;09:35;1,88;22:19;1,67;02:52;0,27;15:43;0,21
Lister Tief Approach;Helgoland, Germany;8,3;55,0667;1:0;123;0,68;0;86;0,5;0;08:56;1,77;21:40;1,58;02:12;0,27;15:03;0,21
Danmarks Havn;Harrington Harbour, Québec;-18,7667;76,7667;-5:0;-761;1;-0,8;-752;1;-0,6;18:24;0,77;06:28;0,61;11:55;0,12;00:52;0,23
Cape Borgen;Harrington Harbour, Québec;-18,0833;75,4333;-5:0;-664;0,8;0;-663;0,81;0;20:01;1,26;08:05;1,13;13:24;0,58;02:21;0,67
Lille Pendulum;Harrington Harbour, Québec;-18,4833;74,6167;-5:0;-700;0,8;0;-699;0,81;0;19:25;1,26;07:29;1,13;12:48;0,58;01:45;0,67
Finsch Islands;Harrington Harbour, Québec;-21,1333;73,9833;-5:0;-738;0,81;0;-738;0,75;0;18:47;1,27;06:51;1,14;12:09;0,54;01:06;0,62
Myggbukta, Foster Bay;Harrington Harbour, Québec;-21,55;73,4667;-5:0;-717;1;-0,9;-720;1;-0,5;19:08;0,67;07:12;0,51;12:27;0,22;01:24;0,33
Blomsterbugten;Harrington Harbour, Québec;-25,2833;73,35;-5:0;-735;1;-0,4;-747;1;-0,3;18:50;1,17;06:54;1,01;12:00;0,42;00:57;0,53
Danmarks Isl, Scoresby Sd;Harrington Harbour, Québec;-26,2;70,45;-2:0;-705;0,63;0;-705;0,62;0;19:20;0,99;07:24;0,89;12:42;0,45;01:39;0,51
Angmagssalik (Kulusuk);Harrington Harbour, Québec;-37,15;65,6;-3:0;-420;1,71;-0,8;-410;1,71;-0,8;00:05;1,88;12:09;1,61;17:37;0,43;06:34;0,62
Finnsbu;Argentia, Newfoundland;-41,2833;63,4;-3:0;-249;1;0,8;-222;1;-0,4;00:01;2,66;12:25;2,53;06:50;0,43;18:37;0,48
Kap Farvel;Argentia, Newfoundland;-43,8833;59,75;-3:0;-141;1;0,2;-113;1;-0,9;01:49;2,06;14:13;1,93;08:39;-0,07;20:26;-0,02
Frederiksdal;Argentia, Newfoundland;-44,6667;60;-3:0;-130;1;1,5;-101;1;-0,7;02:00;3,36;14:24;3,23;08:51;0,13;20:38;0,18
Nanortalik;Argentia, Newfoundland;-45,25;60,1167;-3:0;-163;1;0,5;-136;1;-0,9;01:27;2,36;13:51;2,23;08:16;-0,07;20:03;-0,02
Julianehaab;Argentia, Newfoundland;-46,0167;60,7167;-3:0;-129;1;0,3;-106;1;-0,9;02:01;2,16;14:25;2,03;08:46;-0,07;20:33;-0,02
Nargarssuaq;Argentia, Newfoundland;-45,4167;61,1333;-3:0;-135;1;1,8;-106;1;0,1;01:55;3,66;14:19;3,53;08:46;0,93;20:33;0,98
Ivigtut, Arsuk Fjord;Argentia, Newfoundland;-48,1833;61,2;-3:0;-109;1;0,7;-84;1;-0,9;02:21;2,56;14:45;2,43;09:08;-0,07;20:55;-0,02
Frederikshaab;Argentia, Newfoundland;-49,7167;62;-3:0;-82;1;3;-60;1;-0,6;02:48;4,86;15:12;4,73;09:32;0,23;21:19;0,28
Godthaab;Argentia, Newfoundland;-51,7333;64,1667;-3:0;-81;2;-2,1;-46;2;-2,1;02:49;1,62;15:13;1,36;09:46;-0,44;21:33;-0,34
Fishmasters Hbr,Sondre Stromfjord;Argentia, Newfoundland;-53,4833;66,0167;-3:0;-101;1;3,6;-76;1;-0,1;02:29;5,46;14:53;5,33;09:16;0,73;21:03;0,78
Camp LLoyd, Sondre Stromfjord;Argentia, Newfoundland;-50,95;66,9667;-3:0;141;1;1,7;171;1;-1,1;06:31;3,56;18:55;3,43;13:23;-0,27;01:10;-0,22
Holsteinsborg;Argentia, Newfoundland;-53,7;66,9333;-3:0;-89;1;2;-60;1;-0,8;02:41;3,86;15:05;3,73;09:32;0,03;21:19;0,08
Camp Michigan, Maligiak Fjord;Argentia, Newfoundland;-52,6167;66,9333;-3:0;-22;1;2,2;10;1;-0,8;03:48;4,06;16:12;3,93;10:42;0,03;22:29;0,08
Aningaq, Rifkol;Harrington Harbour, Québec;-53,8333;67,9167;-3:0;-102;1;1;-102;1;-0,8;05:23;2,57;17:27;2,41;22:45;-0,08;11:42;0,03
Nunarssuaq, Kronprinsens Isl;Harrington Harbour, Québec;-53,35;68,9833;-3:0;-48;1;-0,5;-52;1;-0,9;06:17;1,07;18:21;0,91;23:35;-0,18;12:32;-0,07
Godhavn, Disko Isl;Harrington Harbour, Québec;-53,55;69,25;-3:0;-97;1;-0,4;-92;1;-0,9;05:28;1,17;17:32;1,01;22:55;-0,18;11:52;-0,07
Ingnerit, Umanak Fjord;Harrington Harbour, Québec;-51;71;-3:0;0;1;-1,6;0;1;-1,1;07:05;-0,03;19:09;-0,19;00:27;-0,38;13:24;-0,27
North Star Bay, Wolstenholme Fjd;Harrington Harbour, Québec;-68,8333;76,5333;-3:0;30;1,33;0;32;1,12;0;07:35;2,09;19:39;1,88;00:59;0,81;13:56;0,93
Port Foulke;Harrington Harbour, Québec;-72,75;78,3;-3:0;28;2,08;-0,8;26;2,08;-0,8;07:33;2,47;19:37;2,13;00:53;0,70;13:50;0,93
Rensellaer Bugt;Harrington Harbour, Québec;-70,8833;78,6167;-3:0;65;2,08;-1,1;58;2,08;-1,1;08:10;2,17;20:14;1,83;01:25;0,40;14:22;0,63
Thank God Hbr, Polaris Bugt;Harrington Harbour, Québec;-61,6667;81,6;-3:0;94;1;-0,3;91;1;-0,4;08:39;1,27;20:43;1,11;01:58;0,32;14:55;0,43
Fort Conger, Discovery Hbr;Halifax, Nova Scotia;-64,7333;81,7333;-3:0;228;1;-1,4;205;1;-1,3;07:26;0,21;20:04;0,04;13:54;-0,84;01:55;-0,73
Cape Lawrence;Halifax, Nova Scotia;-69,25;80,35;-3:0;226;1;-0,2;220;1;-1,3;07:24;1,41;20:02;1,24;14:09;-0,84;02:10;-0,73
Payer Harbor, Cape Sabine;Halifax, Nova Scotia;-74,4167;78,7167;-3:0;216;1;1,7;210;1;-0,9;07:14;3,31;19:52;3,14;13:59;-0,44;02:00;-0,33
Cape Adair;Halifax, Nova Scotia;-71,5;71,55;-3:0;186;1;0,4;186;1;-1,2;06:44;2,01;19:22;1,84;13:35;-0,74;01:36;-0,63
Cape Hewett;Halifax, Nova Scotia;-67,7833;70,2667;-3:0;176;1;0,6;176;1;-0,5;06:34;2,21;19:12;2,04;13:25;-0,04;01:26;0,07
Cape Hooper, Baffin Isl;Pictou, Nova Scotia;-66,75;68,3833;-4:0;-352;0,47;0;-341;0,43;0;23:44;0,67;11:41;0,78;05:25;0,40;;
Kivitoo, Baffin Isl;Pictou, Nova Scotia;-64,9333;67,9333;-4:0;-317;0,51;0;-310;0,43;0;00:19;0,72;12:16;0,85;05:56;0,40;;
Cape Dyer, Baffin Isl;Saint John, New Brunswick;-61,6667;66,5667;-4:0;-379;0,31;0;-381;0,45;0;01:14;2,23;13:42;2,15;18:57;0,78;07:30;0,75
Clearwater Fjord, Cumberland Sd;Saint John, New Brunswick;-67,3333;66,6;-4:0;-336;1;-5,5;-338;1;0,6;01:57;1,68;14:25;1,45;19:40;2,33;08:13;2,27
Frobisher Bay;Saint John, New Brunswick;-68,0333;63,4833;-4:0;-253;1;5,5;-255;1;3,3;03:20;12,68;15:48;12,45;21:03;5,03;09:36;4,97
Pikyulik Island, Payne Rvr;Saint John, New Brunswick;-69,9167;60;-4:0;-135;1;3,7;-114;1;3,2;05:18;10,88;17:46;10,65;23:24;4,93;11:57;4,87
Sorry Harbor, Resolution Isl;Saint John, New Brunswick;-64,7333;61,6167;-5:0;-330;1;-8,2;-330;1;-0,9;02:03;-1,02;14:31;-1,25;19:48;0,83;08:21;0,77
Lower Savage Islands;Saint John, New Brunswick;-65,85;61,7667;-5:0;-286;1;-1,2;-295;1;2;02:47;5,98;15:15;5,75;20:23;3,73;08:56;3,67
Ashe Inlet, Big Isl;Saint John, New Brunswick;-70,5833;62,55;-5:0;-226;1;4,2;-223;1;2,2;03:47;11,38;16:15;11,15;21:35;3,93;10:08;3,87
Schooner Harbr, Baffin Isl;Saint John, New Brunswick;-77,8667;64,4;-5:0;-49;1;-6,2;-44;1;0,4;06:44;0,98;19:12;0,75;00:34;2,13;13:07;2,07
Winter Island, Foxe Basin;Saint John, New Brunswick;-83,1667;66,1833;-5:0;80;1;-12,1;70;1;-0,8;08:53;-4,92;21:21;-5,15;02:28;0,93;15:01;0,87
Coral Harbor, Southampton Isl;Saint John, New Brunswick;-83,1667;64,1333;-6:0;-25;1;-14,4;4;1;-1,5;07:08;-7,22;19:36;-7,45;01:22;0,23;13:55;0,17
Chesterfield Inlet;Saint John, New Brunswick;-90,7;63,3333;-6:0;-497;1;-12,4;-500;1;-0,8;23:16;-5,22;11:44;-5,45;16:58;0,93;05:31;0,87
Churchill;Saint John, New Brunswick;-94,2;58,7833;-6:0;-265;1;-11,5;-276;1;-1,4;03:08;-4,32;15:36;-4,55;20:42;0,33;09:15;0,27
Port Nelson, Nelson Rvr Entr;Québec (Lauzon), Québec;-92,6;57,0833;-6:0;236;1;-3,1;275;1;-0,9;05:36;0,90;18:02;1,24;13:08;-0,14;01:46;-0,10
Moosonee, James Bay;Québec (Lauzon), Québec;-80,6333;51,2833;-5:0;569;0,48;0;572;1,81;0;11:09;1,92;23:35;2,08;18:05;1,38;06:43;1,45
Moose Factory, James Bay;Québec (Lauzon), Québec;-80,5833;51,2667;-5:0;573;0,42;0;637;1,56;0;11:13;1,68;23:39;1,82;19:10;1,19;07:48;1,25
Charlton Isl, James Bay;Québec (Lauzon), Québec;-79,2667;51,95;-5:0;480;0,39;0;398;1,06;0;09:40;1,56;22:06;1,69;15:11;0,81;03:49;0,85
Digges Harbor;Saint John, New Brunswick;-77,7;62,5;-5:0;-131;0,39;0;-125;0,62;0;05:22;2,80;17:50;2,71;23:13;1,07;11:46;1,04
Pt de Boucherville, Nottingham Isl;Saint John, New Brunswick;-77,4667;63,2;-5:0;-127;1;-11,6;-122;1;-1,2;05:26;-4,42;17:54;-4,65;23:16;0,53;11:49;0,47
Wakeham Bay;Saint John, New Brunswick;-71,95;61,7167;-5:0;-232;1;-0,4;-235;1;2,2;03:41;6,78;16:09;6,55;21:23;3,93;09:56;3,87
Stupart Bay;Saint John, New Brunswick;-71,5333;61,5833;-5:0;-250;1;0;-257;1;2,4;03:23;7,18;15:51;6,95;21:01;4,13;09:34;4,07
Diana Bay;Saint John, New Brunswick;-70,0667;60,8667;-5:0;-240;1;2,8;-243;1;3,1;03:33;9,98;16:01;9,75;21:15;4,83;09:48;4,77
Hopes Advance Bay, Ungava Bay;Saint John, New Brunswick;-69,6333;59,35;-5:0;-239;1,44;0;-240;2,2;0;03:34;10,34;16:02;10,01;21:18;3,81;09:51;3,67
Leaf Bay, Ungava Bay;Saint John, New Brunswick;-69;58,9167;-5:0;-240;1,49;0;-240;2,25;0;03:33;10,70;16:01;10,36;21:18;3,89;09:51;3,76
Leaf Lake, Ungava Bay;Saint John, New Brunswick;-69,6667;58,75;-5:0;-180;1,54;5,8;-180;1,54;5,8;04:33;16,86;17:01;16,50;22:18;8,46;10:51;8,37
Koksoak River Entr;Saint John, New Brunswick;-68,1833;58,5333;-5:0;-230;1,47;0;-233;2;0;03:43;10,55;16:11;10,22;21:25;3,46;09:58;3,34
Port Burwell, Ungava Bay;Saint John, New Brunswick;-64,8667;60,4167;-5:0;-253;1;-6,5;-253;1;-0,9;03:20;0,68;15:48;0,45;21:05;0,83;09:38;0,77
Button Islands;Saint John, New Brunswick;-64,7333;60,6167;-3:30;-158;1;-9,5;-158;1;-0,3;04:55;-2,32;17:23;-2,55;22:40;1,43;11:13;1,37
Williams Harbor;Saint John, New Brunswick;-64,3167;60;-3:30;-187;0,32;0;-207;0,3;0;04:26;2,30;16:54;2,22;21:51;0,52;10:24;0,50
Eclipse Harbor;Halifax, Nova Scotia;-64,15;59,8;-3:30;25;1;-2,4;2;1;-1;04:03;-0,79;16:41;-0,96;10:31;-0,54;22:32;-0,43
Kangalaksiorvik Fjord;Halifax, Nova Scotia;-63,7833;59,3833;-3:30;60;1;-2,6;42;1;-1,5;04:38;-0,99;17:16;-1,16;11:11;-1,04;23:12;-0,93
Nachvak Bay;Halifax, Nova Scotia;-63,5833;59,05;-3:30;4;1;-1,5;-20;1;-1,1;03:42;0,11;16:20;-0,06;10:09;-0,64;22:10;-0,53
Port Manvers;Halifax, Nova Scotia;-61,4167;56,95;-3:30;-55;1;-2,3;-55;1;-1,2;02:43;-0,69;15:21;-0,86;09:34;-0,74;21:35;-0,63
Hebron, Hebron Fjord;Halifax, Nova Scotia;-62,6333;58,2;-3:30;-49;1;-1,4;-65;1;-0,9;02:49;0,21;15:27;0,04;09:24;-0,44;21:25;-0,33
Nain;Halifax, Nova Scotia;-61,6833;56,55;-3:30;-32;1;0,3;54;1;-0,5;03:06;1,91;15:44;1,74;11:23;-0,04;23:24;0,07
Hopedale Harbor;Halifax, Nova Scotia;-60,2167;55,45;-3:30;-46;1;-0,4;-69;1;-0,3;02:52;1,21;15:30;1,04;09:20;0,16;21:21;0,27
Webeck Harbor;Halifax, Nova Scotia;-58,0333;54,9;-3:30;-67;1;-1,3;-98;1;-0,8;02:31;0,31;15:09;0,14;08:51;-0,34;20:52;-0,23
Hamilton Inl & Lake Melville: Indian Harbor;Halifax, Nova Scotia;-57,2;54,45;-3:30;-37;1;-1;-93;1;-0,9;03:01;0,61;15:39;0,44;08:56;-0,44;20:57;-0,33
Hamilton Inl & Lake Melville: Ticoralak Island;Halifax, Nova Scotia;-58,2;54,2833;-3:30;-35;1;-0,9;-55;1;-0,5;03:03;0,71;15:41;0,54;09:34;-0,04;21:35;0,07
Hamilton Inl & Lake Melville: Rigolet;Halifax, Nova Scotia;-58,4167;54,1833;-3:30;-2;1;-1,9;-17;1;-1;03:36;-0,29;16:14;-0,46;10:12;-0,54;22:13;-0,43
Hamilton Inl & Lake Melville: Goose Bay;Halifax, Nova Scotia;-60,4;53,35;-3:30;262;0,27;0,4;264;0,27;0,4;08:00;0,83;20:38;0,79;14:53;0,52;02:54;0,55
Cartwright Harbor;Halifax, Nova Scotia;-57,0333;53,7;-3:30;-3;1;-1,3;-34;1;-0,6;03:35;0,31;16:13;0,14;09:55;-0,14;21:56;-0,03
Curlew Harbor;Halifax, Nova Scotia;-56,55;53,75;-3:30;-7;1;-1,6;-38;1;-0,9;03:31;0,01;16:09;-0,16;09:51;-0,44;21:52;-0,33
Comfort Bight;Halifax, Nova Scotia;-55,7667;53,15;-3:30;-32;1;-1,9;-63;1;-1;03:06;-0,29;15:44;-0,46;09:26;-0,54;21:27;-0,43
Square Island Harbor;Halifax, Nova Scotia;-55,8167;52,7333;-3:30;-34;1;-2;-65;1;-1,1;03:04;-0,39;15:42;-0,56;09:24;-0,64;21:25;-0,53
Port Marnham;Halifax, Nova Scotia;-55,7333;52,3833;-3:30;-43;1;-2,7;-74;1;-1;02:55;-1,09;15:33;-1,26;09:15;-0,54;21:16;-0,43
Battle Harbor;Halifax, Nova Scotia;-55,6;52,2667;-3:30;-63;1;-2,1;-90;1;-0,3;02:35;-0,49;15:13;-0,66;08:59;0,16;21:00;0,27
Strait of Bell Isle: Chateau Bay;Harrington Harbour, Québec;-55,8333;52;-3:30;-188;0,69;0;-199;0,81;0;03:57;1,08;16:01;0,97;21:08;0,58;10:05;0,67
Strait of Bell Isle: RedBay;Harrington Harbour, Québec;-56,4167;51,7167;-3:30;-120;0,56;0;-115;0,56;0;05:05;0,88;17:09;0,79;22:32;0,40;11:29;0,46
Strait of Bell Isle: Forteau Bay;Harrington Harbour, Québec;-56,8833;51,45;-3:30;-26;0,78;0;-17;0,81;0;06:39;1,22;18:43;1,10;00:10;0,58;13:07;0,67
Pistolet Bay;Halifax, Nova Scotia;-55,7333;51,5;-3:30;-14;0,46;0;-28;0,29;0;03:24;0,74;16:02;0,66;10:01;0,13;22:02;0,17
Ariege Bay;Halifax, Nova Scotia;-56;51,1667;-3:30;-34;1;-2,6;-34;1;-1,5;03:04;-0,99;15:42;-1,16;09:55;-1,04;21:56;-0,93
Wild Cove;Halifax, Nova Scotia;-56,1667;50,7;-3:30;-49;1;-2;-61;1;-1,1;02:49;-0,39;15:27;-0,56;09:28;-0,64;21:29;-0,53
Sops Island, White Bay;Halifax, Nova Scotia;-56,7667;49,8333;-3:30;-49;0,46;0;-84;0,29;0;02:49;0,74;15:27;0,66;09:05;0,13;21:06;0,17
Exploits Lower Harbor;Halifax, Nova Scotia;-55,0667;49,5333;-3:30;-34;1;-3,1;-69;1;-1,3;03:04;-1,49;15:42;-1,66;09:20;-0,84;21:21;-0,73
Fogo Harbor;Halifax, Nova Scotia;-54,2667;49,7167;-3:30;-34;1;-2,6;-42;1;-1,3;03:04;-0,99;15:42;-1,16;09:47;-0,84;21:48;-0,73
Valleyfield;Halifax, Nova Scotia;-53,6167;49,1667;-3:30;-46;0,45;0;-73;0,33;0;02:52;0,72;15:30;0,65;09:16;0,15;21:17;0,19
Port Union;Halifax, Nova Scotia;-53,0833;48,5;-3:30;-53;0,49;0;-75;0,48;0;02:45;0,79;15:23;0,71;09:14;0,22;21:15;0,27
Random Head Harbor, Trinity Bay;Halifax, Nova Scotia;-53,5667;48,1;-3:30;-53;0,48;0;-65;0,33;0;02:45;0,77;15:23;0,69;09:24;0,15;21:25;0,19
Harbour Grace, Conception Bay;Halifax, Nova Scotia;-53,2;47,6833;-3:30;-28;0,51;0;46;0,33;0;03:10;0,82;15:48;0,73;11:15;0,15;23:16;0,19
St. John's;Halifax, Nova Scotia;-52,7;47,5667;-3:30;-34;0,52;0;-46;0,38;0;03:04;0,84;15:42;0,75;09:43;0,17;21:44;0,22
Trepassey Harbor;Argentia, Newfoundland;-53,3833;46,7167;-3:30;-19;1;-1,2;-11;1;-0,5;03:51;0,66;16:15;0,53;10:21;0,33;22:08;0,38
St. Mary Harbor, St Mary Bay;Argentia, Newfoundland;-53,5833;46,9167;-3:30;-14;1;-1,2;-6;1;-0,5;03:56;0,66;16:20;0,53;10:26;0,33;22:13;0,38
Placentia Bay: Woody Island;Argentia, Newfoundland;-54,1667;47,7833;-3:30;9;1;-0,5;9;1;-0,3;04:19;1,36;16:43;1,23;10:41;0,53;22:28;0,58
Placentia Bay: Mortier Bay;Argentia, Newfoundland;-55,15;47,1667;-3:30;15;1;-1;26;1;-0,8;04:25;0,86;16:49;0,73;10:58;0,03;22:45;0,08
Great St. Lawrence Harbor;Argentia, Newfoundland;-55,3667;46,9167;-3:30;28;1;-0,7;55;1;0,3;04:38;1,16;17:02;1,03;11:27;1,13;23:14;1,18
St. Pierre Harbor, St Pierre Isl;Argentia, Newfoundland;-56,1667;46,7833;-4:0;-9;1;-0,8;13;1;0,2;04:01;1,06;16:25;0,93;10:45;1,03;22:32;1,08
Fortune Bay: Grande le Pierre Harbor;Argentia, Newfoundland;-54,7833;47,6667;-3:30;69;1;-1;69;1;0,2;05:19;0,86;17:43;0,73;11:41;1,03;23:28;1,08
Fortune Bay: Belleoram;Argentia, Newfoundland;-55,4167;47,5333;-3:30;57;0,67;0,8;57;0,67;0,8;05:07;2,05;17:31;1,96;11:29;1,36;23:16;1,39
Ship Cove, Bay d'Espoir;Argentia, Newfoundland;-55,8333;47,8667;-3:30;45;1;-0,4;53;1;0;04:55;1,46;17:19;1,33;11:25;0,83;23:12;0,88
Great Jervis Harbor, Bay d'Espoir;Argentia, Newfoundland;-56,1833;47,65;-3:30;38;1;-1,1;65;1;0,1;04:48;0,76;17:12;0,63;11:37;0,93;23:24;0,98
Hare Bay;Argentia, Newfoundland;-56,5333;47,6167;-3:30;41;0,67;0,6;68;0,67;0,6;04:51;1,85;17:15;1,76;11:40;1,16;23:27;1,19
Grey River;Argentia, Newfoundland;-57,1167;47,5667;-3:30;45;0,63;0,7;72;0,63;0,7;04:55;1,87;17:19;1,79;11:44;1,22;23:31;1,25
Connoire Bay;Argentia, Newfoundland;-57,9;47,6667;-3:30;50;0,59;0,7;50;0,59;0,7;05:00;1,80;17:24;1,72;11:22;1,19;23:09;1,22
La Poile Bay;Argentia, Newfoundland;-58,4;47,6667;-3:30;75;0,63;0,6;75;0,63;0,6;05:25;1,77;17:49;1,69;11:47;1,12;23:34;1,15
Port Aux Basques;Harrington Harbour, Québec;-59,15;47,5833;-3:30;-84;0,8;0;-88;0,75;0;05:41;1,26;17:45;1,13;22:59;0,54;11:56;0,62
Codroy Road;Harrington Harbour, Québec;-59,4;47,8833;-3:30;-82;0,74;0;-87;0,75;0;05:43;1,16;17:47;1,04;23:00;0,54;11:57;0,62
St. Georges Harbor;Harrington Harbour, Québec;-58,5;48,45;-3:30;-28;0,78;0;-38;0,88;0;06:37;1,22;18:41;1,10;23:49;0,63;12:46;0,73
Port-au-Port;Harrington Harbour, Québec;-58,75;48,55;-3:30;5;1;-1,3;10;1;-1;07:10;0,27;19:14;0,11;00:37;-0,28;13:34;-0,17
Frenchman's Cove, Bay of Islands;Harrington Harbour, Québec;-58,1667;49,0667;-3:30;10;1;-0,5;10;1;0;07:15;1,07;19:19;0,91;00:37;0,72;13:34;0,83
Norris Cove, Bonne Bay;Harrington Harbour, Québec;-57,8667;49,5167;-3:30;10;1;-0,7;10;1;-0,4;07:15;0,87;19:19;0,71;00:37;0,32;13:34;0,43
Portland Cove;Harrington Harbour, Québec;-57,6;50,1833;-3:30;19;1;-0,6;19;1;-0,4;07:24;0,97;19:28;0,81;00:46;0,32;13:43;0,43
Port Saunders;Harrington Harbour, Québec;-57,3;50,65;-3:30;7;1;-0,3;3;1;-0,3;07:12;1,27;19:16;1,11;00:30;0,42;13:27;0,53
Castors Harbor, St John Bay;Harrington Harbour, Québec;-56,9833;50,9167;-3:30;10;0,78;0;10;0,75;0;07:15;1,22;19:19;1,10;00:37;0,54;13:34;0,62
St. Barbe Bay;Harrington Harbour, Québec;-56,7667;51,2;-3:30;0;0,78;0;0;0,56;0;07:05;1,22;19:09;1,10;00:27;0,40;13:24;0,46
Brador Bay;Harrington Harbour, Québec;-57,25;51,4667;-4:0;-35;1;-0,6;-30;1;-0,1;06:30;0,97;18:34;0,81;23:57;0,62;12:54;0,73
Mistanoque Harbor;Harrington Harbour, Québec;-58,2;51,2667;-4:0;-15;1;-0,4;-15;1;-0,1;06:50;1,17;18:54;1,01;00:12;0,62;13:09;0,73
Wapitagun Harbor;Harrington Harbour, Québec;-60,0167;50,2;-4:0;15;1;-0,3;15;1;0,1;07:20;1,27;19:24;1,11;00:42;0,82;13:39;0,93
Kegaska;Harrington Harbour, Québec;-61,2333;50,2;-4:0;40;1;-0,9;40;1;-0,2;07:45;0,67;19:49;0,51;01:07;0,52;14:04;0,63
Natashquan;Harrington Harbour, Québec;-61,8333;50,2;-4:0;60;1;-0,8;70;1;-0,1;08:05;0,77;20:09;0,61;01:37;0,62;14:34;0,73
Betchewun Harbor;Harrington Harbour, Québec;-63,1833;50,2333;-4:0;129;1;-0,7;133;1;-0,4;09:14;0,87;21:18;0,71;02:40;0,32;15:37;0,43
Quebec;Québec (Lauzon), Québec;-71,1833;46,8167;-5:0;0;1;0;0;1;0;01:40;4,00;14:06;4,34;08:33;0,76;21:11;0,80
Gaspe Bay;Pictou, Nova Scotia;-64,4833;48,8333;-4:0;283;1;-1,1;298;1;-0,5;10:19;0,32;22:16;0,56;16:04;0,44;;
Point St. Peter;Pictou, Nova Scotia;-64,1667;48,6333;-4:0;299;0,67;0;311;0,52;0;10:35;0,95;22:32;1,11;16:17;0,49;;
Chaleur Bay: Port Daniel;Pictou, Nova Scotia;-64,95;48,1667;-4:0;327;1;-0,7;342;1;-0,6;11:03;0,72;23:00;0,96;16:48;0,34;;
Chaleur Bay: Paspebiac;Pictou, Nova Scotia;-65,2333;48,0167;-4:0;322;1;-0,4;334;1;-1;10:58;1,02;22:55;1,26;16:40;-0,06;;
Chaleur Bay: Carleton Point;Pictou, Nova Scotia;-66,1167;48,0833;-4:0;331;1;0,8;336;1;-0,7;11:07;2,22;23:04;2,46;16:42;0,24;;
Chaleur Bay, cont.: Campbellton;Pictou, Nova Scotia;-66,6667;48,0167;-4:0;364;1;3,5;400;1;0,9;11:40;4,92;23:37;5,16;17:46;1,84;;
Chaleur Bay, cont.: Dalhousie;Pictou, Nova Scotia;-66,3667;48,0667;-4:0;342;1;2,2;352;1;-0,2;11:18;3,62;23:15;3,86;16:58;0,74;;
Chaleur Bay, cont.: Bathurst;Pictou, Nova Scotia;-65,65;47,6167;-4:0;364;1;-0,3;410;1;-1,1;11:40;1,12;23:37;1,36;17:56;-0,16;;
Chaleur Bay, cont.: Caraquet Harbor;Pictou, Nova Scotia;-64,9333;47,8;-4:0;349;1;-1;350;1;-1,1;11:25;0,42;23:22;0,66;16:56;-0,16;;
Chaleur Bay, cont.: Miscou Harbor;Pictou, Nova Scotia;-64,5833;47,9;-4:0;345;1;-0,5;357;1;-1,1;11:21;0,92;23:18;1,16;17:03;-0,16;;
Old Tracadie Gully Entr;Pictou, Nova Scotia;-64,8667;47,5167;-4:0;385;1;-1,6;396;1;-1,2;12:01;-0,18;23:58;0,06;17:42;-0,26;;
Tracadie;Pictou, Nova Scotia;-64,9167;47,5167;-4:0;415;0,55;0;426;0,35;0;12:31;0,78;00:28;0,91;18:12;0,33;;
Portage Isl, Miramichi Bay;Pictou, Nova Scotia;-65,05;47,15;-4:0;-311;1;-1,7;-299;1;-0,8;00:25;-0,28;12:22;-0,04;06:07;0,14;;
Newcastle, Miramichi Rvr;Pictou, Nova Scotia;-65,5667;47;-4:0;-233;1;-0,7;-193;1;-0,5;01:43;0,72;13:40;0,96;07:53;0,44;;
Cape Tormentine;Pictou, Nova Scotia;-63,7833;46,1333;-4:0;41;1;1,5;63;1;-0,1;06:17;2,92;18:14;3,16;12:09;0,84;;
Tidnish Head, Baie Verte;Pictou, Nova Scotia;-64,0167;46,0167;-4:0;33;1;1,7;54;1;-0,2;06:09;3,12;18:06;3,36;12:00;0,74;;
Tignish;Pictou, Nova Scotia;-64;46,9667;-4:0;-299;1;-2,5;-327;1;-0,8;00:37;-1,08;12:34;-0,84;05:39;0,14;;
Alberton;Pictou, Nova Scotia;-64,05;46,8167;-4:0;-267;1;-2,8;-250;1;-0,7;01:09;-1,38;13:06;-1,14;06:56;0,24;;
Malpeque Bay;Pictou, Nova Scotia;-63,6667;46,5833;-4:0;-209;1;-2,5;-193;1;-0,8;02:07;-1,08;14:04;-0,84;07:53;0,14;;
North Rustico;Pictou, Nova Scotia;-63,2833;46,4667;-4:0;-250;1;-2,7;-244;1;-1;01:26;-1,28;13:23;-1,04;07:02;-0,06;;
St. Peters Bay;Pictou, Nova Scotia;-62,7333;46,4333;-4:0;-232;1;-3,3;-217;1;-1;01:44;-1,88;13:41;-1,64;07:29;-0,06;;
Naufrage;Pictou, Nova Scotia;-62,4167;46,4667;-4:0;-189;1;-2,6;-207;1;-0,8;02:27;-1,18;14:24;-0,94;07:39;0,14;;
Souris Head;Pictou, Nova Scotia;-62,2833;46,3333;-4:0;-83;1;-0,6;-85;1;-0,2;04:13;0,82;16:10;1,06;09:41;0,74;;
Georgetown Harbor;Pictou, Nova Scotia;-62,5333;46,1833;-4:0;-63;1;-0,5;-60;1;-0,1;04:33;0,92;16:30;1,16;10:06;0,84;;
Charlottetown;Pictou, Nova Scotia;-63,1333;46,2167;-4:0;33;1;2,5;42;1;0,5;06:09;3,92;18:06;4,16;11:48;1,44;;
Summerside Harbor;Pictou, Nova Scotia;-63,7833;46,4;-4:0;57;1;0,9;79;1;0,3;06:33;2,32;18:30;2,56;12:25;1,24;;
St. Paul Island;Pictou, Nova Scotia;-60,15;47,2;-4:0;-85;0,64;0;-82;0,57;0;04:11;0,91;16:08;1,06;09:44;0,54;;
Amherst Harbor, Magdalen Isl;Pictou, Nova Scotia;-61,8333;47,2333;-4:0;-65;0,53;0;-67;0,57;0;04:31;0,75;16:28;0,88;09:59;0,54;;
Pugwash;Pictou, Nova Scotia;-63,6667;45,85;-4:0;60;1;1,8;63;1;0;06:36;3,22;18:33;3,46;12:09;0,94;;
Merigomish Harbor;Pictou, Nova Scotia;-62,45;45,65;-4:0;-13;1;-0,3;-1;1;0;05:23;1,12;17:20;1,36;11:05;0,94;;
Cape George;Pictou, Nova Scotia;-61,8833;45,8833;-4:0;-54;1;-1,6;-51;1;-0,8;04:42;-0,18;16:39;0,06;10:15;0,14;;
Antigonish Harbor;Pictou, Nova Scotia;-61,8833;45,6667;-4:0;9;1;-1,7;17;1;-0,5;05:45;-0,28;17:42;-0,04;11:23;0,44;;
Cape Jack;Pictou, Nova Scotia;-61,55;45,7;-4:0;-71;1;-1,8;-78;1;-0,7;04:25;-0,38;16:22;-0,14;09:48;0,24;;
Auld Cove;Pictou, Nova Scotia;-61,4333;45,65;-4:0;-27;0,62;1,3;-33;0,62;1,3;05:09;2,18;17:06;2,33;10:33;1,88;;
Cape Breton Island: Port Hood;Pictou, Nova Scotia;-61,5333;46,0167;-4:0;-46;1;-1,6;-45;1;-0,9;04:50;-0,18;16:47;0,06;10:21;0,04;;
Cape Breton Island: Mabou River Entr;Pictou, Nova Scotia;-61,4667;46,1;-4:0;-53;0,66;0;-64;0,61;0;04:43;0,94;16:40;1,10;10:02;0,57;;
Cape Breton Island: Cheticamp;Pictou, Nova Scotia;-61,0333;46,6167;-4:0;-83;0,56;0;-80;0,74;0;04:13;0,80;16:10;0,93;09:46;0,70;;
Cape Breton Isl, cont: Neil Harbor;Pictou, Nova Scotia;-60,3333;46,8;-4:0;-104;0,69;0;-105;0,65;0;03:52;0,98;15:49;1,15;09:21;0,61;;
Cape Breton Isl, cont: Ingonish Island;Pictou, Nova Scotia;-60,3833;46,6667;-4:0;-100;1;-1,5;-93;1;-0,9;03:56;-0,08;15:53;0,16;09:33;0,04;;
Cape Breton Isl, cont: St. Anns Harbor;Pictou, Nova Scotia;-60,5667;46,25;-4:0;-97;1;-1,4;-100;1;-1;03:59;0,02;15:56;0,26;09:26;-0,06;;
Cape Breton Isl, cont: North Sydney;Pictou, Nova Scotia;-60,25;46,2167;-4:0;-114;0,73;0;-109;0,61;0;03:42;1,04;15:39;1,21;09:17;0,57;;
Cape Breton Isl, cont: Glace Bay;Pictou, Nova Scotia;-59,9167;46,2;-4:0;-119;1;-1,6;-114;1;-0,9;03:37;-0,18;15:34;0,06;09:12;0,04;;
Cape Breton Isl, cont: Louisburg Harbor;Halifax, Nova Scotia;-59,9833;45,9;-4:0;-8;1;-1,6;-14;1;-0,7;03:30;0,01;16:08;-0,16;10:15;-0,24;22:16;-0,13
Cape Breton Isl, cont: Gabarus Cove;Halifax, Nova Scotia;-60,1667;45,85;-4:0;8;1;-1,4;10;1;-0,7;03:46;0,21;16:24;0,04;10:39;-0,24;22:40;-0,13
Cape Breton Isl, cont: St. Peter Bay;Halifax, Nova Scotia;-60,8667;45,6333;-4:0;-12;1;-0,6;-7;1;-0,4;03:26;1,01;16:04;0,84;10:22;0,06;22:23;0,17
Cape Breton Isl, cont: Arichat;Halifax, Nova Scotia;-61,0333;45,5167;-4:0;-25;1;-0,9;-14;1;-0,5;03:13;0,71;15:51;0,54;10:15;-0,04;22:16;0,07
Port Hastings, Strait of Canso;Halifax, Nova Scotia;-61,4;45,65;-4:0;-16;1;0;-12;1;0,2;03:22;1,61;16:00;1,44;10:17;0,66;22:18;0,77
Guysborough;Halifax, Nova Scotia;-61,4833;45,3833;-4:0;6;1;-1,1;18;1;-0,5;03:44;0,51;16:22;0,34;10:47;-0,04;22:48;0,07
Canso Harbor;Halifax, Nova Scotia;-61;45,35;-4:0;-5;1;-1,1;-4;1;-0,6;03:33;0,51;16:11;0,34;10:25;-0,14;22:26;-0,03
Whitehaven Harbor;Halifax, Nova Scotia;-61,2;45,2333;-4:0;-10;1;-1,1;-2;1;-0,4;03:28;0,51;16:06;0,34;10:27;0,06;22:28;0,17
Isaacs Harbor;Halifax, Nova Scotia;-61,6667;45,1833;-4:0;-3;1;-0,6;4;1;-0,1;03:35;1,01;16:13;0,84;10:33;0,36;22:34;0,47
Sonora, St Mary Rvr;Halifax, Nova Scotia;-61,9167;45,05;-4:0;-2;1;-0,7;9;1;-0,6;03:36;0,91;16:14;0,74;10:38;-0,14;22:39;-0,03
Liscomb Harbor;Halifax, Nova Scotia;-62,0333;45;-4:0;-11;1;-0,6;-5;1;-0,4;03:27;1,01;16:05;0,84;10:24;0,06;22:25;0,17
Sheet Harbor;Halifax, Nova Scotia;-62,5;44,9;-4:0;-8;1;-1,1;-4;1;-0,9;03:30;0,51;16:08;0,34;10:25;-0,44;22:26;-0,33
Ship Harbor;Halifax, Nova Scotia;-62,8167;44,7833;-4:0;-7;1;-0,6;-4;1;-0,4;03:31;1,01;16:09;0,84;10:25;0,06;22:26;0,17
Jeddore Harbor;Halifax, Nova Scotia;-63,0167;44,75;-4:0;-6;1;-0,5;-3;1;-0,4;03:32;1,11;16:10;0,94;10:26;0,06;22:27;0,17
Sable Island, North Side;Halifax, Nova Scotia;-60,1;43,95;-4:0;-6;1;-2,7;-12;1;-0,9;03:32;-1,09;16:10;-1,26;10:17;-0,44;22:18;-0,33
Sable Island, South Side;Halifax, Nova Scotia;-59,9;43,9333;-4:0;-2;1;-2,1;-6;1;-1,6;03:36;-0,49;16:14;-0,66;10:23;-1,14;22:24;-1,03
St. Margrets Bay;Halifax, Nova Scotia;-63,9333;44,5167;-4:0;8;1;-0,5;7;1;-0,3;03:46;1,11;16:24;0,94;10:36;0,16;22:37;0,27
Chester, Mahone Bay;Halifax, Nova Scotia;-64,3;44,5667;-4:0;1;1;-0,2;-4;1;-0,2;03:39;1,41;16:17;1,24;10:25;0,26;22:26;0,37
Mahone Harbor, Mahone Bay;Halifax, Nova Scotia;-64,3667;44,45;-4:0;3;1;-0,1;-1;1;-0,2;03:41;1,51;16:19;1,34;10:28;0,26;22:29;0,37
Lunenburg;Halifax, Nova Scotia;-64,3167;44,3667;-4:0;7;1;-0,1;7;1;0,1;03:45;1,51;16:23;1,34;10:36;0,56;22:37;0,67
Riverport, La Have Rvr;Halifax, Nova Scotia;-64,3333;44,2833;-4:0;12;1;-0,3;5;1;-0,4;03:50;1,31;16:28;1,14;10:34;0,06;22:35;0,17
Bridgewater, La Have Rvr;Halifax, Nova Scotia;-64,5167;44,3833;-4:0;9;1;-0,2;6;1;-0,3;03:47;1,41;16:25;1,24;10:35;0,16;22:36;0,27
Liverpool Bay;Halifax, Nova Scotia;-64,6833;44,0333;-4:0;14;1;-0,5;4;1;-0,4;03:52;1,11;16:30;0,94;10:33;0,06;22:34;0,17
Lockeport;Halifax, Nova Scotia;-65,0833;43,7333;-4:0;27;1;-0,2;2;1;-0,4;04:05;1,41;16:43;1,24;10:31;0,06;22:32;0,17
Shelburne;Halifax, Nova Scotia;-65,3;43,75;-4:0;30;1;0,1;35;1;-0,3;04:08;1,71;16:46;1,54;11:04;0,16;23:05;0,27
Barrington Passage;Halifax, Nova Scotia;-65,6;43,5333;-4:0;51;1;1,6;30;1;0,6;04:29;3,21;17:07;3,04;10:59;1,06;23:00;1,17
Swim Point;Halifax, Nova Scotia;-65,6333;43,4333;-4:0;101;1;2,9;63;1;0,1;05:19;4,51;17:57;4,34;11:32;0,56;23:33;0,67
Lower East Pubnico;Saint John, New Brunswick;-65,7667;43,6333;-4:0;-112;0,43;0;-127;0,48;0;05:41;3,09;18:09;2,99;23:11;0,83;11:44;0,80
Yarmouth Harbor;Saint John, New Brunswick;-66,1333;43,8;-4:0;-67;0,53;0;-75;0,42;0;06:26;3,81;18:54;3,68;00:03;0,73;12:36;0,70
Westport, St Mary Bay;Saint John, New Brunswick;-66,35;44,2667;-4:0;-35;0,72;0;-30;0,72;0;06:58;5,17;19:26;5,00;00:48;1,25;13:21;1,20
Tiverton, St Mary Bay;Saint John, New Brunswick;-66,2167;44,4;-4:0;-38;1;-5,6;-30;1;-0,7;06:55;1,58;19:23;1,35;00:48;1,03;13:21;0,97
Weymouth, St Mary Bay;Saint John, New Brunswick;-66,0167;44,45;-4:0;-26;1;-6,5;-22;1;-0,7;07:07;0,68;19:35;0,45;00:56;1,03;13:29;0,97
Digby, Annapolis Basin;Saint John, New Brunswick;-65,75;44,6333;-4:0;-9;1;0,7;-7;1;0,3;07:24;7,88;19:52;7,65;01:11;2,03;13:44;1,97
Annapolis Royal, Annapolis Rvr;Saint John, New Brunswick;-65,5;44,75;-4:0;6;1;2,2;10;1;0,4;07:39;9,38;20:07;9,15;01:28;2,13;14:01;2,07
Port George;Saint John, New Brunswick;-65,1667;45,0167;-4:0;-6;1;6,7;-6;1;0,8;07:27;13,88;19:55;13,65;01:12;2,53;13:45;2,47
Ile Haute;Saint John, New Brunswick;-65;45,25;-4:0;-2;1;7,4;-2;1;0,7;07:31;14,58;19:59;14,35;01:16;2,43;13:49;2,37
Spencer Island;Saint John, New Brunswick;-64,7;45,3333;-4:0;17;1,47;0;21;1,5;0;07:50;10,55;20:18;10,22;01:39;2,59;14:12;2,50
Minas Basin: Parrsboro (Partridge Isl);Saint John, New Brunswick;-64,3333;45,3667;-4:0;51;1;14,7;49;1;0;08:24;21,88;20:52;21,65;02:07;1,73;14:40;1,67
Minas Basin: Horton Bluff, Avon Rvr;Saint John, New Brunswick;-64,2167;45,1;-4:0;58;1,76;0;62;1,38;0;08:31;12,64;20:59;12,23;02:20;2,39;14:53;2,30
Minas Basin: Windsor;Saint John, New Brunswick;-64,1333;45;-4:0;63;1;19,5;70;1;111,1;08:36;26,68;21:04;26,45;02:28;112,83;15:01;112,77
Minas Basin: Burntcoat Head;Saint John, New Brunswick;-63,8167;45,3;-4:0;66;1,9;0;72;2,18;0;08:39;13,64;21:07;13,21;02:30;3,77;15:03;3,64
Minas Basin: Truro;Saint John, New Brunswick;-63,3333;45,3667;-4:0;103;1;26,1;110;1;111,1;09:16;33,28;21:44;33,05;03:08;112,83;15:41;112,77
Spicer Cove, Chignecto Bay;Saint John, New Brunswick;-64,9;45,4333;-4:0;12;1;7;16;1;0,8;07:45;14,18;20:13;13,95;01:34;2,53;14:07;2,47
Joggins;Saint John, New Brunswick;-64,4667;45,6833;-4:0;14;1;14,2;26;1;1,8;07:47;21,38;20:15;21,15;01:44;3,53;14:17;3,47
Amherst Point, Cumberland Basin;Saint John, New Brunswick;-64,2833;45,8333;-4:0;33;1,69;0;45;1,55;0;08:06;12,13;20:34;11,75;02:03;2,68;14:36;2,59
Petitcodiak River: Grindstone Island;Saint John, New Brunswick;-64,6167;45,7167;-4:0;21;1,49;0;28;1,45;0;07:54;10,70;20:22;10,36;01:46;2,51;14:19;2,42
Petitcodiak River: Hopewell Cape;Saint John, New Brunswick;-64,5833;45,8667;-4:0;14;1,64;0;39;1,85;0;07:47;11,78;20:15;11,40;01:57;3,20;14:30;3,09
Petitcodiak River: Moncton;Saint John, New Brunswick;-64,7667;46,0833;-4:0;46;1;17,2;55;1;111,1;08:19;24,38;20:47;24,15;02:13;112,83;14:46;112,77
Petitcodiak River: Salisbury;Saint John, New Brunswick;-65,05;46,0167;-4:0;91;1;18,2;110;1;111,1;09:04;25,38;21:32;25,15;03:08;112,83;15:41;112,77
Herring Cove;Saint John, New Brunswick;-64,9667;45,5833;-4:0;22;1;8,4;20;1;0,9;07:55;15,58;20:23;15,35;01:38;2,63;14:11;2,57
Quaco Bay;Saint John, New Brunswick;-65,5333;45,3333;-4:0;11;1;2;12;1;-0,3;07:44;9,18;20:12;8,95;01:30;1,43;14:03;1,37
Saint John;Saint John, New Brunswick;-66,0667;45,25;-4:0;0;1;0;0;1;0;07:33;7,18;20:01;6,95;01:18;1,73;13:51;1,67
Lepreau Harbor;Saint John, New Brunswick;-66,4833;45,1167;-4:0;-1;1;-2,3;3;1;-0,5;07:32;4,88;20:00;4,65;01:21;1,23;13:54;1,17
L'Etang Harbor;Saint John, New Brunswick;-66,8167;45,0333;-4:0;1;1;-3,2;5;1;-0,8;07:34;3,98;20:02;3,75;01:23;0,93;13:56;0,87
North Head, Grand Manan Isl;Saint John, New Brunswick;-66,75;44,7667;-4:0;-5;1;-4,5;-5;1;-0,9;07:28;2,68;19:56;2,45;01:13;0,83;13:46;0,77
Seal Cove, Grand Manan Isl;Saint John, New Brunswick;-66,85;44,6167;-4:0;-15;0,68;0;-17;0,65;0;07:18;4,88;19:46;4,73;01:01;1,12;13:34;1,09
Outer Wood Island;Saint John, New Brunswick;-66,8;44,6;-4:0;-25;1;-7,8;-27;1;-0,8;07:08;-0,62;19:36;-0,85;00:51;0,93;13:24;0,87
Welshpool, Campobello Isl;Saint John, New Brunswick;-66,95;44,8833;-4:0;-1;1;-3,5;6;1;-1;07:32;3,68;20:00;3,45;01:24;0,73;13:57;0,67
Wilsons Beach, Campobello Isl;Saint John, New Brunswick;-66,9333;44,9333;-4:0;0;1;-3,7;1;1;0,1;07:33;3,48;20:01;3,25;01:19;1,83;13:52;1,77
Back Bay, Letite Hbr;Saint John, New Brunswick;-66,8667;45,05;-4:0;0;1;-3,5;-3;1;0;07:33;3,68;20:01;3,45;01:15;1,73;13:48;1,67
Midjik Bluff, Passamaquoddy Bay;Saint John, New Brunswick;-66,9;45,1167;-4:0;12;1;-2;17;1;-0,5;07:45;5,18;20:13;4,95;01:35;1,23;14:08;1,17
St. Andrews, Passamaquoddy Bay;Saint John, New Brunswick;-67,05;45,0667;-4:0;14;1;-2,3;20;1;0;07:47;4,88;20:15;4,65;01:38;1,73;14:11;1,67
The Ledge, St Croix Rvr;Saint John, New Brunswick;-67,2;45,1667;-4:0;17;1;-0,8;30;1;0;07:50;6,38;20:18;6,15;01:48;1,73;14:21;1,67
Matamoros;Tampico, Tamaulipas, Mexico;-97,5167;25,8833;-6:0;55;1;0;40;1;0;14:29;0,38;;;05:33;0,07;;
Tuxpan;Tampico, Tamaulipas, Mexico;-97,3333;21;-6:0;2;1,21;0;4;1,21;0;13:36;0,46;;;04:57;0,08;;
Veracruz;Tampico, Tamaulipas, Mexico;-96,1333;19,2;-6:0;-19;1,21;0;-12;1,21;0;13:15;0,46;;;04:41;0,08;;
Alvarado;Tampico, Tamaulipas, Mexico;-95,7667;18,7667;-6:0;51;0,93;0;27;0,93;0;14:25;0,35;;;05:20;0,07;;
Coatzcoalcos;Tampico, Tamaulipas, Mexico;-94,4167;18,15;-6:0;-40;1,07;0;5;1,07;0;12:54;0,41;;;04:58;0,07;;
Frontera;Tampico, Tamaulipas, Mexico;-92,65;18,5333;-6:0;-18;1,14;0;-27;1,14;0;13:16;0,43;;;04:26;0,08;;
Progreso;Tampico, Tamaulipas, Mexico;-89,6667;21,3;-6:0;79;1,29;0;23;1,29;0;14:53;0,49;;;05:16;0,09;;
Falkland Islands: Port Louis (Berkeley Sound);Pictou, Nova Scotia;-58,15;-51,55;-4:0;470;1;-0,9;467;1;-1;13:26;0,52;01:23;0,76;18:53;-0,06;;
Falkland Islands: Stanley Harbor;Pictou, Nova Scotia;-57,85;-52,7;-4:0;471;1;-1;468;1;-1;13:27;0,42;01:24;0,66;18:54;-0,06;;
South Georgia: Royal Bay (Moltke Hrbr);Pictou, Nova Scotia;-36,0167;-54,5167;-2:2;598;0,36;0;619;0,13;0;15:34;0,51;03:31;0,60;21:25;0,12;;
South Georgia: Leith Harbor;Pictou, Nova Scotia;-36,6833;-54,1333;-2:2;555;0,64;0;575;0,65;0;14:51;0,91;02:48;1,06;20:41;0,61;;
South Orkneys: Scotia Bay, Laurie Island;Pictou, Nova Scotia;-44,65;-60,7333;-3:0;501;1;-0,3;512;1;-0,6;13:57;1,12;01:54;1,36;19:38;0,34;;
South Shetlands: Port Foster;Pictou, Nova Scotia;-60,5667;-62,9667;-3:0;506;1;0;518;1;-0,1;14:02;1,42;01:59;1,66;19:44;0,84;;
South Shetlands: Admiralty Bay;Pictou, Nova Scotia;-58,4;-62,05;-3:0;589;1;-0,5;605;1;-0,4;15:25;0,92;03:22;1,16;21:11;0,54;;
Puerto Angel;Salina Cruz, Oaxaca, Mexico;-96,5;15,65;-6:0;-4;1;-0,7;-4;1;0;09:52;-0,10;22:33;0,14;04:05;-0,06;15:55;-0,13
Acapulco;Salina Cruz, Oaxaca, Mexico;-99,9167;16,8333;-6:0;-25;1;-1,9;-24;1;0,1;09:31;-1,30;22:12;-1,06;03:45;0,04;15:35;-0,03
Puerto Vallarta;Puerto Vallarta, Jalisco, Mexico;-105,2333;20,6;-6:0;0;1;0;0;1;0;06:16;1,01;19:40;0,77;13:17;0,17;;
La Paz;Guaymas, Sonora, Mexico;-110,35;24,1667;-7:0;56;1;0,8;-47;1;0;06:33;1,45;;;13:15;-0,02;;
La Paz;La Paz, Baja California Sur, Mexico;-110,3;24,15;-7:0;0;1;0;0;1;0;05:31;0,90;19:36;0,55;13:07;0,10;23:25;0,46
San Felipe;Puerto Penasco, Sonora, Mexico;-111;31,3;-8:0;-60;1;0;-60;1;0;09:50;3,02;22:49;3,59;04:08;1,27;16:09;0,43
Isla Guadalupe;Isla Guadalupe, Baja California Norte, Mexico;-116,2833;28,8667;-8:0;0;1;0;0;1;0;05:14;1,31;18:25;0,80;12:24;0,17;23:09;0,47
Sooke, Vancouver Isl;Victoria, British Columbia;-123,7333;48,3667;-8:0;-11;1;0,8;-33;1;0,5;10:10;3,56;;;18:13;1,63;;
Esquimalt, Vancouver Isl;Victoria, British Columbia;-123,4333;48,4333;-8:0;12;1;0;17;1;-0,1;10:33;2,76;;;19:03;1,03;;
Victoria, Vancouver Isl;Victoria, British Columbia;-123,3833;48,4333;-8:0;0;1;0;0;1;0;10:21;2,76;;;18:46;1,13;;
Ola Anchorage, Tauiskaya Bay;Simonoseki Sanbasi, Yamaguti, Japan;151,2667;59,5667;11:0;12;1;3,7;24;1;2,2;04:33;5,31;16:54;5,41;10:50;3,04;23:41;2,85
Nagaeva Bay, Tauiskaya Bay;Simonoseki Sanbasi, Yamaguti, Japan;150,6833;59,5167;11:0;-9;1,61;2,3;-18;1,61;2,3;04:12;4,89;16:33;5,05;10:08;3,65;22:59;3,35
Okhotsk;Simonoseki Sanbasi, Yamaguti, Japan;143,1667;59,35;10:0;182;1;3,7;175;1;2,2;07:23;5,31;19:44;5,41;13:21;3,04;02:12;2,85
Ayan Bay;Brisbane Bar, Australia;138,15;56,45;10:0;213;1;2,2;205;1;1,3;08:57;3,79;20:56;3,79;14:50;1,89;03:14;1,55
Udskaya Bay;Brisbane Bar, Australia;135,3;54,7;10:0;428;1;2,7;419;1;1;12:32;4,29;00:31;4,29;18:24;1,59;06:48;1,25
Levyazhya Bay, Feklistov Isl;Brisbane Bar, Australia;136,7667;54,9;10:0;397;2,5;0,7;389;2,5;0,7;12:01;4,67;00:00;4,67;17:54;2,17;06:18;1,32
Abrek Bay, Little Shantar Isl;Brisbane Bar, Australia;137,6167;54,4;10:0;410;2,12;0,2;402;2,12;0,2;12:14;3,57;00:13;3,57;18:07;1,45;06:31;0,73
Rausu Hakuchi;Kamaisi, Iwate, Japan;145,2;44,0167;9:0;-47;0,65;0,4;-47;0,65;0,4;09:56;1,20;;;03:25;0,87;17:29;0,77
Nemuro Ko;Kamaisi, Iwate, Japan;145,5833;43,3333;9:0;-32;1;0,1;-34;1;0;10:11;1,33;;;03:38;0,73;17:42;0,57
Hanasaki;Kamaisi, Iwate, Japan;145,5833;43,2833;9:0;-7;1;-0,3;-5;1;-0,1;10:36;0,93;;;04:07;0,63;18:11;0,47
Ochiishi Wan;Kamaisi, Iwate, Japan;145,5167;43,1667;9:0;-22;1;-0,1;-25;1;0;10:21;1,13;;;03:47;0,73;17:51;0,57
Kiritappu Jima, Hamanaka Wan;Kamaisi, Iwate, Japan;145,1667;43,0667;9:0;-28;1;-0,2;-30;1;-0,1;10:15;1,03;;;03:42;0,63;17:46;0,47
Akkeshi Wan;Kamaisi, Iwate, Japan;144,85;43,0333;9:0;-23;1;-0,2;-25;1;-0,2;10:20;1,03;;;03:47;0,53;17:51;0,37
Kushiro Ko;Kamaisi, Iwate, Japan;144,3667;42,9667;9:0;-8;1;0;-15;1;0;10:35;1,23;;;03:57;0,73;18:01;0,57
Rubeshibetsu Saki;Kamaisi, Iwate, Japan;143,3333;42,2;9:0;-26;1;-0,2;-28;1;-0,1;10:17;1,03;;;03:44;0,63;17:48;0,47
Utaro;Kamaisi, Iwate, Japan;143,2;41,9667;9:0;-16;1;0;-18;1;-0,1;10:27;1,23;;;03:54;0,63;17:58;0,47
Muroran Ko;Kamaisi, Iwate, Japan;140,9667;42,3167;9:0;-29;1;0,6;-19;1;0,3;10:14;1,83;;;03:53;1,03;17:57;0,87
Usu Wan, Iburi Wan;Kamaisi, Iwate, Japan;140,7667;42,5167;9:0;-14;1;0,3;-16;1;0;10:29;1,53;;;03:56;0,73;18:00;0,57
Mori Ko, Iburi Wan;Kamaisi, Iwate, Japan;140,6;42,1167;9:0;-19;1;0;-21;1;-0,1;10:24;1,23;;;03:51;0,63;17:55;0,47
Usujiri Wan;Kamaisi, Iwate, Japan;140,95;41,9333;9:0;-15;1;-0,2;-17;1;-0,1;10:28;1,03;;;03:55;0,63;17:59;0,47
Shiokubi Saki;Kamaisi, Iwate, Japan;140,9667;41,7167;9:0;16;1;0;14;1;0;10:59;1,23;;;04:26;0,73;18:30;0,57
Hakodate Ko;Kamaisi, Iwate, Japan;140,7167;41,7833;9:0;0;0,74;-0,2;10;0,74;-0,2;10:43;0,71;;;04:22;0,34;18:26;0,22
Wakimoto;Kamaisi, Iwate, Japan;140,4333;41,5667;9:0;9;0,65;-0,1;7;0,65;-0,1;10:52;0,70;;;04:19;0,37;18:23;0,27
Yoshioka;Kamaisi, Iwate, Japan;140,2333;41,45;9:0;38;0,48;-0,1;35;0,48;-0,1;11:21;0,49;;;04:47;0,25;18:51;0,17
Tappi Saki;Naha, Okinawa, Japan;140,35;41,25;9:0;-233;0,24;0,2;-233;0,24;0,2;23:08;0,52;11:15;0,59;04:49;0,39;18:09;0,34
Mimmaya, Mimaya Wan;Naha, Okinawa, Japan;140,4333;41,2;9:0;-247;0,24;0;-248;0,24;0;22:54;0,32;11:01;0,39;04:34;0,19;17:54;0,14
Aomori Ko, Mutsu Kaiwan;Naha, Okinawa, Japan;140,7333;40,8333;9:0;-251;0,34;0;-252;0,34;0;22:50;0,46;10:57;0,55;04:30;0,27;17:50;0,19
Shiranai Wan, Mutsu Kaiwan;Naha, Okinawa, Japan;140,9667;40,95;9:0;-249;0,32;0;-250;0,32;0;22:52;0,43;10:59;0,52;04:32;0,25;17:52;0,18
Ominato Ko, Mutsu Kaiwan;Naha, Okinawa, Japan;141,15;41,25;9:0;-252;0,32;0;-229;0,28;0;22:49;0,43;10:56;0,52;04:53;0,22;18:13;0,16
Oma;Naha, Okinawa, Japan;140,9;41,5333;9:0;-249;0,37;0;-250;0,37;0;22:52;0,50;10:59;0,60;04:32;0,29;17:52;0,21
Ohata;Naha, Okinawa, Japan;141,1667;41,4;9:0;-251;0,49;0,4;-252;0,49;0,4;22:50;1,06;10:57;1,19;04:30;0,79;17:50;0,68
Shiriya;Kamaisi, Iwate, Japan;141,45;41,4;9:0;-12;1;0,4;-15;1;0,2;10:31;1,63;;;03:57;0,93;18:01;0,77
Tomari;Kamaisi, Iwate, Japan;141,4;41,0833;9:0;-10;1;0,1;-13;1;-0,1;10:33;1,33;;;03:59;0,63;18:03;0,47
Hachinohe Ko;Kamaisi, Iwate, Japan;141,55;40,5333;9:0;-16;1;-0,2;-15;1;-0,1;10:27;1,03;;;03:57;0,63;18:01;0,47
Kuji Wan;Kamaisi, Iwate, Japan;141,8167;40,1833;9:0;-10;1;0,1;-13;1;0;10:33;1,33;;;03:59;0,73;18:03;0,57
Miyako Ko;Kamaisi, Iwate, Japan;141,9667;39,6333;9:0;0;1;-0,2;6;1;-0,1;10:43;1,03;;;04:18;0,63;18:22;0,47
Yamado Ko;Kamaisi, Iwate, Japan;141,9667;39,4667;9:0;-9;1;-0,1;-11;1;-0,1;10:34;1,13;;;04:01;0,63;18:05;0,47
Kesennuma Wan;Kamaisi, Iwate, Japan;141,6167;38,8833;9:0;2;1;-0,1;0;1;-0,1;10:45;1,13;;;04:12;0,63;18:16;0,47
Oginohama Ko;Kamaisi, Iwate, Japan;141,4333;38,3833;9:0;8;1;0,4;6;1;0,1;10:51;1,63;;;04:18;0,83;18:22;0,67
Same Ura, Nobiru Wan;Kamaisi, Iwate, Japan;141,1667;38,35;9:0;14;1;0,2;12;1;0,1;10:57;1,43;;;04:24;0,83;18:28;0,67
Hirakata Wan;Kamaisi, Iwate, Japan;140,8;36,85;9:0;11;1;-0,1;8;1;-0,1;10:54;1,13;;;04:20;0,63;18:24;0,47
Choshi Ko (Inside);Kamaisi, Iwate, Japan;140,8333;35,7333;9:0;48;0,65;0;45;0,65;0;11:31;0,80;;;04:57;0,47;19:01;0,37
Nagasaki, Inubo Saki;Kamaisi, Iwate, Japan;140,8667;35,7;9:0;45;1;0,1;43;1;0;11:28;1,33;;;04:55;0,73;18:59;0,57
Katsuura Wan;Yokohama-Sinko, Kanagawa, Japan;140,3;35,1333;9:0;-43;0,78;0;-35;0,8;0;23:51;0,99;11:42;1,19;05:48;0,75;19:21;0,54
Kamogawa, Kamogawa Wan;Yokohama-Sinko, Kanagawa, Japan;140,1;35,1;9:0;-31;0,74;0,2;-22;0,74;0,2;00:03;1,14;11:54;1,33;06:01;0,90;19:34;0,70
Otohama;Yokohama-Sinko, Kanagawa, Japan;139,9333;34,9167;9:0;-31;0,74;0,1;-22;0,74;0,1;00:03;1,04;11:54;1,23;06:01;0,80;19:34;0,60
Tokyo Wan: Tateyama Wan;Yokohama-Sinko, Kanagawa, Japan;139,85;35,0167;9:0;-22;0,83;0;-14;0,83;0;00:12;1,05;12:03;1,27;06:09;0,78;19:42;0,56
Tokyo Wan: Uraga Ko;Yokohama-Sinko, Kanagawa, Japan;139,7167;35,2333;9:0;-12;0,83;0,1;-4;0,83;0,1;00:22;1,15;12:13;1,37;06:19;0,88;19:52;0,66
Tokyo Wan: Yokosuka Ko;Yokohama-Sinko, Kanagawa, Japan;139,6667;35,2833;9:0;-4;0,91;0;-4;0,91;0;00:30;1,16;12:21;1,39;06:19;0,86;19:52;0,62
Tokyo Wan: Yokohama;Yokohama-Sinko, Kanagawa, Japan;139,6667;35,4333;9:0;0;1;0;0;1;0;00:34;1,27;12:25;1,53;06:23;0,94;19:56;0,68
Tokyo Wan: Shinagawa, Tokyo Ko;Yokohama-Sinko, Kanagawa, Japan;139,75;35,6167;9:0;2;1;0;11;1;-0,1;00:36;1,27;12:27;1,53;06:34;0,84;20:07;0,58
Tokyo Wan: Chiba;Yokohama-Sinko, Kanagawa, Japan;140,1167;35,6;9:0;-6;1;0,4;2;1;0,1;00:28;1,67;12:19;1,93;06:25;1,04;19:58;0,78
Aburatsubo;Yokohama-Sinko, Kanagawa, Japan;139,6167;35,15;9:0;-8;0,77;0,1;0;0,77;0,1;00:26;1,08;12:17;1,28;06:23;0,82;19:56;0,62
Koto Wan;Yokohama-Sinko, Kanagawa, Japan;139,6167;35,2167;9:0;-23;0,8;0;-14;0,8;0;00:11;1,02;12:02;1,22;06:09;0,75;19:42;0,54
Ajiro Ko;Yokohama-Sinko, Kanagawa, Japan;139,0833;35,05;9:0;-21;0,77;0,1;-12;0,77;0,1;00:13;1,08;12:04;1,28;06:11;0,82;19:44;0,62
Shimoda Ko;Yokohama-Sinko, Kanagawa, Japan;138,95;34,6667;9:0;5;0,86;0;14;0,86;0;00:39;1,09;12:30;1,32;06:37;0,81;20:10;0,58
Merakoura Ko;Yokohama-Sinko, Kanagawa, Japan;138,7833;34,6667;9:0;23;0,85;0;31;0,85;0;00:57;1,08;12:48;1,30;06:54;0,80;20:27;0,58
Tago Minato;Yokohama-Sinko, Kanagawa, Japan;138,7667;34,8;9:0;25;0,89;-0,1;33;0,89;-0,1;00:59;1,03;12:50;1,26;06:56;0,74;20:29;0,51
Eno Ura;Yokohama-Sinko, Kanagawa, Japan;138,8833;35,0167;9:0;32;0,8;0;41;0,8;0;01:06;1,02;12:57;1,22;07:04;0,75;20:37;0,54
Shimizu Ko;Yokohama-Sinko, Kanagawa, Japan;138,5;35;9:0;32;0,85;0;36;0,85;0;01:06;1,08;12:57;1,30;06:59;0,80;20:32;0,58
Omai Saki;Yokohama-Sinko, Kanagawa, Japan;138,2167;34,6;9:0;18;0,89;0;27;0,85;0;00:52;1,13;12:43;1,36;06:50;0,80;20:23;0,58
Shino Shima, Mikawa Wan;Yokohama-Sinko, Kanagawa, Japan;137;34,6833;9:0;54;1;0,8;63;1;0;01:28;2,07;13:19;2,33;07:26;0,94;20:59;0,68
Gamagori, Mikawa Wan;Yokohama-Sinko, Kanagawa, Japan;137,2333;34,8167;9:0;56;1;1,3;64;1;0,1;01:30;2,57;13:21;2,83;07:27;1,04;21:00;0,78
Nagoya Ko, Iseno Umi;Yokohama-Sinko, Kanagawa, Japan;136,8833;35,0833;9:0;61;1,4;-0,6;65;1,4;-0,6;01:35;1,18;13:26;1,54;07:28;0,72;21:01;0,35
Yokkaichi Ko, Iseno Umi;Yokohama-Sinko, Kanagawa, Japan;136,6333;34,95;9:0;61;1;1;70;1;0;01:35;2,27;13:26;2,53;07:33;0,94;21:06;0,68
Tsu Ko, Iseno Umi;Yokohama-Sinko, Kanagawa, Japan;136,5333;34,7167;9:0;59;1;1,2;67;1;0,1;01:33;2,47;13:24;2,73;07:30;1,04;21:03;0,78
Toba Ko;Yokohama-Sinko, Kanagawa, Japan;136,85;34,4833;9:0;54;1;0,3;68;1;-0,1;01:28;1,57;13:19;1,83;07:31;0,84;21:04;0,58
Matoya Ko;Yokohama-Sinko, Kanagawa, Japan;136,8667;34,3667;9:0;40;0,89;0;49;0,85;0;01:14;1,13;13:05;1,36;07:12;0,80;20:45;0,58
Hamashima, Ago Wan;Yokohama-Sinko, Kanagawa, Japan;136,75;34,2833;9:0;49;0,91;0;58;0,85;0;01:23;1,16;13:14;1,39;07:21;0,80;20:54;0,58
Gokasho Ko;Yokohama-Sinko, Kanagawa, Japan;136,6667;34,3167;9:0;31;0,91;0;39;0,85;0;01:05;1,16;12:56;1,39;07:02;0,80;20:35;0,58
Hikimoto Ura, Owashi Wan;Yokohama-Sinko, Kanagawa, Japan;136,25;34,0833;9:0;44;0,93;0;49;0,9;0;01:18;1,18;13:09;1,42;07:12;0,85;20:45;0,61
Katsuura Wan;Yokohama-Sinko, Kanagawa, Japan;135,95;33,6167;9:0;42;0,91;0;51;0,85;0;01:16;1,16;13:07;1,39;07:14;0,80;20:47;0,58
Urakami Ko;Yokohama-Sinko, Kanagawa, Japan;135,9;33,55;9:0;44;1;-0,4;53;1;-0,3;01:18;0,87;13:09;1,13;07:16;0,64;20:49;0,38
Kushimoto, Fukuro Ko;Yokohama-Sinko, Kanagawa, Japan;135,7667;33,4667;9:0;53;0,91;0;62;0,85;0;01:27;1,16;13:18;1,39;07:25;0,80;20:58;0,58
Susami;Yokohama-Sinko, Kanagawa, Japan;135,5;33,55;9:0;56;1;-0,1;65;1;-0,1;01:30;1,17;13:21;1,43;07:28;0,84;21:01;0,58
Tanabe Ko;Yokohama-Sinko, Kanagawa, Japan;135,3667;33,7167;9:0;47;1;-0,1;56;1;-0,3;01:21;1,17;13:12;1,43;07:19;0,64;20:52;0,38
Mio;Yokohama-Sinko, Kanagawa, Japan;135,0833;33,8833;9:0;50;1;-0,2;58;1;-0,2;01:24;1,07;13:15;1,33;07:21;0,74;20:54;0,48
Habu Ko, O Shima;Yokohama-Sinko, Kanagawa, Japan;139,4333;34,6833;9:0;-28;0,77;0,2;-20;0,77;0,2;00:06;1,18;11:57;1,38;06:03;0,92;19:36;0,72
Shikine Shima;Yokohama-Sinko, Kanagawa, Japan;139,2167;34,3167;9:0;6;0,8;0,2;15;0,8;0,2;00:40;1,22;12:31;1,42;06:38;0,95;20:11;0,74
Kaminato Hakuchi, Hachijo Jima;Yokohama-Sinko, Kanagawa, Japan;139,8;33,1333;9:0;-5;0,66;0,2;4;0,66;0,2;00:29;1,04;12:20;1,21;06:27;0,82;20:00;0,65
Tori Shima;Yokohama-Sinko, Kanagawa, Japan;140,3167;30,4833;9:0;39;0,63;0,1;47;0,63;0,1;01:13;0,90;13:04;1,06;07:10;0,69;20:43;0,53
Muko Jima, Ogasawara Gunto;Yokohama-Sinko, Kanagawa, Japan;142,1333;27,6833;9:0;50;0,63;-0,1;50;0,63;-0,1;01:24;0,70;13:15;0,86;07:13;0,49;20:46;0,33
Futami Ko, Ogasawara Gunto;Yokohama-Sinko, Kanagawa, Japan;142,1833;27,0833;9:0;47;0,57;0;55;0,57;0;01:21;0,72;13:12;0,87;07:18;0,54;20:51;0,39
Okimura, Ogasawara Gunto;Yokohama-Sinko, Kanagawa, Japan;142,15;26,6333;9:0;65;0,63;-0,1;73;0,63;-0,1;01:39;0,70;13:30;0,86;07:36;0,49;21:09;0,33
Ishino, Kita Iwo Jima, Kazan Retto;Yokohama-Sinko, Kanagawa, Japan;141,3;25,4333;9:0;99;0,51;0;99;0,51;0;02:13;0,65;14:04;0,78;08:02;0,48;21:35;0,35
Nishi, Iwo Jima, Kazan Retto;Yokohama-Sinko, Kanagawa, Japan;141,3;24,8;9:0;95;0,51;0;103;0,51;0;02:09;0,65;14:00;0,78;08:06;0,48;21:39;0,35
Kannoura Ko;Naha, Okinawa, Japan;134,3;33,55;9:0;-85;1;-0,5;-85;1;0;01:36;0,84;13:43;1,11;07:17;0,79;20:37;0,57
Muroto Saki;Naha, Okinawa, Japan;134,15;33,2833;9:0;-82;1;0;-83;1;0,1;01:39;1,34;13:46;1,61;07:19;0,89;20:39;0,67
Urado Ko;Naha, Okinawa, Japan;133,5667;33,5;9:0;-75;0,92;0;-72;0,92;0;01:46;1,23;13:53;1,48;07:30;0,73;20:50;0,52
Susaki Ko;Naha, Okinawa, Japan;133,2833;33,4;9:0;-79;1;-0,3;-80;1;0;01:42;1,04;13:49;1,31;07:22;0,79;20:42;0,57
Kii Suido: Hii Wan;Yokohama-Sinko, Kanagawa, Japan;135,0833;33,9167;9:0;68;1;-0,3;77;1;-0,2;01:42;0,97;13:33;1,23;07:40;0,74;21:13;0,48
Kii Suido: Shimotsu Ura, Osaki Wan;Yokohama-Sinko, Kanagawa, Japan;135,1333;34,1167;9:0;75;1;-0,2;83;1;-0,1;01:49;1,07;13:40;1,33;07:46;0,84;21:19;0,58
Kii Suido: Wakanoura Wan;Yokohama-Sinko, Kanagawa, Japan;135,1833;34,1833;9:0;104;0,89;0,2;106;0,89;0,2;02:18;1,33;14:09;1,56;08:09;1,04;21:42;0,81
Kii Suido: Tachibana Ura;Yokohama-Sinko, Kanagawa, Japan;134,65;33,8667;9:0;55;1;-0,4;64;1;-0,3;01:29;0,87;13:20;1,13;07:27;0,64;21:00;0,38
Kii Suido: Komatsushima Ko;Yokohama-Sinko, Kanagawa, Japan;134,6;34,0167;9:0;63;0,87;0;71;0,85;0;01:37;1,10;13:28;1,33;07:34;0,80;21:07;0,58
Tomoga Shima, Tomogashima Suido;Kobe, Hyogo, Japan;135;34,2833;9:0;-46;1;0,6;-44;1;0,1;04:36;1,51;14:32;1,72;08:46;0,96;22:34;0,62
Yura Ko, Tomogashima Suido;Kobe, Hyogo, Japan;134,95;34,2667;9:0;-48;1;0;-48;1;-0,1;04:34;0,91;14:30;1,12;08:42;0,76;22:30;0,42
Izumi Nada: Sumoto;Kobe, Hyogo, Japan;134,9;34,3333;9:0;-27;0,98;0;-42;0,98;0;04:55;0,89;14:51;1,10;08:48;0,84;22:36;0,51
Izumi Nada: Osaka Ko;Kobe, Hyogo, Japan;135,4333;34,65;9:0;-6;1;0,2;-11;1;0,1;05:16;1,11;15:12;1,32;09:19;0,96;23:07;0,62
Izumi Nada: Karumo Jima;Kobe, Hyogo, Japan;135,1667;34,65;9:0;5;1;0,1;-4;1;0,1;05:27;1,01;15:23;1,22;09:26;0,96;23:14;0,62
Akashi Ko, Akashi Seto;Kobe, Hyogo, Japan;135;34,65;9:0;1111;0,67;0;48;0,67;0;23:53;0,61;09:49;0,75;10:18;0,58;00:06;0,35
E Saki, Awaji, Akashi Seto;Kobe, Hyogo, Japan;134,9833;34,6;9:0;1111;0,65;0;55;0,65;0;23:53;0,59;09:49;0,73;10:25;0,56;00:13;0,34
Murotsu, Awaji;Sakate (Syodo Sima), Kagawa, Japan;134,8667;34,5167;9:0;19;0,64;0,5;23;0,64;0,5;08:01;1,25;19:33;1,30;01:24;0,74;13:23;0,93
Ei, Awaji;Sakate (Syodo Sima), Kagawa, Japan;134,8333;34,4667;9:0;19;0,68;0,4;9;0,68;0,4;08:01;1,20;19:33;1,25;01:10;0,66;13:09;0,86
Anaga Ura, Awaji;Sakate (Syodo Sima), Kagawa, Japan;134,6667;34,2667;9:0;29;0,86;0,2;37;0,86;0,2;08:11;1,21;19:43;1,27;01:38;0,53;13:37;0,78
Ajiro, Naruto;Sakate (Syodo Sima), Kagawa, Japan;134,6333;34,2333;9:0;53;0,92;0;57;0,89;0;08:35;1,08;20:07;1,15;01:58;0,34;13:57;0,60
Fukura Ura, Awaji;Yokohama-Sinko, Kanagawa, Japan;134,7;34,25;9:0;89;0,94;-0,1;96;0,94;-0,1;02:03;1,09;13:54;1,34;07:59;0,78;21:32;0,54
Tosadomari, muyano Seto;Kobe, Hyogo, Japan;134,6167;34,1833;9:0;-11;1;0,1;-19;1;0;05:11;1,01;15:07;1,22;09:11;0,86;22:59;0,52
Kita-tomariura, Muyano Seto;Kobe, Hyogo, Japan;134,5833;34,2333;9:0;1111;1;-1,2;106;1;-0,3;23:53;-0,29;09:49;-0,08;11:16;0,56;01:04;0,22
Aziro;Kobe, Hyogo, Japan;134,6333;34,2333;9:0;271;1;0;258;1;-0,1;09:53;0,91;19:49;1,12;13:48;0,76;03:36;0,42
Hikeda, Harima Nada;Sakate (Syodo Sima), Kagawa, Japan;134,4;34,2333;9:0;22;0,93;0;23;0,93;0;08:04;1,09;19:36;1,16;01:24;0,35;13:23;0,62
Ikeda Wan, Shodo Shima;Sakate (Syodo Sima), Kagawa, Japan;134,2;34,4833;9:0;-11;1;1;-6;1;0,2;07:31;2,17;19:03;2,25;00:55;0,58;12:54;0,87
Su-ao Kang;Naha, Okinawa, Japan;121,8667;24,5833;8:0;-73;0,78;0,2;-73;0,78;0,2;01:48;1,25;13:55;1,46;07:29;0,82;20:49;0,64
Hua-lien Kang;Naha, Okinawa, Japan;121,6167;23,9667;8:0;-75;0,83;0;-75;0,83;0;01:46;1,11;13:53;1,34;07:27;0,66;20:47;0,47
Ch'eng-kuang-ao Po-ti;Naha, Okinawa, Japan;121,4;23,1333;8:0;-79;0,86;0;-80;0,83;0;01:42;1,15;13:49;1,38;07:22;0,66;20:42;0,47
Tu-lan Wan;Naha, Okinawa, Japan;121,1833;22,8333;8:0;-77;0,76;0;-77;0,76;0;01:44;1,02;13:51;1,22;07:25;0,60;20:45;0,43
Nan-liao Wan, Lu Tao;Naha, Okinawa, Japan;121,4667;22,6667;8:0;-82;0,73;0;-82;0,72;0;01:39;0,98;13:46;1,18;07:20;0,57;20:40;0,41
Pa-tai Wan, Lan Yu;Naha, Okinawa, Japan;121,5667;22,0333;8:0;-63;0,8;-0,2;-64;0,8;-0,2;01:58;0,87;14:05;1,09;07:38;0,43;20:58;0,26
Bojan, Bulan Str;Kamaisi, Iwate, Japan;103,9167;1,0167;7:0;-285;1,32;0;-288;1,32;0;05:58;1,62;;;23:24;0,96;13:28;0,75
Oeban Point, Bintan Isl;Kamaisi, Iwate, Japan;104,2167;1,0667;7:0;-331;1,77;0;-333;1,44;0;05:12;2,18;;;22:39;1,05;12:43;0,82
Tandjungpinang, Bintan Isl;Kamaisi, Iwate, Japan;104,4333;0,9167;7:0;-275;1,42;0;-277;1,67;0;06:08;1,75;;;23:35;1,22;13:39;0,95
Dendang, Kidjang Str;Kamaisi, Iwate, Japan;104,6167;0,85;7:0;-306;1,4;0;-309;1,67;0;05:37;1,72;;;23:03;1,22;13:07;0,95
Tandjung Datu;Darwin, Australia;109,65;2,0833;8:0;-102;0,41;0;-107;0,3;0;22:54;2,31;12:51;1,99;05:46;0,82;17:38;1,11
Kuching, Sarawak Rvr;Darwin, Australia;110,35;1,5667;8:0;-78;0,72;0;-56;0,72;0;23:18;4,05;13:15;3,49;06:37;1,98;18:29;2,67
Pulau Lakei;Darwin, Australia;110,5;1,75;8:0;-112;0,71;0;-113;0,86;0;22:44;4,00;12:41;3,44;05:40;2,36;17:32;3,19
Port Goro, Toemo Isl;Yokohama-Sinko, Kanagawa, Japan;167,0167;-22,3333;11:0;126;0,57;0,5;127;0,57;0,5;02:40;1,22;14:31;1,37;08:30;1,04;22:03;0,89
Noumea;Yokohama-Sinko, Kanagawa, Japan;166,45;-22,2667;11:0;185;0,83;0,8;196;0,83;0,8;03:39;1,85;15:30;2,07;09:39;1,58;23:12;1,36
Port Nepui;Yokohama-Sinko, Kanagawa, Japan;164,9667;-21,35;11:0;191;0,89;0,3;215;0,89;0,3;03:45;1,43;15:36;1,66;09:58;1,14;23:31;0,91
Paagoumene;Yokohama-Sinko, Kanagawa, Japan;164,1833;-20,4833;11:0;190;0,91;-0,2;198;0,91;-0,2;03:44;0,96;15:35;1,19;09:41;0,66;23:14;0,42
Shepenehe Anchorage;Yokohama-Sinko, Kanagawa, Japan;167,1333;-20,7833;11:0;83;1;0,3;83;1;-0,4;01:57;1,57;13:48;1,83;07:46;0,54;21:19;0,28
Vila Harbor, Efate Isl;Yokohama-Sinko, Kanagawa, Japan;168,3167;-17,7333;-11:0;49;0,8;-0,7;59;0,8;-0,7;01:23;0,32;13:14;0,52;07:22;0,05;20:55;-0,16
Havannah Harbor, Efate Isl;Yokohama-Sinko, Kanagawa, Japan;168,25;-17,5833;11:0;55;0,7;0;59;0,7;0;01:29;0,89;13:20;1,07;07:22;0,66;20:55;0,48
Port Sandwich, Malekula Isl;Yokohama-Sinko, Kanagawa, Japan;167,7833;-16,4333;11:0;3;0,8;-0,7;11;0,8;-0,7;00:37;0,32;12:28;0,52;06:34;0,05;20:07;-0,16
Tangoa Island;Yokohama-Sinko, Kanagawa, Japan;166,9833;-15,5833;11:0;67;0,56;0;71;0,5;0;01:41;0,71;13:32;0,86;07:34;0,47;21:07;0,34
Espiritu Santo Island, Pekoa Chan;Yokohama-Sinko, Kanagawa, Japan;167,1667;-15,5167;11:0;23;0,76;0;28;0,65;0;00:57;0,97;12:48;1,16;06:51;0,61;20:24;0,44
Aesi;Yokohama-Sinko, Kanagawa, Japan;167,2333;-15,4333;11:0;-22;0,8;0;-15;0,7;0;00:12;1,02;12:03;1,22;06:08;0,66;19:41;0,48
Port Patteson, Banks Isls;Yokohama-Sinko, Kanagawa, Japan;167,5667;-13,85;12:0;91;0,55;0;91;0,45;0;02:05;0,70;13:56;0,84;07:54;0,42;21:27;0,31
Manevai Bay;Yokohama-Sinko, Kanagawa, Japan;166,9167;-11,6333;11:0;-14;0,55;0;-14;0,55;4,5;00:20;0,70;12:11;0,84;06:09;5,02;19:42;4,87
Sekar Bay, Berau Gulf;Yokohama-Sinko, Kanagawa, Japan;132,4167;-2,7;9:0;-36;0,74;2,1;-28;0,74;2,1;23:58;3,04;11:49;3,23;05:55;2,80;19:28;2,60
Saonek, Dampier Str;Yokohama-Sinko, Kanagawa, Japan;130,7667;-0,45;9:0;113;0,94;0,3;122;0,94;0,3;02:27;1,49;14:18;1,74;08:25;1,18;21:58;0,94
Manokwari;Yokohama-Sinko, Kanagawa, Japan;134,0833;-0,8667;9:0;110;1;-0,2;119;1;-0,1;02:24;1,07;14:15;1,33;08:22;0,84;21:55;0,58
Mios Woendi Lagoon, Schouten Isls;Yokohama-Sinko, Kanagawa, Japan;136,3833;-1,2667;9:0;112;0,95;0;104;0,95;0;02:26;1,21;14:17;1,45;08:07;0,89;21:40;0,65
Kajo Bay;Yokohama-Sinko, Kanagawa, Japan;140,7333;-2,5333;9:0;111;0,51;1,1;119;0,51;1,1;02:25;1,75;14:16;1,88;08:22;1,58;21:55;1,45
South Cape;Townsville, Australia;150,2667;-10,7167;10:0;-3;0,48;1,2;-19;0,48;1,2;06:34;2,48;18:00;2,49;23:51;1,68;12:05;1,94
Dedele Point;Townsville, Australia;148,7167;-10,2333;10:0;21;0,78;0;21;0,78;0;06:58;2,08;18:24;2,09;00:31;0,78;12:45;1,21
Port Moresby;Townsville, Australia;147,1333;-9,4833;10:0;17;0,67;1,2;-4;0,67;1,2;06:54;2,99;18:20;3,00;00:06;1,87;12:20;2,24
Fly River Entr;Darwin, Australia;143,6167;-8,7;10:0;175;0,54;0;167;0,43;0;03:31;3,04;17:28;2,62;10:20;1,18;22:12;1,60
Paterson Inlet, Stewart Isl;Auckland, New Zealand;168,1167;-46,9;12:0;-342;1;-1,9;-337;1;0,6;21:54;0,91;10:14;1,00;04:01;1,55;16:30;1,46
Akaroa;Auckland, New Zealand;172,9167;-43,8;12:0;-211;0,65;0;-192;0,33;0;00:05;1,83;12:25;1,89;06:26;0,31;18:55;0,28
Timaru;Auckland, New Zealand;171,25;-44,4;12:0;-264;0,72;0;-253;1;0;23:12;2,02;11:32;2,09;05:25;0,95;17:54;0,86
Oamaru;Auckland, New Zealand;170,9667;-45,1;12:0;-246;0,66;0;-235;1,06;0;23:30;1,85;11:50;1,91;05:43;1,01;18:12;0,91
Otago Harbor Entr;Auckland, New Zealand;170,7333;-45,7833;12:0;-273;0,58;0;-230;0,33;0;23:03;1,63;11:23;1,68;05:48;0,31;18:17;0,28
Port Chalmers, Otago Hbr;Auckland, New Zealand;170,65;-45,8167;12:0;-215;0,58;0;-203;0,33;0;00:01;1,63;12:21;1,68;06:15;0,31;18:44;0,28
Dunedin, Otago Hbr;Auckland, New Zealand;170,55;-45,8833;12:0;-180;1;-4;-131;1;-1,2;00:36;-1,19;12:56;-1,10;07:27;-0,25;19:56;-0,34
Nugget Point;Auckland, New Zealand;169,8;-46,4333;12:0;-292;1;-2,4;-272;1;0,5;22:44;0,41;11:04;0,50;05:06;1,45;17:35;1,36
Waipapa Point;Auckland, New Zealand;168,85;-46,65;12:0;-317;1;-1,3;-311;1;0,6;22:19;1,51;10:39;1,60;04:27;1,55;16:56;1,46
Bluff;Auckland, New Zealand;168,3333;-46,6;12:0;-334;1;-1,4;-327;1;0,5;22:02;1,41;10:22;1,50;04:11;1,45;16:40;1,36
New River;Auckland, New Zealand;168,25;-46,5333;12:0;-356;1;-1,1;-349;1;-0,1;21:40;1,71;10:00;1,80;03:49;0,85;16:18;0,76
Colac Bay;Auckland, New Zealand;167,9;-46,3667;12:0;-436;1;-2,6;-416;1;-0,2;20:20;0,21;08:40;0,30;02:42;0,75;15:11;0,66
Preservation Inlet;Auckland, New Zealand;166,6833;-46,0667;12:0;299;1;2,9;308;1;-0,6;08:35;5,71;20:55;5,80;14:46;0,35;03:15;0,26
Dusky Sound;Auckland, New Zealand;166,5333;-45,7833;12:0;289;1;-3,1;298;1;-0,4;08:25;-0,29;20:45;-0,20;14:36;0,55;03:05;0,46
Deep Cove;Auckland, New Zealand;167,1667;-45,45;12:0;282;1;-3,6;289;1;-0,3;08:18;-0,79;20:38;-0,70;14:27;0,65;02:56;0,56
Bligh Sound;Auckland, New Zealand;167,5333;-44,8833;12:0;269;1;-3,2;278;1;-0,3;08:05;-0,39;20:25;-0,30;14:16;0,65;02:45;0,56
Milford Sound;Auckland, New Zealand;167,9333;-44,6667;12:0;264;1;-3,2;273;1;-0,3;08:00;-0,39;20:20;-0,30;14:11;0,65;02:40;0,56
Jackson's Bay;Auckland, New Zealand;168,6167;-43,9833;12:0;249;1;-3,1;258;1;-0,4;07:45;-0,29;20:05;-0,20;13:56;0,55;02:25;0,46
Haast River Entr;Auckland, New Zealand;169,05;-43,8333;12:0;239;1;-3,1;248;1;-0,4;07:35;-0,29;19:55;-0,20;13:46;0,55;02:15;0,46
Bruce Bay;Auckland, New Zealand;169,6;-43,5833;12:0;229;1;-3;238;1;0,5;07:25;-0,19;19:45;-0,10;13:36;1,45;02:05;1,36
Okarito;Auckland, New Zealand;170,1833;-43,2167;12:0;224;1;-2,9;233;1;-0,5;07:20;-0,09;19:40;0,00;13:31;0,45;02:00;0,36
Hokitiki Bar;Auckland, New Zealand;170,9667;-42,7167;12:0;219;1;-2,9;228;1;-0,6;07:15;-0,09;19:35;0,00;13:26;0,35;01:55;0,26
Greymouth;Auckland, New Zealand;171,2167;-42,4333;12:0;214;1;-2,8;223;1;-0,7;07:10;0,01;19:30;0,10;13:21;0,25;01:50;0,16
Westport;Auckland, New Zealand;171,6;-41,7333;12:0;209;1;-0,1;218;1;0,1;07:05;2,71;19:25;2,80;13:16;1,05;01:45;0,96
West Haven Inlet;Auckland, New Zealand;172,5333;-40,5833;12:0;144;1;-1,1;153;1;-0,6;06:00;1,71;18:20;1,80;12:11;0,35;00:40;0,26
Motupipi River Entr;Auckland, New Zealand;172,85;-40,8333;12:0;108;1,43;0;101;1,28;0;05:24;4,02;17:44;4,15;11:19;1,22;23:48;1,10
Astrolabe Road;Auckland, New Zealand;173,05;-40,9667;12:0;113;1;4,5;106;1;0,2;05:29;7,31;17:49;7,40;11:24;1,15;23:53;1,06
Nelson;Auckland, New Zealand;173,2667;-41,2667;12:0;133;1;1,2;126;1;0,2;05:49;4,01;18:09;4,10;11:44;1,15;00:13;1,06
Croixilles Harbor;Auckland, New Zealand;173,7;-41,0833;12:0;118;1;2,4;111;1;0,1;05:34;5,21;17:54;5,30;11:29;1,05;23:58;0,96
Greville Harbor, D'Urville Isl;Auckland, New Zealand;173,8;-40,8667;12:0;137;1;-0,4;140;1;-0,6;05:53;2,41;18:13;2,50;11:58;0,35;00:27;0,26
Stephens Island;Auckland, New Zealand;174,0167;-40,6667;12:0;103;1;-2,2;96;1;-0,3;05:19;0,61;17:39;0,70;11:14;0,65;23:43;0,56
Elmslie Bay;Auckland, New Zealand;173,85;-40,9333;12:0;83;1;-1,8;66;1;-1,5;04:59;1,01;17:19;1,10;10:44;-0,55;23:13;-0,64
Pelorus Sound Entr;Auckland, New Zealand;173,9833;-40,9167;12:0;73;1;-2,4;46;1;-0,5;04:49;0,41;17:09;0,50;10:24;0,45;22:53;0,36
Queen Charlotte Sound Entr;Auckland, New Zealand;174,2833;-41,1167;12:0;76;1;-5,7;53;1;-1,2;04:52;-2,89;17:12;-2,80;10:31;-0,25;23:00;-0,34
Picton, Queen Charlotte Sd;Auckland, New Zealand;174;-41,2833;12:0;80;1;-5,8;50;1;-1,3;04:56;-2,99;17:16;-2,90;10:28;-0,35;22:57;-0,44
Cape Campbell;Wellington, New Zealand;174,25;-41,7333;12:0;38;1;1,1;35;1;0;01:52;2,69;14:15;2,69;08:06;0,64;20:24;0,65
Kaikoura Peninsula;Wellington, New Zealand;173,7;-42,4;12:0;13;1;1,3;15;1;-0,1;01:27;2,89;13:50;2,89;07:46;0,54;20:04;0,55
Lyttleton;Wellington, New Zealand;172,7167;-43,6167;12:0;-17;1;1,7;-15;1;-1,1;00:57;3,29;13:20;3,29;07:16;-0,46;19:34;-0,45
Gisborne;Wellington, New Zealand;178,0333;-38,6833;12:0;65;1;1,5;68;1;0,3;02:19;3,09;14:42;3,09;08:39;0,94;20:57;0,95
Clyde, Wairoa Rvr;Wellington, New Zealand;177,4333;-39,05;12:0;60;1;0,8;51;1;-0,5;02:14;2,39;14:37;2,39;08:22;0,14;20:40;0,15
Napier;Wellington, New Zealand;176,9167;-39,4833;12:0;58;1;0,7;49;1;-0,5;02:12;2,29;14:35;2,29;08:20;0,14;20:38;0,15
Cape Palliser;Wellington, New Zealand;175,2833;-41,6167;12:0;10;1;0,2;10;1;-0,1;01:24;1,79;13:47;1,79;07:41;0,54;19:59;0,55
Porirua Harbor;Auckland, New Zealand;174,85;-41,0667;12:0;125;1;-4,6;122;1;0;05:41;-1,79;18:01;-1,70;11:40;0,95;00:09;0,86
Manawatu River Entr;Auckland, New Zealand;175,2167;-40,4667;12:0;103;1;-2,9;96;1;-0,2;05:19;-0,09;17:39;0,00;11:14;0,75;23:43;0,66
Wanganui River Entr;Auckland, New Zealand;174,8167;-39,95;12:0;158;1;-1,9;151;1;0,5;06:14;0,91;18:34;1,00;12:09;1,45;00:38;1,36
Opunake Bay;Auckland, New Zealand;173,85;-39,4667;12:0;118;1;0,1;111;1;0,2;05:34;2,91;17:54;3,00;11:29;1,15;23:58;1,06
Port Taranaki;Auckland, New Zealand;174,0333;-39,0667;12:0;141;1;0,5;159;1;0,1;05:57;3,31;18:17;3,40;12:17;1,05;00:46;0,96
Waitara River Entr;Auckland, New Zealand;174,2333;-38,9833;12:0;142;1;0,9;160;1;0,5;05:58;3,71;18:18;3,80;12:18;1,45;00:47;1,36
Kawhia;Auckland, New Zealand;174,8167;-38,0667;12:0;159;1;-0,6;177;1;-0,5;06:15;2,21;18:35;2,30;12:35;0,45;01:04;0,36
Raglan;Auckland, New Zealand;174,8833;-37,8;12:0;167;1;-0,6;185;1;-0,6;06:23;2,21;18:43;2,30;12:43;0,35;01:12;0,26
Waikato River;Auckland, New Zealand;174,75;-37,4;12:0;137;1;1,5;155;1;0,9;05:53;4,31;18:13;4,40;12:13;1,85;00:42;1,76
Manukau Harbor Entr;Auckland, New Zealand;174,5167;-37,05;12:0;169;1;-0,3;168;1;0,4;06:25;2,51;18:45;2,60;12:26;1,35;00:55;1,26
Cornwallis, Manukau Hbr;Auckland, New Zealand;174,6;-37;12:0;172;1;0,7;190;1;0,6;06:28;3,51;18:48;3,60;12:48;1,55;01:17;1,46
Onehunga, Manukau Hbr;Auckland, New Zealand;174,7833;-36,9333;12:0;201;1;2,1;210;1;1,1;06:57;4,91;19:17;5,00;13:08;2,05;01:37;1,96
Pouto Point, Kaipara Hbr;Auckland, New Zealand;174,1833;-36,3667;12:0;187;1;0,4;205;1;0,5;06:43;3,21;19:03;3,30;13:03;1,45;01:32;1,36
Martins Bay, Hokianga Rvr;Auckland, New Zealand;173,3833;-35,5333;12:0;142;1;0,2;160;1;-0,3;05:58;3,01;18:18;3,10;12:18;0,65;00:47;0,56
Cape Maria van Diemen;Auckland, New Zealand;172,6333;-34,4833;12:0;107;1;-2,1;125;1;-0,5;05:23;0,71;17:43;0,80;11:43;0,45;00:12;0,36
Parengarenga;Auckland, New Zealand;173;-34,5333;12:0;50;1;-2,2;50;1;0;04:26;0,61;16:46;0,70;10:28;0,95;22:57;0,86
Awanui River;Auckland, New Zealand;173,3;-34,9;12:0;50;1;-3,9;30;1;-1,3;04:26;-1,09;16:46;-1,00;10:08;-0,35;22:37;-0,44
Whangaroa;Auckland, New Zealand;173,7833;-35,0333;12:0;20;1;-2,7;20;1;-0,1;03:56;0,11;16:16;0,20;09:58;0,85;22:27;0,76
Port Russell;Auckland, New Zealand;174,1167;-35,2667;12:0;12;1;-2,4;12;1;0;03:48;0,41;16:08;0,50;09:50;0,95;22:19;0,86
Whangarei Heads;Auckland, New Zealand;174,5;-35,8167;12:0;20;1;-2,3;20;1;-0,1;03:56;0,51;16:16;0,60;09:58;0,85;22:27;0,76
Port Whangarei (Railway Wharf);Auckland, New Zealand;174,3333;-35,75;12:0;40;1;-1,1;40;1;0,3;04:16;1,71;16:36;1,80;10:18;1,25;22:47;1,16
Bon Accord Harbor, Kawau Isl;Auckland, New Zealand;174,8333;-36,45;12:0;15;1;-1;25;1;-0,1;03:51;1,81;16:11;1,90;10:03;0,85;22:32;0,76
Nagle Cove, Great BarrierIsl;Auckland, New Zealand;175,35;-36,15;12:0;-24;1;-2,6;-11;1;-0,4;03:12;0,21;15:32;0,30;09:27;0,55;21:56;0,46
Waiheke;Auckland, New Zealand;175,15;-36,7833;12:0;-6;1;-0,4;-6;1;0;03:30;2,41;15:50;2,50;09:32;0,95;22:01;0,86
Coromandel;Auckland, New Zealand;175,5;-36,7667;12:0;-15;1;0,6;-15;1;0,2;03:21;3,41;15:41;3,50;09:23;1,15;21:52;1,06
Mercury Bay;Auckland, New Zealand;175,7167;-36,8333;12:0;-20;1;-3;-20;1;0,2;03:16;-0,19;15:36;-0,10;09:18;1,15;21:47;1,06
Tauranga Harbor Entr;Auckland, New Zealand;176,1833;-37,65;12:0;-12;1;-3,9;-1;1;-0,6;03:24;-1,09;15:44;-1,00;09:37;0,35;22:06;0,26
Ohiwa;Auckland, New Zealand;177,1167;-37,9833;12:0;17;1;-3,7;-3;1;-0,6;03:53;-0,89;16:13;-0,80;09:35;0,35;22:04;0,26
East Cape;Auckland, New Zealand;178,55;-37,6833;12:0;-55;1;-3,3;-45;1;0,2;02:41;-0,49;15:01;-0,40;08:53;1,15;21:22;1,06
Lord Howe Island;Brisbane Bar, Australia;159,0667;-31,5333;10:0;-85;1;-0,6;-80;1;0,3;03:59;0,99;15:58;0,99;10:05;0,89;22:29;0,55
Norfolk Island;Brisbane Bar, Australia;167,9333;-29,0667;11:30;-77;1;-1,3;-89;1;-0,4;04:07;0,29;16:06;0,29;09:56;0,19;22:20;-0,15
Tapa Bay, Bynoe Hbr;Darwin, Australia;130,6;-12,45;9:30;-4;0,88;0;-4;0,9;0;00:32;4,95;14:29;4,27;07:29;2,48;19:21;3,34
East Point, Bynoe Hbr;Darwin, Australia;130,5667;-12,5833;9:30;4;0,91;0;4;0,96;0;00:40;5,12;14:37;4,41;07:37;2,64;19:29;3,56
Night Cliff, Point Darwin;Darwin, Australia;130,8333;-12,3833;9:30;6;1;-1,6;6;1;-0,5;00:42;4,03;14:39;3,25;07:39;2,25;19:31;3,21
Cape Hotham;Darwin, Australia;131,2833;-12,05;9:30;74;0,64;0;74;0,67;0;01:50;3,60;15:47;3,10;08:47;1,84;20:39;2,49
Cape Keith, Melville Isl;Darwin, Australia;131,4667;-11,6;8:0;3;0,54;0;3;0,55;0;00:39;3,04;14:36;2,62;07:36;1,51;19:28;2,04
Cape Don Boat Harbor;Darwin, Australia;131,7667;-11,3167;8:0;-62;0,33;0;-79;0,33;0;23:34;1,86;13:31;1,60;06:14;0,91;18:06;1,22
Arnhem Bay;Darwin, Australia;136,1;-12,1833;9:30;255;0,85;-3;250;0,85;-3;04:51;1,79;18:48;1,12;11:43;-0,66;23:35;0,15
Thursday Island, Torres Str;Townsville, Australia;142,2167;-10,5833;10:0;1111;1;111,1;1111;1;111,1;01:08;113,77;12:34;113,78;18:41;112,10;06:55;112,65
Tern Island;Townsville, Australia;142,75;-11;10:0;98;1;1,1;96;1;0,9;08:15;3,77;19:41;3,78;01:46;1,90;14:00;2,45
Hannibal Island;Townsville, Australia;142,9333;-11,6;10:0;62;1;0;61;1;0;07:39;2,67;19:05;2,68;01:11;1,00;13:25;1,55
Piper Island;Townsville, Australia;143,25;-12,25;10:0;27;0,86;0;28;0,96;0;07:04;2,30;18:30;2,30;00:38;0,96;12:52;1,49
Restoration Island;Townsville, Australia;143,4667;-12,6167;10:0;23;0,7;1;23;0,7;1;07:00;2,87;18:26;2,88;00:33;1,70;12:47;2,08
Flinders Island;Townsville, Australia;144,25;-14,1667;10:0;15;0,78;1,9;15;0,78;1,9;06:52;3,98;18:18;3,99;00:25;2,68;12:39;3,11
Low Wooded Isle;Townsville, Australia;145,4;-15,0833;10:0;-12;0,72;1;-12;0,72;1;06:25;2,92;17:51;2,93;23:58;1,72;12:12;2,12
Cooktown;Townsville, Australia;145,25;-15,4667;10:0;10;0,72;0,4;10;0,72;0,4;06:47;2,32;18:13;2,33;00:20;1,12;12:34;1,52
Low Isles;Townsville, Australia;145,5667;-16,3833;10:0;0;0,7;1,1;0;0,7;1,1;06:37;2,97;18:03;2,98;00:10;1,80;12:24;2,19
Cairns;Townsville, Australia;145,7833;-16,9167;10:0;-2;0,76;0,6;-2;0,76;0,6;06:35;2,63;18:01;2,64;00:08;1,36;12:22;1,78
Green Island;Townsville, Australia;145,9667;-16,7667;10:0;-18;0,72;0,7;-18;0,72;0,7;06:19;2,62;17:45;2,63;23:52;1,42;12:06;1,82
High Island;Townsville, Australia;146,0167;-17,1667;10:0;-6;0,72;0,7;-6;0,72;0,7;06:31;2,62;17:57;2,63;00:04;1,42;12:18;1,82
North Barnard Island;Townsville, Australia;146,1833;-17,6833;10:0;-4;0,76;0,9;-4;0,76;0,9;06:33;2,93;17:59;2,94;00:06;1,66;12:20;2,08
Dunk Island;Townsville, Australia;146,15;-17,9333;10:0;-6;0,81;2,3;-6;0,81;2,3;06:31;4,46;17:57;4,47;00:04;3,11;12:18;3,56
Dungeness (Lucinda);Townsville, Australia;146,3167;-18,5167;10:0;15;1;0,3;15;1;0;06:52;2,97;18:18;2,98;00:25;1,00;12:39;1,55
Bowen;Townsville, Australia;148,25;-20,0167;10:0;52;1;-0,2;52;1;0;07:29;2,47;18:55;2,48;01:02;1,00;13:16;1,55
Hook Island;Brisbane Bar, Australia;148,9333;-20,0667;10:0;70;1;1,9;65;1;1;06:34;3,49;18:33;3,49;12:30;1,59;00:54;1,25
Molle Island;Brisbane Bar, Australia;148,8333;-20,25;10:0;83;1,36;0;78;1,43;0;06:47;2,16;18:46;2,16;12:43;0,84;01:07;0,36
East Repulse Island;Brisbane Bar, Australia;148,8833;-20,5833;10:0;99;1,82;2;94;1,82;2;07:03;4,89;19:02;4,89;12:59;3,07;01:23;2,46
Carlisle Island;Brisbane Bar, Australia;149,3;-20,7833;10:0;86;1,88;2;81;1,88;2;06:50;4,99;18:49;4,99;12:46;3,11;01:10;2,47
St. Bees Island;Brisbane Bar, Australia;149,45;-20,9;10:0;91;2,1;1,7;86;2,1;1,7;06:55;5,04;18:54;5,04;12:51;2,94;01:15;2,23
Refuge Bay, Scawfell Isl;Brisbane Bar, Australia;149,6167;-20,8667;10:0;86;1,96;2,5;81;1,96;2,5;06:50;5,62;18:49;5,62;12:46;3,66;01:10;2,99
MacKay, Queensland;Brisbane Bar, Australia;149,2333;-21,1167;10:0;95;2,44;0,3;90;2,44;0,3;06:59;4,18;18:58;4,18;12:55;1,74;01:19;0,91
Sarina Inlet;Brisbane Bar, Australia;149,3333;-21,4;10:0;103;2,58;1,1;98;2,58;1,1;07:07;5,20;19:06;5,20;13:03;2,62;01:27;1,75
Dove Point, Shoalwater Bay;Brisbane Bar, Australia;150,4667;-22,2333;10:0;58;2,58;0,8;53;2,58;0,8;06:22;4,90;18:21;4,90;12:18;2,32;00:42;1,45
High Peak Island;Brisbane Bar, Australia;150,6833;-21,95;10:0;40;2;0,8;35;2;0,8;06:04;3,98;18:03;3,98;12:00;1,98;00:24;1,30
Port Clinton, Coral Sea;Brisbane Bar, Australia;150,75;-22,5333;10:0;15;1,84;0;10;1,64;0;05:39;2,93;17:38;2,93;11:35;0,97;23:59;0,41
Tryon Island;Brisbane Bar, Australia;151,7833;-23,25;10:0;-38;1;1,9;-43;1;1,1;04:46;3,49;16:45;3,49;10:42;1,69;23:06;1,35
Port Alma, Fitzroy Rvr;Brisbane Bar, Australia;150,8667;-23,5667;10:0;-10;1,88;1,2;-15;1,88;1,2;05:14;4,19;17:13;4,19;11:10;2,31;23:34;1,67
Gladstone, Port Curtis;Brisbane Bar, Australia;151,25;-23,8333;10:0;-10;1;4,2;-15;1;1,4;05:14;5,79;17:13;5,79;11:10;1,99;23:34;1,65
Lady Musgrave Island;Brisbane Bar, Australia;152,3833;-23,9;10:0;-85;1;0;-85;1;0,6;03:59;1,59;15:58;1,59;10:00;1,19;22:24;0,85
Pancake Creek;Brisbane Bar, Australia;151,75;-24,0167;10:0;-56;1;2,3;-62;1;1,1;04:28;3,89;16:27;3,89;10:23;1,69;22:47;1,35
Lady Elliot Island;Brisbane Bar, Australia;152,7167;-24,1167;10:0;-79;1;0;-79;1;0,8;04:05;1,59;16:04;1,59;10:06;1,39;22:30;1,05
Burnett Heads;Brisbane Bar, Australia;152,3833;-24,7667;10:0;-41;1;1,1;-41;1;0,9;04:43;2,69;16:42;2,69;10:44;1,49;23:08;1,15
Urangan Jetty;Brisbane Bar, Australia;152,9167;-25,2833;10:0;-48;1;3,5;-48;1;0,7;04:36;5,09;16:35;5,09;10:37;1,29;23:01;0,95
Mary River (Middle Bank);Brisbane Bar, Australia;152,8667;-25,5;10:0;20;1;3,2;60;1;0,1;05:44;4,79;17:43;4,79;12:25;0,69;00:49;0,35
Ballina;Brisbane Bar, Australia;153,5833;-28,8667;10:0;-59;0,46;0,7;-58;0,46;0,7;04:25;1,43;16:24;1,43;10:27;0,97;22:51;0,81
Iluka;Brisbane Bar, Australia;153,3667;-29,4167;10:0;-75;0,56;0,8;-75;0,56;0,8;04:09;1,69;16:08;1,69;10:10;1,13;22:34;0,94
Port Macquerie Bar;Sydney, Australia;152,9333;-31,4333;10:0;12;1;-0,3;11;1;-0,1;05:22;1,02;17:19;0,86;11:36;0,51;23:27;0,38
Nelson's Bay;Sydney, Australia;152,15;-32,7167;10:0;16;1;0,1;17;1;0,3;05:26;1,42;17:23;1,26;11:42;0,91;23:33;0,78
Newcastle;Sydney, Australia;151,7833;-32,9333;10:0;-4;1;0;-9;1;0,2;05:06;1,32;17:03;1,16;11:16;0,81;23:07;0,68
Port Kembla;Sydney, Australia;150,9167;-34,4833;10:0;0;1;-0,4;0;1;-0,2;05:10;0,92;17:07;0,76;11:25;0,41;23:16;0,28
Moruya River Bar;Sydney, Australia;150,1333;-35,9;10:0;10;1;-0,4;10;1;0,1;05:20;0,92;17:17;0,76;11:35;0,71;23:26;0,58
Eden;Sydney, Australia;149,9;-37,0667;10:0;0;1;-0,8;0;1;-0,1;05:10;0,52;17:07;0,36;11:25;0,51;23:16;0,38
Gabo Island;Sydney, Australia;149,9167;-37,5667;10:0;-10;1;0,2;-1;1;1,2;05:00;1,52;16:57;1,36;11:24;1,81;23:15;1,68
Stack Island;Port Phillip Heads, Australia;144,7833;-40,6;10:0;46;1,81;-1,1;92;1,81;-1,1;07:55;1,33;20:46;1,02;02:23;-0,18;15:11;-0,38
Davonport;Port Phillip Heads, Australia;146,3833;-41,15;10:0;-14;1;4,8;32;1;0,1;06:55;6,14;19:46;5,97;01:23;0,61;14:11;0,50
Port Dalrymple Entr;Port Phillip Heads, Australia;146,8;-41,0667;10:0;-34;2,26;-1,1;12;2,26;-1,1;06:35;1,93;19:26;1,54;01:03;0,05;13:51;-0,20
Launceston, Tamar Rvr;Port Phillip Heads, Australia;147,1333;-41,4333;10:0;86;3,13;-0,9;197;3,13;-0,9;08:35;3,29;21:26;2,76;04:08;0,70;16:56;0,35
Bramble Cove, Port Davey;Adelaide Inner Harbour, Australia;146;-43,3167;10:0;-220;0,19;1,4;-220;0,19;1,4;06:41;1,69;;;01:15;1,63;13:24;1,58
Rabbit Island;Port Phillip Heads, Australia;146,5167;-38,9167;10:0;1;1,47;0;47;1;0;07:10;1,97;20:01;1,72;01:38;0,51;14:26;0,40
Winter Cove, Kent Isls;Port Phillip Heads, Australia;147,35;-39,4667;10:0;-34;1,67;0;12;1,07;0;06:35;2,24;19:26;1,95;01:03;0,55;13:51;0,43
Great Glennie Island;Port Phillip Heads, Australia;146,2333;-39,0833;10:0;-24;1,67;0;22;1,07;0;06:45;2,24;19:36;1,95;01:13;0,55;14:01;0,43
Venus Bay;Port Phillip Heads, Australia;145,7333;-38,6667;10:0;0;1;2,3;1111;1;111,1;07:09;3,64;20:00;3,47;19:22;111,61;08:10;111,50
Mussel Rock, Westernport;Port Phillip Heads, Australia;145,25;-38,45;10:0;25;1,94;0;-10;1,94;0;07:34;2,60;20:25;2,27;00:41;0,99;13:29;0,78
Queenscliff, Port Phillip;Port Phillip Heads, Australia;144,6667;-38,3167;10:0;24;0,61;0;24;0,61;0;07:33;0,82;20:24;0,71;01:15;0,31;14:03;0,24
Melbourne (Williamstown);Port Phillip Heads, Australia;144,9167;-37,8667;10:0;178;0,55;0,2;221;0,55;0,2;10:07;0,94;22:58;0,84;04:32;0,48;17:20;0,42
Geelong, Port Phillip;Port Phillip Heads, Australia;144,4167;-38,1167;10:0;202;0,6;0;202;0,6;0;10:31;0,80;23:22;0,70;04:13;0,31;17:01;0,24
Port Campbell;Port Phillip Heads, Australia;143;-38,6333;10:0;-78;0,45;0,4;-53;0,45;0,4;05:51;1,00;18:42;0,93;23:58;0,63;12:46;0,58
Warrnambool;Port Phillip Heads, Australia;142,4833;-38,4;10:0;20;0,52;0,7;20;0,52;0,7;07:29;1,40;20:20;1,31;01:11;0,97;13:59;0,91
Portland;Adelaide Inner Harbour, Australia;141,6167;-38,35;10:0;-287;0,28;0,7;-288;0,28;0,7;05:34;1,13;;;00:07;1,03;12:16;0,96
Port MacDonnell;Adelaide Inner Harbour, Australia;140,7;-38,0667;9:30;-316;0,62;0;-314;0,62;0;05:05;0,94;;;23:41;0,74;11:50;0,58
Kingston;Adelaide Inner Harbour, Australia;139,85;-36,8333;9:30;-239;0,47;0,9;-255;0,47;0,9;06:22;1,61;;;00:40;1,46;12:49;1,34
Second Valley;Adelaide Inner Harbour, Australia;138,2167;-35,5167;9:30;-25;0,63;0;-26;0,67;0;09:56;0,96;;;04:29;0,80;16:38;0,63
Hog Bay, Kangaroo Isl;Adelaide Inner Harbour, Australia;137,95;-35,7333;9:30;-76;0,53;1,3;-59;0,53;1,3;09:05;2,11;;;03:56;1,93;16:05;1,80
Ardrossan, Gulf of St Vincent;Adelaide Inner Harbour, Australia;137,9167;-34,4333;9:30;-23;1;1,4;-15;1;1,4;09:58;2,92;;;04:40;2,59;16:49;2,34
Edithburg, Gulf of St Vincent;Adelaide Inner Harbour, Australia;137,75;-35,0833;9:30;-52;0,79;0;-48;0,79;0;09:29;1,20;;;04:07;0,94;16:16;0,74
Port Victoria, Spencer Gulf;Adelaide Inner Harbour, Australia;137,45;-34,5;9:30;-157;0,59;0;-157;0,59;0;07:44;0,90;;;02:18;0,70;14:27;0,55
Wallaroo, Spencer Gulf;Adelaide Inner Harbour, Australia;137,6167;-33,9167;9:30;28;0,59;0;34;0,59;0;10:49;0,90;;;05:29;0,70;17:38;0,55
Port Pirie, Spencer Gulf;Adelaide Inner Harbour, Australia;138,0167;-33,1667;9:30;160;1;0,8;168;1;0,2;13:01;2,32;;;07:43;1,39;19:52;1,14
Port Augusta, Spencer Gulf;Adelaide Inner Harbour, Australia;137,7667;-32,5;9:30;188;1;1,2;196;1;-0,1;13:29;2,72;;;08:11;1,09;20:20;0,84
Coffin Bay;Adelaide Inner Harbour, Australia;135,3333;-34,5;9:30;-272;0,7;0;-266;0,67;0;05:49;1,06;;;00:29;0,80;12:38;0,63
Port Eyre;Adelaide Inner Harbour, Australia;132,45;-32;9:30;-317;0,7;0;-317;0,67;0;05:04;1,06;;;23:38;0,80;11:47;0,63
Large Islet;Port Hedland, Australia;115,5;-21,3;8:0;23;0,51;0,9;28;0,51;0,9;05:55;3,23;18:52;3,48;12:12;2,54;;
Trimouille Island, Monte Bello Isls;Port Hedland, Australia;115,55;-20,3833;8:0;-4;0,42;1,5;2;0,42;1,5;05:28;3,42;18:25;3,62;11:46;2,85;;
Point Samson;Port Hedland, Australia;117,2;-20,6333;8:0;-27;0,81;1,3;-16;0,81;1,3;05:05;4,99;18:02;5,39;11:28;3,91;;
Broome;Port Hedland, Australia;122,2167;-18;8:0;-22;1,41;0;-12;1,41;0;05:10;6,43;18:07;7,12;11:32;4,54;;
Red Bluff;Port Hedland, Australia;122,3167;-17,0667;8:0;1;1,08;0,7;10;1,08;0,7;05:33;5,62;18:30;6,15;11:54;4,18;;
Pender Bay;Port Hedland, Australia;122,7167;-16,7;8:0;15;1,23;-1,2;15;1,23;-1,2;05:47;4,41;18:44;5,01;11:59;2,76;;
Karrakatta Bay;Port Hedland, Australia;123,0333;-16,3667;8:0;65;1,26;-0,6;51;1,26;-0,6;06:37;5,15;19:34;5,76;12:35;3,46;;
Bedford Island;Port Hedland, Australia;123,3167;-16,15;8:0;43;1,41;0,2;48;1,41;0,2;06:15;6,63;19:12;7,32;12:32;4,74;;
Cockatoo Island;Port Hedland, Australia;123,5833;-16,0833;8:0;21;1,44;1,4;26;1,44;1,4;05:53;7,97;18:50;8,67;12:10;6,04;;
Hall Point, Kid Islet;Port Hedland, Australia;124,4;-15,6667;8:0;17;1,54;-0,9;22;1,54;-0,9;05:49;6,12;18:46;6,88;12:06;4,06;;
Prince Frederick Harbor;Port Hedland, Australia;125,3;-15,0833;8:0;0;1,48;0;0;1,48;0;05:32;6,75;18:29;7,47;11:44;4,77;;
Baudin Island;Port Hedland, Australia;125,6;-14,1333;8:0;-23;1;1,5;-18;1;1,5;05:09;6,06;18:06;6,55;11:26;4,72;;
Troughton Island;Port Hedland, Australia;126,1333;-13,7667;8:0;-35;1,1;0;-35;1,1;0;04:57;5,02;17:54;5,56;11:09;3,54;;
Geranium Harbor, Napier Broome Bay;Adelaide Inner Harbour, Australia;126,5833;-13,9333;8:0;-405;1;0;-441;1;-0,5;03:36;1,52;;;21:34;0,69;09:43;0,44
Reveley Island;Darwin, Australia;127,8333;-14,3667;8:0;-49;0,8;0;-54;0,8;0;23:47;4,50;13:44;3,88;06:39;2,20;18:31;2,97
Lacrosse Island, Cambridge Gulf;Darwin, Australia;128,3333;-14,75;8:0;-22;1;-1,3;-28;1;-0,3;00:14;4,33;14:11;3,55;07:05;2,45;18:57;3,41
Inhambane Bay;Durban, South Africa;35,4;-23,7333;2:0;29;1;3,7;48;1;2;12:30;5,21;;;06:12;2,79;19:21;2,78
Porto de Inhambane;Durban, South Africa;35,3833;-23,85;2:0;72;1;4,1;83;1;1,4;13:13;5,61;;;06:47;2,19;19:56;2,18
Inhampura;Durban, South Africa;33,5167;-25,1833;2:0;35;0,62;1,2;69;0,62;1,2;12:36;2,14;;;06:33;1,69;19:42;1,68
Maputo;Durban, South Africa;32,5667;-25,9667;2:0;47;1,79;0,2;54;1,79;0,2;12:48;2,90;;;06:18;1,61;19:27;1,60
Richards Bay;Durban, South Africa;32,0833;-28,7833;2:0;0;1;0,1;-2;1;-0,1;12:01;1,61;;;05:22;0,69;18:31;0,68
East London;Durban, South Africa;27,9167;-33,0333;2:0;2;1;0,3;1;1;0,4;12:03;1,81;;;05:25;1,19;18:34;1,18
Port Elizabeth;Durban, South Africa;25,6333;-33,9667;2:0;0;1;-0,1;-2;1;0,1;12:01;1,41;;;05:22;0,89;18:31;0,88
Point des Galets, Reunion Isl;Yokohama-Sinko, Kanagawa, Japan;55,2833;-20,9167;4:0;-169;0,34;0,3;-160;0,34;0,3;21:45;0,73;09:36;0,82;03:43;0,62;17:16;0,53
Port Louis, Mauritius Isl;Yokohama-Sinko, Kanagawa, Japan;57,4833;-20,15;4:0;-238;0,31;0,8;-229;0,31;0,8;20:36;1,19;08:27;1,27;02:34;1,09;16:07;1,01
Diego Garcia Isl, Chagos Arch;Durban, South Africa;72,4667;-7,35;5:0;-110;1;-0,3;-105;1;-0,2;10:11;1,21;;;03:39;0,59;16:48;0,58
Amsterdam Island;Durban, South Africa;77,55;-37,8333;5:0;-325;0,51;0;-322;0,31;0;06:36;0,77;;;00:02;0,24;13:11;0,24
St. Paul Island;Durban, South Africa;77,5833;-38,7167;5:0;-174;0,72;1;-172;0,72;1;09:07;2,09;;;02:32;1,57;15:41;1,56
Kerguelen Island: Betsy Cove;Durban, South Africa;70,2;-49,15;5:0;-186;1;-0,9;-175;1;-0,2;08:55;0,61;;;02:29;0,59;15:38;0,58
Kerguelen Island: Baie du Morbihan;Durban, South Africa;70,2167;-49,35;5:0;-278;1;0,3;-276;1;0,4;07:23;1,81;;;00:48;1,19;13:57;1,18
Kerguelen Island: Observatory Bay;Durban, South Africa;69,8833;-49,4167;5:0;-272;1;-0,2;-270;1;0,1;07:29;1,31;;;00:54;0,89;14:03;0,88
