datei,name,fehler_prozent,begruendung
harmonics/noaa/harmonics_noaa_amtt.txt,"Clearwater Fiord, Cumberland Sound, Canada",21.2,"An der Tafel Clearwater Fiord: 21.2 % des Hubs von 6.43 m gegen 0.1 % von ""Clearwater Fiord, Nunavut, Canada"" (harmonics_utide_tidetables.txt), 735 m entfernt. Faktor 303.4, Kurvenabweichung 44 %."
harmonics/classic/harmonics-2004-06-14_mod.txt,"Kangiqsujuaq, Québec, Canada",8.5,"An der Tafel Kangiqsujuaq: 8.5 % des Hubs von 8.42 m gegen 0.0 % von ""Kangiqsujuaq, Québec, Canada"" (harmonics_utide_tidetables.txt), 2 m entfernt. Faktor 189.2, Kurvenabweichung 18 %."
harmonics/noaa/harmonics_noaa_amtt.txt,"Cowichan Bay, Canada",19.0,"An der Tafel Cowichan Bay: 19.0 % des Hubs von 3.64 m gegen 0.1 % von ""Cowichan Bay, British Columbia, Canada"" (harmonics_utide_tidetables.txt), 1075 m entfernt. Faktor 141.3, Kurvenabweichung 35 %."
harmonics/noaa/harmonics_noaa_amtt.txt,"Cape Dyer, Baffin Island, Canada",17.7,"An der Tafel Cape Dyer: 17.7 % des Hubs von 2.50 m gegen 0.1 % von ""Cape Dyer, Nunavut, Canada"" (harmonics_utide_tidetables.txt), 984 m entfernt. Faktor 138.7, Kurvenabweichung 40 %."
harmonics/noaa/harmonics_noaa_amtt.txt,"Campbellton, Canada",14.9,"An der Tafel Campbellton: 14.9 % des Hubs von 2.90 m gegen 0.1 % von ""Campbellton, New Brunswick, Canada"" (harmonics_utide_tidetables.txt), 606 m entfernt. Faktor 134.7, Kurvenabweichung 31 %."
harmonics/noaa/harmonics_noaa_amtt.txt,"Pender Harbor, Malaspina Strait, Canada",14.6,"An der Tafel ḵalpilin: 14.6 % des Hubs von 4.96 m gegen 0.1 % von ""Pender Harbour (Garden Bay), British Columbia, Canada"" (harmonics_utide_tidetables.txt), 99 m entfernt. Faktor 111.7, Kurvenabweichung 31 %."
harmonics/noaa/harmonics_noaa_amtt.txt,"Gowlland Harbor, Discovery Passage, Canada",17.6,"An der Tafel Gowlland Hbr.: 17.6 % des Hubs von 3.67 m gegen 0.2 % von ""Gowlland Hbr., British Columbia, Canada"" (harmonics_utide_tidetables.txt), 1179 m entfernt. Faktor 107.5, Kurvenabweichung 33 %."
harmonics/noaa/harmonics_noaa_amtt.txt,"Kumeon Bay, B.C., Canada",4.9,"An der Tafel Kumeon Bay: 4.9 % des Hubs von 6.61 m gegen 0.1 % von ""Kumeon Bay, British Columbia, Canada"" (harmonics_utide_tidetables.txt), 595 m entfernt. Faktor 88.1, Kurvenabweichung 10 %."
harmonics/noaa/harmonics_noaa_amtt.txt,"Tracadie, Canada",18.6,"An der Tafel Tracadie: 18.6 % des Hubs von 1.18 m gegen 0.3 % von ""Tracadie, New Brunswick, Canada"" (harmonics_utide_tidetables.txt), 907 m entfernt. Faktor 70.7, Kurvenabweichung 42 %."
harmonics/noaa/harmonics_noaa_amtt.txt,"Miscou Harbour, Canada",18.2,"An der Tafel Miscou: 18.2 % des Hubs von 1.84 m gegen 0.3 % von ""Miscou Harbour, New Brunswick, Canada"" (harmonics_utide_tidetables.txt), 548 m entfernt. Faktor 64.2, Kurvenabweichung 34 %."
harmonics/noaa/harmonics_noaa_amtt.txt,"Beechy Island, Barrow Strait, Canada",8.0,"An der Tafel Beechey Island: 8.0 % des Hubs von 2.51 m gegen 0.1 % von ""Beechy Island (Barrow Strait), Nunavut, Canada"" (harmonics_utide_tidetables.txt), 4 m entfernt. Faktor 60.6, Kurvenabweichung 36 %."
harmonics/noaa/harmonics_noaa_amtt.txt,"Squamish, Howe Sound, Canada",17.6,"An der Tafel Squamish Inner: 17.6 % des Hubs von 4.93 m gegen 0.3 % von ""Squamish Yacht Club, British Columbia, Canada"" (harmonics_utide_tidetables.txt), 1549 m entfernt. Faktor 60.3, Kurvenabweichung 32 %."
harmonics/noaa/harmonics_noaa_amtt.txt,"Chemainus, Stuart Channel, Canada",17.5,"An der Tafel Chemainus: 17.5 % des Hubs von 4.04 m gegen 0.3 % von ""Chemainus, British Columbia, Canada"" (harmonics_utide_tidetables.txt), 1444 m entfernt. Faktor 60.1, Kurvenabweichung 34 %."
harmonics/noaa/harmonics_noaa_amtt.txt,"Owen Bay, Okisollo Channel, Canada",12.3,"An der Tafel Owen Bay: 12.3 % des Hubs von 4.34 m gegen 0.2 % von ""Owen Bay, British Columbia, Canada"" (harmonics_utide_tidetables.txt), 843 m entfernt. Faktor 54.4, Kurvenabweichung 23 %."
harmonics/noaa/harmonics_noaa_amtt.txt,"Dalhousie, Canada",15.0,"An der Tafel Dalhousie: 15.0 % des Hubs von 2.97 m gegen 0.3 % von ""Dalhousie, New Brunswick, Canada"" (harmonics_utide_tidetables.txt), 1008 m entfernt. Faktor 54.3, Kurvenabweichung 31 %."
harmonics/noaa/harmonics_noaa_amtt.txt,"Port Marnham, Canada",10.6,"An der Tafel Port Marnham: 10.6 % des Hubs von 1.43 m gegen 0.2 % von ""Port Marnham, Labrador, Canada"" (harmonics_utide_tidetables.txt), 31 m entfernt. Faktor 52.3, Kurvenabweichung 20 %."
harmonics/noaa/harmonics_noaa_amtt.txt,"Fogo Harbour, Canada",13.0,"An der Tafel Fogo: 13.0 % des Hubs von 1.37 m gegen 0.3 % von ""Fogo, Newfoundland, Canada"" (harmonics_utide_tidetables.txt), 1603 m entfernt. Faktor 49.7, Kurvenabweichung 24 %."
harmonics/noaa/harmonics_noaa_amtt.txt,"Paspebiac, Canada",14.4,"An der Tafel Paspébiac: 14.4 % des Hubs von 2.19 m gegen 0.3 % von ""Paspébiac, Québec, Canada"" (harmonics_utide_tidetables.txt), 1804 m entfernt. Faktor 47.9, Kurvenabweichung 33 %."
harmonics/classic/harmonics-2004-06-14_mod.txt,"Belliveau Village, New Brunswick, Canada",1.4,"An der Tafel Belliveau Village: 1.4 % des Hubs von 14.32 m gegen 0.0 % von ""Belliveau Village, New Brunswick, Canada"" (harmonics_utide_tidetables.txt), 0 m entfernt. Faktor 46.0, Kurvenabweichung 0 %."
harmonics/noaa/harmonics_noaa_amtt.txt,"Caraquet Harbour, Canada",12.0,"An der Tafel Caraquet: 12.0 % des Hubs von 2.04 m gegen 0.3 % von ""Caraquet, New Brunswick, Canada"" (harmonics_utide_tidetables.txt), 614 m entfernt. Faktor 45.3, Kurvenabweichung 34 %."
harmonics/noaa/harmonics_noaa_amtt.txt,"Mill Bay, Nass River, B.C., Canada",5.3,"An der Tafel Mill Bay: 5.3 % des Hubs von 6.51 m gegen 0.1 % von ""Mill Bay, British Columbia, Canada"" (harmonics_utide_tidetables.txt), 880 m entfernt. Faktor 43.0, Kurvenabweichung 10 %."
harmonics/noaa/harmonics_noaa_amtt.txt,"Fulford Harbor, Saltspring Island, Canada",18.8,"An der Tafel Fulford Harbour: 18.8 % des Hubs von 3.54 m gegen 0.4 % von ""Fulford Harbour, British Columbia, Canada"" (harmonics_utide_tidetables.txt), 266 m entfernt. Faktor 42.4, Kurvenabweichung 36 %."
harmonics/noaa/harmonics_noaa_amtt.txt,"Harbour Grace, Conception Bay, Canada",12.7,"An der Tafel Harbour Grace: 12.7 % des Hubs von 1.21 m gegen 0.3 % von ""Harbour Grace, Newfoundland, Canada"" (harmonics_utide_tidetables.txt), 1529 m entfernt. Faktor 41.5, Kurvenabweichung 23 %."
harmonics/noaa/harmonics_noaa_amtt.txt,"Kivitoo, Baffin Island, Canada",10.0,"An der Tafel Kivitoo: 10.0 % des Hubs von 1.18 m gegen 0.2 % von ""Kivitoo, Nunavut, Canada"" (harmonics_utide_tidetables.txt), 392 m entfernt. Faktor 40.7, Kurvenabweichung 16 %."
harmonics/noaa/harmonics_noaa_amtt.txt,"Ste. Anne des Monts, Canada",8.6,"An der Tafel Sainte-Anne-des-Monts: 8.6 % des Hubs von 3.37 m gegen 0.2 % von ""Sainte-Anne-des-Monts, Québec, Canada"" (harmonics_utide_tidetables.txt), 200 m entfernt. Faktor 40.4, Kurvenabweichung 20 %."
harmonics/noaa/harmonics_noaa_amtt.txt,"Battle Harbour, Canada",8.9,"An der Tafel Battle Harbour: 8.9 % des Hubs von 1.26 m gegen 0.2 % von ""Battle Harbour, Labrador, Canada"" (harmonics_utide_tidetables.txt), 1337 m entfernt. Faktor 40.4, Kurvenabweichung 17 %."
harmonics/noaa/harmonics_noaa_amtt.txt,"Pointe aux Orignaux, Canada",5.0,"An der Tafel Pointe-aux-Orignaux: 5.0 % des Hubs von 5.71 m gegen 0.1 % von ""Pointe-aux-Orignaux (Rivière-Ouelle), Québec, Canada"" (harmonics_utide_tidetables.txt), 697 m entfernt. Faktor 40.1, Kurvenabweichung 14 %."
harmonics/noaa/harmonics_noaa_amtt.txt,"Comox, Baynes Sound, Canada",17.2,"An der Tafel Comox: 17.2 % des Hubs von 5.07 m gegen 0.4 % von ""Comox, British Columbia, Canada"" (harmonics_utide_tidetables.txt), 892 m entfernt. Faktor 39.7, Kurvenabweichung 32 %."
harmonics/utide/harmonics_utide_tidetables.txt,"Sand Point, Nova Scotia, Canada",26.1,"An der Tafel Sand Point: 26.1 % des Hubs von 1.89 m gegen 0.7 % von ""Sand Point, Nova Scotia, Canada"" (harmonics-2004-06-14_mod.txt), 9 m entfernt. Faktor 38.5, Kurvenabweichung 53 %."
harmonics/noaa/harmonics_noaa_amtt.txt,"Whaletown, Cortes Island, Canada",17.4,"An der Tafel Whaletown: 17.4 % des Hubs von 5.07 m gegen 0.5 % von ""Whaletown, British Columbia, Canada"" (harmonics_utide_tidetables.txt), 901 m entfernt. Faktor 38.2, Kurvenabweichung 32 %."
harmonics/classic/harmonics-2004-06-14_mod.txt,"Turnavik Island, Labrador, Canada",16.0,"An der Tafel Turnavik Island: 16.0 % des Hubs von 2.21 m gegen 0.4 % von ""Turnavik Island, Labrador, Canada"" (harmonics_utide_tidetables.txt), 0 m entfernt. Faktor 36.5, Kurvenabweichung 17 %."
harmonics/noaa/harmonics_noaa_amtt.txt,"Port Daniel, Canada",14.0,"An der Tafel Port-Daniel-Gascons: 14.0 % des Hubs von 1.86 m gegen 0.4 % von ""Port-Daniel-Gascons, Québec, Canada"" (harmonics_utide_tidetables.txt), 1962 m entfernt. Faktor 36.2, Kurvenabweichung 34 %."
harmonics/noaa/harmonics_noaa_amtt.txt,"Tadoussac, Saguenay River, Canada",6.7,"An der Tafel Tadoussac: 6.7 % des Hubs von 5.25 m gegen 0.2 % von ""Tadoussac, Québec, Canada"" (harmonics_utide_tidetables.txt), 542 m entfernt. Faktor 35.9, Kurvenabweichung 11 %."
harmonics/classic/harmonics-2004-06-14_mod.txt,"Meyers Narrows, British Columbia, Canada",4.8,"An der Tafel Meyers Narrows: 4.8 % des Hubs von 5.13 m gegen 0.1 % von ""Meyers Narrows, British Columbia, Canada"" (harmonics_utide_tidetables.txt), 0 m entfernt. Faktor 35.3, Kurvenabweichung 8 %."
harmonics/noaa/harmonics_noaa_amtt.txt,"Nanaimo, Canada",16.6,"An der Tafel Nanaimo Harbour: 16.6 % des Hubs von 4.78 m gegen 0.5 % von ""Nanaimo Harbour, British Columbia, Canada"" (harmonics_utide_tidetables.txt), 1975 m entfernt. Faktor 34.6, Kurvenabweichung 32 %."
harmonics/classic/harmonics-2004-06-14_mod.txt,"North Head, New Brunswick, Canada",2.7,"An der Tafel North Head: 2.7 % des Hubs von 6.82 m gegen 0.1 % von ""North Head, New Brunswick, Canada"" (harmonics_utide_tidetables.txt), 0 m entfernt. Faktor 34.3, Kurvenabweichung 5 %."
harmonics/classic/harmonics-2004-06-14_mod.txt,"Tasiujaq, Québec, Canada",6.5,"An der Tafel Tasiujaq: 6.5 % des Hubs von 14.27 m gegen 0.2 % von ""Tasiujaq, Québec, Canada"" (harmonics_utide_tidetables.txt), 4 m entfernt. Faktor 33.8, Kurvenabweichung 9 %."
harmonics/classic/harmonics-2004-06-14_mod.txt,"Needle Cove, Nunavut, Canada",11.9,"An der Tafel Needle Cove: 11.9 % des Hubs von 2.88 m gegen 0.4 % von ""Needle Cove, Nunavut, Canada"" (harmonics_utide_tidetables.txt), 0 m entfernt. Faktor 33.7, Kurvenabweichung 5 %."
harmonics/noaa/harmonics_noaa_amtt.txt,"Sand Heads, Fraser River, Canada",18.6,"An der Tafel Sand Heads: 18.6 % des Hubs von 4.59 m gegen 0.6 % von ""Sand Heads Lighthouse, British Columbia, Canada"" (harmonics_utide_tidetables.txt), 1315 m entfernt. Faktor 33.3, Kurvenabweichung 33 %."
harmonics/noaa/harmonics_noaa_amtt.txt,"Knox Bay, West Thurlow Island, Canada",5.3,"An der Tafel Knox Bay: 5.3 % des Hubs von 4.58 m gegen 0.2 % von ""Knox Bay, British Columbia, Canada"" (harmonics_utide_tidetables.txt), 1976 m entfernt. Faktor 33.1, Kurvenabweichung 8 %."
harmonics/classic/harmonics-2004-06-14_mod.txt,"Postville, Labrador, Canada",10.0,"An der Tafel Postville: 10.0 % des Hubs von 2.24 m gegen 0.3 % von ""Postville, Labrador, Canada"" (harmonics_utide_tidetables.txt), 0 m entfernt. Faktor 32.6, Kurvenabweichung 23 %."
harmonics/classic/harmonics-2004-06-14_mod.txt,"St. Martins, New Brunswick, Canada",1.5,"An der Tafel St Martins: 1.5 % des Hubs von 10.17 m gegen 0.0 % von ""St. Martins, New Brunswick, Canada"" (harmonics_utide_tidetables.txt), 0 m entfernt. Faktor 32.3, Kurvenabweichung 0 %."
harmonics/noaa/harmonics_noaa_amtt.txt,"Ocean Falls, Fisher Channel, Canada",4.2,"An der Tafel Ocean Falls: 4.2 % des Hubs von 5.15 m gegen 0.1 % von ""Ocean Falls, British Columbia, Canada"" (harmonics_utide_tidetables.txt), 695 m entfernt. Faktor 32.0, Kurvenabweichung 7 %."
harmonics/noaa/harmonics_noaa_amtt.txt,"Woody Island, Canada",4.6,"An der Tafel Woody Island: 4.6 % des Hubs von 2.20 m gegen 0.1 % von ""Woody Island, Newfoundland, Canada"" (harmonics_utide_tidetables.txt), 897 m entfernt. Faktor 31.7, Kurvenabweichung 8 %."
harmonics/classic/harmonics-2004-06-14_mod.txt,"Sanikiluaq, Nunavut, Canada",13.6,"An der Tafel Sanikiluaq: 13.6 % des Hubs von 1.05 m gegen 0.4 % von ""Sanikiluaq, Nunavut, Canada"" (harmonics_utide_tidetables.txt), 4 m entfernt. Faktor 31.1, Kurvenabweichung 16 %."
harmonics/noaa/harmonics_noaa_amtt.txt,"Port Union, Canada",8.8,"An der Tafel Port Union: 8.8 % des Hubs von 1.02 m gegen 0.3 % von ""Port Union, Newfoundland, Canada"" (harmonics_utide_tidetables.txt), 204 m entfernt. Faktor 31.1, Kurvenabweichung 18 %."
harmonics/noaa/harmonics_noaa_amtt.txt,"Red Bay, Canada",8.2,"An der Tafel Red Bay: 8.2 % des Hubs von 1.14 m gegen 0.3 % von ""Red Bay (Strait of Bell Isle), Labrador, Canada"" (harmonics_utide_tidetables.txt), 1959 m entfernt. Faktor 31.1, Kurvenabweichung 17 %."
harmonics/noaa/harmonics_noaa_amtt.txt,"Duncan Bay, Discovery Passage, Canada",18.6,"An der Tafel Duncan Bay: 18.6 % des Hubs von 3.87 m gegen 0.6 % von ""Duncan Bay, British Columbia, Canada"" (harmonics_utide_tidetables.txt), 815 m entfernt. Faktor 30.1, Kurvenabweichung 35 %."
harmonics/noaa/harmonics_noaa_amtt.txt,"Bathurst, Canada",13.3,"An der Tafel Bathurst Harbour: 13.3 % des Hubs von 2.29 m gegen 0.4 % von ""Bathurst Harbour, New Brunswick, Canada"" (harmonics_utide_tidetables.txt), 814 m entfernt. Faktor 29.8, Kurvenabweichung 33 %."
harmonics/noaa/harmonics_noaa_amtt.txt,"Glendale Cove, Knight Inlet, Canada",3.3,"An der Tafel Glendale Cove: 3.3 % des Hubs von 5.43 m gegen 0.1 % von ""Glendale Cove, British Columbia, Canada"" (harmonics_utide_tidetables.txt), 881 m entfernt. Faktor 29.4, Kurvenabweichung 4 %."
harmonics/classic/harmonics-2004-06-14_mod.txt,"Lorneville, New Brunswick, Canada",1.4,"An der Tafel Lorneville: 1.4 % des Hubs von 8.23 m gegen 0.0 % von ""Lorneville, New Brunswick, Canada"" (harmonics_utide_tidetables.txt), 0 m entfernt. Faktor 29.2, Kurvenabweichung 0 %."
harmonics/noaa/harmonics_noaa_amtt.txt,"St. Barbe Bay, Canada",10.2,"An der Tafel St. Barbe: 10.2 % des Hubs von 1.43 m gegen 0.4 % von ""St. Barbe, Newfoundland, Canada"" (harmonics_utide_tidetables.txt), 642 m entfernt. Faktor 28.5, Kurvenabweichung 13 %."
harmonics/classic/harmonics-2004-06-14_mod.txt,"Norton Island, Nunavut, Canada",8.2,"An der Tafel Norton Island: 8.2 % des Hubs von 2.29 m gegen 0.3 % von ""Norton Island, Nunavut, Canada"" (harmonics_utide_tidetables.txt), 2 m entfernt. Faktor 28.1, Kurvenabweichung 37 %."
harmonics/noaa/harmonics_noaa_amtt.txt,"Hall Beach, Foxe Basin, Canada",14.3,"An der Tafel Sanirajak: 14.3 % des Hubs von 1.34 m gegen 0.5 % von ""Hall Beach, Foxe Basin, Nunavut, Canada"" (harmonics-2004-06-14_mod.txt), 0 m entfernt. Faktor 27.8, Kurvenabweichung 25 %."
harmonics/noaa/harmonics_noaa_amtt.txt,"Sidney, Haro Strait, Canada",18.3,"An der Tafel Sidney: 18.3 % des Hubs von 3.52 m gegen 0.7 % von ""Sidney, British Columbia, Canada"" (harmonics_utide_tidetables.txt), 529 m entfernt. Faktor 27.8, Kurvenabweichung 38 %."
harmonics/noaa/harmonics_noaa_amtt.txt,"Port Saunders, Canada",4.4,"An der Tafel Port Saunders: 4.4 % des Hubs von 2.07 m gegen 0.2 % von ""Port Saunders, Newfoundland, Canada"" (harmonics_utide_tidetables.txt), 699 m entfernt. Faktor 27.5, Kurvenabweichung 14 %."
harmonics/noaa/harmonics_noaa_amtt.txt,"Hebron, Hebron Fjord, Canada",9.7,"An der Tafel Hebron: 9.7 % des Hubs von 2.21 m gegen 0.4 % von ""Hebron, Labrador, Canada"" (harmonics_utide_tidetables.txt), 489 m entfernt. Faktor 27.5, Kurvenabweichung 19 %."
harmonics/classic/harmonics-2004-06-14_mod.txt,"Partridge Island, New Brunswick, Canada",1.3,"An der Tafel Partridge Island: 1.3 % des Hubs von 8.33 m gegen 0.0 % von ""Partridge Island, New Brunswick, Canada"" (harmonics_utide_tidetables.txt), 0 m entfernt. Faktor 27.5, Kurvenabweichung 0 %."
harmonics/classic/harmonics-2004-06-14_mod.txt,"Degnen Bay, British Columbia, Canada",3.4,"An der Tafel Degnen Bay: 3.4 % des Hubs von 3.94 m gegen 0.1 % von ""Degnen Bay, British Columbia, Canada"" (harmonics_utide_tidetables.txt), 4 m entfernt. Faktor 27.0, Kurvenabweichung 3 %."
harmonics/classic/harmonics-2004-06-14_mod.txt,"Sandwich Bay (East Arm), Labrador, Canada",5.5,"An der Tafel Sandwich Bay (East Arm): 5.5 % des Hubs von 1.33 m gegen 0.2 % von ""Sandwich Bay (East Arm), Labrador, Canada"" (harmonics_utide_tidetables.txt), 0 m entfernt. Faktor 26.3, Kurvenabweichung 9 %."
harmonics/classic/harmonics-2004-06-14_mod.txt,"Hopes Advance Bay, Québec, Canada",1.2,"An der Tafel Hopes Advance Bay: 1.2 % des Hubs von 11.64 m gegen 0.0 % von ""Hopes Advance Bay, Québec, Canada"" (harmonics_utide_tidetables.txt), 0 m entfernt. Faktor 25.4, Kurvenabweichung 0 %."
harmonics/classic/harmonics-2004-06-14_mod.txt,"Wainwright Basin, British Columbia, Canada",13.5,"An der Tafel Wainwright Basin: 13.5 % des Hubs von 5.28 m gegen 0.5 % von ""Wainwright Basin, British Columbia, Canada"" (harmonics_utide_tidetables.txt), 0 m entfernt. Faktor 25.0, Kurvenabweichung 21 %."
harmonics/classic/harmonics-2004-06-14_mod.txt,"Agvik Island, Québec, Canada",1.9,"An der Tafel Agvik Island: 1.9 % des Hubs von 10.82 m gegen 0.1 % von ""Agvik Island, Québec, Canada"" (harmonics_utide_tidetables.txt), 4 m entfernt. Faktor 24.8, Kurvenabweichung 4 %."
harmonics/noaa/harmonics_noaa_amtt.txt,"Nain, Canada",10.5,"An der Tafel Nain: 10.5 % des Hubs von 2.54 m gegen 0.4 % von ""Nain, Labrador, Canada"" (harmonics_utide_tidetables.txt), 754 m entfernt. Faktor 24.6, Kurvenabweichung 17 %."
harmonics/classic/harmonics-2004-06-14_mod.txt,"La Romaine (Gethsémani), Québec, Canada",5.7,"An der Tafel Gethsémani: 5.7 % des Hubs von 1.56 m gegen 0.2 % von ""La Romaine (Gethsémani), Québec, Canada"" (harmonics_utide_tidetables.txt), 0 m entfernt. Faktor 24.5, Kurvenabweichung 6 %."
harmonics/noaa/harmonics_noaa_amtt.txt,"Matane, Canada",8.1,"An der Tafel Matane: 8.1 % des Hubs von 3.94 m gegen 0.3 % von ""Matane, Québec, Canada"" (harmonics_utide_tidetables.txt), 371 m entfernt. Faktor 23.9, Kurvenabweichung 22 %."
harmonics/classic/harmonics-2004-06-14_mod.txt,"Pointe-Au-Pic, Québec, Canada",3.0,"An der Tafel Pointe-au-Pic: 3.0 % des Hubs von 6.07 m gegen 0.1 % von ""Pointe-au-Pic, Québec, Canada"" (harmonics_utide_tidetables.txt), 0 m entfernt. Faktor 23.7, Kurvenabweichung 3 %."
harmonics/classic/harmonics-2004-06-14_mod.txt,"Hopewell Cape, New Brunswick, Canada",1.4,"An der Tafel Hopewell Cape: 1.4 % des Hubs von 13.43 m gegen 0.1 % von ""Hopewell Cape, New Brunswick, Canada"" (harmonics_utide_tidetables.txt), 0 m entfernt. Faktor 23.5, Kurvenabweichung 0 %."
harmonics/classic/harmonics-2004-06-14_mod.txt,"Cloridorme, Québec, Canada",3.8,"An der Tafel Cloridorme: 3.8 % des Hubs von 2.22 m gegen 0.2 % von ""Cloridorme, Québec, Canada"" (harmonics_utide_tidetables.txt), 0 m entfernt. Faktor 23.3, Kurvenabweichung 4 %."
harmonics/noaa/harmonics_noaa_amtt.txt,"La Poile Bay, Canada",4.8,"An der Tafel La Poile (Little Bay): 4.8 % des Hubs von 1.55 m gegen 0.2 % von ""La Poile (Little Bay), Newfoundland, Canada"" (harmonics_utide_tidetables.txt), 1976 m entfernt. Faktor 23.3, Kurvenabweichung 10 %."
harmonics/classic/harmonics-2004-06-14_mod.txt,"Cape Enrage, Nova Scotia, Canada",1.4,"An der Tafel Cape Enrage: 1.4 % des Hubs von 12.04 m gegen 0.1 % von ""Cape Enrage, New Brunswick, Canada"" (harmonics_utide_tidetables.txt), 0 m entfernt. Faktor 23.2, Kurvenabweichung 0 %."
harmonics/noaa/harmonics_noaa_amtt.txt,"Summerside Harbour, Canada",10.1,"An der Tafel Summerside: 10.1 % des Hubs von 1.81 m gegen 0.4 % von ""Summerside, Prince Edward Island, Canada"" (harmonics_utide_tidetables.txt), 1577 m entfernt. Faktor 23.0, Kurvenabweichung 11 %."
harmonics/classic/harmonics-2004-06-14_mod.txt,"Kumeon Bay, British Columbia, Canada",1.2,"An der Tafel Kumeon Bay: 1.2 % des Hubs von 6.61 m gegen 0.1 % von ""Kumeon Bay, British Columbia, Canada"" (harmonics_utide_tidetables.txt), 0 m entfernt. Faktor 22.3, Kurvenabweichung 0 %."
harmonics/classic/harmonics-2004-06-14_mod.txt,"Stupart Bay, Québec, Canada",1.3,"An der Tafel Stupart Bay: 1.3 % des Hubs von 8.33 m gegen 0.1 % von ""Stupart Bay, Québec, Canada"" (harmonics_utide_tidetables.txt), 4 m entfernt. Faktor 22.0, Kurvenabweichung 0 %."
harmonics/utide/harmonics_utide_tidetables.txt,"Port Maitland, Nova Scotia, Canada",26.7,"An der Tafel Port Maitland: 26.7 % des Hubs von 5.14 m gegen 1.2 % von ""Port Maitland, Nova Scotia, Canada"" (harmonics-2004-06-14_mod.txt), 53 m entfernt. Faktor 21.7, Kurvenabweichung 53 %."
harmonics/classic/harmonics-2004-06-14_mod.txt,"Grindstone Island, New Brunswick, Canada",1.5,"An der Tafel Grindstone Island: 1.5 % des Hubs von 13.00 m gegen 0.1 % von ""Grindstone Island, New Brunswick, Canada"" (harmonics_utide_tidetables.txt), 0 m entfernt. Faktor 21.4, Kurvenabweichung 0 %."
harmonics/classic/harmonics-2004-06-14_mod.txt,"Portneuf-sur-Mer, Québec, Canada",2.9,"An der Tafel Portneuf-sur-Mer: 2.9 % des Hubs von 4.20 m gegen 0.1 % von ""Portneuf-sur-Mer, Québec, Canada"" (harmonics_utide_tidetables.txt), 0 m entfernt. Faktor 21.4, Kurvenabweichung 4 %."
harmonics/classic/harmonics-2004-06-14_mod.txt,"Grand Eddy, Nova Scotia, Canada",6.7,"An der Tafel Tiverton: 6.7 % des Hubs von 5.83 m gegen 0.3 % von ""Grand Eddy, Nova Scotia, Canada"" (harmonics_utide_tidetables.txt), 25 m entfernt. Faktor 21.2, Kurvenabweichung 15 %."
harmonics/noaa/harmonics_noaa_amtt.txt,"Chicoutimi, Saguenay River, Canada",7.2,"An der Tafel Chicoutimi: 7.2 % des Hubs von 4.93 m gegen 0.3 % von ""Chicoutimi, Québec, Canada"" (harmonics_utide_tidetables.txt), 450 m entfernt. Faktor 21.0, Kurvenabweichung 12 %."
harmonics/classic/harmonics-2004-06-14_mod.txt,"Rivière-Koksoak, Québec, Canada",1.0,"An der Tafel Rivière Koksoak: 1.0 % des Hubs von 11.99 m gegen 0.0 % von ""Rivière Koksoak, Québec, Canada"" (harmonics_utide_tidetables.txt), 0 m entfernt. Faktor 21.0, Kurvenabweichung 0 %."
harmonics/classic/harmonics-2004-06-14_mod.txt,"Porlier Pass, British Columbia, Canada",2.5,"An der Tafel Porlier Pass: 2.5 % des Hubs von 4.23 m gegen 0.1 % von ""Porlier Pass, British Columbia, Canada"" (harmonics_utide_tidetables.txt), 417 m entfernt. Faktor 20.7, Kurvenabweichung 0 %."
harmonics/classic/harmonics-2004-06-14_mod.txt,"Preedy Harbour, British Columbia, Canada",2.5,"An der Tafel Preedy Harbour: 2.5 % des Hubs von 4.08 m gegen 0.1 % von ""Preedy Harbour, British Columbia, Canada"" (harmonics_utide_tidetables.txt), 0 m entfernt. Faktor 20.5, Kurvenabweichung 0 %."
harmonics/classic/harmonics-2004-06-14_mod.txt,"Lewis Bay, Nunavut, Canada",1.2,"An der Tafel Lewis Bay: 1.2 % des Hubs von 9.34 m gegen 0.1 % von ""Lewis Bay, Nunavut, Canada"" (harmonics_utide_tidetables.txt), 0 m entfernt. Faktor 20.5, Kurvenabweichung 0 %."
harmonics/noaa/harmonics_noaa_amtt.txt,"Seymour Narrows (Canoe Pass), Canada",11.5,"An der Tafel Seymour Narrows: 11.5 % des Hubs von 4.51 m gegen 0.6 % von ""Seymour Narrows, British Columbia, Canada"" (harmonics_utide_tidetables.txt), 342 m entfernt. Faktor 20.5, Kurvenabweichung 23 %."
harmonics/classic/harmonics-2004-06-14_mod.txt,"Quaqtaq, Québec, Canada",3.6,"An der Tafel Quaqtaq: 3.6 % des Hubs von 8.87 m gegen 0.2 % von ""Quaqtaq, Québec, Canada"" (harmonics_utide_tidetables.txt), 0 m entfernt. Faktor 20.2, Kurvenabweichung 27 %."
harmonics/classic/harmonics-2004-06-14_mod.txt,"Griffin Passage, British Columbia, Canada",2.8,"An der Tafel Griffin Passage: 2.8 % des Hubs von 4.99 m gegen 0.1 % von ""Griffin Passage, British Columbia, Canada"" (harmonics_utide_tidetables.txt), 0 m entfernt. Faktor 20.0, Kurvenabweichung 5 %."
harmonics/classic/harmonics-2004-06-14_mod.txt,"William Head, British Columbia, Canada",3.7,"An der Tafel William Head: 3.7 % des Hubs von 2.84 m gegen 0.2 % von ""William Head, British Columbia, Canada"" (harmonics_utide_tidetables.txt), 0 m entfernt. Faktor 19.8, Kurvenabweichung 3 %."
harmonics/classic/harmonics-2004-06-14_mod.txt,"Montague Harbour, British Columbia, Canada",2.8,"An der Tafel Montague Harbour: 2.8 % des Hubs von 3.72 m gegen 0.1 % von ""Montague Harbour, British Columbia, Canada"" (harmonics_utide_tidetables.txt), 0 m entfernt. Faktor 19.5, Kurvenabweichung 0 %."
harmonics/noaa/harmonics_noaa_amtt.txt,"Port Hastings, Strait of Canso, Canada",8.8,"An der Tafel Port Hastings: 8.8 % des Hubs von 1.86 m gegen 0.5 % von ""Port Hastings, Nova Scotia, Canada"" (harmonics_utide_tidetables.txt), 614 m entfernt. Faktor 19.4, Kurvenabweichung 12 %."
harmonics/noaa/harmonics_noaa_amtt.txt,"Shushartie Bay, Goletas Channel, Canada",2.6,"An der Tafel Shushartie Bay: 2.6 % des Hubs von 4.75 m gegen 0.1 % von ""Shushartie Bay, British Columbia, Canada"" (harmonics_utide_tidetables.txt), 859 m entfernt. Faktor 19.3, Kurvenabweichung 3 %."
harmonics/classic/harmonics-2004-06-14_mod.txt,"Beaver Harbour, New Brunswick, Canada",2.5,"An der Tafel Beaver Harbour: 2.5 % des Hubs von 7.46 m gegen 0.1 % von ""Beaver Harbour, New Brunswick, Canada"" (harmonics_utide_tidetables.txt), 0 m entfernt. Faktor 19.3, Kurvenabweichung 3 %."
harmonics/classic/harmonics-2004-06-14_mod.txt,"Long Harbour, Newfoundland, Canada",3.8,"An der Tafel Long Harbour: 3.8 % des Hubs von 2.21 m gegen 0.2 % von ""Long Harbour, Newfoundland, Canada"" (harmonics_utide_tidetables.txt), 1 m entfernt. Faktor 19.2, Kurvenabweichung 7 %."
harmonics/classic/harmonics-2004-06-14_mod.txt,"Port Burwell, Nunavut, Canada",1.1,"An der Tafel Port Burwell: 1.1 % des Hubs von 6.34 m gegen 0.1 % von ""Port Burwell, Nunavut, Canada"" (harmonics_utide_tidetables.txt), 0 m entfernt. Faktor 19.1, Kurvenabweichung 24 %."
harmonics/classic/harmonics-2004-06-14_mod.txt,"Terrington Basin, Labrador, Canada",10.1,"An der Tafel Terrington Basin: 10.1 % des Hubs von 0.66 m gegen 0.5 % von ""Terrington Basin, Labrador, Canada"" (harmonics_utide_tidetables.txt), 0 m entfernt. Faktor 19.1, Kurvenabweichung 20 %."
harmonics/noaa/harmonics_noaa_amtt.txt,"Natashquan, Canada",4.9,"An der Tafel Natashquan: 4.9 % des Hubs von 1.84 m gegen 0.3 % von ""Natashquan, Québec, Canada"" (harmonics_utide_tidetables.txt), 1339 m entfernt. Faktor 18.8, Kurvenabweichung 8 %."
harmonics/noaa/harmonics_noaa_amtt.txt,"Addenbroke Island, Canada",3.4,"An der Tafel Addenbroke Island: 3.4 % des Hubs von 4.88 m gegen 0.2 % von ""Addenbroke Island, British Columbia, Canada"" (harmonics_utide_tidetables.txt), 850 m entfernt. Faktor 18.8, Kurvenabweichung 7 %."
harmonics/noaa/harmonics_noaa_amtt.txt,"Cartwright Harbour, Canada",8.4,"An der Tafel Cartwright: 8.4 % des Hubs von 1.85 m gegen 0.5 % von ""Cartwright, Labrador, Canada"" (harmonics_utide_tidetables.txt), 970 m entfernt. Faktor 18.6, Kurvenabweichung 16 %."
harmonics/noaa/harmonics_noaa_amtt.txt,"Hopedale Harbour, Canada",8.1,"An der Tafel Hopedale: 8.1 % des Hubs von 2.19 m gegen 0.4 % von ""Hopedale, Labrador, Canada"" (harmonics_utide_tidetables.txt), 599 m entfernt. Faktor 18.6, Kurvenabweichung 17 %."
harmonics/classic/harmonics-2004-06-14_mod.txt,"Sidney Bay, British Columbia, Canada",1.6,"An der Tafel Sidney Bay: 1.6 % des Hubs von 4.46 m gegen 0.1 % von ""Sidney Bay, British Columbia, Canada"" (harmonics_utide_tidetables.txt), 4 m entfernt. Faktor 18.5, Kurvenabweichung 0 %."
harmonics/noaa/harmonics_noaa_amtt.txt,"St. Paul Island, Canada",9.5,"An der Tafel St Paul Island: 9.5 % des Hubs von 1.16 m gegen 0.5 % von ""St. Paul Island, Gulf of St. Lawrence, Nova Scotia, Canada"" (harmonics-2004-06-14_mod.txt), 0 m entfernt. Faktor 18.4, Kurvenabweichung 13 %."
harmonics/noaa/harmonics_noaa_amtt.txt,"Canso Harbour, Canada",8.7,"An der Tafel Canso Harbour: 8.7 % des Hubs von 1.69 m gegen 0.5 % von ""Canso Harbour, Nova Scotia, Canada"" (harmonics_utide_tidetables.txt), 1356 m entfernt. Faktor 18.2, Kurvenabweichung 12 %."
harmonics/ticon/harmonics_ticon4_worldwide.txt,"Pointe-Au-Pic, Québec, Canada",2.3,"An der Tafel Pointe-au-Pic: 2.3 % des Hubs von 6.07 m gegen 0.1 % von ""Pointe-au-Pic, Québec, Canada"" (harmonics_utide_tidetables.txt), 19 m entfernt. Faktor 18.1, Kurvenabweichung 2 %."
harmonics/classic/harmonics-2004-06-14_mod.txt,"Ceepeecee, British Columbia, Canada",1.6,"An der Tafel Ceepeecee: 1.6 % des Hubs von 3.95 m gegen 0.1 % von ""Ceepeecee, British Columbia, Canada"" (harmonics_utide_tidetables.txt), 0 m entfernt. Faktor 18.1, Kurvenabweichung 0 %."
harmonics/classic/harmonics-2004-06-14_mod.txt,"Sedgwick Bay, British Columbia, Canada",1.3,"An der Tafel Sedgwick Bay: 1.3 % des Hubs von 5.08 m gegen 0.1 % von ""Sedgwick Bay, British Columbia, Canada"" (harmonics_utide_tidetables.txt), 0 m entfernt. Faktor 18.1, Kurvenabweichung 0 %."
harmonics/classic/harmonics-2004-06-14_mod.txt,"Musquash Harbour, New Brunswick, Canada",2.3,"An der Tafel Musquash Harbour: 2.3 % des Hubs von 8.12 m gegen 0.1 % von ""Musquash Harbour, New Brunswick, Canada"" (harmonics_utide_tidetables.txt), 0 m entfernt. Faktor 17.8, Kurvenabweichung 4 %."
harmonics/classic/harmonics-2004-06-14_mod.txt,"Blind Bay, British Columbia, Canada",2.2,"An der Tafel Blind Bay: 2.2 % des Hubs von 5.28 m gegen 0.1 % von ""Blind Bay, British Columbia, Canada"" (harmonics_utide_tidetables.txt), 0 m entfernt. Faktor 17.8, Kurvenabweichung 0 %."
harmonics/classic/harmonics-2004-06-14_mod.txt,"Deception Bay, Québec, Canada",2.9,"An der Tafel Deception Bay: 2.9 % des Hubs von 5.21 m gegen 0.2 % von ""Deception Bay, Québec, Canada"" (harmonics_utide_tidetables.txt), 0 m entfernt. Faktor 17.8, Kurvenabweichung 2 %."
harmonics/classic/harmonics-2004-06-14_mod.txt,"La Tabatière, Québec, Canada",2.5,"An der Tafel La Tabatière: 2.5 % des Hubs von 2.15 m gegen 0.1 % von ""La Tabatière, Québec, Canada"" (harmonics_utide_tidetables.txt), 0 m entfernt. Faktor 17.8, Kurvenabweichung 4 %."
harmonics/classic/harmonics-2004-06-14_mod.txt,"Cowichan Bay, British Columbia, Canada",2.4,"An der Tafel Cowichan Bay: 2.4 % des Hubs von 3.64 m gegen 0.1 % von ""Cowichan Bay, British Columbia, Canada"" (harmonics_utide_tidetables.txt), 0 m entfernt. Faktor 17.8, Kurvenabweichung 0 %."
harmonics/classic/harmonics-2004-06-14_mod.txt,"Becher Bay, British Columbia, Canada",3.1,"An der Tafel Becher Bay: 3.1 % des Hubs von 3.04 m gegen 0.2 % von ""Becher Bay, British Columbia, Canada"" (harmonics_utide_tidetables.txt), 0 m entfernt. Faktor 17.8, Kurvenabweichung 3 %."
harmonics/classic/harmonics-2004-06-14_mod.txt,"Pender Harbour (Garden Bay), British Columbia, Canada",2.3,"An der Tafel ḵalpilin: 2.3 % des Hubs von 4.96 m gegen 0.1 % von ""Pender Harbour (Garden Bay), British Columbia, Canada"" (harmonics_utide_tidetables.txt), 0 m entfernt. Faktor 17.7, Kurvenabweichung 0 %."
harmonics/classic/harmonics-2004-06-14_mod.txt,"Doctor Island, Québec, Canada",1.2,"An der Tafel Doctor Island: 1.2 % des Hubs von 7.64 m gegen 0.1 % von ""Doctor Island, Québec, Canada"" (harmonics_utide_tidetables.txt), 0 m entfernt. Faktor 17.7, Kurvenabweichung 0 %."
harmonics/noaa/harmonics_noaa_amtt.txt,"Moosonee, James Bay, Canada",10.3,"An der Tafel Moosonee: 10.3 % des Hubs von 1.92 m gegen 0.6 % von ""Moosonee, Ontario, Canada"" (harmonics_utide_tidetables.txt), 699 m entfernt. Faktor 17.6, Kurvenabweichung 19 %."
harmonics/noaa/harmonics_noaa_amtt.txt,"Treadwell Bay, Slingsby Channel, Canada",34.0,"An der Tafel Johnson Point: 34.0 % des Hubs von 1.65 m gegen 1.9 % von ""Treadwell Bay, British Columbia, Canada"" (harmonics_utide_tidetables.txt), 633 m entfernt. Faktor 17.5, Kurvenabweichung 48 %."
harmonics/classic/harmonics-2004-06-14_mod.txt,"Île aux Lièvres, Québec, Canada",3.0,"An der Tafel Île aux Lièvres: 3.0 % des Hubs von 5.55 m gegen 0.2 % von ""Île aux Lièvres, Québec, Canada"" (harmonics_utide_tidetables.txt), 0 m entfernt. Faktor 17.4, Kurvenabweichung 8 %."
harmonics/classic/harmonics-2004-06-14_mod.txt,"Tom Bay, British Columbia, Canada",1.4,"An der Tafel Tom Bay: 1.4 % des Hubs von 4.99 m gegen 0.1 % von ""Tom Bay, British Columbia, Canada"" (harmonics_utide_tidetables.txt), 0 m entfernt. Faktor 17.4, Kurvenabweichung 0 %."
harmonics/classic/harmonics-2004-06-14_mod.txt,"Brevoort Harbour, Nunavut, Canada",1.0,"An der Tafel Brevoort Harbour: 1.0 % des Hubs von 5.72 m gegen 0.1 % von ""Brevoort Harbour, Nunavut, Canada"" (harmonics_utide_tidetables.txt), 4 m entfernt. Faktor 17.4, Kurvenabweichung 0 %."
harmonics/classic/harmonics-2004-06-14_mod.txt,"Treadwell Bay, British Columbia, Canada",33.7,"An der Tafel Johnson Point: 33.7 % des Hubs von 1.65 m gegen 1.9 % von ""Treadwell Bay, British Columbia, Canada"" (harmonics_utide_tidetables.txt), 0 m entfernt. Faktor 17.3, Kurvenabweichung 43 %."
harmonics/noaa/harmonics_noaa_amtt.txt,"Belleoram, Canada",8.8,"An der Tafel Belleoram: 8.8 % des Hubs von 2.06 m gegen 0.5 % von ""Belleoram, Newfoundland, Canada"" (harmonics_utide_tidetables.txt), 907 m entfernt. Faktor 17.3, Kurvenabweichung 16 %."
harmonics/noaa/harmonics_noaa_amtt.txt,"Cape Tormentine, Canada",10.0,"An der Tafel Cape Tormentine: 10.0 % des Hubs von 2.28 m gegen 0.6 % von ""Cape Tormentine, New Brunswick, Canada"" (harmonics_utide_tidetables.txt), 525 m entfernt. Faktor 17.2, Kurvenabweichung 13 %."
harmonics/classic/harmonics-2004-06-14_mod.txt,"Grande-Rivière, Québec, Canada",5.7,"An der Tafel Grande-Rivière: 5.7 % des Hubs von 1.72 m gegen 0.3 % von ""Grande-Rivière, Québec, Canada"" (harmonics_utide_tidetables.txt), 0 m entfernt. Faktor 16.9, Kurvenabweichung 8 %."
harmonics/noaa/harmonics_noaa_amtt.txt,"Prince Rupert, Canada",3.5,"An der Tafel Prince Rupert: 3.5 % des Hubs von 7.04 m gegen 0.2 % von ""Prince Rupert, British Columbia, Canada"" (harmonics_utide_tidetables.txt), 572 m entfernt. Faktor 16.8, Kurvenabweichung 7 %."
harmonics/noaa/harmonics_noaa_amtt.txt,"Rigolet, Canada",12.1,"An der Tafel Rigolet: 12.1 % des Hubs von 1.52 m gegen 0.7 % von ""Rigolet, Labrador, Canada"" (harmonics_utide_tidetables.txt), 798 m entfernt. Faktor 16.7, Kurvenabweichung 22 %."
harmonics/classic/harmonics-2004-06-14_mod.txt,"Imigen Island, Nunavut, Canada",1.1,"An der Tafel Imigen Island: 1.1 % des Hubs von 6.71 m gegen 0.1 % von ""Imigen Island, Nunavut, Canada"" (harmonics_utide_tidetables.txt), 0 m entfernt. Faktor 16.7, Kurvenabweichung 0 %."
harmonics/noaa/harmonics_noaa_amtt.txt,"Lowe Inlet, Grenville Channel, Canada",3.7,"An der Tafel Lowe Inlet: 3.7 % des Hubs von 6.08 m gegen 0.2 % von ""Lowe Inlet, British Columbia, Canada"" (harmonics_utide_tidetables.txt), 2 m entfernt. Faktor 16.6, Kurvenabweichung 7 %."
harmonics/noaa/harmonics_noaa_amtt.txt,"Port Blackney, Milbanke Sound, Canada",4.0,"An der Tafel Port Blackney: 4.0 % des Hubs von 5.04 m gegen 0.2 % von ""Port Blackney, British Columbia, Canada"" (harmonics_utide_tidetables.txt), 527 m entfernt. Faktor 16.3, Kurvenabweichung 7 %."
harmonics/classic/harmonics-2004-06-14_mod.txt,"False Creek, British Columbia, Canada",2.2,"An der Tafel False Creek: 2.2 % des Hubs von 4.92 m gegen 0.1 % von ""False Creek, British Columbia, Canada"" (harmonics_utide_tidetables.txt), 0 m entfernt. Faktor 16.2, Kurvenabweichung 0 %."
harmonics/classic/harmonics-2004-06-14_mod.txt,"Swartz Bay, British Columbia, Canada",2.5,"An der Tafel Swartz Bay: 2.5 % des Hubs von 3.56 m gegen 0.2 % von ""Swartz Bay, British Columbia, Canada"" (harmonics_utide_tidetables.txt), 0 m entfernt. Faktor 16.1, Kurvenabweichung 0 %."
harmonics/classic/harmonics-2004-06-14_mod.txt,"Brentwood Bay, British Columbia, Canada",2.3,"An der Tafel Brentwood Bay: 2.3 % des Hubs von 3.94 m gegen 0.1 % von ""Brentwood Bay, British Columbia, Canada"" (harmonics_utide_tidetables.txt), 0 m entfernt. Faktor 16.1, Kurvenabweichung 0 %."
harmonics/noaa/harmonics_noaa_amtt.txt,"Wadhams, Rivers Inlet, Canada",3.7,"An der Tafel Wadhams: 3.7 % des Hubs von 4.99 m gegen 0.2 % von ""Wadhams, British Columbia, Canada"" (harmonics_utide_tidetables.txt), 900 m entfernt. Faktor 15.4, Kurvenabweichung 7 %."
harmonics/noaa/harmonics_noaa_amtt.txt,"Bella Coola, North Bentinck Arm, Canada",3.8,"An der Tafel Bella Coola: 3.8 % des Hubs von 5.42 m gegen 0.2 % von ""Bella Coola, British Columbia, Canada"" (harmonics_utide_tidetables.txt), 937 m entfernt. Faktor 15.4, Kurvenabweichung 7 %."
harmonics/classic/harmonics-2004-06-14_mod.txt,"Surge Narrows, British Columbia, Canada",2.0,"An der Tafel Surge Narrows: 2.0 % des Hubs von 5.00 m gegen 0.1 % von ""Surge Narrows, British Columbia, Canada"" (harmonics_utide_tidetables.txt), 0 m entfernt. Faktor 15.3, Kurvenabweichung 0 %."
harmonics/classic/harmonics-2004-06-14_mod.txt,"Summerford, Newfoundland, Canada",9.9,"An der Tafel Summerford: 9.9 % des Hubs von 1.44 m gegen 0.7 % von ""Summerford, Newfoundland, Canada"" (harmonics_utide_tidetables.txt), 0 m entfernt. Faktor 15.1, Kurvenabweichung 11 %."
harmonics/classic/harmonics-2004-06-14_mod.txt,"Kuujjuarapik, Québec, Canada",5.3,"An der Tafel Kuujjuarapik: 5.3 % des Hubs von 1.76 m gegen 0.4 % von ""Kuujjuarapik, Québec, Canada"" (harmonics_utide_tidetables.txt), 4 m entfernt. Faktor 15.0, Kurvenabweichung 4 %."
harmonics/noaa/harmonics_noaa_amtt.txt,"Havre St. Pierre, Canada",6.7,"An der Tafel Havre-Saint-Pierre: 6.7 % des Hubs von 2.12 m gegen 0.5 % von ""Havre-Saint-Pierre, Québec, Canada"" (harmonics_utide_tidetables.txt), 776 m entfernt. Faktor 14.7, Kurvenabweichung 11 %."
harmonics/classic/harmonics-2004-06-14_mod.txt,"Saint-Godefroi, Québec, Canada",5.1,"An der Tafel Saint-Godefroi: 5.1 % des Hubs von 2.00 m gegen 0.3 % von ""Saint-Godefroi, Québec, Canada"" (harmonics_utide_tidetables.txt), 0 m entfernt. Faktor 14.7, Kurvenabweichung 3 %."
harmonics/classic/harmonics-2004-06-14_mod.txt,"Drainey Inlet, British Columbia, Canada",1.2,"An der Tafel Draney Inlet: 1.2 % des Hubs von 4.15 m gegen 0.1 % von ""Draney Inlet, British Columbia, Canada"" (harmonics_utide_tidetables.txt), 0 m entfernt. Faktor 14.5, Kurvenabweichung 0 %."
harmonics/classic/harmonics-2004-06-14_mod.txt,"St. Alban's, Newfoundland, Canada",5.1,"An der Tafel St Albans: 5.1 % des Hubs von 2.00 m gegen 0.4 % von ""St. Alban's, Newfoundland, Canada"" (harmonics_utide_tidetables.txt), 0 m entfernt. Faktor 14.4, Kurvenabweichung 6 %."
harmonics/classic/harmonics-2004-06-14_mod.txt,"Salluit, Québec, Canada",1.0,"An der Tafel Salluit: 1.0 % des Hubs von 4.73 m gegen 0.1 % von ""Salluit, Québec, Canada"" (harmonics_utide_tidetables.txt), 4 m entfernt. Faktor 14.4, Kurvenabweichung 0 %."
harmonics/classic/harmonics-2004-06-14_mod.txt,"Kennedy Cove, British Columbia, Canada",4.7,"An der Tafel Kennedy Cove: 4.7 % des Hubs von 3.94 m gegen 0.3 % von ""Kennedy Cove, British Columbia, Canada"" (harmonics_utide_tidetables.txt), 0 m entfernt. Faktor 14.2, Kurvenabweichung 7 %."
harmonics/classic/harmonics-2004-06-14_mod.txt,"Finlayson Arm, British Columbia, Canada",2.3,"An der Tafel Finlayson Arm: 2.3 % des Hubs von 3.58 m gegen 0.2 % von ""Finlayson Arm, British Columbia, Canada"" (harmonics_utide_tidetables.txt), 0 m entfernt. Faktor 14.1, Kurvenabweichung 1 %."
harmonics/classic/harmonics-2004-06-14_mod.txt,"Miners Bay, British Columbia, Canada",2.3,"An der Tafel Miners Bay: 2.3 % des Hubs von 4.06 m gegen 0.2 % von ""Miners Bay, British Columbia, Canada"" (harmonics_utide_tidetables.txt), 0 m entfernt. Faktor 14.0, Kurvenabweichung 0 %."
harmonics/noaa/harmonics_noaa_amtt.txt,"Klemtu Passage, Canada",3.8,"An der Tafel Klemtu: 3.8 % des Hubs von 5.15 m gegen 0.3 % von ""Klemtu, British Columbia, Canada"" (harmonics_utide_tidetables.txt), 728 m entfernt. Faktor 13.9, Kurvenabweichung 7 %."
harmonics/noaa/harmonics_noaa_amtt.txt,"Port Aux Basques, Canada",6.1,"An der Tafel Port aux Basques: 6.1 % des Hubs von 1.56 m gegen 0.4 % von ""Port Aux Basques, Newfoundland, Canada"" (harmonics_utide_tidetables.txt), 892 m entfernt. Faktor 13.9, Kurvenabweichung 14 %."
harmonics/classic/harmonics-2004-06-14_mod.txt,"Saint-Augustin, Québec, Canada",4.6,"An der Tafel Saint-Augustin: 4.6 % des Hubs von 2.19 m gegen 0.3 % von ""Saint-Augustin, Québec, Canada"" (harmonics_utide_tidetables.txt), 0 m entfernt. Faktor 13.9, Kurvenabweichung 12 %."
harmonics/classic/harmonics-2004-06-14_mod.txt,"Hampden, Newfoundland, Canada",5.1,"An der Tafel Hampden: 5.1 % des Hubs von 1.54 m gegen 0.4 % von ""Hampden, Newfoundland, Canada"" (harmonics_utide_tidetables.txt), 0 m entfernt. Faktor 13.9, Kurvenabweichung 6 %."
harmonics/noaa/harmonics_noaa_amtt.txt,"St. John's, Canada",8.4,"An der Tafel St. Johns: 8.4 % des Hubs von 1.34 m gegen 0.6 % von ""St. John's, Newfoundland, Canada"" (harmonics_utide_observations.txt), 178 m entfernt. Faktor 13.9, Kurvenabweichung 18 %."
harmonics/classic/harmonics-2004-06-14_mod.txt,"Saint-Jean-Port-Joli, Québec, Canada",2.3,"An der Tafel Saint-Jean-Port-Joli: 2.3 % des Hubs von 5.49 m gegen 0.2 % von ""Saint-Jean-Port-Joli, Québec, Canada"" (harmonics_utide_tidetables.txt), 0 m entfernt. Faktor 13.8, Kurvenabweichung 2 %."
harmonics/classic/harmonics-2004-06-14_mod.txt,"Parrsboro, Nova Scotia (over keel blocks), Canada",3.4,"An der Tafel Parrsboro: 3.4 % des Hubs von 12.98 m gegen 0.2 % von ""Parrsboro, Nova Scotia, Canada"" (harmonics_utide_tidetables.txt), 1611 m entfernt. Faktor 13.8, Kurvenabweichung 4 %."
harmonics/classic/harmonics-2004-06-14_mod.txt,"Valdes Island, British Columbia, Canada",2.0,"An der Tafel Valdes Island: 2.0 % des Hubs von 4.73 m gegen 0.1 % von ""Valdes Island, British Columbia, Canada"" (harmonics_utide_tidetables.txt), 0 m entfernt. Faktor 13.8, Kurvenabweichung 0 %."
harmonics/classic/harmonics-2004-06-14_mod.txt,"Haysport, British Columbia, Canada",1.6,"An der Tafel Haysport: 1.6 % des Hubs von 6.58 m gegen 0.1 % von ""Haysport, British Columbia, Canada"" (harmonics_utide_tidetables.txt), 0 m entfernt. Faktor 13.7, Kurvenabweichung 0 %."
harmonics/classic/harmonics-1997-05-25_mod.txt,"Arviat, Nunavut, Canada",2.6,"An der Tafel Arviat: 2.6 % des Hubs von 3.62 m gegen 0.2 % von ""Arviat, Nunavut, Canada"" (harmonics_utide_tidetables.txt), 0 m entfernt. Faktor 13.7, Kurvenabweichung 3 %."
harmonics/classic/harmonics-2004-06-14_mod.txt,"Arviat, Nunavut, Canada",2.6,"An der Tafel Arviat: 2.6 % des Hubs von 3.62 m gegen 0.2 % von ""Arviat, Nunavut, Canada"" (harmonics_utide_tidetables.txt), 0 m entfernt. Faktor 13.7, Kurvenabweichung 3 %."
harmonics/classic/harmonics-2004-06-14_mod.txt,"Bloedel, British Columbia, Canada",2.3,"An der Tafel Bloedel - Menzies Bay: 2.3 % des Hubs von 3.60 m gegen 0.2 % von ""Bloedel - Menzies Bay, British Columbia, Canada"" (harmonics_utide_tidetables.txt), 0 m entfernt. Faktor 13.7, Kurvenabweichung 0 %."
harmonics/classic/harmonics-2004-06-14_mod.txt,"Crescent Beach, British Columbia, Canada",2.3,"An der Tafel Crescent Beach: 2.3 % des Hubs von 4.07 m gegen 0.2 % von ""Crescent Beach, British Columbia, Canada"" (harmonics_utide_tidetables.txt), 4 m entfernt. Faktor 13.6, Kurvenabweichung 0 %."
harmonics/classic/harmonics-2004-06-14_mod.txt,"Gowlland Harbour, British Columbia, Canada",2.2,"An der Tafel Gowlland Hbr.: 2.2 % des Hubs von 3.67 m gegen 0.2 % von ""Gowlland Hbr., British Columbia, Canada"" (harmonics_utide_tidetables.txt), 0 m entfernt. Faktor 13.6, Kurvenabweichung 0 %."
harmonics/noaa/harmonics_noaa_amtt.txt,"Namu Harbor, Canada",4.0,"An der Tafel Namu: 4.0 % des Hubs von 4.96 m gegen 0.3 % von ""Namu, British Columbia, Canada"" (harmonics_utide_tidetables.txt), 579 m entfernt. Faktor 13.1, Kurvenabweichung 8 %."
harmonics/classic/harmonics-2004-06-14_mod.txt,"Campbellton, New Brunswick, Canada",1.4,"An der Tafel Campbellton: 1.4 % des Hubs von 2.90 m gegen 0.1 % von ""Campbellton, New Brunswick, Canada"" (harmonics_utide_tidetables.txt), 0 m entfernt. Faktor 13.0, Kurvenabweichung 0 %."
harmonics/classic/harmonics-2004-06-14_mod.txt,"Natashquan, Québec, Canada",3.4,"An der Tafel Natashquan: 3.4 % des Hubs von 1.84 m gegen 0.3 % von ""Natashquan, Québec, Canada"" (harmonics_utide_tidetables.txt), 4 m entfernt. Faktor 13.0, Kurvenabweichung 3 %."
harmonics/classic/harmonics-2004-06-14_mod.txt,"Cape Kakkiviak (Williams Harbour), Labrador, Canada",5.0,"An der Tafel Williams Harbour, North Labrador: 5.0 % des Hubs von 3.39 m gegen 0.4 % von ""Cape Kakkiviak (Williams Harbour), Labrador, Canada"" (harmonics_utide_tidetables.txt), 0 m entfernt. Faktor 12.9, Kurvenabweichung 24 %."
harmonics/classic/harmonics-2004-06-14_mod.txt,"Addenbroke Island, British Columbia, Canada",2.3,"An der Tafel Addenbroke Island: 2.3 % des Hubs von 4.88 m gegen 0.2 % von ""Addenbroke Island, British Columbia, Canada"" (harmonics_utide_tidetables.txt), 0 m entfernt. Faktor 12.9, Kurvenabweichung 3 %."
harmonics/noaa/harmonics_noaa_amtt.txt,"Wiah Point, Canada",3.7,"An der Tafel Wiah Point: 3.7 % des Hubs von 5.64 m gegen 0.3 % von ""Wiah Point, British Columbia, Canada"" (harmonics_utide_tidetables.txt), 681 m entfernt. Faktor 12.8, Kurvenabweichung 8 %."
harmonics/ticon/harmonics_ticon4_worldwide.txt,"Dalhousie, New Brunswick, Canada",3.5,"An der Tafel Dalhousie: 3.5 % des Hubs von 2.97 m gegen 0.3 % von ""Dalhousie, New Brunswick, Canada"" (harmonics_utide_tidetables.txt), 2 m entfernt. Faktor 12.7, Kurvenabweichung 2 %."
harmonics/noaa/harmonics_noaa_amtt.txt,"Hartley Bay, Wright Sound, Canada",3.6,"An der Tafel Hartley Bay: 3.6 % des Hubs von 5.92 m gegen 0.3 % von ""Hartley Bay, British Columbia, Canada"" (harmonics_utide_tidetables.txt), 1018 m entfernt. Faktor 12.7, Kurvenabweichung 7 %."
harmonics/noaa/harmonics_noaa_amtt.txt,"Kitimat, Douglas Channel, Canada",4.0,"An der Tafel Kitimat: 4.0 % des Hubs von 6.14 m gegen 0.3 % von ""Kitimat, British Columbia, Canada"" (harmonics_utide_tidetables.txt), 686 m entfernt. Faktor 12.6, Kurvenabweichung 7 %."
harmonics/classic/harmonics-2004-06-14_mod.txt,"Mutine Point, British Columbia, Canada",4.3,"An der Tafel Mutine Point: 4.3 % des Hubs von 3.67 m gegen 0.3 % von ""Mutine Point, British Columbia, Canada"" (harmonics_utide_tidetables.txt), 0 m entfernt. Faktor 12.5, Kurvenabweichung 5 %."
harmonics/classic/harmonics-2004-06-14_mod.txt,"Glendale Cove, British Columbia, Canada",1.4,"An der Tafel Glendale Cove: 1.4 % des Hubs von 5.43 m gegen 0.1 % von ""Glendale Cove, British Columbia, Canada"" (harmonics_utide_tidetables.txt), 0 m entfernt. Faktor 12.4, Kurvenabweichung 0 %."
harmonics/classic/harmonics-2004-06-14_mod.txt,"Salmon Cove, British Columbia, Canada",1.3,"An der Tafel Salmon Cove: 1.3 % des Hubs von 6.75 m gegen 0.1 % von ""Salmon Cove, British Columbia, Canada"" (harmonics_utide_tidetables.txt), 0 m entfernt. Faktor 12.4, Kurvenabweichung 0 %."
harmonics/classic/harmonics-2004-06-14_mod.txt,"Long Pond, Newfoundland, Canada",4.4,"An der Tafel Long Pond: 4.4 % des Hubs von 1.33 m gegen 0.4 % von ""Long Pond, Newfoundland, Canada"" (harmonics_utide_tidetables.txt), 0 m entfernt. Faktor 12.2, Kurvenabweichung 5 %."
harmonics/classic/harmonics-2004-06-14_mod.txt,"Eureka, Nunavut, Canada",28.8,"An der Tafel Eureka: 28.8 % des Hubs von 0.32 m gegen 2.4 % von ""Eureka, Nunavut, Canada"" (harmonics_utide_tidetables.txt), 0 m entfernt. Faktor 11.9, Kurvenabweichung 38 %."
harmonics/classic/harmonics-2004-06-14_mod.txt,"Peel Point, Northwest Territories, Canada",4.0,"An der Tafel Peel Point: 4.0 % des Hubs von 0.86 m gegen 0.3 % von ""Peel Point, Northwest Territories, Canada"" (harmonics_utide_tidetables.txt), 4 m entfernt. Faktor 11.9, Kurvenabweichung 8 %."
harmonics/classic/harmonics-2004-06-14_mod.txt,"Port Neville, British Columbia, Canada",1.5,"An der Tafel Port Neville: 1.5 % des Hubs von 4.90 m gegen 0.1 % von ""Port Neville, British Columbia, Canada"" (harmonics_utide_tidetables.txt), 0 m entfernt. Faktor 11.8, Kurvenabweichung 0 %."
harmonics/classic/harmonics-2004-06-14_mod.txt,"White Bear Arm, Labrador, Canada",5.0,"An der Tafel White Bear Arm: 5.0 % des Hubs von 1.63 m gegen 0.4 % von ""White Bear Arm, Labrador, Canada"" (harmonics_utide_tidetables.txt), 0 m entfernt. Faktor 11.7, Kurvenabweichung 6 %."
harmonics/classic/harmonics-2004-06-14_mod.txt,"Point No Point, British Columbia, Canada",2.0,"An der Tafel Point No Point: 2.0 % des Hubs von 3.03 m gegen 0.2 % von ""Point No Point, British Columbia, Canada"" (harmonics_utide_tidetables.txt), 0 m entfernt. Faktor 11.7, Kurvenabweichung 0 %."
harmonics/classic/harmonics-2004-06-14_mod.txt,"Shingle Bay, British Columbia, Canada",1.3,"An der Tafel Shingle Bay: 1.3 % des Hubs von 7.02 m gegen 0.1 % von ""Shingle Bay, British Columbia, Canada"" (harmonics_utide_tidetables.txt), 0 m entfernt. Faktor 11.6, Kurvenabweichung 0 %."
harmonics/classic/harmonics-2004-06-14_mod.txt,"Borrowman Bay, British Columbia, Canada",1.4,"An der Tafel Borrowman Bay: 1.4 % des Hubs von 5.42 m gegen 0.1 % von ""Borrowman Bay, British Columbia, Canada"" (harmonics_utide_tidetables.txt), 0 m entfernt. Faktor 11.6, Kurvenabweichung 0 %."
harmonics/classic/harmonics-2004-06-14_mod.txt,"Qikiqtarjuaq, Nunavut, Canada",3.9,"An der Tafel Qikiqtarjuaq: 3.9 % des Hubs von 1.35 m gegen 0.3 % von ""Qikiqtarjuaq, Nunavut, Canada"" (harmonics_utide_tidetables.txt), 8 m entfernt. Faktor 11.5, Kurvenabweichung 5 %."
harmonics/classic/harmonics-2004-06-14_mod.txt,"Grande-Entrée, Québec, Canada",6.1,"An der Tafel Grande-Entrée: 6.1 % des Hubs von 0.90 m gegen 0.5 % von ""Grande-Entrée, Québec, Canada"" (harmonics_utide_tidetables.txt), 115 m entfernt. Faktor 11.5, Kurvenabweichung 3 %."
harmonics/noaa/harmonics_noaa_amtt.txt,"Fort Conger, Discovery Harbor, Canada",11.8,"An der Tafel Discovery Harbour: 11.8 % des Hubs von 1.65 m gegen 1.0 % von ""Fort Conger, Discovery Harbour, Ellesmere Island, Nunavut, Canada"" (harmonics-2004-06-14_mod.txt), 0 m entfernt. Faktor 11.5, Kurvenabweichung 18 %."
harmonics/classic/harmonics-2004-06-14_mod.txt,"Cape Blomidon, Nova Scotia (2), Canada",3.6,"An der Tafel Cape Blomidon: 3.6 % des Hubs von 12.93 m gegen 0.3 % von ""Cape Blomidon, Nova Scotia, Canada"" (harmonics_utide_tidetables.txt), 158 m entfernt. Faktor 11.4, Kurvenabweichung 3 %."
harmonics/noaa/harmonics_noaa_amtt.txt,"Norris Cove, Bonne Bay, Canada",4.3,"An der Tafel Norris Cove: 4.3 % des Hubs von 2.00 m gegen 0.4 % von ""Norris Cove (Bonne Bay), Newfoundland, Canada"" (harmonics_utide_tidetables.txt), 663 m entfernt. Faktor 11.4, Kurvenabweichung 10 %."
harmonics/classic/harmonics-2004-06-14_mod.txt,"Bernard Harbour, Nunavut, Canada",5.2,"An der Tafel Bernard Harbour: 5.2 % des Hubs von 0.65 m gegen 0.5 % von ""Bernard Harbour, Nunavut, Canada"" (harmonics_utide_tidetables.txt), 0 m entfernt. Faktor 11.4, Kurvenabweichung 12 %."
harmonics/classic/harmonics-2004-06-14_mod.txt,"Lagoon Cove, British Columbia, Canada",1.4,"An der Tafel Lagoon Cove: 1.4 % des Hubs von 5.47 m gegen 0.1 % von ""Lagoon Cove, British Columbia, Canada"" (harmonics_utide_tidetables.txt), 0 m entfernt. Faktor 11.3, Kurvenabweichung 0 %."
harmonics/classic/harmonics-2004-06-14_mod.txt,"Sunday Harbour, British Columbia, Canada",1.4,"An der Tafel Sunday Harbour: 1.4 % des Hubs von 5.11 m gegen 0.1 % von ""Sunday Harbour, British Columbia, Canada"" (harmonics_utide_tidetables.txt), 0 m entfernt. Faktor 11.3, Kurvenabweichung 0 %."
harmonics/classic/harmonics-2004-06-14_mod.txt,"Beechy Island (Barrow Strait), Nunavut, Canada",1.5,"An der Tafel Beechey Island: 1.5 % des Hubs von 2.51 m gegen 0.1 % von ""Beechy Island (Barrow Strait), Nunavut, Canada"" (harmonics_utide_tidetables.txt), 4 m entfernt. Faktor 11.3, Kurvenabweichung 0 %."
harmonics/classic/harmonics-2004-06-14_mod.txt,"Billygoat Bay, British Columbia, Canada",1.7,"An der Tafel Billy Goat Bay: 1.7 % des Hubs von 4.41 m gegen 0.2 % von ""Billy Goat Bay, British Columbia, Canada"" (harmonics_utide_tidetables.txt), 0 m entfernt. Faktor 11.3, Kurvenabweichung 0 %."
harmonics/noaa/harmonics_noaa_amtt.txt,"Alert Bay, Cormorant Island, Canada",2.5,"An der Tafel Alert Bay: 2.5 % des Hubs von 5.10 m gegen 0.2 % von ""Alert Bay (Cormorant Island), British Columbia, Canada"" (harmonics_utide_tidetables.txt), 545 m entfernt. Faktor 11.2, Kurvenabweichung 3 %."
harmonics/classic/harmonics-2004-06-14_mod.txt,"Red Bay (Strait of Bell Isle), Labrador, Canada",3.0,"An der Tafel Red Bay: 3.0 % des Hubs von 1.14 m gegen 0.3 % von ""Red Bay (Strait of Bell Isle), Labrador, Canada"" (harmonics_utide_tidetables.txt), 0 m entfernt. Faktor 11.2, Kurvenabweichung 0 %."
harmonics/classic/harmonics-2004-06-14_mod.txt,"Cap d'Espoir, Québec, Canada",5.6,"An der Tafel Cap-d'Espoir: 5.6 % des Hubs von 1.42 m gegen 0.5 % von ""Cap-d'Espoir, Québec, Canada"" (harmonics_utide_tidetables.txt), 0 m entfernt. Faktor 11.2, Kurvenabweichung 3 %."
harmonics/classic/harmonics-2004-06-14_mod.txt,"Ashe Inlet, Big Island, Nunavut, Canada",1.5,"An der Tafel Ashe Inlet: 1.5 % des Hubs von 10.30 m gegen 0.1 % von ""Ashe Inlet, Nunavut, Canada"" (harmonics_utide_tidetables.txt), 0 m entfernt. Faktor 11.1, Kurvenabweichung 3 %."
harmonics/classic/harmonics-2004-06-14_mod.txt,"Belanger Island, Nunavut, Canada",5.2,"An der Tafel Belanger Island: 5.2 % des Hubs von 1.72 m gegen 0.5 % von ""Belanger Island, Nunavut, Canada"" (harmonics_utide_tidetables.txt), 0 m entfernt. Faktor 11.1, Kurvenabweichung 2 %."
harmonics/classic/harmonics-2004-06-14_mod.txt,"La Scie, Newfoundland, Canada",3.8,"An der Tafel La Scie: 3.8 % des Hubs von 1.40 m gegen 0.3 % von ""La Scie, Newfoundland, Canada"" (harmonics_utide_tidetables.txt), 0 m entfernt. Faktor 11.1, Kurvenabweichung 4 %."
harmonics/classic/harmonics-2004-06-14_mod.txt,"Alberton, Prince Edward Island, Canada",3.3,"An der Tafel Alberton: 3.3 % des Hubs von 1.00 m gegen 0.3 % von ""Alberton, Prince Edward Island, Canada"" (harmonics_utide_tidetables.txt), 3 m entfernt. Faktor 11.1, Kurvenabweichung 0 %."
harmonics/classic/harmonics-2004-06-14_mod.txt,"La Grande Riviere, Quebéc, Canada",3.7,"An der Tafel La Grande Riviere : 3.7 % des Hubs von 1.85 m gegen 0.3 % von ""La Grande Riviere, Québec, Canada"" (harmonics_utide_tidetables.txt), 0 m entfernt. Faktor 11.1, Kurvenabweichung 11 %."
harmonics/classic/harmonics-2004-06-14_mod.txt,"Juskatla, British Columbia, Canada",6.2,"An der Tafel Juskatla Inlet: 6.2 % des Hubs von 1.63 m gegen 0.6 % von ""Juskatla Inlet, British Columbia, Canada"" (harmonics_utide_tidetables.txt), 0 m entfernt. Faktor 11.0, Kurvenabweichung 7 %."
harmonics/classic/harmonics-2004-06-14_mod.txt,"La Grande Île, Québec, Canada",2.1,"An der Tafel La Grande Île: 2.1 % des Hubs von 5.34 m gegen 0.2 % von ""La Grande Île, Québec, Canada"" (harmonics_utide_tidetables.txt), 0 m entfernt. Faktor 11.0, Kurvenabweichung 0 %."
harmonics/classic/harmonics-2004-06-14_mod.txt,"Pointe-aux-Orignaux (Rivière-Ouelle), Québec, Canada",1.4,"An der Tafel Pointe-aux-Orignaux: 1.4 % des Hubs von 5.71 m gegen 0.1 % von ""Pointe-aux-Orignaux (Rivière-Ouelle), Québec, Canada"" (harmonics_utide_tidetables.txt), 0 m entfernt. Faktor 10.9, Kurvenabweichung 2 %."
harmonics/classic/harmonics-2004-06-14_mod.txt,"Port Harvey, British Columbia, Canada",1.5,"An der Tafel Port Harvey: 1.5 % des Hubs von 4.68 m gegen 0.1 % von ""Port Harvey, British Columbia, Canada"" (harmonics_utide_tidetables.txt), 0 m entfernt. Faktor 10.8, Kurvenabweichung 0 %."
harmonics/classic/harmonics-2004-06-14_mod.txt,"Tiverton (St. Mary Bay), Nova Scotia, Canada",4.8,"An der Tafel Grand Eddy: 4.8 % des Hubs von 6.97 m gegen 0.4 % von ""Tiverton (St. Mary Bay), Nova Scotia, Canada"" (harmonics_utide_tidetables.txt), 24 m entfernt. Faktor 10.8, Kurvenabweichung 14 %."
harmonics/classic/harmonics-2004-06-14_mod.txt,"Radstock Bay, Nunavut, Canada",1.3,"An der Tafel Radstock Bay: 1.3 % des Hubs von 2.58 m gegen 0.1 % von ""Radstock Bay, Nunavut, Canada"" (harmonics_utide_tidetables.txt), 0 m entfernt. Faktor 10.8, Kurvenabweichung 0 %."
harmonics/classic/harmonics-2004-06-14_mod.txt,"Port McNeill, British Columbia, Canada",1.4,"An der Tafel Port McNeill: 1.4 % des Hubs von 4.86 m gegen 0.1 % von ""Port McNeill, British Columbia, Canada"" (harmonics_utide_tidetables.txt), 0 m entfernt. Faktor 10.8, Kurvenabweichung 0 %."
harmonics/classic/harmonics-2004-06-14_mod.txt,"Shushartie Bay, British Columbia, Canada",1.5,"An der Tafel Shushartie Bay: 1.5 % des Hubs von 4.75 m gegen 0.1 % von ""Shushartie Bay, British Columbia, Canada"" (harmonics_utide_tidetables.txt), 0 m entfernt. Faktor 10.8, Kurvenabweichung 0 %."
harmonics/noaa/harmonics_noaa_amtt.txt,"Georgetown Harbour, Canada",4.1,"An der Tafel Georgetown: 4.1 % des Hubs von 1.78 m gegen 0.4 % von ""Georgetown Harbour, Prince Edward Island, Canada"" (harmonics_utide_tidetables.txt), 442 m entfernt. Faktor 10.8, Kurvenabweichung 8 %."
harmonics/classic/harmonics-dwf-20100529-nonfree_mod.txt,"Joe Batt's Arm, Newfoundland, Canada",4.4,"An der Tafel Joe Batts Arm: 4.4 % des Hubs von 1.40 m gegen 0.4 % von ""Joe Batt's Arm, Newfoundland, Canada"" (harmonics_utide_tidetables.txt), 2 m entfernt. Faktor 10.7, Kurvenabweichung 59 %."
harmonics/utide/harmonics_utide_observations.txt,"Chicoutimi, Québec, Canada",3.7,"An der Tafel Chicoutimi: 3.7 % des Hubs von 4.93 m gegen 0.3 % von ""Chicoutimi, Québec, Canada"" (harmonics_utide_tidetables.txt), 0 m entfernt. Faktor 10.7, Kurvenabweichung 2 %."
harmonics/classic/harmonics-2004-06-14_mod.txt,"Blubber Bay, British Columbia, Canada",1.8,"An der Tafel Blubber Bay: 1.8 % des Hubs von 5.03 m gegen 0.2 % von ""Blubber Bay, British Columbia, Canada"" (harmonics_utide_tidetables.txt), 2 m entfernt. Faktor 10.7, Kurvenabweichung 0 %."
harmonics/classic/harmonics-2004-06-14_mod.txt,"Gosling Island, British Columbia, Canada",1.5,"An der Tafel Gosling Island: 1.5 % des Hubs von 4.63 m gegen 0.1 % von ""Gosling Island, British Columbia, Canada"" (harmonics_utide_tidetables.txt), 0 m entfernt. Faktor 10.6, Kurvenabweichung 0 %."
harmonics/classic/harmonics-2004-06-14_mod.txt,"Trail Bay, British Columbia, Canada",1.3,"An der Tafel Trail Bay: 1.3 % des Hubs von 6.47 m gegen 0.1 % von ""Trail Bay, British Columbia, Canada"" (harmonics_utide_tidetables.txt), 0 m entfernt. Faktor 10.6, Kurvenabweichung 0 %."
harmonics/classic/harmonics-2004-06-14_mod.txt,"Port Edward, British Columbia, Canada",3.0,"An der Tafel Port Edward: 3.0 % des Hubs von 6.43 m gegen 0.3 % von ""Port Edward, British Columbia, Canada"" (harmonics_utide_tidetables.txt), 0 m entfernt. Faktor 10.6, Kurvenabweichung 2 %."
harmonics/classic/harmonics-2004-06-14_mod.txt,"Raynor Group, British Columbia, Canada",1.4,"An der Tafel Raynor Group: 1.4 % des Hubs von 4.88 m gegen 0.1 % von ""Raynor Group, British Columbia, Canada"" (harmonics_utide_tidetables.txt), 0 m entfernt. Faktor 10.6, Kurvenabweichung 0 %."
harmonics/noaa/harmonics_noaa_amtt.txt,"Port Alberni, Canada",2.7,"An der Tafel Port Alberni: 2.7 % des Hubs von 3.84 m gegen 0.3 % von ""Port Alberni, British Columbia, Canada"" (harmonics_utide_tidetables.txt), 883 m entfernt. Faktor 10.5, Kurvenabweichung 4 %."
harmonics/classic/harmonics-2004-06-14_mod.txt,"Winisk, Ontario, Canada",1.0,"An der Tafel Winisk: 1.0 % des Hubs von 3.02 m gegen 0.1 % von ""Winisk, Ontario, Canada"" (harmonics_utide_tidetables.txt), 4 m entfernt. Faktor 10.5, Kurvenabweichung 0 %."
harmonics/classic/harmonics-2004-06-14_mod.txt,"Stag Island, Nunvaut, Canada",1.2,"An der Tafel Stag Island: 1.2 % des Hubs von 2.64 m gegen 0.1 % von ""Stag Island, Ontario, Canada"" (harmonics_utide_tidetables.txt), 4 m entfernt. Faktor 10.5, Kurvenabweichung 0 %."
harmonics/classic/harmonics-2004-06-14_mod.txt,"Larsen Island, British Columbia, Canada",1.3,"An der Tafel Larsen Island: 1.3 % des Hubs von 6.23 m gegen 0.1 % von ""Larsen Island, British Columbia, Canada"" (harmonics_utide_tidetables.txt), 0 m entfernt. Faktor 10.4, Kurvenabweichung 0 %."
harmonics/noaa/harmonics_noaa_amtt.txt,"Neil Harbour, Canada",11.9,"An der Tafel Neils Harbour: 11.9 % des Hubs von 1.21 m gegen 1.1 % von ""Neils Harbour, Nova Scotia, Canada"" (harmonics_utide_tidetables.txt), 1240 m entfernt. Faktor 10.4, Kurvenabweichung 17 %."
harmonics/classic/harmonics-2004-06-14_mod.txt,"Humpback Bay, British Columbia, Canada",1.3,"An der Tafel Humpback Bay: 1.3 % des Hubs von 6.05 m gegen 0.1 % von ""Humpback Bay, British Columbia, Canada"" (harmonics_utide_tidetables.txt), 0 m entfernt. Faktor 10.4, Kurvenabweichung 0 %."
harmonics/classic/harmonics-2004-06-14_mod.txt,"Cartwright, Labrador, Canada",4.7,"An der Tafel Cartwright: 4.7 % des Hubs von 1.85 m gegen 0.5 % von ""Cartwright, Labrador, Canada"" (harmonics_utide_tidetables.txt), 0 m entfernt. Faktor 10.4, Kurvenabweichung 10 %."
harmonics/classic/harmonics-2004-06-14_mod.txt,"Griffith Harbour, British Columbia, Canada",1.2,"An der Tafel Griffith Harbour: 1.2 % des Hubs von 6.45 m gegen 0.1 % von ""Griffith Harbour, British Columbia, Canada"" (harmonics_utide_tidetables.txt), 0 m entfernt. Faktor 10.4, Kurvenabweichung 0 %."
harmonics/classic/harmonics-2004-06-14_mod.txt,"Gorge at Craigflower, British Columbia, Canada",5.5,"An der Tafel Gorge at Craigflower: 5.5 % des Hubs von 1.55 m gegen 0.5 % von ""Gorge at Craigflower, British Columbia, Canada"" (harmonics_utide_tidetables.txt), 0 m entfernt. Faktor 10.3, Kurvenabweichung 0 %."
harmonics/classic/harmonics-1997-05-25_mod.txt,"Portage Island, New Brunswick, Canada",2.5,"An der Tafel Portage Island: 2.5 % des Hubs von 1.61 m gegen 0.2 % von ""Portage Island, New Brunswick, Canada"" (harmonics_utide_tidetables.txt), 8 m entfernt. Faktor 10.3, Kurvenabweichung 5 %."
harmonics/classic/harmonics-2004-06-14_mod.txt,"Rigby Bay, Nunavut, Canada",1.3,"An der Tafel Rigby Bay: 1.3 % des Hubs von 2.58 m gegen 0.1 % von ""Rigby Bay, Nunavut, Canada"" (harmonics_utide_tidetables.txt), 0 m entfernt. Faktor 10.3, Kurvenabweichung 0 %."
harmonics/classic/harmonics-2004-06-14_mod.txt,"Dundas Harbour, Nunavut, Canada",1.1,"An der Tafel Dundas Harbour: 1.1 % des Hubs von 2.70 m gegen 0.1 % von ""Dundas Harbour, Nunavut, Canada"" (harmonics_utide_tidetables.txt), 0 m entfernt. Faktor 10.3, Kurvenabweichung 0 %."
harmonics/classic/harmonics-2004-06-14_mod.txt,"Pisiktarfik Island, Nunavut, Canada",3.9,"An der Tafel Pisiktarfik Island: 3.9 % des Hubs von 2.30 m gegen 0.4 % von ""Pisiktarfik Island, Nunavut, Canada"" (harmonics_utide_tidetables.txt), 0 m entfernt. Faktor 10.3, Kurvenabweichung 5 %."
harmonics/classic/harmonics-2004-06-14_mod.txt,"Trounce Inlet, British Columbia, Canada",2.8,"An der Tafel Trounce Inlet North: 2.8 % des Hubs von 4.24 m gegen 0.3 % von ""Trounce Inlet North, British Columbia, Canada"" (harmonics_utide_tidetables.txt), 1152 m entfernt. Faktor 10.2, Kurvenabweichung 5 %."
harmonics/classic/harmonics-2004-06-14_mod.txt,"Churchill, Manitoba, Canada",1.9,"An der Tafel Churchill: 1.9 % des Hubs von 4.29 m gegen 0.2 % von ""Churchill, Manitoba, Canada"" (harmonics_utide_tidetables.txt), 3 m entfernt. Faktor 10.2, Kurvenabweichung 3 %."
harmonics/ticon/harmonics_ticon4_worldwide.txt,"Iqaluit, Nunavut, Canada",1.8,"An der Tafel Iqaluit: 1.8 % des Hubs von 10.54 m gegen 0.2 % von ""Iqaluit, Nunavut, Canada"" (harmonics_utide_tidetables.txt), 4 m entfernt. Faktor 10.2, Kurvenabweichung 9 %."
harmonics/classic/harmonics-2004-06-14_mod.txt,"Ocean Falls, British Columbia, Canada",1.3,"An der Tafel Ocean Falls: 1.3 % des Hubs von 5.15 m gegen 0.1 % von ""Ocean Falls, British Columbia, Canada"" (harmonics_utide_tidetables.txt), 0 m entfernt. Faktor 10.1, Kurvenabweichung 0 %."
harmonics/utide/harmonics_utide_tidetables.txt,"Treadwell Bay, British Columbia, Canada",15.7,"An der Tafel Treadwell Bay: 15.7 % des Hubs von 3.47 m gegen 1.6 % von ""Treadwell Bay, British Columbia, Canada"" (harmonics-2004-06-14_mod.txt), 0 m entfernt. Faktor 10.1, Kurvenabweichung 43 %."
harmonics/classic/harmonics-2004-06-14_mod.txt,"West Point, Prince Edward Island, Canada",5.5,"An der Tafel West Point: 5.5 % des Hubs von 1.38 m gegen 0.5 % von ""West Point, Prince Edward Island, Canada"" (harmonics_utide_tidetables.txt), 3 m entfernt. Faktor 10.1, Kurvenabweichung 3 %."
harmonics/classic/harmonics-2004-06-14_mod.txt,"Rivière-au-Tonnerre, Québec, Canada",2.1,"An der Tafel Rivière-au-Tonnerre: 2.1 % des Hubs von 2.60 m gegen 0.2 % von ""Rivière-au-Tonnerre, Québec, Canada"" (harmonics_utide_tidetables.txt), 0 m entfernt. Faktor 10.1, Kurvenabweichung 3 %."
harmonics/noaa/harmonics_noaa_amtt.txt,"North Sydney, Canada",11.8,"An der Tafel North Sydney: 11.8 % des Hubs von 1.34 m gegen 1.2 % von ""North Sydney, Nova Scotia, Canada"" (harmonics_ticon4_worldwide.txt), 932 m entfernt. Faktor 10.0, Kurvenabweichung 17 %."
harmonics/classic/harmonics-2004-06-14_mod.txt,"Mill Bay, British Columbia, Canada",1.2,"An der Tafel Mill Bay: 1.2 % des Hubs von 6.51 m gegen 0.1 % von ""Mill Bay, British Columbia, Canada"" (harmonics_utide_tidetables.txt), 0 m entfernt. Faktor 10.0, Kurvenabweichung 0 %."
harmonics/utide/harmonics_utide_tidetables.txt,"Tiverton (Boar's Head), Nova Scotia, Canada",4.3,"An der Tafel Tiverton (Boars Head): 4.3 % des Hubs von 6.81 m gegen 0.4 % von ""Tiverton (Boar's Head), Nova Scotia, Canada"" (harmonics-2004-06-14_mod.txt), 3 m entfernt. Faktor 10.0, Kurvenabweichung 12 %."
harmonics/classic/harmonics-2004-06-14_mod.txt,"Cocagne Harbour, New Brunswick, Canada",4.3,"An der Tafel Cocagne: 4.3 % des Hubs von 1.21 m gegen 0.4 % von ""Cocagne, New Brunswick, Canada"" (harmonics_utide_tidetables.txt), 13 m entfernt. Faktor 9.9, Kurvenabweichung 0 %."
harmonics/classic/harmonics-2004-06-14_mod.txt,"Northwest River, Labrador, Canada",5.6,"An der Tafel North West River: 5.6 % des Hubs von 0.61 m gegen 0.6 % von ""North West River, Labrador, Canada"" (harmonics_utide_tidetables.txt), 0 m entfernt. Faktor 9.9, Kurvenabweichung 5 %."
harmonics/classic/harmonics-2004-06-14_mod.txt,"North Lake Harbour, Prince Edward Island, Canada",2.7,"An der Tafel North Lake Harbour: 2.7 % des Hubs von 1.08 m gegen 0.3 % von ""North Lake Harbour, Prince Edward Island, Canada"" (harmonics_utide_tidetables.txt), 3 m entfernt. Faktor 9.9, Kurvenabweichung 0 %."
harmonics/classic/harmonics-2004-06-14_mod.txt,"Chicoutimi, Québec, Canada",3.4,"An der Tafel Chicoutimi: 3.4 % des Hubs von 4.93 m gegen 0.3 % von ""Chicoutimi, Québec, Canada"" (harmonics_utide_tidetables.txt), 0 m entfernt. Faktor 9.9, Kurvenabweichung 4 %."
harmonics/ticon/harmonics_ticon4_worldwide.txt,"Savage Cove, Newfoundland, Canada",2.9,"An der Tafel Savage Cove: 2.9 % des Hubs von 1.35 m gegen 0.3 % von ""Savage Cove, Newfoundland, Canada"" (harmonics_utide_tidetables.txt), 4 m entfernt. Faktor 9.9, Kurvenabweichung 1 %."
harmonics/classic/harmonics-2004-06-14_mod.txt,"Little Cornwallis Island, Nunavut, Canada",5.8,"An der Tafel Little Cornwallis Island: 5.8 % des Hubs von 1.62 m gegen 0.6 % von ""Little Cornwallis Island, Nunavut, Canada"" (harmonics_utide_tidetables.txt), 0 m entfernt. Faktor 9.9, Kurvenabweichung 14 %."
harmonics/classic/harmonics-2004-06-14_mod.txt,"Brown Bay, British Columbia, Canada",2.4,"An der Tafel Brown Bay: 2.4 % des Hubs von 4.58 m gegen 0.2 % von ""Brown Bay, British Columbia, Canada"" (harmonics_utide_tidetables.txt), 0 m entfernt. Faktor 9.8, Kurvenabweichung 3 %."
harmonics/noaa/harmonics_noaa_amtt.txt,"Barnard Harbor, Whale Channel, Canada",3.5,"An der Tafel Barnard Harbour: 3.5 % des Hubs von 5.91 m gegen 0.4 % von ""Barnard Harbour, British Columbia, Canada"" (harmonics_utide_tidetables.txt), 1034 m entfernt. Faktor 9.8, Kurvenabweichung 6 %."
harmonics/noaa/harmonics_noaa_amtt.txt,"Sonora, St. Mary River, Canada",6.5,"An der Tafel Sonora: 6.5 % des Hubs von 1.87 m gegen 0.7 % von ""Sonora, St. Mary River, Nova Scotia, Canada"" (harmonics-2004-06-14_mod.txt), 1251 m entfernt. Faktor 9.7, Kurvenabweichung 10 %."
harmonics/classic/harmonics-2004-06-14_mod.txt,"Dionisio Point, British Columbia, Canada",2.9,"An der Tafel Dionisio Point: 2.9 % des Hubs von 4.53 m gegen 0.3 % von ""Dionisio Point, British Columbia, Canada"" (harmonics_utide_tidetables.txt), 0 m entfernt. Faktor 9.7, Kurvenabweichung 2 %."
harmonics/classic/harmonics-2004-06-14_mod.txt,"Milne Island, British Columbia, Canada",1.7,"An der Tafel Milne Island: 1.7 % des Hubs von 5.08 m gegen 0.2 % von ""Milne Island, British Columbia, Canada"" (harmonics_utide_tidetables.txt), 0 m entfernt. Faktor 9.7, Kurvenabweichung 2 %."
harmonics/classic/harmonics-2004-06-14_mod.txt,"Nova Zembla Island, Nunavut, Canada",3.6,"An der Tafel Nova Zembla Island: 3.6 % des Hubs von 1.90 m gegen 0.4 % von ""Nova Zembla Island, Nunavut, Canada"" (harmonics_utide_tidetables.txt), 0 m entfernt. Faktor 9.7, Kurvenabweichung 3 %."
harmonics/classic/harmonics-2004-06-14_mod.txt,"Cape Egmont, Prince Edward Island, Canada",5.7,"An der Tafel Cape Egmont: 5.7 % des Hubs von 1.45 m gegen 0.6 % von ""Cape Egmont, Prince Edward Island, Canada"" (harmonics_utide_tidetables.txt), 4 m entfernt. Faktor 9.6, Kurvenabweichung 7 %."
harmonics/classic/harmonics-2004-06-14_mod.txt,"Cap-aux-Corbeaux (Baie-Saint-Paul), Québec, Canada",2.8,"An der Tafel Cap-aux-Corbeaux: 2.8 % des Hubs von 6.53 m gegen 0.3 % von ""Cap-aux-Corbeaux (Baie-Saint-Paul), Québec, Canada"" (harmonics_utide_tidetables.txt), 0 m entfernt. Faktor 9.6, Kurvenabweichung 3 %."
harmonics/noaa/harmonics_noaa_amtt.txt,"Bamfield, Barkley Sound, Canada",2.6,"An der Tafel Bamfield: 2.6 % des Hubs von 3.84 m gegen 0.3 % von ""Bamfield, British Columbia, Canada"" (harmonics_utide_tidetables.txt), 359 m entfernt. Faktor 9.6, Kurvenabweichung 4 %."
harmonics/classic/harmonics-2004-06-14_mod.txt,"Leroy Bay, British Columbia, Canada",1.5,"An der Tafel Leroy Bay: 1.5 % des Hubs von 4.62 m gegen 0.2 % von ""Leroy Bay, British Columbia, Canada"" (harmonics_utide_tidetables.txt), 0 m entfernt. Faktor 9.5, Kurvenabweichung 0 %."
harmonics/classic/harmonics-2004-06-14_mod.txt,"Chemainus, British Columbia, Canada",2.8,"An der Tafel Chemainus: 2.8 % des Hubs von 4.04 m gegen 0.3 % von ""Chemainus, British Columbia, Canada"" (harmonics_utide_tidetables.txt), 0 m entfernt. Faktor 9.5, Kurvenabweichung 3 %."
harmonics/classic/harmonics-2004-06-14_mod.txt,"Port-Alfred, Québec, Canada",1.6,"An der Tafel Port-Alfred: 1.6 % des Hubs von 6.05 m gegen 0.2 % von ""Port-Alfred, Québec, Canada"" (harmonics_utide_tidetables.txt), 0 m entfernt. Faktor 9.4, Kurvenabweichung 2 %."
harmonics/classic/harmonics-2004-06-14_mod.txt,"Bas Neguac, New Brunswick, Canada",3.5,"An der Tafel Bas Neguac: 3.5 % des Hubs von 1.51 m gegen 0.4 % von ""Bas Neguac, New Brunswick, Canada"" (harmonics_utide_tidetables.txt), 0 m entfernt. Faktor 9.3, Kurvenabweichung 5 %."
harmonics/classic/harmonics-2004-06-14_mod.txt,"Marble Island, Nunavut, Canada",7.6,"An der Tafel Marble Island: 7.6 % des Hubs von 3.65 m gegen 0.8 % von ""Marble Island, Nunavut, Canada"" (harmonics_utide_tidetables.txt), 4 m entfernt. Faktor 9.3, Kurvenabweichung 8 %."
harmonics/classic/harmonics-2004-06-14_mod.txt,"St. Bride's, Newfoundland, Canada",3.3,"An der Tafel St Brides: 3.3 % des Hubs von 2.16 m gegen 0.4 % von ""St. Bride's, Newfoundland, Canada"" (harmonics_utide_tidetables.txt), 0 m entfernt. Faktor 9.2, Kurvenabweichung 9 %."
harmonics/noaa/harmonics_noaa_amtt.txt,"Qlawdzeet Anchorage, Canada",3.6,"An der Tafel Qlawdzeet Anchorage: 3.6 % des Hubs von 6.74 m gegen 0.4 % von ""Qlawdzeet Anchorage, British Columbia, Canada"" (harmonics_utide_tidetables.txt), 894 m entfernt. Faktor 9.2, Kurvenabweichung 7 %."
harmonics/utide/harmonics_utide_tidetables.txt,"Castle Island (Chateau Bay), Labrador, Canada",5.5,"An der Tafel Chateau Bay: 5.5 % des Hubs von 1.38 m gegen 0.6 % von ""Castle Island (Chateau Bay), Labrador, Canada"" (harmonics-2004-06-14_mod.txt), 0 m entfernt. Faktor 9.1, Kurvenabweichung 3 %."
harmonics/classic/harmonics-2004-06-14_mod.txt,"Trois-Pistoles, Québec, Canada",2.6,"An der Tafel Trois-Pistoles: 2.6 % des Hubs von 4.72 m gegen 0.3 % von ""Trois-Pistoles, Québec, Canada"" (harmonics_utide_tidetables.txt), 0 m entfernt. Faktor 9.1, Kurvenabweichung 3 %."
harmonics/classic/harmonics-2004-06-14_mod.txt,"Welcome Bay, British Columbia, Canada",2.9,"An der Tafel Welcome Bay: 2.9 % des Hubs von 4.90 m gegen 0.3 % von ""Welcome Bay, British Columbia, Canada"" (harmonics_utide_tidetables.txt), 0 m entfernt. Faktor 9.1, Kurvenabweichung 2 %."
harmonics/classic/harmonics-2004-06-14_mod.txt,"Makkovik, Labrador, Canada",1.5,"An der Tafel Makkovik: 1.5 % des Hubs von 1.87 m gegen 0.2 % von ""Makkovik, Labrador, Canada"" (harmonics_utide_tidetables.txt), 0 m entfernt. Faktor 9.1, Kurvenabweichung 0 %."
harmonics/classic/harmonics-2004-06-14_mod.txt,"Sullivan Bay, British Columbia, Canada",2.0,"An der Tafel Sullivan Bay: 2.0 % des Hubs von 5.38 m gegen 0.2 % von ""Sullivan Bay, British Columbia, Canada"" (harmonics_utide_tidetables.txt), 0 m entfernt. Faktor 8.9, Kurvenabweichung 2 %."
harmonics/classic/harmonics-2004-06-14_mod.txt,"Port De Laperriere, Nunavut, Canada",1.0,"An der Tafel Port De Laperriere: 1.0 % des Hubs von 2.81 m gegen 0.1 % von ""Port De Laperriere, Nunavut, Canada"" (harmonics_utide_tidetables.txt), 4 m entfernt. Faktor 8.9, Kurvenabweichung 0 %."
harmonics/ticon/harmonics_ticon4_worldwide.txt,"Forestville, Québec, Canada",1.9,"An der Tafel Forestville: 1.9 % des Hubs von 4.68 m gegen 0.2 % von ""Forestville, Québec, Canada"" (harmonics_utide_tidetables.txt), 4 m entfernt. Faktor 8.9, Kurvenabweichung 2 %."
harmonics/classic/harmonics-2004-06-14_mod.txt,"Île Verte, Québec, Canada",1.6,"An der Tafel Île Verte: 1.6 % des Hubs von 4.96 m gegen 0.2 % von ""Île Verte, Québec, Canada"" (harmonics_utide_tidetables.txt), 0 m entfernt. Faktor 8.9, Kurvenabweichung 2 %."
harmonics/classic/harmonics-2004-06-14_mod.txt,"Saint-Siméon, Québec, Canada",1.8,"An der Tafel Saint-Siméon: 1.8 % des Hubs von 5.74 m gegen 0.2 % von ""Saint-Siméon, Québec, Canada"" (harmonics_utide_tidetables.txt), 0 m entfernt. Faktor 8.9, Kurvenabweichung 1 %."
harmonics/noaa/harmonics_noaa_amtt.txt,"Charlottetown, Canada",7.6,"An der Tafel Charlottetown: 7.6 % des Hubs von 2.75 m gegen 0.9 % von ""Charlottetown, Prince Edward Island, Canada"" (harmonics_utide_tidetables.txt), 1717 m entfernt. Faktor 8.8, Kurvenabweichung 11 %."
harmonics/classic/harmonics-2004-06-14_mod.txt,"Blanc-Sablon, Québec, Canada",3.8,"An der Tafel Blanc-Sablon: 3.8 % des Hubs von 1.77 m gegen 0.4 % von ""Blanc-Sablon, Québec, Canada"" (harmonics_utide_tidetables.txt), 0 m entfernt. Faktor 8.8, Kurvenabweichung 7 %."
harmonics/classic/harmonics-2004-06-14_mod.txt,"Old-Harry, Québec, Canada",3.4,"An der Tafel Old-Harry: 3.4 % des Hubs von 0.92 m gegen 0.4 % von ""Old-Harry, Québec, Canada"" (harmonics_utide_tidetables.txt), 27 m entfernt. Faktor 8.8, Kurvenabweichung 4 %."
harmonics/classic/harmonics-2004-06-14_mod.txt,"Emily Harbour, Labrador, Canada",1.4,"An der Tafel Emily Harbour: 1.4 % des Hubs von 1.88 m gegen 0.2 % von ""Emily Harbour, Labrador, Canada"" (harmonics_utide_tidetables.txt), 0 m entfernt. Faktor 8.7, Kurvenabweichung 0 %."
harmonics/classic/harmonics-2004-06-14_mod.txt,"Port Elgin, New Brunswick, Canada",3.7,"An der Tafel Port Elgin: 3.7 % des Hubs von 2.65 m gegen 0.4 % von ""Port Elgin, New Brunswick, Canada"" (harmonics_utide_tidetables.txt), 0 m entfernt. Faktor 8.7, Kurvenabweichung 8 %."
harmonics/classic/harmonics-2004-06-14_mod.txt,"Bear Islands, Nunavut, Canada",5.2,"An der Tafel Bear Island: 5.2 % des Hubs von 1.83 m gegen 0.6 % von ""Bear Island, Nunavut, Canada"" (harmonics_utide_tidetables.txt), 0 m entfernt. Faktor 8.7, Kurvenabweichung 4 %."
harmonics/classic/harmonics-2004-06-14_mod.txt,"Gillies Island, Nunavut, Canada",6.5,"An der Tafel Gillies Island: 6.5 % des Hubs von 1.42 m gegen 0.8 % von ""Gillies Island, Nunavut, Canada"" (harmonics_utide_tidetables.txt), 0 m entfernt. Faktor 8.7, Kurvenabweichung 1 %."
harmonics/classic/harmonics-2004-06-14_mod.txt,"Coral Harbour, Southampton Island, Nunavut, Canada",3.2,"An der Tafel Coral Harbour: 3.2 % des Hubs von 3.18 m gegen 0.4 % von ""Coral Harbour, Nunavut, Canada"" (harmonics_utide_tidetables.txt), 0 m entfernt. Faktor 8.6, Kurvenabweichung 6 %."
harmonics/classic/harmonics-2004-06-14_mod.txt,"Jennis Bay, British Columbia, Canada",2.2,"An der Tafel Jennis Bay: 2.2 % des Hubs von 5.51 m gegen 0.3 % von ""Jennis Bay, British Columbia, Canada"" (harmonics_utide_tidetables.txt), 0 m entfernt. Faktor 8.6, Kurvenabweichung 1 %."
harmonics/classic/harmonics-2004-06-14_mod.txt,"Cape Hooper, Baffin Island, Nunavut, Canada",2.4,"An der Tafel Cape Hooper: 2.4 % des Hubs von 1.06 m gegen 0.3 % von ""Cape Hooper, Nunavut, Canada"" (harmonics_utide_tidetables.txt), 0 m entfernt. Faktor 8.5, Kurvenabweichung 0 %."
harmonics/classic/harmonics-2004-06-14_mod.txt,"Hermitage, Newfoundland, Canada",1.3,"An der Tafel Hermitage: 1.3 % des Hubs von 1.97 m gegen 0.2 % von ""Hermitage, Newfoundland, Canada"" (harmonics_utide_tidetables.txt), 0 m entfernt. Faktor 8.5, Kurvenabweichung 0 %."
harmonics/classic/harmonics-2004-06-14_mod.txt,"Frederick Sound, British Columbia, Canada",5.9,"An der Tafel Frederick Sound: 5.9 % des Hubs von 1.90 m gegen 0.7 % von ""Frederick Sound, British Columbia, Canada"" (harmonics_utide_tidetables.txt), 0 m entfernt. Faktor 8.5, Kurvenabweichung 2 %."
harmonics/classic/harmonics-2004-06-14_mod.txt,"Strathcona Sound, Nunavut, Canada",2.7,"An der Tafel Strathcona Sound: 2.7 % des Hubs von 2.58 m gegen 0.3 % von ""Strathcona Sound, Nunavut, Canada"" (harmonics_utide_tidetables.txt), 0 m entfernt. Faktor 8.5, Kurvenabweichung 4 %."
harmonics/classic/harmonics-2004-06-14_mod.txt,"Arctic Bay, Nunavut, Canada",1.3,"An der Tafel Arctic Bay: 1.3 % des Hubs von 2.12 m gegen 0.2 % von ""Arctic Bay, Nunavut, Canada"" (harmonics_utide_tidetables.txt), 0 m entfernt. Faktor 8.5, Kurvenabweichung 0 %."
harmonics/ticon/harmonics_ticon4_worldwide.txt,"Cape Tormentine, New Brunswick, Canada",4.9,"An der Tafel Cape Tormentine: 4.9 % des Hubs von 2.28 m gegen 0.6 % von ""Cape Tormentine, New Brunswick, Canada"" (harmonics_utide_tidetables.txt), 34 m entfernt. Faktor 8.5, Kurvenabweichung 4 %."
harmonics/classic/harmonics-2004-06-14_mod.txt,"Hunger Harbour, British Columbia, Canada",3.0,"An der Tafel Hunger Harbour: 3.0 % des Hubs von 4.20 m gegen 0.4 % von ""Hunger Harbour, British Columbia, Canada"" (harmonics_utide_tidetables.txt), 0 m entfernt. Faktor 8.4, Kurvenabweichung 5 %."
harmonics/noaa/harmonics_noaa_amtt.txt,"Riley Cove, Canada",2.4,"An der Tafel Riley Cove: 2.4 % des Hubs von 3.94 m gegen 0.3 % von ""Riley Cove, British Columbia, Canada"" (harmonics_utide_tidetables.txt), 1046 m entfernt. Faktor 8.4, Kurvenabweichung 3 %."
harmonics/classic/harmonics-dwf-20100529-nonfree_mod.txt,"Wood Islands, Nova Scotia, Canada",2.5,"An der Tafel Wood Islands: 2.5 % des Hubs von 2.19 m gegen 0.3 % von ""Wood Islands, Prince Edward Island, Canada"" (harmonics_utide_tidetables.txt), 326 m entfernt. Faktor 8.4, Kurvenabweichung 0 %."
harmonics/classic/harmonics-2004-06-14_mod.txt,"Denman Island, British Columbia, Canada",2.8,"An der Tafel Denman Island: 2.8 % des Hubs von 5.08 m gegen 0.3 % von ""Denman Island, British Columbia, Canada"" (harmonics_utide_tidetables.txt), 0 m entfernt. Faktor 8.4, Kurvenabweichung 2 %."
harmonics/classic/harmonics-2004-06-14_mod.txt,"Herring Cove, New Brunswick, Canada",1.3,"An der Tafel Herring Cove: 1.3 % des Hubs von 10.34 m gegen 0.2 % von ""Herring Cove, New Brunswick, Canada"" (harmonics_utide_tidetables.txt), 0 m entfernt. Faktor 8.3, Kurvenabweichung 0 %."
harmonics/classic/harmonics-2004-06-14_mod.txt,"Igloolik, Nunavut, Canada",2.8,"An der Tafel Igloolik: 2.8 % des Hubs von 2.61 m gegen 0.3 % von ""Igloolik, Nunavut, Canada"" (harmonics_utide_tidetables.txt), 0 m entfernt. Faktor 8.3, Kurvenabweichung 6 %."
harmonics/classic/harmonics-2004-06-14_mod.txt,"Canoe Cove, Prince Edward Island, Canada",1.1,"An der Tafel Canoe Cove: 1.1 % des Hubs von 2.53 m gegen 0.1 % von ""Canoe Cove, Prince Edward Island, Canada"" (harmonics_utide_tidetables.txt), 4 m entfernt. Faktor 8.2, Kurvenabweichung 0 %."
harmonics/classic/harmonics-2004-06-14_mod.txt,"Cook's Harbour, Newfoundland, Canada",6.1,"An der Tafel Cooks Harbour: 6.1 % des Hubs von 0.97 m gegen 0.7 % von ""Cook's Harbour, Newfoundland, Canada"" (harmonics_utide_tidetables.txt), 0 m entfernt. Faktor 8.2, Kurvenabweichung 4 %."
harmonics/classic/harmonics-2004-06-14_mod.txt,"Portugal Cove, Newfoundland, Canada",6.1,"An der Tafel Portugal Cove: 6.1 % des Hubs von 1.33 m gegen 0.8 % von ""Portugal Cove, Newfoundland, Canada"" (harmonics_utide_tidetables.txt), 0 m entfernt. Faktor 8.2, Kurvenabweichung 10 %."
harmonics/classic/harmonics-2004-06-14_mod.txt,"Alison Sound, British Columbia, Canada",5.4,"An der Tafel Alison Sound: 5.4 % des Hubs von 1.84 m gegen 0.7 % von ""Alison Sound, British Columbia, Canada"" (harmonics_utide_tidetables.txt), 0 m entfernt. Faktor 8.1, Kurvenabweichung 6 %."
harmonics/utide/harmonics_utide_tidetables.txt,"Henley Harbour, Labrador, Canada",5.7,"An der Tafel Henley Harbour: 5.7 % des Hubs von 1.38 m gegen 0.7 % von ""Henley Harbour, Labrador, Canada"" (harmonics-2004-06-14_mod.txt), 0 m entfernt. Faktor 8.1, Kurvenabweichung 3 %."
harmonics/classic/harmonics-2004-06-14_mod.txt,"Sandy Cove, Nova Scotia, Canada",2.8,"An der Tafel East Sandy Cove: 2.8 % des Hubs von 5.95 m gegen 0.4 % von ""East Sandy Cove, Nova Scotia, Canada"" (harmonics-2004-06-14_mod.txt), 1689 m entfernt. Faktor 8.1, Kurvenabweichung 3 %."
harmonics/noaa/harmonics_noaa_amtt.txt,"Cheticamp, Canada",8.7,"An der Tafel Cheticamp: 8.7 % des Hubs von 1.18 m gegen 1.1 % von ""Cheticamp, Nova Scotia, Canada"" (harmonics-2004-06-14_mod.txt), 1536 m entfernt. Faktor 8.1, Kurvenabweichung 15 %."
harmonics/noaa/harmonics_noaa_amtt.txt,"Alert, Lincoln Sea, Canada",11.0,"An der Tafel Alert: 11.0 % des Hubs von 0.83 m gegen 1.4 % von ""Alert, Nunavut, Canada"" (harmonics_utide_tidetables.txt), 736 m entfernt. Faktor 8.0, Kurvenabweichung 27 %."
harmonics/classic/harmonics-2004-06-14_mod.txt,"Paradise River, Labrador, Canada",4.0,"An der Tafel Paradise River: 4.0 % des Hubs von 1.50 m gegen 0.5 % von ""Paradise River, Labrador, Canada"" (harmonics_utide_tidetables.txt), 0 m entfernt. Faktor 8.0, Kurvenabweichung 8 %."
harmonics/classic/harmonics-2004-06-14_mod.txt,"Prim Point, Prince Edward Island, Canada",1.1,"An der Tafel Point Prim: 1.1 % des Hubs von 2.63 m gegen 0.1 % von ""Prim Point, Prince Edward Island, Canada"" (harmonics_utide_tidetables.txt), 6 m entfernt. Faktor 8.0, Kurvenabweichung 0 %."
harmonics/classic/harmonics-2004-06-14_mod.txt,"Woody Island, Newfoundland, Canada",1.2,"An der Tafel Woody Island: 1.2 % des Hubs von 2.20 m gegen 0.1 % von ""Woody Island, Newfoundland, Canada"" (harmonics_utide_tidetables.txt), 0 m entfernt. Faktor 8.0, Kurvenabweichung 0 %."
harmonics/classic/harmonics-2004-06-14_mod.txt,"Nugent Sound, British Columbia, Canada",5.8,"An der Tafel Nugent Sound: 5.8 % des Hubs von 1.75 m gegen 0.7 % von ""Nugent Sound, British Columbia, Canada"" (harmonics_utide_tidetables.txt), 4 m entfernt. Faktor 8.0, Kurvenabweichung 6 %."
harmonics/classic/harmonics-2004-06-14_mod.txt,"Arnold's Cove, Newfoundland, Canada",2.3,"An der Tafel Arnolds Cove: 2.3 % des Hubs von 2.29 m gegen 0.3 % von ""Arnold's Cove, Newfoundland, Canada"" (harmonics_utide_tidetables.txt), 0 m entfernt. Faktor 7.9, Kurvenabweichung 11 %."
harmonics/classic/harmonics-2004-06-14_mod.txt,"False Strait, Nunavut, Canada",7.0,"An der Tafel False Strait: 7.0 % des Hubs von 0.85 m gegen 0.9 % von ""False Strait, Nunavut, Canada"" (harmonics_utide_tidetables.txt), 0 m entfernt. Faktor 7.9, Kurvenabweichung 10 %."
harmonics/classic/harmonics-2004-06-14_mod.txt,"Tacks Beach, Newfoundland, Canada",1.1,"An der Tafel Tacks Beach: 1.1 % des Hubs von 2.10 m gegen 0.1 % von ""Tacks Beach, Newfoundland, Canada"" (harmonics_utide_tidetables.txt), 0 m entfernt. Faktor 7.9, Kurvenabweichung 0 %."
harmonics/classic/harmonics-2004-06-14_mod.txt,"Wood Island, Prince Edward Island, Canada",2.3,"An der Tafel Wood Islands: 2.3 % des Hubs von 2.19 m gegen 0.3 % von ""Wood Islands, Prince Edward Island, Canada"" (harmonics_utide_tidetables.txt), 2 m entfernt. Faktor 7.9, Kurvenabweichung 3 %."
harmonics/noaa/harmonics_noaa_amtt.txt,"Port Hardy, Vancouver Island, Canada",1.8,"An der Tafel Port Hardy: 1.8 % des Hubs von 5.22 m gegen 0.2 % von ""Port Hardy, British Columbia, Canada"" (harmonics_utide_tidetables.txt), 713 m entfernt. Faktor 7.9, Kurvenabweichung 3 %."
harmonics/classic/harmonics-2004-06-14_mod.txt,"Botwood, Newfoundland, Canada",3.2,"An der Tafel Botwood: 3.2 % des Hubs von 1.48 m gegen 0.4 % von ""Botwood, Newfoundland, Canada"" (harmonics_utide_tidetables.txt), 0 m entfernt. Faktor 7.8, Kurvenabweichung 0 %."
harmonics/classic/harmonics-2004-06-14_mod.txt,"Resor Island, Nunavut, Canada",1.5,"An der Tafel Resor Island: 1.5 % des Hubs von 9.89 m gegen 0.2 % von ""Resor Island, Nunavut, Canada"" (harmonics_utide_tidetables.txt), 0 m entfernt. Faktor 7.8, Kurvenabweichung 5 %."
harmonics/classic/harmonics-2004-06-14_mod.txt,"Matane, Québec, Canada",2.6,"An der Tafel Matane: 2.6 % des Hubs von 3.94 m gegen 0.3 % von ""Matane, Québec, Canada"" (harmonics_utide_tidetables.txt), 0 m entfernt. Faktor 7.7, Kurvenabweichung 3 %."
harmonics/classic/harmonics-2004-06-14_mod.txt,"Jackos Point, Newfoundland, Canada",2.7,"An der Tafel Jackos Point: 2.7 % des Hubs von 2.68 m gegen 0.4 % von ""Jackos Point, Labrador, Canada"" (harmonics_utide_tidetables.txt), 672 m entfernt. Faktor 7.7, Kurvenabweichung 0 %."
harmonics/classic/harmonics-2004-06-14_mod.txt,"Milne Inlet (Head), Nunavut, Canada",2.8,"An der Tafel Milne Inlet (head): 2.8 % des Hubs von 2.41 m gegen 0.4 % von ""Milne Inlet (head), Nunavut, Canada"" (harmonics_utide_tidetables.txt), 0 m entfernt. Faktor 7.7, Kurvenabweichung 5 %."
harmonics/classic/harmonics-2004-06-14_mod.txt,"Block Islands, British Columbia, Canada",1.5,"An der Tafel Block Islands: 1.5 % des Hubs von 5.89 m gegen 0.2 % von ""Block Islands, British Columbia, Canada"" (harmonics_utide_tidetables.txt), 0 m entfernt. Faktor 7.7, Kurvenabweichung 2 %."
harmonics/classic/harmonics-2004-06-14_mod.txt,"Armentieres Channel, British Columbia, Canada",1.6,"An der Tafel Armentieres Channel: 1.6 % des Hubs von 4.29 m gegen 0.2 % von ""Armentieres Channel, British Columbia, Canada"" (harmonics_utide_tidetables.txt), 0 m entfernt. Faktor 7.6, Kurvenabweichung 3 %."
harmonics/classic/harmonics-2004-06-14_mod.txt,"Troup Passage, British Columbia, Canada",2.2,"An der Tafel Troup Passage: 2.2 % des Hubs von 5.12 m gegen 0.3 % von ""Troup Passage, British Columbia, Canada"" (harmonics_utide_tidetables.txt), 0 m entfernt. Faktor 7.6, Kurvenabweichung 2 %."
harmonics/classic/harmonics-2004-06-14_mod.txt,"Port-Menier, Québec, Canada",3.7,"An der Tafel Port-Menier: 3.7 % des Hubs von 2.62 m gegen 0.5 % von ""Port-Menier, Québec, Canada"" (harmonics_utide_tidetables.txt), 0 m entfernt. Faktor 7.6, Kurvenabweichung 4 %."
harmonics/classic/harmonics-2004-06-14_mod.txt,"Cape Sharp, Nova Scotia, Canada",4.0,"An der Tafel Cape Sharp: 4.0 % des Hubs von 12.41 m gegen 0.5 % von ""Cape Sharp, Nova Scotia, Canada"" (harmonics_utide_tidetables.txt), 56 m entfernt. Faktor 7.5, Kurvenabweichung 5 %."
harmonics/classic/harmonics-2004-06-14_mod.txt,"Port-Daniel-Gascons, Québec, Canada",2.9,"An der Tafel Port-Daniel-Gascons: 2.9 % des Hubs von 1.86 m gegen 0.4 % von ""Port-Daniel-Gascons, Québec, Canada"" (harmonics_utide_tidetables.txt), 0 m entfernt. Faktor 7.5, Kurvenabweichung 2 %."
harmonics/classic/harmonics-2004-06-14_mod.txt,"Acadia Cove, Nunavut, Canada",1.6,"An der Tafel Acadia Cove: 1.6 % des Hubs von 6.98 m gegen 0.2 % von ""Acadia Cove, Nunavut, Canada"" (harmonics_utide_tidetables.txt), 0 m entfernt. Faktor 7.5, Kurvenabweichung 4 %."
harmonics/noaa/harmonics_noaa_amtt.txt,"Port Simpson, Canada",3.3,"An der Tafel Lax Kw'alaams: 3.3 % des Hubs von 6.80 m gegen 0.4 % von ""Port Simpson, British Columbia, Canada"" (harmonics_ticon4_worldwide.txt), 760 m entfernt. Faktor 7.4, Kurvenabweichung 7 %."
harmonics/noaa/harmonics_noaa_amtt.txt,"Swim Point, Canada",5.7,"An der Tafel Swims Point: 5.7 % des Hubs von 3.11 m gegen 0.8 % von ""Swims Point, Nova Scotia, Canada"" (harmonics_utide_tidetables.txt), 116 m entfernt. Faktor 7.4, Kurvenabweichung 9 %."
harmonics/classic/harmonics-2004-06-14_mod.txt,"Village Bay, British Columbia, Canada",2.4,"An der Tafel Village Bay: 2.4 % des Hubs von 3.58 m gegen 0.3 % von ""Village Bay, British Columbia, Canada"" (harmonics_utide_tidetables.txt), 0 m entfernt. Faktor 7.4, Kurvenabweichung 2 %."
harmonics/classic/harmonics-2004-06-14_mod.txt,"Le Petit Pelerin, Québec, Canada",2.3,"An der Tafel Le Petit Pèlerin: 2.3 % des Hubs von 5.43 m gegen 0.3 % von ""Le Petit Pèlerin, Québec, Canada"" (harmonics_utide_tidetables.txt), 0 m entfernt. Faktor 7.4, Kurvenabweichung 0 %."
harmonics/classic/harmonics-2004-06-14_mod.txt,"Lighthouse Cove, Nova Scotia, Canada",3.5,"An der Tafel Lighthouse Cove: 3.5 % des Hubs von 6.12 m gegen 0.5 % von ""Lighthouse Cove, Nova Scotia, Canada"" (harmonics_utide_tidetables.txt), 21 m entfernt. Faktor 7.4, Kurvenabweichung 3 %."
harmonics/classic/harmonics-2004-06-14_mod.txt,"Shoal Bay, British Columbia, Canada",2.0,"An der Tafel Shoal Bay: 2.0 % des Hubs von 4.55 m gegen 0.3 % von ""Shoal Bay, British Columbia, Canada"" (harmonics_utide_tidetables.txt), 0 m entfernt. Faktor 7.3, Kurvenabweichung 1 %."
harmonics/classic/harmonics-2004-06-14_mod.txt,"Prideaux Haven, British Columbia, Canada",4.5,"An der Tafel Prideaux Haven: 4.5 % des Hubs von 5.32 m gegen 0.6 % von ""Prideaux Haven, British Columbia, Canada"" (harmonics_utide_tidetables.txt), 0 m entfernt. Faktor 7.3, Kurvenabweichung 7 %."
harmonics/classic/harmonics-2004-06-14_mod.txt,"Cap-aux-Oies, Québec, Canada",1.6,"An der Tafel Cap-aux-Oies: 1.6 % des Hubs von 6.42 m gegen 0.2 % von ""Cap-aux-Oies, Québec, Canada"" (harmonics_utide_tidetables.txt), 0 m entfernt. Faktor 7.3, Kurvenabweichung 1 %."
harmonics/ticon/harmonics_ticon4_worldwide.txt,"Forteau Bay (Strait of Bell Isle), Labrador, Canada",1.7,"An der Tafel Forteau Bay: 1.7 % des Hubs von 1.54 m gegen 0.2 % von ""Forteau Bay (Strait of Bell Isle), Labrador, Canada"" (harmonics_utide_tidetables.txt), 5 m entfernt. Faktor 7.3, Kurvenabweichung 5 %."
harmonics/classic/harmonics-2004-06-14_mod.txt,"Georgetown Harbour, Prince Edward Island, Canada",2.7,"An der Tafel Georgetown: 2.7 % des Hubs von 1.78 m gegen 0.4 % von ""Georgetown Harbour, Prince Edward Island, Canada"" (harmonics_utide_tidetables.txt), 2 m entfernt. Faktor 7.3, Kurvenabweichung 4 %."
harmonics/classic/harmonics-2004-06-14_mod.txt,"Smithers Island, British Columbia, Canada",1.8,"An der Tafel Smithers Island: 1.8 % des Hubs von 5.45 m gegen 0.3 % von ""Smithers Island, British Columbia, Canada"" (harmonics_utide_tidetables.txt), 0 m entfernt. Faktor 7.2, Kurvenabweichung 2 %."
harmonics/classic/harmonics-2004-06-14_mod.txt,"Stuart Narrows, British Columbia, Canada",1.6,"An der Tafel Stuart Narrows: 1.6 % des Hubs von 5.35 m gegen 0.2 % von ""Stuart Narrows, British Columbia, Canada"" (harmonics_utide_tidetables.txt), 0 m entfernt. Faktor 7.2, Kurvenabweichung 2 %."
harmonics/classic/harmonics-2004-06-14_mod.txt,"Belize Inlet, British Columbia, Canada",2.5,"An der Tafel Belize Inlet: 2.5 % des Hubs von 1.80 m gegen 0.3 % von ""Belize Inlet, British Columbia, Canada"" (harmonics_utide_tidetables.txt), 0 m entfernt. Faktor 7.2, Kurvenabweichung 0 %."
harmonics/classic/harmonics-2004-06-14_mod.txt,"Tilt Cove, Newfoundland, Canada",1.5,"An der Tafel Tilt Cove: 1.5 % des Hubs von 1.47 m gegen 0.2 % von ""Tilt Cove, Newfoundland, Canada"" (harmonics_utide_tidetables.txt), 0 m entfernt. Faktor 7.2, Kurvenabweichung 0 %."
harmonics/utide/harmonics_utide_tidetables.txt,"Gordon Point, New Brunswick, Canada",5.8,"An der Tafel Gordon Point: 5.8 % des Hubs von 1.61 m gegen 0.8 % von ""Gordon Point, New Brunswick, Canada"" (harmonics-2004-06-14_mod.txt), 0 m entfernt. Faktor 7.1, Kurvenabweichung 6 %."
harmonics/classic/harmonics-2004-06-14_mod.txt,"Nicholson Creek, Ontario, Canada",1.0,"An der Tafel Nicholson Creek: 1.0 % des Hubs von 1.97 m gegen 0.1 % von ""Nicholson Creek, Ontario, Canada"" (harmonics_utide_tidetables.txt), 2 m entfernt. Faktor 7.1, Kurvenabweichung 0 %."
harmonics/classic/harmonics-2004-06-14_mod.txt,"Sainte-Thérèse-de-Gaspé, Québec, Canada",4.4,"An der Tafel Sainte-Thérèse-de-Gaspé: 4.4 % des Hubs von 1.75 m gegen 0.6 % von ""Sainte-Thérèse-de-Gaspé, Québec, Canada"" (harmonics_utide_tidetables.txt), 0 m entfernt. Faktor 7.0, Kurvenabweichung 5 %."
harmonics/noaa/harmonics_noaa_amtt.txt,"Port Hood, Canada",8.9,"An der Tafel Port Hood: 8.9 % des Hubs von 1.38 m gegen 1.3 % von ""Port Hood, Nova Scotia, Canada"" (harmonics_utide_tidetables.txt), 1540 m entfernt. Faktor 7.0, Kurvenabweichung 13 %."
harmonics/ticon/harmonics_ticon4_worldwide.txt,"Point Sapin, New Brunswick, Canada",2.9,"An der Tafel Pointe Sapin: 2.9 % des Hubs von 1.54 m gegen 0.4 % von ""Pointe Sapin, New Brunswick, Canada"" (harmonics_utide_tidetables.txt), 2 m entfernt. Faktor 7.0, Kurvenabweichung 1 %."
harmonics/ticon/harmonics_ticon4_worldwide.txt,"Upper Gagetown, New Brunswick, Canada",13.9,"An der Tafel Upper Gagetown: 13.9 % des Hubs von 0.85 m gegen 2.0 % von ""Upper Gagetown, New Brunswick, Canada"" (harmonics_utide_tidetables.txt), 482 m entfernt. Faktor 6.9, Kurvenabweichung 5 %."
harmonics/classic/harmonics-2004-06-14_mod.txt,"Roggan River, Québec, Canada",3.5,"An der Tafel Roggan River: 3.5 % des Hubs von 1.91 m gegen 0.5 % von ""Roggan River, Québec, Canada"" (harmonics_utide_tidetables.txt), 4 m entfernt. Faktor 6.9, Kurvenabweichung 1 %."
harmonics/classic/harmonics-2004-06-14_mod.txt,"Fox Island, Newfoundland, Canada",3.9,"An der Tafel Fox Island: 3.9 % des Hubs von 2.04 m gegen 0.6 % von ""Fox Island, Newfoundland, Canada"" (harmonics_utide_tidetables.txt), 0 m entfernt. Faktor 6.9, Kurvenabweichung 5 %."
harmonics/classic/harmonics-2004-06-14_mod.txt,"Crofton, British Columbia, Canada",2.2,"An der Tafel Crofton: 2.2 % des Hubs von 3.93 m gegen 0.3 % von ""Crofton, British Columbia, Canada"" (harmonics_utide_tidetables.txt), 0 m entfernt. Faktor 6.9, Kurvenabweichung 2 %."
harmonics/classic/harmonics-2004-06-14_mod.txt,"Sand Heads Lighthouse, British Columbia, Canada",3.8,"An der Tafel Sand Heads: 3.8 % des Hubs von 4.59 m gegen 0.6 % von ""Sand Heads Lighthouse, British Columbia, Canada"" (harmonics_utide_tidetables.txt), 0 m entfernt. Faktor 6.8, Kurvenabweichung 4 %."
harmonics/classic/harmonics-1997-05-25_mod.txt,"Sand Heads Lighthouse, British Columbia, Canada",3.8,"An der Tafel Sand Heads: 3.8 % des Hubs von 4.59 m gegen 0.6 % von ""Sand Heads Lighthouse, British Columbia, Canada"" (harmonics_utide_tidetables.txt), 228 m entfernt. Faktor 6.8, Kurvenabweichung 4 %."
harmonics/ticon/harmonics_ticon4_worldwide.txt,"Sooke Basin, British Columbia, Canada",2.5,"An der Tafel Sooke Basin: 2.5 % des Hubs von 3.17 m gegen 0.4 % von ""Sooke Basin, British Columbia, Canada"" (harmonics_utide_tidetables.txt), 11 m entfernt. Faktor 6.8, Kurvenabweichung 1 %."
harmonics/classic/harmonics-2004-06-14_mod.txt,"Portage Inlet, British Columbia, Canada",3.6,"An der Tafel Portage Inlet: 3.6 % des Hubs von 1.49 m gegen 0.5 % von ""Portage Inlet, British Columbia, Canada"" (harmonics_utide_tidetables.txt), 0 m entfernt. Faktor 6.8, Kurvenabweichung 0 %."
harmonics/noaa/harmonics_noaa_amtt.txt,"Antigonish Harbour, Canada",7.4,"An der Tafel Antigonish Harbour: 7.4 % des Hubs von 1.23 m gegen 1.1 % von ""Antigonish Harbour, Nova Scotia, Canada"" (harmonics_utide_tidetables.txt), 1954 m entfernt. Faktor 6.8, Kurvenabweichung 16 %."
harmonics/classic/harmonics-2004-06-14_mod.txt,"Octopus Islands, British Columbia, Canada",2.3,"An der Tafel Octopus Islands: 2.3 % des Hubs von 4.03 m gegen 0.3 % von ""Octopus Islands, British Columbia, Canada"" (harmonics_utide_tidetables.txt), 0 m entfernt. Faktor 6.8, Kurvenabweichung 2 %."
harmonics/classic/harmonics-2004-06-14_mod.txt,"Cape Saint James, British Columbia, Canada",2.1,"An der Tafel Cape St. James: 2.1 % des Hubs von 4.27 m gegen 0.3 % von ""Cape St. James, British Columbia, Canada"" (harmonics_utide_tidetables.txt), 0 m entfernt. Faktor 6.8, Kurvenabweichung 2 %."
harmonics/ticon/harmonics_ticon4_worldwide.txt,"Fredericton, New Brunswick, Canada",11.5,"An der Tafel Fredericton: 11.5 % des Hubs von 1.15 m gegen 1.7 % von ""Fredericton, New Brunswick, Canada"" (harmonics_utide_tidetables.txt), 3 m entfernt. Faktor 6.7, Kurvenabweichung 3 %."
harmonics/classic/harmonics-2004-06-14_mod.txt,"Gorge Harbour, British Columbia, Canada",3.9,"An der Tafel Gorge Harbour: 3.9 % des Hubs von 5.35 m gegen 0.6 % von ""Gorge Harbour, British Columbia, Canada"" (harmonics_utide_tidetables.txt), 0 m entfernt. Faktor 6.7, Kurvenabweichung 7 %."
harmonics/classic/harmonics-2004-06-14_mod.txt,"Hunt Inlet, British Columbia, Canada",1.3,"An der Tafel Hunt Inlet: 1.3 % des Hubs von 6.80 m gegen 0.2 % von ""Hunt Inlet, British Columbia, Canada"" (harmonics_utide_tidetables.txt), 0 m entfernt. Faktor 6.7, Kurvenabweichung 2 %."
harmonics/classic/harmonics-2004-06-14_mod.txt,"Fort Ross, Nunavut, Canada",4.1,"An der Tafel Fort Ross: 4.1 % des Hubs von 2.69 m gegen 0.6 % von ""Fort Ross, Nunavut, Canada"" (harmonics_utide_tidetables.txt), 0 m entfernt. Faktor 6.7, Kurvenabweichung 6 %."
harmonics/classic/harmonics-2004-06-14_mod.txt,"Baie des Moutons, Québec, Canada",1.8,"An der Tafel Baie des Moutons: 1.8 % des Hubs von 2.04 m gegen 0.3 % von ""Baie des Moutons, Québec, Canada"" (harmonics_utide_tidetables.txt), 0 m entfernt. Faktor 6.7, Kurvenabweichung 1 %."
harmonics/classic/harmonics-2004-06-14_mod.txt,"Port-Cartier, Québec, Canada",1.8,"An der Tafel Port-Cartier: 1.8 % des Hubs von 3.39 m gegen 0.3 % von ""Port-Cartier, Québec, Canada"" (harmonics_utide_tidetables.txt), 0 m entfernt. Faktor 6.7, Kurvenabweichung 2 %."
harmonics/noaa/harmonics_noaa_amtt.txt,"Lunenburg, Canada",4.4,"An der Tafel Lunenburg: 4.4 % des Hubs von 2.11 m gegen 0.7 % von ""Lunenburg, Nova Scotia (2), Canada"" (harmonics-2004-06-14_mod.txt), 1228 m entfernt. Faktor 6.7, Kurvenabweichung 7 %."
harmonics/classic/harmonics-2004-06-14_mod.txt,"Akreavenek Island, Nunavut, Canada",1.8,"An der Tafel Akreavenek Island: 1.8 % des Hubs von 4.41 m gegen 0.3 % von ""Akreavenek Island, Nunavut, Canada"" (harmonics_utide_tidetables.txt), 1 m entfernt. Faktor 6.6, Kurvenabweichung 4 %."
harmonics/utide/harmonics_utide_tidetables.txt,"Cape Cliff, Nova Scotia, Canada",7.2,"An der Tafel Cape Cliff: 7.2 % des Hubs von 2.98 m gegen 1.1 % von ""Cape Cliff, Nova Scotia, Canada"" (harmonics-2004-06-14_mod.txt), 142 m entfernt. Faktor 6.6, Kurvenabweichung 1 %."
harmonics/classic/harmonics-2004-06-14_mod.txt,"Lowe Inlet, British Columbia, Canada",1.5,"An der Tafel Lowe Inlet: 1.5 % des Hubs von 6.08 m gegen 0.2 % von ""Lowe Inlet, British Columbia, Canada"" (harmonics_utide_tidetables.txt), 2 m entfernt. Faktor 6.6, Kurvenabweichung 2 %."
harmonics/classic/harmonics-2004-06-14_mod.txt,"Koluktoo Bay, Nunavut, Canada",2.4,"An der Tafel Koluktoo Bay: 2.4 % des Hubs von 2.43 m gegen 0.4 % von ""Koluktoo Bay, Nunavut, Canada"" (harmonics_utide_tidetables.txt), 0 m entfernt. Faktor 6.6, Kurvenabweichung 2 %."
harmonics/classic/harmonics-2004-06-14_mod.txt,"Port Saunders, Newfoundland, Canada",1.0,"An der Tafel Port Saunders: 1.0 % des Hubs von 2.07 m gegen 0.2 % von ""Port Saunders, Newfoundland, Canada"" (harmonics_utide_tidetables.txt), 0 m entfernt. Faktor 6.6, Kurvenabweichung 0 %."
harmonics/classic/harmonics-2004-06-14_mod.txt,"Florence Cove, British Columbia, Canada",2.2,"An der Tafel Florence Cove: 2.2 % des Hubs von 5.20 m gegen 0.3 % von ""Florence Cove, British Columbia, Canada"" (harmonics_utide_tidetables.txt), 0 m entfernt. Faktor 6.5, Kurvenabweichung 1 %."
harmonics/noaa/harmonics_noaa_amtt.txt,"Barrington Passage, Canada",4.5,"An der Tafel Barrington Passage: 4.5 % des Hubs von 2.39 m gegen 0.7 % von ""Barrington Passage, Nova Scotia, Canada"" (harmonics_utide_tidetables.txt), 1032 m entfernt. Faktor 6.5, Kurvenabweichung 7 %."
harmonics/classic/harmonics-2004-06-14_mod.txt,"Baie-Johan-Beetz, Québec, Canada",3.2,"An der Tafel Baie-Johan-Beetz: 3.2 % des Hubs von 1.80 m gegen 0.5 % von ""Baie-Johan-Beetz, Québec, Canada"" (harmonics_utide_tidetables.txt), 0 m entfernt. Faktor 6.5, Kurvenabweichung 2 %."
harmonics/classic/harmonics-2004-06-14_mod.txt,"Port Marnham, Labrador, Canada",1.3,"An der Tafel Port Marnham: 1.3 % des Hubs von 1.43 m gegen 0.2 % von ""Port Marnham, Labrador, Canada"" (harmonics_utide_tidetables.txt), 4 m entfernt. Faktor 6.5, Kurvenabweichung 0 %."
harmonics/classic/harmonics-2004-06-14_mod.txt,"Cap Chat, Québec, Canada",1.7,"An der Tafel Cap-Chat: 1.7 % des Hubs von 3.24 m gegen 0.3 % von ""Cap-Chat, Québec, Canada"" (harmonics_utide_tidetables.txt), 0 m entfernt. Faktor 6.4, Kurvenabweichung 1 %."
harmonics/classic/harmonics-2004-06-14_mod.txt,"Mermaid Bay, British Columbia, Canada",1.9,"An der Tafel Mermaid Bay: 1.9 % des Hubs von 4.19 m gegen 0.3 % von ""Mermaid Bay, British Columbia, Canada"" (harmonics_utide_tidetables.txt), 0 m entfernt. Faktor 6.4, Kurvenabweichung 2 %."
harmonics/classic/harmonics-2004-06-14_mod.txt,"Brooksby Point, British Columbia, Canada",1.8,"An der Tafel Brooksby Point: 1.8 % des Hubs von 3.69 m gegen 0.3 % von ""Brooksby Point, British Columbia, Canada"" (harmonics_utide_tidetables.txt), 0 m entfernt. Faktor 6.4, Kurvenabweichung 1 %."
harmonics/classic/harmonics-2004-06-14_mod.txt,"Bay Of Woe, Nunavut, Canada",1.8,"An der Tafel Bay of Woe: 1.8 % des Hubs von 3.13 m gegen 0.3 % von ""Bay of Woe, Nunavut, Canada"" (harmonics_utide_tidetables.txt), 0 m entfernt. Faktor 6.4, Kurvenabweichung 2 %."
harmonics/noaa/harmonics_noaa_amtt.txt,"Arichat, Canada",7.7,"An der Tafel Arichat: 7.7 % des Hubs von 1.87 m gegen 1.2 % von ""Arichat, Nova Scotia, Canada"" (harmonics_utide_tidetables.txt), 1399 m entfernt. Faktor 6.3, Kurvenabweichung 12 %."
harmonics/classic/harmonics-2004-06-14_mod.txt,"Loon Island, Nunavut, Canada",2.8,"An der Tafel Loon Island: 2.8 % des Hubs von 1.91 m gegen 0.4 % von ""Loon Island, Nunavut, Canada"" (harmonics_utide_tidetables.txt), 0 m entfernt. Faktor 6.3, Kurvenabweichung 1 %."
harmonics/classic/harmonics-2004-06-14_mod.txt,"Hook Island, Nunavut, Canada",3.1,"An der Tafel Hook Island: 3.1 % des Hubs von 1.18 m gegen 0.5 % von ""Hook Island, Nunvaut, Canada"" (harmonics_utide_tidetables.txt), 0 m entfernt. Faktor 6.3, Kurvenabweichung 0 %."
harmonics/classic/harmonics-2004-06-14_mod.txt,"Moffatt Islands, British Columbia, Canada",1.4,"An der Tafel Moffatt Islands: 1.4 % des Hubs von 6.68 m gegen 0.2 % von ""Moffatt Islands, British Columbia, Canada"" (harmonics_utide_tidetables.txt), 0 m entfernt. Faktor 6.3, Kurvenabweichung 2 %."
harmonics/ticon/harmonics_ticon4_worldwide.txt,"Taloyoak, Nunavut, Canada",8.4,"An der Tafel Taloyoak: 8.4 % des Hubs von 0.35 m gegen 1.3 % von ""Taloyoak, Nunavut, Canada"" (harmonics_utide_tidetables.txt), 0 m entfernt. Faktor 6.3, Kurvenabweichung 13 %."
harmonics/classic/harmonics-2004-06-14_mod.txt,"St. Lawrence, Newfoundland, Canada",4.2,"An der Tafel St. Lawrence: 4.2 % des Hubs von 2.02 m gegen 0.7 % von ""St. Lawrence, Newfoundland, Canada"" (harmonics_utide_tidetables.txt), 0 m entfernt. Faktor 6.2, Kurvenabweichung 6 %."
harmonics/classic/harmonics-2004-06-14_mod.txt,"Little Bay Arm, Newfoundland, Canada",1.3,"An der Tafel Little Bay Arm: 1.3 % des Hubs von 1.33 m gegen 0.2 % von ""Little Bay Arm, Newfoundland, Canada"" (harmonics_utide_tidetables.txt), 0 m entfernt. Faktor 6.2, Kurvenabweichung 0 %."
harmonics/classic/harmonics-2004-06-14_mod.txt,"Moosonee, Ontario, Canada",3.6,"An der Tafel Moosonee: 3.6 % des Hubs von 1.92 m gegen 0.6 % von ""Moosonee, Ontario, Canada"" (harmonics_utide_tidetables.txt), 0 m entfernt. Faktor 6.1, Kurvenabweichung 3 %."
harmonics/classic/harmonics-2004-06-14_mod.txt,"Carleton-sur-Mer, Québec, Canada",2.3,"An der Tafel Carleton: 2.3 % des Hubs von 2.69 m gegen 0.4 % von ""Carleton-sur-Mer, Québec, Canada"" (harmonics_utide_tidetables.txt), 0 m entfernt. Faktor 6.1, Kurvenabweichung 2 %."
harmonics/classic/harmonics-2004-06-14_mod.txt,"Mingan, Québec, Canada",2.5,"An der Tafel Mingan: 2.5 % des Hubs von 2.35 m gegen 0.4 % von ""Mingan, Québec, Canada"" (harmonics_utide_tidetables.txt), 0 m entfernt. Faktor 6.1, Kurvenabweichung 8 %."
harmonics/classic/harmonics-2004-06-14_mod.txt,"Okeover Inlet, British Columbia, Canada",4.5,"An der Tafel Okeover Inlet: 4.5 % des Hubs von 5.09 m gegen 0.7 % von ""Okeover Inlet, British Columbia, Canada"" (harmonics_utide_tidetables.txt), 0 m entfernt. Faktor 6.1, Kurvenabweichung 7 %."
harmonics/noaa/harmonics_noaa_amtt.txt,"Mahone Harbour, Mahone Bay, Canada",5.1,"An der Tafel Mahone Harbour: 5.1 % des Hubs von 2.07 m gegen 0.8 % von ""Mahone Harbour, Nova Scotia, Canada"" (harmonics_utide_tidetables.txt), 644 m entfernt. Faktor 6.1, Kurvenabweichung 7 %."
harmonics/classic/harmonics-2004-06-14_mod.txt,"Pushthrough, Newfoundland, Canada",1.0,"An der Tafel Pushthrough: 1.0 % des Hubs von 1.78 m gegen 0.2 % von ""Pushthrough, Newfoundland, Canada"" (harmonics_utide_tidetables.txt), 0 m entfernt. Faktor 6.0, Kurvenabweichung 0 %."
harmonics/utide/harmonics_utide_observations.txt,"Ulukhaktok, Northwest Territories, Canada",7.6,"An der Tafel Ulukhaktok: 7.6 % des Hubs von 0.67 m gegen 1.3 % von ""Ulukhaktok, Northwest Territories, Canada"" (harmonics_utide_tidetables.txt), 0 m entfernt. Faktor 6.0, Kurvenabweichung 1 %."
harmonics/classic/harmonics-2004-06-14_mod.txt,"Burntcoat Head, Nova Scotia (2), Canada",2.4,"An der Tafel Burntcoat Head: 2.4 % des Hubs von 14.63 m gegen 0.4 % von ""Burntcoat Head, Nova Scotia, Canada"" (harmonics_utide_tidetables.txt), 305 m entfernt. Faktor 6.0, Kurvenabweichung 3 %."
harmonics/classic/harmonics-2004-06-14_mod.txt,"Spencer Island, Nova Scotia, Canada",3.3,"An der Tafel Spencers Island: 3.3 % des Hubs von 11.54 m gegen 0.5 % von ""Spencers Island, Nova Scotia, Canada"" (harmonics_utide_tidetables.txt), 34 m entfernt. Faktor 6.0, Kurvenabweichung 3 %."
harmonics/utide/harmonics_utide_observations.txt,"Churchill, Manitoba, Canada",1.1,"An der Tafel Churchill: 1.1 % des Hubs von 4.29 m gegen 0.2 % von ""Churchill, Manitoba, Canada"" (harmonics_utide_tidetables.txt), 0 m entfernt. Faktor 5.9, Kurvenabweichung 2 %."
harmonics/classic/harmonics-2004-06-14_mod.txt,"Newman Sound, Newfoundland, Canada",1.5,"An der Tafel Newman Sound: 1.5 % des Hubs von 1.11 m gegen 0.3 % von ""Newman Sound, Newfoundland, Canada"" (harmonics_utide_tidetables.txt), 0 m entfernt. Faktor 5.9, Kurvenabweichung 0 %."
harmonics/noaa/harmonics_noaa_amtt.txt,"Great St. Lawrence Harbour, Canada",4.0,"An der Tafel St. Lawrence: 4.0 % des Hubs von 2.02 m gegen 0.7 % von ""St. Lawrence, Newfoundland, Canada"" (harmonics_utide_tidetables.txt), 1774 m entfernt. Faktor 5.9, Kurvenabweichung 14 %."
harmonics/classic/harmonics-2004-06-14_mod.txt,"Gordon Islands, British Columbia, Canada",1.7,"An der Tafel Gordon Islands: 1.7 % des Hubs von 4.14 m gegen 0.3 % von ""Gordon Islands, British Columbia, Canada"" (harmonics_utide_tidetables.txt), 0 m entfernt. Faktor 5.8, Kurvenabweichung 2 %."
harmonics/classic/harmonics-2004-06-14_mod.txt,"Lock's Cove, Newfoundland, Canada",1.3,"An der Tafel Locks Cove: 1.3 % des Hubs von 1.30 m gegen 0.2 % von ""Lock's Cove, Newfoundland, Canada"" (harmonics_utide_tidetables.txt), 0 m entfernt. Faktor 5.8, Kurvenabweichung 0 %."
harmonics/classic/harmonics-2004-06-14_mod.txt,"Hope Bay, British Columbia, Canada",2.6,"An der Tafel Hope Bay: 2.6 % des Hubs von 3.74 m gegen 0.5 % von ""Hope Bay, British Columbia, Canada"" (harmonics_utide_tidetables.txt), 0 m entfernt. Faktor 5.8, Kurvenabweichung 3 %."
harmonics/utide/harmonics_utide_tidetables.txt,"Loggieville, New Brunswick, Canada",4.6,"An der Tafel Loggieville: 4.6 % des Hubs von 1.79 m gegen 0.8 % von ""Loggieville, New Brunswick, Canada"" (harmonics-2004-06-14_mod.txt), 0 m entfernt. Faktor 5.8, Kurvenabweichung 5 %."
harmonics/classic/harmonics-2004-06-14_mod.txt,"Harmac, British Columbia, Canada",2.3,"An der Tafel Harmac: 2.3 % des Hubs von 4.78 m gegen 0.4 % von ""Harmac, British Columbia, Canada"" (harmonics_utide_tidetables.txt), 0 m entfernt. Faktor 5.8, Kurvenabweichung 2 %."
harmonics/classic/harmonics-2004-06-14_mod.txt,"Exploits Island, Newfoundland, Canada",1.4,"An der Tafel Exploits Island: 1.4 % des Hubs von 1.27 m gegen 0.2 % von ""Exploits Island, Newfoundland, Canada"" (harmonics_utide_tidetables.txt), 0 m entfernt. Faktor 5.8, Kurvenabweichung 0 %."
harmonics/noaa/harmonics_noaa_amtt.txt,"Pugwash, Canada",8.8,"An der Tafel Pugwash: 8.8 % des Hubs von 2.39 m gegen 1.5 % von ""Pugwash, Nova Scotia, Canada"" (harmonics_utide_tidetables.txt), 318 m entfernt. Faktor 5.7, Kurvenabweichung 11 %."
harmonics/classic/harmonics-2004-06-14_mod.txt,"Roberts Creek, British Columbia, Canada",1.4,"An der Tafel Roberts Creek: 1.4 % des Hubs von 4.75 m gegen 0.2 % von ""Roberts Creek, British Columbia, Canada"" (harmonics_utide_tidetables.txt), 0 m entfernt. Faktor 5.7, Kurvenabweichung 0 %."
harmonics/classic/harmonics-2004-06-14_mod.txt,"Les Escoumins, Québec, Canada",1.5,"An der Tafel Les Escoumins: 1.5 % des Hubs von 4.91 m gegen 0.3 % von ""Les Escoumins, Québec, Canada"" (harmonics_utide_tidetables.txt), 22 m entfernt. Faktor 5.7, Kurvenabweichung 3 %."
harmonics/classic/harmonics-2004-06-14_mod.txt,"Holyrood, Newfoundland, Canada",4.4,"An der Tafel Holyrood Bay: 4.4 % des Hubs von 1.32 m gegen 0.8 % von ""Holyrood Bay, Newfoundland, Canada"" (harmonics_utide_tidetables.txt), 0 m entfernt. Faktor 5.7, Kurvenabweichung 2 %."
harmonics/classic/harmonics-2004-06-14_mod.txt,"Norris Cove (Bonne Bay), Newfoundland, Canada",2.1,"An der Tafel Norris Cove: 2.1 % des Hubs von 2.00 m gegen 0.4 % von ""Norris Cove (Bonne Bay), Newfoundland, Canada"" (harmonics_utide_tidetables.txt), 0 m entfernt. Faktor 5.6, Kurvenabweichung 5 %."
harmonics/utide/harmonics_utide_tidetables.txt,"Indian Harbour, Nova Scotia, Canada",3.6,"An der Tafel Indian Harbour: 3.6 % des Hubs von 2.01 m gegen 0.7 % von ""Indian Harbour, Nova Scotia, Canada"" (harmonics-2004-06-14_mod.txt), 29 m entfernt. Faktor 5.6, Kurvenabweichung 6 %."
harmonics/classic/harmonics-2004-06-14_mod.txt,"Winter Harbour, British Columbia, Canada",2.0,"An der Tafel Winter Harbour: 2.0 % des Hubs von 4.10 m gegen 0.4 % von ""Winter Harbour, British Columbia, Canada"" (harmonics_utide_tidetables.txt), 0 m entfernt. Faktor 5.6, Kurvenabweichung 3 %."
harmonics/ticon/harmonics_ticon4_worldwide.txt,"Owen Bay, British Columbia, Canada",1.3,"An der Tafel Owen Bay: 1.3 % des Hubs von 4.34 m gegen 0.2 % von ""Owen Bay, British Columbia, Canada"" (harmonics_utide_tidetables.txt), 6 m entfernt. Faktor 5.6, Kurvenabweichung 0 %."
harmonics/classic/harmonics-2004-06-14_mod.txt,"Le Bic, Québec, Canada",1.7,"An der Tafel Le Bic: 1.7 % des Hubs von 4.30 m gegen 0.3 % von ""Le Bic, Québec, Canada"" (harmonics_utide_tidetables.txt), 0 m entfernt. Faktor 5.6, Kurvenabweichung 2 %."
harmonics/classic/harmonics-2004-06-14_mod.txt,"Goose Island, British Columbia, Canada",1.3,"An der Tafel Goose Island: 1.3 % des Hubs von 4.80 m gegen 0.2 % von ""Goose Island, British Columbia, Canada"" (harmonics_utide_tidetables.txt), 0 m entfernt. Faktor 5.6, Kurvenabweichung 2 %."
harmonics/classic/harmonics-2004-06-14_mod.txt,"Wrangel Bay, Nunavut, Canada",1.0,"An der Tafel Wrangel Bay: 1.0 % des Hubs von 1.60 m gegen 0.2 % von ""Wrangel Bay, Nunavut, Canada"" (harmonics_utide_tidetables.txt), 0 m entfernt. Faktor 5.6, Kurvenabweichung 0 %."
harmonics/classic/harmonics-2004-06-14_mod.txt,"Cordero Islands, British Columbia, Canada",1.6,"An der Tafel Cordero Islands: 1.6 % des Hubs von 4.45 m gegen 0.3 % von ""Cordero Islands, British Columbia, Canada"" (harmonics_utide_tidetables.txt), 0 m entfernt. Faktor 5.5, Kurvenabweichung 2 %."
harmonics/noaa/harmonics_noaa_amtt.txt,"Isaacs Harbour, Canada",6.4,"An der Tafel Isaacs Harbour: 6.4 % des Hubs von 1.85 m gegen 1.2 % von ""Isaacs Harbour, Nova Scotia, Canada"" (harmonics-2004-06-14_mod.txt), 724 m entfernt. Faktor 5.5, Kurvenabweichung 13 %."
harmonics/ticon/harmonics_ticon4_worldwide.txt,"Lark Harbour, Newfoundland, Canada",1.5,"An der Tafel Lark Harbour: 1.5 % des Hubs von 2.04 m gegen 0.3 % von ""Lark Harbour, Newfoundland, Canada"" (harmonics_utide_tidetables.txt), 4 m entfernt. Faktor 5.5, Kurvenabweichung 2 %."
harmonics/classic/harmonics-2004-06-14_mod.txt,"Tukarak, Nunavut, Canada",4.3,"An der Tafel Tukarak Island: 4.3 % des Hubs von 1.30 m gegen 0.8 % von ""Tukarak Island, Nunavut, Canada"" (harmonics_utide_tidetables.txt), 42 m entfernt. Faktor 5.5, Kurvenabweichung 4 %."
harmonics/classic/harmonics-2004-06-14_mod.txt,"Battle Harbour, Labrador, Canada",1.2,"An der Tafel Battle Harbour: 1.2 % des Hubs von 1.26 m gegen 0.2 % von ""Battle Harbour, Labrador, Canada"" (harmonics_utide_tidetables.txt), 0 m entfernt. Faktor 5.4, Kurvenabweichung 0 %."
harmonics/classic/harmonics-2004-06-14_mod.txt,"Long Beach, Newfoundland, Canada",1.4,"An der Tafel Long Beach: 1.4 % des Hubs von 1.19 m gegen 0.3 % von ""Long Beach, Newfoundland, Canada"" (harmonics_utide_tidetables.txt), 0 m entfernt. Faktor 5.4, Kurvenabweichung 0 %."
harmonics/classic/harmonics-2004-06-14_mod.txt,"Paspébiac, Québec, Canada",1.6,"An der Tafel Paspébiac: 1.6 % des Hubs von 2.19 m gegen 0.3 % von ""Paspébiac, Québec, Canada"" (harmonics_utide_tidetables.txt), 0 m entfernt. Faktor 5.4, Kurvenabweichung 1 %."
harmonics/classic/harmonics-2004-06-14_mod.txt,"Kivitoo, Baffin Island, Nunavut, Canada",1.3,"An der Tafel Kivitoo: 1.3 % des Hubs von 1.18 m gegen 0.2 % von ""Kivitoo, Nunavut, Canada"" (harmonics_utide_tidetables.txt), 0 m entfernt. Faktor 5.4, Kurvenabweichung 0 %."
harmonics/classic/harmonics-2004-06-14_mod.txt,"Baxters Harbour, Nova Scotia, Canada",1.9,"An der Tafel Baxters Harbour: 1.9 % des Hubs von 12.48 m gegen 0.4 % von ""Baxters Harbour, Nova Scotia, Canada"" (harmonics_utide_tidetables.txt), 48 m entfernt. Faktor 5.4, Kurvenabweichung 4 %."
harmonics/classic/harmonics-2004-06-14_mod.txt,"Graham Pond, Prince Edward Island, Canada",1.1,"An der Tafel Graham Pond: 1.1 % des Hubs von 1.66 m gegen 0.2 % von ""Graham Pond, Prince Edward Island, Canada"" (harmonics_utide_tidetables.txt), 4 m entfernt. Faktor 5.4, Kurvenabweichung 0 %."
harmonics/classic/harmonics-2004-06-14_mod.txt,"Porpoise Bay (Sechelt Inlet), British Columbia, Canada",1.7,"An der Tafel Porpoise Bay: 1.7 % des Hubs von 2.70 m gegen 0.3 % von ""Porpoise Bay (Sechelt Inlet), British Columbia, Canada"" (harmonics_utide_tidetables.txt), 0 m entfernt. Faktor 5.3, Kurvenabweichung 0 %."
harmonics/classic/harmonics-2004-06-14_mod.txt,"Narvaez Bay, British Columbia, Canada",1.5,"An der Tafel Narvaez Bay: 1.5 % des Hubs von 4.01 m gegen 0.3 % von ""Narvaez Bay, British Columbia, Canada"" (harmonics_utide_tidetables.txt), 0 m entfernt. Faktor 5.3, Kurvenabweichung 2 %."
harmonics/ticon/harmonics_ticon4_worldwide.txt,"Ulukhaktok, Northwest Territories, Northwest Territories, Canada",6.7,"An der Tafel Ulukhaktok: 6.7 % des Hubs von 0.67 m gegen 1.3 % von ""Ulukhaktok, Northwest Territories, Canada"" (harmonics_utide_tidetables.txt), 3 m entfernt. Faktor 5.3, Kurvenabweichung 1 %."
harmonics/ticon/harmonics_ticon4_worldwide.txt,"Cape Parry, Northwest Territories, Canada",5.1,"An der Tafel Cape Parry: 5.1 % des Hubs von 0.49 m gegen 1.0 % von ""Cape Parry, Northwest Territories, Canada"" (harmonics-2004-06-14_mod.txt), 13 m entfernt. Faktor 5.3, Kurvenabweichung 1 %."
harmonics/ticon/harmonics_ticon4_worldwide.txt,"West Ste Modeste (Strait of Bell Isle), Labrador, Canada",4.6,"An der Tafel West St. Modeste: 4.6 % des Hubs von 1.38 m gegen 0.9 % von ""West Ste Modeste (Strait of Bell Isle), Labrador, Canada"" (harmonics_utide_tidetables.txt), 3 m entfernt. Faktor 5.3, Kurvenabweichung 2 %."
harmonics/ticon/harmonics_ticon4_worldwide.txt,"Cape d'Or, Nova Scotia, Canada",7.5,"An der Tafel Cape d'Or: 7.5 % des Hubs von 11.12 m gegen 1.4 % von ""Cape d'Or, Nova Scotia, Canada"" (harmonics_utide_tidetables.txt), 56 m entfernt. Faktor 5.3, Kurvenabweichung 10 %."
harmonics/classic/harmonics-2004-06-14_mod.txt,"Akulivik, Québec, Canada",6.0,"An der Tafel Akulivik: 6.0 % des Hubs von 0.55 m gegen 1.1 % von ""Akulivik, Québec, Canada"" (harmonics_utide_tidetables.txt), 0 m entfernt. Faktor 5.3, Kurvenabweichung 4 %."
harmonics/classic/harmonics-2004-06-14_mod.txt,"Havre-Saint-Pierre, Québec, Canada",2.4,"An der Tafel Havre-Saint-Pierre: 2.4 % des Hubs von 2.12 m gegen 0.5 % von ""Havre-Saint-Pierre, Québec, Canada"" (harmonics_utide_tidetables.txt), 0 m entfernt. Faktor 5.3, Kurvenabweichung 3 %."
harmonics/classic/harmonics-2004-06-14_mod.txt,"Squamish Yacht Club, British Columbia, Canada",1.5,"An der Tafel Squamish Inner: 1.5 % des Hubs von 4.93 m gegen 0.3 % von ""Squamish Yacht Club, British Columbia, Canada"" (harmonics_utide_tidetables.txt), 0 m entfernt. Faktor 5.3, Kurvenabweichung 2 %."
harmonics/classic/harmonics-2004-06-14_mod.txt,"Clover Point, British Columbia, Canada",1.0,"An der Tafel Clover Point: 1.0 % des Hubs von 3.25 m gegen 0.2 % von ""Clover Point, British Columbia, Canada"" (harmonics_utide_tidetables.txt), 0 m entfernt. Faktor 5.3, Kurvenabweichung 0 %."
harmonics/classic/harmonics-2004-06-14_mod.txt,"Georgina Point, British Columbia, Canada",2.0,"An der Tafel Georgina Point: 2.0 % des Hubs von 4.36 m gegen 0.4 % von ""Georgina Point, British Columbia, Canada"" (harmonics_utide_tidetables.txt), 0 m entfernt. Faktor 5.3, Kurvenabweichung 2 %."
harmonics/classic/harmonics-2004-06-14_mod.txt,"Pointe-Basse, Québec, Canada",3.2,"An der Tafel Pointe-Basse: 3.2 % des Hubs von 0.96 m gegen 0.6 % von ""Pointe-Basse, Québec, Canada"" (harmonics_utide_tidetables.txt), 11 m entfernt. Faktor 5.2, Kurvenabweichung 2 %."
harmonics/ticon/harmonics_ticon4_worldwide.txt,"Anchor Point, Newfoundland, Canada",2.8,"An der Tafel Anchor Point: 2.8 % des Hubs von 1.60 m gegen 0.5 % von ""Anchor Point, Newfoundland, Canada"" (harmonics_utide_tidetables.txt), 4 m entfernt. Faktor 5.2, Kurvenabweichung 10 %."
harmonics/classic/harmonics-2004-06-14_mod.txt,"Clifton, Newfoundland, Canada",1.3,"An der Tafel Clifton: 1.3 % des Hubs von 1.20 m gegen 0.3 % von ""Clifton, Newfoundland, Canada"" (harmonics_utide_tidetables.txt), 0 m entfernt. Faktor 5.2, Kurvenabweichung 0 %."
harmonics/noaa/harmonics_noaa_amtt.txt,"Shelburne, Canada",4.7,"An der Tafel Shelburne: 4.7 % des Hubs von 2.37 m gegen 0.9 % von ""Shelburne, Nova Scotia, Canada"" (harmonics-2004-06-14_mod.txt), 1695 m entfernt. Faktor 5.2, Kurvenabweichung 8 %."
harmonics/ticon/harmonics_ticon4_worldwide.txt,"New Westminster, British Columbia, Canada",3.9,"An der Tafel New Westminster: 3.9 % des Hubs von 2.47 m gegen 0.7 % von ""New Westminster, British Columbia, Canada"" (harmonics_utide_tidetables.txt), 0 m entfernt. Faktor 5.2, Kurvenabweichung 1 %."
harmonics/classic/harmonics-2004-06-14_mod.txt,"Jamestown, Newfoundland, Canada",1.3,"An der Tafel Jamestown: 1.3 % des Hubs von 1.15 m gegen 0.3 % von ""Jamestown, Newfoundland Canada"" (harmonics_utide_tidetables.txt), 0 m entfernt. Faktor 5.2, Kurvenabweichung 0 %."
harmonics/utide/harmonics_utide_observations.txt,"New Westminster, British Columbia, Canada",3.8,"An der Tafel New Westminster: 3.8 % des Hubs von 2.47 m gegen 0.7 % von ""New Westminster, British Columbia, Canada"" (harmonics_utide_tidetables.txt), 0 m entfernt. Faktor 5.1, Kurvenabweichung 4 %."
harmonics/classic/harmonics-2004-06-14_mod.txt,"Port Alberni, British Columbia, Canada",1.3,"An der Tafel Port Alberni: 1.3 % des Hubs von 3.84 m gegen 0.3 % von ""Port Alberni, British Columbia, Canada"" (harmonics_utide_tidetables.txt), 0 m entfernt. Faktor 5.0, Kurvenabweichung 0 %."
harmonics/classic/harmonics-2004-06-14_mod.txt,"Kegaska, Québec, Canada",1.8,"An der Tafel Kegaska: 1.8 % des Hubs von 1.78 m gegen 0.4 % von ""Kegaska, Québec, Canada"" (harmonics_utide_tidetables.txt), 0 m entfernt. Faktor 5.0, Kurvenabweichung 1 %."
harmonics/classic/harmonics-2004-06-14_mod.txt,"Kyuquot, British Columbia, Canada",1.5,"An der Tafel Kyuquot: 1.5 % des Hubs von 4.19 m gegen 0.3 % von ""Kyuquot, British Columbia, Canada"" (harmonics_utide_tidetables.txt), 0 m entfernt. Faktor 5.0, Kurvenabweichung 2 %."
harmonics/classic/harmonics-2004-06-14_mod.txt,"Baie Verte, Newfoundland, Canada",1.2,"An der Tafel Baie Verte: 1.2 % des Hubs von 1.33 m gegen 0.2 % von ""Baie Verte, Newfoundland, Canada"" (harmonics_utide_tidetables.txt), 0 m entfernt. Faktor 5.0, Kurvenabweichung 0 %."
harmonics/ticon/harmonics_ticon4_worldwide.txt,"Hatfield Point, New Brunswick, Canada",7.4,"An der Tafel Hatfield Point: 7.4 % des Hubs von 0.94 m gegen 1.5 % von ""Hatfield Point, New Brunswick, Canada"" (harmonics-2004-06-14_mod.txt), 238 m entfernt. Faktor 5.0, Kurvenabweichung 3 %."
harmonics/classic/harmonics-2004-06-14_mod.txt,"Pacofi Bay, British Columbia, Canada",1.1,"An der Tafel Pacofi Bay: 1.1 % des Hubs von 5.68 m gegen 0.2 % von ""Pacofi Bay, British Columbia, Canada"" (harmonics_utide_tidetables.txt), 0 m entfernt. Faktor 5.0, Kurvenabweichung 1 %."
harmonics/classic/harmonics-2004-06-14_mod.txt,"Wedgeport, Nova Scotia, Canada",2.3,"An der Tafel Wedgeport: 2.3 % des Hubs von 3.96 m gegen 0.5 % von ""Wedgeport, Nova Scotia, Canada"" (harmonics_utide_tidetables.txt), 124 m entfernt. Faktor 4.9, Kurvenabweichung 3 %."
harmonics/classic/harmonics-2004-06-14_mod.txt,"Innetalling Island, Nunavut, Canada",2.3,"An der Tafel Innetalling Island: 2.3 % des Hubs von 1.57 m gegen 0.5 % von ""Innetalling Island, Nunavut, Canada"" (harmonics_utide_tidetables.txt), 2 m entfernt. Faktor 4.9, Kurvenabweichung 1 %."
harmonics/classic/harmonics-2004-06-14_mod.txt,"Lower Wedgeport, Nova Scotia, Canada",3.1,"An der Tafel Lower Wedgeport: 3.1 % des Hubs von 3.65 m gegen 0.6 % von ""Lower Wedgeport, Nova Scotia, Canada"" (harmonics_utide_tidetables.txt), 30 m entfernt. Faktor 4.9, Kurvenabweichung 2 %."
harmonics/classic/harmonics-2004-06-14_mod.txt,"Antigonish Harbour, Nova Scotia, Canada",5.3,"An der Tafel Antigonish Harbour: 5.3 % des Hubs von 1.23 m gegen 1.1 % von ""Antigonish Harbour, Nova Scotia, Canada"" (harmonics_utide_tidetables.txt), 51 m entfernt. Faktor 4.9, Kurvenabweichung 5 %."
harmonics/classic/harmonics-2004-06-14_mod.txt,"Port Greville, Nova Scotia, Canada",1.3,"An der Tafel Port Greville: 1.3 % des Hubs von 12.10 m gegen 0.3 % von ""Port Greville, Nova Scotia, Canada"" (harmonics_utide_tidetables.txt), 33 m entfernt. Faktor 4.8, Kurvenabweichung 1 %."
harmonics/ticon/harmonics_ticon4_worldwide.txt,"Inukjuak, Québec, Canada",6.9,"An der Tafel Inukjuak: 6.9 % des Hubs von 0.38 m gegen 1.4 % von ""Inukjuak, Québec, Canada"" (harmonics-2004-06-14_mod.txt), 13 m entfernt. Faktor 4.8, Kurvenabweichung 3 %."
harmonics/classic/harmonics-2004-06-14_mod.txt,"Wiah Point, British Columbia, Canada",1.4,"An der Tafel Wiah Point: 1.4 % des Hubs von 5.64 m gegen 0.3 % von ""Wiah Point, British Columbia, Canada"" (harmonics_utide_tidetables.txt), 0 m entfernt. Faktor 4.8, Kurvenabweichung 3 %."
harmonics/classic/harmonics-2004-06-14_mod.txt,"Hickman's Harbour, Newfoundland, Canada",1.2,"An der Tafel Hickmans Harbour: 1.2 % des Hubs von 1.15 m gegen 0.3 % von ""Hickman's Harbour, Newfoundland, Canada"" (harmonics_utide_tidetables.txt), 0 m entfernt. Faktor 4.8, Kurvenabweichung 0 %."
harmonics/noaa/harmonics_noaa_amtt.txt,"Auld Cove, Canada",5.1,"An der Tafel Aulds Cove: 5.1 % des Hubs von 1.48 m gegen 1.1 % von ""Auld Cove, Nova Scotia, Canada"" (harmonics-2004-06-14_mod.txt), 218 m entfernt. Faktor 4.8, Kurvenabweichung 10 %."
harmonics/classic/harmonics-2004-06-14_mod.txt,"Big Bay, British Columbia, Canada",1.2,"An der Tafel Big Bay, Stuart Island: 1.2 % des Hubs von 4.16 m gegen 0.2 % von ""Big Bay, Stuart Island, British Columbia, Canada"" (harmonics_utide_tidetables.txt), 0 m entfernt. Faktor 4.8, Kurvenabweichung 0 %."
harmonics/classic/harmonics-2004-06-14_mod.txt,"Tête-à-la-Baleine, Québec, Canada",1.3,"An der Tafel Tête-à-la-Baleine: 1.3 % des Hubs von 2.03 m gegen 0.3 % von ""Tête-à-la-Baleine, Québec, Canada"" (harmonics_utide_tidetables.txt), 0 m entfernt. Faktor 4.8, Kurvenabweichung 1 %."
harmonics/classic/harmonics-2004-06-14_mod.txt,"Twillingate, Newfoundland, Canada",3.2,"An der Tafel Twillingate: 3.2 % des Hubs von 1.36 m gegen 0.7 % von ""Twillingate, Newfoundland, Canada"" (harmonics_utide_tidetables.txt), 0 m entfernt. Faktor 4.8, Kurvenabweichung 2 %."
harmonics/classic/harmonics-2004-06-14_mod.txt,"West Advocate, Nova Scotia, Canada",1.3,"An der Tafel West Advocate: 1.3 % des Hubs von 11.03 m gegen 0.3 % von ""West Advocate, Nova Scotia, Canada"" (harmonics_utide_tidetables.txt), 71 m entfernt. Faktor 4.8, Kurvenabweichung 1 %."
harmonics/ticon/harmonics_ticon4_worldwide.txt,"L'Isle-aux-Grues, Québec, Canada",4.8,"An der Tafel L'Isle-aux-Grues: 4.8 % des Hubs von 5.91 m gegen 1.0 % von ""L'Isle-aux-Grues, Québec, Canada"" (harmonics_utide_tidetables.txt), 4 m entfernt. Faktor 4.8, Kurvenabweichung 5 %."
harmonics/classic/harmonics-2004-06-14_mod.txt,"Scots Bay, Nova Scotia, Canada",1.3,"An der Tafel Scots Bay: 1.3 % des Hubs von 12.30 m gegen 0.3 % von ""Scots Bay, Nova Scotia, Canada"" (harmonics_utide_tidetables.txt), 137 m entfernt. Faktor 4.8, Kurvenabweichung 1 %."
harmonics/noaa/harmonics_noaa_amtt.txt,"Grosse Ile, Canada",6.1,"An der Tafel La Grosse Île: 6.1 % des Hubs von 5.96 m gegen 1.3 % von ""La Grosse Île, Québec, Canada"" (harmonics_utide_tidetables.txt), 1566 m entfernt. Faktor 4.8, Kurvenabweichung 10 %."
harmonics/classic/harmonics-2004-06-14_mod.txt,"Cape Capstan, Nova Scotia, Canada",1.2,"An der Tafel Cape Capstan: 1.2 % des Hubs von 10.98 m gegen 0.3 % von ""Cape Capstan, Nova Scotia, Canada"" (harmonics_utide_tidetables.txt), 74 m entfernt. Faktor 4.7, Kurvenabweichung 1 %."
harmonics/utide/harmonics_utide_tidetables.txt,"Mill Cove, Nova Scotia, Canada",1.2,"An der Tafel Mill Cove: 1.2 % des Hubs von 2.11 m gegen 0.3 % von ""Mill Cove, Nova Scotia, Canada"" (harmonics-2004-06-14_mod.txt), 6 m entfernt. Faktor 4.7, Kurvenabweichung 1 %."
harmonics/classic/harmonics-2004-06-14_mod.txt,"Valleyfield, Newfoundland, Canada",1.2,"An der Tafel Valleyfield: 1.2 % des Hubs von 1.11 m gegen 0.3 % von ""Valleyfield, Newfoundland, Canada"" (harmonics_utide_tidetables.txt), 0 m entfernt. Faktor 4.7, Kurvenabweichung 0 %."
harmonics/noaa/harmonics_noaa_amtt.txt,"Merigomish Harbour, Canada",4.3,"An der Tafel Merigomish: 4.3 % des Hubs von 1.67 m gegen 0.9 % von ""Merigomish, Nova Scotia, Canada"" (harmonics_utide_tidetables.txt), 162 m entfernt. Faktor 4.6, Kurvenabweichung 7 %."
harmonics/classic/harmonics-2004-06-14_mod.txt,"Miminegash, Prince Edward Island, Canada",1.3,"An der Tafel Miminegash: 1.3 % des Hubs von 1.18 m gegen 0.3 % von ""Miminegash, Prince Edward Island, Canada"" (harmonics_utide_tidetables.txt), 3 m entfernt. Faktor 4.6, Kurvenabweichung 0 %."
harmonics/utide/harmonics_utide_tidetables.txt,"Samuel Island (South Shore), British Columbia, Canada",1.9,"An der Tafel Samuel Island: 1.9 % des Hubs von 4.37 m gegen 0.4 % von ""Samuel Island (North Shore), British Columbia, Canada"" (harmonics_utide_tidetables.txt), 830 m entfernt. Faktor 4.6, Kurvenabweichung 8 %."
harmonics/classic/harmonics-2004-06-14_mod.txt,"Mereworth Sound, British Columbia, Canada",3.2,"An der Tafel Mereworth Sound: 3.2 % des Hubs von 1.88 m gegen 0.7 % von ""Mereworth Sound, British Columbia, Canada"" (harmonics_utide_tidetables.txt), 0 m entfernt. Faktor 4.6, Kurvenabweichung 2 %."
harmonics/classic/harmonics-2004-06-14_mod.txt,"Stopper Islands, British Columbia, Canada",1.2,"An der Tafel Stopper Islands: 1.2 % des Hubs von 3.82 m gegen 0.3 % von ""Stopper Islands, British Columbia, Canada"" (harmonics_utide_tidetables.txt), 0 m entfernt. Faktor 4.6, Kurvenabweichung 2 %."
harmonics/ticon/harmonics_ticon4_worldwide.txt,"Qikiqtarjuaq, Nunavut, Canada",1.6,"An der Tafel Qikiqtarjuaq: 1.6 % des Hubs von 1.35 m gegen 0.3 % von ""Qikiqtarjuaq, Nunavut, Canada"" (harmonics_utide_tidetables.txt), 8 m entfernt. Faktor 4.6, Kurvenabweichung 0 %."
harmonics/classic/harmonics-2004-06-14_mod.txt,"Parrsboro, Nova Scotia, Canada",1.1,"An der Tafel Parrsboro: 1.1 % des Hubs von 12.98 m gegen 0.2 % von ""Parrsboro, Nova Scotia, Canada"" (harmonics_utide_tidetables.txt), 1558 m entfernt. Faktor 4.6, Kurvenabweichung 1 %."
harmonics/classic/harmonics-2004-06-14_mod.txt,"Pecks Point, Nova Scotia, Canada",1.5,"An der Tafel Pecks Point: 1.5 % des Hubs von 13.09 m gegen 0.3 % von ""Pecks Point, New Brunswick, Canada"" (harmonics_utide_tidetables.txt), 926 m entfernt. Faktor 4.6, Kurvenabweichung 1 %."
harmonics/classic/harmonics-2004-06-14_mod.txt,"St. Peters Bay, Prince Edward Island, Canada",1.3,"An der Tafel St Peters Bay: 1.3 % des Hubs von 0.99 m gegen 0.3 % von ""St. Peters Bay, Prince Edward Island, Canada"" (harmonics_utide_tidetables.txt), 3 m entfernt. Faktor 4.6, Kurvenabweichung 0 %."
harmonics/classic/harmonics-2004-06-14_mod.txt,"Murray Harbour, Prince Edward Island, Canada",1.6,"An der Tafel Murray Harbour: 1.6 % des Hubs von 1.90 m gegen 0.4 % von ""Murray Harbour, Prince Edward Island, Canada"" (harmonics_utide_tidetables.txt), 3 m entfernt. Faktor 4.5, Kurvenabweichung 0 %."
harmonics/classic/harmonics-2004-06-14_mod.txt,"Stonehaven, New Brunswick, Canada",2.0,"An der Tafel Stonehaven: 2.0 % des Hubs von 2.12 m gegen 0.4 % von ""Stonehaven, New Brunswick, Canada"" (harmonics_utide_tidetables.txt), 0 m entfernt. Faktor 4.5, Kurvenabweichung 0 %."
harmonics/ticon/harmonics_ticon4_worldwide.txt,"Oak Bay, British Columbia, Canada",1.9,"An der Tafel Oak Bay: 1.9 % des Hubs von 3.37 m gegen 0.4 % von ""Oak Bay, British Columbia, Canada"" (harmonics_utide_tidetables.txt), 0 m entfernt. Faktor 4.4, Kurvenabweichung 0 %."
harmonics/ticon/harmonics_ticon4_worldwide.txt,"Baie-Comeau, Québec, Canada",1.0,"An der Tafel Baie-Comeau: 1.0 % des Hubs von 4.05 m gegen 0.2 % von ""Baie-Comeau, Québec, Canada"" (harmonics_utide_tidetables.txt), 4 m entfernt. Faktor 4.4, Kurvenabweichung 1 %."
harmonics/classic/harmonics-2004-06-14_mod.txt,"Richibucto Bar, New Brunswick, Canada",1.2,"An der Tafel Richibucto Bar: 1.2 % des Hubs von 1.25 m gegen 0.3 % von ""Richibucto Bar, New Brunswick, Canada"" (harmonics_utide_tidetables.txt), 0 m entfernt. Faktor 4.4, Kurvenabweichung 0 %."
harmonics/ticon/harmonics_ticon4_worldwide.txt,"Evandale, New Brunswick, Canada",6.9,"An der Tafel Evandale: 6.9 % des Hubs von 0.91 m gegen 1.6 % von ""Evandale, New Brunswick, Canada"" (harmonics_utide_tidetables.txt), 1 m entfernt. Faktor 4.4, Kurvenabweichung 1 %."
harmonics/classic/harmonics-2004-06-14_mod.txt,"Portage Island, New Brunswick, Canada",1.1,"An der Tafel Portage Island: 1.1 % des Hubs von 1.61 m gegen 0.2 % von ""Portage Island, New Brunswick, Canada"" (harmonics_utide_tidetables.txt), 0 m entfernt. Faktor 4.4, Kurvenabweichung 0 %."
harmonics/classic/harmonics-2004-06-14_mod.txt,"Tracadie, New Brunswick, Canada",1.1,"An der Tafel Tracadie: 1.1 % des Hubs von 1.18 m gegen 0.3 % von ""Tracadie, New Brunswick, Canada"" (harmonics_utide_tidetables.txt), 0 m entfernt. Faktor 4.4, Kurvenabweichung 0 %."
harmonics/classic/harmonics-2004-06-14_mod.txt,"House Harbour, Labrador, Canada",1.2,"An der Tafel House Harbour: 1.2 % des Hubs von 2.20 m gegen 0.3 % von ""House Harbour, Labrador, Canada"" (harmonics_utide_tidetables.txt), 0 m entfernt. Faktor 4.3, Kurvenabweichung 0 %."
harmonics/classic/harmonics-2004-06-14_mod.txt,"Port Alice, British Columbia, Canada",1.8,"An der Tafel Port Alice: 1.8 % des Hubs von 4.36 m gegen 0.4 % von ""Port Alice, British Columbia, Canada"" (harmonics_utide_tidetables.txt), 0 m entfernt. Faktor 4.3, Kurvenabweichung 3 %."
harmonics/utide/harmonics_utide_observations.txt,"Steveston, British Columbia, Canada",1.8,"An der Tafel Steveston: 1.8 % des Hubs von 4.05 m gegen 0.4 % von ""Steveston, British Columbia, Canada"" (harmonics_utide_tidetables.txt), 0 m entfernt. Faktor 4.2, Kurvenabweichung 2 %."
harmonics/classic/harmonics-2004-06-14_mod.txt,"Blind Channel, British Columbia, Canada",2.1,"An der Tafel Blind Channel: 2.1 % des Hubs von 4.33 m gegen 0.5 % von ""Blind Channel, British Columbia, Canada"" (harmonics_utide_tidetables.txt), 0 m entfernt. Faktor 4.2, Kurvenabweichung 2 %."
harmonics/ticon/harmonics_ticon4_worldwide.txt,"Cap-aux-Meules, Québec, Canada",2.2,"An der Tafel Cap-aux-Meules: 2.2 % des Hubs von 1.05 m gegen 0.5 % von ""Cap-aux-Meules, Québec, Canada"" (harmonics_utide_tidetables.txt), 16 m entfernt. Faktor 4.2, Kurvenabweichung 1 %."
harmonics/ticon/harmonics_ticon4_worldwide.txt,"Île d'Entrée, Québec, Canada",2.2,"An der Tafel Île d'Entrée: 2.2 % des Hubs von 0.99 m gegen 0.5 % von ""Île d'Entrée, Québec, Canada"" (harmonics_utide_tidetables.txt), 17 m entfernt. Faktor 4.2, Kurvenabweichung 0 %."
harmonics/classic/harmonics-2004-06-14_mod.txt,"Malpeque, Prince Edward Island, Canada",1.1,"An der Tafel Malpeque: 1.1 % des Hubs von 1.19 m gegen 0.3 % von ""Malpeque, Prince Edward Island, Canada"" (harmonics_utide_tidetables.txt), 3 m entfernt. Faktor 4.2, Kurvenabweichung 0 %."
harmonics/classic/harmonics-2004-06-14_mod.txt,"Redonda Bay, British Columbia, Canada",1.6,"An der Tafel Redonda Bay: 1.6 % des Hubs von 5.09 m gegen 0.4 % von ""Redonda Bay, British Columbia, Canada"" (harmonics_utide_tidetables.txt), 0 m entfernt. Faktor 4.1, Kurvenabweichung 2 %."
harmonics/classic/harmonics-2004-06-14_mod.txt,"Egmont, British Columbia, Canada",1.4,"An der Tafel Egmont: 1.4 % des Hubs von 4.93 m gegen 0.3 % von ""Egmont, British Columbia, Canada"" (harmonics_utide_tidetables.txt), 0 m entfernt. Faktor 4.1, Kurvenabweichung 3 %."
harmonics/ticon/harmonics_ticon4_worldwide.txt,"Irvines Landing, British Columbia, Canada",1.6,"An der Tafel Irvines Landing: 1.6 % des Hubs von 5.12 m gegen 0.4 % von ""Irvines Landing, British Columbia, Canada"" (harmonics_utide_tidetables.txt), 0 m entfernt. Faktor 4.1, Kurvenabweichung 1 %."
harmonics/ticon/harmonics_ticon4_worldwide.txt,"Shediac Bay, New Brunswick, Canada",3.8,"An der Tafel Shediac Bay: 3.8 % des Hubs von 1.38 m gegen 0.9 % von ""Shediac Bay, New Brunswick, Canada"" (harmonics_utide_tidetables.txt), 0 m entfernt. Faktor 4.1, Kurvenabweichung 0 %."
harmonics/classic/harmonics-2004-06-14_mod.txt,"Kitimat, British Columbia, Canada",1.3,"An der Tafel Kitimat: 1.3 % des Hubs von 6.14 m gegen 0.3 % von ""Kitimat, British Columbia, Canada"" (harmonics_utide_tidetables.txt), 0 m entfernt. Faktor 4.1, Kurvenabweichung 1 %."
harmonics/classic/harmonics-2004-06-14_mod.txt,"Qlawdzeet Anchorage, British Columbia, Canada",1.6,"An der Tafel Qlawdzeet Anchorage: 1.6 % des Hubs von 6.74 m gegen 0.4 % von ""Qlawdzeet Anchorage, British Columbia, Canada"" (harmonics_utide_tidetables.txt), 0 m entfernt. Faktor 4.0, Kurvenabweichung 1 %."
harmonics/noaa/harmonics_noaa_amtt.txt,"St. Pierre Harbor, St. Pierre Island, Saint-Pierre-et-Miquelon",4.0,"An der Tafel Saint-Pierre Et Miquelon: 4.0 % des Hubs von 1.82 m gegen 1.0 % von ""Saint-Pierre, Saint-Pierre-et-Miquelon"" (harmonics-2004-06-14_mod.txt), 515 m entfernt. Faktor 4.0, Kurvenabweichung 10 %."
harmonics/classic/harmonics-2004-06-14_mod.txt,"Saavedra Islands, British Columbia, Canada",1.2,"An der Tafel Saavedra Islands: 1.2 % des Hubs von 4.10 m gegen 0.3 % von ""Saavedra Islands, British Columbia, Canada"" (harmonics_utide_tidetables.txt), 0 m entfernt. Faktor 4.0, Kurvenabweichung 1 %."
harmonics/classic/harmonics-2004-06-14_mod.txt,"Seabreeze Point, British Columbia, Canada",2.2,"An der Tafel Seabreeze Point: 2.2 % des Hubs von 6.98 m gegen 0.5 % von ""Seabreeze Point, British Columbia, Canada"" (harmonics_utide_tidetables.txt), 0 m entfernt. Faktor 4.0, Kurvenabweichung 4 %."
harmonics/noaa/harmonics_noaa_amtt.txt,"Riverport, La Have River, Canada",5.0,"An der Tafel Riverport: 5.0 % des Hubs von 2.23 m gegen 1.3 % von ""Riverport, Nova Scotia, Canada"" (harmonics_utide_tidetables.txt), 1147 m entfernt. Faktor 4.0, Kurvenabweichung 8 %."
harmonics/classic/harmonics-2004-06-14_mod.txt,"Whaletown Bay, British Columbia, Canada",1.8,"An der Tafel Whaletown: 1.8 % des Hubs von 5.07 m gegen 0.5 % von ""Whaletown, British Columbia, Canada"" (harmonics_utide_tidetables.txt), 0 m entfernt. Faktor 4.0, Kurvenabweichung 1 %."
harmonics/classic/harmonics-2004-06-14_mod.txt,"Boat Harbour, British Columbia, Canada",1.8,"An der Tafel Boat Harbour: 1.8 % des Hubs von 4.05 m gegen 0.5 % von ""Boat Harbour, British Columbia, Canada"" (harmonics_utide_tidetables.txt), 0 m entfernt. Faktor 4.0, Kurvenabweichung 0 %."
harmonics/classic/harmonics-1997-05-25_mod.txt,"Tuktoyaktuk, Northwest Territories Canada",8.1,"An der Tafel Tuktoyaktuk: 8.1 % des Hubs von 0.52 m gegen 2.1 % von ""Tuktoyaktuk, Northwest Territories, Canada"" (harmonics_utide_tidetables.txt), 3 m entfernt. Faktor 3.9, Kurvenabweichung 8 %."
harmonics/utide/harmonics_utide_tidetables.txt,"East Sandy Cove, Nova Scotia, Canada",1.4,"An der Tafel East Sandy Cove: 1.4 % des Hubs von 5.95 m gegen 0.4 % von ""East Sandy Cove, Nova Scotia, Canada"" (harmonics-2004-06-14_mod.txt), 34 m entfernt. Faktor 3.9, Kurvenabweichung 1 %."
harmonics/classic/harmonics-2004-06-14_mod.txt,"Port Clements, British Columbia, Canada",4.6,"An der Tafel Port Clements: 4.6 % des Hubs von 2.70 m gegen 1.2 % von ""Port Clements, British Columbia, Canada"" (harmonics_utide_tidetables.txt), 0 m entfernt. Faktor 3.9, Kurvenabweichung 3 %."
harmonics/classic/harmonics-2004-06-14_mod.txt,"Samuel Island (North Shore), British Columbia, Canada",1.6,"An der Tafel Samuel Island: 1.6 % des Hubs von 4.37 m gegen 0.4 % von ""Samuel Island (North Shore), British Columbia, Canada"" (harmonics_utide_tidetables.txt), 0 m entfernt. Faktor 3.8, Kurvenabweichung 9 %."
harmonics/utide/harmonics_utide_tidetables.txt,"Hubbards, Nova Scotia, Canada",3.0,"An der Tafel Hubbards: 3.0 % des Hubs von 2.65 m gegen 0.8 % von ""Hubbards, Nova Scotia, Canada"" (harmonics-2004-06-14_mod.txt), 7 m entfernt. Faktor 3.8, Kurvenabweichung 1 %."
harmonics/classic/harmonics-2004-06-14_mod.txt,"Shoal Tickle, Labrador, Canada",1.2,"An der Tafel Shoal Tickle: 1.2 % des Hubs von 2.10 m gegen 0.3 % von ""Shoal Tickle, Labrador, Canada"" (harmonics_utide_tidetables.txt), 0 m entfernt. Faktor 3.8, Kurvenabweichung 0 %."
harmonics/classic/harmonics-2004-06-14_mod.txt,"Tysoe Point, Northwest Territories, Canada",2.9,"An der Tafel Tysoe Point: 2.9 % des Hubs von 0.71 m gegen 0.8 % von ""Tysoe Point, Northwest Territories, Canada"" (harmonics_utide_tidetables.txt), 4 m entfernt. Faktor 3.8, Kurvenabweichung 0 %."
harmonics/noaa/harmonics_noaa_amtt.txt,"Sheet Harbour, Canada",4.7,"An der Tafel Sheet Harbour: 4.7 % des Hubs von 1.98 m gegen 1.3 % von ""Sheet Harbour, Nova Scotia, Canada"" (harmonics_utide_tidetables.txt), 438 m entfernt. Faktor 3.7, Kurvenabweichung 7 %."
harmonics/classic/harmonics-2004-06-14_mod.txt,"Miscou Harbour, New Brunswick, Canada",1.1,"An der Tafel Miscou: 1.1 % des Hubs von 1.84 m gegen 0.3 % von ""Miscou Harbour, New Brunswick, Canada"" (harmonics_utide_tidetables.txt), 0 m entfernt. Faktor 3.7, Kurvenabweichung 0 %."
harmonics/classic/harmonics-2004-06-14_mod.txt,"Montmorency, Québec, Canada",7.9,"An der Tafel Montmorency: 7.9 % des Hubs von 5.66 m gegen 2.1 % von ""Montmorency, Québec, Canada"" (harmonics_utide_tidetables.txt), 0 m entfernt. Faktor 3.7, Kurvenabweichung 6 %."
harmonics/classic/harmonics-2004-06-14_mod.txt,"Quathiaski Cove, British Columbia, Canada",2.5,"An der Tafel Quathiaski Cove: 2.5 % des Hubs von 4.18 m gegen 0.7 % von ""Quathiaski Cove, British Columbia, Canada"" (harmonics_utide_tidetables.txt), 0 m entfernt. Faktor 3.7, Kurvenabweichung 2 %."
harmonics/classic/harmonics-2004-06-14_mod.txt,"Samuel Island (South Shore), British Columbia, Canada",1.8,"An der Tafel Samuel Island: 1.8 % des Hubs von 3.81 m gegen 0.5 % von ""Samuel Island (North Shore), British Columbia, Canada"" (harmonics_utide_tidetables.txt), 830 m entfernt. Faktor 3.7, Kurvenabweichung 0 %."
harmonics/ticon/harmonics_ticon4_worldwide.txt,"Powell River, British Columbia, Canada",1.2,"An der Tafel Powell River: 1.2 % des Hubs von 5.11 m gegen 0.3 % von ""Powell River, British Columbia, Canada"" (harmonics_utide_tidetables.txt), 0 m entfernt. Faktor 3.7, Kurvenabweichung 0 %."
harmonics/classic/harmonics-2004-06-14_mod.txt,"L'Étang-du-Nord, Québec, Canada",2.4,"An der Tafel L'Étang-du-Nord: 2.4 % des Hubs von 0.88 m gegen 0.7 % von ""L'Étang-du-Nord, Québec, Canada"" (harmonics_utide_tidetables.txt), 11 m entfernt. Faktor 3.6, Kurvenabweichung 4 %."
harmonics/utide/harmonics_utide_tidetables.txt,"Sandy Cove, Nova Scotia, Canada",1.3,"An der Tafel East Sandy Cove: 1.3 % des Hubs von 5.95 m gegen 0.4 % von ""East Sandy Cove, Nova Scotia, Canada"" (harmonics-2004-06-14_mod.txt), 1687 m entfernt. Faktor 3.6, Kurvenabweichung 1 %."
harmonics/classic/harmonics-2004-06-14_mod.txt,"Meteghan, Nova Scotia, Canada",1.2,"An der Tafel Meteghan: 1.2 % des Hubs von 5.63 m gegen 0.4 % von ""Meteghan, Nova Scotia, Canada"" (harmonics_utide_tidetables.txt), 212 m entfernt. Faktor 3.6, Kurvenabweichung 1 %."
harmonics/classic/harmonics-2004-06-14_mod.txt,"Kitkatla Islands, British Columbia, Canada",1.2,"An der Tafel Kitkatla: 1.2 % des Hubs von 6.81 m gegen 0.3 % von ""Kitkatla, British Columbia, Canada"" (harmonics_utide_tidetables.txt), 0 m entfernt. Faktor 3.5, Kurvenabweichung 1 %."
harmonics/ticon/harmonics_ticon4_worldwide.txt,"Comox, British Columbia, Canada",1.5,"An der Tafel Comox: 1.5 % des Hubs von 5.07 m gegen 0.4 % von ""Comox, British Columbia, Canada"" (harmonics_utide_tidetables.txt), 144 m entfernt. Faktor 3.5, Kurvenabweichung 1 %."
harmonics/classic/harmonics-2004-06-14_mod.txt,"Port Louis, British Columbia, Canada",1.4,"An der Tafel Port Louis: 1.4 % des Hubs von 4.35 m gegen 0.4 % von ""Port Louis, British Columbia, Canada"" (harmonics_utide_tidetables.txt), 0 m entfernt. Faktor 3.5, Kurvenabweichung 3 %."
harmonics/ticon/harmonics_ticon4_worldwide.txt,"North Rustico, Prince Edward Island, Canada",1.5,"An der Tafel Rustico: 1.5 % des Hubs von 1.11 m gegen 0.4 % von ""North Rustico, Prince Edward Island, Canada"" (harmonics_utide_tidetables.txt), 0 m entfernt. Faktor 3.5, Kurvenabweichung 1 %."
harmonics/ticon/harmonics_ticon4_worldwide.txt,"Sooke, British Columbia, Canada",1.4,"An der Tafel Sooke: 1.4 % des Hubs von 3.29 m gegen 0.4 % von ""Sooke, British Columbia, Canada"" (harmonics_utide_tidetables.txt), 11 m entfernt. Faktor 3.4, Kurvenabweichung 0 %."
harmonics/classic/harmonics-2004-06-14_mod.txt,"Bedwell Harbour, British Columbia, Canada",1.8,"An der Tafel Bedwell Harbour: 1.8 % des Hubs von 3.65 m gegen 0.5 % von ""Bedwell Harbour, British Columbia, Canada"" (harmonics_utide_tidetables.txt), 0 m entfernt. Faktor 3.4, Kurvenabweichung 2 %."
harmonics/classic/harmonics-2004-06-14_mod.txt,"Seymour Narrows, British Columbia, Canada",1.9,"An der Tafel Seymour Narrows: 1.9 % des Hubs von 4.51 m gegen 0.6 % von ""Seymour Narrows, British Columbia, Canada"" (harmonics_utide_tidetables.txt), 342 m entfernt. Faktor 3.4, Kurvenabweichung 1 %."
harmonics/classic/harmonics-1997-05-25_mod.txt,"St. John's, Newfoundland, Canada",2.0,"An der Tafel St. Johns: 2.0 % des Hubs von 1.34 m gegen 0.6 % von ""St. John's, Newfoundland, Canada"" (harmonics_utide_observations.txt), 15 m entfernt. Faktor 3.4, Kurvenabweichung 2 %."
harmonics/classic/harmonics-2004-06-14_mod.txt,"Advocate, Nova Scotia, Canada",1.2,"An der Tafel Advocate: 1.2 % des Hubs von 11.19 m gegen 0.3 % von ""Advocate, Nova Scotia, Canada"" (harmonics_utide_tidetables.txt), 681 m entfernt. Faktor 3.4, Kurvenabweichung 1 %."
harmonics/noaa/harmonics_noaa_amtt.txt,"Bridgewater, La Have River, Canada",5.7,"An der Tafel Bridgewater: 5.7 % des Hubs von 2.25 m gegen 1.7 % von ""Bridgewater, Nova Scotia, Canada"" (harmonics_utide_tidetables.txt), 1563 m entfernt. Faktor 3.4, Kurvenabweichung 10 %."
harmonics/ticon/harmonics_ticon4_worldwide.txt,"Esquimalt Government Hbr., British Columbia, Canada",1.1,"An der Tafel Esquimalt Government  Hbr.: 1.1 % des Hubs von 3.18 m gegen 0.3 % von ""Esquimalt Government Hbr., British Columbia, Canada"" (harmonics_utide_tidetables.txt), 0 m entfernt. Faktor 3.4, Kurvenabweichung 0 %."
harmonics/classic/harmonics-2004-06-14_mod.txt,"Alice Arm, British Columbia, Canada",1.0,"An der Tafel Alice Arm: 1.0 % des Hubs von 6.92 m gegen 0.3 % von ""Alice Arm, British Columbia, Canada"" (harmonics_utide_tidetables.txt), 0 m entfernt. Faktor 3.3, Kurvenabweichung 2 %."
harmonics/utide/harmonics_utide_tidetables.txt,"Sable Island, Nova Scotia, Canada",1.1,"An der Tafel Sable Island/Sable, Île de: 1.1 % des Hubs von 1.50 m gegen 0.3 % von ""Sable Island, Nova Scotia, Canada"" (harmonics-2004-06-14_mod.txt), 884 m entfernt. Faktor 3.3, Kurvenabweichung 1 %."
harmonics/classic/harmonics-2004-06-14_mod.txt,"White Rock, British Columbia, Canada",2.2,"An der Tafel White Rock: 2.2 % des Hubs von 4.45 m gegen 0.7 % von ""White Rock, British Columbia, Canada"" (harmonics_utide_tidetables.txt), 4 m entfernt. Faktor 3.3, Kurvenabweichung 3 %."
harmonics/ticon/harmonics_ticon4_worldwide.txt,"Cambridge Bay, Nunavut, Canada",4.3,"An der Tafel Cambridge Bay: 4.3 % des Hubs von 0.62 m gegen 1.3 % von ""Cambridge Bay, Nunavut, Canada"" (harmonics_utide_tidetables.txt), 393 m entfernt. Faktor 3.3, Kurvenabweichung 0 %."
harmonics/classic/harmonics-2004-06-14_mod.txt,"Denbigh Island, Labrador, Canada",1.3,"An der Tafel Denbigh Island, Labrador: 1.3 % des Hubs von 1.42 m gegen 0.4 % von ""Denbigh Island, Labrador, Canada"" (harmonics_utide_tidetables.txt), 0 m entfernt. Faktor 3.2, Kurvenabweichung 0 %."
harmonics/noaa/harmonics_noaa_amtt.txt,"Berthier, Canada",5.1,"An der Tafel Berthier-sur-Mer: 5.1 % des Hubs von 6.03 m gegen 1.6 % von ""Berthier-sur-Mer, Québec, Canada"" (harmonics_utide_tidetables.txt), 442 m entfernt. Faktor 3.2, Kurvenabweichung 10 %."
harmonics/classic/harmonics-2004-06-14_mod.txt,"Shields Bay, British Columbia, Canada",1.2,"An der Tafel Shields Bay: 1.2 % des Hubs von 4.25 m gegen 0.4 % von ""Shields Bay, British Columbia, Canada"" (harmonics_utide_tidetables.txt), 0 m entfernt. Faktor 3.2, Kurvenabweichung 1 %."
harmonics/ticon/harmonics_ticon4_worldwide.txt,"Whaler Bay, British Columbia, Canada",1.4,"An der Tafel Whaler Bay: 1.4 % des Hubs von 4.46 m gegen 0.4 % von ""Whaler Bay, British Columbia, Canada"" (harmonics_utide_tidetables.txt), 0 m entfernt. Faktor 3.2, Kurvenabweichung 0 %."
harmonics/ticon/harmonics_ticon4_worldwide.txt,"Nain, Labrador, Canada",1.3,"An der Tafel Nain: 1.3 % des Hubs von 2.54 m gegen 0.4 % von ""Nain, Labrador, Canada"" (harmonics_utide_tidetables.txt), 0 m entfernt. Faktor 3.2, Kurvenabweichung 6 %."
harmonics/utide/harmonics_utide_tidetables.txt,"Liscomb Harbour, Nova Scotia, Canada",1.3,"An der Tafel Liscomb Harbour: 1.3 % des Hubs von 1.87 m gegen 0.4 % von ""Liscomb Harbour, Nova Scotia, Canada"" (harmonics-2004-06-14_mod.txt), 9 m entfernt. Faktor 3.2, Kurvenabweichung 1 %."
harmonics/classic/harmonics-2004-06-14_mod.txt,"Caribou, Nova Scotia, Canada",3.7,"An der Tafel Caribou: 3.7 % des Hubs von 1.96 m gegen 1.2 % von ""Caribou, Nova Scotia, Canada"" (harmonics_utide_tidetables.txt), 21 m entfernt. Faktor 3.1, Kurvenabweichung 4 %."
harmonics/classic/harmonics-2004-06-14_mod.txt,"Mont-Louis, Québec, Canada",2.7,"An der Tafel Mont-Louis: 2.7 % des Hubs von 2.86 m gegen 0.9 % von ""Mont-Louis, Québec, Canada"" (harmonics_utide_tidetables.txt), 0 m entfernt. Faktor 3.1, Kurvenabweichung 2 %."
harmonics/utide/harmonics_utide_observations.txt,"Alert, Nunavut, Canada",4.3,"An der Tafel Alert: 4.3 % des Hubs von 0.83 m gegen 1.4 % von ""Alert, Nunavut, Canada"" (harmonics_utide_tidetables.txt), 0 m entfernt. Faktor 3.1, Kurvenabweichung 2 %."
harmonics/classic/harmonics-2004-06-14_mod.txt,"Whitehead, Nova Scotia, Canada",3.2,"An der Tafel Whitehead: 3.2 % des Hubs von 1.90 m gegen 1.0 % von ""Whitehead, Nova Scotia, Canada"" (harmonics_utide_tidetables.txt), 13 m entfernt. Faktor 3.1, Kurvenabweichung 3 %."
harmonics/ticon/harmonics_ticon4_worldwide.txt,"Lasqueti Island (False Bay), British Columbia, Canada",1.3,"An der Tafel False Bay: 1.3 % des Hubs von 4.95 m gegen 0.4 % von ""Lasqueti Island (False Bay), British Columbia, Canada"" (harmonics_utide_tidetables.txt), 0 m entfernt. Faktor 3.1, Kurvenabweichung 0 %."
harmonics/ticon/harmonics_ticon4_worldwide.txt,"Alert, Nunavut, Canada",4.2,"An der Tafel Alert: 4.2 % des Hubs von 0.83 m gegen 1.4 % von ""Alert, Nunavut, Canada"" (harmonics_utide_tidetables.txt), 0 m entfernt. Faktor 3.1, Kurvenabweichung 4 %."
harmonics/classic/harmonics-2004-06-14_mod.txt,"Masset, British Columbia, Canada",1.3,"An der Tafel Masset: 1.3 % des Hubs von 4.01 m gegen 0.4 % von ""Masset, British Columbia, Canada"" (harmonics_utide_tidetables.txt), 0 m entfernt. Faktor 3.1, Kurvenabweichung 1 %."
harmonics/classic/harmonics-2004-06-14_mod.txt,"Hunt Islets, British Columbia, Canada",1.2,"An der Tafel Hunt Islet: 1.2 % des Hubs von 4.11 m gegen 0.4 % von ""Hunt Islet, British Columbia, Canada"" (harmonics_utide_tidetables.txt), 0 m entfernt. Faktor 3.1, Kurvenabweichung 2 %."
harmonics/classic/harmonics-2004-06-14_mod.txt,"Saanichton Bay, British Columbia, Canada",2.1,"An der Tafel Saanichton Bay: 2.1 % des Hubs von 3.46 m gegen 0.7 % von ""Saanichton Bay, British Columbia, Canada"" (harmonics_utide_tidetables.txt), 0 m entfernt. Faktor 3.1, Kurvenabweichung 1 %."
harmonics/utide/harmonics_utide_tidetables.txt,"Ingomar, Nova Scotia, Canada",2.1,"An der Tafel Ingomar: 2.1 % des Hubs von 2.23 m gegen 0.7 % von ""Ingomar, Nova Scotia, Canada"" (harmonics-2004-06-14_mod.txt), 100 m entfernt. Faktor 3.1, Kurvenabweichung 0 %."
harmonics/classic/harmonics-2004-06-14_mod.txt,"Waddington Harbour, British Columbia, Canada",1.4,"An der Tafel Waddington Harbour: 1.4 % des Hubs von 5.20 m gegen 0.5 % von ""Waddington Harbour, British Columbia, Canada"" (harmonics_utide_tidetables.txt), 0 m entfernt. Faktor 3.0, Kurvenabweichung 1 %."
harmonics/ticon/harmonics_ticon4_worldwide.txt,"Tsawwassen, British Columbia, Canada",1.1,"An der Tafel Tsawwassen: 1.1 % des Hubs von 4.32 m gegen 0.4 % von ""Tsawwassen, British Columbia, Canada"" (harmonics_utide_tidetables.txt), 4 m entfernt. Faktor 3.0, Kurvenabweichung 0 %."
harmonics/classic/harmonics-2004-06-14_mod.txt,"L'Anse-à-la-Cabane, Québec, Canada",2.6,"An der Tafel Anse à la Cabane: 2.6 % des Hubs von 0.87 m gegen 0.9 % von ""Anse à la Cabane, Québec, Canada"" (harmonics_utide_tidetables.txt), 23 m entfernt. Faktor 3.0, Kurvenabweichung 1 %."
harmonics/ticon/harmonics_ticon4_worldwide.txt,"Tuktoyaktuk, Northwest Territories, Canada",6.2,"An der Tafel Tuktoyaktuk: 6.2 % des Hubs von 0.52 m gegen 2.1 % von ""Tuktoyaktuk, Northwest Territories, Canada"" (harmonics_utide_tidetables.txt), 3 m entfernt. Faktor 3.0, Kurvenabweichung 1 %."
harmonics/classic/harmonics-2004-06-14_mod.txt,"Ganges, British Columbia, Canada",2.1,"An der Tafel Ganges: 2.1 % des Hubs von 3.58 m gegen 0.7 % von ""Ganges, British Columbia, Canada"" (harmonics_utide_tidetables.txt), 0 m entfernt. Faktor 3.0, Kurvenabweichung 1 %."
harmonics/classic/harmonics-2004-06-14_mod.txt,"Beachside, Newfoundland, Canada",1.1,"An der Tafel Beachside: 1.1 % des Hubs von 1.43 m gegen 0.4 % von ""Beachside, Newfoundland, Canada"" (harmonics_utide_tidetables.txt), 0 m entfernt. Faktor 3.0, Kurvenabweichung 0 %."
harmonics/classic/harmonics-2004-06-14_mod.txt,"Louisbourg, Nova Scotia, Canada",2.7,"An der Tafel Louisbourg: 2.7 % des Hubs von 1.60 m gegen 0.9 % von ""Louisbourg, Nova Scotia, Canada"" (harmonics_utide_tidetables.txt), 42 m entfernt. Faktor 3.0, Kurvenabweichung 3 %."
harmonics/classic/harmonics-2004-06-14_mod.txt,"Grande-Vallée, Québec, Canada",2.4,"An der Tafel Grande-Vallée: 2.4 % des Hubs von 2.36 m gegen 0.8 % von ""Grande-Vallée, Québec, Canada"" (harmonics_utide_tidetables.txt), 0 m entfernt. Faktor 3.0, Kurvenabweichung 2 %."
harmonics/ticon/harmonics_ticon4_worldwide.txt,"Campbell River, British Columbia, Canada",1.5,"An der Tafel Campbell River: 1.5 % des Hubs von 4.06 m gegen 0.5 % von ""Campbell River, British Columbia, Canada"" (harmonics_utide_tidetables.txt), 31 m entfernt. Faktor 3.0, Kurvenabweichung 1 %."
harmonics/classic/harmonics-2004-06-14_mod.txt,"Port Hood, Nova Scotia, Canada",3.8,"An der Tafel Port Hood: 3.8 % des Hubs von 1.38 m gegen 1.3 % von ""Port Hood, Nova Scotia, Canada"" (harmonics_utide_tidetables.txt), 1235 m entfernt. Faktor 3.0, Kurvenabweichung 4 %."
harmonics/classic/harmonics-2004-06-14_mod.txt,"Brundige Inlet, British Columbia, Canada",1.0,"An der Tafel Brundige Inlet: 1.0 % des Hubs von 6.29 m gegen 0.3 % von ""Brundige Inlet, British Columbia, Canada"" (harmonics_utide_tidetables.txt), 0 m entfernt. Faktor 2.9, Kurvenabweichung 0 %."
harmonics/classic/harmonics-2004-06-14_mod.txt,"Granby Bay, British Columbia, Canada",1.1,"An der Tafel Granby Bay: 1.1 % des Hubs von 6.83 m gegen 0.4 % von ""Granby Bay, British Columbia, Canada"" (harmonics_utide_tidetables.txt), 0 m entfernt. Faktor 2.9, Kurvenabweichung 2 %."
harmonics/classic/harmonics-2004-06-14_mod.txt,"Barnard Harbour, British Columbia, Canada",1.1,"An der Tafel Barnard Harbour: 1.1 % des Hubs von 5.91 m gegen 0.4 % von ""Barnard Harbour, British Columbia, Canada"" (harmonics_utide_tidetables.txt), 0 m entfernt. Faktor 2.9, Kurvenabweichung 2 %."
harmonics/ticon/harmonics_ticon4_worldwide.txt,"Patricia Bay, British Columbia, Canada",1.3,"An der Tafel Patricia Bay: 1.3 % des Hubs von 3.61 m gegen 0.5 % von ""Patricia Bay, British Columbia, Canada"" (harmonics_utide_tidetables.txt), 53 m entfernt. Faktor 2.9, Kurvenabweichung 0 %."
harmonics/ticon/harmonics_ticon4_worldwide.txt,"Vancouver (CRAB Park at Portside), British Columbia, Canada",1.1,"An der Tafel Vancouver: 1.1 % des Hubs von 4.78 m gegen 0.4 % von ""Vancouver (CRAB Park at Portside), British Columbia, Canada"" (harmonics_utide_tidetables.txt), 15 m entfernt. Faktor 2.9, Kurvenabweichung 1 %."
harmonics/classic/harmonics-2004-06-14_mod.txt,"Lower East Pubnico, Nova Scotia, Canada",1.2,"An der Tafel Lower East Pubnico: 1.2 % des Hubs von 3.79 m gegen 0.4 % von ""Lower East Pubnico, Nova Scotia, Canada"" (harmonics_utide_tidetables.txt), 7 m entfernt. Faktor 2.9, Kurvenabweichung 1 %."
harmonics/classic/harmonics-2004-06-14_mod.txt,"Bonaventure, Québec, Canada",1.4,"An der Tafel Bonaventure: 1.4 % des Hubs von 2.21 m gegen 0.5 % von ""Bonaventure, Québec, Canada"" (harmonics_utide_tidetables.txt), 0 m entfernt. Faktor 2.9, Kurvenabweichung 1 %."
harmonics/utide/harmonics_utide_tidetables.txt,"St Paul Island, Nova Scotia, Canada",1.5,"An der Tafel St Paul Island: 1.5 % des Hubs von 1.16 m gegen 0.5 % von ""St. Paul Island, Gulf of St. Lawrence, Nova Scotia, Canada"" (harmonics-2004-06-14_mod.txt), 284 m entfernt. Faktor 2.9, Kurvenabweichung 1 %."
harmonics/ticon/harmonics_ticon4_worldwide.txt,"Nanaimo, British Columbia, Canada",1.4,"An der Tafel Nanaimo Harbour: 1.4 % des Hubs von 4.78 m gegen 0.5 % von ""Nanaimo Harbour, British Columbia, Canada"" (harmonics_utide_tidetables.txt), 31 m entfernt. Faktor 2.9, Kurvenabweichung 0 %."
harmonics/ticon/harmonics_ticon4_worldwide.txt,"Nanoose Bay, British Columbia, Canada",1.1,"An der Tafel Nanoose Bay: 1.1 % des Hubs von 4.85 m gegen 0.4 % von ""Nanoose Bay, British Columbia, Canada"" (harmonics_utide_tidetables.txt), 0 m entfernt. Faktor 2.8, Kurvenabweichung 0 %."
harmonics/classic/harmonics-2004-06-14_mod.txt,"Butedale, British Columbia, Canada",1.1,"An der Tafel Butedale: 1.1 % des Hubs von 5.88 m gegen 0.4 % von ""Butedale, British Columbia, Canada"" (harmonics_utide_tidetables.txt), 0 m entfernt. Faktor 2.8, Kurvenabweichung 2 %."
harmonics/ticon/harmonics_ticon4_worldwide.txt,"Fulford Harbour, British Columbia, Canada",1.2,"An der Tafel Fulford Harbour: 1.2 % des Hubs von 3.54 m gegen 0.4 % von ""Fulford Harbour, British Columbia, Canada"" (harmonics_utide_tidetables.txt), 0 m entfernt. Faktor 2.8, Kurvenabweichung 0 %."
harmonics/classic/harmonics-2004-06-14_mod.txt,"Immigration Wharf, Québec, Canada",5.6,"An der Tafel Immigration Wharf: 5.6 % des Hubs von 5.49 m gegen 2.0 % von ""Immigration Wharf, Québec, Canada"" (harmonics_utide_tidetables.txt), 0 m entfernt. Faktor 2.8, Kurvenabweichung 4 %."
harmonics/classic/harmonics-2004-06-14_mod.txt,"St. Georges, Newfoundland, Canada",1.2,"An der Tafel St Georges: 1.2 % des Hubs von 1.53 m gegen 0.4 % von ""St. George's, Newfoundland, Canada"" (harmonics_utide_tidetables.txt), 0 m entfernt. Faktor 2.8, Kurvenabweichung 0 %."
harmonics/classic/harmonics-2004-06-14_mod.txt,"Morse Basin, British Columbia, Canada",4.3,"An der Tafel Morse Basin: 4.3 % des Hubs von 5.21 m gegen 1.6 % von ""Morse Basin, British Columbia, Canada"" (harmonics_utide_tidetables.txt), 0 m entfernt. Faktor 2.8, Kurvenabweichung 1 %."
harmonics/utide/harmonics_utide_tidetables.txt,"Yarmouth, Nova Scotia, Canada",1.3,"An der Tafel Yarmouth: 1.3 % des Hubs von 4.70 m gegen 0.5 % von ""Yarmouth, New Brunswick, Canada"" (harmonics_utide_observations.txt), 0 m entfernt. Faktor 2.7, Kurvenabweichung 2 %."
harmonics/ticon/harmonics_ticon4_worldwide.txt,"Point Atkinson, British Columbia, Canada",1.1,"An der Tafel Point Atkinson: 1.1 % des Hubs von 4.71 m gegen 0.4 % von ""Point Atkinson, British Columbia, Canada"" (harmonics_utide_tidetables.txt), 23 m entfernt. Faktor 2.7, Kurvenabweichung 0 %."
harmonics/classic/harmonics-2004-06-14_mod.txt,"Duncan Bay, British Columbia, Canada",1.6,"An der Tafel Duncan Bay: 1.6 % des Hubs von 3.87 m gegen 0.6 % von ""Duncan Bay, British Columbia, Canada"" (harmonics_utide_tidetables.txt), 0 m entfernt. Faktor 2.6, Kurvenabweichung 2 %."
harmonics/classic/harmonics-2004-06-14_mod.txt,"Margaretsville, Nova Scotia, Canada",1.9,"An der Tafel Margaretsville: 1.9 % des Hubs von 8.96 m gegen 0.7 % von ""Margaretsville, Nova Scotia, Canada"" (harmonics_utide_tidetables.txt), 0 m entfernt. Faktor 2.6, Kurvenabweichung 1 %."
harmonics/classic/harmonics-2004-06-14_mod.txt,"Diligent River, Nova Scotia, Canada",1.4,"An der Tafel Diligent River: 1.4 % des Hubs von 11.84 m gegen 0.5 % von ""Diligent River, Nova Scotia, Canada"" (harmonics_utide_tidetables.txt), 60 m entfernt. Faktor 2.6, Kurvenabweichung 2 %."
harmonics/ticon/harmonics_ticon4_worldwide.txt,"Belledune, New Brunswick, Canada",1.5,"An der Tafel Belledune: 1.5 % des Hubs von 2.45 m gegen 0.6 % von ""Belledune, New Brunswick, Canada"" (harmonics_utide_tidetables.txt), 5 m entfernt. Faktor 2.6, Kurvenabweichung 0 %."
harmonics/classic/harmonics-2004-06-14_mod.txt,"Cannes, Nova Scotia, Canada",1.2,"An der Tafel Cannes: 1.2 % des Hubs von 1.61 m gegen 0.4 % von ""Cannes, Nova Scotia, Canada"" (harmonics_utide_tidetables.txt), 26 m entfernt. Faktor 2.6, Kurvenabweichung 1 %."
harmonics/utide/harmonics_utide_tidetables.txt,"Cribbeans Point, Nova Scotia, Canada",1.6,"An der Tafel Cribbeans Point: 1.6 % des Hubs von 1.58 m gegen 0.6 % von ""Cribbons Point, Nova Scotia, Canada"" (harmonics-2004-06-14_mod.txt), 38 m entfernt. Faktor 2.6, Kurvenabweichung 1 %."
harmonics/classic/harmonics-2004-06-14_mod.txt,"Pugwash, Nova Scotia, Canada",3.9,"An der Tafel Pugwash: 3.9 % des Hubs von 2.39 m gegen 1.5 % von ""Pugwash, Nova Scotia, Canada"" (harmonics_utide_tidetables.txt), 76 m entfernt. Faktor 2.6, Kurvenabweichung 5 %."
harmonics/classic/harmonics-2004-06-14_mod.txt,"Port Hastings, Strait of Canso, Nova Scotia, Canada",1.2,"An der Tafel Port Hastings: 1.2 % des Hubs von 1.86 m gegen 0.5 % von ""Port Hastings, Nova Scotia, Canada"" (harmonics_utide_tidetables.txt), 14 m entfernt. Faktor 2.5, Kurvenabweichung 1 %."
harmonics/utide/harmonics_utide_tidetables.txt,"Pruth Bay, British Columbia, Canada",1.1,"An der Tafel Pruth Bay: 1.1 % des Hubs von 4.96 m gegen 0.4 % von ""Pruth Bay, British Columbia, Canada"" (harmonics_utide_observations.txt), 0 m entfernt. Faktor 2.5, Kurvenabweichung 1 %."
harmonics/ticon/harmonics_ticon4_worldwide.txt,"Finnerty Cove, British Columbia, Canada",1.2,"An der Tafel Finnerty Cove: 1.2 % des Hubs von 3.34 m gegen 0.5 % von ""Finnerty Cove, British Columbia, Canada"" (harmonics_utide_tidetables.txt), 2 m entfernt. Faktor 2.5, Kurvenabweichung 1 %."
harmonics/ticon/harmonics_ticon4_worldwide.txt,"Ladysmith, British Columbia, Canada",1.3,"An der Tafel Ladysmith: 1.3 % des Hubs von 3.96 m gegen 0.5 % von ""Ladysmith, British Columbia, Canada"" (harmonics_utide_tidetables.txt), 6 m entfernt. Faktor 2.5, Kurvenabweichung 0 %."
harmonics/classic/harmonics-2004-06-14_mod.txt,"Berthier-sur-Mer, Québec, Canada",4.0,"An der Tafel Berthier-sur-Mer: 4.0 % des Hubs von 6.03 m gegen 1.6 % von ""Berthier-sur-Mer, Québec, Canada"" (harmonics_utide_tidetables.txt), 0 m entfernt. Faktor 2.5, Kurvenabweichung 3 %."
harmonics/classic/harmonics-2004-06-14_mod.txt,"Chesterfield Inlet, Nunavut, Canada",4.2,"An der Tafel Chesterfield Inlet: 4.2 % des Hubs von 4.22 m gegen 1.7 % von ""Chesterfield Inlet, Nunavut, Canada"" (harmonics_utide_tidetables.txt), 0 m entfernt. Faktor 2.5, Kurvenabweichung 4 %."
harmonics/classic/harmonics-2004-06-14_mod.txt,"Coal Harbour, British Columbia, Canada",2.5,"An der Tafel Coal Harbour: 2.5 % des Hubs von 4.19 m gegen 1.0 % von ""Coal Harbour, British Columbia, Canada"" (harmonics_utide_tidetables.txt), 0 m entfernt. Faktor 2.5, Kurvenabweichung 4 %."
harmonics/classic/harmonics-2004-06-14_mod.txt,"Salmon River Bridge, Nova Scotia, Canada",1.2,"An der Tafel Salmon River Bridge: 1.2 % des Hubs von 2.00 m gegen 0.5 % von ""Salmon River Bridge, Nova Scotia, Canada"" (harmonics_utide_tidetables.txt), 38 m entfernt. Faktor 2.5, Kurvenabweichung 2 %."
harmonics/classic/harmonics-2004-06-14_mod.txt,"Saint-Romuald, Québec, Canada",5.0,"An der Tafel Saint-Romuald: 5.0 % des Hubs von 5.44 m gegen 2.0 % von ""Saint-Romuald, Québec, Canada"" (harmonics_utide_tidetables.txt), 0 m entfernt. Faktor 2.5, Kurvenabweichung 4 %."
harmonics/classic/harmonics-2004-06-14_mod.txt,"Île Haute, Nova Scotia, Canada",1.3,"An der Tafel Ile Haute: 1.3 % des Hubs von 9.80 m gegen 0.6 % von ""Ile Haute, Nova Scotia, Canada"" (harmonics_utide_tidetables.txt), 77 m entfernt. Faktor 2.4, Kurvenabweichung 1 %."
harmonics/classic/harmonics-2004-06-14_mod.txt,"Lotbinière (moulin à blé), Québec, Canada",7.3,"An der Tafel Lotbinière (moulin à blé): 7.3 % des Hubs von 4.37 m gegen 3.0 % von ""Lotbinière (moulin à blé), Québec, Canada"" (harmonics_utide_tidetables.txt), 0 m entfernt. Faktor 2.4, Kurvenabweichung 5 %."
harmonics/ticon/harmonics_ticon4_worldwide.txt,"Saltery Bay, British Columbia, Canada",1.7,"An der Tafel Saltery Bay: 1.7 % des Hubs von 4.88 m gegen 0.7 % von ""Saltery Bay, British Columbia, Canada"" (harmonics_utide_tidetables.txt), 0 m entfernt. Faktor 2.4, Kurvenabweichung 0 %."
harmonics/ticon/harmonics_ticon4_worldwide.txt,"Sachs Harbour, Northwest Territories, Canada",10.9,"An der Tafel Sachs Harbour: 10.9 % des Hubs von 0.26 m gegen 4.5 % von ""Sachs Harbour, Northwest Territories, Canada"" (harmonics_utide_tidetables.txt), 0 m entfernt. Faktor 2.4, Kurvenabweichung 14 %."
harmonics/classic/harmonics-2004-06-14_mod.txt,"Grand Bay, Newfoundland, Canada",1.3,"An der Tafel Grand Bay: 1.3 % des Hubs von 1.46 m gegen 0.6 % von ""Grand Bay, Newfoundland, Canada"" (harmonics_utide_tidetables.txt), 0 m entfernt. Faktor 2.4, Kurvenabweichung 0 %."
harmonics/ticon/harmonics_ticon4_worldwide.txt,"Victoria Harbour, British Columbia, Canada",1.1,"An der Tafel Victoria Harbour: 1.1 % des Hubs von 3.23 m gegen 0.4 % von ""Victoria Harbour, British Columbia, Canada"" (harmonics_utide_tidetables.txt), 5 m entfernt. Faktor 2.4, Kurvenabweichung 0 %."
harmonics/classic/harmonics-2004-06-14_mod.txt,"Come By Chance, Newfoundland, Canada",1.1,"An der Tafel Come By Chance: 1.1 % des Hubs von 2.32 m gegen 0.5 % von ""Come By Chance, Newfoundland, Canada"" (harmonics_utide_tidetables.txt), 0 m entfernt. Faktor 2.4, Kurvenabweichung 0 %."
harmonics/classic/harmonics-2004-06-14_mod.txt,"St. Mary's, Newfoundland, Canada",1.0,"An der Tafel St Marys: 1.0 % des Hubs von 1.94 m gegen 0.4 % von ""St. Mary's, Newfoundland, Canada"" (harmonics_utide_tidetables.txt), 0 m entfernt. Faktor 2.4, Kurvenabweichung 0 %."
harmonics/utide/harmonics_utide_observations.txt,"Escuminac, New Brunswick, Canada",1.7,"An der Tafel Escuminac: 1.7 % des Hubs von 1.45 m gegen 0.7 % von ""Escuminac, New Brunswick, Canada"" (harmonics_utide_tidetables.txt), 0 m entfernt. Faktor 2.4, Kurvenabweichung 1 %."
harmonics/classic/harmonics-2004-06-14_mod.txt,"Larry's River, Nova Scotia, Canada",1.1,"An der Tafel Larrys River: 1.1 % des Hubs von 1.80 m gegen 0.5 % von ""Larrys River, Nova Scotia, Canada"" (harmonics_utide_tidetables.txt), 25 m entfernt. Faktor 2.4, Kurvenabweichung 1 %."
harmonics/utide/harmonics_utide_observations.txt,"Saint-Pierre, Saint-Pierre-et-Miquelon",2.3,"An der Tafel Saint-Pierre Et Miquelon: 2.3 % des Hubs von 1.82 m gegen 1.0 % von ""Saint-Pierre, Saint-Pierre-et-Miquelon"" (harmonics-2004-06-14_mod.txt), 4 m entfernt. Faktor 2.4, Kurvenabweichung 23 %."
harmonics/classic/harmonics-2004-06-14_mod.txt,"Liverpool, Nova Scotia, Canada",5.0,"An der Tafel Liverpool: 5.0 % des Hubs von 2.10 m gegen 2.1 % von ""Liverpool, Nova Scotia, Canada"" (harmonics_utide_tidetables.txt), 70 m entfernt. Faktor 2.3, Kurvenabweichung 7 %."
harmonics/classic/harmonics-2004-06-14_mod.txt,"Pim Island, Nunavut, Canada",1.1,"An der Tafel Pim Island: 1.1 % des Hubs von 4.29 m gegen 0.5 % von ""Pim Island, Nunavut, Canada"" (harmonics_utide_tidetables.txt), 4 m entfernt. Faktor 2.3, Kurvenabweichung 0 %."
harmonics/ticon/harmonics_ticon4_worldwide.txt,"Lower Escuminac, New Brunswick, Canada",1.7,"An der Tafel Escuminac: 1.7 % des Hubs von 1.45 m gegen 0.7 % von ""Escuminac, New Brunswick, Canada"" (harmonics_utide_tidetables.txt), 28 m entfernt. Faktor 2.3, Kurvenabweichung 0 %."
harmonics/classic/harmonics-2004-06-14_mod.txt,"Saint-Nicolas, Québec, Canada",4.9,"An der Tafel Saint-Nicolas: 4.9 % des Hubs von 4.66 m gegen 2.1 % von ""Saint-Nicolas, Québec, Canada"" (harmonics_utide_tidetables.txt), 0 m entfernt. Faktor 2.3, Kurvenabweichung 13 %."
harmonics/classic/harmonics-2004-06-14_mod.txt,"Five Islands, Nova Scotia, Canada",3.1,"An der Tafel Five Islands: 3.1 % des Hubs von 13.16 m gegen 1.4 % von ""Five Islands, Nova Scotia (2), Canada"" (harmonics-2004-06-14_mod.txt), 41 m entfernt. Faktor 2.3, Kurvenabweichung 4 %."
harmonics/classic/harmonics-2004-06-14_mod.txt,"Sevigny Point, Nunavut, Canada",1.0,"An der Tafel Sevigny Point: 1.0 % des Hubs von 2.34 m gegen 0.5 % von ""Sevigny Point, Nunavut, Canada"" (harmonics_utide_tidetables.txt), 4 m entfernt. Faktor 2.3, Kurvenabweichung 0 %."
harmonics/ticon/harmonics_ticon4_worldwide.txt,"Argentia, Newfoundland, Canada",1.5,"An der Tafel Argentia: 1.5 % des Hubs von 2.15 m gegen 0.7 % von ""Argentia, Newfoundland, Canada"" (harmonics_utide_tidetables.txt), 0 m entfernt. Faktor 2.3, Kurvenabweichung 0 %."
harmonics/classic/harmonics-2004-06-14_mod.txt,"Arichat, Nova Scotia, Canada",2.7,"An der Tafel Arichat: 2.7 % des Hubs von 1.87 m gegen 1.2 % von ""Arichat, Nova Scotia, Canada"" (harmonics_utide_tidetables.txt), 52 m entfernt. Faktor 2.2, Kurvenabweichung 4 %."
harmonics/classic/harmonics-2004-06-14_mod.txt,"Egg Island, British Columbia, Canada",1.2,"An der Tafel Egg Island: 1.2 % des Hubs von 4.83 m gegen 0.6 % von ""Egg Island, British Columbia, Canada"" (harmonics_utide_tidetables.txt), 0 m entfernt. Faktor 2.2, Kurvenabweichung 1 %."
harmonics/utide/harmonics_utide_tidetables.txt,"Marie Joseph, Nova Scotia, Canada",1.2,"An der Tafel Marie Joseph: 1.2 % des Hubs von 1.60 m gegen 0.5 % von ""Marie Joseph, Nova Scotia, Canada"" (harmonics-2004-06-14_mod.txt), 7 m entfernt. Faktor 2.2, Kurvenabweichung 1 %."
harmonics/classic/harmonics-2004-06-14_mod.txt,"Port Dufferin, Nova Scotia, Canada",1.3,"An der Tafel Port Dufferin: 1.3 % des Hubs von 1.83 m gegen 0.6 % von ""Port Dufferin, Nova Scotia, Canada"" (harmonics_utide_tidetables.txt), 16 m entfernt. Faktor 2.2, Kurvenabweichung 1 %."
harmonics/classic/harmonics-2004-06-14_mod.txt,"Ecum Secum, Nova Scotia, Canada",3.1,"An der Tafel Ecum Secum: 3.1 % des Hubs von 1.93 m gegen 1.4 % von ""Ecum Secum, Nova Scotia, Canada"" (harmonics_utide_tidetables.txt), 13 m entfernt. Faktor 2.2, Kurvenabweichung 5 %."
harmonics/classic/harmonics-2004-06-14_mod.txt,"Church Point, Nova Scotia, Canada",1.2,"An der Tafel Church Point: 1.2 % des Hubs von 6.02 m gegen 0.6 % von ""Church Point, Nova Scotia, Canada"" (harmonics_utide_tidetables.txt), 17 m entfernt. Faktor 2.2, Kurvenabweichung 1 %."
harmonics/classic/harmonics-2004-06-14_mod.txt,"Big Bras D'or, Nova Scotia, Canada",9.4,"An der Tafel Duffus Point: 9.4 % des Hubs von 0.51 m gegen 4.4 % von ""Big Bras D'Or, Nova Scotia, Canada"" (harmonics_utide_tidetables.txt), 21 m entfernt. Faktor 2.1, Kurvenabweichung 10 %."
harmonics/classic/harmonics-2004-06-14_mod.txt,"Sheet Harbour, Nova Scotia, Canada",2.7,"An der Tafel Sheet Harbour: 2.7 % des Hubs von 1.98 m gegen 1.3 % von ""Sheet Harbour, Nova Scotia, Canada"" (harmonics_utide_tidetables.txt), 11 m entfernt. Faktor 2.1, Kurvenabweichung 2 %."
harmonics/classic/harmonics-2004-06-14_mod.txt,"Chezzetcook Inlet, Nova Scotia, Canada",1.2,"An der Tafel Chezzetcook Inlet: 1.2 % des Hubs von 1.74 m gegen 0.6 % von ""Chezzetcook Inlet, Nova Scotia, Canada"" (harmonics_utide_tidetables.txt), 46 m entfernt. Faktor 2.1, Kurvenabweichung 1 %."
harmonics/ticon/harmonics_ticon4_worldwide.txt,"Charlottetown, Prince Edward Island, Canada",1.8,"An der Tafel Charlottetown: 1.8 % des Hubs von 2.75 m gegen 0.9 % von ""Charlottetown, Prince Edward Island, Canada"" (harmonics_utide_tidetables.txt), 15 m entfernt. Faktor 2.1, Kurvenabweichung 1 %."
harmonics/classic/harmonics-2004-06-14_mod.txt,"Storm Bay, British Columbia, Canada",1.9,"An der Tafel Storm Bay: 1.9 % des Hubs von 3.19 m gegen 0.9 % von ""Storm Bay, British Columbia, Canada"" (harmonics_utide_tidetables.txt), 0 m entfernt. Faktor 2.1, Kurvenabweichung 0 %."
harmonics/classic/harmonics-2004-06-14_mod.txt,"Harbour Breton, Newfoundland, Canada",1.2,"An der Tafel Harbour Breton: 1.2 % des Hubs von 1.93 m gegen 0.6 % von ""Harbour Breton, Newfoundland, Canada"" (harmonics_utide_tidetables.txt), 0 m entfernt. Faktor 2.1, Kurvenabweichung 0 %."
harmonics/utide/harmonics_utide_tidetables.txt,"Murphys Cove, Nova Scotia, Canada",1.4,"An der Tafel Murphys Cove: 1.4 % des Hubs von 2.00 m gegen 0.7 % von ""Murphy Cove, Nova Scotia, Canada"" (harmonics-2004-06-14_mod.txt), 20 m entfernt. Faktor 2.1, Kurvenabweichung 1 %."
harmonics/classic/harmonics-2004-06-14_mod.txt,"Arisaig, Nova Scotia, Canada",3.9,"An der Tafel Arisaig: 3.9 % des Hubs von 1.69 m gegen 1.9 % von ""Arisaig, Nova Scotia, Canada"" (harmonics_utide_tidetables.txt), 196 m entfernt. Faktor 2.0, Kurvenabweichung 4 %."
harmonics/noaa/harmonics_noaa_amtt.txt,"Liverpool Bay, Canada",4.3,"An der Tafel Liverpool: 4.3 % des Hubs von 2.10 m gegen 2.1 % von ""Liverpool, Nova Scotia, Canada"" (harmonics_utide_tidetables.txt), 1959 m entfernt. Faktor 2.0, Kurvenabweichung 8 %."
harmonics/utide/harmonics_utide_tidetables.txt,"Port Hawkesbury, Nova Scotia, Canada",1.5,"An der Tafel Point Tupper: 1.5 % des Hubs von 1.90 m gegen 0.7 % von ""Port Hawkesbury, Nova Scotia, Canada"" (harmonics_utide_observations.txt), 0 m entfernt. Faktor 2.0, Kurvenabweichung 1 %."
harmonics/classic/harmonics-2004-06-14_mod.txt,"Port Mouton, Nova Scotia, Canada",1.4,"An der Tafel Port Mouton: 1.4 % des Hubs von 1.96 m gegen 0.7 % von ""Port Mouton, Nova Scotia, Canada"" (harmonics_utide_tidetables.txt), 28 m entfernt. Faktor 2.0, Kurvenabweichung 1 %."
