aehnlichkeit,name_a,name_b,km,kurve_prozent,dt_h,guete,spur,haufen,datei_a,datei_b,name_neu
1.00,"Anma Do, South Korea","Anma-do, Anma-kundo, Jeju-do, South Korea",0.00,8.7,+0.22,0.997,N,59,harmonics-1997-05-25_mod.txt,harmonics_noaa_cptt.txt,
1.00,"Antilla (Bahía de Nipe), Cuba","Antilla, Cuba",0.00,4.4,-0.07,0.996,N,65,harmonics_noaa_carib.txt,harmonics_att_np202_secondary.txt,
1.00,"Atlantic City (Steel Pier), New Jersey (2)","Atlantic City (Steel Pier), New Jersey (4)",0.00,4.0,+0.10,0.998,N,101,harmonics-2004-06-14_mod.txt,harmonics-2004-06-14_mod.txt,
1.00,"Bai Yu, Fujian, China","Qianyan [Knob Rock], Fujian, China",0.00,10.8,+0.12,0.998,H,143,harmonics_att_np204_secondary.txt,harmonics_noaa_cptt.txt,
1.00,"Bandar Shahid Rajaei, Iran","Bandar-e Shahid Rajai, Iran",0.00,1.7,-0.02,1.000,N,174,harmonics_utide_tidetables.txt,harmonics_att_np203.txt,
1.00,"Banka Litke, Russia","Litke Bank, Russia",0.00,6.8,+0.00,1.000,N,181,harmonics_att_np202_secondary.txt,harmonics_noaa_eutt.txt,
1.00,"Bao Zhen, Shanghai, China","Chongming (Nanbuzhen), Shanghai, China",0.00,15.4,+0.57,0.999,H,184,harmonics_noaa_cptt.txt,harmonics_utide_tidetables.txt,
1.00,"Bayou Rigaud, Grand Isle, Mississippi River Delta, Louisiana","Grand Isle, Mississippi River Delta, Louisiana",0.00,0.5,+0.00,1.000,N,209,harmonics-2004-06-14_mod.txt,harmonics-dwf-20251228-free.txt,
1.00,"Berezovvy Bar, Russia","Berezovyy Bar, Russia",0.00,9.0,+0.00,1.000,N,242,harmonics_noaa_eutt.txt,harmonics_att_np202_secondary.txt,
1.00,"Boca De Cangrejos, Isla Verde, San Juan, Puerto Rico","Boca de Cangrejos, Puerto Rico",0.00,4.9,+0.18,0.997,N,273,harmonics-2004-06-14_mod.txt,harmonics-dwf-20251228-free.txt,
1.00,"Breakwater Harbor, Delaware","Breakwater Harbor, Delaware (2) (expired 1983-12-31)",0.00,1.0,+0.03,1.000,N,297,harmonics-2004-06-14_mod.txt,harmonics-2004-06-14_mod.txt,
1.00,"Cap Cameroon, Cameroon","Cap Cameroun, Cameroon",0.00,11.2,-0.28,0.990,H,388,harmonics_noaa_eutt.txt,harmonics_att_np208_secondary.txt,
1.00,"Cape Tik, Russia","Cape Tuik, Russia",0.00,18.5,+0.10,0.734,H,418,harmonics_noaa_cptt.txt,harmonics_att_np204_secondary.txt,
1.00,"Cedar Heights, Broward River, Florida","Cedar Heights, Broward River, St. Johns River, Florida (2)",0.00,1.9,-0.05,0.998,N,441,harmonics-dwf-20251228-free.txt,harmonics-2004-06-14_mod.txt,
1.00,"Chise P'o, South Korea","Chise-p'o, Koje-do, Busan, South Korea",0.00,9.8,-0.27,0.998,N,477,harmonics-1997-05-25_mod.txt,harmonics_noaa_cptt.txt,
1.00,"Clapboard Creek, Pelotes Island, Florida","Clapboard Creek, Pelotes Island, St. Johns River, Florida (4)",0.00,2.3,+0.00,0.999,N,487,harmonics-dwf-20251228-free.txt,harmonics-2004-06-14_mod.txt,
1.00,"Cutler (Farris Wharf), Little River, Maine","Cutler, Little River, Maine",0.00,2.9,+0.08,1.000,N,540,harmonics-dwf-20251228-free.txt,harmonics-2004-06-14_mod.txt,
1.00,"Dadan (Dao), Fujian, China","Dadan Dao [Amoy, outer harbor], Fujian, China",0.00,17.3,+0.15,0.758,H,546,harmonics_att_np204_secondary.txt,harmonics_noaa_cptt.txt,
1.00,"Danmarks Havn, Greenland","Danmarks Havn, Greenland (2)",0.00,20.2,+0.72,0.959,H,558,harmonics_noaa_amtt.txt,harmonics_utide_tidetables.txt,
1.00,"Dongfeng Gang, Shandong, China","Dongfenggang, Shandong, China",0.00,15.7,-0.55,0.989,H,602,harmonics_noaa_cptt.txt,harmonics_utide_tidetables.txt,
1.00,"Dumbarton Bridge, San Francisco Bay, California","Dumbarton Highway Bridge, San Francisco Bay, California",0.00,4.2,+0.22,1.000,N,617,harmonics-2004-06-14_mod.txt,harmonics-dwf-20251228-free.txt,
1.00,"Eleuthera Island (East Coast), Bahamas","Eleuthera Island (east coast), Bahamas",0.00,6.1,+0.27,0.997,N,649,harmonics_noaa_carib.txt,harmonics-2004-06-14_mod.txt,
1.00,"Eleuthera Island (West Coast), Bahamas","Eleuthera Island (west coast), Bahamas",0.00,5.8,+0.22,0.997,N,650,harmonics_noaa_carib.txt,harmonics-2004-06-14_mod.txt,
1.00,"Fang-yuan Po-ti, Taiwan","Fang-yuan, Taiwan",0.00,19.0,-0.12,0.757,H,681,harmonics_noaa_cptt.txt,harmonics_att_np204_secondary.txt,
1.00,"Galveston (Galveston Channel), Texas","Galveston Pier 21, Galveston Channel, Texas",0.00,0.8,+0.02,1.000,N,752,harmonics-2004-06-14_mod.txt,harmonics-dwf-20251228-free.txt,
1.00,"Grand Lahou, Ivory Coast","Grand-Lahou, Ivory Coast",0.00,9.8,+0.00,1.000,N,791,harmonics_att_np208_secondary.txt,harmonics_noaa_eutt.txt,
1.00,"Guba Bazarnava, Russia","Guba Bazarnaya, Russia",0.00,7.7,+0.00,1.000,N,810,harmonics_att_np202_secondary.txt,harmonics_noaa_eutt.txt,
1.00,"Byelushya Bay, Russia","Guba Belushya, Russia",0.00,8.7,+0.18,1.000,N,811,harmonics_noaa_eutt.txt,harmonics_att_np202_secondary.txt,
1.00,"Gryemikha Bay, Russia","Guba Gremikha, Russia",0.00,8.1,+0.00,1.000,N,813,harmonics_noaa_eutt.txt,harmonics_att_np202_secondary.txt,
1.00,"Haimen Wan, Guangdong, China","Haimen, Guangdong, China",0.00,16.9,+0.47,0.995,H,845,harmonics_noaa_cptt.txt,harmonics_utide_tidetables.txt,
1.00,"Haiqin, Guangdong, China","Haixin, Guangdong, China",0.00,18.8,+0.03,0.997,H,847,harmonics_utide_tidetables.txt,harmonics_noaa_cptt.txt,
1.00,"Hampton Roads, Virginia","Hampton Roads, Virginia (2) (expired 1989-12-31)",0.00,2.3,-0.07,1.000,N,859,harmonics-2004-06-14_mod.txt,harmonics-2004-06-14_mod.txt,
1.00,"Hulutao [Hu-Li-T'ao, Pulantien Chiang], Liaoning, China","Hulutao, Liaoning, China",0.00,17.7,-0.08,0.987,H,941,harmonics_noaa_cptt.txt,harmonics_utide_tidetables.txt,
1.00,"Inokushi Ko, Oita, Japan","Inokushi, Oita, Japan",0.00,11.3,+0.03,0.998,H,974,harmonics_noaa_cptt.txt,harmonics-2004-06-14_mod.txt,
1.00,"Jinghai Jiao [Chinghai Point], Shandong, China","Jinghai Jiao, Shandong, China",0.00,15.3,+0.03,0.968,H,1020,harmonics_noaa_cptt.txt,harmonics_att_np204_secondary.txt,
1.00,"Julington Creek, Florida (3)","Julington Creek, Florida (4)",0.00,8.3,-0.17,0.990,N,1032,harmonics-2004-06-14_mod.txt,harmonics-2004-06-14_mod.txt,
1.00,"Ka Do, North Korea","Ka-do, North Korea",0.00,9.8,+0.12,0.982,N,1036,harmonics_att_np204_secondary.txt,harmonics_noaa_cptt.txt,
1.00,"Longbranch (USCOE dredge depot), Florida (3)","Longbranch (USCOE dredge depot), Florida (4)",0.00,5.1,+0.15,0.999,N,1298,harmonics-2004-06-14_mod.txt,harmonics-2004-06-14_mod.txt,
1.00,"Longbranch (USCOE dredge depot), Florida (3)","Longbranch (USCOE dredge depot), Florida (5)",0.00,2.8,-0.10,0.995,N,1298,harmonics-2004-06-14_mod.txt,harmonics-2004-06-14_mod.txt,
1.00,"Longbranch (USCOE dredge depot), Florida (3)","Longbranch (USCOE dredge depot), Florida (6)",0.00,4.4,+0.13,0.998,N,1298,harmonics-2004-06-14_mod.txt,harmonics-2004-06-14_mod.txt,
1.00,"Longbranch (USCOE dredge depot), Florida (4)","Longbranch (USCOE dredge depot), Florida (5)",0.00,5.7,-0.25,0.993,N,1298,harmonics-2004-06-14_mod.txt,harmonics-2004-06-14_mod.txt,
1.00,"Longbranch (USCOE dredge depot), Florida (4)","Longbranch (USCOE dredge depot), Florida (6)",0.00,1.1,-0.02,1.000,N,1298,harmonics-2004-06-14_mod.txt,harmonics-2004-06-14_mod.txt,
1.00,"Longbranch (USCOE dredge depot), Florida (5)","Longbranch (USCOE dredge depot), Florida (6)",0.00,5.2,+0.25,0.992,N,1298,harmonics-2004-06-14_mod.txt,harmonics-2004-06-14_mod.txt,
1.00,"Mare Island Naval Shipyard, Carquinez Strait, California","Mare Island, Naval Shipyard, California",0.00,3.9,-0.22,1.000,N,1365,harmonics-dwf-20251228-free.txt,harmonics-2004-06-14_mod.txt,
1.00,"Attu, Massacre Bay, Alaska","Massacre Bay, Attu Island, Alaska",0.00,0.1,+0.00,1.000,N,1377,harmonics-dwf-20251228-free.txt,harmonics-2004-06-14_mod.txt,
1.00,"Mayport (ferry dock), Florida (3)","Mayport (ferry dock), Florida (4)",0.00,1.0,+0.00,1.000,N,1393,harmonics-2004-06-14_mod.txt,harmonics-2004-06-14_mod.txt,
1.00,"Mayport (ferry dock), Florida (3)","Mayport (ferry dock), Florida (6)",0.00,0.9,+0.00,0.999,N,1393,harmonics-2004-06-14_mod.txt,harmonics-2004-06-14_mod.txt,
1.00,"Mayport (ferry dock), Florida (3)","Mayport (ferry dock), Florida (7)",0.00,1.0,+0.03,1.000,N,1393,harmonics-2004-06-14_mod.txt,harmonics-2004-06-14_mod.txt,
1.00,"Mayport (ferry dock), Florida (3)","Mayport (ferry dock), Florida (8)",0.00,0.7,+0.02,1.000,N,1393,harmonics-2004-06-14_mod.txt,harmonics-2004-06-14_mod.txt,
1.00,"Mayport (ferry dock), Florida (4)","Mayport (ferry dock), Florida (6)",0.00,1.5,+0.00,0.999,N,1393,harmonics-2004-06-14_mod.txt,harmonics-2004-06-14_mod.txt,
1.00,"Mayport (ferry dock), Florida (4)","Mayport (ferry dock), Florida (7)",0.00,1.8,+0.03,1.000,N,1393,harmonics-2004-06-14_mod.txt,harmonics-2004-06-14_mod.txt,
1.00,"Mayport (ferry dock), Florida (4)","Mayport (ferry dock), Florida (8)",0.00,0.8,+0.03,1.000,N,1393,harmonics-2004-06-14_mod.txt,harmonics-2004-06-14_mod.txt,
1.00,"Mayport (ferry dock), Florida (6)","Mayport (ferry dock), Florida (7)",0.00,1.4,+0.03,0.999,N,1393,harmonics-2004-06-14_mod.txt,harmonics-2004-06-14_mod.txt,
1.00,"Mayport (ferry dock), Florida (6)","Mayport (ferry dock), Florida (8)",0.00,1.2,+0.03,0.999,N,1393,harmonics-2004-06-14_mod.txt,harmonics-2004-06-14_mod.txt,
1.00,"Mayport (ferry dock), Florida (7)","Mayport (ferry dock), Florida (8)",0.00,1.3,+0.00,1.000,N,1393,harmonics-2004-06-14_mod.txt,harmonics-2004-06-14_mod.txt,
1.00,"Mo i Rana, Norway","Mo i Rana, Ranfjorden, Norway",0.00,7.5,-0.07,1.000,N,1451,harmonics-1997-05-25_mod.txt,harmonics_noaa_eutt.txt,"Mo i Rana, Ranfjorden, Norway"
1.00,"Monggum P'o, North Korea","Monggum-do, North Korea",0.00,7.8,+0.02,0.999,N,1462,harmonics_att_np204_secondary.txt,harmonics_noaa_cptt.txt,
1.00,"Montevideo (Base Naval Cerro), Uruguay","Montevideo, Uruguay",0.00,8.3,-0.10,0.962,N,1466,harmonics-1997-05-25_mod.txt,harmonics_att_np207.txt,
1.00,"Mu Do, North Korea","Mu-do, Haeju-man, South Korea",0.00,9.3,+0.27,0.998,N,1481,harmonics_att_np204_secondary.txt,harmonics_noaa_cptt.txt,
1.00,"Mys Velikiy, Russia","Veliki Point, Russia",0.00,7.1,+0.00,1.000,N,1523,harmonics_att_np202_secondary.txt,harmonics_noaa_eutt.txt,
1.00,"N'Zeto, Angola","N'zeto, Angola",0.00,9.6,+0.05,0.979,N,1527,harmonics_noaa_eutt.txt,harmonics_att_np208_secondary.txt,"N'zeto, Angola"
1.00,"New York, New York","New York, New York (2) (expired 1993-12-31)",0.00,2.5,-0.10,1.000,N,1575,harmonics-2004-06-14_mod.txt,harmonics-2004-06-14_mod.txt,
1.00,"Ochong Do, South Korea","Ochongdo, South Korea",0.00,9.2,+0.22,0.993,N,1637,harmonics-1997-05-25_mod.txt,harmonics_noaa_cptt.txt,
1.00,"Omura, Nagasaki, Japan","Omura, Omura Wan, Nagasaki, Japan",0.00,13.6,+0.22,0.975,H,1671,harmonics-2004-06-14_mod.txt,harmonics_noaa_cptt.txt,"Omura, Omura Wan, Nagasaki, Japan"
1.00,"Ortega River Entrance, Florida (3)","Ortega River Entrance, Florida (4)",0.00,5.7,-0.03,0.988,N,1688,harmonics-2004-06-14_mod.txt,harmonics-2004-06-14_mod.txt,
1.00,"Port Jefferson, Long Island Sound, New York","Port Jefferson, Long Island, New York",0.00,0.9,+0.00,1.000,N,1877,harmonics-2004-06-14_mod.txt,harmonics-dwf-20251228-free.txt,"Port Jefferson, Long Island, New York"
1.00,"Port Kem, Russia","Port Kem, Russia (2)",0.00,2.3,+0.00,0.999,N,1882,harmonics-1997-05-25_mod.txt,harmonics_utide_tidetables.txt,
1.00,"Port Vladimir, Russia","Port Vladimirski, Russia",0.00,17.7,+0.07,1.000,H,1916,harmonics_att_np202_secondary.txt,harmonics_noaa_eutt.txt,
1.00,"Huang Dao, Shandong, China","Huangdao, Shandong, China",0.00,9.7,-0.05,0.986,N,2021,harmonics_noaa_cptt.txt,harmonics_utide_tidetables.txt,
1.00,"Drozdovka Bay, Russia","Reka Drozdovka, Russia",0.00,15.5,+0.00,1.000,H,2050,harmonics_noaa_eutt.txt,harmonics_att_np202_secondary.txt,
1.00,"Chevron Oil Company Pier, Richmond, San Francisco Bay, California","Richmond, Chevron Oil Pier, California",0.00,1.0,-0.03,1.000,N,2070,harmonics-dwf-20251228-free.txt,harmonics-2004-06-14_mod.txt,
1.00,"Rongelap Atoll, Marshall Islands","Rongelap Island, Rongelap Atoll, Marshall Islands",0.00,4.0,+0.13,0.998,N,2086,harmonics_att_np204_secondary.txt,harmonics_noaa_pacif.txt,
1.00,"Salisbury, Wicomico River, Chesapeake Bay, Maryland","Salisbury, Wicomico River, Maryland",0.00,8.3,+0.30,0.998,N,2139,harmonics-2004-06-14_mod.txt,harmonics-dwf-20251228-free.txt,"Salisbury, Wicomico River, Chesapeake Bay, Maryland"
1.00,"Savannah River Entrance, Georgia","Savannah River Entrance, Georgia (2) (expired 1989-12-31)",0.00,1.1,-0.02,1.000,N,2193,harmonics-2004-06-14_mod.txt,harmonics-2004-06-14_mod.txt,
1.00,"She Shan, Shanghai, China","Sheshan, Shanghai, China",0.00,10.0,+0.02,0.992,N,2244,harmonics_noaa_cptt.txt,harmonics_utide_tidetables.txt,
1.00,"Shibeishan Jiao, Guangdong, China","Shibeshan Jiao, Guangdong, China",0.00,21.9,-0.22,0.992,H,2251,harmonics_att_np204_secondary.txt,harmonics_noaa_cptt.txt,
1.00,"Sisters Creek, Florida","Sisters Creek, St. Johns River, Florida",0.00,1.7,+0.07,0.999,N,2296,harmonics-dwf-20251228-free.txt,harmonics-2004-06-14_mod.txt,"Sisters Creek, St. Johns River, Florida"
1.00,"Sok To, North Korea","Sok-to, North Korea",0.00,9.9,+0.13,0.983,N,2305,harmonics_att_np204_secondary.txt,harmonics_noaa_cptt.txt,
1.00,"St. Marks River Entrance, Florida","St. Marks River Entrance, Florida (2) (expired 1995-12-31)",0.00,0.0,+0.00,1.000,N,2337,harmonics-2004-06-14_mod.txt,harmonics-2004-06-14_mod.txt,
1.00,"St. Marks River Entrance, Florida","St. Marks River Entrance, Florida (3) (expired 1984-12-31)",0.00,4.8,-0.22,0.999,N,2337,harmonics-2004-06-14_mod.txt,harmonics-2004-06-14_mod.txt,
1.00,"St. Marks River Entrance, Florida (2) (expired 1995-12-31)","St. Marks River Entrance, Florida (3) (expired 1984-12-31)",0.00,4.8,-0.22,0.999,N,2337,harmonics-2004-06-14_mod.txt,harmonics-2004-06-14_mod.txt,
1.00,"Stamford Harbor, Stamford, Connecticut","Stamford, Connecticut",0.00,1.6,+0.02,0.999,N,2342,harmonics-dwf-20251228-free.txt,harmonics-2004-06-14_mod.txt,
1.00,"Suun Do, North Korea","Suun-do, North Korea",0.00,9.8,+0.12,0.978,N,2380,harmonics_att_np204_secondary.txt,harmonics_noaa_cptt.txt,
1.00,"T'u-ko-k'u Kang, Taiwan","T'u-ko-k'u, Taiwan",0.00,20.5,-0.15,0.746,H,2385,harmonics_noaa_cptt.txt,harmonics_att_np204_secondary.txt,
1.00,"Tabou River, Ivory Coast","Tabou, Ivory Coast",0.00,12.8,+0.00,1.000,H,2390,harmonics_noaa_eutt.txt,harmonics_att_np208_secondary.txt,
1.00,"Tuoji Dao, Shandong, China","Tuojidao, Shandong, China",0.00,11.8,+12.00,0.946,H,2571,harmonics_noaa_cptt.txt,harmonics_utide_tidetables.txt,
1.00,"Udskaya Bay, Russia","Udskaya Guba, Russia",0.00,13.0,+0.12,0.981,H,2585,harmonics_noaa_cptt.txt,harmonics_att_np204_secondary.txt,
1.00,"Ulsan, Busan, South Korea","Ulsan, South Korea",0.00,23.4,-12.00,0.909,H,2592,harmonics_noaa_cptt.txt,harmonics_utide_tidetables.txt,"Ulsan, Busan, South Korea"
1.00,"Unmu Do, North Korea","Unmu-do, North Korea",0.00,10.1,+0.18,0.982,H,2597,harmonics_att_np204_secondary.txt,harmonics_noaa_cptt.txt,
1.00,"Usujiri Wan, Hokkaido, Japan","Usujiri, Hokkaido, Japan",0.00,9.3,+0.08,0.996,N,2606,harmonics_noaa_cptt.txt,harmonics-2004-06-14_mod.txt,
1.00,"Wollae Do, North Korea","Wollae-do, North Korea",0.00,10.0,+0.17,0.982,H,2698,harmonics_att_np204_secondary.txt,harmonics_noaa_cptt.txt,
1.00,"Xiaochangshan Dao, Liaoning, China","Xiaochangshandao, Liaoning, China",0.00,8.9,+0.08,0.999,N,2706,harmonics_noaa_cptt.txt,harmonics_utide_tidetables.txt,
1.00,"Yinggehai, China","Yinggehai, Hainan, China",0.00,17.6,-0.48,0.964,H,2725,harmonics_noaa_cptt.txt,harmonics_utide_tidetables.txt,"Yinggehai, Hainan, China"
1.00,"Ayan Bay, Russia","Zaliv Ayan, Russia",0.00,14.8,-0.13,0.967,H,2739,harmonics_noaa_cptt.txt,harmonics_att_np204_secondary.txt,
1.00,"Pukhovy Bay, Russia","Zaliv Pukhovyy, Russia",0.00,11.5,+0.00,1.000,H,2743,harmonics_noaa_eutt.txt,harmonics_att_np202_secondary.txt,
1.00,"Paradeep, Odisha, India","Paradip, Odisha, India",0.01,6.4,-0.28,0.999,N,1755,harmonics-1997-05-25_mod.txt,harmonics_att_np203_secondary.txt,
1.00,"Terschelling, west, Netherlands","West-Terschelling, Netherlands",0.01,0.9,+0.05,1.000,HN,2677,harmonics_utide_observations.txt,harmonics-dwf-20100529-nonfree_mod.txt,
1.00,"Kharimkotan, Russia","Ostrov Charimkotan, Kuril Islands, Russia",0.02,6.3,-0.02,0.999,N,1700,harmonics_noaa_cptt.txt,harmonics-2004-06-14_mod.txt,
1.00,"Sitka, Alaska","Sitka, Baronof Island, Sitka Sound, Alaska",0.02,0.5,+0.00,1.000,N,2297,harmonics-2004-06-14_mod.txt,harmonics-dwf-20251228-free.txt,
1.00,"Arikawa (Nakadorijima), Nagasaki, Japan","Arikawa Wan, Nakadori Shima, Nagasaki, Japan",0.03,12.0,+0.05,1.000,H,86,harmonics-2004-06-14_mod.txt,harmonics_noaa_cptt.txt,
1.00,"Dahlgren, Upper Machodoc Creek, Potomac River, Virginia","Dahlgren, Upper Machodoc Creek, Virginia",0.03,5.1,-0.15,0.999,N,551,harmonics-dwf-20251228-free.txt,harmonics-2004-06-14_mod.txt,"Dahlgren, Upper Machodoc Creek, Potomac River, Virginia"
1.00,"Kaunakakai Harbor, Molokai Island, Hawaii","Kaunakakai, Molokai (Hawaii)",0.03,2.7,-0.02,0.999,N,1086,harmonics-dwf-20251228-free.txt,harmonics-2004-06-14_mod.txt,
1.00,"Newport Bay Entrance, Corona del Mar, California","Newport Beach, Newport Bay entrance, Corona del Mar, California",0.03,0.1,+0.00,1.000,N,1583,harmonics-2004-06-14_mod.txt,harmonics-dwf-20251228-free.txt,
1.00,"Rincon Island, California","Rincon Island, Mussel Shoals, Santa Barbara Channel, California",0.03,0.8,+0.00,1.000,N,2074,harmonics-2004-06-14_mod.txt,harmonics-dwf-20251228-free.txt,
1.00,"Dame Point, St. Johns River, Florida","St. Johns River at Dames Point (N. end, SR 9A bridge), Florida (5)",0.03,5.1,-0.07,0.997,N,2331,harmonics-dwf-20251228-free.txt,harmonics-2004-06-14_mod.txt,
1.00,"Uke Shima, Kagoshima, Japan","Ukeshima, Kagoshima, Japan",0.03,10.7,+0.00,1.000,H,2588,harmonics_noaa_cptt.txt,harmonics-2004-06-14_mod.txt,
1.00,"Astoria (Tongue Point), Oregon (2) (expired 1985-12-31)","Astoria (Tongue Point), Oregon (3)",0.04,2.3,+0.13,1.000,N,97,harmonics-2004-06-14_mod.txt,harmonics-2004-06-14_mod.txt,
1.00,"Bath, Netherlands","Rilland, Bath, Netherlands",0.04,1.1,+0.03,1.000,N,201,harmonics_ticon4_worldwide.txt,harmonics_utide_observations.txt,
1.00,"Bimbia River Entrance, Cameroon","Bimbia River entrance, Cameroon",0.05,16.6,-0.45,0.989,H,259,harmonics_att_np208_secondary.txt,harmonics_noaa_eutt.txt,"Bimbia River entrance, Cameroon"
1.00,"Karumo Jima, Hyogo, Japan","Karumojima, Hyogo, Japan",0.05,11.6,+0.08,1.000,H,1077,harmonics_noaa_cptt.txt,harmonics-2004-06-14_mod.txt,
1.00,"Shenge Point, Sherbro River, Sierra Leone","Shenge Point, Sierra Leone",0.05,11.5,-0.33,0.977,H,2247,harmonics_noaa_eutt.txt,harmonics_att_np208_secondary.txt,"Shenge Point, Sherbro River, Sierra Leone"
1.00,"Den Oever, Netherlands","Den Oever, Waddenzee voorhaven, Netherlands",0.06,0.9,+0.03,1.000,N,574,harmonics-dwf-20100529-nonfree_mod.txt,harmonics_utide_observations.txt,"Den Oever, Waddenzee voorhaven, Netherlands"
1.00,"Humboldt Bay, North Spit, California (2) (expired 1993-12-31)","North Spit, Humboldt Bay, California",0.06,2.9,+0.17,1.000,N,942,harmonics-2004-06-14_mod.txt,harmonics-dwf-20251228-free.txt,
1.00,"Lemesos (Limassol), Cyprus","Limassol, Cyprus",0.06,9.4,-0.32,0.998,N,1274,harmonics_utide_observations.txt,harmonics_att_np208.txt,
1.00,"Juneau, Alaska","Juneau, Gastineau Channel, Stephens Pass, Alaska",0.08,0.9,+0.00,1.000,N,1033,harmonics-2004-06-14_mod.txt,harmonics-dwf-20251228-free.txt,
1.00,"New York, New York","The Battery, New York Harbor, New York",0.09,1.1,+0.05,1.000,N,1575,harmonics-2004-06-14_mod.txt,harmonics-dwf-20251228-free.txt,
1.00,"New York, New York (2) (expired 1993-12-31)","The Battery, New York Harbor, New York",0.09,3.5,+0.15,1.000,N,1575,harmonics-2004-06-14_mod.txt,harmonics-dwf-20251228-free.txt,
1.00,"San Francisco, California (2) (expired 1998-12-31)","San Francisco, San Francisco Bay, California",0.09,0.8,+0.03,1.000,N,2153,harmonics-2004-06-14_mod.txt,harmonics-dwf-20251228-free.txt,
1.00,"Boston, Boston Harbor, Massachusetts","Boston, Massachusetts (2) (expired 1986-12-31)",0.12,2.0,-0.07,1.000,N,287,harmonics-dwf-20251228-free.txt,harmonics-2004-06-14_mod.txt,
1.00,"Port Townsend (Point Hudson), Admiralty Inlet, Washington","Port Townsend, Washington (2) (expired 1991-12-31)",0.12,0.4,-0.02,1.000,GN,1913,harmonics-dwf-20251228-free.txt,harmonics-2004-06-14_mod.txt,
1.00,"Astoria (Tongue Point), Oregon (3)","Tongue Point, Astoria, Columbia River, Oregon",0.13,2.1,+0.08,1.000,N,97,harmonics-2004-06-14_mod.txt,harmonics-dwf-20251228-free.txt,
1.00,"Plymouth Harbor, Plymouth, Cape Cod Bay, Massachusetts","Plymouth, Massachusetts",0.13,1.1,+0.03,1.000,N,1816,harmonics-dwf-20251228-free.txt,harmonics-2004-06-14_mod.txt,
1.00,"Fort Myers, Caloosahatchee River, Florida","Fort Myers, Florida (2) (expired 1999-03-25)",0.14,4.1,-0.20,0.999,N,715,harmonics-dwf-20251228-free.txt,harmonics-2004-06-14_mod.txt,
1.00,"Juneau, Alaska (2)","Juneau, Gastineau Channel, Stephens Pass, Alaska",0.14,0.4,+0.00,1.000,N,1033,harmonics-2004-06-14_mod.txt,harmonics-dwf-20251228-free.txt,
1.00,"Matoya Ko, Mie, Japan","Matoya, Mie, Japan",0.14,10.0,-0.07,0.999,H,1384,harmonics_noaa_cptt.txt,harmonics-2004-06-14_mod.txt,
1.00,"Racy Point, St. Johns River, Florida","St. Johns River at Racy Point, Florida",0.14,4.3,-0.13,0.996,N,2333,harmonics-dwf-20251228-free.txt,harmonics-2004-06-14_mod.txt,
1.00,"Amuay, Venezuela","Amuay, Venezuela (2)",0.17,1.9,-0.05,0.999,N,45,harmonics-1997-05-25_mod.txt,harmonics_utide_tidetables.txt,
1.00,"Astoria (Tongue Point), Oregon (2) (expired 1985-12-31)","Tongue Point, Astoria, Columbia River, Oregon",0.17,4.2,+0.22,1.000,N,97,harmonics-2004-06-14_mod.txt,harmonics-dwf-20251228-free.txt,
1.00,"Ketchikan, Alaska","Ketchikan, Tongass Narrows, Alaska",0.17,0.5,+0.02,1.000,N,1100,harmonics-2004-06-14_mod.txt,harmonics-dwf-20251228-free.txt,"Ketchikan, Tongass Narrows, Alaska"
1.00,"Ondo Seto, Hiroshima, Japan","Ondo-no Seto (Kurahashi-jima), Hiroshima, Japan",0.17,10.7,-0.13,1.000,H,1673,harmonics_noaa_cptt.txt,harmonics-2004-06-14_mod.txt,
1.00,"Kabashima Suido, Nagasaki, Japan","Kabashima, Nagasaki, Japan",0.18,11.5,-0.03,0.999,H,1038,harmonics_noaa_cptt.txt,harmonics-2004-06-14_mod.txt,
1.00,"Wadomari (Okinoerabujima), Kagoshima, Japan","Wadomari, Okinoyerabu Jima, Kagoshima, Japan",0.18,10.8,+0.07,0.999,H,2644,harmonics-2004-06-14_mod.txt,harmonics_noaa_cptt.txt,
1.00,"Atlantic City (Steel Pier), New Jersey (2)","Atlantic City, New Jersey",0.19,1.4,+0.00,1.000,N,101,harmonics-2004-06-14_mod.txt,harmonics-dwf-20251228-free.txt,
1.00,"Atlantic City (Steel Pier), New Jersey (4)","Atlantic City, New Jersey",0.19,4.2,-0.12,0.998,N,101,harmonics-2004-06-14_mod.txt,harmonics-dwf-20251228-free.txt,
1.00,"Skagway, Alaska","Skagway, Taiya Inlet, Lynn Canal, Alaska",0.19,0.2,-0.02,1.000,N,2299,harmonics-2004-06-14_mod.txt,harmonics-dwf-20251228-free.txt,
1.00,"Shell Point, Florida (2) (expired 1989-08-09)","Shell Point, Walker Creek, Apalachee Bay, Florida",0.20,4.0,+0.00,0.995,N,2246,harmonics-2004-06-14_mod.txt,harmonics-dwf-20251228-free.txt,
1.00,"Juneau, Alaska","Juneau, Alaska (2)",0.21,0.8,+0.00,1.000,N,1033,harmonics-2004-06-14_mod.txt,harmonics-2004-06-14_mod.txt,
1.00,"Padre Island, Brazos Santiago Pass, Texas","South Padre Island, Brazos Santiago Pass, Texas",0.21,5.8,-0.08,1.000,N,2581,harmonics-dwf-20251228-free.txt,harmonics-dwf-20251228-free.txt,
1.00,"Aveiro, Portugal","Barra de Aveiro (Gafanha da Nazaré), Portugal",0.22,16.4,+0.10,1.000,HN,107,harmonics_utide_tidetables.txt,harmonics_noaa_eutt.txt,
1.00,"Suisho To, Hokkaido, Japan","Suisho-jima, Hokkaido, Japan",0.22,14.2,-0.30,0.962,H,2361,harmonics_noaa_cptt.txt,harmonics-2004-06-14_mod.txt,
1.00,"Santa Monica, Municipal Pier, California","Santa Monica, Municipal Pier, San Pedro Channel, California",0.24,1.1,+0.05,1.000,N,2179,harmonics-2004-06-14_mod.txt,harmonics-dwf-20251228-free.txt,"Santa Monica, Municipal Pier, San Pedro Channel, California"
1.00,"Unalaska, Alaska","Unalaska, Dutch Harbor, Alaska",0.25,1.0,+0.05,1.000,N,626,harmonics-2004-06-14_mod.txt,harmonics-dwf-20251228-free.txt,"Unalaska, Dutch Harbor, Alaska"
1.00,"Key West (Naval Base), Florida","Key West, Florida",0.27,1.7,-0.02,1.000,N,1101,harmonics-2004-06-14_mod.txt,harmonics-dwf-20251228-free.txt,
1.00,"Merrimack River Entrance, Massachusetts","Plum Island, Merrimack River entrance, Merrimack River, Massachusetts",0.27,3.5,-0.07,1.000,N,1416,harmonics-2004-06-14_mod.txt,harmonics-dwf-20251228-free.txt,
1.00,"Castries, Saint Lucia","Port Castries, Saint Lucia",0.27,18.1,+0.97,0.995,L,1863,harmonics_noaa_carib.txt,harmonics-1997-05-25_mod.txt,
1.00,"Mikuriya, Imari Wan, Nagasaki, Japan","Mikuriya, Nagasaki, Japan",0.28,9.6,-0.32,0.999,N,1427,harmonics_noaa_cptt.txt,harmonics-2004-06-14_mod.txt,"Mikuriya, Imari Wan, Nagasaki, Japan"
1.00,"Drakes Bay, Point Reyes, California","Point Reyes, California (2)",0.30,0.4,-0.02,1.000,N,1822,harmonics-dwf-20251228-free.txt,harmonics-2004-06-14_mod.txt,
1.00,"Tori Shima, Tokyo, Japan","Torishima, Tokyo, Japan",0.30,11.6,-0.15,0.997,H,2526,harmonics_noaa_cptt.txt,harmonics-2004-06-14_mod.txt,
1.00,"Mera Koura, Shizuoka, Japan","Merakoura Ko, Shizuoka, Japan",0.33,9.2,+0.08,1.000,N,1410,harmonics-2004-06-14_mod.txt,harmonics_noaa_cptt.txt,
1.00,"Port Washington, Manhasset Bay, Long Island Sound, New York","Port Washington, Manhasset Bay, Long Island, New York",0.33,4.2,+0.12,0.999,N,1917,harmonics-2004-06-14_mod.txt,harmonics-dwf-20251228-free.txt,"Port Washington, Manhasset Bay, Long Island, New York"
1.00,"Bridgeport Harbor, Bridgeport, Connecticut","Bridgeport, Connecticut",0.34,1.6,+0.05,1.000,N,301,harmonics-dwf-20251228-free.txt,harmonics-2004-06-14_mod.txt,
1.00,"San Juan, La Puntilla, San Juan Bay, Puerto Rico","San Juan, Puerto Rico (3)",0.34,2.6,+0.05,1.000,N,2156,harmonics-dwf-20251228-free.txt,harmonics-2004-06-14_mod.txt,
1.00,"Ie Shima, Hyogo, Japan","Ieshima (Harima Nada), Hyogo, Japan",0.37,7.0,-0.08,1.000,N,953,harmonics_noaa_cptt.txt,harmonics-2004-06-14_mod.txt,
1.00,"Mayport (ferry dock), Florida","Mayport (ferry dock), Florida (3)",0.37,1.8,+0.07,1.000,N,1393,harmonics-2004-06-14_mod.txt,harmonics-2004-06-14_mod.txt,
1.00,"Mayport (ferry dock), Florida","Mayport (ferry dock), Florida (4)",0.37,1.5,+0.07,1.000,N,1393,harmonics-2004-06-14_mod.txt,harmonics-2004-06-14_mod.txt,
1.00,"Mayport (ferry dock), Florida","Mayport (ferry dock), Florida (6)",0.37,1.9,+0.07,1.000,N,1393,harmonics-2004-06-14_mod.txt,harmonics-2004-06-14_mod.txt,
1.00,"Mayport (ferry dock), Florida","Mayport (ferry dock), Florida (7)",0.37,2.6,+0.10,0.999,N,1393,harmonics-2004-06-14_mod.txt,harmonics-2004-06-14_mod.txt,
1.00,"Mayport (ferry dock), Florida","Mayport (ferry dock), Florida (8)",0.37,2.0,+0.10,1.000,N,1393,harmonics-2004-06-14_mod.txt,harmonics-2004-06-14_mod.txt,
1.00,"Clarks Point, New Bedford, Buzzards Bay, Massachusetts","New Bedford, Buzzards Bay, Massachusetts",0.38,4.0,+0.15,1.000,N,1573,harmonics-dwf-20251228-free.txt,harmonics-2004-06-14_mod.txt,
1.00,"Kashiwa, Ehime, Japan","Kashiwazaki, Ehime, Japan",0.39,11.8,+0.07,0.991,H,1082,harmonics_noaa_cptt.txt,harmonics-2004-06-14_mod.txt,
1.00,"Konominato Ura, Fukuoka, Japan","Konominato, Fukuoka, Japan",0.39,12.9,-0.28,0.973,H,1137,harmonics_noaa_cptt.txt,harmonics-2004-06-14_mod.txt,
1.00,"Gamagori, Aichi, Japan","Gamagori, Mikawa Wan, Aichi, Japan",0.40,12.5,-0.03,0.999,HN,754,harmonics-2004-06-14_mod.txt,harmonics_noaa_cptt.txt,"Gamagori, Mikawa Wan, Aichi, Japan"
1.00,"San Diego, California","San Diego, San Diego Bay, California",0.41,3.6,+0.18,1.000,N,2149,harmonics-2004-06-14_mod.txt,harmonics-dwf-20251228-free.txt,"San Diego, San Diego Bay, California"
1.00,"Ajiro Ko, Shizuoka, Japan","Ajiro, Shizuoka, Japan",0.42,9.7,-0.13,1.000,N,24,harmonics_noaa_cptt.txt,harmonics-2004-06-14_mod.txt,
1.00,"Nassau, New Providence Island, Bahamas","Nassau, New Providence Island, Bahamas (2)",0.42,7.3,+0.25,0.997,N,1557,harmonics_noaa_carib.txt,harmonics-2004-06-14_mod.txt,
1.00,"Honolulu, Honolulu Harbor, Oahu Island, Hawaii","Honolulu, Oahu (Hawaii) (2) (expired 1989-12-31)",0.44,1.4,-0.07,1.000,N,926,harmonics-dwf-20251228-free.txt,harmonics-2004-06-14_mod.txt,
1.00,"Kogushi, Okayama Suido, Okayama, Japan","Kogushi, Okayama, Japan",0.44,11.5,-0.05,0.998,H,1129,harmonics_noaa_cptt.txt,harmonics-2004-06-14_mod.txt,"Kogushi, Okayama Suido, Okayama, Japan"
1.00,"Sekiu, Clallam Bay, Strait of Juan de Fuca, Washington","Sekiu, Washington",0.44,0.5,+0.02,1.000,N,2219,harmonics-dwf-20251228-free.txt,harmonics-2004-06-14_mod.txt,
1.00,"Hampton Roads, Virginia","Sewells Point, Hampton Roads, Virginia",0.45,2.4,+0.03,1.000,N,859,harmonics-2004-06-14_mod.txt,harmonics-dwf-20251228-free.txt,
1.00,"Hampton Roads, Virginia (2) (expired 1989-12-31)","Sewells Point, Hampton Roads, Virginia",0.45,2.8,+0.08,1.000,N,859,harmonics-2004-06-14_mod.txt,harmonics-dwf-20251228-free.txt,
1.00,"Omu Ko, Hokkaido, Japan","Omu, Hokkaido, Japan",0.45,10.6,+0.35,0.973,H,1670,harmonics_noaa_cptt.txt,harmonics-2004-06-14_mod.txt,
1.00,"Terschelling, west, Netherlands","West Terschelling, Netherlands",0.46,12.6,+0.25,0.993,HN,2677,harmonics_utide_observations.txt,harmonics_noaa_eutt.txt,
1.00,"Dordrecht Oude Maas, Beneden Merwede, Netherlands","Dordrecht, Netherlands",0.47,19.6,-0.65,0.996,H,604,harmonics_utide_observations.txt,harmonics_noaa_eutt.txt,
1.00,"West Terschelling, Netherlands","West-Terschelling, Netherlands",0.47,12.1,-0.22,0.995,HN,2677,harmonics_noaa_eutt.txt,harmonics-dwf-20100529-nonfree_mod.txt,
1.00,"Rubeshibetsu Saki, Hokkaido, Japan","Rubeshibetsu, Hokkaido, Japan",0.49,8.6,-0.13,0.997,N,2096,harmonics_noaa_cptt.txt,harmonics-2004-06-14_mod.txt,
1.00,"Ao Shima, Ehime, Japan","Aoshima, Ehime, Japan",0.50,11.0,-0.13,1.000,H,70,harmonics_noaa_cptt.txt,harmonics-2004-06-14_mod.txt,
1.00,"Habu (Izu Oshima), Tokyo, Japan","Habu Ko, O Shima, Tokyo, Japan",0.51,8.6,+0.15,1.000,N,838,harmonics-2004-06-14_mod.txt,harmonics_noaa_cptt.txt,
1.00,"Hansweert, Netherlands","Hansweert, West Schelde River, Netherlands",0.51,11.8,-0.17,1.000,H,864,harmonics_utide_observations.txt,harmonics_noaa_eutt.txt,
1.00,"Yeosu New Harbor Breakwater, South Korea","Yeosu, South Korea",0.51,1.2,+0.00,1.000,N,2724,harmonics_utide_tidetables.txt,harmonics_utide_tidetables.txt,
1.00,"Setoda (Ikuchi-jima), Hiroshima, Japan","Setoda, Ikuchi Jima, Hiroshima, Japan",0.56,11.5,+0.18,0.998,H,2231,harmonics-2004-06-14_mod.txt,harmonics_noaa_cptt.txt,
1.00,"L'Islet, Québec, Canada","L'Islet-sur-Mer, Québec, Canada",0.57,13.0,-0.40,0.997,H,1201,harmonics_noaa_amtt.txt,harmonics-2004-06-14_mod.txt,
1.00,"Government Cut, Miami Harbor entrance, Florida","Miami Harbor Entrance, Florida",0.58,5.9,+0.22,0.999,N,1420,harmonics-dwf-20251228-free.txt,harmonics-2004-06-14_mod.txt,
1.00,"Reedy Point, C&D Canal, Delaware","Reedy Point, Delaware (2) (expired 1994-12-31)",0.58,5.0,-0.20,0.999,N,2047,harmonics-dwf-20251228-free.txt,harmonics-2004-06-14_mod.txt,
1.00,"Berkeley, California","Berkeley, San Francisco Bay, California",0.64,2.9,+0.13,1.000,N,245,harmonics-2004-06-14_mod.txt,harmonics-dwf-20251228-free.txt,
1.00,"Great Sound, Ireland Island, Bermuda","Ireland Island (Great Sound), Bermuda",0.64,3.5,-0.13,0.999,N,798,harmonics-1997-05-25_mod.txt,harmonics_noaa_carib.txt,
1.00,"Oshika (Tsushima), Nagasaki, Japan","Oshika, Nagasaki, Japan",0.65,13.6,+0.12,0.998,H,1692,harmonics-2004-06-14_mod.txt,harmonics_noaa_cptt.txt,
1.00,"Provincetown, Cape Cod, Massachusetts","Provincetown, Massachusetts",0.65,5.2,-0.20,1.000,N,1959,harmonics-dwf-20251228-free.txt,harmonics-2004-06-14_mod.txt,
1.00,"Sandy Hook, Fort Hancock, New Jersey","Sandy Hook, New Jersey",0.65,1.8,-0.07,1.000,N,2170,harmonics-dwf-20251228-free.txt,harmonics-2004-06-14_mod.txt,
1.00,"Ponta do Altar (Ferragudo), Portugal","Ponta do Altar, Portugal",0.66,8.9,-0.18,1.000,N,1839,harmonics_att_np208_secondary.txt,harmonics_noaa_eutt.txt,
1.00,"Sausalito, California","Sausalito, San Francisco Bay, California",0.66,1.5,+0.00,1.000,GN,2191,harmonics-2004-06-14_mod.txt,harmonics-dwf-20251228-free.txt,
1.00,"Tosadomari, Muyano Seto, Tokushima, Japan","Tosadomari, Tokushima, Japan",0.66,18.0,-0.22,0.965,H,2528,harmonics_noaa_cptt.txt,harmonics-2004-06-14_mod.txt,
1.00,"Gokasho Ko, Mie, Japan","Sazaura (Gokasho Bay), Mie, Japan",0.70,10.8,-0.07,1.000,H,2194,harmonics_noaa_cptt.txt,harmonics-2004-06-14_mod.txt,
1.00,"Longbranch (USCOE dredge depot), Florida (3)","St. Johns River at Long Branch, USCOE dredge depot, Florida",0.74,5.5,+0.07,0.996,N,1298,harmonics-2004-06-14_mod.txt,harmonics-2004-06-14_mod.txt,
1.00,"Longbranch (USCOE dredge depot), Florida (4)","St. Johns River at Long Branch, USCOE dredge depot, Florida",0.74,7.0,-0.08,0.995,N,1298,harmonics-2004-06-14_mod.txt,harmonics-2004-06-14_mod.txt,
1.00,"Longbranch (USCOE dredge depot), Florida (5)","St. Johns River at Long Branch, USCOE dredge depot, Florida",0.74,5.8,+0.17,0.994,N,1298,harmonics-2004-06-14_mod.txt,harmonics-2004-06-14_mod.txt,
1.00,"Longbranch (USCOE dredge depot), Florida (6)","St. Johns River at Long Branch, USCOE dredge depot, Florida",0.74,6.8,-0.07,0.995,N,1298,harmonics-2004-06-14_mod.txt,harmonics-2004-06-14_mod.txt,
1.00,"Semzha River mouth, Russia","Semzha, Russia",0.75,12.7,+0.17,1.000,H,2225,harmonics_noaa_eutt.txt,harmonics_att_np202_secondary.txt,
1.00,"Dumbarton Bridge, San Francisco Bay, California","Dumbarton Bridge, San Francisco Bay, California (2)",0.76,3.9,+0.02,0.999,N,617,harmonics-2004-06-14_mod.txt,harmonics-2004-06-14_mod.txt,
1.00,"Dumbarton Bridge, San Francisco Bay, California (2)","Dumbarton Highway Bridge, San Francisco Bay, California",0.76,6.2,+0.20,0.998,N,617,harmonics-2004-06-14_mod.txt,harmonics-dwf-20251228-free.txt,
1.00,"Samcheonpo Breakwater, South Korea","Samcheonpo, South Korea",0.78,0.0,+0.00,1.000,N,2142,harmonics_utide_tidetables.txt,harmonics_utide_tidetables.txt,
1.00,"Fukura Ura, Awaji, Hyogo, Japan","Fukura, Hyogo, Japan",0.80,8.6,+0.00,0.999,N,734,harmonics_noaa_cptt.txt,harmonics-2004-06-14_mod.txt,
1.00,"Meetpost Noordwijk, Netherlands","Noordwijk, meetpost, Netherlands",0.80,0.8,+0.02,1.000,N,1400,harmonics-dwf-20100529-nonfree_mod.txt,harmonics_utide_observations.txt,
1.00,"Nishikomi Wan (Amami Oshima), Kagoshima, Japan","Nishikomi, Kagoshima, Japan",0.83,11.2,+0.03,0.999,H,1597,harmonics-2004-06-14_mod.txt,harmonics_noaa_cptt.txt,
1.00,"Gloucester Harbor (Ten Pound Island), Massachusetts","Gloucester Harbor, Massachusetts",0.85,1.0,+0.00,1.000,N,772,harmonics-2004-06-14_mod.txt,harmonics-dwf-20251228-free.txt,
1.00,"Tsu Ko, Iseno Umi, Mie, Japan","Tsu, Mie, Japan",0.85,12.9,-0.05,0.999,H,2558,harmonics_noaa_cptt.txt,harmonics-2004-06-14_mod.txt,
1.00,"Saganoseki (Shimoura), Oita, Japan","Saganoseki, Oita, Japan",0.86,13.9,-0.50,0.995,HL,2109,harmonics-2004-06-14_mod.txt,harmonics_noaa_cptt.txt,
1.00,"Usuka Wan, Hirado Shima, Nagasaki, Japan","Usuka Wan, Nagasaki, Japan",0.87,12.6,-0.08,0.998,H,2607,harmonics_noaa_cptt.txt,harmonics-2004-06-14_mod.txt,
1.00,"Takara Shima, Kagoshima, Japan","Takarajima, Kagoshima, Japan",0.88,10.8,+0.02,0.999,H,2403,harmonics_noaa_cptt.txt,harmonics-2004-06-14_mod.txt,
1.00,"Akkeshi Ko, Hokkaido, Japan","Akkeshi Wan, Hokkaido, Japan",0.90,13.4,+0.58,0.999,HLN,29,harmonics-2004-06-14_mod.txt,harmonics_noaa_cptt.txt,
1.00,"Stavenisse, East Schelde River, Netherlands","Stavenisse, Netherlands",0.90,12.5,+0.25,1.000,H,2346,harmonics_noaa_eutt.txt,harmonics_utide_observations.txt,
1.00,"Cutler (Farris Wharf), Little River, Maine","Cutler, Little River, Maine (2)",0.91,3.0,+0.03,1.000,N,540,harmonics-dwf-20251228-free.txt,harmonics-2004-06-14_mod.txt,
1.00,"Cutler, Little River, Maine","Cutler, Little River, Maine (2)",0.91,2.7,-0.07,1.000,N,540,harmonics-2004-06-14_mod.txt,harmonics-2004-06-14_mod.txt,
1.00,"Mathew Town, Great Inagua Island, Bahamas","Matthew Town, Great Inagua Island, Bahamas",0.91,10.4,+0.47,0.997,L,1388,harmonics_noaa_carib.txt,harmonics-2004-06-14_mod.txt,
1.00,"Akkeshi Wan, Hokkaido, Japan","Akkeshi, Hokkaido, Japan",0.92,8.9,+0.03,0.999,HLN,29,harmonics_noaa_cptt.txt,harmonics-2004-06-14_mod.txt,
1.00,"Hiburi Shima, Ehime, Japan","Hiburishima, Ehime, Japan",0.92,12.2,+0.12,0.978,H,891,harmonics_noaa_cptt.txt,harmonics-2004-06-14_mod.txt,
1.00,"Udacha Bay, Russia","Zaliv Udacha, Russia",0.95,16.6,-0.63,0.839,H,2745,harmonics_noaa_cptt.txt,harmonics_att_np204_secondary.txt,
1.00,"Saganoseki (Kamiura), Oita, Japan","Saganoseki, Oita, Japan",0.96,11.0,+0.08,0.996,HL,2109,harmonics-2004-06-14_mod.txt,harmonics_noaa_cptt.txt,
1.00,"Lauwersoog, Netherlands","Lauwersoog, Waddenzee, Netherlands",0.97,1.0,-0.02,1.000,N,1242,harmonics-dwf-20100529-nonfree_mod.txt,harmonics_utide_observations.txt,
1.00,"Bilbao Bay, Spain","Bilbao, Spain",0.98,15.4,+0.58,0.999,H,256,harmonics_noaa_eutt.txt,harmonics_puertos_spain.txt,
1.00,"Salem, Massachusetts","Salem, Salem Harbor, Massachusetts",0.99,2.9,+0.10,1.000,N,2136,harmonics-2004-06-14_mod.txt,harmonics-dwf-20251228-free.txt,
1.00,"Terneuzen, Netherlands","Terneuzen, West Schelde River, Netherlands",0.99,10.2,-0.02,1.000,H,2483,harmonics_utide_observations.txt,harmonics_noaa_eutt.txt,
1.00,"Koniya (Amami Oshima), Kagoshima, Japan","Koniya, Kagoshima, Japan",1.00,7.9,-0.03,0.999,N,1136,harmonics-2004-06-14_mod.txt,harmonics_noaa_cptt.txt,
1.00,"Mukaishimacho Tachibana (Mekari Seto), Hiroshima, Japan","Tachibana, Mekari Seto, Hiroshima, Japan",1.02,10.5,+0.12,0.999,H,1485,harmonics-2004-06-14_mod.txt,harmonics_noaa_cptt.txt,
1.00,"Kamogawa, Chiba, Japan","Kamogawa, Kamogawa Wan, Chiba, Japan",1.03,9.7,+0.10,1.000,N,1057,harmonics-2004-06-14_mod.txt,harmonics_noaa_cptt.txt,
1.00,"Shiokubi Saki, Hokkaido, Japan","Shiokubi, Hokkaido, Japan",1.03,8.9,-0.12,0.998,N,2263,harmonics_noaa_cptt.txt,harmonics-2004-06-14_mod.txt,
1.00,"Todoro Ko, Miyazaki, Japan","Totoro, Miyazaki, Japan",1.03,11.6,+0.07,0.995,H,2530,harmonics_noaa_cptt.txt,harmonics-2004-06-14_mod.txt,
1.00,"Kuchinoerabu Shima, Kagoshima, Japan","Kuchinoerabu-jima, Kagoshima, Japan",1.05,12.2,+0.03,0.992,H,1169,harmonics_noaa_cptt.txt,harmonics-2004-06-14_mod.txt,
1.00,"Port Angeles, Strait Of Juan De Fuca, Washington","Port Angeles, Washington (2)",1.05,2.1,+0.00,0.999,N,1853,harmonics-dwf-20251228-free.txt,harmonics-2004-06-14_mod.txt,
1.00,"Friday Harbor, San Juan Channel, Washington (2)","Friday Harbor, San Juan Island, San Juan Channel, Washington",1.06,0.8,+0.05,1.000,N,726,harmonics-2004-06-14_mod.txt,harmonics-dwf-20251228-free.txt,
1.00,"Karoto Koseto, Hiroshima, Japan","Karoto-Ko Seto, Hiroshima, Japan",1.07,11.5,-0.15,1.000,H,1075,harmonics_noaa_cptt.txt,harmonics-2004-06-14_mod.txt,
1.00,"Omodaka, Nagasaki, Japan","Omodake, Nagasaki, Japan",1.07,11.7,+0.08,1.000,H,1668,harmonics-2004-06-14_mod.txt,harmonics_noaa_cptt.txt,
1.00,"Yamada Ko, Iwate, Japan","Yamada, Iwate, Japan",1.07,8.5,-0.08,0.999,N,2711,harmonics_noaa_cptt.txt,harmonics-2004-06-14_mod.txt,
1.00,"Wyk auf Föhr, Germany","Wyk, Föhr, Norder Aue, Germany",1.08,10.7,-0.25,1.000,H,2704,harmonics_att_np202_secondary.txt,harmonics_noaa_eutt.txt,
1.00,"Bissau, Guinea-Bissau","Porto de Bissau, Guinea-Bissau",1.10,8.2,+0.02,0.979,N,263,harmonics-1997-05-25_mod.txt,harmonics_noaa_eutt.txt,
1.00,"Kariya (San'yo-Onoda), Yamaguchi, Japan","Onoda (San'yo-Onoda), Yamaguchi, Japan",1.13,6.6,-0.08,0.999,N,1072,harmonics-2004-06-14_mod.txt,harmonics-2004-06-14_mod.txt,
1.00,"Kasari Wan (Amami Oshima), Kagoshima, Japan","Kasari Wan, Kagoshima, Japan",1.14,11.0,+0.00,0.996,H,1079,harmonics-2004-06-14_mod.txt,harmonics_noaa_cptt.txt,
1.00,"Sokcho Lighthouse, South Korea","Sokcho, South Korea",1.14,8.0,+0.00,0.995,N,2306,harmonics_utide_tidetables.txt,harmonics_utide_tidetables.txt,
1.00,"Cape Chikacheva, Russia","Cape Chikhacheva, Russia",1.15,10.4,+0.18,0.987,H,397,harmonics_noaa_cptt.txt,harmonics_att_np204_secondary.txt,
1.00,"Neah Bay, Strait Of Juan De Fuca, Washington","Neah Bay, Washington",1.15,0.5,+0.00,1.000,N,1565,harmonics-dwf-20251228-free.txt,harmonics-2004-06-14_mod.txt,
1.00,"Ría de Pravia, Spain","San Esteban de Pravia (Nalón), Spain",1.18,15.2,-0.50,0.999,H,2150,harmonics_noaa_eutt.txt,harmonics_att_np208_secondary.txt,
1.00,"Samch'onp'o, South Korea","Samcheonpo Breakwater, South Korea",1.20,5.2,-0.10,0.995,N,2142,harmonics-1997-05-25_mod.txt,harmonics_utide_tidetables.txt,
1.00,"Ostrov Tyuleniy, Russia","Tyuleniy, Russia",1.22,4.7,+0.13,0.995,N,1717,harmonics_att_np204_secondary.txt,harmonics_noaa_cptt.txt,
1.00,"Shijiki Wan, Hirado Shima, Nagasaki, Japan","Shijiki Wan, Nagasaki, Japan",1.22,11.7,-0.07,1.000,H,2253,harmonics_noaa_cptt.txt,harmonics-2004-06-14_mod.txt,
1.00,"Faro bar, Portugal","Faro-Olhão, Portugal",1.26,7.8,-0.03,1.000,HN,687,harmonics_noaa_eutt.txt,harmonics_utide_tidetables.txt,
1.00,"Mys Noho, Russia","Noho Misaki, Russia",1.26,5.0,+0.05,0.994,N,1518,harmonics_att_np204_secondary.txt,harmonics_noaa_cptt.txt,
1.00,"Garnet Point, Hersey Neck, Pennamquan River, Cobscook Bay, Maine","Garnet Point, Maine",1.28,2.8,+0.12,0.999,N,758,harmonics-dwf-20251228-free.txt,harmonics-2004-06-14_mod.txt,
1.00,"Tanabe Ko, Wakayama, Japan","Tanabe, Wakayama, Japan",1.31,11.5,-0.08,1.000,H,2414,harmonics_noaa_cptt.txt,harmonics-2004-06-14_mod.txt,
1.00,"Pilot Station, Southwest Pass, Louisiana","Pilots Station (east), Southwest Pass, Louisiana",1.32,1.4,+0.02,1.000,N,1807,harmonics-dwf-20251228-free.txt,harmonics-dwf-20251228-free.txt,
1.00,"Norddeich Hafen, Germany","Norddeich, Germany",1.35,10.6,+0.18,1.000,H,1602,harmonics_att_np202_secondary.txt,harmonics_noaa_eutt.txt,
1.00,"Shanghai, China","Wusong, Shanghai, China",1.35,5.8,-0.13,0.999,N,2238,harmonics-1997-05-25_mod.txt,harmonics_utide_tidetables.txt,
1.00,"Gorodetskaya Bay, Russia","Mys Bol'shoy Gorodetskiy, Russia",1.40,9.5,+0.17,1.000,N,1505,harmonics_noaa_eutt.txt,harmonics_att_np202_secondary.txt,
1.00,"Anchorage (Knik Arm), Alaska","Anchorage, Knik Arm, Cook Inlet, Alaska",1.41,1.7,+0.05,0.999,N,48,harmonics-2004-06-14_mod.txt,harmonics-dwf-20251228-free.txt,
1.00,"Dutch Harbor, Alaska (expired 1988-12-31)","Unalaska, Dutch Harbor, Alaska",1.41,1.1,+0.00,1.000,N,626,harmonics-2004-06-14_mod.txt,harmonics-dwf-20251228-free.txt,
1.00,"Murotsu (Awaji-shima), Hyogo, Japan","Murotsu, Awaji, Hyogo, Japan",1.41,14.0,-0.18,0.989,H,1492,harmonics-2004-06-14_mod.txt,harmonics_noaa_cptt.txt,
1.00,"Oginohama Ko, Miyagi, Japan","Oginohama, Miyagi, Japan",1.41,8.6,+0.07,1.000,N,1647,harmonics_noaa_cptt.txt,harmonics-2004-06-14_mod.txt,
1.00,"Dawangjia Dao [Ta-wang-chia Tao], Liaoning, China","Dawangjia Dao, Liaoning, China",1.43,7.5,-0.08,0.997,N,569,harmonics_noaa_cptt.txt,harmonics_att_np204_secondary.txt,
1.00,"Bayou Rigaud, Grand Isle, Mississippi River Delta, Louisiana","Grand Isle, Mississippi River Delta, Louisiana (2)",1.46,8.2,+0.58,0.999,N,209,harmonics-2004-06-14_mod.txt,harmonics-dwf-20251228-free.txt,
1.00,"Grand Isle, Mississippi River Delta, Louisiana","Grand Isle, Mississippi River Delta, Louisiana (2)",1.46,8.2,+0.58,0.999,N,209,harmonics-dwf-20251228-free.txt,harmonics-dwf-20251228-free.txt,
1.00,"Nanchangshan Dao, Shandong, China","Nanchangshandao, Shandong, China",1.46,13.7,-0.22,0.884,H,1544,harmonics_noaa_cptt.txt,harmonics_utide_tidetables.txt,
1.00,"Inch'on, South Korea","Incheon, South Korea",1.47,4.8,+0.23,1.000,N,970,harmonics-1997-05-25_mod.txt,harmonics_utide_tidetables.txt,
1.00,"La Habana (Havana), Cuba","La Habana, Cuba",1.48,13.4,-0.27,0.966,L,1207,harmonics_noaa_carib.txt,harmonics-1997-05-25_mod.txt,
1.00,"Mitsukue, Ehime, Japan","Mitsukuye Ko, Ehime, Japan",1.48,11.0,+0.18,0.999,H,1444,harmonics-2004-06-14_mod.txt,harmonics_noaa_cptt.txt,
1.00,"Yuzhno Kurilsk, Russia","Yuzhno-Kurilsk (Kunashin), Kuril Islands, Russia",1.49,8.3,+0.02,0.989,N,2735,harmonics_noaa_cptt.txt,harmonics-2004-06-14_mod.txt,
1.00,"St. Petersburg, Florida (2) (expired 1995-12-31)","St. Petersburg, Tampa Bay, Florida",1.50,2.0,+0.08,0.999,N,2339,harmonics-2004-06-14_mod.txt,harmonics-dwf-20251228-free.txt,
1.00,"Usu Wan, Hokkaido, Japan","Usu Wan, Iburi Wan, Hokkaido, Japan",1.50,10.2,+0.00,1.000,H,2605,harmonics-2004-06-14_mod.txt,harmonics_noaa_cptt.txt,
1.00,"Gakiya (Iheya), Okinawa, Japan","Gakiya, Iheya Jima, Okinawa, Japan",1.55,11.9,+0.05,0.999,H,748,harmonics-2004-06-14_mod.txt,harmonics_noaa_cptt.txt,
1.00,"Obatake Seto, Yamaguchi, Japan","Obatake, Yamaguchi, Japan",1.60,11.5,-0.13,1.000,H,1633,harmonics_noaa_cptt.txt,harmonics-2004-06-14_mod.txt,
1.00,"Ameland, Nes, Netherlands","Nes, Netherlands",1.63,1.4,+0.03,1.000,N,1571,harmonics_utide_observations.txt,harmonics-dwf-20100529-nonfree_mod.txt,
1.00,"Juist, Germany","Juist, north coast, Germany",1.67,20.1,+0.68,1.000,H,1031,harmonics_att_np202_secondary.txt,harmonics_noaa_eutt.txt,
1.00,"Kono Ura, Uku Shima, Nagasaki, Japan","Konoura (Ukushima), Nagasaki, Japan",1.67,11.8,-0.03,1.000,H,1138,harmonics_noaa_cptt.txt,harmonics-2004-06-14_mod.txt,
1.00,"Akkeshi Ko, Hokkaido, Japan","Akkeshi, Hokkaido, Japan",1.68,10.1,+0.57,0.999,HLN,29,harmonics-2004-06-14_mod.txt,harmonics-2004-06-14_mod.txt,
1.00,"Port Lavaca, Lavaca Causeway, Matagorda Bay, Texas","Port Lavaca, Matagorda Bay, Texas",1.78,9.1,-0.57,0.999,N,1884,harmonics-dwf-20251228-free.txt,harmonics-2004-06-14_mod.txt,
1.00,"El Ferrol del Caudillo, Spain","El Ferrol, Spain",1.81,21.1,-0.83,0.999,H,644,harmonics_puertos_spain.txt,harmonics_noaa_eutt.txt,
1.00,"Freeport Harbor, Texas","Freeport SPIP, Freeport Harbor, Texas",1.84,9.8,+0.23,0.980,N,723,harmonics-2004-06-14_mod.txt,harmonics-dwf-20251228-free.txt,
1.00,"Samch'onp'o, South Korea","Samcheonpo, South Korea",1.85,5.2,-0.10,0.995,N,2142,harmonics-1997-05-25_mod.txt,harmonics_utide_tidetables.txt,
1.00,"Weizhou Dao, China","Weizhoudao, Guangxi, China",1.85,9.3,+0.03,1.000,N,2669,harmonics_noaa_cptt.txt,harmonics_utide_tidetables.txt,
1.00,"Gulong Zui, Shandong, China","Gulongzui [Niao-tsui Head], Shandong, China",1.86,10.5,+0.12,0.971,H,835,harmonics_att_np204_secondary.txt,harmonics_noaa_cptt.txt,
1.00,"Kalgalaksha, Kalgalaksha Bay, Russia","Kalgalaksha, Russia",1.86,13.3,+0.00,1.000,H,1049,harmonics_noaa_eutt.txt,harmonics_att_np202_secondary.txt,
1.00,"Lopshen'ga, Russia","Lopshenga River entrance, Russia",1.86,3.4,+0.00,1.000,N,1301,harmonics_att_np202_secondary.txt,harmonics_noaa_eutt.txt,
1.00,"Qianliyan, Shandong, China","Quinliyan, Shandong, China",1.86,11.0,+0.03,0.988,H,2027,harmonics_utide_tidetables.txt,harmonics_noaa_cptt.txt,
1.00,"Sausalito, California","Sausalito, Corps of Engineers Dock, San Francisco Bay, California",1.87,2.3,-0.02,1.000,GN,2191,harmonics-2004-06-14_mod.txt,harmonics-dwf-20251228-free.txt,
1.00,"Brador, Québec, Canada","Bradore Bay, Québec, Canada",1.88,8.4,-0.02,0.999,N,293,harmonics-2004-06-14_mod.txt,harmonics_noaa_amtt.txt,
1.00,"Katsuura Wan, Wakayama, Japan","Kii-Katsuura, Wakayama, Japan",1.89,9.5,-0.08,0.999,N,1109,harmonics_noaa_cptt.txt,harmonics-2004-06-14_mod.txt,
1.00,"Ochiishi Wan, Hokkaido, Japan","Ochiishi, Hokkaido, Japan",1.90,9.9,-0.13,0.994,N,1636,harmonics_noaa_cptt.txt,harmonics-2004-06-14_mod.txt,
1.00,"Hime Shima, Oita, Japan","Himeshima, Oita, Japan",1.92,8.5,-0.17,0.999,N,903,harmonics_noaa_cptt.txt,harmonics-2004-06-14_mod.txt,
1.00,"Coffin Point, Coffin Neck, Maine","Coffin Point, Maine",2.00,2.6,-0.05,1.000,G,497,harmonics-dwf-20251228-free.txt,harmonics-2004-06-14_mod.txt,
1.00,"Gridina Bay, Russia","Gridina, Russia",2.00,12.3,+0.00,1.000,K,804,harmonics_noaa_eutt.txt,harmonics_att_np202_secondary.txt,
1.00,"Ushimado Ko, Okayama, Japan","Ushimado, Okayama, Japan",2.11,8.5,+0.08,0.999,G,2602,harmonics_noaa_cptt.txt,harmonics-2004-06-14_mod.txt,
1.00,"Elbow Cay (Cay Sal Bank), Bahamas","Elbow Cay, Cay Sal Bank, Bahamas",2.22,6.3,+0.27,0.997,G,647,harmonics_noaa_carib.txt,harmonics-2004-06-14_mod.txt,
1.00,"Menaputsy, Russia","Mys Menaputsy, Russia",2.26,4.6,+0.10,0.998,K,1408,harmonics_att_np204_secondary.txt,harmonics_noaa_cptt.txt,
1.00,"P'i Do, North Korea","P'i-do, North Korea",2.34,8.4,+0.10,0.979,G,1734,harmonics_att_np204_secondary.txt,harmonics_noaa_cptt.txt,
1.00,"Takasago Ko, Hyogo, Japan","Takasago, Hyogo, Japan",2.40,8.7,-0.10,0.999,G,2404,harmonics_noaa_cptt.txt,harmonics-2004-06-14_mod.txt,
1.00,"Lapominka Island, Russia","Lapominka, Russia",2.43,13.2,+0.07,1.000,K,1237,harmonics_noaa_eutt.txt,harmonics_att_np202_secondary.txt,
1.00,"Haverstraw Bay, Hudson River, New York","Haverstraw, Hudson River, New York",2.44,7.7,+0.27,0.991,G,876,harmonics-dwf-20251228-free.txt,harmonics-2004-06-14_mod.txt,
1.00,"Sausalito, Corps of Engineers Dock, San Francisco Bay, California","Sausalito, San Francisco Bay, California",2.47,1.0,+0.03,1.000,GN,2191,harmonics-dwf-20251228-free.txt,harmonics-dwf-20251228-free.txt,
1.00,"Port Townsend, Washington (2) (expired 1991-12-31)","Port Townsend, Washington (3)",2.48,3.5,+0.02,0.999,GN,1913,harmonics-2004-06-14_mod.txt,harmonics-2004-06-14_mod.txt,
1.00,"Port Townsend (Point Hudson), Admiralty Inlet, Washington","Port Townsend, Washington (3)",2.51,3.6,-0.02,0.999,GN,1913,harmonics-dwf-20251228-free.txt,harmonics-2004-06-14_mod.txt,
1.00,"Nuevitas (Bahía de Nuevitas), Cuba","Nuevitas, Cuba",2.53,4.7,+0.07,0.996,G,1624,harmonics_noaa_carib.txt,harmonics_att_np202_secondary.txt,
1.00,"Hawks Nest Anchorage, Grand Turk, Turks Islands, Turks and Caicos Islands","Hawks Nest Anchorage, Turks Islands, Turks and Caicos Islands",2.81,5.2,-0.13,0.996,G,877,harmonics-2004-06-14_mod.txt,harmonics_noaa_carib.txt,
1.00,"Sabine Pass (north), Texas","Sabine Pass, Texas",2.91,6.6,+0.17,0.999,G,2103,harmonics-dwf-20251228-free.txt,harmonics-2004-06-14_mod.txt,
1.00,"Abraham Bay, Mayaguana Island, Bahamas","Abrahams Bay, Mayaguana Island, Bahamas",2.96,5.6,-0.22,0.997,L,8,harmonics_noaa_carib.txt,harmonics-2004-06-14_mod.txt,
0.86,"Redwood Creek Marker 8, San Francisco Bay, California","Redwood Creek, C.M. No.8, San Francisco Bay, California",0.03,0.1,+0.00,1.000,N,2046,harmonics-dwf-20251228-free.txt,harmonics-2004-06-14_mod.txt,
0.80,"Cape May Canal, Cape May, Delaware Bay, New Jersey","Cape May, ferry terminal, Delaware Bay, New Jersey (2)",0.00,2.2,-0.07,1.000,N,410,harmonics-dwf-20251228-free.txt,harmonics-2004-06-14_mod.txt,
0.80,"Nishi Notoro Misaki, East coast, Russia","Nishi Notoro Misaki, West coast, Russia",0.00,18.4,-0.82,1.000,H,1596,harmonics_noaa_cptt.txt,harmonics_noaa_cptt.txt,"Nishi Notoro Misaki, West coast, Russia"
0.80,"Vilano Beach Bridge, Tolomato River, Florida","Vilano Beach ICWW, Tolomato River, Florida",0.00,3.0,-0.08,0.996,N,2631,harmonics-2004-06-14_mod.txt,harmonics-dwf-20251228-free.txt,
0.78,"Kirby Park, Elkhorn Slough, Monterey Bay, Port San Luis, California","Tidal Creek, Elkhorn Slough, Monterey Bay, Port San Luis, California",0.89,1.1,+0.05,1.000,N,2494,harmonics-dwf-20251228-free.txt,harmonics-dwf-20251228-free.txt,
0.75,"Mangrove Point, Crystal Bay, Florida","Mangrove Pt., Crystal Bay, Florida",0.00,0.1,+0.00,1.000,N,1356,harmonics-2004-06-14_mod.txt,harmonics-dwf-20251228-free.txt,
0.75,"Ikeda Wan, Shodo Shima, Kagawa, Japan","Tonosho (Shodoshima), Kagawa, Japan",0.22,10.8,-0.03,0.999,H,2524,harmonics_noaa_cptt.txt,harmonics-2004-06-14_mod.txt,
0.75,"Mitarai (Osakishimo-jima), Hiroshima, Japan","Mitarai, Osaki Shimo Shima, Hiroshima, Japan",0.31,10.8,+0.12,0.999,H,1443,harmonics-2004-06-14_mod.txt,harmonics_noaa_cptt.txt,
0.75,"I-295 Bridge (west end), St. Johns River, Florida","St. Johns River at Buckman Bridge, Florida",0.35,4.0,-0.13,0.997,N,2330,harmonics-dwf-20251228-free.txt,harmonics-2004-06-14_mod.txt,
0.75,"Anaga (Awaji-shima), Hyogo, Japan","Anaga Ura, Awaji, Hyogo, Japan",0.46,6.9,-0.10,0.997,N,47,harmonics-2004-06-14_mod.txt,harmonics_noaa_cptt.txt,
0.75,"Tamano Ura, Fukaye Jima, Nagasaki, Japan","Tamanoura (Fukue-jima), Nagasaki, Japan",0.50,12.0,-0.03,0.999,H,2409,harmonics_noaa_cptt.txt,harmonics-2004-06-14_mod.txt,
0.75,"Bar Pilot Dock, St. Johns River, Florida","Mayport, St. Johns River, Florida",0.51,1.5,-0.03,1.000,N,1393,harmonics-dwf-20251228-free.txt,harmonics-dwf-20251228-free.txt,
0.75,"Funauke, Iriomote Jima, Okinawa, Japan","Funauki Wan (Iriomote), Okinawa, Japan",0.55,11.7,-0.05,0.995,H,737,harmonics_noaa_cptt.txt,harmonics-2004-06-14_mod.txt,
0.75,"Sammura Wan, Tokuno Shima, Kagoshima, Japan","San (Tokunoshima), Kagoshima, Japan",0.85,11.6,-0.05,1.000,H,2145,harmonics_noaa_cptt.txt,harmonics-2004-06-14_mod.txt,
0.75,"Manzeki Seto (East), Nagasaki, Japan","Manzeki Seto (West), Nagasaki, Japan",1.08,14.1,-0.03,0.995,L,1360,harmonics-2004-06-14_mod.txt,harmonics-2004-06-14_mod.txt,
0.75,"Benner Bay, St. Thomas, Virgin Islands","Jersey Bay, St. Thomas, Virgin Islands",1.13,3.3,+0.07,1.000,N,1019,harmonics-dwf-20251228-free.txt,harmonics-dwf-20251228-free.txt,
0.75,"Kearney Point, Hackensack River, New Jersey","Kearney Point, Passaic River, New Jersey",1.13,8.2,+0.33,1.000,N,1093,harmonics-2004-06-14_mod.txt,harmonics-2004-06-14_mod.txt,
0.75,"Sumiyo (Amami Oshima), Kagoshima, Japan","Sumiyo Wan, Kagoshima, Japan",1.36,10.3,+0.00,0.999,H,2364,harmonics-2004-06-14_mod.txt,harmonics_noaa_cptt.txt,
0.75,"St. Johns River at Bar Pilot Dock, Florida","Water Treatment Dock, Mayport Naval Station, St. Johns River, Florida",1.58,5.6,+0.17,0.997,N,1393,harmonics-2004-06-14_mod.txt,harmonics-dwf-20251228-free.txt,
0.75,"Grapetree Bay, St. Croix, Virgin Islands","Teague Bay, St. Croix, Virgin Islands",1.63,7.0,+0.28,1.000,N,795,harmonics-dwf-20251228-free.txt,harmonics-dwf-20251228-free.txt,
0.75,"Clapboard Creek, Pelotes Island, St. Johns River, Florida (4)","Fulton, St. Johns River, Florida (4)",1.88,4.8,-0.08,0.998,N,487,harmonics-2004-06-14_mod.txt,harmonics-2004-06-14_mod.txt,
0.67,"Duck Pier, outside, North Carolina","FRF Pier, Duck, North Carolina",0.00,1.9,+0.03,1.000,N,614,harmonics-2004-06-14_mod.txt,harmonics-dwf-20251228-free.txt,
0.67,"Ajiro, Naruto, Tokushima, Japan","Aziro, Tokushima, Japan",0.00,14.4,-0.25,0.943,HN,732,harmonics_noaa_cptt.txt,harmonics_noaa_cptt.txt,
0.67,"Jacksonville, Long Branch, Florida","Longbranch (USCOE dredge depot), Florida (3)",0.00,6.2,-0.13,0.999,N,1298,harmonics-dwf-20251228-free.txt,harmonics-2004-06-14_mod.txt,
0.67,"Jacksonville, Long Branch, Florida","Longbranch (USCOE dredge depot), Florida (4)",0.00,7.0,+0.02,1.000,N,1298,harmonics-dwf-20251228-free.txt,harmonics-2004-06-14_mod.txt,
0.67,"Jacksonville, Long Branch, Florida","Longbranch (USCOE dredge depot), Florida (5)",0.00,7.1,-0.23,0.993,N,1298,harmonics-dwf-20251228-free.txt,harmonics-2004-06-14_mod.txt,
0.67,"Jacksonville, Long Branch, Florida","Longbranch (USCOE dredge depot), Florida (6)",0.00,6.9,+0.00,0.999,N,1298,harmonics-dwf-20251228-free.txt,harmonics-2004-06-14_mod.txt,
0.67,"Me Shima, Danjo Gunto, Nagasaki, Japan","Me Sima, Nagasaki, Japan",0.00,14.6,-0.25,0.975,H,1398,harmonics_noaa_cptt.txt,harmonics-2004-06-14_mod.txt,
0.67,"Kwajalein Atoll (Namur Island), Marshall Islands","Roi-Namur Island, Marshall Islands",0.00,5.1,-0.18,0.998,N,2083,harmonics_noaa_pacif.txt,harmonics_att_np204_secondary.txt,
0.67,"Kogushi Wan, Omura Wan, Nagasaki, Japan","Ogusi Wan, Nagasaki, Japan",0.03,12.1,-0.20,0.973,H,1648,harmonics_noaa_cptt.txt,harmonics-2004-06-14_mod.txt,
0.67,"Sakitsu Wan, Amakusa Shimo Shima, Kumamoto, Japan","Sakitu Wan, Kumamoto, Japan",0.03,11.7,-0.05,1.000,H,2132,harmonics_noaa_cptt.txt,harmonics-2004-06-14_mod.txt,
0.67,"Rincon Point, Pier 22½, San Francisco Bay, California","San Francisco, Pier 22 1/2, California",0.03,0.1,+0.00,1.000,N,2154,harmonics-dwf-20251228-free.txt,harmonics-2004-06-14_mod.txt,
0.67,"Nagahama (Iyo Nada), Ehime, Japan","Nagahama Ko, Ehime, Japan",0.05,12.3,+0.53,1.000,H,1530,harmonics-2004-06-14_mod.txt,harmonics_noaa_cptt.txt,
0.67,"Otabu Shima, Okayama, Japan","Otabujima, Okayama, Japan",0.12,8.5,-0.10,0.990,N,1723,harmonics_noaa_cptt.txt,harmonics-2004-06-14_mod.txt,
0.67,"Mayport (Ferry Depot), Florida","Mayport (ferry dock), Florida (3)",0.18,1.8,+0.07,1.000,N,1393,harmonics-dwf-20251228-free.txt,harmonics-2004-06-14_mod.txt,
0.67,"Mayport (Ferry Depot), Florida","Mayport (ferry dock), Florida (4)",0.18,1.4,+0.07,1.000,N,1393,harmonics-dwf-20251228-free.txt,harmonics-2004-06-14_mod.txt,
0.67,"Mayport (Ferry Depot), Florida","Mayport (ferry dock), Florida (6)",0.18,1.9,+0.07,1.000,N,1393,harmonics-dwf-20251228-free.txt,harmonics-2004-06-14_mod.txt,
0.67,"Mayport (Ferry Depot), Florida","Mayport (ferry dock), Florida (7)",0.18,2.6,+0.10,0.999,N,1393,harmonics-dwf-20251228-free.txt,harmonics-2004-06-14_mod.txt,
0.67,"Mayport (Ferry Depot), Florida","Mayport (ferry dock), Florida (8)",0.18,1.9,+0.08,1.000,N,1393,harmonics-dwf-20251228-free.txt,harmonics-2004-06-14_mod.txt,
0.67,"Mayport (Ferry Depot), Florida","Mayport (ferry dock), Florida",0.19,0.1,+0.00,1.000,N,1393,harmonics-dwf-20251228-free.txt,harmonics-2004-06-14_mod.txt,
0.67,"Fort Pulaski, Savannah River, Georgia","Savannah River Entrance, Georgia",0.20,0.7,+0.02,1.000,N,2193,harmonics-dwf-20251228-free.txt,harmonics-2004-06-14_mod.txt,
0.67,"Fort Pulaski, Savannah River, Georgia","Savannah River Entrance, Georgia (2) (expired 1989-12-31)",0.20,1.5,+0.00,1.000,N,2193,harmonics-dwf-20251228-free.txt,harmonics-2004-06-14_mod.txt,
0.67,"Kaminoseki Kaikyo, Yamaguchi, Japan","Murotsu (Kaminoseki), Yamaguchi, Japan",0.29,11.8,-0.13,0.997,H,1493,harmonics_noaa_cptt.txt,harmonics-2004-06-14_mod.txt,
0.67,"Okikamuro Shima, Yamaguchi, Japan","Okikamuro-jima, Yamaguchi, Japan",0.29,10.7,-0.18,0.999,H,1655,harmonics_noaa_cptt.txt,harmonics-2004-06-14_mod.txt,
0.67,"Odomari (Senzaki), Yamaguchi, Japan","Senzaki Ko, Yamaguchi, Japan",0.35,18.5,-0.12,0.956,H,1640,harmonics-2004-06-14_mod.txt,harmonics_noaa_cptt.txt,
0.67,"Ajiro, Naruto, Tokushima, Japan","Fukuike (Naruto), Tokushima, Japan",0.38,8.4,+0.13,0.996,HN,732,harmonics_noaa_cptt.txt,harmonics-2004-06-14_mod.txt,
0.67,"Dauphin Island Hydro, Alabama","Dauphin Island, Mobile Bay, Alabama",0.46,3.7,+0.15,1.000,N,567,harmonics-dwf-20251228-free.txt,harmonics-dwf-20251228-free.txt,
0.67,"Eugene Island, Atchafalaya Bay, Louisiana","Eugene Island, north of, Louisiana",0.48,1.7,+0.07,1.000,N,669,harmonics-dwf-20251228-free.txt,harmonics-dwf-20251228-free.txt,"Eugene Island, north of, Louisiana"
0.67,"Itsuku Shima, Hiroshima, Japan","Itukusima (Miyajima), Hiroshima, Japan",0.48,10.7,-0.18,0.999,H,999,harmonics_noaa_cptt.txt,harmonics-2004-06-14_mod.txt,
0.67,"Buzen (Unoshima), Fukuoka, Japan","Unoshima Ko, Fukuoka, Japan",0.52,11.6,+0.22,0.998,H,342,harmonics-2004-06-14_mod.txt,harmonics_noaa_cptt.txt,
0.67,"Tomioka (Shimoshima), Kumamoto, Japan","Tomioka Wan, Amakusa Shimo Shima, Kumamoto, Japan",0.52,11.8,+0.02,1.000,H,2520,harmonics-2004-06-14_mod.txt,harmonics_noaa_cptt.txt,
0.67,"Koto Wan, Kanagawa, Japan","Otawa Wan, Kanagawa, Japan",0.57,10.4,-0.12,0.999,H,1725,harmonics_noaa_cptt.txt,harmonics-2004-06-14_mod.txt,
0.67,"Yamagawa Ko, Kagoshima Kaiwan, Kagoshima, Japan","Yamakawa, Kagoshima, Japan",0.63,9.2,+0.02,0.991,N,2712,harmonics_noaa_cptt.txt,harmonics-2004-06-14_mod.txt,
0.67,"Red Bay Point, St. Johns River, Florida","St. Johns River at Shands Bridge, Florida",0.64,4.9,-0.13,0.997,N,2334,harmonics-dwf-20251228-free.txt,harmonics-2004-06-14_mod.txt,
0.67,"Okuchi Wan, Ehime, Japan","Okuti Wan (Mikame-cho), Ehime, Japan",0.66,12.4,+0.17,0.977,H,1662,harmonics_noaa_cptt.txt,harmonics-2004-06-14_mod.txt,
0.67,"Jacksonville, Long Branch, Florida","St. Johns River at Long Branch, USCOE dredge depot, Florida",0.74,3.1,-0.07,0.996,N,1298,harmonics-dwf-20251228-free.txt,harmonics-2004-06-14_mod.txt,
0.67,"Baltimore (Fort McHenry), Maryland","Fort McHenry Marsh, Patapsco River, Maryland",0.80,1.1,-0.02,1.000,N,163,harmonics-dwf-20251228-free.txt,harmonics-dwf-20251228-free.txt,
0.67,"Goto (Wakamatsu), Nagasaki, Japan","Wakamatsu Ura, Wakamatsu Shima, Nagasaki, Japan",0.80,12.0,+0.07,0.999,H,788,harmonics-2004-06-14_mod.txt,harmonics_noaa_cptt.txt,
0.67,"Kawajiri Koyo, Hiroshima, Japan","Koyo, Aki Nada, Hiroshima, Japan",0.81,11.3,+0.18,0.998,H,1088,harmonics-2004-06-14_mod.txt,harmonics_noaa_cptt.txt,
0.67,"Saganoseki (Kamiura), Oita, Japan","Saganoseki (Shimoura), Oita, Japan",0.84,10.1,+0.60,0.998,HL,2109,harmonics-2004-06-14_mod.txt,harmonics-2004-06-14_mod.txt,
0.67,"Miyanoura (Naoshima), Kagawa, Japan","Nao Shima, Kagawa, Japan",0.91,11.1,+0.05,0.998,H,1447,harmonics-2004-06-14_mod.txt,harmonics_noaa_cptt.txt,
0.67,"Tsuna Shima, Nagasaki, Japan","Tsunaura Wan (Kozuna), Nagasaki, Japan",1.09,14.8,-0.03,0.999,H,2562,harmonics_noaa_cptt.txt,harmonics-2004-06-14_mod.txt,
0.67,"Isso (Yakushima), Kagoshima, Japan","Isso, Yaku Shima, Kagoshima, Japan",1.19,8.7,-0.10,0.995,N,997,harmonics-2004-06-14_mod.txt,harmonics_noaa_cptt.txt,
0.67,"Fieldsboro, Delaware River, New Jersey","Newbold, Delaware River, Pennsylvania",1.29,5.5,-0.08,0.990,N,696,harmonics-dwf-20251228-free.txt,harmonics-dwf-20251228-free.txt,
0.67,"Kominato (Hiranai), Aomori, Japan","Shiranai Wan, Mutsu Kaiwan, Aomori, Japan",1.31,14.5,+0.45,0.990,H,1135,harmonics-2004-06-14_mod.txt,harmonics_noaa_cptt.txt,
0.67,"Tolaga Bay - Cooks Cove, New Zealand","Tolaga Bay Wharf, New Zealand",1.34,0.0,+0.00,1.000,N,2512,harmonics_utide_tidetables.txt,harmonics_utide_tidetables.txt,
0.67,"Sasuna (Tsushima), Nagasaki, Japan","Sasuna Ko, Nagasaki, Japan",1.56,13.6,+0.25,0.998,H,2189,harmonics-2004-06-14_mod.txt,harmonics_noaa_cptt.txt,
0.67,"Te Iro Bay, New Zealand","Te Weka Bay, New Zealand",1.60,0.8,-0.03,1.000,N,2452,harmonics_utide_tidetables.txt,harmonics_utide_tidetables.txt,
0.67,"Fuglafjørður, Faroe Islands","Oyndarfjørður, Faroe Islands",1.73,0.0,+0.00,1.000,N,1732,harmonics_att_np202_secondary.txt,harmonics_att_np202_secondary.txt,
0.67,"Cascadia Terminals (Alberta Pool Elev.), British Columbia, Canada","Stanovan, British Columbia, Canada",1.78,7.3,-0.07,0.991,N,432,harmonics-2004-06-14_mod.txt,harmonics-2004-06-14_mod.txt,
0.67,"Cape Letni Orlov, Russia","Mys Letniy Orlov, Russia",1.85,9.0,+0.00,1.000,N,1517,harmonics_noaa_eutt.txt,harmonics_att_np202_secondary.txt,
0.67,"Furue Ko, Kagoshima Kaiwan, Kagoshima, Japan","Furuecho (Kanoya), Kagoshima, Japan",1.86,9.5,+0.07,0.990,N,739,harmonics_noaa_cptt.txt,harmonics-2004-06-14_mod.txt,
0.67,"Huangpu Gongyuan, Shanghai, China","Shanghai Gang [Shanghai, Huangpu River], Shanghai, China",1.86,9.6,-0.17,1.000,N,2237,harmonics_utide_tidetables.txt,harmonics_noaa_cptt.txt,
0.67,"Kamikoshiki-shima, Kagoshima, Japan","Nakagawara Ura, Kagoshima, Japan",2.01,11.4,+0.03,1.000,K,1055,harmonics-2004-06-14_mod.txt,harmonics_noaa_cptt.txt,
0.67,"Shikine Shima, Tokyo, Japan","Shikine-jima, Tokyo, Japan",2.05,8.8,-0.10,0.999,K,2254,harmonics_noaa_cptt.txt,harmonics-2004-06-14_mod.txt,
0.60,"Cape Cod Canal (East Entrance), Massachusetts","Cape Cod Canal, Sandwich, Cape Cod Bay, Massachusetts",0.00,1.2,-0.05,1.000,N,399,harmonics-2004-06-14_mod.txt,harmonics-dwf-20251228-free.txt,
0.60,"Annapolis (US Naval Academy), Severn River, Maryland","U.S. Naval Academy, Annapolis, Maryland",0.07,2.2,-0.05,0.999,N,2580,harmonics-dwf-20251228-free.txt,harmonics-2004-06-14_mod.txt,
0.60,"Courtney Point, St. Andrew Bay, Florida","Panama City, St. Andrew Bay, Florida",0.31,3.9,+0.25,1.000,N,1748,harmonics-dwf-20251228-free.txt,harmonics-dwf-20251228-free.txt,
0.60,"South Padre Island, Brazos Santiago Pass, Texas","USCG station, South Padre Island, Texas",1.41,4.5,-0.27,1.000,N,2581,harmonics-dwf-20251228-free.txt,harmonics-dwf-20251228-free.txt,
0.50,"Biaojiao, Guangdong, China","Dahao Dock, Guangdong, China",0.00,6.4,+0.07,1.000,N,253,harmonics_noaa_cptt.txt,harmonics_noaa_cptt.txt,
0.50,"Abrek Bay, Little Shantar Island, Russia","Bukhta Abrek, Russia",0.00,10.3,-0.03,0.974,H,313,harmonics_noaa_cptt.txt,harmonics_att_np204_secondary.txt,
0.50,"Bukhta Broutona, Kuril Islands, Russia","Bukhta Broutona, Shimushiru To, Russia",0.00,10.6,+0.33,0.980,H,315,harmonics-2004-06-14_mod.txt,harmonics_noaa_cptt.txt,"Bukhta Broutona, Shimushiru To, Russia"
0.50,"Bukhta Morzhovaya, Russia","Morzhovaya Bay, Russia",0.00,7.4,-0.10,0.993,N,320,harmonics_att_np204_secondary.txt,harmonics_noaa_cptt.txt,
0.50,"Bukhta Nasha, Russia","Nasha Bay, Ura Bay, Russia",0.00,7.1,+0.00,1.000,N,321,harmonics_att_np202_secondary.txt,harmonics_noaa_eutt.txt,
0.50,"Bukhta Ozerko, Russia","Ozerko Bay, Russia",0.00,7.1,+0.00,1.000,N,322,harmonics_att_np202_secondary.txt,harmonics_noaa_eutt.txt,
0.50,"Dalu Dao [Talu Tao], North Korea","Daludao, Liaoning, China",0.00,8.8,-0.20,0.980,N,556,harmonics_noaa_cptt.txt,harmonics_utide_tidetables.txt,
0.50,"Fengcheng, Shandong, China","Haiyang [Haiyanghsein], Shandong, China",0.00,11.7,+0.05,0.976,H,689,harmonics_att_np204_secondary.txt,harmonics_noaa_cptt.txt,
0.50,"Gavan Sibir, Russia","Sibir Harbor, Russia",0.00,7.6,+0.30,0.998,N,760,harmonics_att_np204_secondary.txt,harmonics_noaa_cptt.txt,
0.50,"Bolshaya Korabelnaya Bay, Russia","Guba Bol'shoy Korabel'naya, Russia",0.00,7.1,+0.00,1.000,N,812,harmonics_noaa_eutt.txt,harmonics_att_np202_secondary.txt,
0.50,"Guba Krestovaya, Russia","Krestovaya Bay, Russia",0.00,10.0,-0.02,1.000,N,815,harmonics_att_np202_secondary.txt,harmonics_noaa_eutt.txt,
0.50,"Guba Lebyazh'ya, Russia","Levyazhya Bay, Feklistov Island, Russia",0.00,10.4,+0.03,0.987,H,816,harmonics_att_np204_secondary.txt,harmonics_noaa_cptt.txt,
0.50,"Guba Mityushikha, Russia","Mityushikha Bay, Russia",0.00,1.5,+0.02,1.000,N,817,harmonics_att_np202_secondary.txt,harmonics_noaa_eutt.txt,
0.50,"Guba Podpakhta, Russia","Podpakhta Bay, Russia",0.00,6.9,+0.00,1.000,N,819,harmonics_att_np202_secondary.txt,harmonics_noaa_eutt.txt,
0.50,"Guba Porya, Russia","Porya Anchorage, Russia",0.00,14.3,+0.00,1.000,H,821,harmonics_att_np202_secondary.txt,harmonics_noaa_eutt.txt,
0.50,"Guba Pushlakhta, Russia","Pushlakhta Bay, Russia",0.00,12.6,+0.33,1.000,H,822,harmonics_att_np202_secondary.txt,harmonics_noaa_eutt.txt,
0.50,"Guba Rynda, Russia","Rynda Bay, Russia",0.00,6.9,+0.00,1.000,N,823,harmonics_att_np202_secondary.txt,harmonics_noaa_eutt.txt,
0.50,"Guba Savikha, Russia","Savikha Bay, Russia",0.00,7.2,+0.00,1.000,N,824,harmonics_att_np202_secondary.txt,harmonics_noaa_eutt.txt,
0.50,"Guba Sayda, Russia","Sayda Bay, Russia",0.00,7.1,+0.00,1.000,N,825,harmonics_att_np202_secondary.txt,harmonics_noaa_eutt.txt,
0.50,"Guba Teriberskaya, Russia","Teriberka Bay, Russia",0.00,9.2,+0.00,1.000,N,826,harmonics_att_np202_secondary.txt,harmonics_noaa_eutt.txt,
0.50,"Guba Vayda, Russia","Vaida Bay, Russia",0.00,7.8,+0.07,1.000,N,827,harmonics_att_np202_secondary.txt,harmonics_noaa_eutt.txt,
0.50,"Guba Zapadnaya Litsa, Russia","Zapadnaya Bay, Russia",0.00,7.1,+0.00,1.000,N,828,harmonics_att_np202_secondary.txt,harmonics_noaa_eutt.txt,
0.50,"Iwojima, Tokyo, Japan","Nishi, Iwo Jima, Kazan Retto, Tokyo, Japan",0.00,9.9,+0.02,0.999,N,1003,harmonics-2004-06-14_mod.txt,harmonics_noaa_cptt.txt,
0.50,"Magdalenefjord, Vestspitsbergen, Svalbard","Magdalenefjorden, Svalbard",0.00,6.3,+0.13,0.999,N,1332,harmonics_noaa_eutt.txt,harmonics_att_np202_secondary.txt,
0.50,"Cape Chesmenski, Russia","Mys Chesmenskiy, Russia",0.00,11.8,-0.22,1.000,H,1507,harmonics_noaa_eutt.txt,harmonics_att_np202_secondary.txt,
0.50,"Cape Konushin, Russia","Mys Konushin, Russia",0.00,8.5,+0.15,1.000,N,1515,harmonics_noaa_eutt.txt,harmonics_att_np202_secondary.txt,
0.50,"Cape Orlov, Russia","Mys Orlov-Terskiy Tonkiy, Russia",0.00,9.8,+0.12,1.000,N,1519,harmonics_noaa_eutt.txt,harmonics_att_np202_secondary.txt,
0.50,"Nap Do, North Korea","Nap-to, North Korea",0.00,10.5,+0.13,0.979,H,1551,harmonics_att_np204_secondary.txt,harmonics_noaa_cptt.txt,
0.50,"Chengkouwaihai, Hebei, China","Off Chengkou, Hebei, China",0.00,16.0,+0.47,1.000,H,1642,harmonics_utide_tidetables.txt,harmonics_noaa_cptt.txt,
0.50,"Anzerski Island, Russia","Ostrov Anzerskiy, Russia",0.00,9.0,+0.00,1.000,N,1697,harmonics_noaa_eutt.txt,harmonics_att_np202_secondary.txt,
0.50,"Dolgoi Island, Russia","Ostrov Dolgiy, Russia",0.00,8.9,+0.00,1.000,N,1701,harmonics_noaa_eutt.txt,harmonics_att_np202_secondary.txt,
0.50,"Malaya Korepalka, Russia","Ostrov Mal Korepalka, Russia",0.00,7.6,+0.00,1.000,N,1706,harmonics_noaa_eutt.txt,harmonics_att_np202_secondary.txt,
0.50,"Molchanov Island, Russia","Ostrov Molchanov, Russia",0.00,11.1,+0.00,1.000,H,1708,harmonics_noaa_eutt.txt,harmonics_att_np202_secondary.txt,
0.50,"Ostrov Solovetskiy (Solovetskiy), Russia","Solovets Roads, Solovetski Island, Russia",0.00,5.4,+0.00,1.000,N,1713,harmonics_att_np202_secondary.txt,harmonics_noaa_eutt.txt,
0.50,"Ostrov Zhizhginskiy, Russia","Zhizhgin Island, Russia",0.00,15.2,+0.18,1.000,H,1722,harmonics_att_np202_secondary.txt,harmonics_noaa_eutt.txt,
0.50,"Dagushan [Takushan Road], Liaoning, China","Qianyang, Liaoning, China",0.00,8.2,+0.10,0.987,N,2020,harmonics_noaa_cptt.txt,harmonics_att_np204_secondary.txt,
0.50,"Rade de Zarya, Russia","Zarya Road, Russia",0.00,19.9,+12.00,0.932,H,2033,harmonics_att_np202.txt,harmonics_noaa_cptt.txt,
0.50,"Indiga River entrance, Russia","Reka Indiga, Russia",0.00,22.1,-12.00,0.988,H,2051,harmonics_noaa_eutt.txt,harmonics_att_np202_secondary.txt,
0.50,"Kings Bay, Navy Base, Georgia","Saint Marys, Kings Bay, Cumberland Sound, Georgia",0.00,0.1,+0.00,1.000,N,2114,harmonics-dwf-20251228-free.txt,harmonics-2004-06-14_mod.txt,
0.50,"St. Marks River Entrance, Florida","St. Marks lighthouse, Apalachee Bay, Florida",0.00,0.2,+0.00,1.000,N,2337,harmonics-2004-06-14_mod.txt,harmonics-dwf-20251228-free.txt,
0.50,"St. Marks River Entrance, Florida (2) (expired 1995-12-31)","St. Marks lighthouse, Apalachee Bay, Florida",0.00,0.2,+0.00,1.000,N,2337,harmonics-2004-06-14_mod.txt,harmonics-dwf-20251228-free.txt,
0.50,"St. Marks River Entrance, Florida (3) (expired 1984-12-31)","St. Marks lighthouse, Apalachee Bay, Florida",0.00,4.9,+0.23,0.999,N,2337,harmonics-2004-06-14_mod.txt,harmonics-dwf-20251228-free.txt,
0.50,"Wai-ling-ting, Hong Kong","Wailingding Dao, Guangdong, China",0.00,8.7,+0.42,0.995,N,2648,harmonics_noaa_cptt.txt,harmonics_att_np204_secondary.txt,
0.50,"Wen Wei Rock, Guangdong, China","Wenwei Zhou, Guangdong, China",0.00,9.5,+0.47,0.996,N,2672,harmonics_noaa_cptt.txt,harmonics_att_np204_secondary.txt,
0.50,"Mys Kapuetnyi (Paramushir), Kuril Islands, Russia","Mys Kapustnyy, Russia",0.02,9.8,-0.35,0.987,N,1512,harmonics-2004-06-14_mod.txt,harmonics_noaa_cptt.txt,
0.50,"Kuroishi Wan, Onekotan To, Russia","Onekotan (Bukhta Blakiston), Kuril Islands, Russia",0.02,10.9,-0.18,0.980,H,1675,harmonics_noaa_cptt.txt,harmonics-2004-06-14_mod.txt,
0.50,"Miura Wan, Nagasaki, Japan","Modo Ura (Okata), Nagasaki, Japan",0.03,13.5,-0.13,0.998,H,1455,harmonics_noaa_cptt.txt,harmonics-2004-06-14_mod.txt,
0.50,"Mutsuki Seto, Naka Shima, Ehime, Japan","Oura (Sekito Seto), Ehime, Japan",0.03,10.7,-0.13,1.000,H,1729,harmonics_noaa_cptt.txt,harmonics-2004-06-14_mod.txt,
0.50,"Ushibuka, Amakusa Shimo Shima, Kumamoto, Japan","Usibuka, Kumamoto, Japan",0.03,11.3,-0.07,1.000,H,2604,harmonics_noaa_cptt.txt,harmonics-2004-06-14_mod.txt,
0.50,"Bayonne Bridge, Bergen Point West Reach, New York","Bayonne Bridge, Staten Island, New York",0.11,2.9,-0.12,1.000,N,208,harmonics-dwf-20251228-free.txt,harmonics-2004-06-14_mod.txt,"Bayonne Bridge, Staten Island, New York"
0.50,"Futami, Okinawa, Japan","Sukku, Ora Wan, Okinawa, Japan",0.17,11.9,-0.02,0.999,H,741,harmonics-2004-06-14_mod.txt,harmonics_noaa_cptt.txt,
0.50,"Freeport Harbor, Texas","Freeport, DOW Barge Canal, Texas",0.18,9.8,+0.20,0.979,N,723,harmonics-2004-06-14_mod.txt,harmonics-dwf-20251228-free.txt,
0.50,"Awashima (Bisan Seto), Kagawa, Japan","Awashima, Awa Shima, Kagawa, Japan",0.21,8.6,+0.00,0.998,N,113,harmonics-2004-06-14_mod.txt,harmonics_noaa_cptt.txt,
0.50,"Woods Hole Oceanographic Institute, Massachusetts","Woods Hole, Buzzards Bay, Massachusetts",0.24,1.5,+0.02,1.000,N,2701,harmonics-2004-06-14_mod.txt,harmonics-dwf-20251228-free.txt,
0.50,"Tomo Tsu, Bingo Nada, Hiroshima, Japan","Tomonoura, Hiroshima, Japan",0.26,8.9,-0.18,0.999,N,2522,harmonics_noaa_cptt.txt,harmonics-2004-06-14_mod.txt,
0.50,"Charles Island, Washington","Richardson, Lopez Island, San Juan Channel, Washington",0.37,2.2,-0.15,1.000,N,456,harmonics-2004-06-14_mod.txt,harmonics-dwf-20251228-free.txt,
0.50,"Aziro, Tokushima, Japan","Fukuike (Naruto), Tokushima, Japan",0.38,18.5,+0.38,0.917,HN,732,harmonics_noaa_cptt.txt,harmonics-2004-06-14_mod.txt,
0.50,"Menemsha Bight, Martha's Vineyard, Massachusetts","Menemsha Harbor, Massachusetts",0.50,3.4,-0.08,1.000,N,1409,harmonics-2004-06-14_mod.txt,harmonics-dwf-20251228-free.txt,
0.50,"Tobata, Fukuoka, Japan","Wakamatsu (Kanmon), Fukuoka, Japan",0.51,6.1,+0.02,0.999,N,2505,harmonics-2004-06-14_mod.txt,harmonics-2004-06-14_mod.txt,
0.50,"Hikeda, Harima Nada, Kagawa, Japan","Hiketa, Kagawa, Japan",0.52,6.4,+0.10,1.000,N,895,harmonics_noaa_cptt.txt,harmonics-2004-06-14_mod.txt,
0.50,"Doi (Suo-Oshima), Yamaguchi, Japan","Yashiro Jima, Yamaguchi, Japan",0.55,11.2,+0.17,0.999,H,599,harmonics-2004-06-14_mod.txt,harmonics_noaa_cptt.txt,
0.50,"Fukushima Inamachi, Ariake Wan, Miyazaki, Japan","Kushima, Miyazaki, Japan",0.55,11.6,+0.02,0.996,H,1184,harmonics_noaa_cptt.txt,harmonics-2004-06-14_mod.txt,
0.50,"Shino Shima, Mikawa Wan, Aichi, Japan","Shinojima, Aichi, Japan",0.57,13.2,-0.02,0.998,H,2261,harmonics_noaa_cptt.txt,harmonics-2004-06-14_mod.txt,
0.50,"Kasatka Bay (Iturup), Kuril Islands, Russia","Zaliv Kasatka, Russia",0.61,7.7,+0.07,0.986,N,1080,harmonics-2004-06-14_mod.txt,harmonics_noaa_cptt.txt,
0.50,"Nickerie River, Suriname","Nieuw-Nickerie, Suriname",0.63,12.3,+0.57,1.000,L,1589,harmonics_att_np207.txt,harmonics-1997-05-25_mod.txt,
0.50,"Bukhta Varneka, Russia","Varneka Bay, Russia",0.64,10.0,+0.27,1.000,H,325,harmonics_att_np202_secondary.txt,harmonics_noaa_eutt.txt,
0.50,"Guba Zubovskaya, Russia","Zubovskaya Bay, Russia",0.64,7.3,+0.00,1.000,N,830,harmonics_att_np202_secondary.txt,harmonics_noaa_eutt.txt,
0.50,"Kharlovka River mouth, Russia","Reka Kharlovka, Russia",0.67,13.4,+0.00,1.000,H,2052,harmonics_noaa_eutt.txt,harmonics_att_np202_secondary.txt,
0.50,"Freeport Harbor, Texas","USCG Freeport, Texas",0.68,9.8,+0.20,0.979,N,723,harmonics-2004-06-14_mod.txt,harmonics-dwf-20251228-free.txt,
0.50,"Otohama, Chiba, Japan","Shirahama, Chiba, Japan",0.69,10.8,-0.23,0.994,H,2270,harmonics_noaa_cptt.txt,harmonics-2004-06-14_mod.txt,
0.50,"Fort Wadsworth, The Narrows, Staten Island, New York","USCG station, The Narrows, New York",0.72,1.7,+0.02,0.999,N,2582,harmonics-dwf-20251228-free.txt,harmonics-dwf-20251228-free.txt,
0.50,"Kovda River entrance, Russia","Reka Kovda, Russia",0.73,9.9,+0.00,1.000,N,2054,harmonics_noaa_eutt.txt,harmonics_att_np202_secondary.txt,
0.50,"Megra River entrance, Russia","Reka Megra, Russia",0.75,16.0,-0.33,1.000,H,2055,harmonics_noaa_eutt.txt,harmonics_att_np202_secondary.txt,
0.50,"Funakata, Chiba, Japan","Tateyama Wan, Chiba, Japan",0.77,9.3,+0.07,1.000,N,736,harmonics-2004-06-14_mod.txt,harmonics_noaa_cptt.txt,
0.50,"Kerets Point, Russia","Mys Kerets, Russia",0.77,8.9,+0.00,1.000,N,1514,harmonics_noaa_eutt.txt,harmonics_att_np202_secondary.txt,
0.50,"Freeport, DOW Barge Canal, Texas","USCG Freeport, Texas",0.79,0.3,+0.00,1.000,N,723,harmonics-dwf-20251228-free.txt,harmonics-dwf-20251228-free.txt,
0.50,"Okinoshima, Wakayama, Japan","Tomoga Shima, Tomogashima Suido, Wakayama, Japan",0.81,14.2,+0.10,0.993,H,1658,harmonics-2004-06-14_mod.txt,harmonics_noaa_cptt.txt,
0.50,"Ostrov Paskanets, Russia","Paskanets Islet, Russia",0.82,10.8,+0.12,1.000,H,1711,harmonics_att_np202_secondary.txt,harmonics_noaa_eutt.txt,
0.50,"Toyo, Hokkaido, Japan","Utaro, Hokkaido, Japan",0.86,9.8,+0.00,0.998,N,2533,harmonics-2004-06-14_mod.txt,harmonics_noaa_cptt.txt,
0.50,"Unten Ko, Okinawa, Japan","Yagajishima, Okinawa, Japan",0.88,11.7,-0.05,1.000,H,2708,harmonics_noaa_cptt.txt,harmonics-2004-06-14_mod.txt,
0.50,"Blaine, Semiahmoo Bay, Washington (2)","Drayton Harbor, Blaine, Strait of Georgia, Washington",0.93,2.5,-0.13,1.000,N,266,harmonics-2004-06-14_mod.txt,harmonics-dwf-20251228-free.txt,
0.50,"Hahajima, Tokyo, Japan","Okimura, Ogasawara Gunto, Tokyo, Japan",0.95,8.6,+0.00,0.999,N,842,harmonics-2004-06-14_mod.txt,harmonics_noaa_cptt.txt,
0.50,"Deception Pass St. Park, Bowman Bay, Fidalgo I., Washington","Reservation Bay, Washington (2)",1.10,4.0,-0.12,0.999,N,2060,harmonics-dwf-20251228-free.txt,harmonics-2004-06-14_mod.txt,
0.50,"Calcasieu Pass, Lighthouse wharf, Louisiana","Calcasieu Pass, east jetty, Louisiana",1.14,6.8,-0.05,0.991,N,361,harmonics-2004-06-14_mod.txt,harmonics-dwf-20251228-free.txt,
0.50,"Freeport SPIP, Freeport Harbor, Texas","USCG Freeport, Texas",1.17,0.5,-0.03,1.000,N,723,harmonics-dwf-20251228-free.txt,harmonics-dwf-20251228-free.txt,
0.50,"East Bay, New Zealand","Kahikatea Bay, New Zealand",1.20,0.2,+0.00,1.000,N,1043,harmonics_utide_tidetables.txt,harmonics_utide_tidetables.txt,
0.50,"Guba Kamyenka, Russia","Kamenka Bay, Russia",1.23,17.3,-12.00,0.976,H,814,harmonics_att_np202_secondary.txt,harmonics_noaa_eutt.txt,
0.50,"Aransas Channel, Texas","Aransas, Aransas Pass, Texas",1.25,5.8,-0.08,0.995,N,78,harmonics-2004-06-14_mod.txt,harmonics-dwf-20251228-free.txt,
0.50,"Guba Porchnikha, Russia","Porchnikha Cove, Russia",1.32,6.0,+0.00,1.000,N,820,harmonics_att_np202_secondary.txt,harmonics_noaa_eutt.txt,
0.50,"East Chop, Martha's Vineyard, Massachusetts","Oak Bluffs, Martha's Vineyard, Massachusetts",1.35,0.6,-0.02,1.000,N,631,harmonics-2004-06-14_mod.txt,harmonics-2004-06-14_mod.txt,
0.50,"Cape Kanin, Russia","Mys Kanin Nos, Russia",1.35,7.4,+0.00,1.000,N,1511,harmonics_noaa_eutt.txt,harmonics_att_np202_secondary.txt,
0.50,"Gamagori, Mikawa Wan, Aichi, Japan","Miyacho, Aichi, Japan",1.36,12.2,+0.03,0.998,HN,754,harmonics_noaa_cptt.txt,harmonics-2004-06-14_mod.txt,
0.50,"Sidaogou [Bar Signal Station, Liao Ho], Liaoning, China","Yingkou, Liaoning, China",1.41,24.7,+1.13,0.994,H,2282,harmonics_noaa_cptt.txt,harmonics_utide_tidetables.txt,
0.50,"Oshima, Nagasaki, Japan","Terashima Suido, Nagasaki, Japan",1.46,12.1,+0.08,0.994,H,1693,harmonics-2004-06-14_mod.txt,harmonics_noaa_cptt.txt,
0.50,"Chengshan Jiao [Dove Cove, Jungcheng Bay], Shandong, China","Chengshanjiao, Shandong, China",1.47,21.0,-0.42,0.927,H,463,harmonics_noaa_cptt.txt,harmonics_utide_tidetables.txt,
0.50,"Moro Shima Suido, Yamaguchi, Japan","Nasakejima, Yamaguchi, Japan",1.51,10.6,-0.15,0.999,H,1555,harmonics_noaa_cptt.txt,harmonics-2004-06-14_mod.txt,
0.50,"Katumoto, Nagasaki, Japan","Kazamoto Ura, Iki Shima, Nagasaki, Japan",1.54,13.0,+0.00,0.993,H,1085,harmonics-2004-06-14_mod.txt,harmonics_noaa_cptt.txt,
0.50,"Kodai, Nagasaki, Japan","Saikaicho Mizunourago, Nagasaki, Japan",1.58,9.0,+0.02,0.999,N,2111,harmonics-2004-06-14_mod.txt,harmonics-2004-06-14_mod.txt,
0.50,"Pavilion Point, St. Thomas, Virgin Islands","Water Bay, St. Thomas, Virgin Islands",1.60,2.6,+0.08,0.999,N,1773,harmonics-dwf-20251228-free.txt,harmonics-dwf-20251228-free.txt,
0.50,"Gamagori, Aichi, Japan","Miyacho, Aichi, Japan",1.71,6.2,+0.02,1.000,HN,754,harmonics-2004-06-14_mod.txt,harmonics-2004-06-14_mod.txt,
0.50,"Cape Astronomicheski, Russia","Mys Astronomicheski, Russia",1.72,12.5,+0.40,0.983,H,1503,harmonics_noaa_cptt.txt,harmonics-1997-05-25_mod.txt,
0.50,"Hamajimacho Hamajima, Mie, Japan","Hamashima, Ago Wan, Mie, Japan",1.76,7.6,-0.13,0.999,N,856,harmonics-2004-06-14_mod.txt,harmonics_noaa_cptt.txt,
0.50,"Hadera (Coal Pier), Israel","Hadera Port, Israel",1.84,1.2,+0.05,1.000,N,840,harmonics_utide_observations.txt,harmonics_utide_observations.txt,
0.50,"Kotomari Zaki, Russia","Kotomari, Kuril Islands, Russia",1.85,10.6,+0.10,0.997,H,1145,harmonics_noaa_cptt.txt,harmonics-2004-06-14_mod.txt,
0.50,"Cape Gluboki, Russia","Mys Glubokiy, Russia",1.86,8.3,+0.00,1.000,N,1508,harmonics_noaa_eutt.txt,harmonics_att_np202_secondary.txt,
0.50,"Notsu Misaki, Russia","Yatsu Misaki, Russia",1.86,17.0,-0.23,0.988,H,1620,harmonics_att_np204_secondary.txt,harmonics_noaa_cptt.txt,
0.50,"Ostrov Sosnovets, Russia","Sosnovets Island, Russia",1.86,8.2,-0.07,1.000,N,1714,harmonics_att_np202_secondary.txt,harmonics_noaa_eutt.txt,
0.50,"Pulap Atoll, Micronesia","Pulap Island, Micronesia",1.86,8.7,-0.22,0.997,N,1982,harmonics_noaa_pacif.txt,harmonics_att_np204_secondary.txt,
0.50,"Pyechora River bar, Russia","Reka Pechora, Russia",1.86,16.1,-0.02,1.000,H,2056,harmonics_noaa_eutt.txt,harmonics_att_np202_secondary.txt,
0.50,"Lushunxingang, Liaoning, China","Yangtouwa [Yang-tou Wan], Liaoning, China",1.86,17.9,-0.13,0.958,H,2715,harmonics_utide_tidetables.txt,harmonics_noaa_cptt.txt,
0.50,"Anheung Harbor, South Korea","Anheung Sinjindo, South Korea",1.87,0.0,+0.00,1.000,N,56,harmonics_utide_tidetables.txt,harmonics_utide_tidetables.txt,
0.50,"Great Hill, Buzzards Bay, Massachusetts","Piney Point, Buzzards Bay, Massachusetts",1.90,2.5,+0.10,1.000,N,797,harmonics-dwf-20251228-free.txt,harmonics-dwf-20251228-free.txt,
0.50,"Hakana Bay, New Zealand","Kanae Bay, New Zealand",1.90,0.0,+0.00,1.000,N,1059,harmonics_utide_tidetables.txt,harmonics_utide_tidetables.txt,
0.50,"Ostrov Sokoliy, Russia","Sokoli Island, Russia",1.95,10.9,+0.40,1.000,H,1712,harmonics_att_np202_secondary.txt,harmonics_noaa_eutt.txt,
0.50,"Con Dao, Vietnam","Con Son, Tien Giang, Vietnam",2.01,7.0,+0.03,0.999,K,505,harmonics_utide_tidetables.txt,harmonics_noaa_cptt.txt,
0.50,"Cape Voronov, Russia","Mys Voronov, Russia",2.22,6.7,+0.00,1.000,K,1524,harmonics_noaa_eutt.txt,harmonics_att_np202_secondary.txt,
0.50,"Ostrov Sredniy Guba Keret, Russia","Sredni Anchorage, Keret Bay, Russia",2.23,9.4,+0.00,1.000,K,1715,harmonics_att_np202_secondary.txt,harmonics_noaa_eutt.txt,
0.50,"Gima Ko, Kume Shima, Okinawa, Japan","Kanegusukuko (Kumejima), Okinawa, Japan",2.34,11.9,-0.02,1.000,K,1064,harmonics_noaa_cptt.txt,harmonics-2004-06-14_mod.txt,
0.50,"Morzhovetz Island, Russia","Ostrov Morzhovets, Russia",2.36,7.7,+0.08,1.000,K,1710,harmonics_noaa_eutt.txt,harmonics_att_np202_secondary.txt,
0.50,"Iwakuni, Yamaguchi, Japan","Shimminato, Yamaguchi, Japan",2.40,11.2,+0.10,0.999,KLN,1000,harmonics-2004-06-14_mod.txt,harmonics_noaa_cptt.txt,
0.50,"Mys Pon'goma Navolok, Russia","Pongama Bay, Russia",2.41,9.6,+0.00,1.000,K,1520,harmonics_att_np202_secondary.txt,harmonics_noaa_eutt.txt,
0.40,"Degaussing structure, Mayport Naval Station, Florida","St. Johns River at Navy degaussing structure, Florida (2)",0.04,4.1,-0.03,0.994,N,2332,harmonics-dwf-20251228-free.txt,harmonics-2004-06-14_mod.txt,
0.40,"Cape Charles Coast Guard Station, Virginia","Cape Charles Harbor (USCG wharf), Chesapeake Bay, Virginia",0.44,0.6,-0.02,1.000,N,396,harmonics-2004-06-14_mod.txt,harmonics-dwf-20251228-free.txt,
0.40,"Padre Island, Brazos Santiago Pass, Texas","USCG station, South Padre Island, Texas",1.20,9.6,-0.37,0.999,N,2581,harmonics-dwf-20251228-free.txt,harmonics-dwf-20251228-free.txt,
0.33,"Bukhta Malyy Korabel'naya, Russia","Malaya Korabelnaya Bay, Russia",0.00,7.1,+0.00,1.000,N,317,harmonics_att_np202_secondary.txt,harmonics_noaa_eutt.txt,
0.33,"Dongjia Wan [Tung-chai Harbor], Shandong, China","Laoshan Gang, Shandong, China",0.00,12.9,+0.02,0.984,H,1236,harmonics_noaa_cptt.txt,harmonics_att_np204_secondary.txt,
0.33,"Mayport (ferry dock), Florida","Mayport, St. Johns River, Florida",0.00,1.6,+0.03,1.000,N,1393,harmonics-2004-06-14_mod.txt,harmonics-dwf-20251228-free.txt,
0.33,"Miami Beach (city pier), Florida","Miami Harbor Entrance, Florida",0.00,0.2,+0.00,1.000,N,1420,harmonics-dwf-20251228-free.txt,harmonics-2004-06-14_mod.txt,
0.33,"Ostrov Yuzhnyy Rombak, Russia","Rombaki Island, Russia",0.00,8.5,+0.00,1.000,N,1721,harmonics_att_np202_secondary.txt,harmonics_noaa_eutt.txt,
0.33,"Kiya River entrance, Russia","Reka Kiya Mouth, Russia",0.00,12.8,-0.32,1.000,H,2053,harmonics_noaa_eutt.txt,harmonics_att_np202_secondary.txt,
0.33,"Trenton Marine Terminal, Trenton, New Jersey","Trenton, Delaware River, New Jersey",0.00,0.6,+0.02,1.000,N,2535,harmonics-dwf-20251228-free.txt,harmonics-2004-06-14_mod.txt,
0.33,"Lidao Wan [Litao Bay], Shandong, China","Waizhe Dao, Shandong, China",0.00,19.7,-0.75,0.991,H,2654,harmonics_noaa_cptt.txt,harmonics_att_np204_secondary.txt,
0.33,"Bermuda Esso Pier, St. Georges, Bermuda","St. George's Island, Bermuda",0.05,0.5,+0.02,1.000,N,2325,harmonics_ticon4_worldwide.txt,harmonics_noaa_carib.txt,
0.33,"Mayport (Ferry Depot), Florida","Mayport, St. Johns River, Florida",0.19,1.6,+0.03,1.000,N,1393,harmonics-dwf-20251228-free.txt,harmonics-dwf-20251228-free.txt,
0.33,"Jacksonville, Acosta Bridge, Florida (4)","St. Johns River at Main Street Bridge, Florida",0.24,8.7,+0.10,0.992,N,1007,harmonics-2004-06-14_mod.txt,harmonics-2004-06-14_mod.txt,
0.33,"Heath Point, Québec, Canada","L'Île-d'Anticosti, Québec, Canada",0.24,12.2,+0.08,0.941,H,1202,harmonics_noaa_amtt.txt,harmonics-2004-06-14_mod.txt,
0.33,"Nasami Seto, Hiroshima, Japan","Okimicho Mino (Etajima), Hiroshima, Japan",0.32,12.4,-0.20,0.997,H,1656,harmonics_noaa_cptt.txt,harmonics-2004-06-14_mod.txt,
0.33,"Mayport (ferry dock), Florida (3)","Mayport, St. Johns River, Florida",0.37,1.9,-0.03,1.000,N,1393,harmonics-2004-06-14_mod.txt,harmonics-dwf-20251228-free.txt,
0.33,"Mayport (ferry dock), Florida (4)","Mayport, St. Johns River, Florida",0.37,1.3,-0.03,1.000,N,1393,harmonics-2004-06-14_mod.txt,harmonics-dwf-20251228-free.txt,
0.33,"Mayport (ferry dock), Florida (6)","Mayport, St. Johns River, Florida",0.37,2.0,-0.03,1.000,N,1393,harmonics-2004-06-14_mod.txt,harmonics-dwf-20251228-free.txt,
0.33,"Mayport (ferry dock), Florida (7)","Mayport, St. Johns River, Florida",0.37,2.8,-0.07,0.999,N,1393,harmonics-2004-06-14_mod.txt,harmonics-dwf-20251228-free.txt,
0.33,"Mayport (ferry dock), Florida (8)","Mayport, St. Johns River, Florida",0.37,1.9,-0.07,1.000,N,1393,harmonics-2004-06-14_mod.txt,harmonics-dwf-20251228-free.txt,
0.33,"Kameike (Minamidaito), Okinawa, Japan","Minami Daito Jima, Okinawa, Japan",0.39,10.9,+0.07,0.997,H,1053,harmonics-2004-06-14_mod.txt,harmonics_noaa_cptt.txt,
0.33,"Kobi Sho, Sento Shosho, Okinawa, Japan","Kuba jima, Okinawa, Japan",0.50,12.3,+0.05,0.993,H,1166,harmonics_noaa_cptt.txt,harmonics-2004-06-14_mod.txt,
0.33,"Bar Pilot Dock, St. Johns River, Florida","Mayport (ferry dock), Florida",0.51,1.6,-0.07,1.000,N,1393,harmonics-dwf-20251228-free.txt,harmonics-2004-06-14_mod.txt,
0.33,"Mali Oleni Strait, Russia","Proliv Malyy Oleniy, Russia",0.66,9.2,+0.00,1.000,N,1957,harmonics_noaa_eutt.txt,harmonics_att_np202_secondary.txt,
0.33,"Bar Pilot Dock, St. Johns River, Florida","Mayport (ferry dock), Florida (3)",0.81,0.6,+0.02,1.000,N,1393,harmonics-dwf-20251228-free.txt,harmonics-2004-06-14_mod.txt,
0.33,"Bar Pilot Dock, St. Johns River, Florida","Mayport (ferry dock), Florida (4)",0.81,1.0,+0.00,1.000,N,1393,harmonics-dwf-20251228-free.txt,harmonics-2004-06-14_mod.txt,
0.33,"Bar Pilot Dock, St. Johns River, Florida","Mayport (ferry dock), Florida (6)",0.81,0.7,+0.00,1.000,N,1393,harmonics-dwf-20251228-free.txt,harmonics-2004-06-14_mod.txt,
0.33,"Bar Pilot Dock, St. Johns River, Florida","Mayport (ferry dock), Florida (7)",0.81,1.5,+0.03,0.999,N,1393,harmonics-dwf-20251228-free.txt,harmonics-2004-06-14_mod.txt,
0.33,"Bar Pilot Dock, St. Johns River, Florida","Mayport (ferry dock), Florida (8)",0.81,0.9,+0.03,1.000,N,1393,harmonics-dwf-20251228-free.txt,harmonics-2004-06-14_mod.txt,
0.33,"CSX Rockport, McKay Bay entrance, Florida","East Bay, Tampa Bay, Florida",1.15,1.5,+0.00,1.000,N,344,harmonics-dwf-20251228-free.txt,harmonics-dwf-20251228-free.txt,
0.33,"Canaveral Harbor entrance, Florida","Trident Pier, Port Canaveral, Florida",1.18,3.1,-0.03,1.000,N,2538,harmonics-dwf-20251228-free.txt,harmonics-dwf-20251228-free.txt,
0.33,"Ferry Slip, Dyckman Street, Hudson River, New York","Spuyten Duyvil Creek entrance, Hudson River, New York",1.31,3.9,-0.07,0.999,N,693,harmonics-dwf-20251228-free.txt,harmonics-dwf-20251228-free.txt,
0.33,"Lynchburg Landing, San Jacinto River, Galveston Bay, Texas","San Jacinto Battleground State Historic Site, Texas",1.46,8.3,-0.42,0.999,N,1321,harmonics-dwf-20251228-free.txt,harmonics-dwf-20251228-free.txt,
0.33,"Hua-lien Kang, Okinawa, Japan","Hualien, Taiwan",1.70,11.9,-0.42,0.987,H,937,harmonics_noaa_cptt.txt,harmonics_utide_tidetables.txt,
0.33,"Gunsan Inner Harbor, South Korea","Kunsan, Kum-gang, Busan, South Korea",1.86,7.9,-0.10,1.000,N,1178,harmonics_utide_tidetables.txt,harmonics_noaa_cptt.txt,
0.33,"Freeport SPIP, Freeport Harbor, Texas","Freeport, DOW Barge Canal, Texas",1.96,0.5,-0.03,1.000,N,723,harmonics-dwf-20251228-free.txt,harmonics-dwf-20251228-free.txt,
0.33,"Malecón, Isla de Zapara, Venezuela","Maracaibo Approaches (Malecon), Venezuela",2.35,0.8,+0.00,1.000,L,1344,harmonics-1997-05-25_mod.txt,harmonics_utide_tidetables.txt,
0.25,"Chuk-to, Kunsan-hang, Busan, South Korea","Gunsan Jukdo, South Korea",0.00,8.1,-0.17,1.000,N,482,harmonics_noaa_cptt.txt,harmonics_utide_tidetables.txt,
0.25,"Nerpalakh Lagoon, Kotel'nyy Island, Russia","Ostrov Kotelny, Russia",0.00,15.4,-0.23,0.920,H,1705,harmonics_noaa_cptt.txt,harmonics_att_np202.txt,
0.25,"Onekotan (West coast), Kuril Islands, Russia","Shiomi Wan, Onekotan To, Russia",0.02,8.4,-0.13,0.998,N,1676,harmonics-2004-06-14_mod.txt,harmonics_noaa_cptt.txt,
0.25,"Ostrov Ushishir, Kuril Islands, Russia","Ushishiro To, Russia",0.02,6.4,-0.17,0.994,N,1718,harmonics-2004-06-14_mod.txt,harmonics_noaa_cptt.txt,
0.25,"Government Cut, Miami Harbor entrance, Florida","Miami Beach (city pier), Florida",0.58,5.9,+0.22,0.999,N,1420,harmonics-dwf-20251228-free.txt,harmonics-dwf-20251228-free.txt,
0.25,"Malokurilskoye (Shikotan), Kuril Islands, Russia","Shakotan Ko, Shikotan Jima, Russia",0.85,9.5,+0.12,0.988,N,1350,harmonics-2004-06-14_mod.txt,harmonics_noaa_cptt.txt,
0.25,"Bayou Talla, Back Bay, Biloxi, Mississippi","Ocean Springs Marina, Old Fort Bayou, Mississippi",1.45,4.6,+0.32,0.999,N,1634,harmonics-dwf-20251228-free.txt,harmonics-dwf-20251228-free.txt,
0.25,"Philadelphia (USCG station), Delaware River, Pennsylvania","Philadelphia, Municipal Pier 11, Pennsylvania",2.27,9.2,-0.38,1.000,G,1801,harmonics-dwf-20251228-free.txt,harmonics-dwf-20251228-free.txt,
0.00,"Bukhta Babushkina, Kuril Islands, Russia","Nakagawa Wan, Russia",0.00,6.5,+0.13,0.997,N,314,harmonics-2004-06-14_mod.txt,harmonics_noaa_cptt.txt,
0.00,"Bukhta Matuga, Russia","Matugin Point, Russia",0.00,16.9,-0.58,0.956,H,318,harmonics_att_np204_secondary.txt,harmonics_noaa_cptt.txt,
0.00,"Ch'onsong-man, Kadok-to, Busan, South Korea","Gadeokdo, South Korea",0.00,11.0,+0.22,0.996,H,446,harmonics_noaa_cptt.txt,harmonics_utide_tidetables.txt,
0.00,"Chiang-chun Kang-tao, Taiwan","Pa-chao Yu, Taiwan",0.00,15.4,+0.20,0.799,H,471,harmonics_att_np204_secondary.txt,harmonics_noaa_cptt.txt,
0.00,"Guba Mogil'naya, Russia","Mogilnyy Point, Kildin Island, Russia",0.00,7.7,+0.00,1.000,N,818,harmonics_att_np202_secondary.txt,harmonics_noaa_eutt.txt,
0.00,"Guba Zelenetskaya Zapadnaya, Russia","Zyelyenyets Bay, Russia",0.00,7.1,+0.00,1.000,N,829,harmonics_att_np202_secondary.txt,harmonics_noaa_eutt.txt,
0.00,"Hawmat As Suq, Tunisia","Houmt Souk (Djerba), Tunisia",0.00,7.8,-0.18,0.996,N,934,harmonics_noaa_eutt.txt,harmonics_att_np208.txt,
0.00,"Bazisnyy Point, Russia","Mys Bezlavnyy, Russia",0.00,7.1,+0.00,1.000,N,1504,harmonics_noaa_eutt.txt,harmonics_att_np202_secondary.txt,
0.00,"Mudyugskiy Island, Russia","Mys Yuzhnyy, Russia",0.00,12.5,-0.05,1.000,H,1525,harmonics_noaa_eutt.txt,harmonics_att_np202_secondary.txt,
0.00,"Ngesebus, Palau","Shonian Harbor, Palau",0.00,4.5,+0.18,0.993,N,1587,harmonics_att_np204_secondary.txt,harmonics_noaa_pacif.txt,
0.00,"Berejnoi Island, Russia","Ostrov Berezhnoy Borshovets, Russia",0.00,9.0,+0.00,1.000,N,1699,harmonics_noaa_eutt.txt,harmonics_att_np202_secondary.txt,
0.00,"Ostrov Sumostrov, Russia","Sum Island, Russia",0.00,8.5,+0.00,1.000,N,1716,harmonics_att_np202_secondary.txt,harmonics_noaa_eutt.txt,
0.00,"Ostrov Varanduyey, Russia","Varandei Island, Russia",0.00,8.9,+0.00,1.000,N,1719,harmonics_att_np202_secondary.txt,harmonics_noaa_eutt.txt,
0.00,"Ostrov Velikiy, Russia","Three Islands, Russia",0.00,8.0,-0.05,1.000,N,1720,harmonics_att_np202_secondary.txt,harmonics_noaa_eutt.txt,
0.00,"Nikolskoi Bar, Russia","Severodvinsk, Russia",0.00,9.6,+0.00,1.000,N,2233,harmonics_noaa_eutt.txt,harmonics_att_np202_secondary.txt,
0.00,"Daecheongdo, South Korea","Taech'ong-do, Taech'ong-kundo, South Korea",0.00,9.7,+0.13,0.993,N,2394,harmonics_utide_tidetables.txt,harmonics_noaa_cptt.txt,
0.00,"Toagel Mlungui, Palau","West Passage, Palau",0.00,3.0,+0.13,0.996,N,2502,harmonics_att_np204_secondary.txt,harmonics_noaa_pacif.txt,
0.00,"Suna Wan, Kita Jima, Russia","Tschirpoi, Kuril Islands, Russia",0.00,10.5,+0.00,0.971,H,2556,harmonics_noaa_cptt.txt,harmonics-2004-06-14_mod.txt,
0.00,"Bukhta Krasheninikova (Paramushir), Kuril Islands, Russia","Kujira Wan, Russia",0.02,6.8,-0.23,0.995,N,316,harmonics-2004-06-14_mod.txt,harmonics_noaa_cptt.txt,
0.00,"Bukhta Shelekhovo (Paramushir), Kuril Islands, Russia","Kakumabetsu Wan, Russia",0.02,10.0,-0.42,0.987,H,323,harmonics-2004-06-14_mod.txt,harmonics_noaa_cptt.txt,
0.00,"Banjo Zaki, Russia","Mys Savushkina (Paramushir), Kuril Islands, Russia",0.02,10.3,+0.42,0.984,H,1521,harmonics_noaa_cptt.txt,harmonics-2004-06-14_mod.txt,
0.00,"Jui, Sierra Leone","Maroon River, Sierra Leone",0.05,8.8,-0.03,0.978,N,1030,harmonics_att_np208_secondary.txt,harmonics_noaa_eutt.txt,
0.00,"Breakwater Harbor, Delaware","Lewes, Fort Miles, Delaware",0.14,2.0,-0.02,1.000,N,297,harmonics-2004-06-14_mod.txt,harmonics-dwf-20251228-free.txt,
0.00,"Breakwater Harbor, Delaware (2) (expired 1983-12-31)","Lewes, Fort Miles, Delaware",0.14,2.0,-0.07,1.000,N,297,harmonics-2004-06-14_mod.txt,harmonics-dwf-20251228-free.txt,
0.00,"Sentyabrka (Iturup) Sakhalin, Russia","Shibetoro, Russia",0.24,5.9,-0.10,0.997,N,2226,harmonics-2004-06-14_mod.txt,harmonics_noaa_cptt.txt,
0.00,"Pahi, New Zealand","Whakapirau, New Zealand",0.24,1.3,+0.03,1.000,N,2684,harmonics_utide_tidetables.txt,harmonics_utide_tidetables.txt,
0.00,"Golownino (Iturup), Kuril Islands, Russia","Kodnyy, Russia",0.37,9.9,+0.15,0.976,N,776,harmonics-2004-06-14_mod.txt,harmonics_noaa_cptt.txt,
0.00,"Puerto Maunabo, Puerto Rico","Punta Tuna, Puerto Rico",0.48,5.4,+0.03,0.997,N,2009,harmonics-dwf-20251228-free.txt,harmonics-2004-06-14_mod.txt,
0.00,"Donggang, Taiwan","Tung-kang Po-ti, Taiwan",0.54,10.5,-0.27,0.979,H,2570,harmonics_utide_tidetables.txt,harmonics_noaa_cptt.txt,
0.00,"Raupo, New Zealand","Tikinui, New Zealand",0.60,0.1,+0.00,1.000,N,2498,harmonics_utide_tidetables.txt,harmonics_utide_tidetables.txt,
0.00,"Bar Pilot Dock, St. Johns River, Florida","Mayport (Ferry Depot), Florida",0.66,1.6,-0.05,1.000,N,1393,harmonics-dwf-20251228-free.txt,harmonics-dwf-20251228-free.txt,
0.00,"Reyd Otkrytyy (Urup), Kuril Islands, Russia","Tokotan Wan, Russia",0.69,6.0,-0.02,0.996,N,2063,harmonics-2004-06-14_mod.txt,harmonics_noaa_cptt.txt,
0.00,"Bermuda Esso Pier, St. Georges, Bermuda","Ferry Reach (Biological Station), Bermuda",0.75,1.4,+0.02,1.000,N,2325,harmonics_ticon4_worldwide.txt,harmonics_noaa_carib.txt,
0.00,"Arkhangel'sk, Russia","Kyegostrov, Russia",0.79,18.9,-12.00,0.966,H,87,harmonics-1997-05-25_mod.txt,harmonics_noaa_eutt.txt,
0.00,"Ferry Reach (Biological Station), Bermuda","St. George's Island, Bermuda",0.80,1.4,+0.00,1.000,N,2325,harmonics_noaa_carib.txt,harmonics_noaa_carib.txt,
0.00,"Pauanui, New Zealand","Tairua, New Zealand",0.91,0.0,+0.00,1.000,N,1771,harmonics_utide_tidetables.txt,harmonics_utide_tidetables.txt,
0.00,"Dobroe Nachalo Bay (Iturup), Kuril Islands, Russia","Naibo Wan, Russia",0.93,4.8,-0.02,0.997,N,596,harmonics-2004-06-14_mod.txt,harmonics_noaa_cptt.txt,
0.00,"Ludao, Taiwan","Nan-liao Wan, Lu Tao, Taiwan",0.94,11.7,+0.42,0.971,H,1541,harmonics_utide_tidetables.txt,harmonics_noaa_cptt.txt,
0.00,"Medvezhya Bay (Iturup), Kuril Islands, Russia","Moyoro Wan, Russia",1.03,12.0,+0.13,0.978,H,1399,harmonics-2004-06-14_mod.txt,harmonics_noaa_cptt.txt,
0.00,"Mys Polevogo, Russia","Pilevo Point, Russia",1.20,10.7,-0.03,0.955,H,1806,harmonics_noaa_cptt.txt,harmonics_att_np204_secondary.txt,
0.00,"Tamsui, Taiwan","Tan-shui Kang, Taiwan",1.20,11.5,+0.00,0.977,H,2413,harmonics_utide_tidetables.txt,harmonics_noaa_cptt.txt,
0.00,"Biloxi (Cadet Point), Biloxi Bay, Mississippi","Deer Island, Mississippi",1.21,7.3,+0.00,0.995,N,257,harmonics-dwf-20251228-free.txt,harmonics-dwf-20251228-free.txt,
0.00,"Jan Mayen: Maria Muschbukhta, Jan Mayen","Mary Muss Bay, Jan Mayen",1.21,7.7,+0.13,0.956,N,1011,harmonics_att_np202_secondary.txt,harmonics_noaa_eutt.txt,
0.00,"Kotikovo, Russia","Noto, Russia",1.22,10.9,+0.45,0.994,H,1144,harmonics_att_np204_secondary.txt,harmonics_noaa_cptt.txt,
0.00,"Airo Wan, Russia","Bukhta Morovinova, Russia",1.26,5.9,-0.05,0.991,N,319,harmonics_noaa_cptt.txt,harmonics_att_np204_secondary.txt,
0.00,"Cave Bay, New Zealand","Karori Rock Light, New Zealand",1.26,4.0,+0.12,0.998,N,1074,harmonics_utide_tidetables.txt,harmonics_utide_tidetables.txt,
0.00,"An-p'ing Kang, Taiwan","Anping, Taiwan",1.30,15.6,+0.93,0.996,H,46,harmonics_noaa_cptt.txt,harmonics_utide_tidetables.txt,
0.00,"Avila, California","Port San Luis, California",1.30,5.0,-0.30,0.997,N,108,harmonics-2004-06-14_mod.txt,harmonics-dwf-20251228-free.txt,
0.00,"Dutch Harbor, Alaska (expired 1988-12-31)","Unalaska, Alaska",1.30,1.4,-0.07,1.000,N,626,harmonics-2004-06-14_mod.txt,harmonics-2004-06-14_mod.txt,
0.00,"Inside channel, Rudee Inlet, Virginia","Virginia Beach, Virginia",1.30,2.7,+0.07,1.000,N,2635,harmonics-dwf-20251228-free.txt,harmonics-2004-06-14_mod.txt,
0.00,"Motukawanui Island, New Zealand","Waiiti Bay, New Zealand",1.38,0.3,+0.00,1.000,N,2646,harmonics_utide_tidetables.txt,harmonics_utide_tidetables.txt,
0.00,"Tuyup'o, North Korea","Yongamp'o, North Korea",1.42,12.1,-0.27,0.973,H,2574,harmonics_att_np204_secondary.txt,harmonics_noaa_cptt.txt,
0.00,"Reidowo (Iturup), Kuril Islands, Russia","Shamambe Byochi, Russia",1.46,5.6,+0.07,0.997,N,2048,harmonics-2004-06-14_mod.txt,harmonics_noaa_cptt.txt,
0.00,"Chi-pei Tao, Taiwan","Jibei, Taiwan",1.47,9.8,+0.08,0.999,N,470,harmonics_noaa_cptt.txt,harmonics_utide_tidetables.txt,
0.00,"Kotiro Point, New Zealand","Okiwi Bay, New Zealand",1.48,0.0,+0.00,1.000,N,1659,harmonics_utide_tidetables.txt,harmonics_utide_tidetables.txt,
0.00,"Intsi Point, Russia","Mys Insty, Russia",1.51,19.4,+0.37,1.000,H,1509,harmonics_noaa_eutt.txt,harmonics_att_np202_secondary.txt,
0.00,"Brooklyn Bridge, East River, New York","The Battery, New York Harbor, New York",1.65,4.8,+0.15,0.997,N,1575,harmonics-dwf-20251228-free.txt,harmonics-dwf-20251228-free.txt,
0.00,"Throgs Neck, New York","Willets Point, Little Bay, East River, New York",1.72,2.3,+0.05,1.000,N,2692,harmonics-dwf-20251228-free.txt,harmonics-dwf-20251228-free.txt,
0.00,"Brooklyn Bridge, East River, New York","New York, New York",1.73,4.0,+0.10,0.997,N,1575,harmonics-dwf-20251228-free.txt,harmonics-2004-06-14_mod.txt,
0.00,"Brooklyn Bridge, East River, New York","New York, New York (2) (expired 1993-12-31)",1.73,2.5,+0.00,0.997,N,1575,harmonics-dwf-20251228-free.txt,harmonics-2004-06-14_mod.txt,
0.00,"Bahía de Nipe (Entrance), Cuba","Punta Caranero, Cuba",1.73,6.3,+0.02,0.996,N,1999,harmonics_noaa_carib.txt,harmonics_att_np202_secondary.txt,
0.00,"Europoort, Harmsenbrug, Netherlands","Rozenburgsesluis, zuidzijde, Netherlands",1.75,3.1,-0.08,1.000,N,670,harmonics_utide_observations.txt,harmonics_utide_observations.txt,
0.00,"Kalgalaksha Bay entrance, Russia","Mys Solomenny, Russia",1.85,10.4,+0.00,1.000,H,1522,harmonics_noaa_eutt.txt,harmonics_att_np202_secondary.txt,
0.00,"Kii Island, Onega Bay, Russia","Ostrov Kiy, Russia",1.86,17.6,-0.60,1.000,H,1703,harmonics_noaa_eutt.txt,harmonics_att_np202_secondary.txt,
0.00,"Khawr Masqat, Oman","Sidab, Oman",1.86,3.1,+0.12,1.000,N,2281,harmonics_att_np203_secondary.txt,harmonics_att_np203_secondary.txt,
0.00,"Tomunai Hakuchi, Russia","Tunaycha, Russia",1.86,5.3,-0.03,0.992,N,2569,harmonics_noaa_cptt.txt,harmonics_att_np204_secondary.txt,
0.00,"Clapboard Creek, Pelotes Island, Florida","Fulton, St. Johns River, Florida (4)",1.88,3.7,-0.10,0.999,N,487,harmonics-dwf-20251228-free.txt,harmonics-2004-06-14_mod.txt,
0.00,"Araido To, Russia","Ostrov Atlasov, Kuril Islands, Russia",1.91,12.3,+0.50,0.980,H,1698,harmonics_noaa_cptt.txt,harmonics-2004-06-14_mod.txt,
0.00,"Omaha Bridge, New Zealand","Whangateau Harbour, New Zealand",1.91,0.0,+0.00,1.000,N,2687,harmonics_utide_tidetables.txt,harmonics_utide_tidetables.txt,
0.00,"Keflavík Harbor, Iceland","Njarðvík, Iceland",2.66,6.1,-0.05,0.998,K,1600,harmonics_noaa_eutt.txt,harmonics-2004-06-14_mod.txt,
