ozean_km,datei,name,lat,lon
inf,harmonics_att_np208_secondary.txt,"Fatoto, Gambia",13.4071,-13.8914
inf,harmonics_att_np208_secondary.txt,"Bansang, Gambia",13.4359,-14.6537
inf,harmonics_att_np208_secondary.txt,"Janjanbureh, Gambia",13.5440,-14.7636
inf,harmonics_att_np208_secondary.txt,"Kuntaur, Gambia",13.6709,-14.8911
inf,harmonics-dwf-20251228-free.txt,"Kingston Point, south of (depth 30 ft), Hudson River (midchannel), New York Current",41.9183,-73.9595
inf,harmonics-dwf-20251228-free.txt,"Kingston Point, south of (depth 17 ft), Hudson River (midchannel), New York Current",41.9183,-73.9595
inf,harmonics-dwf-20251228-free.txt,"Kingston Point, south of (depth 4 ft), Hudson River (midchannel), New York Current",41.9183,-73.9595
inf,harmonics-dwf-20251228-free.txt,"Kingston-Rhinecliff Bridge (depth 27 ft), Hudson River (midchannel), New York Current",41.9771,-73.9523
inf,harmonics-dwf-20251228-free.txt,"Kingston-Rhinecliff Bridge (depth 14 ft), Hudson River (midchannel), New York Current",41.9771,-73.9523
inf,harmonics-dwf-20251228-free.txt,"Kingston-Rhinecliff Bridge (depth 4 ft), Hudson River (midchannel), New York Current",41.9771,-73.9523
inf,harmonics-dwf-20251228-free.txt,"Turkey Point Hudson River NERRS, Hudson River, New York",42.0139,-73.9392
inf,harmonics-dwf-20251228-free.txt,"Silver Point, south of (depth 31 ft), Hudson River (midchannel), New York Current",42.1382,-73.9085
inf,harmonics-dwf-20251228-free.txt,"Silver Point, south of (depth 14 ft), Hudson River (midchannel), New York Current",42.1382,-73.9085
inf,harmonics-dwf-20251228-free.txt,"Silver Point, south of (depth 4 ft), Hudson River (midchannel), New York Current",42.1382,-73.9085
inf,harmonics-dwf-20251228-free.txt,"Hudson (depth 40 ft), Hudson River (midchannel), New York Current",42.2479,-73.8184
inf,harmonics-dwf-20251228-free.txt,"Hudson (depth 24 ft), Hudson River (midchannel), New York Current",42.2479,-73.8184
inf,harmonics-dwf-20251228-free.txt,"Hudson (depth 14 ft), Hudson River (midchannel), New York Current",42.2479,-73.8184
inf,harmonics-dwf-20251228-free.txt,"Coxsackie (depth 31 ft), Hudson River (midchannel), New York Current",42.3513,-73.7899
inf,harmonics-dwf-20251228-free.txt,"Coxsackie (depth 14 ft), Hudson River (midchannel), New York Current",42.3513,-73.7899
inf,harmonics-dwf-20251228-free.txt,"Coxsackie (depth 4 ft), Hudson River (midchannel), New York Current",42.3513,-73.7899
inf,harmonics-dwf-20251228-free.txt,"Coxsackie, Hudson River, New York",42.3526,-73.7949
inf,harmonics-dwf-20251228-free.txt,"Houghtaling Island, south of (depth 27 ft), Hudson River (midchannel), New York Current",42.4226,-73.7799
inf,harmonics-dwf-20251228-free.txt,"Houghtaling Island, south of (depth 14 ft), Hudson River (midchannel), New York Current",42.4226,-73.7799
inf,harmonics-dwf-20251228-free.txt,"Houghtaling Island, south of (depth 4 ft), Hudson River (midchannel), New York Current",42.4226,-73.7799
inf,harmonics-dwf-20251228-free.txt,"Castleton-on-Hudson Bridge (depth 32 ft), Hudson River (midchannel), New York Current",42.5044,-73.7774
inf,harmonics-dwf-20251228-free.txt,"Castleton-on-Hudson Bridge (depth 16 ft), Hudson River (midchannel), New York Current",42.5044,-73.7774
inf,harmonics-dwf-20251228-free.txt,"Castleton-on-Hudson Bridge (depth 6 ft), Hudson River (midchannel), New York Current",42.5044,-73.7774
inf,harmonics-dwf-20251228-free.txt,"Port of Albany (depth 30 ft), Hudson River (midchannel), New York Current",42.6232,-73.7556
inf,harmonics-dwf-20251228-free.txt,"Port of Albany (depth 16 ft), Hudson River (midchannel), New York Current",42.6232,-73.7556
inf,harmonics-dwf-20251228-free.txt,"Port of Albany (depth 7 ft), Hudson River (midchannel), New York Current",42.6232,-73.7556
inf,harmonics-dwf-20251228-free.txt,"Albany, Hudson River, New York",42.6500,-73.7467
inf,harmonics_utide_tidetables.txt,"Montréal Jetée #1, Québec, Canada",45.5035,-73.5525
inf,harmonics_utide_tidetables.txt,"Montréal rue Frontenac, Québec, Canada",45.5287,-73.5425
inf,harmonics-dwf-20251228-free.txt,"Washougal, Columbia River, Washington",45.5783,-122.3820
inf,harmonics-dwf-20251228-free.txt,"Beacon Rock State Park, Columbia River, Washington",45.6203,-122.0203
inf,harmonics_utide_tidetables.txt,"Varennes, Québec, Canada",45.6843,-73.4437
inf,harmonics_utide_tidetables.txt,"Contrecoeur IOC, Québec, Canada",45.8327,-73.2832
inf,harmonics-2004-06-14_mod.txt,"Sorel, Québec, Canada",46.0472,-73.1157
inf,harmonics_utide_tidetables.txt,"Sorel, Québec, Canada",46.0472,-73.1157
inf,harmonics_ticon4_worldwide.txt,"Sorel, Québec, Canada",46.0471,-73.1155
inf,harmonics-2004-06-14_mod.txt,"Îlets Percés, Québec, Canada",46.1172,-72.9490
inf,harmonics-2004-06-14_mod.txt,"Lac Saint-Pierre, Québec, Canada",46.1948,-72.8955
inf,harmonics_utide_tidetables.txt,"Lac Saint-Pierre, Québec, Canada",46.1948,-72.8955
inf,harmonics_ticon4_worldwide.txt,"Louiseville, Québec, Canada",46.2208,-72.9244
inf,harmonics-2004-06-14_mod.txt,"Nicolet, Québec, Canada",46.2470,-72.6510
inf,harmonics_ticon4_worldwide.txt,"Port-Saint-François, Québec, Canada",46.2725,-72.6193
inf,harmonics_utide_tidetables.txt,"Port-Saint-François, Québec, Canada",46.2725,-72.6193
inf,harmonics_ticon4_worldwide.txt,"Trois-Rivieres, Québec, Canada",46.3405,-72.5392
inf,harmonics_utide_tidetables.txt,"Trois-Rivières, Québec, Canada",46.3405,-72.5392
inf,harmonics_ticon4_worldwide.txt,"Becancour, Québec, Canada",46.4003,-72.3795
inf,harmonics_utide_tidetables.txt,"Bécancour, Québec, Canada",46.4003,-72.3795
inf,harmonics_utide_tidetables.txt,"Chicoutimi, Québec, Canada",48.4308,-71.0548
100,harmonics_noaa_amtt.txt,"Ilha do Brigue, Amazon River, Brazil",-0.9167,-50.0833
100,harmonics_att_np203_scs.txt,"Kanowit, Malaysia",2.1000,112.1500
100,harmonics_utide_tidetables.txt,"Can Tho, Vietnam",10.0333,105.7833
100,harmonics_utide_tidetables.txt,"My Thuan, Vietnam",10.2718,105.9117
100,harmonics_att_np208_secondary.txt,"Kaur, Gambia",13.6926,-15.3251
100,harmonics-dwf-20251228-free.txt,"Blackslough Landing, San Joaquin River, California",37.9950,-121.4200
100,harmonics-dwf-20251228-free.txt,"Port of West Sacramento, Washington Lake, Sacramento River, California",38.5622,-121.5463
100,harmonics-dwf-20251228-free.txt,"Mid-Hudson Suspension Bridge (depth 48 ft), Hudson River (midchannel), New York Current",41.7018,-73.9459
100,harmonics-dwf-20251228-free.txt,"Mid-Hudson Suspension Bridge (depth 32 ft), Hudson River (midchannel), New York Current",41.7018,-73.9459
100,harmonics-dwf-20251228-free.txt,"Mid-Hudson Suspension Bridge (depth 16 ft), Hudson River (midchannel), New York Current",41.7018,-73.9459
100,harmonics-dwf-20251228-free.txt,"Hyde Park, Hudson River, New York",41.7833,-73.9500
100,harmonics-dwf-20251228-free.txt,"Portland, Morrison Street Bridge, Oregon",45.5100,-122.6730
100,harmonics-dwf-20251228-free.txt,"Vancouver, Columbia River, Washington",45.6312,-122.6958
100,harmonics-dwf-20251228-free.txt,"Rocky Point, Multnomah Channel, Oregon",45.6967,-122.8680
100,harmonics-dwf-20251228-free.txt,"Knapp Landing, Columbia River, Washington",45.7417,-122.7550
100,harmonics_ticon4_worldwide.txt,"Maugerville, New Brunswick, Canada",45.8670,-66.4670
100,harmonics_utide_tidetables.txt,"Fredericton, New Brunswick, Canada",45.9664,-66.6520
100,harmonics-2004-06-14_mod.txt,"Newcastle Creek, New Brunswick, Canada",46.0565,-66.0027
100,harmonics_utide_tidetables.txt,"Newcastle Creek, New Brunswick, Canada",46.0565,-66.0027
100,harmonics_ticon4_worldwide.txt,"Champlain, Québec, Canada",46.4400,-72.3400
100,harmonics_utide_tidetables.txt,"Champlain, Québec, Canada",46.4402,-72.3397
100,harmonics_ticon4_worldwide.txt,"Batiscan, Québec, Canada",46.5003,-72.2458
100,harmonics_utide_tidetables.txt,"Batiscan, Québec, Canada",46.5003,-72.2458
100,harmonics_utide_tidetables.txt,"Les Bricailles, Québec, Canada",46.5498,-72.1343
100,harmonics-dwf-20100529-nonfree_mod.txt,"Deschaillons-sur-Saint-Laurent, Québec, Canada",46.5609,-72.1055
100,harmonics_utide_observations.txt,"Deschaillons-sur-Saint-Laurent, Québec, Canada",46.5610,-72.1062
100,harmonics_utide_tidetables.txt,"Deschaillons-sur-Saint-Laurent, Québec, Canada",46.5610,-72.1062
100,harmonics_ticon4_worldwide.txt,"Grondines, Québec, Canada",46.5853,-72.0388
100,harmonics_utide_tidetables.txt,"Grondines, Québec, Canada",46.5853,-72.0388
70,harmonics_att_np203_scs.txt,"Simanggang, Malaysia",1.2333,111.4500
70,harmonics_att_np208_secondary.txt,"Sapele (Benin River), Nigeria",5.9023,5.6801
70,harmonics_att_np208_secondary.txt,"Koko (Benin River), Nigeria",5.9971,5.4651
70,harmonics_att_np207.txt,"Linden, Guyana",6.0000,-58.3000
70,harmonics_utide_tidetables.txt,"Cho Lach, Vietnam",10.2751,106.1267
70,harmonics_utide_tidetables.txt,"Bien Hoa (Dong Nai River), Vietnam",10.9408,106.8228
70,harmonics_utide_tidetables.txt,"Thu Dau Mot (Saigon River), Vietnam",10.9742,106.6532
70,harmonics_att_np208_secondary.txt,"Farim, Guinea-Bissau",12.4830,-15.2170
70,harmonics_att_np203.txt,"Al Basrah, Iraq",30.5167,47.8500
70,harmonics-1997-05-25_mod.txt,"Basra, Iraq",30.5167,47.8500
70,harmonics_noaa_cptt.txt,"Basra, Iraq",30.5167,47.8500
70,harmonics-dwf-20251228-free.txt,"Wards Island, Little Connection Slough, San Joaquin River, California",38.0500,-121.4970
70,harmonics-dwf-20251228-free.txt,"Threemile Slough entrance, San Joaquin River, California",38.0867,-121.6850
70,harmonics-dwf-20251228-free.txt,"Korths Harbor, San Joaquin River, California",38.0976,-121.5684
70,harmonics-dwf-20251228-free.txt,"Rio Vista, Sacramento River, California",38.1450,-121.6920
70,harmonics-dwf-20251228-free.txt,"Edgewater Range at Devlin Range (depth 32 ft), Pennsylvania Current",40.0776,-74.8866
70,harmonics-dwf-20251228-free.txt,"Edgewater Range at Devlin Range (depth 16 ft), Pennsylvania Current",40.0776,-74.8866
70,harmonics-dwf-20251228-free.txt,"Edgewater Range at Devlin Range (depth 6 ft), Pennsylvania Current",40.0776,-74.8866
70,harmonics-dwf-20251228-free.txt,"Burlington, Delaware River, New Jersey",40.0817,-74.8697
70,harmonics-dwf-20251228-free.txt,"Florence Bend (depth 11 ft), New Jersey Current",40.1273,-74.8158
70,harmonics-dwf-20251228-free.txt,"Florence Bend (depth 14 ft), New Jersey Current",40.1273,-74.8158
70,harmonics-dwf-20251228-free.txt,"Florence Bend (depth 37 ft), New Jersey Current",40.1273,-74.8158
70,harmonics-dwf-20251228-free.txt,"Newbold Island, north of, main channel (depth 7 ft), New Jersey Current",40.1337,-74.7589
70,harmonics-dwf-20251228-free.txt,"Newbold Island, north of, main channel (depth 15 ft), New Jersey Current",40.1337,-74.7589
70,harmonics-dwf-20251228-free.txt,"Newbold Island, north of, main channel (depth 31 ft), New Jersey Current",40.1337,-74.7589
70,harmonics-dwf-20251228-free.txt,"Newbold, Delaware River, Pennsylvania",40.1373,-74.7518
70,harmonics-dwf-20251228-free.txt,"Fieldsboro, Delaware River, New Jersey",40.1367,-74.7367
70,harmonics-2004-06-14_mod.txt,"Trenton, Delaware River, New Jersey",40.1883,-74.7550
70,harmonics-dwf-20251228-free.txt,"Trenton Marine Terminal, Trenton, New Jersey",40.1883,-74.7550
70,harmonics-dwf-20251228-free.txt,"Beacon, Flushkill, Hudson River, New York",41.5000,-73.9833
70,harmonics-dwf-20251228-free.txt,"Newburgh Beacon Bridge (depth 24 ft), Hudson River (midchannel), New York Current",41.5166,-73.9917
70,harmonics-dwf-20251228-free.txt,"Newburgh Beacon Bridge (depth 17 ft), Hudson River (midchannel), New York Current",41.5166,-73.9917
70,harmonics-dwf-20251228-free.txt,"Newburgh Beacon Bridge (depth 4 ft), Hudson River (midchannel), New York Current",41.5166,-73.9917
70,harmonics-dwf-20251228-free.txt,"Roseton (depth 41 ft), Hudson River (midchannel), New York Current",41.5625,-73.9705
70,harmonics-dwf-20251228-free.txt,"Roseton (depth 15 ft), Hudson River (midchannel), New York Current",41.5625,-73.9705
70,harmonics-dwf-20251228-free.txt,"Roseton (depth 5 ft), Hudson River (midchannel), New York Current",41.5625,-73.9705
70,harmonics_ticon4_worldwide.txt,"Gagetown, New Brunswick, Canada",45.7840,-66.1429
70,harmonics-2004-06-14_mod.txt,"Cambridge Narrows, New Brunswick, Canada",45.8295,-65.9530
70,harmonics_utide_tidetables.txt,"Cambridge Narrows, New Brunswick, Canada",45.8295,-65.9530
70,harmonics_utide_tidetables.txt,"Upper Gagetown, New Brunswick, Canada",45.8472,-66.2348
70,harmonics-dwf-20251228-free.txt,"Saint Helens, Columbia River, Oregon",45.8650,-122.7970
70,harmonics-dwf-20251228-free.txt,"Temco Kalama Terminal, Columbia River, Washington",45.9867,-122.8367
70,harmonics_utide_tidetables.txt,"Lotbinière (moulin à blé), Québec, Canada",46.6507,-71.8898
70,harmonics_utide_tidetables.txt,"Pointe Platon, Québec, Canada",46.6708,-71.8460
70,harmonics_ticon4_worldwide.txt,"Portneuf, Québec, Canada",46.6812,-71.8772
70,harmonics_utide_tidetables.txt,"Portneuf, Québec, Canada",46.6812,-71.8772
70,harmonics_ticon4_worldwide.txt,"Port-Alfred, Québec, Canada",48.3338,-70.8689
70,harmonics_utide_observations.txt,"Port-Alfred, Québec, Canada",48.3339,-70.8693
70,harmonics_utide_tidetables.txt,"Port-Alfred, Québec, Canada",48.3339,-70.8693
70,harmonics_utide_tidetables.txt,"Grande-Anse, Québec, Canada",48.4017,-70.8328
70,harmonics_utide_observations.txt,"Lith, beneden dorp, Netherlands",51.8105,5.4330
70,harmonics_ticon4_worldwide.txt,"Bremen-Borgfeld (Wümme), Germany",53.1340,8.8944
70,harmonics_utide_observations.txt,"Bremen-Borgfeld (Wümme), Germany",53.1340,8.8944
70,harmonics-dwf-20251228-free.txt,"Bethel, Kuskokwim River, Alaska",60.8000,-161.7500
50,harmonics-2004-06-14_mod.txt,"Launceston, Tasmania, Australia",-41.4332,147.1327
50,harmonics_noaa_cptt.txt,"Launceston, Tamar River, Tasmania, Australia",-41.4333,147.1333
50,harmonics_utide_tidetables.txt,"Normanton, Queensland, Australia",-17.6667,141.0833
50,harmonics_utide_tidetables.txt,"Palembang, Indonesia",-2.9900,104.7650
50,harmonics_noaa_cptt.txt,"Palembang, Palembang River, Indonesia",-2.9833,104.7167
50,harmonics_att_np203_scs.txt,"Palembang, Indonesia",-2.9833,104.7667
50,harmonics_att_np203_scs.txt,"Peradjin, Indonesia",-2.9333,104.8833
50,harmonics_noaa_cptt.txt,"Peradjin, Palembang River, Indonesia",-2.9333,104.8833
50,harmonics_att_np203_scs.txt,"Tembilahan, Indonesia",-0.3333,103.1500
50,harmonics_att_np203_scs.txt,"Sibu, Malaysia",2.2833,111.8167
50,harmonics_att_np203_scs.txt,"Rantau Panjang, Malaysia",2.4333,111.8333
50,harmonics_att_np208_secondary.txt,"Degema, Nigeria",4.7641,6.7649
50,harmonics_att_np208.txt,"Warri, Nigeria",5.5147,5.7324
50,harmonics_utide_tidetables.txt,"My Hoa (Ben Tre), Vietnam",10.2182,106.3523
50,harmonics_utide_tidetables.txt,"My Tho, Vietnam",10.3475,106.3647
50,harmonics_utide_tidetables.txt,"Tan An (Vam Co Tay), Vietnam",10.5366,106.4187
50,harmonics_utide_tidetables.txt,"Ben Luc (Vam Co Dong), Vietnam",10.6341,106.4786
50,harmonics_utide_tidetables.txt,"Sai Gon (Ho Chi Minh City), Vietnam",10.7820,106.7092
50,harmonics_att_np208_secondary.txt,"Balingho, Gambia",13.4881,-15.5987
50,harmonics_att_np208_secondary.txt,"Fatick, Senegal",14.3326,-16.3996
50,harmonics_utide_tidetables.txt,"Mongla, Bangladesh",22.5333,89.5803
50,harmonics_att_np203_secondary.txt,"Kolkata (Garden Reach), West Bengal, India",22.5484,88.3202
50,harmonics-1997-05-25_mod.txt,"Kolkata (Garden Reach), West Bengal, India",22.5486,88.3201
50,harmonics_utide_tidetables.txt,"Kolkata (Garden Reach), West Bengal, India",22.5486,88.3201
50,harmonics_att_np203_scs_secondary.txt,"Chalna (Pasur River), Bangladesh",22.6002,89.5221
50,harmonics-2004-06-14_mod.txt,"Georgetown, St. Johns River, Florida (4)",29.3850,-81.6367
50,harmonics-dwf-20251228-free.txt,"Welaka, St. Johns River, Florida",29.4767,-81.6750
50,harmonics-dwf-20251228-free.txt,"Piney Bluff Landing, Dunns Creek, Florida",29.5583,-81.5733
50,harmonics-2004-06-14_mod.txt,"Sutherlands Still, Dunns Creek, Florida (3)",29.5733,-81.6033
50,harmonics-dwf-20251228-free.txt,"Buffalo Bluff, St. Johns River, Florida",29.5950,-81.6817
50,harmonics-dwf-20251228-free.txt,"Palatka, St. Johns River, Florida",29.6433,-81.6317
50,harmonics-dwf-20251228-free.txt,"Black Creek, S.C.L. RR. bridge, Florida",30.0800,-81.7617
50,harmonics-dwf-20251228-free.txt,"Peoria Point, Doctors Lake, Florida",30.1200,-81.7583
50,harmonics-dwf-20251228-free.txt,"Bulk terminal, Calcasieu Ship Channel, Louisiana",30.1903,-93.3007
50,harmonics-dwf-20251228-free.txt,"Lake Charles City Docks (depth 21 ft), Louisiana Current",30.2178,-93.2495
50,harmonics-dwf-20251228-free.txt,"Lake Charles, Calcasieu River, Louisiana",30.2236,-93.2217
50,harmonics_noaa_amtt.txt,"Burnt Fort, Florida",30.9500,-81.9000
50,harmonics_att_np208_secondary.txt,"Corta de los Jerónimos, Spain",37.1508,-6.1025
50,harmonics_puertos_spain.txt,"Sevilla (Esclusa), Spain",37.3310,-5.9958
50,harmonics-dwf-20251228-free.txt,"Richmond Deepwater Terminal, James River, Virginia",37.4596,-77.4208
50,harmonics-dwf-20251228-free.txt,"Richmond River Locks, James River, Virginia",37.5250,-77.4200
50,harmonics-dwf-20251228-free.txt,"Antioch, San Joaquin River, California",38.0200,-121.8150
50,harmonics-dwf-20251228-free.txt,"Antioch Point (depth 48 ft), San Joaquin River, California Current",38.0239,-121.8226
50,harmonics-dwf-20251228-free.txt,"Antioch Point (depth 22 ft), San Joaquin River, California Current",38.0239,-121.8226
50,harmonics-dwf-20251228-free.txt,"Antioch Point (depth 9 ft), San Joaquin River, California Current",38.0239,-121.8226
50,harmonics-dwf-20251228-free.txt,"West Island, north of (depth 26 ft), San Joaquin River, California Current",38.0249,-121.7900
50,harmonics-dwf-20251228-free.txt,"West Island, north of (depth 13 ft), San Joaquin River, California Current",38.0249,-121.7900
50,harmonics-dwf-20251228-free.txt,"West Island, north of (depth 3 ft), San Joaquin River, California Current",38.0249,-121.7900
50,harmonics-dwf-20251228-free.txt,"Antioch, Route 160 bridge (depth 30 ft), San Joaquin River, California Current",38.0270,-121.7531
50,harmonics-dwf-20251228-free.txt,"Antioch, Route 160 bridge (depth 17 ft), San Joaquin River, California Current",38.0270,-121.7531
50,harmonics-dwf-20251228-free.txt,"Antioch, Route 160 bridge (depth 7 ft), San Joaquin River, California Current",38.0270,-121.7531
50,harmonics-2004-06-14_mod.txt,"Sherman Island (East), California Current",38.0587,-121.8000
50,harmonics-dwf-20251228-free.txt,"Point Sacramento, 0.2 nmi NE of (depth 32 ft), Sacramento River, California Current",38.0643,-121.8337
50,harmonics-dwf-20251228-free.txt,"Point Sacramento, 0.2 nmi NE of (depth 15 ft), Sacramento River, California Current",38.0643,-121.8337
50,harmonics-dwf-20251228-free.txt,"Point Sacramento, 0.2 nmi NE of (depth 4 ft), Sacramento River, California Current",38.0643,-121.8337
50,harmonics-dwf-20251228-free.txt,"Sacramento River Light 14 (depth 26 ft), California Current",38.0772,-121.7639
50,harmonics-dwf-20251228-free.txt,"Sacramento River Light 14 (depth 14 ft), California Current",38.0772,-121.7639
50,harmonics-dwf-20251228-free.txt,"Sacramento River Light 14 (depth 3 ft), California Current",38.0772,-121.7639
50,harmonics_noaa_cptt.txt,"P'yongyang, North Korea",39.0167,125.7500
50,harmonics-dwf-20251228-free.txt,"Fisher Point (depth 7 ft), Pennsylvania Current",39.9785,-75.0760
50,harmonics-dwf-20251228-free.txt,"Fisher Point (depth 15 ft), Pennsylvania Current",39.9785,-75.0760
50,harmonics-dwf-20251228-free.txt,"Fisher Point (depth 41 ft), Pennsylvania Current",39.9785,-75.0760
50,harmonics-dwf-20251228-free.txt,"Tacony-Palmyra Bridge, New Jersey",40.0119,-75.0430
50,harmonics-dwf-20251228-free.txt,"Frankford Range at Tacony Range (depth 7 ft), New Jersey Current",40.0153,-75.0323
50,harmonics-dwf-20251228-free.txt,"Frankford Range at Tacony Range (depth 15 ft), New Jersey Current",40.0153,-75.0323
50,harmonics-dwf-20251228-free.txt,"Frankford Range at Tacony Range (depth 35 ft), New Jersey Current",40.0153,-75.0323
50,harmonics-dwf-20251228-free.txt,"Haverstraw Bay, Hudson River, New York",41.2183,-73.9633
50,harmonics-dwf-20251228-free.txt,"Stony Point (depth 83 ft), Hudson River (midchannel), New York Current",41.2416,-73.9667
50,harmonics-dwf-20251228-free.txt,"Stony Point (depth 50 ft), Hudson River (midchannel), New York Current",41.2416,-73.9667
50,harmonics-dwf-20251228-free.txt,"Stony Point (depth 14 ft), Hudson River (midchannel), New York Current",41.2416,-73.9667
50,harmonics-2004-06-14_mod.txt,"Peekskill, Hudson River, New York",41.2883,-73.9317
50,harmonics-dwf-20251228-free.txt,"Bear Mountain Bridge (depth 88 ft), Hudson River (midchannel), New York Current",41.3159,-73.9839
50,harmonics-dwf-20251228-free.txt,"Bear Mountain Bridge (depth 52 ft), Hudson River (midchannel), New York Current",41.3159,-73.9839
50,harmonics-dwf-20251228-free.txt,"Bear Mountain Bridge (depth 13 ft), Hudson River (midchannel), New York Current",41.3159,-73.9839
50,harmonics-dwf-20251228-free.txt,"Gardiner, Kennebec River, Maine",44.2333,-69.7667
50,harmonics-dwf-20251228-free.txt,"Augusta, MCRR Bridge, Kennebec River, Maine",44.3200,-69.7703
50,harmonics_utide_tidetables.txt,"Evandale, New Brunswick, Canada",45.5916,-66.0287
50,harmonics-2004-06-14_mod.txt,"Hatfield Point, New Brunswick, Canada",45.6138,-65.9124
50,harmonics_utide_tidetables.txt,"Hatfield Point, New Brunswick, Canada",45.6138,-65.9124
50,harmonics-2004-06-14_mod.txt,"MacDonalds Point, New Brunswick, Canada",45.7188,-66.0476
50,harmonics_utide_tidetables.txt,"MacDonalds Point, New Brunswick, Canada",45.7188,-66.0476
50,harmonics-dwf-20251228-free.txt,"Longview, Columbia River, Washington",46.1061,-122.9542
50,harmonics-2004-06-14_mod.txt,"Sainte-Croix, Québec, Canada",46.6325,-71.7512
50,harmonics_att_np202_secondary.txt,"Duclair, France",49.4807,0.8753
50,harmonics_utide_observations.txt,"Zemst, Belgium",50.9952,4.4641
50,harmonics_utide_observations.txt,"Melle, Belgium",51.0043,3.8053
50,harmonics_utide_observations.txt,"Schoonaarde, Belgium",51.0047,4.0076
50,harmonics_utide_observations.txt,"Schoonaarde Brug, Belgium",51.0054,4.0121
50,harmonics_utide_observations.txt,"Wetteren Brug, Belgium",51.0071,3.8767
50,harmonics_utide_observations.txt,"Merelbeke Afwaarts DVW, Belgium",51.0083,3.7511
50,harmonics_utide_observations.txt,"Wetteren, Belgium",51.0084,3.8816
50,harmonics_utide_observations.txt,"Uitbergen, Belgium",51.0127,3.9597
50,harmonics_utide_observations.txt,"Hombeek, Belgium",51.0152,4.4489
50,harmonics_utide_observations.txt,"Mechelen Stuw Opwaarts, Belgium",51.0234,4.4970
50,harmonics_utide_observations.txt,"Mechelen Stuw Afwaarts, Belgium",51.0236,4.4969
50,harmonics_utide_observations.txt,"Mechelen Benedensluis, Belgium",51.0338,4.4671
50,harmonics_utide_observations.txt,"Dendermonde, Belgium",51.0346,4.1039
50,harmonics_utide_observations.txt,"Lier Molbrug, Belgium",51.1264,4.5718
50,harmonics_utide_observations.txt,"Kessel, Belgium",51.1272,4.6490
50,harmonics_utide_observations.txt,"Lier Maasfort, Belgium",51.1334,4.5892
50,harmonics_utide_tidetables.txt,"Richmond Lock, England, United Kingdom",51.4625,-0.3169
50,harmonics_utide_tidetables.txt,"Albert Bridge, England, United Kingdom",51.4833,-0.1667
50,harmonics_utide_tidetables.txt,"Kew Bridge, England, United Kingdom",51.4864,-0.2868
50,harmonics_utide_tidetables.txt,"Hammersmith Bridge, England, United Kingdom",51.4876,-0.2309
50,harmonics_ticon4_worldwide.txt,"Hedel (Maas), Netherlands",51.7388,5.2678
50,harmonics_ticon4_worldwide.txt,"Culemborg (Lek), Netherlands",51.9614,5.2170
50,harmonics_ticon4_worldwide.txt,"Jaarsveld (Lek), Netherlands",51.9699,4.9787
50,harmonics_utide_observations.txt,"Hagestein, beneden, Netherlands",51.9930,5.1315
50,harmonics_ticon4_worldwide.txt,"Bremen-Weserwehr (Unterpegel), Germany",53.0602,8.8548
50,harmonics_utide_observations.txt,"Bremen-Weserwehr (Unterpegel), Germany",53.0602,8.8548
50,harmonics_ticon4_worldwide.txt,"Bremen (Wilhelm-Kaisen-Brücke, Weser), Germany",53.0730,8.8040
50,harmonics_utide_observations.txt,"Bremen (Wilhelm-Kaisen-Brücke, Weser), Germany",53.0730,8.8040
50,harmonics_noaa_eutt.txt,"Bremen (bridge), Germany",53.0833,8.7833
50,harmonics_noaa_eutt.txt,"Bremen (Oslebshausen), Germany",53.1167,8.7167
50,harmonics_ticon4_worldwide.txt,"Fahrenholz (Ilmenau Unterpegel), Germany",53.3603,10.3155
50,harmonics_utide_observations.txt,"Fahrenholz (Ilmenau Unterpegel), Germany",53.3603,10.3155
50,harmonics_utide_observations.txt,"Ilmenau (Speerwerk Außenpegel), Germany",53.3939,10.1785
50,harmonics_ticon4_worldwide.txt,"Wehr Geesthacht UP (Elbe), Germany",53.4248,10.3360
50,harmonics-2004-06-14_mod.txt,"Clyde River, Nunavut, Canada",69.0833,-70.3667
50,harmonics-2004-06-14_mod.txt,"Disraeli Fiord, Nunavut, Canada",82.8833,-73.5000
50,harmonics_utide_tidetables.txt,"Disreali Fiord, Nunavut, Canada",82.8833,-73.5000
35,harmonics_att_np203_secondary.txt,"Mapanda, Mozambique",-19.3864,34.5033
35,harmonics-2004-06-14_mod.txt,"Omati, Papua New Guinea",-7.4333,143.9667
35,harmonics_att_np203_scs.txt,"Pangkoh, Indonesia",-3.0833,114.1667
35,harmonics_noaa_cptt.txt,"Pangkoh, Kahajan River, Borneo, Indonesia",-3.0667,114.1667
35,harmonics_noaa_amtt.txt,"Ilha de Maracá anchorage, Brazil",-2.1500,-50.5000
35,harmonics_noaa_cptt.txt,"Tembilahan, Indragiri River, Indonesia",-0.3167,103.2333
35,harmonics_att_np203_scs.txt,"Batu Kitang, Malaysia",1.4500,110.2833
35,harmonics_att_np203_scs.txt,"Sarikei, Malaysia",2.1333,111.5167
35,harmonics_noaa_cptt.txt,"Haji Bank, Beraoe River, Indonesia",2.1833,117.5333
35,harmonics_att_np203_scs.txt,"Teluk Intan, Malaysia",4.0167,101.0167
35,harmonics_att_np208_secondary.txt,"Buguma, Nigeria",4.7312,6.8631
35,harmonics_att_np208_secondary.txt,"Bakana (New Calabar River), Nigeria",4.7361,6.9641
35,harmonics_noaa_eutt.txt,"Bakana (New Calabar River), Nigeria",4.7361,6.9641
35,harmonics_att_np208_secondary.txt,"Port Harcourt (Bonny River), Nigeria",4.7741,7.0074
35,harmonics_noaa_eutt.txt,"Port Harcourt (Bonny River), Nigeria",4.7741,7.0074
35,harmonics_att_np208_secondary.txt,"Esuk Aye (Akpa Yafe River), Nigeria",4.9823,8.6823
35,harmonics_att_np208_secondary.txt,"Youngtown (Hely Creek / Benin River), Nigeria",5.9056,5.2958
35,harmonics_utide_tidetables.txt,"Dai Ngai (Song Hau), Vietnam",9.7346,106.0742
35,harmonics_utide_tidetables.txt,"Tra Vinh, Vietnam",9.9767,106.3533
35,harmonics_att_np203_scs_secondary.txt,"Ho Chi Minh City (Sai Gon), Vietnam",10.7667,106.7000
35,harmonics_noaa_cptt.txt,"Ho Chi Minh City, Tien Giang, Vietnam",10.7667,106.7000
35,harmonics_utide_tidetables.txt,"Royal Thai Navy Headquarters, Bangkok, Thailand",13.7433,100.4903
35,harmonics_att_np208_secondary.txt,"Foundiougne (Fundiun), Senegal",14.1296,-16.4740
35,harmonics_att_np203_scs.txt,"Mongla, Bangladesh",22.4727,89.5984
35,harmonics_utide_tidetables.txt,"Beijie, Guangdong, China",22.6000,113.1167
35,harmonics_utide_tidetables.txt,"Guangzhou, Guangdong, China",23.0833,113.2333
35,harmonics-dwf-20251228-free.txt,"Houston Ship Channel, Galveston Bay, Manchester, Texas",29.7263,-95.2658
35,harmonics-dwf-20251228-free.txt,"Buffalo Bayou, Houston Ship Channel, Galveston Bay, Texas",29.7619,-95.3443
35,harmonics-2004-06-14_mod.txt,"Palmetto Bluff, St. Johns River, Florida (5)",29.7633,-81.5617
35,harmonics-2004-06-14_mod.txt,"St. Johns River at Racy Point, Florida",29.8019,-81.5497
35,harmonics-2004-06-14_mod.txt,"St. Johns River at Shands Bridge, Florida",29.9786,-81.6286
35,harmonics-dwf-20251228-free.txt,"Red Bay Point, St. Johns River, Florida",29.9817,-81.6342
35,harmonics-2004-06-14_mod.txt,"Green Cove Springs, St. Johns River, Florida (5)",29.9900,-81.6633
35,harmonics-dwf-20251228-free.txt,"Gum Cove, ICWW, Louisiana",30.0587,-93.5226
35,harmonics-2004-06-14_mod.txt,"Julington Creek, Florida (3)",30.1350,-81.6300
35,harmonics-2004-06-14_mod.txt,"Julington Creek, Florida (4)",30.1350,-81.6300
35,harmonics-2004-06-14_mod.txt,"Orange Park, St. Johns River, Florida (3)",30.1683,-81.6950
35,harmonics-2004-06-14_mod.txt,"St. Johns River at Buckman Bridge, Florida",30.1911,-81.6922
35,harmonics-dwf-20251228-free.txt,"I-295 Bridge (west end), St. Johns River, Florida",30.1924,-81.6889
35,harmonics-2004-06-14_mod.txt,"Piney Point, St. Johns River, Florida (2)",30.2283,-81.6633
35,harmonics-2004-06-14_mod.txt,"Ortega River Entrance, Florida (3)",30.2783,-81.7050
35,harmonics-2004-06-14_mod.txt,"Ortega River Entrance, Florida (4)",30.2783,-81.7050
35,harmonics-dwf-20251228-free.txt,"Main Street Bridge, St. Johns River, Florida",30.3200,-81.6583
35,harmonics-dwf-20251228-free.txt,"Acosta Bridge (depth 15 ft), St. Johns River, Florida Current",30.3227,-81.6646
35,harmonics-2004-06-14_mod.txt,"St. Johns River at Main Street Bridge, Florida",30.3231,-81.6639
35,harmonics-2004-06-14_mod.txt,"Jacksonville, Acosta Bridge, Florida (4)",30.3250,-81.6650
35,harmonics_att_np203_secondary.txt,"Abadan, Iran",30.3333,48.2667
35,harmonics-2004-06-14_mod.txt,"Ribault River, Lake Forest, Florida",30.3983,-81.6983
35,harmonics-dwf-20251228-free.txt,"Sherwood Forest, Trout River, Florida",30.4200,-81.7283
35,harmonics-2004-06-14_mod.txt,"Little St. Marys River, Florida",30.7317,-81.7267
35,harmonics-dwf-20251228-free.txt,"Lower Bryant Landing, Tensay River, Alabama",30.9783,-87.8733
35,harmonics-dwf-20251228-free.txt,"Puddledock Sand & Gravel, Appomattox River, Virginia",37.2667,-77.3717
35,harmonics-dwf-20251228-free.txt,"Hopewell, City Point, James River, Virginia",37.3133,-77.2700
35,harmonics_puertos_spain.txt,"Sevilla (Dársena del Gualdaquivir), Spain",37.3185,-6.0079
35,harmonics_ticon4_worldwide.txt,"Sevilla (Dársena del Gualdaquivir), Spain",37.3185,-6.0077
35,harmonics-dwf-20251228-free.txt,"New York Slough, 0.6 mi E of Pt. Emmet (depth 32 ft), Suisun Bay, California Current",38.0325,-121.8691
35,harmonics-dwf-20251228-free.txt,"New York Slough, 0.6 mi E of Pt. Emmet (depth 19 ft), Suisun Bay, California Current",38.0325,-121.8691
35,harmonics-dwf-20251228-free.txt,"New York Slough, 0.6 mi E of Pt. Emmet (depth 5 ft), Suisun Bay, California Current",38.0325,-121.8691
35,harmonics-dwf-20251228-free.txt,"Mallard Island Ferry Wharf, Suisun Bay, California",38.0433,-121.9180
35,harmonics-dwf-20251228-free.txt,"Simmons Point, 0.6 nmi ESE of (depth 32 ft), Suisun Bay, California Current",38.0481,-121.9225
35,harmonics-dwf-20251228-free.txt,"Simmons Point, 0.6 nmi ESE of (depth 19 ft), Suisun Bay, California Current",38.0481,-121.9225
35,harmonics-dwf-20251228-free.txt,"Simmons Point, 0.6 nmi ESE of (depth 6 ft), Suisun Bay, California Current",38.0481,-121.9225
35,harmonics-dwf-20251228-free.txt,"Entrance, 0.7 nmi SW of Chain Island (depth 48 ft), Sacramento River, California Current",38.0585,-121.8712
35,harmonics-dwf-20251228-free.txt,"Entrance, 0.7 nmi SW of Chain Island (depth 22 ft), Sacramento River, California Current",38.0585,-121.8712
35,harmonics-dwf-20251228-free.txt,"Entrance, 0.7 nmi SW of Chain Island (depth 9 ft), Sacramento River, California Current",38.0585,-121.8712
35,harmonics-dwf-20251228-free.txt,"Nurse Slough, Bradmoor Island, Suisun Bay, California",38.1833,-121.9230
35,harmonics_noaa_cptt.txt,"Sokhae-dong, North Korea",38.5167,125.6667
35,harmonics-dwf-20251228-free.txt,"Washington, Potomac River, DC",38.8733,-77.0217
35,harmonics-dwf-20251228-free.txt,"Bladensburg, Anacostia River, Maryland",38.9333,-76.9383
35,harmonics_noaa_cptt.txt,"Sokhojong, North Korea",38.9500,125.6333
35,harmonics-dwf-20251228-free.txt,"Gloucester Point (depth 44 ft), New Jersey Current",39.8973,-75.1322
35,harmonics-dwf-20251228-free.txt,"Gloucester Point (depth 15 ft), New Jersey Current",39.8973,-75.1322
35,harmonics-dwf-20251228-free.txt,"Gloucester Point (depth 8 ft), New Jersey Current",39.8973,-75.1322
35,harmonics-dwf-20251228-free.txt,"Kaighn Point (depth 37 ft), New Jersey Current",39.9282,-75.1353
35,harmonics-dwf-20251228-free.txt,"Kaighn Point (depth 14 ft), New Jersey Current",39.9282,-75.1353
35,harmonics-dwf-20251228-free.txt,"Kaighn Point (depth 8 ft), New Jersey Current",39.9282,-75.1353
35,harmonics-dwf-20251228-free.txt,"Philadelphia (USCG station), Delaware River, Pennsylvania",39.9331,-75.1420
35,harmonics-dwf-20251228-free.txt,"Philadelphia, Penns Landing (depth 39 ft), Pennsylvania Current",39.9462,-75.1396
35,harmonics-2004-06-14_mod.txt,"Philadelphia, Pennsylvania Current",39.9500,-75.1333
35,harmonics-dwf-20251228-free.txt,"Philadelphia, Municipal Pier 11, Pennsylvania",39.9533,-75.1383
35,harmonics-dwf-20251228-free.txt,"Petty Island, Delaware River (depth 10 ft), Pennsylvania Current",39.9673,-75.1172
35,harmonics-dwf-20251228-free.txt,"Petty Island, Delaware River (depth 16 ft), Pennsylvania Current",39.9673,-75.1172
35,harmonics-dwf-20251228-free.txt,"Petty Island, Delaware River (depth 30 ft), Pennsylvania Current",39.9673,-75.1172
35,harmonics-dwf-20251228-free.txt,"Bridesburg, Philadelphia, Pennsylvania",39.9797,-75.0793
35,harmonics-2004-06-14_mod.txt,"Haverstraw, Hudson River, New York",41.1967,-73.9583
35,harmonics-2004-06-14_mod.txt,"Haverstraw (Hudson River), New York Current",41.2000,-73.9500
35,harmonics-dwf-20251228-free.txt,"Haverstraw (depth 20 ft), Hudson River (midchannel), New York Current",41.2092,-73.9513
35,harmonics-dwf-20251228-free.txt,"Haverstraw (depth 12 ft), Hudson River (midchannel), New York Current",41.2092,-73.9513
35,harmonics-dwf-20251228-free.txt,"Haverstraw (depth 4 ft), Hudson River (midchannel), New York Current",41.2092,-73.9513
35,harmonics-dwf-20251228-free.txt,"Bangor, Penobscot River, Maine",44.7850,-68.7667
35,harmonics_att_np202_secondary.txt,"Libourne (Isle / Dordogne), France",44.9157,-0.2486
35,harmonics_ticon4_worldwide.txt,"Oak Point (St. John River), New Brunswick, Canada",45.5075,-66.0807
35,harmonics-dwf-20251228-free.txt,"Barlow Point, Columbia River, Washington",46.1522,-123.0392
35,harmonics_ticon4_worldwide.txt,"Neuville, Québec, Canada",46.6965,-71.5728
35,harmonics_utide_observations.txt,"Neuville, Québec, Canada",46.6965,-71.5728
35,harmonics_utide_tidetables.txt,"Neuville, Québec, Canada",46.6965,-71.5728
35,harmonics-dwf-20251228-free.txt,"Budd Inlet, south of Gull Harbor, Washington",47.0983,-122.8950
35,harmonics-dwf-20251228-free.txt,"Budd Inlet entrance (depth 71 ft), Puget Sound, Washington Current",47.1402,-122.9214
35,harmonics-dwf-20251228-free.txt,"Budd Inlet entrance (depth 32 ft), Puget Sound, Washington Current",47.1402,-122.9214
35,harmonics-dwf-20251228-free.txt,"Budd Inlet entrance (depth 12 ft), Puget Sound, Washington Current",47.1402,-122.9214
35,harmonics-dwf-20251228-free.txt,"Dana Passage (depth 88 ft), Puget Sound, Washington Current",47.1631,-122.8681
35,harmonics-dwf-20251228-free.txt,"Dana Passage (depth 43 ft), Puget Sound, Washington Current",47.1631,-122.8681
35,harmonics-dwf-20251228-free.txt,"Dana Passage (depth 16 ft), Puget Sound, Washington Current",47.1631,-122.8681
35,harmonics_utide_observations.txt,"Nantes, France",47.1934,-1.6337
35,harmonics_utide_observations.txt,"Nantes (Salorges), France",47.2042,-1.5742
35,harmonics_noaa_eutt.txt,"Nantes, Loire River, France",47.2167,-1.5833
35,harmonics_att_np202_secondary.txt,"Heurteauville, France",49.4481,0.8155
35,harmonics_att_np202_secondary.txt,"Caudebec-en-Caux, France",49.5239,0.7264
35,harmonics_utide_observations.txt,"Dendermonde Afwaarts DVW, Belgium",51.0438,4.0868
35,harmonics_utide_observations.txt,"Gentbrugge, Belgium",51.0471,3.7472
35,harmonics_utide_observations.txt,"Sint-Amands, Belgium",51.0526,4.1972
35,harmonics_utide_observations.txt,"Zennegat Afwaarts DVW, Belgium",51.0640,4.4303
35,harmonics_utide_observations.txt,"Rumst, Belgium",51.0734,4.4244
35,harmonics_utide_observations.txt,"Walem, Belgium",51.0737,4.4188
35,harmonics_utide_observations.txt,"Klein Willebroek Sluis Afwaarts DVW, Belgium",51.0812,4.3669
35,harmonics_utide_observations.txt,"Boom Rupelbrug DVW, Belgium",51.0844,4.3602
35,harmonics_utide_observations.txt,"Boom, Belgium",51.0869,4.3537
35,harmonics_utide_observations.txt,"Driegoten, Belgium",51.0926,4.1710
35,harmonics_utide_observations.txt,"Waasmunster Brug, Belgium",51.1019,4.0878
35,harmonics_utide_observations.txt,"Hamme, Belgium",51.1063,4.1442
35,harmonics_utide_observations.txt,"Waasmunster Manta, Belgium",51.1079,4.0671
35,harmonics_utide_observations.txt,"Duffel Sluis, Belgium",51.1091,4.5302
35,harmonics_utide_observations.txt,"Tielrode, Belgium",51.1096,4.1739
35,harmonics_utide_observations.txt,"Wintam Sluis Afwaarts DVW, Belgium",51.1189,4.3028
35,harmonics_utide_observations.txt,"Temse, Belgium",51.1228,4.2187
35,harmonics_utide_observations.txt,"Schelle, Belgium",51.1260,4.3157
35,harmonics_utide_observations.txt,"Emblem, Belgium",51.1580,4.6086
35,harmonics_utide_tidetables.txt,"Chelsea Bridge, England, United Kingdom",51.4833,-0.1500
35,harmonics-1997-05-25_mod.txt,"London Bridge (Tower Pier), England, United Kingdom",51.5076,-0.0801
35,harmonics-pierre-lavergne-v10_mod.txt,"London Bridge (Tower Pier), England, United Kingdom",51.5076,-0.0802
35,harmonics_utide_tidetables.txt,"London Bridge (Tower Pier), England, United Kingdom",51.5076,-0.0801
35,harmonics_utide_observations.txt,"Heesbeen, Netherlands",51.7358,5.1247
35,harmonics_ticon4_worldwide.txt,"Vuren (Waal), Netherlands",51.8221,5.0165
35,harmonics_utide_observations.txt,"Dalem, Netherlands",51.8220,5.0165
35,harmonics_ticon4_worldwide.txt,"Gorinchem (Boven Merwede), Netherlands",51.8269,4.9755
35,harmonics_ticon4_worldwide.txt,"Herwijnen (Waal), Netherlands",51.8268,5.1048
35,harmonics_utide_observations.txt,"Schoonhoven, Netherlands",51.9420,4.8500
35,harmonics_utide_observations.txt,"Gouda Hollandsche IJssel, Netherlands",52.0066,4.7197
35,harmonics-dwf-20070318_mod.txt,"Bremen-Oslebshausen (Weser), Germany",53.1197,8.7119
35,harmonics_utide_observations.txt,"Bremen-Oslebshausen (Weser), Germany",53.1198,8.7122
35,harmonics_utide_observations.txt,"Oldenburg-Drielake (Hunte), Germany",53.1402,8.2341
35,harmonics_utide_observations.txt,"Reithörne (Hunte), Germany",53.1610,8.3220
35,harmonics_utide_observations.txt,"Niederblockland (Wümme), Germany",53.1615,8.8265
35,harmonics_ticon4_worldwide.txt,"Wasserhorst (Lesum), Germany",53.1643,8.7192
35,harmonics_utide_observations.txt,"Wasserhorst (Lesum), Germany",53.1643,8.7192
35,harmonics_utide_observations.txt,"Dreyschloot (Leda), Germany",53.1780,7.6691
35,harmonics_ticon4_worldwide.txt,"Ritterhude (Hamme), Germany",53.1834,8.7644
35,harmonics_utide_observations.txt,"Ritterhude (Hamme), Germany",53.1834,8.7644
35,harmonics_utide_observations.txt,"Zollenspieker (Elbe), Germany",53.3987,10.1854
35,harmonics_ticon4_worldwide.txt,"Altengamme (Elbe), Germany",53.4308,10.2968
35,harmonics_utide_observations.txt,"Altengamme (Elbe), Germany",53.4308,10.2968
35,harmonics_ticon4_worldwide.txt,"Bremervörde UW (Oste), Germany",53.4857,9.1559
35,harmonics_utide_observations.txt,"Bremervörde UW (Oste), Germany",53.4857,9.1559
35,harmonics_utide_tidetables.txt,"Alice Arm, British Columbia, Canada",55.4700,-129.4960
35,harmonics-dwf-20251228-free.txt,"Lomavik, Kuskokwim River, Alaska",60.5543,-162.2971
35,harmonics_utide_tidetables.txt,"Chesterfield Narrows, Nunavut, Canada",63.9915,-94.3026
35,harmonics-dwf-20251228-free.txt,"Imuruk Basin, Alaska",65.1184,-165.4721
25,harmonics_utide_tidetables.txt,"Rawene, New Zealand",-35.3920,173.5052
25,harmonics_utide_tidetables.txt,"Kohukohu, New Zealand",-35.3590,173.5467
25,harmonics_utide_tidetables.txt,"Burketown, Queensland, Australia",-17.7333,139.6000
25,harmonics_utide_tidetables.txt,"Omati, Papua New Guinea",-7.5500,144.1000
25,harmonics-2004-06-14_mod.txt,"Kikori, Papua New Guinea",-7.4167,144.2500
25,harmonics-1997-05-25_mod.txt,"Guayaquil (Río Guayas), Ecuador",-2.1950,-79.8797
25,harmonics_utide_tidetables.txt,"Breves, Pará, Brazil",-1.6917,-50.4833
25,harmonics_utide_tidetables.txt,"Samarinda, Indonesia",-0.5705,117.2064
25,harmonics_utide_tidetables.txt,"Pontianak, Indonesia",-0.0210,109.3370
25,harmonics_att_np203_scs.txt,"Pontianak, Indonesia",-0.0167,109.3333
25,harmonics_noaa_cptt.txt,"Pontianak, Little Kapuas River, Borneo, Indonesia",-0.0167,109.3333
25,harmonics_att_np203_scs_secondary.txt,"Simunjan, Malaysia",1.4000,110.7500
25,harmonics_att_np203_scs_secondary.txt,"Ulu Kuap, Malaysia",1.4667,110.3667
25,harmonics_att_np203_scs.txt,"Pusa, Malaysia",1.6167,111.2833
25,harmonics_att_np203_scs.txt,"Leba An, Malaysia",2.2833,111.6667
25,harmonics_att_np203_scs_secondary.txt,"Tanjung Kamis, Malaysia",2.3500,111.6000
25,harmonics_att_np203_scs.txt,"Tanjung Selor, Indonesia",2.8167,117.3667
25,harmonics_noaa_cptt.txt,"Tandjungselor, Kahan River, Indonesia",2.8167,117.3667
25,harmonics_att_np208_secondary.txt,"Rugged Point (Escravos River), Nigeria",5.5841,5.3728
25,harmonics_att_np207.txt,"Domburg, Suriname",5.7000,-55.0833
25,harmonics_noaa_cptt.txt,"Coral Bank, Tien Giang, Vietnam",10.6167,106.8500
25,harmonics_utide_tidetables.txt,"Nha Be, Vietnam",10.6724,106.7714
25,harmonics_att_np208_secondary.txt,"Bambadinca (Rio Geba), Guinea-Bissau",12.0334,-14.8626
25,harmonics_att_np208_secondary.txt,"Tendaba, Gambia",13.4411,-15.8078
25,harmonics_utide_tidetables.txt,"Bangkok Port, Bangkok, Thailand",13.7000,100.5667
25,harmonics_att_np203_secondary.txt,"Chandbali, Odisha, India",20.7714,86.7393
25,harmonics-1997-05-25_mod.txt,"Chandbali (Dhamra River), Odisha, India",20.7714,86.7393
25,harmonics_noaa_cptt.txt,"Chandbali, Odisha, India",20.7714,86.7393
25,harmonics_utide_tidetables.txt,"Chandbali (Dhamra River), Odisha, India",20.7714,86.7393
25,harmonics_att_np203_secondary.txt,"Canning (Matla River), West Bengal, India",22.3118,88.6761
25,harmonics_att_np203_scs_secondary.txt,"Joymoni (Pasur River), Bangladesh",22.3527,89.6344
25,harmonics_utide_tidetables.txt,"Moyapur, West Bengal, India",22.4333,88.1333
25,harmonics_att_np203_secondary.txt,"Koteshwar, Gujarat, India",23.6833,68.8167
25,harmonics_utide_tidetables.txt,"Saiqi, Fujian, China",26.9667,119.6667
25,harmonics-dwf-20251228-free.txt,"Racy Point, St. Johns River, Florida",29.8017,-81.5483
25,harmonics-dwf-20251228-free.txt,"Cypress, San Jacinto River, Galveston Bay, Texas",29.8467,-95.0883
25,harmonics-2004-06-14_mod.txt,"East Tocoi, St. Johns River, Florida (3)",29.8583,-81.5533
25,harmonics-dwf-20251228-free.txt,"Catfish Point, Louisiana",29.8629,-92.8489
25,harmonics-dwf-20251228-free.txt,"East Calcasieu Lake, Louisiana",29.9939,-93.2705
25,harmonics-2004-06-14_mod.txt,"Little Pottsburg Creek, St. Johns River, Florida (5)",30.3100,-81.6100
25,harmonics-2004-06-14_mod.txt,"St. Johns River at Long Branch, USCOE dredge depot, Florida",30.3575,-81.6129
25,harmonics-2004-06-14_mod.txt,"Longbranch (USCOE dredge depot), Florida (3)",30.3600,-81.6200
25,harmonics-2004-06-14_mod.txt,"Longbranch (USCOE dredge depot), Florida (4)",30.3600,-81.6200
25,harmonics-2004-06-14_mod.txt,"Longbranch (USCOE dredge depot), Florida (5)",30.3600,-81.6200
25,harmonics-2004-06-14_mod.txt,"Longbranch (USCOE dredge depot), Florida (6)",30.3600,-81.6200
25,harmonics-dwf-20251228-free.txt,"Jacksonville, Long Branch, Florida",30.3600,-81.6200
25,harmonics-dwf-20251228-free.txt,"Chaseville Turn (depth 30 ft), St. Johns River, Florida Current",30.3783,-81.6283
25,harmonics-dwf-20251228-free.txt,"Chaseville Turn (depth 14 ft), St. Johns River, Florida Current",30.3783,-81.6283
25,harmonics-dwf-20251228-free.txt,"Chaseville Turn (depth 4 ft), St. Johns River, Florida Current",30.3783,-81.6283
25,harmonics-dwf-20251228-free.txt,"Phoenix Park, Florida",30.3833,-81.6367
25,harmonics-dwf-20251228-free.txt,"Trout River Cut (depth 32 ft), St. Johns River, Florida Current",30.3836,-81.6278
25,harmonics-dwf-20251228-free.txt,"Trout River Cut (depth 15 ft), St. Johns River, Florida Current",30.3836,-81.6278
25,harmonics-dwf-20251228-free.txt,"Trout River Cut (depth 6 ft), St. Johns River, Florida Current",30.3836,-81.6278
25,harmonics-dwf-20251228-free.txt,"Reddie Point (depth 12 ft), St. Johns River, Florida Current",30.3912,-81.6261
25,harmonics-dwf-20251228-free.txt,"Reddie Point (depth 16 ft), St. Johns River, Florida Current",30.3912,-81.6261
25,harmonics-dwf-20251228-free.txt,"Reddie Point (depth 19 ft), St. Johns River, Florida Current",30.3912,-81.6261
25,harmonics-dwf-20251228-free.txt,"Reddie Point (depth 22 ft), St. Johns River, Florida Current",30.3912,-81.6261
25,harmonics-dwf-20251228-free.txt,"Reddie Point (depth 25 ft), St. Johns River, Florida Current",30.3912,-81.6261
25,harmonics-dwf-20251228-free.txt,"Reddie Point (depth 29 ft), St. Johns River, Florida Current",30.3912,-81.6261
25,harmonics-dwf-20251228-free.txt,"Reddie Point (depth 32 ft), St. Johns River, Florida Current",30.3912,-81.6261
25,harmonics-dwf-20251228-free.txt,"Reddie Point (depth 35 ft), St. Johns River, Florida Current",30.3912,-81.6261
25,harmonics-2004-06-14_mod.txt,"Moncrief Creek entrance, Trout River, Florida (3)",30.3917,-81.6617
25,harmonics-2004-06-14_mod.txt,"Jacksonville, Navy Fuel Depot, St. Johns River, Florida (6)",30.4000,-81.6267
25,harmonics-2004-06-14_mod.txt,"Cedar Heights, Broward River, St. Johns River, Florida (2)",30.4367,-81.6417
25,harmonics-dwf-20251228-free.txt,"Cedar Heights, Broward River, Florida",30.4367,-81.6417
25,harmonics-dwf-20251228-free.txt,"Port Wentworth, Savannah River, Georgia",32.1433,-81.1417
25,harmonics-dwf-20251228-free.txt,"North Charleston, Ashley River, South Carolina",32.9003,-80.1175
25,harmonics-dwf-20251228-free.txt,"General Dynamics Pier, Cooper River, South Carolina",33.0083,-79.9233
25,harmonics_noaa_amtt.txt,"Castle Hayne, Northeast River, North Carolina",34.3500,-77.9333
25,harmonics-1997-05-25_mod.txt,"Corta de los Jeronimos, Spain",37.1333,-6.1000
25,harmonics-dwf-20251228-free.txt,"Lester Manor, Pamunkey River, Virginia",37.5833,-76.9900
25,harmonics-dwf-20251228-free.txt,"Port Chicago, Suisun Bay, California",38.0560,-122.0395
25,harmonics-dwf-20251228-free.txt,"Middle Point Lt., 0.18 nmi NNW of (depth 30 ft), Suisun Bay, California Current",38.0575,-121.9930
25,harmonics-dwf-20251228-free.txt,"Middle Point Lt., 0.18 nmi NNW of (depth 17 ft), Suisun Bay, California Current",38.0575,-121.9930
25,harmonics-dwf-20251228-free.txt,"Middle Point Lt., 0.18 nmi NNW of (depth 7 ft), Suisun Bay, California Current",38.0575,-121.9930
25,harmonics-dwf-20251228-free.txt,"Roe Island Channel (depth 29 ft), Suisun Bay, California Current",38.0651,-122.0345
25,harmonics-dwf-20251228-free.txt,"Roe Island Channel (depth 16 ft), Suisun Bay, California Current",38.0651,-122.0345
25,harmonics-dwf-20251228-free.txt,"Roe Island Channel (depth 6 ft), Suisun Bay, California Current",38.0651,-122.0345
25,harmonics-dwf-20251228-free.txt,"Grizzly Bay entrance (depth 2 ft), Suisun Bay, California Current",38.1032,-122.0525
25,harmonics-2004-06-14_mod.txt,"Salisbury, Maryland (2 miles below) Current",38.3400,-75.6383
25,harmonics-2004-06-14_mod.txt,"Salisbury, Wicomico River, Chesapeake Bay, Maryland",38.3650,-75.6067
25,harmonics-dwf-20251228-free.txt,"Salisbury, Wicomico River, Maryland",38.3650,-75.6067
25,harmonics-dwf-20251228-free.txt,"Sharptown, Nanticoke River, Maryland",38.5450,-75.7233
25,harmonics-2004-06-14_mod.txt,"Denton, Choptank River, Maryland",38.8833,-75.8333
25,harmonics-dwf-20251228-free.txt,"Hillsboro, Tuckahoe Creek, Maryland",38.9167,-75.9450
25,harmonics-dwf-20251228-free.txt,"Paulsboro, Mantua Creek, New Jersey",39.8350,-75.2383
25,harmonics-dwf-20251228-free.txt,"Girard Point (depth 6 ft), Pennsylvania Current",39.8925,-75.1951
25,harmonics_noaa_cptt.txt,"Dandong [Tan-tung], North Korea",40.1167,124.4000
25,harmonics_utide_tidetables.txt,"Dandong, Liaoning, China",40.1167,124.4000
25,harmonics-dwf-20251228-free.txt,"Tappan Zee Bridge (depth 35 ft), Hudson River (midchannel), New York Current",41.0674,-73.8815
25,harmonics-dwf-20251228-free.txt,"Tappan Zee Bridge (depth 16 ft), Hudson River (midchannel), New York Current",41.0674,-73.8815
25,harmonics-dwf-20251228-free.txt,"Tappan Zee Bridge (depth 5 ft), Hudson River (midchannel), New York Current",41.0674,-73.8815
25,harmonics-2004-06-14_mod.txt,"Tarrytown, Hudson River, New York",41.0783,-73.8700
25,harmonics-dwf-20251228-free.txt,"Riverside, Merrimack River, Massachusetts",42.7633,-71.0767
25,harmonics-dwf-20251228-free.txt,"Dover, Cocheco River, Piscataqua River, New Hampshire",43.1983,-70.8683
25,harmonics_noaa_eutt.txt,"Bordeaux, Garonne River, France",44.8333,-0.5667
25,harmonics_mascaret_peniche.txt,"La Peniche du Mascaret, Dordogne, France (bore arrival)",44.9363,-0.3436
25,harmonics_utide_tidetables.txt,"Public Landing, New Brunswick, Canada",45.4057,-66.1960
25,harmonics_utide_tidetables.txt,"Saint-Nicolas, Québec, Canada",46.7120,-71.3788
25,harmonics-dwf-20251228-free.txt,"Nisqually Reach, 0.5 mi south of Lyle Point (depth 177 ft), Washington Current",47.1169,-122.6988
25,harmonics-dwf-20251228-free.txt,"Nisqually Reach, 0.5 mi south of Lyle Point (depth 68 ft), Washington Current",47.1169,-122.6988
25,harmonics-dwf-20251228-free.txt,"Nisqually Reach, 0.5 mi south of Lyle Point (depth 29 ft), Washington Current",47.1169,-122.6988
25,harmonics-dwf-20251228-free.txt,"Devils Head, west of (depth 191 ft), Puget Sound, Washington Current",47.1607,-122.7894
25,harmonics-dwf-20251228-free.txt,"Devils Head, west of (depth 83 ft), Puget Sound, Washington Current",47.1607,-122.7894
25,harmonics-dwf-20251228-free.txt,"Devils Head, west of (depth 24 ft), Puget Sound, Washington Current",47.1607,-122.7894
25,harmonics-dwf-20251228-free.txt,"Drayton Passage (depth 118 ft), Puget Sound, Washington Current",47.1726,-122.7415
25,harmonics-dwf-20251228-free.txt,"Drayton Passage (depth 52 ft), Puget Sound, Washington Current",47.1726,-122.7415
25,harmonics-dwf-20251228-free.txt,"Drayton Passage (depth 19 ft), Puget Sound, Washington Current",47.1726,-122.7415
25,harmonics-dwf-20251228-free.txt,"Peale Passage, south end (depth 35 ft), Puget Sound, Washington Current",47.1750,-122.8870
25,harmonics-dwf-20251228-free.txt,"Peale Passage, south end (depth 32 ft), Puget Sound, Washington Current",47.1750,-122.8870
25,harmonics-dwf-20251228-free.txt,"Peale Passage, south end (depth 29 ft), Puget Sound, Washington Current",47.1750,-122.8870
25,harmonics-dwf-20251228-free.txt,"Peale Passage, south end (depth 26 ft), Puget Sound, Washington Current",47.1750,-122.8870
25,harmonics-dwf-20251228-free.txt,"Peale Passage, south end (depth 22 ft), Puget Sound, Washington Current",47.1750,-122.8870
25,harmonics-dwf-20251228-free.txt,"Peale Passage, south end (depth 19 ft), Puget Sound, Washington Current",47.1750,-122.8870
25,harmonics-dwf-20251228-free.txt,"Peale Passage, south end (depth 16 ft), Puget Sound, Washington Current",47.1750,-122.8870
25,harmonics-dwf-20251228-free.txt,"Peale Passage, south end (depth 12 ft), Puget Sound, Washington Current",47.1750,-122.8870
25,harmonics-dwf-20251228-free.txt,"Peale Passage, south end (depth 9 ft), Puget Sound, Washington Current",47.1750,-122.8870
25,harmonics-dwf-20251228-free.txt,"Peale Passage, south end (depth 6 ft), Puget Sound, Washington Current",47.1750,-122.8870
25,harmonics-dwf-20251228-free.txt,"Squaxin Passage, north of Hunter Point (depth 32 ft), Puget Sound, Washington Current",47.1763,-122.9190
25,harmonics-dwf-20251228-free.txt,"Squaxin Passage, north of Hunter Point (depth 18 ft), Puget Sound, Washington Current",47.1763,-122.9190
25,harmonics-dwf-20251228-free.txt,"Squaxin Passage, north of Hunter Point (depth 5 ft), Puget Sound, Washington Current",47.1763,-122.9190
25,harmonics-dwf-20251228-free.txt,"Totten Inlet entrance (depth 67 ft), Puget Sound, Washington Current",47.1882,-122.9454
25,harmonics-dwf-20251228-free.txt,"Totten Inlet entrance (depth 41 ft), Puget Sound, Washington Current",47.1882,-122.9454
25,harmonics-dwf-20251228-free.txt,"Totten Inlet entrance (depth 14 ft), Puget Sound, Washington Current",47.1882,-122.9454
25,harmonics-dwf-20251228-free.txt,"Libby Point, Hammersley Inlet (depth 19 ft), Puget Sound, Washington Current",47.1989,-122.9890
25,harmonics-dwf-20251228-free.txt,"Libby Point, Hammersley Inlet (depth 18 ft), Puget Sound, Washington Current",47.1989,-122.9890
25,harmonics-dwf-20251228-free.txt,"Libby Point, Hammersley Inlet (depth 16 ft), Puget Sound, Washington Current",47.1989,-122.9890
25,harmonics-dwf-20251228-free.txt,"Libby Point, Hammersley Inlet (depth 15 ft), Puget Sound, Washington Current",47.1989,-122.9890
25,harmonics-dwf-20251228-free.txt,"Libby Point, Hammersley Inlet (depth 13 ft), Puget Sound, Washington Current",47.1989,-122.9890
25,harmonics-dwf-20251228-free.txt,"Libby Point, Hammersley Inlet (depth 11 ft), Puget Sound, Washington Current",47.1989,-122.9890
25,harmonics-dwf-20251228-free.txt,"Libby Point, Hammersley Inlet (depth 10 ft), Puget Sound, Washington Current",47.1989,-122.9890
25,harmonics-dwf-20251228-free.txt,"Libby Point, Hammersley Inlet (depth 8 ft), Puget Sound, Washington Current",47.1989,-122.9890
25,harmonics-dwf-20251228-free.txt,"Libby Point, Hammersley Inlet (depth 6 ft), Puget Sound, Washington Current",47.1989,-122.9890
25,harmonics-dwf-20251228-free.txt,"Libby Point, Hammersley Inlet (depth 5 ft), Puget Sound, Washington Current",47.1989,-122.9890
25,harmonics_utide_observations.txt,"Le Pellerin, France",47.2054,-1.7651
25,harmonics-dwf-20251228-free.txt,"Peale Passage, north end (depth 17 ft), Puget Sound, Washington Current",47.2175,-122.9146
25,harmonics-dwf-20251228-free.txt,"Peale Passage, north end (depth 14 ft), Puget Sound, Washington Current",47.2175,-122.9146
25,harmonics-dwf-20251228-free.txt,"Peale Passage, north end (depth 11 ft), Puget Sound, Washington Current",47.2175,-122.9146
25,harmonics-dwf-20251228-free.txt,"Peale Passage, north end (depth 7 ft), Puget Sound, Washington Current",47.2175,-122.9146
25,harmonics-dwf-20251228-free.txt,"Peale Passage, north end (depth 4 ft), Puget Sound, Washington Current",47.2175,-122.9146
25,harmonics-dwf-20251228-free.txt,"Peale Passage, north end (depth 1 ft), Puget Sound, Washington Current",47.2175,-122.9146
25,harmonics_utide_tidetables.txt,"L'Anse-Saint-Jean, Québec, Canada",48.2450,-70.1797
25,harmonics-2004-06-14_mod.txt,"Skerry Bay, British Columbia, Canada",49.0500,-124.2333
25,harmonics_utide_observations.txt,"Indian Arm Head, British Columbia, Canada",49.4618,-122.8861
25,harmonics_utide_tidetables.txt,"Indian Arm Head, British Columbia, Canada",49.4618,-122.8861
25,harmonics_att_np202_secondary.txt,"Vatteville-la-Rue, France",49.4877,0.6697
25,harmonics_ticon4_worldwide.txt,"Gold River, British Columbia, Canada",49.6790,-126.1260
25,harmonics_utide_tidetables.txt,"Gold River, British Columbia, Canada",49.6790,-126.1260
25,harmonics_utide_observations.txt,"Hemiksem, Belgium",51.1433,4.3301
25,harmonics_utide_tidetables.txt,"North Woolwich, England, United Kingdom",51.4978,0.0611
25,harmonics_noaa_eutt.txt,"Royal Albert Dock, Thames River, United Kingdom",51.5000,0.0833
25,harmonics_ticon4_worldwide.txt,"Keizersveer (Bergsche Maas), Netherlands",51.7202,4.8944
25,harmonics_ticon4_worldwide.txt,"Capelse Veer (Bergsche Maas), Netherlands",51.7199,4.9830
25,harmonics_utide_observations.txt,"Werkendam, Nieuwe Merwede, Netherlands",51.8060,4.8768
25,harmonics_utide_observations.txt,"Krimpen aan de Lek, Lek, Netherlands",51.8907,4.6289
25,harmonics_utide_observations.txt,"Parksluis, Netherlands",51.9065,4.4645
25,harmonics_ticon4_worldwide.txt,"Streefkerk (Lek), Netherlands",51.9076,4.7513
25,harmonics_utide_observations.txt,"Krimpen aan de IJssel, Hollandsche IJssel, Netherlands",51.9165,4.5790
25,harmonics_noaa_eutt.txt,"Rotterdam, Netherlands",51.9167,4.5000
25,harmonics_utide_observations.txt,"Rotterdam, Nieuwe Maas, Boerengat, Netherlands",51.9184,4.5003
25,harmonics_ticon4_worldwide.txt,"Rotterdam, Netherlands",51.9200,4.4998
25,harmonics_ticon4_worldwide.txt,"Herbrum (Ems, Hafendamm), Germany",53.0419,7.3171
25,harmonics_utide_observations.txt,"Herbrum (Ems, Hafendamm), Germany",53.0419,7.3171
25,harmonics_utide_observations.txt,"Rhede (Ems), Germany",53.0724,7.2870
25,harmonics_utide_observations.txt,"Papenburg (Ems), Germany",53.1082,7.3656
25,harmonics_noaa_eutt.txt,"Vegesack, Germany",53.1667,8.6333
25,harmonics_utide_observations.txt,"Hollersiel, Germany",53.1681,8.3785
25,harmonics_ticon4_worldwide.txt,"Vegesack (Weser), Germany",53.1694,8.6195
25,harmonics_utide_observations.txt,"Vegesack (Weser), Germany",53.1694,8.6195
25,harmonics_utide_observations.txt,"Buttelerhörne (Hunte), Germany",53.1799,8.4126
25,harmonics_ticon4_worldwide.txt,"Huntebrück (Hunte), Germany",53.2000,8.4460
25,harmonics_utide_observations.txt,"Huntebrück (Hunte), Germany",53.2000,8.4460
25,harmonics_noaa_eutt.txt,"Farge, Germany",53.2000,8.5167
25,harmonics_ticon4_worldwide.txt,"Farge (Weser), Germany",53.2047,8.5102
25,harmonics_utide_observations.txt,"Farge (Weser), Germany",53.2047,8.5102
25,harmonics_noaa_eutt.txt,"Elsfleth, Germany",53.2500,8.4667
25,harmonics_utide_observations.txt,"Over (Elbe), Germany",53.4287,10.1011
25,harmonics_utide_tidetables.txt,"Owston Ferry, England, United Kingdom",53.4858,-0.7752
25,harmonics_utide_observations.txt,"Breitenberg (Stör), Germany",53.9277,9.6323
25,harmonics_utide_observations.txt,"Grönhude (Stör), Germany",53.9357,9.6901
25,harmonics_ticon4_worldwide.txt,"Schleswig, Germany",54.5114,9.5692
25,harmonics_utide_tidetables.txt,"Glasgow (Broomielaw), Scotland, United Kingdom",55.8558,-4.2584
25,harmonics_ticon4_worldwide.txt,"Randers, Denmark",56.4500,10.0500
25,harmonics_ticon4_worldwide.txt,"Hobro, Denmark",56.6333,9.8000
25,harmonics-dwf-20251228-free.txt,"King Salmon Airport, Naknek River, Alaska",58.6717,-156.6570
25,harmonics_att_np202_secondary.txt,"Kongsmoen, Norway",64.8868,12.4375
25,harmonics_noaa_eutt.txt,"Kola, Russia",68.8833,33.0167
18,harmonics_noaa_amtt.txt,"Bahía Felipe, Chile",-52.9500,-69.7833
18,harmonics_utide_tidetables.txt,"Bahía Concordia, Santa Cruz, Argentina",-47.7952,-66.0795
18,harmonics-2004-06-14_mod.txt,"Pieman River, Tasmania, Australia",-41.6515,145.0776
18,harmonics_utide_tidetables.txt,"Valdivia (Río Calle-Calle), Chile",-39.8147,-73.2489
18,harmonics_utide_chile_shoa.txt,"Valdivia (Río Calle-Calle), Chile",-39.8140,-73.2450
18,harmonics_att_np207.txt,"Puerto Cuatreros (Bahía Blanca), Buenos Aires, Argentina",-38.7513,-62.3798
18,harmonics_noaa_amtt.txt,"General Daniel Cerri, Buenos Aires, Argentina",-38.7500,-62.4000
18,harmonics_utide_tidetables.txt,"Rincón de Bahía Blanca - Puerto Cuatreros (Muelle), Buenos Aires, Argentina",-38.7500,-62.4000
18,harmonics_utide_tidetables.txt,"Whau River Entrance, New Zealand",-36.8612,174.6575
18,harmonics_utide_tidetables.txt,"Portland Wharf, New Zealand",-35.8021,174.3468
18,harmonics_utide_tidetables.txt,"Limestone Wharf, New Zealand",-35.7865,174.3626
18,harmonics-2004-06-14_mod.txt,"Whangarei, New Zealand (2)",-35.7574,174.3500
18,harmonics_utide_tidetables.txt,"Whangarei, New Zealand",-35.7574,174.3500
18,harmonics_noaa_cptt.txt,"Port Whangarei, railway wharf, Northland, New Zealand",-35.7500,174.3333
18,harmonics_utide_tidetables.txt,"Whangarei Town Basin, New Zealand",-35.7243,174.3261
18,harmonics_utide_tidetables.txt,"Te Karaka, New Zealand",-35.4192,173.4244
18,harmonics-2004-06-14_mod.txt,"Brisbane Port Office., Queensland, Australia",-27.4658,153.0335
18,harmonics_utide_tidetables.txt,"Brisbane Port Office, Queensland, Australia",-27.4658,153.0335
18,harmonics_att_np203_secondary.txt,"Maquivale (Rio Namacurra), Mozambique",-17.7264,37.0767
18,harmonics_att_np203_secondary.txt,"Usimbe, Tanzania",-8.0171,39.2877
18,harmonics_noaa_censam.txt,"Guayaquil, Guayas, Ecuador",-2.2033,-79.8700
18,harmonics_noaa_cptt.txt,"Tanahgrogot, Pasir River, Borneo, Indonesia",-1.9167,116.2000
18,harmonics_att_np203_scs.txt,"Samarinda, Indonesia",-0.5000,117.1333
18,harmonics_noaa_cptt.txt,"Samarinda, Kutei River, Borneo, Indonesia",-0.5000,117.1333
18,harmonics_att_np203_scs_secondary.txt,"Sungai Ensengie, Malaysia",1.4167,110.6500
18,harmonics_att_np203_scs.txt,"Pending, Malaysia",1.5500,110.3833
18,harmonics-1997-05-25_mod.txt,"Kuching, Malaysia",1.5607,110.3469
18,harmonics_noaa_cptt.txt,"Kuching, Sarawak River, Borneo, Indonesia",1.5667,110.3500
18,harmonics_att_np203_scs.txt,"Tanjung Redeb, Indonesia",2.1667,117.4833
18,harmonics_att_np203_scs.txt,"Singat, Malaysia",2.3833,111.5833
18,harmonics_att_np203_scs_secondary.txt,"Tanjung Sidau, Malaysia",2.4333,111.5833
18,harmonics_att_np203_scs.txt,"Kut, Malaysia",2.7167,111.8333
18,harmonics_att_np203_scs.txt,"Kenyana, Malaysia",2.7833,112.2000
18,harmonics_att_np208_secondary.txt,"Percival Point, Nigeria",4.5985,6.9965
18,harmonics_att_np208_secondary.txt,"Ford Point, Nigeria",4.6000,7.1670
18,harmonics_att_np208_secondary.txt,"Calabar (Calabar River), Nigeria",4.9651,8.3167
18,harmonics-1997-05-25_mod.txt,"Calabar (Calabar River), Nigeria",4.9651,8.3167
18,harmonics_noaa_eutt.txt,"Calabar (Calabar River), Nigeria",4.9651,8.3167
18,harmonics_att_np208_secondary.txt,"Burutu (Forcados River), Nigeria",5.3534,5.5010
18,harmonics_utide_tidetables.txt,"Saint-Laurent du Maroni, French Guiana",5.5000,-54.0333
18,harmonics_noaa_eutt.txt,"Harbel, Farmington River, Liberia",6.2679,-10.3366
18,harmonics_utide_tidetables.txt,"Hoa Binh, Tien Giang, Vietnam",10.2861,106.5913
18,harmonics_att_np208_secondary.txt,"Ziguinchor, Senegal",12.5883,-16.2682
18,harmonics_att_np203_scs.txt,"Pathein (Bassein River), Myanmar",16.7790,94.7300
18,harmonics-1997-05-25_mod.txt,"Pathein (Bassein River), Myanmar",16.7790,94.7300
18,harmonics_noaa_cptt.txt,"Pathein (Bassein River), Myanmar",16.7790,94.7300
18,harmonics_utide_tidetables.txt,"Pathein (Bassein River), Myanmar",16.7790,94.7300
18,harmonics_att_np202_secondary.txt,"Cienfuegos, Cuba",22.1500,-80.4500
18,harmonics_noaa_cptt.txt,"Bazhou, Guangzhou, China",23.1167,113.3667
18,harmonics_utide_tidetables.txt,"Mawei, Fujian, China",25.9667,119.4667
18,harmonics-dwf-20251228-free.txt,"Golden Meadow, Plaisance Canal, Louisiana",29.3733,-90.2650
18,harmonics-dwf-20251228-free.txt,"Bayou Faleau, Louisiana",29.4704,-90.3422
18,harmonics-dwf-20251228-free.txt,"Lafitte, Barataria Waterway, Louisiana",29.6667,-90.1117
18,harmonics-dwf-20251228-free.txt,"Stouts Pass at Six Mile Lake, Louisiana",29.7433,-91.2300
18,harmonics-dwf-20251228-free.txt,"Lynchburg Landing, San Jacinto River, Galveston Bay, Texas",29.7650,-95.0783
18,harmonics-dwf-20251228-free.txt,"Lake Wimico, Florida",29.8214,-85.1733
18,harmonics_utide_tidetables.txt,"Ningbo, Zhejiang, China",29.8833,121.5500
18,harmonics-dwf-20251228-free.txt,"Orange (Old Navy Base), Texas",30.0983,-93.7217
18,harmonics-dwf-20251228-free.txt,"Dames Point Bridge (depth 56 ft), St. Johns River, Florida Current",30.3860,-81.5579
18,harmonics-dwf-20251228-free.txt,"Dames Point Bridge (depth 15 ft), St. Johns River, Florida Current",30.3860,-81.5579
18,harmonics-dwf-20251228-free.txt,"Dames Point Bridge (depth 240 ft), St. Johns River, Florida Current",30.3860,-81.5579
18,harmonics-2004-06-14_mod.txt,"St. Johns River at Dames Point (N. end, SR 9A bridge), Florida (5)",30.3869,-81.5581
18,harmonics-dwf-20251228-free.txt,"Dame Point, St. Johns River, Florida",30.3867,-81.5583
18,harmonics-dwf-20251228-free.txt,"Dames Point, 0.23 nmi ESE of (depth 31 ft), St. Johns River, Florida Current",30.3865,-81.5538
18,harmonics-dwf-20251228-free.txt,"Dames Point, 0.23 nmi ESE of (depth 14 ft), St. Johns River, Florida Current",30.3865,-81.5538
18,harmonics-dwf-20251228-free.txt,"Dames Point, 0.23 nmi ESE of (depth 5 ft), St. Johns River, Florida Current",30.3865,-81.5538
18,harmonics-2004-06-14_mod.txt,"Blount Island Bridge, St. Johns River, Florida",30.4133,-81.5450
18,harmonics-dwf-20251228-free.txt,"Vaughns Landing, Florida",30.6300,-81.5767
18,harmonics-2004-06-14_mod.txt,"Roses Bluff, Bells River, St. Marys River, Florida",30.7033,-81.5767
18,harmonics-dwf-20251228-free.txt,"Crandall, St. Marys River, Florida",30.7217,-81.6217
18,harmonics_utide_tidetables.txt,"Huangpu Gongyuan, Shanghai, China",31.2333,121.4833
18,harmonics_noaa_cptt.txt,"Shanghai Gang [Shanghai, Huangpu River], Shanghai, China",31.2500,121.4833
18,harmonics-dwf-20251228-free.txt,"Richmond Hill, Ogeechee River, Georgia",31.9430,-81.2898
18,harmonics-dwf-20251228-free.txt,"Savannah (Bull Street), Georgia",32.0817,-81.0917
18,harmonics-dwf-20251228-free.txt,"Church Flats, Stono River, South Carolina",32.7467,-80.1650
18,harmonics-dwf-20251228-free.txt,"Bucksport, Waccamaw River, South Carolina",33.6467,-79.0950
18,harmonics-dwf-20251228-free.txt,"Lanexa, Chickahominy River, Virginia",37.4033,-76.9117
18,harmonics-dwf-20251228-free.txt,"Martinez-Amorco Pier, California",38.0346,-122.1252
18,harmonics-dwf-20251228-free.txt,"Benicia Bridge (depth 15 ft), Suisun Bay, California Current",38.0346,-122.1252
18,harmonics-dwf-20251228-free.txt,"Suisun Slough entrance, Suisun Bay, California",38.1283,-122.0730
18,harmonics-dwf-20251228-free.txt,"Rappahannock Bend, Virginia",38.2133,-77.2433
18,harmonics-dwf-20251228-free.txt,"Upper drawbridge, Petaluma River, San Pablo Bay, California",38.2283,-122.6130
18,harmonics-dwf-20251228-free.txt,"Vienna, Nanticoke River, Maryland",38.4833,-75.8183
18,harmonics_noaa_cptt.txt,"Ch'ol-do, North Korea",38.6500,125.6333
18,harmonics-dwf-20251228-free.txt,"Lower Marlboro, Patuxent River, Maryland",38.6550,-76.6833
18,harmonics_noaa_cptt.txt,"Kyomip'o, North Korea",38.7333,125.6333
18,harmonics-dwf-20251228-free.txt,"Crumpton, Chester River, Maryland",39.2450,-75.9250
18,harmonics-dwf-20251228-free.txt,"Mays Landing, Great Egg Harbor River, New Jersey",39.4483,-74.7283
18,harmonics-dwf-20251228-free.txt,"Mantua Creek, US 44 Bridge, Paulsboro (depth 13 ft), New Jersey Current",39.8315,-75.2360
18,harmonics-dwf-20251228-free.txt,"Crab Point, 0.5 mi east of (depth 48 ft), New Jersey Current",39.8468,-75.2830
18,harmonics-dwf-20251228-free.txt,"Crab Point, 0.5 mi east of (depth 15 ft), New Jersey Current",39.8468,-75.2830
18,harmonics-dwf-20251228-free.txt,"Crab Point, 0.5 mi east of (depth 9 ft), New Jersey Current",39.8468,-75.2830
18,harmonics-dwf-20251228-free.txt,"Mantua Creek Anchorage (depth 34 ft), Pennsylvania Current",39.8570,-75.2418
18,harmonics-dwf-20251228-free.txt,"Mantua Creek Anchorage (depth 14 ft), Pennsylvania Current",39.8570,-75.2418
18,harmonics-dwf-20251228-free.txt,"Mantua Creek Anchorage (depth 8 ft), Pennsylvania Current",39.8570,-75.2418
18,harmonics_noaa_cptt.txt,"Shishanzi, Liaoning, China",39.9667,123.6667
18,harmonics_utide_tidetables.txt,"Shishanzi, Liaoning, China",39.9667,123.6667
18,harmonics-dwf-20251228-free.txt,"New Brunswick, Raritan River, New Jersey",40.4883,-74.4350
18,harmonics-1997-05-25_mod.txt,"Yingkou, China",40.6865,122.2585
18,harmonics-2004-06-14_mod.txt,"Little Ferry, New Jersey",40.8467,-74.0317
18,harmonics-2004-06-14_mod.txt,"Passaic, Passaic River, New Jersey",40.8483,-74.1200
18,harmonics-2004-06-14_mod.txt,"Hackensack, Hackensack River, New Jersey",40.8900,-74.0383
18,harmonics-dwf-20251228-free.txt,"Furber Strait (depth 25 ft), New Hampshire Current",43.0911,-70.8614
18,harmonics-dwf-20251228-free.txt,"Furber Strait (depth 14 ft), New Hampshire Current",43.0911,-70.8614
18,harmonics-dwf-20251228-free.txt,"Furber Strait (depth 4 ft), New Hampshire Current",43.0911,-70.8614
18,harmonics-dwf-20251228-free.txt,"Rink Creek entrance, Coquille River, Oregon",43.1579,-124.1818
18,harmonics_utide_tidetables.txt,"Bridgewater, Nova Scotia, Canada",44.3717,-64.5055
18,harmonics_utide_observations.txt,"Bordeaux, France",44.8600,-0.5528
18,harmonics_utide_observations.txt,"Bassens, France",44.9042,-0.5373
18,harmonics_ticon4_worldwide.txt,"Westfield Ferry, New Brunswick, Canada",45.3500,-66.2200
18,harmonics_utide_tidetables.txt,"Kennebecasis Bay, New Brunswick, Canada",45.3933,-66.0009
18,harmonics-dwf-20251228-free.txt,"Cape Horn, Columbia River, Washington",46.1517,-123.2900
18,harmonics_utide_tidetables.txt,"Pont de Québec, Québec, Canada",46.7456,-71.2879
18,harmonics-2004-06-14_mod.txt,"Newcastle (Miramichi River), New Brunswick, Canada",46.9980,-65.5616
18,harmonics_utide_tidetables.txt,"Newcastle (Miramichi River), New Brunswick, Canada",46.9980,-65.5616
18,harmonics_utide_tidetables.txt,"Miramichi (Chatham), New Brunswick, Canada",47.0299,-65.4722
18,harmonics-dwf-20251228-free.txt,"Ketron Island, west of (depth 261 ft), Puget Sound, Washington Current",47.1486,-122.6594
18,harmonics-dwf-20251228-free.txt,"Ketron Island, west of (depth 248 ft), Puget Sound, Washington Current",47.1486,-122.6594
18,harmonics-dwf-20251228-free.txt,"Ketron Island, west of (depth 235 ft), Puget Sound, Washington Current",47.1486,-122.6594
18,harmonics-dwf-20251228-free.txt,"Ketron Island, west of (depth 222 ft), Puget Sound, Washington Current",47.1486,-122.6594
18,harmonics-dwf-20251228-free.txt,"Ketron Island, west of (depth 208 ft), Puget Sound, Washington Current",47.1486,-122.6594
18,harmonics-dwf-20251228-free.txt,"Ketron Island, west of (depth 195 ft), Puget Sound, Washington Current",47.1486,-122.6594
18,harmonics-dwf-20251228-free.txt,"Ketron Island, west of (depth 182 ft), Puget Sound, Washington Current",47.1486,-122.6594
18,harmonics-dwf-20251228-free.txt,"Ketron Island, west of (depth 169 ft), Puget Sound, Washington Current",47.1486,-122.6594
18,harmonics-dwf-20251228-free.txt,"Ketron Island, west of (depth 156 ft), Puget Sound, Washington Current",47.1486,-122.6594
18,harmonics-dwf-20251228-free.txt,"Ketron Island, west of (depth 143 ft), Puget Sound, Washington Current",47.1486,-122.6594
18,harmonics-dwf-20251228-free.txt,"Ketron Island, west of (depth 130 ft), Puget Sound, Washington Current",47.1486,-122.6594
18,harmonics-dwf-20251228-free.txt,"Ketron Island, west of (depth 117 ft), Puget Sound, Washington Current",47.1486,-122.6594
18,harmonics-dwf-20251228-free.txt,"Ketron Island, west of (depth 103 ft), Puget Sound, Washington Current",47.1486,-122.6594
18,harmonics-dwf-20251228-free.txt,"Ketron Island, west of (depth 90 ft), Puget Sound, Washington Current",47.1486,-122.6594
18,harmonics-dwf-20251228-free.txt,"Ketron Island, west of (depth 77 ft), Puget Sound, Washington Current",47.1486,-122.6594
18,harmonics-dwf-20251228-free.txt,"Ketron Island, west of (depth 64 ft), Puget Sound, Washington Current",47.1486,-122.6594
18,harmonics-dwf-20251228-free.txt,"Ketron Island, west of (depth 51 ft), Puget Sound, Washington Current",47.1486,-122.6594
18,harmonics-dwf-20251228-free.txt,"Ketron Island, west of (depth 38 ft), Puget Sound, Washington Current",47.1486,-122.6594
18,harmonics-dwf-20251228-free.txt,"Sandy Point, Anderson Island, Puget Sound, Washington",47.1530,-122.6751
18,harmonics-dwf-20251228-free.txt,"Yoman Point, Anderson Island, Balch Passage, Puget Sound, Washington",47.1800,-122.6750
18,harmonics-dwf-20251228-free.txt,"Steilacoom, 0.8 mi north of (depth 242 ft), Puget Sound, Washington Current",47.1824,-122.6056
18,harmonics-dwf-20251228-free.txt,"Steilacoom, 0.8 mi north of (depth 229 ft), Puget Sound, Washington Current",47.1824,-122.6056
18,harmonics-dwf-20251228-free.txt,"Steilacoom, 0.8 mi north of (depth 216 ft), Puget Sound, Washington Current",47.1824,-122.6056
18,harmonics-dwf-20251228-free.txt,"Steilacoom, 0.8 mi north of (depth 203 ft), Puget Sound, Washington Current",47.1824,-122.6056
18,harmonics-dwf-20251228-free.txt,"Steilacoom, 0.8 mi north of (depth 190 ft), Puget Sound, Washington Current",47.1824,-122.6056
18,harmonics-dwf-20251228-free.txt,"Steilacoom, 0.8 mi north of (depth 177 ft), Puget Sound, Washington Current",47.1824,-122.6056
18,harmonics-dwf-20251228-free.txt,"Steilacoom, 0.8 mi north of (depth 164 ft), Puget Sound, Washington Current",47.1824,-122.6056
18,harmonics-dwf-20251228-free.txt,"Steilacoom, 0.8 mi north of (depth 151 ft), Puget Sound, Washington Current",47.1824,-122.6056
18,harmonics-dwf-20251228-free.txt,"Steilacoom, 0.8 mi north of (depth 137 ft), Puget Sound, Washington Current",47.1824,-122.6056
18,harmonics-dwf-20251228-free.txt,"Steilacoom, 0.8 mi north of (depth 124 ft), Puget Sound, Washington Current",47.1824,-122.6056
18,harmonics-dwf-20251228-free.txt,"Steilacoom, 0.8 mi north of (depth 111 ft), Puget Sound, Washington Current",47.1824,-122.6056
18,harmonics-dwf-20251228-free.txt,"Steilacoom, 0.8 mi north of (depth 98 ft), Puget Sound, Washington Current",47.1824,-122.6056
18,harmonics-dwf-20251228-free.txt,"Steilacoom, 0.8 mi north of (depth 85 ft), Puget Sound, Washington Current",47.1824,-122.6056
18,harmonics-dwf-20251228-free.txt,"Steilacoom, 0.8 mi north of (depth 72 ft), Puget Sound, Washington Current",47.1824,-122.6056
18,harmonics-dwf-20251228-free.txt,"Steilacoom, 0.8 mi north of (depth 59 ft), Puget Sound, Washington Current",47.1824,-122.6056
18,harmonics-dwf-20251228-free.txt,"Steilacoom, 0.8 mi north of (depth 45 ft), Puget Sound, Washington Current",47.1824,-122.6056
18,harmonics-dwf-20251228-free.txt,"Steilacoom, 0.8 mi north of (depth 32 ft), Puget Sound, Washington Current",47.1824,-122.6056
18,harmonics-dwf-20251228-free.txt,"Balch Passage, NE of Eagle Island (depth 60 ft), Puget Sound, Washington Current",47.1906,-122.6916
18,harmonics-dwf-20251228-free.txt,"Balch Passage, NE of Eagle Island (depth 30 ft), Puget Sound, Washington Current",47.1906,-122.6916
18,harmonics-dwf-20251228-free.txt,"Balch Passage, NE of Eagle Island (depth 11 ft), Puget Sound, Washington Current",47.1906,-122.6916
18,harmonics-dwf-20251228-free.txt,"Pickering Passage, west of Squaxin Island (depth 52 ft), Puget Sound, Washington Current",47.2193,-122.9345
18,harmonics-dwf-20251228-free.txt,"Pickering Passage, west of Squaxin Island (depth 29 ft), Puget Sound, Washington Current",47.2193,-122.9345
18,harmonics-dwf-20251228-free.txt,"Pickering Passage, west of Squaxin Island (depth 9 ft), Puget Sound, Washington Current",47.2193,-122.9345
18,harmonics-dwf-20251228-free.txt,"Pitt Passage, NE of Pitt Island (depth 23 ft), Puget Sound, Washington Current",47.2238,-122.7114
18,harmonics-dwf-20251228-free.txt,"Pitt Passage, NE of Pitt Island (depth 7 ft), Puget Sound, Washington Current",47.2238,-122.7114
18,harmonics-dwf-20251228-free.txt,"Pickering Passage, off Graham Point (depth 59 ft), Puget Sound, Washington Current",47.2473,-122.9259
18,harmonics-dwf-20251228-free.txt,"Pickering Passage, off Graham Point (depth 56 ft), Puget Sound, Washington Current",47.2473,-122.9259
18,harmonics-dwf-20251228-free.txt,"Pickering Passage, off Graham Point (depth 53 ft), Puget Sound, Washington Current",47.2473,-122.9259
18,harmonics-dwf-20251228-free.txt,"Pickering Passage, off Graham Point (depth 49 ft), Puget Sound, Washington Current",47.2473,-122.9259
18,harmonics-dwf-20251228-free.txt,"Pickering Passage, off Graham Point (depth 46 ft), Puget Sound, Washington Current",47.2473,-122.9259
18,harmonics-dwf-20251228-free.txt,"Pickering Passage, off Graham Point (depth 43 ft), Puget Sound, Washington Current",47.2473,-122.9259
18,harmonics-dwf-20251228-free.txt,"Pickering Passage, off Graham Point (depth 39 ft), Puget Sound, Washington Current",47.2473,-122.9259
18,harmonics-dwf-20251228-free.txt,"Pickering Passage, off Graham Point (depth 36 ft), Puget Sound, Washington Current",47.2473,-122.9259
18,harmonics-dwf-20251228-free.txt,"Pickering Passage, off Graham Point (depth 33 ft), Puget Sound, Washington Current",47.2473,-122.9259
18,harmonics-dwf-20251228-free.txt,"Pickering Passage, off Graham Point (depth 30 ft), Puget Sound, Washington Current",47.2473,-122.9259
18,harmonics-dwf-20251228-free.txt,"Pickering Passage, off Graham Point (depth 26 ft), Puget Sound, Washington Current",47.2473,-122.9259
18,harmonics-dwf-20251228-free.txt,"Pickering Passage, off Graham Point (depth 23 ft), Puget Sound, Washington Current",47.2473,-122.9259
18,harmonics-dwf-20251228-free.txt,"Pickering Passage, off Graham Point (depth 20 ft), Puget Sound, Washington Current",47.2473,-122.9259
18,harmonics-dwf-20251228-free.txt,"Pickering Passage, off Graham Point (depth 16 ft), Puget Sound, Washington Current",47.2473,-122.9259
18,harmonics-dwf-20251228-free.txt,"Pickering Passage, off Graham Point (depth 13 ft), Puget Sound, Washington Current",47.2473,-122.9259
18,harmonics-dwf-20251228-free.txt,"Pickering Passage, off Graham Point (depth 10 ft), Puget Sound, Washington Current",47.2473,-122.9259
18,harmonics-dwf-20251228-free.txt,"Pickering Passage, off Graham Point (depth 7 ft), Puget Sound, Washington Current",47.2473,-122.9259
18,harmonics-dwf-20251228-free.txt,"Pickering Passage, north end (depth 78 ft), Puget Sound, Washington Current",47.3057,-122.8509
18,harmonics-dwf-20251228-free.txt,"Pickering Passage, north end (depth 71 ft), Puget Sound, Washington Current",47.3057,-122.8509
18,harmonics-dwf-20251228-free.txt,"Pickering Passage, north end (depth 65 ft), Puget Sound, Washington Current",47.3057,-122.8509
18,harmonics-dwf-20251228-free.txt,"Pickering Passage, north end (depth 58 ft), Puget Sound, Washington Current",47.3057,-122.8509
18,harmonics-dwf-20251228-free.txt,"Pickering Passage, north end (depth 52 ft), Puget Sound, Washington Current",47.3057,-122.8509
18,harmonics-dwf-20251228-free.txt,"Pickering Passage, north end (depth 45 ft), Puget Sound, Washington Current",47.3057,-122.8509
18,harmonics-dwf-20251228-free.txt,"Pickering Passage, north end (depth 39 ft), Puget Sound, Washington Current",47.3057,-122.8509
18,harmonics-dwf-20251228-free.txt,"Pickering Passage, north end (depth 32 ft), Puget Sound, Washington Current",47.3057,-122.8509
18,harmonics-dwf-20251228-free.txt,"Pickering Passage, north end (depth 25 ft), Puget Sound, Washington Current",47.3057,-122.8509
18,harmonics-dwf-20251228-free.txt,"Pickering Passage, north end (depth 19 ft), Puget Sound, Washington Current",47.3057,-122.8509
18,harmonics-dwf-20251228-free.txt,"Pickering Passage, north end (depth 12 ft), Puget Sound, Washington Current",47.3057,-122.8509
18,harmonics_utide_tidetables.txt,"New Westminster, British Columbia, Canada",49.2000,-122.9100
18,harmonics_utide_observations.txt,"Port Moody, British Columbia, Canada",49.2877,-122.8658
18,harmonics_utide_tidetables.txt,"Port Moody, British Columbia, Canada",49.2877,-122.8658
18,harmonics-2004-06-14_mod.txt,"Buntzen Lake, British Columbia, Canada",49.3667,-122.8833
18,harmonics_utide_observations.txt,"Antwerpen, Belgium",51.2275,4.3999
18,harmonics_noaa_eutt.txt,"Antwerpen (Roads) Schelde River, Belgium",51.2333,4.4000
18,harmonics_utide_tidetables.txt,"New Hythe, England, United Kingdom",51.3133,0.4573
18,harmonics_utide_tidetables.txt,"Erith, England, United Kingdom",51.4834,0.1822
18,harmonics_ticon4_worldwide.txt,"Geertruidenberg (Donge), Netherlands",51.7099,4.8474
18,harmonics_utide_observations.txt,"Hank, Bergsche Maas, Netherlands",51.7191,4.8940
18,harmonics_ticon4_worldwide.txt,"Kop Van Het Land (Nieuwe Merwede), Netherlands",51.7883,4.7576
18,harmonics_ticon4_worldwide.txt,"Sliedrecht (Beneden Merwede), Netherlands",51.8161,4.7842
18,harmonics_utide_observations.txt,"Eemhaven, Netherlands",51.8892,4.4176
18,harmonics_utide_observations.txt,"Botlek Geulhaven, Netherlands",51.8918,4.3125
18,harmonics_utide_observations.txt,"Vlaardingen, Netherlands",51.8996,4.3490
18,harmonics_utide_tidetables.txt,"Larso Bay, British Columbia, Canada",52.1790,-126.8620
18,harmonics_ticon4_worldwide.txt,"Bella Coola, British Columbia, Canada",52.3754,-126.7952
18,harmonics_utide_tidetables.txt,"Bella Coola, British Columbia, Canada",52.3754,-126.7952
18,harmonics_utide_tidetables.txt,"New Ross, Ireland",52.3974,-6.9468
18,harmonics_utide_tidetables.txt,"Wisbech, England, United Kingdom",52.6672,0.1591
18,harmonics_utide_tidetables.txt,"Kimsquit Channel, British Columbia, Canada",52.8140,-127.0010
18,harmonics_utide_observations.txt,"Weener (Ems), Germany",53.1612,7.3719
18,harmonics_ticon4_worldwide.txt,"Ledasperrwerk (Unterpegel), Germany",53.2135,7.4732
18,harmonics_utide_observations.txt,"Ledasperrwerk (Unterpegel), Germany",53.2135,7.4732
18,harmonics_utide_observations.txt,"Leerort (Ems), Germany",53.2153,7.4262
18,harmonics_noaa_eutt.txt,"Leer, Germany",53.2167,7.4500
18,harmonics_utide_observations.txt,"Elsfleth Ohrt (Hunte), Germany",53.2212,8.4599
18,harmonics_ticon4_worldwide.txt,"Brake (Weser), Germany",53.3160,8.4865
18,harmonics_utide_observations.txt,"Brake (Weser), Germany",53.3160,8.4865
18,harmonics_utide_observations.txt,"Hamburg-Bunthaus (Elbe), Germany",53.4610,10.0640
18,harmonics_utide_observations.txt,"Hamburg-Harburg (Elbe, Schleuse), Germany",53.4730,9.9920
18,harmonics_utide_observations.txt,"Hamburg Dove-Elbe (Einfahrt), Germany",53.5080,10.0620
18,harmonics_utide_tidetables.txt,"Keadby, England, United Kingdom",53.5920,-0.7393
18,harmonics_ticon4_worldwide.txt,"Hechthausen (Oste), Germany",53.6405,9.2528
18,harmonics_utide_observations.txt,"Hechthausen (Oste), Germany",53.6405,9.2528
18,harmonics_ticon4_worldwide.txt,"Itzehoe (Stör Hafen), Germany",53.9245,9.5006
18,harmonics_utide_observations.txt,"Itzehoe (Stör Hafen), Germany",53.9245,9.5006
18,harmonics_ticon4_worldwide.txt,"Nordfeld (Eider, Unterwasser), Germany",54.3395,9.1382
18,harmonics_utide_observations.txt,"Nordfeld (Eider, Unterwasser), Germany",54.3395,9.1382
18,harmonics_noaa_eutt.txt,"Newcastle-on-Tyne, United Kingdom",54.9667,-1.6000
18,harmonics_utide_tidetables.txt,"Newcastle-upon-Tyne, England, United Kingdom",54.9693,-1.6031
18,harmonics-2004-06-14_mod.txt,"Granby Bay, British Columbia, Canada",55.4160,-129.8180
18,harmonics-2004-06-14_mod.txt,"Granby Bay, British Columbia, Canada",55.4160,-129.8180
18,harmonics_utide_tidetables.txt,"Granby Bay, British Columbia, Canada",55.4160,-129.8180
18,harmonics_noaa_eutt.txt,"Glasgow, Clyde River, United Kingdom",55.8500,-4.2833
18,harmonics_att_np202_secondary.txt,"Førde, Norway",61.4612,5.8403
18,harmonics-dwf-20251228-free.txt,"Emmonak, Kwiguk Pass, Yukon Delta, Alaska",62.7775,-164.5469
18,harmonics_utide_tidetables.txt,"Schooner Cove, Nunavut, Canada",63.9892,-94.2686
18,harmonics_utide_tidetables.txt,"Norton Island, Nunavut, Canada",64.0000,-94.2167
18,harmonics-dwf-20251228-free.txt,"Buckland, Buckland River, Alaska",65.9755,-161.1250
18,harmonics_att_np202_secondary.txt,"Tvervik, Norway",67.0440,14.5735
18,harmonics_noaa_eutt.txt,"Drovyanoi Point, Russia",68.9333,33.0167
18,harmonics-2004-06-14_mod.txt,"Purfur Cove, Nunavut, Canada",69.0833,-84.2167
18,harmonics-2004-06-14_mod.txt,"Eskimo Lakes Station 2b, Northwest Territories, Canada",69.5667,-131.4000
18,harmonics-2004-06-14_mod.txt,"Eskimo Lakes Station 1c, Northwest Territories, Canada",69.5667,-131.2833
18,harmonics_noaa_amtt.txt,"Mercy Bay, Banks Island, Canada",74.1167,-118.2500
12,harmonics_utide_tidetables.txt,"Bahía Uruguay, Santa Cruz, Argentina",-47.7500,-66.0167
12,harmonics_utide_tidetables.txt,"Waiuku, New Zealand",-37.2330,174.7255
12,harmonics_utide_tidetables.txt,"Clarks Beach, New Zealand",-37.1475,174.6926
12,harmonics_utide_tidetables.txt,"Weymouth, New Zealand",-37.0553,174.8593
12,harmonics_utide_tidetables.txt,"Onetaunga Bay, New Zealand",-36.8232,174.6965
12,harmonics_utide_tidetables.txt,"Hobsonville, New Zealand",-36.7876,174.6722
12,harmonics_utide_tidetables.txt,"Lucas Creek, New Zealand",-36.7705,174.6630
12,harmonics_utide_tidetables.txt,"Te Kopuru, New Zealand",-36.0253,173.9202
12,harmonics_utide_tidetables.txt,"Dargaville, New Zealand",-35.9413,173.8722
12,harmonics_ticon4_worldwide.txt,"Perth (Barrack Street Jetty), Western Australia, Australia",-31.9597,115.8573
12,harmonics_att_np203.txt,"Quelimane, Mozambique",-17.8843,36.8875
12,harmonics-1997-05-25_mod.txt,"Quelimane, Mozambique",-17.8843,36.8875
12,harmonics_noaa_cptt.txt,"Quelimane, Mozambique",-17.8843,36.8875
12,harmonics_att_np203_secondary.txt,"Batja, Tanzania",-7.9291,39.3092
12,harmonics_att_np203_scs.txt,"Banjermasin, Indonesia",-3.3333,114.6000
12,harmonics_noaa_cptt.txt,"Banjermasin, Martapura River, Borneo, Indonesia",-3.3333,114.6000
12,harmonics_utide_tidetables.txt,"Pangkalan Bun, Indonesia",-2.7391,111.7288
12,harmonics_att_np203_scs.txt,"Tanahgrogot, Indonesia",-1.9000,116.2167
12,harmonics_noaa_censam.txt,"San Lorenzo, Ecuador",1.2500,-78.8330
12,harmonics_att_np208_secondary.txt,"Tiko, Cameroon",4.0653,9.3956
12,harmonics_noaa_amtt.txt,"Paramaribo, Suriname Rivier, Suriname",5.8167,-55.1500
12,harmonics_utide_tidetables.txt,"Nam Can (Song Cua Lon), Vietnam",8.7565,104.9903
12,harmonics_att_np208_secondary.txt,"Uana Porto, Guinea-Bissau",11.8431,-15.0569
12,harmonics_att_np203_scs_secondary.txt,"Ye (Town), Myanmar",15.2435,97.8523
12,harmonics_att_np203_scs.txt,"Sundar Kotta, Bangladesh",22.0714,89.5595
12,harmonics_utide_tidetables.txt,"Sundar Kotta, Bangladesh",22.0714,89.5595
12,harmonics_noaa_carib.txt,"Cienfuegos, Cuba",22.1333,-80.4500
12,harmonics_utide_tidetables.txt,"Hengshan, Guangdong, China",22.3333,113.1833
12,harmonics-1997-05-25_mod.txt,"Huangpu, Guangzhou, China",23.0800,113.4381
12,harmonics_noaa_cptt.txt,"Navi Wat, Gujarat, India",23.1034,70.3290
12,harmonics_utide_tidetables.txt,"Shima, Fujian, China",24.4500,117.8167
12,harmonics-dwf-20251228-free.txt,"Halls River bridge, Homosassa River, Florida",28.8000,-82.6033
12,harmonics-dwf-20251228-free.txt,"Pilottown, Louisiana",29.1793,-89.2588
12,harmonics-dwf-20251228-free.txt,"Venice, Grand Pass, Louisiana",29.2733,-89.3517
12,harmonics-dwf-20251228-free.txt,"Rat Bayou, Louisiana",29.5667,-89.7634
12,harmonics-dwf-20251228-free.txt,"Freshwater Bayou, Louisiana",29.6554,-92.2507
12,harmonics-dwf-20251228-free.txt,"San Jacinto Battleground State Historic Site, Texas",29.7567,-95.0900
12,harmonics-dwf-20251228-free.txt,"White City, ICWW, Florida",29.8807,-85.2214
12,harmonics-2004-06-14_mod.txt,"Fulton, St. Johns River, Florida (4)",30.3900,-81.5067
12,harmonics-dwf-20251228-free.txt,"St. Johns Bluff (depth 12 ft), St. Johns River, Florida Current",30.3904,-81.4968
12,harmonics-dwf-20251228-free.txt,"St. Johns Bluff (depth 22 ft), St. Johns River, Florida Current",30.3904,-81.4968
12,harmonics-dwf-20251228-free.txt,"St. Johns Bluff (depth 32 ft), St. Johns River, Florida Current",30.3904,-81.4968
12,harmonics-dwf-20251228-free.txt,"Blount Island, east of (depth 30 ft), St. Johns River, Florida Current",30.3923,-81.5087
12,harmonics-dwf-20251228-free.txt,"Blount Island, east of (depth 16 ft), St. Johns River, Florida Current",30.3923,-81.5087
12,harmonics-dwf-20251228-free.txt,"Blount Island, east of (depth 7 ft), St. Johns River, Florida Current",30.3923,-81.5087
12,harmonics-2004-06-14_mod.txt,"Clapboard Creek, Pelotes Island, St. Johns River, Florida (4)",30.4067,-81.5100
12,harmonics-dwf-20251228-free.txt,"Clapboard Creek, Pelotes Island, Florida",30.4067,-81.5100
12,harmonics-dwf-20251228-free.txt,"Edwards Creek, Nassau River, Florida",30.5017,-81.5417
12,harmonics-dwf-20251228-free.txt,"Lofton, Lanceford Creek, Florida",30.6433,-81.5233
12,harmonics-dwf-20251228-free.txt,"Upper Blackwater River, Florida",30.6583,-86.9883
12,harmonics-dwf-20251228-free.txt,"Chester, Bells River, Florida",30.6833,-81.5333
12,harmonics-dwf-20251228-free.txt,"St. Marys, St. Marys River, Georgia",30.7200,-81.5483
12,harmonics-dwf-20251228-free.txt,"Bailey Cut, 0.8 mi west of, Satilla River, Georgia",30.9850,-81.5917
12,harmonics-dwf-20251228-free.txt,"Crispen Island, Turtle River, Georgia",31.2133,-81.5500
12,harmonics-dwf-20251228-free.txt,"Palmer Johnson Shipyard, Wilmington River, Georgia",32.0233,-81.0467
12,harmonics-2004-06-14_mod.txt,"Bailey's Landing, Okatee Wharf, South Carolina",32.3467,-80.8900
12,harmonics-dwf-20251228-free.txt,"Beaufort, Beaufort River, South Carolina",32.4300,-80.6750
12,harmonics-dwf-20251228-free.txt,"Army Depot, Cooper River, South Carolina",32.9100,-79.9517
12,harmonics-dwf-20251228-free.txt,"Cainhoy, Wando River, South Carolina",32.9267,-79.8300
12,harmonics-2004-06-14_mod.txt,"Morodomicho, Saga, Japan",33.2102,130.3469
12,harmonics_noaa_cptt.txt,"Xinyang Gang, Jiangsu, China",33.6167,120.4667
12,harmonics_utide_tidetables.txt,"Xinyanggang, Jiangsu, China",33.6167,120.4667
12,harmonics-dwf-20251228-free.txt,"Hilton RR Bridge, 0.1 nmi N of (depth 31 ft), Cape Fear River, North Carolina Current",34.2592,-77.9481
12,harmonics-dwf-20251228-free.txt,"Hilton RR Bridge, 0.1 nmi N of (depth 12 ft), Cape Fear River, North Carolina Current",34.2592,-77.9481
12,harmonics-dwf-20251228-free.txt,"Money Point, South Bridge, Elizabeth River, Virginia",36.7782,-76.3019
12,harmonics-dwf-20251228-free.txt,"Willcox Wharf, Charles City, James River, Virginia",37.3150,-77.0983
12,harmonics-dwf-20251228-free.txt,"Snow Hill, city park, Pocomoke River, Maryland",38.1783,-75.3967
12,harmonics-dwf-20251228-free.txt,"Lakeville, Petaluma River, California",38.1983,-122.5470
12,harmonics-dwf-20251228-free.txt,"Chesapeake City, Chesapeake and Delaware Canal, Maryland",39.5267,-75.8100
12,harmonics-2004-06-14_mod.txt,"Chesapeake and Delaware Canal, Maryland/Delaware Current",39.5333,-75.8167
12,harmonics-dwf-20251228-free.txt,"Eddystone (depth 34 ft), Pennsylvania Current",39.8504,-75.3348
12,harmonics-dwf-20251228-free.txt,"Eddystone (depth 14 ft), Pennsylvania Current",39.8504,-75.3348
12,harmonics-dwf-20251228-free.txt,"Eddystone (depth 3 ft), Pennsylvania Current",39.8504,-75.3348
12,harmonics-dwf-20251228-free.txt,"Old Bridge, South River, Raritan River, New Jersey",40.4167,-74.3633
12,harmonics-2004-06-14_mod.txt,"Washington Canal, New Jersey",40.4717,-74.3683
12,harmonics-dwf-20251228-free.txt,"Gulfport, Arthur Kill (depth 21 ft), New Jersey Current",40.6289,-74.2032
12,harmonics-dwf-20251228-free.txt,"Gulfport, Arthur Kill (depth 8 ft), New Jersey Current",40.6289,-74.2032
12,harmonics-2004-06-14_mod.txt,"Belleville, Passaic River, New Jersey",40.7767,-74.1517
12,harmonics-2004-06-14_mod.txt,"George Washington Bridge (Hudson River), New York Current",40.8500,-73.9500
12,harmonics-2004-06-14_mod.txt,"George Washington Bridge, Hudson River, New York",40.8500,-73.9500
12,harmonics-dwf-20251228-free.txt,"George Washington Bridge (depth 63 ft), Hudson River (midchannel), New York Current",40.8496,-73.9498
12,harmonics-dwf-20251228-free.txt,"George Washington Bridge (depth 40 ft), Hudson River (midchannel), New York Current",40.8496,-73.9498
12,harmonics-dwf-20251228-free.txt,"George Washington Bridge (depth 14 ft), Hudson River (midchannel), New York Current",40.8496,-73.9498
12,harmonics-dwf-20251228-free.txt,"Ferry Slip, Dyckman Street, Hudson River, New York",40.8683,-73.9333
12,harmonics-dwf-20251228-free.txt,"Spuyten Duyvil (depth 45 ft), Hudson River (midchannel), New York Current",40.8779,-73.9287
12,harmonics-dwf-20251228-free.txt,"Spuyten Duyvil (depth 29 ft), Hudson River (midchannel), New York Current",40.8779,-73.9287
12,harmonics-dwf-20251228-free.txt,"Spuyten Duyvil (depth 9 ft), Hudson River (midchannel), New York Current",40.8779,-73.9287
12,harmonics-dwf-20251228-free.txt,"Spuyten Duyvil Creek entrance, Hudson River, New York",40.8783,-73.9250
12,harmonics-dwf-20251228-free.txt,"Riverdale, Hudson River, New York",40.9033,-73.9167
12,harmonics-dwf-20251228-free.txt,"Groton, Thames River, Pier 6 (depth 42 ft), Long Island Sound, Connecticut Current",41.3918,-72.0923
12,harmonics-dwf-20251228-free.txt,"Allyn Point (depth 19 ft), Thames River, Long Island Sound, Connecticut Current",41.4430,-72.0856
12,harmonics-dwf-20251228-free.txt,"Allyn Point (depth 12 ft), Thames River, Long Island Sound, Connecticut Current",41.4430,-72.0856
12,harmonics-dwf-20251228-free.txt,"Allyn Point (depth 4 ft), Thames River, Long Island Sound, Connecticut Current",41.4430,-72.0856
12,harmonics-dwf-20251228-free.txt,"Merrimacport, Merrimack River, Massachusetts",42.8250,-70.9883
12,harmonics-dwf-20251228-free.txt,"Frankfort Island, south of (depth 37 ft), New Hampshire Current",43.1141,-70.8053
12,harmonics-dwf-20251228-free.txt,"Frankfort Island, south of (depth 24 ft), New Hampshire Current",43.1141,-70.8053
12,harmonics-dwf-20251228-free.txt,"Frankfort Island, south of (depth 7 ft), New Hampshire Current",43.1141,-70.8053
12,harmonics-dwf-20251228-free.txt,"Atlantic Terminals T14A, New Hampshire",43.1167,-70.8117
12,harmonics-dwf-20251228-free.txt,"General Sullivan Bridge (depth 15 ft), New Hampshire Current",43.1178,-70.8261
12,harmonics-dwf-20251228-free.txt,"General Sullivan Bridge (depth 8 ft), New Hampshire Current",43.1178,-70.8261
12,harmonics-dwf-20251228-free.txt,"General Sullivan Bridge (depth 3 ft), New Hampshire Current",43.1178,-70.8261
12,harmonics_utide_observations.txt,"Villefranque, France",43.4344,-1.4576
12,harmonics-dwf-20251228-free.txt,"Wiscasset, Sheepscot River, Maine",44.0000,-69.6667
12,harmonics-dwf-20251228-free.txt,"Richmond, Kennebec River, Maine",44.0883,-69.7983
12,harmonics-dwf-20251228-free.txt,"Maine Kennebec Bridge, 0.2 nmi SW of (depth 19 ft), Kennebec River, Maine Current",44.0880,-69.7852
12,harmonics-dwf-20251228-free.txt,"Maine Kennebec Bridge, 0.2 nmi SW of (depth 4 ft), Kennebec River, Maine Current",44.0880,-69.7852
12,harmonics-dwf-20251228-free.txt,"Snub Point, Penobscot River (depth 26 ft), Maine Current",44.7094,-68.8411
12,harmonics-dwf-20251228-free.txt,"Snub Point, Penobscot River (depth 17 ft), Maine Current",44.7094,-68.8411
12,harmonics-dwf-20251228-free.txt,"Snub Point, Penobscot River (depth 7 ft), Maine Current",44.7094,-68.8411
12,harmonics_utide_observations.txt,"Rochefort, France",45.9463,-0.9535
12,harmonics-dwf-20251228-free.txt,"Wauna, Columbia River, Oregon",46.1600,-123.4050
12,harmonics_utide_tidetables.txt,"Quai des Cageux, Québec, Canada",46.7550,-71.2715
12,harmonics_utide_tidetables.txt,"Saint-Romuald, Québec, Canada",46.7613,-71.2403
12,harmonics_utide_observations.txt,"Cordemais, France",47.2772,-1.8898
12,harmonics-2004-06-14_mod.txt,"Goldstream Boathouse Marina, British Columbia, Canada",48.4966,-123.5529
12,harmonics_utide_tidetables.txt,"Finlayson Arm, British Columbia, Canada",48.4966,-123.5529
12,harmonics-2004-06-14_mod.txt,"Deep Cove, British Columbia, Canada",49.3269,-122.9479
12,harmonics_utide_tidetables.txt,"Deep Cove, British Columbia, Canada",49.3268,-122.9482
12,harmonics_utide_tidetables.txt,"Totnes, England, United Kingdom",50.4290,-3.6814
12,harmonics_utide_tidetables.txt,"Bridgwater, England, United Kingdom",51.1299,-3.0017
12,harmonics_utide_observations.txt,"Kallosluis, Belgium",51.2680,4.2985
12,harmonics_utide_tidetables.txt,"Allington Lock, England, United Kingdom",51.2956,0.5061
12,harmonics_utide_observations.txt,"Liefkenshoek, Belgium",51.2964,4.2860
12,harmonics_utide_tidetables.txt,"Wouldham, England, United Kingdom",51.3510,0.4573
12,harmonics_utide_tidetables.txt,"Cumberland Basin Entrance, England, United Kingdom",51.4485,-2.6224
12,harmonics_utide_tidetables.txt,"Battlesbridge, England, United Kingdom",51.6225,0.5711
12,harmonics_utide_tidetables.txt,"Hullbridge, England, United Kingdom",51.6298,0.6134
12,harmonics_utide_tidetables.txt,"North Fambridge, England, United Kingdom",51.6360,0.6766
12,harmonics_utide_current_observations.txt,"Dordrecht Oude Maas 000, Netherlands Current",51.8030,4.6395
12,harmonics_utide_current_observations.txt,"Dordrecht Oude Maas 015, Netherlands Current",51.8032,4.6393
12,harmonics_utide_current_observations.txt,"Dordrecht Oude Maas 030, Netherlands Current",51.8033,4.6392
12,harmonics_utide_current_observations.txt,"Dordrecht Oude Maas 045, Netherlands Current",51.8034,4.6391
12,harmonics_utide_current_observations.txt,"Dordrecht Oude Maas 060, Netherlands Current",51.8035,4.6390
12,harmonics_utide_tidetables.txt,"Haverfordwest, Wales, United Kingdom",51.8045,-4.9701
12,harmonics_utide_current_observations.txt,"Dordrecht Oude Maas 120, Netherlands Current",51.8039,4.6385
12,harmonics_utide_current_observations.txt,"Dordrecht Oude Maas 135, Netherlands Current",51.8040,4.6384
12,harmonics_utide_current_observations.txt,"Dordrecht Oude Maas 150, Netherlands Current",51.8041,4.6382
12,harmonics_utide_current_observations.txt,"Dordrecht Oude Maas 165, Netherlands Current",51.8043,4.6381
12,harmonics_utide_current_observations.txt,"Dordrecht Oude Maas 180, Netherlands Current",51.8044,4.6380
12,harmonics_utide_current_observations.txt,"Dordrecht Oude Maas 195, Netherlands Current",51.8045,4.6379
12,harmonics_utide_current_observations.txt,"Dordrecht Oude Maas 075, Netherlands Current",51.8036,4.6388
12,harmonics_utide_current_observations.txt,"Dordrecht Oude Maas 090, Netherlands Current",51.8037,4.6387
12,harmonics_utide_current_observations.txt,"Dordrecht Oude Maas 105, Netherlands Current",51.8038,4.6386
12,harmonics_utide_current_observations.txt,"Dordrecht Oude Maas 240, Netherlands Current",51.8048,4.6375
12,harmonics_utide_current_observations.txt,"Dordrecht Oude Maas 255, Netherlands Current",51.8049,4.6374
12,harmonics_utide_current_observations.txt,"Dordrecht Oude Maas 270, Netherlands Current",51.8050,4.6372
12,harmonics_utide_current_observations.txt,"Dordrecht Oude Maas 285, Netherlands Current",51.8051,4.6371
12,harmonics_utide_current_observations.txt,"Dordrecht Oude Maas 300, Netherlands Current",51.8053,4.6370
12,harmonics_utide_current_observations.txt,"Dordrecht Oude Maas 210, Netherlands Current",51.8046,4.6377
12,harmonics_utide_current_observations.txt,"Dordrecht Oude Maas 225, Netherlands Current",51.8047,4.6376
12,harmonics_ticon4_worldwide.txt,"Puttershoek (Oude Maas), Netherlands",51.8116,4.5660
12,harmonics_noaa_eutt.txt,"Dordrecht, Netherlands",51.8167,4.6667
12,harmonics_utide_observations.txt,"Dordrecht Oude Maas, Beneden Merwede, Netherlands",51.8200,4.6710
12,harmonics_utide_observations.txt,"Heinenoord, Goidschalxoord, Netherlands",51.8303,4.4516
12,harmonics_utide_observations.txt,"Spijkenisse, Oude Maas, Netherlands",51.8617,4.3340
12,harmonics_utide_observations.txt,"Europoort, Hartelbrug, Netherlands",51.8663,4.3078
12,harmonics_utide_observations.txt,"Rozenburgsesluis, zuidzijde, Netherlands",51.8912,4.2298
12,harmonics_utide_observations.txt,"Rozenburgsesluis, noordzijde, Netherlands",51.8958,4.2289
12,harmonics_utide_observations.txt,"Europoort, Harmsenbrug, Netherlands",51.9018,4.2109
12,harmonics_utide_observations.txt,"Maassluis, Netherlands",51.9175,4.2498
12,harmonics_utide_tidetables.txt,"Woodbridge, England, United Kingdom",52.0871,1.3166
12,harmonics_utide_tidetables.txt,"Fort Albany, Ontario, Canada",52.2189,-81.6356
12,harmonics-2004-06-14_mod.txt,"Upper Attawaspiskat, Ontario, Canada",52.9167,-82.4333
12,harmonics_utide_tidetables.txt,"Chester, England, United Kingdom",53.1914,-2.9026
12,harmonics_ticon4_worldwide.txt,"Elsfleth (Weser), Germany",53.2639,8.4814
12,harmonics_utide_observations.txt,"Elsfleth (Weser), Germany",53.2639,8.4814
12,harmonics_utide_observations.txt,"Terborg (Ems), Germany",53.2927,7.3961
12,harmonics_utide_observations.txt,"Hamburg (St. Pauli), Germany",53.5456,9.9700
12,harmonics_utide_tidetables.txt,"Flixborough Wharf, England, United Kingdom",53.6196,-0.7026
12,harmonics_utide_observations.txt,"Uetersen (Pinnau), Germany",53.6782,9.6771
12,harmonics_noaa_eutt.txt,"Goole, United Kingdom",53.7000,-0.8667
12,harmonics_utide_tidetables.txt,"Goole, England, United Kingdom",53.7019,-0.8664
12,harmonics_ticon4_worldwide.txt,"Elmshorn (Krückau Hafen), Germany",53.7522,9.6539
12,harmonics_utide_observations.txt,"Elmshorn (Krückau Hafen), Germany",53.7522,9.6539
12,harmonics_utide_tidetables.txt,"Preston, England, United Kingdom",53.7581,-2.7508
12,harmonics_ticon4_worldwide.txt,"Friedrichstadt (Eider Strassenbrücke), Germany",54.3688,9.0950
12,harmonics_utide_observations.txt,"Friedrichstadt (Eider Strassenbrücke), Germany",54.3688,9.0950
12,harmonics_utide_observations.txt,"Renfrew (River Clyde), Scotland, United Kingdom",55.8854,-4.3829
12,harmonics_noaa_amtt.txt,"Stewart, B.C., Canada",55.9167,-129.8000
12,harmonics_utide_tidetables.txt,"Stirling, Scotland, United Kingdom",56.1192,-3.9304
12,harmonics_utide_tidetables.txt,"Perth, Scotland, United Kingdom",56.4119,-3.4342
12,harmonics_utide_tidetables.txt,"Bonawe (Loch Etive), Scotland, United Kingdom",56.4448,-5.2296
12,harmonics_utide_tidetables.txt,"Rubha Na Creige, Scotland, United Kingdom",56.4667,-5.1833
12,harmonics_ticon4_worldwide.txt,"Göteborg Agnesburg, Sweden",57.7897,12.0100
12,harmonics_att_np202_secondary.txt,"Halden, Norway",59.1173,11.3841
12,harmonics-dwf-20251228-free.txt,"Chefornak, Kinia River, Yukon Delta, Alaska",60.1594,-164.2726
12,harmonics-dwf-20251228-free.txt,"Tuntutuliak, Tagayarak River, Alaska",60.3415,-162.6860
12,harmonics_att_np202_secondary.txt,"Norðskáli, Faroe Islands",62.2167,-7.0000
12,harmonics-dwf-20251228-free.txt,"White Mountain, Niukluk River, Norton Sound, Alaska",64.6811,-163.4119
12,harmonics_att_np202_secondary.txt,"Murmansk, Russia",68.9667,33.0500
8,harmonics_noaa_amtt.txt,"Puerto Slight, Golfo Tres Montes, Chile",-46.8167,-75.5500
8,harmonics_noaa_amtt.txt,"Caleta Pascuas, Bahía San Andres, Chile",-46.6000,-75.5167
8,harmonics_noaa_amtt.txt,"Maullín, Río Maullín, Chile",-41.6167,-73.6000
8,harmonics_utide_tidetables.txt,"Ingeniero White (Bahía Blanca), Buenos Aires, Argentina",-38.7927,-62.2656
8,harmonics_utide_tidetables.txt,"Rincón de Bahía Blanca - Puerto Galván, Buenos Aires, Argentina",-38.7833,-62.3000
8,harmonics_utide_tidetables.txt,"Omokoroa, New Zealand",-37.6328,176.0537
8,harmonics_ticon4_worldwide.txt,"Manukau Heads, New Zealand",-37.0488,174.6082
8,harmonics_utide_tidetables.txt,"Papakura Channel - LPG Terminal, New Zealand",-37.0366,174.8281
8,harmonics_utide_tidetables.txt,"Cornwallis, New Zealand",-37.0118,174.6075
8,harmonics_noaa_cptt.txt,"Cornwallis, Manukau Harbor, Auckland, New Zealand",-37.0000,174.6000
8,harmonics-2004-06-14_mod.txt,"Onehunga, New Zealand",-36.9333,174.7833
8,harmonics_noaa_cptt.txt,"Onehunga, Manukau Harbor, Auckland, New Zealand",-36.9333,174.7833
8,harmonics_utide_tidetables.txt,"Onehunga, New Zealand",-36.9328,174.7855
8,harmonics_utide_tidetables.txt,"Westhaven Inlet, New Zealand",-36.8358,174.7484
8,harmonics_utide_tidetables.txt,"Helensville, New Zealand",-36.6739,174.4419
8,harmonics_utide_tidetables.txt,"Dairy Factory Wharf, New Zealand",-35.0379,173.2566
8,harmonics_utide_tidetables.txt,"Te Hapua, New Zealand",-34.5165,172.9230
8,harmonics_ticon4_worldwide.txt,"Harvey Dvhar, Western Australia, Australia",-32.6835,115.6761
8,harmonics_ticon4_worldwide.txt,"Peel Inlet Plpee, Western Australia, Australia",-32.5922,115.7139
8,harmonics_att_np203_secondary.txt,"Matolav (Estuário do Espírito Santo), Mozambique",-25.9629,32.4977
8,harmonics_utide_tidetables.txt,"Santos (Macuco), São Paulo, Brazil",-23.9566,-46.3074
8,harmonics_att_np203_secondary.txt,"Macuse (Rio Namacurra), Mozambique",-17.7220,37.1878
8,harmonics-2004-06-14_mod.txt,"Daly River, Northern Territory, Australia",-13.3667,130.3167
8,harmonics_att_np203_scs.txt,"Bantaeng, Indonesia",-5.5333,119.8500
8,harmonics_att_np203_scs.txt,"Tanjung Kuala Jelai, Indonesia",-2.9833,110.7333
8,harmonics_noaa_cptt.txt,"Djelai River entrance, Indonesia",-2.9833,110.7333
8,harmonics_att_np203_scs.txt,"Gela, Indonesia",-1.7000,124.7000
8,harmonics_att_np203_scs.txt,"Syeri, Indonesia",-1.6000,134.1000
8,harmonics_att_np203_scs.txt,"Guntung, Indonesia",0.3000,103.6000
8,harmonics_noaa_cptt.txt,"Sungaiguntung, Indonesia",0.3000,103.6000
8,harmonics_utide_observations.txt,"San Lorenzo, Ecuador",1.2930,-78.8388
8,harmonics_att_np203_scs_secondary.txt,"Tanjung Bunga, Malaysia",1.3833,103.6500
8,harmonics_att_np203_scs.txt,"Pasar Lundu, Malaysia",1.6667,109.8500
8,harmonics_att_np203_scs.txt,"Tanjung Mani, Malaysia",2.1500,111.3667
8,harmonics_att_np203_scs.txt,"Bagan Si Api Api, Indonesia",2.1667,100.8000
8,harmonics_att_np203_scs.txt,"Labuan Bilik, Indonesia",2.5167,100.1667
8,harmonics_noaa_cptt.txt,"Labuhanbilik, Sungai Panai, Sumatra, Indonesia",2.5167,100.1667
8,harmonics_att_np203_scs.txt,"Bandar Limbang, Brunei",4.7500,115.0000
8,harmonics_att_np203_scs_secondary.txt,"Pasar Lawas, Brunei",4.8667,115.4000
8,harmonics_att_np208_secondary.txt,"Forcados (Forcados River), Nigeria",5.3643,5.4368
8,harmonics_noaa_eutt.txt,"Forcados (Forcados River), Nigeria",5.3643,5.4368
8,harmonics_att_np208_secondary.txt,"Madagho (Escravos River), Nigeria",5.6022,5.2256
8,harmonics-1997-05-25_mod.txt,"Paramaribo, Suriname",5.8269,-55.1440
8,harmonics_att_np207.txt,"Paramaribo, Suriname",5.8333,-55.1500
8,harmonics_att_np208.txt,"Lagos (Apapa), Nigeria",6.4525,3.3839
8,harmonics_ticon4_worldwide.txt,"Lagos (Apapa), Nigeria",6.4525,3.3839
8,harmonics_utide_observations.txt,"Lagos (Apapa), Nigeria",6.4525,3.3839
8,harmonics_noaa_cptt.txt,"Cotabato, Mindanao River, Sultan Kudarat, Philippines",7.2167,124.2500
8,harmonics_fes2022.txt,"Puerto Pedregal, Panama",8.3623,-82.4375
8,harmonics_att_np208_secondary.txt,"Dubréka, Guinea",9.7937,-13.5254
8,harmonics_noaa_eutt.txt,"Dubréka, Guinea",9.7937,-13.5254
8,harmonics_utide_tidetables.txt,"Xeo Ro (Song Cai Lon), Vietnam",9.8647,105.1109
8,harmonics_utide_tidetables.txt,"Ben Trai (Cua Co Chien), Vietnam",9.8809,106.5290
8,harmonics_att_np203_scs.txt,"Heinze Chaung, Myanmar",14.7364,97.9482
8,harmonics_utide_observations.txt,"Vung Ang, Vietnam",18.0830,106.2830
8,harmonics_noaa_cptt.txt,"Camalaniugan, Cagayan River, Cagayan, Philippines",18.2833,121.6667
8,harmonics_att_np203_secondary.txt,"Thane, Maharashtra, India",19.1976,72.9851
8,harmonics_att_np203.txt,"Valsad, Gujarat, India",20.6299,72.9293
8,harmonics_att_np203_secondary.txt,"Bharuch (Narmada River), Gujarat, India",21.6943,72.9987
8,harmonics-2004-06-14_mod.txt,"Tampico Puerto, Tamaulipas, Mexico",22.2111,-97.8586
8,harmonics_att_np203_secondary.txt,"Khambhat (Cambay), Gujarat, India",22.2857,72.6070
8,harmonics_utide_tidetables.txt,"Huangpu, Guangdong, China",23.1000,113.4667
8,harmonics_utide_tidetables.txt,"La Pesca, Tamaulipas, Mexico",23.7836,-97.8347
8,harmonics-dwf-20251228-free.txt,"San Martin Lake Channel, Texas",26.0018,-97.2986
8,harmonics-dwf-20251228-free.txt,"Myakka River, US 41 bridge, Charlotte Harbor, Florida",27.0450,-82.2933
8,harmonics-dwf-20251228-free.txt,"Chassahowitzka, Chassahowitzka River, Florida",28.7150,-82.5767
8,harmonics-dwf-20251228-free.txt,"Mason Creek, Homosassa Bay, Florida",28.7617,-82.6383
8,harmonics-dwf-20251228-free.txt,"Crystal River, Kings Bay, Florida",28.8983,-82.5983
8,harmonics-dwf-20251228-free.txt,"Old Brazos River, Freeport, Texas",28.9611,-95.3674
8,harmonics-dwf-20251228-free.txt,"Pointe au Chien, Cutoff Canal, Louisiana",29.4167,-90.4467
8,harmonics-dwf-20251228-free.txt,"Clear Lake, Galveston Bay, Texas",29.5633,-95.0667
8,harmonics-dwf-20251228-free.txt,"High Island (TCOON), Texas",29.5947,-94.3903
8,harmonics-dwf-20251228-free.txt,"Tesoro Marine Term., Atchafalaya River, Louisiana",29.6675,-91.2376
8,harmonics-dwf-20251228-free.txt,"Schooner Bayou, Vermillion Bay, Louisiana",29.7581,-92.2638
8,harmonics-dwf-20251228-free.txt,"Apalachicola River (A&N RR bridge), Apalachicola Bay, Florida",29.7633,-85.0333
8,harmonics-dwf-20251228-free.txt,"Huckleberry Landing, Jackson River, Florida",29.7700,-85.0850
8,harmonics-dwf-20251228-free.txt,"Mermentau River, Grand Chenier, Louisiana",29.7750,-93.0083
8,harmonics-dwf-20251228-free.txt,"White City, Gulf County Canal, St. Joseph Bay, Florida",29.8668,-85.2706
8,harmonics-dwf-20251228-free.txt,"Overstreet, St. Andrew Bay, Florida",29.9967,-85.3700
8,harmonics-dwf-20251228-free.txt,"St. Marks, Wakulla River, Apalachee Bay, Florida",30.1589,-84.2186
8,harmonics-2004-06-14_mod.txt,"Pablo Creek entrance, St. Johns River, Florida",30.3767,-81.4483
8,harmonics-dwf-20251228-free.txt,"ICW Intersection (depth 12 ft), St. Johns River, Florida Current",30.3828,-81.4556
8,harmonics-dwf-20251228-free.txt,"ICW Intersection (depth 22 ft), St. Johns River, Florida Current",30.3828,-81.4556
8,harmonics-dwf-20251228-free.txt,"ICW Intersection (depth 35 ft), St. Johns River, Florida Current",30.3828,-81.4556
8,harmonics-2004-06-14_mod.txt,"Sisters Creek, St. Johns River, Florida",30.4167,-81.4533
8,harmonics-dwf-20251228-free.txt,"Sisters Creek, Florida",30.4167,-81.4533
8,harmonics-dwf-20251228-free.txt,"Landon, Mississippi",30.4317,-89.0817
8,harmonics-dwf-20251228-free.txt,"Biloxi River, lower end, Mississippi",30.4350,-89.0083
8,harmonics-dwf-20251228-free.txt,"Tchoutacabouffa River entrance, Mississippi",30.4417,-88.9733
8,harmonics-dwf-20251228-free.txt,"Nassauville, Nassau River East, Florida",30.5683,-81.5150
8,harmonics-dwf-20251228-free.txt,"Hawkins Recreational Park, Blackwater River, Florida",30.6367,-87.0283
8,harmonics-dwf-20251228-free.txt,"Chickasaw Creek, Alabama",30.7819,-88.0736
8,harmonics-2004-06-14_mod.txt,"Saint Marys, Kings Bay, Cumberland Sound, Georgia",30.7967,-81.5150
8,harmonics-2004-06-14_mod.txt,"St. Johns River Entrance, Florida Current (3)",30.7967,-81.5150
8,harmonics-dwf-20251228-free.txt,"Kings Bay, Navy Base, Georgia",30.7967,-81.5150
8,harmonics-dwf-20251228-free.txt,"Kings Bay, North Turning Basin (depth 10 ft), Cumberland Sound, Georgia Current",30.8100,-81.5203
8,harmonics-dwf-20251228-free.txt,"Kings Bay, North Turning Basin (depth 16 ft), Cumberland Sound, Georgia Current",30.8100,-81.5203
8,harmonics-dwf-20251228-free.txt,"Kings Bay, North Turning Basin (depth 26 ft), Cumberland Sound, Georgia Current",30.8100,-81.5203
8,harmonics-dwf-20251228-free.txt,"Bear River, Range A Light, Georgia",31.7933,-81.1817
8,harmonics-dwf-20251228-free.txt,"Skidaway Institute, Skidaway River, Georgia",31.9900,-81.0233
8,harmonics-dwf-20251228-free.txt,"Brighton Beach, May River, South Carolina",32.2141,-80.8465
8,harmonics-dwf-20251228-free.txt,"Air Station Beaufort, McCalleys Creek, South Carolina",32.5019,-80.6849
8,harmonics-dwf-20251228-free.txt,"White House Woods, Mosquito Creek, Ashepoo River, St. Helena Sound, South Carolina",32.5587,-80.4544
8,harmonics-dwf-20251228-free.txt,"I-526 bridge, Ashley River, South Carolina",32.8367,-80.0217
8,harmonics-2004-06-14_mod.txt,"Big Paradise Island, Wando River, South Carolina",32.9150,-79.7467
8,harmonics-dwf-20251228-free.txt,"South Santee River, ICWW (Fourmile Creek Canal), South Carolina",33.1542,-79.3544
8,harmonics-dwf-20251228-free.txt,"Windsor Plantation, Black River, Great Pee Dee River, South Carolina",33.4150,-79.2500
8,harmonics-dwf-20251228-free.txt,"Thoroughfare Creek entrance, Waccamaw River, South Carolina",33.5067,-79.1450
8,harmonics-dwf-20251228-free.txt,"Wachesaw Landing, Waccamaw River, South Carolina",33.5600,-79.0850
8,harmonics-2004-06-14_mod.txt,"Oki (Kanmon), Fukuoka, Japan",33.8667,130.7500
8,harmonics-1997-05-25_mod.txt,"Yahata, Fukuoka, Japan",33.8750,130.8041
8,harmonics-2004-06-14_mod.txt,"Yahata, Fukuoka, Japan",33.8750,130.8041
8,harmonics-dwf-20251228-free.txt,"Wilmington, USS North Carolina (depth 25 ft), Cape Fear River, North Carolina Current",34.2335,-77.9503
8,harmonics-dwf-20251228-free.txt,"Wilmington, USS North Carolina (depth 5 ft), Cape Fear River, North Carolina Current",34.2335,-77.9503
8,harmonics-dwf-20251228-free.txt,"Point Peter (depth 23 ft), Cape Fear River, North Carolina Current",34.2425,-77.9577
8,harmonics-dwf-20251228-free.txt,"Point Peter (depth 5 ft), Cape Fear River, North Carolina Current",34.2425,-77.9577
8,harmonics-dwf-20251228-free.txt,"Wilmington, Northeast River (depth 34 ft), Cape Fear River, North Carolina Current",34.2419,-77.9539
8,harmonics-dwf-20251228-free.txt,"Wilmington, Northeast River (depth 14 ft), Cape Fear River, North Carolina Current",34.2419,-77.9539
8,harmonics-dwf-20251228-free.txt,"Wilmington, Northeast River (depth 4 ft), Cape Fear River, North Carolina Current",34.2419,-77.9539
8,harmonics-dwf-20251228-free.txt,"Isabel Holmes Bridge (depth 29 ft), Cape Fear River, North Carolina Current",34.2524,-77.9501
8,harmonics-dwf-20251228-free.txt,"Isabel Holmes Bridge (depth 6 ft), Cape Fear River, North Carolina Current",34.2524,-77.9501
8,harmonics_att_np208_secondary.txt,"Kénitra, Morocco",34.2660,-6.5833
8,harmonics_noaa_eutt.txt,"Kénitra, Morocco",34.2660,-6.5833
8,harmonics-2004-06-14_mod.txt,"Aioi, Hyogo, Japan",34.8032,134.4650
8,harmonics-dwf-20251228-free.txt,"Core Creek Bridge, North Carolina",34.8250,-76.6900
8,harmonics-2004-06-14_mod.txt,"Yasugi, Shimane, Japan",35.4334,133.2568
8,harmonics-2004-06-14_mod.txt,"Daikon-jima, Shimane, Japan",35.4865,133.1770
8,harmonics-dwf-20251228-free.txt,"Pungo River, Route 45, North Carolina",35.5852,-76.4856
8,harmonics-dwf-20251228-free.txt,"Western Branch, Elizabeth River, Virginia",36.8232,-76.3991
8,harmonics-dwf-20251228-free.txt,"Kirby Park, Elkhorn Slough, Monterey Bay, Port San Luis, California",36.8413,-121.7453
8,harmonics-dwf-20251228-free.txt,"Dillon Point (depth 97 ft), Carquinez Strait, California Current",38.0589,-122.1930
8,harmonics-dwf-20251228-free.txt,"Dillon Point (depth 45 ft), Carquinez Strait, California Current",38.0589,-122.1930
8,harmonics-dwf-20251228-free.txt,"Dillon Point (depth 19 ft), Carquinez Strait, California Current",38.0589,-122.1930
8,harmonics-dwf-20251228-free.txt,"Tuckahoe, Tuckahoe River, Great Egg Harbor Bay, New Jersey",39.2950,-74.7483
8,harmonics-dwf-20251228-free.txt,"Chesapeake and Delaware Canal, Chesapeake City (depth 59 ft), Maryland Current",39.5305,-75.8276
8,harmonics-dwf-20251228-free.txt,"Chesapeake and Delaware Canal, Chesapeake City (depth 164 ft), Maryland Current",39.5305,-75.8276
8,harmonics-dwf-20251228-free.txt,"Chesapeake and Delaware Canal, Chesapeake City (depth 8 ft), Maryland Current",39.5305,-75.8276
8,harmonics-dwf-20251228-free.txt,"Toms River (town), Toms River, Barnegat Bay, New Jersey",39.9500,-74.1983
8,harmonics-2004-06-14_mod.txt,"Red Bank, Navesink River, New Jersey",40.3550,-74.0650
8,harmonics-dwf-20251228-free.txt,"Red Bank, Navesink River, Shrewsbury River, New Jersey",40.3550,-74.0650
8,harmonics-dwf-20251228-free.txt,"Sayreville, Raritan River, New Jersey",40.4783,-74.3567
8,harmonics-dwf-20251228-free.txt,"Port Reading, Arthur Kill, New Jersey",40.5550,-74.2450
8,harmonics-dwf-20251228-free.txt,"Tremley Point (depth 27 ft), Arthur Kill, New York Current",40.5889,-74.2060
8,harmonics-dwf-20251228-free.txt,"Tremley Point (depth 7 ft), Arthur Kill, New York Current",40.5889,-74.2060
8,harmonics-dwf-20251228-free.txt,"Bayonne Bridge, Bergen Point West Reach, New York",40.6391,-74.1463
8,harmonics-2004-06-14_mod.txt,"Bayonne Bridge, Staten Island, New York",40.6400,-74.1467
8,harmonics-dwf-20251228-free.txt,"Bergen Point (depth 37 ft), Kill Van Kull, New York Current",40.6422,-74.1513
8,harmonics-dwf-20251228-free.txt,"Bergen Point (depth 14 ft), Kill Van Kull, New York Current",40.6422,-74.1513
8,harmonics-2004-06-14_mod.txt,"Bayonne Bridge, Kill van Kull, New York Current (2)",40.6417,-74.1433
8,harmonics-dwf-20251228-free.txt,"Bayonne Bridge (depth 16 ft), Kill Van Kull, New York Current",40.6417,-74.1433
8,harmonics-dwf-20251228-free.txt,"Newark Bay entrance LB 18 (depth 15 ft), New Jersey Current",40.6471,-74.1555
8,harmonics-dwf-20251228-free.txt,"Newark Bay entrance LB 18 (depth 22 ft), New Jersey Current",40.6471,-74.1555
8,harmonics-dwf-20251228-free.txt,"Newark Bay entrance LB 18 (depth 32 ft), New Jersey Current",40.6471,-74.1555
8,harmonics_noaa_cptt.txt,"Yingkou Neigang, Liaoning, China",40.6667,122.2167
8,harmonics-dwf-20251228-free.txt,"Port Elizabeth, New Jersey",40.6733,-74.1400
8,harmonics-dwf-20251228-free.txt,"Middle Reach, Newark Bay (depth 30 ft), New Jersey Current",40.6763,-74.1352
8,harmonics-dwf-20251228-free.txt,"Middle Reach, Newark Bay (depth 7 ft), New Jersey Current",40.6763,-74.1352
8,harmonics-2004-06-14_mod.txt,"Kearney Point, Hackensack River, New Jersey",40.7267,-74.1050
8,harmonics-2004-06-14_mod.txt,"Kearney Point, Passaic River, New Jersey",40.7317,-74.1167
8,harmonics-2004-06-14_mod.txt,"Hell Gate (East River), New York Current",40.7833,-73.9333
8,harmonics-2004-06-14_mod.txt,"Secaucus, New Jersey",40.7983,-74.0700
8,harmonics-dwf-20251228-free.txt,"Harlem River, Randalls Island, East River, New York",40.8000,-73.9283
8,harmonics-dwf-20251228-free.txt,"Westerly, Pawcatuck River, Rhode Island",41.3817,-71.8317
8,harmonics-dwf-20251228-free.txt,"Smith Cove (depth 31 ft), Thames River, Long Island Sound, Connecticut Current",41.3966,-72.0959
8,harmonics-dwf-20251228-free.txt,"Smith Cove (depth 14 ft), Thames River, Long Island Sound, Connecticut Current",41.3966,-72.0959
8,harmonics-dwf-20251228-free.txt,"Smith Cove (depth 5 ft), Thames River, Long Island Sound, Connecticut Current",41.3966,-72.0959
8,harmonics-dwf-20251228-free.txt,"Rumford, Seekonk River, Narragansett Bay, Rhode Island",41.8400,-71.3733
8,harmonics-dwf-20251228-free.txt,"Amelia Earhart Dam, Mystic River, Boston Harbor, Massachusetts",42.3950,-71.0767
8,harmonics-dwf-20251228-free.txt,"Salisbury Point, Merrimack River, Massachusetts",42.8383,-70.9083
8,harmonics-dwf-20251228-free.txt,"I-95 Bridge (depth 48 ft), New Hampshire Current",43.0928,-70.7671
8,harmonics-dwf-20251228-free.txt,"I-95 Bridge (depth 29 ft), New Hampshire Current",43.0928,-70.7671
8,harmonics-dwf-20251228-free.txt,"I-95 Bridge (depth 6 ft), New Hampshire Current",43.0928,-70.7671
8,harmonics-dwf-20251228-free.txt,"Schiller Station (depth 52 ft), New Hampshire Current",43.0974,-70.7811
8,harmonics-dwf-20251228-free.txt,"Schiller Station (depth 29 ft), New Hampshire Current",43.0974,-70.7811
8,harmonics-dwf-20251228-free.txt,"Schiller Station (depth 9 ft), New Hampshire Current",43.0974,-70.7811
8,harmonics_ticon4_worldwide.txt,"Bayonne (Pont Blanc), France",43.4781,-1.4726
8,harmonics_utide_observations.txt,"Bayonne (Pont Blanc), France",43.4781,-1.4726
8,harmonics-dwf-20251228-free.txt,"Biddeford, Saco River, Maine",43.4917,-70.4467
8,harmonics_utide_observations.txt,"Bayonne (Pont Grenet), France",43.4976,-1.4794
8,harmonics-dwf-20251228-free.txt,"Reedsport, Umpqua River, Oregon",43.7083,-124.0980
8,harmonics-dwf-20251228-free.txt,"Bath, Kennebec River, Maine",43.9250,-69.8150
8,harmonics-dwf-20251228-free.txt,"Cushman, Siuslaw River, Oregon",43.9850,-124.0450
8,harmonics-dwf-20251228-free.txt,"Ellsworth, Union River, Blue Hill Bay, Maine",44.5350,-68.4217
8,harmonics-dwf-20251228-free.txt,"Penobscot Narrows Bridge (depth 36 ft), Maine Current",44.5623,-68.8005
8,harmonics-dwf-20251228-free.txt,"Penobscot Narrows Bridge (depth 26 ft), Maine Current",44.5623,-68.8005
8,harmonics-dwf-20251228-free.txt,"Penobscot Narrows Bridge (depth 13 ft), Maine Current",44.5623,-68.8005
8,harmonics-dwf-20251228-free.txt,"Chinook Bend, Siletz River, Oregon",44.8800,-123.9636
8,harmonics-2004-06-14_mod.txt,"Sherbrooke, Nova Scotia, Canada",45.1333,-61.9833
8,harmonics_utide_tidetables.txt,"Sherbrooke, Nova Scotia, Canada",45.1339,-61.9833
8,harmonics-2004-06-14_mod.txt,"St. Stephen, New Brunswick, Canada",45.1919,-67.2760
8,harmonics_utide_tidetables.txt,"St. Stephen, New Brunswick, Canada",45.1919,-67.2760
8,harmonics-2004-06-14_mod.txt,"Montague, Prince Edward Island, Canada",46.1647,-62.6463
8,harmonics_utide_tidetables.txt,"Montague, Prince Edward Island, Canada",46.1647,-62.6463
8,harmonics-2004-06-14_mod.txt,"East Margaree Bridge, Nova Scotia, Canada",46.3974,-61.0787
8,harmonics_utide_tidetables.txt,"East Margaree Bridge, Nova Scotia, Canada",46.3973,-61.0788
8,harmonics-dwf-20251228-free.txt,"South Bend, Willapa River, Willapa Bay, Washington",46.6633,-123.7980
8,harmonics_utide_tidetables.txt,"Immigration Wharf, Québec, Canada",46.7923,-71.2265
8,harmonics-dwf-20251228-free.txt,"Gibson Point, 0.8 mi east of (depth 199 ft), Puget Sound, Washington Current",47.2191,-122.5887
8,harmonics-dwf-20251228-free.txt,"Gibson Point, 0.8 mi east of (depth 189 ft), Puget Sound, Washington Current",47.2191,-122.5887
8,harmonics-dwf-20251228-free.txt,"Gibson Point, 0.8 mi east of (depth 179 ft), Puget Sound, Washington Current",47.2191,-122.5887
8,harmonics-dwf-20251228-free.txt,"Gibson Point, 0.8 mi east of (depth 169 ft), Puget Sound, Washington Current",47.2191,-122.5887
8,harmonics-dwf-20251228-free.txt,"Gibson Point, 0.8 mi east of (depth 159 ft), Puget Sound, Washington Current",47.2191,-122.5887
8,harmonics-dwf-20251228-free.txt,"Gibson Point, 0.8 mi east of (depth 149 ft), Puget Sound, Washington Current",47.2191,-122.5887
8,harmonics-dwf-20251228-free.txt,"Gibson Point, 0.8 mi east of (depth 140 ft), Puget Sound, Washington Current",47.2191,-122.5887
8,harmonics-dwf-20251228-free.txt,"Gibson Point, 0.8 mi east of (depth 130 ft), Puget Sound, Washington Current",47.2191,-122.5887
8,harmonics-dwf-20251228-free.txt,"Gibson Point, 0.8 mi east of (depth 120 ft), Puget Sound, Washington Current",47.2191,-122.5887
8,harmonics-dwf-20251228-free.txt,"Gibson Point, 0.8 mi east of (depth 110 ft), Puget Sound, Washington Current",47.2191,-122.5887
8,harmonics-dwf-20251228-free.txt,"Gibson Point, 0.8 mi east of (depth 100 ft), Puget Sound, Washington Current",47.2191,-122.5887
8,harmonics-dwf-20251228-free.txt,"Gibson Point, 0.8 mi east of (depth 90 ft), Puget Sound, Washington Current",47.2191,-122.5887
8,harmonics-dwf-20251228-free.txt,"Gibson Point, 0.8 mi east of (depth 81 ft), Puget Sound, Washington Current",47.2191,-122.5887
8,harmonics-dwf-20251228-free.txt,"Gibson Point, 0.8 mi east of (depth 71 ft), Puget Sound, Washington Current",47.2191,-122.5887
8,harmonics-dwf-20251228-free.txt,"Gibson Point, 0.8 mi east of (depth 61 ft), Puget Sound, Washington Current",47.2191,-122.5887
8,harmonics-dwf-20251228-free.txt,"Gibson Point, 0.8 mi east of (depth 51 ft), Puget Sound, Washington Current",47.2191,-122.5887
8,harmonics-dwf-20251228-free.txt,"Gibson Point, 0.8 mi east of (depth 41 ft), Puget Sound, Washington Current",47.2191,-122.5887
8,harmonics-dwf-20251228-free.txt,"Gibson Point, 0.8 mi east of (depth 31 ft), Puget Sound, Washington Current",47.2191,-122.5887
8,harmonics-dwf-20251228-free.txt,"Hale Passage, east end (depth 77 ft), Puget Sound, Washington Current",47.2479,-122.5956
8,harmonics-dwf-20251228-free.txt,"Hale Passage, east end (depth 44 ft), Puget Sound, Washington Current",47.2479,-122.5956
8,harmonics-dwf-20251228-free.txt,"Hale Passage, east end (depth 11 ft), Puget Sound, Washington Current",47.2479,-122.5956
8,harmonics-dwf-20251228-free.txt,"Hale Passage, west end (depth 70 ft), Puget Sound, Washington Current",47.2814,-122.6631
8,harmonics-dwf-20251228-free.txt,"Hale Passage, west end (depth 40 ft), Puget Sound, Washington Current",47.2814,-122.6631
8,harmonics-dwf-20251228-free.txt,"Hale Passage, west end (depth 14 ft), Puget Sound, Washington Current",47.2814,-122.6631
8,harmonics-dwf-20251228-free.txt,"Wauna, Carr Inlet, Puget Sound, Washington",47.3783,-122.6340
8,harmonics_att_np202_secondary.txt,"Hennebont (Le Blavet), France",47.7982,-3.2772
8,harmonics-pierre-lavergne-v10_mod.txt,"Tréguier, France",48.7870,-3.2222
8,harmonics_utide_tidetables.txt,"Tréguier, France",48.7870,-3.2222
8,harmonics-2004-06-14_mod.txt,"Franklin River, British Columbia, Canada",49.1080,-124.8120
8,harmonics_utide_tidetables.txt,"Franklin River, British Columbia, Canada",49.1080,-124.8120
8,harmonics_utide_tidetables.txt,"Kingsbridge, England, United Kingdom",50.2769,-3.7723
8,harmonics_utide_tidetables.txt,"Lostwithiel, England, United Kingdom",50.4049,-4.6688
8,harmonics_utide_tidetables.txt,"Cotehele Quay, England, United Kingdom",50.4908,-4.2235
8,harmonics_utide_tidetables.txt,"Wadebridge, England, United Kingdom",50.5169,-4.8351
8,harmonics-2004-06-14_mod.txt,"Sullivan Bay, British Columbia, Canada",50.8833,-126.0833
8,harmonics_utide_tidetables.txt,"Barnstaple, England, United Kingdom",51.0800,-4.0646
8,harmonics_utide_tidetables.txt,"Sea Mills, England, United Kingdom",51.4803,-2.6499
8,harmonics_ticon4_worldwide.txt,"Deeneplaat, Netherlands",51.7396,4.7167
8,harmonics_utide_tidetables.txt,"Black Tar, Wales, United Kingdom",51.7482,-4.8994
8,harmonics_ticon4_worldwide.txt,"'s-Gravendeel (Dordtsche Kil), Netherlands",51.7792,4.6259
8,harmonics_ticon4_worldwide.txt,"Simonshaven (Spui), Netherlands",51.8101,4.3079
8,harmonics_utide_tidetables.txt,"Carmarthen, Wales, United Kingdom",51.8540,-4.3102
8,harmonics_utide_tidetables.txt,"Colchester, England, United Kingdom",51.8782,0.9323
8,harmonics_utide_observations.txt,"Hartelkanaal, Kuwait Petroleum, Netherlands",51.9303,4.1631
8,harmonics-pierre-lavergne-v10_mod.txt,"Nieuwe Waterweg, Netherlands, Current",51.9409,4.1842
8,harmonics_utide_tidetables.txt,"Iken Cliffs, England, United Kingdom",52.1512,1.5106
8,harmonics_utide_tidetables.txt,"Waterford, Ireland",52.2616,-7.1068
8,harmonics_utide_tidetables.txt,"Kilmokea Point, Ireland",52.2964,-7.0158
8,harmonics_utide_tidetables.txt,"King's Lynn, England, United Kingdom",52.7514,0.3933
8,harmonics_utide_tidetables.txt,"Port Sutton Bridge, England, United Kingdom",52.7669,0.1949
8,harmonics_utide_tidetables.txt,"Boston, England, England, United Kingdom",52.9665,-0.0232
8,harmonics_noaa_eutt.txt,"Boston, United Kingdom",52.9667,-0.0167
8,harmonics_utide_tidetables.txt,"Fiddler's Ferry, England, United Kingdom",53.3731,-2.6611
8,harmonics_utide_observations.txt,"Buxtehude (Este), Germany",53.4804,9.7034
8,harmonics_utide_observations.txt,"Horneburg (Lühe), Germany",53.5123,9.5911
8,harmonics_utide_tidetables.txt,"Burton Stather, England, United Kingdom",53.6549,-0.6940
8,harmonics-2004-06-14_mod.txt,"Ecstall River, British Columbia, Canada",54.0000,-129.7667
8,harmonics_utide_tidetables.txt,"Tees (Newport) Bridge, England, United Kingdom",54.5667,-1.2667
8,harmonics_utide_tidetables.txt,"Coleraine, Northern Ireland, United Kingdom",55.1322,-6.6754
8,harmonics_utide_tidetables.txt,"Clydebank (Rothesay Dock), Scotland, United Kingdom",55.8934,-4.4031
8,harmonics_noaa_cptt.txt,"Cape Kryugera, Russia",56.0167,161.9500
8,harmonics_utide_tidetables.txt,"Ardchattan Point, Scotland, United Kingdom",56.4643,-5.2757
8,harmonics_ticon4_worldwide.txt,"Göteborg Tingstadstunneln, Sweden",57.7231,11.9870
8,harmonics-dwf-20251228-free.txt,"Levelock, Kvichak River, Alaska",59.1133,-156.8320
8,harmonics-dwf-20251228-free.txt,"Kipnuk, Kugkaktlik River, Yukon Delta, Alaska",59.9432,-164.0434
8,harmonics-dwf-20251228-free.txt,"Alakanuk, Yukon River, Alaska",62.6872,-164.6669
8,harmonics-dwf-20251228-free.txt,"Kotlik, Kotlik River, Norton Sound, Alaska",63.0379,-163.5265
8,harmonics_noaa_eutt.txt,"Murmansk, Russia",68.9833,33.0667
8,harmonics-2004-06-14_mod.txt,"Refuge Harbour, Nunavut, Canada",70.8667,-71.0167
8,harmonics_noaa_cptt.txt,"Omoloi River entrance, Russia",71.2333,132.1667
8,harmonics_noaa_eutt.txt,"Nekhvatovo River, Russia",71.3000,53.6667
8,harmonics-2004-06-14_mod.txt,"Cape Southwest, Nunavut, Canada",78.2167,-91.0833
