station,lat,lon,jahr,satz,datei,abstand_m,n,rms_m,max_m,zeit_min,hoehe_off_m,hub_m,reihe,eigen,ausserhalb
316_Acapulco.csv,16.8406,-99.9090,2011,"Acapulco (Puerto), Guerrero, Mexico",harmonics_ticon4_worldwide.txt,0,8761,0.0663,0.256,0,-0.031,1.119,Mexico_UHSLC,1,nein
316_Acapulco.csv,16.8406,-99.9090,2011,"Acapulco, Guerrero, Mexico",harmonics_utide_observations.txt,0,8761,0.0591,0.241,0,-0.031,1.129,Mexico_UHSLC,0,nein
316_Acapulco.csv,16.8406,-99.9090,2011,"Acapulco, Guerrero, Mexico",harmonics_noaa_amtt.txt,1153,8751,0.1916,0.61,-720,0.666,0.98,Mexico_UHSLC,0,nein
316_Acapulco.csv,16.8420,-99.8520,2011,"Acapulco (Icacos), Guerrero, Mexico",harmonics_ticon4_worldwide.txt,0,8761,0.0627,0.229,0,-0.031,1.171,Mexico_UHSLC,1,nein
907_Akyab_Sittwe.csv,20.1405,92.9034,2018,"Sittwe (Akyab), Myanmar",harmonics_ticon4_worldwide.txt,0,6898,0.0874,0.386,0,0.033,3.215,IndianOcean_UHSLC_BD_MM_MG_MZ,1,nein
907_Akyab_Sittwe.csv,20.1405,92.9034,2018,"Sittwe (Akyab), Myanmar",harmonics_utide_observations.txt,0,6898,0.087,0.338,0,0.031,3.238,IndianOcean_UHSLC_BD_MM_MG_MZ,0,nein
907_Akyab_Sittwe.csv,20.1405,92.9034,2018,"Sittwe (Akyab), Myanmar",harmonics_utide_tidetables.txt,0,6898,0.0998,0.437,0,2.112,3.33,IndianOcean_UHSLC_BD_MM_MG_MZ,0,nein
133_Ambon.csv,-3.7000,128.2000,2026,"Ambon, Maluku, Indonesia",harmonics_ticon4_worldwide.txt,0,4078,0.0843,0.296,-10,0.085,2.481,Indonesia_UHSLC,1,nein
133_Ambon.csv,-3.7000,128.2000,2026,"Ambon, Maluku, Indonesia",harmonics_utide_observations.txt,0,4078,0.0772,0.313,-10,0.083,2.508,Indonesia_UHSLC,0,nein
133_Ambon.csv,-3.7000,128.2000,2026,"Ambon, Indonesia",harmonics_att_np203_scs.txt,2623,4078,0.1496,0.479,0,0.596,2.252,Indonesia_UHSLC,0,nein
70_Auckland.csv,-36.8429,174.7669,1988,"Auckland, New Zealand",harmonics_ticon4_worldwide.txt,0,8761,0.0986,0.489,0,-0.026,3.472,New_Zealand_UHSLC,1,nein
70_Auckland.csv,-36.8429,174.7669,1988,"Auckland (Queens Wharf), New Zealand",harmonics_utide_observations.txt,0,8761,0.0969,0.471,0,-0.026,3.447,New_Zealand_UHSLC,0,nein
70_Auckland.csv,-36.8429,174.7669,1988,"Westhaven Inlet, New Zealand",harmonics_utide_tidetables.txt,1826,8761,0.1149,0.571,-10,1.793,3.372,New_Zealand_UHSLC,0,nein
70_Auckland.csv,-36.8429,174.7669,1988,"Devonport Naval Base, New Zealand",harmonics_utide_tidetables.txt,2155,8761,0.1182,0.597,-10,1.793,3.303,New_Zealand_UHSLC,0,nein
310_Bahia_de_los_Angeles.csv,28.9479,-113.5572,1994,"Bahía de los Ángeles, Baja California, Mexico",harmonics_ticon4_worldwide.txt,0,8177,0.0575,0.242,0,1.581,3.476,Mexico_UHSLC,1,nein
310_Bahia_de_los_Angeles.csv,28.9479,-113.5572,1994,"Bahia de los Angeles, Baja California, Mexico",harmonics_utide_observations.txt,0,8177,0.052,0.2,0,-0.021,3.464,Mexico_UHSLC,0,nein
302_panama.csv,8.9650,-79.5718,2018,"Balboa, Panama",harmonics_ticon4_worldwide.txt,0,8761,0.1331,0.532,0,0.011,6.179,Panama_UHSLC,1,nein
302_panama.csv,8.9650,-79.5718,2018,"Balboa, Panama",harmonics_utide_observations.txt,0,8761,0.1148,0.442,0,0.011,6.46,Panama_UHSLC,0,nein
163_Benoa.csv,-8.7450,115.2100,2026,"Benoa, Bali, Indonesia",harmonics_ticon4_worldwide.txt,0,8576,0.0948,0.291,0,0.108,3.186,Indonesia_UHSLC,1,nein
163_Benoa.csv,-8.7450,115.2100,2026,"Benoa, Bali, Indonesia",harmonics_utide_observations.txt,0,8576,0.0872,0.26,0,0.108,3.22,Indonesia_UHSLC,0,nein
163_Benoa.csv,-8.7450,115.2100,2026,"Benoa, Indonesia",harmonics_att_np203_scs.txt,923,8576,0.1533,0.529,10,-0.216,2.812,Indonesia_UHSLC,0,nein
33_Bitung.csv,1.4388,125.1903,2026,"Bitung (Lembeh Strait), Sulawesi, Indonesia",harmonics_ticon4_worldwide.txt,0,8433,0.0477,0.241,0,0.169,1.776,Indonesia_UHSLC,1,nein
33_Bitung.csv,1.4388,125.1903,2026,"Bitung (Lembeh Strait), Sulawesi, Indonesia",harmonics_utide_observations.txt,95,8433,0.0395,0.227,0,0.168,1.805,Indonesia_UHSLC,0,nein
33_Bitung.csv,1.4388,125.1903,2026,"Bitung, Indonesia",harmonics_att_np203_scs.txt,1240,8433,0.0904,0.375,10,0.531,1.762,Indonesia_UHSLC,0,nein
72_Bluff.csv,-46.5977,168.3454,2026,"Bluff, Southland, New Zealand",harmonics-2004-06-14_mod.txt,0,8712,0.1447,0.55,0,0.25,2.688,New_Zealand_UHSLC,0,nein
72_Bluff.csv,-46.5977,168.3454,2026,"Bluff, Southland, New Zealand",harmonics_ticon4_worldwide.txt,0,8712,0.1482,0.548,0,0.044,2.583,New_Zealand_UHSLC,1,nein
72_Bluff.csv,-46.5977,168.3454,2026,"Bluff, Southland, New Zealand",harmonics_utide_observations.txt,0,8712,0.1471,0.551,0,0.044,2.569,New_Zealand_UHSLC,0,nein
72_Bluff.csv,-46.5977,168.3454,2026,"Stirling Point, New Zealand",harmonics_utide_tidetables.txt,1893,8712,0.1788,0.673,-30,1.856,2.97,New_Zealand_UHSLC,0,nein
72_Bluff.csv,-46.5977,168.3454,2026,"Davey Shoal, New Zealand",harmonics_utide_tidetables.txt,1946,8712,0.1796,0.679,-30,1.856,2.972,New_Zealand_UHSLC,0,nein
BonanzaTG.csv,36.8024,-6.3381,2024,"Sanlúcar de Barrameda (Bonanza / Guadalquivir), Spain",harmonics_ticon4_worldwide.txt,0,8667,0.1025,0.598,0,1.796,3.306,Portugal_CMEMS,1,nein
BonanzaTG.csv,36.8024,-6.3381,2024,"Sanlúcar de Barrameda (Bonanza / Guadalquivir), Spain",harmonics_puertos_spain.txt,5,8667,0.1129,0.563,0,0.301,3.254,Portugal_CMEMS,0,nein
BonanzaTG.csv,36.8024,-6.3381,2024,"Sanlúcar, Río Guadalquivir, Spain",harmonics_noaa_eutt.txt,2373,8667,0.1976,0.778,10,0.028,3.184,Portugal_CMEMS,0,nein
285_Buenos_Aires.csv,-34.5609,-58.3988,1961,"Buenos Aires (Muelle de Pescadores), Buenos Aires, Argentina",harmonics_ticon4_worldwide.txt,0,8761,0.497,2.328,-10,0.078,1.366,Argentina_UHSLC,1,nein
285_Buenos_Aires.csv,-34.5609,-58.3988,1961,"Buenos Aires (Muelle de Pescadores), Buenos Aires, Argentina",harmonics_utide_tidetables.txt,9,8761,0.4965,2.302,30,0.085,1.34,Argentina_UHSLC,0,nein
uhslc_878.csv,12.1870,-69.0200,2026,"Bullenbaai, Curaçao",harmonics_ticon4_worldwide.txt,0,8073,0.0425,0.334,0,0.009,0.594,ABC_UHSLC,1,nein
uhslc_878.csv,12.1870,-69.0200,2026,"Bullen Bay, Curaçao",harmonics_utide_observations.txt,0,8073,0.0415,0.315,0,0.009,0.603,ABC_UHSLC,0,nein
34_Cabo_San_Lucas.csv,22.8800,-109.9080,2014,"Cabo San Lucas, Baja California Sur, Mexico",harmonics_ticon4_worldwide.txt,0,8760,0.0544,0.204,0,0.009,2.075,Mexico_UHSLC,1,nein
34_Cabo_San_Lucas.csv,22.8800,-109.9080,2014,"Cabo San Lucas, Baja California Sur, Mexico",harmonics_utide_observations.txt,0,8760,0.0526,0.194,0,0.009,2.161,Mexico_UHSLC,0,nein
379_Cebu.csv,10.3005,123.9161,2014,"Cebu, Philippines",harmonics_ticon4_worldwide.txt,0,8636,0.0899,0.408,0,-0.009,2.378,Philippines_UHSLC,1,nein
379_Cebu.csv,10.3005,123.9161,2014,"Cebu, Philippines",harmonics_utide_observations.txt,113,8636,0.0841,0.381,0,-0.009,2.464,Philippines_UHSLC,0,nein
305_Isla_de_Cedros.csv,28.0960,-115.1831,1989,"Isla de Cedros, Baja California, Mexico",harmonics_ticon4_worldwide.txt,0,7070,0.066,0.356,0,-0.012,2.703,Mexico_UHSLC,1,nein
305_Isla_de_Cedros.csv,28.0960,-115.1831,1989,"Isla de Cedros, Baja California, Mexico",harmonics_utide_observations.txt,0,7070,0.0565,0.313,0,-0.012,2.722,Mexico_UHSLC,0,nein
138_Charchanga.csv,22.2259,91.0654,2000,"Charchenga (Hatiya Island), Bangladesh",harmonics_ticon4_worldwide.txt,0,8710,0.2851,1.431,-10,0.044,4.258,IndianOcean_UHSLC_BD_MM_MG_MZ,1,nein
138_Charchanga.csv,22.2259,91.0654,2000,"Charchenga (Hatiya Island), Bangladesh",harmonics_utide_observations.txt,0,8710,0.2771,1.417,-10,0.045,4.316,IndianOcean_UHSLC_BD_MM_MG_MZ,0,nein
79_Chatham_Island.csv,-43.9463,-176.5612,2016,"Waitangi, Chatham Island, New Zealand",harmonics_ticon4_worldwide.txt,0,8761,0.1009,0.423,0,0.051,1.004,New_Zealand_UHSLC,1,nein
79_Chatham_Island.csv,-43.9463,-176.5612,2016,"Waitangi, Chatham Islands, New Zealand",harmonics_utide_observations.txt,0,8761,0.0995,0.429,0,0.052,0.992,New_Zealand_UHSLC,0,nein
79_Chatham_Island.csv,-43.9463,-176.5612,2016,"Waitangi, Chatham Island, New Zealand",harmonics_utide_tidetables.txt,0,8761,0.1118,0.457,0,1.938,0.892,New_Zealand_UHSLC,0,nein
170_Christmas_Island.csv,-10.4170,105.6670,2026,"Christmas Island, Australia",harmonics_ticon4_worldwide.txt,0,8662,0.0969,0.426,0,0.078,1.851,Australia_UHSLC,1,nein
170_Christmas_Island.csv,-10.4170,105.6670,2026,"Christmas Island, Australia",harmonics_utide_observations.txt,0,8662,0.0931,0.421,0,0.078,1.894,Australia_UHSLC,0,nein
170_Christmas_Island.csv,-10.4170,105.6670,2026,"Christmas Island, Australia",harmonics_att_np203_scs.txt,40,8662,0.1105,0.482,0,0.116,1.533,Australia_UHSLC,0,nein
162_Cilacap.csv,-7.7520,109.0170,2026,"Cilacap, Java, Indonesia",harmonics_ticon4_worldwide.txt,0,8742,0.0988,0.277,0,0.167,2.226,Indonesia_UHSLC,1,nein
162_Cilacap.csv,-7.7520,109.0170,2026,"Cilacap, Java, Indonesia",harmonics_utide_observations.txt,0,8742,0.1029,0.31,0,0.167,2.321,Indonesia_UHSLC,0,nein
162_Cilacap.csv,-7.7520,109.0170,2026,"Cilacap (Tjillatjap), Indonesia",harmonics_att_np203_scs.txt,2799,8742,0.1285,0.395,20,2.542,2.126,Indonesia_UHSLC,0,nein
779_Ciudad_del_Carmen.csv,18.6432,-91.8433,1991,"Ciudad del Carmen (Faro Atalaya), Campeche, Mexico",harmonics_ticon4_worldwide.txt,0,8016,0.1396,0.55,-180,0.125,0.789,Mexico_UHSLC,1,nein
779_Ciudad_del_Carmen.csv,18.6432,-91.8433,1991,"Ciudad Del Carmen (Sector Naval), Campeche, Mexico",harmonics_ticon4_worldwide.txt,1754,8016,0.14,0.547,-180,0.124,0.78,Mexico_UHSLC,0,nein
779_Ciudad_del_Carmen.csv,18.6432,-91.8433,1991,"Ciudad Del Carmen (Sector Naval), Campeche, Mexico",harmonics_utide_observations.txt,1754,8016,0.1363,0.544,-170,0.124,0.79,Mexico_UHSLC,0,nein
392_cr.csv,5.5570,-87.0480,2026,"Cocos Island, Costa Rica",harmonics_ticon4_worldwide.txt,0,7577,0.0703,1.05,0,0.022,3.215,CostaRica_UHSLC,1,nein
392_cr.csv,5.5570,-87.0480,2026,"Cocos Island, Costa Rica",harmonics_utide_observations.txt,0,7577,0.0689,1.058,0,0.023,3.226,CostaRica_UHSLC,0,nein
136_Coxs_Bazaar.csv,21.4511,91.9695,2006,"Cox's Bazar, Bangladesh",harmonics_att_np203_scs.txt,0,8761,0.4065,1.707,-20,0.046,3.889,IndianOcean_UHSLC_BD_MM_MG_MZ,0,nein
136_Coxs_Bazaar.csv,21.4511,91.9695,2006,"Cox's Bazar, Bangladesh",harmonics_ticon4_worldwide.txt,0,8761,0.2519,1.094,0,-0.035,3.823,IndianOcean_UHSLC_BD_MM_MG_MZ,1,nein
136_Coxs_Bazaar.csv,21.4511,91.9695,2006,"Cox's Bazaar, Bangladesh",harmonics_utide_observations.txt,0,8761,0.2444,0.996,0,-0.035,3.75,IndianOcean_UHSLC_BD_MM_MG_MZ,0,nein
266_panama.csv,9.3552,-79.9147,2014,"Colón, Panama",harmonics_ticon4_worldwide.txt,0,8710,0.0514,0.228,0,0.036,0.507,Panama_UHSLC,1,nein
266_panama.csv,9.3552,-79.9147,2014,"Cristobal, Panama",harmonics_utide_observations.txt,0,8710,0.0494,0.216,0,0.036,0.505,Panama_UHSLC,0,nein
654_Currimao.csv,17.9880,120.4880,2026,"Currimao, Philippines",harmonics_ticon4_worldwide.txt,0,6229,0.1085,0.637,0,-0.045,1.321,Philippines_UHSLC,1,nein
654_Currimao.csv,17.9880,120.4880,2026,"Currimao, Philippines",harmonics_utide_observations.txt,0,6229,0.1044,0.653,0,-0.044,1.352,Philippines_UHSLC,0,nein
102_Dar_es_Salaam.csv,-6.8208,39.2889,1990,"Dar Es Salaam, Tanzania",harmonics_ticon4_worldwide.txt,0,8023,0.0836,0.346,-10,-0.016,4.26,EastAfrica_UHSLC_TZ_KE,1,nein
102_Dar_es_Salaam.csv,-6.8208,39.2889,1990,"Dar es Salaam, Tanzania",harmonics_utide_observations.txt,0,8023,0.0771,0.305,0,-0.016,4.278,EastAfrica_UHSLC_TZ_KE,0,nein
372_Davao.csv,7.0830,125.6330,2026,"Davao, Philippines",harmonics_ticon4_worldwide.txt,0,8745,0.0695,1.932,0,0.107,2.297,Philippines_UHSLC,1,nein
372_Davao.csv,7.0830,125.6330,2026,"Davao, Philippines",harmonics_utide_observations.txt,0,8745,0.067,1.916,0,0.107,2.339,Philippines_UHSLC,0,nein
739_panama.csv,9.5582,-78.9492,2026,"El Porvenir, Panama",harmonics_ticon4_worldwide.txt,0,8739,0.0466,0.197,0,0.032,0.596,Panama_UHSLC,1,nein
739_panama.csv,9.5582,-78.9492,2026,"El Porvenir, Panama",harmonics_utide_observations.txt,0,8739,0.0461,0.204,0,0.032,0.602,Panama_UHSLC,0,nein
317_Ensenada.csv,31.8483,-116.6178,2009,"Ensenada, Baja California, Mexico",harmonics_ticon4_worldwide.txt,0,8331,0.0514,0.209,-10,-0.032,2.656,Mexico_UHSLC,1,nein
317_Ensenada.csv,31.8483,-116.6178,2009,"Ensenada, Baja California, Mexico",harmonics_utide_observations.txt,0,8331,0.0423,0.249,0,-0.031,2.783,Mexico_UHSLC,0,nein
317_Ensenada.csv,31.8483,-116.6178,2009,"Ensenada, Todos Santos Bay, Baja California, Mexico",harmonics_noaa_amtt.txt,1476,8331,0.1491,0.439,0,0.766,2.853,Mexico_UHSLC,0,nein
601_Esperanza.csv,-63.3950,-56.9950,2005,"Esperanza (Hope Bay, Antarctica), Antártida Argentina, Argentina",harmonics_ticon4_worldwide.txt,0,5074,0.1857,1.641,0,-0.096,3.499,Argentina_UHSLC,1,nein
601_Esperanza.csv,-63.3950,-56.9950,2005,"Esperanza (Hope Bay, Antarctica), Antártida Argentina, Argentina",harmonics_utide_observations.txt,0,5074,0.1792,1.598,0,-0.087,3.679,Argentina_UHSLC,0,nein
601_Esperanza.csv,-63.3950,-56.9950,2005,"Base Esperanza (Bahía Esperanza), Antártida Argentina, Argentina",harmonics_utide_tidetables.txt,609,5074,0.198,1.628,0,1.668,3.502,Argentina_UHSLC,0,nein
07109_Esquimalt_Harbour_wlp.csv,48.4300,-123.4700,2025,"Esquimalt Lagoon, British Columbia, Canada",harmonics_ticon4_worldwide.txt,0,35036,0.4798,1.814,170,1.852,1.41,Canada_IWLS_BC,1,nein
07109_Esquimalt_Harbour_wlp.csv,48.4300,-123.4700,2025,"Esquimalt Harbour, British Columbia, Canada",harmonics_utide_tidetables.txt,1887,35040,0.0209,0.084,0,0.0,3.351,Canada_IWLS_BC,0,nein
07109_Esquimalt_Harbour_wlp.csv,48.4300,-123.4700,2025,"Esquimalt Government Hbr., British Columbia, Canada",harmonics_utide_tidetables.txt,2298,35040,0.0329,0.105,0,-0.03,3.355,Canada_IWLS_BC,0,nein
244_Gibara.csv,21.1170,-76.1170,1992,"Gibara, Cuba",harmonics_ticon4_worldwide.txt,0,8761,0.068,0.295,-10,0.032,1.137,Caribbean_UHSLC_CubaJamaicaBahamas,1,nein
244_Gibara.csv,21.1170,-76.1170,1992,"Gibara, Cuba",harmonics_utide_observations.txt,0,8761,0.0672,0.294,-10,0.032,1.135,Caribbean_UHSLC_CubaJamaicaBahamas,0,nein
78_Gisborne.csv,-38.6830,178.0330,2024,"Gisborne, New Zealand",harmonics_ticon4_worldwide.txt,0,8615,0.1053,0.642,0,0.014,1.824,New_Zealand_UHSLC,1,nein
78_Gisborne.csv,-38.6830,178.0330,2024,"Gisborne, Gisborne, New Zealand",harmonics_utide_observations.txt,0,8615,0.1031,0.635,0,0.015,1.865,New_Zealand_UHSLC,0,nein
78_Gisborne.csv,-38.6830,178.0330,2024,"Sponge Bay, New Zealand",harmonics_utide_tidetables.txt,2398,8615,0.1149,0.664,0,1.291,1.817,New_Zealand_UHSLC,0,nein
36_Isla_Guadalupe.csv,28.8820,-118.2912,1985,"Isla Guadalupe, Baja California, Mexico",harmonics_ticon4_worldwide.txt,0,3062,0.0845,0.354,0,0.006,2.312,Mexico_UHSLC,1,nein
36_Isla_Guadalupe.csv,28.8820,-118.2912,1985,"Isla Guadalupe, Baja California, Mexico",harmonics_utide_observations.txt,0,3062,0.0783,0.299,0,0.007,2.352,Mexico_UHSLC,0,nein
251_Guantanamo_Bay.csv,19.9176,-75.1512,1997,"Guantanamo Bay (US Naval Base), Cuba",harmonics_ticon4_worldwide.txt,0,7297,0.0606,0.169,0,0.192,0.64,Caribbean_UHSLC_CubaJamaicaBahamas,1,nein
251_Guantanamo_Bay.csv,19.9176,-75.1512,1997,"Guantanamo Bay (US Naval Base), Cuba",harmonics_utide_observations.txt,0,7297,0.0601,0.166,0,0.193,0.648,Caribbean_UHSLC_CubaJamaicaBahamas,0,nein
397_Guaymas.csv,27.9211,-110.8819,1986,"Guaymas, Sonora, Mexico",harmonics_ticon4_worldwide.txt,0,8761,0.0768,0.403,0,0.035,1.711,Mexico_UHSLC,1,nein
397_Guaymas.csv,27.9211,-110.8819,1986,"Guaymas, Sonora, Mexico",harmonics_utide_observations.txt,0,8761,0.0742,0.393,0,0.036,1.76,Mexico_UHSLC,0,nein
134_Hiron_Point.csv,21.8174,89.4622,2003,"Hiron Point (Pasur River), Bangladesh",harmonics_ticon4_worldwide.txt,0,8761,0.137,0.648,-10,0.069,3.433,IndianOcean_UHSLC_BD_MM_MG_MZ,1,nein
134_Hiron_Point.csv,21.8174,89.4622,2003,"Hiron Point (Pasur River), Bangladesh",harmonics_utide_observations.txt,0,8761,0.1306,0.736,0,0.069,3.502,IndianOcean_UHSLC_BD_MM_MG_MZ,0,nein
900_Inhambane.csv,-23.8681,35.3767,2014,"Inhambane (Rio Matumba.), Mozambique",harmonics_ticon4_worldwide.txt,0,3543,0.0917,0.411,0,0.125,3.388,IndianOcean_UHSLC_BD_MM_MG_MZ,1,nein
900_Inhambane.csv,-23.8681,35.3767,2014,"Inhambane (Rio Matumba.), Mozambique",harmonics_att_np203_secondary.txt,20,3543,0.1432,0.533,10,4.392,3.271,IndianOcean_UHSLC_BD_MM_MG_MZ,0,nein
161_Jakarta.csv,-6.1068,106.8908,2004,"Jakarta (Port), Java, Indonesia",harmonics_ticon4_worldwide.txt,0,8533,0.1108,0.459,10,-0.003,1.322,Indonesia_UHSLC,1,nein
161_Jakarta.csv,-6.1068,106.8908,2004,"Tanjung Priok, Indonesia",harmonics_att_np203_scs.txt,2770,8533,0.1505,0.572,20,1.449,0.98,Indonesia_UHSLC,0,nein
373_Jolo.csv,6.0670,121.0000,1995,"Jolo, Philippines",harmonics_ticon4_worldwide.txt,0,6088,0.0766,0.234,-10,0.06,1.335,Philippines_UHSLC,1,nein
373_Jolo.csv,6.0670,121.0000,1995,"Jolo, Philippines",harmonics_utide_observations.txt,0,6088,0.0728,0.188,-10,0.059,1.401,Philippines_UHSLC,0,nein
139_Khepupara.csv,21.9844,90.2187,2000,"Khepupara, Bangladesh",harmonics_ticon4_worldwide.txt,0,8097,0.2519,1.356,-10,0.111,3.771,IndianOcean_UHSLC_BD_MM_MG_MZ,1,nein
139_Khepupara.csv,21.9844,90.2187,2000,"Khepupara, Bangladesh",harmonics_utide_observations.txt,0,8097,0.236,1.336,-20,0.112,3.848,IndianOcean_UHSLC_BD_MM_MG_MZ,0,nein
671_La_Paz.csv,24.1519,-110.3314,1983,"La Paz (Cuarta Zona Naval), Baja California Sur, Mexico",harmonics_ticon4_worldwide.txt,0,5784,0.0836,0.24,0,0.085,1.817,Mexico_UHSLC,1,nein
671_La_Paz.csv,24.1519,-110.3314,1983,"La Paz (Cuarta Zona Naval), Baja California Sur, Mexico",harmonics_utide_observations.txt,5,5784,0.0787,0.262,0,0.085,1.856,Mexico_UHSLC,0,nein
149_Lamu.csv,-2.2674,40.9027,2018,"Lamu, Kenya",harmonics_ticon4_worldwide.txt,0,8761,0.0592,0.279,0,-0.005,3.747,EastAfrica_UHSLC_TZ_KE,1,nein
149_Lamu.csv,-2.2674,40.9027,2018,"Lamu, Kenya",harmonics_utide_observations.txt,0,8761,0.0541,0.278,0,-0.005,3.784,EastAfrica_UHSLC_TZ_KE,0,nein
371_Legaspi.csv,13.1461,123.7580,2026,"Legaspi, Philippines",harmonics_ticon4_worldwide.txt,0,8131,0.0562,0.549,0,0.234,2.2,Philippines_UHSLC,1,nein
371_Legaspi.csv,13.1461,123.7580,2026,"Legaspi, Philippines",harmonics_utide_observations.txt,0,8131,0.0552,0.548,0,0.234,2.252,Philippines_UHSLC,0,nein
371_Legaspi.csv,13.1461,123.7580,2026,"Legaspi, Philippines",harmonics_att_np203_scs.txt,969,8131,0.0832,0.459,0,1.527,2.03,Philippines_UHSLC,0,nein
LeixoesTG.csv,41.1867,-8.7045,2024,"Porto de Leixoes (Matosinhos), Portugal",harmonics_ticon4_worldwide.txt,0,7380,0.1196,0.55,0,2.285,3.774,Portugal_CMEMS,1,nein
LeixoesTG.csv,41.1867,-8.7045,2024,"Porto de Leixões (Matosinhos), Portugal",harmonics_noaa_eutt.txt,0,7380,0.169,0.654,0,0.265,3.542,Portugal_CMEMS,0,nein
LeixoesTG.csv,41.1867,-8.7045,2024,"Porto de Leixoes (Matosinhos), Portugal",harmonics_utide_observations.txt,0,7380,0.1174,0.535,0,2.285,3.889,Portugal_CMEMS,0,nein
419_Lembar.csv,-8.7308,116.0721,2026,"Pelabuhan Lembar, Lombok, Indonesia",harmonics_ticon4_worldwide.txt,0,2967,0.0749,0.257,10,0.136,2.127,Indonesia_UHSLC,1,nein
419_Lembar.csv,-8.7308,116.0721,2026,"Lembar, Lombok, Indonesia",harmonics_utide_observations.txt,134,2967,0.0658,0.243,10,0.13,2.193,Indonesia_UHSLC,0,nein
419_Lembar.csv,-8.7308,116.0721,2026,"Teluk Labuhantereng (Labuan Tring), Indonesia",harmonics_att_np203_scs.txt,2891,2967,0.1374,0.392,-40,1.754,1.936,Indonesia_UHSLC,0,nein
268_cr.csv,10.0000,-83.0330,2026,"Limon, Costa Rica",harmonics_ticon4_worldwide.txt,0,8745,0.0419,0.132,0,0.031,0.601,CostaRica_UHSLC,1,nein
268_cr.csv,10.0000,-83.0330,2026,"Limon, Costa Rica",harmonics_utide_observations.txt,0,8745,0.0412,0.135,0,0.03,0.607,CostaRica_UHSLC,0,nein
655_Lubang.csv,13.8160,120.2018,2026,"Tilik, Lubang, Philippines",harmonics_ticon4_worldwide.txt,0,8676,0.0518,0.268,0,0.081,1.863,Philippines_UHSLC,1,nein
655_Lubang.csv,13.8160,120.2018,2026,"Tilik, Lubang, Philippines",harmonics_utide_observations.txt,0,8676,0.0427,0.215,0,0.081,1.887,Philippines_UHSLC,0,nein
655_Lubang.csv,13.8160,120.2018,2026,"Port Tilig (Lubang Island), Occidental Mindoro, Philippines",harmonics_att_np203_scs.txt,209,8676,0.1324,0.481,-10,0.501,1.742,Philippines_UHSLC,0,nein
655_Lubang.csv,13.8160,120.2018,2026,"Port Tilig (Lubang Island), Occidental Mindoro, Philippines",harmonics_noaa_cptt.txt,209,8676,0.0834,0.37,0,0.483,2.177,Philippines_UHSLC,0,nein
667_Lyttelton.csv,-43.6056,172.7219,2024,"Lyttelton, New Zealand",harmonics_ticon4_worldwide.txt,0,8606,0.1206,0.447,0,0.022,2.455,New_Zealand_UHSLC,1,nein
667_Lyttelton.csv,-43.6056,172.7219,2024,"Lyttelton, Canterbury, New Zealand",harmonics_utide_observations.txt,0,8606,0.119,0.45,0,0.022,2.447,New_Zealand_UHSLC,0,nein
667_Lyttelton.csv,-43.6056,172.7219,2024,"Lyttelton, Canterbury, New Zealand",harmonics_noaa_cptt.txt,1303,8606,0.1637,0.592,10,0.544,2.69,New_Zealand_UHSLC,0,nein
370_Manila.csv,14.5850,120.9680,2026,"Manila, Philippines",harmonics_ticon4_worldwide.txt,0,8748,0.0831,0.405,0,-0.387,1.994,Philippines_UHSLC,1,nein
370_Manila.csv,14.5850,120.9680,2026,"Manila, Philippines",harmonics_utide_observations.txt,0,8748,0.076,0.348,0,-0.387,2.031,Philippines_UHSLC,0,nein
395_Manzanillo.csv,19.0556,-104.3178,2013,"Manzanillo, Colima, Mexico",harmonics_ticon4_worldwide.txt,0,8594,0.0658,0.271,0,0.013,1.297,Mexico_UHSLC,1,nein
395_Manzanillo.csv,19.0556,-104.3178,2013,"Manzanillo, Colima, Mexico",harmonics_utide_observations.txt,0,8594,0.065,0.24,0,0.014,1.394,Mexico_UHSLC,0,nein
190_Maputo.csv,-25.9757,32.5695,1986,"Maputo, Mozambique",harmonics_ticon4_worldwide.txt,0,7665,0.1141,0.634,0,-0.014,3.572,IndianOcean_UHSLC_BD_MM_MG_MZ,1,nein
190_Maputo.csv,-25.9757,32.5695,1986,"Maputo, Mozambique",harmonics_utide_observations.txt,0,7665,0.1115,0.676,0,-0.013,3.614,IndianOcean_UHSLC_BD_MM_MG_MZ,0,nein
729_Mar_del_Plata.csv,-38.0358,-57.5315,2026,"Mar del Plata, Buenos Aires, Argentina",harmonics_ticon4_worldwide.txt,0,7770,0.364,3.626,0,0.013,1.749,Argentina_UHSLC,1,nein
729_Mar_del_Plata.csv,-38.0358,-57.5315,2026,"Puerto Mar del Plata, Buenos Aires, Argentina",harmonics_utide_tidetables.txt,9,7770,0.3643,3.566,0,2.318,1.757,Argentina_UHSLC,0,nein
729_Mar_del_Plata.csv,-38.0358,-57.5315,2026,"Mar del Plata, Buenos Aires, Argentina",harmonics_utide_observations.txt,34,7770,0.3608,3.546,0,0.013,1.758,Argentina_UHSLC,0,nein
729_Mar_del_Plata.csv,-38.0358,-57.5315,2026,"Mar del Plata, Buenos Aires, Argentina",harmonics_noaa_amtt.txt,2262,7770,0.3766,3.365,-20,2.333,1.794,Argentina_UHSLC,0,nein
398_Marsden_Point.csv,-35.8346,174.4902,2024,"Marsden Point, Northland, New Zealand",harmonics_ticon4_worldwide.txt,0,8758,0.0789,0.318,0,-0.021,2.767,New_Zealand_UHSLC,1,nein
398_Marsden_Point.csv,-35.8346,174.4902,2024,"Marsden Point, Northland, New Zealand",harmonics_utide_observations.txt,0,8758,0.0765,0.309,0,-0.022,2.768,New_Zealand_UHSLC,0,nein
398_Marsden_Point.csv,-35.8346,174.4902,2024,"Whangarei Heads, Northland, New Zealand",harmonics_noaa_cptt.txt,2178,8758,0.1104,0.383,10,0.248,2.606,New_Zealand_UHSLC,0,nein
masirah_113.csv,20.6870,58.8720,2019,"Ras Hilf (Masirah Island), Oman",harmonics_ticon4_worldwide.txt,0,4447,0.0925,0.459,0,0.047,2.856,UHSLC_Oman,1,nein
masirah_113.csv,20.6870,58.8720,2019,"Ras Hilf (Masirah Island), Oman",harmonics_utide_observations.txt,0,4447,0.0859,0.518,0,0.047,2.989,UHSLC_Oman,0,nein
914_Meulaboh.csv,4.1272,96.1318,2016,"Meulaboh, Sumatra, Indonesia",harmonics_ticon4_worldwide.txt,0,6756,0.0924,0.521,0,0.009,0.886,Indonesia_UHSLC,1,nein
914_Meulaboh.csv,4.1272,96.1318,2016,"Meulaboh, Sumatra, Indonesia",harmonics_utide_observations.txt,0,6756,0.0922,0.526,0,0.009,0.9,Indonesia_UHSLC,0,nein
914_Meulaboh.csv,4.1272,96.1318,2016,"Meulaboh, Indonesia",harmonics_att_np203_scs.txt,698,6756,0.1338,0.61,-10,1.571,0.505,Indonesia_UHSLC,0,nein
914_Meulaboh.csv,4.1272,96.1318,2016,"Meulaboh, Sumatra, Indonesia",harmonics_noaa_cptt.txt,698,6756,0.1138,0.607,-10,1.561,0.607,Indonesia_UHSLC,0,nein
101_Mombasa.csv,-4.0701,39.6573,2018,"Mombasa (Kilindini Harbour), Kenya",harmonics_ticon4_worldwide.txt,0,8735,0.0486,0.193,0,1.11,3.906,EastAfrica_UHSLC_TZ_KE,1,nein
101_Mombasa.csv,-4.0701,39.6573,2018,"Mombasa (Kilindini Harbour), Kenya",harmonics-1997-05-25_mod.txt,11,8735,0.0737,0.279,0,1.11,3.997,EastAfrica_UHSLC_TZ_KE,0,nein
101_Mombasa.csv,-4.0701,39.6573,2018,"Mombasa (Kilindini Harbour), Kenya",harmonics_utide_observations.txt,35,8735,0.0441,0.173,0,0.016,3.941,EastAfrica_UHSLC_TZ_KE,0,nein
906_Moulmein.csv,16.4830,97.6180,2018,"Mawlamyaing (Thanlwin River), Myanmar",harmonics_ticon4_worldwide.txt,0,8720,0.2664,1.195,0,0.082,5.969,IndianOcean_UHSLC_BD_MM_MG_MZ,1,nein
906_Moulmein.csv,16.4830,97.6180,2018,"Mawlamyaing (Thanlwin River), Myanmar",harmonics_utide_observations.txt,0,8720,0.2318,0.988,0,0.082,5.785,IndianOcean_UHSLC_BD_MM_MG_MZ,0,nein
muscat_110.csv,23.6280,58.5650,2021,"Muscat (Sultan Qaboos Port), Oman",harmonics_ticon4_worldwide.txt,0,8576,0.061,0.226,0,0.024,3.122,UHSLC_Oman,1,nein
muscat_110.csv,23.6280,58.5650,2021,"Muscat (Sultan Qaboos Port), Oman",harmonics_utide_observations.txt,0,8576,0.0535,0.178,0,0.024,3.126,UHSLC_Oman,0,nein
668_Napier.csv,-39.4830,176.9170,2024,"Napier, New Zealand",harmonics_ticon4_worldwide.txt,0,8756,0.0932,0.479,0,0.027,1.929,New_Zealand_UHSLC,1,nein
668_Napier.csv,-39.4830,176.9170,2024,"Napier, Hawke's Bay, New Zealand",harmonics_utide_observations.txt,0,8756,0.0915,0.464,0,0.027,1.942,New_Zealand_UHSLC,0,nein
668_Napier.csv,-39.4830,176.9170,2024,"Napier, Gisborne, New Zealand",harmonics_noaa_cptt.txt,42,8756,0.108,0.513,20,0.152,1.999,New_Zealand_UHSLC,0,nein
NazareTG.csv,39.5860,-9.0740,2024,"Nazaré, Portugal",harmonics_ticon4_worldwide.txt,0,8464,0.0895,0.449,0,2.241,3.615,Portugal_CMEMS,1,nein
NazareTG.csv,39.5860,-9.0740,2024,"Nazaré, Portugal",harmonics_utide_observations.txt,0,8464,0.0864,0.463,0,2.241,3.734,Portugal_CMEMS,0,nein
NazareTG.csv,39.5860,-9.0740,2024,"Nazaré (Baía de Pederneira), Portugal",harmonics_noaa_eutt.txt,534,8464,0.1672,0.616,10,0.351,3.338,Portugal_CMEMS,0,nein
77_Nelson.csv,-41.2618,173.2727,2024,"Nelson, New Zealand",harmonics_ticon4_worldwide.txt,0,7961,0.1055,0.487,0,0.0,4.527,New_Zealand_UHSLC,1,nein
77_Nelson.csv,-41.2618,173.2727,2024,"Nelson, Nelson, New Zealand",harmonics_utide_observations.txt,0,7961,0.099,0.487,0,-0.0,4.435,New_Zealand_UHSLC,0,nein
150_Nosy_Be.csv,-13.4080,48.2811,2014,"Andoany / Hell-Ville (Nosy Be), Madagascar",harmonics-1997-05-25_mod.txt,0,2542,0.0533,0.199,0,0.041,4.238,IndianOcean_UHSLC_BD_MM_MG_MZ,0,nein
150_Nosy_Be.csv,-13.4080,48.2811,2014,"Andoany / Hell-Ville (Nosy Be), Madagascar",harmonics_ticon4_worldwide.txt,0,2542,0.0511,0.16,0,0.128,4.157,IndianOcean_UHSLC_BD_MM_MG_MZ,1,nein
150_Nosy_Be.csv,-13.4080,48.2811,2014,"Andoany / Hell-Ville (Nosy Be), Madagascar",harmonics_utide_observations.txt,0,2542,0.0619,0.206,-10,0.092,4.146,IndianOcean_UHSLC_BD_MM_MG_MZ,0,nein
150_Nosy_Be.csv,-13.4080,48.2811,2014,"Andoany (Hellville), Madagascar",harmonics_att_np203_secondary.txt,11,2542,0.0856,0.255,0,0.003,4.157,IndianOcean_UHSLC_BD_MM_MG_MZ,0,nein
uhslc_235.csv,16.7500,-22.9830,2026,"Palmeira (Sal), Cape Verde",harmonics_att_np208_secondary.txt,0,8712,0.0665,0.194,20,0.751,1.289,CapeVerde_UHSLC,0,nein
uhslc_235.csv,16.7500,-22.9830,2026,"Palmeira (Sal), Cape Verde",harmonics_ticon4_worldwide.txt,0,8712,0.0326,0.123,0,0.007,1.157,CapeVerde_UHSLC,1,nein
uhslc_235.csv,16.7500,-22.9830,2026,"Palmeira (Sal), Cape Verde",harmonics_utide_observations.txt,0,8712,0.0314,0.125,0,0.007,1.186,CapeVerde_UHSLC,0,nein
PenicheTG.csv,39.3540,-9.3670,2024,"Peniche, Portugal",harmonics_ticon4_worldwide.txt,0,8044,0.1102,0.532,10,2.291,3.726,Portugal_CMEMS,1,nein
PenicheTG.csv,39.3540,-9.3670,2024,"Peniche, Portugal",harmonics_utide_observations.txt,0,8044,0.1074,0.561,10,2.291,3.857,Portugal_CMEMS,0,nein
669_Port_Chalmers.csv,-45.8147,170.6241,2024,"Port Chalmers, Otago, New Zealand",harmonics_ticon4_worldwide.txt,0,8761,0.1124,0.43,0,0.016,2.316,New_Zealand_UHSLC,1,nein
669_Port_Chalmers.csv,-45.8147,170.6241,2024,"Port Chalmers, Otago, New Zealand",harmonics_utide_observations.txt,0,8761,0.108,0.403,0,0.016,2.399,New_Zealand_UHSLC,0,nein
669_Port_Chalmers.csv,-45.8147,170.6241,2024,"Port Chalmers, Otago Harbor, Otago, New Zealand",harmonics_noaa_cptt.txt,2020,8761,0.1431,0.565,10,0.226,2.274,New_Zealand_UHSLC,0,nein
782_Port_Royal.csv,17.9348,-76.8447,1971,"Port Royal, Jamaica",harmonics_ticon4_worldwide.txt,0,8761,0.0743,0.218,0,0.041,0.462,Caribbean_UHSLC_CubaJamaicaBahamas,1,nein
782_Port_Royal.csv,17.9348,-76.8447,1971,"Port Royal, Jamaica",harmonics_utide_observations.txt,0,8761,0.0734,0.217,0,0.041,0.493,Caribbean_UHSLC_CubaJamaicaBahamas,0,nein
125_Prigi.csv,-8.2830,111.7330,2026,"Prigi, Java, Indonesia",harmonics_ticon4_worldwide.txt,0,8743,0.1117,0.317,0,0.149,2.84,Indonesia_UHSLC,1,nein
125_Prigi.csv,-8.2830,111.7330,2026,"Prigi, Java, Indonesia",harmonics_utide_observations.txt,0,8743,0.1072,0.303,0,0.149,2.862,Indonesia_UHSLC,0,nein
125_Prigi.csv,-8.2830,111.7330,2026,"Segoro Wedi Bay, Indonesia",harmonics_att_np203_scs.txt,2606,8743,0.2,0.575,10,0.378,2.159,Indonesia_UHSLC,0,nein
721_Progreso.csv,21.3030,-89.6662,2013,"Progreso, Yucatán, Mexico",harmonics_ticon4_worldwide.txt,0,8331,0.1001,0.398,0,4.254,0.964,Mexico_UHSLC,1,nein
721_Progreso.csv,21.3030,-89.6662,2013,"Progreso, Yucatan, Mexico",harmonics_utide_observations.txt,0,8329,0.1337,0.519,190,4.255,0.679,Mexico_UHSLC,0,nein
286_Puerto_Deseado.csv,-47.7536,-65.9147,2026,"Puerto Deseado, Santa Cruz, Argentina",harmonics_ticon4_worldwide.txt,0,8704,0.1751,0.781,0,0.017,5.596,Argentina_UHSLC,1,nein
286_Puerto_Deseado.csv,-47.7536,-65.9147,2026,"Puerto Deseado, Santa Cruz, Argentina",harmonics_utide_observations.txt,8,8704,0.1661,0.775,0,0.017,5.669,Argentina_UHSLC,0,nein
380_Puerto_Princesa.csv,9.7449,118.7358,2014,"Puerto Princesa, Palawan, Philippines",harmonics_ticon4_worldwide.txt,0,8694,0.0601,0.236,0,0.021,2.145,Philippines_UHSLC,1,nein
380_Puerto_Princesa.csv,9.7449,118.7358,2014,"Puerto Princesa, Philippines",harmonics_utide_observations.txt,25,8694,0.052,0.202,0,0.021,2.195,Philippines_UHSLC,0,nein
380_Puerto_Princesa.csv,9.7449,118.7358,2014,"Puerto Princesa, Palawan, Philippines",harmonics_noaa_cptt.txt,2459,8694,0.1326,0.427,-10,1.18,2.353,Philippines_UHSLC,0,nein
381_Qui_Nhon.csv,13.7680,109.2513,2026,"Quy Nhon (Thi Nai Port), Vietnam",harmonics_ticon4_worldwide.txt,0,8745,0.0917,0.587,0,0.065,2.247,Vietnam_UHSLC,1,nein
381_Qui_Nhon.csv,13.7680,109.2513,2026,"Qui Nhon, Vietnam",harmonics_utide_observations.txt,0,8745,0.0853,0.57,0,0.065,2.276,Vietnam_UHSLC,0,nein
381_Qui_Nhon.csv,13.7680,109.2513,2026,"Quy Nhon (Phuong Mai), Vietnam",harmonics_ticon4_worldwide.txt,875,8745,0.0917,0.586,0,0.065,2.247,Vietnam_UHSLC,0,nein
381_Qui_Nhon.csv,13.7750,109.2550,2026,"Quy Nhon (Phuong Mai), Vietnam",harmonics_ticon4_worldwide.txt,0,8745,0.0917,0.586,0,0.065,2.247,Vietnam_UHSLC,1,nein
381_Qui_Nhon.csv,13.7750,109.2550,2026,"Quy Nhon (Thi Nai Port), Vietnam",harmonics_ticon4_worldwide.txt,875,8745,0.0917,0.587,0,0.065,2.247,Vietnam_UHSLC,0,nein
381_Qui_Nhon.csv,13.7750,109.2550,2026,"Qui Nhon, Vietnam",harmonics_utide_observations.txt,875,8745,0.0853,0.57,0,0.065,2.276,Vietnam_UHSLC,0,nein
123_Sabang.csv,5.8879,95.3169,2026,"Sabang (Pulau Weh), Indonesia (1)",harmonics_ticon4_worldwide.txt,0,8117,0.0811,0.4,0,-0.016,2.056,Indonesia_UHSLC,1,nein
123_Sabang.csv,5.8879,95.3169,2026,"Sabang (Pulau Weh), Indonesia",harmonics_utide_observations.txt,0,8117,0.0792,0.418,0,-0.016,2.1,Indonesia_UHSLC,0,nein
123_Sabang.csv,5.8879,95.3169,2026,"Sabang, Indonesia",harmonics_att_np203_scs.txt,2258,8117,0.1158,0.452,-30,0.299,1.766,Indonesia_UHSLC,0,nein
417_Sadeng.csv,-8.1912,110.7979,2016,"Pantai Sadeng, Java, Indonesia",harmonics_ticon4_worldwide.txt,0,8463,0.0916,1.204,0,2.821,2.606,Indonesia_UHSLC,1,nein
salalah_114.csv,16.9350,54.0070,2025,"Salalah, Oman",harmonics_ticon4_worldwide.txt,0,6469,0.0653,0.228,0,0.145,2.002,UHSLC_Oman,1,nein
salalah_114.csv,16.9350,54.0070,2025,"Salalah, Oman",harmonics_utide_observations.txt,0,6469,0.0605,0.222,0,0.144,2.058,UHSLC_Oman,0,nein
394_Salina_Cruz.csv,16.1600,-95.2030,1991,"Salina Cruz (Faro), Oaxaca, Mexico",harmonics_ticon4_worldwide.txt,0,8083,0.0912,0.333,0,-0.009,1.74,Mexico_UHSLC,1,nein
394_Salina_Cruz.csv,16.1600,-95.2030,1991,"Salina Cruz (Faro), Oaxaca, Mexico",harmonics_utide_observations.txt,0,8083,0.0918,0.311,0,-0.008,1.776,Mexico_UHSLC,0,nein
394_Salina_Cruz.csv,16.1600,-95.2030,1991,"Salina Cruz (Puerto), Oaxaca, Mexico",harmonics_ticon4_worldwide.txt,1143,8083,0.0913,0.331,0,-0.008,1.743,Mexico_UHSLC,0,nein
708_Salvador.csv,-12.9715,-38.5158,2026,"Salvador (Porto), Bahia, Brazil",harmonics_ticon4_worldwide.txt,0,7742,0.056,0.199,0,0.815,2.917,Brazil_UHSLC,1,nein
708_Salvador.csv,-12.9715,-38.5158,2026,"Salvador (Porto), Bahia, Brazil",harmonics_utide_tidetables.txt,0,7742,0.0824,0.34,10,0.783,2.917,Brazil_UHSLC,0,nein
674_San_Carlos.csv,24.7874,-112.1203,1983,"San Carlos, Baja California Sur, Mexico",harmonics_ticon4_worldwide.txt,0,8017,0.3804,1.086,-30,0.083,2.783,Mexico_UHSLC,1,nein
674_San_Carlos.csv,24.7874,-112.1203,1983,"San Carlos, Baja California Sur, Mexico",harmonics_utide_observations.txt,0,8017,0.0872,0.431,-10,0.087,2.837,Mexico_UHSLC,0,nein
674_San_Carlos.csv,24.7874,-112.1203,1983,"San Carlos, Baja California Sur, Mexico",harmonics_noaa_amtt.txt,583,8017,0.2503,0.792,-10,1.087,3.153,Mexico_UHSLC,0,nein
307_San_Felipe.csv,31.0256,-114.8310,1986,"San Felipe, Baja California, Mexico",harmonics_ticon4_worldwide.txt,0,8450,0.1261,0.881,0,1.126,6.97,Mexico_UHSLC,1,nein
307_San_Felipe.csv,31.0256,-114.8310,1986,"San Felipe, Baja California, Mexico",harmonics-2004-06-14_mod.txt,10,8450,0.249,1.368,0,1.122,7.574,Mexico_UHSLC,0,nein
307_San_Felipe.csv,31.0256,-114.8310,1986,"San Felipe, Baja California, Mexico",harmonics_utide_observations.txt,10,8450,0.1196,0.86,0,-0.023,6.933,Mexico_UHSLC,0,nein
738_colombia.csv,11.2352,-74.2215,2026,"Santa Marta, Colombia",harmonics_ticon4_worldwide.txt,0,8739,0.0523,0.169,0,0.018,0.62,Colombia_UHSLC,1,nein
738_colombia.csv,11.2352,-74.2215,2026,"Santa Marta, Colombia",harmonics_utide_observations.txt,0,8739,0.0518,0.177,0,0.018,0.65,Colombia_UHSLC,0,nein
420_Saumlaki.csv,-7.9828,131.2905,2026,"Saumlaki, Yamdena, Indonesia",harmonics_ticon4_worldwide.txt,0,4027,0.1196,1.621,0,0.158,2.922,Indonesia_UHSLC,1,nein
420_Saumlaki.csv,-7.9828,131.2905,2026,"Saumlaki, Yamdena, Indonesia",harmonics_utide_observations.txt,105,4027,0.1166,1.586,0,0.153,2.972,Indonesia_UHSLC,0,nein
663_Scott_Base.csv,-77.8500,166.7670,2017,"Ross Island, Antarctica",harmonics_ticon4_worldwide.txt,0,8761,0.0922,0.392,0,0.039,1.112,New_Zealand_UHSLC,1,nein
663_Scott_Base.csv,-77.8500,166.7670,2017,"Scott Base, Ross Island, New Zealand",harmonics_utide_observations.txt,0,8761,0.0905,0.429,0,0.039,1.145,New_Zealand_UHSLC,0,nein
09360_Seal_Cove_wlp.csv,54.3311,-130.2796,2025,"Seal Cove, British Columbia, Canada",harmonics_ticon4_worldwide.txt,0,35040,0.0771,0.3,0,3.78,7.382,Canada_IWLS_BC,1,nein
09360_Seal_Cove_wlp.csv,54.3311,-130.2796,2025,"Seal Cove, British Columbia, Canada",harmonics_utide_tidetables.txt,0,35040,0.0484,0.203,0,0.0,7.378,Canada_IWLS_BC,0,nein
257_Settlement_Point.csv,26.7025,-78.9912,2018,"Settlement Point, Grand Bahama Island, Bahamas",harmonics_ticon4_worldwide.txt,0,8761,0.0562,0.4,0,0.04,1.221,Caribbean_UHSLC_CubaJamaicaBahamas,1,nein
257_Settlement_Point.csv,26.7025,-78.9912,2018,"Settlement Point, Bahamas",harmonics_utide_observations.txt,0,8761,0.0549,0.373,0,0.04,1.243,Caribbean_UHSLC_CubaJamaicaBahamas,0,nein
Sevilla2TG.csv,37.3185,-6.0077,2024,"Sevilla (Dársena del Gualdaquivir), Spain",harmonics_ticon4_worldwide.txt,0,8684,0.2003,1.086,10,0.602,2.907,Portugal_CMEMS,1,nein
Sevilla2TG.csv,37.3185,-6.0077,2024,"Sevilla (Dársena del Gualdaquivir), Spain",harmonics_puertos_spain.txt,17,8684,0.2162,1.15,10,0.008,2.891,Portugal_CMEMS,0,nein
Sevilla2TG.csv,37.3185,-6.0077,2024,"Sevilla (Esclusa), Spain",harmonics_puertos_spain.txt,1741,8684,0.2367,1.165,10,-0.715,2.716,Portugal_CMEMS,0,nein
SinesTG.csv,37.9490,-8.8880,2024,"Sines, Portugal",harmonics_ticon4_worldwide.txt,0,8113,0.0684,0.342,0,2.288,3.698,Portugal_CMEMS,1,nein
SinesTG.csv,37.9490,-8.8880,2024,"Sines, Portugal",harmonics_utide_observations.txt,0,8113,0.0678,0.337,0,2.288,3.755,Portugal_CMEMS,0,nein
SinesTG.csv,37.9490,-8.8880,2024,"Enseada de Sines, Portugal",harmonics_noaa_eutt.txt,427,8113,0.1509,0.502,10,0.337,3.12,Portugal_CMEMS,0,nein
90_Isla_Socorro.csv,18.7258,-110.9492,1997,"Isla Socorro, Revillagigedo Islands, Colima, Mexico",harmonics_ticon4_worldwide.txt,0,8756,0.2261,1.017,380,0.054,1.801,Mexico_UHSLC,1,nein
276_St_Johns.csv,47.5670,-52.7025,2018,"St. John's, Newfoundland, Canada",harmonics_ticon4_worldwide.txt,0,8761,0.1458,0.795,0,0.124,1.556,Canada_UHSLC,1,nein
276_St_Johns.csv,47.5670,-52.7025,2018,"St. John's, Newfoundland, Canada",harmonics_utide_observations.txt,15,8761,0.1439,0.816,0,0.043,1.571,Canada_UHSLC,0,nein
276_St_Johns.csv,47.5670,-52.7025,2018,"St. John's, Newfoundland, Canada",harmonics_utide_tidetables.txt,15,8761,0.1448,0.82,0,0.038,1.564,Canada_UHSLC,0,nein
382_Subic_Bay.csv,14.7650,120.2520,2026,"Subic, Philippines",harmonics_ticon4_worldwide.txt,0,8714,0.0499,0.249,0,0.099,1.818,Philippines_UHSLC,1,nein
382_Subic_Bay.csv,14.7650,120.2520,2026,"Subic Bay, Philippines",harmonics_utide_observations.txt,0,8714,0.0419,0.266,0,0.099,1.83,Philippines_UHSLC,0,nein
160_Surabaya.csv,-7.2080,112.7250,2004,"Surabaya, Java, Indonesia",harmonics_ticon4_worldwide.txt,0,7985,0.1216,0.608,10,-0.002,2.821,Indonesia_UHSLC,1,nein
160_Surabaya.csv,-7.2080,112.7250,2004,"Surabaya, Java, Indonesia",harmonics_utide_observations.txt,0,7985,0.1127,0.614,10,-0.002,2.806,Indonesia_UHSLC,0,nein
160_Surabaya.csv,-7.2080,112.7250,2004,"Surabaya (Tanjung Perak), Indonesia",harmonics_att_np203_scs.txt,1277,7985,0.1734,0.754,10,-0.036,2.461,Indonesia_UHSLC,0,nein
160_Surabaya.csv,-7.2080,112.7250,2004,"Surabaya (Tanjung Perak), Indonesia",harmonics_noaa_cptt.txt,1332,7985,0.2114,0.813,10,0.061,3.098,Indonesia_UHSLC,0,nein
416_Tanjung_Lesung.csv,-6.4830,105.6670,2012,"Tanjung Lesung, Java, Indonesia",harmonics_ticon4_worldwide.txt,0,6532,0.1003,0.632,0,0.017,1.567,Indonesia_UHSLC,1,nein
416_Tanjung_Lesung.csv,-6.4830,105.6670,2012,"Tanjung Lesung, Java, Indonesia",harmonics_utide_observations.txt,0,6532,0.099,0.664,0,0.016,1.599,Indonesia_UHSLC,0,nein
76_Taranaki.csv,-39.0562,174.0344,2024,"Taranaki, Taranaki, New Zealand",harmonics_ticon4_worldwide.txt,0,8754,0.1108,0.513,0,0.034,3.939,New_Zealand_UHSLC,1,nein
76_Taranaki.csv,-39.0562,174.0344,2024,"Taranaki, Taranaki, New Zealand",harmonics_utide_observations.txt,0,8754,0.1081,0.541,0,0.034,3.925,New_Zealand_UHSLC,0,nein
76_Taranaki.csv,-39.0562,174.0344,2024,"Port Taranaki, New Zealand",harmonics_utide_tidetables.txt,0,8754,0.13,0.525,0,2.065,3.93,New_Zealand_UHSLC,0,nein
73_Tauranga.csv,-37.6500,176.1830,2024,"Tauranga, New Zealand",harmonics_ticon4_worldwide.txt,0,8716,0.0845,0.354,0,0.02,2.122,New_Zealand_UHSLC,1,nein
73_Tauranga.csv,-37.6500,176.1830,2024,"Tauranga, Bay of Plenty, New Zealand",harmonics_utide_observations.txt,0,8716,0.0805,0.349,0,0.02,2.181,New_Zealand_UHSLC,0,nein
73_Tauranga.csv,-37.6500,176.1830,2024,"Tauranga Harbor entrance, Auckland, New Zealand",harmonics_noaa_cptt.txt,26,8716,0.1047,0.422,10,0.069,2.094,New_Zealand_UHSLC,0,nein
73_Tauranga.csv,-37.6500,176.1830,2024,"Sulphur Point, New Zealand",harmonics_utide_tidetables.txt,1274,8716,0.0992,0.391,-10,1.167,2.111,New_Zealand_UHSLC,0,nein
73_Tauranga.csv,-37.6500,176.1830,2024,"Moturiki Island, New Zealand",harmonics_utide_tidetables.txt,2042,8716,0.0999,0.451,-20,1.167,2.19,New_Zealand_UHSLC,0,nein
137_Teknaf.csv,20.8708,92.3108,1988,"Teknaf, Bangladesh",harmonics_ticon4_worldwide.txt,0,8539,0.1366,0.671,0,-0.008,4.501,IndianOcean_UHSLC_BD_MM_MG_MZ,1,nein
137_Teknaf.csv,20.8708,92.3108,1988,"Teknaf, Bangladesh",harmonics_utide_observations.txt,0,8539,0.1326,0.675,0,-0.008,4.503,IndianOcean_UHSLC_BD_MM_MG_MZ,0,nein
665_Timaru.csv,-44.3941,171.2561,2024,"Timaru Harbour, New Zealand",harmonics_ticon4_worldwide.txt,0,8670,0.1229,0.483,0,-0.017,2.298,New_Zealand_UHSLC,1,nein
665_Timaru.csv,-44.3941,171.2561,2024,"Timaru, Canterbury, New Zealand",harmonics_utide_observations.txt,0,8670,0.1211,0.476,0,-0.017,2.358,New_Zealand_UHSLC,0,nein
07510_Tumbo_Channel_wlp.csv,48.7932,-123.1088,2025,"Tumbo Channel, British Columbia, Canada",harmonics_ticon4_worldwide.txt,0,35040,0.0909,0.284,0,2.56,4.502,Canada_IWLS_BC,1,nein
07510_Tumbo_Channel_wlp.csv,48.7932,-123.1088,2025,"Tumbo Channel, British Columbia, Canada",harmonics_utide_tidetables.txt,0,35040,0.0341,0.131,0,0.0,4.465,Canada_IWLS_BC,0,nein
07510_Tumbo_Channel_wlp.csv,48.7932,-123.1088,2025,"Narvaez Bay, British Columbia, Canada",harmonics_utide_tidetables.txt,2243,35040,0.1138,0.462,-20,0.201,4.339,Canada_IWLS_BC,0,nein
393_Puerto_Vallarta.csv,20.6586,-105.2439,1991,"Puerto Vallarta, Jalisco, Mexico",harmonics_ticon4_worldwide.txt,0,6601,0.0736,0.299,-40,0.068,1.8,Mexico_UHSLC,1,nein
393_Puerto_Vallarta.csv,20.6586,-105.2439,1991,"Puerto Vallarta, Jalisco, Mexico",harmonics_utide_observations.txt,0,6601,0.0725,0.294,-40,0.066,1.816,Mexico_UHSLC,0,nein
250_Veracruz.csv,19.2009,-96.1307,2012,"Veracruz, Veracruz, Mexico",harmonics_ticon4_worldwide.txt,0,8761,0.0785,0.377,0,0.569,0.99,Mexico_UHSLC,1,nein
250_Veracruz.csv,19.2009,-96.1307,2012,"Veracruz, Veracruz, Mexico",harmonics_utide_observations.txt,0,8761,0.0913,0.376,0,0.569,1.04,Mexico_UHSLC,0,nein
250_Veracruz.csv,19.2009,-96.1307,2012,"Veracruz #, Mexico",harmonics_noaa_amtt.txt,291,8761,0.0826,0.379,0,1.353,1.164,Mexico_UHSLC,0,nein
VianaDoCasteloTG.csv,41.6850,-8.8396,2024,"Viana do Castelo, Portugal",harmonics_ticon4_worldwide.txt,0,8595,0.1191,0.639,0,2.268,3.751,Portugal_CMEMS,1,nein
VianaDoCasteloTG.csv,41.6850,-8.8396,2024,"Viana do Castelo, Portugal",harmonics_utide_observations.txt,0,8595,0.1179,0.608,0,2.268,3.882,Portugal_CMEMS,0,nein
383_Vung_Tau.csv,10.3400,107.0720,2026,"Vung Tau, Vietnam",harmonics_ticon4_worldwide.txt,0,8745,0.1222,0.544,0,0.038,4.379,Vietnam_UHSLC,1,nein
383_Vung_Tau.csv,10.3400,107.0720,2026,"Vung Tau, Vietnam",harmonics_utide_observations.txt,0,8745,0.1016,0.488,0,0.038,4.387,Vietnam_UHSLC,0,nein
383_Vung_Tau.csv,10.3400,107.0720,2026,"Vung Tau, Vietnam",harmonics_att_np203_scs.txt,944,8745,0.2689,0.922,0,0.344,3.757,Vietnam_UHSLC,0,nein
418_Waikelo.csv,-9.4000,119.2330,2019,"Waikelo, Sumba, Indonesia",harmonics_ticon4_worldwide.txt,0,8744,0.3862,2.884,0,-0.371,3.485,Indonesia_UHSLC,1,nein
418_Waikelo.csv,-9.4000,119.2330,2019,"Waikelo, Sumba, Indonesia",harmonics_utide_observations.txt,0,8744,0.3835,2.831,0,-0.371,3.473,Indonesia_UHSLC,0,nein
71_Wellington.csv,-41.2843,174.7798,2026,"Wellington, Wellington, New Zealand",harmonics_ticon4_worldwide.txt,0,8446,0.1203,0.451,10,0.033,1.431,New_Zealand_UHSLC,1,nein
71_Wellington.csv,-41.2843,174.7798,2026,"Wellington, Wellington, New Zealand",harmonics_utide_observations.txt,0,8446,0.1174,0.452,0,0.033,1.42,New_Zealand_UHSLC,0,nein
08735_Winter_Harbour_wlp.csv,50.5130,-128.0290,2025,"Winter Harbour, British Columbia, Canada",harmonics_ticon4_worldwide.txt,0,35040,0.0513,0.199,0,2.22,4.468,Canada_IWLS_BC,1,nein
08735_Winter_Harbour_wlp.csv,50.5130,-128.0290,2025,"Winter Harbour, British Columbia, Canada",harmonics_utide_observations.txt,0,35040,0.046,0.176,0,0.019,4.549,Canada_IWLS_BC,0,nein
08735_Winter_Harbour_wlp.csv,50.5130,-128.0290,2025,"Winter Harbour, British Columbia, Canada",harmonics_utide_tidetables.txt,0,35040,0.0261,0.104,0,0.0,4.444,Canada_IWLS_BC,0,nein
151_Zanzibar.csv,-6.1572,39.1916,2018,"Zanzibar City, Tanzania",harmonics_ticon4_worldwide.txt,0,8761,0.0507,0.186,0,0.016,4.512,EastAfrica_UHSLC_TZ_KE,1,nein
151_Zanzibar.csv,-6.1572,39.1916,2018,"Zanzibar City, Tanzania",harmonics_utide_observations.txt,0,8761,0.0458,0.169,0,0.016,4.534,EastAfrica_UHSLC_TZ_KE,0,nein
uhslc_878.csv,12.1870,-69.0200,2015,"Bullenbaai, Curaçao",harmonics_ticon4_worldwide.txt,0,8761,0.0524,0.175,0,-0.027,0.487,ABC_UHSLC,0,ja
uhslc_878.csv,12.1870,-69.0200,2015,"Bullen Bay, Curaçao",harmonics_utide_observations.txt,0,8761,0.0521,0.169,0,-0.026,0.481,ABC_UHSLC,1,ja
oran_ioc.csv,12.5165,-70.0384,2019,"Oranjestad, Aruba",harmonics_utide_observations.txt,0,459024,0.0384,0.647,0,-0.022,0.149,ABC_IOC,1,nein
bona_ioc.csv,12.1500,-68.2780,2026,"Kralendijk, Bonaire, Caribbean Netherlands",harmonics_utide_observations.txt,0,513295,0.2152,0.844,720,-0.05,0.36,ABC_IOC,1,nein
bona_ioc.csv,12.1500,-68.2780,2026,"Kralendijk, Bonaire, Caribbean Netherlands",harmonics-1997-05-25_mod.txt,25,513295,0.2357,0.875,720,-0.365,0.523,ABC_IOC,0,nein
9761115_barbuda.csv,17.5908,-61.8206,2015,"Barbuda, Antigua and Barbuda",harmonics_utide_observations.txt,0,8761,0.0401,0.191,0,0.042,0.401,Antigua_NOAA,1,nein
729_Mar_del_Plata.csv,-38.0356,-57.5312,2016,"Mar del Plata, Buenos Aires, Argentina",harmonics_utide_observations.txt,0,7955,0.2899,1.206,0,-0.024,1.521,Argentina_UHSLC,1,ja
729_Mar_del_Plata.csv,-38.0356,-57.5312,2016,"Puerto Mar del Plata, Buenos Aires, Argentina",harmonics_utide_tidetables.txt,28,7955,0.2907,1.251,0,2.28,1.621,Argentina_UHSLC,0,ja
729_Mar_del_Plata.csv,-38.0356,-57.5312,2016,"Mar del Plata, Buenos Aires, Argentina",harmonics_ticon4_worldwide.txt,34,7955,0.2887,1.223,0,-0.024,1.517,Argentina_UHSLC,0,ja
729_Mar_del_Plata.csv,-38.0356,-57.5312,2016,"Mar del Plata, Buenos Aires, Argentina",harmonics_noaa_amtt.txt,2297,7955,0.3058,1.355,-20,2.296,1.548,Argentina_UHSLC,0,ja
731_Puerto_Madryn.csv,-42.7630,-65.0300,2016,"Puerto Madryn, Chubut, Argentina",harmonics_utide_observations.txt,0,8761,0.2393,1.134,0,-0.0,5.81,Argentina_UHSLC,1,ja
286_Puerto_Deseado.csv,-47.7536,-65.9148,2016,"Puerto Deseado, Santa Cruz, Argentina",harmonics_utide_observations.txt,0,2830,0.1556,0.551,0,0.005,5.883,Argentina_UHSLC,1,ja
286_Puerto_Deseado.csv,-47.7536,-65.9148,2016,"Puerto Deseado, Santa Cruz, Argentina",harmonics_ticon4_worldwide.txt,8,2830,0.157,0.591,0,0.005,5.817,Argentina_UHSLC,0,ja
600_Ushuaia.csv,-54.8062,-68.2948,2016,"Ushuaia, Tierra del Fuego, Argentina",harmonics_ticon4_worldwide.txt,0,7927,0.1909,0.889,0,0.007,2.114,Argentina_UHSLC,0,ja
600_Ushuaia.csv,-54.8062,-68.2948,2016,"Ushuaia, Tierra del Fuego, Argentina",harmonics_utide_observations.txt,0,7927,0.1894,0.853,0,0.008,2.14,Argentina_UHSLC,1,ja
601_Esperanza.csv,-63.3950,-56.9950,1995,"Esperanza (Hope Bay, Antarctica), Antártida Argentina, Argentina",harmonics_ticon4_worldwide.txt,0,4109,0.1289,0.47,0,0.016,3.435,Argentina_UHSLC,0,ja
601_Esperanza.csv,-63.3950,-56.9950,1995,"Esperanza (Hope Bay, Antarctica), Antártida Argentina, Argentina",harmonics_utide_observations.txt,0,4109,0.1281,0.401,0,0.023,3.553,Argentina_UHSLC,1,ja
601_Esperanza.csv,-63.3950,-56.9950,1995,"Base Esperanza (Bahía Esperanza), Antártida Argentina, Argentina",harmonics_utide_tidetables.txt,609,4109,0.1289,0.455,0,1.777,3.336,Argentina_UHSLC,0,ja
682_Dallmann.csv,-62.2330,-58.6830,1999,"Base Carlini (Caleta Potter, Isla 25 de Mayo), Antártida Argentina, Argentina",harmonics_utide_observations.txt,0,8761,0.1481,0.434,-10,0.196,2.51,Argentina_UHSLC,1,nein
682_Dallmann.csv,-62.2330,-58.6830,1999,"Base Carlini (Caleta Potter, Isla 25 de Mayo), Antártida Argentina, Argentina",harmonics_utide_tidetables.txt,845,8761,0.1435,0.501,-10,1.435,2.341,Argentina_UHSLC,0,nein
333_Fort_Denison.csv,-33.8547,151.2258,2007,"Fort Dension, New South Wales, Australia",harmonics_ticon4_worldwide.txt,0,8761,0.095,0.33,0,0.946,1.893,Australia_UHSLC,0,ja
333_Fort_Denison.csv,-33.8547,151.2258,2007,"Fort Denison, New South Wales, Australia",harmonics_utide_observations.txt,0,8761,0.0946,0.311,0,-0.07,1.948,Australia_UHSLC,1,ja
399_Lord_Howe_Island.csv,-31.5236,159.0582,2003,"Lord Howe Island, Tasman Sea, Australia",harmonics_ticon4_worldwide.txt,0,8761,0.135,0.653,0,1.008,2.297,Australia_UHSLC,0,ja
399_Lord_Howe_Island.csv,-31.5236,159.0582,2003,"Lord Howe Island, Tasman Sea, Australia",harmonics_utide_observations.txt,0,8761,0.1419,0.661,0,-0.116,2.378,Australia_UHSLC,1,ja
62_Norfolk_Island.csv,-29.0670,167.9500,1999,"Norfolk Island, Australia",harmonics_utide_observations.txt,0,8761,0.0722,0.349,10,0.041,1.884,Australia_UHSLC,1,nein
62_Norfolk_Island.csv,-29.0670,167.9500,1999,"Norfolk Island, Australia",harmonics_noaa_cptt.txt,1623,8761,0.1747,0.603,-10,0.057,2.124,Australia_UHSLC,0,nein
175_Fremantle.csv,-32.0500,115.7330,2007,"Fremantle, Western Australia, Australia",harmonics_utide_observations.txt,0,8761,0.1226,0.537,0,-0.097,1.02,Australia_UHSLC,1,ja
167_Carnarvon.csv,-24.8830,113.6170,1994,"Carnarvon, Western Australia, Australia",harmonics_utide_observations.txt,0,8761,0.1061,0.423,0,-0.148,1.896,Australia_UHSLC,1,ja
169_Port_Hedland.csv,-20.3170,118.5670,1993,"Port Hedland, Western Australia, Australia",harmonics_utide_observations.txt,0,8761,0.085,0.455,0,-0.133,7.439,Australia_UHSLC,1,ja
165_Wyndham.csv,-15.4530,128.1010,2003,"Wyndham, Western Australia, Australia",harmonics_utide_observations.txt,0,6879,0.1248,0.587,0,-0.078,8.556,Australia_UHSLC,1,ja
331_Brisbane.csv,-27.3608,153.1718,2007,"Brisbane Bar, Queensland, Australia",harmonics_utide_observations.txt,0,8761,0.0821,0.421,0,-0.088,2.63,Australia_UHSLC,1,ja
331_Brisbane.csv,-27.3608,153.1718,2007,"Brisbane Bar, Queensland, Australia",harmonics_ticon4_worldwide.txt,10,8761,0.0857,0.449,0,1.253,2.561,Australia_UHSLC,0,ja
336_Booby_Island.csv,-10.6000,141.9170,2007,"Booby Island, Queensland, Australia",harmonics_utide_observations.txt,0,8512,0.172,0.581,0,-0.107,4.196,Australia_UHSLC,1,ja
334_Townsville.csv,-19.2500,146.8330,2007,"Townsville, Queensland, Australia",harmonics_utide_observations.txt,0,8761,0.0996,0.64,0,-0.083,3.998,Australia_UHSLC,1,ja
332_Bundaberg.csv,-24.7624,152.3856,2007,"Bundaberg (Burnett Heads), Queensland, Australia",harmonics_utide_observations.txt,0,8761,0.0746,0.245,0,-0.118,3.476,Australia_UHSLC,1,ja
332_Bundaberg.csv,-24.7624,152.3856,2007,"Bundaberg (Burnett Heads), Queensland, Australia",harmonics_utide_tidetables.txt,0,8761,0.08,0.317,0,-0.13,3.447,Australia_UHSLC,0,ja
339_Hobart.csv,-42.8768,147.3408,2003,"Hobart, Tasmania, Australia",harmonics_utide_observations.txt,0,8640,0.1317,0.404,0,-0.031,1.503,Australia_UHSLC,1,ja
335_Spring_Bay.csv,-42.5482,147.9299,2007,"Spring Bay, Tasmania, Australia",harmonics_utide_observations.txt,0,8761,0.1178,0.361,0,-0.068,1.306,Australia_UHSLC,1,ja
128_Thevenard.csv,-32.1500,133.6400,2007,"Thevenard, South Australia, Australia",harmonics_utide_observations.txt,0,8761,0.1853,0.891,0,-0.1,2.159,Australia_UHSLC,1,ja
129_Portland.csv,-38.3430,141.6130,2007,"Portland, Victoria, Australia",harmonics_utide_observations.txt,0,8761,0.1208,0.433,0,-0.078,1.275,Australia_UHSLC,1,ja
129_Portland.csv,-38.3430,141.6130,2007,"Portland, Victoria, Australia",harmonics_noaa_cptt.txt,843,8761,0.2093,0.736,-40,-0.085,0.663,Australia_UHSLC,0,ja
166_Broome.csv,-18.0017,122.2179,2007,"Broome, Western Australia, Australia",harmonics_utide_observations.txt,0,8761,0.0914,0.471,0,-0.083,10.411,Australia_UHSLC,1,ja
176_Esperance.csv,-33.8670,121.9000,2007,"Esperance, Western Australia, Australia",harmonics_utide_observations.txt,0,8761,0.1347,0.598,0,-0.078,1.28,Australia_UHSLC,1,ja
168_Darwin.csv,-12.4670,130.8500,2007,"Darwin, Northern Territory, Australia",harmonics_utide_observations.txt,0,8761,0.0991,0.39,0,-0.104,8.02,Australia_UHSLC,1,ja
124_Chittagong.csv,22.2417,91.8209,2018,"Dakshin Bandar (Chittagong 15 No. Ghat), Bangladesh",harmonics_utide_observations.txt,0,8761,0.1641,2.143,0,-0.081,6.029,IndianOcean_UHSLC_BD_MM_MG_MZ,1,nein
124_Chittagong.csv,22.2417,91.8209,2018,"Patenga Point Light (Khal No. 18), Bangladesh",harmonics_utide_tidetables.txt,2717,8761,0.3263,2.002,0,0.792,5.557,IndianOcean_UHSLC_BD_MM_MG_MZ,0,nein
134_Hiron_Point.csv,21.8174,89.4622,1984,"Hiron Point (Pasur River), Bangladesh",harmonics_ticon4_worldwide.txt,0,8736,0.1562,0.979,10,0.031,3.539,IndianOcean_UHSLC_BD_MM_MG_MZ,0,ja
134_Hiron_Point.csv,21.8174,89.4622,1984,"Hiron Point (Pasur River), Bangladesh",harmonics_utide_observations.txt,0,8736,0.1535,0.989,10,0.031,3.637,IndianOcean_UHSLC_BD_MM_MG_MZ,1,ja
135_Khal_10.csv,22.2691,91.8191,1992,"Chittagong (Dry Dock, Kharnapuli River), Bangladesh",harmonics_utide_observations.txt,0,8672,0.176,0.825,0,-0.045,5.549,IndianOcean_UHSLC_BD_MM_MG_MZ,1,nein
135_Khal_10.csv,22.2691,91.8191,1992,"Chittagong (Dry Dock, Kharnapuli River), Bangladesh",harmonics_utide_tidetables.txt,0,8672,0.362,1.055,0,0.01,5.208,IndianOcean_UHSLC_BD_MM_MG_MZ,0,nein
136_Coxs_Bazaar.csv,21.4511,91.9695,1987,"Cox's Bazar, Bangladesh",harmonics_att_np203_scs.txt,0,8761,0.4528,2.622,-10,0.128,3.733,IndianOcean_UHSLC_BD_MM_MG_MZ,0,ja
136_Coxs_Bazaar.csv,21.4511,91.9695,1987,"Cox's Bazar, Bangladesh",harmonics_ticon4_worldwide.txt,0,8761,0.2553,1.828,0,0.047,3.773,IndianOcean_UHSLC_BD_MM_MG_MZ,0,ja
136_Coxs_Bazaar.csv,21.4511,91.9695,1987,"Cox's Bazaar, Bangladesh",harmonics_utide_observations.txt,0,8761,0.257,1.704,10,0.046,3.666,IndianOcean_UHSLC_BD_MM_MG_MZ,1,ja
137_Teknaf.csv,20.8708,92.3108,1988,"Teknaf, Bangladesh",harmonics_ticon4_worldwide.txt,0,8539,0.1366,0.671,0,-0.008,4.501,IndianOcean_UHSLC_BD_MM_MG_MZ,0,nein
137_Teknaf.csv,20.8708,92.3108,1988,"Teknaf, Bangladesh",harmonics_utide_observations.txt,0,8539,0.1326,0.675,0,-0.008,4.503,IndianOcean_UHSLC_BD_MM_MG_MZ,1,nein
138_Charchanga.csv,22.2259,91.0654,1982,"Charchenga (Hatiya Island), Bangladesh",harmonics_ticon4_worldwide.txt,0,8761,0.2098,1.208,10,-0.047,4.08,IndianOcean_UHSLC_BD_MM_MG_MZ,0,ja
138_Charchanga.csv,22.2259,91.0654,1982,"Charchenga (Hatiya Island), Bangladesh",harmonics_utide_observations.txt,0,8761,0.1995,1.358,10,-0.047,4.149,IndianOcean_UHSLC_BD_MM_MG_MZ,1,ja
139_Khepupara.csv,21.9844,90.2187,2000,"Khepupara, Bangladesh",harmonics_ticon4_worldwide.txt,0,8097,0.2519,1.356,-10,0.111,3.771,IndianOcean_UHSLC_BD_MM_MG_MZ,0,nein
139_Khepupara.csv,21.9844,90.2187,2000,"Khepupara, Bangladesh",harmonics_utide_observations.txt,0,8097,0.236,1.336,-20,0.112,3.848,IndianOcean_UHSLC_BD_MM_MG_MZ,1,nein
906_Moulmein.csv,16.4830,97.6180,2018,"Mawlamyaing (Thanlwin River), Myanmar",harmonics_ticon4_worldwide.txt,0,8720,0.2664,1.195,0,0.082,5.969,IndianOcean_UHSLC_BD_MM_MG_MZ,0,nein
906_Moulmein.csv,16.4830,97.6180,2018,"Mawlamyaing (Thanlwin River), Myanmar",harmonics_utide_observations.txt,0,8720,0.2318,0.988,0,0.082,5.785,IndianOcean_UHSLC_BD_MM_MG_MZ,1,nein
907_Akyab_Sittwe.csv,20.1405,92.9034,2018,"Sittwe (Akyab), Myanmar",harmonics_ticon4_worldwide.txt,0,6898,0.0874,0.386,0,0.033,3.215,IndianOcean_UHSLC_BD_MM_MG_MZ,0,nein
907_Akyab_Sittwe.csv,20.1405,92.9034,2018,"Sittwe (Akyab), Myanmar",harmonics_utide_observations.txt,0,6898,0.087,0.338,0,0.031,3.238,IndianOcean_UHSLC_BD_MM_MG_MZ,1,nein
907_Akyab_Sittwe.csv,20.1405,92.9034,2018,"Sittwe (Akyab), Myanmar",harmonics_utide_tidetables.txt,0,6898,0.0998,0.437,0,2.112,3.33,IndianOcean_UHSLC_BD_MM_MG_MZ,0,nein
190_Maputo.csv,-25.9757,32.5695,1986,"Maputo, Mozambique",harmonics_ticon4_worldwide.txt,0,7665,0.1141,0.634,0,-0.014,3.572,IndianOcean_UHSLC_BD_MM_MG_MZ,0,nein
190_Maputo.csv,-25.9757,32.5695,1986,"Maputo, Mozambique",harmonics_utide_observations.txt,0,7665,0.1115,0.676,0,-0.013,3.614,IndianOcean_UHSLC_BD_MM_MG_MZ,1,nein
716_Santana.csv,-0.0614,-51.1678,2007,"Santana (Cia Docas), Amapá, Brazil",harmonics_utide_observations.txt,0,8426,0.2432,2.027,-10,1.672,3.78,Brazil_UHSLC,1,nein
716_Santana.csv,-0.0614,-51.1678,2007,"Santana (Cia Docas), Amapá, Brazil",harmonics_utide_tidetables.txt,0,8426,0.2559,2.12,10,1.568,3.543,Brazil_UHSLC,0,nein
716_Santana.csv,-0.0614,-51.1678,2007,"Macapa, Amazon River, Amapá, Brazil",harmonics_noaa_amtt.txt,2139,8426,0.4042,2.796,-40,1.488,3.514,Brazil_UHSLC,0,nein
707_Canavieiras.csv,-15.6833,-38.9440,1961,"Canavieiras, Bahia, Brazil",harmonics_utide_observations.txt,0,8593,0.0649,0.363,0,0.004,2.204,Brazil_UHSLC,1,nein
707_Canavieiras.csv,-15.6833,-38.9440,1961,"Canavieiras, Bahia, Brazil",harmonics_noaa_amtt.txt,2172,8593,0.1481,0.645,10,0.544,2.204,Brazil_UHSLC,0,nein
201_Peter_and_Paul_Rocks.csv,0.9200,-29.3430,1985,"Peter and Paul Rocks, Pernambuco, Brazil",harmonics_utide_observations.txt,0,8761,0.0383,0.133,0,-0.025,2.544,Brazil_UHSLC,1,nein
280_Ilha_Fiscal.csv,-22.8966,-43.1660,2003,"Ilha Fiscal, Rio de Janeiro, Brazil",harmonics_utide_observations.txt,0,8761,0.1528,0.773,0,1.491,1.663,Brazil_UHSLC,1,ja
280_Ilha_Fiscal.csv,-22.8966,-43.1660,2003,"Ilha Fiscal, Rio de Janeiro, Brazil",harmonics_utide_tidetables.txt,0,8761,0.163,0.799,10,1.488,1.633,Brazil_UHSLC,0,ja
282_Ubatuba.csv,-23.4513,-45.0467,2017,"Ubatuba, Sao Paulo, Brazil",harmonics_utide_observations.txt,0,8683,0.1707,0.725,0,0.021,1.427,Brazil_UHSLC,1,nein
281_Cananeia.csv,-25.0159,-47.9263,1996,"Cananeia, Sao Paulo, Brazil",harmonics_utide_observations.txt,0,8761,0.1917,0.917,0,-0.051,1.781,Brazil_UHSLC,1,ja
tbvi2_ioc.csv,18.4275,-64.6578,2024,"Cane Garden Bay, Tortola, British Virgin Islands",harmonics_utide_observations.txt,0,122738,0.0452,1.447,0,0.001,0.556,BVI_IOC,1,nein
uhslc_235.csv,16.7500,-22.9830,2015,"Palmeira (Sal), Cape Verde",harmonics_att_np208_secondary.txt,0,8712,0.0665,0.194,20,0.751,1.289,CapeVerde_UHSLC,0,ja
uhslc_235.csv,16.7500,-22.9830,2015,"Palmeira (Sal), Cape Verde",harmonics_ticon4_worldwide.txt,0,8761,0.0304,0.155,0,-0.042,1.205,CapeVerde_UHSLC,0,ja
uhslc_235.csv,16.7500,-22.9830,2015,"Palmeira (Sal), Cape Verde",harmonics_utide_observations.txt,0,8761,0.0314,0.17,0,-0.042,1.237,CapeVerde_UHSLC,1,ja
desh_deshaies.csv,16.3053,-61.7959,2026,"Deshaies, Guadeloupe, France",harmonics_utide_observations.txt,0,506636,0.0414,0.551,0,0.67,0.553,Guadeloupe_IOC,1,nein
prec_le_precheur.csv,14.8076,-61.2266,2025,"Le Précheur, Martinique",harmonics_utide_observations.txt,0,460529,0.0901,1.1,-10,0.71,0.706,Martinique_IOC,1,nein
244_Gibara.csv,21.1170,-76.1170,1992,"Gibara, Cuba",harmonics_ticon4_worldwide.txt,0,8761,0.068,0.295,-10,0.032,1.137,Caribbean_UHSLC_CubaJamaicaBahamas,0,nein
244_Gibara.csv,21.1170,-76.1170,1992,"Gibara, Cuba",harmonics_utide_observations.txt,0,8761,0.0672,0.294,-10,0.032,1.135,Caribbean_UHSLC_CubaJamaicaBahamas,1,nein
251_Guantanamo_Bay.csv,19.9176,-75.1512,1997,"Guantanamo Bay (US Naval Base), Cuba",harmonics_ticon4_worldwide.txt,0,7297,0.0606,0.169,0,0.192,0.64,Caribbean_UHSLC_CubaJamaicaBahamas,0,ja
251_Guantanamo_Bay.csv,19.9176,-75.1512,1997,"Guantanamo Bay (US Naval Base), Cuba",harmonics_utide_observations.txt,0,7297,0.0601,0.166,0,0.193,0.648,Caribbean_UHSLC_CubaJamaicaBahamas,1,ja
prba_Puerto_Barrios.csv,15.6950,-88.6220,2025,"Puerto Barrios, Guatemala",harmonics_utide_observations.txt,0,7730,0.6649,1.654,0,0.451,0.373,Guatemala_IOC,1,nein
cagt_George_Town_Grand_Cayman.csv,19.2950,-81.3830,2023,"George Town, Grand Cayman, Cayman Islands",harmonics_utide_observations.txt,0,71881,1.1249,51.433,360,2.954,0.621,Cayman_IOC,1,nein
cagb_Gun_Bay_Grand_Cayman.csv,19.3120,-81.0890,2024,"Gun Bay, Grand Cayman, Cayman Islands",harmonics_utide_observations.txt,0,86607,0.0605,0.334,-30,0.744,0.57,Cayman_IOC,1,nein
iqui_iquique.csv,-20.2045,-70.1478,2025,"Iquique, Chile",harmonics-1997-05-25_mod.txt,0,7981,0.0582,1.224,0,3.371,1.41,Chile_IOC,0,nein
iqui_iquique.csv,-20.2045,-70.1478,2025,"Iquique, Chile",harmonics_utide_observations.txt,0,7981,0.0518,1.169,0,-0.027,1.469,Chile_IOC,1,nein
iqui_iquique.csv,-20.2045,-70.1478,2025,"Iquique, Chile",harmonics_noaa_amtt.txt,2035,7981,0.0768,1.296,-10,3.258,1.367,Chile_IOC,0,nein
coqu_coquimbo.csv,-29.9508,-71.3355,2025,"Coquimbo, Chile",harmonics-1997-05-25_mod.txt,0,8711,0.0526,1.446,0,2.27,1.721,Chile_IOC,0,nein
coqu_coquimbo.csv,-29.9508,-71.3355,2025,"Coquimbo, Chile",harmonics_utide_observations.txt,0,8711,0.0499,1.432,0,0.337,1.729,Chile_IOC,1,nein
coqu_coquimbo.csv,-29.9508,-71.3355,2025,"Coquimbo, Chile",harmonics_noaa_amtt.txt,1957,8711,0.0812,1.567,-10,2.286,1.617,Chile_IOC,0,nein
sano_san_antonio.csv,-33.5816,-71.6182,2025,"San Antonio, Chile",harmonics_utide_observations.txt,0,8520,0.0639,2.204,0,0.0,1.806,Chile_IOC,1,nein
sano_san_antonio.csv,-33.5816,-71.6182,2025,"San Antonio, Chile",harmonics_noaa_amtt.txt,1412,8520,0.1585,2.3,-10,2.666,2.158,Chile_IOC,0,nein
talc_talcahuano.csv,-36.7008,-73.1061,2025,"Talcahuano, Chile",harmonics-1997-05-25_mod.txt,0,8695,0.0952,0.631,0,2.412,1.799,Chile_IOC,0,nein
talc_talcahuano.csv,-36.7008,-73.1061,2025,"Talcahuano, Chile",harmonics_utide_observations.txt,0,8695,0.0861,0.58,0,0.043,1.892,Chile_IOC,1,nein
talc_talcahuano.csv,-36.7008,-73.1061,2025,"Talcahuano, Bahía Concepcion, Chile",harmonics_noaa_amtt.txt,551,8695,0.1193,0.72,0,2.408,1.789,Chile_IOC,0,nein
ancu_ancud.csv,-41.8674,-73.8329,2025,"Ancud, Chile",harmonics_utide_observations.txt,0,6239,0.3315,4.243,0,0.163,2.61,Chile_IOC,1,nein
ancu_ancud.csv,-41.8674,-73.8329,2025,"Ancud, Chile",harmonics_noaa_amtt.txt,85,6239,0.3736,4.539,-20,2.805,2.546,Chile_IOC,0,nein
pcha_puerto_chacabuco.csv,-45.4672,-72.8203,2025,"Puerto Chacabuco, Chile",harmonics_utide_observations.txt,0,8741,0.1505,0.931,0,-0.311,3.109,Chile_IOC,1,nein
ptar_punta_arenas.csv,-53.1200,-70.8600,2025,"Punta Arenas, Chile",harmonics_utide_observations.txt,0,8739,0.1723,0.651,0,-0.005,2.348,Chile_IOC,1,nein
738_colombia.csv,11.2352,-74.2215,2014,"Santa Marta, Colombia",harmonics_ticon4_worldwide.txt,0,8761,0.0453,0.156,0,-0.033,0.58,Colombia_UHSLC,0,ja
738_colombia.csv,11.2352,-74.2215,2014,"Santa Marta, Colombia",harmonics_utide_observations.txt,0,8761,0.0458,0.148,0,-0.033,0.589,Colombia_UHSLC,1,ja
cart_ioc.csv,10.3914,-75.5369,2026,"Cartagena, Colombia",harmonics_utide_observations.txt,0,517370,0.0757,2.227,-10,-0.154,0.478,Colombia_IOC,1,nein
cart_ioc.csv,10.3914,-75.5369,2026,"Cartagena de Indias, Colombia",harmonics_ticon4_worldwide.txt,1109,517370,0.0469,2.323,0,-0.154,0.572,Colombia_IOC,0,nein
inav_ioc.csv,10.1806,-75.7503,2026,"Isla Naval, Colombia",harmonics_utide_observations.txt,0,105255,0.8722,4.814,160,-0.665,2.002,Colombia_IOC,1,nein
buve2_ioc.csv,3.8910,-77.0814,2026,"Buenaventura, Colombia",harmonics_ticon4_worldwide.txt,0,71145,1.6409,25.16,0,-0.797,4.883,Colombia_IOC,0,nein
buve2_ioc.csv,3.8910,-77.0814,2026,"Buenaventura, Colombia",harmonics_utide_observations.txt,0,71145,1.5276,24.68,20,-0.721,4.171,Colombia_IOC,1,nein
392_cr.csv,5.5570,-87.0480,2026,"Cocos Island, Costa Rica",harmonics_ticon4_worldwide.txt,0,7577,0.0703,1.05,0,0.022,3.215,CostaRica_UHSLC,0,nein
392_cr.csv,5.5570,-87.0480,2026,"Cocos Island, Costa Rica",harmonics_utide_observations.txt,0,7577,0.0689,1.058,0,0.023,3.226,CostaRica_UHSLC,1,nein
87_cr.csv,9.4000,-84.1670,2014,"Quepos, Costa Rica",harmonics_ticon4_worldwide.txt,0,8472,0.0695,0.349,0,0.248,3.366,CostaRica_UHSLC,0,ja
87_cr.csv,9.4000,-84.1670,2014,"Quepos, Costa Rica",harmonics_utide_observations.txt,0,8472,0.0701,0.345,0,0.249,3.415,CostaRica_UHSLC,1,ja
268_cr.csv,10.0000,-83.0330,2014,"Limon, Costa Rica",harmonics_ticon4_worldwide.txt,0,8761,0.0418,0.147,0,-0.05,0.505,CostaRica_UHSLC,0,ja
268_cr.csv,10.0000,-83.0330,2014,"Limon, Costa Rica",harmonics_utide_observations.txt,0,8761,0.0428,0.15,0,-0.05,0.514,CostaRica_UHSLC,1,ja
807_Alexandria.csv,31.2166,29.9218,2016,"Alexandria (Al Iskandariyah), Egypt",harmonics_ticon4_worldwide.txt,0,7448,0.0923,0.334,20,2.543,0.462,Egypt_UHSLC,0,nein
807_Alexandria.csv,31.2166,29.9218,2016,"Alexandria (Al Iskandariyah), Egypt",harmonics_utide_observations.txt,0,7448,0.0846,0.315,0,-0.01,0.509,Egypt_UHSLC,1,nein
807_Alexandria.csv,31.2166,29.9218,2016,"Alexandria (Al Iskandariyah), Egypt",harmonics_att_np208.txt,15,7448,0.1134,0.34,0,2.233,0.264,Egypt_UHSLC,0,nein
uhslc_82.csv,13.5738,-89.8381,2015,"Acajutla, El Salvador",harmonics_ticon4_worldwide.txt,0,8161,0.0769,0.275,0,0.123,2.594,ElSalvador_UHSLC,0,ja
uhslc_82.csv,13.5738,-89.8381,2015,"Acajutla, El Salvador",harmonics_utide_observations.txt,0,8161,0.0828,0.283,0,0.122,2.591,ElSalvador_UHSLC,1,ja
lalb_ioc.csv,13.4851,-89.3190,2026,"La Libertad, El Salvador",harmonics_utide_observations.txt,0,353584,0.0724,1.325,0,0.013,2.559,ElSalvador_IOC,1,nein
lalb_ioc.csv,13.4851,-89.3190,2026,"La Libertad, El Salvador",harmonics_noaa_amtt.txt,319,353584,0.1163,1.38,0,5.499,2.572,ElSalvador_IOC,0,nein
laun_ioc.csv,13.3333,-87.8181,2026,"La Union, El Salvador",harmonics_utide_observations.txt,0,461767,0.0786,1.184,0,0.005,3.761,ElSalvador_IOC,1,nein
laun_ioc.csv,13.3333,-87.8181,2026,"La Unión, El Salvador",harmonics_ticon4_worldwide.txt,1542,461767,0.0784,1.138,0,6.291,3.798,ElSalvador_IOC,0,nein
chenn_chennai.csv,13.1000,80.3000,2026,"Chennai, Tamil Nadu, India",harmonics-1997-05-25_mod.txt,0,8535,0.138,0.399,10,0.087,1.495,India_IOC,0,nein
chenn_chennai.csv,13.1000,80.3000,2026,"Chennai, Tamil Nadu, India",harmonics_utide_observations.txt,0,8535,0.0955,0.319,0,-0.121,1.243,India_IOC,1,nein
vish_visakhapatnam.csv,17.6886,83.2885,2026,"Vishakhapatnam, Andhra Pradesh, India",harmonics_att_np203_secondary.txt,0,8682,0.161,0.499,0,0.264,1.779,India_IOC,0,nein
vish_visakhapatnam.csv,17.6886,83.2885,2026,"Vizagapatam, Andhra Pradesh, India",harmonics_noaa_cptt.txt,0,8682,0.1399,0.457,20,0.311,1.938,India_IOC,0,nein
vish_visakhapatnam.csv,17.6886,83.2885,2026,"Visakhapatnam, Andhra Pradesh, India",harmonics_ticon4_worldwide.txt,0,8682,0.0851,0.296,0,1.103,2.284,India_IOC,0,nein
vish_visakhapatnam.csv,17.6886,83.2885,2026,"Visakhapatnam, Andhra Pradesh, India",harmonics_utide_observations.txt,0,8682,0.0906,0.328,0,0.182,2.23,India_IOC,1,nein
ptbl_port_blair.csv,11.6746,92.7331,2026,"Port Blair, Andaman and Nicobar, India",harmonics-1997-05-25_mod.txt,0,8677,0.2597,0.685,10,-0.339,2.476,India_IOC,0,nein
ptbl_port_blair.csv,11.6746,92.7331,2026,"Port Blair, Andaman and Nicobar, India",harmonics_utide_observations.txt,0,8677,0.1165,0.334,20,-0.548,1.682,India_IOC,1,nein
marm_marmagao.csv,15.4157,73.7946,2026,"Mormugao, Goa, India",harmonics-1997-05-25_mod.txt,0,7966,0.0887,0.373,0,3.555,2.62,India_IOC,0,nein
marm_marmagao.csv,15.4157,73.7946,2026,"Mormugao, Goa, India",harmonics_utide_observations.txt,0,7966,0.0858,0.337,-10,3.545,2.577,India_IOC,1,nein
coch_cochin.csv,9.9699,76.2629,2025,"Kochi (Willingdon Island), Kerala, India",harmonics_ticon4_worldwide.txt,0,6181,0.5414,2.266,10,1.139,1.223,India_IOC,0,nein
coch_cochin.csv,9.9699,76.2629,2025,"Kochi (Willingdon Island), Kerala, India",harmonics_utide_observations.txt,0,6181,0.5408,2.275,10,0.206,1.367,India_IOC,1,nein
coch_cochin.csv,9.9699,76.2629,2025,"Kochi (Willingdon Island), Kerala, India",harmonics_noaa_cptt.txt,25,6174,0.5294,1.986,-720,0.567,0.898,India_IOC,0,nein
mini_minicoy.csv,8.2824,73.0530,2025,"Minicoy Island, Lakshadweep, India",harmonics-1997-05-25_mod.txt,0,5459,0.3244,3.954,10,-0.007,1.526,India_IOC,0,nein
mini_minicoy.csv,8.2824,73.0530,2025,"Minicoy Island, Lakshadweep, India",harmonics_ticon4_worldwide.txt,0,5459,0.3223,3.903,0,-0.014,1.431,India_IOC,0,nein
mini_minicoy.csv,8.2824,73.0530,2025,"Minicoy, Lakshadweep, India",harmonics_utide_observations.txt,0,5459,0.3165,3.977,0,-0.097,1.515,India_IOC,1,nein
mini_minicoy.csv,8.2824,73.0530,2025,"Minicoy, Lakshadweep, India",harmonics_att_np203_secondary.txt,337,5459,0.3392,4.018,10,-0.124,1.274,India_IOC,0,nein
107_Padang.csv,-1.0019,100.3685,2007,"Padang, Sumatra, Indonesia",harmonics_utide_observations.txt,0,6018,0.1073,0.277,0,-0.162,1.632,Indonesia_UHSLC,1,ja
107_Padang.csv,-1.0019,100.3685,2007,"Teluk Bayur (Emma Haven), Indonesia",harmonics_att_np203_scs.txt,291,6018,0.1297,0.363,0,1.01,1.556,Indonesia_UHSLC,0,ja
122_Sibolga.csv,1.7500,98.7670,2006,"Sibolga, Indonesia",harmonics_ticon4_worldwide.txt,0,8736,0.0893,0.271,10,0.001,1.334,Indonesia_UHSLC,0,ja
122_Sibolga.csv,1.7500,98.7670,2006,"Sibolga, Sumatra, Indonesia",harmonics_utide_observations.txt,0,8736,0.0892,0.285,10,0.001,1.344,Indonesia_UHSLC,1,ja
122_Sibolga.csv,1.7500,98.7670,2006,"Sibolga, Indonesia",harmonics_att_np203_scs.txt,33,8736,0.1495,0.498,-10,1.094,0.838,Indonesia_UHSLC,0,ja
122_Sibolga.csv,1.7500,98.7670,2006,"Sibolga, Sibolga Bay, Sumatra, Indonesia",harmonics_noaa_cptt.txt,33,8736,0.1533,0.473,-10,1.094,0.801,Indonesia_UHSLC,0,ja
123_Sabang.csv,5.8879,95.3169,2007,"Sabang (Pulau Weh), Indonesia (1)",harmonics_ticon4_worldwide.txt,0,8761,0.1044,0.34,0,-0.034,2.093,Indonesia_UHSLC,0,ja
123_Sabang.csv,5.8879,95.3169,2007,"Sabang (Pulau Weh), Indonesia",harmonics_utide_observations.txt,0,8761,0.1069,0.35,0,-0.034,2.138,Indonesia_UHSLC,1,ja
123_Sabang.csv,5.8879,95.3169,2007,"Sabang, Indonesia",harmonics_att_np203_scs.txt,2258,8761,0.1233,0.469,-30,0.283,1.779,Indonesia_UHSLC,0,ja
125_Prigi.csv,-8.2830,111.7330,2026,"Prigi, Java, Indonesia",harmonics_ticon4_worldwide.txt,0,8743,0.1117,0.317,0,0.149,2.84,Indonesia_UHSLC,0,nein
125_Prigi.csv,-8.2830,111.7330,2026,"Prigi, Java, Indonesia",harmonics_utide_observations.txt,0,8743,0.1072,0.303,0,0.149,2.862,Indonesia_UHSLC,1,nein
125_Prigi.csv,-8.2830,111.7330,2026,"Segoro Wedi Bay, Indonesia",harmonics_att_np203_scs.txt,2606,8743,0.2,0.575,10,0.378,2.159,Indonesia_UHSLC,0,nein
133_Ambon.csv,-3.7000,128.2000,2026,"Ambon, Maluku, Indonesia",harmonics_ticon4_worldwide.txt,0,4078,0.0843,0.296,-10,0.085,2.481,Indonesia_UHSLC,0,nein
133_Ambon.csv,-3.7000,128.2000,2026,"Ambon, Maluku, Indonesia",harmonics_utide_observations.txt,0,4078,0.0772,0.313,-10,0.083,2.508,Indonesia_UHSLC,1,nein
133_Ambon.csv,-3.7000,128.2000,2026,"Ambon, Indonesia",harmonics_att_np203_scs.txt,2623,4078,0.1496,0.479,0,0.596,2.252,Indonesia_UHSLC,0,nein
160_Surabaya.csv,-7.2080,112.7250,1985,"Surabaya, Java, Indonesia",harmonics_ticon4_worldwide.txt,0,8761,0.0918,0.4,0,0.03,2.76,Indonesia_UHSLC,0,ja
160_Surabaya.csv,-7.2080,112.7250,1985,"Surabaya, Java, Indonesia",harmonics_utide_observations.txt,0,8761,0.0768,0.338,0,0.03,2.673,Indonesia_UHSLC,1,ja
160_Surabaya.csv,-7.2080,112.7250,1985,"Surabaya (Tanjung Perak), Indonesia",harmonics_att_np203_scs.txt,1277,8761,0.1488,0.543,0,-0.005,2.405,Indonesia_UHSLC,0,ja
160_Surabaya.csv,-7.2080,112.7250,1985,"Surabaya (Tanjung Perak), Indonesia",harmonics_noaa_cptt.txt,1332,8761,0.1879,0.631,0,0.092,2.95,Indonesia_UHSLC,0,ja
162_Cilacap.csv,-7.7520,109.0170,2026,"Cilacap, Java, Indonesia",harmonics_ticon4_worldwide.txt,0,8742,0.0988,0.277,0,0.167,2.226,Indonesia_UHSLC,0,nein
162_Cilacap.csv,-7.7520,109.0170,2026,"Cilacap, Java, Indonesia",harmonics_utide_observations.txt,0,8742,0.1029,0.31,0,0.167,2.321,Indonesia_UHSLC,1,nein
162_Cilacap.csv,-7.7520,109.0170,2026,"Cilacap (Tjillatjap), Indonesia",harmonics_att_np203_scs.txt,2799,8742,0.1285,0.395,20,2.542,2.126,Indonesia_UHSLC,0,nein
163_Benoa.csv,-8.7450,115.2100,2007,"Benoa, Bali, Indonesia",harmonics_ticon4_worldwide.txt,0,8526,0.1188,0.512,0,-0.14,3.182,Indonesia_UHSLC,0,ja
163_Benoa.csv,-8.7450,115.2100,2007,"Benoa, Bali, Indonesia",harmonics_utide_observations.txt,0,8526,0.1216,0.515,0,-0.14,3.176,Indonesia_UHSLC,1,ja
163_Benoa.csv,-8.7450,115.2100,2007,"Benoa, Indonesia",harmonics_att_np203_scs.txt,923,8526,0.1719,0.579,10,-0.459,2.759,Indonesia_UHSLC,0,ja
416_Tanjung_Lesung.csv,-6.4830,105.6670,2012,"Tanjung Lesung, Java, Indonesia",harmonics_ticon4_worldwide.txt,0,6532,0.1003,0.632,0,0.017,1.567,Indonesia_UHSLC,0,nein
416_Tanjung_Lesung.csv,-6.4830,105.6670,2012,"Tanjung Lesung, Java, Indonesia",harmonics_utide_observations.txt,0,6532,0.099,0.664,0,0.016,1.599,Indonesia_UHSLC,1,nein
417_Sadeng.csv,-8.5000,110.7830,2016,"Sadeng, Java, Indonesia",harmonics_utide_observations.txt,0,8463,0.0907,1.199,0,-0.078,2.618,Indonesia_UHSLC,1,nein
418_Waikelo.csv,-9.4000,119.2330,2019,"Waikelo, Sumba, Indonesia",harmonics_ticon4_worldwide.txt,0,8744,0.3862,2.884,0,-0.371,3.485,Indonesia_UHSLC,0,nein
418_Waikelo.csv,-9.4000,119.2330,2019,"Waikelo, Sumba, Indonesia",harmonics_utide_observations.txt,0,8744,0.3835,2.831,0,-0.371,3.473,Indonesia_UHSLC,1,nein
419_Lembar.csv,-8.7320,116.0720,2026,"Lembar, Lombok, Indonesia",harmonics_utide_observations.txt,0,2967,0.0658,0.243,10,0.13,2.193,Indonesia_UHSLC,1,nein
419_Lembar.csv,-8.7320,116.0720,2026,"Pelabuhan Lembar, Lombok, Indonesia",harmonics_ticon4_worldwide.txt,134,2967,0.0749,0.257,10,0.136,2.127,Indonesia_UHSLC,0,nein
419_Lembar.csv,-8.7320,116.0720,2026,"Teluk Labuhantereng (Labuan Tring), Indonesia",harmonics_att_np203_scs.txt,2957,2967,0.1374,0.392,-40,1.754,1.936,Indonesia_UHSLC,0,nein
420_Saumlaki.csv,-7.9820,131.2900,2026,"Saumlaki, Yamdena, Indonesia",harmonics_utide_observations.txt,0,4027,0.1166,1.586,0,0.153,2.972,Indonesia_UHSLC,1,nein
420_Saumlaki.csv,-7.9820,131.2900,2026,"Saumlaki, Yamdena, Indonesia",harmonics_ticon4_worldwide.txt,105,4027,0.1196,1.621,0,0.158,2.922,Indonesia_UHSLC,0,nein
914_Meulaboh.csv,4.1272,96.1318,2016,"Meulaboh, Sumatra, Indonesia",harmonics_ticon4_worldwide.txt,0,6756,0.0924,0.521,0,0.009,0.886,Indonesia_UHSLC,0,nein
914_Meulaboh.csv,4.1272,96.1318,2016,"Meulaboh, Sumatra, Indonesia",harmonics_utide_observations.txt,0,6756,0.0922,0.526,0,0.009,0.9,Indonesia_UHSLC,1,nein
914_Meulaboh.csv,4.1272,96.1318,2016,"Meulaboh, Indonesia",harmonics_att_np203_scs.txt,698,6756,0.1338,0.61,-10,1.571,0.505,Indonesia_UHSLC,0,nein
914_Meulaboh.csv,4.1272,96.1318,2016,"Meulaboh, Sumatra, Indonesia",harmonics_noaa_cptt.txt,698,6756,0.1138,0.607,-10,1.561,0.607,Indonesia_UHSLC,0,nein
AS.txt,44.0195,144.2858,2025,"Abashiri, Hokkaido, Japan",harmonics_ticon4_worldwide.txt,0,8737,0.03,0.078,0,-0.0,1.634,JMA_Japan,0,nein
AS.txt,44.0195,144.2858,2025,"Abashiri, Hokkaido, Japan",harmonics_utide_observations.txt,0,8737,0.0114,0.036,0,-0.0,1.677,JMA_Japan,1,nein
AS.txt,44.0195,144.2858,2025,"Abashiri Byochi, Hokkaido, Japan",harmonics_noaa_cptt.txt,1559,8737,0.0478,0.176,10,0.009,1.678,JMA_Japan,0,nein
AB.txt,31.5770,131.4095,2025,"Aburatsu, Miyazaki, Japan",harmonics_ticon4_worldwide.txt,0,8737,0.0275,0.073,0,0.0,2.497,JMA_Japan,0,nein
AB.txt,31.5770,131.4095,2025,"Aburatsu, Miyazaki, Japan",harmonics_utide_observations.txt,0,8737,0.011,0.04,0,0.0,2.494,JMA_Japan,1,nein
Z1.txt,35.1600,139.6155,2025,"Aburatsubo, Kanagawa, Japan",harmonics_ticon4_worldwide.txt,0,8737,0.0259,0.07,0,-0.0,1.862,JMA_Japan,0,nein
Z1.txt,35.1600,139.6155,2025,"Aburatsubo, Kanagawa, Japan",harmonics_utide_observations.txt,0,8737,0.0118,0.041,0,-0.0,1.882,JMA_Japan,1,nein
Z1.txt,35.1600,139.6155,2025,"Aburatsubo, Kanagawa, Japan",harmonics_noaa_cptt.txt,1117,8737,0.0862,0.234,10,0.016,1.722,JMA_Japan,0,nein
Z1.txt,35.1600,139.6155,2025,"Moroiso, Kanagawa, Japan",harmonics-2004-06-14_mod.txt,1120,8737,0.0641,0.202,10,-0.0,1.71,JMA_Japan,0,nein
Z1.txt,35.1600,139.6155,2025,"Miura (Mukogasaki), Kanagawa, Japan",harmonics-2004-06-14_mod.txt,2336,8737,0.0448,0.148,10,-0.07,2.038,JMA_Japan,0,nein
Z1.txt,35.1600,139.6155,2025,"Jogashima Misakimachi, Kanagawa, Japan",harmonics-2004-06-14_mod.txt,2584,8737,0.0622,0.203,0,-0.07,1.75,JMA_Japan,0,nein
I4.txt,34.6050,137.1883,2025,"Akabane, Aichi, Japan",harmonics_ticon4_worldwide.txt,0,8761,0.0235,0.06,0,0.0,2.175,JMA_Japan,0,nein
I4.txt,34.6050,137.1883,2025,"Akabane, Aichi, Japan",harmonics_utide_observations.txt,0,8761,0.018,0.052,0,0.0,2.179,JMA_Japan,1,nein
AK.txt,34.6450,134.9906,2025,"Akashi, Hyogo, Japan",harmonics_utide_observations.txt,0,8737,0.0126,0.054,0,0.0,1.712,JMA_Japan,1,nein
N1.txt,33.9094,130.8793,2025,"Hiagari, Fukuoka, Japan",harmonics-2004-06-14_mod.txt,0,8761,0.036,0.133,0,0.0,1.966,JMA_Japan,0,nein
N1.txt,33.9094,130.8793,2025,"Hiagari, Fukuoka, Japan",harmonics_utide_observations.txt,0,8761,0.0141,0.06,0,-0.0,1.873,JMA_Japan,1,nein
N1.txt,33.9094,130.8793,2025,"Sunatsu (Kitakyushu), Fukuoka, Japan",harmonics-2004-06-14_mod.txt,2219,8761,0.0637,0.2,-10,-0.1,2.062,JMA_Japan,0,nein
N1.txt,33.9094,130.8793,2025,"Sunatsu (Kitakyushu), Fukuoka, Japan",harmonics_ticon4_worldwide.txt,2225,8761,0.0431,0.138,-10,-0.1,1.951,JMA_Japan,0,nein
N1.txt,33.9094,130.8793,2025,"Sunatsu, Fukuoka, Japan",harmonics_utide_observations.txt,2238,8761,0.0471,0.167,-10,-0.1,1.979,JMA_Japan,0,nein
N1.txt,33.9094,130.8793,2025,"Ooyamanohana, Yamaguchi, Japan",harmonics_utide_observations.txt,2420,8761,0.0591,0.181,-10,-0.1,2.042,JMA_Japan,0,nein
N1.txt,33.9094,130.8793,2025,"Ooyamanohana, Yamaguchi, Japan",harmonics_ticon4_worldwide.txt,2421,8761,0.0535,0.203,-10,-0.1,2.029,JMA_Japan,0,nein
N1.txt,33.9094,130.8793,2025,"Nakabaru (Tobata-ku), Fukuoka, Japan",harmonics-2004-06-14_mod.txt,2823,8761,0.0684,0.247,10,-0.0,1.799,JMA_Japan,0,nein
S1.txt,39.7461,140.0658,2025,"Akita, Akita, Japan",harmonics_utide_observations.txt,0,8737,0.0135,0.033,0,-0.0,0.613,JMA_Japan,1,nein
S1.txt,39.7461,140.0658,2025,"Akita, Akita, Japan",harmonics_ticon4_worldwide.txt,3,8737,0.0146,0.043,0,-0.0,0.619,JMA_Japan,0,nein
ZJ.txt,32.0175,130.1911,2025,"Akune, Kagoshima, Japan",harmonics_utide_observations.txt,0,8737,0.0109,0.038,0,0.0,3.512,JMA_Japan,1,nein
ZJ.txt,32.0175,130.1911,2025,"Akune, Kagoshima, Japan",harmonics_ticon4_worldwide.txt,2,8737,0.0323,0.09,0,0.0,3.518,JMA_Japan,0,nein
AM.txt,34.7000,135.4000,2025,"Amagasaki, Hyogo, Japan",harmonics-2004-06-14_mod.txt,0,8737,0.0328,0.121,0,-0.0,2.108,JMA_Japan,0,nein
AM.txt,34.7000,135.4000,2025,"Amagasaki, Hyogo, Japan",harmonics_utide_observations.txt,0,8737,0.013,0.048,0,-0.0,2.143,JMA_Japan,1,nein
O9.txt,28.3228,129.5342,2025,"Kominato (Amami Oshima), Kagoshima, Japan",harmonics_ticon4_worldwide.txt,0,8737,0.0248,0.071,0,0.0,2.63,JMA_Japan,0,nein
O9.txt,28.3228,129.5342,2025,"Kominato (Amami Oshima), Kagoshima, Japan",harmonics_utide_observations.txt,0,8737,0.0148,0.044,0,0.0,2.63,JMA_Japan,1,nein
AH.txt,33.9488,131.0187,2025,"Aohama, Fukuoka, Japan",harmonics_ticon4_worldwide.txt,0,8761,0.0358,0.122,0,0.0,4.45,JMA_Japan,0,nein
AH.txt,33.9488,131.0187,2025,"Aohama, Fukuoka, Japan",harmonics_utide_observations.txt,0,8761,0.016,0.056,0,0.0,4.5,JMA_Japan,1,nein
AH.txt,33.9488,131.0187,2025,"Aohama, Kyushu, Fukuoka, Japan",harmonics_noaa_cptt.txt,228,8761,0.2477,0.781,-10,-0.003,4.303,JMA_Japan,0,nein
AH.txt,33.9488,131.0187,2025,"Tanoura, Fukuoka, Japan",harmonics-2004-06-14_mod.txt,2702,8761,0.0818,0.281,10,0.1,4.395,JMA_Japan,0,nein
AX.txt,34.3650,133.6878,2025,"Aoki, Kagawa, Japan",harmonics_utide_observations.txt,0,8761,0.0256,0.101,0,-0.0,4.089,JMA_Japan,1,nein
AX.txt,34.3650,133.6878,2025,"Aoki, Kagawa, Japan",harmonics_ticon4_worldwide.txt,2,8761,0.0568,0.216,0,0.0,4.089,JMA_Japan,0,nein
AO.txt,40.8353,140.7639,2025,"Aomori, Aomori, Japan",harmonics_utide_observations.txt,0,8737,0.0107,0.032,0,-0.0,0.934,JMA_Japan,1,nein
AO.txt,40.8353,140.7639,2025,"Aomori, Aomori, Japan",harmonics_ticon4_worldwide.txt,2,8737,0.0154,0.055,0,-0.0,0.939,JMA_Japan,0,nein
ZA.txt,40.8975,140.8592,2025,"Asamushi, Aomori, Japan",harmonics_utide_observations.txt,0,8737,0.008,0.029,0,-0.0,0.931,JMA_Japan,1,nein
ZA.txt,40.8975,140.8592,2025,"Asamushi, Aomori, Japan",harmonics_ticon4_worldwide.txt,3,8737,0.0156,0.054,0,-0.0,0.932,JMA_Japan,0,nein
QR.txt,38.4678,139.2550,2025,"Awashima, Niigata, Japan",harmonics_utide_observations.txt,0,8737,0.0081,0.025,0,-0.0,0.608,JMA_Japan,1,nein
QR.txt,38.4678,139.2550,2025,"Awashima, Niigata, Japan",harmonics_ticon4_worldwide.txt,2,8737,0.0103,0.032,0,0.0,0.608,JMA_Japan,0,nein
AW.txt,33.7711,134.5922,2025,"Awayuki, Tokushima, Japan",harmonics_ticon4_worldwide.txt,0,8761,0.0227,0.059,0,0.0,2.27,JMA_Japan,0,nein
AW.txt,33.7711,134.5922,2025,"Awayuki, Tokushima, Japan",harmonics_utide_observations.txt,0,8761,0.0154,0.045,0,-0.0,2.295,JMA_Japan,1,nein
AY.txt,38.2967,141.5053,2025,"Ayukawa, Miyagi, Japan",harmonics_utide_observations.txt,0,8737,0.019,0.053,0,-0.0,1.839,JMA_Japan,1,nein
AY.txt,38.2967,141.5053,2025,"Ayukawa, Miyagi, Japan",harmonics_ticon4_worldwide.txt,4,8737,0.0315,0.092,0,-0.0,1.807,JMA_Japan,0,nein
BP.txt,33.2986,131.5036,2025,"Beppu, Oita, Japan",harmonics_utide_observations.txt,0,8737,0.0153,0.056,0,0.0,2.732,JMA_Japan,1,nein
BP.txt,33.2986,131.5036,2025,"Beppu, Oita, Japan",harmonics_ticon4_worldwide.txt,2,8737,0.0284,0.09,0,0.0,2.75,JMA_Japan,0,nein
QL.txt,35.5680,140.0456,2025,"Chiba Light, Chiba, Japan",harmonics_ticon4_worldwide.txt,0,8737,0.0315,0.1,0,-0.0,2.36,JMA_Japan,0,nein
QL.txt,35.5680,140.0456,2025,"Chiba Light, Chiba, Japan",harmonics_utide_observations.txt,0,8737,0.0144,0.058,0,-0.0,2.358,JMA_Japan,1,nein
CB.txt,35.6011,140.0955,2025,"Chibaminato, Chiba, Japan",harmonics_utide_observations.txt,0,8737,0.0064,0.021,0,0.0,2.398,JMA_Japan,1,nein
CB.txt,35.6011,140.0955,2025,"Samugawa, Chiba, Japan",harmonics-2004-06-14_mod.txt,1913,8737,0.0642,0.204,0,0.0,2.476,JMA_Japan,0,nein
CC.txt,27.0939,142.1947,2025,"Chichijima (Futami Ko), Tokyo, Japan",harmonics_ticon4_worldwide.txt,0,8761,0.0198,0.058,0,0.0,1.486,JMA_Japan,0,nein
CC.txt,27.0939,142.1947,2025,"Chichijima (Futami Ko), Tokyo, Japan",harmonics_utide_observations.txt,0,8761,0.0131,0.037,0,0.0,1.482,JMA_Japan,1,nein
CC.txt,27.0939,142.1947,2025,"Chichijima (Futami Ko), Tokyo, Japan",harmonics_ticon4_worldwide.txt,3,8761,0.0195,0.057,0,0.0,1.485,JMA_Japan,0,nein
CC.txt,27.0939,142.1947,2025,"Chichijima (Futami Ko), Tokyo, Japan",harmonics_noaa_cptt.txt,1632,8761,0.0584,0.172,-10,0.01,1.317,JMA_Japan,0,nein
CF.txt,34.0141,131.0043,2025,"Chofu (Shimonoseki), Yamaguchi, Japan",harmonics_utide_observations.txt,0,8761,0.0148,0.053,0,-0.0,4.55,JMA_Japan,1,nein
CF.txt,34.0141,131.0043,2025,"Chofu (Shimonoseki), Yamaguchi, Japan",harmonics_ticon4_worldwide.txt,2,8761,0.0353,0.114,0,0.0,4.492,JMA_Japan,0,nein
CS.txt,35.7444,140.8587,2025,"Choshi Gyoko, Chiba, Japan",harmonics_utide_observations.txt,0,8737,0.0084,0.026,0,0.0,1.791,JMA_Japan,1,nein
CS.txt,35.7444,140.8587,2025,"Choshi Gyoko, Chiba, Japan",harmonics_ticon4_worldwide.txt,34,8737,0.0292,0.088,0,0.0,1.777,JMA_Japan,0,nein
CS.txt,35.7444,140.8587,2025,"Choshi Gyoko, Chiba, Japan",harmonics-2004-06-14_mod.txt,38,8737,0.0289,0.101,0,0.1,1.798,JMA_Japan,0,nein
CS.txt,35.7444,140.8587,2025,"Choshi Ko (inside), Chiba, Japan",harmonics_noaa_cptt.txt,2604,8737,0.1406,0.406,10,0.321,1.181,JMA_Japan,0,nein
A1.txt,33.9246,130.9271,2025,"Deshimatsu, Yamaguchi, Japan",harmonics_utide_observations.txt,0,8761,0.0118,0.049,0,-0.0,2.555,JMA_Japan,1,nein
A1.txt,33.9246,130.9271,2025,"Deshimatsu, Yamaguchi, Japan",harmonics_ticon4_worldwide.txt,6,8761,0.0261,0.089,0,-0.0,2.551,JMA_Japan,0,nein
A1.txt,33.9246,130.9271,2025,"Tanokubi, Yamaguchi, Japan",harmonics_ticon4_worldwide.txt,1590,8761,0.1325,0.355,10,0.2,2.073,JMA_Japan,0,nein
A1.txt,33.9246,130.9271,2025,"Tanokubi, Yamaguchi, Japan",harmonics_utide_observations.txt,1591,8761,0.1221,0.301,10,0.2,2.091,JMA_Japan,0,nein
A1.txt,33.9246,130.9271,2025,"Ooyamanohana, Yamaguchi, Japan",harmonics_utide_observations.txt,2387,8761,0.1335,0.361,20,0.3,2.042,JMA_Japan,0,nein
A1.txt,33.9246,130.9271,2025,"Ooyamanohana, Yamaguchi, Japan",harmonics_ticon4_worldwide.txt,2388,8761,0.1436,0.403,20,0.3,2.029,JMA_Japan,0,nein
A1.txt,33.9246,130.9271,2025,"Shimonoseki Sanbasi, Yamaguchi, Japan",harmonics-2004-06-14_mod.txt,2876,8761,0.1148,0.389,0,-0.1,2.642,JMA_Japan,0,nein
A1.txt,33.9246,130.9271,2025,"Hikoshima Amanogocho, Yamaguchi, Japan",harmonics-2004-06-14_mod.txt,2974,8761,0.2127,0.633,60,0.4,1.857,JMA_Japan,0,nein
A1.txt,33.9246,130.9271,2025,"Isakimachi, Yamaguchi, Japan",harmonics_noaa_cptt.txt,2983,8761,0.1823,0.494,-10,-0.05,2.465,JMA_Japan,0,nein
EI.txt,34.4694,134.8302,2025,"Ei (Awaji-shima), Hyogo, Japan",harmonics_utide_observations.txt,0,8737,0.013,0.051,0,0.0,1.918,JMA_Japan,1,nein
EI.txt,34.4694,134.8302,2025,"Ei (Awaji-shima), Hyogo, Japan",harmonics_noaa_cptt.txt,413,8737,0.0958,0.326,0,0.008,1.604,JMA_Japan,0,nein
KE.txt,44.9386,142.5892,2025,"Esashi, Hokkaido, Japan",harmonics_utide_observations.txt,0,8737,0.0143,0.04,0,0.0,1.363,JMA_Japan,1,nein
KE.txt,44.9386,142.5892,2025,"Esashi, Hokkaido, Japan",harmonics_ticon4_worldwide.txt,3,8737,0.0245,0.075,0,-0.0,1.292,JMA_Japan,0,nein
ES.txt,41.8706,140.1256,2025,"Esashi (Hiyama), Hokkaido, Japan",harmonics_utide_observations.txt,0,8737,0.0098,0.031,0,-0.0,0.673,JMA_Japan,1,nein
ES.txt,41.8706,140.1256,2025,"Esashi (Hiyama), Hokkaido, Japan",harmonics_ticon4_worldwide.txt,7,8737,0.0173,0.063,0,-0.0,0.672,JMA_Japan,0,nein
FK.txt,40.6472,139.9264,2025,"Fukaura, Aomori, Japan",harmonics_utide_observations.txt,0,8737,0.0086,0.025,0,-0.0,0.604,JMA_Japan,1,nein
FK.txt,40.6472,139.9264,2025,"Fukaura, Aomori, Japan",harmonics_ticon4_worldwide.txt,2,8737,0.0118,0.033,0,-0.0,0.605,JMA_Japan,0,nein
FE.txt,32.6961,128.8494,2025,"Fukue (Fukue-jima), Nagasaki, Japan",harmonics_utide_observations.txt,0,8737,0.0109,0.036,0,0.0,3.447,JMA_Japan,1,nein
FE.txt,32.6961,128.8494,2025,"Fukue (Fukue-jima), Nagasaki, Japan",harmonics_ticon4_worldwide.txt,5,8737,0.0333,0.096,0,0.0,3.46,JMA_Japan,0,nein
S2.txt,39.8820,139.8504,2025,"Funagawa, Akita, Japan",harmonics_utide_observations.txt,0,8737,0.0044,0.013,0,0.0,0.692,JMA_Japan,1,nein
XQ.txt,36.8000,137.0667,2025,"Fushikitoyama, Toyama, Japan",harmonics_utide_observations.txt,0,8737,0.0096,0.027,0,-0.0,0.662,JMA_Japan,1,nein
GB.txt,33.8512,135.1644,2025,"Gobo, Wakayama, Japan",harmonics_ticon4_worldwide.txt,0,8761,0.0249,0.068,0,-0.0,2.331,JMA_Japan,0,nein
GB.txt,33.8512,135.1644,2025,"Gobo, Wakayama, Japan",harmonics_utide_observations.txt,0,8761,0.017,0.053,0,-0.0,2.341,JMA_Japan,1,nein
QQ.txt,33.1333,139.8000,2025,"Kaminato (Hachijo-jima), Tokyo, Japan",harmonics_utide_observations.txt,0,8761,0.0458,0.101,0,-0.0,1.769,JMA_Japan,1,nein
QQ.txt,33.1333,139.8000,2025,"Kaminato (Hachijo-jima), Tokyo, Japan",harmonics_noaa_cptt.txt,4,8761,0.0969,0.268,-10,-0.013,1.484,JMA_Japan,0,nein
QQ.txt,33.1333,139.8000,2025,"Kaminato (Hachijo-jima), Tokyo, Japan",harmonics_ticon4_worldwide.txt,555,8761,0.0594,0.176,0,-0.0,1.771,JMA_Japan,0,nein
D4.txt,33.1000,139.7667,2025,"Yaene (Hachijo-jima), Tokyo, Japan",harmonics_utide_observations.txt,0,8737,0.0062,0.02,0,-0.0,1.933,JMA_Japan,1,nein
D4.txt,33.1000,139.7667,2025,"Yaene (Hachijo-jima), Tokyo, Japan",harmonics-2004-06-14_mod.txt,31,8737,0.1061,0.319,0,0.0,2.012,JMA_Japan,0,nein
HG.txt,40.5353,141.5556,2025,"Hachinohe, Aomori, Japan",harmonics_utide_observations.txt,0,8737,0.0095,0.035,0,-0.0,1.772,JMA_Japan,1,nein
HG.txt,40.5353,141.5556,2025,"Hachinohe, Aomori, Japan",harmonics_ticon4_worldwide.txt,5,8737,0.0267,0.075,0,-0.0,1.708,JMA_Japan,0,nein
HG.txt,40.5353,141.5556,2025,"Hachinohe Ko, Aomori, Japan",harmonics_noaa_cptt.txt,523,8737,0.084,0.239,0,0.027,1.65,JMA_Japan,0,nein
HR.txt,33.9484,130.8770,2025,"Haedomari, Yamaguchi, Japan",harmonics_ticon4_worldwide.txt,0,8761,0.0186,0.07,0,-0.0,1.833,JMA_Japan,0,nein
HR.txt,33.9484,130.8770,2025,"Haedomari, Yamaguchi, Japan",harmonics_utide_observations.txt,0,8761,0.0109,0.034,0,-0.0,1.839,JMA_Japan,1,nein
K5.txt,34.4296,131.4139,2025,"Hagi, Yamaguchi, Japan",harmonics_utide_observations.txt,0,8737,0.004,0.013,0,0.0,1.162,JMA_Japan,1,nein
QF.txt,33.6186,130.4078,2025,"Fukuoka (Hakata), Fukuoka, Japan",harmonics_utide_observations.txt,0,8761,0.0094,0.033,0,-0.0,2.41,JMA_Japan,1,nein
QF.txt,33.6186,130.4078,2025,"Fukuoka (Hakata), Fukuoka, Japan",harmonics_ticon4_worldwide.txt,2,8761,0.0259,0.075,0,-0.0,2.478,JMA_Japan,0,nein
HK.txt,41.7817,140.7247,2025,"Hakodate, Hokkaido, Japan",harmonics_ticon4_worldwide.txt,0,8737,0.0198,0.064,0,-0.0,1.195,JMA_Japan,0,nein
HK.txt,41.7817,140.7247,2025,"Hakodate, Hokkaido, Japan",harmonics_utide_observations.txt,0,8737,0.0119,0.035,0,-0.0,1.215,JMA_Japan,1,nein
HA.txt,34.8972,132.0661,2025,"Hamada, Shimane, Japan",harmonics_ticon4_worldwide.txt,0,8737,0.0121,0.044,0,0.0,0.912,JMA_Japan,0,nein
HA.txt,34.8972,132.0661,2025,"Hamada, Shimane, Japan",harmonics_utide_observations.txt,0,8737,0.0077,0.028,0,-0.0,0.894,JMA_Japan,1,nein
HA.txt,34.8972,132.0661,2025,"Hamada Ko (Tono Ura entrance), Shimane, Japan",harmonics_noaa_cptt.txt,2169,8737,0.1487,0.371,-40,0.016,0.668,JMA_Japan,0,nein
HN.txt,43.2781,145.5678,2025,"Hanasaki, Hokkaido, Japan",harmonics_utide_observations.txt,0,8737,0.0118,0.042,0,-0.0,1.866,JMA_Japan,1,nein
HN.txt,43.2781,145.5678,2025,"Hanasaki, Hokkaido, Japan",harmonics_ticon4_worldwide.txt,6,8737,0.0291,0.09,0,-0.0,1.813,JMA_Japan,0,nein
M3.txt,34.1094,132.9694,2025,"Hashihama, Ehime, Japan",harmonics-2004-06-14_mod.txt,0,8761,0.073,0.247,0,0.0,4.21,JMA_Japan,0,nein
M3.txt,34.1094,132.9694,2025,"Hashihama, Ehime, Japan",harmonics_utide_observations.txt,0,8761,0.0109,0.035,0,0.0,4.286,JMA_Japan,1,nein
M3.txt,34.1094,132.9694,2025,"Kurushima Koro, Ehime, Japan",harmonics_utide_observations.txt,1516,8761,0.121,0.505,10,0.0,4.02,JMA_Japan,0,nein
M3.txt,34.1094,132.9694,2025,"Imabari Kojima, Ehime, Japan",harmonics_utide_observations.txt,1637,8761,0.0767,0.297,0,0.0,4.256,JMA_Japan,0,nein
M3.txt,34.1094,132.9694,2025,"Umashima, Ehime, Japan",harmonics_ticon4_worldwide.txt,2084,8761,0.1088,0.396,10,0.0,4.192,JMA_Japan,0,nein
SU.txt,32.9167,132.7000,2025,"Henshima, Kochi, Japan",harmonics_utide_observations.txt,0,8737,0.0095,0.026,0,0.0,2.468,JMA_Japan,1,nein
SU.txt,32.9167,132.7000,2025,"Katashima (Sukumo Wan), Kochi, Japan",harmonics-2004-06-14_mod.txt,1853,8737,0.1187,0.325,-10,-0.002,2.296,JMA_Japan,0,nein
K1.txt,34.7833,134.6667,2025,"Himeji (Shikama), Hyogo, Japan",harmonics_utide_observations.txt,0,8737,0.0131,0.053,0,0.0,2.032,JMA_Japan,1,nein
K1.txt,34.7833,134.6667,2025,"Himeji (Shikama), Hyogo, Japan",harmonics_noaa_cptt.txt,1519,8737,0.0844,0.267,-10,-0.106,1.871,JMA_Japan,0,nein
X2.txt,33.3611,129.5753,2025,"Tabira (Hiradoseto), Nagasaki, Japan",harmonics_utide_observations.txt,0,8761,0.0231,0.062,0,-0.0,3.358,JMA_Japan,1,nein
X2.txt,33.3611,129.5753,2025,"Tabira (Hiradoseto), Nagasaki, Japan",harmonics_ticon4_worldwide.txt,2,8761,0.0259,0.084,0,0.0,3.387,JMA_Japan,0,nein
Q8.txt,34.3531,132.4647,2025,"Hiroshima, Hiroshima, Japan",harmonics_utide_observations.txt,0,8761,0.0167,0.068,0,0.0,4.267,JMA_Japan,1,nein
Q8.txt,34.3531,132.4647,2025,"Hiroshima, Hiroshima, Japan",harmonics_ticon4_worldwide.txt,6,8761,0.045,0.17,0,0.0,4.268,JMA_Japan,0,nein
Q8.txt,34.3531,132.4647,2025,"Hiroshima Ko (Ujina Ko), Hiroshima, Japan",harmonics_noaa_cptt.txt,391,8761,0.2141,0.602,-10,0.019,3.911,JMA_Japan,0,nein
D1.txt,36.4994,140.6286,2025,"Hitachi, Ibaraki, Japan",harmonics_utide_observations.txt,0,8737,0.0054,0.016,0,0.0,1.738,JMA_Japan,1,nein
HW.txt,33.7310,134.5410,2025,"Hiwasa, Tokushima, Japan",harmonics_utide_observations.txt,0,8737,0.0067,0.019,0,-0.0,2.254,JMA_Japan,1,nein
HS.txt,32.4297,130.2097,2025,"Hondoseto, Kumamoto, Japan",harmonics_utide_observations.txt,0,8761,0.0193,0.075,0,-0.0,4.167,JMA_Japan,1,nein
HS.txt,32.4297,130.2097,2025,"Hondoseto, Kumamoto, Japan",harmonics_ticon4_worldwide.txt,2,8761,0.0345,0.12,0,0.0,4.159,JMA_Japan,0,nein
HS.txt,32.4297,130.2097,2025,"Amakusa (Hondo), Kumamoto, Japan",harmonics-2004-06-14_mod.txt,2431,8761,0.1034,0.393,10,-0.0,4.504,JMA_Japan,0,nein
HM.txt,35.4233,139.6753,2025,"Yokohama (Honmoku), Kanagawa, Japan",harmonics_utide_observations.txt,0,8737,0.0062,0.02,0,0.0,2.252,JMA_Japan,1,nein
HM.txt,35.4233,139.6753,2025,"Yokohama (Shinyamashita), Kanagawa, Japan",harmonics_ticon4_worldwide.txt,1427,8737,0.0276,0.107,0,0.0,2.247,JMA_Japan,0,nein
L0.txt,34.0687,133.0056,2025,"Imabari, Ehime, Japan",harmonics_utide_observations.txt,0,8761,0.015,0.046,0,0.0,3.886,JMA_Japan,1,nein
L0.txt,34.0687,133.0056,2025,"Imabari, Ehime, Japan",harmonics_noaa_cptt.txt,562,8761,0.209,0.605,-10,0.049,3.835,JMA_Japan,0,nein
M0.txt,34.1229,132.9765,2025,"Imabari Kojima, Ehime, Japan",harmonics_utide_observations.txt,0,8761,0.0147,0.054,0,0.0,4.256,JMA_Japan,1,nein
M0.txt,34.1229,132.9765,2025,"Kurushima Koro, Ehime, Japan",harmonics_utide_observations.txt,936,8761,0.0756,0.265,10,-0.0,4.02,JMA_Japan,0,nein
M0.txt,34.1229,132.9765,2025,"Umashima, Ehime, Japan",harmonics_ticon4_worldwide.txt,1432,8761,0.0764,0.315,10,-0.0,4.192,JMA_Japan,0,nein
M0.txt,34.1229,132.9765,2025,"Hashihama, Ehime, Japan",harmonics-2004-06-14_mod.txt,1637,8761,0.1044,0.41,0,0.0,4.21,JMA_Japan,0,nein
M0.txt,34.1229,132.9765,2025,"Hashihama, Ehime, Japan",harmonics_utide_observations.txt,1637,8761,0.0765,0.311,0,-0.0,4.286,JMA_Japan,0,nein
IJ.txt,24.3592,123.7465,2025,"Shirahama (Iriomote), Okinawa, Japan",harmonics-2004-06-14_mod.txt,0,8737,0.0029,0.012,0,0.0,2.248,JMA_Japan,0,nein
IJ.txt,24.3592,123.7465,2025,"Shirahama (Iriomote), Okinawa, Japan",harmonics_utide_observations.txt,0,8737,0.003,0.012,0,0.0,2.249,JMA_Japan,1,nein
G9.txt,34.6117,138.8492,2025,"Irozaki, Shizuoka, Japan",harmonics_ticon4_worldwide.txt,0,8761,0.0274,0.072,0,-0.0,2.036,JMA_Japan,0,nein
G9.txt,34.6117,138.8492,2025,"Irozaki, Shizuoka, Japan",harmonics_utide_observations.txt,0,8761,0.0158,0.047,0,-0.0,2.022,JMA_Japan,1,nein
IS.txt,24.3322,124.1636,2025,"Ishigaki, Okinawa, Japan",harmonics_ticon4_worldwide.txt,0,8737,0.0324,0.091,0,0.0,2.305,JMA_Japan,0,nein
IS.txt,24.3322,124.1636,2025,"Ishigaki, Okinawa, Japan",harmonics_utide_observations.txt,0,8737,0.0151,0.045,0,0.0,2.363,JMA_Japan,1,nein
IK.txt,43.2144,141.3090,2025,"Ishikari, Hokkaido, Japan",harmonics_ticon4_worldwide.txt,0,8737,0.0168,0.049,0,-0.0,0.5,JMA_Japan,0,nein
IK.txt,43.2144,141.3090,2025,"Ishikari, Hokkaido, Japan",harmonics_utide_observations.txt,0,8737,0.0137,0.036,0,0.004,0.544,JMA_Japan,1,nein
E6.txt,38.4081,141.2670,2025,"Ishinomaki, Miyagi, Japan",harmonics_utide_observations.txt,0,8737,0.0207,0.058,0,0.0,1.869,JMA_Japan,1,nein
E6.txt,38.4081,141.2670,2025,"Ishinomaki, Miyagi, Japan",harmonics_ticon4_worldwide.txt,7,8737,0.0322,0.09,0,-0.0,1.862,JMA_Japan,0,nein
Z3.txt,34.8956,139.1330,2025,"Futo (Ito), Shizuoka, Japan",harmonics_utide_observations.txt,0,8737,0.0118,0.039,0,-0.0,1.865,JMA_Japan,1,nein
Z3.txt,34.8956,139.1330,2025,"Futo (Ito), Shizuoka, Japan",harmonics_ticon4_worldwide.txt,7,8737,0.0265,0.071,0,-0.0,1.872,JMA_Japan,0,nein
IZ.txt,34.3929,133.0934,2025,"Itozaki (Mihara), Hiroshima, Japan",harmonics_utide_observations.txt,0,8761,0.0301,0.107,0,0.0,4.059,JMA_Japan,1,nein
IZ.txt,34.3929,133.0934,2025,"Itozaki, Hiroshima, Japan",harmonics-2004-06-14_mod.txt,2414,8761,0.0929,0.326,10,0.0,4.018,JMA_Japan,0,nein
B5.txt,42.9872,140.5072,2025,"Iwanai, Hokkaido, Japan",harmonics_utide_observations.txt,0,8737,0.0086,0.028,0,-0.0,0.531,JMA_Japan,1,nein
B5.txt,42.9872,140.5072,2025,"Iwanai, Hokkaido, Japan",harmonics_ticon4_worldwide.txt,2,8737,0.0113,0.043,0,-0.0,0.528,JMA_Japan,0,nein
L8.txt,33.9870,133.5440,2025,"Shikokuchuo, Ehime, Japan",harmonics_utide_observations.txt,0,8761,0.0074,0.034,0,-0.0,4.283,JMA_Japan,1,nein
QE.txt,34.1975,129.2911,2025,"Izuhara, Nagasaki, Japan",harmonics_ticon4_worldwide.txt,0,8737,0.0222,0.073,0,0.0,2.292,JMA_Japan,0,nein
QE.txt,34.1975,129.2911,2025,"Izuhara, Nagasaki, Japan",harmonics_utide_observations.txt,0,8737,0.0089,0.035,0,0.0,2.295,JMA_Japan,1,nein
IO.txt,34.5167,135.4000,2025,"Izumiotsu, Osaka, Japan",harmonics_utide_observations.txt,0,8737,0.0094,0.034,0,-0.0,2.097,JMA_Japan,1,nein
IO.txt,34.5167,135.4000,2025,"Izumi-Otu, Osaka, Japan",harmonics-2004-06-14_mod.txt,1853,8737,0.0128,0.034,0,-0.0,2.108,JMA_Japan,0,nein
KG.txt,31.5925,130.5647,2025,"Kagoshima, Kagoshima, Japan",harmonics_utide_observations.txt,0,8737,0.0106,0.042,0,0.0,3.456,JMA_Japan,1,nein
KG.txt,31.5925,130.5647,2025,"Kagoshima, Kagoshima, Japan",harmonics_ticon4_worldwide.txt,2,8737,0.0298,0.085,0,0.0,3.446,JMA_Japan,0,nein
KG.txt,31.5925,130.5647,2025,"Kagoshima Ko, Kagoshima Kaiwan, Kagoshima, Japan",harmonics_noaa_cptt.txt,855,8737,0.208,0.62,0,-0.065,3.169,JMA_Japan,0,nein
Z9.txt,34.1442,135.1914,2025,"Kainan, Wakayama, Japan",harmonics_utide_observations.txt,0,8737,0.0112,0.04,0,0.0,2.382,JMA_Japan,1,nein
Z9.txt,34.1442,135.1914,2025,"Kainan, Wakayama, Japan",harmonics_ticon4_worldwide.txt,4,8737,0.0294,0.102,0,0.0,2.355,JMA_Japan,0,nein
Q6.txt,39.2733,141.8892,2025,"Kamaisi, Iwate, Japan",harmonics_utide_observations.txt,0,8737,0.0147,0.044,0,-0.0,1.789,JMA_Japan,1,nein
Q6.txt,39.2733,141.8892,2025,"Kamaisi, Iwate, Japan",harmonics_ticon4_worldwide.txt,5,8737,0.03,0.092,0,-0.0,1.733,JMA_Japan,0,nein
T1.txt,36.6178,136.6028,2025,"Kanazawa, Ishikawa, Japan",harmonics_utide_observations.txt,0,8737,0.0093,0.029,0,-0.0,0.671,JMA_Japan,1,nein
T1.txt,36.6178,136.6028,2025,"Kanazawa, Ishikawa, Japan",harmonics_ticon4_worldwide.txt,2,8737,0.0104,0.03,0,-0.0,0.669,JMA_Japan,0,nein
KK.txt,34.4444,135.2543,2025,"Kansai Airport, Osaka, Japan",harmonics_utide_observations.txt,0,8737,0.0136,0.049,0,0.0,2.093,JMA_Japan,1,nein
L7.txt,33.5428,134.3022,2025,"Kannoura, Kochi, Japan",harmonics_utide_observations.txt,0,8737,0.0053,0.016,0,0.0,2.235,JMA_Japan,1,nein
L7.txt,33.5428,134.3022,2025,"Kannoura, Kochi, Japan",harmonics_noaa_cptt.txt,826,8737,0.1582,0.478,0,-0.008,2.071,JMA_Japan,0,nein
KA.txt,33.4669,129.9617,2025,"Karatsu, Saga, Japan",harmonics_utide_observations.txt,0,8761,0.0134,0.047,0,0.0,2.627,JMA_Japan,1,nein
KA.txt,33.4669,129.9617,2025,"Karatsu, Saga, Japan",harmonics_ticon4_worldwide.txt,6,8761,0.0217,0.083,0,0.0,2.614,JMA_Japan,0,nein
O3.txt,33.7936,131.0006,2025,"Kanda, Fukuoka, Japan",harmonics_utide_observations.txt,0,8761,0.0156,0.053,0,0.0,4.45,JMA_Japan,1,nein
O3.txt,33.7936,131.0006,2025,"Kanda, Fukuoka, Japan",harmonics_ticon4_worldwide.txt,5,8761,0.0349,0.122,0,0.0,4.393,JMA_Japan,0,nein
ZL.txt,33.4731,129.8492,2025,"Kariya, Saga, Japan",harmonics_utide_observations.txt,0,8761,0.0118,0.043,0,0.0,2.946,JMA_Japan,1,nein
ZL.txt,33.4731,129.8492,2025,"Kariya, Saga, Japan",harmonics_ticon4_worldwide.txt,6,8761,0.029,0.093,0,0.0,2.993,JMA_Japan,0,nein
D2.txt,35.9295,140.6936,2025,"Kashima, Ibaraki, Japan",harmonics_utide_observations.txt,0,8737,0.0126,0.043,0,-0.0,1.787,JMA_Japan,1,nein
D2.txt,35.9295,140.6936,2025,"Kashima, Ibaraki, Japan",harmonics_ticon4_worldwide.txt,6,8737,0.0298,0.082,0,-0.0,1.785,JMA_Japan,0,nein
ZC.txt,37.3567,138.5086,2025,"Kashiwazaki, Niigata, Japan",harmonics_utide_observations.txt,0,8737,0.0096,0.027,0,-0.0,0.633,JMA_Japan,1,nein
ZC.txt,37.3567,138.5086,2025,"Kashiwazaki, Niigata, Japan",harmonics_ticon4_worldwide.txt,4,8737,0.0118,0.037,0,-0.0,0.656,JMA_Japan,0,nein
G5.txt,34.7828,137.1881,2025,"Katanohara (Katahara), Aichi, Japan",harmonics_utide_observations.txt,0,8737,0.0061,0.021,0,0.0,2.802,JMA_Japan,1,nein
G5.txt,34.7828,137.1881,2025,"Suzaki, Aichi, Japan",harmonics-2004-06-14_mod.txt,1977,8737,0.1101,0.374,0,-0.03,2.701,JMA_Japan,0,nein
ZF.txt,35.1294,140.2494,2025,"Katsuura, Chiba, Japan",harmonics_utide_observations.txt,0,8737,0.0122,0.039,0,0.0,1.85,JMA_Japan,1,nein
ZF.txt,35.1294,140.2494,2025,"Katsuura, Chiba, Japan",harmonics_ticon4_worldwide.txt,7,8737,0.0257,0.068,0,0.0,1.86,JMA_Japan,0,nein
KW.txt,35.5035,139.7761,2025,"Kawasaki (Shiohama Unga), Kanagawa, Japan",harmonics_ticon4_worldwide.txt,0,8737,0.0313,0.103,0,-0.0,2.26,JMA_Japan,0,nein
KW.txt,35.5035,139.7761,2025,"Kawasaki (Shiohama Unga), Kanagawa, Japan",harmonics_utide_observations.txt,0,8737,0.006,0.018,0,-0.0,2.247,JMA_Japan,1,nein
YK.txt,35.4670,139.6381,2025,"Yokohama (Keihin), Kanagawa, Japan",harmonics_utide_observations.txt,0,8737,0.0146,0.054,0,-0.0,2.213,JMA_Japan,1,nein
YK.txt,35.4670,139.6381,2025,"Yokohama (Shinko), Kanagawa, Japan",harmonics_ticon4_worldwide.txt,1527,8737,0.0267,0.077,0,-0.0,2.209,JMA_Japan,0,nein
YK.txt,35.4670,139.6381,2025,"Yokohama (Shinko), Kanagawa, Japan",harmonics_utide_observations.txt,1527,8737,0.0205,0.065,0,-0.0,2.202,JMA_Japan,0,nein
I7.txt,36.8897,137.4146,2025,"Ikuji (Kurobe), Toyama, Japan",harmonics-2004-06-14_mod.txt,0,8737,0.0389,0.116,0,-0.0,0.676,JMA_Japan,0,nein
I7.txt,36.8897,137.4146,2025,"Ikuji (Kurobe), Toyama, Japan",harmonics_utide_observations.txt,0,8737,0.0198,0.047,0,-0.0,0.703,JMA_Japan,1,nein
G8.txt,34.8833,136.9500,2025,"Kinuura, Aichi, Japan",harmonics_utide_observations.txt,0,8761,0.013,0.047,0,0.0,2.788,JMA_Japan,1,nein
KP.txt,43.0783,145.1164,2025,"Hamanaka (Kiritappu), Hokkaido, Japan",harmonics_ticon4_worldwide.txt,0,8737,0.0253,0.072,0,0.0,1.635,JMA_Japan,0,nein
KP.txt,43.0783,145.1164,2025,"Hamanaka (Kiritappu), Hokkaido, Japan",harmonics_utide_observations.txt,0,8737,0.017,0.051,0,0.0,1.72,JMA_Japan,1,nein
KZ.txt,35.3716,139.9132,2025,"Kisarazu, Chiba, Japan",harmonics_utide_observations.txt,0,8737,0.0069,0.023,0,0.0,2.176,JMA_Japan,1,nein
J2.txt,34.4667,135.3667,2025,"Kishiwada, Osaka, Japan",harmonics_utide_observations.txt,0,8737,0.0069,0.021,0,0.0,1.972,JMA_Japan,1,nein
J2.txt,34.4667,135.3667,2025,"Kishiwada, Osaka, Japan",harmonics-2004-06-14_mod.txt,31,8737,0.1275,0.194,0,-0.0,2.129,JMA_Japan,0,nein
KB.txt,34.6822,135.1903,2025,"Kobe, Hyogo, Japan",harmonics_utide_observations.txt,0,8737,0.0126,0.052,0,-0.0,2.056,JMA_Japan,1,nein
KB.txt,34.6822,135.1903,2025,"Kobe, Hyogo, Japan",harmonics_ticon4_worldwide.txt,2,8737,0.0402,0.145,0,0.0,2.05,JMA_Japan,0,nein
KC.txt,33.4992,133.5692,2025,"Kochi, Kochi, Japan",harmonics_utide_observations.txt,0,8761,0.0111,0.04,0,-0.0,2.356,JMA_Japan,1,nein
KC.txt,33.4992,133.5692,2025,"Kochi, Kochi, Japan",harmonics_ticon4_worldwide.txt,5,8761,0.0262,0.089,0,0.0,2.339,JMA_Japan,0,nein
KC.txt,33.4992,133.5692,2025,"Urado Ko, Kochi, Japan",harmonics_noaa_cptt.txt,248,8761,0.1526,0.415,0,-0.017,2.071,JMA_Japan,0,nein
L6.txt,32.9388,132.9928,2025,"Shimoda, Kochi, Japan",harmonics_utide_observations.txt,0,8737,0.0055,0.018,0,0.0,2.346,JMA_Japan,1,nein
KO.txt,32.7225,129.8352,2025,"Kogo, Nagasaki, Japan",harmonics_ticon4_worldwide.txt,0,8737,0.0294,0.076,0,-0.0,3.605,JMA_Japan,0,nein
KO.txt,32.7225,129.8352,2025,"Kogo, Nagasaki, Japan",harmonics_utide_observations.txt,0,8737,0.0116,0.038,0,-0.0,3.619,JMA_Japan,1,nein
KO.txt,32.7225,129.8352,2025,"Megami, Nagasaki, Japan",harmonics-2004-06-14_mod.txt,1554,8737,0.1305,0.353,0,-0.0,3.288,JMA_Japan,0,nein
KM.txt,34.0092,134.5878,2025,"Komatushima, Tokushima, Japan",harmonics_utide_observations.txt,0,8761,0.0106,0.04,0,-0.0,2.231,JMA_Japan,1,nein
KM.txt,34.0092,134.5878,2025,"Komatushima, Tokushima, Japan",harmonics_ticon4_worldwide.txt,4,8761,0.0258,0.083,0,0.0,2.235,JMA_Japan,0,nein
KM.txt,34.0092,134.5878,2025,"Komatsushima Ko, Tokushima, Japan",harmonics_noaa_cptt.txt,1400,8761,0.114,0.344,-10,0.004,1.975,JMA_Japan,0,nein
QO.txt,34.2092,139.1317,2025,"Kozushima, Tokyo, Japan",harmonics_utide_observations.txt,0,8761,0.0216,0.064,0,0.0,1.914,JMA_Japan,1,nein
QO.txt,34.2092,139.1317,2025,"Kozushima, Tokyo, Japan",harmonics_ticon4_worldwide.txt,5,8761,0.0294,0.093,0,-0.0,1.878,JMA_Japan,0,nein
KT.txt,32.6053,130.1953,2025,"Kuchinotsu, Nagasaki, Japan",harmonics_utide_observations.txt,0,8761,0.0161,0.053,0,0.0,4.076,JMA_Japan,1,nein
KT.txt,32.6053,130.1953,2025,"Kuchinotsu, Nagasaki, Japan",harmonics_ticon4_worldwide.txt,2,8761,0.0431,0.136,0,-0.0,4.106,JMA_Japan,0,nein
KT.txt,32.6053,130.1953,2025,"Kuchinotsu Wan, Nagasaki, Japan",harmonics_noaa_cptt.txt,1269,8761,0.253,0.776,10,-0.011,4.027,JMA_Japan,0,nein
XT.txt,40.1922,141.7967,2025,"Kuji, Iwate, Japan",harmonics_utide_observations.txt,0,8737,0.0132,0.045,0,-0.0,1.756,JMA_Japan,1,nein
XT.txt,40.1922,141.7967,2025,"Kuji, Iwate, Japan",harmonics_ticon4_worldwide.txt,3,8737,0.0298,0.084,0,-0.0,1.733,JMA_Japan,0,nein
XT.txt,40.1922,141.7967,2025,"Kuji Wan, Iwate, Japan",harmonics_noaa_cptt.txt,1966,8737,0.0895,0.268,0,0.006,1.786,JMA_Japan,0,nein
KU.txt,32.7522,130.5647,2025,"Kumamoto, Kumamoto, Japan",harmonics_utide_observations.txt,0,8761,0.0256,0.087,0,-0.0,5.178,JMA_Japan,1,nein
KU.txt,32.7522,130.5647,2025,"Kumamoto, Kumamoto, Japan",harmonics_ticon4_worldwide.txt,2,8761,0.0432,0.144,0,-0.0,5.134,JMA_Japan,0,nein
KN.txt,33.9258,136.1689,2025,"Nigishima (Kumano), Mie, Japan",harmonics_ticon4_worldwide.txt,0,8761,0.0235,0.063,0,0.0,2.132,JMA_Japan,0,nein
KN.txt,33.9258,136.1689,2025,"Nigishima (Kumano), Mie, Japan",harmonics_utide_observations.txt,0,8761,0.0145,0.039,0,-0.0,2.128,JMA_Japan,1,nein
Q9.txt,34.2405,132.5503,2025,"Kure, Hiroshima, Japan",harmonics_utide_observations.txt,0,8761,0.0183,0.063,0,0.0,4.325,JMA_Japan,1,nein
Q9.txt,34.2405,132.5503,2025,"Kure, Hiroshima, Japan",harmonics_ticon4_worldwide.txt,6,8761,0.0459,0.172,0,0.0,4.337,JMA_Japan,0,nein
ZH.txt,33.3336,133.2433,2025,"Kure, Kochi, Japan",harmonics_utide_observations.txt,0,8761,0.0121,0.039,0,-0.0,2.373,JMA_Japan,1,nein
ZH.txt,33.3336,133.2433,2025,"Kure, Kochi, Japan",harmonics_ticon4_worldwide.txt,4,8761,0.0251,0.074,0,0.0,2.377,JMA_Japan,0,nein
KS.txt,33.4758,135.7733,2025,"Kushimoto, Wakayama, Japan",harmonics_ticon4_worldwide.txt,0,8761,0.0246,0.074,0,-0.0,2.209,JMA_Japan,0,nein
KS.txt,33.4758,135.7733,2025,"Kushimoto, Wakayama, Japan",harmonics_utide_observations.txt,0,8761,0.0136,0.046,0,-0.0,2.222,JMA_Japan,1,nein
KS.txt,33.4758,135.7733,2025,"Kushimoto, Fukuro Ko, Wakayama, Japan",harmonics_noaa_cptt.txt,1183,8761,0.1131,0.359,0,0.014,2.102,JMA_Japan,0,nein
KR.txt,42.9756,144.3714,2025,"Kushiro, Hokkaido, Japan",harmonics_ticon4_worldwide.txt,0,8737,0.0301,0.089,0,-0.0,1.661,JMA_Japan,0,nein
KR.txt,42.9756,144.3714,2025,"Kushiro, Hokkaido, Japan",harmonics_utide_observations.txt,0,8737,0.0125,0.042,0,-0.0,1.697,JMA_Japan,1,nein
KR.txt,42.9756,144.3714,2025,"Kushiro Ko, Hokkaido, Japan",harmonics_noaa_cptt.txt,1061,8737,0.1057,0.324,10,-0.014,1.717,JMA_Japan,0,nein
F3.txt,45.1876,141.1351,2025,"Kutsugata (Rishiri-to), Hokkaido, Japan",harmonics_ticon4_worldwide.txt,0,8737,0.0106,0.034,0,-0.0,0.493,JMA_Japan,0,nein
F3.txt,45.1876,141.1351,2025,"Kutsugata (Rishiri-to), Hokkaido, Japan",harmonics_utide_observations.txt,0,8737,0.0093,0.026,0,-0.0,0.496,JMA_Japan,1,nein
MI.txt,34.6820,137.6089,2025,"Maisaka (Hamamatsu), Shizuoka, Japan",harmonics_ticon4_worldwide.txt,0,8761,0.0206,0.062,0,-0.0,1.536,JMA_Japan,0,nein
MI.txt,34.6820,137.6089,2025,"Maisaka (Hamamatsu), Shizuoka, Japan",harmonics_utide_observations.txt,0,8761,0.0123,0.036,0,-0.0,1.573,JMA_Japan,1,nein
MZ.txt,35.4767,135.3870,2025,"Maizuru (Higashi Ko), Kyoto, Japan",harmonics_utide_observations.txt,0,8737,0.0077,0.023,0,-0.0,0.692,JMA_Japan,1,nein
MZ.txt,35.4767,135.3870,2025,"Maizuru (Higashi Ko), Kyoto, Japan",harmonics_ticon4_worldwide.txt,6,8737,0.0095,0.031,0,0.0,0.682,JMA_Japan,0,nein
MK.txt,31.2678,130.2930,2025,"Makurazaki, Kagoshima, Japan",harmonics_ticon4_worldwide.txt,0,8737,0.0293,0.079,0,0.0,3.176,JMA_Japan,0,nein
MK.txt,31.2678,130.2930,2025,"Makurazaki, Kagoshima, Japan",harmonics_utide_observations.txt,0,8737,0.0103,0.033,0,0.0,3.189,JMA_Japan,1,nein
A5.txt,41.4220,140.0914,2025,"Matsumae, Hokkaido, Japan",harmonics_utide_observations.txt,0,8737,0.0058,0.021,0,-0.0,0.637,JMA_Japan,1,nein
A5.txt,41.4220,140.0914,2025,"Matsumae, Hokkaido, Japan",harmonics_ticon4_worldwide.txt,6,8737,0.0128,0.04,0,0.0,0.651,JMA_Japan,0,nein
MT.txt,33.8589,132.7122,2025,"Matsuyama, Ehime, Japan",harmonics_utide_observations.txt,0,8761,0.0134,0.045,0,0.0,4.06,JMA_Japan,1,nein
MT.txt,33.8589,132.7122,2025,"Matsuyama, Ehime, Japan",harmonics_ticon4_worldwide.txt,2,8761,0.037,0.128,0,-0.0,4.085,JMA_Japan,0,nein
MR.txt,34.9189,139.8250,2025,"Mera, Chiba, Japan",harmonics_ticon4_worldwide.txt,0,8737,0.0263,0.069,0,-0.0,1.852,JMA_Japan,0,nein
MR.txt,34.9189,139.8250,2025,"Mera, Chiba, Japan",harmonics_utide_observations.txt,0,8737,0.0114,0.038,0,-0.0,1.844,JMA_Japan,1,nein
G4.txt,34.7345,137.3206,2025,"Mikawa (Toyohashi), Aichi, Japan",harmonics_utide_observations.txt,0,8737,0.0218,0.057,0,0.0,2.813,JMA_Japan,1,nein
G4.txt,34.7345,137.3206,2025,"Mikawa (Toyohashi), Aichi, Japan",harmonics_ticon4_worldwide.txt,7,8737,0.0292,0.091,0,-0.0,2.842,JMA_Japan,0,nein
ZG.txt,36.2544,136.1489,2025,"Mikuni, Fukui, Japan",harmonics_utide_observations.txt,0,8737,0.0156,0.041,10,-0.0,0.64,JMA_Japan,1,nein
ZG.txt,36.2544,136.1489,2025,"Mikuni, Fukui, Japan",harmonics_ticon4_worldwide.txt,6,8737,0.017,0.046,10,-0.0,0.657,JMA_Japan,0,nein
O7.txt,32.1982,130.3782,2025,"Minamata, Kumamoto, Japan",harmonics_utide_observations.txt,0,8761,0.0152,0.045,0,-0.0,4.139,JMA_Japan,1,nein
O7.txt,32.1982,130.3782,2025,"Hukuro Ura (Minamata), Kumamoto, Japan",harmonics-2004-06-14_mod.txt,1695,8761,0.1643,0.476,10,-0.0,3.824,JMA_Japan,0,nein
DJ.txt,25.8686,131.2281,2025,"Minamidaito, Okinawa, Japan",harmonics_ticon4_worldwide.txt,0,8737,0.0231,0.065,0,0.0,2.373,JMA_Japan,0,nein
DJ.txt,25.8686,131.2281,2025,"Minamidaito, Okinawa, Japan",harmonics_utide_observations.txt,0,8737,0.0231,0.066,0,0.0,2.391,JMA_Japan,1,nein
QK.txt,34.6288,138.8891,2025,"Minamiizu, Shizuoka, Japan",harmonics_utide_observations.txt,0,8737,0.0056,0.017,0,0.0,2.041,JMA_Japan,1,nein
MC.txt,24.2811,153.9779,2025,"Minamitorishima, Tokyo, Japan",harmonics_ticon4_worldwide.txt,0,8737,0.0234,0.082,0,0.03,0.993,JMA_Japan,0,nein
MC.txt,24.2811,153.9779,2025,"Minamitorishima, Tokyo, Japan",harmonics_utide_observations.txt,0,8737,0.0248,0.068,0,0.03,0.995,JMA_Japan,1,nein
MC.txt,24.2811,153.9779,2025,"Marcus Island, Tokyo, Japan",harmonics_noaa_cptt.txt,1161,8737,0.273,0.81,-30,-0.171,1.297,JMA_Japan,0,nein
J9.txt,34.0339,131.5883,2025,"Hofu (Mitajiri), Yamaguchi, Japan",harmonics-2004-06-14_mod.txt,0,8761,0.0304,0.101,0,0.0,3.787,JMA_Japan,0,nein
J9.txt,34.0339,131.5883,2025,"Hofu (Mitajiri), Yamaguchi, Japan",harmonics_utide_observations.txt,0,8761,0.0105,0.033,0,-0.0,3.831,JMA_Japan,1,nein
J9.txt,34.0339,131.5883,2025,"Hofu (Mitajiri), Yamaguchi, Japan",harmonics_noaa_cptt.txt,466,8761,0.2107,0.642,0,0.093,3.391,JMA_Japan,0,nein
J9.txt,34.0339,131.5883,2025,"Hofu (Mitajiri), Yamaguchi, Japan",harmonics_ticon4_worldwide.txt,497,8761,0.0466,0.151,0,-0.0,3.857,JMA_Japan,0,nein
QP.txt,34.0672,139.4808,2025,"Ako (Miyakeshima), Tokyo, Japan",harmonics_utide_observations.txt,0,8737,0.0262,0.078,0,-0.0,1.848,JMA_Japan,1,nein
QP.txt,34.0672,139.4808,2025,"Ako (Miyakeshima), Tokyo, Japan",harmonics_ticon4_worldwide.txt,4,8737,0.0383,0.114,0,-0.0,1.827,JMA_Japan,0,nein
MJ.txt,34.0572,139.5439,2025,"Tsubota (Miyakeshima), Tokyo, Japan",harmonics_ticon4_worldwide.txt,0,8761,0.0354,0.095,0,-0.0,1.953,JMA_Japan,0,nein
MJ.txt,34.0572,139.5439,2025,"Tsubota (Miyakeshima), Tokyo, Japan",harmonics_utide_observations.txt,0,8761,0.0233,0.066,0,-0.0,1.897,JMA_Japan,1,nein
MY.txt,39.6431,141.9753,2025,"Miyako (Kuwagasaki), Iwate, Japan",harmonics_utide_observations.txt,0,8737,0.0189,0.057,0,-0.0,1.809,JMA_Japan,1,nein
MY.txt,39.6431,141.9753,2025,"Miyako (Kuwagasaki), Iwate, Japan",harmonics_ticon4_worldwide.txt,6,8737,0.0331,0.094,0,0.0,1.769,JMA_Japan,0,nein
MY.txt,39.6431,141.9753,2025,"Miyako Ko, Iwate, Japan",harmonics_noaa_cptt.txt,1315,8737,0.0817,0.218,10,0.007,1.65,JMA_Japan,0,nein
MG.txt,31.9028,131.4564,2025,"Miyazaki, Miyazaki, Japan",harmonics_utide_observations.txt,0,8761,0.0123,0.044,0,0.0,2.463,JMA_Japan,1,nein
MG.txt,31.9028,131.4564,2025,"Miyazaki, Miyazaki, Japan",harmonics_ticon4_worldwide.txt,2,8761,0.0382,0.112,0,0.0,2.474,JMA_Japan,0,nein
T2.txt,35.5400,135.1939,2025,"Miyazu, Kyoto, Japan",harmonics_utide_observations.txt,0,8737,0.0034,0.009,0,0.0,0.733,JMA_Japan,1,nein
T2.txt,35.5400,135.1939,2025,"Shishizaki, Kyoto, Japan",harmonics-2004-06-14_mod.txt,1945,8737,0.0411,0.127,10,-0.03,0.697,JMA_Japan,0,nein
MM.txt,34.5164,133.7370,2025,"Mizushima, Okayama, Japan",harmonics_utide_observations.txt,0,8761,0.0152,0.052,0,0.0,3.761,JMA_Japan,1,nein
MO.txt,33.9452,130.9576,2025,"Moji, Fukuoka, Japan",harmonics_utide_observations.txt,0,8761,0.014,0.052,0,0.0,2.822,JMA_Japan,1,nein
MO.txt,33.9452,130.9576,2025,"Miojin Hana, Fukuoka, Japan",harmonics_ticon4_worldwide.txt,2,8761,0.0268,0.092,0,0.0,2.794,JMA_Japan,0,nein
MO.txt,33.9452,130.9576,2025,"Moji, Fukuoka, Japan",harmonics-2004-06-14_mod.txt,22,8761,0.0338,0.11,0,0.0,2.882,JMA_Japan,0,nein
MO.txt,33.9452,130.9576,2025,"Kazi-Ga-Hana, Fukuoka, Japan",harmonics-2004-06-14_mod.txt,1358,8761,0.0562,0.181,0,0.0,2.98,JMA_Japan,0,nein
MO.txt,33.9452,130.9576,2025,"Dannoura (Shimonoseki), Yamaguchi, Japan",harmonics-2004-06-14_mod.txt,1991,8761,0.0617,0.206,0,-0.1,3.043,JMA_Japan,0,nein
MO.txt,33.9452,130.9576,2025,"Shimonoseki Sanbasi, Yamaguchi, Japan",harmonics-2004-06-14_mod.txt,2331,8761,0.1067,0.33,10,-0.0,2.642,JMA_Japan,0,nein
MO.txt,33.9452,130.9576,2025,"Maeda, Yamaguchi, Japan",harmonics-2004-06-14_mod.txt,2833,8761,0.3459,0.912,0,-0.7,3.937,JMA_Japan,0,nein
A0.txt,44.3542,143.3583,2025,"Monbetsu, Hokkaido, Japan",harmonics_ticon4_worldwide.txt,0,8737,0.0298,0.077,0,-0.0,1.551,JMA_Japan,0,nein
A0.txt,44.3542,143.3583,2025,"Monbetsu, Hokkaido, Japan",harmonics_utide_observations.txt,0,8737,0.0097,0.032,0,-0.0,1.614,JMA_Japan,1,nein
A0.txt,44.3542,143.3583,2025,"Monbetsu Byochi, Hokkaido, Japan",harmonics_noaa_cptt.txt,815,8737,0.0639,0.223,0,-0.022,1.739,JMA_Japan,0,nein
A3.txt,42.1107,140.5946,2025,"Mori, Hokkaido, Japan",harmonics_ticon4_worldwide.txt,0,8737,0.0332,0.107,0,-0.0,1.906,JMA_Japan,0,nein
A3.txt,42.1107,140.5946,2025,"Mori, Hokkaido, Japan",harmonics_utide_observations.txt,0,8737,0.0176,0.062,0,0.0,1.866,JMA_Japan,1,nein
A3.txt,42.1107,140.5946,2025,"Mori Ko, Iburi Wan, Hokkaido, Japan",harmonics_noaa_cptt.txt,802,8737,0.1065,0.332,-10,0.067,1.785,JMA_Japan,0,nein
A8.txt,42.3452,140.9507,2025,"Muroran, Hokkaido, Japan",harmonics_ticon4_worldwide.txt,0,8737,0.0335,0.095,0,-0.0,1.877,JMA_Japan,0,nein
A8.txt,42.3452,140.9507,2025,"Muroran, Hokkaido, Japan",harmonics_utide_observations.txt,0,8737,0.0131,0.048,0,-0.0,1.871,JMA_Japan,1,nein
MU.txt,33.2664,134.1644,2025,"Murotozaki, Kochi, Japan",harmonics_utide_observations.txt,0,8737,0.0109,0.035,0,0.0,2.354,JMA_Japan,1,nein
MU.txt,33.2664,134.1644,2025,"Murotozaki, Kochi, Japan",harmonics_ticon4_worldwide.txt,5,8737,0.0252,0.071,0,0.0,2.345,JMA_Japan,0,nein
MU.txt,33.2664,134.1644,2025,"Murotu, Kochi, Japan",harmonics-2004-06-14_mod.txt,2307,8737,0.0569,0.171,0,-0.0,2.325,JMA_Japan,0,nein
XS.txt,40.9264,141.3880,2025,"Mutsuogawara, Aomori, Japan",harmonics_utide_observations.txt,0,8737,0.0105,0.039,0,0.0,1.777,JMA_Japan,1,nein
XS.txt,40.9264,141.3880,2025,"Mutsu-Ogawara, Aomori, Japan",harmonics_ticon4_worldwide.txt,5,8737,0.0282,0.081,0,-0.0,1.73,JMA_Japan,0,nein
NS.txt,32.7350,129.8661,2025,"Nagasaki (Matsugae), Nagasaki, Japan",harmonics_ticon4_worldwide.txt,0,8737,0.0337,0.095,0,0.0,3.648,JMA_Japan,0,nein
NS.txt,32.7350,129.8661,2025,"Nagasaki (Matsugae), Nagasaki, Japan",harmonics_utide_observations.txt,0,8737,0.0108,0.038,0,0.0,3.631,JMA_Japan,1,nein
NS.txt,32.7350,129.8661,2025,"Nagasaki (Mizunoura), Nagasaki, Japan",harmonics-2004-06-14_mod.txt,1163,8737,0.1422,0.389,0,-0.03,3.283,JMA_Japan,0,nein
NS.txt,32.7350,129.8661,2025,"Megami, Nagasaki, Japan",harmonics-2004-06-14_mod.txt,2124,8737,0.1302,0.343,0,0.0,3.288,JMA_Japan,0,nein
NG.txt,35.0914,136.8808,2025,"Nagoya, Aichi, Japan",harmonics_utide_observations.txt,0,8737,0.0096,0.038,0,-0.0,2.94,JMA_Japan,1,nein
NG.txt,35.0914,136.8808,2025,"Nagoya, Aichi, Japan",harmonics_ticon4_worldwide.txt,4,8737,0.0315,0.099,0,-0.0,2.95,JMA_Japan,0,nein
NH.txt,26.2133,127.6653,2025,"Naha, Okinawa, Japan",harmonics_ticon4_worldwide.txt,0,8737,0.0253,0.069,0,0.0,2.61,JMA_Japan,0,nein
NH.txt,26.2133,127.6653,2025,"Naha, Okinawa, Japan",harmonics_utide_observations.txt,0,8737,0.0113,0.036,0,0.0,2.634,JMA_Japan,1,nein
NK.txt,26.3272,127.8394,2025,"Awase, Okinawa, Japan",harmonics_utide_observations.txt,0,8737,0.0136,0.043,0,0.0,2.624,JMA_Japan,1,nein
NK.txt,26.3272,127.8394,2025,"Awase, Okinawa, Japan",harmonics_ticon4_worldwide.txt,5,8737,0.024,0.065,0,0.0,2.624,JMA_Japan,0,nein
QI.txt,29.8420,129.8478,2025,"Nakanoshima, Kagoshima, Japan",harmonics_ticon4_worldwide.txt,0,8737,0.0274,0.077,0,0.0,2.752,JMA_Japan,0,nein
QI.txt,29.8420,129.8478,2025,"Nakanoshima, Kagoshima, Japan",harmonics_utide_observations.txt,0,8737,0.0103,0.035,0,0.0,2.779,JMA_Japan,1,nein
XO.txt,37.0495,136.9683,2025,"Nanao, Ishikawa, Japan",harmonics_utide_observations.txt,0,8737,0.0082,0.025,0,-0.0,0.682,JMA_Japan,1,nein
XO.txt,37.0495,136.9683,2025,"Nanao, Ishikawa, Japan",harmonics_ticon4_worldwide.txt,6,8737,0.01,0.032,0,-0.0,0.683,JMA_Japan,0,nein
T3.txt,37.1837,138.2515,2025,"Naoetsu (Joetsu), Niigata, Japan",harmonics_utide_observations.txt,0,8737,0.0037,0.011,0,-0.0,0.649,JMA_Japan,1,nein
QJ.txt,28.4000,129.4980,2025,"Naze (Amami Oshima), Kagoshima, Japan",harmonics_ticon4_worldwide.txt,0,8737,0.0268,0.074,0,0.0,2.588,JMA_Japan,0,nein
QJ.txt,28.4000,129.4980,2025,"Naze (Amami Oshima), Kagoshima, Japan",harmonics_utide_observations.txt,0,8737,0.0158,0.043,0,0.0,2.631,JMA_Japan,1,nein
NM.txt,43.3413,145.5862,2025,"Nemuro, Hokkaido, Japan",harmonics_ticon4_worldwide.txt,0,8737,0.0287,0.086,0,-0.0,1.748,JMA_Japan,0,nein
NM.txt,43.3413,145.5862,2025,"Nemuro, Hokkaido, Japan",harmonics_utide_observations.txt,0,8737,0.0181,0.065,0,0.0,1.815,JMA_Japan,1,nein
NM.txt,43.3413,145.5862,2025,"Nemuro Ko, Hokkaido, Japan",harmonics_noaa_cptt.txt,920,8737,0.1154,0.384,-10,-0.014,1.787,JMA_Japan,0,nein
ZB.txt,38.5633,139.5461,2025,"Nezugaseki, Yamagata, Japan",harmonics_utide_observations.txt,0,8737,0.01,0.03,0,-0.0,0.609,JMA_Japan,1,nein
ZB.txt,38.5633,139.5461,2025,"Nezugaseki, Yamagata, Japan",harmonics_ticon4_worldwide.txt,4,8737,0.0131,0.041,0,0.0,0.636,JMA_Japan,0,nein
I5.txt,37.9905,139.2173,2025,"Niigata (Tarodai), Niigata, Japan",harmonics_utide_observations.txt,0,8737,0.0195,0.055,0,0.0,0.686,JMA_Japan,1,nein
I5.txt,37.9905,139.2173,2025,"Niigata (Tarodai), Niigata, Japan",harmonics_ticon4_worldwide.txt,6,8737,0.0184,0.046,0,0.0,0.657,JMA_Japan,0,nein
S6.txt,37.9406,139.0611,2025,"Niigata (Irifunecho), Niigata, Japan",harmonics_utide_observations.txt,0,8737,0.0085,0.025,0,-0.0,0.624,JMA_Japan,1,nein
S6.txt,37.9406,139.0611,2025,"Niigata (Irifunecho), Niigata, Japan",harmonics_ticon4_worldwide.txt,6,8737,0.0102,0.032,0,-0.0,0.618,JMA_Japan,0,nein
NI.txt,33.9676,133.2678,2025,"Niihama, Ehime, Japan",harmonics-2004-06-14_mod.txt,0,8761,0.0134,0.041,0,-0.0,4.195,JMA_Japan,0,nein
NI.txt,33.9676,133.2678,2025,"Niihama, Ehime, Japan",harmonics_utide_observations.txt,0,8761,0.0139,0.049,0,-0.0,4.207,JMA_Japan,1,nein
J5.txt,34.7085,135.3297,2025,"Nishinomiya, Hyogo, Japan",harmonics_utide_observations.txt,0,8737,0.0193,0.065,0,-0.0,2.134,JMA_Japan,1,nein
QH.txt,30.7350,130.9922,2025,"Nishinoomote, Kagoshima, Japan",harmonics_ticon4_worldwide.txt,0,8737,0.0287,0.082,0,-0.0,2.73,JMA_Japan,0,nein
QH.txt,30.7350,130.9922,2025,"Nishinoomote, Kagoshima, Japan",harmonics_utide_observations.txt,0,8737,0.0105,0.031,0,-0.0,2.762,JMA_Japan,1,nein
SZ.txt,37.5008,137.1553,2025,"Noto, Ishikawa, Japan",harmonics_ticon4_worldwide.txt,0,8737,0.0133,0.041,0,-0.0,0.647,JMA_Japan,0,nein
SZ.txt,37.5008,137.1553,2025,"Noto, Ishikawa, Japan",harmonics_utide_observations.txt,0,8737,0.0099,0.031,0,-0.0,0.638,JMA_Japan,1,nein
D3.txt,36.3000,140.5667,2025,"Oarai, Ibaraki, Japan",harmonics_utide_observations.txt,0,8737,0.0134,0.045,0,-0.0,1.735,JMA_Japan,1,nein
OD.txt,35.2381,139.1481,2025,"Odawara, Kanagawa, Japan",harmonics_ticon4_worldwide.txt,0,8737,0.0245,0.065,0,-0.0,1.815,JMA_Japan,0,nein
OD.txt,35.2381,139.1481,2025,"Odawara, Kanagawa, Japan",harmonics_utide_observations.txt,0,8737,0.0091,0.032,0,0.0,1.798,JMA_Japan,1,nein
QG.txt,31.0236,130.6892,2025,"Odomari, Kagoshima, Japan",harmonics_utide_observations.txt,0,8737,0.0137,0.045,0,0.0,3.111,JMA_Japan,1,nein
QG.txt,31.0236,130.6892,2025,"Odomari, Kagoshima, Japan",harmonics_ticon4_worldwide.txt,4,8737,0.0315,0.088,0,0.0,3.117,JMA_Japan,0,nein
QG.txt,31.0236,130.6892,2025,"Odomari Wan, Kagoshima, Japan",harmonics_noaa_cptt.txt,951,8737,0.1836,0.567,0,-0.012,2.852,JMA_Japan,0,nein
OF.txt,39.0197,141.7533,2025,"Ofunato, Iwate, Japan",harmonics_ticon4_worldwide.txt,0,8737,0.0326,0.095,0,-0.0,1.74,JMA_Japan,0,nein
OF.txt,39.0197,141.7533,2025,"Ofunato, Iwate, Japan",harmonics_utide_observations.txt,0,8737,0.0175,0.049,0,-0.0,1.777,JMA_Japan,1,nein
ZI.txt,39.9445,139.7050,2025,"Oga, Akita, Japan",harmonics_ticon4_worldwide.txt,0,8737,0.0134,0.04,0,-0.0,0.608,JMA_Japan,0,nein
ZI.txt,39.9445,139.7050,2025,"Oga, Akita, Japan",harmonics_utide_observations.txt,0,8737,0.01,0.032,10,-0.0,0.602,JMA_Japan,1,nein
ZN.txt,37.8147,138.2811,2025,"Ogi (Sado), Niigata, Japan",harmonics_ticon4_worldwide.txt,0,8737,0.01,0.033,0,-0.0,0.608,JMA_Japan,0,nein
ZN.txt,37.8147,138.2811,2025,"Ogi (Sado), Niigata, Japan",harmonics_utide_observations.txt,0,8737,0.0062,0.019,0,-0.0,0.594,JMA_Japan,1,nein
B4.txt,41.5265,140.8991,2025,"Oma, Aomori, Japan",harmonics_utide_observations.txt,0,8737,0.0038,0.012,0,-0.0,1.124,JMA_Japan,1,nein
QC.txt,33.2661,131.6867,2025,"Oita-Tsurusaki, Oita, Japan",harmonics_utide_observations.txt,0,8737,0.0129,0.046,0,0.0,2.733,JMA_Japan,1,nein
QC.txt,33.2661,131.6867,2025,"Oita-Tsurusaki, Oita, Japan",harmonics_ticon4_worldwide.txt,4,8737,0.0299,0.098,0,0.0,2.758,JMA_Japan,0,nein
OK.txt,34.7895,139.3914,2025,"Okata (Oshima), Tokyo, Japan",harmonics_utide_observations.txt,0,8737,0.0103,0.034,0,0.0,1.787,JMA_Japan,1,nein
OK.txt,34.7895,139.3914,2025,"Okata (Oshima), Tokyo, Japan",harmonics_ticon4_worldwide.txt,6,8737,0.0262,0.07,0,0.0,1.801,JMA_Japan,0,nein
ZO.txt,26.1794,127.8247,2025,"Azama, Okinawa, Japan",harmonics_utide_observations.txt,0,8737,0.0111,0.034,0,0.0,2.604,JMA_Japan,1,nein
ZO.txt,26.1794,127.8247,2025,"Azama, Okinawa, Japan",harmonics_ticon4_worldwide.txt,6,8737,0.0257,0.077,0,0.0,2.582,JMA_Japan,0,nein
ZP.txt,42.0786,139.4895,2025,"Matsue (Okushiri), Hokkaido, Japan",harmonics_utide_observations.txt,0,8737,0.009,0.029,0,0.002,0.493,JMA_Japan,1,nein
ZP.txt,42.0786,139.4895,2025,"Matsue (Okushiri), Hokkaido, Japan",harmonics_ticon4_worldwide.txt,5,8737,0.011,0.037,0,-0.0,0.504,JMA_Japan,0,nein
OR.txt,42.1742,139.5181,2025,"Okushiri, Hokkaido, Japan",harmonics_ticon4_worldwide.txt,0,8737,0.0112,0.033,0,0.0,0.534,JMA_Japan,0,nein
OR.txt,42.1742,139.5181,2025,"Okushiri, Hokkaido, Japan",harmonics_utide_observations.txt,0,8737,0.0159,0.04,0,-0.0,0.53,JMA_Japan,1,nein
OM.txt,34.6083,138.2222,2025,"Omaezaki, Shizuoka, Japan",harmonics_utide_observations.txt,0,8761,0.0103,0.036,0,-0.0,2.073,JMA_Japan,1,nein
OM.txt,34.6083,138.2222,2025,"Omaezaki, Shizuoka, Japan",harmonics_ticon4_worldwide.txt,4,8761,0.0254,0.067,0,0.0,2.072,JMA_Japan,0,nein
OM.txt,34.6083,138.2222,2025,"Omai Saki, Shizuoka, Japan",harmonics_noaa_cptt.txt,1051,8761,0.0995,0.298,-10,-0.006,2.03,JMA_Japan,0,nein
Q2.txt,41.2564,141.1450,2025,"Ominato, Aomori, Japan",harmonics_utide_observations.txt,0,8737,0.0037,0.013,0,-0.0,0.968,JMA_Japan,1,nein
Q2.txt,41.2564,141.1450,2025,"Ominato, Aomori, Japan",harmonics_ticon4_worldwide.txt,2,8737,0.0265,0.072,0,0.0,1.013,JMA_Japan,0,nein
Q2.txt,41.2564,141.1450,2025,"Ominato Ko, Mutsu Kaiwan, Aomori, Japan",harmonics_noaa_cptt.txt,825,8737,0.0851,0.224,0,0.044,0.847,JMA_Japan,0,nein
O6.txt,33.0136,130.4162,2025,"Miike (Omuta), Fukuoka, Japan",harmonics_utide_observations.txt,0,8761,0.0223,0.06,0,-0.0,5.661,JMA_Japan,1,nein
ON.txt,36.9375,140.8920,2025,"Onahama, Fukushima, Japan",harmonics_utide_observations.txt,0,8737,0.0128,0.039,0,0.0,1.73,JMA_Japan,1,nein
ON.txt,36.9375,140.8920,2025,"Onahama, Fukushima, Japan",harmonics_ticon4_worldwide.txt,4,8737,0.0271,0.079,0,-0.0,1.703,JMA_Japan,0,nein
ZD.txt,34.9036,136.8239,2025,"Onizaki, Aichi, Japan",harmonics_utide_observations.txt,0,8761,0.0107,0.038,0,-0.0,2.846,JMA_Japan,1,nein
ZD.txt,34.9036,136.8239,2025,"Onizaki, Aichi, Japan",harmonics_ticon4_worldwide.txt,2,8761,0.0305,0.091,0,-0.0,2.84,JMA_Japan,0,nein
OU.txt,32.9767,130.2206,2025,"Oura, Saga, Japan",harmonics_utide_observations.txt,0,8761,0.0264,0.082,0,-0.0,5.736,JMA_Japan,1,nein
OU.txt,32.9767,130.2206,2025,"Takezaki (Oura), Saga, Japan",harmonics-2004-06-14_mod.txt,2404,8761,0.0764,0.234,10,-0.1,5.798,JMA_Japan,0,nein
OS.txt,34.6581,135.4328,2025,"Osaka, Osaka, Japan",harmonics_ticon4_worldwide.txt,0,8737,0.044,0.154,0,0.0,2.093,JMA_Japan,0,nein
OS.txt,34.6581,135.4328,2025,"Osaka, Osaka, Japan",harmonics_utide_observations.txt,0,8737,0.0132,0.053,0,-0.0,2.117,JMA_Japan,1,nein
Z8.txt,43.2094,140.8583,2025,"Oshoro, Hokkaido, Japan",harmonics_utide_observations.txt,0,8737,0.0094,0.026,0,-0.0,0.536,JMA_Japan,1,nein
Z8.txt,43.2094,140.8583,2025,"Oshoro, Hokkaido, Japan",harmonics_ticon4_worldwide.txt,6,8737,0.0119,0.035,0,-0.0,0.538,JMA_Japan,0,nein
B3.txt,43.2067,141.0053,2025,"Otaru (Ironai), Hokkaido, Japan",harmonics_utide_observations.txt,0,8737,0.0106,0.032,0,-0.0,0.519,JMA_Japan,1,nein
LG.txt,34.4988,133.6842,2025,"Tamashima (Kurashiki), Okayama, Japan",harmonics_utide_observations.txt,0,8761,0.0369,0.113,0,-0.0,3.91,JMA_Japan,1,nein
OW.txt,34.0764,136.2072,2025,"Owase, Mie, Japan",harmonics_utide_observations.txt,0,8761,0.0086,0.027,0,-0.0,2.159,JMA_Japan,1,nein
OW.txt,34.0764,136.2072,2025,"Owase, Mie, Japan",harmonics_ticon4_worldwide.txt,2,8761,0.0242,0.065,0,-0.0,2.154,JMA_Japan,0,nein
OH.txt,33.9133,130.9051,2025,"Ooyamanohana, Yamaguchi, Japan",harmonics_utide_observations.txt,0,8761,0.0142,0.062,0,0.0,2.042,JMA_Japan,1,nein
OH.txt,33.9133,130.9051,2025,"Ooyamanohana, Yamaguchi, Japan",harmonics_ticon4_worldwide.txt,4,8761,0.0228,0.078,0,0.0,2.029,JMA_Japan,0,nein
OH.txt,33.9133,130.9051,2025,"Tanokubi, Yamaguchi, Japan",harmonics_ticon4_worldwide.txt,1094,8761,0.0301,0.109,-10,-0.1,2.073,JMA_Japan,0,nein
OH.txt,33.9133,130.9051,2025,"Tanokubi, Yamaguchi, Japan",harmonics_utide_observations.txt,1099,8761,0.0287,0.093,-10,-0.1,2.091,JMA_Japan,0,nein
OH.txt,33.9133,130.9051,2025,"Deshimatsu, Yamaguchi, Japan",harmonics_utide_observations.txt,2387,8761,0.1448,0.385,-20,-0.3,2.555,JMA_Japan,0,nein
OH.txt,33.9133,130.9051,2025,"Deshimatsu, Yamaguchi, Japan",harmonics_ticon4_worldwide.txt,2388,8761,0.1409,0.375,-20,-0.3,2.551,JMA_Japan,0,nein
OH.txt,33.9133,130.9051,2025,"Hiagari, Fukuoka, Japan",harmonics-2004-06-14_mod.txt,2420,8761,0.0454,0.158,10,0.1,1.966,JMA_Japan,0,nein
OH.txt,33.9133,130.9051,2025,"Hiagari, Fukuoka, Japan",harmonics_utide_observations.txt,2420,8761,0.0489,0.165,10,0.1,1.873,JMA_Japan,0,nein
OH.txt,33.9133,130.9051,2025,"Sunatsu (Kitakyushu), Fukuoka, Japan",harmonics-2004-06-14_mod.txt,2661,8761,0.0532,0.215,0,0.0,2.062,JMA_Japan,0,nein
OH.txt,33.9133,130.9051,2025,"Sunatsu, Fukuoka, Japan",harmonics_utide_observations.txt,2662,8761,0.0466,0.183,0,0.0,1.979,JMA_Japan,0,nein
OH.txt,33.9133,130.9051,2025,"Sunatsu (Kitakyushu), Fukuoka, Japan",harmonics_ticon4_worldwide.txt,2665,8761,0.0446,0.155,0,0.0,1.951,JMA_Japan,0,nein
M1.txt,34.1167,132.9833,2025,"Kurushima Koro, Ehime, Japan",harmonics_utide_observations.txt,0,8761,0.0251,0.102,0,-0.0,4.02,JMA_Japan,1,nein
M1.txt,34.1167,132.9833,2025,"Umashima, Ehime, Japan",harmonics_ticon4_worldwide.txt,632,8761,0.0721,0.33,0,-0.0,4.192,JMA_Japan,0,nein
M1.txt,34.1167,132.9833,2025,"Imabari Kojima, Ehime, Japan",harmonics_utide_observations.txt,936,8761,0.073,0.304,-10,0.0,4.256,JMA_Japan,0,nein
M1.txt,34.1167,132.9833,2025,"Hashihama, Ehime, Japan",harmonics-2004-06-14_mod.txt,1516,8761,0.1256,0.478,-20,0.0,4.21,JMA_Japan,0,nein
M1.txt,34.1167,132.9833,2025,"Hashihama, Ehime, Japan",harmonics_utide_observations.txt,1516,8761,0.1208,0.536,-10,-0.0,4.286,JMA_Japan,0,nein
A6.txt,44.0167,145.2000,2025,"Rausu, Hokkaido, Japan",harmonics_utide_observations.txt,0,8737,0.007,0.022,0,0.0,1.499,JMA_Japan,1,nein
RH.txt,32.4675,130.0369,2025,"Reihoku (Shimoshima), Kumamoto, Japan",harmonics_ticon4_worldwide.txt,0,8737,0.029,0.078,0,0.0,3.621,JMA_Japan,0,nein
RH.txt,32.4675,130.0369,2025,"Reihoku (Shimoshima), Kumamoto, Japan",harmonics_utide_observations.txt,0,8737,0.0144,0.048,0,-0.0,3.648,JMA_Japan,1,nein
B2.txt,43.9505,141.6350,2025,"Rumoi, Hokkaido, Japan",harmonics_utide_observations.txt,0,8737,0.0084,0.023,0,-0.0,0.51,JMA_Japan,1,nein
B2.txt,43.9505,141.6350,2025,"Rumoi, Hokkaido, Japan",harmonics_ticon4_worldwide.txt,6,8737,0.0102,0.033,0,-0.0,0.491,JMA_Japan,0,nein
RZ.txt,38.0835,138.4371,2025,"Ryotsu (Sado), Niigata, Japan",harmonics-2004-06-14_mod.txt,0,8737,0.0338,0.12,20,0.0,0.601,JMA_Japan,0,nein
RZ.txt,38.0835,138.4371,2025,"Ryotsu (Sado), Niigata, Japan",harmonics_utide_observations.txt,0,8737,0.0034,0.009,0,-0.0,0.635,JMA_Japan,1,nein
S0.txt,38.3186,138.5172,2025,"Washizaki (Sado), Niigata, Japan",harmonics_ticon4_worldwide.txt,0,8737,0.0126,0.038,0,-0.0,0.607,JMA_Japan,0,nein
S0.txt,38.3186,138.5172,2025,"Washizaki (Sado), Niigata, Japan",harmonics_utide_observations.txt,0,8737,0.0111,0.029,0,-0.0,0.605,JMA_Japan,1,nein
X5.txt,32.9461,131.9608,2025,"Saeki (Tsurumi Okimatsuura), Oita, Japan",harmonics_ticon4_worldwide.txt,0,8737,0.0253,0.066,0,0.0,2.27,JMA_Japan,0,nein
X5.txt,32.9461,131.9608,2025,"Saeki (Tsurumi Okimatsuura), Oita, Japan",harmonics_utide_observations.txt,0,8737,0.0122,0.036,0,-0.0,2.264,JMA_Japan,1,nein
SA.txt,36.2014,133.3311,2025,"Okinoshima (Dogo), Shimane, Japan",harmonics_utide_observations.txt,0,8737,0.006,0.021,0,-0.0,0.672,JMA_Japan,1,nein
SA.txt,36.2014,133.3311,2025,"Okinoshima (Dogo), Shimane, Japan",harmonics_ticon4_worldwide.txt,2,8737,0.0107,0.035,0,0.0,0.681,JMA_Japan,0,nein
Z6.txt,32.4286,131.6695,2025,"Hososhima (Hyuga), Miyazaki, Japan",harmonics_ticon4_worldwide.txt,0,8761,0.0313,0.127,10,0.0,2.309,JMA_Japan,0,nein
Z6.txt,32.4286,131.6695,2025,"Hososhima (Hyuga), Miyazaki, Japan",harmonics_utide_observations.txt,0,8761,0.0116,0.037,0,0.0,2.425,JMA_Japan,1,nein
SI.txt,34.6000,135.4667,2025,"Sakai, Osaka, Japan",harmonics_utide_observations.txt,0,8737,0.0096,0.033,0,0.0,1.982,JMA_Japan,1,nein
SI.txt,34.6000,135.4667,2025,"Sakai (Osaka Wan), Osaka, Japan",harmonics-2004-06-14_mod.txt,1857,8737,0.0131,0.033,0,0.0,2.002,JMA_Japan,0,nein
SK.txt,35.5478,133.2431,2025,"Sakaiminato, Tottori, Japan",harmonics_utide_observations.txt,0,8737,0.0106,0.032,0,-0.0,0.689,JMA_Japan,1,nein
SK.txt,35.5478,133.2431,2025,"Sakaiminato, Tottori, Japan",harmonics_ticon4_worldwide.txt,5,8737,0.0121,0.038,0,-0.0,0.672,JMA_Japan,0,nein
SK.txt,35.5478,133.2431,2025,"Shichirui, Shimane, Japan",harmonics-2004-06-14_mod.txt,2944,8737,0.0346,0.104,-20,0.01,0.672,JMA_Japan,0,nein
S9.txt,38.9175,139.8236,2025,"Sakata, Yamagata, Japan",harmonics_utide_observations.txt,0,8737,0.0101,0.031,0,-0.0,0.619,JMA_Japan,1,nein
S9.txt,38.9175,139.8236,2025,"Sakata, Yamagata, Japan",harmonics_ticon4_worldwide.txt,1,8737,0.0172,0.054,0,0.0,0.601,JMA_Japan,0,nein
SB.txt,34.6005,133.9815,2025,"Shinchikko, Okayama, Japan",harmonics_utide_observations.txt,0,8761,0.0278,0.081,0,-0.0,2.655,JMA_Japan,1,nein
MS.txt,32.6231,130.4514,2025,"Misumi, Kumamoto, Japan",harmonics_utide_observations.txt,0,8761,0.0172,0.052,0,-0.0,4.715,JMA_Japan,1,nein
QD.txt,33.1581,129.7239,2025,"Sasebo, Nagasaki, Japan",harmonics_utide_observations.txt,0,8761,0.0105,0.037,0,0.0,3.617,JMA_Japan,1,nein
QD.txt,33.1581,129.7239,2025,"Sasebo, Nagasaki, Japan",harmonics_ticon4_worldwide.txt,6,8761,0.0333,0.101,0,0.0,3.663,JMA_Japan,0,nein
X3.txt,33.7433,129.6878,2025,"Gonoura, Nagasaki, Japan",harmonics_utide_observations.txt,0,8761,0.0118,0.039,0,0.0,2.77,JMA_Japan,1,nein
X3.txt,33.7433,129.6878,2025,"Gonoura, Nagasaki, Japan",harmonics_ticon4_worldwide.txt,4,8761,0.0249,0.085,0,-0.0,2.778,JMA_Japan,0,nein
X3.txt,33.7433,129.6878,2025,"Gono Ura, Iki Shima, Nagasaki, Japan",harmonics_noaa_cptt.txt,853,8761,0.1894,0.52,10,-0.01,2.529,JMA_Japan,0,nein
SD.txt,38.2728,141.0039,2025,"Sendai, Miyagi, Japan",harmonics_utide_observations.txt,0,8737,0.0122,0.039,0,0.0,1.872,JMA_Japan,1,nein
SD.txt,38.2728,141.0039,2025,"Sendai, Miyagi, Japan",harmonics_ticon4_worldwide.txt,2,8737,0.0418,0.118,0,-0.0,1.826,JMA_Japan,0,nein
SE.txt,42.4500,139.8500,2025,"Setana, Hokkaido, Japan",harmonics_utide_observations.txt,0,8737,0.0156,0.048,0,0.0,0.553,JMA_Japan,1,nein
SE.txt,42.4500,139.8500,2025,"Setana, Hokkaido, Japan",harmonics_ticon4_worldwide.txt,586,8737,0.0129,0.043,0,0.0,0.538,JMA_Japan,0,nein
X6.txt,31.4833,131.1167,2025,"Shibushi, Kagoshima, Japan",harmonics_utide_observations.txt,0,8761,0.0175,0.052,0,0.0,2.618,JMA_Japan,1,nein
X6.txt,31.4833,131.1167,2025,"Shibushi, Kagoshima, Japan",harmonics-2004-06-14_mod.txt,1184,8761,0.0418,0.14,0,0.0,2.572,JMA_Japan,0,nein
X6.txt,31.4833,131.1167,2025,"Shibushi, Kagoshima, Japan",harmonics_ticon4_worldwide.txt,1185,8761,0.0379,0.102,0,0.0,2.625,JMA_Japan,0,nein
SM.txt,35.0117,138.5175,2025,"Miho (Shimizu), Shizuoka, Japan",harmonics_utide_observations.txt,0,8761,0.0121,0.038,0,-0.0,1.952,JMA_Japan,1,nein
SM.txt,35.0117,138.5175,2025,"Miho (Shimizu), Shizuoka, Japan",harmonics_ticon4_worldwide.txt,4,8761,0.0256,0.07,0,-0.0,1.925,JMA_Japan,0,nein
SM.txt,35.0117,138.5175,2025,"Miho (Shimizu), Shizuoka, Japan",harmonics-2004-06-14_mod.txt,21,8761,0.0283,0.089,0,-0.0,1.98,JMA_Japan,0,nein
D6.txt,34.6753,138.9592,2025,"Shimoda, Shizuoka, Japan",harmonics_utide_observations.txt,0,8761,0.0187,0.054,0,-0.0,2.013,JMA_Japan,1,nein
D6.txt,34.6753,138.9592,2025,"Shimoda, Shizuoka, Japan",harmonics_ticon4_worldwide.txt,4,8761,0.0262,0.068,0,-0.0,2.04,JMA_Japan,0,nein
D6.txt,34.6753,138.9592,2025,"Shimoda Ko, Shizuoka, Japan",harmonics_noaa_cptt.txt,1274,8761,0.0964,0.252,-10,0.004,1.89,JMA_Japan,0,nein
SH.txt,41.3647,141.2381,2025,"Sekinehama, Aomori, Japan",harmonics_ticon4_worldwide.txt,0,8737,0.0245,0.064,0,-0.0,1.559,JMA_Japan,0,nein
SH.txt,41.3647,141.2381,2025,"Sekinehama, Aomori, Japan",harmonics_utide_observations.txt,0,8737,0.0108,0.034,0,-0.0,1.549,JMA_Japan,1,nein
H1.txt,34.1182,135.1330,2025,"Shimotsu, Wakayama, Japan",harmonics_utide_observations.txt,0,8737,0.006,0.019,0,0.0,2.352,JMA_Japan,1,nein
H1.txt,34.1182,135.1330,2025,"Shimotsu, Wakayama, Japan",harmonics_noaa_cptt.txt,169,8737,0.1115,0.336,-10,0.003,2.187,JMA_Japan,0,nein
SN.txt,36.7752,137.1181,2025,"Shinminato (Horioka), Toyama, Japan",harmonics_utide_observations.txt,0,8737,0.0147,0.044,0,-0.0,0.671,JMA_Japan,1,nein
SN.txt,36.7752,137.1181,2025,"Shinminato (Horioka), Toyama, Japan",harmonics_ticon4_worldwide.txt,6,8737,0.0094,0.03,0,-0.0,0.664,JMA_Japan,0,nein
SG.txt,38.3162,141.0340,2025,"Shiogama, Miyagi, Japan",harmonics-2004-06-14_mod.txt,0,8737,0.0068,0.022,0,0.0,1.936,JMA_Japan,0,nein
SG.txt,38.3162,141.0340,2025,"Shiogama, Miyagi, Japan",harmonics_utide_observations.txt,0,8737,0.0059,0.018,0,0.0,1.929,JMA_Japan,1,nein
SR.txt,33.6836,135.3753,2025,"Shirahama (Katata), Wakayama, Japan",harmonics_utide_observations.txt,0,8761,0.0122,0.042,0,0.0,2.312,JMA_Japan,1,nein
SR.txt,33.6836,135.3753,2025,"Shirahama (Katata), Wakayama, Japan",harmonics_ticon4_worldwide.txt,2,8761,0.027,0.082,0,0.0,2.305,JMA_Japan,0,nein
SO.txt,42.5214,141.3206,2025,"Shiraoiko, Hokkaido, Japan",harmonics_ticon4_worldwide.txt,0,8737,0.0267,0.072,0,-0.0,1.729,JMA_Japan,0,nein
SO.txt,42.5214,141.3206,2025,"Shiraoiko, Hokkaido, Japan",harmonics_utide_observations.txt,0,8737,0.0132,0.044,0,0.0,1.769,JMA_Japan,1,nein
D8.txt,35.3004,139.4838,2025,"Enoshima (Shonan Minato), Kanagawa, Japan",harmonics_utide_observations.txt,0,8737,0.0081,0.023,0,0.0,1.747,JMA_Japan,1,nein
TJ.txt,30.4636,130.9644,2025,"Kumano (Tanegashima), Kagoshima, Japan",harmonics_ticon4_worldwide.txt,0,8737,0.0274,0.079,0,0.0,2.529,JMA_Japan,0,nein
TJ.txt,30.4636,130.9644,2025,"Kumano (Tanegashima), Kagoshima, Japan",harmonics_utide_observations.txt,0,8737,0.0139,0.042,0,0.0,2.55,JMA_Japan,1,nein
ZM.txt,37.8306,140.9617,2025,"Soma, Fukushima, Japan",harmonics_utide_observations.txt,0,8737,0.0137,0.046,0,0.0,1.894,JMA_Japan,1,nein
ZM.txt,37.8306,140.9617,2025,"Soma, Fukushima, Japan",harmonics_ticon4_worldwide.txt,6,8737,0.0338,0.102,0,0.0,1.875,JMA_Japan,0,nein
ZM.txt,37.8306,140.9617,2025,"Matsukawaura (Soma), Fukushima, Japan",harmonics-2004-06-14_mod.txt,2176,8737,0.0571,0.18,30,-0.0,1.68,JMA_Japan,0,nein
N0.txt,33.8921,130.8917,2025,"Sunatsu, Fukuoka, Japan",harmonics_utide_observations.txt,0,8761,0.014,0.051,0,-0.0,1.979,JMA_Japan,1,nein
N0.txt,33.8921,130.8917,2025,"Sunatsu (Kitakyushu), Fukuoka, Japan",harmonics_ticon4_worldwide.txt,18,8761,0.0249,0.083,0,-0.0,1.951,JMA_Japan,0,nein
N0.txt,33.8921,130.8917,2025,"Sunatsu (Kitakyushu), Fukuoka, Japan",harmonics-2004-06-14_mod.txt,22,8761,0.0299,0.096,0,0.0,2.062,JMA_Japan,0,nein
N0.txt,33.8921,130.8917,2025,"Hiagari, Fukuoka, Japan",harmonics-2004-06-14_mod.txt,2238,8761,0.0214,0.081,10,0.1,1.966,JMA_Japan,0,nein
N0.txt,33.8921,130.8917,2025,"Hiagari, Fukuoka, Japan",harmonics_utide_observations.txt,2238,8761,0.0329,0.117,10,0.1,1.873,JMA_Japan,0,nein
N0.txt,33.8921,130.8917,2025,"Ooyamanohana, Yamaguchi, Japan",harmonics_ticon4_worldwide.txt,2660,8761,0.0451,0.177,0,-0.0,2.029,JMA_Japan,0,nein
N0.txt,33.8921,130.8917,2025,"Ooyamanohana, Yamaguchi, Japan",harmonics_utide_observations.txt,2662,8761,0.0461,0.16,0,-0.0,2.042,JMA_Japan,0,nein
ZK.txt,34.6275,131.6047,2025,"Susa, Yamaguchi, Japan",harmonics_utide_observations.txt,0,8737,0.007,0.025,0,-0.0,1.088,JMA_Japan,1,nein
V7.txt,33.4003,133.2891,2025,"Susaki, Kochi, Japan",harmonics_utide_observations.txt,0,8737,0.0113,0.038,0,0.0,2.366,JMA_Japan,1,nein
B6.txt,42.8000,140.2333,2025,"Suttsu, Hokkaido, Japan",harmonics_utide_observations.txt,0,8737,0.0035,0.01,0,-0.0,0.553,JMA_Japan,1,nein
J6.txt,33.8667,134.6333,2025,"Tachibana, Tokushima, Japan",harmonics_utide_observations.txt,0,8761,0.0047,0.014,0,0.0,2.292,JMA_Japan,1,nein
J6.txt,33.8667,134.6333,2025,"Tachibana, Tokushima, Japan",harmonics_noaa_cptt.txt,1539,8761,0.1414,0.44,-10,0.064,2.143,JMA_Japan,0,nein
TX.txt,34.2750,133.7450,2025,"Tadotsu, Kagawa, Japan",harmonics_utide_observations.txt,0,8761,0.0237,0.092,0,0.046,4.041,JMA_Japan,1,nein
Z4.txt,34.8072,138.7639,2025,"Tago, Shizuoka, Japan",harmonics_utide_observations.txt,0,8737,0.0121,0.038,0,0.0,1.957,JMA_Japan,1,nein
Z4.txt,34.8072,138.7639,2025,"Tago, Shizuoka, Japan",harmonics_ticon4_worldwide.txt,2,8737,0.0253,0.068,0,0.0,1.961,JMA_Japan,0,nein
Z4.txt,34.8072,138.7639,2025,"Tago Minato, Shizuoka, Japan",harmonics_noaa_cptt.txt,840,8737,0.1037,0.331,0,-0.006,1.975,JMA_Japan,0,nein
R1.txt,24.8133,125.2783,2025,"Hirara (Miyakojima), Okinawa, Japan",harmonics_utide_observations.txt,0,8737,0.0196,0.057,0,0.0,2.358,JMA_Japan,1,nein
R1.txt,24.8133,125.2783,2025,"Hirara (Miyakojima), Okinawa, Japan",harmonics_ticon4_worldwide.txt,5,8737,0.0293,0.089,0,0.0,2.362,JMA_Japan,0,nein
TA.txt,34.3514,134.0570,2025,"Takamatsu, Kagawa, Japan",harmonics_utide_observations.txt,0,8761,0.0138,0.053,0,0.0,2.79,JMA_Japan,1,nein
TA.txt,34.3514,134.0570,2025,"Takamatsu, Kagawa, Japan",harmonics_ticon4_worldwide.txt,5,8761,0.0431,0.163,0,0.0,2.846,JMA_Japan,0,nein
TH.txt,34.3320,132.9167,2025,"Takehara, Hiroshima, Japan",harmonics_utide_observations.txt,0,8761,0.0166,0.055,0,0.0,4.162,JMA_Japan,1,nein
TN.txt,34.3389,135.1781,2025,"Tannowa, Osaka, Japan",harmonics_utide_observations.txt,0,8737,0.0133,0.052,0,0.0,2.118,JMA_Japan,1,nein
TN.txt,34.3389,135.1781,2025,"Tannowa, Osaka, Japan",harmonics_ticon4_worldwide.txt,5,8737,0.0355,0.121,0,0.0,2.098,JMA_Japan,0,nein
ZE.txt,35.5936,134.3161,2025,"Tajiri, Tottori, Japan",harmonics_utide_observations.txt,0,8737,0.0096,0.03,0,-0.0,0.702,JMA_Japan,1,nein
ZE.txt,35.5936,134.3161,2025,"Tajiri, Tottori, Japan",harmonics_ticon4_worldwide.txt,2,8737,0.0107,0.034,0,-0.0,0.698,JMA_Japan,0,nein
ZE.txt,35.5936,134.3161,2025,"Ajiro (Iwami), Tottori, Japan",harmonics-2004-06-14_mod.txt,2475,8737,0.0295,0.096,10,-0.0,0.697,JMA_Japan,0,nein
TI.txt,33.9130,130.9170,2025,"Tanokubi, Yamaguchi, Japan",harmonics_utide_observations.txt,0,8761,0.0152,0.066,0,-0.0,2.091,JMA_Japan,1,nein
TI.txt,33.9130,130.9170,2025,"Tanokubi, Yamaguchi, Japan",harmonics_ticon4_worldwide.txt,7,8761,0.0274,0.096,0,-0.0,2.073,JMA_Japan,0,nein
TI.txt,33.9130,130.9170,2025,"Ooyamanohana, Yamaguchi, Japan",harmonics_ticon4_worldwide.txt,1097,8761,0.0356,0.133,10,0.1,2.029,JMA_Japan,0,nein
TI.txt,33.9130,130.9170,2025,"Ooyamanohana, Yamaguchi, Japan",harmonics_utide_observations.txt,1099,8761,0.0261,0.104,10,0.1,2.042,JMA_Japan,0,nein
TI.txt,33.9130,130.9170,2025,"Deshimatsu, Yamaguchi, Japan",harmonics_utide_observations.txt,1591,8761,0.1339,0.363,-10,-0.2,2.555,JMA_Japan,0,nein
TI.txt,33.9130,130.9170,2025,"Deshimatsu, Yamaguchi, Japan",harmonics_ticon4_worldwide.txt,1594,8761,0.1307,0.385,-10,-0.2,2.551,JMA_Japan,0,nein
Q1.txt,41.2425,140.3814,2025,"Tappi, Aomori, Japan",harmonics_utide_observations.txt,0,8737,0.0093,0.033,0,0.0,0.775,JMA_Japan,1,nein
Q1.txt,41.2425,140.3814,2025,"Tappi, Aomori, Japan",harmonics_ticon4_worldwide.txt,1,8737,0.0161,0.062,0,0.0,0.767,JMA_Japan,0,nein
TT.txt,34.9861,139.8492,2025,"Tateyama, Chiba, Japan",harmonics-2004-06-14_mod.txt,0,8737,0.009,0.025,0,-0.0,1.975,JMA_Japan,0,nein
TT.txt,34.9861,139.8492,2025,"Tateyama, Chiba, Japan",harmonics_utide_observations.txt,0,8737,0.009,0.026,0,-0.0,1.971,JMA_Japan,1,nein
TB.txt,34.4853,136.8247,2025,"Toba, Mie, Japan",harmonics_utide_observations.txt,0,8737,0.0106,0.036,0,-0.0,2.587,JMA_Japan,1,nein
TB.txt,34.4853,136.8247,2025,"Toba, Mie, Japan",harmonics_ticon4_worldwide.txt,2,8737,0.0338,0.103,0,0.0,2.505,JMA_Japan,0,nein
ZQ.txt,39.1855,139.5478,2025,"Tobishima, Yamagata, Japan",harmonics_utide_observations.txt,0,8737,0.0088,0.026,0,-0.0,0.59,JMA_Japan,1,nein
ZQ.txt,39.1855,139.5478,2025,"Tobishima, Yamagata, Japan",harmonics_ticon4_worldwide.txt,6,8737,0.0098,0.028,0,-0.0,0.592,JMA_Japan,0,nein
B1.txt,42.2970,143.3222,2025,"Hiroo (Tokachi), Hokkaido, Japan",harmonics_utide_observations.txt,0,8737,0.0134,0.048,0,-0.0,1.735,JMA_Japan,1,nein
B1.txt,42.2970,143.3222,2025,"Hiroo (Tokachi), Hokkaido, Japan",harmonics_ticon4_worldwide.txt,6,8737,0.0292,0.085,0,-0.0,1.641,JMA_Japan,0,nein
QA.txt,34.0408,131.8028,2025,"Tokuyama, Yamaguchi, Japan",harmonics_utide_observations.txt,0,8761,0.0123,0.043,0,0.0,3.727,JMA_Japan,1,nein
QA.txt,34.0408,131.8028,2025,"Tokuyama, Yamaguchi, Japan",harmonics_ticon4_worldwide.txt,4,8761,0.0328,0.105,0,0.0,3.753,JMA_Japan,0,nein
QA.txt,34.0408,131.8028,2025,"Tokuyama Wan, Yamaguchi, Japan",harmonics_noaa_cptt.txt,2970,8761,0.1974,0.582,-10,0.002,3.394,JMA_Japan,0,nein
TK.txt,35.6486,139.7700,2025,"Harumi, Tokyo, Japan",harmonics_utide_observations.txt,0,8737,0.013,0.055,0,0.0,2.349,JMA_Japan,1,nein
TK.txt,35.6486,139.7700,2025,"Harumi, Tokyo, Japan",harmonics_ticon4_worldwide.txt,2,8737,0.031,0.093,0,-0.0,2.358,JMA_Japan,0,nein
TK.txt,35.6486,139.7700,2025,"Tsukiji, Tokyo, Japan",harmonics-2004-06-14_mod.txt,1385,8737,0.0575,0.218,20,-0.0,2.34,JMA_Japan,0,nein
TK.txt,35.6486,139.7700,2025,"Sibaura, Tokyo, Japan",harmonics_ticon4_worldwide.txt,1967,8737,0.0317,0.101,0,-0.0,2.371,JMA_Japan,0,nein
C8.txt,42.6058,141.8172,2025,"Tomakomai (Higashiko), Hokkaido, Japan",harmonics_utide_observations.txt,0,8737,0.0135,0.045,0,-0.0,1.759,JMA_Japan,1,nein
C8.txt,42.6058,141.8172,2025,"Tomakomai (Higashiko), Hokkaido, Japan",harmonics_ticon4_worldwide.txt,4,8737,0.0322,0.093,0,-0.0,1.712,JMA_Japan,0,nein
TM.txt,42.6297,141.6211,2025,"Tomakomai (Nishiko), Hokkaido, Japan",harmonics_utide_observations.txt,0,8737,0.0107,0.042,0,-0.0,1.769,JMA_Japan,1,nein
TM.txt,42.6297,141.6211,2025,"Tomakomai (Nishiko), Hokkaido, Japan",harmonics_ticon4_worldwide.txt,2,8737,0.0303,0.087,0,-0.0,1.714,JMA_Japan,0,nein
TS.txt,32.7792,132.9589,2025,"Tosashimizu, Kochi, Japan",harmonics_utide_observations.txt,0,8761,0.0095,0.038,0,0.0,2.447,JMA_Japan,1,nein
TS.txt,32.7792,132.9589,2025,"Tosashimizu, Kochi, Japan",harmonics_ticon4_worldwide.txt,4,8761,0.0258,0.074,0,0.0,2.431,JMA_Japan,0,nein
TY.txt,36.7670,137.2330,2025,"Toyama, Toyama, Japan",harmonics_ticon4_worldwide.txt,0,8737,0.0096,0.032,0,-0.0,0.673,JMA_Japan,0,nein
TY.txt,36.7670,137.2330,2025,"Toyama, Toyama, Japan",harmonics_utide_observations.txt,0,8737,0.0066,0.023,0,-0.0,0.657,JMA_Japan,1,nein
T6.txt,35.6497,134.8357,2025,"Tsuiyama, Hyogo, Japan",harmonics-2004-06-14_mod.txt,0,8737,0.0281,0.082,-10,-0.0,0.647,JMA_Japan,0,nein
T6.txt,35.6497,134.8357,2025,"Tsuiyama, Hyogo, Japan",harmonics_utide_observations.txt,0,8737,0.0083,0.025,0,-0.0,0.659,JMA_Japan,1,nein
XM.txt,35.6606,136.0644,2025,"Tsuruga, Fukui, Japan",harmonics_utide_observations.txt,0,8737,0.0152,0.046,0,-0.0,0.673,JMA_Japan,1,nein
XM.txt,35.6606,136.0644,2025,"Tsuruga, Fukui, Japan",harmonics_ticon4_worldwide.txt,7,8737,0.0141,0.042,0,-0.0,0.677,JMA_Japan,0,nein
O1.txt,34.2596,129.3222,2025,"Takahama (Tsushima), Nagasaki, Japan",harmonics_ticon4_worldwide.txt,0,8737,0.0161,0.056,0,0.0,2.207,JMA_Japan,0,nein
O1.txt,34.2596,129.3222,2025,"Takahama (Tsushima), Nagasaki, Japan",harmonics_utide_observations.txt,0,8737,0.0047,0.016,0,-0.0,2.221,JMA_Japan,1,nein
N5.txt,34.6554,129.4782,2025,"Tsushimahitakatsu, Nagasaki, Japan",harmonics_ticon4_worldwide.txt,0,8737,0.0108,0.043,0,-0.0,1.572,JMA_Japan,0,nein
N5.txt,34.6554,129.4782,2025,"Tsushimahitakatsu, Nagasaki, Japan",harmonics_utide_observations.txt,0,8737,0.0102,0.031,0,-0.0,1.596,JMA_Japan,1,nein
N5.txt,34.6554,129.4782,2025,"Izumi Ura (Tsushima), Nagasaki, Japan",harmonics-2004-06-14_mod.txt,2093,8737,0.0322,0.115,0,-0.12,1.551,JMA_Japan,0,nein
WH.txt,33.9389,131.2431,2025,"Ube, Yamaguchi, Japan",harmonics_utide_observations.txt,0,8761,0.0192,0.065,0,-0.0,4.373,JMA_Japan,1,nein
WH.txt,33.9389,131.2431,2025,"Ube, Yamaguchi, Japan",harmonics_ticon4_worldwide.txt,5,8761,0.0344,0.115,0,0.0,4.329,JMA_Japan,0,nein
WH.txt,33.9389,131.2431,2025,"Ube Ko, Yamaguchi, Japan",harmonics_noaa_cptt.txt,890,8761,0.2396,0.748,-10,-0.033,4.195,JMA_Japan,0,nein
UC.txt,35.0172,138.8903,2025,"Uchiura, Shizuoka, Japan",harmonics_utide_observations.txt,0,8737,0.0117,0.039,0,-0.0,1.969,JMA_Japan,1,nein
UC.txt,35.0172,138.8903,2025,"Uchiura, Shizuoka, Japan",harmonics_ticon4_worldwide.txt,2,8737,0.0254,0.073,0,-0.0,1.97,JMA_Japan,0,nein
UC.txt,35.0172,138.8903,2025,"Eno Ura, Shizuoka, Japan",harmonics_noaa_cptt.txt,640,8737,0.0972,0.277,10,0.086,1.793,JMA_Japan,0,nein
UN.txt,34.4880,133.9489,2025,"Uno, Okayama, Japan",harmonics_utide_observations.txt,0,8761,0.0168,0.067,0,0.0,2.815,JMA_Japan,1,nein
UR.txt,33.5583,135.8964,2025,"Uragami, Wakayama, Japan",harmonics_utide_observations.txt,0,8761,0.0097,0.033,0,-0.0,2.194,JMA_Japan,1,nein
UR.txt,33.5583,135.8964,2025,"Uragami, Wakayama, Japan",harmonics_ticon4_worldwide.txt,4,8761,0.0243,0.068,0,0.0,2.179,JMA_Japan,0,nein
UR.txt,33.5583,135.8964,2025,"Urakami Ko, Wakayama, Japan",harmonics_noaa_cptt.txt,981,8761,0.1226,0.402,0,0.014,2.143,JMA_Japan,0,nein
A9.txt,42.1667,142.7667,2025,"Urakawa, Hokkaido, Japan",harmonics_utide_observations.txt,0,8737,0.0129,0.046,0,0.0,1.764,JMA_Japan,1,nein
A9.txt,42.1667,142.7667,2025,"Urakawa, Hokkaido, Japan",harmonics_ticon4_worldwide.txt,5,8737,0.0298,0.084,0,0.0,1.698,JMA_Japan,0,nein
UW.txt,33.2272,132.5511,2025,"Uwajima, Ehime, Japan",harmonics_utide_observations.txt,0,8737,0.0117,0.036,0,0.0,2.712,JMA_Japan,1,nein
UW.txt,33.2272,132.5511,2025,"Uwajima, Ehime, Japan",harmonics_ticon4_worldwide.txt,2,8737,0.0291,0.08,0,0.0,2.721,JMA_Japan,0,nein
UW.txt,33.2272,132.5511,2025,"Uwajima Ko, Ehime, Japan",harmonics_noaa_cptt.txt,686,8737,0.1709,0.49,10,-0.01,2.166,JMA_Japan,0,nein
WY.txt,34.2217,135.1455,2025,"Wakayama, Wakayama, Japan",harmonics_utide_observations.txt,0,8737,0.0118,0.043,0,0.0,2.375,JMA_Japan,1,nein
WY.txt,34.2217,135.1455,2025,"Wakayama, Wakayama, Japan",harmonics_ticon4_worldwide.txt,6,8737,0.0296,0.093,0,0.0,2.366,JMA_Japan,0,nein
WN.txt,45.4078,141.6853,2025,"Wakkanai, Hokkaido, Japan",harmonics_ticon4_worldwide.txt,0,8737,0.012,0.045,0,-0.0,0.524,JMA_Japan,0,nein
WN.txt,45.4078,141.6853,2025,"Wakkanai, Hokkaido, Japan",harmonics_utide_observations.txt,0,8737,0.0093,0.028,0,-0.0,0.519,JMA_Japan,1,nein
Z7.txt,37.4058,136.9006,2025,"Wajima, Ishikawa, Japan",harmonics_utide_observations.txt,0,8737,0.0089,0.026,0,-0.0,0.668,JMA_Japan,1,nein
Z7.txt,37.4058,136.9006,2025,"Wajima, Ishikawa, Japan",harmonics_ticon4_worldwide.txt,6,8737,0.0135,0.044,0,0.0,0.684,JMA_Japan,0,nein
Z5.txt,34.8706,138.3275,2025,"Yaizu, Shizuoka, Japan",harmonics_utide_observations.txt,0,8761,0.0123,0.04,0,-0.0,2.052,JMA_Japan,1,nein
Z5.txt,34.8706,138.3275,2025,"Yaizu, Shizuoka, Japan",harmonics_ticon4_worldwide.txt,6,8761,0.0259,0.067,0,-0.0,2.036,JMA_Japan,0,nein
O5.txt,32.5119,130.5667,2025,"Yatushiro, Kumamoto, Japan",harmonics_utide_observations.txt,0,8761,0.0196,0.077,0,-0.0,4.527,JMA_Japan,1,nein
O5.txt,32.5119,130.5667,2025,"Yatushiro, Kumamoto, Japan",harmonics_ticon4_worldwide.txt,6,8761,0.0392,0.142,0,-0.0,4.534,JMA_Japan,0,nein
O5.txt,32.5119,130.5667,2025,"Kaga Shima (Yatsushiro), Kumamoto, Japan",harmonics-2004-06-14_mod.txt,2121,8761,0.1946,0.567,10,0.03,4.222,JMA_Japan,0,nein
G3.txt,34.9500,136.6330,2025,"Yokkaichi Minato, Mie, Japan",harmonics-2004-06-14_mod.txt,0,8761,0.0398,0.141,0,-0.0,2.91,JMA_Japan,0,nein
G3.txt,34.9500,136.6330,2025,"Yokkaichi Minato, Mie, Japan",harmonics_utide_observations.txt,0,8761,0.0116,0.039,0,0.0,2.883,JMA_Japan,1,nein
QS.txt,35.4542,139.6442,2025,"Yokohama (Shinko), Kanagawa, Japan",harmonics_ticon4_worldwide.txt,0,8737,0.0284,0.077,0,-0.0,2.209,JMA_Japan,0,nein
QS.txt,35.4542,139.6442,2025,"Yokohama (Shinko), Kanagawa, Japan",harmonics_utide_observations.txt,0,8737,0.0128,0.046,0,-0.0,2.202,JMA_Japan,1,nein
QS.txt,35.4542,139.6442,2025,"Yokohama (Keihin), Kanagawa, Japan",harmonics_utide_observations.txt,1527,8737,0.0142,0.047,0,-0.0,2.213,JMA_Japan,0,nein
QN.txt,35.2880,139.6514,2025,"Yokosuka, Kanagawa, Japan",harmonics_utide_observations.txt,0,8737,0.0129,0.048,0,0.0,2.083,JMA_Japan,1,nein
QN.txt,35.2880,139.6514,2025,"Yokosuka, Kanagawa, Japan",harmonics_ticon4_worldwide.txt,6,8737,0.029,0.091,0,0.0,2.084,JMA_Japan,0,nein
QN.txt,35.2880,139.6514,2025,"Yokosuka (Nagaura), Kanagawa, Japan",harmonics-2004-06-14_mod.txt,989,8737,0.0763,0.252,10,-0.0,2.043,JMA_Japan,0,nein
QN.txt,35.2880,139.6514,2025,"Yokosuka Ko, Kanagawa, Japan",harmonics_noaa_cptt.txt,1484,8737,0.1025,0.292,0,0.033,2.031,JMA_Japan,0,nein
YJ.txt,24.4522,122.9419,2025,"Kubura (Yonaguni), Okinawa, Japan",harmonics_ticon4_worldwide.txt,0,8737,0.0257,0.074,0,0.0,2.255,JMA_Japan,0,nein
YJ.txt,24.4522,122.9419,2025,"Kubura (Yonaguni), Okinawa, Japan",harmonics_utide_observations.txt,0,8737,0.013,0.038,0,0.0,2.263,JMA_Japan,1,nein
J8.txt,34.3845,133.8230,2025,"Yoshima, Kagawa, Japan",harmonics_utide_observations.txt,0,8761,0.0206,0.083,0,0.0,3.494,JMA_Japan,1,nein
J8.txt,34.3845,133.8230,2025,"Yoshima, Kagawa, Japan",harmonics_ticon4_worldwide.txt,7,8761,0.048,0.191,0,0.0,3.508,JMA_Japan,0,nein
Q0.txt,41.4445,140.2383,2025,"Fukushima (Yoshioka), Hokkaido, Japan",harmonics_utide_observations.txt,0,8737,0.0043,0.014,0,0.0,0.997,JMA_Japan,1,nein
Q0.txt,41.4445,140.2383,2025,"Fukushima (Yoshioka), Hokkaido, Japan",harmonics_ticon4_worldwide.txt,6,8737,0.019,0.068,0,0.0,0.978,JMA_Japan,0,nein
317_Ensenada.csv,31.8483,-116.6178,2009,"Ensenada, Baja California, Mexico",harmonics_ticon4_worldwide.txt,0,8331,0.0514,0.209,-10,-0.032,2.656,Mexico_UHSLC,0,nein
317_Ensenada.csv,31.8483,-116.6178,2009,"Ensenada, Baja California, Mexico",harmonics_utide_observations.txt,0,8331,0.0423,0.249,0,-0.031,2.783,Mexico_UHSLC,1,nein
317_Ensenada.csv,31.8483,-116.6178,2009,"Ensenada, Todos Santos Bay, Baja California, Mexico",harmonics_noaa_amtt.txt,1476,8331,0.1491,0.439,0,0.766,2.853,Mexico_UHSLC,0,nein
308_San_Quintin.csv,30.4364,-115.9870,1980,"San Quintin (Campo La Chorera), Baja California, Mexico",harmonics_ticon4_worldwide.txt,0,8761,0.0693,0.272,0,0.017,2.737,Mexico_UHSLC,0,ja
308_San_Quintin.csv,30.4364,-115.9870,1980,"San Quintin (Campo La Chorera), Baja California, Mexico",harmonics_utide_observations.txt,0,8351,0.0729,0.379,10,-0.004,2.501,Mexico_UHSLC,1,ja
36_Isla_Guadalupe.csv,28.8820,-118.2912,1985,"Isla Guadalupe, Baja California, Mexico",harmonics_ticon4_worldwide.txt,0,3062,0.0845,0.354,0,0.006,2.312,Mexico_UHSLC,0,nein
36_Isla_Guadalupe.csv,28.8820,-118.2912,1985,"Isla Guadalupe, Baja California, Mexico",harmonics_utide_observations.txt,0,3062,0.0783,0.299,0,0.007,2.352,Mexico_UHSLC,1,nein
305_Isla_de_Cedros.csv,28.0960,-115.1831,1989,"Isla de Cedros, Baja California, Mexico",harmonics_ticon4_worldwide.txt,0,7070,0.066,0.356,0,-0.012,2.703,Mexico_UHSLC,0,nein
305_Isla_de_Cedros.csv,28.0960,-115.1831,1989,"Isla de Cedros, Baja California, Mexico",harmonics_utide_observations.txt,0,7070,0.0565,0.313,0,-0.012,2.722,Mexico_UHSLC,1,nein
34_Cabo_San_Lucas.csv,22.8800,-109.9080,2004,"Cabo San Lucas, Baja California Sur, Mexico",harmonics_ticon4_worldwide.txt,0,8760,0.0544,0.204,0,0.009,2.075,Mexico_UHSLC,0,ja
34_Cabo_San_Lucas.csv,22.8800,-109.9080,2004,"Cabo San Lucas, Baja California Sur, Mexico",harmonics_utide_observations.txt,0,8761,0.0508,0.518,0,0.014,2.222,Mexico_UHSLC,1,ja
90_Isla_Socorro.csv,18.7330,-111.0170,1997,"Isla Socorro, Colima, Mexico",harmonics_utide_observations.txt,0,8761,0.0632,0.57,0,0.053,1.839,Mexico_UHSLC,1,nein
90_Isla_Socorro.csv,18.7330,-111.0170,1997,"Isla Socorro, Colima, Mexico",harmonics_noaa_amtt.txt,46,8761,0.1722,0.53,10,1.306,1.972,Mexico_UHSLC,0,nein
307_San_Felipe.csv,31.0256,-114.8311,1986,"San Felipe, Baja California, Mexico",harmonics-2004-06-14_mod.txt,0,8450,0.249,1.368,0,1.122,7.574,Mexico_UHSLC,0,nein
307_San_Felipe.csv,31.0256,-114.8311,1986,"San Felipe, Baja California, Mexico",harmonics_utide_observations.txt,0,8450,0.1196,0.86,0,-0.023,6.933,Mexico_UHSLC,1,nein
307_San_Felipe.csv,31.0256,-114.8311,1986,"San Felipe, Baja California, Mexico",harmonics_ticon4_worldwide.txt,10,8450,0.1261,0.881,0,1.126,6.97,Mexico_UHSLC,0,nein
310_Bahia_de_los_Angeles.csv,28.9479,-113.5572,1980,"Bahía de los Ángeles, Baja California, Mexico",harmonics_ticon4_worldwide.txt,0,8177,0.0575,0.242,0,1.581,3.476,Mexico_UHSLC,0,ja
310_Bahia_de_los_Angeles.csv,28.9479,-113.5572,1980,"Bahia de los Angeles, Baja California, Mexico",harmonics_utide_observations.txt,0,8171,0.0639,0.295,0,-0.072,3.542,Mexico_UHSLC,1,ja
319_Loreto.csv,26.0146,-111.3388,1988,"Loreto, Baja California Sur, Mexico",harmonics_ticon4_worldwide.txt,0,6309,0.0758,0.283,-10,-0.128,1.677,Mexico_UHSLC,0,nein
319_Loreto.csv,26.0146,-111.3388,1988,"Loreto, Baja California Sur, Mexico",harmonics_utide_observations.txt,0,6309,0.0712,0.277,-10,-0.128,1.758,Mexico_UHSLC,1,nein
674_San_Carlos.csv,24.7874,-112.1203,1983,"San Carlos, Baja California Sur, Mexico",harmonics_ticon4_worldwide.txt,0,8017,0.3804,1.086,-30,0.083,2.783,Mexico_UHSLC,0,nein
674_San_Carlos.csv,24.7874,-112.1203,1983,"San Carlos, Baja California Sur, Mexico",harmonics_utide_observations.txt,0,8017,0.0872,0.431,-10,0.087,2.837,Mexico_UHSLC,1,nein
674_San_Carlos.csv,24.7874,-112.1203,1983,"San Carlos, Baja California Sur, Mexico",harmonics_noaa_amtt.txt,583,8017,0.2503,0.792,-10,1.087,3.153,Mexico_UHSLC,0,nein
671_La_Paz.csv,24.1519,-110.3314,1965,"La Paz (Cuarta Zona Naval), Baja California Sur, Mexico",harmonics_utide_observations.txt,0,8761,0.0527,0.366,0,-0.031,1.855,Mexico_UHSLC,1,ja
671_La_Paz.csv,24.1519,-110.3314,1965,"La Paz (Cuarta Zona Naval), Baja California Sur, Mexico",harmonics_ticon4_worldwide.txt,5,5784,0.0836,0.24,0,0.085,1.817,Mexico_UHSLC,0,ja
676_Topolobampo.csv,25.5819,-109.0592,1964,"Topolobampo, Sinaloa, Mexico",harmonics_ticon4_worldwide.txt,0,8761,0.0868,0.345,0,0.046,2.078,Mexico_UHSLC,0,ja
676_Topolobampo.csv,25.5819,-109.0592,1964,"Topolobampo, Sinaloa, Mexico",harmonics_utide_observations.txt,0,8761,0.0782,0.359,0,-0.109,2.041,Mexico_UHSLC,1,ja
677_Yavaros.csv,26.7061,-109.5135,1973,"Yavaros (Isla Las Viejas), Sonora, Mexico",harmonics-2004-06-14_mod.txt,0,5089,0.1309,0.705,10,0.772,1.901,Mexico_UHSLC,0,nein
677_Yavaros.csv,26.7061,-109.5135,1973,"Yavaros (Isla Las Viejas), Sonora, Mexico",harmonics_utide_observations.txt,0,5089,0.0978,0.563,-10,-0.008,1.835,Mexico_UHSLC,1,nein
397_Guaymas.csv,27.9211,-110.8819,1973,"Guaymas, Sonora, Mexico",harmonics_ticon4_worldwide.txt,0,8761,0.0768,0.403,0,0.035,1.711,Mexico_UHSLC,0,ja
397_Guaymas.csv,27.9211,-110.8819,1973,"Guaymas, Sonora, Mexico",harmonics_utide_observations.txt,0,8761,0.1074,0.352,-10,-0.051,1.711,Mexico_UHSLC,1,ja
673_Mazatlan.csv,23.2030,-106.4111,1965,"Mazatlán, Sinaloa, Mexico",harmonics_ticon4_worldwide.txt,0,8761,0.0804,0.377,0,1.591,2.095,Mexico_UHSLC,0,ja
673_Mazatlan.csv,23.2030,-106.4111,1965,"Mazatlán, Sinaloa, Mexico",harmonics_utide_observations.txt,0,8761,0.0752,0.387,0,-0.028,2.167,Mexico_UHSLC,1,ja
393_Puerto_Vallarta.csv,20.6586,-105.2439,1991,"Puerto Vallarta, Jalisco, Mexico",harmonics_ticon4_worldwide.txt,0,6601,0.0736,0.299,-40,0.068,1.8,Mexico_UHSLC,0,nein
393_Puerto_Vallarta.csv,20.6586,-105.2439,1991,"Puerto Vallarta, Jalisco, Mexico",harmonics_utide_observations.txt,0,6601,0.0725,0.294,-40,0.066,1.816,Mexico_UHSLC,1,nein
395_Manzanillo.csv,19.0556,-104.3178,2003,"Manzanillo, Colima, Mexico",harmonics_ticon4_worldwide.txt,0,8594,0.0658,0.271,0,0.013,1.297,Mexico_UHSLC,0,ja
395_Manzanillo.csv,19.0556,-104.3178,2003,"Manzanillo, Colima, Mexico",harmonics_utide_observations.txt,0,8711,0.1046,0.325,0,0.084,1.364,Mexico_UHSLC,1,ja
687_Zihuatanejo.csv,17.6370,-101.5580,2013,"Zihuatanejo, Guerrero, Mexico",harmonics_utide_observations.txt,0,7060,0.0576,0.249,0,-0.005,0.949,Mexico_UHSLC,1,nein
316_Acapulco.csv,16.8406,-99.9090,2011,"Acapulco (Puerto), Guerrero, Mexico",harmonics_ticon4_worldwide.txt,0,8761,0.0663,0.256,0,-0.031,1.119,Mexico_UHSLC,0,nein
316_Acapulco.csv,16.8406,-99.9090,2011,"Acapulco, Guerrero, Mexico",harmonics_utide_observations.txt,0,8761,0.0591,0.241,0,-0.031,1.129,Mexico_UHSLC,1,nein
316_Acapulco.csv,16.8406,-99.9090,2011,"Acapulco, Guerrero, Mexico",harmonics_noaa_amtt.txt,1153,8751,0.1916,0.61,-720,0.666,0.98,Mexico_UHSLC,0,nein
672_Puerto_Angel.csv,15.6656,-96.4914,1971,"Puerto Ángel, Oaxaca, Mexico",harmonics_utide_observations.txt,0,8761,0.0647,0.345,10,-0.074,1.459,Mexico_UHSLC,1,ja
394_Salina_Cruz.csv,16.1600,-95.2030,1975,"Salina Cruz (Faro), Oaxaca, Mexico",harmonics_ticon4_worldwide.txt,0,8083,0.0912,0.333,0,-0.009,1.74,Mexico_UHSLC,0,ja
394_Salina_Cruz.csv,16.1600,-95.2030,1975,"Salina Cruz (Faro), Oaxaca, Mexico",harmonics_utide_observations.txt,0,7393,0.0976,0.432,0,-0.011,1.797,Mexico_UHSLC,1,ja
394_Salina_Cruz.csv,16.1600,-95.2030,1975,"Salina Cruz (Puerto), Oaxaca, Mexico",harmonics_ticon4_worldwide.txt,1143,8083,0.0913,0.331,0,-0.008,1.743,Mexico_UHSLC,0,ja
318_Puerto_Madero.csv,14.7000,-92.3978,1988,"Puerto Madero, Chiapas, Mexico",harmonics_utide_observations.txt,0,8761,0.0763,0.394,0,0.006,2.067,Mexico_UHSLC,1,nein
277_Madero_Tampico.csv,22.2616,-97.7957,2007,"Tampico Puerto (Madero), Tamaulipas, Mexico",harmonics-2004-06-14_mod.txt,0,6676,0.1035,0.384,10,3.524,1.021,Mexico_UHSLC,0,nein
277_Madero_Tampico.csv,22.2616,-97.7957,2007,"Tampico Puerto (Madero), Tamaulipas, Mexico",harmonics_utide_observations.txt,0,6676,0.0983,0.344,0,0.058,1.045,Mexico_UHSLC,1,nein
250_Veracruz.csv,19.2009,-96.1307,1994,"Veracruz, Veracruz, Mexico",harmonics_ticon4_worldwide.txt,0,8761,0.0785,0.377,0,0.569,0.99,Mexico_UHSLC,0,ja
250_Veracruz.csv,19.2009,-96.1307,1994,"Veracruz, Veracruz, Mexico",harmonics_utide_observations.txt,0,8761,0.1059,0.374,10,0.459,1.015,Mexico_UHSLC,1,ja
250_Veracruz.csv,19.2009,-96.1307,1994,"Veracruz #, Mexico",harmonics_noaa_amtt.txt,291,8761,0.0892,0.339,0,1.243,1.127,Mexico_UHSLC,0,ja
779_Ciudad_del_Carmen.csv,18.6318,-91.8318,1968,"Ciudad Del Carmen (Sector Naval), Campeche, Mexico",harmonics_ticon4_worldwide.txt,0,8016,0.14,0.547,-180,0.124,0.78,Mexico_UHSLC,0,ja
779_Ciudad_del_Carmen.csv,18.6318,-91.8318,1968,"Ciudad Del Carmen (Sector Naval), Campeche, Mexico",harmonics_utide_observations.txt,0,8761,0.1055,0.477,20,0.072,0.788,Mexico_UHSLC,1,ja
779_Ciudad_del_Carmen.csv,18.6318,-91.8318,1968,"Ciudad del Carmen (Faro Atalaya), Campeche, Mexico",harmonics_ticon4_worldwide.txt,1754,8016,0.1396,0.55,-180,0.125,0.789,Mexico_UHSLC,0,ja
861_Celestun.csv,20.8580,-90.4030,2011,"Celestun, Yucatan, Mexico",harmonics_utide_observations.txt,0,8761,0.099,0.453,0,-0.015,1.179,Mexico_UHSLC,1,nein
721_Progreso.csv,21.3030,-89.6662,2013,"Progreso, Yucatán, Mexico",harmonics_ticon4_worldwide.txt,0,8331,0.1001,0.398,0,4.254,0.964,Mexico_UHSLC,0,nein
721_Progreso.csv,21.3030,-89.6662,2013,"Progreso, Yucatan, Mexico",harmonics_utide_observations.txt,0,8329,0.1337,0.519,190,4.255,0.679,Mexico_UHSLC,1,nein
862_Telchac.csv,21.3400,-89.3080,2013,"Telchac, Yucatan, Mexico",harmonics_utide_observations.txt,0,8126,0.0912,0.392,0,0.001,1.036,Mexico_UHSLC,1,nein
860_Puerto_Morelos.csv,20.8680,-86.8670,2013,"Puerto Morelos, Quintana Roo, Mexico",harmonics_utide_observations.txt,0,8507,0.0647,0.51,-10,0.025,0.416,Mexico_UHSLC,1,nein
mnts_ioc.csv,16.8035,-62.2059,2026,"Little Bay, Montserrat",harmonics_utide_observations.txt,0,490445,0.0395,1.448,0,0.013,0.548,Montserrat_IOC,1,nein
said_saidia.csv,35.1119,-2.2929,2020,"Saidia Marina, Morocco",harmonics_utide_observations.txt,0,264306,0.3003,1.702,-30,0.957,0.58,Morocco_IOC,1,ja
398_Marsden_Point.csv,-35.8346,174.4902,2014,"Marsden Point, Northland, New Zealand",harmonics_ticon4_worldwide.txt,0,8761,0.0866,0.452,0,-0.021,2.79,New_Zealand_UHSLC,0,ja
398_Marsden_Point.csv,-35.8346,174.4902,2014,"Marsden Point, Northland, New Zealand",harmonics_utide_observations.txt,0,8761,0.0866,0.458,0,-0.021,2.807,New_Zealand_UHSLC,1,ja
398_Marsden_Point.csv,-35.8346,174.4902,2014,"Whangarei Heads, Northland, New Zealand",harmonics_noaa_cptt.txt,2178,8761,0.1131,0.595,10,0.248,2.673,New_Zealand_UHSLC,0,ja
70_Auckland.csv,-36.8429,174.7669,1988,"Auckland, New Zealand",harmonics_ticon4_worldwide.txt,0,8761,0.0986,0.489,0,-0.026,3.472,New_Zealand_UHSLC,0,nein
70_Auckland.csv,-36.8429,174.7669,1988,"Auckland (Queens Wharf), New Zealand",harmonics_utide_observations.txt,0,8761,0.0969,0.471,0,-0.026,3.447,New_Zealand_UHSLC,1,nein
70_Auckland.csv,-36.8429,174.7669,1988,"Westhaven Inlet, New Zealand",harmonics_utide_tidetables.txt,1826,8761,0.1149,0.571,-10,1.793,3.372,New_Zealand_UHSLC,0,nein
70_Auckland.csv,-36.8429,174.7669,1988,"Devonport Naval Base, New Zealand",harmonics_utide_tidetables.txt,2155,8761,0.1182,0.597,-10,1.793,3.303,New_Zealand_UHSLC,0,nein
73_Tauranga.csv,-37.6500,176.1830,2014,"Tauranga, New Zealand",harmonics_ticon4_worldwide.txt,0,8761,0.0802,0.556,0,-0.058,2.136,New_Zealand_UHSLC,0,ja
73_Tauranga.csv,-37.6500,176.1830,2014,"Tauranga, Bay of Plenty, New Zealand",harmonics_utide_observations.txt,0,8761,0.0817,0.607,0,-0.058,2.208,New_Zealand_UHSLC,1,ja
73_Tauranga.csv,-37.6500,176.1830,2014,"Tauranga Harbor entrance, Auckland, New Zealand",harmonics_noaa_cptt.txt,26,8761,0.1036,0.596,10,-0.009,2.143,New_Zealand_UHSLC,0,ja
73_Tauranga.csv,-37.6500,176.1830,2014,"Sulphur Point, New Zealand",harmonics_utide_tidetables.txt,1274,8761,0.0875,0.562,-10,1.089,2.207,New_Zealand_UHSLC,0,ja
73_Tauranga.csv,-37.6500,176.1830,2014,"Moturiki Island, New Zealand",harmonics_utide_tidetables.txt,2042,8761,0.091,0.56,-30,1.089,2.287,New_Zealand_UHSLC,0,ja
78_Gisborne.csv,-38.6830,178.0330,2014,"Gisborne, New Zealand",harmonics_ticon4_worldwide.txt,0,8761,0.0975,0.445,0,-0.024,1.943,New_Zealand_UHSLC,0,ja
78_Gisborne.csv,-38.6830,178.0330,2014,"Gisborne, Gisborne, New Zealand",harmonics_utide_observations.txt,0,8761,0.0992,0.465,0,-0.024,1.932,New_Zealand_UHSLC,1,ja
78_Gisborne.csv,-38.6830,178.0330,2014,"Sponge Bay, New Zealand",harmonics_utide_tidetables.txt,2398,8761,0.1065,0.507,0,1.253,1.907,New_Zealand_UHSLC,0,ja
668_Napier.csv,-39.4830,176.9170,2014,"Napier, New Zealand",harmonics_ticon4_worldwide.txt,0,8761,0.0878,0.321,0,-0.036,2.036,New_Zealand_UHSLC,0,ja
668_Napier.csv,-39.4830,176.9170,2014,"Napier, Hawke's Bay, New Zealand",harmonics_utide_observations.txt,0,8761,0.0885,0.325,0,-0.035,2.057,New_Zealand_UHSLC,1,ja
668_Napier.csv,-39.4830,176.9170,2014,"Napier, Gisborne, New Zealand",harmonics_noaa_cptt.txt,42,8761,0.104,0.345,20,0.09,2.071,New_Zealand_UHSLC,0,ja
76_Taranaki.csv,-39.0562,174.0344,2014,"Taranaki, Taranaki, New Zealand",harmonics_ticon4_worldwide.txt,0,8761,0.103,0.482,0,-0.065,3.882,New_Zealand_UHSLC,0,ja
76_Taranaki.csv,-39.0562,174.0344,2014,"Taranaki, Taranaki, New Zealand",harmonics_utide_observations.txt,0,8761,0.1034,0.448,0,-0.064,3.86,New_Zealand_UHSLC,1,ja
76_Taranaki.csv,-39.0562,174.0344,2014,"Port Taranaki, New Zealand",harmonics_utide_tidetables.txt,0,8761,0.1201,0.521,0,1.967,3.972,New_Zealand_UHSLC,0,ja
75_Wanganui.csv,-39.9470,174.9900,1985,"Wanganui, Manawatu-Whanganui, New Zealand",harmonics_utide_observations.txt,0,8380,0.1659,0.737,0,0.01,2.988,New_Zealand_UHSLC,1,nein
75_Wanganui.csv,-39.9470,174.9900,1985,"Whanganui River Entrance, New Zealand",harmonics_utide_tidetables.txt,179,8380,0.2055,0.751,-50,1.761,2.961,New_Zealand_UHSLC,0,nein
71_Wellington.csv,-41.2843,174.7798,2016,"Wellington, Wellington, New Zealand",harmonics_ticon4_worldwide.txt,0,8761,0.1046,0.495,0,0.0,1.426,New_Zealand_UHSLC,0,ja
71_Wellington.csv,-41.2843,174.7798,2016,"Wellington, Wellington, New Zealand",harmonics_utide_observations.txt,0,8761,0.1038,0.464,0,0.0,1.437,New_Zealand_UHSLC,1,ja
77_Nelson.csv,-41.2618,173.2727,2014,"Nelson, New Zealand",harmonics_ticon4_worldwide.txt,0,8736,0.1003,0.625,0,-0.029,4.525,New_Zealand_UHSLC,0,ja
77_Nelson.csv,-41.2618,173.2727,2014,"Nelson, Nelson, New Zealand",harmonics_utide_observations.txt,0,8736,0.0943,0.538,0,-0.029,4.429,New_Zealand_UHSLC,1,ja
74_Westport.csv,-41.7456,171.5947,1985,"Westport, New Zealand",harmonics-2004-06-14_mod.txt,0,8761,0.1267,0.823,0,0.183,3.695,New_Zealand_UHSLC,0,nein
74_Westport.csv,-41.7456,171.5947,1985,"Westport, New Zealand",harmonics_utide_observations.txt,0,8761,0.1276,0.758,0,-0.001,3.688,New_Zealand_UHSLC,1,nein
403_Jackson_Bay.csv,-43.9728,168.6156,2015,"Jackson Bay, New Zealand",harmonics_ticon4_worldwide.txt,0,8761,0.121,0.559,0,1.907,2.812,New_Zealand_UHSLC,0,ja
403_Jackson_Bay.csv,-43.9728,168.6156,2015,"Jackson Bay, New Zealand",harmonics_utide_observations.txt,0,8761,0.1201,0.537,0,-0.033,2.794,New_Zealand_UHSLC,1,ja
667_Lyttelton.csv,-43.6056,172.7219,2014,"Lyttelton, New Zealand",harmonics_ticon4_worldwide.txt,0,8365,0.1241,0.445,0,-0.04,2.592,New_Zealand_UHSLC,0,ja
667_Lyttelton.csv,-43.6056,172.7219,2014,"Lyttelton, Canterbury, New Zealand",harmonics_utide_observations.txt,0,8365,0.1243,0.465,0,-0.04,2.62,New_Zealand_UHSLC,1,ja
667_Lyttelton.csv,-43.6056,172.7219,2014,"Lyttelton, Canterbury, New Zealand",harmonics_noaa_cptt.txt,1303,8365,0.1672,0.652,10,0.482,2.803,New_Zealand_UHSLC,0,ja
665_Timaru.csv,-44.3941,171.2561,2014,"Timaru Harbour, New Zealand",harmonics_ticon4_worldwide.txt,0,8706,0.1286,0.754,0,-0.007,2.41,New_Zealand_UHSLC,0,ja
665_Timaru.csv,-44.3941,171.2561,2014,"Timaru, Canterbury, New Zealand",harmonics_utide_observations.txt,0,8706,0.1303,0.762,0,-0.007,2.423,New_Zealand_UHSLC,1,ja
669_Port_Chalmers.csv,-45.8147,170.6241,2014,"Port Chalmers, Otago, New Zealand",harmonics_ticon4_worldwide.txt,0,8761,0.114,0.368,0,-0.036,2.43,New_Zealand_UHSLC,0,ja
669_Port_Chalmers.csv,-45.8147,170.6241,2014,"Port Chalmers, Otago, New Zealand",harmonics_utide_observations.txt,0,8761,0.1153,0.381,0,-0.036,2.522,New_Zealand_UHSLC,1,ja
669_Port_Chalmers.csv,-45.8147,170.6241,2014,"Port Chalmers, Otago Harbor, Otago, New Zealand",harmonics_noaa_cptt.txt,2020,8761,0.1399,0.447,10,0.175,2.337,New_Zealand_UHSLC,0,ja
72_Bluff.csv,-46.5977,168.3454,2015,"Bluff, Southland, New Zealand",harmonics-2004-06-14_mod.txt,0,8761,0.1494,0.55,-10,0.162,2.895,New_Zealand_UHSLC,0,ja
72_Bluff.csv,-46.5977,168.3454,2015,"Bluff, Southland, New Zealand",harmonics_ticon4_worldwide.txt,0,8761,0.1396,0.494,0,-0.044,2.784,New_Zealand_UHSLC,0,ja
72_Bluff.csv,-46.5977,168.3454,2015,"Bluff, Southland, New Zealand",harmonics_utide_observations.txt,0,8761,0.1384,0.493,0,-0.044,2.817,New_Zealand_UHSLC,1,ja
72_Bluff.csv,-46.5977,168.3454,2015,"Stirling Point, New Zealand",harmonics_utide_tidetables.txt,1893,8761,0.1817,0.603,-30,1.768,3.164,New_Zealand_UHSLC,0,ja
72_Bluff.csv,-46.5977,168.3454,2015,"Davey Shoal, New Zealand",harmonics_utide_tidetables.txt,1946,8761,0.1817,0.609,-30,1.768,3.167,New_Zealand_UHSLC,0,ja
79_Chatham_Island.csv,-43.9463,-176.5612,2004,"Waitangi, Chatham Island, New Zealand",harmonics_ticon4_worldwide.txt,0,5278,0.116,0.337,0,-0.07,1.018,New_Zealand_UHSLC,0,ja
79_Chatham_Island.csv,-43.9463,-176.5612,2004,"Waitangi, Chatham Islands, New Zealand",harmonics_utide_observations.txt,0,5278,0.1158,0.337,0,-0.077,1.001,New_Zealand_UHSLC,1,ja
79_Chatham_Island.csv,-43.9463,-176.5612,2004,"Waitangi, Chatham Island, New Zealand",harmonics_utide_tidetables.txt,0,5278,0.1209,0.36,0,1.802,0.924,New_Zealand_UHSLC,0,ja
663_Scott_Base.csv,-77.8500,166.7670,2017,"Ross Island, Antarctica",harmonics_ticon4_worldwide.txt,0,8761,0.0922,0.392,0,0.039,1.112,New_Zealand_UHSLC,0,nein
663_Scott_Base.csv,-77.8500,166.7670,2017,"Scott Base, Ross Island, New Zealand",harmonics_utide_observations.txt,0,8761,0.0905,0.429,0,0.039,1.145,New_Zealand_UHSLC,1,nein
pcrt_ioc.csv,12.4830,-87.1670,2026,"Puerto Corinto, Nicaragua",harmonics_utide_observations.txt,0,191886,0.1036,0.418,0,-0.06,3.908,Nicaragua_IOC,1,nein
pcrt_ioc.csv,12.4830,-87.1670,2026,"Corinto (Isla Cardon), Nicaragua",harmonics_noaa_amtt.txt,47,191886,0.112,0.378,10,1.34,2.89,Nicaragua_IOC,0,nein
kartverket_AES.csv,62.4694,6.1519,2015,"Ålesund, Norway",harmonics_utide_observations.txt,0,8760,0.1734,0.81,0,0.025,2.363,Norway_Kartverket,1,ja
kartverket_AES.csv,62.4694,6.1519,2015,"Ålesund, Norway",harmonics_ticon4_worldwide.txt,3,8760,0.1691,0.826,0,1.315,2.349,Norway_Kartverket,0,ja
kartverket_ANX.csv,69.3261,16.1348,2015,"Andenes, Norway",harmonics_noaa_eutt.txt,0,8761,0.1789,0.7,0,0.261,2.384,Norway_Kartverket,0,ja
kartverket_ANX.csv,69.3261,16.1348,2015,"Andenes, Norway",harmonics_ticon4_worldwide.txt,0,8761,0.155,0.64,0,0.042,2.527,Norway_Kartverket,0,ja
kartverket_ANX.csv,69.3261,16.1348,2015,"Andenes, Norway",harmonics_utide_observations.txt,0,8761,0.1631,0.626,0,0.042,2.549,Norway_Kartverket,1,ja
kartverket_BGO.csv,60.3980,5.3205,2015,"Bergen, Norway",harmonics_utide_observations.txt,0,8761,0.1433,0.619,0,0.011,1.794,Norway_Kartverket,1,ja
kartverket_BGO.csv,60.3980,5.3205,2015,"Bergen, Norway",harmonics_ticon4_worldwide.txt,5,8761,0.1418,0.632,0,0.996,1.769,Norway_Kartverket,0,ja
kartverket_BOO.csv,67.2923,14.3998,2015,"Bodø, Norway",harmonics_utide_observations.txt,0,8761,0.1765,0.764,0,0.049,3.321,Norway_Kartverket,1,ja
kartverket_BOO.csv,67.2923,14.3998,2015,"Bodø, Norway",harmonics_ticon4_worldwide.txt,4,8761,0.1694,0.741,0,1.751,3.294,Norway_Kartverket,0,ja
kartverket_BOH.csv,61.1359,5.3397,2026,"Leirvik (Bøfjorden), Norway",harmonics_utide_observations.txt,0,8762,0.1209,0.554,0,-0.011,1.982,Norway_Kartverket,1,nein
kartverket_BRJ.csv,60.4921,6.8939,2026,"Bruravik, Norway",harmonics_utide_observations.txt,0,8761,0.1333,0.675,0,-0.008,1.743,Norway_Kartverket,1,nein
kartverket_HFT.csv,70.6648,23.6787,2015,"Hammerfest, Norway",harmonics_ticon4_worldwide.txt,0,8761,0.1519,0.605,0,1.771,3.225,Norway_Kartverket,0,ja
kartverket_HFT.csv,70.6648,23.6787,2015,"Hammerfest, Norway",harmonics_utide_observations.txt,0,8761,0.1588,0.602,0,0.033,3.222,Norway_Kartverket,1,ja
kartverket_HAR.csv,68.8013,16.5482,2015,"Harstad, Norway",harmonics_utide_observations.txt,0,8690,0.1548,0.619,0,0.045,2.67,Norway_Kartverket,1,ja
kartverket_HAR.csv,68.8013,16.5482,2015,"Harstad, Norway",harmonics_ticon4_worldwide.txt,5,8690,0.149,0.604,0,1.476,2.638,Norway_Kartverket,0,ja
kartverket_HEI.csv,63.4252,9.1015,2015,"Heimsjøen, Norway",harmonics_utide_observations.txt,0,8761,0.1665,0.829,0,0.039,2.946,Norway_Kartverket,1,ja
kartverket_HEI.csv,63.4252,9.1015,2015,"Heimsjøen, Norway",harmonics_ticon4_worldwide.txt,3,8761,0.1609,0.834,0,1.549,2.909,Norway_Kartverket,0,ja
kartverket_HRO.csv,58.9952,9.8564,2015,"Helgeroa, Norway",harmonics_utide_observations.txt,0,8761,0.1909,1.061,10,0.019,0.634,Norway_Kartverket,1,ja
kartverket_HRO.csv,58.9952,9.8564,2015,"Helgeroa, Norway",harmonics_ticon4_worldwide.txt,2,8761,0.1903,1.037,10,0.577,0.586,Norway_Kartverket,0,ja
kartverket_HVG.csv,70.9803,25.9727,2015,"Honningsvåg, Norway",harmonics_ticon4_worldwide.txt,0,8760,0.1385,0.551,0,0.016,3.247,Norway_Kartverket,0,ja
kartverket_HVG.csv,70.9803,25.9727,2015,"Honningsvåg, Norway",harmonics_utide_observations.txt,0,8760,0.1428,0.53,0,0.017,3.172,Norway_Kartverket,1,ja
kartverket_KAB.csv,68.2126,14.4821,2015,"Kabelvåg, Norway",harmonics_utide_observations.txt,0,8759,0.1786,0.773,0,0.048,3.543,Norway_Kartverket,1,ja
kartverket_KAB.csv,68.2126,14.4821,2015,"Kabelvåg, Norway",harmonics_ticon4_worldwide.txt,5,8759,0.1706,0.755,0,1.857,3.52,Norway_Kartverket,0,ja
kartverket_KSU.csv,63.1139,7.7361,2015,"Kristiansund, Norway",harmonics_ticon4_worldwide.txt,0,8762,0.1667,0.873,0,1.406,2.584,Norway_Kartverket,0,ja
kartverket_KSU.csv,63.1139,7.7361,2015,"Kristiansund, Norway",harmonics_utide_observations.txt,0,8762,0.171,0.843,0,0.035,2.602,Norway_Kartverket,1,ja
kartverket_KSU.csv,63.1139,7.7361,2015,"Kristiansund, Norway",harmonics_noaa_eutt.txt,11,8762,0.1944,0.972,0,0.187,2.425,Norway_Kartverket,0,ja
kartverket_LEH.csv,59.7664,5.5037,2026,"Leirvik, Norway",harmonics_utide_observations.txt,0,8761,0.1245,0.595,0,-0.012,1.446,Norway_Kartverket,1,nein
kartverket_MSU.csv,63.8693,8.6652,2015,"Mausund (Måøya), Norway",harmonics_utide_observations.txt,0,8662,0.1557,0.793,0,0.027,2.803,Norway_Kartverket,1,ja
kartverket_MSU.csv,63.8693,8.6652,2015,"Mausund (Måløya), Norway",harmonics_ticon4_worldwide.txt,4,8662,0.1508,0.776,0,1.489,2.794,Norway_Kartverket,0,ja
kartverket_MAY.csv,61.9338,5.1133,2015,"Måløy, Norway",harmonics_ticon4_worldwide.txt,0,8762,0.16,0.657,0,0.019,2.209,Norway_Kartverket,0,ja
kartverket_MAY.csv,61.9338,5.1133,2015,"Måløy, Norway",harmonics_utide_observations.txt,0,8762,0.1631,0.656,0,0.019,2.222,Norway_Kartverket,1,ja
kartverket_NVK.csv,68.4283,17.4258,2015,"Narvik, Norway",harmonics_utide_observations.txt,0,8762,0.1683,0.784,0,0.031,3.807,Norway_Kartverket,1,ja
kartverket_NVK.csv,68.4283,17.4258,2015,"Narvik, Norway",harmonics_ticon4_worldwide.txt,2,8762,0.1635,0.761,0,1.92,3.77,Norway_Kartverket,0,ja
kartverket_NYA.csv,78.9285,11.9380,2015,"Ny-Ålesund, Norway",harmonics_utide_observations.txt,0,8759,0.1074,0.524,0,0.071,1.835,Norway_Kartverket,1,ja
kartverket_NYA.csv,78.9285,11.9380,2015,"Ny-Ålesund, Spitsbergen, Norway",harmonics_ticon4_worldwide.txt,1056,8759,0.1011,0.496,0,0.071,1.802,Norway_Kartverket,0,ja
kartverket_OSC.csv,59.6781,10.6049,2015,"Oscarsborg, Norway",harmonics_utide_observations.txt,0,8761,0.2339,1.269,10,0.046,0.783,Norway_Kartverket,1,ja
kartverket_OSC.csv,59.6781,10.6049,2015,"Oscarsborg, Norway",harmonics_ticon4_worldwide.txt,4,8761,0.2319,1.235,10,0.742,0.711,Norway_Kartverket,0,ja
kartverket_OSC.csv,59.6781,10.6049,2015,"Oscarsborg, Norway",harmonics_noaa_eutt.txt,11,8761,0.2331,1.241,-10,0.438,0.697,Norway_Kartverket,0,ja
kartverket_OSL.csv,59.9086,10.7345,2015,"Oslo, Norway",harmonics_utide_observations.txt,0,8760,0.2421,1.362,10,0.05,0.823,Norway_Kartverket,1,ja
kartverket_OSL.csv,59.9086,10.7345,2015,"Oslo, Norway",harmonics_ticon4_worldwide.txt,5,8760,0.2425,1.33,10,0.754,0.702,Norway_Kartverket,0,ja
kartverket_OSL.csv,59.9086,10.7345,2015,"Oslo, Norway",harmonics_noaa_eutt.txt,11,8760,0.24,1.323,0,0.48,0.658,Norway_Kartverket,0,ja
kartverket_RVK.csv,64.8595,11.2301,2015,"Rørvik, Norway",harmonics_ticon4_worldwide.txt,0,8760,0.1647,0.878,0,0.055,3.003,Norway_Kartverket,0,ja
kartverket_RVK.csv,64.8595,11.2301,2015,"Rørvik, Norway",harmonics_utide_observations.txt,0,8760,0.1711,0.886,0,0.055,3.018,Norway_Kartverket,1,ja
kartverket_SBG.csv,58.8682,5.7466,2026,"Sandnes, Norway",harmonics_utide_observations.txt,0,8761,0.1271,0.547,0,0.007,0.981,Norway_Kartverket,1,nein
kartverket_SBG.csv,58.8682,5.7466,2026,"Sandnes, Norway",harmonics_ticon4_worldwide.txt,4,8761,0.1358,0.574,0,0.752,0.855,Norway_Kartverket,0,nein
kartverket_SIE.csv,58.5052,5.7916,2026,"Sirevåg, Norway",harmonics_utide_observations.txt,0,8665,0.131,0.564,0,-0.006,0.471,Norway_Kartverket,1,nein
kartverket_SOY.csv,59.7106,10.2730,2026,"Solumstrand, Norway",harmonics_utide_observations.txt,0,8761,0.1885,0.998,0,-0.016,0.838,Norway_Kartverket,1,nein
kartverket_SVG.csv,58.9743,5.7301,2015,"Stavanger, Norway",harmonics_noaa_eutt.txt,0,8712,0.1592,0.82,-20,0.401,0.881,Norway_Kartverket,0,ja
kartverket_SVG.csv,58.9743,5.7301,2015,"Stavanger, Norway",harmonics_utide_observations.txt,0,8712,0.1513,0.751,0,-0.005,0.907,Norway_Kartverket,1,ja
kartverket_SVG.csv,58.9743,5.7301,2015,"Stavanger, Norway",harmonics_ticon4_worldwide.txt,5,8712,0.1509,0.77,-10,0.706,0.852,Norway_Kartverket,0,ja
kartverket_TRG.csv,58.0064,7.5548,2015,"Tregde (Mandal), Norway",harmonics_noaa_eutt.txt,0,8761,0.1477,0.781,0,0.332,0.5,Norway_Kartverket,0,ja
kartverket_TRG.csv,58.0064,7.5548,2015,"Tregde (Mandal), Norway",harmonics_utide_observations.txt,0,8761,0.1461,0.789,10,-0.017,0.498,Norway_Kartverket,1,ja
kartverket_TRG.csv,58.0064,7.5548,2015,"Tregde (Mandal), Norway",harmonics_ticon4_worldwide.txt,4,8761,0.1466,0.779,10,0.515,0.479,Norway_Kartverket,0,ja
kartverket_TOS.csv,69.6461,18.9548,2015,"Tromsø, Norway",harmonics_utide_observations.txt,0,8758,0.1569,0.638,0,0.037,3.193,Norway_Kartverket,1,ja
kartverket_TOS.csv,69.6461,18.9548,2015,"Tromsø, Norway",harmonics_ticon4_worldwide.txt,1,8758,0.1523,0.66,0,1.741,3.218,Norway_Kartverket,0,ja
kartverket_TRD.csv,63.4365,10.3917,2015,"Trondheim, Norway",harmonics_utide_observations.txt,0,8760,0.157,0.783,0,0.034,3.452,Norway_Kartverket,1,ja
kartverket_TRD.csv,63.4365,10.3917,2015,"Trondheim, Norway",harmonics_ticon4_worldwide.txt,2,8760,0.1533,0.776,0,1.714,3.413,Norway_Kartverket,0,ja
kartverket_TAZ.csv,66.4966,12.0886,2026,"Træna, Norway",harmonics_utide_observations.txt,0,8762,0.1385,0.712,0,-0.008,2.971,Norway_Kartverket,1,nein
kartverket_TAZ.csv,66.4966,12.0886,2026,"Træna, Norway",harmonics_att_np202_secondary.txt,889,8762,0.1596,0.635,10,0.137,2.676,Norway_Kartverket,0,nein
kartverket_VAW.csv,70.3750,31.1040,2015,"Vardø, Norway",harmonics_utide_observations.txt,0,8760,0.1605,0.632,0,0.023,3.666,Norway_Kartverket,1,ja
kartverket_VAW.csv,70.3750,31.1040,2015,"Vardøya, Norway",harmonics_noaa_eutt.txt,23,8760,0.2073,0.773,0,0.232,3.503,Norway_Kartverket,0,ja
kartverket_VAW.csv,70.3750,31.1040,2015,"Vardø, Norway",harmonics_ticon4_worldwide.txt,58,8760,0.1549,0.612,0,0.023,3.686,Norway_Kartverket,0,ja
kartverket_VIK.csv,59.0360,10.9498,2015,"Viker, Norway",harmonics_utide_observations.txt,0,8758,0.2171,1.213,10,0.033,0.68,Norway_Kartverket,1,ja
kartverket_VIK.csv,59.0360,10.9498,2015,"Viker, Norway",harmonics_ticon4_worldwide.txt,5,8758,0.2143,1.179,10,0.598,0.62,Norway_Kartverket,0,ja
masirah_113.csv,20.6870,58.8720,2019,"Ras Hilf (Masirah Island), Oman",harmonics_ticon4_worldwide.txt,0,4447,0.0925,0.459,0,0.047,2.856,UHSLC_Oman,0,nein
masirah_113.csv,20.6870,58.8720,2019,"Ras Hilf (Masirah Island), Oman",harmonics_utide_observations.txt,0,4447,0.0859,0.518,0,0.047,2.989,UHSLC_Oman,1,nein
muscat_110.csv,23.6280,58.5650,2021,"Muscat (Sultan Qaboos Port), Oman",harmonics_ticon4_worldwide.txt,0,8576,0.061,0.226,0,0.024,3.122,UHSLC_Oman,0,nein
muscat_110.csv,23.6280,58.5650,2021,"Muscat (Sultan Qaboos Port), Oman",harmonics_utide_observations.txt,0,8576,0.0535,0.178,0,0.024,3.126,UHSLC_Oman,1,nein
salalah_114.csv,16.9350,54.0070,2025,"Salalah, Oman",harmonics_ticon4_worldwide.txt,0,6469,0.0653,0.228,0,0.145,2.002,UHSLC_Oman,0,nein
salalah_114.csv,16.9350,54.0070,2025,"Salalah, Oman",harmonics_utide_observations.txt,0,6469,0.0605,0.222,0,0.144,2.058,UHSLC_Oman,1,nein
302_panama.csv,8.9650,-79.5718,2008,"Balboa, Panama",harmonics_ticon4_worldwide.txt,0,8761,0.0909,0.4,0,0.002,6.248,Panama_UHSLC,0,ja
302_panama.csv,8.9650,-79.5718,2008,"Balboa, Panama",harmonics_utide_observations.txt,0,8761,0.1147,0.435,0,0.001,6.488,Panama_UHSLC,1,ja
266_panama.csv,9.3552,-79.9147,2004,"Colón, Panama",harmonics_ticon4_worldwide.txt,0,8555,0.0425,0.172,0,-0.01,0.594,Panama_UHSLC,0,ja
266_panama.csv,9.3552,-79.9147,2004,"Cristobal, Panama",harmonics_utide_observations.txt,0,8555,0.0415,0.177,0,-0.01,0.594,Panama_UHSLC,1,ja
739_panama.csv,9.5582,-78.9492,2015,"El Porvenir, Panama",harmonics_ticon4_worldwide.txt,0,8761,0.0424,0.145,0,-0.02,0.5,Panama_UHSLC,0,ja
739_panama.csv,9.5582,-78.9492,2015,"El Porvenir, Panama",harmonics_utide_observations.txt,0,8761,0.0417,0.147,0,-0.02,0.499,Panama_UHSLC,1,ja
bdto_ioc.csv,9.3509,-82.2577,2026,"Bocas del Toro, Panama",harmonics_utide_observations.txt,0,429619,0.1301,1.974,-10,0.555,0.818,Panama_IOC,1,nein
92_peru.csv,-4.5752,-81.2828,2025,"Talara, Peru",harmonics_ticon4_worldwide.txt,0,7367,0.064,1.019,0,-0.006,2.19,Peru_UHSLC,0,nein
92_peru.csv,-4.5752,-81.2828,2025,"Talara, Peru",harmonics_utide_observations.txt,0,7367,0.0645,1.031,0,-0.007,2.225,Peru_UHSLC,1,nein
84_peru.csv,-6.9330,-80.7170,2007,"Lobos De Afuera, Peru",harmonics_ticon4_worldwide.txt,0,8761,0.0587,0.244,-10,0.235,1.693,Peru_UHSLC,0,nein
84_peru.csv,-6.9330,-80.7170,2007,"Lobos de Afuera, Peru",harmonics_utide_observations.txt,0,8761,0.0449,0.219,0,0.015,1.693,Peru_UHSLC,1,nein
93_peru.csv,-12.0689,-77.1667,2015,"Callao (La Punta), Peru",harmonics_ticon4_worldwide.txt,0,8459,0.0535,0.237,0,0.064,1.117,Peru_UHSLC,0,ja
93_peru.csv,-12.0689,-77.1667,2015,"Callao (La Punta), Peru",harmonics_utide_observations.txt,0,8459,0.0529,0.216,0,0.065,1.149,Peru_UHSLC,1,ja
94_peru.csv,-17.0010,-72.1086,2015,"Matarani, Peru",harmonics_ticon4_worldwide.txt,0,8761,0.0552,0.213,0,0.008,1.305,Peru_UHSLC,0,ja
94_peru.csv,-17.0010,-72.1086,2015,"Matarani, Peru",harmonics_utide_observations.txt,0,8761,0.049,0.19,0,0.008,1.36,Peru_UHSLC,1,ja
lobo2_ioc.csv,-6.4167,-80.8543,2026,"Isla Lobos de Tierra, Peru",harmonics_utide_observations.txt,0,284320,0.5197,2.917,0,-0.0,0.814,Peru_IOC,1,nein
chim2_ioc.csv,-9.0762,-78.6127,2026,"Chimbote, Peru",harmonics_utide_observations.txt,0,270511,0.1598,1.157,0,-0.0,1.874,Peru_IOC,1,nein
chim2_ioc.csv,-9.0762,-78.6127,2026,"Chimbote, Peru",harmonics_noaa_amtt.txt,2396,270511,0.2025,1.157,-10,0.814,1.638,Peru_IOC,0,nein
chan_ioc.csv,-11.5849,-77.2732,2026,"Chancay, Peru",harmonics_utide_observations.txt,0,324561,0.075,1.255,0,-0.0,1.201,Peru_IOC,1,nein
chala_ioc.csv,-15.8661,-74.2481,2026,"Chala, Peru",harmonics_utide_observations.txt,0,431886,0.0588,0.826,0,-0.015,1.292,Peru_IOC,1,nein
ilom2_ioc.csv,-17.6447,-71.3496,2026,"Ilo, Peru",harmonics_utide_observations.txt,0,324457,0.1596,0.728,0,-0.0,1.849,Peru_IOC,1,nein
ilom2_ioc.csv,-17.6447,-71.3496,2026,"Ilo, Peru",harmonics_noaa_amtt.txt,1268,324457,0.1877,0.613,-10,0.954,1.374,Peru_IOC,0,nein
370_Manila.csv,14.5850,120.9680,2007,"Manila, Philippines",harmonics_ticon4_worldwide.txt,0,8735,0.0747,0.399,0,0.353,1.934,Philippines_UHSLC,0,ja
370_Manila.csv,14.5850,120.9680,2007,"Manila, Philippines",harmonics_utide_observations.txt,0,8735,0.0704,0.401,0,0.353,1.962,Philippines_UHSLC,1,ja
371_Legaspi.csv,13.1461,123.7580,2007,"Legaspi, Philippines",harmonics_ticon4_worldwide.txt,0,3058,0.0818,0.35,10,-0.11,2.173,Philippines_UHSLC,0,ja
371_Legaspi.csv,13.1461,123.7580,2007,"Legaspi, Philippines",harmonics_utide_observations.txt,0,3058,0.0805,0.361,10,-0.101,2.197,Philippines_UHSLC,1,ja
371_Legaspi.csv,13.1461,123.7580,2007,"Legaspi, Philippines",harmonics_att_np203_scs.txt,969,3058,0.0893,0.34,10,1.187,1.995,Philippines_UHSLC,0,ja
372_Davao.csv,7.0830,125.6330,2007,"Davao, Philippines",harmonics_ticon4_worldwide.txt,0,4543,0.087,0.28,10,0.037,2.294,Philippines_UHSLC,0,ja
372_Davao.csv,7.0830,125.6330,2007,"Davao, Philippines",harmonics_utide_observations.txt,0,4543,0.0881,0.277,10,0.039,2.324,Philippines_UHSLC,1,ja
373_Jolo.csv,6.0670,121.0000,1995,"Jolo, Philippines",harmonics_ticon4_worldwide.txt,0,6088,0.0766,0.234,-10,0.06,1.335,Philippines_UHSLC,0,nein
373_Jolo.csv,6.0670,121.0000,1995,"Jolo, Philippines",harmonics_utide_observations.txt,0,6088,0.0728,0.188,-10,0.059,1.401,Philippines_UHSLC,1,nein
379_Cebu.csv,10.3000,123.9170,2014,"Cebu, Philippines",harmonics_utide_observations.txt,0,8636,0.0841,0.381,0,-0.009,2.464,Philippines_UHSLC,1,nein
379_Cebu.csv,10.3000,123.9170,2014,"Cebu, Philippines",harmonics_ticon4_worldwide.txt,113,8636,0.0899,0.408,0,-0.009,2.378,Philippines_UHSLC,0,nein
380_Puerto_Princesa.csv,9.7450,118.7360,2014,"Puerto Princesa, Philippines",harmonics_utide_observations.txt,0,8694,0.052,0.202,0,0.021,2.195,Philippines_UHSLC,1,nein
380_Puerto_Princesa.csv,9.7450,118.7360,2014,"Puerto Princesa, Palawan, Philippines",harmonics_ticon4_worldwide.txt,25,8694,0.0601,0.236,0,0.021,2.145,Philippines_UHSLC,0,nein
380_Puerto_Princesa.csv,9.7450,118.7360,2014,"Puerto Princesa, Palawan, Philippines",harmonics_noaa_cptt.txt,2483,8694,0.1326,0.427,-10,1.18,2.353,Philippines_UHSLC,0,nein
382_Subic_Bay.csv,14.7650,120.2520,2026,"Subic, Philippines",harmonics_ticon4_worldwide.txt,0,8714,0.0499,0.249,0,0.099,1.818,Philippines_UHSLC,0,nein
382_Subic_Bay.csv,14.7650,120.2520,2026,"Subic Bay, Philippines",harmonics_utide_observations.txt,0,8714,0.0419,0.266,0,0.099,1.83,Philippines_UHSLC,1,nein
654_Currimao.csv,17.9880,120.4880,2026,"Currimao, Philippines",harmonics_ticon4_worldwide.txt,0,6229,0.1085,0.637,0,-0.045,1.321,Philippines_UHSLC,0,nein
654_Currimao.csv,17.9880,120.4880,2026,"Currimao, Philippines",harmonics_utide_observations.txt,0,6229,0.1044,0.653,0,-0.044,1.352,Philippines_UHSLC,1,nein
655_Lubang.csv,13.8160,120.2018,2026,"Tilik, Lubang, Philippines",harmonics_ticon4_worldwide.txt,0,8676,0.0518,0.268,0,0.081,1.863,Philippines_UHSLC,0,nein
655_Lubang.csv,13.8160,120.2018,2026,"Tilik, Lubang, Philippines",harmonics_utide_observations.txt,0,8676,0.0427,0.215,0,0.081,1.887,Philippines_UHSLC,1,nein
655_Lubang.csv,13.8160,120.2018,2026,"Port Tilig (Lubang Island), Occidental Mindoro, Philippines",harmonics_att_np203_scs.txt,209,8676,0.1324,0.481,-10,0.501,1.742,Philippines_UHSLC,0,nein
655_Lubang.csv,13.8160,120.2018,2026,"Port Tilig (Lubang Island), Occidental Mindoro, Philippines",harmonics_noaa_cptt.txt,209,8676,0.0834,0.37,0,0.483,2.177,Philippines_UHSLC,0,nein
VianaDoCasteloTG.csv,41.6850,-8.8396,2024,"Viana do Castelo, Portugal",harmonics_utide_observations.txt,0,8595,0.1179,0.608,0,2.268,3.882,Portugal_CMEMS,1,nein
VianaDoCasteloTG.csv,41.6850,-8.8396,2024,"Viana do Castelo, Portugal",harmonics_ticon4_worldwide.txt,0,8595,0.1191,0.639,0,2.268,3.751,Portugal_CMEMS,0,nein
LeixoesTG.csv,41.1867,-8.7045,2024,"Porto de Leixões (Matosinhos), Portugal",harmonics_noaa_eutt.txt,0,7380,0.169,0.654,0,0.265,3.542,Portugal_CMEMS,0,nein
LeixoesTG.csv,41.1867,-8.7045,2024,"Porto de Leixoes (Matosinhos), Portugal",harmonics_utide_observations.txt,0,7380,0.1174,0.535,0,2.285,3.889,Portugal_CMEMS,1,nein
LeixoesTG.csv,41.1867,-8.7045,2024,"Porto de Leixoes (Matosinhos), Portugal",harmonics_ticon4_worldwide.txt,0,7380,0.1196,0.55,0,2.285,3.774,Portugal_CMEMS,0,nein
NazareTG.csv,39.5860,-9.0740,2024,"Nazaré, Portugal",harmonics_utide_observations.txt,0,8464,0.0864,0.463,0,2.241,3.734,Portugal_CMEMS,1,nein
NazareTG.csv,39.5860,-9.0740,2024,"Nazaré, Portugal",harmonics_ticon4_worldwide.txt,0,8464,0.0895,0.449,0,2.241,3.615,Portugal_CMEMS,0,nein
NazareTG.csv,39.5860,-9.0740,2024,"Nazaré (Baía de Pederneira), Portugal",harmonics_noaa_eutt.txt,533,8464,0.1672,0.616,10,0.351,3.338,Portugal_CMEMS,0,nein
PenicheTG.csv,39.3540,-9.3670,2024,"Peniche, Portugal",harmonics_ticon4_worldwide.txt,0,8044,0.1102,0.532,10,2.291,3.726,Portugal_CMEMS,0,nein
PenicheTG.csv,39.3540,-9.3670,2024,"Peniche, Portugal",harmonics_utide_observations.txt,0,8044,0.1074,0.561,10,2.291,3.857,Portugal_CMEMS,1,nein
SinesTG.csv,37.9490,-8.8880,2024,"Sines, Portugal",harmonics_utide_observations.txt,0,8113,0.0678,0.337,0,2.288,3.755,Portugal_CMEMS,1,nein
SinesTG.csv,37.9490,-8.8880,2024,"Sines, Portugal",harmonics_ticon4_worldwide.txt,0,8113,0.0684,0.342,0,2.288,3.698,Portugal_CMEMS,0,nein
SinesTG.csv,37.9490,-8.8880,2024,"Enseada de Sines, Portugal",harmonics_noaa_eutt.txt,427,8113,0.1509,0.502,10,0.337,3.12,Portugal_CMEMS,0,nein
albu_Albufeira.csv,37.0825,-8.2604,2022,"Albufeira, Portugal",harmonics_utide_observations.txt,0,495471,0.1421,1.682,0,-0.331,3.649,Portugal_IOC,1,nein
albu_Albufeira.csv,37.0825,-8.2604,2022,"Ponta da Balieira, Portugal",harmonics_noaa_eutt.txt,566,495471,0.1559,1.778,20,-2.436,2.946,Portugal_IOC,0,nein
arri_Arrifana.csv,37.2956,-8.8694,2022,"Arrifana, Portugal",harmonics_utide_observations.txt,0,376026,0.2093,3.083,0,-0.547,3.607,Portugal_IOC,1,nein
arri_Arrifana.csv,37.2956,-8.8694,2022,"Arrifana, Portugal",harmonics_noaa_eutt.txt,1388,376026,0.1902,3.02,30,-2.594,3.028,Portugal_IOC,0,nein
sagr_Sagres.csv,37.0104,-8.9282,2021,"Sagres, Portugal",harmonics_utide_observations.txt,0,397595,0.1003,4.332,0,0.067,3.61,Portugal_IOC,1,nein
sagr_Sagres.csv,37.0104,-8.9282,2021,"Ponta de Sagres, Portugal",harmonics_noaa_eutt.txt,2255,397595,0.1651,4.449,10,-1.946,3.133,Portugal_IOC,0,nein
posa_Porto_Santo.csv,33.0597,-16.3149,2021,"Porto Santo, Madeira, Portugal",harmonics_att_np208_secondary.txt,0,248684,0.2299,4.501,0,0.374,2.572,Portugal_IOC,0,nein
posa_Porto_Santo.csv,33.0597,-16.3149,2021,"Porto Santo, Madeira, Portugal",harmonics_utide_observations.txt,0,248684,0.2162,4.473,0,1.76,2.754,Portugal_IOC,1,nein
ioc_naho_Nakhodka.csv,42.7800,132.8600,2025,"Nakhodka, Russia",harmonics_utide_observations.txt,0,8271,0.077,0.36,0,0.009,0.679,Russia_IOC,1,nein
ioc_nksk_Nikolskoe.csv,55.2000,166.0200,2025,"Nikol'skoe, Russia",harmonics_utide_observations.txt,0,7967,0.1131,0.637,0,-0.004,1.875,Russia_IOC,1,nein
ioc_nksk_Nikolskoe.csv,55.2000,166.0200,2025,"Nikolski, Bering Island, Russia",harmonics_noaa_cptt.txt,2329,7967,0.1587,0.749,-100,-0.046,1.802,Russia_IOC,0,nein
ioc_petr_Petropavlovsk.csv,53.0167,158.6500,2025,"Petropavlovsk, Russia",harmonics_noaa_cptt.txt,0,7179,0.2503,0.919,-10,1.025,2.046,Russia_IOC,0,nein
ioc_petr_Petropavlovsk.csv,53.0167,158.6500,2025,"Petropavlovsk, Russia",harmonics_utide_observations.txt,0,7179,0.2118,0.655,-10,-0.216,2.207,Russia_IOC,1,nein
ioc_petr_Petropavlovsk.csv,53.0167,158.6500,2025,"Petropavlovsk-Kamchatsky, Russia",harmonics-1997-05-25_mod.txt,157,7179,0.2481,0.857,-60,1.026,2.136,Russia_IOC,0,nein
ioc_posi_Poset.csv,42.6500,130.8000,2025,"Pos'et, Russia",harmonics_utide_observations.txt,0,8221,0.085,0.55,0,0.014,0.756,Russia_IOC,1,nein
ioc_sove_Sovetskaya_Gavan.csv,48.9700,140.2900,2025,"Sovetskaya Gavan', Russia",harmonics_utide_observations.txt,0,8211,0.0883,0.389,0,0.018,1.005,Russia_IOC,1,nein
ioc_sove_Sovetskaya_Gavan.csv,48.9700,140.2900,2025,"Sovetskaya Harbor, Russia",harmonics_noaa_cptt.txt,1558,8211,0.1508,0.558,20,1.396,0.677,Russia_IOC,0,nein
ioc_star_Starodubskoe.csv,47.4100,142.8200,2025,"Starodubskoe, Russia",harmonics_utide_observations.txt,0,8195,0.2394,1.649,0,0.049,1.417,Russia_IOC,1,nein
ioc_star_Starodubskoe.csv,47.4100,142.8200,2025,"Sakayehama, Russia",harmonics_noaa_cptt.txt,785,8195,0.2558,1.67,0,0.018,1.645,Russia_IOC,0,nein
ioc_ugle_Uglegorsk.csv,49.0800,142.0700,2025,"Uglegorsk, Russia",harmonics_utide_observations.txt,0,8109,0.1345,1.007,0,0.003,1.274,Russia_IOC,1,nein
ioc_vlad_Vladivostok.csv,43.1300,131.9200,2025,"Vladivostok, Russia",harmonics_utide_observations.txt,0,8272,0.0809,0.467,0,0.032,0.811,Russia_IOC,1,nein
bass_ioc.csv,17.2900,-62.7097,2018,"Basseterre, Saint Kitts and Nevis",harmonics_utide_observations.txt,0,504176,0.0528,0.774,-10,-0.01,0.462,StKitts_IOC,1,nein
uhslc_795.csv,13.1494,-61.2239,2026,"Kingstown, Saint Vincent and the Grenadines",harmonics_utide_observations.txt,0,7336,0.0469,0.188,0,0.001,0.713,StVincent_UHSLC,1,nein
uhslc_795.csv,13.1494,-61.2239,2026,"Kingstown, St. Vincent, Saint Vincent and the Grenadines",harmonics_noaa_amtt.txt,2076,7336,0.2802,0.765,30,5.945,1.94,StVincent_UHSLC,0,nein
101_Mombasa.csv,-4.0700,39.6570,2008,"Mombasa (Kilindini Harbour), Kenya",harmonics_utide_observations.txt,0,8761,0.0501,0.209,0,-0.037,3.973,EastAfrica_UHSLC_TZ_KE,1,ja
101_Mombasa.csv,-4.0700,39.6570,2008,"Mombasa (Kilindini Harbour), Kenya",harmonics-1997-05-25_mod.txt,33,8761,0.0705,0.315,0,1.057,4.071,EastAfrica_UHSLC_TZ_KE,0,ja
101_Mombasa.csv,-4.0700,39.6570,2008,"Mombasa (Kilindini Harbour), Kenya",harmonics_ticon4_worldwide.txt,35,8761,0.0523,0.229,0,1.057,3.947,EastAfrica_UHSLC_TZ_KE,0,ja
149_Lamu.csv,-2.2674,40.9027,2008,"Lamu, Kenya",harmonics_ticon4_worldwide.txt,0,6744,0.0694,0.265,0,-0.078,3.791,EastAfrica_UHSLC_TZ_KE,0,ja
149_Lamu.csv,-2.2674,40.9027,2008,"Lamu, Kenya",harmonics_utide_observations.txt,0,6744,0.065,0.257,0,-0.077,3.817,EastAfrica_UHSLC_TZ_KE,1,ja
102_Dar_es_Salaam.csv,-6.8208,39.2889,1990,"Dar Es Salaam, Tanzania",harmonics_ticon4_worldwide.txt,0,8023,0.0836,0.346,-10,-0.016,4.26,EastAfrica_UHSLC_TZ_KE,0,nein
102_Dar_es_Salaam.csv,-6.8208,39.2889,1990,"Dar es Salaam, Tanzania",harmonics_utide_observations.txt,0,8023,0.0771,0.305,0,-0.016,4.278,EastAfrica_UHSLC_TZ_KE,1,nein
293_Lerwick.csv,60.1540,-1.1400,1994,"Lerwick (Shetlands), Scotland, United Kingdom",harmonics_utide_observations.txt,0,8761,0.1297,0.54,0,-0.027,2.359,UK_UHSLC,1,ja
293_Lerwick.csv,60.1540,-1.1400,1994,"Lerwick (Shetlands), Scotland, United Kingdom",harmonics_utide_tidetables.txt,11,8761,0.1463,0.588,0,-0.012,2.055,UK_UHSLC,0,ja
293_Lerwick.csv,60.1540,-1.1400,1994,"Lerwick (Shetlands), Scotland, United Kingdom",harmonics_ticon4_worldwide.txt,17,8761,0.1305,0.549,0,1.28,2.305,UK_UHSLC,0,ja
293_Lerwick.csv,60.1540,-1.1400,1994,"Lerwick (Shetlands), Scotland, United Kingdom",harmonics_utide_observations.txt,17,8761,0.1297,0.54,0,-0.027,2.359,UK_UHSLC,0,ja
294_Newlyn.csv,50.1030,-5.5430,1994,"Newlyn, England, United Kingdom",harmonics_utide_observations.txt,0,8761,0.1347,0.654,0,-0.039,5.702,UK_UHSLC,1,ja
294_Newlyn.csv,50.1030,-5.5430,1994,"Newlyn, England, United Kingdom",harmonics_utide_observations.txt,12,8761,0.1347,0.654,0,-0.039,5.702,UK_UHSLC,0,ja
294_Newlyn.csv,50.1030,-5.5430,1994,"Penzance (Newlyn), England, United Kingdom",harmonics_noaa_eutt.txt,600,8761,0.284,0.976,-10,-0.054,5.394,UK_UHSLC,0,ja
295_Stornoway.csv,58.2072,-6.3889,1994,"Stornoway (Isle of Lewis), Scotland, United Kingdom",harmonics_ticon4_worldwide.txt,0,8553,0.1552,0.854,0,2.857,5.197,UK_UHSLC,0,ja
295_Stornoway.csv,58.2072,-6.3889,1994,"Stornoway (Isle of Lewis), Scotland, United Kingdom",harmonics_utide_observations.txt,0,8553,0.1542,0.829,0,-0.049,5.238,UK_UHSLC,1,ja
295_Stornoway.csv,58.2072,-6.3889,1994,"Stornoway (Isle of Lewis), Scotland, United Kingdom (2)",harmonics_utide_observations.txt,10,8553,0.1883,0.675,0,-0.083,5.054,UK_UHSLC,0,ja
295_Stornoway.csv,58.2072,-6.3889,1994,"Stornoway, Scotland, United Kingdom",harmonics_noaa_eutt.txt,865,8553,0.2241,1.046,0,0.54,4.941,UK_UHSLC,0,ja
834_Malin_Head.csv,55.3717,-7.3344,2026,"Malin Head - Portmore Pier, Ireland",harmonics_utide_observations.txt,0,6000,0.3548,2.27,-10,0.825,4.186,UK_UHSLC,0,nein
834_Malin_Head.csv,55.3717,-7.3344,2026,"Malin Head, Ireland",harmonics_utide_observations.txt,0,6000,0.3482,2.211,-10,-0.01,4.08,UK_UHSLC,1,nein
834_Malin_Head.csv,55.3717,-7.3344,2026,"Bulbinbeg, Ireland",harmonics_utide_tidetables.txt,0,6000,0.4035,2.137,-10,1.077,3.775,UK_UHSLC,0,nein
381_Qui_Nhon.csv,13.7680,109.2513,2026,"Quy Nhon (Thi Nai Port), Vietnam",harmonics_ticon4_worldwide.txt,0,8745,0.0917,0.587,0,0.065,2.247,Vietnam_UHSLC,0,nein
381_Qui_Nhon.csv,13.7680,109.2513,2026,"Qui Nhon, Vietnam",harmonics_utide_observations.txt,0,8745,0.0853,0.57,0,0.065,2.276,Vietnam_UHSLC,1,nein
381_Qui_Nhon.csv,13.7680,109.2513,2026,"Quy Nhon (Phuong Mai), Vietnam",harmonics_ticon4_worldwide.txt,875,8745,0.0917,0.586,0,0.065,2.247,Vietnam_UHSLC,0,nein
383_Vung_Tau.csv,10.3400,107.0720,2026,"Vung Tau, Vietnam",harmonics_ticon4_worldwide.txt,0,8745,0.1222,0.544,0,0.038,4.379,Vietnam_UHSLC,0,nein
383_Vung_Tau.csv,10.3400,107.0720,2026,"Vung Tau, Vietnam",harmonics_utide_observations.txt,0,8745,0.1016,0.488,0,0.038,4.387,Vietnam_UHSLC,1,nein
383_Vung_Tau.csv,10.3400,107.0720,2026,"Vung Tau, Vietnam",harmonics_att_np203_scs.txt,944,8745,0.2689,0.922,0,0.344,3.757,Vietnam_UHSLC,0,nein
650_Hon_Dau.csv,20.6685,106.8138,1995,"Hon Dau, Vietnam",harmonics_utide_observations.txt,0,6528,0.112,1.031,0,-0.071,3.228,Vietnam_UHSLC,1,nein
650_Hon_Dau.csv,20.6685,106.8138,1995,"Hon Dau, Vietnam",harmonics_att_np203_scs.txt,362,6528,0.2435,1.483,0,0.031,2.658,Vietnam_UHSLC,0,nein
650_Hon_Dau.csv,20.6685,106.8138,1995,"Do Son, Vietnam",harmonics-1997-05-25_mod.txt,640,6528,0.1408,1.105,0,0.052,3.588,Vietnam_UHSLC,0,nein
aric_arica.csv,-18.4748,-70.3230,2025,"Arica, Chile",harmonics_utide_observations.txt,0,8738,0.0761,1.149,0,-0.039,1.399,Chile_IOC,1,nein
aric_arica.csv,-18.4748,-70.3230,2025,"Arica, Chile",harmonics_ticon4_worldwide.txt,614,8738,0.08,1.15,0,2.766,1.373,Chile_IOC,0,nein
aric_arica.csv,-18.4748,-70.3230,2025,"Arica, Chile",harmonics_noaa_amtt.txt,1411,8738,0.0911,1.226,0,2.623,1.367,Chile_IOC,0,nein
pata_patache.csv,-20.8031,-70.1979,2025,"Patache, Chile",harmonics_utide_observations.txt,0,8561,0.0566,2.746,0,-0.001,1.465,Chile_IOC,1,nein
papo_paposo.csv,-25.0100,-70.4680,2025,"Paposo, Chile",harmonics_utide_observations.txt,0,8673,0.0678,1.813,0,-0.073,1.665,Chile_IOC,1,nein
papo_paposo.csv,-25.0100,-70.4680,2025,"Paposo, Chile",harmonics_noaa_amtt.txt,2594,8673,0.077,1.885,10,1.779,1.48,Chile_IOC,0,nein
talt_taltal.csv,-25.4100,-70.4850,2025,"Taltal, Chile",harmonics_utide_observations.txt,0,8681,0.8864,5.252,0,0.032,1.573,Chile_IOC,1,nein
talt_taltal.csv,-25.4100,-70.4850,2025,"Taltal, Chile",harmonics_noaa_amtt.txt,764,8681,0.8981,5.228,10,3.593,1.48,Chile_IOC,0,nein
chnr_chañaral.csv,-26.3510,-70.6270,2025,"Chañaral, Chile",harmonics_utide_observations.txt,0,8669,0.6121,3.615,0,0.176,1.613,Chile_IOC,1,nein
chnr_chañaral.csv,-26.3510,-70.6270,2025,"Chanaral de las Animas, Chile",harmonics_noaa_amtt.txt,638,8669,0.6171,3.69,10,2.342,1.48,Chile_IOC,0,nein
cald_caldera.csv,-27.0646,-70.8248,2025,"Caldera, Chile",harmonics_ticon4_worldwide.txt,0,8742,0.0452,1.715,0,2.865,1.564,Chile_IOC,0,nein
cald_caldera.csv,-27.0646,-70.8248,2025,"Caldera, Chile",harmonics_utide_observations.txt,0,8742,0.0426,1.703,0,0.054,1.616,Chile_IOC,1,nein
ptal_puerto_aldea.csv,-30.2900,-71.6130,2025,"Puerto Aldea, Chile",harmonics_utide_observations.txt,0,8338,0.0453,0.597,0,-0.045,1.754,Chile_IOC,1,nein
pich_pichidangui.csv,-32.1370,-71.5300,2025,"Pichidangui, Chile",harmonics_utide_observations.txt,0,8532,0.2084,2.494,0,0.05,1.756,Chile_IOC,1,nein
pich_pichidangui.csv,-32.1370,-71.5300,2025,"Pichidangui, Chile",harmonics_noaa_amtt.txt,2374,8532,0.2422,2.558,-30,2.665,2.105,Chile_IOC,0,nein
qtro_quintero.csv,-32.7755,-71.5254,2025,"Quintero, Chile",harmonics_utide_observations.txt,0,8719,0.0487,0.304,0,0.006,1.769,Chile_IOC,1,nein
qtro_quintero.csv,-32.7755,-71.5254,2025,"Quintero, Chile",harmonics_utide_tidetables.txt,3,8719,0.0909,0.328,0,2.112,1.718,Chile_IOC,0,nein
qtro_quintero.csv,-32.7755,-71.5254,2025,"Quintero, Chile",harmonics_utide_chile_shoa.txt,660,8719,0.2849,0.927,0,2.152,3.027,Chile_IOC,0,nein
valp_valparaíso.csv,-33.0280,-71.6280,2025,"Valparaíso, Chile",harmonics_utide_observations.txt,0,8737,0.0693,0.59,0,0.001,1.844,Chile_IOC,1,nein
valp_valparaíso.csv,-33.0280,-71.6280,2025,"Valparaíso, Chile",harmonics_ticon4_worldwide.txt,56,8737,0.0624,0.612,0,2.956,1.762,Chile_IOC,0,nein
boye_boyeruca.csv,-34.6900,-72.0550,2025,"Boyeruca, Chile",harmonics_utide_observations.txt,0,8678,0.3359,3.078,0,0.101,1.672,Chile_IOC,1,nein
coli_coliumo.csv,-36.5450,-72.9590,2025,"Coliumo, Chile",harmonics_utide_observations.txt,0,8744,0.0884,0.77,0,0.017,1.908,Chile_IOC,1,nein
coli_coliumo.csv,-36.5450,-72.9590,2025,"Bahía Coliumo, Chile",harmonics_noaa_amtt.txt,1472,8744,0.1543,0.925,0,3.256,2.105,Chile_IOC,0,nein
crnl_coronel.csv,-37.0286,-73.1517,2025,"Coronel, Chile",harmonics_utide_observations.txt,0,8738,0.0934,1.958,0,-0.05,1.907,Chile_IOC,1,nein
lebu_lebu.csv,-37.5940,-73.6600,2025,"Lebu, Chile",harmonics_utide_observations.txt,0,8742,0.1036,3.046,0,0.082,1.869,Chile_IOC,1,nein
bmsa_bahía_mansa.csv,-40.5800,-73.7440,2025,"Bahía Mansa, Chile",harmonics_utide_observations.txt,0,8742,0.1224,0.46,0,-0.228,1.944,Chile_IOC,1,nein
pmon_puerto_montt.csv,-41.4850,-72.9610,2025,"Puerto Montt, Chile",harmonics_utide_observations.txt,0,6528,0.1315,2.075,0,-0.011,7.048,Chile_IOC,1,nein
pmon_puerto_montt.csv,-41.4850,-72.9610,2025,"Puerto Montt, Chile",harmonics_ticon4_worldwide.txt,27,6528,0.1375,2.181,0,1.998,7.069,Chile_IOC,0,nein
cstr_castro.csv,-42.4800,-73.7640,2025,"Castro, Chile",harmonics_utide_observations.txt,0,7987,0.1846,3.004,0,-0.078,6.277,Chile_IOC,1,nein
cstr_castro.csv,-42.4800,-73.7640,2025,"Castro, Chile",harmonics_noaa_amtt.txt,429,7987,0.497,3.36,10,1.568,6.78,Chile_IOC,0,nein
pwil_puerto_williams.csv,-54.9329,-67.6082,2025,"Puerto Williams, Chile",harmonics_ticon4_worldwide.txt,0,8742,0.1669,0.631,-10,2.845,2.164,Chile_IOC,0,nein
pwil_puerto_williams.csv,-54.9329,-67.6082,2025,"Puerto Williams, Chile",harmonics_utide_observations.txt,0,8742,0.1638,0.617,0,-0.093,2.165,Chile_IOC,1,nein
pisa_pisagua.csv,-19.5969,-70.2156,2025,"Pisagua, Chile",harmonics_utide_observations.txt,0,8732,0.0498,1.669,0,-0.222,1.45,Chile_IOC,1,nein
pisa_pisagua.csv,-19.5969,-70.2156,2025,"Pisagua, Chile",harmonics_noaa_amtt.txt,2393,8732,0.1124,1.82,-10,2.126,1.703,Chile_IOC,0,nein
toco_tocopilla.csv,-22.0937,-70.2115,2025,"Tocopilla, Chile",harmonics_utide_observations.txt,0,7317,0.0484,0.923,0,-0.0,1.317,Chile_IOC,1,nein
toco_tocopilla.csv,-22.0937,-70.2115,2025,"Tocopilla, Chile",harmonics_noaa_amtt.txt,2353,7317,0.1241,1.224,0,2.294,1.703,Chile_IOC,0,nein
huas_huasco.csv,-28.4689,-71.2499,2025,"Huasco, Chile",harmonics_utide_observations.txt,0,5717,0.0433,0.228,0,0.0,1.65,Chile_IOC,1,nein
huas_huasco.csv,-28.4689,-71.2499,2025,"Huasco, Chile",harmonics_noaa_amtt.txt,1641,5717,0.0822,0.316,-10,3.729,1.534,Chile_IOC,0,nein
quir_quiriquina.csv,-36.6361,-73.0573,2025,"Quiriquina, Chile",harmonics_utide_observations.txt,0,8743,0.0848,0.651,10,-0.22,1.891,Chile_IOC,1,nein
ptch_punta_de_choros.csv,-29.2459,-71.4687,2025,"Punta de Choros, Chile",harmonics_utide_observations.txt,0,7761,0.0531,1.172,0,0.025,1.728,Chile_IOC,1,nein
ntue_nehuentúe.csv,-38.7499,-73.4081,2025,"Nehuentúe (Puerto Saavedra), Chile",harmonics_utide_observations.txt,0,8742,0.1735,0.789,10,-0.19,1.378,Chile_IOC,1,nein
quel_queule.csv,-39.3976,-73.2151,2025,"Queule, Chile",harmonics_utide_observations.txt,0,8159,0.138,0.641,0,-0.06,1.558,Chile_IOC,1,nein
quel_queule.csv,-39.3976,-73.2151,2025,"Queule, Chile",harmonics_noaa_amtt.txt,2230,8159,0.2401,0.907,-40,1.61,2.105,Chile_IOC,0,nein
pmel_puerto_melinka.csv,-43.8985,-73.7482,2025,"Puerto Melinka, Chile",harmonics_utide_observations.txt,0,8499,0.1417,4.852,0,-0.304,3.02,Chile_IOC,1,nein
pmel_puerto_melinka.csv,-43.8985,-73.7482,2025,"Puerto Melinka, Chile",harmonics_noaa_amtt.txt,220,8499,0.3857,5.696,-10,2.385,4.053,Chile_IOC,0,nein
pagi_puerto_aguirre.csv,-45.1646,-73.5211,2025,"Puerto Aguirre, Chile",harmonics_utide_observations.txt,0,7812,0.1443,2.107,0,-0.022,3.03,Chile_IOC,1,nein
pedn_puerto_edén.csv,-49.1298,-74.4086,2025,"Puerto Edén, Chile",harmonics_utide_observations.txt,0,8671,0.1227,0.561,0,-0.086,2.211,Chile_IOC,1,nein
cmet_caleta_meteoro.csv,-52.9610,-74.0722,2025,"Caleta Meteoro, Estrecho de Magallanes, Chile",harmonics_utide_observations.txt,0,8727,0.1837,0.666,0,0.113,1.969,Chile_IOC,1,nein
greg_bahía_gregorio.csv,-52.6481,-70.2092,2025,"Bahía Gregorio, Chile",harmonics_utide_observations.txt,0,8737,0.1605,0.626,0,-0.063,4.727,Chile_IOC,1,nein
dchi_dart_west_of_iquique.csv,-20.4417,-73.4217,2025,"DART West of Iquique, Chile",harmonics_utide_observations.txt,0,8756,0.0225,0.095,0,4747.03,1.303,Chile_IOC,1,nein
dch2_dart_west_of_antofagasta.csv,-23.1694,-72.0663,2025,"DART West of Antofagasta, Chile",harmonics_utide_observations.txt,0,8669,0.0206,0.122,0,4266.669,1.425,Chile_IOC,1,nein
dcld_dart_west_of_caldera.csv,-26.7448,-73.9845,2025,"DART West of Caldera, Chile",harmonics_utide_observations.txt,0,8664,0.0603,0.203,0,4059.942,1.452,Chile_IOC,1,nein
dval_dart_nw_of_valparaíso.csv,-32.1299,-73.7962,2023,"DART NW of Valparaíso, Chile",harmonics_utide_observations.txt,0,6541,0.024,0.185,0,4204.541,1.688,Chile_IOC,1,nein
dch3_dart_nw_of_concepción.csv,-35.7470,-75.2838,2024,"DART NW of Concepción, Chile",harmonics_utide_observations.txt,0,7360,0.0309,0.185,0,4080.704,1.679,Chile_IOC,1,nein
ioc_kors_Korsakov.csv,46.6279,142.7563,2025,"Korsakov (Sakhalin), Russia",harmonics-1997-05-25_mod.txt,0,5897,1.2673,11.149,0,3.486,1.67,Russia_IOC,0,nein
ioc_kors_Korsakov.csv,46.6279,142.7563,2025,"Korsakov (Sakhalin), Russia",harmonics_utide_observations.txt,0,5897,1.2607,11.136,-40,4.175,1.534,Russia_IOC,1,nein
ioc_kuri_Kurilsk.csv,45.2570,147.8811,2025,"Kurilsk (Iturup), Kuril Islands, Russia",harmonics-2004-06-14_mod.txt,0,8704,0.1196,0.434,10,0.505,1.442,Russia_IOC,0,nein
ioc_kuri_Kurilsk.csv,45.2570,147.8811,2025,"Kurilsk (Iturup), Kuril Islands, Russia",harmonics_utide_observations.txt,0,8704,0.1805,0.649,-50,1.158,1.183,Russia_IOC,1,nein
ioc_kuri_Kurilsk.csv,45.2570,147.8811,2025,"Kitovyy, Russia",harmonics_noaa_cptt.txt,797,8704,0.123,0.558,10,0.505,1.645,Russia_IOC,0,nein
ioc_poro_Poronajsk.csv,49.2270,143.1200,2025,"Poronaysk (Sakhalin), Russia",harmonics_utide_observations.txt,0,7749,0.7127,4.445,-20,1.277,1.389,Russia_IOC,1,nein
ioc_poro_Poronajsk.csv,49.2270,143.1200,2025,"Shikuka, Russia",harmonics_noaa_cptt.txt,1193,7749,0.7118,4.361,-10,0.581,1.762,Russia_IOC,0,nein
ioc_preo_Preobrazheniye.csv,42.8969,133.9028,2025,"Preobrazheniye, Russia",harmonics_utide_observations.txt,0,8560,0.4557,0.905,-30,2.234,0.449,Russia_IOC,1,nein
AIGUILLON_SUR_MER.csv,46.3350,-1.3164,2026,"L'Aiguillon-la-Presqu'île, France",harmonics_utide_observations.txt,1,103680,0.268,1.31,0,-0.153,5.47,France_SHOM,0,nein
MIMIZAN.csv,44.2107,-1.2951,2026,"Mimizan-Plage, France",harmonics_utide_observations.txt,3,103680,0.2924,1.246,20,-0.245,3.394,France_SHOM,0,nein
SAINT-MALO.csv,48.6412,-2.0275,2026,"Saint-Malo, France",harmonics_utide_observations.txt,0,103680,0.1271,0.547,0,-0.035,12.426,France_SHOM,0,nein
2024ABE.txt,57.1441,-2.0801,2024,"Aberdeen, Scotland, United Kingdom",harmonics_ticon4_worldwide.txt,7,35033,0.0394,0.171,0,2.56,4.824,UK,0,nein
2024ABE.txt,57.1441,-2.0801,2024,"Aberdeen, Scotland, United Kingdom",harmonics_utide_observations.txt,8,35033,0.0422,0.178,0,-0.03,4.801,UK,1,nein
2012AVO.txt,51.5109,-2.7150,2012,"Avonmouth (Port of Bristol), England, United Kingdom",harmonics_utide_observations.txt,0,9698,0.4015,1.333,0,-0.457,14.615,UK,1,nein
2012AVO.txt,51.5109,-2.7150,2012,"Avonmouth (Port of Bristol), England, United Kingdom",harmonics_ticon4_worldwide.txt,10,9698,0.2562,1.036,0,6.97,14.41,UK,0,nein
2012AVO.txt,51.5109,-2.7150,2012,"Port Of Bristol (Avonmouth), England, United Kingdom",harmonics_utide_tidetables.txt,10,9698,0.5991,1.881,10,-0.096,14.289,UK,0,nein
2012AVO.txt,51.5109,-2.7150,2012,"Portbury, England, United Kingdom",harmonics_ticon4_worldwide.txt,1527,9698,0.2793,1.059,0,6.962,14.313,UK,0,nein
2012AVO.txt,51.5109,-2.7150,2012,"Portbury, England, United Kingdom",harmonics_utide_observations.txt,1528,9698,0.2473,0.839,0,-0.067,14.704,UK,1,nein
2024BAN.txt,54.6647,-5.6695,2024,"Bangor, Northern Ireland, United Kingdom",harmonics_utide_observations.txt,0,35041,0.0576,0.213,0,-0.155,3.658,UK,1,nein
2024BAN.txt,54.6647,-5.6695,2024,"Bangor, Northern Ireland, United Kingdom",harmonics_ticon4_worldwide.txt,6,35041,0.0471,0.185,0,2.05,3.733,UK,0,nein
2024BAR.txt,52.7191,-4.0452,2024,"Barmouth, Wales, United Kingdom",harmonics_ticon4_worldwide.txt,29,4924,0.082,0.377,0,2.686,5.458,UK,0,nein
2024BAR.txt,52.7191,-4.0452,2024,"Barmouth, Wales, United Kingdom",harmonics_utide_observations.txt,29,4924,0.0708,0.265,0,0.001,5.235,UK,1,nein
2024BOU.txt,50.7143,-1.8749,2024,"Bournemouth, England, United Kingdom",harmonics_utide_observations.txt,0,35032,0.1225,0.366,0,-0.004,2.731,UK,1,nein
2024BOU.txt,50.7143,-1.8749,2024,"Bournemouth, England, United Kingdom",harmonics_ticon4_worldwide.txt,0,35032,0.0707,0.3,0,1.6,2.402,UK,0,nein
2024CRO.txt,52.9344,1.3016,2024,"Cromer, England, United Kingdom",harmonics_utide_observations.txt,0,35039,0.0943,0.603,0,-0.017,5.559,UK,1,nein
2024CRO.txt,52.9344,1.3016,2024,"Cromer, England, United Kingdom",harmonics_ticon4_worldwide.txt,18,35039,0.0672,0.359,0,2.957,5.787,UK,0,nein
2024DEV.txt,50.3684,-4.1852,2024,"Devonport, England, United Kingdom",harmonics_utide_observations.txt,0,35041,0.13,0.461,0,-0.226,6.018,UK,1,nein
2024DEV.txt,50.3684,-4.1852,2024,"Devonport, England, United Kingdom",harmonics_noaa_eutt.txt,233,35041,0.3196,1.013,-10,0.201,5.352,UK,0,nein
2024DOV.txt,51.1144,1.3227,2024,"Dover, England, United Kingdom",harmonics_ticon4_worldwide.txt,10,35041,0.1117,0.554,0,3.756,7.349,UK,0,nein
2024DOV.txt,51.1144,1.3227,2024,"Dover, England, United Kingdom",harmonics_utide_observations.txt,12,35041,0.1909,0.667,0,-0.07,7.03,UK,1,nein
2011FEL.txt,51.9567,1.3484,2011,"Felixstowe, England, United Kingdom",harmonics_utide_observations.txt,162,3075,0.0532,0.181,0,-0.004,4.253,UK,1,nein
2011FEL.txt,51.9567,1.3484,2011,"Felixstowe, England, United Kingdom",harmonics_ticon4_worldwide.txt,164,3075,0.0706,0.235,0,2.071,4.282,UK,0,nein
2024FIS.txt,52.0138,-4.9833,2024,"Fishguard, Wales, United Kingdom",harmonics-dwf-20100529-nonfree_mod.txt,59,35041,0.0391,0.156,0,0.01,5.272,UK,1,nein
2024FIS.txt,52.0138,-4.9833,2024,"Fishguard, Wales, United Kingdom",harmonics_utide_observations.txt,59,35041,0.1028,0.359,0,0.018,5.139,UK,1,nein
2024FIS.txt,52.0138,-4.9833,2024,"Fishguard, Wales, United Kingdom",harmonics_utide_tidetables.txt,59,35041,0.1727,0.659,0,-0.095,5.148,UK,0,nein
2024HAR.txt,51.9480,1.2921,2024,"Harwich, England, United Kingdom",harmonics_ticon4_worldwide.txt,4,34339,0.0748,0.316,0,2.13,4.527,UK,0,nein
2024HAR.txt,51.9480,1.2921,2024,"Harwich, England, United Kingdom",harmonics-dwf-20100529-nonfree_mod.txt,9,34339,0.0669,0.272,0,-0.046,4.652,UK,1,nein
2024HAR.txt,51.9480,1.2921,2024,"Harwich, England, United Kingdom",harmonics_utide_observations.txt,9,34339,0.5052,1.359,0,-0.79,5.177,UK,1,nein
2024HEY.txt,54.0317,-2.9204,2024,"Heysham, England, United Kingdom",harmonics_utide_observations.txt,0,35035,0.0936,0.386,0,-0.047,10.412,UK,1,nein
2024HEY.txt,54.0317,-2.9204,2024,"Heysham, England, United Kingdom",harmonics-dwf-20100529-nonfree_mod.txt,4,35035,0.0871,0.407,0,-0.011,10.475,UK,1,nein
2024HEY.txt,54.0317,-2.9204,2024,"Heysham, England, United Kingdom",harmonics_utide_tidetables.txt,4,35035,0.3975,1.594,10,-0.093,9.341,UK,0,nein
2022HIN.txt,51.2152,-3.1343,2022,"Hinkley Point, England, United Kingdom",harmonics_ticon4_worldwide.txt,528,12636,0.1713,0.595,0,6.221,12.348,UK,0,nein
2022HIN.txt,51.2152,-3.1343,2022,"Hinkley Point, England, United Kingdom",harmonics_utide_observations.txt,528,12636,0.1548,0.575,0,-0.056,12.188,UK,1,nein
2024HOL.txt,53.3139,-4.6204,2024,"Holyhead, Wales, United Kingdom",harmonics_ticon4_worldwide.txt,2,35035,0.0516,0.216,0,3.278,6.326,UK,0,nein
2024HOL.txt,53.3139,-4.6204,2024,"Holyhead, Wales, United Kingdom",harmonics_utide_observations.txt,7,35035,0.0939,0.389,0,-0.11,6.402,UK,1,nein
2024ILF.txt,51.2110,-4.1109,2024,"Ilfracombe, England, United Kingdom",harmonics_utide_observations.txt,0,35041,0.0856,0.346,0,-0.073,10.161,UK,1,nein
2024ILF.txt,51.2110,-4.1109,2024,"Ilfracombe, England, United Kingdom",harmonics_ticon4_worldwide.txt,4,35041,0.0964,0.449,0,4.957,10.341,UK,0,nein
2023IMM.txt,53.6310,-0.1860,2023,"Immingham (Humberside), England, United Kingdom",harmonics-dwf-20100529-nonfree_mod.txt,113,23161,0.0849,0.319,0,0.005,7.42,UK,1,nein
2023IMM.txt,53.6310,-0.1860,2023,"Immingham, England, United Kingdom",harmonics_utide_tidetables.txt,113,23161,0.2861,1.13,0,-0.018,7.311,UK,0,nein
2023IMM.txt,53.6310,-0.1860,2023,"Immingham (Humberside), England, United Kingdom",harmonics_utide_observations.txt,120,23161,0.0931,0.368,0,-0.033,7.459,UK,1,nein
2023IMM.txt,53.6310,-0.1860,2023,"Immingham (Humberside), England, United Kingdom",harmonics_ticon4_worldwide.txt,120,23161,0.0963,0.469,0,4.184,7.584,UK,0,nein
2024IOM.txt,54.0854,-4.7681,2024,"Port Erin, Isle of Man",harmonics_utide_observations.txt,0,35041,0.0556,0.204,0,-0.054,6.079,UK,1,nein
2024IOM.txt,54.0854,-4.7681,2024,"Port Erin, Isle of Man",harmonics_ticon4_worldwide.txt,19,35041,0.0537,0.219,0,2.896,6.163,UK,0,nein
2024IOM.txt,54.0854,-4.7681,2024,"Port Saint Mary, Isle of Man",harmonics_utide_tidetables.txt,2759,35041,0.2459,0.912,0,-0.265,5.915,UK,0,nein
2011ISL.txt,55.6274,-6.1901,2011,"Port Ellen (Islay), Scotland, United Kingdom",harmonics_utide_observations.txt,0,3602,0.0471,0.138,0,-0.095,1.119,UK,1,nein
2011ISL.txt,55.6274,-6.1901,2011,"Port Ellen (Islay), Scotland, United Kingdom",harmonics_ticon4_worldwide.txt,20,3602,0.0321,0.107,0,0.464,1.178,UK,0,nein
2024JER.txt,49.1833,-2.1167,2024,"St. Helier, Jersey, Channel Islands",harmonics_utide_observations.txt,0,34952,0.104,0.398,0,-0.044,12.037,UK,1,nein
2024JER.txt,49.1833,-2.1167,2024,"St. Helier, Bailiwick of Jersey, Channel Islands",harmonics_noaa_eutt.txt,4,34952,0.49,1.601,0,-0.126,11.486,UK,0,nein
2024JER.txt,49.1833,-2.1167,2024,"St. Helier, Jersey, Channel Islands",harmonics_ticon4_worldwide.txt,4,34952,0.1315,0.596,0,6.03,12.03,UK,0,nein
2024KIN.txt,58.4566,-5.0504,2024,"Kinlochbervie (Loch Inchard), Scotland, United Kingdom",harmonics_utide_observations.txt,0,35040,0.2772,0.787,0,-0.361,5.764,UK,1,nein
2024KIN.txt,58.4566,-5.0504,2024,"Kinlochbervie (Loch Inchard), Scotland, United Kingdom",harmonics_ticon4_worldwide.txt,12,35040,0.0412,0.197,0,2.875,5.469,UK,0,nein
2024LEI.txt,55.9898,-3.1817,2024,"Leith, England, United Kingdom",harmonics_utide_observations.txt,0,35034,0.0741,0.33,0,-0.106,6.267,UK,1,nein
2024LEI.txt,55.9898,-3.1817,2024,"Leith, England, United Kingdom",harmonics_ticon4_worldwide.txt,0,35034,0.0739,0.346,0,3.181,6.374,UK,0,nein
2024LEI.txt,55.9898,-3.1817,2024,"Leith, Scotland, United Kingdom",harmonics-1997-05-25_mod.txt,3,35034,0.0979,0.43,0,0.161,6.383,UK,0,nein
2024LEI.txt,55.9898,-3.1817,2024,"Granton, Scotland, United Kingdom",harmonics_utide_tidetables.txt,2611,35034,0.2447,0.932,10,-0.063,6.111,UK,0,nein
2024LER.txt,60.1540,-1.1403,2024,"Lerwick (Shetlands), Scotland, United Kingdom",harmonics_utide_observations.txt,0,35040,0.0182,0.079,0,-0.009,2.484,UK,1,nein
2024LER.txt,60.1540,-1.1403,2024,"Lerwick (Shetlands), Scotland, United Kingdom",harmonics_ticon4_worldwide.txt,0,35040,0.0209,0.088,0,1.298,2.418,UK,0,nein
2024LER.txt,60.1540,-1.1403,2024,"Lerwick (Shetlands), Scotland, United Kingdom",harmonics_utide_tidetables.txt,7,35040,0.0728,0.313,0,0.006,2.119,UK,0,nein
2024LER.txt,60.1540,-1.1403,2024,"Lerwick (Shetlands), Scotland, United Kingdom",harmonics_utide_observations.txt,17,35040,0.0182,0.079,0,-0.009,2.484,UK,0,nein
2024LIV.txt,53.4497,-3.0180,2024,"Liverpool, Gladstone Dock, England, United Kingdom",harmonics_utide_observations.txt,0,35040,0.1671,0.598,0,-0.028,10.19,UK,1,nein
2024LIV.txt,53.4497,-3.0180,2024,"Liverpool (Gladstone Dock), England, United Kingdom",harmonics-dwf-20100529-nonfree_mod.txt,1,35040,0.0894,0.465,0,0.043,10.241,UK,1,nein
2024LIV.txt,53.4497,-3.0180,2024,"Liverpool (Gladstone Dock), England, United Kingdom",harmonics_ticon4_worldwide.txt,1,35040,0.1095,0.505,0,5.259,10.317,UK,0,nein
2024LLA.txt,53.3317,-3.8252,2024,"Llandudno, England, United Kingdom",harmonics_utide_observations.txt,0,34210,0.0763,0.309,0,-0.042,8.859,UK,1,nein
2024LLA.txt,53.3317,-3.8252,2024,"Llandudno, Wales, United Kingdom",harmonics_ticon4_worldwide.txt,0,34210,0.0801,0.342,0,4.062,9.096,UK,0,nein
2024LOW.txt,52.4730,1.7508,2024,"Lowestoft, England, United Kingdom",harmonics_ticon4_worldwide.txt,40,35039,0.0476,0.226,0,1.674,2.782,UK,0,nein
2024LOW.txt,52.4730,1.7508,2024,"Lowestoft, England, United Kingdom",harmonics_utide_observations.txt,44,35039,0.0352,0.154,0,-0.027,2.895,UK,1,nein
2024MHA.txt,51.7064,-5.0515,2024,"Milford Haven, Wales, United Kingdom",harmonics_ticon4_worldwide.txt,12,35040,0.0635,0.262,0,3.864,7.792,UK,0,nein
2024MHA.txt,51.7064,-5.0515,2024,"Milford Haven, Wales, United Kingdom",harmonics_utide_observations.txt,12,35040,0.0646,0.239,0,-0.09,7.724,UK,1,nein
2024MIL.txt,55.7496,-4.9058,2024,"Millport, Scotland, United Kingdom",harmonics_utide_observations.txt,34,35039,0.0546,0.201,0,-0.078,3.884,UK,1,nein
2024MIL.txt,55.7496,-4.9058,2024,"Millport, Scotland, United Kingdom",harmonics_ticon4_worldwide.txt,36,35039,0.0572,0.264,0,1.996,3.79,UK,0,nein
2024MUM.txt,51.5700,-3.9754,2024,"Mumbles, Wales, United Kingdom",harmonics_utide_observations.txt,0,32757,0.2201,0.702,0,0.277,9.728,UK,1,nein
2024MUM.txt,51.5700,-3.9754,2024,"Mumbles, Wales, United Kingdom",harmonics-dwf-20100529-nonfree_mod.txt,3,32757,0.0843,0.309,0,-0.013,10.234,UK,1,nein
2024MUM.txt,51.5700,-3.9754,2024,"Mumbles, Wales, United Kingdom",harmonics_utide_tidetables.txt,3,32757,0.4012,1.308,0,-0.126,9.894,UK,0,nein
2024NEW.txt,50.1030,-5.5428,2024,"Newlyn, England, United Kingdom",harmonics_utide_observations.txt,0,35041,0.0474,0.187,0,-0.011,5.884,UK,1,nein
2024NEW.txt,50.1030,-5.5428,2024,"Newlyn, England, United Kingdom",harmonics_utide_observations.txt,12,35041,0.0474,0.187,0,-0.011,5.884,UK,0,nein
2024NEW.txt,50.1030,-5.5428,2024,"Penzance (Newlyn), England, United Kingdom",harmonics_noaa_eutt.txt,611,35041,0.258,0.748,-10,-0.025,5.379,UK,0,nein
2024NHA.txt,50.7818,0.0570,2024,"Newhaven, England, United Kingdom",harmonics_utide_observations.txt,0,35041,0.0677,0.266,0,-0.051,7.084,UK,1,nein
2024NHA.txt,50.7818,0.0570,2024,"Newhaven, England, United Kingdom",harmonics_ticon4_worldwide.txt,0,35041,0.0807,0.399,0,3.646,7.244,UK,0,nein
2024NPO.txt,51.5500,-2.9874,2024,"Newport (River Usk), Wales, United Kingdom",harmonics_utide_observations.txt,0,35040,0.2315,0.87,0,-0.086,13.732,UK,1,nein
2024NPO.txt,51.5500,-2.9874,2024,"Newport (River Usk), Wales, United Kingdom",harmonics-dwf-20100529-nonfree_mod.txt,3,35040,0.1498,0.683,0,0.033,13.542,UK,1,nein
2024NPO.txt,51.5500,-2.9874,2024,"Newport (River Usk), Wales, United Kingdom",harmonics_ticon4_worldwide.txt,3,35040,0.2286,1.099,0,6.104,13.869,UK,0,nein
2024NSH.txt,55.0074,-1.4398,2024,"North Shields (River Tyne), England, United Kingdom",harmonics_utide_observations.txt,0,35036,0.2125,0.653,0,-0.368,5.681,UK,1,nein
2024NSH.txt,55.0074,-1.4398,2024,"North Shields (River Tyne), England, United Kingdom",harmonics-dwf-20100529-nonfree_mod.txt,5,35036,0.0442,0.181,0,0.011,5.732,UK,1,nein
2024NSH.txt,55.0074,-1.4398,2024,"North Shields (River Tyne), England, United Kingdom",harmonics_utide_tidetables.txt,5,35036,0.2097,0.852,0,-0.031,5.347,UK,0,nein
2024NSH.txt,55.0074,-1.4398,2024,"Tynemouth Lighthouse, England, United Kingdom",harmonics-1997-05-25_mod.txt,2476,35036,0.0675,0.306,0,0.111,5.862,UK,0,nein
2024NSH.txt,55.0074,-1.4398,2024,"Tynemouth Lighthouse, England, United Kingdom",harmonics-pierre-lavergne-v10_mod.txt,2476,35036,0.0675,0.306,0,0.111,5.862,UK,0,nein
2024NSH.txt,55.0074,-1.4398,2024,"Tyne River entrance, England, United Kingdom",harmonics_noaa_eutt.txt,2737,35036,0.2034,0.614,0,0.065,5.191,UK,0,nein
2024POR.txt,54.8426,-5.1200,2024,"Portpatrick, Scotland, United Kingdom",harmonics_utide_observations.txt,0,35040,0.0472,0.193,0,-0.054,4.376,UK,1,nein
2024POR.txt,54.8426,-5.1200,2024,"Portpatrick, Scotland, United Kingdom",harmonics_ticon4_worldwide.txt,0,35040,0.0435,0.213,0,2.173,4.423,UK,0,nein
2024PRU.txt,55.2068,-6.6568,2024,"Portrush, Northern Ireland, United Kingdom",harmonics_utide_observations.txt,0,35041,0.0763,0.212,0,-0.071,2.721,UK,1,nein
2024PRU.txt,55.2068,-6.6568,2024,"Portrush, Northern Ireland, United Kingdom",harmonics_utide_tidetables.txt,3,35041,0.0758,0.212,0,-0.016,2.711,UK,0,nein
2024PRU.txt,55.2068,-6.6568,2024,"Portrush, Northern Ireland, United Kingdom",harmonics-dwf-20100529-nonfree_mod.txt,11,35041,0.0324,0.127,0,0.006,2.53,UK,1,nein
2024PTB.txt,51.5000,-2.7285,2024,"Portbury, England, United Kingdom",harmonics_utide_observations.txt,0,33728,0.2378,0.843,0,-0.044,15.007,UK,1,nein
2024PTB.txt,51.5000,-2.7285,2024,"Portbury, England, United Kingdom",harmonics_ticon4_worldwide.txt,6,33728,0.2364,0.999,0,7.051,14.503,UK,0,nein
2024PTB.txt,51.5000,-2.7285,2024,"Avonmouth (Port of Bristol), England, United Kingdom",harmonics_ticon4_worldwide.txt,1519,33728,0.2537,1.104,0,7.051,14.574,UK,0,nein
2024PTB.txt,51.5000,-2.7285,2024,"Port Of Bristol (Avonmouth), England, United Kingdom",harmonics_utide_tidetables.txt,1519,33728,0.5834,1.816,10,0.006,14.248,UK,0,nein
2024PTB.txt,51.5000,-2.7285,2024,"Avonmouth (Port of Bristol), England, United Kingdom",harmonics_utide_observations.txt,1528,33728,0.3969,1.631,0,-0.112,14.568,UK,1,nein
2024PTM.txt,50.8026,-1.1118,2024,"Portsmouth, England, United Kingdom",harmonics_utide_observations.txt,51,35040,0.0837,0.335,0,-0.089,4.776,UK,1,nein
2024PTM.txt,50.8026,-1.1118,2024,"Portsmouth, England, United Kingdom",harmonics_ticon4_worldwide.txt,54,35040,0.0953,0.424,0,2.872,4.79,UK,0,nein
2024SHE.txt,51.4456,0.7434,2024,"Sheerness, England, United Kingdom",harmonics_ticon4_worldwide.txt,5,35031,0.1184,0.457,0,3.074,6.481,UK,0,nein
2024SHE.txt,51.4456,0.7434,2024,"Sheerness, England, United Kingdom",harmonics_utide_observations.txt,5,35031,0.1885,0.631,0,-0.22,6.225,UK,1,nein
2024STM.txt,49.9185,-6.3164,2024,"St. Mary's (Isles of Scilly), England, United Kingdom",harmonics_ticon4_worldwide.txt,84,35041,0.0564,0.216,0,3.192,6.117,UK,0,nein
2024STM.txt,49.9185,-6.3164,2024,"St. Mary's (Isles of Scilly), England, United Kingdom",harmonics_utide_observations.txt,84,35041,0.0876,0.298,0,-0.031,6.049,UK,1,nein
2024STM.txt,49.9185,-6.3164,2024,"St. Mary's, England, United Kingdom",harmonics_utide_tidetables.txt,84,35041,0.2152,0.838,0,-0.071,5.499,UK,0,nein
2024STO.txt,58.2071,-6.3889,2024,"Stornoway (Isle of Lewis), Scotland, United Kingdom (2)",harmonics_utide_observations.txt,0,35040,0.1109,0.308,0,-0.042,5.371,UK,1,nein
2024STO.txt,58.2071,-6.3889,2024,"Stornoway (Isle of Lewis), Scotland, United Kingdom",harmonics_ticon4_worldwide.txt,10,35040,0.0451,0.203,0,2.898,5.456,UK,0,nein
2024STO.txt,58.2071,-6.3889,2024,"Stornoway (Isle of Lewis), Scotland, United Kingdom",harmonics_utide_observations.txt,10,35040,0.0362,0.145,0,-0.007,5.526,UK,0,nein
2024STO.txt,58.2071,-6.3889,2024,"Stornoway, Scotland, United Kingdom",harmonics_noaa_eutt.txt,856,35040,0.1701,0.477,0,0.581,5.029,UK,0,nein
2024TOB.txt,56.6231,-6.0642,2024,"Tobermory (Island of Mull), Scotland, United Kingdom",harmonics_utide_observations.txt,0,35039,0.0736,0.268,0,0.025,4.848,UK,1,nein
2024TOB.txt,56.6231,-6.0642,2024,"Tobermory (Island of Mull), Scotland, United Kingdom",harmonics_ticon4_worldwide.txt,0,35039,0.0435,0.2,0,2.723,4.984,UK,0,nein
2024TOB.txt,56.6231,-6.0642,2024,"Tobermory, Sound of Mull, Scotland, United Kingdom",harmonics_noaa_eutt.txt,1368,35039,0.2062,0.56,0,0.559,4.639,UK,0,nein
2024ULL.txt,57.8952,-5.1579,2024,"Ullapool, Scotland, United Kingdom",harmonics_utide_observations.txt,0,35041,0.0595,0.269,0,-0.052,5.718,UK,1,nein
2024ULL.txt,57.8952,-5.1579,2024,"Ullapool, Scotland, United Kingdom",harmonics_ticon4_worldwide.txt,10,35041,0.0473,0.217,0,3.094,5.769,UK,0,nein
2024WEY.txt,50.6085,-2.4479,2024,"Weymouth, England, United Kingdom",harmonics_utide_observations.txt,0,35018,0.0723,0.265,0,-0.081,2.793,UK,1,nein
2024WEY.txt,50.6085,-2.4479,2024,"Weymouth, England, United Kingdom",harmonics_ticon4_worldwide.txt,0,35018,0.0651,0.312,0,1.147,2.88,UK,0,nein
2024WHI.txt,54.4901,-0.6142,2024,"Whitby, England, United Kingdom",harmonics_utide_observations.txt,0,35041,0.0437,0.167,0,0.032,5.988,UK,1,nein
2024WHI.txt,54.4901,-0.6142,2024,"Whitby, England, United Kingdom",harmonics-dwf-20100529-nonfree_mod.txt,3,35041,0.0463,0.191,0,0.032,6.012,UK,1,nein
2024WHI.txt,54.4901,-0.6142,2024,"Whitby, England, United Kingdom",harmonics_literature.txt,17,35041,0.0463,0.179,0,-0.013,6.009,UK,0,nein
2024WIC.txt,58.4410,-3.0863,2024,"Wick, Scotland, United Kingdom",harmonics_utide_observations.txt,0,35039,0.0576,0.184,0,-0.068,3.816,UK,1,nein
2024WIC.txt,58.4410,-3.0863,2024,"Wick, Scotland, United Kingdom",harmonics_ticon4_worldwide.txt,5,35039,0.03,0.144,0,2.056,3.876,UK,0,nein
Broome.npz,-18.0000,122.2200,2025,"Broome, Western Australia, Australia",harmonics_utide_observations.txt,292,8589,0.0811,0.478,0,2.083,10.35,Australia_BOM,0,nein
Burnie.npz,-41.0500,145.9100,2025,"Burnie, Tasmania, Australia",harmonics_utide_observations.txt,0,8761,0.1093,0.48,0,0.063,3.617,Australia_BOM,0,nein
Cape_Ferguson.npz,-19.2800,147.0600,2025,"Cape Ferguson, Queensland, Australia",harmonics_utide_observations.txt,0,6143,0.0913,0.357,0,0.076,3.517,Australia_BOM,0,nein
Cocos_Islands.npz,-12.1200,96.8900,2025,"Port Refuge, Cocos Islands, Western Australia, Australia",harmonics_utide_observations.txt,438,8566,0.0763,0.23,0,0.023,1.567,Australia_BOM,0,nein
Cocos_Islands.npz,-12.1200,96.8900,2025,"Port Refuge, Cocos Islands, Western Australia, Australia",harmonics_att_np203_scs.txt,1147,8566,0.1527,0.346,0,0.298,1.259,Australia_BOM,0,nein
Darwin.npz,-12.4700,130.8500,2025,"Darwin, Northern Territory, Australia",harmonics_utide_observations.txt,334,8761,0.0818,0.431,0,0.089,8.037,Australia_BOM,0,nein
Esperance.npz,-33.8700,121.9000,2025,"Esperance, Western Australia, Australia",harmonics_utide_observations.txt,334,8761,0.1327,0.521,0,0.087,1.259,Australia_BOM,0,nein
Hillarys.npz,-31.8300,115.7400,2025,"Hillarys, Western Australia, Australia",harmonics_utide_observations.txt,0,8761,0.1332,0.535,0,0.1,1.112,Australia_BOM,0,nein
Lorne.npz,-38.5500,143.9900,2025,"Lorne, Victoria, Australia",harmonics_utide_observations.txt,368,8761,0.1402,0.629,0,0.07,2.678,Australia_BOM,0,nein
Lorne.npz,-38.5500,143.9900,2025,"Lorne (Louttit Bay), Victoria, Australia",harmonics-2004-06-14_mod.txt,372,8761,0.1597,0.744,0,0.467,2.523,Australia_BOM,0,nein
Port_Kembla.npz,-34.4700,150.9100,2025,"Port Kembla, New South Wales, Australia",harmonics_utide_observations.txt,243,8761,0.0869,0.331,0,0.082,1.986,Australia_BOM,0,nein
Port_Stanvac.npz,-35.1100,138.4700,2010,"Port Stanvac, South Australia, Australia",harmonics_utide_observations.txt,0,8761,0.1795,0.971,0,-0.011,2.459,Australia_BOM,0,nein
Portland.npz,-38.3400,141.6100,2025,"Portland, Victoria, Australia",harmonics_utide_observations.txt,424,8761,0.117,0.514,0,0.072,1.294,Australia_BOM,0,nein
Portland.npz,-38.3400,141.6100,2025,"Portland, Victoria, Australia",harmonics_noaa_cptt.txt,1256,8761,0.2074,0.907,-40,0.065,0.662,Australia_BOM,0,nein
Rosslyn_Bay.npz,-23.1600,150.7900,2025,"Rosslyn Bay, Queensland, Australia",harmonics_utide_observations.txt,0,8761,0.082,0.364,0,0.071,4.789,Australia_BOM,0,nein
Spring_Bay.npz,-42.5500,147.9300,2025,"Spring Bay, Tasmania, Australia",harmonics_utide_observations.txt,200,7007,0.1135,0.421,0,0.056,1.398,Australia_BOM,0,nein
Stony_Point.npz,-38.3700,145.2200,2013,"Stony Point (Westernport), Victoria, Australia",harmonics_utide_observations.txt,441,8761,0.1558,0.842,0,0.069,3.136,Australia_BOM,0,nein
Thevenard.npz,-32.1500,133.6400,2025,"Thevenard, South Australia, Australia",harmonics_utide_observations.txt,0,8761,0.2161,1.149,0,0.082,2.099,Australia_BOM,0,nein
Thursday_Island.npz,-10.5800,142.2200,2025,"Thursday Island, Queensland, Australia",harmonics_utide_observations.txt,734,8761,0.077,0.363,0,0.076,3.617,Australia_BOM,0,nein
Bowen.npz,-20.0200,148.2500,2025,"Bowen, Queensland, Australia",harmonics_utide_observations.txt,0,52513,0.0855,0.364,-600,0.024,3.458,Australia_QLD,0,nein
Bundaberg.npz,-24.7600,152.3900,2025,"Bundaberg (Burnett Heads), Queensland, Australia",harmonics_utide_observations.txt,518,52501,0.0718,0.294,-600,0.045,3.3,Australia_QLD,0,nein
Bundaberg.npz,-24.7600,152.3900,2025,"Bundaberg (Burnett Heads), Queensland, Australia",harmonics_utide_tidetables.txt,518,52502,0.0777,0.346,-590,0.034,3.271,Australia_QLD,0,nein
Cairns.npz,-16.9200,145.7700,2025,"Cairns, Queensland, Australia",harmonics_utide_observations.txt,1685,52353,0.0785,0.297,-600,0.017,3.293,Australia_QLD,0,nein
Cardwell.npz,-18.2700,146.0300,2025,"Cardwell, Queensland, Australia",harmonics_utide_observations.txt,0,52513,0.0995,0.556,-600,0.023,3.897,Australia_QLD,0,nein
Cooktown.npz,-15.4700,145.2500,2025,"Cooktown, Queensland, Australia",harmonics_utide_observations.txt,803,52513,0.0834,0.334,-600,0.008,3.067,Australia_QLD,0,nein
Karumba.npz,-17.4900,140.8400,2025,"Karumba, Queensland, Australia",harmonics_utide_observations.txt,617,52489,0.2315,1.27,-600,0.042,4.565,Australia_QLD,0,nein
Lucinda.npz,-18.5200,146.3900,2025,"Lucinda Offshore, Queensland, Australia",harmonics_ticon4_worldwide.txt,477,52512,0.1084,0.598,-600,2.047,3.495,Australia_QLD,0,nein
Mackay.npz,-21.1000,149.2200,2025,"Mackay Outer Harbour, Queensland, Australia",harmonics_ticon4_worldwide.txt,1469,52513,0.1255,0.498,-600,3.141,6.104,Australia_QLD,0,nein
Mackay.npz,-21.1000,149.2200,2025,"Mackay Outer Harbour, Queensland, Australia",harmonics_utide_observations.txt,1469,52513,0.1061,0.456,-600,0.025,6.31,Australia_QLD,0,nein
Mooloolaba.npz,-26.6800,153.1200,2025,"Mooloolaba, Queensland, Australia",harmonics_utide_observations.txt,0,52023,0.069,0.353,-600,0.04,2.219,Australia_QLD,0,nein
Mourilyan.npz,-17.6000,146.1000,2025,"Mourilyan Harbour, Queensland, Australia",harmonics_utide_observations.txt,2243,52509,0.0885,0.425,-600,0.021,3.223,Australia_QLD,0,nein
Mourilyan.npz,-17.6000,146.1000,2025,"Mourilyan Harbour, Queensland, Australia",harmonics_ticon4_worldwide.txt,2243,52509,0.0953,0.372,-600,1.882,3.09,Australia_QLD,0,nein
Southport.npz,-27.9400,153.4300,2025,"Gold Coast Sand Bypass Jetty, Queensland, Australia",harmonics_utide_tidetables.txt,812,52388,0.1539,0.967,-620,0.124,1.877,Australia_QLD,0,nein
Southport.npz,-27.9400,153.4300,2025,"Gold Coast Seaway, Queensland, Australia",harmonics_ticon4_worldwide.txt,1671,52390,0.0913,0.523,-600,0.974,2.028,Australia_QLD,0,nein
Southport.npz,-27.9400,153.4300,2025,"Southport, Queensland, Australia",harmonics_utide_observations.txt,2969,52390,0.0843,0.503,-600,0.048,2.047,Australia_QLD,0,nein
Southport.npz,-27.9400,153.4300,2025,"Gold Coast Operations Base, Queensland, Australia",harmonics_utide_tidetables.txt,2969,52390,0.0907,0.509,-600,0.077,1.955,Australia_QLD,0,nein
Urangan.npz,-25.2900,152.9100,2025,"Urangan, Queensland, Australia",harmonics_utide_observations.txt,356,52513,0.0807,0.383,-600,0.031,3.835,Australia_QLD,0,nein
Weipa.npz,-12.6700,141.8700,2025,"Weipa, Queensland, Australia",harmonics_utide_observations.txt,277,52477,0.1343,0.489,-600,0.07,3.233,Australia_QLD,0,nein
20047.npz,57.5951,9.9625,2025,"Hirtshals, Denmark",harmonics_att_np202_secondary.txt,258,51896,0.214,0.943,720,-0.175,0.633,Denmark_DMI,0,nein
20047.npz,57.5951,9.9625,2025,"Hirtshals, Denmark",harmonics_noaa_eutt.txt,258,51896,0.2214,0.937,720,-0.178,0.357,Denmark_DMI,0,nein
20101.npz,57.4358,10.5475,2025,"Frederikshavn, Denmark",harmonics_ticon4_worldwide.txt,1182,52014,0.1596,0.803,-60,-0.015,0.69,Denmark_DMI,0,nein
20566.npz,56.6388,9.8038,2025,"Hobro, Denmark",harmonics_ticon4_worldwide.txt,13,51987,0.1627,3.09,-60,0.058,0.457,Denmark_DMI,0,nein
21009.npz,57.1182,8.5943,2025,"Hanstholm, Denmark",harmonics_att_np202_secondary.txt,258,51993,0.2627,3.74,20,-0.108,0.676,Denmark_DMI,0,nein
22058.npz,56.4569,10.0396,2025,"Randers, Denmark",harmonics_ticon4_worldwide.txt,998,52050,0.1911,3.261,-60,0.108,0.748,Denmark_DMI,0,nein
22121.npz,56.4121,10.9220,2025,"Grenaa, Denmark",harmonics_ticon4_worldwide.txt,541,51934,0.187,3.128,-60,0.066,0.676,Denmark_DMI,0,nein
22331.npz,56.1466,10.2226,2025,"Aarhus, Denmark",harmonics_ticon4_worldwide.txt,526,51894,0.1558,2.747,-60,0.077,0.736,Denmark_DMI,0,nein
22598.npz,55.9121,10.2589,2025,"Hou, Denmark",harmonics_ticon4_worldwide.txt,131,51698,0.1693,3.118,-60,0.063,0.749,Denmark_DMI,0,nein
23132.npz,55.7156,10.0163,2025,"Juelsminde, Denmark",harmonics_ticon4_worldwide.txt,125,51938,0.1802,3.405,-60,0.074,0.769,Denmark_DMI,0,nein
23293.npz,55.5602,9.7532,2025,"Fredericia, Denmark",harmonics_ticon4_worldwide.txt,151,51939,0.146,1.065,-60,0.104,0.593,Denmark_DMI,0,nein
25149.npz,55.4602,8.4397,2025,"Esbjerg Havn I, Denmark",harmonics_utide_observations.txt,0,52121,0.4354,6.955,10,0.053,2.394,Denmark_DMI,0,nein
25149.npz,55.4602,8.4397,2025,"Esbjerg, Denmark",harmonics_ticon4_worldwide.txt,828,52121,0.4403,6.965,10,0.18,2.345,Denmark_DMI,0,nein
25149.npz,55.4602,8.4397,2025,"Nordby, Fanø Island, Denmark",harmonics_noaa_eutt.txt,1841,52121,0.4596,6.888,30,-0.521,1.919,Denmark_DMI,0,nein
26457.npz,54.9947,9.9851,2025,"Fynshav (Als), Denmark",harmonics_ticon4_worldwide.txt,74,51925,0.2003,1.036,-50,0.118,0.318,Denmark_DMI,0,nein
27084.npz,55.8155,10.6399,2025,"Ballen (Samsø), Denmark",harmonics_ticon4_worldwide.txt,245,52016,0.1694,3.18,-60,0.113,0.631,Denmark_DMI,0,nein
28234.npz,55.2878,10.8264,2025,"Nyborg (Slipshavn), Denmark",harmonics_ticon4_worldwide.txt,70,52212,0.1515,1.009,-50,0.114,0.62,Denmark_DMI,0,nein
28548.npz,54.7517,10.6724,2025,"Bagenkop, Denmark",harmonics_ticon4_worldwide.txt,84,52040,0.1816,2.936,-150,0.145,0.294,Denmark_DMI,0,nein
29002.npz,55.9728,11.3694,2025,"Sjællands Odde (Havnebyen), Denmark",harmonics_ticon4_worldwide.txt,29,52089,0.1457,1.111,-60,0.182,0.511,Denmark_DMI,0,nein
29038.npz,55.7214,11.7089,2025,"Holbæk, Denmark",harmonics_ticon4_worldwide.txt,356,52127,0.2532,3.197,-70,0.064,0.529,Denmark_DMI,0,nein
29393.npz,55.3355,11.1390,2025,"Korsør, Denmark",harmonics_ticon4_worldwide.txt,436,51928,0.1343,0.879,-60,0.155,0.525,Denmark_DMI,0,nein
30017.npz,56.0934,12.4571,2025,"Hornbæk, Denmark",harmonics_ticon4_worldwide.txt,300,52173,0.18,3.072,-10,0.094,0.523,Denmark_DMI,0,nein
30202.npz,55.8491,12.5715,2025,"Vedbæk, Denmark",harmonics_ticon4_worldwide.txt,178,51976,0.1411,2.435,-60,0.148,0.432,Denmark_DMI,0,nein
30336.npz,55.7042,12.5988,2025,"København, Denmark",harmonics_ticon4_worldwide.txt,473,51993,0.1495,3.128,-60,0.133,0.449,Denmark_DMI,0,nein
30357.npz,55.5364,12.7113,2025,"Drogden, Denmark",harmonics_ticon4_worldwide.txt,71,16185,0.155,2.571,-80,0.197,0.279,Denmark_DMI,0,nein
30361.npz,55.5935,12.6785,2025,"Dragør, Denmark",harmonics_ticon4_worldwide.txt,154,52363,0.1308,2.909,-60,0.157,0.314,Denmark_DMI,0,nein
30407.npz,55.6509,12.0771,2025,"Roskilde, Denmark",harmonics_ticon4_worldwide.txt,71,51951,0.1958,3.017,-60,0.146,0.289,Denmark_DMI,0,nein
30478.npz,55.4555,12.1965,2025,"Koege, Denmark",harmonics_ticon4_worldwide.txt,650,52294,0.161,0.766,-70,0.163,0.294,Denmark_DMI,0,nein
31063.npz,55.2543,12.3744,2025,"Rodvig, Denmark",harmonics_ticon4_worldwide.txt,102,52097,0.1814,2.97,-60,0.16,0.252,Denmark_DMI,0,nein
31573.npz,54.6551,11.3474,2025,"Rødbyhavn, Denmark",harmonics_ticon4_worldwide.txt,591,52025,0.1924,1.046,-50,0.146,0.251,Denmark_DMI,0,nein
31616.npz,54.5723,11.9241,2025,"Gedser, Denmark",harmonics_ticon4_worldwide.txt,246,48826,0.1775,0.95,10,0.184,0.301,Denmark_DMI,0,nein
bakea.npz,53.9844,8.3151,2026,"Scharhörnriff (Bake A), Germany",harmonics_utide_observations.txt,3,8701,0.3221,1.912,0,0.008,4.101,Germany,0,nein
bakez.npz,54.0135,8.3146,2026,"Bake Z, Germany",harmonics_utide_observations.txt,2,8669,0.3309,2.004,0,0.004,4.063,Germany,0,nein
belum.npz,53.8228,9.0371,2026,"Belum (Oste), Germany",harmonics_utide_observations.txt,5,8672,0.3748,2.261,0,0.118,3.606,Germany,0,nein
bhvalterleuchtturm.npz,53.5450,8.5682,2026,"Bremerhaven (Alter Leuchtturm), Germany",harmonics_ticon4_worldwide.txt,5,8760,0.3797,2.148,-20,-0.038,4.747,Germany,0,nein
bhvalterleuchtturm.npz,53.5450,8.5682,2026,"Bremerhaven (Alter Leuchtturm), Germany",harmonics_utide_observations.txt,5,8760,0.3573,2.082,0,-0.037,5.006,Germany,0,nein
borgfeld.npz,53.1340,8.8944,2026,"Bremen-Borgfeld (Wümme), Germany",harmonics_utide_observations.txt,3,8761,0.2658,1.146,0,-0.1,2.076,Germany,0,nein
borkumfischerbalje.npz,53.5574,6.7479,2026,"Borkum (Fischerbalje), Germany",harmonics_utide_observations.txt,4,8761,0.2911,1.897,0,0.066,3.416,Germany,0,nein
borkumsdstrand.npz,53.5769,6.6614,2026,"Borkum (Südstrand), Germany",harmonics_ticon4_worldwide.txt,32,8761,0.3094,1.854,40,0.103,3.141,Germany,0,nein
borkumsdstrand.npz,53.5769,6.6614,2026,"Borkum (Südstrand), Germany",harmonics_utide_observations.txt,32,8761,0.2949,1.929,0,0.104,3.374,Germany,0,nein
borkumsdstrand.npz,53.5769,6.6614,2026,"Borkum, west coast, Germany",harmonics_noaa_eutt.txt,1041,8761,0.3564,1.778,20,3.804,3.196,Germany,0,nein
breitenberg.npz,53.9277,9.6323,2026,"Breitenberg (Stör), Germany",harmonics_utide_observations.txt,3,8734,0.3639,1.97,0,0.005,2.371,Germany,0,nein
bremervrdeuw.npz,53.4841,9.1548,2026,"Bremervörde UW (Oste), Germany",harmonics_ticon4_worldwide.txt,187,8082,0.3036,2.046,30,-0.121,1.332,Germany,0,nein
bremervrdeuw.npz,53.4841,9.1548,2026,"Bremervörde UW (Oste), Germany",harmonics_utide_observations.txt,191,8082,0.3043,1.849,0,-0.118,1.327,Germany,0,nein
brokdorf.npz,53.8627,9.3160,2026,"Brokdorf (Elbe), Germany",harmonics_utide_observations.txt,2,8761,0.3878,2.123,0,0.085,3.705,Germany,0,nein
brunsbttelmpm.npz,53.8878,9.1487,2026,"Brunsbüttel (Elbe), Germany",harmonics_ticon4_worldwide.txt,383,8761,0.4141,2.156,-20,0.06,3.568,Germany,0,nein
brunsbttelmpm.npz,53.8878,9.1487,2026,"Brunsbüttel (Elbe), Germany",harmonics_utide_observations.txt,383,8761,0.3917,2.234,0,0.061,3.943,Germany,0,nein
buttelerhrne.npz,53.1799,8.4126,2026,"Buttelerhörne (Hunte), Germany",harmonics_utide_observations.txt,1,8761,0.292,1.652,0,0.024,3.444,Germany,0,nein
buttelerhrne.npz,53.1799,8.4126,2026,"Hollersiel, Germany",harmonics_utide_observations.txt,2625,8761,0.3002,1.668,20,0.006,3.376,Germany,0,nein
buxtehude.npz,53.4804,9.7034,2026,"Buxtehude (Este), Germany",harmonics_utide_observations.txt,6,8760,0.2846,1.784,0,0.027,2.75,Germany,0,nein
büsum.npz,54.1218,8.8591,2026,"Büsum (Schleuse), Germany",harmonics_utide_observations.txt,4,8761,0.3892,2.446,0,0.145,4.327,Germany,0,nein
cranz.npz,53.5359,9.7915,2026,"Cranz (Este-Sperrwerk), Germany",harmonics_ticon4_worldwide.txt,1,8761,0.4168,2.363,40,0.075,4.119,Germany,0,nein
cranz.npz,53.5359,9.7915,2026,"Cranz (Este-Sperrwerk), Germany",harmonics_utide_observations.txt,5,8761,0.3976,2.081,0,0.076,4.472,Germany,0,nein
cranz.npz,53.5359,9.7915,2026,"Este (Inneres Sperrwerk Binnenpegel), Germany",harmonics_ticon4_worldwide.txt,1053,8761,0.4202,2.163,50,-0.007,3.919,Germany,0,nein
cranz.npz,53.5359,9.7915,2026,"Este (Inneres Sperrwerk Binnenpegel), Germany",harmonics_utide_observations.txt,1053,8761,0.3995,2.146,10,-0.007,4.041,Germany,0,nein
cranz.npz,53.5359,9.7915,2026,"Hamburg-Blankenese (Elbe, Unterfeuer), Germany",harmonics_utide_observations.txt,2471,8761,0.3916,2.149,0,0.063,4.344,Germany,0,nein
cuxhavensteubenhft.npz,53.8677,8.7174,2026,"Cuxhaven (Steubenhöft), Germany",harmonics-dwf-20070318_mod.txt,45,8761,0.3706,2.128,0,2.981,4.165,Germany,0,nein
cuxhavensteubenhft.npz,53.8677,8.7174,2026,"Cuxhaven-Steubenhöft (Elbe), Germany",harmonics_utide_observations.txt,45,8761,0.3565,2.095,0,0.132,4.06,Germany,0,nein
dreyschloot.npz,53.1780,7.6691,2026,"Dreyschloot (Leda), Germany",harmonics_utide_observations.txt,3,8761,0.2255,1.317,0,-0.146,1.157,Germany,0,nein
dukegat.npz,53.4336,6.9262,2026,"Dukegat (Ems), Germany",harmonics_utide_observations.txt,7,8760,0.3025,1.881,0,5.11,3.669,Germany,0,nein
dwarsgat.npz,53.7186,8.3076,2026,"Dwarsgat (Unterfeuer), Germany",harmonics_utide_observations.txt,5,8761,0.3334,2.049,0,0.122,4.622,Germany,0,nein
eidersperrwerkap.npz,54.2659,8.8421,2026,"Eider-Sperrwerk (Außenpegel), Germany",harmonics_utide_observations.txt,3,8720,0.4284,3.454,-20,0.147,4.158,Germany,0,nein
eidersperrwerkap.npz,54.2659,8.8421,2026,"Eider-Sperrwerk (Binnenpegel), Germany",harmonics_ticon4_worldwide.txt,484,8720,0.497,3.553,0,0.187,3.05,Germany,0,nein
eidersperrwerkap.npz,54.2659,8.8421,2026,"Eider-Sperrwerk (Binnenpegel), Germany",harmonics_utide_observations.txt,485,8720,0.4916,3.501,20,0.187,3.301,Germany,0,nein
eidersperrwerkbp.npz,54.2659,8.8496,2026,"Eider-Sperrwerk (Binnenpegel), Germany",harmonics_ticon4_worldwide.txt,1,8760,0.495,2.71,-20,0.004,3.05,Germany,0,nein
eidersperrwerkbp.npz,54.2659,8.8496,2026,"Eider-Sperrwerk (Binnenpegel), Germany",harmonics_utide_observations.txt,3,8760,0.4894,3.007,0,0.004,3.302,Germany,0,nein
eidersperrwerkbp.npz,54.2659,8.8496,2026,"Eider-Sperrwerk (Außenpegel), Germany",harmonics_utide_observations.txt,486,8760,0.5546,3.381,-40,-0.037,4.159,Germany,0,nein
elmshornhafen.npz,53.7522,9.6539,2026,"Elmshorn (Krückau Hafen), Germany",harmonics_ticon4_worldwide.txt,0,8758,0.521,1.969,40,0.002,2.129,Germany,0,nein
elmshornhafen.npz,53.7522,9.6539,2026,"Elmshorn (Krückau Hafen), Germany",harmonics_utide_observations.txt,2,8758,0.4973,1.927,0,0.003,2.187,Germany,0,nein
elsflethohrt.npz,53.2212,8.4599,2026,"Elsfleth Ohrt (Hunte), Germany",harmonics_utide_observations.txt,3,8761,0.3321,1.786,0,0.083,4.879,Germany,0,nein
elsflethohrt.npz,53.2212,8.4599,2026,"Huntebrück (Hunte), Germany",harmonics_utide_observations.txt,2536,8761,0.3615,1.907,10,0.014,4.323,Germany,0,nein
emdenneueseeschleuse.npz,53.3368,7.1864,2026,"Emden (Neue Seeschleuse), Germany",harmonics_utide_observations.txt,4,8761,0.3375,2.005,0,0.133,4.518,Germany,0,nein
emdenneueseeschleuse.npz,53.3368,7.1864,2026,"Emden (Neue Seeschleuse), Germany",harmonics-dwf-20070318_mod.txt,14,8761,0.356,2.085,10,2.634,4.478,Germany,0,nein
emshrn.npz,53.4935,6.8412,2026,"Emshörn, Germany",harmonics_utide_observations.txt,55,8758,0.4036,2.27,270,-0.524,3.657,Germany,0,nein
emshrn.npz,53.4935,6.8412,2026,"Eemshaven, Waddenzee, Netherlands",harmonics_utide_observations.txt,2487,8761,0.3103,1.951,0,5.122,3.464,Germany,0,nein
esteinneressperrwerkbp.npz,53.5328,9.7765,2026,"Este (Inneres Sperrwerk Binnenpegel), Germany",harmonics_ticon4_worldwide.txt,1,8714,0.3851,2.21,40,-0.032,3.918,Germany,0,nein
esteinneressperrwerkbp.npz,53.5328,9.7765,2026,"Este (Inneres Sperrwerk Binnenpegel), Germany",harmonics_utide_observations.txt,3,8714,0.3669,2.076,0,-0.032,4.04,Germany,0,nein
esteinneressperrwerkbp.npz,53.5328,9.7765,2026,"Cranz (Este-Sperrwerk), Germany",harmonics_utide_observations.txt,1048,8714,0.3835,2.182,-10,0.052,4.474,Germany,0,nein
esteinneressperrwerkbp.npz,53.5328,9.7765,2026,"Cranz (Este-Sperrwerk), Germany",harmonics_ticon4_worldwide.txt,1051,8714,0.3881,2.284,40,0.051,4.121,Germany,0,nein
fahrenholzup.npz,53.3603,10.3155,2026,"Fahrenholz (Ilmenau Unterpegel), Germany",harmonics_ticon4_worldwide.txt,1,8216,0.3998,3.262,50,-0.045,2.471,Germany,0,nein
fahrenholzup.npz,53.3603,10.3155,2026,"Fahrenholz (Ilmenau Unterpegel), Germany",harmonics_utide_observations.txt,2,8216,0.3896,3.285,0,-0.044,2.74,Germany,0,nein
friedrichstadtstrassenbrcke.npz,54.3685,9.0946,2026,"Friedrichstadt (Eider Strassenbrücke), Germany",harmonics_ticon4_worldwide.txt,45,8760,0.5075,2.457,50,0.07,2.383,Germany,0,nein
friedrichstadtstrassenbrcke.npz,54.3685,9.0946,2026,"Friedrichstadt (Eider Strassenbrücke), Germany",harmonics_utide_observations.txt,45,8760,0.5095,2.549,10,0.07,2.73,Germany,0,nein
friedrichstadttreene.npz,54.3736,9.0838,2026,"Friedrichstadt (Eider Strassenbrücke), Germany",harmonics_ticon4_worldwide.txt,903,8760,0.6382,1.533,-100,-0.72,2.383,Germany,0,nein
friedrichstadttreene.npz,54.3736,9.0838,2026,"Friedrichstadt (Eider Strassenbrücke), Germany",harmonics_utide_observations.txt,903,8760,0.665,1.655,-140,-0.721,2.73,Germany,0,nein
geesthacht.npz,53.4265,10.3745,2026,"Wehr Geesthacht UP (Elbe), Germany",harmonics_ticon4_worldwide.txt,2556,8621,0.8015,2.023,-460,4.095,3.601,Germany,0,nein
glckstadt.npz,53.7844,9.4094,2026,"Glückstadt (Elbe), Germany",harmonics_utide_observations.txt,57,8747,0.3927,3.289,0,0.083,3.83,Germany,0,nein
grauerortreede.npz,53.6791,9.4948,2026,"Grauerort (Reede), Germany",harmonics_utide_observations.txt,6,8655,0.3963,2.003,0,-0.06,4.061,Germany,0,nein
grnhude.npz,53.9357,9.6906,2026,"Grönhude (Stör), Germany",harmonics_utide_observations.txt,31,8752,0.3101,1.415,0,0.023,1.591,Germany,0,nein
grosseweserbrcke.npz,53.0731,8.8036,2026,"Bremen (Wilhelm-Kaisen-Brücke, Weser), Germany",harmonics_utide_observations.txt,26,8761,0.3879,2.187,0,0.098,5.407,Germany,0,nein
hechthausen.npz,53.6405,9.2528,2026,"Hechthausen (Oste), Germany",harmonics_utide_observations.txt,4,8754,0.3257,1.774,0,0.005,2.068,Germany,0,nein
helgolandbinnenhafen.npz,54.1789,7.8899,2026,"Helgoland (Binnenhafen), Germany",harmonics_utide_observations.txt,1,8739,0.305,1.998,0,0.072,3.414,Germany,0,nein
helgolandbinnenhafen.npz,54.1789,7.8899,2026,"Helgoland, Germany",harmonics-dwf-20070318_mod.txt,7,8739,0.3214,1.884,0,3.187,3.481,Germany,0,nein
helgolandbinnenhafen.npz,54.1789,7.8899,2026,"Helgoland (Südhafen), Germany",harmonics_utide_observations.txt,519,8739,0.305,1.998,0,-0.016,3.385,Germany,0,nein
helgolandsdhafen.npz,54.1750,7.8943,2026,"Helgoland (Südhafen), Germany",harmonics_utide_observations.txt,3,8755,0.3045,1.933,0,-0.025,3.385,Germany,0,nein
helgolandsdhafen.npz,54.1750,7.8943,2026,"Helgoland, Germany",harmonics-dwf-20070318_mod.txt,519,8755,0.3253,1.817,0,3.178,3.481,Germany,0,nein
helgolandsdhafen.npz,54.1750,7.8943,2026,"Helgoland (Binnenhafen), Germany",harmonics_utide_observations.txt,523,8755,0.3044,1.935,0,0.063,3.414,Germany,0,nein
herbrumhafendamm.npz,53.0419,7.3171,2026,"Herbrum (Ems, Hafendamm), Germany",harmonics_utide_observations.txt,3,8761,0.4885,3.879,0,0.08,4.625,Germany,0,nein
hetlingen.npz,53.6094,9.5843,2026,"Hetlingen (Elbe), Germany",harmonics_utide_observations.txt,2,8761,0.398,2.038,0,0.074,4.26,Germany,0,nein
hollersiel.npz,53.1681,8.3785,2026,"Hollersiel, Germany",harmonics_utide_observations.txt,4,8760,0.2991,1.642,0,0.025,3.375,Germany,0,nein
hollersiel.npz,53.1681,8.3785,2026,"Buttelerhörne (Hunte), Germany",harmonics_utide_observations.txt,2622,8760,0.2963,1.627,-20,0.042,3.443,Germany,0,nein
hooksielplate.npz,53.6692,8.1486,2026,"Hooksielplate, Germany",harmonics_utide_observations.txt,4,8624,0.3229,4.337,0,0.131,4.613,Germany,0,nein
horneburg.npz,53.5123,9.5911,2026,"Horneburg (Lühe), Germany",harmonics_utide_observations.txt,4,8744,0.2479,1.222,0,0.04,1.479,Germany,0,nein
huntebrck.npz,53.2003,8.4474,2026,"Huntebrück (Hunte), Germany",harmonics_utide_observations.txt,98,8760,0.3175,1.751,0,0.052,4.324,Germany,0,nein
huntebrck.npz,53.2003,8.4474,2026,"Elsfleth Ohrt (Hunte), Germany",harmonics_utide_observations.txt,2471,8760,0.3334,1.691,-10,0.12,4.879,Germany,0,nein
husum.npz,54.4723,9.0248,2026,"Husum (Schleuse), Germany",harmonics_utide_observations.txt,3,8760,0.4106,2.519,0,0.125,4.728,Germany,0,nein
husum.npz,54.4723,9.0248,2026,"Husum, Germany",harmonics_noaa_eutt.txt,2039,8760,0.498,2.739,-20,3.367,4.363,Germany,0,nein
hörnum.npz,54.7581,8.2960,2026,"Hörnum (Sylt, Hafen), Germany",harmonics_ticon4_worldwide.txt,2,8756,0.3474,2.013,-20,0.077,2.824,Germany,0,nein
hörnum.npz,54.7581,8.2960,2026,"Hörnum (Sylt, Hafen), Germany",harmonics_utide_observations.txt,2,8756,0.3368,2.064,0,0.078,2.938,Germany,0,nein
ilmenausperrwerkap.npz,53.3939,10.1785,2026,"Ilmenau (Speerwerk Außenpegel), Germany",harmonics_utide_observations.txt,3,8760,0.4191,2.239,0,-0.205,4.184,Germany,0,nein
ilmenausperrwerkap.npz,53.3939,10.1785,2026,"Zollenspieker (Elbe), Germany",harmonics_utide_observations.txt,702,8760,0.4188,2.249,0,-0.244,4.196,Germany,0,nein
itzehoehafen.npz,53.9245,9.5006,2026,"Itzehoe (Stör Hafen), Germany",harmonics_ticon4_worldwide.txt,1,8753,0.3702,1.945,40,0.131,2.746,Germany,0,nein
itzehoehafen.npz,53.9245,9.5006,2026,"Itzehoe (Stör Hafen), Germany",harmonics_utide_observations.txt,4,8753,0.3543,1.93,0,0.131,2.813,Germany,0,nein
jadeweserport.npz,53.6020,8.1491,2026,"Jade-Weser-Port, Germany",harmonics_utide_observations.txt,6,8752,0.3215,2.053,0,0.074,4.81,Germany,0,nein
knock.npz,53.3272,7.0307,2026,"Knock (Ems), Germany",harmonics_utide_observations.txt,4,8761,0.3204,1.946,10,5.179,4.053,Germany,0,nein
knock.npz,53.3272,7.0307,2026,"Knock (Ems), Germany",harmonics_utide_observations.txt,10,8761,0.3204,1.946,10,5.179,4.053,Germany,0,nein
knock.npz,53.3272,7.0307,2026,"Oterdum, Netherlands",harmonics_ticon4_worldwide.txt,1946,8761,0.3334,1.866,10,5.276,4.105,Germany,0,nein
kollmar.npz,53.7311,9.4598,2026,"Kollmar (Elbe), Germany",harmonics_utide_observations.txt,3,8761,0.3907,2.021,0,-0.054,3.886,Germany,0,nein
krautsandreede.npz,53.7547,9.3912,2026,"Krautsand (Elbe, Reede), Germany",harmonics_utide_observations.txt,1,8761,0.389,2.023,0,0.086,3.841,Germany,0,nein
krckausperrwerkbp.npz,53.7163,9.5270,2026,"Krückau-Sperrwerk (Binnenpegel), Germany",harmonics_ticon4_worldwide.txt,0,8739,0.4241,2.878,40,0.102,3.537,Germany,0,nein
krckausperrwerkbp.npz,53.7163,9.5270,2026,"Krückau-Sperrwerk (Binnenpegel), Germany",harmonics_utide_observations.txt,16,8739,0.4048,3.017,0,0.103,3.857,Germany,0,nein
langeoog.npz,53.7232,7.5016,2026,"Langeoog (Hafeneinfahrt), Germany",harmonics_utide_observations.txt,5,8761,0.3151,2.027,0,0.082,3.793,Germany,0,nein
langeoog.npz,53.7232,7.5016,2026,"Langeoog, Germany",harmonics_noaa_eutt.txt,2557,8761,0.3803,2.028,20,3.626,3.63,Germany,0,nein
ledasperrwerkup.npz,53.2135,7.4732,2026,"Ledasperrwerk (Unterpegel), Germany",harmonics_ticon4_worldwide.txt,6,8759,0.4311,3.846,-20,0.26,3.909,Germany,0,nein
ledasperrwerkup.npz,53.2135,7.4732,2026,"Ledasperrwerk (Unterpegel), Germany",harmonics_utide_observations.txt,6,8759,0.4056,4.078,0,0.26,4.245,Germany,0,nein
ledasperrwerkup.npz,53.2135,7.4732,2026,"Leer, Germany",harmonics_noaa_eutt.txt,1587,8759,0.5624,3.503,80,4.214,3.355,Germany,0,nein
leerort.npz,53.2153,7.4262,2026,"Leerort (Ems), Germany",harmonics_utide_observations.txt,4,8761,0.4098,4.397,0,0.225,4.482,Germany,0,nein
leerort.npz,53.2153,7.4262,2026,"Leer, Germany",harmonics_noaa_eutt.txt,1593,8761,0.5902,3.548,80,4.14,3.355,Germany,0,nein
leuchtturmalteweser.npz,53.8633,8.1276,2026,"Leuchtturm Alte Weser, Germany",harmonics_utide_observations.txt,4,8761,0.317,1.953,0,-0.021,4.037,Germany,0,nein
lhort.npz,53.5716,9.6334,2026,"Lühort (Lühe), Germany",harmonics_ticon4_worldwide.txt,1,8735,0.4159,2.191,40,0.092,3.894,Germany,0,nein
lhort.npz,53.5716,9.6334,2026,"Lühort (Lühe), Germany",harmonics_utide_observations.txt,77,8735,0.3944,2.06,0,0.093,4.366,Germany,0,nein
listaufsylt.npz,55.0165,8.4404,2026,"List auf Sylt (Hafen), Germany",harmonics_utide_observations.txt,4,7729,0.364,3.726,-10,-0.143,2.507,Germany,0,nein
mittelgrund.npz,53.9421,8.6362,2026,"Mittelgrund, Germany",harmonics_utide_observations.txt,2,8758,0.4341,2.219,180,-0.654,3.485,Germany,0,nein
mittelgrund.npz,53.9421,8.6362,2026,"Zehnerloch, Germany",harmonics_utide_observations.txt,2073,8760,0.3486,2.077,0,0.064,4.147,Germany,0,nein
niederblockland.npz,53.1615,8.8265,2026,"Niederblockland (Wümme), Germany",harmonics_utide_observations.txt,0,8761,0.2869,1.547,0,-0.069,2.868,Germany,0,nein
nordenham.npz,53.4645,8.4880,2026,"Nordenham (Weser, Unterfeuer), Germany",harmonics_ticon4_worldwide.txt,0,8761,0.3792,2.088,-20,0.106,4.916,Germany,0,nein
nordenham.npz,53.4645,8.4880,2026,"Nordenham (Weser, Unterfeuer), Germany",harmonics_utide_observations.txt,3,8761,0.3538,2.04,0,0.107,5.217,Germany,0,nein
norderneyriffgat.npz,53.6965,7.1578,2026,"Norderney (Riffgat), Germany",harmonics_utide_observations.txt,3,8758,0.309,1.986,0,0.089,3.516,Germany,0,nein
oldenburgdrielake.npz,53.1402,8.2341,2026,"Oldenburg-Drielake (Hunte), Germany",harmonics_utide_observations.txt,4,8761,0.3108,1.791,0,-0.045,3.516,Germany,0,nein
oslebshausen.npz,53.1198,8.7122,2026,"Bremen-Oslebshausen (Weser), Germany",harmonics_utide_observations.txt,1,8552,0.349,2.079,0,0.128,5.405,Germany,0,nein
oslebshausen.npz,53.1198,8.7122,2026,"Bremen-Oslebshausen (Weser), Germany",harmonics-dwf-20070318_mod.txt,24,8552,0.3634,2.239,10,2.953,5.095,Germany,0,nein
osteriffmpm.npz,53.8564,9.0316,2026,"Osterriff (Elbe), Germany",harmonics_ticon4_worldwide.txt,4,8761,0.3977,2.061,-20,-0.045,3.575,Germany,0,nein
osteriffmpm.npz,53.8564,9.0316,2026,"Osterriff (Elbe), Germany",harmonics_utide_observations.txt,4,8761,0.3756,2.097,0,-0.044,3.807,Germany,0,nein
otterndorfmpm.npz,53.8354,8.8707,2026,"Otterndorf (Elbe), Germany",harmonics_utide_observations.txt,4,8602,0.373,2.082,0,0.107,3.816,Germany,0,nein
over.npz,53.4287,10.1011,2026,"Over (Elbe), Germany",harmonics_utide_observations.txt,2,8604,0.4158,2.988,0,-0.021,4.289,Germany,0,nein
papenburg.npz,53.1082,7.3656,2026,"Papenburg (Ems), Germany",harmonics_utide_observations.txt,1,8761,0.4312,4.265,0,0.23,4.702,Germany,0,nein
pellwormanleger.npz,54.5009,8.7020,2026,"Pellworm (Anleger), Germany",harmonics_ticon4_worldwide.txt,3,8761,0.3865,2.241,40,0.151,4.208,Germany,0,nein
pellwormanleger.npz,54.5009,8.7020,2026,"Pellworm (Anleger), Germany",harmonics_utide_observations.txt,3,8761,0.3673,2.31,0,0.152,4.47,Germany,0,nein
pellwormanleger.npz,54.5009,8.7020,2026,"Ochsen Sand, Pellworm, Germany",harmonics_noaa_eutt.txt,166,8761,0.4542,2.724,-30,3.395,4.289,Germany,0,nein
pinnausperrwerkbp.npz,53.6712,9.5588,2026,"Pinnau-Sperrwerk (Binnenpegel), Germany",harmonics_ticon4_worldwide.txt,1,8535,0.403,2.072,40,-0.032,3.542,Germany,0,nein
pinnausperrwerkbp.npz,53.6712,9.5588,2026,"Pinnau-Sperrwerk (Binnenpegel), Germany",harmonics_utide_observations.txt,4,8535,0.383,2.255,0,-0.031,3.91,Germany,0,nein
pogum.npz,53.3214,7.2598,2026,"Pogum (Ems), Germany",harmonics_utide_observations.txt,6,8761,0.3445,1.986,0,0.183,4.552,Germany,0,nein
pogum.npz,53.3214,7.2598,2026,"Pogum (Ems), Germany",harmonics_utide_observations.txt,386,8761,0.3445,1.986,0,0.183,4.552,Germany,0,nein
rechtenfleth.npz,53.3812,8.5006,2026,"Rechtenfleth (Weser), Germany",harmonics_utide_observations.txt,6,8761,0.3476,1.899,0,0.104,5.187,Germany,0,nein
reithrne.npz,53.1612,8.3225,2026,"Reithörne (Hunte), Germany",harmonics_utide_observations.txt,42,8761,0.3029,1.701,0,-0.025,3.397,Germany,0,nein
rhede.npz,53.0724,7.2870,2026,"Rhede (Ems), Germany",harmonics_utide_observations.txt,3,8760,0.4613,4.013,0,0.162,4.783,Germany,0,nein
ritterhude.npz,53.1819,8.7633,2026,"Ritterhude (Hamme), Germany",harmonics_utide_observations.txt,178,8761,0.3169,1.944,0,-0.104,3.504,Germany,0,nein
ritterhude.npz,53.1819,8.7633,2026,"Ritterhude (Hamme), Germany",harmonics_ticon4_worldwide.txt,182,8761,0.3552,2.165,40,-0.104,3.37,Germany,0,nein
robbensdsteert.npz,53.6392,8.4452,2026,"Robbensüdsteert / Solthörn, Germany",harmonics_utide_observations.txt,28,8761,0.3457,2.083,0,0.134,4.835,Germany,0,nein
scharhörn.npz,53.9670,8.4626,2026,"Scharhörn (Bake C), Germany",harmonics_utide_observations.txt,5,8756,0.3417,2.093,0,0.139,4.236,Germany,0,nein
schillig.npz,53.6990,8.0471,2026,"Schillig, Germany",harmonics_ticon4_worldwide.txt,2,8760,0.544,9.31,40,0.093,4.247,Germany,0,nein
schillig.npz,53.6990,8.0471,2026,"Schillig, Germany",harmonics_utide_observations.txt,2,8760,0.5249,9.345,10,0.094,4.531,Germany,0,nein
schillig.npz,53.6990,8.0471,2026,"Schillighorn, Germany",harmonics_noaa_eutt.txt,223,8760,0.5898,9.201,-30,3.478,3.977,Germany,0,nein
schulau.npz,53.5679,9.7029,2026,"Schulau (Elbe), Germany",harmonics_utide_observations.txt,1,8755,0.4028,2.027,0,0.086,4.432,Germany,0,nein
spiekeroog.npz,53.7492,7.6819,2026,"Spiekeroog (Alter Anleger), Germany",harmonics_utide_observations.txt,5,8761,0.3266,2.068,0,-0.026,3.93,Germany,0,nein
stadersand.npz,53.6297,9.5266,2026,"Stadersand (Elbe), Germany",harmonics_utide_observations.txt,3,8753,0.3961,2.06,0,-0.065,4.154,Germany,0,nein
terborg.npz,53.2927,7.3961,2026,"Terborg (Ems), Germany",harmonics_utide_observations.txt,0,8760,0.4048,4.364,0,0.195,4.48,Germany,0,nein
tönning.npz,54.3147,8.9502,2026,"Tönning (Eider), Germany",harmonics_utide_observations.txt,4,5305,0.5608,6.0,0,-0.071,3.124,Germany,0,nein
tönning.npz,54.3147,8.9502,2026,"Tönning, Germany",harmonics_noaa_eutt.txt,225,5305,0.7281,6.782,-80,3.325,4.368,Germany,0,nein
uetersen.npz,53.6782,9.6771,2026,"Uetersen (Pinnau), Germany",harmonics_utide_observations.txt,2,8760,0.3412,2.133,0,0.034,2.732,Germany,0,nein
wangeroogenord.npz,53.8063,7.9292,2026,"Wangerooge (Langes Riff, Nord), Germany",harmonics_utide_observations.txt,0,8761,0.3132,1.967,0,0.066,4.035,Germany,0,nein
wangeroogeost.npz,53.7671,7.9849,2026,"Wangerooge (Ost), Germany",harmonics_utide_observations.txt,3,8761,0.3243,2.046,0,0.091,4.153,Germany,0,nein
wangeroogeost.npz,53.7671,7.9849,2026,"Wangerooge, east end, Germany",harmonics_noaa_eutt.txt,2165,8761,0.4033,2.321,-40,3.403,3.785,Germany,0,nein
wangeroogewest.npz,53.7762,7.8679,2026,"Wangerooge (Hafen), Germany",harmonics_utide_observations.txt,5,8761,0.3194,2.023,0,0.114,3.979,Germany,0,nein
wasserhorst.npz,53.1628,8.7182,2026,"Wasserhorst (Lesum), Germany",harmonics_utide_observations.txt,177,8692,0.308,1.935,0,-0.087,3.666,Germany,0,nein
wasserhorst.npz,53.1628,8.7182,2026,"Wasserhorst (Lesum), Germany",harmonics_ticon4_worldwide.txt,182,8692,0.3457,1.998,50,-0.087,3.549,Germany,0,nein
weener.npz,53.1612,7.3719,2026,"Weener (Ems), Germany",harmonics_utide_observations.txt,1,8761,0.4195,4.315,0,0.229,4.522,Germany,0,nein
weserwehruw.npz,53.0603,8.8548,2026,"Bremen-Weserwehr (Unterpegel), Germany",harmonics_utide_observations.txt,6,8761,0.4255,2.255,0,-0.168,5.431,Germany,0,nein
whvaltervorhafen.npz,53.5145,8.1451,2026,"Wilhelmshaven (Alter Vorhafen, Jade), Germany",harmonics_utide_observations.txt,2,8761,0.3271,2.043,0,0.127,5.142,Germany,0,nein
whvaltervorhafen.npz,53.5145,8.1451,2026,"Wilhelmshaven (Neuer Vorhafen, Jade), Germany",harmonics_utide_observations.txt,2036,8761,0.3286,2.006,0,0.156,5.037,Germany,0,nein
whvneuervorhafen.npz,53.5303,8.1607,2026,"Wilhelmshaven (Neuer Vorhafen, Jade), Germany",harmonics_utide_observations.txt,2,8760,0.3273,2.064,0,0.091,5.039,Germany,0,nein
whvneuervorhafen.npz,53.5303,8.1607,2026,"Wilhelmshaven (Alter Vorhafen, Jade), Germany",harmonics_utide_observations.txt,2039,8760,0.3291,2.106,0,0.061,5.141,Germany,0,nein
wittdün.npz,54.6318,8.3839,2026,"Wittdün (Amrum Hafen), Germany",harmonics_utide_observations.txt,5,8760,0.3417,2.196,0,0.044,3.704,Germany,0,nein
zehnerloch.npz,53.9555,8.6582,2026,"Zehnerloch, Germany",harmonics_utide_observations.txt,2,8730,0.3527,2.096,0,0.103,4.146,Germany,0,nein
zehnerloch.npz,53.9555,8.6582,2026,"Mittelgrund, Germany",harmonics_utide_observations.txt,2074,8728,0.4311,2.214,180,-0.616,3.483,Germany,0,nein
zollenspieker.npz,53.3987,10.1854,2026,"Zollenspieker (Elbe), Germany",harmonics_utide_observations.txt,2,8725,0.4233,2.193,0,-0.201,4.195,Germany,0,nein
zollenspieker.npz,53.3987,10.1854,2026,"Ilmenau (Speerwerk Außenpegel), Germany",harmonics_utide_observations.txt,703,8725,0.4216,2.305,-10,-0.162,4.184,Germany,0,nein
Aranmore_Island_-_Leabgarrow.npz,54.9905,-8.4955,2025,"Leabgarrow (Aranmore Island), Ireland",harmonics_utide_observations.txt,89,103691,0.1607,1.175,0,0.004,4.362,Ireland_MI,1,nein
Ballycotton_Harbour.npz,51.8278,-8.0007,2025,"Ballycotton, Ireland",harmonics_utide_observations.txt,0,81123,0.1488,1.972,0,0.061,4.377,Ireland_MI,1,nein
Ballycotton_Harbour.npz,51.8278,-8.0007,2025,"Ballycotton, Ireland",harmonics_utide_tidetables.txt,0,81123,0.2361,2.2,10,0.167,4.085,Ireland_MI,0,nein
Ballyglass_Harbour.npz,54.2536,-9.8928,2025,"Ballyglass (Broadhaven), Ireland",harmonics_ticon4_worldwide.txt,124,48619,1.4836,2.963,0,0.251,4.13,Ireland_MI,0,nein
Ballyglass_Harbour.npz,54.2536,-9.8928,2025,"Ballyglass (Broadhaven), Ireland",harmonics_utide_tidetables.txt,124,48619,1.4952,3.041,0,-1.948,3.877,Ireland_MI,0,nein
Buncranna.npz,55.1266,-7.4641,2025,"Buncrana, Ireland",harmonics_utide_observations.txt,0,103942,0.1587,1.196,0,0.015,4.88,Ireland_MI,1,nein
Castletownbere_Port.npz,51.6496,-9.9034,2025,"Castletown Bearhaven, Ireland",harmonics_utide_observations.txt,0,24954,0.1815,3.785,0,0.073,3.732,Ireland_MI,1,nein
Castletownbere_Port.npz,51.6496,-9.9034,2025,"Castletown Bearhaven, Ireland",harmonics_utide_tidetables.txt,0,24954,0.2407,3.656,0,0.123,3.295,Ireland_MI,0,nein
Dingle_Harbour.npz,52.1392,-10.2773,2025,"Dingle Harbour, Ireland",harmonics_ticon4_worldwide.txt,0,92325,0.135,0.948,0,2.281,4.301,Ireland_MI,0,nein
Dublin_Port.npz,53.3457,-6.2217,2025,"Dublin Port, Ireland",harmonics_ticon4_worldwide.txt,0,99614,0.3068,3.661,0,2.568,4.455,Ireland_MI,0,nein
Dublin_Port.npz,53.3457,-6.2217,2025,"Dublin Port, Ireland",harmonics_utide_observations.txt,0,99614,0.3057,3.697,0,0.064,4.416,Ireland_MI,1,nein
Dunmore_East_Harbour.npz,52.1477,-6.9919,2025,"Dunmore East, Ireland",harmonics_utide_observations.txt,0,103455,0.2348,2.662,0,0.137,4.407,Ireland_MI,1,nein
Dunmore_East_Harbour.npz,52.1477,-6.9919,2025,"Dunmore East, Ireland",harmonics_utide_tidetables.txt,4,103455,0.3022,2.595,10,0.156,4.019,Ireland_MI,0,nein
Galway_Port.npz,53.2690,-9.0480,2025,"Galway, Ireland",harmonics_ticon4_worldwide.txt,0,103779,0.1637,2.683,0,3.08,5.509,Ireland_MI,0,nein
Galway_Port.npz,53.2690,-9.0480,2025,"Galway, Ireland",harmonics_utide_observations.txt,0,103779,0.1595,2.669,0,0.063,5.636,Ireland_MI,1,nein
Howth_Water_Level.npz,53.3913,-6.0681,2025,"Howth, Ireland",harmonics_utide_observations.txt,0,103534,0.1632,1.114,0,0.035,4.595,Ireland_MI,1,nein
Howth_Water_Level.npz,53.3913,-6.0681,2025,"Howth, Ireland",harmonics_utide_tidetables.txt,4,103534,0.265,1.482,0,0.412,4.057,Ireland_MI,0,nein
Inishmore.npz,53.1178,-9.6669,2025,"Kilronan (Inishmore), Ireland",harmonics_utide_observations.txt,0,101047,0.1434,1.756,0,0.099,5.257,Ireland_MI,1,nein
Inishmore.npz,53.1178,-9.6669,2025,"Kilronan (Inishmore), Ireland",harmonics_utide_tidetables.txt,0,101047,0.2325,1.779,0,-0.199,4.764,Ireland_MI,0,nein
Killybegs_Port.npz,54.6364,-8.3949,2025,"Killybegs, Ireland",harmonics_utide_observations.txt,2883,104098,0.1571,2.595,0,0.104,4.43,Ireland_MI,1,nein
Killybegs_Port.npz,54.6364,-8.3949,2025,"Killybegs, Ireland",harmonics_utide_tidetables.txt,2883,104098,0.2559,2.434,10,0.09,4.295,Ireland_MI,0,nein
Kilrush_Lough.npz,52.6319,-9.5021,2025,"Kilrush Lough, Ireland",harmonics_utide_observations.txt,0,103702,1.5283,6.584,0,-0.4,5.439,Ireland_MI,1,nein
Kilrush_Lough.npz,52.6319,-9.5021,2025,"Kilrush Lough, Ireland",harmonics_utide_tidetables.txt,2,103702,1.5758,6.792,20,-0.331,5.055,Ireland_MI,0,nein
Malin_Head_-_Portmore_Pier.npz,55.3717,-7.3344,2025,"Malin Head - Portmore Pier, Ireland",harmonics_utide_observations.txt,0,104838,0.1739,1.096,0,0.017,4.187,Ireland_MI,1,nein
Malin_Head_-_Portmore_Pier.npz,55.3717,-7.3344,2025,"Malin Head, Ireland",harmonics_utide_observations.txt,0,104838,0.1734,1.065,0,-0.818,4.083,Ireland_MI,0,nein
Malin_Head_-_Portmore_Pier.npz,55.3717,-7.3344,2025,"Bulbinbeg, Ireland",harmonics_utide_tidetables.txt,0,104838,0.2837,1.418,0,0.265,3.774,Ireland_MI,0,nein
Roonagh_Pier.npz,53.7623,-9.9044,2025,"Roonagh Pier, Ireland",harmonics_utide_observations.txt,69,101243,0.1749,1.609,0,0.059,4.643,Ireland_MI,1,nein
Rosslare.npz,52.2546,-6.3349,2025,"Rosslare, Ireland",harmonics_utide_observations.txt,0,82550,0.1302,0.849,0,0.042,2.108,Ireland_MI,1,nein
Skerries_Harbour.npz,53.5850,-6.1081,2025,"Skerries Harbour, Ireland",harmonics_utide_observations.txt,0,104772,0.165,1.064,0,0.017,5.048,Ireland_MI,1,nein
Sligo.npz,54.3099,-8.5820,2025,"Sligo Harbour (Oyster Island), Ireland",harmonics_utide_tidetables.txt,1247,105043,0.7773,5.635,0,-0.104,4.17,Ireland_MI,0,nein
Union_Hall_Harbor.npz,51.5590,-9.1335,2025,"Union Hall Harbour, Ireland",harmonics_ticon4_worldwide.txt,0,103768,0.1301,0.906,0,2.016,3.827,Ireland_MI,0,nein
Union_Hall_Harbor.npz,51.5590,-9.1335,2025,"Union Hall Harbour, Ireland",harmonics_utide_observations.txt,0,103768,0.1287,0.837,0,0.02,3.811,Ireland_MI,1,nein
Wexford_Harbour.npz,52.3385,-6.4589,2025,"Wexford, Ireland",harmonics_ticon4_worldwide.txt,0,104297,0.1471,1.151,10,0.937,1.903,Ireland_MI,0,nein
Wexford_Harbour.npz,52.3385,-6.4589,2025,"Wexford, Ireland",harmonics_utide_observations.txt,0,104297,0.1422,1.157,10,0.019,1.93,Ireland_MI,1,nein
BS-RUP-1095.csv,51.0844,4.3602,2026,"Boom Rupelbrug DVW, Belgium",harmonics_utide_observations.txt,0,52418,0.1744,0.637,0,-0.158,6.578,Belgium,0,nein
BS-RUP-1095.csv,51.0844,4.3602,2026,"Boom, Belgium",harmonics_utide_observations.txt,531,52418,0.1548,0.504,0,-0.116,6.691,Belgium,0,nein
BS-RUP-1095.csv,51.0844,4.3602,2026,"Klein Willebroek Sluis Afwaarts DVW, Belgium",harmonics_utide_observations.txt,591,52418,0.5018,1.498,0,-0.837,4.804,Belgium,0,nein
BS-WIN-AFW-1095.csv,51.1189,4.3028,2026,"Wintam Sluis Afwaarts DVW, Belgium",harmonics_utide_observations.txt,0,52418,0.151,0.491,0,-0.084,6.9,Belgium,0,nein
BS-WIN-AFW-1095.csv,51.1189,4.3028,2026,"Schelle, Belgium",harmonics_utide_observations.txt,1196,52418,0.1397,0.462,0,-0.092,6.925,Belgium,0,nein
HIS_zes49a-1066.csv,51.0047,4.0076,2026,"Schoonaarde, Belgium",harmonics_utide_observations.txt,0,52418,0.2071,0.897,-10,-0.158,4.15,Belgium,0,nein
HIS_zes49a-1066.csv,51.0047,4.0076,2026,"Schoonaarde Brug, Belgium",harmonics_utide_observations.txt,324,52418,0.1852,1.023,-10,-0.159,4.512,Belgium,0,nein
bnt03a-1066.csv,51.1091,4.5302,2026,"Duffel Sluis, Belgium",harmonics_utide_observations.txt,0,52418,0.1894,0.896,0,-0.165,5.368,Belgium,0,nein
zen01a-1066.csv,51.0152,4.4489,2025,"Hombeek, Belgium",harmonics_utide_observations.txt,0,52418,0.1999,0.688,10,-0.065,4.586,Belgium,0,nein
zen01a-1066.csv,51.0152,4.4489,2025,"Mechelen Benedensluis, Belgium",harmonics_utide_observations.txt,2422,52418,0.3854,1.284,-10,0.161,5.48,Belgium,0,nein
zen01a-1066.csv,51.0152,4.4489,2025,"Zemst, Belgium",harmonics_utide_observations.txt,2463,52418,0.3604,1.012,10,-0.54,3.696,Belgium,0,nein
zes10a-1066.csv,51.2964,4.2860,2026,"Liefkenshoek, Belgium",harmonics_utide_observations.txt,1,52418,0.1236,0.474,0,-0.026,6.71,Belgium,0,nein
zes36a-1066.csv,51.1228,4.2187,2026,"Temse, Belgium",harmonics_utide_observations.txt,0,52418,0.1562,0.525,0,-0.112,6.78,Belgium,0,nein
zes57a-1066.csv,51.0043,3.8053,2026,"Melle, Belgium",harmonics_utide_observations.txt,1,52418,0.3353,1.113,10,-0.217,3.61,Belgium,0,nein
04BS-KWB-AFW-1095.csv,51.0812,4.3669,2016,"Klein Willebroek Sluis Afwaarts DVW, Belgium",harmonics_utide_observations.txt,0,48674,0.2583,1.502,0,0.22,4.965,Belgium_waterinfo,0,nein
04BS-KWB-AFW-1095.csv,51.0812,4.3669,2016,"Boom Rupelbrug DVW, Belgium",harmonics_utide_observations.txt,591,48674,0.5639,2.096,0,0.848,6.886,Belgium_waterinfo,0,nein
04BS-KWB-AFW-1095.csv,51.0812,4.3669,2016,"Boom, Belgium",harmonics_utide_observations.txt,1120,48674,0.593,2.333,-10,0.885,7.024,Belgium_waterinfo,0,nein
04BS-RUP-1095.csv,51.0844,4.3602,2026,"Boom Rupelbrug DVW, Belgium",harmonics_utide_observations.txt,0,52406,0.3177,2.315,0,-0.018,6.578,Belgium_waterinfo,0,nein
04BS-RUP-1095.csv,51.0844,4.3602,2026,"Boom, Belgium",harmonics_utide_observations.txt,531,52406,0.3076,2.233,0,0.024,6.691,Belgium_waterinfo,0,nein
04BS-RUP-1095.csv,51.0844,4.3602,2026,"Klein Willebroek Sluis Afwaarts DVW, Belgium",harmonics_utide_observations.txt,591,52406,0.5499,2.114,0,-0.697,4.804,Belgium_waterinfo,0,nein
04BS-WIN-AFW-1095.csv,51.1189,4.3028,2026,"Wintam Sluis Afwaarts DVW, Belgium",harmonics_utide_observations.txt,0,51947,0.3032,2.302,0,0.033,6.9,Belgium_waterinfo,0,nein
04BS-WIN-AFW-1095.csv,51.1189,4.3028,2026,"Schelle, Belgium",harmonics_utide_observations.txt,1196,51947,0.3009,2.27,0,0.024,6.925,Belgium_waterinfo,0,nein
04HIS_gnt01a-1066.csv,51.1334,4.5892,2017,"Lier Maasfort, Belgium",harmonics_utide_observations.txt,0,52561,0.3906,1.552,0,0.075,3.151,Belgium_waterinfo,0,nein
04HIS_gnt01a-1066.csv,51.1334,4.5892,2017,"Lier Molbrug, Belgium",harmonics_utide_observations.txt,1448,52561,0.4722,1.756,-30,0.386,3.969,Belgium_waterinfo,0,nein
04HIS_rup02a-1066.csv,51.0869,4.3537,2015,"Boom, Belgium",harmonics_utide_observations.txt,0,52561,0.3192,2.319,0,0.01,7.124,Belgium_waterinfo,0,nein
04HIS_rup02a-1066.csv,51.0869,4.3537,2015,"Boom Rupelbrug DVW, Belgium",harmonics_utide_observations.txt,531,52561,0.3157,2.47,0,-0.031,6.947,Belgium_waterinfo,0,nein
04HIS_rup02a-1066.csv,51.0869,4.3537,2015,"Klein Willebroek Sluis Afwaarts DVW, Belgium",harmonics_utide_observations.txt,1120,52561,0.5333,2.292,0,-0.71,5.012,Belgium_waterinfo,0,nein
04HIS_rup03a-1066.csv,51.0737,4.4188,2019,"Walem, Belgium",harmonics_utide_observations.txt,0,52561,0.3145,2.556,0,-0.034,6.655,Belgium_waterinfo,0,nein
04HIS_rup03a-1066.csv,51.0737,4.4188,2019,"Rumst, Belgium",harmonics_utide_observations.txt,392,52561,0.3151,2.541,0,-0.041,6.681,Belgium_waterinfo,0,nein
04HIS_rup03a-1066.csv,51.0737,4.4188,2019,"Zennegat Afwaarts DVW, Belgium",harmonics_utide_observations.txt,1338,52561,0.3236,2.727,0,-0.168,6.463,Belgium_waterinfo,0,nein
04HIS_zes03a-1066.csv,51.3495,4.2705,2017,"Zandvliet, Belgium",harmonics_utide_observations.txt,0,52561,0.2645,2.18,0,0.021,6.86,Belgium_waterinfo,0,nein
04HIS_zes03a-1066.csv,51.3495,4.2705,2017,"Prosperpolder (Schelde), Belgium",harmonics_ticon4_worldwide.txt,1790,52561,0.31,2.221,-30,2.524,6.129,Belgium_waterinfo,0,nein
04HIS_zes03a-1066.csv,51.3495,4.2705,2017,"Prosperpolder (Schelde), Belgium",harmonics_utide_observations.txt,2268,52561,0.269,2.145,0,0.02,6.836,Belgium_waterinfo,0,nein
04HIS_zes29a-1066.csv,51.1260,4.3157,2013,"Schelle, Belgium",harmonics_utide_observations.txt,0,52561,0.2735,1.785,0,-0.039,6.945,Belgium_waterinfo,0,nein
04HIS_zes29a-1066.csv,51.1260,4.3157,2013,"Wintam Sluis Afwaarts DVW, Belgium",harmonics_utide_observations.txt,1196,52561,0.278,1.721,0,-0.031,6.941,Belgium_waterinfo,0,nein
04HIS_zes29a-1066.csv,51.1260,4.3157,2013,"Hemiksem, Belgium",harmonics_utide_observations.txt,2170,52561,0.2846,1.903,0,0.007,6.883,Belgium_waterinfo,0,nein
04HIS_zes49a-1066.csv,51.0047,4.0076,2025,"Schoonaarde, Belgium",harmonics_utide_observations.txt,0,52561,0.3377,1.934,0,0.033,4.229,Belgium_waterinfo,0,nein
04HIS_zes49a-1066.csv,51.0047,4.0076,2025,"Schoonaarde Brug, Belgium",harmonics_utide_observations.txt,324,52561,0.3425,1.922,0,0.034,4.523,Belgium_waterinfo,0,nein
04HIS_zes55a-1066.csv,51.0084,3.8816,2018,"Wetteren, Belgium",harmonics_utide_observations.txt,0,52561,0.3963,2.639,0,-0.094,3.709,Belgium_waterinfo,0,nein
04HIS_zes55a-1066.csv,51.0084,3.8816,2018,"Wetteren Brug, Belgium",harmonics_utide_observations.txt,376,52561,0.4031,2.669,0,-0.09,3.904,Belgium_waterinfo,0,nein
04LD-ZEN-AFW-1095.csv,51.0640,4.4303,2026,"Zennegat Afwaarts DVW, Belgium",harmonics_utide_observations.txt,0,52347,0.3593,6.834,0,-0.065,6.098,Belgium_waterinfo,0,nein
04LD-ZEN-AFW-1095.csv,51.0640,4.4303,2026,"Rumst, Belgium",harmonics_utide_observations.txt,1124,52347,0.359,7.098,-10,0.062,6.262,Belgium_waterinfo,0,nein
04LD-ZEN-AFW-1095.csv,51.0640,4.4303,2026,"Walem, Belgium",harmonics_utide_observations.txt,1338,52347,0.3601,7.083,-10,0.069,6.257,Belgium_waterinfo,0,nein
04NPT-1069.csv,51.1500,2.7281,2026,"Nieuwpoort, Belgium",harmonics_ticon4_worldwide.txt,62,51613,0.2324,3.319,0,2.439,5.883,Belgium_waterinfo,0,nein
04NPT-1069.csv,51.1500,2.7281,2026,"Nieuwpoort, Belgium",harmonics_utide_observations.txt,67,51613,0.2123,3.369,0,0.06,5.862,Belgium_waterinfo,0,nein
04NPT-1069.csv,51.1500,2.7281,2026,"Nieuwpoort Iepersluis Afwaarts DVW, Belgium",harmonics_utide_observations.txt,2669,51613,0.214,3.475,0,-0.021,5.658,Belgium_waterinfo,0,nein
04OST-1069.csv,51.2343,2.9267,2026,"Oostende, Belgium",harmonics_utide_observations.txt,0,52498,0.2148,3.799,0,0.053,5.574,Belgium_waterinfo,0,nein
04OST-1069.csv,51.2343,2.9267,2026,"Oostende, Belgium",harmonics_ticon4_worldwide.txt,2,52498,0.2333,3.802,0,2.436,5.589,Belgium_waterinfo,0,nein
04OST-1069.csv,51.2343,2.9267,2026,"Oostende-Sas Slijkens Afwaarts DVW, Belgium",harmonics_utide_observations.txt,1907,52498,0.2184,3.769,0,-0.014,5.416,Belgium_waterinfo,0,nein
04OW006-AFW-1073.csv,51.0083,3.7511,2026,"Merelbeke Afwaarts DVW, Belgium",harmonics_utide_observations.txt,0,52273,0.4392,4.797,0,-0.101,3.725,Belgium_waterinfo,0,nein
04OW414-AFW-1073.csv,51.0438,4.0868,2026,"Dendermonde Afwaarts DVW, Belgium",harmonics_utide_observations.txt,0,49564,0.7533,6.093,-20,0.598,4.881,Belgium_waterinfo,0,nein
04OW414-AFW-1073.csv,51.0438,4.0868,2026,"Dendermonde, Belgium",harmonics_utide_observations.txt,1572,49564,0.8323,6.24,-30,0.718,5.231,Belgium_waterinfo,0,nein
04WW020-AFW-1073.csv,51.2229,2.9471,2026,"Oostende-Sas Slijkens Afwaarts DVW, Belgium",harmonics_utide_observations.txt,1,52267,0.217,1.377,0,-0.008,5.416,Belgium_waterinfo,0,nein
04WW020-AFW-1073.csv,51.2229,2.9471,2026,"Oostende, Belgium",harmonics_utide_observations.txt,1906,52267,0.2147,1.407,0,0.06,5.574,Belgium_waterinfo,0,nein
04WW020-AFW-1073.csv,51.2229,2.9471,2026,"Oostende, Belgium",harmonics_ticon4_worldwide.txt,1906,52267,0.2332,1.377,0,2.443,5.589,Belgium_waterinfo,0,nein
04WW026-AFW-1073.csv,51.1346,2.7575,2026,"Nieuwpoort Iepersluis Afwaarts DVW, Belgium",harmonics_utide_observations.txt,0,50885,0.2235,4.443,0,-0.03,5.658,Belgium_waterinfo,0,nein
04WW026-AFW-1073.csv,51.1346,2.7575,2026,"Nieuwpoort, Belgium",harmonics_ticon4_worldwide.txt,2714,50885,0.2449,4.436,0,2.43,5.883,Belgium_waterinfo,0,nein
04WW026-AFW-1073.csv,51.1346,2.7575,2026,"Nieuwpoort, Belgium",harmonics_utide_observations.txt,2714,50885,0.2255,4.438,0,0.051,5.862,Belgium_waterinfo,0,nein
04WW105-AFW-1073.csv,51.3366,3.2145,2026,"Zeebrugge Vandammesluis Afwaarts DVW, Belgium",harmonics_utide_observations.txt,0,52234,0.2241,1.448,0,-0.034,5.288,Belgium_waterinfo,0,nein
04WW105-AFW-1073.csv,51.3366,3.2145,2026,"Zeebrugge, Belgium",harmonics_ticon4_worldwide.txt,1468,52234,0.2472,1.425,0,2.253,5.135,Belgium_waterinfo,0,nein
04WW105-AFW-1073.csv,51.3366,3.2145,2026,"Zeebrugge, Belgium",harmonics_utide_observations.txt,1470,52234,0.2288,1.421,0,-0.127,5.19,Belgium_waterinfo,0,nein
04WW105-AFW-1073.csv,51.3366,3.2145,2026,"Zeebrugge, Belgium",harmonics_noaa_eutt.txt,1802,52234,0.3328,1.586,0,-0.337,4.82,Belgium_waterinfo,0,nein
04ZLD-1069.csv,51.3464,3.2004,2026,"Zeebrugge, Belgium",harmonics_utide_observations.txt,0,52489,0.2181,6.411,0,0.035,5.19,Belgium_waterinfo,0,nein
04ZLD-1069.csv,51.3464,3.2004,2026,"Zeebrugge, Belgium",harmonics_ticon4_worldwide.txt,3,52489,0.237,6.407,0,2.415,5.135,Belgium_waterinfo,0,nein
04ZLD-1069.csv,51.3464,3.2004,2026,"Zeebrugge, Belgium",harmonics_noaa_eutt.txt,401,52489,0.333,6.548,0,-0.176,4.82,Belgium_waterinfo,0,nein
04ZLD-1069.csv,51.3464,3.2004,2026,"Zeebrugge Vandammesluis Afwaarts DVW, Belgium",harmonics_utide_observations.txt,1470,52489,0.2185,6.444,0,0.128,5.288,Belgium_waterinfo,0,nein
04bnt01c-1066.csv,51.0734,4.4244,2026,"Rumst, Belgium",harmonics_utide_observations.txt,0,52561,0.31,2.221,0,-0.028,6.262,Belgium_waterinfo,0,nein
04bnt01c-1066.csv,51.0734,4.4244,2026,"Walem, Belgium",harmonics_utide_observations.txt,393,52561,0.3117,2.213,0,-0.02,6.257,Belgium_waterinfo,0,nein
04bnt01c-1066.csv,51.0734,4.4244,2026,"Zennegat Afwaarts DVW, Belgium",harmonics_utide_observations.txt,1123,52561,0.3234,2.199,0,-0.155,6.098,Belgium_waterinfo,0,nein
04bnt03a-1066.csv,51.1091,4.5302,2026,"Duffel Sluis, Belgium",harmonics_utide_observations.txt,0,52561,0.3083,2.081,0,-0.072,5.368,Belgium_waterinfo,0,nein
04bnt07a-1066.csv,51.1264,4.5718,2026,"Lier Molbrug, Belgium",harmonics_utide_observations.txt,0,52561,0.2815,1.867,0,-0.152,3.791,Belgium_waterinfo,0,nein
04bnt07a-1066.csv,51.1264,4.5718,2026,"Lier Maasfort, Belgium",harmonics_utide_observations.txt,1448,52561,0.4133,1.915,30,-0.464,3.044,Belgium_waterinfo,0,nein
04dij06a-1066.csv,51.0338,4.4671,2026,"Mechelen Benedensluis, Belgium",harmonics_utide_observations.txt,0,52299,0.3258,2.051,0,-0.038,5.48,Belgium_waterinfo,0,nein
04dij06a-1066.csv,51.0338,4.4671,2026,"Mechelen Stuw Afwaarts, Belgium",harmonics_utide_observations.txt,2370,52299,0.4412,2.128,10,-0.35,4.725,Belgium_waterinfo,0,nein
04dij06a-1066.csv,51.0338,4.4671,2026,"Mechelen Stuw Opwaarts, Belgium",harmonics_utide_observations.txt,2392,52299,0.9164,2.452,20,-1.281,2.97,Belgium_waterinfo,0,nein
04dij06a-1066.csv,51.0338,4.4671,2026,"Hombeek, Belgium",harmonics_utide_observations.txt,2423,52299,0.4278,2.134,10,-0.264,4.581,Belgium_waterinfo,0,nein
04dij07a-1066.csv,51.0236,4.4969,2026,"Mechelen Stuw Afwaarts, Belgium",harmonics_utide_observations.txt,0,52359,0.3481,1.997,0,-0.082,4.725,Belgium_waterinfo,0,nein
04dij07a-1066.csv,51.0236,4.4969,2026,"Mechelen Stuw Opwaarts, Belgium",harmonics_utide_observations.txt,30,52359,0.7314,2.258,10,-1.013,2.97,Belgium_waterinfo,0,nein
04dij07a-1066.csv,51.0236,4.4969,2026,"Mechelen Benedensluis, Belgium",harmonics_utide_observations.txt,2370,52359,0.3964,1.914,-10,0.23,5.48,Belgium_waterinfo,0,nein
04dij08a-1066.csv,51.0234,4.4970,2026,"Mechelen Stuw Opwaarts, Belgium",harmonics_utide_observations.txt,0,52561,0.7843,2.265,-10,0.081,2.97,Belgium_waterinfo,0,nein
04dij08a-1066.csv,51.0234,4.4970,2026,"Mechelen Stuw Afwaarts, Belgium",harmonics_utide_observations.txt,30,52561,1.0186,2.545,-20,1.011,4.725,Belgium_waterinfo,0,nein
04dij08a-1066.csv,51.0234,4.4970,2026,"Mechelen Benedensluis, Belgium",harmonics_utide_observations.txt,2392,52561,1.1659,2.879,-30,1.324,5.48,Belgium_waterinfo,0,nein
04dur01a-1066.csv,51.1096,4.1739,2026,"Tielrode, Belgium",harmonics_utide_observations.txt,0,52561,0.309,2.341,0,0.002,6.774,Belgium_waterinfo,0,nein
04dur01a-1066.csv,51.1096,4.1739,2026,"Driegoten, Belgium",harmonics_utide_observations.txt,1910,52561,0.313,2.361,0,-0.017,6.777,Belgium_waterinfo,0,nein
04dur01a-1066.csv,51.1096,4.1739,2026,"Hamme, Belgium",harmonics_utide_observations.txt,2111,52561,0.3415,2.185,10,-0.12,6.367,Belgium_waterinfo,0,nein
04dur01x-1066.csv,51.1063,4.1442,2026,"Hamme, Belgium",harmonics_utide_observations.txt,0,52561,0.3031,2.22,0,-0.055,6.367,Belgium_waterinfo,0,nein
04dur01x-1066.csv,51.1063,4.1442,2026,"Tielrode, Belgium",harmonics_utide_observations.txt,2111,52561,0.3242,2.386,-10,0.067,6.774,Belgium_waterinfo,0,nein
04dur01x-1066.csv,51.1063,4.1442,2026,"Driegoten, Belgium",harmonics_utide_observations.txt,2417,52561,0.329,2.286,0,0.048,6.777,Belgium_waterinfo,0,nein
04dur04a-1066.csv,51.1019,4.0878,2026,"Waasmunster Brug, Belgium",harmonics_utide_observations.txt,1,52557,0.2616,1.919,0,0.031,4.371,Belgium_waterinfo,0,nein
04dur04a-1066.csv,51.1019,4.0878,2026,"Waasmunster Manta, Belgium",harmonics_utide_observations.txt,1596,52557,0.537,2.281,20,-0.883,2.659,Belgium_waterinfo,0,nein
04dur05a-1066.csv,51.1079,4.0671,2026,"Waasmunster Manta, Belgium",harmonics_utide_observations.txt,0,52561,0.2274,1.686,0,-0.198,2.659,Belgium_waterinfo,0,nein
04dur05a-1066.csv,51.1079,4.0671,2026,"Waasmunster Brug, Belgium",harmonics_utide_observations.txt,1595,52561,0.4983,1.986,-20,0.716,4.371,Belgium_waterinfo,0,nein
04gnt02a-1066.csv,51.1272,4.6490,2026,"Kessel, Belgium",harmonics_utide_observations.txt,0,52561,0.2656,1.55,0,-0.205,2.497,Belgium_waterinfo,0,nein
04knt01a-1066.csv,51.1580,4.6086,2026,"Emblem, Belgium",harmonics_utide_observations.txt,0,52474,0.261,1.68,0,-0.176,2.86,Belgium_waterinfo,0,nein
04zen01a-1066.csv,51.0152,4.4489,2026,"Hombeek, Belgium",harmonics_utide_observations.txt,0,52561,0.3037,2.043,0,-0.081,4.581,Belgium_waterinfo,0,nein
04zen01a-1066.csv,51.0152,4.4489,2026,"Mechelen Benedensluis, Belgium",harmonics_utide_observations.txt,2422,52561,0.3636,2.016,-10,0.145,5.48,Belgium_waterinfo,0,nein
04zen01a-1066.csv,51.0152,4.4489,2026,"Zemst, Belgium",harmonics_utide_observations.txt,2463,52561,0.5328,2.294,10,-0.557,3.691,Belgium_waterinfo,0,nein
04zen02a-1066.csv,50.9952,4.4641,2026,"Zemst, Belgium",harmonics_utide_observations.txt,0,52265,0.3851,6.103,0,-0.094,3.691,Belgium_waterinfo,0,nein
04zen02a-1066.csv,50.9952,4.4641,2026,"Hombeek, Belgium",harmonics_utide_observations.txt,2463,52265,0.5532,6.519,-10,0.381,4.581,Belgium_waterinfo,0,nein
04zes01a-1066.csv,51.3483,4.2379,2026,"Prosperpolder (Schelde), Belgium",harmonics_utide_observations.txt,0,52561,0.2828,2.075,0,0.082,6.559,Belgium_waterinfo,0,nein
04zes01a-1066.csv,51.3483,4.2379,2026,"Prosperpolder (Schelde), Belgium",harmonics_ticon4_worldwide.txt,968,52561,0.3431,1.81,-20,2.585,5.938,Belgium_waterinfo,0,nein
04zes01a-1066.csv,51.3483,4.2379,2026,"Zandvliet, Belgium",harmonics_utide_observations.txt,2268,52561,0.2847,2.081,0,0.082,6.572,Belgium_waterinfo,0,nein
04zes10a-1066.csv,51.2964,4.2860,2026,"Liefkenshoek, Belgium",harmonics_utide_observations.txt,1,52561,0.2858,2.147,0,0.03,6.71,Belgium_waterinfo,0,nein
04zes14a-1066.csv,51.2680,4.2985,2026,"Kallosluis, Belgium",harmonics_utide_observations.txt,0,52561,0.2916,2.192,0,0.045,6.849,Belgium_waterinfo,0,nein
04zes21a-1066.csv,51.2275,4.3999,2026,"Antwerpen, Belgium",harmonics_utide_observations.txt,0,52561,0.2938,2.237,0,0.024,6.817,Belgium_waterinfo,0,nein
04zes28a-1066.csv,51.1433,4.3301,2026,"Hemiksem, Belgium",harmonics_utide_observations.txt,0,52522,0.2976,2.244,0,0.025,6.86,Belgium_waterinfo,0,nein
04zes28a-1066.csv,51.1433,4.3301,2026,"Schelle, Belgium",harmonics_utide_observations.txt,2170,52522,0.3008,2.346,0,-0.022,6.925,Belgium_waterinfo,0,nein
04zes36a-1066.csv,51.1228,4.2187,2026,"Temse, Belgium",harmonics_utide_observations.txt,0,52561,0.3042,2.3,0,0.012,6.78,Belgium_waterinfo,0,nein
04zes39a-1066.csv,51.0926,4.1710,2026,"Driegoten, Belgium",harmonics_utide_observations.txt,0,52561,0.3111,2.361,0,-0.018,6.777,Belgium_waterinfo,0,nein
04zes39a-1066.csv,51.0926,4.1710,2026,"Tielrode, Belgium",harmonics_utide_observations.txt,1910,52561,0.308,2.342,0,0.001,6.774,Belgium_waterinfo,0,nein
04zes39a-1066.csv,51.0926,4.1710,2026,"Hamme, Belgium",harmonics_utide_observations.txt,2416,52561,0.34,2.285,0,-0.121,6.367,Belgium_waterinfo,0,nein
04zes42a-1066.csv,51.0526,4.1972,2026,"Sint-Amands, Belgium",harmonics_utide_observations.txt,0,52517,0.3096,4.804,0,-0.0,6.401,Belgium_waterinfo,0,nein
04zes47a-1066.csv,51.0346,4.1039,2026,"Dendermonde, Belgium",harmonics_utide_observations.txt,0,52561,0.3202,2.091,0,0.001,5.231,Belgium_waterinfo,0,nein
04zes47a-1066.csv,51.0346,4.1039,2026,"Dendermonde Afwaarts DVW, Belgium",harmonics_utide_observations.txt,1572,52561,0.3576,1.987,10,-0.121,4.881,Belgium_waterinfo,0,nein
04zes48y-1066.csv,51.0054,4.0121,2026,"Schoonaarde Brug, Belgium",harmonics_utide_observations.txt,0,52561,0.3132,2.029,0,-0.12,4.512,Belgium_waterinfo,0,nein
04zes48y-1066.csv,51.0054,4.0121,2026,"Schoonaarde, Belgium",harmonics_utide_observations.txt,325,52561,0.3337,1.897,10,-0.12,4.15,Belgium_waterinfo,0,nein
04zes52a-1066.csv,51.0127,3.9597,2026,"Uitbergen, Belgium",harmonics_utide_observations.txt,0,11446,0.4351,3.23,0,-0.017,4.067,Belgium_waterinfo,0,nein
04zes55c-1066.csv,51.0071,3.8767,2026,"Wetteren Brug, Belgium",harmonics_utide_observations.txt,0,52560,0.3691,2.5,0,-0.042,3.748,Belgium_waterinfo,0,nein
04zes55c-1066.csv,51.0071,3.8767,2026,"Wetteren, Belgium",harmonics_utide_observations.txt,375,52560,0.3711,2.575,0,-0.045,3.515,Belgium_waterinfo,0,nein
04zes57a-1066.csv,51.0043,3.8053,2026,"Melle, Belgium",harmonics_utide_observations.txt,1,11354,0.5724,1.938,0,0.019,3.61,Belgium_waterinfo,0,nein
04zes58a-1066.csv,51.0471,3.7472,2026,"Gentbrugge, Belgium",harmonics_utide_observations.txt,1,52426,0.0812,1.106,-20,0.025,0.471,Belgium_waterinfo,0,nein
00365_Yarmouth.csv,43.8323,-66.1250,2026,"Yarmouth, New Brunswick, Canada",harmonics_utide_observations.txt,0,35023,0.1239,0.74,0,0.028,4.927,Canada_IWLS,0,nein
00365_Yarmouth.csv,43.8323,-66.1250,2026,"Yarmouth, Nova Scotia, Canada",harmonics_ticon4_worldwide.txt,6,35023,0.1274,0.733,0,2.743,4.932,Canada_IWLS,0,nein
00365_Yarmouth.csv,43.8323,-66.1250,2026,"Bunker Island Wharf, Nova Scotia, Canada",harmonics-2004-06-14_mod.txt,1745,35023,0.174,0.824,0,0.159,4.636,Canada_IWLS,0,nein
00365_Yarmouth.csv,43.8323,-66.1250,2026,"Bunker Island Wharf, Nova Scotia, Canada",harmonics_utide_tidetables.txt,1746,35023,0.1848,0.865,0,0.149,4.57,Canada_IWLS,0,nein
00365_Yarmouth.csv,43.8323,-66.1250,2026,"Bunker Island Light, Nova Scotia, Canada",harmonics-2004-06-14_mod.txt,2662,35023,0.1837,0.857,0,0.114,4.691,Canada_IWLS,0,nein
00365_Yarmouth.csv,43.8323,-66.1250,2026,"Bunker Island Light, Nova Scotia, Canada",harmonics_utide_tidetables.txt,2665,35023,0.1887,0.859,0,0.094,4.587,Canada_IWLS,0,nein
00491_Bedford_Institute.csv,44.6823,-63.6132,2026,"Bedford Institute, Nova Scotia, Canada",harmonics_utide_observations.txt,0,34989,0.1189,0.62,0,0.011,2.192,Canada_IWLS,0,nein
00491_Bedford_Institute.csv,44.6823,-63.6132,2026,"Bedford Institute, Nova Scotia, Canada",harmonics_utide_tidetables.txt,0,34989,0.1284,0.631,0,0.083,2.109,Canada_IWLS,0,nein
00491_Bedford_Institute.csv,44.6823,-63.6132,2026,"Bedford Institute, Nova Scotia, Canada",harmonics_ticon4_worldwide.txt,18,34989,0.1211,0.64,0,1.197,2.153,Canada_IWLS,0,nein
00575_Port_Hawkesbury.csv,45.6144,-61.3656,2026,"Port Hawkesbury, Nova Scotia, Canada",harmonics_utide_observations.txt,0,35022,0.12,0.657,0,-0.002,2.033,Canada_IWLS,0,nein
00575_Port_Hawkesbury.csv,45.6144,-61.3656,2026,"Point Tupper, Nova Scotia, Canada",harmonics_utide_tidetables.txt,2100,35022,0.1301,0.717,0,0.286,1.96,Canada_IWLS,0,nein
00575_Port_Hawkesbury.csv,45.6144,-61.3656,2026,"Point Tupper, Nova Scotia, Canada",harmonics_ticon4_worldwide.txt,2126,35022,0.1234,0.675,0,1.187,2.009,Canada_IWLS,0,nein
00612_North_Sydney.csv,46.2090,-60.2453,2026,"North Sydney, Nova Scotia, Canada",harmonics_ticon4_worldwide.txt,0,35038,0.1228,0.586,0,0.966,1.532,Canada_IWLS,0,nein
00612_North_Sydney.csv,46.2090,-60.2453,2026,"North Sydney, Nova Scotia, Canada",harmonics_utide_observations.txt,0,35038,0.1211,0.596,0,0.02,1.518,Canada_IWLS,0,nein
00612_North_Sydney.csv,46.2090,-60.2453,2026,"North Sydney, Nova Scotia, Canada",harmonics_utide_tidetables.txt,0,35038,0.1239,0.614,0,0.109,1.536,Canada_IWLS,0,nein
00665_Port_aux_Basques.csv,47.5802,-59.1390,2026,"Port Aux Basques, Newfoundland, Canada",harmonics_utide_observations.txt,1,35031,0.1244,0.583,20,0.094,1.658,Canada_IWLS,0,nein
00665_Port_aux_Basques.csv,47.5802,-59.1390,2026,"Port Aux Basques, Newfoundland, Canada",harmonics_utide_tidetables.txt,1,35031,0.1246,0.603,0,0.101,1.678,Canada_IWLS,0,nein
00665_Port_aux_Basques.csv,47.5802,-59.1390,2026,"Port Aux Basques, Newfoundland, Canada",harmonics_ticon4_worldwide.txt,27,35031,0.1242,0.615,0,1.33,1.672,Canada_IWLS,0,nein
00755_St_Lawrence.csv,46.9168,-55.3901,2026,"St. Lawrence, Newfoundland, Canada",harmonics_utide_observations.txt,0,34637,0.1512,0.972,0,0.028,2.314,Canada_IWLS,0,nein
00755_St_Lawrence.csv,46.9168,-55.3901,2026,"St. Lawrence, Newfoundland, Canada",harmonics_utide_tidetables.txt,0,34637,0.1538,0.956,0,0.1,2.306,Canada_IWLS,0,nein
00835_Argentia.csv,47.2900,-53.9919,2026,"Argentia, Newfoundland, Canada",harmonics_utide_tidetables.txt,0,30161,0.1272,0.805,0,0.123,2.493,Canada_IWLS,0,nein
00835_Argentia.csv,47.2900,-53.9919,2026,"Argentia, Newfoundland, Canada",harmonics_utide_observations.txt,0,30161,0.1264,0.79,0,0.051,2.488,Canada_IWLS,0,nein
00905_St_Johns.csv,47.5671,-52.7023,2026,"St. John's, Newfoundland, Canada",harmonics_utide_observations.txt,1,35016,0.1376,1.085,0,0.132,1.604,Canada_IWLS,0,nein
00905_St_Johns.csv,47.5671,-52.7023,2026,"St. John's, Newfoundland, Canada",harmonics_utide_tidetables.txt,1,35016,0.1373,1.096,0,0.127,1.592,Canada_IWLS,0,nein
00905_St_Johns.csv,47.5671,-52.7023,2026,"St. John's, Newfoundland, Canada",harmonics_ticon4_worldwide.txt,15,35016,0.1386,1.094,0,0.212,1.57,Canada_IWLS,0,nein
00990_Bonavista.csv,48.6506,-53.1158,2026,"Bonavista, Newfoundland, Canada",harmonics_utide_observations.txt,1,35028,0.129,0.84,0,0.046,1.476,Canada_IWLS,0,nein
00990_Bonavista.csv,48.6506,-53.1158,2026,"Bonavista, Newfoundland, Canada",harmonics_utide_tidetables.txt,1,35028,0.131,0.854,0,0.098,1.474,Canada_IWLS,0,nein
02000_Escuminac.csv,47.0822,-64.8856,2026,"Escuminac, New Brunswick, Canada",harmonics_utide_tidetables.txt,0,35026,0.1594,0.84,0,0.074,1.625,Canada_IWLS,0,nein
02145_Belledune.csv,47.9089,-65.8459,2026,"Belledune, New Brunswick, Canada",harmonics_utide_tidetables.txt,0,35032,0.1606,0.848,0,0.066,2.724,Canada_IWLS,0,nein
02145_Belledune.csv,47.9089,-65.8459,2026,"Belledune, New Brunswick, Canada",harmonics_utide_observations.txt,6,35032,0.1603,0.848,0,-0.018,2.693,Canada_IWLS,0,nein
02330_Rivière-au-Renard.csv,48.9970,-64.3805,2026,"Rivière-au-Renard, Québec, Canada",harmonics_utide_observations.txt,0,35017,0.1319,0.62,0,-0.001,2.244,Canada_IWLS,0,nein
02330_Rivière-au-Renard.csv,48.9970,-64.3805,2026,"Rivière-au-Renard, Québec, Canada",harmonics_utide_tidetables.txt,0,35017,0.1318,0.623,0,0.078,2.255,Canada_IWLS,0,nein
02330_Rivière-au-Renard.csv,48.9970,-64.3805,2026,"Riviere-au-Renard, Québec, Canada",harmonics-dwf-20100529-nonfree_mod.txt,15,35017,0.133,0.613,0,0.074,2.262,Canada_IWLS,0,nein
02780_Sept-Îles.csv,50.2004,-66.3851,2026,"Sept-Îles, Québec, Canada",harmonics_utide_tidetables.txt,0,35013,0.1627,0.851,0,0.036,3.586,Canada_IWLS,0,nein
02780_Sept-Îles.csv,50.2004,-66.3851,2026,"Sept-Îles, Québec, Canada",harmonics-dwf-20100529-nonfree_mod.txt,16,35013,0.1627,0.854,0,-0.012,3.594,Canada_IWLS,0,nein
02780_Sept-Îles.csv,50.2004,-66.3851,2026,"Sept Iles, Québec, Canada",harmonics_noaa_amtt.txt,2103,35013,0.3071,1.195,10,0.09,3.791,Canada_IWLS,0,nein
03057_Saint-Joseph-de-la-Rive.csv,47.4488,-70.3655,2026,"Saint-Joseph-de-la-Rive, Québec, Canada",harmonics_utide_tidetables.txt,0,34972,0.221,1.2,0,0.035,6.905,Canada_IWLS,0,nein
03100_Saint-François_IO.csv,46.9965,-70.8082,2026,"Saint-François-de-l'Île-d'Orléans, Québec, Canada",harmonics_utide_tidetables.txt,0,35023,0.259,1.643,0,-0.01,6.505,Canada_IWLS,0,nein
03100_Saint-François_IO.csv,46.9965,-70.8082,2026,"Saint-François-de-l'Île-d'Orléans, Québec, Canada",harmonics-dwf-20100529-nonfree_mod.txt,17,35023,0.2497,1.567,0,0.0,6.499,Canada_IWLS,0,nein
03110_Saint-Laurent_IO.csv,46.8582,-71.0033,2026,"Saint-Laurent-de-l'Île-d'Orléans, Québec, Canada",harmonics_utide_observations.txt,0,35020,0.2621,1.635,0,-0.053,6.251,Canada_IWLS,0,nein
03110_Saint-Laurent_IO.csv,46.8582,-71.0033,2026,"Saint-Laurent-de-l'Île-d'Orléans, Québec, Canada",harmonics_utide_tidetables.txt,0,35020,0.2752,1.674,0,-0.079,6.31,Canada_IWLS,0,nein
03110_Saint-Laurent_IO.csv,46.8582,-71.0033,2026,"St. Laurent d' Orleans, Québec, Canada",harmonics_noaa_amtt.txt,982,35020,0.4042,2.004,0,-0.109,6.217,Canada_IWLS,0,nein
03248_Vieux-Québec.csv,46.8111,-71.2018,2026,"Vieux-Québec, Québec, Canada",harmonics_utide_observations.txt,0,34061,0.2614,1.638,0,-0.061,6.006,Canada_IWLS,0,nein
03248_Vieux-Québec.csv,46.8111,-71.2018,2026,"Vieux-Québec, Québec, Canada",harmonics_utide_tidetables.txt,0,34061,0.2733,1.662,0,0.003,6.057,Canada_IWLS,0,nein
03248_Vieux-Québec.csv,46.8111,-71.2018,2026,"Estuaire-de-la-Saint-Charles, Québec, Canada",harmonics_ticon4_worldwide.txt,1571,34061,0.293,1.62,0,2.591,6.09,Canada_IWLS,0,nein
03248_Vieux-Québec.csv,46.8111,-71.2018,2026,"Immigration Wharf, Québec, Canada",harmonics_utide_tidetables.txt,2815,34061,0.268,1.649,0,-0.008,6.027,Canada_IWLS,0,nein
03280_Neuville.csv,46.6965,-71.5728,2026,"Neuville, Québec, Canada",harmonics_utide_tidetables.txt,0,35021,0.2755,1.457,0,-0.05,5.191,Canada_IWLS,0,nein
03335_Deschaillons-sur-Saint-Laurent.csv,46.5610,-72.1062,2026,"Deschaillons-sur-Saint-Laurent, Québec, Canada",harmonics_utide_observations.txt,0,35021,0.3083,1.179,0,-0.202,3.297,Canada_IWLS,0,nein
03335_Deschaillons-sur-Saint-Laurent.csv,46.5610,-72.1062,2026,"Deschaillons-sur-Saint-Laurent, Québec, Canada",harmonics_utide_tidetables.txt,0,35021,0.3451,1.165,10,-0.328,3.199,Canada_IWLS,0,nein
03335_Deschaillons-sur-Saint-Laurent.csv,46.5610,-72.1062,2026,"Les Bricailles, Québec, Canada",harmonics_utide_tidetables.txt,2484,35021,0.3768,1.228,30,-0.294,2.838,Canada_IWLS,0,nein
03345_Batiscan.csv,46.5003,-72.2458,2026,"Batiscan, Québec, Canada",harmonics_utide_tidetables.txt,0,35020,0.3614,0.983,0,-0.354,2.506,Canada_IWLS,0,nein
03345_Batiscan.csv,46.5003,-72.2458,2026,"Batiscan, Québec, Canada",harmonics_ticon4_worldwide.txt,4,35020,0.3138,0.992,-10,1.194,2.626,Canada_IWLS,0,nein
03353_Bécancour.csv,46.4003,-72.3795,2026,"Bécancour, Québec, Canada",harmonics_utide_tidetables.txt,0,34995,0.3865,0.972,20,-0.422,2.218,Canada_IWLS,0,nein
03353_Bécancour.csv,46.4003,-72.3795,2026,"Becancour, Québec, Canada",harmonics_ticon4_worldwide.txt,3,34995,0.3613,1.039,0,0.89,2.248,Canada_IWLS,0,nein
03360_Trois-Rivières.csv,46.3405,-72.5392,2026,"Trois-Rivières, Québec, Canada",harmonics_utide_tidetables.txt,0,34956,0.4262,1.067,20,-0.473,1.934,Canada_IWLS,0,nein
03360_Trois-Rivières.csv,46.3405,-72.5392,2026,"Trois-Rivieres, Québec, Canada",harmonics_ticon4_worldwide.txt,2,34956,0.3817,1.037,10,0.871,2.011,Canada_IWLS,0,nein
03424_Baie-Sainte-Catherine.csv,48.1263,-69.7297,2026,"Baie-Sainte-Catherine, Québec, Canada",harmonics_utide_observations.txt,0,35013,0.1881,1.137,0,-0.02,5.689,Canada_IWLS,0,nein
03424_Baie-Sainte-Catherine.csv,48.1263,-69.7297,2026,"Baie-Sainte-Catherine, Québec, Canada",harmonics_utide_tidetables.txt,0,35013,0.1918,1.13,0,0.002,5.632,Canada_IWLS,0,nein
03424_Baie-Sainte-Catherine.csv,48.1263,-69.7297,2026,"Tadoussac, Québec, Canada",harmonics_ticon4_worldwide.txt,1723,35013,0.19,1.049,-10,2.435,5.741,Canada_IWLS,0,nein
03424_Baie-Sainte-Catherine.csv,48.1263,-69.7297,2026,"Tadoussac, Québec, Canada",harmonics_utide_tidetables.txt,1723,35013,0.1899,1.049,-10,0.033,5.749,Canada_IWLS,0,nein
03460_Port-Alfred.csv,48.3339,-70.8693,2026,"Port-Alfred, Québec, Canada",harmonics_utide_tidetables.txt,0,35014,0.2166,1.289,0,0.01,6.652,Canada_IWLS,0,nein
03480_Chicoutimi.csv,48.4308,-71.0548,2026,"Chicoutimi, Québec, Canada",harmonics_utide_tidetables.txt,0,35022,0.3305,1.328,10,-0.07,5.977,Canada_IWLS,0,nein
06380_Ulukhaktok.csv,70.7365,-117.7563,2026,"Ulukhaktok, Northwest Territories, Canada",harmonics_utide_tidetables.txt,0,35041,0.1249,0.482,0,0.054,0.876,Canada_IWLS,0,nein
06485_Tuktoyaktuk.csv,69.4382,-132.9944,2026,"Tuktoyaktuk, Northwest Territories, Canada",harmonics_utide_tidetables.txt,0,35041,0.2203,2.036,0,0.22,0.705,Canada_IWLS,0,nein
07277_Patricia_Bay.csv,48.6536,-123.4515,2026,"Patricia Bay, British Columbia, Canada",harmonics_utide_observations.txt,0,35041,0.1097,0.524,0,0.004,4.108,Canada_IWLS,0,nein
07277_Patricia_Bay.csv,48.6536,-123.4515,2026,"Patricia Bay, British Columbia, Canada",harmonics_utide_tidetables.txt,0,35041,0.1079,0.494,0,0.074,4.06,Canada_IWLS,0,nein
07594_Sand_Heads.csv,49.1052,-123.3042,2026,"Sand Heads Lighthouse, British Columbia, Canada",harmonics_utide_observations.txt,0,35031,0.1189,0.581,0,0.016,5.081,Canada_IWLS,0,nein
07594_Sand_Heads.csv,49.1052,-123.3042,2026,"Sand Heads Lighthouse, British Columbia, Canada",harmonics_utide_tidetables.txt,0,35031,0.1202,0.612,0,0.081,4.999,Canada_IWLS,0,nein
07607_Steveston.csv,49.1245,-123.1922,2026,"Steveston, British Columbia, Canada",harmonics_utide_tidetables.txt,0,35041,0.1481,0.69,0,-0.029,4.422,Canada_IWLS,0,nein
07610_Woodwards_Landing.csv,49.1251,-123.0754,2026,"Woodward's Landing, British Columbia, Canada",harmonics_utide_tidetables.txt,0,34699,0.1294,0.672,0,-0.061,4.205,Canada_IWLS,0,nein
07654_New_Westminster.csv,49.2000,-122.9100,2026,"New Westminster, British Columbia, Canada",harmonics_utide_tidetables.txt,0,35033,0.2053,0.804,10,0.044,3.265,Canada_IWLS,0,nein
07707_Kitsilano.csv,49.2766,-123.1394,2026,"Kitsilano, British Columbia, Canada",harmonics_utide_observations.txt,0,35039,0.1191,0.595,0,0.014,5.178,Canada_IWLS,0,nein
07707_Kitsilano.csv,49.2766,-123.1394,2026,"Kitsilano, British Columbia, Canada",harmonics_utide_tidetables.txt,0,35039,0.1218,0.605,0,0.056,5.118,Canada_IWLS,0,nein
07707_Kitsilano.csv,49.2766,-123.1394,2026,"False Creek, British Columbia, Canada",harmonics_utide_tidetables.txt,1535,35039,0.1758,0.884,10,0.185,5.16,Canada_IWLS,0,nein
07724_Calamity_Point.csv,49.3126,-123.1277,2026,"Calamity Point, British Columbia, Canada",harmonics_utide_observations.txt,0,35035,0.1279,0.647,0,0.007,5.036,Canada_IWLS,0,nein
07724_Calamity_Point.csv,49.3126,-123.1277,2026,"Calamity Point, British Columbia, Canada",harmonics_utide_tidetables.txt,0,35035,0.1191,0.618,0,0.017,5.107,Canada_IWLS,0,nein
07724_Calamity_Point.csv,49.3126,-123.1277,2026,"Ambleside, British Columbia, Canada",harmonics_utide_observations.txt,2440,35035,0.1245,0.586,-10,-0.096,5.18,Canada_IWLS,0,nein
07724_Calamity_Point.csv,49.3126,-123.1277,2026,"Ambleside, British Columbia, Canada",harmonics_utide_tidetables.txt,2440,35035,0.1272,0.578,-10,-0.014,5.167,Canada_IWLS,0,nein
07735_Vancouver.csv,49.2863,-123.0997,2026,"Vancouver (CRAB Park at Portside), British Columbia, Canada",harmonics_utide_observations.txt,0,35040,0.1203,0.576,0,0.012,5.211,Canada_IWLS,0,nein
07735_Vancouver.csv,49.2863,-123.0997,2026,"Vancouver (CRAB Park at Portside), British Columbia, Canada",harmonics_utide_tidetables.txt,0,35040,0.1192,0.615,0,0.063,5.103,Canada_IWLS,0,nein
07735_Vancouver.csv,49.2863,-123.0997,2026,"False Creek, British Columbia, Canada",harmonics_utide_tidetables.txt,2250,35040,0.1817,0.827,-10,0.137,5.16,Canada_IWLS,0,nein
07755_Port_Moody.csv,49.2877,-122.8658,2026,"Port Moody, British Columbia, Canada",harmonics_utide_observations.txt,0,35041,0.1249,0.655,0,0.011,5.375,Canada_IWLS,0,nein
07755_Port_Moody.csv,49.2877,-122.8658,2026,"Port Moody, British Columbia, Canada",harmonics_utide_tidetables.txt,0,35041,0.129,0.716,0,0.147,5.333,Canada_IWLS,0,nein
07774_Indian_Arm_Head.csv,49.4618,-122.8861,2026,"Indian Arm Head, British Columbia, Canada",harmonics_utide_tidetables.txt,0,34742,0.1311,0.668,0,-0.102,5.306,Canada_IWLS,0,nein
07780_Ambleside.csv,49.3258,-123.1546,2026,"Ambleside, British Columbia, Canada",harmonics_utide_observations.txt,0,35040,0.1196,0.599,0,0.004,5.18,Canada_IWLS,0,nein
07780_Ambleside.csv,49.3258,-123.1546,2026,"Ambleside, British Columbia, Canada",harmonics_utide_tidetables.txt,0,35040,0.1224,0.606,0,0.085,5.166,Canada_IWLS,0,nein
07780_Ambleside.csv,49.3258,-123.1546,2026,"Calamity Point, British Columbia, Canada",harmonics_utide_observations.txt,2441,35040,0.131,0.684,10,0.106,5.036,Canada_IWLS,0,nein
07780_Ambleside.csv,49.3258,-123.1546,2026,"Calamity Point, British Columbia, Canada",harmonics_utide_tidetables.txt,2441,35040,0.1208,0.652,10,0.117,5.106,Canada_IWLS,0,nein
07786_Sandy_Cove.csv,49.3405,-123.2319,2026,"Sandy Cove, British Columbia, Canada",harmonics_utide_observations.txt,0,35041,0.1194,0.569,0,0.007,5.152,Canada_IWLS,0,nein
07786_Sandy_Cove.csv,49.3405,-123.2319,2026,"Sandy Cove, British Columbia, Canada",harmonics_utide_tidetables.txt,0,35041,0.1203,0.626,0,0.049,5.102,Canada_IWLS,0,nein
07786_Sandy_Cove.csv,49.3405,-123.2319,2026,"Point Atkinson, British Columbia, Canada",harmonics_utide_observations.txt,1606,35041,0.1192,0.564,0,0.008,5.154,Canada_IWLS,0,nein
07786_Sandy_Cove.csv,49.3405,-123.2319,2026,"Point Atkinson, British Columbia, Canada",harmonics_utide_tidetables.txt,1606,35041,0.1193,0.608,0,0.049,5.097,Canada_IWLS,0,nein
07786_Sandy_Cove.csv,49.3405,-123.2319,2026,"Atkinson Point, Burrard Inlet, British Columbia, Canada",harmonics_noaa_amtt.txt,2954,35041,0.1369,0.623,-10,0.487,5.117,Canada_IWLS,0,nein
07795_Point_Atkinson.csv,49.3375,-123.2536,2026,"Point Atkinson, British Columbia, Canada",harmonics_utide_observations.txt,0,35041,0.1199,0.567,0,0.007,5.154,Canada_IWLS,0,nein
07795_Point_Atkinson.csv,49.3375,-123.2536,2026,"Point Atkinson, British Columbia, Canada",harmonics_utide_tidetables.txt,0,35041,0.1203,0.611,0,0.047,5.097,Canada_IWLS,0,nein
07795_Point_Atkinson.csv,49.3375,-123.2536,2026,"Sandy Cove, British Columbia, Canada",harmonics_utide_observations.txt,1606,35041,0.1201,0.573,0,0.006,5.152,Canada_IWLS,0,nein
07795_Point_Atkinson.csv,49.3375,-123.2536,2026,"Sandy Cove, British Columbia, Canada",harmonics_utide_tidetables.txt,1606,35041,0.1212,0.63,0,0.047,5.102,Canada_IWLS,0,nein
07795_Point_Atkinson.csv,49.3375,-123.2536,2026,"Atkinson Point, Burrard Inlet, British Columbia, Canada",harmonics_noaa_amtt.txt,2327,35041,0.1377,0.646,-10,0.486,5.117,Canada_IWLS,0,nein
07808_Darrell_Bay.csv,49.6690,-123.1690,2026,"Darrell Bay, British Columbia, Canada",harmonics_utide_observations.txt,0,35021,0.129,0.668,0,0.012,5.221,Canada_IWLS,0,nein
07808_Darrell_Bay.csv,49.6690,-123.1690,2026,"Darrell Bay, British Columbia, Canada",harmonics_utide_tidetables.txt,0,35021,0.1322,0.617,0,0.06,5.213,Canada_IWLS,0,nein
07917_Nanaimo_Harbour.csv,49.1628,-123.9235,2026,"Nanaimo Harbour, British Columbia, Canada",harmonics_utide_observations.txt,0,35041,0.1131,0.554,0,0.003,5.249,Canada_IWLS,0,nein
07917_Nanaimo_Harbour.csv,49.1628,-123.9235,2026,"Nanaimo Harbour, British Columbia, Canada",harmonics_utide_tidetables.txt,0,35041,0.1163,0.568,0,0.007,5.197,Canada_IWLS,0,nein
08074_Campbell_River.csv,50.0420,-125.2470,2026,"Campbell River, British Columbia, Canada",harmonics_utide_observations.txt,0,35040,0.1224,0.603,0,-0.029,4.344,Canada_IWLS,0,nein
08074_Campbell_River.csv,50.0420,-125.2470,2026,"Campbell River, British Columbia, Canada",harmonics_utide_tidetables.txt,0,35040,0.124,0.549,0,-0.103,4.33,Canada_IWLS,0,nein
08074_Campbell_River.csv,50.0420,-125.2470,2026,"Quathiaski Cove, British Columbia, Canada",harmonics_utide_tidetables.txt,2144,35040,0.136,0.6,10,-0.022,4.435,Canada_IWLS,0,nein
08408_Port_Hardy.csv,50.7220,-127.4890,2026,"Port Hardy, British Columbia, Canada",harmonics_utide_observations.txt,0,35041,0.1105,0.488,0,0.006,5.552,Canada_IWLS,0,nein
08408_Port_Hardy.csv,50.7220,-127.4890,2026,"Port Hardy, British Columbia, Canada",harmonics_utide_tidetables.txt,0,35041,0.1098,0.486,0,-0.016,5.518,Canada_IWLS,0,nein
08525_Port_Renfrew.csv,48.5550,-124.4210,2026,"Port Renfrew, British Columbia, Canada",harmonics_utide_observations.txt,0,34888,0.1059,0.505,0,0.025,3.839,Canada_IWLS,0,nein
08525_Port_Renfrew.csv,48.5550,-124.4210,2026,"Port Renfrew, British Columbia, Canada",harmonics_utide_tidetables.txt,0,34888,0.1062,0.476,0,0.051,3.801,Canada_IWLS,0,nein
08525_Port_Renfrew.csv,48.5550,-124.4210,2026,"Port San Juan, British Columbia, Canada",harmonics_noaa_amtt.txt,640,34888,0.3097,0.933,-10,-0.083,4.459,Canada_IWLS,0,nein
08575_Port_Alberni.csv,49.2256,-124.8136,2026,"Port Alberni, British Columbia, Canada",harmonics_utide_observations.txt,0,35039,0.1242,0.683,0,0.011,4.155,Canada_IWLS,0,nein
08575_Port_Alberni.csv,49.2256,-124.8136,2026,"Port Alberni, British Columbia, Canada",harmonics_utide_tidetables.txt,0,35039,0.1235,0.711,0,-0.014,4.115,Canada_IWLS,0,nein
08735_Winter_Harbour.csv,50.5130,-128.0290,2026,"Winter Harbour, British Columbia, Canada",harmonics_ticon4_worldwide.txt,0,35035,0.1471,0.703,0,2.234,4.468,Canada_IWLS,0,nein
08735_Winter_Harbour.csv,50.5130,-128.0290,2026,"Winter Harbour, British Columbia, Canada",harmonics_utide_observations.txt,0,35035,0.1412,0.681,0,0.033,4.548,Canada_IWLS,0,nein
08735_Winter_Harbour.csv,50.5130,-128.0290,2026,"Winter Harbour, British Columbia, Canada",harmonics_utide_tidetables.txt,0,35035,0.1431,0.645,0,0.014,4.443,Canada_IWLS,0,nein
08863_Pruth_Bay.csv,51.6545,-128.1295,2026,"Pruth Bay, British Columbia, Canada",harmonics_utide_observations.txt,1,35041,0.1164,0.488,0,0.008,5.273,Canada_IWLS,0,nein
08976_Bella_Bella.csv,52.1630,-128.1430,2026,"Bella Bella, British Columbia, Canada",harmonics_utide_observations.txt,0,35041,0.119,0.507,0,0.016,5.422,Canada_IWLS,0,nein
08976_Bella_Bella.csv,52.1630,-128.1430,2026,"Bella Bella, British Columbia, Canada",harmonics_utide_tidetables.txt,36,35041,0.1182,0.492,0,0.035,5.414,Canada_IWLS,0,nein
09130_Hartley_Bay.csv,53.4242,-129.2519,2026,"Hartley Bay, British Columbia, Canada",harmonics_utide_observations.txt,0,35041,0.127,0.583,0,0.018,6.317,Canada_IWLS,0,nein
09130_Hartley_Bay.csv,53.4242,-129.2519,2026,"Hartley Bay, British Columbia, Canada",harmonics_utide_tidetables.txt,0,35041,0.1311,0.615,0,-0.034,6.258,Canada_IWLS,0,nein
09140_Kitimat.csv,53.9890,-128.6960,2026,"Kitimat, British Columbia, Canada",harmonics_utide_observations.txt,0,35025,0.1371,0.607,0,0.004,6.48,Canada_IWLS,0,nein
09140_Kitimat.csv,53.9890,-128.6960,2026,"Kitimat, British Columbia, Canada",harmonics_utide_tidetables.txt,0,35025,0.1451,0.598,0,0.002,6.514,Canada_IWLS,0,nein
09339_Pembina_Terminal.csv,54.2363,-130.3035,2026,"Pembina Terminal, British Columbia, Canada",harmonics_utide_observations.txt,0,35011,0.1364,0.669,0,0.02,7.375,Canada_IWLS,0,nein
09339_Pembina_Terminal.csv,54.2363,-130.3035,2026,"Pembina Terminal, British Columbia, Canada",harmonics_utide_tidetables.txt,0,35011,0.1373,0.663,0,0.051,7.327,Canada_IWLS,0,nein
09339_Pembina_Terminal.csv,54.2363,-130.3035,2026,"Port Edward, British Columbia, Canada",harmonics_utide_tidetables.txt,945,35011,0.2034,0.872,0,0.133,6.742,Canada_IWLS,0,nein
09339_Pembina_Terminal.csv,54.2363,-130.3035,2026,"Prince Rupert RoRo, British Columbia, Canada",harmonics_utide_observations.txt,2061,35011,0.142,0.682,0,-0.007,7.353,Canada_IWLS,0,nein
09339_Pembina_Terminal.csv,54.2363,-130.3035,2026,"Prince Rupert RoRo, British Columbia, Canada",harmonics_utide_tidetables.txt,2061,35011,0.1365,0.659,0,0.038,7.309,Canada_IWLS,0,nein
09339_Pembina_Terminal.csv,54.2363,-130.3035,2026,"Porpoise Channel East, British Columbia, Canada",harmonics_utide_observations.txt,2531,35011,0.1504,0.682,0,0.026,7.401,Canada_IWLS,0,nein
09339_Pembina_Terminal.csv,54.2363,-130.3035,2026,"Porpoise Channel East, British Columbia, Canada",harmonics_utide_tidetables.txt,2531,35011,0.137,0.669,0,0.044,7.211,Canada_IWLS,0,nein
09339_Pembina_Terminal.csv,54.2363,-130.3035,2026,"Aero Trading, British Columbia, Canada",harmonics_utide_tidetables.txt,2770,35011,0.1376,0.678,0,0.044,7.271,Canada_IWLS,0,nein
09341_Porpoise_Channel_East.csv,54.2152,-130.2891,2022,"Porpoise Channel East, British Columbia, Canada",harmonics_utide_observations.txt,0,26148,0.1478,0.691,0,0.016,7.43,Canada_IWLS,0,nein
09341_Porpoise_Channel_East.csv,54.2152,-130.2891,2022,"Porpoise Channel East, British Columbia, Canada",harmonics_utide_tidetables.txt,0,26148,0.1555,0.704,0,0.043,7.292,Canada_IWLS,0,nein
09341_Porpoise_Channel_East.csv,54.2152,-130.2891,2022,"Aero Trading, British Columbia, Canada",harmonics_utide_tidetables.txt,243,26148,0.1564,0.709,0,0.043,7.361,Canada_IWLS,0,nein
09341_Porpoise_Channel_East.csv,54.2152,-130.2891,2022,"Port Edward, British Columbia, Canada",harmonics_utide_tidetables.txt,1605,26148,0.2211,0.802,0,0.132,6.82,Canada_IWLS,0,nein
09341_Porpoise_Channel_East.csv,54.2152,-130.2891,2022,"Pembina Terminal, British Columbia, Canada",harmonics_utide_observations.txt,2530,26148,0.1484,0.657,0,0.015,7.447,Canada_IWLS,0,nein
09341_Porpoise_Channel_East.csv,54.2152,-130.2891,2022,"Pembina Terminal, British Columbia, Canada",harmonics_utide_tidetables.txt,2530,26148,0.1547,0.667,0,0.05,7.416,Canada_IWLS,0,nein
09346_Prince_Rupert_RoRo.csv,54.2349,-130.3351,2026,"Prince Rupert RoRo, British Columbia, Canada",harmonics_utide_observations.txt,1,35039,0.1388,0.626,0,0.004,7.353,Canada_IWLS,0,nein
09346_Prince_Rupert_RoRo.csv,54.2349,-130.3351,2026,"Prince Rupert RoRo, British Columbia, Canada",harmonics_utide_tidetables.txt,1,35039,0.135,0.603,0,0.049,7.309,Canada_IWLS,0,nein
09346_Prince_Rupert_RoRo.csv,54.2349,-130.3351,2026,"Pembina Terminal, British Columbia, Canada",harmonics_utide_observations.txt,2061,35039,0.1384,0.613,0,0.031,7.375,Canada_IWLS,0,nein
09346_Prince_Rupert_RoRo.csv,54.2349,-130.3351,2026,"Pembina Terminal, British Columbia, Canada",harmonics_utide_tidetables.txt,2061,35039,0.1408,0.607,0,0.062,7.327,Canada_IWLS,0,nein
09346_Prince_Rupert_RoRo.csv,54.2349,-130.3351,2026,"Port Edward, British Columbia, Canada",harmonics_utide_tidetables.txt,2624,35039,0.2065,0.845,0,0.144,6.742,Canada_IWLS,0,nein
09348_Fairview_Terminal.csv,54.2903,-130.3599,2026,"Fairview Terminal, British Columbia, Canada",harmonics_utide_observations.txt,0,35023,0.138,0.651,0,0.023,7.46,Canada_IWLS,0,nein
09348_Fairview_Terminal.csv,54.2903,-130.3599,2026,"Fairview Terminal, British Columbia, Canada",harmonics_utide_tidetables.txt,0,35023,0.1393,0.668,0,0.073,7.397,Canada_IWLS,0,nein
09348_Fairview_Terminal.csv,54.2903,-130.3599,2026,"Casey Cove, British Columbia, Canada",harmonics-2004-06-14_mod.txt,1629,35023,0.1822,0.748,0,0.113,7.221,Canada_IWLS,0,nein
09348_Fairview_Terminal.csv,54.2903,-130.3599,2026,"Casey Cove, British Columbia, Canada",harmonics_utide_tidetables.txt,1629,35023,0.1466,0.773,0,0.114,7.274,Canada_IWLS,0,nein
09354_Prince_Rupert.csv,54.3170,-130.3240,2026,"Prince Rupert, British Columbia, Canada",harmonics_utide_observations.txt,0,35040,0.1385,0.639,0,0.02,7.455,Canada_IWLS,0,nein
09354_Prince_Rupert.csv,54.3170,-130.3240,2026,"Prince Rupert, British Columbia, Canada",harmonics_utide_tidetables.txt,32,35040,0.1376,0.631,0,0.066,7.42,Canada_IWLS,0,nein
09475_Stewart.csv,55.9166,-130.0100,2026,"Stewart, British Columbia, Canada",harmonics_utide_observations.txt,0,35032,0.1394,0.613,0,-0.003,7.76,Canada_IWLS,0,nein
09475_Stewart.csv,55.9166,-130.0100,2026,"Stewart, British Columbia, Canada",harmonics_utide_tidetables.txt,0,35032,0.1472,0.679,0,-0.027,7.693,Canada_IWLS,0,nein
09475_Stewart.csv,55.9166,-130.0100,2026,"Hyder, Portland Canal, Alaska",harmonics-dwf-20251228-free.txt,1346,35032,0.1558,0.709,0,1.313,7.809,Canada_IWLS,0,nein
09850_Daajing_Giids.csv,53.2520,-132.0720,2026,"Daajing Giids, British Columbia, Canada",harmonics_utide_observations.txt,0,35039,0.1151,0.737,0,0.023,7.705,Canada_IWLS,0,nein
09850_Daajing_Giids.csv,53.2520,-132.0720,2026,"Daajing Giids, British Columbia, Canada",harmonics_utide_tidetables.txt,0,35039,0.1151,0.76,0,0.097,7.694,Canada_IWLS,0,nein
09850_Daajing_Giids.csv,53.2520,-132.0720,2026,"Skidegate Inlet, British Columbia, Canada",harmonics_noaa_amtt.txt,417,35039,0.3729,1.114,0,0.065,7.903,Canada_IWLS,0,nein
09910_Masset.csv,54.0100,-132.1490,2026,"Masset, British Columbia, Canada",harmonics_utide_observations.txt,0,35041,0.1087,0.407,0,0.019,4.397,Canada_IWLS,0,nein
09910_Masset.csv,54.0100,-132.1490,2026,"Masset, British Columbia, Canada",harmonics_utide_tidetables.txt,0,35041,0.1129,0.504,0,-0.061,4.343,Canada_IWLS,0,nein
09958_Henslung_Cove.csv,54.1910,-133.0020,2026,"Dadens, British Columbia, Canada",harmonics-2004-06-14_mod.txt,0,35013,0.1633,0.631,0,-0.175,5.16,Canada_IWLS,0,nein
09958_Henslung_Cove.csv,54.1910,-133.0020,2026,"Solide Passage, British Columbia, Canada",harmonics-2004-06-14_mod.txt,0,35013,0.1616,0.629,0,-0.239,5.3,Canada_IWLS,0,nein
09958_Henslung_Cove.csv,54.1910,-133.0020,2026,"Henslung Cove, British Columbia, Canada",harmonics_utide_observations.txt,0,35013,0.1194,0.489,0,-0.015,5.198,Canada_IWLS,0,nein
09958_Henslung_Cove.csv,54.1910,-133.0020,2026,"Henslung Cove, British Columbia, Canada",harmonics_utide_tidetables.txt,0,35013,0.117,0.462,0,0.065,5.199,Canada_IWLS,0,nein
15520_Montréal_Jetée_#1.csv,45.5035,-73.5525,2026,"Montréal Jetée #1, Québec, Canada",harmonics_utide_tidetables.txt,0,34966,0.4956,1.231,-720,-0.699,1.237,Canada_IWLS,0,nein
15520_Montréal_Jetée_#1.csv,45.5035,-73.5525,2026,"Montréal rue Frontenac, Québec, Canada",harmonics_utide_tidetables.txt,2906,34966,0.4956,1.231,-720,-0.699,1.237,Canada_IWLS,0,nein
15540_Montréal_rue_Frontenac.csv,45.5287,-73.5425,2026,"Montréal rue Frontenac, Québec, Canada",harmonics_utide_tidetables.txt,0,34976,0.4675,1.076,-720,-0.726,1.237,Canada_IWLS,0,nein
15540_Montréal_rue_Frontenac.csv,45.5287,-73.5425,2026,"Montréal Jetée #1, Québec, Canada",harmonics_utide_tidetables.txt,2906,34976,0.4675,1.076,-720,-0.726,1.237,Canada_IWLS,0,nein
15660_Varennes.csv,45.6843,-73.4437,2026,"Varennes, Québec, Canada",harmonics_utide_tidetables.txt,1,34988,0.4742,1.092,-720,-0.461,1.393,Canada_IWLS,0,nein
15780_Contrecoeur_IOC.csv,45.8327,-73.2832,2026,"Contrecoeur IOC, Québec, Canada",harmonics_utide_tidetables.txt,0,34977,0.4447,1.032,-720,-0.434,1.493,Canada_IWLS,0,nein
15930_Sorel.csv,46.0472,-73.1157,2026,"Sorel, Québec, Canada",harmonics_utide_tidetables.txt,0,34972,0.4115,1.027,-720,-0.503,1.509,Canada_IWLS,0,nein
15930_Sorel.csv,46.0472,-73.1157,2026,"Sorel, Québec, Canada",harmonics_ticon4_worldwide.txt,15,34972,0.4077,0.985,-720,0.705,1.411,Canada_IWLS,0,nein
15975_Lac_Saint-Pierre.csv,46.1948,-72.8955,2026,"Lac Saint-Pierre, Québec, Canada",harmonics-2004-06-14_mod.txt,0,34993,0.7235,1.822,-720,-0.24,0.413,Canada_IWLS,0,nein
15975_Lac_Saint-Pierre.csv,46.1948,-72.8955,2026,"Lac Saint-Pierre, Québec, Canada",harmonics_utide_tidetables.txt,0,34993,0.4402,1.123,-720,-0.456,1.662,Canada_IWLS,0,nein
07010_Point_No_Point_wlp.csv,48.3951,-123.9709,2025,"Point No Point, British Columbia, Canada",harmonics_utide_tidetables.txt,0,35040,0.0155,0.062,0,0.0,3.338,Canada_IWLS_BC,0,nein
07013_Sheringham_Point_wlp.csv,48.3771,-123.9212,2025,"Sheringham Point, British Columbia, Canada",harmonics_utide_tidetables.txt,1,35040,0.0197,0.08,0,0.0,3.665,Canada_IWLS_BC,0,nein
07020_Sooke_wlp.csv,48.3695,-123.7260,2025,"Sooke, British Columbia, Canada",harmonics_utide_tidetables.txt,0,35040,0.0191,0.077,0,0.0,3.559,Canada_IWLS_BC,0,nein
07024_Sooke_Basin_wlp.csv,48.3742,-123.6818,2025,"Sooke Basin, British Columbia, Canada",harmonics_utide_tidetables.txt,0,35040,0.0181,0.086,0,0.0,3.369,Canada_IWLS_BC,0,nein
07030_Becher_Bay_wlp.csv,48.3349,-123.6038,2025,"Becher Bay, British Columbia, Canada",harmonics_utide_tidetables.txt,0,35040,0.0151,0.06,0,0.0,3.324,Canada_IWLS_BC,0,nein
07080_Pedder_Bay_wlp.csv,48.3317,-123.5501,2025,"Pedder Bay, British Columbia, Canada",harmonics-2004-06-14_mod.txt,0,35040,0.0432,0.154,0,-0.029,3.491,Canada_IWLS_BC,0,nein
07080_Pedder_Bay_wlp.csv,48.3317,-123.5501,2025,"Pedder Bay, British Columbia, Canada",harmonics_utide_tidetables.txt,0,35040,0.0169,0.07,0,0.0,3.43,Canada_IWLS_BC,0,nein
07080_Pedder_Bay_wlp.csv,48.3317,-123.5501,2025,"William Head, British Columbia, Canada",harmonics_utide_tidetables.txt,1422,35040,0.0947,0.421,0,0.05,3.034,Canada_IWLS_BC,0,nein
07082_William_Head_wlp.csv,48.3410,-123.5369,2025,"William Head, British Columbia, Canada",harmonics_utide_tidetables.txt,0,35040,0.0143,0.057,0,0.0,3.034,Canada_IWLS_BC,0,nein
07082_William_Head_wlp.csv,48.3410,-123.5369,2025,"Pedder Bay, British Columbia, Canada",harmonics-2004-06-14_mod.txt,1422,35040,0.0989,0.435,0,-0.079,3.491,Canada_IWLS_BC,0,nein
07082_William_Head_wlp.csv,48.3410,-123.5369,2025,"Pedder Bay, British Columbia, Canada",harmonics_utide_tidetables.txt,1422,35040,0.0924,0.412,0,-0.05,3.43,Canada_IWLS_BC,0,nein
07109_Esquimalt_Harbour_wlp.csv,48.4404,-123.4498,2025,"Esquimalt Harbour, British Columbia, Canada",harmonics_utide_tidetables.txt,0,35040,0.0209,0.084,0,0.0,3.351,Canada_IWLS_BC,0,nein
07109_Esquimalt_Harbour_wlp.csv,48.4404,-123.4498,2025,"Esquimalt Government Hbr., British Columbia, Canada",harmonics_utide_tidetables.txt,1232,35040,0.0329,0.105,0,-0.03,3.355,Canada_IWLS_BC,0,nein
07109_Esquimalt_Harbour_wlp.csv,48.4404,-123.4498,2025,"Esquimalt Lagoon, British Columbia, Canada",harmonics_ticon4_worldwide.txt,1887,35036,0.4798,1.814,170,1.852,1.41,Canada_IWLS_BC,0,nein
07109_Esquimalt_Harbour_wlp.csv,48.4404,-123.4498,2025,"Gorge at Craigflower, British Columbia, Canada",harmonics_utide_tidetables.txt,2392,35038,0.3228,1.414,140,1.116,1.701,Canada_IWLS_BC,0,nein
07110_Esquimalt_Government__Hbr_wlp.csv,48.4322,-123.4385,2025,"Esquimalt Government Hbr., British Columbia, Canada",harmonics_utide_tidetables.txt,39,35040,0.0176,0.076,0,0.0,3.355,Canada_IWLS_BC,0,nein
07110_Esquimalt_Government__Hbr_wlp.csv,48.4322,-123.4385,2025,"Esquimalt Harbour, British Columbia, Canada",harmonics_utide_tidetables.txt,1241,35040,0.0344,0.142,0,0.03,3.351,Canada_IWLS_BC,0,nein
07110_Esquimalt_Government__Hbr_wlp.csv,48.4322,-123.4385,2025,"Esquimalt Lagoon, British Columbia, Canada",harmonics_ticon4_worldwide.txt,2334,35036,0.4861,1.831,170,1.882,1.41,Canada_IWLS_BC,0,nein
07110_Esquimalt_Government__Hbr_wlp.csv,48.4322,-123.4385,2025,"Gorge at Craigflower, British Columbia, Canada",harmonics_utide_tidetables.txt,2432,35038,0.3286,1.431,140,1.146,1.701,Canada_IWLS_BC,0,nein
07115_Clover_Point_wlp.csv,48.4038,-123.3486,2025,"Clover Point, British Columbia, Canada",harmonics_utide_tidetables.txt,0,35040,0.0168,0.069,0,0.0,3.394,Canada_IWLS_BC,0,nein
07115_Clover_Point_wlp.csv,48.4038,-123.3486,2025,"Victoria Harbour, British Columbia (3), Canada",harmonics-2004-06-14_mod.txt,2812,35040,0.0531,0.17,0,0.009,3.442,Canada_IWLS_BC,0,nein
07115_Clover_Point_wlp.csv,48.4038,-123.3486,2025,"Victoria Harbour, British Columbia, Canada",harmonics_utide_observations.txt,2812,35040,0.0577,0.186,0,-0.021,3.466,Canada_IWLS_BC,0,nein
07115_Clover_Point_wlp.csv,48.4038,-123.3486,2025,"Victoria Harbour, British Columbia, Canada",harmonics_utide_tidetables.txt,2812,35040,0.055,0.177,0,0.009,3.426,Canada_IWLS_BC,0,nein
07120_Victoria_Harbour_wlp.csv,48.4244,-123.3708,2025,"Victoria Harbour, British Columbia (3), Canada",harmonics-2004-06-14_mod.txt,0,35040,0.0284,0.112,0,-0.0,3.442,Canada_IWLS_BC,0,nein
07120_Victoria_Harbour_wlp.csv,48.4244,-123.3708,2025,"Victoria Harbour, British Columbia, Canada",harmonics_utide_observations.txt,0,35040,0.0281,0.131,0,-0.03,3.466,Canada_IWLS_BC,0,nein
07120_Victoria_Harbour_wlp.csv,48.4244,-123.3708,2025,"Victoria Harbour, British Columbia, Canada",harmonics_utide_tidetables.txt,0,35040,0.0193,0.083,0,0.0,3.426,Canada_IWLS_BC,0,nein
07120_Victoria_Harbour_wlp.csv,48.4244,-123.3708,2025,"Selkirk Water, British Columbia, Canada",harmonics_utide_tidetables.txt,1777,35040,0.0453,0.201,0,-0.009,3.467,Canada_IWLS_BC,0,nein
07120_Victoria_Harbour_wlp.csv,48.4244,-123.3708,2025,"Clover Point, British Columbia, Canada",harmonics_utide_tidetables.txt,2813,35040,0.0566,0.227,0,-0.009,3.394,Canada_IWLS_BC,0,nein
07120_Victoria_Harbour_wlp.csv,48.4244,-123.3708,2025,"Gorge at Aaron Point, British Columbia, Canada",harmonics_utide_tidetables.txt,2863,35040,0.0565,0.233,10,0.002,3.42,Canada_IWLS_BC,0,nein
07121_Selkirk_Water_wlp.csv,48.4393,-123.3795,2025,"Selkirk Water, British Columbia, Canada",harmonics_utide_tidetables.txt,0,35040,0.0192,0.082,0,0.0,3.467,Canada_IWLS_BC,0,nein
07121_Selkirk_Water_wlp.csv,48.4393,-123.3795,2025,"Gorge at Aaron Point, British Columbia, Canada",harmonics_utide_tidetables.txt,1292,35040,0.0417,0.169,0,0.011,3.42,Canada_IWLS_BC,0,nein
07121_Selkirk_Water_wlp.csv,48.4393,-123.3795,2025,"Victoria Harbour, British Columbia (3), Canada",harmonics-2004-06-14_mod.txt,1777,35040,0.0494,0.238,0,0.009,3.442,Canada_IWLS_BC,0,nein
07121_Selkirk_Water_wlp.csv,48.4393,-123.3795,2025,"Victoria Harbour, British Columbia, Canada",harmonics_utide_observations.txt,1777,35040,0.0535,0.238,-10,-0.021,3.466,Canada_IWLS_BC,0,nein
07121_Selkirk_Water_wlp.csv,48.4393,-123.3795,2025,"Victoria Harbour, British Columbia, Canada",harmonics_utide_tidetables.txt,1777,35040,0.0488,0.22,0,0.009,3.426,Canada_IWLS_BC,0,nein
07121_Selkirk_Water_wlp.csv,48.4393,-123.3795,2025,"Gorge at Tillicum, British Columbia, Canada",harmonics_utide_tidetables.txt,2013,35040,0.1625,0.452,0,0.121,3.409,Canada_IWLS_BC,0,nein
07122_Gorge_at_Aaron_Point_wlp.csv,48.4444,-123.3952,2025,"Gorge at Aaron Point, British Columbia, Canada",harmonics_utide_tidetables.txt,0,35040,0.0197,0.083,0,0.0,3.42,Canada_IWLS_BC,0,nein
07122_Gorge_at_Aaron_Point_wlp.csv,48.4444,-123.3952,2025,"Gorge at Tillicum, British Columbia, Canada",harmonics_utide_tidetables.txt,722,35040,0.1573,0.471,0,0.11,3.409,Canada_IWLS_BC,0,nein
07122_Gorge_at_Aaron_Point_wlp.csv,48.4444,-123.3952,2025,"Selkirk Water, British Columbia, Canada",harmonics_utide_tidetables.txt,1292,35040,0.0433,0.153,0,-0.011,3.467,Canada_IWLS_BC,0,nein
07122_Gorge_at_Aaron_Point_wlp.csv,48.4444,-123.3952,2025,"Gorge at Craigflower, British Columbia, Canada",harmonics_utide_tidetables.txt,2070,35038,0.3421,1.412,140,1.144,1.701,Canada_IWLS_BC,0,nein
07122_Gorge_at_Aaron_Point_wlp.csv,48.4444,-123.3952,2025,"Portage Inlet, British Columbia, Canada",harmonics_utide_tidetables.txt,2118,35036,0.3693,1.535,170,1.2,1.707,Canada_IWLS_BC,0,nein
07122_Gorge_at_Aaron_Point_wlp.csv,48.4444,-123.3952,2025,"Victoria Harbour, British Columbia (3), Canada",harmonics-2004-06-14_mod.txt,2863,35040,0.0613,0.258,-10,-0.002,3.442,Canada_IWLS_BC,0,nein
07122_Gorge_at_Aaron_Point_wlp.csv,48.4444,-123.3952,2025,"Victoria Harbour, British Columbia, Canada",harmonics_utide_observations.txt,2863,35040,0.0623,0.282,-10,-0.032,3.466,Canada_IWLS_BC,0,nein
07122_Gorge_at_Aaron_Point_wlp.csv,48.4444,-123.3952,2025,"Victoria Harbour, British Columbia, Canada",harmonics_utide_tidetables.txt,2863,35040,0.0597,0.251,-10,-0.002,3.426,Canada_IWLS_BC,0,nein
07123_Gorge_at_Tillicum_wlp.csv,48.4477,-123.4036,2025,"Gorge at Tillicum, British Columbia, Canada",harmonics_utide_tidetables.txt,0,35040,0.3218,1.223,-100,-1.019,3.409,Canada_IWLS_BC,0,nein
07123_Gorge_at_Tillicum_wlp.csv,48.4477,-123.4036,2025,"Gorge at Aaron Point, British Columbia, Canada",harmonics_utide_tidetables.txt,722,35040,0.2956,1.215,-100,-1.129,3.42,Canada_IWLS_BC,0,nein
07123_Gorge_at_Tillicum_wlp.csv,48.4477,-123.4036,2025,"Gorge at Craigflower, British Columbia, Canada",harmonics_utide_tidetables.txt,1367,35040,0.0813,0.262,40,0.015,1.701,Canada_IWLS_BC,0,nein
07123_Gorge_at_Tillicum_wlp.csv,48.4477,-123.4036,2025,"Portage Inlet, British Columbia, Canada",harmonics_utide_tidetables.txt,1415,35040,0.109,0.385,70,0.071,1.707,Canada_IWLS_BC,0,nein
07123_Gorge_at_Tillicum_wlp.csv,48.4477,-123.4036,2025,"Selkirk Water, British Columbia, Canada",harmonics_utide_tidetables.txt,2012,35040,0.294,1.257,-100,-1.14,3.467,Canada_IWLS_BC,0,nein
07124_Gorge_at_Craigflower_wlp.csv,48.4509,-123.4215,2025,"Gorge at Craigflower, British Columbia, Canada",harmonics_utide_tidetables.txt,0,35040,0.0114,0.051,0,0.0,1.701,Canada_IWLS_BC,0,nein
07124_Gorge_at_Craigflower_wlp.csv,48.4509,-123.4215,2025,"Portage Inlet, British Columbia, Canada",harmonics_utide_tidetables.txt,778,35040,0.0512,0.159,30,0.056,1.707,Canada_IWLS_BC,0,nein
07124_Gorge_at_Craigflower_wlp.csv,48.4509,-123.4215,2025,"Gorge at Tillicum, British Columbia, Canada",harmonics_utide_tidetables.txt,1367,35040,0.3636,1.414,-140,-1.034,3.409,Canada_IWLS_BC,0,nein
07124_Gorge_at_Craigflower_wlp.csv,48.4509,-123.4215,2025,"Gorge at Aaron Point, British Columbia, Canada",harmonics_utide_tidetables.txt,2070,35040,0.3424,1.406,-140,-1.144,3.42,Canada_IWLS_BC,0,nein
07124_Gorge_at_Craigflower_wlp.csv,48.4509,-123.4215,2025,"Esquimalt Harbour, British Columbia, Canada",harmonics_utide_tidetables.txt,2392,35040,0.3233,1.41,-140,-1.116,3.351,Canada_IWLS_BC,0,nein
07124_Gorge_at_Craigflower_wlp.csv,48.4509,-123.4215,2025,"Esquimalt Government Hbr., British Columbia, Canada",harmonics_utide_tidetables.txt,2466,35040,0.3291,1.415,-140,-1.146,3.355,Canada_IWLS_BC,0,nein
07125_Portage_Inlet_wlp.csv,48.4571,-123.4166,2025,"Portage Inlet, British Columbia, Canada",harmonics_utide_tidetables.txt,0,35040,0.0105,0.05,0,0.0,1.707,Canada_IWLS_BC,0,nein
07125_Portage_Inlet_wlp.csv,48.4571,-123.4166,2025,"Gorge at Craigflower, British Columbia, Canada",harmonics_utide_tidetables.txt,778,35040,0.0523,0.181,-30,-0.056,1.701,Canada_IWLS_BC,0,nein
07125_Portage_Inlet_wlp.csv,48.4571,-123.4166,2025,"Gorge at Tillicum, British Columbia, Canada",harmonics_utide_tidetables.txt,1415,35038,0.3881,1.542,-170,-1.091,3.409,Canada_IWLS_BC,0,nein
07125_Portage_Inlet_wlp.csv,48.4571,-123.4166,2025,"Gorge at Aaron Point, British Columbia, Canada",harmonics_utide_tidetables.txt,2118,35038,0.3695,1.534,-170,-1.2,3.42,Canada_IWLS_BC,0,nein
07130_Oak_Bay_wlp.csv,48.4237,-123.3027,2025,"Oak Bay, British Columbia, Canada",harmonics_utide_tidetables.txt,33,35040,0.0214,0.097,0,0.0,3.556,Canada_IWLS_BC,0,nein
07140_Finnerty_Cove_wlp.csv,48.4736,-123.2961,2025,"Finnerty Cove, British Columbia, Canada",harmonics_utide_tidetables.txt,0,35040,0.0221,0.096,0,0.0,3.529,Canada_IWLS_BC,0,nein
07255_Saanichton_Bay_wlp.csv,48.5989,-123.3885,2025,"Saanichton Bay, British Columbia, Canada",harmonics_utide_tidetables.txt,0,35040,0.0268,0.122,0,0.0,3.835,Canada_IWLS_BC,0,nein
07260_Sidney_wlp.csv,48.6492,-123.3929,2025,"Sidney, British Columbia, Canada",harmonics_utide_tidetables.txt,0,35040,0.0244,0.122,0,0.0,3.921,Canada_IWLS_BC,0,nein
07270_Swartz_Bay_wlp.csv,48.6892,-123.4108,2025,"Swartz Bay, British Columbia, Canada",harmonics_utide_tidetables.txt,0,35040,0.0193,0.076,0,0.0,3.835,Canada_IWLS_BC,0,nein
07277_Patricia_Bay_wlp.csv,48.6536,-123.4515,2025,"Patricia Bay, British Columbia, Canada",harmonics_utide_observations.txt,0,35040,0.037,0.165,0,-0.07,4.108,Canada_IWLS_BC,0,nein
07277_Patricia_Bay_wlp.csv,48.6536,-123.4515,2025,"Patricia Bay, British Columbia, Canada",harmonics_utide_tidetables.txt,0,35040,0.0249,0.11,0,0.0,4.06,Canada_IWLS_BC,0,nein
07280_Brentwood_Bay_wlp.csv,48.5780,-123.4670,2025,"Brentwood Bay, British Columbia, Canada",harmonics_utide_tidetables.txt,0,35040,0.0209,0.084,0,0.0,4.225,Canada_IWLS_BC,0,nein
07280_Brentwood_Bay_wlp.csv,48.5780,-123.4670,2025,"Tod Inlet, British Columbia, Canada",harmonics-2004-06-14_mod.txt,1909,35040,0.1319,0.443,-10,0.204,4.081,Canada_IWLS_BC,0,nein
07284_Finlayson_Arm_wlp.csv,48.4966,-123.5529,2025,"Goldstream Boathouse Marina (Finlayson Arm), British Columbia, Canada",harmonics-2004-06-14_mod.txt,0,35040,0.0777,0.251,0,-0.0,3.912,Canada_IWLS_BC,0,nein
07284_Finlayson_Arm_wlp.csv,48.4966,-123.5529,2025,"Goldstream Boathouse Marina (Finlayson Arm), British Columbia, Canada",harmonics_utide_tidetables.txt,0,35040,0.0205,0.083,0,0.0,3.812,Canada_IWLS_BC,0,nein
07310_Cowichan_Bay_wlp.csv,48.7404,-123.6184,2025,"Cowichan Bay, British Columbia, Canada",harmonics_utide_tidetables.txt,0,35040,0.0197,0.078,0,0.0,3.909,Canada_IWLS_BC,0,nein
07315_Maple_Bay_wlp.csv,48.8157,-123.6096,2025,"Maple Bay, British Columbia, Canada",harmonics_utide_tidetables.txt,0,35040,0.0277,0.114,0,0.0,4.412,Canada_IWLS_BC,0,nein
07330_Fulford_Harbour_wlp.csv,48.7690,-123.4510,2025,"Fulford Harbour, British Columbia, Canada",harmonics_utide_tidetables.txt,0,35040,0.0244,0.108,0,0.0,3.982,Canada_IWLS_BC,0,nein
07345_Narvaez_Bay_wlp.csv,48.7743,-123.0981,2025,"Narvaez Bay, British Columbia, Canada",harmonics_utide_tidetables.txt,0,35040,0.0239,0.112,0,0.0,4.339,Canada_IWLS_BC,0,nein
07345_Narvaez_Bay_wlp.csv,48.7743,-123.0981,2025,"Tumbo Channel, British Columbia, Canada",harmonics_ticon4_worldwide.txt,2243,35040,0.1018,0.416,20,2.359,4.502,Canada_IWLS_BC,0,nein
07345_Narvaez_Bay_wlp.csv,48.7743,-123.0981,2025,"Tumbo Channel, British Columbia, Canada",harmonics_utide_tidetables.txt,2243,35040,0.1119,0.487,20,-0.201,4.465,Canada_IWLS_BC,0,nein
07350_Bedwell_Harbour_wlp.csv,48.7478,-123.2273,2025,"Bedwell Harbour, British Columbia, Canada",harmonics_utide_tidetables.txt,0,35040,0.0254,0.109,0,0.0,3.992,Canada_IWLS_BC,0,nein
07360_Hope_Bay_wlp.csv,48.8034,-123.2759,2025,"Hope Bay, British Columbia, Canada",harmonics_utide_tidetables.txt,0,35040,0.0256,0.122,0,0.0,4.048,Canada_IWLS_BC,0,nein
07370_Samuel_Island_wlp.csv,48.8217,-123.2084,2025,"Samuel Island (North Shore), British Columbia, Canada",harmonics_utide_tidetables.txt,267,35040,0.0264,0.096,0,0.0,4.095,Canada_IWLS_BC,0,nein
07407_Ganges_wlp.csv,48.8534,-123.4973,2025,"Ganges, British Columbia, Canada",harmonics_utide_tidetables.txt,0,35040,0.0291,0.116,0,-0.0,4.116,Canada_IWLS_BC,0,nein
07414_Village_Bay_wlp.csv,48.8445,-123.3241,2025,"Village Bay, British Columbia, Canada",harmonics_utide_tidetables.txt,0,35040,0.0229,0.104,0,0.0,4.05,Canada_IWLS_BC,0,nein
07414_Village_Bay_wlp.csv,48.8445,-123.3241,2025,"Miners Bay, British Columbia, Canada",harmonics_utide_tidetables.txt,1819,35040,0.1346,0.447,30,-0.25,4.276,Canada_IWLS_BC,0,nein
07414_Village_Bay_wlp.csv,48.8445,-123.3241,2025,"Active Pass, Mayne Island, British Columbia, Canada",harmonics_noaa_amtt.txt,2559,35040,0.2222,0.597,20,-0.305,4.821,Canada_IWLS_BC,0,nein
07420_Montague_Harbour_wlp.csv,48.8927,-123.3922,2025,"Montague Harbour, British Columbia, Canada",harmonics_utide_tidetables.txt,0,35040,0.0204,0.078,0,0.0,3.986,Canada_IWLS_BC,0,nein
07437_Porlier_Pass_wlp.csv,49.0113,-123.5859,2025,"Porlier Pass, British Columbia, Canada",harmonics_utide_tidetables.txt,0,35040,0.0233,0.089,0,0.0,4.429,Canada_IWLS_BC,0,nein
07437_Porlier_Pass_wlp.csv,49.0113,-123.5859,2025,"Dionisio Point, British Columbia, Canada",harmonics_utide_tidetables.txt,922,35040,0.1679,0.625,20,-0.41,4.92,Canada_IWLS_BC,0,nein
07437_Porlier_Pass_wlp.csv,49.0113,-123.5859,2025,"Cardale Point, British Columbia, Canada",harmonics_utide_tidetables.txt,2322,35040,0.1356,0.46,-10,0.056,4.315,Canada_IWLS_BC,0,nein
07439_Cardale_Point_wlp.csv,49.0167,-123.6167,2025,"Cardale Point, British Columbia, Canada",harmonics_utide_tidetables.txt,0,35040,0.0245,0.11,0,-0.0,4.315,Canada_IWLS_BC,0,nein
07439_Cardale_Point_wlp.csv,49.0167,-123.6167,2025,"Porlier Pass, British Columbia, Canada",harmonics_utide_tidetables.txt,2322,35040,0.1377,0.453,10,-0.056,4.429,Canada_IWLS_BC,0,nein
07445_Degnen_Bay_wlp.csv,49.1333,-123.7167,2025,"Degnen Bay, British Columbia, Canada",harmonics_utide_tidetables.txt,0,35040,0.0216,0.084,0,0.0,4.16,Canada_IWLS_BC,0,nein
07445_Degnen_Bay_wlp.csv,49.1333,-123.7167,2025,"Gabriola Pass, British Columbia, Canada",harmonics-2004-06-14_mod.txt,1016,35040,0.1061,0.355,0,-0.0,4.27,Canada_IWLS_BC,0,nein
07445_Degnen_Bay_wlp.csv,49.1333,-123.7167,2025,"Silva Bay, British Columbia, Canada",harmonics-2004-06-14_mod.txt,2215,35040,0.2228,0.785,20,-0.646,5.163,Canada_IWLS_BC,0,nein
07445_Degnen_Bay_wlp.csv,49.1333,-123.7167,2025,"Silva Bay, British Columbia, Canada",harmonics_utide_tidetables.txt,2215,35040,0.2212,0.727,20,-0.738,5.129,Canada_IWLS_BC,0,nein
07450_Crofton_wlp.csv,48.8746,-123.6435,2025,"Crofton, British Columbia, Canada",harmonics_utide_tidetables.txt,0,35040,0.0245,0.103,0,0.0,4.331,Canada_IWLS_BC,0,nein
07455_Chemainus_wlp.csv,48.9256,-123.7144,2025,"Chemainus, British Columbia, Canada",harmonics_utide_tidetables.txt,0,35040,0.0238,0.102,0,0.0,4.39,Canada_IWLS_BC,0,nein
07460_Ladysmith_wlp.csv,48.9990,-123.8153,2025,"Ladysmith, British Columbia, Canada",harmonics_utide_tidetables.txt,0,35040,0.0277,0.114,0,0.0,4.372,Canada_IWLS_BC,0,nein
07460_Ladysmith_wlp.csv,48.9990,-123.8153,2025,"Ladysmith, British Columbia, Canada",harmonics_noaa_amtt.txt,2913,35040,0.1263,0.394,-20,-0.03,4.426,Canada_IWLS_BC,0,nein
07471_Preedy_Harbour_wlp.csv,48.9802,-123.6777,2025,"Telegraph Harbour, British Columbia, Canada",harmonics-2004-06-14_mod.txt,0,35040,0.1217,0.437,0,0.293,4.446,Canada_IWLS_BC,0,nein
07471_Preedy_Harbour_wlp.csv,48.9802,-123.6777,2025,"Preedy Harbour, British Columbia, Canada",harmonics_utide_tidetables.txt,0,35040,0.0222,0.086,0,0.0,4.35,Canada_IWLS_BC,0,nein
07480_Boat_Harbour_wlp.csv,49.0900,-123.7982,2025,"Boat Harbour, British Columbia, Canada",harmonics_utide_tidetables.txt,0,35040,0.0279,0.13,0,0.0,4.308,Canada_IWLS_BC,0,nein
07510_Tumbo_Channel_wlp.csv,48.7932,-123.1088,2025,"Tumbo Channel, British Columbia, Canada",harmonics_ticon4_worldwide.txt,0,35040,0.0909,0.284,0,2.56,4.502,Canada_IWLS_BC,0,nein
07510_Tumbo_Channel_wlp.csv,48.7932,-123.1088,2025,"Tumbo Channel, British Columbia, Canada",harmonics_utide_tidetables.txt,0,35040,0.0341,0.131,0,0.0,4.465,Canada_IWLS_BC,0,nein
07510_Tumbo_Channel_wlp.csv,48.7932,-123.1088,2025,"Narvaez Bay, British Columbia, Canada",harmonics_utide_tidetables.txt,2243,35040,0.1138,0.462,-20,0.201,4.339,Canada_IWLS_BC,0,nein
07515_Samuel_Island_wlp.csv,48.8167,-123.2000,2025,"Samuel Island (North Shore), British Columbia, Canada",harmonics_utide_tidetables.txt,1026,35040,0.1347,0.388,-30,0.262,4.095,Canada_IWLS_BC,0,nein
07525_Georgina_Point_wlp.csv,48.8725,-123.2923,2025,"Georgina Point, British Columbia, Canada",harmonics_utide_tidetables.txt,0,35040,0.0291,0.122,0,0.0,4.791,Canada_IWLS_BC,0,nein
07525_Georgina_Point_wlp.csv,48.8725,-123.2923,2025,"Miners Bay, British Columbia, Canada",harmonics_utide_tidetables.txt,2387,35040,0.1452,0.524,0,0.122,4.276,Canada_IWLS_BC,0,nein
07525_Georgina_Point_wlp.csv,48.8725,-123.2923,2025,"Whaler Bay, British Columbia, Canada",harmonics_utide_tidetables.txt,2890,35040,0.0464,0.174,0,-0.018,4.836,Canada_IWLS_BC,0,nein
07528_Miners_Bay_wlp.csv,48.8500,-123.3000,2025,"Miners Bay, British Columbia, Canada",harmonics_utide_tidetables.txt,266,35040,0.0225,0.087,0,0.0,4.276,Canada_IWLS_BC,0,nein
07528_Miners_Bay_wlp.csv,48.8500,-123.3000,2025,"Village Bay, British Columbia, Canada",harmonics_utide_tidetables.txt,1867,35040,0.1318,0.442,-30,0.25,4.05,Canada_IWLS_BC,0,nein
07528_Miners_Bay_wlp.csv,48.8500,-123.3000,2025,"Georgina Point, British Columbia, Canada",harmonics_utide_tidetables.txt,2565,35040,0.1426,0.522,0,-0.122,4.791,Canada_IWLS_BC,0,nein
07532_Whaler_Bay_wlp.csv,48.8833,-123.3167,2025,"Whaler Bay, British Columbia, Canada",harmonics_utide_tidetables.txt,739,35040,0.0308,0.127,0,0.0,4.836,Canada_IWLS_BC,0,nein
07532_Whaler_Bay_wlp.csv,48.8833,-123.3167,2025,"Georgina Point, British Columbia, Canada",harmonics_utide_tidetables.txt,2151,35040,0.0567,0.201,0,0.018,4.791,Canada_IWLS_BC,0,nein
07532_Whaler_Bay_wlp.csv,48.8833,-123.3167,2025,"Active Pass, Mayne Island, British Columbia, Canada",harmonics_noaa_amtt.txt,2213,35040,0.0939,0.363,-20,0.085,4.821,Canada_IWLS_BC,0,nein
07535_Dionisio_Point_wlp.csv,49.0139,-123.5739,2025,"Dionisio Point, British Columbia, Canada",harmonics_utide_tidetables.txt,0,35040,0.0286,0.124,0,0.0,4.92,Canada_IWLS_BC,0,nein
07535_Dionisio_Point_wlp.csv,49.0139,-123.5739,2025,"Porlier Pass, British Columbia, Canada",harmonics_utide_tidetables.txt,922,35040,0.1699,0.634,-20,0.41,4.429,Canada_IWLS_BC,0,nein
07542_Valdes_Island_wlp.csv,49.0580,-123.6200,2025,"Valdes Island, British Columbia, Canada",harmonics_utide_tidetables.txt,0,35040,0.026,0.1,0,0.0,4.864,Canada_IWLS_BC,0,nein
07550_Silva_Bay_wlp.csv,49.1500,-123.7000,2025,"Silva Bay, British Columbia, Canada",harmonics-2004-06-14_mod.txt,0,35040,0.0523,0.21,0,0.092,5.163,Canada_IWLS_BC,0,nein
07550_Silva_Bay_wlp.csv,49.1500,-123.7000,2025,"Silva Bay, British Columbia, Canada",harmonics_utide_tidetables.txt,0,35040,0.0324,0.13,0,0.0,5.129,Canada_IWLS_BC,0,nein
07550_Silva_Bay_wlp.csv,49.1500,-123.7000,2025,"Degnen Bay, British Columbia, Canada",harmonics_utide_tidetables.txt,2215,35040,0.2234,0.743,-20,0.738,4.16,Canada_IWLS_BC,0,nein
07550_Silva_Bay_wlp.csv,49.1500,-123.7000,2025,"Gabriola Pass, British Columbia, Canada",harmonics-2004-06-14_mod.txt,2345,35040,0.2071,0.587,-20,0.738,4.27,Canada_IWLS_BC,0,nein
07577_White_Rock_wlp.csv,49.0167,-122.8000,2025,"White Rock, British Columbia, Canada",harmonics_utide_tidetables.txt,0,35040,0.0357,0.129,0,-0.0,4.626,Canada_IWLS_BC,0,nein
07579_Crescent_Beach_wlp.csv,49.0333,-122.8833,2025,"Crescent Beach, British Columbia, Canada",harmonics_utide_tidetables.txt,0,35040,0.023,0.088,0,0.0,4.283,Canada_IWLS_BC,0,nein
07590_Tsawwassen_wlp.csv,49.0068,-123.1293,2025,"Tsawwassen, British Columbia, Canada",harmonics_utide_tidetables.txt,0,35040,0.0281,0.122,0,0.0,4.658,Canada_IWLS_BC,0,nein
07590_Tsawwassen_wlp.csv,49.0068,-123.1293,2025,"Roberts Bank, British Columbia, Canada",harmonics_utide_tidetables.txt,2150,35040,0.0479,0.168,0,0.0,4.708,Canada_IWLS_BC,0,nein
07592_Roberts_Bank_wlp.csv,49.0150,-123.1560,2025,"Roberts Bank, British Columbia, Canada",harmonics_utide_tidetables.txt,0,35040,0.032,0.136,0,0.0,4.708,Canada_IWLS_BC,0,nein
07592_Roberts_Bank_wlp.csv,49.0150,-123.1560,2025,"Tsawwassen, British Columbia, Canada",harmonics_utide_tidetables.txt,2150,35040,0.0468,0.181,0,0.0,4.658,Canada_IWLS_BC,0,nein
07594_Sand_Heads_wlp.csv,49.1052,-123.3042,2025,"Sand Heads Lighthouse, British Columbia, Canada",harmonics_utide_observations.txt,0,35040,0.0442,0.213,0,-0.065,5.081,Canada_IWLS_BC,0,nein
07594_Sand_Heads_wlp.csv,49.1052,-123.3042,2025,"Sand Heads Lighthouse, British Columbia, Canada",harmonics_utide_tidetables.txt,0,35040,0.0326,0.142,0,0.0,4.999,Canada_IWLS_BC,0,nein
07607_Steveston_wlp.csv,49.1245,-123.1922,2025,"Steveston, British Columbia, Canada",harmonics_utide_tidetables.txt,0,35040,0.0295,0.121,0,0.0,4.422,Canada_IWLS_BC,0,nein
07610_Woodwards_Landing_wlp.csv,49.1251,-123.0754,2025,"Woodward's Landing, British Columbia, Canada",harmonics_utide_tidetables.txt,0,35040,0.0393,0.164,0,0.0,4.179,Canada_IWLS_BC,0,nein
07654_New_Westminster_wlp.csv,49.2000,-122.9100,2025,"New Westminster, British Columbia, Canada",harmonics_utide_tidetables.txt,0,35040,0.026,0.101,0,0.0,3.205,Canada_IWLS_BC,0,nein
07707_Kitsilano_wlp.csv,49.2766,-123.1394,2025,"Kitsilano, British Columbia, Canada",harmonics_utide_observations.txt,0,35040,0.0606,0.225,0,-0.041,5.177,Canada_IWLS_BC,0,nein
07707_Kitsilano_wlp.csv,49.2766,-123.1394,2025,"Kitsilano, British Columbia, Canada",harmonics_utide_tidetables.txt,0,35040,0.0379,0.159,0,0.0,5.118,Canada_IWLS_BC,0,nein
07707_Kitsilano_wlp.csv,49.2766,-123.1394,2025,"False Creek, British Columbia, Canada",harmonics_utide_tidetables.txt,1535,35040,0.1456,0.445,0,0.129,5.161,Canada_IWLS_BC,0,nein
07710_False_Creek_wlp.csv,49.2710,-123.1200,2025,"False Creek, British Columbia, Canada",harmonics_utide_tidetables.txt,0,35040,0.027,0.103,0,0.0,5.161,Canada_IWLS_BC,0,nein
07710_False_Creek_wlp.csv,49.2710,-123.1200,2025,"Kitsilano, British Columbia, Canada",harmonics_utide_observations.txt,1536,35040,0.1323,0.489,-10,-0.17,5.177,Canada_IWLS_BC,0,nein
07710_False_Creek_wlp.csv,49.2710,-123.1200,2025,"Kitsilano, British Columbia, Canada",harmonics_utide_tidetables.txt,1536,35040,0.141,0.472,0,-0.129,5.118,Canada_IWLS_BC,0,nein
07710_False_Creek_wlp.csv,49.2710,-123.1200,2025,"Vancouver (CRAB Park at Portside), British Columbia, Canada",harmonics_utide_observations.txt,2250,35040,0.1384,0.477,10,-0.125,5.211,Canada_IWLS_BC,0,nein
07710_False_Creek_wlp.csv,49.2710,-123.1200,2025,"Vancouver (CRAB Park at Portside), British Columbia, Canada",harmonics_utide_tidetables.txt,2250,35040,0.1337,0.444,10,-0.074,5.103,Canada_IWLS_BC,0,nein
07724_Calamity_Point_wlp.csv,49.3126,-123.1277,2025,"Calamity Point, British Columbia, Canada",harmonics_utide_observations.txt,0,35040,0.062,0.23,0,-0.011,5.036,Canada_IWLS_BC,0,nein
07724_Calamity_Point_wlp.csv,49.3126,-123.1277,2025,"Calamity Point, British Columbia, Canada",harmonics_utide_tidetables.txt,0,35040,0.032,0.135,0,0.0,5.107,Canada_IWLS_BC,0,nein
07724_Calamity_Point_wlp.csv,49.3126,-123.1277,2025,"Ambleside, British Columbia, Canada",harmonics_utide_observations.txt,2440,35040,0.0597,0.24,-10,-0.113,5.18,Canada_IWLS_BC,0,nein
07724_Calamity_Point_wlp.csv,49.3126,-123.1277,2025,"Ambleside, British Columbia, Canada",harmonics_utide_tidetables.txt,2440,35040,0.0598,0.25,-10,-0.031,5.167,Canada_IWLS_BC,0,nein
07735_Vancouver_wlp.csv,49.2863,-123.0997,2025,"Vancouver (CRAB Park at Portside), British Columbia, Canada",harmonics_utide_observations.txt,0,35040,0.047,0.222,0,-0.051,5.211,Canada_IWLS_BC,0,nein
07735_Vancouver_wlp.csv,49.2863,-123.0997,2025,"Vancouver (CRAB Park at Portside), British Columbia, Canada",harmonics_utide_tidetables.txt,0,35040,0.0318,0.132,0,0.0,5.103,Canada_IWLS_BC,0,nein
07735_Vancouver_wlp.csv,49.2863,-123.0997,2025,"False Creek, British Columbia, Canada",harmonics_utide_tidetables.txt,2250,35040,0.1365,0.45,-10,0.074,5.161,Canada_IWLS_BC,0,nein
07755_Port_Moody_wlp.csv,49.2877,-122.8658,2025,"Port Moody, British Columbia, Canada",harmonics_utide_observations.txt,0,35040,0.0648,0.271,0,-0.136,5.375,Canada_IWLS_BC,0,nein
07755_Port_Moody_wlp.csv,49.2877,-122.8658,2025,"Port Moody, British Columbia, Canada",harmonics_utide_tidetables.txt,0,35040,0.0372,0.162,0,0.0,5.333,Canada_IWLS_BC,0,nein
07765_Deep_Cove_wlp.csv,49.3268,-122.9485,2025,"Deep Cove, British Columbia, Canada",harmonics_utide_tidetables.txt,22,35040,0.0654,0.188,0,-0.0,5.371,Canada_IWLS_BC,0,nein
07774_Indian_Arm_Head_wlp.csv,49.4618,-122.8861,2025,"Indian Arm Head, British Columbia, Canada",harmonics_utide_tidetables.txt,0,35040,0.0472,0.188,0,0.0,5.306,Canada_IWLS_BC,0,nein
07780_Ambleside_wlp.csv,49.3258,-123.1546,2025,"Ambleside, British Columbia, Canada",harmonics_utide_observations.txt,0,35040,0.0549,0.245,0,-0.082,5.18,Canada_IWLS_BC,0,nein
07780_Ambleside_wlp.csv,49.3258,-123.1546,2025,"Ambleside, British Columbia, Canada",harmonics_utide_tidetables.txt,0,35040,0.0322,0.14,0,0.0,5.167,Canada_IWLS_BC,0,nein
07780_Ambleside_wlp.csv,49.3258,-123.1546,2025,"Calamity Point, British Columbia, Canada",harmonics_utide_observations.txt,2441,35040,0.077,0.332,10,0.02,5.036,Canada_IWLS_BC,0,nein
07780_Ambleside_wlp.csv,49.3258,-123.1546,2025,"Calamity Point, British Columbia, Canada",harmonics_utide_tidetables.txt,2441,35040,0.0582,0.235,10,0.031,5.107,Canada_IWLS_BC,0,nein
07786_Sandy_Cove_wlp.csv,49.3405,-123.2319,2025,"Sandy Cove, British Columbia, Canada",harmonics_utide_observations.txt,0,35040,0.0436,0.186,0,-0.041,5.152,Canada_IWLS_BC,0,nein
07786_Sandy_Cove_wlp.csv,49.3405,-123.2319,2025,"Sandy Cove, British Columbia, Canada",harmonics_utide_tidetables.txt,0,35040,0.0303,0.135,0,0.0,5.102,Canada_IWLS_BC,0,nein
07786_Sandy_Cove_wlp.csv,49.3405,-123.2319,2025,"Point Atkinson, British Columbia, Canada",harmonics_utide_observations.txt,1606,35040,0.0443,0.188,0,-0.04,5.154,Canada_IWLS_BC,0,nein
07786_Sandy_Cove_wlp.csv,49.3405,-123.2319,2025,"Point Atkinson, British Columbia, Canada",harmonics_utide_tidetables.txt,1606,35040,0.0369,0.166,0,0.0,5.097,Canada_IWLS_BC,0,nein
07786_Sandy_Cove_wlp.csv,49.3405,-123.2319,2025,"Atkinson Point, Burrard Inlet, British Columbia, Canada",harmonics_noaa_amtt.txt,2954,35040,0.0734,0.261,-20,0.438,5.117,Canada_IWLS_BC,0,nein
07795_Point_Atkinson_wlp.csv,49.3375,-123.2536,2025,"Point Atkinson, British Columbia, Canada",harmonics_utide_observations.txt,0,35040,0.0425,0.182,0,-0.04,5.154,Canada_IWLS_BC,0,nein
07795_Point_Atkinson_wlp.csv,49.3375,-123.2536,2025,"Point Atkinson, British Columbia, Canada",harmonics_utide_tidetables.txt,0,35040,0.0317,0.135,0,0.0,5.097,Canada_IWLS_BC,0,nein
07795_Point_Atkinson_wlp.csv,49.3375,-123.2536,2025,"Sandy Cove, British Columbia, Canada",harmonics_utide_observations.txt,1606,35040,0.042,0.184,0,-0.042,5.152,Canada_IWLS_BC,0,nein
07795_Point_Atkinson_wlp.csv,49.3375,-123.2536,2025,"Sandy Cove, British Columbia, Canada",harmonics_utide_tidetables.txt,1606,35040,0.0362,0.148,0,0.0,5.102,Canada_IWLS_BC,0,nein
07795_Point_Atkinson_wlp.csv,49.3375,-123.2536,2025,"Atkinson Point, Burrard Inlet, British Columbia, Canada",harmonics_noaa_amtt.txt,2327,35040,0.0736,0.26,-10,0.438,5.117,Canada_IWLS_BC,0,nein
07803_Port_Mellon_wlp.csv,49.5192,-123.4853,2025,"Port Mellon, British Columbia, Canada",harmonics_utide_tidetables.txt,0,35040,0.0313,0.133,0,0.0,5.297,Canada_IWLS_BC,0,nein
07808_Darrell_Bay_wlp.csv,49.6690,-123.1690,2025,"Darrell Bay, British Columbia, Canada",harmonics_utide_observations.txt,0,35040,0.0569,0.249,0,-0.049,5.22,Canada_IWLS_BC,0,nein
07808_Darrell_Bay_wlp.csv,49.6690,-123.1690,2025,"Darrell Bay, British Columbia, Canada",harmonics_utide_tidetables.txt,0,35040,0.0346,0.145,0,0.0,5.212,Canada_IWLS_BC,0,nein
07811_Squamish_Inner_wlp.csv,49.6950,-123.1550,2025,"Squamish Yacht Club, British Columbia, Canada",harmonics_utide_tidetables.txt,0,35040,0.0301,0.124,0,0.0,5.273,Canada_IWLS_BC,0,nein
07820_Gibsons_wlp.csv,49.4020,-123.5050,2025,"Gibsons, British Columbia, Canada",harmonics-1997-05-25_mod.txt,159,35040,0.0575,0.225,0,-0.0,5.241,Canada_IWLS_BC,0,nein
07820_Gibsons_wlp.csv,49.4020,-123.5050,2025,"Gibsons, British Columbia, Canada",harmonics-2004-06-14_mod.txt,159,35040,0.0575,0.225,0,-0.0,5.241,Canada_IWLS_BC,0,nein
07820_Gibsons_wlp.csv,49.4020,-123.5050,2025,"Gibsons, British Columbia, Canada",harmonics_utide_tidetables.txt,159,35040,0.0299,0.125,0,0.0,5.202,Canada_IWLS_BC,0,nein
07824_Roberts_Creek_wlp.csv,49.4190,-123.6420,2025,"Roberts Creek, British Columbia, Canada",harmonics_utide_tidetables.txt,0,35040,0.0284,0.11,0,0.0,4.988,Canada_IWLS_BC,0,nein
07830_Halfmoon_Bay_wlp.csv,49.5110,-123.9120,2025,"Halfmoon Bay, British Columbia, Canada",harmonics_utide_tidetables.txt,0,35040,0.0304,0.132,0,0.0,5.255,Canada_IWLS_BC,0,nein
07836_Irvines_Landing_wlp.csv,49.6330,-124.0580,2025,"Irvines Landing, British Columbia, Canada",harmonics_utide_tidetables.txt,123,35040,0.0334,0.134,0,0.0,5.24,Canada_IWLS_BC,0,nein
07836_Irvines_Landing_wlp.csv,49.6330,-124.0580,2025,"Pender Harbour (Garden Bay), British Columbia, Canada",harmonics_utide_tidetables.txt,1872,35040,0.1268,0.412,10,0.046,5.134,Canada_IWLS_BC,0,nein
07837_ḵalpilin_wlp.csv,49.6330,-124.0320,2025,"Pender Harbour (Garden Bay), British Columbia, Canada",harmonics_utide_tidetables.txt,0,35040,0.0275,0.104,0,0.0,5.134,Canada_IWLS_BC,0,nein
07837_ḵalpilin_wlp.csv,49.6330,-124.0320,2025,"Irvines Landing, British Columbia, Canada",harmonics_utide_tidetables.txt,1803,35040,0.1232,0.403,-10,-0.046,5.24,Canada_IWLS_BC,0,nein
07842_Egmont_wlp.csv,49.7490,-123.9300,2025,"Egmont, British Columbia, Canada",harmonics_utide_tidetables.txt,0,35040,0.0327,0.141,0,0.0,5.405,Canada_IWLS_BC,0,nein
07847_Storm_Bay_wlp.csv,49.6620,-123.8260,2025,"Storm Bay, British Columbia, Canada",harmonics_utide_tidetables.txt,0,35040,0.0319,0.102,0,-0.0,3.27,Canada_IWLS_BC,0,nein
07852_Porpoise_Bay_wlp.csv,49.4820,-123.7590,2025,"Porpoise Bay (Sechelt Inlet), British Columbia, Canada",harmonics_utide_tidetables.txt,0,35040,0.0184,0.087,0,0.0,2.915,Canada_IWLS_BC,0,nein
07865_Blind_Bay_wlp.csv,49.7160,-124.1790,2025,"Blind Bay, British Columbia, Canada",harmonics_utide_tidetables.txt,0,35040,0.0286,0.109,0,0.0,5.467,Canada_IWLS_BC,0,nein
07868_Saltery_Bay_wlp.csv,49.7833,-124.1833,2025,"Saltery Bay, British Columbia, Canada",harmonics_utide_tidetables.txt,496,35040,0.043,0.177,0,0.0,5.366,Canada_IWLS_BC,0,nein
07875_Blubber_Bay_wlp.csv,49.8000,-124.6167,2025,"Blubber Bay, British Columbia, Canada",harmonics_utide_tidetables.txt,0,35040,0.029,0.116,0,0.0,5.19,Canada_IWLS_BC,0,nein
07880_Powell_River_wlp.csv,49.8667,-124.5500,2025,"Powell River, British Columbia, Canada",harmonics_utide_tidetables.txt,223,35040,0.0324,0.135,0,0.0,5.531,Canada_IWLS_BC,0,nein
07885_Lund_wlp.csv,49.9833,-124.7667,2025,"Lund, British Columbia, Canada",harmonics_utide_tidetables.txt,0,35040,0.034,0.137,0,0.0,5.438,Canada_IWLS_BC,0,nein
07892_Twin_Islands_wlp.csv,50.0300,-124.9300,2025,"Twin Islands, British Columbia, Canada",harmonics-2004-06-14_mod.txt,0,35040,0.0458,0.195,0,0.01,5.523,Canada_IWLS_BC,0,nein
07892_Twin_Islands_wlp.csv,50.0300,-124.9300,2025,"Twin Islands, British Columbia, Canada",harmonics_utide_tidetables.txt,0,35040,0.0346,0.142,0,0.0,5.481,Canada_IWLS_BC,0,nein
07895_Mitlenatch_wlp.csv,49.9500,-124.9980,2025,"Mitlenatch Island, British Columbia, Canada",harmonics-2004-06-14_mod.txt,0,35040,0.082,0.283,0,0.05,5.418,Canada_IWLS_BC,0,nein
07895_Mitlenatch_wlp.csv,49.9500,-124.9980,2025,"Mitlenatch Island, British Columbia, Canada",harmonics_utide_tidetables.txt,0,35040,0.0318,0.125,0,0.0,5.378,Canada_IWLS_BC,0,nein
07913_Harmac_wlp.csv,49.1400,-123.8460,2025,"Harmac, British Columbia, Canada",harmonics_utide_tidetables.txt,0,35040,0.0321,0.141,0,0.0,5.227,Canada_IWLS_BC,0,nein
07917_Nanaimo_Harbour_wlp.csv,49.1628,-123.9235,2025,"Nanaimo Harbour, British Columbia, Canada",harmonics_utide_observations.txt,0,35040,0.0427,0.175,0,-0.003,5.249,Canada_IWLS_BC,0,nein
07917_Nanaimo_Harbour_wlp.csv,49.1628,-123.9235,2025,"Nanaimo Harbour, British Columbia, Canada",harmonics_utide_tidetables.txt,0,35040,0.0324,0.144,0,0.0,5.197,Canada_IWLS_BC,0,nein
07930_Nanoose_Bay_wlp.csv,49.2500,-124.1700,2025,"Nanoose Bay, British Columbia, Canada",harmonics_utide_tidetables.txt,490,35040,0.0319,0.135,0,0.0,5.226,Canada_IWLS_BC,0,nein
07935_Winchelsea_Island_wlp.csv,49.3000,-124.0860,2025,"Winchelsea Island, British Columbia, Canada",harmonics_utide_tidetables.txt,0,35040,0.0306,0.131,0,0.0,5.216,Canada_IWLS_BC,0,nein
07938_Northwest_Bay_wlp.csv,49.3030,-124.2020,2025,"Northwest Bay, British Columbia, Canada",harmonics-2004-06-14_mod.txt,0,35040,0.0547,0.198,0,-0.009,5.232,Canada_IWLS_BC,0,nein
07938_Northwest_Bay_wlp.csv,49.3030,-124.2020,2025,"Northwest Bay, British Columbia, Canada",harmonics_utide_tidetables.txt,0,35040,0.0333,0.136,0,0.0,5.207,Canada_IWLS_BC,0,nein
07940_French_Creek_wlp.csv,49.3496,-124.3588,2025,"French Creek, British Columbia, Canada",harmonics_utide_tidetables.txt,0,35040,0.0323,0.136,0,0.0,5.337,Canada_IWLS_BC,0,nein
07953_Hornby_Island_wlp.csv,49.4962,-124.6760,2025,"Hornby Island, British Columbia, Canada",harmonics_utide_tidetables.txt,0,35040,0.0288,0.121,0,0.0,5.375,Canada_IWLS_BC,0,nein
07955_Denman_Island_wlp.csv,49.5345,-124.8209,2025,"Denman Island, British Columbia, Canada",harmonics_utide_tidetables.txt,0,35040,0.0323,0.138,0,0.0,5.541,Canada_IWLS_BC,0,nein
07965_Comox_wlp.csv,49.6700,-124.9280,2025,"Comox, British Columbia, Canada",harmonics_utide_tidetables.txt,0,35040,0.035,0.141,0,0.0,5.392,Canada_IWLS_BC,0,nein
07982_False_Bay_wlp.csv,49.4830,-124.3500,2025,"Lasqueti Island (False Bay), British Columbia, Canada",harmonics_utide_tidetables.txt,926,35040,0.0341,0.143,0,0.0,5.418,Canada_IWLS_BC,0,nein
07985_Skerry_Bay_wlp.csv,49.5000,-124.2370,2025,"Skerry Bay, British Columbia, Canada",harmonics_utide_tidetables.txt,0,35040,0.0354,0.14,0,0.0,5.095,Canada_IWLS_BC,0,nein
07990_Welcome_Bay_wlp.csv,49.7000,-124.5500,2025,"Welcome Bay (Texada Mines), British Columbia, Canada",harmonics-2004-06-14_mod.txt,0,35040,0.0642,0.241,0,-0.0,5.507,Canada_IWLS_BC,0,nein
07990_Welcome_Bay_wlp.csv,49.7000,-124.5500,2025,"Welcome Bay (Texada Mines), British Columbia, Canada",harmonics_utide_tidetables.txt,0,35040,0.0323,0.144,0,0.0,5.509,Canada_IWLS_BC,0,nein
07993_Little_River_wlp.csv,49.7410,-124.9230,2025,"Little River, British Columbia, Canada",harmonics_utide_tidetables.txt,75,35040,0.0334,0.142,0,0.0,5.437,Canada_IWLS_BC,0,nein
08006_Okeover_Inlet_wlp.csv,49.9800,-124.7000,2025,"Okeover Inlet, British Columbia, Canada",harmonics_utide_tidetables.txt,142,35040,0.0461,0.168,0,0.0,5.506,Canada_IWLS_BC,0,nein
08008_Prideaux_Haven_wlp.csv,50.1500,-124.6700,2025,"Prideaux Haven, British Columbia, Canada",harmonics_utide_tidetables.txt,0,35040,0.0408,0.15,0,-0.0,5.437,Canada_IWLS_BC,0,nein
08015_Channel_Island_wlp.csv,50.3167,-124.7500,2025,"Channel Island, British Columbia, Canada",harmonics_utide_tidetables.txt,0,35040,0.035,0.146,0,-0.0,5.458,Canada_IWLS_BC,0,nein
08025_Redonda_Bay_wlp.csv,50.2605,-124.9553,2025,"Redonda Bay, British Columbia, Canada",harmonics_utide_tidetables.txt,0,35040,0.0333,0.137,0,-0.0,5.281,Canada_IWLS_BC,0,nein
08025_Redonda_Bay_wlp.csv,50.2605,-124.9553,2025,"Redonda Bay, Deer Passage, British Columbia, Canada",harmonics_noaa_amtt.txt,2106,35040,0.1173,0.461,-10,-0.032,5.512,Canada_IWLS_BC,0,nein
08035_Heriot_Bay_wlp.csv,50.1000,-125.2000,2025,"Heriot Bay, British Columbia, Canada",harmonics_utide_tidetables.txt,0,35040,0.0306,0.135,0,0.0,5.14,Canada_IWLS_BC,0,nein
08037_Gorge_Harbour_wlp.csv,50.0920,-124.9890,2025,"Gorge Harbour, British Columbia, Canada",harmonics_utide_tidetables.txt,0,35040,0.041,0.158,0,-0.0,5.547,Canada_IWLS_BC,0,nein
08038_Whaletown_wlp.csv,50.1080,-125.0520,2025,"Whaletown, British Columbia, Canada",harmonics_utide_tidetables.txt,0,35040,0.0336,0.152,0,0.0,5.487,Canada_IWLS_BC,0,nein
08045_Surge_Narrows_wlp.csv,50.2272,-125.1120,2025,"Surge Narrows, British Columbia, Canada",harmonics_utide_tidetables.txt,0,35040,0.0278,0.104,0,0.0,5.24,Canada_IWLS_BC,0,nein
08050_Octopus_Islands_wlp.csv,50.2820,-125.2240,2025,"Octopus Islands, British Columbia, Canada",harmonics_utide_tidetables.txt,0,35040,0.0247,0.106,0,0.0,4.352,Canada_IWLS_BC,0,nein
08055_Florence_Cove_wlp.csv,50.3130,-125.1650,2025,"Florence Cove, British Columbia, Canada",harmonics_utide_tidetables.txt,0,35040,0.0326,0.154,0,0.0,5.52,Canada_IWLS_BC,0,nein
"08060_Big_Bay,_Stuart_Island_wlp.csv",50.3930,-125.1352,2025,"Big Bay, Stuart Island, British Columbia, Canada",harmonics_utide_tidetables.txt,0,35040,0.0249,0.105,0,0.0,4.43,Canada_IWLS_BC,0,nein
08065_Orford_Bay_wlp.csv,50.5980,-124.8644,2025,"Orford Bay, British Columbia, Canada",harmonics_utide_tidetables.txt,0,35040,0.0349,0.147,0,-0.0,5.485,Canada_IWLS_BC,0,nein
08069_Waddington_Harbour_wlp.csv,50.8730,-124.8730,2025,"Waddington Harbour, British Columbia, Canada",harmonics_utide_tidetables.txt,0,35040,0.0363,0.16,0,0.0,5.466,Canada_IWLS_BC,0,nein
08074_Campbell_River_wlp.csv,50.0420,-125.2470,2025,"Campbell River, British Columbia, Canada",harmonics_utide_observations.txt,0,35040,0.0455,0.193,0,0.074,4.358,Canada_IWLS_BC,0,nein
08074_Campbell_River_wlp.csv,50.0420,-125.2470,2025,"Campbell River, British Columbia, Canada",harmonics_utide_tidetables.txt,0,35040,0.0301,0.118,0,0.0,4.329,Canada_IWLS_BC,0,nein
08074_Campbell_River_wlp.csv,50.0420,-125.2470,2025,"Quathiaski Cove, British Columbia, Canada",harmonics_utide_tidetables.txt,2144,35040,0.0711,0.283,10,0.079,4.494,Canada_IWLS_BC,0,nein
08079_Quathiaski_Cove_wlp.csv,50.0470,-125.2180,2025,"Quathiaski Cove, British Columbia, Canada",harmonics_utide_tidetables.txt,0,35040,0.0382,0.161,0,0.0,4.494,Canada_IWLS_BC,0,nein
08079_Quathiaski_Cove_wlp.csv,50.0470,-125.2180,2025,"Gowlland Hbr., British Columbia, Canada",harmonics_utide_tidetables.txt,2003,35040,0.1878,0.879,-10,0.391,3.92,Canada_IWLS_BC,0,nein
08079_Quathiaski_Cove_wlp.csv,50.0470,-125.2180,2025,"Campbell River, British Columbia, Canada",harmonics_utide_observations.txt,2144,35040,0.0763,0.326,-10,-0.005,4.358,Canada_IWLS_BC,0,nein
08079_Quathiaski_Cove_wlp.csv,50.0470,-125.2180,2025,"Campbell River, British Columbia, Canada",harmonics_utide_tidetables.txt,2144,35040,0.0761,0.31,-10,-0.079,4.329,Canada_IWLS_BC,0,nein
08082_Gowlland_Hbr_wlp.csv,50.0650,-125.2170,2025,"Gowlland Hbr., British Columbia, Canada",harmonics_utide_tidetables.txt,0,35040,0.0214,0.085,0,0.0,3.92,Canada_IWLS_BC,0,nein
08082_Gowlland_Hbr_wlp.csv,50.0650,-125.2170,2025,"Quathiaski Cove, British Columbia, Canada",harmonics_utide_tidetables.txt,2003,35040,0.1849,0.815,10,-0.391,4.494,Canada_IWLS_BC,0,nein
08087_Duncan_Bay_wlp.csv,50.0760,-125.3010,2025,"Duncan Bay, British Columbia, Canada",harmonics_utide_tidetables.txt,0,35040,0.0298,0.141,0,-0.0,4.137,Canada_IWLS_BC,0,nein
08095_Bloedel_-_Menzies_Bay_wlp.csv,50.1180,-125.3810,2025,"Bloedel - Menzies Bay, British Columbia, Canada",harmonics_utide_tidetables.txt,0,35040,0.0201,0.081,0,0.0,3.823,Canada_IWLS_BC,0,nein
08105_Seymour_Narrows_wlp.csv,50.1350,-125.3460,2025,"Seymour Narrows, British Columbia, Canada",harmonics_utide_tidetables.txt,0,35040,0.0402,0.238,0,0.0,4.953,Canada_IWLS_BC,0,nein
08110_Brown_Bay_wlp.csv,50.1620,-125.3750,2025,"Brown Bay, British Columbia, Canada",harmonics_utide_tidetables.txt,0,35040,0.0273,0.124,0,-0.0,4.92,Canada_IWLS_BC,0,nein
08120_Owen_Bay_wlp.csv,50.3105,-125.2234,2025,"Owen Bay, British Columbia, Canada",harmonics_utide_tidetables.txt,0,35040,0.0249,0.098,0,0.0,4.772,Canada_IWLS_BC,0,nein
08135_Mermaid_Bay_wlp.csv,50.4040,-125.1854,2025,"Mermaid Bay, British Columbia, Canada",harmonics_utide_tidetables.txt,0,35040,0.0246,0.105,0,-0.0,4.39,Canada_IWLS_BC,0,nein
08145_Shoal_Bay_wlp.csv,50.4600,-125.3610,2025,"Shoal Bay, British Columbia, Canada",harmonics_utide_tidetables.txt,0,35040,0.0266,0.108,0,0.0,4.82,Canada_IWLS_BC,0,nein
08150_Cordero_Islands_wlp.csv,50.4420,-125.4920,2025,"Cordero Islands, British Columbia, Canada",harmonics_utide_tidetables.txt,0,35040,0.0261,0.101,0,0.0,4.737,Canada_IWLS_BC,0,nein
08155_Blind_Channel_wlp.csv,50.4140,-125.5020,2025,"Blind Channel, British Columbia, Canada",harmonics_utide_tidetables.txt,0,35040,0.0321,0.13,0,0.0,4.676,Canada_IWLS_BC,0,nein
08162_Sidney_Bay_wlp.csv,50.5167,-125.5833,2025,"Sidney Bay, British Columbia, Canada",harmonics_utide_tidetables.txt,0,35040,0.0256,0.095,0,0.0,4.597,Canada_IWLS_BC,0,nein
08180_Chatham_Pt_wlp.csv,50.3310,-125.4420,2025,"Chatham Point, British Columbia, Canada",harmonics-2004-06-14_mod.txt,0,35040,0.0669,0.203,0,-0.0,4.905,Canada_IWLS_BC,0,nein
08180_Chatham_Pt_wlp.csv,50.3310,-125.4420,2025,"Chatham Point, British Columbia, Canada",harmonics_utide_tidetables.txt,0,35040,0.029,0.111,0,0.0,4.94,Canada_IWLS_BC,0,nein
08195_Knox_Bay_wlp.csv,50.3870,-125.6190,2025,"Knox Bay, British Columbia, Canada",harmonics_utide_tidetables.txt,0,35040,0.0246,0.095,0,0.0,4.714,Canada_IWLS_BC,0,nein
08210_Billy_Goat_Bay_wlp.csv,50.3980,-125.8650,2025,"Billy Goat Bay, British Columbia, Canada",harmonics_utide_tidetables.txt,0,35040,0.0256,0.096,0,0.0,4.565,Canada_IWLS_BC,0,nein
08215_Kelsey_Bay_wlp.csv,50.3980,-125.9610,2025,"Kelsey Bay, British Columbia, Canada",harmonics_utide_tidetables.txt,0,35040,0.032,0.133,0,0.0,5.314,Canada_IWLS_BC,0,nein
08233_Yorke_Island_wlp.csv,50.4440,-125.9780,2025,"Yorke Island, British Columbia, Canada",harmonics-2004-06-14_mod.txt,0,35040,0.0456,0.183,0,0.0,5.279,Canada_IWLS_BC,0,nein
08233_Yorke_Island_wlp.csv,50.4440,-125.9780,2025,"Yorke Island, British Columbia, Canada",harmonics_utide_tidetables.txt,0,35040,0.0335,0.132,0,0.0,5.299,Canada_IWLS_BC,0,nein
08245_Port_Neville_wlp.csv,50.4960,-126.0870,2025,"Port Neville, British Columbia, Canada",harmonics_utide_tidetables.txt,0,35040,0.0297,0.108,0,0.0,5.191,Canada_IWLS_BC,0,nein
08250_Port_Harvey_wlp.csv,50.5680,-126.2680,2025,"Port Harvey, British Columbia, Canada",harmonics_utide_tidetables.txt,0,35040,0.0285,0.103,0,0.0,4.987,Canada_IWLS_BC,0,nein
08258_Lagoon_Cove_wlp.csv,50.5977,-126.3190,2025,"Lagoon Cove, British Columbia, Canada",harmonics_utide_tidetables.txt,0,35040,0.0348,0.125,0,0.0,5.74,Canada_IWLS_BC,0,nein
08270_Growler_Cove_wlp.csv,50.5300,-126.6200,2025,"Growler Cove, British Columbia, Canada",harmonics_utide_tidetables.txt,0,35040,0.0328,0.139,0,-0.0,5.277,Canada_IWLS_BC,0,nein
08280_Alert_Bay_wlp.csv,50.5870,-126.9310,2025,"Alert Bay (Cormorant Island), British Columbia, Canada",harmonics_utide_tidetables.txt,111,35040,0.0322,0.134,0,0.0,5.394,Canada_IWLS_BC,0,nein
08290_Port_McNeill_wlp.csv,50.5930,-127.0940,2025,"Port McNeill, British Columbia, Canada",harmonics_utide_tidetables.txt,0,35040,0.0309,0.109,0,0.0,5.18,Canada_IWLS_BC,0,nein
08310_Glendale_Cove_wlp.csv,50.6743,-125.7369,2025,"Glendale Cove, British Columbia, Canada",harmonics_utide_tidetables.txt,0,35040,0.0354,0.13,0,0.0,5.743,Canada_IWLS_BC,0,nein
08310_Glendale_Cove_wlp.csv,50.6743,-125.7369,2025,"Siwash Bay, British Columbia, Canada",harmonics_utide_tidetables.txt,2204,35040,0.1601,0.586,10,0.02,6.342,Canada_IWLS_BC,0,nein
08311_Siwash_Bay_wlp.csv,50.6872,-125.7606,2025,"Siwash Bay, British Columbia, Canada",harmonics_utide_tidetables.txt,0,35040,0.0526,0.209,0,0.0,6.342,Canada_IWLS_BC,0,nein
08311_Siwash_Bay_wlp.csv,50.6872,-125.7606,2025,"Glendale Cove, British Columbia, Canada",harmonics_utide_tidetables.txt,2205,35040,0.1676,0.587,-10,-0.019,5.743,Canada_IWLS_BC,0,nein
08313_Montagu_Point_wlp.csv,50.6391,-126.2128,2025,"Montagu Point, British Columbia, Canada",harmonics_utide_tidetables.txt,0,35040,0.0376,0.149,0,0.0,6.163,Canada_IWLS_BC,0,nein
08313_Montagu_Point_wlp.csv,50.6391,-126.2128,2025,"Shewell Island, British Columbia, Canada",harmonics_utide_tidetables.txt,2834,35040,0.0491,0.204,0,0.119,6.152,Canada_IWLS_BC,0,nein
08318_Shewell_Island_wlp.csv,50.6583,-126.2392,2025,"Shewell Island, British Columbia, Canada",harmonics_utide_tidetables.txt,0,35040,0.0379,0.153,0,0.0,6.152,Canada_IWLS_BC,0,nein
08318_Shewell_Island_wlp.csv,50.6583,-126.2392,2025,"Montagu Point, British Columbia, Canada",harmonics_utide_tidetables.txt,2834,35040,0.0478,0.189,0,-0.118,6.163,Canada_IWLS_BC,0,nein
08325_Cedar_Island_wlp.csv,50.6567,-126.6750,2025,"Cedar Island, British Columbia, Canada",harmonics_utide_tidetables.txt,0,35040,0.0354,0.143,0,0.0,5.748,Canada_IWLS_BC,0,nein
08340_Sunday_Harbour_wlp.csv,50.7200,-126.7000,2025,"Sunday Harbour, British Columbia, Canada",harmonics_utide_tidetables.txt,0,35040,0.0321,0.117,0,0.0,5.416,Canada_IWLS_BC,0,nein
08347_Kwatsi_Bay_wlp.csv,50.8643,-126.2486,2025,"Kwatsi Bay, British Columbia, Canada",harmonics_utide_tidetables.txt,0,35040,0.0363,0.144,0,0.0,5.977,Canada_IWLS_BC,0,nein
08348_Kingcome_Inlet_wlp.csv,50.9087,-126.1994,2025,"Kingcome Inlet, British Columbia, Canada",harmonics_utide_tidetables.txt,0,35040,0.0357,0.142,0,0.0,5.682,Canada_IWLS_BC,0,nein
08364_Sullivan_Bay_wlp.csv,50.8860,-126.8260,2025,"Sullivan Bay, British Columbia, Canada",harmonics_utide_tidetables.txt,0,35040,0.0349,0.143,0,0.0,5.581,Canada_IWLS_BC,0,nein
08371_Jessie_Point_wlp.csv,50.9510,-126.8120,2025,"Jessie Point (Kenneth Passage), British Columbia, Canada",harmonics-2004-06-14_mod.txt,0,35040,0.1164,0.4,0,-0.0,5.633,Canada_IWLS_BC,0,nein
08371_Jessie_Point_wlp.csv,50.9510,-126.8120,2025,"Jessie Point (Kenneth Passage), British Columbia, Canada",harmonics_utide_tidetables.txt,0,35040,0.0323,0.115,0,0.0,5.393,Canada_IWLS_BC,0,nein
08379_Stuart_Narrows_wlp.csv,50.8970,-126.8960,2025,"Stuart Narrows (Pandora Head), British Columbia, Canada",harmonics-2004-06-14_mod.txt,0,35040,0.1312,0.45,0,0.065,5.622,Canada_IWLS_BC,0,nein
08379_Stuart_Narrows_wlp.csv,50.8970,-126.8960,2025,"Stuart Narrows (Pandora Head), British Columbia, Canada",harmonics_utide_tidetables.txt,0,35040,0.0345,0.144,0,0.0,5.523,Canada_IWLS_BC,0,nein
08384_Jennis_Bay_wlp.csv,50.9130,-127.0260,2025,"Jennis Bay, British Columbia, Canada",harmonics_utide_tidetables.txt,0,35040,0.0361,0.15,0,0.0,5.813,Canada_IWLS_BC,0,nein
08394_Raynor_Group_wlp.csv,50.8860,-127.2430,2025,"Blunden Harbour, British Columbia, Canada",harmonics-2004-06-14_mod.txt,0,35040,0.1249,0.493,0,-0.074,5.474,Canada_IWLS_BC,0,nein
08394_Raynor_Group_wlp.csv,50.8860,-127.2430,2025,"Raynor Group, British Columbia, Canada",harmonics_utide_tidetables.txt,0,35040,0.0306,0.111,0,0.0,5.174,Canada_IWLS_BC,0,nein
08408_Port_Hardy_wlp.csv,50.7220,-127.4890,2025,"Port Hardy, British Columbia, Canada",harmonics_utide_observations.txt,0,35040,0.0475,0.207,0,0.022,5.551,Canada_IWLS_BC,0,nein
08408_Port_Hardy_wlp.csv,50.7220,-127.4890,2025,"Port Hardy, British Columbia, Canada",harmonics_utide_tidetables.txt,0,35040,0.0335,0.133,0,0.0,5.521,Canada_IWLS_BC,0,nein
08416_Shushartie_Bay_wlp.csv,50.8560,-127.8590,2025,"Shushartie Bay, British Columbia, Canada",harmonics_utide_tidetables.txt,0,35040,0.0303,0.107,0,0.0,5.05,Canada_IWLS_BC,0,nein
08426_Walker_Group_wlp.csv,50.8990,-127.5260,2025,"Walker Group, British Columbia, Canada",harmonics_utide_tidetables.txt,0,35040,0.0319,0.133,0,0.0,5.021,Canada_IWLS_BC,0,nein
08438_Fox_Islands_wlp.csv,51.0810,-127.6040,2025,"Fox Islands, British Columbia, Canada",harmonics_utide_tidetables.txt,0,35040,0.0315,0.125,0,0.0,5.176,Canada_IWLS_BC,0,nein
08440_Treadwell_Bay_wlp.csv,51.1030,-127.5410,2025,"Johnson Point, British Columbia, Canada",harmonics-2004-06-14_mod.txt,827,35038,0.4142,1.195,130,1.073,1.821,Canada_IWLS_BC,0,nein
08440_Treadwell_Bay_wlp.csv,51.1030,-127.5410,2025,"Johnson Point, British Columbia, Canada",harmonics_utide_tidetables.txt,827,35038,0.4072,1.131,130,1.076,1.879,Canada_IWLS_BC,0,nein
08458_Frederick_Sound_wlp.csv,51.0400,-126.7340,2025,"Frederick Sound, British Columbia, Canada",harmonics_utide_tidetables.txt,0,35040,0.0168,0.057,0,0.0,2.118,Canada_IWLS_BC,0,nein
08464_Nugent_Sound_wlp.csv,51.0833,-127.2500,2025,"Nugent Sound, British Columbia, Canada",harmonics_utide_tidetables.txt,0,35040,0.016,0.054,0,0.0,2.003,Canada_IWLS_BC,0,nein
08470_Johnson_Point_wlp.csv,51.1100,-127.5370,2025,"Johnson Point, British Columbia, Canada",harmonics-2004-06-14_mod.txt,0,35040,0.0778,0.212,0,-0.0,1.821,Canada_IWLS_BC,0,nein
08470_Johnson_Point_wlp.csv,51.1100,-127.5370,2025,"Johnson Point, British Columbia, Canada",harmonics_utide_tidetables.txt,0,35040,0.0332,0.114,0,0.003,1.879,Canada_IWLS_BC,0,nein
08476_Mereworth_Sound_wlp.csv,51.1760,-127.4090,2025,"Mereworth Sound, British Columbia, Canada",harmonics_utide_tidetables.txt,0,35040,0.0159,0.063,0,0.0,2.075,Canada_IWLS_BC,0,nein
08482_Belize_Inlet_wlp.csv,51.1220,-127.2740,2025,"Belize Inlet, British Columbia, Canada",harmonics_utide_tidetables.txt,0,35040,0.0118,0.044,0,0.0,2.047,Canada_IWLS_BC,0,nein
08488_Alison_Sound_wlp.csv,51.1610,-126.9820,2025,"Alison Sound, British Columbia, Canada",harmonics_utide_tidetables.txt,0,35040,0.0158,0.059,0,0.0,2.072,Canada_IWLS_BC,0,nein
08525_Port_Renfrew_wlp.csv,48.5550,-124.4210,2025,"Port Renfrew, British Columbia, Canada",harmonics_utide_observations.txt,0,35040,0.0395,0.148,0,-0.027,3.839,Canada_IWLS_BC,0,nein
08525_Port_Renfrew_wlp.csv,48.5550,-124.4210,2025,"Port Renfrew, British Columbia, Canada",harmonics_utide_tidetables.txt,0,35040,0.0209,0.084,0,0.0,3.801,Canada_IWLS_BC,0,nein
08525_Port_Renfrew_wlp.csv,48.5550,-124.4210,2025,"Port San Juan, British Columbia, Canada",harmonics_noaa_amtt.txt,640,35040,0.2891,0.731,-10,-0.136,4.459,Canada_IWLS_BC,0,nein
08545_Bamfield_wlp.csv,48.8360,-125.1360,2025,"Bamfield, British Columbia, Canada",harmonics_utide_observations.txt,0,35040,0.0313,0.118,0,-0.011,4.119,Canada_IWLS_BC,0,nein
08545_Bamfield_wlp.csv,48.8360,-125.1360,2025,"Bamfield, British Columbia, Canada",harmonics_utide_tidetables.txt,0,35040,0.0246,0.097,0,0.0,4.128,Canada_IWLS_BC,0,nein
08556_Mutine_Point_wlp.csv,48.9420,-125.0190,2025,"Mutine Point, British Columbia, Canada",harmonics_utide_tidetables.txt,0,35040,0.025,0.111,0,0.0,3.918,Canada_IWLS_BC,0,nein
08558_Brooksby_Point_wlp.csv,48.9820,-124.9850,2025,"Brooksby Point (Uchucklesit Inlet), British Columbia, Canada",harmonics-2004-06-14_mod.txt,0,35040,0.0981,0.357,-10,0.004,3.755,Canada_IWLS_BC,0,nein
08558_Brooksby_Point_wlp.csv,48.9820,-124.9850,2025,"Brooksby Point (Uchucklesit Inlet), British Columbia, Canada",harmonics_utide_tidetables.txt,0,35040,0.024,0.1,0,0.0,3.94,Canada_IWLS_BC,0,nein
08559_Head_of_Uchucklesit_wlp.csv,49.0167,-125.0500,2025,"Head of Uchucklesit, British Columbia, Canada",harmonics_utide_tidetables.txt,0,35040,0.0249,0.104,0,0.0,3.983,Canada_IWLS_BC,0,nein
08559_Head_of_Uchucklesit_wlp.csv,49.0167,-125.0500,2025,"Head of Uchucklesit, British Columbia, Canada",harmonics-2004-06-14_mod.txt,3,35040,0.1144,0.371,0,0.207,4.14,Canada_IWLS_BC,0,nein
08565_Franklin_River_wlp.csv,49.1080,-124.8120,2025,"Franklin River, British Columbia, Canada",harmonics-2004-06-14_mod.txt,0,35040,0.0708,0.198,0,0.0,4.027,Canada_IWLS_BC,0,nein
08565_Franklin_River_wlp.csv,49.1080,-124.8120,2025,"Sprout Narrows (Franklin River), British Columbia, Canada",harmonics_utide_tidetables.txt,0,35040,0.0256,0.097,0,0.0,4.112,Canada_IWLS_BC,0,nein
08565_Franklin_River_wlp.csv,49.1080,-124.8120,2025,"Sprout Narrows (Franklin River), British Columbia, Canada",harmonics-2004-06-14_mod.txt,712,35040,0.094,0.308,0,-0.002,4.121,Canada_IWLS_BC,0,nein
08575_Port_Alberni_wlp.csv,49.2256,-124.8136,2025,"Port Alberni, British Columbia, Canada",harmonics_utide_observations.txt,0,35040,0.0427,0.163,0,0.025,4.155,Canada_IWLS_BC,0,nein
08575_Port_Alberni_wlp.csv,49.2256,-124.8136,2025,"Port Alberni, British Columbia, Canada",harmonics_utide_tidetables.txt,0,35040,0.0246,0.096,0,0.0,4.115,Canada_IWLS_BC,0,nein
08585_Effingham_Bay_wlp.csv,48.8780,-125.3130,2025,"Effingham Bay, British Columbia, Canada",harmonics_utide_tidetables.txt,0,35040,0.0248,0.098,0,0.0,4.132,Canada_IWLS_BC,0,nein
08588_Stopper_Islands_wlp.csv,48.9930,-125.3460,2025,"Stopper Islands, British Columbia, Canada",harmonics_utide_tidetables.txt,0,35040,0.0239,0.092,0,0.0,4.078,Canada_IWLS_BC,0,nein
08595_Ucluelet_wlp.csv,48.9470,-125.5520,2025,"Ucluelet, British Columbia, Canada",harmonics_utide_tidetables.txt,0,35040,0.0248,0.094,0,0.0,4.104,Canada_IWLS_BC,0,nein
08615_Tofino_wlp.csv,49.1540,-125.9130,2025,"Tofino, British Columbia, Canada",harmonics_utide_observations.txt,0,35040,0.039,0.171,0,0.034,4.212,Canada_IWLS_BC,0,nein
08615_Tofino_wlp.csv,49.1540,-125.9130,2025,"Tofino, British Columbia, Canada",harmonics_utide_tidetables.txt,0,35040,0.0255,0.098,0,0.0,4.192,Canada_IWLS_BC,0,nein
08615_Tofino_wlp.csv,49.1540,-125.9130,2025,"Clayoquot, British Columbia, Canada",harmonics_noaa_amtt.txt,520,35040,0.2904,0.758,-10,-0.101,5.023,Canada_IWLS_BC,0,nein
08623_Kennedy_Cove_wlp.csv,49.1400,-125.6710,2025,"Kennedy Cove, British Columbia, Canada",harmonics_utide_tidetables.txt,0,35040,0.028,0.108,0,0.0,4.341,Canada_IWLS_BC,0,nein
08626_Warn_Bay_wlp.csv,49.2389,-125.7455,2025,"Warn Bay, British Columbia, Canada",harmonics_utide_tidetables.txt,0,35040,0.0264,0.105,0,0.0,4.312,Canada_IWLS_BC,0,nein
08630_Cypress_Bay_wlp.csv,49.2610,-125.8710,2025,"Cypress Bay, British Columbia, Canada",harmonics_utide_tidetables.txt,0,35040,0.0253,0.094,0,0.0,4.255,Canada_IWLS_BC,0,nein
08632_Herbert_Inlet_wlp.csv,49.3460,-125.9840,2025,"Herbert Inlet, British Columbia, Canada",harmonics_utide_tidetables.txt,0,35040,0.0271,0.105,0,0.0,4.281,Canada_IWLS_BC,0,nein
08634_Sulphur_Passage_wlp.csv,49.4040,-126.0680,2025,"Sulphur Passage, British Columbia, Canada",harmonics_utide_tidetables.txt,0,35040,0.0258,0.104,0,0.0,4.2,Canada_IWLS_BC,0,nein
08637_Riley_Cove_wlp.csv,49.3910,-126.2250,2025,"Riley Cove, British Columbia, Canada",harmonics_utide_tidetables.txt,0,35040,0.0258,0.101,0,0.0,4.196,Canada_IWLS_BC,0,nein
08645_Saavedra_Islands_wlp.csv,49.6220,-126.6170,2025,"Saavedra Islands (Nootka Sound), British Columbia, Canada",harmonics_utide_tidetables.txt,0,35040,0.0268,0.108,0,0.0,4.419,Canada_IWLS_BC,0,nein
08645_Saavedra_Islands_wlp.csv,49.6220,-126.6170,2025,"Saavedra Islands (Nootka Sound), British Columbia, Canada",harmonics_noaa_amtt.txt,590,35040,0.2921,0.726,0,0.267,5.111,Canada_IWLS_BC,0,nein
08650_Gold_River_wlp.csv,49.6790,-126.1260,2025,"Gold River, British Columbia, Canada",harmonics_utide_tidetables.txt,0,35040,0.0262,0.107,0,0.0,4.296,Canada_IWLS_BC,0,nein
08664_Ceepeecee_wlp.csv,49.8740,-126.7160,2025,"Ceepeecee, British Columbia, Canada",harmonics_utide_tidetables.txt,0,35040,0.0242,0.088,0,-0.0,4.124,Canada_IWLS_BC,0,nein
08664_Ceepeecee_wlp.csv,49.8740,-126.7160,2025,"Esperanza, British Columbia, Canada",harmonics_utide_tidetables.txt,2019,35040,0.1312,0.407,0,-0.263,4.425,Canada_IWLS_BC,0,nein
08665_Esperanza_wlp.csv,49.8720,-126.7440,2025,"Esperanza, British Columbia, Canada",harmonics_utide_tidetables.txt,0,35040,0.0251,0.103,0,0.0,4.425,Canada_IWLS_BC,0,nein
08665_Esperanza_wlp.csv,49.8720,-126.7440,2025,"Ceepeecee, British Columbia, Canada",harmonics_utide_tidetables.txt,2019,35040,0.1313,0.398,0,0.263,4.124,Canada_IWLS_BC,0,nein
08670_Zeballos_wlp.csv,49.9790,-126.8460,2025,"Zeballos, British Columbia, Canada",harmonics_utide_tidetables.txt,0,35040,0.0265,0.108,0,0.0,4.436,Canada_IWLS_BC,0,nein
08710_Kyuquot_wlp.csv,50.0260,-127.3760,2025,"Kyuquot, British Columbia, Canada",harmonics_utide_tidetables.txt,0,35040,0.027,0.111,0,0.0,4.54,Canada_IWLS_BC,0,nein
08714_Copp_Island_wlp.csv,50.0459,-127.1903,2025,"Copp Island, British Columbia, Canada",harmonics_utide_tidetables.txt,0,35040,0.0255,0.1,0,0.0,4.439,Canada_IWLS_BC,0,nein
08715_Fair_Harbour_wlp.csv,50.0689,-127.1389,2025,"Fair Harbour, British Columbia, Canada",harmonics_utide_tidetables.txt,0,35040,0.0259,0.1,0,0.0,4.485,Canada_IWLS_BC,0,nein
08720_Bunsby_Islands_wlp.csv,50.1176,-127.5096,2025,"Bunsby Islands, British Columbia, Canada",harmonics_utide_tidetables.txt,0,35040,0.0341,0.121,0,0.0,4.521,Canada_IWLS_BC,0,nein
08735_Winter_Harbour_wlp.csv,50.5130,-128.0290,2025,"Winter Harbour, British Columbia, Canada",harmonics_ticon4_worldwide.txt,0,35040,0.0513,0.199,0,2.22,4.468,Canada_IWLS_BC,0,nein
08735_Winter_Harbour_wlp.csv,50.5130,-128.0290,2025,"Winter Harbour, British Columbia, Canada",harmonics_utide_observations.txt,0,35040,0.046,0.176,0,0.019,4.549,Canada_IWLS_BC,0,nein
08735_Winter_Harbour_wlp.csv,50.5130,-128.0290,2025,"Winter Harbour, British Columbia, Canada",harmonics_utide_tidetables.txt,0,35040,0.0261,0.104,0,0.0,4.444,Canada_IWLS_BC,0,nein
08736_Hunt_Islet_wlp.csv,50.4740,-128.0300,2025,"Hunt Islet, British Columbia, Canada",harmonics_utide_tidetables.txt,0,35040,0.043,0.169,0,0.0,4.595,Canada_IWLS_BC,0,nein
08750_Port_Alice_wlp.csv,50.3840,-127.4550,2025,"Port Alice, British Columbia, Canada",harmonics_utide_tidetables.txt,0,35040,0.0489,0.189,0,-0.0,4.725,Canada_IWLS_BC,0,nein
08754_Bergh_Cove_wlp.csv,50.5370,-127.6240,2025,"Bergh Cove, British Columbia, Canada",harmonics-2004-06-14_mod.txt,0,35040,0.1599,0.597,0,-0.091,4.264,Canada_IWLS_BC,0,nein
08754_Bergh_Cove_wlp.csv,50.5370,-127.6240,2025,"Bergh Cove (Quatsino Sound), British Columbia, Canada",harmonics-2004-06-14_mod.txt,0,35040,0.1589,0.472,0,-0.22,4.131,Canada_IWLS_BC,0,nein
08754_Bergh_Cove_wlp.csv,50.5370,-127.6240,2025,"Bergh Cove (Quatsino Sound), British Columbia, Canada",harmonics_utide_tidetables.txt,0,35040,0.0479,0.226,0,0.0,4.45,Canada_IWLS_BC,0,nein
08754_Bergh_Cove_wlp.csv,50.5370,-127.6240,2025,"Bergh Cove (Quatsino Sound), British Columbia, Canada",harmonics_noaa_amtt.txt,660,35040,0.2555,0.725,0,-0.249,5.345,Canada_IWLS_BC,0,nein
08755_Kwokwesta_Creek_wlp.csv,50.5270,-127.5690,2025,"Kwokwesta Creek, British Columbia, Canada",harmonics-2004-06-14_mod.txt,0,35040,0.0737,0.38,0,0.01,4.177,Canada_IWLS_BC,0,nein
08755_Kwokwesta_Creek_wlp.csv,50.5270,-127.5690,2025,"Kwokwesta Creek, British Columbia, Canada",harmonics_utide_tidetables.txt,0,35040,0.0506,0.309,0,-0.0,4.13,Canada_IWLS_BC,0,nein
08756_Makwazniht_Island_wlp.csv,50.5560,-127.5540,2025,"Makwaziniht Island, British Columbia, Canada",harmonics_utide_tidetables.txt,0,35040,0.0681,0.296,0,0.0,4.386,Canada_IWLS_BC,0,nein
08756_Makwazniht_Island_wlp.csv,50.5560,-127.5540,2025,"Makwaziniht Island, British Columbia, Canada",harmonics-2004-06-14_mod.txt,132,35040,0.1867,0.623,0,-0.183,4.083,Canada_IWLS_BC,0,nein
08765_Coal_Harbour_wlp.csv,50.5990,-127.5810,2025,"Coal Harbour, British Columbia, Canada",harmonics_utide_tidetables.txt,0,35040,0.057,0.228,0,0.0,4.62,Canada_IWLS_BC,0,nein
08790_Cape_Scott_wlp.csv,50.7800,-128.4300,2025,"Cape Scott, British Columbia, Canada",harmonics_utide_tidetables.txt,0,35040,0.0274,0.108,0,0.0,4.632,Canada_IWLS_BC,0,nein
08805_Egg_Island_wlp.csv,51.2490,-127.8360,2025,"Egg Island, British Columbia, Canada",harmonics_utide_tidetables.txt,0,35040,0.0391,0.162,0,-0.0,5.066,Canada_IWLS_BC,0,nein
08810_Leroy_Bay_wlp.csv,51.2730,-127.6640,2025,"Leroy Bay, British Columbia, Canada",harmonics_utide_tidetables.txt,0,35040,0.0294,0.106,0,0.0,4.969,Canada_IWLS_BC,0,nein
08812_Boswell_Inlet_wlp.csv,51.3720,-127.4690,2025,"Boswell Inlet, British Columbia, Canada",harmonics_utide_tidetables.txt,0,35040,0.0389,0.156,0,0.0,5.175,Canada_IWLS_BC,0,nein
08814_Smith_Inlet_wlp.csv,51.3360,-127.1880,2025,"Smith Inlet, British Columbia, Canada",harmonics_utide_tidetables.txt,0,35040,0.0286,0.098,0,0.0,4.436,Canada_IWLS_BC,0,nein
08830_Draney_Inlet_wlp.csv,51.4760,-127.5510,2025,"Draney Inlet, British Columbia, Canada",harmonics_utide_tidetables.txt,0,35040,0.0251,0.094,0,0.0,4.286,Canada_IWLS_BC,0,nein
08840_Wadhams_wlp.csv,51.5100,-127.5240,2025,"Wadhams, British Columbia, Canada",harmonics_utide_tidetables.txt,0,35040,0.0321,0.126,0,0.0,5.304,Canada_IWLS_BC,0,nein
08860_Addenbroke_Island_wlp.csv,51.6050,-127.8260,2025,"Addenbroke Island, British Columbia, Canada",harmonics_utide_tidetables.txt,0,35040,0.0303,0.113,0,0.0,5.146,Canada_IWLS_BC,0,nein
08863_Pruth_Bay_wlp.csv,51.6545,-128.1295,2025,"Pruth Bay, British Columbia, Canada",harmonics_utide_observations.txt,1,35040,0.086,0.332,0,-0.002,5.273,Canada_IWLS_BC,0,nein
08865_Adams_Harbour_wlp.csv,51.6833,-128.1000,2025,"Adams Harbour, British Columbia, Canada",harmonics_utide_tidetables.txt,0,35040,0.0326,0.134,0,0.0,5.209,Canada_IWLS_BC,0,nein
08870_Namu_wlp.csv,51.8615,-127.8657,2025,"Namu, British Columbia, Canada",harmonics_utide_tidetables.txt,0,35040,0.0328,0.139,0,0.0,5.301,Canada_IWLS_BC,0,nein
08906_Gosling_Island_wlp.csv,51.8990,-128.4420,2025,"Gosling Island, British Columbia, Canada",harmonics_utide_tidetables.txt,0,35040,0.0293,0.103,0,0.0,4.951,Canada_IWLS_BC,0,nein
08909_Goose_Island_wlp.csv,51.9920,-128.4130,2025,"Goose Island, British Columbia, Canada",harmonics_utide_tidetables.txt,0,35040,0.0308,0.122,0,0.0,5.09,Canada_IWLS_BC,0,nein
08912_Spider_Island_wlp.csv,51.8450,-128.2310,2025,"Spider Island, British Columbia, Canada",harmonics_utide_tidetables.txt,0,35040,0.0311,0.127,0,0.0,5.026,Canada_IWLS_BC,0,nein
08917_Stryker_Island_wlp.csv,52.0930,-128.3480,2025,"Stryker Island, British Columbia, Canada",harmonics_utide_tidetables.txt,0,35040,0.0315,0.126,0,0.0,5.188,Canada_IWLS_BC,0,nein
08922_Joassa_Channel_wlp.csv,52.1920,-128.3090,2025,"Joassa Channel, British Columbia, Canada",harmonics_utide_tidetables.txt,0,35040,0.0341,0.14,0,0.0,5.284,Canada_IWLS_BC,0,nein
08932_Larso_Bay_wlp.csv,52.1790,-126.8620,2025,"Larso Bay, British Columbia, Canada",harmonics_utide_tidetables.txt,0,32448,0.0353,0.142,0,0.0,5.809,Canada_IWLS_BC,0,nein
08937_Bella_Coola_wlp.csv,52.3740,-126.7960,2025,"Bella Coola, British Columbia, Canada",harmonics_utide_tidetables.txt,165,35040,0.0358,0.142,0,0.0,5.8,Canada_IWLS_BC,0,nein
08941_Labouchere_Channel_East_wlp.csv,52.3829,-127.2085,2025,"Labouchere Channel East, British Columbia, Canada",harmonics_utide_tidetables.txt,0,32448,0.035,0.142,0,0.0,5.645,Canada_IWLS_BC,0,nein
08952_Luke_Passage_wlp.csv,52.0950,-127.8530,2025,"Luke Passage, British Columbia, Canada",harmonics_utide_tidetables.txt,0,35040,0.0403,0.153,0,0.0,5.445,Canada_IWLS_BC,0,nein
08958_Forit_Bay_wlp.csv,52.1740,-127.9100,2025,"Forit Bay, British Columbia, Canada",harmonics_utide_tidetables.txt,0,35040,0.0325,0.13,0,0.0,5.292,Canada_IWLS_BC,0,nein
08962_Ocean_Falls_wlp.csv,52.3520,-127.6930,2025,"Ocean Falls, British Columbia, Canada",harmonics_utide_tidetables.txt,0,35040,0.0325,0.116,0,0.0,5.484,Canada_IWLS_BC,0,nein
08970_Kimsquit_Channel_wlp.csv,52.8140,-127.0010,2025,"Kimsquit Channel, British Columbia, Canada",harmonics_utide_tidetables.txt,0,32448,0.0356,0.142,0,0.0,5.807,Canada_IWLS_BC,0,nein
08976_Bella_Bella_wlp.csv,52.1630,-128.1430,2025,"Bella Bella, British Columbia, Canada",harmonics_utide_observations.txt,0,35040,0.05,0.226,0,-0.019,5.422,Canada_IWLS_BC,0,nein
08976_Bella_Bella_wlp.csv,52.1630,-128.1430,2025,"Bella Bella, British Columbia, Canada",harmonics_utide_tidetables.txt,36,35040,0.0331,0.132,0,0.0,5.415,Canada_IWLS_BC,0,nein
08978_Kynumpt_Harbour_wlp.csv,52.2080,-128.1620,2025,"Kynumpt Harbour, British Columbia, Canada",harmonics_utide_tidetables.txt,0,35040,0.0354,0.137,0,0.0,5.282,Canada_IWLS_BC,0,nein
08981_Troup_Passage_wlp.csv,52.2420,-128.0390,2025,"Troup Passage, British Columbia, Canada",harmonics_utide_tidetables.txt,0,35040,0.0341,0.146,0,0.0,5.449,Canada_IWLS_BC,0,nein
08996_Gerald_Point_wlp.csv,52.4380,-128.0840,2025,"Gerald Point, British Columbia, Canada",harmonics_utide_tidetables.txt,0,35040,0.0318,0.126,0,0.0,5.265,Canada_IWLS_BC,0,nein
08998_Thompson_Bay_wlp.csv,52.1600,-128.3580,2025,"Thompson Bay, British Columbia, Canada",harmonics_utide_tidetables.txt,0,35040,0.0355,0.145,0,0.0,5.211,Canada_IWLS_BC,0,nein
09005_Port_Blackney_wlp.csv,52.3120,-128.3510,2025,"Port Blackney, British Columbia, Canada",harmonics_utide_tidetables.txt,0,35040,0.0325,0.127,0,0.0,5.246,Canada_IWLS_BC,0,nein
09010_Tom_Bay_wlp.csv,52.4020,-128.2640,2025,"Tom Bay, British Columbia, Canada",harmonics_utide_tidetables.txt,0,35040,0.0312,0.115,0,-0.0,5.244,Canada_IWLS_BC,0,nein
09020_Griffin_Passage_wlp.csv,52.7700,-128.3460,2025,"Griffin Passage, British Columbia, Canada",harmonics_utide_tidetables.txt,0,35040,0.0319,0.115,0,0.0,5.242,Canada_IWLS_BC,0,nein
09035_Klemtu_wlp.csv,52.5940,-128.5210,2025,"Klemtu, British Columbia, Canada",harmonics_utide_tidetables.txt,0,35040,0.0341,0.147,0,0.0,5.501,Canada_IWLS_BC,0,nein
09051_Cann_Inlet_wlp.csv,52.5472,-128.6953,2025,"Cann Inlet, British Columbia, Canada",harmonics_utide_tidetables.txt,0,33696,0.0337,0.138,0,0.0,5.478,Canada_IWLS_BC,0,nein
09052_Marvin_Island_wlp.csv,52.5296,-128.7389,2025,"Marvin Island, British Columbia, Canada",harmonics_utide_tidetables.txt,0,33696,0.0336,0.137,0,0.0,5.47,Canada_IWLS_BC,0,nein
09053_Butedale_wlp.csv,53.1600,-128.6940,2025,"Butedale, British Columbia, Canada",harmonics_utide_tidetables.txt,0,35040,0.0426,0.163,0,0.0,6.182,Canada_IWLS_BC,0,nein
09056_Higgins_Passage_wlp.csv,52.4830,-128.7620,2025,"Higgins Passage, British Columbia, Canada",harmonics-2004-06-14_mod.txt,0,35040,0.1464,0.513,0,0.038,5.23,Canada_IWLS_BC,0,nein
09056_Higgins_Passage_wlp.csv,52.4830,-128.7620,2025,"Higgins Passage, British Columbia, Canada",harmonics_utide_tidetables.txt,0,35040,0.0677,0.24,0,0.0,5.172,Canada_IWLS_BC,0,nein
09058_Price_Island_wlp.csv,52.2780,-128.6750,2025,"Price Island, British Columbia, Canada",harmonics_utide_tidetables.txt,0,35040,0.0322,0.116,0,0.0,5.405,Canada_IWLS_BC,0,nein
09060_Meyers_Narrows_wlp.csv,52.6040,-128.6170,2025,"Meyers Narrows, British Columbia, Canada",harmonics_utide_tidetables.txt,0,35040,0.0328,0.116,0,0.0,5.457,Canada_IWLS_BC,0,nein
09063_Milne_Island_wlp.csv,52.6090,-128.7690,2025,"Milne Island, British Columbia, Canada",harmonics_utide_tidetables.txt,0,35040,0.0323,0.126,0,0.0,5.318,Canada_IWLS_BC,0,nein
09067_Smithers_Island_wlp.csv,52.7580,-129.0730,2025,"Smithers Island, British Columbia, Canada",harmonics_utide_tidetables.txt,0,35040,0.0365,0.155,0,0.0,5.745,Canada_IWLS_BC,0,nein
09077_McKenney_Isl_wlp.csv,52.6500,-129.4720,2025,"McKenney Islands, British Columbia, Canada",harmonics-2004-06-14_mod.txt,0,35040,0.0966,0.312,0,0.035,5.487,Canada_IWLS_BC,0,nein
09077_McKenney_Isl_wlp.csv,52.6500,-129.4720,2025,"McKenney Islands, British Columbia, Canada",harmonics_utide_tidetables.txt,0,35040,0.0346,0.13,0,0.0,5.493,Canada_IWLS_BC,0,nein
09080_Borrowman_Bay_wlp.csv,52.7370,-129.2810,2025,"Borrowman Bay, British Columbia, Canada",harmonics_utide_tidetables.txt,0,35040,0.0345,0.122,0,0.0,5.742,Canada_IWLS_BC,0,nein
09082_Beauchemin_Channel_wlp.csv,52.7776,-129.3031,2025,"Beauchemin Channel, British Columbia, Canada",harmonics_utide_tidetables.txt,0,35040,0.0389,0.158,0,0.0,5.868,Canada_IWLS_BC,0,nein
09105_Gillen_Harbour_wlp.csv,52.9640,-129.6060,2025,"Gillen Harbour, British Columbia, Canada",harmonics_utide_tidetables.txt,0,35040,0.0356,0.144,0,0.0,5.473,Canada_IWLS_BC,0,nein
09115_Barnard_Harbour_wlp.csv,53.0740,-129.1170,2025,"Barnard Harbour, British Columbia, Canada",harmonics_utide_tidetables.txt,0,35040,0.042,0.167,0,0.0,6.199,Canada_IWLS_BC,0,nein
09130_Hartley_Bay_wlp.csv,53.4242,-129.2519,2025,"Hartley Bay, British Columbia, Canada",harmonics_utide_observations.txt,0,35040,0.056,0.235,0,0.053,6.317,Canada_IWLS_BC,0,nein
09130_Hartley_Bay_wlp.csv,53.4242,-129.2519,2025,"Hartley Bay, British Columbia, Canada",harmonics_utide_tidetables.txt,0,35040,0.0397,0.158,0,0.0,6.258,Canada_IWLS_BC,0,nein
09140_Kitimat_wlp.csv,53.9890,-128.6960,2025,"Kitimat, British Columbia, Canada",harmonics_utide_observations.txt,0,35040,0.0697,0.286,0,0.003,6.482,Canada_IWLS_BC,0,nein
09140_Kitimat_wlp.csv,53.9890,-128.6960,2025,"Kitimat, British Columbia, Canada",harmonics_utide_tidetables.txt,0,35040,0.0413,0.175,0,0.0,6.514,Canada_IWLS_BC,0,nein
09150_Kemano_Bay_wlp.csv,53.4780,-128.1240,2025,"Kemano Bay, British Columbia, Canada",harmonics_utide_tidetables.txt,0,35040,0.0417,0.16,0,0.0,6.716,Canada_IWLS_BC,0,nein
09165_Block_Islands_wlp.csv,53.1570,-129.7410,2025,"Block Islands, British Columbia, Canada",harmonics_utide_tidetables.txt,0,35040,0.0383,0.153,0,0.0,6.104,Canada_IWLS_BC,0,nein
09195_Lowe_Inlet_wlp.csv,53.5500,-129.5833,2025,"Lowe Inlet, British Columbia, Canada",harmonics_utide_tidetables.txt,0,35040,0.0406,0.165,0,0.0,6.363,Canada_IWLS_BC,0,nein
09227_Bonilla_Island_wlp.csv,53.4938,-130.6370,2025,"Bonilla Island, British Columbia, Canada",harmonics_utide_tidetables.txt,0,35040,0.0444,0.181,0,0.0,6.739,Canada_IWLS_BC,0,nein
09230_Griffith_Harbour_wlp.csv,53.5990,-130.5430,2025,"Griffith Harbour, British Columbia, Canada",harmonics_utide_tidetables.txt,0,35040,0.0423,0.146,0,0.0,6.757,Canada_IWLS_BC,0,nein
09232_Larsen_Island_wlp.csv,53.6190,-130.5740,2025,"Larsen Island, British Columbia, Canada",harmonics_utide_tidetables.txt,0,35040,0.0412,0.142,0,0.0,6.595,Canada_IWLS_BC,0,nein
09242_Kitkatla_wlp.csv,53.8030,-130.3570,2025,"Kitkatla, British Columbia, Canada",harmonics_utide_tidetables.txt,0,35040,0.0495,0.213,0,0.0,7.243,Canada_IWLS_BC,0,nein
09242_Kitkatla_wlp.csv,53.8030,-130.3570,2025,"Beaver Passage, British Columbia, Canada",harmonics_noaa_amtt.txt,568,35040,0.3311,0.98,0,0.126,7.642,Canada_IWLS_BC,0,nein
09250_Seabreeze_Point_wlp.csv,53.9870,-130.1820,2025,"Seabreeze Point, British Columbia, Canada",harmonics-2004-06-14_mod.txt,0,35040,0.1876,0.703,0,-0.106,7.072,Canada_IWLS_BC,0,nein
09250_Seabreeze_Point_wlp.csv,53.9870,-130.1820,2025,"Seabreeze Point, British Columbia, Canada",harmonics_utide_tidetables.txt,0,35040,0.0568,0.211,0,0.0,7.323,Canada_IWLS_BC,0,nein
09260_Claxton_wlp.csv,54.0790,-130.0890,2025,"Claxton, British Columbia, Canada",harmonics-2004-06-14_mod.txt,0,35040,0.2232,0.757,0,-0.0,7.243,Canada_IWLS_BC,0,nein
09260_Claxton_wlp.csv,54.0790,-130.0890,2025,"Claxton, British Columbia, Canada",harmonics_utide_tidetables.txt,0,35040,0.0447,0.154,0,0.0,6.976,Canada_IWLS_BC,0,nein
09266_Haysport_wlp.csv,54.1780,-130.0090,2025,"Port Essington, British Columbia, Canada",harmonics-2004-06-14_mod.txt,0,35040,0.2017,0.711,0,0.357,7.737,Canada_IWLS_BC,0,nein
09266_Haysport_wlp.csv,54.1780,-130.0090,2025,"Haysport, British Columbia, Canada",harmonics_utide_tidetables.txt,0,35040,0.0455,0.165,0,0.0,6.954,Canada_IWLS_BC,0,nein
09275_Khyex_River_wlp.csv,54.2230,-129.8000,2025,"Khyex Point, British Columbia, Canada",harmonics-2004-06-14_mod.txt,0,35040,0.1121,0.394,0,-0.0,7.165,Canada_IWLS_BC,0,nein
09275_Khyex_River_wlp.csv,54.2230,-129.8000,2025,"Khyex Point, British Columbia, Canada",harmonics_utide_tidetables.txt,0,35040,0.0425,0.172,0,0.0,6.746,Canada_IWLS_BC,0,nein
09285_Kwinitsa_River_wlp.csv,54.2167,-129.5833,2025,"Kwinitsa Creek, British Columbia, Canada",harmonics_utide_tidetables.txt,0,35040,0.0259,0.118,0,-0.0,3.963,Canada_IWLS_BC,0,nein
09285_Kwinitsa_River_wlp.csv,54.2167,-129.5833,2025,"Kwinitsa Creek, British Columbia, Canada",harmonics-2004-06-14_mod.txt,4,35040,0.0625,0.241,0,-0.0,4.186,Canada_IWLS_BC,0,nein
09305_Welcome_Harbour_wlp.csv,54.0167,-130.6167,2025,"Welcome Harbour, British Columbia, Canada",harmonics_utide_tidetables.txt,0,35040,0.0476,0.19,0,0.0,7.302,Canada_IWLS_BC,0,nein
09306_Refuge_Bay_wlp.csv,54.0530,-130.5410,2025,"Refuge Bay, British Columbia, Canada",harmonics_utide_tidetables.txt,0,35040,0.045,0.179,0,0.0,7.125,Canada_IWLS_BC,0,nein
09309_Humpback_Bay_wlp.csv,54.0870,-130.3950,2025,"Humpback Bay (Porcher Island), British Columbia, Canada",harmonics_utide_tidetables.txt,0,35040,0.0402,0.142,0,0.0,6.49,Canada_IWLS_BC,0,nein
09309_Humpback_Bay_wlp.csv,54.0870,-130.3950,2025,"Humpback Bay (Porcher Island), British Columbia, Canada",harmonics_noaa_amtt.txt,525,35040,0.3197,0.938,0,-0.181,6.968,Canada_IWLS_BC,0,nein
09310_Hunt_Inlet_wlp.csv,54.0680,-130.4460,2025,"Hunt Inlet, British Columbia, Canada",harmonics_utide_tidetables.txt,0,35040,0.0451,0.177,0,0.0,7.072,Canada_IWLS_BC,0,nein
09312_Lawyer_Islands_wlp.csv,54.1050,-130.3340,2025,"Lawyer Islands, British Columbia, Canada",harmonics_utide_tidetables.txt,0,35040,0.0654,0.241,0,0.0,7.21,Canada_IWLS_BC,0,nein
09315_Qlawdzeet_Anchorage_wlp.csv,54.2080,-130.7680,2025,"Qlawdzeet Anchorage, British Columbia, Canada",harmonics_utide_tidetables.txt,0,35040,0.0531,0.206,0,0.0,7.089,Canada_IWLS_BC,0,nein
09325_Moffatt_Islands_wlp.csv,54.4460,-130.7260,2025,"Moffatt Islands, British Columbia, Canada",harmonics_utide_tidetables.txt,0,35040,0.0452,0.178,0,0.0,6.987,Canada_IWLS_BC,0,nein
09329_Hudson_Bay_Passage_wlp.csv,54.4570,-130.8480,2025,"Hudson Bay Passage, British Columbia, Canada",harmonics_utide_tidetables.txt,0,35040,0.0433,0.17,0,0.0,6.648,Canada_IWLS_BC,0,nein
09333_Brundige_Inlet_wlp.csv,54.6130,-130.8540,2025,"Brundige Inlet, British Columbia, Canada",harmonics_utide_tidetables.txt,0,35040,0.046,0.174,0,0.0,6.447,Canada_IWLS_BC,0,nein
09338_Aero_Trading_wlp.csv,54.2130,-130.2884,2025,"Aero Trading, British Columbia, Canada",harmonics_utide_tidetables.txt,0,35040,0.0477,0.204,0,0.0,7.272,Canada_IWLS_BC,0,nein
09338_Aero_Trading_wlp.csv,54.2130,-130.2884,2025,"Porpoise Channel East, British Columbia, Canada",harmonics_utide_observations.txt,243,35040,0.0812,0.414,0,-0.019,7.402,Canada_IWLS_BC,0,nein
09338_Aero_Trading_wlp.csv,54.2130,-130.2884,2025,"Porpoise Channel East, British Columbia, Canada",harmonics_utide_tidetables.txt,243,35040,0.0581,0.286,0,0.0,7.208,Canada_IWLS_BC,0,nein
09338_Aero_Trading_wlp.csv,54.2130,-130.2884,2025,"Port Edward, British Columbia, Canada",harmonics_utide_tidetables.txt,1847,35040,0.1568,0.511,0,0.089,6.738,Canada_IWLS_BC,0,nein
09338_Aero_Trading_wlp.csv,54.2130,-130.2884,2025,"Pembina Terminal, British Columbia, Canada",harmonics_utide_observations.txt,2769,35040,0.061,0.294,0,-0.024,7.378,Canada_IWLS_BC,0,nein
09338_Aero_Trading_wlp.csv,54.2130,-130.2884,2025,"Pembina Terminal, British Columbia, Canada",harmonics_utide_tidetables.txt,2769,35040,0.0558,0.237,0,0.007,7.327,Canada_IWLS_BC,0,nein
09339_Pembina_Terminal_wlp.csv,54.2363,-130.3035,2025,"Pembina Terminal, British Columbia, Canada",harmonics_utide_observations.txt,0,35040,0.0607,0.244,0,-0.031,7.378,Canada_IWLS_BC,0,nein
09339_Pembina_Terminal_wlp.csv,54.2363,-130.3035,2025,"Pembina Terminal, British Columbia, Canada",harmonics_utide_tidetables.txt,0,35040,0.0462,0.182,0,0.0,7.327,Canada_IWLS_BC,0,nein
09339_Pembina_Terminal_wlp.csv,54.2363,-130.3035,2025,"Port Edward, British Columbia, Canada",harmonics_utide_tidetables.txt,945,35040,0.1603,0.507,0,0.082,6.738,Canada_IWLS_BC,0,nein
09339_Pembina_Terminal_wlp.csv,54.2363,-130.3035,2025,"Prince Rupert RoRo, British Columbia, Canada",harmonics_utide_observations.txt,2061,35040,0.0704,0.324,0,-0.057,7.351,Canada_IWLS_BC,0,nein
09339_Pembina_Terminal_wlp.csv,54.2363,-130.3035,2025,"Prince Rupert RoRo, British Columbia, Canada",harmonics_utide_tidetables.txt,2061,35040,0.0563,0.234,0,-0.013,7.307,Canada_IWLS_BC,0,nein
09339_Pembina_Terminal_wlp.csv,54.2363,-130.3035,2025,"Porpoise Channel East, British Columbia, Canada",harmonics_utide_observations.txt,2531,35040,0.0791,0.36,0,-0.026,7.402,Canada_IWLS_BC,0,nein
09339_Pembina_Terminal_wlp.csv,54.2363,-130.3035,2025,"Porpoise Channel East, British Columbia, Canada",harmonics_utide_tidetables.txt,2531,35040,0.0642,0.258,0,-0.007,7.208,Canada_IWLS_BC,0,nein
09339_Pembina_Terminal_wlp.csv,54.2363,-130.3035,2025,"Aero Trading, British Columbia, Canada",harmonics_utide_tidetables.txt,2770,35040,0.0587,0.224,0,-0.007,7.272,Canada_IWLS_BC,0,nein
09340_Inverness_wlp.csv,54.1940,-130.2249,2025,"Inverness, British Columbia, Canada",harmonics_utide_tidetables.txt,0,35040,0.0469,0.19,0,0.0,7.194,Canada_IWLS_BC,0,nein
09341_Porpoise_Channel_East_wlp.csv,54.2152,-130.2891,2025,"Porpoise Channel East, British Columbia, Canada",harmonics_utide_observations.txt,0,35040,0.0782,0.331,0,-0.019,7.402,Canada_IWLS_BC,0,nein
09341_Porpoise_Channel_East_wlp.csv,54.2152,-130.2891,2025,"Porpoise Channel East, British Columbia, Canada",harmonics_utide_tidetables.txt,0,35040,0.0478,0.204,0,0.0,7.208,Canada_IWLS_BC,0,nein
09341_Porpoise_Channel_East_wlp.csv,54.2152,-130.2891,2025,"Aero Trading, British Columbia, Canada",harmonics_utide_tidetables.txt,243,35040,0.0568,0.242,0,0.0,7.272,Canada_IWLS_BC,0,nein
09341_Porpoise_Channel_East_wlp.csv,54.2152,-130.2891,2025,"Port Edward, British Columbia, Canada",harmonics_utide_tidetables.txt,1605,35040,0.1572,0.54,0,0.089,6.738,Canada_IWLS_BC,0,nein
09341_Porpoise_Channel_East_wlp.csv,54.2152,-130.2891,2025,"Pembina Terminal, British Columbia, Canada",harmonics_utide_observations.txt,2530,35040,0.0615,0.25,0,-0.024,7.378,Canada_IWLS_BC,0,nein
09341_Porpoise_Channel_East_wlp.csv,54.2152,-130.2891,2025,"Pembina Terminal, British Columbia, Canada",harmonics_utide_tidetables.txt,2530,35040,0.0601,0.248,0,0.007,7.327,Canada_IWLS_BC,0,nein
09342_Port_Edward_wlp.csv,54.2290,-130.2960,2025,"Port Edward, British Columbia, Canada",harmonics_utide_tidetables.txt,0,35040,0.0476,0.197,0,0.0,6.738,Canada_IWLS_BC,0,nein
09342_Port_Edward_wlp.csv,54.2290,-130.2960,2025,"Pembina Terminal, British Columbia, Canada",harmonics_utide_observations.txt,945,35040,0.1675,0.543,0,-0.113,7.378,Canada_IWLS_BC,0,nein
09342_Port_Edward_wlp.csv,54.2290,-130.2960,2025,"Pembina Terminal, British Columbia, Canada",harmonics_utide_tidetables.txt,945,35040,0.1647,0.543,0,-0.082,7.327,Canada_IWLS_BC,0,nein
09342_Port_Edward_wlp.csv,54.2290,-130.2960,2025,"Porpoise Channel East, British Columbia, Canada",harmonics_utide_observations.txt,1605,35040,0.1741,0.631,0,-0.108,7.402,Canada_IWLS_BC,0,nein
09342_Port_Edward_wlp.csv,54.2290,-130.2960,2025,"Porpoise Channel East, British Columbia, Canada",harmonics_utide_tidetables.txt,1605,35040,0.1622,0.548,0,-0.089,7.208,Canada_IWLS_BC,0,nein
09342_Port_Edward_wlp.csv,54.2290,-130.2960,2025,"Aero Trading, British Columbia, Canada",harmonics_utide_tidetables.txt,1847,35040,0.1609,0.521,0,-0.089,7.272,Canada_IWLS_BC,0,nein
09342_Port_Edward_wlp.csv,54.2290,-130.2960,2025,"Prince Rupert RoRo, British Columbia, Canada",harmonics_utide_observations.txt,2624,35040,0.1722,0.589,0,-0.139,7.351,Canada_IWLS_BC,0,nein
09342_Port_Edward_wlp.csv,54.2290,-130.2960,2025,"Prince Rupert RoRo, British Columbia, Canada",harmonics_utide_tidetables.txt,2624,35040,0.1665,0.528,0,-0.095,7.307,Canada_IWLS_BC,0,nein
09343_Wainwright_Basin_wlp.csv,54.2562,-130.2652,2025,"Wainwright Basin, British Columbia, Canada",harmonics_utide_tidetables.txt,0,35040,0.0468,0.196,0,0.0,5.852,Canada_IWLS_BC,0,nein
09343_Wainwright_Basin_wlp.csv,54.2562,-130.2652,2025,"Morse Basin, British Columbia, Canada",harmonics_utide_tidetables.txt,1809,35040,0.1564,0.657,10,-0.0,5.698,Canada_IWLS_BC,0,nein
09344_Morse_Basin_wlp.csv,54.2583,-130.2376,2025,"Morse Basin, British Columbia, Canada",harmonics_utide_tidetables.txt,0,35040,0.0809,0.358,0,0.001,5.698,Canada_IWLS_BC,0,nein
09344_Morse_Basin_wlp.csv,54.2583,-130.2376,2025,"Wainwright Basin, British Columbia, Canada",harmonics_utide_tidetables.txt,1809,35040,0.1693,0.828,-10,0.001,5.852,Canada_IWLS_BC,0,nein
09346_Prince_Rupert_RoRo_wlp.csv,54.2349,-130.3351,2025,"Prince Rupert RoRo, British Columbia, Canada",harmonics_utide_observations.txt,1,35040,0.0609,0.294,0,-0.045,7.351,Canada_IWLS_BC,0,nein
09346_Prince_Rupert_RoRo_wlp.csv,54.2349,-130.3351,2025,"Prince Rupert RoRo, British Columbia, Canada",harmonics_utide_tidetables.txt,1,35040,0.0473,0.196,0,0.0,7.307,Canada_IWLS_BC,0,nein
09346_Prince_Rupert_RoRo_wlp.csv,54.2349,-130.3351,2025,"Pembina Terminal, British Columbia, Canada",harmonics_utide_observations.txt,2061,35040,0.0623,0.231,0,-0.018,7.378,Canada_IWLS_BC,0,nein
09346_Prince_Rupert_RoRo_wlp.csv,54.2349,-130.3351,2025,"Pembina Terminal, British Columbia, Canada",harmonics_utide_tidetables.txt,2061,35040,0.0558,0.221,0,0.013,7.327,Canada_IWLS_BC,0,nein
09346_Prince_Rupert_RoRo_wlp.csv,54.2349,-130.3351,2025,"Port Edward, British Columbia, Canada",harmonics_utide_tidetables.txt,2624,35040,0.1624,0.573,0,0.095,6.738,Canada_IWLS_BC,0,nein
09348_Fairview_Terminal_wlp.csv,54.2903,-130.3599,2025,"Fairview Terminal, British Columbia, Canada",harmonics_utide_observations.txt,0,35040,0.0619,0.277,0,-0.05,7.46,Canada_IWLS_BC,0,nein
09348_Fairview_Terminal_wlp.csv,54.2903,-130.3599,2025,"Fairview Terminal, British Columbia, Canada",harmonics_utide_tidetables.txt,0,35040,0.0475,0.194,0,0.0,7.397,Canada_IWLS_BC,0,nein
09348_Fairview_Terminal_wlp.csv,54.2903,-130.3599,2025,"Casey Cove, British Columbia, Canada",harmonics-2004-06-14_mod.txt,1629,35040,0.1099,0.401,0,0.041,7.221,Canada_IWLS_BC,0,nein
09348_Fairview_Terminal_wlp.csv,54.2903,-130.3599,2025,"Casey Cove, British Columbia, Canada",harmonics_utide_tidetables.txt,1629,35040,0.0753,0.301,0,0.041,7.274,Canada_IWLS_BC,0,nein
09350_Casey_Cove_wlp.csv,54.2790,-130.3760,2025,"Casey Cove, British Columbia, Canada",harmonics-2004-06-14_mod.txt,0,35040,0.1146,0.415,0,-0.0,7.221,Canada_IWLS_BC,0,nein
09350_Casey_Cove_wlp.csv,54.2790,-130.3760,2025,"Casey Cove, British Columbia, Canada",harmonics_utide_tidetables.txt,0,35040,0.047,0.182,0,0.0,7.274,Canada_IWLS_BC,0,nein
09350_Casey_Cove_wlp.csv,54.2790,-130.3760,2025,"Fairview Terminal, British Columbia, Canada",harmonics_utide_observations.txt,1630,35040,0.0747,0.294,0,-0.091,7.46,Canada_IWLS_BC,0,nein
09350_Casey_Cove_wlp.csv,54.2790,-130.3760,2025,"Fairview Terminal, British Columbia, Canada",harmonics_utide_tidetables.txt,1630,35040,0.072,0.286,0,-0.041,7.397,Canada_IWLS_BC,0,nein
09354_Prince_Rupert_wlp.csv,54.3170,-130.3240,2025,"Prince Rupert, British Columbia, Canada",harmonics_utide_observations.txt,0,35040,0.0527,0.208,0,-0.047,7.457,Canada_IWLS_BC,0,nein
09354_Prince_Rupert_wlp.csv,54.3170,-130.3240,2025,"Prince Rupert, British Columbia, Canada",harmonics_utide_tidetables.txt,32,35040,0.0472,0.185,0,0.0,7.421,Canada_IWLS_BC,0,nein
09360_Seal_Cove_wlp.csv,54.3311,-130.2796,2025,"Seal Cove, British Columbia, Canada",harmonics_ticon4_worldwide.txt,0,35040,0.0771,0.3,0,3.78,7.382,Canada_IWLS_BC,0,nein
09360_Seal_Cove_wlp.csv,54.3311,-130.2796,2025,"Seal Cove, British Columbia, Canada",harmonics_utide_tidetables.txt,0,35040,0.0484,0.203,0,0.0,7.378,Canada_IWLS_BC,0,nein
09390_Lax_Kwalaams_wlp.csv,54.5600,-130.4310,2025,"Port Simpson, British Columbia, Canada",harmonics_ticon4_worldwide.txt,0,35040,0.0697,0.261,0,3.85,7.125,Canada_IWLS_BC,0,nein
09390_Lax_Kwalaams_wlp.csv,54.5600,-130.4310,2025,"Lax Kw'alaams, British Columbia, Canada",harmonics_utide_tidetables.txt,0,35040,0.0457,0.179,0,0.0,7.176,Canada_IWLS_BC,0,nein
09406_Trail_Bay_wlp.csv,54.5830,-130.3570,2025,"Trail Bay, British Columbia, Canada",harmonics_utide_tidetables.txt,0,35040,0.0442,0.156,0,0.0,6.873,Canada_IWLS_BC,0,nein
09414_Kumeon_Bay_wlp.csv,54.7130,-130.2400,2025,"Kumeon Bay, British Columbia, Canada",harmonics_utide_tidetables.txt,0,35040,0.0435,0.158,0,-0.0,6.844,Canada_IWLS_BC,0,nein
09418_Ranger_Islet_wlp.csv,54.8370,-130.1750,2025,"Ranger Islet, British Columbia, Canada",harmonics-2004-06-14_mod.txt,0,35040,0.1036,0.369,0,-0.001,7.081,Canada_IWLS_BC,0,nein
09418_Ranger_Islet_wlp.csv,54.8370,-130.1750,2025,"Ranger Islet, British Columbia, Canada",harmonics_utide_tidetables.txt,0,35040,0.0461,0.184,0,0.0,7.018,Canada_IWLS_BC,0,nein
09422_Gingolx_wlp.csv,54.9990,-129.9780,2025,"Gingolx (Kincolith), British Columbia, Canada",harmonics-2004-06-14_mod.txt,0,35040,0.1477,0.533,0,0.121,7.293,Canada_IWLS_BC,0,nein
09422_Gingolx_wlp.csv,54.9990,-129.9780,2025,"Gingolx (Kincolith), British Columbia, Canada",harmonics_utide_tidetables.txt,0,35040,0.0479,0.194,0,0.0,7.073,Canada_IWLS_BC,0,nein
09425_Mill_Bay_wlp.csv,54.9940,-129.8910,2025,"Mill Bay, British Columbia, Canada",harmonics_utide_tidetables.txt,0,35040,0.0438,0.16,0,0.0,6.96,Canada_IWLS_BC,0,nein
09435_Salmon_Cove_wlp.csv,55.2640,-129.8460,2025,"Salmon Cove, British Columbia, Canada",harmonics_utide_tidetables.txt,0,35040,0.0442,0.157,0,0.0,7.027,Canada_IWLS_BC,0,nein
09443_Granby_Bay_wlp.csv,55.4160,-129.8180,2025,"Granby Bay, British Columbia, Canada",harmonics_utide_tidetables.txt,0,35040,0.0495,0.202,0,0.0,7.02,Canada_IWLS_BC,0,nein
09448_Alice_Arm_wlp.csv,55.4700,-129.4960,2025,"Alice Arm, British Columbia, Canada",harmonics_utide_tidetables.txt,0,35040,0.049,0.202,0,0.0,7.104,Canada_IWLS_BC,0,nein
09475_Stewart_wlp.csv,55.9166,-130.0100,2025,"Stewart, British Columbia, Canada",harmonics_utide_observations.txt,0,35040,0.0977,0.356,0,0.025,7.759,Canada_IWLS_BC,0,nein
09475_Stewart_wlp.csv,55.9166,-130.0100,2025,"Stewart, British Columbia, Canada",harmonics_utide_tidetables.txt,0,35040,0.0547,0.22,0,0.0,7.693,Canada_IWLS_BC,0,nein
09475_Stewart_wlp.csv,55.9166,-130.0100,2025,"Hyder, Portland Canal, Alaska",harmonics-dwf-20251228-free.txt,1346,35040,0.0846,0.323,0,1.342,7.81,Canada_IWLS_BC,0,nein
09502_Cape_St_James_wlp.csv,51.9380,-131.0150,2025,"Cape St. James, British Columbia, Canada",harmonics_utide_tidetables.txt,0,35040,0.0283,0.116,0,0.0,4.562,Canada_IWLS_BC,0,nein
09512_Gordon_Islands_wlp.csv,52.0950,-131.1410,2025,"Gordon Islands, British Columbia, Canada",harmonics_utide_tidetables.txt,0,35040,0.0272,0.107,0,0.0,4.43,Canada_IWLS_BC,0,nein
09570_Hunger_Harbour_wlp.csv,52.7660,-132.0470,2025,"Tasu Sound, British Columbia, Canada",harmonics-2004-06-14_mod.txt,0,35040,0.0283,0.111,0,0.299,4.577,Canada_IWLS_BC,0,nein
09570_Hunger_Harbour_wlp.csv,52.7660,-132.0470,2025,"Hunger Harbour, British Columbia, Canada",harmonics_utide_tidetables.txt,0,35040,0.0281,0.117,0,0.0,4.584,Canada_IWLS_BC,0,nein
09570_Hunger_Harbour_wlp.csv,52.7660,-132.0470,2025,"Tasu Sound, British Columbia, Canada",harmonics_noaa_amtt.txt,2706,35040,0.2879,0.895,-10,0.128,4.573,Canada_IWLS_BC,0,nein
09581_Mudge_Inlet_wlp.csv,52.9619,-132.1218,2025,"Mudge Inlet, British Columbia, Canada",harmonics_utide_tidetables.txt,0,33600,0.027,0.109,0,0.0,4.493,Canada_IWLS_BC,0,nein
09581_Mudge_Inlet_wlp.csv,52.9619,-132.1218,2025,"Peel Inlet, British Columbia, Canada",harmonics_utide_tidetables.txt,2480,33600,0.0284,0.106,0,0.007,4.466,Canada_IWLS_BC,0,nein
09582_Peel_Inlet_wlp.csv,52.9804,-132.1011,2025,"Peel Inlet, British Columbia, Canada",harmonics_utide_tidetables.txt,0,33600,0.0271,0.11,0,0.0,4.466,Canada_IWLS_BC,0,nein
09582_Peel_Inlet_wlp.csv,52.9804,-132.1011,2025,"Mudge Inlet, British Columbia, Canada",harmonics_utide_tidetables.txt,2480,33600,0.0279,0.119,0,-0.007,4.493,Canada_IWLS_BC,0,nein
09583_Leopold_Island_wlp.csv,52.9869,-132.1706,2025,"Leopold Island, British Columbia, Canada",harmonics_utide_tidetables.txt,0,33600,0.0271,0.111,0,0.0,4.466,Canada_IWLS_BC,0,nein
09585_Security_Cove_wlp.csv,53.0565,-132.2906,2025,"Security Cove, British Columbia, Canada",harmonics_utide_tidetables.txt,0,33600,0.027,0.11,0,0.0,4.46,Canada_IWLS_BC,0,nein
09605_Armentieres_Channel_wlp.csv,53.1150,-132.3890,2025,"Armentieres Channel, British Columbia, Canada",harmonics_utide_tidetables.txt,0,35040,0.0258,0.092,0,0.0,4.44,Canada_IWLS_BC,0,nein
09625_Trounce_Inlet_wlp.csv,53.1480,-132.3220,2025,"Trounce Inlet, British Columbia, Canada",harmonics_utide_tidetables.txt,0,35040,0.0257,0.094,0,0.0,4.366,Canada_IWLS_BC,0,nein
09625_Trounce_Inlet_wlp.csv,53.1480,-132.3220,2025,"Trounce Inlet North, British Columbia, Canada",harmonics_utide_tidetables.txt,1152,35040,0.1549,0.557,-10,-0.119,4.587,Canada_IWLS_BC,0,nein
09627_Trounce_Inlet_North_wlp.csv,53.1583,-132.3227,2025,"Trounce Inlet North, British Columbia, Canada",harmonics_utide_tidetables.txt,0,35040,0.0296,0.145,0,0.0,4.587,Canada_IWLS_BC,0,nein
09627_Trounce_Inlet_North_wlp.csv,53.1583,-132.3227,2025,"Trounce Inlet, British Columbia, Canada",harmonics_utide_tidetables.txt,1152,35040,0.1553,0.543,10,0.119,4.366,Canada_IWLS_BC,0,nein
09635_Dawson_Harbour_wlp.csv,53.1667,-132.4667,2025,"Dawson Harbour, British Columbia, Canada",harmonics_utide_tidetables.txt,0,35040,0.0275,0.11,0,0.0,4.515,Canada_IWLS_BC,0,nein
09650_Shields_Bay_wlp.csv,53.3130,-132.4170,2025,"Shields Bay, British Columbia, Canada",harmonics_utide_tidetables.txt,0,35040,0.0297,0.117,0,0.0,4.496,Canada_IWLS_BC,0,nein
09667_Nesto_Inlet_wlp.csv,53.5500,-132.9167,2025,"Nesto Inlet, British Columbia, Canada",harmonics_utide_tidetables.txt,0,35040,0.0283,0.115,0,-0.0,4.67,Canada_IWLS_BC,0,nein
09671_Port_Louis_wlp.csv,53.6850,-132.9610,2025,"Port Louis, British Columbia, Canada",harmonics_utide_tidetables.txt,0,35040,0.0303,0.118,0,0.0,4.604,Canada_IWLS_BC,0,nein
09708_Heater_Harbour_wlp.csv,52.1167,-131.0333,2025,"Heater Harbour, British Columbia, Canada",harmonics_utide_tidetables.txt,0,35040,0.0306,0.122,0,0.0,4.97,Canada_IWLS_BC,0,nein
09708_Heater_Harbour_wlp.csv,52.1167,-131.0333,2025,"High Island, British Columbia, Canada",harmonics_utide_tidetables.txt,1729,35040,0.0503,0.204,0,0.098,4.954,Canada_IWLS_BC,0,nein
09710_High_Island_wlp.csv,52.1240,-131.0110,2025,"High Island, British Columbia, Canada",harmonics_utide_tidetables.txt,0,35040,0.031,0.13,0,0.0,4.954,Canada_IWLS_BC,0,nein
09710_High_Island_wlp.csv,52.1240,-131.0110,2025,"Heater Harbour, British Columbia, Canada",harmonics_utide_tidetables.txt,1729,35040,0.0536,0.186,0,-0.098,4.97,Canada_IWLS_BC,0,nein
09713_Rose_Harbour_wlp.csv,52.1552,-131.0909,2025,"Rose Harbour, British Columbia, Canada",harmonics_utide_tidetables.txt,0,35040,0.03,0.12,0,0.0,4.862,Canada_IWLS_BC,0,nein
09717_Carpenter_Bay_wlp.csv,52.2400,-131.1560,2025,"Carpenter Bay, British Columbia, Canada",harmonics_utide_tidetables.txt,0,35040,0.0331,0.144,0,0.0,5.222,Canada_IWLS_BC,0,nein
09724_Copper_Islands_wlp.csv,52.3600,-131.1810,2025,"Copper Islands, British Columbia, Canada",harmonics_utide_tidetables.txt,0,35040,0.0567,0.181,0,0.0,5.286,Canada_IWLS_BC,0,nein
09753_Sedgwick_Bay_wlp.csv,52.6360,-131.5830,2025,"Sedgwick Bay, British Columbia, Canada",harmonics_utide_tidetables.txt,0,35040,0.0324,0.119,0,-0.0,5.288,Canada_IWLS_BC,0,nein
09765_Atli_Inlet_wlp.csv,52.7140,-131.5770,2025,"Atli Inlet, British Columbia, Canada",harmonics_utide_tidetables.txt,0,35040,0.0385,0.162,0,-0.0,5.975,Canada_IWLS_BC,0,nein
09775_Pacofi_Bay_wlp.csv,52.8320,-131.8830,2025,"Pacofi Bay, British Columbia, Canada",harmonics_utide_tidetables.txt,0,35040,0.038,0.158,0,0.0,6.073,Canada_IWLS_BC,0,nein
09790_McCoy_Cove_wlp.csv,53.0410,-131.6640,2025,"McCoy Cove, British Columbia, Canada",harmonics_utide_tidetables.txt,0,35040,0.0385,0.154,0,0.0,6.2,Canada_IWLS_BC,0,nein
09795_Sandspit_Marina_wlp.csv,53.2376,-131.8631,2025,"Sandspit Marina, British Columbia, Canada",harmonics_utide_tidetables.txt,1,35040,0.0511,0.222,0,0.0,7.381,Canada_IWLS_BC,0,nein
09808_Shingle_Bay_wlp.csv,53.2540,-131.8220,2025,"Shingle Bay, British Columbia, Canada",harmonics_utide_tidetables.txt,0,35040,0.0467,0.172,0,0.0,7.376,Canada_IWLS_BC,0,nein
09850_Daajing_Giids_wlp.csv,53.2520,-132.0720,2025,"Daajing Giids, British Columbia, Canada",harmonics_utide_observations.txt,0,35040,0.0612,0.257,0,-0.074,7.705,Canada_IWLS_BC,0,nein
09850_Daajing_Giids_wlp.csv,53.2520,-132.0720,2025,"Daajing Giids, British Columbia, Canada",harmonics_utide_tidetables.txt,0,35040,0.0486,0.207,0,0.0,7.694,Canada_IWLS_BC,0,nein
09850_Daajing_Giids_wlp.csv,53.2520,-132.0720,2025,"Skidegate Inlet, British Columbia, Canada",harmonics_noaa_amtt.txt,417,35040,0.3614,1.055,0,-0.031,7.903,Canada_IWLS_BC,0,nein
09860_Tlell_wlp.csv,53.5517,-131.9078,2025,"Tlell, British Columbia, Canada",harmonics_utide_tidetables.txt,0,35040,0.0501,0.21,0,0.0,7.294,Canada_IWLS_BC,0,nein
09910_Masset_wlp.csv,54.0100,-132.1490,2025,"Masset, British Columbia, Canada",harmonics_utide_observations.txt,0,35040,0.0585,0.23,0,0.081,4.397,Canada_IWLS_BC,0,nein
09910_Masset_wlp.csv,54.0100,-132.1490,2025,"Masset, British Columbia, Canada",harmonics_utide_tidetables.txt,0,35040,0.031,0.13,0,0.0,4.343,Canada_IWLS_BC,0,nein
09920_Port_Clements_wlp.csv,53.6893,-132.1840,2025,"Port Clements, British Columbia, Canada",harmonics_utide_tidetables.txt,0,35040,0.0388,0.139,0,0.0,3.027,Canada_IWLS_BC,0,nein
09927_Juskatla_Inlet_wlp.csv,53.6280,-132.3190,2025,"Juskatla Inlet, British Columbia, Canada",harmonics_utide_tidetables.txt,0,35040,0.0261,0.225,0,0.0,1.937,Canada_IWLS_BC,0,nein
09930_Dinan_Bay_wlp.csv,53.6941,-132.6062,2025,"Dinan Bay, British Columbia, Canada",harmonics_utide_tidetables.txt,1,33792,0.0223,0.091,0,0.0,2.992,Canada_IWLS_BC,0,nein
09940_Wiah_Point_wlp.csv,54.1120,-132.3100,2025,"Wiah Point, British Columbia, Canada",harmonics_utide_tidetables.txt,0,35040,0.0382,0.158,0,0.0,5.961,Canada_IWLS_BC,0,nein
09958_Henslung_Cove_wlp.csv,54.1910,-133.0020,2025,"Dadens, British Columbia, Canada",harmonics-2004-06-14_mod.txt,0,35040,0.1093,0.365,0,-0.24,5.16,Canada_IWLS_BC,0,nein
09958_Henslung_Cove_wlp.csv,54.1910,-133.0020,2025,"Solide Passage, British Columbia, Canada",harmonics-2004-06-14_mod.txt,0,35040,0.1141,0.351,0,-0.304,5.3,Canada_IWLS_BC,0,nein
09958_Henslung_Cove_wlp.csv,54.1910,-133.0020,2025,"Henslung Cove, British Columbia, Canada",harmonics_utide_observations.txt,0,35040,0.0397,0.151,0,-0.08,5.198,Canada_IWLS_BC,0,nein
09958_Henslung_Cove_wlp.csv,54.1910,-133.0020,2025,"Henslung Cove, British Columbia, Canada",harmonics_utide_tidetables.txt,0,35040,0.0318,0.13,0,0.0,5.199,Canada_IWLS_BC,0,nein
09961_Egeria_Bay_wlp.csv,54.2167,-132.9667,2025,"Egeria Bay, British Columbia, Canada",harmonics_utide_tidetables.txt,0,35040,0.0323,0.128,0,0.0,5.212,Canada_IWLS_BC,0,nein
09963_McPherson_Point_wlp.csv,54.2470,-132.9800,2025,"McPherson Point, British Columbia, Canada",harmonics_utide_tidetables.txt,0,35040,0.0453,0.187,0,0.0,5.16,Canada_IWLS_BC,0,nein
09964_Langara_Point_wlp.csv,54.2560,-133.0450,2025,"Langara Point, British Columbia, Canada",harmonics_ticon4_worldwide.txt,0,35040,0.0679,0.26,0,2.77,5.259,Canada_IWLS_BC,0,nein
09964_Langara_Point_wlp.csv,54.2560,-133.0450,2025,"Langara Point, British Columbia, Canada",harmonics_utide_tidetables.txt,0,35040,0.0324,0.133,0,0.0,5.236,Canada_IWLS_BC,0,nein
05010_Churchill_wlp.csv,58.7734,-94.1919,2025,"Churchill, Manitoba, Canada",harmonics_utide_tidetables.txt,0,35040,0.0352,0.145,0,0.0,4.837,Canada_IWLS_MB,0,nein
00001_Outer_Wood_Island_wlp.csv,44.6068,-66.8182,2025,"Outer Wood Island, New Brunswick, Canada",harmonics_utide_tidetables.txt,0,35040,0.043,0.134,0,-0.0,5.611,Canada_IWLS_NB,0,nein
00005_Seal_Cove_wlp.csv,44.6487,-66.8397,2025,"Seal Cove, Grand Manan Island, New Brunswick, Canada",harmonics-2004-06-14_mod.txt,0,35040,0.0487,0.167,0,0.0,5.899,Canada_IWLS_NB,0,nein
00005_Seal_Cove_wlp.csv,44.6487,-66.8397,2025,"Seal Cove, New Brunswick, Canada",harmonics_utide_tidetables.txt,0,35040,0.0452,0.148,0,0.0,5.955,Canada_IWLS_NB,0,nein
00007_Gannet_Rock_wlp.csv,44.5107,-66.7817,2025,"Gannet Rock, Nova Scotia, Canada",harmonics-2004-06-14_mod.txt,2,35040,0.0482,0.147,0,-0.0,6.16,Canada_IWLS_NB,0,nein
00007_Gannet_Rock_wlp.csv,44.5107,-66.7817,2025,"Gannet Rock, New Brunswick, Canada",harmonics_utide_tidetables.txt,2,35040,0.0454,0.148,0,-0.0,6.201,Canada_IWLS_NB,0,nein
00010_North_Head_wlp.csv,44.7631,-66.7490,2025,"North Head, New Brunswick, Canada",harmonics_utide_tidetables.txt,0,35040,0.0599,0.206,0,-0.0,7.18,Canada_IWLS_NB,0,nein
00015_Welshpool_wlp.csv,44.8889,-66.9576,2025,"Welshpool, Campobello Island, New Brunswick, Canada",harmonics-2004-06-14_mod.txt,0,35040,0.0618,0.19,0,-0.0,7.748,Canada_IWLS_NB,0,nein
00015_Welshpool_wlp.csv,44.8889,-66.9576,2025,"Welshpool, New Brunswick, Canada",harmonics_utide_tidetables.txt,0,35040,0.0588,0.182,0,-0.0,7.794,Canada_IWLS_NB,0,nein
00015_Welshpool_wlp.csv,44.8889,-66.9576,2025,"Eastport, Passamaquoddy Bay, Maine",harmonics-2004-06-14_mod.txt,2374,35040,0.1772,0.738,-10,0.769,7.772,Canada_IWLS_NB,0,nein
00015_Welshpool_wlp.csv,44.8889,-66.9576,2025,"Eastport, Passamaquoddy Bay, Maine",harmonics-dwf-20251228-free.txt,2652,35040,0.1335,0.466,0,0.738,7.652,Canada_IWLS_NB,0,nein
00015_Welshpool_wlp.csv,44.8889,-66.9576,2025,"Eastport, Maine",harmonics-2004-06-14_mod.txt,2690,35040,0.1294,0.486,0,0.735,7.618,Canada_IWLS_NB,0,nein
00020_Wilsons_Beach_wlp.csv,44.9318,-66.9407,2025,"Wilson's Beach, Campobello Island, New Brunswick, Canada",harmonics-2004-06-14_mod.txt,0,35040,0.0631,0.205,0,-0.575,7.33,Canada_IWLS_NB,0,nein
00020_Wilsons_Beach_wlp.csv,44.9318,-66.9407,2025,"Wilsons Beach, New Brunswick, Canada",harmonics_utide_tidetables.txt,0,35040,0.058,0.184,0,0.0,7.397,Canada_IWLS_NB,0,nein
00021_East_Quoddy_Head_wlp.csv,44.9581,-66.9006,2025,"East Quoddy Head, New Brunswick, Canada",harmonics-2004-06-14_mod.txt,1,35040,0.0616,0.219,0,-0.0,6.974,Canada_IWLS_NB,0,nein
00021_East_Quoddy_Head_wlp.csv,44.9581,-66.9006,2025,"East Quoddy Head, New Brunswick, Canada",harmonics_utide_tidetables.txt,1,35040,0.0588,0.203,0,-0.0,7.026,Canada_IWLS_NB,0,nein
00025_Fairhaven_wlp.csv,44.9644,-67.0074,2025,"Fairhaven, New Brunswick, Canada",harmonics_utide_tidetables.txt,0,35040,0.0598,0.195,0,-0.0,7.67,Canada_IWLS_NB,0,nein
00028_McMaster_Island_wlp.csv,45.0543,-66.9309,2025,"Mcmaster Island, New Brunswick, Canada",harmonics-2004-06-14_mod.txt,0,35040,0.0634,0.198,0,0.0,7.996,Canada_IWLS_NB,0,nein
00028_McMaster_Island_wlp.csv,45.0543,-66.9309,2025,"McMaster Island, New Brunswick, Canada",harmonics_utide_tidetables.txt,0,35040,0.0591,0.174,0,0.0,8.064,Canada_IWLS_NB,0,nein
00028_McMaster_Island_wlp.csv,45.0543,-66.9309,2025,"Matthews Cove, New Brunswick, Canada",harmonics-2004-06-14_mod.txt,2865,35040,0.1186,0.442,-10,0.09,7.791,Canada_IWLS_NB,0,nein
00028_McMaster_Island_wlp.csv,45.0543,-66.9309,2025,"Matthews Cove, New Brunswick, Canada",harmonics_utide_tidetables.txt,2865,35040,0.117,0.417,-10,0.09,7.86,Canada_IWLS_NB,0,nein
00029_Matthews_Cove_wlp.csv,45.0520,-66.8945,2025,"Matthews Cove, New Brunswick, Canada",harmonics-2004-06-14_mod.txt,0,35040,0.063,0.194,0,-0.0,7.791,Canada_IWLS_NB,0,nein
00029_Matthews_Cove_wlp.csv,45.0520,-66.8945,2025,"Matthews Cove, New Brunswick, Canada",harmonics_utide_tidetables.txt,0,35040,0.0592,0.19,0,-0.0,7.86,Canada_IWLS_NB,0,nein
00029_Matthews_Cove_wlp.csv,45.0520,-66.8945,2025,"Back Bay (Letite Harbour), New Brunswick, Canada",harmonics-2004-06-14_mod.txt,2371,35040,0.1552,0.475,-10,-0.149,7.674,Canada_IWLS_NB,0,nein
00029_Matthews_Cove_wlp.csv,45.0520,-66.8945,2025,"Back Bay (Letite Harbour), New Brunswick, Canada",harmonics_utide_tidetables.txt,2371,35040,0.193,0.628,-10,-0.149,7.321,Canada_IWLS_NB,0,nein
00029_Matthews_Cove_wlp.csv,45.0520,-66.8945,2025,"Mcmaster Island, New Brunswick, Canada",harmonics-2004-06-14_mod.txt,2865,35040,0.1146,0.439,10,-0.09,7.996,Canada_IWLS_NB,0,nein
00029_Matthews_Cove_wlp.csv,45.0520,-66.8945,2025,"McMaster Island, New Brunswick, Canada",harmonics_utide_tidetables.txt,2865,35040,0.1128,0.408,10,-0.09,8.064,Canada_IWLS_NB,0,nein
00030_Letite_Harbour_wlp.csv,45.0558,-66.8648,2025,"Back Bay (Letite Harbour), New Brunswick, Canada",harmonics-2004-06-14_mod.txt,1,35040,0.1377,0.503,0,-0.0,7.674,Canada_IWLS_NB,0,nein
00030_Letite_Harbour_wlp.csv,45.0558,-66.8648,2025,"Back Bay (Letite Harbour), New Brunswick, Canada",harmonics_utide_tidetables.txt,1,35040,0.0548,0.171,0,0.0,7.321,Canada_IWLS_NB,0,nein
00030_Letite_Harbour_wlp.csv,45.0558,-66.8648,2025,"Matthews Cove, New Brunswick, Canada",harmonics-2004-06-14_mod.txt,2371,35040,0.1888,0.62,10,0.149,7.791,Canada_IWLS_NB,0,nein
00030_Letite_Harbour_wlp.csv,45.0558,-66.8648,2025,"Matthews Cove, New Brunswick, Canada",harmonics_utide_tidetables.txt,2371,35040,0.1874,0.613,10,0.149,7.86,Canada_IWLS_NB,0,nein
00033_Letang_Harbour_wlp.csv,45.0846,-66.7837,2025,"Letang Harbour, New Brunswick, Canada",harmonics_utide_tidetables.txt,0,35040,0.0584,0.19,0,-0.0,7.545,Canada_IWLS_NB,0,nein
00035_St_Stephen_wlp.csv,45.1919,-67.2760,2025,"St. Stephen, New Brunswick, Canada",harmonics-2004-06-14_mod.txt,1,35040,0.0729,0.25,0,-0.0,8.322,Canada_IWLS_NB,0,nein
00035_St_Stephen_wlp.csv,45.1919,-67.2760,2025,"St. Stephen, New Brunswick, Canada",harmonics_utide_tidetables.txt,1,35040,0.0658,0.205,0,-0.0,8.403,Canada_IWLS_NB,0,nein
00040_St_Andrews_wlp.csv,45.0823,-67.0845,2025,"St. Andrews, Passamaquoddy Bay, New Brunswick, Canada",harmonics-2004-06-14_mod.txt,0,35040,0.0638,0.203,0,-0.0,8.006,Canada_IWLS_NB,0,nein
00040_St_Andrews_wlp.csv,45.0823,-67.0845,2025,"St. Andrews, New Brunswick, Canada",harmonics_utide_tidetables.txt,0,35040,0.0604,0.192,0,-0.0,8.04,Canada_IWLS_NB,0,nein
00041_Long_Island_wlp.csv,45.1496,-66.9611,2025,"Long Island, New Brunswick, Canada",harmonics-2004-06-14_mod.txt,0,35040,0.0665,0.216,0,0.0,8.134,Canada_IWLS_NB,0,nein
00041_Long_Island_wlp.csv,45.1496,-66.9611,2025,"Long Island, New Brunswick, Canada",harmonics_utide_tidetables.txt,0,35040,0.0635,0.2,0,0.0,8.152,Canada_IWLS_NB,0,nein
00042_Blacks_Harbour_wlp.csv,45.0478,-66.8079,2025,"Blacks Harbour, New Brunswick, Canada",harmonics_utide_tidetables.txt,0,35040,0.0557,0.171,0,0.0,7.418,Canada_IWLS_NB,0,nein
00044_Beaver_Harbour_wlp.csv,45.0684,-66.7395,2025,"Beaver Harbour, New Brunswick, Canada",harmonics_utide_tidetables.txt,0,35040,0.0607,0.2,0,-0.0,7.893,Canada_IWLS_NB,0,nein
00046_West_Dipper_Harbour_wlp.csv,45.0928,-66.4187,2025,"Dipper Harbour West, New Brunswick, Canada",harmonics-2004-06-14_mod.txt,0,35040,0.2267,0.848,0,0.001,8.073,Canada_IWLS_NB,0,nein
00046_West_Dipper_Harbour_wlp.csv,45.0928,-66.4187,2025,"Dipper Harbour West, New Brunswick, Canada",harmonics_utide_tidetables.txt,0,35040,0.0661,0.24,0,0.0,7.836,Canada_IWLS_NB,0,nein
00052_Five_Fathom_Hole_wlp.csv,45.1866,-66.2573,2025,"Five Fathom Hole, New Brunswick, Canada",harmonics_utide_tidetables.txt,0,35040,0.0658,0.228,0,-0.0,8.458,Canada_IWLS_NB,0,nein
00053_Musquash_Harbour_wlp.csv,45.1485,-66.2579,2025,"Musquash Harbour, New Brunswick, Canada",harmonics_utide_tidetables.txt,1,35040,0.067,0.226,0,0.0,8.588,Canada_IWLS_NB,0,nein
00055_Lorneville_wlp.csv,45.1927,-66.1482,2025,"Lorneville, New Brunswick, Canada",harmonics_utide_tidetables.txt,0,35040,0.0661,0.196,0,0.0,8.36,Canada_IWLS_NB,0,nein
00060_Partridge_Island_wlp.csv,45.2412,-66.0523,2025,"Partridge Island, New Brunswick, Canada",harmonics_utide_tidetables.txt,1,35040,0.0658,0.2,0,0.0,8.544,Canada_IWLS_NB,0,nein
00060_Partridge_Island_wlp.csv,45.2412,-66.0523,2025,"Saint John, New Brunswick, Canada",harmonics_utide_tidetables.txt,1612,35040,0.2052,0.672,10,-0.192,8.735,Canada_IWLS_NB,0,nein
00065_Saint_John_wlp.csv,45.2546,-66.0600,2025,"Saint John, New Brunswick, Canada",harmonics_utide_tidetables.txt,0,35040,0.0719,0.261,0,0.0,8.735,Canada_IWLS_NB,0,nein
00065_Saint_John_wlp.csv,45.2546,-66.0600,2025,"Partridge Island, New Brunswick, Canada",harmonics_utide_tidetables.txt,1613,35040,0.2085,0.691,-10,0.192,8.544,Canada_IWLS_NB,0,nein
00065_Saint_John_wlp.csv,45.2546,-66.0600,2025,"Indiantown (Saint John), New Brunswick, Canada",harmonics_ticon4_worldwide.txt,2733,35040,2.1154,5.211,80,4.462,2.236,Canada_IWLS_NB,0,nein
00085_Kennebecasis_Bay_wlp.csv,45.3933,-66.0009,2025,"Kennebecasis Bay, New Brunswick, Canada",harmonics_utide_tidetables.txt,0,35040,0.0165,0.041,0,0.0,2.342,Canada_IWLS_NB,0,nein
00093_Public_Landing_wlp.csv,45.4057,-66.1960,2025,"Public Landing, New Brunswick, Canada",harmonics_utide_tidetables.txt,0,35040,0.0049,0.024,0,-0.0,0.629,Canada_IWLS_NB,0,nein
00097_Hatfield_Point_wlp.csv,45.6138,-65.9124,2025,"Hatfield Point, New Brunswick, Canada",harmonics-2004-06-14_mod.txt,0,35040,0.0155,0.035,0,0.0,2.252,Canada_IWLS_NB,0,nein
00097_Hatfield_Point_wlp.csv,45.6138,-65.9124,2025,"Hatfield Point, New Brunswick, Canada",harmonics_utide_tidetables.txt,0,35040,0.0156,0.036,0,0.0,2.258,Canada_IWLS_NB,0,nein
00098_Evandale_wlp.csv,45.5916,-66.0287,2025,"Evandale, New Brunswick, Canada",harmonics_utide_tidetables.txt,1,35040,0.0159,0.035,0,0.0,2.224,Canada_IWLS_NB,0,nein
00102_Macdonald_Point_wlp.csv,45.7188,-66.0476,2025,"MacDonalds Point, New Brunswick, Canada",harmonics-2004-06-14_mod.txt,0,35040,0.0056,0.022,0,0.0,0.374,Canada_IWLS_NB,0,nein
00102_Macdonald_Point_wlp.csv,45.7188,-66.0476,2025,"MacDonalds Point, New Brunswick, Canada",harmonics_utide_tidetables.txt,0,35040,0.0114,0.023,0,0.0,0.392,Canada_IWLS_NB,0,nein
00103_Cambridge_Narrows_wlp.csv,45.8295,-65.9530,2025,"Cambridge Narrows, New Brunswick, Canada",harmonics-2004-06-14_mod.txt,0,35040,0.0082,0.028,0,-0.0,0.437,Canada_IWLS_NB,0,nein
00103_Cambridge_Narrows_wlp.csv,45.8295,-65.9530,2025,"Cambridge Narrows, New Brunswick, Canada",harmonics_utide_tidetables.txt,0,35040,0.0106,0.024,0,0.0,0.453,Canada_IWLS_NB,0,nein
00108_Upper_Gagetown_wlp.csv,45.8472,-66.2348,2025,"Upper Gagetown, New Brunswick, Canada",harmonics_utide_tidetables.txt,0,35040,0.0178,0.032,0,0.0,2.378,Canada_IWLS_NB,0,nein
00120_Fredericton_wlp.csv,45.9664,-66.6520,2025,"Fredericton, New Brunswick, Canada",harmonics_utide_tidetables.txt,0,35040,0.0208,0.046,0,0.0,3.145,Canada_IWLS_NB,0,nein
00122_Newcastle_Creek_wlp.csv,46.0565,-66.0027,2025,"Newcastle Creek, New Brunswick, Canada",harmonics-2004-06-14_mod.txt,0,35040,0.0048,0.009,0,-0.0,1.473,Canada_IWLS_NB,0,nein
00122_Newcastle_Creek_wlp.csv,46.0565,-66.0027,2025,"Newcastle Creek, New Brunswick, Canada",harmonics_utide_tidetables.txt,0,35040,0.0085,0.019,0,-0.0,1.485,Canada_IWLS_NB,0,nein
00129_St_Martins_wlp.csv,45.3552,-65.5319,2025,"St. Martins, New Brunswick, Canada",harmonics_utide_tidetables.txt,0,35040,0.0793,0.245,0,0.0,10.511,Canada_IWLS_NB,0,nein
00140_Herring_Cove_wlp.csv,45.5747,-64.9656,2025,"Herring Cove, New Brunswick, Canada",harmonics_utide_tidetables.txt,0,35040,0.0887,0.257,0,0.0,10.757,Canada_IWLS_NB,0,nein
00150_Cape_Enrage_wlp.csv,45.5936,-64.7802,2025,"Cape Enrage, New Brunswick, Canada",harmonics_utide_tidetables.txt,3,35040,0.0942,0.302,0,0.0,12.377,Canada_IWLS_NB,0,nein
00160_Grindstone_Island_wlp.csv,45.7219,-64.6212,2025,"Grindstone Island, New Brunswick, Canada",harmonics_utide_tidetables.txt,0,35040,0.1018,0.324,0,0.0,13.369,Canada_IWLS_NB,0,nein
00170_Hopewell_Cape_wlp.csv,45.8601,-64.5791,2025,"Hopewell Cape, New Brunswick, Canada",harmonics_utide_tidetables.txt,0,35040,0.1068,0.347,0,-0.0,13.904,Canada_IWLS_NB,0,nein
00172_Belliveau_Village_wlp.csv,45.9371,-64.6197,2025,"Belliveau Village, New Brunswick, Canada",harmonics_utide_tidetables.txt,0,35040,0.1181,0.359,0,-0.0,14.426,Canada_IWLS_NB,0,nein
00173_Dover_wlp.csv,45.9924,-64.6864,2025,"Dover (Memramcook), New Brunswick, Canada",harmonics_utide_tidetables.txt,1,35040,0.1144,0.368,0,-0.0,13.952,Canada_IWLS_NB,0,nein
01804_Pointe-du-Chêne_wlp.csv,46.2406,-64.5300,2025,"Pointe-du-Chêne, New Brunswick, Canada",harmonics_utide_tidetables.txt,1,35040,0.0114,0.049,0,0.0,1.529,Canada_IWLS_NB,0,nein
01804_Pointe-du-Chêne_wlp.csv,46.2406,-64.5300,2025,"Shediac Bay, New Brunswick, Canada",harmonics_utide_tidetables.txt,1916,35040,0.0405,0.135,10,0.109,1.481,Canada_IWLS_NB,0,nein
01805_Shediac_Bay_wlp.csv,46.2269,-64.5451,2025,"Shediac Bay, New Brunswick, Canada",harmonics_utide_tidetables.txt,0,35040,0.0136,0.054,0,0.0,1.481,Canada_IWLS_NB,0,nein
01805_Shediac_Bay_wlp.csv,46.2269,-64.5451,2025,"Pointe-du-Chêne, New Brunswick, Canada",harmonics_utide_tidetables.txt,1917,35040,0.0419,0.135,-10,-0.109,1.529,Canada_IWLS_NB,0,nein
01810_Cap_de_Caissie_wlp.csv,46.3128,-64.5097,2025,"Cap de Caissie, New Brunswick, Canada",harmonics_utide_tidetables.txt,0,35040,0.0157,0.044,0,-0.0,1.465,Canada_IWLS_NB,0,nein
01810_Cap_de_Caissie_wlp.csv,46.3128,-64.5097,2025,"Caissie Point, New Brunswick, Canada",harmonics-2004-06-14_mod.txt,3,35040,0.027,0.087,0,-0.0,1.485,Canada_IWLS_NB,0,nein
01812_Cocagne_wlp.csv,46.3381,-64.6181,2025,"Cocagne, New Brunswick, Canada",harmonics_utide_tidetables.txt,0,35040,0.0081,0.032,0,0.0,1.29,Canada_IWLS_NB,0,nein
01815_Saint_Thomas_De_Kent_wlp.csv,46.4476,-64.6368,2025,"Saint Thomas De Kent (Grand-Bouctouche), New Brunswick, Canada",harmonics-2004-06-14_mod.txt,1,35040,0.02,0.061,0,-0.0,1.315,Canada_IWLS_NB,0,nein
01815_Saint_Thomas_De_Kent_wlp.csv,46.4476,-64.6368,2025,"Saint Thomas De Kent (Grand-Bouctouche), New Brunswick, Canada",harmonics_utide_tidetables.txt,1,35040,0.0059,0.021,0,0.0,1.294,Canada_IWLS_NB,0,nein
01820_Richibucto_Cape_wlp.csv,46.6745,-64.7125,2025,"Richibucto Cape, New Brunswick, Canada",harmonics_utide_tidetables.txt,0,35040,0.0088,0.033,0,0.0,1.409,Canada_IWLS_NB,0,nein
01820_Richibucto_Cape_wlp.csv,46.6745,-64.7125,2025,"Richibucto Cape, New Brunswick, Canada",harmonics-2004-06-14_mod.txt,6,35040,0.0141,0.054,0,-0.0,1.398,Canada_IWLS_NB,0,nein
01825_Richibucto_Bar_wlp.csv,46.7109,-64.7911,2025,"Richibucto Bar, New Brunswick, Canada",harmonics_utide_tidetables.txt,0,35040,0.0058,0.023,0,0.0,1.304,Canada_IWLS_NB,0,nein
01827_Richibucto_wlp.csv,46.6803,-64.8604,2025,"Richibucto, New Brunswick, Canada",harmonics-2004-06-14_mod.txt,0,35040,0.0173,0.054,0,-0.0,1.249,Canada_IWLS_NB,0,nein
01827_Richibucto_wlp.csv,46.6803,-64.8604,2025,"Richibucto, New Brunswick, Canada",harmonics_utide_tidetables.txt,0,35040,0.0075,0.033,0,-0.0,1.256,Canada_IWLS_NB,0,nein
01830_Pointe_Sapin_wlp.csv,46.9628,-64.8301,2025,"Pointe Sapin, New Brunswick, Canada",harmonics_utide_tidetables.txt,1,35040,0.0089,0.038,0,-0.0,1.674,Canada_IWLS_NB,0,nein
02000_Escuminac_wlp.csv,47.0822,-64.8856,2025,"Escuminac, New Brunswick, Canada",harmonics_utide_tidetables.txt,0,35040,0.0121,0.051,0,0.0,1.625,Canada_IWLS_NB,0,nein
02010_Portage_Island_wlp.csv,47.1770,-65.0373,2025,"Portage Island, New Brunswick, Canada",harmonics_utide_tidetables.txt,0,35040,0.0083,0.033,0,0.0,1.768,Canada_IWLS_NB,0,nein
02012_Fox_Island_Range_Light_wlp.csv,47.1135,-65.0431,2025,"Fox Island, Miramich, New Brunswick, Canada",harmonics-2004-06-14_mod.txt,0,35040,0.0139,0.055,0,0.0,1.311,Canada_IWLS_NB,0,nein
02012_Fox_Island_Range_Light_wlp.csv,47.1135,-65.0431,2025,"Fox Island Range Light, New Brunswick, Canada",harmonics_utide_tidetables.txt,0,35040,0.01,0.037,0,0.0,1.279,Canada_IWLS_NB,0,nein
02014_Cormorant_(underwater)_wlp.csv,47.1247,-65.1486,2025,"Cormorant (underwater), New Brunswick, Canada",harmonics-2004-06-14_mod.txt,0,35040,0.0179,0.077,0,0.0,1.646,Canada_IWLS_NB,0,nein
02014_Cormorant_(underwater)_wlp.csv,47.1247,-65.1486,2025,"Cormorant (underwater), New Brunswick, Canada",harmonics_utide_tidetables.txt,0,35040,0.0118,0.046,0,0.0,1.6,Canada_IWLS_NB,0,nein
02020_Bas_Neguac_wlp.csv,47.2565,-65.0531,2025,"Bas Neguac, New Brunswick, Canada",harmonics_utide_tidetables.txt,0,35040,0.0096,0.035,0,0.0,1.544,Canada_IWLS_NB,0,nein
02020_Bas_Neguac_wlp.csv,47.2565,-65.0531,2025,"Neguac, New Brunswick, Canada",harmonics-2004-06-14_mod.txt,2255,35040,0.0728,0.239,20,0.007,1.719,Canada_IWLS_NB,0,nein
02020_Bas_Neguac_wlp.csv,47.2565,-65.0531,2025,"Neguac, New Brunswick, Canada",harmonics_utide_tidetables.txt,2255,35040,0.0697,0.196,20,0.007,1.671,Canada_IWLS_NB,0,nein
02022_Neguac_wlp.csv,47.2410,-65.0723,2025,"Neguac, New Brunswick, Canada",harmonics-2004-06-14_mod.txt,0,35040,0.0239,0.087,0,-0.0,1.719,Canada_IWLS_NB,0,nein
02022_Neguac_wlp.csv,47.2410,-65.0723,2025,"Neguac, New Brunswick, Canada",harmonics_utide_tidetables.txt,0,35040,0.0128,0.044,0,-0.0,1.671,Canada_IWLS_NB,0,nein
02022_Neguac_wlp.csv,47.2410,-65.0723,2025,"Bas Neguac, New Brunswick, Canada",harmonics_utide_tidetables.txt,2256,35040,0.0704,0.185,-20,-0.007,1.544,Canada_IWLS_NB,0,nein
02025_Burnt_Church_wlp.csv,47.1907,-65.1348,2025,"Burnt Church, New Brunswick, Canada",harmonics-2004-06-14_mod.txt,0,35040,0.0183,0.057,0,-0.2,1.643,Canada_IWLS_NB,0,nein
02025_Burnt_Church_wlp.csv,47.1907,-65.1348,2025,"Burnt Church, New Brunswick, Canada",harmonics_utide_tidetables.txt,0,35040,0.0134,0.047,0,-0.0,1.611,Canada_IWLS_NB,0,nein
02028_Baie_du_Vin_Island_wlp.csv,47.0391,-65.1466,2025,"Baie du Vin Island, New Brunswick, Canada",harmonics_utide_tidetables.txt,1,35040,0.0122,0.052,0,-0.0,1.689,Canada_IWLS_NB,0,nein
02029_Robichaud_Spit_wlp.csv,47.1297,-65.2510,2025,"Robichaud Spit, New Brunswick, Canada",harmonics-2004-06-14_mod.txt,1,35040,0.0176,0.064,0,-0.0,1.577,Canada_IWLS_NB,0,nein
02029_Robichaud_Spit_wlp.csv,47.1297,-65.2510,2025,"Robichaud Spit, New Brunswick, Canada",harmonics_utide_tidetables.txt,1,35040,0.0094,0.034,0,-0.0,1.563,Canada_IWLS_NB,0,nein
02029_Robichaud_Spit_wlp.csv,47.1297,-65.2510,2025,"Oak Point, New Brunswick, Canada",harmonics_utide_tidetables.txt,1909,35040,0.049,0.171,0,-0.013,1.548,Canada_IWLS_NB,0,nein
02029_Robichaud_Spit_wlp.csv,47.1297,-65.2510,2025,"Oak Point, New Brunswick, Canada",harmonics-2004-06-14_mod.txt,1912,35040,0.0884,0.329,-20,0.024,1.955,Canada_IWLS_NB,0,nein
02030_Oak_Point_wlp.csv,47.1164,-65.2670,2025,"Oak Point, New Brunswick, Canada",harmonics_utide_tidetables.txt,0,35040,0.0649,0.212,10,-0.037,1.548,Canada_IWLS_NB,0,nein
02030_Oak_Point_wlp.csv,47.1164,-65.2670,2025,"Oak Point, New Brunswick, Canada",harmonics-2004-06-14_mod.txt,5,35040,0.0515,0.154,0,-0.0,1.955,Canada_IWLS_NB,0,nein
02030_Oak_Point_wlp.csv,47.1164,-65.2670,2025,"Robichaud Spit, New Brunswick, Canada",harmonics-2004-06-14_mod.txt,1909,35040,0.0781,0.268,20,-0.025,1.577,Canada_IWLS_NB,0,nein
02030_Oak_Point_wlp.csv,47.1164,-65.2670,2025,"Robichaud Spit, New Brunswick, Canada",harmonics_utide_tidetables.txt,1909,35040,0.0787,0.276,20,-0.025,1.563,Canada_IWLS_NB,0,nein
02033_Loggieville_wlp.csv,47.0744,-65.3843,2025,"Loggieville, New Brunswick, Canada",harmonics-2004-06-14_mod.txt,0,35040,0.0201,0.077,0,-0.0,1.924,Canada_IWLS_NB,0,nein
02033_Loggieville_wlp.csv,47.0744,-65.3843,2025,"Gordon Point, New Brunswick, Canada",harmonics-2004-06-14_mod.txt,856,35040,0.0726,0.243,0,-0.047,1.7,Canada_IWLS_NB,0,nein
02034_Gordon_Point_wlp.csv,47.0792,-65.3932,2025,"Gordon Point, New Brunswick, Canada",harmonics-2004-06-14_mod.txt,0,35040,0.0148,0.056,0,-0.0,1.7,Canada_IWLS_NB,0,nein
02034_Gordon_Point_wlp.csv,47.0792,-65.3932,2025,"Loggieville, New Brunswick, Canada",harmonics-2004-06-14_mod.txt,857,35040,0.0765,0.268,0,0.047,1.924,Canada_IWLS_NB,0,nein
02035_Chatham_wlp.csv,47.0299,-65.4722,2025,"Miramichi (Chatham), New Brunswick, Canada",harmonics_utide_tidetables.txt,0,35040,0.0191,0.063,0,-0.0,1.933,Canada_IWLS_NB,0,nein
02040_Newcastle_wlp.csv,46.9980,-65.5616,2025,"Newcastle (Miramichi River), New Brunswick, Canada",harmonics-2004-06-14_mod.txt,0,35040,0.0258,0.091,0,-0.0,2.142,Canada_IWLS_NB,0,nein
02040_Newcastle_wlp.csv,46.9980,-65.5616,2025,"Newcastle (Miramichi River), New Brunswick, Canada",harmonics_utide_tidetables.txt,0,35040,0.0184,0.063,0,-0.0,2.092,Canada_IWLS_NB,0,nein
02060_Tracadie_wlp.csv,47.5230,-64.9089,2025,"Tracadie, New Brunswick, Canada",harmonics_utide_tidetables.txt,0,35040,0.0063,0.023,0,0.0,1.247,Canada_IWLS_NB,0,nein
02070_Shippagan_Gully_wlp.csv,47.7187,-64.6698,2025,"Shippegan Gully, New Brunswick, Canada",harmonics-2004-06-14_mod.txt,0,35040,0.0183,0.075,0,0.0,1.743,Canada_IWLS_NB,0,nein
02070_Shippagan_Gully_wlp.csv,47.7187,-64.6698,2025,"Shippagan Gully, New Brunswick, Canada",harmonics_utide_tidetables.txt,0,35040,0.0113,0.043,0,0.0,1.74,Canada_IWLS_NB,0,nein
02071_Shippagan_wlp.csv,47.7478,-64.7024,2025,"Shippagan, New Brunswick, Canada",harmonics-2004-06-14_mod.txt,0,35040,0.0223,0.09,0,0.0,2.112,Canada_IWLS_NB,0,nein
02071_Shippagan_wlp.csv,47.7478,-64.7024,2025,"Shippagan, New Brunswick, Canada",harmonics_utide_tidetables.txt,0,35040,0.0138,0.062,0,0.0,2.09,Canada_IWLS_NB,0,nein
02090_Miscou_wlp.csv,47.8962,-64.5786,2025,"Miscou Harbour, New Brunswick, Canada",harmonics_utide_tidetables.txt,0,35040,0.0118,0.044,0,-0.0,2.012,Canada_IWLS_NB,0,nein
02110_Caraquet_wlp.csv,47.7960,-64.9276,2025,"Caraquet, New Brunswick, Canada",harmonics-2004-06-14_mod.txt,1,35040,0.0168,0.067,0,0.0,2.142,Canada_IWLS_NB,0,nein
02110_Caraquet_wlp.csv,47.7960,-64.9276,2025,"Caraquet, New Brunswick, Canada",harmonics_utide_tidetables.txt,1,35040,0.0125,0.046,0,-0.0,2.12,Canada_IWLS_NB,0,nein
02120_Stonehaven_wlp.csv,47.7543,-65.3618,2025,"Stonehaven, New Brunswick, Canada",harmonics_utide_tidetables.txt,0,35040,0.0163,0.057,0,-0.0,2.203,Canada_IWLS_NB,0,nein
02130_Bathurst_Harbour_wlp.csv,47.6146,-65.6396,2025,"Bathurst Harbour, New Brunswick, Canada",harmonics-2004-06-14_mod.txt,0,35040,0.0211,0.087,0,0.0,2.499,Canada_IWLS_NB,0,nein
02130_Bathurst_Harbour_wlp.csv,47.6146,-65.6396,2025,"Bathurst Harbour, New Brunswick, Canada",harmonics_utide_tidetables.txt,0,35040,0.0171,0.063,0,0.0,2.493,Canada_IWLS_NB,0,nein
02145_Belledune_wlp.csv,47.9089,-65.8459,2025,"Belledune, New Brunswick, Canada",harmonics_utide_tidetables.txt,0,35040,0.0182,0.071,0,0.0,2.724,Canada_IWLS_NB,0,nein
02145_Belledune_wlp.csv,47.9089,-65.8459,2025,"Belledune, New Brunswick, Canada",harmonics_utide_observations.txt,6,35040,0.0313,0.119,0,-0.084,2.693,Canada_IWLS_NB,0,nein
02165_Dalhousie_wlp.csv,48.0720,-66.3777,2025,"Dalhousie, New Brunswick, Canada",harmonics_utide_tidetables.txt,0,35040,0.0193,0.081,0,0.0,3.011,Canada_IWLS_NB,0,nein
02175_Campbellton_wlp.csv,48.0116,-66.6694,2025,"Campbellton, New Brunswick, Canada",harmonics_utide_tidetables.txt,0,35040,0.0193,0.075,0,-0.0,3.127,Canada_IWLS_NB,0,nein
00663_Grand_Bay_wlp.csv,47.5902,-59.1820,2025,"Grand Bay, Newfoundland, Canada",harmonics_utide_tidetables.txt,0,35040,0.0127,0.046,0,0.0,1.576,Canada_IWLS_NL,0,nein
00665_Port_aux_Basques_wlp.csv,47.5802,-59.1390,2025,"Port Aux Basques, Newfoundland, Canada",harmonics_utide_observations.txt,1,35040,0.0182,0.074,10,-0.007,1.658,Canada_IWLS_NL,0,nein
00665_Port_aux_Basques_wlp.csv,47.5802,-59.1390,2025,"Port Aux Basques, Newfoundland, Canada",harmonics_utide_tidetables.txt,1,35040,0.0109,0.047,0,0.0,1.678,Canada_IWLS_NL,0,nein
00665_Port_aux_Basques_wlp.csv,47.5802,-59.1390,2025,"Port Aux Basques, Newfoundland, Canada",harmonics_ticon4_worldwide.txt,27,35040,0.0177,0.063,0,1.229,1.672,Canada_IWLS_NL,0,nein
00666_Isle_Aux_Morts_wlp.csv,47.5821,-58.9791,2025,"Isle Aux Morts, Newfoundland, Canada",harmonics-2004-06-14_mod.txt,0,35040,0.0174,0.063,0,0.0,1.635,Canada_IWLS_NL,0,nein
00666_Isle_Aux_Morts_wlp.csv,47.5821,-58.9791,2025,"Isle Aux Morts, Newfoundland, Canada",harmonics_utide_tidetables.txt,0,35040,0.0112,0.04,0,0.0,1.603,Canada_IWLS_NL,0,nein
00668_Rose_Blanche_wlp.csv,47.6156,-58.7002,2025,"Rose Blanche, Newfoundland, Canada",harmonics_utide_tidetables.txt,0,35040,0.0117,0.04,0,0.0,1.75,Canada_IWLS_NL,0,nein
00670_La_Poile_(Little_Bay)_wlp.csv,47.6842,-58.3957,2025,"La Poile (Little Bay), Newfoundland, Canada",harmonics_utide_tidetables.txt,0,35040,0.0109,0.036,0,0.0,1.568,Canada_IWLS_NL,0,nein
00671_Grand_Bruit_wlp.csv,47.6717,-58.2247,2025,"Grand Bruit, Newfoundland, Canada",harmonics_utide_tidetables.txt,1,35040,0.0127,0.046,0,0.0,1.859,Canada_IWLS_NL,0,nein
00672_Couteau_Bay_wlp.csv,47.7128,-58.0498,2025,"Couteau Bay, Newfoundland, Canada",harmonics-2004-06-14_mod.txt,0,35040,0.0168,0.071,0,-0.0,1.893,Canada_IWLS_NL,0,nein
00672_Couteau_Bay_wlp.csv,47.7128,-58.0498,2025,"Couteau Bay, Newfoundland, Canada",harmonics_utide_tidetables.txt,0,35040,0.0133,0.054,0,-0.0,1.905,Canada_IWLS_NL,0,nein
00677_Short_Reach_wlp.csv,47.6168,-57.6209,2025,"Burgeo (Short Reach), Newfoundland, Canada",harmonics_utide_tidetables.txt,0,35040,0.0116,0.04,0,-0.0,1.738,Canada_IWLS_NL,0,nein
00679_Ramea_Island_wlp.csv,47.5218,-57.3846,2025,"Ramea Island, Newfoundland, Canada",harmonics_utide_tidetables.txt,0,35040,0.0121,0.042,0,-0.0,1.759,Canada_IWLS_NL,0,nein
00683_Francois_wlp.csv,47.5774,-56.7438,2025,"Francois, Newfoundland, Canada",harmonics_utide_tidetables.txt,0,35040,0.0126,0.043,0,-0.0,1.824,Canada_IWLS_NL,0,nein
00688_Mccallum_wlp.csv,47.6312,-56.2270,2025,"McCallum, Newfoundland, Canada",harmonics_utide_tidetables.txt,0,35040,0.0144,0.055,0,-0.0,2.026,Canada_IWLS_NL,0,nein
00690_Pushthrough_wlp.csv,47.6356,-56.1651,2025,"Pushthrough, Newfoundland, Canada",harmonics_utide_tidetables.txt,0,35040,0.0132,0.047,0,0.0,1.939,Canada_IWLS_NL,0,nein
00690_Pushthrough_wlp.csv,47.6356,-56.1651,2025,"Great Jervis Harbour, Bay d'Espoir, Newfoundland, Canada",harmonics_noaa_amtt.txt,2106,35040,0.0964,0.31,20,0.002,1.956,Canada_IWLS_NL,0,nein
00705_St_Albans_wlp.csv,47.8631,-55.8352,2025,"St. Alban's, Newfoundland, Canada",harmonics_utide_tidetables.txt,0,35040,0.0159,0.06,0,-0.0,2.077,Canada_IWLS_NL,0,nein
00708_Gaultois_wlp.csv,47.6084,-55.9044,2025,"Gaultois, Newfoundland, Canada",harmonics_utide_tidetables.txt,0,35040,0.0141,0.053,0,0.0,2.047,Canada_IWLS_NL,0,nein
00710_Hermitage_wlp.csv,47.5565,-55.9254,2025,"Hermitage, Newfoundland, Canada",harmonics_utide_tidetables.txt,1,35040,0.0139,0.049,0,-0.0,2.024,Canada_IWLS_NL,0,nein
00720_Harbour_Breton_wlp.csv,47.4780,-55.8127,2025,"Harbour Breton, Newfoundland, Canada",harmonics_utide_tidetables.txt,0,35040,0.0181,0.066,0,0.0,2.095,Canada_IWLS_NL,0,nein
00724_Belleoram_wlp.csv,47.5268,-55.4093,2025,"Belleoram, Newfoundland, Canada",harmonics-2004-06-14_mod.txt,0,35040,0.0254,0.09,0,0.0,2.172,Canada_IWLS_NL,0,nein
00724_Belleoram_wlp.csv,47.5268,-55.4093,2025,"Belleoram, Newfoundland, Canada",harmonics_utide_tidetables.txt,0,35040,0.0179,0.058,0,0.0,2.188,Canada_IWLS_NL,0,nein
00755_St_Lawrence_wlp.csv,46.9168,-55.3901,2025,"St. Lawrence, Newfoundland, Canada",harmonics_utide_observations.txt,0,35040,0.0282,0.106,0,-0.071,2.314,Canada_IWLS_NL,0,nein
00755_St_Lawrence_wlp.csv,46.9168,-55.3901,2025,"St. Lawrence, Newfoundland, Canada",harmonics_utide_tidetables.txt,0,35040,0.0168,0.071,0,0.0,2.306,Canada_IWLS_NL,0,nein
00760_Burin_wlp.csv,47.0357,-55.1644,2025,"Burin, Newfoundland, Canada",harmonics_utide_tidetables.txt,0,35040,0.0157,0.059,0,0.0,2.275,Canada_IWLS_NL,0,nein
00765_Marystown_wlp.csv,47.1656,-55.1482,2025,"Marystown, Newfoundland, Canada",harmonics_utide_tidetables.txt,1,35040,0.0217,0.085,0,0.0,2.303,Canada_IWLS_NL,0,nein
00776_Petite_Forte_wlp.csv,47.3963,-54.6680,2025,"Petite Forte, Newfoundland, Canada",harmonics_utide_tidetables.txt,0,35040,0.017,0.062,0,-0.0,2.449,Canada_IWLS_NL,0,nein
00795_Tacks_Beach_wlp.csv,47.5814,-54.2121,2025,"Tacks Beach, Newfoundland, Canada",harmonics_utide_tidetables.txt,0,35040,0.0152,0.055,0,0.0,2.264,Canada_IWLS_NL,0,nein
00796_Davis_Cove_wlp.csv,47.6362,-54.3406,2025,"Davis Cove, Newfoundland, Canada",harmonics_utide_tidetables.txt,0,35040,0.0175,0.065,0,-0.0,2.548,Canada_IWLS_NL,0,nein
00805_Woody_Island_wlp.csv,47.7837,-54.1787,2025,"Woody Island, Newfoundland, Canada",harmonics_utide_tidetables.txt,0,35040,0.0153,0.058,0,-0.0,2.415,Canada_IWLS_NL,0,nein
00810_North_Harbour_wlp.csv,47.8463,-54.0967,2025,"North Harbour, Newfoundland, Canada",harmonics-2004-06-14_mod.txt,0,35040,0.0247,0.092,0,-0.0,2.371,Canada_IWLS_NL,0,nein
00810_North_Harbour_wlp.csv,47.8463,-54.0967,2025,"North Harbour, Newfoundland, Canada",harmonics_utide_tidetables.txt,0,35040,0.0175,0.064,0,-0.0,2.354,Canada_IWLS_NL,0,nein
00815_Come_By_Chance_wlp.csv,47.8104,-54.0076,2025,"Come By Chance, Newfoundland, Canada",harmonics_utide_tidetables.txt,0,35040,0.0188,0.076,0,-0.0,2.302,Canada_IWLS_NL,0,nein
00818_Arnolds_Cove_wlp.csv,47.7580,-53.9901,2025,"Arnold's Cove, Newfoundland, Canada",harmonics_utide_tidetables.txt,0,35040,0.0175,0.067,0,-0.0,2.574,Canada_IWLS_NL,0,nein
00830_Long_Harbour_wlp.csv,47.4286,-53.8228,2025,"Long Harbour, Newfoundland, Canada",harmonics_utide_tidetables.txt,0,35040,0.0163,0.063,0,0.0,2.499,Canada_IWLS_NL,0,nein
00835_Argentia_wlp.csv,47.2900,-53.9919,2025,"Argentia, Newfoundland, Canada",harmonics_utide_tidetables.txt,0,35040,0.02,0.093,0,0.0,2.493,Canada_IWLS_NL,0,nein
00835_Argentia_wlp.csv,47.2900,-53.9919,2025,"Argentia, Newfoundland, Canada",harmonics_utide_observations.txt,0,35040,0.0282,0.121,0,-0.07,2.488,Canada_IWLS_NL,0,nein
00845_St_Brides_wlp.csv,46.9176,-54.1778,2025,"St. Bride's, Newfoundland, Canada",harmonics_utide_tidetables.txt,0,35040,0.0171,0.067,0,-0.0,2.331,Canada_IWLS_NL,0,nein
00860_St_Marys_wlp.csv,46.9195,-53.5802,2025,"St. Mary's, Newfoundland, Canada",harmonics_utide_tidetables.txt,0,35040,0.0167,0.067,0,-0.0,2.167,Canada_IWLS_NL,0,nein
00880_Trepassey_wlp.csv,46.7355,-53.3715,2025,"Trepassey, Newfoundland, Canada",harmonics-2004-06-14_mod.txt,0,35040,0.0196,0.07,0,-0.0,1.898,Canada_IWLS_NL,0,nein
00880_Trepassey_wlp.csv,46.7355,-53.3715,2025,"Trepassey, Newfoundland, Canada",harmonics_utide_tidetables.txt,0,35040,0.014,0.057,0,-0.0,1.882,Canada_IWLS_NL,0,nein
00880_Trepassey_wlp.csv,46.7355,-53.3715,2025,"Trepassey Harbour, Newfoundland, Canada",harmonics_noaa_amtt.txt,2277,35040,0.1183,0.335,10,-0.204,2.218,Canada_IWLS_NL,0,nein
00890_Fermeuse_wlp.csv,46.9647,-52.9381,2025,"Fermeuse, Newfoundland, Canada",harmonics-2004-06-14_mod.txt,0,35040,0.0166,0.063,0,-0.0,1.624,Canada_IWLS_NL,0,nein
00890_Fermeuse_wlp.csv,46.9647,-52.9381,2025,"Fermeuse, Newfoundland, Canada",harmonics_utide_tidetables.txt,0,35040,0.0102,0.039,0,-0.0,1.606,Canada_IWLS_NL,0,nein
00893_Lance_Cove_wlp.csv,46.8006,-54.0977,2025,"Lance Cove, Newfoundland Canada",harmonics_utide_tidetables.txt,0,35040,0.0101,0.04,0,-0.0,1.549,Canada_IWLS_NL,0,nein
00898_Gull_Island_wlp.csv,47.2621,-52.7779,2025,"Gull Island, Newfoundland, Canada",harmonics-2004-06-14_mod.txt,0,35040,0.0131,0.051,0,-0.0,1.549,Canada_IWLS_NL,0,nein
00898_Gull_Island_wlp.csv,47.2621,-52.7779,2025,"Gull Island, Newfoundland, Canada",harmonics_utide_tidetables.txt,0,35040,0.0103,0.044,0,-0.0,1.539,Canada_IWLS_NL,0,nein
00900_Bay_Bulls_wlp.csv,47.3138,-52.8061,2025,"Bay Bulls, Newfoundland, Canada",harmonics_utide_tidetables.txt,0,35040,0.0102,0.04,0,-0.0,1.516,Canada_IWLS_NL,0,nein
00905_St_Johns_wlp.csv,47.5671,-52.7023,2025,"St. John's, Newfoundland, Canada",harmonics_utide_observations.txt,1,35040,0.0128,0.051,0,0.005,1.604,Canada_IWLS_NL,0,nein
00905_St_Johns_wlp.csv,47.5671,-52.7023,2025,"St. John's, Newfoundland, Canada",harmonics_utide_tidetables.txt,1,35040,0.0112,0.045,0,0.0,1.592,Canada_IWLS_NL,0,nein
00905_St_Johns_wlp.csv,47.5671,-52.7023,2025,"St. John's, Newfoundland, Canada",harmonics_ticon4_worldwide.txt,15,35040,0.0251,0.108,0,0.086,1.57,Canada_IWLS_NL,0,nein
00907_Middle_Cove_wlp.csv,47.6509,-52.6959,2025,"Middle Cove, Newfoundland, Canada",harmonics-2004-06-14_mod.txt,1,35040,0.0119,0.047,0,-0.0,1.412,Canada_IWLS_NL,0,nein
00907_Middle_Cove_wlp.csv,47.6509,-52.6959,2025,"Middle Cove, Newfoundland, Canada",harmonics_utide_tidetables.txt,1,35040,0.0091,0.038,0,-0.0,1.399,Canada_IWLS_NL,0,nein
00912_Portugal_Cove_wlp.csv,47.6257,-52.8567,2025,"Portugal Cove, Newfoundland, Canada",harmonics_utide_tidetables.txt,0,35040,0.0125,0.047,0,0.0,1.598,Canada_IWLS_NL,0,nein
00915_Bell_Island_wlp.csv,47.6298,-52.9235,2025,"Bell Island, Newfoundland, Canada",harmonics-2004-06-14_mod.txt,1,35040,0.0144,0.053,0,0.0,1.422,Canada_IWLS_NL,0,nein
00915_Bell_Island_wlp.csv,47.6298,-52.9235,2025,"Bell Island, Newfoundland, Canada",harmonics_utide_tidetables.txt,1,35040,0.0111,0.038,0,0.0,1.411,Canada_IWLS_NL,0,nein
00920_Long_Pond_wlp.csv,47.5174,-52.9786,2025,"Long Pond, Newfoundland, Canada",harmonics_utide_tidetables.txt,0,35040,0.0093,0.036,0,-0.0,1.427,Canada_IWLS_NL,0,nein
00925_Holyrood_Bay_wlp.csv,47.3891,-53.1354,2025,"Holyrood Bay, Newfoundland, Canada",harmonics_utide_tidetables.txt,0,35040,0.0123,0.042,0,0.0,1.455,Canada_IWLS_NL,0,nein
00932_Bay_Roberts_wlp.csv,47.5888,-53.2632,2025,"Bay Roberts, Newfoundland, Canada",harmonics_utide_tidetables.txt,0,35040,0.0089,0.027,0,-0.0,1.161,Canada_IWLS_NL,0,nein
00935_Harbour_Grace_wlp.csv,47.6911,-53.2168,2025,"Harbour Grace, Newfoundland, Canada",harmonics_utide_tidetables.txt,0,35040,0.0079,0.03,0,0.0,1.264,Canada_IWLS_NL,0,nein
00955_Hearts_Content_wlp.csv,47.8708,-53.3677,2025,"Heart's Content, Newfoundland, Canada",harmonics-2004-06-14_mod.txt,0,35040,0.0135,0.059,0,0.0,1.308,Canada_IWLS_NL,0,nein
00955_Hearts_Content_wlp.csv,47.8708,-53.3677,2025,"Hearts Content, Newfoundland, Canada",harmonics_utide_tidetables.txt,0,35040,0.0083,0.032,0,0.0,1.319,Canada_IWLS_NL,0,nein
00962_Long_Cove_wlp.csv,47.5668,-53.6675,2025,"Long Cove, Newfoundland, Canada",harmonics_utide_tidetables.txt,1,35040,0.0098,0.043,0,-0.0,1.402,Canada_IWLS_NL,0,nein
00970_Long_Beach_wlp.csv,47.9965,-53.8107,2025,"Long Beach, Newfoundland, Canada",harmonics_utide_tidetables.txt,0,35040,0.0079,0.029,0,0.0,1.25,Canada_IWLS_NL,0,nein
00973_Hickmans_Harbour_wlp.csv,48.1032,-53.7436,2025,"Hickman's Harbour, Newfoundland, Canada",harmonics_utide_tidetables.txt,0,35040,0.0075,0.029,0,0.0,1.18,Canada_IWLS_NL,0,nein
00975_Clarenville_wlp.csv,48.1698,-53.9605,2025,"Clarenville, Newfoundland, Canada",harmonics-2004-06-14_mod.txt,0,35040,0.0158,0.059,0,-0.0,1.376,Canada_IWLS_NL,0,nein
00975_Clarenville_wlp.csv,48.1698,-53.9605,2025,"Clarenville, Newfoundland, Canada",harmonics_utide_tidetables.txt,0,35040,0.0114,0.041,0,-0.0,1.36,Canada_IWLS_NL,0,nein
00977_Clifton_wlp.csv,48.1756,-53.7246,2025,"Clifton, Newfoundland, Canada",harmonics_utide_tidetables.txt,0,35040,0.0077,0.028,0,0.0,1.264,Canada_IWLS_NL,0,nein
00981_Trinity_wlp.csv,48.3721,-53.3578,2025,"Trinity, Newfoundland, Canada",harmonics-2004-06-14_mod.txt,0,35040,0.0157,0.058,0,-0.0,1.278,Canada_IWLS_NL,0,nein
00981_Trinity_wlp.csv,48.3721,-53.3578,2025,"Trinity, Newfoundland, Canada",harmonics_utide_tidetables.txt,0,35040,0.0091,0.034,0,-0.0,1.248,Canada_IWLS_NL,0,nein
00985_Port_Union_wlp.csv,48.4989,-53.0811,2025,"Port Union, Newfoundland, Canada",harmonics-2004-06-14_mod.txt,0,35040,0.0168,0.065,0,0.0,1.208,Canada_IWLS_NL,0,nein
00985_Port_Union_wlp.csv,48.4989,-53.0811,2025,"Port Union, Newfoundland, Canada",harmonics_utide_tidetables.txt,0,35040,0.0073,0.027,0,-0.0,1.161,Canada_IWLS_NL,0,nein
00990_Bonavista_wlp.csv,48.6506,-53.1158,2025,"Bonavista, Newfoundland, Canada",harmonics_utide_observations.txt,1,35040,0.0178,0.068,0,-0.051,1.464,Canada_IWLS_NL,0,nein
00990_Bonavista_wlp.csv,48.6506,-53.1158,2025,"Bonavista, Newfoundland, Canada",harmonics_utide_tidetables.txt,1,35040,0.0102,0.04,0,0.0,1.474,Canada_IWLS_NL,0,nein
01003_Jamestown_wlp.csv,48.4443,-53.8000,2025,"Jamestown, Newfoundland Canada",harmonics_utide_tidetables.txt,0,35040,0.0075,0.026,0,0.0,1.203,Canada_IWLS_NL,0,nein
"01008_Charlottetown,_NL_wlp.csv",48.4340,-54.0044,2025,"Charlottetown, Newfoundland, Canada",harmonics_utide_tidetables.txt,0,35040,0.0088,0.029,0,-0.0,1.239,Canada_IWLS_NL,0,nein
01009_Saltons_Brook_wlp.csv,48.5790,-53.9469,2025,"Saltons Brook, Newfoundland, Canada",harmonics_utide_tidetables.txt,0,35040,0.0081,0.031,0,-0.0,1.207,Canada_IWLS_NL,0,nein
01009_Saltons_Brook_wlp.csv,48.5790,-53.9469,2025,"Newman Sound, Newfoundland, Canada",harmonics_utide_tidetables.txt,2208,35040,0.0663,0.231,20,0.06,1.196,Canada_IWLS_NL,0,nein
01010_Newman_Sound_wlp.csv,48.5620,-53.9624,2025,"Newman Sound, Newfoundland, Canada",harmonics_utide_tidetables.txt,0,35040,0.0073,0.029,0,-0.0,1.196,Canada_IWLS_NL,0,nein
01010_Newman_Sound_wlp.csv,48.5620,-53.9624,2025,"Saltons Brook, Newfoundland, Canada",harmonics_utide_tidetables.txt,2208,35040,0.065,0.226,-20,-0.06,1.207,Canada_IWLS_NL,0,nein
01015_Salvage_wlp.csv,48.6867,-53.6429,2025,"Salvage, Newfoundland Canada",harmonics_utide_tidetables.txt,0,35040,0.0102,0.037,0,-0.0,1.23,Canada_IWLS_NL,0,nein
01018_Glovertown_South_wlp.csv,48.6822,-53.9932,2025,"Glovertown South, Newfoundland, Canada",harmonics_utide_tidetables.txt,0,35040,0.0089,0.035,0,-0.0,1.251,Canada_IWLS_NL,0,nein
01025_Dover_-_Wellington_wlp.csv,48.8642,-53.9721,2025,"Dover - Wellington, Newfoundland, Canada",harmonics_utide_tidetables.txt,0,35040,0.0113,0.042,0,-0.0,1.38,Canada_IWLS_NL,0,nein
01030_Valleyfield_wlp.csv,49.1222,-53.6079,2025,"Valleyfield, Newfoundland, Canada",harmonics_utide_tidetables.txt,1,35040,0.0073,0.027,0,0.0,1.152,Canada_IWLS_NL,0,nein
01035_Musgrave_Harbour_wlp.csv,49.4538,-53.9584,2025,"Musgrave Harbour, Newfoundland, Canada",harmonics-2004-06-14_mod.txt,0,35040,0.0153,0.055,0,-0.0,1.316,Canada_IWLS_NL,0,nein
01035_Musgrave_Harbour_wlp.csv,49.4538,-53.9584,2025,"Musgrave Harbour, Newfoundland, Canada",harmonics_utide_tidetables.txt,0,35040,0.0083,0.033,0,-0.0,1.301,Canada_IWLS_NL,0,nein
01040_Carmanville_wlp.csv,49.4032,-54.2813,2025,"Carmanville, Newfoundland, Canada",harmonics-2004-06-14_mod.txt,0,35040,0.0145,0.056,0,-0.0,1.358,Canada_IWLS_NL,0,nein
01040_Carmanville_wlp.csv,49.4032,-54.2813,2025,"Carmanville, Newfoundland, Canada",harmonics_utide_tidetables.txt,0,35040,0.0092,0.04,0,-0.0,1.335,Canada_IWLS_NL,0,nein
01047_Joe_Batts_Arm_wlp.csv,49.7308,-54.1577,2025,"Joe Batt's Arm, Newfoundland, Canada",harmonics_utide_tidetables.txt,0,35040,0.0103,0.04,0,-0.0,1.648,Canada_IWLS_NL,0,nein
01048_Seldom_wlp.csv,49.6096,-54.1822,2025,"Seldom, Newfoundland, Canada",harmonics_utide_tidetables.txt,0,35040,0.0084,0.034,0,0.0,1.381,Canada_IWLS_NL,0,nein
01049_Tilting_Harbour_wlp.csv,49.7053,-54.0620,2025,"Tilting Harbour, Newfoundland, Canada",harmonics-2004-06-14_mod.txt,0,35040,0.0124,0.047,0,-0.0,1.276,Canada_IWLS_NL,0,nein
01049_Tilting_Harbour_wlp.csv,49.7053,-54.0620,2025,"Tilting Harbour, Newfoundland, Canada",harmonics_utide_tidetables.txt,0,35040,0.0095,0.039,0,-0.0,1.267,Canada_IWLS_NL,0,nein
01050_Fogo_wlp.csv,49.7137,-54.2885,2025,"Fogo, Newfoundland, Canada",harmonics_utide_tidetables.txt,0,35040,0.0089,0.037,0,0.0,1.464,Canada_IWLS_NL,0,nein
01052_Change_Islands_wlp.csv,49.6747,-54.4003,2025,"Change Island, Newfoundland, Canada",harmonics-2004-06-14_mod.txt,0,35040,0.0293,0.091,0,0.0,1.54,Canada_IWLS_NL,0,nein
01052_Change_Islands_wlp.csv,49.6747,-54.4003,2025,"Change Islands, Newfoundland, Canada",harmonics_utide_tidetables.txt,0,35040,0.0262,0.078,0,0.0,1.502,Canada_IWLS_NL,0,nein
01053_Farewell_wlp.csv,49.5556,-54.4777,2025,"Farewell, Newfoundland, Canada",harmonics-2004-06-14_mod.txt,0,35040,0.0153,0.065,0,0.1,1.39,Canada_IWLS_NL,0,nein
01053_Farewell_wlp.csv,49.5556,-54.4777,2025,"Farewell, Newfoundland, Canada",harmonics_utide_tidetables.txt,0,35040,0.0104,0.044,0,-0.0,1.384,Canada_IWLS_NL,0,nein
01054_Dark_Cove_wlp.csv,49.5250,-54.7553,2025,"Dark Cove, Newfoundland, Canada",harmonics-2004-06-14_mod.txt,0,35040,0.0191,0.065,0,0.0,1.471,Canada_IWLS_NL,0,nein
01054_Dark_Cove_wlp.csv,49.5250,-54.7553,2025,"Dark Cove, Newfoundland, Canada",harmonics_utide_tidetables.txt,0,35040,0.0098,0.038,0,0.0,1.458,Canada_IWLS_NL,0,nein
01056_Dildo_Run_(Causeway)_wlp.csv,49.4811,-54.7344,2025,"Dildo Run, Tea Kettle Island, Newfoundland, Canada",harmonics-2004-06-14_mod.txt,0,35040,0.0192,0.081,0,0.0,1.495,Canada_IWLS_NL,0,nein
01056_Dildo_Run_(Causeway)_wlp.csv,49.4811,-54.7344,2025,"Dildo Run (Causeway), Newfoundland, Canada",harmonics_utide_tidetables.txt,0,35040,0.0122,0.045,0,0.0,1.537,Canada_IWLS_NL,0,nein
01058_Summerford_wlp.csv,49.4896,-54.7968,2025,"Summerford, Newfoundland, Canada",harmonics_utide_tidetables.txt,0,35040,0.0141,0.05,0,-0.0,1.464,Canada_IWLS_NL,0,nein
01060_Twillingate_wlp.csv,49.6598,-54.7732,2025,"Twillingate, Newfoundland, Canada",harmonics_utide_tidetables.txt,0,35040,0.012,0.046,0,-0.0,1.687,Canada_IWLS_NL,0,nein
01065_Bridgeport_wlp.csv,49.5496,-54.8734,2025,"Bridgeport, Newfoundland, Canada",harmonics_utide_tidetables.txt,0,35040,0.0101,0.041,0,-0.0,1.342,Canada_IWLS_NL,0,nein
01070_Lewisporte_wlp.csv,49.2465,-55.0530,2025,"Lewisporte, Newfoundland, Canada",harmonics-2004-06-14_mod.txt,0,35040,0.0129,0.056,0,0.0,1.45,Canada_IWLS_NL,0,nein
01070_Lewisporte_wlp.csv,49.2465,-55.0530,2025,"Lewisporte, Newfoundland, Canada",harmonics_utide_tidetables.txt,0,35040,0.0101,0.042,0,0.0,1.447,Canada_IWLS_NL,0,nein
01080_Botwood_wlp.csv,49.1468,-55.3372,2025,"Botwood, Newfoundland, Canada",harmonics_utide_tidetables.txt,0,35040,0.0101,0.041,0,0.0,1.449,Canada_IWLS_NL,0,nein
01085_Exploits_Island_wlp.csv,49.5177,-55.0637,2025,"Exploits Island, Newfoundland, Canada",harmonics_utide_tidetables.txt,0,35040,0.0086,0.033,0,-0.0,1.353,Canada_IWLS_NL,0,nein
01087_Leading_Tickle_wlp.csv,49.5020,-55.4471,2025,"Leading Tickle, Newfoundland, Canada",harmonics_utide_tidetables.txt,0,35040,0.011,0.042,0,-0.0,1.457,Canada_IWLS_NL,0,nein
01095_Little_Bay_Arm_wlp.csv,49.6008,-55.9233,2025,"Little Bay Arm, Newfoundland, Canada",harmonics_utide_tidetables.txt,1,35040,0.0083,0.032,0,-0.0,1.334,Canada_IWLS_NL,0,nein
01097_Beachside_wlp.csv,49.6431,-55.8957,2025,"Beachside, Newfoundland, Canada",harmonics_utide_tidetables.txt,0,35040,0.0099,0.045,0,0.0,1.504,Canada_IWLS_NL,0,nein
01098_Springdale_wlp.csv,49.5001,-56.0650,2025,"Springdale, Newfoundland, Canada",harmonics-2004-06-14_mod.txt,0,35040,0.0156,0.068,0,0.0,1.569,Canada_IWLS_NL,0,nein
01098_Springdale_wlp.csv,49.5001,-56.0650,2025,"Springdale, Newfoundland, Canada",harmonics_utide_tidetables.txt,0,35040,0.01,0.045,0,0.0,1.552,Canada_IWLS_NL,0,nein
01101_Nippers_Harbour_wlp.csv,49.7934,-55.8599,2025,"Nippers Harbour, Newfoundland, Canada",harmonics_utide_tidetables.txt,1,35040,0.0104,0.042,0,-0.0,1.489,Canada_IWLS_NL,0,nein
01102_Tilt_Cove_wlp.csv,49.8805,-55.6238,2025,"Tilt Cove, Newfoundland, Canada",harmonics_utide_tidetables.txt,0,35040,0.0092,0.034,0,-0.0,1.464,Canada_IWLS_NL,0,nein
01105_La_Scie_wlp.csv,49.9632,-55.6029,2025,"La Scie, Newfoundland, Canada",harmonics_utide_tidetables.txt,0,35040,0.0095,0.038,0,-0.0,1.452,Canada_IWLS_NL,0,nein
01110_Baie_Verte_wlp.csv,49.9373,-56.1914,2025,"Baie Verte, Newfoundland, Canada",harmonics_utide_tidetables.txt,0,35040,0.0088,0.033,0,-0.0,1.375,Canada_IWLS_NL,0,nein
01115_Seal_Cove_wlp.csv,49.9362,-56.3888,2025,"Seal Cove, Newfoundland, Canada",harmonics_utide_tidetables.txt,0,35040,0.0086,0.032,0,-0.0,1.326,Canada_IWLS_NL,0,nein
01125_Hampden_wlp.csv,49.5453,-56.8533,2025,"Hampden, Newfoundland, Canada",harmonics_utide_tidetables.txt,0,35040,0.0104,0.044,0,0.0,1.56,Canada_IWLS_NL,0,nein
01135_Sops_Island_wlp.csv,49.7972,-56.7946,2025,"Sops Island (White Bay), Newfoundland, Canada",harmonics-2004-06-14_mod.txt,0,35040,0.0198,0.072,0,0.0,1.425,Canada_IWLS_NL,0,nein
01135_Sops_Island_wlp.csv,49.7972,-56.7946,2025,"Sops Island (White Bay), Newfoundland, Canada",harmonics_utide_tidetables.txt,0,35040,0.0085,0.034,0,-0.0,1.374,Canada_IWLS_NL,0,nein
01150_Englee_wlp.csv,50.7323,-56.1067,2025,"Englee, Newfoundland, Canada",harmonics_utide_tidetables.txt,0,35040,0.0097,0.039,0,-0.0,1.436,Canada_IWLS_NL,0,nein
01165_Locks_Cove_wlp.csv,51.3374,-55.9547,2025,"Lock's Cove, Newfoundland, Canada",harmonics_utide_tidetables.txt,0,35040,0.0083,0.032,0,-0.0,1.326,Canada_IWLS_NL,0,nein
01170_St_Anthony_wlp.csv,51.3640,-55.5849,2025,"St. Anthony, Newfoundland, Canada",harmonics-2004-06-14_mod.txt,0,35040,0.0136,0.052,0,-0.0,1.433,Canada_IWLS_NL,0,nein
01170_St_Anthony_wlp.csv,51.3640,-55.5849,2025,"St. Anthony, Newfoundland, Canada",harmonics_utide_tidetables.txt,0,35040,0.0091,0.035,0,-0.0,1.435,Canada_IWLS_NL,0,nein
01180_Ship_Cove_wlp.csv,51.6027,-55.6260,2025,"Ship Cove, Newfoundland, Canada",harmonics-2004-06-14_mod.txt,1,35040,0.0116,0.043,0,-0.0,1.145,Canada_IWLS_NL,0,nein
01180_Ship_Cove_wlp.csv,51.6027,-55.6260,2025,"Ship Cove, Newfoundland, Canada",harmonics_utide_tidetables.txt,1,35040,0.0073,0.028,0,-0.0,1.131,Canada_IWLS_NL,0,nein
01181_Cooks_Harbour_wlp.csv,51.6070,-55.8625,2025,"Cook's Harbour, Newfoundland, Canada",harmonics_utide_tidetables.txt,0,35040,0.0091,0.038,0,0.0,0.982,Canada_IWLS_NL,0,nein
01182_Black_Joke_Cove_wlp.csv,51.9993,-55.2793,2025,"Belle Isle (Black Joke Cove), Newfoundland, Canada",harmonics-2004-06-14_mod.txt,0,35040,0.0162,0.061,0,-0.0,1.405,Canada_IWLS_NL,0,nein
01182_Black_Joke_Cove_wlp.csv,51.9993,-55.2793,2025,"Belle Isle (Black Joke Cove), Newfoundland, Canada",harmonics_utide_tidetables.txt,0,35040,0.0125,0.046,0,-0.0,1.416,Canada_IWLS_NL,0,nein
01185_Chateau_Bay_wlp.csv,51.9752,-55.8552,2025,"Castle Island (Chateau Bay), Labrador, Canada",harmonics-2004-06-14_mod.txt,0,35040,0.0114,0.045,0,0.0,1.375,Canada_IWLS_NL,0,nein
01185_Chateau_Bay_wlp.csv,51.9752,-55.8552,2025,"Henley Harbour, Labrador, Canada",harmonics-2004-06-14_mod.txt,1931,35040,0.0825,0.224,0,0.041,1.425,Canada_IWLS_NL,0,nein
01186_Henley_Harbour_wlp.csv,51.9926,-55.8554,2025,"Henley Harbour, Labrador, Canada",harmonics-2004-06-14_mod.txt,0,35040,0.0127,0.048,0,-0.0,1.425,Canada_IWLS_NL,0,nein
01186_Henley_Harbour_wlp.csv,51.9926,-55.8554,2025,"Castle Island (Chateau Bay), Labrador, Canada",harmonics-2004-06-14_mod.txt,1931,35040,0.0845,0.232,0,-0.041,1.375,Canada_IWLS_NL,0,nein
01190_Battle_Harbour_wlp.csv,52.2736,-55.5839,2025,"Battle Harbour, Labrador, Canada",harmonics_utide_tidetables.txt,0,35040,0.0085,0.031,0,0.0,1.316,Canada_IWLS_NL,0,nein
01195_Port_Marnham_wlp.csv,52.3836,-55.7332,2025,"Port Marnham, Labrador, Canada",harmonics_utide_tidetables.txt,0,35040,0.0091,0.035,0,-0.0,1.472,Canada_IWLS_NL,0,nein
"01199_Williams_Harbour,_South_Labrador_wlp.csv",52.5597,-55.7698,2025,"Williams Harbour, South Labrador, Labrador, Canada",harmonics_utide_tidetables.txt,0,35040,0.0099,0.033,0,-0.0,1.385,Canada_IWLS_NL,0,nein
"01200_Denbigh_Island,_Labrador_wlp.csv",52.5311,-55.8249,2025,"Denbigh Island, Labrador, Canada",harmonics_utide_tidetables.txt,0,35040,0.0106,0.041,0,-0.0,1.438,Canada_IWLS_NL,0,nein
01202_White_Bear_Arm_wlp.csv,52.7349,-55.8297,2025,"White Bear Arm, Labrador, Canada",harmonics_utide_tidetables.txt,0,35040,0.0114,0.045,0,-0.0,1.64,Canada_IWLS_NL,0,nein
01205_Nevile_Island_wlp.csv,52.5512,-56.1119,2025,"Neville Island, Labrador, Canada",harmonics-2004-06-14_mod.txt,0,35040,0.0241,0.098,0,-0.0,1.553,Canada_IWLS_NL,0,nein
01205_Nevile_Island_wlp.csv,52.5512,-56.1119,2025,"Neville Island, Labrador, Canada",harmonics_utide_tidetables.txt,0,35040,0.0125,0.043,0,-0.0,1.486,Canada_IWLS_NL,0,nein
01210_Port_Hope_Simpson_wlp.csv,52.5491,-56.2961,2025,"Port Hope Simpson, Labrador, Canada",harmonics-2004-06-14_mod.txt,0,35040,0.0241,0.098,0,-0.0,1.553,Canada_IWLS_NL,0,nein
01210_Port_Hope_Simpson_wlp.csv,52.5491,-56.2961,2025,"Port Hope Simpson, Labrador, Canada",harmonics_utide_tidetables.txt,0,35040,0.0125,0.043,0,-0.0,1.486,Canada_IWLS_NL,0,nein
01214_Norman_Bay_wlp.csv,52.9360,-55.9024,2025,"Norman Bay, Labrador, Canada",harmonics_utide_tidetables.txt,0,35040,0.0132,0.047,0,0.0,1.621,Canada_IWLS_NL,0,nein
01217_Punchbowl_wlp.csv,53.2507,-55.7516,2025,"Punchbowl, Labrador, Canada",harmonics-2004-06-14_mod.txt,0,35040,0.0146,0.051,0,-0.0,1.625,Canada_IWLS_NL,0,nein
01217_Punchbowl_wlp.csv,53.2507,-55.7516,2025,"Punchbowl, Labrador, Canada",harmonics_utide_tidetables.txt,0,35040,0.0111,0.049,0,-0.0,1.621,Canada_IWLS_NL,0,nein
01245_Cartwright_wlp.csv,53.7042,-57.0204,2025,"Cartwright, Labrador, Canada",harmonics_utide_tidetables.txt,1,35040,0.015,0.062,0,0.0,1.878,Canada_IWLS_NL,0,nein
01247_Sandwich_Bay_(East_Arm)_wlp.csv,53.5666,-57.1616,2025,"Sandwich Bay (East Arm), Labrador, Canada",harmonics_utide_tidetables.txt,0,35040,0.0111,0.033,0,-0.0,1.331,Canada_IWLS_NL,0,nein
01248_Paradise_River_wlp.csv,53.4404,-57.2858,2025,"Paradise River, Labrador, Canada",harmonics_utide_tidetables.txt,0,35040,0.012,0.042,0,0.0,1.544,Canada_IWLS_NL,0,nein
01263_Snooks_Rocks_wlp.csv,54.2627,-58.1955,2025,"Snooks Rocks, Labrador, Canada",harmonics_utide_tidetables.txt,0,35040,0.0134,0.059,0,0.0,2.06,Canada_IWLS_NL,0,nein
01263_Snooks_Rocks_wlp.csv,54.2627,-58.1955,2025,"Ticoralak Island, Labrador, Canada",harmonics_noaa_amtt.txt,2309,35040,0.1805,0.54,20,-0.066,1.998,Canada_IWLS_NL,0,nein
01267_Jordans_Point_wlp.csv,54.2183,-58.2415,2025,"Jordans Point, Labrador, Canada",harmonics_utide_tidetables.txt,0,35040,0.014,0.058,0,-0.0,1.952,Canada_IWLS_NL,0,nein
01280_Rigolet_wlp.csv,54.1805,-58.4280,2025,"Rigolet, Labrador, Canada",harmonics-2004-06-14_mod.txt,0,35040,0.018,0.067,0,-0.0,1.647,Canada_IWLS_NL,0,nein
01280_Rigolet_wlp.csv,54.1805,-58.4280,2025,"Rigolet, Labrador, Canada",harmonics_utide_tidetables.txt,0,35040,0.0149,0.055,0,-0.0,1.622,Canada_IWLS_NL,0,nein
01285_Caravalla_Cove_wlp.csv,54.0541,-58.5937,2025,"Caravalla Cove, Labrador, Canada",harmonics-2004-06-14_mod.txt,0,35040,0.0091,0.032,0,-0.0,0.777,Canada_IWLS_NL,0,nein
01285_Caravalla_Cove_wlp.csv,54.0541,-58.5937,2025,"Caravalla Cove, Labrador, Canada",harmonics_utide_tidetables.txt,0,35040,0.0093,0.034,0,-0.0,0.771,Canada_IWLS_NL,0,nein
01287_Long_Point_Island_wlp.csv,54.0153,-58.5667,2025,"Long Point Island, Labrador, Canada",harmonics_utide_tidetables.txt,0,35040,0.0035,0.013,0,0.0,0.479,Canada_IWLS_NL,0,nein
01320_Cabot_Point_wlp.csv,53.7191,-59.0644,2025,"Cabot Point, Labrador, Canada",harmonics-2004-06-14_mod.txt,0,35040,0.0094,0.031,0,-0.0,0.616,Canada_IWLS_NL,0,nein
01320_Cabot_Point_wlp.csv,53.7191,-59.0644,2025,"Cabot Point, Labrador, Canada",harmonics_utide_tidetables.txt,0,35040,0.0065,0.02,0,-0.0,0.608,Canada_IWLS_NL,0,nein
01331_Mulligan_Bay_wlp.csv,53.8356,-59.8714,2025,"Mulligan Bay, Labrador, Canada",harmonics_utide_tidetables.txt,0,35040,0.0051,0.021,0,0.0,0.701,Canada_IWLS_NL,0,nein
01335_North_West_River_wlp.csv,53.5239,-60.1458,2025,"North West River, Labrador, Canada",harmonics_utide_tidetables.txt,0,35040,0.0048,0.017,0,0.0,0.636,Canada_IWLS_NL,0,nein
01345_Rabbit_Island_wlp.csv,53.4011,-60.1376,2025,"Rabbit Island, Labrador, Canada",harmonics_utide_tidetables.txt,0,35040,0.0053,0.02,0,0.0,0.701,Canada_IWLS_NL,0,nein
01350_Terrington_Basin_wlp.csv,53.3442,-60.4010,2025,"Terrington Basin, Labrador, Canada",harmonics_utide_tidetables.txt,0,35040,0.005,0.02,0,0.0,0.687,Canada_IWLS_NL,0,nein
01365_Broomfield_wlp.csv,54.4723,-57.1826,2025,"Broomfield, Labrador, Canada",harmonics_utide_tidetables.txt,0,35040,0.0122,0.044,0,-0.0,1.863,Canada_IWLS_NL,0,nein
01365_Broomfield_wlp.csv,54.4723,-57.1826,2025,"Smokey, Labrador, Canada",harmonics-2004-06-14_mod.txt,2727,35040,0.0316,0.116,0,0.0,1.941,Canada_IWLS_NL,0,nein
01370_Emily_Harbour_wlp.csv,54.5411,-57.1916,2025,"Emily Harbour, Labrador, Canada",harmonics_utide_tidetables.txt,0,35040,0.0124,0.045,0,-0.0,1.896,Canada_IWLS_NL,0,nein
01374_Byron_Bay_(Copper_Island)_wlp.csv,54.7281,-57.6882,2025,"Byron Bay (Copper Island), Labrador, Canada",harmonics_utide_tidetables.txt,0,35040,0.0155,0.048,0,-0.0,1.976,Canada_IWLS_NL,0,nein
"01376_Jeanette_Bay,_Lab_wlp.csv",54.7495,-57.8914,2025,"Jeanette Bay, Lab, Labrador, Canada",harmonics_utide_tidetables.txt,0,35040,0.0173,0.075,0,-0.0,2.159,Canada_IWLS_NL,0,nein
01377_Mostyn_Cove_wlp.csv,54.7401,-57.9820,2025,"Mostyn Cove, Labrador, Canada",harmonics_utide_tidetables.txt,0,35040,0.0151,0.06,0,0.0,2.148,Canada_IWLS_NL,0,nein
01390_Makkovik_wlp.csv,55.0829,-59.1701,2025,"Makkovik, Labrador, Canada",harmonics_utide_tidetables.txt,0,35040,0.0129,0.047,0,-0.0,1.963,Canada_IWLS_NL,0,nein
01397_Postville_wlp.csv,54.9071,-59.7667,2025,"Postville, Labrador, Canada",harmonics_utide_tidetables.txt,1,35040,0.0159,0.064,0,-0.0,2.393,Canada_IWLS_NL,0,nein
01398_Jackos_Point_wlp.csv,55.1215,-59.4436,2025,"Jackos Point, Labrador, Canada",harmonics_utide_tidetables.txt,0,35040,0.0289,0.112,0,-0.0,2.596,Canada_IWLS_NL,0,nein
01400_Turnavik_Island_wlp.csv,55.2856,-59.3428,2025,"Turnavik Island, Labrador, Canada",harmonics_utide_tidetables.txt,0,35040,0.0166,0.068,0,-0.0,2.223,Canada_IWLS_NL,0,nein
01405_Hopedale_wlp.csv,55.4541,-60.2228,2025,"Hopedale, Labrador, Canada",harmonics-2004-06-14_mod.txt,0,35040,0.0212,0.079,0,-0.0,2.643,Canada_IWLS_NL,0,nein
01405_Hopedale_wlp.csv,55.4541,-60.2228,2025,"Hopedale, Labrador, Canada",harmonics_utide_tidetables.txt,0,35040,0.0178,0.07,0,0.0,2.667,Canada_IWLS_NL,0,nein
01410_Shoal_Tickle_wlp.csv,55.7718,-60.3522,2025,"Shoal Tickle, Labrador, Canada",harmonics_utide_tidetables.txt,1,35040,0.0157,0.062,0,-0.0,2.215,Canada_IWLS_NL,0,nein
01416_Davis_Inlet_wlp.csv,55.8924,-60.9016,2025,"Davis Inlet, Labrador, Canada",harmonics_utide_tidetables.txt,0,35040,0.0148,0.061,0,-0.0,2.178,Canada_IWLS_NL,0,nein
01420_House_Harbour_wlp.csv,56.2355,-61.0496,2025,"House Harbour, Labrador, Canada",harmonics_utide_tidetables.txt,0,35040,0.0153,0.055,0,-0.0,2.335,Canada_IWLS_NL,0,nein
01421_Nukasusutok_Island_wlp.csv,56.3701,-61.2418,2025,"Nukasusutok Island, Labrador, Canada",harmonics_utide_tidetables.txt,0,35040,0.0154,0.05,0,0.0,2.108,Canada_IWLS_NL,0,nein
01422_John_Hayes_Harbour_wlp.csv,56.3995,-61.6142,2025,"John Hayes Harbour, Labrador, Canada",harmonics_utide_tidetables.txt,0,35040,0.0216,0.066,0,0.0,2.687,Canada_IWLS_NL,0,nein
01425_Ford_Harbour_wlp.csv,56.4664,-61.1923,2025,"Ford Harbour, Labrador, Canada",harmonics-2004-06-14_mod.txt,0,35040,0.0206,0.078,0,-0.0,2.732,Canada_IWLS_NL,0,nein
01425_Ford_Harbour_wlp.csv,56.4664,-61.1923,2025,"Ford Harbour, Labrador, Canada",harmonics_utide_tidetables.txt,0,35040,0.0184,0.072,0,0.0,2.754,Canada_IWLS_NL,0,nein
01430_Nain_wlp.csv,56.5434,-61.6865,2025,"Nain, Labrador, Canada",harmonics_utide_observations.txt,0,35040,0.0224,0.101,0,-0.005,2.882,Canada_IWLS_NL,0,nein
01430_Nain_wlp.csv,56.5434,-61.6865,2025,"Nain, Labrador, Canada",harmonics_utide_tidetables.txt,0,35040,0.0195,0.082,0,-0.0,2.865,Canada_IWLS_NL,0,nein
01435_Youngs_Harbour_wlp.csv,56.6330,-61.0610,2025,"Young's Harbour, Labrador, Canada",harmonics_utide_tidetables.txt,0,35040,0.0155,0.057,0,0.0,2.349,Canada_IWLS_NL,0,nein
01450_Port_Manvers_wlp.csv,56.9547,-61.5069,2025,"Port Manvers, Labrador, Canada",harmonics_utide_tidetables.txt,0,35040,0.0175,0.065,0,-0.0,2.489,Canada_IWLS_NL,0,nein
01452_Kiglapait_Harbour_wlp.csv,57.1589,-61.5630,2025,"Kiglapait Harbour, Labrador, Canada",harmonics_utide_tidetables.txt,0,35040,0.0169,0.065,0,0.0,2.471,Canada_IWLS_NL,0,nein
01458_Igloksoatalik_Island_wlp.csv,57.6785,-61.8167,2025,"Igloksoatalik Island, Labrador, Canada",harmonics_utide_tidetables.txt,0,35040,0.0163,0.07,0,0.0,2.371,Canada_IWLS_NL,0,nein
01465_Hebron_wlp.csv,58.1996,-62.6250,2025,"Hebron, Labrador, Canada",harmonics_utide_tidetables.txt,0,35040,0.0159,0.059,0,-0.0,2.647,Canada_IWLS_NL,0,nein
01470_Saglek_Bay_wlp.csv,58.4868,-62.6685,2025,"Saglek Bay, Labrador, Canada",harmonics_utide_tidetables.txt,0,35040,0.0133,0.052,0,0.0,2.069,Canada_IWLS_NL,0,nein
01485_Brownell_Point_wlp.csv,59.3922,-63.8777,2025,"Brownell Point, Labrador, Canada",harmonics_utide_tidetables.txt,0,35040,0.0141,0.055,0,0.0,2.301,Canada_IWLS_NL,0,nein
01487_Eclipse_Channel_wlp.csv,59.6943,-64.1326,2025,"Eclipse Channel, Labrador, Canada",harmonics_utide_tidetables.txt,0,35040,0.016,0.058,0,0.0,2.335,Canada_IWLS_NL,0,nein
"01490_Williams_Harbour,_North_Labrador_wlp.csv",60.0100,-64.3167,2025,"Cape Kakkiviak (Williams Harbour), Labrador, Canada",harmonics_utide_tidetables.txt,0,35040,0.028,0.105,0,0.0,3.644,Canada_IWLS_NL,0,nein
01495_Cape_Chidley_wlp.csv,60.3347,-64.4518,2025,"Cape Chidley, Labrador, Canada",harmonics_utide_tidetables.txt,0,35040,0.0325,0.122,0,0.0,4.457,Canada_IWLS_NL,0,nein
02590_Forteau_Bay_wlp.csv,51.4694,-56.9535,2025,"Forteau Bay (Strait of Bell Isle), Labrador, Canada",harmonics_utide_tidetables.txt,0,35040,0.0098,0.036,0,0.0,1.62,Canada_IWLS_NL,0,nein
02595_West_St_Modeste_wlp.csv,51.5949,-56.7040,2025,"West Ste Modeste (Strait of Bell Isle), Labrador, Canada",harmonics_utide_tidetables.txt,0,35040,0.0137,0.053,0,0.0,1.491,Canada_IWLS_NL,0,nein
02600_Red_Bay_wlp.csv,51.7321,-56.4306,2025,"Red Bay (Strait of Bell Isle), Labrador, Canada",harmonics_utide_tidetables.txt,0,35040,0.0075,0.028,0,0.0,1.159,Canada_IWLS_NL,0,nein
02633_Savage_Cove_wlp.csv,51.3327,-56.7004,2025,"Savage Cove, Newfoundland, Canada",harmonics_utide_tidetables.txt,0,35040,0.0087,0.031,0,0.0,1.472,Canada_IWLS_NL,0,nein
02635_Flowers_Cove_wlp.csv,51.2999,-56.7351,2025,"Flower's Cove, Newfoundland, Canada",harmonics-2004-06-14_mod.txt,0,35040,0.0152,0.058,0,-0.0,1.327,Canada_IWLS_NL,0,nein
02635_Flowers_Cove_wlp.csv,51.2999,-56.7351,2025,"Flower's Cove, Newfoundland, Canada",harmonics_utide_tidetables.txt,0,35040,0.0104,0.037,0,-0.0,1.293,Canada_IWLS_NL,0,nein
02637_Anchor_Point_wlp.csv,51.2336,-56.7977,2025,"Anchor Point, Newfoundland, Canada",harmonics_utide_tidetables.txt,0,35040,0.0123,0.053,0,-0.0,1.646,Canada_IWLS_NL,0,nein
02638_St_Barbe_wlp.csv,51.2043,-56.7728,2025,"St. Barbe, Newfoundland, Canada",harmonics_utide_tidetables.txt,0,35040,0.0105,0.047,0,0.0,1.545,Canada_IWLS_NL,0,nein
02642_Shoal_Cove_West_wlp.csv,51.0245,-57.0228,2025,"Shoal Cove, Newfoundland, Canada",harmonics-2004-06-14_mod.txt,0,35040,0.016,0.067,0,0.0,1.858,Canada_IWLS_NL,0,nein
02642_Shoal_Cove_West_wlp.csv,51.0245,-57.0228,2025,"Shoal Cove, Newfoundland, Canada",harmonics_utide_tidetables.txt,0,35040,0.012,0.051,0,0.0,1.847,Canada_IWLS_NL,0,nein
02650_Port_Saunders_wlp.csv,50.6440,-57.2970,2025,"Port Saunders, Newfoundland, Canada",harmonics_utide_tidetables.txt,0,35040,0.0126,0.046,0,-0.0,2.105,Canada_IWLS_NL,0,nein
02655_Port_Aux_Choix_wlp.csv,50.7073,-57.3569,2025,"Port aux Choix, Newfoundland Canada",harmonics_utide_tidetables.txt,0,35040,0.0162,0.068,0,0.0,2.238,Canada_IWLS_NL,0,nein
02660_Cow_Head_wlp.csv,49.9221,-57.8039,2025,"Cow Head, Newfoundland, Canada",harmonics_utide_tidetables.txt,0,35040,0.0136,0.054,0,-0.0,2.039,Canada_IWLS_NL,0,nein
02670_Norris_Cove_wlp.csv,49.5173,-57.8758,2025,"Norris Cove (Bonne Bay), Newfoundland, Canada",harmonics_utide_tidetables.txt,0,35040,0.0137,0.058,0,0.0,2.111,Canada_IWLS_NL,0,nein
02680_Corner_Brook_wlp.csv,48.9583,-57.9431,2025,"Corner Brook, Newfoundland, Canada",harmonics-2004-06-14_mod.txt,0,35040,0.0169,0.063,0,-0.0,1.967,Canada_IWLS_NL,0,nein
02680_Corner_Brook_wlp.csv,48.9583,-57.9431,2025,"Corner Brook, Newfoundland, Canada",harmonics_utide_tidetables.txt,0,35040,0.0124,0.047,0,0.0,1.976,Canada_IWLS_NL,0,nein
02685_Lark_Harbour_wlp.csv,49.0959,-58.3791,2025,"Lark Harbour, Newfoundland, Canada",harmonics_utide_tidetables.txt,0,35040,0.0125,0.048,0,0.0,2.16,Canada_IWLS_NL,0,nein
02695_Fox_Island_wlp.csv,48.6956,-58.6830,2025,"Fox Island, Newfoundland, Canada",harmonics_utide_tidetables.txt,0,35040,0.016,0.063,0,-0.0,2.173,Canada_IWLS_NL,0,nein
02710_Port_Harmon_wlp.csv,48.5305,-58.5263,2025,"Stephenville (Port Harmon), Newfoundland, Canada",harmonics-2004-06-14_mod.txt,0,35040,0.0177,0.073,0,-0.0,1.586,Canada_IWLS_NL,0,nein
02710_Port_Harmon_wlp.csv,48.5305,-58.5263,2025,"Stephenville (Port Harmon), Newfoundland, Canada",harmonics_utide_tidetables.txt,0,35040,0.0101,0.037,0,-0.0,1.552,Canada_IWLS_NL,0,nein
02720_St_Georges_wlp.csv,48.4302,-58.4848,2025,"St. George's, Newfoundland, Canada",harmonics_utide_tidetables.txt,0,35040,0.0109,0.036,0,0.0,1.579,Canada_IWLS_NL,0,nein
02720_St_Georges_wlp.csv,48.4302,-58.4848,2025,"St. Georges Harbour, Newfoundland, Canada",harmonics_noaa_amtt.txt,2466,35040,0.1048,0.389,50,-0.031,1.637,Canada_IWLS_NL,0,nein
02725_Crabbes_River_wlp.csv,48.2185,-58.8634,2025,"Crabbes River, Newfoundland, Canada",harmonics_utide_tidetables.txt,0,35040,0.0107,0.041,0,0.0,1.693,Canada_IWLS_NL,0,nein
00190_Pecks_Point_wlp.csv,45.7418,-64.4799,2025,"Pecks Point, New Brunswick, Canada",harmonics_utide_tidetables.txt,19,35040,0.1333,0.503,0,0.055,13.487,Canada_IWLS_NS,0,nein
00215_Joggins_wlp.csv,45.6606,-64.4882,2025,"Joggins, Nova Scotia, Canada",harmonics_utide_tidetables.txt,52,35040,0.1535,0.498,0,0.118,12.62,Canada_IWLS_NS,0,nein
00215_Joggins_wlp.csv,45.6606,-64.4882,2025,"Cumberland Basin, Nova Scotia, Canada",harmonics-2004-06-14_mod.txt,2319,35040,0.5164,1.604,0,-1.485,13.397,Canada_IWLS_NS,0,nein
00225_Cape_Capstan_wlp.csv,45.4740,-64.8538,2025,"Cape Capstan, Nova Scotia, Canada",harmonics_utide_tidetables.txt,15,35040,0.1154,0.394,0,0.061,11.206,Canada_IWLS_NS,0,nein
00235_West_Advocate_wlp.csv,45.3457,-64.8166,2025,"West Advocate, Nova Scotia, Canada",harmonics_utide_tidetables.txt,46,35040,0.1189,0.432,0,0.069,11.336,Canada_IWLS_NS,0,nein
00235_West_Advocate_wlp.csv,45.3457,-64.8166,2025,"Advocate, Nova Scotia, Canada",harmonics_utide_tidetables.txt,2912,35040,0.1958,0.815,0,0.011,11.501,Canada_IWLS_NS,0,nein
00236_Advocate_wlp.csv,45.3320,-64.7755,2025,"Advocate, Nova Scotia, Canada",harmonics_utide_tidetables.txt,680,35040,0.1269,0.481,0,0.072,11.501,Canada_IWLS_NS,0,nein
00240_Cape_dOr_wlp.csv,45.2904,-64.7749,2025,"Cape d'Or, Nova Scotia, Canada",harmonics_utide_tidetables.txt,49,35040,0.2209,0.836,0,-0.058,11.807,Canada_IWLS_NS,0,nein
00242_Spencers_Island_wlp.csv,45.3548,-64.7100,2025,"Spencers Island, Nova Scotia, Canada",harmonics_utide_tidetables.txt,27,35040,0.1724,0.776,0,0.073,12.02,Canada_IWLS_NS,0,nein
00245_Port_Greville_wlp.csv,45.4043,-64.5415,2025,"Port Greville, Nova Scotia, Canada",harmonics_utide_tidetables.txt,52,35040,0.1289,0.45,0,0.072,12.427,Canada_IWLS_NS,0,nein
00247_Diligent_River_wlp.csv,45.3904,-64.4548,2025,"Diligent River, Nova Scotia, Canada",harmonics_utide_tidetables.txt,48,35040,0.1956,0.833,0,0.055,12.872,Canada_IWLS_NS,0,nein
00250_Cape_Sharp_wlp.csv,45.3644,-64.3919,2025,"Cape Sharp, Nova Scotia, Canada",harmonics_utide_tidetables.txt,51,35040,0.1787,0.765,0,-0.129,12.887,Canada_IWLS_NS,0,nein
00255_Parrsboro_wlp.csv,45.3900,-64.3187,2025,"Parrsboro, Nova Scotia, Canada",harmonics_utide_tidetables.txt,1563,35040,0.14,0.467,0,-0.08,13.381,Canada_IWLS_NS,0,nein
00260_Five_Islands_wlp.csv,45.3794,-64.1299,2025,"Five Islands, Nova Scotia (2), Canada",harmonics-2004-06-14_mod.txt,56,35040,0.2557,0.852,0,0.0,15.277,Canada_IWLS_NS,0,nein
00270_Burntcoat_Head_wlp.csv,45.3115,-63.8057,2025,"Burntcoat Head, Nova Scotia, Canada",harmonics_utide_tidetables.txt,281,35040,0.2625,1.078,0,-0.002,15.193,Canada_IWLS_NS,0,nein
00282_Hantsport_wlp.csv,45.0669,-64.1701,2025,"Hantsport, Nova Scotia, Canada",harmonics-2004-06-14_mod.txt,6,35040,0.2134,0.79,0,-0.0,15.29,Canada_IWLS_NS,0,nein
00282_Hantsport_wlp.csv,45.0669,-64.1701,2025,"Hantsport, Nova Scotia, Canada",harmonics_utide_tidetables.txt,463,35040,0.1601,0.613,0,0.013,14.674,Canada_IWLS_NS,0,nein
00290_Cape_Blomidon_wlp.csv,45.3048,-64.3491,2025,"Cape Blomidon, Nova Scotia, Canada",harmonics_utide_tidetables.txt,19,35040,0.1847,0.77,0,-0.072,13.208,Canada_IWLS_NS,0,nein
00300_Scots_Bay_wlp.csv,45.3154,-64.4407,2025,"Scots Bay, Nova Scotia, Canada",harmonics_utide_tidetables.txt,53,35040,0.1274,0.45,0,0.054,12.571,Canada_IWLS_NS,0,nein
00305_Baxters_Harbour_wlp.csv,45.2308,-64.5149,2025,"Baxters Harbour, Nova Scotia, Canada",harmonics_utide_tidetables.txt,25,35040,0.1693,0.739,0,0.068,12.782,Canada_IWLS_NS,0,nein
00312_Ile_Haute_wlp.csv,45.2539,-64.9909,2025,"Ile Haute, Nova Scotia, Canada",harmonics_utide_tidetables.txt,13,35040,0.1408,0.566,0,0.056,10.038,Canada_IWLS_NS,0,nein
00315_Margaretsville_wlp.csv,45.0488,-65.0630,2025,"Margaretsville, Nova Scotia, Canada",harmonics_utide_tidetables.txt,6,35040,0.1409,0.593,0,-0.018,10.367,Canada_IWLS_NS,0,nein
00320_Parkers_Cove_wlp.csv,44.8137,-65.5384,2025,"Parkers Cove, Nova Scotia, Canada",harmonics_utide_tidetables.txt,0,35040,0.1277,0.484,0,0.017,9.282,Canada_IWLS_NS,0,nein
00320_Parkers_Cove_wlp.csv,44.8137,-65.5384,2025,"Parkers Cove, Nova Scotia, Canada",harmonics_ticon4_worldwide.txt,9,35040,0.1096,0.387,0,5.002,9.458,Canada_IWLS_NS,0,nein
00324_Digby_Ferry_Wharf_wlp.csv,44.6598,-65.7568,2025,"Digby Ferry Wharf, Nova Scotia, Canada",harmonics_utide_tidetables.txt,0,35040,0.1629,0.53,-10,0.023,8.862,Canada_IWLS_NS,0,nein
00325_Digby_wlp.csv,44.6266,-65.7537,2025,"Digby, Nova Scotia, Canada",harmonics_utide_tidetables.txt,0,35040,0.1618,0.555,-10,0.018,8.848,Canada_IWLS_NS,0,nein
00325_Digby_wlp.csv,44.6266,-65.7537,2025,"Digby, Annapolis Basin, Nova Scotia, Canada",harmonics_ticon4_worldwide.txt,17,35040,0.1169,0.403,0,4.541,9.066,Canada_IWLS_NS,0,nein
00330_Culloden_wlp.csv,44.6658,-65.8316,2025,"Culloden Wharf, Nova Scotia, Canada",harmonics_utide_tidetables.txt,1,35040,0.1328,0.514,0,0.01,8.508,Canada_IWLS_NS,0,nein
00330_Culloden_wlp.csv,44.6658,-65.8316,2025,"Culloden Wharf, Nova Scotia, Canada",harmonics-2004-06-14_mod.txt,36,35040,0.0891,0.279,0,-0.0,8.893,Canada_IWLS_NS,0,nein
00333_Grand_Eddy_wlp.csv,44.3959,-66.2049,2025,"Grand Eddy, Nova Scotia, Canada",harmonics_utide_tidetables.txt,0,35040,0.068,0.271,0,-0.006,7.253,Canada_IWLS_NS,0,nein
00333_Grand_Eddy_wlp.csv,44.3959,-66.2049,2025,"West Narrows, Nova Scotia, Canada",harmonics-2004-06-14_mod.txt,1044,35040,0.346,1.106,-20,0.347,6.4,Canada_IWLS_NS,0,nein
00333_Grand_Eddy_wlp.csv,44.3959,-66.2049,2025,"Tiverton (Boar's Head), Nova Scotia, Canada",harmonics-2004-06-14_mod.txt,1212,35040,0.3313,0.926,-30,0.237,6.96,Canada_IWLS_NS,0,nein
00333_Grand_Eddy_wlp.csv,44.3959,-66.2049,2025,"Tiverton (St. Mary Bay), Nova Scotia, Canada",harmonics_utide_tidetables.txt,1889,35040,0.3357,0.882,-30,0.556,5.9,Canada_IWLS_NS,0,nein
00334_Trout_Cove_wlp.csv,44.5513,-66.0321,2025,"Trout Cove, Nova Scotia, Canada",harmonics_utide_tidetables.txt,1,35040,0.0876,0.334,0,0.001,7.432,Canada_IWLS_NS,0,nein
00335_Sandy_Cove_wlp.csv,44.4988,-66.0986,2025,"East Sandy Cove, Nova Scotia, Canada",harmonics-2004-06-14_mod.txt,1687,35040,0.1558,0.504,0,0.45,6.283,Canada_IWLS_NS,0,nein
00336_East_Sandy_Cove_wlp.csv,44.4870,-66.0849,2025,"East Sandy Cove, Nova Scotia, Canada",harmonics-2004-06-14_mod.txt,34,35040,0.054,0.193,0,-0.0,6.283,Canada_IWLS_NS,0,nein
00337_Tiverton_wlp.csv,44.3802,-66.2138,2025,"Tiverton (St. Mary Bay), Nova Scotia, Canada",harmonics_utide_tidetables.txt,0,35040,0.0626,0.23,0,-0.041,5.9,Canada_IWLS_NS,0,nein
00337_Tiverton_wlp.csv,44.3802,-66.2138,2025,"Grand Eddy, Nova Scotia, Canada",harmonics_utide_tidetables.txt,1889,35040,0.3124,0.787,30,-0.603,7.253,Canada_IWLS_NS,0,nein
00337_Tiverton_wlp.csv,44.3802,-66.2138,2025,"West Narrows, Nova Scotia, Canada",harmonics-2004-06-14_mod.txt,2214,35040,0.2208,0.667,10,-0.25,6.4,Canada_IWLS_NS,0,nein
00337_Tiverton_wlp.csv,44.3802,-66.2138,2025,"Tiverton (Boar's Head), Nova Scotia, Canada",harmonics-2004-06-14_mod.txt,2671,35040,0.2739,0.705,0,-0.36,6.96,Canada_IWLS_NS,0,nein
00338_Tiverton_(Boars_Head)_wlp.csv,44.4042,-66.2148,2025,"Tiverton (Boar's Head), Nova Scotia, Canada",harmonics-2004-06-14_mod.txt,2,35040,0.0603,0.196,0,-0.0,6.96,Canada_IWLS_NS,0,nein
00338_Tiverton_(Boars_Head)_wlp.csv,44.4042,-66.2148,2025,"West Narrows, Nova Scotia, Canada",harmonics-2004-06-14_mod.txt,493,35040,0.2174,0.697,0,0.11,6.4,Canada_IWLS_NS,0,nein
00338_Tiverton_(Boars_Head)_wlp.csv,44.4042,-66.2148,2025,"Grand Eddy, Nova Scotia, Canada",harmonics_utide_tidetables.txt,1214,35040,0.3337,1.08,20,-0.243,7.253,Canada_IWLS_NS,0,nein
00338_Tiverton_(Boars_Head)_wlp.csv,44.4042,-66.2148,2025,"Tiverton (St. Mary Bay), Nova Scotia, Canada",harmonics_utide_tidetables.txt,2673,35040,0.2886,0.725,0,0.319,5.9,Canada_IWLS_NS,0,nein
00340_Westport_wlp.csv,44.2636,-66.3501,2025,"Westport, Nova Scotia, Canada",harmonics_utide_tidetables.txt,0,35040,0.0724,0.278,0,0.016,6.167,Canada_IWLS_NS,0,nein
00340_Westport_wlp.csv,44.2636,-66.3501,2025,"Westport, Nova Scotia, Canada",harmonics-2004-06-14_mod.txt,5,35040,0.0534,0.184,0,-0.0,6.271,Canada_IWLS_NS,0,nein
00345_Lighthouse_Cove_wlp.csv,44.2496,-66.3922,2025,"Lighthouse Cove, Nova Scotia, Canada",harmonics_utide_tidetables.txt,0,35040,0.0833,0.346,0,-0.064,6.407,Canada_IWLS_NS,0,nein
00353_Church_Point_wlp.csv,44.3456,-66.1185,2025,"Church Point, Nova Scotia, Canada",harmonics_utide_tidetables.txt,1,35040,0.0542,0.175,0,0.001,6.088,Canada_IWLS_NS,0,nein
00355_Meteghan_wlp.csv,44.1931,-66.1663,2025,"Meteghan, Nova Scotia, Canada",harmonics_utide_tidetables.txt,0,35040,0.0539,0.182,0,-0.004,5.721,Canada_IWLS_NS,0,nein
00360_Port_Maitland_wlp.csv,43.9860,-66.1591,2025,"Port Maitland, Nova Scotia, Canada",harmonics-2004-06-14_mod.txt,53,35040,0.0932,0.341,0,-0.0,5.571,Canada_IWLS_NS,0,nein
00365_Yarmouth_wlp.csv,43.8323,-66.1250,2025,"Yarmouth, New Brunswick, Canada",harmonics_utide_observations.txt,0,35040,0.0462,0.184,0,-0.087,4.93,Canada_IWLS_NS,0,nein
00365_Yarmouth_wlp.csv,43.8323,-66.1250,2025,"Yarmouth, Nova Scotia, Canada",harmonics_ticon4_worldwide.txt,6,35040,0.0491,0.179,0,2.628,4.932,Canada_IWLS_NS,0,nein
00365_Yarmouth_wlp.csv,43.8323,-66.1250,2025,"Bunker Island Wharf, Nova Scotia, Canada",harmonics-2004-06-14_mod.txt,1745,35040,0.1254,0.405,0,0.043,4.636,Canada_IWLS_NS,0,nein
00365_Yarmouth_wlp.csv,43.8323,-66.1250,2025,"Bunker Island Wharf, Nova Scotia, Canada",harmonics_utide_tidetables.txt,1746,35040,0.1398,0.422,0,0.034,4.568,Canada_IWLS_NS,0,nein
00365_Yarmouth_wlp.csv,43.8323,-66.1250,2025,"Bunker Island Light, Nova Scotia, Canada",harmonics-2004-06-14_mod.txt,2662,35040,0.1403,0.458,0,-0.002,4.691,Canada_IWLS_NS,0,nein
00365_Yarmouth_wlp.csv,43.8323,-66.1250,2025,"Bunker Island Light, Nova Scotia, Canada",harmonics_utide_tidetables.txt,2665,35040,0.1462,0.472,0,-0.022,4.587,Canada_IWLS_NS,0,nein
00366_Bunker_Island_Wharf_wlp.csv,43.8189,-66.1364,2025,"Bunker Island Wharf, Nova Scotia, Canada",harmonics_utide_tidetables.txt,1,35040,0.0594,0.23,0,-0.009,4.568,Canada_IWLS_NS,0,nein
00366_Bunker_Island_Wharf_wlp.csv,43.8189,-66.1364,2025,"Bunker Island Wharf, Nova Scotia, Canada",harmonics-2004-06-14_mod.txt,13,35040,0.0419,0.158,0,0.0,4.636,Canada_IWLS_NS,0,nein
00366_Bunker_Island_Wharf_wlp.csv,43.8189,-66.1364,2025,"Bunker Island Light, Nova Scotia, Canada",harmonics-2004-06-14_mod.txt,921,35040,0.0573,0.22,0,-0.044,4.691,Canada_IWLS_NS,0,nein
00366_Bunker_Island_Wharf_wlp.csv,43.8189,-66.1364,2025,"Bunker Island Light, Nova Scotia, Canada",harmonics_utide_tidetables.txt,922,35040,0.0678,0.259,0,-0.064,4.587,Canada_IWLS_NS,0,nein
00366_Bunker_Island_Wharf_wlp.csv,43.8189,-66.1364,2025,"Yarmouth, New Brunswick, Canada",harmonics_utide_observations.txt,1745,35040,0.1349,0.506,0,-0.13,4.93,Canada_IWLS_NS,0,nein
00366_Bunker_Island_Wharf_wlp.csv,43.8189,-66.1364,2025,"Yarmouth, Nova Scotia, Canada",harmonics_ticon4_worldwide.txt,1747,35040,0.1287,0.447,0,2.586,4.932,Canada_IWLS_NS,0,nein
00367_Bunker_Island_Light_wlp.csv,43.8123,-66.1432,2025,"Bunker Island Light, Nova Scotia, Canada",harmonics_utide_tidetables.txt,0,35040,0.0673,0.296,0,-0.02,4.587,Canada_IWLS_NS,0,nein
00367_Bunker_Island_Light_wlp.csv,43.8123,-66.1432,2025,"Bunker Island Light, Nova Scotia, Canada",harmonics-2004-06-14_mod.txt,18,35040,0.0419,0.159,0,0.0,4.691,Canada_IWLS_NS,0,nein
00367_Bunker_Island_Light_wlp.csv,43.8123,-66.1432,2025,"Bunker Island Wharf, Nova Scotia, Canada",harmonics-2004-06-14_mod.txt,921,35040,0.064,0.236,0,0.045,4.636,Canada_IWLS_NS,0,nein
00367_Bunker_Island_Light_wlp.csv,43.8123,-66.1432,2025,"Bunker Island Wharf, Nova Scotia, Canada",harmonics_utide_tidetables.txt,922,35040,0.0793,0.316,0,0.035,4.568,Canada_IWLS_NS,0,nein
00367_Bunker_Island_Light_wlp.csv,43.8123,-66.1432,2025,"Yarmouth, New Brunswick, Canada",harmonics_utide_observations.txt,2666,35040,0.1494,0.527,0,-0.085,4.93,Canada_IWLS_NS,0,nein
00367_Bunker_Island_Light_wlp.csv,43.8123,-66.1432,2025,"Yarmouth, Nova Scotia, Canada",harmonics_ticon4_worldwide.txt,2667,35040,0.146,0.468,0,2.63,4.932,Canada_IWLS_NS,0,nein
00368_Kellys_Cove_wlp.csv,43.7833,-66.1317,2025,"Kellys Cove, Nova Scotia, Canada",harmonics_utide_tidetables.txt,0,35040,0.0599,0.223,0,-0.006,4.57,Canada_IWLS_NS,0,nein
00368_Kellys_Cove_wlp.csv,43.7833,-66.1317,2025,"Kelley's Cove, Nova Scotia, Canada",harmonics-2004-06-14_mod.txt,26,35040,0.0599,0.234,0,-0.0,4.669,Canada_IWLS_NS,0,nein
00370_Pinkney_Point_wlp.csv,43.7040,-66.0557,2025,"Pinkney Point, Nova Scotia, Canada",harmonics_utide_tidetables.txt,0,35040,0.0594,0.258,0,-0.014,4.337,Canada_IWLS_NS,0,nein
00370_Pinkney_Point_wlp.csv,43.7040,-66.0557,2025,"Pinkney Point, Nova Scotia, Canada",harmonics-2004-06-14_mod.txt,177,35040,0.0485,0.17,0,0.0,4.41,Canada_IWLS_NS,0,nein
00374_Wedgeport_wlp.csv,43.7170,-65.9831,2025,"Wedgeport, Nova Scotia, Canada",harmonics_utide_tidetables.txt,0,35040,0.0479,0.202,0,0.004,3.942,Canada_IWLS_NS,0,nein
00374_Wedgeport_wlp.csv,43.7170,-65.9831,2025,"Lower Wedgeport, Nova Scotia, Canada",harmonics_utide_tidetables.txt,534,35040,0.0959,0.299,0,-0.044,3.857,Canada_IWLS_NS,0,nein
00375_Lower_Wedgeport_wlp.csv,43.7123,-65.9841,2025,"Lower Wedgeport, Nova Scotia, Canada",harmonics_utide_tidetables.txt,0,35040,0.0583,0.261,0,0.002,3.857,Canada_IWLS_NS,0,nein
00375_Lower_Wedgeport_wlp.csv,43.7123,-65.9841,2025,"Wedgeport, Nova Scotia, Canada",harmonics_utide_tidetables.txt,534,35040,0.1041,0.352,0,0.049,3.942,Canada_IWLS_NS,0,nein
00378_Tusket_wlp.csv,43.8521,-65.9750,2025,"Tusket, Nova Scotia, Canada",harmonics_utide_tidetables.txt,0,35040,0.3251,0.786,0,-0.016,3.798,Canada_IWLS_NS,0,nein
00378_Tusket_wlp.csv,43.8521,-65.9750,2025,"Tusket, Nova Scotia, Canada",harmonics-2004-06-14_mod.txt,74,35040,0.3503,0.815,-60,0.029,3.899,Canada_IWLS_NS,0,nein
00380_Abrams_River_wlp.csv,43.8245,-65.9352,2025,"Abrams River, Nova Scotia, Canada",harmonics_utide_tidetables.txt,1,35040,0.0933,0.34,0,-0.003,3.567,Canada_IWLS_NS,0,nein
00380_Abrams_River_wlp.csv,43.8245,-65.9352,2025,"Abram River, Nova Scotia, Canada",harmonics-2004-06-14_mod.txt,157,35040,0.1006,0.307,-60,-0.003,3.737,Canada_IWLS_NS,0,nein
00382_Abbotts_Harbour_wlp.csv,43.6638,-65.8240,2025,"Abbotts Harbour, Nova Scotia, Canada",harmonics_utide_tidetables.txt,0,35040,0.0706,0.276,0,-0.002,3.64,Canada_IWLS_NS,0,nein
00382_Abbotts_Harbour_wlp.csv,43.6638,-65.8240,2025,"Abott Harbour, Nova Scotia, Canada",harmonics-2004-06-14_mod.txt,22,35040,0.0586,0.222,0,0.0,3.856,Canada_IWLS_NS,0,nein
00385_Lower_East_Pubnico_wlp.csv,43.6305,-65.7712,2025,"Lower East Pubnico, Nova Scotia, Canada",harmonics_utide_tidetables.txt,1,35040,0.0367,0.143,0,0.0,3.829,Canada_IWLS_NS,0,nein
00390_Woods_Harbour_wlp.csv,43.5294,-65.7399,2025,"Woods Harbour, Nova Scotia, Canada",harmonics_utide_tidetables.txt,1,35040,0.0591,0.245,0,-0.0,3.425,Canada_IWLS_NS,0,nein
00390_Woods_Harbour_wlp.csv,43.5294,-65.7399,2025,"Woods Harbour, Nova Scotia, Canada",harmonics-2004-06-14_mod.txt,13,35040,0.0365,0.132,0,0.0,3.507,Canada_IWLS_NS,0,nein
00395_Flat_Island_wlp.csv,43.5097,-66.0028,2025,"Flat Island, Nova Scotia, Canada",harmonics_utide_tidetables.txt,0,35040,0.0547,0.198,0,-0.039,3.81,Canada_IWLS_NS,0,nein
00395_Flat_Island_wlp.csv,43.5097,-66.0028,2025,"Flat Island, Nova Scotia, Canada",harmonics-2004-06-14_mod.txt,94,35040,0.0642,0.239,0,-0.0,3.971,Canada_IWLS_NS,0,nein
00400_Seal_Island_wlp.csv,43.4097,-66.0201,2025,"Seal Island, Nova Scotia, Canada",harmonics_utide_tidetables.txt,1,35040,0.0329,0.118,0,-0.009,3.539,Canada_IWLS_NS,0,nein
00405_Clarks_Harbour_wlp.csv,43.4448,-65.6344,2025,"Clarks Harbour, Nova Scotia, Canada",harmonics_utide_tidetables.txt,0,35040,0.0511,0.202,0,-0.002,3.16,Canada_IWLS_NS,0,nein
00405_Clarks_Harbour_wlp.csv,43.4448,-65.6344,2025,"Clarks Harbour, Nova Scotia, Canada",harmonics-2004-06-14_mod.txt,43,35040,0.0448,0.159,0,0.0,3.301,Canada_IWLS_NS,0,nein
00405_Clarks_Harbour_wlp.csv,43.4448,-65.6344,2025,"Swims Point, Nova Scotia, Canada",harmonics_utide_tidetables.txt,1286,35040,0.1059,0.31,0,-0.122,3.189,Canada_IWLS_NS,0,nein
00405_Clarks_Harbour_wlp.csv,43.4448,-65.6344,2025,"Swim Point, Nova Scotia, Canada",harmonics-2004-06-14_mod.txt,1291,35040,0.0986,0.333,0,-0.113,3.341,Canada_IWLS_NS,0,nein
00405_Clarks_Harbour_wlp.csv,43.4448,-65.6344,2025,"West Head, Nova Scotia, Canada",harmonics_utide_tidetables.txt,2245,35040,0.1007,0.349,-10,-0.105,3.456,Canada_IWLS_NS,0,nein
00405_Clarks_Harbour_wlp.csv,43.4448,-65.6344,2025,"West Head, Nova Scotia, Canada",harmonics-2004-06-14_mod.txt,2289,35040,0.0956,0.298,0,-0.103,3.44,Canada_IWLS_NS,0,nein
00408_West_Head_wlp.csv,43.4596,-65.6534,2025,"West Head, Nova Scotia, Canada",harmonics_utide_tidetables.txt,0,35040,0.0547,0.267,0,-0.002,3.456,Canada_IWLS_NS,0,nein
00408_West_Head_wlp.csv,43.4596,-65.6534,2025,"West Head, Nova Scotia, Canada",harmonics-2004-06-14_mod.txt,50,35040,0.0291,0.111,0,-0.0,3.44,Canada_IWLS_NS,0,nein
00408_West_Head_wlp.csv,43.4596,-65.6534,2025,"Clarks Harbour, Nova Scotia, Canada",harmonics_utide_tidetables.txt,2245,35040,0.0985,0.327,0,0.101,3.16,Canada_IWLS_NS,0,nein
00408_West_Head_wlp.csv,43.4596,-65.6534,2025,"Clarks Harbour, Nova Scotia, Canada",harmonics-2004-06-14_mod.txt,2258,35040,0.0919,0.296,0,0.103,3.301,Canada_IWLS_NS,0,nein
00410_Swims_Point_wlp.csv,43.4334,-65.6319,2025,"Swims Point, Nova Scotia, Canada",harmonics_utide_tidetables.txt,0,35040,0.0371,0.136,0,-0.008,3.189,Canada_IWLS_NS,0,nein
00410_Swims_Point_wlp.csv,43.4334,-65.6319,2025,"Swim Point, Nova Scotia, Canada",harmonics-2004-06-14_mod.txt,22,35040,0.0571,0.21,0,-0.0,3.341,Canada_IWLS_NS,0,nein
00410_Swims_Point_wlp.csv,43.4334,-65.6319,2025,"Clarks Harbour, Nova Scotia, Canada",harmonics-2004-06-14_mod.txt,1253,35040,0.0934,0.302,0,0.113,3.301,Canada_IWLS_NS,0,nein
00410_Swims_Point_wlp.csv,43.4334,-65.6319,2025,"Clarks Harbour, Nova Scotia, Canada",harmonics_utide_tidetables.txt,1285,35040,0.0759,0.258,0,0.111,3.16,Canada_IWLS_NS,0,nein
00415_Barrington_Passage_wlp.csv,43.5256,-65.6072,2025,"Barrington Passage, Nova Scotia, Canada",harmonics_utide_tidetables.txt,0,35040,0.0273,0.097,0,-0.004,2.405,Canada_IWLS_NS,0,nein
00415_Barrington_Passage_wlp.csv,43.5256,-65.6072,2025,"Barrington Passage, Nova Scotia, Canada",harmonics-2004-06-14_mod.txt,115,35040,0.0371,0.132,0,-0.0,2.473,Canada_IWLS_NS,0,nein
00420_Upper_Port_la_Tour_wlp.csv,43.5059,-65.4694,2025,"Upper Port la Tour, Nova Scotia, Canada",harmonics_utide_tidetables.txt,1,35040,0.0219,0.077,0,-0.003,2.323,Canada_IWLS_NS,0,nein
00420_Upper_Port_la_Tour_wlp.csv,43.5059,-65.4694,2025,"Upper Port Latour, Nova Scotia, Canada",harmonics-2004-06-14_mod.txt,12,35040,0.038,0.132,0,-0.0,2.407,Canada_IWLS_NS,0,nein
00423_Ingomar_wlp.csv,43.5632,-65.3634,2025,"Ingomar, Nova Scotia, Canada",harmonics-2004-06-14_mod.txt,100,35040,0.0234,0.078,0,-0.0,2.38,Canada_IWLS_NS,0,nein
00425_Shelburne_wlp.csv,43.7536,-65.3203,2025,"Shelburne, Nova Scotia, Canada",harmonics_utide_tidetables.txt,0,35040,0.0391,0.154,0,0.004,2.378,Canada_IWLS_NS,0,nein
00425_Shelburne_wlp.csv,43.7536,-65.3203,2025,"Shelburne, Nova Scotia, Canada",harmonics-2004-06-14_mod.txt,17,35040,0.0272,0.1,0,0.001,2.422,Canada_IWLS_NS,0,nein
00426_Sandy_Point_wlp.csv,43.6953,-65.3242,2025,"Sandy Point, Nova Scotia, Canada",harmonics_utide_tidetables.txt,0,35040,0.0271,0.11,0,0.002,2.313,Canada_IWLS_NS,0,nein
00426_Sandy_Point_wlp.csv,43.6953,-65.3242,2025,"Sandy Point, Nova Scotia, Canada",harmonics-2004-06-14_mod.txt,167,35040,0.0242,0.082,0,0.0,2.375,Canada_IWLS_NS,0,nein
00430_Lockeport_wlp.csv,43.7015,-65.1072,2025,"Lockeport, Nova Scotia, Canada",harmonics_utide_tidetables.txt,0,35040,0.0234,0.084,0,0.001,2.256,Canada_IWLS_NS,0,nein
00430_Lockeport_wlp.csv,43.7015,-65.1072,2025,"Lockeport, Nova Scotia, Canada",harmonics-2004-06-14_mod.txt,14,35040,0.0369,0.13,0,-0.0,2.322,Canada_IWLS_NS,0,nein
00435_Port_Mouton_wlp.csv,43.9216,-64.8411,2025,"Port Mouton, Nova Scotia, Canada",harmonics_utide_tidetables.txt,0,35040,0.0242,0.086,0,-0.006,1.975,Canada_IWLS_NS,0,nein
00440_Liverpool_wlp.csv,44.0490,-64.6944,2025,"Liverpool, Nova Scotia, Canada",harmonics_utide_tidetables.txt,0,35040,0.045,0.153,0,-0.007,2.22,Canada_IWLS_NS,0,nein
00450_Bridgewater_wlp.csv,44.3717,-64.5055,2025,"Bridgewater, Nova Scotia, Canada",harmonics_utide_tidetables.txt,0,35040,0.0472,0.17,0,-0.009,2.245,Canada_IWLS_NS,0,nein
00452_Riverport_wlp.csv,44.2893,-64.3450,2025,"Riverport, Nova Scotia, Canada",harmonics_utide_tidetables.txt,0,35040,0.0378,0.167,0,-0.011,2.19,Canada_IWLS_NS,0,nein
00455_Lunenburg_wlp.csv,44.3755,-64.3071,2025,"Lunenburg, Nova Scotia, Canada",harmonics_utide_tidetables.txt,0,35040,0.0407,0.148,0,-0.013,2.206,Canada_IWLS_NS,0,nein
00455_Lunenburg_wlp.csv,44.3755,-64.3071,2025,"Lunenburg, Nova Scotia (2), Canada",harmonics-2004-06-14_mod.txt,21,35040,0.0223,0.075,0,-0.305,2.229,Canada_IWLS_NS,0,nein
00460_Mahone_Harbour_wlp.csv,44.4474,-64.3740,2025,"Mahone Harbour, Nova Scotia, Canada",harmonics_utide_tidetables.txt,0,35040,0.0363,0.143,0,-0.01,2.146,Canada_IWLS_NS,0,nein
00465_Chester_wlp.csv,44.5364,-64.2428,2025,"Chester, Nova Scotia, Canada",harmonics_utide_tidetables.txt,0,35040,0.0394,0.138,0,-0.011,2.234,Canada_IWLS_NS,0,nein
00473_Owls_Head_wlp.csv,44.5218,-64.0054,2025,"Owls Head, Nova Scotia, Canada",harmonics_utide_tidetables.txt,0,35040,0.0312,0.124,0,-0.011,2.042,Canada_IWLS_NS,0,nein
00475_Mill_Cove_wlp.csv,44.5802,-64.0521,2025,"Mill Cove, Nova Scotia, Canada",harmonics-2004-06-14_mod.txt,6,35040,0.0155,0.058,0,-0.054,2.295,Canada_IWLS_NS,0,nein
00479_Blandford_wlp.csv,44.4947,-64.1123,2025,"Blandford, Nova Scotia, Canada",harmonics_utide_tidetables.txt,0,35040,0.0421,0.193,10,-0.017,2.175,Canada_IWLS_NS,0,nein
00479_Blandford_wlp.csv,44.4947,-64.1123,2025,"Blandford, Nova Scotia, Canada",harmonics-2004-06-14_mod.txt,68,35040,0.0341,0.132,0,-0.162,2.213,Canada_IWLS_NS,0,nein
00480_Hubbards_wlp.csv,44.6373,-64.0596,2025,"Hubbards, Nova Scotia, Canada",harmonics-2004-06-14_mod.txt,8,35040,0.0263,0.085,0,-0.349,2.53,Canada_IWLS_NS,0,nein
00482_Boutiliers_Point_wlp.csv,44.6568,-63.9466,2025,"Boutiliers Point, Nova Scotia, Canada",harmonics_utide_tidetables.txt,0,35040,0.0482,0.207,0,-0.011,2.335,Canada_IWLS_NS,0,nein
00482_Boutiliers_Point_wlp.csv,44.6568,-63.9466,2025,"Boutiliers Point, Nova Scotia, Canada",harmonics_ticon4_worldwide.txt,28,35040,0.091,0.314,0,1.041,2.211,Canada_IWLS_NS,0,nein
00484_Indian_Harbour_wlp.csv,44.5148,-63.9372,2025,"Indian Harbour, Nova Scotia, Canada",harmonics-2004-06-14_mod.txt,29,35040,0.0214,0.079,0,-0.386,2.072,Canada_IWLS_NS,0,nein
00484_Indian_Harbour_wlp.csv,44.5148,-63.9372,2025,"Cliff Cove, Nova Scotia, Canada",harmonics_utide_tidetables.txt,342,35040,0.09,0.272,0,0.171,1.926,Canada_IWLS_NS,0,nein
00484_Indian_Harbour_wlp.csv,44.5148,-63.9372,2025,"Cliff Cove, Nova Scotia, Canada",harmonics-2004-06-14_mod.txt,362,35040,0.0776,0.266,0,-0.194,1.909,Canada_IWLS_NS,0,nein
00484_Indian_Harbour_wlp.csv,44.5148,-63.9372,2025,"St. Margarets Bay, Nova Scotia, Canada",harmonics_noaa_amtt.txt,375,35040,0.0871,0.238,0,-0.206,2.073,Canada_IWLS_NS,0,nein
00485_Cliff_Cove_wlp.csv,44.5118,-63.9375,2025,"Cliff Cove, Nova Scotia, Canada",harmonics_utide_tidetables.txt,0,35040,0.03,0.108,0,-0.014,1.926,Canada_IWLS_NS,0,nein
00485_Cliff_Cove_wlp.csv,44.5118,-63.9375,2025,"Cliff Cove, Nova Scotia, Canada",harmonics-2004-06-14_mod.txt,26,35040,0.0236,0.088,0,-0.379,1.909,Canada_IWLS_NS,0,nein
00485_Cliff_Cove_wlp.csv,44.5118,-63.9375,2025,"Indian Harbour, Nova Scotia, Canada",harmonics-2004-06-14_mod.txt,371,35040,0.0835,0.279,0,-0.571,2.072,Canada_IWLS_NS,0,nein
00485_Cliff_Cove_wlp.csv,44.5118,-63.9375,2025,"St. Margarets Bay, Nova Scotia, Canada",harmonics_noaa_amtt.txt,640,35040,0.0939,0.277,0,-0.391,2.073,Canada_IWLS_NS,0,nein
00486_Prospect_wlp.csv,44.4689,-63.7837,2025,"Prospect, Nova Scotia, Canada",harmonics_utide_tidetables.txt,0,35040,0.0394,0.146,0,-0.007,1.992,Canada_IWLS_NS,0,nein
00486_Prospect_wlp.csv,44.4689,-63.7837,2025,"Prospect, Nova Scotia, Canada",harmonics-2004-06-14_mod.txt,34,35040,0.0213,0.099,0,-0.0,2.041,Canada_IWLS_NS,0,nein
00488_Sambro_Harbour_wlp.csv,44.4781,-63.5992,2025,"Sambro Harbour, Nova Scotia, Canada",harmonics_utide_tidetables.txt,0,35040,0.0339,0.125,0,-0.002,1.972,Canada_IWLS_NS,0,nein
00488_Sambro_Harbour_wlp.csv,44.4781,-63.5992,2025,"Sambro Harbour, Nova Scotia, Canada",harmonics-2004-06-14_mod.txt,6,35040,0.0244,0.082,0,-0.1,1.999,Canada_IWLS_NS,0,nein
00490_Halifax_wlp.csv,44.6591,-63.5834,2025,"Halifax, Nova Scotia, Canada",harmonics_utide_tidetables.txt,0,35040,0.0469,0.224,0,-0.014,2.067,Canada_IWLS_NS,0,nein
00490_Halifax_wlp.csv,44.6591,-63.5834,2025,"Halifax, Nova Scotia, Canada",harmonics_ticon4_worldwide.txt,25,35040,0.056,0.218,10,-0.014,2.143,Canada_IWLS_NS,0,nein
00491_Bedford_Institute_wlp.csv,44.6823,-63.6132,2025,"Bedford Institute, Nova Scotia, Canada",harmonics_utide_observations.txt,0,35040,0.0231,0.091,0,-0.086,2.193,Canada_IWLS_NS,0,nein
00491_Bedford_Institute_wlp.csv,44.6823,-63.6132,2025,"Bedford Institute, Nova Scotia, Canada",harmonics_utide_tidetables.txt,0,35040,0.0442,0.187,0,-0.014,2.109,Canada_IWLS_NS,0,nein
00491_Bedford_Institute_wlp.csv,44.6823,-63.6132,2025,"Bedford Institute, Nova Scotia, Canada",harmonics_ticon4_worldwide.txt,18,35040,0.0227,0.097,0,1.101,2.153,Canada_IWLS_NS,0,nein
00493_Chezzetcook_Inlet_wlp.csv,44.7109,-63.2367,2025,"Chezzetcook Inlet, Nova Scotia, Canada",harmonics_utide_tidetables.txt,0,35040,0.031,0.115,0,-0.009,1.778,Canada_IWLS_NS,0,nein
00495_Salmon_River_Bridge_wlp.csv,44.7786,-63.0421,2025,"Salmon River Bridge, Nova Scotia, Canada",harmonics_utide_tidetables.txt,0,32064,0.0468,0.191,0,-0.029,2.04,Canada_IWLS_NS,0,nein
00497_Little_Harbour_wlp.csv,44.7089,-62.8415,2025,"Little Harbour, Nova Scotia, Canada",harmonics-2004-06-14_mod.txt,27,35040,0.0245,0.092,0,0.0,1.966,Canada_IWLS_NS,0,nein
00500_Murphys_Cove_wlp.csv,44.7856,-62.7619,2025,"Murphy Cove, Nova Scotia, Canada",harmonics-2004-06-14_mod.txt,20,35040,0.02,0.075,0,-0.0,2.019,Canada_IWLS_NS,0,nein
00505_Tomlee_Bay_wlp.csv,44.8364,-62.5870,2025,"Tomlee Bay, Nova Scotia, Canada",harmonics_utide_tidetables.txt,0,35040,0.0316,0.127,0,-0.011,1.904,Canada_IWLS_NS,0,nein
00505_Tomlee_Bay_wlp.csv,44.8364,-62.5870,2025,"Tomlee Bay, Nova Scotia, Canada",harmonics-2004-06-14_mod.txt,23,35040,0.0189,0.066,0,-0.0,1.929,Canada_IWLS_NS,0,nein
00505_Tomlee_Bay_wlp.csv,44.8364,-62.5870,2025,"Spry Harbour, Nova Scotia, Canada",harmonics_utide_tidetables.txt,2137,35040,0.0557,0.17,10,-0.092,1.88,Canada_IWLS_NS,0,nein
00505_Tomlee_Bay_wlp.csv,44.8364,-62.5870,2025,"Spry Harbour, Nova Scotia, Canada",harmonics-2004-06-14_mod.txt,2141,35040,0.0493,0.177,10,-0.085,1.936,Canada_IWLS_NS,0,nein
00509_Spry_Harbour_wlp.csv,44.8377,-62.6141,2025,"Spry Harbour, Nova Scotia, Canada",harmonics_utide_tidetables.txt,0,35040,0.0383,0.144,0,-0.007,1.88,Canada_IWLS_NS,0,nein
00509_Spry_Harbour_wlp.csv,44.8377,-62.6141,2025,"Spry Harbour, Nova Scotia, Canada",harmonics-2004-06-14_mod.txt,7,35040,0.0316,0.119,0,-0.0,1.936,Canada_IWLS_NS,0,nein
00509_Spry_Harbour_wlp.csv,44.8377,-62.6141,2025,"Tomlee Bay, Nova Scotia, Canada",harmonics-2004-06-14_mod.txt,2115,35040,0.053,0.186,-10,0.085,1.929,Canada_IWLS_NS,0,nein
00509_Spry_Harbour_wlp.csv,44.8377,-62.6141,2025,"Tomlee Bay, Nova Scotia, Canada",harmonics_utide_tidetables.txt,2137,35040,0.0605,0.202,-10,0.073,1.904,Canada_IWLS_NS,0,nein
00510_Sheet_Harbour_wlp.csv,44.9030,-62.5036,2025,"Sheet Harbour, Nova Scotia, Canada",harmonics_utide_tidetables.txt,0,35040,0.041,0.167,0,-0.012,2.005,Canada_IWLS_NS,0,nein
00511_Port_Dufferin_wlp.csv,44.8958,-62.3752,2025,"Port Dufferin, Nova Scotia, Canada",harmonics_utide_tidetables.txt,0,35040,0.033,0.127,0,-0.01,1.897,Canada_IWLS_NS,0,nein
00511_Port_Dufferin_wlp.csv,44.8958,-62.3752,2025,"West Newdy Quoddy, Nova Scotia, Canada",harmonics-2004-06-14_mod.txt,2212,35040,0.0609,0.204,0,0.049,2.087,Canada_IWLS_NS,0,nein
00511_Port_Dufferin_wlp.csv,44.8958,-62.3752,2025,"West Newdy Quoddy, Nova Scotia, Canada",harmonics_utide_tidetables.txt,2213,35040,0.06,0.205,0,0.04,1.976,Canada_IWLS_NS,0,nein
00512_West_Newdy_Quoddy_wlp.csv,44.9041,-62.3496,2025,"West Newdy Quoddy, Nova Scotia, Canada",harmonics_utide_tidetables.txt,0,35040,0.037,0.151,0,-0.009,1.976,Canada_IWLS_NS,0,nein
00512_West_Newdy_Quoddy_wlp.csv,44.9041,-62.3496,2025,"West Newdy Quoddy, Nova Scotia, Canada",harmonics-2004-06-14_mod.txt,11,35040,0.0385,0.138,0,-0.0,2.087,Canada_IWLS_NS,0,nein
00512_West_Newdy_Quoddy_wlp.csv,44.9041,-62.3496,2025,"Port Dufferin, Nova Scotia, Canada",harmonics_utide_tidetables.txt,2212,35040,0.0628,0.213,0,-0.06,1.897,Canada_IWLS_NS,0,nein
00514_Ecum_Secum_wlp.csv,44.9660,-62.1376,2025,"Ecum Secum, Nova Scotia, Canada",harmonics_utide_tidetables.txt,0,35040,0.0415,0.149,0,-0.002,1.919,Canada_IWLS_NS,0,nein
00515_Liscomb_Harbour_wlp.csv,45.0238,-61.9967,2025,"Liscomb Harbour, Nova Scotia, Canada",harmonics-2004-06-14_mod.txt,9,35040,0.0155,0.059,0,-0.0,1.893,Canada_IWLS_NS,0,nein
00516_Marie_Joseph_wlp.csv,44.9656,-62.0793,2025,"Marie Joseph, Nova Scotia, Canada",harmonics-2004-06-14_mod.txt,7,35040,0.0141,0.058,0,0.0,1.686,Canada_IWLS_NS,0,nein
00520_Sonora_wlp.csv,45.0573,-61.9046,2025,"Sonora (St. Marys River), Nova Scotia, Canada",harmonics_utide_tidetables.txt,0,35040,0.0401,0.156,0,-0.027,1.821,Canada_IWLS_NS,0,nein
00520_Sonora_wlp.csv,45.0573,-61.9046,2025,"Sonora (St. Marys River), Nova Scotia, Canada",harmonics-2004-06-14_mod.txt,13,35040,0.0194,0.073,0,-0.0,1.846,Canada_IWLS_NS,0,nein
00525_Sherbrooke_wlp.csv,45.1339,-61.9833,2025,"Sherbrooke, Nova Scotia, Canada",harmonics-2004-06-14_mod.txt,70,35040,0.0246,0.091,0,-0.0,2.065,Canada_IWLS_NS,0,nein
00530_Port_Bickerton_wlp.csv,45.1054,-61.7232,2025,"Port Bickerton, Nova Scotia, Canada",harmonics_utide_tidetables.txt,0,35040,0.0676,0.227,0,-0.013,1.821,Canada_IWLS_NS,0,nein
00535_Isaacs_Harbour_wlp.csv,45.1799,-61.6596,2025,"Isaacs Harbour, Nova Scotia, Canada",harmonics_utide_tidetables.txt,0,35040,0.0466,0.192,0,-0.004,1.913,Canada_IWLS_NS,0,nein
00535_Isaacs_Harbour_wlp.csv,45.1799,-61.6596,2025,"Isaacs Harbour, Nova Scotia, Canada",harmonics-2004-06-14_mod.txt,57,35040,0.0327,0.124,0,-0.0,1.966,Canada_IWLS_NS,0,nein
00535_Isaacs_Harbour_wlp.csv,45.1799,-61.6596,2025,"Goldboro, Nova Scotia, Canada",harmonics_utide_tidetables.txt,586,35040,0.0942,0.349,0,-0.237,1.985,Canada_IWLS_NS,0,nein
00536_Goldboro_wlp.csv,45.1808,-61.6523,2025,"Goldboro, Nova Scotia, Canada",harmonics_utide_tidetables.txt,0,35040,0.0414,0.177,0,-0.009,1.985,Canada_IWLS_NS,0,nein
00536_Goldboro_wlp.csv,45.1808,-61.6523,2025,"Isaacs Harbour, Nova Scotia, Canada",harmonics-2004-06-14_mod.txt,562,35040,0.077,0.269,0,0.228,1.966,Canada_IWLS_NS,0,nein
00536_Goldboro_wlp.csv,45.1808,-61.6523,2025,"Isaacs Harbour, Nova Scotia, Canada",harmonics_utide_tidetables.txt,586,35040,0.076,0.283,0,0.225,1.913,Canada_IWLS_NS,0,nein
00540_Larrys_River_wlp.csv,45.2177,-61.3736,2025,"Larrys River, Nova Scotia, Canada",harmonics_utide_tidetables.txt,0,35040,0.0333,0.129,0,-0.013,1.805,Canada_IWLS_NS,0,nein
00545_Whitehead_wlp.csv,45.2404,-61.1887,2025,"Whitehead, Nova Scotia, Canada",harmonics_utide_tidetables.txt,0,35040,0.0372,0.155,0,-0.011,1.882,Canada_IWLS_NS,0,nein
"00550_Sable_Island_Sable,_ÃŽle_de_wlp.csv",43.9592,-59.7948,2025,"Sable Island, Nova Scotia, Canada",harmonics-2004-06-14_mod.txt,883,35040,0.0121,0.045,0,0.0,1.637,Canada_IWLS_NS,0,nein
00555_Canso_Harbour_wlp.csv,45.3382,-60.9954,2025,"Canso Harbour, Nova Scotia, Canada",harmonics_utide_tidetables.txt,1,35040,0.033,0.129,0,-0.02,1.777,Canada_IWLS_NS,0,nein
00555_Canso_Harbour_wlp.csv,45.3382,-60.9954,2025,"Canso Harbour, Nova Scotia, Canada",harmonics-2004-06-14_mod.txt,10,35040,0.0237,0.085,0,-0.0,1.817,Canada_IWLS_NS,0,nein
00563_Sand_Point_wlp.csv,45.5214,-61.2636,2025,"Sand Point, Nova Scotia, Canada",harmonics-2004-06-14_mod.txt,9,35040,0.0196,0.073,0,-0.0,1.904,Canada_IWLS_NS,0,nein
00570_Port_Hastings_wlp.csv,45.6461,-61.4057,2025,"Port Hastings, Nova Scotia, Canada",harmonics_utide_tidetables.txt,0,35040,0.0307,0.11,0,-0.009,1.857,Canada_IWLS_NS,0,nein
00570_Port_Hastings_wlp.csv,45.6461,-61.4057,2025,"Auld Cove, Nova Scotia, Canada",harmonics-2004-06-14_mod.txt,2303,35040,0.2964,0.834,90,0.182,1.579,Canada_IWLS_NS,0,nein
00570_Port_Hastings_wlp.csv,45.6461,-61.4057,2025,"Aulds Cove, Nova Scotia, Canada",harmonics_utide_tidetables.txt,2334,35040,0.306,0.894,90,0.194,1.562,Canada_IWLS_NS,0,nein
00575_Port_Hawkesbury_wlp.csv,45.6144,-61.3656,2025,"Port Hawkesbury, Nova Scotia, Canada",harmonics_utide_observations.txt,0,35040,0.025,0.095,0,-0.063,2.033,Canada_IWLS_NS,0,nein
00575_Port_Hawkesbury_wlp.csv,45.6144,-61.3656,2025,"Point Tupper, Nova Scotia, Canada",harmonics_utide_tidetables.txt,2100,35040,0.0423,0.167,0,0.224,1.96,Canada_IWLS_NS,0,nein
00575_Port_Hawkesbury_wlp.csv,45.6144,-61.3656,2025,"Point Tupper, Nova Scotia, Canada",harmonics_ticon4_worldwide.txt,2126,35040,0.0251,0.092,0,1.126,2.009,Canada_IWLS_NS,0,nein
00576_Point_Tupper_wlp.csv,45.5956,-61.3633,2025,"Point Tupper, Nova Scotia, Canada",harmonics_utide_tidetables.txt,0,35040,0.0413,0.167,0,-0.012,1.96,Canada_IWLS_NS,0,nein
00576_Point_Tupper_wlp.csv,45.5956,-61.3633,2025,"Point Tupper, Nova Scotia, Canada",harmonics_ticon4_worldwide.txt,41,35040,0.0247,0.101,0,0.89,2.009,Canada_IWLS_NS,0,nein
00576_Point_Tupper_wlp.csv,45.5956,-61.3633,2025,"Port Hawkesbury, Nova Scotia, Canada",harmonics_utide_observations.txt,2099,35040,0.0237,0.096,0,-0.299,2.033,Canada_IWLS_NS,0,nein
00580_Arichat_wlp.csv,45.5105,-61.0177,2025,"Arichat, Nova Scotia, Canada",harmonics_utide_tidetables.txt,1,35040,0.0469,0.181,0,-0.012,2.02,Canada_IWLS_NS,0,nein
00582_Petit_De_Grat_wlp.csv,45.5069,-60.9616,2025,"Petit De Grat, Nova Scotia, Canada",harmonics_utide_tidetables.txt,0,35040,0.0473,0.186,0,-0.011,1.982,Canada_IWLS_NS,0,nein
00582_Petit_De_Grat_wlp.csv,45.5069,-60.9616,2025,"Petit De Grat, Nova Scotia, Canada",harmonics-2004-06-14_mod.txt,8,35040,0.0681,0.23,0,0.169,1.858,Canada_IWLS_NS,0,nein
00585_Cannes_wlp.csv,45.6363,-60.9595,2025,"Cannes, Nova Scotia, Canada",harmonics_utide_tidetables.txt,0,35040,0.0265,0.109,0,-0.011,1.654,Canada_IWLS_NS,0,nein
00587_St_Peters_Bay_wlp.csv,45.6524,-60.8695,2025,"St Peters Bay, Nova Scotia, Canada",harmonics_utide_tidetables.txt,0,35040,0.3828,1.027,-110,0.615,1.144,Canada_IWLS_NS,0,nein
00587_St_Peters_Bay_wlp.csv,45.6524,-60.8695,2025,"St Peters Inlet, Nova Scotia, Canada",harmonics_utide_tidetables.txt,1040,35024,0.4244,0.94,340,0.492,0.024,Canada_IWLS_NS,0,nein
00587_St_Peters_Bay_wlp.csv,45.6524,-60.8695,2025,"St. Peter Bay, Nova Scotia, Canada",harmonics_noaa_amtt.txt,2138,35040,0.1416,0.427,0,-0.046,2.09,Canada_IWLS_NS,0,nein
00588_St_Peters_Inlet_wlp.csv,45.6611,-60.8745,2025,"St Peters Inlet, Nova Scotia, Canada",harmonics_utide_tidetables.txt,0,35040,0.0024,0.008,30,0.0,0.024,Canada_IWLS_NS,0,nein
00588_St_Peters_Inlet_wlp.csv,45.6611,-60.8745,2025,"St Peters Bay, Nova Scotia, Canada",harmonics_utide_tidetables.txt,1040,35002,0.2048,0.614,680,0.122,1.144,Canada_IWLS_NS,0,nein
00595_Fourchu_wlp.csv,45.7171,-60.2452,2025,"Fourchu, Nova Scotia, Canada",harmonics_utide_tidetables.txt,0,35040,0.0183,0.079,0,-0.002,1.442,Canada_IWLS_NS,0,nein
00595_Fourchu_wlp.csv,45.7171,-60.2452,2025,"Fourchu, Nova Scotia, Canada",harmonics-2004-06-14_mod.txt,13,35040,0.0262,0.1,0,-0.0,1.518,Canada_IWLS_NS,0,nein
00600_Louisbourg_wlp.csv,45.9169,-59.9710,2025,"Louisbourg, Nova Scotia, Canada",harmonics_utide_tidetables.txt,0,35040,0.0207,0.085,0,-0.002,1.784,Canada_IWLS_NS,0,nein
00600_Louisbourg_wlp.csv,45.9169,-59.9710,2025,"Louisburg Harbour, Nova Scotia, Canada",harmonics_noaa_amtt.txt,2106,35040,0.1525,0.465,10,-0.115,1.751,Canada_IWLS_NS,0,nein
00610_Sydney_wlp.csv,46.1414,-60.1998,2025,"Sydney, Nova Scotia, Canada",harmonics_utide_tidetables.txt,0,35040,0.017,0.064,0,0.0,1.48,Canada_IWLS_NS,0,nein
00612_North_Sydney_wlp.csv,46.2090,-60.2453,2025,"North Sydney, Nova Scotia, Canada",harmonics_ticon4_worldwide.txt,0,35040,0.0189,0.078,0,0.861,1.532,Canada_IWLS_NS,0,nein
00612_North_Sydney_wlp.csv,46.2090,-60.2453,2025,"North Sydney, Nova Scotia, Canada",harmonics_utide_observations.txt,0,35040,0.0212,0.079,0,-0.086,1.518,Canada_IWLS_NS,0,nein
00612_North_Sydney_wlp.csv,46.2090,-60.2453,2025,"North Sydney, Nova Scotia, Canada",harmonics_utide_tidetables.txt,0,35040,0.0216,0.09,0,0.004,1.523,Canada_IWLS_NS,0,nein
00620_Big_Bras_DOr_wlp.csv,46.2816,-60.4247,2025,"Big Bras D'Or, Nova Scotia, Canada",harmonics_utide_tidetables.txt,1,35040,0.0706,0.16,-20,-0.077,0.673,Canada_IWLS_NS,0,nein
00620_Big_Bras_DOr_wlp.csv,46.2816,-60.4247,2025,"Duffus Point, Nova Scotia, Canada",harmonics_utide_tidetables.txt,1,35040,0.075,0.192,-20,-0.077,0.728,Canada_IWLS_NS,0,nein
00620_Big_Bras_DOr_wlp.csv,46.2816,-60.4247,2025,"Penny Lane, Nova Scotia, Canada",harmonics_utide_tidetables.txt,2699,35040,0.1387,0.444,20,-0.494,1.263,Canada_IWLS_NS,0,nein
00621_Table_Head_wlp.csv,46.3235,-60.3601,2025,"Table Head, Nova Scotia, Canada",harmonics_utide_tidetables.txt,1,35040,0.0143,0.055,0,0.001,1.269,Canada_IWLS_NS,0,nein
00621_Table_Head_wlp.csv,46.3235,-60.3601,2025,"Table Head Point, Nova Scotia, Canada",harmonics-2004-06-14_mod.txt,13,35040,0.0174,0.061,0,-0.0,1.331,Canada_IWLS_NS,0,nein
00622_Duffus_Point_wlp.csv,46.2816,-60.4247,2025,"Big Bras D'Or, Nova Scotia, Canada",harmonics_utide_tidetables.txt,1,35040,0.0259,0.085,-20,-0.004,0.673,Canada_IWLS_NS,0,nein
00622_Duffus_Point_wlp.csv,46.2816,-60.4247,2025,"Duffus Point, Nova Scotia, Canada",harmonics_utide_tidetables.txt,1,35040,0.0206,0.106,-20,-0.004,0.728,Canada_IWLS_NS,0,nein
00622_Duffus_Point_wlp.csv,46.2816,-60.4247,2025,"Penny Lane, Nova Scotia, Canada",harmonics_utide_tidetables.txt,2699,35040,0.1607,0.565,20,-0.421,1.263,Canada_IWLS_NS,0,nein
00623_Black_Rock_Point_wlp.csv,46.3052,-60.3930,2025,"Black Rock Point, Nova Scotia, Canada",harmonics_utide_tidetables.txt,0,35040,0.3075,1.157,50,-0.1,0.611,Canada_IWLS_NS,0,nein
00623_Black_Rock_Point_wlp.csv,46.3052,-60.3930,2025,"Black Rock Point, Nova Scotia, Canada",harmonics-2004-06-14_mod.txt,62,35040,0.0526,0.16,0,0.0,1.826,Canada_IWLS_NS,0,nein
00623_Black_Rock_Point_wlp.csv,46.3052,-60.3930,2025,"Penny Lane, Nova Scotia, Canada",harmonics_utide_tidetables.txt,892,35040,0.1565,0.476,-10,-0.292,1.263,Canada_IWLS_NS,0,nein
00624_Penny_Lane_wlp.csv,46.2986,-60.3997,2025,"Penny Lane, Nova Scotia, Canada",harmonics_utide_tidetables.txt,0,35040,0.0221,0.101,0,0.007,1.263,Canada_IWLS_NS,0,nein
00624_Penny_Lane_wlp.csv,46.2986,-60.3997,2025,"Black Rock Point, Nova Scotia, Canada",harmonics_utide_tidetables.txt,892,35040,0.2517,0.776,60,0.2,0.611,Canada_IWLS_NS,0,nein
00624_Penny_Lane_wlp.csv,46.2986,-60.3997,2025,"Black Rock Point, Nova Scotia, Canada",harmonics-2004-06-14_mod.txt,901,35040,0.1493,0.455,10,0.299,1.826,Canada_IWLS_NS,0,nein
00624_Penny_Lane_wlp.csv,46.2986,-60.3997,2025,"Big Bras D'Or, Nova Scotia, Canada",harmonics_utide_tidetables.txt,2700,35040,0.164,0.588,-40,0.423,0.673,Canada_IWLS_NS,0,nein
00624_Penny_Lane_wlp.csv,46.2986,-60.3997,2025,"Duffus Point, Nova Scotia, Canada",harmonics_utide_tidetables.txt,2700,35040,0.1658,0.602,-40,0.424,0.728,Canada_IWLS_NS,0,nein
00626_Seal_Islands_Bridge_wlp.csv,46.2366,-60.5002,2025,"Seal Islands Bridge, Nova Scotia, Canada",harmonics_utide_tidetables.txt,0,35040,0.0176,0.077,-30,-0.002,0.324,Canada_IWLS_NS,0,nein
00630_Ingonish_Beach_wlp.csv,46.6298,-60.3897,2025,"Ingonish Beach, Nova Scotia, Canada",harmonics_utide_tidetables.txt,0,35040,0.0114,0.039,0,-0.0,1.273,Canada_IWLS_NS,0,nein
00635_Neils_Harbour_wlp.csv,46.8069,-60.3205,2025,"Neils Harbour, Nova Scotia, Canada",harmonics_utide_tidetables.txt,0,35040,0.0188,0.069,0,-0.001,1.172,Canada_IWLS_NS,0,nein
00638_Dingwall_wlp.csv,46.9025,-60.4579,2025,"Dingwall, Nova Scotia, Canada",harmonics_utide_tidetables.txt,0,35040,0.017,0.058,0,-0.001,1.099,Canada_IWLS_NS,0,nein
00638_Dingwall_wlp.csv,46.9025,-60.4579,2025,"Dingwall Harbour, Nova Scotia, Canada",harmonics-2004-06-14_mod.txt,4,35040,0.0213,0.072,0,-0.0,1.174,Canada_IWLS_NS,0,nein
00640_Baddeck_wlp.csv,46.1003,-60.7477,2025,"Baddeck, Nova Scotia, Canada",harmonics_utide_tidetables.txt,1,35040,0.0064,0.024,10,0.0,0.212,Canada_IWLS_NS,0,nein
00653_Johnstown_wlp.csv,45.7930,-60.7391,2025,"Johnstown, Nova Scotia, Canada",harmonics_utide_tidetables.txt,0,35040,0.0125,0.039,0,-0.0,0.375,Canada_IWLS_NS,0,nein
00653_Johnstown_wlp.csv,45.7930,-60.7391,2025,"Johnstown, Nova Scotia, Canada",harmonics-2004-06-14_mod.txt,20,35040,0.0096,0.022,0,0.0,0.373,Canada_IWLS_NS,0,nein
00654_Eskasoni_wlp.csv,45.9558,-60.5861,2025,"Eskasoni, Nova Scotia, Canada",harmonics_utide_tidetables.txt,1,35040,0.0053,0.019,10,-0.002,0.22,Canada_IWLS_NS,0,nein
00655_Iona_wlp.csv,45.9568,-60.7940,2025,"Iona, Nova Scotia, Canada",harmonics_utide_tidetables.txt,0,35040,0.0072,0.03,0,-0.002,0.209,Canada_IWLS_NS,0,nein
00656_Dundee_wlp.csv,45.6997,-61.0904,2025,"Dundee, Nova Scotia, Canada",harmonics_utide_tidetables.txt,1,35040,0.0053,0.019,10,-0.002,0.246,Canada_IWLS_NS,0,nein
01520_Bay_St_Lawrence_wlp.csv,47.0027,-60.4675,2025,"Bay St. Lawrence, Nova Scotia, Canada",harmonics_utide_tidetables.txt,0,35040,0.1881,0.612,10,-0.011,1.012,Canada_IWLS_NS,0,nein
01520_Bay_St_Lawrence_wlp.csv,47.0027,-60.4675,2025,"Bay St. Lawrence, Nova Scotia, Canada",harmonics-2004-06-14_mod.txt,95,35040,0.0187,0.071,0,0.0,1.788,Canada_IWLS_NS,0,nein
01530_St_Paul_Island_wlp.csv,47.1990,-60.1465,2025,"St. Paul Island, Gulf of St. Lawrence, Nova Scotia, Canada",harmonics-2004-06-14_mod.txt,284,35040,0.0088,0.034,0,-0.0,1.256,Canada_IWLS_NS,0,nein
01539_Cheticamp_wlp.csv,46.6252,-61.0166,2025,"Cheticamp, Nova Scotia, Canada",harmonics_utide_tidetables.txt,1,35040,0.0172,0.068,0,0.001,1.246,Canada_IWLS_NS,0,nein
01539_Cheticamp_wlp.csv,46.6252,-61.0166,2025,"Cheticamp, Nova Scotia, Canada",harmonics-2004-06-14_mod.txt,66,35040,0.0177,0.062,0,-0.0,1.262,Canada_IWLS_NS,0,nein
01540_La_Pointe_wlp.csv,46.6031,-61.0526,2025,"La Pointe, Nova Scotia, Canada",harmonics_utide_tidetables.txt,0,35040,0.1497,0.378,10,0.003,0.69,Canada_IWLS_NS,0,nein
01540_La_Pointe_wlp.csv,46.6031,-61.0526,2025,"La Pointe, Nova Scotia, Canada",harmonics-2004-06-14_mod.txt,13,35040,0.0176,0.06,0,-0.0,1.193,Canada_IWLS_NS,0,nein
01545_Margaree_Trailer_wlp.csv,46.4402,-61.1129,2025,"Margaree Trailer, Nova Scotia, Canada",harmonics_utide_tidetables.txt,0,35040,0.0229,0.096,0,0.003,1.221,Canada_IWLS_NS,0,nein
01545_Margaree_Trailer_wlp.csv,46.4402,-61.1129,2025,"Margaree Trailer, Nova Scotia, Canada",harmonics-2004-06-14_mod.txt,14,35040,0.0166,0.059,0,-0.0,1.273,Canada_IWLS_NS,0,nein
01545_Margaree_Trailer_wlp.csv,46.4402,-61.1129,2025,"Margaree Harbour, Nova Scotia, Canada",harmonics_utide_tidetables.txt,253,35040,0.0268,0.113,-10,0.046,1.226,Canada_IWLS_NS,0,nein
01545_Margaree_Trailer_wlp.csv,46.4402,-61.1129,2025,"Margaree Breakwater, Nova Scotia, Canada",harmonics-2004-06-14_mod.txt,324,35040,0.0243,0.08,-10,0.042,1.301,Canada_IWLS_NS,0,nein
01545_Margaree_Trailer_wlp.csv,46.4402,-61.1129,2025,"Belle Cote Breakwater, Nova Scotia, Canada",harmonics-2004-06-14_mod.txt,2302,35040,0.0395,0.168,40,0.019,1.127,Canada_IWLS_NS,0,nein
01545_Margaree_Trailer_wlp.csv,46.4402,-61.1129,2025,"Belle Cote Breakwater, Nova Scotia, Canada",harmonics_utide_tidetables.txt,2323,35040,0.1545,0.401,50,0.02,0.639,Canada_IWLS_NS,0,nein
01546_Margaree_Harbour_wlp.csv,46.4424,-61.1121,2025,"Margaree Harbour, Nova Scotia, Canada",harmonics_utide_tidetables.txt,0,35040,0.0262,0.099,0,0.004,1.226,Canada_IWLS_NS,0,nein
01546_Margaree_Harbour_wlp.csv,46.4424,-61.1121,2025,"Margaree Breakwater, Nova Scotia, Canada",harmonics-2004-06-14_mod.txt,99,35040,0.0179,0.064,0,-0.0,1.301,Canada_IWLS_NS,0,nein
01546_Margaree_Harbour_wlp.csv,46.4424,-61.1121,2025,"Margaree Trailer, Nova Scotia, Canada",harmonics_utide_tidetables.txt,253,35040,0.0284,0.094,10,-0.038,1.221,Canada_IWLS_NS,0,nein
01546_Margaree_Harbour_wlp.csv,46.4424,-61.1121,2025,"Margaree Trailer, Nova Scotia, Canada",harmonics-2004-06-14_mod.txt,265,35040,0.0224,0.081,10,-0.042,1.273,Canada_IWLS_NS,0,nein
01546_Margaree_Harbour_wlp.csv,46.4424,-61.1121,2025,"Belle Cote Breakwater, Nova Scotia, Canada",harmonics-2004-06-14_mod.txt,2411,35040,0.0421,0.185,50,-0.023,1.127,Canada_IWLS_NS,0,nein
01546_Margaree_Harbour_wlp.csv,46.4424,-61.1121,2025,"Belle Cote Breakwater, Nova Scotia, Canada",harmonics_utide_tidetables.txt,2433,35040,0.1598,0.401,70,-0.022,0.639,Canada_IWLS_NS,0,nein
01547_Belle_Cote_Breakwater_wlp.csv,46.4277,-61.0886,2025,"Belle Cote Breakwater, Nova Scotia, Canada",harmonics_utide_tidetables.txt,0,35040,0.135,0.321,10,0.001,0.639,Canada_IWLS_NS,0,nein
01547_Belle_Cote_Breakwater_wlp.csv,46.4277,-61.0886,2025,"Belle Cote Breakwater, Nova Scotia, Canada",harmonics-2004-06-14_mod.txt,22,35040,0.0154,0.053,0,-0.0,1.127,Canada_IWLS_NS,0,nein
01547_Belle_Cote_Breakwater_wlp.csv,46.4277,-61.0886,2025,"Margaree Trailer, Nova Scotia, Canada",harmonics_utide_tidetables.txt,2323,35040,0.0419,0.154,-40,-0.015,1.221,Canada_IWLS_NS,0,nein
01547_Belle_Cote_Breakwater_wlp.csv,46.4277,-61.0886,2025,"Margaree Trailer, Nova Scotia, Canada",harmonics-2004-06-14_mod.txt,2324,35040,0.0388,0.173,-40,-0.019,1.273,Canada_IWLS_NS,0,nein
01547_Belle_Cote_Breakwater_wlp.csv,46.4277,-61.0886,2025,"Margaree Harbour, Nova Scotia, Canada",harmonics_utide_tidetables.txt,2432,35040,0.0448,0.157,-50,0.027,1.226,Canada_IWLS_NS,0,nein
01547_Belle_Cote_Breakwater_wlp.csv,46.4277,-61.0886,2025,"Margaree Breakwater, Nova Scotia, Canada",harmonics-2004-06-14_mod.txt,2530,35040,0.042,0.189,-50,0.023,1.301,Canada_IWLS_NS,0,nein
01548_East_Margaree_Bridge_wlp.csv,46.3973,-61.0788,2025,"East Margaree Bridge, Nova Scotia, Canada",harmonics_utide_tidetables.txt,0,35040,0.0882,0.246,20,-0.001,0.473,Canada_IWLS_NS,0,nein
01548_East_Margaree_Bridge_wlp.csv,46.3973,-61.0788,2025,"East Margaree Bridge, Nova Scotia, Canada",harmonics-2004-06-14_mod.txt,13,35040,0.0114,0.041,0,-0.0,0.773,Canada_IWLS_NS,0,nein
01550_Broad_Cove_Marsh_wlp.csv,46.3006,-61.2573,2025,"Broad Cove Marsh, Nova Scotia, Canada",harmonics_utide_tidetables.txt,1,35040,0.1688,0.42,10,0.009,0.807,Canada_IWLS_NS,0,nein
01550_Broad_Cove_Marsh_wlp.csv,46.3006,-61.2573,2025,"Broad Cove Marsh, Nova Scotia, Canada",harmonics-2004-06-14_mod.txt,23,35040,0.0198,0.07,0,-0.0,1.383,Canada_IWLS_NS,0,nein
01560_Port_Hood_wlp.csv,46.0279,-61.5450,2025,"Port Hood, Nova Scotia, Canada",harmonics_utide_tidetables.txt,0,35040,0.0301,0.131,0,0.011,1.483,Canada_IWLS_NS,0,nein
01570_Aulds_Cove_wlp.csv,45.6483,-61.4355,2025,"Aulds Cove, Nova Scotia, Canada",harmonics_utide_tidetables.txt,0,35040,0.0315,0.108,0,0.012,1.562,Canada_IWLS_NS,0,nein
01570_Aulds_Cove_wlp.csv,45.6483,-61.4355,2025,"Auld Cove, Nova Scotia, Canada",harmonics-2004-06-14_mod.txt,38,35040,0.0226,0.08,0,-0.0,1.579,Canada_IWLS_NS,0,nein
01570_Aulds_Cove_wlp.csv,45.6483,-61.4355,2025,"Port Hastings, Nova Scotia, Canada",harmonics_utide_tidetables.txt,2334,35040,0.2901,0.824,-90,-0.191,1.857,Canada_IWLS_NS,0,nein
01576_Havre_Boucher_wlp.csv,45.6896,-61.5272,2025,"Havre Boucher, Nova Scotia, Canada",harmonics_utide_tidetables.txt,0,35040,0.032,0.134,-10,0.012,1.61,Canada_IWLS_NS,0,nein
01580_Cape_Jack_wlp.csv,45.6838,-61.5748,2025,"Cape Jack, Nova Scotia, Canada",harmonics_utide_tidetables.txt,0,35040,0.0209,0.078,0,0.012,1.428,Canada_IWLS_NS,0,nein
01580_Cape_Jack_wlp.csv,45.6838,-61.5748,2025,"Cape Jack, Nova Scotia, Canada",harmonics-2004-06-14_mod.txt,64,35040,0.0217,0.078,0,-0.0,1.448,Canada_IWLS_NS,0,nein
01590_Antigonish_Harbour_wlp.csv,45.6725,-61.9071,2025,"Antigonish Harbour, Nova Scotia, Canada",harmonics_utide_tidetables.txt,1,35040,0.0196,0.079,0,0.004,1.326,Canada_IWLS_NS,0,nein
01597_Cribbeans_Point_wlp.csv,45.7552,-61.8963,2025,"Cribbons Point, Nova Scotia, Canada",harmonics-2004-06-14_mod.txt,38,35040,0.0126,0.051,0,0.0,1.568,Canada_IWLS_NS,0,nein
01600_Ballantynes_Cove_wlp.csv,45.8587,-61.9181,2025,"Ballantynes Cove, Nova Scotia, Canada",harmonics_utide_tidetables.txt,0,35040,0.0216,0.082,0,0.009,1.541,Canada_IWLS_NS,0,nein
01600_Ballantynes_Cove_wlp.csv,45.8587,-61.9181,2025,"Ballantyne Cove, Nova Scotia, Canada",harmonics-2004-06-14_mod.txt,92,35040,0.0214,0.075,0,-0.0,1.555,Canada_IWLS_NS,0,nein
01610_Arisaig_wlp.csv,45.7620,-62.1716,2025,"Arisaig, Nova Scotia, Canada",harmonics_utide_tidetables.txt,0,35040,0.0412,0.167,0,0.01,1.767,Canada_IWLS_NS,0,nein
01620_Merigomish_wlp.csv,45.6488,-62.4489,2025,"Merigomish, Nova Scotia, Canada",harmonics_utide_tidetables.txt,1,35040,0.0219,0.084,0,0.013,1.768,Canada_IWLS_NS,0,nein
01620_Merigomish_wlp.csv,45.6488,-62.4489,2025,"Merigomish Harbour, Nova Scotia, Canada",harmonics-2004-06-14_mod.txt,5,35040,0.0248,0.091,0,-0.0,1.777,Canada_IWLS_NS,0,nein
01630_Pictou_wlp.csv,45.6741,-62.7033,2025,"Pictou, Nova Scotia, Canada",harmonics_utide_tidetables.txt,0,35040,0.0311,0.14,0,0.012,2.004,Canada_IWLS_NS,0,nein
01630_Pictou_wlp.csv,45.6741,-62.7033,2025,"Pictou, Nova Scotia, Canada",harmonics_ticon4_worldwide.txt,14,35040,0.0316,0.112,0,1.189,2.065,Canada_IWLS_NS,0,nein
01635_Pictou_Island_wlp.csv,45.8026,-62.5856,2025,"Pictou Island, Nova Scotia, Canada",harmonics_utide_tidetables.txt,0,35040,0.028,0.107,0,0.003,1.961,Canada_IWLS_NS,0,nein
01635_Pictou_Island_wlp.csv,45.8026,-62.5856,2025,"Pictou Island, Nova Scotia, Canada",harmonics-2004-06-14_mod.txt,10,35040,0.0294,0.102,0,-0.0,2.008,Canada_IWLS_NS,0,nein
01640_Caribou_wlp.csv,45.7393,-62.6881,2025,"Caribou, Nova Scotia, Canada",harmonics_utide_tidetables.txt,0,35040,0.0869,0.275,-10,-0.243,2.054,Canada_IWLS_NS,0,nein
05643_Natkusiak_Peninsula_wlp.csv,73.0167,-110.4667,2025,"Natkusiak Peninsula, Northwest Territories, Canada",harmonics_utide_tidetables.txt,0,35040,0.0118,0.047,0,-0.0,1.466,Canada_IWLS_NT,0,nein
05643_Natkusiak_Peninsula_wlp.csv,73.0167,-110.4667,2025,"Natkusiak Peninsula, Northwest Territories, Canada",harmonics-2004-06-14_mod.txt,3,35040,0.0179,0.066,0,-0.0,1.441,Canada_IWLS_NT,0,nein
05645_Winter_Harbour_wlp.csv,74.7833,-110.8000,2025,"Winter Harbour, Melville Island, Northwest Territories, Canada",harmonics_noaa_amtt.txt,3,35040,0.2326,0.718,-30,0.249,1.713,Canada_IWLS_NT,0,nein
05650_Peel_Point_wlp.csv,73.2667,-115.1833,2025,"Peel Point, Northwest Territories, Canada",harmonics_utide_tidetables.txt,0,35040,0.0068,0.025,0,0.0,0.966,Canada_IWLS_NT,0,nein
06338_Tysoe_Point_wlp.csv,69.6167,-120.7833,2025,"Tysoe Point, Northwest Territories, Canada",harmonics_utide_tidetables.txt,0,35040,0.0069,0.026,0,-0.0,0.789,Canada_IWLS_NT,0,nein
06340_Pearce_Point_wlp.csv,69.8164,-122.6667,2025,"Pearce Point, Northwest Territories, Canada",harmonics-2004-06-14_mod.txt,0,35040,0.0128,0.042,0,0.0,0.64,Canada_IWLS_NT,0,nein
06340_Pearce_Point_wlp.csv,69.8164,-122.6667,2025,"Pearce Point, Northwest Territories, Canada",harmonics_utide_tidetables.txt,0,35040,0.0089,0.025,0,0.0,0.627,Canada_IWLS_NT,0,nein
06350_Paulatuk_wlp.csv,69.3500,-124.0667,2025,"Paulatuk, Northwest Territories, Canada",harmonics_utide_tidetables.txt,0,35040,0.0038,0.014,0,0.0,0.633,Canada_IWLS_NT,0,nein
06350_Paulatuk_wlp.csv,69.3500,-124.0667,2025,"Paulatuk, Northwest Territories, Canada",harmonics-2004-06-14_mod.txt,1,35040,0.0097,0.039,0,-0.0,0.662,Canada_IWLS_NT,0,nein
06360_Cape_Parry_wlp.csv,70.1500,-124.6667,2025,"Cape Parry, Northwest Territories, Canada",harmonics-2004-06-14_mod.txt,0,35040,0.0047,0.016,0,0.0,0.78,Canada_IWLS_NT,0,nein
06360_Cape_Parry_wlp.csv,70.1500,-124.6667,2025,"Cape Parry, Northwest Territories, Canada",harmonics_utide_tidetables.txt,0,35040,0.0082,0.025,0,0.0,0.778,Canada_IWLS_NT,0,nein
06367_Franklin_Bay_wlp.csv,69.9500,-126.9167,2025,"Franklin Bay, Northwest Territories, Canada",harmonics_utide_tidetables.txt,0,35040,0.0025,0.01,0,0.0,0.443,Canada_IWLS_NT,0,nein
06367_Franklin_Bay_wlp.csv,69.9500,-126.9167,2025,"Franklin Bay, Northwest Territories, Canada",harmonics-2004-06-14_mod.txt,1,35040,0.0091,0.034,0,0.0,0.471,Canada_IWLS_NT,0,nein
06380_Ulukhaktok_wlp.csv,70.7365,-117.7563,2025,"Ulukhaktok, Northwest Territories, Canada",harmonics_utide_tidetables.txt,0,35040,0.0093,0.031,0,-0.0,0.875,Canada_IWLS_NT,0,nein
06424_Sachs_Harbour_wlp.csv,71.9667,-125.2500,2025,"Sachs Harbour, Northwest Territories, Canada",harmonics_utide_tidetables.txt,1870,35040,0.0119,0.023,0,0.0,0.307,Canada_IWLS_NT,0,nein
06443_Baillie_Is_(South_Spit)_wlp.csv,70.5167,-128.3500,2025,"Baillie Is. (South Spit), Northwest Territories, Canada",harmonics_utide_tidetables.txt,0,35040,0.0095,0.022,0,-0.0,0.521,Canada_IWLS_NT,0,nein
06443_Baillie_Is_(South_Spit)_wlp.csv,70.5167,-128.3500,2025,"Baillie Island (South Spit), Northwest Territories, Canada",harmonics-2004-06-14_mod.txt,3,35040,0.0098,0.025,0,-0.0,0.522,Canada_IWLS_NT,0,nein
06457_Krubluyak_Point_wlp.csv,69.5333,-130.9500,2025,"Krubluyak Point, Northwest Territories, Canada",harmonics-2004-06-14_mod.txt,0,35040,0.0108,0.04,0,-0.0,0.983,Canada_IWLS_NT,0,nein
06457_Krubluyak_Point_wlp.csv,69.5333,-130.9500,2025,"Krubluyak Point, Northwest Territories, Canada",harmonics_utide_tidetables.txt,0,35040,0.009,0.034,0,-0.0,0.985,Canada_IWLS_NT,0,nein
06472_Cape_Dalhousie_wlp.csv,70.2667,-129.6500,2025,"Cape Dalhousie, Northwest Territories, Canada",harmonics_utide_tidetables.txt,0,35040,0.011,0.035,0,-0.0,0.8,Canada_IWLS_NT,0,nein
06472_Cape_Dalhousie_wlp.csv,70.2667,-129.6500,2025,"Cape Dalhousie, Northwest Territories, Canada",harmonics-2004-06-14_mod.txt,3,35040,0.0121,0.038,0,-0.0,0.795,Canada_IWLS_NT,0,nein
06476_Atkinson_Point_wlp.csv,69.9500,-131.4167,2025,"Atkinson Point, Northwest Territories, Canada",harmonics_utide_tidetables.txt,0,35040,0.0094,0.025,0,0.0,0.704,Canada_IWLS_NT,0,nein
06476_Atkinson_Point_wlp.csv,69.9500,-131.4167,2025,"Atkinson Point, Northwest Territories, Canada",harmonics-2004-06-14_mod.txt,1,35040,0.0102,0.03,0,0.0,0.701,Canada_IWLS_NT,0,nein
06485_Tuktoyaktuk_wlp.csv,69.4382,-132.9944,2025,"Tuktoyaktuk, Northwest Territories, Canada",harmonics_utide_tidetables.txt,0,35040,0.0108,0.03,0,0.0,0.705,Canada_IWLS_NT,0,nein
06495_Hooper_Island_wlp.csv,69.6833,-134.8333,2025,"Hooper Island, Northwest Territories, Canada",harmonics-2004-06-14_mod.txt,0,35040,0.0095,0.026,0,-0.0,0.52,Canada_IWLS_NT,0,nein
06495_Hooper_Island_wlp.csv,69.6833,-134.8333,2025,"Hooper Island, Northwest Territories, Canada",harmonics_utide_tidetables.txt,0,35040,0.0091,0.021,0,-0.0,0.523,Canada_IWLS_NT,0,nein
06497_Pelly_Island_wlp.csv,69.6167,-135.3667,2025,"Pelly Island, Northwest Territories, Canada",harmonics_utide_tidetables.txt,0,35040,0.003,0.01,0,-0.0,0.488,Canada_IWLS_NT,0,nein
06497_Pelly_Island_wlp.csv,69.6167,-135.3667,2025,"Pelly Island, Northwest Territories, Canada",harmonics-2004-06-14_mod.txt,4,35040,0.0081,0.027,0,-0.0,0.512,Canada_IWLS_NT,0,nein
06955_Mould_Bay_wlp.csv,76.2833,-119.4667,2025,"Mould Bay, Northwest Territories, Canada",harmonics_utide_tidetables.txt,0,35040,0.0035,0.013,0,-0.0,0.546,Canada_IWLS_NT,0,nein
06955_Mould_Bay_wlp.csv,76.2833,-119.4667,2025,"Mould Bay, Northwest Territories, Canada",harmonics-2004-06-14_mod.txt,3,35040,0.0074,0.027,0,-0.0,0.567,Canada_IWLS_NT,0,nein
03765_Alert_wlp.csv,82.4942,-62.3096,2025,"Alert, Nunavut, Canada",harmonics_utide_tidetables.txt,0,35040,0.0129,0.043,0,-0.0,0.952,Canada_IWLS_NU,0,nein
03780_Cape_Sheridan__wlp.csv,82.4553,-61.4481,2025,"Cape Sheridan, Lincoln Sea, Nunavut, Canada",harmonics-2004-06-14_mod.txt,0,35040,0.0115,0.042,0,-0.0,0.941,Canada_IWLS_NU,0,nein
03780_Cape_Sheridan__wlp.csv,82.4553,-61.4481,2025,"Cape Sheridan, Nunavut, Canada",harmonics_utide_tidetables.txt,0,35040,0.0059,0.022,0,0.0,0.92,Canada_IWLS_NU,0,nein
03785_Wrangel_Bay_wlp.csv,82.0000,-62.5000,2025,"Wrangel Bay, Nunavut, Canada",harmonics_utide_tidetables.txt,0,35040,0.0107,0.041,0,-0.0,1.63,Canada_IWLS_NU,0,nein
03790_Discovery_Harbour_wlp.csv,81.7333,-64.7333,2025,"Discovery Harbour, Nunavut, Canada",harmonics_utide_tidetables.txt,0,35040,0.0131,0.049,0,0.0,1.837,Canada_IWLS_NU,0,nein
03790_Discovery_Harbour_wlp.csv,81.7333,-64.7333,2025,"Fort Conger, Discovery Harbour, Ellesmere Island, Nunavut, Canada",harmonics-2004-06-14_mod.txt,3,35040,0.0257,0.094,0,-0.0,1.844,Canada_IWLS_NU,0,nein
03838_Alexandra_Fiord_wlp.csv,78.9118,-75.4795,2025,"Alexandra Fiord, Nunavut, Canada",harmonics_utide_tidetables.txt,0,35040,0.033,0.131,0,0.0,5.064,Canada_IWLS_NU,0,nein
03840_Pim_Island_wlp.csv,78.6717,-74.1717,2025,"Pim Island, Nunavut, Canada",harmonics_utide_tidetables.txt,37,35040,0.0339,0.125,0,0.0,4.491,Canada_IWLS_NU,0,nein
03916_Nova_Zembla_Island_wlp.csv,72.1691,-74.9204,2025,"Nova Zembla Island, Nunavut, Canada",harmonics_utide_tidetables.txt,0,35040,0.0125,0.05,0,-0.0,2.02,Canada_IWLS_NU,0,nein
03940_Clyde_River_wlp.csv,70.4644,-68.5872,2025,"Clyde River, Nunavut, Canada",harmonics_utide_tidetables.txt,442,35040,0.0096,0.038,0,-0.0,1.598,Canada_IWLS_NU,0,nein
03960_Cape_Hooper_wlp.csv,68.4628,-66.8170,2025,"Cape Hooper, Nunavut, Canada",harmonics_utide_tidetables.txt,0,35040,0.0058,0.022,0,0.0,1.107,Canada_IWLS_NU,0,nein
03970_Kivitoo_wlp.csv,67.9300,-64.9300,2025,"Kivitoo, Nunavut, Canada",harmonics_utide_tidetables.txt,0,35040,0.0069,0.029,0,-0.0,1.283,Canada_IWLS_NU,0,nein
03980_Qikiqtarjuaq_wlp.csv,67.5605,-64.0318,2025,"Qikiqtarjuaq, Nunavut, Canada",harmonics_utide_tidetables.txt,125,35040,0.0087,0.039,0,0.0,1.546,Canada_IWLS_NU,0,nein
03995_Cape_Dyer_wlp.csv,66.5583,-61.6594,2025,"Cape Dyer, Baffin Island, Nunavut, Canada",harmonics-2004-06-14_mod.txt,0,35040,0.0357,0.137,0,0.0,2.663,Canada_IWLS_NU,0,nein
03995_Cape_Dyer_wlp.csv,66.5583,-61.6594,2025,"Cape Dyer, Nunavut, Canada",harmonics_utide_tidetables.txt,0,35040,0.0185,0.064,0,-0.0,2.584,Canada_IWLS_NU,0,nein
04029_Pangnirtung_wlp.csv,66.1409,-65.8284,2025,"Pangnirtung, Nunavut, Canada",harmonics_utide_tidetables.txt,0,35040,0.0514,0.188,0,-0.0,7.797,Canada_IWLS_NU,0,nein
04040_Clearwater_Fiord_wlp.csv,66.6000,-67.3167,2025,"Clearwater Fiord (Cumberland Sound), Nunavut, Canada",harmonics_utide_tidetables.txt,0,35040,0.0513,0.176,0,-0.0,7.337,Canada_IWLS_NU,0,nein
04040_Clearwater_Fiord_wlp.csv,66.6000,-67.3167,2025,"Clearwater Fiord (Cumberland Sound), Nunavut, Canada",harmonics-2004-06-14_mod.txt,1,35040,0.1022,0.367,0,0.0,7.556,Canada_IWLS_NU,0,nein
04045_Imigen_Island_wlp.csv,66.0273,-67.0713,2025,"Imigen Island, Nunavut, Canada",harmonics_utide_tidetables.txt,0,35040,0.0517,0.174,0,-0.0,7.324,Canada_IWLS_NU,0,nein
04070_Brevoort_Harbour_wlp.csv,63.3167,-64.1500,2025,"Brevoort Harbour, Nunavut, Canada",harmonics_utide_tidetables.txt,0,35040,0.0406,0.133,0,-0.0,5.807,Canada_IWLS_NU,0,nein
04100_Resor_Island_wlp.csv,63.2149,-67.9904,2025,"Resor Island, Nunavut, Canada",harmonics_utide_tidetables.txt,0,35040,0.0758,0.268,0,0.0,10.995,Canada_IWLS_NU,0,nein
04120_Frobishers_Farthest_wlp.csv,63.4798,-68.0275,2025,"Iqaluit S Farthest, Nunavut, Canada",harmonics-2004-06-14_mod.txt,0,35040,0.2231,0.882,60,0.079,10.598,Canada_IWLS_NU,0,nein
04120_Frobishers_Farthest_wlp.csv,63.4798,-68.0275,2025,"Frobisher's Farthest, Nunavut, Canada",harmonics_utide_tidetables.txt,0,35040,0.0781,0.277,0,0.0,11.496,Canada_IWLS_NU,0,nein
04135_Lewis_Bay_wlp.csv,63.6000,-68.0750,2025,"Lewis Bay, Nunavut, Canada",harmonics_utide_tidetables.txt,0,35040,0.0678,0.249,0,-0.0,9.965,Canada_IWLS_NU,0,nein
04140_Iqaluit_wlp.csv,63.7127,-68.5025,2025,"Iqaluit, Nunavut, Canada",harmonics_utide_tidetables.txt,0,35040,0.0804,0.291,0,0.0,11.813,Canada_IWLS_NU,0,nein
04160_Sorry_Harbour_wlp.csv,61.6167,-64.7333,2025,"Sorry Harbour, Nunavut, Canada",harmonics_utide_tidetables.txt,0,35040,0.0436,0.157,0,0.0,6.217,Canada_IWLS_NU,0,nein
04170_Acadia_Cove_wlp.csv,61.3431,-64.8982,2025,"Acadia Cove, Nunavut, Canada",harmonics_utide_tidetables.txt,0,35040,0.0541,0.199,0,0.0,7.932,Canada_IWLS_NU,0,nein
04205_Kimmirut_wlp.csv,62.7960,-69.7750,2025,"Kimmirut (Lake Harbour), Nunavut, Canada",harmonics-2004-06-14_mod.txt,0,35040,0.1383,0.514,0,-0.59,11.752,Canada_IWLS_NU,0,nein
04205_Kimmirut_wlp.csv,62.7960,-69.7750,2025,"Kimmirut, Nunavut, Canada",harmonics_utide_tidetables.txt,0,35040,0.081,0.291,0,-0.0,11.744,Canada_IWLS_NU,0,nein
04205_Kimmirut_wlp.csv,62.7960,-69.7750,2025,"Kimmirut (Lake Harbour), Nunavut, Canada",harmonics_ticon4_worldwide.txt,5,35040,0.1654,0.629,0,5.964,11.721,Canada_IWLS_NU,0,nein
04215_Ashe_Inlet_wlp.csv,62.5409,-70.5456,2025,"Ashe Inlet, Nunavut, Canada",harmonics_utide_tidetables.txt,0,35040,0.0772,0.279,0,-0.0,11.089,Canada_IWLS_NU,0,nein
04245_Kinngait_wlp.csv,64.2297,-76.4950,2025,"Kinngait, Nunavut, Canada",harmonics_utide_tidetables.txt,0,35040,0.0573,0.216,0,0.0,8.221,Canada_IWLS_NU,0,nein
04255_Schooner_Harbour_wlp.csv,64.4035,-77.8750,2025,"Schooner Harbour (Baffin Island), Nunavut, Canada",harmonics-2004-06-14_mod.txt,0,35040,0.0858,0.293,0,-0.0,6.837,Canada_IWLS_NU,0,nein
04255_Schooner_Harbour_wlp.csv,64.4035,-77.8750,2025,"Schooner Harbour (Baffin Island), Nunavut, Canada",harmonics_utide_tidetables.txt,0,35040,0.0477,0.19,0,-0.0,6.648,Canada_IWLS_NU,0,nein
04265_Port_Burwell_wlp.csv,60.4175,-64.8420,2025,"Port Burwell, Nunavut, Canada",harmonics_utide_tidetables.txt,0,35040,0.0477,0.16,0,-0.0,6.68,Canada_IWLS_NU,0,nein
04480_Digges_Harbour_wlp.csv,62.5614,-77.8698,2025,"Digges Harbour, Nunavut, Canada",harmonics-2004-06-14_mod.txt,0,35040,0.0509,0.185,0,-0.0,3.487,Canada_IWLS_NU,0,nein
04480_Digges_Harbour_wlp.csv,62.5614,-77.8698,2025,"Digges Harbour, Nunavut, Canada",harmonics_utide_tidetables.txt,0,35040,0.0231,0.08,0,-0.0,3.376,Canada_IWLS_NU,0,nein
04490_Port_De_Laperriere_wlp.csv,62.5667,-78.0667,2025,"Port De Laperriere, Nunavut, Canada",harmonics_utide_tidetables.txt,0,35040,0.0218,0.076,0,-0.0,3.174,Canada_IWLS_NU,0,nein
04500_Port_De_Boucherville_wlp.csv,63.1667,-77.5833,2025,"Port De Boucherville, Nunavut, Canada",harmonics_utide_tidetables.txt,0,35040,0.0338,0.135,0,-0.0,4.891,Canada_IWLS_NU,0,nein
04600_Tukarak_Island_wlp.csv,56.3167,-78.8333,2025,"Tukarak Island, Nunavut, Canada",harmonics_utide_tidetables.txt,0,35040,0.0144,0.059,0,-0.0,1.398,Canada_IWLS_NU,0,nein
04610_Innetalling_Island_wlp.csv,55.9000,-79.0667,2025,"Innetalling Island, Nunavut, Canada",harmonics_utide_tidetables.txt,0,35040,0.0146,0.049,0,0.0,1.72,Canada_IWLS_NU,0,nein
04628_Sanikiluaq_wlp.csv,56.6247,-79.2245,2025,"Sanikiluaq, Nunavut, Canada",harmonics_utide_tidetables.txt,0,35040,0.0082,0.033,0,0.0,1.366,Canada_IWLS_NU,0,nein
04648_Bear_Island_wlp.csv,55.1000,-78.3500,2025,"Bear Island, Nunavut, Canada",harmonics_utide_tidetables.txt,0,35040,0.0968,0.325,0,0.011,1.997,Canada_IWLS_NU,0,nein
05040_Arviat_wlp.csv,61.1100,-94.0637,2025,"Arviat, Nunavut, Canada",harmonics_utide_tidetables.txt,298,35040,0.0298,0.111,0,-0.0,3.96,Canada_IWLS_NU,0,nein
05055_Whale_Cove_wlp.csv,62.1667,-92.5667,2025,"Whale Cove, Nunavut, Canada",harmonics_utide_tidetables.txt,0,35040,0.0293,0.11,0,-0.0,3.991,Canada_IWLS_NU,0,nein
05070_Marble_Island_wlp.csv,62.6833,-91.2000,2025,"Marble Island, Nunavut, Canada",harmonics_utide_tidetables.txt,0,35040,0.0394,0.158,0,-0.0,3.801,Canada_IWLS_NU,0,nein
05090_Panorama_Island_wlp.csv,62.7914,-92.0941,2025,"Panorama Island, Nunavut, Canada",harmonics_utide_tidetables.txt,0,35040,0.0348,0.15,0,-0.0,4.654,Canada_IWLS_NU,0,nein
05100_Rankin_Inlet_wlp.csv,62.8167,-92.0667,2025,"Rankin Inlet, Nunavut, Canada",harmonics_utide_tidetables.txt,0,35040,0.0305,0.107,0,-0.0,4.374,Canada_IWLS_NU,0,nein
05140_Chesterfield_Inlet_wlp.csv,63.3299,-90.6846,2025,"Chesterfield Inlet, Nunavut, Canada",harmonics_utide_tidetables.txt,0,35040,0.0382,0.285,0,-0.0,4.622,Canada_IWLS_NU,0,nein
05141_Akreavenek_Island_wlp.csv,63.4173,-90.6665,2025,"Akreavenek Island, Nunavut, Canada",harmonics_utide_tidetables.txt,0,35040,0.0358,0.127,0,0.0,5.033,Canada_IWLS_NU,0,nein
05159_Norton_Island_wlp.csv,64.0000,-94.2167,2025,"Norton Island, Nunavut, Canada",harmonics_utide_tidetables.txt,0,35040,0.0222,0.083,0,-0.0,2.537,Canada_IWLS_NU,0,nein
05159_Norton_Island_wlp.csv,64.0000,-94.2167,2025,"Schooner Cove, Nunavut, Canada",harmonics_utide_tidetables.txt,2801,35040,0.1306,0.355,10,0.39,2.299,Canada_IWLS_NU,0,nein
05160_Chesterfield_Narrows_wlp.csv,63.9915,-94.3026,2025,"Chesterfield Narrows, Nunavut, Canada",harmonics_utide_tidetables.txt,0,35040,0.062,0.207,-10,0.045,1.369,Canada_IWLS_NU,0,nein
05160_Chesterfield_Narrows_wlp.csv,63.9915,-94.3026,2025,"Schooner Cove, Nunavut, Canada",harmonics_utide_tidetables.txt,1678,35040,0.2107,0.633,0,-0.382,2.299,Canada_IWLS_NU,0,nein
05161_Schooner_Cove_wlp.csv,63.9892,-94.2686,2025,"Schooner Cove, Nunavut, Canada",harmonics_utide_tidetables.txt,0,35040,0.0494,0.223,0,0.04,2.299,Canada_IWLS_NU,0,nein
05161_Schooner_Cove_wlp.csv,63.9892,-94.2686,2025,"Chesterfield Narrows, Nunavut, Canada",harmonics_utide_tidetables.txt,1678,35040,0.2251,0.522,0,0.468,1.369,Canada_IWLS_NU,0,nein
05161_Schooner_Cove_wlp.csv,63.9892,-94.2686,2025,"Norton Island, Nunavut, Canada",harmonics_utide_tidetables.txt,2801,35040,0.1314,0.332,0,-0.35,2.537,Canada_IWLS_NU,0,nein
05180_Coral_Harbour_wlp.csv,64.1304,-83.2615,2025,"Coral Harbour, Nunavut, Canada",harmonics_utide_tidetables.txt,0,35040,0.0283,0.137,0,0.0,3.641,Canada_IWLS_NU,0,nein
05190_Cape_Dobbs_wlp.csv,65.1006,-86.9635,2025,"Cape Dobbs, Nunavut, Canada",harmonics_utide_tidetables.txt,0,35040,0.046,0.176,0,0.0,6.76,Canada_IWLS_NU,0,nein
05193_Paliak_Islands_wlp.csv,65.3867,-89.0454,2025,"Paliak Islands, Nunavut, Canada",harmonics_utide_tidetables.txt,0,35040,0.0414,0.141,0,0.0,5.124,Canada_IWLS_NU,0,nein
05195_Bennett_Bay_wlp.csv,65.8753,-89.5286,2025,"Bennett Bay, Nunavut, Canada",harmonics_utide_tidetables.txt,0,35040,0.0428,0.144,0,0.0,5.301,Canada_IWLS_NU,0,nein
05200_Naujaat_wlp.csv,66.5193,-86.3075,2025,"Naujaat, Nunavut, Canada",harmonics_utide_tidetables.txt,0,35040,0.0442,0.195,0,0.0,6.457,Canada_IWLS_NU,0,nein
05275_Sanirajak_wlp.csv,68.7500,-81.2167,2025,"Sanirajak, Nunavut, Canada",harmonics_utide_tidetables.txt,0,35040,0.0116,0.044,0,0.0,1.411,Canada_IWLS_NU,0,nein
05275_Sanirajak_wlp.csv,68.7500,-81.2167,2025,"Hall Beach, Foxe Basin, Nunavut, Canada",harmonics-2004-06-14_mod.txt,1,35040,0.0091,0.037,0,-0.0,1.409,Canada_IWLS_NU,0,nein
05295_Igloolik_wlp.csv,69.3463,-81.7296,2025,"Igloolik, Nunavut, Canada",harmonics_utide_tidetables.txt,0,35040,0.0183,0.073,0,-0.0,2.996,Canada_IWLS_NU,0,nein
05310_Sevigny_Point_wlp.csv,69.7833,-82.1167,2025,"Sevigny Point, Nunavut, Canada",harmonics_utide_tidetables.txt,0,35040,0.0194,0.09,0,-0.0,2.59,Canada_IWLS_NU,0,nein
05330_Purfur_Cove_wlp.csv,69.8364,-84.2540,2025,"Purfur Cove, Nunavut, Canada",harmonics_utide_tidetables.txt,0,35040,0.0752,0.194,0,0.0,3.382,Canada_IWLS_NU,0,nein
05356_Steensby_Inlet_wlp.csv,70.2746,-78.5345,2025,"Steensby Inlet, Nunavut, Canada",harmonics_utide_tidetables.txt,0,35040,0.0334,0.158,0,0.0,4.467,Canada_IWLS_NU,0,nein
05358_Needle_Cove_wlp.csv,69.0903,-79.1123,2025,"Needle Cove, Nunavut, Canada",harmonics_utide_tidetables.txt,0,35040,0.0205,0.079,0,0.0,3.037,Canada_IWLS_NU,0,nein
05385_Longstaff_Bluff_wlp.csv,68.9000,-75.2000,2025,"Longstaff Bluff #1, Nunavut, Canada",harmonics-2004-06-14_mod.txt,0,35040,0.0594,0.245,0,0.0,5.112,Canada_IWLS_NU,0,nein
05385_Longstaff_Bluff_wlp.csv,68.9000,-75.2000,2025,"Longstaff Bluff, Nunavut, Canada",harmonics_utide_tidetables.txt,0,35040,0.0531,0.204,0,-0.0,5.121,Canada_IWLS_NU,0,nein
05430_Dundas_Harbour_wlp.csv,74.5200,-82.4300,2025,"Dundas Harbour, Nunavut, Canada",harmonics_utide_tidetables.txt,0,35040,0.0164,0.063,0,-0.0,2.79,Canada_IWLS_NU,0,nein
05490_Rigby_Bay_wlp.csv,74.5567,-90.1657,2025,"Rigby Bay, Nunavut, Canada",harmonics_utide_tidetables.txt,0,35040,0.0155,0.059,0,0.0,2.63,Canada_IWLS_NU,0,nein
05500_Radstock_Bay_wlp.csv,74.7067,-91.0300,2025,"Radstock Bay, Nunavut, Canada",harmonics_utide_tidetables.txt,0,35040,0.0155,0.058,0,0.0,2.6,Canada_IWLS_NU,0,nein
05510_Beechey_Island_wlp.csv,74.7167,-91.9000,2025,"Beechy Island (Barrow Strait), Nunavut, Canada",harmonics_utide_tidetables.txt,0,35040,0.0146,0.053,0,0.0,2.482,Canada_IWLS_NU,0,nein
05560_Resolute_wlp.csv,74.6557,-94.8758,2025,"Resolute, Nunavut, Canada",harmonics_ticon4_worldwide.txt,1911,35040,0.028,0.092,0,1.001,2.064,Canada_IWLS_NU,0,nein
05560_Resolute_wlp.csv,74.6557,-94.8758,2025,"Resolute, Nunavut, Canada",harmonics_utide_tidetables.txt,1911,35040,0.0145,0.062,0,0.0,2.082,Canada_IWLS_NU,0,nein
05600_Cape_Capel_wlp.csv,75.0319,-98.0833,2025,"Cape Capel, Nunavut, Canada",harmonics_utide_tidetables.txt,0,35040,0.0102,0.04,0,0.0,1.576,Canada_IWLS_NU,0,nein
05615_Hamilton_Island_wlp.csv,74.1917,-99.1600,2025,"Hamilton Island, Nunavut, Canada",harmonics-2004-06-14_mod.txt,0,35040,0.0129,0.05,0,0.0,0.78,Canada_IWLS_NU,0,nein
05615_Hamilton_Island_wlp.csv,74.1917,-99.1600,2025,"Hamilton Island, Nunavut, Canada",harmonics_utide_tidetables.txt,0,35040,0.0053,0.02,0,0.0,0.754,Canada_IWLS_NU,0,nein
05790_Koluktoo_Bay_wlp.csv,72.1066,-80.7443,2025,"Koluktoo Bay, Nunavut, Canada",harmonics_utide_tidetables.txt,0,35040,0.0161,0.065,0,0.0,2.426,Canada_IWLS_NU,0,nein
05791_Milne_Inlet_(head)_wlp.csv,71.8936,-80.8555,2025,"Milne Inlet (head), Nunavut, Canada",harmonics_utide_tidetables.txt,0,35040,0.0162,0.065,0,0.0,2.41,Canada_IWLS_NU,0,nein
05795_Pisiktarfik_Island_wlp.csv,72.5763,-80.3528,2025,"Pisiktarfik Island, Nunavut, Canada",harmonics_utide_tidetables.txt,0,35040,0.0161,0.07,0,-0.0,2.543,Canada_IWLS_NU,0,nein
05800_Pond_Inlet_wlp.csv,72.7000,-77.9667,2025,"Pond Inlet, Nunavut, Canada",harmonics_utide_tidetables.txt,0,35040,0.0154,0.059,0,0.0,2.377,Canada_IWLS_NU,0,nein
05860_Strathcona_Sound_wlp.csv,73.0697,-84.5483,2025,"Strathcona Sound, Nunavut, Canada",harmonics_utide_tidetables.txt,0,35040,0.0198,0.08,0,0.0,2.908,Canada_IWLS_NU,0,nein
05865_Arctic_Bay_wlp.csv,72.9927,-85.0619,2025,"Arctic Bay, Nunavut, Canada",harmonics_utide_tidetables.txt,0,35040,0.0143,0.052,0,0.0,2.24,Canada_IWLS_NU,0,nein
05906_Whaler_Point_wlp.csv,73.8167,-90.2833,2025,"Whaler Point, Nunavut, Canada",harmonics_utide_tidetables.txt,0,35040,0.0191,0.076,0,0.0,2.576,Canada_IWLS_NU,0,nein
05906_Whaler_Point_wlp.csv,73.8167,-90.2833,2025,"Port Leopold, Prince Regent Inlet, Nunavut, Canada",harmonics_noaa_amtt.txt,2122,35040,0.1639,0.504,-10,0.078,2.644,Canada_IWLS_NU,0,nein
05912_Port_Bowen_wlp.csv,73.2800,-89.0417,2025,"Port Bowen, Nunavut, Canada",harmonics_utide_tidetables.txt,0,35040,0.0163,0.062,0,-0.0,2.156,Canada_IWLS_NU,0,nein
05917_Bellot_Strait_East_wlp.csv,72.0167,-94.3333,2025,"Bellot Strait East, Nunavut, Canada",harmonics_utide_tidetables.txt,0,35040,0.0209,0.081,0,-0.0,2.73,Canada_IWLS_NU,0,nein
05918_Fury_Point_wlp.csv,72.9000,-91.7833,2025,"Fury Point, Nunavut, Canada",harmonics_utide_tidetables.txt,0,35040,0.0201,0.073,0,0.0,2.669,Canada_IWLS_NU,0,nein
05930_Fort_Ross_wlp.csv,72.0080,-94.2165,2025,"Fort Ross, Nunavut, Canada",harmonics_utide_tidetables.txt,0,35040,0.0208,0.082,0,-0.0,2.787,Canada_IWLS_NU,0,nein
05935_Cape_Kater_wlp.csv,71.9667,-90.0667,2025,"Cape Kater, Nunavut, Canada",harmonics_utide_tidetables.txt,0,35040,0.0147,0.06,0,-0.0,2.094,Canada_IWLS_NU,0,nein
05940_Cape_Augherston_wlp.csv,71.3735,-93.0100,2025,"Cape Augherston, Nunavut, Canada",harmonics_utide_tidetables.txt,0,35040,0.0183,0.077,0,-0.0,2.702,Canada_IWLS_NU,0,nein
05948_Lavoie_Islands_wlp.csv,71.0200,-87.6085,2025,"Lavoie Islands, Nunavut, Canada",harmonics_utide_tidetables.txt,0,35040,0.0207,0.068,0,-0.0,2.221,Canada_IWLS_NU,0,nein
05960_Martin_Islands_wlp.csv,70.3167,-91.6667,2025,"Martin Islands, Nunavut, Canada",harmonics_utide_tidetables.txt,0,35040,0.0198,0.076,0,-0.0,2.693,Canada_IWLS_NU,0,nein
05970_Crown_Prince_Frederik_Island_wlp.csv,69.9972,-87.1000,2025,"Crown Prince Frederik Island, Nunavut, Canada",harmonics_utide_tidetables.txt,0,35040,0.0275,0.084,0,-0.0,2.473,Canada_IWLS_NU,0,nein
05975_Cape_Chapman_wlp.csv,69.2747,-89.2403,2025,"Cape Chapman, Nunavut, Canada",harmonics_utide_tidetables.txt,0,35040,0.0236,0.093,0,-0.0,2.893,Canada_IWLS_NU,0,nein
05976_Cape_Berens_wlp.csv,69.0667,-90.6333,2025,"Cape Berens, Nunavut, Canada",harmonics_utide_tidetables.txt,0,35040,0.0259,0.098,0,-0.0,3.148,Canada_IWLS_NU,0,nein
05978_Cape_Miles_wlp.csv,69.3330,-85.4317,2025,"Cape Miles, Nunavut, Canada",harmonics_utide_tidetables.txt,0,35040,0.0296,0.09,0,-0.0,2.773,Canada_IWLS_NU,0,nein
05985_Kugaaruk_wlp.csv,68.5271,-89.8488,2025,"Kugaaruk, Nunavut, Canada",harmonics_utide_tidetables.txt,0,35040,0.0268,0.106,0,0.0,3.85,Canada_IWLS_NU,0,nein
05992_Cape_Barclay_wlp.csv,68.2333,-88.1333,2025,"Cape Barclay, Nunavut, Canada",harmonics_utide_tidetables.txt,0,35040,0.0273,0.103,0,-0.0,3.81,Canada_IWLS_NU,0,nein
05998_Dease_Peninsula_wlp.csv,67.2667,-87.1500,2025,"Dease Peninsula, Nunavut, Canada",harmonics_utide_tidetables.txt,0,35040,0.0422,0.152,0,-0.0,4.175,Canada_IWLS_NU,0,nein
06100_False_Strait_wlp.csv,71.9833,-95.1667,2025,"False Strait, Nunavut, Canada",harmonics_utide_tidetables.txt,0,35040,0.0081,0.028,0,-0.0,0.961,Canada_IWLS_NU,0,nein
06140_Cape_Felix_wlp.csv,69.9465,-97.9096,2025,"Cape Felix, Nunavut, Canada",harmonics_utide_tidetables.txt,0,35040,0.012,0.048,0,0.0,1.685,Canada_IWLS_NU,0,nein
06144_Oscar_Bay_wlp.csv,69.7798,-95.8339,2025,"Oscar Bay, Nunavut, Canada",harmonics_utide_tidetables.txt,0,35040,0.0113,0.053,0,-0.0,1.619,Canada_IWLS_NU,0,nein
06150_Taloyoak_wlp.csv,69.5296,-93.5369,2025,"Taloyoak, Nunavut, Canada",harmonics_utide_tidetables.txt,126,35040,0.0042,0.015,0,-0.0,0.522,Canada_IWLS_NU,0,nein
06160_Shepherd_Bay_wlp.csv,68.7667,-93.5667,2025,"Shepherd Bay, Nunavut, Canada",harmonics_utide_tidetables.txt,2023,35040,0.0021,0.007,0,0.0,0.303,Canada_IWLS_NU,0,nein
06170_Gjoa_Haven_wlp.csv,68.6172,-95.8881,2025,"Gjoa Haven, Nunavut, Canada",harmonics_utide_tidetables.txt,0,35040,0.0066,0.02,0,-0.0,0.669,Canada_IWLS_NU,0,nein
06210_Gladman_Point_wlp.csv,68.6484,-97.7374,2025,"Gladman Point, Nunavut, Canada",harmonics_utide_tidetables.txt,0,35040,0.0052,0.019,0,-0.0,0.551,Canada_IWLS_NU,0,nein
06213_Island_NE_of_MClintock_Point_wlp.csv,69.3486,-99.9634,2025,"Island NE of M'Clintock Point, Nunavut, Canada",harmonics_utide_tidetables.txt,0,35040,0.01,0.042,0,-0.0,1.589,Canada_IWLS_NU,0,nein
06225_Jenny_Lind_Island_wlp.csv,68.6533,-101.7567,2025,"Jenny Lind Island, Nunavut, Canada",harmonics_utide_tidetables.txt,0,35040,0.0059,0.024,0,0.0,0.646,Canada_IWLS_NU,0,nein
06240_Cambridge_Bay_wlp.csv,69.1167,-105.0667,2025,"Cambridge Bay, Nunavut, Canada",harmonics_utide_tidetables.txt,0,35040,0.0082,0.024,0,0.0,0.832,Canada_IWLS_NU,0,nein
06284_Austin_Bay_wlp.csv,68.5335,-113.3005,2025,"Austin Bay, Nunavut, Canada",harmonics_utide_tidetables.txt,0,35040,0.0053,0.017,0,-0.0,0.523,Canada_IWLS_NU,0,nein
06285_Black_Berry_Island_wlp.csv,68.2405,-113.3360,2025,"Black Berry Island, Nunavut, Canada",harmonics_utide_tidetables.txt,0,35040,0.0033,0.015,0,0.0,0.432,Canada_IWLS_NU,0,nein
06310_Bernard_Harbour_wlp.csv,68.7840,-114.7585,2025,"Bernard Harbour, Nunavut, Canada",harmonics_utide_tidetables.txt,0,35040,0.0042,0.016,0,0.0,0.693,Canada_IWLS_NU,0,nein
06560_Cape_Skogn_wlp.csv,75.7639,-84.2161,2025,"Cape Skogn, Nunavut, Canada",harmonics_utide_tidetables.txt,0,35040,0.0243,0.106,0,-0.0,3.575,Canada_IWLS_NU,0,nein
06570_Grise_Fiord_wlp.csv,76.4197,-83.1331,2025,"Grise Fiord, Nunavut, Canada",harmonics-2004-06-14_mod.txt,0,35040,0.0449,0.173,0,0.0,3.741,Canada_IWLS_NU,0,nein
06570_Grise_Fiord_wlp.csv,76.4197,-83.1331,2025,"Grise Fiord, Nunavut, Canada",harmonics_utide_tidetables.txt,0,35040,0.0318,0.121,0,-0.0,3.651,Canada_IWLS_NU,0,nein
06580_Bay_of_Woe_wlp.csv,76.4167,-89.0167,2025,"Bay of Woe, Nunavut, Canada",harmonics_utide_tidetables.txt,0,35040,0.0212,0.09,0,0.0,3.286,Canada_IWLS_NU,0,nein
06640_Eureka_wlp.csv,79.9851,-85.9090,2025,"Eureka, Nunavut, Canada",harmonics_utide_tidetables.txt,0,35040,0.0079,0.021,0,0.0,0.53,Canada_IWLS_NU,0,nein
06660_Iceberg_Point_wlp.csv,80.4167,-86.1667,2025,"Iceberg Point, Nunavut, Canada",harmonics-2004-06-14_mod.txt,0,35040,0.006,0.019,0,0.0,0.307,Canada_IWLS_NU,0,nein
06660_Iceberg_Point_wlp.csv,80.4167,-86.1667,2025,"Iceberg Point, Nunavut, Canada",harmonics_utide_tidetables.txt,0,35040,0.0038,0.011,0,0.0,0.292,Canada_IWLS_NU,0,nein
06670_Greely_Fiord_wlp.csv,80.6000,-79.5833,2025,"Greely Fiord, Nunavut, Canada",harmonics_utide_tidetables.txt,0,35040,0.0132,0.025,0,-0.0,0.443,Canada_IWLS_NU,0,nein
06670_Greely_Fiord_wlp.csv,80.6000,-79.5833,2025,"Greely Fiord, Nunavut, Canada",harmonics-2004-06-14_mod.txt,1,35040,0.0113,0.034,0,0.0,0.449,Canada_IWLS_NU,0,nein
06730_Disreali_Fiord_wlp.csv,82.8833,-73.5000,2025,"Disreali Fiord, Nunavut, Canada",harmonics_utide_tidetables.txt,0,35040,0.0021,0.008,0,-0.0,0.211,Canada_IWLS_NU,0,nein
06730_Disreali_Fiord_wlp.csv,82.8833,-73.5000,2025,"Disraeli Fiord, Nunavut, Canada",harmonics-2004-06-14_mod.txt,3,35040,0.0028,0.011,0,-0.0,0.21,Canada_IWLS_NU,0,nein
06735_Cape_Aldrich_wlp.csv,83.1167,-69.6667,2025,"Cape Aldrich, Nunavut, Canada",harmonics-2004-06-14_mod.txt,0,35040,0.0055,0.02,0,-0.0,0.486,Canada_IWLS_NU,0,nein
06735_Cape_Aldrich_wlp.csv,83.1167,-69.6667,2025,"Cape Aldrich, Nunavut, Canada",harmonics_utide_tidetables.txt,0,35040,0.0029,0.011,0,-0.0,0.477,Canada_IWLS_NU,0,nein
06758_Little_Cornwallis_Island_wlp.csv,75.3833,-96.9500,2025,"Little Cornwallis Island, Nunavut, Canada",harmonics_utide_tidetables.txt,0,35040,0.0131,0.049,0,0.0,1.715,Canada_IWLS_NU,0,nein
06758_Little_Cornwallis_Island_wlp.csv,75.3833,-96.9500,2025,"Little Cornwallis, Nunavut, Canada",harmonics_ticon4_worldwide.txt,7,35040,0.0213,0.095,0,0.0,1.732,Canada_IWLS_NU,0,nein
06765_Airstrip_Point_wlp.csv,76.0702,-97.5900,2025,"Airstrip Point, Nunavut, Canada",harmonics-2004-06-14_mod.txt,0,35040,0.0218,0.083,0,0.0,1.508,Canada_IWLS_NU,0,nein
06765_Airstrip_Point_wlp.csv,76.0702,-97.5900,2025,"Airstrip Point, Nunavut, Canada",harmonics_utide_tidetables.txt,0,35040,0.0194,0.055,0,0.0,1.481,Canada_IWLS_NU,0,nein
06780_Northumberland_Sound_wlp.csv,76.8667,-96.7000,2025,"Northumberland Sound, Nunavut, Canada",harmonics_utide_tidetables.txt,0,35040,0.0049,0.02,0,0.0,0.837,Canada_IWLS_NU,0,nein
06780_Northumberland_Sound_wlp.csv,76.8667,-96.7000,2025,"Northumberland Sound, Nunavut, Canada",harmonics-2004-06-14_mod.txt,3,35040,0.0105,0.04,0,0.0,0.852,Canada_IWLS_NU,0,nein
06787_Cameron_Island_wlp.csv,76.3167,-104.0333,2025,"Cameron Island, Nunavut, Canada",harmonics_utide_tidetables.txt,0,35040,0.0046,0.019,0,0.0,0.641,Canada_IWLS_NU,0,nein
06910_Isachsen_wlp.csv,78.7801,-103.5078,2025,"Isachsen, Nunavut, Canada",harmonics-2004-06-14_mod.txt,1,35040,0.0065,0.025,0,0.0,0.386,Canada_IWLS_NU,0,nein
06910_Isachsen_wlp.csv,78.7801,-103.5078,2025,"Isachsen, Nunavut, Canada",harmonics_utide_tidetables.txt,1,35040,0.0022,0.008,0,-0.0,0.367,Canada_IWLS_NU,0,nein
04730_Charlton_Island_wlp.csv,51.9667,-79.3000,2025,"Charlton Island, Ontario, Canada",harmonics_utide_tidetables.txt,0,35040,0.0139,0.048,0,-0.0,2.051,Canada_IWLS_ON,0,nein
04730_Charlton_Island_wlp.csv,51.9667,-79.3000,2025,"Charlton Island, Nunavut, Canada",harmonics-2004-06-14_mod.txt,3,35040,0.0275,0.096,0,0.0,2.094,Canada_IWLS_ON,0,nein
04730_Charlton_Island_wlp.csv,51.9667,-79.3000,2025,"Charlton Island, James Bay, Nunavut, Canada",harmonics_noaa_amtt.txt,2940,34999,0.2512,0.937,720,0.039,2.392,Canada_IWLS_ON,0,nein
04740_Stag_Island_wlp.csv,51.6333,-79.0333,2025,"Stag Island, Ontario, Canada",harmonics_utide_tidetables.txt,0,35040,0.0199,0.069,0,-0.0,2.793,Canada_IWLS_ON,0,nein
04780_Sand_Head_wlp.csv,51.4167,-80.3500,2025,"Sand Head, Nunavut, Canada",harmonics_utide_tidetables.txt,0,35040,0.0217,0.086,0,0.0,3.365,Canada_IWLS_ON,0,nein
04790_Ship_Sands_Island_wlp.csv,51.3333,-80.4333,2025,"Ship Sands Island, Nunavut, Canada",harmonics-2004-06-14_mod.txt,0,35040,0.0326,0.121,0,0.0,2.405,Canada_IWLS_ON,0,nein
04790_Ship_Sands_Island_wlp.csv,51.3333,-80.4333,2025,"Ship Sands Island, Ontario, Canada",harmonics_utide_tidetables.txt,0,35040,0.0165,0.066,0,-0.0,2.334,Canada_IWLS_ON,0,nein
04800_Nicholson_Creek_wlp.csv,51.3000,-80.5667,2025,"Nicholson Creek, Ontario, Canada",harmonics_utide_tidetables.txt,0,35040,0.0145,0.058,0,-0.0,2.047,Canada_IWLS_ON,0,nein
04810_Moosonee_wlp.csv,51.2833,-80.6333,2025,"Moosonee, Ontario, Canada",harmonics_utide_tidetables.txt,703,35040,0.0186,0.093,0,-0.0,1.994,Canada_IWLS_ON,0,nein
04840_Fort_Albany_wlp.csv,52.2189,-81.6356,2025,"Fort Albany, Ontario, Canada",harmonics_utide_tidetables.txt,0,35040,0.019,0.059,0,-0.0,2.477,Canada_IWLS_ON,0,nein
04880_Bear_Island_wlp.csv,54.3533,-81.0833,2025,"Bear Island, Nunavut, Canada",harmonics_utide_tidetables.txt,0,35040,0.2268,0.488,20,0.235,1.997,Canada_IWLS_ON,0,nein
04920_Winisk_wlp.csv,55.2833,-85.1000,2025,"Winisk, Ontario, Canada",harmonics_utide_tidetables.txt,0,35040,0.024,0.083,0,-0.0,3.249,Canada_IWLS_ON,0,nein
01960_Anse_à_la_Cabane_wlp.csv,47.2177,-61.9854,2025,"Anse à la Cabane, Québec, Canada",harmonics_utide_tidetables.txt,0,35040,0.0135,0.107,0,0.0,0.909,Canada_IWLS_QC,0,nein
01964_Havre-Aubert_wlp.csv,47.2352,-61.8281,2025,"Havre Aubert (Amherst), Québec, Canada",harmonics_utide_tidetables.txt,0,35040,0.0129,0.042,0,0.0,1.092,Canada_IWLS_QC,0,nein
01964_Havre-Aubert_wlp.csv,47.2352,-61.8281,2025,"Havre Aubert (Amherst), Québec, Canada",harmonics-2004-06-14_mod.txt,90,35040,0.0378,0.124,0,0.015,1.019,Canada_IWLS_QC,0,nein
01966_Île_dEntrée_wlp.csv,47.2774,-61.7186,2025,"Île d'Entrée, Québec, Canada",harmonics_utide_tidetables.txt,0,35040,0.0069,0.03,0,-0.0,1.098,Canada_IWLS_QC,0,nein
01970_Cap-aux-Meules_wlp.csv,47.3789,-61.8573,2025,"Cap-aux-Meules, Québec, Canada",harmonics_utide_tidetables.txt,0,35040,0.0176,0.122,0,-0.0,1.082,Canada_IWLS_QC,0,nein
01976_Havre-aux-Maisons_wlp.csv,47.4053,-61.8360,2025,"Havre-aux-Maisons, Québec, Canada",harmonics_utide_tidetables.txt,0,35040,0.0109,0.053,0,-0.0,0.819,Canada_IWLS_QC,0,nein
01981_Pointe-Basse_wlp.csv,47.3898,-61.7890,2025,"Pointe-Basse, Québec, Canada",harmonics_utide_tidetables.txt,1,35040,0.0073,0.033,0,0.0,1.021,Canada_IWLS_QC,0,nein
01985_Grande-Entrée_wlp.csv,47.5558,-61.5590,2025,"Grande-Entrée, Québec, Canada",harmonics_utide_tidetables.txt,0,35040,0.0064,0.027,0,0.0,0.993,Canada_IWLS_QC,0,nein
01986_Old-Harry_wlp.csv,47.5707,-61.4671,2025,"Old-Harry, Québec, Canada",harmonics_utide_tidetables.txt,1,35040,0.0056,0.023,0,0.0,0.988,Canada_IWLS_QC,0,nein
01987_Leslie_wlp.csv,47.6278,-61.5157,2025,"Leslie, Québec, Canada",harmonics_utide_tidetables.txt,0,35040,0.012,0.087,0,-0.0,0.783,Canada_IWLS_QC,0,nein
01987_Leslie_wlp.csv,47.6278,-61.5157,2025,"Leslie, Québec, Canada",harmonics-2004-06-14_mod.txt,3,35040,0.0237,0.069,0,0.143,0.772,Canada_IWLS_QC,0,nein
01988_Grosse_Île_-_Mine_Seleine_wlp.csv,47.6107,-61.5601,2025,"Grosse Île - Mine Seleine, Québec, Canada",harmonics_utide_tidetables.txt,0,35040,0.0221,0.063,0,-0.0,1.268,Canada_IWLS_QC,0,nein
01990_LÉtang-du-Nord_wlp.csv,47.3700,-61.9589,2025,"L'Étang-du-Nord, Québec, Canada",harmonics_utide_tidetables.txt,0,35040,0.0062,0.021,0,-0.0,0.951,Canada_IWLS_QC,0,nein
02196_Miguasha_wlp.csv,48.0988,-66.3471,2025,"Miguasha, Québec, Canada",harmonics_utide_tidetables.txt,1,35040,0.0182,0.065,0,-0.0,3.075,Canada_IWLS_QC,0,nein
02200_Carleton_wlp.csv,48.1002,-66.1309,2025,"Carleton-sur-Mer, Québec, Canada",harmonics_utide_tidetables.txt,0,35040,0.0191,0.07,0,0.0,2.861,Canada_IWLS_QC,0,nein
02200_Carleton_wlp.csv,48.1002,-66.1309,2025,"Carleton Point, Québec, Canada",harmonics_noaa_amtt.txt,2154,34999,0.3504,1.056,720,0.005,3.205,Canada_IWLS_QC,0,nein
02215_Pointe_Howatson_wlp.csv,48.1378,-65.8368,2025,"Pointe Howatson, Québec, Canada",harmonics_utide_tidetables.txt,1,35040,0.0168,0.061,0,-0.0,2.692,Canada_IWLS_QC,0,nein
02230_Bonaventure_wlp.csv,48.0376,-65.4811,2025,"Bonaventure, Québec, Canada",harmonics_utide_tidetables.txt,0,35040,0.0174,0.07,0,-0.0,2.418,Canada_IWLS_QC,0,nein
02235_Paspébiac_wlp.csv,48.0187,-65.2574,2025,"Paspébiac, Québec, Canada",harmonics_utide_tidetables.txt,0,35040,0.0143,0.056,0,-0.0,2.355,Canada_IWLS_QC,0,nein
02240_Saint-Godefroi_wlp.csv,48.0738,-65.1134,2025,"Saint-Godefroi, Québec, Canada",harmonics_utide_tidetables.txt,0,35040,0.0135,0.057,0,-0.0,2.225,Canada_IWLS_QC,0,nein
02250_Port-Daniel-Gascons_wlp.csv,48.1826,-64.9614,2025,"Port-Daniel-Gascons, Québec, Canada",harmonics_utide_tidetables.txt,0,35040,0.0124,0.053,0,-0.0,2.069,Canada_IWLS_QC,0,nein
02253_Gascons_wlp.csv,48.1907,-64.8615,2025,"Gascons, Québec, Canada",harmonics_utide_tidetables.txt,0,35040,0.0121,0.048,0,-0.0,2.006,Canada_IWLS_QC,0,nein
02260_Newport_wlp.csv,48.2844,-64.7193,2025,"Newport, Québec, Canada",harmonics_utide_tidetables.txt,0,35040,0.0097,0.035,0,-0.0,1.722,Canada_IWLS_QC,0,nein
02269_Chandler_wlp.csv,48.3421,-64.6571,2025,"Chandler, Québec, Canada",harmonics_utide_tidetables.txt,0,35040,0.0146,0.06,0,-0.0,2.073,Canada_IWLS_QC,0,nein
02279_Grande-Rivière_wlp.csv,48.3927,-64.4925,2025,"Grande-Rivière, Québec, Canada",harmonics_utide_tidetables.txt,0,35040,0.0104,0.041,0,0.0,1.915,Canada_IWLS_QC,0,nein
02285_Sainte-Thérèse-de-Gaspé_wlp.csv,48.4150,-64.3952,2025,"Sainte-Thérèse-de-Gaspé, Québec, Canada",harmonics_utide_tidetables.txt,0,35040,0.0144,0.058,0,-0.0,1.991,Canada_IWLS_QC,0,nein
02290_Cap-dEspoir_wlp.csv,48.4147,-64.3274,2025,"Cap-d'Espoir, Québec, Canada",harmonics_utide_tidetables.txt,0,35040,0.0106,0.045,0,-0.0,1.681,Canada_IWLS_QC,0,nein
02295_LAnse-à-Beaufils_wlp.csv,48.4722,-64.3078,2025,"L'Anse-à-Beaufils, Québec, Canada",harmonics_utide_tidetables.txt,0,35040,0.0102,0.044,0,0.0,1.785,Canada_IWLS_QC,0,nein
02309_Mal-Bay_wlp.csv,48.6201,-64.2000,2025,"Mal-Bay, Québec, Canada",harmonics_utide_tidetables.txt,0,35040,0.0142,0.048,0,-0.0,1.79,Canada_IWLS_QC,0,nein
02309_Mal-Bay_wlp.csv,48.6201,-64.2000,2025,"Point St. Peter, Québec, Canada",harmonics_noaa_amtt.txt,2851,35000,0.2331,0.711,710,0.079,1.751,Canada_IWLS_QC,0,nein
02309_Mal-Bay_wlp.csv,48.6201,-64.2000,2025,"Pointe Saint-Pierre, Québec, Canada",harmonics_utide_tidetables.txt,2901,35040,0.0834,0.285,0,0.081,1.87,Canada_IWLS_QC,0,nein
02310_Pointe_Saint-Pierre_wlp.csv,48.6334,-64.1660,2025,"Pointe Saint-Pierre, Québec, Canada",harmonics_utide_tidetables.txt,0,35040,0.013,0.149,0,-0.0,1.87,Canada_IWLS_QC,0,nein
02310_Pointe_Saint-Pierre_wlp.csv,48.6334,-64.1660,2025,"Point St. Peter, Québec, Canada",harmonics_noaa_amtt.txt,52,35000,0.2377,0.712,710,-0.003,1.751,Canada_IWLS_QC,0,nein
02310_Pointe_Saint-Pierre_wlp.csv,48.6334,-64.1660,2025,"Mal-Bay, Québec, Canada",harmonics_utide_tidetables.txt,2901,35040,0.0808,0.286,0,-0.081,1.79,Canada_IWLS_QC,0,nein
02314_LAnse-à-Brillant_wlp.csv,48.7206,-64.2906,2025,"L'Anse-à-Brillant, Québec, Canada",harmonics_utide_tidetables.txt,0,35040,0.0129,0.051,0,0.0,1.916,Canada_IWLS_QC,0,nein
02319_Sandy_Beach_wlp.csv,48.8259,-64.4407,2025,"Sandy Beach, Québec, Canada",harmonics_utide_tidetables.txt,0,35040,0.0117,0.045,0,0.0,1.933,Canada_IWLS_QC,0,nein
02319_Sandy_Beach_wlp.csv,48.8259,-64.4407,2025,"Gaspé, Québec, Canada",harmonics-2004-06-14_mod.txt,2527,35040,0.0575,0.205,-10,0.031,1.819,Canada_IWLS_QC,0,nein
02319_Sandy_Beach_wlp.csv,48.8259,-64.4407,2025,"Gaspé, Québec, Canada",harmonics-2004-06-14_mod.txt,2527,35040,0.0575,0.205,-10,0.031,1.819,Canada_IWLS_QC,0,nein
02330_Rivière-au-Renard_wlp.csv,48.9970,-64.3805,2025,"Rivière-au-Renard, Québec, Canada",harmonics_utide_observations.txt,0,35040,0.0245,0.094,0,-0.08,2.244,Canada_IWLS_QC,0,nein
02330_Rivière-au-Renard_wlp.csv,48.9970,-64.3805,2025,"Rivière-au-Renard, Québec, Canada",harmonics_utide_tidetables.txt,0,35040,0.0132,0.052,0,0.0,2.255,Canada_IWLS_QC,0,nein
02330_Rivière-au-Renard_wlp.csv,48.9970,-64.3805,2025,"Riviere-au-Renard, Québec, Canada",harmonics-dwf-20100529-nonfree_mod.txt,15,35040,0.0211,0.084,0,-0.004,2.262,Canada_IWLS_QC,0,nein
02335_LAnse-à-Valleau_wlp.csv,49.0810,-64.5447,2025,"L'Anse-à-Valleau, Québec, Canada",harmonics_utide_tidetables.txt,0,35040,0.0126,0.046,0,-0.0,2.209,Canada_IWLS_QC,0,nein
02340_Cloridorme_wlp.csv,49.1858,-64.8478,2025,"Cloridorme, Québec, Canada",harmonics_utide_tidetables.txt,0,35040,0.0143,0.054,0,0.0,2.421,Canada_IWLS_QC,0,nein
02350_Grande-Vallée_wlp.csv,49.2298,-65.1345,2025,"Grande-Vallée, Québec, Canada",harmonics_utide_tidetables.txt,0,35040,0.0231,0.083,0,-0.0,2.515,Canada_IWLS_QC,0,nein
02360_Port-Menier_wlp.csv,49.8117,-64.3667,2025,"Port-Menier, Québec, Canada",harmonics_utide_tidetables.txt,0,35040,0.0198,0.082,0,-0.0,2.781,Canada_IWLS_QC,0,nein
02375_Pointe_du_Sud-Ouest_wlp.csv,49.3950,-63.5900,2025,"Pointe-Sud-Ouest (Île d'Anticosti), Québec, Canada",harmonics-2004-06-14_mod.txt,0,35039,0.1919,0.556,-150,0.305,1.418,Canada_IWLS_QC,0,nein
02375_Pointe_du_Sud-Ouest_wlp.csv,49.3950,-63.5900,2025,"Pointe-Sud-Ouest (Île d'Anticosti), Québec, Canada",harmonics_utide_tidetables.txt,0,35040,0.0131,0.05,0,0.0,2.22,Canada_IWLS_QC,0,nein
02415_Baie_du_Renard_wlp.csv,49.2817,-61.8340,2025,"Baie du Renard, Québec, Canada",harmonics_utide_tidetables.txt,0,35040,0.01,0.047,0,0.0,1.495,Canada_IWLS_QC,0,nein
02470_Mingan_wlp.csv,50.2892,-64.0202,2025,"Mingan, Québec, Canada",harmonics_utide_tidetables.txt,0,35040,0.0168,0.069,0,-0.0,2.549,Canada_IWLS_QC,0,nein
02470_Mingan_wlp.csv,50.2892,-64.0202,2025,"Mingan, Québec, Canada",harmonics_noaa_amtt.txt,2437,35040,0.1848,0.537,-20,-0.08,2.679,Canada_IWLS_QC,0,nein
02480_Havre-Saint-Pierre_wlp.csv,50.2371,-63.6092,2025,"Havre-Saint-Pierre, Québec, Canada",harmonics_utide_tidetables.txt,1,35040,0.0155,0.057,0,0.0,2.266,Canada_IWLS_QC,0,nein
02490_Baie-Johan-Beetz_wlp.csv,50.2837,-62.8102,2025,"Baie-Johan-Beetz, Québec, Canada",harmonics_utide_tidetables.txt,0,35040,0.0137,0.054,0,0.0,1.993,Canada_IWLS_QC,0,nein
02510_Natashquan_wlp.csv,50.1892,-61.8415,2025,"Natashquan, Québec, Canada",harmonics_utide_tidetables.txt,0,35040,0.011,0.043,0,-0.0,1.914,Canada_IWLS_QC,0,nein
02518_Kegaska_wlp.csv,50.1843,-61.2639,2025,"Kegaska, Québec, Canada",harmonics_utide_tidetables.txt,0,35040,0.0123,0.05,0,0.0,1.889,Canada_IWLS_QC,0,nein
02530_Gethsémani_wlp.csv,50.2121,-60.6893,2025,"La Romaine (Gethsémani), Québec, Canada",harmonics_utide_tidetables.txt,0,35040,0.0098,0.039,0,0.0,1.641,Canada_IWLS_QC,0,nein
02550_Harrington_Harbour_wlp.csv,50.4963,-59.4760,2025,"Harrington Harbour, Québec, Canada",harmonics_utide_tidetables.txt,0,35040,0.0131,0.054,0,0.0,2.216,Canada_IWLS_QC,0,nein
02554_Tête-à-la-Baleine_wlp.csv,50.6800,-59.2400,2025,"Tête-à-la-Baleine, Québec, Canada",harmonics_utide_tidetables.txt,0,35040,0.0131,0.054,0,0.0,2.104,Canada_IWLS_QC,0,nein
02556_Baie_des_Moutons_wlp.csv,50.7693,-59.0323,2025,"Baie des Moutons, Québec, Canada",harmonics_utide_tidetables.txt,0,35040,0.0134,0.054,0,0.0,2.133,Canada_IWLS_QC,0,nein
02558_La_Tabatière_wlp.csv,50.8383,-58.9729,2025,"La Tabatière, Québec, Canada",harmonics_utide_tidetables.txt,0,35040,0.0134,0.047,0,0.0,2.195,Canada_IWLS_QC,0,nein
02564_Saint-Augustin_wlp.csv,51.1763,-58.5347,2025,"Saint-Augustin, Québec, Canada",harmonics_utide_tidetables.txt,0,35040,0.0148,0.059,0,0.0,2.202,Canada_IWLS_QC,0,nein
02750_Rivière-au-Tonnerre_wlp.csv,50.2733,-64.7610,2025,"Rivière-au-Tonnerre, Québec, Canada",harmonics_utide_tidetables.txt,0,35040,0.0178,0.072,0,-0.0,2.925,Canada_IWLS_QC,0,nein
02780_Sept-Îles_wlp.csv,50.2004,-66.3851,2025,"Sept-Îles, Québec, Canada",harmonics_utide_tidetables.txt,0,35040,0.0219,0.087,0,0.0,3.586,Canada_IWLS_QC,0,nein
02780_Sept-Îles_wlp.csv,50.2004,-66.3851,2025,"Sept-Îles, Québec, Canada",harmonics-dwf-20100529-nonfree_mod.txt,16,35040,0.0254,0.091,0,-0.048,3.594,Canada_IWLS_QC,0,nein
02780_Sept-Îles_wlp.csv,50.2004,-66.3851,2025,"Sept Iles, Québec, Canada",harmonics_noaa_amtt.txt,2103,35040,0.2637,0.763,10,0.054,3.769,Canada_IWLS_QC,0,nein
02790_Port-Cartier_wlp.csv,50.0325,-66.7875,2025,"Port-Cartier, Québec, Canada",harmonics_utide_tidetables.txt,0,35040,0.0231,0.099,0,-0.0,3.608,Canada_IWLS_QC,0,nein
02815_Baie-Trinité_wlp.csv,49.4217,-67.2824,2025,"Baie-Trinité, Québec, Canada",harmonics_utide_tidetables.txt,217,35040,0.0248,0.098,0,-0.0,3.885,Canada_IWLS_QC,0,nein
02826_Godbout_wlp.csv,49.3222,-67.5927,2025,"Godbout, Québec, Canada",harmonics_utide_tidetables.txt,0,35040,0.0319,0.11,0,0.0,4.034,Canada_IWLS_QC,0,nein
02840_Baie-Comeau_wlp.csv,49.2313,-68.1310,2025,"Baie-Comeau, Québec, Canada",harmonics_utide_tidetables.txt,0,35040,0.0284,0.14,0,0.0,4.408,Canada_IWLS_QC,0,nein
02880_Forestville_wlp.csv,48.7383,-69.0522,2025,"Forestville, Québec, Canada",harmonics_utide_tidetables.txt,0,35040,0.0319,0.117,0,-0.0,5.082,Canada_IWLS_QC,0,nein
02883_Portneuf-sur-Mer_wlp.csv,48.6408,-69.0933,2025,"Portneuf-sur-Mer, Québec, Canada",harmonics_utide_tidetables.txt,0,35040,0.0299,0.121,0,-0.0,4.498,Canada_IWLS_QC,0,nein
02900_Les_Escoumins_wlp.csv,48.3462,-69.3888,2025,"Les Escoumins, Québec, Canada",harmonics_utide_tidetables.txt,23,35040,0.0343,0.136,0,-0.0,5.2,Canada_IWLS_QC,0,nein
02920_Mont-Louis_wlp.csv,49.2352,-65.7375,2025,"Mont-Louis, Québec, Canada",harmonics_utide_tidetables.txt,0,35040,0.0296,0.1,0,-0.0,3.117,Canada_IWLS_QC,0,nein
02933_Petite-Tourelle_wlp.csv,49.1678,-66.3728,2025,"Petite-Tourelle, Québec, Canada",harmonics_utide_tidetables.txt,0,35040,0.0217,0.102,0,-0.0,3.361,Canada_IWLS_QC,0,nein
02935_Sainte-Anne-des-Monts_wlp.csv,49.1340,-66.4858,2025,"Sainte-Anne-des-Monts, Québec, Canada",harmonics_utide_tidetables.txt,0,35040,0.0226,0.087,0,0.0,3.68,Canada_IWLS_QC,0,nein
02935_Sainte-Anne-des-Monts_wlp.csv,49.1340,-66.4858,2025,"Ste-Anne-Des-Monts, Québec, Canada",harmonics_ticon4_worldwide.txt,2,35040,0.0417,0.19,0,1.631,3.669,Canada_IWLS_QC,0,nein
02940_Cap-Chat_wlp.csv,49.0983,-66.6815,2025,"Cap-Chat, Québec, Canada",harmonics_utide_tidetables.txt,0,35040,0.0235,0.086,0,0.0,3.68,Canada_IWLS_QC,0,nein
02945_Le_Gros_Méchins_wlp.csv,49.0058,-66.9775,2025,"Le Gros Méchins, Québec, Canada",harmonics_utide_tidetables.txt,0,35040,0.0239,0.094,0,0.0,3.886,Canada_IWLS_QC,0,nein
02955_Matane_wlp.csv,48.8533,-67.5332,2025,"Matane, Québec, Canada",harmonics_utide_tidetables.txt,0,35040,0.0279,0.109,0,0.0,4.238,Canada_IWLS_QC,0,nein
02975_Pointe_aux_Cenelles_wlp.csv,48.6428,-68.1667,2025,"Pointe aux Cenelles, Québec, Canada",harmonics_utide_tidetables.txt,0,35040,0.0287,0.103,0,0.0,4.577,Canada_IWLS_QC,0,nein
02980_Pointe-au-Père_wlp.csv,48.5192,-68.4732,2025,"Pointe-au-Père, Québec, Canada",harmonics_utide_tidetables.txt,0,35040,0.0304,0.123,0,0.0,4.836,Canada_IWLS_QC,0,nein
02980_Pointe-au-Père_wlp.csv,48.5192,-68.4732,2025,"Pointe-au-Père, Québec, Canada",harmonics_ticon4_worldwide.txt,4,35040,0.0493,0.197,0,2.256,4.886,Canada_IWLS_QC,0,nein
02985_Rimouski_wlp.csv,48.4783,-68.5137,2025,"Rimouski, Québec, Canada",harmonics_utide_tidetables.txt,0,35040,0.0299,0.121,0,-0.0,4.832,Canada_IWLS_QC,0,nein
02995_Le_Bic_wlp.csv,48.3772,-68.7265,2025,"Le Bic, Québec, Canada",harmonics_utide_tidetables.txt,0,35040,0.0381,0.164,0,-0.0,4.642,Canada_IWLS_QC,0,nein
03000_Île_Bicquette_wlp.csv,48.4155,-68.8933,2025,"Île Bicquette, Québec, Canada",harmonics_utide_tidetables.txt,0,35040,0.0323,0.127,0,0.0,4.939,Canada_IWLS_QC,0,nein
03005_Trois-Pistoles_wlp.csv,48.1347,-69.1868,2025,"Trois-Pistoles, Québec, Canada",harmonics_utide_tidetables.txt,0,35040,0.0343,0.145,0,-0.0,5.021,Canada_IWLS_QC,0,nein
03030_Saint-Siméon_wlp.csv,47.8407,-69.8732,2025,"Saint-Siméon, Québec, Canada",harmonics_utide_tidetables.txt,0,35040,0.0388,0.166,0,-0.0,5.997,Canada_IWLS_QC,0,nein
03045_Pointe-au-Pic_wlp.csv,47.6217,-70.1408,2025,"Pointe-au-Pic, Québec, Canada",harmonics_utide_tidetables.txt,0,35040,0.0415,0.165,0,-0.0,6.407,Canada_IWLS_QC,0,nein
03052_Cap-aux-Oies_wlp.csv,47.4872,-70.2327,2025,"Cap-aux-Oies, Québec, Canada",harmonics_utide_tidetables.txt,0,35040,0.0457,0.167,0,-0.0,6.617,Canada_IWLS_QC,0,nein
03057_Saint-Joseph-de-la-Rive_wlp.csv,47.4488,-70.3655,2025,"Saint-Joseph-de-la-Rive, Québec, Canada",harmonics_utide_tidetables.txt,0,35040,0.0469,0.174,0,0.0,6.905,Canada_IWLS_QC,0,nein
03058_Saint-Bernard-sur-Mer_wlp.csv,47.4205,-70.3922,2025,"Saint-Bernard-sur-Mer, Québec, Canada",harmonics_utide_tidetables.txt,0,35040,0.0475,0.181,0,-0.0,6.024,Canada_IWLS_QC,0,nein
03060_Cap-aux-Corbeaux_wlp.csv,47.4255,-70.4557,2025,"Cap-aux-Corbeaux (Baie-Saint-Paul), Québec, Canada",harmonics_utide_tidetables.txt,0,35040,0.0483,0.161,0,0.0,6.922,Canada_IWLS_QC,0,nein
03070_Sault-au-Cochon_wlp.csv,47.1997,-70.6358,2025,"Sault-au-Cochon, Québec, Canada",harmonics_utide_tidetables.txt,4,35040,0.0729,0.365,0,0.0,6.838,Canada_IWLS_QC,0,nein
03071_Rocher_de_Neptune_wlp.csv,47.1617,-70.6075,2025,"Rocher de Neptune, Québec, Canada",harmonics_utide_tidetables.txt,0,35040,0.073,0.369,0,0.0,6.817,Canada_IWLS_QC,0,nein
03072_Bouée_K92_wlp.csv,47.1585,-70.6582,2025,"Bouée K92, Québec, Canada",harmonics_utide_tidetables.txt,0,35040,0.0734,0.373,0,0.0,6.801,Canada_IWLS_QC,0,nein
03087_Sainte-Anne-de-Beaupré_wlp.csv,47.0185,-70.9255,2025,"Sainte-Anne-de-Beaupré, Québec, Canada",harmonics_utide_tidetables.txt,0,35040,0.0862,0.431,0,0.0,6.324,Canada_IWLS_QC,0,nein
03095_Montmorency_wlp.csv,46.8812,-71.1447,2025,"Montmorency, Québec, Canada",harmonics_utide_tidetables.txt,0,35040,0.1101,0.555,0,-0.0,6.187,Canada_IWLS_QC,0,nein
03100_Saint-François_IO_wlp.csv,46.9965,-70.8082,2025,"Saint-François-de-l'Île-d'Orléans, Québec, Canada",harmonics_utide_tidetables.txt,0,35040,0.0808,0.396,0,-0.0,6.506,Canada_IWLS_QC,0,nein
03100_Saint-François_IO_wlp.csv,46.9965,-70.8082,2025,"Saint-François-de-l'Île-d'Orléans, Québec, Canada",harmonics-dwf-20100529-nonfree_mod.txt,17,35040,0.1053,0.497,0,0.01,6.467,Canada_IWLS_QC,0,nein
03104_Bouée_K136_wlp.csv,46.9248,-70.8690,2025,"Bouée K136, Québec, Canada",harmonics_utide_tidetables.txt,0,35040,0.0886,0.458,0,-0.0,6.457,Canada_IWLS_QC,0,nein
03104_Bouée_K136_wlp.csv,46.9248,-70.8690,2025,"Saint-Jean-de-l'Île-d'Orléans, Québec, Canada",harmonics_utide_tidetables.txt,2324,35040,0.0928,0.529,0,0.08,6.439,Canada_IWLS_QC,0,nein
03105_Saint-Jean_IO_wlp.csv,46.9157,-70.8965,2025,"Saint-Jean-de-l'Île-d'Orléans, Québec, Canada",harmonics_utide_tidetables.txt,0,35040,0.0894,0.467,0,-0.0,6.439,Canada_IWLS_QC,0,nein
03105_Saint-Jean_IO_wlp.csv,46.9157,-70.8965,2025,"Bouée K136, Québec, Canada",harmonics_utide_tidetables.txt,2324,35040,0.0939,0.479,0,-0.08,6.457,Canada_IWLS_QC,0,nein
03110_Saint-Laurent_IO_wlp.csv,46.8582,-71.0033,2025,"Saint-Laurent-de-l'Île-d'Orléans, Québec, Canada",harmonics_utide_observations.txt,0,35040,0.1263,0.548,0,0.026,6.252,Canada_IWLS_QC,0,nein
03110_Saint-Laurent_IO_wlp.csv,46.8582,-71.0033,2025,"Saint-Laurent-de-l'Île-d'Orléans, Québec, Canada",harmonics_utide_tidetables.txt,0,35040,0.095,0.477,0,-0.0,6.245,Canada_IWLS_QC,0,nein
03110_Saint-Laurent_IO_wlp.csv,46.8582,-71.0033,2025,"St. Laurent d' Orleans, Québec, Canada",harmonics_noaa_amtt.txt,982,35040,0.3217,1.173,0,-0.03,6.21,Canada_IWLS_QC,0,nein
03120_Île_Verte_wlp.csv,48.0512,-69.4247,2025,"Île Verte, Québec, Canada",harmonics_utide_tidetables.txt,0,35040,0.0331,0.134,0,0.0,5.261,Canada_IWLS_QC,0,nein
03122_LIsle-Verte_wlp.csv,48.0247,-69.4080,2025,"L'Isle-Verte, Québec, Canada",harmonics_utide_tidetables.txt,0,35040,0.0344,0.138,0,0.0,5.365,Canada_IWLS_QC,0,nein
03125_Gros-Cacouna_wlp.csv,47.9275,-69.5137,2025,"Gros-Cacouna, Québec, Canada",harmonics_utide_tidetables.txt,0,35040,0.0358,0.127,0,0.0,5.495,Canada_IWLS_QC,0,nein
03130_Rivière-du-Loup_wlp.csv,47.8468,-69.5718,2025,"Rivière-du-Loup, Québec, Canada",harmonics_utide_tidetables.txt,0,35040,0.0372,0.154,0,-0.0,5.633,Canada_IWLS_QC,0,nein
03140_Île_aux_Lièvres_wlp.csv,47.8012,-69.7707,2025,"Île aux Lièvres, Québec, Canada",harmonics_utide_tidetables.txt,0,35040,0.0378,0.15,0,0.0,5.68,Canada_IWLS_QC,0,nein
03145_Le_Petit_Pèlerin_wlp.csv,47.7010,-69.7583,2025,"Le Petit Pèlerin, Québec, Canada",harmonics_utide_tidetables.txt,0,35040,0.0395,0.159,0,-0.0,5.641,Canada_IWLS_QC,0,nein
03150_La_Grande_Île_wlp.csv,47.6242,-69.8608,2025,"La Grande Île, Québec, Canada",harmonics_utide_tidetables.txt,0,35040,0.0396,0.158,0,-0.0,5.727,Canada_IWLS_QC,0,nein
03160_Pointe-aux-Orignaux_wlp.csv,47.4870,-70.0258,2025,"Pointe-aux-Orignaux (Rivière-Ouelle), Québec, Canada",harmonics_utide_tidetables.txt,118,35040,0.041,0.169,0,-0.0,6.216,Canada_IWLS_QC,0,nein
03170_Saint-Jean-Port-Joli_wlp.csv,47.2162,-70.2747,2025,"Saint-Jean-Port-Joli, Québec, Canada",harmonics_utide_tidetables.txt,0,35040,0.044,0.155,0,-0.0,6.007,Canada_IWLS_QC,0,nein
03180_LIsle-aux-Grues_wlp.csv,47.0553,-70.5315,2025,"L'Isle-aux-Grues, Québec, Canada",harmonics_utide_tidetables.txt,0,35040,0.0683,0.278,0,0.0,6.45,Canada_IWLS_QC,0,nein
03190_La_Grosse_Île_wlp.csv,47.0195,-70.6708,2025,"La Grosse Île, Québec, Canada",harmonics_utide_tidetables.txt,0,35040,0.0766,0.329,0,0.0,6.466,Canada_IWLS_QC,0,nein
03200_Berthier-sur-Mer_wlp.csv,46.9362,-70.7373,2025,"Berthier-sur-Mer, Québec, Canada",harmonics_utide_tidetables.txt,0,35040,0.083,0.402,0,-0.0,6.487,Canada_IWLS_QC,0,nein
03248_Vieux-Québec_wlp.csv,46.8111,-71.2018,2025,"Vieux-Québec, Québec, Canada",harmonics_utide_observations.txt,0,35040,0.1353,0.788,0,-0.064,6.007,Canada_IWLS_QC,0,nein
03248_Vieux-Québec_wlp.csv,46.8111,-71.2018,2025,"Vieux-Québec, Québec, Canada",harmonics_utide_tidetables.txt,0,35040,0.1036,0.567,0,-0.0,6.013,Canada_IWLS_QC,0,nein
03248_Vieux-Québec_wlp.csv,46.8111,-71.2018,2025,"Estuaire-de-la-Saint-Charles, Québec, Canada",harmonics_ticon4_worldwide.txt,1571,35040,0.1786,0.842,0,2.588,6.062,Canada_IWLS_QC,0,nein
03248_Vieux-Québec_wlp.csv,46.8111,-71.2018,2025,"Immigration Wharf, Québec, Canada",harmonics_utide_tidetables.txt,2815,35040,0.1155,0.669,0,-0.012,5.991,Canada_IWLS_QC,0,nein
03250_Lauzon_wlp.csv,46.8325,-71.1578,2025,"Lauzon, Québec, Canada",harmonics_utide_tidetables.txt,0,35040,0.1041,0.551,0,-0.0,6.039,Canada_IWLS_QC,0,nein
03251_Immigration_Wharf_wlp.csv,46.7923,-71.2265,2025,"Immigration Wharf, Québec, Canada",harmonics_utide_tidetables.txt,0,35040,0.1022,0.564,0,-0.0,5.991,Canada_IWLS_QC,0,nein
03251_Immigration_Wharf_wlp.csv,46.7923,-71.2265,2025,"Vieux-Québec, Québec, Canada",harmonics_utide_observations.txt,2815,35040,0.1242,0.684,0,-0.052,6.007,Canada_IWLS_QC,0,nein
03251_Immigration_Wharf_wlp.csv,46.7923,-71.2265,2025,"Vieux-Québec, Québec, Canada",harmonics_utide_tidetables.txt,2815,35040,0.1147,0.565,0,0.011,6.013,Canada_IWLS_QC,0,nein
03260_Saint-Romuald_wlp.csv,46.7613,-71.2403,2025,"Saint-Romuald, Québec, Canada",harmonics_utide_tidetables.txt,0,35040,0.1009,0.552,0,-0.0,5.943,Canada_IWLS_QC,0,nein
03260_Saint-Romuald_wlp.csv,46.7613,-71.2403,2025,"Quai des Cageux, Québec, Canada",harmonics_utide_tidetables.txt,2477,35040,0.1185,0.662,10,0.007,5.805,Canada_IWLS_QC,0,nein
03264_Quai_des_Cageux_wlp.csv,46.7550,-71.2715,2025,"Quai des Cageux, Québec, Canada",harmonics_utide_tidetables.txt,0,35040,0.0988,0.517,0,-0.0,5.805,Canada_IWLS_QC,0,nein
03264_Quai_des_Cageux_wlp.csv,46.7550,-71.2715,2025,"Pont de Québec, Québec, Canada",harmonics_utide_tidetables.txt,1633,35040,0.1239,0.611,0,0.007,5.707,Canada_IWLS_QC,0,nein
03264_Quai_des_Cageux_wlp.csv,46.7550,-71.2715,2025,"Saint-Romuald, Québec, Canada",harmonics_utide_tidetables.txt,2476,35040,0.1163,0.731,-10,-0.008,5.943,Canada_IWLS_QC,0,nein
03265_Pont_de_Québec_wlp.csv,46.7456,-71.2879,2025,"Pont de Québec, Québec, Canada",harmonics_utide_tidetables.txt,0,35040,0.1009,0.52,0,-0.0,5.707,Canada_IWLS_QC,0,nein
03265_Pont_de_Québec_wlp.csv,46.7456,-71.2879,2025,"Quai des Cageux, Québec, Canada",harmonics_utide_tidetables.txt,1633,35040,0.1255,0.581,0,-0.008,5.805,Canada_IWLS_QC,0,nein
03270_Saint-Nicolas_wlp.csv,46.7120,-71.3788,2025,"Saint-Nicolas, Québec, Canada",harmonics_utide_tidetables.txt,0,35040,0.093,0.416,0,-0.0,5.225,Canada_IWLS_QC,0,nein
03280_Neuville_wlp.csv,46.6965,-71.5728,2025,"Neuville, Québec, Canada",harmonics_utide_tidetables.txt,0,35040,0.0967,0.424,0,-0.0,5.194,Canada_IWLS_QC,0,nein
03295_Pointe_Platon_wlp.csv,46.6708,-71.8460,2025,"Pointe Platon, Québec, Canada",harmonics_utide_tidetables.txt,0,35040,0.1254,0.574,0,-0.0,5.134,Canada_IWLS_QC,0,nein
03295_Pointe_Platon_wlp.csv,46.6708,-71.8460,2025,"Portneuf, Québec, Canada",harmonics_utide_tidetables.txt,2641,35040,0.1282,0.597,0,0.013,5.125,Canada_IWLS_QC,0,nein
03300_Portneuf_wlp.csv,46.6812,-71.8772,2025,"Portneuf, Québec, Canada",harmonics_utide_tidetables.txt,0,35040,0.1269,0.572,0,-0.0,5.125,Canada_IWLS_QC,0,nein
03300_Portneuf_wlp.csv,46.6812,-71.8772,2025,"Pointe Platon, Québec, Canada",harmonics_utide_tidetables.txt,2641,35040,0.1296,0.594,0,-0.013,5.134,Canada_IWLS_QC,0,nein
03304_Lotbinière_(moulin_à_blé)_wlp.csv,46.6507,-71.8898,2025,"Lotbinière (moulin à blé), Québec, Canada",harmonics_utide_tidetables.txt,0,35040,0.1292,0.606,0,-0.0,5.161,Canada_IWLS_QC,0,nein
03325_Grondines_wlp.csv,46.5853,-72.0388,2025,"Grondines, Québec, Canada",harmonics_utide_tidetables.txt,0,35040,0.1237,0.481,0,-0.0,3.777,Canada_IWLS_QC,0,nein
03335_Deschaillons-sur-Saint-Laurent_wlp.csv,46.5610,-72.1062,2025,"Deschaillons-sur-Saint-Laurent, Québec, Canada",harmonics_utide_observations.txt,0,35040,0.1626,0.522,-10,0.127,3.298,Canada_IWLS_QC,0,nein
03335_Deschaillons-sur-Saint-Laurent_wlp.csv,46.5610,-72.1062,2025,"Deschaillons-sur-Saint-Laurent, Québec, Canada",harmonics_utide_tidetables.txt,0,35040,0.1313,0.458,0,-0.0,3.201,Canada_IWLS_QC,0,nein
03335_Deschaillons-sur-Saint-Laurent_wlp.csv,46.5610,-72.1062,2025,"Les Bricailles, Québec, Canada",harmonics_utide_tidetables.txt,2484,35040,0.1769,0.548,20,0.034,2.838,Canada_IWLS_QC,0,nein
03337_Les_Bricailles_wlp.csv,46.5498,-72.1343,2025,"Les Bricailles, Québec, Canada",harmonics_utide_tidetables.txt,0,35040,0.1361,0.39,0,-0.0,2.838,Canada_IWLS_QC,0,nein
03337_Les_Bricailles_wlp.csv,46.5498,-72.1343,2025,"Deschaillons-sur-Saint-Laurent, Québec, Canada",harmonics_utide_observations.txt,2484,35040,0.2189,0.637,-30,0.092,3.298,Canada_IWLS_QC,0,nein
03337_Les_Bricailles_wlp.csv,46.5498,-72.1343,2025,"Deschaillons-sur-Saint-Laurent, Québec, Canada",harmonics_utide_tidetables.txt,2484,35040,0.1807,0.56,-20,-0.035,3.201,Canada_IWLS_QC,0,nein
03345_Batiscan_wlp.csv,46.5003,-72.2458,2025,"Batiscan, Québec, Canada",harmonics_utide_tidetables.txt,0,35040,0.1485,0.378,0,-0.0,2.506,Canada_IWLS_QC,0,nein
03345_Batiscan_wlp.csv,46.5003,-72.2458,2025,"Batiscan, Québec, Canada",harmonics_ticon4_worldwide.txt,4,35040,0.1776,0.541,-10,1.549,2.626,Canada_IWLS_QC,0,nein
03350_Champlain_wlp.csv,46.4402,-72.3397,2025,"Champlain, Québec, Canada",harmonics_utide_tidetables.txt,0,35040,0.1597,0.382,0,-0.0,2.317,Canada_IWLS_QC,0,nein
03350_Champlain_wlp.csv,46.4402,-72.3397,2025,"Champlain, Québec, Canada",harmonics_ticon4_worldwide.txt,32,35040,0.1767,0.542,-10,1.517,2.333,Canada_IWLS_QC,0,nein
03353_Bécancour_wlp.csv,46.4003,-72.3795,2025,"Bécancour, Québec, Canada",harmonics_utide_tidetables.txt,0,35040,0.165,0.386,0,-0.0,2.218,Canada_IWLS_QC,0,nein
03353_Bécancour_wlp.csv,46.4003,-72.3795,2025,"Becancour, Québec, Canada",harmonics_ticon4_worldwide.txt,3,35040,0.1921,0.561,-10,1.312,2.248,Canada_IWLS_QC,0,nein
03360_Trois-Rivières_wlp.csv,46.3405,-72.5392,2025,"Trois-Rivières, Québec, Canada",harmonics_utide_tidetables.txt,0,35040,0.1725,0.383,0,-0.0,1.934,Canada_IWLS_QC,0,nein
03360_Trois-Rivières_wlp.csv,46.3405,-72.5392,2025,"Trois-Rivieres, Québec, Canada",harmonics_ticon4_worldwide.txt,2,35040,0.1878,0.445,-10,1.345,2.011,Canada_IWLS_QC,0,nein
03365_Port-Saint-François_wlp.csv,46.2725,-72.6193,2025,"Port-Saint-François, Québec, Canada",harmonics_utide_tidetables.txt,0,35040,0.1726,0.388,0,-0.0,1.871,Canada_IWLS_QC,0,nein
03365_Port-Saint-François_wlp.csv,46.2725,-72.6193,2025,"Port-Saint-François, Québec, Canada",harmonics_ticon4_worldwide.txt,2,35040,0.1824,0.413,-20,1.387,1.96,Canada_IWLS_QC,0,nein
03424_Baie-Sainte-Catherine_wlp.csv,48.1263,-69.7297,2025,"Baie-Sainte-Catherine, Québec, Canada",harmonics_utide_observations.txt,0,35040,0.0451,0.18,0,-0.021,5.687,Canada_IWLS_QC,0,nein
03424_Baie-Sainte-Catherine_wlp.csv,48.1263,-69.7297,2025,"Baie-Sainte-Catherine, Québec, Canada",harmonics_utide_tidetables.txt,0,35040,0.0362,0.14,0,0.0,5.632,Canada_IWLS_QC,0,nein
03424_Baie-Sainte-Catherine_wlp.csv,48.1263,-69.7297,2025,"Tadoussac, Québec, Canada",harmonics_ticon4_worldwide.txt,1723,35040,0.0679,0.267,-10,2.433,5.743,Canada_IWLS_QC,0,nein
03424_Baie-Sainte-Catherine_wlp.csv,48.1263,-69.7297,2025,"Tadoussac, Québec, Canada",harmonics_utide_tidetables.txt,1723,35040,0.0679,0.283,-10,0.031,5.75,Canada_IWLS_QC,0,nein
03425_Tadoussac_wlp.csv,48.1383,-69.7140,2025,"Tadoussac, Québec, Canada",harmonics_ticon4_worldwide.txt,53,35040,0.049,0.205,0,2.402,5.743,Canada_IWLS_QC,0,nein
03425_Tadoussac_wlp.csv,48.1383,-69.7140,2025,"Tadoussac, Québec, Canada",harmonics_utide_tidetables.txt,53,35040,0.0366,0.139,0,0.0,5.75,Canada_IWLS_QC,0,nein
03425_Tadoussac_wlp.csv,48.1383,-69.7140,2025,"Baie-Sainte-Catherine, Québec, Canada",harmonics_utide_observations.txt,1774,35040,0.0622,0.242,10,-0.052,5.687,Canada_IWLS_QC,0,nein
03425_Tadoussac_wlp.csv,48.1383,-69.7140,2025,"Baie-Sainte-Catherine, Québec, Canada",harmonics_utide_tidetables.txt,1774,35040,0.0672,0.296,10,-0.031,5.632,Canada_IWLS_QC,0,nein
03440_LAnse-Saint-Jean_wlp.csv,48.2450,-70.1797,2025,"L'Anse-Saint-Jean, Québec, Canada",harmonics_utide_tidetables.txt,0,35040,0.0389,0.164,0,0.0,6.028,Canada_IWLS_QC,0,nein
03460_Port-Alfred_wlp.csv,48.3339,-70.8693,2025,"Port-Alfred, Québec, Canada",harmonics_utide_tidetables.txt,0,35040,0.0419,0.154,0,-0.0,6.652,Canada_IWLS_QC,0,nein
03466_Grande-Anse_wlp.csv,48.4017,-70.8328,2025,"Grande-Anse, Québec, Canada",harmonics_utide_tidetables.txt,0,35040,0.043,0.168,0,-0.0,6.592,Canada_IWLS_QC,0,nein
03480_Chicoutimi_wlp.csv,48.4308,-71.0548,2025,"Chicoutimi, Québec, Canada",harmonics_utide_tidetables.txt,0,35040,0.0413,0.195,0,-0.0,5.977,Canada_IWLS_QC,0,nein
04275_Beacon_Island_wlp.csv,58.9002,-66.3348,2025,"Beacon Island (Ungava Bay), Nunavut, Canada",harmonics_utide_tidetables.txt,0,35040,0.0813,0.266,0,-0.0,11.659,Canada_IWLS_QC,0,nein
04279_Kangiqsualujjuaq_wlp.csv,58.6684,-65.9481,2025,"Kangiqsualujjuaq, Québec, Canada",harmonics_utide_tidetables.txt,1831,35040,0.092,0.329,0,0.0,13.245,Canada_IWLS_QC,0,nein
04294_Rivière_Koksoak_est_wlp.csv,58.5250,-68.1499,2025,"Rivière Koksoak est, Québec, Canada",harmonics_utide_tidetables.txt,0,35040,0.0981,0.359,0,-0.0,13.931,Canada_IWLS_QC,0,nein
04294_Rivière_Koksoak_est_wlp.csv,58.5250,-68.1499,2025,"Rivière Koksoak, Québec, Canada",harmonics_utide_tidetables.txt,2528,35040,0.2892,1.159,-10,0.037,12.948,Canada_IWLS_QC,0,nein
04295_Rivière_Koksoak_wlp.csv,58.5273,-68.1932,2025,"Rivière Koksoak, Québec, Canada",harmonics_utide_tidetables.txt,0,35040,0.0916,0.309,0,-0.0,12.948,Canada_IWLS_QC,0,nein
04295_Rivière_Koksoak_wlp.csv,58.5273,-68.1932,2025,"Rivière Koksoak est, Québec, Canada",harmonics_utide_tidetables.txt,2528,35040,0.2885,1.004,0,-0.037,13.931,Canada_IWLS_QC,0,nein
04296_The_Narrows_wlp.csv,58.3967,-68.2122,2025,"The Narrows, Québec, Canada",harmonics_utide_tidetables.txt,0,35040,0.0828,0.333,0,0.0,10.273,Canada_IWLS_QC,0,nein
04297_Île_Mackays_wlp.csv,58.2604,-68.2663,2025,"Île Mackays, Québec, Canada",harmonics_utide_tidetables.txt,0,35040,0.0691,0.272,0,-0.0,7.507,Canada_IWLS_QC,0,nein
04315_Tasiujaq_wlp.csv,58.7333,-69.8333,2025,"Tasiujaq, Québec, Canada",harmonics_utide_tidetables.txt,0,35040,0.1213,0.412,0,0.0,16.263,Canada_IWLS_QC,0,nein
04325_Hopes_Advance_Bay_wlp.csv,59.3326,-69.6923,2025,"Hopes Advance Bay, Québec, Canada",harmonics_utide_tidetables.txt,0,33812,0.0878,0.301,0,-0.0,12.372,Canada_IWLS_QC,0,nein
04335_Agvik_Island_wlp.csv,60.0167,-69.7000,2025,"Agvik Island, Québec, Canada",harmonics_utide_tidetables.txt,0,35040,0.0828,0.309,0,0.0,11.836,Canada_IWLS_QC,0,nein
04340_Île_Pikiyulik_wlp.csv,59.9967,-69.9139,2025,"Île Pikiyulik, Québec, Canada",harmonics_utide_tidetables.txt,0,35040,0.0682,0.251,0,0.0,9.659,Canada_IWLS_QC,0,nein
04345_Île_Basking_wlp.csv,59.9883,-70.0792,2025,"Île Basking, Québec, Canada",harmonics_utide_tidetables.txt,0,35040,0.0713,0.27,0,0.0,10.218,Canada_IWLS_QC,0,nein
04379_Quaqtaq_wlp.csv,61.0471,-69.6699,2025,"Quaqtaq, Québec, Canada",harmonics_utide_tidetables.txt,0,35040,0.0685,0.242,0,0.0,9.905,Canada_IWLS_QC,0,nein
04400_Stupart_Bay_wlp.csv,61.5833,-71.5333,2025,"Stupart Bay, Québec, Canada",harmonics_utide_tidetables.txt,0,35040,0.062,0.204,0,-0.0,8.486,Canada_IWLS_QC,0,nein
04415_Doctor_Island_wlp.csv,61.6806,-71.5683,2025,"Doctor Island, Québec, Canada",harmonics_utide_tidetables.txt,0,35040,0.0582,0.197,0,-0.0,8.331,Canada_IWLS_QC,0,nein
04425_Kangiqsujuaq_wlp.csv,61.6061,-71.9614,2025,"Kangiqsujuaq, Québec, Canada",harmonics_utide_tidetables.txt,0,35040,0.063,0.206,0,-0.0,8.318,Canada_IWLS_QC,0,nein
04435_Douglas_Harbour_wlp.csv,61.8787,-72.6802,2025,"Douglas Harbour, Québec, Canada",harmonics_utide_tidetables.txt,0,35040,0.0588,0.207,0,0.0,8.44,Canada_IWLS_QC,0,nein
04460_Deception_Bay_wlp.csv,62.1478,-74.6945,2025,"Deception Bay, Québec, Canada",harmonics_utide_tidetables.txt,0,35040,0.0393,0.16,0,-0.0,5.651,Canada_IWLS_QC,0,nein
04470_Salluit_wlp.csv,62.2167,-75.6500,2025,"Salluit, Québec, Canada",harmonics_utide_tidetables.txt,0,35040,0.0355,0.127,0,-0.0,5.143,Canada_IWLS_QC,0,nein
04538_Akulivik_wlp.csv,60.8015,-78.2191,2025,"Akulivik, Québec, Canada",harmonics_utide_tidetables.txt,0,35040,0.0065,0.025,0,-0.0,0.661,Canada_IWLS_QC,0,nein
04548_North_Kopak_Island_wlp.csv,60.0036,-77.7333,2025,"North Kopak Island, Nunavut, Canada",harmonics-2004-06-14_mod.txt,0,35040,0.0073,0.027,0,0.0,0.643,Canada_IWLS_QC,0,nein
04548_North_Kopak_Island_wlp.csv,60.0036,-77.7333,2025,"North Kopak Island, Nunavut, Canada",harmonics_utide_tidetables.txt,0,35040,0.0064,0.026,0,0.0,0.635,Canada_IWLS_QC,0,nein
04575_Inukjuak_wlp.csv,58.4459,-78.1017,2025,"Inukjuak, Québec, Canada",harmonics-2004-06-14_mod.txt,0,35040,0.0056,0.02,0,0.0,0.573,Canada_IWLS_QC,0,nein
04575_Inukjuak_wlp.csv,58.4459,-78.1017,2025,"Inukjuak, Québec, Canada",harmonics_utide_tidetables.txt,0,35040,0.0108,0.03,0,0.0,0.591,Canada_IWLS_QC,0,nein
04597_Gillies_Island_wlp.csv,56.5492,-76.6403,2025,"Gillies Island, Nunavut, Canada",harmonics_utide_tidetables.txt,1,35040,0.0163,0.058,0,0.0,1.734,Canada_IWLS_QC,0,nein
04604_Belanger_Island_wlp.csv,56.1320,-76.7071,2025,"Belanger Island, Nunavut, Canada",harmonics_utide_tidetables.txt,0,35040,0.0166,0.065,0,-0.0,2.034,Canada_IWLS_QC,0,nein
04645_Kuujjuarapik_wlp.csv,55.2667,-77.7667,2025,"Kuujjuarapik, Québec, Canada",harmonics_utide_tidetables.txt,0,35040,0.0172,0.07,0,-0.0,1.873,Canada_IWLS_QC,0,nein
04662_Roggan_River_wlp.csv,54.3908,-79.4928,2025,"Roggan River, Québec, Canada",harmonics_utide_tidetables.txt,1,35040,0.0186,0.074,0,0.0,1.987,Canada_IWLS_QC,0,nein
04680_La_Grande_Riviere__wlp.csv,53.8500,-79.1500,2025,"La Grande Riviere, Québec, Canada",harmonics_utide_tidetables.txt,0,35040,0.0158,0.061,0,-0.0,2.074,Canada_IWLS_QC,0,nein
04681_Loon_Island_wlp.csv,53.8147,-79.1708,2025,"Loon Island, Nunavut, Canada",harmonics_utide_tidetables.txt,0,35040,0.0172,0.062,0,0.0,1.928,Canada_IWLS_QC,0,nein
04688_Hook_Island_wlp.csv,53.4353,-79.1224,2025,"Hook Island, Nunvaut, Québec, Canada",harmonics_utide_tidetables.txt,0,35040,0.0101,0.037,0,0.0,1.228,Canada_IWLS_QC,0,nein
04710_Eastmain_River_wlp.csv,52.2319,-78.5598,2025,"Eastmain River, Québec, Canada",harmonics-2004-06-14_mod.txt,0,35040,0.0136,0.059,0,0.0,1.062,Canada_IWLS_QC,0,nein
04710_Eastmain_River_wlp.csv,52.2319,-78.5598,2025,"Eastmain River, Québec, Canada",harmonics_utide_tidetables.txt,0,35040,0.0073,0.025,0,-0.0,1.026,Canada_IWLS_QC,0,nein
15520_Montréal_Jetée_1_wlp.csv,45.5035,-73.5525,2025,"Montréal Jetée #1, Québec, Canada",harmonics_utide_tidetables.txt,0,35040,0.1564,0.326,0,-0.0,1.237,Canada_IWLS_QC,0,nein
15520_Montréal_Jetée_1_wlp.csv,45.5035,-73.5525,2025,"Montréal rue Frontenac, Québec, Canada",harmonics_utide_tidetables.txt,2906,35040,0.1564,0.326,0,-0.0,1.237,Canada_IWLS_QC,0,nein
15540_Montréal_rue_Frontenac_wlp.csv,45.5287,-73.5425,2025,"Montréal rue Frontenac, Québec, Canada",harmonics_utide_tidetables.txt,0,35040,0.1564,0.326,0,-0.0,1.237,Canada_IWLS_QC,0,nein
15540_Montréal_rue_Frontenac_wlp.csv,45.5287,-73.5425,2025,"Montréal Jetée #1, Québec, Canada",harmonics_utide_tidetables.txt,2906,35040,0.1564,0.326,0,-0.0,1.237,Canada_IWLS_QC,0,nein
15660_Varennes_wlp.csv,45.6843,-73.4437,2025,"Varennes, Québec, Canada",harmonics_utide_tidetables.txt,1,35040,0.1742,0.375,0,-0.0,1.393,Canada_IWLS_QC,0,nein
15780_Contrecoeur_IOC_wlp.csv,45.8327,-73.2832,2025,"Contrecoeur IOC, Québec, Canada",harmonics_utide_tidetables.txt,0,35040,0.1697,0.352,0,-0.0,1.493,Canada_IWLS_QC,0,nein
15930_Sorel_wlp.csv,46.0472,-73.1157,2025,"Sorel, Québec, Canada",harmonics_utide_tidetables.txt,0,35040,0.1594,0.337,0,-0.0,1.51,Canada_IWLS_QC,0,nein
15930_Sorel_wlp.csv,46.0472,-73.1157,2025,"Sorel, Québec, Canada",harmonics_ticon4_worldwide.txt,15,35040,0.1679,0.369,-10,1.208,1.411,Canada_IWLS_QC,0,nein
15975_Lac_Saint-Pierre_wlp.csv,46.1948,-72.8955,2025,"Lac Saint-Pierre, Québec, Canada",harmonics-2004-06-14_mod.txt,0,35040,0.4273,1.174,10,0.219,0.41,Canada_IWLS_QC,0,nein
15975_Lac_Saint-Pierre_wlp.csv,46.1948,-72.8955,2025,"Lac Saint-Pierre, Québec, Canada",harmonics_utide_tidetables.txt,0,35040,0.1614,0.36,0,-0.0,1.662,Canada_IWLS_QC,0,nein
06505_Shingle_Point_wlp.csv,68.9333,-137.2000,2025,"Shingle Point, Yukon, Canada",harmonics_utide_tidetables.txt,0,35040,0.0217,0.049,0,0.0,1.033,Canada_IWLS_YT,0,nein
06505_Shingle_Point_wlp.csv,68.9333,-137.2000,2025,"Shingle Bay, Yukon, Canada",harmonics-2004-06-14_mod.txt,3,35040,0.0235,0.061,0,0.0,1.029,Canada_IWLS_YT,0,nein
06515_Kay_Point_wlp.csv,69.2833,-138.4333,2025,"Kay Point, Yukon, Canada",harmonics_utide_tidetables.txt,0,35040,0.0033,0.012,0,-0.0,0.483,Canada_IWLS_YT,0,nein
06515_Kay_Point_wlp.csv,69.2833,-138.4333,2025,"Kay Point, Yukon, Canada",harmonics-2004-06-14_mod.txt,4,35040,0.0061,0.025,0,-0.0,0.483,Canada_IWLS_YT,0,nein
06525_Herschel_Island_wlp.csv,69.5703,-138.9246,2025,"Herschel Island, Yukon, Canada",harmonics-2004-06-14_mod.txt,0,35040,0.0094,0.027,0,-0.0,0.476,Canada_IWLS_YT,0,nein
06525_Herschel_Island_wlp.csv,69.5703,-138.9246,2025,"Herschel Island, Yukon, Canada",harmonics_utide_tidetables.txt,0,35040,0.0086,0.021,0,-0.0,0.475,Canada_IWLS_YT,0,nein
ABER_BENOIT_MEAN_RENEAT.csv,48.5915,-4.6333,2026,"L'Aber Benoît entrance, France",harmonics_noaa_eutt.txt,912,8640,0.2351,0.62,-10,-0.057,7.644,France_SHOM_2026,0,nein
ABER_BENOIT_MEAN_RENEAT.csv,48.5915,-4.6333,2026,"L'Aber Benoît, France",harmonics-pierre-lavergne-v10_mod.txt,1715,8640,0.0771,0.282,0,0.004,7.939,France_SHOM_2026,0,nein
ABER_BENOIT_MEAN_RENEAT.csv,48.5915,-4.6333,2026,"L'Aber Benoît, France",harmonics_utide_tidetables.txt,1715,8640,0.0713,0.255,0,-0.041,7.956,France_SHOM_2026,0,nein
ABER_WRAC_H.csv,48.5983,-4.5617,2026,"L'Aber Wrac'h, France",harmonics-pierre-lavergne-v10_mod.txt,37,8640,0.0866,0.298,0,0.001,7.914,France_SHOM_2026,0,nein
ABER_WRAC_H.csv,48.5983,-4.5617,2026,"L'Aber Wrac'h, France",harmonics_utide_tidetables.txt,37,8640,0.0718,0.273,0,-0.038,7.773,France_SHOM_2026,0,nein
ABER_WRAC_H.csv,48.5983,-4.5617,2026,"L'Aber Wrac'h (Fort Cézon), France",harmonics_noaa_eutt.txt,1601,8640,0.2062,0.523,0,-0.307,7.606,France_SHOM_2026,0,nein
ARCACHON_EYRAC.csv,44.6643,-1.1637,2026,"Arcachon (Jetée d'Eyrac), France",harmonics_utide_tidetables.txt,65,8640,0.0542,0.213,0,-0.051,4.51,France_SHOM_2026,0,nein
ARCACHON_EYRAC.csv,44.6643,-1.1637,2026,"Arcachon (Jetée d'Eyrac), France",harmonics_utide_observations.txt,75,8640,0.0533,0.2,0,-0.013,4.598,France_SHOM_2026,0,nein
AUDIERNE.csv,48.0215,-4.5376,2026,"Audierne, France",harmonics_ticon4_worldwide.txt,0,8640,0.0509,0.165,0,3.141,5.124,France_SHOM_2026,0,nein
AUDIERNE.csv,48.0215,-4.5376,2026,"Audierne, France",harmonics_utide_observations.txt,0,8640,0.049,0.142,0,-0.03,5.198,France_SHOM_2026,0,nein
AUDIERNE.csv,48.0215,-4.5376,2026,"Audierne, France",harmonics_noaa_eutt.txt,1070,8640,0.2336,0.609,-10,-0.503,5.046,France_SHOM_2026,0,nein
BENODET.csv,47.8810,-4.1158,2026,"Bénodet (L'Odet), France",harmonics_utide_tidetables.txt,2,8640,0.0395,0.133,0,-0.045,5.083,France_SHOM_2026,0,nein
BENODET.csv,47.8810,-4.1158,2026,"Bénodet (L'Odet), France",harmonics_ticon4_worldwide.txt,14,8640,0.0446,0.187,0,3.223,5.115,France_SHOM_2026,0,nein
BENODET.csv,47.8810,-4.1158,2026,"Bénodet (L'Odet), France",harmonics_noaa_eutt.txt,264,8640,0.1847,0.49,0,0.491,4.653,France_SHOM_2026,0,nein
BOUCAU-BAYONNE.csv,43.5272,-1.5147,2026,"Boucau-Bayonne (L’Adour), France",harmonics_utide_observations.txt,14,8640,0.047,0.188,0,-0.098,4.257,France_SHOM_2026,0,nein
BOUCAU-BAYONNE.csv,43.5272,-1.5147,2026,"Boucau-Bayonne (L’Adour), France",harmonics_noaa_eutt.txt,1666,8640,0.1391,0.394,10,0.74,3.818,France_SHOM_2026,0,nein
BOUJDOUR.csv,26.1167,-14.5000,2026,"Boujdour, Western Sahara",harmonics_utide_tidetables.txt,336,8640,0.0201,0.071,0,-0.023,2.551,France_SHOM_2026,0,nein
BOULOGNE-SUR-MER.csv,50.7274,1.5777,2026,"Boulogne-sur-Mer, France",harmonics_utide_observations.txt,8,8640,0.099,0.377,60,-0.024,8.672,France_SHOM_2026,0,nein
BOULOGNE-SUR-MER.csv,50.7274,1.5777,2026,"Boulogne, France",harmonics_noaa_eutt.txt,761,8640,0.3838,1.138,0,0.052,8.792,France_SHOM_2026,0,nein
BREST.csv,48.3825,-4.4947,2026,"Brest (Estuaire Penfeld), France",harmonics-pierre-lavergne-v10_mod.txt,49,8640,0.0719,0.3,0,0.05,6.807,France_SHOM_2026,0,nein
BREST.csv,48.3825,-4.4947,2026,"Brest (Estuaire Penfeld), France",harmonics_utide_observations.txt,50,8640,0.0506,0.165,0,-0.079,7.029,France_SHOM_2026,0,nein
CALAIS.csv,50.9693,1.8675,2026,"Calais, France",harmonics_utide_observations.txt,17,8640,0.0905,0.334,0,-0.065,7.258,France_SHOM_2026,0,nein
CAMARET-SUR-MER.csv,48.2783,-4.5900,2026,"Camaret-sur-Mer, France",harmonics-pierre-lavergne-v10_mod.txt,294,8640,0.0811,0.305,0,-0.003,6.566,France_SHOM_2026,0,nein
CAMARET-SUR-MER.csv,48.2783,-4.5900,2026,"Camaret-sur-Mer, France",harmonics_utide_tidetables.txt,294,8640,0.0634,0.246,0,-0.038,6.714,France_SHOM_2026,0,nein
CAMARET-SUR-MER.csv,48.2783,-4.5900,2026,"Camaret, France",harmonics_noaa_eutt.txt,1490,8640,0.213,0.538,0,-0.666,6.609,France_SHOM_2026,0,nein
CANCALE.csv,48.6800,-1.8267,2026,"Cancale, France",harmonics_utide_observations.txt,2253,8640,0.4353,1.944,0,-0.287,12.82,France_SHOM_2026,0,nein
CAP_FERRET.csv,44.6292,-1.2417,2026,"Cap Ferret, France",harmonics-pierre-lavergne-v10_mod.txt,106,8640,0.0696,0.255,0,-0.013,4.186,France_SHOM_2026,0,nein
CAP_FERRET.csv,44.6292,-1.2417,2026,"Cap Ferret, France",harmonics_utide_tidetables.txt,106,8640,0.0386,0.133,0,-0.025,4.102,France_SHOM_2026,0,nein
CAP_FERRET.csv,44.6292,-1.2417,2026,"Cap Ferret, France",harmonics_noaa_eutt.txt,1535,8640,0.1143,0.384,0,0.348,3.758,France_SHOM_2026,0,nein
CAYEUX-SUR-MER.csv,50.1833,1.4833,2026,"Cayeux-sur-Mer, France",harmonics_utide_tidetables.txt,4,8640,0.1243,0.489,0,-0.073,9.684,France_SHOM_2026,0,nein
CONCARNEAU.csv,47.8733,-3.9067,2026,"Concarneau, France",harmonics_utide_observations.txt,47,8640,0.0379,0.119,0,0.023,5.051,France_SHOM_2026,0,nein
CORDOUAN.csv,45.5833,-1.1667,2026,"Cordouan, France",harmonics_noaa_eutt.txt,4,8640,0.159,0.386,0,0.25,4.645,France_SHOM_2026,0,nein
CORDOUAN.csv,45.5833,-1.1667,2026,"Cordouan, France",harmonics_utide_tidetables.txt,4,8640,0.0489,0.179,0,-0.034,4.991,France_SHOM_2026,0,nein
CORDOUAN.csv,45.5833,-1.1667,2026,"Phare de Cordouan, France",harmonics-pierre-lavergne-v10_mod.txt,600,8640,0.0612,0.321,0,0.014,4.871,France_SHOM_2026,0,nein
DEGRAD_DES_CANNES.csv,4.8540,-52.2805,2026,"Port du Dégrad des Cannes, French Guiana",harmonics_utide_observations.txt,929,8640,0.0388,0.171,0,-0.067,2.887,France_SHOM_2026,0,nein
DIELETTE.csv,49.5545,-1.8639,2026,"Diélette, France",harmonics_utide_observations.txt,309,8640,0.0859,0.3,0,-0.008,9.901,France_SHOM_2026,0,nein
DIEPPE.csv,49.9300,1.0850,2026,"Dieppe, France",harmonics_utide_observations.txt,99,8640,0.0954,0.39,0,0.019,9.364,France_SHOM_2026,0,nein
DUNKERQUE.csv,51.0500,2.3667,2026,"Dunkerque, France",harmonics_noaa_eutt.txt,2,8640,0.2438,0.637,-10,0.088,5.799,France_SHOM_2026,0,nein
DUNKERQUE.csv,51.0500,2.3667,2026,"Dunkerque, France",harmonics_utide_observations.txt,212,8640,0.0862,0.322,60,-0.08,6.277,France_SHOM_2026,0,nein
FECAMP.csv,49.7623,0.3670,2026,"Fécamp, France",harmonics_utide_tidetables.txt,7,8640,0.0926,0.409,0,-0.049,8.205,France_SHOM_2026,0,nein
FORT-DE-FRANCE.csv,14.6014,-61.0633,2026,"Fort-de-France, Martinique",harmonics_utide_observations.txt,59,8640,0.0073,0.024,0,-0.014,0.61,France_SHOM_2026,0,nein
FORT-DE-FRANCE.csv,14.6014,-61.0633,2026,"Fort-de-France, Martinique",harmonics_utide_observations.txt,61,8640,0.0073,0.024,0,-0.014,0.61,France_SHOM_2026,0,nein
GLENAN_PENFRET.csv,47.7222,-3.9550,2026,"Penfret (Îles de Glénan), France",harmonics-pierre-lavergne-v10_mod.txt,47,8640,0.0503,0.216,0,-0.004,4.95,France_SHOM_2026,0,nein
GLENAN_PENFRET.csv,47.7222,-3.9550,2026,"Penfret (Îles de Glénan), France",harmonics_utide_tidetables.txt,47,8640,0.0427,0.149,0,-0.064,5.025,France_SHOM_2026,0,nein
GLENAN_PENFRET.csv,47.7222,-3.9550,2026,"Île de Penfret, France",harmonics_noaa_eutt.txt,714,8640,0.1898,0.504,0,0.234,4.653,France_SHOM_2026,0,nein
GRAVELINES.csv,51.0167,2.1000,2026,"Gravelines, France",harmonics_utide_tidetables.txt,433,8640,0.0895,0.346,0,-0.047,6.647,France_SHOM_2026,0,nein
HENDAYE.csv,43.3793,-1.7847,2026,"Hendaye, France",harmonics_utide_tidetables.txt,4,8640,0.0346,0.125,0,-0.019,4.549,France_SHOM_2026,0,nein
HIENGHENE.csv,-20.6899,164.9450,2026,"Hienghene, New Caledonia",harmonics_utide_observations.txt,302,8640,0.0243,0.08,0,0.006,1.513,France_SHOM_2026,0,nein
HONFLEUR.csv,49.4167,0.2333,2026,"Honfleur, France",harmonics_utide_observations.txt,1297,8640,0.1733,0.684,0,-0.094,8.205,France_SHOM_2026,0,nein
ILES_CHAUSEY.csv,48.8667,-1.8167,2026,"Grande-Île (Îles Chausey), France",harmonics-pierre-lavergne-v10_mod.txt,4,8640,0.2415,1.034,0,-0.012,13.02,France_SHOM_2026,0,nein
ILES_CHAUSEY.csv,48.8667,-1.8167,2026,"Grande-Île (Îles Chausey), France",harmonics_noaa_eutt.txt,4,8640,0.4549,1.474,0,-0.183,12.253,France_SHOM_2026,0,nein
ILES_CHAUSEY.csv,48.8667,-1.8167,2026,"Grande-Île (Îles Chausey), France",harmonics_utide_tidetables.txt,4,8640,0.1384,0.626,0,-0.082,13.026,France_SHOM_2026,0,nein
ILE_DE_SEIN_NORD.csv,48.0402,-4.8475,2026,"Île de Sein, France",harmonics-pierre-lavergne-v10_mod.txt,118,8640,0.063,0.268,0,-0.002,6.141,France_SHOM_2026,0,nein
ILE_DE_SEIN_NORD.csv,48.0402,-4.8475,2026,"Île de Sein, France",harmonics_utide_tidetables.txt,118,8640,0.0499,0.177,0,-0.044,6.239,France_SHOM_2026,0,nein
ILE_D_AIX.csv,46.0083,-1.1733,2026,"Île-d'Aix, France",harmonics_utide_tidetables.txt,128,8640,0.0619,0.25,0,-0.036,6.258,France_SHOM_2026,0,nein
ILE_D_AIX.csv,46.0083,-1.1733,2026,"Île-d'Aix, France",harmonics_ticon4_worldwide.txt,133,8640,0.0701,0.258,0,3.958,6.147,France_SHOM_2026,0,nein
ILE_D_AIX.csv,46.0083,-1.1733,2026,"Île d'Aix, France",harmonics_noaa_eutt.txt,1062,8640,0.2991,0.852,10,0.443,5.844,France_SHOM_2026,0,nein
KOUROU.csv,5.1567,-52.6264,2026,"Kourou, French Guiana",harmonics_utide_tidetables.txt,4,8640,0.0237,0.073,0,0.0,2.921,France_SHOM_2026,0,nein
LA_COTINIERE.csv,45.9142,-1.3258,2026,"La Cotinière (Île d'Oléron), France",harmonics_utide_observations.txt,176,8640,0.098,0.315,0,-0.147,5.502,France_SHOM_2026,0,nein
LA_ROCHELLE-PALLICE.csv,46.1600,-1.2217,2026,"La Rochelle (La Pallice), France",harmonics_utide_observations.txt,184,8640,0.0539,0.162,0,-0.05,6.161,France_SHOM_2026,0,nein
LA_ROCHELLE-PALLICE.csv,46.1600,-1.2217,2026,"La Rochelle (La Pallice), France",harmonics_noaa_eutt.txt,838,8640,0.2656,0.741,0,0.81,5.477,France_SHOM_2026,0,nein
LA_TRINITE-SUR-MER.csv,47.5875,-3.0256,2026,"La Trinité-sur-Mer, France",harmonics-pierre-lavergne-v10_mod.txt,98,8640,0.0611,0.232,0,0.019,5.387,France_SHOM_2026,0,nein
LA_TRINITE-SUR-MER.csv,47.5875,-3.0256,2026,"La Trinité-sur-Mer, France",harmonics_utide_tidetables.txt,98,8640,0.0477,0.153,0,-0.044,5.507,France_SHOM_2026,0,nein
LA_TRINITE-SUR-MER.csv,47.5875,-3.0256,2026,"La Trinité, Crac'h River, France",harmonics_noaa_eutt.txt,745,8640,0.2188,0.612,-10,0.24,5.069,France_SHOM_2026,0,nein
LEAVA_FUTUNA.csv,-14.2967,-178.1633,2026,"Leava, Île Futuna",harmonics_utide_observations.txt,342,8640,0.0141,0.048,0,-0.026,1.921,France_SHOM_2026,0,nein
LES_HEAUX-DE-BREHAT.csv,48.9081,-3.0833,2026,"Les Héaux-de-Bréhat, France",harmonics-pierre-lavergne-v10_mod.txt,219,8640,0.1477,0.553,0,0.158,10.085,France_SHOM_2026,0,nein
LES_HEAUX-DE-BREHAT.csv,48.9081,-3.0833,2026,"Les Héaux-de-Bréhat, France",harmonics_utide_tidetables.txt,219,8640,0.0992,0.342,0,-0.009,10.127,France_SHOM_2026,0,nein
LES_HEAUX-DE-BREHAT.csv,48.9081,-3.0833,2026,"Les Héaux-de-Bréhat, France",harmonics_noaa_eutt.txt,905,8640,0.3076,0.814,0,0.23,9.87,France_SHOM_2026,0,nein
LES_SABLES-D_OLONNE.csv,46.4975,-1.7936,2026,"Les Sables-d'Olonne, France",harmonics_utide_tidetables.txt,1,8640,0.0462,0.176,0,-0.047,5.329,France_SHOM_2026,0,nein
LES_SABLES-D_OLONNE.csv,46.4975,-1.7936,2026,"Les Sables-d'Olonne, France",harmonics_utide_observations.txt,17,8640,0.0399,0.123,0,0.003,5.356,France_SHOM_2026,0,nein
LES_SABLES-D_OLONNE.csv,46.4975,-1.7936,2026,"Les Sables d'Olonne, France",harmonics_noaa_eutt.txt,837,8640,0.188,0.528,10,0.461,4.746,France_SHOM_2026,0,nein
LE_CONQUET.csv,48.3595,-4.7828,2026,"Le Conquet, France",harmonics_utide_observations.txt,161,8640,0.0482,0.188,0,-0.016,6.836,France_SHOM_2026,0,nein
LE_PALAIS.csv,47.3477,-3.1522,2026,"Le Palais (Belle-Île), France",harmonics-pierre-lavergne-v10_mod.txt,129,8640,0.0556,0.243,0,0.009,5.169,France_SHOM_2026,0,nein
LE_PALAIS.csv,47.3477,-3.1522,2026,"Le Palais (Belle-Île), France",harmonics_utide_tidetables.txt,129,8640,0.0432,0.146,0,-0.036,5.287,France_SHOM_2026,0,nein
LE_PALAIS.csv,47.3477,-3.1522,2026,"Le Palais, Belle-Île, France",harmonics_noaa_eutt.txt,306,8640,0.2016,0.544,-10,0.162,5.055,France_SHOM_2026,0,nein
LE_TREPORT.csv,50.0667,1.3667,2026,"Le Tréport, France",harmonics_utide_tidetables.txt,4,8640,0.1257,0.488,0,-0.06,9.61,France_SHOM_2026,0,nein
MAZAGAN.csv,33.2667,-8.5000,2026,"El Jadida, Morocco",harmonics_noaa_eutt.txt,1231,8640,0.1272,0.316,0,0.072,3.129,France_SHOM_2026,0,nein
MAZAGAN.csv,33.2667,-8.5000,2026,"El Jadida (Mazagan), Morocco",harmonics_utide_observations.txt,1231,8622,0.6516,1.478,200,1.636,2.293,France_SHOM_2026,0,nein
MAZAGAN.csv,33.2667,-8.5000,2026,"El Jadida (Mazagan), Morocco",harmonics_utide_tidetables.txt,1231,8640,0.0206,0.068,0,-0.0,3.314,France_SHOM_2026,0,nein
MOLENE_NORD.csv,48.4035,-4.9547,2026,"Île-Molène, France",harmonics-pierre-lavergne-v10_mod.txt,180,8640,0.07,0.284,0,0.139,7.225,France_SHOM_2026,0,nein
MOLENE_NORD.csv,48.4035,-4.9547,2026,"Île-Molène, France",harmonics_utide_tidetables.txt,180,8640,0.0623,0.237,0,-0.045,7.254,France_SHOM_2026,0,nein
MOLENE_NORD.csv,48.4035,-4.9547,2026,"Île de Molène, France",harmonics_noaa_eutt.txt,970,8640,0.1851,0.467,-10,-0.082,7.043,France_SHOM_2026,0,nein
MORLAIX_PEN_AL_LANN.csv,48.6833,-3.8833,2026,"Morlaix River entrance, France",harmonics_noaa_eutt.txt,4,8640,0.2465,0.671,-10,0.079,8.494,France_SHOM_2026,0,nein
MORLAIX_PEN_AL_LANN.csv,48.6833,-3.8833,2026,"Carantec, Château du Taureau, France",harmonics-pierre-lavergne-v10_mod.txt,851,8640,0.1032,0.362,0,0.011,9.111,France_SHOM_2026,0,nein
MORLAIX_PEN_AL_LANN.csv,48.6833,-3.8833,2026,"Carantec, Château du Taureau, France",harmonics_utide_tidetables.txt,851,8640,0.0856,0.327,0,-0.046,9.035,France_SHOM_2026,0,nein
OUESSANT_LAMPAUL.csv,48.4500,-5.1000,2026,"Île d'Ouessant, France",harmonics_noaa_eutt.txt,0,8640,0.2091,0.508,0,-0.429,6.905,France_SHOM_2026,0,nein
OUESSANT_LAMPAUL.csv,48.4500,-5.1000,2026,"Baie de Lampaul (Île d'Ouessant), France",harmonics-pierre-lavergne-v10_mod.txt,537,8640,0.0702,0.273,0,0.135,6.872,France_SHOM_2026,0,nein
OUESSANT_LAMPAUL.csv,48.4500,-5.1000,2026,"Baie de Lampaul (Île d'Ouessant), France",harmonics_utide_tidetables.txt,537,8640,0.0573,0.205,0,-0.048,6.926,France_SHOM_2026,0,nein
OUINNE.csv,-21.9829,166.6833,2026,"Ouinné, New Caledonia",harmonics_utide_observations.txt,7,8640,0.011,0.043,0,-0.013,1.497,France_SHOM_2026,0,nein
OUISTREHAM.csv,49.2833,-0.2500,2026,"Ouistreham, France",harmonics_utide_observations.txt,334,8640,0.0902,0.328,0,0.041,7.521,France_SHOM_2026,0,nein
POINTE-A-PITRE.csv,16.2244,-61.5313,2026,"Pointe-à-Pitre, Guadeloupe",harmonics_utide_observations.txt,7,8640,0.006,0.02,0,0.006,0.67,France_SHOM_2026,0,nein
POINTE-A-PITRE.csv,16.2244,-61.5313,2026,"Pointe-à-Pitre, Guadeloupe",harmonics_utide_observations.txt,12,8640,0.006,0.02,0,0.006,0.67,France_SHOM_2026,0,nein
POINTE-AIGUILLON.csv,46.2575,-1.1908,2026,"Pointe de l'Aiguillon, France",harmonics_utide_tidetables.txt,1315,8640,0.0675,0.292,0,-0.034,6.245,France_SHOM_2026,0,nein
POINTE_NOIRE.csv,-4.7833,11.8333,2026,"Pointe-Noire, Republic of the Congo",harmonics_ticon4_worldwide.txt,5,8640,0.0396,0.114,10,0.004,1.977,France_SHOM_2026,0,nein
POINTE_NOIRE.csv,-4.7833,11.8333,2026,"Pointe-Noire, Republic of the Congo",harmonics_utide_tidetables.txt,5,8640,0.0307,0.115,10,-0.058,1.937,France_SHOM_2026,0,nein
POINTE_NOIRE.csv,-4.7833,11.8333,2026,"Pointe-Noire, Congo",harmonics_att_np208.txt,52,8640,0.0579,0.192,10,-0.115,1.756,France_SHOM_2026,0,nein
PORT-LOUIS_LOCMALO.csv,47.7055,-3.3453,2026,"Port-Louis (Locmalo), France",harmonics_utide_tidetables.txt,2,8640,0.0405,0.139,0,-0.048,4.885,France_SHOM_2026,0,nein
PORT-LOUIS_LOCMALO.csv,47.7055,-3.3453,2026,"Port-Louis (Locmalo), France",harmonics-pierre-lavergne-v10_mod.txt,5,8640,0.0503,0.226,0,0.009,4.858,France_SHOM_2026,0,nein
PORT-LOUIS_LOCMALO.csv,47.7055,-3.3453,2026,"Port Louis, France",harmonics_noaa_eutt.txt,704,8640,0.2132,0.573,-10,0.332,4.766,France_SHOM_2026,0,nein
PORT-NAVALO.csv,47.5500,-2.9167,2026,"Port Navalo, Morbihan entrance, France",harmonics_noaa_eutt.txt,2,8640,0.2,0.555,0,0.286,4.712,France_SHOM_2026,0,nein
PORT-NAVALO.csv,47.5500,-2.9167,2026,"Port-Navalo, France",harmonics_utide_tidetables.txt,2,8640,0.0431,0.178,0,-0.039,5.078,France_SHOM_2026,0,nein
PORT-NAVALO.csv,47.5500,-2.9167,2026,"Port-Navalo, France",harmonics-pierre-lavergne-v10_mod.txt,12,8640,0.0542,0.213,0,0.071,4.992,France_SHOM_2026,0,nein
PORT-NAVALO.csv,47.5500,-2.9167,2026,"Arzon (Port Crouesty), France",harmonics_ticon4_worldwide.txt,1808,8640,0.0975,0.342,-10,3.058,5.491,France_SHOM_2026,0,nein
PORT-NAVALO.csv,47.5500,-2.9167,2026,"Arzon (Port Crouesty), France",harmonics_utide_observations.txt,1808,8640,0.0956,0.326,-10,-0.287,5.504,France_SHOM_2026,0,nein
PORT-NAVALO.csv,47.5500,-2.9167,2026,"Locmariaquer, France",harmonics_utide_tidetables.txt,2499,8640,0.0881,0.337,10,0.255,4.673,France_SHOM_2026,0,nein
PORT_COMMERCE_LORIENT.csv,47.7375,-3.3545,2026,"Lorient (Port de commerce), France",harmonics-pierre-lavergne-v10_mod.txt,247,8640,0.0627,0.192,0,0.05,5.045,France_SHOM_2026,0,nein
PORT_COMMERCE_LORIENT.csv,47.7375,-3.3545,2026,"Lorient (Port de commerce), France",harmonics_utide_tidetables.txt,247,8640,0.04,0.137,0,-0.1,5.137,France_SHOM_2026,0,nein
PORT_COMMERCE_LORIENT.csv,47.7375,-3.3545,2026,"Lorient, France",harmonics_noaa_eutt.txt,1430,8640,0.222,0.55,-10,0.337,4.766,France_SHOM_2026,0,nein
ROSCOFF.csv,48.7187,-3.9657,2026,"Roscoff, France",harmonics_utide_observations.txt,29,8640,0.0704,0.272,0,-0.029,8.915,France_SHOM_2026,0,nein
ROYAN.csv,45.6193,-1.0280,2026,"Royan, France",harmonics_utide_observations.txt,139,8640,0.0588,0.235,0,-0.06,4.953,France_SHOM_2026,0,nein
SAINT-GUENOLE.csv,47.8140,-4.3825,2026,"Saint-Guénolé (Pointe de Penmarch), France",harmonics-pierre-lavergne-v10_mod.txt,118,8640,0.0543,0.22,0,0.005,5.003,France_SHOM_2026,0,nein
SAINT-GUENOLE.csv,47.8140,-4.3825,2026,"Saint-Guénolé (Pointe de Penmarch), France",harmonics_utide_tidetables.txt,118,8640,0.0425,0.14,0,-0.074,5.123,France_SHOM_2026,0,nein
SAINT-GUENOLE.csv,47.8140,-4.3825,2026,"Penmarc'h, France",harmonics_noaa_eutt.txt,1953,8640,0.2064,0.552,0,0.18,4.712,France_SHOM_2026,0,nein
SAINT-MALO.csv,48.6412,-2.0275,2026,"Saint-Malo, France",harmonics_utide_observations.txt,3,8640,0.1131,0.447,0,-0.026,12.426,France_SHOM_2026,0,nein
SAINT-MALO.csv,48.6412,-2.0275,2026,"Saint-Malo, France",harmonics_utide_tidetables.txt,3,8640,0.1409,0.606,0,-0.033,12.534,France_SHOM_2026,0,nein
SAINT-MALO.csv,48.6412,-2.0275,2026,"Saint-Malo, France",harmonics_noaa_eutt.txt,973,8640,0.4196,1.114,0,-0.098,11.967,France_SHOM_2026,0,nein
SAINT-MARTIN_DE_RE.csv,46.2080,-1.3655,2026,"Saint-Martin-de-Ré (Île de Ré), France",harmonics_utide_tidetables.txt,0,8640,0.0633,0.264,0,-0.036,5.996,France_SHOM_2026,0,nein
SAINT-MARTIN_DE_RE.csv,46.2080,-1.3655,2026,"Saint-Martin-de-Ré (Île de Ré), France",harmonics-pierre-lavergne-v10_mod.txt,19,8640,0.0899,0.407,0,-0.006,5.793,France_SHOM_2026,0,nein
SAINT-MARTIN_DE_RE.csv,46.2080,-1.3655,2026,"St. Martin, Île de Ré, France",harmonics_noaa_eutt.txt,894,8640,0.2736,0.742,0,0.47,5.806,France_SHOM_2026,0,nein
SAINTE_MARIE_LA_REUNION.csv,-20.8922,55.5370,2026,"Sainte-Marie, Réunion",harmonics_utide_observations.txt,72,8640,0.0142,0.047,0,0.031,0.941,France_SHOM_2026,0,nein
SOCOA.csv,43.3950,-1.6817,2026,"Saint-Jean-de-Luz (Socoa), France",harmonics_ticon4_worldwide.txt,27,8640,0.0347,0.142,0,2.514,4.463,France_SHOM_2026,0,nein
SOCOA.csv,43.3950,-1.6817,2026,"Saint-Jean-de-Luz (Socoa), France",harmonics_utide_observations.txt,27,8640,0.0328,0.129,0,-0.047,4.48,France_SHOM_2026,0,nein
SOCOA.csv,43.3950,-1.6817,2026,"St. Jean de Luz (Socoa), France",harmonics_noaa_eutt.txt,571,8640,0.1409,0.411,10,0.252,4.152,France_SHOM_2026,0,nein
SOCOA.csv,43.3950,-1.6817,2026,"Saint-Jean-de-Luz (Ciboure), France",harmonics_ticon4_worldwide.txt,1823,8640,0.0474,0.156,10,2.515,4.455,France_SHOM_2026,0,nein
SOCOA.csv,43.3950,-1.6817,2026,"Saint-Jean-de-Luz (Ciboure), France",harmonics_utide_observations.txt,1823,8640,0.0662,0.198,10,0.01,4.443,France_SHOM_2026,0,nein
SOLENZARA.csv,41.8568,9.4038,2026,"Solenzara, France",harmonics_utide_observations.txt,6,8640,0.0138,0.04,0,-0.015,0.57,France_SHOM_2026,0,nein
ST-GILLES-CROIX-DE-VIE.csv,46.6967,-1.9425,2026,"Saint-Gilles-Croix-de-Vie, France",harmonics-pierre-lavergne-v10_mod.txt,202,8640,0.0713,0.288,0,0.056,5.166,France_SHOM_2026,0,nein
ST-GILLES-CROIX-DE-VIE.csv,46.6967,-1.9425,2026,"Saint-Gilles-Croix-de-Vie, France",harmonics_utide_tidetables.txt,202,8640,0.0467,0.203,0,-0.048,5.219,France_SHOM_2026,0,nein
ST-GILLES-CROIX-DE-VIE.csv,46.6967,-1.9425,2026,"St. Gilles sur Vie, France",harmonics_noaa_eutt.txt,793,8640,0.2278,0.614,-10,0.198,5.011,France_SHOM_2026,0,nein
TARFAYA.csv,27.9419,-12.9355,2026,"Tarfaya (Cap Juby), Morocco",harmonics_utide_tidetables.txt,5,8640,0.0289,0.103,0,-0.014,3.016,France_SHOM_2026,0,nein
WADRILLA_OUVEA.csv,-20.5488,166.5610,2026,"Ouvéa, Îles Loyauté, New Caledonia",harmonics_utide_observations.txt,142,8640,0.0102,0.034,0,0.011,1.576,France_SHOM_2026,0,nein
WALLIS_MATA_UTU.csv,-13.2850,-176.1700,2026,"Mata Utu, Wallis",harmonics_utide_observations.txt,165,8640,0.0156,0.081,0,-0.043,1.839,France_SHOM_2026,0,nein
WE_LIFOU.csv,-20.9167,167.2667,2026,"Lifou Wé, Îles Loyauté, New Caledonia",harmonics_utide_observations.txt,1265,8640,0.0114,0.045,0,0.017,1.612,France_SHOM_2026,0,nein
balingian.csv,3.0167,112.6167,2026,"Kuala Balingian, Malaysia",harmonics_att_np203_scs.txt,0,9360,0.1302,0.42,10,-0.232,1.76,Malaysia_PHN,0,nein
baram.csv,4.5833,113.9833,2026,"Kuala Baram, Malaysia",harmonics_att_np203_scs.txt,0,9360,0.1647,0.533,10,0.473,1.769,Malaysia_PHN,0,nein
baram.csv,4.5833,113.9833,2026,"Kuala Baram, Malaysia",harmonics_noaa_cptt.txt,0,9360,0.1678,0.529,-10,0.41,2.008,Malaysia_PHN,0,nein
baram.csv,4.5833,113.9833,2026,"Kuala Baram, Malaysia",harmonics-1997-05-25_mod.txt,748,9360,0.1272,0.356,0,0.518,2.232,Malaysia_PHN,0,nein
bintulu.csv,3.2619,113.0674,2026,"Teluk Plan (Pelabuhan Bintulu), Malaysia",harmonics_ticon4_worldwide.txt,0,8580,0.0625,0.213,0,1.522,2.483,Malaysia_PHN,0,nein
bintulu.csv,3.2619,113.0674,2026,"Teluk Plan (Pelabuhan Bintulu), Malaysia",harmonics_att_np203_scs.txt,539,8580,0.7519,1.719,-20,0.041,4.323,Malaysia_PHN,0,nein
geting.csv,6.2333,102.1000,2026,"Geting, Malaysia",harmonics_att_np203_scs_secondary.txt,0,9348,0.1133,0.307,230,-0.246,1.091,Malaysia_PHN,0,nein
geting.csv,6.2333,102.1000,2026,"Kampung Geting, Malaysia",harmonics_ticon4_worldwide.txt,1582,9360,0.0316,0.094,-10,0.738,1.749,Malaysia_PHN,0,nein
kota_kinabalu.csv,5.9833,116.0667,2026,"Kota Kinabalu, Malaysia",harmonics_ticon4_worldwide.txt,1036,9792,0.0275,0.065,0,0.099,2.353,Malaysia_PHN,0,nein
kuala_batu_pahat.csv,1.7667,102.8833,2026,"Kuala Batu Pahat, Malaysia",harmonics_att_np203_scs.txt,0,9792,0.4246,1.166,-710,0.124,3.182,Malaysia_PHN,0,nein
kuala_batu_pahat.csv,1.7667,102.8833,2026,"Kuala Batu Pahat, Malaysia (2)",harmonics_utide_tidetables.txt,0,9792,0.4251,1.128,-700,0.094,3.236,Malaysia_PHN,0,nein
kuala_terengganu.csv,5.3365,103.1525,2026,"Kuala Terengganu, Malaysia",harmonics-1997-05-25_mod.txt,0,9792,0.0925,0.325,-20,0.258,2.632,Malaysia_PHN,0,nein
kuala_terengganu.csv,5.3365,103.1525,2026,"Kuala Terengganu, Malaysia",harmonics_utide_tidetables.txt,2602,9792,0.07,0.215,-20,0.378,3.089,Malaysia_PHN,0,nein
kualamukah.csv,2.9000,112.0833,2026,"Kuala Mukah, Malaysia",harmonics_att_np203_scs.txt,0,9315,0.6328,1.894,560,0.215,2.185,Malaysia_PHN,0,nein
kualamukah.csv,2.9000,112.0833,2026,"Mukah, Malaysia",harmonics-1997-05-25_mod.txt,1443,9360,0.6514,1.883,-130,0.31,2.791,Malaysia_PHN,0,nein
kudat.csv,6.8833,116.8500,2026,"Kudat (Marudu Bay), Malaysia",harmonics_att_np203_scs.txt,0,9792,0.1126,0.336,0,-0.013,2.19,Malaysia_PHN,0,nein
kudat.csv,6.8833,116.8500,2026,"Kudat (Marudu Bay), Malaysia",harmonics_noaa_cptt.txt,0,9792,0.1159,0.31,-10,-0.029,2.754,Malaysia_PHN,0,nein
labuan.csv,5.2833,115.2500,2026,"Bandar Victoria (Labuan), Malaysia",harmonics_att_np203_scs.txt,0,9360,0.1001,0.271,0,-0.193,2.19,Malaysia_PHN,0,nein
labuan.csv,5.2833,115.2500,2026,"Bandar Victoria (Labuan), Malaysia",harmonics_utide_tidetables.txt,0,9360,0.0479,0.12,-10,-0.055,2.631,Malaysia_PHN,0,nein
labuan.csv,5.2833,115.2500,2026,"Bandar Victoria (Labuan), Malaysia",harmonics-1997-05-25_mod.txt,1337,9360,0.0862,0.26,-10,-0.213,2.472,Malaysia_PHN,0,nein
labuan.csv,5.2833,115.2500,2026,"Bandar Victoria (Labuan), Malaysia",harmonics_noaa_cptt.txt,1846,9360,0.1458,0.407,0,-0.244,2.811,Malaysia_PHN,0,nein
lahaddatu.csv,5.0333,118.3333,2026,"Lahad Datu (Darvel Bay), Malaysia",harmonics_att_np203_scs.txt,0,9792,0.087,0.244,-10,0.211,2.027,Malaysia_PHN,0,nein
lahaddatu.csv,5.0333,118.3333,2026,"Lahad Datu (Darvel Bay), Malaysia",harmonics_noaa_cptt.txt,0,9792,0.1589,0.388,-10,0.153,2.027,Malaysia_PHN,0,nein
lebaan.csv,2.2833,111.6667,2026,"Lebaan, Malaysia",harmonics_att_np203_scs.txt,0,8928,0.7349,1.664,0,-0.05,4.126,Malaysia_PHN,0,nein
mersing.csv,2.4333,103.8500,2026,"Mersing, Malaysia",harmonics_att_np203_scs.txt,0,9792,0.1584,0.458,10,0.255,2.844,Malaysia_PHN,0,nein
miri.csv,4.3833,113.9833,2026,"Miri, Malaysia",harmonics_att_np203_scs.txt,0,9792,0.1096,0.372,50,0.033,1.75,Malaysia_PHN,0,nein
miri.csv,4.3833,113.9833,2026,"Miri, Malaysia",harmonics_ticon4_worldwide.txt,1597,9792,0.0306,0.095,0,0.076,2.32,Malaysia_PHN,0,nein
muar.csv,2.0500,102.6000,2026,"Muar, Malaysia",harmonics_att_np203_scs.txt,0,9792,0.1662,0.61,0,-0.001,2.672,Malaysia_PHN,0,nein
pending.csv,1.5500,110.3833,2026,"Pending, Malaysia",harmonics_att_np203_scs.txt,0,9792,0.7057,1.352,0,-0.112,5.763,Malaysia_PHN,0,nein
port_dickson.csv,2.5167,101.7833,2026,"Port Dickson, Malaysia",harmonics_att_np203_scs.txt,0,9792,0.1091,0.358,0,0.082,3.315,Malaysia_PHN,0,nein
port_dickson.csv,2.5167,101.7833,2026,"Port Dickson, Malaysia (2)",harmonics_utide_tidetables.txt,0,9792,0.0578,0.223,0,0.06,3.396,Malaysia_PHN,0,nein
port_dickson.csv,2.5167,101.7833,2026,"Port Dickson, Malaysia",harmonics-1997-05-25_mod.txt,917,9792,0.0788,0.272,0,0.066,3.311,Malaysia_PHN,0,nein
sandakan.csv,5.8333,118.1167,2026,"Bandar Sandakan, Malaysia",harmonics_att_np203_scs.txt,0,9792,0.1113,0.432,0,0.155,2.5,Malaysia_PHN,0,nein
sarikei.csv,2.1333,111.5167,2026,"Sarikei, Malaysia",harmonics_att_np203_scs.txt,0,9451,0.7312,1.466,0,0.463,5.494,Malaysia_PHN,0,nein
semporna.csv,4.4833,118.6167,2026,"Semporna, Malaysia",harmonics_att_np203_scs.txt,0,9792,0.0925,0.273,0,0.144,2.034,Malaysia_PHN,0,nein
semporna.csv,4.4833,118.6167,2026,"Semporna, Malaysia",harmonics_noaa_cptt.txt,0,9792,0.1405,0.391,0,0.085,2.071,Malaysia_PHN,0,nein
tanjung_pelepas.csv,1.3500,103.5500,2026,"Tanjung Pelepas, Malaysia",harmonics_att_np203_scs_secondary.txt,0,9792,0.3314,0.877,-20,-0.399,3.577,Malaysia_PHN,0,nein
tanjung_sedili.csv,1.9305,104.1151,2026,"Tanjung Sedili, Malaysia",harmonics_ticon4_worldwide.txt,0,9791,0.0458,0.154,0,1.703,3.215,Malaysia_PHN,0,nein
beerkanaal.csv,51.9711,4.0973,2016,"Beerkanaal, Netherlands",harmonics_utide_observations.txt,2,52561,0.0602,0.255,0,-0.0,2.704,Netherlands,0,nein
beerkanaal.csv,51.9711,4.0973,2016,"Tennesseehaven, Netherlands",harmonics_utide_observations.txt,882,52561,0.0638,0.297,0,-0.0,2.714,Netherlands,0,nein
beerkanaal.csv,51.9711,4.0973,2016,"Hoek van Holland, Netherlands",harmonics_utide_observations.txt,1672,52561,0.0717,0.293,0,-0.0,2.53,Netherlands,0,nein
beerkanaal.csv,51.9711,4.0973,2016,"Rotterdam, Dintelhaven, Netherlands",harmonics_utide_observations.txt,2463,52561,0.0792,0.271,20,-0.03,2.516,Netherlands,0,nein
botlek.geulhaven.csv,51.8918,4.3125,2026,"Botlek Geulhaven, Netherlands",harmonics_utide_observations.txt,3,52561,0.0465,0.157,0,-0.0,2.387,Netherlands,0,nein
botlek.geulhaven.csv,51.8918,4.3125,2026,"Vlaardingen, Netherlands",harmonics_utide_observations.txt,2655,52561,0.0537,0.207,0,-0.005,2.411,Netherlands,0,nein
botlek.geulhaven.csv,51.8918,4.3125,2026,"Europoort, Hartelbrug, Netherlands",harmonics_utide_observations.txt,2848,52561,0.0712,0.225,0,0.005,2.219,Netherlands,0,nein
brouwersdam.brouwershavensegat.2.csv,51.7665,3.6217,2026,"Brouwersdam Brouwershavense Gat 2, Netherlands",harmonics_utide_observations.txt,4,52561,0.0507,0.185,0,-0.0,3.454,Netherlands,0,nein
brouwersdam.brouwershavensegat.8.csv,51.7479,3.8218,2026,"Brouwersdam Brouwershavense Gat 8, Netherlands",harmonics_utide_observations.txt,0,52561,0.0593,0.221,0,-0.0,3.547,Netherlands,0,nein
cadzand.2.csv,51.3793,3.3763,2026,"Cadzand, Netherlands",harmonics_utide_observations.txt,2,52561,0.0698,0.251,0,-0.004,5.172,Netherlands,0,nein
cadzand.2.csv,51.3793,3.3763,2026,"Cadzand, Netherlands",harmonics_ticon4_worldwide.txt,2,52561,0.1102,0.479,0,-0.03,5.147,Netherlands,0,nein
dalem.csv,51.8220,5.0165,2026,"Dalem, Netherlands",harmonics_utide_observations.txt,2,52561,0.0226,0.082,0,-0.215,0.626,Netherlands,0,nein
dalem.csv,51.8220,5.0165,2026,"Vuren (Waal), Netherlands",harmonics_ticon4_worldwide.txt,13,52561,0.1773,0.404,-110,0.89,1.052,Netherlands,0,nein
dalem.csv,51.8220,5.0165,2026,"Gorinchem (Boven Merwede), Netherlands",harmonics_ticon4_worldwide.txt,2869,52561,0.1542,0.435,-120,0.89,1.141,Netherlands,0,nein
dukegat.csv,53.4336,6.9261,2026,"Dukegat (Ems), Germany",harmonics_utide_observations.txt,1,52561,0.087,0.484,0,-0.003,3.669,Netherlands,0,nein
eemhaven.csv,51.8892,4.4176,2026,"Eemhaven, Netherlands",harmonics_utide_observations.txt,1,52561,0.0506,0.17,0,-0.0,2.491,Netherlands,0,nein
europahaven.csv,51.9622,4.0292,2026,"Europahaven, Netherlands",harmonics_utide_observations.txt,4,52561,0.0594,0.211,0,-0.005,2.743,Netherlands,0,nein
europahaven.csv,51.9622,4.0292,2026,"Maasvlakte Amaliahaven, Netherlands",harmonics_utide_observations.txt,2346,52561,0.0706,0.277,0,0.06,2.81,Netherlands,0,nein
gatvanborssele.csv,51.4114,3.7579,2026,"Gat van Borssele, Netherlands",harmonics_utide_observations.txt,1,52561,0.0747,0.279,0,-0.0,5.481,Netherlands,0,nein
gouda.hollandscheijssel.csv,52.0066,4.7197,2026,"Gouda Hollandsche IJssel, Netherlands",harmonics_utide_observations.txt,3,52561,0.0672,0.251,0,0.038,2.379,Netherlands,0,nein
haringvliet.10.csv,51.8628,3.8606,2026,"Haringvliet (punt 10), Netherlands",harmonics-dwf-20100529-nonfree_mod.txt,0,52561,0.0226,0.093,0,-1.19,3.019,Netherlands,0,nein
heesbeen.csv,51.7358,5.1247,2026,"Heesbeen, Netherlands",harmonics_utide_observations.txt,6,52561,0.0252,0.072,0,-0.037,0.448,Netherlands,0,nein
hellevoetsluis.csv,51.8197,4.1282,2026,"Hellevoetsluis, Netherlands",harmonics_utide_observations.txt,4,52561,0.0289,0.1,0,-0.028,0.535,Netherlands,0,nein
huibertgat.csv,53.5737,6.3984,2026,"Huibertgat, Netherlands",harmonics_utide_observations.txt,6,52561,0.0441,0.167,0,0.021,3.026,Netherlands,0,nein
ijgeul.1.csv,52.4639,4.5176,2026,"IJGeul 1 (IJmuiden Stroommeetpaal), Netherlands",harmonics_ticon4_worldwide.txt,5,52561,0.1015,0.426,-30,-0.06,2.318,Netherlands,0,nein
ijgeul.1.csv,52.4639,4.5176,2026,"IJGeul 1 (IJmuiden Stroommeetpaal), Netherlands",harmonics_utide_observations.txt,5,52561,0.05,0.205,0,-0.0,2.4,Netherlands,0,nein
ijgeul.1.csv,52.4639,4.5176,2026,"IJmuiden Zuidelijk Havenhoofd, Netherlands",harmonics_ticon4_worldwide.txt,995,52561,0.1085,0.393,0,-0.061,2.422,Netherlands,0,nein
ijgeul.1.csv,52.4639,4.5176,2026,"IJmuiden, buitenhaven, Netherlands",harmonics_utide_observations.txt,2536,52561,0.0497,0.198,0,-0.1,2.377,Netherlands,0,nein
kornwerderzand.waddenzee.buitenhaven.csv,53.0746,5.3348,2026,"Kornwerderzand Waddenzee buitenhaven, Netherlands",harmonics_utide_observations.txt,3,52561,0.0461,0.172,0,0.008,2.501,Netherlands,0,nein
kornwerderzand.waddenzee.buitenhaven.csv,53.0746,5.3348,2026,"Kornwerderzand, Netherlands",harmonics_ticon4_worldwide.txt,541,52561,0.0694,0.276,0,0.07,2.43,Netherlands,0,nein
krammersluizen.west.csv,51.6593,4.1443,2026,"Krammersluizen west, Netherlands",harmonics_utide_observations.txt,6,52561,0.0654,0.237,0,0.004,3.897,Netherlands,0,nein
maasmond.stroommeetpaal.csv,51.9922,4.0077,2020,"Maasmond (Stroommeetpaal), Netherlands",harmonics_ticon4_worldwide.txt,1,52561,0.1021,0.429,-30,0.09,2.5,Netherlands,0,nein
maasmond.stroommeetpaal.csv,51.9922,4.0077,2020,"Maasmond (Stroommeetpaal), Netherlands",harmonics_utide_observations.txt,1,52561,0.0503,0.211,0,-0.0,2.568,Netherlands,0,nein
maassluis.csv,51.9175,4.2498,2026,"Maassluis, Netherlands",harmonics_utide_observations.txt,1,52561,0.0477,0.17,0,0.075,2.313,Netherlands,0,nein
maassluis.csv,51.9175,4.2498,2026,"Rozenburgsesluis, noordzijde, Netherlands",harmonics_utide_observations.txt,2810,52561,0.1068,0.498,-20,0.12,2.775,Netherlands,0,nein
maasvlakte.amaliahaven.csv,51.9622,3.9950,2026,"Maasvlakte Amaliahaven, Netherlands",harmonics_utide_observations.txt,3,52561,0.0659,0.266,0,-0.0,2.81,Netherlands,0,nein
maasvlakte.amaliahaven.csv,51.9622,3.9950,2026,"Europahaven, Netherlands",harmonics_utide_observations.txt,2340,52561,0.0793,0.288,0,-0.065,2.743,Netherlands,0,nein
marollegat.csv,51.4797,4.1920,2026,"Marollegat, Netherlands",harmonics_utide_observations.txt,6,52561,0.0694,0.241,0,-0.0,4.525,Netherlands,0,nein
moerdijk.csv,51.7120,4.6150,2026,"Moerdijk, Netherlands",harmonics_utide_observations.txt,0,52561,0.0271,0.094,0,-0.028,0.522,Netherlands,0,nein
oosterschelde.roompotsluis.binnen.csv,51.6180,3.6880,2026,"Oosterschelde Roompotsluis binnen, Netherlands",harmonics_utide_observations.txt,0,52561,0.0512,0.16,0,-0.004,3.234,Netherlands,0,nein
oosterschelde.roompotsluis.binnen.csv,51.6180,3.6880,2026,"Oosterschelde Roompotsluis buiten, Netherlands",harmonics-dwf-20100529-nonfree_mod.txt,563,52561,0.161,0.771,-40,-1.7,3.925,Netherlands,0,nein
oosterschelde.roompotsluis.binnen.csv,51.6180,3.6880,2026,"Oosterschelde Roompotsluis buiten, Netherlands",harmonics_utide_observations.txt,563,52561,0.1647,0.763,-40,0.016,3.949,Netherlands,0,nein
oosterschelde.roompotsluis.binnen.csv,51.6180,3.6880,2026,"Roompot binnen, Netherlands",harmonics-dwf-20100529-nonfree_mod.txt,1892,52561,0.0215,0.094,0,-1.49,3.123,Netherlands,0,nein
oosterschelde.roompotsluis.buiten.csv,51.6190,3.6800,2026,"Oosterschelde Roompotsluis buiten, Netherlands",harmonics-dwf-20100529-nonfree_mod.txt,0,52561,0.0274,0.098,0,-1.72,3.925,Netherlands,0,nein
oosterschelde.roompotsluis.buiten.csv,51.6190,3.6800,2026,"Oosterschelde Roompotsluis buiten, Netherlands",harmonics_utide_observations.txt,0,52561,0.0626,0.227,0,-0.004,3.949,Netherlands,0,nein
oosterschelde.roompotsluis.buiten.csv,51.6190,3.6800,2026,"Oosterschelde Roompotsluis binnen, Netherlands",harmonics_utide_observations.txt,563,52561,0.1835,0.744,40,-0.024,3.234,Netherlands,0,nein
oosterschelde.roompotsluis.buiten.csv,51.6190,3.6800,2026,"Roompot binnen, Netherlands",harmonics-dwf-20100529-nonfree_mod.txt,2106,52561,0.1796,0.848,40,-1.51,3.123,Netherlands,0,nein
ossenisse.csv,51.4079,3.9668,2026,"Ossenisse, Netherlands",harmonics_utide_observations.txt,3,52561,0.0813,0.28,0,-0.0,5.773,Netherlands,0,nein
parksluis.csv,51.9065,4.4645,2026,"Parksluis, Netherlands",harmonics_utide_observations.txt,5,52561,0.0515,0.182,0,-0.0,2.511,Netherlands,0,nein
parksluis.csv,51.9065,4.4645,2026,"Rotterdam, Nieuwe Maas, Boerengat, Netherlands",harmonics_utide_observations.txt,2789,52561,0.0635,0.229,10,-0.022,2.416,Netherlands,0,nein
parksluis.csv,51.9065,4.4645,2026,"Rotterdam, Netherlands",harmonics_ticon4_worldwide.txt,2848,52561,0.0912,0.364,10,0.22,2.226,Netherlands,0,nein
schaarvandenoord.csv,51.3779,4.1650,2026,"Schaar van de Noord, Netherlands",harmonics_utide_observations.txt,4,52561,0.0935,0.338,0,-0.0,6.371,Netherlands,0,nein
scheurhaven.csv,51.9623,4.1388,2016,"Scheurhaven, Netherlands",harmonics_utide_observations.txt,1,52561,0.0631,0.277,0,-0.0,2.731,Netherlands,0,nein
scheurhaven.csv,51.9623,4.1388,2016,"Rotterdam, Dintelhaven, Netherlands",harmonics_utide_observations.txt,1531,52561,0.0829,0.291,20,-0.03,2.516,Netherlands,0,nein
scheurhaven.csv,51.9623,4.1388,2016,"Hoek van Holland, Maeslantkering, Beneden, noord, Netherlands",harmonics_utide_observations.txt,1616,52561,0.0994,0.432,10,-0.01,2.32,Netherlands,0,nein
scheurhaven.csv,51.9623,4.1388,2016,"Hoek van Holland, Netherlands",harmonics_utide_observations.txt,2080,52561,0.0757,0.313,0,-0.0,2.53,Netherlands,0,nein
schoonhoven.csv,51.9420,4.8500,2026,"Schoonhoven, Netherlands",harmonics_utide_observations.txt,0,52561,0.0404,0.133,0,-0.046,1.578,Netherlands,0,nein
tennesseehaven.csv,51.9635,4.0936,2026,"Tennesseehaven, Netherlands",harmonics_utide_observations.txt,3,52561,0.0571,0.219,0,-0.0,2.702,Netherlands,0,nein
tennesseehaven.csv,51.9635,4.0936,2026,"Beerkanaal, Netherlands",harmonics_utide_observations.txt,884,52561,0.0619,0.248,0,-0.0,2.696,Netherlands,0,nein
tennesseehaven.csv,51.9635,4.0936,2026,"Rotterdam, Dintelhaven, Netherlands",harmonics_utide_observations.txt,2119,52561,0.0881,0.343,20,-0.03,2.469,Netherlands,0,nein
tennesseehaven.csv,51.9635,4.0936,2026,"Hoek van Holland, Netherlands",harmonics_utide_observations.txt,2334,52561,0.0755,0.293,0,-0.0,2.529,Netherlands,0,nein
terschelling.noordzee.csv,53.4500,5.3333,2026,"Terschelling Noordzee, Netherlands",harmonics-dwf-20100529-nonfree_mod.txt,0,52561,0.0182,0.063,0,-1.47,2.826,Netherlands,0,nein
terschelling.noordzee.csv,53.4500,5.3333,2026,"Terschelling, Noordzee, Netherlands",harmonics_utide_observations.txt,836,52561,0.0362,0.144,0,0.012,2.903,Netherlands,0,nein
texel.noordzee.csv,53.1206,4.7332,2026,"Texel (Noordzee), Netherlands",harmonics_ticon4_worldwide.txt,1,52561,0.0744,0.306,0,-0.0,2.492,Netherlands,0,nein
texel.noordzee.csv,53.1206,4.7332,2026,"Texel (Noordzee), Netherlands",harmonics_utide_observations.txt,1,52561,0.0433,0.19,0,-0.008,2.619,Netherlands,0,nein
texel.oudeschild.csv,53.0388,4.8502,2026,"Oudeschild (Texel), Netherlands",harmonics_ticon4_worldwide.txt,4,52561,0.0604,0.255,0,0.04,2.117,Netherlands,0,nein
texel.oudeschild.csv,53.0388,4.8502,2026,"Texel, Oudeschild, Netherlands",harmonics_utide_observations.txt,4,52561,0.0372,0.151,0,-0.004,2.167,Netherlands,0,nein
vlaardingen.csv,51.8996,4.3490,2026,"Vlaardingen, Netherlands",harmonics_utide_observations.txt,5,52561,0.0518,0.193,0,0.075,2.411,Netherlands,0,nein
vlaardingen.csv,51.8996,4.3490,2026,"Botlek Geulhaven, Netherlands",harmonics_utide_observations.txt,2648,52561,0.0544,0.208,0,0.08,2.387,Netherlands,0,nein
vlaktevanderaan.csv,51.5037,3.2422,2026,"Vlakte van de Raan, Netherlands",harmonics_utide_observations.txt,3,52561,0.0595,0.215,0,-0.0,4.697,Netherlands,0,nein
vlieland.haven.csv,53.3000,5.1000,2026,"Vlieland haven, Netherlands",harmonics-dwf-20100529-nonfree_mod.txt,0,52561,0.0211,0.072,0,-1.37,2.648,Netherlands,0,nein
vlieland.haven.csv,53.3000,5.1000,2026,"Vlieland, haven, Netherlands",harmonics_utide_observations.txt,713,52561,0.0366,0.138,0,0.008,2.686,Netherlands,0,nein
vlissingen.csv,51.4420,3.6000,2026,"Vlissingen, Netherlands",harmonics_utide_observations.txt,0,52561,0.0717,0.26,0,0.004,5.234,Netherlands,0,nein
walsoorden.csv,51.3984,4.0262,2026,"Walsoorden, Netherlands",harmonics_utide_observations.txt,3,52561,0.0867,0.303,0,-0.0,6.075,Netherlands,0,nein
westkapelle.csv,51.5214,3.4400,2026,"Westkapelle, Netherlands",harmonics_utide_observations.txt,6,52561,0.0649,0.237,0,-0.0,4.744,Netherlands,0,nein
wierumergronden.csv,53.5158,5.9583,2026,"Wierumergronden, Netherlands",harmonics_utide_observations.txt,4,52561,0.0386,0.142,0,0.0,2.865,Netherlands,0,nein
willemstad.hollandschdiep.csv,51.6950,4.4216,2026,"Willemstad (Hollandsch Diep), Netherlands",harmonics_ticon4_worldwide.txt,4,52561,0.0255,0.083,-120,0.49,0.547,Netherlands,0,nein
willemstad.hollandschdiep.csv,51.6950,4.4216,2026,"Willemstad, Hollandsch Diep, Netherlands",harmonics_utide_observations.txt,1026,52561,0.0276,0.097,0,-0.028,0.538,Netherlands,0,nein
yerseke.csv,51.5062,4.0751,2026,"Yerseke, Netherlands",harmonics_utide_observations.txt,6,52561,0.0645,0.215,0,-0.0,4.286,Netherlands,0,nein
01650_Souris_wlo.csv,46.3496,-62.2518,2025,"Souris, Prince Edward Island, Canada",harmonics_utide_tidetables.txt,0,20736,0.1396,0.702,-10,0.398,1.687,Canada_IWLS_PEI,0,nein
01650_Souris_wlp.csv,46.3496,-62.2518,2025,"Souris, Prince Edward Island, Canada",harmonics_utide_tidetables.txt,0,35051,0.0089,0.033,0,0.0,1.687,Canada_IWLS_PEI,0,nein
01660_Georgetown_wlp.csv,46.1795,-62.5316,2025,"Georgetown Harbour, Prince Edward Island, Canada",harmonics_utide_tidetables.txt,0,35051,0.0113,0.045,0,-0.0,1.955,Canada_IWLS_PEI,0,nein
01662_Montague_wlp.csv,46.1647,-62.6463,2025,"Montague, Prince Edward Island, Canada",harmonics_utide_tidetables.txt,0,35051,0.0113,0.047,0,-0.0,1.852,Canada_IWLS_PEI,0,nein
01662_Montague_wlp.csv,46.1647,-62.6463,2025,"Montague, Prince Edward Island, Canada",harmonics-2004-06-14_mod.txt,4,35051,0.017,0.07,0,-0.0,1.841,Canada_IWLS_PEI,0,nein
01665_Graham_Pond_wlp.csv,46.0960,-62.4537,2025,"Graham Pond, Prince Edward Island, Canada",harmonics_utide_tidetables.txt,0,35051,0.0095,0.035,0,0.0,1.72,Canada_IWLS_PEI,0,nein
01670_Murray_Harbour_wlp.csv,46.0055,-62.5235,2025,"Murray Harbour, Prince Edward Island, Canada",harmonics_utide_tidetables.txt,0,35051,0.0113,0.043,0,0.0,1.917,Canada_IWLS_PEI,0,nein
01680_Wood_Islands_wlo.csv,45.9529,-62.7494,2025,"Wood Islands, Prince Edward Island, Canada",harmonics_utide_tidetables.txt,0,33524,0.1638,0.775,0,0.119,2.217,Canada_IWLS_PEI,0,nein
01680_Wood_Islands_wlp.csv,45.9529,-62.7494,2025,"Wood Islands, Prince Edward Island, Canada",harmonics_utide_tidetables.txt,0,35051,0.0136,0.054,0,0.0,2.217,Canada_IWLS_PEI,0,nein
01690_Prim_Point_wlp.csv,46.0562,-63.0302,2025,"Prim Point, Prince Edward Island, Canada",harmonics_utide_tidetables.txt,0,35051,0.0165,0.059,0,0.0,2.794,Canada_IWLS_PEI,0,nein
01700_Charlottetown_wlp.csv,46.2301,-63.1222,2025,"Charlottetown, Prince Edward Island, Canada",harmonics_utide_tidetables.txt,0,35051,0.0219,0.099,0,0.0,2.926,Canada_IWLS_PEI,0,nein
01700_Charlottetown_wlp.csv,46.2301,-63.1222,2025,"Charlottetown, Prince Edward Island, Canada",harmonics_utide_observations.txt,3,35051,0.0388,0.146,0,-0.085,2.984,Canada_IWLS_PEI,1,nein
01725_Port_Borden_wlp.csv,46.2461,-63.7007,2025,"Port Borden, Prince Edward Island, Canada",harmonics_utide_tidetables.txt,0,35051,0.0194,0.07,0,0.0,2.475,Canada_IWLS_PEI,0,nein
01725_Port_Borden_wlp.csv,46.2461,-63.7007,2025,"Port Borden, Prince Edward Island, Canada",harmonics-2004-06-14_mod.txt,3,35051,0.0181,0.065,0,0.0,2.483,Canada_IWLS_PEI,0,nein
01735_Summerside_wlp.csv,46.3865,-63.7896,2025,"Summerside, Prince Edward Island, Canada",harmonics_utide_tidetables.txt,0,35051,0.0147,0.06,0,-0.0,1.908,Canada_IWLS_PEI,0,nein
01735_Summerside_wlp.csv,46.3865,-63.7896,2025,"Summerside, Prince Edward Island, Canada",harmonics-2004-06-14_mod.txt,4,35051,0.0222,0.1,0,-0.0,1.928,Canada_IWLS_PEI,0,nein
01780_Tidnish_wlp.csv,45.9976,-64.0074,2025,"Tidnish, Nova Scotia, Canada",harmonics_utide_tidetables.txt,4,35051,0.0427,0.151,0,0.02,2.871,Canada_IWLS_PEI,0,nein
01780_Tidnish_wlp.csv,45.9976,-64.0074,2025,"Tidnish Head, New Brunswick, Canada",harmonics-2004-06-14_mod.txt,22,35051,0.042,0.144,0,-0.0,2.922,Canada_IWLS_PEI,0,nein
01780_Tidnish_wlp.csv,45.9976,-64.0074,2025,"Tidnish Head, Baie Verte, Nova Scotia, Canada",harmonics_noaa_amtt.txt,2242,35051,0.1911,0.587,0,0.008,3.442,Canada_IWLS_PEI,0,nein
01785_Port_Elgin_wlp.csv,46.0519,-64.0828,2025,"Port Elgin, New Brunswick, Canada",harmonics_utide_tidetables.txt,4,35051,0.0193,0.075,0,0.0,2.805,Canada_IWLS_PEI,0,nein
01790_Cape_Tormentine_wlp.csv,46.1347,-63.7768,2025,"Cape Tormentine, New Brunswick, Canada",harmonics_utide_tidetables.txt,2,35051,0.0191,0.082,0,-0.0,2.373,Canada_IWLS_PEI,0,nein
01800_Cap_Pelé_wlp.csv,46.2358,-64.2613,2025,"Cap Pelé (Cape Bald), New Brunswick, Canada",harmonics_utide_tidetables.txt,4,35051,0.0079,0.03,0,0.0,1.536,Canada_IWLS_PEI,0,nein
01835_Cape_Egmont_wlp.csv,46.4082,-64.1336,2025,"Cape Egmont, Prince Edward Island, Canada",harmonics_utide_tidetables.txt,0,35051,0.0122,0.047,0,-0.0,1.594,Canada_IWLS_PEI,0,nein
01845_West_Point_wlp.csv,46.6201,-64.3718,2025,"West Point, Prince Edward Island, Canada",harmonics_utide_tidetables.txt,0,35051,0.0104,0.039,0,0.0,1.414,Canada_IWLS_PEI,0,nein
01855_Miminegash_wlp.csv,46.8801,-64.2344,2025,"Miminegash, Prince Edward Island, Canada",harmonics_utide_tidetables.txt,0,35051,0.0063,0.024,0,0.0,1.281,Canada_IWLS_PEI,0,nein
01860_Skinners_Pond_wlp.csv,46.9642,-64.1229,2025,"Skinner's Pond, Prince Edward Island, Canada",harmonics_utide_tidetables.txt,0,35051,0.0078,0.034,0,-0.0,1.257,Canada_IWLS_PEI,0,nein
01865_North_Point_wlp.csv,47.0582,-63.9960,2025,"North Point, Prince Edward Island, Canada",harmonics_utide_tidetables.txt,0,35051,0.0063,0.024,0,0.0,1.289,Canada_IWLS_PEI,0,nein
01875_Tignish_wlp.csv,46.9509,-63.9938,2025,"Tignish, Prince Edward Island, Canada",harmonics_utide_tidetables.txt,0,35051,0.0064,0.024,0,0.0,1.298,Canada_IWLS_PEI,0,nein
01885_Alberton_wlp.csv,46.7951,-64.0583,2025,"Alberton, Prince Edward Island, Canada",harmonics_utide_tidetables.txt,0,35051,0.0053,0.018,0,0.0,1.085,Canada_IWLS_PEI,0,nein
01905_Malpeque_wlp.csv,46.5240,-63.6966,2025,"Malpeque, Prince Edward Island, Canada",harmonics_utide_tidetables.txt,0,35051,0.0061,0.023,0,-0.0,1.269,Canada_IWLS_PEI,0,nein
01918_Covehead_wlp.csv,46.4290,-63.1461,2025,"Covehead, Prince Edward Island, Canada",harmonics_utide_tidetables.txt,0,35051,0.0198,1.98,0,-0.0,1.209,Canada_IWLS_PEI,0,nein
01945_Naufrage_wlp.csv,46.4684,-62.4172,2025,"Naufrage, Prince Edward Island, Canada",harmonics_utide_tidetables.txt,0,35051,0.034,0.068,0,-0.0,1.29,Canada_IWLS_PEI,0,nein
01945_Naufrage_wlp.csv,46.4684,-62.4172,2025,"Naufrage, Prince Edward Island, Canada",harmonics-2004-06-14_mod.txt,4,35051,0.0328,0.095,0,-0.0,1.328,Canada_IWLS_PEI,0,nein
01955_North_Lake_Harbour_wlp.csv,46.4670,-62.0688,2025,"North Lake Harbour, Prince Edward Island, Canada",harmonics_utide_tidetables.txt,0,35051,0.0057,0.021,0,0.0,1.107,Canada_IWLS_PEI,0,nein
h728_point_fortin.csv,10.1901,-61.6889,1996,"Point Fortin, Trinidad and Tobago",harmonics_ticon4_worldwide.txt,0,8525,0.0646,0.302,0,0.871,1.677,TrinidadTobago_UHSLC,1,nein
h728_point_fortin.csv,10.1901,-61.6889,1996,"Point Fortin, Trinidad and Tobago",harmonics_utide_observations.txt,16,8525,0.0633,0.29,0,0.871,1.684,TrinidadTobago_UHSLC,0,nein
h728_point_fortin.csv,10.1900,-61.6890,1996,"Point Fortin, Trinidad and Tobago",harmonics_utide_observations.txt,0,8525,0.0633,0.29,0,0.871,1.684,TrinidadTobago_UHSLC,1,nein
h728_point_fortin.csv,10.1900,-61.6890,1996,"Point Fortin, Trinidad and Tobago",harmonics_ticon4_worldwide.txt,16,8525,0.0646,0.302,0,0.871,1.677,TrinidadTobago_UHSLC,0,nein
h248_port_of_spain.csv,10.6500,-61.5170,1992,"Port of Spain, Trinidad and Tobago",harmonics_ticon4_worldwide.txt,0,7110,0.0529,0.23,-10,0.79,1.312,TrinidadTobago_UHSLC,1,nein
h248_port_of_spain.csv,10.6500,-61.5170,1992,"Port of Spain, Trinidad and Tobago",harmonics_utide_observations.txt,0,7110,0.0517,0.252,-10,0.79,1.322,TrinidadTobago_UHSLC,0,nein
h248_port_of_spain.csv,10.6500,-61.5170,1992,"Port of Spain, Trinidad and Tobago",harmonics_ticon4_worldwide.txt,0,7110,0.0529,0.23,-10,0.79,1.312,TrinidadTobago_UHSLC,0,nein
h248_port_of_spain.csv,10.6500,-61.5170,1992,"Port of Spain, Trinidad and Tobago",harmonics_utide_observations.txt,0,7110,0.0517,0.252,-10,0.79,1.322,TrinidadTobago_UHSLC,1,nein
h247_la_guaira.csv,10.6041,-66.9315,1994,"La Guaira, Venezuela",harmonics_ticon4_worldwide.txt,0,8611,0.0622,0.364,0,1.255,0.6,Venezuela_UHSLC,1,nein
h247_la_guaira.csv,10.6041,-66.9315,1994,"La Guaira, Venezuela",harmonics_utide_observations.txt,0,8611,0.0617,0.357,0,1.255,0.586,Venezuela_UHSLC,0,nein
h247_la_guaira.csv,10.6041,-66.9315,1994,"La Guaira, Venezuela",harmonics_ticon4_worldwide.txt,0,8611,0.0622,0.364,0,1.255,0.6,Venezuela_UHSLC,0,nein
h247_la_guaira.csv,10.6041,-66.9315,1994,"La Guaira, Venezuela",harmonics_utide_observations.txt,0,8611,0.0617,0.357,0,1.255,0.586,Venezuela_UHSLC,1,nein
h272_pointe_a_pitre.csv,16.2244,-61.5314,2007,"Pointe-à-Pitre, Guadeloupe",harmonics_utide_observations.txt,0,8761,0.0431,0.242,0,0.555,0.649,Guadeloupe_UHSLC,1,ja
h272_pointe_a_pitre.csv,16.2244,-61.5314,2007,"Pointe-à-Pitre, Guadeloupe",harmonics_utide_observations.txt,6,8761,0.0431,0.242,0,0.555,0.649,Guadeloupe_UHSLC,0,ja
h271_fort_de_france.csv,14.6019,-61.0636,2015,"Fort-de-France, Martinique",harmonics_utide_observations.txt,0,8761,0.0436,0.171,0,0.006,0.54,Martinique_UHSLC,1,ja
h271_fort_de_france.csv,14.6019,-61.0636,2015,"Fort-de-France, Martinique",harmonics_utide_observations.txt,4,8761,0.0436,0.171,0,0.006,0.54,Martinique_UHSLC,0,ja
AGADIR.csv,30.4208,-9.6378,2026,"Agadir, Morocco",harmonics-1997-05-25_mod.txt,0,103680,0.071,0.258,0,0.056,3.154,France_SHOM,0,nein
AGADIR.csv,30.4208,-9.6378,2026,"Agadir, Morocco",harmonics_utide_tidetables.txt,0,103680,0.0311,0.123,0,-0.0,3.248,France_SHOM,1,nein
AGADIR.csv,30.4208,-9.6378,2026,"Agadir, Morocco",harmonics_att_np208.txt,29,103680,0.0757,0.293,0,0.076,3.028,France_SHOM,0,nein
AHE_TENUKUPARA.csv,-14.5380,-146.3572,2026,"Ahe, French Polynesia",harmonics_utide_tidetables.txt,0,103680,0.0062,0.024,0,0.0,0.438,France_SHOM,1,nein
ALDERNEY_BRAYE.csv,49.7255,-2.2000,2026,"Braye Bay, Alderney, Channel Islands",harmonics-pierre-lavergne-v10_mod.txt,0,103680,0.1036,0.479,0,0.0,6.398,France_SHOM,0,nein
ALDERNEY_BRAYE.csv,49.7255,-2.2000,2026,"Braye Bay, Alderney, Channel Islands",harmonics_utide_tidetables.txt,0,103680,0.0664,0.29,0,-0.0,6.587,France_SHOM,1,nein
ALDERNEY_BRAYE.csv,49.7255,-2.2000,2026,"Braye, Alderney, Channel Islands",harmonics_utide_tidetables.txt,287,103680,0.1889,0.623,10,-0.08,6.442,France_SHOM,0,nein
ALPHA-BAIE_DE_SEINE.csv,49.8597,-0.3887,2026,"Alpha-Baie de Seine, France",harmonics_utide_tidetables.txt,0,103680,0.0831,0.367,0,0.0,6.456,France_SHOM,1,nein
ANSE_LONGUE_NAMAOURA.csv,-22.1400,166.2183,2026,"Anse Longue Namaoura, New Caledonia",harmonics_utide_tidetables.txt,0,103680,0.0301,0.088,0,0.0,1.615,France_SHOM,1,nein
PRIMEL.csv,48.7156,-3.8142,2026,"Anse de Primel, France",harmonics-pierre-lavergne-v10_mod.txt,0,103680,0.1307,0.509,0,0.138,9.14,France_SHOM,0,nein
PRIMEL.csv,48.7156,-3.8142,2026,"Anse de Primel, France",harmonics_utide_tidetables.txt,0,103680,0.0928,0.435,0,0.0,9.065,France_SHOM,1,nein
ANTSIRANANA.csv,-12.2672,49.2886,2026,"Antsiranana (Diego Suarez), Madagascar",harmonics_att_np203.txt,0,103680,0.0845,0.344,0,-0.0,2.241,France_SHOM,0,nein
ANTSIRANANA.csv,-12.2672,49.2886,2026,"Antsiranana (Diego-Suarez), Madagascar",harmonics-1997-05-25_mod.txt,0,103680,0.0891,0.394,0,-0.001,2.519,France_SHOM,0,nein
ANTSIRANANA.csv,-12.2672,49.2886,2026,"Antsiranana (Diego-Suarez), Madagascar",harmonics_utide_tidetables.txt,0,103680,0.0583,0.198,0,-0.0,2.146,France_SHOM,1,nein
ARCACHON_EYRAC.csv,44.6649,-1.1635,2026,"Arcachon (Jetée d'Eyrac), France",harmonics_utide_tidetables.txt,0,103680,0.0686,0.307,0,0.0,4.512,France_SHOM,1,nein
ARCACHON_EYRAC.csv,44.6649,-1.1635,2026,"Arcachon (Jetée d'Eyrac), France",harmonics_utide_observations.txt,12,103680,0.0595,0.256,0,-0.015,4.641,France_SHOM,0,nein
ARRADON.csv,47.6142,-2.8294,2026,"Arradon, France",harmonics-pierre-lavergne-v10_mod.txt,0,103680,0.1036,0.423,0,-0.41,3.137,France_SHOM,0,nein
ARRADON.csv,47.6142,-2.8294,2026,"Arradon, France",harmonics_utide_tidetables.txt,0,103680,0.0581,0.2,0,0.0,2.896,France_SHOM,1,nein
ARROMANCHES-LES-BAINS.csv,49.3555,-0.6200,2026,"Arromanches-les-Bains, France",harmonics-pierre-lavergne-v10_mod.txt,0,103680,0.1662,0.684,0,0.0,7.791,France_SHOM,0,nein
ARROMANCHES-LES-BAINS.csv,49.3555,-0.6200,2026,"Arromanches-les-Bains, France",harmonics_utide_tidetables.txt,0,103680,0.0985,0.414,0,0.0,7.147,France_SHOM,1,nein
ARUTUA.csv,-15.3667,-146.6167,2026,"Arutua, French Polynesia",harmonics_utide_tidetables.txt,0,103680,0.0108,0.032,0,-0.0,0.517,France_SHOM,1,nein
SAFI_SUD.csv,32.1715,-9.2683,2026,"Atlantic Safi Port, Morocco",harmonics_utide_tidetables.txt,0,103680,0.0422,0.161,0,-0.0,3.37,France_SHOM,1,nein
AURAY_SAINT-GOUSTAN.csv,47.6638,-2.9779,2026,"Auray (St-Goustan), France",harmonics-pierre-lavergne-v10_mod.txt,0,103680,0.086,0.403,0,-0.229,4.827,France_SHOM,0,nein
AURAY_SAINT-GOUSTAN.csv,47.6638,-2.9779,2026,"Auray (St-Goustan), France",harmonics_utide_tidetables.txt,0,103680,0.0607,0.249,0,0.0,4.719,France_SHOM,1,nein
BAIE_DE_CHASSELOUP.csv,-20.9663,164.6600,2026,"Baie Chasseloup, New Caledonia",harmonics_utide_tidetables.txt,0,103680,0.047,0.107,0,-0.0,1.578,France_SHOM,1,nein
BAIE_HOPEFUL.csv,-49.0800,69.6100,2026,"Baie Hopeful, Kerguelen",harmonics_utide_tidetables.txt,0,103680,0.0176,0.07,0,0.0,1.836,France_SHOM,1,nein
BAIE_LAROSE.csv,-49.5858,69.2968,2026,"Baie Larose, Kerguelen",harmonics_utide_tidetables.txt,0,103680,0.0166,0.057,0,-0.0,1.367,France_SHOM,1,nein
BAIE_LAROSE.csv,-49.5858,69.2968,2026,"Baie Larose, French Southern Territories",harmonics_att_np203_secondary.txt,387,103558,0.0743,0.225,720,0.002,1.171,France_SHOM,0,nein
BAIE_NORVEGIENNE.csv,-49.3617,70.3517,2026,"Baie Norvégienne, Kerguelen",harmonics_utide_tidetables.txt,0,103680,0.0234,0.091,0,-0.0,1.914,France_SHOM,1,nein
BAIE_NORVEGIENNE.csv,-49.3617,70.3517,2026,"Baie Norvegienne, French Southern Territories",harmonics_att_np203_secondary.txt,602,103558,0.1016,0.305,720,0.002,1.641,France_SHOM,0,nein
BAIE_OISEAU.csv,-48.6783,69.0273,2026,"Baie Oiseau, Kerguelen",harmonics_utide_tidetables.txt,0,103680,0.02,0.067,0,-0.0,1.18,France_SHOM,1,nein
BAIE_OISEAU.csv,-48.6783,69.0273,2026,"Baie de l'Oiseau, French Southern Territories",harmonics_att_np203_secondary.txt,670,103680,0.0959,0.27,20,0.26,0.983,France_SHOM,0,nein
OUARA.csv,-22.4230,166.8433,2026,"Baie Ouara, New Caledonia",harmonics_utide_tidetables.txt,0,103680,0.0104,0.043,0,-0.0,1.309,France_SHOM,1,nein
BAIE_DE_BANARE_POUM.csv,-20.2268,164.0353,2026,"Baie de Banaré (Poum), New Caledonia",harmonics_utide_tidetables.txt,0,103680,0.0279,0.081,0,0.0,1.516,France_SHOM,1,nein
BAIE_DE_GADJI.csv,-22.1741,166.3888,2026,"Baie de Gadji, New Caledonia",harmonics_utide_tidetables.txt,0,103680,0.0348,0.095,0,-0.0,1.631,France_SHOM,1,nein
BAIE_DE_GOMEN.csv,-20.7567,164.4017,2026,"Baie de Gomen, New Caledonia",harmonics_utide_tidetables.txt,0,103680,0.0651,0.154,0,0.0,1.581,France_SHOM,1,nein
KOUAKOUE.csv,-21.9328,166.6692,2026,"Baie de Kouakoué, New Caledonia",harmonics_utide_tidetables.txt,0,103680,0.0358,0.092,0,-0.0,1.441,France_SHOM,1,nein
KUTO.csv,-22.6603,167.4372,2026,"Baie de Kuto, New Caledonia",harmonics_utide_tidetables.txt,0,103680,0.0267,0.079,0,-0.0,1.233,France_SHOM,1,nein
OUESSANT_LAMPAUL.csv,48.4542,-5.0964,2026,"Baie de Lampaul (Île d'Ouessant), France",harmonics-pierre-lavergne-v10_mod.txt,0,103680,0.0757,0.362,0,0.133,6.872,France_SHOM,0,nein
OUESSANT_LAMPAUL.csv,48.4542,-5.0964,2026,"Baie de Lampaul (Île d'Ouessant), France",harmonics_utide_tidetables.txt,0,103680,0.07,0.307,0,0.0,6.926,France_SHOM,1,nein
OUESSANT_LAMPAUL.csv,48.4542,-5.0964,2026,"Île d'Ouessant, France",harmonics_noaa_eutt.txt,537,103680,0.2719,0.781,0,-0.386,6.905,France_SHOM,0,nein
RHO.csv,-21.3933,167.8700,2026,"Baie de Ro, New Caledonia",harmonics_utide_tidetables.txt,0,103680,0.026,0.072,0,-0.0,1.353,France_SHOM,1,nein
TOUHO.csv,-20.7750,165.2358,2026,"Baie de Touho, New Caledonia",harmonics_utide_tidetables.txt,0,103680,0.0293,0.082,0,0.0,1.496,France_SHOM,1,nein
BAIE_DU_PRONY.csv,-22.3137,166.8357,2026,"Baie du Prony, New Caledonia",harmonics_utide_tidetables.txt,0,103680,0.0306,0.078,0,-0.0,1.265,France_SHOM,1,nein
BAIE_DU_STIFF.csv,48.4680,-5.0540,2026,"Baie du Stiff (Île d'Ouessant), France",harmonics_utide_tidetables.txt,0,103680,0.0997,0.323,0,-0.0,7.292,France_SHOM,1,nein
BANC_DE_LA_ZELEE.csv,-12.3408,46.3113,2026,"Banc de la Zélée, Îles Éparses",harmonics_utide_tidetables.txt,0,103680,0.0528,0.164,0,-0.0,3.812,France_SHOM,1,nein
SANDETTIE_EST.csv,51.2500,2.0500,2026,"Banc de Sandettié, France",harmonics-pierre-lavergne-v10_mod.txt,0,103680,0.2486,0.989,-10,-0.414,7.024,France_SHOM,0,nein
SANDETTIE_EST.csv,51.2500,2.0500,2026,"Banc de Sandettié, France",harmonics_utide_tidetables.txt,0,103680,0.0929,0.396,0,0.0,5.55,France_SHOM,1,nein
VERGOYER_EST.csv,50.5942,1.3303,2026,"Banc du Vergoyer, France",harmonics_utide_tidetables.txt,0,103680,0.1283,0.523,0,0.0,8.876,France_SHOM,1,nein
BARFLEUR.csv,49.6719,-1.2577,2026,"Barfleur, France",harmonics-pierre-lavergne-v10_mod.txt,0,103680,0.1033,0.45,0,0.082,6.412,France_SHOM,0,nein
BARFLEUR.csv,49.6719,-1.2577,2026,"Barfleur, France",harmonics_utide_tidetables.txt,0,103680,0.0846,0.365,0,0.0,6.156,France_SHOM,1,nein
BASSAS_DA_INDIA.csv,-21.4740,39.7297,2026,"Bassas da India, Îles Éparses",harmonics_utide_tidetables.txt,0,103680,0.0339,0.133,0,-0.0,3.721,France_SHOM,1,nein
BASSE_TERRE.csv,15.9955,-61.7330,2026,"Basse-Terre, Guadeloupe",harmonics_utide_tidetables.txt,0,103680,0.0434,0.085,0,-0.0,0.507,France_SHOM,1,nein
BASTIA.csv,42.7000,9.4550,2026,"Bastia, France",harmonics_utide_tidetables.txt,0,103680,0.0517,0.096,0,-0.0,0.381,France_SHOM,1,nein
BASTIA.csv,42.7000,9.4550,2026,"Bastia, France",harmonics-pierre-lavergne-v10_mod.txt,77,103680,0.0362,0.092,0,0.063,0.402,France_SHOM,0,nein
BOUEE_FORT-MAHON.csv,50.3417,1.5158,2026,"Berck Plage - Fort Mahon, France",harmonics-pierre-lavergne-v10_mod.txt,0,103680,0.2077,0.839,0,-0.098,10.42,France_SHOM,0,nein
BOUEE_FORT-MAHON.csv,50.3417,1.5158,2026,"Berck Plage - Fort Mahon, France",harmonics_utide_tidetables.txt,0,103680,0.1349,0.57,0,-0.0,9.695,France_SHOM,1,nein
BEYROUTH.csv,33.9092,35.5306,2026,"Beirut (Beyrouth), Lebanon",harmonics_att_np208_secondary.txt,0,103558,0.066,0.216,720,0.405,0.406,France_SHOM,0,nein
BEYROUTH.csv,33.9092,35.5306,2026,"Beirut (Beyrouth), Lebanon",harmonics_utide_tidetables.txt,0,103680,0.007,0.029,0,-0.0,0.558,France_SHOM,1,nein
BINIC.csv,48.6011,-2.8153,2026,"Binic, France",harmonics-pierre-lavergne-v10_mod.txt,0,103680,0.2139,1.001,0,0.004,11.81,France_SHOM,0,nein
BINIC.csv,48.6011,-2.8153,2026,"Binic, France",harmonics_utide_tidetables.txt,0,103680,0.1334,0.643,0,0.0,11.67,France_SHOM,1,nein
BISCARROSSE.csv,44.4449,-1.2562,2026,"Biscarrosse, France",harmonics-pierre-lavergne-v10_mod.txt,0,103680,0.1092,0.33,20,0.287,4.095,France_SHOM,0,nein
BISCARROSSE.csv,44.4449,-1.2562,2026,"Biscarrosse, France",harmonics_utide_tidetables.txt,0,103680,0.0419,0.175,0,0.0,4.517,France_SHOM,1,nein
BOLAMA.csv,11.5788,-15.4710,2026,"Bolama, Guinea-Bissau",harmonics-1997-05-25_mod.txt,0,103680,0.0464,0.163,0,-0.0,5.537,France_SHOM,0,nein
BOLAMA.csv,11.5788,-15.4710,2026,"Porto de Bolama, Guinea-Bissau",harmonics_noaa_eutt.txt,0,103680,0.2523,0.778,0,0.074,5.375,France_SHOM,0,nein
BOLAMA.csv,11.5788,-15.4710,2026,"Bolama, Guinea-Bissau",harmonics_utide_tidetables.txt,0,103680,0.0444,0.167,0,0.0,5.54,France_SHOM,1,nein
BONIFACIO.csv,41.3893,9.1639,2026,"Bonifacio, France",harmonics_utide_tidetables.txt,0,103680,0.0454,0.089,0,0.0,0.383,France_SHOM,1,nein
BOUJDOUR.csv,26.1161,-14.4967,2026,"Boujdour, Western Sahara",harmonics_utide_tidetables.txt,0,103680,0.0362,0.118,0,0.0,2.551,France_SHOM,1,nein
BOURAIL.csv,-21.6238,165.4587,2026,"Bourail, New Caledonia",harmonics_utide_tidetables.txt,0,103680,0.0312,0.085,0,-0.0,1.556,France_SHOM,1,nein
L_ECREVIERE.csv,49.2550,-1.8683,2026,"Bouée Ecrevière, Channel Islands",harmonics_utide_tidetables.txt,0,103680,0.1424,0.726,0,0.0,11.651,France_SHOM,1,nein
BOUEE_FROMENTINE.csv,46.8847,-2.1932,2026,"Bouée Fromentine, France",harmonics_utide_tidetables.txt,0,103680,0.0677,0.301,0,-0.0,5.276,France_SHOM,1,nein
BOUEE_LE_GOELAND.csv,47.0000,-2.1000,2026,"Bouée Le Goéland, France",harmonics_utide_tidetables.txt,0,103680,0.0949,0.402,0,0.0,6.125,France_SHOM,1,nein
ENTREE_BAIE_DE_SOMME.csv,50.2352,1.4723,2026,"Bouée entrée Baie de Somme (AT-SO), France",harmonics_utide_tidetables.txt,0,103680,0.1443,0.587,0,-0.0,9.766,France_SHOM,1,nein
BREHEC.csv,48.7265,-2.9458,2026,"Brehec, France",harmonics_utide_tidetables.txt,0,103680,0.128,0.623,0,0.0,11.32,France_SHOM,1,nein
BRIGNOGAN.csv,48.6678,-4.3223,2026,"Brignogan-Plage, France",harmonics-pierre-lavergne-v10_mod.txt,0,103680,0.1032,0.475,0,0.002,8.512,France_SHOM,0,nein
BRIGNOGAN.csv,48.6678,-4.3223,2026,"Brignogan-Plage, France",harmonics_utide_tidetables.txt,0,103680,0.0875,0.379,0,0.0,8.456,France_SHOM,1,nein
BUBAQUE.csv,11.3000,-15.8263,2026,"Bubaque, Guinea-Bissau",harmonics-1997-05-25_mod.txt,0,103680,0.038,0.139,0,-0.0,4.441,France_SHOM,0,nein
BUBAQUE.csv,11.3000,-15.8263,2026,"Bubaque, Guinea-Bissau",harmonics_utide_tidetables.txt,0,103680,0.0361,0.134,0,-0.0,4.45,France_SHOM,1,nein
BENODET.csv,47.8810,-4.1158,2026,"Bénodet (L'Odet), France",harmonics_utide_tidetables.txt,0,103680,0.0547,0.199,0,0.0,5.083,France_SHOM,1,nein
BENODET.csv,47.8810,-4.1158,2026,"Bénodet (L'Odet), France",harmonics_ticon4_worldwide.txt,16,103680,0.0529,0.231,0,3.21,5.15,France_SHOM,0,nein
CALVI.csv,42.5667,8.7633,2026,"Calvi, France",harmonics_utide_tidetables.txt,0,103680,0.0389,0.078,0,0.0,0.34,France_SHOM,1,nein
CAMARET-SUR-MER.csv,48.2808,-4.5886,2026,"Camaret-sur-Mer, France",harmonics-pierre-lavergne-v10_mod.txt,0,103680,0.1018,0.443,0,-0.006,6.621,France_SHOM,0,nein
CAMARET-SUR-MER.csv,48.2808,-4.5886,2026,"Camaret-sur-Mer, France",harmonics_utide_tidetables.txt,0,103680,0.0867,0.374,0,0.0,6.714,France_SHOM,1,nein
CAMARET-SUR-MER.csv,48.2808,-4.5886,2026,"Camaret, France",harmonics_noaa_eutt.txt,1780,103680,0.2789,0.959,0,-0.625,6.609,France_SHOM,0,nein
CAP_CHEVALIER_MARTINIQUE.csv,14.4333,-60.8333,2026,"Cap Chevalier, Martinique",harmonics_utide_tidetables.txt,0,103680,0.0338,0.081,0,-0.0,0.715,France_SHOM,1,nein
CAP_FERRET.csv,44.6288,-1.2429,2026,"Cap Ferret, France",harmonics_utide_tidetables.txt,0,103680,0.0476,0.207,0,0.0,4.102,France_SHOM,1,nein
CAPBRETON.csv,43.6537,-1.4372,2026,"Capbreton, France",harmonics_utide_tidetables.txt,0,103680,0.0415,0.183,0,0.0,4.342,France_SHOM,1,nein
CARTERET.csv,49.3739,-1.7894,2026,"Carteret, France",harmonics-pierre-lavergne-v10_mod.txt,0,103680,0.2122,1.06,0,0.085,11.025,France_SHOM,0,nein
CARTERET.csv,49.3739,-1.7894,2026,"Carteret, France",harmonics_utide_tidetables.txt,0,103680,0.1299,0.645,0,0.0,11.241,France_SHOM,1,nein
CASABLANCA.csv,33.6071,-7.6167,2026,"Casablanca, Morocco",harmonics_utide_tidetables.txt,0,103680,0.0378,0.15,0,-0.0,3.433,France_SHOM,1,nein
CASABLANCA.csv,33.6071,-7.6167,2026,"Casablanca, Morocco",harmonics-1997-05-25_mod.txt,14,103680,0.0787,0.269,10,0.1,3.51,France_SHOM,0,nein
CASABLANCA.csv,33.6071,-7.6167,2026,"Casablanca (Port), Morocco",harmonics-1997-05-25_mod.txt,22,103680,0.0844,0.286,10,0.1,3.433,France_SHOM,0,nein
CASABLANCA.csv,33.6071,-7.6167,2026,"Casablanca (Port), Morocco",harmonics_att_np208.txt,30,103680,0.0738,0.294,0,0.002,3.255,France_SHOM,0,nein
CAYEUX-SUR-MER.csv,50.1833,1.4833,2026,"Cayeux-sur-Mer, France",harmonics_utide_tidetables.txt,0,103680,0.1363,0.556,0,-0.0,9.695,France_SHOM,1,nein
MORLAIX_PEN_AL_LANN.csv,48.6757,-3.8843,2026,"Carantec, Château du Taureau, France",harmonics-pierre-lavergne-v10_mod.txt,0,103680,0.1211,0.487,0,0.003,9.111,France_SHOM,0,nein
MORLAIX_PEN_AL_LANN.csv,48.6757,-3.8843,2026,"Carantec, Château du Taureau, France",harmonics_utide_tidetables.txt,0,103680,0.0959,0.445,0,0.0,9.035,France_SHOM,1,nein
MORLAIX_PEN_AL_LANN.csv,48.6757,-3.8843,2026,"Morlaix River entrance, France",harmonics_noaa_eutt.txt,848,103680,0.3798,1.041,-10,0.123,8.494,France_SHOM,0,nein
CHEPENEHE.csv,-20.7817,167.1383,2026,"Chépénéhé, New Caledonia",harmonics_utide_tidetables.txt,0,103680,0.0141,0.052,0,0.0,1.334,France_SHOM,1,nein
CHEPENEHE.csv,-20.7817,167.1383,2026,"Shepenehe Anchorage, New Caledonia",harmonics_noaa_cptt.txt,549,103680,0.318,0.937,0,-0.25,2.605,France_SHOM,0,nein
CLIPPERTON.csv,10.2882,-109.2040,2026,"Clipperton, France",harmonics_utide_tidetables.txt,0,103680,0.0542,0.126,0,-0.0,1.189,France_SHOM,1,nein
CONAKRY.csv,9.5024,-13.7154,2026,"Conakry, Guinea",harmonics_att_np208.txt,0,103680,0.1002,0.43,10,-0.001,3.679,France_SHOM,0,nein
CONAKRY.csv,9.5024,-13.7154,2026,"Conakry, Guinea",harmonics-1997-05-25_mod.txt,0,103680,0.0773,0.306,0,0.109,3.729,France_SHOM,0,nein
CONAKRY.csv,9.5024,-13.7154,2026,"Conakry, Guinea",harmonics_utide_tidetables.txt,0,103680,0.0374,0.154,0,0.0,3.703,France_SHOM,1,nein
CORDOUAN.csv,45.5833,-1.1667,2026,"Cordouan, France",harmonics_utide_tidetables.txt,0,103680,0.0588,0.272,0,-0.0,4.992,France_SHOM,1,nein
CORDOUAN.csv,45.5833,-1.1667,2026,"Phare de Cordouan, France",harmonics-pierre-lavergne-v10_mod.txt,599,103680,0.0689,0.329,0,0.003,4.891,France_SHOM,0,nein
COTONOU.csv,6.3500,2.4330,2026,"Cotonou, Benin",harmonics_att_np208_secondary.txt,0,103680,0.1192,0.308,10,0.007,2.313,France_SHOM,0,nein
COTONOU.csv,6.3500,2.4330,2026,"Cotonou, Benin",harmonics_utide_tidetables.txt,0,103680,0.0217,0.087,0,-0.0,1.994,France_SHOM,1,nein
COURSEULLES_LARGE.csv,49.4000,-0.4667,2026,"Courseulles-sur-Mer (Large), France",harmonics-pierre-lavergne-v10_mod.txt,0,103680,0.1775,0.747,0,0.032,7.924,France_SHOM,0,nein
COURSEULLES_LARGE.csv,49.4000,-0.4667,2026,"Courseulles-sur-Mer (Large), France",harmonics_utide_tidetables.txt,0,103680,0.1027,0.471,0,0.0,7.22,France_SHOM,1,nein
DAHOUET.csv,48.5787,-2.5696,2026,"Dahouet, France",harmonics-pierre-lavergne-v10_mod.txt,0,103680,0.2178,1.083,0,0.067,11.755,France_SHOM,0,nein
DAHOUET.csv,48.5787,-2.5696,2026,"Dahouet, France",harmonics_utide_tidetables.txt,0,103680,0.1337,0.644,0,0.0,11.72,France_SHOM,1,nein
DAKHLA.csv,23.6615,-15.9410,2026,"Dakhla Port, Western Sahara",harmonics_utide_tidetables.txt,0,103680,0.0663,0.22,0,0.0,2.56,France_SHOM,1,nein
DAKHLA.csv,23.6615,-15.9410,2026,"Dakhla, Western Sahara",harmonics-1997-05-25_mod.txt,2810,103680,0.1149,0.366,30,0.162,2.464,France_SHOM,0,nein
DIVES-SUR-MER.csv,49.3000,-0.1000,2026,"Dives-sur-Mer, France",harmonics-pierre-lavergne-v10_mod.txt,0,103680,0.2474,0.973,0,0.003,8.675,France_SHOM,0,nein
DIVES-SUR-MER.csv,49.3000,-0.1000,2026,"Dives-sur-Mer, France",harmonics_utide_tidetables.txt,0,103680,0.1234,0.6,0,0.0,7.983,France_SHOM,1,nein
DOUALA.csv,4.0408,9.6760,2026,"Douala (Cameroon River), Cameroon",harmonics-1997-05-25_mod.txt,0,103680,0.1483,0.544,-10,0.194,2.642,France_SHOM,0,nein
DOUALA.csv,4.0408,9.6760,2026,"Douala (Cameroon River), Cameroon",harmonics_utide_tidetables.txt,0,103680,0.0854,0.3,0,-0.0,2.648,France_SHOM,1,nein
DOUALA.csv,4.0408,9.6760,2026,"Douala (Cameroon River), Cameroon",harmonics_att_np208.txt,22,103680,0.1505,0.661,0,0.065,2.607,France_SHOM,0,nein
DOUARNENEZ.csv,48.0993,-4.3214,2026,"Douarnenez, France",harmonics-pierre-lavergne-v10_mod.txt,0,103680,0.09,0.419,0,0.168,6.422,France_SHOM,0,nein
DOUARNENEZ.csv,48.0993,-4.3214,2026,"Douarnenez, France",harmonics_utide_tidetables.txt,0,103680,0.0666,0.304,0,0.0,6.617,France_SHOM,1,nein
DOUEOULOU.csv,-20.9250,167.0833,2026,"Douéoulou, New Caledonia",harmonics_utide_tidetables.txt,0,103680,0.0118,0.045,0,-0.0,1.294,France_SHOM,1,nein
DUNKERQUE_OUEST.csv,51.0225,2.1808,2026,"Dunkerque Ouest, France",harmonics_utide_tidetables.txt,0,103680,0.1044,0.481,0,-0.0,6.643,France_SHOM,1,nein
LAAYOUNE.csv,27.0932,-13.4264,2026,"El Marsa (Laayoune), Western Sahara",harmonics_att_np208_secondary.txt,0,103680,0.0844,0.293,0,0.328,2.522,France_SHOM,0,nein
LAAYOUNE.csv,27.0932,-13.4264,2026,"El Marsa (Laayoune), Western Sahara",harmonics_utide_tidetables.txt,0,103680,0.0324,0.134,0,-0.0,2.655,France_SHOM,1,nein
MAZAGAN.csv,33.2556,-8.4998,2026,"El Jadida, Morocco",harmonics_noaa_eutt.txt,0,103680,0.1657,0.523,0,0.006,3.174,France_SHOM,0,nein
MAZAGAN.csv,33.2556,-8.4998,2026,"El Jadida (Mazagan), Morocco",harmonics_utide_tidetables.txt,0,103680,0.0224,0.083,0,0.0,3.314,France_SHOM,1,nein
ENTREE_RIVIERE_ETEL.csv,47.6442,-3.2117,2026,"Entrée rivière d'Étel, France",harmonics_utide_tidetables.txt,0,103680,0.06,0.203,0,0.0,4.057,France_SHOM,1,nein
ENTREE_RIVIERE_ETEL.csv,47.6442,-3.2117,2026,"Port d'Étel, France",harmonics-pierre-lavergne-v10_mod.txt,1501,103680,0.1094,0.416,20,-0.042,4.101,France_SHOM,0,nein
ENTREE_RIVIERE_ETEL.csv,47.6442,-3.2117,2026,"Port d'Étel, France",harmonics_utide_tidetables.txt,1501,103680,0.106,0.433,20,-0.04,3.895,France_SHOM,0,nein
ENTREE_RIVIERE_ETEL.csv,47.6574,-3.2075,2026,"Port d'Étel, France",harmonics-pierre-lavergne-v10_mod.txt,0,103680,0.1094,0.416,20,-0.042,4.101,France_SHOM,0,nein
ENTREE_RIVIERE_ETEL.csv,47.6574,-3.2075,2026,"Port d'Étel, France",harmonics_utide_tidetables.txt,0,103680,0.106,0.433,20,-0.04,3.895,France_SHOM,1,nein
ENTREE_RIVIERE_ETEL.csv,47.6574,-3.2075,2026,"Entrée rivière d'Étel, France",harmonics_utide_tidetables.txt,1501,103680,0.06,0.203,0,0.0,4.057,France_SHOM,0,nein
ERQUY_PORT.csv,48.6392,-2.4902,2026,"Erquy, France",harmonics-pierre-lavergne-v10_mod.txt,0,103680,0.2099,0.885,0,-0.183,11.87,France_SHOM,0,nein
ERQUY_PORT.csv,48.6392,-2.4902,2026,"Erquy, France",harmonics_utide_tidetables.txt,0,103680,0.1344,0.645,0,0.0,11.767,France_SHOM,1,nein
ESSAOUIRA.csv,31.5057,-9.7750,2026,"Essaouira, Morocco",harmonics_att_np208_secondary.txt,0,103680,0.071,0.29,10,-0.005,3.241,France_SHOM,0,nein
ESSAOUIRA.csv,31.5057,-9.7750,2026,"Essaouira, Morocco",harmonics_utide_tidetables.txt,0,103680,0.0404,0.152,0,-0.0,3.276,France_SHOM,1,nein
FANGATAUFA_FREGATE.csv,-22.2283,-138.7133,2026,"Fangataufa (Frégate), French Polynesia",harmonics_utide_tidetables.txt,0,103680,0.0156,0.06,0,0.0,0.847,France_SHOM,1,nein
FANGATAUFA_LARGE.csv,-22.2000,-138.7667,2026,"Fangataufa (large), French Polynesia",harmonics_utide_tidetables.txt,0,103680,0.012,0.039,0,0.0,0.796,France_SHOM,1,nein
FARATEA_TARAVAO.csv,-17.7222,-149.3028,2026,"Faratea Taravao, French Polynesia",harmonics_utide_tidetables.txt,0,103680,0.0206,0.061,0,-0.0,0.481,France_SHOM,1,nein
FORT-BOYARD.csv,45.9995,-1.2143,2026,"Fort Boyard, France",harmonics_utide_tidetables.txt,0,103680,0.0763,0.345,0,0.0,5.986,France_SHOM,1,nein
FORT-ESPAGNOL.csv,47.6123,-2.9532,2026,"Fort Espagnol, France",harmonics_utide_tidetables.txt,0,103680,0.0563,0.226,0,0.0,4.717,France_SHOM,1,nein
FOUE.csv,-21.0928,164.8010,2026,"Foué, New Caledonia",harmonics_utide_tidetables.txt,0,103680,0.0578,0.129,0,-0.0,1.574,France_SHOM,1,nein
FECAMP.csv,49.7623,0.3670,2026,"Fécamp, France",harmonics_utide_tidetables.txt,0,103680,0.1108,0.487,0,0.0,8.205,France_SHOM,1,nein
GORO.csv,-22.3073,167.0102,2026,"Goro, New Caledonia",harmonics_utide_tidetables.txt,0,103680,0.0157,0.061,0,0.0,1.166,France_SHOM,1,nein
GORO.csv,-22.3073,167.0102,2026,"Port Goro, Toemo Island, New Caledonia",harmonics_noaa_cptt.txt,2967,103680,0.1134,0.397,10,-0.042,1.303,France_SHOM,0,nein
GOURY.csv,49.7152,-1.9458,2026,"Goury, France",harmonics-pierre-lavergne-v10_mod.txt,0,103680,0.1542,0.554,-10,0.004,8.012,France_SHOM,0,nein
GOURY.csv,49.7152,-1.9458,2026,"Goury, France",harmonics_utide_tidetables.txt,0,103680,0.0952,0.405,0,0.0,8.067,France_SHOM,1,nein
GRANDCAMP.csv,49.4202,-1.0866,2026,"Grandcamp (Entrée chenal de Carentan), France",harmonics-pierre-lavergne-v10_mod.txt,0,103680,0.1546,0.74,0,-0.0,7.208,France_SHOM,0,nein
GRANDCAMP.csv,49.4202,-1.0866,2026,"Grandcamp (Entrée chenal de Carentan), France",harmonics_utide_tidetables.txt,0,103680,0.1062,0.444,0,0.0,6.635,France_SHOM,1,nein
ILES_CHAUSEY.csv,48.8667,-1.8167,2026,"Grande-Île (Îles Chausey), France",harmonics_utide_tidetables.txt,0,103680,0.1639,0.837,0,0.0,13.026,France_SHOM,1,nein
GRANVILLE_LE_COCALEU.csv,48.8342,-1.6443,2026,"Granville, France",harmonics-pierre-lavergne-v10_mod.txt,0,103680,0.2826,1.443,0,-0.046,13.435,France_SHOM,0,nein
GRANVILLE_LE_COCALEU.csv,48.8342,-1.6443,2026,"Granville, France",harmonics_utide_tidetables.txt,0,103680,0.1672,0.854,0,0.0,13.397,France_SHOM,1,nein
GRAVELINES.csv,51.0153,2.0942,2026,"Gravelines, France",harmonics_utide_tidetables.txt,0,103680,0.1009,0.444,0,-0.0,6.647,France_SHOM,1,nein
ST-PETER_PORT.csv,49.4561,-2.5266,2026,"Saint Peter Port, Guernsey, Channel Islands",harmonics-pierre-lavergne-v10_mod.txt,0,103680,0.1529,0.569,0,0.001,9.44,France_SHOM,0,nein
ST-PETER_PORT.csv,49.4561,-2.5266,2026,"Saint Peter Port, Guernsey, Channel Islands",harmonics_utide_tidetables.txt,0,103680,0.1105,0.45,0,0.0,9.465,France_SHOM,1,nein
ST-PETER_PORT.csv,49.4561,-2.5266,2026,"St. Peter Port, Guernsey Island, Channel Islands",harmonics_noaa_eutt.txt,986,103680,0.385,1.139,0,0.142,8.869,France_SHOM,0,nein
GUSTAVIA.csv,17.9023,-62.8535,2026,"Gustavia, Saint Barthelemy",harmonics_utide_tidetables.txt,0,103680,0.0512,0.103,0,-0.0,0.501,France_SHOM,1,nein
MOOREA_HAAPITI.csv,-17.5717,-149.8667,2026,"Haapiti, French Polynesia",harmonics_utide_tidetables.txt,0,103680,0.0136,0.044,0,0.0,0.362,France_SHOM,1,nein
HAKAHAU.csv,-9.3575,-140.0467,2026,"Hakahau, French Polynesia",harmonics_utide_tidetables.txt,0,103680,0.0185,0.066,0,-0.0,1.409,France_SHOM,1,nein
WALLIS_HALALO.csv,-13.3417,-176.2250,2026,"Halalo, Wallis and Futuna",harmonics_utide_tidetables.txt,0,103680,0.017,0.072,0,-0.0,1.747,France_SHOM,1,nein
HAO_PASSE_KAKI.csv,-18.0725,-141.0000,2026,"Hao (Passe Kaki), French Polynesia",harmonics_utide_tidetables.txt,0,103680,0.0145,0.052,0,-0.0,0.617,France_SHOM,1,nein
HAO_PASSE_KAKI.csv,-18.0725,-141.0000,2026,"Hao (Bow or La Harpe) Island, French Polynesia",harmonics_noaa_cptt.txt,1879,103558,0.107,0.305,720,0.277,1.009,France_SHOM,0,nein
HENDAYE.csv,43.3793,-1.7847,2026,"Hendaye, France",harmonics_utide_tidetables.txt,0,103680,0.0414,0.179,0,0.0,4.549,France_SHOM,1,nein
HERQUEVILLE.csv,49.6583,-1.8892,2026,"Herqueville, France",harmonics_utide_tidetables.txt,0,103680,0.1058,0.501,0,0.0,10.048,France_SHOM,1,nein
HOUAT.csv,47.3928,-2.9557,2026,"Île d'Houat, France",harmonics-pierre-lavergne-v10_mod.txt,0,103680,0.0605,0.281,0,0.001,5.211,France_SHOM,0,nein
HOUAT.csv,47.3928,-2.9557,2026,"Île d'Houat, France",harmonics_utide_tidetables.txt,0,103680,0.0589,0.225,0,-0.0,5.243,France_SHOM,1,nein
HOEDIC.csv,47.3443,-2.8746,2026,"Île d'Hoedic, France",harmonics-pierre-lavergne-v10_mod.txt,0,103680,0.0609,0.281,0,-0.0,5.294,France_SHOM,0,nein
HOEDIC.csv,47.3443,-2.8746,2026,"Île d'Hoedic, France",harmonics_utide_tidetables.txt,0,103680,0.0599,0.218,0,-0.0,5.324,France_SHOM,1,nein
JORF_LASFAR.csv,33.1336,-8.6329,2026,"Jorf Lasfar, Morocco",harmonics_att_np208_secondary.txt,0,103680,0.0623,0.267,0,-0.004,3.362,France_SHOM,0,nein
JORF_LASFAR.csv,33.1336,-8.6329,2026,"Jorf Lasfar, Morocco",harmonics_utide_tidetables.txt,0,103680,0.0473,0.168,0,0.0,3.378,France_SHOM,1,nein
KAMSAR.csv,10.6500,-14.6168,2026,"Port Kamsar (Rio Nunez), Guinea",harmonics_utide_tidetables.txt,0,103680,0.0876,0.357,0,-0.0,5.236,France_SHOM,1,nein
KAMSAR.csv,10.6500,-14.6168,2026,"Port Kamsar (Rio Nunez), Guinea",harmonics_att_np208.txt,22,103680,0.1495,0.522,0,0.001,5.214,France_SHOM,0,nein
KOUMAC.csv,-20.5743,164.2753,2026,"Koumac, New Caledonia",harmonics_utide_tidetables.txt,0,103680,0.0273,0.089,0,-0.0,1.606,France_SHOM,1,nein
KOUMAC.csv,-20.5743,164.2753,2026,"Pointe de Pandop, New Caledonia",harmonics_utide_tidetables.txt,714,103680,0.0372,0.125,0,-0.098,1.624,France_SHOM,0,nein
KOUROU.csv,5.1567,-52.6264,2026,"Kourou, French Guiana",harmonics_utide_tidetables.txt,0,103680,0.0242,0.097,0,-0.0,2.935,France_SHOM,1,nein
KSAR_ES_SRHIR.csv,35.8420,-5.5705,2026,"Ksar es Sghir, Morocco",harmonics_utide_tidetables.txt,0,103680,0.0281,0.098,0,-0.0,1.46,France_SHOM,1,nein
ABER_BENOIT_MEAN_RENEAT.csv,48.5769,-4.6258,2026,"L'Aber Benoît, France",harmonics-pierre-lavergne-v10_mod.txt,0,103680,0.0918,0.388,0,-0.004,7.939,France_SHOM,0,nein
ABER_BENOIT_MEAN_RENEAT.csv,48.5769,-4.6258,2026,"L'Aber Benoît, France",harmonics_utide_tidetables.txt,0,103680,0.0807,0.322,0,0.0,7.956,France_SHOM,1,nein
ABER_BENOIT_MEAN_RENEAT.csv,48.5769,-4.6258,2026,"L'Aber Benoît entrance, France",harmonics_noaa_eutt.txt,900,103680,0.3476,0.941,-10,-0.017,7.644,France_SHOM,0,nein
LANILDUT.csv,48.4708,-4.7559,2026,"L'Aber Ildut, France",harmonics-pierre-lavergne-v10_mod.txt,0,103680,0.093,0.422,0,0.036,7.536,France_SHOM,0,nein
LANILDUT.csv,48.4708,-4.7559,2026,"L'Aber Ildut, France",harmonics_utide_tidetables.txt,0,103680,0.0754,0.337,0,0.0,7.555,France_SHOM,1,nein
ABER_WRAC_H.csv,48.5982,-4.5612,2026,"L'Aber Wrac'h, France",harmonics_utide_tidetables.txt,0,103680,0.0812,0.375,0,0.0,7.773,France_SHOM,1,nein
ABER_WRAC_H.csv,48.5982,-4.5612,2026,"L'Aber Wrac'h (Fort Cézon), France",harmonics_noaa_eutt.txt,1637,103680,0.3185,0.83,0,-0.267,7.606,France_SHOM,0,nein
L_HERBAUDIERE.csv,47.0249,-2.2989,2026,"L'Herbaudière (Île de Noirmoutier), France",harmonics-pierre-lavergne-v10_mod.txt,0,103680,0.0793,0.367,0,0.242,5.625,France_SHOM,0,nein
L_HERBAUDIERE.csv,47.0249,-2.2989,2026,"L'Herbaudière (Île de Noirmoutier), France",harmonics_utide_tidetables.txt,0,103680,0.0642,0.273,0,-0.0,5.735,France_SHOM,1,nein
L_HERBAUDIERE.csv,47.0249,-2.2989,2026,"L'Herbaudière (Île de Noirmoutier), France",harmonics_utide_observations.txt,5,103680,0.0605,0.252,0,0.022,5.81,France_SHOM,0,nein
LA_DESIRADE.csv,16.3027,-61.0727,2026,"La Désirade, Guadeloupe",harmonics_utide_tidetables.txt,0,103680,0.0498,0.093,0,-0.0,0.55,France_SHOM,1,nein
LA_ROCHE.csv,-21.4617,168.0383,2026,"La Roche, New Caledonia",harmonics_utide_tidetables.txt,0,103680,0.0103,0.041,0,-0.0,1.453,France_SHOM,1,nein
LA_TRINITE_MARTINIQUE.csv,14.7412,-60.9565,2026,"La Trinité, Martinique",harmonics_utide_tidetables.txt,0,103680,0.007,0.024,0,-0.0,0.648,France_SHOM,1,nein
LA_TRINITE-SUR-MER.csv,47.5879,-3.0244,2026,"La Trinité-sur-Mer, France",harmonics-pierre-lavergne-v10_mod.txt,0,103680,0.0637,0.289,0,0.004,5.405,France_SHOM,0,nein
LA_TRINITE-SUR-MER.csv,47.5879,-3.0244,2026,"La Trinité-sur-Mer, France",harmonics_utide_tidetables.txt,0,103680,0.06,0.243,0,0.0,5.507,France_SHOM,1,nein
LA_TRINITE-SUR-MER.csv,47.5879,-3.0244,2026,"La Trinité, Crac'h River, France",harmonics_noaa_eutt.txt,841,103680,0.2548,0.673,-10,0.226,5.156,France_SHOM,0,nein
LACANAU_LARGE.csv,45.0044,-1.2018,2026,"Lacanau, France",harmonics-pierre-lavergne-v10_mod.txt,0,103680,0.0718,0.283,30,0.059,4.84,France_SHOM,0,nein
LACANAU_LARGE.csv,45.0044,-1.2018,2026,"Lacanau, France",harmonics_utide_tidetables.txt,0,103680,0.047,0.198,0,0.0,4.747,France_SHOM,1,nein
EL_MHIREZ.csv,22.1938,-16.7729,2026,"Lamhiriz, Western Sahara",harmonics_utide_tidetables.txt,0,103680,0.0239,0.113,0,0.0,1.917,France_SHOM,1,nein
LARMOR-BADEN.csv,47.5817,-2.8950,2026,"Larmor-Baden, France",harmonics_utide_tidetables.txt,0,103680,0.0525,0.194,0,0.0,3.796,France_SHOM,1,nein
LARMOR-BADEN.csv,47.5817,-2.8950,2026,"Île aux Moines, France",harmonics_utide_tidetables.txt,2814,103680,0.1484,0.409,40,0.331,3.188,France_SHOM,0,nein
LE_CROISIC.csv,47.2991,-2.5159,2026,"Le Croisic, France",harmonics-pierre-lavergne-v10_mod.txt,0,103680,0.0724,0.347,0,0.004,5.396,France_SHOM,0,nein
LE_CROISIC.csv,47.2991,-2.5159,2026,"Le Croisic, France",harmonics_utide_tidetables.txt,0,103680,0.057,0.252,0,0.0,5.582,France_SHOM,1,nein
LE_DELLEC.csv,48.3537,-4.5620,2026,"Le Dellec, France",harmonics_utide_tidetables.txt,0,103680,0.0685,0.286,0,0.0,6.808,France_SHOM,1,nein
LE_FRANCOIS.csv,14.6223,-60.8887,2026,"Le François, Martinique",harmonics_utide_tidetables.txt,0,103680,0.0142,0.039,0,-0.0,0.85,France_SHOM,1,nein
LE_GRAND_CHARPENTIER.csv,47.2138,-2.3189,2026,"Le Grand Charpentier, France",harmonics_utide_tidetables.txt,0,103680,0.0644,0.27,0,0.0,5.68,France_SHOM,1,nein
LE_GUILVINEC.csv,47.7931,-4.2812,2026,"Le Guilvinec, France",harmonics-pierre-lavergne-v10_mod.txt,0,103680,0.0682,0.315,0,-0.003,4.982,France_SHOM,0,nein
LE_GUILVINEC.csv,47.7931,-4.2812,2026,"Le Guilvinec, France",harmonics_utide_tidetables.txt,0,103680,0.0675,0.222,0,0.0,4.996,France_SHOM,1,nein
ANTIFER.csv,49.6500,0.1500,2026,"Le Havre-Antifer (Terminal pétrolier), France",harmonics-1997-05-25_mod.txt,0,103680,0.1855,0.749,0,-0.001,8.444,France_SHOM,0,nein
ANTIFER.csv,49.6500,0.1500,2026,"Le Havre-Antifer (Terminal pétrolier), France",harmonics_utide_tidetables.txt,0,103680,0.1048,0.474,0,0.0,7.621,France_SHOM,1,nein
LE_LARIVOT.csv,4.9053,-52.3627,2026,"Le Larivot, French Guiana",harmonics_utide_tidetables.txt,0,103680,0.037,0.175,0,-0.0,2.946,France_SHOM,1,nein
LE_LOGEO.csv,47.5476,-2.8454,2026,"Le Logeo, France",harmonics_utide_tidetables.txt,0,103680,0.0595,0.207,0,-0.0,2.956,France_SHOM,1,nein
LE_LOGEO.csv,47.5476,-2.8454,2026,"Le Logeo, France",harmonics-pierre-lavergne-v10_mod.txt,15,103680,0.1065,0.485,0,-0.374,3.157,France_SHOM,0,nein
LE_LEGUE_BOUEE.csv,48.5666,-2.6833,2026,"Le Légué (Bouée), France",harmonics-pierre-lavergne-v10_mod.txt,0,103680,0.2133,0.909,0,0.067,11.774,France_SHOM,0,nein
LE_LEGUE_BOUEE.csv,48.5666,-2.6833,2026,"Le Légué (Bouée), France",harmonics_utide_tidetables.txt,0,103680,0.1443,0.6,0,0.0,11.74,France_SHOM,1,nein
LE_MARIN.csv,14.4667,-60.8667,2026,"Le Marin, Martinique",harmonics_utide_tidetables.txt,0,103680,0.0086,0.027,0,-0.0,0.638,France_SHOM,1,nein
LE_PALAIS.csv,47.3472,-3.1506,2026,"Le Palais (Belle-Île), France",harmonics-pierre-lavergne-v10_mod.txt,0,103680,0.0571,0.268,0,-0.002,5.184,France_SHOM,0,nein
LE_PALAIS.csv,47.3472,-3.1506,2026,"Le Palais (Belle-Île), France",harmonics_utide_tidetables.txt,0,103680,0.053,0.21,0,-0.0,5.287,France_SHOM,1,nein
LE_PALAIS.csv,47.3472,-3.1506,2026,"Le Palais, Belle-Île, France",harmonics_noaa_eutt.txt,315,103680,0.2213,0.569,-10,0.143,5.132,France_SHOM,0,nein
LE_POULDU.csv,47.7620,-3.5427,2026,"Le Pouldu, France",harmonics_utide_tidetables.txt,0,103680,0.0546,0.187,0,0.0,4.959,France_SHOM,1,nein
LE_POULIGUEN.csv,47.2743,-2.4240,2026,"Le Pouliguen, France",harmonics-pierre-lavergne-v10_mod.txt,0,103680,0.0687,0.331,0,-0.017,5.454,France_SHOM,0,nein
LE_POULIGUEN.csv,47.2743,-2.4240,2026,"Le Pouliguen, France",harmonics_utide_tidetables.txt,0,103680,0.0625,0.262,0,0.0,5.574,France_SHOM,1,nein
LE_SENEQUET.csv,49.0990,-1.6852,2026,"Le Sénéquet, France",harmonics-pierre-lavergne-v10_mod.txt,0,103680,0.2816,1.355,0,0.029,12.138,France_SHOM,0,nein
LE_SENEQUET.csv,49.0990,-1.6852,2026,"Le Sénéquet, France",harmonics_utide_tidetables.txt,0,103680,0.1576,0.827,0,0.0,12.493,France_SHOM,1,nein
LE_TOUQUET.csv,50.5153,1.5610,2026,"Le Touquet-Étaples, France",harmonics-pierre-lavergne-v10_mod.txt,0,103680,0.215,0.856,0,-0.151,10.15,France_SHOM,0,nein
LE_TOUQUET.csv,50.5153,1.5610,2026,"Le Touquet-Étaples, France",harmonics_utide_tidetables.txt,0,103680,0.1445,0.594,0,0.0,9.424,France_SHOM,1,nein
LE_TREPORT.csv,50.0667,1.3667,2026,"Le Tréport, France",harmonics_utide_tidetables.txt,0,103680,0.1369,0.552,0,-0.0,9.643,France_SHOM,1,nein
LE_VAUCLIN.csv,14.5460,-60.8337,2026,"Le Vauclin, Martinique",harmonics_utide_tidetables.txt,0,103680,0.0107,0.034,0,-0.0,0.807,France_SHOM,1,nein
LES_ARDENTES.csv,48.9648,-1.8605,2026,"Les Ardentes, France",harmonics_utide_tidetables.txt,0,103680,0.1568,0.808,0,0.0,12.667,France_SHOM,1,nein
LES_HEAUX-DE-BREHAT.csv,48.9084,-3.0863,2026,"Les Héaux-de-Bréhat, France",harmonics_utide_tidetables.txt,0,103680,0.1219,0.453,0,0.0,10.127,France_SHOM,1,nein
LES_MINQUIERS.csv,48.8936,-2.4333,2026,"Les Minquiers, Channel Islands",harmonics_utide_tidetables.txt,0,103680,0.1301,0.566,0,0.0,11.392,France_SHOM,1,nein
ROCHES_DOUVRES.csv,49.1042,-2.8133,2026,"Les Roches Douvres, France",harmonics_utide_tidetables.txt,0,103680,0.1264,0.464,0,0.0,10.001,France_SHOM,1,nein
LES_SABLES-D_OLONNE.csv,46.4975,-1.7936,2026,"Les Sables-d'Olonne, France",harmonics_utide_tidetables.txt,0,103680,0.061,0.255,0,0.0,5.329,France_SHOM,1,nein
LES_SABLES-D_OLONNE.csv,46.4975,-1.7936,2026,"Les Sables-d'Olonne, France",harmonics_utide_observations.txt,17,103680,0.0431,0.179,0,0.001,5.429,France_SHOM,0,nein
LES_SABLES-D_OLONNE.csv,46.4975,-1.7936,2026,"Les Sables d'Olonne, France",harmonics_noaa_eutt.txt,836,103680,0.2294,0.617,10,0.449,4.826,France_SHOM,0,nein
LESCONIL.csv,47.7957,-4.2122,2026,"Lesconil, France",harmonics-pierre-lavergne-v10_mod.txt,0,103680,0.0667,0.324,0,0.001,4.968,France_SHOM,0,nein
LESCONIL.csv,47.7957,-4.2122,2026,"Lesconil, France",harmonics_utide_tidetables.txt,0,103680,0.0687,0.234,0,0.0,4.984,France_SHOM,1,nein
LIBREVILLE.csv,0.4011,9.4332,2026,"Libreville, Gabon",harmonics-1997-05-25_mod.txt,0,103680,0.0483,0.238,0,-0.0,2.099,France_SHOM,0,nein
LIBREVILLE.csv,0.4011,9.4332,2026,"Libreville, Gabon",harmonics_utide_tidetables.txt,0,103680,0.0689,0.168,0,-0.0,2.141,France_SHOM,1,nein
LOCMARIAQUER.csv,47.5680,-2.9366,2026,"Locmariaquer, France",harmonics_utide_tidetables.txt,0,103680,0.0582,0.226,0,0.0,4.673,France_SHOM,1,nein
LOCMARIAQUER.csv,47.5680,-2.9366,2026,"Port Navalo, Morbihan entrance, France",harmonics_noaa_eutt.txt,2497,103680,0.2539,0.755,-10,-0.014,4.784,France_SHOM,0,nein
LOCMARIAQUER.csv,47.5680,-2.9366,2026,"Port-Navalo, France",harmonics-pierre-lavergne-v10_mod.txt,2511,103680,0.0944,0.43,-10,-0.231,5.021,France_SHOM,0,nein
LOCMARIAQUER.csv,47.5680,-2.9366,2026,"Port-Navalo, France",harmonics_utide_tidetables.txt,2511,103680,0.1021,0.399,-10,-0.288,5.078,France_SHOM,0,nein
LOCQUEMEAU.csv,48.7250,-3.5817,2026,"Locquemeau, France",harmonics_utide_tidetables.txt,0,103680,0.0964,0.436,0,0.0,9.223,France_SHOM,1,nein
LOCQUIREC.csv,48.6915,-3.6444,2026,"Locquirec, France",harmonics-pierre-lavergne-v10_mod.txt,0,103680,0.1287,0.56,0,0.098,9.373,France_SHOM,0,nein
LOCQUIREC.csv,48.6915,-3.6444,2026,"Locquirec, France",harmonics_utide_tidetables.txt,0,103680,0.0956,0.43,0,0.0,9.07,France_SHOM,1,nein
LOCTUDY.csv,47.8359,-4.1698,2026,"Loctudy, France",harmonics-pierre-lavergne-v10_mod.txt,0,103680,0.0753,0.325,-10,-0.074,4.91,France_SHOM,0,nein
LOCTUDY.csv,47.8359,-4.1698,2026,"Loctudy, France",harmonics_utide_tidetables.txt,0,103680,0.0552,0.192,0,-0.0,5.008,France_SHOM,1,nein
LOME.csv,6.1346,1.2865,2026,"Lomé, Togo",harmonics_att_np208.txt,0,103680,0.0871,0.256,10,-0.068,1.835,France_SHOM,0,nein
LOME.csv,6.1346,1.2865,2026,"Lomé, Togo",harmonics-1997-05-25_mod.txt,0,103680,0.0817,0.293,10,0.082,1.918,France_SHOM,0,nein
LOME.csv,6.1346,1.2865,2026,"Lomé, Togo",harmonics_utide_tidetables.txt,0,103680,0.0399,0.109,0,-0.0,1.957,France_SHOM,1,nein
LONGONI.csv,-12.7231,45.1636,2026,"Longoni, Mayotte",harmonics_utide_tidetables.txt,0,103680,0.0534,0.173,0,-0.0,4.007,France_SHOM,1,nein
PORT_COMMERCE_LORIENT.csv,47.7394,-3.3528,2026,"Lorient (Port de commerce), France",harmonics-pierre-lavergne-v10_mod.txt,0,103680,0.0832,0.315,0,0.066,5.114,France_SHOM,0,nein
PORT_COMMERCE_LORIENT.csv,47.7394,-3.3528,2026,"Lorient (Port de commerce), France",harmonics_utide_tidetables.txt,0,103680,0.0852,0.262,0,-0.0,5.137,France_SHOM,1,nein
PORT_COMMERCE_LORIENT.csv,47.7394,-3.3528,2026,"Lorient, France",harmonics_noaa_eutt.txt,1197,103680,0.2518,0.698,-10,0.353,4.844,France_SHOM,0,nein
LEZARDRIEUX_PORT.csv,48.7907,-3.0986,2026,"Lézardrieux, France",harmonics-pierre-lavergne-v10_mod.txt,0,103680,0.1993,0.711,-10,-0.004,10.757,France_SHOM,0,nein
LEZARDRIEUX_PORT.csv,48.7907,-3.0986,2026,"Lézardrieux, France",harmonics_utide_tidetables.txt,0,103680,0.1328,0.518,0,0.0,10.766,France_SHOM,1,nein
MAHAMATE.csv,-20.2937,164.4842,2026,"Mahamaté, New Caledonia",harmonics_utide_tidetables.txt,0,103680,0.0131,0.056,0,0.0,1.425,France_SHOM,1,nein
MAKATEA.csv,-15.8228,-148.2806,2026,"Makatea, French Polynesia",harmonics_utide_tidetables.txt,0,103680,0.0046,0.017,0,-0.0,0.438,France_SHOM,1,nein
MARIE-GALANTE_GD_BOURG.csv,15.8802,-61.3170,2026,"Marie-Galante, Guadeloupe",harmonics_utide_tidetables.txt,0,103680,0.0515,0.094,0,-0.0,0.561,France_SHOM,1,nein
MEHDIA.csv,34.2667,-6.6667,2026,"Mehdya, Morocco",harmonics_att_np208_secondary.txt,0,103680,0.0878,0.335,-10,-0.019,3.361,France_SHOM,0,nein
MEHDIA.csv,34.2667,-6.6667,2026,"Mehdya, Morocco",harmonics_utide_tidetables.txt,0,103680,0.0355,0.145,0,0.0,3.499,France_SHOM,1,nein
TAMAJARUSH.csv,29.5505,-10.0627,2026,"Mirleft (Plage Tamhrouchte), Morocco",harmonics-1997-05-25_mod.txt,0,103680,0.0237,0.085,0,-0.0,2.964,France_SHOM,0,nein
TAMAJARUSH.csv,29.5505,-10.0627,2026,"Mirleft (Plage Tamhrouchte), Morocco",harmonics_utide_tidetables.txt,0,103680,0.0243,0.092,0,-0.0,2.96,France_SHOM,1,nein
MOHAMMEDIA.csv,33.7137,-7.3987,2026,"Mohammédia, Morocco",harmonics_att_np208_secondary.txt,0,103680,0.0672,0.274,0,-0.006,3.362,France_SHOM,0,nein
MOHAMMEDIA.csv,33.7137,-7.3987,2026,"Mohammedia, Morocco",harmonics_utide_tidetables.txt,0,103680,0.0449,0.161,0,-0.0,3.415,France_SHOM,1,nein
MORGAT.csv,48.2245,-4.4973,2026,"Morgat, France",harmonics_utide_tidetables.txt,0,103680,0.0649,0.289,0,0.0,6.614,France_SHOM,1,nein
MORGAT.csv,48.2245,-4.4973,2026,"Morgat, France",harmonics-pierre-lavergne-v10_mod.txt,13,103680,0.065,0.306,0,0.114,6.512,France_SHOM,0,nein
BREST_MOULIN-BLANC.csv,48.3950,-4.4300,2026,"Brest (Moulin Blanc), France",harmonics_utide_tidetables.txt,0,103680,0.0692,0.296,0,0.0,7.06,France_SHOM,1,nein
RECIF_MTITI.csv,-12.9112,45.0788,2026,"Bouéni (Mtiti), Mayotte",harmonics_att_np203_secondary.txt,0,103680,0.1495,0.457,0,0.067,4.383,France_SHOM,0,nein
RECIF_MTITI.csv,-12.9112,45.0788,2026,"Bouéni (Mtiti), Mayotte",harmonics_utide_tidetables.txt,0,103680,0.0476,0.172,0,-0.0,4.099,France_SHOM,1,nein
NEPOUI.csv,-21.3355,164.9870,2026,"Mueo (Nepoui), New Caledonia",harmonics_utide_tidetables.txt,0,103680,0.0334,0.096,0,0.0,1.635,France_SHOM,1,nein
NEPOUI.csv,-21.3355,164.9870,2026,"Port Nepui, New Caledonia",harmonics_noaa_cptt.txt,2650,103680,0.2137,0.643,10,-0.21,1.949,France_SHOM,0,nein
MURUROA_ANEMONE.csv,-21.8333,-138.7833,2026,"Mururoa Atoll, Tuamotu Archipelago",harmonics-1997-05-25_mod.txt,0,103680,0.0283,0.086,0,0.046,0.905,France_SHOM,0,nein
MURUROA_ANEMONE.csv,-21.8333,-138.7833,2026,"Mururoa, French Polynesia",harmonics_utide_tidetables.txt,0,103680,0.0319,0.076,0,-0.0,0.914,France_SHOM,1,nein
NOUADHIBOU.csv,20.9047,-17.0425,2026,"Nouadhibou, Mauritania",harmonics-1997-05-25_mod.txt,0,103680,0.0782,0.264,-10,0.251,1.992,France_SHOM,0,nein
NOUADHIBOU.csv,20.9047,-17.0425,2026,"Nouadhibou, Mauritania",harmonics_noaa_eutt.txt,0,103680,0.0958,0.313,-10,-0.041,1.98,France_SHOM,0,nein
NOUADHIBOU.csv,20.9047,-17.0425,2026,"Nouadhibou, Mauritania",harmonics_utide_tidetables.txt,0,103680,0.036,0.108,0,-0.0,2.038,France_SHOM,1,nein
OMONVILLE-LA-ROGUE.csv,49.7067,-1.8359,2026,"Omonville-la-Rogue, France",harmonics-pierre-lavergne-v10_mod.txt,0,103680,0.0825,0.38,0,-0.003,6.196,France_SHOM,0,nein
OMONVILLE-LA-ROGUE.csv,49.7067,-1.8359,2026,"Omonville-la-Rogue, France",harmonics_utide_tidetables.txt,0,103680,0.0779,0.336,0,0.0,6.19,France_SHOM,1,nein
OUANO.csv,-21.8408,165.8100,2026,"Ouano, New Caledonia",harmonics_utide_tidetables.txt,0,103680,0.0376,0.098,0,-0.0,1.6,France_SHOM,1,nein
PAAGOUMENE.csv,-20.4836,164.1753,2026,"Paagoumène, New Caledonia",harmonics_utide_tidetables.txt,0,103680,0.0196,0.072,0,-0.0,1.707,France_SHOM,1,nein
PAAGOUMENE.csv,-20.4836,164.1753,2026,"Paagoumene, New Caledonia",harmonics_noaa_cptt.txt,834,103680,0.1835,0.548,20,0.119,2.004,France_SHOM,0,nein
PAIMPOL.csv,48.7848,-3.0408,2026,"Paimpol, France",harmonics-pierre-lavergne-v10_mod.txt,0,103680,0.2213,0.842,-10,0.087,11.16,France_SHOM,0,nein
PAIMPOL.csv,48.7848,-3.0408,2026,"Paimpol, France",harmonics_utide_tidetables.txt,0,103680,0.1327,0.596,0,0.0,11.057,France_SHOM,1,nein
PAPEETE_FARE-UTE.csv,-17.5333,-149.5723,2026,"Papeete (Fare 'Ute), Tahiti, French Polynesia",harmonics_utide_tidetables.txt,0,103680,0.0159,0.047,0,-0.0,0.372,France_SHOM,1,nein
PAPEETE_FARE-UTE.csv,-17.5333,-149.5723,2026,"Papeete (Fare 'Ute), Tahiti, French Polynesia",harmonics-2004-06-14_mod.txt,44,103680,0.0189,0.061,0,0.282,0.399,France_SHOM,0,nein
PAPEETE_FARE-UTE.csv,-17.5333,-149.5723,2026,"Papeete (Fare 'Ute), Tahiti, French Polynesia",harmonics_utide_observations.txt,44,103680,0.0291,0.093,0,-0.02,0.448,France_SHOM,0,nein
MOOREA_PAPETOAI.csv,-17.4917,-149.8717,2026,"Papetoai, French Polynesia",harmonics_utide_tidetables.txt,0,103680,0.0132,0.036,0,0.0,0.284,France_SHOM,1,nein
GLENAN_PENFRET.csv,47.7225,-3.9554,2026,"Penfret (Îles de Glénan), France",harmonics-pierre-lavergne-v10_mod.txt,0,103680,0.0547,0.247,0,-0.003,4.95,France_SHOM,0,nein
GLENAN_PENFRET.csv,47.7225,-3.9554,2026,"Penfret (Îles de Glénan), France",harmonics_utide_tidetables.txt,0,103680,0.0694,0.22,0,0.0,5.033,France_SHOM,1,nein
GLENAN_PENFRET.csv,47.7225,-3.9554,2026,"Île de Penfret, France",harmonics_noaa_eutt.txt,761,103680,0.2267,0.666,0,0.254,4.73,France_SHOM,0,nein
PERROS-GUIREC_TRESTRAOU.csv,48.8193,-3.4587,2026,"Perros-Guirec, France",harmonics_utide_tidetables.txt,0,103680,0.0959,0.448,0,0.0,9.483,France_SHOM,1,nein
PERROS-GUIREC_TRESTRAOU.csv,48.8193,-3.4587,2026,"Ploumanac'h, France",harmonics_utide_tidetables.txt,2612,103680,0.1041,0.525,0,0.023,9.386,France_SHOM,0,nein
PLOGOFF.csv,48.0273,-4.6955,2026,"Plogoff (Port de Feunteun Aod), France",harmonics_utide_tidetables.txt,0,103680,0.0542,0.199,0,-0.0,5.515,France_SHOM,1,nein
PLOUMANACH.csv,48.8336,-3.4870,2026,"Ploumanac'h, France",harmonics_utide_tidetables.txt,0,103680,0.0962,0.433,0,0.0,9.386,France_SHOM,1,nein
PLOUMANACH.csv,48.8336,-3.4870,2026,"Perros-Guirec, France",harmonics_utide_tidetables.txt,2612,103680,0.104,0.407,0,-0.023,9.483,France_SHOM,0,nein
WHARF_DE_PLUM.csv,-22.2800,166.6381,2026,"Plum, New Caledonia",harmonics_utide_tidetables.txt,0,103680,0.0138,0.052,0,0.0,1.47,France_SHOM,1,nein
POINGAM.csv,-20.0767,164.0250,2026,"Poingam, New Caledonia",harmonics_utide_tidetables.txt,0,103680,0.0455,0.115,0,-0.0,1.594,France_SHOM,1,nein
LES_HATTES.csv,5.7422,-53.9508,2026,"Pointe des Hattes (Awala-Yalimapo), French Guiana",harmonics-1997-05-25_mod.txt,0,103680,0.1008,0.38,20,0.949,2.976,France_SHOM,0,nein
LES_HATTES.csv,5.7422,-53.9508,2026,"Pointe des Hattes (Awala-Yalimapo), French Guiana",harmonics_utide_tidetables.txt,0,103680,0.0347,0.179,0,0.0,3.154,France_SHOM,1,nein
LES_HATTES.csv,5.7422,-53.9508,2026,"Pte. Française (Îles Hattes), French Guiana",harmonics_att_np207.txt,1961,103680,0.1074,0.382,20,-0.001,2.719,France_SHOM,0,nein
POINTE_D_AGON.csv,48.9885,-1.6218,2026,"Pointe d'Agon, France",harmonics_utide_tidetables.txt,0,103680,0.1691,0.916,0,0.0,13.159,France_SHOM,1,nein
POINTE_DE_GATSEAU.csv,45.8039,-1.2324,2026,"Pointe de Gatseau, France",harmonics-pierre-lavergne-v10_mod.txt,0,103680,0.0931,0.364,0,0.007,4.894,France_SHOM,0,nein
POINTE_DE_GATSEAU.csv,45.8039,-1.2324,2026,"Pointe de Gatseau, France",harmonics_utide_tidetables.txt,0,103680,0.0767,0.275,0,0.0,4.904,France_SHOM,1,nein
POINTE-DE-PANDOP.csv,-20.5805,164.2735,2026,"Pointe de Pandop, New Caledonia",harmonics_utide_tidetables.txt,0,103680,0.0132,0.06,0,-0.0,1.624,France_SHOM,1,nein
POINTE-DE-PANDOP.csv,-20.5805,164.2735,2026,"Koumac, New Caledonia",harmonics_utide_tidetables.txt,714,103680,0.0321,0.104,0,0.098,1.606,France_SHOM,0,nein
POINTE-AIGUILLON.csv,46.2680,-1.1987,2026,"Pointe de l'Aiguillon, France",harmonics_utide_tidetables.txt,0,103680,0.0761,0.365,0,0.0,6.245,France_SHOM,1,nein
PONERIHOUEN.csv,-21.0600,165.4077,2026,"Ponérihouen, New Caledonia",harmonics_utide_tidetables.txt,0,103680,0.0304,0.085,0,-0.0,1.445,France_SHOM,1,nein
PORNIC.csv,47.1083,-2.1112,2026,"Pornic, France",harmonics-pierre-lavergne-v10_mod.txt,0,103680,0.1382,0.569,10,0.16,5.88,France_SHOM,0,nein
PORNIC.csv,47.1083,-2.1112,2026,"Pornic, France",harmonics_utide_tidetables.txt,0,103680,0.0889,0.322,0,0.0,6.081,France_SHOM,1,nein
PORNICHET.csv,47.2583,-2.3467,2026,"Pornichet, France",harmonics-pierre-lavergne-v10_mod.txt,0,103680,0.0695,0.299,0,-0.003,5.508,France_SHOM,0,nein
PORNICHET.csv,47.2583,-2.3467,2026,"Pornichet, France",harmonics_utide_tidetables.txt,0,103680,0.0574,0.264,0,0.0,5.675,France_SHOM,1,nein
PORO.csv,-21.3050,165.7183,2026,"Poro, New Caledonia",harmonics_utide_tidetables.txt,0,103680,0.0203,0.064,0,-0.0,1.371,France_SHOM,1,nein
PORT-BOISE.csv,-22.3483,166.9633,2026,"Port Boisé, New Caledonia",harmonics_utide_tidetables.txt,0,103680,0.0097,0.043,0,-0.0,1.204,France_SHOM,1,nein
PORT_CAMARGUE.csv,43.5203,4.1263,2026,"Port Camargue, France",harmonics_utide_tidetables.txt,0,103680,0.0218,0.054,0,0.0,0.397,France_SHOM,1,nein
PORT_MANECH.csv,47.8008,-3.7385,2026,"Port Manec'h, France",harmonics_utide_tidetables.txt,0,103680,0.0544,0.191,0,0.0,4.947,France_SHOM,1,nein
PORT_SONARA.csv,4.0058,9.1260,2026,"Limbé (Port Sonara), Cameroon",harmonics_utide_observations.txt,0,103680,0.0524,0.148,0,1.328,2.4,France_SHOM,0,nein
PORT_SONARA.csv,4.0058,9.1260,2026,"Limbé (Port Sonara), Cameroon",harmonics_utide_tidetables.txt,0,103680,0.0207,0.088,0,-0.0,2.312,France_SHOM,1,nein
PORT_DE_BOULARI.csv,-22.2333,166.5250,2026,"Port de Boulari, New Caledonia",harmonics_utide_tidetables.txt,0,103680,0.0347,0.09,0,-0.0,1.498,France_SHOM,1,nein
PORT_DE_PRONY.csv,-22.3483,166.8900,2026,"Port de Prony, New Caledonia",harmonics_utide_tidetables.txt,0,103680,0.0304,0.08,0,0.0,1.244,France_SHOM,1,nein
PLOGOFF_PORT-DU-VORLEN.csv,48.0530,-4.7125,2026,"Port du Vorlen, France",harmonics_utide_tidetables.txt,0,103680,0.0617,0.272,0,0.0,6.139,France_SHOM,1,nein
PORT-BENI.csv,48.8472,-3.1723,2026,"Port-Béni, France",harmonics_utide_tidetables.txt,0,103680,0.1037,0.464,0,0.0,9.976,France_SHOM,1,nein
PORT-BENI.csv,48.8472,-3.1723,2026,"Port-Béni, France",harmonics-pierre-lavergne-v10_mod.txt,11,103680,0.1531,0.687,0,-0.002,10.028,France_SHOM,0,nein
PORT-COMBUI.csv,-21.8067,166.5072,2026,"Port-Combui, New Caledonia",harmonics_utide_tidetables.txt,0,103680,0.0127,0.051,0,-0.0,1.494,France_SHOM,1,nein
PORT-GENTIL.csv,-0.7144,8.7877,2026,"Port-Gentil, Gabon",harmonics_att_np208_secondary.txt,0,103680,0.1473,0.415,-30,0.006,1.556,France_SHOM,0,nein
PORT-GENTIL.csv,-0.7144,8.7877,2026,"Port-Gentil, Gabon",harmonics_utide_tidetables.txt,0,103680,0.1,0.213,0,-0.0,2.003,France_SHOM,1,nein
PORT-HALIGUEN.csv,47.4893,-3.0988,2026,"Port-Haliguen, France",harmonics-pierre-lavergne-v10_mod.txt,0,103680,0.0636,0.322,0,0.001,5.326,France_SHOM,0,nein
PORT-HALIGUEN.csv,47.4893,-3.0988,2026,"Port-Haliguen, France",harmonics_utide_tidetables.txt,0,103680,0.0653,0.237,0,0.0,5.415,France_SHOM,1,nein
PORT-HALIGUEN.csv,47.4893,-3.0988,2026,"Port-Maria, France",harmonics-pierre-lavergne-v10_mod.txt,2315,103680,0.0841,0.354,-10,-0.069,5.13,France_SHOM,0,nein
PORT-HALIGUEN.csv,47.4893,-3.0988,2026,"Port-Maria, France",harmonics_utide_tidetables.txt,2315,103680,0.0943,0.353,-10,-0.07,5.213,France_SHOM,0,nein
PORT-JOINVILLE.csv,46.7289,-2.3476,2026,"Port-Joinville (Île d'Yeu), France",harmonics-pierre-lavergne-v10_mod.txt,0,103680,0.0733,0.329,0,0.026,5.148,France_SHOM,0,nein
PORT-JOINVILLE.csv,46.7289,-2.3476,2026,"Port-Joinville (Île d'Yeu), France",harmonics_utide_tidetables.txt,0,103680,0.0672,0.274,0,0.0,5.148,France_SHOM,1,nein
PORT-LOUIS_LOCMALO.csv,47.7055,-3.3453,2026,"Port-Louis (Locmalo), France",harmonics_utide_tidetables.txt,0,103680,0.055,0.198,0,-0.0,4.885,France_SHOM,1,nein
PORT-LOUIS_LOCMALO.csv,47.7055,-3.3453,2026,"Port-Louis (Locmalo), France",harmonics-pierre-lavergne-v10_mod.txt,7,103680,0.0547,0.276,0,-0.004,4.889,France_SHOM,0,nein
PORT-LOUIS_LOCMALO.csv,47.7055,-3.3453,2026,"Port Louis, France",harmonics_noaa_eutt.txt,705,103680,0.2489,0.754,0,0.322,4.842,France_SHOM,0,nein
PORT-MARIA.csv,47.4756,-3.1220,2026,"Port-Maria, France",harmonics-pierre-lavergne-v10_mod.txt,0,103680,0.0594,0.256,0,0.001,5.13,France_SHOM,0,nein
PORT-MARIA.csv,47.4756,-3.1220,2026,"Port-Maria, France",harmonics_utide_tidetables.txt,0,103680,0.0725,0.238,0,0.0,5.213,France_SHOM,1,nein
PORT-MARIA.csv,47.4756,-3.1220,2026,"Port-Haliguen, France",harmonics-pierre-lavergne-v10_mod.txt,2315,103680,0.0798,0.306,10,0.071,5.326,France_SHOM,0,nein
PORT-MARIA.csv,47.4756,-3.1220,2026,"Port-Haliguen, France",harmonics_utide_tidetables.txt,2315,103680,0.1005,0.321,10,0.07,5.415,France_SHOM,0,nein
PORT-NAVALO.csv,47.5499,-2.9166,2026,"Port-Navalo, France",harmonics-pierre-lavergne-v10_mod.txt,0,103680,0.0593,0.258,0,0.057,5.021,France_SHOM,0,nein
PORT-NAVALO.csv,47.5499,-2.9166,2026,"Port-Navalo, France",harmonics_utide_tidetables.txt,0,103680,0.0542,0.218,0,-0.0,5.078,France_SHOM,1,nein
PORT-NAVALO.csv,47.5499,-2.9166,2026,"Port Navalo, Morbihan entrance, France",harmonics_noaa_eutt.txt,13,103680,0.2383,0.694,0,0.274,4.784,France_SHOM,0,nein
PORT-NAVALO.csv,47.5499,-2.9166,2026,"Arzon (Port Crouesty), France",harmonics_ticon4_worldwide.txt,1798,103680,0.1036,0.367,-10,3.047,5.56,France_SHOM,0,nein
PORT-NAVALO.csv,47.5499,-2.9166,2026,"Arzon (Port Crouesty), France",harmonics_utide_observations.txt,1798,103680,0.1025,0.381,-10,-0.301,5.563,France_SHOM,0,nein
PORT-NAVALO.csv,47.5499,-2.9166,2026,"Locmariaquer, France",harmonics_utide_tidetables.txt,2511,103680,0.0996,0.371,10,0.288,4.673,France_SHOM,0,nein
PORT-TUDY.csv,47.6446,-3.4463,2026,"Port Tudy (Île de Groix), France",harmonics_ticon4_worldwide.txt,0,103680,0.0406,0.163,0,3.185,5.118,France_SHOM,0,nein
PORT-TUDY.csv,47.6446,-3.4463,2026,"Port Tudy (Île de Groix), France",harmonics_utide_observations.txt,0,103680,0.0426,0.175,0,-0.015,5.163,France_SHOM,0,nein
PORT-TUDY.csv,47.6446,-3.4463,2026,"Port Tudy (Île de Groix), France",harmonics_utide_tidetables.txt,0,103680,0.0577,0.221,0,0.0,5.058,France_SHOM,1,nein
PORT-VENDRES.csv,42.5200,3.1074,2026,"Port-Vendres, France",harmonics_utide_tidetables.txt,0,103680,0.0305,0.065,0,0.0,0.338,France_SHOM,1,nein
PORT-AUX-FRANCAIS.csv,-49.3521,70.2191,2026,"Port-aux-Francais, Kerguelen Islands",harmonics-1997-05-25_mod.txt,0,103680,0.0421,0.163,10,0.023,1.92,France_SHOM,0,nein
PORT-AUX-FRANCAIS.csv,-49.3521,70.2191,2026,"Port-aux-Francais, Kerguelen Islands",harmonics_ticon4_worldwide.txt,0,103680,0.0287,0.119,0,0.023,1.944,France_SHOM,0,nein
PORT-AUX-FRANCAIS.csv,-49.3521,70.2191,2026,"Port-aux-Français, Kerguelen",harmonics_utide_tidetables.txt,0,103680,0.0185,0.082,0,-0.0,1.889,France_SHOM,1,nein
PORT-AUX-FRANCAIS.csv,-49.3521,70.2191,2026,"Port-aux-Francais, French Southern Territories",harmonics_att_np203_secondary.txt,279,103680,0.1472,0.348,10,0.003,1.84,France_SHOM,0,nein
PORT-AUX-FRANCAIS.csv,-49.3521,70.2191,2026,"Baie du Morbihan, French Southern Territories",harmonics_noaa_cptt.txt,291,103558,0.1125,0.365,720,0.034,1.799,France_SHOM,0,nein
PORT_DE_BOUC.csv,43.3983,4.9836,2026,"Port-de-Bouc, France",harmonics_utide_tidetables.txt,0,103680,0.0517,0.097,0,0.0,0.403,France_SHOM,1,nein
PORT-EN-BESSIN.csv,49.3514,-0.7556,2026,"Port-en-Bessin, France",harmonics-pierre-lavergne-v10_mod.txt,0,103680,0.1531,0.636,0,-0.0,7.635,France_SHOM,0,nein
PORT-EN-BESSIN.csv,49.3514,-0.7556,2026,"Port-en-Bessin, France",harmonics_noaa_eutt.txt,0,103680,0.3407,1.199,-10,0.316,6.625,France_SHOM,0,nein
PORT-EN-BESSIN.csv,49.3514,-0.7556,2026,"Port-en-Bessin, France",harmonics_utide_tidetables.txt,0,103680,0.0947,0.417,0,0.0,7.081,France_SHOM,1,nein
PORT_LA_FORET.csv,47.9010,-3.9738,2026,"Port-la-Forêt, France",harmonics_utide_tidetables.txt,0,103680,0.0563,0.197,0,-0.0,5.077,France_SHOM,1,nein
PORTBAIL.csv,49.3068,-1.7447,2026,"Portbail, France",harmonics-pierre-lavergne-v10_mod.txt,0,103680,0.2305,1.12,0,0.013,11.965,France_SHOM,0,nein
PORTBAIL.csv,49.3068,-1.7447,2026,"Portbail, France",harmonics_utide_tidetables.txt,0,103680,0.1465,0.771,0,0.0,11.856,France_SHOM,1,nein
PORTIVY.csv,47.5313,-3.1473,2026,"Portivy, France",harmonics_utide_tidetables.txt,0,103680,0.0552,0.2,0,0.0,5.124,France_SHOM,1,nein
PORTSALL.csv,48.5571,-4.7066,2026,"Portsall, France",harmonics-pierre-lavergne-v10_mod.txt,0,103680,0.1098,0.471,0,0.077,7.706,France_SHOM,0,nein
PORTSALL.csv,48.5571,-4.7066,2026,"Portsall, France",harmonics_utide_tidetables.txt,0,103680,0.0805,0.306,0,0.0,7.715,France_SHOM,1,nein
POAMBOA.csv,-21.1167,164.8333,2026,"Pouembout, New Caledonia",harmonics_utide_tidetables.txt,0,103680,0.0583,0.131,0,0.0,1.561,France_SHOM,1,nein
POUEBO.csv,-20.3783,164.5933,2026,"Pouébo, New Caledonia",harmonics_utide_tidetables.txt,0,103680,0.0398,0.098,0,-0.0,1.391,France_SHOM,1,nein
POYA.csv,-21.4033,165.1100,2026,"Poya, New Caledonia",harmonics_utide_tidetables.txt,0,103680,0.0353,0.097,0,-0.0,1.673,France_SHOM,1,nein
PENERF.csv,47.5143,-2.6238,2026,"Pénerf, France",harmonics_utide_tidetables.txt,0,103680,0.0615,0.256,0,0.0,5.612,France_SHOM,1,nein
PENERF.csv,47.5143,-2.6238,2026,"Pénerf, France",harmonics-pierre-lavergne-v10_mod.txt,13,103680,0.0667,0.326,0,-0.004,5.514,France_SHOM,0,nein
RABAT.csv,34.0335,-6.8352,2026,"Rabat, Morocco",harmonics-1997-05-25_mod.txt,0,103680,0.0253,0.087,0,0.07,3.065,France_SHOM,0,nein
RABAT.csv,34.0335,-6.8352,2026,"Rabat, Morocco",harmonics_utide_tidetables.txt,0,103680,0.025,0.098,0,0.0,3.059,France_SHOM,1,nein
RAIRUA.csv,-23.8678,-147.6873,2026,"Raivavae, Austral Islands, French Polynesia",harmonics-1997-05-25_mod.txt,0,103680,0.0267,0.08,20,0.143,0.692,France_SHOM,0,nein
RAIRUA.csv,-23.8678,-147.6873,2026,"Raivavae, Austral Islands, French Polynesia",harmonics_utide_tidetables.txt,0,103680,0.0068,0.028,0,0.0,0.654,France_SHOM,1,nein
RAPA.csv,-27.6145,-144.3208,2026,"Rapa, French Polynesia",harmonics_utide_tidetables.txt,0,103680,0.068,0.148,0,-0.0,0.825,France_SHOM,1,nein
DJOGUE.csv,12.5706,-16.7419,2026,"Diogué (Casamance), Senegal",harmonics-1997-05-25_mod.txt,0,103680,0.0134,0.05,0,-0.0,1.626,France_SHOM,0,nein
DJOGUE.csv,12.5706,-16.7419,2026,"Diogué (Casamance), Senegal",harmonics_utide_tidetables.txt,0,103680,0.0131,0.052,0,0.0,1.632,France_SHOM,1,nein
MAMIE.csv,-22.0500,166.8925,2026,"Rivière de Mamié (Entrée), New Caledonia",harmonics_utide_tidetables.txt,0,103680,0.0391,0.093,0,0.0,1.428,France_SHOM,1,nein
FAKARAVA_ROTOAVA.csv,-16.0558,-145.6200,2026,"Rotoava, French Polynesia",harmonics_utide_tidetables.txt,0,103680,0.0093,0.033,0,0.0,0.547,France_SHOM,1,nein
RUYTINGEN_SW.csv,51.0992,1.7803,2026,"Ruytingen, France",harmonics_utide_tidetables.txt,0,103680,0.1053,0.485,0,0.0,6.59,France_SHOM,1,nein
GEYSER.csv,-12.3508,46.4533,2026,"Récif du Geyser, Îles Éparses",harmonics_utide_tidetables.txt,0,103680,0.0498,0.165,0,-0.0,3.763,France_SHOM,1,nein
SADA.csv,-12.8434,45.1024,2026,"Sada (Baie de Chiconi), Mayotte",harmonics_utide_tidetables.txt,0,103680,0.0516,0.172,0,-0.0,4.193,France_SHOM,1,nein
SAFI.csv,32.3091,-9.2493,2026,"Safi, Morocco",harmonics_att_np208_secondary.txt,0,103680,0.0902,0.298,10,0.095,3.242,France_SHOM,0,nein
SAFI.csv,32.3091,-9.2493,2026,"Safi, Morocco",harmonics_utide_tidetables.txt,0,103680,0.0314,0.128,0,-0.0,3.316,France_SHOM,1,nein
PASSAGE_SAINT-ARMEL.csv,47.5885,-2.7178,2026,"Saint-Armel (Le Passage), France",harmonics-pierre-lavergne-v10_mod.txt,0,103680,0.113,0.529,0,-0.291,3.266,France_SHOM,0,nein
PASSAGE_SAINT-ARMEL.csv,47.5885,-2.7178,2026,"Saint-Armel (Le Passage), France",harmonics_utide_tidetables.txt,0,103680,0.0625,0.219,0,0.0,3.161,France_SHOM,1,nein
SAINT_BRIAC_SUR_MER.csv,48.6176,-2.1379,2026,"Saint-Briac-sur-Mer, France",harmonics_utide_tidetables.txt,0,103680,0.1459,0.744,0,0.0,12.394,France_SHOM,1,nein
SAINT-CAST.csv,48.6380,-2.2450,2026,"Saint-Cast, France",harmonics-pierre-lavergne-v10_mod.txt,0,103680,0.228,0.966,0,0.0,12.43,France_SHOM,0,nein
SAINT-CAST.csv,48.6380,-2.2450,2026,"Saint-Cast, France",harmonics_utide_tidetables.txt,0,103680,0.1455,0.698,0,0.0,12.356,France_SHOM,1,nein
SAINT-DENIS_D_OLERON.csv,46.0368,-1.3723,2026,"Saint-Denis d'Oléron, France",harmonics_utide_tidetables.txt,0,103680,0.0693,0.301,0,-0.0,6.123,France_SHOM,1,nein
SAINT-GERMAIN-SUR-AY.csv,49.1999,-1.6667,2026,"Saint-Germain-sur-Ay, France",harmonics_att_np202_secondary.txt,0,103680,0.2638,1.279,70,0.001,11.588,France_SHOM,0,nein
SAINT-GERMAIN-SUR-AY.csv,49.1999,-1.6667,2026,"Saint-Germain-sur-Ay, France",harmonics-pierre-lavergne-v10_mod.txt,0,103680,0.2985,1.44,10,-0.069,11.764,France_SHOM,0,nein
SAINT-GERMAIN-SUR-AY.csv,49.1999,-1.6667,2026,"Saint-Germain-sur-Ay, France",harmonics_utide_tidetables.txt,0,103680,0.1583,0.847,0,0.0,12.277,France_SHOM,1,nein
ST-GILLES-CROIX-DE-VIE.csv,46.6970,-1.9451,2026,"Saint-Gilles-Croix-de-Vie, France",harmonics-pierre-lavergne-v10_mod.txt,0,103680,0.0899,0.383,0,0.01,5.229,France_SHOM,0,nein
ST-GILLES-CROIX-DE-VIE.csv,46.6970,-1.9451,2026,"Saint-Gilles-Croix-de-Vie, France",harmonics_utide_tidetables.txt,0,103680,0.0725,0.292,0,-0.0,5.225,France_SHOM,1,nein
ST-GILLES-CROIX-DE-VIE.csv,46.6970,-1.9451,2026,"St. Gilles sur Vie, France",harmonics_noaa_eutt.txt,960,103680,0.2519,0.677,-10,0.183,5.095,France_SHOM,0,nein
SAINT-GUENOLE.csv,47.8135,-4.3839,2026,"Saint-Guénolé (Pointe de Penmarch), France",harmonics-pierre-lavergne-v10_mod.txt,0,103680,0.0563,0.262,0,0.004,5.003,France_SHOM,0,nein
SAINT-GUENOLE.csv,47.8135,-4.3839,2026,"Saint-Guénolé (Pointe de Penmarch), France",harmonics_utide_tidetables.txt,0,103680,0.0764,0.231,0,0.0,5.123,France_SHOM,1,nein
SAINT-GUENOLE.csv,47.8135,-4.3839,2026,"Penmarc'h, France",harmonics_noaa_eutt.txt,1976,103680,0.2448,0.724,0,0.21,4.785,France_SHOM,0,nein
SAINT-LAURENT_DU_MARONI.csv,5.5000,-54.0333,2026,"Saint-Laurent du Maroni, French Guiana",harmonics_utide_tidetables.txt,0,103680,0.0164,0.064,0,-0.0,2.318,France_SHOM,1,nein
SAINT-LEU.csv,-21.1677,55.2853,2026,"Saint-Leu, Réunion",harmonics_att_np203_secondary.txt,0,103680,0.1185,0.382,-690,-0.003,0.916,France_SHOM,0,nein
SAINT-LEU.csv,-21.1677,55.2853,2026,"Saint-Leu, Réunion",harmonics_utide_tidetables.txt,0,103680,0.0113,0.037,0,-0.0,0.66,France_SHOM,1,nein
SAINT_LOUIS.csv,16.0263,-16.5100,2026,"Saint-Louis, Senegal",harmonics-1997-05-25_mod.txt,0,103680,0.0205,0.074,0,-0.0,1.37,France_SHOM,0,nein
SAINT_LOUIS.csv,16.0263,-16.5100,2026,"Saint-Louis, Senegal",harmonics_utide_tidetables.txt,0,103680,0.0121,0.047,0,-0.0,1.344,France_SHOM,1,nein
SAINT_LOUIS.csv,16.0263,-16.5100,2026,"Saint-Louis, Senegal",harmonics_noaa_eutt.txt,11,103680,0.1297,0.373,-10,0.023,1.689,France_SHOM,0,nein
SAINT_LOUIS.csv,16.0263,-16.5100,2026,"Saint-Louis, Senegal",harmonics_att_np208.txt,33,103680,0.031,0.109,0,0.0,1.348,France_SHOM,0,nein
SAINT-MARTIN_DE_RE.csv,46.2080,-1.3655,2026,"Saint-Martin-de-Ré (Île de Ré), France",harmonics_utide_tidetables.txt,0,103680,0.0721,0.341,0,0.0,5.996,France_SHOM,1,nein
SAINT-MARTIN_DE_RE.csv,46.2080,-1.3655,2026,"Saint-Martin-de-Ré (Île de Ré), France",harmonics-pierre-lavergne-v10_mod.txt,19,103680,0.0913,0.403,0,-0.002,5.828,France_SHOM,0,nein
SAINT-MARTIN_DE_RE.csv,46.2080,-1.3655,2026,"St. Martin, Île de Ré, France",harmonics_noaa_eutt.txt,894,103680,0.2802,0.786,0,0.466,5.882,France_SHOM,0,nein
SAINT-NAZAIRE.csv,47.2669,-2.2017,2026,"Saint-Nazaire, France",harmonics_utide_tidetables.txt,0,103680,0.0605,0.267,0,0.0,5.935,France_SHOM,1,nein
SAINT-NAZAIRE.csv,47.2669,-2.2017,2026,"Saint-Nazaire, France",harmonics_utide_observations.txt,12,103680,0.068,0.257,0,-0.031,6.033,France_SHOM,0,nein
SAINT-PIERRE_MARTINIQUE.csv,14.7397,-61.1803,2026,"Saint-Pierre, Martinique",harmonics_utide_tidetables.txt,0,103680,0.0088,0.027,0,-0.0,0.637,France_SHOM,1,nein
SAINT-PIERRE_LA_REUNION.csv,-21.3452,55.4777,2026,"Saint-Pierre, Réunion",harmonics_att_np203_secondary.txt,0,103680,0.0978,0.341,-710,0.009,0.916,France_SHOM,0,nein
SAINT-PIERRE_LA_REUNION.csv,-21.3452,55.4777,2026,"Saint-Pierre, Réunion",harmonics_utide_tidetables.txt,0,103680,0.0402,0.09,0,-0.0,0.813,France_SHOM,1,nein
SAINT-VAAST-LA-HOUGUE.csv,49.5867,-1.2620,2026,"Saint-Vaast-la-Hougue, France",harmonics-pierre-lavergne-v10_mod.txt,0,103680,0.1328,0.548,0,-0.042,6.997,France_SHOM,0,nein
SAINT-VAAST-LA-HOUGUE.csv,49.5867,-1.2620,2026,"Saint-Vaast-la-Hougue, France",harmonics_utide_tidetables.txt,0,103680,0.0949,0.407,0,0.0,6.584,France_SHOM,1,nein
SAINT-VALERY-EN-CAUX.csv,49.8833,0.7200,2026,"Saint-Valery-en-Caux, France",harmonics-pierre-lavergne-v10_mod.txt,0,103680,0.183,0.796,0,0.0,9.485,France_SHOM,0,nein
SAINT-VALERY-EN-CAUX.csv,49.8833,0.7200,2026,"Saint-Valery-en-Caux, France",harmonics_utide_tidetables.txt,0,103680,0.12,0.475,0,0.0,9.015,France_SHOM,1,nein
SAN_PEDRO.csv,4.7373,-6.6150,2026,"San Pedro, Ivory Coast",harmonics_att_np208_secondary.txt,0,103680,0.0573,0.169,-20,0.207,1.569,France_SHOM,0,nein
SAN_PEDRO.csv,4.7373,-6.6150,2026,"San Pedro, Ivory Coast",harmonics_utide_tidetables.txt,0,103680,0.0383,0.106,0,-0.0,1.488,France_SHOM,1,nein
SASSANDRA.csv,4.9520,-6.0804,2026,"Sassandra, Ivory Coast",harmonics_att_np208_secondary.txt,0,103680,0.0717,0.236,30,0.057,1.569,France_SHOM,0,nein
SASSANDRA.csv,4.9520,-6.0804,2026,"Sassandra, Ivory Coast",harmonics_utide_tidetables.txt,0,103680,0.0355,0.134,50,-0.0,1.44,France_SHOM,1,nein
SELAATA.csv,34.2844,35.6552,2026,"Selaata, Lebanon",harmonics_utide_tidetables.txt,0,103680,0.0067,0.027,0,-0.0,0.541,France_SHOM,1,nein
SFAX.csv,34.7276,10.7742,2026,"Sfax, Tunisia",harmonics_att_np208.txt,0,103680,0.0542,0.19,0,0.0,1.676,France_SHOM,0,nein
SFAX.csv,34.7276,10.7742,2026,"Sfax, Tunisia",harmonics-1997-05-25_mod.txt,0,103680,0.037,0.151,0,-0.0,1.734,France_SHOM,0,nein
SFAX.csv,34.7276,10.7742,2026,"Sfax, Tunisia",harmonics_utide_tidetables.txt,0,103680,0.0398,0.124,0,-0.0,1.666,France_SHOM,1,nein
SOUR.csv,33.2745,35.1981,2026,"Sour (Tyre), Lebanon",harmonics_att_np208.txt,0,103680,0.0508,0.16,0,0.207,0.454,France_SHOM,0,nein
SOUR.csv,33.2745,35.1981,2026,"Sour (Tyre), Lebanon",harmonics_utide_tidetables.txt,0,103680,0.0069,0.029,0,-0.0,0.552,France_SHOM,1,nein
TAHANEA.csv,-16.8667,-144.6667,2026,"Tahanea, French Polynesia",harmonics_utide_tidetables.txt,0,103680,0.0078,0.028,0,0.0,0.604,France_SHOM,1,nein
TAIOHAE_SHOM.csv,-8.9167,-140.1000,2026,"Taiohae, French Polynesia",harmonics_utide_tidetables.txt,0,103680,0.0231,0.073,0,-0.0,1.452,France_SHOM,1,nein
TAIOHAE_SHOM.csv,-8.9167,-140.1000,2026,"Taioha'e, Nuku Hiva, Marquesas Islands, French Polynesia",harmonics_ticon4_worldwide.txt,2469,103680,0.0159,0.064,0,0.84,1.466,France_SHOM,0,nein
TAN-TAN.csv,28.4759,-11.3549,2026,"Port de Tan-Tan (El Ouatia), Morocco",harmonics_att_np208_secondary.txt,0,103680,0.1062,0.396,0,-0.001,3.723,France_SHOM,0,nein
TAN-TAN.csv,28.4759,-11.3549,2026,"Port de Tan-Tan (El Ouatia), Morocco",harmonics_utide_tidetables.txt,0,103680,0.0316,0.117,0,0.0,3.684,France_SHOM,1,nein
TANGER_MED.csv,35.8977,-5.4919,2026,"Tanger Med Port, Morocco",harmonics_utide_tidetables.txt,0,103680,0.0158,0.056,0,-0.0,0.967,France_SHOM,1,nein
TANGER.csv,35.7883,-5.8031,2026,"Tanger, Morocco",harmonics_utide_tidetables.txt,0,103680,0.0192,0.077,0,0.0,2.308,France_SHOM,1,nein
TANGER.csv,35.7883,-5.8031,2026,"Tanger, Morocco",harmonics-1997-05-25_mod.txt,18,103680,0.0188,0.069,0,0.0,2.312,France_SHOM,0,nein
TANGER.csv,35.7883,-5.8031,2026,"Tanger, Morocco",harmonics_utide_tidetables.txt,18,103680,0.0192,0.077,0,0.0,2.308,France_SHOM,0,nein
TAO.csv,-20.5608,164.8083,2026,"Tao, New Caledonia",harmonics_utide_tidetables.txt,0,103680,0.0133,0.055,0,-0.0,1.504,France_SHOM,1,nein
TARFAYA.csv,27.9419,-12.9355,2026,"Tarfaya (Cap Juby), Morocco",harmonics_utide_tidetables.txt,0,103680,0.0466,0.154,0,-0.0,3.016,France_SHOM,1,nein
TAUTIRA.csv,-17.7552,-149.1567,2026,"Tautira, French Polynesia",harmonics_utide_tidetables.txt,0,103680,0.0088,0.036,0,-0.0,0.507,France_SHOM,1,nein
TEAVAROA.csv,-14.4747,-145.0372,2026,"Teavaroa, French Polynesia",harmonics_utide_tidetables.txt,0,103680,0.0061,0.022,0,-0.0,0.703,France_SHOM,1,nein
TEHERE.csv,-15.3167,-146.4000,2026,"Tehere, French Polynesia",harmonics_utide_tidetables.txt,0,103680,0.0101,0.028,0,-0.0,0.35,France_SHOM,1,nein
FAKARAVA_TETAMANU.csv,-16.5000,-145.4667,2026,"Tetamanu, French Polynesia",harmonics_utide_tidetables.txt,0,103680,0.0066,0.023,0,0.0,0.521,France_SHOM,1,nein
TIBARAMA.csv,-20.9331,165.3718,2026,"Tibarama, New Caledonia",harmonics_utide_tidetables.txt,0,103680,0.0368,0.096,0,-0.0,1.477,France_SHOM,1,nein
TIGA.csv,-21.1000,167.7983,2026,"Tiga, New Caledonia",harmonics_utide_tidetables.txt,0,103680,0.0569,0.121,0,-0.0,1.468,France_SHOM,1,nein
TINDUFF.csv,48.3358,-4.3675,2026,"Tinduff, France",harmonics_utide_tidetables.txt,0,103680,0.0742,0.32,0,0.0,7.188,France_SHOM,1,nein
TOAMASINA.csv,-18.1600,49.4267,2026,"Toamasina (Tamatave), Madagascar",harmonics-1997-05-25_mod.txt,0,103680,0.0251,0.086,0,0.12,0.888,France_SHOM,0,nein
TOAMASINA.csv,-18.1600,49.4267,2026,"Toamasina (Tamatave), Madagascar",harmonics_utide_tidetables.txt,0,103680,0.0473,0.101,0,-0.0,0.817,France_SHOM,1,nein
TOAU.csv,-15.8667,-145.9167,2026,"Toau, French Polynesia",harmonics_utide_tidetables.txt,0,103680,0.0227,0.065,0,0.0,0.746,France_SHOM,1,nein
TOLIARA.csv,-23.3774,43.6641,2026,"Toliara, Madagascar",harmonics-1997-05-25_mod.txt,0,103680,0.0527,0.201,0,-0.0,3.164,France_SHOM,0,nein
TOLIARA.csv,-23.3774,43.6641,2026,"Toliara, Madagascar",harmonics_utide_tidetables.txt,0,103680,0.1024,0.231,0,-0.0,3.081,France_SHOM,1,nein
TOMO_NOUVELLE_CALEDONIE.csv,-21.9592,166.1383,2026,"Tomo, New Caledonia",harmonics_utide_tidetables.txt,0,103680,0.0345,0.098,0,-0.0,1.696,France_SHOM,1,nein
TREZ-HIR.csv,48.3397,-4.6993,2026,"Trez-Hir, France",harmonics-pierre-lavergne-v10_mod.txt,0,103680,0.0734,0.304,0,0.103,6.583,France_SHOM,0,nein
TREZ-HIR.csv,48.3397,-4.6993,2026,"Trez-Hir, France",harmonics_utide_tidetables.txt,0,103680,0.0659,0.269,0,0.0,6.59,France_SHOM,1,nein
TRIPOLI_LIBAN.csv,34.4517,35.8215,2026,"Tripoli, Lebanon",harmonics_utide_tidetables.txt,0,103680,0.0072,0.029,0,-0.0,0.578,France_SHOM,1,nein
DEAUVILLE.csv,49.3655,0.0794,2026,"Trouville-Deauville, France",harmonics-pierre-lavergne-v10_mod.txt,0,103680,0.2635,1.03,0,-0.002,8.782,France_SHOM,0,nein
DEAUVILLE.csv,49.3655,0.0794,2026,"Trouville-Deauville, France",harmonics_utide_tidetables.txt,0,103680,0.127,0.628,0,0.0,8.078,France_SHOM,1,nein
TREBEURDEN.csv,48.7721,-3.5867,2026,"Trébeurden, France",harmonics-pierre-lavergne-v10_mod.txt,0,103680,0.1297,0.521,0,-0.003,9.398,France_SHOM,0,nein
TREBEURDEN.csv,48.7721,-3.5867,2026,"Trébeurden, France",harmonics_utide_tidetables.txt,0,103680,0.0992,0.402,0,0.0,9.304,France_SHOM,1,nein
TREGUIER.csv,48.7870,-3.2222,2026,"Tréguier, France",harmonics-pierre-lavergne-v10_mod.txt,0,103680,0.1582,0.678,0,0.002,10.135,France_SHOM,0,nein
TREGUIER.csv,48.7870,-3.2222,2026,"Tréguier, France",harmonics_utide_tidetables.txt,0,103680,0.1082,0.512,0,0.0,10.109,France_SHOM,1,nein
TREHIGUIER.csv,47.4953,-2.4415,2026,"Tréhiguier (La Vilaine), France",harmonics-pierre-lavergne-v10_mod.txt,0,103680,0.0863,0.418,0,0.001,5.631,France_SHOM,0,nein
TREHIGUIER.csv,47.4953,-2.4415,2026,"Tréhiguier (La Vilaine), France",harmonics_utide_tidetables.txt,0,103680,0.0764,0.323,0,0.0,5.774,France_SHOM,1,nein
UALA.csv,-19.7200,163.6400,2026,"Uala (Île Art), New Caledonia",harmonics_utide_tidetables.txt,0,103680,0.0335,0.095,0,0.0,1.543,France_SHOM,1,nein
UTUROA.csv,-16.7288,-151.4428,2026,"Uturoa, French Polynesia",harmonics_utide_tidetables.txt,0,103680,0.0143,0.045,0,-0.0,0.252,France_SHOM,1,nein
VAIARE.csv,-17.5200,-149.7800,2026,"Vaiare, French Polynesia",harmonics_utide_tidetables.txt,0,103680,0.0307,0.077,0,-0.0,0.353,France_SHOM,1,nein
VAITAPE_BORA-BORA.csv,-16.5075,-151.7533,2026,"Vaitape, French Polynesia",harmonics_utide_tidetables.txt,0,103680,0.0103,0.036,0,0.0,0.325,France_SHOM,1,nein
VANNES.csv,47.6384,-2.7619,2026,"Vannes, France",harmonics-pierre-lavergne-v10_mod.txt,0,103680,0.1246,0.605,10,-0.233,3.23,France_SHOM,0,nein
VANNES.csv,47.6384,-2.7619,2026,"Vannes, France",harmonics_utide_tidetables.txt,0,103680,0.0637,0.266,0,-0.0,3.128,France_SHOM,1,nein
VAVOUTO.csv,-21.0028,164.6715,2026,"Vavouto, New Caledonia",harmonics_utide_tidetables.txt,0,103680,0.0405,0.102,0,0.0,1.566,France_SHOM,1,nein
VIEUX-BOUCAU.csv,43.7858,-1.4156,2026,"Vieux-Boucau-les-Bains, France",harmonics-pierre-lavergne-v10_mod.txt,0,103680,0.0396,0.183,0,0.003,4.069,France_SHOM,0,nein
VIEUX-BOUCAU.csv,43.7858,-1.4156,2026,"Vieux-Boucau-les-Bains, France",harmonics_utide_tidetables.txt,0,103680,0.0385,0.155,0,0.0,4.089,France_SHOM,1,nein
WISSANT.csv,50.8876,1.6596,2026,"Wissant, France",harmonics_utide_tidetables.txt,0,103680,0.1174,0.51,0,0.0,7.832,France_SHOM,1,nein
YANDE.csv,-20.0422,163.7907,2026,"Yandé, New Caledonia",harmonics_utide_tidetables.txt,0,103680,0.0136,0.059,0,-0.0,1.571,France_SHOM,1,nein
YATE.csv,-22.1567,166.9317,2026,"Yaté, New Caledonia",harmonics_utide_tidetables.txt,0,103680,0.0425,0.115,0,-0.0,1.401,France_SHOM,1,nein
ETRETAT.csv,49.7090,0.2025,2026,"Étretat, France",harmonics-pierre-lavergne-v10_mod.txt,0,103680,0.1648,0.758,0,-0.004,8.457,France_SHOM,0,nein
ETRETAT.csv,49.7090,0.2025,2026,"Étretat, France",harmonics_utide_tidetables.txt,0,103680,0.107,0.458,0,0.0,7.834,France_SHOM,1,nein
ILE_AMEDEE.csv,-22.4770,166.4662,2026,"Île Amédée, New Caledonia",harmonics_utide_tidetables.txt,0,103680,0.0357,0.095,0,-0.0,1.572,France_SHOM,1,nein
EIAO_VAITUHA.csv,-7.9833,-140.7083,2026,"Île Eiao, French Polynesia",harmonics_utide_tidetables.txt,0,103680,0.0139,0.053,0,-0.0,1.539,France_SHOM,1,nein
ILE_EUROPA.csv,-22.3168,40.3333,2026,"Île Europa, Îles Éparses",harmonics_att_np203_secondary.txt,0,103680,0.2106,0.649,-70,-0.446,3.988,France_SHOM,0,nein
ILE_EUROPA.csv,-22.3168,40.3333,2026,"Île Europa, Îles Éparses",harmonics_utide_tidetables.txt,0,103680,0.0334,0.135,0,-0.0,3.523,France_SHOM,1,nein
ILE_JUAN_DE_NOVA.csv,-17.0493,42.7265,2026,"Île Juan de Nova, Îles Éparses",harmonics_att_np203_secondary.txt,0,103680,0.2106,0.695,-40,-0.393,4.983,France_SHOM,0,nein
ILE_JUAN_DE_NOVA.csv,-17.0493,42.7265,2026,"Île Juan de Nova, Îles Éparses",harmonics_utide_tidetables.txt,0,103680,0.0414,0.184,0,0.0,4.332,France_SHOM,1,nein
ILE_KOMAYTOU_LARGE.csv,12.4461,43.4517,2026,"Île Komaytou, Djibouti",harmonics_utide_tidetables.txt,0,103680,0.0173,0.079,0,-0.0,2.659,France_SHOM,1,nein
ILE_LONGUE_CHESTERFIELD.csv,-19.8683,158.3117,2026,"Île Longue, New Caledonia",harmonics_utide_tidetables.txt,0,103680,0.0334,0.093,0,-0.0,1.775,France_SHOM,1,nein
ILE_MIQUELON.csv,47.1038,-56.3738,2026,"Île Miquelon, Saint-Pierre-et-Miquelon",harmonics_utide_tidetables.txt,0,103680,0.0461,0.127,0,-0.0,2.035,France_SHOM,1,nein
MOLENE_NORD.csv,48.4023,-4.9563,2026,"Île-Molène, France",harmonics-pierre-lavergne-v10_mod.txt,0,103680,0.0833,0.402,0,0.114,7.272,France_SHOM,0,nein
MOLENE_NORD.csv,48.4023,-4.9563,2026,"Île-Molène, France",harmonics_utide_tidetables.txt,0,103680,0.0738,0.317,0,0.0,7.254,France_SHOM,1,nein
MOLENE_NORD.csv,48.4023,-4.9563,2026,"Île de Molène, France",harmonics_noaa_eutt.txt,809,103680,0.2563,0.701,-10,-0.045,7.043,France_SHOM,0,nein
SURPRISE.csv,-18.4795,163.0859,2026,"Île Surprise, New Caledonia",harmonics_utide_tidetables.txt,0,103680,0.041,0.103,0,-0.0,1.534,France_SHOM,1,nein
ILE_AUX_MOINES_ER_GORED.csv,47.5850,-2.8578,2026,"Île aux Moines, France",harmonics_utide_tidetables.txt,0,103680,0.0512,0.176,0,0.0,3.188,France_SHOM,1,nein
ILE_AUX_MOINES_ER_GORED.csv,47.5850,-2.8578,2026,"Larmor-Baden, France",harmonics_utide_tidetables.txt,2814,103680,0.1485,0.487,-40,-0.331,3.796,France_SHOM,0,nein
ILE_D_AIX.csv,46.0074,-1.1743,2026,"Île-d'Aix, France",harmonics_utide_tidetables.txt,0,103680,0.075,0.331,0,-0.0,6.258,France_SHOM,1,nein
ILE_D_AIX.csv,46.0074,-1.1743,2026,"Île-d'Aix, France",harmonics_ticon4_worldwide.txt,6,103680,0.0719,0.324,0,3.958,6.244,France_SHOM,0,nein
ILE_D_AIX.csv,46.0074,-1.1743,2026,"Île d'Aix, France",harmonics_noaa_eutt.txt,1189,103680,0.3185,0.858,10,0.423,5.934,France_SHOM,0,nein
BREHAT_MEN_JOLIGUET.csv,48.8401,-3.0039,2026,"Île de Bréhat, France",harmonics-pierre-lavergne-v10_mod.txt,0,103680,0.2094,0.933,-10,0.047,10.726,France_SHOM,0,nein
BREHAT_MEN_JOLIGUET.csv,48.8401,-3.0039,2026,"Île de Bréhat, France",harmonics_utide_tidetables.txt,0,103680,0.1341,0.542,0,0.0,10.807,France_SHOM,1,nein
ILE_DE_SEIN_NORD.csv,48.0393,-4.8484,2026,"Île de Sein, France",harmonics-pierre-lavergne-v10_mod.txt,0,103680,0.0661,0.294,0,-0.02,6.185,France_SHOM,0,nein
ILE_DE_SEIN_NORD.csv,48.0393,-4.8484,2026,"Île de Sein, France",harmonics_utide_tidetables.txt,0,103680,0.0627,0.261,0,0.0,6.239,France_SHOM,1,nein
LES_OITELLIERES.csv,48.6167,-2.2100,2026,"Île des Hébihens, France",harmonics-pierre-lavergne-v10_mod.txt,0,103680,0.2272,0.974,0,-0.001,12.418,France_SHOM,0,nein
LES_OITELLIERES.csv,48.6167,-2.2100,2026,"Île des Hébihens, France",harmonics_utide_tidetables.txt,0,103680,0.1472,0.689,0,0.0,12.365,France_SHOM,1,nein
ILES_GLORIEUSES.csv,-11.5667,47.3117,2026,"Îles Glorieuses, Comoros",harmonics_att_np203_secondary.txt,0,103680,0.0641,0.262,30,0.08,3.605,France_SHOM,0,nein
ILES_GLORIEUSES.csv,-11.5667,47.3117,2026,"Îles Glorieuses, Îles Éparses",harmonics_utide_tidetables.txt,0,103680,0.038,0.137,0,-0.0,3.593,France_SHOM,1,nein
ILES_SAINT-MARCOUF.csv,49.4984,-1.1474,2026,"Îles Saint-Marcouf, France",harmonics-pierre-lavergne-v10_mod.txt,0,103680,0.1442,0.685,0,-0.0,7.06,France_SHOM,0,nein
ILES_SAINT-MARCOUF.csv,49.4984,-1.1474,2026,"Îles Saint-Marcouf, France",harmonics_utide_tidetables.txt,0,103680,0.1023,0.424,0,0.0,6.532,France_SHOM,1,nein
ILOT_MATO.csv,-22.5520,166.7867,2026,"Îlot Mato, New Caledonia",harmonics_utide_tidetables.txt,0,103680,0.0254,0.072,0,0.0,1.331,France_SHOM,1,nein
N_DIE.csv,-22.5200,167.1943,2026,"Îlot N'Dié, New Caledonia",harmonics_utide_tidetables.txt,0,103680,0.0339,0.08,0,-0.0,1.169,France_SHOM,1,nein
N_DO.csv,-22.6833,166.9718,2026,"Îlot N'Do, New Caledonia",harmonics_utide_tidetables.txt,0,103680,0.0297,0.079,0,0.0,1.271,France_SHOM,1,nein
POINTE_NOIRE.csv,-4.7833,11.8333,2026,"Pointe-Noire, Republic of the Congo",harmonics_ticon4_worldwide.txt,0,103680,0.0542,0.216,0,-0.0,1.943,France_SHOM,0,nein
POINTE_NOIRE.csv,-4.7833,11.8333,2026,"Pointe-Noire, Republic of the Congo",harmonics_utide_tidetables.txt,0,103680,0.0527,0.16,0,-0.0,1.929,France_SHOM,1,nein
POINTE_NOIRE.csv,-4.7833,11.8333,2026,"Pointe-Noire, Congo",harmonics_att_np208.txt,47,103680,0.085,0.248,0,-0.0,1.756,France_SHOM,0,nein
AVATORU_LAGON.csv,-14.9500,-147.7000,2026,"Avatoru lagon, French Polynesia",harmonics_utide_tidetables.txt,0,103680,0.0164,0.062,0,-0.0,0.42,France_SHOM,1,nein
AVATORU_LAGON.csv,-14.9500,-147.7000,2026,"Rangiroa, Tuamoto Atoll, French Polyneisa",harmonics_ticon4_worldwide.txt,797,103680,0.011,0.051,0,0.436,0.416,France_SHOM,0,nein
MATAVAI.csv,-17.5167,-149.5167,2026,"Matavai, French Polynesia",harmonics_utide_tidetables.txt,0,103680,0.0041,0.015,0,-0.0,0.329,France_SHOM,1,nein
MATAVAI.csv,-17.5167,-149.5167,2026,"Baie de Matavai, Tahiti",harmonics_ticon4_worldwide.txt,2317,103680,0.0193,0.061,0,0.3,0.359,France_SHOM,0,nein
NOUMEA_CHALEIX.csv,-22.2917,166.4350,2026,"Nouméa - Chaleix, New Caledonia",harmonics_utide_tidetables.txt,0,103680,0.0379,0.101,0,0.0,1.563,France_SHOM,1,nein
NOUMEA_CHALEIX.csv,-22.2917,166.4350,2026,"Nouméa, New Caledonia",harmonics_ticon4_worldwide.txt,181,103680,0.0149,0.06,0,0.95,1.597,France_SHOM,0,nein
QUAI_DE_FARE.csv,-16.7167,-151.0333,2026,"Mouillage de Fare, French Polynesia",harmonics_utide_tidetables.txt,0,103680,0.0367,0.083,0,-0.0,0.335,France_SHOM,1,nein
QUAI_DE_FARE.csv,-16.7167,-151.0333,2026,"Fare, Huahine, French Polynesia",harmonics_ticon4_worldwide.txt,548,103680,0.024,0.081,0,0.308,0.381,France_SHOM,0,nein
RIKITEA.csv,-23.1167,-134.9667,2026,"Rikitea, French Polynesia",harmonics_utide_tidetables.txt,0,103680,0.022,0.065,0,0.0,0.963,France_SHOM,1,nein
RIKITEA.csv,-23.1167,-134.9667,2026,"Rikitea, Mangareva, Gambier Islands",harmonics_ticon4_worldwide.txt,254,103680,0.0134,0.056,0,0.682,0.958,France_SHOM,0,nein
ROCHERS_NOIRS.csv,-23.3400,-149.4750,2026,"Rochers Noirs - Tubuai, French Polynesia",harmonics_utide_tidetables.txt,0,103680,0.0216,0.058,0,0.0,0.671,France_SHOM,1,nein
ROCHERS_NOIRS.csv,-23.3400,-149.4750,2026,"Tubuai, Austral Islands, French Polynesia (1)",harmonics_ticon4_worldwide.txt,203,103680,0.0079,0.035,0,0.748,0.691,France_SHOM,0,nein
ROCHERS_NOIRS.csv,-23.3400,-149.4750,2026,"Tubuai, Austral Islands, French Polynesia (2)",harmonics_ticon4_worldwide.txt,204,103680,0.0078,0.035,0,0.748,0.692,France_SHOM,0,nein
THIO.csv,-21.6133,166.2483,2026,"Thio, New Caledonia",harmonics_utide_tidetables.txt,0,103680,0.0393,0.101,0,-0.0,1.459,France_SHOM,1,nein
THIO.csv,-21.6133,166.2483,2026,"Thio, New Caledonia",harmonics_ticon4_worldwide.txt,702,103680,0.0263,0.094,0,1.033,1.501,France_SHOM,0,nein
VAIRAO_OUTUTAATA.csv,-17.8083,-149.2940,2026,"Vairao Oututaata, French Polynesia",harmonics_utide_tidetables.txt,0,103680,0.0187,0.053,0,-0.0,0.495,France_SHOM,1,nein
VAIRAO_OUTUTAATA.csv,-17.8083,-149.2940,2026,"Vairao, Tahiti, French Polynesia",harmonics_ticon4_worldwide.txt,287,103680,0.0098,0.037,0,0.538,0.524,France_SHOM,0,nein
109.npz,-20.9185,167.2787,2025,"Lifou Wé, Îles Loyauté, New Caledonia",harmonics_utide_observations.txt,0,52561,0.0726,0.239,0,0.044,1.566,France_SHOM,1,nein
111.npz,50.7274,1.5777,2025,"Boulogne-sur-Mer, France",harmonics_utide_observations.txt,0,52558,0.1933,1.136,60,0.057,8.978,France_SHOM,1,nein
111.npz,50.7274,1.5777,2025,"Boulogne, France",harmonics_noaa_eutt.txt,769,52558,0.5161,1.781,0,0.144,9.018,France_SHOM,0,nein
115.npz,46.7788,-56.1683,2025,"Saint-Pierre, Saint-Pierre-et-Miquelon",harmonics-2004-06-14_mod.txt,4,48621,0.1437,0.711,0,0.197,1.997,France_SHOM,0,nein
118.npz,45.9463,-0.9535,2007,"Rochefort, France",harmonics_utide_observations.txt,0,53449,0.1879,1.038,60,0.0,8.603,France_SHOM,1,nein
118.npz,45.9463,-0.9535,2007,"Rochefort, Charente River, France",harmonics_noaa_eutt.txt,1100,53449,0.6346,2.962,20,0.457,8.467,France_SHOM,0,nein
125.npz,16.2244,-61.5315,2025,"Pointe-à-Pitre, Guadeloupe",harmonics_utide_observations.txt,0,49864,0.0448,0.17,0,0.615,0.639,France_SHOM,1,nein
125.npz,16.2244,-61.5315,2025,"Pointe-à-Pitre, Guadeloupe",harmonics_utide_observations.txt,6,49864,0.0448,0.17,0,0.615,0.639,France_SHOM,0,nein
126.npz,14.6019,-61.0636,2025,"Fort-de-France, Martinique",harmonics_utide_observations.txt,0,52450,0.0502,0.182,10,0.006,0.591,France_SHOM,1,nein
126.npz,14.6019,-61.0636,2025,"Fort-de-France, Martinique",harmonics_utide_observations.txt,4,52450,0.0502,0.182,10,0.006,0.591,France_SHOM,0,nein
13.npz,49.6514,-1.6355,2025,"Cherbourg-en-Cotentin, France",harmonics_ticon4_worldwide.txt,0,52554,0.1468,0.882,0,3.939,6.552,France_SHOM,0,nein
13.npz,49.6514,-1.6355,2025,"Cherbourg-en-Cotentin, France",harmonics_utide_observations.txt,0,52554,0.1392,0.86,0,0.064,6.508,France_SHOM,1,nein
15.npz,45.5685,-1.0616,2025,"Port-Bloc (La Pointe de Grave), France",harmonics_ticon4_worldwide.txt,0,52514,0.1368,0.858,0,3.39,5.026,France_SHOM,0,nein
15.npz,45.5685,-1.0616,2025,"Port-Bloc (La Pointe de Grave), France",harmonics_utide_observations.txt,0,52514,0.1326,0.834,0,0.067,5.07,France_SHOM,1,nein
15.npz,45.5685,-1.0616,2025,"Le Verdon-sur-Mer, France",harmonics_utide_observations.txt,2986,52514,0.1433,0.918,0,0.076,5.063,France_SHOM,1,ja
150.npz,45.4537,-0.9231,2025,"Jau-Dignac-et-Loirac (Richard), France",harmonics_utide_observations.txt,0,318510,0.2614,8.605,0,0.033,5.31,France_SHOM,1,nein
150.npz,45.4537,-0.9231,2025,"Jau-Dignac-et-Loirac (Richard), France",harmonics_ticon4_worldwide.txt,3,318510,0.2769,8.543,0,3.375,5.284,France_SHOM,0,nein
152.npz,48.3591,-4.7808,2026,"Le Conquet, France",harmonics_utide_observations.txt,0,52390,0.125,0.818,0,0.077,7.089,France_SHOM,1,nein
155.npz,45.8534,-1.1778,2023,"Bourcefranc-le-Chapus, France",harmonics_ticon4_worldwide.txt,0,103583,0.1772,1.122,-10,4.039,5.865,France_SHOM,0,nein
160.npz,47.8735,-3.9072,2025,"Concarneau, France",harmonics_utide_observations.txt,0,52561,0.1375,1.037,0,0.09,5.235,France_SHOM,1,nein
171.npz,5.1517,-52.6687,2023,"Pariacabo (Kourou), French Guiana",harmonics_utide_observations.txt,0,15786,0.082,0.261,0,0.002,2.555,France_SHOM,1,nein
185.npz,47.5427,-2.8952,2025,"Arzon (Port Crouesty), France",harmonics_ticon4_worldwide.txt,0,51736,0.1466,1.008,0,3.424,5.655,France_SHOM,0,nein
185.npz,47.5427,-2.8952,2025,"Arzon (Port Crouesty), France",harmonics_utide_observations.txt,0,51736,0.1442,0.989,0,0.076,5.707,France_SHOM,1,nein
185.npz,47.5427,-2.8952,2025,"Port-Navalo, France",harmonics-pierre-lavergne-v10_mod.txt,1798,51736,0.1758,0.896,10,0.437,5.155,France_SHOM,0,nein
185.npz,47.5427,-2.8952,2025,"Port-Navalo, France",harmonics_utide_tidetables.txt,1798,51736,0.1798,0.973,10,0.379,5.263,France_SHOM,1,nein
185.npz,47.5427,-2.8952,2025,"Port Navalo, Morbihan entrance, France",harmonics_noaa_eutt.txt,1810,51736,0.2843,1.156,10,0.657,4.818,France_SHOM,0,nein
186.npz,46.8933,-2.1392,2024,"Fromentine (La Barre-de-Monts), France",harmonics_utide_observations.txt,0,460432,0.173,1.225,0,-0.0,5.689,France_SHOM,1,nein
190.npz,44.6650,-1.1636,2025,"Arcachon (Jetée d'Eyrac), France",harmonics_utide_observations.txt,0,52559,0.1417,1.002,0,0.059,4.724,France_SHOM,1,nein
190.npz,44.6650,-1.1636,2025,"Arcachon (Jetée d'Eyrac), France",harmonics_utide_tidetables.txt,12,52559,0.16,1.045,0,0.073,4.645,France_SHOM,1,nein
191.npz,45.3356,-0.7952,2015,"Saint-Yzans-de-Médoc, France",harmonics_ticon4_worldwide.txt,0,51603,0.1536,0.772,0,3.307,5.799,France_SHOM,0,nein
191.npz,45.3356,-0.7952,2015,"Saint-Yzans-de-Médoc (Lamena), France",harmonics_utide_observations.txt,0,51603,0.136,0.719,0,-0.003,6.005,France_SHOM,1,nein
196.npz,44.8600,-0.5528,2015,"Bordeaux, France",harmonics_utide_observations.txt,0,52192,0.2447,1.29,60,-0.002,7.002,France_SHOM,1,nein
198.npz,47.0249,-2.2989,2025,"L'Herbaudière (Île de Noirmoutier), France",harmonics_utide_observations.txt,0,51963,0.1425,0.999,0,0.067,5.977,France_SHOM,1,nein
198.npz,47.0249,-2.2989,2025,"L'Herbaudière (Île de Noirmoutier), France",harmonics-pierre-lavergne-v10_mod.txt,5,51963,0.1562,0.985,0,0.287,5.796,France_SHOM,0,nein
198.npz,47.0249,-2.2989,2025,"L'Herbaudière (Île de Noirmoutier), France",harmonics_utide_tidetables.txt,5,51963,0.1514,0.936,0,0.045,5.93,France_SHOM,1,nein
2.npz,51.0481,2.3667,2025,"Dunkerque, France",harmonics_noaa_eutt.txt,0,52561,0.4101,1.502,-10,0.205,5.994,France_SHOM,0,nein
2.npz,51.0481,2.3667,2025,"Dunkerque, France",harmonics_utide_observations.txt,0,52561,0.1944,1.264,60,0.023,6.485,France_SHOM,1,nein
22.npz,43.7288,7.4215,2026,"Monte Carlo, Monaco",harmonics_ticon4_worldwide.txt,0,8761,0.0898,0.408,10,0.575,0.409,France_SHOM,0,nein
224.npz,14.6780,-60.9408,2025,"Le Robert, Martinique",harmonics_ticon4_worldwide.txt,444,450538,0.0601,1.192,0,0.596,0.868,France_SHOM,0,nein
224.npz,14.6780,-60.9408,2025,"Le Robert, Martinique",harmonics_utide_observations.txt,444,450538,0.053,1.188,0,-0.031,0.92,France_SHOM,1,nein
24.npz,49.9292,1.0845,2025,"Dieppe, France",harmonics_utide_observations.txt,0,52547,0.1824,1.312,0,0.059,9.689,France_SHOM,1,nein
241.npz,4.8529,-52.2722,2022,"Port du Dégrad des Cannes, French Guiana",harmonics_utide_observations.txt,0,18405,0.0726,0.261,0,0.025,3.013,France_SHOM,1,nein
250.npz,43.3999,3.7019,2025,"Sète, France",harmonics_ticon4_worldwide.txt,340,52546,0.1002,0.612,0,0.55,0.425,France_SHOM,0,nein
276.npz,-13.2847,-176.1685,2025,"Mata Utu, Wallis",harmonics_utide_observations.txt,0,31546,0.0565,0.271,10,0.006,1.804,France_SHOM,1,nein
297.npz,45.5684,-1.0615,2015,"Port-Bloc (La Pointe de Grave), France",harmonics_ticon4_worldwide.txt,8,50474,0.1225,0.651,0,3.276,5.258,France_SHOM,0,nein
297.npz,45.5684,-1.0615,2015,"Port-Bloc (La Pointe de Grave), France",harmonics_utide_observations.txt,8,50474,0.1154,0.645,0,-0.047,5.306,France_SHOM,1,nein
297.npz,45.5684,-1.0615,2015,"Le Verdon-sur-Mer, France",harmonics_utide_observations.txt,2979,50474,0.1192,0.652,0,-0.04,5.354,France_SHOM,1,nein
3.npz,48.3829,-4.4950,2026,"Brest (Estuaire Penfeld), France",harmonics_utide_observations.txt,0,52557,0.1471,0.913,0,0.091,7.285,France_SHOM,1,nein
3.npz,48.3829,-4.4950,2026,"Brest (Estuaire Penfeld), France",harmonics-pierre-lavergne-v10_mod.txt,3,52557,0.1593,0.937,0,0.21,6.973,France_SHOM,0,nein
300.npz,41.9228,8.7628,2025,"Ajaccio, France",harmonics_ticon4_worldwide.txt,0,52549,0.0632,0.311,0,0.535,0.46,France_SHOM,0,nein
308.npz,45.6206,-1.0278,2011,"Royan, France",harmonics_utide_observations.txt,0,87467,0.1355,1.034,0,-0.015,5.234,France_SHOM,1,nein
311.npz,49.2804,-0.2487,2025,"Ouistreham, France",harmonics_utide_observations.txt,0,52339,0.1535,1.026,0,0.007,7.776,France_SHOM,1,nein
334.npz,-21.9829,166.6833,2025,"Ouinné, New Caledonia",harmonics_utide_observations.txt,0,49990,0.0555,0.325,0,0.071,1.498,France_SHOM,1,nein
339.npz,43.6955,7.2853,2025,"Nice, France",harmonics_ticon4_worldwide.txt,0,45447,0.0727,0.295,0,0.563,0.447,France_SHOM,0,nein
34.npz,46.1585,-1.2206,2025,"La Rochelle (La Pallice), France",harmonics_utide_observations.txt,0,52559,0.143,0.926,0,0.086,6.394,France_SHOM,1,nein
36.npz,47.1404,-2.2464,2017,"Pointe de Saint-Gildas (Préfailles), France",harmonics_ticon4_worldwide.txt,0,8600,0.131,1.504,0,3.457,5.919,France_SHOM,0,nein
36.npz,47.1404,-2.2464,2017,"Pointe de Saint-Gildas (Préfailles), France",harmonics_utide_observations.txt,0,8600,0.1277,1.493,0,-0.022,5.952,France_SHOM,1,nein
37.npz,47.2669,-2.2016,2025,"Saint-Nazaire, France",harmonics_utide_observations.txt,0,52557,0.1534,1.031,0,0.062,6.204,France_SHOM,1,nein
37.npz,47.2669,-2.2016,2025,"Saint-Nazaire, France",harmonics_utide_tidetables.txt,12,52557,0.1722,1.036,0,0.092,6.134,France_SHOM,1,nein
380.npz,-20.5498,166.5619,2026,"Ouvéa, Îles Loyauté, New Caledonia",harmonics_utide_observations.txt,0,52130,0.0737,0.413,0,0.016,1.602,France_SHOM,1,nein
383.npz,-17.5331,-149.5727,2026,"Papeete (Fare 'Ute), Tahiti, French Polynesia",harmonics-2004-06-14_mod.txt,13,51695,0.0405,0.254,10,0.366,0.408,France_SHOM,0,nein
383.npz,-17.5331,-149.5727,2026,"Papeete (Fare 'Ute), Tahiti, French Polynesia",harmonics_utide_observations.txt,13,51695,0.0397,0.293,10,0.063,0.459,France_SHOM,1,nein
383.npz,-17.5331,-149.5727,2026,"Papeete (Fare 'Ute), Tahiti, French Polynesia",harmonics_utide_tidetables.txt,51,51695,0.0402,0.244,0,0.083,0.38,France_SHOM,1,nein
385.npz,49.4283,0.2329,2026,"Honfleur, France",harmonics_utide_observations.txt,0,90042,0.1962,1.403,0,0.003,8.292,France_SHOM,1,nein
396.npz,47.3057,-2.0883,2011,"Donges, France",harmonics_utide_observations.txt,0,6945,0.1528,0.696,0,-0.02,6.613,France_SHOM,1,nein
396.npz,47.3057,-2.0883,2011,"Montoir-de-Bretagne, France",harmonics_utide_observations.txt,1513,6945,0.1571,0.658,60,-0.082,6.615,France_SHOM,1,ja
397.npz,47.2772,-1.8898,2021,"Cordemais, France",harmonics_utide_observations.txt,0,104848,0.2161,1.726,60,0.01,6.323,France_SHOM,1,nein
398.npz,47.2054,-1.7651,2021,"Le Pellerin, France",harmonics_utide_observations.txt,0,104379,0.2942,1.827,60,0.028,6.222,France_SHOM,1,nein
399.npz,47.1934,-1.6337,2021,"Nantes, France",harmonics_utide_observations.txt,0,102119,0.3944,2.555,60,0.026,6.195,France_SHOM,1,nein
4.npz,49.4819,0.1060,2025,"Le Havre (Marégraphe), France",harmonics_utide_observations.txt,0,51508,0.1738,1.5,0,0.051,7.925,France_SHOM,1,nein
4.npz,49.4819,0.1060,2025,"Le Havre (Quai de la Marine), France",harmonics_utide_observations.txt,656,51508,0.1774,1.537,0,-0.018,7.89,France_SHOM,1,nein
410.npz,48.6408,-2.0281,2026,"Saint-Malo, France",harmonics_utide_observations.txt,62,52557,0.1734,1.033,0,0.081,12.82,France_SHOM,1,nein
418.npz,-21.5478,167.8771,2025,"Tadine, Maré (Îles Loyauté), New Caledonia",harmonics_ticon4_worldwide.txt,0,52397,0.0701,0.218,0,1.014,1.455,France_SHOM,0,nein
418.npz,-21.5478,167.8771,2025,"Tadine, Maré (Îles Loyauté), New Caledonia",harmonics_utide_observations.txt,0,52397,0.0728,0.226,0,0.032,1.463,France_SHOM,1,nein
4201.npz,49.4318,0.3160,2026,"Fatouville, France",harmonics_utide_observations.txt,0,87986,0.2005,1.356,60,-0.002,8.276,France_SHOM,1,nein
429.npz,-20.6920,164.9431,2026,"Hienghene, New Caledonia",harmonics_utide_observations.txt,0,52528,0.0521,0.416,0,0.064,1.516,France_SHOM,1,nein
495.npz,-9.8048,-139.0341,2017,"Hiva Oa, Marquesas Islands, French Polynesia",harmonics_ticon4_worldwide.txt,0,4368,0.0446,0.157,10,0.837,1.43,France_SHOM,0,nein
501.npz,-14.2960,-178.1602,2024,"Leava, Île Futuna",harmonics_utide_observations.txt,0,41415,0.0641,0.191,0,-0.014,1.927,France_SHOM,1,nein
5051.npz,43.1052,5.8855,2026,"Toulon, France",harmonics_ticon4_worldwide.txt,2606,260038,0.2096,0.59,0,0.363,0.406,France_SHOM,0,nein
506.npz,48.6475,-2.8181,2025,"Saint-Quay-Portrieux, France",harmonics_utide_observations.txt,0,52534,0.1485,0.918,0,0.037,11.876,France_SHOM,1,nein
5219.npz,43.1059,5.9370,2026,"Toulon, France",harmonics_ticon4_worldwide.txt,2315,255258,0.0976,0.735,0,0.745,0.406,France_SHOM,0,nein
524.npz,43.2788,5.3538,2026,"Marseille (Corniche), France",harmonics_ticon4_worldwide.txt,612,41738,0.082,0.421,0,0.234,0.372,France_SHOM,0,nein
535.npz,4.8938,-52.1905,2023,"Îlet la Mère, French Guiana",harmonics_ticon4_worldwide.txt,0,17148,0.0743,0.271,0,2.294,3.045,France_SHOM,0,nein
535.npz,4.8938,-52.1905,2023,"Îlet la Mère, French Guiana",harmonics_utide_observations.txt,0,17148,0.0791,0.273,0,-0.008,2.996,France_SHOM,1,nein
54.npz,48.7184,-3.9657,2026,"Roscoff, France",harmonics_utide_observations.txt,0,50506,0.1303,1.631,0,0.079,9.219,France_SHOM,1,nein
55.npz,50.9694,1.8677,2025,"Calais, France",harmonics_utide_observations.txt,0,51616,0.2007,1.199,0,0.037,7.523,France_SHOM,1,nein
586.npz,-16.6270,-143.5692,2025,"Makemo Atoll, Tuamotu Archipelago",harmonics_ticon4_worldwide.txt,0,48378,0.1002,0.579,10,0.647,0.724,France_SHOM,0,nein
586.npz,-16.6270,-143.5692,2025,"Makemo Atoll, Tuamotu Archipelago",harmonics_utide_observations.txt,0,48378,0.1013,0.557,10,-0.005,0.745,France_SHOM,1,nein
6095.npz,47.2866,-2.0004,2021,"Paimboeuf, France",harmonics_utide_observations.txt,0,104884,0.1811,1.51,60,0.043,6.345,France_SHOM,1,nein
6095.npz,47.2866,-2.0004,2021,"Paimboeuf, Loire River, France",harmonics_noaa_eutt.txt,2507,104884,0.3785,1.638,30,0.926,5.199,France_SHOM,0,nein
6106.npz,47.3055,-2.1084,2021,"Montoir-de-Bretagne, France",harmonics_utide_observations.txt,0,105017,0.1664,1.36,60,0.037,6.445,France_SHOM,1,nein
6106.npz,47.3055,-2.1084,2021,"Donges, France",harmonics_utide_observations.txt,1513,105017,0.1683,1.38,0,0.102,6.477,France_SHOM,1,nein
6117.npz,45.1170,-0.7000,2015,"Cussac-Fort-Médoc, France",harmonics_utide_observations.txt,0,51571,0.1675,0.784,60,0.012,6.398,France_SHOM,1,nein
6118.npz,45.0405,-0.6035,2014,"Ambès, France",harmonics_utide_observations.txt,0,50494,0.2163,1.471,60,0.098,6.239,France_SHOM,1,nein
6119.npz,44.9042,-0.5373,2015,"Bassens, France",harmonics_utide_observations.txt,0,51875,0.2235,1.114,60,-0.002,6.83,France_SHOM,1,nein
6143.npz,47.2042,-1.5742,2021,"Nantes (Salorges), France",harmonics_utide_observations.txt,0,102780,0.4485,2.863,0,0.006,6.198,France_SHOM,1,nein
6143.npz,47.2042,-1.5742,2021,"Nantes, Loire River, France",harmonics_noaa_eutt.txt,1547,102780,0.8024,4.434,70,0.974,7.276,France_SHOM,0,nein
6144.npz,44.2107,-1.2951,2025,"Mimizan-Plage, France",harmonics_utide_observations.txt,0,52561,0.2385,1.213,0,0.053,3.503,France_SHOM,1,nein
6194.npz,49.4838,0.1146,2026,"Le Havre (Quai de la Marine), France",harmonics_utide_observations.txt,0,92944,0.1643,1.231,0,-0.001,7.89,France_SHOM,1,nein
6194.npz,49.4838,0.1146,2026,"Le Havre (Marégraphe), France",harmonics_utide_observations.txt,656,92944,0.1736,1.241,0,0.065,7.925,France_SHOM,1,nein
62.npz,46.4974,-1.7935,2026,"Les Sables-d'Olonne, France",harmonics_utide_observations.txt,0,49580,0.1381,0.801,0,0.08,5.557,France_SHOM,1,nein
62.npz,46.4974,-1.7935,2026,"Les Sables-d'Olonne, France",harmonics_utide_tidetables.txt,17,49580,0.1513,0.805,0,0.08,5.524,France_SHOM,1,nein
62.npz,46.4974,-1.7935,2026,"Les Sables d'Olonne, France",harmonics_noaa_eutt.txt,836,49580,0.2626,0.989,10,0.534,4.866,France_SHOM,0,nein
6257.npz,46.3350,-1.3164,2015,"L'Aiguillon-la-Presqu'île, France",harmonics_utide_observations.txt,0,85023,0.2531,1.326,0,-0.039,5.531,France_SHOM,1,nein
6263.npz,-12.7177,45.1654,2026,"Longoni, Mayotte",harmonics_utide_tidetables.txt,634,19957,0.0596,0.205,0,0.173,4.056,France_SHOM,1,nein
6269.npz,46.3168,-1.0826,2015,"Pont du Brault, France",harmonics_utide_observations.txt,0,104812,0.2619,1.378,0,-0.028,5.572,France_SHOM,1,nein
6270.npz,43.3892,-1.6627,2018,"Saint-Jean-de-Luz (Ciboure), France",harmonics_ticon4_worldwide.txt,496,41285,0.1223,0.445,0,2.622,4.437,France_SHOM,0,nein
6270.npz,43.3892,-1.6627,2018,"Saint-Jean-de-Luz (Ciboure), France",harmonics_utide_observations.txt,496,41285,0.0991,0.385,0,0.001,4.595,France_SHOM,1,nein
6270.npz,43.3892,-1.6627,2018,"Saint-Jean-de-Luz (Socoa), France",harmonics_ticon4_worldwide.txt,1670,41285,0.1297,0.482,0,2.641,4.486,France_SHOM,0,nein
6270.npz,43.3892,-1.6627,2018,"Saint-Jean-de-Luz (Socoa), France",harmonics_utide_observations.txt,1670,41285,0.1294,0.471,0,0.094,4.506,France_SHOM,1,nein
6270.npz,43.3892,-1.6627,2018,"St. Jean de Luz (Socoa), France",harmonics_noaa_eutt.txt,2054,41285,0.2039,0.641,0,0.344,4.273,France_SHOM,0,nein
6272.npz,43.4976,-1.4794,2015,"Bayonne (Pont Grenet), France",harmonics_utide_observations.txt,0,88715,0.1259,0.713,0,0.001,4.501,France_SHOM,1,nein
6272.npz,43.4976,-1.4794,2015,"Bayonne (Pont Blanc), France",harmonics_ticon4_worldwide.txt,2235,88715,0.1682,0.799,-50,2.645,4.132,France_SHOM,0,nein
6272.npz,43.4976,-1.4794,2015,"Bayonne (Pont Blanc), France",harmonics_utide_observations.txt,2235,88715,0.1896,0.779,20,-0.18,4.197,France_SHOM,1,nein
6273.npz,43.4818,-1.4731,2015,"Bayonne (Pont Blanc), France",harmonics_ticon4_worldwide.txt,418,89330,0.2693,3.078,-60,2.825,4.132,France_SHOM,0,nein
6273.npz,43.4818,-1.4731,2015,"Bayonne (Pont Blanc), France",harmonics_utide_observations.txt,418,89330,0.2329,2.5,0,0.001,4.197,France_SHOM,1,nein
6273.npz,43.4818,-1.4731,2015,"Bayonne (Pont Grenet), France",harmonics_utide_observations.txt,1823,89330,0.2675,2.987,-20,0.181,4.501,France_SHOM,1,nein
6274.npz,43.4380,-1.4602,2015,"Villefranque, France",harmonics_utide_observations.txt,451,89332,0.3938,3.489,0,-0.001,3.787,France_SHOM,1,nein
628.npz,49.5525,-1.8608,2025,"Diélette, France",harmonics_utide_observations.txt,0,52007,0.1671,0.935,0,0.055,10.251,France_SHOM,1,nein
6305.npz,48.0215,-4.5376,2025,"Audierne, France",harmonics_ticon4_worldwide.txt,0,50522,0.1441,0.906,0,3.177,5.225,France_SHOM,0,nein
6305.npz,48.0215,-4.5376,2025,"Audierne, France",harmonics_utide_observations.txt,0,50522,0.1428,0.926,0,0.011,5.301,France_SHOM,1,nein
6327.npz,45.6593,-1.1461,2025,"Saint-Palais-sur-Mer, France",harmonics_utide_observations.txt,0,180895,0.1358,1.075,0,0.037,5.054,France_SHOM,1,nein
6438.npz,48.6684,-1.8518,2025,"Cancale, France",harmonics_utide_observations.txt,0,65645,0.214,1.161,0,-0.034,13.67,France_SHOM,1,nein
659.npz,-22.2420,166.4162,2025,"Numbo Nouméa, New Caledonia",harmonics_utide_observations.txt,0,52527,0.0624,0.216,0,0.056,1.659,France_SHOM,1,nein
669.npz,45.0031,-0.5597,2015,"Le Marquis, France",harmonics_utide_observations.txt,0,52226,0.1906,0.906,60,0.006,6.44,France_SHOM,1,nein
673.npz,16.3053,-61.7959,2017,"Deshaies, Guadeloupe, France",harmonics_utide_observations.txt,2,9714,0.0399,0.744,-10,0.341,0.504,France_SHOM,0,nein
68.npz,43.1172,5.9131,2026,"Toulon, France",harmonics_ticon4_worldwide.txt,0,8761,0.0875,0.435,0,0.536,0.406,France_SHOM,0,nein
71.npz,47.6443,-3.4459,2026,"Port Tudy (Île de Groix), France",harmonics_ticon4_worldwide.txt,49,52559,0.1439,0.824,0,3.287,5.211,France_SHOM,0,nein
71.npz,47.6443,-3.4459,2026,"Port Tudy (Île de Groix), France",harmonics_utide_observations.txt,49,52559,0.1412,0.819,0,0.087,5.299,France_SHOM,1,nein
71.npz,47.6443,-3.4459,2026,"Port Tudy (Île de Groix), France",harmonics_utide_tidetables.txt,49,52559,0.1575,0.813,0,0.101,5.239,France_SHOM,1,nein
710.npz,41.8569,9.4038,2026,"Solenzara, France",harmonics_utide_observations.txt,0,8761,0.0848,0.393,0,0.057,0.57,France_SHOM,1,nein
719.npz,43.4049,4.8929,2023,"Fos-sur-Mer, France",harmonics_ticon4_worldwide.txt,0,51133,0.0889,0.43,0,0.528,0.43,France_SHOM,0,nein
720.npz,43.3981,4.9828,2026,"Port-de-Bouc, France",harmonics_utide_tidetables.txt,72,52548,0.0826,0.296,-40,0.041,0.401,France_SHOM,1,nein
736.npz,45.9136,-1.3278,2010,"La Cotinière (Île d'Oléron), France",harmonics_utide_observations.txt,60,61257,0.1418,1.2,0,0.0,5.851,France_SHOM,1,nein
749.npz,5.2843,-52.5865,2025,"Îles du Salut, French Guiana",harmonics-1997-05-25_mod.txt,48,52484,0.0676,0.261,0,0.241,2.904,France_SHOM,0,nein
749.npz,5.2843,-52.5865,2025,"Îles du Salut, French Guiana",harmonics_ticon4_worldwide.txt,48,52484,0.0518,0.19,0,2.16,2.908,France_SHOM,0,nein
749.npz,5.2843,-52.5865,2025,"Îles du Salut, French Guiana",harmonics_utide_observations.txt,48,52484,0.0493,0.193,0,0.023,2.941,France_SHOM,1,nein
75.npz,42.5199,3.1075,2025,"Port-Vendres, France",harmonics_utide_tidetables.txt,10,52561,0.0857,0.364,0,0.05,0.331,France_SHOM,1,nein
779.npz,45.2181,-0.7460,2015,"Trompeloup (Pauillac), France",harmonics_utide_observations.txt,0,51636,0.1487,0.738,0,0.004,6.22,France_SHOM,1,nein
802.npz,42.6396,8.9352,2025,"Île-Rousse, France",harmonics_ticon4_worldwide.txt,0,13379,0.0919,0.473,0,0.503,0.49,France_SHOM,0,nein
803.npz,43.0147,3.0641,2025,"Port-la-Nouvelle, France",harmonics_ticon4_worldwide.txt,0,48725,0.101,0.474,-30,0.619,0.402,France_SHOM,0,nein
804.npz,43.5203,4.1264,2012,"Port Camargue, France",harmonics_utide_tidetables.txt,9,85787,0.1224,0.57,0,-0.117,0.369,France_SHOM,1,ja
807.npz,42.9658,9.3498,2026,"Port de Centuri, France",harmonics_ticon4_worldwide.txt,0,8628,0.0959,0.549,0,0.576,0.484,France_SHOM,0,nein
832.npz,-20.8928,55.5369,2025,"Sainte-Marie, Réunion",harmonics_utide_observations.txt,0,52559,0.0765,0.888,0,-0.006,0.971,France_SHOM,1,nein
846.npz,43.4835,6.9349,2026,"La Figueirette, France",harmonics_ticon4_worldwide.txt,0,8519,0.0702,0.284,0,0.571,0.434,France_SHOM,0,nein
847.npz,43.3591,6.7176,2026,"Port Ferreol, France",harmonics_ticon4_worldwide.txt,0,8723,0.0897,0.457,0,0.619,0.418,France_SHOM,0,nein
94.npz,43.5273,-1.5148,2025,"Boucau-Bayonne (L'Adour), France",harmonics_noaa_eutt.txt,0,52411,0.1907,0.854,0,0.831,3.92,France_SHOM,0,nein
94.npz,43.5273,-1.5148,2025,"Boucau-Bayonne (L'Adour), France",harmonics_utide_observations.txt,0,52411,0.1181,0.747,0,0.021,4.311,France_SHOM,1,nein
95.npz,43.3952,-1.6816,2025,"Saint-Jean-de-Luz (Socoa), France",harmonics_ticon4_worldwide.txt,0,52561,0.0947,0.403,0,2.637,4.609,France_SHOM,0,nein
95.npz,43.3952,-1.6816,2025,"Saint-Jean-de-Luz (Socoa), France",harmonics_utide_observations.txt,0,52561,0.0952,0.405,0,0.082,4.664,France_SHOM,1,nein
95.npz,43.3952,-1.6816,2025,"St. Jean de Luz (Socoa), France",harmonics_noaa_eutt.txt,546,52561,0.1871,0.711,10,0.351,4.263,France_SHOM,0,nein
95.npz,43.3952,-1.6816,2025,"Saint-Jean-de-Luz (Ciboure), France",harmonics_ticon4_worldwide.txt,1837,52561,0.103,0.414,0,2.636,4.591,France_SHOM,0,nein
95.npz,43.3952,-1.6816,2025,"Saint-Jean-de-Luz (Ciboure), France",harmonics_utide_observations.txt,1837,52561,0.1268,0.449,0,0.028,4.61,France_SHOM,1,nein
h230a_abidjan.csv,5.2503,-4.0019,1988,"Abidjan (Canal de Vridi), Ivory Coast",harmonics_att_np208.txt,0,8761,0.1073,0.357,10,0.314,1.134,WestAfrica_UHSLC,0,nein
h230a_abidjan.csv,5.2503,-4.0019,1988,"Abidjan (Canal de Vridi), Ivory Coast",harmonics_noaa_eutt.txt,0,8761,0.0996,0.286,30,0.333,1.24,WestAfrica_UHSLC,0,nein
h230a_abidjan.csv,5.2503,-4.0019,1988,"Abidjan (Canal de Vridi), Ivory Coast",harmonics_ticon4_worldwide.txt,0,8761,0.0765,0.277,0,1.034,1.092,WestAfrica_UHSLC,1,nein
h230a_abidjan.csv,5.2503,-4.0019,1988,"Abidjan (Canal de Vridi), Ivory Coast",harmonics_utide_observations.txt,0,8761,0.076,0.246,0,1.034,1.101,WestAfrica_UHSLC,0,nein
h230a_abidjan.csv,5.2503,-4.0019,1988,"Abidjan (Canal de Vridi), Ivory Coast",harmonics_att_np208.txt,0,8761,0.1073,0.357,10,0.314,1.134,WestAfrica_UHSLC,0,nein
h230a_abidjan.csv,5.2503,-4.0019,1988,"Abidjan (Canal de Vridi), Ivory Coast",harmonics_noaa_eutt.txt,0,8761,0.0996,0.286,30,0.333,1.24,WestAfrica_UHSLC,0,nein
h230a_abidjan.csv,5.2503,-4.0019,1988,"Abidjan (Canal de Vridi), Ivory Coast",harmonics_ticon4_worldwide.txt,0,8761,0.0765,0.277,0,1.034,1.092,WestAfrica_UHSLC,0,nein
h230a_abidjan.csv,5.2503,-4.0019,1988,"Abidjan (Canal de Vridi), Ivory Coast",harmonics_utide_observations.txt,0,8761,0.076,0.246,0,1.034,1.101,WestAfrica_UHSLC,1,nein
dakar_senegal.csv,14.6770,-17.4200,2024,"Dakar, Senegal",harmonics_ticon4_worldwide.txt,0,8146,0.0903,0.564,0,1.108,1.858,WestAfrica_UHSLC,1,nein
dakar_senegal.csv,14.6770,-17.4200,2024,"Dakar, Senegal",harmonics_utide_observations.txt,0,8146,0.0904,0.574,0,1.107,1.899,WestAfrica_UHSLC,0,nein
h233a_lagos_apapa.csv,6.4525,3.3839,1970,"Lagos (Apapa), Nigeria",harmonics_att_np208.txt,0,6627,0.0686,0.267,80,-0.598,0.852,WestAfrica_UHSLC,0,nein
h233a_lagos_apapa.csv,6.4525,3.3839,1970,"Lagos (Apapa), Nigeria",harmonics_ticon4_worldwide.txt,0,6627,0.1079,0.348,30,0.276,1.34,WestAfrica_UHSLC,1,nein
h233a_lagos_apapa.csv,6.4525,3.3839,1970,"Lagos (Apapa), Nigeria",harmonics_utide_observations.txt,0,6627,0.1062,0.336,30,0.277,1.342,WestAfrica_UHSLC,0,nein
h233a_lagos_apapa.csv,6.4525,3.3839,1970,"Lagos (Apapa), Nigeria",harmonics_att_np208.txt,0,6627,0.0686,0.267,80,-0.598,0.852,WestAfrica_UHSLC,0,nein
h233a_lagos_apapa.csv,6.4525,3.3839,1970,"Lagos (Apapa), Nigeria",harmonics_ticon4_worldwide.txt,0,6627,0.1079,0.348,30,0.276,1.34,WestAfrica_UHSLC,0,nein
h233a_lagos_apapa.csv,6.4525,3.3839,1970,"Lagos (Apapa), Nigeria",harmonics_utide_observations.txt,0,6627,0.1062,0.336,30,0.277,1.342,WestAfrica_UHSLC,1,nein
h233c_lagos_bar.csv,6.3920,3.3997,1996,"Lagos Bar, Nigeria",harmonics_att_np208_secondary.txt,0,5744,0.154,0.484,50,1.07,1.016,WestAfrica_UHSLC,0,nein
h233c_lagos_bar.csv,6.3920,3.3997,1996,"Lagos Bar, Nigeria",harmonics_noaa_eutt.txt,0,5744,0.096,0.293,20,1.382,1.511,WestAfrica_UHSLC,0,nein
h233c_lagos_bar.csv,6.3920,3.3997,1996,"Lagos Bar, Nigeria",harmonics_ticon4_worldwide.txt,0,5744,0.0565,0.178,0,1.847,1.697,WestAfrica_UHSLC,1,nein
h233c_lagos_bar.csv,6.3920,3.3997,1996,"Lagos Bar, Nigeria",harmonics_utide_observations.txt,0,5744,0.0547,0.168,0,1.847,1.665,WestAfrica_UHSLC,0,nein
h233c_lagos_bar.csv,6.3920,3.3997,1996,"Lagos Bar, Nigeria",harmonics_att_np208_secondary.txt,0,5744,0.154,0.484,50,1.07,1.016,WestAfrica_UHSLC,0,nein
h233c_lagos_bar.csv,6.3920,3.3997,1996,"Lagos Bar, Nigeria",harmonics_noaa_eutt.txt,0,5744,0.096,0.293,20,1.382,1.511,WestAfrica_UHSLC,0,nein
h233c_lagos_bar.csv,6.3920,3.3997,1996,"Lagos Bar, Nigeria",harmonics_ticon4_worldwide.txt,0,5744,0.0565,0.178,0,1.847,1.697,WestAfrica_UHSLC,0,nein
h233c_lagos_bar.csv,6.3920,3.3997,1996,"Lagos Bar, Nigeria",harmonics_utide_observations.txt,0,5744,0.0547,0.168,0,1.847,1.665,WestAfrica_UHSLC,1,nein
nouakchott_mauritania.csv,17.9902,-16.0373,2022,"Nouakchott, Mauritania",harmonics_ticon4_worldwide.txt,0,8126,0.0598,0.27,0,1.182,1.746,WestAfrica_UHSLC,1,nein
nouakchott_mauritania.csv,17.9902,-16.0373,2022,"Nouakchott, Mauritania",harmonics_utide_observations.txt,0,8126,0.0606,0.265,0,1.182,1.779,WestAfrica_UHSLC,0,nein
takoradi_ghana.csv,4.8825,-1.7450,2012,"Takoradi, Ghana",harmonics_ticon4_worldwide.txt,0,8216,0.0497,0.241,0,1.032,1.957,WestAfrica_UHSLC,1,nein
takoradi_ghana.csv,4.8825,-1.7450,2012,"Takoradi, Ghana",harmonics_utide_observations.txt,0,8216,0.0498,0.245,0,1.032,1.939,WestAfrica_UHSLC,0,nein
lobito_angola.csv,-12.3355,13.5592,1975,"Lobito, Angola",harmonics_ticon4_worldwide.txt,0,8761,0.0239,0.083,0,1.095,1.784,CentralWestAfrica_UHSLC,1,nein
lobito_angola.csv,-12.3355,13.5592,1975,"Lobito, Angola",harmonics_utide_observations.txt,0,8761,0.0245,0.088,0,1.095,1.8,CentralWestAfrica_UHSLC,0,nein
lobito_angola.csv,-12.3355,13.5592,1975,"Porto do Lobito, Angola",harmonics_att_np208.txt,1897,8761,0.0695,0.214,0,-0.005,1.551,CentralWestAfrica_UHSLC,0,nein
lobito_angola.csv,-12.3355,13.5592,1975,"Porto do Lobito, Angola",harmonics_noaa_eutt.txt,1897,8761,0.0992,0.296,10,-0.002,1.756,CentralWestAfrica_UHSLC,0,nein
mocamedes_angola.csv,-15.1929,12.1462,1975,"Moçâmedes (Namibe), Angola",harmonics_att_np208_secondary.txt,0,8761,0.0661,0.22,-10,0.008,1.41,CentralWestAfrica_UHSLC,0,nein
mocamedes_angola.csv,-15.1929,12.1462,1975,"Moçâmedes (Namibe), Angola",harmonics_ticon4_worldwide.txt,0,8761,0.0368,0.138,0,1.108,1.681,CentralWestAfrica_UHSLC,1,nein
mocamedes_angola.csv,-15.1929,12.1462,1975,"Moçâmedes (Namibe), Angola",harmonics_utide_observations.txt,0,8761,0.036,0.137,0,1.108,1.7,CentralWestAfrica_UHSLC,0,nein
mocamedes_angola.csv,-15.1929,12.1462,1975,"Moçâmedes (Namibe), Angola",harmonics_noaa_eutt.txt,11,8761,0.1117,0.348,20,0.011,1.674,CentralWestAfrica_UHSLC,0,nein
sao_tome_stp.csv,0.3480,6.7370,2010,"São Tomé (Baía de Ana Chaves), São Tomé and Príncipe",harmonics_att_np208_secondary.txt,0,8070,0.1056,0.755,40,0.572,2.024,CentralWestAfrica_UHSLC,0,nein
sao_tome_stp.csv,0.3480,6.7370,2010,"São Tomé (Baía de Ana Chaves), São Tomé and Príncipe",harmonics_ticon4_worldwide.txt,0,8070,0.0458,0.741,0,1.765,2.132,CentralWestAfrica_UHSLC,1,nein
sao_tome_stp.csv,0.3480,6.7370,2010,"São Tomé (Baía de Ana Chaves), São Tomé and Príncipe",harmonics_utide_observations.txt,0,8070,0.0451,0.724,0,1.765,2.147,CentralWestAfrica_UHSLC,0,nein
h209_cascais.csv,38.6932,-9.4154,2026,"Cascais, Portugal",harmonics_noaa_eutt.txt,0,6497,0.3089,2.179,-10,0.112,3.008,Portugal_UHSLC,0,nein
h209_cascais.csv,38.6932,-9.4154,2026,"Cascais, Portugal",harmonics_ticon4_worldwide.txt,0,6497,0.2902,2.301,-20,2.299,3.516,Portugal_UHSLC,1,nein
h209_cascais.csv,38.6932,-9.4154,2026,"Cascais, Portugal",harmonics_utide_observations.txt,0,6497,0.2761,2.234,-10,2.301,3.455,Portugal_UHSLC,0,nein
h209_cascais.csv,38.6932,-9.4154,2010,"Cascais, Portugal",harmonics_noaa_eutt.txt,0,8503,0.1611,0.689,0,0.06,3.142,Portugal_UHSLC,0,ja
h209_cascais.csv,38.6932,-9.4154,2010,"Cascais, Portugal",harmonics_ticon4_worldwide.txt,0,8503,0.1131,0.607,-10,2.254,3.63,Portugal_UHSLC,0,ja
h209_cascais.csv,38.6932,-9.4154,2010,"Cascais, Portugal",harmonics_utide_observations.txt,0,8503,0.1173,0.591,0,2.254,3.582,Portugal_UHSLC,1,ja
h213a_flores_lajes.csv,39.3783,-31.1686,2013,"Lajes das Flores, Açores, Portugal",harmonics_att_np208_secondary.txt,0,8761,0.0838,0.34,0,0.096,1.359,Portugal_UHSLC,0,nein
h213a_flores_lajes.csv,39.3783,-31.1686,2013,"Lajes das Flores, Açores, Portugal",harmonics_ticon4_worldwide.txt,0,8761,0.0734,0.283,0,1.096,1.347,Portugal_UHSLC,1,nein
h213a_flores_lajes.csv,39.3783,-31.1686,2013,"Lajes das Flores, Açores, Portugal",harmonics_utide_observations.txt,0,8761,0.0736,0.282,0,1.096,1.347,Portugal_UHSLC,0,nein
h213a_flores_lajes.csv,39.3783,-31.1686,2013,"Lajes das Flores, Açores, Portugal",harmonics_noaa_eutt.txt,9,8761,0.0971,0.414,0,0.09,1.353,Portugal_UHSLC,0,nein
h213a_flores_lajes.csv,39.3783,-31.1686,2013,"Lajes das Flores, Açores, Portugal",harmonics_att_np208_secondary.txt,0,8761,0.0838,0.34,0,0.096,1.359,Portugal_UHSLC,0,nein
h213a_flores_lajes.csv,39.3783,-31.1686,2013,"Lajes das Flores, Açores, Portugal",harmonics_ticon4_worldwide.txt,0,8761,0.0734,0.283,0,1.096,1.347,Portugal_UHSLC,0,nein
h213a_flores_lajes.csv,39.3783,-31.1686,2013,"Lajes das Flores, Açores, Portugal",harmonics_utide_observations.txt,0,8761,0.0736,0.282,0,1.096,1.347,Portugal_UHSLC,1,nein
h213a_flores_lajes.csv,39.3783,-31.1686,2013,"Lajes das Flores, Açores, Portugal",harmonics_noaa_eutt.txt,9,8761,0.0971,0.414,0,0.09,1.353,Portugal_UHSLC,0,nein
h210_flores_santa_cruz.csv,39.4514,-31.1259,2009,"Santa Cruz das Flores, Açores, Portugal",harmonics_att_np208_secondary.txt,0,6456,0.085,0.409,0,0.061,1.385,Portugal_UHSLC,0,nein
h210_flores_santa_cruz.csv,39.4514,-31.1259,2009,"Santa Cruz das Flores, Açores, Portugal",harmonics_ticon4_worldwide.txt,0,6456,0.0788,0.392,10,1.066,1.401,Portugal_UHSLC,1,nein
h210_flores_santa_cruz.csv,39.4514,-31.1259,2009,"Santa Cruz das Flores, Açores, Portugal",harmonics_utide_observations.txt,0,6456,0.0792,0.41,0,1.065,1.412,Portugal_UHSLC,0,nein
h210_flores_santa_cruz.csv,39.4514,-31.1259,1986,"Santa Cruz das Flores, Açores, Portugal",harmonics_att_np208_secondary.txt,0,8665,0.0954,0.457,0,-0.04,1.382,Portugal_UHSLC,0,ja
h210_flores_santa_cruz.csv,39.4514,-31.1259,1986,"Santa Cruz das Flores, Açores, Portugal",harmonics_ticon4_worldwide.txt,0,8665,0.0954,0.428,0,0.96,1.386,Portugal_UHSLC,0,ja
h210_flores_santa_cruz.csv,39.4514,-31.1259,1986,"Santa Cruz das Flores, Açores, Portugal",harmonics_utide_observations.txt,0,8665,0.095,0.415,0,0.96,1.408,Portugal_UHSLC,1,ja
h218_funchal.csv,32.6447,-16.9107,2012,"Funchal, Madeira, Portugal",harmonics_noaa_eutt.txt,0,7611,0.1119,0.345,0,0.244,2.481,Portugal_UHSLC,0,nein
h218_funchal.csv,32.6447,-16.9107,2012,"Funchal, Madeira, Portugal",harmonics_ticon4_worldwide.txt,0,7611,0.0539,0.228,0,1.643,2.538,Portugal_UHSLC,1,nein
h218_funchal.csv,32.6447,-16.9107,2012,"Funchal, Madeira, Portugal",harmonics_utide_observations.txt,19,7611,0.0505,0.228,0,1.641,2.547,Portugal_UHSLC,0,nein
h218_funchal.csv,32.6447,-16.9107,2012,"Funchal, Madeira, Portugal",harmonics_att_np208.txt,834,7611,0.1466,0.419,0,0.25,2.144,Portugal_UHSLC,0,nein
h218_funchal.csv,32.6447,-16.9109,2002,"Funchal, Madeira, Portugal",harmonics_utide_observations.txt,0,6127,0.0648,0.387,0,1.6,2.768,Portugal_UHSLC,1,ja
h218_funchal.csv,32.6447,-16.9109,2002,"Funchal, Madeira, Portugal",harmonics_noaa_eutt.txt,19,6127,0.1152,0.47,0,0.202,2.555,Portugal_UHSLC,0,ja
h218_funchal.csv,32.6447,-16.9109,2002,"Funchal, Madeira, Portugal",harmonics_ticon4_worldwide.txt,19,6127,0.0636,0.371,0,1.601,2.743,Portugal_UHSLC,0,ja
h218_funchal.csv,32.6447,-16.9109,2002,"Funchal, Madeira, Portugal",harmonics_att_np208.txt,821,6127,0.1505,0.472,0,0.212,2.136,Portugal_UHSLC,0,ja
h211_ponta_delgada.csv,37.7356,-25.6713,2026,"Ponta Delgada (São Miguel), Açores, Portugal",harmonics_att_np208.txt,0,8494,0.1227,0.439,-10,0.219,1.367,Portugal_UHSLC,0,nein
h211_ponta_delgada.csv,37.7356,-25.6713,2026,"Ponta Delgada (São Miguel), Açores, Portugal",harmonics_ticon4_worldwide.txt,0,8494,0.0686,0.258,0,1.218,1.787,Portugal_UHSLC,1,nein
h211_ponta_delgada.csv,37.7356,-25.6713,2026,"Ponta Delgada (São Miguel), Açores, Portugal",harmonics_utide_observations.txt,0,8494,0.0644,0.252,0,1.217,1.8,Portugal_UHSLC,0,nein
h211_ponta_delgada.csv,37.7356,-25.6713,2015,"Ponta Delgada (São Miguel), Açores, Portugal",harmonics_att_np208.txt,0,8699,0.1249,0.402,0,0.132,1.413,Portugal_UHSLC,0,ja
h211_ponta_delgada.csv,37.7356,-25.6713,2015,"Ponta Delgada (São Miguel), Açores, Portugal",harmonics_ticon4_worldwide.txt,0,8699,0.075,0.293,0,1.131,1.879,Portugal_UHSLC,0,ja
h211_ponta_delgada.csv,37.7356,-25.6713,2015,"Ponta Delgada (São Miguel), Açores, Portugal",harmonics_utide_observations.txt,0,8699,0.0702,0.294,0,1.131,1.903,Portugal_UHSLC,1,ja
h212a_horta.csv,38.5339,-28.6214,1986,"Horta (Faial), Açores, Portugal",harmonics_att_np208_secondary.txt,0,6145,0.0699,0.347,10,0.066,1.507,Portugal_UHSLC,0,nein
h212a_horta.csv,38.5339,-28.6214,1986,"Horta (Faial), Açores, Portugal",harmonics-1997-05-25_mod.txt,0,6145,0.0676,0.299,10,0.062,1.497,Portugal_UHSLC,0,nein
h212a_horta.csv,38.5339,-28.6214,1986,"Horta (Faial), Açores, Portugal",harmonics_noaa_eutt.txt,0,6145,0.0834,0.388,10,0.061,1.456,Portugal_UHSLC,0,nein
h212a_horta.csv,38.5339,-28.6214,1986,"Horta (Faial), Açores, Portugal",harmonics_utide_observations.txt,0,6145,0.0638,0.286,0,1.069,1.572,Portugal_UHSLC,1,nein
h215a_angra_do_heroismo.csv,38.6515,-27.2155,1962,"Angra do Heroísmo (Terceira), Açores, Portugal",harmonics_att_np208_secondary.txt,0,8761,0.0937,0.436,0,0.184,1.584,Portugal_UHSLC,0,nein
h215a_angra_do_heroismo.csv,38.6515,-27.2155,1962,"Angra do Heroísmo (Terceira), Açores, Portugal",harmonics_noaa_eutt.txt,0,8761,0.1052,0.417,0,0.179,1.627,Portugal_UHSLC,0,nein
h215a_angra_do_heroismo.csv,38.6515,-27.2155,1962,"Angra do Heroísmo (Terceira), Açores, Portugal",harmonics_ticon4_worldwide.txt,0,8761,0.0887,0.394,0,1.184,1.7,Portugal_UHSLC,0,nein
h215a_angra_do_heroismo.csv,38.6515,-27.2155,1962,"Angra do Heroísmo (Terceira), Açores, Portugal",harmonics_utide_observations.txt,0,8761,0.0881,0.403,0,1.185,1.714,Portugal_UHSLC,1,nein
h723a_lagos.csv,37.0988,-8.6668,2000,"Lagos, Portugal",harmonics_noaa_eutt.txt,0,8519,0.1643,0.692,-10,0.172,3.231,Portugal_UHSLC,0,nein
h723a_lagos.csv,37.0988,-8.6668,2000,"Lagos, Portugal",harmonics_utide_observations.txt,0,8519,0.0892,0.507,0,2.182,3.564,Portugal_UHSLC,1,nein
704_Cape_Town.csv,-33.9000,18.4330,2014,"Cape Town, South Africa",harmonics_ticon4_worldwide.txt,0,8761,0.1241,0.657,0,0.058,1.945,SouthAfrica_UHSLC,1,nein
704_Cape_Town.csv,-33.9000,18.4330,2014,"Cape Town, South Africa",harmonics_utide_observations.txt,0,8761,0.1223,0.659,10,0.058,1.944,SouthAfrica_UHSLC,0,nein
704_Cape_Town.csv,-33.9000,18.4330,2004,"Cape Town, South Africa",harmonics_ticon4_worldwide.txt,0,7996,0.0918,0.363,0,-0.022,1.823,SouthAfrica_UHSLC,0,ja
704_Cape_Town.csv,-33.9000,18.4330,2004,"Cape Town, South Africa",harmonics_utide_observations.txt,0,7996,0.0917,0.362,10,-0.022,1.837,SouthAfrica_UHSLC,1,ja
181_Durban.csv,-29.8744,31.0509,2018,"Durban, South Africa",harmonics_ticon4_worldwide.txt,0,8761,0.0932,0.36,0,0.009,2.159,SouthAfrica_UHSLC,1,nein
181_Durban.csv,-29.8744,31.0509,2018,"Durban, South Africa",harmonics_utide_observations.txt,0,8761,0.0888,0.343,0,0.009,2.177,SouthAfrica_UHSLC,0,nein
181_Durban.csv,-29.8744,31.0509,2008,"Durban, South Africa",harmonics_ticon4_worldwide.txt,0,8546,0.087,0.257,0,0.0,2.154,SouthAfrica_UHSLC,0,ja
181_Durban.csv,-29.8744,31.0509,2008,"Durban, South Africa",harmonics_utide_observations.txt,0,8546,0.0867,0.252,0,0.0,2.187,SouthAfrica_UHSLC,1,ja
187_East_London.csv,-33.0273,27.9173,2016,"KuGompo City (East London), South Africa",harmonics_noaa_cptt.txt,0,8645,0.1188,0.402,0,-0.17,1.922,SouthAfrica_UHSLC,0,nein
187_East_London.csv,-33.0273,27.9173,2016,"KuGompo City (East London), South Africa",harmonics_ticon4_worldwide.txt,0,8645,0.1018,0.408,0,1.019,2.058,SouthAfrica_UHSLC,1,nein
187_East_London.csv,-33.0273,27.9173,2016,"KuGompo City (East London), South Africa",harmonics_utide_observations.txt,0,8645,0.1007,0.361,0,0.004,2.102,SouthAfrica_UHSLC,0,nein
187_East_London.csv,-33.0273,27.9173,2007,"KuGompo City (East London), South Africa",harmonics_noaa_cptt.txt,0,8761,0.1248,0.46,-10,-0.207,1.949,SouthAfrica_UHSLC,0,ja
187_East_London.csv,-33.0273,27.9173,2007,"KuGompo City (East London), South Africa",harmonics_ticon4_worldwide.txt,0,8761,0.1052,0.427,-10,0.982,2.085,SouthAfrica_UHSLC,0,ja
187_East_London.csv,-33.0273,27.9173,2007,"KuGompo City (East London), South Africa",harmonics_utide_observations.txt,0,8761,0.108,0.44,-10,-0.032,2.17,SouthAfrica_UHSLC,1,ja
186_Knysna.csv,-34.0830,23.0500,2016,"Knysna (The Heads), South Africa",harmonics_ticon4_worldwide.txt,0,8761,0.124,0.627,0,-0.0,2.178,SouthAfrica_UHSLC,1,nein
186_Knysna.csv,-34.0502,23.0449,2016,"Knysna, South Africa",harmonics_att_np203_secondary.txt,0,8761,0.1317,0.595,0,0.079,2.043,SouthAfrica_UHSLC,0,nein
186_Knysna.csv,-34.0502,23.0449,2016,"Knysna, South Africa",harmonics_ticon4_worldwide.txt,0,8761,0.124,0.629,0,-0.0,2.175,SouthAfrica_UHSLC,1,nein
186_Knysna.csv,-34.0502,23.0449,2016,"Knysna, South Africa",harmonics_noaa_eutt.txt,24,8761,0.1546,0.757,-10,-0.019,1.97,SouthAfrica_UHSLC,0,nein
186_Knysna.csv,-34.0502,23.0449,2016,"Knysna, South Africa",harmonics_utide_observations.txt,24,8761,0.1233,0.612,10,-0.0,2.27,SouthAfrica_UHSLC,0,nein
186_Knysna.csv,-34.0500,23.0450,2007,"Knysna, South Africa",harmonics_noaa_eutt.txt,0,2663,0.1679,0.624,-30,-0.042,1.958,SouthAfrica_UHSLC,0,ja
186_Knysna.csv,-34.0500,23.0450,2007,"Knysna, South Africa",harmonics_utide_observations.txt,0,2663,0.146,0.727,-20,-0.051,2.316,SouthAfrica_UHSLC,1,ja
186_Knysna.csv,-34.0500,23.0450,2007,"Knysna, South Africa",harmonics_att_np203_secondary.txt,24,2663,0.1481,0.672,-30,0.04,2.063,SouthAfrica_UHSLC,0,ja
186_Knysna.csv,-34.0500,23.0450,2007,"Knysna, South Africa",harmonics_ticon4_worldwide.txt,24,2663,0.1449,0.708,-20,-0.047,2.207,SouthAfrica_UHSLC,0,ja
702_Luderitz.csv,-26.6500,15.1500,2015,"Lüderitz, Namibia",harmonics_att_np208_secondary.txt,0,8761,0.079,0.33,30,0.052,1.788,SouthAfrica_UHSLC,0,nein
702_Luderitz.csv,-26.6500,15.1500,2015,"Lüderitz, Namibia",harmonics_ticon4_worldwide.txt,0,8761,0.064,0.29,20,0.252,1.928,SouthAfrica_UHSLC,1,nein
702_Luderitz.csv,-26.6500,15.1500,2015,"Lüderitz, Namibia",harmonics_utide_observations.txt,0,8761,0.0616,0.282,10,0.005,1.957,SouthAfrica_UHSLC,0,nein
702_Luderitz.csv,-26.6500,15.1500,2015,"Luderitz Bay, Namibia",harmonics_noaa_eutt.txt,1857,8761,0.0935,0.335,20,0.26,1.713,SouthAfrica_UHSLC,0,nein
702_Luderitz.csv,-26.6500,15.1500,1998,"Lüderitz, Namibia",harmonics_att_np208_secondary.txt,0,6434,0.087,0.32,0,-0.115,1.762,SouthAfrica_UHSLC,0,ja
702_Luderitz.csv,-26.6500,15.1500,1998,"Lüderitz, Namibia",harmonics_ticon4_worldwide.txt,0,6434,0.0737,0.302,-10,0.084,1.901,SouthAfrica_UHSLC,0,ja
702_Luderitz.csv,-26.6500,15.1500,1998,"Lüderitz, Namibia",harmonics_utide_observations.txt,0,6434,0.075,0.303,-10,-0.162,1.933,SouthAfrica_UHSLC,1,ja
702_Luderitz.csv,-26.6500,15.1500,1998,"Luderitz Bay, Namibia",harmonics_noaa_eutt.txt,1857,6434,0.0985,0.349,-10,0.087,1.719,SouthAfrica_UHSLC,0,ja
185_Mossel_Bay.csv,-34.1766,22.1453,2016,"Mossel Bay, South Africa",harmonics_ticon4_worldwide.txt,0,8708,0.1217,0.579,0,0.001,2.375,SouthAfrica_UHSLC,1,nein
185_Mossel_Bay.csv,-34.1766,22.1453,2016,"Mossel Bay, South Africa",harmonics_utide_observations.txt,0,8708,0.1198,0.586,0,0.001,2.426,SouthAfrica_UHSLC,0,nein
185_Mossel_Bay.csv,-34.1766,22.1453,2016,"Mossel Bay, South Africa",harmonics_noaa_eutt.txt,11,8708,0.1491,0.595,0,0.135,2.169,SouthAfrica_UHSLC,0,nein
185_Mossel_Bay.csv,-34.1766,22.1453,2007,"Mossel Bay, South Africa",harmonics_ticon4_worldwide.txt,0,8761,0.1288,0.534,-10,-0.096,2.414,SouthAfrica_UHSLC,0,ja
185_Mossel_Bay.csv,-34.1766,22.1453,2007,"Mossel Bay, South Africa",harmonics_utide_observations.txt,0,8761,0.1307,0.525,-10,-0.096,2.477,SouthAfrica_UHSLC,1,ja
185_Mossel_Bay.csv,-34.1766,22.1453,2007,"Mossel Bay, South Africa",harmonics_noaa_eutt.txt,11,8761,0.1586,0.563,-10,0.038,2.179,SouthAfrica_UHSLC,0,ja
701_Port_Nolloth.csv,-29.2497,16.8669,2016,"Port Nolloth, South Africa",harmonics_ticon4_worldwide.txt,0,8697,0.0768,0.378,10,0.008,2.17,SouthAfrica_UHSLC,1,nein
701_Port_Nolloth.csv,-29.2497,16.8669,2016,"Port Nolloth, South Africa",harmonics_att_np203_secondary.txt,35,8697,0.0914,0.363,10,0.097,1.988,SouthAfrica_UHSLC,0,nein
701_Port_Nolloth.csv,-29.2497,16.8669,2016,"Port Nolloth, South Africa",harmonics_att_np208_secondary.txt,35,8697,0.0814,0.355,10,0.097,2.097,SouthAfrica_UHSLC,0,nein
701_Port_Nolloth.csv,-29.2497,16.8669,2016,"Port Nolloth, South Africa",harmonics_utide_observations.txt,35,8697,0.0753,0.358,0,0.009,2.195,SouthAfrica_UHSLC,0,nein
701_Port_Nolloth.csv,-29.2500,16.8670,2006,"Port Nolloth, South Africa",harmonics_att_np203_secondary.txt,0,6431,0.0939,0.405,0,0.072,1.964,SouthAfrica_UHSLC,0,ja
701_Port_Nolloth.csv,-29.2500,16.8670,2006,"Port Nolloth, South Africa",harmonics_att_np208_secondary.txt,0,6431,0.0876,0.381,0,0.067,2.068,SouthAfrica_UHSLC,0,ja
701_Port_Nolloth.csv,-29.2500,16.8670,2006,"Port Nolloth, South Africa",harmonics_utide_observations.txt,0,6431,0.0847,0.391,-10,-0.026,2.207,SouthAfrica_UHSLC,1,ja
701_Port_Nolloth.csv,-29.2500,16.8670,2006,"Port Nolloth, South Africa",harmonics_ticon4_worldwide.txt,35,6431,0.0843,0.384,0,-0.024,2.152,SouthAfrica_UHSLC,0,ja
188_Richards_Bay.csv,-28.8000,32.0830,2016,"Richards Bay, South Africa",harmonics_ticon4_worldwide.txt,0,8761,0.0969,0.42,0,0.006,2.38,SouthAfrica_UHSLC,1,nein
188_Richards_Bay.csv,-28.8000,32.0830,2016,"Richards Bay, South Africa",harmonics_utide_observations.txt,0,8761,0.0995,0.415,0,0.006,2.417,SouthAfrica_UHSLC,0,nein
188_Richards_Bay.csv,-28.8000,32.0830,2016,"Richard's Bay, South Africa",harmonics_noaa_cptt.txt,22,8761,0.129,0.524,0,0.139,2.096,SouthAfrica_UHSLC,0,nein
188_Richards_Bay.csv,-28.8000,32.0830,2007,"Richards Bay, South Africa",harmonics_ticon4_worldwide.txt,0,2412,0.1042,0.285,0,-0.001,2.45,SouthAfrica_UHSLC,0,ja
188_Richards_Bay.csv,-28.8000,32.0830,2007,"Richards Bay, South Africa",harmonics_utide_observations.txt,0,2412,0.1066,0.306,0,0.0,2.508,SouthAfrica_UHSLC,1,ja
188_Richards_Bay.csv,-28.8000,32.0830,2007,"Richard's Bay, South Africa",harmonics_noaa_cptt.txt,22,2412,0.1352,0.414,0,0.132,2.127,SouthAfrica_UHSLC,0,ja
703_Saldanha_Bay.csv,-33.0170,17.9500,2016,"Saldanha, South Africa",harmonics_att_np203_secondary.txt,0,7202,0.0925,0.338,0,0.115,1.834,SouthAfrica_UHSLC,0,nein
703_Saldanha_Bay.csv,-33.0170,17.9500,2016,"Saldanha, South Africa",harmonics_noaa_eutt.txt,0,7202,0.1003,0.396,0,0.095,1.858,SouthAfrica_UHSLC,0,nein
703_Saldanha_Bay.csv,-33.0170,17.9500,2016,"Saldahna, South Africa",harmonics_ticon4_worldwide.txt,0,7202,0.0815,0.288,0,0.004,2.007,SouthAfrica_UHSLC,1,nein
703_Saldanha_Bay.csv,-33.0170,17.9500,2016,"Saldanha Bay, South Africa",harmonics_utide_observations.txt,0,7202,0.0812,0.313,-10,0.005,2.039,SouthAfrica_UHSLC,0,nein
703_Saldanha_Bay.csv,-33.0170,17.9500,2016,"Saldanha, South Africa",harmonics_att_np208_secondary.txt,11,7202,0.086,0.353,0,0.111,1.969,SouthAfrica_UHSLC,0,nein
703_Saldanha_Bay.csv,-33.0170,17.9500,2006,"Saldanha, South Africa",harmonics_att_np203_secondary.txt,0,8761,0.1041,0.557,30,0.082,1.819,SouthAfrica_UHSLC,0,ja
703_Saldanha_Bay.csv,-33.0170,17.9500,2006,"Saldanha, South Africa",harmonics_noaa_eutt.txt,0,8761,0.1138,0.54,30,0.066,1.811,SouthAfrica_UHSLC,0,ja
703_Saldanha_Bay.csv,-33.0170,17.9500,2006,"Saldahna, South Africa",harmonics_ticon4_worldwide.txt,0,8761,0.0966,0.61,20,-0.021,1.992,SouthAfrica_UHSLC,0,ja
703_Saldanha_Bay.csv,-33.0170,17.9500,2006,"Saldanha Bay, South Africa",harmonics_utide_observations.txt,0,8761,0.096,0.631,20,-0.021,2.054,SouthAfrica_UHSLC,1,ja
703_Saldanha_Bay.csv,-33.0170,17.9500,2006,"Saldanha, South Africa",harmonics_att_np208_secondary.txt,11,8761,0.0994,0.591,30,0.082,1.936,SouthAfrica_UHSLC,0,ja
221_Simons_Town.csv,-34.1866,18.4366,2018,"Simon's Town, South Africa",harmonics_att_np203_secondary.txt,0,8570,0.0934,0.376,0,0.099,1.813,SouthAfrica_UHSLC,0,nein
221_Simons_Town.csv,-34.1866,18.4366,2018,"Simon's Town, South Africa",harmonics_noaa_eutt.txt,0,8570,0.1061,0.4,0,0.033,1.749,SouthAfrica_UHSLC,0,nein
221_Simons_Town.csv,-34.1866,18.4366,2018,"Simon's Town, South Africa",harmonics_ticon4_worldwide.txt,0,8570,0.0853,0.351,0,1.099,1.918,SouthAfrica_UHSLC,1,nein
221_Simons_Town.csv,-34.1866,18.4366,2018,"Simon's Town, South Africa",harmonics_utide_observations.txt,0,8570,0.0855,0.332,0,-0.011,1.936,SouthAfrica_UHSLC,0,nein
221_Simons_Town.csv,-34.1866,18.4366,2008,"Simon's Town, South Africa",harmonics_att_np203_secondary.txt,0,8392,0.0921,0.364,0,0.098,1.823,SouthAfrica_UHSLC,0,ja
221_Simons_Town.csv,-34.1866,18.4366,2008,"Simon's Town, South Africa",harmonics_noaa_eutt.txt,0,8392,0.1081,0.372,0,0.032,1.754,SouthAfrica_UHSLC,0,ja
221_Simons_Town.csv,-34.1866,18.4366,2008,"Simon's Town, South Africa",harmonics_ticon4_worldwide.txt,0,8392,0.0874,0.334,0,1.099,1.912,SouthAfrica_UHSLC,0,ja
221_Simons_Town.csv,-34.1866,18.4366,2008,"Simon's Town, South Africa",harmonics_utide_observations.txt,0,8392,0.0899,0.347,0,-0.011,1.949,SouthAfrica_UHSLC,1,ja
184_Port_Elizabeth.csv,-33.9664,25.6335,2008,"Gqeberha (Port Elizabeth), South Africa",harmonics_noaa_cptt.txt,0,8689,0.145,0.693,0,0.024,1.769,SouthAfrica_UHSLC,0,ja
184_Port_Elizabeth.csv,-33.9664,25.6335,2008,"Gqeberha (Port Elizabeth), South Africa",harmonics_utide_observations.txt,0,8689,0.123,0.579,0,-0.027,2.023,SouthAfrica_UHSLC,1,ja
ko_taphao_noi_148.csv,7.8338,98.4216,2025,"Ko Taphao Noi (Phuket), Phuket, Thailand",harmonics_ticon4_worldwide.txt,0,6258,0.0669,0.293,0,0.112,3.233,UHSLC_Thailand,1,nein
ko_lak_328.csv,11.7953,99.8172,2025,"Ko Lak, Prachuap Khiri Khan, Thailand",harmonics_utide_observations.txt,0,6570,0.1184,0.999,0,0.096,2.758,UHSLC_Thailand,1,nein
ko_miang_118.csv,8.5712,97.6373,2006,"Ko Miang, Phang Nga, Thailand",harmonics_att_np203_scs.txt,0,8262,0.127,0.441,0,1.421,2.748,UHSLC_Thailand,0,nein
ko_miang_118.csv,8.5712,97.6373,2006,"Ko Miang, Phang Nga, Thailand",harmonics_utide_observations.txt,0,8262,0.0584,0.177,0,0.0,2.944,UHSLC_Thailand,1,nein
48_Anewa_Bay.csv,-6.1838,155.5436,1977,"Anewa Bay, North Solomons, Papua New Guinea",harmonics-2004-06-14_mod.txt,0,7721,0.0743,0.282,0,-0.123,1.714,PapuaNewGuinea_UHSLC,0,nein
48_Anewa_Bay.csv,-6.1838,155.5436,1977,"Anewa Bay, North Solomons, Papua New Guinea",harmonics_ticon4_worldwide.txt,0,7721,0.0727,0.277,0,-0.12,1.672,PapuaNewGuinea_UHSLC,1,nein
48_Anewa_Bay.csv,-6.1838,155.5436,1977,"Anewa Bay, North Solomons, Papua New Guinea",harmonics_utide_observations.txt,0,7721,0.0727,0.263,0,-0.069,1.69,PapuaNewGuinea_UHSLC,0,nein
48_Anewa_Bay.csv,-6.1838,155.5436,1977,"Anewa Bay, North Solomons, Papua New Guinea",harmonics-2004-06-14_mod.txt,0,7721,0.0743,0.282,0,-0.123,1.714,PapuaNewGuinea_UHSLC,0,nein
48_Anewa_Bay.csv,-6.1838,155.5436,1977,"Anewa Bay, North Solomons, Papua New Guinea",harmonics_ticon4_worldwide.txt,0,7721,0.0727,0.277,0,-0.12,1.672,PapuaNewGuinea_UHSLC,0,nein
48_Anewa_Bay.csv,-6.1838,155.5436,1977,"Anewa Bay, North Solomons, Papua New Guinea",harmonics_utide_observations.txt,0,7721,0.0727,0.263,0,-0.069,1.69,PapuaNewGuinea_UHSLC,1,nein
68_Kavieng.csv,-2.5816,150.7903,1994,"Kavieng, New Ireland, Papua New Guinea",harmonics_ticon4_worldwide.txt,0,8148,0.0574,0.195,0,0.015,1.113,PapuaNewGuinea_UHSLC,1,nein
68_Kavieng.csv,-2.5816,150.7903,1994,"Kavieng, Papua New Guinea",harmonics_utide_observations.txt,645,8148,0.0552,0.178,0,0.015,1.119,PapuaNewGuinea_UHSLC,0,nein
68_Kavieng.csv,-2.5850,150.7950,1994,"Kavieng, Papua New Guinea",harmonics_utide_observations.txt,0,8148,0.0552,0.178,0,0.015,1.119,PapuaNewGuinea_UHSLC,1,nein
68_Kavieng.csv,-2.5850,150.7950,1994,"Kavieng, New Ireland, Papua New Guinea",harmonics_ticon4_worldwide.txt,645,8148,0.0574,0.195,0,0.015,1.113,PapuaNewGuinea_UHSLC,0,nein
67_Lae.csv,-6.7330,146.9830,1998,"Lae, Papua New Guinea",harmonics_ticon4_worldwide.txt,0,8039,0.1466,0.381,0,-0.04,0.993,PapuaNewGuinea_UHSLC,1,nein
67_Lae.csv,-6.7330,146.9830,1998,"Lae, Papua New Guinea",harmonics_utide_observations.txt,0,8039,0.1441,0.355,0,-0.04,1.015,PapuaNewGuinea_UHSLC,0,nein
67_Lae.csv,-6.7330,146.9830,1988,"Lae, Papua New Guinea",harmonics_ticon4_worldwide.txt,0,8761,0.045,0.178,0,-0.056,1.185,PapuaNewGuinea_UHSLC,0,ja
67_Lae.csv,-6.7330,146.9830,1988,"Lae, Papua New Guinea",harmonics_utide_observations.txt,0,8761,0.0455,0.175,0,-0.056,1.244,PapuaNewGuinea_UHSLC,1,ja
66_Madang.csv,-5.2084,145.8002,1998,"Madang Harbour, Papua New Guinea",harmonics_ticon4_worldwide.txt,0,7974,0.0561,0.274,0,0.003,1.043,PapuaNewGuinea_UHSLC,1,nein
66_Madang.csv,-5.2084,145.8002,1998,"Madang, Papua New Guinea",harmonics_utide_observations.txt,934,7974,0.0499,0.28,0,0.003,1.021,PapuaNewGuinea_UHSLC,0,nein
66_Madang.csv,-5.2000,145.8000,1988,"Madang, Papua New Guinea",harmonics_utide_observations.txt,0,8761,0.0506,0.183,0,-0.005,1.219,PapuaNewGuinea_UHSLC,1,ja
66_Madang.csv,-5.2000,145.8000,1988,"Madang Harbour, Papua New Guinea",harmonics_ticon4_worldwide.txt,934,8761,0.0566,0.212,0,-0.005,1.174,PapuaNewGuinea_UHSLC,0,ja
65_Manus.csv,-2.0191,147.2697,1994,"Seeadler Harbor, Manus, Admiralty Islands, Papua New Guinea",harmonics-1997-05-25_mod.txt,0,7703,0.0735,0.291,0,0.569,1.062,PapuaNewGuinea_UHSLC,0,nein
65_Manus.csv,-2.0191,147.2697,1994,"Seeadler Harbor, Manus, Admiralty Islands, Papua New Guinea",harmonics-2004-06-14_mod.txt,0,7703,0.0666,0.247,0,0.328,0.998,PapuaNewGuinea_UHSLC,0,nein
65_Manus.csv,-2.0191,147.2697,1994,"Seeadler Harbor, Manus, Admiralty Islands, Papua New Guinea",harmonics_ticon4_worldwide.txt,0,7703,0.0667,0.23,0,0.566,1.042,PapuaNewGuinea_UHSLC,1,nein
65_Manus.csv,-2.0191,147.2697,1994,"Manus, Papua New Guinea",harmonics_utide_observations.txt,725,7703,0.0643,0.226,0,0.031,1.053,PapuaNewGuinea_UHSLC,0,nein
65_Manus.csv,-2.0130,147.2720,1994,"Manus, Papua New Guinea",harmonics_utide_observations.txt,0,7703,0.0643,0.226,0,0.031,1.053,PapuaNewGuinea_UHSLC,1,nein
65_Manus.csv,-2.0130,147.2720,1994,"Seeadler Harbor, Manus, Admiralty Islands, Papua New Guinea",harmonics-1997-05-25_mod.txt,725,7703,0.0735,0.291,0,0.569,1.062,PapuaNewGuinea_UHSLC,0,nein
65_Manus.csv,-2.0130,147.2720,1994,"Seeadler Harbor, Manus, Admiralty Islands, Papua New Guinea",harmonics-2004-06-14_mod.txt,725,7703,0.0666,0.247,0,0.328,0.998,PapuaNewGuinea_UHSLC,0,nein
65_Manus.csv,-2.0130,147.2720,1994,"Seeadler Harbor, Manus, Admiralty Islands, Papua New Guinea",harmonics_ticon4_worldwide.txt,725,7703,0.0667,0.23,0,0.566,1.042,PapuaNewGuinea_UHSLC,0,nein
64_Port_Moresby.csv,-9.4780,147.1400,1994,"Port Moresby, Papua New Guinea",harmonics_noaa_cptt.txt,0,8761,0.2948,2.414,10,0.362,2.184,PapuaNewGuinea_UHSLC,0,nein
64_Port_Moresby.csv,-9.4780,147.1400,1994,"Port Moresby, Papua New Guinea",harmonics_ticon4_worldwide.txt,0,8761,0.2703,2.57,0,0.003,2.604,PapuaNewGuinea_UHSLC,1,nein
64_Port_Moresby.csv,-9.4780,147.1400,1994,"Port Moresby, Papua New Guinea",harmonics_utide_observations.txt,0,8761,0.2661,2.527,0,0.003,2.577,PapuaNewGuinea_UHSLC,0,nein
64_Port_Moresby.csv,-9.4780,147.1400,1994,"Port Moresby, Papua New Guinea",harmonics_noaa_cptt.txt,0,8761,0.2948,2.414,10,0.362,2.184,PapuaNewGuinea_UHSLC,0,nein
64_Port_Moresby.csv,-9.4780,147.1400,1994,"Port Moresby, Papua New Guinea",harmonics_ticon4_worldwide.txt,0,8761,0.2703,2.57,0,0.003,2.604,PapuaNewGuinea_UHSLC,0,nein
64_Port_Moresby.csv,-9.4780,147.1400,1994,"Port Moresby, Papua New Guinea",harmonics_utide_observations.txt,0,8761,0.2661,2.527,0,0.003,2.577,PapuaNewGuinea_UHSLC,1,nein
10_Rabaul.csv,-4.2006,152.1738,1997,"Rabaul, New Britain, Papua New Guinea",harmonics_ticon4_worldwide.txt,0,8694,0.1159,0.326,10,0.018,0.937,PapuaNewGuinea_UHSLC,1,nein
10_Rabaul.csv,-4.2006,152.1738,1997,"Rabaul, Papua New Guinea",harmonics_utide_observations.txt,149,8694,0.1169,0.326,0,0.018,0.973,PapuaNewGuinea_UHSLC,0,nein
10_Rabaul.csv,-4.2006,152.1738,1997,"Rabaul, New Britain Island, Papua New Guinea",harmonics_noaa_cptt.txt,2906,8694,0.1404,0.432,20,0.502,0.704,PapuaNewGuinea_UHSLC,0,nein
10_Rabaul.csv,-4.2000,152.1750,1988,"Rabaul, Papua New Guinea",harmonics_utide_observations.txt,0,8761,0.045,0.172,0,-0.155,1.19,PapuaNewGuinea_UHSLC,1,ja
10_Rabaul.csv,-4.2000,152.1750,1988,"Rabaul, New Britain, Papua New Guinea",harmonics_ticon4_worldwide.txt,149,8761,0.0461,0.186,0,-0.155,1.13,PapuaNewGuinea_UHSLC,0,ja
10_Rabaul.csv,-4.2000,152.1750,1988,"Rabaul, New Britain Island, Papua New Guinea",harmonics_noaa_cptt.txt,2772,8761,0.1101,0.362,20,0.329,0.836,PapuaNewGuinea_UHSLC,0,ja
63_Wewak.csv,-3.5700,143.6330,1993,"Wewak, Papua New Guinea",harmonics_ticon4_worldwide.txt,0,6864,0.0595,0.281,0,0.023,1.266,PapuaNewGuinea_UHSLC,1,nein
63_Wewak.csv,-3.5700,143.6330,1993,"Wewak, Papua New Guinea",harmonics_utide_observations.txt,0,6864,0.0543,0.269,0,0.023,1.283,PapuaNewGuinea_UHSLC,0,nein
63_Wewak.csv,-3.5700,143.6330,1993,"Wewak, Papua New Guinea",harmonics_ticon4_worldwide.txt,0,6864,0.0595,0.281,0,0.023,1.266,PapuaNewGuinea_UHSLC,0,nein
63_Wewak.csv,-3.5700,143.6330,1993,"Wewak, Papua New Guinea",harmonics_utide_observations.txt,0,6864,0.0543,0.269,0,0.023,1.283,PapuaNewGuinea_UHSLC,1,nein
69_Alotau.csv,-10.3170,150.4530,1995,"Alotau, Papua New Guinea",harmonics_utide_observations.txt,0,8064,0.0395,0.145,0,-0.009,1.102,PapuaNewGuinea_UHSLC,1,nein
400_Lombrum_Manus_Is.csv,-2.0370,147.3750,2012,"Lombrum, Manus Is., Papua New Guinea",harmonics_utide_observations.txt,0,7719,0.0491,0.212,0,0.041,1.087,PapuaNewGuinea_UHSLC,1,ja
400_Lombrum_Manus_Is.csv,-2.0370,147.3750,2012,"Lombrum, Manus, Papua New Guinea",harmonics_ticon4_worldwide.txt,513,7719,0.0488,0.199,0,0.844,1.068,PapuaNewGuinea_UHSLC,0,ja
