datei,name,no,naechster_km,rauschen_pct,nachbarn,nachbar_alt_pct,nachbar_neu_pct,anteil_neu_besser,fes_alt_pct,fes_neu_pct,bezug,einstellung,beleg,entscheidung
harmonics_noaa_eutt.txt,"Trinidade, Ilha da, Espírito Santo, Brazil",eutt-5,6.0,9.2,1,28.26,11.39,1.0,,,"Takoradi, Ghana [harmonics_ticon4_worldwide.txt]",Flach behalten,ein Nachbar unter 10 km,schreiben
harmonics_noaa_eutt.txt,"Fajã de Água (Brava), Cape Verde",eutt-13,131.6,nan,0,,,,,,"Dakar, Senegal [harmonics_ticon4_worldwide.txt]",Flach behalten,kein Nachbar unter 100 km,behalten
harmonics_noaa_eutt.txt,"Baía dos Tigres, Angola",eutt-73,162.7,nan,0,,,,,,"Takoradi, Ghana [harmonics_ticon4_worldwide.txt]",Flach behalten,kein Nachbar unter 100 km,behalten
harmonics_noaa_eutt.txt,"Tômbua (Porto Alexandre), Angola",eutt-75,74.6,16.4,2,4.93,4.77,1.0,6.03,5.97,"Takoradi, Ghana [harmonics_ticon4_worldwide.txt]",Flach behalten,Nachbarn und FES nicht beide fuer neu,behalten
harmonics_noaa_eutt.txt,"Benguela, Angola",eutt-83,29.1,12.1,3,6.52,6.14,1.0,6.2,5.81,"Takoradi, Ghana [harmonics_ticon4_worldwide.txt]",Flach behalten,Nachbarn und FES nicht beide fuer neu,behalten
harmonics_noaa_eutt.txt,"Ponta do Padrão (Congo River entrance), Angola",eutt-95,5.7,9.2,2,4.26,3.82,1.0,,,"Takoradi, Ghana [harmonics_ticon4_worldwide.txt]",Flach behalten,Nachbarn sprechen nicht klar fuer neu,behalten
harmonics_noaa_eutt.txt,"Mayumba, Gabon",eutt-101,200.2,nan,0,,,,,,"Takoradi, Ghana [harmonics_ticon4_worldwide.txt]",Flach behalten,kein Nachbar unter 100 km,behalten
harmonics_noaa_eutt.txt,"Annobón, Equatorial Guinea",eutt-111,229.9,nan,0,,,,,,"Takoradi, Ghana [harmonics_ticon4_worldwide.txt]",Flach behalten,kein Nachbar unter 100 km,behalten
harmonics_noaa_eutt.txt,"Baía de Ana Chaves, São Tomé, São Tomé and Príncipe",eutt-113,19.0,8.6,2,3.56,3.27,1.0,,,"Takoradi, Ghana [harmonics_ticon4_worldwide.txt]",Flach behalten,Nachbarn sprechen nicht klar fuer neu,behalten
harmonics_noaa_eutt.txt,"Ada Foah (Volta River), Ghana",eutt-179,70.7,16.4,4,4.85,5.14,0.0,4.57,4.83,"Takoradi, Ghana [harmonics_ticon4_worldwide.txt]",Flach behalten,Nachbarn und FES nicht beide fuer neu,behalten
harmonics_noaa_eutt.txt,"Accra, Ghana",eutt-183,27.5,12.1,1,3.8,3.72,1.0,3.49,3.33,"Takoradi, Ghana [harmonics_ticon4_worldwide.txt]",Flach behalten,Nachbarn und FES nicht beide fuer neu,behalten
harmonics_noaa_eutt.txt,"Cape Coast, Ghana",eutt-185,61.4,16.4,2,2.41,1.81,1.0,2.44,2.45,"Takoradi, Ghana [harmonics_ticon4_worldwide.txt]",Flach behalten,Nachbarn und FES nicht beide fuer neu,behalten
harmonics_noaa_eutt.txt,"Grand-Lahou, Ivory Coast",eutt-195,110.3,nan,0,,,,,,"Takoradi, Ghana [harmonics_ticon4_worldwide.txt]",Flach behalten,kein Nachbar unter 100 km,behalten
harmonics_noaa_eutt.txt,"Tabou River, Ivory Coast",eutt-201,89.8,16.4,1,4.55,3.88,1.0,6.34,5.75,"Takoradi, Ghana [harmonics_ticon4_worldwide.txt]",Flach behalten,Nachbarn und FES nicht beide fuer neu,behalten
harmonics_noaa_eutt.txt,"Harper (Cape Palmas), Liberia",eutt-203,130.2,nan,0,,,,,,"Cape Town, South Africa [harmonics_ticon4_worldwide.txt]",Flach behalten,kein Nachbar unter 100 km,behalten
harmonics_noaa_eutt.txt,"Junk River entrance, Liberia",eutt-213,51.4,16.4,2,2.18,6.85,0.0,1.86,7.81,"Cape Town, South Africa [harmonics_ticon4_worldwide.txt]",Flach behalten,Nachbarn und FES nicht beide fuer neu,behalten
harmonics_noaa_eutt.txt,"Marshall, Junk River, Liberia",eutt-215,50.6,16.4,2,12.33,14.09,0.0,13.83,15.74,"Cape Town, South Africa [harmonics_ticon4_worldwide.txt]",Flach behalten,Nachbarn und FES nicht beide fuer neu,behalten
harmonics_noaa_eutt.txt,"Harbel, Farmington River, Liberia",eutt-217,51.7,16.4,2,19.63,20.53,0.0,21.08,22.09,"Cape Town, South Africa [harmonics_ticon4_worldwide.txt]",Flach behalten,Nachbarn und FES nicht beide fuer neu,behalten
harmonics_noaa_eutt.txt,"Kerefe River, Liberia",eutt-223,119.6,nan,0,,,,,,"Casablanca, Morocco [harmonics-1997-05-25_mod.txt]",Flach behalten,kein Nachbar unter 100 km,behalten
harmonics_noaa_eutt.txt,"Shenge Point, Sherbro River, Sierra Leone",eutt-225,72.4,16.4,3,4.18,2.76,1.0,32.06,29.03,"Casablanca, Morocco [harmonics-1997-05-25_mod.txt]",Flach behalten,Nachbarn 25-100 km (3) und FES,schreiben
harmonics_noaa_eutt.txt,"Buoy Point, Sherbro River, Sierra Leone",eutt-227,108.5,nan,0,,,,,,"Casablanca, Morocco [harmonics-1997-05-25_mod.txt]",Flach behalten,kein Nachbar unter 100 km,behalten
harmonics_noaa_eutt.txt,"York Island, Sherbro River, Sierra Leone",eutt-229,137.7,nan,0,,,,,,"Casablanca, Morocco [harmonics-1997-05-25_mod.txt]",Flach behalten,kein Nachbar unter 100 km,behalten
harmonics_noaa_eutt.txt,"Banana Islands, Sierra Leone",eutt-231,41.2,12.1,3,3.7,4.08,0.0,7.43,5.64,"Casablanca, Morocco [harmonics-1997-05-25_mod.txt]",Flach behalten,Nachbarn und FES nicht beide fuer neu,behalten
harmonics_noaa_eutt.txt,"Maroon River, Sierra Leone",eutt-235,19.3,8.6,3,7.84,7.16,1.0,,,"Casablanca, Morocco [harmonics-1997-05-25_mod.txt]",Flach behalten,Nachbarn sprechen nicht klar fuer neu,behalten
harmonics_noaa_eutt.txt,"Pepel, Sierra Leone",eutt-237,25.0,8.6,2,10.17,9.16,1.0,,,"Casablanca, Morocco [harmonics-1997-05-25_mod.txt]",Flach behalten,Nachbarn bis 25 km (2),schreiben
harmonics_noaa_eutt.txt,"Bôlintan (Île Tana), Guinea",eutt-239,61.6,16.4,6,8.88,6.98,1.0,22.46,20.37,"Casablanca, Morocco [harmonics-1997-05-25_mod.txt]",Flach behalten,Nachbarn 25-100 km (6) und FES,schreiben
harmonics_noaa_eutt.txt,"La Güera, Mauritania",eutt-295,10.3,8.6,2,8.54,8.98,0.0,,,"Casablanca, Morocco [harmonics-1997-05-25_mod.txt]",Flach behalten,Nachbarn sprechen nicht klar fuer neu,behalten
harmonics_noaa_eutt.txt,"Kénitra, Morocco",eutt-321,7.7,9.2,1,12.87,12.85,1.0,,,"Casablanca, Morocco [harmonics-1997-05-25_mod.txt]",Flach behalten,Nachbarn sprechen nicht klar fuer neu,behalten
harmonics_noaa_eutt.txt,"Asilah, Morocco",eutt-325,31.9,12.1,6,8.39,4.78,1.0,5.42,5.54,"Casablanca, Morocco [harmonics-1997-05-25_mod.txt]",Flach behalten,Nachbarn und FES nicht beide fuer neu,behalten
harmonics_noaa_eutt.txt,"St. Anne's (River Ribble), England, United Kingdom",eutt-1063,8.3,9.2,6,5.03,3.64,0.83,,,"Liverpool (Gladstone Dock), England, United Kingdom [harmonics-dwf-20100529-nonfree_mod.txt]",Flach behalten,Nachbarn bis 25 km (6),schreiben
harmonics_noaa_eutt.txt,"Dundalk (pile light), Ireland",eutt-1157,8.1,9.2,6,6.28,3.31,1.0,,,"Dublin Bar, Ireland [harmonics_utide_tidetables.txt]",Flach behalten,Nachbarn bis 25 km (6),schreiben
harmonics_noaa_eutt.txt,"Mary Muss Bay, Jan Mayen",eutt-1309,497.2,nan,0,,,,,,"Bergen, Norway [harmonics_ticon4_worldwide.txt]",Flach behalten,kein Nachbar unter 100 km,behalten
harmonics_noaa_eutt.txt,"Agger, Denmark",eutt-1511,8.8,9.2,1,12.94,14.03,0.0,,,"Sandy Bay, Gibraltar [harmonics_att_np208.txt]",Flach behalten,Nachbarn sprechen nicht klar fuer neu,behalten
harmonics_noaa_eutt.txt,"Hirtshals, Denmark",eutt-1513,39.4,12.1,3,12.09,12.03,0.67,10.74,10.55,"Sandy Bay, Gibraltar [harmonics_att_np208.txt]",Flach behalten,Nachbarn und FES nicht beide fuer neu,behalten
harmonics_noaa_eutt.txt,"Guba Bazarnaya, Russia",eutt-1561,37.7,12.1,3,4.37,3.61,1.0,3.13,2.6,"Yekaterininskaya, Russia [harmonics-1997-05-25_mod.txt]",Flach behalten,Nachbarn und FES nicht beide fuer neu,behalten
harmonics_noaa_eutt.txt,"Linakhamar (Pechenga Bay), Russia",eutt-1563,51.3,16.4,5,3.32,2.64,0.6,2.12,1.75,"Yekaterininskaya, Russia [harmonics-1997-05-25_mod.txt]",Flach behalten,Nachbarn und FES nicht beide fuer neu,behalten
harmonics_noaa_eutt.txt,"Pummanki, Bolshaya Volokovaya, Russia",eutt-1565,72.4,16.4,5,3.8,2.77,1.0,3.01,2.22,"Yekaterininskaya, Russia [harmonics-1997-05-25_mod.txt]",Flach behalten,Nachbarn und FES nicht beide fuer neu,behalten
harmonics_noaa_eutt.txt,"Vaida Bay, Russia",eutt-1567,59.6,16.4,5,5.28,4.52,1.0,3.72,2.72,"Yekaterininskaya, Russia [harmonics-1997-05-25_mod.txt]",Flach behalten,Nachbarn und FES nicht beide fuer neu,behalten
harmonics_noaa_eutt.txt,"Zubovskaya Bay, Russia",eutt-1569,71.7,16.4,4,5.69,4.93,1.0,3.47,2.49,"Yekaterininskaya, Russia [harmonics-1997-05-25_mod.txt]",Flach behalten,Nachbarn und FES nicht beide fuer neu,behalten
harmonics_noaa_eutt.txt,"Bolshaya Korabelnaya Bay, Russia",eutt-1571,55.6,16.4,2,1.71,1.13,1.0,2.34,1.81,"Yekaterininskaya, Russia [harmonics-1997-05-25_mod.txt]",Flach behalten,Nachbarn und FES nicht beide fuer neu,behalten
harmonics_noaa_eutt.txt,"Malaya Korabelnaya Bay, Russia",eutt-1573,51.0,16.4,2,1.58,0.79,1.0,2.2,1.76,"Yekaterininskaya, Russia [harmonics-1997-05-25_mod.txt]",Flach behalten,Nachbarn und FES nicht beide fuer neu,behalten
harmonics_noaa_eutt.txt,"Eyna Bay, Russia",eutt-1575,63.3,16.4,5,8.08,7.35,1.0,2.57,2.42,"Yekaterininskaya, Russia [harmonics-1997-05-25_mod.txt]",Flach behalten,Nachbarn und FES nicht beide fuer neu,behalten
harmonics_noaa_eutt.txt,"Motka Bay, Russia",eutt-1577,72.6,16.4,5,6.72,5.89,1.0,4.1,4.05,"Yekaterininskaya, Russia [harmonics-1997-05-25_mod.txt]",Flach behalten,Nachbarn und FES nicht beide fuer neu,behalten
harmonics_noaa_eutt.txt,"Ozerko Bay, Russia",eutt-1579,78.4,16.4,5,6.23,5.35,1.0,4.63,4.56,"Yekaterininskaya, Russia [harmonics-1997-05-25_mod.txt]",Flach behalten,Nachbarn und FES nicht beide fuer neu,behalten
harmonics_noaa_eutt.txt,"Titovka Bay, Russia",eutt-1581,69.4,16.4,5,7.56,6.79,1.0,3.59,3.59,"Yekaterininskaya, Russia [harmonics-1997-05-25_mod.txt]",Flach behalten,Nachbarn und FES nicht beide fuer neu,behalten
harmonics_noaa_eutt.txt,"Zapadnaya Bay, Russia",eutt-1583,49.3,12.1,3,1.67,1.31,1.0,2.17,1.9,"Yekaterininskaya, Russia [harmonics-1997-05-25_mod.txt]",Flach behalten,Nachbarn und FES nicht beide fuer neu,behalten
harmonics_noaa_eutt.txt,"Vichany Islands, Russia",eutt-1585,43.7,12.1,2,2.64,2.27,1.0,3.34,3.04,"Yekaterininskaya, Russia [harmonics-1997-05-25_mod.txt]",Flach behalten,Nachbarn und FES nicht beide fuer neu,behalten
harmonics_noaa_eutt.txt,"Ara Bay, Russia",eutt-1587,35.5,12.1,2,1.71,1.13,1.0,2.47,2.0,"Yekaterininskaya, Russia [harmonics-1997-05-25_mod.txt]",Flach behalten,Nachbarn und FES nicht beide fuer neu,behalten
harmonics_noaa_eutt.txt,"Nasha Bay, Ura Bay, Russia",eutt-1589,29.7,12.1,2,1.6,0.93,1.0,10.21,8.9,"Yekaterininskaya, Russia [harmonics-1997-05-25_mod.txt]",Flach behalten,Nachbarn und FES nicht beide fuer neu,behalten
harmonics_noaa_eutt.txt,"Port Vladimirski, Russia",eutt-1591,27.1,12.1,2,1.58,0.86,1.0,2.31,1.82,"Yekaterininskaya, Russia [harmonics-1997-05-25_mod.txt]",Flach behalten,Nachbarn und FES nicht beide fuer neu,behalten
harmonics_noaa_eutt.txt,"Kislaya Harbor, Russia",eutt-1593,25.4,12.1,2,1.12,1.76,0.0,2.75,2.38,"Yekaterininskaya, Russia [harmonics-1997-05-25_mod.txt]",Flach behalten,Nachbarn und FES nicht beide fuer neu,behalten
harmonics_noaa_eutt.txt,"Kuvshinskaya Strait, Russia",eutt-1595,11.3,8.6,2,1.72,1.02,1.0,,,"Yekaterininskaya, Russia [harmonics-1997-05-25_mod.txt]",Flach behalten,Nachbarn sprechen nicht klar fuer neu,behalten
harmonics_noaa_eutt.txt,"Sayda Bay, Russia",eutt-1597,10.2,8.6,2,1.8,1.17,1.0,,,"Yekaterininskaya, Russia [harmonics-1997-05-25_mod.txt]",Flach behalten,Nachbarn sprechen nicht klar fuer neu,behalten
harmonics_noaa_eutt.txt,"Bolshaya Volokovaya Bay, Russia",eutt-1599,9.1,9.2,2,1.65,0.87,1.0,,,"Yekaterininskaya, Russia [harmonics-1997-05-25_mod.txt]",Flach behalten,Nachbarn sprechen nicht klar fuer neu,behalten
harmonics_noaa_eutt.txt,"Veliki Point, Russia",eutt-1605,14.9,8.6,2,1.65,0.87,1.0,,,"Yekaterininskaya, Russia [harmonics-1997-05-25_mod.txt]",Flach behalten,Nachbarn sprechen nicht klar fuer neu,behalten
harmonics_noaa_eutt.txt,"Bazisnyy Point, Russia",eutt-1607,25.8,12.1,2,3.86,3.56,1.0,3.37,3.21,"Yekaterininskaya, Russia [harmonics-1997-05-25_mod.txt]",Flach behalten,Nachbarn und FES nicht beide fuer neu,behalten
harmonics_noaa_eutt.txt,"Murmansk, Russia",eutt-1609,28.9,12.1,2,3.86,3.56,1.0,3.29,3.14,"Yekaterininskaya, Russia [harmonics-1997-05-25_mod.txt]",Flach behalten,Nachbarn und FES nicht beide fuer neu,behalten
harmonics_noaa_eutt.txt,"Drovyanoi Point, Russia",eutt-1611,34.6,12.1,2,6.88,6.6,1.0,6.42,6.22,"Yekaterininskaya, Russia [harmonics-1997-05-25_mod.txt]",Flach behalten,Nachbarn und FES nicht beide fuer neu,behalten
harmonics_noaa_eutt.txt,"Kola, Russia",eutt-1613,39.5,12.1,2,11.42,11.06,1.0,11.29,10.97,"Yekaterininskaya, Russia [harmonics-1997-05-25_mod.txt]",Flach behalten,Nachbarn und FES nicht beide fuer neu,behalten
harmonics_noaa_eutt.txt,"Zyelyenyets Bay, Russia",eutt-1615,15.8,8.6,2,1.58,0.79,1.0,,,"Yekaterininskaya, Russia [harmonics-1997-05-25_mod.txt]",Flach behalten,Nachbarn sprechen nicht klar fuer neu,behalten
harmonics_noaa_eutt.txt,"Dolgaya Bay, Russia",eutt-1617,18.3,8.6,2,1.58,0.86,1.0,,,"Yekaterininskaya, Russia [harmonics-1997-05-25_mod.txt]",Flach behalten,Nachbarn sprechen nicht klar fuer neu,behalten
harmonics_noaa_eutt.txt,"Bik Point, Kildin Island, Russia",eutt-1619,24.6,8.6,2,2.4,1.99,1.0,,,"Yekaterininskaya, Russia [harmonics-1997-05-25_mod.txt]",Flach behalten,Nachbarn sprechen nicht klar fuer neu,behalten
harmonics_noaa_eutt.txt,"Mogilnyy Point, Kildin Island, Russia",eutt-1621,36.5,12.1,2,4.74,3.96,1.0,3.08,2.29,"Yekaterininskaya, Russia [harmonics-1997-05-25_mod.txt]",Flach behalten,Nachbarn und FES nicht beide fuer neu,behalten
harmonics_noaa_eutt.txt,"Mali Oleni Strait, Russia",eutt-1623,49.0,12.1,2,3.94,3.34,1.0,2.1,1.82,"Yekaterininskaya, Russia [harmonics-1997-05-25_mod.txt]",Flach behalten,Nachbarn und FES nicht beide fuer neu,behalten
harmonics_noaa_eutt.txt,"Teriberka Bay, Russia",eutt-1625,65.9,16.4,2,4.76,4.23,1.0,1.97,1.79,"Yekaterininskaya, Russia [harmonics-1997-05-25_mod.txt]",Flach behalten,Nachbarn und FES nicht beide fuer neu,behalten
harmonics_noaa_eutt.txt,"Podpakhta Bay, Russia",eutt-1627,97.7,16.4,2,9.76,9.03,1.0,3.04,2.31,"Yekaterininskaya, Russia [harmonics-1997-05-25_mod.txt]",Flach behalten,Nachbarn und FES nicht beide fuer neu,behalten
harmonics_noaa_eutt.txt,"Porchnikha Cove, Russia",eutt-1629,112.9,nan,0,,,,,,"Yekaterininskaya, Russia [harmonics-1997-05-25_mod.txt]",Flach behalten,kein Nachbar unter 100 km,behalten
harmonics_noaa_eutt.txt,"Rynda Bay, Russia",eutt-1631,137.4,nan,0,,,,,,"Yekaterininskaya, Russia [harmonics-1997-05-25_mod.txt]",Flach behalten,kein Nachbar unter 100 km,behalten
harmonics_noaa_eutt.txt,"Kharlovka River mouth, Russia",eutt-1633,160.9,nan,0,,,,,,"Yekaterininskaya, Russia [harmonics-1997-05-25_mod.txt]",Flach behalten,kein Nachbar unter 100 km,behalten
harmonics_noaa_eutt.txt,"Semiostrovski Road, SE. entrance, Russia",eutt-1635,169.1,nan,0,,,,,,"Yekaterininskaya, Russia [harmonics-1997-05-25_mod.txt]",Flach behalten,kein Nachbar unter 100 km,behalten
harmonics_noaa_eutt.txt,"Vostochnaya Litsa Bay, Russia",eutt-1637,184.4,nan,0,,,,,,"Yekaterininskaya, Russia [harmonics-1997-05-25_mod.txt]",Flach behalten,kein Nachbar unter 100 km,behalten
harmonics_noaa_eutt.txt,"Drozdovka Bay, Russia",eutt-1639,221.3,nan,0,,,,,,"Yekaterininskaya, Russia [harmonics-1997-05-25_mod.txt]",Flach behalten,kein Nachbar unter 100 km,behalten
harmonics_noaa_eutt.txt,"Savikha Bay, Russia",eutt-1641,254.6,nan,0,,,,,,"Yekaterininskaya, Russia [harmonics-1997-05-25_mod.txt]",Flach behalten,kein Nachbar unter 100 km,behalten
harmonics_noaa_eutt.txt,"Gryemikha Bay, Russia",eutt-1643,274.8,nan,0,,,,,,"Yekaterininskaya, Russia [harmonics-1997-05-25_mod.txt]",Flach behalten,kein Nachbar unter 100 km,behalten
harmonics_noaa_eutt.txt,"Zyelyony Island, Russia",eutt-1645,280.9,nan,0,,,,,,"Yekaterininskaya, Russia [harmonics-1997-05-25_mod.txt]",Flach behalten,kein Nachbar unter 100 km,behalten
harmonics_noaa_eutt.txt,"Gorodetskaya Bay, Russia",eutt-1647,346.9,nan,0,,,,,,"Yekaterininskaya, Russia [harmonics-1997-05-25_mod.txt]",Flach behalten,kein Nachbar unter 100 km,behalten
harmonics_noaa_eutt.txt,"Cape Orlov, Russia",eutt-1649,299.0,nan,0,,,,,,"Yekaterininskaya, Russia [harmonics-1997-05-25_mod.txt]",Flach behalten,kein Nachbar unter 100 km,behalten
harmonics_noaa_eutt.txt,"Three Islands, Russia",eutt-1651,288.3,nan,0,,,,,,"Yekaterininskaya, Russia [harmonics-1997-05-25_mod.txt]",Flach behalten,kein Nachbar unter 100 km,behalten
harmonics_noaa_eutt.txt,"Sosnovets Island, Russia",eutt-1653,217.0,nan,0,,,,,,"Yekaterininskaya, Russia [harmonics-1997-05-25_mod.txt]",Flach behalten,kein Nachbar unter 100 km,behalten
harmonics_noaa_eutt.txt,"Tetrino, Russia",eutt-1655,198.8,nan,0,,,,,,"Port Kem, Russia [harmonics-1997-05-25_mod.txt]",Flach behalten,kein Nachbar unter 100 km,behalten
harmonics_noaa_eutt.txt,"Varzukha River entrance, Russia",eutt-1657,174.3,nan,0,,,,,,"Port Kem, Russia [harmonics-1997-05-25_mod.txt]",Flach behalten,kein Nachbar unter 100 km,behalten
harmonics_noaa_eutt.txt,"Cape Turiya, Russia",eutt-1659,174.6,nan,0,,,,,,"Port Kem, Russia [harmonics-1997-05-25_mod.txt]",Flach behalten,kein Nachbar unter 100 km,behalten
harmonics_noaa_eutt.txt,"Volostrov, Russia",eutt-1661,182.7,nan,0,,,,,,"Port Kem, Russia [harmonics-1997-05-25_mod.txt]",Flach behalten,kein Nachbar unter 100 km,behalten
harmonics_noaa_eutt.txt,"Mal Piryu Bay, Russia",eutt-1663,192.0,nan,0,,,,,,"Port Kem, Russia [harmonics-1997-05-25_mod.txt]",Flach behalten,kein Nachbar unter 100 km,behalten
harmonics_noaa_eutt.txt,"Tar Bay, Russia",eutt-1665,195.1,nan,0,,,,,,"Port Kem, Russia [harmonics-1997-05-25_mod.txt]",Flach behalten,kein Nachbar unter 100 km,behalten
harmonics_noaa_eutt.txt,"Porya Anchorage, Russia",eutt-1667,203.3,nan,0,,,,,,"Port Kem, Russia [harmonics-1997-05-25_mod.txt]",Flach behalten,kein Nachbar unter 100 km,behalten
harmonics_noaa_eutt.txt,"Kandalaksha, Russia",eutt-1669,233.9,nan,0,,,,,,"Port Kem, Russia [harmonics-1997-05-25_mod.txt]",Flach behalten,kein Nachbar unter 100 km,behalten
harmonics_noaa_eutt.txt,"Kovda River entrance, Russia",eutt-1671,209.5,nan,0,,,,,,"Port Kem, Russia [harmonics-1997-05-25_mod.txt]",Flach behalten,kein Nachbar unter 100 km,behalten
harmonics_noaa_eutt.txt,"Sredni Anchorage, Keret Bay, Russia",eutt-1673,156.1,nan,0,,,,,,"Port Kem, Russia [harmonics-1997-05-25_mod.txt]",Flach behalten,kein Nachbar unter 100 km,behalten
harmonics_noaa_eutt.txt,"Gridina Bay, Russia",eutt-1675,102.1,nan,0,,,,,,"Port Kem, Russia [harmonics-1997-05-25_mod.txt]",Flach behalten,kein Nachbar unter 100 km,behalten
harmonics_noaa_eutt.txt,"Kalgalaksha Bay entrance, Russia",eutt-1677,76.1,16.4,2,7.5,7.16,1.0,3.16,3.49,"Port Kem, Russia [harmonics-1997-05-25_mod.txt]",Flach behalten,Nachbarn und FES nicht beide fuer neu,behalten
harmonics_noaa_eutt.txt,"Kalgalaksha, Kalgalaksha Bay, Russia",eutt-1679,87.2,16.4,2,3.45,3.19,0.5,20.42,19.62,"Port Kem, Russia [harmonics-1997-05-25_mod.txt]",Flach behalten,Nachbarn und FES nicht beide fuer neu,behalten
harmonics_noaa_eutt.txt,"Pongama Bay, Russia",eutt-1681,38.4,12.1,2,5.43,5.33,0.5,2.79,3.97,"Port Kem, Russia [harmonics-1997-05-25_mod.txt]",Flach behalten,Nachbarn und FES nicht beide fuer neu,behalten
harmonics_noaa_eutt.txt,"Rombaki Island, Russia",eutt-1685,13.0,8.6,2,3.77,2.93,1.0,,,"Port Kem, Russia [harmonics-1997-05-25_mod.txt]",Flach behalten,Nachbarn sprechen nicht klar fuer neu,behalten
harmonics_noaa_eutt.txt,"Kuzov Island, Russia",eutt-1687,16.9,8.6,2,8.38,9.28,0.0,,,"Port Kem, Russia [harmonics-1997-05-25_mod.txt]",Flach behalten,Nachbarn sprechen nicht klar fuer neu,behalten
harmonics_noaa_eutt.txt,"Lukovatyy Island, Russia",eutt-1689,21.2,8.6,2,8.25,8.74,0.0,,,"Port Kem, Russia [harmonics-1997-05-25_mod.txt]",Flach behalten,Nachbarn sprechen nicht klar fuer neu,behalten
harmonics_noaa_eutt.txt,"Zhuzhmuy Islands, Russia",eutt-1691,53.0,16.4,2,13.69,14.15,0.0,8.37,9.07,"Port Kem, Russia [harmonics-1997-05-25_mod.txt]",Flach behalten,Nachbarn und FES nicht beide fuer neu,behalten
harmonics_noaa_eutt.txt,"Sorokas Road, Russia",eutt-1693,46.9,12.1,2,15.99,15.42,1.0,4.08,4.46,"Port Kem, Russia [harmonics-1997-05-25_mod.txt]",Flach behalten,Nachbarn und FES nicht beide fuer neu,behalten
harmonics_noaa_eutt.txt,"Molchanov Island, Russia",eutt-1695,55.0,16.4,2,15.02,14.69,1.0,5.57,6.53,"Port Kem, Russia [harmonics-1997-05-25_mod.txt]",Flach behalten,Nachbarn und FES nicht beide fuer neu,behalten
harmonics_noaa_eutt.txt,"Sum Island, Russia",eutt-1697,70.1,16.4,2,17.48,16.77,1.0,7.31,7.25,"Port Kem, Russia [harmonics-1997-05-25_mod.txt]",Flach behalten,Nachbarn und FES nicht beide fuer neu,behalten
harmonics_noaa_eutt.txt,"Raz Island, Russia",eutt-1699,71.8,16.4,2,17.57,16.86,1.0,10.08,9.89,"Port Kem, Russia [harmonics-1997-05-25_mod.txt]",Flach behalten,Nachbarn und FES nicht beide fuer neu,behalten
harmonics_noaa_eutt.txt,"Berejnoi Island, Russia",eutt-1701,94.8,16.4,2,28.38,27.16,1.0,12.52,11.69,"Port Kem, Russia [harmonics-1997-05-25_mod.txt]",Flach behalten,Nachbarn und FES nicht beide fuer neu,behalten
harmonics_noaa_eutt.txt,"Parusnitsa Beacon, Russia",eutt-1703,114.7,nan,0,,,,,,"Port Kem, Russia [harmonics-1997-05-25_mod.txt]",Flach behalten,kein Nachbar unter 100 km,behalten
harmonics_noaa_eutt.txt,"Ponomarev Point, Russia",eutt-1705,117.2,nan,0,,,,,,"Port Kem, Russia [harmonics-1997-05-25_mod.txt]",Flach behalten,kein Nachbar unter 100 km,behalten
harmonics_noaa_eutt.txt,"Kond Island, Russia",eutt-1707,123.4,nan,0,,,,,,"Port Kem, Russia [harmonics-1997-05-25_mod.txt]",Flach behalten,kein Nachbar unter 100 km,behalten
harmonics_noaa_eutt.txt,"Malaya Korepalka, Russia",eutt-1709,137.7,nan,0,,,,,,"Port Kem, Russia [harmonics-1997-05-25_mod.txt]",Flach behalten,kein Nachbar unter 100 km,behalten
harmonics_noaa_eutt.txt,"Unezhemskaya Bay, Russia",eutt-1711,151.5,nan,0,,,,,,"Port Kem, Russia [harmonics-1997-05-25_mod.txt]",Flach behalten,kein Nachbar unter 100 km,behalten
harmonics_noaa_eutt.txt,"Nyapa Beacon, Russia",eutt-1713,154.9,nan,0,,,,,,"Port Kem, Russia [harmonics-1997-05-25_mod.txt]",Flach behalten,kein Nachbar unter 100 km,behalten
harmonics_noaa_eutt.txt,"Paskanets Islet, Russia",eutt-1715,170.1,nan,0,,,,,,"Port Kem, Russia [harmonics-1997-05-25_mod.txt]",Flach behalten,kein Nachbar unter 100 km,behalten
harmonics_noaa_eutt.txt,"Onega River entrance, Russia",eutt-1717,136.6,nan,0,,,,,,"Port Kem, Russia [harmonics-1997-05-25_mod.txt]",Flach behalten,kein Nachbar unter 100 km,behalten
harmonics_noaa_eutt.txt,"Kii Island, Onega Bay, Russia",eutt-1719,138.9,nan,0,,,,,,"Port Kem, Russia [harmonics-1997-05-25_mod.txt]",Flach behalten,kein Nachbar unter 100 km,behalten
harmonics_noaa_eutt.txt,"Cape Gluboki, Russia",eutt-1721,140.3,nan,0,,,,,,"Port Kem, Russia [harmonics-1997-05-25_mod.txt]",Flach behalten,kein Nachbar unter 100 km,behalten
harmonics_noaa_eutt.txt,"Cape Chesmenski, Russia",eutt-1723,87.8,16.4,2,27.54,26.96,1.0,11.24,10.53,"Port Kem, Russia [harmonics-1997-05-25_mod.txt]",Flach behalten,Nachbarn und FES nicht beide fuer neu,behalten
harmonics_noaa_eutt.txt,"Pushlakhta Bay, Russia",eutt-1725,84.6,16.4,2,23.79,23.43,1.0,22.59,21.03,"Port Kem, Russia [harmonics-1997-05-25_mod.txt]",Flach behalten,Nachbarn und FES nicht beide fuer neu,behalten
harmonics_noaa_eutt.txt,"Cape Letni Orlov, Russia",eutt-1727,78.8,16.4,2,7.11,7.95,0.0,12.25,10.45,"Port Kem, Russia [harmonics-1997-05-25_mod.txt]",Flach behalten,Nachbarn und FES nicht beide fuer neu,behalten
harmonics_noaa_eutt.txt,"Muksalma Island, Russia",eutt-1729,57.3,16.4,2,12.11,12.71,0.0,11.85,12.38,"Port Kem, Russia [harmonics-1997-05-25_mod.txt]",Flach behalten,Nachbarn und FES nicht beide fuer neu,behalten
harmonics_noaa_eutt.txt,"Solovets Roads, Solovetski Island, Russia",eutt-1731,43.2,12.1,2,10.73,11.49,0.0,3.87,4.86,"Port Kem, Russia [harmonics-1997-05-25_mod.txt]",Flach behalten,Nachbarn und FES nicht beide fuer neu,behalten
harmonics_noaa_eutt.txt,"Sosnovaya Bay, Solovetski Island, Russia",eutt-1733,43.2,12.1,2,3.35,2.13,1.0,9.27,7.92,"Port Kem, Russia [harmonics-1997-05-25_mod.txt]",Flach behalten,Nachbarn 25-100 km (2) und FES,schreiben
harmonics_noaa_eutt.txt,"Anzerski Island, Russia",eutt-1735,68.5,16.4,2,6.23,7.25,0.0,2.46,3.87,"Port Kem, Russia [harmonics-1997-05-25_mod.txt]",Flach behalten,Nachbarn und FES nicht beide fuer neu,behalten
harmonics_noaa_eutt.txt,"Zhizhgin Island, Russia",eutt-1737,98.2,16.4,2,8.96,9.3,0.0,5.1,3.57,"Port Kem, Russia [harmonics-1997-05-25_mod.txt]",Flach behalten,Nachbarn und FES nicht beide fuer neu,behalten
harmonics_noaa_eutt.txt,"Lopshenga River entrance, Russia",eutt-1739,137.3,nan,0,,,,,,"Port Kem, Russia [harmonics-1997-05-25_mod.txt]",Flach behalten,kein Nachbar unter 100 km,behalten
harmonics_noaa_eutt.txt,"Unskaya Inlet, Russia",eutt-1741,100.7,nan,0,,,,,,"Port Kem, Russia [harmonics-1997-05-25_mod.txt]",Flach behalten,kein Nachbar unter 100 km,behalten
harmonics_noaa_eutt.txt,"Nikolskoi Bar, Russia",eutt-1743,33.9,12.1,1,28.0,26.3,1.0,11.04,10.79,"Port Kem, Russia [harmonics-1997-05-25_mod.txt]",Flach behalten,Nachbarn und FES nicht beide fuer neu,behalten
harmonics_noaa_eutt.txt,"Novo Dvina Fortress, Russia",eutt-1749,18.8,8.6,1,18.62,16.67,1.0,,,"Port Kem, Russia [harmonics-1997-05-25_mod.txt]",Flach behalten,Nachbarn sprechen nicht klar fuer neu,behalten
harmonics_noaa_eutt.txt,"Lapominka Island, Russia",eutt-1751,26.0,12.1,1,30.98,28.8,1.0,24.57,23.95,"Port Kem, Russia [harmonics-1997-05-25_mod.txt]",Flach behalten,Nachbarn und FES nicht beide fuer neu,behalten
harmonics_noaa_eutt.txt,"Mudyugskiy Island, Russia",eutt-1753,36.5,12.1,1,36.32,34.1,1.0,14.33,13.77,"Port Kem, Russia [harmonics-1997-05-25_mod.txt]",Flach behalten,Nachbarn und FES nicht beide fuer neu,behalten
harmonics_noaa_eutt.txt,"Berezovvy Bar, Russia",eutt-1755,43.2,12.1,1,29.12,26.92,1.0,15.12,14.27,"Port Kem, Russia [harmonics-1997-05-25_mod.txt]",Flach behalten,Nachbarn und FES nicht beide fuer neu,behalten
harmonics_noaa_eutt.txt,"Kuya River entrance, Russia",eutt-1757,63.8,16.4,1,39.04,36.26,1.0,13.99,12.26,"Port Kem, Russia [harmonics-1997-05-25_mod.txt]",Flach behalten,Nachbarn 25-100 km (1) und FES,schreiben
harmonics_noaa_eutt.txt,"Kerets Point, Russia",eutt-1759,95.4,16.4,1,62.25,58.18,1.0,27.98,24.72,"Port Kem, Russia [harmonics-1997-05-25_mod.txt]",Flach behalten,Nachbarn 25-100 km (1) und FES,schreiben
harmonics_noaa_eutt.txt,"Lisunov Point, Russia",eutt-1761,119.5,nan,0,,,,,,"Port Kem, Russia [harmonics-1997-05-25_mod.txt]",Flach behalten,kein Nachbar unter 100 km,behalten
harmonics_noaa_eutt.txt,"Bolshaya Tova River entrance, Russia",eutt-1763,139.0,nan,0,,,,,,"Port Kem, Russia [harmonics-1997-05-25_mod.txt]",Flach behalten,kein Nachbar unter 100 km,behalten
harmonics_noaa_eutt.txt,"Intsi Point, Russia",eutt-1765,161.8,nan,0,,,,,,"Port Kem, Russia [harmonics-1997-05-25_mod.txt]",Flach behalten,kein Nachbar unter 100 km,behalten
harmonics_noaa_eutt.txt,"Ruchi River entrance, Russia",eutt-1767,172.5,nan,0,,,,,,"Port Kem, Russia [harmonics-1997-05-25_mod.txt]",Flach behalten,kein Nachbar unter 100 km,behalten
harmonics_noaa_eutt.txt,"Megra River entrance, Russia",eutt-1769,187.3,nan,0,,,,,,"Port Kem, Russia [harmonics-1997-05-25_mod.txt]",Flach behalten,kein Nachbar unter 100 km,behalten
harmonics_noaa_eutt.txt,"Mayda River entrance, Russia",eutt-1771,211.1,nan,0,,,,,,"Port Kem, Russia [harmonics-1997-05-25_mod.txt]",Flach behalten,kein Nachbar unter 100 km,behalten
harmonics_noaa_eutt.txt,"Bolshaya Kedovaya River entrance, Russia",eutt-1773,231.5,nan,0,,,,,,"Port Kem, Russia [harmonics-1997-05-25_mod.txt]",Flach behalten,kein Nachbar unter 100 km,behalten
harmonics_noaa_eutt.txt,"Cape Voronov, Russia",eutt-1775,235.6,nan,0,,,,,,"Yekaterininskaya, Russia [harmonics-1997-05-25_mod.txt]",Flach behalten,kein Nachbar unter 100 km,behalten
harmonics_noaa_eutt.txt,"Morzhovetz Island, Russia",eutt-1777,261.9,nan,0,,,,,,"Yekaterininskaya, Russia [harmonics-1997-05-25_mod.txt]",Flach behalten,kein Nachbar unter 100 km,behalten
harmonics_noaa_eutt.txt,"Yurovati Point, Russia",eutt-1779,233.8,nan,0,,,,,,"Yekaterininskaya, Russia [harmonics-1997-05-25_mod.txt]",Flach behalten,kein Nachbar unter 100 km,behalten
harmonics_noaa_eutt.txt,"Cape Abramov, Russia",eutt-1781,245.6,nan,0,,,,,,"Yekaterininskaya, Russia [harmonics-1997-05-25_mod.txt]",Flach behalten,kein Nachbar unter 100 km,behalten
harmonics_noaa_eutt.txt,"Nerninski Point, Russia",eutt-1783,239.7,nan,0,,,,,,"Yekaterininskaya, Russia [harmonics-1997-05-25_mod.txt]",Flach behalten,kein Nachbar unter 100 km,behalten
harmonics_noaa_eutt.txt,"Kuloy River, Russia",eutt-1785,239.2,nan,0,,,,,,"Yekaterininskaya, Russia [harmonics-1997-05-25_mod.txt]",Flach behalten,kein Nachbar unter 100 km,behalten
harmonics_noaa_eutt.txt,"Semzha River mouth, Russia",eutt-1787,246.4,nan,0,,,,,,"Yekaterininskaya, Russia [harmonics-1997-05-25_mod.txt]",Flach behalten,kein Nachbar unter 100 km,behalten
harmonics_noaa_eutt.txt,"Piya River mouth, Mezen River, Russia",eutt-1789,238.4,nan,0,,,,,,"Yekaterininskaya, Russia [harmonics-1997-05-25_mod.txt]",Flach behalten,kein Nachbar unter 100 km,behalten
harmonics_noaa_eutt.txt,"Kamenka, Mezen River, Russia",eutt-1791,226.9,nan,0,,,,,,"Yekaterininskaya, Russia [harmonics-1997-05-25_mod.txt]",Flach behalten,kein Nachbar unter 100 km,behalten
harmonics_noaa_eutt.txt,"Cape Konushin, Russia",eutt-1793,330.6,nan,0,,,,,,"Yekaterininskaya, Russia [harmonics-1997-05-25_mod.txt]",Flach behalten,kein Nachbar unter 100 km,behalten
harmonics_noaa_eutt.txt,"Litke Bank, Russia",eutt-1795,312.9,nan,0,,,,,,"Yekaterininskaya, Russia [harmonics-1997-05-25_mod.txt]",Flach behalten,kein Nachbar unter 100 km,behalten
harmonics_noaa_eutt.txt,"Kiya River entrance, Russia",eutt-1797,384.5,nan,0,,,,,,"Yekaterininskaya, Russia [harmonics-1997-05-25_mod.txt]",Flach behalten,kein Nachbar unter 100 km,behalten
harmonics_noaa_eutt.txt,"Tarkhanovo, Russia",eutt-1799,415.4,nan,0,,,,,,"Yekaterininskaya, Russia [harmonics-1997-05-25_mod.txt]",Flach behalten,kein Nachbar unter 100 km,behalten
harmonics_noaa_eutt.txt,"Cape Kanin, Russia",eutt-1801,395.1,nan,0,,,,,,"Yekaterininskaya, Russia [harmonics-1997-05-25_mod.txt]",Flach behalten,kein Nachbar unter 100 km,behalten
harmonics_noaa_eutt.txt,"Kambalnitsa River entrance, Russia",eutt-1803,485.9,nan,0,,,,,,"Yekaterininskaya, Russia [harmonics-1997-05-25_mod.txt]",Flach behalten,kein Nachbar unter 100 km,behalten
harmonics_noaa_eutt.txt,"Indiga River entrance, Russia",eutt-1805,512.1,nan,0,,,,,,"Yekaterininskaya, Russia [harmonics-1997-05-25_mod.txt]",Flach behalten,kein Nachbar unter 100 km,behalten
harmonics_noaa_eutt.txt,"Bugrino, Kolguyev Island, Russia",eutt-1807,533.4,nan,0,,,,,,"Yekaterininskaya, Russia [harmonics-1997-05-25_mod.txt]",Flach behalten,kein Nachbar unter 100 km,behalten
harmonics_noaa_eutt.txt,"Russki Zavorot, Russia",eutt-1809,478.3,nan,0,,,,,,"Yekaterininskaya, Russia [harmonics-1997-05-25_mod.txt]",Flach behalten,kein Nachbar unter 100 km,behalten
harmonics_noaa_eutt.txt,"Gulyayevskiye Koshki, Russia",eutt-1811,478.5,nan,0,,,,,,"Yekaterininskaya, Russia [harmonics-1997-05-25_mod.txt]",Flach behalten,kein Nachbar unter 100 km,behalten
harmonics_noaa_eutt.txt,"Pyechora River bar, Russia",eutt-1813,511.8,nan,0,,,,,,"Yekaterininskaya, Russia [harmonics-1997-05-25_mod.txt]",Flach behalten,kein Nachbar unter 100 km,behalten
harmonics_noaa_eutt.txt,"Cape Bolvanski, Russia",eutt-1815,304.2,nan,0,,,,,,"Yekaterininskaya, Russia [harmonics-1997-05-25_mod.txt]",Flach behalten,kein Nachbar unter 100 km,behalten
harmonics_noaa_eutt.txt,"Zyelyony I., Pyechora River mouth, Russia",eutt-1817,522.6,nan,0,,,,,,"Yekaterininskaya, Russia [harmonics-1997-05-25_mod.txt]",Flach behalten,kein Nachbar unter 100 km,behalten
harmonics_noaa_eutt.txt,"Varandei Island, Russia",eutt-1819,360.2,nan,0,,,,,,"Yekaterininskaya, Russia [harmonics-1997-05-25_mod.txt]",Flach behalten,kein Nachbar unter 100 km,behalten
harmonics_noaa_eutt.txt,"Dolgoi Island, Russia",eutt-1821,303.1,nan,0,,,,,,"Yekaterininskaya, Russia [harmonics-1997-05-25_mod.txt]",Flach behalten,kein Nachbar unter 100 km,behalten
harmonics_noaa_eutt.txt,"Lyamchin Cape, Vaygach Island, Russia",eutt-1823,292.9,nan,0,,,,,,"Yekaterininskaya, Russia [harmonics-1997-05-25_mod.txt]",Flach behalten,kein Nachbar unter 100 km,behalten
harmonics_noaa_eutt.txt,"Petukhovski Strait, Russia",eutt-1825,296.5,nan,0,,,,,,"Yekaterininskaya, Russia [harmonics-1997-05-25_mod.txt]",Flach behalten,kein Nachbar unter 100 km,behalten
harmonics_noaa_eutt.txt,"Rakhmanova Inlet, Sakhanikha Bay, Russia",eutt-1827,290.3,nan,0,,,,,,"Yekaterininskaya, Russia [harmonics-1997-05-25_mod.txt]",Flach behalten,kein Nachbar unter 100 km,behalten
harmonics_noaa_eutt.txt,"Propashchaya Inlet, Russia",eutt-1829,256.0,nan,0,,,,,,"Yekaterininskaya, Russia [harmonics-1997-05-25_mod.txt]",Flach behalten,kein Nachbar unter 100 km,behalten
harmonics_noaa_eutt.txt,"Nekhvatovo River, Russia",eutt-1831,228.3,nan,0,,,,,,"Yekaterininskaya, Russia [harmonics-1997-05-25_mod.txt]",Flach behalten,kein Nachbar unter 100 km,behalten
harmonics_noaa_eutt.txt,"Byelushya Bay, Russia",eutt-1833,210.3,nan,0,,,,,,"Yekaterininskaya, Russia [harmonics-1997-05-25_mod.txt]",Flach behalten,kein Nachbar unter 100 km,behalten
harmonics_noaa_eutt.txt,"Malyye Karmakuly, Moller Bay, Russia",eutt-1835,115.8,nan,0,,,,,,"Yekaterininskaya, Russia [harmonics-1997-05-25_mod.txt]",Flach behalten,kein Nachbar unter 100 km,behalten
harmonics_noaa_eutt.txt,"Pukhovy Bay, Russia",eutt-1837,89.6,16.4,1,14.36,13.17,1.0,10.69,9.6,"Yekaterininskaya, Russia [harmonics-1997-05-25_mod.txt]",Flach behalten,Nachbarn 25-100 km (1) und FES,schreiben
harmonics_noaa_eutt.txt,"Matochkin Strait, west entrance, Russia",eutt-1839,9.3,9.2,1,19.65,17.74,1.0,,,"Yekaterininskaya, Russia [harmonics-1997-05-25_mod.txt]",Flach behalten,Nachbarn sprechen nicht klar fuer neu,behalten
harmonics_noaa_eutt.txt,"Lagernyy, Matochkin Strait, Russia",eutt-1841,9.7,9.2,1,8.23,7.97,1.0,,,"Yekaterininskaya, Russia [harmonics-1997-05-25_mod.txt]",Flach behalten,Nachbarn sprechen nicht klar fuer neu,behalten
harmonics_noaa_eutt.txt,"Uzki Point, Matochkin Strait, Russia",eutt-1843,27.2,12.1,2,21.38,21.05,0.5,5.48,6.03,"Yekaterininskaya, Russia [harmonics-1997-05-25_mod.txt]",Flach behalten,Nachbarn und FES nicht beide fuer neu,behalten
harmonics_noaa_eutt.txt,"Mityushikha Bay, Russia",eutt-1847,40.6,12.1,2,35.64,36.13,0.0,9.79,9.56,"Yekaterininskaya, Russia [harmonics-1997-05-25_mod.txt]",Flach behalten,Nachbarn und FES nicht beide fuer neu,behalten
harmonics_noaa_eutt.txt,"Krestovaya Bay, Russia",eutt-1849,96.2,16.4,1,8.43,8.18,1.0,7.42,6.94,"Yekaterininskaya, Russia [harmonics-1997-05-25_mod.txt]",Flach behalten,Nachbarn und FES nicht beide fuer neu,behalten
harmonics_noaa_eutt.txt,"Gorbovi Islands, Russia",eutt-1851,27.6,12.1,1,18.39,16.53,1.0,18.09,16.43,"Yekaterininskaya, Russia [harmonics-1997-05-25_mod.txt]",Flach behalten,Nachbarn 25-100 km (1) und FES,schreiben
harmonics_noaa_eutt.txt,"Cape Zhelaniya, Russia",eutt-1857,174.7,nan,0,,,,,,"Yekaterininskaya, Russia [harmonics-1997-05-25_mod.txt]",Flach behalten,kein Nachbar unter 100 km,behalten
harmonics_noaa_eutt.txt,"Blagopoluchiya Bay, Russia",eutt-1859,66.9,16.4,1,25.21,24.18,1.0,8.28,7.82,"Yekaterininskaya, Russia [harmonics-1997-05-25_mod.txt]",Flach behalten,Nachbarn und FES nicht beide fuer neu,behalten
harmonics_noaa_eutt.txt,"Kamenka Bay, Russia",eutt-1861,294.9,nan,0,,,,,,"Yekaterininskaya, Russia [harmonics-1997-05-25_mod.txt]",Flach behalten,kein Nachbar unter 100 km,behalten
harmonics_noaa_eutt.txt,"Bolshoi Loginov Island, Russia",eutt-1863,305.9,nan,0,,,,,,"Yekaterininskaya, Russia [harmonics-1997-05-25_mod.txt]",Flach behalten,kein Nachbar unter 100 km,behalten
harmonics_noaa_eutt.txt,"Kusova Zemlya Island, Russia",eutt-1865,306.6,nan,0,,,,,,"Yekaterininskaya, Russia [harmonics-1997-05-25_mod.txt]",Flach behalten,kein Nachbar unter 100 km,behalten
harmonics_noaa_eutt.txt,"Bolvanski Point, Vaigach Island, Russia",eutt-1867,303.6,nan,0,,,,,,"Yekaterininskaya, Russia [harmonics-1997-05-25_mod.txt]",Flach behalten,kein Nachbar unter 100 km,behalten
harmonics_noaa_eutt.txt,"Bolshaya Voronov I., Vaigach Island, Russia",eutt-1869,321.4,nan,0,,,,,,"Yekaterininskaya, Russia [harmonics-1997-05-25_mod.txt]",Flach behalten,kein Nachbar unter 100 km,behalten
harmonics_noaa_eutt.txt,"Dolgaya Bay, Vaigach Island, Russia",eutt-1871,321.8,nan,0,,,,,,"Yekaterininskaya, Russia [harmonics-1997-05-25_mod.txt]",Flach behalten,kein Nachbar unter 100 km,behalten
harmonics_noaa_eutt.txt,"Varneka Bay, Russia",eutt-1873,260.2,nan,0,,,,,,"Yekaterininskaya, Russia [harmonics-1997-05-25_mod.txt]",Flach behalten,kein Nachbar unter 100 km,behalten
harmonics_noaa_eutt.txt,"Khabarovo, Russia",eutt-1875,246.4,nan,0,,,,,,"Yekaterininskaya, Russia [harmonics-1997-05-25_mod.txt]",Flach behalten,kein Nachbar unter 100 km,behalten
harmonics_noaa_eutt.txt,"Sokoli Island, Russia",eutt-1877,232.8,nan,0,,,,,,"Yekaterininskaya, Russia [harmonics-1997-05-25_mod.txt]",Flach behalten,kein Nachbar unter 100 km,behalten
harmonics_noaa_eutt.txt,"Mestnyy Island, Russia",eutt-1879,215.6,nan,0,,,,,,"Yekaterininskaya, Russia [harmonics-1997-05-25_mod.txt]",Flach behalten,kein Nachbar unter 100 km,behalten
harmonics_noaa_eutt.txt,"Karskaya Bay, Russia",eutt-1881,88.8,16.4,1,23.34,21.12,1.0,8.08,8.13,"Yekaterininskaya, Russia [harmonics-1997-05-25_mod.txt]",Flach behalten,Nachbarn und FES nicht beide fuer neu,behalten
harmonics_noaa_eutt.txt,"Cape Morrasale, Russia",eutt-1883,11.2,8.6,1,13.76,18.51,0.0,,,"Yekaterininskaya, Russia [harmonics-1997-05-25_mod.txt]",Flach behalten,Nachbarn sprechen nicht klar fuer neu,behalten
harmonics_noaa_eutt.txt,"Payndte River mouth, Russia",eutt-1885,89.2,16.4,1,21.84,31.3,0.0,16.45,9.19,"Yekaterininskaya, Russia [harmonics-1997-05-25_mod.txt]",Flach behalten,Nachbarn und FES nicht beide fuer neu,behalten
harmonics_noaa_eutt.txt,"Cape Ragozina, Belyy Island, Russia",eutt-1887,6.2,9.2,1,18.34,19.17,0.0,,,"Yekaterininskaya, Russia [harmonics-1997-05-25_mod.txt]",Flach behalten,Nachbarn sprechen nicht klar fuer neu,behalten
harmonics_noaa_eutt.txt,"Cape Drovyanoy, Yamal Peninsula, Russia",eutt-1889,87.6,16.4,1,20.57,24.56,0.0,34.49,15.38,"Yekaterininskaya, Russia [harmonics-1997-05-25_mod.txt]",Flach behalten,Nachbarn und FES nicht beide fuer neu,behalten
harmonics_noaa_eutt.txt,"Khampyl-Yaga River mouth, Russia",eutt-1897,80.1,16.4,2,20.83,22.38,0.5,33.99,15.18,"Yekaterininskaya, Russia [harmonics-1997-05-25_mod.txt]",Flach behalten,Nachbarn und FES nicht beide fuer neu,behalten
harmonics_noaa_eutt.txt,"Novyy Port, Obskaya Gulf, Russia",eutt-1901,96.7,16.4,1,46.32,39.75,1.0,61.55,42.61,"Yekaterininskaya, Russia [harmonics-1997-05-25_mod.txt]",Flach behalten,Nachbarn 25-100 km (1) und FES,schreiben
harmonics_noaa_eutt.txt,"Cape Yamsale, Russia",eutt-1903,194.0,nan,0,,,,,,"Yekaterininskaya, Russia [harmonics-1997-05-25_mod.txt]",Flach behalten,kein Nachbar unter 100 km,behalten
harmonics_noaa_eutt.txt,"Shirokaya River mouth, Russia",eutt-1905,98.2,16.4,1,26.19,10.09,1.0,43.51,22.47,"Yekaterininskaya, Russia [harmonics-1997-05-25_mod.txt]",Flach behalten,Nachbarn 25-100 km (1) und FES,schreiben
harmonics_noaa_eutt.txt,"Oleniy Island, Russia",eutt-1909,102.3,nan,0,,,,,,"Yekaterininskaya, Russia [harmonics-1997-05-25_mod.txt]",Flach behalten,kein Nachbar unter 100 km,behalten
harmonics_noaa_eutt.txt,"Cape Daleki, Russia",eutt-1911,28.0,12.1,1,7.42,14.45,0.0,17.11,16.77,"Yekaterininskaya, Russia [harmonics-1997-05-25_mod.txt]",Flach behalten,Nachbarn und FES nicht beide fuer neu,behalten
harmonics_noaa_eutt.txt,"Cape Minina, Russia",eutt-1913,62.2,16.4,1,21.22,8.99,1.0,30.57,14.87,"Yekaterininskaya, Russia [harmonics-1997-05-25_mod.txt]",Flach behalten,Nachbarn 25-100 km (1) und FES,schreiben
harmonics_noaa_eutt.txt,"Cape Chernyy, Russia",eutt-1915,139.8,nan,0,,,,,,"Yekaterininskaya, Russia [harmonics-1997-05-25_mod.txt]",Flach behalten,kein Nachbar unter 100 km,behalten
harmonics_noaa_eutt.txt,"Cape Leskina, Russia",eutt-1917,123.8,nan,0,,,,,,"Yekaterininskaya, Russia [harmonics-1997-05-25_mod.txt]",Flach behalten,kein Nachbar unter 100 km,behalten
harmonics_noaa_eutt.txt,"Korsakovskiye Islands, Russia",eutt-1919,72.0,16.4,1,17.13,16.97,1.0,14.4,13.04,"Yekaterininskaya, Russia [harmonics-1997-05-25_mod.txt]",Flach behalten,Nachbarn und FES nicht beide fuer neu,behalten
harmonics_noaa_eutt.txt,"Olginski Sand, Yenisey River, Russia",eutt-1921,25.3,12.1,1,14.51,13.52,1.0,27.08,24.63,"Yekaterininskaya, Russia [harmonics-1997-05-25_mod.txt]",Flach behalten,Nachbarn und FES nicht beide fuer neu,behalten
harmonics_noaa_eutt.txt,"Cape Sopochnaya Korga, Yenisey Gulf, Russia",eutt-1923,5.6,9.2,1,11.88,11.43,1.0,,,"Yekaterininskaya, Russia [harmonics-1997-05-25_mod.txt]",Flach behalten,Nachbarn sprechen nicht klar fuer neu,behalten
harmonics_noaa_eutt.txt,"Golchikha, Yenisey River, Russia",eutt-1925,27.3,12.1,2,29.15,28.33,1.0,29.23,27.53,"Yekaterininskaya, Russia [harmonics-1997-05-25_mod.txt]",Flach behalten,Nachbarn und FES nicht beide fuer neu,behalten
harmonics_noaa_eutt.txt,"Cape Efremov-Kamen, Russia",eutt-1929,37.2,12.1,1,24.43,23.82,1.0,19.53,17.68,"Yekaterininskaya, Russia [harmonics-1997-05-25_mod.txt]",Flach behalten,Nachbarn und FES nicht beide fuer neu,behalten
harmonics_noaa_eutt.txt,"Rastorguyeva Island, Russia",eutt-1933,125.7,nan,0,,,,,,"Yekaterininskaya, Russia [harmonics-1997-05-25_mod.txt]",Flach behalten,kein Nachbar unter 100 km,behalten
harmonics_noaa_eutt.txt,"Cape Zveroboi, Russia",eutt-1935,164.6,nan,0,,,,,,"Yekaterininskaya, Russia [harmonics-1997-05-25_mod.txt]",Flach behalten,kein Nachbar unter 100 km,behalten
harmonics_noaa_eutt.txt,"Pyasina River entrance, Russia",eutt-1937,174.0,nan,0,,,,,,"Yekaterininskaya, Russia [harmonics-1997-05-25_mod.txt]",Flach behalten,kein Nachbar unter 100 km,behalten
harmonics_noaa_eutt.txt,"Rybnyye Islands, Russia",eutt-1939,182.0,nan,0,,,,,,"Yekaterininskaya, Russia [harmonics-1997-05-25_mod.txt]",Flach behalten,kein Nachbar unter 100 km,behalten
harmonics_noaa_eutt.txt,"Sev. (North) Plavikovy Island, Russia",eutt-1941,180.5,nan,0,,,,,,"Yekaterininskaya, Russia [harmonics-1997-05-25_mod.txt]",Flach behalten,kein Nachbar unter 100 km,behalten
harmonics_noaa_eutt.txt,"Cape Sterlegova, Russia",eutt-1943,187.9,nan,0,,,,,,"Yekaterininskaya, Russia [harmonics-1997-05-25_mod.txt]",Flach behalten,kein Nachbar unter 100 km,behalten
harmonics_noaa_eutt.txt,"Uyedineniya Island, Russia",eutt-1949,297.2,nan,0,,,,,,"Yekaterininskaya, Russia [harmonics-1997-05-25_mod.txt]",Flach behalten,kein Nachbar unter 100 km,behalten
harmonics_noaa_eutt.txt,"Vize Island, Russia",eutt-1951,288.3,nan,0,,,,,,"Yekaterininskaya, Russia [harmonics-1997-05-25_mod.txt]",Flach behalten,kein Nachbar unter 100 km,behalten
harmonics_noaa_eutt.txt,"Bear Island, Barents Sea, Svalbard",eutt-1957,425.4,nan,0,,,,,,"Bergen, Norway [harmonics_ticon4_worldwide.txt]",Flach behalten,kein Nachbar unter 100 km,behalten
harmonics_noaa_eutt.txt,"Magdalenefjord, Vestspitsbergen, Svalbard",eutt-1961,69.7,16.4,2,9.3,9.43,0.0,3.88,4.33,"Bergen, Norway [harmonics_ticon4_worldwide.txt]",Flach behalten,Nachbarn und FES nicht beide fuer neu,behalten
harmonics_noaa_eutt.txt,"Sorgfjord, Vestspitsbergen, Svalbard",eutt-1963,146.0,nan,0,,,,,,"Bergen, Norway [harmonics_ticon4_worldwide.txt]",Flach behalten,kein Nachbar unter 100 km,behalten
harmonics_noaa_amtt.txt,"Princess Royal Islands, Northwest Territories, Canada",ectt-1,101.3,nan,0,,,,,,"Hampton Roads, Virginia [harmonics-2004-06-14_mod.txt]",Flach behalten,kein Nachbar unter 100 km,behalten
harmonics_noaa_amtt.txt,"Mercy Bay, Banks Island, Northwest Territories, Canada",ectt-3,134.5,nan,0,,,,,,"Hampton Roads, Virginia [harmonics-2004-06-14_mod.txt]",Flach behalten,kein Nachbar unter 100 km,behalten
harmonics_noaa_amtt.txt,"Bridport Inlet, Melville Island, Nunavut, Canada",ectt-7,22.7,8.6,1,12.49,9.84,1.0,,,"Hampton Roads, Virginia [harmonics-2004-06-14_mod.txt]",Flach behalten,Nachbarn sprechen nicht klar fuer neu,behalten
harmonics_noaa_amtt.txt,"Byam Martin Island, Nunavut, Canada",ectt-9,25.0,8.6,1,15.68,14.06,1.0,,,"Hampton Roads, Virginia [harmonics-2004-06-14_mod.txt]",Flach behalten,Nachbarn sprechen nicht klar fuer neu,behalten
harmonics_noaa_amtt.txt,"Port Bowen, Prince Regent Inlet, Nunavut, Canada",ectt-19,6.6,9.2,1,3.82,4.35,0.0,,,"Harrington Harbour, Québec, Canada [harmonics_utide_tidetables.txt]",Flach behalten,Nachbarn sprechen nicht klar fuer neu,behalten
harmonics_noaa_amtt.txt,"Assistance Bay, Barrow Strait, Nunavut, Canada",ectt-25,19.7,8.6,2,4.37,4.47,0.0,,,"Harrington Harbour, Québec, Canada [harmonics_utide_tidetables.txt]",Flach behalten,Nachbarn sprechen nicht klar fuer neu,behalten
harmonics_noaa_amtt.txt,"Griffith Island, Barrow Strait, Nunavut, Canada",ectt-27,20.7,8.6,2,5.18,5.42,0.0,,,"Harrington Harbour, Québec, Canada [harmonics_utide_tidetables.txt]",Flach behalten,Nachbarn sprechen nicht klar fuer neu,behalten
harmonics_noaa_amtt.txt,"Refuge Cove, Wellington Channel, Nunavut, Canada",ectt-29,89.3,16.4,2,5.24,5.25,0.5,5.07,4.73,"Harrington Harbour, Québec, Canada [harmonics_utide_tidetables.txt]",Flach behalten,Nachbarn und FES nicht beide fuer neu,behalten
harmonics_noaa_amtt.txt,"Penny Strait, Nunavut, Canada",ectt-31,7.6,9.2,4,9.28,8.94,0.75,,,"Harrington Harbour, Québec, Canada [harmonics_utide_tidetables.txt]",Flach behalten,Nachbarn sprechen nicht klar fuer neu,behalten
harmonics_noaa_amtt.txt,"Cape Bryant, North Greenland, Greenland",ectt-39,5.7,9.2,1,15.6,17.36,0.0,,,"Hampton Roads, Virginia [harmonics-2004-06-14_mod.txt]",Flach behalten,Nachbarn sprechen nicht klar fuer neu,behalten
harmonics_noaa_amtt.txt,"Myggbukta, Foster Bay, Greenland",ectt-51,58.9,16.4,1,11.08,10.6,1.0,20.22,19.26,"Harrington Harbour, Québec, Canada [harmonics_utide_tidetables.txt]",Flach behalten,Nachbarn und FES nicht beide fuer neu,behalten
harmonics_noaa_amtt.txt,"Blomsterbugten, Greenland",ectt-53,147.6,nan,0,,,,,,"Harrington Harbour, Québec, Canada [harmonics_utide_tidetables.txt]",Flach behalten,kein Nachbar unter 100 km,behalten
harmonics_noaa_amtt.txt,"Angmagssalik (Kulusuk), Greenland",ectt-57,21.9,8.6,1,5.3,4.91,1.0,,,"Harrington Harbour, Québec, Canada [harmonics_utide_tidetables.txt]",Flach behalten,Nachbarn sprechen nicht klar fuer neu,behalten
harmonics_noaa_amtt.txt,"Camp Lloyd, Søndre Strømfjord, Greenland",ectt-79,118.7,nan,0,,,,,,"Argentia, Newfoundland, Canada [harmonics_utide_tidetables.txt]",Flach behalten,kein Nachbar unter 100 km,behalten
harmonics_noaa_amtt.txt,"Camp Michigan, Maligiak Fjord, Greenland",ectt-83,46.2,12.1,1,4.67,5.3,0.0,4.94,5.61,"Argentia, Newfoundland, Canada [harmonics_utide_tidetables.txt]",Flach behalten,Nachbarn und FES nicht beide fuer neu,behalten
harmonics_noaa_amtt.txt,"Aningaq, Rifkol, Greenland",ectt-85,96.4,16.4,1,6.88,5.75,1.0,5.83,5.44,"Harrington Harbour, Québec, Canada [harmonics_utide_tidetables.txt]",Flach behalten,Nachbarn und FES nicht beide fuer neu,behalten
harmonics_noaa_amtt.txt,"Nunarssuaq, Kronprinsens Ejlanden, Greenland",ectt-87,30.4,12.1,3,8.11,7.93,0.67,9.5,9.34,"Harrington Harbour, Québec, Canada [harmonics_utide_tidetables.txt]",Flach behalten,Nachbarn und FES nicht beide fuer neu,behalten
harmonics_noaa_amtt.txt,"Ingnerit, Umanak Fjord, Greenland",ectt-91,197.7,nan,0,,,,,,"Harrington Harbour, Québec, Canada [harmonics_utide_tidetables.txt]",Flach behalten,kein Nachbar unter 100 km,behalten
harmonics_noaa_amtt.txt,"Payer Harbour, Cape Sabine, Nunavut, Canada",ectt-105,7.3,9.2,1,6.76,7.26,0.0,,,"Halifax, Nova Scotia, Canada [harmonics_utide_tidetables.txt]",Flach behalten,Nachbarn sprechen nicht klar fuer neu,behalten
harmonics_noaa_amtt.txt,"Cape Adair, Nunavut, Canada",ectt-107,77.9,16.4,1,39.57,33.71,1.0,33.38,28.35,"Halifax, Nova Scotia, Canada [harmonics_utide_tidetables.txt]",Flach behalten,Nachbarn 25-100 km (1) und FES,schreiben
harmonics_noaa_amtt.txt,"Cape Hewett, Nunavut, Canada",ectt-109,32.2,12.1,3,55.29,49.22,1.0,44.14,38.61,"Halifax, Nova Scotia, Canada [harmonics_utide_tidetables.txt]",Flach behalten,Nachbarn 25-100 km (3) und FES,schreiben
harmonics_noaa_amtt.txt,"Cape Hooper, Baffin Island, Nunavut, Canada",ectt-111,9.3,9.2,1,7.45,7.88,0.0,,,"Pictou, Nova Scotia, Canada [harmonics_ticon4_worldwide.txt]",Flach behalten,Nachbarn sprechen nicht klar fuer neu,behalten
harmonics_noaa_amtt.txt,"Lower Savage Islands, Nunavut, Canada",ectt-125,61.2,16.4,2,34.45,25.38,1.0,34.47,26.02,"Pictou, Nova Scotia, Canada [harmonics_ticon4_worldwide.txt]",Flach behalten,Nachbarn 25-100 km (2) und FES,schreiben
harmonics_noaa_amtt.txt,"Winter Island, Foxe Basin, Nunavut, Canada",ectt-131,118.3,nan,0,,,,,,"Pictou, Nova Scotia, Canada [harmonics_ticon4_worldwide.txt]",Flach behalten,kein Nachbar unter 100 km,behalten
harmonics_noaa_amtt.txt,"Digges Harbour, Québec, Canada",ectt-147,11.1,8.6,3,47.32,46.15,1.0,,,"Lauzon, Québec, Canada [harmonics_utide_tidetables.txt]",Flach behalten,Nachbarn bis 25 km (3),schreiben
harmonics_noaa_amtt.txt,"Wakeham Bay, Québec, Canada",ectt-151,12.3,8.6,2,55.11,53.63,1.0,,,"Lauzon, Québec, Canada [harmonics_utide_tidetables.txt]",Flach behalten,Nachbarn bis 25 km (2),schreiben
harmonics_noaa_amtt.txt,"Leaf Bay, Ungava Bay, Québec, Canada",ectt-159,52.1,16.4,6,48.82,47.42,1.0,54.96,53.07,"Lauzon, Québec, Canada [harmonics_utide_tidetables.txt]",Flach behalten,Nachbarn 25-100 km (6) und FES,schreiben
harmonics_noaa_amtt.txt,"Button Islands, Nunavut, Canada",ectt-167,22.9,8.6,1,40.49,43.0,0.0,,,"Lauzon, Québec, Canada [harmonics_utide_tidetables.txt]",Flach behalten,Nachbarn sprechen nicht klar fuer neu,behalten
harmonics_noaa_amtt.txt,"Eclipse Harbour, Labrador, Canada",ectt-171,11.8,8.6,1,7.39,10.19,0.0,,,"Halifax, Nova Scotia, Canada [harmonics_utide_tidetables.txt]",Flach behalten,Nachbarn sprechen nicht klar fuer neu,behalten
harmonics_noaa_amtt.txt,"Kangalaksiorvik Fiord, Labrador, Canada",ectt-173,5.4,9.2,1,9.34,6.21,1.0,,,"Halifax, Nova Scotia, Canada [harmonics_utide_tidetables.txt]",Flach behalten,ein Nachbar unter 10 km,schreiben
harmonics_noaa_amtt.txt,"Nachvak Bay, Labrador, Canada",ectt-175,41.6,12.1,3,7.59,9.27,0.33,11.96,8.21,"Halifax, Nova Scotia, Canada [harmonics_utide_tidetables.txt]",Flach behalten,Nachbarn und FES nicht beide fuer neu,behalten
harmonics_noaa_amtt.txt,"Webeck Harbour, Labrador, Canada",ectt-185,18.1,8.6,2,5.46,7.35,0.0,,,"Halifax, Nova Scotia, Canada [harmonics_utide_tidetables.txt]",Flach behalten,Nachbarn sprechen nicht klar fuer neu,behalten
harmonics_noaa_amtt.txt,"Curlew Harbour, Labrador, Canada",ectt-197,31.4,12.1,6,14.91,8.84,0.67,11.97,6.16,"Halifax, Nova Scotia, Canada [harmonics_utide_tidetables.txt]",Flach behalten,Nachbarn 25-100 km (6) und FES,schreiben
harmonics_noaa_amtt.txt,"Comfort Bight, Labrador, Canada",ectt-199,11.2,8.6,2,10.82,6.9,1.0,,,"Halifax, Nova Scotia, Canada [harmonics_utide_tidetables.txt]",Flach behalten,Nachbarn bis 25 km (2),schreiben
harmonics_noaa_amtt.txt,"Forteau Bay, Labrador, Canada",ectt-211,5.3,9.2,6,7.51,6.48,0.83,,,"Harrington Harbour, Québec, Canada [harmonics_utide_tidetables.txt]",Flach behalten,Nachbarn bis 25 km (6),schreiben
harmonics_noaa_amtt.txt,"Pistolet Bay, Newfoundland, Canada",ectt-213,13.6,8.6,6,13.52,8.65,1.0,,,"Halifax, Nova Scotia, Canada [harmonics_utide_tidetables.txt]",Flach behalten,Nachbarn bis 25 km (6),schreiben
harmonics_noaa_amtt.txt,"Ariege Bay, Newfoundland, Canada",ectt-215,19.2,8.6,1,16.58,10.75,1.0,,,"Halifax, Nova Scotia, Canada [harmonics_utide_tidetables.txt]",Flach behalten,Nachbarn sprechen nicht klar fuer neu,behalten
harmonics_noaa_amtt.txt,"Wild Cove, Newfoundland, Canada",ectt-217,5.5,9.2,1,13.26,8.56,1.0,,,"Halifax, Nova Scotia, Canada [harmonics_utide_tidetables.txt]",Flach behalten,ein Nachbar unter 10 km,schreiben
harmonics_noaa_amtt.txt,"Random Head Harbour, Trinity Bay, Newfoundland, Canada",ectt-229,13.1,8.6,3,7.52,7.12,0.67,,,"Halifax, Nova Scotia, Canada [harmonics_utide_tidetables.txt]",Flach behalten,Nachbarn sprechen nicht klar fuer neu,behalten
harmonics_noaa_amtt.txt,"Connoire Bay, Newfoundland, Canada",ectt-261,12.3,8.6,4,4.09,5.3,0.0,,,"Argentia, Newfoundland, Canada [harmonics_utide_tidetables.txt]",Flach behalten,Nachbarn sprechen nicht klar fuer neu,behalten
harmonics_noaa_amtt.txt,"Codroy Road, Newfoundland, Canada",ectt-267,36.4,12.1,6,5.83,4.58,1.0,5.32,6.61,"Harrington Harbour, Québec, Canada [harmonics_utide_tidetables.txt]",Flach behalten,Nachbarn und FES nicht beide fuer neu,behalten
harmonics_noaa_amtt.txt,"Port-au-Port, Newfoundland, Canada",ectt-271,16.6,8.6,4,12.25,7.17,1.0,,,"Harrington Harbour, Québec, Canada [harmonics_utide_tidetables.txt]",Flach behalten,Nachbarn bis 25 km (4),schreiben
harmonics_noaa_amtt.txt,"Portland Cove, Newfoundland, Canada",ectt-277,32.5,12.1,6,6.71,3.0,1.0,4.97,2.07,"Harrington Harbour, Québec, Canada [harmonics_utide_tidetables.txt]",Flach behalten,Nachbarn 25-100 km (6) und FES,schreiben
harmonics_noaa_amtt.txt,"Castors Harbour, St. John Bay, Newfoundland, Canada",ectt-281,12.3,8.6,2,5.09,3.66,1.0,,,"Harrington Harbour, Québec, Canada [harmonics_utide_tidetables.txt]",Flach behalten,Nachbarn bis 25 km (2),schreiben
harmonics_noaa_amtt.txt,"Mistanoque Harbour, Québec, Canada",ectt-287,25.4,12.1,6,3.43,2.85,1.0,2.3,2.52,"Harrington Harbour, Québec, Canada [harmonics_utide_tidetables.txt]",Flach behalten,Nachbarn und FES nicht beide fuer neu,behalten
harmonics_noaa_amtt.txt,"Betchewun Harbour, Québec, Canada",ectt-297,27.1,12.1,6,10.88,10.21,1.0,6.59,5.88,"Harrington Harbour, Québec, Canada [harmonics_utide_tidetables.txt]",Flach behalten,Nachbarn und FES nicht beide fuer neu,behalten
harmonics_noaa_amtt.txt,"Moisie Bay, Québec, Canada",ectt-309,21.5,8.6,2,5.38,5.57,0.0,,,"Harrington Harbour, Québec, Canada [harmonics_utide_tidetables.txt]",Flach behalten,Nachbarn sprechen nicht klar fuer neu,behalten
harmonics_noaa_amtt.txt,"Cawee Islands, Québec, Canada",ectt-313,26.9,12.1,6,5.83,5.78,0.67,6.05,5.91,"Harrington Harbour, Québec, Canada [harmonics_utide_tidetables.txt]",Flach behalten,Nachbarn und FES nicht beide fuer neu,behalten
harmonics_noaa_amtt.txt,"Pointe des Monts, Québec, Canada",ectt-319,11.4,8.6,2,7.22,6.56,1.0,,,"Harrington Harbour, Québec, Canada [harmonics_utide_tidetables.txt]",Flach behalten,Nachbarn sprechen nicht klar fuer neu,behalten
harmonics_noaa_amtt.txt,"Métis-sur-Mer, Québec, Canada",ectt-323,10.8,8.6,1,6.33,5.9,1.0,,,"Harrington Harbour, Québec, Canada [harmonics_utide_tidetables.txt]",Flach behalten,Nachbarn sprechen nicht klar fuer neu,behalten
harmonics_noaa_amtt.txt,"Cape Bear, Prince Edward Island, Canada",ectt-425,5.7,9.2,6,5.3,3.48,0.83,,,"Pictou, Nova Scotia, Canada [harmonics_ticon4_worldwide.txt]",Flach weg,Nachbarn bis 25 km (6),schreiben
harmonics_noaa_amtt.txt,"Mabou River entrance, Nova Scotia, Canada",ectt-451,10.0,8.6,1,7.3,6.76,1.0,,,"Pictou, Nova Scotia, Canada [harmonics_ticon4_worldwide.txt]",Flach weg,Nachbarn sprechen nicht klar fuer neu,behalten
harmonics_noaa_amtt.txt,"St. Anns Harbour, Nova Scotia, Canada",ectt-459,5.3,9.2,6,52.07,43.51,1.0,,,"Pictou, Nova Scotia, Canada [harmonics_ticon4_worldwide.txt]",Flach weg,Nachbarn bis 25 km (6),schreiben
harmonics_noaa_amtt.txt,"Glace Bay, Nova Scotia, Canada",ectt-463,22.8,8.6,1,8.76,7.3,1.0,,,"Pictou, Nova Scotia, Canada [harmonics_ticon4_worldwide.txt]",Flach behalten,Nachbarn sprechen nicht klar fuer neu,behalten
harmonics_noaa_amtt.txt,"Gabarus Cove, Nova Scotia, Canada",ectt-467,16.0,8.6,3,10.69,9.24,1.0,,,"Halifax, Nova Scotia, Canada [harmonics_utide_tidetables.txt]",Flach behalten,Nachbarn bis 25 km (3),schreiben
harmonics_noaa_amtt.txt,"Sable Island, north side, Nova Scotia, Canada",ectt-495,25.3,12.1,3,6.51,8.37,0.33,6.01,8.09,"Halifax, Nova Scotia, Canada [harmonics_utide_tidetables.txt]",Flach behalten,Nachbarn und FES nicht beide fuer neu,behalten
harmonics_noaa_amtt.txt,"Sable Island, south side, Nova Scotia, Canada",ectt-497,9.8,9.2,1,7.91,7.01,1.0,,,"Halifax, Nova Scotia, Canada [harmonics_utide_tidetables.txt]",Flach behalten,Nachbarn sprechen nicht klar fuer neu,behalten
harmonics_noaa_amtt.txt,"Prospect Harbor, Maine",ectt-623,14.0,8.6,3,2.42,1.33,1.0,,,"Portland, Casco Bay, Maine [harmonics-dwf-20251228-free.txt]",Flach behalten,Nachbarn bis 25 km (3),schreiben
harmonics_noaa_amtt.txt,"Cape Hatteras, North Carolina",ectt-2415,10.8,8.6,5,22.18,18.34,1.0,,,"Cape Hatteras (fishing pier), North Carolina [harmonics-dwf-20251228-free.txt]",Flach behalten,Nachbarn bis 25 km (5),schreiben
harmonics_noaa_amtt.txt,"Castle Hayne, Northeast River, North Carolina",ectt-2507,10.2,8.6,6,28.56,28.23,1.0,,,"Wilmington, North Carolina [harmonics-dwf-20251228-free.txt]",Flach behalten,Nachbarn sprechen nicht klar fuer neu,behalten
harmonics_noaa_amtt.txt,"Cape Romain, South Carolina",ectt-2659,15.3,8.6,2,10.92,9.55,1.0,,,"Charleston, Cooper River entrance, South Carolina [harmonics-dwf-20251228-free.txt]",Flach behalten,Nachbarn bis 25 km (2),schreiben
harmonics_noaa_amtt.txt,"Cape Romain, 46 miles east of, South Carolina",ectt-2661,73.2,16.4,6,20.96,19.44,0.67,8.33,7.42,"Charleston, Cooper River entrance, South Carolina [harmonics-dwf-20251228-free.txt]",Flach behalten,Nachbarn und FES nicht beide fuer neu,behalten
harmonics_noaa_amtt.txt,"Jack Creek entrance, South Carolina",ectt-2673,12.1,8.6,4,7.36,6.53,1.0,,,"Charleston, Cooper River entrance, South Carolina [harmonics-dwf-20251228-free.txt]",Flach behalten,Nachbarn sprechen nicht klar fuer neu,behalten
harmonics_noaa_amtt.txt,"Wharf Creek entrance, South Carolina",ectt-2675,10.7,8.6,4,5.76,4.74,1.0,,,"Charleston, Cooper River entrance, South Carolina [harmonics-dwf-20251228-free.txt]",Flach behalten,Nachbarn bis 25 km (4),schreiben
harmonics_noaa_amtt.txt,"Folly Island (outer coast), South Carolina",ectt-2779,7.5,9.2,6,13.07,13.05,0.83,,,"Charleston, Cooper River entrance, South Carolina [harmonics-dwf-20251228-free.txt]",Flach behalten,Nachbarn sprechen nicht klar fuer neu,behalten
harmonics_noaa_amtt.txt,"Burnt Fort, Florida",ectt-3197,28.9,12.1,6,32.42,31.35,1.0,35.64,34.44,"Fernandina Beach, Amelia River, Florida [harmonics-dwf-20251228-free.txt]",Flach behalten,Nachbarn 25-100 km (6) und FES,schreiben
harmonics_noaa_amtt.txt,"Cape Sable, East Cape, Florida",ectt-3975,41.4,12.1,6,47.48,43.72,1.0,22.57,19.61,"Naples, Florida [harmonics-dwf-20251228-free.txt]",Flach behalten,Nachbarn 25-100 km (6) und FES,schreiben
harmonics_noaa_amtt.txt,"Shark River entrance, Florida",ectt-3977,66.7,16.4,6,60.59,55.22,1.0,6.74,5.96,"Naples, Florida [harmonics-dwf-20251228-free.txt]",Flach behalten,Nachbarn und FES nicht beide fuer neu,behalten
harmonics_noaa_amtt.txt,"Lostmans River entrance, Florida",ectt-3981,51.4,16.4,6,15.03,12.58,1.0,5.73,5.71,"Naples, Florida [harmonics-dwf-20251228-free.txt]",Flach behalten,Nachbarn und FES nicht beide fuer neu,behalten
harmonics_noaa_amtt.txt,"Chatham River entrance, Florida",ectt-3985,36.2,12.1,6,17.08,14.56,1.0,5.98,5.28,"Naples, Florida [harmonics-dwf-20251228-free.txt]",Flach behalten,Nachbarn und FES nicht beide fuer neu,behalten
harmonics_noaa_amtt.txt,"Indian Key, Florida",ectt-3991,14.0,8.6,2,8.65,7.09,1.0,,,"Naples, Florida [harmonics-dwf-20251228-free.txt]",Flach behalten,Nachbarn bis 25 km (2),schreiben
harmonics_noaa_amtt.txt,"Cortez, Sarasota Bay, Florida",ectt-4091,15.7,8.6,6,12.91,12.52,0.5,,,"St. Petersburg, Tampa Bay, Florida [harmonics-dwf-20251228-free.txt]",Flach behalten,Nachbarn sprechen nicht klar fuer neu,behalten
harmonics_noaa_amtt.txt,"Indian Rocks Beach (inside), Florida",ectt-4147,11.4,8.6,6,23.77,23.51,1.0,,,"Cedar Key, Florida [harmonics-dwf-20251228-free.txt]",Flach behalten,Nachbarn sprechen nicht klar fuer neu,behalten
harmonics_noaa_amtt.txt,"Withlacoochee River entrance, Florida",ectt-4203,11.2,8.6,6,13.97,13.09,0.67,,,"Cedar Key, Florida [harmonics-dwf-20251228-free.txt]",Flach behalten,Nachbarn sprechen nicht klar fuer neu,behalten
harmonics_noaa_amtt.txt,"Suwannee River entrance, Florida",ectt-4207,11.6,8.6,3,3.68,4.02,0.0,,,"Cedar Key, Florida [harmonics-dwf-20251228-free.txt]",Flach behalten,Nachbarn sprechen nicht klar fuer neu,behalten
harmonics_noaa_amtt.txt,"Ship Shoal Light #, Louisiana",ectt-4509,30.0,12.1,6,11.38,10.7,1.0,8.05,6.47,"Grand Isle, Mississippi River Delta, Louisiana [harmonics-dwf-20251228-free.txt]",Flach behalten,Nachbarn und FES nicht beide fuer neu,behalten
harmonics_noaa_amtt.txt,"Point Chevreuil #, Louisiana",ectt-4519,21.8,8.6,3,33.77,32.05,1.0,,,"Clear Lake, Galveston Bay, Texas [harmonics-dwf-20251228-free.txt]",Flach behalten,Nachbarn bis 25 km (3),schreiben
harmonics_noaa_amtt.txt,"Rabbit Island, 5 miles south of #, Louisiana",ectt-4521,21.4,8.6,2,35.57,33.29,1.0,,,"Clear Lake, Galveston Bay, Texas [harmonics-dwf-20251228-free.txt]",Flach behalten,Nachbarn bis 25 km (2),schreiben
harmonics_noaa_amtt.txt,"South Point, Marsh Island #, Louisiana",ectt-4523,27.8,12.1,6,26.98,24.87,1.0,35.8,33.23,"Clear Lake, Galveston Bay, Texas [harmonics-dwf-20251228-free.txt]",Flach behalten,Nachbarn 25-100 km (6) und FES,schreiben
harmonics_noaa_amtt.txt,"Lighthouse Point #, Louisiana",ectt-4525,19.4,8.6,3,32.02,30.04,1.0,,,"Clear Lake, Galveston Bay, Texas [harmonics-dwf-20251228-free.txt]",Flach behalten,Nachbarn bis 25 km (3),schreiben
harmonics_noaa_amtt.txt,"Southwest Pass, Vermilion Bay #, Louisiana",ectt-4529,14.1,8.6,3,21.87,20.07,1.0,,,"Clear Lake, Galveston Bay, Texas [harmonics-dwf-20251228-free.txt]",Flach behalten,Nachbarn bis 25 km (3),schreiben
harmonics_noaa_amtt.txt,"Cape Cassipore, French Guiana",ectt-4971,176.9,nan,0,,,,,,"Suriname Rivier Entrance, Suriname [harmonics_utide_tidetables.txt]",Flach behalten,kein Nachbar unter 100 km,behalten
harmonics_noaa_amtt.txt,"Canal de Bragança, Rio Pará entrance, Pará, Brazil",ectt-4983,23.8,8.6,1,20.49,20.04,1.0,,,"Suriname Rivier Entrance, Suriname [harmonics_utide_tidetables.txt]",Flach behalten,Nachbarn sprechen nicht klar fuer neu,behalten
harmonics_noaa_amtt.txt,"Salinópolis, Pará, Brazil",ectt-4985,5.6,9.2,1,9.38,8.11,1.0,,,"Suriname Rivier Entrance, Suriname [harmonics_utide_tidetables.txt]",Flach behalten,Nachbarn sprechen nicht klar fuer neu,behalten
harmonics_noaa_amtt.txt,"Ilhas de São João, Maranhão, Brazil",ectt-4989,5.9,9.2,1,4.35,4.54,0.0,,,"Suriname Rivier Entrance, Suriname [harmonics_utide_tidetables.txt]",Flach behalten,Nachbarn sprechen nicht klar fuer neu,behalten
harmonics_noaa_amtt.txt,"Rio Ceará (bar), Ceará, Brazil",ectt-5001,15.9,8.6,1,7.37,6.69,1.0,,,"Suriname Rivier Entrance, Suriname [harmonics_utide_tidetables.txt]",Flach behalten,Nachbarn sprechen nicht klar fuer neu,behalten
harmonics_noaa_amtt.txt,"Rocas, Atol das, Brazil",ectt-5007,156.9,nan,0,,,,,,"Recife (Farol), Pernambuco, Brazil [harmonics_utide_tidetables.txt]",Flach behalten,kein Nachbar unter 100 km,behalten
harmonics_noaa_amtt.txt,"Camamu, Bahia, Brazil",ectt-5031,58.4,16.4,2,5.43,4.44,1.0,4.33,5.68,"Recife (Farol), Pernambuco, Brazil [harmonics_utide_tidetables.txt]",Flach behalten,Nachbarn und FES nicht beide fuer neu,behalten
harmonics_noaa_amtt.txt,"Bahía Ushuaia, Beagle Channel, Tierra del Fuego, Argentina",wctt-5,5.1,9.2,2,3.44,2.0,1.0,,,"Cabo de Hornos, Magallanes, Chile [harmonics_noaa_refs.txt]",Flach behalten,Nachbarn bis 25 km (2),schreiben
harmonics_noaa_amtt.txt,"Dungeness, Santa Cruz, Argentina",wctt-7,7.2,9.2,2,7.27,6.97,1.0,,,"Puerto Montt, Chile [harmonics_utide_observations.txt]",Flach behalten,Nachbarn sprechen nicht klar fuer neu,behalten
harmonics_noaa_amtt.txt,"Punta Catalina, Santa Cruz, Argentina",wctt-9,20.6,8.6,1,6.68,6.6,1.0,,,"Puerto Montt, Chile [harmonics_utide_observations.txt]",Flach behalten,Nachbarn sprechen nicht klar fuer neu,behalten
harmonics_noaa_amtt.txt,"Bahía Posesión, Chile",wctt-11,33.3,12.1,6,10.8,10.26,1.0,8.73,8.23,"Puerto Montt, Chile [harmonics_utide_observations.txt]",Flach behalten,Nachbarn und FES nicht beide fuer neu,behalten
harmonics_noaa_amtt.txt,"Banco Dirección, Chile",wctt-13,9.9,9.2,1,15.37,14.02,1.0,,,"Puerto Montt, Chile [harmonics_utide_observations.txt]",Flach behalten,Nachbarn sprechen nicht klar fuer neu,behalten
harmonics_noaa_amtt.txt,"Bahía Santiago, Chile",wctt-15,22.7,8.6,1,11.41,11.9,0.0,,,"Puerto Montt, Chile [harmonics_utide_observations.txt]",Flach behalten,Nachbarn sprechen nicht klar fuer neu,behalten
harmonics_noaa_amtt.txt,"Bahía Felipe, Chile",wctt-17,32.9,12.1,6,19.5,19.73,0.5,9.77,10.25,"Puerto Montt, Chile [harmonics_utide_observations.txt]",Flach behalten,Nachbarn und FES nicht beide fuer neu,behalten
harmonics_noaa_amtt.txt,"Segunda Angostura, Chile",wctt-19,12.9,8.6,2,41.72,39.02,1.0,,,"Puerto Montt, Chile [harmonics_utide_observations.txt]",Flach behalten,Nachbarn bis 25 km (2),schreiben
harmonics_noaa_amtt.txt,"Puerto Zenteno, Chile",wctt-21,36.0,12.1,4,15.22,14.33,0.5,13.94,11.41,"Punta Arenas, Chile [harmonics_utide_observations.txt]",Flach behalten,Nachbarn und FES nicht beide fuer neu,behalten
harmonics_noaa_amtt.txt,"Bahía Gente Grande, Chile",wctt-23,16.7,8.6,1,17.29,11.34,1.0,,,"Punta Arenas, Chile [harmonics_utide_observations.txt]",Flach behalten,Nachbarn sprechen nicht klar fuer neu,behalten
harmonics_noaa_amtt.txt,"Puerto del Hambre, Chile",wctt-27,57.2,16.4,2,7.49,5.62,0.5,6.38,3.68,"Punta Arenas, Chile [harmonics_utide_observations.txt]",Flach behalten,Nachbarn und FES nicht beide fuer neu,behalten
harmonics_noaa_amtt.txt,"Puerto San Antonio, Chile",wctt-29,86.8,16.4,1,6.53,2.15,1.0,7.26,4.05,"Punta Arenas, Chile [harmonics_utide_observations.txt]",Flach behalten,Nachbarn 25-100 km (1) und FES,schreiben
harmonics_noaa_amtt.txt,"Bahía Snug, Chile",wctt-31,89.1,16.4,1,14.97,12.35,1.0,13.72,10.59,"Punta Arenas, Chile [harmonics_utide_observations.txt]",Flach behalten,Nachbarn 25-100 km (1) und FES,schreiben
harmonics_noaa_amtt.txt,"Bahía Wood, Chile",wctt-33,92.9,16.4,1,14.4,11.7,1.0,13.17,9.86,"Punta Arenas, Chile [harmonics_utide_observations.txt]",Flach behalten,Nachbarn 25-100 km (1) und FES,schreiben
harmonics_noaa_amtt.txt,"Puerto Gallant, Chile",wctt-35,99.3,16.4,1,14.4,11.7,1.0,13.49,10.0,"Punta Arenas, Chile [harmonics_utide_observations.txt]",Flach behalten,Nachbarn 25-100 km (1) und FES,schreiben
harmonics_noaa_amtt.txt,"Bahía Borja, Chile",wctt-37,118.2,nan,0,,,,,,"Cabo de Hornos, Magallanes, Chile [harmonics_noaa_refs.txt]",Flach behalten,kein Nachbar unter 100 km,behalten
harmonics_noaa_amtt.txt,"Bahía Swallow, Chile",wctt-39,104.6,nan,0,,,,,,"Cabo de Hornos, Magallanes, Chile [harmonics_noaa_refs.txt]",Flach behalten,kein Nachbar unter 100 km,behalten
harmonics_noaa_amtt.txt,"Caleta Playa Parda, Chile",wctt-41,80.8,16.4,1,7.99,6.38,1.0,10.31,8.27,"Cabo de Hornos, Magallanes, Chile [harmonics_noaa_refs.txt]",Flach behalten,Nachbarn 25-100 km (1) und FES,schreiben
harmonics_noaa_amtt.txt,"Puerto Angosto, Chile",wctt-43,56.0,16.4,1,9.89,8.18,1.0,,,"Cabo de Hornos, Magallanes, Chile [harmonics_noaa_refs.txt]",Flach behalten,FES ohne Wert (Land/Fjord),behalten
harmonics_noaa_amtt.txt,"Caleta Sylvia, Chile",wctt-45,35.0,12.1,1,9.24,7.15,1.0,10.97,8.56,"Cabo de Hornos, Magallanes, Chile [harmonics_noaa_refs.txt]",Flach behalten,Nachbarn 25-100 km (1) und FES,schreiben
harmonics_noaa_amtt.txt,"Puerto Tamar, Chile",wctt-47,20.7,8.6,1,10.76,8.78,1.0,,,"Cabo de Hornos, Magallanes, Chile [harmonics_noaa_refs.txt]",Flach behalten,Nachbarn sprechen nicht klar fuer neu,behalten
harmonics_noaa_amtt.txt,"Islote Pollo, Canal Smyth, Chile",wctt-49,69.4,16.4,1,7.57,6.27,1.0,7.73,6.89,"Cabo de Hornos, Magallanes, Chile [harmonics_noaa_refs.txt]",Flach behalten,Nachbarn und FES nicht beide fuer neu,behalten
harmonics_noaa_amtt.txt,"Punta Ancud, Canal Smyth, Chile",wctt-51,32.1,12.1,1,7.93,7.0,1.0,9.49,8.63,"Cabo de Hornos, Magallanes, Chile [harmonics_noaa_refs.txt]",Flach behalten,Nachbarn und FES nicht beide fuer neu,behalten
harmonics_noaa_amtt.txt,"Bahía Tuesday, Chile",wctt-53,28.2,12.1,1,10.76,8.44,1.0,12.66,9.93,"Cabo de Hornos, Magallanes, Chile [harmonics_noaa_refs.txt]",Flach behalten,Nachbarn 25-100 km (1) und FES,schreiben
harmonics_noaa_amtt.txt,"Cabo Pilar, Chile",wctt-55,50.2,16.4,1,10.24,8.55,1.0,12.74,10.38,"Cabo de Hornos, Magallanes, Chile [harmonics_noaa_refs.txt]",Flach behalten,Nachbarn 25-100 km (1) und FES,schreiben
harmonics_noaa_amtt.txt,"Paso Goree, Bahía Nassau, Chile",wctt-57,48.9,12.1,6,13.33,9.97,1.0,15.45,11.59,"Cabo de Hornos, Magallanes, Chile [harmonics_noaa_refs.txt]",Flach behalten,Nachbarn 25-100 km (6) und FES,schreiben
harmonics_noaa_amtt.txt,"Caleta Saint Martin, Isla Hermite, Chile",wctt-59,18.5,8.6,1,4.05,0.99,1.0,,,"Cabo de Hornos, Magallanes, Chile [harmonics_noaa_refs.txt]",Flach behalten,Nachbarn sprechen nicht klar fuer neu,behalten
harmonics_noaa_amtt.txt,"Isla Diego Ramírez, Chile",wctt-63,6.0,9.2,1,14.01,11.09,1.0,,,"Cabo de Hornos, Magallanes, Chile [harmonics_noaa_refs.txt]",Flach behalten,ein Nachbar unter 10 km,schreiben
harmonics_noaa_amtt.txt,"Bahía India, Seno Año Nuevo, Chile",wctt-65,66.9,16.4,4,7.54,5.59,1.0,15.41,13.18,"Cabo de Hornos, Magallanes, Chile [harmonics_noaa_refs.txt]",Flach behalten,Nachbarn 25-100 km (4) und FES,schreiben
harmonics_noaa_amtt.txt,"Isla Noir, Chile",wctt-67,183.4,nan,0,,,,,,"Cabo de Hornos, Magallanes, Chile [harmonics_noaa_refs.txt]",Flach behalten,kein Nachbar unter 100 km,behalten
harmonics_noaa_amtt.txt,"Islas Week, Chile",wctt-69,32.4,12.1,1,12.11,10.22,1.0,16.08,13.52,"Cabo de Hornos, Magallanes, Chile [harmonics_noaa_refs.txt]",Flach behalten,Nachbarn 25-100 km (1) und FES,schreiben
harmonics_noaa_amtt.txt,"Evangelistas, Chile",wctt-71,93.2,16.4,1,9.51,7.31,1.0,13.02,10.36,"Cabo de Hornos, Magallanes, Chile [harmonics_noaa_refs.txt]",Flach behalten,Nachbarn 25-100 km (1) und FES,schreiben
harmonics_noaa_amtt.txt,"Puerto Henry, Golfo Trinidad, Chile",wctt-75,117.5,nan,0,,,,,,"Cabo de Hornos, Magallanes, Chile [harmonics_noaa_refs.txt]",Flach behalten,kein Nachbar unter 100 km,behalten
harmonics_noaa_amtt.txt,"Puerto Barbara, Canal Fallos, Chile",wctt-79,127.6,nan,0,,,,,,"Cabo de Hornos, Magallanes, Chile [harmonics_noaa_refs.txt]",Flach behalten,kein Nachbar unter 100 km,behalten
harmonics_noaa_amtt.txt,"Puerto Barroso, Golfo de Penas, Chile",wctt-81,228.6,nan,0,,,,,,"Cabo de Hornos, Magallanes, Chile [harmonics_noaa_refs.txt]",Flach behalten,kein Nachbar unter 100 km,behalten
harmonics_noaa_amtt.txt,"Puerto Slight, Golfo Tres Montes, Chile",wctt-83,241.5,nan,0,,,,,,"Cabo de Hornos, Magallanes, Chile [harmonics_noaa_refs.txt]",Flach behalten,kein Nachbar unter 100 km,behalten
harmonics_noaa_amtt.txt,"Caleta Pascuas, Bahía San Andres, Chile",wctt-85,222.1,nan,0,,,,,,"Cabo de Hornos, Magallanes, Chile [harmonics_noaa_refs.txt]",Flach behalten,kein Nachbar unter 100 km,behalten
harmonics_noaa_amtt.txt,"Puerto Refugio, Chile",wctt-87,125.6,nan,0,,,,,,"Cabo de Hornos, Magallanes, Chile [harmonics_noaa_refs.txt]",Flach behalten,kein Nachbar unter 100 km,behalten
harmonics_noaa_amtt.txt,"Puerto Yates, Chile",wctt-89,77.4,16.4,1,10.58,7.41,1.0,22.49,19.78,"Cabo de Hornos, Magallanes, Chile [harmonics_noaa_refs.txt]",Flach behalten,Nachbarn 25-100 km (1) und FES,schreiben
harmonics_noaa_amtt.txt,"Rada Vallenar, Chile",wctt-91,81.0,16.4,1,7.81,5.47,1.0,16.58,14.3,"Cabo de Hornos, Magallanes, Chile [harmonics_noaa_refs.txt]",Flach behalten,Nachbarn 25-100 km (1) und FES,schreiben
harmonics_noaa_amtt.txt,"Puerto Italiano, Canal Darwin, Chile",wctt-93,52.9,16.4,1,7.92,5.37,1.0,10.42,7.81,"Cabo de Hornos, Magallanes, Chile [harmonics_noaa_refs.txt]",Flach behalten,Nachbarn 25-100 km (1) und FES,schreiben
harmonics_noaa_amtt.txt,"Puerto Lagunas, Chile",wctt-95,23.3,8.6,1,11.79,9.99,1.0,,,"Cabo de Hornos, Magallanes, Chile [harmonics_noaa_refs.txt]",Flach behalten,Nachbarn sprechen nicht klar fuer neu,behalten
harmonics_noaa_amtt.txt,"Puerto Americano, Chile",wctt-97,22.0,8.6,1,12.84,11.56,1.0,,,"Cabo de Hornos, Magallanes, Chile [harmonics_noaa_refs.txt]",Flach behalten,Nachbarn sprechen nicht klar fuer neu,behalten
harmonics_noaa_amtt.txt,"Isla Guamblin, Chile",wctt-99,125.1,nan,0,,,,,,"Cabo de Hornos, Magallanes, Chile [harmonics_noaa_refs.txt]",Flach behalten,kein Nachbar unter 100 km,behalten
harmonics_noaa_amtt.txt,"Isla Guafo, Chile",wctt-101,75.2,16.4,1,12.28,9.22,1.0,15.52,11.32,"Cabo de Hornos, Magallanes, Chile [harmonics_noaa_refs.txt]",Flach behalten,Nachbarn 25-100 km (1) und FES,schreiben
harmonics_noaa_amtt.txt,"Puerto Low, Chile",wctt-103,23.4,8.6,1,10.95,7.24,1.0,,,"Cabo de Hornos, Magallanes, Chile [harmonics_noaa_refs.txt]",Flach behalten,Nachbarn sprechen nicht klar fuer neu,behalten
harmonics_noaa_amtt.txt,"Bahía Tictoc, Chile",wctt-107,72.6,16.4,1,12.43,8.4,1.0,10.25,6.7,"Cabo de Hornos, Magallanes, Chile [harmonics_noaa_refs.txt]",Flach behalten,Nachbarn 25-100 km (1) und FES,schreiben
harmonics_noaa_amtt.txt,"Puerto San Pedro, Chile",wctt-109,63.0,16.4,2,13.43,11.49,1.0,14.5,12.66,"Cabo de Hornos, Magallanes, Chile [harmonics_noaa_refs.txt]",Flach behalten,Nachbarn 25-100 km (2) und FES,schreiben
harmonics_noaa_amtt.txt,"Puerto Quellón, Chile",wctt-111,71.6,16.4,2,16.78,15.7,1.0,17.24,16.04,"Puerto Montt, Chile [harmonics_utide_observations.txt]",Flach behalten,Nachbarn 25-100 km (2) und FES,schreiben
harmonics_noaa_amtt.txt,"Puerto Queilén, Chile",wctt-113,52.0,16.4,1,8.35,8.15,1.0,12.32,11.76,"Puerto Montt, Chile [harmonics_utide_observations.txt]",Flach behalten,Nachbarn und FES nicht beide fuer neu,behalten
harmonics_noaa_amtt.txt,"Puerto Quemchi, Chile",wctt-117,35.8,12.1,6,9.7,8.55,1.0,8.06,7.12,"Puerto Montt, Chile [harmonics_utide_observations.txt]",Flach behalten,Nachbarn und FES nicht beide fuer neu,behalten
harmonics_noaa_amtt.txt,"Bahía Linao, Chile",wctt-119,12.0,8.6,3,21.32,19.29,1.0,,,"Puerto Montt, Chile [harmonics_utide_observations.txt]",Flach behalten,Nachbarn bis 25 km (3),schreiben
harmonics_noaa_amtt.txt,"Paso Lagartija, Chile",wctt-121,16.5,8.6,1,5.21,4.85,1.0,,,"Puerto Montt, Chile [harmonics_utide_observations.txt]",Flach behalten,Nachbarn sprechen nicht klar fuer neu,behalten
harmonics_noaa_amtt.txt,"Paso Tautil, Chile",wctt-123,29.0,12.1,5,5.94,4.82,0.8,3.36,2.9,"Puerto Montt, Chile [harmonics_utide_observations.txt]",Flach behalten,Nachbarn und FES nicht beide fuer neu,behalten
harmonics_noaa_amtt.txt,"Pisco, Peru",wctt-237,11.6,8.6,1,4.51,2.16,1.0,,,"Callao (La Punta), Peru [harmonics_ticon4_worldwide.txt]",Flach behalten,Nachbarn sprechen nicht klar fuer neu,behalten
harmonics_noaa_amtt.txt,"Los Negritos, Colombia",wctt-299,6.3,9.2,2,6.01,4.41,1.0,,,"Buenaventura, Colombia [harmonics_ticon4_worldwide.txt]",Flach behalten,Nachbarn bis 25 km (2),schreiben
harmonics_noaa_amtt.txt,"Río San Juan, Colombia",wctt-301,39.4,12.1,4,6.13,4.56,1.0,9.13,7.02,"Buenaventura, Colombia [harmonics_ticon4_worldwide.txt]",Flach behalten,Nachbarn 25-100 km (4) und FES,schreiben
harmonics_noaa_amtt.txt,"Bahía Cuevita, Colombia",wctt-303,86.0,16.4,1,8.4,6.58,1.0,9.34,7.15,"Buenaventura, Colombia [harmonics_ticon4_worldwide.txt]",Flach behalten,Nachbarn 25-100 km (1) und FES,schreiben
harmonics_noaa_amtt.txt,"Ensenada Utría, Colombia",wctt-305,26.8,12.1,1,8.27,6.44,1.0,9.24,7.03,"Buenaventura, Colombia [harmonics_ticon4_worldwide.txt]",Flach behalten,Nachbarn 25-100 km (1) und FES,schreiben
harmonics_noaa_amtt.txt,"Bahía Cupica, Colombia",wctt-309,51.0,16.4,1,7.74,5.63,1.0,8.8,6.43,"Buenaventura, Colombia [harmonics_ticon4_worldwide.txt]",Flach behalten,Nachbarn 25-100 km (1) und FES,schreiben
harmonics_noaa_amtt.txt,"Bahía Octavia, Colombia",wctt-311,75.9,16.4,2,5.24,4.28,0.5,8.75,6.36,"Buenaventura, Colombia [harmonics_ticon4_worldwide.txt]",Flach behalten,Nachbarn und FES nicht beide fuer neu,behalten
harmonics_noaa_amtt.txt,"San Clemente, California",wctt-425,32.3,12.1,6,3.37,2.38,0.83,3.51,2.76,"San Diego, California [harmonics-2004-06-14_mod.txt]",Flach behalten,Nachbarn und FES nicht beide fuer neu,behalten
harmonics_noaa_amtt.txt,"Los Patos (highway bridge), California",wctt-433,12.8,8.6,5,8.38,8.17,1.0,,,"Los Angeles (outer harbor), California [harmonics-dwf-20251228-free.txt]",Flach behalten,Nachbarn sprechen nicht klar fuer neu,behalten
harmonics_noaa_amtt.txt,"El Segundo, Santa Monica Bay, California",wctt-447,11.7,8.6,2,3.38,1.9,1.0,,,"Los Angeles (outer harbor), California [harmonics-dwf-20251228-free.txt]",Flach behalten,Nachbarn bis 25 km (2),schreiben
harmonics_noaa_amtt.txt,"Mugu Lagoon (ocean pier), California",wctt-451,41.9,12.1,6,3.78,2.22,1.0,4.4,2.56,"Los Angeles (outer harbor), California [harmonics-dwf-20251228-free.txt]",Flach behalten,Nachbarn 25-100 km (6) und FES,schreiben
harmonics_noaa_amtt.txt,"Port Hueneme, California",wctt-453,31.4,12.1,6,3.13,2.58,0.5,3.27,3.03,"Los Angeles (outer harbor), California [harmonics-dwf-20251228-free.txt]",Flach behalten,Nachbarn und FES nicht beide fuer neu,behalten
harmonics_noaa_amtt.txt,"Ventura, California",wctt-455,17.2,8.6,2,2.74,2.85,0.0,,,"Los Angeles (outer harbor), California [harmonics-dwf-20251228-free.txt]",Flach behalten,Nachbarn sprechen nicht klar fuer neu,behalten
harmonics_noaa_amtt.txt,"Santa Barbara Island, California",wctt-471,49.5,12.1,6,3.32,2.2,1.0,3.28,2.81,"Los Angeles (outer harbor), California [harmonics-dwf-20251228-free.txt]",Flach behalten,Nachbarn und FES nicht beide fuer neu,behalten
harmonics_noaa_amtt.txt,"San Nicolas Island, California",wctt-473,92.5,16.4,2,3.48,2.89,1.0,3.26,3.52,"Los Angeles (outer harbor), California [harmonics-dwf-20251228-free.txt]",Flach behalten,Nachbarn und FES nicht beide fuer neu,behalten
harmonics_noaa_amtt.txt,"Cuyler Harbor, San Miguel Island, California",wctt-479,48.0,12.1,5,2.23,2.2,0.6,2.74,2.25,"Los Angeles (outer harbor), California [harmonics-dwf-20251228-free.txt]",Flach behalten,Nachbarn und FES nicht beide fuer neu,behalten
harmonics_noaa_amtt.txt,"Point Arguello, California",wctt-481,13.0,8.6,1,1.68,1.11,1.0,,,"Port San Luis, California [harmonics-dwf-20251228-free.txt]",Flach behalten,Nachbarn sprechen nicht klar fuer neu,behalten
harmonics_noaa_amtt.txt,"San Simeon, California",wctt-485,38.7,12.1,5,2.17,1.62,1.0,2.29,1.66,"Port San Luis, California [harmonics-dwf-20251228-free.txt]",Flach behalten,Nachbarn und FES nicht beide fuer neu,behalten
harmonics_noaa_amtt.txt,"Carmel Cove, Carmel Bay, California",wctt-489,10.9,8.6,1,1.78,1.62,1.0,,,"Monterey, Monterey Harbor, California [harmonics-dwf-20251228-free.txt]",Flach behalten,Nachbarn sprechen nicht klar fuer neu,behalten
harmonics_noaa_amtt.txt,"Santa Cruz, Monterey Bay, California",wctt-509,26.3,12.1,6,5.02,4.91,1.0,1.73,1.75,"Monterey, Monterey Harbor, California [harmonics-dwf-20251228-free.txt]",Flach behalten,Nachbarn und FES nicht beide fuer neu,behalten
harmonics_noaa_amtt.txt,"Ano Nuevo Island, California",wctt-511,44.1,12.1,6,15.36,15.59,0.5,3.85,3.81,"San Francisco, San Francisco Bay, California [harmonics-dwf-20251228-free.txt]",Flach behalten,Nachbarn und FES nicht beide fuer neu,behalten
harmonics_noaa_amtt.txt,"Southeast Farallon Island, California",wctt-515,27.0,12.1,6,48.32,46.15,1.0,2.52,2.2,"San Francisco, San Francisco Bay, California [harmonics-dwf-20251228-free.txt]",Flach behalten,Nachbarn und FES nicht beide fuer neu,behalten
harmonics_noaa_amtt.txt,"Marshall, Tomales Bay, California",wctt-775,9.6,9.2,3,11.29,10.93,1.0,,,"San Francisco, San Francisco Bay, California [harmonics-dwf-20251228-free.txt]",Flach behalten,Nachbarn sprechen nicht klar fuer neu,behalten
harmonics_noaa_amtt.txt,"Bodega Harbor entrance, California",wctt-781,10.2,8.6,1,5.89,5.29,1.0,,,"San Francisco, San Francisco Bay, California [harmonics-dwf-20251228-free.txt]",Flach behalten,Nachbarn sprechen nicht klar fuer neu,behalten
harmonics_noaa_amtt.txt,"Fort Ross, California",wctt-783,27.1,12.1,6,3.11,2.75,0.83,2.68,2.44,"San Francisco, San Francisco Bay, California [harmonics-dwf-20251228-free.txt]",Flach behalten,Nachbarn und FES nicht beide fuer neu,behalten
harmonics_noaa_amtt.txt,"Mendocino, Mendocino Bay, California",wctt-791,14.0,8.6,1,1.28,1.75,0.0,,,"Arena Cove, California [harmonics-dwf-20251228-free.txt]",Flach behalten,Nachbarn sprechen nicht klar fuer neu,behalten
harmonics_noaa_amtt.txt,"Westport, California",wctt-795,23.1,8.6,1,1.37,1.82,0.0,,,"Arena Cove, California [harmonics-dwf-20251228-free.txt]",Flach behalten,Nachbarn sprechen nicht klar fuer neu,behalten
harmonics_noaa_amtt.txt,"Brookings, Chetco Cove, California",wctt-829,13.5,8.6,1,3.03,1.7,1.0,,,"Crescent City, California [harmonics-dwf-20251228-free.txt]",Flach behalten,Nachbarn sprechen nicht klar fuer neu,behalten
harmonics_noaa_amtt.txt,"Nestucca Bay entrance, Oregon",wctt-885,13.6,8.6,1,5.13,4.32,1.0,,,"Crescent City, California [harmonics-dwf-20251228-free.txt]",Flach behalten,Nachbarn sprechen nicht klar fuer neu,behalten
harmonics_noaa_amtt.txt,"Knappa, Knappa Slough, Washington",wctt-935,13.7,8.6,6,7.6,7.21,1.0,,,"Astoria (Tongue Point), Oregon (3) [harmonics-2004-06-14_mod.txt]",Flach behalten,Nachbarn sprechen nicht klar fuer neu,behalten
harmonics_noaa_amtt.txt,"Harrington Point, Wash, Oregon",wctt-939,11.1,8.6,6,6.5,6.48,0.83,,,"Astoria (Tongue Point), Oregon (3) [harmonics-2004-06-14_mod.txt]",Flach behalten,Nachbarn sprechen nicht klar fuer neu,behalten
harmonics_noaa_amtt.txt,"Destruction Island, Washington",wctt-1021,29.6,12.1,6,9.18,8.91,0.83,2.02,1.36,"Toke Point, Willapa Bay, Washington [harmonics-dwf-20251228-free.txt]",Flach behalten,Nachbarn und FES nicht beide fuer neu,behalten
harmonics_noaa_amtt.txt,"Stanwood, Stillaguamish River, Washington",wctt-1209,12.6,8.6,6,44.69,42.33,0.83,,,"Seattle, Puget Sound, Washington [harmonics-dwf-20251228-free.txt]",Flach behalten,Nachbarn bis 25 km (6),schreiben
harmonics_noaa_amtt.txt,"Chuckanut Bay, Washington",wctt-1255,9.3,9.2,6,21.79,21.34,0.67,,,"Port Townsend, Washington (3) [harmonics-2004-06-14_mod.txt]",Flach behalten,Nachbarn sprechen nicht klar fuer neu,behalten
harmonics_noaa_amtt.txt,"Waddington Harbor, Bute Inlet, British Columbia, Canada",wctt-1339,6.9,9.2,1,2.66,2.47,1.0,,,"Vancouver (CRAB Park at Portside), British Columbia, Canada [harmonics_utide_observations.txt]",Flach behalten,Nachbarn sprechen nicht klar fuer neu,behalten
harmonics_noaa_amtt.txt,"Klaskish Inlet, British Columbia, Canada",wctt-1391,21.7,8.6,2,4.17,3.65,1.0,,,"Sitka, Alaska [harmonics-2004-06-14_mod.txt]",Flach behalten,Nachbarn sprechen nicht klar fuer neu,behalten
harmonics_noaa_amtt.txt,"Stewart, B.C., British Columbia, Canada",wctt-1463,13.1,8.6,2,3.37,3.17,1.0,,,"Ketchikan, Alaska [harmonics-2004-06-14_mod.txt]",Flach behalten,Nachbarn sprechen nicht klar fuer neu,behalten
harmonics_noaa_amtt.txt,"Minnie Bay, Alaska",wctt-1543,18.6,8.6,3,50.33,47.54,1.0,,,"Sitka, Alaska [harmonics-2004-06-14_mod.txt]",Flach behalten,Nachbarn bis 25 km (3),schreiben
harmonics_noaa_amtt.txt,"Tah Bay, Alaska",wctt-1545,29.1,12.1,6,18.53,17.87,0.67,2.42,1.89,"Sitka, Alaska [harmonics-2004-06-14_mod.txt]",Flach behalten,Nachbarn und FES nicht beide fuer neu,behalten
harmonics_noaa_amtt.txt,"Hunter Bay, Alaska",wctt-1547,31.6,12.1,6,18.78,17.97,0.83,2.6,1.96,"Sitka, Alaska [harmonics-2004-06-14_mod.txt]",Flach behalten,Nachbarn und FES nicht beide fuer neu,behalten
harmonics_noaa_amtt.txt,"Kassa Inlet entrance, Alaska",wctt-1549,25.7,12.1,6,18.5,17.84,0.67,2.2,1.86,"Sitka, Alaska [harmonics-2004-06-14_mod.txt]",Flach behalten,Nachbarn und FES nicht beide fuer neu,behalten
harmonics_noaa_amtt.txt,"Elbow Bay, Alaska",wctt-1551,23.4,8.6,1,1.17,1.16,1.0,,,"Sitka, Alaska [harmonics-2004-06-14_mod.txt]",Flach behalten,Nachbarn sprechen nicht klar fuer neu,behalten
harmonics_noaa_amtt.txt,"Mabel Island, Alaska",wctt-1553,16.9,8.6,1,1.5,1.0,1.0,,,"Sitka, Alaska [harmonics-2004-06-14_mod.txt]",Flach behalten,Nachbarn sprechen nicht klar fuer neu,behalten
harmonics_noaa_amtt.txt,"Keete Island, Nutkwa Inlets, Alaska",wctt-1555,15.4,8.6,2,1.72,1.42,1.0,,,"Sitka, Alaska [harmonics-2004-06-14_mod.txt]",Flach behalten,Nachbarn sprechen nicht klar fuer neu,behalten
harmonics_noaa_amtt.txt,"Keete Inlet, Alaska",wctt-1557,21.2,8.6,1,1.67,0.96,1.0,,,"Sitka, Alaska [harmonics-2004-06-14_mod.txt]",Flach behalten,Nachbarn sprechen nicht klar fuer neu,behalten
harmonics_noaa_amtt.txt,"Mud Bay, Alaska",wctt-1559,11.6,8.6,2,1.32,0.97,1.0,,,"Sitka, Alaska [harmonics-2004-06-14_mod.txt]",Flach behalten,Nachbarn sprechen nicht klar fuer neu,behalten
harmonics_noaa_amtt.txt,"Copper Harbor, Alaska",wctt-1561,13.2,8.6,2,1.72,1.42,1.0,,,"Sitka, Alaska [harmonics-2004-06-14_mod.txt]",Flach behalten,Nachbarn sprechen nicht klar fuer neu,behalten
harmonics_noaa_amtt.txt,"Sulzer, Alaska",wctt-1563,15.9,8.6,2,4.61,3.36,1.0,,,"Sitka, Alaska [harmonics-2004-06-14_mod.txt]",Flach behalten,Nachbarn bis 25 km (2),schreiben
harmonics_noaa_amtt.txt,"American Bay, Kaigani Strait, Alaska",wctt-1565,23.9,8.6,1,1.31,1.42,0.0,,,"Sitka, Alaska [harmonics-2004-06-14_mod.txt]",Flach behalten,Nachbarn sprechen nicht klar fuer neu,behalten
harmonics_noaa_amtt.txt,"Security Cove, Alaska",wctt-1585,33.6,12.1,6,17.32,17.21,0.5,3.39,2.77,"Sitka, Alaska [harmonics-2004-06-14_mod.txt]",Flach behalten,Nachbarn und FES nicht beide fuer neu,behalten
harmonics_noaa_amtt.txt,"Sakie Bay, Alaska",wctt-1587,11.8,8.6,6,68.02,64.53,0.83,,,"Sitka, Alaska [harmonics-2004-06-14_mod.txt]",Flach behalten,Nachbarn bis 25 km (6),schreiben
harmonics_noaa_amtt.txt,"Sea Otter Harbor, Alaska",wctt-1589,12.4,8.6,6,65.2,61.87,0.83,,,"Sitka, Alaska [harmonics-2004-06-14_mod.txt]",Flach behalten,Nachbarn bis 25 km (6),schreiben
harmonics_noaa_amtt.txt,"Edna Bay, Alaska",wctt-1611,10.7,8.6,6,39.63,37.61,1.0,,,"Sitka, Alaska [harmonics-2004-06-14_mod.txt]",Flach behalten,Nachbarn bis 25 km (6),schreiben
harmonics_noaa_amtt.txt,"South of Devilfish Bay, Alaska",wctt-1629,10.8,8.6,6,71.4,66.35,0.83,,,"Sitka, Alaska [harmonics-2004-06-14_mod.txt]",Flach behalten,Nachbarn bis 25 km (6),schreiben
harmonics_noaa_amtt.txt,"Port Beauclerc, Kuiu Island, Alaska",wctt-1635,13.5,8.6,6,78.78,73.6,1.0,,,"Sitka, Alaska [harmonics-2004-06-14_mod.txt]",Flach behalten,Nachbarn bis 25 km (6),schreiben
harmonics_noaa_amtt.txt,"Ideal Cove, Mitkof Island, Alaska",wctt-1673,10.7,8.6,6,5.08,4.68,1.0,,,"Juneau, Alaska [harmonics-2004-06-14_mod.txt]",Flach behalten,Nachbarn sprechen nicht klar fuer neu,behalten
harmonics_noaa_amtt.txt,"Brown Cove, Alaska",wctt-1677,12.5,8.6,6,22.4,21.87,1.0,,,"Juneau, Alaska [harmonics-2004-06-14_mod.txt]",Flach behalten,Nachbarn sprechen nicht klar fuer neu,behalten
harmonics_noaa_amtt.txt,"Portage Bay, Kupreanof Island, Alaska",wctt-1681,29.4,12.1,6,21.65,21.22,1.0,6.24,5.52,"Juneau, Alaska [harmonics-2004-06-14_mod.txt]",Flach behalten,Nachbarn und FES nicht beide fuer neu,behalten
harmonics_noaa_amtt.txt,"Eliza Harbor, Liesnoi Island, Alaska",wctt-1687,22.4,8.6,3,42.8,40.29,1.0,,,"Juneau, Alaska [harmonics-2004-06-14_mod.txt]",Flach behalten,Nachbarn bis 25 km (3),schreiben
harmonics_noaa_amtt.txt,"Hobart Bay, Alaska",wctt-1699,16.3,8.6,6,89.24,82.31,1.0,,,"Juneau, Alaska [harmonics-2004-06-14_mod.txt]",Flach behalten,Nachbarn bis 25 km (6),schreiben
harmonics_noaa_amtt.txt,"Windham Bay, Alaska",wctt-1707,21.5,8.6,3,235.12,216.09,1.0,,,"Juneau, Alaska [harmonics-2004-06-14_mod.txt]",Flach behalten,Nachbarn bis 25 km (3),schreiben
harmonics_noaa_amtt.txt,"Rasp Ledge, Seymour Canal, Alaska",wctt-1709,24.4,8.6,6,152.69,140.97,1.0,,,"Juneau, Alaska [harmonics-2004-06-14_mod.txt]",Flach behalten,Nachbarn bis 25 km (6),schreiben
harmonics_noaa_amtt.txt,"Windfall Harbor, Seymour Canal, Alaska",wctt-1711,32.2,12.1,6,180.34,165.38,1.0,33.17,31.76,"Juneau, Alaska [harmonics-2004-06-14_mod.txt]",Flach behalten,Nachbarn 25-100 km (6) und FES,schreiben
harmonics_noaa_amtt.txt,"Greely Point, Taku Inlet, Alaska",wctt-1725,10.8,8.6,6,202.64,185.98,1.0,,,"Juneau, Alaska [harmonics-2004-06-14_mod.txt]",Flach behalten,Nachbarn bis 25 km (6),schreiben
harmonics_noaa_amtt.txt,"Taku Point, Taku Inlet, Alaska",wctt-1727,24.5,8.6,3,211.8,195.09,1.0,,,"Juneau, Alaska [harmonics-2004-06-14_mod.txt]",Flach behalten,Nachbarn bis 25 km (3),schreiben
harmonics_noaa_amtt.txt,"Funter, Funter Bay, Alaska",wctt-1737,11.0,8.6,6,162.32,149.24,1.0,,,"Juneau, Alaska [harmonics-2004-06-14_mod.txt]",Flach behalten,Nachbarn bis 25 km (6),schreiben
harmonics_noaa_amtt.txt,"William Henry Bay, Alaska",wctt-1743,16.7,8.6,3,182.56,167.7,1.0,,,"Juneau, Alaska [harmonics-2004-06-14_mod.txt]",Flach behalten,Nachbarn bis 25 km (3),schreiben
harmonics_noaa_amtt.txt,"Port Walter, Baranof Island, Alaska",wctt-1757,15.2,8.6,1,2.34,0.97,1.0,,,"Sitka, Alaska [harmonics-2004-06-14_mod.txt]",Flach behalten,Nachbarn sprechen nicht klar fuer neu,behalten
harmonics_noaa_amtt.txt,"Table Bay, Kuiu Island, Alaska",wctt-1759,13.4,8.6,6,85.48,79.85,1.0,,,"Sitka, Alaska [harmonics-2004-06-14_mod.txt]",Flach behalten,Nachbarn bis 25 km (6),schreiben
harmonics_noaa_amtt.txt,"Port Malmesbury, Kuiu Island, Alaska",wctt-1761,24.2,8.6,2,147.99,136.76,1.0,,,"Sitka, Alaska [harmonics-2004-06-14_mod.txt]",Flach behalten,Nachbarn bis 25 km (2),schreiben
harmonics_noaa_amtt.txt,"Tebenkof Bay, Kuiu Island, Alaska",wctt-1763,23.8,8.6,3,43.13,41.02,1.0,,,"Sitka, Alaska [harmonics-2004-06-14_mod.txt]",Flach behalten,Nachbarn bis 25 km (3),schreiben
harmonics_noaa_amtt.txt,"Whitewater Bay, Admiralty Island, Alaska",wctt-1769,21.1,8.6,1,2.19,1.85,1.0,,,"Juneau, Alaska [harmonics-2004-06-14_mod.txt]",Flach behalten,Nachbarn sprechen nicht klar fuer neu,behalten
harmonics_noaa_amtt.txt,"Kasnyku Bay, Alaska",wctt-1771,14.5,8.6,1,1.47,0.98,1.0,,,"Juneau, Alaska [harmonics-2004-06-14_mod.txt]",Flach behalten,Nachbarn sprechen nicht klar fuer neu,behalten
harmonics_noaa_amtt.txt,"Point Thatcher, Alaska",wctt-1773,17.8,8.6,2,158.89,145.34,1.0,,,"Juneau, Alaska [harmonics-2004-06-14_mod.txt]",Flach behalten,Nachbarn bis 25 km (2),schreiben
harmonics_noaa_amtt.txt,"Freshwater Bay, Chichagof Island, Alaska",wctt-1783,13.8,8.6,2,1.1,1.89,0.0,,,"Juneau, Alaska [harmonics-2004-06-14_mod.txt]",Flach behalten,Nachbarn sprechen nicht klar fuer neu,behalten
harmonics_noaa_amtt.txt,"Symonds Bay, Biorka Island, Alaska",wctt-1791,10.3,8.6,6,37.49,34.7,1.0,,,"Sitka, Alaska [harmonics-2004-06-14_mod.txt]",Flach behalten,Nachbarn bis 25 km (6),schreiben
harmonics_noaa_amtt.txt,"Klokachef Island, Alaska",wctt-1799,12.6,8.6,6,51.41,49.01,1.0,,,"Sitka, Alaska [harmonics-2004-06-14_mod.txt]",Flach behalten,Nachbarn bis 25 km (6),schreiben
harmonics_noaa_amtt.txt,"Nismeni Cove, Alaska",wctt-1813,10.1,8.6,6,57.81,54.81,1.0,,,"Juneau, Alaska [harmonics-2004-06-14_mod.txt]",Flach behalten,Nachbarn bis 25 km (6),schreiben
harmonics_noaa_amtt.txt,"Point Elizabeth, Alaska",wctt-1815,16.2,8.6,6,58.03,55.04,1.0,,,"Juneau, Alaska [harmonics-2004-06-14_mod.txt]",Flach behalten,Nachbarn bis 25 km (6),schreiben
harmonics_noaa_amtt.txt,"Lindenburg Head, Alaska",wctt-1817,28.1,12.1,6,47.01,44.97,0.83,10.7,10.65,"Juneau, Alaska [harmonics-2004-06-14_mod.txt]",Flach behalten,Nachbarn und FES nicht beide fuer neu,behalten
harmonics_noaa_amtt.txt,"Fairway Island, Alaska",wctt-1819,19.1,8.6,2,158.95,145.39,1.0,,,"Juneau, Alaska [harmonics-2004-06-14_mod.txt]",Flach behalten,Nachbarn bis 25 km (2),schreiben
harmonics_noaa_amtt.txt,"Falcon Arm, Slocum Arm, Alaska",wctt-1821,12.2,8.6,6,48.29,45.44,1.0,,,"Elfin Cove, Port Althorp, Cross Sound, Alaska [harmonics-dwf-20251228-free.txt]",Flach behalten,Nachbarn bis 25 km (6),schreiben
harmonics_noaa_amtt.txt,"Canoe Cove, North Pass, Alaska",wctt-1827,16.4,8.6,6,65.37,60.88,0.83,,,"Elfin Cove, Port Althorp, Cross Sound, Alaska [harmonics-dwf-20251228-free.txt]",Flach behalten,Nachbarn bis 25 km (6),schreiben
harmonics_noaa_amtt.txt,"Takanis Bay, Alaska",wctt-1833,13.9,8.6,6,49.32,46.93,0.83,,,"Elfin Cove, Port Althorp, Cross Sound, Alaska [harmonics-dwf-20251228-free.txt]",Flach behalten,Nachbarn bis 25 km (6),schreiben
harmonics_noaa_amtt.txt,"Dixon Harbor, Alaska",wctt-1867,27.2,12.1,6,27.64,26.51,1.0,2.03,1.42,"Elfin Cove, Port Althorp, Cross Sound, Alaska [harmonics-dwf-20251228-free.txt]",Flach behalten,Nachbarn und FES nicht beide fuer neu,behalten
harmonics_noaa_amtt.txt,"Wingham Island, Controller Bay, Alaska",wctt-1883,93.6,16.4,6,21.9,21.24,0.83,2.1,1.4,"Yakutat, Yakutat Bay, Alaska [harmonics-dwf-20251228-free.txt]",Flach behalten,Nachbarn und FES nicht beide fuer neu,behalten
harmonics_noaa_amtt.txt,"Pete Dahl Slough, Alaska",wctt-1887,27.5,12.1,6,26.52,25.6,0.83,,,"Cordova, Orca Inlet, Prince William Sd, Alaska [harmonics-dwf-20251228-free.txt]",Flach behalten,FES ohne Wert (Land/Fjord),behalten
harmonics_noaa_amtt.txt,"Eyak River entrance, Alaska",wctt-1889,11.2,8.6,6,29.64,28.39,0.83,,,"Cordova, Orca Inlet, Prince William Sd, Alaska [harmonics-dwf-20251228-free.txt]",Flach behalten,Nachbarn bis 25 km (6),schreiben
harmonics_noaa_amtt.txt,"Shag Rock, Alaska",wctt-1893,11.9,8.6,6,22.07,21.14,0.83,,,"Cordova, Orca Inlet, Prince William Sd, Alaska [harmonics-dwf-20251228-free.txt]",Flach behalten,Nachbarn sprechen nicht klar fuer neu,behalten
harmonics_noaa_amtt.txt,"Gravel Point, Alaska",wctt-1895,11.3,8.6,6,27.78,26.42,1.0,,,"Cordova, Orca Inlet, Prince William Sd, Alaska [harmonics-dwf-20251228-free.txt]",Flach behalten,Nachbarn bis 25 km (6),schreiben
harmonics_noaa_amtt.txt,"Smith Island, Alaska",wctt-1949,12.5,8.6,6,86.8,80.66,1.0,,,"Cordova, Orca Inlet, Prince William Sd, Alaska [harmonics-dwf-20251228-free.txt]",Flach behalten,Nachbarn bis 25 km (6),schreiben
harmonics_noaa_amtt.txt,"Snug Corner Cove, Port Fidalgo, Alaska",wctt-1951,20.0,8.6,6,187.55,173.17,1.0,,,"Cordova, Orca Inlet, Prince William Sd, Alaska [harmonics-dwf-20251228-free.txt]",Flach behalten,Nachbarn bis 25 km (6),schreiben
harmonics_noaa_amtt.txt,"Landlocked Bay, Port Fidalgo, Alaska",wctt-1953,25.4,12.1,6,101.14,93.87,1.0,2.37,1.42,"Cordova, Orca Inlet, Prince William Sd, Alaska [harmonics-dwf-20251228-free.txt]",Flach behalten,Nachbarn und FES nicht beide fuer neu,behalten
harmonics_noaa_amtt.txt,"Kings Bay, Port Nellie Juan, Alaska",wctt-1969,29.0,12.1,6,143.87,133.59,0.83,2.8,2.25,"Cordova, Orca Inlet, Prince William Sd, Alaska [harmonics-dwf-20251228-free.txt]",Flach behalten,Nachbarn und FES nicht beide fuer neu,behalten
harmonics_noaa_amtt.txt,"Chenega Island, Dangerous Passage, Alaska",wctt-1985,12.3,8.6,6,94.63,88.4,1.0,,,"Cordova, Orca Inlet, Prince William Sd, Alaska [harmonics-dwf-20251228-free.txt]",Flach behalten,Nachbarn bis 25 km (6),schreiben
harmonics_noaa_amtt.txt,"Picnic Harbor, Rocky Bay, Alaska",wctt-2021,20.2,8.6,6,89.94,83.66,1.0,,,"Seward, Resurrection Bay, Alaska [harmonics-dwf-20251228-free.txt]",Flach behalten,Nachbarn bis 25 km (6),schreiben
harmonics_noaa_amtt.txt,"Ushagat Island, Barren Islands, Alaska",wctt-2023,12.8,8.6,6,21.42,20.19,1.0,,,"Seldovia, Cook Inlet, Alaska [harmonics-dwf-20251228-free.txt]",Flach behalten,Nachbarn bis 25 km (6),schreiben
harmonics_noaa_amtt.txt,"Tutka Bay, Alaska",wctt-2033,12.8,8.6,6,45.0,41.02,1.0,,,"Seldovia, Cook Inlet, Alaska [harmonics-dwf-20251228-free.txt]",Flach behalten,Nachbarn bis 25 km (6),schreiben
harmonics_noaa_amtt.txt,"Sadie Cove, Alaska",wctt-2035,11.3,8.6,6,87.33,80.05,0.83,,,"Seldovia, Cook Inlet, Alaska [harmonics-dwf-20251228-free.txt]",Flach behalten,Nachbarn bis 25 km (6),schreiben
harmonics_noaa_amtt.txt,"Oil Bay, Kamishak Bay, Alaska",wctt-2081,11.5,8.6,1,10.41,9.79,1.0,,,"Seldovia, Cook Inlet, Alaska [harmonics-dwf-20251228-free.txt]",Flach behalten,Nachbarn sprechen nicht klar fuer neu,behalten
harmonics_noaa_amtt.txt,"Nordyke Island, Kamishak Bay, Alaska",wctt-2085,60.9,16.4,6,79.39,72.13,1.0,2.44,1.57,"Seldovia, Cook Inlet, Alaska [harmonics-dwf-20251228-free.txt]",Flach behalten,Nachbarn und FES nicht beide fuer neu,behalten
harmonics_noaa_amtt.txt,"Ugak Bay (Saltery Cove), Alaska",wctt-2101,15.1,8.6,2,159.71,148.22,1.0,,,"Kodiak, Women's Bay, Alaska [harmonics-dwf-20251228-free.txt]",Flach behalten,Nachbarn bis 25 km (2),schreiben
harmonics_noaa_amtt.txt,"Port Hobron, Sitkalidak Island, Alaska",wctt-2103,10.1,8.6,2,2.43,2.22,1.0,,,"Kodiak, Women's Bay, Alaska [harmonics-dwf-20251228-free.txt]",Flach behalten,Nachbarn sprechen nicht klar fuer neu,behalten
harmonics_noaa_amtt.txt,"Three Saints Bay, Alaska",wctt-2107,16.0,8.6,3,2.3,1.9,1.0,,,"Kodiak, Women's Bay, Alaska [harmonics-dwf-20251228-free.txt]",Flach behalten,Nachbarn sprechen nicht klar fuer neu,behalten
harmonics_noaa_amtt.txt,"Sitkinak Lagoon, Alaska",wctt-2111,13.5,8.6,6,29.8,28.48,0.83,,,"Kodiak, Women's Bay, Alaska [harmonics-dwf-20251228-free.txt]",Flach behalten,Nachbarn bis 25 km (6),schreiben
harmonics_noaa_amtt.txt,"Mining Camp, Alaska",wctt-2123,12.7,8.6,6,32.83,31.08,1.0,,,"Seldovia, Cook Inlet, Alaska [harmonics-dwf-20251228-free.txt]",Flach behalten,Nachbarn bis 25 km (6),schreiben
harmonics_noaa_amtt.txt,"Zachar Bay, Alaska",wctt-2125,15.2,8.6,6,35.23,33.44,1.0,,,"Seldovia, Cook Inlet, Alaska [harmonics-dwf-20251228-free.txt]",Flach behalten,Nachbarn bis 25 km (6),schreiben
harmonics_noaa_amtt.txt,"Village Islands, Alaska",wctt-2127,21.5,8.6,1,2.2,1.88,1.0,,,"Seldovia, Cook Inlet, Alaska [harmonics-dwf-20251228-free.txt]",Flach behalten,Nachbarn sprechen nicht klar fuer neu,behalten
harmonics_noaa_amtt.txt,"Viekoda Bay, Alaska",wctt-2135,10.9,8.6,6,97.32,91.14,1.0,,,"Seldovia, Cook Inlet, Alaska [harmonics-dwf-20251228-free.txt]",Flach behalten,Nachbarn bis 25 km (6),schreiben
harmonics_noaa_amtt.txt,"Malina Bay, Shelikof Strait, Alaska",wctt-2149,14.1,8.6,6,183.45,168.34,1.0,,,"Seldovia, Cook Inlet, Alaska [harmonics-dwf-20251228-free.txt]",Flach behalten,Nachbarn bis 25 km (6),schreiben
harmonics_noaa_amtt.txt,"Carry Inlet, Alaska",wctt-2155,10.3,8.6,6,39.79,38.2,0.83,,,"Seldovia, Cook Inlet, Alaska [harmonics-dwf-20251228-free.txt]",Flach behalten,Nachbarn bis 25 km (6),schreiben
harmonics_noaa_amtt.txt,"Kukak, Kukak Bay, Alaska",wctt-2159,10.2,8.6,2,1.73,1.68,0.5,,,"Seldovia, Cook Inlet, Alaska [harmonics-dwf-20251228-free.txt]",Flach behalten,Nachbarn sprechen nicht klar fuer neu,behalten
harmonics_noaa_amtt.txt,"Katmai Bay, Shelikof Strait, Alaska",wctt-2165,40.6,12.1,6,86.67,79.89,0.83,2.4,1.87,"Seldovia, Cook Inlet, Alaska [harmonics-dwf-20251228-free.txt]",Flach behalten,Nachbarn und FES nicht beide fuer neu,behalten
harmonics_noaa_amtt.txt,"Kanatak Lagoon, Portage Bay, Alaska",wctt-2169,45.3,12.1,6,54.35,50.26,0.83,2.77,2.53,"Kodiak, Women's Bay, Alaska [harmonics-dwf-20251228-free.txt]",Flach behalten,Nachbarn und FES nicht beide fuer neu,behalten
harmonics_noaa_amtt.txt,"Lees Cabins, Wide Bay, Alaska",wctt-2171,62.0,16.4,6,34.14,31.94,0.83,3.37,2.53,"Kodiak, Women's Bay, Alaska [harmonics-dwf-20251228-free.txt]",Flach behalten,Nachbarn und FES nicht beide fuer neu,behalten
harmonics_noaa_amtt.txt,"Three Star Point, Alaska",wctt-2189,20.2,8.6,2,2.42,1.79,1.0,,,"Kodiak, Women's Bay, Alaska [harmonics-dwf-20251228-free.txt]",Flach behalten,Nachbarn sprechen nicht klar fuer neu,behalten
harmonics_noaa_amtt.txt,"Chiachi Island (east side), Alaska",wctt-2193,18.0,8.6,1,2.15,1.88,1.0,,,"Kodiak, Women's Bay, Alaska [harmonics-dwf-20251228-free.txt]",Flach behalten,Nachbarn sprechen nicht klar fuer neu,behalten
harmonics_noaa_amtt.txt,"Kupreanof Harbor, Paul Island, Alaska",wctt-2195,15.7,8.6,1,2.14,1.46,1.0,,,"Kodiak, Women's Bay, Alaska [harmonics-dwf-20251228-free.txt]",Flach behalten,Nachbarn sprechen nicht klar fuer neu,behalten
harmonics_noaa_amtt.txt,"Fox Bay, Kupreanof Peninsula, Alaska",wctt-2197,30.7,12.1,6,2.72,2.01,1.0,2.63,2.16,"Kodiak, Women's Bay, Alaska [harmonics-dwf-20251228-free.txt]",Flach behalten,Nachbarn und FES nicht beide fuer neu,behalten
harmonics_noaa_amtt.txt,"Dent Point, Stepovak Bay, Alaska",wctt-2199,27.7,12.1,6,2.73,2.02,1.0,2.65,2.19,"Kodiak, Women's Bay, Alaska [harmonics-dwf-20251228-free.txt]",Flach behalten,Nachbarn und FES nicht beide fuer neu,behalten
harmonics_noaa_amtt.txt,"Sanborn Harbor, Nagai Island, Alaska",wctt-2205,37.1,12.1,5,1.35,1.43,0.6,1.74,1.83,"Sand Point, Popof Island, Alaska [harmonics-dwf-20251228-free.txt]",Flach behalten,Nachbarn und FES nicht beide fuer neu,behalten
harmonics_noaa_amtt.txt,"Mist Harbor, Nagai Island, Alaska",wctt-2207,28.5,12.1,5,1.52,1.86,0.6,2.09,2.25,"Sand Point, Popof Island, Alaska [harmonics-dwf-20251228-free.txt]",Flach behalten,Nachbarn und FES nicht beide fuer neu,behalten
harmonics_noaa_amtt.txt,"Albatross Anchorage, Balboa Bay, Alaska",wctt-2215,27.6,12.1,6,2.16,1.01,1.0,2.13,1.36,"Sand Point, Popof Island, Alaska [harmonics-dwf-20251228-free.txt]",Flach behalten,Nachbarn und FES nicht beide fuer neu,behalten
harmonics_noaa_amtt.txt,"Beaver Bay, Alaska",wctt-2217,20.0,8.6,1,0.82,1.13,0.0,,,"Sand Point, Popof Island, Alaska [harmonics-dwf-20251228-free.txt]",Flach behalten,Nachbarn sprechen nicht klar fuer neu,behalten
harmonics_noaa_amtt.txt,"Seal Cape, Coal Bay, Alaska",wctt-2219,39.8,12.1,6,2.12,1.62,0.67,1.8,1.6,"Sand Point, Popof Island, Alaska [harmonics-dwf-20251228-free.txt]",Flach behalten,Nachbarn und FES nicht beide fuer neu,behalten
harmonics_noaa_amtt.txt,"Ukolnoi Island, Alaska",wctt-2221,23.0,8.6,1,1.85,1.0,1.0,,,"Sand Point, Popof Island, Alaska [harmonics-dwf-20251228-free.txt]",Flach behalten,Nachbarn sprechen nicht klar fuer neu,behalten
harmonics_noaa_amtt.txt,"Settlement Point, Pavlof Bay, Alaska",wctt-2225,46.8,12.1,6,2.48,1.4,0.83,1.91,1.51,"Sand Point, Popof Island, Alaska [harmonics-dwf-20251228-free.txt]",Flach behalten,Nachbarn und FES nicht beide fuer neu,behalten
harmonics_noaa_amtt.txt,"Peterson Bay, Alaska",wctt-2233,63.2,16.4,6,19.03,18.32,0.33,2.05,1.88,"Sand Point, Popof Island, Alaska [harmonics-dwf-20251228-free.txt]",Flach behalten,Nachbarn und FES nicht beide fuer neu,behalten
harmonics_noaa_amtt.txt,"Sanak Harbor, Alaska",wctt-2235,48.2,12.1,6,19.09,18.35,0.5,1.73,1.47,"Sand Point, Popof Island, Alaska [harmonics-dwf-20251228-free.txt]",Flach behalten,Nachbarn und FES nicht beide fuer neu,behalten
harmonics_noaa_amtt.txt,"Dora Harbor, Alaska",wctt-2237,10.7,8.6,4,18.62,17.89,0.25,,,"Sand Point, Popof Island, Alaska [harmonics-dwf-20251228-free.txt]",Flach behalten,Nachbarn sprechen nicht klar fuer neu,behalten
harmonics_noaa_amtt.txt,"Cape Mordvinof, Alaska",wctt-2249,47.4,12.1,6,16.07,14.84,0.67,5.57,5.14,"Unalaska, Alaska [harmonics-2004-06-14_mod.txt]",Flach behalten,Nachbarn und FES nicht beide fuer neu,behalten
harmonics_noaa_amtt.txt,"Anderson Bay, Alaska",wctt-2285,27.7,12.1,6,46.79,43.01,0.67,4.26,3.38,"Unalaska, Alaska [harmonics-2004-06-14_mod.txt]",Flach behalten,Nachbarn und FES nicht beide fuer neu,behalten
harmonics_noaa_amtt.txt,"Skan Bay, Alaska",wctt-2287,26.9,12.1,6,22.63,21.32,0.83,3.95,2.47,"Unalaska, Alaska [harmonics-2004-06-14_mod.txt]",Flach behalten,Nachbarn 25-100 km (6) und FES,schreiben
harmonics_noaa_amtt.txt,"Kashega Bay, Alaska",wctt-2289,41.1,12.1,6,16.25,15.94,0.5,17.83,17.27,"Unalaska, Alaska [harmonics-2004-06-14_mod.txt]",Flach behalten,Nachbarn und FES nicht beide fuer neu,behalten
harmonics_noaa_amtt.txt,"Chernofski Harbor, Alaska",wctt-2291,11.0,8.6,6,18.29,18.41,0.0,,,"Unalaska, Alaska [harmonics-2004-06-14_mod.txt]",Flach behalten,Nachbarn sprechen nicht klar fuer neu,behalten
harmonics_noaa_amtt.txt,"Kuliliak Bay, Alaska",wctt-2293,43.5,12.1,6,21.94,21.32,0.5,8.17,7.52,"Unalaska, Alaska [harmonics-2004-06-14_mod.txt]",Flach behalten,Nachbarn und FES nicht beide fuer neu,behalten
harmonics_noaa_amtt.txt,"Eagle Bay, Alaska",wctt-2295,43.4,12.1,6,53.2,47.35,1.0,7.32,7.38,"Unalaska, Alaska [harmonics-2004-06-14_mod.txt]",Flach behalten,Nachbarn und FES nicht beide fuer neu,behalten
harmonics_noaa_amtt.txt,"Raven Bay, Alaska",wctt-2297,46.9,12.1,6,23.89,23.2,0.5,8.67,7.88,"Unalaska, Alaska [harmonics-2004-06-14_mod.txt]",Flach behalten,Nachbarn und FES nicht beide fuer neu,behalten
harmonics_noaa_amtt.txt,"Usof Bay, Alaska",wctt-2299,41.5,12.1,6,54.76,49.29,0.5,10.23,8.9,"Unalaska, Alaska [harmonics-2004-06-14_mod.txt]",Flach behalten,Nachbarn und FES nicht beide fuer neu,behalten
harmonics_noaa_amtt.txt,"Kisselen Bay, Beaver Inlet, Alaska",wctt-2305,17.8,8.6,6,50.27,44.46,0.83,,,"Unalaska, Alaska [harmonics-2004-06-14_mod.txt]",Flach behalten,Nachbarn bis 25 km (6),schreiben
harmonics_noaa_amtt.txt,"Bogoslof Island, Alaska",wctt-2307,56.4,16.4,6,17.17,17.21,0.5,5.88,5.2,"Unalaska, Alaska [harmonics-2004-06-14_mod.txt]",Flach behalten,Nachbarn und FES nicht beide fuer neu,behalten
harmonics_noaa_amtt.txt,"Inanudak Bay, Alaska",wctt-2311,30.0,12.1,6,19.02,19.19,0.0,4.94,4.61,"Unalaska, Alaska [harmonics-2004-06-14_mod.txt]",Flach behalten,Nachbarn und FES nicht beide fuer neu,behalten
harmonics_noaa_amtt.txt,"Adugak Islands, Alaska",wctt-2315,20.0,8.6,1,4.29,3.1,1.0,,,"Unalaska, Alaska [harmonics-2004-06-14_mod.txt]",Flach behalten,Nachbarn sprechen nicht klar fuer neu,behalten
harmonics_noaa_amtt.txt,"Cape Sagak, Alaska",wctt-2317,16.9,8.6,1,22.22,20.39,1.0,,,"Unalaska, Alaska [harmonics-2004-06-14_mod.txt]",Flach behalten,Nachbarn sprechen nicht klar fuer neu,behalten
harmonics_noaa_amtt.txt,"Driftwood Bay, Alaska",wctt-2319,10.4,8.6,1,23.22,21.21,1.0,,,"Unalaska, Alaska [harmonics-2004-06-14_mod.txt]",Flach behalten,Nachbarn sprechen nicht klar fuer neu,behalten
harmonics_noaa_amtt.txt,"Kigul Island, Alaska",wctt-2323,31.7,12.1,6,17.16,17.54,0.17,12.35,11.02,"Unalaska, Alaska [harmonics-2004-06-14_mod.txt]",Flach behalten,Nachbarn und FES nicht beide fuer neu,behalten
harmonics_noaa_amtt.txt,"Applegate Cove, Chuginadak Island, Alaska",wctt-2325,67.3,16.4,1,11.06,3.8,1.0,11.12,3.98,"Unalaska, Alaska [harmonics-2004-06-14_mod.txt]",Flach behalten,Nachbarn 25-100 km (1) und FES,schreiben
harmonics_noaa_amtt.txt,"Herbert Island, west side, Alaska",wctt-2327,89.4,16.4,1,17.67,10.1,1.0,8.31,6.02,"Unalaska, Alaska [harmonics-2004-06-14_mod.txt]",Flach behalten,Nachbarn 25-100 km (1) und FES,schreiben
harmonics_noaa_amtt.txt,"East Cove, Alaska",wctt-2329,118.0,nan,0,,,,,,"Unalaska, Alaska [harmonics-2004-06-14_mod.txt]",Flach behalten,kein Nachbar unter 100 km,behalten
harmonics_noaa_amtt.txt,"North side, Alaska",wctt-2331,126.2,nan,0,,,,,,"Unalaska, Alaska [harmonics-2004-06-14_mod.txt]",Flach behalten,kein Nachbar unter 100 km,behalten
harmonics_noaa_amtt.txt,"Amukta Island, north side, Alaska",wctt-2333,165.9,nan,0,,,,,,"Unalaska, Alaska [harmonics-2004-06-14_mod.txt]",Flach behalten,kein Nachbar unter 100 km,behalten
harmonics_noaa_amtt.txt,"Finch Cove, Seguam Island #, Alaska",wctt-2335,121.7,nan,0,,,,,,"Sweeper Cove, Adak Island, Alaska [harmonics-dwf-20251228-free.txt]",Flach behalten,kein Nachbar unter 100 km,behalten
harmonics_noaa_amtt.txt,"Cape Utalug (4 miles west of) #, Alaska",wctt-2341,12.9,8.6,1,17.91,16.41,1.0,,,"Sweeper Cove, Adak Island, Alaska [harmonics-dwf-20251228-free.txt]",Flach behalten,Nachbarn sprechen nicht klar fuer neu,behalten
harmonics_noaa_amtt.txt,"Atka Pass, east end #, Alaska",wctt-2343,82.3,16.4,2,14.3,12.79,1.0,6.92,5.82,"Sweeper Cove, Adak Island, Alaska [harmonics-dwf-20251228-free.txt]",Flach behalten,Nachbarn 25-100 km (2) und FES,schreiben
harmonics_noaa_amtt.txt,"Sagchudak Island #, Alaska",wctt-2345,30.6,12.1,1,17.75,16.07,1.0,5.94,5.14,"Sweeper Cove, Adak Island, Alaska [harmonics-dwf-20251228-free.txt]",Flach behalten,Nachbarn und FES nicht beide fuer neu,behalten
harmonics_noaa_amtt.txt,"Explorer Bay #, Alaska",wctt-2347,32.6,12.1,1,21.63,19.92,1.0,8.42,7.59,"Sweeper Cove, Adak Island, Alaska [harmonics-dwf-20251228-free.txt]",Flach behalten,Nachbarn und FES nicht beide fuer neu,behalten
harmonics_noaa_amtt.txt,"Bechevin Bay #, Alaska",wctt-2349,68.1,16.4,1,1.8,2.12,0.0,7.16,7.3,"Sweeper Cove, Adak Island, Alaska [harmonics-dwf-20251228-free.txt]",Flach behalten,Nachbarn und FES nicht beide fuer neu,behalten
harmonics_noaa_amtt.txt,"Fenimore Pass #, Alaska",wctt-2351,73.3,16.4,1,2.56,4.21,0.0,6.54,6.81,"Sweeper Cove, Adak Island, Alaska [harmonics-dwf-20251228-free.txt]",Flach behalten,Nachbarn und FES nicht beide fuer neu,behalten
harmonics_noaa_amtt.txt,"Bugle Point, Great Sitkin Island #, Alaska",wctt-2353,48.8,12.1,1,2.41,4.13,0.0,1.84,3.2,"Sweeper Cove, Adak Island, Alaska [harmonics-dwf-20251228-free.txt]",Flach behalten,Nachbarn und FES nicht beide fuer neu,behalten
harmonics_noaa_amtt.txt,"Sand Bay, Great Sitkin Island #, Alaska",wctt-2355,39.8,12.1,1,1.53,2.85,0.0,3.43,3.4,"Sweeper Cove, Adak Island, Alaska [harmonics-dwf-20251228-free.txt]",Flach behalten,Nachbarn und FES nicht beide fuer neu,behalten
harmonics_noaa_amtt.txt,"Tanager Point, Chugul Island #, Alaska",wctt-2357,53.8,16.4,1,13.26,12.79,1.0,11.59,10.77,"Sweeper Cove, Adak Island, Alaska [harmonics-dwf-20251228-free.txt]",Flach behalten,Nachbarn und FES nicht beide fuer neu,behalten
harmonics_noaa_amtt.txt,"Laska Cove, Kagalaska Island #, Alaska",wctt-2359,16.6,8.6,1,0.8,2.56,0.0,,,"Sweeper Cove, Adak Island, Alaska [harmonics-dwf-20251228-free.txt]",Flach behalten,Nachbarn sprechen nicht klar fuer neu,behalten
harmonics_noaa_amtt.txt,"Adak Bight #, Alaska",wctt-2363,17.5,8.6,1,10.77,10.45,1.0,,,"Sweeper Cove, Adak Island, Alaska [harmonics-dwf-20251228-free.txt]",Flach behalten,Nachbarn sprechen nicht klar fuer neu,behalten
harmonics_noaa_amtt.txt,"Boot Bay #, Alaska",wctt-2365,17.5,8.6,1,11.68,11.4,1.0,,,"Sweeper Cove, Adak Island, Alaska [harmonics-dwf-20251228-free.txt]",Flach behalten,Nachbarn sprechen nicht klar fuer neu,behalten
harmonics_noaa_amtt.txt,"Bay of Waterfalls #, Alaska",wctt-2367,27.0,12.1,1,10.45,10.35,1.0,4.35,5.33,"Sweeper Cove, Adak Island, Alaska [harmonics-dwf-20251228-free.txt]",Flach behalten,Nachbarn und FES nicht beide fuer neu,behalten
harmonics_noaa_amtt.txt,"Unalga Bight #, Alaska",wctt-2369,14.1,8.6,1,1.67,2.92,0.0,,,"Sweeper Cove, Adak Island, Alaska [harmonics-dwf-20251228-free.txt]",Flach behalten,Nachbarn sprechen nicht klar fuer neu,behalten
harmonics_noaa_amtt.txt,"Shoal Point, Alaska",wctt-2371,29.5,12.1,1,3.07,4.71,0.0,2.24,3.83,"Sweeper Cove, Adak Island, Alaska [harmonics-dwf-20251228-free.txt]",Flach behalten,Nachbarn und FES nicht beide fuer neu,behalten
harmonics_noaa_amtt.txt,"Cape Chlanak, Alaska",wctt-2373,38.7,12.1,1,9.04,9.18,0.0,4.18,4.67,"Sweeper Cove, Adak Island, Alaska [harmonics-dwf-20251228-free.txt]",Flach behalten,Nachbarn und FES nicht beide fuer neu,behalten
harmonics_noaa_amtt.txt,"Kanaga Bay #, Alaska",wctt-2375,41.9,12.1,1,10.95,10.42,1.0,5.74,4.87,"Sweeper Cove, Adak Island, Alaska [harmonics-dwf-20251228-free.txt]",Flach behalten,Nachbarn und FES nicht beide fuer neu,behalten
harmonics_noaa_amtt.txt,"Cape Chunu #, Alaska",wctt-2377,71.8,16.4,1,12.17,11.39,1.0,5.47,4.79,"Sweeper Cove, Adak Island, Alaska [harmonics-dwf-20251228-free.txt]",Flach behalten,Nachbarn und FES nicht beide fuer neu,behalten
harmonics_noaa_amtt.txt,"Hot Springs Bay #, Alaska",wctt-2379,80.4,16.4,1,4.36,5.71,0.0,3.71,5.09,"Sweeper Cove, Adak Island, Alaska [harmonics-dwf-20251228-free.txt]",Flach behalten,Nachbarn und FES nicht beide fuer neu,behalten
harmonics_noaa_amtt.txt,"Tanaga Bay #, Alaska",wctt-2381,95.1,16.4,1,2.73,2.05,1.0,2.87,2.9,"Sweeper Cove, Adak Island, Alaska [harmonics-dwf-20251228-free.txt]",Flach behalten,Nachbarn und FES nicht beide fuer neu,behalten
harmonics_noaa_amtt.txt,"Lash Bay #, Alaska",wctt-2383,99.6,16.4,1,9.14,8.29,1.0,4.45,3.75,"Sweeper Cove, Adak Island, Alaska [harmonics-dwf-20251228-free.txt]",Flach behalten,Nachbarn und FES nicht beide fuer neu,behalten
harmonics_noaa_amtt.txt,"Ogliuga Island (east coast) #, Alaska",wctt-2385,139.3,nan,0,,,,,,"Sweeper Cove, Adak Island, Alaska [harmonics-dwf-20251228-free.txt]",Flach behalten,kein Nachbar unter 100 km,behalten
harmonics_noaa_amtt.txt,"Gareloi Island #, Alaska",wctt-2387,137.9,nan,0,,,,,,"Sweeper Cove, Adak Island, Alaska [harmonics-dwf-20251228-free.txt]",Flach behalten,kein Nachbar unter 100 km,behalten
harmonics_noaa_amtt.txt,"Gertrude Cove, Kiska Island #, Alaska",wctt-2391,139.1,nan,0,,,,,,"Sweeper Cove, Adak Island, Alaska [harmonics-dwf-20251228-free.txt]",Flach behalten,kein Nachbar unter 100 km,behalten
harmonics_noaa_amtt.txt,"Kiska Harbor, Kiska Island #, Alaska",wctt-2393,135.4,nan,0,,,,,,"Sweeper Cove, Adak Island, Alaska [harmonics-dwf-20251228-free.txt]",Flach behalten,kein Nachbar unter 100 km,behalten
harmonics_noaa_amtt.txt,"Alcan Harbor, Shemya Island #, Alaska",wctt-2395,59.8,16.4,2,0.95,1.28,0.0,2.13,3.46,"Attu, Massacre Bay, Alaska [harmonics-dwf-20251228-free.txt]",Flach behalten,Nachbarn und FES nicht beide fuer neu,behalten
harmonics_noaa_amtt.txt,"Otkriti Bay, Agattu Island #, Alaska",wctt-2397,58.8,16.4,2,1.85,1.99,0.0,2.46,3.03,"Attu, Massacre Bay, Alaska [harmonics-dwf-20251228-free.txt]",Flach behalten,Nachbarn und FES nicht beide fuer neu,behalten
harmonics_noaa_amtt.txt,"Chichagof Harbor #, Alaska",wctt-2401,10.7,8.6,2,2.82,1.69,1.0,,,"Attu, Massacre Bay, Alaska [harmonics-dwf-20251228-free.txt]",Flach behalten,Nachbarn bis 25 km (2),schreiben
harmonics_noaa_amtt.txt,"Holtz Bay #, Alaska",wctt-2403,10.5,8.6,2,2.97,0.98,1.0,,,"Attu, Massacre Bay, Alaska [harmonics-dwf-20251228-free.txt]",Flach behalten,Nachbarn bis 25 km (2),schreiben
harmonics_noaa_amtt.txt,"Steller Cove #, Alaska",wctt-2405,25.4,12.1,2,2.84,0.54,1.0,2.55,2.87,"Attu, Massacre Bay, Alaska [harmonics-dwf-20251228-free.txt]",Flach behalten,Nachbarn und FES nicht beide fuer neu,behalten
harmonics_noaa_amtt.txt,"Etienne Bay #, Alaska",wctt-2407,40.2,12.1,2,2.96,0.98,1.0,2.19,2.4,"Attu, Massacre Bay, Alaska [harmonics-dwf-20251228-free.txt]",Flach behalten,Nachbarn und FES nicht beide fuer neu,behalten
harmonics_noaa_amtt.txt,"Amak Island, Alaska",wctt-2409,35.2,12.1,6,27.72,25.87,1.0,7.01,6.73,"Unalaska, Alaska [harmonics-2004-06-14_mod.txt]",Flach behalten,Nachbarn und FES nicht beide fuer neu,behalten
harmonics_noaa_amtt.txt,"Grant Point, Izembek Lagoon, Alaska",wctt-2411,14.4,8.6,1,25.23,24.26,1.0,,,"Unalaska, Alaska [harmonics-2004-06-14_mod.txt]",Flach behalten,Nachbarn sprechen nicht klar fuer neu,behalten
harmonics_noaa_amtt.txt,"St. Matthew Island, Alaska",wctt-2467,359.7,nan,0,,,,,,"Village Cove, St. Paul Island, Pribilof Islands, Alaska [harmonics-dwf-20251228-free.txt]",Flach behalten,kein Nachbar unter 100 km,behalten
harmonics_noaa_amtt.txt,"Pikmiktalik River entrance #, Alaska",wctt-2483,32.5,12.1,4,7.91,6.3,1.0,10.45,9.77,"Unalakleet, Alaska [harmonics-dwf-20251228-free.txt]",Flach behalten,Nachbarn und FES nicht beide fuer neu,behalten
harmonics_noaa_amtt.txt,"North Bay, Stuart Island #, Alaska",wctt-2487,14.5,8.6,1,8.57,9.35,0.0,,,"Unalakleet, Alaska [harmonics-dwf-20251228-free.txt]",Flach behalten,Nachbarn sprechen nicht klar fuer neu,behalten
harmonics_noaa_cptt.txt,"Samuila I., Komsomolskoi Pravdy Island, Russia",cptt-19,5.9,9.2,1,11.99,13.53,0.0,,,"Busan New Port, South Korea [harmonics_utide_tidetables.txt]",Flach behalten,Nachbarn sprechen nicht klar fuer neu,behalten
harmonics_noaa_cptt.txt,"Starokadomskogo Island, Russia",cptt-21,69.0,16.4,2,23.52,30.45,0.0,19.32,24.85,"Busan New Port, South Korea [harmonics_utide_tidetables.txt]",Flach behalten,Nachbarn und FES nicht beide fuer neu,behalten
harmonics_noaa_cptt.txt,"Pronchishchevoi Bay, Russia",cptt-23,270.5,nan,0,,,,,,"Busan New Port, South Korea [harmonics_utide_tidetables.txt]",Flach behalten,kein Nachbar unter 100 km,behalten
harmonics_noaa_cptt.txt,"Preobrazheniya Island, Russia",cptt-25,347.8,nan,0,,,,,,"Busan New Port, South Korea [harmonics_utide_tidetables.txt]",Flach behalten,kein Nachbar unter 100 km,behalten
harmonics_noaa_cptt.txt,"Mali (Small) Begichev Island, Russia",cptt-27,368.1,nan,0,,,,,,"Busan New Port, South Korea [harmonics_utide_tidetables.txt]",Flach behalten,kein Nachbar unter 100 km,behalten
harmonics_noaa_cptt.txt,"Nordvik Bay, Russia",cptt-29,403.5,nan,0,,,,,,"Busan New Port, South Korea [harmonics_utide_tidetables.txt]",Flach behalten,kein Nachbar unter 100 km,behalten
harmonics_noaa_cptt.txt,"Khara-Tumus Peninsula, Russia",cptt-31,391.2,nan,0,,,,,,"Busan New Port, South Korea [harmonics_utide_tidetables.txt]",Flach behalten,kein Nachbar unter 100 km,behalten
harmonics_noaa_cptt.txt,"Kozhevnikova Bay, Russia",cptt-33,452.6,nan,0,,,,,,"Busan New Port, South Korea [harmonics_utide_tidetables.txt]",Flach behalten,kein Nachbar unter 100 km,behalten
harmonics_noaa_cptt.txt,"Syndaska Bay entrance, Russia",cptt-35,468.8,nan,0,,,,,,"Busan New Port, South Korea [harmonics_utide_tidetables.txt]",Flach behalten,kein Nachbar unter 100 km,behalten
harmonics_noaa_cptt.txt,"Cape Bolshaya Karga, Russia",cptt-37,464.2,nan,0,,,,,,"Busan New Port, South Korea [harmonics_utide_tidetables.txt]",Flach behalten,kein Nachbar unter 100 km,behalten
harmonics_noaa_cptt.txt,"Kresty Peninsula, Khatanga River, Russia",cptt-39,480.9,nan,0,,,,,,"Busan New Port, South Korea [harmonics_utide_tidetables.txt]",Flach behalten,kein Nachbar unter 100 km,behalten
harmonics_noaa_cptt.txt,"Cape Khorgo, Anabarski Bay, Russia",cptt-41,473.6,nan,0,,,,,,"Busan New Port, South Korea [harmonics_utide_tidetables.txt]",Flach behalten,kein Nachbar unter 100 km,behalten
harmonics_noaa_cptt.txt,"Bulunkan Bay, Tiksi Bay, Russia",cptt-45,9.4,9.2,1,36.03,38.82,0.0,,,"Busan New Port, South Korea [harmonics_utide_tidetables.txt]",Flach behalten,Nachbarn sprechen nicht klar fuer neu,behalten
harmonics_noaa_cptt.txt,"Omoloi River entrance, Russia",cptt-47,121.6,nan,0,,,,,,"Busan New Port, South Korea [harmonics_utide_tidetables.txt]",Flach behalten,kein Nachbar unter 100 km,behalten
harmonics_noaa_cptt.txt,"Kotel'nyy Island Polar Station, Russia",cptt-51,70.4,16.4,1,42.73,38.82,1.0,9.4,7.74,"Yeong-do, Busan, South Korea [harmonics-1997-05-25_mod.txt]",Flach behalten,Nachbarn 25-100 km (1) und FES,schreiben
harmonics_noaa_cptt.txt,"Cape Medvezhi, Kotel'nyy Island, Russia",cptt-55,98.2,16.4,1,41.62,44.89,0.0,16.27,19.37,"Busan New Port, South Korea [harmonics_utide_tidetables.txt]",Flach behalten,Nachbarn und FES nicht beide fuer neu,behalten
harmonics_noaa_cptt.txt,"Cape Shalaurova, Russia",cptt-59,308.2,nan,0,,,,,,"Busan New Port, South Korea [harmonics_utide_tidetables.txt]",Flach behalten,kein Nachbar unter 100 km,behalten
harmonics_noaa_cptt.txt,"Cape Billingsa, Russia",cptt-69,309.4,nan,0,,,,,,"Busan New Port, South Korea [harmonics_utide_tidetables.txt]",Flach behalten,kein Nachbar unter 100 km,behalten
harmonics_noaa_cptt.txt,"Wrangell Island, Russia",cptt-71,473.2,nan,0,,,,,,"Busan New Port, South Korea [harmonics_utide_tidetables.txt]",Flach behalten,kein Nachbar unter 100 km,behalten
harmonics_noaa_cptt.txt,"Cape Shmidta, Russia",cptt-73,312.2,nan,0,,,,,,"Busan New Port, South Korea [harmonics_utide_tidetables.txt]",Flach behalten,kein Nachbar unter 100 km,behalten
harmonics_noaa_cptt.txt,"Alera Bay, Penkegnei Bay, Russia",cptt-81,48.3,12.1,1,15.96,15.57,1.0,13.57,15.31,"Busan New Port, South Korea [harmonics_utide_tidetables.txt]",Flach behalten,Nachbarn und FES nicht beide fuer neu,behalten
harmonics_noaa_cptt.txt,"Cape Razdelny, Kresta Bay, Russia",cptt-87,245.4,nan,0,,,,,,"Busan New Port, South Korea [harmonics_utide_tidetables.txt]",Flach behalten,kein Nachbar unter 100 km,behalten
harmonics_noaa_cptt.txt,"Engaugin Bay, Kresta Bay, Russia",cptt-89,270.1,nan,0,,,,,,"Busan New Port, South Korea [harmonics_utide_tidetables.txt]",Flach behalten,kein Nachbar unter 100 km,behalten
harmonics_noaa_cptt.txt,"Russkaya Koshka Spit, Russia",cptt-91,396.9,nan,0,,,,,,"Busan New Port, South Korea [harmonics_utide_tidetables.txt]",Flach behalten,kein Nachbar unter 100 km,behalten
harmonics_noaa_cptt.txt,"Salomatova Spit, Russia",cptt-93,420.7,nan,0,,,,,,"Busan New Port, South Korea [harmonics_utide_tidetables.txt]",Flach behalten,kein Nachbar unter 100 km,behalten
harmonics_noaa_cptt.txt,"Melkaya Bay, Russia",cptt-95,442.2,nan,0,,,,,,"Busan New Port, South Korea [harmonics_utide_tidetables.txt]",Flach behalten,kein Nachbar unter 100 km,behalten
harmonics_noaa_cptt.txt,"Strelka Spit, Anadyr Gulf, Russia",cptt-99,410.4,nan,0,,,,,,"Busan New Port, South Korea [harmonics_utide_tidetables.txt]",Flach behalten,kein Nachbar unter 100 km,behalten
harmonics_noaa_cptt.txt,"Ugolnaya Bay, Russia",cptt-101,393.6,nan,0,,,,,,"Busan New Port, South Korea [harmonics_utide_tidetables.txt]",Flach behalten,kein Nachbar unter 100 km,behalten
harmonics_noaa_cptt.txt,"Anastasii Bay, Russia",cptt-103,454.2,nan,0,,,,,,"Ostrov Paramushir, Kuril Islands, Russia [harmonics_utide_tidetables.txt]",Flach behalten,kein Nachbar unter 100 km,behalten
harmonics_noaa_cptt.txt,"Imatra Bay, Glubokaya Bay, Russia",cptt-105,429.8,nan,0,,,,,,"Ostrov Paramushir, Kuril Islands, Russia [harmonics_utide_tidetables.txt]",Flach behalten,kein Nachbar unter 100 km,behalten
harmonics_noaa_cptt.txt,"Cape Olyutorski, Russia",cptt-107,415.9,nan,0,,,,,,"Ostrov Paramushir, Kuril Islands, Russia [harmonics_utide_tidetables.txt]",Flach behalten,kein Nachbar unter 100 km,behalten
harmonics_noaa_cptt.txt,"Lavora Harbor, Russia",cptt-109,261.0,nan,0,,,,,,"Ostrov Paramushir, Kuril Islands, Russia [harmonics_utide_tidetables.txt]",Flach behalten,kein Nachbar unter 100 km,behalten
harmonics_noaa_cptt.txt,"Sibir Harbor, Russia",cptt-111,233.9,nan,0,,,,,,"Ostrov Paramushir, Kuril Islands, Russia [harmonics_utide_tidetables.txt]",Flach behalten,kein Nachbar unter 100 km,behalten
harmonics_noaa_cptt.txt,"Cape Kryugera, Russia",cptt-113,271.2,nan,0,,,,,,"Ostrov Paramushir, Kuril Islands, Russia [harmonics_utide_tidetables.txt]",Flach behalten,kein Nachbar unter 100 km,behalten
harmonics_noaa_cptt.txt,"Morzhovaya Bay, Russia",cptt-117,90.0,16.4,2,6.81,6.88,0.5,4.82,4.96,"Ostrov Paramushir, Kuril Islands, Russia [harmonics_utide_tidetables.txt]",Flach behalten,Nachbarn und FES nicht beide fuer neu,behalten
harmonics_noaa_cptt.txt,"Kompakova River entrance, Russia",cptt-131,266.6,nan,0,,,,,,"Ostrov Paramushir, Kuril Islands, Russia [harmonics_utide_tidetables.txt]",Flach behalten,kein Nachbar unter 100 km,behalten
harmonics_noaa_cptt.txt,"Oblukovina River entrance, Russia",cptt-133,325.0,nan,0,,,,,,"Ostrov Paramushir, Kuril Islands, Russia [harmonics_utide_tidetables.txt]",Flach behalten,kein Nachbar unter 100 km,behalten
harmonics_noaa_cptt.txt,"Matugin Point, Russia",cptt-137,234.8,nan,0,,,,,,"Air Musi (Outer Bar), Indonesia [harmonics-1997-05-25_mod.txt]",Flach behalten,kein Nachbar unter 100 km,behalten
harmonics_noaa_cptt.txt,"Gizhiga River entrance, Russia",cptt-139,217.7,nan,0,,,,,,"Air Musi (Outer Bar), Indonesia [harmonics-1997-05-25_mod.txt]",Flach behalten,kein Nachbar unter 100 km,behalten
harmonics_noaa_cptt.txt,"Nayakhanskaya Bay, Russia",cptt-141,290.7,nan,0,,,,,,"Air Musi (Outer Bar), Indonesia [harmonics-1997-05-25_mod.txt]",Flach behalten,kein Nachbar unter 100 km,behalten
harmonics_noaa_cptt.txt,"Udacha Bay, Russia",cptt-143,244.9,nan,0,,,,,,"Air Musi (Outer Bar), Indonesia [harmonics-1997-05-25_mod.txt]",Flach behalten,kein Nachbar unter 100 km,behalten
harmonics_noaa_cptt.txt,"Ola Anchorage, Tauiskaya Bay, Russia",cptt-145,21.2,8.6,1,20.55,7.53,1.0,,,"Kazi-Ga-Hana, Fukuoka, Japan [harmonics-2004-06-14_mod.txt]",Flach behalten,Nachbarn sprechen nicht klar fuer neu,behalten
harmonics_noaa_cptt.txt,"Okhotsk, Russia",cptt-149,430.4,nan,0,,,,,,"Kazi-Ga-Hana, Fukuoka, Japan [harmonics-2004-06-14_mod.txt]",Flach behalten,kein Nachbar unter 100 km,behalten
harmonics_noaa_cptt.txt,"Ayan Bay, Russia",cptt-151,415.8,nan,0,,,,,,"Brisbane Bar, Queensland, Australia [harmonics_utide_observations.txt]",Flach behalten,kein Nachbar unter 100 km,behalten
harmonics_noaa_cptt.txt,"Udskaya Bay, Russia",cptt-153,469.9,nan,0,,,,,,"Brisbane Bar, Queensland, Australia [harmonics_utide_observations.txt]",Flach behalten,kein Nachbar unter 100 km,behalten
harmonics_noaa_cptt.txt,"Levyazhya Bay, Feklistov Island, Russia",cptt-155,386.4,nan,0,,,,,,"Brisbane Bar, Queensland, Australia [harmonics_utide_observations.txt]",Flach behalten,kein Nachbar unter 100 km,behalten
harmonics_noaa_cptt.txt,"Abrek Bay, Little Shantar Island, Russia",cptt-157,316.9,nan,0,,,,,,"Brisbane Bar, Queensland, Australia [harmonics_utide_observations.txt]",Flach behalten,kein Nachbar unter 100 km,behalten
harmonics_noaa_cptt.txt,"Baldukov Island, Russia",cptt-159,57.0,16.4,1,7.49,6.99,1.0,10.2,9.94,"Jolo, Philippines [harmonics_ticon4_worldwide.txt]",Flach behalten,Nachbarn und FES nicht beide fuer neu,behalten
harmonics_noaa_cptt.txt,"Cape Tamlevo, Russia",cptt-161,37.0,12.1,1,5.78,5.59,1.0,10.91,9.77,"Jolo, Philippines [harmonics_ticon4_worldwide.txt]",Flach behalten,Nachbarn und FES nicht beide fuer neu,behalten
harmonics_noaa_cptt.txt,"Kuegda Bay, Russia",cptt-165,90.4,16.4,1,12.37,12.79,0.0,12.65,12.96,"Jolo, Philippines [harmonics_ticon4_worldwide.txt]",Flach behalten,Nachbarn und FES nicht beide fuer neu,behalten
harmonics_noaa_cptt.txt,"Urkt Bay entrance, Russia",cptt-167,55.2,16.4,1,27.9,26.88,1.0,15.88,15.49,"Ostrov Mamya, Kuril Islands, Russia [harmonics-1997-05-25_mod.txt]",Flach behalten,Nachbarn und FES nicht beide fuer neu,behalten
harmonics_noaa_cptt.txt,"Kyakrvo Anchorage, Russia",cptt-169,103.4,nan,0,,,,,,"Ostrov Mamya, Kuril Islands, Russia [harmonics-1997-05-25_mod.txt]",Flach behalten,kein Nachbar unter 100 km,behalten
harmonics_noaa_cptt.txt,"Chaivo Bay, Russia",cptt-171,143.3,nan,0,,,,,,"Ostrov Mamya, Kuril Islands, Russia [harmonics-1997-05-25_mod.txt]",Flach behalten,kein Nachbar unter 100 km,behalten
harmonics_noaa_cptt.txt,"Niski Bay, Russia",cptt-173,141.4,nan,0,,,,,,"Ostrov Mamya, Kuril Islands, Russia [harmonics-1997-05-25_mod.txt]",Flach behalten,kein Nachbar unter 100 km,behalten
harmonics_noaa_cptt.txt,"Luniski Bay entrance, Russia",cptt-175,107.1,nan,0,,,,,,"Ostrov Mamya, Kuril Islands, Russia [harmonics-1997-05-25_mod.txt]",Flach behalten,kein Nachbar unter 100 km,behalten
harmonics_noaa_cptt.txt,"Yatsu Misaki, Russia",cptt-223,94.1,16.4,1,21.95,22.83,0.0,7.67,10.34,"Busan New Port, South Korea [harmonics_utide_tidetables.txt]",Flach behalten,Nachbarn und FES nicht beide fuer neu,behalten
harmonics_noaa_cptt.txt,"Amur River entrance, Russia",cptt-245,99.7,16.4,1,22.81,22.6,1.0,19.89,20.01,"Jolo, Philippines [harmonics_ticon4_worldwide.txt]",Flach behalten,Nachbarn und FES nicht beide fuer neu,behalten
harmonics_noaa_cptt.txt,"Nikolayevsk, Amur River, Russia",cptt-247,108.1,nan,0,,,,,,"Jolo, Philippines [harmonics_ticon4_worldwide.txt]",Flach behalten,kein Nachbar unter 100 km,behalten
harmonics_noaa_cptt.txt,"Uyuzyut Island, Russia",cptt-249,105.3,nan,0,,,,,,"Jolo, Philippines [harmonics_ticon4_worldwide.txt]",Flach behalten,kein Nachbar unter 100 km,behalten
harmonics_noaa_cptt.txt,"Cape Dzhaore, Russia",cptt-251,115.4,nan,0,,,,,,"Jolo, Philippines [harmonics_ticon4_worldwide.txt]",Flach behalten,kein Nachbar unter 100 km,behalten
harmonics_noaa_cptt.txt,"Muko Jima, Ogasawara Gunto, Tokyo, Japan",cptt-557,65.8,16.4,3,2.8,1.9,1.0,5.35,3.21,"Yokohama (Shinko), Kanagawa, Japan [harmonics_ticon4_worldwide.txt]",Flach behalten,Nachbarn und FES nicht beide fuer neu,behalten
harmonics_noaa_cptt.txt,"Choguri-man, Koje-do, Busan, South Korea",cptt-1035,16.8,8.6,5,8.62,6.55,0.8,,,"Luhuashan, Zhejiang, China [harmonics_utide_tidetables.txt]",Flach behalten,Nachbarn bis 25 km (5),schreiben
harmonics_noaa_cptt.txt,"Koje-man, Koje-do, Busan, South Korea",cptt-1037,8.0,9.2,4,8.59,6.75,0.75,,,"Luhuashan, Zhejiang, China [harmonics_utide_tidetables.txt]",Flach behalten,Nachbarn bis 25 km (4),schreiben
harmonics_noaa_cptt.txt,"Yokchi-do, Busan, South Korea",cptt-1041,24.6,8.6,1,3.78,3.65,1.0,,,"Luhuashan, Zhejiang, China [harmonics_utide_tidetables.txt]",Flach behalten,Nachbarn sprechen nicht klar fuer neu,behalten
harmonics_noaa_cptt.txt,"Wis-som, Saryang-do, Busan, South Korea",cptt-1043,16.5,8.6,6,4.6,3.3,0.83,,,"Luhuashan, Zhejiang, China [harmonics_utide_tidetables.txt]",Flach behalten,Nachbarn bis 25 km (6),schreiben
harmonics_noaa_cptt.txt,"Kosong-man, Busan, South Korea",cptt-1045,11.1,8.6,4,7.59,6.09,1.0,,,"Luhuashan, Zhejiang, China [harmonics_utide_tidetables.txt]",Flach behalten,Nachbarn bis 25 km (4),schreiben
harmonics_noaa_cptt.txt,"Mijo-man, Namhae-do, Busan, South Korea",cptt-1047,22.3,8.6,4,4.81,3.42,0.75,,,"Luhuashan, Zhejiang, China [harmonics_utide_tidetables.txt]",Flach behalten,Nachbarn bis 25 km (4),schreiben
harmonics_noaa_cptt.txt,"Ch'ojon-ni, Busan, South Korea",cptt-1051,13.1,8.6,4,10.22,8.57,1.0,,,"Luhuashan, Zhejiang, China [harmonics_utide_tidetables.txt]",Flach behalten,Nachbarn bis 25 km (4),schreiben
harmonics_noaa_cptt.txt,"P'yougsan-ni, Namhae-do, Busan, South Korea",cptt-1053,7.8,9.2,5,5.96,4.3,0.8,,,"Luhuashan, Zhejiang, China [harmonics_utide_tidetables.txt]",Flach behalten,Nachbarn bis 25 km (5),schreiben
harmonics_noaa_cptt.txt,"Kwangyang-man, Busan, South Korea",cptt-1057,5.6,9.2,5,7.72,5.83,1.0,,,"Luhuashan, Zhejiang, China [harmonics_utide_tidetables.txt]",Flach behalten,Nachbarn bis 25 km (5),schreiben
harmonics_noaa_cptt.txt,"Noryang-ni, Busan, South Korea",cptt-1059,13.4,8.6,6,8.01,6.54,1.0,,,"Luhuashan, Zhejiang, China [harmonics_utide_tidetables.txt]",Flach behalten,Nachbarn bis 25 km (6),schreiben
harmonics_noaa_cptt.txt,"Chobal-to, Yoja-man, Jeju-do, South Korea",cptt-1061,18.8,8.6,4,10.32,8.68,1.0,,,"Luhuashan, Zhejiang, China [harmonics_utide_tidetables.txt]",Flach behalten,Nachbarn bis 25 km (4),schreiben
harmonics_noaa_cptt.txt,"Sonjuk-to, Sonjuk-yolto, Jeju-do, South Korea",cptt-1065,22.3,8.6,1,6.08,5.39,1.0,,,"Luhuashan, Zhejiang, China [harmonics_utide_tidetables.txt]",Flach behalten,Nachbarn sprechen nicht klar fuer neu,behalten
harmonics_noaa_cptt.txt,"Sayang-do, Naro-yolto, Jeju-do, South Korea",cptt-1067,9.4,9.2,1,5.27,3.82,1.0,,,"Luhuashan, Zhejiang, China [harmonics_utide_tidetables.txt]",Flach behalten,Nachbarn sprechen nicht klar fuer neu,behalten
harmonics_noaa_cptt.txt,"Mato-sudo, Jeju-do, South Korea",cptt-1071,15.0,8.6,4,6.92,4.65,1.0,,,"Luhuashan, Zhejiang, China [harmonics_utide_tidetables.txt]",Flach behalten,Nachbarn bis 25 km (4),schreiben
harmonics_noaa_cptt.txt,"Soan-hang, Soan-do, Jeju-do, South Korea",cptt-1075,21.4,8.6,3,5.49,4.42,0.67,,,"Luhuashan, Zhejiang, China [harmonics_utide_tidetables.txt]",Flach behalten,Nachbarn bis 25 km (3),schreiben
harmonics_noaa_cptt.txt,"Ch'agwi-do, Jeju-do, South Korea",cptt-1083,13.1,8.6,1,7.08,5.67,1.0,,,"Luhuashan, Zhejiang, China [harmonics_utide_tidetables.txt]",Flach behalten,Nachbarn sprechen nicht klar fuer neu,behalten
harmonics_noaa_cptt.txt,"Oran-ni, Maro-hae, Jeju-do, South Korea",cptt-1089,15.7,8.6,4,7.72,6.71,1.0,,,"Luhuashan, Zhejiang, China [harmonics_utide_tidetables.txt]",Flach behalten,Nachbarn bis 25 km (4),schreiben
harmonics_noaa_cptt.txt,"Sangma-do, Samma-do, Jeju-do, South Korea",cptt-1091,11.3,8.6,3,5.2,3.15,1.0,,,"Luhuashan, Zhejiang, China [harmonics_utide_tidetables.txt]",Flach behalten,Nachbarn bis 25 km (3),schreiben
harmonics_noaa_cptt.txt,"Hat'ae-do, Naju-kundo, Jeju-do, South Korea",cptt-1095,19.1,8.6,3,6.58,5.27,0.67,,,"Luhuashan, Zhejiang, China [harmonics_utide_tidetables.txt]",Flach behalten,Nachbarn bis 25 km (3),schreiben
harmonics_noaa_cptt.txt,"Chin-do, Jeju-do, South Korea",cptt-1097,12.0,8.6,5,17.06,16.01,0.8,,,"Luhuashan, Zhejiang, China [harmonics_utide_tidetables.txt]",Flach behalten,Nachbarn bis 25 km (5),schreiben
harmonics_noaa_cptt.txt,"Baikpachin, Jeju-do, South Korea",cptt-1099,8.3,9.2,4,11.01,10.33,1.0,,,"Luhuashan, Zhejiang, China [harmonics_utide_tidetables.txt]",Flach behalten,Nachbarn sprechen nicht klar fuer neu,behalten
harmonics_noaa_cptt.txt,"Siha-do, Jeju-do, South Korea",cptt-1103,12.0,8.6,5,5.57,5.42,0.8,,,"Luhuashan, Zhejiang, China [harmonics_utide_tidetables.txt]",Flach behalten,Nachbarn sprechen nicht klar fuer neu,behalten
harmonics_noaa_cptt.txt,"Yongsan-dong, Jeju-do, South Korea",cptt-1107,17.6,8.6,4,19.22,18.51,1.0,,,"Luhuashan, Zhejiang, China [harmonics_utide_tidetables.txt]",Flach behalten,Nachbarn sprechen nicht klar fuer neu,behalten
harmonics_noaa_cptt.txt,"Pigum-sudo, Naju-kundo, Jeju-do, South Korea",cptt-1111,35.3,12.1,6,5.9,5.7,1.0,2.93,3.79,"Luhuashan, Zhejiang, China [harmonics_utide_tidetables.txt]",Flach behalten,Nachbarn und FES nicht beide fuer neu,behalten
harmonics_noaa_cptt.txt,"Chaun-do, Naju-kundo, Jeju-do, South Korea",cptt-1113,26.0,12.1,6,6.51,6.09,0.83,5.71,5.28,"Luhuashan, Zhejiang, China [harmonics_utide_tidetables.txt]",Flach behalten,Nachbarn und FES nicht beide fuer neu,behalten
harmonics_noaa_cptt.txt,"Imja-do, Jeju-do, South Korea",cptt-1115,33.9,12.1,6,7.65,6.6,0.67,4.79,5.49,"Luhuashan, Zhejiang, China [harmonics_utide_tidetables.txt]",Flach behalten,Nachbarn und FES nicht beide fuer neu,behalten
harmonics_noaa_cptt.txt,"Dapu He (Bar), Hebei, China",cptt-1265,10.9,8.6,1,34.66,14.95,1.0,,,"Qinhuangdao, Hebei, China [harmonics_utide_tidetables.txt]",Flach behalten,Nachbarn sprechen nicht klar fuer neu,behalten
harmonics_noaa_cptt.txt,"Hailu Dao, Shandong, China",cptt-1333,7.6,9.2,1,16.97,14.67,1.0,,,"Tanggu, Tianjin, China [harmonics_utide_tidetables.txt]",Flach behalten,ein Nachbar unter 10 km,schreiben
harmonics_noaa_cptt.txt,"Lidao Wan [Litao Bay], Shandong, China",cptt-1339,17.5,8.6,1,20.32,14.34,1.0,,,"Tanggu, Tianjin, China [harmonics_utide_tidetables.txt]",Flach behalten,Nachbarn sprechen nicht klar fuer neu,behalten
harmonics_noaa_cptt.txt,"Pingshan Dao, Shandong, China",cptt-1369,40.8,12.1,6,5.87,4.88,0.67,3.86,4.75,"Lianyungang, Jiangsu, China [harmonics_utide_tidetables.txt]",Flach behalten,Nachbarn und FES nicht beide fuer neu,behalten
harmonics_noaa_cptt.txt,"Qinshan Dao, Jiangsu, China",cptt-1371,17.8,8.6,2,3.73,2.43,0.5,,,"Lianyungang, Jiangsu, China [harmonics_utide_tidetables.txt]",Flach behalten,Nachbarn sprechen nicht klar fuer neu,behalten
harmonics_noaa_cptt.txt,"Kaishan Dao, Jiangsu, China",cptt-1375,9.5,9.2,1,7.35,7.65,0.0,,,"Lianyungang, Jiangsu, China [harmonics_utide_tidetables.txt]",Flach behalten,Nachbarn sprechen nicht klar fuer neu,behalten
harmonics_noaa_cptt.txt,"Shizhen (Zhongwai Yu), Fujian, China",cptt-1483,7.7,9.2,4,5.14,4.58,0.75,,,"Xiamen, Fujian, China [harmonics_ticon4_worldwide.txt]",Flach behalten,Nachbarn sprechen nicht klar fuer neu,behalten
harmonics_noaa_cptt.txt,"Wutongdao, Fujian, China",cptt-1485,15.0,8.6,3,2.19,2.22,0.67,,,"Xiamen, Fujian, China [harmonics_ticon4_worldwide.txt]",Flach behalten,Nachbarn sprechen nicht klar fuer neu,behalten
harmonics_noaa_cptt.txt,"Dadan Dao [Amoy, outer harbor], Fujian, China",cptt-1487,12.5,8.6,3,1.87,2.48,0.33,,,"Xiamen, Fujian, China [harmonics_ticon4_worldwide.txt]",Flach behalten,Nachbarn sprechen nicht klar fuer neu,behalten
harmonics_noaa_cptt.txt,"Qianyan [Knob Rock], Fujian, China",cptt-1491,13.4,8.6,1,7.89,7.24,1.0,,,"Xiamen, Fujian, China [harmonics_ticon4_worldwide.txt]",Flach behalten,Nachbarn sprechen nicht klar fuer neu,behalten
harmonics_noaa_cptt.txt,"Nanao Dao (Yunao Wan), Guangdong, China",cptt-1493,5.1,9.2,2,10.23,4.86,1.0,,,"Shantou (Han River), Guangdong, China [harmonics-1997-05-25_mod.txt]",Flach behalten,Nachbarn bis 25 km (2),schreiben
harmonics_noaa_cptt.txt,"Dahao, Guangdong, China",cptt-1497,19.5,8.6,2,5.2,5.31,0.5,,,"Shantou (Han River), Guangdong, China [harmonics-1997-05-25_mod.txt]",Flach behalten,Nachbarn sprechen nicht klar fuer neu,behalten
harmonics_noaa_cptt.txt,"Biaojiao, Guangdong, China",cptt-1499,9.3,9.2,3,14.07,4.94,1.0,,,"Shantou (Han River), Guangdong, China [harmonics-1997-05-25_mod.txt]",Flach behalten,Nachbarn bis 25 km (3),schreiben
harmonics_noaa_cptt.txt,"Dahao Dock, Guangdong, China",cptt-1501,9.3,9.2,3,9.46,4.54,1.0,,,"Shantou (Han River), Guangdong, China [harmonics-1997-05-25_mod.txt]",Flach behalten,Nachbarn bis 25 km (3),schreiben
harmonics_noaa_cptt.txt,"Shibeshan Jiao, Guangdong, China",cptt-1505,31.0,12.1,6,5.69,6.58,0.5,20.18,12.54,"Shantou (Han River), Guangdong, China [harmonics-1997-05-25_mod.txt]",Flach behalten,Nachbarn und FES nicht beide fuer neu,behalten
harmonics_noaa_cptt.txt,"Peng Chau, Hong Kong",cptt-1507,11.7,8.6,4,5.34,5.25,1.0,,,"Quarry Bay, Hong Kong, China [harmonics_utide_tidetables.txt]",Flach behalten,Nachbarn sprechen nicht klar fuer neu,behalten
harmonics_noaa_cptt.txt,"Tide Cove, Hong Kong",cptt-1511,5.0,9.2,6,3.91,3.12,1.0,,,"Quarry Bay, Hong Kong, China [harmonics_utide_tidetables.txt]",Flach behalten,Nachbarn sprechen nicht klar fuer neu,behalten
harmonics_noaa_cptt.txt,"Port Shelter, Hong Kong",cptt-1513,11.6,8.6,6,5.12,4.4,1.0,,,"Quarry Bay, Hong Kong, China [harmonics_utide_tidetables.txt]",Flach behalten,Nachbarn sprechen nicht klar fuer neu,behalten
harmonics_noaa_cptt.txt,"Taitam Bay, Hong Kong",cptt-1515,6.7,9.2,6,3.33,3.04,0.67,,,"Quarry Bay, Hong Kong, China [harmonics_utide_tidetables.txt]",Flach behalten,Nachbarn sprechen nicht klar fuer neu,behalten
harmonics_noaa_cptt.txt,"Aberdeen Harbor, Hong Kong",cptt-1517,8.0,9.2,6,3.33,3.08,0.67,,,"Quarry Bay, Hong Kong, China [harmonics_utide_tidetables.txt]",Flach behalten,Nachbarn sprechen nicht klar fuer neu,behalten
harmonics_noaa_cptt.txt,"Wen Wei Rock, Guangdong, China",cptt-1521,25.8,12.1,6,5.23,6.57,0.0,4.75,6.91,"Quarry Bay, Hong Kong, China [harmonics_utide_tidetables.txt]",Flach behalten,Nachbarn und FES nicht beide fuer neu,behalten
harmonics_noaa_cptt.txt,"Wai-ling-ting, Hong Kong",cptt-1523,12.8,8.6,5,4.07,2.35,1.0,,,"Quarry Bay, Hong Kong, China [harmonics_utide_tidetables.txt]",Flach behalten,Nachbarn bis 25 km (5),schreiben
harmonics_noaa_cptt.txt,"Sishengwei, Guangdong, China",cptt-1531,8.8,9.2,5,13.41,8.49,0.8,,,"Huangpu, Guangdong, China [harmonics_utide_tidetables.txt]",Flach behalten,Nachbarn bis 25 km (5),schreiben
harmonics_noaa_cptt.txt,"Sanshakou, Guangdong, China",cptt-1533,9.4,9.2,5,12.86,6.63,0.8,,,"Huangpu, Guangdong, China [harmonics_utide_tidetables.txt]",Flach behalten,Nachbarn bis 25 km (5),schreiben
harmonics_noaa_cptt.txt,"Nizhoutou, Guangdong, China",cptt-1535,8.2,9.2,5,13.46,6.19,0.8,,,"Huangpu, Guangdong, China [harmonics_utide_tidetables.txt]",Flach behalten,Nachbarn bis 25 km (5),schreiben
harmonics_noaa_cptt.txt,"Dasheng, Guangdong, China",cptt-1539,8.8,9.2,3,10.79,5.3,1.0,,,"Huangpu, Guangdong, China [harmonics_utide_tidetables.txt]",Flach behalten,Nachbarn bis 25 km (3),schreiben
harmonics_noaa_cptt.txt,"Chisha (Lighthouse), Guangdong, China",cptt-1541,6.5,9.2,3,10.68,4.91,0.67,,,"Huangpu, Guangdong, China [harmonics_utide_tidetables.txt]",Flach behalten,Nachbarn bis 25 km (3),schreiben
harmonics_noaa_cptt.txt,"Bazhou, Guangzhou, Guangdong, China",cptt-1545,8.4,9.2,4,12.2,4.8,1.0,,,"Huangpu, Guangdong, China [harmonics_utide_tidetables.txt]",Flach behalten,Nachbarn bis 25 km (4),schreiben
harmonics_noaa_cptt.txt,"Chikanzi (Hongkan Wan), Guangdong, China",cptt-1547,26.2,12.1,6,8.02,7.25,0.33,18.52,15.02,"Haikou, Hainan, China [harmonics_ticon4_worldwide.txt]",Flach behalten,Nachbarn und FES nicht beide fuer neu,behalten
harmonics_noaa_cptt.txt,"Haian, Guangdong, China",cptt-1549,11.8,8.6,1,5.34,4.07,1.0,,,"Haikou, Hainan, China [harmonics_ticon4_worldwide.txt]",Flach behalten,Nachbarn sprechen nicht klar fuer neu,behalten
harmonics_noaa_cptt.txt,"Dengmai Wan, Hainan, China",cptt-1551,8.7,9.2,3,14.43,9.05,1.0,,,"Haikou, Hainan, China [harmonics_ticon4_worldwide.txt]",Flach behalten,Nachbarn bis 25 km (3),schreiben
harmonics_noaa_cptt.txt,"Haikoushi [Hai-k'ou, Hoihow], Hainan, China",cptt-1555,6.3,9.2,3,5.31,6.71,0.33,,,"Haikou, Hainan, China [harmonics_ticon4_worldwide.txt]",Flach behalten,Nachbarn sprechen nicht klar fuer neu,behalten
harmonics_noaa_cptt.txt,"Dongxicun, Hainan, China",cptt-1559,5.2,9.2,1,13.49,10.66,1.0,,,"Haikou, Hainan, China [harmonics_ticon4_worldwide.txt]",Flach behalten,ein Nachbar unter 10 km,schreiben
harmonics_noaa_cptt.txt,"Kuwei Jiao, Vietnam",cptt-1563,19.1,8.6,1,12.62,8.48,1.0,,,"Haikou, Hainan, China [harmonics_ticon4_worldwide.txt]",Flach behalten,Nachbarn sprechen nicht klar fuer neu,behalten
harmonics_noaa_cptt.txt,"Off Beihai, Vietnam",cptt-1569,10.3,8.6,2,9.19,2.68,1.0,,,"Beihai, Guangxi, China [harmonics_ticon4_worldwide.txt]",Flach behalten,Nachbarn bis 25 km (2),schreiben
harmonics_noaa_cptt.txt,"Dafeng Jiang, Vietnam",cptt-1571,27.9,12.1,6,6.74,3.06,1.0,6.8,2.45,"Beihai, Guangxi, China [harmonics_ticon4_worldwide.txt]",Flach behalten,Nachbarn 25-100 km (6) und FES,schreiben
harmonics_noaa_cptt.txt,"Sanniang Wan, Vietnam",cptt-1573,27.4,12.1,6,6.99,3.11,1.0,7.05,2.42,"Beihai, Guangxi, China [harmonics_ticon4_worldwide.txt]",Flach behalten,Nachbarn 25-100 km (6) und FES,schreiben
harmonics_noaa_cptt.txt,"Hau Giang River entrance, Tien Giang, Vietnam",cptt-1663,29.5,12.1,6,8.24,5.69,0.83,6.64,4.96,"Vung Tau, Vietnam [harmonics_utide_observations.txt]",Flach behalten,Nachbarn 25-100 km (6) und FES,schreiben
harmonics_noaa_cptt.txt,"Taniwel, Seram Island, Maluku, Indonesia",cptt-1943,9.3,9.2,1,10.25,8.41,1.0,,,"Shantou (Han River), Guangdong, China [harmonics-1997-05-25_mod.txt]",Flach behalten,Nachbarn sprechen nicht klar fuer neu,behalten
harmonics_noaa_cptt.txt,"Sanana, Sula Sanana, Sula Islands, Indonesia",cptt-1945,5.9,9.2,1,8.39,8.95,0.0,,,"Shantou (Han River), Guangdong, China [harmonics-1997-05-25_mod.txt]",Flach behalten,Nachbarn sprechen nicht klar fuer neu,behalten
harmonics_noaa_cptt.txt,"Taruna Bay, Sangi Island, Sulawesi, Indonesia",cptt-1951,6.7,9.2,2,6.71,9.41,0.0,,,"Sungai Kutei, Indonesia [harmonics_utide_tidetables.txt]",Flach behalten,Nachbarn sprechen nicht klar fuer neu,behalten
harmonics_noaa_cptt.txt,"Dinagat, Dinagat Island, Surigao del Sur, Philippines",cptt-2165,18.8,8.6,4,11.0,9.8,1.0,,,"Manila, Philippines [harmonics_ticon4_worldwide.txt]",Flach behalten,Nachbarn bis 25 km (4),schreiben
harmonics_noaa_cptt.txt,"Melgar, Dinagat Island, Surigao del Sur, Philippines",cptt-2167,5.6,9.2,1,12.22,10.89,1.0,,,"Manila, Philippines [harmonics_ticon4_worldwide.txt]",Flach behalten,Nachbarn sprechen nicht klar fuer neu,behalten
harmonics_noaa_cptt.txt,"Mauo, Northern Samar, Philippines",cptt-2423,21.4,8.6,2,31.4,30.01,1.0,,,"Manila, Philippines [harmonics_ticon4_worldwide.txt]",Flach behalten,Nachbarn bis 25 km (2),schreiben
harmonics_noaa_cptt.txt,"Talisay Island, Northern Samar, Philippines",cptt-2427,5.4,9.2,2,10.89,10.1,0.5,,,"Davao, Philippines [harmonics_ticon4_worldwide.txt]",Flach behalten,Nachbarn sprechen nicht klar fuer neu,behalten
harmonics_noaa_cptt.txt,"Ulithi Islands, Micronesia",cptt-2647,189.0,nan,0,,,,,,"Malakal Harbor, Palau [harmonics-dwf-20251228-free.txt]",Flach behalten,kein Nachbar unter 100 km,behalten
harmonics_noaa_cptt.txt,"Woleai Islands, Micronesia",cptt-2649,678.6,nan,0,,,,,,"Pago Bay, Guam [harmonics-dwf-20251228-free.txt]",Flach behalten,kein Nachbar unter 100 km,behalten
harmonics_noaa_cptt.txt,"Lamotrek Atoll, Micronesia",cptt-2653,601.7,nan,0,,,,,,"Pago Bay, Guam [harmonics-dwf-20251228-free.txt]",Flach behalten,kein Nachbar unter 100 km,behalten
harmonics_noaa_cptt.txt,"Oroluk Lagoon, Micronesia",cptt-2677,342.0,nan,0,,,,,,"Pohnpei Harbor, Caroline Islands, Micronesia [harmonics-2004-06-14_mod.txt]",Flach behalten,kein Nachbar unter 100 km,behalten
harmonics_noaa_cptt.txt,"Ant Islands (Tauenai Channel), Micronesia",cptt-2679,32.4,12.1,2,10.67,8.67,1.0,11.86,9.72,"Pohnpei Harbor, Caroline Islands, Micronesia [harmonics-2004-06-14_mod.txt]",Flach behalten,Nachbarn 25-100 km (2) und FES,schreiben
harmonics_noaa_cptt.txt,"Metalanim Harbor, Pohnpei Island, Micronesia",cptt-2683,19.1,8.6,2,8.55,2.27,1.0,,,"Pohnpei Harbor, Caroline Islands, Micronesia [harmonics-2004-06-14_mod.txt]",Flach behalten,Nachbarn bis 25 km (2),schreiben
harmonics_noaa_cptt.txt,"Lele Harbor, Kusaie Island, Micronesia",cptt-2685,561.6,nan,0,,,,,,"Kwajalein, Marshall Islands [harmonics-dwf-20251228-free.txt]",Flach behalten,kein Nachbar unter 100 km,behalten
harmonics_noaa_cptt.txt,"Ujelang Atoll, Marshall Islands",cptt-2689,434.2,nan,0,,,,,,"Kwajalein, Marshall Islands [harmonics-dwf-20251228-free.txt]",Flach behalten,kein Nachbar unter 100 km,behalten
harmonics_noaa_cptt.txt,"Enewetak, Marshall Islands",cptt-2691,655.2,nan,0,,,,,,"Kwajalein, Marshall Islands [harmonics-dwf-20251228-free.txt]",Flach behalten,kein Nachbar unter 100 km,behalten
harmonics_noaa_cptt.txt,"Suwarrow (Suvarov) Island, Cook Islands",cptt-2849,722.3,nan,0,,,,,,"Pago Pago, American Samoa [harmonics-dwf-20251228-free.txt]",Flach behalten,kein Nachbar unter 100 km,behalten
harmonics_noaa_cptt.txt,"Asau Harbor, Savaii Island, Samoa Islands",cptt-2853,101.0,nan,0,,,,,,"Apia, Samoa Islands [harmonics_ticon4_worldwide.txt]",Flach behalten,kein Nachbar unter 100 km,behalten
harmonics_noaa_cptt.txt,"Wallis Islands (France), Tuvalu",cptt-2863,458.6,nan,0,,,,,,"Apia, Samoa Islands [harmonics_ticon4_worldwide.txt]",Flach behalten,kein Nachbar unter 100 km,behalten
harmonics_noaa_cptt.txt,"Nandi Waters, Viti Levu, Fiji",cptt-2877,6.1,9.2,2,2.38,2.32,1.0,,,"Suva Harbor, Fiji Islands, Fiji [harmonics_ticon4_worldwide.txt]",Flach behalten,Nachbarn sprechen nicht klar fuer neu,behalten
harmonics_noaa_cptt.txt,"Totoya Island, Fiji",cptt-2883,201.9,nan,0,,,,,,"Suva Harbor, Fiji Islands, Fiji [harmonics_ticon4_worldwide.txt]",Flach behalten,kein Nachbar unter 100 km,behalten
harmonics_noaa_cptt.txt,"Rotumah Island, Fiji",cptt-2897,318.6,nan,0,,,,,,"Davao, Philippines [harmonics_ticon4_worldwide.txt]",Flach behalten,kein Nachbar unter 100 km,behalten
harmonics_noaa_cptt.txt,"Havannah Harbor, Efate Island, Vanuatu",cptt-3077,21.1,8.6,1,5.12,4.93,1.0,,,"Yokohama (Shinko), Kanagawa, Japan [harmonics_ticon4_worldwide.txt]",Flach behalten,Nachbarn sprechen nicht klar fuer neu,behalten
harmonics_noaa_cptt.txt,"Port Sandwich, Malekula Island, Vanuatu",cptt-3079,50.8,16.4,1,7.57,7.09,1.0,9.17,8.07,"Yokohama (Shinko), Kanagawa, Japan [harmonics_ticon4_worldwide.txt]",Flach behalten,Nachbarn und FES nicht beide fuer neu,behalten
harmonics_noaa_cptt.txt,"Aesi, Vanuatu",cptt-3085,10.3,8.6,1,9.01,7.95,1.0,,,"Yokohama (Shinko), Kanagawa, Japan [harmonics_ticon4_worldwide.txt]",Flach behalten,Nachbarn sprechen nicht klar fuer neu,behalten
harmonics_noaa_cptt.txt,"Port Patteson, Banks Islands, Vanuatu",cptt-3087,189.6,nan,0,,,,,,"Yokohama (Shinko), Kanagawa, Japan [harmonics_ticon4_worldwide.txt]",Flach behalten,kein Nachbar unter 100 km,behalten
harmonics_noaa_cptt.txt,"Manevai Bay, Solomon Islands",cptt-3089,158.4,nan,0,,,,,,"Yokohama (Shinko), Kanagawa, Japan [harmonics_ticon4_worldwide.txt]",Flach behalten,kein Nachbar unter 100 km,behalten
harmonics_noaa_cptt.txt,"Kukum, Guadalcanal Island, Solomon Islands",cptt-3091,6.6,9.2,1,7.29,5.08,1.0,,,"Dreger Harbour, Papua New Guinea [harmonics-1997-05-25_mod.txt]",Flach behalten,ein Nachbar unter 10 km,schreiben
harmonics_noaa_cptt.txt,"Port Purvis, Florida Island, Solomon Islands",cptt-3093,5.2,9.2,3,6.66,7.3,0.67,,,"Dreger Harbour, Papua New Guinea [harmonics-1997-05-25_mod.txt]",Flach behalten,Nachbarn sprechen nicht klar fuer neu,behalten
harmonics_noaa_cptt.txt,"Tulagi Island, Solomon Islands",cptt-3095,11.7,8.6,2,5.35,10.89,0.0,,,"Dreger Harbour, Papua New Guinea [harmonics-1997-05-25_mod.txt]",Flach behalten,Nachbarn sprechen nicht klar fuer neu,behalten
harmonics_noaa_cptt.txt,"Auki Harbor, Malaita Island, Solomon Islands",cptt-3097,67.6,16.4,3,36.78,20.57,1.0,30.91,9.39,"Cebu, Philippines [harmonics_ticon4_worldwide.txt]",Flach behalten,Nachbarn 25-100 km (3) und FES,schreiben
harmonics_noaa_cptt.txt,"West Harbor, New Hanover Island, Papua New Guinea",cptt-3111,92.4,16.4,2,29.22,32.1,0.0,33.24,36.62,"Dreger Harbour, Papua New Guinea [harmonics-1997-05-25_mod.txt]",Flach behalten,Nachbarn und FES nicht beide fuer neu,behalten
harmonics_noaa_cptt.txt,"Emirau Island, Papua New Guinea",cptt-3113,140.6,nan,0,,,,,,"Tonowas (Dublon Island), Chuuk, Micronesia [harmonics_utide_tidetables.txt]",Flach behalten,kein Nachbar unter 100 km,behalten
harmonics_noaa_cptt.txt,"Finsch Harbor, Papua New Guinea",cptt-3117,5.8,9.2,4,4.87,4.06,0.5,,,"Dreger Harbour, Papua New Guinea [harmonics-1997-05-25_mod.txt]",Flach behalten,Nachbarn sprechen nicht klar fuer neu,behalten
harmonics_noaa_cptt.txt,"Blakeney Island, Solomon Islands",cptt-3123,19.5,8.6,1,17.23,23.27,0.0,,,"Dreger Harbour, Papua New Guinea [harmonics-1997-05-25_mod.txt]",Flach behalten,Nachbarn sprechen nicht klar fuer neu,behalten
harmonics_noaa_cptt.txt,"South Cape, Papua New Guinea",cptt-3125,45.1,12.1,6,34.55,30.07,1.0,6.93,5.31,"Townsville, Queensland, Australia [harmonics_utide_observations.txt]",Flach behalten,Nachbarn 25-100 km (6) und FES,schreiben
harmonics_noaa_cptt.txt,"Fly River entrance, Papua New Guinea",cptt-3131,28.8,12.1,6,25.29,26.76,0.0,22.52,24.13,"Darwin, Northern Territory, Australia [harmonics_utide_observations.txt]",Flach behalten,Nachbarn und FES nicht beide fuer neu,behalten
harmonics_noaa_cptt.txt,"Mios Woendi Lagoon, Schouten Islands, Indonesia",cptt-3149,22.4,8.6,1,4.92,3.76,1.0,,,"Yokohama (Shinko), Kanagawa, Japan [harmonics_ticon4_worldwide.txt]",Flach behalten,Nachbarn sprechen nicht klar fuer neu,behalten
harmonics_noaa_cptt.txt,"Red Cliff Bay, Shark Bay, Western Australia, Australia",cptt-3349,5.0,9.2,2,11.22,11.22,0.5,,,"Davao, Philippines [harmonics_ticon4_worldwide.txt]",Flach behalten,Nachbarn sprechen nicht klar fuer neu,behalten
harmonics_noaa_cptt.txt,"Chatham Islands, New Zealand",cptt-3391,5.5,9.2,4,20.51,19.69,0.75,,,"Apia, Samoa Islands [harmonics_ticon4_worldwide.txt]",Flach behalten,Nachbarn sprechen nicht klar fuer neu,behalten
harmonics_noaa_cptt.txt,"Cuddalore, Tamil Nadu, India",cptt-3493,24.5,8.6,2,4.29,3.95,0.5,,,"Chennai, Tamil Nadu, India [harmonics-1997-05-25_mod.txt]",Flach behalten,Nachbarn sprechen nicht klar fuer neu,behalten
harmonics_noaa_cptt.txt,"Musakazi Point, Maharashtra, India",cptt-3533,7.4,9.2,1,5.09,5.15,0.0,,,"Mumbai (Colaba), Maharashtra, India [harmonics-1997-05-25_mod.txt]",Flach behalten,Nachbarn sprechen nicht klar fuer neu,behalten
harmonics_noaa_cptt.txt,"Suvadiva Atoll, Maldive Islands, Maldives",cptt-3565,169.1,nan,0,,,,,,"Chennai, Tamil Nadu, India [harmonics-1997-05-25_mod.txt]",Flach behalten,kein Nachbar unter 100 km,behalten
harmonics_noaa_cptt.txt,"Horsburgh Atoll, Maldive Islands, Maldives",cptt-3567,101.6,nan,0,,,,,,"Colombo, Sri Lanka [harmonics_ticon4_worldwide.txt]",Flach behalten,kein Nachbar unter 100 km,behalten
harmonics_noaa_cptt.txt,"Kardamum Island, Laccadive Islands, Lakshadweep, India",cptt-3573,279.9,nan,0,,,,,,"Colombo, Sri Lanka [harmonics_ticon4_worldwide.txt]",Flach behalten,kein Nachbar unter 100 km,behalten
harmonics_noaa_cptt.txt,"Cherbaniani Reef, Laccadive Islands, Lakshadweep, India",cptt-3575,324.1,nan,0,,,,,,"Colombo, Sri Lanka [harmonics_ticon4_worldwide.txt]",Flach behalten,kein Nachbar unter 100 km,behalten
harmonics_noaa_cptt.txt,"Jazireh-ye Forur, Iran",cptt-3619,49.5,12.1,1,10.03,8.97,1.0,10.65,8.33,"Quarry Bay, Hong Kong, China [harmonics_utide_tidetables.txt]",Flach behalten,Nachbarn 25-100 km (1) und FES,schreiben
harmonics_noaa_cptt.txt,"Bushahr, Persian Gulf, Iran",cptt-3621,8.4,9.2,2,11.1,9.7,1.0,,,"Quarry Bay, Hong Kong, China [harmonics_utide_tidetables.txt]",Flach behalten,Nachbarn bis 25 km (2),schreiben
harmonics_noaa_cptt.txt,"Khawr al Quway (Jazirat Umm al Ghanam), Oman",cptt-3759,20.8,8.6,1,6.73,6.07,1.0,,,"Karachi, Pakistan [harmonics_ticon4_worldwide.txt]",Flach behalten,Nachbarn sprechen nicht klar fuer neu,behalten
harmonics_noaa_cptt.txt,"Didamar (Little Quoin Island), Oman",cptt-3761,41.4,12.1,6,9.32,8.92,0.67,4.15,3.52,"Karachi, Pakistan [harmonics_ticon4_worldwide.txt]",Flach behalten,Nachbarn und FES nicht beide fuer neu,behalten
harmonics_noaa_cptt.txt,"Ras al Hadd, Oman",cptt-3771,28.2,12.1,1,3.58,4.03,0.0,3.35,3.96,"Karachi, Pakistan [harmonics_ticon4_worldwide.txt]",Flach behalten,Nachbarn und FES nicht beide fuer neu,behalten
harmonics_noaa_cptt.txt,"Rounders Bay (Masirah Island), Oman",cptt-3773,58.1,16.4,3,4.84,5.16,0.0,4.29,4.65,"Karachi, Pakistan [harmonics_ticon4_worldwide.txt]",Flach behalten,Nachbarn und FES nicht beide fuer neu,behalten
harmonics_noaa_cptt.txt,"Cape Guardafui (Raas Caseyr), Somalia",cptt-3825,245.9,nan,0,,,,,,"Aden, Yemen [harmonics_ticon4_worldwide.txt]",Flach behalten,kein Nachbar unter 100 km,behalten
harmonics_noaa_cptt.txt,"Warsheikh, Somalia",cptt-3829,57.5,16.4,2,3.89,4.53,0.0,4.58,4.98,"Dar Es Salaam, Tanzania [harmonics_ticon4_worldwide.txt]",Flach behalten,Nachbarn und FES nicht beide fuer neu,behalten
harmonics_noaa_cptt.txt,"Barawa (Brava), Somalia",cptt-3833,178.9,nan,0,,,,,,"Dar Es Salaam, Tanzania [harmonics_ticon4_worldwide.txt]",Flach behalten,kein Nachbar unter 100 km,behalten
harmonics_noaa_cptt.txt,"Giuba River, Somalia",cptt-3835,295.5,nan,0,,,,,,"Dar Es Salaam, Tanzania [harmonics_ticon4_worldwide.txt]",Flach behalten,kein Nachbar unter 100 km,behalten
harmonics_noaa_cptt.txt,"Kismayo, Somalia",cptt-3837,277.8,nan,0,,,,,,"Dar Es Salaam, Tanzania [harmonics_ticon4_worldwide.txt]",Flach behalten,kein Nachbar unter 100 km,behalten
harmonics_noaa_cptt.txt,"Buur Gaabo, Somalia",cptt-3839,156.2,nan,0,,,,,,"Dar Es Salaam, Tanzania [harmonics_ticon4_worldwide.txt]",Flach behalten,kein Nachbar unter 100 km,behalten
harmonics_noaa_cptt.txt,"Mkokotoni (Zanzibar), Tanzania",cptt-3851,32.6,12.1,2,2.06,2.28,0.0,2.67,2.18,"Dar Es Salaam, Tanzania [harmonics_ticon4_worldwide.txt]",Flach behalten,Nachbarn und FES nicht beide fuer neu,behalten
harmonics_noaa_cptt.txt,"Ilha de Chiloane (Chingune), Mozambique",cptt-3877,88.5,16.4,2,5.58,5.51,1.0,13.32,13.06,"Beira, Mozambique [harmonics-1997-05-25_mod.txt]",Flach behalten,Nachbarn und FES nicht beide fuer neu,behalten
harmonics_noaa_cptt.txt,"Bartolomeu Dias, Mozambique",cptt-3879,154.5,nan,0,,,,,,"Beira, Mozambique [harmonics-1997-05-25_mod.txt]",Flach behalten,kein Nachbar unter 100 km,behalten
harmonics_noaa_cptt.txt,"Bazaruto, Mozambique",cptt-3881,212.3,nan,0,,,,,,"Beira, Mozambique [harmonics-1997-05-25_mod.txt]",Flach behalten,kein Nachbar unter 100 km,behalten
harmonics_noaa_cptt.txt,"Ponta da Linga Linga, Mozambique",cptt-3883,14.8,8.6,1,7.08,7.01,1.0,,,"Durban, South Africa [harmonics_ticon4_worldwide.txt]",Flach behalten,Nachbarn sprechen nicht klar fuer neu,behalten
harmonics_noaa_cptt.txt,"Inhampura (Rio Limpopo), Mozambique",cptt-3887,129.5,nan,0,,,,,,"Durban, South Africa [harmonics_ticon4_worldwide.txt]",Flach behalten,kein Nachbar unter 100 km,behalten
harmonics_noaa_cptt.txt,"Baie du Courrier, Madagascar",cptt-3901,19.3,8.6,3,12.28,10.83,1.0,,,"Dar Es Salaam, Tanzania [harmonics_ticon4_worldwide.txt]",Flach behalten,Nachbarn bis 25 km (3),schreiben
harmonics_noaa_cptt.txt,"Mangerivy Bay (Port Leven), Madagascar",cptt-3905,82.4,16.4,3,5.16,5.33,0.0,4.03,3.38,"Dar Es Salaam, Tanzania [harmonics_ticon4_worldwide.txt]",Flach behalten,Nachbarn und FES nicht beide fuer neu,behalten
harmonics_noaa_cptt.txt,"Vohemar, Madagascar",cptt-3907,143.7,nan,0,,,,,,"Dar Es Salaam, Tanzania [harmonics_ticon4_worldwide.txt]",Flach behalten,kein Nachbar unter 100 km,behalten
harmonics_noaa_cptt.txt,"Maroantsetra, Madagascar",cptt-3909,275.1,nan,0,,,,,,"Dar Es Salaam, Tanzania [harmonics_ticon4_worldwide.txt]",Flach behalten,kein Nachbar unter 100 km,behalten
harmonics_noaa_cptt.txt,"Fenoarivo Atsinanana (Fénérive), Madagascar",cptt-3911,87.1,16.4,2,10.34,9.75,1.0,9.46,8.93,"Colombo, Sri Lanka [harmonics_ticon4_worldwide.txt]",Flach behalten,Nachbarn und FES nicht beide fuer neu,behalten
harmonics_noaa_cptt.txt,"Fort Dauphin, Madagascar",cptt-3915,384.6,nan,0,,,,,,"Dar Es Salaam, Tanzania [harmonics_ticon4_worldwide.txt]",Flach behalten,kein Nachbar unter 100 km,behalten
harmonics_noaa_cptt.txt,"Androka, Madagascar",cptt-3917,187.7,nan,0,,,,,,"Dar Es Salaam, Tanzania [harmonics_ticon4_worldwide.txt]",Flach behalten,kein Nachbar unter 100 km,behalten
harmonics_noaa_cptt.txt,"Cap Ankarana, Madagascar",cptt-3921,325.7,nan,0,,,,,,"Dar Es Salaam, Tanzania [harmonics_ticon4_worldwide.txt]",Flach behalten,kein Nachbar unter 100 km,behalten
harmonics_noaa_cptt.txt,"Nosy Maroantaly, Madagascar",cptt-3923,198.6,nan,0,,,,,,"Dar Es Salaam, Tanzania [harmonics_ticon4_worldwide.txt]",Flach behalten,kein Nachbar unter 100 km,behalten
harmonics_noaa_cptt.txt,"Providence Island, Seychelles",cptt-3939,387.5,nan,0,,,,,,"Dar Es Salaam, Tanzania [harmonics_ticon4_worldwide.txt]",Flach behalten,kein Nachbar unter 100 km,behalten
harmonics_noaa_cptt.txt,"Christmas Island, Indonesia",cptt-3947,5.4,9.2,3,20.58,17.71,1.0,,,"Dar Es Salaam, Tanzania [harmonics_ticon4_worldwide.txt]",Flach behalten,Nachbarn bis 25 km (3),schreiben
harmonics_noaa_cptt.txt,"Amsterdam Island, French Southern and Antarctic Lands",cptt-3949,98.0,16.4,1,22.46,22.27,1.0,24.02,23.82,"Durban, South Africa [harmonics_ticon4_worldwide.txt]",Flach behalten,Nachbarn und FES nicht beide fuer neu,behalten
harmonics_noaa_cptt.txt,"Betsy Cove, French Southern Territories",cptt-3953,22.5,8.6,3,13.04,12.95,1.0,,,"Durban, South Africa [harmonics_ticon4_worldwide.txt]",Flach behalten,Nachbarn sprechen nicht klar fuer neu,behalten
harmonics_noaa_cptt.txt,"Observatory Bay, French Southern Territories",cptt-3957,25.3,12.1,6,8.38,8.21,1.0,,,"Durban, South Africa [harmonics_ticon4_worldwide.txt]",Flach behalten,FES ohne Wert (Land/Fjord),behalten
harmonics_noaa_cptt.txt,"Gauss Station, Wilhelm II Coast, Antarctica",cptt-3961,568.0,nan,0,,,,,,"Cebu, Philippines [harmonics_ticon4_worldwide.txt]",Flach behalten,kein Nachbar unter 100 km,behalten
harmonics_noaa_cptt.txt,"Mc Donald Bay, Antarctica",cptt-3963,672.3,nan,0,,,,,,"Cebu, Philippines [harmonics_ticon4_worldwide.txt]",Flach behalten,kein Nachbar unter 100 km,behalten
