datei,name,no,buch_bezug,regel,bezug,einstellung,wahr_alt_pct,wahr_neu_pct,pegel_alt_cm,pegel_neu_cm,nachbar_alt_pct,nachbar_neu_pct,m2_amp_alt,m2_amp_neu,beleg,entscheidung
harmonics_noaa_eutt.txt,"Calshot Harbour, Edinburgh of the Seven Seas, Tristan da Cunha Island",eutt-1,Takoradi,bau,"Takoradi, Ghana [harmonics_ticon4_worldwide.txt]",Flach behalten,13.22,11.82,,,,,0.278,0.266,Wahrheit ok,schreiben
harmonics_noaa_eutt.txt,"Trinidade, Ilha da, Espírito Santo, Brazil",eutt-5,Takoradi,bau (ohne Pruefstand),"Takoradi, Ghana [harmonics_ticon4_worldwide.txt]",Flach behalten,,,,,,,0.462,0.443,,offen (ohne Beleg)
harmonics_noaa_eutt.txt,"Jamestown, Saint Helena",eutt-7,Takoradi,behalten,,,,,,,,,,,,behalten (Gruppe am Pruefstand schlechter)
harmonics_noaa_eutt.txt,"Georgetown, Ascension Island",eutt-9,Takoradi,bau,"Takoradi, Ghana [harmonics_ticon4_worldwide.txt]",Flach behalten,10.83,10.56,,,,,0.354,0.34,Wahrheit ok,schreiben
harmonics_noaa_eutt.txt,"Fajã de Água (Brava), Cape Verde",eutt-13,Dakar,bau (ohne Pruefstand),"Dakar, Senegal [harmonics_ticon4_worldwide.txt]",Flach behalten,,,,,,,0.433,0.392,,offen (ohne Beleg)
harmonics_noaa_eutt.txt,"Santa Cruz de Tenerife, Islas Canarias, Spain",eutt-23,Casablanca,bau,"Casablanca, Morocco [harmonics-1997-05-25_mod.txt]",Flach behalten,4.37,4.11,,,,,0.726,0.669,Wahrheit ok,schreiben
harmonics_noaa_eutt.txt,"Puerto de la Luz (Gran Canaria), Islas Canarias, Spain",eutt-25,Casablanca,bau,"Casablanca, Morocco [harmonics-1997-05-25_mod.txt]",Flach behalten,7.26,5.84,,,,,0.819,0.754,Wahrheit ok,schreiben
harmonics_noaa_eutt.txt,"Arrecife (Lanzarote), Islas Canarias, Spain",eutt-29,Casablanca,bau,"Casablanca, Morocco [harmonics-1997-05-25_mod.txt]",Flach behalten,3.89,3.39,,,,,0.927,0.854,Wahrheit ok,schreiben
harmonics_noaa_eutt.txt,"Funchal, Madeira, Portugal",eutt-33,Casablanca,bau,"Casablanca, Morocco [harmonics-1997-05-25_mod.txt]",Flach behalten,7.46,5.9,10.0,7.9,,,0.773,0.711,"Wahrheit ok, Pegel ok",schreiben
harmonics_noaa_eutt.txt,"Vila do Porto (Santa Maria), Açores, Portugal",eutt-41,Ponta Delgada,bau,"Ponta Delgada (São Miguel), Açores, Portugal [harmonics_att_np208.txt]",Flach behalten,9.16,3.11,,,,,0.556,0.508,Wahrheit ok,schreiben
harmonics_noaa_eutt.txt,"Horta (Faial), Açores, Portugal",eutt-45,Ponta Delgada,bau,"Ponta Delgada (São Miguel), Açores, Portugal [harmonics_att_np208.txt]",Flach behalten,3.02,5.53,8.6,11.3,,,0.448,0.409,"Wahrheit schlechter, Pegel schlechter",behalten (Beleg schlechter)
harmonics_noaa_eutt.txt,"Angra do Heroísmo (Terceira), Açores, Portugal",eutt-47,Ponta Delgada,bau,"Ponta Delgada (São Miguel), Açores, Portugal [harmonics_att_np208.txt]",Flach behalten,1.67,5.56,8.2,11.5,,,0.479,0.438,"Wahrheit schlechter, Pegel schlechter",behalten (Beleg schlechter)
harmonics_noaa_eutt.txt,"Praia da Vitória (Terceira), Açores, Portugal",eutt-49,Ponta Delgada,bau,"Ponta Delgada (São Miguel), Açores, Portugal [harmonics_att_np208.txt]",Flach behalten,,,,,3.5,5.47,0.572,0.522,Nachbarn schlechter,behalten (Beleg schlechter)
harmonics_noaa_eutt.txt,"Santa Cruz da Graciosa, Açores, Portugal",eutt-51,Ponta Delgada,bau,"Ponta Delgada (São Miguel), Açores, Portugal [harmonics_att_np208.txt]",Flach behalten,,,,,2.81,6.17,0.525,0.48,Nachbarn schlechter,behalten (Beleg schlechter)
harmonics_noaa_eutt.txt,"Lajes das Flores, Açores, Portugal",eutt-53,Ponta Delgada,bau,"Ponta Delgada (São Miguel), Açores, Portugal [harmonics_att_np208.txt]",Flach behalten,3.33,5.44,9.2,10.9,,,0.417,0.381,"Wahrheit schlechter, Pegel schlechter",behalten (Beleg schlechter)
harmonics_noaa_eutt.txt,"Knysna, South Africa",eutt-55,Cape Town,bau,"Cape Town, South Africa [harmonics_ticon4_worldwide.txt]",Flach behalten,3.89,3.74,13.4,13.4,,,0.557,0.543,"Wahrheit ok, Pegel ok",schreiben
harmonics_noaa_eutt.txt,"Mossel Bay, South Africa",eutt-57,Cape Town,bau,"Cape Town, South Africa [harmonics_ticon4_worldwide.txt]",Flach behalten,2.59,1.39,13.7,12.9,,,0.602,0.587,"Wahrheit ok, Pegel ok",schreiben
harmonics_noaa_eutt.txt,"Hermanus, South Africa",eutt-59,Cape Town,bau,"Cape Town, South Africa [harmonics_ticon4_worldwide.txt]",Flach behalten,,,,,,,0.527,0.514,Gruppe lokal n=3 -1.34 Punkte,schreiben (Gruppenbeleg lokal)
harmonics_noaa_eutt.txt,"Simon's Town, South Africa",eutt-61,Cape Town,bau,"Cape Town, South Africa [harmonics_ticon4_worldwide.txt]",Flach behalten,1.9,0.42,9.0,8.2,,,0.527,0.514,"Wahrheit ok, Pegel ok",schreiben
harmonics_noaa_eutt.txt,"Saldanha, South Africa",eutt-65,Cape Town,bau,"Cape Town, South Africa [harmonics_ticon4_worldwide.txt]",Flach behalten,2.31,0.97,9.7,8.8,,,0.527,0.514,"Wahrheit ok, Pegel ok",schreiben
harmonics_noaa_eutt.txt,"Luderitz Bay, Namibia",eutt-69,Cape Town,bau,"Cape Town, South Africa [harmonics_ticon4_worldwide.txt]",Flach behalten,1.85,1.62,9.6,9.4,,,0.496,0.485,"Wahrheit ok, Pegel ok",schreiben
harmonics_noaa_eutt.txt,"Walvisbaai, Namibia",eutt-71,Cape Town,bau,"Cape Town, South Africa [harmonics_ticon4_worldwide.txt]",Flach behalten,4.59,3.97,,,,,0.527,0.514,Wahrheit ok,schreiben
harmonics_noaa_eutt.txt,"Baía dos Tigres, Angola",eutt-73,Takoradi,bau,"Takoradi, Ghana [harmonics_ticon4_worldwide.txt]",Flach behalten,,,,,,,0.478,0.458,,offen (ohne Beleg)
harmonics_noaa_eutt.txt,"Tômbua (Porto Alexandre), Angola",eutt-75,Takoradi,bau,"Takoradi, Ghana [harmonics_ticon4_worldwide.txt]",Flach behalten,,,,,,,0.447,0.428,,offen (ohne Beleg)
harmonics_noaa_eutt.txt,"Moçâmedes (Namibe), Angola",eutt-77,Takoradi,bau,"Takoradi, Ghana [harmonics_ticon4_worldwide.txt]",Flach behalten,5.63,5.3,10.9,10.4,,,0.462,0.443,"Wahrheit ok, Pegel ok",schreiben
harmonics_noaa_eutt.txt,"Baía de Santa Marta, Angola",eutt-79,Takoradi,bau,"Takoradi, Ghana [harmonics_ticon4_worldwide.txt]",Flach behalten,,,,,,,0.462,0.443,Gruppe lokal n=2 -0.34 Punkte,schreiben (Gruppenbeleg lokal)
harmonics_noaa_eutt.txt,"Baía dos Elefantes, Angola",eutt-81,Takoradi,bau,"Takoradi, Ghana [harmonics_ticon4_worldwide.txt]",Flach behalten,,,,,,,0.493,0.472,Gruppe lokal n=2 -0.34 Punkte,schreiben (Gruppenbeleg lokal)
harmonics_noaa_eutt.txt,"Benguela, Angola",eutt-83,Takoradi,bau,"Takoradi, Ghana [harmonics_ticon4_worldwide.txt]",Flach behalten,,,,,,,0.493,0.472,,offen (ohne Beleg)
harmonics_noaa_eutt.txt,"Porto do Lobito, Angola",eutt-85,Takoradi,bau,"Takoradi, Ghana [harmonics_ticon4_worldwide.txt]",Flach behalten,6.17,5.82,10.5,10.0,,,0.478,0.458,"Wahrheit ok, Pegel ok",schreiben
harmonics_noaa_eutt.txt,"Porto Amboim, Angola",eutt-87,Takoradi,bau,"Takoradi, Ghana [harmonics_ticon4_worldwide.txt]",Flach behalten,,,,,,,0.493,0.472,Gruppe lokal n=2 -0.42 Punkte,schreiben (Gruppenbeleg lokal)
harmonics_noaa_eutt.txt,"Luanda, Angola",eutt-89,Takoradi,bau,"Takoradi, Ghana [harmonics_ticon4_worldwide.txt]",Flach behalten,5.74,5.24,,,,,0.509,0.487,Wahrheit ok,schreiben
harmonics_noaa_eutt.txt,"Ambriz, Angola",eutt-91,Takoradi,bau,"Takoradi, Ghana [harmonics_ticon4_worldwide.txt]",Flach behalten,,,,,,,0.493,0.472,Gruppe lokal n=2 -0.33 Punkte,schreiben (Gruppenbeleg lokal)
harmonics_noaa_eutt.txt,"N'Zeto, Angola",eutt-93,Takoradi,bau,"Takoradi, Ghana [harmonics_ticon4_worldwide.txt]",Flach behalten,,,,,,,0.493,0.472,Gruppe lokal n=2 -0.33 Punkte,schreiben (Gruppenbeleg lokal)
harmonics_noaa_eutt.txt,"Ponta do Padrão (Congo River entrance), Angola",eutt-95,Takoradi,bau,"Takoradi, Ghana [harmonics_ticon4_worldwide.txt]",Flach behalten,,,,,,,0.524,0.502,,offen (ohne Beleg)
harmonics_noaa_eutt.txt,"Cabinda, Angola",eutt-97,Takoradi,bau,"Takoradi, Ghana [harmonics_ticon4_worldwide.txt]",Flach behalten,4.75,4.6,,,,,0.555,0.532,Wahrheit ok,schreiben
harmonics_noaa_eutt.txt,"Mayumba, Gabon",eutt-101,Takoradi,bau (ohne Pruefstand),"Takoradi, Ghana [harmonics_ticon4_worldwide.txt]",Flach behalten,,,,,,,0.57,0.546,,offen (ohne Beleg)
harmonics_noaa_eutt.txt,"Cap Lopez (Pointe Renard), Gabon",eutt-103,Takoradi,bau,"Takoradi, Ghana [harmonics_ticon4_worldwide.txt]",Flach behalten,4.74,4.4,,,,,0.601,0.576,Wahrheit ok,schreiben
harmonics_noaa_eutt.txt,"Kondjo entrance (Baie du Cap Lopez), Gabon",eutt-105,Takoradi,bau,"Takoradi, Ghana [harmonics_ticon4_worldwide.txt]",Flach behalten,,,,,,,0.601,0.576,Gruppe lokal n=3 -0.40 Punkte,schreiben (Gruppenbeleg lokal)
harmonics_noaa_eutt.txt,"Pointe Owendo (Estuaire du Gabon), Gabon",eutt-107,Takoradi,bau,"Takoradi, Ghana [harmonics_ticon4_worldwide.txt]",Flach behalten,5.42,5.02,,,,,0.802,0.768,Wahrheit ok,schreiben
harmonics_noaa_eutt.txt,"Cap Estérias, Gabon",eutt-109,Takoradi,bau,"Takoradi, Ghana [harmonics_ticon4_worldwide.txt]",Flach behalten,,,,,,,0.694,0.664,Gruppe lokal n=3 -0.40 Punkte,schreiben (Gruppenbeleg lokal)
harmonics_noaa_eutt.txt,"Annobón, Equatorial Guinea",eutt-111,Takoradi,bau,"Takoradi, Ghana [harmonics_ticon4_worldwide.txt]",Flach behalten,,,,,,,0.524,0.502,,offen (ohne Beleg)
harmonics_noaa_eutt.txt,"Baía de Ana Chaves, São Tomé, São Tomé and Príncipe",eutt-113,Takoradi,bau,"Takoradi, Ghana [harmonics_ticon4_worldwide.txt]",Flach behalten,,,,,,,0.555,0.532,,offen (ohne Beleg)
harmonics_noaa_eutt.txt,"Cogo (Puerto Iradier), Equatorial Guinea",eutt-117,Takoradi,bau,"Takoradi, Ghana [harmonics_ticon4_worldwide.txt]",Flach behalten,7.6,6.86,,,,,0.863,0.827,Wahrheit ok,schreiben
harmonics_noaa_eutt.txt,"San Benito River, Rio Muni, Equatorial Guinea",eutt-119,Takoradi,bau,"Takoradi, Ghana [harmonics_ticon4_worldwide.txt]",Flach behalten,,,,,,,0.586,0.561,Gruppe lokal n=3 -0.40 Punkte,schreiben (Gruppenbeleg lokal)
harmonics_noaa_eutt.txt,"Malabo (Santa Isabel), Equatorial Guinea",eutt-125,Takoradi,bau,"Takoradi, Ghana [harmonics_ticon4_worldwide.txt]",Flach behalten,,,,,,,0.632,0.605,Gruppe lokal n=2 -0.51 Punkte,schreiben (Gruppenbeleg lokal)
harmonics_noaa_eutt.txt,"Kribi, Cameroon",eutt-127,Takoradi,bau,"Takoradi, Ghana [harmonics_ticon4_worldwide.txt]",Flach behalten,,,,,,,0.678,0.65,Gruppe lokal n=3 -0.74 Punkte,schreiben (Gruppenbeleg lokal)
harmonics_noaa_eutt.txt,"Cap Cameroon, Cameroon",eutt-129,Takoradi,bau,"Takoradi, Ghana [harmonics_ticon4_worldwide.txt]",Flach behalten,,,,,,,0.786,0.753,Gruppe lokal n=2 -0.51 Punkte,schreiben (Gruppenbeleg lokal)
harmonics_noaa_eutt.txt,"Bimbia River entrance, Cameroon",eutt-133,Takoradi,bau,"Takoradi, Ghana [harmonics_ticon4_worldwide.txt]",Flach behalten,,,,,,,0.802,0.768,Gruppe lokal n=2 -0.51 Punkte,schreiben (Gruppenbeleg lokal)
harmonics_noaa_eutt.txt,"Rio del Rey Entrance, Cameroon",eutt-137,Takoradi,bau,"Takoradi, Ghana [harmonics_ticon4_worldwide.txt]",Flach behalten,,,,,,,0.879,0.842,Gruppe lokal n=2 -0.51 Punkte,schreiben (Gruppenbeleg lokal)
harmonics_noaa_eutt.txt,"Calabar River approach, Nigeria",eutt-139,Takoradi,bau,"Takoradi, Ghana [harmonics_ticon4_worldwide.txt]",Flach behalten,,,,,,,0.802,0.768,Gruppe lokal n=3 -0.26 Punkte,schreiben (Gruppenbeleg lokal)
harmonics_noaa_eutt.txt,"Tom Shot Point, Calabar River, Nigeria",eutt-141,Takoradi,bau,"Takoradi, Ghana [harmonics_ticon4_worldwide.txt]",Flach behalten,,,,,,,0.879,0.842,Gruppe lokal n=3 -0.26 Punkte,schreiben (Gruppenbeleg lokal)
harmonics_noaa_eutt.txt,"Inikoi Island (Akwayafe River,) Cameroon",eutt-143,Takoradi,bau,"Takoradi, Ghana [harmonics_ticon4_worldwide.txt]",Flach behalten,,,,,,,0.678,0.65,Gruppe lokal n=3 -0.26 Punkte,schreiben (Gruppenbeleg lokal)
harmonics_noaa_eutt.txt,"Calabar (Calabar River), Nigeria",eutt-145,Takoradi,bau,"Takoradi, Ghana [harmonics_ticon4_worldwide.txt]",Flach behalten,7.03,6.18,,,,,1.064,1.019,Wahrheit ok,schreiben
harmonics_noaa_eutt.txt,"Opobo River Entrance (Sandy Point), Nigeria",eutt-147,Takoradi,bau,"Takoradi, Ghana [harmonics_ticon4_worldwide.txt]",Flach behalten,,,,,,,0.802,0.768,Gruppe lokal n=3 -0.26 Punkte,schreiben (Gruppenbeleg lokal)
harmonics_noaa_eutt.txt,"Bonny River Bar (Niger River Delta), Nigeria",eutt-149,Takoradi,bau,"Takoradi, Ghana [harmonics_ticon4_worldwide.txt]",Flach behalten,,,,,,,0.725,0.694,Gruppe lokal n=3 -0.26 Punkte,schreiben (Gruppenbeleg lokal)
harmonics_noaa_eutt.txt,"Bonny (Eyamba Town), Nigeria",eutt-151,Takoradi,bau,"Takoradi, Ghana [harmonics_ticon4_worldwide.txt]",Flach behalten,4.5,4.34,,,,,0.74,0.709,Wahrheit ok,schreiben
harmonics_noaa_eutt.txt,"Port Harcourt (Bonny River), Nigeria",eutt-153,Takoradi,bau,"Takoradi, Ghana [harmonics_ticon4_worldwide.txt]",Flach behalten,,,,,,,0.925,0.886,Gruppe lokal n=3 -0.26 Punkte,schreiben (Gruppenbeleg lokal)
harmonics_noaa_eutt.txt,"New Calabar River Bar, Nigeria",eutt-155,Takoradi,bau,"Takoradi, Ghana [harmonics_ticon4_worldwide.txt]",Flach behalten,,,,,,,0.524,0.502,Gruppe lokal n=3 -0.26 Punkte,schreiben (Gruppenbeleg lokal)
harmonics_noaa_eutt.txt,"Bakana (New Calabar River), Nigeria",eutt-157,Takoradi,bau,"Takoradi, Ghana [harmonics_ticon4_worldwide.txt]",Flach behalten,,,,,,,0.879,0.842,Gruppe lokal n=3 -0.26 Punkte,schreiben (Gruppenbeleg lokal)
harmonics_noaa_eutt.txt,"Brass (Brass River), Nigeria",eutt-161,Takoradi,bau,"Takoradi, Ghana [harmonics_ticon4_worldwide.txt]",Flach behalten,,,,,,,0.709,0.679,Gruppe lokal n=3 -0.26 Punkte,schreiben (Gruppenbeleg lokal)
harmonics_noaa_eutt.txt,"Akassa (Nun River), Nigeria",eutt-163,Takoradi,bau,"Takoradi, Ghana [harmonics_ticon4_worldwide.txt]",Flach behalten,4.77,4.51,,,,,0.57,0.546,Wahrheit ok,schreiben
harmonics_noaa_eutt.txt,"Forcados River Bar (Niger Delta), Nigeria",eutt-165,Takoradi,bau (ohne Pruefstand),"Takoradi, Ghana [harmonics_ticon4_worldwide.txt]",Flach behalten,,,,,,,0.524,0.502,Gruppe lokal n=3 -0.16 Punkte,schreiben (Gruppenbeleg lokal)
harmonics_noaa_eutt.txt,"Forcados (Forcados River), Nigeria",eutt-167,Takoradi,bau (ohne Pruefstand),"Takoradi, Ghana [harmonics_ticon4_worldwide.txt]",Flach behalten,,,,,,,0.493,0.472,Gruppe lokal n=3 -0.16 Punkte,schreiben (Gruppenbeleg lokal)
harmonics_noaa_eutt.txt,"Ogidigbe (Escravos River mouth), Nigeria",eutt-169,Takoradi,bau (ohne Pruefstand),"Takoradi, Ghana [harmonics_ticon4_worldwide.txt]",Flach behalten,,,,,,,0.493,0.472,Gruppe lokal n=3 -0.16 Punkte,schreiben (Gruppenbeleg lokal)
harmonics_noaa_eutt.txt,"Benin River Bar, Nigeria",eutt-171,Takoradi,bau (ohne Pruefstand),"Takoradi, Ghana [harmonics_ticon4_worldwide.txt]",Flach behalten,,,,,,,0.493,0.472,Gruppe lokal n=3 -0.16 Punkte,schreiben (Gruppenbeleg lokal)
harmonics_noaa_eutt.txt,"Lagos Bar, Nigeria",eutt-173,Takoradi,bau,"Takoradi, Ghana [harmonics_ticon4_worldwide.txt]",Flach behalten,3.9,3.91,10.4,10.4,,,0.401,0.384,"Wahrheit ok, Pegel ok",schreiben
harmonics_noaa_eutt.txt,"Ada Foah (Volta River), Ghana",eutt-179,Takoradi,bau,"Takoradi, Ghana [harmonics_ticon4_worldwide.txt]",Flach behalten,,,,,,,0.447,0.428,,offen (ohne Beleg)
harmonics_noaa_eutt.txt,"Tema, Ghana",eutt-181,Takoradi,bau,"Takoradi, Ghana [harmonics_ticon4_worldwide.txt]",Flach behalten,3.15,3.26,,,,,0.493,0.472,Wahrheit ok,schreiben
harmonics_noaa_eutt.txt,"Accra, Ghana",eutt-183,Takoradi,bau,"Takoradi, Ghana [harmonics_ticon4_worldwide.txt]",Flach behalten,,,,,,,0.509,0.487,,offen (ohne Beleg)
harmonics_noaa_eutt.txt,"Cape Coast, Ghana",eutt-185,Takoradi,bau,"Takoradi, Ghana [harmonics_ticon4_worldwide.txt]",Flach behalten,,,,,,,0.509,0.487,,offen (ohne Beleg)
harmonics_noaa_eutt.txt,"Dixcove, Ghana",eutt-189,Takoradi,bau (ohne Pruefstand),"Takoradi, Ghana [harmonics_ticon4_worldwide.txt]",Flach behalten,,,,,,,0.509,0.487,Gruppe lokal n=2 -0.77 Punkte,schreiben (Gruppenbeleg lokal)
harmonics_noaa_eutt.txt,"Axim, Ghana",eutt-191,Takoradi,bau (ohne Pruefstand),"Takoradi, Ghana [harmonics_ticon4_worldwide.txt]",Flach behalten,,,,,,,0.509,0.487,Gruppe lokal n=2 -0.77 Punkte,schreiben (Gruppenbeleg lokal)
harmonics_noaa_eutt.txt,"Abidjan (Canal de Vridi), Ivory Coast",eutt-193,Takoradi,bau,"Takoradi, Ghana [harmonics_ticon4_worldwide.txt]",Flach behalten,6.64,4.98,12.0,12.1,,,0.308,0.295,"Wahrheit ok, Pegel ok",schreiben
harmonics_noaa_eutt.txt,"Grand-Lahou, Ivory Coast",eutt-195,Takoradi,bau,"Takoradi, Ghana [harmonics_ticon4_worldwide.txt]",Flach behalten,,,,,,,0.509,0.487,,offen (ohne Beleg)
harmonics_noaa_eutt.txt,"Mouillage de Sassandra, Ivory Coast",eutt-197,Takoradi,bau (ohne Pruefstand),"Takoradi, Ghana [harmonics_ticon4_worldwide.txt]",Flach behalten,,,,,10.56,9.6,0.539,0.517,Nachbarn ok,schreiben
harmonics_noaa_eutt.txt,"Tabou River, Ivory Coast",eutt-201,Takoradi,bau (ohne Pruefstand),"Takoradi, Ghana [harmonics_ticon4_worldwide.txt]",Flach behalten,,,,,,,0.432,0.413,,offen (ohne Beleg)
harmonics_noaa_eutt.txt,"Harper (Cape Palmas), Liberia",eutt-203,Cape Town,bau (ohne Pruefstand),"Cape Town, South Africa [harmonics_ticon4_worldwide.txt]",Flach behalten,,,,,,,0.354,0.338,,offen (ohne Beleg)
harmonics_noaa_eutt.txt,"Junk River entrance, Liberia",eutt-213,Cape Town,bau (ohne Pruefstand),"Cape Town, South Africa [harmonics_ticon4_worldwide.txt]",Flach behalten,,,,,,,0.385,0.367,,offen (ohne Beleg)
harmonics_noaa_eutt.txt,"Marshall, Junk River, Liberia",eutt-215,Cape Town,bau (ohne Pruefstand),"Cape Town, South Africa [harmonics_ticon4_worldwide.txt]",Flach behalten,,,,,,,0.323,0.308,,offen (ohne Beleg)
harmonics_noaa_eutt.txt,"Harbel, Farmington River, Liberia",eutt-217,Cape Town,bau (ohne Pruefstand),"Cape Town, South Africa [harmonics_ticon4_worldwide.txt]",Flach behalten,,,,,,,0.339,0.323,,offen (ohne Beleg)
harmonics_noaa_eutt.txt,"Kerefe River, Liberia",eutt-223,Casablanca,bau,"Casablanca, Morocco [harmonics-1997-05-25_mod.txt]",Flach behalten,,,,,,,0.479,0.441,,offen (ohne Beleg)
harmonics_noaa_eutt.txt,"Shenge Point, Sherbro River, Sierra Leone",eutt-225,Casablanca,bau,"Casablanca, Morocco [harmonics-1997-05-25_mod.txt]",Flach behalten,,,,,,,1.097,1.01,,offen (ohne Beleg)
harmonics_noaa_eutt.txt,"Buoy Point, Sherbro River, Sierra Leone",eutt-227,Casablanca,bau,"Casablanca, Morocco [harmonics-1997-05-25_mod.txt]",Flach behalten,,,,,,,1.051,0.967,,offen (ohne Beleg)
harmonics_noaa_eutt.txt,"York Island, Sherbro River, Sierra Leone",eutt-229,Casablanca,bau,"Casablanca, Morocco [harmonics-1997-05-25_mod.txt]",Flach behalten,,,,,,,0.633,0.583,,offen (ohne Beleg)
harmonics_noaa_eutt.txt,"Banana Islands, Sierra Leone",eutt-231,Casablanca,bau,"Casablanca, Morocco [harmonics-1997-05-25_mod.txt]",Flach behalten,,,,,,,0.927,0.854,,offen (ohne Beleg)
harmonics_noaa_eutt.txt,"Freetown, Sierra Leone",eutt-233,Casablanca,bau,"Casablanca, Morocco [harmonics-1997-05-25_mod.txt]",Flach behalten,3.67,2.99,,,,,1.051,0.967,Wahrheit ok,schreiben
harmonics_noaa_eutt.txt,"Maroon River, Sierra Leone",eutt-235,Casablanca,bau,"Casablanca, Morocco [harmonics-1997-05-25_mod.txt]",Flach behalten,,,,,,,1.097,1.01,,offen (ohne Beleg)
harmonics_noaa_eutt.txt,"Pepel, Sierra Leone",eutt-237,Casablanca,bau,"Casablanca, Morocco [harmonics-1997-05-25_mod.txt]",Flach behalten,,,,,,,1.159,1.067,,offen (ohne Beleg)
harmonics_noaa_eutt.txt,"Bôlintan (Île Tana), Guinea",eutt-239,Casablanca,bau,"Casablanca, Morocco [harmonics-1997-05-25_mod.txt]",Flach behalten,,,,,,,1.452,1.337,,offen (ohne Beleg)
harmonics_noaa_eutt.txt,"Dubréka, Guinea",eutt-243,Casablanca,bau,"Casablanca, Morocco [harmonics-1997-05-25_mod.txt]",Flach behalten,,,,,,,1.684,1.551,Gruppe lokal n=2 -0.52 Punkte,schreiben (Gruppenbeleg lokal)
harmonics_noaa_eutt.txt,"Taboria, Guinea",eutt-245,Casablanca,bau,"Casablanca, Morocco [harmonics-1997-05-25_mod.txt]",Flach behalten,,,,,,,1.267,1.166,Gruppe lokal n=3 -0.63 Punkte,schreiben (Gruppenbeleg lokal)
harmonics_noaa_eutt.txt,"Cacine, Guinea-Bissau",eutt-251,Casablanca,gewaehlt,"Casablanca, Morocco [harmonics-1997-05-25_mod.txt]",Flach weg + HW/NW,,,,,,,2.055,1.892,Gruppe lokal n=4 -0.41 Punkte,schreiben (Gruppenbeleg lokal)
harmonics_noaa_eutt.txt,"Porto de Bolama, Guinea-Bissau",eutt-255,Casablanca,gewaehlt,"Casablanca, Morocco [harmonics-1997-05-25_mod.txt]",Flach weg + HW/NW,3.26,2.89,19.9,17.8,,,1.885,1.735,"Wahrheit ok, Pegel ok",schreiben
harmonics_noaa_eutt.txt,"Porto de Bissau, Guinea-Bissau",eutt-257,Casablanca,gewaehlt,"Casablanca, Morocco [harmonics-1997-05-25_mod.txt]",Flach weg + HW/NW,3.93,3.3,,,,,1.947,1.792,Wahrheit ok,schreiben
harmonics_noaa_eutt.txt,"Ilheu de Caio, Guinea-Bissau",eutt-263,Casablanca,gewaehlt,"Casablanca, Morocco [harmonics-1997-05-25_mod.txt]",Flach weg + HW/NW,4.3,4.17,,,,,1.051,0.967,Wahrheit ok,schreiben
harmonics_noaa_eutt.txt,"Cacheu, Guinea-Bissau",eutt-265,Casablanca,gewaehlt,"Casablanca, Morocco [harmonics-1997-05-25_mod.txt]",Flach weg + HW/NW,3.95,3.51,,,,,0.989,0.91,Wahrheit ok,schreiben
harmonics_noaa_eutt.txt,"Karabane (Casamance), Senegal",eutt-269,Dakar,bau,"Dakar, Senegal [harmonics_ticon4_worldwide.txt]",Flach behalten,,,,,3.71,3.81,0.479,0.434,Nachbarn ok,schreiben
harmonics_noaa_eutt.txt,"Cape St. Mary (Bakau), Gambia",eutt-271,Dakar,bau,"Dakar, Senegal [harmonics_ticon4_worldwide.txt]",Flach behalten,,,,,,,0.634,0.575,Gruppe lokal n=2 -1.31 Punkte,schreiben (Gruppenbeleg lokal)
harmonics_noaa_eutt.txt,"Banjul, Gambia",eutt-273,Dakar,bau,"Dakar, Senegal [harmonics_ticon4_worldwide.txt]",Flach behalten,2.63,2.21,,,,,0.618,0.561,Wahrheit ok,schreiben
harmonics_noaa_eutt.txt,"Salikenne Point, Gambia",eutt-277,Dakar,bau,"Dakar, Senegal [harmonics_ticon4_worldwide.txt]",Flach behalten,,,,,,,0.897,0.813,Gruppe lokal n=2 -1.31 Punkte,schreiben (Gruppenbeleg lokal)
harmonics_noaa_eutt.txt,"Pointe de Sangomar (Saloum River), Senegal",eutt-283,Dakar,bau,"Dakar, Senegal [harmonics_ticon4_worldwide.txt]",Flach behalten,,,,,,,0.417,0.378,Gruppe lokal n=2 -1.31 Punkte,schreiben (Gruppenbeleg lokal)
harmonics_noaa_eutt.txt,"Saint-Louis, Senegal",eutt-287,Dakar,bau,"Dakar, Senegal [harmonics_ticon4_worldwide.txt]",Flach behalten,6.66,4.46,10.0,6.7,,,0.51,0.463,"Wahrheit ok, Pegel ok",schreiben
harmonics_noaa_eutt.txt,"Port Tanit, Mauritania",eutt-289,Dakar,bau,"Dakar, Senegal [harmonics_ticon4_worldwide.txt]",Flach behalten,,,,,,,0.557,0.505,Gruppe lokal n=2 -1.36 Punkte,schreiben (Gruppenbeleg lokal)
harmonics_noaa_eutt.txt,"Nouadhibou, Mauritania",eutt-293,Dakar,bau,"Dakar, Senegal [harmonics_ticon4_worldwide.txt]",Flach behalten,3.58,3.06,6.5,6.0,,,0.603,0.547,"Wahrheit ok, Pegel ok",schreiben
harmonics_noaa_eutt.txt,"La Güera, Mauritania",eutt-295,Casablanca,bau,"Casablanca, Morocco [harmonics-1997-05-25_mod.txt]",Flach behalten,,,,,,,0.448,0.413,,offen (ohne Beleg)
harmonics_noaa_eutt.txt,"Lassarga (Rio de Oro), Western Sahara",eutt-297,Casablanca,bau,"Casablanca, Morocco [harmonics-1997-05-25_mod.txt]",Flach behalten,,,,,2.96,2.16,0.742,0.683,Nachbarn ok,schreiben
harmonics_noaa_eutt.txt,"Dakhla, Western Sahara",eutt-299,Casablanca,bau,"Casablanca, Morocco [harmonics-1997-05-25_mod.txt]",Flach behalten,4.42,4.31,,,,,0.742,0.683,Wahrheit ok,schreiben
harmonics_noaa_eutt.txt,"El Jadida, Morocco",eutt-313,Casablanca,bau,"Casablanca, Morocco [harmonics-1997-05-25_mod.txt]",Flach behalten,2.53,2.03,11.7,10.2,,,1.035,0.953,"Wahrheit ok, Pegel ok",schreiben
harmonics_noaa_eutt.txt,"Kénitra, Morocco",eutt-321,Casablanca,bau,"Casablanca, Morocco [harmonics-1997-05-25_mod.txt]",Flach behalten,,,,,,,0.726,0.669,,offen (ohne Beleg)
harmonics_noaa_eutt.txt,"Larache, Morocco",eutt-323,Casablanca,bau (ohne Pruefstand),"Casablanca, Morocco [harmonics-1997-05-25_mod.txt]",Flach behalten,,,,,3.82,1.99,0.865,0.797,Nachbarn ok,schreiben
harmonics_noaa_eutt.txt,"Asilah, Morocco",eutt-325,Casablanca,bau (ohne Pruefstand),"Casablanca, Morocco [harmonics-1997-05-25_mod.txt]",Flach behalten,,,,,,,0.819,0.754,,offen (ohne Beleg)
harmonics_noaa_eutt.txt,"Ceuta, Spain",eutt-329,Gibraltar,bau,"Sandy Bay, Gibraltar [harmonics_att_np208.txt]",Flach behalten,3.14,3.82,,,,,0.32,0.27,Wahrheit schlechter,behalten (Beleg schlechter)
harmonics_noaa_eutt.txt,"Gabès, Tunisia",eutt-353,Sfax,behalten,,,,,,,,,,,,behalten (Gruppe am Pruefstand schlechter)
harmonics_noaa_eutt.txt,"Hawmat As Suq, Tunisia",eutt-355,Sfax,behalten,,,,,,,,,,,,behalten (Gruppe am Pruefstand schlechter)
harmonics_noaa_eutt.txt,"Zarzis (Jarjis), Tunisia",eutt-357,Sfax,behalten,,,,,,,,,,,,behalten (Gruppe am Pruefstand schlechter)
harmonics_noaa_eutt.txt,"Tripoli (Tarabulus), Libya",eutt-359,Gibraltar,bau,"Sandy Bay, Gibraltar [harmonics_att_np208.txt]",Flach behalten,11.06,11.01,,,,,0.091,0.077,Wahrheit ok,schreiben
harmonics_noaa_eutt.txt,"Port Said, Egypt",eutt-365,Gibraltar,bau,"Sandy Bay, Gibraltar [harmonics_att_np208.txt]",Flach behalten,10.57,8.17,,,,,0.137,0.116,Wahrheit ok,schreiben
harmonics_noaa_eutt.txt,"Girne (Kyrenia), Cyprus",eutt-373,Gibraltar,bau,"Sandy Bay, Gibraltar [harmonics_att_np208.txt]",Flach behalten,9.27,8.89,,,,,0.107,0.09,Wahrheit ok,schreiben
harmonics_noaa_eutt.txt,"Famagusta, Cyprus",eutt-375,Gibraltar,bau,"Sandy Bay, Gibraltar [harmonics_att_np208.txt]",Flach behalten,13.08,9.5,,,,,0.091,0.077,Wahrheit ok,schreiben
harmonics_noaa_eutt.txt,"Bar, Montenegro",eutt-385,Gibraltar,bau,"Sandy Bay, Gibraltar [harmonics_att_np208.txt]",Flach behalten,11.84,11.37,,,,,0.091,0.077,Wahrheit ok,schreiben
harmonics_noaa_eutt.txt,"Dubrovnik (Ragusa), Croatia",eutt-387,Gibraltar,bau,"Sandy Bay, Gibraltar [harmonics_att_np208.txt]",Flach behalten,,,,,12.56,11.61,0.107,0.09,Nachbarn ok,schreiben
harmonics_noaa_eutt.txt,"Trieste, Italy",eutt-405,Venezia,bau,"Venezia, Italy [harmonics_ticon4_worldwide.txt]",Flach behalten,5.29,2.86,,,,,0.271,0.285,Wahrheit ok,schreiben
harmonics_noaa_eutt.txt,"Grado, Italy",eutt-407,Venezia,bau,"Venezia, Italy [harmonics_ticon4_worldwide.txt]",Flach behalten,,,,,,,0.23,0.242,Gruppe lokal n=2 -0.68 Punkte,schreiben (Gruppenbeleg lokal)
harmonics_noaa_eutt.txt,"Malamocco, Italy",eutt-411,Venezia,bau,"Venezia, Italy [harmonics_ticon4_worldwide.txt]",Flach behalten,,,,,6.18,7.87,0.23,0.242,Nachbarn schlechter,behalten (Beleg schlechter)
harmonics_noaa_eutt.txt,"Chioggia, Italy",eutt-413,Venezia,bau,"Venezia, Italy [harmonics_ticon4_worldwide.txt]",Flach behalten,7.1,8.18,,,,,0.23,0.242,Wahrheit schlechter,behalten (Beleg schlechter)
harmonics_noaa_eutt.txt,"Palermo, Sicily, Italy",eutt-427,Gibralter,bau,"Gibraltar, United Kingdom [harmonics_ticon4_worldwide.txt]",Flach behalten,9.06,8.34,,,,,0.122,0.111,Wahrheit ok,schreiben
harmonics_noaa_eutt.txt,"Lipari, Italy",eutt-429,Gibralter,bau,"Gibraltar, United Kingdom [harmonics_ticon4_worldwide.txt]",Flach behalten,8.13,8.3,,,,,0.122,0.111,Wahrheit ok,schreiben
harmonics_noaa_eutt.txt,"Milazzo, Sicily, Italy",eutt-431,Gibralter,bau,"Gibraltar, United Kingdom [harmonics_ticon4_worldwide.txt]",Flach behalten,8.53,7.73,,,,,0.122,0.111,Wahrheit ok,schreiben
harmonics_noaa_eutt.txt,"Málaga, Spain",eutt-445,Gibralter,bau,"Gibraltar, United Kingdom [harmonics_ticon4_worldwide.txt]",Flach behalten,4.12,3.55,,,,,0.199,0.18,Wahrheit ok,schreiben
harmonics_noaa_eutt.txt,"Tarifa, Spain",eutt-449,Gibralter,behalten,,,,,,,,,,,,behalten (Gruppe am Pruefstand schlechter)
harmonics_noaa_eutt.txt,"Conil de la Frontera, Spain",eutt-451,Lisbon,bau,"Lisboa (Alcântara), Portugal [harmonics-1997-05-25_mod.txt]",Flach behalten,,,,,7.85,7.08,0.94,0.835,Nachbarn ok,schreiben
harmonics_noaa_eutt.txt,"Arsenal de la Carraca, Spain",eutt-453,Lisbon,bau,"Lisboa (Alcântara), Portugal [harmonics-1997-05-25_mod.txt]",Flach behalten,5.95,5.28,,,,,1.125,0.999,Wahrheit ok,schreiben
harmonics_noaa_eutt.txt,"Cádiz, Spain",eutt-455,Lisbon,bau,"Lisboa (Alcântara), Portugal [harmonics-1997-05-25_mod.txt]",Flach behalten,2.15,2.1,,,,,1.063,0.945,Wahrheit ok,schreiben
harmonics_noaa_eutt.txt,"Rota, Spain",eutt-457,Lisbon,bau,"Lisboa (Alcântara), Portugal [harmonics-1997-05-25_mod.txt]",Flach behalten,3.34,1.44,,,,,1.186,1.054,Wahrheit ok,schreiben
harmonics_noaa_eutt.txt,"Sanlúcar, Río Guadalquivir, Spain",eutt-461,Lisbon,bau,"Lisboa (Alcântara), Portugal [harmonics-1997-05-25_mod.txt]",Flach behalten,4.11,2.39,18.8,14.2,,,1.032,0.917,"Wahrheit ok, Pegel ok",schreiben
harmonics_noaa_eutt.txt,"Huelva (Río Odiel), Spain",eutt-465,Lisbon,bau,"Lisboa (Alcântara), Portugal [harmonics-1997-05-25_mod.txt]",Flach behalten,,,,,,,1.217,1.082,Gruppe lokal n=14 -0.45 Punkte,schreiben (Gruppenbeleg lokal)
harmonics_noaa_eutt.txt,"Ayamonte, Spain",eutt-467,Lisbon,bau,"Lisboa (Alcântara), Portugal [harmonics-1997-05-25_mod.txt]",Flach behalten,2.34,1.53,,,,,1.078,0.958,Wahrheit ok,schreiben
harmonics_noaa_eutt.txt,"Vila Real de Santo António, Portugal",eutt-469,Lisbon,bau,"Lisboa (Alcântara), Portugal [harmonics-1997-05-25_mod.txt]",Flach behalten,2.22,1.99,,,,,1.032,0.917,Wahrheit ok,schreiben
harmonics_noaa_eutt.txt,"Faro bar, Portugal",eutt-471,Lisbon,bau,"Lisboa (Alcântara), Portugal [harmonics-1997-05-25_mod.txt]",Flach behalten,2.32,1.8,,,,,1.001,0.89,Wahrheit ok,schreiben
harmonics_noaa_eutt.txt,"Albufeira (Ponta da Baleeira), Portugal",eutt-473,Lisbon,bau,"Lisboa (Alcântara), Portugal [harmonics-1997-05-25_mod.txt]",Flach behalten,3.8,4.31,16.2,17.1,,,0.986,0.876,"Wahrheit schlechter, Pegel schlechter",behalten (Beleg schlechter)
harmonics_noaa_eutt.txt,"Ponta do Altar (Ferragudo), Portugal",eutt-475,Lisbon,bau,"Lisboa (Alcântara), Portugal [harmonics-1997-05-25_mod.txt]",Flach behalten,,,,,2.9,3.89,0.986,0.876,Nachbarn schlechter,behalten (Beleg schlechter)
harmonics_noaa_eutt.txt,"Lagos, Portugal",eutt-477,Lisbon,bau,"Lisboa (Alcântara), Portugal [harmonics-1997-05-25_mod.txt]",Flach behalten,3.28,2.58,16.1,14.7,,,1.078,0.958,"Wahrheit ok, Pegel ok",schreiben
harmonics_noaa_eutt.txt,"Ponta de Sagres, Portugal",eutt-479,Lisbon,bau,"Lisboa (Alcântara), Portugal [harmonics-1997-05-25_mod.txt]",Flach behalten,2.29,2.37,11.0,12.1,,,1.048,0.931,"Wahrheit ok, Pegel schlechter",schreiben
harmonics_noaa_eutt.txt,"Arrifana, Portugal",eutt-481,Lisbon,bau,"Lisboa (Alcântara), Portugal [harmonics-1997-05-25_mod.txt]",Flach behalten,7.71,7.32,20.6,19.6,,,1.048,0.931,"Wahrheit ok, Pegel ok",schreiben
harmonics_noaa_eutt.txt,"Vila Nova de Milfontes, Portugal",eutt-483,Lisbon,bau,"Lisboa (Alcântara), Portugal [harmonics-1997-05-25_mod.txt]",Flach behalten,,,,,,,1.032,0.917,Gruppe lokal n=16 -0.59 Punkte,schreiben (Gruppenbeleg lokal)
harmonics_noaa_eutt.txt,"Sines, Portugal",eutt-485,Lisbon,bau,"Lisboa (Alcântara), Portugal [harmonics-1997-05-25_mod.txt]",Flach behalten,2.57,2.88,,,,,1.017,0.904,Wahrheit schlechter,behalten (Beleg schlechter)
harmonics_noaa_eutt.txt,"Setúbal, Portugal",eutt-487,Lisbon,bau,"Lisboa (Alcântara), Portugal [harmonics-1997-05-25_mod.txt]",Flach behalten,,,,,3.2,2.01,1.125,0.999,Nachbarn ok,schreiben
harmonics_noaa_eutt.txt,"Sesimbra, Portugal",eutt-489,Lisbon,bau,"Lisboa (Alcântara), Portugal [harmonics-1997-05-25_mod.txt]",Flach behalten,3.22,2.46,,,,,1.063,0.945,Wahrheit ok,schreiben
harmonics_noaa_eutt.txt,"Cascais, Portugal",eutt-493,Lisbon,bau,"Lisboa (Alcântara), Portugal [harmonics-1997-05-25_mod.txt]",Flach behalten,1.62,2.3,20.4,19.0,,,1.017,0.904,"Wahrheit schlechter, Pegel ok",behalten (Beleg schlechter)
harmonics_noaa_eutt.txt,"Nazaré, Portugal",eutt-497,Lisbon,bau,"Lisboa (Alcântara), Portugal [harmonics-1997-05-25_mod.txt]",Flach behalten,3.01,2.17,,,,,1.094,0.972,Wahrheit ok,schreiben
harmonics_noaa_eutt.txt,"Figueira da Foz, Portugal",eutt-499,Lisbon,bau,"Lisboa (Alcântara), Portugal [harmonics-1997-05-25_mod.txt]",Flach behalten,3.89,1.57,,,,,1.094,0.972,Wahrheit ok,schreiben
harmonics_noaa_eutt.txt,"Barra de Aveiro (Gafanha da Nazaré), Portugal",eutt-501,Lisbon,bau,"Lisboa (Alcântara), Portugal [harmonics-1997-05-25_mod.txt]",Flach behalten,4.46,5.95,,,,,0.74,0.657,Wahrheit schlechter,behalten (Beleg schlechter)
harmonics_noaa_eutt.txt,"Cantareira (Barra do Douro), Portugal",eutt-503,Lisbon,bau,"Lisboa (Alcântara), Portugal [harmonics-1997-05-25_mod.txt]",Flach behalten,,,,,1.81,3.27,1.017,0.904,Nachbarn schlechter,behalten (Beleg schlechter)
harmonics_noaa_eutt.txt,"Porto (Rio Douro), Portugal",eutt-505,Lisbon,bau,"Lisboa (Alcântara), Portugal [harmonics-1997-05-25_mod.txt]",Flach behalten,,,,,,,1.063,0.945,Gruppe lokal n=5 -0.33 Punkte,schreiben (Gruppenbeleg lokal)
harmonics_noaa_eutt.txt,"Porto de Leixões (Matosinhos), Portugal",eutt-507,Lisbon,bau,"Lisboa (Alcântara), Portugal [harmonics-1997-05-25_mod.txt]",Flach behalten,2.91,2.58,16.9,15.3,,,1.125,0.999,"Wahrheit ok, Pegel ok",schreiben
harmonics_noaa_eutt.txt,"Póvoa de Varzim, Portugal",eutt-509,Lisbon,bau,"Lisboa (Alcântara), Portugal [harmonics-1997-05-25_mod.txt]",Flach behalten,,,,,1.32,2.23,1.032,0.917,Nachbarn schlechter,behalten (Beleg schlechter)
harmonics_noaa_eutt.txt,"Esposende (Rio Cávado), Portugal",eutt-511,Lisbon,bau,"Lisboa (Alcântara), Portugal [harmonics-1997-05-25_mod.txt]",Flach behalten,,,,,,,0.986,0.876,Gruppe lokal n=4 -0.58 Punkte,schreiben (Gruppenbeleg lokal)
harmonics_noaa_eutt.txt,"Cabo Corrubedo, Spain",eutt-527,Lisbon,bau,"Lisboa (Alcântara), Portugal [harmonics-1997-05-25_mod.txt]",Flach behalten,,,,,,,1.186,1.054,Gruppe lokal n=5 -0.33 Punkte,schreiben (Gruppenbeleg lokal)
harmonics_noaa_eutt.txt,"Freixo, Spain",eutt-529,Lisbon,bau,"Lisboa (Alcântara), Portugal [harmonics-1997-05-25_mod.txt]",Flach behalten,,,,,6.05,4.78,1.232,1.095,Nachbarn ok,schreiben
harmonics_noaa_eutt.txt,"Muros, Spain",eutt-531,Lisbon,bau,"Lisboa (Alcântara), Portugal [harmonics-1997-05-25_mod.txt]",Flach behalten,,,,,,,1.186,1.054,Gruppe lokal n=5 -0.33 Punkte,schreiben (Gruppenbeleg lokal)
harmonics_noaa_eutt.txt,"Corcubión, Spain",eutt-533,Lisbon,bau,"Lisboa (Alcântara), Portugal [harmonics-1997-05-25_mod.txt]",Flach behalten,,,,,,,1.186,1.054,Gruppe lokal n=4 +0.04 Punkte,behalten (Gruppe lokal schlechter)
harmonics_noaa_eutt.txt,"Corme, Spain",eutt-537,Lisbon,bau,"Lisboa (Alcântara), Portugal [harmonics-1997-05-25_mod.txt]",Flach behalten,,,,,,,1.279,1.136,Gruppe lokal n=4 +0.04 Punkte,behalten (Gruppe lokal schlechter)
harmonics_noaa_eutt.txt,"Luarca, Spain",eutt-553,Lisbon,bau,"Lisboa (Alcântara), Portugal [harmonics-1997-05-25_mod.txt]",Flach behalten,,,,,,,1.433,1.273,Gruppe lokal n=5 -0.65 Punkte,schreiben (Gruppenbeleg lokal)
harmonics_noaa_eutt.txt,"Ría de Pravia, Spain",eutt-555,Lisbon,bau,"Lisboa (Alcântara), Portugal [harmonics-1997-05-25_mod.txt]",Flach behalten,,,,,,,1.34,1.191,Gruppe lokal n=5 -0.65 Punkte,schreiben (Gruppenbeleg lokal)
harmonics_noaa_eutt.txt,"Avilés, Spain",eutt-557,Lisbon,bau,"Lisboa (Alcântara), Portugal [harmonics-1997-05-25_mod.txt]",Flach behalten,3.45,3.87,,,,,1.34,1.191,Wahrheit schlechter,behalten (Beleg schlechter)
harmonics_noaa_eutt.txt,"Luanco, Spain",eutt-559,Lisbon,bau,"Lisboa (Alcântara), Portugal [harmonics-1997-05-25_mod.txt]",Flach behalten,,,,,,,1.34,1.191,Gruppe lokal n=5 -0.65 Punkte,schreiben (Gruppenbeleg lokal)
harmonics_noaa_eutt.txt,"Gijón (El Musel), Spain",eutt-561,Lisbon,bau,"Lisboa (Alcântara), Portugal [harmonics-1997-05-25_mod.txt]",Flach behalten,2.49,1.76,,,,,1.387,1.232,Wahrheit ok,schreiben
harmonics_noaa_eutt.txt,"Ribadesella, Spain",eutt-563,Lisbon,bau,"Lisboa (Alcântara), Portugal [harmonics-1997-05-25_mod.txt]",Flach behalten,,,,,3.25,3.08,1.387,1.232,Nachbarn ok,schreiben
harmonics_noaa_eutt.txt,"Llanes, Spain",eutt-565,Lisbon,bau,"Lisboa (Alcântara), Portugal [harmonics-1997-05-25_mod.txt]",Flach behalten,,,,,1.79,2.07,1.34,1.191,Nachbarn ok,schreiben
harmonics_noaa_eutt.txt,"San Vicente de la Barquera, Spain",eutt-567,Lisbon,bau,"Lisboa (Alcântara), Portugal [harmonics-1997-05-25_mod.txt]",Flach behalten,,,,,,,1.356,1.205,Gruppe lokal n=6 -0.65 Punkte,schreiben (Gruppenbeleg lokal)
harmonics_noaa_eutt.txt,"Suances, Spain",eutt-569,Lisbon,bau,"Lisboa (Alcântara), Portugal [harmonics-1997-05-25_mod.txt]",Flach behalten,,,,,,,1.34,1.191,Gruppe lokal n=6 -0.65 Punkte,schreiben (Gruppenbeleg lokal)
harmonics_noaa_eutt.txt,"Santander, Spain",eutt-571,Lisbon,bau,"Lisboa (Alcântara), Portugal [harmonics-1997-05-25_mod.txt]",Flach behalten,10.42,9.78,,,,,1.402,1.246,Wahrheit ok,schreiben
harmonics_noaa_eutt.txt,"Santoña, Spain",eutt-573,Lisbon,bau,"Lisboa (Alcântara), Portugal [harmonics-1997-05-25_mod.txt]",Flach behalten,,,,,,,1.356,1.205,Gruppe lokal n=6 -0.65 Punkte,schreiben (Gruppenbeleg lokal)
harmonics_noaa_eutt.txt,"Castro-Urdiales, Spain",eutt-575,Lisbon,bau,"Lisboa (Alcântara), Portugal [harmonics-1997-05-25_mod.txt]",Flach behalten,,,,,,,1.34,1.191,Gruppe lokal n=6 -0.65 Punkte,schreiben (Gruppenbeleg lokal)
harmonics_noaa_eutt.txt,"Santurtzi (Bilbao), Spain",eutt-577,Lisbon,bau,"Lisboa (Alcântara), Portugal [harmonics-1997-05-25_mod.txt]",Flach behalten,5.43,4.78,,,,,1.417,1.26,Wahrheit ok,schreiben
harmonics_noaa_eutt.txt,"Portugalete (Abra Bilbao), Spain",eutt-579,Lisbon,bau,"Lisboa (Alcântara), Portugal [harmonics-1997-05-25_mod.txt]",Flach behalten,2.34,1.34,,,,,1.417,1.26,Wahrheit ok,schreiben
harmonics_noaa_eutt.txt,"Bermeo, Spain",eutt-583,Lisbon,bau,"Lisboa (Alcântara), Portugal [harmonics-1997-05-25_mod.txt]",Flach behalten,,,,,5.81,4.06,1.587,1.41,Nachbarn ok,schreiben
harmonics_noaa_eutt.txt,"Lekeitio, Spain",eutt-585,Lisbon,bau,"Lisboa (Alcântara), Portugal [harmonics-1997-05-25_mod.txt]",Flach behalten,,,,,,,1.387,1.232,Gruppe lokal n=6 -0.65 Punkte,schreiben (Gruppenbeleg lokal)
harmonics_noaa_eutt.txt,"Ondarroa, Spain",eutt-587,Lisbon,bau,"Lisboa (Alcântara), Portugal [harmonics-1997-05-25_mod.txt]",Flach behalten,,,,,,,1.325,1.177,Gruppe lokal n=6 -0.65 Punkte,schreiben (Gruppenbeleg lokal)
harmonics_noaa_eutt.txt,"Deba, Spain",eutt-589,Lisbon,bau,"Lisboa (Alcântara), Portugal [harmonics-1997-05-25_mod.txt]",Flach behalten,,,,,,,1.387,1.232,Gruppe lokal n=6 -0.65 Punkte,schreiben (Gruppenbeleg lokal)
harmonics_noaa_eutt.txt,"Getaria, Spain",eutt-591,Lisbon,bau,"Lisboa (Alcântara), Portugal [harmonics-1997-05-25_mod.txt]",Flach behalten,,,,,,,1.387,1.232,Gruppe lokal n=5 -0.65 Punkte,schreiben (Gruppenbeleg lokal)
harmonics_noaa_eutt.txt,"Ría de Orio, Spain",eutt-593,Lisbon,bau,"Lisboa (Alcântara), Portugal [harmonics-1997-05-25_mod.txt]",Flach behalten,,,,,,,1.387,1.232,Gruppe lokal n=5 -0.65 Punkte,schreiben (Gruppenbeleg lokal)
harmonics_noaa_eutt.txt,"Donostia (San Sebastián), Spain",eutt-595,Lisbon,bau,"Lisboa (Alcântara), Portugal [harmonics-1997-05-25_mod.txt]",Flach behalten,,,,,,,1.387,1.232,Gruppe lokal n=4 -0.65 Punkte,schreiben (Gruppenbeleg lokal)
harmonics_noaa_eutt.txt,"Pasaia, Spain",eutt-597,Lisbon,bau,"Lisboa (Alcântara), Portugal [harmonics-1997-05-25_mod.txt]",Flach behalten,2.54,1.97,,,,,1.417,1.26,Wahrheit ok,schreiben
harmonics_noaa_eutt.txt,"Saint-Jean-de-Luz (Socoa), France",eutt-601,Pointe de Grave,bau,"Port-Bloc (La Pointe de Grave), France [harmonics_ticon4_worldwide.txt]",Flach behalten,3.66,2.19,19.6,13.3,,,1.437,1.282,"Wahrheit ok, Pegel ok",schreiben
harmonics_noaa_eutt.txt,"Boucau-Bayonne (L'Adour), France",eutt-603,Pointe de Grave,bau,"Port-Bloc (La Pointe de Grave), France [harmonics_ticon4_worldwide.txt]",Flach behalten,3.3,2.06,16.5,14.6,,,1.313,1.171,"Wahrheit ok, Pegel ok",schreiben
harmonics_noaa_eutt.txt,"Blaye (Gironde), France",eutt-619,Pointe de Grave,bau,"Port-Bloc (La Pointe de Grave), France [harmonics_ticon4_worldwide.txt]",Flach behalten,9.03,6.93,72.9,55.8,,,2.503,2.233,"Wahrheit ok, Pegel ok",schreiben
harmonics_noaa_eutt.txt,"Bordeaux, France",eutt-621,Pointe de Grave,bau,"Port-Bloc (La Pointe de Grave), France [harmonics_ticon4_worldwide.txt]",Flach behalten,13.38,11.66,,,,,2.704,2.412,Wahrheit ok,schreiben
harmonics_noaa_eutt.txt,"La Cayenne (Seudre), France",eutt-623,Pointe de Grave,bau,"Port-Bloc (La Pointe de Grave), France [harmonics_ticon4_worldwide.txt]",Flach behalten,3.31,3.23,,,,,1.7,1.516,Wahrheit ok,schreiben
harmonics_noaa_eutt.txt,"Rochefort (Charente), France",eutt-625,Pointe de Grave,bau,"Port-Bloc (La Pointe de Grave), France [harmonics_ticon4_worldwide.txt]",Flach behalten,17.52,15.9,58.6,45.9,,,2.534,2.26,"Wahrheit ok, Pegel ok",schreiben
harmonics_noaa_eutt.txt,"Île-d'Aix, France",eutt-627,Pointe de Grave,bau,"Port-Bloc (La Pointe de Grave), France [harmonics_ticon4_worldwide.txt]",Flach behalten,4.72,3.14,29.2,19.0,,,2.055,1.833,"Wahrheit ok, Pegel ok",schreiben
harmonics_noaa_eutt.txt,"Saint-Martin-de-Ré (Île de Ré), France",eutt-633,Pointe de Grave,bau,"Port-Bloc (La Pointe de Grave), France [harmonics_ticon4_worldwide.txt]",Flach behalten,4.16,3.35,28.2,20.9,,,1.978,1.764,"Wahrheit ok, Pegel ok",schreiben
harmonics_noaa_eutt.txt,"Les Sables-d'Olonne, France",eutt-635,Pointe de Grave,bau,"Port-Bloc (La Pointe de Grave), France [harmonics_ticon4_worldwide.txt]",Flach behalten,3.48,3.01,24.8,21.7,,,1.669,1.488,"Wahrheit ok, Pegel ok",schreiben
harmonics_noaa_eutt.txt,"Saint-Gilles-Croix-de-Vie, France",eutt-637,Pointe de Grave,bau,"Port-Bloc (La Pointe de Grave), France [harmonics_ticon4_worldwide.txt]",Flach behalten,3.9,2.05,23.6,13.8,,,1.762,1.571,"Wahrheit ok, Pegel ok",schreiben
harmonics_noaa_eutt.txt,"Port-Joinville (Île d'Yeu), France",eutt-639,Pointe de Grave,bau,"Port-Bloc (La Pointe de Grave), France [harmonics_ticon4_worldwide.txt]",Flach behalten,3.83,2.56,19.9,12.4,,,1.7,1.516,"Wahrheit ok, Pegel ok",schreiben
harmonics_noaa_eutt.txt,"Bois de la Chaise (Noirmoutier), France",eutt-643,Pointe de Grave,bau,"Port-Bloc (La Pointe de Grave), France [harmonics_ticon4_worldwide.txt]",Flach behalten,,,,,,,1.901,1.695,Gruppe lokal n=17 -1.49 Punkte,schreiben (Gruppenbeleg lokal)
harmonics_noaa_eutt.txt,"Paimboeuf (Loire), France",eutt-649,Pointe de Grave,bau,"Port-Bloc (La Pointe de Grave), France [harmonics_ticon4_worldwide.txt]",Flach behalten,6.37,6.93,46.3,49.2,,,1.762,1.571,"Wahrheit schlechter, Pegel schlechter",behalten (Beleg schlechter)
harmonics_noaa_eutt.txt,"Port-Navalo, France",eutt-659,Pointe de Grave,bau,"Port-Bloc (La Pointe de Grave), France [harmonics_ticon4_worldwide.txt]",Flach behalten,2.84,1.45,15.4,9.4,,,1.669,1.488,"Wahrheit ok, Pegel ok",schreiben
harmonics_noaa_eutt.txt,"La Trinité-sur-Mer, France",eutt-665,Pointe de Grave,bau,"Port-Bloc (La Pointe de Grave), France [harmonics_ticon4_worldwide.txt]",Flach behalten,3.57,2.23,19.8,12.8,,,1.777,1.585,"Wahrheit ok, Pegel ok",schreiben
harmonics_noaa_eutt.txt,"Le Palais (Belle-Île), France",eutt-667,Pointe de Grave,bau,"Port-Bloc (La Pointe de Grave), France [harmonics_ticon4_worldwide.txt]",Flach behalten,3.82,2.21,23.3,13.0,,,1.731,1.543,"Wahrheit ok, Pegel ok",schreiben
harmonics_noaa_eutt.txt,"Port-Louis (Locmalo), France",eutt-669,Pointe de Grave,bau,"Port-Bloc (La Pointe de Grave), France [harmonics_ticon4_worldwide.txt]",Flach behalten,3.83,1.65,18.2,8.7,,,1.684,1.502,"Wahrheit ok, Pegel ok",schreiben
harmonics_noaa_eutt.txt,"Lorient (Port de commerce), France",eutt-671,Pointe de Grave,bau,"Port-Bloc (La Pointe de Grave), France [harmonics_ticon4_worldwide.txt]",Flach behalten,3.07,1.62,16.9,10.8,,,1.684,1.502,"Wahrheit ok, Pegel ok",schreiben
harmonics_noaa_eutt.txt,"Penfret (Îles de Glénan), France",eutt-673,Pointe de Grave,bau,"Port-Bloc (La Pointe de Grave), France [harmonics_ticon4_worldwide.txt]",Flach behalten,2.86,1.36,15.2,8.5,,,1.638,1.461,"Wahrheit ok, Pegel ok",schreiben
harmonics_noaa_eutt.txt,"Saint-Guénolé (Pointe de Penmarch), France",eutt-681,Pointe de Grave,bau,"Port-Bloc (La Pointe de Grave), France [harmonics_ticon4_worldwide.txt]",Flach behalten,2.9,1.41,14.8,8.7,,,1.669,1.488,"Wahrheit ok, Pegel ok",schreiben
harmonics_noaa_eutt.txt,"Camaret-sur-Mer, France",eutt-689,Brest,bau,"Brest (Moulin Blanc), France [harmonics_utide_tidetables.txt]",Flach behalten,3.05,1.12,21.9,8.1,,,2.21,2.007,"Wahrheit ok, Pegel ok",schreiben
harmonics_noaa_eutt.txt,"Île-Molène, France",eutt-695,Brest,bau,"Brest (Moulin Blanc), France [harmonics_utide_tidetables.txt]",Flach behalten,2.95,2.05,25.0,17.4,,,2.348,2.133,"Wahrheit ok, Pegel ok",schreiben
harmonics_noaa_eutt.txt,"Baie de Lampaul (Île d'Ouessant), France",eutt-697,Brest,bau,"Brest (Moulin Blanc), France [harmonics_utide_tidetables.txt]",Flach behalten,3.15,1.52,24.2,12.3,,,2.302,2.091,"Wahrheit ok, Pegel ok",schreiben
harmonics_noaa_eutt.txt,"L'Aber Benoît, France",eutt-699,Brest,bau,"Brest (Moulin Blanc), France [harmonics_utide_tidetables.txt]",Flach behalten,3.04,2.27,25.1,20.0,,,2.609,2.37,"Wahrheit ok, Pegel ok",schreiben
harmonics_noaa_eutt.txt,"Fort Cézon (Landéda), France",eutt-701,Brest,bau,"Brest (Moulin Blanc), France [harmonics_utide_tidetables.txt]",Flach behalten,1.95,0.96,14.9,8.0,,,2.593,2.356,"Wahrheit ok, Pegel ok",schreiben
harmonics_noaa_eutt.txt,"Carantec, Château du Taureau, France",eutt-705,Brest,bau,"Brest (Moulin Blanc), France [harmonics_utide_tidetables.txt]",Flach behalten,2.64,2.43,25.7,25.2,,,2.885,2.621,"Wahrheit ok, Pegel ok",schreiben
harmonics_noaa_eutt.txt,"Port Castel (Plougrescant), France",eutt-709,Brest,bau,"Brest (Moulin Blanc), France [harmonics_utide_tidetables.txt]",Flach behalten,4.69,4.29,52.0,49.3,,,3.192,2.899,"Wahrheit ok, Pegel ok",schreiben
harmonics_noaa_eutt.txt,"Saint-Brieuc (Baie du Légué), France",eutt-721,Brest,bau,"Brest (Moulin Blanc), France [harmonics_utide_tidetables.txt]",Flach behalten,,,,,2.74,2.24,3.744,3.401,Nachbarn ok,schreiben
harmonics_noaa_eutt.txt,"St Helier, Jersey, Channel Islands",eutt-739,Brest,bau,"Brest (Moulin Blanc), France [harmonics_utide_tidetables.txt]",Flach behalten,2.94,2.21,33.0,22.5,,,3.621,3.29,"Wahrheit ok, Pegel ok",schreiben
harmonics_noaa_eutt.txt,"Saint Peter Port, Guernsey, Channel Islands",eutt-741,Brest,bau,"Brest (Moulin Blanc), France [harmonics_utide_tidetables.txt]",Flach behalten,2.08,1.63,23.7,20.8,,,2.946,2.676,"Wahrheit ok, Pegel ok",schreiben
harmonics_noaa_eutt.txt,"Port-en-Bessin, France",eutt-753,Le Havre,bau,"Le Havre (Marégraphe), France [harmonics_utide_observations.txt]",Flach behalten,3.75,3.82,30.0,26.2,,,2.456,2.374,"Wahrheit ok, Pegel ok",schreiben
harmonics_noaa_eutt.txt,"Boulogne-sur-Mer, France",eutt-783,Dover,bau,"Dover, England, United Kingdom [harmonics_ticon4_worldwide.txt]",Flach behalten,2.68,1.42,35.8,27.4,,,3.262,3.024,"Wahrheit ok, Pegel ok",schreiben
harmonics_noaa_eutt.txt,"Dunkerque, France",eutt-789,Dover,bau,"Dover, England, United Kingdom [harmonics_ticon4_worldwide.txt]",Flach behalten,2.98,3.0,29.7,29.3,,,2.2,2.04,"Wahrheit ok, Pegel ok",schreiben
harmonics_noaa_eutt.txt,"Golspie, Scotland, United Kingdom",eutt-795,Leith,bau,"Leith, England, United Kingdom [harmonics_utide_observations.txt]",Flach behalten,,,,,6.3,4.96,1.333,1.265,Nachbarn ok,schreiben
harmonics_noaa_eutt.txt,"Portmahomack, Scotland, United Kingdom",eutt-797,Leith,bau,"Leith, England, United Kingdom [harmonics_utide_observations.txt]",Flach behalten,,,,,6.71,5.36,1.333,1.265,Nachbarn ok,schreiben
harmonics_noaa_eutt.txt,"Invergordon, Scotland, United Kingdom",eutt-799,Leith,bau,"Leith, England, United Kingdom [harmonics_utide_observations.txt]",Flach behalten,,,,,5.84,4.74,1.488,1.412,Nachbarn ok,schreiben
harmonics_noaa_eutt.txt,"Lossiemouth, Scotland, United Kingdom",eutt-803,Leith,bau,"Leith, England, United Kingdom [harmonics_utide_observations.txt]",Flach behalten,,,,,5.09,3.96,1.349,1.28,Nachbarn ok,schreiben
harmonics_noaa_eutt.txt,"Banff, Scotland, United Kingdom",eutt-805,Leith,bau,"Leith, England, United Kingdom [harmonics_utide_observations.txt]",Flach behalten,,,,,4.93,4.06,1.256,1.192,Nachbarn ok,schreiben
harmonics_noaa_eutt.txt,"Peterhead, Scotland, United Kingdom",eutt-807,Leith,bau,"Leith, England, United Kingdom [harmonics_utide_observations.txt]",Flach behalten,,,,,5.48,4.59,1.287,1.221,Nachbarn ok,schreiben
harmonics_noaa_eutt.txt,"Stonehaven, Scotland, United Kingdom",eutt-811,Leith,bau,"Leith, England, United Kingdom [harmonics_utide_observations.txt]",Flach behalten,,,,,4.52,3.4,1.52,1.442,Nachbarn ok,schreiben
harmonics_noaa_eutt.txt,"Tay River Bar, Scotland, United Kingdom",eutt-817,Leith,bau,"Leith, England, United Kingdom [harmonics_utide_observations.txt]",Flach behalten,,,,,4.61,3.41,1.783,1.692,Nachbarn ok,schreiben
harmonics_noaa_eutt.txt,"Dundee, Tay River, Scotland, United Kingdom",eutt-819,Leith,bau,"Leith, England, United Kingdom [harmonics_utide_observations.txt]",Flach behalten,3.36,2.77,,,,,1.814,1.721,Wahrheit ok,schreiben
harmonics_noaa_eutt.txt,"Anstruther Easter, Scotland, United Kingdom",eutt-821,Leith,bau,"Leith, England, United Kingdom [harmonics_utide_observations.txt]",Flach behalten,,,,,6.44,5.28,1.876,1.78,Nachbarn ok,schreiben
harmonics_noaa_eutt.txt,"Grangemouth (Forth River), Scotland, United Kingdom",eutt-827,Leith,bau,"Leith, England, United Kingdom [harmonics_utide_observations.txt]",Flach behalten,,,,,6.1,5.24,2.031,1.927,Nachbarn ok,schreiben
harmonics_noaa_eutt.txt,"Fidra (North Berwick), Scotland, United Kingdom",eutt-831,Leith,bau,"Leith, England, United Kingdom [harmonics_utide_observations.txt]",Flach behalten,,,,,5.31,4.35,1.799,1.707,Nachbarn ok,schreiben
harmonics_noaa_eutt.txt,"Dunbar, Scotland, United Kingdom",eutt-833,Leith,bau,"Leith, England, United Kingdom [harmonics_utide_observations.txt]",Flach behalten,,,,,5.19,3.61,1.768,1.677,Nachbarn ok,schreiben
harmonics_noaa_eutt.txt,"Berwick-upon-Tweed, England, United Kingdom",eutt-837,Leith,bau,"Leith, England, United Kingdom [harmonics_utide_observations.txt]",Flach behalten,,,,,3.36,2.81,1.706,1.618,Nachbarn ok,schreiben
harmonics_noaa_eutt.txt,"Newcastle-on-Tyne, England, United Kingdom",eutt-843,Leith,bau,"Leith, England, United Kingdom [harmonics_utide_observations.txt]",Flach behalten,,,,,4.51,3.45,1.799,1.707,Nachbarn ok,schreiben
harmonics_noaa_eutt.txt,"Sunderland, England, United Kingdom",eutt-845,Leith,bau,"Leith, England, United Kingdom [harmonics_utide_observations.txt]",Flach behalten,,,,,4.43,3.21,1.737,1.648,Nachbarn ok,schreiben
harmonics_noaa_eutt.txt,"Seaham, England, United Kingdom",eutt-847,Leith,bau,"Leith, England, United Kingdom [harmonics_utide_observations.txt]",Flach behalten,,,,,4.86,3.58,1.721,1.633,Nachbarn ok,schreiben
harmonics_noaa_eutt.txt,"Hartlepool, England, United Kingdom",eutt-849,Leith,bau,"Leith, England, United Kingdom [harmonics_utide_observations.txt]",Flach behalten,,,,,3.39,2.79,1.706,1.618,Nachbarn ok,schreiben
harmonics_noaa_eutt.txt,"River Tees (Teesmouth), England, United Kingdom",eutt-851,Leith,bau,"Leith, England, United Kingdom [harmonics_utide_observations.txt]",Flach behalten,2.81,2.05,,,,,1.799,1.707,Wahrheit ok,schreiben
harmonics_noaa_eutt.txt,"Scarborough, England, United Kingdom",eutt-855,Leith,bau,"Leith, England, United Kingdom [harmonics_utide_observations.txt]",Flach behalten,3.08,2.31,,,,,1.83,1.736,Wahrheit ok,schreiben
harmonics_noaa_eutt.txt,"Grimsby, England, United Kingdom",eutt-861,Immingham,bau,"Immingham (Humberside), England, United Kingdom [harmonics-dwf-20100529-nonfree_mod.txt]",Flach behalten,,,,,4.77,2.46,2.358,2.112,Nachbarn ok,schreiben
harmonics_noaa_eutt.txt,"Hull, England, United Kingdom",eutt-865,Immingham,bau,"Immingham (Humberside), England, United Kingdom [harmonics-dwf-20100529-nonfree_mod.txt]",Flach behalten,3.72,1.92,,,,,2.591,2.321,Wahrheit ok,schreiben
harmonics_noaa_eutt.txt,"Goole, England, United Kingdom",eutt-867,Immingham,bau,"Immingham (Humberside), England, United Kingdom [harmonics-dwf-20100529-nonfree_mod.txt]",Flach behalten,,,,,7.05,5.83,2.11,1.89,Nachbarn ok,schreiben
harmonics_noaa_eutt.txt,"Skegness, England, United Kingdom",eutt-869,Immingham,bau (ohne Pruefstand),"Immingham (Humberside), England, United Kingdom [harmonics-dwf-20100529-nonfree_mod.txt]",Flach behalten,,,,,5.07,2.94,2.405,2.154,Nachbarn ok,schreiben
harmonics_noaa_eutt.txt,"Boston, England, United Kingdom",eutt-871,Immingham,bau,"Immingham (Humberside), England, United Kingdom [harmonics-dwf-20100529-nonfree_mod.txt]",Flach behalten,,,,,11.74,7.95,2.607,2.335,Nachbarn ok,schreiben
harmonics_noaa_eutt.txt,"Great Yarmouth (Gorleston-On-Sea), England, United Kingdom",eutt-877,Sheerness,bau,"Sheerness, England, United Kingdom [harmonics_ticon4_worldwide.txt]",Flach behalten,,,22.6,22.1,,,0.778,0.716,Pegel ok,schreiben
harmonics_noaa_eutt.txt,"Orford Ness, England, United Kingdom",eutt-881,Sheerness,bau,"Sheerness, England, United Kingdom [harmonics_ticon4_worldwide.txt]",Flach behalten,,,65.8,62.5,,,1.074,0.988,Pegel ok,schreiben
harmonics_noaa_eutt.txt,"Brightlingsea (Colne River), England, United Kingdom",eutt-885,Sheerness,bau,"Sheerness, England, United Kingdom [harmonics_ticon4_worldwide.txt]",Flach behalten,,,,,4.63,3.72,1.883,1.733,Nachbarn ok,schreiben
harmonics_noaa_eutt.txt,"Osea Island (Blackwater River), England, United Kingdom",eutt-887,Sheerness,bau,"Sheerness, England, United Kingdom [harmonics_ticon4_worldwide.txt]",Flach behalten,,,,,4.29,3.41,2.086,1.919,Nachbarn ok,schreiben
harmonics_noaa_eutt.txt,"Tilbury (Thames River), England, United Kingdom",eutt-895,Sheerness,bau,"Sheerness, England, United Kingdom [harmonics_ticon4_worldwide.txt]",Flach behalten,3.51,2.29,27.3,23.3,,,2.568,2.363,"Wahrheit ok, Pegel ok",schreiben
harmonics_noaa_eutt.txt,"Ramsgate, England, United Kingdom",eutt-903,Dover,bau,"Dover, England, United Kingdom [harmonics_ticon4_worldwide.txt]",Flach behalten,,,,,7.33,6.02,2.0,1.854,Nachbarn ok,schreiben
harmonics_noaa_eutt.txt,"Folkestone, England, United Kingdom",eutt-909,Dover,bau,"Dover, England, United Kingdom [harmonics_ticon4_worldwide.txt]",Flach behalten,,,,,4.02,2.75,2.6,2.41,Nachbarn ok,schreiben
harmonics_noaa_eutt.txt,"Dungeness, England, United Kingdom",eutt-911,Dover,bau,"Dover, England, United Kingdom [harmonics_ticon4_worldwide.txt]",Flach behalten,,,,,5.24,3.58,2.831,2.624,Nachbarn ok,schreiben
harmonics_noaa_eutt.txt,"Eastbourne, England, United Kingdom",eutt-917,Dover,bau,"Dover, England, United Kingdom [harmonics_ticon4_worldwide.txt]",Flach behalten,,,,,4.55,3.66,2.569,2.382,Nachbarn ok,schreiben
harmonics_noaa_eutt.txt,"Shoreham (River Adur), England, United Kingdom",eutt-921,Dover,bau,"Dover, England, United Kingdom [harmonics_ticon4_worldwide.txt]",Flach behalten,4.32,4.12,30.0,29.5,,,2.2,2.04,"Wahrheit ok, Pegel ok",schreiben
harmonics_noaa_eutt.txt,"Selsey Bill, England, United Kingdom",eutt-925,Southampton,bau (ohne Pruefstand),"Southampton (Dock Head), England, United Kingdom [harmonics_ticon4_worldwide.txt]",Flach behalten,,,,,15.25,12.13,2.114,1.597,Nachbarn ok,schreiben
harmonics_noaa_eutt.txt,"Ventnor (Isle of Wight), United Kingdom",eutt-929,Southampton,bau (ohne Pruefstand),"Southampton (Dock Head), England, United Kingdom [harmonics_ticon4_worldwide.txt]",Flach behalten,,,,,14.31,10.89,1.38,1.042,Nachbarn ok,schreiben
harmonics_noaa_eutt.txt,"Cowes (Isle of Wight), England, United Kingdom",eutt-931,Southampton,bau (ohne Pruefstand),"Southampton (Dock Head), England, United Kingdom [harmonics_ticon4_worldwide.txt]",Flach behalten,,,,,16.61,12.3,1.607,1.214,Nachbarn ok,schreiben
harmonics_noaa_eutt.txt,"Calshot Castle, England, United Kingdom",eutt-935,Southampton,bau (ohne Pruefstand),"Southampton (Dock Head), England, United Kingdom [harmonics_ticon4_worldwide.txt]",Flach behalten,,,,,9.53,7.45,1.66,1.254,Nachbarn ok,schreiben
harmonics_noaa_eutt.txt,"Yarmouth (Isle of Wight), United Kingdom",eutt-937,Southampton,bau (ohne Pruefstand),"Southampton (Dock Head), England, United Kingdom [harmonics_ticon4_worldwide.txt]",Flach behalten,,,,,20.27,14.14,1.083,0.818,Nachbarn ok,schreiben
harmonics_noaa_eutt.txt,"Lyme Regis, England, United Kingdom",eutt-945,Ringaskiddy,gewaehlt,"Marino Point, Ireland [harmonics_utide_tidetables.txt]",Flach weg + HW/NW,,,,,8.92,4.72,1.363,1.247,Nachbarn ok,schreiben
harmonics_noaa_eutt.txt,"Teignmouth, England, United Kingdom",eutt-949,Ringaskiddy,gewaehlt,"Marino Point, Ireland [harmonics_utide_tidetables.txt]",Flach weg + HW/NW,8.85,4.66,,,,,1.55,1.419,Wahrheit ok,schreiben
harmonics_noaa_eutt.txt,"Torquay, England, United Kingdom",eutt-951,Ringaskiddy,gewaehlt,"Marino Point, Ireland [harmonics_utide_tidetables.txt]",Flach weg + HW/NW,,,,,7.15,3.01,1.582,1.447,Nachbarn ok,schreiben
harmonics_noaa_eutt.txt,"Dartmouth, England, United Kingdom",eutt-953,Ringaskiddy,gewaehlt,"Marino Point, Ireland [harmonics_utide_tidetables.txt]",Flach weg + HW/NW,,,38.0,28.0,,,1.676,1.533,Pegel ok,schreiben
harmonics_noaa_eutt.txt,"Salcombe, England, United Kingdom",eutt-955,Ringaskiddy,gewaehlt,"Marino Point, Ireland [harmonics_utide_tidetables.txt]",Flach weg + HW/NW,,,,,11.09,6.38,1.77,1.619,Nachbarn ok,schreiben
harmonics_noaa_eutt.txt,"Looe, England, United Kingdom",eutt-961,Ringaskiddy,gewaehlt,"Marino Point, Ireland [harmonics_utide_tidetables.txt]",Flach weg + HW/NW,,,,,6.43,2.77,1.864,1.705,Nachbarn ok,schreiben
harmonics_noaa_eutt.txt,"Fowey, England, United Kingdom",eutt-963,Ringaskiddy,gewaehlt,"Marino Point, Ireland [harmonics_utide_tidetables.txt]",Flach weg + HW/NW,,,,,6.66,2.79,1.864,1.705,Nachbarn ok,schreiben
harmonics_noaa_eutt.txt,"Newlyn (Penzance), England, United Kingdom",eutt-967,Ringaskiddy,bau,"Ringaskiddy (NMCI), Ireland [harmonics_ticon4_worldwide.txt]",Flach behalten,4.42,3.11,27.5,21.7,,,1.895,1.823,"Wahrheit ok, Pegel ok",schreiben
harmonics_noaa_eutt.txt,"St. Ives, England, United Kingdom",eutt-973,Brest,bau (ohne Pruefstand),"Brest (Moulin Blanc), France [harmonics_utide_tidetables.txt]",Flach behalten,,,,,3.86,3.46,2.286,2.077,Nachbarn ok,schreiben
harmonics_noaa_eutt.txt,"Padstow (River Camel), England, United Kingdom",eutt-977,Brest,bau (ohne Pruefstand),"Brest (Moulin Blanc), France [harmonics_utide_tidetables.txt]",Flach behalten,,,,,5.32,3.67,2.67,2.426,Nachbarn ok,schreiben
harmonics_noaa_eutt.txt,"Appledore, England, United Kingdom",eutt-981,Liverpool,bau,"Liverpool (Gladstone Dock), England, United Kingdom [harmonics-dwf-20100529-nonfree_mod.txt]",Flach behalten,,,,,10.78,9.51,2.813,2.559,Nachbarn ok,schreiben
harmonics_noaa_eutt.txt,"Watchet (Bristol Channel), England, United Kingdom",eutt-989,Liverpool,bau,"Liverpool (Gladstone Dock), England, United Kingdom [harmonics-dwf-20100529-nonfree_mod.txt]",Flach behalten,,,,,7.94,6.64,4.089,3.72,Nachbarn ok,schreiben
harmonics_noaa_eutt.txt,"Burnham-on-Sea (River Parrett), England, United Kingdom",eutt-991,Liverpool,bau,"Liverpool (Gladstone Dock), England, United Kingdom [harmonics-dwf-20100529-nonfree_mod.txt]",Flach behalten,,,,,13.74,11.61,4.596,4.182,Nachbarn ok,schreiben
harmonics_noaa_eutt.txt,"Weston-super-Mare, England, United Kingdom",eutt-995,Liverpool,bau,"Liverpool (Gladstone Dock), England, United Kingdom [harmonics-dwf-20100529-nonfree_mod.txt]",Flach behalten,,,,,6.88,6.02,4.535,4.126,Nachbarn ok,schreiben
harmonics_noaa_eutt.txt,"Porthcawl (Bristol Channel), Wales, United Kingdom",eutt-1011,Liverpool,bau,"Liverpool (Gladstone Dock), England, United Kingdom [harmonics-dwf-20100529-nonfree_mod.txt]",Flach behalten,,,,,6.92,5.83,3.428,3.119,Nachbarn ok,schreiben
harmonics_noaa_eutt.txt,"Whiteford Lighthouse (Burry Inlet), Wales, United Kingdom",eutt-1015,Liverpool,bau,"Liverpool (Gladstone Dock), England, United Kingdom [harmonics-dwf-20100529-nonfree_mod.txt]",Flach behalten,,,,,9.03,7.83,3.028,2.755,Nachbarn ok,schreiben
harmonics_noaa_eutt.txt,"Ferryside (River Towy), Wales, United Kingdom",eutt-1017,Liverpool,bau,"Liverpool (Gladstone Dock), England, United Kingdom [harmonics-dwf-20100529-nonfree_mod.txt]",Flach behalten,,,,,19.49,18.17,2.644,2.406,Nachbarn ok,schreiben
harmonics_noaa_eutt.txt,"Tenby, Wales, United Kingdom",eutt-1019,Liverpool,bau,"Liverpool (Gladstone Dock), England, United Kingdom [harmonics-dwf-20100529-nonfree_mod.txt]",Flach behalten,,,,,7.33,6.09,2.813,2.559,Nachbarn ok,schreiben
harmonics_noaa_eutt.txt,"Neyland, Wales, United Kingdom",eutt-1021,Liverpool,bau,"Liverpool (Gladstone Dock), England, United Kingdom [harmonics-dwf-20100529-nonfree_mod.txt]",Flach behalten,,,,,7.56,6.32,2.367,2.154,Nachbarn ok,schreiben
harmonics_noaa_eutt.txt,"Aberdovey, Wales, United Kingdom",eutt-1031,Dublin,bau (ohne Pruefstand),"Dublin Bar, Ireland [harmonics_utide_tidetables.txt]",Flach behalten,,,,,9.51,6.85,1.699,1.433,Nachbarn ok,schreiben
harmonics_noaa_eutt.txt,"Bardsey Island, Wales, United Kingdom",eutt-1039,Dublin,bau (ohne Pruefstand),"Dublin Bar, Ireland [harmonics_utide_tidetables.txt]",Flach behalten,,,,,6.0,4.64,1.511,1.273,Nachbarn ok,schreiben
harmonics_noaa_eutt.txt,"Belan Point (Menai Strait), Wales, United Kingdom",eutt-1041,Dublin,bau (ohne Pruefstand),"Dublin Bar, Ireland [harmonics_utide_tidetables.txt]",Flach behalten,,,,,7.43,4.5,1.589,1.34,Nachbarn ok,schreiben
harmonics_noaa_eutt.txt,"Amlwch, Wales, United Kingdom",eutt-1045,Liverpool,bau,"Liverpool (Gladstone Dock), England, United Kingdom [harmonics-dwf-20100529-nonfree_mod.txt]",Flach behalten,,,,,9.9,8.81,2.567,2.336,Nachbarn ok,schreiben
harmonics_noaa_eutt.txt,"Trwyn Du (Menai Strait), Wales, United Kingdom",eutt-1047,Liverpool,bau,"Liverpool (Gladstone Dock), England, United Kingdom [harmonics-dwf-20100529-nonfree_mod.txt]",Flach behalten,,,,,8.43,7.11,2.721,2.476,Nachbarn ok,schreiben
harmonics_noaa_eutt.txt,"Menai Bridge (Porthaethwy), Wales, United Kingdom",eutt-1049,Liverpool,bau,"Liverpool (Gladstone Dock), England, United Kingdom [harmonics-dwf-20100529-nonfree_mod.txt]",Flach behalten,,,,,9.65,7.5,2.583,2.35,Nachbarn ok,schreiben
harmonics_noaa_eutt.txt,"Hilbre Island (River Dee), England, United Kingdom",eutt-1053,Liverpool,bau,"Liverpool (Gladstone Dock), England, United Kingdom [harmonics-dwf-20100529-nonfree_mod.txt]",Flach behalten,,,,,5.23,4.15,3.09,2.811,Nachbarn ok,schreiben
harmonics_noaa_eutt.txt,"Eastham (River Mersey), England, United Kingdom",eutt-1059,Liverpool,bau,"Liverpool (Gladstone Dock), England, United Kingdom [harmonics-dwf-20100529-nonfree_mod.txt]",Flach behalten,,,,,3.91,2.66,3.52,3.203,Nachbarn ok,schreiben
harmonics_noaa_eutt.txt,"St. Anne's (River Ribble), England, United Kingdom",eutt-1063,Liverpool,bau,"Liverpool (Gladstone Dock), England, United Kingdom [harmonics-dwf-20100529-nonfree_mod.txt]",Flach behalten,,,,,,,2.982,2.713,,offen (ohne Beleg)
harmonics_noaa_eutt.txt,"Fleetwood (River Wyre), England, United Kingdom",eutt-1065,Liverpool,bau,"Liverpool (Gladstone Dock), England, United Kingdom [harmonics-dwf-20100529-nonfree_mod.txt]",Flach behalten,,,,,4.39,3.8,3.305,3.007,Nachbarn ok,schreiben
harmonics_noaa_eutt.txt,"Morecambe, England, United Kingdom",eutt-1067,Liverpool,bau,"Liverpool (Gladstone Dock), England, United Kingdom [harmonics-dwf-20100529-nonfree_mod.txt]",Flach behalten,,,,,23.38,20.22,3.367,3.063,Nachbarn ok,schreiben
harmonics_noaa_eutt.txt,"Barrow-in-Furness (Ramsden Dock), England, United Kingdom",eutt-1069,Liverpool,bau,"Liverpool (Gladstone Dock), England, United Kingdom [harmonics-dwf-20100529-nonfree_mod.txt]",Flach behalten,,,,,3.3,2.37,3.213,2.923,Nachbarn ok,schreiben
harmonics_noaa_eutt.txt,"Whitehaven, England, United Kingdom",eutt-1071,Liverpool,bau,"Liverpool (Gladstone Dock), England, United Kingdom [harmonics-dwf-20100529-nonfree_mod.txt]",Flach behalten,,,,,6.72,5.45,2.875,2.615,Nachbarn ok,schreiben
harmonics_noaa_eutt.txt,"Workington (Cumbria), England, United Kingdom",eutt-1073,Liverpool,bau,"Liverpool (Gladstone Dock), England, United Kingdom [harmonics-dwf-20100529-nonfree_mod.txt]",Flach behalten,4.58,3.78,,,,,2.951,2.685,Wahrheit ok,schreiben
harmonics_noaa_eutt.txt,"Maryport, England, United Kingdom",eutt-1075,Liverpool,bau,"Liverpool (Gladstone Dock), England, United Kingdom [harmonics-dwf-20100529-nonfree_mod.txt]",Flach behalten,,,,,4.31,3.22,3.044,2.769,Nachbarn ok,schreiben
harmonics_noaa_eutt.txt,"Silloth, England, United Kingdom",eutt-1077,Liverpool,bau,"Liverpool (Gladstone Dock), England, United Kingdom [harmonics-dwf-20100529-nonfree_mod.txt]",Flach behalten,,,,,3.85,3.01,3.321,3.021,Nachbarn ok,schreiben
harmonics_noaa_eutt.txt,"Ramsey, Isle of Man",eutt-1079,Liverpool,bau,"Liverpool (Gladstone Dock), England, United Kingdom [harmonics-dwf-20100529-nonfree_mod.txt]",Flach behalten,,,,,4.58,3.62,2.567,2.336,Nachbarn ok,schreiben
harmonics_noaa_eutt.txt,"Douglas, Isle of Man",eutt-1081,Liverpool,bau,"Liverpool (Gladstone Dock), England, United Kingdom [harmonics-dwf-20100529-nonfree_mod.txt]",Flach behalten,,,,,8.51,7.63,2.383,2.168,Nachbarn ok,schreiben
harmonics_noaa_eutt.txt,"Peel, Isle of Man",eutt-1083,Liverpool,bau,"Liverpool (Gladstone Dock), England, United Kingdom [harmonics-dwf-20100529-nonfree_mod.txt]",Flach behalten,,,,,5.18,4.06,1.952,1.776,Nachbarn ok,schreiben
harmonics_noaa_eutt.txt,"Isle Of Whithorn, Scotland, United Kingdom",eutt-1087,Liverpool,bau,"Liverpool (Gladstone Dock), England, United Kingdom [harmonics-dwf-20100529-nonfree_mod.txt]",Flach behalten,,,,,5.41,3.96,2.537,2.308,Nachbarn ok,schreiben
harmonics_noaa_eutt.txt,"Drummore, Scotland, United Kingdom",eutt-1089,Liverpool,bau,"Liverpool (Gladstone Dock), England, United Kingdom [harmonics-dwf-20100529-nonfree_mod.txt]",Flach behalten,,,,,6.83,6.06,2.075,1.888,Nachbarn ok,schreiben
harmonics_noaa_eutt.txt,"Ayr (Firth of Clyde), Scotland, United Kingdom",eutt-1093,Greenock,bau (ohne Pruefstand),"Greenock, Scotland, United Kingdom [harmonics-1997-05-25_mod.txt]",Flach behalten,,,,,4.48,3.78,1.056,0.954,Nachbarn ok,schreiben
harmonics_noaa_eutt.txt,"Ardrossan (Firth of Clyde), Scotland, United Kingdom",eutt-1095,Greenock,bau (ohne Pruefstand),"Greenock, Scotland, United Kingdom [harmonics-1997-05-25_mod.txt]",Flach behalten,,,,,5.35,4.33,1.181,1.067,Nachbarn ok,schreiben
harmonics_noaa_eutt.txt,"Glasgow (Broomielaw), Scotland, United Kingdom",eutt-1099,Greenock,bau (ohne Pruefstand),"Greenock, Scotland, United Kingdom [harmonics-1997-05-25_mod.txt]",Flach behalten,,,,,5.13,3.99,1.693,1.53,Nachbarn ok,schreiben
harmonics_noaa_eutt.txt,"Bowling (River Clyde), Scotland, United Kingdom",eutt-1101,Greenock,bau (ohne Pruefstand),"Greenock, Scotland, United Kingdom [harmonics-1997-05-25_mod.txt]",Flach behalten,,,,,4.87,4.29,1.445,1.305,Nachbarn ok,schreiben
harmonics_noaa_eutt.txt,"Rothesay (Bute), Scotland, United Kingdom",eutt-1103,Greenock,bau,"Greenock, Scotland, United Kingdom [harmonics-1997-05-25_mod.txt]",Flach behalten,3.65,3.05,,,,,1.29,1.165,Wahrheit ok,schreiben
harmonics_noaa_eutt.txt,"Inverary (Loch Fyne), Scotland, United Kingdom",eutt-1105,Greenock,bau,"Greenock, Scotland, United Kingdom [harmonics-1997-05-25_mod.txt]",Flach behalten,,,,,9.36,8.28,1.429,1.291,Nachbarn ok,schreiben
harmonics_noaa_eutt.txt,"Campbeltown (Kintyre), Scotland, United Kingdom",eutt-1107,Greenock,bau,"Greenock, Scotland, United Kingdom [harmonics-1997-05-25_mod.txt]",Flach behalten,,,,,6.76,5.71,1.072,0.968,Nachbarn ok,schreiben
harmonics_noaa_eutt.txt,"Port Askaig (Sound of Jura), Scotland, United Kingdom",eutt-1109,Ullapool,bau,"Ullapool, Scotland, United Kingdom [harmonics_ticon4_worldwide.txt]",Flach behalten,,,,,5.78,7.26,0.58,0.519,Nachbarn schlechter,behalten (Beleg schlechter)
harmonics_noaa_eutt.txt,"Rubh' A' Mhail (Islay), Scotland, United Kingdom",eutt-1111,Ullapool,bau,"Ullapool, Scotland, United Kingdom [harmonics_ticon4_worldwide.txt]",Flach behalten,,,,,4.26,3.12,1.129,1.011,Nachbarn ok,schreiben
harmonics_noaa_eutt.txt,"Port Appin (Loch Linnhe), Scotland, United Kingdom",eutt-1115,Ullapool,bau,"Ullapool, Scotland, United Kingdom [harmonics_ticon4_worldwide.txt]",Flach behalten,,,,,4.69,3.14,1.206,1.08,Nachbarn ok,schreiben
harmonics_noaa_eutt.txt,"Tobermory (Sound of Mull), Scotland, United Kingdom",eutt-1117,Ullapool,bau,"Ullapool, Scotland, United Kingdom [harmonics_ticon4_worldwide.txt]",Flach behalten,2.61,2.25,13.3,11.4,,,1.389,1.244,"Wahrheit ok, Pegel ok",schreiben
harmonics_noaa_eutt.txt,"Scarinish (Tiree), Scotland, United Kingdom",eutt-1119,Ullapool,bau,"Ullapool, Scotland, United Kingdom [harmonics_ticon4_worldwide.txt]",Flach behalten,,,,,5.67,3.73,1.282,1.148,Nachbarn ok,schreiben
harmonics_noaa_eutt.txt,"Inverie Bay (Loch Nevis), Scotland, United Kingdom",eutt-1121,Ullapool,bau,"Ullapool, Scotland, United Kingdom [harmonics_ticon4_worldwide.txt]",Flach behalten,,,,,4.25,3.12,1.602,1.435,Nachbarn ok,schreiben
harmonics_noaa_eutt.txt,"Kyle Akin (Skye), Scotland, United Kingdom",eutt-1123,Ullapool,bau,"Ullapool, Scotland, United Kingdom [harmonics_ticon4_worldwide.txt]",Flach behalten,,,,,4.07,2.07,1.74,1.558,Nachbarn ok,schreiben
harmonics_noaa_eutt.txt,"Portree, Raasey Sound, Scotland, United Kingdom",eutt-1125,Ullapool,bau,"Ullapool, Scotland, United Kingdom [harmonics_ticon4_worldwide.txt]",Flach behalten,,,,,3.98,2.28,1.679,1.503,Nachbarn ok,schreiben
harmonics_noaa_eutt.txt,"Uig Bay (Loch Snizort), Scotland, United Kingdom",eutt-1127,Ullapool,bau,"Ullapool, Scotland, United Kingdom [harmonics_ticon4_worldwide.txt]",Flach behalten,,,,,3.93,2.42,1.633,1.462,Nachbarn ok,schreiben
harmonics_noaa_eutt.txt,"Loch Inver, Scotland, United Kingdom",eutt-1131,Ullapool,bau,"Ullapool, Scotland, United Kingdom [harmonics_ticon4_worldwide.txt]",Flach behalten,,,,,4.4,2.55,1.556,1.394,Nachbarn ok,schreiben
harmonics_noaa_eutt.txt,"Red Bay, Northern Ireland, United Kingdom",eutt-1143,Dublin,bau (ohne Pruefstand),"Dublin Bar, Ireland [harmonics_utide_tidetables.txt]",Flach behalten,,,,,4.44,4.9,0.677,0.57,Nachbarn schlechter,behalten (Beleg schlechter)
harmonics_noaa_eutt.txt,"Larne, Northern Ireland, United Kingdom",eutt-1145,Dublin,bau,"Dublin Bar, Ireland [harmonics_utide_tidetables.txt]",Flach behalten,,,,,4.32,3.12,1.07,0.902,Nachbarn ok,schreiben
harmonics_noaa_eutt.txt,"Belfast (Lagan Weir), Northern Ireland, United Kingdom",eutt-1147,Dublin,bau,"Dublin Bar, Ireland [harmonics_utide_tidetables.txt]",Flach behalten,4.61,3.32,,,,,1.29,1.088,Wahrheit ok,schreiben
harmonics_noaa_eutt.txt,"Donaghadee, Northern Ireland, United Kingdom",eutt-1149,Dublin,bau,"Dublin Bar, Ireland [harmonics_utide_tidetables.txt]",Flach behalten,,,,,5.14,2.84,1.495,1.26,Nachbarn ok,schreiben
harmonics_noaa_eutt.txt,"Strangford, Northern Ireland, United Kingdom",eutt-1151,Dublin,bau,"Dublin Bar, Ireland [harmonics_utide_tidetables.txt]",Flach behalten,,,,,4.66,3.58,1.432,1.207,Nachbarn ok,schreiben
harmonics_noaa_eutt.txt,"Newcastle, Northern Ireland, United Kingdom",eutt-1153,Dublin,bau,"Dublin Bar, Ireland [harmonics_utide_tidetables.txt]",Flach behalten,,,,,5.69,3.21,1.904,1.605,Nachbarn ok,schreiben
harmonics_noaa_eutt.txt,"Cranfield Point, Northern Ireland, United Kingdom",eutt-1155,Dublin,bau,"Dublin Bar, Ireland [harmonics_utide_tidetables.txt]",Flach behalten,,,,,5.26,3.76,1.731,1.459,Nachbarn ok,schreiben
harmonics_noaa_eutt.txt,"Dundalk (pile light), Ireland",eutt-1157,Dublin,bau,"Dublin Bar, Ireland [harmonics_utide_tidetables.txt]",Flach behalten,,,,,,,1.825,1.539,,offen (ohne Beleg)
harmonics_noaa_eutt.txt,"Dún Laoghaire, Ireland",eutt-1163,Dublin,bau,"Dublin Bar, Ireland [harmonics_utide_tidetables.txt]",Flach behalten,,,,,5.74,2.61,1.385,1.167,Nachbarn ok,schreiben
harmonics_noaa_eutt.txt,"Hirta (Bagh A' Bhaile), Scotland, United Kingdom",eutt-1247,Ullapool,bau,"Ullapool, Scotland, United Kingdom [harmonics_ticon4_worldwide.txt]",Flach behalten,,,,,2.89,2.5,1.083,0.97,Nachbarn ok,schreiben
harmonics_noaa_eutt.txt,"Barra (North Bay), Scotland, United Kingdom",eutt-1249,Ullapool,bau,"Ullapool, Scotland, United Kingdom [harmonics_ticon4_worldwide.txt]",Flach behalten,,,,,4.3,2.47,1.343,1.203,Nachbarn ok,schreiben
harmonics_noaa_eutt.txt,"Loch Boisdale (South Uist), Scotland, United Kingdom",eutt-1251,Ullapool,bau,"Ullapool, Scotland, United Kingdom [harmonics_ticon4_worldwide.txt]",Flach behalten,,,,,6.43,3.98,1.419,1.271,Nachbarn ok,schreiben
harmonics_noaa_eutt.txt,"Lochmaddy (North Uist), Scotland, United Kingdom",eutt-1253,Ullapool,bau,"Ullapool, Scotland, United Kingdom [harmonics_ticon4_worldwide.txt]",Flach behalten,,,,,3.95,2.17,1.526,1.367,Nachbarn ok,schreiben
harmonics_noaa_eutt.txt,"Leverburgh (Harris), Scotland, United Kingdom",eutt-1255,Ullapool,bau,"Ullapool, Scotland, United Kingdom [harmonics_ticon4_worldwide.txt]",Flach behalten,,,,,3.32,2.0,1.45,1.298,Nachbarn ok,schreiben
harmonics_noaa_eutt.txt,"Tarbert (Harris), Scotland, United Kingdom",eutt-1257,Ullapool,bau,"Ullapool, Scotland, United Kingdom [harmonics_ticon4_worldwide.txt]",Flach behalten,,,,,4.39,2.78,1.541,1.38,Nachbarn ok,schreiben
harmonics_noaa_eutt.txt,"Little Bernera, Scotland, United Kingdom",eutt-1261,Ullapool,bau,"Ullapool, Scotland, United Kingdom [harmonics_ticon4_worldwide.txt]",Flach behalten,,,,,3.78,2.19,1.389,1.244,Nachbarn ok,schreiben
harmonics_noaa_eutt.txt,"Stornoway (Isle of Lewis), Scotland, United Kingdom",eutt-1263,Ullapool,bau,"Ullapool, Scotland, United Kingdom [harmonics_ticon4_worldwide.txt]",Flach behalten,2.21,1.04,11.7,6.3,,,1.496,1.339,"Wahrheit ok, Pegel ok",schreiben
harmonics_noaa_eutt.txt,"Pierowall, Scotland, United Kingdom",eutt-1269,Narvik,bau (ohne Pruefstand),"Narvik, Norway [harmonics_utide_observations.txt]",Flach behalten,,,,,6.89,5.36,1.111,1.094,Nachbarn ok,schreiben
harmonics_noaa_eutt.txt,"Scalloway (Shetlands), Scotland, United Kingdom",eutt-1275,Bergen,bau (ohne Pruefstand),"Bergen, Norway [harmonics_ticon4_worldwide.txt]",Flach behalten,,,,,2.6,3.4,0.431,0.389,Nachbarn schlechter,behalten (Beleg schlechter)
harmonics_noaa_eutt.txt,"Hillswick, Scotland, United Kingdom",eutt-1277,Bergen,bau (ohne Pruefstand),"Bergen, Norway [harmonics_ticon4_worldwide.txt]",Flach behalten,,,,,4.53,4.17,0.616,0.555,Nachbarn ok,schreiben
harmonics_noaa_eutt.txt,"Lopransfjørður, Suðuroy Island, Faroe Islands",eutt-1279,Reykjavik,bau,"Reykjavik, Iceland [harmonics_ticon4_worldwide.txt]",Flach behalten,74.31,68.98,,,,,1.303,1.216,Wahrheit ok,schreiben
harmonics_noaa_eutt.txt,"Trongisvágur, Suðuroy Island, Faroe Islands",eutt-1283,Reykjavik,bau,"Reykjavik, Iceland [harmonics_ticon4_worldwide.txt]",Flach behalten,,,,,,,0.429,0.401,Gruppe lokal n=2 -2.78 Punkte,schreiben (Gruppenbeleg lokal)
harmonics_noaa_eutt.txt,"Suðuroyarfjørður, Faroe Islands",eutt-1285,Reykjavik,bau,"Reykjavik, Iceland [harmonics_ticon4_worldwide.txt]",Flach behalten,,,,,,,1.303,1.216,Gruppe lokal n=2 -2.78 Punkte,schreiben (Gruppenbeleg lokal)
harmonics_noaa_eutt.txt,"Sandsvágur, Sandoy Island, Faroe Islands",eutt-1287,Reykjavik,bau,"Reykjavik, Iceland [harmonics_ticon4_worldwide.txt]",Flach behalten,,,,,,,0.766,0.715,Gruppe lokal n=2 -2.78 Punkte,schreiben (Gruppenbeleg lokal)
harmonics_noaa_eutt.txt,"Mykines, Faroe Islands",eutt-1289,Reykjavik,bau,"Reykjavik, Iceland [harmonics_ticon4_worldwide.txt]",Flach behalten,,,,,,,1.303,1.216,Gruppe lokal n=2 -2.78 Punkte,schreiben (Gruppenbeleg lokal)
harmonics_noaa_eutt.txt,"Tórshavn, Streymoy Island, Faroe Islands",eutt-1293,Reykjavik,bau,"Reykjavik, Iceland [harmonics_ticon4_worldwide.txt]",Flach behalten,15.62,15.39,,,,,0.107,0.1,Wahrheit ok,schreiben
harmonics_noaa_eutt.txt,"Leirvík, Eysturoy Island, Faroe Islands",eutt-1301,Reykjavik,bau,"Reykjavik, Iceland [harmonics_ticon4_worldwide.txt]",Flach behalten,,,,,98.37,91.17,0.858,0.801,Nachbarn ok,schreiben
harmonics_noaa_eutt.txt,"Svínoyarfjørður, Faroe Islands",eutt-1305,Reykjavik,bau,"Reykjavik, Iceland [harmonics_ticon4_worldwide.txt]",Flach behalten,,,,,41.24,38.15,0.858,0.801,Nachbarn ok,schreiben
harmonics_noaa_eutt.txt,"Fugloyarfjørður, Faroe Islands",eutt-1307,Reykjavik,bau,"Reykjavik, Iceland [harmonics_ticon4_worldwide.txt]",Flach behalten,,,,,,,0.782,0.73,Gruppe lokal n=2 -2.78 Punkte,schreiben (Gruppenbeleg lokal)
harmonics_noaa_eutt.txt,"Mary Muss Bay, Jan Mayen",eutt-1309,Bergen,bau (ohne Pruefstand),"Bergen, Norway [harmonics_ticon4_worldwide.txt]",Flach behalten,,,,,,,0.431,0.389,,offen (ohne Beleg)
harmonics_noaa_eutt.txt,"Keflavík Harbor, Iceland",eutt-1311,Reykjavik,bau,"Reykjavik, Iceland [harmonics_ticon4_worldwide.txt]",Flach behalten,2.24,1.02,,,,,1.364,1.273,Wahrheit ok,schreiben
harmonics_noaa_eutt.txt,"Hvammsvík, Iceland",eutt-1315,Reykjavik,bau,"Reykjavik, Iceland [harmonics_ticon4_worldwide.txt]",Flach behalten,,,,,,,1.471,1.373,Gruppe lokal n=3 -0.37 Punkte,schreiben (Gruppenbeleg lokal)
harmonics_noaa_eutt.txt,"Akranes, Iceland",eutt-1317,Reykjavik,bau,"Reykjavik, Iceland [harmonics_ticon4_worldwide.txt]",Flach behalten,,,,,,,1.349,1.259,Gruppe lokal n=3 -0.37 Punkte,schreiben (Gruppenbeleg lokal)
harmonics_noaa_eutt.txt,"Hrútafjörður, Iceland",eutt-1319,Reykjavik,bau,"Reykjavik, Iceland [harmonics_ticon4_worldwide.txt]",Flach behalten,4.92,4.55,,,,,0.552,0.515,Wahrheit ok,schreiben
harmonics_noaa_eutt.txt,"Hrísey, Iceland",eutt-1321,Reykjavik,bau,"Reykjavik, Iceland [harmonics_ticon4_worldwide.txt]",Flach behalten,,,,,,,0.46,0.429,Gruppe lokal n=3 -0.37 Punkte,schreiben (Gruppenbeleg lokal)
harmonics_noaa_eutt.txt,"Akureyri, Iceland",eutt-1323,Reykjavik,bau,"Reykjavik, Iceland [harmonics_ticon4_worldwide.txt]",Flach behalten,3.59,3.3,,,,,0.475,0.443,Wahrheit ok,schreiben
harmonics_noaa_eutt.txt,"Terneuzen (Westerschelde, Netherlands",eutt-1339,Vlissingen,gewaehlt,"Breskens (Veerhaven), Netherlands [harmonics_utide_observations.txt]",Flach behalten,3.69,1.23,,,,,2.137,1.87,Wahrheit ok,schreiben
harmonics_noaa_eutt.txt,"Hansweert, Netherlands",eutt-1341,Vlissingen,gewaehlt,"Breskens (Veerhaven), Netherlands [harmonics_utide_observations.txt]",Flach behalten,4.31,1.81,,,,,2.293,2.006,Wahrheit ok,schreiben
harmonics_noaa_eutt.txt,"Stavenisse (Oosterschelde), Netherlands",eutt-1345,Vlissingen,gewaehlt,"Breskens (Veerhaven), Netherlands [harmonics_utide_observations.txt]",Flach behalten,4.77,3.61,,,,,1.513,1.324,Wahrheit ok,schreiben
harmonics_noaa_eutt.txt,"Dordrecht (Oude Maas / Beneden Merwede), Netherlands",eutt-1347,Vlissingen,gewaehlt,"Breskens (Veerhaven), Netherlands [harmonics_utide_observations.txt]",Flach behalten,11.61,10.23,,,,,0.406,0.355,Wahrheit ok,schreiben
harmonics_noaa_eutt.txt,"Scheveningen, Netherlands",eutt-1353,Vlissingen,gewaehlt,"Breskens (Veerhaven), Netherlands [harmonics_utide_observations.txt]",Flach behalten,9.88,8.22,,,,,0.905,0.792,Wahrheit ok,schreiben
harmonics_noaa_eutt.txt,"Den Helder (Marsdiep), Netherlands",eutt-1357,Cuxhaven,bau,"Cuxhaven (Steubenhöft), Germany [harmonics-dwf-20070318_mod.txt]",Flach behalten,6.36,5.71,,,,,0.692,0.63,Wahrheit ok,schreiben
harmonics_noaa_eutt.txt,"West-Terschelling, Netherlands",eutt-1359,Cuxhaven,bau,"Cuxhaven (Steubenhöft), Germany [harmonics-dwf-20070318_mod.txt]",Flach behalten,7.53,6.21,,,,,0.932,0.849,Wahrheit ok,schreiben
harmonics_noaa_eutt.txt,"Harlingen, Netherlands",eutt-1361,Cuxhaven,bau,"Cuxhaven (Steubenhöft), Germany [harmonics-dwf-20070318_mod.txt]",Flach behalten,7.03,5.8,,,,,0.932,0.849,Wahrheit ok,schreiben
harmonics_noaa_eutt.txt,"Delfzijl, Ems River, Netherlands",eutt-1363,Cuxhaven,bau,"Cuxhaven (Steubenhöft), Germany [harmonics-dwf-20070318_mod.txt]",Flach behalten,4.84,3.85,,,,,1.473,1.341,Wahrheit ok,schreiben
harmonics_noaa_eutt.txt,"Ems Approach, Netherlands",eutt-1365,Helgoland,gewaehlt,"Helgoland (Binnenhafen), Germany [harmonics_utide_observations.txt]",Flach behalten,,,,,,,0.055,0.055,Gruppe lokal n=3 -0.31 Punkte,schreiben (Gruppenbeleg lokal)
harmonics_noaa_eutt.txt,"Borkum (Südstrand), Germany",eutt-1367,Helgoland,gewaehlt,"Helgoland (Binnenhafen), Germany [harmonics_utide_observations.txt]",Flach behalten,4.37,3.73,,,,,1.083,1.047,Wahrheit ok,schreiben
harmonics_noaa_eutt.txt,"Leer (Leda Schleuse), Germany",eutt-1375,Helgoland,gewaehlt,"Helgoland (Binnenhafen), Germany [harmonics_utide_observations.txt]",Flach behalten,15.08,15.17,,,,,1.128,1.09,Wahrheit ok,schreiben
harmonics_noaa_eutt.txt,"Juist (Seeseite), Germany",eutt-1377,Helgoland,gewaehlt,"Helgoland (Binnenhafen), Germany [harmonics_utide_observations.txt]",Flach behalten,,,,,,,1.053,1.018,Gruppe lokal n=3 -0.31 Punkte,schreiben (Gruppenbeleg lokal)
harmonics_noaa_eutt.txt,"Norddeich, Germany",eutt-1379,Helgoland,gewaehlt,"Helgoland (Binnenhafen), Germany [harmonics_utide_observations.txt]",Flach behalten,,,,,4.75,4.49,1.233,1.192,Nachbarn ok,schreiben
harmonics_noaa_eutt.txt,"Baltrum (Westende), Germany",eutt-1383,Helgoland,gewaehlt,"Helgoland (Binnenhafen), Germany [harmonics_utide_observations.txt]",Flach behalten,,,,,9.58,8.7,1.203,1.163,Nachbarn ok,schreiben
harmonics_noaa_eutt.txt,"Schweiburger Tief, Germany",eutt-1405,Bremerhaven,bau,"Bremerhaven (Alter Leuchtturm), Germany [harmonics_ticon4_worldwide.txt]",Flach behalten,,,,,,,1.841,1.769,Gruppe lokal n=7 -0.24 Punkte,schreiben (Gruppenbeleg lokal)
harmonics_noaa_eutt.txt,"Nordenham (Weser, Unterfeuer), Germany",eutt-1413,Bremerhaven,bau,"Bremerhaven (Alter Leuchtturm), Germany [harmonics_ticon4_worldwide.txt]",Flach behalten,3.56,3.42,,,,,1.702,1.635,Wahrheit ok,schreiben
harmonics_noaa_eutt.txt,"Brake (Weser), Germany",eutt-1417,Bremerhaven,bau,"Bremerhaven (Alter Leuchtturm), Germany [harmonics_ticon4_worldwide.txt]",Flach behalten,4.65,4.17,,,,,1.702,1.635,Wahrheit ok,schreiben
harmonics_noaa_eutt.txt,"Elsfleth (Weser), Germany",eutt-1419,Bremerhaven,bau,"Bremerhaven (Alter Leuchtturm), Germany [harmonics_ticon4_worldwide.txt]",Flach behalten,3.45,3.21,,,,,1.64,1.576,Wahrheit ok,schreiben
harmonics_noaa_eutt.txt,"Farge (Weser), Germany",eutt-1421,Bremerhaven,bau,"Bremerhaven (Alter Leuchtturm), Germany [harmonics_ticon4_worldwide.txt]",Flach behalten,3.81,3.66,,,,,1.609,1.546,Wahrheit ok,schreiben
harmonics_noaa_eutt.txt,"Vegesack (Weser), Germany",eutt-1423,Bremerhaven,bau,"Bremerhaven (Alter Leuchtturm), Germany [harmonics_ticon4_worldwide.txt]",Flach behalten,4.71,4.73,,,,,1.563,1.502,Wahrheit ok,schreiben
harmonics_noaa_eutt.txt,"Vollerwiek Plate, Germany",eutt-1461,Bremerhaven,bau,"Bremerhaven (Alter Leuchtturm), Germany [harmonics_ticon4_worldwide.txt]",Flach behalten,11.13,10.7,,,,,1.563,1.502,Wahrheit ok,schreiben
harmonics_noaa_eutt.txt,"Tönning, Germany",eutt-1463,Bremerhaven,bau,"Bremerhaven (Alter Leuchtturm), Germany [harmonics_ticon4_worldwide.txt]",Flach behalten,26.48,26.14,,,,,1.64,1.576,Wahrheit ok,schreiben
harmonics_noaa_eutt.txt,"Südfall Fahrwasserkante (Hever), Germany",eutt-1467,Bremerhaven,bau,"Bremerhaven (Alter Leuchtturm), Germany [harmonics_ticon4_worldwide.txt]",Flach behalten,,,,,,,1.439,1.383,Gruppe lokal n=7 -0.24 Punkte,schreiben (Gruppenbeleg lokal)
harmonics_noaa_eutt.txt,"Nordstrand (Süderhafen, Hever), Germany",eutt-1469,Bremerhaven,bau,"Bremerhaven (Alter Leuchtturm), Germany [harmonics_ticon4_worldwide.txt]",Flach behalten,,,,,,,1.501,1.442,Gruppe lokal n=7 -0.24 Punkte,schreiben (Gruppenbeleg lokal)
harmonics_noaa_eutt.txt,"Hooge (Anleger), Germany",eutt-1475,Helgoland,gewaehlt,"Helgoland (Binnenhafen), Germany [harmonics_utide_observations.txt]",Flach behalten,,,,,6.13,6.21,1.368,1.323,Nachbarn ok,schreiben
harmonics_noaa_eutt.txt,"Wyk auf Föhr, Germany",eutt-1477,Helgoland,gewaehlt,"Helgoland (Binnenhafen), Germany [harmonics_utide_observations.txt]",Flach behalten,,,,,7.91,8.82,1.293,1.25,Nachbarn schlechter,behalten (Beleg schlechter)
harmonics_noaa_eutt.txt,"Dagebüll, Germany",eutt-1479,Helgoland,gewaehlt,"Helgoland (Binnenhafen), Germany [harmonics_utide_observations.txt]",Flach behalten,5.19,4.88,,,,,1.338,1.294,Wahrheit ok,schreiben
harmonics_noaa_eutt.txt,"Munkmarsch (Lister Tief), Germany",eutt-1485,Helgoland,gewaehlt,"Helgoland (Binnenhafen), Germany [harmonics_utide_observations.txt]",Flach behalten,,,,,,,0.872,0.843,Gruppe lokal n=3 -0.31 Punkte,schreiben (Gruppenbeleg lokal)
harmonics_noaa_eutt.txt,"Lister Tief approach, Germany",eutt-1489,Helgoland,bau (ohne Pruefstand),"Helgoland, Germany [harmonics-dwf-20070318_mod.txt]",Flach behalten,,,,,,,0.842,0.817,Gruppe lokal n=3 -0.31 Punkte,schreiben (Gruppenbeleg lokal)
harmonics_noaa_eutt.txt,"Vidåslusen (Højer), Denmark",eutt-1491,Esbjerg,bau,"Esbjerg, Denmark [harmonics_ticon4_worldwide.txt]",Flach behalten,23.19,23.03,,,,,1.087,1.089,Wahrheit ok,schreiben
harmonics_noaa_eutt.txt,"Sønderho (Fanø), Denmark",eutt-1495,Esbjerg,bau,"Esbjerg, Denmark [harmonics_ticon4_worldwide.txt]",Flach behalten,,,,,,,0.714,0.716,Gruppe lokal n=2 -0.09 Punkte,schreiben (Gruppenbeleg lokal)
harmonics_noaa_eutt.txt,"Nordby (Fanø), Denmark",eutt-1497,Esbjerg,bau,"Esbjerg, Denmark [harmonics_ticon4_worldwide.txt]",Flach behalten,4.94,4.92,,,,,0.621,0.622,Wahrheit ok,schreiben
harmonics_noaa_eutt.txt,"Hjerting, Denmark",eutt-1501,Esbjerg,bau,"Esbjerg, Denmark [harmonics_ticon4_worldwide.txt]",Flach behalten,,,,,,,0.637,0.638,Gruppe lokal n=2 -0.09 Punkte,schreiben (Gruppenbeleg lokal)
harmonics_noaa_eutt.txt,"Blåvands Huk, Denmark",eutt-1503,Esbjerg,bau,"Esbjerg, Denmark [harmonics_ticon4_worldwide.txt]",Flach behalten,,,,,,,0.776,0.778,Gruppe lokal n=2 -0.09 Punkte,schreiben (Gruppenbeleg lokal)
harmonics_noaa_eutt.txt,"Nymindegab, Denmark",eutt-1507,Esbjerg,bau,"Esbjerg, Denmark [harmonics_ticon4_worldwide.txt]",Flach behalten,,,,,,,0.466,0.467,Gruppe lokal n=2 -0.09 Punkte,schreiben (Gruppenbeleg lokal)
harmonics_noaa_eutt.txt,"Agger, Denmark",eutt-1511,Gibraltar,bau (ohne Pruefstand),"Sandy Bay, Gibraltar [harmonics_att_np208.txt]",Flach behalten,,,,,,,0.137,0.116,,offen (ohne Beleg)
harmonics_noaa_eutt.txt,"Hirtshals, Denmark",eutt-1513,Gibraltar,bau (ohne Pruefstand),"Sandy Bay, Gibraltar [harmonics_att_np208.txt]",Flach behalten,,,,,,,0.122,0.103,,offen (ohne Beleg)
harmonics_noaa_eutt.txt,"Oscarsborg, Norway",eutt-1521,Bergen,bau,"Bergen, Norway [harmonics_ticon4_worldwide.txt]",Flach behalten,11.79,10.94,22.6,22.6,,,0.17,0.153,"Wahrheit ok, Pegel ok",schreiben
harmonics_noaa_eutt.txt,"Oslo, Norway",eutt-1523,Bergen,bau,"Bergen, Norway [harmonics_ticon4_worldwide.txt]",Flach behalten,11.16,10.78,,,,,0.154,0.139,Wahrheit ok,schreiben
harmonics_noaa_eutt.txt,"Arendal, Norway",eutt-1525,Bergen,bau,"Bergen, Norway [harmonics_ticon4_worldwide.txt]",Flach behalten,12.63,11.1,,,,,0.123,0.111,Wahrheit ok,schreiben
harmonics_noaa_eutt.txt,"Tregde (Mandal), Norway",eutt-1527,Bergen,bau,"Bergen, Norway [harmonics_ticon4_worldwide.txt]",Flach behalten,11.54,11.51,14.4,14.4,,,0.092,0.083,"Wahrheit ok, Pegel ok",schreiben
harmonics_noaa_eutt.txt,"Stavanger, Norway",eutt-1531,Bergen,bau,"Bergen, Norway [harmonics_ticon4_worldwide.txt]",Flach behalten,8.67,7.71,15.4,15.1,,,0.216,0.194,"Wahrheit ok, Pegel ok",schreiben
harmonics_noaa_eutt.txt,"Florø, Norway",eutt-1535,Bergen,bau,"Bergen, Norway [harmonics_ticon4_worldwide.txt]",Flach behalten,,,,,,,0.57,0.514,Gruppe lokal n=2 -0.62 Punkte,schreiben (Gruppenbeleg lokal)
harmonics_noaa_eutt.txt,"Kristiansund, Norway",eutt-1537,Bergen,bau,"Bergen, Norway [harmonics_ticon4_worldwide.txt]",Flach behalten,1.82,1.54,16.7,16.6,,,0.724,0.653,"Wahrheit ok, Pegel ok",schreiben
harmonics_noaa_eutt.txt,"Mo i Rana, Ranfjorden, Norway",eutt-1543,Narvik,bau,"Narvik, Norway [harmonics_utide_observations.txt]",Flach behalten,2.19,2.69,,,,,0.926,0.912,Wahrheit schlechter,behalten (Beleg schlechter)
harmonics_noaa_eutt.txt,"Finneid (Fauske), Norway",eutt-1547,Narvik,bau,"Narvik, Norway [harmonics_utide_observations.txt]",Flach behalten,,,,,,,0.586,0.577,Gruppe lokal n=2 +0.58 Punkte,behalten (Gruppe lokal schlechter)
harmonics_noaa_eutt.txt,"Andenes, Norway",eutt-1553,Narvik,bau,"Narvik, Norway [harmonics_utide_observations.txt]",Flach behalten,1.81,2.47,16.3,15.7,,,0.694,0.684,"Wahrheit schlechter, Pegel ok",behalten (Beleg schlechter)
harmonics_noaa_eutt.txt,"Vardøya, Norway",eutt-1559,Yekaterininskaya,bau,"Yekaterininskaya, Russia [harmonics-1997-05-25_mod.txt]",Flach behalten,2.67,1.88,20.0,18.8,,,1.109,1.043,"Wahrheit ok, Pegel ok",schreiben
harmonics_noaa_eutt.txt,"Guba Bazarnaya, Russia",eutt-1561,Yekaterininskaya,bau (ohne Pruefstand),"Yekaterininskaya, Russia [harmonics-1997-05-25_mod.txt]",Flach behalten,,,,,,,1.141,1.073,,offen (ohne Beleg)
harmonics_noaa_eutt.txt,"Linakhamar (Pechenga Bay), Russia",eutt-1563,Yekaterininskaya,bau (ohne Pruefstand),"Yekaterininskaya, Russia [harmonics-1997-05-25_mod.txt]",Flach behalten,,,,,,,1.125,1.058,,offen (ohne Beleg)
harmonics_noaa_eutt.txt,"Pummanki, Bolshaya Volokovaya, Russia",eutt-1565,Yekaterininskaya,bau (ohne Pruefstand),"Yekaterininskaya, Russia [harmonics-1997-05-25_mod.txt]",Flach behalten,,,,,,,1.172,1.102,,offen (ohne Beleg)
harmonics_noaa_eutt.txt,"Vaida Bay, Russia",eutt-1567,Yekaterininskaya,bau (ohne Pruefstand),"Yekaterininskaya, Russia [harmonics-1997-05-25_mod.txt]",Flach behalten,,,,,,,1.203,1.132,,offen (ohne Beleg)
harmonics_noaa_eutt.txt,"Zubovskaya Bay, Russia",eutt-1569,Yekaterininskaya,bau (ohne Pruefstand),"Yekaterininskaya, Russia [harmonics-1997-05-25_mod.txt]",Flach behalten,,,,,,,1.25,1.176,,offen (ohne Beleg)
harmonics_noaa_eutt.txt,"Bolshaya Korabelnaya Bay, Russia",eutt-1571,Yekaterininskaya,bau (ohne Pruefstand),"Yekaterininskaya, Russia [harmonics-1997-05-25_mod.txt]",Flach behalten,,,,,,,1.234,1.161,,offen (ohne Beleg)
harmonics_noaa_eutt.txt,"Malaya Korabelnaya Bay, Russia",eutt-1573,Yekaterininskaya,bau (ohne Pruefstand),"Yekaterininskaya, Russia [harmonics-1997-05-25_mod.txt]",Flach behalten,,,,,,,1.234,1.161,,offen (ohne Beleg)
harmonics_noaa_eutt.txt,"Eyna Bay, Russia",eutt-1575,Yekaterininskaya,bau (ohne Pruefstand),"Yekaterininskaya, Russia [harmonics-1997-05-25_mod.txt]",Flach behalten,,,,,,,1.234,1.161,,offen (ohne Beleg)
harmonics_noaa_eutt.txt,"Motka Bay, Russia",eutt-1577,Yekaterininskaya,bau (ohne Pruefstand),"Yekaterininskaya, Russia [harmonics-1997-05-25_mod.txt]",Flach behalten,,,,,,,1.234,1.161,,offen (ohne Beleg)
harmonics_noaa_eutt.txt,"Ozerko Bay, Russia",eutt-1579,Yekaterininskaya,bau (ohne Pruefstand),"Yekaterininskaya, Russia [harmonics-1997-05-25_mod.txt]",Flach behalten,,,,,,,1.234,1.161,,offen (ohne Beleg)
harmonics_noaa_eutt.txt,"Titovka Bay, Russia",eutt-1581,Yekaterininskaya,bau (ohne Pruefstand),"Yekaterininskaya, Russia [harmonics-1997-05-25_mod.txt]",Flach behalten,,,,,,,1.234,1.161,,offen (ohne Beleg)
harmonics_noaa_eutt.txt,"Zapadnaya Bay, Russia",eutt-1583,Yekaterininskaya,bau (ohne Pruefstand),"Yekaterininskaya, Russia [harmonics-1997-05-25_mod.txt]",Flach behalten,,,,,,,1.234,1.161,,offen (ohne Beleg)
harmonics_noaa_eutt.txt,"Vichany Islands, Russia",eutt-1585,Yekaterininskaya,bau (ohne Pruefstand),"Yekaterininskaya, Russia [harmonics-1997-05-25_mod.txt]",Flach behalten,,,,,,,1.234,1.161,,offen (ohne Beleg)
harmonics_noaa_eutt.txt,"Ara Bay, Russia",eutt-1587,Yekaterininskaya,bau (ohne Pruefstand),"Yekaterininskaya, Russia [harmonics-1997-05-25_mod.txt]",Flach behalten,,,,,,,1.234,1.161,,offen (ohne Beleg)
harmonics_noaa_eutt.txt,"Nasha Bay, Ura Bay, Russia",eutt-1589,Yekaterininskaya,bau (ohne Pruefstand),"Yekaterininskaya, Russia [harmonics-1997-05-25_mod.txt]",Flach behalten,,,,,,,1.234,1.161,,offen (ohne Beleg)
harmonics_noaa_eutt.txt,"Port Vladimirski, Russia",eutt-1591,Yekaterininskaya,bau (ohne Pruefstand),"Yekaterininskaya, Russia [harmonics-1997-05-25_mod.txt]",Flach behalten,,,,,,,1.234,1.161,,offen (ohne Beleg)
harmonics_noaa_eutt.txt,"Kislaya Harbor, Russia",eutt-1593,Yekaterininskaya,bau (ohne Pruefstand),"Yekaterininskaya, Russia [harmonics-1997-05-25_mod.txt]",Flach behalten,,,,,,,1.156,1.088,,offen (ohne Beleg)
harmonics_noaa_eutt.txt,"Kuvshinskaya Strait, Russia",eutt-1595,Yekaterininskaya,bau (ohne Pruefstand),"Yekaterininskaya, Russia [harmonics-1997-05-25_mod.txt]",Flach behalten,,,,,,,1.234,1.161,,offen (ohne Beleg)
harmonics_noaa_eutt.txt,"Sayda Bay, Russia",eutt-1597,Yekaterininskaya,bau (ohne Pruefstand),"Yekaterininskaya, Russia [harmonics-1997-05-25_mod.txt]",Flach behalten,,,,,,,1.234,1.161,,offen (ohne Beleg)
harmonics_noaa_eutt.txt,"Bolshaya Volokovaya Bay, Russia",eutt-1599,Yekaterininskaya,bau (ohne Pruefstand),"Yekaterininskaya, Russia [harmonics-1997-05-25_mod.txt]",Flach behalten,,,,,,,1.234,1.161,,offen (ohne Beleg)
harmonics_noaa_eutt.txt,"Olenya Bay, Russia",eutt-1601,Yekaterininskaya,bau (ohne Pruefstand),"Yekaterininskaya, Russia [harmonics-1997-05-25_mod.txt]",Flach behalten,,,,,1.61,0.73,1.234,1.161,Nachbarn ok,schreiben
harmonics_noaa_eutt.txt,"Veliki Point, Russia",eutt-1605,Yekaterininskaya,bau (ohne Pruefstand),"Yekaterininskaya, Russia [harmonics-1997-05-25_mod.txt]",Flach behalten,,,,,,,1.234,1.161,,offen (ohne Beleg)
harmonics_noaa_eutt.txt,"Bazisnyy Point, Russia",eutt-1607,Yekaterininskaya,bau (ohne Pruefstand),"Yekaterininskaya, Russia [harmonics-1997-05-25_mod.txt]",Flach behalten,,,,,,,1.234,1.161,,offen (ohne Beleg)
harmonics_noaa_eutt.txt,"Murmansk, Russia",eutt-1609,Yekaterininskaya,bau (ohne Pruefstand),"Yekaterininskaya, Russia [harmonics-1997-05-25_mod.txt]",Flach behalten,,,,,,,1.234,1.161,,offen (ohne Beleg)
harmonics_noaa_eutt.txt,"Drovyanoi Point, Russia",eutt-1611,Yekaterininskaya,bau (ohne Pruefstand),"Yekaterininskaya, Russia [harmonics-1997-05-25_mod.txt]",Flach behalten,,,,,,,1.234,1.161,,offen (ohne Beleg)
harmonics_noaa_eutt.txt,"Kola, Russia",eutt-1613,Yekaterininskaya,bau (ohne Pruefstand),"Yekaterininskaya, Russia [harmonics-1997-05-25_mod.txt]",Flach behalten,,,,,,,1.234,1.161,,offen (ohne Beleg)
harmonics_noaa_eutt.txt,"Zyelyenyets Bay, Russia",eutt-1615,Yekaterininskaya,bau (ohne Pruefstand),"Yekaterininskaya, Russia [harmonics-1997-05-25_mod.txt]",Flach behalten,,,,,,,1.234,1.161,,offen (ohne Beleg)
harmonics_noaa_eutt.txt,"Dolgaya Bay, Russia",eutt-1617,Yekaterininskaya,bau (ohne Pruefstand),"Yekaterininskaya, Russia [harmonics-1997-05-25_mod.txt]",Flach behalten,,,,,,,1.234,1.161,,offen (ohne Beleg)
harmonics_noaa_eutt.txt,"Bik Point, Kildin Island, Russia",eutt-1619,Yekaterininskaya,bau (ohne Pruefstand),"Yekaterininskaya, Russia [harmonics-1997-05-25_mod.txt]",Flach behalten,,,,,,,1.234,1.161,,offen (ohne Beleg)
harmonics_noaa_eutt.txt,"Mogilnyy Point, Kildin Island, Russia",eutt-1621,Yekaterininskaya,bau (ohne Pruefstand),"Yekaterininskaya, Russia [harmonics-1997-05-25_mod.txt]",Flach behalten,,,,,,,1.328,1.249,,offen (ohne Beleg)
harmonics_noaa_eutt.txt,"Mali Oleni Strait, Russia",eutt-1623,Yekaterininskaya,bau (ohne Pruefstand),"Yekaterininskaya, Russia [harmonics-1997-05-25_mod.txt]",Flach behalten,,,,,,,1.281,1.205,,offen (ohne Beleg)
harmonics_noaa_eutt.txt,"Teriberka Bay, Russia",eutt-1625,Yekaterininskaya,bau (ohne Pruefstand),"Yekaterininskaya, Russia [harmonics-1997-05-25_mod.txt]",Flach behalten,,,,,,,1.281,1.205,,offen (ohne Beleg)
harmonics_noaa_eutt.txt,"Podpakhta Bay, Russia",eutt-1627,Yekaterininskaya,bau (ohne Pruefstand),"Yekaterininskaya, Russia [harmonics-1997-05-25_mod.txt]",Flach behalten,,,,,,,1.391,1.308,,offen (ohne Beleg)
harmonics_noaa_eutt.txt,"Porchnikha Cove, Russia",eutt-1629,Yekaterininskaya,bau (ohne Pruefstand),"Yekaterininskaya, Russia [harmonics-1997-05-25_mod.txt]",Flach behalten,,,,,,,1.406,1.323,,offen (ohne Beleg)
harmonics_noaa_eutt.txt,"Rynda Bay, Russia",eutt-1631,Yekaterininskaya,bau (ohne Pruefstand),"Yekaterininskaya, Russia [harmonics-1997-05-25_mod.txt]",Flach behalten,,,,,,,1.391,1.308,,offen (ohne Beleg)
harmonics_noaa_eutt.txt,"Kharlovka River mouth, Russia",eutt-1633,Yekaterininskaya,bau (ohne Pruefstand),"Yekaterininskaya, Russia [harmonics-1997-05-25_mod.txt]",Flach behalten,,,,,,,1.5,1.411,,offen (ohne Beleg)
harmonics_noaa_eutt.txt,"Semiostrovski Road, SE. entrance, Russia",eutt-1635,Yekaterininskaya,bau (ohne Pruefstand),"Yekaterininskaya, Russia [harmonics-1997-05-25_mod.txt]",Flach behalten,,,,,,,1.516,1.426,,offen (ohne Beleg)
harmonics_noaa_eutt.txt,"Vostochnaya Litsa Bay, Russia",eutt-1637,Yekaterininskaya,bau (ohne Pruefstand),"Yekaterininskaya, Russia [harmonics-1997-05-25_mod.txt]",Flach behalten,,,,,,,1.609,1.514,,offen (ohne Beleg)
harmonics_noaa_eutt.txt,"Drozdovka Bay, Russia",eutt-1639,Yekaterininskaya,bau (ohne Pruefstand),"Yekaterininskaya, Russia [harmonics-1997-05-25_mod.txt]",Flach behalten,,,,,,,1.703,1.602,,offen (ohne Beleg)
harmonics_noaa_eutt.txt,"Savikha Bay, Russia",eutt-1641,Yekaterininskaya,bau (ohne Pruefstand),"Yekaterininskaya, Russia [harmonics-1997-05-25_mod.txt]",Flach behalten,,,,,,,1.844,1.734,,offen (ohne Beleg)
harmonics_noaa_eutt.txt,"Gryemikha Bay, Russia",eutt-1643,Yekaterininskaya,bau (ohne Pruefstand),"Yekaterininskaya, Russia [harmonics-1997-05-25_mod.txt]",Flach behalten,,,,,,,1.906,1.793,,offen (ohne Beleg)
harmonics_noaa_eutt.txt,"Zyelyony Island, Russia",eutt-1645,Yekaterininskaya,bau (ohne Pruefstand),"Yekaterininskaya, Russia [harmonics-1997-05-25_mod.txt]",Flach behalten,,,,,,,1.906,1.793,,offen (ohne Beleg)
harmonics_noaa_eutt.txt,"Gorodetskaya Bay, Russia",eutt-1647,Yekaterininskaya,bau (ohne Pruefstand),"Yekaterininskaya, Russia [harmonics-1997-05-25_mod.txt]",Flach behalten,,,,,,,2.203,2.072,,offen (ohne Beleg)
harmonics_noaa_eutt.txt,"Cape Orlov, Russia",eutt-1649,Yekaterininskaya,bau (ohne Pruefstand),"Yekaterininskaya, Russia [harmonics-1997-05-25_mod.txt]",Flach behalten,,,,,,,2.297,2.16,,offen (ohne Beleg)
harmonics_noaa_eutt.txt,"Three Islands, Russia",eutt-1651,Yekaterininskaya,bau (ohne Pruefstand),"Yekaterininskaya, Russia [harmonics-1997-05-25_mod.txt]",Flach behalten,,,,,,,2.438,2.293,,offen (ohne Beleg)
harmonics_noaa_eutt.txt,"Sosnovets Island, Russia",eutt-1653,Yekaterininskaya,bau (ohne Pruefstand),"Yekaterininskaya, Russia [harmonics-1997-05-25_mod.txt]",Flach behalten,,,,,,,1.562,1.47,,offen (ohne Beleg)
harmonics_noaa_eutt.txt,"Tetrino, Russia",eutt-1655,Kem,bau (ohne Pruefstand),"Port Kem, Russia [harmonics-1997-05-25_mod.txt]",Flach behalten,,,,,,,0.644,0.586,,offen (ohne Beleg)
harmonics_noaa_eutt.txt,"Varzukha River entrance, Russia",eutt-1657,Kem,bau (ohne Pruefstand),"Port Kem, Russia [harmonics-1997-05-25_mod.txt]",Flach behalten,,,,,,,0.534,0.486,,offen (ohne Beleg)
harmonics_noaa_eutt.txt,"Cape Turiya, Russia",eutt-1659,Kem,bau (ohne Pruefstand),"Port Kem, Russia [harmonics-1997-05-25_mod.txt]",Flach behalten,,,,,,,0.707,0.643,,offen (ohne Beleg)
harmonics_noaa_eutt.txt,"Volostrov, Russia",eutt-1661,Kem,bau (ohne Pruefstand),"Port Kem, Russia [harmonics-1997-05-25_mod.txt]",Flach behalten,,,,,,,0.707,0.643,,offen (ohne Beleg)
harmonics_noaa_eutt.txt,"Mal Piryu Bay, Russia",eutt-1663,Kem,bau (ohne Pruefstand),"Port Kem, Russia [harmonics-1997-05-25_mod.txt]",Flach behalten,,,,,,,0.723,0.657,,offen (ohne Beleg)
harmonics_noaa_eutt.txt,"Tar Bay, Russia",eutt-1665,Kem,bau (ohne Pruefstand),"Port Kem, Russia [harmonics-1997-05-25_mod.txt]",Flach behalten,,,,,,,0.739,0.672,,offen (ohne Beleg)
harmonics_noaa_eutt.txt,"Porya Anchorage, Russia",eutt-1667,Kem,bau (ohne Pruefstand),"Port Kem, Russia [harmonics-1997-05-25_mod.txt]",Flach behalten,,,,,,,0.739,0.672,,offen (ohne Beleg)
harmonics_noaa_eutt.txt,"Kandalaksha, Russia",eutt-1669,Kem,bau (ohne Pruefstand),"Port Kem, Russia [harmonics-1997-05-25_mod.txt]",Flach behalten,,,,,,,1.1,1.0,,offen (ohne Beleg)
harmonics_noaa_eutt.txt,"Kovda River entrance, Russia",eutt-1671,Kem,bau (ohne Pruefstand),"Port Kem, Russia [harmonics-1997-05-25_mod.txt]",Flach behalten,,,,,,,0.817,0.743,,offen (ohne Beleg)
harmonics_noaa_eutt.txt,"Sredni Anchorage, Keret Bay, Russia",eutt-1673,Kem,bau (ohne Pruefstand),"Port Kem, Russia [harmonics-1997-05-25_mod.txt]",Flach behalten,,,,,,,0.723,0.657,,offen (ohne Beleg)
harmonics_noaa_eutt.txt,"Gridina Bay, Russia",eutt-1675,Kem,bau (ohne Pruefstand),"Port Kem, Russia [harmonics-1997-05-25_mod.txt]",Flach behalten,,,,,,,0.676,0.615,,offen (ohne Beleg)
harmonics_noaa_eutt.txt,"Kalgalaksha Bay entrance, Russia",eutt-1677,Kem,bau (ohne Pruefstand),"Port Kem, Russia [harmonics-1997-05-25_mod.txt]",Flach behalten,,,,,,,0.629,0.572,,offen (ohne Beleg)
harmonics_noaa_eutt.txt,"Kalgalaksha, Kalgalaksha Bay, Russia",eutt-1679,Kem,bau (ohne Pruefstand),"Port Kem, Russia [harmonics-1997-05-25_mod.txt]",Flach behalten,,,,,,,0.613,0.557,,offen (ohne Beleg)
harmonics_noaa_eutt.txt,"Pongama Bay, Russia",eutt-1681,Kem,bau (ohne Pruefstand),"Port Kem, Russia [harmonics-1997-05-25_mod.txt]",Flach behalten,,,,,,,0.613,0.557,,offen (ohne Beleg)
harmonics_noaa_eutt.txt,"Rombaki Island, Russia",eutt-1685,Kem,bau (ohne Pruefstand),"Port Kem, Russia [harmonics-1997-05-25_mod.txt]",Flach behalten,,,,,,,0.644,0.586,,offen (ohne Beleg)
harmonics_noaa_eutt.txt,"Kuzov Island, Russia",eutt-1687,Kem,bau (ohne Pruefstand),"Port Kem, Russia [harmonics-1997-05-25_mod.txt]",Flach behalten,,,,,,,0.409,0.372,,offen (ohne Beleg)
harmonics_noaa_eutt.txt,"Lukovatyy Island, Russia",eutt-1689,Kem,bau (ohne Pruefstand),"Port Kem, Russia [harmonics-1997-05-25_mod.txt]",Flach behalten,,,,,,,0.503,0.457,,offen (ohne Beleg)
harmonics_noaa_eutt.txt,"Zhuzhmuy Islands, Russia",eutt-1691,Kem,bau (ohne Pruefstand),"Port Kem, Russia [harmonics-1997-05-25_mod.txt]",Flach behalten,,,,,,,0.346,0.314,,offen (ohne Beleg)
harmonics_noaa_eutt.txt,"Sorokas Road, Russia",eutt-1693,Kem,bau (ohne Pruefstand),"Port Kem, Russia [harmonics-1997-05-25_mod.txt]",Flach behalten,,,,,,,0.613,0.557,,offen (ohne Beleg)
harmonics_noaa_eutt.txt,"Molchanov Island, Russia",eutt-1695,Kem,bau (ohne Pruefstand),"Port Kem, Russia [harmonics-1997-05-25_mod.txt]",Flach behalten,,,,,,,0.566,0.515,,offen (ohne Beleg)
harmonics_noaa_eutt.txt,"Sum Island, Russia",eutt-1697,Kem,bau (ohne Pruefstand),"Port Kem, Russia [harmonics-1997-05-25_mod.txt]",Flach behalten,,,,,,,0.644,0.586,,offen (ohne Beleg)
harmonics_noaa_eutt.txt,"Raz Island, Russia",eutt-1699,Kem,bau (ohne Pruefstand),"Port Kem, Russia [harmonics-1997-05-25_mod.txt]",Flach behalten,,,,,,,0.644,0.586,,offen (ohne Beleg)
harmonics_noaa_eutt.txt,"Berejnoi Island, Russia",eutt-1701,Kem,bau (ohne Pruefstand),"Port Kem, Russia [harmonics-1997-05-25_mod.txt]",Flach behalten,,,,,,,0.723,0.657,,offen (ohne Beleg)
harmonics_noaa_eutt.txt,"Parusnitsa Beacon, Russia",eutt-1703,Kem,bau (ohne Pruefstand),"Port Kem, Russia [harmonics-1997-05-25_mod.txt]",Flach behalten,,,,,,,0.849,0.772,,offen (ohne Beleg)
harmonics_noaa_eutt.txt,"Ponomarev Point, Russia",eutt-1705,Kem,bau (ohne Pruefstand),"Port Kem, Russia [harmonics-1997-05-25_mod.txt]",Flach behalten,,,,,,,0.723,0.657,,offen (ohne Beleg)
harmonics_noaa_eutt.txt,"Kond Island, Russia",eutt-1707,Kem,bau (ohne Pruefstand),"Port Kem, Russia [harmonics-1997-05-25_mod.txt]",Flach behalten,,,,,,,0.833,0.758,,offen (ohne Beleg)
harmonics_noaa_eutt.txt,"Malaya Korepalka, Russia",eutt-1709,Kem,bau (ohne Pruefstand),"Port Kem, Russia [harmonics-1997-05-25_mod.txt]",Flach behalten,,,,,,,0.943,0.858,,offen (ohne Beleg)
harmonics_noaa_eutt.txt,"Unezhemskaya Bay, Russia",eutt-1711,Kem,bau (ohne Pruefstand),"Port Kem, Russia [harmonics-1997-05-25_mod.txt]",Flach behalten,,,,,,,0.99,0.9,,offen (ohne Beleg)
harmonics_noaa_eutt.txt,"Nyapa Beacon, Russia",eutt-1713,Kem,bau (ohne Pruefstand),"Port Kem, Russia [harmonics-1997-05-25_mod.txt]",Flach behalten,,,,,,,1.069,0.972,,offen (ohne Beleg)
harmonics_noaa_eutt.txt,"Paskanets Islet, Russia",eutt-1715,Kem,bau (ohne Pruefstand),"Port Kem, Russia [harmonics-1997-05-25_mod.txt]",Flach behalten,,,,,,,1.226,1.115,,offen (ohne Beleg)
harmonics_noaa_eutt.txt,"Onega River entrance, Russia",eutt-1717,Kem,bau (ohne Pruefstand),"Port Kem, Russia [harmonics-1997-05-25_mod.txt]",Flach behalten,,,,,,,1.226,1.115,,offen (ohne Beleg)
harmonics_noaa_eutt.txt,"Kii Island, Onega Bay, Russia",eutt-1719,Kem,bau (ohne Pruefstand),"Port Kem, Russia [harmonics-1997-05-25_mod.txt]",Flach behalten,,,,,,,1.257,1.143,,offen (ohne Beleg)
harmonics_noaa_eutt.txt,"Cape Gluboki, Russia",eutt-1721,Kem,bau (ohne Pruefstand),"Port Kem, Russia [harmonics-1997-05-25_mod.txt]",Flach behalten,,,,,,,0.833,0.758,,offen (ohne Beleg)
harmonics_noaa_eutt.txt,"Cape Chesmenski, Russia",eutt-1723,Kem,bau (ohne Pruefstand),"Port Kem, Russia [harmonics-1997-05-25_mod.txt]",Flach behalten,,,,,,,0.409,0.372,,offen (ohne Beleg)
harmonics_noaa_eutt.txt,"Pushlakhta Bay, Russia",eutt-1725,Kem,bau (ohne Pruefstand),"Port Kem, Russia [harmonics-1997-05-25_mod.txt]",Flach behalten,,,,,,,0.409,0.372,,offen (ohne Beleg)
harmonics_noaa_eutt.txt,"Cape Letni Orlov, Russia",eutt-1727,Kem,bau (ohne Pruefstand),"Port Kem, Russia [harmonics-1997-05-25_mod.txt]",Flach behalten,,,,,,,0.471,0.429,,offen (ohne Beleg)
harmonics_noaa_eutt.txt,"Muksalma Island, Russia",eutt-1729,Kem,bau (ohne Pruefstand),"Port Kem, Russia [harmonics-1997-05-25_mod.txt]",Flach behalten,,,,,,,0.346,0.314,,offen (ohne Beleg)
harmonics_noaa_eutt.txt,"Solovets Roads, Solovetski Island, Russia",eutt-1731,Kem,bau (ohne Pruefstand),"Port Kem, Russia [harmonics-1997-05-25_mod.txt]",Flach behalten,,,,,,,0.346,0.314,,offen (ohne Beleg)
harmonics_noaa_eutt.txt,"Sosnovaya Bay, Solovetski Island, Russia",eutt-1733,Kem,bau (ohne Pruefstand),"Port Kem, Russia [harmonics-1997-05-25_mod.txt]",Flach behalten,,,,,,,0.644,0.586,,offen (ohne Beleg)
harmonics_noaa_eutt.txt,"Anzerski Island, Russia",eutt-1735,Kem,bau (ohne Pruefstand),"Port Kem, Russia [harmonics-1997-05-25_mod.txt]",Flach behalten,,,,,,,0.471,0.429,,offen (ohne Beleg)
harmonics_noaa_eutt.txt,"Zhizhgin Island, Russia",eutt-1737,Kem,bau (ohne Pruefstand),"Port Kem, Russia [harmonics-1997-05-25_mod.txt]",Flach behalten,,,,,,,0.503,0.457,,offen (ohne Beleg)
harmonics_noaa_eutt.txt,"Lopshenga River entrance, Russia",eutt-1739,Kem,bau (ohne Pruefstand),"Port Kem, Russia [harmonics-1997-05-25_mod.txt]",Flach behalten,,,,,,,0.424,0.386,,offen (ohne Beleg)
harmonics_noaa_eutt.txt,"Unskaya Inlet, Russia",eutt-1741,Kem,bau (ohne Pruefstand),"Port Kem, Russia [harmonics-1997-05-25_mod.txt]",Flach behalten,,,,,,,0.393,0.357,,offen (ohne Beleg)
harmonics_noaa_eutt.txt,"Nikolskoi Bar, Russia",eutt-1743,Kem,bau (ohne Pruefstand),"Port Kem, Russia [harmonics-1997-05-25_mod.txt]",Flach behalten,,,,,,,0.409,0.372,,offen (ohne Beleg)
harmonics_noaa_eutt.txt,"Kyegostrov, Russia",eutt-1745,Kem,bau,"Port Kem, Russia [harmonics-1997-05-25_mod.txt]",Flach behalten,10.93,9.97,,,,,0.314,0.286,Wahrheit ok,schreiben
harmonics_noaa_eutt.txt,"Arkhangelsk, Solombala Island, Russia",eutt-1747,Kem,bau,"Port Kem, Russia [harmonics-1997-05-25_mod.txt]",Flach behalten,,,,,11.85,10.62,0.33,0.3,Nachbarn ok,schreiben
harmonics_noaa_eutt.txt,"Novo Dvina Fortress, Russia",eutt-1749,Kem,bau,"Port Kem, Russia [harmonics-1997-05-25_mod.txt]",Flach behalten,,,,,,,0.409,0.372,,offen (ohne Beleg)
harmonics_noaa_eutt.txt,"Lapominka Island, Russia",eutt-1751,Kem,bau,"Port Kem, Russia [harmonics-1997-05-25_mod.txt]",Flach behalten,,,,,,,0.471,0.429,,offen (ohne Beleg)
harmonics_noaa_eutt.txt,"Mudyugskiy Island, Russia",eutt-1753,Kem,bau,"Port Kem, Russia [harmonics-1997-05-25_mod.txt]",Flach behalten,,,,,,,0.456,0.414,,offen (ohne Beleg)
harmonics_noaa_eutt.txt,"Berezovvy Bar, Russia",eutt-1755,Kem,bau,"Port Kem, Russia [harmonics-1997-05-25_mod.txt]",Flach behalten,,,,,,,0.471,0.429,,offen (ohne Beleg)
harmonics_noaa_eutt.txt,"Kuya River entrance, Russia",eutt-1757,Kem,bau (ohne Pruefstand),"Port Kem, Russia [harmonics-1997-05-25_mod.txt]",Flach behalten,,,,,,,0.534,0.486,,offen (ohne Beleg)
harmonics_noaa_eutt.txt,"Kerets Point, Russia",eutt-1759,Kem,bau (ohne Pruefstand),"Port Kem, Russia [harmonics-1997-05-25_mod.txt]",Flach behalten,,,,,,,0.723,0.657,,offen (ohne Beleg)
harmonics_noaa_eutt.txt,"Lisunov Point, Russia",eutt-1761,Kem,bau (ohne Pruefstand),"Port Kem, Russia [harmonics-1997-05-25_mod.txt]",Flach behalten,,,,,,,0.173,0.157,,offen (ohne Beleg)
harmonics_noaa_eutt.txt,"Bolshaya Tova River entrance, Russia",eutt-1763,Kem,bau (ohne Pruefstand),"Port Kem, Russia [harmonics-1997-05-25_mod.txt]",Flach behalten,,,,,,,0.471,0.429,,offen (ohne Beleg)
harmonics_noaa_eutt.txt,"Intsi Point, Russia",eutt-1765,Kem,bau (ohne Pruefstand),"Port Kem, Russia [harmonics-1997-05-25_mod.txt]",Flach behalten,,,,,,,0.786,0.715,,offen (ohne Beleg)
harmonics_noaa_eutt.txt,"Ruchi River entrance, Russia",eutt-1767,Kem,bau (ohne Pruefstand),"Port Kem, Russia [harmonics-1997-05-25_mod.txt]",Flach behalten,,,,,,,0.864,0.786,,offen (ohne Beleg)
harmonics_noaa_eutt.txt,"Megra River entrance, Russia",eutt-1769,Kem,bau (ohne Pruefstand),"Port Kem, Russia [harmonics-1997-05-25_mod.txt]",Flach behalten,,,,,,,0.896,0.815,,offen (ohne Beleg)
harmonics_noaa_eutt.txt,"Mayda River entrance, Russia",eutt-1771,Kem,bau (ohne Pruefstand),"Port Kem, Russia [harmonics-1997-05-25_mod.txt]",Flach behalten,,,,,,,1.289,1.172,,offen (ohne Beleg)
harmonics_noaa_eutt.txt,"Bolshaya Kedovaya River entrance, Russia",eutt-1773,Kem,bau (ohne Pruefstand),"Port Kem, Russia [harmonics-1997-05-25_mod.txt]",Flach behalten,,,,,,,1.509,1.372,,offen (ohne Beleg)
harmonics_noaa_eutt.txt,"Cape Voronov, Russia",eutt-1775,Yekaterininskaya,bau (ohne Pruefstand),"Yekaterininskaya, Russia [harmonics-1997-05-25_mod.txt]",Flach behalten,,,,,,,2.281,2.146,,offen (ohne Beleg)
harmonics_noaa_eutt.txt,"Morzhovetz Island, Russia",eutt-1777,Yekaterininskaya,bau (ohne Pruefstand),"Yekaterininskaya, Russia [harmonics-1997-05-25_mod.txt]",Flach behalten,,,,,,,2.125,1.999,,offen (ohne Beleg)
harmonics_noaa_eutt.txt,"Yurovati Point, Russia",eutt-1779,Yekaterininskaya,bau (ohne Pruefstand),"Yekaterininskaya, Russia [harmonics-1997-05-25_mod.txt]",Flach behalten,,,,,,,2.562,2.41,,offen (ohne Beleg)
harmonics_noaa_eutt.txt,"Cape Abramov, Russia",eutt-1781,Yekaterininskaya,bau (ohne Pruefstand),"Yekaterininskaya, Russia [harmonics-1997-05-25_mod.txt]",Flach behalten,,,,,,,2.984,2.807,,offen (ohne Beleg)
harmonics_noaa_eutt.txt,"Nerninski Point, Russia",eutt-1783,Yekaterininskaya,bau (ohne Pruefstand),"Yekaterininskaya, Russia [harmonics-1997-05-25_mod.txt]",Flach behalten,,,,,,,3.375,3.174,,offen (ohne Beleg)
harmonics_noaa_eutt.txt,"Kuloy River, Russia",eutt-1785,Yekaterininskaya,bau (ohne Pruefstand),"Yekaterininskaya, Russia [harmonics-1997-05-25_mod.txt]",Flach behalten,,,,,,,2.672,2.513,,offen (ohne Beleg)
harmonics_noaa_eutt.txt,"Semzha River mouth, Russia",eutt-1787,Yekaterininskaya,bau (ohne Pruefstand),"Yekaterininskaya, Russia [harmonics-1997-05-25_mod.txt]",Flach behalten,,,,,,,3.516,3.307,,offen (ohne Beleg)
harmonics_noaa_eutt.txt,"Piya River mouth, Mezen River, Russia",eutt-1789,Yekaterininskaya,bau (ohne Pruefstand),"Yekaterininskaya, Russia [harmonics-1997-05-25_mod.txt]",Flach behalten,,,,,,,2.438,2.293,,offen (ohne Beleg)
harmonics_noaa_eutt.txt,"Kamenka, Mezen River, Russia",eutt-1791,Yekaterininskaya,bau (ohne Pruefstand),"Yekaterininskaya, Russia [harmonics-1997-05-25_mod.txt]",Flach behalten,,,,,,,1.391,1.308,,offen (ohne Beleg)
harmonics_noaa_eutt.txt,"Cape Konushin, Russia",eutt-1793,Yekaterininskaya,bau (ohne Pruefstand),"Yekaterininskaya, Russia [harmonics-1997-05-25_mod.txt]",Flach behalten,,,,,,,2.406,2.263,,offen (ohne Beleg)
harmonics_noaa_eutt.txt,"Litke Bank, Russia",eutt-1795,Yekaterininskaya,bau (ohne Pruefstand),"Yekaterininskaya, Russia [harmonics-1997-05-25_mod.txt]",Flach behalten,,,,,,,2.016,1.896,,offen (ohne Beleg)
harmonics_noaa_eutt.txt,"Kiya River entrance, Russia",eutt-1797,Yekaterininskaya,bau (ohne Pruefstand),"Yekaterininskaya, Russia [harmonics-1997-05-25_mod.txt]",Flach behalten,,,,,,,1.453,1.367,,offen (ohne Beleg)
harmonics_noaa_eutt.txt,"Tarkhanovo, Russia",eutt-1799,Yekaterininskaya,bau (ohne Pruefstand),"Yekaterininskaya, Russia [harmonics-1997-05-25_mod.txt]",Flach behalten,,,,,,,1.172,1.102,,offen (ohne Beleg)
harmonics_noaa_eutt.txt,"Cape Kanin, Russia",eutt-1801,Yekaterininskaya,bau (ohne Pruefstand),"Yekaterininskaya, Russia [harmonics-1997-05-25_mod.txt]",Flach behalten,,,,,,,1.031,0.97,,offen (ohne Beleg)
harmonics_noaa_eutt.txt,"Kambalnitsa River entrance, Russia",eutt-1803,Yekaterininskaya,bau (ohne Pruefstand),"Yekaterininskaya, Russia [harmonics-1997-05-25_mod.txt]",Flach behalten,,,,,,,1.0,0.941,,offen (ohne Beleg)
harmonics_noaa_eutt.txt,"Indiga River entrance, Russia",eutt-1805,Yekaterininskaya,bau (ohne Pruefstand),"Yekaterininskaya, Russia [harmonics-1997-05-25_mod.txt]",Flach behalten,,,,,,,0.844,0.794,,offen (ohne Beleg)
harmonics_noaa_eutt.txt,"Bugrino, Kolguyev Island, Russia",eutt-1807,Yekaterininskaya,bau (ohne Pruefstand),"Yekaterininskaya, Russia [harmonics-1997-05-25_mod.txt]",Flach behalten,,,,,,,0.5,0.47,,offen (ohne Beleg)
harmonics_noaa_eutt.txt,"Russki Zavorot, Russia",eutt-1809,Yekaterininskaya,bau (ohne Pruefstand),"Yekaterininskaya, Russia [harmonics-1997-05-25_mod.txt]",Flach behalten,,,,,,,0.328,0.309,,offen (ohne Beleg)
harmonics_noaa_eutt.txt,"Gulyayevskiye Koshki, Russia",eutt-1811,Yekaterininskaya,bau (ohne Pruefstand),"Yekaterininskaya, Russia [harmonics-1997-05-25_mod.txt]",Flach behalten,,,,,,,0.328,0.309,,offen (ohne Beleg)
harmonics_noaa_eutt.txt,"Pyechora River bar, Russia",eutt-1813,Yekaterininskaya,bau (ohne Pruefstand),"Yekaterininskaya, Russia [harmonics-1997-05-25_mod.txt]",Flach behalten,,,,,,,0.328,0.309,,offen (ohne Beleg)
harmonics_noaa_eutt.txt,"Cape Bolvanski, Russia",eutt-1815,Yekaterininskaya,bau (ohne Pruefstand),"Yekaterininskaya, Russia [harmonics-1997-05-25_mod.txt]",Flach behalten,,,,,,,0.328,0.309,,offen (ohne Beleg)
harmonics_noaa_eutt.txt,"Zyelyony I., Pyechora River mouth, Russia",eutt-1817,Yekaterininskaya,bau (ohne Pruefstand),"Yekaterininskaya, Russia [harmonics-1997-05-25_mod.txt]",Flach behalten,,,,,,,0.266,0.25,,offen (ohne Beleg)
harmonics_noaa_eutt.txt,"Varandei Island, Russia",eutt-1819,Yekaterininskaya,bau (ohne Pruefstand),"Yekaterininskaya, Russia [harmonics-1997-05-25_mod.txt]",Flach behalten,,,,,,,0.328,0.309,,offen (ohne Beleg)
harmonics_noaa_eutt.txt,"Dolgoi Island, Russia",eutt-1821,Yekaterininskaya,bau (ohne Pruefstand),"Yekaterininskaya, Russia [harmonics-1997-05-25_mod.txt]",Flach behalten,,,,,,,0.328,0.309,,offen (ohne Beleg)
harmonics_noaa_eutt.txt,"Lyamchin Cape, Vaygach Island, Russia",eutt-1823,Yekaterininskaya,bau (ohne Pruefstand),"Yekaterininskaya, Russia [harmonics-1997-05-25_mod.txt]",Flach behalten,,,,,,,0.188,0.176,,offen (ohne Beleg)
harmonics_noaa_eutt.txt,"Petukhovski Strait, Russia",eutt-1825,Yekaterininskaya,bau (ohne Pruefstand),"Yekaterininskaya, Russia [harmonics-1997-05-25_mod.txt]",Flach behalten,,,,,,,0.234,0.22,,offen (ohne Beleg)
harmonics_noaa_eutt.txt,"Rakhmanova Inlet, Sakhanikha Bay, Russia",eutt-1827,Yekaterininskaya,bau (ohne Pruefstand),"Yekaterininskaya, Russia [harmonics-1997-05-25_mod.txt]",Flach behalten,,,,,,,0.141,0.132,,offen (ohne Beleg)
harmonics_noaa_eutt.txt,"Propashchaya Inlet, Russia",eutt-1829,Yekaterininskaya,bau (ohne Pruefstand),"Yekaterininskaya, Russia [harmonics-1997-05-25_mod.txt]",Flach behalten,,,,,,,0.125,0.118,,offen (ohne Beleg)
harmonics_noaa_eutt.txt,"Nekhvatovo River, Russia",eutt-1831,Yekaterininskaya,bau (ohne Pruefstand),"Yekaterininskaya, Russia [harmonics-1997-05-25_mod.txt]",Flach behalten,,,,,,,0.094,0.088,,offen (ohne Beleg)
harmonics_noaa_eutt.txt,"Byelushya Bay, Russia",eutt-1833,Yekaterininskaya,bau (ohne Pruefstand),"Yekaterininskaya, Russia [harmonics-1997-05-25_mod.txt]",Flach behalten,,,,,,,0.156,0.147,,offen (ohne Beleg)
harmonics_noaa_eutt.txt,"Malyye Karmakuly, Moller Bay, Russia",eutt-1835,Yekaterininskaya,bau (ohne Pruefstand),"Yekaterininskaya, Russia [harmonics-1997-05-25_mod.txt]",Flach behalten,,,,,,,0.25,0.235,,offen (ohne Beleg)
harmonics_noaa_eutt.txt,"Pukhovy Bay, Russia",eutt-1837,Yekaterininskaya,bau (ohne Pruefstand),"Yekaterininskaya, Russia [harmonics-1997-05-25_mod.txt]",Flach behalten,,,,,,,0.328,0.309,,offen (ohne Beleg)
harmonics_noaa_eutt.txt,"Matochkin Strait, west entrance, Russia",eutt-1839,Yekaterininskaya,bau (ohne Pruefstand),"Yekaterininskaya, Russia [harmonics-1997-05-25_mod.txt]",Flach behalten,,,,,,,0.391,0.367,,offen (ohne Beleg)
harmonics_noaa_eutt.txt,"Lagernyy, Matochkin Strait, Russia",eutt-1841,Yekaterininskaya,bau (ohne Pruefstand),"Yekaterininskaya, Russia [harmonics-1997-05-25_mod.txt]",Flach behalten,,,,,,,0.25,0.235,,offen (ohne Beleg)
harmonics_noaa_eutt.txt,"Uzki Point, Matochkin Strait, Russia",eutt-1843,Yekaterininskaya,bau (ohne Pruefstand),"Yekaterininskaya, Russia [harmonics-1997-05-25_mod.txt]",Flach behalten,,,,,,,0.156,0.147,,offen (ohne Beleg)
harmonics_noaa_eutt.txt,"Mityushikha Bay, Russia",eutt-1847,Yekaterininskaya,bau (ohne Pruefstand),"Yekaterininskaya, Russia [harmonics-1997-05-25_mod.txt]",Flach behalten,,,,,,,0.328,0.309,,offen (ohne Beleg)
harmonics_noaa_eutt.txt,"Krestovaya Bay, Russia",eutt-1849,Yekaterininskaya,bau (ohne Pruefstand),"Yekaterininskaya, Russia [harmonics-1997-05-25_mod.txt]",Flach behalten,,,,,,,0.25,0.235,,offen (ohne Beleg)
harmonics_noaa_eutt.txt,"Gorbovi Islands, Russia",eutt-1851,Yekaterininskaya,bau (ohne Pruefstand),"Yekaterininskaya, Russia [harmonics-1997-05-25_mod.txt]",Flach behalten,,,,,,,0.266,0.25,,offen (ohne Beleg)
harmonics_noaa_eutt.txt,"Cape Zhelaniya, Russia",eutt-1857,Yekaterininskaya,bau (ohne Pruefstand),"Yekaterininskaya, Russia [harmonics-1997-05-25_mod.txt]",Flach behalten,,,,,,,0.219,0.206,,offen (ohne Beleg)
harmonics_noaa_eutt.txt,"Blagopoluchiya Bay, Russia",eutt-1859,Yekaterininskaya,bau (ohne Pruefstand),"Yekaterininskaya, Russia [harmonics-1997-05-25_mod.txt]",Flach behalten,,,,,,,0.188,0.176,,offen (ohne Beleg)
harmonics_noaa_eutt.txt,"Kamenka Bay, Russia",eutt-1861,Yekaterininskaya,bau (ohne Pruefstand),"Yekaterininskaya, Russia [harmonics-1997-05-25_mod.txt]",Flach behalten,,,,,,,0.234,0.22,,offen (ohne Beleg)
harmonics_noaa_eutt.txt,"Bolshoi Loginov Island, Russia",eutt-1863,Yekaterininskaya,bau (ohne Pruefstand),"Yekaterininskaya, Russia [harmonics-1997-05-25_mod.txt]",Flach behalten,,,,,,,0.234,0.22,,offen (ohne Beleg)
harmonics_noaa_eutt.txt,"Kusova Zemlya Island, Russia",eutt-1865,Yekaterininskaya,bau (ohne Pruefstand),"Yekaterininskaya, Russia [harmonics-1997-05-25_mod.txt]",Flach behalten,,,,,,,0.203,0.191,,offen (ohne Beleg)
harmonics_noaa_eutt.txt,"Bolvanski Point, Vaigach Island, Russia",eutt-1867,Yekaterininskaya,bau (ohne Pruefstand),"Yekaterininskaya, Russia [harmonics-1997-05-25_mod.txt]",Flach behalten,,,,,,,0.25,0.235,,offen (ohne Beleg)
harmonics_noaa_eutt.txt,"Bolshaya Voronov I., Vaigach Island, Russia",eutt-1869,Yekaterininskaya,bau (ohne Pruefstand),"Yekaterininskaya, Russia [harmonics-1997-05-25_mod.txt]",Flach behalten,,,,,,,0.188,0.176,,offen (ohne Beleg)
harmonics_noaa_eutt.txt,"Dolgaya Bay, Vaigach Island, Russia",eutt-1871,Yekaterininskaya,bau (ohne Pruefstand),"Yekaterininskaya, Russia [harmonics-1997-05-25_mod.txt]",Flach behalten,,,,,,,0.188,0.176,,offen (ohne Beleg)
harmonics_noaa_eutt.txt,"Varneka Bay, Russia",eutt-1873,Yekaterininskaya,bau (ohne Pruefstand),"Yekaterininskaya, Russia [harmonics-1997-05-25_mod.txt]",Flach behalten,,,,,,,0.25,0.235,,offen (ohne Beleg)
harmonics_noaa_eutt.txt,"Khabarovo, Russia",eutt-1875,Yekaterininskaya,bau (ohne Pruefstand),"Yekaterininskaya, Russia [harmonics-1997-05-25_mod.txt]",Flach behalten,,,,,,,0.219,0.206,,offen (ohne Beleg)
harmonics_noaa_eutt.txt,"Sokoli Island, Russia",eutt-1877,Yekaterininskaya,bau (ohne Pruefstand),"Yekaterininskaya, Russia [harmonics-1997-05-25_mod.txt]",Flach behalten,,,,,,,0.219,0.206,,offen (ohne Beleg)
harmonics_noaa_eutt.txt,"Mestnyy Island, Russia",eutt-1879,Yekaterininskaya,bau (ohne Pruefstand),"Yekaterininskaya, Russia [harmonics-1997-05-25_mod.txt]",Flach behalten,,,,,,,0.234,0.22,,offen (ohne Beleg)
harmonics_noaa_eutt.txt,"Karskaya Bay, Russia",eutt-1881,Yekaterininskaya,bau (ohne Pruefstand),"Yekaterininskaya, Russia [harmonics-1997-05-25_mod.txt]",Flach behalten,,,,,,,0.219,0.206,,offen (ohne Beleg)
harmonics_noaa_eutt.txt,"Cape Morrasale, Russia",eutt-1883,Yekaterininskaya,bau (ohne Pruefstand),"Yekaterininskaya, Russia [harmonics-1997-05-25_mod.txt]",Flach behalten,,,,,,,0.156,0.147,,offen (ohne Beleg)
harmonics_noaa_eutt.txt,"Payndte River mouth, Russia",eutt-1885,Yekaterininskaya,bau (ohne Pruefstand),"Yekaterininskaya, Russia [harmonics-1997-05-25_mod.txt]",Flach behalten,,,,,,,0.188,0.176,,offen (ohne Beleg)
harmonics_noaa_eutt.txt,"Cape Ragozina, Belyy Island, Russia",eutt-1887,Yekaterininskaya,bau (ohne Pruefstand),"Yekaterininskaya, Russia [harmonics-1997-05-25_mod.txt]",Flach behalten,,,,,,,0.281,0.265,,offen (ohne Beleg)
harmonics_noaa_eutt.txt,"Cape Drovyanoy, Yamal Peninsula, Russia",eutt-1889,Yekaterininskaya,bau (ohne Pruefstand),"Yekaterininskaya, Russia [harmonics-1997-05-25_mod.txt]",Flach behalten,,,,,,,0.594,0.558,,offen (ohne Beleg)
harmonics_noaa_eutt.txt,"Sabule-Yaga River mouth, Russia",eutt-1891,Yekaterininskaya,bau,"Yekaterininskaya, Russia [harmonics-1997-05-25_mod.txt]",Flach behalten,26.38,6.65,,,,,0.344,0.323,Wahrheit ok,schreiben
harmonics_noaa_eutt.txt,"Sabu-to River mouth, Russia",eutt-1893,Yekaterininskaya,bau (ohne Pruefstand),"Yekaterininskaya, Russia [harmonics-1997-05-25_mod.txt]",Flach behalten,,,,,,,0.203,0.191,Gruppe lokal n=2 -19.00 Punkte,schreiben (Gruppenbeleg lokal)
harmonics_noaa_eutt.txt,"Cape Kharse, Obskaya Gulf, Russia",eutt-1895,Yekaterininskaya,bau (ohne Pruefstand),"Yekaterininskaya, Russia [harmonics-1997-05-25_mod.txt]",Flach behalten,,,,,,,0.266,0.25,Gruppe lokal n=2 -19.00 Punkte,schreiben (Gruppenbeleg lokal)
harmonics_noaa_eutt.txt,"Khampyl-Yaga River mouth, Russia",eutt-1897,Yekaterininskaya,bau,"Yekaterininskaya, Russia [harmonics-1997-05-25_mod.txt]",Flach behalten,,,,,,,0.156,0.147,,offen (ohne Beleg)
harmonics_noaa_eutt.txt,"Cape Kamenni, Obskaya Gulf, Russia",eutt-1899,Yekaterininskaya,bau,"Yekaterininskaya, Russia [harmonics-1997-05-25_mod.txt]",Flach behalten,30.48,12.21,,,,,0.203,0.191,Wahrheit ok,schreiben
harmonics_noaa_eutt.txt,"Novyy Port, Obskaya Gulf, Russia",eutt-1901,Yekaterininskaya,bau,"Yekaterininskaya, Russia [harmonics-1997-05-25_mod.txt]",Flach behalten,,,,,,,0.203,0.191,,offen (ohne Beleg)
harmonics_noaa_eutt.txt,"Cape Yamsale, Russia",eutt-1903,Yekaterininskaya,bau,"Yekaterininskaya, Russia [harmonics-1997-05-25_mod.txt]",Flach behalten,,,,,,,0.109,0.103,,offen (ohne Beleg)
harmonics_noaa_eutt.txt,"Shirokaya River mouth, Russia",eutt-1905,Yekaterininskaya,bau (ohne Pruefstand),"Yekaterininskaya, Russia [harmonics-1997-05-25_mod.txt]",Flach behalten,,,,,,,0.203,0.191,,offen (ohne Beleg)
harmonics_noaa_eutt.txt,"Oleniy Island, Russia",eutt-1909,Yekaterininskaya,bau,"Yekaterininskaya, Russia [harmonics-1997-05-25_mod.txt]",Flach behalten,,,,,,,0.234,0.22,,offen (ohne Beleg)
harmonics_noaa_eutt.txt,"Cape Daleki, Russia",eutt-1911,Yekaterininskaya,bau,"Yekaterininskaya, Russia [harmonics-1997-05-25_mod.txt]",Flach behalten,,,,,,,0.281,0.265,,offen (ohne Beleg)
harmonics_noaa_eutt.txt,"Cape Minina, Russia",eutt-1913,Yekaterininskaya,bau,"Yekaterininskaya, Russia [harmonics-1997-05-25_mod.txt]",Flach behalten,,,,,,,0.219,0.206,,offen (ohne Beleg)
harmonics_noaa_eutt.txt,"Cape Chernyy, Russia",eutt-1915,Yekaterininskaya,bau,"Yekaterininskaya, Russia [harmonics-1997-05-25_mod.txt]",Flach behalten,,,,,,,0.172,0.162,,offen (ohne Beleg)
harmonics_noaa_eutt.txt,"Cape Leskina, Russia",eutt-1917,Yekaterininskaya,bau,"Yekaterininskaya, Russia [harmonics-1997-05-25_mod.txt]",Flach behalten,,,,,,,0.125,0.118,,offen (ohne Beleg)
harmonics_noaa_eutt.txt,"Korsakovskiye Islands, Russia",eutt-1919,Yekaterininskaya,bau (ohne Pruefstand),"Yekaterininskaya, Russia [harmonics-1997-05-25_mod.txt]",Flach behalten,,,,,,,0.156,0.147,,offen (ohne Beleg)
harmonics_noaa_eutt.txt,"Olginski Sand, Yenisey River, Russia",eutt-1921,Yekaterininskaya,bau (ohne Pruefstand),"Yekaterininskaya, Russia [harmonics-1997-05-25_mod.txt]",Flach behalten,,,,,,,0.266,0.25,,offen (ohne Beleg)
harmonics_noaa_eutt.txt,"Cape Sopochnaya Korga, Yenisey Gulf, Russia",eutt-1923,Yekaterininskaya,bau (ohne Pruefstand),"Yekaterininskaya, Russia [harmonics-1997-05-25_mod.txt]",Flach behalten,,,,,,,0.203,0.191,,offen (ohne Beleg)
harmonics_noaa_eutt.txt,"Golchikha, Yenisey River, Russia",eutt-1925,Yekaterininskaya,bau (ohne Pruefstand),"Yekaterininskaya, Russia [harmonics-1997-05-25_mod.txt]",Flach behalten,,,,,,,0.125,0.118,,offen (ohne Beleg)
harmonics_noaa_eutt.txt,"Nasonovski Island, Yenisey River, Russia",eutt-1927,Yekaterininskaya,bau (ohne Pruefstand),"Yekaterininskaya, Russia [harmonics-1997-05-25_mod.txt]",Flach behalten,,,,,6.7,6.94,0.109,0.103,Nachbarn ok,schreiben
harmonics_noaa_eutt.txt,"Cape Efremov-Kamen, Russia",eutt-1929,Yekaterininskaya,bau (ohne Pruefstand),"Yekaterininskaya, Russia [harmonics-1997-05-25_mod.txt]",Flach behalten,,,,,,,0.094,0.088,,offen (ohne Beleg)
harmonics_noaa_eutt.txt,"Rastorguyeva Island, Russia",eutt-1933,Yekaterininskaya,bau (ohne Pruefstand),"Yekaterininskaya, Russia [harmonics-1997-05-25_mod.txt]",Flach behalten,,,,,,,0.141,0.132,,offen (ohne Beleg)
harmonics_noaa_eutt.txt,"Cape Zveroboi, Russia",eutt-1935,Yekaterininskaya,bau (ohne Pruefstand),"Yekaterininskaya, Russia [harmonics-1997-05-25_mod.txt]",Flach behalten,,,,,,,0.156,0.147,,offen (ohne Beleg)
harmonics_noaa_eutt.txt,"Pyasina River entrance, Russia",eutt-1937,Yekaterininskaya,bau (ohne Pruefstand),"Yekaterininskaya, Russia [harmonics-1997-05-25_mod.txt]",Flach behalten,,,,,,,0.156,0.147,,offen (ohne Beleg)
harmonics_noaa_eutt.txt,"Rybnyye Islands, Russia",eutt-1939,Yekaterininskaya,bau (ohne Pruefstand),"Yekaterininskaya, Russia [harmonics-1997-05-25_mod.txt]",Flach behalten,,,,,,,0.125,0.118,,offen (ohne Beleg)
harmonics_noaa_eutt.txt,"Sev. (North) Plavikovy Island, Russia",eutt-1941,Yekaterininskaya,bau (ohne Pruefstand),"Yekaterininskaya, Russia [harmonics-1997-05-25_mod.txt]",Flach behalten,,,,,,,0.094,0.088,,offen (ohne Beleg)
harmonics_noaa_eutt.txt,"Cape Sterlegova, Russia",eutt-1943,Yekaterininskaya,bau (ohne Pruefstand),"Yekaterininskaya, Russia [harmonics-1997-05-25_mod.txt]",Flach behalten,,,,,,,0.109,0.103,,offen (ohne Beleg)
harmonics_noaa_eutt.txt,"Uyedineniya Island, Russia",eutt-1949,Yekaterininskaya,bau (ohne Pruefstand),"Yekaterininskaya, Russia [harmonics-1997-05-25_mod.txt]",Flach behalten,,,,,,,0.109,0.103,,offen (ohne Beleg)
harmonics_noaa_eutt.txt,"Vize Island, Russia",eutt-1951,Yekaterininskaya,bau (ohne Pruefstand),"Yekaterininskaya, Russia [harmonics-1997-05-25_mod.txt]",Flach behalten,,,,,,,0.141,0.132,,offen (ohne Beleg)
harmonics_noaa_eutt.txt,"Cape Flora, Russia",eutt-1953,Yekaterininskaya,bau,"Yekaterininskaya, Russia [harmonics-1997-05-25_mod.txt]",Flach behalten,40.67,39.59,,,,,0.156,0.147,Wahrheit ok,schreiben
harmonics_noaa_eutt.txt,"Teplitts Bay, Russia",eutt-1955,Yekaterininskaya,bau,"Yekaterininskaya, Russia [harmonics-1997-05-25_mod.txt]",Flach behalten,44.76,43.15,,,,,0.172,0.162,Wahrheit ok,schreiben
harmonics_noaa_eutt.txt,"Bear Island, Barents Sea, Svalbard",eutt-1957,Bergen,bau (ohne Pruefstand),"Bergen, Norway [harmonics_ticon4_worldwide.txt]",Flach behalten,,,,,,,0.37,0.333,,offen (ohne Beleg)
harmonics_noaa_eutt.txt,"Advent Bay, Vestspitsbergen, Norway",eutt-1959,Bergen,bau (ohne Pruefstand),"Bergen, Norway [harmonics_ticon4_worldwide.txt]",Flach behalten,,,,,2.87,3.15,0.524,0.472,Nachbarn ok,schreiben
harmonics_noaa_eutt.txt,"Magdalenefjord, Vestspitsbergen, Svalbard",eutt-1961,Bergen,bau (ohne Pruefstand),"Bergen, Norway [harmonics_ticon4_worldwide.txt]",Flach behalten,,,,,,,0.401,0.361,,offen (ohne Beleg)
harmonics_noaa_eutt.txt,"Sorgfjord, Vestspitsbergen, Svalbard",eutt-1963,Bergen,bau (ohne Pruefstand),"Bergen, Norway [harmonics_ticon4_worldwide.txt]",Flach behalten,,,,,,,0.293,0.264,,offen (ohne Beleg)
harmonics_noaa_amtt.txt,"Princess Royal Islands, Northwest Territories, Canada",ectt-1,Hampton Roads,bau (ohne Pruefstand),"Hampton Roads, Virginia [harmonics-2004-06-14_mod.txt]",Flach behalten,,,,,,,0.368,0.334,,offen (ohne Beleg)
harmonics_noaa_amtt.txt,"Mercy Bay, Banks Island, Northwest Territories, Canada",ectt-3,Hampton Roads,bau (ohne Pruefstand),"Hampton Roads, Virginia [harmonics-2004-06-14_mod.txt]",Flach behalten,,,,,,,0.256,0.232,,offen (ohne Beleg)
harmonics_noaa_amtt.txt,"Winter Harbour, Melville Island, Northwest Territories, Canada",ectt-5,Hampton Roads,bau,"Hampton Roads, Virginia [harmonics-2004-06-14_mod.txt]",Flach behalten,9.35,9.8,,,,,0.4,0.363,Wahrheit schlechter,behalten (Beleg schlechter)
harmonics_noaa_amtt.txt,"Bridport Inlet, Melville Island, Nunavut, Canada",ectt-7,Hampton Roads,bau (ohne Pruefstand),"Hampton Roads, Virginia [harmonics-2004-06-14_mod.txt]",Flach behalten,,,,,,,0.448,0.406,,offen (ohne Beleg)
harmonics_noaa_amtt.txt,"Byam Martin Island, Nunavut, Canada",ectt-9,Hampton Roads,bau (ohne Pruefstand),"Hampton Roads, Virginia [harmonics-2004-06-14_mod.txt]",Flach behalten,,,,,,,0.448,0.406,,offen (ohne Beleg)
harmonics_noaa_amtt.txt,"Igloolik, Fury and Hecla Strait, Nunavut, Canada",ectt-13,Harrington Harbour,bau (ohne Pruefstand),"Harrington Harbour, Québec, Canada [harmonics_utide_tidetables.txt]",Flach behalten,,,,,5.05,5.15,0.71,0.642,Nachbarn ok,schreiben
harmonics_noaa_amtt.txt,"Port Bowen, Prince Regent Inlet, Nunavut, Canada",ectt-19,Harrington Harbour,bau (ohne Pruefstand),"Harrington Harbour, Québec, Canada [harmonics_utide_tidetables.txt]",Flach behalten,,,,,,,0.525,0.475,,offen (ohne Beleg)
harmonics_noaa_amtt.txt,"Port Leopold, Prince Regent Inlet, Nunavut, Canada",ectt-21,Harrington Harbour,bau,"Harrington Harbour, Québec, Canada [harmonics_utide_tidetables.txt]",Flach behalten,4.77,4.23,14.1,12.8,,,0.71,0.642,"Wahrheit ok, Pegel ok",schreiben
harmonics_noaa_amtt.txt,"Assistance Bay, Barrow Strait, Nunavut, Canada",ectt-25,Harrington Harbour,bau,"Harrington Harbour, Québec, Canada [harmonics_utide_tidetables.txt]",Flach behalten,,,,,,,0.479,0.433,,offen (ohne Beleg)
harmonics_noaa_amtt.txt,"Griffith Island, Barrow Strait, Nunavut, Canada",ectt-27,Harrington Harbour,bau (ohne Pruefstand),"Harrington Harbour, Québec, Canada [harmonics_utide_tidetables.txt]",Flach behalten,,,,,,,0.463,0.419,,offen (ohne Beleg)
harmonics_noaa_amtt.txt,"Refuge Cove, Wellington Channel, Nunavut, Canada",ectt-29,Harrington Harbour,bau (ohne Pruefstand),"Harrington Harbour, Québec, Canada [harmonics_utide_tidetables.txt]",Flach behalten,,,,,,,0.648,0.586,,offen (ohne Beleg)
harmonics_noaa_amtt.txt,"Penny Strait, Nunavut, Canada",ectt-31,Harrington Harbour,bau (ohne Pruefstand),"Harrington Harbour, Québec, Canada [harmonics_utide_tidetables.txt]",Flach behalten,,,,,,,0.232,0.209,,offen (ohne Beleg)
harmonics_noaa_amtt.txt,"Cape Sheridan, Lincoln Sea, Nunavut, Canada",ectt-37,Hampton Roads,bau,"Hampton Roads, Virginia [harmonics-2004-06-14_mod.txt]",Flach behalten,12.11,11.23,,,,,0.288,0.261,Wahrheit ok,schreiben
harmonics_noaa_amtt.txt,"Cape Bryant, North Greenland, Greenland",ectt-39,Hampton Roads,bau (ohne Pruefstand),"Hampton Roads, Virginia [harmonics-2004-06-14_mod.txt]",Flach behalten,,,,,,,0.176,0.16,,offen (ohne Beleg)
harmonics_noaa_amtt.txt,"Danmarks Havn, Greenland",ectt-43,Harrington Harbour,bau,"Harrington Harbour, Québec, Canada [harmonics_utide_tidetables.txt]",Flach behalten,10.12,9.55,,,,,0.556,0.503,Wahrheit ok,schreiben
harmonics_noaa_amtt.txt,"Cape Borgen, Greenland",ectt-45,Harrington Harbour,bau,"Harrington Harbour, Québec, Canada [harmonics_utide_tidetables.txt]",Flach behalten,,,,,,,0.463,0.419,Gruppe lokal n=2 -0.48 Punkte,schreiben (Gruppenbeleg lokal)
harmonics_noaa_amtt.txt,"Lille Pendulum, Greenland",ectt-47,Harrington Harbour,bau (ohne Pruefstand),"Harrington Harbour, Québec, Canada [harmonics_utide_tidetables.txt]",Flach behalten,,,,,,,0.463,0.419,Gruppe lokal n=2 -0.48 Punkte,schreiben (Gruppenbeleg lokal)
harmonics_noaa_amtt.txt,"Finsch Islands, Greenland",ectt-49,Harrington Harbour,bau,"Harrington Harbour, Québec, Canada [harmonics_utide_tidetables.txt]",Flach behalten,8.5,8.11,,,,,0.494,0.447,Wahrheit ok,schreiben
harmonics_noaa_amtt.txt,"Myggbukta, Foster Bay, Greenland",ectt-51,Harrington Harbour,bau,"Harrington Harbour, Québec, Canada [harmonics_utide_tidetables.txt]",Flach behalten,,,,,,,0.525,0.475,,offen (ohne Beleg)
harmonics_noaa_amtt.txt,"Blomsterbugten, Greenland",ectt-53,Harrington Harbour,bau (ohne Pruefstand),"Harrington Harbour, Québec, Canada [harmonics_utide_tidetables.txt]",Flach behalten,,,,,,,0.571,0.517,,offen (ohne Beleg)
harmonics_noaa_amtt.txt,"Angmagssalik (Kulusuk), Greenland",ectt-57,Harrington Harbour,bau (ohne Pruefstand),"Harrington Harbour, Québec, Canada [harmonics_utide_tidetables.txt]",Flach behalten,,,,,,,1.004,0.907,,offen (ohne Beleg)
harmonics_noaa_amtt.txt,"Finnsbu, Greenland",ectt-59,Argentia,bau,"Argentia, Newfoundland, Canada [harmonics_utide_tidetables.txt]",Flach behalten,3.99,4.22,,,,,0.961,0.862,Wahrheit ok,schreiben
harmonics_noaa_amtt.txt,"Kap Farvel, Greenland",ectt-61,Argentia,bau (ohne Pruefstand),"Argentia, Newfoundland, Canada [harmonics_utide_tidetables.txt]",Flach behalten,,,,,,,0.945,0.848,Gruppe lokal n=2 -0.07 Punkte,schreiben (Gruppenbeleg lokal)
harmonics_noaa_amtt.txt,"Frederiksdal, Greenland",ectt-63,Argentia,bau,"Argentia, Newfoundland, Canada [harmonics_utide_tidetables.txt]",Flach behalten,,,,,,,1.118,1.003,Gruppe lokal n=2 -0.07 Punkte,schreiben (Gruppenbeleg lokal)
harmonics_noaa_amtt.txt,"Nanortalik, Greenland",ectt-65,Argentia,bau,"Argentia, Newfoundland, Canada [harmonics_utide_tidetables.txt]",Flach behalten,6.97,6.58,,,,,0.992,0.89,Wahrheit ok,schreiben
harmonics_noaa_amtt.txt,"Julianehaab, Greenland",ectt-67,Argentia,bau,"Argentia, Newfoundland, Canada [harmonics_utide_tidetables.txt]",Flach behalten,3.23,3.48,,,,,0.961,0.862,Wahrheit ok,schreiben
harmonics_noaa_amtt.txt,"Narsarssuaq, Greenland",ectt-69,Argentia,bau,"Argentia, Newfoundland, Canada [harmonics_utide_tidetables.txt]",Flach behalten,,,,,,,1.039,0.933,Gruppe lokal n=2 -0.07 Punkte,schreiben (Gruppenbeleg lokal)
harmonics_noaa_amtt.txt,"Ivigtut, Arsuk Fjord, Greenland",ectt-71,Argentia,bau,"Argentia, Newfoundland, Canada [harmonics_utide_tidetables.txt]",Flach behalten,,,,,,,1.024,0.918,Gruppe lokal n=2 -0.07 Punkte,schreiben (Gruppenbeleg lokal)
harmonics_noaa_amtt.txt,"Frederikshaab, Greenland",ectt-73,Argentia,bau,"Argentia, Newfoundland, Canada [harmonics_utide_tidetables.txt]",Flach behalten,,,,,,,1.339,1.201,Gruppe lokal n=2 +0.25 Punkte,behalten (Gruppe lokal schlechter)
harmonics_noaa_amtt.txt,"Godthaab, Greenland",ectt-75,Argentia,bau,"Argentia, Newfoundland, Canada [harmonics_utide_tidetables.txt]",Flach behalten,3.47,3.73,,,,,1.543,1.385,Wahrheit ok,schreiben
harmonics_noaa_amtt.txt,"Fishmaster's Harbour, Søndre Strømfjord, Greenland",ectt-77,Argentia,bau,"Argentia, Newfoundland, Canada [harmonics_utide_tidetables.txt]",Flach behalten,,,,,,,1.354,1.215,Gruppe lokal n=2 +0.10 Punkte,behalten (Gruppe lokal schlechter)
harmonics_noaa_amtt.txt,"Camp Lloyd, Søndre Strømfjord, Greenland",ectt-79,Argentia,bau,"Argentia, Newfoundland, Canada [harmonics_utide_tidetables.txt]",Flach behalten,,,,,,,1.212,1.088,,offen (ohne Beleg)
harmonics_noaa_amtt.txt,"Holsteinsborg, Greenland",ectt-81,Argentia,bau,"Argentia, Newfoundland, Canada [harmonics_utide_tidetables.txt]",Flach behalten,9.91,9.85,,,,,1.212,1.088,Wahrheit ok,schreiben
harmonics_noaa_amtt.txt,"Camp Michigan, Maligiak Fjord, Greenland",ectt-83,Argentia,bau,"Argentia, Newfoundland, Canada [harmonics_utide_tidetables.txt]",Flach behalten,,,,,,,1.244,1.116,,offen (ohne Beleg)
harmonics_noaa_amtt.txt,"Aningaq, Rifkol, Greenland",ectt-85,Harrington Harbour,bau,"Harrington Harbour, Québec, Canada [harmonics_utide_tidetables.txt]",Flach behalten,,,,,,,0.865,0.782,,offen (ohne Beleg)
harmonics_noaa_amtt.txt,"Nunarssuaq, Kronprinsens Ejlanden, Greenland",ectt-87,Harrington Harbour,bau,"Harrington Harbour, Québec, Canada [harmonics_utide_tidetables.txt]",Flach behalten,,,,,,,0.648,0.586,,offen (ohne Beleg)
harmonics_noaa_amtt.txt,"Godhavn, Disko Island, Greenland",ectt-89,Harrington Harbour,bau,"Harrington Harbour, Québec, Canada [harmonics_utide_tidetables.txt]",Flach behalten,5.0,4.9,,,,,0.664,0.6,Wahrheit ok,schreiben
harmonics_noaa_amtt.txt,"Ingnerit, Umanak Fjord, Greenland",ectt-91,Harrington Harbour,bau (ohne Pruefstand),"Harrington Harbour, Québec, Canada [harmonics_utide_tidetables.txt]",Flach behalten,,,,,,,0.51,0.461,,offen (ohne Beleg)
harmonics_noaa_amtt.txt,"North Star Bay, Wolstenholme Fjord, Greenland",ectt-93,Harrington Harbour,bau,"Harrington Harbour, Québec, Canada [harmonics_utide_tidetables.txt]",Flach behalten,6.78,6.55,,,,,0.834,0.754,Wahrheit ok,schreiben
harmonics_noaa_amtt.txt,"Port Foulke, Greenland",ectt-95,Harrington Harbour,bau,"Harrington Harbour, Québec, Canada [harmonics_utide_tidetables.txt]",Flach behalten,13.47,12.3,,,,,1.22,1.103,Wahrheit ok,schreiben
harmonics_noaa_amtt.txt,"Rensselaer Bugt, Greenland",ectt-97,Harrington Harbour,bau,"Harrington Harbour, Québec, Canada [harmonics_utide_tidetables.txt]",Flach behalten,6.59,5.28,,,,,1.22,1.103,Wahrheit ok,schreiben
harmonics_noaa_amtt.txt,"Thank God Harbor, Polaris Bugt, Greenland",ectt-99,Harrington Harbour,bau,"Harrington Harbour, Québec, Canada [harmonics_utide_tidetables.txt]",Flach behalten,11.26,10.23,,,,,0.602,0.544,Wahrheit ok,schreiben
harmonics_noaa_amtt.txt,"Payer Harbour, Cape Sabine, Nunavut, Canada",ectt-105,Halifax,bau (ohne Pruefstand),"Halifax, Nova Scotia, Canada [harmonics_utide_tidetables.txt]",Flach behalten,,,,,,,1.11,0.983,,offen (ohne Beleg)
harmonics_noaa_amtt.txt,"Cape Adair, Nunavut, Canada",ectt-107,Halifax,bau (ohne Pruefstand),"Halifax, Nova Scotia, Canada [harmonics_utide_tidetables.txt]",Flach behalten,,,,,,,0.952,0.842,,offen (ohne Beleg)
harmonics_noaa_amtt.txt,"Cape Hewett, Nunavut, Canada",ectt-109,Halifax,bau (ohne Pruefstand),"Halifax, Nova Scotia, Canada [harmonics_utide_tidetables.txt]",Flach behalten,,,,,,,0.872,0.772,,offen (ohne Beleg)
harmonics_noaa_amtt.txt,"Cape Hooper, Baffin Island, Nunavut, Canada",ectt-111,Pictou,bau (ohne Pruefstand),"Pictou, Nova Scotia, Canada [harmonics_ticon4_worldwide.txt]",Flach behalten,,,,,,,0.242,0.21,,offen (ohne Beleg)
harmonics_noaa_amtt.txt,"Lower Savage Islands, Nunavut, Canada",ectt-125,Pictou,bau (ohne Pruefstand),"Pictou, Nova Scotia, Canada [harmonics_ticon4_worldwide.txt]",Flach behalten,,,,,,,2.664,2.307,,offen (ohne Beleg)
harmonics_noaa_amtt.txt,"Winter Island, Foxe Basin, Nunavut, Canada",ectt-131,Pictou,bau (ohne Pruefstand),"Pictou, Nova Scotia, Canada [harmonics_ticon4_worldwide.txt]",Flach behalten,,,,,,,1.438,1.245,,offen (ohne Beleg)
harmonics_noaa_amtt.txt,"Port Nelson, Nelson River entrance, Manitoba, Canada",ectt-139,Quebec,bau (ohne Pruefstand),"Lauzon, Québec, Canada [harmonics_utide_tidetables.txt]",Flach behalten,,,,,7.12,7.5,1.719,1.547,Nachbarn schlechter,behalten (Beleg schlechter)
harmonics_noaa_amtt.txt,"Moose Factory, James Bay, Ontario, Canada",ectt-143,Quebec,bau (ohne Pruefstand),"Lauzon, Québec, Canada [harmonics_utide_tidetables.txt]",Flach behalten,,,,,12.66,13.77,0.598,0.538,Nachbarn schlechter,behalten (Beleg schlechter)
harmonics_noaa_amtt.txt,"Charlton Island, James Bay, Nunavut, Canada",ectt-145,Quebec,gewaehlt,"Saint-Romuald, Québec, Canada [harmonics_utide_tidetables.txt]",Flach weg,10.46,9.8,26.1,23.9,,,0.643,0.585,"Wahrheit ok, Pegel ok",schreiben
harmonics_noaa_amtt.txt,"Digges Harbour, Québec, Canada",ectt-147,Quebec,bau (ohne Pruefstand),"Lauzon, Québec, Canada [harmonics_utide_tidetables.txt]",Flach behalten,,,,,,,1.061,0.955,,offen (ohne Beleg)
harmonics_noaa_amtt.txt,"Wakeham Bay, Québec, Canada",ectt-151,Quebec,bau (ohne Pruefstand),"Lauzon, Québec, Canada [harmonics_utide_tidetables.txt]",Flach behalten,,,,,,,2.721,2.448,,offen (ohne Beleg)
harmonics_noaa_amtt.txt,"Leaf Bay, Ungava Bay, Québec, Canada",ectt-159,Quebec,bau (ohne Pruefstand),"Lauzon, Québec, Canada [harmonics_utide_tidetables.txt]",Flach behalten,,,,,,,4.186,3.765,,offen (ohne Beleg)
harmonics_noaa_amtt.txt,"Button Islands, Nunavut, Canada",ectt-167,Quebec,bau (ohne Pruefstand),"Lauzon, Québec, Canada [harmonics_utide_tidetables.txt]",Flach behalten,,,,,,,1.734,1.56,,offen (ohne Beleg)
harmonics_noaa_amtt.txt,"Eclipse Harbour, Labrador, Canada",ectt-171,Halifax,bau (ohne Pruefstand),"Halifax, Nova Scotia, Canada [harmonics_utide_tidetables.txt]",Flach behalten,,,,,,,0.476,0.421,,offen (ohne Beleg)
harmonics_noaa_amtt.txt,"Kangalaksiorvik Fiord, Labrador, Canada",ectt-173,Halifax,bau (ohne Pruefstand),"Halifax, Nova Scotia, Canada [harmonics_utide_tidetables.txt]",Flach behalten,,,,,,,0.523,0.463,,offen (ohne Beleg)
harmonics_noaa_amtt.txt,"Nachvak Bay, Labrador, Canada",ectt-175,Halifax,bau (ohne Pruefstand),"Halifax, Nova Scotia, Canada [harmonics_utide_tidetables.txt]",Flach behalten,,,,,,,0.634,0.561,,offen (ohne Beleg)
harmonics_noaa_amtt.txt,"Webeck Harbour, Labrador, Canada",ectt-185,Halifax,bau,"Halifax, Nova Scotia, Canada [harmonics_utide_tidetables.txt]",Flach behalten,,,,,,,0.619,0.547,,offen (ohne Beleg)
harmonics_noaa_amtt.txt,"Indian Harbour, Labrador, Canada",ectt-187,Halifax,bau,"Halifax, Nova Scotia, Canada [harmonics_utide_tidetables.txt]",Flach behalten,9.04,5.74,,,,,0.682,0.604,Wahrheit ok,schreiben
harmonics_noaa_amtt.txt,"Curlew Harbour, Labrador, Canada",ectt-197,Halifax,bau,"Halifax, Nova Scotia, Canada [harmonics_utide_tidetables.txt]",Flach behalten,,,,,,,0.587,0.519,,offen (ohne Beleg)
harmonics_noaa_amtt.txt,"Comfort Bight, Labrador, Canada",ectt-199,Halifax,bau,"Halifax, Nova Scotia, Canada [harmonics_utide_tidetables.txt]",Flach behalten,,,,,,,0.555,0.491,,offen (ohne Beleg)
harmonics_noaa_amtt.txt,"Forteau Bay, Labrador, Canada",ectt-211,Harrington Harbour,bau,"Harrington Harbour, Québec, Canada [harmonics_utide_tidetables.txt]",Flach behalten,,,,,,,0.448,0.405,,offen (ohne Beleg)
harmonics_noaa_amtt.txt,"Pistolet Bay, Newfoundland, Canada",ectt-213,Halifax,bau,"Halifax, Nova Scotia, Canada [harmonics_utide_tidetables.txt]",Flach behalten,,,,,,,0.381,0.337,,offen (ohne Beleg)
harmonics_noaa_amtt.txt,"Ariege Bay, Newfoundland, Canada",ectt-215,Halifax,bau,"Halifax, Nova Scotia, Canada [harmonics_utide_tidetables.txt]",Flach behalten,,,,,,,0.523,0.463,,offen (ohne Beleg)
harmonics_noaa_amtt.txt,"Wild Cove, Newfoundland, Canada",ectt-217,Halifax,bau,"Halifax, Nova Scotia, Canada [harmonics_utide_tidetables.txt]",Flach behalten,,,,,,,0.555,0.491,,offen (ohne Beleg)
harmonics_noaa_amtt.txt,"Sops Island, White Bay, Newfoundland, Canada",ectt-219,Halifax,bau (ohne Pruefstand),"Halifax, Nova Scotia, Canada [harmonics_utide_tidetables.txt]",Flach behalten,,,,,8.55,7.36,0.381,0.337,Nachbarn ok,schreiben
harmonics_noaa_amtt.txt,"Valleyfield, Newfoundland, Canada",ectt-225,Halifax,bau,"Halifax, Nova Scotia, Canada [harmonics_utide_tidetables.txt]",Flach behalten,8.96,7.81,,,,,0.349,0.309,Wahrheit ok,schreiben
harmonics_noaa_amtt.txt,"Random Head Harbour, Trinity Bay, Newfoundland, Canada",ectt-229,Halifax,bau,"Halifax, Nova Scotia, Canada [harmonics_utide_tidetables.txt]",Flach behalten,,,,,,,0.381,0.337,,offen (ohne Beleg)
harmonics_noaa_amtt.txt,"Trepassey Harbour, Newfoundland, Canada",ectt-235,Argentia,bau,"Argentia, Newfoundland, Canada [harmonics_utide_tidetables.txt]",Flach behalten,5.06,4.37,12.1,9.0,,,0.661,0.593,"Wahrheit ok, Pegel ok",schreiben
harmonics_noaa_amtt.txt,"Grande le Pierre Harbour, Newfoundland, Canada",ectt-249,Argentia,bau,"Argentia, Newfoundland, Canada [harmonics_utide_tidetables.txt]",Flach behalten,,,,,,,0.583,0.523,Gruppe lokal n=2 -0.08 Punkte,schreiben (Gruppenbeleg lokal)
harmonics_noaa_amtt.txt,"Great Jervis Harbour, Bay d'Espoir, Newfoundland, Canada",ectt-255,Argentia,bau,"Argentia, Newfoundland, Canada [harmonics_utide_tidetables.txt]",Flach behalten,4.93,5.46,10.9,11.1,,,0.583,0.523,"Wahrheit schlechter, Pegel ok",behalten (Beleg schlechter)
harmonics_noaa_amtt.txt,"Hare Bay, Newfoundland, Canada",ectt-257,Argentia,bau,"Argentia, Newfoundland, Canada [harmonics_utide_tidetables.txt]",Flach behalten,,,,,,,0.52,0.466,Gruppe lokal n=2 -0.08 Punkte,schreiben (Gruppenbeleg lokal)
harmonics_noaa_amtt.txt,"Grey River, Newfoundland, Canada",ectt-259,Argentia,bau,"Argentia, Newfoundland, Canada [harmonics_utide_tidetables.txt]",Flach behalten,,,,,,,0.488,0.438,Gruppe lokal n=2 -0.08 Punkte,schreiben (Gruppenbeleg lokal)
harmonics_noaa_amtt.txt,"Connoire Bay, Newfoundland, Canada",ectt-261,Argentia,bau,"Argentia, Newfoundland, Canada [harmonics_utide_tidetables.txt]",Flach behalten,,,,,,,0.457,0.41,,offen (ohne Beleg)
harmonics_noaa_amtt.txt,"Codroy Road, Newfoundland, Canada",ectt-267,Harrington Harbour,bau (ohne Pruefstand),"Harrington Harbour, Québec, Canada [harmonics_utide_tidetables.txt]",Flach behalten,,,,,,,0.432,0.391,,offen (ohne Beleg)
harmonics_noaa_amtt.txt,"Port-au-Port, Newfoundland, Canada",ectt-271,Harrington Harbour,bau (ohne Pruefstand),"Harrington Harbour, Québec, Canada [harmonics_utide_tidetables.txt]",Flach behalten,,,,,,,0.54,0.489,,offen (ohne Beleg)
harmonics_noaa_amtt.txt,"Frenchman's Cove, Bay of Islands, Newfoundland, Canada",ectt-273,Harrington Harbour,bau (ohne Pruefstand),"Harrington Harbour, Québec, Canada [harmonics_utide_tidetables.txt]",Flach behalten,,,,,,,0.51,0.461,Gruppe lokal n=2 -0.63 Punkte,schreiben (Gruppenbeleg lokal)
harmonics_noaa_amtt.txt,"Portland Cove, Newfoundland, Canada",ectt-277,Harrington Harbour,bau,"Harrington Harbour, Québec, Canada [harmonics_utide_tidetables.txt]",Flach behalten,,,,,,,0.556,0.503,,offen (ohne Beleg)
harmonics_noaa_amtt.txt,"Castors Harbour, St. John Bay, Newfoundland, Canada",ectt-281,Harrington Harbour,bau,"Harrington Harbour, Québec, Canada [harmonics_utide_tidetables.txt]",Flach behalten,,,,,,,0.463,0.419,,offen (ohne Beleg)
harmonics_noaa_amtt.txt,"Bradore Bay, Québec, Canada",ectt-285,Harrington Harbour,bau,"Harrington Harbour, Québec, Canada [harmonics_utide_tidetables.txt]",Flach behalten,2.79,1.98,,,,,0.51,0.461,Wahrheit ok,schreiben
harmonics_noaa_amtt.txt,"Mistanoque Harbour, Québec, Canada",ectt-287,Harrington Harbour,bau,"Harrington Harbour, Québec, Canada [harmonics_utide_tidetables.txt]",Flach behalten,,,,,,,0.54,0.489,,offen (ohne Beleg)
harmonics_noaa_amtt.txt,"Wapitagun Harbour, Québec, Canada",ectt-291,Harrington Harbour,bau (ohne Pruefstand),"Harrington Harbour, Québec, Canada [harmonics_utide_tidetables.txt]",Flach behalten,,,,,,,0.525,0.475,Gruppe lokal n=2 -0.63 Punkte,schreiben (Gruppenbeleg lokal)
harmonics_noaa_amtt.txt,"Betchewun Harbour, Québec, Canada",ectt-297,Harrington Harbour,bau (ohne Pruefstand),"Harrington Harbour, Québec, Canada [harmonics_utide_tidetables.txt]",Flach behalten,,,,,,,0.54,0.489,,offen (ohne Beleg)
harmonics_noaa_amtt.txt,"Heath Point, Québec, Canada",ectt-303,Harrington Harbour,bau,"Harrington Harbour, Québec, Canada [harmonics_utide_tidetables.txt]",Flach behalten,19.93,19.49,,,,,0.355,0.321,Wahrheit ok,schreiben
harmonics_noaa_amtt.txt,"Moisie Bay, Québec, Canada",ectt-309,Harrington Harbour,bau (ohne Pruefstand),"Harrington Harbour, Québec, Canada [harmonics_utide_tidetables.txt]",Flach behalten,,,,,,,0.865,0.782,,offen (ohne Beleg)
harmonics_noaa_amtt.txt,"Cawee Islands, Québec, Canada",ectt-313,Harrington Harbour,bau (ohne Pruefstand),"Harrington Harbour, Québec, Canada [harmonics_utide_tidetables.txt]",Flach behalten,,,,,,,0.957,0.866,,offen (ohne Beleg)
harmonics_noaa_amtt.txt,"Cap Chat, Québec, Canada",ectt-317,Harrington Harbour,bau (ohne Pruefstand),"Harrington Harbour, Québec, Canada [harmonics_utide_tidetables.txt]",Flach behalten,,,,,6.96,6.02,1.081,0.977,Nachbarn ok,schreiben
harmonics_noaa_amtt.txt,"Pointe des Monts, Québec, Canada",ectt-319,Harrington Harbour,bau (ohne Pruefstand),"Harrington Harbour, Québec, Canada [harmonics_utide_tidetables.txt]",Flach behalten,,,,,,,1.127,1.019,,offen (ohne Beleg)
harmonics_noaa_amtt.txt,"Métis-sur-Mer, Québec, Canada",ectt-323,Harrington Harbour,bau (ohne Pruefstand),"Harrington Harbour, Québec, Canada [harmonics_utide_tidetables.txt]",Flach behalten,,,,,,,1.251,1.131,,offen (ohne Beleg)
harmonics_noaa_amtt.txt,"Betsiamites River, Québec, Canada",ectt-325,Quebec,bau (ohne Pruefstand),"Lauzon, Québec, Canada [harmonics_utide_tidetables.txt]",Flach behalten,,,,,,,1.271,1.143,Gruppe lokal n=2 +0.18 Punkte,behalten (Gruppe lokal schlechter)
harmonics_noaa_amtt.txt,"Brandypot Islands, Québec, Canada",ectt-335,Quebec,bau (ohne Pruefstand),"Lauzon, Québec, Canada [harmonics_utide_tidetables.txt]",Flach behalten,,,,,,,1.644,1.479,Gruppe lokal n=2 +0.18 Punkte,behalten (Gruppe lokal schlechter)
harmonics_noaa_amtt.txt,"Murray Bay, Québec, Canada",ectt-337,Quebec,bau,"Lauzon, Québec, Canada [harmonics_utide_tidetables.txt]",Flach behalten,,,,,9.8,10.71,1.764,1.587,Nachbarn schlechter,behalten (Beleg schlechter)
harmonics_noaa_amtt.txt,"Île aux Coudres, Québec, Canada",ectt-341,Quebec,bau,"Lauzon, Québec, Canada [harmonics_utide_tidetables.txt]",Flach behalten,,,,,5.01,5.83,1.928,1.735,Nachbarn schlechter,behalten (Beleg schlechter)
harmonics_noaa_amtt.txt,"L'Islet, Québec, Canada",ectt-343,Quebec,bau,"Lauzon, Québec, Canada [harmonics_utide_tidetables.txt]",Flach behalten,6.52,7.0,,,,,1.913,1.721,Wahrheit schlechter,behalten (Beleg schlechter)
harmonics_noaa_amtt.txt,"Beaujeu Channel, Québec, Canada",ectt-345,Quebec,bau,"Lauzon, Québec, Canada [harmonics_utide_tidetables.txt]",Flach behalten,,,,,5.01,5.57,2.063,1.856,Nachbarn schlechter,behalten (Beleg schlechter)
harmonics_noaa_amtt.txt,"St. Laurent d' Orleans, Québec, Canada",ectt-351,Quebec,bau,"Lauzon, Québec, Canada [harmonics_utide_tidetables.txt]",Flach behalten,2.33,2.21,19.6,13.4,,,2.063,1.856,"Wahrheit ok, Pegel ok",schreiben
harmonics_noaa_amtt.txt,"GaspÖ Bay, Québec, Canada",ectt-373,Pictou,gewaehlt,"Pictou, Nova Scotia, Canada [harmonics_ticon4_worldwide.txt]",Flach weg,17.91,16.74,,,,,0.394,0.341,Wahrheit ok,schreiben
harmonics_noaa_amtt.txt,"Point St. Peter, Québec, Canada",ectt-375,Pictou,gewaehlt,"Pictou, Nova Scotia, Canada [harmonics_ticon4_worldwide.txt]",Flach weg,19.5,18.39,35.3,33.0,,,0.379,0.328,"Wahrheit ok, Pegel ok",schreiben
harmonics_noaa_amtt.txt,"Carleton Point, Québec, Canada",ectt-381,Pictou,bau,"Pictou, Nova Scotia, Canada [harmonics_ticon4_worldwide.txt]",Flach behalten,17.71,16.33,56.3,51.9,,,0.712,0.616,"Wahrheit ok, Pegel ok",schreiben
harmonics_noaa_amtt.txt,"Old Tracadie Gully entrance, New Brunswick, Canada",ectt-393,Pictou,gewaehlt,"Pictou, Nova Scotia, Canada [harmonics_ticon4_worldwide.txt]",Flach weg,,,,,31.83,28.73,0.424,0.367,Nachbarn ok,schreiben
harmonics_noaa_amtt.txt,"Tidnish Head, Baie Verte, Nova Scotia, Canada",ectt-407,Pictou,gewaehlt,"Pictou, Nova Scotia, Canada [harmonics_ticon4_worldwide.txt]",Flach weg,5.34,4.01,17.8,13.8,,,0.772,0.669,"Wahrheit ok, Pegel ok",schreiben
harmonics_noaa_amtt.txt,"Souris Head, Prince Edward Island, Canada",ectt-421,Pictou,gewaehlt,"Pictou, Nova Scotia, Canada [harmonics_ticon4_worldwide.txt]",Flach weg,,,,,4.6,2.93,0.424,0.367,Nachbarn ok,schreiben
harmonics_noaa_amtt.txt,"Cape Bear, Prince Edward Island, Canada",ectt-425,Pictou,gewaehlt,"Pictou, Nova Scotia, Canada [harmonics_ticon4_worldwide.txt]",Flach weg,,,,,,,0.469,0.406,,offen (ohne Beleg)
harmonics_noaa_amtt.txt,"Cape George, Nova Scotia, Canada",ectt-441,Pictou,gewaehlt,"Pictou, Nova Scotia, Canada [harmonics_ticon4_worldwide.txt]",Flach weg,,,,,5.43,4.41,0.363,0.315,Nachbarn ok,schreiben
harmonics_noaa_amtt.txt,"Mabou River entrance, Nova Scotia, Canada",ectt-451,Pictou,gewaehlt,"Pictou, Nova Scotia, Canada [harmonics_ticon4_worldwide.txt]",Flach weg,,,,,,,0.333,0.288,,offen (ohne Beleg)
harmonics_noaa_amtt.txt,"Ingonish Island, Nova Scotia, Canada",ectt-457,Pictou,gewaehlt,"Pictou, Nova Scotia, Canada [harmonics_ticon4_worldwide.txt]",Flach weg,,,,,9.42,7.43,0.394,0.341,Nachbarn ok,schreiben
harmonics_noaa_amtt.txt,"St. Anns Harbour, Nova Scotia, Canada",ectt-459,Pictou,gewaehlt,"Pictou, Nova Scotia, Canada [harmonics_ticon4_worldwide.txt]",Flach weg,,,,,,,0.424,0.367,,offen (ohne Beleg)
harmonics_noaa_amtt.txt,"Glace Bay, Nova Scotia, Canada",ectt-463,Pictou,bau (ohne Pruefstand),"Pictou, Nova Scotia, Canada [harmonics_ticon4_worldwide.txt]",Flach behalten,,,,,,,0.379,0.328,,offen (ohne Beleg)
harmonics_noaa_amtt.txt,"Gabarus Cove, Nova Scotia, Canada",ectt-467,Halifax,bau,"Halifax, Nova Scotia, Canada [harmonics_utide_tidetables.txt]",Flach behalten,,,,,,,0.587,0.519,,offen (ohne Beleg)
harmonics_noaa_amtt.txt,"St. Peter Bay, Nova Scotia, Canada",ectt-469,Halifax,bau,"Halifax, Nova Scotia, Canada [harmonics_utide_tidetables.txt]",Flach behalten,,,13.6,12.2,,,0.666,0.59,Pegel ok,schreiben
harmonics_noaa_amtt.txt,"Guysborough, Nova Scotia, Canada",ectt-475,Halifax,bau,"Halifax, Nova Scotia, Canada [harmonics_utide_tidetables.txt]",Flach behalten,,,,,,,0.603,0.533,Gruppe lokal n=2 +0.22 Punkte,behalten (Gruppe lokal schlechter)
harmonics_noaa_amtt.txt,"Liscomb Harbour, Nova Scotia, Canada",ectt-485,Halifax,bau,"Halifax, Nova Scotia, Canada [harmonics_utide_tidetables.txt]",Flach behalten,4.05,3.8,,,,,0.666,0.59,Wahrheit ok,schreiben
harmonics_noaa_amtt.txt,"Ship Harbour, Nova Scotia, Canada",ectt-489,Halifax,bau,"Halifax, Nova Scotia, Canada [harmonics_utide_tidetables.txt]",Flach behalten,,,,,2.86,3.18,0.666,0.59,Nachbarn schlechter,behalten (Beleg schlechter)
harmonics_noaa_amtt.txt,"Jeddore Harbour, Nova Scotia, Canada",ectt-491,Halifax,bau,"Halifax, Nova Scotia, Canada [harmonics_utide_tidetables.txt]",Flach behalten,,,,,5.74,6.35,0.682,0.604,Nachbarn schlechter,behalten (Beleg schlechter)
harmonics_noaa_amtt.txt,"Sable Island, north side, Nova Scotia, Canada",ectt-495,Halifax,bau,"Halifax, Nova Scotia, Canada [harmonics_utide_tidetables.txt]",Flach behalten,,,,,,,0.412,0.365,,offen (ohne Beleg)
harmonics_noaa_amtt.txt,"Sable Island, south side, Nova Scotia, Canada",ectt-497,Halifax,bau (ohne Pruefstand),"Halifax, Nova Scotia, Canada [harmonics_utide_tidetables.txt]",Flach behalten,,,,,,,0.619,0.547,,offen (ohne Beleg)
harmonics_noaa_amtt.txt,"St. Margarets Bay, Nova Scotia, Canada",ectt-499,Halifax,bau,"Halifax, Nova Scotia, Canada [harmonics_utide_tidetables.txt]",Flach behalten,1.72,2.41,6.1,6.3,,,0.666,0.59,"Wahrheit schlechter, Pegel ok",behalten (Beleg schlechter)
harmonics_noaa_amtt.txt,"Chester, Mahone Bay, Nova Scotia, Canada",ectt-501,Halifax,bau,"Halifax, Nova Scotia, Canada [harmonics_utide_tidetables.txt]",Flach behalten,,,,,,,0.698,0.618,Gruppe lokal n=3 +0.37 Punkte,behalten (Gruppe lokal schlechter)
harmonics_noaa_amtt.txt,"Lockeport, Nova Scotia, Canada",ectt-513,Halifax,bau,"Halifax, Nova Scotia, Canada [harmonics_utide_tidetables.txt]",Flach behalten,2.49,2.86,,,,,0.73,0.646,Wahrheit schlechter,behalten (Beleg schlechter)
harmonics_noaa_amtt.txt,"Amherst Point, Cumberland Basin, New Brunswick, Canada",ectt-555,Halifax,bau,"Halifax, Nova Scotia, Canada [harmonics_utide_tidetables.txt]",Flach behalten,,,,,,,5.031,4.941,Gruppe lokal n=3 +0.37 Punkte,behalten (Gruppe lokal schlechter)
harmonics_noaa_amtt.txt,"Prospect Harbor, Maine",ectt-623,Portland,bau (ohne Pruefstand),"Portland, Casco Bay, Maine [harmonics-dwf-20251228-free.txt]",Flach behalten,,,,,,,1.703,1.545,,offen (ohne Beleg)
harmonics_noaa_amtt.txt,"Cape Hatteras, North Carolina",ectt-2415,Cape Hatteras,bau (ohne Pruefstand),"Cape Hatteras (fishing pier), North Carolina [harmonics-dwf-20251228-free.txt]",Flach behalten,,,,,,,0.575,0.522,,offen (ohne Beleg)
harmonics_noaa_amtt.txt,"Castle Hayne, Northeast River, North Carolina",ectt-2507,Wilmington,bau (ohne Pruefstand),"Wilmington, North Carolina [harmonics-dwf-20251228-free.txt]",Flach behalten,,,,,,,0.273,0.247,,offen (ohne Beleg)
harmonics_noaa_amtt.txt,"Cape Romain, South Carolina",ectt-2659,Charleston,bau (ohne Pruefstand),"Charleston, Cooper River entrance, South Carolina [harmonics-dwf-20251228-free.txt]",Flach behalten,,,,,,,0.759,0.687,,offen (ohne Beleg)
harmonics_noaa_amtt.txt,"Cape Romain, 46 miles east of, South Carolina",ectt-2661,Charleston,bau (ohne Pruefstand),"Charleston, Cooper River entrance, South Carolina [harmonics-dwf-20251228-free.txt]",Flach behalten,,,,,,,0.662,0.599,,offen (ohne Beleg)
harmonics_noaa_amtt.txt,"Jack Creek entrance, South Carolina",ectt-2673,Charleston,bau (ohne Pruefstand),"Charleston, Cooper River entrance, South Carolina [harmonics-dwf-20251228-free.txt]",Flach behalten,,,,,,,0.807,0.731,,offen (ohne Beleg)
harmonics_noaa_amtt.txt,"Wharf Creek entrance, South Carolina",ectt-2675,Charleston,bau (ohne Pruefstand),"Charleston, Cooper River entrance, South Carolina [harmonics-dwf-20251228-free.txt]",Flach behalten,,,,,,,0.823,0.746,,offen (ohne Beleg)
harmonics_noaa_amtt.txt,"Folly Island (outer coast), South Carolina",ectt-2779,Charleston,bau (ohne Pruefstand),"Charleston, Cooper River entrance, South Carolina [harmonics-dwf-20251228-free.txt]",Flach behalten,,,,,,,0.839,0.76,,offen (ohne Beleg)
harmonics_noaa_amtt.txt,"Burnt Fort, Florida",ectt-3197,Fernandina Beach,bau (ohne Pruefstand),"Fernandina Beach, Amelia River, Florida [harmonics-dwf-20251228-free.txt]",Flach behalten,,,,,,,0.512,0.464,,offen (ohne Beleg)
harmonics_noaa_amtt.txt,"Cape Sable, East Cape, Florida",ectt-3975,Naples,bau (ohne Pruefstand),"Naples, Florida [harmonics-dwf-20251228-free.txt]",Flach behalten,,,,,,,0.433,0.394,,offen (ohne Beleg)
harmonics_noaa_amtt.txt,"Shark River entrance, Florida",ectt-3977,Naples,bau (ohne Pruefstand),"Naples, Florida [harmonics-dwf-20251228-free.txt]",Flach behalten,,,,,,,0.537,0.489,,offen (ohne Beleg)
harmonics_noaa_amtt.txt,"Lostmans River entrance, Florida",ectt-3981,Naples,bau (ohne Pruefstand),"Naples, Florida [harmonics-dwf-20251228-free.txt]",Flach behalten,,,,,,,0.448,0.408,,offen (ohne Beleg)
harmonics_noaa_amtt.txt,"Chatham River entrance, Florida",ectt-3985,Naples,bau (ohne Pruefstand),"Naples, Florida [harmonics-dwf-20251228-free.txt]",Flach behalten,,,,,,,0.492,0.448,,offen (ohne Beleg)
harmonics_noaa_amtt.txt,"Indian Key, Florida",ectt-3991,Naples,bau (ohne Pruefstand),"Naples, Florida [harmonics-dwf-20251228-free.txt]",Flach behalten,,,,,,,0.507,0.462,,offen (ohne Beleg)
harmonics_noaa_amtt.txt,"Cortez, Sarasota Bay, Florida",ectt-4091,St. Petersburg,bau (ohne Pruefstand),"St. Petersburg, Tampa Bay, Florida [harmonics-dwf-20251228-free.txt]",Flach behalten,,,,,,,0.18,0.163,,offen (ohne Beleg)
harmonics_noaa_amtt.txt,"Indian Rocks Beach (inside), Florida",ectt-4147,Cedar Key,bau (ohne Pruefstand),"Cedar Key, Florida [harmonics-dwf-20251228-free.txt]",Flach behalten,,,,,,,0.275,0.249,,offen (ohne Beleg)
harmonics_noaa_amtt.txt,"Withlacoochee River entrance, Florida",ectt-4203,Cedar Key,bau (ohne Pruefstand),"Cedar Key, Florida [harmonics-dwf-20251228-free.txt]",Flach behalten,,,,,,,0.382,0.345,,offen (ohne Beleg)
harmonics_noaa_amtt.txt,"Suwannee River entrance, Florida",ectt-4207,Cedar Key,bau (ohne Pruefstand),"Cedar Key, Florida [harmonics-dwf-20251228-free.txt]",Flach behalten,,,,,,,0.367,0.332,,offen (ohne Beleg)
harmonics_noaa_amtt.txt,"Ship Shoal Light #, Louisiana",ectt-4509,Grand Isle,bau (ohne Pruefstand),"Grand Isle, Mississippi River Delta, Louisiana [harmonics-dwf-20251228-free.txt]",Flach behalten,,,,,,,0.02,0.018,,offen (ohne Beleg)
harmonics_noaa_amtt.txt,"Point Chevreuil #, Louisiana",ectt-4519,Galveston,bau (ohne Pruefstand),"Clear Lake, Galveston Bay, Texas [harmonics-dwf-20251228-free.txt]",Flach behalten,,,,,,,0.061,0.055,,offen (ohne Beleg)
harmonics_noaa_amtt.txt,"Rabbit Island, 5 miles south of #, Louisiana",ectt-4521,Galveston,bau (ohne Pruefstand),"Clear Lake, Galveston Bay, Texas [harmonics-dwf-20251228-free.txt]",Flach behalten,,,,,,,0.082,0.074,,offen (ohne Beleg)
harmonics_noaa_amtt.txt,"South Point, Marsh Island #, Louisiana",ectt-4523,Galveston,bau (ohne Pruefstand),"Clear Lake, Galveston Bay, Texas [harmonics-dwf-20251228-free.txt]",Flach behalten,,,,,,,0.074,0.066,,offen (ohne Beleg)
harmonics_noaa_amtt.txt,"Lighthouse Point #, Louisiana",ectt-4525,Galveston,bau (ohne Pruefstand),"Clear Lake, Galveston Bay, Texas [harmonics-dwf-20251228-free.txt]",Flach behalten,,,,,,,0.082,0.074,,offen (ohne Beleg)
harmonics_noaa_amtt.txt,"Southwest Pass, Vermilion Bay #, Louisiana",ectt-4529,Galveston,bau (ohne Pruefstand),"Clear Lake, Galveston Bay, Texas [harmonics-dwf-20251228-free.txt]",Flach behalten,,,,,,,0.066,0.059,,offen (ohne Beleg)
harmonics_noaa_amtt.txt,"Veracruz #, Mexico",ectt-4637,Tampico Harbor,bau,"Tampico Puerto, Tamaulipas, Mexico [harmonics-2004-06-14_mod.txt]",Flach behalten,4.23,2.38,9.1,8.6,,,0.097,0.088,"Wahrheit ok, Pegel ok",schreiben
harmonics_noaa_amtt.txt,"Punta Maisi, Cuba",ectt-4749,Hampton Roads,bau,"Hampton Roads, Virginia [harmonics-2004-06-14_mod.txt]",Flach behalten,18.0,14.45,,,,,0.352,0.319,Wahrheit ok,schreiben
harmonics_noaa_amtt.txt,"Matanzas, Cuba",ectt-4775,Key West,bau,"Key West, Florida [harmonics-dwf-20251228-free.txt]",Flach behalten,7.44,6.13,,,,,0.181,0.165,Wahrheit ok,schreiben
harmonics_noaa_amtt.txt,"Kingstown, St. Vincent, Saint Vincent and the Grenadines",ectt-4885,Key West,gewaehlt,"Key West, Florida [harmonics-dwf-20251228-free.txt]",Flach weg,30.42,27.27,27.7,16.6,,,0.302,0.274,"Wahrheit ok, Pegel ok",schreiben
harmonics_noaa_amtt.txt,"Grenada, Grenada",ectt-4889,Key West,gewaehlt,"Key West, Florida [harmonics-dwf-20251228-free.txt]",Flach weg,17.49,14.02,,,,,0.181,0.165,Wahrheit ok,schreiben
harmonics_noaa_amtt.txt,"Scarborough, Tobago, Trinidad and Tobago",ectt-4891,Key West,gewaehlt,"Key West, Florida [harmonics-dwf-20251228-free.txt]",Flach weg,8.07,7.0,,,,,0.317,0.288,Wahrheit ok,schreiben
harmonics_noaa_amtt.txt,"Bahía de Tablazos, Lake Maracaibo, Venezuela",ectt-4913,Isla Zapara,bau,"Malecón, Isla de Zapara, Venezuela [harmonics-1997-05-25_mod.txt]",Flach behalten,,,,,20.75,18.56,0.332,0.305,Nachbarn ok,schreiben
harmonics_noaa_amtt.txt,"Punta de Palmas, Venezuela",ectt-4915,Isla Zapara,bau,"Malecón, Isla de Zapara, Venezuela [harmonics-1997-05-25_mod.txt]",Flach behalten,13.62,12.34,,,,,0.253,0.233,Wahrheit ok,schreiben
harmonics_noaa_amtt.txt,"Macuro, Venezuela",ectt-4929,Punta Gorda,gewaehlt,"Punta Gorda, Venezuela [harmonics_utide_tidetables.txt]",Flach weg,,,,,,,0.344,0.321,Gruppe lokal n=5 +0.32 Punkte,behalten (Gruppe lokal schlechter)
harmonics_noaa_amtt.txt,"Puerto de Hierro, Venezuela",ectt-4931,Punta Gorda,gewaehlt,"Punta Gorda, Venezuela [harmonics_utide_tidetables.txt]",Flach weg,,,,,,,0.516,0.482,Gruppe lokal n=5 +0.32 Punkte,behalten (Gruppe lokal schlechter)
harmonics_noaa_amtt.txt,"Barra de Maturín, channel entrance, Venezuela",ectt-4933,Punta Gorda,gewaehlt,"Punta Gorda, Venezuela [harmonics_utide_tidetables.txt]",Flach weg,,,,,,,0.719,0.672,Gruppe lokal n=5 +0.32 Punkte,behalten (Gruppe lokal schlechter)
harmonics_noaa_amtt.txt,"Boca Pedernales entrance, Venezuela",ectt-4937,Punta Gorda,gewaehlt,"Punta Gorda, Venezuela [harmonics_utide_tidetables.txt]",Flach weg,,,,,,,0.672,0.628,Gruppe lokal n=5 +0.32 Punkte,behalten (Gruppe lokal schlechter)
harmonics_noaa_amtt.txt,"Río Orinoco entrance, Isla Ramon Isidro, Venezuela",ectt-4939,Punta Gorda,bau (ohne Pruefstand),"Punta Gorda, Venezuela [harmonics_utide_tidetables.txt]",Flach behalten,,,,,,,0.781,0.73,Gruppe lokal n=5 +0.32 Punkte,behalten (Gruppe lokal schlechter)
harmonics_noaa_amtt.txt,"Staubles Bay, Trinidad and Tobago",ectt-4941,Punta Gorda,gewaehlt,"Punta Gorda, Venezuela [harmonics_utide_tidetables.txt]",Flach weg,4.0,5.55,,,,,0.297,0.277,Wahrheit schlechter,behalten (Beleg schlechter)
harmonics_noaa_amtt.txt,"Bonasse pier, Trinidad and Tobago",ectt-4947,Punta Gorda,gewaehlt,"Punta Gorda, Venezuela [harmonics_utide_tidetables.txt]",Flach weg,3.93,4.3,,,,,0.531,0.496,Wahrheit schlechter,behalten (Beleg schlechter)
harmonics_noaa_amtt.txt,"Erin Bay, Trinidad and Tobago",ectt-4949,Punta Gorda,gewaehlt,"Punta Gorda, Venezuela [harmonics_utide_tidetables.txt]",Flach weg,4.5,4.4,,,,,0.672,0.628,Wahrheit ok,schreiben
harmonics_noaa_amtt.txt,"Guayaguayare Bay, Trinidad and Tobago",ectt-4951,Punta Gorda,gewaehlt,"Punta Gorda, Venezuela [harmonics_utide_tidetables.txt]",Flach weg,5.35,4.99,,,,,0.485,0.453,Wahrheit ok,schreiben
harmonics_noaa_amtt.txt,"Nariva River, Trinidad and Tobago",ectt-4953,Punta Gorda,gewaehlt,"Punta Gorda, Venezuela [harmonics_utide_tidetables.txt]",Flach weg,4.94,5.26,,,,,0.375,0.35,Wahrheit schlechter,behalten (Beleg schlechter)
harmonics_noaa_amtt.txt,"Parika, Essequibo River, Guyana",ectt-4955,Suriname Rivier,gewaehlt,"Braamspunt (Suriname River), Suriname [harmonics-2004-06-14_mod.txt]",Flach behalten,9.12,3.37,,,,,1.035,0.946,Wahrheit ok,schreiben
harmonics_noaa_amtt.txt,"Georgetown, Guyana",ectt-4957,Suriname Rivier,gewaehlt,"Braamspunt (Suriname River), Suriname [harmonics-2004-06-14_mod.txt]",Flach behalten,,,,,7.56,4.78,0.909,0.831,Nachbarn ok,schreiben
harmonics_noaa_amtt.txt,"Paramaribo, Suriname Rivier, Suriname",ectt-4963,Suriname Rivier,gewaehlt,"Braamspunt (Suriname River), Suriname [harmonics-2004-06-14_mod.txt]",Flach behalten,5.4,3.31,,,,,0.941,0.86,Wahrheit ok,schreiben
harmonics_noaa_amtt.txt,"Cayenne, French Guiana",ectt-4969,Suriname Rivier,bau,"Suriname Rivier Entrance, Suriname [harmonics_utide_tidetables.txt]",Flach behalten,6.96,6.49,,,,,1.035,0.948,Wahrheit ok,schreiben
harmonics_noaa_amtt.txt,"Cape Cassipore, French Guiana",ectt-4971,Suriname Rivier,bau,"Suriname Rivier Entrance, Suriname [harmonics_utide_tidetables.txt]",Flach behalten,,,,,,,1.129,1.035,,offen (ohne Beleg)
harmonics_noaa_amtt.txt,"Rio Cunani entrance, Amapá, Brazil",ectt-4973,Suriname Rivier,bau,"Suriname Rivier Entrance, Suriname [harmonics_utide_tidetables.txt]",Flach behalten,,,,,,,2.273,2.083,Gruppe lokal n=2 -0.63 Punkte,schreiben (Gruppenbeleg lokal)
harmonics_noaa_amtt.txt,"Ilha de Maracá, Amapá, Brazil",ectt-4975,Suriname Rivier,bau,"Suriname Rivier Entrance, Suriname [harmonics_utide_tidetables.txt]",Flach behalten,,,,,,,2.273,2.083,Gruppe lokal n=2 -2.81 Punkte,schreiben (Gruppenbeleg lokal)
harmonics_noaa_amtt.txt,"Barra Norte (Rio de Brigue), Amapá, Brazil",ectt-4977,Suriname Rivier,bau,"Suriname Rivier Entrance, Suriname [harmonics_utide_tidetables.txt]",Flach behalten,10.63,9.84,,,,,2.07,1.897,Wahrheit ok,schreiben
harmonics_noaa_amtt.txt,"Ponta Pedreira, Amazon River, Pará, Brazil",ectt-4979,Suriname Rivier,gewaehlt,"Braamspunt (Suriname River), Suriname [harmonics-2004-06-14_mod.txt]",Flach weg + HW/NW,,,,,,,1.928,1.763,Gruppe lokal n=2 -2.81 Punkte,schreiben (Gruppenbeleg lokal)
harmonics_noaa_amtt.txt,"Macapa, Amazon River, Amapá, Brazil",ectt-4981,Suriname Rivier,gewaehlt,"Braamspunt (Suriname River), Suriname [harmonics-2004-06-14_mod.txt]",Flach weg + HW/NW,10.5,5.67,,,,,1.317,1.204,Wahrheit ok,schreiben
harmonics_noaa_amtt.txt,"Canal de Bragança, Rio Pará entrance, Pará, Brazil",ectt-4983,Suriname Rivier,bau (ohne Pruefstand),"Suriname Rivier Entrance, Suriname [harmonics_utide_tidetables.txt]",Flach behalten,,,,,,,1.239,1.135,,offen (ohne Beleg)
harmonics_noaa_amtt.txt,"Salinópolis, Pará, Brazil",ectt-4985,Suriname Rivier,bau (ohne Pruefstand),"Suriname Rivier Entrance, Suriname [harmonics_utide_tidetables.txt]",Flach behalten,,,,,,,1.96,1.796,,offen (ohne Beleg)
harmonics_noaa_amtt.txt,"Belem (Para), Pará, Brazil",ectt-4987,Suriname Rivier,bau (ohne Pruefstand),"Suriname Rivier Entrance, Suriname [harmonics_utide_tidetables.txt]",Flach behalten,,,,,8.7,7.75,1.286,1.178,Nachbarn ok,schreiben
harmonics_noaa_amtt.txt,"Ilhas de São João, Maranhão, Brazil",ectt-4989,Suriname Rivier,bau,"Suriname Rivier Entrance, Suriname [harmonics_utide_tidetables.txt]",Flach behalten,,,,,,,1.677,1.537,,offen (ohne Beleg)
harmonics_noaa_amtt.txt,"Santana, Recifes de, Maranhão, Brazil",ectt-4993,Suriname Rivier,bau,"Suriname Rivier Entrance, Suriname [harmonics_utide_tidetables.txt]",Flach behalten,11.64,11.55,,,,,1.568,1.437,Wahrheit ok,schreiben
harmonics_noaa_amtt.txt,"Tutóia, Baía da, Maranhão, Brazil",ectt-4995,Suriname Rivier,bau,"Suriname Rivier Entrance, Suriname [harmonics_utide_tidetables.txt]",Flach behalten,,,,,10.58,9.6,1.254,1.149,Nachbarn ok,schreiben
harmonics_noaa_amtt.txt,"Luís Correia, Maranhão, Brazil",ectt-4997,Suriname Rivier,bau,"Suriname Rivier Entrance, Suriname [harmonics_utide_tidetables.txt]",Flach behalten,,,,,6.03,5.44,1.16,1.063,Nachbarn ok,schreiben
harmonics_noaa_amtt.txt,"Camocim, Ceará, Brazil",ectt-4999,Suriname Rivier,bau,"Suriname Rivier Entrance, Suriname [harmonics_utide_tidetables.txt]",Flach behalten,7.46,6.9,,,,,1.192,1.092,Wahrheit ok,schreiben
harmonics_noaa_amtt.txt,"Rio Ceará (bar), Ceará, Brazil",ectt-5001,Suriname Rivier,bau (ohne Pruefstand),"Suriname Rivier Entrance, Suriname [harmonics_utide_tidetables.txt]",Flach behalten,,,,,,,0.988,0.905,,offen (ohne Beleg)
harmonics_noaa_amtt.txt,"Rocas, Atol das, Brazil",ectt-5007,Recife,bau (ohne Pruefstand),"Recife (Farol), Pernambuco, Brazil [harmonics_utide_tidetables.txt]",Flach behalten,,,,,,,1.174,1.083,,offen (ohne Beleg)
harmonics_noaa_amtt.txt,"Tambau, Paraíba, Brazil",ectt-5015,Recife,bau,"Recife (Farol), Pernambuco, Brazil [harmonics_utide_tidetables.txt]",Flach behalten,4.26,3.71,,,,,0.939,0.866,Wahrheit ok,schreiben
harmonics_noaa_amtt.txt,"Maceio, Alagoas, Brazil",ectt-5019,Recife,bau (ohne Pruefstand),"Recife (Farol), Pernambuco, Brazil [harmonics_utide_tidetables.txt]",Flach behalten,,,,,6.24,5.21,0.798,0.736,Nachbarn ok,schreiben
harmonics_noaa_amtt.txt,"Rio Sao Francisco (bar), Alagoas, Brazil",ectt-5021,Recife,bau,"Recife (Farol), Pernambuco, Brazil [harmonics_utide_tidetables.txt]",Flach behalten,4.84,3.82,,,,,0.704,0.65,Wahrheit ok,schreiben
harmonics_noaa_amtt.txt,"Morro de Sao Paulo, Bahia, Brazil",ectt-5029,Recife,bau,"Recife (Farol), Pernambuco, Brazil [harmonics_utide_tidetables.txt]",Flach behalten,,,,,3.15,3.42,0.72,0.664,Nachbarn ok,schreiben
harmonics_noaa_amtt.txt,"Camamu, Bahia, Brazil",ectt-5031,Recife,bau,"Recife (Farol), Pernambuco, Brazil [harmonics_utide_tidetables.txt]",Flach behalten,,,,,,,0.767,0.707,,offen (ohne Beleg)
harmonics_noaa_amtt.txt,"Ilheus, Bahia, Brazil",ectt-5033,Recife,bau,"Recife (Farol), Pernambuco, Brazil [harmonics_utide_tidetables.txt]",Flach behalten,,,,,3.35,2.88,0.72,0.664,Nachbarn ok,schreiben
harmonics_noaa_amtt.txt,"Canavieiras, Bahia, Brazil",ectt-5035,Recife,bau,"Recife (Farol), Pernambuco, Brazil [harmonics_utide_tidetables.txt]",Flach behalten,4.31,3.66,14.0,12.9,,,0.704,0.65,"Wahrheit ok, Pegel ok",schreiben
harmonics_noaa_amtt.txt,"Santa Cruz Cabrália, Bahia, Brazil",ectt-5037,Recife,bau,"Recife (Farol), Pernambuco, Brazil [harmonics_utide_tidetables.txt]",Flach behalten,,,,,,,0.704,0.65,Gruppe lokal n=3 -0.74 Punkte,schreiben (Gruppenbeleg lokal)
harmonics_noaa_amtt.txt,"Cumuruxatiba, Bahia, Brazil",ectt-5039,Recife,bau,"Recife (Farol), Pernambuco, Brazil [harmonics_utide_tidetables.txt]",Flach behalten,5.55,4.8,,,,,0.829,0.765,Wahrheit ok,schreiben
harmonics_noaa_amtt.txt,"Caravelas, Bahia, Brazil",ectt-5041,Recife,bau,"Recife (Farol), Pernambuco, Brazil [harmonics_utide_tidetables.txt]",Flach behalten,,,,,,,0.767,0.707,Gruppe lokal n=3 -0.74 Punkte,schreiben (Gruppenbeleg lokal)
harmonics_noaa_amtt.txt,"Abrolhos Anchorage, Bahia, Brazil",ectt-5043,Recife,bau,"Recife (Farol), Pernambuco, Brazil [harmonics_utide_tidetables.txt]",Flach behalten,5.0,4.26,,,,,0.892,0.823,Wahrheit ok,schreiben
harmonics_noaa_amtt.txt,"Vitoria, Espírito Santo, Brazil",ectt-5045,Recife,bau,"Recife (Farol), Pernambuco, Brazil [harmonics_utide_tidetables.txt]",Flach behalten,6.26,5.5,,,,,0.516,0.476,Wahrheit ok,schreiben
harmonics_noaa_amtt.txt,"Guarapari, Espírito Santo, Brazil",ectt-5047,Recife,bau,"Recife (Farol), Pernambuco, Brazil [harmonics_utide_tidetables.txt]",Flach behalten,8.27,7.54,,,,,0.485,0.448,Wahrheit ok,schreiben
harmonics_noaa_amtt.txt,"Sao Joao da Barra, Rio de Janeiro, Brazil",ectt-5049,Rio de Janeiro,bau,"Paraty, Rio de Janeiro, Brazil [harmonics_att_np207.txt]",Flach behalten,,,,,13.29,13.11,0.365,0.343,Nachbarn ok,schreiben
harmonics_noaa_amtt.txt,"Armacao dos Buzios, Rio de Janeiro, Brazil",ectt-5053,Rio de Janeiro,bau,"Paraty, Rio de Janeiro, Brazil [harmonics_att_np207.txt]",Flach behalten,,,,,6.48,6.34,0.351,0.33,Nachbarn ok,schreiben
harmonics_noaa_amtt.txt,"Cabo Frio, Rio de Janeiro, Brazil",ectt-5055,Rio de Janeiro,bau,"Paraty, Rio de Janeiro, Brazil [harmonics_att_np207.txt]",Flach behalten,3.26,3.05,,,,,0.323,0.304,Wahrheit ok,schreiben
harmonics_noaa_amtt.txt,"Itacuruçá, Rio de Janeiro, Brazil",ectt-5059,Rio de Janeiro,bau,"Paraty, Rio de Janeiro, Brazil [harmonics_att_np207.txt]",Flach behalten,,,,,,,0.365,0.343,Gruppe lokal n=2 -0.21 Punkte,schreiben (Gruppenbeleg lokal)
harmonics_noaa_amtt.txt,"Parati, Rio de Janeiro, Brazil",ectt-5063,Rio de Janeiro,bau,"Paraty, Rio de Janeiro, Brazil [harmonics_att_np207.txt]",Flach behalten,7.97,7.76,,,,,0.337,0.317,Wahrheit ok,schreiben
harmonics_noaa_amtt.txt,"Paranaguá, Paraná, Brazil",ectt-5071,Rio de Janeiro,bau,"Paraty, Rio de Janeiro, Brazil [harmonics_att_np207.txt]",Flach behalten,,,,,11.56,10.83,0.576,0.541,Nachbarn ok,schreiben
harmonics_noaa_amtt.txt,"Porto Belo, Santa Catarina, Brazil",ectt-5077,Rio de Janeiro,bau,"Paraty, Rio de Janeiro, Brazil [harmonics_att_np207.txt]",Flach behalten,2.93,2.5,,,,,0.253,0.238,Wahrheit ok,schreiben
harmonics_noaa_amtt.txt,"Banco Chico, Buenos Aires, Argentina",ectt-5095,Buenos Aires,bau (ohne Pruefstand),"Buenos Aires (Muelle de Pescadores), Buenos Aires, Argentina [harmonics_ticon4_worldwide.txt]",Flach behalten,,,,,10.66,10.22,0.313,0.285,Nachbarn ok,schreiben
harmonics_noaa_amtt.txt,"Punta Piedras, Buenos Aires, Argentina",ectt-5099,Buenos Aires,bau,"Buenos Aires (Muelle de Pescadores), Buenos Aires, Argentina [harmonics_ticon4_worldwide.txt]",Flach behalten,,,,,9.36,8.55,0.477,0.435,Nachbarn ok,schreiben
harmonics_noaa_amtt.txt,"Punta Norte del Cabo San Antonio, Buenos Aires, Argentina",ectt-5101,Buenos Aires,bau,"Buenos Aires (Muelle de Pescadores), Buenos Aires, Argentina [harmonics_ticon4_worldwide.txt]",Flach behalten,14.42,12.94,,,,,0.448,0.408,Wahrheit ok,schreiben
harmonics_noaa_amtt.txt,"Faro Recalada, Buenos Aires, Argentina",ectt-5107,Puerto Ingeniero White,gewaehlt,"Rincón de Bahía Blanca - Puerto Galván, Buenos Aires, Argentina [harmonics_utide_tidetables.txt]",Flach behalten,22.82,23.67,,,,,1.051,1.058,Wahrheit schlechter,behalten (Beleg schlechter)
harmonics_noaa_amtt.txt,"Punta Ancla, Buenos Aires, Argentina",ectt-5111,Puerto Ingeniero White,gewaehlt,"Rincón de Bahía Blanca - Puerto Galván, Buenos Aires, Argentina [harmonics_utide_tidetables.txt]",Flach behalten,,,,,7.18,5.91,1.471,1.481,Nachbarn ok,schreiben
harmonics_noaa_amtt.txt,"General Daniel Cerri, Buenos Aires, Argentina",ectt-5119,Puerto Ingeniero White,gewaehlt,"Rincón de Bahía Blanca - Puerto Galván, Buenos Aires, Argentina [harmonics_utide_tidetables.txt]",Flach behalten,7.36,6.86,,,,,1.907,1.921,Wahrheit ok,schreiben
harmonics_noaa_amtt.txt,"Canal del Sur, Isla Bermejo, Buenos Aires, Argentina",ectt-5121,Puerto Ingeniero White,gewaehlt,"Rincón de Bahía Blanca - Puerto Galván, Buenos Aires, Argentina [harmonics_utide_tidetables.txt]",Flach behalten,,,,,7.18,5.87,1.423,1.433,Nachbarn ok,schreiben
harmonics_noaa_amtt.txt,"Canal Bermejo, Isla Trinidad, Buenos Aires, Argentina",ectt-5123,Puerto Ingeniero White,gewaehlt,"Rincón de Bahía Blanca - Puerto Galván, Buenos Aires, Argentina [harmonics_utide_tidetables.txt]",Flach behalten,,,,,7.24,5.86,1.358,1.368,Nachbarn ok,schreiben
harmonics_noaa_amtt.txt,"Punta Lobos, Isla Trinidad, Buenos Aires, Argentina",ectt-5125,Puerto Ingeniero White,gewaehlt,"Rincón de Bahía Blanca - Puerto Galván, Buenos Aires, Argentina [harmonics_utide_tidetables.txt]",Flach behalten,8.43,7.87,,,,,1.293,1.302,Wahrheit ok,schreiben
harmonics_noaa_amtt.txt,"El Chara (Punta Laberinto), Buenos Aires, Argentina",ectt-5127,Puerto Ingeniero White,gewaehlt,"Rincón de Bahía Blanca - Puerto Galván, Buenos Aires, Argentina [harmonics_utide_tidetables.txt]",Flach behalten,9.17,8.69,,,,,1.342,1.351,Wahrheit ok,schreiben
harmonics_noaa_amtt.txt,"Bahía Anegada, Islote NW, Buenos Aires, Argentina",ectt-5129,Puerto Ingeniero White,bau,"Ingeniero White (Bahía Blanca), Buenos Aires, Argentina [harmonics_utide_tidetables.txt]",Flach behalten,8.3,8.39,,,,,1.034,1.041,Wahrheit ok,schreiben
harmonics_noaa_amtt.txt,"Faro Segunda Barranca, Buenos Aires, Argentina",ectt-5133,Puerto Ingeniero White,bau,"Ingeniero White (Bahía Blanca), Buenos Aires, Argentina [harmonics_utide_tidetables.txt]",Flach behalten,14.38,14.13,,,,,0.873,0.878,Wahrheit ok,schreiben
harmonics_noaa_amtt.txt,"Caleta de los Loros, Río Negro, Argentina",ectt-5137,Comodoro Rivadavia,gewaehlt,"Comodoro Rivadavia, Chubut, Argentina [harmonics_utide_tidetables.txt]",Flach weg,10.85,10.08,,,,,3.273,2.962,Wahrheit ok,schreiben
harmonics_noaa_amtt.txt,"Pueyrredon (Fondeadero), Chubut, Argentina",ectt-5143,Comodoro Rivadavia,gewaehlt,"Comodoro Rivadavia, Chubut, Argentina [harmonics_utide_tidetables.txt]",Flach weg,11.01,10.44,,,,,3.418,3.093,Wahrheit ok,schreiben
harmonics_noaa_amtt.txt,"La Argentina (Fondeadero), Chubut, Argentina",ectt-5145,Comodoro Rivadavia,gewaehlt,"Comodoro Rivadavia, Chubut, Argentina [harmonics_utide_tidetables.txt]",Flach weg,10.04,9.06,,,,,2.902,2.626,Wahrheit ok,schreiben
harmonics_noaa_amtt.txt,"Punta Norte, Chubut, Argentina",ectt-5147,Comodoro Rivadavia,gewaehlt,"Comodoro Rivadavia, Chubut, Argentina [harmonics_utide_tidetables.txt]",Flach weg,10.73,10.12,,,,,2.338,2.116,Wahrheit ok,schreiben
harmonics_noaa_amtt.txt,"Caleta Valdes, Chubut, Argentina",ectt-5149,Comodoro Rivadavia,gewaehlt,"Comodoro Rivadavia, Chubut, Argentina [harmonics_utide_tidetables.txt]",Flach weg,5.05,5.04,,,,,1.709,1.547,Wahrheit ok,schreiben
harmonics_noaa_amtt.txt,"Punta Delgada, Chubut, Argentina",ectt-5151,Comodoro Rivadavia,gewaehlt,"Comodoro Rivadavia, Chubut, Argentina [harmonics_utide_tidetables.txt]",Flach weg,6.02,5.44,,,,,1.628,1.474,Wahrheit ok,schreiben
harmonics_noaa_amtt.txt,"Punta Ninfas (Fondeadero), Chubut, Argentina",ectt-5153,Comodoro Rivadavia,gewaehlt,"Comodoro Rivadavia, Chubut, Argentina [harmonics_utide_tidetables.txt]",Flach weg,6.97,6.83,,,,,2.031,1.839,Wahrheit ok,schreiben
harmonics_noaa_amtt.txt,"Puerto Piramides, Chubut, Argentina",ectt-5155,Comodoro Rivadavia,gewaehlt,"Comodoro Rivadavia, Chubut, Argentina [harmonics_utide_tidetables.txt]",Flach weg,4.52,4.89,,,,,2.015,1.824,Wahrheit schlechter,behalten (Beleg schlechter)
harmonics_noaa_amtt.txt,"Bahía Janssen, Chubut, Argentina",ectt-5163,Comodoro Rivadavia,bau,"Comodoro Rivadavia, Chubut, Argentina [harmonics_utide_tidetables.txt]",Flach behalten,3.7,3.25,,,,,1.886,1.707,Wahrheit ok,schreiben
harmonics_noaa_amtt.txt,"Cabo Raso, Chubut, Argentina",ectt-5165,Comodoro Rivadavia,bau,"Comodoro Rivadavia, Chubut, Argentina [harmonics_utide_tidetables.txt]",Flach behalten,,,,,5.66,4.84,1.725,1.561,Nachbarn ok,schreiben
harmonics_noaa_amtt.txt,"Bahía Cruz, Chubut, Argentina",ectt-5167,Comodoro Rivadavia,bau,"Comodoro Rivadavia, Chubut, Argentina [harmonics_utide_tidetables.txt]",Flach behalten,,,,,7.94,7.77,1.596,1.445,Nachbarn ok,schreiben
harmonics_noaa_amtt.txt,"Bahía Camarones, Chubut, Argentina",ectt-5171,Comodoro Rivadavia,bau,"Comodoro Rivadavia, Chubut, Argentina [harmonics_utide_tidetables.txt]",Flach behalten,2.72,3.91,,,,,1.854,1.678,Wahrheit schlechter,behalten (Beleg schlechter)
harmonics_noaa_amtt.txt,"Caleta Leones, Chubut, Argentina",ectt-5173,Comodoro Rivadavia,bau,"Comodoro Rivadavia, Chubut, Argentina [harmonics_utide_tidetables.txt]",Flach behalten,,,,,7.07,6.42,2.16,1.955,Nachbarn ok,schreiben
harmonics_noaa_amtt.txt,"Bahía Gil (Caleta Horno), Chubut, Argentina",ectt-5175,Comodoro Rivadavia,bau,"Comodoro Rivadavia, Chubut, Argentina [harmonics_utide_tidetables.txt]",Flach behalten,3.68,3.01,,,,,1.918,1.736,Wahrheit ok,schreiben
harmonics_noaa_amtt.txt,"Puerto Melo, Chubut, Argentina",ectt-5177,Comodoro Rivadavia,bau,"Comodoro Rivadavia, Chubut, Argentina [harmonics_utide_tidetables.txt]",Flach behalten,,,,,2.65,2.01,1.983,1.795,Nachbarn ok,schreiben
harmonics_noaa_amtt.txt,"Isla Tova, Chubut, Argentina",ectt-5179,Comodoro Rivadavia,bau,"Comodoro Rivadavia, Chubut, Argentina [harmonics_utide_tidetables.txt]",Flach behalten,,,,,2.65,2.01,1.983,1.795,Nachbarn ok,schreiben
harmonics_noaa_amtt.txt,"Bahía Bustamante, Chubut, Argentina",ectt-5181,Comodoro Rivadavia,bau,"Comodoro Rivadavia, Chubut, Argentina [harmonics_utide_tidetables.txt]",Flach behalten,3.71,3.21,,,,,1.999,1.809,Wahrheit ok,schreiben
harmonics_noaa_amtt.txt,"Cabo Blanco, Santa Cruz, Argentina",ectt-5185,Comodoro Rivadavia,bau,"Comodoro Rivadavia, Chubut, Argentina [harmonics_utide_tidetables.txt]",Flach behalten,5.38,5.65,,,,,1.918,1.736,Wahrheit ok,schreiben
harmonics_noaa_amtt.txt,"Bahía Oso Marino, Santa Cruz, Argentina",ectt-5189,Comodoro Rivadavia,bau,"Comodoro Rivadavia, Chubut, Argentina [harmonics_utide_tidetables.txt]",Flach behalten,6.56,7.1,,,,,1.854,1.678,Wahrheit schlechter,behalten (Beleg schlechter)
harmonics_noaa_amtt.txt,"Bahía de los Nodales, Santa Cruz, Argentina",ectt-5191,Comodoro Rivadavia,bau,"Comodoro Rivadavia, Chubut, Argentina [harmonics_utide_tidetables.txt]",Flach behalten,9.26,9.59,,,,,2.031,1.839,Wahrheit schlechter,behalten (Beleg schlechter)
harmonics_noaa_amtt.txt,"Bahía Laura, Santa Cruz, Argentina",ectt-5193,Comodoro Rivadavia,bau,"Comodoro Rivadavia, Chubut, Argentina [harmonics_utide_tidetables.txt]",Flach behalten,,,,,,,3.627,3.283,Gruppe lokal n=3 +0.33 Punkte,behalten (Gruppe lokal schlechter)
harmonics_noaa_amtt.txt,"Ria Coig, Santa Cruz, Argentina",ectt-5199,Punta Loyola,bau,"Punta Loyola (Muelle Presidente Illia), Santa Cruz, Argentina [harmonics_utide_tidetables.txt]",Flach behalten,3.81,3.59,,,,,4.095,3.818,Wahrheit ok,schreiben
harmonics_noaa_amtt.txt,"Cabo Virgenes, Santa Cruz, Argentina",ectt-5205,Punta Loyola,bau,"Punta Loyola (Muelle Presidente Illia), Santa Cruz, Argentina [harmonics_utide_tidetables.txt]",Flach behalten,3.75,3.34,,,,,3.664,3.416,Wahrheit ok,schreiben
harmonics_noaa_amtt.txt,"Port Louis (Berkeley Sound), Falkland Islands",ectt-5215,Pictou,bau,"Pictou, Nova Scotia, Canada [harmonics_ticon4_worldwide.txt]",Flach behalten,8.31,7.19,,,,,0.5,0.433,Wahrheit ok,schreiben
harmonics_noaa_amtt.txt,"Royal Bay (Moltke Harbor), United Kingdom",ectt-5219,Pictou,bau,"Pictou, Nova Scotia, Canada [harmonics_ticon4_worldwide.txt]",Flach behalten,21.62,19.88,,,,,0.257,0.223,Wahrheit ok,schreiben
harmonics_noaa_amtt.txt,"Leith Harbor, South Georgia and the South Sandwich Islands",ectt-5221,Pictou,bau,"Pictou, Nova Scotia, Canada [harmonics_ticon4_worldwide.txt]",Flach behalten,13.79,11.34,,,,,0.303,0.262,Wahrheit ok,schreiben
harmonics_noaa_amtt.txt,"Scotia Bay, Laurie Island, Antarctica",ectt-5223,Pictou,bau,"Pictou, Nova Scotia, Canada [harmonics_ticon4_worldwide.txt]",Flach behalten,10.09,8.27,,,,,0.53,0.459,Wahrheit ok,schreiben
harmonics_noaa_amtt.txt,"Admiralty Bay, Antarctica",ectt-5227,Pictou,bau (ohne Pruefstand),"Pictou, Nova Scotia, Canada [harmonics_ticon4_worldwide.txt]",Flach behalten,,,,,11.31,10.26,0.469,0.406,Nachbarn ok,schreiben
harmonics_noaa_amtt.txt,"Bahía Buen Suceso, Tierra del Fuego, Argentina",wctt-1,Cabo de Hornos,bau,"Cabo de Hornos, Magallanes, Chile [harmonics_noaa_refs.txt]",Flach behalten,8.73,7.44,,,,,0.742,0.663,Wahrheit ok,schreiben
harmonics_noaa_amtt.txt,"Bahía Ushuaia, Beagle Channel, Tierra del Fuego, Argentina",wctt-5,Cabo de Hornos,bau,"Cabo de Hornos, Magallanes, Chile [harmonics_noaa_refs.txt]",Flach behalten,,,,,,,0.603,0.538,,offen (ohne Beleg)
harmonics_noaa_amtt.txt,"Dungeness, Santa Cruz, Argentina",wctt-7,Puerto Montt,bau (ohne Pruefstand),"Puerto Montt, Chile [harmonics_utide_observations.txt]",Flach behalten,,,,,,,3.563,3.327,,offen (ohne Beleg)
harmonics_noaa_amtt.txt,"Punta Catalina, Santa Cruz, Argentina",wctt-9,Puerto Montt,bau (ohne Pruefstand),"Puerto Montt, Chile [harmonics_utide_observations.txt]",Flach behalten,,,,,,,3.413,3.187,,offen (ohne Beleg)
harmonics_noaa_amtt.txt,"Bahía Posesión, Chile",wctt-11,Puerto Montt,bau (ohne Pruefstand),"Puerto Montt, Chile [harmonics_utide_observations.txt]",Flach behalten,,,,,,,4.116,3.844,,offen (ohne Beleg)
harmonics_noaa_amtt.txt,"Banco Dirección, Chile",wctt-13,Puerto Montt,bau (ohne Pruefstand),"Puerto Montt, Chile [harmonics_utide_observations.txt]",Flach behalten,,,,,,,4.191,3.914,,offen (ohne Beleg)
harmonics_noaa_amtt.txt,"Bahía Santiago, Chile",wctt-15,Puerto Montt,bau (ohne Pruefstand),"Puerto Montt, Chile [harmonics_utide_observations.txt]",Flach behalten,,,,,,,2.096,1.957,,offen (ohne Beleg)
harmonics_noaa_amtt.txt,"Bahía Felipe, Chile",wctt-17,Puerto Montt,bau (ohne Pruefstand),"Puerto Montt, Chile [harmonics_utide_observations.txt]",Flach behalten,,,,,,,1.796,1.677,,offen (ohne Beleg)
harmonics_noaa_amtt.txt,"Segunda Angostura, Chile",wctt-19,Puerto Montt,bau (ohne Pruefstand),"Puerto Montt, Chile [harmonics_utide_observations.txt]",Flach behalten,,,,,,,2.395,2.236,,offen (ohne Beleg)
harmonics_noaa_amtt.txt,"Puerto Zenteno, Chile",wctt-21,Punta Arenas,bau (ohne Pruefstand),"Punta Arenas, Chile [harmonics_utide_observations.txt]",Flach behalten,,,,,,,0.702,0.563,,offen (ohne Beleg)
harmonics_noaa_amtt.txt,"Bahía Gente Grande, Chile",wctt-23,Punta Arenas,bau (ohne Pruefstand),"Punta Arenas, Chile [harmonics_utide_observations.txt]",Flach behalten,,,,,,,0.983,0.788,,offen (ohne Beleg)
harmonics_noaa_amtt.txt,"Puerto del Hambre, Chile",wctt-27,Punta Arenas,bau (ohne Pruefstand),"Punta Arenas, Chile [harmonics_utide_observations.txt]",Flach behalten,,,,,,,0.562,0.45,,offen (ohne Beleg)
harmonics_noaa_amtt.txt,"Puerto San Antonio, Chile",wctt-29,Punta Arenas,bau (ohne Pruefstand),"Punta Arenas, Chile [harmonics_utide_observations.txt]",Flach behalten,,,,,,,0.593,0.475,,offen (ohne Beleg)
harmonics_noaa_amtt.txt,"Bahía Snug, Chile",wctt-31,Punta Arenas,bau (ohne Pruefstand),"Punta Arenas, Chile [harmonics_utide_observations.txt]",Flach behalten,,,,,,,0.671,0.538,,offen (ohne Beleg)
harmonics_noaa_amtt.txt,"Bahía Wood, Chile",wctt-33,Punta Arenas,bau (ohne Pruefstand),"Punta Arenas, Chile [harmonics_utide_observations.txt]",Flach behalten,,,,,,,0.671,0.538,,offen (ohne Beleg)
harmonics_noaa_amtt.txt,"Puerto Gallant, Chile",wctt-35,Punta Arenas,bau (ohne Pruefstand),"Punta Arenas, Chile [harmonics_utide_observations.txt]",Flach behalten,,,,,,,0.671,0.538,,offen (ohne Beleg)
harmonics_noaa_amtt.txt,"Bahía Borja, Chile",wctt-37,Cabo de Hornos,bau (ohne Pruefstand),"Cabo de Hornos, Magallanes, Chile [harmonics_noaa_refs.txt]",Flach behalten,,,,,,,0.695,0.621,,offen (ohne Beleg)
harmonics_noaa_amtt.txt,"Bahía Swallow, Chile",wctt-39,Cabo de Hornos,bau (ohne Pruefstand),"Cabo de Hornos, Magallanes, Chile [harmonics_noaa_refs.txt]",Flach behalten,,,,,,,0.695,0.621,,offen (ohne Beleg)
harmonics_noaa_amtt.txt,"Caleta Playa Parda, Chile",wctt-41,Cabo de Hornos,bau (ohne Pruefstand),"Cabo de Hornos, Magallanes, Chile [harmonics_noaa_refs.txt]",Flach behalten,,,,,,,0.541,0.483,,offen (ohne Beleg)
harmonics_noaa_amtt.txt,"Puerto Angosto, Chile",wctt-43,Cabo de Hornos,bau (ohne Pruefstand),"Cabo de Hornos, Magallanes, Chile [harmonics_noaa_refs.txt]",Flach behalten,,,,,,,0.556,0.497,,offen (ohne Beleg)
harmonics_noaa_amtt.txt,"Caleta Sylvia, Chile",wctt-45,Cabo de Hornos,bau (ohne Pruefstand),"Cabo de Hornos, Magallanes, Chile [harmonics_noaa_refs.txt]",Flach behalten,,,,,,,0.587,0.524,,offen (ohne Beleg)
harmonics_noaa_amtt.txt,"Puerto Tamar, Chile",wctt-47,Cabo de Hornos,bau (ohne Pruefstand),"Cabo de Hornos, Magallanes, Chile [harmonics_noaa_refs.txt]",Flach behalten,,,,,,,0.633,0.566,,offen (ohne Beleg)
harmonics_noaa_amtt.txt,"Islote Pollo, Canal Smyth, Chile",wctt-49,Cabo de Hornos,bau (ohne Pruefstand),"Cabo de Hornos, Magallanes, Chile [harmonics_noaa_refs.txt]",Flach behalten,,,,,,,0.525,0.469,,offen (ohne Beleg)
harmonics_noaa_amtt.txt,"Punta Ancud, Canal Smyth, Chile",wctt-51,Cabo de Hornos,bau (ohne Pruefstand),"Cabo de Hornos, Magallanes, Chile [harmonics_noaa_refs.txt]",Flach behalten,,,,,,,0.525,0.469,,offen (ohne Beleg)
harmonics_noaa_amtt.txt,"Bahía Tuesday, Chile",wctt-53,Cabo de Hornos,bau (ohne Pruefstand),"Cabo de Hornos, Magallanes, Chile [harmonics_noaa_refs.txt]",Flach behalten,,,,,,,0.618,0.552,,offen (ohne Beleg)
harmonics_noaa_amtt.txt,"Cabo Pilar, Chile",wctt-55,Cabo de Hornos,bau (ohne Pruefstand),"Cabo de Hornos, Magallanes, Chile [harmonics_noaa_refs.txt]",Flach behalten,,,,,,,0.556,0.497,,offen (ohne Beleg)
harmonics_noaa_amtt.txt,"Paso Goree, Bahía Nassau, Chile",wctt-57,Cabo de Hornos,bau (ohne Pruefstand),"Cabo de Hornos, Magallanes, Chile [harmonics_noaa_refs.txt]",Flach behalten,,,,,,,0.927,0.828,,offen (ohne Beleg)
harmonics_noaa_amtt.txt,"Caleta Saint Martin, Isla Hermite, Chile",wctt-59,Cabo de Hornos,bau (ohne Pruefstand),"Cabo de Hornos, Magallanes, Chile [harmonics_noaa_refs.txt]",Flach behalten,,,,,,,0.68,0.607,,offen (ohne Beleg)
harmonics_noaa_amtt.txt,"Isla Diego Ramírez, Chile",wctt-63,Cabo de Hornos,bau (ohne Pruefstand),"Cabo de Hornos, Magallanes, Chile [harmonics_noaa_refs.txt]",Flach behalten,,,,,,,0.695,0.621,,offen (ohne Beleg)
harmonics_noaa_amtt.txt,"Bahía India, Seno Año Nuevo, Chile",wctt-65,Cabo de Hornos,bau (ohne Pruefstand),"Cabo de Hornos, Magallanes, Chile [harmonics_noaa_refs.txt]",Flach behalten,,,,,,,0.695,0.621,,offen (ohne Beleg)
harmonics_noaa_amtt.txt,"Isla Noir, Chile",wctt-67,Cabo de Hornos,bau (ohne Pruefstand),"Cabo de Hornos, Magallanes, Chile [harmonics_noaa_refs.txt]",Flach behalten,,,,,,,0.664,0.594,,offen (ohne Beleg)
harmonics_noaa_amtt.txt,"Islas Week, Chile",wctt-69,Cabo de Hornos,bau (ohne Pruefstand),"Cabo de Hornos, Magallanes, Chile [harmonics_noaa_refs.txt]",Flach behalten,,,,,,,0.649,0.58,,offen (ohne Beleg)
harmonics_noaa_amtt.txt,"Evangelistas, Chile",wctt-71,Cabo de Hornos,bau (ohne Pruefstand),"Cabo de Hornos, Magallanes, Chile [harmonics_noaa_refs.txt]",Flach behalten,,,,,,,0.603,0.538,,offen (ohne Beleg)
harmonics_noaa_amtt.txt,"Puerto Henry, Golfo Trinidad, Chile",wctt-75,Cabo de Hornos,bau (ohne Pruefstand),"Cabo de Hornos, Magallanes, Chile [harmonics_noaa_refs.txt]",Flach behalten,,,,,,,0.695,0.621,,offen (ohne Beleg)
harmonics_noaa_amtt.txt,"Puerto Barbara, Canal Fallos, Chile",wctt-79,Cabo de Hornos,bau (ohne Pruefstand),"Cabo de Hornos, Magallanes, Chile [harmonics_noaa_refs.txt]",Flach behalten,,,,,,,0.819,0.732,,offen (ohne Beleg)
harmonics_noaa_amtt.txt,"Puerto Barroso, Golfo de Penas, Chile",wctt-81,Cabo de Hornos,bau (ohne Pruefstand),"Cabo de Hornos, Magallanes, Chile [harmonics_noaa_refs.txt]",Flach behalten,,,,,,,0.819,0.732,,offen (ohne Beleg)
harmonics_noaa_amtt.txt,"Puerto Slight, Golfo Tres Montes, Chile",wctt-83,Cabo de Hornos,bau (ohne Pruefstand),"Cabo de Hornos, Magallanes, Chile [harmonics_noaa_refs.txt]",Flach behalten,,,,,,,0.433,0.386,,offen (ohne Beleg)
harmonics_noaa_amtt.txt,"Caleta Pascuas, Bahía San Andres, Chile",wctt-85,Cabo de Hornos,bau (ohne Pruefstand),"Cabo de Hornos, Magallanes, Chile [harmonics_noaa_refs.txt]",Flach behalten,,,,,,,0.664,0.594,,offen (ohne Beleg)
harmonics_noaa_amtt.txt,"Puerto Refugio, Chile",wctt-87,Cabo de Hornos,bau (ohne Pruefstand),"Cabo de Hornos, Magallanes, Chile [harmonics_noaa_refs.txt]",Flach behalten,,,,,,,0.664,0.594,,offen (ohne Beleg)
harmonics_noaa_amtt.txt,"Puerto Yates, Chile",wctt-89,Cabo de Hornos,bau (ohne Pruefstand),"Cabo de Hornos, Magallanes, Chile [harmonics_noaa_refs.txt]",Flach behalten,,,,,,,0.973,0.87,,offen (ohne Beleg)
harmonics_noaa_amtt.txt,"Rada Vallenar, Chile",wctt-91,Cabo de Hornos,bau (ohne Pruefstand),"Cabo de Hornos, Magallanes, Chile [harmonics_noaa_refs.txt]",Flach behalten,,,,,,,0.742,0.663,,offen (ohne Beleg)
harmonics_noaa_amtt.txt,"Puerto Italiano, Canal Darwin, Chile",wctt-93,Cabo de Hornos,bau (ohne Pruefstand),"Cabo de Hornos, Magallanes, Chile [harmonics_noaa_refs.txt]",Flach behalten,,,,,,,0.772,0.69,,offen (ohne Beleg)
harmonics_noaa_amtt.txt,"Puerto Lagunas, Chile",wctt-95,Cabo de Hornos,bau (ohne Pruefstand),"Cabo de Hornos, Magallanes, Chile [harmonics_noaa_refs.txt]",Flach behalten,,,,,,,0.865,0.773,,offen (ohne Beleg)
harmonics_noaa_amtt.txt,"Puerto Americano, Chile",wctt-97,Cabo de Hornos,bau (ohne Pruefstand),"Cabo de Hornos, Magallanes, Chile [harmonics_noaa_refs.txt]",Flach behalten,,,,,,,0.803,0.718,,offen (ohne Beleg)
harmonics_noaa_amtt.txt,"Isla Guamblin, Chile",wctt-99,Cabo de Hornos,bau (ohne Pruefstand),"Cabo de Hornos, Magallanes, Chile [harmonics_noaa_refs.txt]",Flach behalten,,,,,,,0.989,0.883,,offen (ohne Beleg)
harmonics_noaa_amtt.txt,"Isla Guafo, Chile",wctt-101,Cabo de Hornos,bau,"Cabo de Hornos, Magallanes, Chile [harmonics_noaa_refs.txt]",Flach behalten,,,,,,,0.911,0.814,,offen (ohne Beleg)
harmonics_noaa_amtt.txt,"Puerto Low, Chile",wctt-103,Cabo de Hornos,bau,"Cabo de Hornos, Magallanes, Chile [harmonics_noaa_refs.txt]",Flach behalten,,,,,,,0.989,0.883,,offen (ohne Beleg)
harmonics_noaa_amtt.txt,"Puerto Melinka, Chile",wctt-105,Cabo de Hornos,bau,"Cabo de Hornos, Magallanes, Chile [harmonics_noaa_refs.txt]",Flach behalten,9.54,7.5,33.9,27.3,,,1.035,0.925,"Wahrheit ok, Pegel ok",schreiben
harmonics_noaa_amtt.txt,"Bahía Tictoc, Chile",wctt-107,Cabo de Hornos,bau,"Cabo de Hornos, Magallanes, Chile [harmonics_noaa_refs.txt]",Flach behalten,,,,,,,1.081,0.966,,offen (ohne Beleg)
harmonics_noaa_amtt.txt,"Puerto San Pedro, Chile",wctt-109,Cabo de Hornos,bau,"Cabo de Hornos, Magallanes, Chile [harmonics_noaa_refs.txt]",Flach behalten,,,,,,,1.112,0.994,,offen (ohne Beleg)
harmonics_noaa_amtt.txt,"Puerto Quellón, Chile",wctt-111,Puerto Montt,bau,"Puerto Montt, Chile [harmonics_utide_observations.txt]",Flach behalten,,,,,,,1.871,1.747,,offen (ohne Beleg)
harmonics_noaa_amtt.txt,"Puerto Queilén, Chile",wctt-113,Puerto Montt,bau,"Puerto Montt, Chile [harmonics_utide_observations.txt]",Flach behalten,,,,,,,1.946,1.817,,offen (ohne Beleg)
harmonics_noaa_amtt.txt,"Castro, Chile",wctt-115,Puerto Montt,bau,"Puerto Montt, Chile [harmonics_utide_observations.txt]",Flach behalten,5.86,4.72,46.2,38.4,,,2.185,2.041,"Wahrheit ok, Pegel ok",schreiben
harmonics_noaa_amtt.txt,"Puerto Quemchi, Chile",wctt-117,Puerto Montt,bau,"Puerto Montt, Chile [harmonics_utide_observations.txt]",Flach behalten,,,,,,,2.365,2.208,,offen (ohne Beleg)
harmonics_noaa_amtt.txt,"Bahía Linao, Chile",wctt-119,Puerto Montt,bau,"Puerto Montt, Chile [harmonics_utide_observations.txt]",Flach behalten,,,,,,,1.946,1.817,,offen (ohne Beleg)
harmonics_noaa_amtt.txt,"Paso Lagartija, Chile",wctt-121,Puerto Montt,bau,"Puerto Montt, Chile [harmonics_utide_observations.txt]",Flach behalten,,,,,,,1.871,1.747,,offen (ohne Beleg)
harmonics_noaa_amtt.txt,"Paso Tautil, Chile",wctt-123,Puerto Montt,bau,"Puerto Montt, Chile [harmonics_utide_observations.txt]",Flach behalten,,,,,,,1.946,1.817,,offen (ohne Beleg)
harmonics_noaa_amtt.txt,"Roca Remolinos, Canal Chacao, Chile",wctt-127,Puerto Montt,bau,"Puerto Montt, Chile [harmonics_utide_observations.txt]",Flach behalten,,,,,5.67,5.24,1.871,1.747,Nachbarn ok,schreiben
harmonics_noaa_amtt.txt,"Ancud, Chile",wctt-129,Valparaiso,bau,"Valparaíso, Chile [harmonics_utide_observations.txt]",Flach behalten,4.63,5.23,,,,,0.704,0.656,Wahrheit schlechter,behalten (Beleg schlechter)
harmonics_noaa_amtt.txt,"Carelmapu, Canal Chacao, Chile",wctt-131,Valparaiso,bau,"Valparaíso, Chile [harmonics_utide_observations.txt]",Flach behalten,5.71,5.75,,,,,1.056,0.984,Wahrheit ok,schreiben
harmonics_noaa_amtt.txt,"Maullín, Río Maullín, Chile",wctt-133,Valparaiso,bau,"Valparaíso, Chile [harmonics_utide_observations.txt]",Flach behalten,,,,,,,0.934,0.87,Gruppe lokal n=3 +0.31 Punkte,behalten (Gruppe lokal schlechter)
harmonics_noaa_amtt.txt,"Queule, Chile",wctt-139,Valparaiso,bau,"Valparaíso, Chile [harmonics_utide_observations.txt]",Flach behalten,14.75,15.06,27.0,25.7,,,0.582,0.542,"Wahrheit schlechter, Pegel ok",behalten (Beleg schlechter)
harmonics_noaa_amtt.txt,"Río Imperial entrance, Chile",wctt-141,Valparaiso,bau,"Valparaíso, Chile [harmonics_utide_observations.txt]",Flach behalten,,,,,,,0.582,0.542,Gruppe lokal n=3 -0.20 Punkte,schreiben (Gruppenbeleg lokal)
harmonics_noaa_amtt.txt,"Caleta La Hacienda, Isla Mocha, Chile",wctt-143,Valparaiso,bau,"Valparaíso, Chile [harmonics_utide_observations.txt]",Flach behalten,,,,,,,0.612,0.57,Gruppe lokal n=3 -0.20 Punkte,schreiben (Gruppenbeleg lokal)
harmonics_noaa_amtt.txt,"Puerto Lebu, Chile",wctt-145,Valparaiso,bau,"Valparaíso, Chile [harmonics_utide_observations.txt]",Flach behalten,,,,,6.05,5.31,0.582,0.542,Nachbarn ok,schreiben
harmonics_noaa_amtt.txt,"Puerto Yana, Chile",wctt-147,Valparaiso,bau,"Valparaíso, Chile [harmonics_utide_observations.txt]",Flach behalten,,,,,,,0.582,0.542,Gruppe lokal n=3 -0.20 Punkte,schreiben (Gruppenbeleg lokal)
harmonics_noaa_amtt.txt,"Isla Santa María, Chile",wctt-149,Valparaiso,bau,"Valparaíso, Chile [harmonics_utide_observations.txt]",Flach behalten,,,,,,,0.735,0.684,Gruppe lokal n=3 -0.20 Punkte,schreiben (Gruppenbeleg lokal)
harmonics_noaa_amtt.txt,"Bahía Lota, Bahía Arauco, Chile",wctt-151,Valparaiso,bau,"Valparaíso, Chile [harmonics_utide_observations.txt]",Flach behalten,,,,,,,0.582,0.542,Gruppe lokal n=3 -0.20 Punkte,schreiben (Gruppenbeleg lokal)
harmonics_noaa_amtt.txt,"Talcahuano, Bahía Concepcion, Chile",wctt-153,Valparaiso,bau,"Valparaíso, Chile [harmonics_utide_observations.txt]",Flach behalten,2.67,2.47,10.6,10.3,,,0.49,0.456,"Wahrheit ok, Pegel ok",schreiben
harmonics_noaa_amtt.txt,"Bahía Coliumo, Chile",wctt-155,Valparaiso,bau,"Valparaíso, Chile [harmonics_utide_observations.txt]",Flach behalten,5.58,4.65,13.7,12.3,,,0.582,0.542,"Wahrheit ok, Pegel ok",schreiben
harmonics_noaa_amtt.txt,"Buchupureo, Chile",wctt-157,Valparaiso,bau,"Valparaíso, Chile [harmonics_utide_observations.txt]",Flach behalten,,,,,,,0.26,0.242,Gruppe lokal n=3 -0.93 Punkte,schreiben (Gruppenbeleg lokal)
harmonics_noaa_amtt.txt,"Curanipe, Chile",wctt-159,Valparaiso,bau,"Valparaíso, Chile [harmonics_utide_observations.txt]",Flach behalten,,,,,,,0.459,0.428,Gruppe lokal n=3 -0.93 Punkte,schreiben (Gruppenbeleg lokal)
harmonics_noaa_amtt.txt,"Llico, Chile",wctt-163,Valparaiso,bau,"Valparaíso, Chile [harmonics_utide_observations.txt]",Flach behalten,,,,,,,0.582,0.542,Gruppe lokal n=4 -1.07 Punkte,schreiben (Gruppenbeleg lokal)
harmonics_noaa_amtt.txt,"Rada Pichilemu, Chile",wctt-165,Valparaiso,bau,"Valparaíso, Chile [harmonics_utide_observations.txt]",Flach behalten,,,,,,,0.597,0.556,Gruppe lokal n=4 -1.07 Punkte,schreiben (Gruppenbeleg lokal)
harmonics_noaa_amtt.txt,"Rada Topocalma, Chile",wctt-167,Valparaiso,bau,"Valparaíso, Chile [harmonics_utide_observations.txt]",Flach behalten,,,,,,,0.582,0.542,Gruppe lokal n=3 -1.22 Punkte,schreiben (Gruppenbeleg lokal)
harmonics_noaa_amtt.txt,"San Antonio, Chile",wctt-169,Valparaiso,bau,"Valparaíso, Chile [harmonics_utide_observations.txt]",Flach behalten,7.32,5.76,15.1,12.9,,,0.597,0.556,"Wahrheit ok, Pegel ok",schreiben
harmonics_noaa_amtt.txt,"Algarrobo, Chile",wctt-171,Valparaiso,bau,"Valparaíso, Chile [harmonics_utide_observations.txt]",Flach behalten,,,,,,,0.459,0.428,Gruppe lokal n=2 -1.39 Punkte,schreiben (Gruppenbeleg lokal)
harmonics_noaa_amtt.txt,"Rada Quintay, Chile",wctt-173,Valparaiso,bau,"Valparaíso, Chile [harmonics_utide_observations.txt]",Flach behalten,,,,,,,0.597,0.556,Gruppe lokal n=2 -1.39 Punkte,schreiben (Gruppenbeleg lokal)
harmonics_noaa_amtt.txt,"Zapallar, Chile",wctt-179,Valparaiso,bau,"Valparaíso, Chile [harmonics_utide_observations.txt]",Flach behalten,,,,,,,0.582,0.542,Gruppe lokal n=3 -1.22 Punkte,schreiben (Gruppenbeleg lokal)
harmonics_noaa_amtt.txt,"Papudo, Chile",wctt-181,Valparaiso,bau,"Valparaíso, Chile [harmonics_utide_observations.txt]",Flach behalten,,,,,,,0.582,0.542,Gruppe lokal n=3 -1.22 Punkte,schreiben (Gruppenbeleg lokal)
harmonics_noaa_amtt.txt,"Pichidangui, Chile",wctt-183,Valparaiso,bau,"Valparaíso, Chile [harmonics_utide_observations.txt]",Flach behalten,8.45,7.23,,,,,0.582,0.542,Wahrheit ok,schreiben
harmonics_noaa_amtt.txt,"Los Vilos, Chile",wctt-185,Valparaiso,bau,"Valparaíso, Chile [harmonics_utide_observations.txt]",Flach behalten,,,,,,,0.551,0.513,Gruppe lokal n=3 -1.22 Punkte,schreiben (Gruppenbeleg lokal)
harmonics_noaa_amtt.txt,"Caleta Oscuro, Chile",wctt-187,Valparaiso,bau,"Valparaíso, Chile [harmonics_utide_observations.txt]",Flach behalten,,,,,,,0.551,0.513,Gruppe lokal n=3 -1.22 Punkte,schreiben (Gruppenbeleg lokal)
harmonics_noaa_amtt.txt,"Bahía Tongoy, Chile",wctt-189,Valparaiso,bau,"Valparaíso, Chile [harmonics_utide_observations.txt]",Flach behalten,,,,,,,0.582,0.542,Gruppe lokal n=2 -0.13 Punkte,schreiben (Gruppenbeleg lokal)
harmonics_noaa_amtt.txt,"Coquimbo, Chile",wctt-191,Valparaiso,bau,"Valparaíso, Chile [harmonics_utide_observations.txt]",Flach behalten,1.59,2.54,20.2,20.1,,,0.444,0.414,"Wahrheit schlechter, Pegel ok",behalten (Beleg schlechter)
harmonics_noaa_amtt.txt,"Caleta Totoralillo, Chile",wctt-193,Valparaiso,bau,"Valparaíso, Chile [harmonics_utide_observations.txt]",Flach behalten,,,,,,,0.582,0.542,Gruppe lokal n=2 -0.13 Punkte,schreiben (Gruppenbeleg lokal)
harmonics_noaa_amtt.txt,"Huasco, Chile",wctt-195,Antofagasta,bau,"Antofagasta, Chile [harmonics_ticon4_worldwide.txt]",Flach behalten,1.74,1.98,5.1,5.2,,,0.416,0.385,"Wahrheit ok, Pegel ok",schreiben
harmonics_noaa_amtt.txt,"Carrizal Bajo, Chile",wctt-197,Antofagasta,bau,"Antofagasta, Chile [harmonics_ticon4_worldwide.txt]",Flach behalten,,,,,,,0.355,0.328,Gruppe lokal n=2 +0.19 Punkte,behalten (Gruppe lokal schlechter)
harmonics_noaa_amtt.txt,"Caleta Barranquillas, Chile",wctt-199,Antofagasta,bau,"Antofagasta, Chile [harmonics_ticon4_worldwide.txt]",Flach behalten,,,,,,,0.355,0.328,Gruppe lokal n=4 +0.04 Punkte,behalten (Gruppe lokal schlechter)
harmonics_noaa_amtt.txt,"Puerto Flamenco, Chile",wctt-203,Antofagasta,bau,"Antofagasta, Chile [harmonics_ticon4_worldwide.txt]",Flach behalten,,,,,,,0.416,0.385,Gruppe lokal n=4 +0.04 Punkte,behalten (Gruppe lokal schlechter)
harmonics_noaa_amtt.txt,"Chanaral de las Animas, Chile",wctt-205,Antofagasta,bau,"Antofagasta, Chile [harmonics_ticon4_worldwide.txt]",Flach behalten,2.52,2.67,,,,,0.401,0.371,Wahrheit ok,schreiben
harmonics_noaa_amtt.txt,"Taltal, Chile",wctt-207,Antofagasta,bau,"Antofagasta, Chile [harmonics_ticon4_worldwide.txt]",Flach behalten,2.56,2.47,,,,,0.401,0.371,Wahrheit ok,schreiben
harmonics_noaa_amtt.txt,"Paposo, Chile",wctt-209,Antofagasta,bau,"Antofagasta, Chile [harmonics_ticon4_worldwide.txt]",Flach behalten,4.04,3.98,7.5,7.2,,,0.401,0.371,"Wahrheit ok, Pegel ok",schreiben
harmonics_noaa_amtt.txt,"Blanco Encalada, Chile",wctt-211,Antofagasta,bau,"Antofagasta, Chile [harmonics_ticon4_worldwide.txt]",Flach behalten,,,,,,,0.416,0.385,Gruppe lokal n=4 -0.07 Punkte,schreiben (Gruppenbeleg lokal)
harmonics_noaa_amtt.txt,"Cobija, Chile",wctt-217,Antofagasta,bau,"Antofagasta, Chile [harmonics_ticon4_worldwide.txt]",Flach behalten,,,,,,,0.463,0.428,Gruppe lokal n=3 -0.21 Punkte,schreiben (Gruppenbeleg lokal)
harmonics_noaa_amtt.txt,"Tocopilla, Chile",wctt-219,Antofagasta,bau,"Antofagasta, Chile [harmonics_ticon4_worldwide.txt]",Flach behalten,7.62,5.71,12.2,9.7,,,0.463,0.428,"Wahrheit ok, Pegel ok",schreiben
harmonics_noaa_amtt.txt,"Caleta Lobos, Chile",wctt-221,Antofagasta,bau,"Antofagasta, Chile [harmonics_ticon4_worldwide.txt]",Flach behalten,,,,,,,0.447,0.414,Gruppe lokal n=4 -1.21 Punkte,schreiben (Gruppenbeleg lokal)
harmonics_noaa_amtt.txt,"Iquique, Chile",wctt-223,Antofagasta,bau,"Antofagasta, Chile [harmonics_ticon4_worldwide.txt]",Flach behalten,1.93,1.72,9.3,9.1,,,0.37,0.343,"Wahrheit ok, Pegel ok",schreiben
harmonics_noaa_amtt.txt,"Caleta Junín, Chile",wctt-225,Antofagasta,bau,"Antofagasta, Chile [harmonics_ticon4_worldwide.txt]",Flach behalten,,,,,,,0.37,0.343,Gruppe lokal n=4 -1.21 Punkte,schreiben (Gruppenbeleg lokal)
harmonics_noaa_amtt.txt,"Pisagua, Chile",wctt-227,Antofagasta,bau,"Antofagasta, Chile [harmonics_ticon4_worldwide.txt]",Flach behalten,6.23,4.5,12.6,10.6,,,0.463,0.428,"Wahrheit ok, Pegel ok",schreiben
harmonics_noaa_amtt.txt,"Arica, Chile",wctt-229,Antofagasta,bau,"Antofagasta, Chile [harmonics_ticon4_worldwide.txt]",Flach behalten,2.05,1.36,10.2,9.8,,,0.37,0.343,"Wahrheit ok, Pegel ok",schreiben
harmonics_noaa_amtt.txt,"Puerto San Juan, Peru",wctt-235,Matarani,bau,"Matarani, Peru [harmonics_ticon4_worldwide.txt]",Flach behalten,2.51,2.49,,,,,0.276,0.265,Wahrheit ok,schreiben
harmonics_noaa_amtt.txt,"Pisco, Peru",wctt-237,Callao,bau (ohne Pruefstand),"Callao (La Punta), Peru [harmonics_ticon4_worldwide.txt]",Flach behalten,,,,,,,0.282,0.246,,offen (ohne Beleg)
harmonics_noaa_amtt.txt,"Puerto Bolivar, Ecuador",wctt-261,La Libertad,bau,"La Libertad, Ecuador [harmonics_ticon4_worldwide.txt]",Flach behalten,9.04,8.29,,,,,1.145,1.049,Wahrheit ok,schreiben
harmonics_noaa_amtt.txt,"Puna, Ecuador",wctt-263,La Libertad,bau,"La Libertad, Ecuador [harmonics_ticon4_worldwide.txt]",Flach behalten,3.86,3.1,,,,,1.49,1.366,Wahrheit ok,schreiben
harmonics_noaa_amtt.txt,"Bahía Manta, Ecuador",wctt-271,La Libertad,bau,"La Libertad, Ecuador [harmonics_ticon4_worldwide.txt]",Flach behalten,2.87,1.66,,,,,0.988,0.906,Wahrheit ok,schreiben
harmonics_noaa_amtt.txt,"Río Chone, Ecuador",wctt-273,La Libertad,bau,"La Libertad, Ecuador [harmonics_ticon4_worldwide.txt]",Flach behalten,3.03,1.97,,,,,1.066,0.978,Wahrheit ok,schreiben
harmonics_noaa_amtt.txt,"Caleta Aeolian, Isla Baltra, Ecuador",wctt-291,San Cristobal,gewaehlt,"Puerto Baquerizo Moreno, San Cristóbal, Galapagos, Ecuador [harmonics-1997-05-25_mod.txt]",Flach behalten,13.51,1.12,,,,,0.791,0.724,Wahrheit ok,schreiben
harmonics_noaa_amtt.txt,"Tumaco, Colombia",wctt-295,Buenaventura,bau,"Buenaventura, Colombia [harmonics_ticon4_worldwide.txt]",Flach behalten,2.07,1.22,,,,,1.29,1.18,Wahrheit ok,schreiben
harmonics_noaa_amtt.txt,"Los Negritos, Colombia",wctt-299,Buenaventura,bau,"Buenaventura, Colombia [harmonics_ticon4_worldwide.txt]",Flach behalten,,,,,,,1.574,1.439,,offen (ohne Beleg)
harmonics_noaa_amtt.txt,"Río San Juan, Colombia",wctt-301,Buenaventura,bau,"Buenaventura, Colombia [harmonics_ticon4_worldwide.txt]",Flach behalten,,,,,,,1.574,1.439,,offen (ohne Beleg)
harmonics_noaa_amtt.txt,"Bahía Cuevita, Colombia",wctt-303,Buenaventura,bau (ohne Pruefstand),"Buenaventura, Colombia [harmonics_ticon4_worldwide.txt]",Flach behalten,,,,,,,1.574,1.439,,offen (ohne Beleg)
harmonics_noaa_amtt.txt,"Ensenada Utría, Colombia",wctt-305,Buenaventura,bau (ohne Pruefstand),"Buenaventura, Colombia [harmonics_ticon4_worldwide.txt]",Flach behalten,,,,,,,1.574,1.439,,offen (ohne Beleg)
harmonics_noaa_amtt.txt,"Bahía Solano, Colombia",wctt-307,Buenaventura,bau (ohne Pruefstand),"Buenaventura, Colombia [harmonics_ticon4_worldwide.txt]",Flach behalten,,,,,2.86,2.48,1.306,1.194,Nachbarn ok,schreiben
harmonics_noaa_amtt.txt,"Bahía Cupica, Colombia",wctt-309,Buenaventura,bau (ohne Pruefstand),"Buenaventura, Colombia [harmonics_ticon4_worldwide.txt]",Flach behalten,,,,,,,1.589,1.454,,offen (ohne Beleg)
harmonics_noaa_amtt.txt,"Bahía Octavia, Colombia",wctt-311,Buenaventura,bau (ohne Pruefstand),"Buenaventura, Colombia [harmonics_ticon4_worldwide.txt]",Flach behalten,,,,,,,1.589,1.454,,offen (ohne Beleg)
harmonics_noaa_amtt.txt,"Naos Island, Panama",wctt-323,Balboa,bau,"Balboa, Panama [harmonics_ticon4_worldwide.txt]",Flach behalten,1.69,1.05,,,,,1.949,1.805,Wahrheit ok,schreiben
harmonics_noaa_amtt.txt,"Puerto Armuelles, Panama",wctt-337,Puntarenas,bau,"Puntarenas, Costa Rica [harmonics-2004-06-14_mod.txt]",Flach behalten,2.5,1.36,,,,,1.212,1.151,Wahrheit ok,schreiben
harmonics_noaa_amtt.txt,"Golfito, Golfo Dulce, Costa Rica",wctt-339,Puntarenas,bau,"Puntarenas, Costa Rica [harmonics-2004-06-14_mod.txt]",Flach behalten,3.2,2.34,,,,,1.228,1.166,Wahrheit ok,schreiben
harmonics_noaa_amtt.txt,"Corinto (Isla Cardon), Nicaragua",wctt-359,La Union,bau,"La Union, El Salvador [harmonics_utide_observations.txt]",Flach behalten,5.28,3.88,9.2,6.6,,,0.971,0.874,"Wahrheit ok, Pegel ok",schreiben
harmonics_noaa_amtt.txt,"La Libertad, El Salvador",wctt-365,La Union,bau,"La Union, El Salvador [harmonics_utide_observations.txt]",Flach behalten,3.74,1.79,8.8,7.0,,,0.859,0.774,"Wahrheit ok, Pegel ok",schreiben
harmonics_noaa_amtt.txt,"Puerto de San Jose, Guatemala",wctt-369,La Union,bau,"La Union, El Salvador [harmonics_utide_observations.txt]",Flach behalten,2.89,2.76,,,,,0.796,0.717,Wahrheit ok,schreiben
harmonics_noaa_amtt.txt,"Champerico, Guatemala",wctt-371,La Union,bau,"La Union, El Salvador [harmonics_utide_observations.txt]",Flach behalten,5.72,4.36,,,,,0.796,0.717,Wahrheit ok,schreiben
harmonics_noaa_amtt.txt,"Acapulco, Guerrero, Mexico",wctt-377,Salina Cruz,bau,"Salina Cruz (Faro), Oaxaca, Mexico [harmonics_ticon4_worldwide.txt]",Flach behalten,19.86,14.37,22.8,15.5,,,0.257,0.217,"Wahrheit ok, Pegel ok",schreiben
harmonics_noaa_amtt.txt,"Isla Socorro, Colima, Mexico",wctt-383,San Diego,bau,"San Diego, California [harmonics-2004-06-14_mod.txt]",Flach behalten,3.87,3.84,14.3,8.9,,,0.397,0.362,"Wahrheit ok, Pegel ok",schreiben
harmonics_noaa_amtt.txt,"San Carlos, Baja California Sur, Mexico",wctt-399,San Diego,bau,"San Diego, California [harmonics-2004-06-14_mod.txt]",Flach behalten,4.47,3.92,18.1,15.3,,,0.632,0.576,"Wahrheit ok, Pegel ok",schreiben
harmonics_noaa_amtt.txt,"Ensenada, Todos Santos Bay, Baja California, Mexico",wctt-403,San Diego,bau,"San Diego, California [harmonics-2004-06-14_mod.txt]",Flach behalten,4.27,2.08,15.5,6.8,,,0.558,0.509,"Wahrheit ok, Pegel ok",schreiben
harmonics_noaa_amtt.txt,"San Clemente, California",wctt-425,San Diego,bau,"San Diego, California [harmonics-2004-06-14_mod.txt]",Flach behalten,,,,,,,0.543,0.496,,offen (ohne Beleg)
harmonics_noaa_amtt.txt,"Los Patos (highway bridge), California",wctt-433,Los Angeles,bau,"Los Angeles (outer harbor), California [harmonics-dwf-20251228-free.txt]",Flach behalten,,,,,,,0.497,0.45,,offen (ohne Beleg)
harmonics_noaa_amtt.txt,"El Segundo, Santa Monica Bay, California",wctt-447,Los Angeles,bau,"Los Angeles (outer harbor), California [harmonics-dwf-20251228-free.txt]",Flach behalten,,,,,,,0.541,0.49,,offen (ohne Beleg)
harmonics_noaa_amtt.txt,"Mugu Lagoon (ocean pier), California",wctt-451,Los Angeles,bau,"Los Angeles (outer harbor), California [harmonics-dwf-20251228-free.txt]",Flach behalten,,,,,,,0.541,0.49,,offen (ohne Beleg)
harmonics_noaa_amtt.txt,"Port Hueneme, California",wctt-453,Los Angeles,bau,"Los Angeles (outer harbor), California [harmonics-dwf-20251228-free.txt]",Flach behalten,,,,,,,0.541,0.49,,offen (ohne Beleg)
harmonics_noaa_amtt.txt,"Ventura, California",wctt-455,Los Angeles,bau,"Los Angeles (outer harbor), California [harmonics-dwf-20251228-free.txt]",Flach behalten,,,,,,,0.541,0.49,,offen (ohne Beleg)
harmonics_noaa_amtt.txt,"Catalina Harbor, Santa Catalina Island, California",wctt-467,Los Angeles,bau,"Los Angeles (outer harbor), California [harmonics-dwf-20251228-free.txt]",Flach behalten,3.92,1.91,,,,,0.526,0.477,Wahrheit ok,schreiben
harmonics_noaa_amtt.txt,"Santa Barbara Island, California",wctt-471,Los Angeles,bau,"Los Angeles (outer harbor), California [harmonics-dwf-20251228-free.txt]",Flach behalten,,,,,,,0.512,0.464,,offen (ohne Beleg)
harmonics_noaa_amtt.txt,"San Nicolas Island, California",wctt-473,Los Angeles,bau,"Los Angeles (outer harbor), California [harmonics-dwf-20251228-free.txt]",Flach behalten,,,,,,,0.482,0.437,,offen (ohne Beleg)
harmonics_noaa_amtt.txt,"Cuyler Harbor, San Miguel Island, California",wctt-479,Los Angeles,bau (ohne Pruefstand),"Los Angeles (outer harbor), California [harmonics-dwf-20251228-free.txt]",Flach behalten,,,,,,,0.512,0.464,,offen (ohne Beleg)
harmonics_noaa_amtt.txt,"Point Arguello, California",wctt-481,Port San Luis,bau (ohne Pruefstand),"Port San Luis, California [harmonics-dwf-20251228-free.txt]",Flach behalten,,,,,,,0.522,0.474,,offen (ohne Beleg)
harmonics_noaa_amtt.txt,"San Simeon, California",wctt-485,Port San Luis,bau (ohne Pruefstand),"Port San Luis, California [harmonics-dwf-20251228-free.txt]",Flach behalten,,,,,,,0.537,0.488,,offen (ohne Beleg)
harmonics_noaa_amtt.txt,"Carmel Cove, Carmel Bay, California",wctt-489,Monterey,bau (ohne Pruefstand),"Monterey, Monterey Harbor, California [harmonics-dwf-20251228-free.txt]",Flach behalten,,,,,,,0.521,0.473,,offen (ohne Beleg)
harmonics_noaa_amtt.txt,"Santa Cruz, Monterey Bay, California",wctt-509,Monterey,bau (ohne Pruefstand),"Monterey, Monterey Harbor, California [harmonics-dwf-20251228-free.txt]",Flach behalten,,,,,,,0.521,0.473,,offen (ohne Beleg)
harmonics_noaa_amtt.txt,"Ano Nuevo Island, California",wctt-511,San Francisco,bau,"San Francisco, San Francisco Bay, California [harmonics-dwf-20251228-free.txt]",Flach behalten,,,,,,,0.531,0.482,,offen (ohne Beleg)
harmonics_noaa_amtt.txt,"Southeast Farallon Island, California",wctt-515,San Francisco,bau,"San Francisco, San Francisco Bay, California [harmonics-dwf-20251228-free.txt]",Flach behalten,,,,,,,0.576,0.523,,offen (ohne Beleg)
harmonics_noaa_amtt.txt,"Tomales Bay entrance, California",wctt-769,San Francisco,bau,"San Francisco, San Francisco Bay, California [harmonics-dwf-20251228-free.txt]",Flach behalten,1.84,1.51,,,,,0.531,0.482,Wahrheit ok,schreiben
harmonics_noaa_amtt.txt,"Marshall, Tomales Bay, California",wctt-775,San Francisco,bau,"San Francisco, San Francisco Bay, California [harmonics-dwf-20251228-free.txt]",Flach behalten,,,,,,,0.546,0.495,,offen (ohne Beleg)
harmonics_noaa_amtt.txt,"Bodega Harbor entrance, California",wctt-781,San Francisco,bau,"San Francisco, San Francisco Bay, California [harmonics-dwf-20251228-free.txt]",Flach behalten,,,,,,,0.576,0.523,,offen (ohne Beleg)
harmonics_noaa_amtt.txt,"Fort Ross, California",wctt-783,San Francisco,bau,"San Francisco, San Francisco Bay, California [harmonics-dwf-20251228-free.txt]",Flach behalten,,,,,,,0.591,0.537,,offen (ohne Beleg)
harmonics_noaa_amtt.txt,"Mendocino, Mendocino Bay, California",wctt-791,Arena Cove,bau (ohne Pruefstand),"Arena Cove, California [harmonics-dwf-20251228-free.txt]",Flach behalten,,,,,,,0.607,0.551,,offen (ohne Beleg)
harmonics_noaa_amtt.txt,"Westport, California",wctt-795,Arena Cove,bau (ohne Pruefstand),"Arena Cove, California [harmonics-dwf-20251228-free.txt]",Flach behalten,,,,,,,0.607,0.551,,offen (ohne Beleg)
harmonics_noaa_amtt.txt,"Brookings, Chetco Cove, California",wctt-829,Crescent City,bau (ohne Pruefstand),"Crescent City, California [harmonics-dwf-20251228-free.txt]",Flach behalten,,,,,,,0.783,0.711,,offen (ohne Beleg)
harmonics_noaa_amtt.txt,"Nestucca Bay entrance, Oregon",wctt-885,Crescent City,bau (ohne Pruefstand),"Crescent City, California [harmonics-dwf-20251228-free.txt]",Flach behalten,,,,,,,0.891,0.808,,offen (ohne Beleg)
harmonics_noaa_amtt.txt,"Knappa, Knappa Slough, Washington",wctt-935,Astoria,bau (ohne Pruefstand),"Astoria (Tongue Point), Oregon (3) [harmonics-2004-06-14_mod.txt]",Flach behalten,,,,,,,1.01,0.91,,offen (ohne Beleg)
harmonics_noaa_amtt.txt,"Harrington Point, Wash, Oregon",wctt-939,Astoria,bau (ohne Pruefstand),"Astoria (Tongue Point), Oregon (3) [harmonics-2004-06-14_mod.txt]",Flach behalten,,,,,,,0.948,0.854,,offen (ohne Beleg)
harmonics_noaa_amtt.txt,"Destruction Island, Washington",wctt-1021,Toke Point,bau (ohne Pruefstand),"Toke Point, Willapa Bay, Washington [harmonics-dwf-20251228-free.txt]",Flach behalten,,,,,,,1.019,0.925,,offen (ohne Beleg)
harmonics_noaa_amtt.txt,"Crescent Bay, Washington",wctt-1041,Port Townsend,bau,"Port Townsend, Washington (3) [harmonics-2004-06-14_mod.txt]",Flach behalten,7.8,7.6,,,,,0.577,0.521,Wahrheit ok,schreiben
harmonics_noaa_amtt.txt,"Stanwood, Stillaguamish River, Washington",wctt-1209,Seattle,bau (ohne Pruefstand),"Seattle, Puget Sound, Washington [harmonics-dwf-20251228-free.txt]",Flach behalten,,,,,,,0.848,0.773,,offen (ohne Beleg)
harmonics_noaa_amtt.txt,"Chuckanut Bay, Washington",wctt-1255,Port Townsend,bau,"Port Townsend, Washington (3) [harmonics-2004-06-14_mod.txt]",Flach behalten,,,,,,,0.732,0.661,,offen (ohne Beleg)
harmonics_noaa_amtt.txt,"Atkinson Point, Burrard Inlet, British Columbia, Canada",wctt-1319,Vancouver,behalten,,,,,,,,,,,,behalten (Gruppe am Pruefstand schlechter)
harmonics_noaa_amtt.txt,"Redonda Bay, Deer Passage, British Columbia, Canada",wctt-1335,Vancouver,bau,"Vancouver (CRAB Park at Portside), British Columbia, Canada [harmonics_utide_observations.txt]",Flach behalten,2.13,1.65,11.8,10.6,,,1.02,0.901,"Wahrheit ok, Pegel ok",schreiben
harmonics_noaa_amtt.txt,"Waddington Harbor, Bute Inlet, British Columbia, Canada",wctt-1339,Vancouver,bau,"Vancouver (CRAB Park at Portside), British Columbia, Canada [harmonics_utide_observations.txt]",Flach behalten,,,,,,,1.047,0.925,,offen (ohne Beleg)
harmonics_noaa_amtt.txt,"Chatham Channel (Root Point), British Columbia, Canada",wctt-1357,Sitka,bau (ohne Pruefstand),"Sitka, Alaska [harmonics-2004-06-14_mod.txt]",Flach behalten,,,,,,,1.378,1.255,Gruppe lokal n=2 -0.48 Punkte,schreiben (Gruppenbeleg lokal)
harmonics_noaa_amtt.txt,"Farewell Harbor, Blackfish Sound, British Columbia, Canada",wctt-1361,Sitka,bau (ohne Pruefstand),"Sitka, Alaska [harmonics-2004-06-14_mod.txt]",Flach behalten,,,,,,,1.294,1.179,Gruppe lokal n=2 -0.48 Punkte,schreiben (Gruppenbeleg lokal)
harmonics_noaa_amtt.txt,"Blunden Harbor, British Columbia, Canada",wctt-1363,Sitka,bau (ohne Pruefstand),"Sitka, Alaska [harmonics-2004-06-14_mod.txt]",Flach behalten,,,,,2.27,1.79,1.366,1.244,Nachbarn ok,schreiben
harmonics_noaa_amtt.txt,"Port San Juan, British Columbia, Canada",wctt-1371,Sitka,bau,"Sitka, Alaska [harmonics-2004-06-14_mod.txt]",Flach behalten,3.4,3.07,27.5,15.2,,,0.769,0.697,"Wahrheit ok, Pegel ok",schreiben
harmonics_noaa_amtt.txt,"Carmanah Point, British Columbia, Canada",wctt-1373,Sitka,bau,"Sitka, Alaska [harmonics-2004-06-14_mod.txt]",Flach behalten,,,,,,,0.923,0.836,Gruppe lokal n=2 -0.48 Punkte,schreiben (Gruppenbeleg lokal)
harmonics_noaa_amtt.txt,"Clayoquot, British Columbia, Canada",wctt-1379,Sitka,bau,"Sitka, Alaska [harmonics-2004-06-14_mod.txt]",Flach behalten,3.1,2.47,32.4,7.5,,,1.077,0.975,"Wahrheit ok, Pegel ok",schreiben
harmonics_noaa_amtt.txt,"Kyuquot Sound, British Columbia, Canada",wctt-1387,Sitka,bau (ohne Pruefstand),"Sitka, Alaska [harmonics-2004-06-14_mod.txt]",Flach behalten,,,,,,,1.077,0.975,Gruppe lokal n=2 -0.48 Punkte,schreiben (Gruppenbeleg lokal)
harmonics_noaa_amtt.txt,"Nasparti Inlet, British Columbia, Canada",wctt-1389,Sitka,bau (ohne Pruefstand),"Sitka, Alaska [harmonics-2004-06-14_mod.txt]",Flach behalten,,,,,,,1.108,1.003,Gruppe lokal n=2 -0.48 Punkte,schreiben (Gruppenbeleg lokal)
harmonics_noaa_amtt.txt,"Klaskish Inlet, British Columbia, Canada",wctt-1391,Sitka,bau (ohne Pruefstand),"Sitka, Alaska [harmonics-2004-06-14_mod.txt]",Flach behalten,,,,,,,1.108,1.003,,offen (ohne Beleg)
harmonics_noaa_amtt.txt,"Bella Bella, Lama Passage, Campbell Island, British Columbia, Canada",wctt-1405,Ketchikan,bau (ohne Pruefstand),"Ketchikan, Alaska [harmonics-2004-06-14_mod.txt]",Flach behalten,,,,,2.79,2.7,1.415,1.282,Nachbarn ok,schreiben
harmonics_noaa_amtt.txt,"Carter Bay, British Columbia, Canada",wctt-1413,Ketchikan,bau (ohne Pruefstand),"Ketchikan, Alaska [harmonics-2004-06-14_mod.txt]",Flach behalten,,,,,,,1.57,1.423,Gruppe lokal n=2 -0.52 Punkte,schreiben (Gruppenbeleg lokal)
harmonics_noaa_amtt.txt,"Kemano Bay, Gardner Canal, British Columbia, Canada",wctt-1421,Ketchikan,bau (ohne Pruefstand),"Ketchikan, Alaska [harmonics-2004-06-14_mod.txt]",Flach behalten,,,,,2.28,1.8,1.881,1.705,Nachbarn ok,schreiben
harmonics_noaa_amtt.txt,"Port Stephens, British Columbia, Canada",wctt-1425,Ketchikan,bau (ohne Pruefstand),"Ketchikan, Alaska [harmonics-2004-06-14_mod.txt]",Flach behalten,,,,,,,1.601,1.451,Gruppe lokal n=2 -0.52 Punkte,schreiben (Gruppenbeleg lokal)
harmonics_noaa_amtt.txt,"Port Canaveral, British Columbia, Canada",wctt-1427,Ketchikan,bau,"Ketchikan, Alaska [harmonics-2004-06-14_mod.txt]",Flach behalten,,,,,,,1.601,1.451,Gruppe lokal n=2 -0.52 Punkte,schreiben (Gruppenbeleg lokal)
harmonics_noaa_amtt.txt,"Beaver Passage, British Columbia, Canada",wctt-1429,Ketchikan,bau,"Ketchikan, Alaska [harmonics-2004-06-14_mod.txt]",Flach behalten,2.17,1.41,24.8,9.1,,,2.052,1.86,"Wahrheit ok, Pegel ok",schreiben
harmonics_noaa_amtt.txt,"Skidegate Inlet, British Columbia, Canada",wctt-1439,Ketchikan,bau,"Ketchikan, Alaska [harmonics-2004-06-14_mod.txt]",Flach behalten,1.89,1.61,25.9,16.4,,,2.13,1.93,"Wahrheit ok, Pegel ok",schreiben
harmonics_noaa_amtt.txt,"Masset Harbor, British Columbia, Canada",wctt-1447,Ketchikan,bau,"Ketchikan, Alaska [harmonics-2004-06-14_mod.txt]",Flach behalten,,,,,2.82,2.95,1.181,1.071,Nachbarn ok,schreiben
harmonics_noaa_amtt.txt,"Haystack Island, B.C., British Columbia, Canada",wctt-1455,Ketchikan,bau,"Ketchikan, Alaska [harmonics-2004-06-14_mod.txt]",Flach behalten,,,,,,,1.959,1.775,Gruppe lokal n=2 -0.52 Punkte,schreiben (Gruppenbeleg lokal)
harmonics_noaa_amtt.txt,"Wales Island (Cannery), Pearse Canal, British Columbia, Canada",wctt-1457,Ketchikan,bau,"Ketchikan, Alaska [harmonics-2004-06-14_mod.txt]",Flach behalten,,,,,,,2.005,1.817,Gruppe lokal n=2 -0.52 Punkte,schreiben (Gruppenbeleg lokal)
harmonics_noaa_amtt.txt,"Stewart, B.C., British Columbia, Canada",wctt-1463,Ketchikan,bau (ohne Pruefstand),"Ketchikan, Alaska [harmonics-2004-06-14_mod.txt]",Flach behalten,,,,,,,2.223,2.015,,offen (ohne Beleg)
harmonics_noaa_amtt.txt,"Minnie Bay, Alaska",wctt-1543,Sitka,bau (ohne Pruefstand),"Sitka, Alaska [harmonics-2004-06-14_mod.txt]",Flach behalten,,,,,,,1.585,1.435,,offen (ohne Beleg)
harmonics_noaa_amtt.txt,"Tah Bay, Alaska",wctt-1545,Sitka,bau (ohne Pruefstand),"Sitka, Alaska [harmonics-2004-06-14_mod.txt]",Flach behalten,,,,,,,1.569,1.421,,offen (ohne Beleg)
harmonics_noaa_amtt.txt,"Hunter Bay, Alaska",wctt-1547,Sitka,bau (ohne Pruefstand),"Sitka, Alaska [harmonics-2004-06-14_mod.txt]",Flach behalten,,,,,,,1.585,1.435,,offen (ohne Beleg)
harmonics_noaa_amtt.txt,"Kassa Inlet entrance, Alaska",wctt-1549,Sitka,bau (ohne Pruefstand),"Sitka, Alaska [harmonics-2004-06-14_mod.txt]",Flach behalten,,,,,,,1.569,1.421,,offen (ohne Beleg)
harmonics_noaa_amtt.txt,"Elbow Bay, Alaska",wctt-1551,Sitka,bau (ohne Pruefstand),"Sitka, Alaska [harmonics-2004-06-14_mod.txt]",Flach behalten,,,,,,,1.569,1.421,,offen (ohne Beleg)
harmonics_noaa_amtt.txt,"Mabel Island, Alaska",wctt-1553,Sitka,bau (ohne Pruefstand),"Sitka, Alaska [harmonics-2004-06-14_mod.txt]",Flach behalten,,,,,,,1.6,1.449,,offen (ohne Beleg)
harmonics_noaa_amtt.txt,"Keete Island, Nutkwa Inlets, Alaska",wctt-1555,Sitka,bau (ohne Pruefstand),"Sitka, Alaska [harmonics-2004-06-14_mod.txt]",Flach behalten,,,,,,,1.6,1.449,,offen (ohne Beleg)
harmonics_noaa_amtt.txt,"Keete Inlet, Alaska",wctt-1557,Sitka,bau (ohne Pruefstand),"Sitka, Alaska [harmonics-2004-06-14_mod.txt]",Flach behalten,,,,,,,1.615,1.463,,offen (ohne Beleg)
harmonics_noaa_amtt.txt,"Mud Bay, Alaska",wctt-1559,Sitka,bau (ohne Pruefstand),"Sitka, Alaska [harmonics-2004-06-14_mod.txt]",Flach behalten,,,,,,,1.6,1.449,,offen (ohne Beleg)
harmonics_noaa_amtt.txt,"Copper Harbor, Alaska",wctt-1561,Sitka,bau (ohne Pruefstand),"Sitka, Alaska [harmonics-2004-06-14_mod.txt]",Flach behalten,,,,,,,1.6,1.449,,offen (ohne Beleg)
harmonics_noaa_amtt.txt,"Sulzer, Alaska",wctt-1563,Sitka,bau (ohne Pruefstand),"Sitka, Alaska [harmonics-2004-06-14_mod.txt]",Flach behalten,,,,,,,1.615,1.463,,offen (ohne Beleg)
harmonics_noaa_amtt.txt,"American Bay, Kaigani Strait, Alaska",wctt-1565,Sitka,bau (ohne Pruefstand),"Sitka, Alaska [harmonics-2004-06-14_mod.txt]",Flach behalten,,,,,,,1.569,1.421,,offen (ohne Beleg)
harmonics_noaa_amtt.txt,"Security Cove, Alaska",wctt-1585,Sitka,bau (ohne Pruefstand),"Sitka, Alaska [harmonics-2004-06-14_mod.txt]",Flach behalten,,,,,,,1.338,1.212,,offen (ohne Beleg)
harmonics_noaa_amtt.txt,"Sakie Bay, Alaska",wctt-1587,Sitka,bau (ohne Pruefstand),"Sitka, Alaska [harmonics-2004-06-14_mod.txt]",Flach behalten,,,,,,,1.231,1.115,,offen (ohne Beleg)
harmonics_noaa_amtt.txt,"Sea Otter Harbor, Alaska",wctt-1589,Sitka,bau (ohne Pruefstand),"Sitka, Alaska [harmonics-2004-06-14_mod.txt]",Flach behalten,,,,,,,1.169,1.059,,offen (ohne Beleg)
harmonics_noaa_amtt.txt,"Edna Bay, Alaska",wctt-1611,Sitka,bau (ohne Pruefstand),"Sitka, Alaska [harmonics-2004-06-14_mod.txt]",Flach behalten,,,,,,,1.323,1.198,,offen (ohne Beleg)
harmonics_noaa_amtt.txt,"South of Devilfish Bay, Alaska",wctt-1629,Sitka,bau (ohne Pruefstand),"Sitka, Alaska [harmonics-2004-06-14_mod.txt]",Flach behalten,,,,,,,1.338,1.212,,offen (ohne Beleg)
harmonics_noaa_amtt.txt,"Port Beauclerc, Kuiu Island, Alaska",wctt-1635,Sitka,bau (ohne Pruefstand),"Sitka, Alaska [harmonics-2004-06-14_mod.txt]",Flach behalten,,,,,,,1.492,1.352,,offen (ohne Beleg)
harmonics_noaa_amtt.txt,"Ideal Cove, Mitkof Island, Alaska",wctt-1673,Juneau,bau (ohne Pruefstand),"Juneau, Alaska [harmonics-2004-06-14_mod.txt]",Flach behalten,,,,,,,2.091,1.897,,offen (ohne Beleg)
harmonics_noaa_amtt.txt,"Brown Cove, Alaska",wctt-1677,Juneau,bau (ohne Pruefstand),"Juneau, Alaska [harmonics-2004-06-14_mod.txt]",Flach behalten,,,,,,,2.091,1.897,,offen (ohne Beleg)
harmonics_noaa_amtt.txt,"Portage Bay, Kupreanof Island, Alaska",wctt-1681,Juneau,bau (ohne Pruefstand),"Juneau, Alaska [harmonics-2004-06-14_mod.txt]",Flach behalten,,,,,,,2.014,1.827,,offen (ohne Beleg)
harmonics_noaa_amtt.txt,"Eliza Harbor, Liesnoi Island, Alaska",wctt-1687,Juneau,bau (ohne Pruefstand),"Juneau, Alaska [harmonics-2004-06-14_mod.txt]",Flach behalten,,,,,,,1.843,1.672,,offen (ohne Beleg)
harmonics_noaa_amtt.txt,"Hobart Bay, Alaska",wctt-1699,Juneau,bau (ohne Pruefstand),"Juneau, Alaska [harmonics-2004-06-14_mod.txt]",Flach behalten,,,,,,,1.967,1.784,,offen (ohne Beleg)
harmonics_noaa_amtt.txt,"Windham Bay, Alaska",wctt-1707,Juneau,bau (ohne Pruefstand),"Juneau, Alaska [harmonics-2004-06-14_mod.txt]",Flach behalten,,,,,,,1.967,1.784,,offen (ohne Beleg)
harmonics_noaa_amtt.txt,"Rasp Ledge, Seymour Canal, Alaska",wctt-1709,Juneau,bau (ohne Pruefstand),"Juneau, Alaska [harmonics-2004-06-14_mod.txt]",Flach behalten,,,,,,,1.998,1.812,,offen (ohne Beleg)
harmonics_noaa_amtt.txt,"Windfall Harbor, Seymour Canal, Alaska",wctt-1711,Juneau,bau (ohne Pruefstand),"Juneau, Alaska [harmonics-2004-06-14_mod.txt]",Flach behalten,,,,,,,2.091,1.897,,offen (ohne Beleg)
harmonics_noaa_amtt.txt,"Greely Point, Taku Inlet, Alaska",wctt-1725,Juneau,bau (ohne Pruefstand),"Juneau, Alaska [harmonics-2004-06-14_mod.txt]",Flach behalten,,,,,,,2.045,1.855,,offen (ohne Beleg)
harmonics_noaa_amtt.txt,"Taku Point, Taku Inlet, Alaska",wctt-1727,Juneau,bau (ohne Pruefstand),"Juneau, Alaska [harmonics-2004-06-14_mod.txt]",Flach behalten,,,,,,,2.184,1.981,,offen (ohne Beleg)
harmonics_noaa_amtt.txt,"Funter, Funter Bay, Alaska",wctt-1737,Juneau,bau (ohne Pruefstand),"Juneau, Alaska [harmonics-2004-06-14_mod.txt]",Flach behalten,,,,,,,1.952,1.77,,offen (ohne Beleg)
harmonics_noaa_amtt.txt,"William Henry Bay, Alaska",wctt-1743,Juneau,bau (ohne Pruefstand),"Juneau, Alaska [harmonics-2004-06-14_mod.txt]",Flach behalten,,,,,,,2.045,1.855,,offen (ohne Beleg)
harmonics_noaa_amtt.txt,"Port Walter, Baranof Island, Alaska",wctt-1757,Sitka,bau (ohne Pruefstand),"Sitka, Alaska [harmonics-2004-06-14_mod.txt]",Flach behalten,,,,,,,1.4,1.268,,offen (ohne Beleg)
harmonics_noaa_amtt.txt,"Table Bay, Kuiu Island, Alaska",wctt-1759,Sitka,bau (ohne Pruefstand),"Sitka, Alaska [harmonics-2004-06-14_mod.txt]",Flach behalten,,,,,,,1.354,1.226,,offen (ohne Beleg)
harmonics_noaa_amtt.txt,"Port Malmesbury, Kuiu Island, Alaska",wctt-1761,Sitka,bau (ohne Pruefstand),"Sitka, Alaska [harmonics-2004-06-14_mod.txt]",Flach behalten,,,,,,,1.354,1.226,,offen (ohne Beleg)
harmonics_noaa_amtt.txt,"Tebenkof Bay, Kuiu Island, Alaska",wctt-1763,Sitka,bau (ohne Pruefstand),"Sitka, Alaska [harmonics-2004-06-14_mod.txt]",Flach behalten,,,,,,,1.446,1.31,,offen (ohne Beleg)
harmonics_noaa_amtt.txt,"Whitewater Bay, Admiralty Island, Alaska",wctt-1769,Juneau,bau (ohne Pruefstand),"Juneau, Alaska [harmonics-2004-06-14_mod.txt]",Flach behalten,,,,,,,1.766,1.602,,offen (ohne Beleg)
harmonics_noaa_amtt.txt,"Kasnyku Bay, Alaska",wctt-1771,Juneau,bau (ohne Pruefstand),"Juneau, Alaska [harmonics-2004-06-14_mod.txt]",Flach behalten,,,,,,,1.766,1.602,,offen (ohne Beleg)
harmonics_noaa_amtt.txt,"Point Thatcher, Alaska",wctt-1773,Juneau,bau (ohne Pruefstand),"Juneau, Alaska [harmonics-2004-06-14_mod.txt]",Flach behalten,,,,,,,1.797,1.63,,offen (ohne Beleg)
harmonics_noaa_amtt.txt,"Freshwater Bay, Chichagof Island, Alaska",wctt-1783,Juneau,bau (ohne Pruefstand),"Juneau, Alaska [harmonics-2004-06-14_mod.txt]",Flach behalten,,,,,,,1.843,1.672,,offen (ohne Beleg)
harmonics_noaa_amtt.txt,"Symonds Bay, Biorka Island, Alaska",wctt-1791,Sitka,bau (ohne Pruefstand),"Sitka, Alaska [harmonics-2004-06-14_mod.txt]",Flach behalten,,,,,,,1.169,1.059,,offen (ohne Beleg)
harmonics_noaa_amtt.txt,"Klokachef Island, Alaska",wctt-1799,Sitka,bau (ohne Pruefstand),"Sitka, Alaska [harmonics-2004-06-14_mod.txt]",Flach behalten,,,,,,,1.154,1.045,,offen (ohne Beleg)
harmonics_noaa_amtt.txt,"Nismeni Cove, Alaska",wctt-1813,Juneau,bau (ohne Pruefstand),"Juneau, Alaska [harmonics-2004-06-14_mod.txt]",Flach behalten,,,,,,,1.936,1.756,,offen (ohne Beleg)
harmonics_noaa_amtt.txt,"Point Elizabeth, Alaska",wctt-1815,Juneau,bau (ohne Pruefstand),"Juneau, Alaska [harmonics-2004-06-14_mod.txt]",Flach behalten,,,,,,,1.875,1.7,,offen (ohne Beleg)
harmonics_noaa_amtt.txt,"Lindenburg Head, Alaska",wctt-1817,Juneau,bau (ohne Pruefstand),"Juneau, Alaska [harmonics-2004-06-14_mod.txt]",Flach behalten,,,,,,,1.843,1.672,,offen (ohne Beleg)
harmonics_noaa_amtt.txt,"Fairway Island, Alaska",wctt-1819,Juneau,bau (ohne Pruefstand),"Juneau, Alaska [harmonics-2004-06-14_mod.txt]",Flach behalten,,,,,,,1.797,1.63,,offen (ohne Beleg)
harmonics_noaa_amtt.txt,"Falcon Arm, Slocum Arm, Alaska",wctt-1821,Elfin Cove,bau (ohne Pruefstand),"Elfin Cove, Port Althorp, Cross Sound, Alaska [harmonics-dwf-20251228-free.txt]",Flach behalten,,,,,,,1.245,1.13,,offen (ohne Beleg)
harmonics_noaa_amtt.txt,"Canoe Cove, North Pass, Alaska",wctt-1827,Elfin Cove,bau (ohne Pruefstand),"Elfin Cove, Port Althorp, Cross Sound, Alaska [harmonics-dwf-20251228-free.txt]",Flach behalten,,,,,,,1.214,1.102,,offen (ohne Beleg)
harmonics_noaa_amtt.txt,"Takanis Bay, Alaska",wctt-1833,Elfin Cove,bau (ohne Pruefstand),"Elfin Cove, Port Althorp, Cross Sound, Alaska [harmonics-dwf-20251228-free.txt]",Flach behalten,,,,,,,1.168,1.06,,offen (ohne Beleg)
harmonics_noaa_amtt.txt,"Dixon Harbor, Alaska",wctt-1867,Elfin Cove,bau (ohne Pruefstand),"Elfin Cove, Port Althorp, Cross Sound, Alaska [harmonics-dwf-20251228-free.txt]",Flach behalten,,,,,,,1.168,1.06,,offen (ohne Beleg)
harmonics_noaa_amtt.txt,"Wingham Island, Controller Bay, Alaska",wctt-1883,Yakutat,bau (ohne Pruefstand),"Yakutat, Yakutat Bay, Alaska [harmonics-dwf-20251228-free.txt]",Flach behalten,,,,,,,1.182,1.073,,offen (ohne Beleg)
harmonics_noaa_amtt.txt,"Pete Dahl Slough, Alaska",wctt-1887,Cordova,bau (ohne Pruefstand),"Cordova, Orca Inlet, Prince William Sd, Alaska [harmonics-dwf-20251228-free.txt]",Flach behalten,,,,,,,1.178,1.069,,offen (ohne Beleg)
harmonics_noaa_amtt.txt,"Eyak River entrance, Alaska",wctt-1889,Cordova,bau (ohne Pruefstand),"Cordova, Orca Inlet, Prince William Sd, Alaska [harmonics-dwf-20251228-free.txt]",Flach behalten,,,,,,,1.315,1.194,,offen (ohne Beleg)
harmonics_noaa_amtt.txt,"Shag Rock, Alaska",wctt-1893,Cordova,bau (ohne Pruefstand),"Cordova, Orca Inlet, Prince William Sd, Alaska [harmonics-dwf-20251228-free.txt]",Flach behalten,,,,,,,1.392,1.263,,offen (ohne Beleg)
harmonics_noaa_amtt.txt,"Gravel Point, Alaska",wctt-1895,Cordova,bau (ohne Pruefstand),"Cordova, Orca Inlet, Prince William Sd, Alaska [harmonics-dwf-20251228-free.txt]",Flach behalten,,,,,,,1.529,1.388,,offen (ohne Beleg)
harmonics_noaa_amtt.txt,"Smith Island, Alaska",wctt-1949,Cordova,bau (ohne Pruefstand),"Cordova, Orca Inlet, Prince William Sd, Alaska [harmonics-dwf-20251228-free.txt]",Flach behalten,,,,,,,1.438,1.305,,offen (ohne Beleg)
harmonics_noaa_amtt.txt,"Snug Corner Cove, Port Fidalgo, Alaska",wctt-1951,Cordova,bau (ohne Pruefstand),"Cordova, Orca Inlet, Prince William Sd, Alaska [harmonics-dwf-20251228-free.txt]",Flach behalten,,,,,,,1.453,1.319,,offen (ohne Beleg)
harmonics_noaa_amtt.txt,"Landlocked Bay, Port Fidalgo, Alaska",wctt-1953,Cordova,bau (ohne Pruefstand),"Cordova, Orca Inlet, Prince William Sd, Alaska [harmonics-dwf-20251228-free.txt]",Flach behalten,,,,,,,1.453,1.319,,offen (ohne Beleg)
harmonics_noaa_amtt.txt,"Kings Bay, Port Nellie Juan, Alaska",wctt-1969,Cordova,bau (ohne Pruefstand),"Cordova, Orca Inlet, Prince William Sd, Alaska [harmonics-dwf-20251228-free.txt]",Flach behalten,,,,,,,1.453,1.319,,offen (ohne Beleg)
harmonics_noaa_amtt.txt,"Chenega Island, Dangerous Passage, Alaska",wctt-1985,Cordova,bau (ohne Pruefstand),"Cordova, Orca Inlet, Prince William Sd, Alaska [harmonics-dwf-20251228-free.txt]",Flach behalten,,,,,,,1.407,1.277,,offen (ohne Beleg)
harmonics_noaa_amtt.txt,"Picnic Harbor, Rocky Bay, Alaska",wctt-2021,Seward,bau (ohne Pruefstand),"Seward, Resurrection Bay, Alaska [harmonics-dwf-20251228-free.txt]",Flach behalten,,,,,,,1.608,1.46,,offen (ohne Beleg)
harmonics_noaa_amtt.txt,"Ushagat Island, Barren Islands, Alaska",wctt-2023,Seldovia,bau (ohne Pruefstand),"Seldovia, Cook Inlet, Alaska [harmonics-dwf-20251228-free.txt]",Flach behalten,,,,,,,1.744,1.58,,offen (ohne Beleg)
harmonics_noaa_amtt.txt,"Tutka Bay, Alaska",wctt-2033,Seldovia,bau (ohne Pruefstand),"Seldovia, Cook Inlet, Alaska [harmonics-dwf-20251228-free.txt]",Flach behalten,,,,,,,2.401,2.176,,offen (ohne Beleg)
harmonics_noaa_amtt.txt,"Sadie Cove, Alaska",wctt-2035,Seldovia,bau (ohne Pruefstand),"Seldovia, Cook Inlet, Alaska [harmonics-dwf-20251228-free.txt]",Flach behalten,,,,,,,2.386,2.162,,offen (ohne Beleg)
harmonics_noaa_amtt.txt,"Oil Bay, Kamishak Bay, Alaska",wctt-2081,Seldovia,bau (ohne Pruefstand),"Seldovia, Cook Inlet, Alaska [harmonics-dwf-20251228-free.txt]",Flach behalten,,,,,,,1.927,1.746,,offen (ohne Beleg)
harmonics_noaa_amtt.txt,"Nordyke Island, Kamishak Bay, Alaska",wctt-2085,Seldovia,bau (ohne Pruefstand),"Seldovia, Cook Inlet, Alaska [harmonics-dwf-20251228-free.txt]",Flach behalten,,,,,,,1.973,1.788,,offen (ohne Beleg)
harmonics_noaa_amtt.txt,"Ugak Bay (Saltery Cove), Alaska",wctt-2101,Kodiak,bau (ohne Pruefstand),"Kodiak, Women's Bay, Alaska [harmonics-dwf-20251228-free.txt]",Flach behalten,,,,,,,1.011,0.919,,offen (ohne Beleg)
harmonics_noaa_amtt.txt,"Port Hobron, Sitkalidak Island, Alaska",wctt-2103,Kodiak,bau (ohne Pruefstand),"Kodiak, Women's Bay, Alaska [harmonics-dwf-20251228-free.txt]",Flach behalten,,,,,,,0.981,0.891,,offen (ohne Beleg)
harmonics_noaa_amtt.txt,"Three Saints Bay, Alaska",wctt-2107,Kodiak,bau (ohne Pruefstand),"Kodiak, Women's Bay, Alaska [harmonics-dwf-20251228-free.txt]",Flach behalten,,,,,,,0.996,0.905,,offen (ohne Beleg)
harmonics_noaa_amtt.txt,"Sitkinak Lagoon, Alaska",wctt-2111,Kodiak,bau (ohne Pruefstand),"Kodiak, Women's Bay, Alaska [harmonics-dwf-20251228-free.txt]",Flach behalten,,,,,,,0.858,0.779,,offen (ohne Beleg)
harmonics_noaa_amtt.txt,"Mining Camp, Alaska",wctt-2123,Seldovia,bau (ohne Pruefstand),"Seldovia, Cook Inlet, Alaska [harmonics-dwf-20251228-free.txt]",Flach behalten,,,,,,,1.759,1.594,,offen (ohne Beleg)
harmonics_noaa_amtt.txt,"Zachar Bay, Alaska",wctt-2125,Seldovia,bau (ohne Pruefstand),"Seldovia, Cook Inlet, Alaska [harmonics-dwf-20251228-free.txt]",Flach behalten,,,,,,,1.728,1.566,,offen (ohne Beleg)
harmonics_noaa_amtt.txt,"Village Islands, Alaska",wctt-2127,Seldovia,bau (ohne Pruefstand),"Seldovia, Cook Inlet, Alaska [harmonics-dwf-20251228-free.txt]",Flach behalten,,,,,,,1.789,1.622,,offen (ohne Beleg)
harmonics_noaa_amtt.txt,"Viekoda Bay, Alaska",wctt-2135,Seldovia,bau (ohne Pruefstand),"Seldovia, Cook Inlet, Alaska [harmonics-dwf-20251228-free.txt]",Flach behalten,,,,,,,1.805,1.635,,offen (ohne Beleg)
harmonics_noaa_amtt.txt,"Malina Bay, Shelikof Strait, Alaska",wctt-2149,Seldovia,bau (ohne Pruefstand),"Seldovia, Cook Inlet, Alaska [harmonics-dwf-20251228-free.txt]",Flach behalten,,,,,,,1.835,1.663,,offen (ohne Beleg)
harmonics_noaa_amtt.txt,"Carry Inlet, Alaska",wctt-2155,Seldovia,bau (ohne Pruefstand),"Seldovia, Cook Inlet, Alaska [harmonics-dwf-20251228-free.txt]",Flach behalten,,,,,,,1.637,1.483,,offen (ohne Beleg)
harmonics_noaa_amtt.txt,"Kukak, Kukak Bay, Alaska",wctt-2159,Seldovia,bau (ohne Pruefstand),"Seldovia, Cook Inlet, Alaska [harmonics-dwf-20251228-free.txt]",Flach behalten,,,,,,,1.698,1.538,,offen (ohne Beleg)
harmonics_noaa_amtt.txt,"Katmai Bay, Shelikof Strait, Alaska",wctt-2165,Seldovia,bau (ohne Pruefstand),"Seldovia, Cook Inlet, Alaska [harmonics-dwf-20251228-free.txt]",Flach behalten,,,,,,,1.606,1.455,,offen (ohne Beleg)
harmonics_noaa_amtt.txt,"Kanatak Lagoon, Portage Bay, Alaska",wctt-2169,Kodiak,bau (ohne Pruefstand),"Kodiak, Women's Bay, Alaska [harmonics-dwf-20251228-free.txt]",Flach behalten,,,,,,,1.456,1.322,,offen (ohne Beleg)
harmonics_noaa_amtt.txt,"Lees Cabins, Wide Bay, Alaska",wctt-2171,Kodiak,bau (ohne Pruefstand),"Kodiak, Women's Bay, Alaska [harmonics-dwf-20251228-free.txt]",Flach behalten,,,,,,,1.502,1.364,,offen (ohne Beleg)
harmonics_noaa_amtt.txt,"Three Star Point, Alaska",wctt-2189,Kodiak,bau (ohne Pruefstand),"Kodiak, Women's Bay, Alaska [harmonics-dwf-20251228-free.txt]",Flach behalten,,,,,,,0.873,0.793,,offen (ohne Beleg)
harmonics_noaa_amtt.txt,"Chiachi Island (east side), Alaska",wctt-2193,Kodiak,bau (ohne Pruefstand),"Kodiak, Women's Bay, Alaska [harmonics-dwf-20251228-free.txt]",Flach behalten,,,,,,,0.858,0.779,,offen (ohne Beleg)
harmonics_noaa_amtt.txt,"Kupreanof Harbor, Paul Island, Alaska",wctt-2195,Kodiak,bau (ohne Pruefstand),"Kodiak, Women's Bay, Alaska [harmonics-dwf-20251228-free.txt]",Flach behalten,,,,,,,0.858,0.779,,offen (ohne Beleg)
harmonics_noaa_amtt.txt,"Fox Bay, Kupreanof Peninsula, Alaska",wctt-2197,Kodiak,bau (ohne Pruefstand),"Kodiak, Women's Bay, Alaska [harmonics-dwf-20251228-free.txt]",Flach behalten,,,,,,,0.843,0.765,,offen (ohne Beleg)
harmonics_noaa_amtt.txt,"Dent Point, Stepovak Bay, Alaska",wctt-2199,Kodiak,bau (ohne Pruefstand),"Kodiak, Women's Bay, Alaska [harmonics-dwf-20251228-free.txt]",Flach behalten,,,,,,,0.843,0.765,,offen (ohne Beleg)
harmonics_noaa_amtt.txt,"Sanborn Harbor, Nagai Island, Alaska",wctt-2205,Sand Point,bau (ohne Pruefstand),"Sand Point, Popof Island, Alaska [harmonics-dwf-20251228-free.txt]",Flach behalten,,,,,,,0.787,0.713,,offen (ohne Beleg)
harmonics_noaa_amtt.txt,"Mist Harbor, Nagai Island, Alaska",wctt-2207,Sand Point,bau (ohne Pruefstand),"Sand Point, Popof Island, Alaska [harmonics-dwf-20251228-free.txt]",Flach behalten,,,,,,,0.772,0.7,,offen (ohne Beleg)
harmonics_noaa_amtt.txt,"Albatross Anchorage, Balboa Bay, Alaska",wctt-2215,Sand Point,bau (ohne Pruefstand),"Sand Point, Popof Island, Alaska [harmonics-dwf-20251228-free.txt]",Flach behalten,,,,,,,0.833,0.755,,offen (ohne Beleg)
harmonics_noaa_amtt.txt,"Beaver Bay, Alaska",wctt-2217,Sand Point,bau (ohne Pruefstand),"Sand Point, Popof Island, Alaska [harmonics-dwf-20251228-free.txt]",Flach behalten,,,,,,,0.787,0.713,,offen (ohne Beleg)
harmonics_noaa_amtt.txt,"Seal Cape, Coal Bay, Alaska",wctt-2219,Sand Point,bau (ohne Pruefstand),"Sand Point, Popof Island, Alaska [harmonics-dwf-20251228-free.txt]",Flach behalten,,,,,,,0.757,0.686,,offen (ohne Beleg)
harmonics_noaa_amtt.txt,"Ukolnoi Island, Alaska",wctt-2221,Sand Point,bau (ohne Pruefstand),"Sand Point, Popof Island, Alaska [harmonics-dwf-20251228-free.txt]",Flach behalten,,,,,,,0.757,0.686,,offen (ohne Beleg)
harmonics_noaa_amtt.txt,"Settlement Point, Pavlof Bay, Alaska",wctt-2225,Sand Point,bau (ohne Pruefstand),"Sand Point, Popof Island, Alaska [harmonics-dwf-20251228-free.txt]",Flach behalten,,,,,,,0.787,0.713,,offen (ohne Beleg)
harmonics_noaa_amtt.txt,"Peterson Bay, Alaska",wctt-2233,Sand Point,bau (ohne Pruefstand),"Sand Point, Popof Island, Alaska [harmonics-dwf-20251228-free.txt]",Flach behalten,,,,,,,0.606,0.549,,offen (ohne Beleg)
harmonics_noaa_amtt.txt,"Sanak Harbor, Alaska",wctt-2235,Sand Point,bau (ohne Pruefstand),"Sand Point, Popof Island, Alaska [harmonics-dwf-20251228-free.txt]",Flach behalten,,,,,,,0.666,0.604,,offen (ohne Beleg)
harmonics_noaa_amtt.txt,"Dora Harbor, Alaska",wctt-2237,Sand Point,bau (ohne Pruefstand),"Sand Point, Popof Island, Alaska [harmonics-dwf-20251228-free.txt]",Flach behalten,,,,,,,0.651,0.59,,offen (ohne Beleg)
harmonics_noaa_amtt.txt,"Cape Mordvinof, Alaska",wctt-2249,Unalaska,bau (ohne Pruefstand),"Unalaska, Alaska [harmonics-2004-06-14_mod.txt]",Flach behalten,,,,,,,0.55,0.482,,offen (ohne Beleg)
harmonics_noaa_amtt.txt,"Anderson Bay, Alaska",wctt-2285,Unalaska,bau (ohne Pruefstand),"Unalaska, Alaska [harmonics-2004-06-14_mod.txt]",Flach behalten,,,,,,,0.307,0.269,,offen (ohne Beleg)
harmonics_noaa_amtt.txt,"Skan Bay, Alaska",wctt-2287,Unalaska,bau (ohne Pruefstand),"Unalaska, Alaska [harmonics-2004-06-14_mod.txt]",Flach behalten,,,,,,,0.294,0.258,,offen (ohne Beleg)
harmonics_noaa_amtt.txt,"Kashega Bay, Alaska",wctt-2289,Unalaska,bau (ohne Pruefstand),"Unalaska, Alaska [harmonics-2004-06-14_mod.txt]",Flach behalten,,,,,,,0.294,0.258,,offen (ohne Beleg)
harmonics_noaa_amtt.txt,"Chernofski Harbor, Alaska",wctt-2291,Unalaska,bau (ohne Pruefstand),"Unalaska, Alaska [harmonics-2004-06-14_mod.txt]",Flach behalten,,,,,,,0.281,0.246,,offen (ohne Beleg)
harmonics_noaa_amtt.txt,"Kuliliak Bay, Alaska",wctt-2293,Unalaska,bau (ohne Pruefstand),"Unalaska, Alaska [harmonics-2004-06-14_mod.txt]",Flach behalten,,,,,,,0.448,0.392,,offen (ohne Beleg)
harmonics_noaa_amtt.txt,"Eagle Bay, Alaska",wctt-2295,Unalaska,bau (ohne Pruefstand),"Unalaska, Alaska [harmonics-2004-06-14_mod.txt]",Flach behalten,,,,,,,0.486,0.426,,offen (ohne Beleg)
harmonics_noaa_amtt.txt,"Raven Bay, Alaska",wctt-2297,Unalaska,bau (ohne Pruefstand),"Unalaska, Alaska [harmonics-2004-06-14_mod.txt]",Flach behalten,,,,,,,0.46,0.403,,offen (ohne Beleg)
harmonics_noaa_amtt.txt,"Usof Bay, Alaska",wctt-2299,Unalaska,bau (ohne Pruefstand),"Unalaska, Alaska [harmonics-2004-06-14_mod.txt]",Flach behalten,,,,,,,0.499,0.437,,offen (ohne Beleg)
harmonics_noaa_amtt.txt,"Kisselen Bay, Beaver Inlet, Alaska",wctt-2305,Unalaska,bau (ohne Pruefstand),"Unalaska, Alaska [harmonics-2004-06-14_mod.txt]",Flach behalten,,,,,,,0.448,0.392,,offen (ohne Beleg)
harmonics_noaa_amtt.txt,"Bogoslof Island, Alaska",wctt-2307,Unalaska,bau (ohne Pruefstand),"Unalaska, Alaska [harmonics-2004-06-14_mod.txt]",Flach behalten,,,,,,,0.307,0.269,,offen (ohne Beleg)
harmonics_noaa_amtt.txt,"Inanudak Bay, Alaska",wctt-2311,Unalaska,bau (ohne Pruefstand),"Unalaska, Alaska [harmonics-2004-06-14_mod.txt]",Flach behalten,,,,,,,0.281,0.246,,offen (ohne Beleg)
harmonics_noaa_amtt.txt,"Adugak Islands, Alaska",wctt-2315,Unalaska,bau (ohne Pruefstand),"Unalaska, Alaska [harmonics-2004-06-14_mod.txt]",Flach behalten,,,,,,,0.281,0.246,,offen (ohne Beleg)
harmonics_noaa_amtt.txt,"Cape Sagak, Alaska",wctt-2317,Unalaska,bau (ohne Pruefstand),"Unalaska, Alaska [harmonics-2004-06-14_mod.txt]",Flach behalten,,,,,,,0.371,0.325,,offen (ohne Beleg)
harmonics_noaa_amtt.txt,"Driftwood Bay, Alaska",wctt-2319,Unalaska,bau (ohne Pruefstand),"Unalaska, Alaska [harmonics-2004-06-14_mod.txt]",Flach behalten,,,,,,,0.422,0.37,,offen (ohne Beleg)
harmonics_noaa_amtt.txt,"Kigul Island, Alaska",wctt-2323,Unalaska,bau (ohne Pruefstand),"Unalaska, Alaska [harmonics-2004-06-14_mod.txt]",Flach behalten,,,,,,,0.409,0.359,,offen (ohne Beleg)
harmonics_noaa_amtt.txt,"Applegate Cove, Chuginadak Island, Alaska",wctt-2325,Unalaska,bau (ohne Pruefstand),"Unalaska, Alaska [harmonics-2004-06-14_mod.txt]",Flach behalten,,,,,,,0.281,0.246,,offen (ohne Beleg)
harmonics_noaa_amtt.txt,"Herbert Island, west side, Alaska",wctt-2327,Unalaska,bau (ohne Pruefstand),"Unalaska, Alaska [harmonics-2004-06-14_mod.txt]",Flach behalten,,,,,,,0.358,0.314,,offen (ohne Beleg)
harmonics_noaa_amtt.txt,"East Cove, Alaska",wctt-2329,Unalaska,bau (ohne Pruefstand),"Unalaska, Alaska [harmonics-2004-06-14_mod.txt]",Flach behalten,,,,,,,0.256,0.224,,offen (ohne Beleg)
harmonics_noaa_amtt.txt,"North side, Alaska",wctt-2331,Unalaska,bau (ohne Pruefstand),"Unalaska, Alaska [harmonics-2004-06-14_mod.txt]",Flach behalten,,,,,,,0.269,0.235,,offen (ohne Beleg)
harmonics_noaa_amtt.txt,"Amukta Island, north side, Alaska",wctt-2333,Unalaska,bau (ohne Pruefstand),"Unalaska, Alaska [harmonics-2004-06-14_mod.txt]",Flach behalten,,,,,,,0.243,0.213,,offen (ohne Beleg)
harmonics_noaa_amtt.txt,"Finch Cove, Seguam Island #, Alaska",wctt-2335,Sweeper Cove,bau (ohne Pruefstand),"Sweeper Cove, Adak Island, Alaska [harmonics-dwf-20251228-free.txt]",Flach behalten,,,,,,,0.166,0.15,,offen (ohne Beleg)
harmonics_noaa_amtt.txt,"Cape Utalug (4 miles west of) #, Alaska",wctt-2341,Sweeper Cove,bau (ohne Pruefstand),"Sweeper Cove, Adak Island, Alaska [harmonics-dwf-20251228-free.txt]",Flach behalten,,,,,,,0.228,0.207,,offen (ohne Beleg)
harmonics_noaa_amtt.txt,"Atka Pass, east end #, Alaska",wctt-2343,Sweeper Cove,bau (ohne Pruefstand),"Sweeper Cove, Adak Island, Alaska [harmonics-dwf-20251228-free.txt]",Flach behalten,,,,,,,0.238,0.216,,offen (ohne Beleg)
harmonics_noaa_amtt.txt,"Sagchudak Island #, Alaska",wctt-2345,Sweeper Cove,bau (ohne Pruefstand),"Sweeper Cove, Adak Island, Alaska [harmonics-dwf-20251228-free.txt]",Flach behalten,,,,,,,0.238,0.216,,offen (ohne Beleg)
harmonics_noaa_amtt.txt,"Explorer Bay #, Alaska",wctt-2347,Sweeper Cove,bau (ohne Pruefstand),"Sweeper Cove, Adak Island, Alaska [harmonics-dwf-20251228-free.txt]",Flach behalten,,,,,,,0.238,0.216,,offen (ohne Beleg)
harmonics_noaa_amtt.txt,"Bechevin Bay #, Alaska",wctt-2349,Sweeper Cove,bau (ohne Pruefstand),"Sweeper Cove, Adak Island, Alaska [harmonics-dwf-20251228-free.txt]",Flach behalten,,,,,,,0.181,0.164,,offen (ohne Beleg)
harmonics_noaa_amtt.txt,"Fenimore Pass #, Alaska",wctt-2351,Sweeper Cove,bau (ohne Pruefstand),"Sweeper Cove, Adak Island, Alaska [harmonics-dwf-20251228-free.txt]",Flach behalten,,,,,,,0.171,0.155,,offen (ohne Beleg)
harmonics_noaa_amtt.txt,"Bugle Point, Great Sitkin Island #, Alaska",wctt-2353,Sweeper Cove,bau (ohne Pruefstand),"Sweeper Cove, Adak Island, Alaska [harmonics-dwf-20251228-free.txt]",Flach behalten,,,,,,,0.171,0.155,,offen (ohne Beleg)
harmonics_noaa_amtt.txt,"Sand Bay, Great Sitkin Island #, Alaska",wctt-2355,Sweeper Cove,bau (ohne Pruefstand),"Sweeper Cove, Adak Island, Alaska [harmonics-dwf-20251228-free.txt]",Flach behalten,,,,,,,0.187,0.169,,offen (ohne Beleg)
harmonics_noaa_amtt.txt,"Tanager Point, Chugul Island #, Alaska",wctt-2357,Sweeper Cove,bau (ohne Pruefstand),"Sweeper Cove, Adak Island, Alaska [harmonics-dwf-20251228-free.txt]",Flach behalten,,,,,,,0.192,0.174,,offen (ohne Beleg)
harmonics_noaa_amtt.txt,"Laska Cove, Kagalaska Island #, Alaska",wctt-2359,Sweeper Cove,bau (ohne Pruefstand),"Sweeper Cove, Adak Island, Alaska [harmonics-dwf-20251228-free.txt]",Flach behalten,,,,,,,0.187,0.169,,offen (ohne Beleg)
harmonics_noaa_amtt.txt,"Adak Bight #, Alaska",wctt-2363,Sweeper Cove,bau (ohne Pruefstand),"Sweeper Cove, Adak Island, Alaska [harmonics-dwf-20251228-free.txt]",Flach behalten,,,,,,,0.192,0.174,,offen (ohne Beleg)
harmonics_noaa_amtt.txt,"Boot Bay #, Alaska",wctt-2365,Sweeper Cove,bau (ohne Pruefstand),"Sweeper Cove, Adak Island, Alaska [harmonics-dwf-20251228-free.txt]",Flach behalten,,,,,,,0.187,0.169,,offen (ohne Beleg)
harmonics_noaa_amtt.txt,"Bay of Waterfalls #, Alaska",wctt-2367,Sweeper Cove,bau (ohne Pruefstand),"Sweeper Cove, Adak Island, Alaska [harmonics-dwf-20251228-free.txt]",Flach behalten,,,,,,,0.181,0.164,,offen (ohne Beleg)
harmonics_noaa_amtt.txt,"Unalga Bight #, Alaska",wctt-2369,Sweeper Cove,bau (ohne Pruefstand),"Sweeper Cove, Adak Island, Alaska [harmonics-dwf-20251228-free.txt]",Flach behalten,,,,,,,0.187,0.169,,offen (ohne Beleg)
harmonics_noaa_amtt.txt,"Shoal Point, Alaska",wctt-2371,Sweeper Cove,bau (ohne Pruefstand),"Sweeper Cove, Adak Island, Alaska [harmonics-dwf-20251228-free.txt]",Flach behalten,,,,,,,0.166,0.15,,offen (ohne Beleg)
harmonics_noaa_amtt.txt,"Cape Chlanak, Alaska",wctt-2373,Sweeper Cove,bau (ohne Pruefstand),"Sweeper Cove, Adak Island, Alaska [harmonics-dwf-20251228-free.txt]",Flach behalten,,,,,,,0.176,0.16,,offen (ohne Beleg)
harmonics_noaa_amtt.txt,"Kanaga Bay #, Alaska",wctt-2375,Sweeper Cove,bau (ohne Pruefstand),"Sweeper Cove, Adak Island, Alaska [harmonics-dwf-20251228-free.txt]",Flach behalten,,,,,,,0.202,0.183,,offen (ohne Beleg)
harmonics_noaa_amtt.txt,"Cape Chunu #, Alaska",wctt-2377,Sweeper Cove,bau (ohne Pruefstand),"Sweeper Cove, Adak Island, Alaska [harmonics-dwf-20251228-free.txt]",Flach behalten,,,,,,,0.212,0.193,,offen (ohne Beleg)
harmonics_noaa_amtt.txt,"Hot Springs Bay #, Alaska",wctt-2379,Sweeper Cove,bau (ohne Pruefstand),"Sweeper Cove, Adak Island, Alaska [harmonics-dwf-20251228-free.txt]",Flach behalten,,,,,,,0.161,0.146,,offen (ohne Beleg)
harmonics_noaa_amtt.txt,"Tanaga Bay #, Alaska",wctt-2381,Sweeper Cove,bau (ohne Pruefstand),"Sweeper Cove, Adak Island, Alaska [harmonics-dwf-20251228-free.txt]",Flach behalten,,,,,,,0.207,0.188,,offen (ohne Beleg)
harmonics_noaa_amtt.txt,"Lash Bay #, Alaska",wctt-2383,Sweeper Cove,bau (ohne Pruefstand),"Sweeper Cove, Adak Island, Alaska [harmonics-dwf-20251228-free.txt]",Flach behalten,,,,,,,0.218,0.197,,offen (ohne Beleg)
harmonics_noaa_amtt.txt,"Ogliuga Island (east coast) #, Alaska",wctt-2385,Sweeper Cove,bau (ohne Pruefstand),"Sweeper Cove, Adak Island, Alaska [harmonics-dwf-20251228-free.txt]",Flach behalten,,,,,,,0.181,0.164,,offen (ohne Beleg)
harmonics_noaa_amtt.txt,"Gareloi Island #, Alaska",wctt-2387,Sweeper Cove,bau (ohne Pruefstand),"Sweeper Cove, Adak Island, Alaska [harmonics-dwf-20251228-free.txt]",Flach behalten,,,,,,,0.192,0.174,,offen (ohne Beleg)
harmonics_noaa_amtt.txt,"Constantine Harbor, Amchitka Island #, Alaska",wctt-2389,Sweeper Cove,bau,"Sweeper Cove, Adak Island, Alaska [harmonics-dwf-20251228-free.txt]",Flach behalten,3.53,3.24,,,,,0.145,0.132,Wahrheit ok,schreiben
harmonics_noaa_amtt.txt,"Gertrude Cove, Kiska Island #, Alaska",wctt-2391,Sweeper Cove,bau,"Sweeper Cove, Adak Island, Alaska [harmonics-dwf-20251228-free.txt]",Flach behalten,,,,,,,0.166,0.15,,offen (ohne Beleg)
harmonics_noaa_amtt.txt,"Kiska Harbor, Kiska Island #, Alaska",wctt-2393,Sweeper Cove,bau,"Sweeper Cove, Adak Island, Alaska [harmonics-dwf-20251228-free.txt]",Flach behalten,,,,,,,0.187,0.169,,offen (ohne Beleg)
harmonics_noaa_amtt.txt,"Alcan Harbor, Shemya Island #, Alaska",wctt-2395,Massacre Bay,bau (ohne Pruefstand),"Attu, Massacre Bay, Alaska [harmonics-dwf-20251228-free.txt]",Flach behalten,,,,,,,0.235,0.212,,offen (ohne Beleg)
harmonics_noaa_amtt.txt,"Otkriti Bay, Agattu Island #, Alaska",wctt-2397,Massacre Bay,bau (ohne Pruefstand),"Attu, Massacre Bay, Alaska [harmonics-dwf-20251228-free.txt]",Flach behalten,,,,,,,0.235,0.212,,offen (ohne Beleg)
harmonics_noaa_amtt.txt,"Chichagof Harbor #, Alaska",wctt-2401,Massacre Bay,bau (ohne Pruefstand),"Attu, Massacre Bay, Alaska [harmonics-dwf-20251228-free.txt]",Flach behalten,,,,,,,0.248,0.225,,offen (ohne Beleg)
harmonics_noaa_amtt.txt,"Holtz Bay #, Alaska",wctt-2403,Massacre Bay,bau (ohne Pruefstand),"Attu, Massacre Bay, Alaska [harmonics-dwf-20251228-free.txt]",Flach behalten,,,,,,,0.255,0.231,,offen (ohne Beleg)
harmonics_noaa_amtt.txt,"Steller Cove #, Alaska",wctt-2405,Massacre Bay,bau (ohne Pruefstand),"Attu, Massacre Bay, Alaska [harmonics-dwf-20251228-free.txt]",Flach behalten,,,,,,,0.255,0.231,,offen (ohne Beleg)
harmonics_noaa_amtt.txt,"Etienne Bay #, Alaska",wctt-2407,Massacre Bay,bau (ohne Pruefstand),"Attu, Massacre Bay, Alaska [harmonics-dwf-20251228-free.txt]",Flach behalten,,,,,,,0.255,0.231,,offen (ohne Beleg)
harmonics_noaa_amtt.txt,"Amak Island, Alaska",wctt-2409,Unalaska,bau (ohne Pruefstand),"Unalaska, Alaska [harmonics-2004-06-14_mod.txt]",Flach behalten,,,,,,,0.665,0.583,,offen (ohne Beleg)
harmonics_noaa_amtt.txt,"Grant Point, Izembek Lagoon, Alaska",wctt-2411,Unalaska,bau (ohne Pruefstand),"Unalaska, Alaska [harmonics-2004-06-14_mod.txt]",Flach behalten,,,,,,,0.409,0.359,,offen (ohne Beleg)
harmonics_noaa_amtt.txt,"St. Matthew Island, Alaska",wctt-2467,Village Cove,bau (ohne Pruefstand),"Village Cove, St. Paul Island, Pribilof Islands, Alaska [harmonics-dwf-20251228-free.txt]",Flach behalten,,,,,,,0.174,0.16,,offen (ohne Beleg)
harmonics_noaa_amtt.txt,"Pikmiktalik River entrance #, Alaska",wctt-2483,Unalakleet,bau (ohne Pruefstand),"Unalakleet, Alaska [harmonics-dwf-20251228-free.txt]",Flach behalten,,,,,,,0.195,0.177,,offen (ohne Beleg)
harmonics_noaa_amtt.txt,"North Bay, Stuart Island #, Alaska",wctt-2487,Unalakleet,bau (ohne Pruefstand),"Unalakleet, Alaska [harmonics-dwf-20251228-free.txt]",Flach behalten,,,,,,,0.13,0.118,,offen (ohne Beleg)
harmonics_noaa_cptt.txt,"Domashnii I., Severnaya Zemlya, Russia",cptt-1,Pusan,gewaehlt,"Yeong-do, Busan, South Korea [harmonics-1997-05-25_mod.txt]",Flach behalten,14.52,14.12,,,,,0.104,0.1,Wahrheit ok,schreiben
harmonics_noaa_cptt.txt,"Zarya Road, Russia",cptt-3,Pusan,gewaehlt,"Yeong-do, Busan, South Korea [harmonics-1997-05-25_mod.txt]",Flach weg,10.23,8.82,,,,,0.192,0.186,Wahrheit ok,schreiben
harmonics_noaa_cptt.txt,"Bonevi Island, Russia",cptt-5,Pusan,gewaehlt,"Yeong-do, Busan, South Korea [harmonics-1997-05-25_mod.txt]",Flach weg,,,,,19.74,20.13,0.192,0.186,Nachbarn schlechter,behalten (Beleg schlechter)
harmonics_noaa_cptt.txt,"Dzhekman Island, Russia",cptt-7,Pusan,gewaehlt,"Yeong-do, Busan, South Korea [harmonics-1997-05-25_mod.txt]",Flach weg,,,,,,,0.192,0.186,Gruppe lokal n=2 -0.94 Punkte,schreiben (Gruppenbeleg lokal)
harmonics_noaa_cptt.txt,"Russki Island, Russia",cptt-9,Pusan,gewaehlt,"Yeong-do, Busan, South Korea [harmonics-1997-05-25_mod.txt]",Flach weg,,,,,,,0.163,0.157,Gruppe lokal n=3 -0.47 Punkte,schreiben (Gruppenbeleg lokal)
harmonics_noaa_cptt.txt,"Taimyra River mouth, Russia",cptt-11,Pusan,gewaehlt,"Yeong-do, Busan, South Korea [harmonics-1997-05-25_mod.txt]",Flach weg,,,,,,,0.222,0.214,Gruppe lokal n=2 -0.94 Punkte,schreiben (Gruppenbeleg lokal)
harmonics_noaa_cptt.txt,"Cape Olovyanny, Shokalskogo Strait, Russia",cptt-13,Pusan,gewaehlt,"Yeong-do, Busan, South Korea [harmonics-1997-05-25_mod.txt]",Flach weg,,,,,,,0.148,0.143,Gruppe lokal n=2 -0.43 Punkte,schreiben (Gruppenbeleg lokal)
harmonics_noaa_cptt.txt,"Gansena (Hansen) Island, Russia",cptt-15,Pusan,gewaehlt,"Yeong-do, Busan, South Korea [harmonics-1997-05-25_mod.txt]",Flach behalten,,,,,,,0.074,0.071,Gruppe lokal n=2 -0.94 Punkte,schreiben (Gruppenbeleg lokal)
harmonics_noaa_cptt.txt,"Cape Chelyuskina, Russia",cptt-17,Pusan,gewaehlt,"Yeong-do, Busan, South Korea [harmonics-1997-05-25_mod.txt]",Flach behalten,13.69,13.22,,,,,0.133,0.129,Wahrheit ok,schreiben
harmonics_noaa_cptt.txt,"Samuila I., Komsomolskoi Pravdy Island, Russia",cptt-19,Pusan,bau (ohne Pruefstand),"Busan New Port, South Korea [harmonics_utide_tidetables.txt]",Flach behalten,,,,,,,0.148,0.174,,offen (ohne Beleg)
harmonics_noaa_cptt.txt,"Starokadomskogo Island, Russia",cptt-21,Pusan,bau (ohne Pruefstand),"Busan New Port, South Korea [harmonics_utide_tidetables.txt]",Flach behalten,,,,,,,0.252,0.296,,offen (ohne Beleg)
harmonics_noaa_cptt.txt,"Pronchishchevoi Bay, Russia",cptt-23,Pusan,bau (ohne Pruefstand),"Busan New Port, South Korea [harmonics_utide_tidetables.txt]",Flach behalten,,,,,,,0.488,0.575,,offen (ohne Beleg)
harmonics_noaa_cptt.txt,"Preobrazheniya Island, Russia",cptt-25,Pusan,bau (ohne Pruefstand),"Busan New Port, South Korea [harmonics_utide_tidetables.txt]",Flach behalten,,,,,,,0.459,0.54,,offen (ohne Beleg)
harmonics_noaa_cptt.txt,"Mali (Small) Begichev Island, Russia",cptt-27,Pusan,bau (ohne Pruefstand),"Busan New Port, South Korea [harmonics_utide_tidetables.txt]",Flach behalten,,,,,,,0.533,0.627,,offen (ohne Beleg)
harmonics_noaa_cptt.txt,"Nordvik Bay, Russia",cptt-29,Pusan,bau (ohne Pruefstand),"Busan New Port, South Korea [harmonics_utide_tidetables.txt]",Flach behalten,,,,,,,0.888,1.045,,offen (ohne Beleg)
harmonics_noaa_cptt.txt,"Khara-Tumus Peninsula, Russia",cptt-31,Pusan,bau (ohne Pruefstand),"Busan New Port, South Korea [harmonics_utide_tidetables.txt]",Flach behalten,,,,,,,0.414,0.488,,offen (ohne Beleg)
harmonics_noaa_cptt.txt,"Kozhevnikova Bay, Russia",cptt-33,Pusan,bau (ohne Pruefstand),"Busan New Port, South Korea [harmonics_utide_tidetables.txt]",Flach behalten,,,,,,,0.281,0.331,,offen (ohne Beleg)
harmonics_noaa_cptt.txt,"Syndaska Bay entrance, Russia",cptt-35,Pusan,bau (ohne Pruefstand),"Busan New Port, South Korea [harmonics_utide_tidetables.txt]",Flach behalten,,,,,,,0.429,0.505,,offen (ohne Beleg)
harmonics_noaa_cptt.txt,"Cape Bolshaya Karga, Russia",cptt-37,Pusan,bau (ohne Pruefstand),"Busan New Port, South Korea [harmonics_utide_tidetables.txt]",Flach behalten,,,,,,,0.34,0.401,,offen (ohne Beleg)
harmonics_noaa_cptt.txt,"Kresty Peninsula, Khatanga River, Russia",cptt-39,Pusan,bau (ohne Pruefstand),"Busan New Port, South Korea [harmonics_utide_tidetables.txt]",Flach behalten,,,,,,,0.237,0.279,,offen (ohne Beleg)
harmonics_noaa_cptt.txt,"Cape Khorgo, Anabarski Bay, Russia",cptt-41,Pusan,bau (ohne Pruefstand),"Busan New Port, South Korea [harmonics_utide_tidetables.txt]",Flach behalten,,,,,,,0.622,0.732,,offen (ohne Beleg)
harmonics_noaa_cptt.txt,"Bulunkan Bay, Tiksi Bay, Russia",cptt-45,Pusan,bau (ohne Pruefstand),"Busan New Port, South Korea [harmonics_utide_tidetables.txt]",Flach behalten,,,,,,,0.133,0.157,,offen (ohne Beleg)
harmonics_noaa_cptt.txt,"Omoloi River entrance, Russia",cptt-47,Pusan,bau (ohne Pruefstand),"Busan New Port, South Korea [harmonics_utide_tidetables.txt]",Flach behalten,,,,,,,0.163,0.192,,offen (ohne Beleg)
harmonics_noaa_cptt.txt,"Kotel'nyy Island Polar Station, Russia",cptt-51,Pusan,gewaehlt,"Yeong-do, Busan, South Korea [harmonics-1997-05-25_mod.txt]",Flach behalten,,,,,,,0.207,0.2,,offen (ohne Beleg)
harmonics_noaa_cptt.txt,"Nerpalakh Lagoon, Kotel'nyy Island, Russia",cptt-53,Pusan,gewaehlt,"Yeong-do, Busan, South Korea [harmonics-1997-05-25_mod.txt]",Flach behalten,12.47,9.6,,,,,0.074,0.071,Wahrheit ok,schreiben
harmonics_noaa_cptt.txt,"Cape Medvezhi, Kotel'nyy Island, Russia",cptt-55,Pusan,bau (ohne Pruefstand),"Busan New Port, South Korea [harmonics_utide_tidetables.txt]",Flach behalten,,,,,,,0.089,0.105,,offen (ohne Beleg)
harmonics_noaa_cptt.txt,"Cape Shalaurova, Russia",cptt-59,Pusan,bau (ohne Pruefstand),"Busan New Port, South Korea [harmonics_utide_tidetables.txt]",Flach behalten,,,,,,,0.133,0.157,,offen (ohne Beleg)
harmonics_noaa_cptt.txt,"Cape Billingsa, Russia",cptt-69,Pusan,bau (ohne Pruefstand),"Busan New Port, South Korea [harmonics_utide_tidetables.txt]",Flach behalten,,,,,,,0.074,0.087,,offen (ohne Beleg)
harmonics_noaa_cptt.txt,"Wrangell Island, Russia",cptt-71,Pusan,bau (ohne Pruefstand),"Busan New Port, South Korea [harmonics_utide_tidetables.txt]",Flach behalten,,,,,,,0.222,0.261,,offen (ohne Beleg)
harmonics_noaa_cptt.txt,"Cape Shmidta, Russia",cptt-73,Pusan,bau (ohne Pruefstand),"Busan New Port, South Korea [harmonics_utide_tidetables.txt]",Flach behalten,,,,,,,0.252,0.296,,offen (ohne Beleg)
harmonics_noaa_cptt.txt,"Alera Bay, Penkegnei Bay, Russia",cptt-81,Pusan,bau (ohne Pruefstand),"Busan New Port, South Korea [harmonics_utide_tidetables.txt]",Flach behalten,,,,,,,0.104,0.122,,offen (ohne Beleg)
harmonics_noaa_cptt.txt,"Cape Razdelny, Kresta Bay, Russia",cptt-87,Pusan,bau (ohne Pruefstand),"Busan New Port, South Korea [harmonics_utide_tidetables.txt]",Flach behalten,,,,,,,0.992,1.167,,offen (ohne Beleg)
harmonics_noaa_cptt.txt,"Engaugin Bay, Kresta Bay, Russia",cptt-89,Pusan,bau (ohne Pruefstand),"Busan New Port, South Korea [harmonics_utide_tidetables.txt]",Flach behalten,,,,,,,1.006,1.184,,offen (ohne Beleg)
harmonics_noaa_cptt.txt,"Russkaya Koshka Spit, Russia",cptt-91,Pusan,bau (ohne Pruefstand),"Busan New Port, South Korea [harmonics_utide_tidetables.txt]",Flach behalten,,,,,,,0.696,0.819,,offen (ohne Beleg)
harmonics_noaa_cptt.txt,"Salomatova Spit, Russia",cptt-93,Pusan,bau (ohne Pruefstand),"Busan New Port, South Korea [harmonics_utide_tidetables.txt]",Flach behalten,,,,,,,0.74,0.871,,offen (ohne Beleg)
harmonics_noaa_cptt.txt,"Melkaya Bay, Russia",cptt-95,Pusan,bau (ohne Pruefstand),"Busan New Port, South Korea [harmonics_utide_tidetables.txt]",Flach behalten,,,,,,,0.577,0.679,,offen (ohne Beleg)
harmonics_noaa_cptt.txt,"Strelka Spit, Anadyr Gulf, Russia",cptt-99,Pusan,bau (ohne Pruefstand),"Busan New Port, South Korea [harmonics_utide_tidetables.txt]",Flach behalten,,,,,,,0.4,0.47,,offen (ohne Beleg)
harmonics_noaa_cptt.txt,"Ugolnaya Bay, Russia",cptt-101,Pusan,bau (ohne Pruefstand),"Busan New Port, South Korea [harmonics_utide_tidetables.txt]",Flach behalten,,,,,,,0.192,0.226,,offen (ohne Beleg)
harmonics_noaa_cptt.txt,"Anastasii Bay, Russia",cptt-103,Paramushiru Island,bau (ohne Pruefstand),"Ostrov Paramushir, Kuril Islands, Russia [harmonics_utide_tidetables.txt]",Flach behalten,,,,,,,0.404,0.373,,offen (ohne Beleg)
harmonics_noaa_cptt.txt,"Imatra Bay, Glubokaya Bay, Russia",cptt-105,Paramushiru Island,bau (ohne Pruefstand),"Ostrov Paramushir, Kuril Islands, Russia [harmonics_utide_tidetables.txt]",Flach behalten,,,,,,,0.378,0.349,,offen (ohne Beleg)
harmonics_noaa_cptt.txt,"Cape Olyutorski, Russia",cptt-107,Paramushiru Island,bau (ohne Pruefstand),"Ostrov Paramushir, Kuril Islands, Russia [harmonics_utide_tidetables.txt]",Flach behalten,,,,,,,0.334,0.308,,offen (ohne Beleg)
harmonics_noaa_cptt.txt,"Lavora Harbor, Russia",cptt-109,Paramushiru Island,bau (ohne Pruefstand),"Ostrov Paramushir, Kuril Islands, Russia [harmonics_utide_tidetables.txt]",Flach behalten,,,,,,,0.317,0.292,,offen (ohne Beleg)
harmonics_noaa_cptt.txt,"Sibir Harbor, Russia",cptt-111,Paramushiru Island,bau (ohne Pruefstand),"Ostrov Paramushir, Kuril Islands, Russia [harmonics_utide_tidetables.txt]",Flach behalten,,,,,,,0.422,0.389,,offen (ohne Beleg)
harmonics_noaa_cptt.txt,"Cape Kryugera, Russia",cptt-113,Paramushiru Island,bau (ohne Pruefstand),"Ostrov Paramushir, Kuril Islands, Russia [harmonics_utide_tidetables.txt]",Flach behalten,,,,,,,0.343,0.316,,offen (ohne Beleg)
harmonics_noaa_cptt.txt,"Nikolski, Bering Island, Russia",cptt-115,Paramushiru Island,bau,"Ostrov Paramushir, Kuril Islands, Russia [harmonics_utide_tidetables.txt]",Flach behalten,12.66,12.57,26.7,26.2,,,0.325,0.3,"Wahrheit ok, Pegel ok",schreiben
harmonics_noaa_cptt.txt,"Morzhovaya Bay, Russia",cptt-117,Paramushiru Island,bau,"Ostrov Paramushir, Kuril Islands, Russia [harmonics_utide_tidetables.txt]",Flach behalten,,,,,,,0.36,0.332,,offen (ohne Beleg)
harmonics_noaa_cptt.txt,"Petropavlovsk, Russia",cptt-119,Paramushiru Island,bau,"Ostrov Paramushir, Kuril Islands, Russia [harmonics_utide_tidetables.txt]",Flach behalten,6.8,6.65,,,,,0.369,0.341,Wahrheit ok,schreiben
harmonics_noaa_cptt.txt,"Tarya Bay, Russia",cptt-121,Paramushiru Island,bau,"Ostrov Paramushir, Kuril Islands, Russia [harmonics_utide_tidetables.txt]",Flach behalten,,,,,,,0.387,0.357,Gruppe lokal n=5 +0.35 Punkte,behalten (Gruppe lokal schlechter)
harmonics_noaa_cptt.txt,"Akhomten Bay, Russia",cptt-123,Paramushiru Island,bau,"Ostrov Paramushir, Kuril Islands, Russia [harmonics_utide_tidetables.txt]",Flach behalten,,,,,,,0.352,0.324,Gruppe lokal n=7 +0.32 Punkte,behalten (Gruppe lokal schlechter)
harmonics_noaa_cptt.txt,"Vestnik Bay, Russia",cptt-125,Paramushiru Island,bau,"Ostrov Paramushir, Kuril Islands, Russia [harmonics_utide_tidetables.txt]",Flach behalten,,,,,,,0.334,0.308,Gruppe lokal n=10 +0.26 Punkte,behalten (Gruppe lokal schlechter)
harmonics_noaa_cptt.txt,"Golygina River entrance, Russia",cptt-127,Paramushiru Island,bau,"Ostrov Paramushir, Kuril Islands, Russia [harmonics_utide_tidetables.txt]",Flach behalten,,,,,,,0.422,0.389,Gruppe lokal n=11 +0.32 Punkte,behalten (Gruppe lokal schlechter)
harmonics_noaa_cptt.txt,"Ust Bolsheretsk, Bolshaya River, Russia",cptt-129,Paramushiru Island,bau,"Ostrov Paramushir, Kuril Islands, Russia [harmonics_utide_tidetables.txt]",Flach behalten,,,,,,,0.44,0.405,Gruppe lokal n=9 +0.32 Punkte,behalten (Gruppe lokal schlechter)
harmonics_noaa_cptt.txt,"Kompakova River entrance, Russia",cptt-131,Paramushiru Island,bau,"Ostrov Paramushir, Kuril Islands, Russia [harmonics_utide_tidetables.txt]",Flach behalten,,,,,,,1.178,1.087,,offen (ohne Beleg)
harmonics_noaa_cptt.txt,"Oblukovina River entrance, Russia",cptt-133,Paramushiru Island,bau (ohne Pruefstand),"Ostrov Paramushir, Kuril Islands, Russia [harmonics_utide_tidetables.txt]",Flach behalten,,,,,,,0.932,0.86,,offen (ohne Beleg)
harmonics_noaa_cptt.txt,"Cape Astronomicheski, Russia",cptt-135,Musi River,bau,"Air Musi (Outer Bar), Indonesia [harmonics-1997-05-25_mod.txt]",Flach behalten,6.81,7.24,,,,,0.822,0.858,Wahrheit schlechter,behalten (Beleg schlechter)
harmonics_noaa_cptt.txt,"Matugin Point, Russia",cptt-137,Musi River,bau,"Air Musi (Outer Bar), Indonesia [harmonics-1997-05-25_mod.txt]",Flach behalten,,,,,,,0.614,0.641,,offen (ohne Beleg)
harmonics_noaa_cptt.txt,"Gizhiga River entrance, Russia",cptt-139,Musi River,bau,"Air Musi (Outer Bar), Indonesia [harmonics-1997-05-25_mod.txt]",Flach behalten,,,,,,,0.614,0.641,,offen (ohne Beleg)
harmonics_noaa_cptt.txt,"Nayakhanskaya Bay, Russia",cptt-141,Musi River,bau (ohne Pruefstand),"Air Musi (Outer Bar), Indonesia [harmonics-1997-05-25_mod.txt]",Flach behalten,,,,,,,0.597,0.623,,offen (ohne Beleg)
harmonics_noaa_cptt.txt,"Udacha Bay, Russia",cptt-143,Musi River,bau (ohne Pruefstand),"Air Musi (Outer Bar), Indonesia [harmonics-1997-05-25_mod.txt]",Flach behalten,,,,,,,0.331,0.345,,offen (ohne Beleg)
harmonics_noaa_cptt.txt,"Ola Anchorage, Tauiskaya Bay, Russia",cptt-145,Moji,bau (ohne Pruefstand),"Kazi-Ga-Hana, Fukuoka, Japan [harmonics-2004-06-14_mod.txt]",Flach behalten,,,,,,,1.033,1.08,,offen (ohne Beleg)
harmonics_noaa_cptt.txt,"Okhotsk, Russia",cptt-149,Moji,bau (ohne Pruefstand),"Kazi-Ga-Hana, Fukuoka, Japan [harmonics-2004-06-14_mod.txt]",Flach behalten,,,,,,,1.033,1.08,,offen (ohne Beleg)
harmonics_noaa_cptt.txt,"Ayan Bay, Russia",cptt-151,Brisbane Bar,bau (ohne Pruefstand),"Brisbane Bar, Queensland, Australia [harmonics_utide_observations.txt]",Flach behalten,,,,,,,0.917,0.842,,offen (ohne Beleg)
harmonics_noaa_cptt.txt,"Udskaya Bay, Russia",cptt-153,Brisbane Bar,bau (ohne Pruefstand),"Brisbane Bar, Queensland, Australia [harmonics_utide_observations.txt]",Flach behalten,,,,,,,1.041,0.956,,offen (ohne Beleg)
harmonics_noaa_cptt.txt,"Levyazhya Bay, Feklistov Island, Russia",cptt-155,Brisbane Bar,bau (ohne Pruefstand),"Brisbane Bar, Queensland, Australia [harmonics_utide_observations.txt]",Flach behalten,,,,,,,1.942,1.784,,offen (ohne Beleg)
harmonics_noaa_cptt.txt,"Abrek Bay, Little Shantar Island, Russia",cptt-157,Brisbane Bar,bau (ohne Pruefstand),"Brisbane Bar, Queensland, Australia [harmonics_utide_observations.txt]",Flach behalten,,,,,,,1.647,1.513,,offen (ohne Beleg)
harmonics_noaa_cptt.txt,"Baldukov Island, Russia",cptt-159,Jolo,bau,"Jolo, Philippines [harmonics_ticon4_worldwide.txt]",Flach behalten,,,,,,,0.277,0.26,,offen (ohne Beleg)
harmonics_noaa_cptt.txt,"Cape Tamlevo, Russia",cptt-161,Jolo,bau,"Jolo, Philippines [harmonics_ticon4_worldwide.txt]",Flach behalten,,,,,,,0.257,0.242,,offen (ohne Beleg)
harmonics_noaa_cptt.txt,"Baikal Bay, Russia",cptt-163,Jolo,bau,"Jolo, Philippines [harmonics_ticon4_worldwide.txt]",Flach behalten,5.15,4.61,,,,,0.277,0.26,Wahrheit ok,schreiben
harmonics_noaa_cptt.txt,"Kuegda Bay, Russia",cptt-165,Jolo,bau,"Jolo, Philippines [harmonics_ticon4_worldwide.txt]",Flach behalten,,,,,,,0.109,0.103,,offen (ohne Beleg)
harmonics_noaa_cptt.txt,"Urkt Bay entrance, Russia",cptt-167,Yamato Wan,bau (ohne Pruefstand),"Ostrov Mamya, Kuril Islands, Russia [harmonics-1997-05-25_mod.txt]",Flach behalten,,,,,,,0.204,0.186,,offen (ohne Beleg)
harmonics_noaa_cptt.txt,"Kyakrvo Anchorage, Russia",cptt-169,Yamato Wan,bau (ohne Pruefstand),"Ostrov Mamya, Kuril Islands, Russia [harmonics-1997-05-25_mod.txt]",Flach behalten,,,,,,,0.204,0.186,,offen (ohne Beleg)
harmonics_noaa_cptt.txt,"Chaivo Bay, Russia",cptt-171,Yamato Wan,bau (ohne Pruefstand),"Ostrov Mamya, Kuril Islands, Russia [harmonics-1997-05-25_mod.txt]",Flach behalten,,,,,,,0.217,0.197,,offen (ohne Beleg)
harmonics_noaa_cptt.txt,"Niski Bay, Russia",cptt-173,Yamato Wan,bau (ohne Pruefstand),"Ostrov Mamya, Kuril Islands, Russia [harmonics-1997-05-25_mod.txt]",Flach behalten,,,,,,,0.274,0.25,,offen (ohne Beleg)
harmonics_noaa_cptt.txt,"Luniski Bay entrance, Russia",cptt-175,Yamato Wan,bau (ohne Pruefstand),"Ostrov Mamya, Kuril Islands, Russia [harmonics-1997-05-25_mod.txt]",Flach behalten,,,,,,,0.083,0.075,,offen (ohne Beleg)
harmonics_noaa_cptt.txt,"Mys Popova, Russia",cptt-177,Otomari,bau,"Korsakov (Sakhalin), Russia [harmonics-1997-05-25_mod.txt]",Flach behalten,,,,,,,0.11,0.1,Gruppe lokal n=2 -1.24 Punkte,schreiben (Gruppenbeleg lokal)
harmonics_noaa_cptt.txt,"Tyuleniy, Russia",cptt-179,Otomari,bau,"Korsakov (Sakhalin), Russia [harmonics-1997-05-25_mod.txt]",Flach behalten,,,,,,,0.191,0.173,Gruppe lokal n=2 -1.24 Punkte,schreiben (Gruppenbeleg lokal)
harmonics_noaa_cptt.txt,"Mys Obshirnyy, Russia",cptt-181,Otomari,bau,"Korsakov (Sakhalin), Russia [harmonics-1997-05-25_mod.txt]",Flach behalten,,,,,,,0.191,0.173,Gruppe lokal n=2 -1.24 Punkte,schreiben (Gruppenbeleg lokal)
harmonics_noaa_cptt.txt,"Noto, Russia",cptt-183,Otomari,bau,"Korsakov (Sakhalin), Russia [harmonics-1997-05-25_mod.txt]",Flach behalten,,,,,,,0.212,0.193,Gruppe lokal n=2 -1.24 Punkte,schreiben (Gruppenbeleg lokal)
harmonics_noaa_cptt.txt,"Ozero Nevskoye, Russia",cptt-185,Otomari,bau,"Korsakov (Sakhalin), Russia [harmonics-1997-05-25_mod.txt]",Flach behalten,,,,,,,0.205,0.187,Gruppe lokal n=2 -1.24 Punkte,schreiben (Gruppenbeleg lokal)
harmonics_noaa_cptt.txt,"Shikuka, Russia",cptt-187,Otomari,bau,"Korsakov (Sakhalin), Russia [harmonics-1997-05-25_mod.txt]",Flach behalten,4.96,3.85,,,,,0.212,0.193,Wahrheit ok,schreiben
harmonics_noaa_cptt.txt,"Higashi Chutoru, Russia",cptt-189,Otomari,bau,"Korsakov (Sakhalin), Russia [harmonics-1997-05-25_mod.txt]",Flach behalten,,,,,,,0.205,0.187,Gruppe lokal n=2 -1.24 Punkte,schreiben (Gruppenbeleg lokal)
harmonics_noaa_cptt.txt,"Buruny, Russia",cptt-191,Otomari,bau,"Korsakov (Sakhalin), Russia [harmonics-1997-05-25_mod.txt]",Flach behalten,,,,,,,0.191,0.173,Gruppe lokal n=2 -1.24 Punkte,schreiben (Gruppenbeleg lokal)
harmonics_noaa_cptt.txt,"Sakayehama, Russia",cptt-193,Otomari,bau,"Korsakov (Sakhalin), Russia [harmonics-1997-05-25_mod.txt]",Flach behalten,3.99,2.62,,,,,0.198,0.18,Wahrheit ok,schreiben
harmonics_noaa_cptt.txt,"Noho Misaki, Russia",cptt-195,Otomari,bau,"Korsakov (Sakhalin), Russia [harmonics-1997-05-25_mod.txt]",Flach behalten,,,,,,,0.183,0.167,Gruppe lokal n=3 -1.11 Punkte,schreiben (Gruppenbeleg lokal)
harmonics_noaa_cptt.txt,"Onto Numa, Russia",cptt-197,Otomari,bau,"Korsakov (Sakhalin), Russia [harmonics-1997-05-25_mod.txt]",Flach behalten,,,,,,,0.103,0.093,Gruppe lokal n=4 -0.90 Punkte,schreiben (Gruppenbeleg lokal)
harmonics_noaa_cptt.txt,"Tomunai Hakuchi, Russia",cptt-199,Otomari,bau,"Korsakov (Sakhalin), Russia [harmonics-1997-05-25_mod.txt]",Flach behalten,,,,,,,0.183,0.167,Gruppe lokal n=4 -0.90 Punkte,schreiben (Gruppenbeleg lokal)
harmonics_noaa_cptt.txt,"Airo Wan, Russia",cptt-201,Otomari,bau,"Korsakov (Sakhalin), Russia [harmonics-1997-05-25_mod.txt]",Flach behalten,,,,,,,0.191,0.173,Gruppe lokal n=4 -0.90 Punkte,schreiben (Gruppenbeleg lokal)
harmonics_noaa_cptt.txt,"Mys Menaputsy, Russia",cptt-203,Otomari,bau,"Korsakov (Sakhalin), Russia [harmonics-1997-05-25_mod.txt]",Flach behalten,,,,,,,0.205,0.187,Gruppe lokal n=4 -0.51 Punkte,schreiben (Gruppenbeleg lokal)
harmonics_noaa_cptt.txt,"Tobuchi Ko, Russia",cptt-205,Otomari,bau,"Korsakov (Sakhalin), Russia [harmonics-1997-05-25_mod.txt]",Flach behalten,,,,,,,0.183,0.167,Gruppe lokal n=4 -0.51 Punkte,schreiben (Gruppenbeleg lokal)
harmonics_noaa_cptt.txt,"Nishi Notoro Misaki, East coast, Russia",cptt-209,Otomari,bau,"Korsakov (Sakhalin), Russia [harmonics-1997-05-25_mod.txt]",Flach behalten,,,,,,,0.205,0.187,Gruppe lokal n=4 -0.51 Punkte,schreiben (Gruppenbeleg lokal)
harmonics_noaa_cptt.txt,"Nishi Notoro Misaki, West coast, Russia",cptt-211,Otomari,bau,"Korsakov (Sakhalin), Russia [harmonics-1997-05-25_mod.txt]",Flach behalten,,,,,,,0.132,0.12,Gruppe lokal n=4 -0.51 Punkte,schreiben (Gruppenbeleg lokal)
harmonics_noaa_cptt.txt,"Soni Misaki, Russia",cptt-213,Otomari,bau,"Korsakov (Sakhalin), Russia [harmonics-1997-05-25_mod.txt]",Flach behalten,,,,,,,0.088,0.08,Gruppe lokal n=4 -0.51 Punkte,schreiben (Gruppenbeleg lokal)
harmonics_noaa_cptt.txt,"Kaiba To (Todo Shima), Russia",cptt-215,Otomari,bau,"Korsakov (Sakhalin), Russia [harmonics-1997-05-25_mod.txt]",Flach behalten,,,,,,,0.037,0.033,Gruppe lokal n=3 -0.69 Punkte,schreiben (Gruppenbeleg lokal)
harmonics_noaa_cptt.txt,"Tokombo Road, Russia",cptt-217,Otomari,bau,"Korsakov (Sakhalin), Russia [harmonics-1997-05-25_mod.txt]",Flach behalten,,,,,,,0.059,0.053,Gruppe lokal n=3 -0.69 Punkte,schreiben (Gruppenbeleg lokal)
harmonics_noaa_cptt.txt,"Port Kholmnsk, Russia",cptt-219,Otomari,bau,"Korsakov (Sakhalin), Russia [harmonics-1997-05-25_mod.txt]",Flach behalten,,,,,,,0.051,0.047,Gruppe lokal n=3 -1.11 Punkte,schreiben (Gruppenbeleg lokal)
harmonics_noaa_cptt.txt,"Nodasan (Noda), Russia",cptt-221,Otomari,bau,"Korsakov (Sakhalin), Russia [harmonics-1997-05-25_mod.txt]",Flach behalten,,,,,,,0.051,0.047,Gruppe lokal n=2 -1.24 Punkte,schreiben (Gruppenbeleg lokal)
harmonics_noaa_cptt.txt,"Yatsu Misaki, Russia",cptt-223,Pusan,bau,"Busan New Port, South Korea [harmonics_utide_tidetables.txt]",Flach behalten,,,,,,,0.118,0.139,,offen (ohne Beleg)
harmonics_noaa_cptt.txt,"Ushiro Wan, Russia",cptt-225,Pusan,bau,"Busan New Port, South Korea [harmonics_utide_tidetables.txt]",Flach behalten,,,,,,,0.237,0.279,Gruppe lokal n=3 -1.87 Punkte,schreiben (Gruppenbeleg lokal)
harmonics_noaa_cptt.txt,"Toro Numa, Russia",cptt-227,Pusan,bau,"Busan New Port, South Korea [harmonics_utide_tidetables.txt]",Flach behalten,,,,,,,0.296,0.348,Gruppe lokal n=3 -1.87 Punkte,schreiben (Gruppenbeleg lokal)
harmonics_noaa_cptt.txt,"Lesogorsk, Russia",cptt-229,Pusan,bau,"Busan New Port, South Korea [harmonics_utide_tidetables.txt]",Flach behalten,,,,,,,0.296,0.348,Gruppe lokal n=3 -1.87 Punkte,schreiben (Gruppenbeleg lokal)
harmonics_noaa_cptt.txt,"Mys Polevogo, Russia",cptt-231,Pusan,bau,"Busan New Port, South Korea [harmonics_utide_tidetables.txt]",Flach behalten,,,,,,,0.414,0.488,Gruppe lokal n=3 -1.87 Punkte,schreiben (Gruppenbeleg lokal)
harmonics_noaa_cptt.txt,"Anbetsu, Russia",cptt-233,Pusan,bau,"Busan New Port, South Korea [harmonics_utide_tidetables.txt]",Flach behalten,,,,,,,0.474,0.557,Gruppe lokal n=3 -1.87 Punkte,schreiben (Gruppenbeleg lokal)
harmonics_noaa_cptt.txt,"Pilevo Bay, Russia",cptt-235,Pusan,gewaehlt,"Yeong-do, Busan, South Korea [harmonics-1997-05-25_mod.txt]",Flach weg,,,,,,,0.459,0.443,Gruppe lokal n=3 -1.87 Punkte,schreiben (Gruppenbeleg lokal)
harmonics_noaa_cptt.txt,"Alexandrovski, Russia",cptt-237,Pusan,gewaehlt,"Yeong-do, Busan, South Korea [harmonics-1997-05-25_mod.txt]",Flach weg,5.31,3.44,,,,,0.681,0.657,Wahrheit ok,schreiben
harmonics_noaa_cptt.txt,"Viyakhtu Bay, Russia",cptt-239,Pusan,gewaehlt,"Yeong-do, Busan, South Korea [harmonics-1997-05-25_mod.txt]",Flach weg,,,,,,,0.873,0.843,Gruppe lokal n=2 -1.66 Punkte,schreiben (Gruppenbeleg lokal)
harmonics_noaa_cptt.txt,"Cape Tik, Russia",cptt-241,Pusan,gewaehlt,"Yeong-do, Busan, South Korea [harmonics-1997-05-25_mod.txt]",Flach weg,,,,,,,0.814,0.786,Gruppe lokal n=2 -1.66 Punkte,schreiben (Gruppenbeleg lokal)
harmonics_noaa_cptt.txt,"Cape Pogobi, Strait of Tartary, Russia",cptt-243,Pusan,gewaehlt,"Yeong-do, Busan, South Korea [harmonics-1997-05-25_mod.txt]",Flach weg,,,,,,,0.548,0.529,Gruppe lokal n=2 -1.66 Punkte,schreiben (Gruppenbeleg lokal)
harmonics_noaa_cptt.txt,"Amur River entrance, Russia",cptt-245,Jolo,bau,"Jolo, Philippines [harmonics_ticon4_worldwide.txt]",Flach behalten,,,,,,,0.097,0.091,,offen (ohne Beleg)
harmonics_noaa_cptt.txt,"Nikolayevsk, Amur River, Russia",cptt-247,Jolo,bau,"Jolo, Philippines [harmonics_ticon4_worldwide.txt]",Flach behalten,,,,,,,0.058,0.055,,offen (ohne Beleg)
harmonics_noaa_cptt.txt,"Uyuzyut Island, Russia",cptt-249,Jolo,bau,"Jolo, Philippines [harmonics_ticon4_worldwide.txt]",Flach behalten,,,,,,,0.129,0.121,,offen (ohne Beleg)
harmonics_noaa_cptt.txt,"Cape Dzhaore, Russia",cptt-251,Jolo,bau,"Jolo, Philippines [harmonics_ticon4_worldwide.txt]",Flach behalten,,,,,,,0.167,0.157,,offen (ohne Beleg)
harmonics_noaa_cptt.txt,"Cape Lazareva, Russia",cptt-253,Pusan,gewaehlt,"Yeong-do, Busan, South Korea [harmonics-1997-05-25_mod.txt]",Flach weg,,,,,,,0.474,0.457,Gruppe lokal n=2 -1.66 Punkte,schreiben (Gruppenbeleg lokal)
harmonics_noaa_cptt.txt,"Cape Muraveva, Russia",cptt-255,Pusan,gewaehlt,"Yeong-do, Busan, South Korea [harmonics-1997-05-25_mod.txt]",Flach weg,,,,,,,0.562,0.543,Gruppe lokal n=2 -1.66 Punkte,schreiben (Gruppenbeleg lokal)
harmonics_noaa_cptt.txt,"Cape Chikacheva, Russia",cptt-257,Pusan,gewaehlt,"Yeong-do, Busan, South Korea [harmonics-1997-05-25_mod.txt]",Flach weg,,,,,,,0.784,0.757,Gruppe lokal n=2 -1.66 Punkte,schreiben (Gruppenbeleg lokal)
harmonics_noaa_cptt.txt,"Cape Sushcheva, Russia",cptt-259,Pusan,gewaehlt,"Yeong-do, Busan, South Korea [harmonics-1997-05-25_mod.txt]",Flach weg,,,,,,,0.651,0.629,Gruppe lokal n=2 -1.66 Punkte,schreiben (Gruppenbeleg lokal)
harmonics_noaa_cptt.txt,"Taba Bay, Russia",cptt-261,Pusan,gewaehlt,"Yeong-do, Busan, South Korea [harmonics-1997-05-25_mod.txt]",Flach weg,,,,,,,0.755,0.729,Gruppe lokal n=3 -1.87 Punkte,schreiben (Gruppenbeleg lokal)
harmonics_noaa_cptt.txt,"Zaliv Chikhacheva, Russia",cptt-263,Pusan,gewaehlt,"Yeong-do, Busan, South Korea [harmonics-1997-05-25_mod.txt]",Flach weg,5.81,4.35,,,,,0.755,0.729,Wahrheit ok,schreiben
harmonics_noaa_cptt.txt,"Starka Bay, Russia",cptt-265,Pusan,gewaehlt,"Yeong-do, Busan, South Korea [harmonics-1997-05-25_mod.txt]",Flach weg,,,,,,,0.503,0.486,Gruppe lokal n=3 -1.87 Punkte,schreiben (Gruppenbeleg lokal)
harmonics_noaa_cptt.txt,"Datta Bay, Russia",cptt-267,Pusan,bau,"Busan New Port, South Korea [harmonics_utide_tidetables.txt]",Flach behalten,,,,,,,0.281,0.331,Gruppe lokal n=3 -1.87 Punkte,schreiben (Gruppenbeleg lokal)
harmonics_noaa_cptt.txt,"Vanina Bay, Russia",cptt-269,Pusan,bau,"Busan New Port, South Korea [harmonics_utide_tidetables.txt]",Flach behalten,,,,,,,0.192,0.226,Gruppe lokal n=3 -1.87 Punkte,schreiben (Gruppenbeleg lokal)
harmonics_noaa_cptt.txt,"Sovetskaya Harbor, Russia",cptt-271,Pusan,bau,"Busan New Port, South Korea [harmonics_utide_tidetables.txt]",Flach behalten,14.29,11.19,14.9,13.7,,,0.178,0.209,"Wahrheit ok, Pegel ok",schreiben
harmonics_noaa_cptt.txt,"Kotomari Zaki, Russia",cptt-297,Paramushiru Island,bau,"Ostrov Paramushir, Kuril Islands, Russia [harmonics_utide_tidetables.txt]",Flach behalten,6.36,7.25,,,,,0.334,0.308,Wahrheit schlechter,behalten (Beleg schlechter)
harmonics_noaa_cptt.txt,"Nakagawa Wan, Russia",cptt-299,Paramushiru Island,bau,"Ostrov Paramushir, Kuril Islands, Russia [harmonics_utide_tidetables.txt]",Flach behalten,4.03,4.87,,,,,0.36,0.332,Wahrheit schlechter,behalten (Beleg schlechter)
harmonics_noaa_cptt.txt,"Kozyrevskoye, Russia",cptt-301,Paramushiru Island,bau,"Ostrov Paramushir, Kuril Islands, Russia [harmonics_utide_tidetables.txt]",Flach behalten,5.83,6.18,,,,,0.396,0.365,Wahrheit schlechter,behalten (Beleg schlechter)
harmonics_noaa_cptt.txt,"Araido To, Russia",cptt-303,Paramushiru Island,bau,"Ostrov Paramushir, Kuril Islands, Russia [harmonics_utide_tidetables.txt]",Flach behalten,7.36,7.34,,,,,0.475,0.438,Wahrheit ok,schreiben
harmonics_noaa_cptt.txt,"Banjo Zaki, Russia",cptt-305,Paramushiru Island,bau,"Ostrov Paramushir, Kuril Islands, Russia [harmonics_utide_tidetables.txt]",Flach behalten,6.1,6.24,,,,,0.431,0.397,Wahrheit ok,schreiben
harmonics_noaa_cptt.txt,"Yotsuiwa, Russia",cptt-307,Paramushiru Island,bau,"Ostrov Paramushir, Kuril Islands, Russia [harmonics_utide_tidetables.txt]",Flach behalten,3.86,4.18,,,,,0.36,0.332,Wahrheit schlechter,behalten (Beleg schlechter)
harmonics_noaa_cptt.txt,"Mys Kapustnyy, Russia",cptt-311,Paramushiru Island,bau,"Ostrov Paramushir, Kuril Islands, Russia [harmonics_utide_tidetables.txt]",Flach behalten,5.78,5.98,,,,,0.404,0.373,Wahrheit ok,schreiben
harmonics_noaa_cptt.txt,"Kujira Wan, Russia",cptt-313,Paramushiru Island,bau,"Ostrov Paramushir, Kuril Islands, Russia [harmonics_utide_tidetables.txt]",Flach behalten,4.01,4.61,,,,,0.404,0.373,Wahrheit schlechter,behalten (Beleg schlechter)
harmonics_noaa_cptt.txt,"Kakumabetsu Wan, Russia",cptt-315,Paramushiru Island,bau,"Ostrov Paramushir, Kuril Islands, Russia [harmonics_utide_tidetables.txt]",Flach behalten,6.14,6.25,,,,,0.457,0.422,Wahrheit ok,schreiben
harmonics_noaa_cptt.txt,"Kuroishi Wan, Onekotan To, Russia",cptt-317,Yamato Wan,gewaehlt,"Ostrov Mamya, Kuril Islands, Russia [harmonics-2004-06-14_mod.txt]",Flach behalten,7.63,6.06,,,,,0.204,0.186,Wahrheit ok,schreiben
harmonics_noaa_cptt.txt,"Shiomi Wan, Onekotan To, Russia",cptt-319,Paramushiru Island,gewaehlt,"Zaliv Tukharka (Paramushir), Kuril Islands, Russia [harmonics-2004-06-14_mod.txt]",Flach behalten,4.86,5.24,,,,,0.343,0.316,Wahrheit schlechter,behalten (Beleg schlechter)
harmonics_noaa_cptt.txt,"Kharimkotan, Russia",cptt-321,Paramushiru Island,gewaehlt,"Zaliv Tukharka (Paramushir), Kuril Islands, Russia [harmonics-2004-06-14_mod.txt]",Flach behalten,3.68,4.11,,,,,0.308,0.284,Wahrheit schlechter,behalten (Beleg schlechter)
harmonics_noaa_cptt.txt,"Shiashkotan (Southeast coast), Kuril Islands, Russia",cptt-323,Paramushiru Island,gewaehlt,"Zaliv Tukharka (Paramushir), Kuril Islands, Russia [harmonics-2004-06-14_mod.txt]",Flach behalten,2.19,2.52,,,,,0.299,0.276,Wahrheit schlechter,behalten (Beleg schlechter)
harmonics_noaa_cptt.txt,"Shiashkotan (Northwest coast), Kuril Islands, Russia",cptt-325,Paramushiru Island,gewaehlt,"Zaliv Tukharka (Paramushir), Kuril Islands, Russia [harmonics-2004-06-14_mod.txt]",Flach behalten,5.47,5.79,,,,,0.343,0.316,Wahrheit schlechter,behalten (Beleg schlechter)
harmonics_noaa_cptt.txt,"Ushishiro To, Russia",cptt-329,Yamato Wan,gewaehlt,"Ostrov Mamya, Kuril Islands, Russia [harmonics-2004-06-14_mod.txt]",Flach behalten,5.52,3.79,,,,,0.223,0.203,Wahrheit ok,schreiben
harmonics_noaa_cptt.txt,"Bukhta Broutona, Shimushiru To, Russia",cptt-331,Yamato Wan,gewaehlt,"Ostrov Mamya, Kuril Islands, Russia [harmonics-2004-06-14_mod.txt]",Flach behalten,7.54,5.14,,,,,0.166,0.151,Wahrheit ok,schreiben
harmonics_noaa_cptt.txt,"Shimushiru Wan, Shimushiru To, Russia",cptt-333,Yamato Wan,gewaehlt,"Ostrov Mamya, Kuril Islands, Russia [harmonics-2004-06-14_mod.txt]",Flach behalten,5.97,3.73,,,,,0.211,0.192,Wahrheit ok,schreiben
harmonics_noaa_cptt.txt,"Suna Wan, Kita Jima, Russia",cptt-335,Yamato Wan,gewaehlt,"Ostrov Mamya, Kuril Islands, Russia [harmonics-2004-06-14_mod.txt]",Flach behalten,7.81,4.97,,,,,0.185,0.168,Wahrheit ok,schreiben
harmonics_noaa_cptt.txt,"Yosinohama, Russia",cptt-337,Paramushiru Island,gewaehlt,"Zaliv Tukharka (Paramushir), Kuril Islands, Russia [harmonics-2004-06-14_mod.txt]",Flach behalten,6.84,6.11,,,,,0.229,0.211,Wahrheit ok,schreiben
harmonics_noaa_cptt.txt,"Garan Zaki, Russia",cptt-339,Paramushiru Island,bau,"Ostrov Paramushir, Kuril Islands, Russia [harmonics_utide_tidetables.txt]",Flach behalten,5.71,5.51,,,,,0.273,0.251,Wahrheit ok,schreiben
harmonics_noaa_cptt.txt,"Tokotan Wan, Russia",cptt-341,Otomari,bau,"Korsakov (Sakhalin), Russia [harmonics-1997-05-25_mod.txt]",Flach behalten,4.77,4.38,,,,,0.22,0.2,Wahrheit ok,schreiben
harmonics_noaa_cptt.txt,"Tsurigane Wan, Russia",cptt-343,Otomari,bau,"Korsakov (Sakhalin), Russia [harmonics-1997-05-25_mod.txt]",Flach behalten,5.5,4.91,,,,,0.191,0.173,Wahrheit ok,schreiben
harmonics_noaa_cptt.txt,"Zaliv Kasatka, Russia",cptt-345,Paramushiru Island,gewaehlt,"Zaliv Tukharka (Paramushir), Kuril Islands, Russia [harmonics-2004-06-14_mod.txt]",Flach behalten,4.95,4.85,,,,,0.281,0.26,Wahrheit ok,schreiben
harmonics_noaa_cptt.txt,"Kodnyy, Russia",cptt-347,Paramushiru Island,gewaehlt,"Zaliv Tukharka (Paramushir), Kuril Islands, Russia [harmonics-2004-06-14_mod.txt]",Flach behalten,6.34,6.28,,,,,0.308,0.284,Wahrheit ok,schreiben
harmonics_noaa_cptt.txt,"Naibo Wan, Russia",cptt-349,Otomari,bau,"Korsakov (Sakhalin), Russia [harmonics-1997-05-25_mod.txt]",Flach behalten,4.33,3.64,,,,,0.205,0.187,Wahrheit ok,schreiben
harmonics_noaa_cptt.txt,"Kitovyy, Russia",cptt-351,Otomari,bau,"Korsakov (Sakhalin), Russia [harmonics-1997-05-25_mod.txt]",Flach behalten,5.51,5.04,57.6,57.3,,,0.198,0.18,"Wahrheit ok, Pegel ok",schreiben
harmonics_noaa_cptt.txt,"Shamambe Byochi, Russia",cptt-353,Otomari,bau,"Korsakov (Sakhalin), Russia [harmonics-1997-05-25_mod.txt]",Flach behalten,4.56,4.19,,,,,0.205,0.187,Wahrheit ok,schreiben
harmonics_noaa_cptt.txt,"Shibetoro, Russia",cptt-355,Otomari,bau,"Korsakov (Sakhalin), Russia [harmonics-1997-05-25_mod.txt]",Flach behalten,4.99,4.17,,,,,0.191,0.173,Wahrheit ok,schreiben
harmonics_noaa_cptt.txt,"Moyoro Wan, Russia",cptt-357,Otomari,bau,"Korsakov (Sakhalin), Russia [harmonics-1997-05-25_mod.txt]",Flach behalten,8.27,7.18,,,,,0.205,0.187,Wahrheit ok,schreiben
harmonics_noaa_cptt.txt,"Yuzhno Kurilsk, Russia",cptt-359,Paramushiru Island,gewaehlt,"Zaliv Tukharka (Paramushir), Kuril Islands, Russia [harmonics-2004-06-14_mod.txt]",Flach behalten,5.29,4.97,,,,,0.29,0.268,Wahrheit ok,schreiben
harmonics_noaa_cptt.txt,"Tomari Wan, Sakhalin, Russia",cptt-361,Paramushiru Island,gewaehlt,"Zaliv Tukharka (Paramushir), Kuril Islands, Russia [harmonics-2004-06-14_mod.txt]",Flach behalten,6.71,6.12,,,,,0.308,0.284,Wahrheit ok,schreiben
harmonics_noaa_cptt.txt,"Shakotan Ko, Shikotan Jima, Russia",cptt-363,Paramushiru Island,gewaehlt,"Zaliv Tukharka (Paramushir), Kuril Islands, Russia [harmonics-2004-06-14_mod.txt]",Flach behalten,6.33,5.56,,,,,0.273,0.251,Wahrheit ok,schreiben
harmonics_noaa_cptt.txt,"Taraku-jima (Polonskogo), Sakhalin, Russia",cptt-365,Paramushiru Island,gewaehlt,"Zaliv Tukharka (Paramushir), Kuril Islands, Russia [harmonics-2004-06-14_mod.txt]",Flach behalten,4.89,4.71,,,,,0.281,0.26,Wahrheit ok,schreiben
harmonics_noaa_cptt.txt,"Suisho To, Hokkaido, Japan",cptt-367,Paramushiru Island,gewaehlt,"Zaliv Tukharka (Paramushir), Kuril Islands, Russia [harmonics-2004-06-14_mod.txt]",Flach behalten,9.19,8.31,,,,,0.317,0.292,Wahrheit ok,schreiben
harmonics_noaa_cptt.txt,"Nemuro Ko, Hokkaido, Japan",cptt-371,Kamaisi,gewaehlt,"Kamaisi, Iwate, Japan [harmonics_ticon4_worldwide.txt]",Flach behalten,3.34,2.17,9.6,8.2,,,0.336,0.315,"Wahrheit ok, Pegel ok",schreiben
harmonics_noaa_cptt.txt,"Ochiishi Wan, Hokkaido, Japan",cptt-375,Kamaisi,gewaehlt,"Kamaisi, Iwate, Japan [harmonics_ticon4_worldwide.txt]",Flach behalten,4.54,4.09,,,,,0.308,0.289,Wahrheit ok,schreiben
harmonics_noaa_cptt.txt,"Kiritappu Jima, Hamanaka Wan, Hokkaido, Japan",cptt-377,Kamaisi,gewaehlt,"Kamaisi, Iwate, Japan [harmonics_ticon4_worldwide.txt]",Flach behalten,,,,,3.6,2.11,0.308,0.289,Nachbarn ok,schreiben
harmonics_noaa_cptt.txt,"Akkeshi Wan, Hokkaido, Japan",cptt-379,Kamaisi,gewaehlt,"Kamaisi, Iwate, Japan [harmonics_ticon4_worldwide.txt]",Flach behalten,7.63,6.63,,,,,0.322,0.302,Wahrheit ok,schreiben
harmonics_noaa_cptt.txt,"Kushiro Ko, Hokkaido, Japan",cptt-381,Kamaisi,gewaehlt,"Kamaisi, Iwate, Japan [harmonics_ticon4_worldwide.txt]",Flach behalten,2.82,2.05,8.8,8.1,,,0.322,0.302,"Wahrheit ok, Pegel ok",schreiben
harmonics_noaa_cptt.txt,"Rubeshibetsu Saki, Hokkaido, Japan",cptt-383,Kamaisi,gewaehlt,"Kamaisi, Iwate, Japan [harmonics_ticon4_worldwide.txt]",Flach behalten,4.72,4.2,,,,,0.308,0.289,Wahrheit ok,schreiben
harmonics_noaa_cptt.txt,"Utaro, Hokkaido, Japan",cptt-385,Kamaisi,gewaehlt,"Kamaisi, Iwate, Japan [harmonics_ticon4_worldwide.txt]",Flach behalten,4.66,3.46,,,,,0.336,0.315,Wahrheit ok,schreiben
harmonics_noaa_cptt.txt,"Muroran Ko, Hokkaido, Japan",cptt-387,Kamaisi,gewaehlt,"Kamaisi, Iwate, Japan [harmonics_ticon4_worldwide.txt]",Flach behalten,,,,,4.02,3.94,0.364,0.342,Nachbarn ok,schreiben
harmonics_noaa_cptt.txt,"Usu Wan, Iburi Wan, Hokkaido, Japan",cptt-389,Kamaisi,gewaehlt,"Kamaisi, Iwate, Japan [harmonics_ticon4_worldwide.txt]",Flach behalten,4.7,3.92,,,,,0.364,0.342,Wahrheit ok,schreiben
harmonics_noaa_cptt.txt,"Mori Ko, Iburi Wan, Hokkaido, Japan",cptt-391,Kamaisi,gewaehlt,"Kamaisi, Iwate, Japan [harmonics_ticon4_worldwide.txt]",Flach behalten,3.32,2.73,8.1,7.1,,,0.336,0.315,"Wahrheit ok, Pegel ok",schreiben
harmonics_noaa_cptt.txt,"Usujiri Wan, Hokkaido, Japan",cptt-393,Kamaisi,gewaehlt,"Kamaisi, Iwate, Japan [harmonics_ticon4_worldwide.txt]",Flach behalten,4.24,3.58,,,,,0.308,0.289,Wahrheit ok,schreiben
harmonics_noaa_cptt.txt,"Shiokubi Saki, Hokkaido, Japan",cptt-395,Kamaisi,gewaehlt,"Kamaisi, Iwate, Japan [harmonics_ticon4_worldwide.txt]",Flach behalten,3.84,3.46,,,,,0.322,0.302,Wahrheit ok,schreiben
harmonics_noaa_cptt.txt,"Wakimoto, Hokkaido, Japan",cptt-399,Kamaisi,gewaehlt,"Kamaisi, Iwate, Japan [harmonics_ticon4_worldwide.txt]",Flach behalten,8.92,8.49,,,,,0.21,0.197,Wahrheit ok,schreiben
harmonics_noaa_cptt.txt,"Omu Ko, Hokkaido, Japan",cptt-433,Otomari,bau,"Korsakov (Sakhalin), Russia [harmonics-1997-05-25_mod.txt]",Flach behalten,6.98,6.65,,,,,0.183,0.167,Wahrheit ok,schreiben
harmonics_noaa_cptt.txt,"Monbetsu Byochi, Hokkaido, Japan",cptt-435,Otomari,bau,"Korsakov (Sakhalin), Russia [harmonics-1997-05-25_mod.txt]",Flach behalten,3.91,3.22,6.4,5.6,,,0.205,0.187,"Wahrheit ok, Pegel ok",schreiben
harmonics_noaa_cptt.txt,"Abashiri Byochi, Hokkaido, Japan",cptt-437,Otomari,bau,"Korsakov (Sakhalin), Russia [harmonics-1997-05-25_mod.txt]",Flach behalten,2.38,2.15,5.1,5.2,,,0.198,0.18,"Wahrheit ok, Pegel ok",schreiben
harmonics_noaa_cptt.txt,"Koiseboi, Hokkaido, Japan",cptt-439,Otomari,bau,"Korsakov (Sakhalin), Russia [harmonics-1997-05-25_mod.txt]",Flach behalten,,,,,,,0.191,0.173,Gruppe lokal n=6 -0.42 Punkte,schreiben (Gruppenbeleg lokal)
harmonics_noaa_cptt.txt,"Shiranai Wan, Mutsu Kaiwan, Aomori, Japan",cptt-447,Naha,bau,"Naha, Okinawa, Japan [harmonics_ticon4_worldwide.txt]",Flach behalten,8.21,7.34,,,,,0.196,0.182,Wahrheit ok,schreiben
harmonics_noaa_cptt.txt,"Ominato Ko, Mutsu Kaiwan, Aomori, Japan",cptt-449,Naha,bau,"Naha, Okinawa, Japan [harmonics_ticon4_worldwide.txt]",Flach behalten,5.7,3.7,8.2,6.3,,,0.211,0.196,"Wahrheit ok, Pegel ok",schreiben
harmonics_noaa_cptt.txt,"Ohata, Aomori, Japan",cptt-453,Naha,bau,"Naha, Okinawa, Japan [harmonics_ticon4_worldwide.txt]",Flach behalten,7.35,7.51,,,,,0.301,0.28,Wahrheit ok,schreiben
harmonics_noaa_cptt.txt,"Shiriya, Aomori, Japan",cptt-455,Kamaisi,gewaehlt,"Kamaisi, Iwate, Japan [harmonics_ticon4_worldwide.txt]",Flach behalten,5.01,3.56,,,,,0.35,0.328,Wahrheit ok,schreiben
harmonics_noaa_cptt.txt,"Tomari, Aomori, Japan",cptt-457,Kamaisi,gewaehlt,"Kamaisi, Iwate, Japan [harmonics_ticon4_worldwide.txt]",Flach behalten,4.35,3.44,,,,,0.35,0.328,Wahrheit ok,schreiben
harmonics_noaa_cptt.txt,"Hachinohe Ko, Aomori, Japan",cptt-459,Kamaisi,gewaehlt,"Kamaisi, Iwate, Japan [harmonics_ticon4_worldwide.txt]",Flach behalten,2.4,0.99,5.2,3.5,,,0.308,0.289,"Wahrheit ok, Pegel ok",schreiben
harmonics_noaa_cptt.txt,"Kuji Wan, Iwate, Japan",cptt-461,Kamaisi,gewaehlt,"Kamaisi, Iwate, Japan [harmonics_ticon4_worldwide.txt]",Flach behalten,5.07,4.43,6.2,3.8,,,0.336,0.315,"Wahrheit ok, Pegel ok",schreiben
harmonics_noaa_cptt.txt,"Miyako Ko, Iwate, Japan",cptt-463,Kamaisi,gewaehlt,"Kamaisi, Iwate, Japan [harmonics_ticon4_worldwide.txt]",Flach behalten,2.22,1.67,5.2,4.5,,,0.308,0.289,"Wahrheit ok, Pegel ok",schreiben
harmonics_noaa_cptt.txt,"Yamada Ko, Iwate, Japan",cptt-465,Kamaisi,gewaehlt,"Kamaisi, Iwate, Japan [harmonics_ticon4_worldwide.txt]",Flach behalten,3.77,3.39,,,,,0.322,0.302,Wahrheit ok,schreiben
harmonics_noaa_cptt.txt,"Kesennuma Wan, Miyagi, Japan",cptt-469,Kamaisi,gewaehlt,"Kamaisi, Iwate, Japan [harmonics_ticon4_worldwide.txt]",Flach behalten,,,,,3.88,3.17,0.322,0.302,Nachbarn ok,schreiben
harmonics_noaa_cptt.txt,"Oginohama Ko, Miyagi, Japan",cptt-471,Kamaisi,gewaehlt,"Kamaisi, Iwate, Japan [harmonics_ticon4_worldwide.txt]",Flach behalten,2.7,1.57,,,,,0.364,0.342,Wahrheit ok,schreiben
harmonics_noaa_cptt.txt,"Same Ura, Nobiru Wan, Miyagi, Japan",cptt-473,Kamaisi,gewaehlt,"Kamaisi, Iwate, Japan [harmonics_ticon4_worldwide.txt]",Flach behalten,,,,,3.94,3.55,0.336,0.315,Nachbarn ok,schreiben
harmonics_noaa_cptt.txt,"Hirakata Wan, Ibaraki, Japan",cptt-475,Kamaisi,gewaehlt,"Kamaisi, Iwate, Japan [harmonics_ticon4_worldwide.txt]",Flach behalten,5.68,5.03,,,,,0.322,0.302,Wahrheit ok,schreiben
harmonics_noaa_cptt.txt,"Nagasaki, Inubo Saki, Chiba, Japan",cptt-479,Kamaisi,gewaehlt,"Kamaisi, Iwate, Japan [harmonics_ticon4_worldwide.txt]",Flach behalten,3.87,3.58,,,,,0.336,0.315,Wahrheit ok,schreiben
harmonics_noaa_cptt.txt,"Katsuura Wan, Chiba, Japan",cptt-481,Yokohama,bau,"Yokohama (Shinko), Kanagawa, Japan [harmonics_ticon4_worldwide.txt]",Flach behalten,,,,,3.76,3.7,0.393,0.338,Nachbarn ok,schreiben
harmonics_noaa_cptt.txt,"Kamogawa, Kamogawa Wan, Chiba, Japan",cptt-483,Yokohama,bau,"Yokohama (Shinko), Kanagawa, Japan [harmonics_ticon4_worldwide.txt]",Flach behalten,3.9,4.23,,,,,0.378,0.325,Wahrheit schlechter,behalten (Beleg schlechter)
harmonics_noaa_cptt.txt,"Otohama, Chiba, Japan",cptt-485,Yokohama,bau,"Yokohama (Shinko), Kanagawa, Japan [harmonics_ticon4_worldwide.txt]",Flach behalten,5.22,4.85,,,,,0.378,0.325,Wahrheit ok,schreiben
harmonics_noaa_cptt.txt,"Tateyama Wan, Chiba, Japan",cptt-487,Yokohama,bau,"Yokohama (Shinko), Kanagawa, Japan [harmonics_ticon4_worldwide.txt]",Flach behalten,4.0,3.47,,,,,0.422,0.363,Wahrheit ok,schreiben
harmonics_noaa_cptt.txt,"Uraga Ko, Kanagawa, Japan",cptt-489,Yokohama,bau,"Yokohama (Shinko), Kanagawa, Japan [harmonics_ticon4_worldwide.txt]",Flach behalten,4.69,3.79,,,,,0.422,0.363,Wahrheit ok,schreiben
harmonics_noaa_cptt.txt,"Yokosuka Ko, Kanagawa, Japan",cptt-491,Yokohama,bau,"Yokohama (Shinko), Kanagawa, Japan [harmonics_ticon4_worldwide.txt]",Flach behalten,3.92,3.58,5.5,3.4,,,0.465,0.4,"Wahrheit ok, Pegel ok",schreiben
harmonics_noaa_cptt.txt,"Shinagawa, Tokyo Ko, Tokyo, Japan",cptt-495,Yokohama,bau,"Yokohama (Shinko), Kanagawa, Japan [harmonics_ticon4_worldwide.txt]",Flach behalten,2.15,1.43,,,,,0.523,0.451,Wahrheit ok,schreiben
harmonics_noaa_cptt.txt,"Koto Wan, Kanagawa, Japan",cptt-501,Yokohama,bau,"Yokohama (Shinko), Kanagawa, Japan [harmonics_ticon4_worldwide.txt]",Flach behalten,4.46,3.62,,,,,0.407,0.35,Wahrheit ok,schreiben
harmonics_noaa_cptt.txt,"Ajiro Ko, Shizuoka, Japan",cptt-503,Yokohama,bau,"Yokohama (Shinko), Kanagawa, Japan [harmonics_ticon4_worldwide.txt]",Flach behalten,4.36,4.14,,,,,0.393,0.338,Wahrheit ok,schreiben
harmonics_noaa_cptt.txt,"Shimoda Ko, Shizuoka, Japan",cptt-505,Yokohama,bau,"Yokohama (Shinko), Kanagawa, Japan [harmonics_ticon4_worldwide.txt]",Flach behalten,1.92,2.16,5.0,5.3,,,0.436,0.375,"Wahrheit ok, Pegel schlechter",schreiben
harmonics_noaa_cptt.txt,"Merakoura Ko, Shizuoka, Japan",cptt-507,Yokohama,bau,"Yokohama (Shinko), Kanagawa, Japan [harmonics_ticon4_worldwide.txt]",Flach behalten,4.12,3.5,,,,,0.436,0.375,Wahrheit ok,schreiben
harmonics_noaa_cptt.txt,"Tago Minato, Shizuoka, Japan",cptt-509,Yokohama,bau,"Yokohama (Shinko), Kanagawa, Japan [harmonics_ticon4_worldwide.txt]",Flach behalten,4.17,3.32,7.3,3.5,,,0.451,0.388,"Wahrheit ok, Pegel ok",schreiben
harmonics_noaa_cptt.txt,"Eno Ura, Shizuoka, Japan",cptt-511,Yokohama,bau,"Yokohama (Shinko), Kanagawa, Japan [harmonics_ticon4_worldwide.txt]",Flach behalten,1.98,2.5,5.4,5.6,,,0.407,0.35,"Wahrheit schlechter, Pegel ok",behalten (Beleg schlechter)
harmonics_noaa_cptt.txt,"Omai Saki, Shizuoka, Japan",cptt-515,Yokohama,bau,"Yokohama (Shinko), Kanagawa, Japan [harmonics_ticon4_worldwide.txt]",Flach behalten,4.62,4.06,7.1,4.4,,,0.465,0.4,"Wahrheit ok, Pegel ok",schreiben
harmonics_noaa_cptt.txt,"Shino Shima, Mikawa Wan, Aichi, Japan",cptt-517,Yokohama,bau,"Yokohama (Shinko), Kanagawa, Japan [harmonics_ticon4_worldwide.txt]",Flach behalten,6.88,4.92,,,,,0.625,0.538,Wahrheit ok,schreiben
harmonics_noaa_cptt.txt,"Gamagori, Mikawa Wan, Aichi, Japan",cptt-519,Yokohama,bau,"Yokohama (Shinko), Kanagawa, Japan [harmonics_ticon4_worldwide.txt]",Flach behalten,7.21,4.76,,,,,0.683,0.588,Wahrheit ok,schreiben
harmonics_noaa_cptt.txt,"Tsu Ko, Iseno Umi, Mie, Japan",cptt-525,Yokohama,bau,"Yokohama (Shinko), Kanagawa, Japan [harmonics_ticon4_worldwide.txt]",Flach behalten,7.09,4.96,,,,,0.669,0.576,Wahrheit ok,schreiben
harmonics_noaa_cptt.txt,"Matoya Ko, Mie, Japan",cptt-529,Yokohama,bau,"Yokohama (Shinko), Kanagawa, Japan [harmonics_ticon4_worldwide.txt]",Flach behalten,4.74,3.52,,,,,0.465,0.4,Wahrheit ok,schreiben
harmonics_noaa_cptt.txt,"Hamashima, Ago Wan, Mie, Japan",cptt-531,Yokohama,bau,"Yokohama (Shinko), Kanagawa, Japan [harmonics_ticon4_worldwide.txt]",Flach behalten,3.06,2.28,,,,,0.48,0.413,Wahrheit ok,schreiben
harmonics_noaa_cptt.txt,"Gokasho Ko, Mie, Japan",cptt-533,Yokohama,bau,"Yokohama (Shinko), Kanagawa, Japan [harmonics_ticon4_worldwide.txt]",Flach behalten,5.61,3.84,,,,,0.48,0.413,Wahrheit ok,schreiben
harmonics_noaa_cptt.txt,"Hikimoto Ura, Owashi Wan, Mie, Japan",cptt-535,Yokohama,bau,"Yokohama (Shinko), Kanagawa, Japan [harmonics_ticon4_worldwide.txt]",Flach behalten,,,,,4.33,2.93,0.48,0.413,Nachbarn ok,schreiben
harmonics_noaa_cptt.txt,"Katsuura Wan, Wakayama, Japan",cptt-537,Yokohama,bau,"Yokohama (Shinko), Kanagawa, Japan [harmonics_ticon4_worldwide.txt]",Flach behalten,2.41,2.89,,,,,0.48,0.413,Wahrheit schlechter,behalten (Beleg schlechter)
harmonics_noaa_cptt.txt,"Urakami Ko, Wakayama, Japan",cptt-539,Yokohama,bau,"Yokohama (Shinko), Kanagawa, Japan [harmonics_ticon4_worldwide.txt]",Flach behalten,5.01,4.33,8.5,5.2,,,0.494,0.425,"Wahrheit ok, Pegel ok",schreiben
harmonics_noaa_cptt.txt,"Kushimoto, Fukuro Ko, Wakayama, Japan",cptt-541,Yokohama,bau,"Yokohama (Shinko), Kanagawa, Japan [harmonics_ticon4_worldwide.txt]",Flach behalten,3.09,1.87,8.4,5.9,,,0.48,0.413,"Wahrheit ok, Pegel ok",schreiben
harmonics_noaa_cptt.txt,"Susami, Wakayama, Japan",cptt-543,Yokohama,bau,"Yokohama (Shinko), Kanagawa, Japan [harmonics_ticon4_worldwide.txt]",Flach behalten,5.02,4.01,,,,,0.509,0.438,Wahrheit ok,schreiben
harmonics_noaa_cptt.txt,"Tanabe Ko, Wakayama, Japan",cptt-545,Yokohama,bau,"Yokohama (Shinko), Kanagawa, Japan [harmonics_ticon4_worldwide.txt]",Flach behalten,6.04,4.4,,,,,0.538,0.463,Wahrheit ok,schreiben
harmonics_noaa_cptt.txt,"Mio, Wakayama, Japan",cptt-547,Yokohama,bau,"Yokohama (Shinko), Kanagawa, Japan [harmonics_ticon4_worldwide.txt]",Flach behalten,5.32,3.78,,,,,0.509,0.438,Wahrheit ok,schreiben
harmonics_noaa_cptt.txt,"Habu Ko, O Shima, Tokyo, Japan",cptt-549,Yokohama,bau,"Yokohama (Shinko), Kanagawa, Japan [harmonics_ticon4_worldwide.txt]",Flach behalten,2.92,3.43,,,,,0.393,0.338,Wahrheit schlechter,behalten (Beleg schlechter)
harmonics_noaa_cptt.txt,"Shikine Shima, Tokyo, Japan",cptt-551,Yokohama,bau,"Yokohama (Shinko), Kanagawa, Japan [harmonics_ticon4_worldwide.txt]",Flach behalten,4.13,4.03,,,,,0.407,0.35,Wahrheit ok,schreiben
harmonics_noaa_cptt.txt,"Tori Shima, Tokyo, Japan",cptt-555,Yokohama,bau,"Yokohama (Shinko), Kanagawa, Japan [harmonics_ticon4_worldwide.txt]",Flach behalten,4.5,3.98,,,,,0.32,0.275,Wahrheit ok,schreiben
harmonics_noaa_cptt.txt,"Muko Jima, Ogasawara Gunto, Tokyo, Japan",cptt-557,Yokohama,bau,"Yokohama (Shinko), Kanagawa, Japan [harmonics_ticon4_worldwide.txt]",Flach behalten,,,,,,,0.32,0.275,,offen (ohne Beleg)
harmonics_noaa_cptt.txt,"Okimura, Ogasawara Gunto, Tokyo, Japan",cptt-561,Yokohama,bau,"Yokohama (Shinko), Kanagawa, Japan [harmonics_ticon4_worldwide.txt]",Flach behalten,4.46,3.69,,,,,0.32,0.275,Wahrheit ok,schreiben
harmonics_noaa_cptt.txt,"Ishino, Kita Iwo Jima, Kazan Retto, Tokyo, Japan",cptt-563,Yokohama,bau,"Yokohama (Shinko), Kanagawa, Japan [harmonics_ticon4_worldwide.txt]",Flach behalten,,,,,,,0.262,0.225,Gruppe lokal n=2 -0.64 Punkte,schreiben (Gruppenbeleg lokal)
harmonics_noaa_cptt.txt,"Nishi, Iwo Jima, Kazan Retto, Tokyo, Japan",cptt-565,Yokohama,bau,"Yokohama (Shinko), Kanagawa, Japan [harmonics_ticon4_worldwide.txt]",Flach behalten,4.39,3.87,,,,,0.262,0.225,Wahrheit ok,schreiben
harmonics_noaa_cptt.txt,"Urado Ko, Kochi, Japan",cptt-571,Naha,bau,"Naha, Okinawa, Japan [harmonics_ticon4_worldwide.txt]",Flach behalten,2.48,2.25,11.9,6.3,,,0.542,0.505,"Wahrheit ok, Pegel ok",schreiben
harmonics_noaa_cptt.txt,"Hii Wan, Wakayama, Japan",cptt-575,Yokohama,bau,"Yokohama (Shinko), Kanagawa, Japan [harmonics_ticon4_worldwide.txt]",Flach behalten,5.62,3.81,,,,,0.494,0.425,Wahrheit ok,schreiben
harmonics_noaa_cptt.txt,"Wakanoura Wan, Wakayama, Japan",cptt-579,Yokohama,bau,"Yokohama (Shinko), Kanagawa, Japan [harmonics_ticon4_worldwide.txt]",Flach behalten,,,,,5.25,5.19,0.451,0.388,Nachbarn ok,schreiben
harmonics_noaa_cptt.txt,"Komatsushima Ko, Tokushima, Japan",cptt-583,Yokohama,bau,"Yokohama (Shinko), Kanagawa, Japan [harmonics_ticon4_worldwide.txt]",Flach behalten,6.82,6.63,8.1,6.8,,,0.451,0.388,"Wahrheit ok, Pegel ok",schreiben
harmonics_noaa_cptt.txt,"Tomoga Shima, Tomogashima Suido, Wakayama, Japan",cptt-585,Kobe,bau,"Kobe, Hyogo, Japan [harmonics_utide_observations.txt]",Flach behalten,8.52,9.21,,,,,0.438,0.338,Wahrheit schlechter,behalten (Beleg schlechter)
harmonics_noaa_cptt.txt,"Karumo Jima, Hyogo, Japan",cptt-595,Kobe,bau,"Kobe, Hyogo, Japan [harmonics_utide_observations.txt]",Flach behalten,7.56,9.81,,,,,0.365,0.282,Wahrheit schlechter,behalten (Beleg schlechter)
harmonics_noaa_cptt.txt,"Murotsu, Awaji, Hyogo, Japan",cptt-601,Sakate,gewaehlt,"Sakate (Shodoshima), Kagawa, Japan [harmonics-2004-06-14_mod.txt]",Flach weg,9.88,10.49,,,,,0.261,0.248,Wahrheit schlechter,behalten (Beleg schlechter)
harmonics_noaa_cptt.txt,"Anaga Ura, Awaji, Hyogo, Japan",cptt-605,Sakate,gewaehlt,"Sakate (Shodoshima), Kagawa, Japan [harmonics-2004-06-14_mod.txt]",Flach weg,2.56,2.96,,,,,0.348,0.33,Wahrheit schlechter,behalten (Beleg schlechter)
harmonics_noaa_cptt.txt,"Ajiro, Naruto, Tokushima, Japan",cptt-607,Sakate,gewaehlt,"Sakate (Shodoshima), Kagawa, Japan [harmonics-2004-06-14_mod.txt]",Flach weg,6.89,7.04,,,,,0.378,0.358,Wahrheit ok,schreiben
harmonics_noaa_cptt.txt,"Fukura Ura, Awaji, Hyogo, Japan",cptt-609,Yokohama,bau,"Yokohama (Shinko), Kanagawa, Japan [harmonics_ticon4_worldwide.txt]",Flach behalten,4.86,2.04,,,,,0.48,0.413,Wahrheit ok,schreiben
harmonics_noaa_cptt.txt,"Tosadomari, Muyano Seto, Tokushima, Japan",cptt-611,Kobe,bau,"Kobe, Hyogo, Japan [harmonics_utide_observations.txt]",Flach behalten,11.67,11.73,,,,,0.38,0.293,Wahrheit ok,schreiben
harmonics_noaa_cptt.txt,"Aziro, Tokushima, Japan",cptt-615,Kobe,bau,"Kobe, Hyogo, Japan [harmonics_utide_observations.txt]",Flach behalten,13.12,13.84,,,,,0.38,0.293,Wahrheit schlechter,behalten (Beleg schlechter)
harmonics_noaa_cptt.txt,"Hikeda, Harima Nada, Kagawa, Japan",cptt-617,Sakate,gewaehlt,"Sakate (Shodoshima), Kagawa, Japan [harmonics-2004-06-14_mod.txt]",Flach weg,1.46,1.65,,,,,0.378,0.358,Wahrheit ok,schreiben
harmonics_noaa_cptt.txt,"Ikeda Wan, Shodo Shima, Kagawa, Japan",cptt-621,Sakate,gewaehlt,"Sakate (Shodoshima), Kagawa, Japan [harmonics-2004-06-14_mod.txt]",Flach weg,7.56,8.63,,,,,0.523,0.495,Wahrheit schlechter,behalten (Beleg schlechter)
harmonics_noaa_cptt.txt,"Takasago Ko, Hyogo, Japan",cptt-623,Sakate,gewaehlt,"Sakate (Shodoshima), Kagawa, Japan [harmonics-2004-06-14_mod.txt]",Flach weg,5.77,6.27,,,,,0.305,0.289,Wahrheit schlechter,behalten (Beleg schlechter)
harmonics_noaa_cptt.txt,"Ie Shima, Hyogo, Japan",cptt-627,Sakate,gewaehlt,"Sakate (Shodoshima), Kagawa, Japan [harmonics-2004-06-14_mod.txt]",Flach weg,1.95,2.36,,,,,0.334,0.316,Wahrheit schlechter,behalten (Beleg schlechter)
harmonics_noaa_cptt.txt,"O-O Wan, Hyogo, Japan",cptt-629,Sakate,gewaehlt,"Sakate (Shodoshima), Kagawa, Japan [harmonics-2004-06-14_mod.txt]",Flach weg,7.96,8.31,,,,,0.378,0.358,Wahrheit schlechter,behalten (Beleg schlechter)
harmonics_noaa_cptt.txt,"Otabu Shima, Okayama, Japan",cptt-631,Sakate,gewaehlt,"Sakate (Shodoshima), Kagawa, Japan [harmonics-2004-06-14_mod.txt]",Flach weg,7.04,7.39,,,,,0.407,0.385,Wahrheit schlechter,behalten (Beleg schlechter)
harmonics_noaa_cptt.txt,"Ushimado Ko, Okayama, Japan",cptt-633,Sakate,gewaehlt,"Sakate (Shodoshima), Kagawa, Japan [harmonics-2004-06-14_mod.txt]",Flach weg,4.94,5.64,,,,,0.508,0.481,Wahrheit schlechter,behalten (Beleg schlechter)
harmonics_noaa_cptt.txt,"Kogushi, Okayama Suido, Okayama, Japan",cptt-635,Sakate,gewaehlt,"Sakate (Shodoshima), Kagawa, Japan [harmonics-2004-06-14_mod.txt]",Flach weg,8.01,9.35,,,,,0.537,0.509,Wahrheit schlechter,behalten (Beleg schlechter)
harmonics_noaa_cptt.txt,"Nao Shima, Kagawa, Japan",cptt-637,Kure,bau,"Kure, Hiroshima, Japan [harmonics_utide_observations.txt]",Flach behalten,5.4,6.52,,,,,0.745,0.688,Wahrheit schlechter,behalten (Beleg schlechter)
harmonics_noaa_cptt.txt,"Shimotsui, Okayama, Japan",cptt-645,Kure,bau,"Kure, Hiroshima, Japan [harmonics_utide_observations.txt]",Flach behalten,4.54,5.77,,,,,0.894,0.825,Wahrheit schlechter,behalten (Beleg schlechter)
harmonics_noaa_cptt.txt,"Awashima, Awa Shima, Kagawa, Japan",cptt-647,Kure,bau,"Kure, Hiroshima, Japan [harmonics_utide_observations.txt]",Flach behalten,2.52,4.15,,,,,1.147,1.059,Wahrheit schlechter,behalten (Beleg schlechter)
harmonics_noaa_cptt.txt,"Tomo Tsu, Bingo Nada, Hiroshima, Japan",cptt-649,Kure,bau,"Kure, Hiroshima, Japan [harmonics_utide_observations.txt]",Flach behalten,2.73,4.3,,,,,1.192,1.1,Wahrheit schlechter,behalten (Beleg schlechter)
harmonics_noaa_cptt.txt,"Tachibana, Mekari Seto, Hiroshima, Japan",cptt-651,Kure,bau,"Kure, Hiroshima, Japan [harmonics_utide_observations.txt]",Flach behalten,4.8,5.73,,,,,1.117,1.031,Wahrheit schlechter,behalten (Beleg schlechter)
harmonics_noaa_cptt.txt,"Setoda, Ikuchi Jima, Hiroshima, Japan",cptt-657,Kure,bau,"Kure, Hiroshima, Japan [harmonics_utide_observations.txt]",Flach behalten,4.85,5.82,,,,,1.117,1.031,Wahrheit schlechter,behalten (Beleg schlechter)
harmonics_noaa_cptt.txt,"Mitarai, Osaki Shimo Shima, Hiroshima, Japan",cptt-667,Kure,bau,"Kure, Hiroshima, Japan [harmonics_utide_observations.txt]",Flach behalten,4.86,5.71,,,,,1.147,1.059,Wahrheit schlechter,behalten (Beleg schlechter)
harmonics_noaa_cptt.txt,"Koyo, Aki Nada, Hiroshima, Japan",cptt-669,Kure,bau,"Kure, Hiroshima, Japan [harmonics_utide_observations.txt]",Flach behalten,5.24,5.93,,,,,0.998,0.921,Wahrheit schlechter,behalten (Beleg schlechter)
harmonics_noaa_cptt.txt,"Mutsuki Seto, Naka Shima, Ehime, Japan",cptt-671,Kure,bau,"Kure, Hiroshima, Japan [harmonics_utide_observations.txt]",Flach behalten,4.7,5.61,,,,,1.028,0.949,Wahrheit schlechter,behalten (Beleg schlechter)
harmonics_noaa_cptt.txt,"Karoto Koseto, Hiroshima, Japan",cptt-673,Kure,bau,"Kure, Hiroshima, Japan [harmonics_utide_observations.txt]",Flach behalten,4.87,5.64,,,,,0.983,0.908,Wahrheit schlechter,behalten (Beleg schlechter)
harmonics_noaa_cptt.txt,"Ondo Seto, Hiroshima, Japan",cptt-675,Kure,bau,"Kure, Hiroshima, Japan [harmonics_utide_observations.txt]",Flach behalten,4.77,5.65,,,,,0.983,0.908,Wahrheit schlechter,behalten (Beleg schlechter)
harmonics_noaa_cptt.txt,"Nasami Seto, Hiroshima, Japan",cptt-681,Kure,bau,"Kure, Hiroshima, Japan [harmonics_utide_observations.txt]",Flach behalten,5.86,6.23,,,,,1.013,0.935,Wahrheit schlechter,behalten (Beleg schlechter)
harmonics_noaa_cptt.txt,"Hiroshima Ko (Ujina Ko), Hiroshima, Japan",cptt-683,Kure,bau,"Kure, Hiroshima, Japan [harmonics_utide_observations.txt]",Flach behalten,2.39,3.51,15.3,6.9,,,1.087,1.004,"Wahrheit schlechter, Pegel ok",behalten (Beleg schlechter)
harmonics_noaa_cptt.txt,"Itsuku Shima, Hiroshima, Japan",cptt-685,Kure,bau,"Kure, Hiroshima, Japan [harmonics_utide_observations.txt]",Flach behalten,5.06,5.84,,,,,1.087,1.004,Wahrheit schlechter,behalten (Beleg schlechter)
harmonics_noaa_cptt.txt,"Shimminato, Yamaguchi, Japan",cptt-687,Kure,bau,"Kure, Hiroshima, Japan [harmonics_utide_observations.txt]",Flach behalten,2.29,3.59,,,,,1.013,0.935,Wahrheit schlechter,behalten (Beleg schlechter)
harmonics_noaa_cptt.txt,"Moro Shima Suido, Yamaguchi, Japan",cptt-689,Kure,bau,"Kure, Hiroshima, Japan [harmonics_utide_observations.txt]",Flach behalten,4.95,5.81,,,,,1.043,0.963,Wahrheit schlechter,behalten (Beleg schlechter)
harmonics_noaa_cptt.txt,"Yashiro Jima, Yamaguchi, Japan",cptt-691,Kure,bau,"Kure, Hiroshima, Japan [harmonics_utide_observations.txt]",Flach behalten,4.98,5.68,,,,,0.983,0.908,Wahrheit schlechter,behalten (Beleg schlechter)
harmonics_noaa_cptt.txt,"Obatake Seto, Yamaguchi, Japan",cptt-693,Kure,bau,"Kure, Hiroshima, Japan [harmonics_utide_observations.txt]",Flach behalten,4.78,5.56,,,,,0.953,0.88,Wahrheit schlechter,behalten (Beleg schlechter)
harmonics_noaa_cptt.txt,"Okikamuro Shima, Yamaguchi, Japan",cptt-695,Kure,bau,"Kure, Hiroshima, Japan [harmonics_utide_observations.txt]",Flach behalten,4.9,5.79,,,,,0.953,0.88,Wahrheit schlechter,behalten (Beleg schlechter)
harmonics_noaa_cptt.txt,"Kaminoseki Kaikyo, Yamaguchi, Japan",cptt-697,Kure,bau,"Kure, Hiroshima, Japan [harmonics_utide_observations.txt]",Flach behalten,4.96,5.59,,,,,0.879,0.811,Wahrheit schlechter,behalten (Beleg schlechter)
harmonics_noaa_cptt.txt,"Ao Shima, Ehime, Japan",cptt-701,Kure,bau,"Kure, Hiroshima, Japan [harmonics_utide_observations.txt]",Flach behalten,4.73,5.59,,,,,0.983,0.908,Wahrheit schlechter,behalten (Beleg schlechter)
harmonics_noaa_cptt.txt,"Nagahama Ko, Ehime, Japan",cptt-703,Kure,bau,"Kure, Hiroshima, Japan [harmonics_utide_observations.txt]",Flach behalten,5.42,5.95,,,,,0.953,0.88,Wahrheit schlechter,behalten (Beleg schlechter)
harmonics_noaa_cptt.txt,"Mitsukuye Ko, Ehime, Japan",cptt-705,Kure,bau,"Kure, Hiroshima, Japan [harmonics_utide_observations.txt]",Flach behalten,5.02,5.82,,,,,0.923,0.853,Wahrheit schlechter,behalten (Beleg schlechter)
harmonics_noaa_cptt.txt,"Saganoseki, Oita, Japan",cptt-707,Kure,bau,"Kure, Hiroshima, Japan [harmonics_utide_observations.txt]",Flach behalten,5.78,6.57,,,,,0.581,0.536,Wahrheit schlechter,behalten (Beleg schlechter)
harmonics_noaa_cptt.txt,"Yawatahama Ko, Ehime, Japan",cptt-711,Naha,bau,"Naha, Okinawa, Japan [harmonics_ticon4_worldwide.txt]",Flach behalten,5.77,5.43,,,,,0.647,0.603,Wahrheit ok,schreiben
harmonics_noaa_cptt.txt,"Okuchi Wan, Ehime, Japan",cptt-713,Naha,bau,"Naha, Okinawa, Japan [harmonics_ticon4_worldwide.txt]",Flach behalten,5.91,5.57,,,,,0.647,0.603,Wahrheit ok,schreiben
harmonics_noaa_cptt.txt,"Hiburi Shima, Ehime, Japan",cptt-715,Naha,bau,"Naha, Okinawa, Japan [harmonics_ticon4_worldwide.txt]",Flach behalten,5.85,5.58,,,,,0.602,0.561,Wahrheit ok,schreiben
harmonics_noaa_cptt.txt,"Uwajima Ko, Ehime, Japan",cptt-719,Naha,bau,"Naha, Okinawa, Japan [harmonics_ticon4_worldwide.txt]",Flach behalten,3.51,3.9,14.3,11.5,,,0.557,0.519,"Wahrheit schlechter, Pegel ok",behalten (Beleg schlechter)
harmonics_noaa_cptt.txt,"Kashiwa, Ehime, Japan",cptt-721,Naha,bau,"Naha, Okinawa, Japan [harmonics_ticon4_worldwide.txt]",Flach behalten,5.45,5.03,,,,,0.602,0.561,Wahrheit ok,schreiben
harmonics_noaa_cptt.txt,"Saganoseki, Shita Ura, Oita, Japan",cptt-727,Naha,bau,"Naha, Okinawa, Japan [harmonics_ticon4_worldwide.txt]",Flach behalten,4.29,4.18,,,,,0.602,0.561,Wahrheit ok,schreiben
harmonics_noaa_cptt.txt,"Hime Shima, Oita, Japan",cptt-729,Kure,bau,"Kure, Hiroshima, Japan [harmonics_utide_observations.txt]",Flach behalten,2.89,3.92,,,,,0.938,0.866,Wahrheit schlechter,behalten (Beleg schlechter)
harmonics_noaa_cptt.txt,"Kakaji, Oita, Japan",cptt-731,Kure,bau,"Kure, Hiroshima, Japan [harmonics_utide_observations.txt]",Flach behalten,5.13,5.76,,,,,1.013,0.935,Wahrheit schlechter,behalten (Beleg schlechter)
harmonics_noaa_cptt.txt,"Unoshima Ko, Fukuoka, Japan",cptt-733,Kure,bau,"Kure, Hiroshima, Japan [harmonics_utide_observations.txt]",Flach behalten,5.45,6.05,,,,,1.162,1.073,Wahrheit schlechter,behalten (Beleg schlechter)
harmonics_noaa_cptt.txt,"Tokuyama Wan, Yamaguchi, Japan",cptt-735,Kure,bau,"Kure, Hiroshima, Japan [harmonics_utide_observations.txt]",Flach behalten,2.9,4.17,14.8,8.2,,,0.938,0.866,"Wahrheit schlechter, Pegel ok",behalten (Beleg schlechter)
harmonics_noaa_cptt.txt,"Ube Ko, Yamaguchi, Japan",cptt-739,Kure,bau,"Kure, Hiroshima, Japan [harmonics_utide_observations.txt]",Flach behalten,4.56,1.73,18.4,8.6,,,1.162,1.073,"Wahrheit ok, Pegel ok",schreiben
harmonics_noaa_cptt.txt,"Aohama, Kyushu, Fukuoka, Japan",cptt-741,Kure,bau,"Kure, Hiroshima, Japan [harmonics_utide_observations.txt]",Flach behalten,3.38,3.84,19.7,9.8,,,1.192,1.1,"Wahrheit schlechter, Pegel ok",behalten (Beleg schlechter)
harmonics_noaa_cptt.txt,"Yoshimo, Yamaguchi, Japan",cptt-757,Moji,bau,"Kazi-Ga-Hana, Fukuoka, Japan [harmonics-2004-06-14_mod.txt]",Flach behalten,8.07,8.51,,,,,0.344,0.36,Wahrheit schlechter,behalten (Beleg schlechter)
harmonics_noaa_cptt.txt,"Kottoi, Yamaguchi, Japan",cptt-759,Moji,bau,"Kazi-Ga-Hana, Fukuoka, Japan [harmonics-2004-06-14_mod.txt]",Flach behalten,8.51,9.18,,,,,0.359,0.376,Wahrheit schlechter,behalten (Beleg schlechter)
harmonics_noaa_cptt.txt,"Yuya Wan (Aburatani Wan), Yamaguchi, Japan",cptt-761,Moji,bau,"Kazi-Ga-Hana, Fukuoka, Japan [harmonics-2004-06-14_mod.txt]",Flach behalten,9.02,9.36,,,,,0.269,0.282,Wahrheit schlechter,behalten (Beleg schlechter)
harmonics_noaa_cptt.txt,"Senzaki Ko, Yamaguchi, Japan",cptt-763,Hong Kong,bau,"Quarry Bay, Hong Kong, China [harmonics_utide_tidetables.txt]",Flach behalten,11.34,9.61,,,,,0.203,0.167,Wahrheit ok,schreiben
harmonics_noaa_cptt.txt,"Esaki Ko, Yamaguchi, Japan",cptt-767,Hong Kong,bau,"Quarry Bay, Hong Kong, China [harmonics_utide_tidetables.txt]",Flach behalten,5.0,6.43,,,,,0.121,0.1,Wahrheit schlechter,behalten (Beleg schlechter)
harmonics_noaa_cptt.txt,"Inokushi Ko, Oita, Japan",cptt-819,Naha,bau,"Naha, Okinawa, Japan [harmonics_ticon4_worldwide.txt]",Flach behalten,4.82,4.54,,,,,0.542,0.505,Wahrheit ok,schreiben
harmonics_noaa_cptt.txt,"Todoro Ko, Miyazaki, Japan",cptt-821,Naha,bau,"Naha, Okinawa, Japan [harmonics_ticon4_worldwide.txt]",Flach behalten,5.02,4.59,,,,,0.587,0.547,Wahrheit ok,schreiben
harmonics_noaa_cptt.txt,"Mimitsu, Miyazaki, Japan",cptt-825,Naha,bau,"Naha, Okinawa, Japan [harmonics_ticon4_worldwide.txt]",Flach behalten,4.92,4.69,,,,,0.557,0.519,Wahrheit ok,schreiben
harmonics_noaa_cptt.txt,"Uchiumi, Miyazaki, Japan",cptt-827,Naha,bau,"Naha, Okinawa, Japan [harmonics_ticon4_worldwide.txt]",Flach behalten,5.35,5.05,,,,,0.572,0.533,Wahrheit ok,schreiben
harmonics_noaa_cptt.txt,"Fukushima Inamachi, Ariake Wan, Miyazaki, Japan",cptt-831,Naha,bau,"Naha, Okinawa, Japan [harmonics_ticon4_worldwide.txt]",Flach behalten,5.23,4.62,,,,,0.602,0.561,Wahrheit ok,schreiben
harmonics_noaa_cptt.txt,"Odomari Wan, Kagoshima, Japan",cptt-833,Naha,bau,"Naha, Okinawa, Japan [harmonics_ticon4_worldwide.txt]",Flach behalten,2.76,2.13,13.2,8.2,,,0.753,0.701,"Wahrheit ok, Pegel ok",schreiben
harmonics_noaa_cptt.txt,"Yamagawa Ko, Kagoshima Kaiwan, Kagoshima, Japan",cptt-835,Naha,bau,"Naha, Okinawa, Japan [harmonics_ticon4_worldwide.txt]",Flach behalten,2.98,2.28,,,,,0.828,0.771,Wahrheit ok,schreiben
harmonics_noaa_cptt.txt,"Furue Ko, Kagoshima Kaiwan, Kagoshima, Japan",cptt-837,Naha,bau,"Naha, Okinawa, Japan [harmonics_ticon4_worldwide.txt]",Flach behalten,3.17,2.51,,,,,0.858,0.799,Wahrheit ok,schreiben
harmonics_noaa_cptt.txt,"Kagoshima Ko, Kagoshima Kaiwan, Kagoshima, Japan",cptt-839,Naha,bau,"Naha, Okinawa, Japan [harmonics_ticon4_worldwide.txt]",Flach behalten,2.72,2.05,15.3,8.6,,,0.828,0.771,"Wahrheit ok, Pegel ok",schreiben
harmonics_noaa_cptt.txt,"Nakagawara Ura, Kagoshima, Japan",cptt-843,Sasebo,bau,"Sasebo, Nagasaki, Japan [harmonics_utide_observations.txt]",Flach behalten,4.89,7.01,,,,,0.823,0.739,Wahrheit schlechter,behalten (Beleg schlechter)
harmonics_noaa_cptt.txt,"Yanagino Seto, Yatsushiro Kai, Kumamoto, Japan",cptt-851,Sasebo,bau,"Sasebo, Nagasaki, Japan [harmonics_utide_observations.txt]",Flach behalten,6.13,7.82,,,,,1.272,1.142,Wahrheit schlechter,behalten (Beleg schlechter)
harmonics_noaa_cptt.txt,"Ushibuka, Amakusa Shimo Shima, Kumamoto, Japan",cptt-855,Sasebo,bau,"Sasebo, Nagasaki, Japan [harmonics_utide_observations.txt]",Flach behalten,5.05,7.11,,,,,0.912,0.819,Wahrheit schlechter,behalten (Beleg schlechter)
harmonics_noaa_cptt.txt,"Sakitsu Wan, Amakusa Shimo Shima, Kumamoto, Japan",cptt-857,Sasebo,bau,"Sasebo, Nagasaki, Japan [harmonics_utide_observations.txt]",Flach behalten,5.06,6.93,,,,,0.897,0.806,Wahrheit schlechter,behalten (Beleg schlechter)
harmonics_noaa_cptt.txt,"Tomioka Wan, Amakusa Shimo Shima, Kumamoto, Japan",cptt-859,Sasebo,bau,"Sasebo, Nagasaki, Japan [harmonics_utide_observations.txt]",Flach behalten,5.21,7.09,,,,,1.032,0.927,Wahrheit schlechter,behalten (Beleg schlechter)
harmonics_noaa_cptt.txt,"Kuchinotsu Wan, Nagasaki, Japan",cptt-861,Sasebo,bau,"Sasebo, Nagasaki, Japan [harmonics_utide_observations.txt]",Flach behalten,3.06,5.27,18.8,10.8,,,1.107,0.994,"Wahrheit schlechter, Pegel ok",behalten (Beleg schlechter)
harmonics_noaa_cptt.txt,"Shimabara, Shimabara Kaiwan, Nagasaki, Japan",cptt-863,Sasebo,bau,"Sasebo, Nagasaki, Japan [harmonics_utide_observations.txt]",Flach behalten,8.42,9.38,,,,,1.556,1.397,Wahrheit schlechter,behalten (Beleg schlechter)
harmonics_noaa_cptt.txt,"Kabashima Suido, Nagasaki, Japan",cptt-867,Sasebo,bau,"Sasebo, Nagasaki, Japan [harmonics_utide_observations.txt]",Flach behalten,5.16,7.12,,,,,0.927,0.833,Wahrheit schlechter,behalten (Beleg schlechter)
harmonics_noaa_cptt.txt,"Fukahori, Nagasaki, Japan",cptt-869,Sasebo,bau,"Sasebo, Nagasaki, Japan [harmonics_utide_observations.txt]",Flach behalten,2.23,4.7,,,,,0.897,0.806,Wahrheit schlechter,behalten (Beleg schlechter)
harmonics_noaa_cptt.txt,"Terashima Suido, Nagasaki, Japan",cptt-873,Sasebo,bau,"Sasebo, Nagasaki, Japan [harmonics_utide_observations.txt]",Flach behalten,5.53,7.28,,,,,0.912,0.819,Wahrheit schlechter,behalten (Beleg schlechter)
harmonics_noaa_cptt.txt,"Omodake, Nagasaki, Japan",cptt-875,Sasebo,bau,"Sasebo, Nagasaki, Japan [harmonics_utide_observations.txt]",Flach behalten,4.95,6.95,,,,,0.942,0.846,Wahrheit schlechter,behalten (Beleg schlechter)
harmonics_noaa_cptt.txt,"Kogushi Wan, Omura Wan, Nagasaki, Japan",cptt-879,Sasebo,bau,"Sasebo, Nagasaki, Japan [harmonics_utide_observations.txt]",Flach behalten,5.34,7.09,,,,,0.239,0.215,Wahrheit schlechter,behalten (Beleg schlechter)
harmonics_noaa_cptt.txt,"Omura, Omura Wan, Nagasaki, Japan",cptt-881,Sasebo,bau,"Sasebo, Nagasaki, Japan [harmonics_utide_observations.txt]",Flach behalten,6.75,8.4,,,,,0.254,0.228,Wahrheit schlechter,behalten (Beleg schlechter)
harmonics_noaa_cptt.txt,"Kusudomari, Nagasaki, Japan",cptt-883,Sasebo,bau,"Sasebo, Nagasaki, Japan [harmonics_utide_observations.txt]",Flach behalten,4.54,6.9,,,,,0.897,0.806,Wahrheit schlechter,behalten (Beleg schlechter)
harmonics_noaa_cptt.txt,"Shijiki Wan, Hirado Shima, Nagasaki, Japan",cptt-885,Sasebo,bau,"Sasebo, Nagasaki, Japan [harmonics_utide_observations.txt]",Flach behalten,5.14,7.12,,,,,0.868,0.779,Wahrheit schlechter,behalten (Beleg schlechter)
harmonics_noaa_cptt.txt,"Usuka Wan, Hirado Shima, Nagasaki, Japan",cptt-887,Sasebo,bau,"Sasebo, Nagasaki, Japan [harmonics_utide_observations.txt]",Flach behalten,5.66,7.37,,,,,0.808,0.725,Wahrheit schlechter,behalten (Beleg schlechter)
harmonics_noaa_cptt.txt,"Me Shima, Danjo Gunto, Nagasaki, Japan",cptt-889,Sasebo,bau,"Sasebo, Nagasaki, Japan [harmonics_utide_observations.txt]",Flach behalten,7.32,8.55,,,,,0.778,0.698,Wahrheit schlechter,behalten (Beleg schlechter)
harmonics_noaa_cptt.txt,"Tamano Ura, Fukaye Jima, Nagasaki, Japan",cptt-891,Sasebo,bau,"Sasebo, Nagasaki, Japan [harmonics_utide_observations.txt]",Flach behalten,5.12,6.87,,,,,0.883,0.792,Wahrheit schlechter,behalten (Beleg schlechter)
harmonics_noaa_cptt.txt,"Wakamatsu Ura, Wakamatsu Shima, Nagasaki, Japan",cptt-895,Sasebo,bau,"Sasebo, Nagasaki, Japan [harmonics_utide_observations.txt]",Flach behalten,5.25,7.15,,,,,0.897,0.806,Wahrheit schlechter,behalten (Beleg schlechter)
harmonics_noaa_cptt.txt,"Arikawa Wan, Nakadori Shima, Nagasaki, Japan",cptt-897,Sasebo,bau,"Sasebo, Nagasaki, Japan [harmonics_utide_observations.txt]",Flach behalten,5.28,7.17,,,,,0.793,0.712,Wahrheit schlechter,behalten (Beleg schlechter)
harmonics_noaa_cptt.txt,"Kono Ura, Uku Shima, Nagasaki, Japan",cptt-899,Sasebo,bau,"Sasebo, Nagasaki, Japan [harmonics_utide_observations.txt]",Flach behalten,5.41,7.19,,,,,0.838,0.752,Wahrheit schlechter,behalten (Beleg schlechter)
harmonics_noaa_cptt.txt,"Kazamoto Ura, Iki Shima, Nagasaki, Japan",cptt-901,Moji,bau,"Kazi-Ga-Hana, Fukuoka, Japan [harmonics-2004-06-14_mod.txt]",Flach behalten,7.27,8.08,,,,,0.659,0.689,Wahrheit schlechter,behalten (Beleg schlechter)
harmonics_noaa_cptt.txt,"Gono Ura, Iki Shima, Nagasaki, Japan",cptt-903,Moji,bau,"Kazi-Ga-Hana, Fukuoka, Japan [harmonics-2004-06-14_mod.txt]",Flach behalten,4.77,4.98,17.9,12.9,,,0.719,0.751,"Wahrheit ok, Pegel ok",schreiben
harmonics_noaa_cptt.txt,"Mikuriya, Imari Wan, Nagasaki, Japan",cptt-905,Moji,bau,"Kazi-Ga-Hana, Fukuoka, Japan [harmonics-2004-06-14_mod.txt]",Flach behalten,5.74,4.92,,,,,0.808,0.845,Wahrheit ok,schreiben
harmonics_noaa_cptt.txt,"Fukuoka Wan, Fukuoka, Japan",cptt-911,Moji,bau,"Kazi-Ga-Hana, Fukuoka, Japan [harmonics-2004-06-14_mod.txt]",Flach behalten,,,,,6.57,6.53,0.599,0.626,Nachbarn ok,schreiben
harmonics_noaa_cptt.txt,"Konominato Ura, Fukuoka, Japan",cptt-913,Moji,bau,"Kazi-Ga-Hana, Fukuoka, Japan [harmonics-2004-06-14_mod.txt]",Flach behalten,6.13,6.55,,,,,0.494,0.516,Wahrheit schlechter,behalten (Beleg schlechter)
harmonics_noaa_cptt.txt,"Iwaya, Fukuoka, Japan",cptt-915,Moji,bau,"Kazi-Ga-Hana, Fukuoka, Japan [harmonics-2004-06-14_mod.txt]",Flach behalten,8.06,8.55,,,,,0.404,0.423,Wahrheit schlechter,behalten (Beleg schlechter)
harmonics_noaa_cptt.txt,"Mikata, Aso Wan, Nagasaki, Japan",cptt-917,Sasebo,bau,"Sasebo, Nagasaki, Japan [harmonics_utide_observations.txt]",Flach behalten,6.72,8.09,,,,,0.718,0.645,Wahrheit schlechter,behalten (Beleg schlechter)
harmonics_noaa_cptt.txt,"Tsuna Shima, Nagasaki, Japan",cptt-919,Sasebo,bau,"Sasebo, Nagasaki, Japan [harmonics_utide_observations.txt]",Flach behalten,7.28,8.54,,,,,0.658,0.591,Wahrheit schlechter,behalten (Beleg schlechter)
harmonics_noaa_cptt.txt,"Sasuna Ko, Nagasaki, Japan",cptt-921,Sasebo,bau,"Sasebo, Nagasaki, Japan [harmonics_utide_observations.txt]",Flach behalten,5.62,6.85,,,,,0.494,0.443,Wahrheit schlechter,behalten (Beleg schlechter)
harmonics_noaa_cptt.txt,"Oshika, Nagasaki, Japan",cptt-925,Moji,bau,"Kazi-Ga-Hana, Fukuoka, Japan [harmonics-2004-06-14_mod.txt]",Flach behalten,8.22,8.01,,,,,0.434,0.454,Wahrheit ok,schreiben
harmonics_noaa_cptt.txt,"Miura Wan, Nagasaki, Japan",cptt-927,Moji,bau,"Kazi-Ga-Hana, Fukuoka, Japan [harmonics-2004-06-14_mod.txt]",Flach behalten,7.28,7.28,,,,,0.524,0.548,Wahrheit ok,schreiben
harmonics_noaa_cptt.txt,"Isso, Yaku Shima, Kagoshima, Japan",cptt-935,Naha,bau,"Naha, Okinawa, Japan [harmonics_ticon4_worldwide.txt]",Flach behalten,2.42,2.07,,,,,0.693,0.645,Wahrheit ok,schreiben
harmonics_noaa_cptt.txt,"Kuchinoerabu Shima, Kagoshima, Japan",cptt-937,Naha,bau,"Naha, Okinawa, Japan [harmonics_ticon4_worldwide.txt]",Flach behalten,5.55,4.86,,,,,0.693,0.645,Wahrheit ok,schreiben
harmonics_noaa_cptt.txt,"Takara Shima, Kagoshima, Japan",cptt-941,Naha,bau,"Naha, Okinawa, Japan [harmonics_ticon4_worldwide.txt]",Flach behalten,4.86,4.37,,,,,0.602,0.561,Wahrheit ok,schreiben
harmonics_noaa_cptt.txt,"Somachi Hakuchi, Kikai Jima, Kagoshima, Japan",cptt-943,Naha,bau,"Naha, Okinawa, Japan [harmonics_ticon4_worldwide.txt]",Flach behalten,,,,,,,0.467,0.435,Gruppe lokal n=14 -0.63 Punkte,schreiben (Gruppenbeleg lokal)
harmonics_noaa_cptt.txt,"Sumiyo Wan, Kagoshima, Japan",cptt-945,Naha,bau,"Naha, Okinawa, Japan [harmonics_ticon4_worldwide.txt]",Flach behalten,5.01,4.53,,,,,0.617,0.575,Wahrheit ok,schreiben
harmonics_noaa_cptt.txt,"Koniya, Kagoshima, Japan",cptt-947,Naha,bau,"Naha, Okinawa, Japan [harmonics_ticon4_worldwide.txt]",Flach behalten,2.09,1.48,,,,,0.602,0.561,Wahrheit ok,schreiben
harmonics_noaa_cptt.txt,"Nishikomi, Kagoshima, Japan",cptt-949,Naha,bau,"Naha, Okinawa, Japan [harmonics_ticon4_worldwide.txt]",Flach behalten,5.22,4.49,,,,,0.632,0.589,Wahrheit ok,schreiben
harmonics_noaa_cptt.txt,"Uken, Yakiuchi Wan, Kagoshima, Japan",cptt-951,Naha,bau,"Naha, Okinawa, Japan [harmonics_ticon4_worldwide.txt]",Flach behalten,,,,,,,0.617,0.575,Gruppe lokal n=14 -0.63 Punkte,schreiben (Gruppenbeleg lokal)
harmonics_noaa_cptt.txt,"Kasari Wan, Kagoshima, Japan",cptt-953,Naha,bau,"Naha, Okinawa, Japan [harmonics_ticon4_worldwide.txt]",Flach behalten,5.41,4.75,,,,,0.647,0.603,Wahrheit ok,schreiben
harmonics_noaa_cptt.txt,"Uke Shima, Kagoshima, Japan",cptt-955,Naha,bau,"Naha, Okinawa, Japan [harmonics_ticon4_worldwide.txt]",Flach behalten,4.72,4.31,,,,,0.602,0.561,Wahrheit ok,schreiben
harmonics_noaa_cptt.txt,"Sammura Wan, Tokuno Shima, Kagoshima, Japan",cptt-957,Naha,bau,"Naha, Okinawa, Japan [harmonics_ticon4_worldwide.txt]",Flach behalten,4.96,4.37,,,,,0.572,0.533,Wahrheit ok,schreiben
harmonics_noaa_cptt.txt,"Wadomari, Okinoyerabu Jima, Kagoshima, Japan",cptt-959,Naha,bau,"Naha, Okinawa, Japan [harmonics_ticon4_worldwide.txt]",Flach behalten,4.77,4.43,,,,,0.542,0.505,Wahrheit ok,schreiben
harmonics_noaa_cptt.txt,"Gakiya, Iheya Jima, Okinawa, Japan",cptt-961,Naha,bau,"Naha, Okinawa, Japan [harmonics_ticon4_worldwide.txt]",Flach behalten,5.15,4.41,,,,,0.572,0.533,Wahrheit ok,schreiben
harmonics_noaa_cptt.txt,"Sukku, Ora Wan, Okinawa, Japan",cptt-963,Naha,bau,"Naha, Okinawa, Japan [harmonics_ticon4_worldwide.txt]",Flach behalten,5.13,4.41,,,,,0.617,0.575,Wahrheit ok,schreiben
harmonics_noaa_cptt.txt,"Yonabaru, Buckner Bay, Okinawa, Japan",cptt-965,Naha,bau,"Naha, Okinawa, Japan [harmonics_ticon4_worldwide.txt]",Flach behalten,,,,,,,0.617,0.575,Gruppe lokal n=12 -0.66 Punkte,schreiben (Gruppenbeleg lokal)
harmonics_noaa_cptt.txt,"Sesoko Byochi, Okinawa, Japan",cptt-969,Naha,bau,"Naha, Okinawa, Japan [harmonics_ticon4_worldwide.txt]",Flach behalten,3.05,2.38,,,,,0.617,0.575,Wahrheit ok,schreiben
harmonics_noaa_cptt.txt,"Unten Ko, Okinawa, Japan",cptt-971,Naha,bau,"Naha, Okinawa, Japan [harmonics_ticon4_worldwide.txt]",Flach behalten,5.0,4.35,,,,,0.572,0.533,Wahrheit ok,schreiben
harmonics_noaa_cptt.txt,"Zamami Jima, Kerama Kaikyo, Okinawa, Japan",cptt-973,Naha,bau,"Naha, Okinawa, Japan [harmonics_ticon4_worldwide.txt]",Flach behalten,5.08,4.35,,,,,0.617,0.575,Wahrheit ok,schreiben
harmonics_noaa_cptt.txt,"Gima Ko, Kume Shima, Okinawa, Japan",cptt-975,Naha,bau,"Naha, Okinawa, Japan [harmonics_ticon4_worldwide.txt]",Flach behalten,5.14,4.4,,,,,0.617,0.575,Wahrheit ok,schreiben
harmonics_noaa_cptt.txt,"Minami Daito Jima, Okinawa, Japan",cptt-977,Naha,bau,"Naha, Okinawa, Japan [harmonics_ticon4_worldwide.txt]",Flach behalten,5.22,4.87,,,,,0.497,0.463,Wahrheit ok,schreiben
harmonics_noaa_cptt.txt,"Funauke, Iriomote Jima, Okinawa, Japan",cptt-983,Naha,bau,"Naha, Okinawa, Japan [harmonics_ticon4_worldwide.txt]",Flach behalten,5.13,4.89,,,,,0.497,0.463,Wahrheit ok,schreiben
harmonics_noaa_cptt.txt,"Yonakuni Jima, Okinawa, Japan",cptt-985,Naha,bau,"Naha, Okinawa, Japan [harmonics_ticon4_worldwide.txt]",Flach behalten,5.36,5.0,,,,,0.467,0.435,Wahrheit ok,schreiben
harmonics_noaa_cptt.txt,"Kobi Sho, Sento Shosho, Okinawa, Japan",cptt-987,Naha,bau,"Naha, Okinawa, Japan [harmonics_ticon4_worldwide.txt]",Flach behalten,5.77,5.54,,,,,0.497,0.463,Wahrheit ok,schreiben
harmonics_noaa_cptt.txt,"Ulsan, Busan, South Korea",cptt-1017,Pusan,gewaehlt,"Yeong-do, Busan, South Korea [harmonics-1997-05-25_mod.txt]",Flach behalten,9.58,6.3,,,,,0.192,0.186,Wahrheit ok,schreiben
harmonics_noaa_cptt.txt,"T'aehwa-gang, Busan, South Korea",cptt-1019,Pusan,gewaehlt,"Yeong-do, Busan, South Korea [harmonics-1997-05-25_mod.txt]",Flach behalten,,,,,15.6,13.28,0.178,0.171,Nachbarn ok,schreiben
harmonics_noaa_cptt.txt,"Yong-do, Busan, South Korea",cptt-1023,Pusan,gewaehlt,"Yeong-do, Busan, South Korea [harmonics-1997-05-25_mod.txt]",Flach behalten,4.14,2.02,,,,,0.429,0.414,Wahrheit ok,schreiben
harmonics_noaa_cptt.txt,"Ch'onsong-man, Kadok-to, Busan, South Korea",cptt-1025,Pusan,gewaehlt,"Yeong-do, Busan, South Korea [harmonics-1997-05-25_mod.txt]",Flach behalten,8.01,6.08,,,,,0.607,0.586,Wahrheit ok,schreiben
harmonics_noaa_cptt.txt,"Masan-man, Busan, South Korea",cptt-1027,Pusan,gewaehlt,"Yeong-do, Busan, South Korea [harmonics-1997-05-25_mod.txt]",Flach behalten,,,,,,,0.651,0.629,Gruppe lokal n=4 -2.02 Punkte,schreiben (Gruppenbeleg lokal)
harmonics_noaa_cptt.txt,"Unp'ung-p'o, Chinhae-man, Busan, South Korea",cptt-1029,Pusan,gewaehlt,"Yeong-do, Busan, South Korea [harmonics-1997-05-25_mod.txt]",Flach behalten,,,,,,,0.71,0.686,Gruppe lokal n=4 -2.02 Punkte,schreiben (Gruppenbeleg lokal)
harmonics_noaa_cptt.txt,"Hyonnaeryang-haehyop, Chinhae-man, Busan, South Korea",cptt-1031,Pusan,gewaehlt,"Yeong-do, Busan, South Korea [harmonics-1997-05-25_mod.txt]",Flach weg,,,,,,,0.74,0.714,Gruppe lokal n=4 -2.02 Punkte,schreiben (Gruppenbeleg lokal)
harmonics_noaa_cptt.txt,"Chise-p'o, Koje-do, Busan, South Korea",cptt-1033,Pusan,gewaehlt,"Yeong-do, Busan, South Korea [harmonics-1997-05-25_mod.txt]",Flach weg,3.6,2.22,,,,,0.636,0.614,Wahrheit ok,schreiben
harmonics_noaa_cptt.txt,"Choguri-man, Koje-do, Busan, South Korea",cptt-1035,Ch’ang Chiang Approach,bau (ohne Pruefstand),"Luhuashan, Zhejiang, China [harmonics_utide_tidetables.txt]",Flach behalten,,,,,,,0.806,0.745,,offen (ohne Beleg)
harmonics_noaa_cptt.txt,"Koje-man, Koje-do, Busan, South Korea",cptt-1037,Ch’ang Chiang Approach,bau (ohne Pruefstand),"Luhuashan, Zhejiang, China [harmonics_utide_tidetables.txt]",Flach behalten,,,,,,,0.866,0.8,,offen (ohne Beleg)
harmonics_noaa_cptt.txt,"Yokchi-do, Busan, South Korea",cptt-1041,Ch’ang Chiang Approach,bau (ohne Pruefstand),"Luhuashan, Zhejiang, China [harmonics_utide_tidetables.txt]",Flach behalten,,,,,,,0.911,0.841,,offen (ohne Beleg)
harmonics_noaa_cptt.txt,"Wis-som, Saryang-do, Busan, South Korea",cptt-1043,Ch’ang Chiang Approach,bau (ohne Pruefstand),"Luhuashan, Zhejiang, China [harmonics_utide_tidetables.txt]",Flach behalten,,,,,,,0.955,0.883,,offen (ohne Beleg)
harmonics_noaa_cptt.txt,"Kosong-man, Busan, South Korea",cptt-1045,Ch’ang Chiang Approach,bau (ohne Pruefstand),"Luhuashan, Zhejiang, China [harmonics_utide_tidetables.txt]",Flach behalten,,,,,,,0.985,0.91,,offen (ohne Beleg)
harmonics_noaa_cptt.txt,"Mijo-man, Namhae-do, Busan, South Korea",cptt-1047,Ch’ang Chiang Approach,bau (ohne Pruefstand),"Luhuashan, Zhejiang, China [harmonics_utide_tidetables.txt]",Flach behalten,,,,,,,0.955,0.883,,offen (ohne Beleg)
harmonics_noaa_cptt.txt,"Ch'ojon-ni, Busan, South Korea",cptt-1051,Ch’ang Chiang Approach,bau (ohne Pruefstand),"Luhuashan, Zhejiang, China [harmonics_utide_tidetables.txt]",Flach behalten,,,,,,,1.135,1.048,,offen (ohne Beleg)
harmonics_noaa_cptt.txt,"P'yougsan-ni, Namhae-do, Busan, South Korea",cptt-1053,Ch’ang Chiang Approach,bau (ohne Pruefstand),"Luhuashan, Zhejiang, China [harmonics_utide_tidetables.txt]",Flach behalten,,,,,,,1.075,0.993,,offen (ohne Beleg)
harmonics_noaa_cptt.txt,"Kwangyang-man, Busan, South Korea",cptt-1057,Ch’ang Chiang Approach,bau (ohne Pruefstand),"Luhuashan, Zhejiang, China [harmonics_utide_tidetables.txt]",Flach behalten,,,,,,,1.164,1.076,,offen (ohne Beleg)
harmonics_noaa_cptt.txt,"Noryang-ni, Busan, South Korea",cptt-1059,Ch’ang Chiang Approach,bau (ohne Pruefstand),"Luhuashan, Zhejiang, China [harmonics_utide_tidetables.txt]",Flach behalten,,,,,,,1.135,1.048,,offen (ohne Beleg)
harmonics_noaa_cptt.txt,"Chobal-to, Yoja-man, Jeju-do, South Korea",cptt-1061,Ch’ang Chiang Approach,bau (ohne Pruefstand),"Luhuashan, Zhejiang, China [harmonics_utide_tidetables.txt]",Flach behalten,,,,,,,1.194,1.103,,offen (ohne Beleg)
harmonics_noaa_cptt.txt,"Sonjuk-to, Sonjuk-yolto, Jeju-do, South Korea",cptt-1065,Ch’ang Chiang Approach,bau (ohne Pruefstand),"Luhuashan, Zhejiang, China [harmonics_utide_tidetables.txt]",Flach behalten,,,,,,,1.015,0.938,,offen (ohne Beleg)
harmonics_noaa_cptt.txt,"Sayang-do, Naro-yolto, Jeju-do, South Korea",cptt-1067,Ch’ang Chiang Approach,bau (ohne Pruefstand),"Luhuashan, Zhejiang, China [harmonics_utide_tidetables.txt]",Flach behalten,,,,,,,1.135,1.048,,offen (ohne Beleg)
harmonics_noaa_cptt.txt,"Mato-sudo, Jeju-do, South Korea",cptt-1071,Ch’ang Chiang Approach,bau (ohne Pruefstand),"Luhuashan, Zhejiang, China [harmonics_utide_tidetables.txt]",Flach behalten,,,,,,,1.239,1.145,,offen (ohne Beleg)
harmonics_noaa_cptt.txt,"Soan-hang, Soan-do, Jeju-do, South Korea",cptt-1075,Ch’ang Chiang Approach,bau (ohne Pruefstand),"Luhuashan, Zhejiang, China [harmonics_utide_tidetables.txt]",Flach behalten,,,,,,,1.09,1.007,,offen (ohne Beleg)
harmonics_noaa_cptt.txt,"Ch'agwi-do, Jeju-do, South Korea",cptt-1083,Ch’ang Chiang Approach,bau (ohne Pruefstand),"Luhuashan, Zhejiang, China [harmonics_utide_tidetables.txt]",Flach behalten,,,,,,,0.806,0.745,,offen (ohne Beleg)
harmonics_noaa_cptt.txt,"Oran-ni, Maro-hae, Jeju-do, South Korea",cptt-1089,Ch’ang Chiang Approach,bau (ohne Pruefstand),"Luhuashan, Zhejiang, China [harmonics_utide_tidetables.txt]",Flach behalten,,,,,,,1.119,1.034,,offen (ohne Beleg)
harmonics_noaa_cptt.txt,"Sangma-do, Samma-do, Jeju-do, South Korea",cptt-1091,Ch’ang Chiang Approach,bau (ohne Pruefstand),"Luhuashan, Zhejiang, China [harmonics_utide_tidetables.txt]",Flach behalten,,,,,,,1.224,1.131,,offen (ohne Beleg)
harmonics_noaa_cptt.txt,"Hat'ae-do, Naju-kundo, Jeju-do, South Korea",cptt-1095,Ch’ang Chiang Approach,bau (ohne Pruefstand),"Luhuashan, Zhejiang, China [harmonics_utide_tidetables.txt]",Flach behalten,,,,,,,1.149,1.062,,offen (ohne Beleg)
harmonics_noaa_cptt.txt,"Chin-do, Jeju-do, South Korea",cptt-1097,Ch’ang Chiang Approach,bau (ohne Pruefstand),"Luhuashan, Zhejiang, China [harmonics_utide_tidetables.txt]",Flach behalten,,,,,,,1.194,1.103,,offen (ohne Beleg)
harmonics_noaa_cptt.txt,"Baikpachin, Jeju-do, South Korea",cptt-1099,Ch’ang Chiang Approach,bau (ohne Pruefstand),"Luhuashan, Zhejiang, China [harmonics_utide_tidetables.txt]",Flach behalten,,,,,,,1.135,1.048,,offen (ohne Beleg)
harmonics_noaa_cptt.txt,"Siha-do, Jeju-do, South Korea",cptt-1103,Ch’ang Chiang Approach,bau (ohne Pruefstand),"Luhuashan, Zhejiang, China [harmonics_utide_tidetables.txt]",Flach behalten,,,,,,,1.284,1.186,,offen (ohne Beleg)
harmonics_noaa_cptt.txt,"Yongsan-dong, Jeju-do, South Korea",cptt-1107,Ch’ang Chiang Approach,bau (ohne Pruefstand),"Luhuashan, Zhejiang, China [harmonics_utide_tidetables.txt]",Flach behalten,,,,,,,1.343,1.241,,offen (ohne Beleg)
harmonics_noaa_cptt.txt,"Pigum-sudo, Naju-kundo, Jeju-do, South Korea",cptt-1111,Ch’ang Chiang Approach,bau (ohne Pruefstand),"Luhuashan, Zhejiang, China [harmonics_utide_tidetables.txt]",Flach behalten,,,,,,,1.299,1.2,,offen (ohne Beleg)
harmonics_noaa_cptt.txt,"Chaun-do, Naju-kundo, Jeju-do, South Korea",cptt-1113,Ch’ang Chiang Approach,bau (ohne Pruefstand),"Luhuashan, Zhejiang, China [harmonics_utide_tidetables.txt]",Flach behalten,,,,,,,1.493,1.379,,offen (ohne Beleg)
harmonics_noaa_cptt.txt,"Imja-do, Jeju-do, South Korea",cptt-1115,Ch’ang Chiang Approach,bau (ohne Pruefstand),"Luhuashan, Zhejiang, China [harmonics_utide_tidetables.txt]",Flach behalten,,,,,,,1.508,1.393,,offen (ohne Beleg)
harmonics_noaa_cptt.txt,"Hamp'yong-man, Jeju-do, South Korea",cptt-1117,Inch’on,gewaehlt,"Inch'on, South Korea [harmonics-1997-05-25_mod.txt]",Flach behalten,,,,,,,1.997,1.811,Gruppe lokal n=7 -2.17 Punkte,schreiben (Gruppenbeleg lokal)
harmonics_noaa_cptt.txt,"Anma-do, Anma-kundo, Jeju-do, South Korea",cptt-1119,Inch’on,gewaehlt,"Inch'on, South Korea [harmonics-1997-05-25_mod.txt]",Flach behalten,4.08,2.34,,,,,1.799,1.631,Wahrheit ok,schreiben
harmonics_noaa_cptt.txt,"Kogunsan-kundo, South Korea",cptt-1121,Inch’on,gewaehlt,"Inch'on, South Korea [harmonics-1997-05-25_mod.txt]",Flach behalten,,,,,,,2.18,1.977,Gruppe lokal n=8 -1.96 Punkte,schreiben (Gruppenbeleg lokal)
harmonics_noaa_cptt.txt,"Chuk-to, Kunsan-hang, Busan, South Korea",cptt-1123,Inch’on,gewaehlt,"Inch'on, South Korea [harmonics-1997-05-25_mod.txt]",Flach behalten,4.26,3.3,,,,,2.287,2.074,Wahrheit ok,schreiben
harmonics_noaa_cptt.txt,"Kunsan, Kum-gang, Busan, South Korea",cptt-1125,Inch’on,gewaehlt,"Inch'on, South Korea [harmonics-1997-05-25_mod.txt]",Flach behalten,2.87,4.92,,,,,2.302,2.088,Wahrheit schlechter,behalten (Beleg schlechter)
harmonics_noaa_cptt.txt,"Ochongdo, South Korea",cptt-1127,Inch’on,gewaehlt,"Inch'on, South Korea [harmonics-1997-05-25_mod.txt]",Flach behalten,4.93,2.76,,,,,2.012,1.825,Wahrheit ok,schreiben
harmonics_noaa_cptt.txt,"Oeyon-do, Oeyon-yolto, South Korea",cptt-1129,Inch’on,gewaehlt,"Inch'on, South Korea [harmonics-1997-05-25_mod.txt]",Flach behalten,,,,,,,1.905,1.728,Gruppe lokal n=8 -1.96 Punkte,schreiben (Gruppenbeleg lokal)
harmonics_noaa_cptt.txt,"So-do, Ch'onsu-man, South Korea",cptt-1131,Inch’on,gewaehlt,"Inch'on, South Korea [harmonics-1997-05-25_mod.txt]",Flach behalten,4.03,1.43,,,,,2.424,2.198,Wahrheit ok,schreiben
harmonics_noaa_cptt.txt,"Mohang-ni, South Korea",cptt-1133,Inch’on,gewaehlt,"Inch'on, South Korea [harmonics-1997-05-25_mod.txt]",Flach behalten,,,,,,,2.347,2.129,Gruppe lokal n=8 -1.96 Punkte,schreiben (Gruppenbeleg lokal)
harmonics_noaa_cptt.txt,"Umo-do, South Korea",cptt-1135,Inch’on,gewaehlt,"Inch'on, South Korea [harmonics-1997-05-25_mod.txt]",Flach behalten,,,,,,,2.805,2.544,Gruppe lokal n=8 -1.96 Punkte,schreiben (Gruppenbeleg lokal)
harmonics_noaa_cptt.txt,"Asan, South Korea",cptt-1137,Inch’on,gewaehlt,"Inch'on, South Korea [harmonics-1997-05-25_mod.txt]",Flach behalten,,,,,3.79,5.05,3.155,2.862,Nachbarn schlechter,behalten (Beleg schlechter)
harmonics_noaa_cptt.txt,"Soya-do, So-sudo, South Korea",cptt-1139,Inch’on,gewaehlt,"Inch'on, South Korea [harmonics-1997-05-25_mod.txt]",Flach behalten,3.63,1.39,,,,,2.683,2.433,Wahrheit ok,schreiben
harmonics_noaa_cptt.txt,"Taemuui-do, (Marie Fortunee Arch.), South Korea",cptt-1141,Inch’on,gewaehlt,"Inch'on, South Korea [harmonics-1997-05-25_mod.txt]",Flach behalten,,,,,,,2.988,2.71,Gruppe lokal n=8 -1.96 Punkte,schreiben (Gruppenbeleg lokal)
harmonics_noaa_cptt.txt,"Yongjong-do, Yom-ha, South Korea",cptt-1145,Inch’on,gewaehlt,"Inch'on, South Korea [harmonics-1997-05-25_mod.txt]",Flach behalten,,,,,3.6,2.9,3.155,2.862,Nachbarn ok,schreiben
harmonics_noaa_cptt.txt,"Chumun-do, Songmo-sudo, South Korea",cptt-1149,Inch’on,gewaehlt,"Inch'on, South Korea [harmonics-1997-05-25_mod.txt]",Flach behalten,,,,,,,2.896,2.627,Gruppe lokal n=8 -1.96 Punkte,schreiben (Gruppenbeleg lokal)
harmonics_noaa_cptt.txt,"Taeyonp'yong-do, Yonp'yong-yolto, South Korea",cptt-1151,Inch’on,gewaehlt,"Inch'on, South Korea [harmonics-1997-05-25_mod.txt]",Flach behalten,4.3,1.63,,,,,2.393,2.171,Wahrheit ok,schreiben
harmonics_noaa_cptt.txt,"Mu-do, Haeju-man, South Korea",cptt-1153,Inch’on,gewaehlt,"Inch'on, South Korea [harmonics-1997-05-25_mod.txt]",Flach behalten,,,,,,,2.287,2.074,Gruppe lokal n=8 -1.96 Punkte,schreiben (Gruppenbeleg lokal)
harmonics_noaa_cptt.txt,"Haeju, Haeju-man, North Korea",cptt-1155,Inch’on,gewaehlt,"Inch'on, South Korea [harmonics-1997-05-25_mod.txt]",Flach behalten,,,,,,,2.576,2.337,Gruppe lokal n=8 -1.96 Punkte,schreiben (Gruppenbeleg lokal)
harmonics_noaa_cptt.txt,"Tungsan-got, South Korea",cptt-1157,Inch’on,gewaehlt,"Inch'on, South Korea [harmonics-1997-05-25_mod.txt]",Flach behalten,,,,,,,1.951,1.77,Gruppe lokal n=8 -1.96 Punkte,schreiben (Gruppenbeleg lokal)
harmonics_noaa_cptt.txt,"Sunwi-do, Sunwido-myoji, North Korea",cptt-1159,Inch’on,gewaehlt,"Inch'on, South Korea [harmonics-1997-05-25_mod.txt]",Flach behalten,4.56,2.9,,,,,1.661,1.507,Wahrheit ok,schreiben
harmonics_noaa_cptt.txt,"Kirin-do, North Korea",cptt-1161,Dalian,bau (ohne Pruefstand),"Dalian, Liaoning, China [harmonics_ticon4_worldwide.txt]",Flach behalten,,,,,,,1.451,1.382,Gruppe lokal n=3 -0.08 Punkte,schreiben (Gruppenbeleg lokal)
harmonics_noaa_cptt.txt,"Taech'ong-do, Taech'ong-kundo, South Korea",cptt-1163,Dalian,bau,"Dalian, Liaoning, China [harmonics_ticon4_worldwide.txt]",Flach behalten,5.59,5.06,,,,,1.158,1.103,Wahrheit ok,schreiben
harmonics_noaa_cptt.txt,"Wollae-do, North Korea",cptt-1165,Dalian,bau,"Dalian, Liaoning, China [harmonics_ticon4_worldwide.txt]",Flach behalten,,,,,,,1.158,1.103,Gruppe lokal n=3 -0.08 Punkte,schreiben (Gruppenbeleg lokal)
harmonics_noaa_cptt.txt,"Ch'angam-dong, North Korea",cptt-1167,Dalian,bau,"Dalian, Liaoning, China [harmonics_ticon4_worldwide.txt]",Flach behalten,,,,,,,1.189,1.132,Gruppe lokal n=4 -0.20 Punkte,schreiben (Gruppenbeleg lokal)
harmonics_noaa_cptt.txt,"Monggum-do, North Korea",cptt-1169,Dalian,bau,"Dalian, Liaoning, China [harmonics_ticon4_worldwide.txt]",Flach behalten,,,,,,,1.235,1.176,Gruppe lokal n=3 -0.08 Punkte,schreiben (Gruppenbeleg lokal)
harmonics_noaa_cptt.txt,"Chin po Ki, North Korea",cptt-1171,Dalian,bau,"Dalian, Liaoning, China [harmonics_ticon4_worldwide.txt]",Flach behalten,,,,,,,1.482,1.412,Gruppe lokal n=3 -0.08 Punkte,schreiben (Gruppenbeleg lokal)
harmonics_noaa_cptt.txt,"Sok-to, North Korea",cptt-1173,Namp’O-Hang,bau (ohne Pruefstand),"Nampo, North Korea [harmonics-1997-05-25_mod.txt]",Flach behalten,,,,,,,1.716,1.572,Gruppe lokal n=2 -3.24 Punkte,schreiben (Gruppenbeleg lokal)
harmonics_noaa_cptt.txt,"P'i-do, North Korea",cptt-1175,Namp’O-Hang,bau (ohne Pruefstand),"Nampo, North Korea [harmonics-1997-05-25_mod.txt]",Flach behalten,,,,,,,2.121,1.944,Gruppe lokal n=2 -3.24 Punkte,schreiben (Gruppenbeleg lokal)
harmonics_noaa_cptt.txt,"Ch'ol-do, North Korea",cptt-1179,Namp’O-Hang,bau (ohne Pruefstand),"Nampo, North Korea [harmonics-1997-05-25_mod.txt]",Flach behalten,,,,,,,2.215,2.029,Gruppe lokal n=2 -3.24 Punkte,schreiben (Gruppenbeleg lokal)
harmonics_noaa_cptt.txt,"Kyomip'o, North Korea",cptt-1181,Namp’O-Hang,bau (ohne Pruefstand),"Nampo, North Korea [harmonics-1997-05-25_mod.txt]",Flach behalten,,,,,,,2.402,2.201,Gruppe lokal n=2 -3.24 Punkte,schreiben (Gruppenbeleg lokal)
harmonics_noaa_cptt.txt,"Sokhojong, North Korea",cptt-1183,Namp’O-Hang,bau (ohne Pruefstand),"Nampo, North Korea [harmonics-1997-05-25_mod.txt]",Flach behalten,,,,,,,2.168,1.986,Gruppe lokal n=2 -3.24 Punkte,schreiben (Gruppenbeleg lokal)
harmonics_noaa_cptt.txt,"P'yongyang, North Korea",cptt-1185,Namp’O-Hang,bau (ohne Pruefstand),"Nampo, North Korea [harmonics-1997-05-25_mod.txt]",Flach behalten,,,,,,,0.359,0.329,Gruppe lokal n=2 -3.24 Punkte,schreiben (Gruppenbeleg lokal)
harmonics_noaa_cptt.txt,"Sokhae-dong, North Korea",cptt-1187,Namp’O-Hang,bau (ohne Pruefstand),"Nampo, North Korea [harmonics-1997-05-25_mod.txt]",Flach behalten,,,,,,,2.589,2.372,Gruppe lokal n=2 -3.24 Punkte,schreiben (Gruppenbeleg lokal)
harmonics_noaa_cptt.txt,"Unmu-do, North Korea",cptt-1189,Namp’O-Hang,bau (ohne Pruefstand),"Nampo, North Korea [harmonics-1997-05-25_mod.txt]",Flach behalten,,,,,,,2.433,2.229,Gruppe lokal n=2 -3.24 Punkte,schreiben (Gruppenbeleg lokal)
harmonics_noaa_cptt.txt,"Nap-to, North Korea",cptt-1191,Namp’O-Hang,gewaehlt,"Nampo, North Korea [harmonics_utide_tidetables.txt]",Flach weg + HW/NW,,,,,,,2.106,1.928,Gruppe lokal n=2 -3.24 Punkte,schreiben (Gruppenbeleg lokal)
harmonics_noaa_cptt.txt,"Taehwa-do, North Korea",cptt-1193,Namp’O-Hang,gewaehlt,"Nampo, North Korea [harmonics_utide_tidetables.txt]",Flach weg + HW/NW,,,,,,,2.152,1.971,Gruppe lokal n=2 -3.24 Punkte,schreiben (Gruppenbeleg lokal)
harmonics_noaa_cptt.txt,"Ka-do, North Korea",cptt-1195,Namp’O-Hang,gewaehlt,"Nampo, North Korea [harmonics_utide_tidetables.txt]",Flach weg + HW/NW,,,,,,,2.277,2.085,Gruppe lokal n=2 -3.24 Punkte,schreiben (Gruppenbeleg lokal)
harmonics_noaa_cptt.txt,"Suun-do, North Korea",cptt-1197,Namp’O-Hang,gewaehlt,"Nampo, North Korea [harmonics_utide_tidetables.txt]",Flach weg + HW/NW,,,,,,,2.246,2.056,Gruppe lokal n=2 -3.24 Punkte,schreiben (Gruppenbeleg lokal)
harmonics_noaa_cptt.txt,"Tasa-do, North Korea",cptt-1199,Namp’O-Hang,gewaehlt,"Nampo, North Korea [harmonics_utide_tidetables.txt]",Flach weg + HW/NW,,,,,,,2.355,2.156,Gruppe lokal n=2 -3.24 Punkte,schreiben (Gruppenbeleg lokal)
harmonics_noaa_cptt.txt,"Shinto Islands, North Korea",cptt-1201,Namp’O-Hang,gewaehlt,"Nampo, North Korea [harmonics_utide_tidetables.txt]",Flach weg + HW/NW,,,,,,,2.324,2.128,Gruppe lokal n=2 -3.24 Punkte,schreiben (Gruppenbeleg lokal)
harmonics_noaa_cptt.txt,"Yongamp'o, North Korea",cptt-1203,Namp’O-Hang,gewaehlt,"Nampo, North Korea [harmonics_utide_tidetables.txt]",Flach weg + HW/NW,,,,,,,1.747,1.599,Gruppe lokal n=2 -3.24 Punkte,schreiben (Gruppenbeleg lokal)
harmonics_noaa_cptt.txt,"Zhaoshigou [Chao-shin-kou], Liaoning, China",cptt-1205,Namp’O-Hang,gewaehlt,"Nampo, North Korea [harmonics_utide_tidetables.txt]",Flach weg + HW/NW,,,,,,,2.106,1.928,Gruppe lokal n=2 -3.24 Punkte,schreiben (Gruppenbeleg lokal)
harmonics_noaa_cptt.txt,"Dandong, Liaoning, China",cptt-1207,Namp’O-Hang,gewaehlt,"Nampo, North Korea [harmonics_utide_tidetables.txt]",Flach weg + HW/NW,10.39,7.16,,,,,1.326,1.214,Wahrheit ok,schreiben
harmonics_noaa_cptt.txt,"Dalu Dao [Talu Tao], North Korea",cptt-1209,Namp’O-Hang,gewaehlt,"Nampo, North Korea [harmonics_utide_tidetables.txt]",Flach weg + HW/NW,6.19,2.95,,,,,1.95,1.785,Wahrheit ok,schreiben
harmonics_noaa_cptt.txt,"Shishanzi, Liaoning, China",cptt-1211,Dalian,bau,"Dalian, Liaoning, China [harmonics_ticon4_worldwide.txt]",Flach behalten,9.63,9.55,,,,,1.266,1.206,Wahrheit ok,schreiben
harmonics_noaa_cptt.txt,"Dagushan [Takushan Road], Liaoning, China",cptt-1213,Dalian,bau,"Dalian, Liaoning, China [harmonics_ticon4_worldwide.txt]",Flach behalten,,,,,,,2.022,1.926,Gruppe lokal n=8 -0.21 Punkte,schreiben (Gruppenbeleg lokal)
harmonics_noaa_cptt.txt,"Xiaowangjia Dao, Liaoning, China",cptt-1215,Dalian,bau,"Dalian, Liaoning, China [harmonics_ticon4_worldwide.txt]",Flach behalten,,,,,,,1.667,1.588,Gruppe lokal n=8 -0.21 Punkte,schreiben (Gruppenbeleg lokal)
harmonics_noaa_cptt.txt,"Dawangjia Dao [Ta-wang-chia Tao], Liaoning, China",cptt-1217,Dalian,bau,"Dalian, Liaoning, China [harmonics_ticon4_worldwide.txt]",Flach behalten,,,,,,,1.667,1.588,Gruppe lokal n=8 -0.21 Punkte,schreiben (Gruppenbeleg lokal)
harmonics_noaa_cptt.txt,"Zhangzi Dao [Changtze Tao, Blonde Group], Liaoning, China",cptt-1219,Dalian,bau,"Dalian, Liaoning, China [harmonics_ticon4_worldwide.txt]",Flach behalten,,,,,,,1.266,1.206,Gruppe lokal n=9 -0.24 Punkte,schreiben (Gruppenbeleg lokal)
harmonics_noaa_cptt.txt,"Xiaochangshan Dao, Liaoning, China",cptt-1221,Dalian,bau,"Dalian, Liaoning, China [harmonics_ticon4_worldwide.txt]",Flach behalten,4.46,4.82,,,,,1.312,1.25,Wahrheit schlechter,behalten (Beleg schlechter)
harmonics_noaa_cptt.txt,"Dachangshan Dao [Tachangshan Tao], Liaoning, China",cptt-1223,Dalian,bau,"Dalian, Liaoning, China [harmonics_ticon4_worldwide.txt]",Flach behalten,,,,,,,1.42,1.353,Gruppe lokal n=9 -0.24 Punkte,schreiben (Gruppenbeleg lokal)
harmonics_noaa_cptt.txt,"Guanglu Dao [Hu-lu Tao, Lump Island], Liaoning, China",cptt-1225,Dalian,bau,"Dalian, Liaoning, China [harmonics_ticon4_worldwide.txt]",Flach behalten,,,,,,,1.621,1.544,Gruppe lokal n=9 -0.24 Punkte,schreiben (Gruppenbeleg lokal)
harmonics_noaa_cptt.txt,"Changjiang Ao, Liaoning, China",cptt-1227,Dalian,bau,"Dalian, Liaoning, China [harmonics_ticon4_worldwide.txt]",Flach behalten,,,,,,,1.22,1.162,Gruppe lokal n=9 -0.24 Punkte,schreiben (Gruppenbeleg lokal)
harmonics_noaa_cptt.txt,"Dagukou [Ta-ku K'ou, Dairen Wan], Liaoning, China",cptt-1229,Dalian,bau,"Dalian, Liaoning, China [harmonics_ticon4_worldwide.txt]",Flach behalten,,,,,,,1.065,1.015,Gruppe lokal n=9 -0.24 Punkte,schreiben (Gruppenbeleg lokal)
harmonics_noaa_cptt.txt,"Sanshan Dao, Liaoning, China",cptt-1231,Dalian,bau,"Dalian, Liaoning, China [harmonics_ticon4_worldwide.txt]",Flach behalten,,,,,,,1.065,1.015,Gruppe lokal n=9 -0.24 Punkte,schreiben (Gruppenbeleg lokal)
harmonics_noaa_cptt.txt,"Yuyan, Liaoning, China",cptt-1235,Dalian,bau,"Dalian, Liaoning, China [harmonics_ticon4_worldwide.txt]",Flach behalten,,,,,,,0.957,0.912,Gruppe lokal n=8 -0.21 Punkte,schreiben (Gruppenbeleg lokal)
harmonics_noaa_cptt.txt,"Yangtouwa [Yang-tou Wan], Liaoning, China",cptt-1237,Dalian,bau,"Dalian, Liaoning, China [harmonics_ticon4_worldwide.txt]",Flach behalten,11.85,11.61,,,,,0.818,0.779,Wahrheit ok,schreiben
harmonics_noaa_cptt.txt,"Yingchengzi Wan [Eijoshi Wan, Yingchengtze], Liaoning, China",cptt-1239,Dalian,bau,"Dalian, Liaoning, China [harmonics_ticon4_worldwide.txt]",Flach behalten,,,,,,,0.818,0.779,Gruppe lokal n=8 -0.21 Punkte,schreiben (Gruppenbeleg lokal)
harmonics_noaa_cptt.txt,"Hulutao [Hu-Li-T'ao, Pulantien Chiang], Liaoning, China",cptt-1241,Dalian,bau,"Dalian, Liaoning, China [harmonics_ticon4_worldwide.txt]",Flach behalten,12.4,12.09,,,,,0.911,0.868,Wahrheit ok,schreiben
harmonics_noaa_cptt.txt,"Changshan Dao, Liaoning, China",cptt-1243,Dalian,bau,"Dalian, Liaoning, China [harmonics_ticon4_worldwide.txt]",Flach behalten,,,,,,,0.911,0.868,Gruppe lokal n=8 -0.21 Punkte,schreiben (Gruppenbeleg lokal)
harmonics_noaa_cptt.txt,"Boqi Dao [Pochi Tao, Pulantien Chiang], Liaoning, China",cptt-1245,Dalian,bau,"Dalian, Liaoning, China [harmonics_ticon4_worldwide.txt]",Flach behalten,,,,,,,0.957,0.912,Gruppe lokal n=8 -0.21 Punkte,schreiben (Gruppenbeleg lokal)
harmonics_noaa_cptt.txt,"Xizhong Dao, Liaoning, China",cptt-1247,Dalian,bau,"Dalian, Liaoning, China [harmonics_ticon4_worldwide.txt]",Flach behalten,,,,,,,0.756,0.721,Gruppe lokal n=8 -0.21 Punkte,schreiben (Gruppenbeleg lokal)
harmonics_noaa_cptt.txt,"Changxing Dao [Changhing Tao, Fuchou Bay], Liaoning, China",cptt-1249,Dalian,bau,"Dalian, Liaoning, China [harmonics_ticon4_worldwide.txt]",Flach behalten,20.24,19.37,,,,,0.818,0.779,Wahrheit ok,schreiben
harmonics_noaa_cptt.txt,"Bayuquan, Liaoning, China",cptt-1251,Dalian,bau,"Dalian, Liaoning, China [harmonics_ticon4_worldwide.txt]",Flach behalten,8.6,8.43,,,,,1.513,1.441,Wahrheit ok,schreiben
harmonics_noaa_cptt.txt,"Sidaogou [Bar Signal Station, Liao Ho], Liaoning, China",cptt-1253,Dalian,bau,"Dalian, Liaoning, China [harmonics_ticon4_worldwide.txt]",Flach behalten,13.37,13.18,,,,,1.467,1.397,Wahrheit ok,schreiben
harmonics_noaa_cptt.txt,"Yingkou Neigang, Liaoning, China",cptt-1255,Dalian,bau,"Dalian, Liaoning, China [harmonics_ticon4_worldwide.txt]",Flach behalten,,,,,5.86,5.8,1.513,1.441,Nachbarn ok,schreiben
harmonics_noaa_cptt.txt,"Bar, Liaoning, China",cptt-1257,Dalian,bau,"Dalian, Liaoning, China [harmonics_ticon4_worldwide.txt]",Flach behalten,,,,,,,1.374,1.309,Gruppe lokal n=7 -0.19 Punkte,schreiben (Gruppenbeleg lokal)
harmonics_noaa_cptt.txt,"Changshansi [Chang-shan-ssu Chiao], Liaoning, China",cptt-1259,Dalian,bau,"Dalian, Liaoning, China [harmonics_ticon4_worldwide.txt]",Flach behalten,,,,,,,0.818,0.779,Gruppe lokal n=7 -0.19 Punkte,schreiben (Gruppenbeleg lokal)
harmonics_noaa_cptt.txt,"Ninghai, Hebei, China",cptt-1261,Qinhuangdao,bau,"Qinhuangdao, Hebei, China [harmonics_utide_tidetables.txt]",Flach behalten,22.24,2.3,,,,,0.11,0.067,Wahrheit ok,schreiben
harmonics_noaa_cptt.txt,"Dapu He (Bar), Hebei, China",cptt-1265,Qinhuangdao,bau,"Qinhuangdao, Hebei, China [harmonics_utide_tidetables.txt]",Flach behalten,,,,,,,0.153,0.092,,offen (ohne Beleg)
harmonics_noaa_cptt.txt,"Daqinghekou, Hebei, China",cptt-1267,Tanggu,gewaehlt,"Tanggu, Tianjin, China [harmonics_utide_tidetables.txt]",Flach weg + HW/NW,,,,,,,0.699,0.498,Gruppe lokal n=4 -4.22 Punkte,schreiben (Gruppenbeleg lokal)
harmonics_noaa_cptt.txt,"Off Choushui Gou, Hebei, China",cptt-1269,Tanggu,gewaehlt,"Tanggu, Tianjin, China [harmonics_utide_tidetables.txt]",Flach weg + HW/NW,,,,,,,0.395,0.282,Gruppe lokal n=4 -4.22 Punkte,schreiben (Gruppenbeleg lokal)
harmonics_noaa_cptt.txt,"Caojidian, Hebei, China",cptt-1271,Tanggu,gewaehlt,"Tanggu, Tianjin, China [harmonics_utide_tidetables.txt]",Flach weg + HW/NW,,,,,,,0.942,0.672,Gruppe lokal n=4 -4.22 Punkte,schreiben (Gruppenbeleg lokal)
harmonics_noaa_cptt.txt,"Nangoutuo, Hebei, China",cptt-1273,Tanggu,gewaehlt,"Tanggu, Tianjin, China [harmonics_utide_tidetables.txt]",Flach weg + HW/NW,,,,,,,0.744,0.531,Gruppe lokal n=4 -4.22 Punkte,schreiben (Gruppenbeleg lokal)
harmonics_noaa_cptt.txt,"Nanbao, Hebei, China",cptt-1275,Tanggu,gewaehlt,"Tanggu, Tianjin, China [harmonics_utide_tidetables.txt]",Flach weg + HW/NW,,,,,,,0.744,0.531,Gruppe lokal n=4 -4.22 Punkte,schreiben (Gruppenbeleg lokal)
harmonics_noaa_cptt.txt,"Jianhekou, Tianjin, China",cptt-1277,Tanggu,gewaehlt,"Tanggu, Tianjin, China [harmonics_utide_tidetables.txt]",Flach weg + HW/NW,,,,,,,1.489,1.062,Gruppe lokal n=4 -4.22 Punkte,schreiben (Gruppenbeleg lokal)
harmonics_noaa_cptt.txt,"Bar, Tianjin, China",cptt-1279,Tanggu,gewaehlt,"Tanggu, Tianjin, China [harmonics_utide_tidetables.txt]",Flach weg + HW/NW,,,,,,,1.291,0.921,Gruppe lokal n=4 -4.22 Punkte,schreiben (Gruppenbeleg lokal)
harmonics_noaa_cptt.txt,"Dagu, Tianjin, China",cptt-1283,Tanggu,gewaehlt,"Tanggu, Tianjin, China [harmonics_utide_tidetables.txt]",Flach weg + HW/NW,7.53,7.54,,,,,1.094,0.78,Wahrheit ok,schreiben
harmonics_noaa_cptt.txt,"Qikou Bar, Hebei, China",cptt-1285,Tanggu,gewaehlt,"Tanggu, Tianjin, China [harmonics_utide_tidetables.txt]",Flach weg + HW/NW,,,,,,,1.2,0.856,Gruppe lokal n=4 -4.22 Punkte,schreiben (Gruppenbeleg lokal)
harmonics_noaa_cptt.txt,"Qikou, Hebei, China",cptt-1287,Tanggu,gewaehlt,"Tanggu, Tianjin, China [harmonics_utide_tidetables.txt]",Flach weg + HW/NW,,,,,,,1.489,1.062,Gruppe lokal n=4 -4.22 Punkte,schreiben (Gruppenbeleg lokal)
harmonics_noaa_cptt.txt,"Off Chengkou, Hebei, China",cptt-1289,Tanggu,gewaehlt,"Tanggu, Tianjin, China [harmonics_utide_tidetables.txt]",Flach weg + HW/NW,12.51,8.35,,,,,0.896,0.639,Wahrheit ok,schreiben
harmonics_noaa_cptt.txt,"Dakou He (Bar), Hebei, China",cptt-1291,Tanggu,gewaehlt,"Tanggu, Tianjin, China [harmonics_utide_tidetables.txt]",Flach weg + HW/NW,,,,,,,1.398,0.997,Gruppe lokal n=4 -4.22 Punkte,schreiben (Gruppenbeleg lokal)
harmonics_noaa_cptt.txt,"Dongfeng Gang, Shandong, China",cptt-1293,Tanggu,gewaehlt,"Tanggu, Tianjin, China [harmonics_utide_tidetables.txt]",Flach weg + HW/NW,11.14,6.86,,,,,1.048,0.748,Wahrheit ok,schreiben
harmonics_noaa_cptt.txt,"Wanwangoukou, Shandong, China",cptt-1295,Tanggu,gewaehlt,"Tanggu, Tianjin, China [harmonics_utide_tidetables.txt]",Flach weg + HW/NW,12.92,6.98,,,,,1.003,0.715,Wahrheit ok,schreiben
harmonics_noaa_cptt.txt,"Huanghekou (east), Shandong, China",cptt-1297,Tanggu,gewaehlt,"Tanggu, Tianjin, China [harmonics_utide_tidetables.txt]",Flach weg + HW/NW,,,,,,,0.456,0.325,Gruppe lokal n=4 -4.22 Punkte,schreiben (Gruppenbeleg lokal)
harmonics_noaa_cptt.txt,"Tianshuigoukou, Shandong, China",cptt-1299,Dalian,bau (ohne Pruefstand),"Dalian, Liaoning, China [harmonics_ticon4_worldwide.txt]",Flach behalten,,,,,,,0.664,0.632,Gruppe lokal n=4 -0.50 Punkte,schreiben (Gruppenbeleg lokal)
harmonics_noaa_cptt.txt,"Xiaoqinghekou, Shandong, China",cptt-1301,Dalian,bau (ohne Pruefstand),"Dalian, Liaoning, China [harmonics_ticon4_worldwide.txt]",Flach behalten,,,,,,,0.602,0.573,Gruppe lokal n=2 -0.46 Punkte,schreiben (Gruppenbeleg lokal)
harmonics_noaa_cptt.txt,"Weihekou, Shandong, China",cptt-1303,Dalian,bau (ohne Pruefstand),"Dalian, Liaoning, China [harmonics_ticon4_worldwide.txt]",Flach behalten,,,,,,,0.71,0.676,Gruppe lokal n=3 -0.31 Punkte,schreiben (Gruppenbeleg lokal)
harmonics_noaa_cptt.txt,"Huhekou, Shandong, China",cptt-1305,Dalian,bau (ohne Pruefstand),"Dalian, Liaoning, China [harmonics_ticon4_worldwide.txt]",Flach behalten,,,,,,,0.602,0.573,Gruppe lokal n=4 -0.50 Punkte,schreiben (Gruppenbeleg lokal)
harmonics_noaa_cptt.txt,"Longkou, Shandong, China",cptt-1307,Dalian,bau,"Dalian, Liaoning, China [harmonics_ticon4_worldwide.txt]",Flach behalten,21.65,20.96,,,,,0.556,0.529,Wahrheit ok,schreiben
harmonics_noaa_cptt.txt,"Jimu Dao (Gaojiao) [Mu-chi-tao Chiao], Shandong, China",cptt-1309,Dalian,bau,"Dalian, Liaoning, China [harmonics_ticon4_worldwide.txt]",Flach behalten,,,,,,,0.602,0.573,Gruppe lokal n=5 -0.31 Punkte,schreiben (Gruppenbeleg lokal)
harmonics_noaa_cptt.txt,"Beihuangcheng Dao, Shandong, China",cptt-1311,Dalian,bau,"Dalian, Liaoning, China [harmonics_ticon4_worldwide.txt]",Flach behalten,,,,,12.01,11.74,0.664,0.632,Nachbarn ok,schreiben
harmonics_noaa_cptt.txt,"Tuoji Dao, Shandong, China",cptt-1313,Yantai,gewaehlt,"Yantai, Shandong, China [harmonics_utide_tidetables.txt]",Flach weg + HW/NW,13.35,7.14,,,,,0.553,0.563,Wahrheit ok,schreiben
harmonics_noaa_cptt.txt,"Tangluanzi [Tanglwan Anchorage, Miao-tao Group], Shandong, China",cptt-1315,Yantai,gewaehlt,"Yantai, Shandong, China [harmonics_utide_tidetables.txt]",Flach weg + HW/NW,,,,,,,0.553,0.563,Gruppe lokal n=3 -5.14 Punkte,schreiben (Gruppenbeleg lokal)
harmonics_noaa_cptt.txt,"Nanchangshan Dao, Shandong, China",cptt-1317,Yantai,gewaehlt,"Yantai, Shandong, China [harmonics_utide_tidetables.txt]",Flach weg + HW/NW,14.15,9.07,,,,,0.553,0.563,Wahrheit ok,schreiben
harmonics_noaa_cptt.txt,"Penglai, Shandong, China",cptt-1319,Yantai,gewaehlt,"Yantai, Shandong, China [harmonics_utide_tidetables.txt]",Flach weg + HW/NW,13.29,8.15,,,,,0.507,0.516,Wahrheit ok,schreiben
harmonics_noaa_cptt.txt,"Bajiao, Shandong, China",cptt-1321,Yantai,gewaehlt,"Yantai, Shandong, China [harmonics_utide_tidetables.txt]",Flach weg + HW/NW,,,,,,,0.815,0.828,Gruppe lokal n=3 -5.14 Punkte,schreiben (Gruppenbeleg lokal)
harmonics_noaa_cptt.txt,"Kongdong Dao, Shandong, China",cptt-1325,Yantai,gewaehlt,"Yantai, Shandong, China [harmonics_utide_tidetables.txt]",Flach weg + HW/NW,,,,,,,0.815,0.828,Gruppe lokal n=3 -5.14 Punkte,schreiben (Gruppenbeleg lokal)
harmonics_noaa_cptt.txt,"Yangma Dao [White Rock Point], Shandong, China",cptt-1327,Yantai,gewaehlt,"Yantai, Shandong, China [harmonics_utide_tidetables.txt]",Flach weg + HW/NW,,,,,,,0.815,0.828,Gruppe lokal n=3 -5.14 Punkte,schreiben (Gruppenbeleg lokal)
harmonics_noaa_cptt.txt,"Chu Dao, Shandong, China",cptt-1329,Yantai,gewaehlt,"Yantai, Shandong, China [harmonics_utide_tidetables.txt]",Flach weg + HW/NW,,,,,,,0.707,0.719,Gruppe lokal n=3 -5.14 Punkte,schreiben (Gruppenbeleg lokal)
harmonics_noaa_cptt.txt,"Jiming Dao (Wangjia Zhuang), Shandong, China",cptt-1331,Yantai,gewaehlt,"Yantai, Shandong, China [harmonics_utide_tidetables.txt]",Flach weg + HW/NW,,,,,,,0.753,0.766,Gruppe lokal n=3 -5.14 Punkte,schreiben (Gruppenbeleg lokal)
harmonics_noaa_cptt.txt,"Hailu Dao, Shandong, China",cptt-1333,Tanggu,bau,"Tanggu, Tianjin, China [harmonics_utide_tidetables.txt]",Flach behalten,,,,,,,0.547,0.39,,offen (ohne Beleg)
harmonics_noaa_cptt.txt,"Malan Wan [Malan Cove], Shandong, China",cptt-1335,Tanggu,bau,"Tanggu, Tianjin, China [harmonics_utide_tidetables.txt]",Flach behalten,,,,,18.71,13.34,0.653,0.466,Nachbarn ok,schreiben
harmonics_noaa_cptt.txt,"Chengshan Jiao [Dove Cove, Jungcheng Bay], Shandong, China",cptt-1337,Tanggu,bau,"Tanggu, Tianjin, China [harmonics_utide_tidetables.txt]",Flach behalten,14.57,12.63,,,,,0.547,0.39,Wahrheit ok,schreiben
harmonics_noaa_cptt.txt,"Lidao Wan [Litao Bay], Shandong, China",cptt-1339,Tanggu,bau,"Tanggu, Tianjin, China [harmonics_utide_tidetables.txt]",Flach behalten,,,,,,,0.744,0.531,,offen (ohne Beleg)
harmonics_noaa_cptt.txt,"Jinghai Jiao [Chinghai Point], Shandong, China",cptt-1341,Qingdao,bau,"Huangdao, Shandong, China [harmonics_utide_tidetables.txt]",Flach behalten,,,,,,,1.146,1.026,Gruppe lokal n=2 -3.69 Punkte,schreiben (Gruppenbeleg lokal)
harmonics_noaa_cptt.txt,"Gulongzui [Niao-tsui Head], Shandong, China",cptt-1343,Qingdao,bau,"Huangdao, Shandong, China [harmonics_utide_tidetables.txt]",Flach behalten,,,,,,,1.146,1.026,Gruppe lokal n=2 -3.69 Punkte,schreiben (Gruppenbeleg lokal)
harmonics_noaa_cptt.txt,"Haiyang [Haiyanghsein], Shandong, China",cptt-1345,Qingdao,bau,"Huangdao, Shandong, China [harmonics_utide_tidetables.txt]",Flach behalten,,,,,,,1.299,1.162,Gruppe lokal n=2 -3.69 Punkte,schreiben (Gruppenbeleg lokal)
harmonics_noaa_cptt.txt,"Quinliyan, Shandong, China",cptt-1347,Qingdao,bau,"Huangdao, Shandong, China [harmonics_utide_tidetables.txt]",Flach behalten,5.95,3.44,,,,,1.009,0.903,Wahrheit ok,schreiben
harmonics_noaa_cptt.txt,"Nu Dao [Star Reef, Lao Shan Bay], Shandong, China",cptt-1349,Qingdao,bau,"Huangdao, Shandong, China [harmonics_utide_tidetables.txt]",Flach behalten,,,,,9.04,6.4,1.406,1.258,Nachbarn ok,schreiben
harmonics_noaa_cptt.txt,"Dongjia Wan [Tung-chai Harbor], Shandong, China",cptt-1351,Qingdao,bau,"Huangdao, Shandong, China [harmonics_utide_tidetables.txt]",Flach behalten,,,,,,,1.498,1.34,Gruppe lokal n=2 -3.69 Punkte,schreiben (Gruppenbeleg lokal)
harmonics_noaa_cptt.txt,"Mai Dao, Shandong, China",cptt-1353,Qingdao,bau,"Huangdao, Shandong, China [harmonics_utide_tidetables.txt]",Flach behalten,,,,,,,1.208,1.08,Gruppe lokal n=2 -3.69 Punkte,schreiben (Gruppenbeleg lokal)
harmonics_noaa_cptt.txt,"Qingdao (Qianhai), Shandong, China",cptt-1355,Qingdao,bau,"Huangdao, Shandong, China [harmonics_utide_tidetables.txt]",Flach behalten,,,,,5.37,3.89,1.253,1.121,Nachbarn ok,schreiben
harmonics_noaa_cptt.txt,"Huang Dao, Shandong, China",cptt-1357,Qingdao,bau,"Huangdao, Shandong, China [harmonics_utide_tidetables.txt]",Flach behalten,6.07,1.2,,,,,1.299,1.162,Wahrheit ok,schreiben
harmonics_noaa_cptt.txt,"Tangdao Wan, Shandong, China",cptt-1361,Qingdao,bau,"Huangdao, Shandong, China [harmonics_utide_tidetables.txt]",Flach behalten,,,,,,,1.208,1.08,Gruppe lokal n=2 -3.69 Punkte,schreiben (Gruppenbeleg lokal)
harmonics_noaa_cptt.txt,"Lingshan Dao, Shandong, China",cptt-1363,Qingdao,bau,"Huangdao, Shandong, China [harmonics_utide_tidetables.txt]",Flach behalten,,,,,,,1.146,1.026,Gruppe lokal n=2 -3.69 Punkte,schreiben (Gruppenbeleg lokal)
harmonics_noaa_cptt.txt,"Huangjiatang Wan [Huangchiatang Wan], Shandong, China",cptt-1365,Qingdao,bau (ohne Pruefstand),"Huangdao, Shandong, China [harmonics_utide_tidetables.txt]",Flach behalten,,,,,,,1.253,1.121,Gruppe lokal n=2 -3.69 Punkte,schreiben (Gruppenbeleg lokal)
harmonics_noaa_cptt.txt,"Shijiu Suo, Shandong, China",cptt-1367,Qingdao,bau (ohne Pruefstand),"Huangdao, Shandong, China [harmonics_utide_tidetables.txt]",Flach behalten,,,,,2.91,4.81,1.452,1.299,Nachbarn schlechter,behalten (Beleg schlechter)
harmonics_noaa_cptt.txt,"Pingshan Dao, Shandong, China",cptt-1369,Lianyun Gang,bau (ohne Pruefstand),"Lianyungang, Jiangsu, China [harmonics_utide_tidetables.txt]",Flach behalten,,,,,,,1.262,1.317,,offen (ohne Beleg)
harmonics_noaa_cptt.txt,"Qinshan Dao, Jiangsu, China",cptt-1371,Lianyun Gang,bau (ohne Pruefstand),"Lianyungang, Jiangsu, China [harmonics_utide_tidetables.txt]",Flach behalten,,,,,,,1.724,1.798,,offen (ohne Beleg)
harmonics_noaa_cptt.txt,"Kaishan Dao, Jiangsu, China",cptt-1375,Lianyun Gang,bau (ohne Pruefstand),"Lianyungang, Jiangsu, China [harmonics_utide_tidetables.txt]",Flach behalten,,,,,,,1.662,1.734,,offen (ohne Beleg)
harmonics_noaa_cptt.txt,"Kuataokou, Jiangsu, China",cptt-1377,Lianyun Gang,bau,"Lianyungang, Jiangsu, China [harmonics_utide_tidetables.txt]",Flach behalten,,,,,,,1.108,1.156,Gruppe lokal n=2 +0.07 Punkte,behalten (Gruppe lokal schlechter)
harmonics_noaa_cptt.txt,"Xinyang Gang, Jiangsu, China",cptt-1379,Lianyun Gang,bau,"Lianyungang, Jiangsu, China [harmonics_utide_tidetables.txt]",Flach behalten,18.25,17.86,,,,,0.908,0.947,Wahrheit ok,schreiben
harmonics_noaa_cptt.txt,"Chenjiawu, Jiangsu, China",cptt-1381,Lianyun Gang,bau,"Lianyungang, Jiangsu, China [harmonics_utide_tidetables.txt]",Flach behalten,,,,,,,1.724,1.798,Gruppe lokal n=2 +0.07 Punkte,behalten (Gruppe lokal schlechter)
harmonics_noaa_cptt.txt,"Off Chuanshui Gang, Jiangsu, China",cptt-1383,Lianyun Gang,bau,"Lianyungang, Jiangsu, China [harmonics_utide_tidetables.txt]",Flach behalten,,,,,,,2.016,2.103,Gruppe lokal n=2 +0.07 Punkte,behalten (Gruppe lokal schlechter)
harmonics_noaa_cptt.txt,"Xiaoyangkou, Jiangsu, China",cptt-1385,Lianyun Gang,bau,"Lianyungang, Jiangsu, China [harmonics_utide_tidetables.txt]",Flach behalten,,,,,,,1.154,1.204,Gruppe lokal n=2 +0.07 Punkte,behalten (Gruppe lokal schlechter)
harmonics_noaa_cptt.txt,"Lusi, Jiangsu, China",cptt-1387,Lianyun Gang,bau,"Lianyungang, Jiangsu, China [harmonics_utide_tidetables.txt]",Flach behalten,5.53,6.06,,,,,1.816,1.895,Wahrheit schlechter,behalten (Beleg schlechter)
harmonics_noaa_cptt.txt,"Tongsha Shazui, Shanghai, China",cptt-1389,Wusong,gewaehlt,"Gaoqiao, Shanghai, China [harmonics_utide_tidetables.txt]",Flach behalten,,,,,,,1.337,1.34,Gruppe lokal n=6 -2.25 Punkte,schreiben (Gruppenbeleg lokal)
harmonics_noaa_cptt.txt,"She Shan, Shanghai, China",cptt-1391,Wusong,gewaehlt,"Gaoqiao, Shanghai, China [harmonics_utide_tidetables.txt]",Flach behalten,5.21,5.41,,,,,1.192,1.194,Wahrheit ok,schreiben
harmonics_noaa_cptt.txt,"Jiuduan Beacon, Shanghai, China",cptt-1395,Wusong,gewaehlt,"Gaoqiao, Shanghai, China [harmonics_utide_tidetables.txt]",Flach behalten,,,,,,,1.148,1.151,Gruppe lokal n=6 -2.25 Punkte,schreiben (Gruppenbeleg lokal)
harmonics_noaa_cptt.txt,"Hengsha, Shanghai, China",cptt-1397,Wusong,gewaehlt,"Gaoqiao, Shanghai, China [harmonics_utide_tidetables.txt]",Flach behalten,,,,,,,1.192,1.194,Gruppe lokal n=6 -2.25 Punkte,schreiben (Gruppenbeleg lokal)
harmonics_noaa_cptt.txt,"Laomihung, Shanghai, China",cptt-1399,Wusong,gewaehlt,"Gaoqiao, Shanghai, China [harmonics_utide_tidetables.txt]",Flach behalten,,,,,9.42,9.97,1.236,1.238,Nachbarn schlechter,behalten (Beleg schlechter)
harmonics_noaa_cptt.txt,"Qixiao Gang, Shanghai, China",cptt-1401,Wusong,gewaehlt,"Gaoqiao, Shanghai, China [harmonics_utide_tidetables.txt]",Flach behalten,,,,,,,1.192,1.194,Gruppe lokal n=6 -2.25 Punkte,schreiben (Gruppenbeleg lokal)
harmonics_noaa_cptt.txt,"Shixiao Gang, Shanghai, China",cptt-1403,Wusong,gewaehlt,"Gaoqiao, Shanghai, China [harmonics_utide_tidetables.txt]",Flach behalten,,,,,,,1.192,1.194,Gruppe lokal n=6 -2.25 Punkte,schreiben (Gruppenbeleg lokal)
harmonics_noaa_cptt.txt,"Bao Zhen, Shanghai, China",cptt-1405,Wusong,gewaehlt,"Gaoqiao, Shanghai, China [harmonics_utide_tidetables.txt]",Flach behalten,7.73,3.89,,,,,1.003,1.005,Wahrheit ok,schreiben
harmonics_noaa_cptt.txt,"Gaoqiao, Shanghai, China",cptt-1407,Wusong,gewaehlt,"Gaoqiao, Shanghai, China [harmonics_utide_tidetables.txt]",Flach behalten,6.34,2.9,,,,,1.148,1.151,Wahrheit ok,schreiben
harmonics_noaa_cptt.txt,"Shanghai Gang [Shanghai, Huangpu River], Shanghai, China",cptt-1411,Wusong,gewaehlt,"Gaoqiao, Shanghai, China [harmonics_utide_tidetables.txt]",Flach behalten,6.14,2.19,,,,,0.901,0.903,Wahrheit ok,schreiben
harmonics_noaa_cptt.txt,"Xulujing, Jiangsu, China",cptt-1415,Wusong,gewaehlt,"Gaoqiao, Shanghai, China [harmonics_utide_tidetables.txt]",Flach behalten,,,,,,,0.901,0.903,Gruppe lokal n=6 -2.25 Punkte,schreiben (Gruppenbeleg lokal)
harmonics_noaa_cptt.txt,"Jiangyin, Jiangsu, China",cptt-1417,Wusong,gewaehlt,"Gaoqiao, Shanghai, China [harmonics_utide_tidetables.txt]",Flach behalten,,,,,,,0.712,0.714,Gruppe lokal n=6 -2.25 Punkte,schreiben (Gruppenbeleg lokal)
harmonics_noaa_cptt.txt,"Jinshanzui, Shanghai, China",cptt-1419,Wusong,gewaehlt,"Gaoqiao, Shanghai, China [harmonics_utide_tidetables.txt]",Flach behalten,6.64,6.42,,,,,1.715,1.719,Wahrheit ok,schreiben
harmonics_noaa_cptt.txt,"Zhapu, Zhejiang, China",cptt-1421,Wusong,gewaehlt,"Gaoqiao, Shanghai, China [harmonics_utide_tidetables.txt]",Flach behalten,9.1,8.03,,,,,2.151,2.156,Wahrheit ok,schreiben
harmonics_noaa_cptt.txt,"Haining, Zhejiang, China",cptt-1423,Wusong,gewaehlt,"Gaoqiao, Shanghai, China [harmonics_utide_tidetables.txt]",Flach behalten,,,,,,,1.861,1.864,Gruppe lokal n=6 -2.25 Punkte,schreiben (Gruppenbeleg lokal)
harmonics_noaa_cptt.txt,"Hua-lien Kang, Okinawa, Japan",cptt-1433,Naha,bau,"Naha, Okinawa, Japan [harmonics_ticon4_worldwide.txt]",Flach behalten,7.41,7.04,,,,,0.512,0.477,Wahrheit ok,schreiben
harmonics_noaa_cptt.txt,"Ch'eng-kuang-ao Po-ti, Okinawa, Japan",cptt-1435,Naha,bau,"Naha, Okinawa, Japan [harmonics_ticon4_worldwide.txt]",Flach behalten,,,,,5.77,5.43,0.542,0.505,Nachbarn ok,schreiben
harmonics_noaa_cptt.txt,"Tu-lan Wan, Taiwan",cptt-1437,Naha,bau,"Naha, Okinawa, Japan [harmonics_ticon4_worldwide.txt]",Flach behalten,,,,,6.33,6.21,0.467,0.435,Nachbarn ok,schreiben
harmonics_noaa_cptt.txt,"Nan-liao Wan, Lu Tao, Taiwan",cptt-1439,Naha,bau,"Naha, Okinawa, Japan [harmonics_ticon4_worldwide.txt]",Flach behalten,7.36,7.27,,,,,0.452,0.421,Wahrheit ok,schreiben
harmonics_noaa_cptt.txt,"Ta-pan-lieh Mao-ti, Taiwan",cptt-1443,Hong Kong,bau,"Quarry Bay, Hong Kong, China [harmonics_utide_tidetables.txt]",Flach behalten,6.46,7.24,,,,,0.27,0.222,Wahrheit schlechter,behalten (Beleg schlechter)
harmonics_noaa_cptt.txt,"Ch'e-ch'eng Po-ti, Taiwan",cptt-1445,Hong Kong,bau,"Quarry Bay, Hong Kong, China [harmonics_utide_tidetables.txt]",Flach behalten,,,,,,,0.216,0.178,Gruppe lokal n=4 +0.93 Punkte,behalten (Gruppe lokal schlechter)
harmonics_noaa_cptt.txt,"Tung-kang Po-ti, Taiwan",cptt-1447,Hong Kong,bau,"Quarry Bay, Hong Kong, China [harmonics_utide_tidetables.txt]",Flach behalten,9.33,9.82,,,,,0.216,0.178,Wahrheit schlechter,behalten (Beleg schlechter)
harmonics_noaa_cptt.txt,"Kao-hsiung, Taiwan",cptt-1449,Hong Kong,bau,"Quarry Bay, Hong Kong, China [harmonics_utide_tidetables.txt]",Flach behalten,5.01,6.69,,,,,0.162,0.133,Wahrheit schlechter,behalten (Beleg schlechter)
harmonics_noaa_cptt.txt,"An-p'ing Kang, Taiwan",cptt-1451,Hong Kong,bau,"Quarry Bay, Hong Kong, China [harmonics_utide_tidetables.txt]",Flach behalten,9.87,10.94,,,,,0.203,0.167,Wahrheit schlechter,behalten (Beleg schlechter)
harmonics_noaa_cptt.txt,"Ting-t'ou-o-shan, Taiwan",cptt-1453,Hong Kong,bau,"Quarry Bay, Hong Kong, China [harmonics_utide_tidetables.txt]",Flach behalten,,,,,,,0.283,0.233,Gruppe lokal n=4 +0.93 Punkte,behalten (Gruppe lokal schlechter)
harmonics_noaa_cptt.txt,"Pu-tai Po-ti, Taiwan",cptt-1455,PengHu (Ma-Kung Kang),bau (ohne Pruefstand),"Magong (Penghu), Taiwan [harmonics_utide_tidetables.txt]",Flach behalten,,,,,,,0.657,0.659,Gruppe lokal n=3 -1.28 Punkte,schreiben (Gruppenbeleg lokal)
harmonics_noaa_cptt.txt,"Hai-k'ou Po-ti, Taiwan",cptt-1457,PengHu (Ma-Kung Kang),bau (ohne Pruefstand),"Magong (Penghu), Taiwan [harmonics_utide_tidetables.txt]",Flach behalten,,,,,,,1.22,1.224,Gruppe lokal n=3 -1.28 Punkte,schreiben (Gruppenbeleg lokal)
harmonics_noaa_cptt.txt,"Fang-yuan Po-ti, Taiwan",cptt-1459,PengHu (Ma-Kung Kang),bau (ohne Pruefstand),"Magong (Penghu), Taiwan [harmonics_utide_tidetables.txt]",Flach behalten,,,,,,,1.533,1.537,Gruppe lokal n=3 -1.28 Punkte,schreiben (Gruppenbeleg lokal)
harmonics_noaa_cptt.txt,"T'u-ko-k'u Kang, Taiwan",cptt-1461,PengHu (Ma-Kung Kang),bau (ohne Pruefstand),"Magong (Penghu), Taiwan [harmonics_utide_tidetables.txt]",Flach behalten,,,,,,,1.595,1.6,Gruppe lokal n=3 -1.28 Punkte,schreiben (Gruppenbeleg lokal)
harmonics_noaa_cptt.txt,"Ta-an Kang, Taiwan",cptt-1463,PengHu (Ma-Kung Kang),bau (ohne Pruefstand),"Magong (Penghu), Taiwan [harmonics_utide_tidetables.txt]",Flach behalten,,,,,,,1.877,1.883,Gruppe lokal n=3 -1.28 Punkte,schreiben (Gruppenbeleg lokal)
harmonics_noaa_cptt.txt,"Hou-lung Po-ti, Taiwan",cptt-1465,PengHu (Ma-Kung Kang),bau (ohne Pruefstand),"Magong (Penghu), Taiwan [harmonics_utide_tidetables.txt]",Flach behalten,,,,,7.91,6.55,1.767,1.773,Nachbarn ok,schreiben
harmonics_noaa_cptt.txt,"Tan-shui Kang, Taiwan",cptt-1467,PengHu (Ma-Kung Kang),bau,"Magong (Penghu), Taiwan [harmonics_utide_tidetables.txt]",Flach behalten,6.82,5.47,,,,,1.095,1.098,Wahrheit ok,schreiben
harmonics_noaa_cptt.txt,"Ch'i-mei Yu, Taiwan",cptt-1469,PengHu (Ma-Kung Kang),bau,"Magong (Penghu), Taiwan [harmonics_utide_tidetables.txt]",Flach behalten,6.37,6.1,,,,,0.594,0.596,Wahrheit ok,schreiben
harmonics_noaa_cptt.txt,"Pa-chao Yu, Taiwan",cptt-1471,PengHu (Ma-Kung Kang),bau,"Magong (Penghu), Taiwan [harmonics_utide_tidetables.txt]",Flach behalten,,,,,,,0.657,0.659,Gruppe lokal n=3 -1.28 Punkte,schreiben (Gruppenbeleg lokal)
harmonics_noaa_cptt.txt,"Tung-p'an Hsu, Taiwan",cptt-1473,PengHu (Ma-Kung Kang),bau,"Magong (Penghu), Taiwan [harmonics_utide_tidetables.txt]",Flach behalten,,,,,,,0.954,0.957,Gruppe lokal n=3 -1.28 Punkte,schreiben (Gruppenbeleg lokal)
harmonics_noaa_cptt.txt,"Pei-liao, Taiwan",cptt-1477,PengHu (Ma-Kung Kang),bau,"Magong (Penghu), Taiwan [harmonics_utide_tidetables.txt]",Flach behalten,,,,,,,1.11,1.114,Gruppe lokal n=3 -1.28 Punkte,schreiben (Gruppenbeleg lokal)
harmonics_noaa_cptt.txt,"Chi-pei Tao, Taiwan",cptt-1481,PengHu (Ma-Kung Kang),bau,"Magong (Penghu), Taiwan [harmonics_utide_tidetables.txt]",Flach behalten,4.46,3.18,,,,,1.298,1.302,Wahrheit ok,schreiben
harmonics_noaa_cptt.txt,"Shizhen (Zhongwai Yu), Fujian, China",cptt-1483,Xiamen,bau (ohne Pruefstand),"Xiamen, Fujian, China [harmonics_ticon4_worldwide.txt]",Flach behalten,,,,,,,1.934,1.835,,offen (ohne Beleg)
harmonics_noaa_cptt.txt,"Wutongdao, Fujian, China",cptt-1485,Xiamen,bau (ohne Pruefstand),"Xiamen, Fujian, China [harmonics_ticon4_worldwide.txt]",Flach behalten,,,,,,,1.981,1.879,,offen (ohne Beleg)
harmonics_noaa_cptt.txt,"Dadan Dao [Amoy, outer harbor], Fujian, China",cptt-1487,Xiamen,bau (ohne Pruefstand),"Xiamen, Fujian, China [harmonics_ticon4_worldwide.txt]",Flach behalten,,,,,,,1.934,1.835,,offen (ohne Beleg)
harmonics_noaa_cptt.txt,"Qianyan [Knob Rock], Fujian, China",cptt-1491,Xiamen,bau (ohne Pruefstand),"Xiamen, Fujian, China [harmonics_ticon4_worldwide.txt]",Flach behalten,,,,,,,1.779,1.688,,offen (ohne Beleg)
harmonics_noaa_cptt.txt,"Nanao Dao (Yunao Wan), Guangdong, China",cptt-1493,Shantou,bau,"Shantou (Han River), Guangdong, China [harmonics-1997-05-25_mod.txt]",Flach behalten,,,,,,,0.807,0.515,,offen (ohne Beleg)
harmonics_noaa_cptt.txt,"Dahao, Guangdong, China",cptt-1497,Shantou,bau,"Shantou (Han River), Guangdong, China [harmonics-1997-05-25_mod.txt]",Flach behalten,,,,,,,0.502,0.321,,offen (ohne Beleg)
harmonics_noaa_cptt.txt,"Biaojiao, Guangdong, China",cptt-1499,Shantou,bau,"Shantou (Han River), Guangdong, China [harmonics-1997-05-25_mod.txt]",Flach behalten,,,,,,,0.7,0.447,,offen (ohne Beleg)
harmonics_noaa_cptt.txt,"Dahao Dock, Guangdong, China",cptt-1501,Shantou,bau,"Shantou (Han River), Guangdong, China [harmonics-1997-05-25_mod.txt]",Flach behalten,,,,,,,0.594,0.379,,offen (ohne Beleg)
harmonics_noaa_cptt.txt,"Haimen Wan, Guangdong, China",cptt-1503,Shantou,bau,"Shantou (Han River), Guangdong, China [harmonics-1997-05-25_mod.txt]",Flach behalten,8.93,7.17,,,,,0.502,0.321,Wahrheit ok,schreiben
harmonics_noaa_cptt.txt,"Shibeshan Jiao, Guangdong, China",cptt-1505,Shantou,bau,"Shantou (Han River), Guangdong, China [harmonics-1997-05-25_mod.txt]",Flach behalten,,,,,,,0.502,0.321,,offen (ohne Beleg)
harmonics_noaa_cptt.txt,"Peng Chau, Hong Kong",cptt-1507,Hong Kong,bau,"Quarry Bay, Hong Kong, China [harmonics_utide_tidetables.txt]",Flach behalten,,,,,,,0.405,0.333,,offen (ohne Beleg)
harmonics_noaa_cptt.txt,"Jones Cove, Hong Kong",cptt-1509,Hong Kong,bau,"Quarry Bay, Hong Kong, China [harmonics_utide_tidetables.txt]",Flach behalten,,,,,5.12,3.22,0.405,0.333,Nachbarn ok,schreiben
harmonics_noaa_cptt.txt,"Tide Cove, Hong Kong",cptt-1511,Hong Kong,bau,"Quarry Bay, Hong Kong, China [harmonics_utide_tidetables.txt]",Flach behalten,,,,,,,0.405,0.333,,offen (ohne Beleg)
harmonics_noaa_cptt.txt,"Port Shelter, Hong Kong",cptt-1513,Hong Kong,bau,"Quarry Bay, Hong Kong, China [harmonics_utide_tidetables.txt]",Flach behalten,,,,,,,0.405,0.333,,offen (ohne Beleg)
harmonics_noaa_cptt.txt,"Taitam Bay, Hong Kong",cptt-1515,Hong Kong,bau,"Quarry Bay, Hong Kong, China [harmonics_utide_tidetables.txt]",Flach behalten,,,,,,,0.378,0.311,,offen (ohne Beleg)
harmonics_noaa_cptt.txt,"Aberdeen Harbor, Hong Kong",cptt-1517,Hong Kong,bau,"Quarry Bay, Hong Kong, China [harmonics_utide_tidetables.txt]",Flach behalten,,,,,,,0.378,0.311,,offen (ohne Beleg)
harmonics_noaa_cptt.txt,"Wen Wei Rock, Guangdong, China",cptt-1521,Hong Kong,bau,"Quarry Bay, Hong Kong, China [harmonics_utide_tidetables.txt]",Flach behalten,,,,,,,0.297,0.244,,offen (ohne Beleg)
harmonics_noaa_cptt.txt,"Wai-ling-ting, Hong Kong",cptt-1523,Hong Kong,bau,"Quarry Bay, Hong Kong, China [harmonics_utide_tidetables.txt]",Flach behalten,,,,,,,0.432,0.355,,offen (ohne Beleg)
harmonics_noaa_cptt.txt,"Kapshui Mun, Hong Kong",cptt-1525,Hong Kong,bau,"Quarry Bay, Hong Kong, China [harmonics_utide_tidetables.txt]",Flach behalten,,,,,3.97,1.73,0.459,0.378,Nachbarn ok,schreiben
harmonics_noaa_cptt.txt,"West Brother, Hong Kong",cptt-1527,Hong Kong,bau,"Quarry Bay, Hong Kong, China [harmonics_utide_tidetables.txt]",Flach behalten,,,,,4.73,2.32,0.5,0.411,Nachbarn ok,schreiben
harmonics_noaa_cptt.txt,"Macao Harbor, Guangdong, China",cptt-1529,Hong Kong,bau,"Quarry Bay, Hong Kong, China [harmonics_utide_tidetables.txt]",Flach behalten,5.32,3.15,,,,,0.486,0.4,Wahrheit ok,schreiben
harmonics_noaa_cptt.txt,"Sishengwei, Guangdong, China",cptt-1531,Huangpu,bau,"Huangpu, Guangdong, China [harmonics_utide_tidetables.txt]",Flach behalten,,,,,,,1.096,0.74,,offen (ohne Beleg)
harmonics_noaa_cptt.txt,"Sanshakou, Guangdong, China",cptt-1533,Huangpu,bau,"Huangpu, Guangdong, China [harmonics_utide_tidetables.txt]",Flach behalten,,,,,,,1.05,0.709,,offen (ohne Beleg)
harmonics_noaa_cptt.txt,"Nizhoutou, Guangdong, China",cptt-1535,Huangpu,bau,"Huangpu, Guangdong, China [harmonics_utide_tidetables.txt]",Flach behalten,,,,,,,1.096,0.74,,offen (ohne Beleg)
harmonics_noaa_cptt.txt,"Haiqin, Guangdong, China",cptt-1537,Huangpu,bau,"Huangpu, Guangdong, China [harmonics_utide_tidetables.txt]",Flach behalten,10.89,9.09,,,,,1.096,0.74,Wahrheit ok,schreiben
harmonics_noaa_cptt.txt,"Dasheng, Guangdong, China",cptt-1539,Huangpu,bau,"Huangpu, Guangdong, China [harmonics_utide_tidetables.txt]",Flach behalten,,,,,,,1.05,0.709,,offen (ohne Beleg)
harmonics_noaa_cptt.txt,"Chisha (Lighthouse), Guangdong, China",cptt-1541,Huangpu,bau,"Huangpu, Guangdong, China [harmonics_utide_tidetables.txt]",Flach behalten,,,,,,,1.05,0.709,,offen (ohne Beleg)
harmonics_noaa_cptt.txt,"Bazhou, Guangzhou, Guangdong, China",cptt-1545,Huangpu,bau,"Huangpu, Guangdong, China [harmonics_utide_tidetables.txt]",Flach behalten,,,,,,,0.944,0.637,,offen (ohne Beleg)
harmonics_noaa_cptt.txt,"Chikanzi (Hongkan Wan), Guangdong, China",cptt-1547,Haikou,bau,"Haikou, Hainan, China [harmonics_ticon4_worldwide.txt]",Flach behalten,,,,,,,0.219,0.175,,offen (ohne Beleg)
harmonics_noaa_cptt.txt,"Haian, Guangdong, China",cptt-1549,Haikou,bau,"Haikou, Hainan, China [harmonics_ticon4_worldwide.txt]",Flach behalten,,,,,,,0.262,0.209,,offen (ohne Beleg)
harmonics_noaa_cptt.txt,"Dengmai Wan, Hainan, China",cptt-1551,Haikou,bau (ohne Pruefstand),"Haikou, Hainan, China [harmonics_ticon4_worldwide.txt]",Flach behalten,,,,,,,0.378,0.301,,offen (ohne Beleg)
harmonics_noaa_cptt.txt,"Haikoushi [Hai-k'ou, Hoihow], Hainan, China",cptt-1555,Haikou,bau,"Haikou, Hainan, China [harmonics_ticon4_worldwide.txt]",Flach behalten,,,,,,,0.201,0.16,,offen (ohne Beleg)
harmonics_noaa_cptt.txt,"Puqian, Hainan, China",cptt-1557,Haikou,bau,"Haikou, Hainan, China [harmonics_ticon4_worldwide.txt]",Flach behalten,11.34,8.96,,,,,0.219,0.175,Wahrheit ok,schreiben
harmonics_noaa_cptt.txt,"Dongxicun, Hainan, China",cptt-1559,Haikou,bau,"Haikou, Hainan, China [harmonics_ticon4_worldwide.txt]",Flach behalten,,,,,,,0.238,0.189,,offen (ohne Beleg)
harmonics_noaa_cptt.txt,"Yinggehai, China",cptt-1561,Beihai,bau,"Beihai, Guangxi, China [harmonics_ticon4_worldwide.txt]",Flach behalten,11.27,8.15,,,,,0.228,0.174,Wahrheit ok,schreiben
harmonics_noaa_cptt.txt,"Kuwei Jiao, Vietnam",cptt-1563,Haikou,bau (ohne Pruefstand),"Haikou, Hainan, China [harmonics_ticon4_worldwide.txt]",Flach behalten,,,,,,,0.341,0.272,,offen (ohne Beleg)
harmonics_noaa_cptt.txt,"Weizhou Dao, China",cptt-1565,Beihai,bau,"Beihai, Guangxi, China [harmonics_ticon4_worldwide.txt]",Flach behalten,5.41,2.53,,,,,0.539,0.411,Wahrheit ok,schreiben
harmonics_noaa_cptt.txt,"Off Beihai, Vietnam",cptt-1569,Beihai,bau,"Beihai, Guangxi, China [harmonics_ticon4_worldwide.txt]",Flach behalten,,,,,,,0.665,0.508,,offen (ohne Beleg)
harmonics_noaa_cptt.txt,"Dafeng Jiang, Vietnam",cptt-1571,Beihai,bau,"Beihai, Guangxi, China [harmonics_ticon4_worldwide.txt]",Flach behalten,,,,,,,0.583,0.445,,offen (ohne Beleg)
harmonics_noaa_cptt.txt,"Sanniang Wan, Vietnam",cptt-1573,Beihai,bau,"Beihai, Guangxi, China [harmonics_ticon4_worldwide.txt]",Flach behalten,,,,,,,0.583,0.445,,offen (ohne Beleg)
harmonics_noaa_cptt.txt,"Tsieng Mun, Vietnam",cptt-1579,Paramushiru Island,behalten,,,,,,,,,,,,behalten (Gruppe am Pruefstand schlechter)
harmonics_noaa_cptt.txt,"Cai Bau, Cai Bau Island, Vietnam",cptt-1581,Paramushiru Island,behalten,,,,,,,,,,,,behalten (Gruppe am Pruefstand schlechter)
harmonics_noaa_cptt.txt,"Campha Port, Vietnam",cptt-1583,Paramushiru Island,behalten,,,,,,,,,,,,behalten (Gruppe am Pruefstand schlechter)
harmonics_noaa_cptt.txt,"Norway Islands, Vietnam",cptt-1585,Paramushiru Island,behalten,,,,,,,,,,,,behalten (Gruppe am Pruefstand schlechter)
harmonics_noaa_cptt.txt,"Hon Gai, Halong Bay, Vietnam",cptt-1587,Paramushiru Island,behalten,,,,,,,,,,,,behalten (Gruppe am Pruefstand schlechter)
harmonics_noaa_cptt.txt,"Cat Ba, Isle de la Cat Ba, Vietnam",cptt-1589,Paramushiru Island,behalten,,,,,,,,,,,,behalten (Gruppe am Pruefstand schlechter)
harmonics_noaa_cptt.txt,"Cua Namtrieu, Vietnam",cptt-1593,Paramushiru Island,behalten,,,,,,,,,,,,behalten (Gruppe am Pruefstand schlechter)
harmonics_noaa_cptt.txt,"Haiphong, Cua Cam, Vietnam",cptt-1595,Paramushiru Island,behalten,,,,,,,,,,,,behalten (Gruppe am Pruefstand schlechter)
harmonics_noaa_cptt.txt,"Bach Long Vi Island, Vietnam",cptt-1597,Paramushiru Island,behalten,,,,,,,,,,,,behalten (Gruppe am Pruefstand schlechter)
harmonics_noaa_cptt.txt,"Balat River entrance, Vietnam",cptt-1599,Paramushiru Island,behalten,,,,,,,,,,,,behalten (Gruppe am Pruefstand schlechter)
harmonics_noaa_cptt.txt,"Hon Ne, Vietnam",cptt-1601,Paramushiru Island,behalten,,,,,,,,,,,,behalten (Gruppe am Pruefstand schlechter)
harmonics_noaa_cptt.txt,"Hon Me, Vietnam",cptt-1603,Paramushiru Island,behalten,,,,,,,,,,,,behalten (Gruppe am Pruefstand schlechter)
harmonics_noaa_cptt.txt,"Hon Nieu, Vietnam",cptt-1605,Paramushiru Island,behalten,,,,,,,,,,,,behalten (Gruppe am Pruefstand schlechter)
harmonics_noaa_cptt.txt,"Hoi River entrance, Vietnam",cptt-1607,Paramushiru Island,behalten,,,,,,,,,,,,behalten (Gruppe am Pruefstand schlechter)
harmonics_noaa_cptt.txt,"Sot River entrance, Vietnam",cptt-1609,Paramushiru Island,behalten,,,,,,,,,,,,behalten (Gruppe am Pruefstand schlechter)
harmonics_noaa_cptt.txt,"Vung Chua Bay, Vietnam",cptt-1611,Paramushiru Island,behalten,,,,,,,,,,,,behalten (Gruppe am Pruefstand schlechter)
harmonics_noaa_cptt.txt,"Nhat Le River entrance, Vietnam",cptt-1613,Paramushiru Island,behalten,,,,,,,,,,,,behalten (Gruppe am Pruefstand schlechter)
harmonics_noaa_cptt.txt,"Paracel Islands, Vietnam",cptt-1615,Manila,bau,"Manila, Philippines [harmonics_ticon4_worldwide.txt]",Flach behalten,9.03,7.77,,,,,0.184,0.167,Wahrheit ok,schreiben
harmonics_noaa_cptt.txt,"Chon May Bay, Vietnam",cptt-1617,Manila,bau,"Manila, Philippines [harmonics_ticon4_worldwide.txt]",Flach behalten,,,,,16.91,16.7,0.095,0.086,Nachbarn ok,schreiben
harmonics_noaa_cptt.txt,"Da Nang, Vietnam",cptt-1619,Manila,bau,"Manila, Philippines [harmonics_ticon4_worldwide.txt]",Flach behalten,8.46,7.81,,,,,0.137,0.124,Wahrheit ok,schreiben
harmonics_noaa_cptt.txt,"Culao Cham, Vietnam",cptt-1621,Manila,bau,"Manila, Philippines [harmonics_ticon4_worldwide.txt]",Flach behalten,11.67,10.56,,,,,0.167,0.151,Wahrheit ok,schreiben
harmonics_noaa_cptt.txt,"Dung Quat Bay, Vietnam",cptt-1623,Manila,bau,"Manila, Philippines [harmonics_ticon4_worldwide.txt]",Flach behalten,10.95,9.58,,,,,0.202,0.184,Wahrheit ok,schreiben
harmonics_noaa_cptt.txt,"Tam Quan, Vietnam",cptt-1625,Manila,bau,"Manila, Philippines [harmonics_ticon4_worldwide.txt]",Flach behalten,7.53,7.18,,,,,0.19,0.173,Wahrheit ok,schreiben
harmonics_noaa_cptt.txt,"Vinh Xuan Dai, Vietnam",cptt-1629,Manila,bau,"Manila, Philippines [harmonics_ticon4_worldwide.txt]",Flach behalten,7.66,7.31,,,,,0.19,0.173,Wahrheit ok,schreiben
harmonics_noaa_cptt.txt,"Vung Ro, Vietnam",cptt-1631,Manila,bau,"Manila, Philippines [harmonics_ticon4_worldwide.txt]",Flach behalten,8.48,7.76,,,,,0.202,0.184,Wahrheit ok,schreiben
harmonics_noaa_cptt.txt,"Cang Bac Van Phong, Vietnam",cptt-1633,Manila,bau,"Manila, Philippines [harmonics_ticon4_worldwide.txt]",Flach behalten,8.83,8.11,,,,,0.202,0.184,Wahrheit ok,schreiben
harmonics_noaa_cptt.txt,"Mui Dinh, Vietnam",cptt-1639,Manila,bau,"Manila, Philippines [harmonics_ticon4_worldwide.txt]",Flach behalten,11.5,11.03,,,,,0.214,0.194,Wahrheit ok,schreiben
harmonics_noaa_cptt.txt,"Mui La Gan, Vietnam",cptt-1641,Manila,bau,"Manila, Philippines [harmonics_ticon4_worldwide.txt]",Flach behalten,13.08,12.14,,,,,0.244,0.221,Wahrheit ok,schreiben
harmonics_noaa_cptt.txt,"Phu Quy, Vietnam",cptt-1643,Manila,bau,"Manila, Philippines [harmonics_ticon4_worldwide.txt]",Flach behalten,14.39,13.37,,,,,0.202,0.184,Wahrheit ok,schreiben
harmonics_noaa_cptt.txt,"Phan Thiet, Vietnam",cptt-1645,Manila,bau,"Manila, Philippines [harmonics_ticon4_worldwide.txt]",Flach behalten,15.92,15.18,,,,,0.256,0.232,Wahrheit ok,schreiben
harmonics_noaa_cptt.txt,"Mui Ke Ga, Vietnam",cptt-1647,Mui Vung Tau,behalten,,,,,,,,,,,,behalten (Gruppe am Pruefstand schlechter)
harmonics_noaa_cptt.txt,"Hai dang Ba Kiem, Vietnam",cptt-1649,Mui Vung Tau,behalten,,,,,,,,,,,,behalten (Gruppe am Pruefstand schlechter)
harmonics_noaa_cptt.txt,"Coral Bank, Tien Giang, Vietnam",cptt-1653,Mui Vung Tau,behalten,,,,,,,,,,,,behalten (Gruppe am Pruefstand schlechter)
harmonics_noaa_cptt.txt,"Ho Chi Minh City, Tien Giang, Vietnam",cptt-1655,Mui Vung Tau,behalten,,,,,,,,,,,,behalten (Gruppe am Pruefstand schlechter)
harmonics_noaa_cptt.txt,"Nha Be River entrance, Tien Giang, Vietnam",cptt-1657,Mui Vung Tau,behalten,,,,,,,,,,,,behalten (Gruppe am Pruefstand schlechter)
harmonics_noaa_cptt.txt,"Cua Tieu entrance, Tien Giang, Vietnam",cptt-1659,Mui Vung Tau,behalten,,,,,,,,,,,,behalten (Gruppe am Pruefstand schlechter)
harmonics_noaa_cptt.txt,"Hau Giang River entrance, Tien Giang, Vietnam",cptt-1663,Mui Vung Tau,bau (ohne Pruefstand),"Vung Tau, Vietnam [harmonics_utide_observations.txt]",Flach behalten,,,,,,,0.585,0.773,,offen (ohne Beleg)
harmonics_noaa_cptt.txt,"Con Son, Tien Giang, Vietnam",cptt-1667,Mui Vung Tau,bau (ohne Pruefstand),"Vung Tau, Vietnam [harmonics_utide_observations.txt]",Flach behalten,,,,,4.95,5.72,0.585,0.773,Nachbarn schlechter,behalten (Beleg schlechter)
harmonics_noaa_cptt.txt,"Cau Lon River entrance, Vietnam",cptt-1669,Mui Vung Tau,behalten,,,,,,,,,,,,behalten (Gruppe am Pruefstand schlechter)
harmonics_noaa_cptt.txt,"Pulau Panjang, Gulf of Siam, Vietnam",cptt-1671,Mui Vung Tau,behalten,,,,,,,,,,,,behalten (Gruppe am Pruefstand schlechter)
harmonics_noaa_cptt.txt,"Hon Rai (Gulf of Siam), Vietnam",cptt-1673,Mui Vung Tau,behalten,,,,,,,,,,,,behalten (Gruppe am Pruefstand schlechter)
harmonics_noaa_cptt.txt,"Ha Tien, Tien Giang, Vietnam",cptt-1675,Musi River,gewaehlt,"Sungai Palembang (Outer Bar), Indonesia [harmonics_att_np203_scs.txt]",Flach behalten,17.65,12.86,,,,,0.075,0.081,Wahrheit ok,schreiben
harmonics_noaa_cptt.txt,"Phumi Phsar Ream Bay, Vietnam",cptt-1677,Do Son,gewaehlt,"Do Son, Vietnam [harmonics_att_np203_scs.txt]",Flach behalten,18.91,14.88,,,,,0.014,0.01,Wahrheit ok,schreiben
harmonics_noaa_cptt.txt,"Cone Island, Vietnam",cptt-1679,Manila,bau,"Manila, Philippines [harmonics_ticon4_worldwide.txt]",Flach behalten,11.78,11.21,,,,,0.19,0.173,Wahrheit ok,schreiben
harmonics_noaa_cptt.txt,"Pulau Bukum, Indonesia",cptt-1705,Singapore,gewaehlt,"Sembawang, Singapore [harmonics_ticon4_worldwide.txt]",Flach weg,6.15,4.98,,,,,0.9,0.805,Wahrheit ok,schreiben
harmonics_noaa_cptt.txt,"Bandaraya Melaka, Malaysia",cptt-1707,Singapore,gewaehlt,"Sembawang, Singapore [harmonics_ticon4_worldwide.txt]",Flach weg,14.55,13.46,,,,,0.649,0.581,Wahrheit ok,schreiben
harmonics_noaa_cptt.txt,"Pelabuhan Klang, Malaysia",cptt-1709,Singapore,gewaehlt,"Sembawang, Singapore [harmonics_ticon4_worldwide.txt]",Flach weg,11.26,9.62,,,,,1.416,1.267,Wahrheit ok,schreiben
harmonics_noaa_cptt.txt,"Bagan Datuk (Sungai Perak), Malaysia",cptt-1711,Singapore,gewaehlt,"Sembawang, Singapore [harmonics_ticon4_worldwide.txt]",Flach weg,8.06,6.85,,,,,0.856,0.766,Wahrheit ok,schreiben
harmonics_noaa_cptt.txt,"Lumut (Sungai Dinding), Malaysia",cptt-1713,Singapore,gewaehlt,"Sembawang, Singapore [harmonics_ticon4_worldwide.txt]",Flach weg,7.56,6.68,,,,,0.708,0.634,Wahrheit ok,schreiben
harmonics_noaa_cptt.txt,"George Town (Selat Pulau Pinang), Malaysia",cptt-1715,Belawan Channel,bau,"Belawan, Indonesia [harmonics_utide_tidetables.txt]",Flach behalten,8.7,8.46,,,,,0.631,0.564,Wahrheit ok,schreiben
harmonics_noaa_cptt.txt,"Ko Lela, Satun, Thailand",cptt-1717,Belawan Channel,bau,"Belawan, Indonesia [harmonics_utide_tidetables.txt]",Flach behalten,5.51,4.63,,,,,0.924,0.826,Wahrheit ok,schreiben
harmonics_noaa_cptt.txt,"Banda Aceh (Ulee Lheue), Sumatra, Indonesia",cptt-1725,Davao,bau,"Davao, Philippines [harmonics_ticon4_worldwide.txt]",Flach behalten,3.22,3.39,,,,,0.444,0.392,Wahrheit ok,schreiben
harmonics_noaa_cptt.txt,"Sigli, Sumatra, Indonesia",cptt-1727,Davao,bau,"Davao, Philippines [harmonics_ticon4_worldwide.txt]",Flach behalten,4.27,3.93,,,,,0.385,0.34,Wahrheit ok,schreiben
harmonics_noaa_cptt.txt,"Lhokseumawe, Sumatra, Indonesia",cptt-1729,Davao,bau,"Davao, Philippines [harmonics_ticon4_worldwide.txt]",Flach behalten,5.61,5.86,,,,,0.503,0.445,Wahrheit ok,schreiben
harmonics_noaa_cptt.txt,"Idi, Sumatra, Indonesia",cptt-1731,Davao,bau,"Davao, Philippines [harmonics_ticon4_worldwide.txt]",Flach behalten,2.79,2.09,,,,,0.503,0.445,Wahrheit ok,schreiben
harmonics_noaa_cptt.txt,"Langsa Bay, Sumatra, Indonesia",cptt-1733,Davao,bau,"Davao, Philippines [harmonics_ticon4_worldwide.txt]",Flach behalten,3.55,2.67,,,,,0.622,0.549,Wahrheit ok,schreiben
harmonics_noaa_cptt.txt,"Sembilan Channel, Aroe Bay, Sumatra, Indonesia",cptt-1735,Belawan Channel,gewaehlt,"Belawan Channel, Indonesia [harmonics_att_np203_scs.txt]",Flach behalten,4.58,1.15,,,,,0.69,0.637,Wahrheit ok,schreiben
harmonics_noaa_cptt.txt,"Tanjong Tiram, Sumatra, Indonesia",cptt-1739,Belawan Channel,gewaehlt,"Belawan Channel, Indonesia [harmonics_att_np203_scs.txt]",Flach behalten,5.99,2.85,,,,,0.748,0.691,Wahrheit ok,schreiben
harmonics_noaa_cptt.txt,"Asahan River entrance, Sumatra, Indonesia",cptt-1741,Mergui,bau,"Mergui (Myeik), Myanmar [harmonics-1997-05-25_mod.txt]",Flach behalten,5.72,5.68,,,,,1.065,0.986,Wahrheit ok,schreiben
harmonics_noaa_cptt.txt,"Berembang, Sungi Panai, Sumatra, Indonesia",cptt-1743,Mergui,gewaehlt,"Mergui (Myeik), Myanmar [harmonics_att_np203_scs.txt]",Flach behalten,3.25,2.31,,,,,1.24,1.145,Wahrheit ok,schreiben
harmonics_noaa_cptt.txt,"Labuhanbilik, Sungai Panai, Sumatra, Indonesia",cptt-1745,Mergui,gewaehlt,"Mergui (Myeik), Myanmar [harmonics_att_np203_scs.txt]",Flach behalten,3.78,2.49,,,,,1.313,1.212,Wahrheit ok,schreiben
harmonics_noaa_cptt.txt,"Bagan-siapiapi, Sungi Rokan, Sumatra, Indonesia",cptt-1747,Mergui,gewaehlt,"Mergui (Myeik), Myanmar [harmonics_att_np203_scs.txt]",Flach behalten,6.84,5.58,,,,,1.794,1.657,Wahrheit ok,schreiben
harmonics_noaa_cptt.txt,"Bengkalis, Sumatra, Indonesia",cptt-1749,Ch’ang Chiang Approach,gewaehlt,"Luhuashan, Zhejiang, China [harmonics_utide_tidetables.txt]",Flach weg,7.73,7.46,,,,,0.836,0.772,Wahrheit ok,schreiben
harmonics_noaa_cptt.txt,"Siak River entrance, Sumatra, Indonesia",cptt-1751,Ch’ang Chiang Approach,gewaehlt,"Luhuashan, Zhejiang, China [harmonics_utide_tidetables.txt]",Flach weg,7.8,7.43,,,,,0.761,0.703,Wahrheit ok,schreiben
harmonics_noaa_cptt.txt,"Selat-pandjang, Sumatra, Indonesia",cptt-1753,Ch’ang Chiang Approach,gewaehlt,"Luhuashan, Zhejiang, China [harmonics_utide_tidetables.txt]",Flach weg,4.99,5.99,,,,,1.105,1.021,Wahrheit schlechter,behalten (Beleg schlechter)
harmonics_noaa_cptt.txt,"Balai Point, Gelam Strait, Sumatra, Indonesia",cptt-1755,Davao,bau,"Davao, Philippines [harmonics_ticon4_worldwide.txt]",Flach behalten,5.17,4.76,,,,,0.859,0.759,Wahrheit ok,schreiben
harmonics_noaa_cptt.txt,"Pulo Kenipaan, Gelam Strait, Sumatra, Indonesia",cptt-1757,Davao,bau,"Davao, Philippines [harmonics_ticon4_worldwide.txt]",Flach behalten,7.33,7.96,,,,,0.992,0.876,Wahrheit schlechter,behalten (Beleg schlechter)
harmonics_noaa_cptt.txt,"Bandung, Pulo Mendol, Sumatra, Indonesia",cptt-1759,Davao,bau,"Davao, Philippines [harmonics_ticon4_worldwide.txt]",Flach behalten,7.54,6.93,,,,,1.11,0.981,Wahrheit ok,schreiben
harmonics_noaa_cptt.txt,"Pulo Muda, Kampar River, Sumatra, Indonesia",cptt-1761,Davao,bau,"Davao, Philippines [harmonics_ticon4_worldwide.txt]",Flach behalten,,,,,,,1.362,1.203,Gruppe lokal n=3 -0.41 Punkte,schreiben (Gruppenbeleg lokal)
harmonics_noaa_cptt.txt,"Bojan, Bulan Strait, Indonesia",cptt-1763,Kamaisi,gewaehlt,"Kamaisi, Iwate, Japan [harmonics_ticon4_worldwide.txt]",Flach behalten,9.28,8.35,,,,,0.421,0.38,Wahrheit ok,schreiben
harmonics_noaa_cptt.txt,"Oeban Point, Bintan Island, Indonesia",cptt-1765,Kamaisi,gewaehlt,"Kamaisi, Iwate, Japan [harmonics_ticon4_worldwide.txt]",Flach behalten,9.42,8.45,,,,,0.603,0.543,Wahrheit ok,schreiben
harmonics_noaa_cptt.txt,"Tandjungpinang, Bintan Island, Indonesia",cptt-1767,Kamaisi,gewaehlt,"Kamaisi, Iwate, Japan [harmonics_ticon4_worldwide.txt]",Flach behalten,8.67,7.72,,,,,0.44,0.397,Wahrheit ok,schreiben
harmonics_noaa_cptt.txt,"Dendang, Kidjang Strait, Indonesia",cptt-1769,Kamaisi,gewaehlt,"Kamaisi, Iwate, Japan [harmonics_ticon4_worldwide.txt]",Flach behalten,7.45,6.73,,,,,0.43,0.388,Wahrheit ok,schreiben
harmonics_noaa_cptt.txt,"Pulo Beralas, Berhala Strait, Indonesia",cptt-1773,Mui Vung Tau,behalten,,,,,,,,,,,,behalten (Gruppe am Pruefstand schlechter)
harmonics_noaa_cptt.txt,"Kwala Ladjau, Indragiri River, Indonesia",cptt-1775,Mui Vung Tau,behalten,,,,,,,,,,,,behalten (Gruppe am Pruefstand schlechter)
harmonics_noaa_cptt.txt,"Tembilahan, Indragiri River, Indonesia",cptt-1777,Mui Vung Tau,behalten,,,,,,,,,,,,behalten (Gruppe am Pruefstand schlechter)
harmonics_noaa_cptt.txt,"Kwala Niur, Indonesia",cptt-1779,Mui Vung Tau,behalten,,,,,,,,,,,,behalten (Gruppe am Pruefstand schlechter)
harmonics_noaa_cptt.txt,"Tandjung Butun, Linga Island, Indonesia",cptt-1781,Musi River,gewaehlt,"Sungai Palembang (Outer Bar), Indonesia [harmonics_att_np203_scs.txt]",Flach behalten,13.09,12.64,,,,,0.181,0.196,Wahrheit ok,schreiben
harmonics_noaa_cptt.txt,"Kotadabok, Singkep Island, Indonesia",cptt-1783,Musi River,gewaehlt,"Sungai Palembang (Outer Bar), Indonesia [harmonics_att_np203_scs.txt]",Flach behalten,12.05,11.14,,,,,0.181,0.196,Wahrheit ok,schreiben
harmonics_noaa_cptt.txt,"Pulo Berhala, Berhala Strait, Indonesia",cptt-1785,Musi River,gewaehlt,"Sungai Palembang (Outer Bar), Indonesia [harmonics_att_np203_scs.txt]",Flach behalten,14.45,14.47,,,,,0.253,0.274,Wahrheit ok,schreiben
harmonics_noaa_cptt.txt,"Chebia, Tudjuh Islands, Indonesia",cptt-1787,Musi River,gewaehlt,"Sungai Palembang (Outer Bar), Indonesia [harmonics_att_np203_scs.txt]",Flach behalten,6.21,4.02,,,,,0.191,0.207,Wahrheit ok,schreiben
harmonics_noaa_cptt.txt,"Sungai Merawang ent., Bangka Island, Indonesia",cptt-1789,Musi River,gewaehlt,"Sungai Palembang (Outer Bar), Indonesia [harmonics_att_np203_scs.txt]",Flach behalten,9.18,9.21,,,,,0.143,0.155,Wahrheit ok,schreiben
harmonics_noaa_cptt.txt,"Klabat Bay, Bangka Island, Indonesia",cptt-1791,Musi River,gewaehlt,"Sungai Palembang (Outer Bar), Indonesia [harmonics_att_np203_scs.txt]",Flach behalten,10.36,6.43,,,,,0.201,0.218,Wahrheit ok,schreiben
harmonics_noaa_cptt.txt,"Sungai Kampa, Bangka Island, Indonesia",cptt-1793,Musi River,gewaehlt,"Sungai Palembang (Outer Bar), Indonesia [harmonics_att_np203_scs.txt]",Flach behalten,6.02,2.48,,,,,0.235,0.255,Wahrheit ok,schreiben
harmonics_noaa_cptt.txt,"Soengsang, Palembang River, Indonesia",cptt-1797,Musi River,gewaehlt,"Sungai Palembang (Outer Bar), Indonesia [harmonics_att_np203_scs.txt]",Flach behalten,7.91,2.92,,,,,0.256,0.277,Wahrheit ok,schreiben
harmonics_noaa_cptt.txt,"Peradjin, Palembang River, Indonesia",cptt-1799,Musi River,gewaehlt,"Sungai Palembang (Outer Bar), Indonesia [harmonics_att_np203_scs.txt]",Flach behalten,7.72,3.59,,,,,0.208,0.226,Wahrheit ok,schreiben
harmonics_noaa_cptt.txt,"Palembang, Palembang River, Indonesia",cptt-1801,Musi River,gewaehlt,"Sungai Palembang (Outer Bar), Indonesia [harmonics_att_np203_scs.txt]",Flach behalten,,,,,,,0.195,0.211,Gruppe lokal n=11 -2.94 Punkte,schreiben (Gruppenbeleg lokal)
harmonics_noaa_cptt.txt,"Tandjung Kelian, Bangka Strait, Indonesia",cptt-1803,Musi River,gewaehlt,"Sungai Palembang (Outer Bar), Indonesia [harmonics_att_np203_scs.txt]",Flach behalten,5.59,2.65,,,,,0.253,0.274,Wahrheit ok,schreiben
harmonics_noaa_cptt.txt,"Muntok, Bangka Island, Indonesia",cptt-1805,Musi River,gewaehlt,"Sungai Palembang (Outer Bar), Indonesia [harmonics_att_np203_scs.txt]",Flach behalten,,,,,,,0.259,0.281,Gruppe lokal n=12 -2.59 Punkte,schreiben (Gruppenbeleg lokal)
harmonics_noaa_cptt.txt,"Nangka Island, Bangka Strait, Indonesia",cptt-1807,Musi River,gewaehlt,"Sungai Palembang (Outer Bar), Indonesia [harmonics_att_np203_scs.txt]",Flach behalten,9.34,5.49,,,,,0.293,0.318,Wahrheit ok,schreiben
harmonics_noaa_cptt.txt,"Besar Island, Bangka Strait, Indonesia",cptt-1809,Musi River,gewaehlt,"Sungai Palembang (Outer Bar), Indonesia [harmonics_att_np203_scs.txt]",Flach behalten,10.57,8.32,,,,,0.198,0.215,Wahrheit ok,schreiben
harmonics_noaa_cptt.txt,"Dapur Island, Banka Island, Indonesia",cptt-1811,Surabaja Strait,gewaehlt,"Karang Jamuang, Indonesia [harmonics_att_np203_scs.txt]",Flach behalten,18.9,7.82,,,,,0.312,0.062,Wahrheit ok,schreiben
harmonics_noaa_cptt.txt,"Tjelaka, Liat Island, Indonesia",cptt-1813,Surabaja Strait,gewaehlt,"Karang Jamuang, Indonesia [harmonics_att_np203_scs.txt]",Flach behalten,17.12,4.42,,,,,0.325,0.065,Wahrheit ok,schreiben
harmonics_noaa_cptt.txt,"Tulangbawang River entrance, Java, Indonesia",cptt-1815,Surabaja Strait,gewaehlt,"Karang Jamuang, Indonesia [harmonics_att_np203_scs.txt]",Flach behalten,19.13,14.0,,,,,0.237,0.047,Wahrheit ok,schreiben
harmonics_noaa_cptt.txt,"Simedang Island, Indonesia",cptt-1817,Surabaja Strait,gewaehlt,"Karang Jamuang, Indonesia [harmonics_att_np203_scs.txt]",Flach behalten,16.48,4.57,,,,,0.251,0.05,Wahrheit ok,schreiben
harmonics_noaa_cptt.txt,"Tandjungpandan, Belitung Island, Indonesia",cptt-1819,Surabaja Strait,gewaehlt,"Karang Jamuang, Indonesia [harmonics_att_np203_scs.txt]",Flach behalten,17.45,4.25,,,,,0.352,0.07,Wahrheit ok,schreiben
harmonics_noaa_cptt.txt,"Langkuas Island, Indonesia",cptt-1821,Surabaja Strait,gewaehlt,"Karang Jamuang, Indonesia [harmonics_att_np203_scs.txt]",Flach behalten,17.88,4.83,,,,,0.305,0.061,Wahrheit ok,schreiben
harmonics_noaa_cptt.txt,"Bangkai Anchorage, Sebuku Island, Java, Indonesia",cptt-1823,Davao,bau,"Davao, Philippines [harmonics_ticon4_worldwide.txt]",Flach behalten,7.16,7.01,,,,,0.326,0.288,Wahrheit ok,schreiben
harmonics_noaa_cptt.txt,"Tulukbetung, Lampung Bay, Java, Indonesia",cptt-1825,Davao,bau,"Davao, Philippines [harmonics_ticon4_worldwide.txt]",Flach behalten,4.74,5.22,,,,,0.34,0.301,Wahrheit schlechter,behalten (Beleg schlechter)
harmonics_noaa_cptt.txt,"Kotaagung, Semangka Bay, Java, Indonesia",cptt-1827,Kutei River Ent.,gewaehlt,"Muara Bayor, Indonesia [harmonics_att_np203_scs.txt]",Flach behalten,5.84,5.09,,,,,0.302,0.289,Wahrheit ok,schreiben
harmonics_noaa_cptt.txt,"Enggano Bay, Enggano Island, Indonesia",cptt-1829,Kutei River Ent.,gewaehlt,"Muara Bayor, Indonesia [harmonics_att_np203_scs.txt]",Flach behalten,6.56,5.2,,,,,0.289,0.276,Wahrheit ok,schreiben
harmonics_noaa_cptt.txt,"Benkulu, Indonesia",cptt-1831,Kutei River Ent.,gewaehlt,"Muara Bayor, Indonesia [harmonics_att_np203_scs.txt]",Flach behalten,5.18,3.85,,,,,0.302,0.289,Wahrheit ok,schreiben
harmonics_noaa_cptt.txt,"Sawangtungku, North Pagai Island, Sumatra, Indonesia",cptt-1833,Kutei River Ent.,gewaehlt,"Muara Bayor, Indonesia [harmonics_att_np203_scs.txt]",Flach behalten,6.21,4.33,,,,,0.302,0.289,Wahrheit ok,schreiben
harmonics_noaa_cptt.txt,"Siberut Bay, Siberut Island, Sumatra, Indonesia",cptt-1835,Kutei River Ent.,gewaehlt,"Muara Bayor, Indonesia [harmonics_att_np203_scs.txt]",Flach behalten,4.39,2.66,,,,,0.289,0.276,Wahrheit ok,schreiben
harmonics_noaa_cptt.txt,"Padang, Sumatra, Indonesia",cptt-1837,Kutei River Ent.,gewaehlt,"Muara Bayor, Indonesia [harmonics_att_np203_scs.txt]",Flach behalten,2.97,3.24,,,,,0.341,0.326,Wahrheit ok,schreiben
harmonics_noaa_cptt.txt,"Telo Island, Batoe Islands, Nias, Indonesia",cptt-1839,Kutei River Ent.,gewaehlt,"Muara Bayor, Indonesia [harmonics_att_np203_scs.txt]",Flach behalten,3.56,2.4,,,,,0.236,0.226,Wahrheit ok,schreiben
harmonics_noaa_cptt.txt,"Ajerbangis, Sumatra, Indonesia",cptt-1841,Kutei River Ent.,gewaehlt,"Muara Bayor, Indonesia [harmonics_att_np203_scs.txt]",Flach behalten,4.32,3.58,,,,,0.262,0.251,Wahrheit ok,schreiben
harmonics_noaa_cptt.txt,"Natal, Sumatra, Indonesia",cptt-1843,Kutei River Ent.,gewaehlt,"Muara Bayor, Indonesia [harmonics_att_np203_scs.txt]",Flach behalten,4.69,4.01,,,,,0.262,0.251,Wahrheit ok,schreiben
harmonics_noaa_cptt.txt,"Telukdalem, Nias Island, Nias, Indonesia",cptt-1845,Kutei River Ent.,gewaehlt,"Muara Bayor, Indonesia [harmonics_att_np203_scs.txt]",Flach behalten,5.05,3.64,,,,,0.21,0.201,Wahrheit ok,schreiben
harmonics_noaa_cptt.txt,"Simanari Bay, Nias Island, Nias, Indonesia",cptt-1847,Kutei River Ent.,gewaehlt,"Muara Bayor, Indonesia [harmonics_att_np203_scs.txt]",Flach behalten,,,,,8.01,6.33,0.197,0.188,Nachbarn ok,schreiben
harmonics_noaa_cptt.txt,"Barus, Sumatra, Indonesia",cptt-1851,Kutei River Ent.,gewaehlt,"Muara Bayor, Indonesia [harmonics_att_np203_scs.txt]",Flach behalten,,,,,3.93,3.33,0.249,0.239,Nachbarn ok,schreiben
harmonics_noaa_cptt.txt,"Singkil, Sumatra, Indonesia",cptt-1853,Kutei River Ent.,gewaehlt,"Muara Bayor, Indonesia [harmonics_att_np203_scs.txt]",Flach behalten,4.64,4.13,,,,,0.21,0.201,Wahrheit ok,schreiben
harmonics_noaa_cptt.txt,"Sinabang Bay, Pulo Simalur, Sumatra, Indonesia",cptt-1855,Kutei River Ent.,gewaehlt,"Muara Bayor, Indonesia [harmonics_att_np203_scs.txt]",Flach behalten,5.08,5.62,,,,,0.131,0.126,Wahrheit schlechter,behalten (Beleg schlechter)
harmonics_noaa_cptt.txt,"Tapaktuan, Sumatra, Indonesia",cptt-1857,Kutei River Ent.,gewaehlt,"Muara Bayor, Indonesia [harmonics_att_np203_scs.txt]",Flach behalten,4.57,5.28,,,,,0.171,0.163,Wahrheit schlechter,behalten (Beleg schlechter)
harmonics_noaa_cptt.txt,"Meulaboh (Sumatra), Aceh, Indonesia",cptt-1859,Kutei River Ent.,gewaehlt,"Muara Bayor, Indonesia [harmonics_att_np203_scs.txt]",Flach behalten,7.02,7.94,10.6,12.6,,,0.105,0.1,"Wahrheit schlechter, Pegel schlechter",behalten (Beleg schlechter)
harmonics_noaa_cptt.txt,"Tjalang Bay, Sumatra, Indonesia",cptt-1861,Kutei River Ent.,gewaehlt,"Muara Bayor, Indonesia [harmonics_att_np203_scs.txt]",Flach behalten,,,,,,,0.144,0.138,Gruppe lokal n=4 +0.62 Punkte,behalten (Gruppe lokal schlechter)
harmonics_noaa_cptt.txt,"Pulau Rusa, Sumatra, Indonesia",cptt-1865,Kutei River Ent.,gewaehlt,"Muara Bayor, Indonesia [harmonics_att_np203_scs.txt]",Flach behalten,4.86,5.15,,,,,0.184,0.176,Wahrheit ok,schreiben
harmonics_noaa_cptt.txt,"Cirebon, Java, Indonesia",cptt-1869,Djakarta,gewaehlt,"Tanjung Priok, Indonesia [harmonics_att_np203_scs.txt]",Flach behalten,31.41,28.71,,,,,0.048,0.047,Wahrheit ok,schreiben
harmonics_noaa_cptt.txt,"Semarang, Java, Indonesia",cptt-1871,Djakarta,bau,"Jakarta, Java, Indonesia [harmonics_utide_observations.txt]",Flach behalten,21.92,22.59,,,,,0.043,0.046,Wahrheit schlechter,behalten (Beleg schlechter)
harmonics_noaa_cptt.txt,"Rembang, Java, Indonesia",cptt-1873,Surabaja Strait,gewaehlt,"Karang Jamuang, Indonesia [harmonics_att_np203_scs.txt]",Flach behalten,14.86,8.58,,,,,0.169,0.034,Wahrheit ok,schreiben
harmonics_noaa_cptt.txt,"Udjung Pangah, Java, Indonesia",cptt-1875,Surabaja Strait,gewaehlt,"Karang Jamuang, Indonesia [harmonics_att_np203_scs.txt]",Flach behalten,,,,,15.71,2.99,0.23,0.046,Nachbarn ok,schreiben
harmonics_noaa_cptt.txt,"Sembilangan, Surabaja Strait, Java, Indonesia",cptt-1879,Surabaja Strait,gewaehlt,"Karang Jamuang, Indonesia [harmonics_att_np203_scs.txt]",Flach behalten,7.32,8.83,,,,,0.264,0.053,Wahrheit schlechter,behalten (Beleg schlechter)
harmonics_noaa_cptt.txt,"Surabaja Strait, east entrance, Java, Indonesia",cptt-1883,Hong Kong,behalten,,,,,,,,,,,,behalten (Gruppe am Pruefstand schlechter)
harmonics_noaa_cptt.txt,"Pasuruan, Java, Indonesia",cptt-1885,Hong Kong,behalten,,,,,,,,,,,,behalten (Gruppe am Pruefstand schlechter)
harmonics_noaa_cptt.txt,"Gading, Madura Island, Java, Indonesia",cptt-1887,Hong Kong,behalten,,,,,,,,,,,,behalten (Gruppe am Pruefstand schlechter)
harmonics_noaa_cptt.txt,"Kalianget, Madura Island, Java, Indonesia",cptt-1889,Hong Kong,behalten,,,,,,,,,,,,behalten (Gruppe am Pruefstand schlechter)
harmonics_noaa_cptt.txt,"Sapudi Island, Sapudi Strait, Java, Indonesia",cptt-1891,Manila,bau,"Manila, Philippines [harmonics_ticon4_worldwide.txt]",Flach behalten,11.28,10.3,,,,,0.232,0.211,Wahrheit ok,schreiben
harmonics_noaa_cptt.txt,"Pulau Karangmas, Madura Strait, Bali, Indonesia",cptt-1893,Manila,bau,"Manila, Philippines [harmonics_ticon4_worldwide.txt]",Flach behalten,10.55,9.51,,,,,0.226,0.205,Wahrheit ok,schreiben
harmonics_noaa_cptt.txt,"Tabuan Island, Bali Strait, Bali, Indonesia",cptt-1895,Manila,bau,"Manila, Philippines [harmonics_ticon4_worldwide.txt]",Flach behalten,10.72,9.98,,,,,0.172,0.157,Wahrheit ok,schreiben
harmonics_noaa_cptt.txt,"Banjuwangi, Bali Strait, Bali, Indonesia",cptt-1897,Belawan Channel,bau,"Belawan, Indonesia [harmonics_utide_tidetables.txt]",Flach behalten,6.38,6.4,,,,,0.528,0.472,Wahrheit ok,schreiben
harmonics_noaa_cptt.txt,"Genteng Bay, Java, Indonesia",cptt-1901,Belawan Channel,gewaehlt,"Belawan Channel, Indonesia [harmonics_att_np203_scs.txt]",Flach behalten,7.53,6.81,,,,,0.396,0.366,Wahrheit ok,schreiben
harmonics_noaa_cptt.txt,"Labuhan, Sunda Strait, Java, Indonesia",cptt-1903,Belawan Channel,gewaehlt,"Belawan Channel, Indonesia [harmonics_att_np203_scs.txt]",Flach behalten,7.65,7.22,,,,,0.367,0.339,Wahrheit ok,schreiben
harmonics_noaa_cptt.txt,"Tandjung Tjikoneng, Sunda Strait, Java, Indonesia",cptt-1905,Belawan Channel,gewaehlt,"Belawan Channel, Indonesia [harmonics_att_np203_scs.txt]",Flach behalten,8.9,7.75,,,,,0.264,0.244,Wahrheit ok,schreiben
harmonics_noaa_cptt.txt,"Buleleng, Bali, Indonesia",cptt-1909,Hong Kong,bau,"Quarry Bay, Hong Kong, China [harmonics_utide_tidetables.txt]",Flach behalten,7.8,7.83,,,,,0.31,0.255,Wahrheit ok,schreiben
harmonics_noaa_cptt.txt,"Ampenan, Lombok, Indonesia",cptt-1911,Manila,bau,"Manila, Philippines [harmonics_ticon4_worldwide.txt]",Flach behalten,10.37,10.07,,,,,0.167,0.151,Wahrheit ok,schreiben
harmonics_noaa_cptt.txt,"Bima Bay, Sumba, Indonesia",cptt-1915,Shatt Al Arab,bau,"Khowr-e Musa Bar, Iran [harmonics_att_np203.txt]",Flach behalten,8.11,6.53,,,,,0.371,0.357,Wahrheit ok,schreiben
harmonics_noaa_cptt.txt,"Sape Bay, Sumba, Indonesia",cptt-1917,Shatt Al Arab,bau,"Khowr-e Musa Bar, Iran [harmonics_att_np203.txt]",Flach behalten,8.68,5.51,,,,,0.52,0.499,Wahrheit ok,schreiben
harmonics_noaa_cptt.txt,"Sendikari Bay, Sumba, Indonesia",cptt-1919,Belawan Channel,bau,"Belawan, Indonesia [harmonics_utide_tidetables.txt]",Flach behalten,7.12,6.51,,,,,0.983,0.878,Wahrheit ok,schreiben
harmonics_noaa_cptt.txt,"Nangamesi Bay, Sumba, Indonesia",cptt-1921,Belawan Channel,gewaehlt,"Belawan Channel, Indonesia [harmonics_att_np203_scs.txt]",Flach behalten,5.75,3.72,,,,,0.88,0.813,Wahrheit ok,schreiben
harmonics_noaa_cptt.txt,"Tuluk Perapat, Sumba, Indonesia",cptt-1923,Belawan Channel,bau,"Belawan, Indonesia [harmonics_utide_tidetables.txt]",Flach behalten,6.99,6.57,,,,,0.939,0.839,Wahrheit ok,schreiben
harmonics_noaa_cptt.txt,"Ende Bay, Sumba, Indonesia",cptt-1925,Belawan Channel,gewaehlt,"Belawan Channel, Indonesia [harmonics_att_np203_scs.txt]",Flach behalten,7.21,6.83,,,,,0.91,0.84,Wahrheit ok,schreiben
harmonics_noaa_cptt.txt,"Kalabahi, Indonesia",cptt-1927,Belawan Channel,gewaehlt,"Belawan Channel, Indonesia [harmonics_att_np203_scs.txt]",Flach behalten,6.51,4.45,,,,,0.748,0.691,Wahrheit ok,schreiben
harmonics_noaa_cptt.txt,"Kupang Bay, Indonesia",cptt-1929,Belawan Channel,bau,"Belawan, Indonesia [harmonics_utide_tidetables.txt]",Flach behalten,7.45,7.1,,,,,0.499,0.446,Wahrheit ok,schreiben
harmonics_noaa_cptt.txt,"Atapupu, Indonesia",cptt-1931,Belawan Channel,gewaehlt,"Belawan Channel, Indonesia [harmonics_att_np203_scs.txt]",Flach behalten,5.91,4.63,,,,,0.616,0.569,Wahrheit ok,schreiben
harmonics_noaa_cptt.txt,"Ritabel Bay, Larat Island, Yamdena, Indonesia",cptt-1933,Belawan Channel,bau,"Belawan, Indonesia [harmonics_utide_tidetables.txt]",Flach behalten,7.95,7.84,,,,,0.616,0.551,Wahrheit ok,schreiben
harmonics_noaa_cptt.txt,"Dobo, Wamar Island, Aru Islands, Indonesia",cptt-1935,Belawan Channel,bau,"Belawan, Indonesia [harmonics_utide_tidetables.txt]",Flach behalten,8.38,8.55,,,,,0.631,0.564,Wahrheit ok,schreiben
harmonics_noaa_cptt.txt,"Namlea, Kajeli Bay, Buru Island, Maluku, Indonesia",cptt-1941,Shatt Al Arab,bau,"Khowr-e Musa Bar, Iran [harmonics_att_np203.txt]",Flach behalten,9.01,6.27,,,,,0.356,0.342,Wahrheit ok,schreiben
harmonics_noaa_cptt.txt,"Taniwel, Seram Island, Maluku, Indonesia",cptt-1943,Shantou,bau (ohne Pruefstand),"Shantou (Han River), Guangdong, China [harmonics-1997-05-25_mod.txt]",Flach behalten,,,,,,,0.335,0.214,,offen (ohne Beleg)
harmonics_noaa_cptt.txt,"Sanana, Sula Sanana, Sula Islands, Indonesia",cptt-1945,Shantou,bau (ohne Pruefstand),"Shantou (Han River), Guangdong, China [harmonics-1997-05-25_mod.txt]",Flach behalten,,,,,,,0.335,0.214,,offen (ohne Beleg)
harmonics_noaa_cptt.txt,"Galela Bay, Halmahera Island, Indonesia",cptt-1947,Belawan Channel,bau (ohne Pruefstand),"Belawan, Indonesia [harmonics_utide_tidetables.txt]",Flach behalten,,,,,6.01,5.37,0.44,0.393,Nachbarn ok,schreiben
harmonics_noaa_cptt.txt,"Ternate, Halmahera Island, Indonesia",cptt-1949,Kutei River Ent.,bau (ohne Pruefstand),"Sungai Kutei, Indonesia [harmonics_utide_tidetables.txt]",Flach behalten,,,,,8.61,9.32,0.289,0.277,Nachbarn schlechter,behalten (Beleg schlechter)
harmonics_noaa_cptt.txt,"Taruna Bay, Sangi Island, Sulawesi, Indonesia",cptt-1951,Kutei River Ent.,bau (ohne Pruefstand),"Sungai Kutei, Indonesia [harmonics_utide_tidetables.txt]",Flach behalten,,,,,,,0.512,0.491,,offen (ohne Beleg)
harmonics_noaa_cptt.txt,"Kolaka, Gulf of Boni, Indonesia",cptt-1955,Shatt Al Arab,bau,"Khowr-e Musa Bar, Iran [harmonics_att_np203.txt]",Flach behalten,9.46,6.08,,,,,0.594,0.57,Wahrheit ok,schreiben
harmonics_noaa_cptt.txt,"Tampunawu, Muna Island, Indonesia",cptt-1957,Shatt Al Arab,bau,"Khowr-e Musa Bar, Iran [harmonics_att_np203.txt]",Flach behalten,7.76,4.64,,,,,0.609,0.585,Wahrheit ok,schreiben
harmonics_noaa_cptt.txt,"Lasolo Bay, Indonesia",cptt-1961,Shatt Al Arab,bau,"Khowr-e Musa Bar, Iran [harmonics_att_np203.txt]",Flach behalten,7.8,5.15,,,,,0.52,0.499,Wahrheit ok,schreiben
harmonics_noaa_cptt.txt,"Lingkobu, Indonesia",cptt-1963,Shantou,bau,"Shantou (Han River), Guangdong, China [harmonics-1997-05-25_mod.txt]",Flach behalten,9.14,6.72,,,,,0.518,0.331,Wahrheit ok,schreiben
harmonics_noaa_cptt.txt,"Teluk Lamala, Peling Strait, Indonesia",cptt-1965,Shantou,bau,"Shantou (Han River), Guangdong, China [harmonics-1997-05-25_mod.txt]",Flach behalten,8.86,6.45,,,,,0.304,0.194,Wahrheit ok,schreiben
harmonics_noaa_cptt.txt,"Poso, Indonesia",cptt-1967,Kutei River Ent.,gewaehlt,"Sungai Kutei, Borneo, Indonesia [harmonics-1997-05-25_mod.txt]",Flach behalten,3.98,4.34,,,,,0.276,0.264,Wahrheit schlechter,behalten (Beleg schlechter)
harmonics_noaa_cptt.txt,"Gorontalo River entrance, Sulawesi, Indonesia",cptt-1969,Jolo,bau,"Jolo, Philippines [harmonics_ticon4_worldwide.txt]",Flach behalten,29.8,28.71,,,,,0.187,0.176,Wahrheit ok,schreiben
harmonics_noaa_cptt.txt,"Manado, Sulawesi, Indonesia",cptt-1973,Kutei River Ent.,gewaehlt,"Muara Bayor, Indonesia [harmonics_att_np203_scs.txt]",Flach behalten,5.0,2.89,,,,,0.551,0.527,Wahrheit ok,schreiben
harmonics_noaa_cptt.txt,"Tolitoli Bay, Indonesia",cptt-1975,Kutei River Ent.,gewaehlt,"Muara Bayor, Indonesia [harmonics_att_np203_scs.txt]",Flach behalten,6.0,3.05,,,,,0.446,0.427,Wahrheit ok,schreiben
harmonics_noaa_cptt.txt,"Donggala, Borneo, Indonesia",cptt-1977,Kutei River Ent.,gewaehlt,"Muara Bayor, Indonesia [harmonics_att_np203_scs.txt]",Flach behalten,5.89,1.35,,,,,0.512,0.49,Wahrheit ok,schreiben
harmonics_noaa_cptt.txt,"Bakapit (Darvel Bay), Malaysia",cptt-1979,Kutei River Ent.,gewaehlt,"Muara Bayor, Indonesia [harmonics_att_np203_scs.txt]",Flach behalten,3.79,4.09,,,,,0.499,0.477,Wahrheit schlechter,behalten (Beleg schlechter)
harmonics_noaa_cptt.txt,"Tawau, Malaysia",cptt-1985,Kutei River Ent.,gewaehlt,"Muara Bayor, Indonesia [harmonics_att_np203_scs.txt]",Flach behalten,7.2,4.66,,,,,0.748,0.716,Wahrheit ok,schreiben
harmonics_noaa_cptt.txt,"Lingkas, Tarakan Island, Indonesia",cptt-1987,Kutei River Ent.,gewaehlt,"Muara Bayor, Indonesia [harmonics_att_np203_scs.txt]",Flach behalten,6.51,3.62,,,,,0.853,0.816,Wahrheit ok,schreiben
harmonics_noaa_cptt.txt,"Biwan Mouth, Kajan River, Indonesia",cptt-1989,Kutei River Ent.,gewaehlt,"Muara Bayor, Indonesia [harmonics_att_np203_scs.txt]",Flach behalten,7.46,3.63,,,,,0.787,0.753,Wahrheit ok,schreiben
harmonics_noaa_cptt.txt,"Tanjung Selor, Indonesia",cptt-1991,Kutei River Ent.,gewaehlt,"Muara Bayor, Indonesia [harmonics_att_np203_scs.txt]",Flach behalten,5.12,4.95,,,,,0.315,0.301,Wahrheit ok,schreiben
harmonics_noaa_cptt.txt,"Kasseimouth, Berau River, Indonesia",cptt-1993,Kutei River Ent.,gewaehlt,"Muara Bayor, Indonesia [harmonics_att_np203_scs.txt]",Flach behalten,,,,,,,0.827,0.791,Gruppe lokal n=6 -2.86 Punkte,schreiben (Gruppenbeleg lokal)
harmonics_noaa_cptt.txt,"Haji Bank, Beraoe River, Indonesia",cptt-1995,Kutei River Ent.,gewaehlt,"Muara Bayor, Indonesia [harmonics_att_np203_scs.txt]",Flach behalten,,,,,,,0.696,0.665,Gruppe lokal n=6 -2.86 Punkte,schreiben (Gruppenbeleg lokal)
harmonics_noaa_cptt.txt,"Miang Besar, Sangkulirang Bay, Borneo, Indonesia",cptt-1997,Kutei River Ent.,gewaehlt,"Muara Bayor, Indonesia [harmonics_att_np203_scs.txt]",Flach behalten,5.62,2.79,,,,,0.525,0.502,Wahrheit ok,schreiben
harmonics_noaa_cptt.txt,"Sangkulirang, Sangkulirang River, Borneo, Indonesia",cptt-1999,Kutei River Ent.,gewaehlt,"Muara Bayor, Indonesia [harmonics_att_np203_scs.txt]",Flach behalten,8.18,1.8,,,,,0.735,0.703,Wahrheit ok,schreiben
harmonics_noaa_cptt.txt,"Samarinda, Kutei River, Borneo, Indonesia",cptt-2003,Kutei River Ent.,gewaehlt,"Muara Bayor, Indonesia [harmonics_att_np203_scs.txt]",Flach behalten,4.73,4.29,,,,,0.42,0.402,Wahrheit ok,schreiben
harmonics_noaa_cptt.txt,"Balik Papan, Borneo, Indonesia",cptt-2005,Kutei River Ent.,gewaehlt,"Muara Bayor, Indonesia [harmonics_att_np203_scs.txt]",Flach behalten,10.57,5.17,,,,,0.682,0.653,Wahrheit ok,schreiben
harmonics_noaa_cptt.txt,"Tanahgrogot, Pasir River, Borneo, Indonesia",cptt-2007,Kutei River Ent.,gewaehlt,"Muara Bayor, Indonesia [harmonics_att_np203_scs.txt]",Flach behalten,2.31,2.41,,,,,0.709,0.678,Wahrheit ok,schreiben
harmonics_noaa_cptt.txt,"Aru Bank, Borneo, Indonesia",cptt-2009,Kutei River Ent.,gewaehlt,"Muara Bayor, Indonesia [harmonics_att_np203_scs.txt]",Flach behalten,11.85,13.81,,,,,0.197,0.188,Wahrheit schlechter,behalten (Beleg schlechter)
harmonics_noaa_cptt.txt,"Pamukan Bay, Borneo, Indonesia",cptt-2011,Kutei River Ent.,gewaehlt,"Muara Bayor, Indonesia [harmonics_att_np203_scs.txt]",Flach behalten,,,,,6.63,3.44,0.643,0.615,Nachbarn ok,schreiben
harmonics_noaa_cptt.txt,"Klumpeng Bay, Borneo, Indonesia",cptt-2013,Kutei River Ent.,gewaehlt,"Muara Bayor, Indonesia [harmonics_att_np203_scs.txt]",Flach behalten,11.79,9.2,,,,,0.577,0.552,Wahrheit ok,schreiben
harmonics_noaa_cptt.txt,"Kampung Baru, Laut Strait, Borneo, Indonesia",cptt-2015,Kutei River Ent.,gewaehlt,"Muara Bayor, Indonesia [harmonics_att_np203_scs.txt]",Flach behalten,9.14,10.58,,,,,0.446,0.427,Wahrheit schlechter,behalten (Beleg schlechter)
harmonics_noaa_cptt.txt,"Banjermasin, Martapura River, Borneo, Indonesia",cptt-2019,Barito River,gewaehlt,"Sungai Barito (Outer Bar), Indonesia [harmonics_att_np203_scs.txt]",Flach behalten,9.52,0.88,,,,,0.327,0.317,Wahrheit ok,schreiben
harmonics_noaa_cptt.txt,"Pangkoh, Kahajan River, Borneo, Indonesia",cptt-2021,Barito River,gewaehlt,"Sungai Barito (Outer Bar), Indonesia [harmonics_att_np203_scs.txt]",Flach behalten,12.18,5.9,,,,,0.333,0.323,Wahrheit ok,schreiben
harmonics_noaa_cptt.txt,"Pegatan, Mendawai River, Borneo, Indonesia",cptt-2023,Barito River,gewaehlt,"Sungai Barito (Outer Bar), Indonesia [harmonics_att_np203_scs.txt]",Flach behalten,15.06,6.5,,,,,0.375,0.363,Wahrheit ok,schreiben
harmonics_noaa_cptt.txt,"Sampit Bay, Borneo, Indonesia",cptt-2025,Barito River,gewaehlt,"Sungai Barito (Outer Bar), Indonesia [harmonics_att_np203_scs.txt]",Flach behalten,13.97,5.7,,,,,0.393,0.38,Wahrheit ok,schreiben
harmonics_noaa_cptt.txt,"Pembuang River entrance, Borneo, Indonesia",cptt-2027,Barito River,gewaehlt,"Sungai Barito (Outer Bar), Indonesia [harmonics_att_np203_scs.txt]",Flach behalten,16.77,8.39,,,,,0.226,0.219,Wahrheit ok,schreiben
harmonics_noaa_cptt.txt,"Sungai Aru Tobal, Kumai Bay, Indonesia",cptt-2029,Jolo,bau,"Jolo, Philippines [harmonics_ticon4_worldwide.txt]",Flach behalten,14.18,13.33,,,,,0.206,0.194,Wahrheit ok,schreiben
harmonics_noaa_cptt.txt,"Lurah, Kota Waringin River entrance, Indonesia",cptt-2031,Jolo,bau,"Jolo, Philippines [harmonics_ticon4_worldwide.txt]",Flach behalten,15.52,14.77,,,,,0.2,0.188,Wahrheit ok,schreiben
harmonics_noaa_cptt.txt,"Djelai River entrance, Indonesia",cptt-2033,Jolo,bau,"Jolo, Philippines [harmonics_ticon4_worldwide.txt]",Flach behalten,16.11,15.23,,,,,0.103,0.097,Wahrheit ok,schreiben
harmonics_noaa_cptt.txt,"Pawan River entrance, Indonesia",cptt-2035,Djakarta,gewaehlt,"Tanjung Priok, Indonesia [harmonics_att_np203_scs.txt]",Flach behalten,9.9,9.43,,,,,0.111,0.11,Wahrheit ok,schreiben
harmonics_noaa_cptt.txt,"Sukadana, Sukadana Bay, Indonesia",cptt-2037,Djakarta,gewaehlt,"Tanjung Priok, Indonesia [harmonics_att_np203_scs.txt]",Flach behalten,8.27,9.05,,,,,0.116,0.115,Wahrheit schlechter,behalten (Beleg schlechter)
harmonics_noaa_cptt.txt,"Pontianak, Little Kapuas River, Borneo, Indonesia",cptt-2039,Musi River,gewaehlt,"Sungai Palembang (Outer Bar), Indonesia [harmonics_att_np203_scs.txt]",Flach behalten,7.07,3.56,,,,,0.096,0.104,Wahrheit ok,schreiben
harmonics_noaa_cptt.txt,"Kapuas-ketjil River entrance, Borneo, Indonesia",cptt-2041,Musi River,gewaehlt,"Sungai Palembang (Outer Bar), Indonesia [harmonics_att_np203_scs.txt]",Flach behalten,7.95,3.66,,,,,0.123,0.133,Wahrheit ok,schreiben
harmonics_noaa_cptt.txt,"Pamangkat, Sambas-besar River, Borneo, Indonesia",cptt-2043,Cebu,behalten,,,,,,,,,,,,behalten (Gruppe am Pruefstand schlechter)
harmonics_noaa_cptt.txt,"Tandjung Datu, Borneo, Indonesia",cptt-2045,Darwin,bau,"Darwin, Northern Territory, Australia [harmonics_utide_observations.txt]",Flach behalten,4.55,5.07,,,,,0.895,0.852,Wahrheit schlechter,behalten (Beleg schlechter)
harmonics_noaa_cptt.txt,"Kuching (Sungai Sarawak), Malaysia",cptt-2047,Darwin,bau,"Darwin, Northern Territory, Australia [harmonics_utide_observations.txt]",Flach behalten,4.59,4.72,,,,,1.4,1.333,Wahrheit ok,schreiben
harmonics_noaa_cptt.txt,"Pulau Lakei (Sungai Sarawak), Malaysia",cptt-2049,Darwin,bau,"Darwin, Northern Territory, Australia [harmonics_utide_observations.txt]",Flach behalten,3.37,4.12,,,,,1.241,1.182,Wahrheit schlechter,behalten (Beleg schlechter)
harmonics_noaa_cptt.txt,"Kuala Similajau, Malaysia",cptt-2051,Manila,bau,"Manila, Philippines [harmonics_ticon4_worldwide.txt]",Flach behalten,14.15,13.41,,,,,0.22,0.2,Wahrheit ok,schreiben
harmonics_noaa_cptt.txt,"Kuala Niah, Malaysia",cptt-2053,Manila,bau,"Manila, Philippines [harmonics_ticon4_worldwide.txt]",Flach behalten,9.47,8.88,,,,,0.22,0.2,Wahrheit ok,schreiben
harmonics_noaa_cptt.txt,"Tanjung Sapo, Brunei",cptt-2059,Manila,bau,"Manila, Philippines [harmonics_ticon4_worldwide.txt]",Flach behalten,9.84,8.69,,,,,0.291,0.265,Wahrheit ok,schreiben
harmonics_noaa_cptt.txt,"Sipitang, Brunei Bay, Malaysia",cptt-2061,Manila,bau,"Manila, Philippines [harmonics_ticon4_worldwide.txt]",Flach behalten,9.12,7.91,,,,,0.279,0.254,Wahrheit ok,schreiben
harmonics_noaa_cptt.txt,"Kuala Papar (Kimanis Bay), Malaysia",cptt-2065,Manila,bau,"Manila, Philippines [harmonics_ticon4_worldwide.txt]",Flach behalten,7.99,6.83,,,,,0.232,0.211,Wahrheit ok,schreiben
harmonics_noaa_cptt.txt,"Kudat (Marudu Bay), Malaysia",cptt-2069,Manila,bau,"Manila, Philippines [harmonics_ticon4_worldwide.txt]",Flach behalten,9.44,8.45,11.7,9.1,,,0.268,0.243,"Wahrheit ok, Pegel ok",schreiben
harmonics_noaa_cptt.txt,"Pulau Tigabu, Malaysia",cptt-2071,Cebu,behalten,,,,,,,,,,,,behalten (Gruppe am Pruefstand schlechter)
harmonics_noaa_cptt.txt,"Pulau Lankayan, Malaysia",cptt-2073,Cebu,behalten,,,,,,,,,,,,behalten (Gruppe am Pruefstand schlechter)
harmonics_noaa_cptt.txt,"Tumindao Channel, Tawi-Tawi, Philippines",cptt-2077,Davao,behalten,,,,,,,,,,,,behalten (Gruppe am Pruefstand schlechter)
harmonics_noaa_cptt.txt,"Port Bongao, Tawitawi Island, Tawi-Tawi, Philippines",cptt-2079,Davao,behalten,,,,,,,,,,,,behalten (Gruppe am Pruefstand schlechter)
harmonics_noaa_cptt.txt,"Batu Batu Bay, Tawitawi Island, Tawi-Tawi, Philippines",cptt-2081,Davao,behalten,,,,,,,,,,,,behalten (Gruppe am Pruefstand schlechter)
harmonics_noaa_cptt.txt,"Banaran Island, Tawi-Tawi, Philippines",cptt-2083,Davao,bau,"Davao, Philippines [harmonics_ticon4_worldwide.txt]",Flach behalten,,,,,,,0.613,0.529,Gruppe lokal n=6 +0.19 Punkte,behalten (Gruppe lokal schlechter)
harmonics_noaa_cptt.txt,"Gallo Malo Channel, south entrance, Tawi-Tawi, Philippines",cptt-2085,Davao,bau,"Davao, Philippines [harmonics_ticon4_worldwide.txt]",Flach behalten,3.71,5.03,,,,,0.652,0.562,Wahrheit schlechter,behalten (Beleg schlechter)
harmonics_noaa_cptt.txt,"Tandugan Channel, Tawitawi Island, Tawi-Tawi, Philippines",cptt-2087,Davao,bau,"Davao, Philippines [harmonics_ticon4_worldwide.txt]",Flach behalten,8.43,8.62,,,,,0.434,0.375,Wahrheit ok,schreiben
harmonics_noaa_cptt.txt,"South Ubian Usland, Tawi-Tawi, Philippines",cptt-2089,Davao,bau,"Davao, Philippines [harmonics_ticon4_worldwide.txt]",Flach behalten,9.87,10.06,,,,,0.332,0.287,Wahrheit ok,schreiben
harmonics_noaa_cptt.txt,"Maimbung, Jolo Island, Zamboanga del Sur, Philippines",cptt-2091,Davao,bau,"Davao, Philippines [harmonics_ticon4_worldwide.txt]",Flach behalten,8.12,8.51,,,,,0.409,0.353,Wahrheit schlechter,behalten (Beleg schlechter)
harmonics_noaa_cptt.txt,"Tataan Pass, Tawitawi Island, Tawi-Tawi, Philippines",cptt-2093,Jolo,bau,"Jolo, Philippines [harmonics_ticon4_worldwide.txt]",Flach behalten,,,,,,,0.154,0.145,Gruppe lokal n=7 -0.84 Punkte,schreiben (Gruppenbeleg lokal)
harmonics_noaa_cptt.txt,"Basbas Channel, Tawitawi Island, Tawi-Tawi, Philippines",cptt-2095,Jolo,bau,"Jolo, Philippines [harmonics_ticon4_worldwide.txt]",Flach behalten,6.98,6.21,,,,,0.161,0.151,Wahrheit ok,schreiben
harmonics_noaa_cptt.txt,"Lahatlahat Island, Tawi-Tawi, Philippines",cptt-2097,Jolo,bau,"Jolo, Philippines [harmonics_ticon4_worldwide.txt]",Flach behalten,8.03,7.01,,,,,0.167,0.157,Wahrheit ok,schreiben
harmonics_noaa_cptt.txt,"Pearl Bank, Tawi-Tawi, Philippines",cptt-2099,Jolo,bau,"Jolo, Philippines [harmonics_ticon4_worldwide.txt]",Flach behalten,12.13,11.31,,,,,0.219,0.206,Wahrheit ok,schreiben
harmonics_noaa_cptt.txt,"Pangutaran Island, Tawi-Tawi, Philippines",cptt-2101,Jolo,bau,"Jolo, Philippines [harmonics_ticon4_worldwide.txt]",Flach behalten,,,,,,,0.225,0.212,Gruppe lokal n=7 -0.84 Punkte,schreiben (Gruppenbeleg lokal)
harmonics_noaa_cptt.txt,"Port Siasi, Siasi Island, Tawi-Tawi, Philippines",cptt-2103,Jolo,bau,"Jolo, Philippines [harmonics_ticon4_worldwide.txt]",Flach behalten,,,,,,,0.264,0.248,Gruppe lokal n=7 -0.84 Punkte,schreiben (Gruppenbeleg lokal)
harmonics_noaa_cptt.txt,"Banting, Tapul Island, Tawi-Tawi, Philippines",cptt-2105,Jolo,bau,"Jolo, Philippines [harmonics_ticon4_worldwide.txt]",Flach behalten,8.1,7.13,,,,,0.2,0.188,Wahrheit ok,schreiben
harmonics_noaa_cptt.txt,"Tulayan Island, Zamboanga del Sur, Philippines",cptt-2109,Jolo,bau,"Jolo, Philippines [harmonics_ticon4_worldwide.txt]",Flach behalten,,,,,,,0.154,0.145,Gruppe lokal n=7 -0.84 Punkte,schreiben (Gruppenbeleg lokal)
harmonics_noaa_cptt.txt,"Dassalan Island, Zamboanga del Sur, Philippines",cptt-2111,Jolo,bau,"Jolo, Philippines [harmonics_ticon4_worldwide.txt]",Flach behalten,10.73,9.64,,,,,0.212,0.2,Wahrheit ok,schreiben
harmonics_noaa_cptt.txt,"Capual Island, Zamboanga del Sur, Philippines",cptt-2113,Davao,bau,"Davao, Philippines [harmonics_ticon4_worldwide.txt]",Flach behalten,,,,,,,0.577,0.51,Gruppe lokal n=9 +0.12 Punkte,behalten (Gruppe lokal schlechter)
harmonics_noaa_cptt.txt,"Simisa Island, Zamboanga del Sur, Philippines",cptt-2115,Davao,bau,"Davao, Philippines [harmonics_ticon4_worldwide.txt]",Flach behalten,,,,,,,0.518,0.458,Gruppe lokal n=10 +0.05 Punkte,behalten (Gruppe lokal schlechter)
harmonics_noaa_cptt.txt,"Bulan Island, Zamboanga del Sur, Philippines",cptt-2117,Davao,bau,"Davao, Philippines [harmonics_ticon4_worldwide.txt]",Flach behalten,5.08,4.71,,,,,0.592,0.523,Wahrheit ok,schreiben
harmonics_noaa_cptt.txt,"Linawan Island, Zamboanga del Sur, Philippines",cptt-2119,Davao,bau,"Davao, Philippines [harmonics_ticon4_worldwide.txt]",Flach behalten,,,,,,,0.518,0.458,Gruppe lokal n=11 -0.02 Punkte,schreiben (Gruppenbeleg lokal)
harmonics_noaa_cptt.txt,"Balas, Basilan Island, Zamboanga del Sur, Philippines",cptt-2121,Davao,bau,"Davao, Philippines [harmonics_ticon4_worldwide.txt]",Flach behalten,7.39,7.51,,,,,0.533,0.471,Wahrheit ok,schreiben
harmonics_noaa_cptt.txt,"Bojelebung, Basilan Island, Zamboanga del Sur, Philippines",cptt-2123,Davao,bau,"Davao, Philippines [harmonics_ticon4_worldwide.txt]",Flach behalten,,,,,,,0.666,0.589,Gruppe lokal n=11 -0.02 Punkte,schreiben (Gruppenbeleg lokal)
harmonics_noaa_cptt.txt,"Amoyloi, Basilan Island, Zamboanga del Sur, Philippines",cptt-2125,Davao,bau,"Davao, Philippines [harmonics_ticon4_worldwide.txt]",Flach behalten,,,,,,,0.799,0.706,Gruppe lokal n=11 -0.02 Punkte,schreiben (Gruppenbeleg lokal)
harmonics_noaa_cptt.txt,"Port Holland, Basilan Island, Zamboanga del Sur, Philippines",cptt-2127,Jolo,bau,"Jolo, Philippines [harmonics_ticon4_worldwide.txt]",Flach behalten,10.97,10.13,,,,,0.193,0.182,Wahrheit ok,schreiben
harmonics_noaa_cptt.txt,"Isabela, Basilan Island, Zamboanga del Sur, Philippines",cptt-2129,Jolo,bau,"Jolo, Philippines [harmonics_ticon4_worldwide.txt]",Flach behalten,,,,,,,0.142,0.133,Gruppe lokal n=7 -0.84 Punkte,schreiben (Gruppenbeleg lokal)
harmonics_noaa_cptt.txt,"Zamboanga, Zamboanga del Sur, Philippines",cptt-2131,Jolo,bau,"Jolo, Philippines [harmonics_ticon4_worldwide.txt]",Flach behalten,10.82,10.17,,,,,0.212,0.2,Wahrheit ok,schreiben
harmonics_noaa_cptt.txt,"Sibuco Bay, Zamboanga del Sur, Philippines",cptt-2133,Cebu,bau,"Cebu, Philippines [harmonics_ticon4_worldwide.txt]",Flach behalten,4.54,4.36,,,,,0.335,0.308,Wahrheit ok,schreiben
harmonics_noaa_cptt.txt,"Panabutan Bay, Zamboanga del Sur, Philippines",cptt-2135,Cebu,bau,"Cebu, Philippines [harmonics_ticon4_worldwide.txt]",Flach behalten,,,,,,,0.335,0.308,Gruppe lokal n=15 -0.18 Punkte,schreiben (Gruppenbeleg lokal)
harmonics_noaa_cptt.txt,"Port Santa Maria, Zamboanga del Norte, Philippines",cptt-2137,Cebu,bau,"Cebu, Philippines [harmonics_ticon4_worldwide.txt]",Flach behalten,4.68,4.22,,,,,0.335,0.308,Wahrheit ok,schreiben
harmonics_noaa_cptt.txt,"Dapitan, Negros Oriental, Philippines",cptt-2139,Cebu,bau,"Cebu, Philippines [harmonics_ticon4_worldwide.txt]",Flach behalten,4.32,4.25,,,,,0.348,0.321,Wahrheit ok,schreiben
harmonics_noaa_cptt.txt,"Murcielagos, Negros Oriental, Philippines",cptt-2141,Cebu,bau,"Cebu, Philippines [harmonics_ticon4_worldwide.txt]",Flach behalten,,,,,,,0.375,0.345,Gruppe lokal n=32 -0.30 Punkte,schreiben (Gruppenbeleg lokal)
harmonics_noaa_cptt.txt,"Plaridel (Langaran), Negros Oriental, Philippines",cptt-2143,Cebu,bau,"Cebu, Philippines [harmonics_ticon4_worldwide.txt]",Flach behalten,4.05,3.7,,,,,0.348,0.321,Wahrheit ok,schreiben
harmonics_noaa_cptt.txt,"Oroquieta, Zamboanga del Sur, Philippines",cptt-2145,Cebu,bau,"Cebu, Philippines [harmonics_ticon4_worldwide.txt]",Flach behalten,,,,,,,0.361,0.333,Gruppe lokal n=31 -0.30 Punkte,schreiben (Gruppenbeleg lokal)
harmonics_noaa_cptt.txt,"Jiminez, Zamboanga del Sur, Philippines",cptt-2147,Cebu,bau,"Cebu, Philippines [harmonics_ticon4_worldwide.txt]",Flach behalten,,,,,,,0.361,0.333,Gruppe lokal n=26 -0.33 Punkte,schreiben (Gruppenbeleg lokal)
harmonics_noaa_cptt.txt,"Misamis, Zamboanga del Sur, Philippines",cptt-2149,Cebu,bau,"Cebu, Philippines [harmonics_ticon4_worldwide.txt]",Flach behalten,4.72,4.61,,,,,0.388,0.358,Wahrheit ok,schreiben
harmonics_noaa_cptt.txt,"Iligan, Misamis Oriental, Philippines",cptt-2151,Cebu,bau,"Cebu, Philippines [harmonics_ticon4_worldwide.txt]",Flach behalten,3.95,3.68,,,,,0.348,0.321,Wahrheit ok,schreiben
harmonics_noaa_cptt.txt,"Macabalan Pt., Macajalar Bay, Misamis Oriental, Philippines",cptt-2153,Cebu,bau,"Cebu, Philippines [harmonics_ticon4_worldwide.txt]",Flach behalten,4.32,3.82,,,,,0.361,0.333,Wahrheit ok,schreiben
harmonics_noaa_cptt.txt,"Canauyor Anchorage, Camiguin, Philippines",cptt-2155,Cebu,bau,"Cebu, Philippines [harmonics_ticon4_worldwide.txt]",Flach behalten,,,,,,,0.348,0.321,Gruppe lokal n=29 -0.30 Punkte,schreiben (Gruppenbeleg lokal)
harmonics_noaa_cptt.txt,"Mambajao, Camiguin Island, Camiguin, Philippines",cptt-2157,Cebu,bau,"Cebu, Philippines [harmonics_ticon4_worldwide.txt]",Flach behalten,3.86,3.75,,,,,0.335,0.308,Wahrheit ok,schreiben
harmonics_noaa_cptt.txt,"Nasipit Harbor, Butuan Bay, Camiguin, Philippines",cptt-2159,Cebu,bau,"Cebu, Philippines [harmonics_ticon4_worldwide.txt]",Flach behalten,5.32,4.67,,,,,0.375,0.345,Wahrheit ok,schreiben
harmonics_noaa_cptt.txt,"Agusan River ent., Butuan Bay, Surigao del Sur, Philippines",cptt-2161,Cebu,bau,"Cebu, Philippines [harmonics_ticon4_worldwide.txt]",Flach behalten,,,,,,,0.335,0.308,Gruppe lokal n=24 -0.22 Punkte,schreiben (Gruppenbeleg lokal)
harmonics_noaa_cptt.txt,"Dinagat, Dinagat Island, Surigao del Sur, Philippines",cptt-2165,Manila,bau (ohne Pruefstand),"Manila, Philippines [harmonics_ticon4_worldwide.txt]",Flach behalten,,,,,,,0.202,0.184,,offen (ohne Beleg)
harmonics_noaa_cptt.txt,"Melgar, Dinagat Island, Surigao del Sur, Philippines",cptt-2167,Manila,bau,"Manila, Philippines [harmonics_ticon4_worldwide.txt]",Flach behalten,,,,,,,0.202,0.184,,offen (ohne Beleg)
harmonics_noaa_cptt.txt,"Puerto Princesa (San Roque Channel), Dinagat Islands, Philippines",cptt-2169,Manila,bau,"Manila, Philippines [harmonics_ticon4_worldwide.txt]",Flach behalten,11.77,10.27,,,,,0.208,0.189,Wahrheit ok,schreiben
harmonics_noaa_cptt.txt,"Malinao Inlet, Dinagat Island, Surigao del Sur, Philippines",cptt-2171,Legaspi Port,gewaehlt,"Legaspi, Philippines [harmonics_att_np203_scs.txt]",Flach weg,,,,,,,0.484,0.438,Gruppe lokal n=7 -0.77 Punkte,schreiben (Gruppenbeleg lokal)
harmonics_noaa_cptt.txt,"Gaas Bay, Dinagat Island, Surigao del Sur, Philippines",cptt-2173,Legaspi Port,gewaehlt,"Legaspi, Philippines [harmonics_att_np203_scs.txt]",Flach weg,,,,,,,0.484,0.438,Gruppe lokal n=7 -0.77 Punkte,schreiben (Gruppenbeleg lokal)
harmonics_noaa_cptt.txt,"Cuyomongan, Talavera Island, Surigao del Sur, Philippines",cptt-2175,Legaspi Port,bau,"Legaspi, Philippines [harmonics_att_np203_scs.txt]",Flach behalten,,,,,,,0.575,0.52,Gruppe lokal n=7 -0.77 Punkte,schreiben (Gruppenbeleg lokal)
harmonics_noaa_cptt.txt,"Tayanan, Kangbangyo Island, Surigao del Sur, Philippines",cptt-2177,Legaspi Port,bau,"Legaspi, Philippines [harmonics_att_np203_scs.txt]",Flach behalten,,,,,,,0.56,0.506,Gruppe lokal n=6 -0.63 Punkte,schreiben (Gruppenbeleg lokal)
harmonics_noaa_cptt.txt,"Port Pilar, Siargao Island, Surigao del Sur, Philippines",cptt-2179,Legaspi Port,bau,"Legaspi, Philippines [harmonics_att_np203_scs.txt]",Flach behalten,3.99,4.23,,,,,0.484,0.438,Wahrheit ok,schreiben
harmonics_noaa_cptt.txt,"San Miguel, East Bugas Island, Surigao del Sur, Philippines",cptt-2181,Legaspi Port,bau,"Legaspi, Philippines [harmonics_att_np203_scs.txt]",Flach behalten,,,,,,,0.484,0.438,Gruppe lokal n=7 -0.77 Punkte,schreiben (Gruppenbeleg lokal)
harmonics_noaa_cptt.txt,"Sohutan Bay, Bucas Grande Island, Surigao del Sur, Philippines",cptt-2183,Legaspi Port,bau,"Legaspi, Philippines [harmonics_att_np203_scs.txt]",Flach behalten,,,,,,,0.575,0.52,Gruppe lokal n=8 -0.94 Punkte,schreiben (Gruppenbeleg lokal)
harmonics_noaa_cptt.txt,"Tugas Point, Surigao del Sur, Philippines",cptt-2185,Legaspi Port,bau,"Legaspi, Philippines [harmonics_att_np203_scs.txt]",Flach behalten,,,,,2.34,1.78,0.575,0.52,Nachbarn ok,schreiben
harmonics_noaa_cptt.txt,"Dahikan Bay, Surigao del Sur, Philippines",cptt-2187,Legaspi Port,bau,"Legaspi, Philippines [harmonics_att_np203_scs.txt]",Flach behalten,2.69,1.92,,,,,0.575,0.52,Wahrheit ok,schreiben
harmonics_noaa_cptt.txt,"Buenavista, General Island, Surigao del Sur, Philippines",cptt-2189,Legaspi Port,bau,"Legaspi, Philippines [harmonics_att_np203_scs.txt]",Flach behalten,,,,,,,0.575,0.52,Gruppe lokal n=8 -0.94 Punkte,schreiben (Gruppenbeleg lokal)
harmonics_noaa_cptt.txt,"Tandag, Surigao del Sur, Philippines",cptt-2191,Legaspi Port,bau,"Legaspi, Philippines [harmonics_att_np203_scs.txt]",Flach behalten,19.92,19.44,,,,,0.026,0.026,Wahrheit ok,schreiben
harmonics_noaa_cptt.txt,"Hinatuan, Surigao del Sur, Philippines",cptt-2193,Legaspi Port,bau,"Legaspi, Philippines [harmonics_att_np203_scs.txt]",Flach behalten,4.43,3.32,,,,,0.605,0.547,Wahrheit ok,schreiben
harmonics_noaa_cptt.txt,"Caraga Bay, Davao Oriental, Philippines",cptt-2195,Legaspi Port,bau,"Legaspi, Philippines [harmonics_att_np203_scs.txt]",Flach behalten,4.77,3.3,,,,,0.621,0.561,Wahrheit ok,schreiben
harmonics_noaa_cptt.txt,"Mati, Pujada Bay, Davao Oriental, Philippines",cptt-2197,Legaspi Port,bau,"Legaspi, Philippines [harmonics_att_np203_scs.txt]",Flach behalten,3.21,2.01,,,,,0.605,0.547,Wahrheit ok,schreiben
harmonics_noaa_cptt.txt,"Lavigan Anchorage, Davao Oriental, Philippines",cptt-2199,Davao,bau,"Davao, Philippines [harmonics_ticon4_worldwide.txt]",Flach behalten,,,,,,,0.607,0.536,Gruppe lokal n=4 -0.96 Punkte,schreiben (Gruppenbeleg lokal)
harmonics_noaa_cptt.txt,"Sigaboy Island, Davao Oriental, Philippines",cptt-2201,Davao,bau,"Davao, Philippines [harmonics_ticon4_worldwide.txt]",Flach behalten,4.49,3.11,,,,,0.622,0.549,Wahrheit ok,schreiben
harmonics_noaa_cptt.txt,"Malalag, South Cotabato, Philippines",cptt-2205,Davao,bau,"Davao, Philippines [harmonics_ticon4_worldwide.txt]",Flach behalten,,,,,,,0.607,0.536,Gruppe lokal n=6 -0.91 Punkte,schreiben (Gruppenbeleg lokal)
harmonics_noaa_cptt.txt,"Malita, South Cotabato, Philippines",cptt-2207,Davao,bau,"Davao, Philippines [harmonics_ticon4_worldwide.txt]",Flach behalten,,,,,,,0.607,0.536,Gruppe lokal n=6 -0.91 Punkte,schreiben (Gruppenbeleg lokal)
harmonics_noaa_cptt.txt,"Sarangani Island, South Cotabato, Philippines",cptt-2209,Davao,bau,"Davao, Philippines [harmonics_ticon4_worldwide.txt]",Flach behalten,3.57,2.71,,,,,0.636,0.562,Wahrheit ok,schreiben
harmonics_noaa_cptt.txt,"Sarangani Bay, South Cotabato, Philippines",cptt-2211,Davao,bau,"Davao, Philippines [harmonics_ticon4_worldwide.txt]",Flach behalten,,,,,,,0.666,0.589,Gruppe lokal n=6 -0.91 Punkte,schreiben (Gruppenbeleg lokal)
harmonics_noaa_cptt.txt,"Port Lebak, Sultan Kudarat, Philippines",cptt-2213,Davao,bau,"Davao, Philippines [harmonics_ticon4_worldwide.txt]",Flach behalten,4.43,3.47,,,,,0.74,0.654,Wahrheit ok,schreiben
harmonics_noaa_cptt.txt,"Cotabato, Mindanao River, Sultan Kudarat, Philippines",cptt-2215,Davao,bau,"Davao, Philippines [harmonics_ticon4_worldwide.txt]",Flach behalten,,,,,,,0.444,0.392,Gruppe lokal n=9 -0.83 Punkte,schreiben (Gruppenbeleg lokal)
harmonics_noaa_cptt.txt,"Polloc Harbor, Sultan Kudarat, Philippines",cptt-2217,Davao,bau,"Davao, Philippines [harmonics_ticon4_worldwide.txt]",Flach behalten,4.47,3.51,,,,,0.711,0.628,Wahrheit ok,schreiben
harmonics_noaa_cptt.txt,"Port Baras, Zamboanga del Sur, Philippines",cptt-2219,Davao,bau,"Davao, Philippines [harmonics_ticon4_worldwide.txt]",Flach behalten,,,,,,,0.711,0.628,Gruppe lokal n=9 -0.83 Punkte,schreiben (Gruppenbeleg lokal)
harmonics_noaa_cptt.txt,"Tukuran, Zamboanga del Sur, Philippines",cptt-2221,Davao,bau,"Davao, Philippines [harmonics_ticon4_worldwide.txt]",Flach behalten,,,,,,,0.711,0.628,Gruppe lokal n=7 -0.37 Punkte,schreiben (Gruppenbeleg lokal)
harmonics_noaa_cptt.txt,"Pagadian, Zamboanga del Sur, Philippines",cptt-2223,Davao,bau,"Davao, Philippines [harmonics_ticon4_worldwide.txt]",Flach behalten,5.22,4.39,,,,,0.725,0.641,Wahrheit ok,schreiben
harmonics_noaa_cptt.txt,"Port Sambulauan, Zamboanga del Sur, Philippines",cptt-2225,Davao,bau,"Davao, Philippines [harmonics_ticon4_worldwide.txt]",Flach behalten,,,,,,,0.711,0.628,Gruppe lokal n=7 -0.37 Punkte,schreiben (Gruppenbeleg lokal)
harmonics_noaa_cptt.txt,"Limbug Cove, Zamboanga del Sur, Philippines",cptt-2227,Davao,bau,"Davao, Philippines [harmonics_ticon4_worldwide.txt]",Flach behalten,,,,,,,0.696,0.615,Gruppe lokal n=7 -0.37 Punkte,schreiben (Gruppenbeleg lokal)
harmonics_noaa_cptt.txt,"Maligay Bay, Zamboanga del Sur, Philippines",cptt-2229,Davao,bau,"Davao, Philippines [harmonics_ticon4_worldwide.txt]",Flach behalten,,,,,,,0.711,0.628,Gruppe lokal n=7 -0.37 Punkte,schreiben (Gruppenbeleg lokal)
harmonics_noaa_cptt.txt,"Margosatubig, Dumanquilas Bay, Zamboanga del Sur, Philippines",cptt-2231,Davao,bau,"Davao, Philippines [harmonics_ticon4_worldwide.txt]",Flach behalten,3.4,3.38,,,,,0.681,0.602,Wahrheit ok,schreiben
harmonics_noaa_cptt.txt,"Port Sibulan, Zamboanga del Sur, Philippines",cptt-2233,Davao,bau,"Davao, Philippines [harmonics_ticon4_worldwide.txt]",Flach behalten,,,,,,,0.725,0.641,Gruppe lokal n=8 -0.31 Punkte,schreiben (Gruppenbeleg lokal)
harmonics_noaa_cptt.txt,"Taba Bay, Sibuguey Bay, Zamboanga del Norte, Philippines",cptt-2235,Davao,bau,"Davao, Philippines [harmonics_ticon4_worldwide.txt]",Flach behalten,,,,,,,0.755,0.667,Gruppe lokal n=8 -0.31 Punkte,schreiben (Gruppenbeleg lokal)
harmonics_noaa_cptt.txt,"Ticauan Point, Sibuguey Bay, Zamboanga del Norte, Philippines",cptt-2237,Davao,bau,"Davao, Philippines [harmonics_ticon4_worldwide.txt]",Flach behalten,5.85,5.6,,,,,0.77,0.68,Wahrheit ok,schreiben
harmonics_noaa_cptt.txt,"Port Banga, Sibuguey Bay, Zamboanga del Norte, Philippines",cptt-2239,Davao,bau,"Davao, Philippines [harmonics_ticon4_worldwide.txt]",Flach behalten,,,,,,,0.74,0.654,Gruppe lokal n=8 -0.31 Punkte,schreiben (Gruppenbeleg lokal)
harmonics_noaa_cptt.txt,"Landang, Sacol Island, Zamboanga del Sur, Philippines",cptt-2241,Davao,bau,"Davao, Philippines [harmonics_ticon4_worldwide.txt]",Flach behalten,,,,,,,0.562,0.497,Gruppe lokal n=10 -0.14 Punkte,schreiben (Gruppenbeleg lokal)
harmonics_noaa_cptt.txt,"Balabac, Balabac Island, Palawan, Philippines",cptt-2243,Manila,bau,"Manila, Philippines [harmonics_ticon4_worldwide.txt]",Flach behalten,8.86,7.3,,,,,0.256,0.232,Wahrheit ok,schreiben
harmonics_noaa_cptt.txt,"Secam Island, N. Balabac Strait, Palawan, Philippines",cptt-2245,Manila,bau,"Manila, Philippines [harmonics_ticon4_worldwide.txt]",Flach behalten,,,,,,,0.238,0.216,Gruppe lokal n=6 -0.90 Punkte,schreiben (Gruppenbeleg lokal)
harmonics_noaa_cptt.txt,"Tagbita Bay, Palawan, Philippines",cptt-2247,Manila,bau,"Manila, Philippines [harmonics_ticon4_worldwide.txt]",Flach behalten,,,,,,,0.226,0.205,Gruppe lokal n=5 -0.80 Punkte,schreiben (Gruppenbeleg lokal)
harmonics_noaa_cptt.txt,"Eran Bay, Palawan, Philippines",cptt-2249,Manila,bau,"Manila, Philippines [harmonics_ticon4_worldwide.txt]",Flach behalten,,,,,,,0.238,0.216,Gruppe lokal n=6 -0.75 Punkte,schreiben (Gruppenbeleg lokal)
harmonics_noaa_cptt.txt,"Ulugan Bay, Palawan, Philippines",cptt-2251,Manila,bau,"Manila, Philippines [harmonics_ticon4_worldwide.txt]",Flach behalten,,,,,8.71,6.82,0.238,0.216,Nachbarn ok,schreiben
harmonics_noaa_cptt.txt,"Port Barton, Palawan, Philippines",cptt-2253,Manila,bau,"Manila, Philippines [harmonics_ticon4_worldwide.txt]",Flach behalten,,,,,,,0.238,0.216,Gruppe lokal n=9 -1.15 Punkte,schreiben (Gruppenbeleg lokal)
harmonics_noaa_cptt.txt,"Boayan Island, Palawan, Philippines",cptt-2255,Manila,bau,"Manila, Philippines [harmonics_ticon4_worldwide.txt]",Flach behalten,,,,,,,0.22,0.2,Gruppe lokal n=9 -1.15 Punkte,schreiben (Gruppenbeleg lokal)
harmonics_noaa_cptt.txt,"Bolalo Bay, Malampaya Sound, Palawan, Philippines",cptt-2257,Manila,bau,"Manila, Philippines [harmonics_ticon4_worldwide.txt]",Flach behalten,,,,,,,0.196,0.178,Gruppe lokal n=9 -1.15 Punkte,schreiben (Gruppenbeleg lokal)
harmonics_noaa_cptt.txt,"Alligator Bay, Malampaya Sound, Palawan, Philippines",cptt-2259,Manila,bau,"Manila, Philippines [harmonics_ticon4_worldwide.txt]",Flach behalten,,,,,,,0.208,0.189,Gruppe lokal n=9 -1.15 Punkte,schreiben (Gruppenbeleg lokal)
harmonics_noaa_cptt.txt,"Bacuit, Palawan, Philippines",cptt-2261,Manila,bau,"Manila, Philippines [harmonics_ticon4_worldwide.txt]",Flach behalten,2.63,3.21,,,,,0.19,0.173,Wahrheit schlechter,behalten (Beleg schlechter)
harmonics_noaa_cptt.txt,"Northwest Bay, Linapacan Island, Palawan, Philippines",cptt-2263,Manila,bau,"Manila, Philippines [harmonics_ticon4_worldwide.txt]",Flach behalten,9.47,7.5,,,,,0.244,0.221,Wahrheit ok,schreiben
harmonics_noaa_cptt.txt,"San Nicolas, Linapacan Island, Palawan, Philippines",cptt-2265,Manila,bau,"Manila, Philippines [harmonics_ticon4_worldwide.txt]",Flach behalten,,,,,,,0.25,0.227,Gruppe lokal n=10 -1.25 Punkte,schreiben (Gruppenbeleg lokal)
harmonics_noaa_cptt.txt,"San Miguel, Linapacan Island, Palawan, Philippines",cptt-2267,Manila,bau,"Manila, Philippines [harmonics_ticon4_worldwide.txt]",Flach behalten,,,,,,,0.262,0.238,Gruppe lokal n=10 -1.25 Punkte,schreiben (Gruppenbeleg lokal)
harmonics_noaa_cptt.txt,"Batas Island, Palawan, Philippines",cptt-2269,Manila,bau,"Manila, Philippines [harmonics_ticon4_worldwide.txt]",Flach behalten,,,,,,,0.274,0.248,Gruppe lokal n=9 -1.15 Punkte,schreiben (Gruppenbeleg lokal)
harmonics_noaa_cptt.txt,"Taytay, Palawan, Philippines",cptt-2271,Manila,bau,"Manila, Philippines [harmonics_ticon4_worldwide.txt]",Flach behalten,,,,,,,0.274,0.248,Gruppe lokal n=9 -1.15 Punkte,schreiben (Gruppenbeleg lokal)
harmonics_noaa_cptt.txt,"Paly Island, Palawan, Philippines",cptt-2273,Manila,bau,"Manila, Philippines [harmonics_ticon4_worldwide.txt]",Flach behalten,,,,,,,0.274,0.248,Gruppe lokal n=9 -1.15 Punkte,schreiben (Gruppenbeleg lokal)
harmonics_noaa_cptt.txt,"Araceli, Dumaran Island, Palawan, Philippines",cptt-2275,Manila,bau,"Manila, Philippines [harmonics_ticon4_worldwide.txt]",Flach behalten,,,,,,,0.274,0.248,Gruppe lokal n=8 -1.15 Punkte,schreiben (Gruppenbeleg lokal)
harmonics_noaa_cptt.txt,"Tinitian, Green Island Bay, Palawan, Philippines",cptt-2277,Manila,bau,"Manila, Philippines [harmonics_ticon4_worldwide.txt]",Flach behalten,,,,,,,0.262,0.238,Gruppe lokal n=7 -0.80 Punkte,schreiben (Gruppenbeleg lokal)
harmonics_noaa_cptt.txt,"Puerto Princesa, Palawan, Philippines",cptt-2279,Manila,bau,"Manila, Philippines [harmonics_ticon4_worldwide.txt]",Flach behalten,5.0,4.31,14.0,13.4,,,0.262,0.238,"Wahrheit ok, Pegel ok",schreiben
harmonics_noaa_cptt.txt,"Island Bay, Palawan, Philippines",cptt-2281,Manila,bau,"Manila, Philippines [harmonics_ticon4_worldwide.txt]",Flach behalten,8.61,7.81,,,,,0.244,0.221,Wahrheit ok,schreiben
harmonics_noaa_cptt.txt,"Sir J. Brooke Point, Palawan, Philippines",cptt-2283,Manila,bau,"Manila, Philippines [harmonics_ticon4_worldwide.txt]",Flach behalten,5.05,4.74,,,,,0.25,0.227,Wahrheit ok,schreiben
harmonics_noaa_cptt.txt,"Cuyo, Cuyo Island, Antique, Philippines",cptt-2285,Manila,bau,"Manila, Philippines [harmonics_ticon4_worldwide.txt]",Flach behalten,,,,,,,0.268,0.243,Gruppe lokal n=8 -1.15 Punkte,schreiben (Gruppenbeleg lokal)
harmonics_noaa_cptt.txt,"Halsey Harbor, Culion Island, Palawan, Philippines",cptt-2287,Manila,bau,"Manila, Philippines [harmonics_ticon4_worldwide.txt]",Flach behalten,8.81,7.26,,,,,0.238,0.216,Wahrheit ok,schreiben
harmonics_noaa_cptt.txt,"Culion, Culion Island, Palawan, Philippines",cptt-2289,Manila,bau,"Manila, Philippines [harmonics_ticon4_worldwide.txt]",Flach behalten,,,,,,,0.268,0.243,Gruppe lokal n=11 -1.16 Punkte,schreiben (Gruppenbeleg lokal)
harmonics_noaa_cptt.txt,"Coron, Busuanga Island, Palawan, Philippines",cptt-2291,Manila,bau,"Manila, Philippines [harmonics_ticon4_worldwide.txt]",Flach behalten,12.12,9.74,,,,,0.268,0.243,Wahrheit ok,schreiben
harmonics_noaa_cptt.txt,"Apo Island, Mindoro Strait, Occidental Mindoro, Philippines",cptt-2293,Manila,bau,"Manila, Philippines [harmonics_ticon4_worldwide.txt]",Flach behalten,6.99,5.84,,,,,0.214,0.194,Wahrheit ok,schreiben
harmonics_noaa_cptt.txt,"Cagayan Anchorage, Cagayan Island, Negros Occidental, Philippines",cptt-2295,Cebu,bau,"Cebu, Philippines [harmonics_ticon4_worldwide.txt]",Flach behalten,,,,,,,0.348,0.321,Gruppe lokal n=23 -0.35 Punkte,schreiben (Gruppenbeleg lokal)
harmonics_noaa_cptt.txt,"Mapun (Cagayan de Tawi-Tawi), Philippines",cptt-2297,Cebu,behalten,,,,,,,,,,,,behalten (Gruppe am Pruefstand schlechter)
harmonics_noaa_cptt.txt,"Aniniy, Antique, Philippines",cptt-2299,Cebu,bau,"Cebu, Philippines [harmonics_ticon4_worldwide.txt]",Flach behalten,4.3,4.48,,,,,0.402,0.37,Wahrheit ok,schreiben
harmonics_noaa_cptt.txt,"San Jose, Antique, Philippines",cptt-2301,Cebu,bau,"Cebu, Philippines [harmonics_ticon4_worldwide.txt]",Flach behalten,4.36,3.71,,,,,0.361,0.333,Wahrheit ok,schreiben
harmonics_noaa_cptt.txt,"Tibiao, Antique, Philippines",cptt-2303,Cebu,bau,"Cebu, Philippines [harmonics_ticon4_worldwide.txt]",Flach behalten,5.46,4.95,,,,,0.469,0.432,Wahrheit ok,schreiben
harmonics_noaa_cptt.txt,"Borocay Island, Aklan, Philippines",cptt-2305,Cebu,bau,"Cebu, Philippines [harmonics_ticon4_worldwide.txt]",Flach behalten,5.68,4.93,,,,,0.482,0.444,Wahrheit ok,schreiben
harmonics_noaa_cptt.txt,"Aclan River entrance, Capiz, Philippines",cptt-2307,Cebu,bau,"Cebu, Philippines [harmonics_ticon4_worldwide.txt]",Flach behalten,,,,,,,0.482,0.444,Gruppe lokal n=44 -0.31 Punkte,schreiben (Gruppenbeleg lokal)
harmonics_noaa_cptt.txt,"Port Batan, Capiz, Philippines",cptt-2309,Cebu,bau,"Cebu, Philippines [harmonics_ticon4_worldwide.txt]",Flach behalten,,,,,,,0.495,0.456,Gruppe lokal n=48 -0.31 Punkte,schreiben (Gruppenbeleg lokal)
harmonics_noaa_cptt.txt,"Libas (Capiz Landing), Capiz, Philippines",cptt-2311,Cebu,bau,"Cebu, Philippines [harmonics_ticon4_worldwide.txt]",Flach behalten,3.75,3.68,,,,,0.482,0.444,Wahrheit ok,schreiben
harmonics_noaa_cptt.txt,"Estancia, Capiz, Philippines",cptt-2313,Cebu,bau,"Cebu, Philippines [harmonics_ticon4_worldwide.txt]",Flach behalten,4.62,4.25,,,,,0.656,0.604,Wahrheit ok,schreiben
harmonics_noaa_cptt.txt,"Concepcion, Capiz, Philippines",cptt-2315,Cebu,bau,"Cebu, Philippines [harmonics_ticon4_worldwide.txt]",Flach behalten,,,,,,,0.669,0.617,Gruppe lokal n=50 -0.33 Punkte,schreiben (Gruppenbeleg lokal)
harmonics_noaa_cptt.txt,"Banate, Guimaras, Philippines",cptt-2317,Cebu,bau,"Cebu, Philippines [harmonics_ticon4_worldwide.txt]",Flach behalten,9.59,8.31,,,,,0.683,0.629,Wahrheit ok,schreiben
harmonics_noaa_cptt.txt,"Navalas, Guimaras Island, Guimaras, Philippines",cptt-2319,Cebu,bau,"Cebu, Philippines [harmonics_ticon4_worldwide.txt]",Flach behalten,,,,,,,0.589,0.543,Gruppe lokal n=47 -0.35 Punkte,schreiben (Gruppenbeleg lokal)
harmonics_noaa_cptt.txt,"Inampulugan I., Guimaras Island, Negros Occidental, Philippines",cptt-2321,Cebu,bau,"Cebu, Philippines [harmonics_ticon4_worldwide.txt]",Flach behalten,,,,,,,0.442,0.407,Gruppe lokal n=47 -0.35 Punkte,schreiben (Gruppenbeleg lokal)
harmonics_noaa_cptt.txt,"Lugmayan Point, Guimaras Island, Negros Occidental, Philippines",cptt-2323,Cebu,bau,"Cebu, Philippines [harmonics_ticon4_worldwide.txt]",Flach behalten,,,,,,,0.361,0.333,Gruppe lokal n=45 -0.35 Punkte,schreiben (Gruppenbeleg lokal)
harmonics_noaa_cptt.txt,"Lloilo, Guimaras, Philippines",cptt-2325,Cebu,bau,"Cebu, Philippines [harmonics_ticon4_worldwide.txt]",Flach behalten,,,,,5.24,4.7,0.469,0.432,Nachbarn ok,schreiben
harmonics_noaa_cptt.txt,"Miagao, Antique, Philippines",cptt-2327,Cebu,bau,"Cebu, Philippines [harmonics_ticon4_worldwide.txt]",Flach behalten,,,,,,,0.361,0.333,Gruppe lokal n=40 -0.35 Punkte,schreiben (Gruppenbeleg lokal)
harmonics_noaa_cptt.txt,"Cadiz, Negros Occidental, Philippines",cptt-2329,Cebu,bau,"Cebu, Philippines [harmonics_ticon4_worldwide.txt]",Flach behalten,4.16,3.81,,,,,0.643,0.592,Wahrheit ok,schreiben
harmonics_noaa_cptt.txt,"Himugaan River entrance, Cebu, Philippines",cptt-2331,Cebu,bau,"Cebu, Philippines [harmonics_ticon4_worldwide.txt]",Flach behalten,,,,,,,0.603,0.555,Gruppe lokal n=49 -0.35 Punkte,schreiben (Gruppenbeleg lokal)
harmonics_noaa_cptt.txt,"Danao River entrance, Negros Occidental, Philippines",cptt-2333,Cebu,bau,"Cebu, Philippines [harmonics_ticon4_worldwide.txt]",Flach behalten,,,,,,,0.536,0.493,Gruppe lokal n=50 -0.35 Punkte,schreiben (Gruppenbeleg lokal)
harmonics_noaa_cptt.txt,"San Carlos, Negros Occidental, Philippines",cptt-2335,Cebu,bau,"Cebu, Philippines [harmonics_ticon4_worldwide.txt]",Flach behalten,3.46,3.09,,,,,0.549,0.506,Wahrheit ok,schreiben
harmonics_noaa_cptt.txt,"Calagcalag Bay, Negros Oriental, Philippines",cptt-2337,Cebu,bau,"Cebu, Philippines [harmonics_ticon4_worldwide.txt]",Flach behalten,,,,,,,0.495,0.456,Gruppe lokal n=44 -0.35 Punkte,schreiben (Gruppenbeleg lokal)
harmonics_noaa_cptt.txt,"Bais, Negros Oriental, Philippines",cptt-2339,Cebu,bau,"Cebu, Philippines [harmonics_ticon4_worldwide.txt]",Flach behalten,3.06,3.18,,,,,0.482,0.444,Wahrheit ok,schreiben
harmonics_noaa_cptt.txt,"Dumaguete, Negros Oriental, Philippines",cptt-2341,Cebu,bau,"Cebu, Philippines [harmonics_ticon4_worldwide.txt]",Flach behalten,4.75,4.0,,,,,0.428,0.395,Wahrheit ok,schreiben
harmonics_noaa_cptt.txt,"Larena, Siquijor Island, Negros Oriental, Philippines",cptt-2343,Cebu,bau,"Cebu, Philippines [harmonics_ticon4_worldwide.txt]",Flach behalten,5.35,5.45,,,,,0.361,0.333,Wahrheit ok,schreiben
harmonics_noaa_cptt.txt,"Port Bonbonon, Negros Oriental, Philippines",cptt-2345,Cebu,bau,"Cebu, Philippines [harmonics_ticon4_worldwide.txt]",Flach behalten,3.72,3.6,,,,,0.402,0.37,Wahrheit ok,schreiben
harmonics_noaa_cptt.txt,"Campomanes Bay, Negros Occidental, Philippines",cptt-2347,Cebu,bau,"Cebu, Philippines [harmonics_ticon4_worldwide.txt]",Flach behalten,4.28,3.97,,,,,0.415,0.382,Wahrheit ok,schreiben
harmonics_noaa_cptt.txt,"Himamaylan, Negros Occidental, Philippines",cptt-2349,Cebu,bau,"Cebu, Philippines [harmonics_ticon4_worldwide.txt]",Flach behalten,5.36,4.93,,,,,0.442,0.407,Wahrheit ok,schreiben
harmonics_noaa_cptt.txt,"Bacolod, Negros Occidental, Philippines",cptt-2351,Cebu,bau,"Cebu, Philippines [harmonics_ticon4_worldwide.txt]",Flach behalten,6.24,5.61,,,,,0.562,0.518,Wahrheit ok,schreiben
harmonics_noaa_cptt.txt,"Moalboal, Bohol, Philippines",cptt-2353,Cebu,bau,"Cebu, Philippines [harmonics_ticon4_worldwide.txt]",Flach behalten,2.98,3.23,,,,,0.495,0.456,Wahrheit ok,schreiben
harmonics_noaa_cptt.txt,"Barili Bay, Negros Occidental, Philippines",cptt-2355,Cebu,bau,"Cebu, Philippines [harmonics_ticon4_worldwide.txt]",Flach behalten,,,,,,,0.495,0.456,Gruppe lokal n=44 -0.35 Punkte,schreiben (Gruppenbeleg lokal)
harmonics_noaa_cptt.txt,"Balamban Bay, Negros Occidental, Philippines",cptt-2357,Cebu,bau,"Cebu, Philippines [harmonics_ticon4_worldwide.txt]",Flach behalten,3.07,3.03,,,,,0.522,0.481,Wahrheit ok,schreiben
harmonics_noaa_cptt.txt,"Tuburan, Cebu, Philippines",cptt-2359,Cebu,bau,"Cebu, Philippines [harmonics_ticon4_worldwide.txt]",Flach behalten,,,,,,,0.522,0.481,Gruppe lokal n=48 -0.35 Punkte,schreiben (Gruppenbeleg lokal)
harmonics_noaa_cptt.txt,"Medellin, Cebu, Philippines",cptt-2361,Cebu,bau,"Cebu, Philippines [harmonics_ticon4_worldwide.txt]",Flach behalten,,,,,,,0.562,0.518,Gruppe lokal n=47 -0.35 Punkte,schreiben (Gruppenbeleg lokal)
harmonics_noaa_cptt.txt,"Bantayan, Bantayan Island, Cebu, Philippines",cptt-2363,Cebu,bau,"Cebu, Philippines [harmonics_ticon4_worldwide.txt]",Flach behalten,3.86,3.56,,,,,0.562,0.518,Wahrheit ok,schreiben
harmonics_noaa_cptt.txt,"Bogo Bay, Cebu, Philippines",cptt-2365,Cebu,bau,"Cebu, Philippines [harmonics_ticon4_worldwide.txt]",Flach behalten,4.55,4.36,,,,,0.495,0.456,Wahrheit ok,schreiben
harmonics_noaa_cptt.txt,"Carmen, Negros Occidental, Philippines",cptt-2367,Cebu,bau,"Cebu, Philippines [harmonics_ticon4_worldwide.txt]",Flach behalten,,,,,,,0.482,0.444,Gruppe lokal n=47 -0.35 Punkte,schreiben (Gruppenbeleg lokal)
harmonics_noaa_cptt.txt,"Carcar Bay, Negros Occidental, Philippines",cptt-2371,Cebu,bau,"Cebu, Philippines [harmonics_ticon4_worldwide.txt]",Flach behalten,,,,,,,0.442,0.407,Gruppe lokal n=43 -0.35 Punkte,schreiben (Gruppenbeleg lokal)
harmonics_noaa_cptt.txt,"Boljoon, Bohol, Philippines",cptt-2373,Cebu,bau,"Cebu, Philippines [harmonics_ticon4_worldwide.txt]",Flach behalten,3.7,3.59,,,,,0.402,0.37,Wahrheit ok,schreiben
harmonics_noaa_cptt.txt,"Maribojoc, Bohol, Philippines",cptt-2375,Cebu,bau,"Cebu, Philippines [harmonics_ticon4_worldwide.txt]",Flach behalten,,,,,,,0.402,0.37,Gruppe lokal n=42 -0.35 Punkte,schreiben (Gruppenbeleg lokal)
harmonics_noaa_cptt.txt,"Tubigon, Bohol, Philippines",cptt-2377,Cebu,bau,"Cebu, Philippines [harmonics_ticon4_worldwide.txt]",Flach behalten,,,,,,,0.442,0.407,Gruppe lokal n=42 -0.35 Punkte,schreiben (Gruppenbeleg lokal)
harmonics_noaa_cptt.txt,"Ubay, Leyte, Philippines",cptt-2379,Cebu,bau,"Cebu, Philippines [harmonics_ticon4_worldwide.txt]",Flach behalten,,,,,,,0.455,0.419,Gruppe lokal n=42 -0.35 Punkte,schreiben (Gruppenbeleg lokal)
harmonics_noaa_cptt.txt,"Cogton Bay, Camiguin, Philippines",cptt-2381,Cebu,bau,"Cebu, Philippines [harmonics_ticon4_worldwide.txt]",Flach behalten,4.59,4.07,,,,,0.335,0.308,Wahrheit ok,schreiben
harmonics_noaa_cptt.txt,"Garcia Hernandez, Bohol, Philippines",cptt-2383,Cebu,bau,"Cebu, Philippines [harmonics_ticon4_worldwide.txt]",Flach behalten,4.17,3.82,,,,,0.348,0.321,Wahrheit ok,schreiben
harmonics_noaa_cptt.txt,"Liloan, Sogod Bay, Surigao del Sur, Philippines",cptt-2385,Cebu,bau,"Cebu, Philippines [harmonics_ticon4_worldwide.txt]",Flach behalten,3.81,3.69,,,,,0.335,0.308,Wahrheit ok,schreiben
harmonics_noaa_cptt.txt,"Maasin, Leyte, Philippines",cptt-2387,Cebu,bau,"Cebu, Philippines [harmonics_ticon4_worldwide.txt]",Flach behalten,5.22,4.38,,,,,0.402,0.37,Wahrheit ok,schreiben
harmonics_noaa_cptt.txt,"Baybay, Leyte, Philippines",cptt-2389,Cebu,bau,"Cebu, Philippines [harmonics_ticon4_worldwide.txt]",Flach behalten,2.66,2.05,,,,,0.522,0.481,Wahrheit ok,schreiben
harmonics_noaa_cptt.txt,"Ormoc, Leyte, Philippines",cptt-2391,Cebu,bau,"Cebu, Philippines [harmonics_ticon4_worldwide.txt]",Flach behalten,,,,,,,0.522,0.481,Gruppe lokal n=43 -0.35 Punkte,schreiben (Gruppenbeleg lokal)
harmonics_noaa_cptt.txt,"Palompon, Biliran, Philippines",cptt-2393,Cebu,bau,"Cebu, Philippines [harmonics_ticon4_worldwide.txt]",Flach behalten,4.89,4.63,,,,,0.509,0.469,Wahrheit ok,schreiben
harmonics_noaa_cptt.txt,"Genuruan Island, Biliran Island, Biliran, Philippines",cptt-2395,Cebu,bau,"Cebu, Philippines [harmonics_ticon4_worldwide.txt]",Flach behalten,,,,,,,0.509,0.469,Gruppe lokal n=42 -0.37 Punkte,schreiben (Gruppenbeleg lokal)
harmonics_noaa_cptt.txt,"Poro Island, Biliran Strait, Biliran, Philippines",cptt-2397,Cebu,bau,"Cebu, Philippines [harmonics_ticon4_worldwide.txt]",Flach behalten,,,,,,,0.509,0.469,Gruppe lokal n=43 -0.37 Punkte,schreiben (Gruppenbeleg lokal)
harmonics_noaa_cptt.txt,"Carigara, Leyte, Philippines",cptt-2399,Cebu,bau,"Cebu, Philippines [harmonics_ticon4_worldwide.txt]",Flach behalten,,,,,,,0.469,0.432,Gruppe lokal n=37 -0.37 Punkte,schreiben (Gruppenbeleg lokal)
harmonics_noaa_cptt.txt,"Canauay Island, Janabatas Channel, Leyte, Philippines",cptt-2401,Cebu,bau,"Cebu, Philippines [harmonics_ticon4_worldwide.txt]",Flach behalten,,,,,,,0.428,0.395,Gruppe lokal n=35 -0.37 Punkte,schreiben (Gruppenbeleg lokal)
harmonics_noaa_cptt.txt,"Santa Rita I., San Juanico Strait, Leyte, Philippines",cptt-2403,Cebu,bau,"Cebu, Philippines [harmonics_ticon4_worldwide.txt]",Flach behalten,5.28,5.21,,,,,0.388,0.358,Wahrheit ok,schreiben
harmonics_noaa_cptt.txt,"Uban Point, San Juanico Strait, Leyte, Philippines",cptt-2405,Cebu,bau,"Cebu, Philippines [harmonics_ticon4_worldwide.txt]",Flach behalten,13.43,12.32,,,,,0.295,0.271,Wahrheit ok,schreiben
harmonics_noaa_cptt.txt,"Tacloban, San Juanico Strait, Leyte, Philippines",cptt-2407,Jolo,bau,"Jolo, Philippines [harmonics_ticon4_worldwide.txt]",Flach behalten,12.83,11.47,,,,,0.148,0.139,Wahrheit ok,schreiben
harmonics_noaa_cptt.txt,"Abuyog, Leyte, Philippines",cptt-2409,Jolo,bau,"Jolo, Philippines [harmonics_ticon4_worldwide.txt]",Flach behalten,,,,,,,0.142,0.133,Gruppe lokal n=2 -1.17 Punkte,schreiben (Gruppenbeleg lokal)
harmonics_noaa_cptt.txt,"Hinunangan, Leyte, Philippines",cptt-2411,Jolo,bau,"Jolo, Philippines [harmonics_ticon4_worldwide.txt]",Flach behalten,11.48,10.5,,,,,0.148,0.139,Wahrheit ok,schreiben
harmonics_noaa_cptt.txt,"Talalora, Samar, Philippines",cptt-2413,Cebu,bau,"Cebu, Philippines [harmonics_ticon4_worldwide.txt]",Flach behalten,,,,,,,0.455,0.419,Gruppe lokal n=36 -0.36 Punkte,schreiben (Gruppenbeleg lokal)
harmonics_noaa_cptt.txt,"Parasan Harbor, Daram Island, Samar, Philippines",cptt-2415,Cebu,bau,"Cebu, Philippines [harmonics_ticon4_worldwide.txt]",Flach behalten,,,,,,,0.495,0.456,Gruppe lokal n=36 -0.35 Punkte,schreiben (Gruppenbeleg lokal)
harmonics_noaa_cptt.txt,"Catbalogan, Samar, Philippines",cptt-2417,Cebu,bau,"Cebu, Philippines [harmonics_ticon4_worldwide.txt]",Flach behalten,4.72,4.31,,,,,0.495,0.456,Wahrheit ok,schreiben
harmonics_noaa_cptt.txt,"Santo Nino, Santo Nino Island, Biliran, Philippines",cptt-2419,Cebu,bau,"Cebu, Philippines [harmonics_ticon4_worldwide.txt]",Flach behalten,,,,,,,0.469,0.432,Gruppe lokal n=39 -0.37 Punkte,schreiben (Gruppenbeleg lokal)
harmonics_noaa_cptt.txt,"Calbayog, Samar, Philippines",cptt-2421,Cebu,bau,"Cebu, Philippines [harmonics_ticon4_worldwide.txt]",Flach behalten,4.92,4.95,,,,,0.361,0.333,Wahrheit ok,schreiben
harmonics_noaa_cptt.txt,"Mauo, Northern Samar, Philippines",cptt-2423,Manila,bau,"Manila, Philippines [harmonics_ticon4_worldwide.txt]",Flach behalten,,,,,,,0.143,0.13,,offen (ohne Beleg)
harmonics_noaa_cptt.txt,"Biri Island, Northern Samar, Philippines",cptt-2425,Davao,bau,"Davao, Philippines [harmonics_ticon4_worldwide.txt]",Flach behalten,9.56,8.47,,,,,0.296,0.262,Wahrheit ok,schreiben
harmonics_noaa_cptt.txt,"Talisay Island, Northern Samar, Philippines",cptt-2427,Davao,bau,"Davao, Philippines [harmonics_ticon4_worldwide.txt]",Flach behalten,,,,,,,0.37,0.327,,offen (ohne Beleg)
harmonics_noaa_cptt.txt,"Catarman River entrance, Northern Samar, Philippines",cptt-2429,Legaspi Port,gewaehlt,"Legaspi, Philippines [harmonics_att_np203_scs.txt]",Flach weg,,,,,,,0.545,0.493,Gruppe lokal n=9 -1.17 Punkte,schreiben (Gruppenbeleg lokal)
harmonics_noaa_cptt.txt,"Laoang, Laoang Island, Northern Samar, Philippines",cptt-2431,Legaspi Port,gewaehlt,"Legaspi, Philippines [harmonics_att_np203_scs.txt]",Flach weg,6.17,4.83,,,,,0.59,0.534,Wahrheit ok,schreiben
harmonics_noaa_cptt.txt,"Helm Harbor, Gamay Bay, Samar, Philippines",cptt-2433,Legaspi Port,gewaehlt,"Legaspi, Philippines [harmonics_att_np203_scs.txt]",Flach weg,,,,,,,0.621,0.561,Gruppe lokal n=9 -1.05 Punkte,schreiben (Gruppenbeleg lokal)
harmonics_noaa_cptt.txt,"Hilaban Island, Samar, Philippines",cptt-2435,Legaspi Port,gewaehlt,"Legaspi, Philippines [harmonics_att_np203_scs.txt]",Flach weg,5.02,3.42,,,,,0.575,0.52,Wahrheit ok,schreiben
harmonics_noaa_cptt.txt,"Andis Island, Port Borongan, Samar, Philippines",cptt-2437,Legaspi Port,gewaehlt,"Legaspi, Philippines [harmonics_att_np203_scs.txt]",Flach weg,,,,,,,0.605,0.547,Gruppe lokal n=9 -0.77 Punkte,schreiben (Gruppenbeleg lokal)
harmonics_noaa_cptt.txt,"Matarinao Bay, Eastern Samar, Philippines",cptt-2439,Legaspi Port,gewaehlt,"Legaspi, Philippines [harmonics_att_np203_scs.txt]",Flach weg,,,,,,,0.621,0.561,Gruppe lokal n=7 -0.48 Punkte,schreiben (Gruppenbeleg lokal)
harmonics_noaa_cptt.txt,"Guiuan, Eastern Samar, Philippines",cptt-2441,Legaspi Port,gewaehlt,"Legaspi, Philippines [harmonics_att_np203_scs.txt]",Flach weg,15.5,15.03,,,,,0.318,0.287,Wahrheit ok,schreiben
harmonics_noaa_cptt.txt,"Port Cataingan, Masbate, Philippines",cptt-2443,Cebu,bau,"Cebu, Philippines [harmonics_ticon4_worldwide.txt]",Flach behalten,6.14,5.46,,,,,0.455,0.419,Wahrheit ok,schreiben
harmonics_noaa_cptt.txt,"Nin Bay, Masbate, Philippines",cptt-2445,Cebu,bau,"Cebu, Philippines [harmonics_ticon4_worldwide.txt]",Flach behalten,4.17,4.1,,,,,0.482,0.444,Wahrheit ok,schreiben
harmonics_noaa_cptt.txt,"Port Barrera, Masbate, Philippines",cptt-2447,Cebu,bau,"Cebu, Philippines [harmonics_ticon4_worldwide.txt]",Flach behalten,,,,,5.45,4.64,0.482,0.444,Nachbarn ok,schreiben
harmonics_noaa_cptt.txt,"Masbate, Masbate, Philippines",cptt-2449,Cebu,bau,"Cebu, Philippines [harmonics_ticon4_worldwide.txt]",Flach behalten,5.55,5.08,,,,,0.482,0.444,Wahrheit ok,schreiben
harmonics_noaa_cptt.txt,"Dimasalang, Naro Bay, Masbate, Philippines",cptt-2451,Cebu,bau,"Cebu, Philippines [harmonics_ticon4_worldwide.txt]",Flach behalten,,,,,,,0.469,0.432,Gruppe lokal n=44 -0.35 Punkte,schreiben (Gruppenbeleg lokal)
harmonics_noaa_cptt.txt,"Port San Miguel, Ticao Island, Sorsogon, Philippines",cptt-2453,Cebu,bau,"Cebu, Philippines [harmonics_ticon4_worldwide.txt]",Flach behalten,,,,,,,0.482,0.444,Gruppe lokal n=38 -0.36 Punkte,schreiben (Gruppenbeleg lokal)
harmonics_noaa_cptt.txt,"San Jacinto, Ticao Island, Sorsogon, Philippines",cptt-2455,Cebu,bau,"Cebu, Philippines [harmonics_ticon4_worldwide.txt]",Flach behalten,,,,,,,0.428,0.395,Gruppe lokal n=40 -0.36 Punkte,schreiben (Gruppenbeleg lokal)
harmonics_noaa_cptt.txt,"Batuan Bay, Ticao Island, Masbate, Philippines",cptt-2457,Cebu,bau,"Cebu, Philippines [harmonics_ticon4_worldwide.txt]",Flach behalten,4.49,3.99,,,,,0.348,0.321,Wahrheit ok,schreiben
harmonics_noaa_cptt.txt,"Port Boca Engano, Burias Island, Masbate, Philippines",cptt-2459,Cebu,bau,"Cebu, Philippines [harmonics_ticon4_worldwide.txt]",Flach behalten,,,,,,,0.495,0.456,Gruppe lokal n=37 -0.35 Punkte,schreiben (Gruppenbeleg lokal)
harmonics_noaa_cptt.txt,"San Pascual, Burias Island, Camarines Sur, Philippines",cptt-2461,Cebu,bau,"Cebu, Philippines [harmonics_ticon4_worldwide.txt]",Flach behalten,4.96,4.51,,,,,0.522,0.481,Wahrheit ok,schreiben
harmonics_noaa_cptt.txt,"Cangouac Point, Sibuyan Island, Romblon, Philippines",cptt-2463,Cebu,bau,"Cebu, Philippines [harmonics_ticon4_worldwide.txt]",Flach behalten,,,,,,,0.522,0.481,Gruppe lokal n=38 -0.33 Punkte,schreiben (Gruppenbeleg lokal)
harmonics_noaa_cptt.txt,"Romblon, Romblon Island, Romblon, Philippines",cptt-2465,Cebu,bau,"Cebu, Philippines [harmonics_ticon4_worldwide.txt]",Flach behalten,4.67,4.54,,,,,0.495,0.456,Wahrheit ok,schreiben
harmonics_noaa_cptt.txt,"Guimbiravan, Tablas Island, Aklan, Philippines",cptt-2467,Cebu,bau,"Cebu, Philippines [harmonics_ticon4_worldwide.txt]",Flach behalten,,,,,,,0.522,0.481,Gruppe lokal n=37 -0.31 Punkte,schreiben (Gruppenbeleg lokal)
harmonics_noaa_cptt.txt,"Looc, Tablas Island, Romblon, Philippines",cptt-2469,Cebu,bau,"Cebu, Philippines [harmonics_ticon4_worldwide.txt]",Flach behalten,5.92,5.04,,,,,0.469,0.432,Wahrheit ok,schreiben
harmonics_noaa_cptt.txt,"Port Concepcion, Maestre de Campo I, Romblon, Philippines",cptt-2471,Cebu,bau,"Cebu, Philippines [harmonics_ticon4_worldwide.txt]",Flach behalten,4.69,4.38,,,,,0.442,0.407,Wahrheit ok,schreiben
harmonics_noaa_cptt.txt,"Port Balanacan, Marinduque, Philippines",cptt-2473,Cebu,bau,"Cebu, Philippines [harmonics_ticon4_worldwide.txt]",Flach behalten,4.42,4.6,,,,,0.402,0.37,Wahrheit ok,schreiben
harmonics_noaa_cptt.txt,"Santa Cruz Harbor, Marinduque, Philippines",cptt-2475,Cebu,bau,"Cebu, Philippines [harmonics_ticon4_worldwide.txt]",Flach behalten,,,,,,,0.415,0.382,Gruppe lokal n=24 -0.34 Punkte,schreiben (Gruppenbeleg lokal)
harmonics_noaa_cptt.txt,"Torrijos, Marinduque, Philippines",cptt-2477,Cebu,bau,"Cebu, Philippines [harmonics_ticon4_worldwide.txt]",Flach behalten,,,,,,,0.442,0.407,Gruppe lokal n=27 -0.35 Punkte,schreiben (Gruppenbeleg lokal)
harmonics_noaa_cptt.txt,"Port Galera, Oriental Mindoro, Philippines",cptt-2479,Cebu,bau,"Cebu, Philippines [harmonics_ticon4_worldwide.txt]",Flach behalten,,,,,,,0.295,0.271,Gruppe lokal n=16 -0.29 Punkte,schreiben (Gruppenbeleg lokal)
harmonics_noaa_cptt.txt,"Calapan Bay, Oriental Mindoro, Philippines",cptt-2481,Cebu,bau,"Cebu, Philippines [harmonics_ticon4_worldwide.txt]",Flach behalten,5.58,5.41,,,,,0.375,0.345,Wahrheit ok,schreiben
harmonics_noaa_cptt.txt,"Mansalay, Occidental Mindoro, Philippines",cptt-2483,Cebu,bau,"Cebu, Philippines [harmonics_ticon4_worldwide.txt]",Flach behalten,4.7,4.39,,,,,0.442,0.407,Wahrheit ok,schreiben
harmonics_noaa_cptt.txt,"Mangarin, Occidental Mindoro, Philippines",cptt-2485,Manila,bau,"Manila, Philippines [harmonics_ticon4_worldwide.txt]",Flach behalten,7.27,6.11,,,,,0.22,0.2,Wahrheit ok,schreiben
harmonics_noaa_cptt.txt,"Sablayan, Occidental Mindoro, Philippines",cptt-2487,Manila,bau,"Manila, Philippines [harmonics_ticon4_worldwide.txt]",Flach behalten,,,,,,,0.214,0.194,Gruppe lokal n=11 -1.16 Punkte,schreiben (Gruppenbeleg lokal)
harmonics_noaa_cptt.txt,"Paluan, Occidental Mindoro, Philippines",cptt-2489,Manila,bau,"Manila, Philippines [harmonics_ticon4_worldwide.txt]",Flach behalten,7.07,5.92,,,,,0.214,0.194,Wahrheit ok,schreiben
harmonics_noaa_cptt.txt,"Port Tilig (Lubang Island), Occidental Mindoro, Philippines",cptt-2491,Manila,bau,"Manila, Philippines [harmonics_ticon4_worldwide.txt]",Flach behalten,3.4,1.7,9.3,7.5,,,0.208,0.189,"Wahrheit ok, Pegel ok",schreiben
harmonics_noaa_cptt.txt,"Anilao, Balayan Bay, Batangas, Philippines",cptt-2493,Manila,bau,"Manila, Philippines [harmonics_ticon4_worldwide.txt]",Flach behalten,9.25,7.91,,,,,0.22,0.2,Wahrheit ok,schreiben
harmonics_noaa_cptt.txt,"Corregidor Island, Manila Bay, Bataan, Philippines",cptt-2495,Manila,bau,"Manila, Philippines [harmonics_ticon4_worldwide.txt]",Flach behalten,7.58,6.47,,,,,0.196,0.178,Wahrheit ok,schreiben
harmonics_noaa_cptt.txt,"Cavite, Manila Bay, Bataan, Philippines",cptt-2497,Manila,bau,"Manila, Philippines [harmonics_ticon4_worldwide.txt]",Flach behalten,,,,,,,0.19,0.173,Gruppe lokal n=9 -1.16 Punkte,schreiben (Gruppenbeleg lokal)
harmonics_noaa_cptt.txt,"Olongapo, Subic Bay, Bataan, Philippines",cptt-2501,Manila,bau,"Manila, Philippines [harmonics_ticon4_worldwide.txt]",Flach behalten,6.84,5.81,,,,,0.178,0.162,Wahrheit ok,schreiben
harmonics_noaa_cptt.txt,"Port Silanguin, Bataan, Philippines",cptt-2503,Manila,bau,"Manila, Philippines [harmonics_ticon4_worldwide.txt]",Flach behalten,,,,,,,0.178,0.162,Gruppe lokal n=8 -1.15 Punkte,schreiben (Gruppenbeleg lokal)
harmonics_noaa_cptt.txt,"Port Masinloc, Zambales, Philippines",cptt-2505,Manila,bau,"Manila, Philippines [harmonics_ticon4_worldwide.txt]",Flach behalten,,,,,6.01,6.15,0.167,0.151,Nachbarn ok,schreiben
harmonics_noaa_cptt.txt,"Santa Cruz, Zambales, Philippines",cptt-2507,Manila,bau,"Manila, Philippines [harmonics_ticon4_worldwide.txt]",Flach behalten,7.39,6.02,,,,,0.161,0.146,Wahrheit ok,schreiben
harmonics_noaa_cptt.txt,"Bolinao, Lingayen Gulf, La Union, Philippines",cptt-2509,San Fernando Harbor,bau,"San Fernando, Philippines [harmonics_att_np203_scs.txt]",Flach behalten,7.95,4.34,,,,,0.088,0.095,Wahrheit ok,schreiben
harmonics_noaa_cptt.txt,"Sual, Lingayen Gulf, Zambales, Philippines",cptt-2511,San Fernando Harbor,bau,"San Fernando, Philippines [harmonics_att_np203_scs.txt]",Flach behalten,7.22,5.78,,,,,0.088,0.095,Wahrheit ok,schreiben
harmonics_noaa_cptt.txt,"Santo Tomas, Lingayen Gulf, La Union, Philippines",cptt-2513,San Fernando Harbor,bau,"San Fernando, Philippines [harmonics_att_np203_scs.txt]",Flach behalten,,,,,,,0.088,0.095,Gruppe lokal n=4 -2.52 Punkte,schreiben (Gruppenbeleg lokal)
harmonics_noaa_cptt.txt,"Solvec Cove, La Union, Philippines",cptt-2517,San Fernando Harbor,bau,"San Fernando, Philippines [harmonics_att_np203_scs.txt]",Flach behalten,,,,,,,0.081,0.088,Gruppe lokal n=4 -2.52 Punkte,schreiben (Gruppenbeleg lokal)
harmonics_noaa_cptt.txt,"Salomague, Cagayan, Philippines",cptt-2519,San Fernando Harbor,bau,"San Fernando, Philippines [harmonics_att_np203_scs.txt]",Flach behalten,11.48,10.51,,,,,0.07,0.076,Wahrheit ok,schreiben
harmonics_noaa_cptt.txt,"Laoag River entrance, Cagayan, Philippines",cptt-2521,San Fernando Harbor,bau,"San Fernando, Philippines [harmonics_att_np203_scs.txt]",Flach behalten,,,,,,,0.067,0.072,Gruppe lokal n=4 -2.52 Punkte,schreiben (Gruppenbeleg lokal)
harmonics_noaa_cptt.txt,"Nagabungan Bay, Cagayan, Philippines",cptt-2523,San Fernando Harbor,bau,"San Fernando, Philippines [harmonics_att_np203_scs.txt]",Flach behalten,19.93,16.08,,,,,0.07,0.076,Wahrheit ok,schreiben
harmonics_noaa_cptt.txt,"Claveria Bay, Cagayan, Philippines",cptt-2525,Legaspi Port,bau,"Legaspi, Philippines [harmonics_att_np203_scs.txt]",Flach behalten,13.94,13.63,,,,,0.227,0.205,Wahrheit ok,schreiben
harmonics_noaa_cptt.txt,"Aparri, Cagayan River, Cagayan, Philippines",cptt-2527,Legaspi Port,bau,"Legaspi, Philippines [harmonics_att_np203_scs.txt]",Flach behalten,6.3,6.39,,,,,0.409,0.369,Wahrheit ok,schreiben
harmonics_noaa_cptt.txt,"Camalaniugan, Cagayan River, Cagayan, Philippines",cptt-2529,Legaspi Port,bau,"Legaspi, Philippines [harmonics_att_np203_scs.txt]",Flach behalten,,,,,,,0.424,0.383,Gruppe lokal n=12 -0.53 Punkte,schreiben (Gruppenbeleg lokal)
harmonics_noaa_cptt.txt,"Port San Vicente, Cagayan, Philippines",cptt-2531,Legaspi Port,bau,"Legaspi, Philippines [harmonics_att_np203_scs.txt]",Flach behalten,3.57,2.62,,,,,0.439,0.397,Wahrheit ok,schreiben
harmonics_noaa_cptt.txt,"Port San Pio Quinto, Camiguin Island, Cagayan, Philippines",cptt-2533,Legaspi Port,bau,"Legaspi, Philippines [harmonics_att_np203_scs.txt]",Flach behalten,3.45,4.1,,,,,0.409,0.369,Wahrheit schlechter,behalten (Beleg schlechter)
harmonics_noaa_cptt.txt,"Musa Bay, Fuga Island, Cagayan, Philippines",cptt-2535,Legaspi Port,bau,"Legaspi, Philippines [harmonics_att_np203_scs.txt]",Flach behalten,9.63,9.51,,,,,0.272,0.246,Wahrheit ok,schreiben
harmonics_noaa_cptt.txt,"Calayan Island, Cagayan, Philippines",cptt-2537,Legaspi Port,bau,"Legaspi, Philippines [harmonics_att_np203_scs.txt]",Flach behalten,,,,,,,0.409,0.369,Gruppe lokal n=9 -0.31 Punkte,schreiben (Gruppenbeleg lokal)
harmonics_noaa_cptt.txt,"Babuyan Island, Batanes, Philippines",cptt-2539,Legaspi Port,bau,"Legaspi, Philippines [harmonics_att_np203_scs.txt]",Flach behalten,5.05,3.74,,,,,0.484,0.438,Wahrheit ok,schreiben
harmonics_noaa_cptt.txt,"Basco, Batan Island, Batanes, Philippines",cptt-2541,Legaspi Port,bau,"Legaspi, Philippines [harmonics_att_np203_scs.txt]",Flach behalten,9.83,9.92,,,,,0.303,0.274,Wahrheit ok,schreiben
harmonics_noaa_cptt.txt,"Patunungan Bay, Cagayan, Philippines",cptt-2543,Legaspi Port,bau,"Legaspi, Philippines [harmonics_att_np203_scs.txt]",Flach behalten,4.12,2.77,,,,,0.484,0.438,Wahrheit ok,schreiben
harmonics_noaa_cptt.txt,"Divilacan Bay, Cagayan, Philippines",cptt-2545,Legaspi Port,bau,"Legaspi, Philippines [harmonics_att_np203_scs.txt]",Flach behalten,,,,,,,0.484,0.438,Gruppe lokal n=14 -0.68 Punkte,schreiben (Gruppenbeleg lokal)
harmonics_noaa_cptt.txt,"Port Bicobian, Cagayan, Philippines",cptt-2547,Legaspi Port,bau,"Legaspi, Philippines [harmonics_att_np203_scs.txt]",Flach behalten,3.67,2.92,,,,,0.514,0.465,Wahrheit ok,schreiben
harmonics_noaa_cptt.txt,"Diapitan Bay, Aurora, Philippines",cptt-2549,Legaspi Port,bau,"Legaspi, Philippines [harmonics_att_np203_scs.txt]",Flach behalten,2.6,2.39,,,,,0.499,0.452,Wahrheit ok,schreiben
harmonics_noaa_cptt.txt,"Casiguran Bay, Aurora, Philippines",cptt-2551,Legaspi Port,bau,"Legaspi, Philippines [harmonics_att_np203_scs.txt]",Flach behalten,2.71,1.52,,,,,0.56,0.506,Wahrheit ok,schreiben
harmonics_noaa_cptt.txt,"Baler Bay, Aurora, Philippines",cptt-2553,Legaspi Port,bau,"Legaspi, Philippines [harmonics_att_np203_scs.txt]",Flach behalten,4.06,2.86,,,,,0.56,0.506,Wahrheit ok,schreiben
harmonics_noaa_cptt.txt,"Umiray River ent., Dingalan Bay, Quezon, Philippines",cptt-2555,Legaspi Port,bau,"Legaspi, Philippines [harmonics_att_np203_scs.txt]",Flach behalten,2.79,2.5,,,,,0.56,0.506,Wahrheit ok,schreiben
harmonics_noaa_cptt.txt,"Hook Bay, Polillo Island, Quezon, Philippines",cptt-2557,Legaspi Port,gewaehlt,"Legaspi, Philippines [harmonics_att_np203_scs.txt]",Flach weg,2.87,2.08,,,,,0.575,0.52,Wahrheit ok,schreiben
harmonics_noaa_cptt.txt,"Burdeos Bay, Polillo Island, Quezon, Philippines",cptt-2559,Legaspi Port,gewaehlt,"Legaspi, Philippines [harmonics_att_np203_scs.txt]",Flach weg,4.21,3.61,,,,,0.59,0.534,Wahrheit ok,schreiben
harmonics_noaa_cptt.txt,"Polillo, Polillo Island, Quezon, Philippines",cptt-2561,Legaspi Port,gewaehlt,"Legaspi, Philippines [harmonics_att_np203_scs.txt]",Flach weg,,,,,,,0.621,0.561,Gruppe lokal n=15 -0.99 Punkte,schreiben (Gruppenbeleg lokal)
harmonics_noaa_cptt.txt,"Port Lampon, Quezon, Philippines",cptt-2563,Legaspi Port,gewaehlt,"Legaspi, Philippines [harmonics_att_np203_scs.txt]",Flach weg,2.8,1.81,,,,,0.636,0.575,Wahrheit ok,schreiben
harmonics_noaa_cptt.txt,"Sangirin Bay, Quezon, Philippines",cptt-2565,Legaspi Port,gewaehlt,"Legaspi, Philippines [harmonics_att_np203_scs.txt]",Flach weg,,,,,,,0.681,0.616,Gruppe lokal n=14 -0.99 Punkte,schreiben (Gruppenbeleg lokal)
harmonics_noaa_cptt.txt,"Atimonan, Marinduque, Philippines",cptt-2567,Legaspi Port,gewaehlt,"Legaspi, Philippines [harmonics_att_np203_scs.txt]",Flach weg,3.31,2.69,,,,,0.681,0.616,Wahrheit ok,schreiben
harmonics_noaa_cptt.txt,"Apat Bay, Camarines Norte, Philippines",cptt-2569,Legaspi Port,gewaehlt,"Legaspi, Philippines [harmonics_att_np203_scs.txt]",Flach weg,,,,,,,0.681,0.616,Gruppe lokal n=14 -0.99 Punkte,schreiben (Gruppenbeleg lokal)
harmonics_noaa_cptt.txt,"Capalonga, Camarines Norte, Philippines",cptt-2571,Legaspi Port,gewaehlt,"Legaspi, Philippines [harmonics_att_np203_scs.txt]",Flach weg,,,,,,,0.621,0.561,Gruppe lokal n=14 -0.99 Punkte,schreiben (Gruppenbeleg lokal)
harmonics_noaa_cptt.txt,"Port Jose Panganiban, Camarines Norte, Philippines",cptt-2573,Legaspi Port,gewaehlt,"Legaspi, Philippines [harmonics_att_np203_scs.txt]",Flach weg,3.87,2.7,,,,,0.636,0.575,Wahrheit ok,schreiben
harmonics_noaa_cptt.txt,"Guintinua Island, Calagua Islands, Camarines Norte, Philippines",cptt-2575,Legaspi Port,gewaehlt,"Legaspi, Philippines [harmonics_att_np203_scs.txt]",Flach weg,,,,,,,0.621,0.561,Gruppe lokal n=14 -0.99 Punkte,schreiben (Gruppenbeleg lokal)
harmonics_noaa_cptt.txt,"Mercedes, Camarines Norte, Philippines",cptt-2577,Legaspi Port,gewaehlt,"Legaspi, Philippines [harmonics_att_np203_scs.txt]",Flach weg,,,,,,,0.605,0.547,Gruppe lokal n=15 -0.99 Punkte,schreiben (Gruppenbeleg lokal)
harmonics_noaa_cptt.txt,"Cabgan Island, San Miguel Bay, Camarines Sur, Philippines",cptt-2579,Legaspi Port,gewaehlt,"Legaspi, Philippines [harmonics_att_np203_scs.txt]",Flach weg,3.06,2.01,,,,,0.757,0.684,Wahrheit ok,schreiben
harmonics_noaa_cptt.txt,"Sisiran Bay, Catanduanes, Philippines",cptt-2581,Legaspi Port,gewaehlt,"Legaspi, Philippines [harmonics_att_np203_scs.txt]",Flach weg,3.35,2.36,,,,,0.605,0.547,Wahrheit ok,schreiben
harmonics_noaa_cptt.txt,"Tabgon Bay, Catanduanes, Philippines",cptt-2583,Legaspi Port,gewaehlt,"Legaspi, Philippines [harmonics_att_np203_scs.txt]",Flach weg,,,,,,,0.605,0.547,Gruppe lokal n=13 -0.99 Punkte,schreiben (Gruppenbeleg lokal)
harmonics_noaa_cptt.txt,"Hitoma, Catanduanes Island, Catanduanes, Philippines",cptt-2585,Legaspi Port,gewaehlt,"Legaspi, Philippines [harmonics_att_np203_scs.txt]",Flach weg,,,,,,,0.605,0.547,Gruppe lokal n=12 -1.02 Punkte,schreiben (Gruppenbeleg lokal)
harmonics_noaa_cptt.txt,"Port Anajao, Catanduances Island, Catanduanes, Philippines",cptt-2587,Legaspi Port,gewaehlt,"Legaspi, Philippines [harmonics_att_np203_scs.txt]",Flach weg,5.51,2.96,,,,,0.59,0.534,Wahrheit ok,schreiben
harmonics_noaa_cptt.txt,"Virac, Catanduances Island, Catanduanes, Philippines",cptt-2589,Legaspi Port,gewaehlt,"Legaspi, Philippines [harmonics_att_np203_scs.txt]",Flach weg,5.21,4.98,,,,,0.636,0.575,Wahrheit ok,schreiben
harmonics_noaa_cptt.txt,"Tabaco, Tabaco Bay, Catanduanes, Philippines",cptt-2591,Legaspi Port,gewaehlt,"Legaspi, Philippines [harmonics_att_np203_scs.txt]",Flach weg,2.53,1.2,,,,,0.59,0.534,Wahrheit ok,schreiben
harmonics_noaa_cptt.txt,"Batan Island, Catanduanes, Philippines",cptt-2593,Legaspi Port,gewaehlt,"Legaspi, Philippines [harmonics_att_np203_scs.txt]",Flach weg,,,,,,,0.605,0.547,Gruppe lokal n=10 -1.11 Punkte,schreiben (Gruppenbeleg lokal)
harmonics_noaa_cptt.txt,"Gubat, Sorsogon, Philippines",cptt-2597,Legaspi Port,gewaehlt,"Legaspi, Philippines [harmonics_att_np203_scs.txt]",Flach weg,,,,,,,0.56,0.506,Gruppe lokal n=10 -1.11 Punkte,schreiben (Gruppenbeleg lokal)
harmonics_noaa_cptt.txt,"San Bernardino Island, Northern Samar, Philippines",cptt-2599,Legaspi Port,gewaehlt,"Legaspi, Philippines [harmonics_att_np203_scs.txt]",Flach weg,,,,,,,0.394,0.356,Gruppe lokal n=10 -1.11 Punkte,schreiben (Gruppenbeleg lokal)
harmonics_noaa_cptt.txt,"Butag Bay, Sorsogon, Philippines",cptt-2601,Cebu,bau,"Cebu, Philippines [harmonics_ticon4_worldwide.txt]",Flach behalten,4.82,4.25,,,,,0.361,0.333,Wahrheit ok,schreiben
harmonics_noaa_cptt.txt,"Bagatao Island, Sorsogon, Philippines",cptt-2603,Cebu,bau,"Cebu, Philippines [harmonics_ticon4_worldwide.txt]",Flach behalten,4.62,3.95,,,,,0.455,0.419,Wahrheit ok,schreiben
harmonics_noaa_cptt.txt,"Sorsogon, Sorsogon, Philippines",cptt-2605,Cebu,bau,"Cebu, Philippines [harmonics_ticon4_worldwide.txt]",Flach behalten,5.7,5.49,,,,,0.402,0.37,Wahrheit ok,schreiben
harmonics_noaa_cptt.txt,"Pasacao, Ragay Gulf, Camarines Sur, Philippines",cptt-2607,Cebu,bau,"Cebu, Philippines [harmonics_ticon4_worldwide.txt]",Flach behalten,4.63,4.55,,,,,0.469,0.432,Wahrheit ok,schreiben
harmonics_noaa_cptt.txt,"Guinayangan, Ragay Gulf, Camarines Norte, Philippines",cptt-2609,Cebu,bau,"Cebu, Philippines [harmonics_ticon4_worldwide.txt]",Flach behalten,5.3,5.02,,,,,0.509,0.469,Wahrheit ok,schreiben
harmonics_noaa_cptt.txt,"Port Pusgo, Camarines Sur, Philippines",cptt-2611,Cebu,bau,"Cebu, Philippines [harmonics_ticon4_worldwide.txt]",Flach behalten,5.07,4.36,,,,,0.536,0.493,Wahrheit ok,schreiben
harmonics_noaa_cptt.txt,"Aguasa Bay, Camarines Sur, Philippines",cptt-2613,Cebu,bau,"Cebu, Philippines [harmonics_ticon4_worldwide.txt]",Flach behalten,4.68,4.97,,,,,0.455,0.419,Wahrheit ok,schreiben
harmonics_noaa_cptt.txt,"Catanauan, Marinduque, Philippines",cptt-2615,Cebu,bau,"Cebu, Philippines [harmonics_ticon4_worldwide.txt]",Flach behalten,,,,,,,0.442,0.407,Gruppe lokal n=25 -0.31 Punkte,schreiben (Gruppenbeleg lokal)
harmonics_noaa_cptt.txt,"Pitogo, Marinduque, Philippines",cptt-2617,Cebu,bau,"Cebu, Philippines [harmonics_ticon4_worldwide.txt]",Flach behalten,,,,,,,0.388,0.358,Gruppe lokal n=23 -0.31 Punkte,schreiben (Gruppenbeleg lokal)
harmonics_noaa_cptt.txt,"Tayabas River entrance, Marinduque, Philippines",cptt-2619,Cebu,bau,"Cebu, Philippines [harmonics_ticon4_worldwide.txt]",Flach behalten,4.85,4.55,,,,,0.402,0.37,Wahrheit ok,schreiben
harmonics_noaa_cptt.txt,"Koror, Palau",cptt-2637,Malakal Harbor,bau,"Malakal Harbor, Palau [harmonics-dwf-20251228-free.txt]",Flach behalten,1.47,0.93,,,,,0.574,0.532,Wahrheit ok,schreiben
harmonics_noaa_cptt.txt,"Tomil Harbor, Yap Island, Micronesia",cptt-2645,Malakal Harbor,bau,"Malakal Harbor, Palau [harmonics-dwf-20251228-free.txt]",Flach behalten,2.64,2.42,,,,,0.438,0.406,Wahrheit ok,schreiben
harmonics_noaa_cptt.txt,"Ulithi Islands, Micronesia",cptt-2647,Malakal Harbor,bau (ohne Pruefstand),"Malakal Harbor, Palau [harmonics-dwf-20251228-free.txt]",Flach behalten,,,,,,,0.393,0.364,,offen (ohne Beleg)
harmonics_noaa_cptt.txt,"Woleai Islands, Micronesia",cptt-2649,Guam,bau (ohne Pruefstand),"Pago Bay, Guam [harmonics-dwf-20251228-free.txt]",Flach behalten,,,,,,,0.202,0.182,,offen (ohne Beleg)
harmonics_noaa_cptt.txt,"Lamotrek Atoll, Micronesia",cptt-2653,Guam,bau (ohne Pruefstand),"Pago Bay, Guam [harmonics-dwf-20251228-free.txt]",Flach behalten,,,,,,,0.173,0.156,,offen (ohne Beleg)
harmonics_noaa_cptt.txt,"Moen Island, Truk Islands, FSM",cptt-2659,Chuuk,behalten,,,,,,,,,,,,behalten (Gruppe am Pruefstand schlechter)
harmonics_noaa_cptt.txt,"Dublon Island, Truk Islands, Micronesia",cptt-2663,Chuuk,behalten,,,,,,,,,,,,behalten (Gruppe am Pruefstand schlechter)
harmonics_noaa_cptt.txt,"Marcus Island, Tokyo, Japan",cptt-2675,Pohnpei Harbor,bau,"Pohnpei Harbor, Caroline Islands, Micronesia [harmonics-2004-06-14_mod.txt]",Flach behalten,16.11,16.79,27.2,19.4,,,0.198,0.184,"Wahrheit schlechter, Pegel ok",behalten (Beleg schlechter)
harmonics_noaa_cptt.txt,"Oroluk Lagoon, Micronesia",cptt-2677,Pohnpei Harbor,bau (ohne Pruefstand),"Pohnpei Harbor, Caroline Islands, Micronesia [harmonics-2004-06-14_mod.txt]",Flach behalten,,,,,,,0.211,0.196,,offen (ohne Beleg)
harmonics_noaa_cptt.txt,"Ant Islands (Tauenai Channel), Micronesia",cptt-2679,Pohnpei Harbor,bau (ohne Pruefstand),"Pohnpei Harbor, Caroline Islands, Micronesia [harmonics-2004-06-14_mod.txt]",Flach behalten,,,,,,,0.264,0.245,,offen (ohne Beleg)
harmonics_noaa_cptt.txt,"Metalanim Harbor, Pohnpei Island, Micronesia",cptt-2683,Pohnpei Harbor,bau (ohne Pruefstand),"Pohnpei Harbor, Caroline Islands, Micronesia [harmonics-2004-06-14_mod.txt]",Flach behalten,,,,,,,0.329,0.306,,offen (ohne Beleg)
harmonics_noaa_cptt.txt,"Lele Harbor, Kusaie Island, Micronesia",cptt-2685,Kwajalein Atoll,bau (ohne Pruefstand),"Kwajalein, Marshall Islands [harmonics-dwf-20251228-free.txt]",Flach behalten,,,,,,,0.462,0.42,,offen (ohne Beleg)
harmonics_noaa_cptt.txt,"Ujelang Atoll, Marshall Islands",cptt-2689,Kwajalein Atoll,bau (ohne Pruefstand),"Kwajalein, Marshall Islands [harmonics-dwf-20251228-free.txt]",Flach behalten,,,,,,,0.404,0.367,,offen (ohne Beleg)
harmonics_noaa_cptt.txt,"Enewetak, Marshall Islands",cptt-2691,Kwajalein Atoll,bau (ohne Pruefstand),"Kwajalein, Marshall Islands [harmonics-dwf-20251228-free.txt]",Flach behalten,,,,,,,0.39,0.354,,offen (ohne Beleg)
harmonics_noaa_cptt.txt,"Hao (Bow or La Harpe) Island, French Polynesia",cptt-2825,Pago Pago,bau,"Pago Pago, American Samoa [harmonics-dwf-20251228-free.txt]",Flach behalten,18.26,15.17,10.6,8.6,,,0.302,0.274,"Wahrheit ok, Pegel ok",schreiben
harmonics_noaa_cptt.txt,"Rahiroa (Rangiroa) Island, French Polynesia",cptt-2827,Pago Pago,bau,"Pago Pago, American Samoa [harmonics-dwf-20251228-free.txt]",Flach behalten,34.11,29.53,,,,,0.27,0.245,Wahrheit ok,schreiben
harmonics_noaa_cptt.txt,"Avarua, Rarotonga, Cook Islands",cptt-2845,Pago Pago,bau,"Pago Pago, American Samoa [harmonics-dwf-20251228-free.txt]",Flach behalten,9.3,8.11,,,,,0.286,0.259,Wahrheit ok,schreiben
harmonics_noaa_cptt.txt,"Suwarrow (Suvarov) Island, Cook Islands",cptt-2849,Pago Pago,bau (ohne Pruefstand),"Pago Pago, American Samoa [harmonics-dwf-20251228-free.txt]",Flach behalten,,,,,,,0.223,0.202,,offen (ohne Beleg)
harmonics_noaa_cptt.txt,"Asau Harbor, Savaii Island, Samoa Islands",cptt-2853,Apia,bau (ohne Pruefstand),"Apia, Samoa Islands [harmonics_ticon4_worldwide.txt]",Flach behalten,,,,,,,0.488,0.465,,offen (ohne Beleg)
harmonics_noaa_cptt.txt,"Niue Island, Niue",cptt-2861,Pago Pago,behalten,,,,,,,,,,,,behalten (Gruppe am Pruefstand schlechter)
harmonics_noaa_cptt.txt,"Wallis Islands (France), Tuvalu",cptt-2863,Apia,bau (ohne Pruefstand),"Apia, Samoa Islands [harmonics_ticon4_worldwide.txt]",Flach behalten,,,,,,,0.583,0.555,,offen (ohne Beleg)
harmonics_noaa_cptt.txt,"Neiafu, Tonga",cptt-2865,Apia,bau,"Apia, Samoa Islands [harmonics_ticon4_worldwide.txt]",Flach behalten,6.35,6.32,,,,,0.472,0.45,Wahrheit ok,schreiben
harmonics_noaa_cptt.txt,"Lifuka Island, Tonga",cptt-2867,Apia,bau,"Apia, Samoa Islands [harmonics_ticon4_worldwide.txt]",Flach behalten,7.29,6.8,,,,,0.457,0.435,Wahrheit ok,schreiben
harmonics_noaa_cptt.txt,"Nomuka, Tonga",cptt-2869,Apia,bau (ohne Pruefstand),"Apia, Samoa Islands [harmonics_ticon4_worldwide.txt]",Flach behalten,,,,,,,0.52,0.495,Gruppe lokal n=3 -0.23 Punkte,schreiben (Gruppenbeleg lokal)
harmonics_noaa_cptt.txt,"Nukualofa, Tonga",cptt-2871,Apia,bau,"Apia, Samoa Islands [harmonics_ticon4_worldwide.txt]",Flach behalten,4.17,3.94,,,,,0.551,0.525,Wahrheit ok,schreiben
harmonics_noaa_cptt.txt,"Raoul or Sunday Island, New Zealand",cptt-2873,Apia,bau (ohne Pruefstand),"Apia, Samoa Islands [harmonics_ticon4_worldwide.txt]",Flach behalten,,,,,19.55,19.12,0.472,0.45,Nachbarn ok,schreiben
harmonics_noaa_cptt.txt,"Tailevu, Viti Levu Island, Fiji",cptt-2875,Suva,bau,"Suva Harbor, Fiji Islands, Fiji [harmonics_ticon4_worldwide.txt]",Flach behalten,3.27,3.08,,,,,0.578,0.533,Wahrheit ok,schreiben
harmonics_noaa_cptt.txt,"Nandi Waters, Viti Levu, Fiji",cptt-2877,Suva,bau,"Suva Harbor, Fiji Islands, Fiji [harmonics_ticon4_worldwide.txt]",Flach behalten,,,,,,,0.658,0.607,,offen (ohne Beleg)
harmonics_noaa_cptt.txt,"Totoya Island, Fiji",cptt-2883,Suva,bau (ohne Pruefstand),"Suva Harbor, Fiji Islands, Fiji [harmonics_ticon4_worldwide.txt]",Flach behalten,,,,,,,0.61,0.562,,offen (ohne Beleg)
harmonics_noaa_cptt.txt,"Rotumah Island, Fiji",cptt-2897,Davao,bau (ohne Pruefstand),"Davao, Philippines [harmonics_ticon4_worldwide.txt]",Flach behalten,,,,,,,0.518,0.458,,offen (ohne Beleg)
harmonics_noaa_cptt.txt,"Tarawa Atoll, Kiribati",cptt-2911,Kwajalein Atoll,bau,"Kwajalein, Marshall Islands [harmonics-dwf-20251228-free.txt]",Flach behalten,2.72,1.71,,,,,0.635,0.577,Wahrheit ok,schreiben
harmonics_noaa_cptt.txt,"Paterson Inlet, Stewart Island, Southland, New Zealand",cptt-2919,Auckland,bau,"Auckland (Queens Wharf), New Zealand [harmonics_utide_observations.txt]",Flach behalten,4.33,4.37,,,,,0.884,0.787,Wahrheit ok,schreiben
harmonics_noaa_cptt.txt,"Akaroa, Canterbury, New Zealand",cptt-2921,Auckland,bau,"Auckland (Queens Wharf), New Zealand [harmonics_utide_observations.txt]",Flach behalten,4.46,3.75,,,,,0.932,0.83,Wahrheit ok,schreiben
harmonics_noaa_cptt.txt,"Oamaru, Canterbury, New Zealand",cptt-2925,Auckland,bau,"Auckland (Queens Wharf), New Zealand [harmonics_utide_observations.txt]",Flach behalten,6.16,5.56,,,,,0.739,0.658,Wahrheit ok,schreiben
harmonics_noaa_cptt.txt,"Port Chalmers, Otago Harbor, Otago, New Zealand",cptt-2929,Auckland,bau,"Auckland (Queens Wharf), New Zealand [harmonics_utide_observations.txt]",Flach behalten,4.21,4.42,15.8,16.1,,,0.82,0.73,"Wahrheit ok, Pegel schlechter",schreiben
harmonics_noaa_cptt.txt,"Dunedin, Otago Harbor, Otago, New Zealand",cptt-2931,Auckland,bau,"Auckland (Queens Wharf), New Zealand [harmonics_utide_observations.txt]",Flach behalten,6.41,6.26,,,,,0.836,0.744,Wahrheit ok,schreiben
harmonics_noaa_cptt.txt,"Nugget Point, Otago, New Zealand",cptt-2933,Auckland,bau,"Auckland (Queens Wharf), New Zealand [harmonics_utide_observations.txt]",Flach behalten,4.23,4.37,,,,,0.82,0.73,Wahrheit ok,schreiben
harmonics_noaa_cptt.txt,"Waipapa Point, Southland, New Zealand",cptt-2935,Auckland,bau,"Auckland (Queens Wharf), New Zealand [harmonics_utide_observations.txt]",Flach behalten,3.8,3.99,,,,,0.98,0.873,Wahrheit ok,schreiben
harmonics_noaa_cptt.txt,"New River, Southland, New Zealand",cptt-2939,Auckland,bau,"Auckland (Queens Wharf), New Zealand [harmonics_utide_observations.txt]",Flach behalten,11.19,9.96,,,,,1.125,1.002,Wahrheit ok,schreiben
harmonics_noaa_cptt.txt,"Colac Bay, Southland, New Zealand",cptt-2941,Auckland,bau,"Auckland (Queens Wharf), New Zealand [harmonics_utide_observations.txt]",Flach behalten,3.71,4.52,,,,,0.9,0.802,Wahrheit schlechter,behalten (Beleg schlechter)
harmonics_noaa_cptt.txt,"Preservation Inlet, Southland, New Zealand",cptt-2943,Auckland,bau,"Auckland (Queens Wharf), New Zealand [harmonics_utide_observations.txt]",Flach behalten,,,,,7.77,6.93,0.916,0.816,Nachbarn ok,schreiben
harmonics_noaa_cptt.txt,"Dusky Sound, Southland, New Zealand",cptt-2945,Auckland,bau,"Auckland (Queens Wharf), New Zealand [harmonics_utide_observations.txt]",Flach behalten,9.28,8.34,,,,,0.852,0.759,Wahrheit ok,schreiben
harmonics_noaa_cptt.txt,"Bligh Sound, Southland, New Zealand",cptt-2949,Auckland,bau,"Auckland (Queens Wharf), New Zealand [harmonics_utide_observations.txt]",Flach behalten,,,,,,,0.82,0.73,Gruppe lokal n=11 +0.14 Punkte,behalten (Gruppe lokal schlechter)
harmonics_noaa_cptt.txt,"Haast River entrance, Canterbury, New Zealand",cptt-2955,Auckland,bau,"Auckland (Queens Wharf), New Zealand [harmonics_utide_observations.txt]",Flach behalten,4.99,5.68,,,,,0.852,0.759,Wahrheit schlechter,behalten (Beleg schlechter)
harmonics_noaa_cptt.txt,"Bruce Bay, Canterbury, New Zealand",cptt-2957,Auckland,bau,"Auckland (Queens Wharf), New Zealand [harmonics_utide_observations.txt]",Flach behalten,,,,,4.72,5.64,0.884,0.787,Nachbarn schlechter,behalten (Beleg schlechter)
harmonics_noaa_cptt.txt,"Okarito, Canterbury, New Zealand",cptt-2959,Auckland,bau,"Auckland (Queens Wharf), New Zealand [harmonics_utide_observations.txt]",Flach behalten,4.81,5.85,,,,,0.9,0.802,Wahrheit schlechter,behalten (Beleg schlechter)
harmonics_noaa_cptt.txt,"Hokitika Bar, Canterbury, New Zealand",cptt-2961,Auckland,bau,"Auckland (Queens Wharf), New Zealand [harmonics_utide_observations.txt]",Flach behalten,5.16,6.32,,,,,0.916,0.816,Wahrheit schlechter,behalten (Beleg schlechter)
harmonics_noaa_cptt.txt,"Greymouth, Canterbury, New Zealand",cptt-2963,Auckland,bau,"Auckland (Queens Wharf), New Zealand [harmonics_utide_observations.txt]",Flach behalten,4.98,6.1,,,,,0.948,0.845,Wahrheit schlechter,behalten (Beleg schlechter)
harmonics_noaa_cptt.txt,"West Haven Inlet, Nelson, New Zealand",cptt-2967,Auckland,bau,"Auckland (Queens Wharf), New Zealand [harmonics_utide_observations.txt]",Flach behalten,5.7,6.35,,,,,1.206,1.074,Wahrheit schlechter,behalten (Beleg schlechter)
harmonics_noaa_cptt.txt,"Motupipi River entrance, Nelson, New Zealand",cptt-2969,Auckland,bau,"Auckland (Queens Wharf), New Zealand [harmonics_utide_observations.txt]",Flach behalten,13.07,11.01,,,,,1.881,1.675,Wahrheit ok,schreiben
harmonics_noaa_cptt.txt,"Astrolabe Road, Nelson, New Zealand",cptt-2971,Auckland,bau,"Auckland (Queens Wharf), New Zealand [harmonics_utide_observations.txt]",Flach behalten,14.13,11.26,,,,,1.977,1.761,Wahrheit ok,schreiben
harmonics_noaa_cptt.txt,"Croixilles Harbor, Nelson, New Zealand",cptt-2975,Auckland,bau,"Auckland (Queens Wharf), New Zealand [harmonics_utide_observations.txt]",Flach behalten,5.35,4.55,,,,,1.655,1.474,Wahrheit ok,schreiben
harmonics_noaa_cptt.txt,"Greville Harbor, D'Urville Island, Nelson, New Zealand",cptt-2977,Auckland,bau,"Auckland (Queens Wharf), New Zealand [harmonics_utide_observations.txt]",Flach behalten,9.39,8.34,,,,,1.318,1.174,Wahrheit ok,schreiben
harmonics_noaa_cptt.txt,"Stephens Island, Nelson, New Zealand",cptt-2979,Auckland,bau,"Auckland (Queens Wharf), New Zealand [harmonics_utide_observations.txt]",Flach behalten,6.36,6.37,,,,,0.98,0.873,Wahrheit ok,schreiben
harmonics_noaa_cptt.txt,"Elmslie Bay, Nelson, New Zealand",cptt-2981,Auckland,bau,"Auckland (Queens Wharf), New Zealand [harmonics_utide_observations.txt]",Flach behalten,13.03,10.66,,,,,1.238,1.102,Wahrheit ok,schreiben
harmonics_noaa_cptt.txt,"Pelorus Sound entrance, Nelson, New Zealand",cptt-2983,Auckland,bau,"Auckland (Queens Wharf), New Zealand [harmonics_utide_observations.txt]",Flach behalten,11.35,10.36,,,,,0.98,0.873,Wahrheit ok,schreiben
harmonics_noaa_cptt.txt,"Cape Campbell, Wellington, New Zealand",cptt-2989,Wellington,bau,"Wellington, Wellington, New Zealand [harmonics_ticon4_worldwide.txt]",Flach behalten,4.46,4.43,,,,,0.696,0.648,Wahrheit ok,schreiben
harmonics_noaa_cptt.txt,"Kaikoura Peninsula, Nelson, New Zealand",cptt-2991,Wellington,bau,"Wellington, Wellington, New Zealand [harmonics_ticon4_worldwide.txt]",Flach behalten,6.32,6.2,,,,,0.744,0.693,Wahrheit ok,schreiben
harmonics_noaa_cptt.txt,"Clyde, Wairoa River, Gisborne, New Zealand",cptt-2997,Wellington,bau,"Wellington, Wellington, New Zealand [harmonics_ticon4_worldwide.txt]",Flach behalten,5.45,5.55,,,,,0.728,0.678,Wahrheit ok,schreiben
harmonics_noaa_cptt.txt,"Napier, Gisborne, New Zealand",cptt-2999,Wellington,bau,"Wellington, Wellington, New Zealand [harmonics_ticon4_worldwide.txt]",Flach behalten,4.55,4.67,12.9,12.8,,,0.712,0.663,"Wahrheit ok, Pegel ok",schreiben
harmonics_noaa_cptt.txt,"Cape Palliser, Wellington, New Zealand",cptt-3001,Wellington,behalten,,,,,,,,,,,,behalten (Gruppe am Pruefstand schlechter)
harmonics_noaa_cptt.txt,"Porirua Harbor, Wellington, New Zealand",cptt-3005,Auckland,bau,"Auckland (Queens Wharf), New Zealand [harmonics_utide_observations.txt]",Flach behalten,9.92,7.38,,,,,0.546,0.487,Wahrheit ok,schreiben
harmonics_noaa_cptt.txt,"Manawatu River entrance, Manawatu-Whanganui, New Zealand",cptt-3007,Auckland,bau,"Auckland (Queens Wharf), New Zealand [harmonics_utide_observations.txt]",Flach behalten,12.89,12.25,,,,,0.852,0.759,Wahrheit ok,schreiben
harmonics_noaa_cptt.txt,"Wanganui River entrance, Manawatu-Whanganui, New Zealand",cptt-3009,Auckland,bau,"Auckland (Queens Wharf), New Zealand [harmonics_utide_observations.txt]",Flach behalten,,,,,,,0.9,0.802,Gruppe lokal n=16 -1.00 Punkte,schreiben (Gruppenbeleg lokal)
harmonics_noaa_cptt.txt,"Opunake Bay, Taranaki, New Zealand",cptt-3011,Auckland,bau,"Auckland (Queens Wharf), New Zealand [harmonics_utide_observations.txt]",Flach behalten,9.54,9.04,,,,,1.27,1.131,Wahrheit ok,schreiben
harmonics_noaa_cptt.txt,"Waitara River entrance, Taranaki, New Zealand",cptt-3015,Auckland,bau,"Auckland (Queens Wharf), New Zealand [harmonics_utide_observations.txt]",Flach behalten,5.1,4.09,,,,,1.35,1.202,Wahrheit ok,schreiben
harmonics_noaa_cptt.txt,"Kawhia, Taranaki, New Zealand",cptt-3017,Auckland,bau,"Auckland (Queens Wharf), New Zealand [harmonics_utide_observations.txt]",Flach behalten,10.4,7.45,,,,,1.27,1.131,Wahrheit ok,schreiben
harmonics_noaa_cptt.txt,"Waikato River, Auckland, New Zealand",cptt-3021,Auckland,bau,"Auckland (Queens Wharf), New Zealand [harmonics_utide_observations.txt]",Flach behalten,7.39,5.16,,,,,1.382,1.231,Wahrheit ok,schreiben
harmonics_noaa_cptt.txt,"Cornwallis, Manukau Harbor, Auckland, New Zealand",cptt-3025,Auckland,bau,"Auckland (Queens Wharf), New Zealand [harmonics_utide_observations.txt]",Flach behalten,3.55,4.04,,,,,1.302,1.159,Wahrheit schlechter,behalten (Beleg schlechter)
harmonics_noaa_cptt.txt,"Martins Bay, Hokianga River, Northland, New Zealand",cptt-3031,Auckland,bau,"Auckland (Queens Wharf), New Zealand [harmonics_utide_observations.txt]",Flach behalten,8.63,6.06,,,,,1.366,1.217,Wahrheit ok,schreiben
harmonics_noaa_cptt.txt,"Cape Maria van Diemen, Northland, New Zealand",cptt-3033,Auckland,bau,"Auckland (Queens Wharf), New Zealand [harmonics_utide_observations.txt]",Flach behalten,6.08,5.87,,,,,1.029,0.916,Wahrheit ok,schreiben
harmonics_noaa_cptt.txt,"Parengarenga, Northland, New Zealand",cptt-3035,Auckland,bau,"Auckland (Queens Wharf), New Zealand [harmonics_utide_observations.txt]",Flach behalten,,,,,,,0.932,0.83,Gruppe lokal n=8 -1.10 Punkte,schreiben (Gruppenbeleg lokal)
harmonics_noaa_cptt.txt,"Awanui River, Northland, New Zealand",cptt-3037,Auckland,bau,"Auckland (Queens Wharf), New Zealand [harmonics_utide_observations.txt]",Flach behalten,4.49,3.49,,,,,0.868,0.773,Wahrheit ok,schreiben
harmonics_noaa_cptt.txt,"Whangaroa, Northland, New Zealand",cptt-3039,Auckland,bau,"Auckland (Queens Wharf), New Zealand [harmonics_utide_observations.txt]",Flach behalten,,,,,3.26,2.66,0.868,0.773,Nachbarn ok,schreiben
harmonics_noaa_cptt.txt,"Port Russell, Northland, New Zealand",cptt-3041,Auckland,bau,"Auckland (Queens Wharf), New Zealand [harmonics_utide_observations.txt]",Flach behalten,3.78,2.61,,,,,0.9,0.802,Wahrheit ok,schreiben
harmonics_noaa_cptt.txt,"Whangarei Heads, Northland, New Zealand",cptt-3043,Auckland,bau,"Auckland (Queens Wharf), New Zealand [harmonics_utide_observations.txt]",Flach behalten,2.29,2.41,12.2,12.2,,,0.932,0.83,"Wahrheit ok, Pegel ok",schreiben
harmonics_noaa_cptt.txt,"Port Whangarei, railway wharf, Northland, New Zealand",cptt-3045,Auckland,bau,"Auckland (Queens Wharf), New Zealand [harmonics_utide_observations.txt]",Flach behalten,6.21,4.69,,,,,1.061,0.945,Wahrheit ok,schreiben
harmonics_noaa_cptt.txt,"Bon Accord Harbor, Kawau Island, Auckland, New Zealand",cptt-3047,Auckland,bau,"Auckland (Queens Wharf), New Zealand [harmonics_utide_observations.txt]",Flach behalten,7.62,6.33,,,,,1.141,1.016,Wahrheit ok,schreiben
harmonics_noaa_cptt.txt,"Nagle Cove, Great Barrier Island, Northland, New Zealand",cptt-3049,Auckland,bau,"Auckland (Queens Wharf), New Zealand [harmonics_utide_observations.txt]",Flach behalten,3.05,2.01,,,,,0.932,0.83,Wahrheit ok,schreiben
harmonics_noaa_cptt.txt,"Waiheke, Auckland, New Zealand",cptt-3053,Auckland,bau,"Auckland (Queens Wharf), New Zealand [harmonics_utide_observations.txt]",Flach behalten,3.79,2.45,,,,,1.222,1.088,Wahrheit ok,schreiben
harmonics_noaa_cptt.txt,"Coromandel, Auckland, New Zealand",cptt-3055,Auckland,bau,"Auckland (Queens Wharf), New Zealand [harmonics_utide_observations.txt]",Flach behalten,,,,,,,1.35,1.202,Gruppe lokal n=16 -1.02 Punkte,schreiben (Gruppenbeleg lokal)
harmonics_noaa_cptt.txt,"Mercury Bay, Auckland, New Zealand",cptt-3057,Auckland,bau,"Auckland (Queens Wharf), New Zealand [harmonics_utide_observations.txt]",Flach behalten,3.74,3.49,,,,,0.771,0.687,Wahrheit ok,schreiben
harmonics_noaa_cptt.txt,"Tauranga Harbor entrance, Auckland, New Zealand",cptt-3059,Auckland,bau,"Auckland (Queens Wharf), New Zealand [harmonics_utide_observations.txt]",Flach behalten,2.39,1.74,10.7,10.4,,,0.755,0.673,"Wahrheit ok, Pegel ok",schreiben
harmonics_noaa_cptt.txt,"Ohiwa, Gisborne, New Zealand",cptt-3061,Auckland,bau,"Auckland (Queens Wharf), New Zealand [harmonics_utide_observations.txt]",Flach behalten,10.07,9.24,,,,,0.788,0.701,Wahrheit ok,schreiben
harmonics_noaa_cptt.txt,"East Cape, Gisborne, New Zealand",cptt-3063,Auckland,bau,"Auckland (Queens Wharf), New Zealand [harmonics_utide_observations.txt]",Flach behalten,3.34,3.9,,,,,0.723,0.644,Wahrheit schlechter,behalten (Beleg schlechter)
harmonics_noaa_cptt.txt,"Port Goro, Toemo Island, New Caledonia",cptt-3065,Yokohama,bau,"Yokohama (Shinko), Kanagawa, Japan [harmonics_ticon4_worldwide.txt]",Flach behalten,6.41,7.19,8.8,10.5,,,0.291,0.25,"Wahrheit schlechter, Pegel schlechter",behalten (Beleg schlechter)
harmonics_noaa_cptt.txt,"Noumea, New Caledonia",cptt-3067,Yokohama,bau,"Yokohama (Shinko), Kanagawa, Japan [harmonics_ticon4_worldwide.txt]",Flach behalten,,,,,8.97,7.45,0.422,0.363,Nachbarn ok,schreiben
harmonics_noaa_cptt.txt,"Port Nepui, New Caledonia",cptt-3069,Yokohama,bau,"Yokohama (Shinko), Kanagawa, Japan [harmonics_ticon4_worldwide.txt]",Flach behalten,9.53,7.84,16.1,13.3,,,0.451,0.388,"Wahrheit ok, Pegel ok",schreiben
harmonics_noaa_cptt.txt,"Paagoumene, New Caledonia",cptt-3071,Yokohama,bau,"Yokohama (Shinko), Kanagawa, Japan [harmonics_ticon4_worldwide.txt]",Flach behalten,8.27,6.64,14.4,11.5,,,0.465,0.4,"Wahrheit ok, Pegel ok",schreiben
harmonics_noaa_cptt.txt,"Shepenehe Anchorage, New Caledonia",cptt-3073,Yokohama,bau,"Yokohama (Shinko), Kanagawa, Japan [harmonics_ticon4_worldwide.txt]",Flach behalten,22.68,19.56,28.4,25.9,,,0.611,0.526,"Wahrheit ok, Pegel ok",schreiben
harmonics_noaa_cptt.txt,"Vila Harbor, Efate Island, Vanuatu",cptt-3075,Yokohama,bau,"Yokohama (Shinko), Kanagawa, Japan [harmonics_ticon4_worldwide.txt]",Flach behalten,,,,,6.75,5.17,0.407,0.35,Nachbarn ok,schreiben
harmonics_noaa_cptt.txt,"Havannah Harbor, Efate Island, Vanuatu",cptt-3077,Yokohama,bau,"Yokohama (Shinko), Kanagawa, Japan [harmonics_ticon4_worldwide.txt]",Flach behalten,,,,,,,0.349,0.3,,offen (ohne Beleg)
harmonics_noaa_cptt.txt,"Port Sandwich, Malekula Island, Vanuatu",cptt-3079,Yokohama,bau,"Yokohama (Shinko), Kanagawa, Japan [harmonics_ticon4_worldwide.txt]",Flach behalten,,,,,,,0.407,0.35,,offen (ohne Beleg)
harmonics_noaa_cptt.txt,"Tangoa Island, Vanuatu",cptt-3081,Yokohama,bau,"Yokohama (Shinko), Kanagawa, Japan [harmonics_ticon4_worldwide.txt]",Flach behalten,4.9,4.69,,,,,0.305,0.263,Wahrheit ok,schreiben
harmonics_noaa_cptt.txt,"Aesi, Vanuatu",cptt-3085,Yokohama,bau,"Yokohama (Shinko), Kanagawa, Japan [harmonics_ticon4_worldwide.txt]",Flach behalten,,,,,,,0.436,0.375,,offen (ohne Beleg)
harmonics_noaa_cptt.txt,"Port Patteson, Banks Islands, Vanuatu",cptt-3087,Yokohama,bau (ohne Pruefstand),"Yokohama (Shinko), Kanagawa, Japan [harmonics_ticon4_worldwide.txt]",Flach behalten,,,,,,,0.305,0.263,,offen (ohne Beleg)
harmonics_noaa_cptt.txt,"Manevai Bay, Solomon Islands",cptt-3089,Yokohama,bau (ohne Pruefstand),"Yokohama (Shinko), Kanagawa, Japan [harmonics_ticon4_worldwide.txt]",Flach behalten,,,,,,,0.305,0.263,,offen (ohne Beleg)
harmonics_noaa_cptt.txt,"Kukum, Guadalcanal Island, Solomon Islands",cptt-3091,Dreger Harbor,bau (ohne Pruefstand),"Dreger Harbour, Papua New Guinea [harmonics-1997-05-25_mod.txt]",Flach behalten,,,,,,,0.042,0.053,,offen (ohne Beleg)
harmonics_noaa_cptt.txt,"Port Purvis, Florida Island, Solomon Islands",cptt-3093,Dreger Harbor,bau (ohne Pruefstand),"Dreger Harbour, Papua New Guinea [harmonics-1997-05-25_mod.txt]",Flach behalten,,,,,,,0.053,0.066,,offen (ohne Beleg)
harmonics_noaa_cptt.txt,"Tulagi Island, Solomon Islands",cptt-3095,Dreger Harbor,bau (ohne Pruefstand),"Dreger Harbour, Papua New Guinea [harmonics-1997-05-25_mod.txt]",Flach behalten,,,,,,,0.053,0.066,,offen (ohne Beleg)
harmonics_noaa_cptt.txt,"Auki Harbor, Malaita Island, Solomon Islands",cptt-3097,Cebu,bau (ohne Pruefstand),"Cebu, Philippines [harmonics_ticon4_worldwide.txt]",Flach behalten,,,,,,,0.388,0.358,,offen (ohne Beleg)
harmonics_noaa_cptt.txt,"Karunohu Island, Solomon Islands",cptt-3099,Dreger Harbor,gewaehlt,"Dreger Harbour, Papua New Guinea [harmonics-1997-05-25_mod.txt]",Flach weg,8.57,5.31,,,,,0.042,0.053,Wahrheit ok,schreiben
harmonics_noaa_cptt.txt,"Nususonga, New Georgia Island, Solomon Islands",cptt-3101,Dreger Harbor,gewaehlt,"Dreger Harbour, Papua New Guinea [harmonics-1997-05-25_mod.txt]",Flach weg,10.94,7.2,,,,,0.045,0.056,Wahrheit ok,schreiben
harmonics_noaa_cptt.txt,"Gizo Harbor, New Georgia Group, Solomon Islands",cptt-3103,Dreger Harbor,gewaehlt,"Dreger Harbour, Papua New Guinea [harmonics-1997-05-25_mod.txt]",Flach weg,9.77,6.84,,,,,0.04,0.049,Wahrheit ok,schreiben
harmonics_noaa_cptt.txt,"Kokopo, New Britain Island, Papua New Guinea",cptt-3105,Dreger Harbor,bau,"Dreger Harbour, Papua New Guinea [harmonics-1997-05-25_mod.txt]",Flach behalten,9.15,9.04,,,,,0.045,0.056,Wahrheit ok,schreiben
harmonics_noaa_cptt.txt,"Rabaul, New Britain Island, Papua New Guinea",cptt-3107,Dreger Harbor,bau,"Dreger Harbour, Papua New Guinea [harmonics-1997-05-25_mod.txt]",Flach behalten,8.48,6.63,13.2,12.4,,,0.04,0.049,"Wahrheit ok, Pegel ok",schreiben
harmonics_noaa_cptt.txt,"Bagaterre Haven, New Ireland I, Papua New Guinea",cptt-3109,Dreger Harbor,bau,"Dreger Harbour, Papua New Guinea [harmonics-1997-05-25_mod.txt]",Flach behalten,,,,,,,0.045,0.056,Gruppe lokal n=2 -0.98 Punkte,schreiben (Gruppenbeleg lokal)
harmonics_noaa_cptt.txt,"West Harbor, New Hanover Island, Papua New Guinea",cptt-3111,Dreger Harbor,bau (ohne Pruefstand),"Dreger Harbour, Papua New Guinea [harmonics-1997-05-25_mod.txt]",Flach behalten,,,,,,,0.042,0.053,,offen (ohne Beleg)
harmonics_noaa_cptt.txt,"Emirau Island, Papua New Guinea",cptt-3113,Chuuk,bau (ohne Pruefstand),"Tonowas (Dublon Island), Chuuk, Micronesia [harmonics_utide_tidetables.txt]",Flach behalten,,,,,,,0.064,0.057,,offen (ohne Beleg)
harmonics_noaa_cptt.txt,"Finsch Harbor, Papua New Guinea",cptt-3117,Dreger Harbor,bau (ohne Pruefstand),"Dreger Harbour, Papua New Guinea [harmonics-1997-05-25_mod.txt]",Flach behalten,,,,,,,0.045,0.056,,offen (ohne Beleg)
harmonics_noaa_cptt.txt,"East Ape (Goschen Strait), Papua New Guinea",cptt-3121,Dreger Harbor,bau,"Dreger Harbour, Papua New Guinea [harmonics-1997-05-25_mod.txt]",Flach behalten,12.95,12.04,,,,,0.042,0.053,Wahrheit ok,schreiben
harmonics_noaa_cptt.txt,"Blakeney Island, Solomon Islands",cptt-3123,Dreger Harbor,bau,"Dreger Harbour, Papua New Guinea [harmonics-1997-05-25_mod.txt]",Flach behalten,,,,,,,0.069,0.086,,offen (ohne Beleg)
harmonics_noaa_cptt.txt,"South Cape, Papua New Guinea",cptt-3125,Townsville,bau (ohne Pruefstand),"Townsville, Queensland, Australia [harmonics_utide_observations.txt]",Flach behalten,,,,,,,0.351,0.361,,offen (ohne Beleg)
harmonics_noaa_cptt.txt,"Dedele Point, Papua New Guinea",cptt-3127,Townsville,behalten,,,,,,,,,,,,behalten (Gruppe am Pruefstand schlechter)
harmonics_noaa_cptt.txt,"Port Moresby, Papua New Guinea",cptt-3129,Townsville,bau,"Townsville, Queensland, Australia [harmonics_utide_observations.txt]",Flach behalten,5.05,3.03,,,,,0.485,0.499,Wahrheit ok,schreiben
harmonics_noaa_cptt.txt,"Fly River entrance, Papua New Guinea",cptt-3131,Darwin,bau (ohne Pruefstand),"Darwin, Northern Territory, Australia [harmonics_utide_observations.txt]",Flach behalten,,,,,,,1.14,1.086,,offen (ohne Beleg)
harmonics_noaa_cptt.txt,"Merauke, Irian Jaya, Indonesia",cptt-3133,Singapore,bau,"Sembawang, Singapore [harmonics_ticon4_worldwide.txt]",Flach behalten,7.83,7.72,,,,,1.239,1.109,Wahrheit ok,schreiben
harmonics_noaa_cptt.txt,"Etna Bay, New Guinea, Indonesia",cptt-3137,Singapore,bau,"Sembawang, Singapore [harmonics_ticon4_worldwide.txt]",Flach behalten,8.47,7.94,,,,,0.797,0.713,Wahrheit ok,schreiben
harmonics_noaa_cptt.txt,"Sekar Bay, Berau Gulf, New Guinea, Indonesia",cptt-3139,Yokohama,bau,"Yokohama (Shinko), Kanagawa, Japan [harmonics_ticon4_worldwide.txt]",Flach behalten,26.97,25.39,,,,,0.378,0.325,Wahrheit ok,schreiben
harmonics_noaa_cptt.txt,"Wasian River entrance, Berau Gulf, New Guinea, Indonesia",cptt-3141,Bombay,bau,"Mumbai (Colaba), Maharashtra, India [harmonics-1997-05-25_mod.txt]",Flach behalten,6.68,5.9,,,,,1.478,1.382,Wahrheit ok,schreiben
harmonics_noaa_cptt.txt,"Modan, Berau Gulf, New Guinea, Indonesia",cptt-3143,Bombay,bau,"Mumbai (Colaba), Maharashtra, India [harmonics-1997-05-25_mod.txt]",Flach behalten,9.26,8.26,,,,,1.961,1.833,Wahrheit ok,schreiben
harmonics_noaa_cptt.txt,"Saonek, Dampier Strait, Indonesia",cptt-3145,Yokohama,bau,"Yokohama (Shinko), Kanagawa, Japan [harmonics_ticon4_worldwide.txt]",Flach behalten,8.95,7.12,,,,,0.48,0.413,Wahrheit ok,schreiben
harmonics_noaa_cptt.txt,"Manokwari, New Guinea, Indonesia",cptt-3147,Yokohama,bau,"Yokohama (Shinko), Kanagawa, Japan [harmonics_ticon4_worldwide.txt]",Flach behalten,5.52,5.08,,,,,0.494,0.425,Wahrheit ok,schreiben
harmonics_noaa_cptt.txt,"Mios Woendi Lagoon, Schouten Islands, Indonesia",cptt-3149,Yokohama,bau (ohne Pruefstand),"Yokohama (Shinko), Kanagawa, Japan [harmonics_ticon4_worldwide.txt]",Flach behalten,,,,,,,0.48,0.413,,offen (ohne Beleg)
harmonics_noaa_cptt.txt,"Kajo Bay, Indonesia",cptt-3151,Yokohama,behalten,,,,,,,,,,,,behalten (Gruppe am Pruefstand schlechter)
harmonics_noaa_cptt.txt,"Tapa Bay, Bynoe Harbor, Northern Territory, Australia",cptt-3153,Darwin,behalten,,,,,,,,,,,,behalten (Gruppe am Pruefstand schlechter)
harmonics_noaa_cptt.txt,"East Point, Bynoe Harbor, Northern Territory, Australia",cptt-3155,Darwin,behalten,,,,,,,,,,,,behalten (Gruppe am Pruefstand schlechter)
harmonics_noaa_cptt.txt,"Night Cliff, Point Darwin, Northern Territory, Australia",cptt-3157,Darwin,behalten,,,,,,,,,,,,behalten (Gruppe am Pruefstand schlechter)
harmonics_noaa_cptt.txt,"Cape Hotham, Northern Territory, Australia",cptt-3161,Darwin,behalten,,,,,,,,,,,,behalten (Gruppe am Pruefstand schlechter)
harmonics_noaa_cptt.txt,"Cape Keith, Melville Island, Northern Territory, Australia",cptt-3163,Darwin,behalten,,,,,,,,,,,,behalten (Gruppe am Pruefstand schlechter)
harmonics_noaa_cptt.txt,"Cape Don Boat Harbor, Northern Territory, Australia",cptt-3165,Darwin,behalten,,,,,,,,,,,,behalten (Gruppe am Pruefstand schlechter)
harmonics_noaa_cptt.txt,"Arnhem Bay, Northern Territory, Australia",cptt-3167,Darwin,bau,"Darwin, Northern Territory, Australia [harmonics_utide_observations.txt]",Flach behalten,9.93,10.29,,,,,1.645,1.567,Wahrheit schlechter,behalten (Beleg schlechter)
harmonics_noaa_cptt.txt,"Tern Island, Queensland, Australia",cptt-3171,Townsville,gewaehlt,"Townsville, Queensland, Australia [harmonics_utide_observations.txt]",Flach weg,5.62,3.73,,,,,0.755,0.777,Wahrheit ok,schreiben
harmonics_noaa_cptt.txt,"Hannibal Island, Queensland, Australia",cptt-3173,Townsville,gewaehlt,"Townsville, Queensland, Australia [harmonics_utide_observations.txt]",Flach weg,5.18,3.47,,,,,0.728,0.749,Wahrheit ok,schreiben
harmonics_noaa_cptt.txt,"Piper island, Queensland, Australia",cptt-3175,Townsville,gewaehlt,"Townsville, Queensland, Australia [harmonics_utide_observations.txt]",Flach weg,5.47,3.83,,,,,0.593,0.61,Wahrheit ok,schreiben
harmonics_noaa_cptt.txt,"Restoration Island, Queensland, Australia",cptt-3177,Townsville,gewaehlt,"Townsville, Queensland, Australia [harmonics_utide_observations.txt]",Flach weg,5.94,4.18,,,,,0.512,0.527,Wahrheit ok,schreiben
harmonics_noaa_cptt.txt,"Low Wooded Isle, Queensland, Australia",cptt-3181,Townsville,gewaehlt,"Townsville, Queensland, Australia [harmonics_utide_observations.txt]",Flach weg,6.0,4.92,,,,,0.526,0.541,Wahrheit ok,schreiben
harmonics_noaa_cptt.txt,"Low Isles, Queensland, Australia",cptt-3185,Townsville,gewaehlt,"Townsville, Queensland, Australia [harmonics_utide_observations.txt]",Flach weg,4.51,3.86,,,,,0.512,0.527,Wahrheit ok,schreiben
harmonics_noaa_cptt.txt,"High Island, Queensland, Australia",cptt-3191,Townsville,gewaehlt,"Townsville, Queensland, Australia [harmonics_utide_observations.txt]",Flach weg,4.36,3.63,,,,,0.526,0.541,Wahrheit ok,schreiben
harmonics_noaa_cptt.txt,"North Barnard Island, Queensland, Australia",cptt-3193,Townsville,gewaehlt,"Townsville, Queensland, Australia [harmonics_utide_observations.txt]",Flach weg,6.33,6.62,,,,,0.553,0.569,Wahrheit ok,schreiben
harmonics_noaa_cptt.txt,"Dunk Island, Queensland, Australia",cptt-3195,Townsville,gewaehlt,"Townsville, Queensland, Australia [harmonics_utide_observations.txt]",Flach weg,6.07,5.95,,,,,0.593,0.61,Wahrheit ok,schreiben
harmonics_noaa_cptt.txt,"Dungeness (Lucinda), Queensland, Australia",cptt-3197,Townsville,gewaehlt,"Townsville, Queensland, Australia [harmonics_utide_observations.txt]",Flach weg,7.3,4.45,,,,,0.769,0.791,Wahrheit ok,schreiben
harmonics_noaa_cptt.txt,"Molle Island, Queensland, Australia",cptt-3205,Brisbane Bar,bau,"Brisbane Bar, Queensland, Australia [harmonics_utide_observations.txt]",Flach behalten,,,,,,,1.041,0.956,Gruppe lokal n=6 +0.13 Punkte,behalten (Gruppe lokal schlechter)
harmonics_noaa_cptt.txt,"East Repulse Island, Queensland, Australia",cptt-3207,Brisbane Bar,bau,"Brisbane Bar, Queensland, Australia [harmonics_utide_observations.txt]",Flach behalten,5.96,6.37,,,,,1.414,1.299,Wahrheit schlechter,behalten (Beleg schlechter)
harmonics_noaa_cptt.txt,"Carlisle Island, Queensland, Australia",cptt-3209,Brisbane Bar,bau,"Brisbane Bar, Queensland, Australia [harmonics_utide_observations.txt]",Flach behalten,6.01,6.46,,,,,1.46,1.342,Wahrheit schlechter,behalten (Beleg schlechter)
harmonics_noaa_cptt.txt,"St. Bees Island, Queensland, Australia",cptt-3211,Brisbane Bar,bau,"Brisbane Bar, Queensland, Australia [harmonics_utide_observations.txt]",Flach behalten,5.62,5.83,,,,,1.631,1.499,Wahrheit ok,schreiben
harmonics_noaa_cptt.txt,"Refuge Bay, Scawfell Island, Queensland, Australia",cptt-3213,Brisbane Bar,bau,"Brisbane Bar, Queensland, Australia [harmonics_utide_observations.txt]",Flach behalten,6.05,6.1,,,,,1.522,1.399,Wahrheit ok,schreiben
harmonics_noaa_cptt.txt,"Sarina Inlet, Queensland, Australia",cptt-3217,Brisbane Bar,bau,"Brisbane Bar, Queensland, Australia [harmonics_utide_observations.txt]",Flach behalten,4.77,4.52,,,,,2.004,1.842,Wahrheit ok,schreiben
harmonics_noaa_cptt.txt,"Dove Point, Shoalwater Bay, Queensland, Australia",cptt-3219,Brisbane Bar,bau,"Brisbane Bar, Queensland, Australia [harmonics_utide_observations.txt]",Flach behalten,,,,,,,2.004,1.842,Gruppe lokal n=12 +0.01 Punkte,behalten (Gruppe lokal schlechter)
harmonics_noaa_cptt.txt,"High Peak Island, Queensland, Australia",cptt-3221,Brisbane Bar,bau,"Brisbane Bar, Queensland, Australia [harmonics_utide_observations.txt]",Flach behalten,6.35,6.05,,,,,1.554,1.428,Wahrheit ok,schreiben
harmonics_noaa_cptt.txt,"Port Clinton, Coral Sea, Queensland, Australia",cptt-3223,Brisbane Bar,bau,"Brisbane Bar, Queensland, Australia [harmonics_utide_observations.txt]",Flach behalten,5.13,4.82,,,,,1.476,1.356,Wahrheit ok,schreiben
harmonics_noaa_cptt.txt,"Tryon Island, Queensland, Australia",cptt-3225,Brisbane Bar,bau,"Brisbane Bar, Queensland, Australia [harmonics_utide_observations.txt]",Flach behalten,3.82,3.79,,,,,0.901,0.828,Wahrheit ok,schreiben
harmonics_noaa_cptt.txt,"Port Alma, Fitzroy River, Queensland, Australia",cptt-3227,Brisbane Bar,bau,"Brisbane Bar, Queensland, Australia [harmonics_utide_observations.txt]",Flach behalten,3.71,3.58,,,,,1.46,1.342,Wahrheit ok,schreiben
harmonics_noaa_cptt.txt,"Gladstone, Port Curtis, Queensland, Australia",cptt-3229,Brisbane Bar,bau,"Brisbane Bar, Queensland, Australia [harmonics_utide_observations.txt]",Flach behalten,3.48,3.44,,,,,1.212,1.114,Wahrheit ok,schreiben
harmonics_noaa_cptt.txt,"Lady Musgrave Island, Queensland, Australia",cptt-3231,Brisbane Bar,bau,"Brisbane Bar, Queensland, Australia [harmonics_utide_observations.txt]",Flach behalten,4.3,4.87,,,,,0.684,0.628,Wahrheit schlechter,behalten (Beleg schlechter)
harmonics_noaa_cptt.txt,"Pancake Creek, Queensland, Australia",cptt-3233,Brisbane Bar,bau,"Brisbane Bar, Queensland, Australia [harmonics_utide_observations.txt]",Flach behalten,3.85,4.41,,,,,0.963,0.885,Wahrheit schlechter,behalten (Beleg schlechter)
harmonics_noaa_cptt.txt,"Lady Elliot Island, Queensland, Australia",cptt-3235,Brisbane Bar,bau,"Brisbane Bar, Queensland, Australia [harmonics_utide_observations.txt]",Flach behalten,3.56,3.99,,,,,0.652,0.6,Wahrheit schlechter,behalten (Beleg schlechter)
harmonics_noaa_cptt.txt,"Mary River, Middle Bank, Queensland, Australia",cptt-3241,Brisbane Bar,behalten,,,,,,,,,,,,behalten (Gruppe am Pruefstand schlechter)
harmonics_noaa_cptt.txt,"Ballina, New South Wales, Australia",cptt-3245,Brisbane Bar,behalten,,,,,,,,,,,,behalten (Gruppe am Pruefstand schlechter)
harmonics_noaa_cptt.txt,"Iluka, New South Wales, Australia",cptt-3247,Brisbane Bar,behalten,,,,,,,,,,,,behalten (Gruppe am Pruefstand schlechter)
harmonics_noaa_cptt.txt,"Norfolk Island, Australia",cptt-3251,Brisbane Bar,bau,"Brisbane Bar, Queensland, Australia [harmonics_utide_observations.txt]",Flach behalten,9.35,7.78,18.5,16.5,,,0.637,0.585,"Wahrheit ok, Pegel ok",schreiben
harmonics_noaa_cptt.txt,"Coffs Harbor, New South Wales, Australia",cptt-3253,Sydney,bau,"Fort Denison, New South Wales, Australia [harmonics_utide_observations.txt]",Flach behalten,3.41,3.07,,,,,0.58,0.515,Wahrheit ok,schreiben
harmonics_noaa_cptt.txt,"Port Macquarie bar, New South Wales, Australia",cptt-3255,Sydney,bau,"Fort Denison, New South Wales, Australia [harmonics_utide_observations.txt]",Flach behalten,4.31,3.04,,,,,0.502,0.445,Wahrheit ok,schreiben
harmonics_noaa_cptt.txt,"Nelson's Bay, New South Wales, Australia",cptt-3257,Sydney,bau,"Fort Denison, New South Wales, Australia [harmonics_utide_observations.txt]",Flach behalten,2.66,2.97,,,,,0.533,0.473,Wahrheit schlechter,behalten (Beleg schlechter)
harmonics_noaa_cptt.txt,"Newcastle, New South Wales, Australia",cptt-3259,Sydney,bau,"Fort Denison, New South Wales, Australia [harmonics_utide_observations.txt]",Flach behalten,2.5,2.3,,,,,0.533,0.473,Wahrheit ok,schreiben
harmonics_noaa_cptt.txt,"Moruya River bar, New South Wales, Australia",cptt-3265,Sydney,bau,"Fort Denison, New South Wales, Australia [harmonics_utide_observations.txt]",Flach behalten,5.17,3.94,,,,,0.486,0.431,Wahrheit ok,schreiben
harmonics_noaa_cptt.txt,"Eden, New South Wales, Australia",cptt-3267,Sydney,behalten,,,,,,,,,,,,behalten (Gruppe am Pruefstand schlechter)
harmonics_noaa_cptt.txt,"Gabo Island, Victoria, Australia",cptt-3269,Sydney,behalten,,,,,,,,,,,,behalten (Gruppe am Pruefstand schlechter)
harmonics_noaa_cptt.txt,"Stack Island, Tasmania, Australia",cptt-3271,Port Phillip,gewaehlt,"Point Lonsdale (Port Phillip Heads), Victoria, Australia [harmonics_ticon4_worldwide.txt]",Flach weg,38.77,9.08,,,,,0.866,0.808,Wahrheit ok,schreiben
harmonics_noaa_cptt.txt,"Devonport, Tasmania, Australia",cptt-3273,Port Phillip,gewaehlt,"Point Lonsdale (Port Phillip Heads), Victoria, Australia [harmonics_ticon4_worldwide.txt]",Flach weg,36.82,6.36,,,,,1.207,1.126,Wahrheit ok,schreiben
harmonics_noaa_cptt.txt,"Port Dalrymple entrance, Tasmania, Australia",cptt-3275,Port Phillip,gewaehlt,"Point Lonsdale (Port Phillip Heads), Victoria, Australia [harmonics_ticon4_worldwide.txt]",Flach weg,31.93,7.19,,,,,1.083,1.01,Wahrheit ok,schreiben
harmonics_noaa_cptt.txt,"Launceston, Tamar River, Tasmania, Australia",cptt-3277,Port Phillip,gewaehlt,"Point Lonsdale (Port Phillip Heads), Victoria, Australia [harmonics_ticon4_worldwide.txt]",Flach weg,45.82,14.5,,,,,1.5,1.4,Wahrheit ok,schreiben
harmonics_noaa_cptt.txt,"Parsons Bay, Tasmania, Australia",cptt-3279,Hong Kong,bau,"Quarry Bay, Hong Kong, China [harmonics_utide_tidetables.txt]",Flach behalten,5.75,6.33,,,,,0.23,0.189,Wahrheit schlechter,behalten (Beleg schlechter)
harmonics_noaa_cptt.txt,"Rabbit Island, Victoria, Australia",cptt-3285,Port Phillip,gewaehlt,"Point Lonsdale (Port Phillip Heads), Victoria, Australia [harmonics_ticon4_worldwide.txt]",Flach weg,38.09,15.78,,,,,0.804,0.751,Wahrheit ok,schreiben
harmonics_noaa_cptt.txt,"Winter Cove, Kent Islands, Tasmania, Australia",cptt-3287,Port Phillip,gewaehlt,"Point Lonsdale (Port Phillip Heads), Victoria, Australia [harmonics_ticon4_worldwide.txt]",Flach weg,42.89,10.68,,,,,0.928,0.866,Wahrheit ok,schreiben
harmonics_noaa_cptt.txt,"Great Glennie Island, Victoria, Australia",cptt-3289,Port Phillip,gewaehlt,"Point Lonsdale (Port Phillip Heads), Victoria, Australia [harmonics_ticon4_worldwide.txt]",Flach weg,36.82,7.97,,,,,0.928,0.866,Wahrheit ok,schreiben
harmonics_noaa_cptt.txt,"Queenscliff, Port Phillip, Victoria, Australia",cptt-3297,Port Phillip,gewaehlt,"Point Lonsdale (Port Phillip Heads), Victoria, Australia [harmonics_ticon4_worldwide.txt]",Flach weg,,,,,26.96,11.13,0.294,0.274,Nachbarn ok,schreiben
harmonics_noaa_cptt.txt,"Geelong, Port Phillip, Victoria, Australia",cptt-3301,Port Phillip,gewaehlt,"Point Lonsdale (Port Phillip Heads), Victoria, Australia [harmonics_ticon4_worldwide.txt]",Flach weg,,,,,,,0.278,0.26,Gruppe lokal n=6 -25.58 Punkte,schreiben (Gruppenbeleg lokal)
harmonics_noaa_cptt.txt,"Port Campbell, Victoria, Australia",cptt-3303,Port Phillip,gewaehlt,"Point Lonsdale (Port Phillip Heads), Victoria, Australia [harmonics_ticon4_worldwide.txt]",Flach weg,21.56,10.98,,,,,0.217,0.202,Wahrheit ok,schreiben
harmonics_noaa_cptt.txt,"Warrnambool, Victoria, Australia",cptt-3305,Port Phillip,gewaehlt,"Point Lonsdale (Port Phillip Heads), Victoria, Australia [harmonics_ticon4_worldwide.txt]",Flach weg,28.36,8.3,,,,,0.247,0.231,Wahrheit ok,schreiben
harmonics_noaa_cptt.txt,"Port MacDonnell, South Australia, Australia",cptt-3309,Port Adelaide,bau,"Port Adelaide, South Australia, Australia [harmonics-1997-05-25_mod.txt]",Flach behalten,23.19,23.63,,,,,0.323,0.307,Wahrheit schlechter,behalten (Beleg schlechter)
harmonics_noaa_cptt.txt,"Kingston, South Australia, Australia",cptt-3311,Port Adelaide,bau,"Port Adelaide, South Australia, Australia [harmonics-1997-05-25_mod.txt]",Flach behalten,11.4,11.06,,,,,0.178,0.17,Wahrheit ok,schreiben
harmonics_noaa_cptt.txt,"Second Valley, South Australia, Australia",cptt-3313,Port Adelaide,bau,"Port Adelaide, South Australia, Australia [harmonics-1997-05-25_mod.txt]",Flach behalten,4.13,4.44,,,,,0.323,0.307,Wahrheit schlechter,behalten (Beleg schlechter)
harmonics_noaa_cptt.txt,"Hog Bay, Kangaroo Island, South Australia, Australia",cptt-3315,Port Adelaide,bau,"Port Adelaide, South Australia, Australia [harmonics-1997-05-25_mod.txt]",Flach behalten,8.44,8.07,,,,,0.245,0.233,Wahrheit ok,schreiben
harmonics_noaa_cptt.txt,"Ardrossan, Gulf of St. Vincent, South Australia, Australia",cptt-3323,Port Adelaide,gewaehlt,"Adelaide Outer Harbour, South Australia, Australia [harmonics_ticon4_worldwide.txt]",Flach behalten,3.35,3.52,,,,,0.612,0.583,Wahrheit ok,schreiben
harmonics_noaa_cptt.txt,"Edithburg, Gulf of St. Vincent, South Australia, Australia",cptt-3325,Port Adelaide,bau,"Port Adelaide, South Australia, Australia [harmonics-1997-05-25_mod.txt]",Flach behalten,3.57,3.66,,,,,0.411,0.392,Wahrheit ok,schreiben
harmonics_noaa_cptt.txt,"Port Victoria, Spencer Gulf, South Australia, Australia",cptt-3327,Port Adelaide,gewaehlt,"Adelaide Outer Harbour, South Australia, Australia [harmonics_ticon4_worldwide.txt]",Flach behalten,,,,,12.85,13.46,0.311,0.297,Nachbarn schlechter,behalten (Beleg schlechter)
harmonics_noaa_cptt.txt,"Wallaroo, Spencer Gulf, South Australia, Australia",cptt-3329,Port Adelaide,gewaehlt,"Adelaide Outer Harbour, South Australia, Australia [harmonics_ticon4_worldwide.txt]",Flach behalten,11.83,11.75,,,,,0.3,0.286,Wahrheit ok,schreiben
harmonics_noaa_cptt.txt,"Port Pirie, Spencer Gulf, South Australia, Australia",cptt-3331,Port Adelaide,gewaehlt,"Adelaide Outer Harbour, South Australia, Australia [harmonics_ticon4_worldwide.txt]",Flach behalten,5.66,4.73,,,,,0.589,0.562,Wahrheit ok,schreiben
harmonics_noaa_cptt.txt,"Port Augusta, Spencer Gulf, South Australia, Australia",cptt-3333,Port Adelaide,gewaehlt,"Adelaide Outer Harbour, South Australia, Australia [harmonics_ticon4_worldwide.txt]",Flach behalten,,,,,,,0.667,0.637,Gruppe lokal n=4 +0.01 Punkte,behalten (Gruppe lokal schlechter)
harmonics_noaa_cptt.txt,"Coffin Bay, South Australia, Australia",cptt-3335,Port Adelaide,gewaehlt,"Adelaide Outer Harbour, South Australia, Australia [harmonics_ticon4_worldwide.txt]",Flach behalten,,,,,13.83,14.72,0.378,0.361,Nachbarn schlechter,behalten (Beleg schlechter)
harmonics_noaa_cptt.txt,"Port Eyre, South Australia, Australia",cptt-3337,Port Adelaide,bau,"Port Adelaide, South Australia, Australia [harmonics-1997-05-25_mod.txt]",Flach behalten,12.34,12.1,,,,,0.378,0.36,Wahrheit ok,schreiben
harmonics_noaa_cptt.txt,"Albany, Princess Royal Harbor, Western Australia, Australia",cptt-3339,Djakarta,gewaehlt,"Tanjung Priok, Indonesia [harmonics_att_np203_scs.txt]",Flach behalten,10.28,8.28,,,,,0.061,0.059,Wahrheit ok,schreiben
harmonics_noaa_cptt.txt,"Bunbury Harbor, Western Australia, Australia",cptt-3341,Djakarta,gewaehlt,"Tanjung Priok, Indonesia [harmonics_att_np203_scs.txt]",Flach behalten,8.84,7.06,,,,,0.048,0.047,Wahrheit ok,schreiben
harmonics_noaa_cptt.txt,"Champion Bay, Western Australia, Australia",cptt-3345,Djakarta,gewaehlt,"Tanjung Priok, Indonesia [harmonics_att_np203_scs.txt]",Flach behalten,9.79,9.94,,,,,0.051,0.05,Wahrheit ok,schreiben
harmonics_noaa_cptt.txt,"Carnarvon, Shark Bay, Western Australia, Australia",cptt-3347,Davao,bau,"Davao, Philippines [harmonics_ticon4_worldwide.txt]",Flach behalten,,,,,10.16,10.56,0.311,0.275,Nachbarn schlechter,behalten (Beleg schlechter)
harmonics_noaa_cptt.txt,"Red Cliff Bay, Shark Bay, Western Australia, Australia",cptt-3349,Davao,bau (ohne Pruefstand),"Davao, Philippines [harmonics_ticon4_worldwide.txt]",Flach behalten,,,,,,,0.4,0.353,,offen (ohne Beleg)
harmonics_noaa_cptt.txt,"Learmonth, Exmouth Gulf, Western Australia, Australia",cptt-3351,Davao,bau,"Davao, Philippines [harmonics_ticon4_worldwide.txt]",Flach behalten,4.96,4.52,,,,,0.725,0.641,Wahrheit ok,schreiben
harmonics_noaa_cptt.txt,"Long Island, Western Australia, Australia",cptt-3353,Davao,bau,"Davao, Philippines [harmonics_ticon4_worldwide.txt]",Flach behalten,,,,,5.94,5.74,0.533,0.471,Nachbarn ok,schreiben
harmonics_noaa_cptt.txt,"Beadon Point, Western Australia, Australia",cptt-3355,Davao,bau (ohne Pruefstand),"Davao, Philippines [harmonics_ticon4_worldwide.txt]",Flach behalten,,,,,4.73,5.03,0.622,0.549,Nachbarn ok,schreiben
harmonics_noaa_cptt.txt,"Large Islet, Western Australia, Australia",cptt-3357,Port Hedland,bau,"Port Hedland, Western Australia, Australia [harmonics_utide_observations.txt]",Flach behalten,3.04,2.8,,,,,0.938,0.863,Wahrheit ok,schreiben
harmonics_noaa_cptt.txt,"Trimouille Island, Monte Bello Islands, Western Australia, Australia",cptt-3359,Port Hedland,bau,"Port Hedland, Western Australia, Australia [harmonics_utide_observations.txt]",Flach behalten,4.25,3.61,,,,,0.784,0.722,Wahrheit ok,schreiben
harmonics_noaa_cptt.txt,"Point Samson, Western Australia, Australia",cptt-3361,Port Hedland,bau,"Port Hedland, Western Australia, Australia [harmonics_utide_observations.txt]",Flach behalten,,,,,,,1.498,1.379,Gruppe lokal n=2 -0.44 Punkte,schreiben (Gruppenbeleg lokal)
harmonics_noaa_cptt.txt,"Red Bluff, Western Australia, Australia",cptt-3367,Port Hedland,gewaehlt,"Port Hedland, Western Australia, Australia [harmonics_utide_observations.txt]",Flach weg,4.6,2.88,,,,,2.001,1.843,Wahrheit ok,schreiben
harmonics_noaa_cptt.txt,"Pender Bay, Western Australia, Australia",cptt-3369,Port Hedland,gewaehlt,"Port Hedland, Western Australia, Australia [harmonics_utide_observations.txt]",Flach weg,,,,,,,2.267,2.088,Gruppe lokal n=4 -0.36 Punkte,schreiben (Gruppenbeleg lokal)
harmonics_noaa_cptt.txt,"Karrakatta Bay, Western Australia, Australia",cptt-3371,Port Hedland,gewaehlt,"Port Hedland, Western Australia, Australia [harmonics_utide_observations.txt]",Flach weg,3.08,2.67,,,,,2.323,2.139,Wahrheit ok,schreiben
harmonics_noaa_cptt.txt,"Bedford Island, Western Australia, Australia",cptt-3373,Port Hedland,gewaehlt,"Port Hedland, Western Australia, Australia [harmonics_utide_observations.txt]",Flach weg,4.29,3.98,,,,,2.603,2.397,Wahrheit ok,schreiben
harmonics_noaa_cptt.txt,"Hall Point, Kid Islet, Western Australia, Australia",cptt-3377,Port Hedland,gewaehlt,"Port Hedland, Western Australia, Australia [harmonics_utide_observations.txt]",Flach weg,2.12,2.06,,,,,2.841,2.616,Wahrheit ok,schreiben
harmonics_noaa_cptt.txt,"Prince Frederick Harbor, Western Australia, Australia",cptt-3379,Port Hedland,bau (ohne Pruefstand),"Port Hedland, Western Australia, Australia [harmonics_utide_observations.txt]",Flach behalten,,,,,,,2.729,2.513,Gruppe lokal n=4 -0.36 Punkte,schreiben (Gruppenbeleg lokal)
harmonics_noaa_cptt.txt,"Troughton Island, Western Australia, Australia",cptt-3383,Port Hedland,bau,"Port Hedland, Western Australia, Australia [harmonics_utide_observations.txt]",Flach behalten,22.18,18.81,,,,,2.029,1.869,Wahrheit ok,schreiben
harmonics_noaa_cptt.txt,"Reveley Island, Western Australia, Australia",cptt-3387,Darwin,bau,"Darwin, Northern Territory, Australia [harmonics_utide_observations.txt]",Flach behalten,,,,,15.87,17.24,1.544,1.471,Nachbarn schlechter,behalten (Beleg schlechter)
harmonics_noaa_cptt.txt,"Lacrosse I., Cambridge Gulf, Western Australia, Australia",cptt-3389,Darwin,bau,"Darwin, Northern Territory, Australia [harmonics_utide_observations.txt]",Flach behalten,5.71,5.98,,,,,1.79,1.705,Wahrheit ok,schreiben
harmonics_noaa_cptt.txt,"Chatham Islands, New Zealand",cptt-3391,Apia,bau (ohne Pruefstand),"Apia, Samoa Islands [harmonics_ticon4_worldwide.txt]",Flach behalten,,,,,,,0.535,0.51,,offen (ohne Beleg)
harmonics_noaa_cptt.txt,"Auckland Island, New Zealand",cptt-3393,Apia,bau (ohne Pruefstand),"Apia, Samoa Islands [harmonics_ticon4_worldwide.txt]",Flach behalten,,,,,8.65,8.94,0.394,0.375,Nachbarn ok,schreiben
harmonics_noaa_cptt.txt,"Perseverance Harbor, Campbell Island, New Zealand",cptt-3395,Apia,bau (ohne Pruefstand),"Apia, Samoa Islands [harmonics_ticon4_worldwide.txt]",Flach behalten,,,,,6.92,6.49,0.472,0.45,Nachbarn ok,schreiben
harmonics_noaa_cptt.txt,"Macquarie Island, Australia",cptt-3397,Apia,bau,"Apia, Samoa Islands [harmonics_ticon4_worldwide.txt]",Flach behalten,7.4,7.46,,,,,0.299,0.285,Wahrheit ok,schreiben
harmonics_noaa_cptt.txt,"Galathea Bay, Indonesia",cptt-3399,Mergui,bau,"Mergui (Myeik), Myanmar [harmonics-1997-05-25_mod.txt]",Flach behalten,4.07,4.31,,,,,0.496,0.459,Wahrheit ok,schreiben
harmonics_noaa_cptt.txt,"Nankauri Harbor, Indonesia",cptt-3401,Mergui,bau,"Mergui (Myeik), Myanmar [harmonics-1997-05-25_mod.txt]",Flach behalten,2.86,2.92,,,,,0.525,0.486,Wahrheit ok,schreiben
harmonics_noaa_cptt.txt,"Car Nicobar, Andaman and Nicobar, India",cptt-3403,Mergui,bau,"Mergui (Myeik), Myanmar [harmonics-1997-05-25_mod.txt]",Flach behalten,2.48,1.93,,,,,0.554,0.513,Wahrheit ok,schreiben
harmonics_noaa_cptt.txt,"Sisters Island, Andaman and Nicobar, India",cptt-3405,Mergui,gewaehlt,"Mergui (Myeik), Myanmar [harmonics_att_np203_scs.txt]",Flach behalten,2.9,2.51,,,,,0.627,0.579,Wahrheit ok,schreiben
harmonics_noaa_cptt.txt,"Port Blair, Andaman and Nicobar, India",cptt-3407,Mergui,gewaehlt,"Mergui (Myeik), Myanmar [harmonics_att_np203_scs.txt]",Flach behalten,3.55,2.68,,,,,0.642,0.593,Wahrheit ok,schreiben
harmonics_noaa_cptt.txt,"Port Cornwallis, Andaman and Nicobar, India",cptt-3409,Mergui,gewaehlt,"Mergui (Myeik), Myanmar [harmonics_att_np203_scs.txt]",Flach behalten,5.58,4.84,,,,,0.744,0.687,Wahrheit ok,schreiben
harmonics_noaa_cptt.txt,"Pulau Besin, Myanmar",cptt-3411,Mergui,bau,"Mergui (Myeik), Myanmar [harmonics-1997-05-25_mod.txt]",Flach behalten,2.25,1.72,,,,,1.21,1.121,Wahrheit ok,schreiben
harmonics_noaa_cptt.txt,"Za Det Nge Kyun (Hastings Harbour), Myanmar",cptt-3413,Mergui,gewaehlt,"Mergui (Myeik), Myanmar [harmonics_att_np203_scs.txt]",Flach behalten,3.2,2.02,,,,,1.123,1.037,Wahrheit ok,schreiben
harmonics_noaa_cptt.txt,"Lampi Kyun (Lanbi / Sullivan Island), Myanmar",cptt-3415,Mergui,gewaehlt,"Mergui (Myeik), Myanmar [harmonics_att_np203_scs.txt]",Flach behalten,2.37,0.78,,,,,1.313,1.212,Wahrheit ok,schreiben
harmonics_noaa_cptt.txt,"Ka Mar Kyun (Owen Island), Myanmar",cptt-3417,Mergui,gewaehlt,"Mergui (Myeik), Myanmar [harmonics_att_np203_scs.txt]",Flach behalten,2.42,1.24,,,,,1.24,1.145,Wahrheit ok,schreiben
harmonics_noaa_cptt.txt,"Myauk Gaung (Pigeon Island), Myanmar",cptt-3419,Mergui,gewaehlt,"Mergui (Myeik), Myanmar [harmonics_att_np203_scs.txt]",Flach behalten,2.45,0.87,,,,,1.254,1.158,Wahrheit ok,schreiben
harmonics_noaa_cptt.txt,"Kyaukkayan (Padaw Aw), Myanmar",cptt-3423,Mergui,gewaehlt,"Mergui (Myeik), Myanmar [harmonics_att_np203_scs.txt]",Flach behalten,2.92,3.1,,,,,1.56,1.441,Wahrheit ok,schreiben
harmonics_noaa_cptt.txt,"Myin Kwa Aw (Horseshoe Bay), Myanmar",cptt-3425,Mergui,gewaehlt,"Mergui (Myeik), Myanmar [harmonics_att_np203_scs.txt]",Flach behalten,,,,,,,1.415,1.306,Gruppe lokal n=7 -1.18 Punkte,schreiben (Gruppenbeleg lokal)
harmonics_noaa_cptt.txt,"Heinze Bok (Long Island), Myanmar",cptt-3427,Mergui,gewaehlt,"Mergui (Myeik), Myanmar [harmonics_att_np203_scs.txt]",Flach behalten,2.77,2.01,,,,,1.298,1.199,Wahrheit ok,schreiben
harmonics_noaa_cptt.txt,"Wa Kyun, Myanmar",cptt-3429,Mergui,gewaehlt,"Mergui (Myeik), Myanmar [harmonics_att_np203_scs.txt]",Flach behalten,3.83,3.01,,,,,1.415,1.306,Wahrheit ok,schreiben
harmonics_noaa_cptt.txt,"Double Island, Myanmar",cptt-3431,Mergui,gewaehlt,"Mergui (Myeik), Myanmar [harmonics_att_np203_scs.txt]",Flach behalten,4.0,2.74,,,,,1.736,1.603,Wahrheit ok,schreiben
harmonics_noaa_cptt.txt,"Kyaikkami (Amherst), Myanmar",cptt-3433,Mergui,gewaehlt,"Mergui (Myeik), Myanmar [harmonics_att_np203_scs.txt]",Flach behalten,5.0,2.82,,,,,2.1,1.939,Wahrheit ok,schreiben
harmonics_noaa_cptt.txt,"Elephant Point, Rangoon River, Myanmar",cptt-3437,Mergui,gewaehlt,"Mergui (Myeik), Myanmar [harmonics_att_np203_scs.txt]",Flach behalten,4.95,3.72,,,,,2.042,1.885,Wahrheit ok,schreiben
harmonics_noaa_cptt.txt,"China Bakir (Old Lighthouse), Myanmar",cptt-3441,Mergui,gewaehlt,"Mergui (Myeik), Myanmar [harmonics_att_np203_scs.txt]",Flach behalten,3.69,2.79,,,,,1.488,1.374,Wahrheit ok,schreiben
harmonics_noaa_cptt.txt,"Pymbong Beacon, Myanmar",cptt-3443,Mergui,gewaehlt,"Mergui (Myeik), Myanmar [harmonics_att_np203_scs.txt]",Flach behalten,7.7,7.47,,,,,0.627,0.579,Wahrheit ok,schreiben
harmonics_noaa_cptt.txt,"Thamihla Kyun (Bassein Estuary), Myanmar",cptt-3445,Sagar,bau,"Sagar Island Lighthouse, West Bengal, India [harmonics_att_np203.txt]",Flach behalten,2.83,2.56,,,,,0.72,0.693,Wahrheit ok,schreiben
harmonics_noaa_cptt.txt,"Pathein (Bassein River), Myanmar",cptt-3447,Sagar,bau,"Sagar Island Lighthouse, West Bengal, India [harmonics_att_np203.txt]",Flach behalten,5.74,6.03,,,,,0.735,0.707,Wahrheit ok,schreiben
harmonics_noaa_cptt.txt,"Chaungtha Kyun, Myanmar",cptt-3449,Sagar,bau,"Sagar Island Lighthouse, West Bengal, India [harmonics_att_np203.txt]",Flach behalten,2.84,2.82,,,,,0.69,0.664,Wahrheit ok,schreiben
harmonics_noaa_cptt.txt,"Ngapali (Andrew Bay), Myanmar",cptt-3451,Sagar,bau,"Sagar Island Lighthouse, West Bengal, India [harmonics_att_np203.txt]",Flach behalten,3.02,2.75,,,,,0.779,0.751,Wahrheit ok,schreiben
harmonics_noaa_cptt.txt,"Searle Point (Cheduba / Manaung Island), Myanmar",cptt-3453,Sagar,bau,"Sagar Island Lighthouse, West Bengal, India [harmonics_att_np203.txt]",Flach behalten,2.25,2.56,,,,,0.869,0.837,Wahrheit schlechter,behalten (Beleg schlechter)
harmonics_noaa_cptt.txt,"Kyaukphyu (Ramree Island), Myanmar",cptt-3455,Sagar,bau,"Sagar Island Lighthouse, West Bengal, India [harmonics_att_np203.txt]",Flach behalten,4.73,4.23,,,,,0.974,0.938,Wahrheit ok,schreiben
harmonics_noaa_cptt.txt,"Saint Martin's Island, Bangladesh",cptt-3459,Sagar,bau,"Sagar Island Lighthouse, West Bengal, India [harmonics_att_np203.txt]",Flach behalten,3.75,3.01,,,,,0.944,0.909,Wahrheit ok,schreiben
harmonics_noaa_cptt.txt,"Dublar Char Lighthouse (Pasur River), Bangladesh",cptt-3463,Sagar,bau,"Sagar Island Lighthouse, West Bengal, India [harmonics_att_np203.txt]",Flach behalten,4.72,3.11,,,,,0.854,0.823,Wahrheit ok,schreiben
harmonics_noaa_cptt.txt,"Kutubdia Island (Lighthouse), Bangladesh",cptt-3465,Sagar,bau,"Sagar Island Lighthouse, West Bengal, India [harmonics_att_np203.txt]",Flach behalten,4.5,5.86,,,,,1.334,1.285,Wahrheit schlechter,behalten (Beleg schlechter)
harmonics_noaa_cptt.txt,"Sandhead (Matla River Approach), West Bengal, India",cptt-3469,Sagar,bau,"Sagar Island Lighthouse, West Bengal, India [harmonics_att_np203.txt]",Flach behalten,,,,,,,0.974,0.938,Gruppe lokal n=4 -0.42 Punkte,schreiben (Gruppenbeleg lokal)
harmonics_noaa_cptt.txt,"Diamond Harbour, West Bengal, India",cptt-3473,Sagar,bau,"Sagar Island Lighthouse, West Bengal, India [harmonics_att_np203.txt]",Flach behalten,5.29,5.03,,,,,1.799,1.732,Wahrheit ok,schreiben
harmonics_noaa_cptt.txt,"Shortt Island, Odisha, India",cptt-3477,Sagar,bau,"Sagar Island Lighthouse, West Bengal, India [harmonics_att_np203.txt]",Flach behalten,2.58,2.01,,,,,0.989,0.953,Wahrheit ok,schreiben
harmonics_noaa_cptt.txt,"Chandbali, Odisha, India",cptt-3479,Sagar,bau,"Sagar Island Lighthouse, West Bengal, India [harmonics_att_np203.txt]",Flach behalten,4.48,4.99,,,,,0.794,0.765,Wahrheit schlechter,behalten (Beleg schlechter)
harmonics_noaa_cptt.txt,"False Point, Odisha, India",cptt-3481,Madras,bau,"Chennai, Tamil Nadu, India [harmonics-1997-05-25_mod.txt]",Flach behalten,5.19,3.99,,,,,0.74,0.678,Wahrheit ok,schreiben
harmonics_noaa_cptt.txt,"Gopalpur, Odisha, India",cptt-3483,Madras,bau,"Chennai, Tamil Nadu, India [harmonics-1997-05-25_mod.txt]",Flach behalten,,,,,5.69,7.22,0.559,0.512,Nachbarn schlechter,behalten (Beleg schlechter)
harmonics_noaa_cptt.txt,"Vizagapatam, Andhra Pradesh, India",cptt-3485,Madras,bau,"Chennai, Tamil Nadu, India [harmonics-1997-05-25_mod.txt]",Flach behalten,3.61,2.98,17.1,16.7,,,0.498,0.457,"Wahrheit ok, Pegel ok",schreiben
harmonics_noaa_cptt.txt,"Kakinada (Cocanada), Andhra Pradesh, India",cptt-3487,Madras,bau,"Chennai, Tamil Nadu, India [harmonics-1997-05-25_mod.txt]",Flach behalten,4.57,3.79,,,,,0.498,0.457,Wahrheit ok,schreiben
harmonics_noaa_cptt.txt,"Sacramento Shoal, Andhra Pradesh, India",cptt-3489,Madras,bau,"Chennai, Tamil Nadu, India [harmonics-1997-05-25_mod.txt]",Flach behalten,,,,,,,0.453,0.415,Gruppe lokal n=2 -0.71 Punkte,schreiben (Gruppenbeleg lokal)
harmonics_noaa_cptt.txt,"Cuddalore, Tamil Nadu, India",cptt-3493,Madras,bau,"Chennai, Tamil Nadu, India [harmonics-1997-05-25_mod.txt]",Flach behalten,,,,,,,0.287,0.263,,offen (ohne Beleg)
harmonics_noaa_cptt.txt,"Nagapattinam, Tamil Nadu, India",cptt-3495,Madras,bau,"Chennai, Tamil Nadu, India [harmonics-1997-05-25_mod.txt]",Flach behalten,4.18,2.89,,,,,0.227,0.208,Wahrheit ok,schreiben
harmonics_noaa_cptt.txt,"Pamban Channel, Gulf of Mannar, Tamil Nadu, India",cptt-3497,Colombo,bau,"Colombo, Sri Lanka [harmonics_ticon4_worldwide.txt]",Flach behalten,5.34,5.23,,,,,0.187,0.178,Wahrheit ok,schreiben
harmonics_noaa_cptt.txt,"Thoothukudi (Tuticorin), Tamil Nadu, India",cptt-3499,Colombo,bau,"Colombo, Sri Lanka [harmonics_ticon4_worldwide.txt]",Flach behalten,,,,,8.79,7.59,0.214,0.204,Nachbarn ok,schreiben
harmonics_noaa_cptt.txt,"Point Pedro, Sri Lanka",cptt-3501,Colombo,behalten,,,,,,,,,,,,behalten (Gruppe am Pruefstand schlechter)
harmonics_noaa_cptt.txt,"Trincomalee, Sri Lanka",cptt-3503,Colombo,behalten,,,,,,,,,,,,behalten (Gruppe am Pruefstand schlechter)
harmonics_noaa_cptt.txt,"Galle, Sri Lanka",cptt-3505,Colombo,behalten,,,,,,,,,,,,behalten (Gruppe am Pruefstand schlechter)
harmonics_noaa_cptt.txt,"Jaffna, Sri Lanka",cptt-3509,Colombo,behalten,,,,,,,,,,,,behalten (Gruppe am Pruefstand schlechter)
harmonics_noaa_cptt.txt,"Kollam (Quilon), Kerala, India",cptt-3511,Colombo,bau,"Colombo, Sri Lanka [harmonics_ticon4_worldwide.txt]",Flach behalten,,,,,,,0.227,0.216,Gruppe lokal n=3 -0.05 Punkte,schreiben (Gruppenbeleg lokal)
harmonics_noaa_cptt.txt,"Kochi (Willingdon Island), Kerala, India",cptt-3513,Colombo,bau,"Colombo, Sri Lanka [harmonics_ticon4_worldwide.txt]",Flach behalten,11.37,11.32,,,,,0.214,0.204,Wahrheit ok,schreiben
harmonics_noaa_cptt.txt,"Beypore, Kerala, India",cptt-3515,Colombo,bau,"Colombo, Sri Lanka [harmonics_ticon4_worldwide.txt]",Flach behalten,10.08,10.15,,,,,0.281,0.267,Wahrheit ok,schreiben
harmonics_noaa_cptt.txt,"Calicut (Kozhikode), Kerala, India",cptt-3517,Karachi,gewaehlt,"Karachi (Entrance), Pakistan [harmonics_att_np203.txt]",Flach behalten,6.79,3.62,,,,,0.34,0.317,Wahrheit ok,schreiben
harmonics_noaa_cptt.txt,"Thalassery (Tellicherry), Kerala, India",cptt-3519,Karachi,gewaehlt,"Karachi (Entrance), Pakistan [harmonics_att_np203.txt]",Flach behalten,,,,,,,0.414,0.386,Gruppe lokal n=2 -1.98 Punkte,schreiben (Gruppenbeleg lokal)
harmonics_noaa_cptt.txt,"Kannur (Cannanore), Kerala, India",cptt-3521,Karachi,gewaehlt,"Karachi (Entrance), Pakistan [harmonics_att_np203.txt]",Flach behalten,,,,,,,0.399,0.372,Gruppe lokal n=2 -1.98 Punkte,schreiben (Gruppenbeleg lokal)
harmonics_noaa_cptt.txt,"Malpe, Karnataka, India",cptt-3525,Karachi,bau,"Karachi, Pakistan [harmonics_ticon4_worldwide.txt]",Flach behalten,,,,,4.69,3.78,0.473,0.444,Nachbarn ok,schreiben
harmonics_noaa_cptt.txt,"Bhatkal, Karnataka, India",cptt-3527,Karachi,bau,"Karachi, Pakistan [harmonics_ticon4_worldwide.txt]",Flach behalten,5.68,4.89,,,,,0.384,0.361,Wahrheit ok,schreiben
harmonics_noaa_cptt.txt,"Karwar, Karnataka, India",cptt-3529,Karachi,bau,"Karachi, Pakistan [harmonics_ticon4_worldwide.txt]",Flach behalten,3.95,5.89,,,,,0.561,0.527,Wahrheit schlechter,behalten (Beleg schlechter)
harmonics_noaa_cptt.txt,"Musakazi Point, Maharashtra, India",cptt-3533,Bombay,bau,"Mumbai (Colaba), Maharashtra, India [harmonics-1997-05-25_mod.txt]",Flach behalten,,,,,,,0.634,0.592,,offen (ohne Beleg)
harmonics_noaa_cptt.txt,"Vasai (Bassein), Maharashtra, India",cptt-3537,Bombay,bau,"Mumbai (Colaba), Maharashtra, India [harmonics-1997-05-25_mod.txt]",Flach behalten,3.99,3.54,,,,,1.297,1.213,Wahrheit ok,schreiben
harmonics_noaa_cptt.txt,"Dahanu, Maharashtra, India",cptt-3539,Bombay,bau,"Mumbai (Colaba), Maharashtra, India [harmonics-1997-05-25_mod.txt]",Flach behalten,4.87,4.95,,,,,1.373,1.283,Wahrheit ok,schreiben
harmonics_noaa_cptt.txt,"Bhavnagar, Gulf of Cambay, Gujarat, India",cptt-3541,Bombay,gewaehlt,"Mumbai (Colaba), Maharashtra, India [harmonics-1997-05-25_mod.txt]",Flach weg,7.24,6.42,,,,,3.455,3.23,Wahrheit ok,schreiben
harmonics_noaa_cptt.txt,"Port Albert Victor (Gulf of Cambay), Gujarat, India",cptt-3543,Bombay,gewaehlt,"Mumbai (Colaba), Maharashtra, India [harmonics-1997-05-25_mod.txt]",Flach weg,,,,,,,0.981,0.917,Gruppe lokal n=5 -0.74 Punkte,schreiben (Gruppenbeleg lokal)
harmonics_noaa_cptt.txt,"Navabandar, Gujarat, India",cptt-3545,Bombay,gewaehlt,"Mumbai (Colaba), Maharashtra, India [harmonics-1997-05-25_mod.txt]",Flach weg,,,,,,,0.573,0.536,Gruppe lokal n=6 -0.61 Punkte,schreiben (Gruppenbeleg lokal)
harmonics_noaa_cptt.txt,"Porbandar, Gujarat, India",cptt-3547,Karachi,bau (ohne Pruefstand),"Karachi, Pakistan [harmonics_ticon4_worldwide.txt]",Flach behalten,,,,,4.05,3.01,0.679,0.638,Nachbarn ok,schreiben
harmonics_noaa_cptt.txt,"Okha, Gujarat, India",cptt-3549,Bombay,bau,"Mumbai (Colaba), Maharashtra, India [harmonics-1997-05-25_mod.txt]",Flach behalten,3.82,3.33,,,,,1.207,1.128,Wahrheit ok,schreiben
harmonics_noaa_cptt.txt,"Mundra Port (Navinal Point), Gujarat, India",cptt-3551,Bombay,bau,"Mumbai (Colaba), Maharashtra, India [harmonics-1997-05-25_mod.txt]",Flach behalten,,,,,4.49,3.97,1.961,1.833,Nachbarn ok,schreiben
harmonics_noaa_cptt.txt,"Kandla, Gujarat, India",cptt-3553,Bombay,gewaehlt,"Mumbai (Colaba), Maharashtra, India [harmonics-1997-05-25_mod.txt]",Flach weg,5.59,4.85,,,,,2.519,2.355,Wahrheit ok,schreiben
harmonics_noaa_cptt.txt,"Khori Creek, Gujarat, India",cptt-3555,Bombay,gewaehlt,"Mumbai (Colaba), Maharashtra, India [harmonics-1997-05-25_mod.txt]",Flach weg,,,,,5.06,4.88,2.414,2.257,Nachbarn ok,schreiben
harmonics_noaa_cptt.txt,"Hansthal Point, Gujarat, India",cptt-3557,Bombay,gewaehlt,"Mumbai (Colaba), Maharashtra, India [harmonics-1997-05-25_mod.txt]",Flach weg,,,,,,,2.187,2.045,Gruppe lokal n=4 -0.77 Punkte,schreiben (Gruppenbeleg lokal)
harmonics_noaa_cptt.txt,"Navlakhi, Gujarat, India",cptt-3559,Bombay,gewaehlt,"Mumbai (Colaba), Maharashtra, India [harmonics-1997-05-25_mod.txt]",Flach weg,5.3,4.51,,,,,2.64,2.468,Wahrheit ok,schreiben
harmonics_noaa_cptt.txt,"Navi Wat, Gujarat, India",cptt-3561,Bombay,gewaehlt,"Mumbai (Colaba), Maharashtra, India [harmonics-1997-05-25_mod.txt]",Flach weg,,,,,,,2.384,2.228,Gruppe lokal n=4 -0.77 Punkte,schreiben (Gruppenbeleg lokal)
harmonics_noaa_cptt.txt,"Suvadiva Atoll, Maldive Islands, Maldives",cptt-3565,Madras,bau (ohne Pruefstand),"Chennai, Tamil Nadu, India [harmonics-1997-05-25_mod.txt]",Flach behalten,,,,,,,0.332,0.304,,offen (ohne Beleg)
harmonics_noaa_cptt.txt,"Horsburgh Atoll, Maldive Islands, Maldives",cptt-3567,Colombo,bau (ohne Pruefstand),"Colombo, Sri Lanka [harmonics_ticon4_worldwide.txt]",Flach behalten,,,,,,,0.16,0.153,,offen (ohne Beleg)
harmonics_noaa_cptt.txt,"Kardamum Island, Laccadive Islands, Lakshadweep, India",cptt-3573,Colombo,bau (ohne Pruefstand),"Colombo, Sri Lanka [harmonics_ticon4_worldwide.txt]",Flach behalten,,,,,,,0.24,0.229,,offen (ohne Beleg)
harmonics_noaa_cptt.txt,"Cherbaniani Reef, Laccadive Islands, Lakshadweep, India",cptt-3575,Colombo,bau (ohne Pruefstand),"Colombo, Sri Lanka [harmonics_ticon4_worldwide.txt]",Flach behalten,,,,,,,0.294,0.28,,offen (ohne Beleg)
harmonics_noaa_cptt.txt,"Jazireh-ye Forur, Iran",cptt-3619,Hong Kong,bau (ohne Pruefstand),"Quarry Bay, Hong Kong, China [harmonics_utide_tidetables.txt]",Flach behalten,,,,,,,0.459,0.378,,offen (ohne Beleg)
harmonics_noaa_cptt.txt,"Bushahr, Persian Gulf, Iran",cptt-3621,Hong Kong,bau (ohne Pruefstand),"Quarry Bay, Hong Kong, China [harmonics_utide_tidetables.txt]",Flach behalten,,,,,,,0.364,0.3,,offen (ohne Beleg)
harmonics_noaa_cptt.txt,"Basra, Iraq",cptt-3627,Shatt Al Arab,bau,"Khowr-e Musa Bar, Iran [harmonics_att_np203.txt]",Flach behalten,16.41,14.11,,,,,0.49,0.471,Wahrheit ok,schreiben
harmonics_noaa_cptt.txt,"al-Warba, Kuwait",cptt-3637,Shatt Al Arab,bau,"Khowr-e Musa Bar, Iran [harmonics_att_np203.txt]",Flach behalten,7.47,3.91,,,,,1.352,1.298,Wahrheit ok,schreiben
harmonics_noaa_cptt.txt,"Ash Shuwaykh (Kuwait), Kuwait",cptt-3645,Shatt Al Arab,bau,"Khowr-e Musa Bar, Iran [harmonics_att_np203.txt]",Flach behalten,5.59,3.08,,,,,0.98,0.941,Wahrheit ok,schreiben
harmonics_noaa_cptt.txt,"Mina Al Ahmadi Refinery, Kuwait",cptt-3647,Shatt Al Arab,bau,"Khowr-e Musa Bar, Iran [harmonics_att_np203.txt]",Flach behalten,4.94,3.88,,,,,0.668,0.642,Wahrheit ok,schreiben
harmonics_noaa_cptt.txt,"Ras Al Mishab, Saudi Arabia",cptt-3663,Yamato Wan,bau,"Ostrov Mamya, Kuril Islands, Russia [harmonics-1997-05-25_mod.txt]",Flach behalten,7.15,5.98,,,,,0.255,0.232,Wahrheit ok,schreiben
harmonics_noaa_cptt.txt,"Al Manamah Harbor, Bahrain",cptt-3685,Mina Salman,bau,"Mina Salman, Manamah, Bahrain [harmonics_ticon4_worldwide.txt]",Flach behalten,5.96,3.89,,,,,0.68,0.529,Wahrheit ok,schreiben
harmonics_noaa_cptt.txt,"Ras Ashairiq, Qatar",cptt-3693,Mina Salman,bau,"Mina Salman, Manamah, Bahrain [harmonics_ticon4_worldwide.txt]",Flach behalten,,,,,,,0.433,0.336,Gruppe lokal n=2 -1.20 Punkte,schreiben (Gruppenbeleg lokal)
harmonics_noaa_cptt.txt,"Fuwayrit (Jabal al Fuwayrit), Qatar",cptt-3695,Mina Salman,bau,"Mina Salman, Manamah, Bahrain [harmonics_ticon4_worldwide.txt]",Flach behalten,9.76,9.44,,,,,0.464,0.36,Wahrheit ok,schreiben
harmonics_noaa_cptt.txt,"Khawr al Quway (Jazirat Umm al Ghanam), Oman",cptt-3759,Karachi,bau (ohne Pruefstand),"Karachi, Pakistan [harmonics_ticon4_worldwide.txt]",Flach behalten,,,,,,,0.724,0.679,,offen (ohne Beleg)
harmonics_noaa_cptt.txt,"Didamar (Little Quoin Island), Oman",cptt-3761,Karachi,bau (ohne Pruefstand),"Karachi, Pakistan [harmonics_ticon4_worldwide.txt]",Flach behalten,,,,,,,0.812,0.763,,offen (ohne Beleg)
harmonics_noaa_cptt.txt,"Ras al Hadd, Oman",cptt-3771,Karachi,bau (ohne Pruefstand),"Karachi, Pakistan [harmonics_ticon4_worldwide.txt]",Flach behalten,,,,,,,0.62,0.582,,offen (ohne Beleg)
harmonics_noaa_cptt.txt,"Rounders Bay (Masirah Island), Oman",cptt-3773,Karachi,bau (ohne Pruefstand),"Karachi, Pakistan [harmonics_ticon4_worldwide.txt]",Flach behalten,,,,,,,0.591,0.555,,offen (ohne Beleg)
harmonics_noaa_cptt.txt,"Mirbat (Marbat), Oman",cptt-3775,Aden,bau,"Aden, Yemen [harmonics_ticon4_worldwide.txt]",Flach behalten,10.29,10.44,,,,,0.456,0.444,Wahrheit ok,schreiben
harmonics_noaa_cptt.txt,"Mukalla, Yemen",cptt-3777,Aden,behalten,,,,,,,,,,,,behalten (Gruppe am Pruefstand schlechter)
harmonics_noaa_cptt.txt,"Mayyun / Perim (Bab el Mandeb Strait), Yemen",cptt-3781,Aden,bau,"Aden, Yemen [harmonics_ticon4_worldwide.txt]",Flach behalten,,,,,,,0.387,0.377,Gruppe lokal n=2 -0.44 Punkte,schreiben (Gruppenbeleg lokal)
harmonics_noaa_cptt.txt,"Mokha (Al Mukha), Yemen",cptt-3783,Aden,bau,"Aden, Yemen [harmonics_ticon4_worldwide.txt]",Flach behalten,30.48,31.95,,,,,0.194,0.188,Wahrheit schlechter,behalten (Beleg schlechter)
harmonics_noaa_cptt.txt,"Kamaran (Passage), Yemen",cptt-3785,Suez,bau,"Suez (As Suways), Egypt [harmonics_att_np203.txt]",Flach behalten,6.8,3.03,,,,,0.354,0.339,Wahrheit ok,schreiben
harmonics_noaa_cptt.txt,"Sherm Rabegh, Saudi Arabia",cptt-3789,Suez,bau,"Suez (As Suways), Egypt [harmonics_att_np203.txt]",Flach behalten,15.77,12.09,,,,,0.2,0.192,Wahrheit ok,schreiben
harmonics_noaa_cptt.txt,"Aqaba, Jordan",cptt-3791,Suez,bau (ohne Pruefstand),"Suez (As Suways), Egypt [harmonics_att_np203.txt]",Flach behalten,,,,,,,0.308,0.295,Gruppe lokal n=3 -0.50 Punkte,schreiben (Gruppenbeleg lokal)
harmonics_noaa_cptt.txt,"Zafarana, Egypt",cptt-3797,Suez,gewaehlt,"Suez (As Suways), Egypt [harmonics-1997-05-25_mod.txt]",Flach weg + HW/NW,1.34,1.35,,,,,0.432,0.413,Wahrheit ok,schreiben
harmonics_noaa_cptt.txt,"Ra's Gharib, Egypt",cptt-3799,Suez,gewaehlt,"Suez (As Suways), Egypt [harmonics-1997-05-25_mod.txt]",Flach weg + HW/NW,3.04,2.48,,,,,0.2,0.192,Wahrheit ok,schreiben
harmonics_noaa_cptt.txt,"Juzur Ashrafi, Egypt",cptt-3801,Suez,gewaehlt,"Suez (As Suways), Egypt [harmonics-1997-05-25_mod.txt]",Flach weg + HW/NW,,,,,,,0.139,0.133,Gruppe lokal n=3 -0.50 Punkte,schreiben (Gruppenbeleg lokal)
harmonics_noaa_cptt.txt,"Jazirat Shadwan, Egypt",cptt-3803,Suez,gewaehlt,"Suez (As Suways), Egypt [harmonics-1997-05-25_mod.txt]",Flach weg + HW/NW,3.81,3.31,,,,,0.262,0.251,Wahrheit ok,schreiben
harmonics_noaa_cptt.txt,"Al Qusayr, Egypt",cptt-3805,Suez,gewaehlt,"Suez (As Suways), Egypt [harmonics-1997-05-25_mod.txt]",Flach weg + HW/NW,,,,,,,0.231,0.221,Gruppe lokal n=2 -0.53 Punkte,schreiben (Gruppenbeleg lokal)
harmonics_noaa_cptt.txt,"Harmil Island, Eritrea",cptt-3813,Suez,bau,"Suez (As Suways), Egypt [harmonics_att_np203.txt]",Flach behalten,3.75,5.11,,,,,0.139,0.133,Wahrheit schlechter,behalten (Beleg schlechter)
harmonics_noaa_cptt.txt,"Massawa (Mitsiwa), Eritrea",cptt-3815,Suez,bau,"Suez (As Suways), Egypt [harmonics_att_np203.txt]",Flach behalten,4.31,4.43,,,,,0.37,0.354,Wahrheit ok,schreiben
harmonics_noaa_cptt.txt,"Djibouti (Gulf of Aden), Djibouti",cptt-3819,Aden,bau,"Aden, Yemen [harmonics_ticon4_worldwide.txt]",Flach behalten,3.03,0.68,,,,,0.498,0.484,Wahrheit ok,schreiben
harmonics_noaa_cptt.txt,"Zeila (Saylac), Somalia",cptt-3821,Aden,bau,"Aden, Yemen [harmonics_ticon4_worldwide.txt]",Flach behalten,,,,,,,0.498,0.484,Gruppe lokal n=2 -0.44 Punkte,schreiben (Gruppenbeleg lokal)
harmonics_noaa_cptt.txt,"Berbera (Gulf of Aden), Somalia",cptt-3823,Aden,behalten,,,,,,,,,,,,behalten (Gruppe am Pruefstand schlechter)
harmonics_noaa_cptt.txt,"Cape Guardafui (Raas Caseyr), Somalia",cptt-3825,Aden,bau (ohne Pruefstand),"Aden, Yemen [harmonics_ticon4_worldwide.txt]",Flach behalten,,,,,,,0.47,0.458,,offen (ohne Beleg)
harmonics_noaa_cptt.txt,"Hobyo, Somalia",cptt-3827,Pohnpei Harbor,bau,"Pohnpei Harbor, Caroline Islands, Micronesia [harmonics-2004-06-14_mod.txt]",Flach behalten,6.25,6.12,,,,,0.474,0.441,Wahrheit ok,schreiben
harmonics_noaa_cptt.txt,"Warsheikh, Somalia",cptt-3829,Dar Es Salaam,bau,"Dar Es Salaam, Tanzania [harmonics_ticon4_worldwide.txt]",Flach behalten,,,,,,,0.63,0.608,,offen (ohne Beleg)
harmonics_noaa_cptt.txt,"Mogadishu, Somalia",cptt-3831,Dar Es Salaam,bau,"Dar Es Salaam, Tanzania [harmonics_ticon4_worldwide.txt]",Flach behalten,3.34,3.7,,,,,0.674,0.651,Wahrheit schlechter,behalten (Beleg schlechter)
harmonics_noaa_cptt.txt,"Barawa (Brava), Somalia",cptt-3833,Dar Es Salaam,bau (ohne Pruefstand),"Dar Es Salaam, Tanzania [harmonics_ticon4_worldwide.txt]",Flach behalten,,,,,,,0.761,0.736,,offen (ohne Beleg)
harmonics_noaa_cptt.txt,"Giuba River, Somalia",cptt-3835,Dar Es Salaam,bau,"Dar Es Salaam, Tanzania [harmonics_ticon4_worldwide.txt]",Flach behalten,,,,,,,0.981,0.948,,offen (ohne Beleg)
harmonics_noaa_cptt.txt,"Kismayo, Somalia",cptt-3837,Dar Es Salaam,bau,"Dar Es Salaam, Tanzania [harmonics_ticon4_worldwide.txt]",Flach behalten,,,,,,,0.791,0.764,,offen (ohne Beleg)
harmonics_noaa_cptt.txt,"Buur Gaabo, Somalia",cptt-3839,Dar Es Salaam,bau,"Dar Es Salaam, Tanzania [harmonics_ticon4_worldwide.txt]",Flach behalten,,,,,,,0.952,0.92,,offen (ohne Beleg)
harmonics_noaa_cptt.txt,"Malindi, Kenya",cptt-3841,Dar Es Salaam,bau,"Dar Es Salaam, Tanzania [harmonics_ticon4_worldwide.txt]",Flach behalten,2.86,2.37,,,,,0.981,0.948,Wahrheit ok,schreiben
harmonics_noaa_cptt.txt,"Wasini Island, Kenya",cptt-3845,Dar Es Salaam,bau,"Dar Es Salaam, Tanzania [harmonics_ticon4_worldwide.txt]",Flach behalten,2.41,1.88,,,,,1.157,1.118,Wahrheit ok,schreiben
harmonics_noaa_cptt.txt,"Mkoani (Pemba), Tanzania",cptt-3847,Dar Es Salaam,bau (ohne Pruefstand),"Dar Es Salaam, Tanzania [harmonics_ticon4_worldwide.txt]",Flach behalten,,,,,,,1.157,1.118,Gruppe lokal n=2 -0.51 Punkte,schreiben (Gruppenbeleg lokal)
harmonics_noaa_cptt.txt,"Misali Island, Tanzania",cptt-3849,Dar Es Salaam,bau (ohne Pruefstand),"Dar Es Salaam, Tanzania [harmonics_ticon4_worldwide.txt]",Flach behalten,,,,,,,1.186,1.146,Gruppe lokal n=2 -0.51 Punkte,schreiben (Gruppenbeleg lokal)
harmonics_noaa_cptt.txt,"Mkokotoni (Zanzibar), Tanzania",cptt-3851,Dar Es Salaam,bau (ohne Pruefstand),"Dar Es Salaam, Tanzania [harmonics_ticon4_worldwide.txt]",Flach behalten,,,,,,,1.201,1.16,,offen (ohne Beleg)
harmonics_noaa_cptt.txt,"Lindi, Tanzania",cptt-3857,Dar Es Salaam,bau (ohne Pruefstand),"Dar Es Salaam, Tanzania [harmonics_ticon4_worldwide.txt]",Flach behalten,,,,,,,0.996,0.962,Gruppe lokal n=2 -0.76 Punkte,schreiben (Gruppenbeleg lokal)
harmonics_noaa_cptt.txt,"Palma (Baía de Tungue), Mozambique",cptt-3859,Dar Es Salaam,bau,"Dar Es Salaam, Tanzania [harmonics_ticon4_worldwide.txt]",Flach behalten,,,,,,,1.186,1.146,Gruppe lokal n=3 -0.67 Punkte,schreiben (Gruppenbeleg lokal)
harmonics_noaa_cptt.txt,"Mocímboa da Praia, Mozambique",cptt-3861,Dar Es Salaam,bau,"Dar Es Salaam, Tanzania [harmonics_ticon4_worldwide.txt]",Flach behalten,3.86,3.0,,,,,1.259,1.217,Wahrheit ok,schreiben
harmonics_noaa_cptt.txt,"Ibo, Mozambique",cptt-3863,Dar Es Salaam,bau,"Dar Es Salaam, Tanzania [harmonics_ticon4_worldwide.txt]",Flach behalten,7.0,6.33,,,,,1.216,1.174,Wahrheit ok,schreiben
harmonics_noaa_cptt.txt,"Pemba (Porto Amelia), Mozambique",cptt-3865,Dar Es Salaam,bau,"Dar Es Salaam, Tanzania [harmonics_ticon4_worldwide.txt]",Flach behalten,3.47,2.92,,,,,1.23,1.188,Wahrheit ok,schreiben
harmonics_noaa_cptt.txt,"Porto de Mozambique, Mozambique",cptt-3867,Dar Es Salaam,bau,"Dar Es Salaam, Tanzania [harmonics_ticon4_worldwide.txt]",Flach behalten,3.45,2.74,,,,,1.23,1.188,Wahrheit ok,schreiben
harmonics_noaa_cptt.txt,"Angoche (António Enes), Mozambique",cptt-3869,Dar Es Salaam,behalten,,,,,,,,,,,,behalten (Gruppe am Pruefstand schlechter)
harmonics_noaa_cptt.txt,"Quelimane, Mozambique",cptt-3871,Dar Es Salaam,behalten,,,,,,,,,,,,behalten (Gruppe am Pruefstand schlechter)
harmonics_noaa_cptt.txt,"Chinde, Mozambique",cptt-3873,Beira,bau,"Beira, Mozambique [harmonics-1997-05-25_mod.txt]",Flach behalten,1.9,2.12,,,,,1.145,1.072,Wahrheit ok,schreiben
harmonics_noaa_cptt.txt,"Ilha de Chiloane (Chingune), Mozambique",cptt-3877,Beira,bau (ohne Pruefstand),"Beira, Mozambique [harmonics-1997-05-25_mod.txt]",Flach behalten,,,,,,,1.789,1.675,,offen (ohne Beleg)
harmonics_noaa_cptt.txt,"Bartolomeu Dias, Mozambique",cptt-3879,Beira,bau (ohne Pruefstand),"Beira, Mozambique [harmonics-1997-05-25_mod.txt]",Flach behalten,,,,,,,1.231,1.153,,offen (ohne Beleg)
harmonics_noaa_cptt.txt,"Bazaruto, Mozambique",cptt-3881,Beira,bau (ohne Pruefstand),"Beira, Mozambique [harmonics-1997-05-25_mod.txt]",Flach behalten,,,,,,,1.245,1.166,,offen (ohne Beleg)
harmonics_noaa_cptt.txt,"Ponta da Linga Linga, Mozambique",cptt-3883,Durban,bau (ohne Pruefstand),"Durban, South Africa [harmonics_ticon4_worldwide.txt]",Flach behalten,,,,,,,0.813,0.804,,offen (ohne Beleg)
harmonics_noaa_cptt.txt,"Inhampura (Rio Limpopo), Mozambique",cptt-3887,Durban,bau,"Durban, South Africa [harmonics_ticon4_worldwide.txt]",Flach behalten,,,,,,,0.349,0.345,,offen (ohne Beleg)
harmonics_noaa_cptt.txt,"Richard's Bay, South Africa",cptt-3891,Durban,bau,"Durban, South Africa [harmonics_ticon4_worldwide.txt]",Flach behalten,1.01,0.98,10.8,10.8,,,0.596,0.589,"Wahrheit ok, Pegel ok",schreiben
harmonics_noaa_cptt.txt,"KuGompo City (East London), South Africa",cptt-3895,Durban,bau,"Durban, South Africa [harmonics_ticon4_worldwide.txt]",Flach behalten,2.13,1.72,10.8,10.5,,,0.552,0.546,"Wahrheit ok, Pegel ok",schreiben
harmonics_noaa_cptt.txt,"Gqeberha (Port Elizabeth), South Africa",cptt-3897,Durban,bau,"Durban, South Africa [harmonics_ticon4_worldwide.txt]",Flach behalten,1.66,1.54,11.6,11.5,,,0.537,0.531,"Wahrheit ok, Pegel ok",schreiben
harmonics_noaa_cptt.txt,"Baie du Courrier, Madagascar",cptt-3901,Dar Es Salaam,bau,"Dar Es Salaam, Tanzania [harmonics_ticon4_worldwide.txt]",Flach behalten,,,,,,,0.908,0.877,,offen (ohne Beleg)
harmonics_noaa_cptt.txt,"Mangerivy Bay (Port Leven), Madagascar",cptt-3905,Dar Es Salaam,bau,"Dar Es Salaam, Tanzania [harmonics_ticon4_worldwide.txt]",Flach behalten,,,,,,,0.586,0.566,,offen (ohne Beleg)
harmonics_noaa_cptt.txt,"Vohemar, Madagascar",cptt-3907,Dar Es Salaam,bau (ohne Pruefstand),"Dar Es Salaam, Tanzania [harmonics_ticon4_worldwide.txt]",Flach behalten,,,,,,,0.454,0.439,,offen (ohne Beleg)
harmonics_noaa_cptt.txt,"Maroantsetra, Madagascar",cptt-3909,Dar Es Salaam,bau,"Dar Es Salaam, Tanzania [harmonics_ticon4_worldwide.txt]",Flach behalten,,,,,,,0.439,0.424,,offen (ohne Beleg)
harmonics_noaa_cptt.txt,"Fenoarivo Atsinanana (Fénérive), Madagascar",cptt-3911,Colombo,bau (ohne Pruefstand),"Colombo, Sri Lanka [harmonics_ticon4_worldwide.txt]",Flach behalten,,,,,,,0.227,0.216,,offen (ohne Beleg)
harmonics_noaa_cptt.txt,"Fort Dauphin, Madagascar",cptt-3915,Dar Es Salaam,bau (ohne Pruefstand),"Dar Es Salaam, Tanzania [harmonics_ticon4_worldwide.txt]",Flach behalten,,,,,,,0.205,0.198,,offen (ohne Beleg)
harmonics_noaa_cptt.txt,"Androka, Madagascar",cptt-3917,Dar Es Salaam,bau (ohne Pruefstand),"Dar Es Salaam, Tanzania [harmonics_ticon4_worldwide.txt]",Flach behalten,,,,,,,0.82,0.792,,offen (ohne Beleg)
harmonics_noaa_cptt.txt,"Cap Ankarana, Madagascar",cptt-3921,Dar Es Salaam,bau (ohne Pruefstand),"Dar Es Salaam, Tanzania [harmonics_ticon4_worldwide.txt]",Flach behalten,,,,,,,1.157,1.118,,offen (ohne Beleg)
harmonics_noaa_cptt.txt,"Nosy Maroantaly, Madagascar",cptt-3923,Dar Es Salaam,bau,"Dar Es Salaam, Tanzania [harmonics_ticon4_worldwide.txt]",Flach behalten,,,,,,,1.259,1.217,,offen (ohne Beleg)
harmonics_noaa_cptt.txt,"Mahajanga, Madagascar",cptt-3925,Dar Es Salaam,bau,"Dar Es Salaam, Tanzania [harmonics_ticon4_worldwide.txt]",Flach behalten,4.32,3.65,,,,,1.333,1.287,Wahrheit ok,schreiben
harmonics_noaa_cptt.txt,"Zaudzi, Ile Mayotte, Mayotte",cptt-3929,Dar Es Salaam,bau,"Dar Es Salaam, Tanzania [harmonics_ticon4_worldwide.txt]",Flach behalten,3.39,2.47,,,,,1.201,1.16,Wahrheit ok,schreiben
harmonics_noaa_cptt.txt,"Le Port (Pointe des Galets), Réunion",cptt-3931,Yokohama,bau,"Yokohama (Shinko), Kanagawa, Japan [harmonics_ticon4_worldwide.txt]",Flach behalten,8.44,7.53,,,,,0.174,0.15,Wahrheit ok,schreiben
harmonics_noaa_cptt.txt,"Port Louis, Mauritius",cptt-3933,Yokohama,bau,"Yokohama (Shinko), Kanagawa, Japan [harmonics_ticon4_worldwide.txt]",Flach behalten,5.62,4.56,,,,,0.16,0.138,Wahrheit ok,schreiben
harmonics_noaa_cptt.txt,"Providence Island, Seychelles",cptt-3939,Dar Es Salaam,bau (ohne Pruefstand),"Dar Es Salaam, Tanzania [harmonics_ticon4_worldwide.txt]",Flach behalten,,,,,,,0.791,0.764,,offen (ohne Beleg)
harmonics_noaa_cptt.txt,"Victoria, Seychelles",cptt-3941,Dar Es Salaam,bau,"Dar Es Salaam, Tanzania [harmonics_ticon4_worldwide.txt]",Flach behalten,8.78,5.84,,,,,0.425,0.41,Wahrheit ok,schreiben
harmonics_noaa_cptt.txt,"Christmas Island, Indonesia",cptt-3947,Dar Es Salaam,bau (ohne Pruefstand),"Dar Es Salaam, Tanzania [harmonics_ticon4_worldwide.txt]",Flach behalten,,,,,,,0.381,0.368,,offen (ohne Beleg)
harmonics_noaa_cptt.txt,"Amsterdam Island, French Southern and Antarctic Lands",cptt-3949,Durban,bau (ohne Pruefstand),"Durban, South Africa [harmonics_ticon4_worldwide.txt]",Flach behalten,,,,,,,0.334,0.33,,offen (ohne Beleg)
harmonics_noaa_cptt.txt,"Betsy Cove, French Southern Territories",cptt-3953,Durban,bau,"Durban, South Africa [harmonics_ticon4_worldwide.txt]",Flach behalten,,,,,,,0.465,0.46,,offen (ohne Beleg)
harmonics_noaa_cptt.txt,"Baie du Morbihan, French Southern Territories",cptt-3955,Durban,bau,"Durban, South Africa [harmonics_ticon4_worldwide.txt]",Flach behalten,8.03,8.07,12.8,12.9,,,0.552,0.546,"Wahrheit ok, Pegel ok",schreiben
harmonics_noaa_cptt.txt,"Observatory Bay, French Southern Territories",cptt-3957,Durban,bau (ohne Pruefstand),"Durban, South Africa [harmonics_ticon4_worldwide.txt]",Flach behalten,,,,,,,0.523,0.517,,offen (ohne Beleg)
harmonics_noaa_cptt.txt,"Heard Island (Atlas Cove), Australia",cptt-3959,Mui Vung Tau,bau,"Vung Tau, Vietnam [harmonics_utide_observations.txt]",Flach behalten,9.44,9.83,,,,,0.255,0.234,Wahrheit schlechter,behalten (Beleg schlechter)
harmonics_noaa_cptt.txt,"Gauss Station, Wilhelm II Coast, Antarctica",cptt-3961,Cebu,bau (ohne Pruefstand),"Cebu, Philippines [harmonics_ticon4_worldwide.txt]",Flach behalten,,,,,,,0.241,0.224,,offen (ohne Beleg)
harmonics_noaa_cptt.txt,"Mc Donald Bay, Antarctica",cptt-3963,Cebu,bau (ohne Pruefstand),"Cebu, Philippines [harmonics_ticon4_worldwide.txt]",Flach behalten,,,,,,,0.311,0.287,,offen (ohne Beleg)
harmonics_noaa_cptt.txt,"Wilkes Station, Antarctica",cptt-3965,Cebu,bau (ohne Pruefstand),"Cebu, Philippines [harmonics_ticon4_worldwide.txt]",Flach behalten,,,,,11.49,11.16,0.311,0.287,Nachbarn ok,schreiben
harmonics_noaa_cptt.txt,"Pointe Geologie, Adelie Coast, Antarctica",cptt-3967,Jolo,bau (ohne Pruefstand),"Jolo, Philippines [harmonics_ticon4_worldwide.txt]",Flach behalten,,,,,4.06,3.71,0.238,0.224,Nachbarn ok,schreiben
harmonics_noaa_cptt.txt,"Cape Margerie (Port Martin), Antarctica",cptt-3969,Jolo,bau,"Jolo, Philippines [harmonics_ticon4_worldwide.txt]",Flach behalten,5.15,4.59,,,,,0.245,0.23,Wahrheit ok,schreiben
harmonics_noaa_cptt.txt,"Cade Denison, George V Coast, Antarctica",cptt-3971,Jolo,bau,"Jolo, Philippines [harmonics_ticon4_worldwide.txt]",Flach behalten,9.65,8.71,,,,,0.251,0.236,Wahrheit ok,schreiben
