datei,name,schluessel,geloescht_nach,liste,art,faktor,reihe,reihe_km,hub_m,noaa_alt_cm,noaa_s2_cm,noaa_s2_versatz_min,bester_heute,bester_datei,bester_cm,bester_eigen,vorschlag
harmonics_noaa_eutt.txt,"La Rochelle, France",629,86c6e14,handentscheidung_20260911_loeschen.csv,Dublette/Guete,2.08,,,,,,,,,,,kein Massstab (keine Reihe unter 3 km)
harmonics_noaa_eutt.txt,"Nantes, Loire River, France",651,86c6e14,handentscheidung_20260911_loeschen.csv,Dublette/Guete,,France_SHOM/npz/6143.npz,1.55,5.61,114.3,114.3,60,"Nantes (Salorges), France",harmonics_utide_observations.txt,44.7,,weg lassen (Zeitfehler)
harmonics_noaa_eutt.txt,"IJmuiden (Ymuiden), Netherlands",1355,86c6e14,handentscheidung_20260911_loeschen.csv,Dublette/Guete,3.36,,,,,,,,,,,kein Massstab (keine Reihe unter 3 km)
harmonics_noaa_eutt.txt,"Thurso, Scotland, United Kingdom",1141,2552c9a,handentscheidung_20260911_loeschen.csv,Dublette/Guete,1.81,UK_tidetimes/Scrabster.json,1.85,4.71,20.4,21.0,-45,"Scrabster (Thurso), Scotland, United Kingdom",harmonics-1997-05-25_mod.txt,12.5,,weg lassen (Zeitfehler)
harmonics_noaa_eutt.txt,"Portmadoc (Borth), Wales, United Kingdom",1035,a80a684,handentscheidung_20260911_loeschen.csv,Dublette/Guete,2.74,,,,,,,,,,,kein Massstab (Reihe zu kurz)
harmonics_noaa_eutt.txt,"Pwllheli Road, Wales, United Kingdom",1037,a26ad79,handentscheidung_20260911_loeschen.csv,Dublette/Guete,2.74,UK_tidetimes/Pwllheli.json,0.0,5.17,47.1,35.4,-45,"Pwllheli, Wales, United Kingdom",harmonics_utide_tidetables.txt,16.7,,weg lassen (Zeitfehler)
harmonics_noaa_eutt.txt,"La Maréchale, France",615,a2a2f0e,dubletten_loeschen_20260910.csv,Dublette/Guete,2.02,France_SHOM/npz/191.npz,2.29,4.95,36.6,32.5,15,"Saint-Yzans-de-Médoc (Lamena), France",harmonics_utide_observations.txt,13.6,,weg lassen (heutiger Satz besser)
harmonics_noaa_eutt.txt,"Pauillac, France",617,a2a2f0e,dubletten_loeschen_20260910.csv,Dublette/Guete,2.01,France_SHOM/npz/779.npz,2.03,5.15,41.7,38.2,15,"Trompeloup (Pauillac), France",harmonics_utide_observations.txt,14.8,,weg lassen (heutiger Satz besser)
harmonics_noaa_eutt.txt,"Les Minquiers, Bailiwick of Jersey, Channel Islands",737,a2a2f0e,dubletten_loeschen_20260910.csv,Dublette/Guete,1.73,UK_tidetimes/Les_Minquiers.json,0.0,11.19,55.1,41.5,-30,"Les Minquiers (Îles Anglo-Normandes), Channel Islands",harmonics-pierre-lavergne-v10_mod.txt,25.5,,weg lassen (Zeitfehler)
harmonics_noaa_eutt.txt,"St. Valery-en-Caux, France",771,a2a2f0e,dubletten_loeschen_20260910.csv,Dublette/Guete,2.23,France_SHOM/shom_raw/SAINT-VALERY-EN-CAUX.csv,2.34,7.84,55.0,36.1,0,"Saint-Valery-en-Caux, France",harmonics_utide_tidetables.txt,10.1,ja,weg lassen (heutiger Satz besser)
harmonics_noaa_eutt.txt,"Tyne River entrance, England, United Kingdom",841,a2a2f0e,dubletten_loeschen_20260910.csv,Dublette/Guete,2.13,UK/bodc_sea_level_2007-2026_values_and_residuals_acd/NSH2309.txt,2.74,4.5,20.2,13.6,0,"North Shields (River Tyne), England, United Kingdom",harmonics-dwf-20100529-nonfree_mod.txt,2.8,,weg lassen (heutiger Satz besser)
harmonics_noaa_eutt.txt,"Brighton, England, United Kingdom",919,a2a2f0e,dubletten_loeschen_20260910.csv,Dublette/Guete,2.32,UK_tidetimes/Brighton_Marina.json,2.34,6.41,32.7,22.9,-45,"Brighton, England, United Kingdom",harmonics_utide_observations.txt,10.0,,weg lassen (Zeitfehler)
harmonics_noaa_eutt.txt,"Langeoog, Germany",1385,a2a2f0e,dubletten_loeschen_20260910.csv,Dublette/Guete,3.29,Germany/npz/langeoog.npz,2.56,3.49,40.2,37.2,15,"Langeoog (Hafeneinfahrt), Germany",harmonics_utide_observations.txt,31.5,,weg lassen (heutiger Satz besser)
harmonics_noaa_eutt.txt,"Wangerooge, east end, Germany",1395,a2a2f0e,dubletten_loeschen_20260910.csv,Dublette/Guete,2.74,Germany/npz/wangeroogeost.npz,2.16,3.87,50.6,47.3,-30,"Wangerooge (Ost), Germany",harmonics_utide_observations.txt,32.4,,weg lassen (Zeitfehler)
harmonics_noaa_eutt.txt,"Schillighorn, Germany",1397,a2a2f0e,dubletten_loeschen_20260910.csv,Dublette/Guete,2.77,Germany/npz/schillig.npz,0.22,4.16,64.6,61.4,-30,"Schillig, Germany",harmonics_utide_observations.txt,53.6,,weg lassen (Zeitfehler)
harmonics_noaa_eutt.txt,"Husum, Germany",1471,a2a2f0e,dubletten_loeschen_20260910.csv,Dublette/Guete,2.85,Germany/npz/husum.npz,2.04,4.5,52.0,46.6,-15,"Husum (Schleuse), Germany",harmonics_utide_observations.txt,41.0,,weg lassen (heutiger Satz besser)
harmonics_noaa_eutt.txt,"Ochsen Sand, Pellworm, Germany",1473,a2a2f0e,dubletten_loeschen_20260910.csv,Dublette/Guete,2.67,Germany/npz/pellwormanleger.npz,0.17,4.17,53.1,49.4,-30,"Pellworm (Anleger), Germany",harmonics_utide_observations.txt,36.7,,weg lassen (Zeitfehler)
harmonics_noaa_eutt.txt,"La Rochelle (La Pallice), France",631,ef775bd,dubletten_20260909_loeschen.csv,Dublette/Guete,2.07,France_SHOM_2026/LA_ROCHELLE-PALLICE.csv,0.84,4.88,26.3,22.3,0,"La Rochelle (La Pallice), France",harmonics_utide_observations.txt,3.7,,weg lassen (heutiger Satz besser)
harmonics_noaa_eutt.txt,"Cap Ferret, France",605,d8d446a,dubletten_20260907_loeschen.csv,Dublette/Guete,2.12,France_SHOM/shom_raw/CAP_FERRET.csv,1.46,3.54,14.7,14.3,0,"Cap Ferret, France",harmonics_utide_tidetables.txt,3.8,ja,weg lassen (heutiger Satz besser)
harmonics_noaa_eutt.txt,"Fromentine (La Barre-de-Monts), France",641,d8d446a,dubletten_20260907_loeschen.csv,Dublette/Guete,2.09,France_SHOM/npz/186.npz,2.22,4.81,32.5,28.3,0,"Fromentine (La Barre-de-Monts), France",harmonics_utide_observations.txt,17.0,,weg lassen (heutiger Satz besser)
harmonics_noaa_eutt.txt,"Bénodet (L'Odet), France",677,d8d446a,dubletten_20260907_loeschen.csv,Dublette/Guete,2.09,France_SHOM_2026/BENODET.csv,0.26,4.07,18.2,14.1,0,"Bénodet (L'Odet), France",harmonics_utide_tidetables.txt,2.3,,weg lassen (heutiger Satz besser)
harmonics_noaa_eutt.txt,"Les Héaux-de-Bréhat, France",711,d8d446a,dubletten_20260907_loeschen.csv,Dublette/Guete,1.79,France_SHOM_2026/LES_HEAUX-DE-BREHAT.csv,0.91,8.07,30.0,24.7,0,"Les Héaux-de-Bréhat, France",harmonics_utide_tidetables.txt,7.5,,weg lassen (heutiger Satz besser)
harmonics_noaa_eutt.txt,"Saint-Malo, France",725,d8d446a,dubletten_20260907_loeschen.csv,Dublette/Guete,1.78,France_SHOM/npz/410.npz,0.92,10.56,60.9,42.7,0,"Saint-Malo, France",harmonics_utide_observations.txt,17.3,,weg lassen (heutiger Satz besser)
harmonics_noaa_eutt.txt,"Grande-Île (Îles Chausey), France",735,d8d446a,dubletten_20260907_loeschen.csv,Dublette/Guete,1.76,France_SHOM/shom_raw/ILES_CHAUSEY.csv,0.0,11.03,63.7,45.4,0,"Grande-Île (Îles Chausey), France",harmonics_utide_tidetables.txt,13.8,ja,weg lassen (heutiger Satz besser)
harmonics_noaa_eutt.txt,"Southend-on-Sea (Pier), England, United Kingdom",889,d8d446a,dubletten_20260907_loeschen.csv,Dublette/Guete,2.68,UK_tidetimes/Southend.json,1.83,5.75,29.1,19.3,-45,"Southend-on-Sea (Pier), England, United Kingdom",harmonics_utide_tidetables.txt,13.0,,weg lassen (Zeitfehler)
harmonics_noaa_eutt.txt,"Cordouan, France",611,aadfa20,,ohne Log,2.12,France_SHOM/shom_raw/CORDOUAN.csv,0.0,4.24,19.0,18.6,0,"Cordouan, France",harmonics_utide_tidetables.txt,4.9,ja,weg lassen (heutiger Satz besser)
harmonics_noaa_eutt.txt,"Audierne, France",683,aadfa20,,ohne Log,2.12,,,,,,,,,,,kein Massstab (Reihe zu kurz)
harmonics_noaa_eutt.txt,"Zeebrugge, Belgium",1331,aadfa20,,ohne Log,2.8,Belgium_waterinfo/04ZLD-1069.csv,0.4,4.49,33.1,29.5,0,"Zeebrugge (Havendam), Belgium",harmonics_utide_observations.txt,21.5,,weg lassen (heutiger Satz besser)
harmonics_noaa_eutt.txt,"Devonport, England, United Kingdom",959,1cd2e8a,,ohne Log,2.35,UK_tidetimes/Plymouth_(Devonport).json,0.0,5.17,27.4,23.5,30,"Devonport, England, United Kingdom",harmonics_utide_observations.txt,13.9,,weg lassen (Zeitfehler)
harmonics_noaa_eutt.txt,"Inverness, Scotland, United Kingdom",801,869893c,,ohne Log,2.11,UK_tidetimes/Inverness.json,1.0,4.45,20.6,23.1,30,"Clachnaharry, Scotland, United Kingdom",harmonics_utide_observations.txt,7.8,,weg lassen (Zeitfehler)
harmonics_noaa_eutt.txt,"Montrose, Scotland, United Kingdom",813,869893c,,ohne Log,2.11,UK_tidetimes/Montrose.json,0.0,4.57,20.8,21.8,-60,"Montrose, Scotland, United Kingdom",harmonics_utide_tidetables.txt,5.9,,weg lassen (Zeitfehler)
harmonics_noaa_eutt.txt,"Arbroath, Scotland, United Kingdom",815,869893c,,ohne Log,2.08,UK_tidetimes/Arbroath.json,0.0,4.98,19.4,15.7,-45,"Arbroath, Scotland, United Kingdom",harmonics_utide_observations.txt,7.5,,weg lassen (Zeitfehler)
harmonics_noaa_eutt.txt,"Burntisland, Firth of Forth, Scotland, United Kingdom",823,869893c,,ohne Log,2.11,UK_tidetimes/Burntisland.json,0.0,5.29,21.1,19.5,30,"Burntisland, Scotland, United Kingdom",harmonics_utide_tidetables.txt,7.0,,weg lassen (Zeitfehler)
harmonics_noaa_eutt.txt,"Rosyth, Forth River, Scotland, United Kingdom",825,869893c,,ohne Log,2.13,UK_tidetimes/Rosyth.json,0.0,5.59,20.1,18.9,30,"Rosyth, Scotland, United Kingdom",harmonics-1997-05-25_mod.txt,13.6,,weg lassen (Zeitfehler)
harmonics_noaa_eutt.txt,"Blyth, England, United Kingdom",839,869893c,,ohne Log,2.11,UK_tidetimes/Blyth.json,0.0,4.95,18.2,12.1,-30,"Blyth, England, United Kingdom",harmonics_utide_tidetables.txt,7.6,,weg lassen (Zeitfehler)
harmonics_noaa_eutt.txt,"Spurn Head, England, United Kingdom",859,869893c,,ohne Log,2.08,UK_tidetimes/Spurn_Head.json,0.0,6.45,34.2,36.4,-45,"Spurn Head, England, United Kingdom",harmonics_utide_tidetables.txt,3.1,,weg lassen (Zeitfehler)
harmonics_noaa_eutt.txt,"Chatham, Medway River, England, United Kingdom",893,869893c,,ohne Log,2.66,UK_tidetimes/Chatham_(Lock_Approaches).json,1.33,6.2,35.4,22.2,-30,"Chatham (Lock Approaches), England, United Kingdom",harmonics_utide_tidetables.txt,32.2,,weg lassen (Zeitfehler)
harmonics_noaa_eutt.txt,"Royal Albert Dock, Thames River, England, United Kingdom",897,869893c,,ohne Log,2.75,UK_tidetimes/North_Woolwich.json,0.0,7.02,41.1,26.3,-60,"North Woolwich, England, United Kingdom",harmonics_utide_tidetables.txt,20.0,,weg lassen (Zeitfehler)
harmonics_noaa_eutt.txt,"Margate, England, United Kingdom",901,869893c,,ohne Log,2.71,UK_tidetimes/Margate.json,1.85,4.5,22.4,17.5,-60,"Margate, England, United Kingdom",harmonics_utide_tidetables.txt,8.7,,weg lassen (Zeitfehler)
harmonics_noaa_eutt.txt,"Hastings, England, United Kingdom",915,869893c,,ohne Log,2.3,UK_tidetimes/Hastings.json,1.17,7.3,30.9,24.2,-45,"Hastings, England, United Kingdom",harmonics_utide_observations.txt,12.6,,weg lassen (Zeitfehler)
harmonics_noaa_eutt.txt,"Littlehampton, England, United Kingdom",923,869893c,,ohne Log,2.31,UK_tidetimes/Littlehampton.json,1.17,5.88,35.5,15.7,-15,"Littlehampton, England, United Kingdom",harmonics_literature.txt,13.5,,weg lassen (heutiger Satz besser)
harmonics_noaa_eutt.txt,"Bridport, England, United Kingdom",943,869893c,,ohne Log,2.41,ea/rloi3294.json,1.58,2.79,42.6,43.7,-30,"West Bay (Bridport), England, United Kingdom",harmonics_ticon4_worldwide.txt,16.0,,weg lassen (Zeitfehler)
harmonics_noaa_eutt.txt,"Exmouth, England, United Kingdom",947,869893c,,ohne Log,2.33,UK_tidetimes/Exmouth_Dock.json,0.0,3.82,21.9,19.9,30,"Exmouth, England, United Kingdom",harmonics_utide_observations.txt,7.8,,weg lassen (Zeitfehler)
harmonics_noaa_eutt.txt,"Falmouth, England, United Kingdom",965,869893c,,ohne Log,2.37,UK_tidetimes/Falmouth.json,0.0,5.07,26.8,22.5,-60,"Falmouth, England, United Kingdom",harmonics-1997-05-25_mod.txt,17.1,,weg lassen (Zeitfehler)
harmonics_noaa_eutt.txt,"Cardiff, Bristol Channel, Wales, United Kingdom",1007,869893c,,ohne Log,2.16,UK_tidetimes/Cardiff.json,0.28,11.98,74.3,39.5,-15,"Penarth, Wales, United Kingdom",harmonics_utide_observations.txt,26.3,,weg lassen (heutiger Satz besser)
harmonics_noaa_eutt.txt,"Barry, Bristol Channel, Wales, United Kingdom",1009,869893c,,ohne Log,2.15,UK_tidetimes/Barry.json,0.0,11.39,64.6,41.4,-75,"Barry, Wales, United Kingdom",harmonics-1997-05-25_mod.txt,35.0,,weg lassen (Zeitfehler)
harmonics_noaa_eutt.txt,"Swansea, Bristol Channel, Wales, United Kingdom",1013,869893c,,ohne Log,2.14,UK_tidetimes/Swansea.json,0.0,9.3,49.6,24.4,-60,"Swansea (King's Dock), Wales, United Kingdom",harmonics-1997-05-25_mod.txt,21.5,,weg lassen (Zeitfehler)
harmonics_noaa_eutt.txt,"Aberystwyth, Wales, United Kingdom",1029,869893c,,ohne Log,2.74,UK_tidetimes/Aberystwyth.json,0.0,4.93,39.3,23.9,15,"Aberystwyth, Wales, United Kingdom",harmonics-1997-05-25_mod.txt,11.5,,weg lassen (heutiger Satz besser)
harmonics_noaa_eutt.txt,"Stranraer, Loch Ryan, Scotland, United Kingdom",1091,869893c,,ohne Log,1.61,UK_tidetimes/Stranraer.json,1.07,3.2,15.4,13.7,15,"Stranraer, Scotland, United Kingdom",harmonics_utide_observations.txt,5.8,,weg lassen (heutiger Satz besser)
harmonics_noaa_eutt.txt,"Oban, Firth of Lorne, Scotland, United Kingdom",1113,869893c,,ohne Log,1.82,UK_tidetimes/Oban.json,0.0,3.72,19.3,16.2,45,"Oban, Scotland, United Kingdom",harmonics_utide_observations.txt,8.4,,weg lassen (Zeitfehler)
harmonics_noaa_eutt.txt,"Stromness, Scotland, United Kingdom",1265,869893c,,ohne Log,2.13,UK_tidetimes/Stromness.json,0.0,3.47,12.9,18.2,-30,"Stromness, Scotland, United Kingdom",harmonics_utide_observations.txt,9.4,,weg lassen (Zeitfehler)
harmonics_noaa_eutt.txt,"Kirkwall, Scotland, United Kingdom",1267,869893c,,ohne Log,2.01,UK_tidetimes/Kirkwall.json,0.0,2.99,14.6,12.8,-30,"Kirkwall, Scotland, United Kingdom",harmonics_utide_observations.txt,9.1,,weg lassen (Zeitfehler)
harmonics_noaa_eutt.txt,"Fair Isle, Scotland, United Kingdom",1271,869893c,,ohne Log,1.77,UK_tidetimes/Fair_Isle.json,2.64,2.13,30.6,30.8,-90,"Fair Isle, Scotland, United Kingdom",harmonics-1997-05-25_mod.txt,7.0,,weg lassen (Zeitfehler)
harmonics_noaa_eutt.txt,"Pointe-Noire, Republic of the Congo",99,d8368b0,,ohne Log,2.12,France_SHOM/shom_raw/POINTE_NOIRE.csv,0.02,1.54,12.1,9.7,0,"Pointe-Noire, Republic of the Congo",harmonics_utide_tidetables.txt,5.2,ja,weg lassen (heutiger Satz besser)
harmonics_noaa_eutt.txt,"Boujdour, Western Sahara",301,d8368b0,,ohne Log,1.86,France_SHOM/shom_raw/BOUJDOUR.csv,0.01,2.15,11.7,7.0,0,"Boujdour, Western Sahara",harmonics_utide_tidetables.txt,3.2,ja,weg lassen (heutiger Satz besser)
harmonics_noaa_eutt.txt,"Tarfaya (Cap Juby), Morocco",303,d8368b0,,ohne Log,1.8,France_SHOM/shom_raw/TARFAYA.csv,0.0,2.57,19.3,18.9,-15,"Tarfaya (Cap Juby), Morocco",harmonics_utide_tidetables.txt,4.2,ja,weg lassen (heutiger Satz besser)
harmonics_noaa_eutt.txt,"Hondarribia (Fuenterrabia), Spain",599,d8368b0,,ohne Log,2.02,France_SHOM/shom_raw/HENDAYE.csv,1.87,3.88,23.2,19.4,15,"Hendaye, France",harmonics_utide_tidetables.txt,2.9,ja,weg lassen (heutiger Satz besser)
harmonics_noaa_eutt.txt,"Royan, France",613,d8368b0,,ohne Log,2.05,France_SHOM_2026/ROYAN.csv,0.51,4.06,17.0,12.1,0,"Royan, France",harmonics_utide_observations.txt,4.9,,weg lassen (heutiger Satz besser)
harmonics_noaa_eutt.txt,"Île de Sein, France",685,d8368b0,,ohne Log,1.78,France_SHOM/shom_raw/ILE_DE_SEIN_NORD.csv,1.52,5.3,25.2,17.2,0,"Île de Sein, France",harmonics_utide_tidetables.txt,4.7,ja,weg lassen (heutiger Satz besser)
harmonics_noaa_eutt.txt,"Le Tréport, France",775,d8368b0,,ohne Log,2.29,France_SHOM/shom_raw/LE_TREPORT.csv,0.0,8.35,54.0,39.9,15,"Le Tréport, France",harmonics_utide_tidetables.txt,11.7,ja,weg lassen (heutiger Satz besser)
harmonics_noaa_eutt.txt,"Nieuwpoort, Belgium",1327,d8368b0,,ohne Log,2.72,Belgium_waterinfo/04NPT-1069.csv,0.8,5.05,41.8,35.3,15,"Nieuwpoort (Oude Zeedijk), Belgium",harmonics_utide_observations.txt,21.2,,weg lassen (heutiger Satz besser)
harmonics_noaa_eutt.txt,"Oostende, Belgium",1329,d8368b0,,ohne Log,2.73,Belgium_waterinfo/04OST-1069.csv,0.7,4.82,38.5,34.4,15,"Oostende (Scheepvaarpolitie Kust), Belgium",harmonics_utide_observations.txt,22.1,,weg lassen (heutiger Satz besser)
harmonics_noaa_eutt.txt,"Antwerpen (Roads) Schelde River, Belgium",1335,d8368b0,,ohne Log,3.47,Belgium_waterinfo/04zes21a-1066.csv,0.65,5.99,68.1,61.1,30,"Antwerpen, Belgium",harmonics_utide_observations.txt,29.3,,weg lassen (Zeitfehler)
harmonics_noaa_eutt.txt,"Roompot, East Schelde River, Netherlands",1343,d8368b0,,ohne Log,3.07,Netherlands/oosterschelde.roompotsluis.buiten.csv,0.95,3.37,27.0,20.3,-15,"Oosterschelde Roompotsluis buiten, Netherlands",harmonics-dwf-20100529-nonfree_mod.txt,2.7,,weg lassen (heutiger Satz besser)
harmonics_noaa_eutt.txt,"Rotterdam, Netherlands",1351,d8368b0,,ohne Log,3.58,Netherlands/parksluis.csv,2.69,2.07,31.8,30.2,45,"Parksluis, Netherlands",harmonics_utide_observations.txt,5.2,,weg lassen (Zeitfehler)
harmonics_noaa_eutt.txt,"Knock, Germany",1369,ddb7863,,ohne Log,3.55,Germany/npz/knock.npz,1.45,4.0,55.0,51.5,45,"Knock (Ems), Germany",harmonics_utide_observations.txt,32.4,,weg lassen (Zeitfehler)
harmonics_noaa_eutt.txt,"Pogum, Germany",1373,ddb7863,,ohne Log,3.95,Germany/npz/pogum.npz,0.69,4.23,61.3,57.6,45,"Pogum (Ems), Germany",harmonics_utide_observations.txt,34.3,,weg lassen (Zeitfehler)
harmonics_noaa_eutt.txt,"Spiekeroog, west approach, Germany",1389,ddb7863,,ohne Log,3.44,Germany/npz/spiekeroog.npz,1.01,3.66,40.9,36.3,15,"Spiekeroog (Alter Anleger), Germany",harmonics_utide_observations.txt,32.6,,weg lassen (heutiger Satz besser)
harmonics_noaa_eutt.txt,"Wangerooge, west end, Germany",1391,ddb7863,,ohne Log,3.41,Germany/npz/wangeroogewest.npz,1.42,3.68,39.6,34.7,15,"Wangerooge (Hafen), Germany",harmonics_utide_observations.txt,31.9,,weg lassen (heutiger Satz besser)
harmonics_noaa_eutt.txt,"Wilhelmshaven, Germany",1403,ddb7863,,ohne Log,2.66,Germany/npz/whvaltervorhafen.npz,1.45,4.69,46.0,39.1,-15,"Wilhelmshaven (Alter Vorhafen, Jade), Germany",harmonics_utide_observations.txt,32.7,,weg lassen (heutiger Satz besser)
harmonics_noaa_eutt.txt,"Bremen (bridge), Germany",1427,ddb7863,,ohne Log,3.14,Germany/npz/grosseweserbrcke.npz,1.77,5.05,65.6,61.2,30,"Bremen (Wilhelm-Kaisen-Brücke, Weser), Germany",harmonics_utide_observations.txt,38.8,,weg lassen (Zeitfehler)
harmonics_noaa_eutt.txt,"Brunsbüttelkoog, Germany",1433,ddb7863,,ohne Log,3.9,Germany/npz/brunsbttelmpm.npz,1.13,3.87,45.9,42.2,0,"Brunsbüttel (Elbe), Germany",harmonics_utide_observations.txt,39.2,,weg lassen (heutiger Satz besser)
harmonics_noaa_eutt.txt,"Glückstadt, Germany",1435,ddb7863,,ohne Log,4.62,Germany/npz/glckstadt.npz,0.49,3.88,46.5,42.9,15,"Glückstadt (Elbe), Germany",harmonics_utide_observations.txt,39.1,,weg lassen (heutiger Satz besser)
harmonics_noaa_eutt.txt,"Stadersand, Germany",1437,ddb7863,,ohne Log,4.59,Germany/npz/stadersand.npz,0.59,4.11,47.2,43.0,15,"Stadersand (Elbe), Germany",harmonics_utide_observations.txt,39.5,,weg lassen (heutiger Satz besser)
harmonics_noaa_eutt.txt,"Lühedeich, Germany",1439,ddb7863,,ohne Log,6.11,Germany/npz/lhort.npz,0.54,4.24,50.0,45.0,-15,"Lühort (Lühe), Germany",harmonics_utide_observations.txt,39.4,,weg lassen (heutiger Satz besser)
harmonics_noaa_eutt.txt,"Schulau, Germany",1441,ddb7863,,ohne Log,6.15,Germany/npz/schulau.npz,0.23,4.3,49.9,44.5,-15,"Schulau (Elbe), Germany",harmonics_utide_observations.txt,40.1,,weg lassen (heutiger Satz besser)
harmonics_noaa_eutt.txt,"Hörnum Odde, Vortrapp Tief, Germany",1483,ddb7863,,ohne Log,3.89,Germany/npz/hörnum.npz,1.22,3.13,38.6,35.9,0,"Hörnum (Sylt, Hafen), Germany",harmonics_utide_observations.txt,33.7,,weg lassen (heutiger Satz besser)
harmonics_noaa_eutt.txt,"Arcachon, France",607,b2c7189,,ohne Log,15.0,,,,,,,,,,,kein Massstab (Reihe zu kurz)
harmonics_noaa_eutt.txt,"Concarneau, France",675,b2c7189,,ohne Log,2.09,France_SHOM_2026/CONCARNEAU.csv,0.89,4.01,19.0,15.2,0,"Concarneau, France",harmonics_utide_observations.txt,2.1,,weg lassen (heutiger Satz besser)
harmonics_noaa_eutt.txt,"Le Conquet, France",693,b2c7189,,ohne Log,1.79,France_SHOM_2026/LE_CONQUET.csv,0.8,5.45,19.8,18.4,0,"Le Conquet, France",harmonics_utide_observations.txt,2.2,,weg lassen (heutiger Satz besser)
harmonics_noaa_eutt.txt,"Roscoff, France",703,b2c7189,,ohne Log,1.77,,,,,,,,,,,kein Massstab (Reihe zu kurz)
harmonics_noaa_eutt.txt,"Cancale, France",727,b2c7189,,ohne Log,1.76,France_SHOM/npz/6438.npz,1.66,7.7,67.5,38.9,0,"Cancale, France",harmonics_utide_observations.txt,19.0,,weg lassen (heutiger Satz besser)
harmonics_noaa_eutt.txt,"Diélette, France",733,b2c7189,,ohne Log,1.81,France_SHOM/npz/628.npz,0.51,8.33,48.6,34.8,-15,"Diélette, France",harmonics_utide_observations.txt,16.7,,weg lassen (heutiger Satz besser)
harmonics_noaa_eutt.txt,"Ouistreham, France",755,b2c7189,,ohne Log,2.19,France_SHOM_2026/OUISTREHAM.csv,0.0,6.22,28.8,21.5,-15,"Ouistreham, France",harmonics_utide_observations.txt,6.9,,weg lassen (heutiger Satz besser)
harmonics_noaa_eutt.txt,"Fécamp, France",769,b2c7189,,ohne Log,2.29,France_SHOM_2026/FECAMP.csv,0.48,6.82,41.3,33.7,15,"Fécamp, France",harmonics_utide_tidetables.txt,7.2,,weg lassen (heutiger Satz besser)
harmonics_noaa_eutt.txt,"Dieppe, France",773,b2c7189,,ohne Log,2.31,France_SHOM_2026/DIEPPE.csv,0.39,7.92,44.7,37.6,15,"Dieppe, France",harmonics_utide_observations.txt,6.7,,weg lassen (heutiger Satz besser)
harmonics_noaa_eutt.txt,"Cayeux, France",777,b2c7189,,ohne Log,2.29,France_SHOM/shom_raw/CAYEUX-SUR-MER.csv,0.0,8.4,54.7,42.7,0,"Cayeux-sur-Mer, France",harmonics_utide_tidetables.txt,11.6,ja,weg lassen (heutiger Satz besser)
harmonics_noaa_eutt.txt,"Calais, France",785,b2c7189,,ohne Log,2.18,France_SHOM_2026/CALAIS.csv,1.26,6.12,27.8,17.1,0,"Calais, France",harmonics_utide_observations.txt,7.1,,weg lassen (heutiger Satz besser)
harmonics_noaa_eutt.txt,"Gravelines, France",787,b2c7189,,ohne Log,2.19,France_SHOM_2026/GRAVELINES.csv,0.0,5.54,23.2,13.0,0,"Gravelines, France",harmonics_utide_tidetables.txt,7.4,,weg lassen (heutiger Satz besser)
harmonics_noaa_eutt.txt,"Newport (River Usk), Wales, United Kingdom",1005,b2c7189,,ohne Log,2.18,UK/bodc_sea_level_2007-2026_values_and_residuals_acd/NPO2309.txt,0.0,11.23,101.0,96.4,-30,"Newport (River Usk), Wales, United Kingdom",harmonics-dwf-20100529-nonfree_mod.txt,11.4,,weg lassen (Zeitfehler)
harmonics_noaa_eutt.txt,"Lerwick, Scotland, United Kingdom",1273,b2c7189,,ohne Log,1.86,UK_tidetimes/Lerwick.json,0.0,2.09,9.1,7.0,-45,"Lerwick (Shetlands), Scotland, United Kingdom",harmonics_ticon4_worldwide.txt,2.6,,weg lassen (Zeitfehler)
harmonics_noaa_eutt.txt,"Emden, Germany",1371,b2c7189,,ohne Log,3.41,Germany/npz/emdenneueseeschleuse.npz,1.73,4.22,57.4,53.8,45,"Emden (Neue Seeschleuse), Germany",harmonics_utide_observations.txt,33.8,,weg lassen (Zeitfehler)
harmonics_noaa_eutt.txt,"Norderney-Seegat, Germany",1381,b2c7189,,ohne Log,3.29,Germany/npz/norderneyriffgat.npz,0.71,3.35,40.2,37.9,30,"Norderney (Riffgat), Germany",harmonics_utide_observations.txt,30.9,,weg lassen (Zeitfehler)
harmonics_noaa_eutt.txt,"Genius Bank, Germany",1401,b2c7189,,ohne Log,2.69,Germany/npz/jadeweserport.npz,1.63,4.38,46.6,41.0,-15,"Jade-Weser-Port, Germany",harmonics_utide_observations.txt,32.1,,weg lassen (heutiger Satz besser)
harmonics_noaa_eutt.txt,"Sandstedt, Germany",1415,b2c7189,,ohne Log,2.84,Germany/npz/rechtenfleth.npz,1.93,4.77,45.8,39.0,0,"Rechtenfleth (Weser), Germany",harmonics_utide_observations.txt,34.8,,weg lassen (heutiger Satz besser)
harmonics_noaa_eutt.txt,"Bremen (Oslebshausen), Germany",1425,b2c7189,,ohne Log,3.12,Germany/npz/oslebshausen.npz,0.46,4.97,56.2,50.5,15,"Bremen-Oslebshausen (Weser), Germany",harmonics_utide_observations.txt,34.9,,weg lassen (heutiger Satz besser)
harmonics_noaa_eutt.txt,"Scharhörn, Germany",1429,b2c7189,,ohne Log,3.79,Germany/npz/scharhörn.npz,0.27,3.9,42.2,36.3,0,"Scharhörn (Bake C), Germany",harmonics_utide_observations.txt,34.1,,weg lassen (heutiger Satz besser)
harmonics_noaa_eutt.txt,"Cranz, Germany",1443,b2c7189,,ohne Log,6.21,Germany/npz/cranz.npz,0.63,4.24,47.9,41.8,-15,"Hamburg-Blankenese (Elbe, Unterfeuer), Germany",harmonics_utide_observations.txt,39.2,,weg lassen (heutiger Satz besser)
harmonics_noaa_eutt.txt,"List, Lister Tief, Germany",1487,b2c7189,,ohne Log,3.62,Germany/npz/listaufsylt.npz,0.61,2.93,40.1,38.4,-15,"List auf Sylt (Hafen), Germany",harmonics_utide_observations.txt,36.5,,weg lassen (heutiger Satz besser)
harmonics_noaa_eutt.txt,"Rørvik, Norway",1541,b2c7189,,ohne Log,1.95,Norway_Kartverket/kartverket_RVK.csv,0.0,2.44,19.5,17.6,15,"Rørvik, Norway",harmonics_utide_observations.txt,14.3,ja,weg lassen (heutiger Satz besser)
harmonics_noaa_eutt.txt,"San Pedro River, Ivory Coast",199,222d3a6,,ohne Log,2.07,France_SHOM/shom_raw/SAN_PEDRO.csv,0.0,1.19,17.4,17.0,-30,"San Pedro, Ivory Coast",harmonics_utide_tidetables.txt,3.7,ja,weg lassen (Zeitfehler)
harmonics_noaa_eutt.txt,"Essaouira, Morocco",309,222d3a6,,ohne Log,1.87,France_SHOM/shom_raw/ESSAOUIRA.csv,0.0,2.82,16.6,17.0,0,"Essaouira, Morocco",harmonics_utide_tidetables.txt,3.4,ja,weg lassen (heutiger Satz besser)
harmonics_noaa_eutt.txt,"Pornic, France",645,222d3a6,,ohne Log,2.1,France_SHOM/shom_raw/PORNIC.csv,1.26,5.05,33.5,25.1,0,"Pornic, France",harmonics_utide_tidetables.txt,8.0,ja,weg lassen (heutiger Satz besser)
harmonics_noaa_eutt.txt,"St. Nazaire, Loire River, France",647,222d3a6,,ohne Log,2.07,France_SHOM/npz/37.npz,0.12,5.16,33.6,26.3,0,"Saint-Nazaire, France",harmonics_utide_observations.txt,15.3,,weg lassen (heutiger Satz besser)
harmonics_noaa_eutt.txt,"Le Pouliguen, France",653,222d3a6,,ohne Log,2.14,France_SHOM/shom_raw/LE_POULIGUEN.csv,1.14,4.7,22.3,22.7,0,"Le Pouliguen, France",harmonics_utide_tidetables.txt,5.0,ja,weg lassen (heutiger Satz besser)
harmonics_noaa_eutt.txt,"Ploumanac'h, France",707,222d3a6,,ohne Log,1.76,France_SHOM/shom_raw/PLOUMANACH.csv,0.27,7.97,48.0,35.8,-15,"Ploumanac'h, France",harmonics_utide_tidetables.txt,7.3,ja,weg lassen (heutiger Satz besser)
harmonics_noaa_eutt.txt,"Île de Bréhat, France",713,222d3a6,,ohne Log,1.76,France_SHOM/shom_raw/BREHAT_MEN_JOLIGUET.csv,1.14,9.12,60.8,48.1,-15,"Île de Bréhat, France",harmonics_utide_tidetables.txt,11.3,ja,weg lassen (heutiger Satz besser)
harmonics_noaa_eutt.txt,"Lézardrieux, France",715,222d3a6,,ohne Log,1.76,France_SHOM/shom_raw/LEZARDRIEUX_PORT.csv,0.83,9.08,58.9,46.0,-15,"Lézardrieux, France",harmonics_utide_tidetables.txt,11.1,ja,weg lassen (heutiger Satz besser)
harmonics_noaa_eutt.txt,"Paimpol, France",717,222d3a6,,ohne Log,1.73,France_SHOM/shom_raw/PAIMPOL.csv,0.57,9.29,62.9,50.9,-15,"Paimpol, France",harmonics_utide_tidetables.txt,11.0,ja,weg lassen (heutiger Satz besser)
harmonics_noaa_eutt.txt,"Erquy, France",723,222d3a6,,ohne Log,1.74,France_SHOM/shom_raw/ERQUY_PORT.csv,1.85,9.94,54.2,31.9,0,"Erquy, France",harmonics_utide_tidetables.txt,10.9,ja,weg lassen (heutiger Satz besser)
harmonics_noaa_eutt.txt,"Granville, France",729,222d3a6,,ohne Log,1.77,France_SHOM/shom_raw/GRANVILLE_LE_COCALEU.csv,2.02,11.3,69.8,56.8,-15,"Granville, France",harmonics_utide_tidetables.txt,14.1,ja,weg lassen (heutiger Satz besser)
harmonics_noaa_eutt.txt,"Braye. Alderney Island, Channel Islands",743,222d3a6,,ohne Log,1.76,UK_tidetimes/Braye.json,0.0,5.88,38.8,40.9,-90,"Braye Bay, Alderney, Channel Islands",harmonics-pierre-lavergne-v10_mod.txt,13.8,,weg lassen (Zeitfehler)
harmonics_noaa_eutt.txt,"Omonville, France",745,222d3a6,,ohne Log,1.9,France_SHOM/shom_raw/OMONVILLE-LA-ROGUE.csv,0.77,5.24,60.3,62.9,45,"Omonville-la-Rogue, France",harmonics_utide_tidetables.txt,6.6,ja,weg lassen (Zeitfehler)
harmonics_noaa_eutt.txt,"Barfleur, France",749,222d3a6,,ohne Log,1.75,France_SHOM/shom_raw/BARFLEUR.csv,0.8,5.28,58.9,56.5,45,"Barfleur, France",harmonics_utide_tidetables.txt,7.3,ja,weg lassen (Zeitfehler)
harmonics_noaa_eutt.txt,"St. Vaast la Hougue, France",751,222d3a6,,ohne Log,1.75,France_SHOM/shom_raw/SAINT-VAAST-LA-HOUGUE.csv,0.51,5.67,67.2,64.8,45,"Saint-Vaast-la-Hougue, France",harmonics_utide_tidetables.txt,8.2,ja,weg lassen (Zeitfehler)
harmonics_noaa_eutt.txt,"Trouville, France",757,222d3a6,,ohne Log,2.14,France_SHOM/shom_raw/DEAUVILLE.csv,0.31,6.82,51.3,36.5,-15,"Trouville-Deauville, France",harmonics_utide_tidetables.txt,11.0,ja,weg lassen (heutiger Satz besser)
harmonics_noaa_eutt.txt,"Lowestoft, England, United Kingdom",879,222d3a6,,ohne Log,2.7,UK_tidetimes/Lowestoft.json,0.0,2.39,15.1,16.6,-60,"Lowestoft, England, United Kingdom",harmonics_utide_observations.txt,4.1,,weg lassen (Zeitfehler)
harmonics_noaa_eutt.txt,"Harwich, Stour River, England, United Kingdom",883,222d3a6,,ohne Log,2.75,UK_tidetimes/Harwich.json,0.0,3.99,21.8,17.6,-60,"Harwich, England, United Kingdom",harmonics-dwf-20100529-nonfree_mod.txt,9.1,,weg lassen (Zeitfehler)
harmonics_noaa_eutt.txt,"Portsmouth, England, United Kingdom",927,222d3a6,,ohne Log,2.54,UK_tidetimes/Portsmouth.json,0.0,4.38,34.1,34.1,-30,"Portsmouth, England, United Kingdom",harmonics_utide_observations.txt,8.4,,weg lassen (Zeitfehler)
harmonics_noaa_eutt.txt,"St. Mary's Pool, Scilly Isles, England, United Kingdom",969,222d3a6,,ohne Log,2.36,UK_tidetimes/St._Marys.json,0.0,5.45,26.6,18.9,-60,"St. Mary's (Isles of Scilly), England, United Kingdom",harmonics_ticon4_worldwide.txt,5.6,,weg lassen (Zeitfehler)
harmonics_noaa_eutt.txt,"Ilfracombe, Bristol Channel, England, United Kingdom",987,222d3a6,,ohne Log,2.22,UK_tidetimes/Ilfracombe.json,0.0,9.0,51.4,24.8,-75,"Ilfracombe, England, United Kingdom",harmonics_utide_observations.txt,10.7,,weg lassen (Zeitfehler)
harmonics_noaa_eutt.txt,"Port of Bristol (Avonmouth), England, United Kingdom",997,222d3a6,,ohne Log,2.16,ea/rloi3014.json,0.81,11.9,184.1,180.1,-30,"Portbury, England, United Kingdom",harmonics_ticon4_worldwide.txt,149.2,,weg lassen (Zeitfehler)
harmonics_noaa_eutt.txt,"Fishguard, Wales, United Kingdom",1025,222d3a6,,ohne Log,2.79,UK/bodc_sea_level_2007-2026_values_and_residuals_acd/FIS2309.txt,1.91,4.05,33.4,42.4,-15,"Fishguard, Wales, United Kingdom",harmonics-dwf-20100529-nonfree_mod.txt,2.2,,weg lassen (heutiger Satz besser)
harmonics_noaa_eutt.txt,"Barmouth, Wales, United Kingdom",1033,222d3a6,,ohne Log,2.74,UK_tidetimes/Barmouth.json,0.0,4.64,39.7,29.8,30,"Barmouth, Wales, United Kingdom",harmonics_ticon4_worldwide.txt,9.2,,weg lassen (Zeitfehler)
harmonics_noaa_eutt.txt,"Llandudno, Wales, United Kingdom",1051,222d3a6,,ohne Log,2.18,UK_tidetimes/Llandudno.json,0.0,7.84,33.1,15.8,-45,"Llandudno, England, United Kingdom",harmonics_utide_observations.txt,7.2,,weg lassen (Zeitfehler)
harmonics_noaa_eutt.txt,"Loch Inchard, Scotland, United Kingdom",1133,222d3a6,,ohne Log,1.75,UK_tidetimes/Kinlochbervie.json,1.94,4.74,17.3,11.7,-45,"Kinlochbervie (Loch Inchard), Scotland, United Kingdom",harmonics_ticon4_worldwide.txt,6.8,,weg lassen (Zeitfehler)
harmonics_noaa_eutt.txt,"Wexford, Ireland",1169,222d3a6,,ohne Log,2.72,Ireland_MI/npz/Wexford_Harbour.npz,0.0,1.64,30.7,32.7,-45,"Wexford, Ireland",harmonics_utide_observations.txt,14.2,,weg lassen (Zeitfehler)
harmonics_noaa_eutt.txt,"Bodø, Norway",1545,222d3a6,,ohne Log,1.9,Norway_Kartverket/kartverket_BOO.csv,1.48,2.68,20.6,17.8,15,"Bodø, Norway",harmonics_utide_observations.txt,15.1,ja,weg lassen (heutiger Satz besser)
harmonics_noaa_eutt.txt,"Port Nolloth, South Africa",67,3ab39ae,,ohne Log,1.81,SouthAfrica_UHSLC/701_Port_Nolloth.csv,0.04,1.84,11.4,8.8,15,"Port Nolloth, South Africa",harmonics_utide_observations.txt,7.5,ja,weg lassen (heutiger Satz besser)
harmonics_noaa_eutt.txt,"Wick, Scotland, United Kingdom",793,3ab39ae,,ohne Log,2.18,UK_tidetimes/Wick.json,0.0,3.34,12.0,14.0,-45,"Wick, Scotland, United Kingdom",harmonics_ticon4_worldwide.txt,3.7,,weg lassen (Zeitfehler)
harmonics_noaa_eutt.txt,"Aberdeen, Scotland, United Kingdom",809,3ab39ae,,ohne Log,2.12,UK/bodc_sea_level_2007-2026_values_and_residuals_acd/ABE2309.txt,0.69,3.75,17.3,13.9,0,"Aberdeen, Scotland, United Kingdom",harmonics_ticon4_worldwide.txt,2.7,,weg lassen (heutiger Satz besser)
harmonics_noaa_eutt.txt,"Whitby, England, United Kingdom",853,3ab39ae,,ohne Log,2.14,UK_tidetimes/Whitby.json,0.0,5.14,17.3,18.3,-45,"Whitby, England, United Kingdom",harmonics_utide_observations.txt,5.2,,weg lassen (Zeitfehler)
harmonics_noaa_eutt.txt,"Cromer, England, United Kingdom",875,3ab39ae,,ohne Log,2.06,UK_tidetimes/Cromer.json,0.0,4.78,35.4,40.3,-60,"Cromer, England, United Kingdom",harmonics_ticon4_worldwide.txt,8.0,,weg lassen (Zeitfehler)
harmonics_noaa_eutt.txt,"Holyhead, Wales, United Kingdom",1043,3ab39ae,,ohne Log,2.74,UK_tidetimes/Holyhead.json,0.0,5.46,34.4,35.9,-60,"Holyhead, Wales, United Kingdom",harmonics_ticon4_worldwide.txt,5.3,,weg lassen (Zeitfehler)
harmonics_noaa_eutt.txt,"Conakry, Guinea",241,37a42b7,,ohne Log,1.87,France_SHOM/shom_raw/CONAKRY.csv,0.0,3.21,18.6,16.6,0,"Conakry, Guinea",harmonics_utide_tidetables.txt,2.8,ja,weg lassen (heutiger Satz besser)
harmonics_noaa_eutt.txt,"Port Kamsar (Rio Nunez), Guinea",247,37a42b7,,ohne Log,1.82,France_SHOM/shom_raw/KAMSAR.csv,0.01,4.49,27.6,22.4,0,"Port Kamsar (Rio Nunez), Guinea",harmonics_utide_tidetables.txt,8.0,ja,weg lassen (heutiger Satz besser)
harmonics_noaa_eutt.txt,"Bubaque, Guinea-Bissau",253,37a42b7,,ohne Log,1.78,France_SHOM/shom_raw/BUBAQUE.csv,0.0,3.84,19.2,16.4,0,"Bubaque, Guinea-Bissau",harmonics_utide_tidetables.txt,1.8,ja,weg lassen (heutiger Satz besser)
harmonics_noaa_eutt.txt,"Diogué (Casamance), Senegal",267,37a42b7,,ohne Log,2.04,France_SHOM/shom_raw/DJOGUE.csv,0.01,1.41,10.3,8.2,0,"Diogué (Casamance), Senegal",harmonics_utide_tidetables.txt,0.7,ja,weg lassen (heutiger Satz besser)
harmonics_noaa_eutt.txt,"Mirleft (Plage Tamhrouchte), Morocco",305,37a42b7,,ohne Log,1.78,France_SHOM/shom_raw/TAMAJARUSH.csv,0.0,2.52,16.3,14.1,0,"Mirleft (Plage Tamhrouchte), Morocco",harmonics-1997-05-25_mod.txt,1.3,,weg lassen (heutiger Satz besser)
harmonics_noaa_eutt.txt,"Agadir, Morocco",307,37a42b7,,ohne Log,1.84,France_SHOM/shom_raw/AGADIR.csv,0.01,2.8,14.6,9.0,0,"Agadir, Morocco",harmonics_utide_tidetables.txt,2.3,ja,weg lassen (heutiger Satz besser)
harmonics_noaa_eutt.txt,"Safi, Morocco",311,37a42b7,,ohne Log,1.8,France_SHOM/shom_raw/SAFI.csv,0.0,2.86,16.7,10.4,0,"Safi, Morocco",harmonics_utide_tidetables.txt,2.3,ja,weg lassen (heutiger Satz besser)
harmonics_noaa_eutt.txt,"Rabat, Morocco",317,37a42b7,,ohne Log,1.86,France_SHOM/shom_raw/RABAT.csv,0.0,2.58,14.8,9.4,0,"Rabat, Morocco",harmonics_utide_tidetables.txt,1.5,ja,weg lassen (heutiger Satz besser)
harmonics_noaa_eutt.txt,"Mehdya, Morocco",319,37a42b7,,ohne Log,1.85,France_SHOM/shom_raw/MEHDIA.csv,0.0,3.0,13.9,7.2,0,"Mehdya, Morocco",harmonics_utide_tidetables.txt,2.7,ja,weg lassen (heutiger Satz besser)
harmonics_noaa_eutt.txt,"Tanger, Morocco",327,37a42b7,,ohne Log,1.86,France_SHOM/shom_raw/TANGER.csv,0.01,1.97,11.1,9.3,0,"Tanger, Morocco",harmonics-1997-05-25_mod.txt,1.1,,weg lassen (heutiger Satz besser)
harmonics_noaa_eutt.txt,"Peniche, Portugal",495,37a42b7,,ohne Log,2.01,Portugal_CMEMS/PenicheTG.csv,0.0,3.15,23.2,20.3,30,"Peniche, Portugal",harmonics_utide_observations.txt,13.3,ja,weg lassen (Zeitfehler)
harmonics_noaa_eutt.txt,"Viana do Castelo, Portugal",513,37a42b7,,ohne Log,2.02,Portugal_CMEMS/VianaDoCasteloTG.csv,0.56,3.16,18.7,14.0,0,"Viana do Castelo, Portugal",harmonics_utide_observations.txt,11.8,ja,weg lassen (heutiger Satz besser)
harmonics_noaa_eutt.txt,"Le Croisic, France",655,37a42b7,,ohne Log,2.09,France_SHOM/shom_raw/LE_CROISIC.csv,0.12,4.69,28.0,23.6,-15,"Le Croisic, France",harmonics_utide_tidetables.txt,4.3,ja,weg lassen (heutiger Satz besser)
harmonics_noaa_eutt.txt,"Pénerf, France",657,37a42b7,,ohne Log,2.1,France_SHOM/shom_raw/PENERF.csv,0.6,4.72,27.5,20.7,0,"Pénerf, France",harmonics_utide_tidetables.txt,4.9,ja,weg lassen (heutiger Satz besser)
harmonics_noaa_eutt.txt,"Loctudy, France",679,37a42b7,,ohne Log,2.12,France_SHOM/shom_raw/LOCTUDY.csv,0.37,4.24,20.4,16.2,0,"Loctudy, France",harmonics_utide_tidetables.txt,4.4,ja,weg lassen (heutiger Satz besser)
harmonics_noaa_eutt.txt,"Douarnenez, France",687,37a42b7,,ohne Log,1.78,France_SHOM/shom_raw/DOUARNENEZ.csv,0.89,5.6,26.9,17.8,0,"Douarnenez, France",harmonics_utide_tidetables.txt,5.0,ja,weg lassen (heutiger Satz besser)
harmonics_noaa_eutt.txt,"Binic, France",719,37a42b7,,ohne Log,1.75,France_SHOM/shom_raw/BINIC.csv,0.16,9.86,52.3,31.5,0,"Binic, France",harmonics_utide_tidetables.txt,10.8,ja,weg lassen (heutiger Satz besser)
harmonics_noaa_eutt.txt,"Carteret, France",731,37a42b7,,ohne Log,1.78,France_SHOM/shom_raw/CARTERET.csv,0.91,9.47,53.7,38.6,0,"Carteret, France",harmonics_utide_tidetables.txt,10.6,ja,weg lassen (heutiger Satz besser)
harmonics_noaa_eutt.txt,"Trondheim, Norway",1539,37a42b7,,ohne Log,1.98,Norway_Kartverket/kartverket_TRD.csv,0.02,2.78,18.6,17.0,0,"Trondheim, Norway",harmonics_utide_observations.txt,13.4,ja,weg lassen (heutiger Satz besser)
harmonics_noaa_eutt.txt,"Kabelvåg, Norway",1549,37a42b7,,ohne Log,1.89,Norway_Kartverket/kartverket_KAB.csv,0.5,2.84,20.1,16.9,15,"Kabelvåg, Norway",harmonics_utide_observations.txt,15.2,ja,weg lassen (heutiger Satz besser)
harmonics_noaa_eutt.txt,"Tromsø, Norway",1555,37a42b7,,ohne Log,1.81,Norway_Kartverket/kartverket_TOS.csv,0.02,2.55,18.7,16.8,15,"Tromsø, Norway",harmonics_utide_observations.txt,12.7,ja,weg lassen (heutiger Satz besser)
harmonics_noaa_eutt.txt,"Hammerfest, Norway",1557,37a42b7,,ohne Log,1.88,Norway_Kartverket/kartverket_HFT.csv,0.0,2.63,18.3,15.9,0,"Hammerfest, Norway",harmonics_utide_observations.txt,12.8,ja,weg lassen (heutiger Satz besser)
harmonics_noaa_eutt.txt,"Martin Vaz, Ilhas, Brazil",3,3f8410d,transfer_zeitprobe_loeschen.csv,Zeit/Referenz,2.3,,,,,,,,,,,kein Massstab (keine Reihe unter 3 km)
harmonics_noaa_eutt.txt,"Porto da Praia, São Tiago Island, Cape Verde",11,3f8410d,transfer_zeitprobe_loeschen.csv,Zeit/Referenz,2.07,,,,,,,,,,,kein Massstab (keine Reihe unter 3 km)
harmonics_noaa_eutt.txt,"Santo António (Ilha do Príncipe), São Tomé and Príncipe",115,3f8410d,transfer_zeitprobe_loeschen.csv,Zeit/Referenz,2.07,,,,,,,,,,,kein Massstab (keine Reihe unter 3 km)
harmonics_noaa_eutt.txt,"Dickson Island, Yenisey Gulf, Russia",1931,ac6e711,,ohne Log,2.37,,,,,,,,,,,kein Massstab (keine Reihe unter 3 km)
harmonics_noaa_eutt.txt,"Douala, Cameroon River, Cameroon",131,e95663b,,ohne Log,1.86,France_SHOM/shom_raw/DOUALA.csv,1.3,2.28,39.4,38.5,75,"Douala (Cameroon River), Cameroon",harmonics_utide_tidetables.txt,8.3,ja,weg lassen (Zeitfehler)
harmonics_noaa_eutt.txt,"Porto Grande, São Vicente Island, Cape Verde",15,3298fc6,,ohne Log,2.15,,,,,,,,,,,kein Massstab (keine Reihe unter 3 km)
harmonics_noaa_eutt.txt,"Bata Bay, Rio Muni, Equatorial Guinea",121,3298fc6,,ohne Log,2.02,,,,,,,,,,,kein Massstab (keine Reihe unter 3 km)
harmonics_noaa_eutt.txt,"San Carlos Bay, Fernando Poo, Equatorial Guinea",123,3298fc6,,ohne Log,2.08,,,,,,,,,,,kein Massstab (keine Reihe unter 3 km)
harmonics_noaa_eutt.txt,"Bale d'Arguin, Mauritania",291,3298fc6,,ohne Log,2.02,,,,,,,,,,,kein Massstab (keine Reihe unter 3 km)
harmonics_noaa_eutt.txt,"Bajo Salmedina, Spain",459,3298fc6,,ohne Log,2.13,,,,,,,,,,,kein Massstab (keine Reihe unter 3 km)
harmonics_noaa_eutt.txt,"Sevilla, Río Guadalquivir, Spain",463,3298fc6,,ohne Log,1.94,,,,,,,,,,,kein Massstab (keine Reihe unter 3 km)
harmonics_noaa_eutt.txt,"Vestmanna, Streymoy Island, Faroe Islands",1291,3298fc6,,ohne Log,1.88,,,,,,,,,,,kein Massstab (keine Reihe unter 3 km)
harmonics_noaa_eutt.txt,"Klaksvík, Borðoy Island, Faroe Islands",1303,3298fc6,,ohne Log,2.01,,,,,,,,,,,kein Massstab (keine Reihe unter 3 km)
harmonics_noaa_eutt.txt,"Vestdalseyri, Iceland",1325,3298fc6,,ohne Log,1.85,,,,,,,,,,,kein Massstab (keine Reihe unter 3 km)
harmonics_noaa_eutt.txt,"Büsum, Norderpiep, Germany",1447,3298fc6,,ohne Log,2.75,Germany/npz/büsum.npz,1.41,4.24,64.3,60.4,-45,"Büsum (Schleuse), Germany",harmonics_utide_observations.txt,39.0,,weg lassen (Zeitfehler)
harmonics_noaa_eutt.txt,"Matochkin Strait, east end, Russia",1845,3298fc6,,ohne Log,2.3,,,,,,,,,,,kein Massstab (keine Reihe unter 3 km)
harmonics_noaa_eutt.txt,"Foki Bight, Russia",1853,3298fc6,,ohne Log,2.17,,,,,,,,,,,kein Massstab (keine Reihe unter 3 km)
harmonics_noaa_eutt.txt,"Russkaya Harbor, Russia",1855,3298fc6,,ohne Log,2.12,,,,,,,,,,,kein Massstab (keine Reihe unter 3 km)
harmonics_noaa_eutt.txt,"Puerto de la Estaca (El Hierro), Islas Canarias, Spain",17,19cb2e6,,ohne Log,1.86,,,,,,,,,,,kein Massstab (keine Reihe unter 3 km)
harmonics_noaa_eutt.txt,"Santa Cruz de La Palma, Islas Canarias, Spain",19,19cb2e6,,ohne Log,1.86,,,,,,,,,,,kein Massstab (keine Reihe unter 3 km)
harmonics_noaa_eutt.txt,"San Sebastián de la Gomera, Spain",21,19cb2e6,,ohne Log,1.92,,,,,,,,,,,kein Massstab (keine Reihe unter 3 km)
harmonics_noaa_eutt.txt,"Puerto del Rosario (Fuerteventura), Islas Canarias, Spain",27,19cb2e6,,ohne Log,1.91,,,,,,,,,,,kein Massstab (keine Reihe unter 3 km)
harmonics_noaa_eutt.txt,"Ilhéu de Fora, Ilhas Selvagens, Portugal",31,19cb2e6,,ohne Log,1.84,,,,,,,,,,,kein Massstab (keine Reihe unter 3 km)
harmonics_noaa_eutt.txt,"Porto Moniz, Madeira, Portugal",35,19cb2e6,,ohne Log,1.79,,,,,,,,,,,kein Massstab (keine Reihe unter 3 km)
harmonics_noaa_eutt.txt,"Porto da Cruz, Madeira, Portugal",37,19cb2e6,,ohne Log,1.84,,,,,,,,,,,kein Massstab (keine Reihe unter 3 km)
harmonics_noaa_eutt.txt,"Porto Santo, Madeira, Portugal",39,19cb2e6,,ohne Log,1.88,Portugal_IOC/posa_Porto_Santo.csv,0.0,2.39,22.4,21.6,0,"Porto Santo, Madeira, Portugal",harmonics_utide_observations.txt,19.9,ja,weg lassen (heutiger Satz besser)
harmonics_noaa_eutt.txt,"Greenville, Liberia",205,19cb2e6,,ohne Log,1.73,,,,,,,,,,,kein Massstab (keine Reihe unter 3 km)
harmonics_noaa_eutt.txt,"Bafu Bay, Liberia",207,19cb2e6,,ohne Log,1.71,,,,,,,,,,,kein Massstab (keine Reihe unter 3 km)
harmonics_noaa_eutt.txt,"Cestos Bay, Liberia",209,19cb2e6,,ohne Log,1.69,,,,,,,,,,,kein Massstab (keine Reihe unter 3 km)
harmonics_noaa_eutt.txt,"Upper Buchanan, Liberia",211,19cb2e6,,ohne Log,1.71,,,,,,,,,,,kein Massstab (keine Reihe unter 3 km)
harmonics_noaa_eutt.txt,"Monrovia, Liberia",219,19cb2e6,,ohne Log,1.71,,,,,,,,,,,kein Massstab (keine Reihe unter 3 km)
harmonics_noaa_eutt.txt,"Cape Mount Bay, Liberia",221,19cb2e6,,ohne Log,1.94,,,,,,,,,,,kein Massstab (keine Reihe unter 3 km)
harmonics_noaa_eutt.txt,"João Vieira Island, Guinea-Bissau",249,19cb2e6,,ohne Log,1.8,,,,,,,,,,,kein Massstab (keine Reihe unter 3 km)
harmonics_noaa_eutt.txt,"Jabada, Geba River, Guinea-Bissau",259,19cb2e6,,ohne Log,1.72,,,,,,,,,,,kein Massstab (keine Reihe unter 3 km)
harmonics_noaa_eutt.txt,"Biombo, Guinea-Bissau",261,19cb2e6,,ohne Log,1.6,,,,,,,,,,,kein Massstab (keine Reihe unter 3 km)
harmonics_noaa_eutt.txt,"St. James Island, Gambia",275,19cb2e6,,ohne Log,1.94,,,,,,,,,,,kein Massstab (keine Reihe unter 3 km)
harmonics_noaa_eutt.txt,"Balingho, Gambia",279,19cb2e6,,ohne Log,2.05,,,,,,,,,,,kein Massstab (keine Reihe unter 3 km)
harmonics_noaa_eutt.txt,"Kuntaur, Gambia",281,19cb2e6,,ohne Log,2.06,,,,,,,,,,,kein Massstab (keine Reihe unter 3 km)
harmonics_noaa_eutt.txt,"Dunmore, Waterford Harbor, Ireland",1173,19cb2e6,,ohne Log,2.69,UK_tidetimes/Dunmore_East.json,0.0,3.87,289.5,299.7,180,"Dunmore East, Ireland",harmonics_utide_observations.txt,8.7,,weg lassen (Zeitfehler)
harmonics_noaa_eutt.txt,"Dungarvan Bay, Ireland",1175,19cb2e6,,ohne Log,2.7,UK_tidetimes/Dungarvan_Harbour.json,1.14,3.95,303.3,312.8,180,,,,,weg lassen (Zeitfehler)
harmonics_noaa_eutt.txt,"Youghal, Ireland",1177,19cb2e6,,ohne Log,2.69,UK_tidetimes/Youghal.json,1.14,3.87,292.8,302.7,180,"Youghal, Ireland",harmonics_utide_tidetables.txt,22.5,,weg lassen (Zeitfehler)
harmonics_noaa_eutt.txt,"Queenstown, Cork Harbor, Ireland",1179,19cb2e6,,ohne Log,2.68,UK_tidetimes/Ringaskiddy.json,1.15,4.1,292.0,303.3,180,"Ringaskiddy (NMCI), Ireland",harmonics_ticon4_worldwide.txt,8.5,,weg lassen (Zeitfehler)
harmonics_noaa_eutt.txt,"Cork, Cork Harbor, Ireland",1183,19cb2e6,,ohne Log,2.62,UK_tidetimes/Cork_City.json,0.0,4.19,312.9,325.2,180,"Cork City, Ireland",harmonics-pierre-lavergne-v10_mod.txt,18.5,,weg lassen (Zeitfehler)
harmonics_noaa_eutt.txt,"Kinsale, Ireland",1185,19cb2e6,,ohne Log,2.69,UK_tidetimes/Kinsale.json,0.0,3.55,272.0,282.8,180,"Kinsale, Ireland",harmonics_utide_tidetables.txt,16.3,,weg lassen (Zeitfehler)
harmonics_noaa_eutt.txt,"Courtmacsherry, Ireland",1187,19cb2e6,,ohne Log,2.71,UK_tidetimes/Courtmacsherry.json,1.15,3.76,272.9,282.0,180,"Courtmacsherry, Ireland",harmonics_utide_tidetables.txt,16.8,,weg lassen (Zeitfehler)
harmonics_noaa_eutt.txt,"Baltimore, Ireland",1191,19cb2e6,,ohne Log,2.76,"UK_tidetimes/Baltimore,_Ireland.json",1.15,3.15,234.1,241.9,180,"Baltimore, Ireland, Ireland",harmonics_utide_tidetables.txt,14.2,,weg lassen (Zeitfehler)
harmonics_noaa_eutt.txt,"Skull, Ireland",1193,19cb2e6,,ohne Log,2.8,UK_tidetimes/Schull.json,0.0,3.03,228.5,235.0,180,"Schull, Ireland",harmonics_utide_tidetables.txt,13.9,,weg lassen (Zeitfehler)
harmonics_noaa_eutt.txt,"Bantry, Bantry Bay, Ireland",1195,19cb2e6,,ohne Log,2.75,UK_tidetimes/Bantry.json,0.0,3.11,238.8,248.0,180,"Bantry, Ireland",harmonics_utide_tidetables.txt,13.8,,weg lassen (Zeitfehler)
harmonics_noaa_eutt.txt,"Dunkerron Harbor, Kenmare River, Ireland",1197,19cb2e6,,ohne Log,2.74,UK_tidetimes/Dunkerron_Harbour.json,2.18,3.8,262.2,275.0,180,"Dunkerron (Kenmare), Ireland",harmonics_utide_tidetables.txt,16.2,,weg lassen (Zeitfehler)
harmonics_noaa_eutt.txt,"Knights Town, Valencia Harbor, Ireland",1199,19cb2e6,,ohne Log,2.73,UK_tidetimes/Knights_Town.json,0.0,3.71,249.5,263.5,180,"Knights Town (Valentia), Ireland",harmonics_utide_tidetables.txt,17.9,,weg lassen (Zeitfehler)
harmonics_noaa_eutt.txt,"Cromane Pt., Castlemaine Harbor, Ireland",1201,19cb2e6,,ohne Log,2.71,UK_tidetimes/Cromane_Point.json,1.85,4.23,296.8,311.8,180,"Cromane Point, Ireland",harmonics_utide_tidetables.txt,18.6,,weg lassen (Zeitfehler)
harmonics_noaa_eutt.txt,"Dingle Harbor, Ireland",1203,19cb2e6,,ohne Log,2.74,UK_tidetimes/Dingle_Harbour.json,0.0,3.45,254.0,265.9,180,,,,,weg lassen (Zeitfehler)
harmonics_noaa_eutt.txt,"Fenit Pier, Tralee Bay, Ireland",1205,19cb2e6,,ohne Log,2.74,,,,,,,,,,,kein Massstab (keine Reihe unter 3 km)
harmonics_noaa_eutt.txt,"Kilrush, Shannon River, Ireland",1207,19cb2e6,,ohne Log,2.69,UK_tidetimes/Kilrush.json,0.0,5.03,327.7,345.5,180,"Kilrush Lough, Ireland",harmonics_utide_observations.txt,18.9,,weg lassen (Zeitfehler)
harmonics_noaa_eutt.txt,"Foynes Island, Shannon River, Ireland",1209,19cb2e6,,ohne Log,2.63,UK_tidetimes/Foynes_Island.json,0.0,5.57,375.8,393.8,180,"Foynes Island, Ireland",harmonics_utide_tidetables.txt,7.3,,weg lassen (Zeitfehler)
harmonics_noaa_eutt.txt,"Limerick Dock, Shannon River, Ireland",1211,19cb2e6,,ohne Log,2.53,UK_tidetimes/Limerick_Dock.json,0.0,6.16,439.9,451.6,180,"Limerick Dock, Ireland",harmonics_utide_tidetables.txt,29.2,,weg lassen (Zeitfehler)
harmonics_noaa_eutt.txt,"Galway, Ireland",1215,19cb2e6,,ohne Log,2.74,UK_tidetimes/Galway.json,0.0,5.09,331.1,352.0,180,"Galway, Ireland",harmonics_utide_observations.txt,7.0,,weg lassen (Zeitfehler)
harmonics_noaa_eutt.txt,"Inishraher, Westport Bay, Ireland",1219,19cb2e6,,ohne Log,2.68,,,,,,,,,,,kein Massstab (keine Reihe unter 3 km)
harmonics_noaa_eutt.txt,"Broadhaven, Ireland",1221,19cb2e6,,ohne Log,2.66,UK_tidetimes/Ballyglass_(Broadhaven).json,0.0,3.69,232.4,244.6,180,"Ballyglass (Broadhaven), Ireland",harmonics_ticon4_worldwide.txt,6.4,,weg lassen (Zeitfehler)
harmonics_noaa_eutt.txt,"Rathmullan, Lough Swilly, Ireland",1233,19cb2e6,,ohne Log,2.54,UK_tidetimes/Rathmullan.json,2.14,4.53,284.7,302.6,180,"Rathmullan, Ireland",harmonics_utide_tidetables.txt,37.7,,weg lassen (Zeitfehler)
harmonics_noaa_eutt.txt,"Moville, Lough Foyle, Ireland",1235,19cb2e6,,ohne Log,2.55,UK_tidetimes/Moville.json,0.0,2.35,154.5,161.6,-180,"Moville, Ireland",harmonics_utide_tidetables.txt,10.1,,weg lassen (Zeitfehler)
harmonics_noaa_eutt.txt,"Londonderry, Lough Foyle, United Kingdom",1237,19cb2e6,,ohne Log,2.7,UK_tidetimes/Londonderry.json,0.0,2.7,172.1,183.8,180,"Londonderry, Northern Ireland, United Kingdom",harmonics-1997-05-25_mod.txt,9.1,,weg lassen (Zeitfehler)
harmonics_noaa_eutt.txt,"Inishtrahull, Ireland",1239,19cb2e6,,ohne Log,2.55,UK_tidetimes/Inishtrahull.json,0.0,3.47,203.6,218.8,180,"Inishtrahull, Ireland",harmonics_utide_tidetables.txt,29.3,,weg lassen (Zeitfehler)
harmonics_noaa_eutt.txt,"Coleraine, United Kingdom",1241,19cb2e6,,ohne Log,2.56,UK_tidetimes/Coleraine.json,0.0,2.22,144.9,152.0,180,"Coleraine, Northern Ireland, United Kingdom",harmonics_utide_tidetables.txt,8.7,,weg lassen (Zeitfehler)
harmonics_noaa_eutt.txt,"Portrush, United Kingdom",1243,19cb2e6,,ohne Log,2.58,UK_tidetimes/Portrush.json,0.0,2.11,117.8,130.6,180,"Portrush, Northern Ireland, United Kingdom",harmonics-dwf-20100529-nonfree_mod.txt,3.8,,weg lassen (Zeitfehler)
harmonics_noaa_eutt.txt,"Ballycastle Bay, United Kingdom",1245,19cb2e6,,ohne Log,2.69,UK_tidetimes/Ballycastle_Bay.json,0.0,1.27,71.0,75.7,-180,"Ballycastle Bay, Northern Ireland, United Kingdom",harmonics_utide_tidetables.txt,4.5,,weg lassen (Zeitfehler)
harmonics_noaa_eutt.txt,"Vagur, Sudhuroy Island, Faroe Islands",1281,19cb2e6,,ohne Log,1.99,,,,,,,,,,,kein Massstab (keine Reihe unter 3 km)
harmonics_noaa_eutt.txt,"Eidhi, Eysturoy Island, Faroe Islands",1299,19cb2e6,,ohne Log,1.61,,,,,,,,,,,kein Massstab (keine Reihe unter 3 km)
harmonics_noaa_eutt.txt,"Ria de Vivero, Spain",547,36ba9fb,,ohne Log,1.97,,,,,,,,,,,kein Massstab (keine Reihe unter 3 km)
harmonics_noaa_amtt.txt,"Ticoralak Island, Labrador, Canada",ectt-189,7781839,dubletten_loeschen_20260910.csv,Dublette/Guete,2.81,Canada_IWLS_NL/01263_Snooks_Rocks_wlp.csv,2.31,1.76,18.7,15.5,15,"Snooks Rocks, Labrador, Canada",harmonics_utide_tidetables.txt,0.5,,weg lassen (heutiger Satz besser)
harmonics_noaa_amtt.txt,"St. Georges Harbour, Newfoundland, Canada",ectt-269,7781839,dubletten_loeschen_20260910.csv,Dublette/Guete,2.75,Canada_IWLS_NL/02720_St_Georges_wlp.csv,2.47,1.29,15.1,14.4,45,"St. George's, Newfoundland, Canada",harmonics_utide_tidetables.txt,0.7,,weg lassen (Zeitfehler)
harmonics_noaa_amtt.txt,"Sept Iles, Québec, Canada",ectt-311,7781839,dubletten_loeschen_20260910.csv,Dublette/Guete,2.6,Canada_IWLS/02780_Sept-Îles.csv,2.1,2.99,30.8,29.7,0,"Sept-Îles, Québec, Canada",harmonics_utide_tidetables.txt,16.1,,weg lassen (heutiger Satz besser)
harmonics_noaa_amtt.txt,"Louisburg Harbour, Nova Scotia, Canada",ectt-465,7781839,dubletten_loeschen_20260910.csv,Dublette/Guete,2.83,Canada_IWLS_NS/00600_Louisbourg_wlp.csv,2.11,1.45,15.4,14.3,0,"Louisbourg, Nova Scotia, Canada",harmonics_utide_tidetables.txt,1.8,,weg lassen (heutiger Satz besser)
harmonics_noaa_amtt.txt,"Banco Cuirassier, Buenos Aires, Argentina",ectt-5097,7781839,dubletten_loeschen_20260910.csv,Dublette/Guete,7.03,,,,,,,,,,,kein Massstab (keine Reihe unter 3 km)
harmonics_noaa_amtt.txt,"Active Pass, Mayne Island, British Columbia, Canada",wctt-1309,7781839,dubletten_loeschen_20260910.csv,Dublette/Guete,,Canada_IWLS_BC/07532_Whaler_Bay_wlp.csv,2.21,3.91,13.5,13.5,-15,"Whaler Bay, British Columbia, Canada",harmonics_utide_tidetables.txt,2.2,,weg lassen (heutiger Satz besser)
harmonics_noaa_amtt.txt,"Ladysmith, British Columbia, Canada",wctt-1315,7781839,dubletten_loeschen_20260910.csv,Dublette/Guete,,Canada_IWLS_BC/07460_Ladysmith_wlp.csv,2.91,3.52,17.1,17.1,-15,"Ladysmith, British Columbia, Canada",harmonics_utide_tidetables.txt,2.0,,weg lassen (heutiger Satz besser)
harmonics_noaa_amtt.txt,"Tasu Sound, British Columbia, Canada",wctt-1441,7781839,dubletten_loeschen_20260910.csv,Dublette/Guete,2.22,Canada_IWLS_BC/09570_Hunger_Harbour_wlp.csv,2.71,3.65,29.3,26.6,-15,"Hunger Harbour, British Columbia, Canada",harmonics_utide_tidetables.txt,1.6,,weg lassen (heutiger Satz besser)
harmonics_noaa_amtt.txt,"Chimbote, Peru",wctt-245,7781839,dubletten_loeschen_20260910.csv,Dublette/Guete,4.36,Peru_IOC/chim2_ioc.csv,2.4,1.46,20.4,19.5,-15,"Chimbote, Peru",harmonics_utide_observations.txt,16.1,ja,weg lassen (heutiger Satz besser)
harmonics_noaa_amtt.txt,"Mingan, Québec, Canada",ectt-301,d8d446a,dubletten_20260907_loeschen.csv,Dublette/Guete,2.66,Canada_IWLS_QC/02470_Mingan_wlp.csv,0.0,2.0,20.5,19.3,-30,"Mingan, Québec, Canada",harmonics_utide_tidetables.txt,0.9,,weg lassen (Zeitfehler)
harmonics_noaa_amtt.txt,"Mar del Plata, Buenos Aires, Argentina",ectt-5103,d8d446a,dubletten_20260907_loeschen.csv,Dublette/Guete,4.23,Argentina_UHSLC/729_Mar_del_Plata.csv,0.0,2.21,38.0,37.8,-15,"Mar del Plata, Buenos Aires, Argentina",harmonics_utide_observations.txt,36.0,ja,weg lassen (heutiger Satz besser)
harmonics_noaa_amtt.txt,"Corral, Chile",wctt-135,d8d446a,dubletten_20260907_loeschen.csv,Dublette/Guete,2.7,,,,,,,,,,,kein Massstab (keine Reihe unter 3 km)
harmonics_noaa_amtt.txt,"Saavedra Islands (Nootka Sound), British Columbia, Canada",wctt-1383,d8d446a,dubletten_20260907_loeschen.csv,Dublette/Guete,,Canada_IWLS_BC/08645_Saavedra_Islands_wlp.csv,0.59,3.5,29.1,29.1,0,"Saavedra Islands (Nootka Sound), British Columbia, Canada",harmonics_utide_tidetables.txt,1.4,,weg lassen (heutiger Satz besser)
harmonics_noaa_amtt.txt,"Bergh Cove (Quatsino Sound), British Columbia, Canada",wctt-1393,d8d446a,dubletten_20260907_loeschen.csv,Dublette/Guete,,Canada_IWLS_BC/08754_Bergh_Cove_wlp.csv,0.66,3.52,25.4,25.4,0,"Bergh Cove (Quatsino Sound), British Columbia, Canada",harmonics_utide_tidetables.txt,4.2,,weg lassen (heutiger Satz besser)
harmonics_noaa_amtt.txt,"Humpback Bay (Porcher Island), British Columbia, Canada",wctt-1431,d8d446a,dubletten_20260907_loeschen.csv,Dublette/Guete,2.21,Canada_IWLS_BC/09309_Humpback_Bay_wlp.csv,0.53,5.39,31.7,24.2,0,"Humpback Bay (Porcher Island), British Columbia, Canada",harmonics_utide_tidetables.txt,1.1,,weg lassen (heutiger Satz besser)
harmonics_noaa_amtt.txt,"Huacho, Peru",wctt-241,d8d446a,dubletten_20260907_loeschen.csv,Dublette/Guete,4.08,,,,,,,,,,,kein Massstab (keine Reihe unter 3 km)
harmonics_noaa_amtt.txt,"Puerto Huarmey, Peru",wctt-243,d8d446a,dubletten_20260907_loeschen.csv,Dublette/Guete,4.23,,,,,,,,,,,kein Massstab (keine Reihe unter 3 km)
harmonics_noaa_amtt.txt,"Bayóvar, Piura, Peru",wctt-251,d8d446a,dubletten_20260907_loeschen.csv,Dublette/Guete,2.12,,,,,,,,,,,kein Massstab (keine Reihe unter 3 km)
harmonics_noaa_amtt.txt,"Lobitos, Peru",wctt-257,d8d446a,dubletten_20260907_loeschen.csv,Dublette/Guete,2.14,,,,,,,,,,,kein Massstab (keine Reihe unter 3 km)
harmonics_noaa_amtt.txt,"Zorritos, Peru",wctt-259,d8d446a,dubletten_20260907_loeschen.csv,Dublette/Guete,2.1,,,,,,,,,,,kein Massstab (keine Reihe unter 3 km)
harmonics_noaa_amtt.txt,"Ilo, Peru",wctt-231,4f5e238,,ohne Log,2.4,Peru_IOC/ilom2_ioc.csv,1.27,1.47,18.8,18.0,-15,"Ilo, Peru",harmonics_utide_observations.txt,16.0,ja,weg lassen (heutiger Satz besser)
harmonics_noaa_amtt.txt,"Rio Maroni entrance, French Guiana",ectt-4965,f340871,,ohne Log,1.79,France_SHOM/shom_raw/LES_HATTES.csv,1.96,2.64,20.1,19.3,-15,"Pointe des Hattes (Awala-Yalimapo), French Guiana",harmonics_utide_tidetables.txt,2.8,ja,weg lassen (heutiger Satz besser)
harmonics_noaa_amtt.txt,"Kegaska, Québec, Canada",ectt-293,ddb7863,,ohne Log,2.83,Canada_IWLS_QC/02518_Kegaska_wlp.csv,2.79,1.5,9.6,9.7,-15,"Kegaska, Québec, Canada",harmonics_utide_tidetables.txt,0.7,,weg lassen (heutiger Satz besser)
harmonics_noaa_amtt.txt,"Cape Jack, Nova Scotia, Canada",ectt-445,ddb7863,,ohne Log,3.73,Canada_IWLS_NS/01576_Havre_Boucher_wlp.csv,2.11,1.31,13.6,12.9,-45,"Havre Boucher, Nova Scotia, Canada",harmonics_utide_tidetables.txt,3.2,,weg lassen (Zeitfehler)
harmonics_noaa_amtt.txt,"Iles du Salut, French Guiana",ectt-4967,d72d2e8,,ohne Log,1.8,France_SHOM/npz/749.npz,0.37,2.38,22.2,22.7,-30,"Îles du Salut, French Guiana",harmonics_utide_observations.txt,4.9,,weg lassen (Zeitfehler)
harmonics_noaa_amtt.txt,"Puerto de Gibara, Cuba",ectt-4735,bad9759,,ohne Log,2.85,Caribbean_UHSLC_CubaJamaicaBahamas/244_Gibara.csv,0.05,0.96,14.8,14.6,0,"Gibara, Cuba",harmonics_utide_observations.txt,6.8,ja,weg lassen (heutiger Satz besser)
harmonics_noaa_amtt.txt,"Cananeia, Sao Paulo, Brazil",ectt-5069,bad9759,,ohne Log,2.05,Brazil_UHSLC/281_Cananeia.csv,0.71,1.75,27.1,28.9,-60,"Cananeia, Sao Paulo, Brazil",harmonics_utide_observations.txt,20.0,ja,weg lassen (Zeitfehler)
harmonics_noaa_amtt.txt,"Río Grande (Muelle), Tierra del Fuego, Argentina",ectt-5209,bad9759,,ohne Log,2.56,,,,,,,,,,,kein Massstab (keine Reihe unter 3 km)
harmonics_noaa_amtt.txt,"Puerto Chicama, Peru",wctt-247,bad9759,,ohne Log,4.23,,,,,,,,,,,kein Massstab (keine Reihe unter 3 km)
harmonics_noaa_amtt.txt,"Punta Eten, Peru",wctt-249,bad9759,,ohne Log,4.35,,,,,,,,,,,kein Massstab (keine Reihe unter 3 km)
harmonics_noaa_amtt.txt,"Acajutla, El Salvador",wctt-367,bad9759,,ohne Log,2.03,ElSalvador_UHSLC/uhslc_82.csv,1.66,2.1,10.9,10.1,0,"Acajutla, El Salvador",harmonics_utide_observations.txt,5.3,ja,weg lassen (heutiger Satz besser)
harmonics_noaa_amtt.txt,"Puerto Angel, Oaxaca, Mexico",wctt-373,bad9759,,ohne Log,2.84,Mexico_UHSLC/672_Puerto_Angel.csv,1.96,1.26,21.9,21.8,-30,"Puerto Ángel, Oaxaca, Mexico",harmonics_utide_observations.txt,9.7,ja,weg lassen (Zeitfehler)
harmonics_noaa_amtt.txt,"Mazatlan, Sinaloa, Mexico",wctt-385,bad9759,,ohne Log,3.88,Mexico_UHSLC/673_Mazatlan.csv,0.66,1.68,21.6,16.9,15,"Mazatlán, Sinaloa, Mexico",harmonics_utide_observations.txt,7.7,ja,weg lassen (heutiger Satz besser)
harmonics_noaa_amtt.txt,"Topolobampo, Sinaloa, Mexico",wctt-387,bad9759,,ohne Log,4.28,Mexico_UHSLC/676_Topolobampo.csv,2.21,1.67,21.0,17.7,15,"Topolobampo, Sinaloa, Mexico",harmonics_utide_observations.txt,8.3,ja,weg lassen (heutiger Satz besser)
harmonics_noaa_amtt.txt,"Quepos, Costa Rica",wctt-343,3ab39ae,,ohne Log,2.27,CostaRica_UHSLC/87_cr.csv,0.03,2.76,16.6,14.4,0,"Quepos, Costa Rica",harmonics_ticon4_worldwide.txt,6.5,,weg lassen (heutiger Satz besser)
harmonics_noaa_amtt.txt,"Caldera, Chile",wctt-201,12e9eee,,ohne Log,2.54,Chile_IOC/cald_caldera.csv,0.87,1.35,8.5,6.0,0,"Caldera, Chile",harmonics_utide_observations.txt,4.5,ja,weg lassen (heutiger Satz besser)
harmonics_noaa_amtt.txt,"Paita, Peru",wctt-253,37a42b7,,ohne Log,2.13,,,,,,,,,,,kein Massstab (keine Reihe unter 3 km)
harmonics_noaa_amtt.txt,"Cape Lawrence, Greenland",ectt-103,f1526a6,transfer_zeitprobe_loeschen.csv,Zeit/Referenz,3.0,,,,,,,,,,,kein Massstab (keine Reihe unter 3 km)
harmonics_noaa_amtt.txt,"Danmarks Island, Scoresby Sound, Greenland",ectt-55,f1526a6,transfer_zeitprobe_loeschen.csv,Zeit/Referenz,2.97,,,,,,,,,,,kein Massstab (keine Reihe unter 3 km)
harmonics_noaa_amtt.txt,"Manzanillo, Mexico",wctt-379,f1526a6,transfer_zeitprobe_loeschen.csv,Zeit/Referenz,4.12,Mexico_UHSLC/395_Manzanillo.csv,1.74,1.12,25.0,25.8,135,"Manzanillo, Colima, Mexico",harmonics_ticon4_worldwide.txt,6.6,ja,weg lassen (Zeitfehler)
harmonics_noaa_amtt.txt,"Puerto Penasco, Mexico",wctt-389,0fe9697,,ohne Log,3.41,,,,,,,,,,,kein Massstab (keine Reihe unter 3 km)
harmonics_noaa_amtt.txt,"Frontera #, Mexico",ectt-4643,80c6032,,ohne Log,,,,,,,,,,,,kein Massstab (keine Reihe unter 3 km)
harmonics_noaa_amtt.txt,"Port Foster, Deception Island, Antarctica",ectt-5225,67c58f9,,ohne Log,3.93,,,,,,,,,,,kein Massstab (keine Reihe unter 3 km)
harmonics_noaa_amtt.txt,"Valdivia, Río Valdivia, Chile",wctt-137,67c58f9,,ohne Log,2.93,,,,,,,,,,,kein Massstab (keine Reihe unter 3 km)
harmonics_noaa_amtt.txt,"Constitución, Río Maule entrance, Chile",wctt-161,67c58f9,,ohne Log,2.87,,,,,,,,,,,kein Massstab (keine Reihe unter 3 km)
harmonics_noaa_amtt.txt,"Quintero, Chile",wctt-177,67c58f9,,ohne Log,2.72,Chile_IOC/qtro_quintero.csv,1.23,1.49,14.5,13.7,0,"Quintero, Chile",harmonics_utide_observations.txt,4.9,ja,weg lassen (heutiger Satz besser)
harmonics_noaa_amtt.txt,"Mejillones del Sur, Chile",wctt-215,67c58f9,,ohne Log,2.62,,,,,,,,,,,kein Massstab (keine Reihe unter 3 km)
harmonics_noaa_amtt.txt,"Angostura Inglesa, Chile",wctt-77,67c58f9,,ohne Log,5.62,,,,,,,,,,,kein Massstab (keine Reihe unter 3 km)
harmonics_noaa_amtt.txt,"La Plata, Buenos Aires, Argentina",ectt-5093,59a2ab2,,ohne Log,4.81,,,,,,,,,,,kein Massstab (keine Reihe unter 3 km)
harmonics_noaa_amtt.txt,"Quequen, Buenos Aires, Argentina",ectt-5105,59a2ab2,,ohne Log,1.96,,,,,,,,,,,kein Massstab (keine Reihe unter 3 km)
harmonics_noaa_amtt.txt,"Puerto Rosales, Buenos Aires, Argentina",ectt-5113,59a2ab2,,ohne Log,7.86,,,,,,,,,,,kein Massstab (keine Reihe unter 3 km)
harmonics_noaa_amtt.txt,"Puerto Belgrano, Buenos Aires, Argentina",ectt-5115,59a2ab2,,ohne Log,7.27,,,,,,,,,,,kein Massstab (keine Reihe unter 3 km)
harmonics_noaa_amtt.txt,"Bahía San Blas, Buenos Aires, Argentina",ectt-5131,59a2ab2,,ohne Log,8.19,,,,,,,,,,,kein Massstab (keine Reihe unter 3 km)
harmonics_noaa_amtt.txt,"Punta Redonda, Río Negro entrance, Río Negro, Argentina",ectt-5135,59a2ab2,,ohne Log,7.06,,,,,,,,,,,kein Massstab (keine Reihe unter 3 km)
harmonics_noaa_amtt.txt,"Puerto San Antonio, Río Negro, Argentina",ectt-5139,59a2ab2,,ohne Log,2.48,,,,,,,,,,,kein Massstab (keine Reihe unter 3 km)
harmonics_noaa_amtt.txt,"San Roman, Chubut, Argentina",ectt-5141,59a2ab2,,ohne Log,2.52,,,,,,,,,,,kein Massstab (keine Reihe unter 3 km)
harmonics_noaa_amtt.txt,"Puerto Madryn, Chubut, Argentina",ectt-5157,59a2ab2,,ohne Log,2.55,Argentina_UHSLC/731_Puerto_Madryn.csv,0.49,5.04,46.7,43.8,0,"Puerto Madryn, Chubut, Argentina",harmonics_utide_observations.txt,27.0,ja,weg lassen (heutiger Satz besser)
harmonics_noaa_amtt.txt,"Bahía Engano, Chubut, Argentina",ectt-5159,59a2ab2,,ohne Log,2.48,,,,,,,,,,,kein Massstab (keine Reihe unter 3 km)
harmonics_noaa_amtt.txt,"Santa Elena, Puerto, Chubut, Argentina",ectt-5169,59a2ab2,,ohne Log,2.42,,,,,,,,,,,kein Massstab (keine Reihe unter 3 km)
harmonics_noaa_amtt.txt,"Puerto Deseado, Santa Cruz, Argentina",ectt-5187,59a2ab2,,ohne Log,2.39,Argentina_UHSLC/286_Puerto_Deseado.csv,0.43,4.87,34.4,32.7,15,"Puerto Deseado, Santa Cruz, Argentina",harmonics_utide_observations.txt,16.6,ja,weg lassen (heutiger Satz besser)
harmonics_noaa_amtt.txt,"Bahía San Julian (Punta Pena), Santa Cruz, Argentina",ectt-5195,59a2ab2,,ohne Log,2.61,,,,,,,,,,,kein Massstab (keine Reihe unter 3 km)
harmonics_noaa_amtt.txt,"Santa Cruz (Punta Quilla), Santa Cruz, Argentina",ectt-5197,59a2ab2,,ohne Log,2.05,,,,,,,,,,,kein Massstab (keine Reihe unter 3 km)
harmonics_noaa_amtt.txt,"Río Gallegos (Reduccion Beacon), Santa Cruz, Argentina",ectt-5203,59a2ab2,,ohne Log,2.06,,,,,,,,,,,kein Massstab (keine Reihe unter 3 km)
harmonics_noaa_amtt.txt,"Bahía San Sebastian, Tierra del Fuego, Argentina",ectt-5207,59a2ab2,,ohne Log,2.66,,,,,,,,,,,kein Massstab (keine Reihe unter 3 km)
harmonics_noaa_amtt.txt,"Cabo San Pablo, Tierra del Fuego, Argentina",ectt-5211,59a2ab2,,ohne Log,2.55,,,,,,,,,,,kein Massstab (keine Reihe unter 3 km)
harmonics_noaa_amtt.txt,"Bahía Thetis, Tierra del Fuego, Argentina",ectt-5213,59a2ab2,,ohne Log,6.74,,,,,,,,,,,kein Massstab (keine Reihe unter 3 km)
harmonics_noaa_amtt.txt,"Stanley Harbor, Falkland Islands",ectt-5217,59a2ab2,,ohne Log,3.99,,,,,,,,,,,kein Massstab (keine Reihe unter 3 km)
harmonics_noaa_amtt.txt,"Bahía Aguirre, Tierra del Fuego, Argentina",wctt-3,59a2ab2,,ohne Log,6.31,,,,,,,,,,,kein Massstab (keine Reihe unter 3 km)
harmonics_noaa_amtt.txt,"Frobisher Bay, Canada",ectt-119,d352bef,,ohne Log,4.11,Canada_IWLS_NU/04120_Frobishers_Farthest_wlp.csv,0.48,9.49,295.1,297.0,-105,"Frobisher's Farthest, Nunavut, Canada",harmonics_utide_tidetables.txt,2.4,,weg lassen (Zeitfehler)
harmonics_noaa_amtt.txt,"Pikyulik Island, Payne River, Canada",ectt-121,d352bef,,ohne Log,3.88,Canada_IWLS_QC/04340_Île_Pikiyulik_wlp.csv,0.4,8.24,275.4,276.2,-105,"Île Pikiyulik, Québec, Canada",harmonics_utide_tidetables.txt,1.2,,weg lassen (Zeitfehler)
harmonics_noaa_amtt.txt,"Port Kennedy, Bellot Strait, Canada",ectt-17,d352bef,,ohne Log,2.88,Canada_IWLS_NU/05930_Fort_Ross_wlp.csv,1.12,2.28,51.5,53.5,-150,"Fort Ross, Nunavut, Canada",harmonics_utide_tidetables.txt,1.6,,weg lassen (Zeitfehler)
harmonics_noaa_amtt.txt,"Goose Bay, Canada",ectt-193,d352bef,,ohne Log,3.18,Canada_IWLS_NL/01350_Terrington_Basin_wlp.csv,0.64,0.59,7.8,8.1,15,"Terrington Basin, Labrador, Canada",harmonics_utide_tidetables.txt,0.3,,weg lassen (heutiger Satz besser)
harmonics_noaa_amtt.txt,"Square Island Harbour, Canada",ectt-201,d352bef,,ohne Log,3.05,Canada_IWLS_NL/01202_White_Bear_Arm_wlp.csv,0.89,1.36,20.5,20.2,30,"White Bear Arm, Labrador, Canada",harmonics_utide_tidetables.txt,0.7,,weg lassen (Zeitfehler)
harmonics_noaa_amtt.txt,"Chateau Bay, Canada",ectt-207,d352bef,,ohne Log,2.56,Canada_IWLS_NL/01186_Henley_Harbour_wlp.csv,1.72,1.17,17.0,15.6,45,"Henley Harbour, Labrador, Canada",harmonics-2004-06-14_mod.txt,1.0,,weg lassen (Zeitfehler)
harmonics_noaa_amtt.txt,"Exploits Lower Harbour, Canada",ectt-221,d352bef,,ohne Log,3.06,Canada_IWLS_NL/01085_Exploits_Island_wlp.csv,1.75,1.16,14.3,11.8,15,"Exploits Island, Newfoundland, Canada",harmonics_utide_tidetables.txt,0.2,,weg lassen (heutiger Satz besser)
harmonics_noaa_amtt.txt,"St. Mary Harbour, St. Mary Bay, Canada",ectt-237,d352bef,,ohne Log,2.16,Canada_IWLS_NL/00860_St_Marys_wlp.csv,0.39,1.86,25.0,26.0,15,"St. Mary's, Newfoundland, Canada",harmonics_utide_tidetables.txt,1.1,,weg lassen (heutiger Satz besser)
harmonics_noaa_amtt.txt,"Mortier Bay, Canada",ectt-243,d352bef,,ohne Log,2.01,Canada_IWLS_NL/00765_Marystown_wlp.csv,0.18,1.93,18.4,17.2,15,"Marystown, Newfoundland, Canada",harmonics_utide_tidetables.txt,1.7,,weg lassen (heutiger Satz besser)
harmonics_noaa_amtt.txt,"Ship Cove, Bay d'Espoir, Canada",ectt-253,d352bef,,ohne Log,1.88,Canada_IWLS_NL/00705_St_Albans_wlp.csv,0.42,1.77,15.1,13.8,0,"St. Alban's, Newfoundland, Canada",harmonics_utide_tidetables.txt,0.8,,weg lassen (heutiger Satz besser)
harmonics_noaa_amtt.txt,"Southwest Point, Canada",ectt-305,d352bef,,ohne Log,2.55,Canada_IWLS_QC/02375_Pointe_du_Sud-Ouest_wlp.csv,0.91,1.72,16.9,15.8,15,"Pointe-Sud-Ouest (Île d'Anticosti), Québec, Canada",harmonics_utide_tidetables.txt,0.6,,weg lassen (heutiger Satz besser)
harmonics_noaa_amtt.txt,"Ellis Bay, Canada",ectt-307,d352bef,,ohne Log,2.52,Canada_IWLS_QC/02360_Port-Menier_wlp.csv,1.3,2.17,19.1,17.0,-15,"Port-Menier, Québec, Canada",harmonics_utide_tidetables.txt,1.3,,weg lassen (heutiger Satz besser)
harmonics_noaa_amtt.txt,"Father Point, Canada",ectt-327,d352bef,,ohne Log,3.09,Canada_IWLS_QC/02980_Pointe-au-Père_wlp.csv,0.55,3.9,38.7,38.4,-30,"Pointe-au-Père, Québec, Canada",harmonics_utide_tidetables.txt,1.1,,weg lassen (Zeitfehler)
harmonics_noaa_amtt.txt,"Old Bic Harbour, Canada",ectt-329,d352bef,,ohne Log,3.06,Canada_IWLS_QC/02995_Le_Bic_wlp.csv,1.27,3.8,32.7,32.8,-15,"Le Bic, Québec, Canada",harmonics_utide_tidetables.txt,2.6,,weg lassen (heutiger Satz besser)
harmonics_noaa_amtt.txt,"Amherst Harbour, Magdalen Islands, Canada",ectt-433,d352bef,,ohne Log,3.77,Canada_IWLS_QC/01964_Havre-Aubert_wlp.csv,0.45,0.84,7.4,6.5,0,"Havre Aubert (Amherst), Québec, Canada",harmonics_utide_tidetables.txt,1.2,,weg lassen (heutiger Satz besser)
harmonics_noaa_amtt.txt,"Whitehaven Harbour, Canada",ectt-479,d352bef,,ohne Log,2.92,Canada_IWLS_NS/00545_Whitehead_wlp.csv,1.18,1.66,11.5,10.0,0,"Whitehead, Nova Scotia, Canada",harmonics_utide_tidetables.txt,3.5,,weg lassen (heutiger Satz besser)
harmonics_noaa_amtt.txt,"Yuculta, Cordero Channel, Canada",wctt-1337,d352bef,,ohne Log,,"Canada_IWLS_BC/08060_Big_Bay,_Stuart_Island_wlp.csv",0.79,3.67,94.5,94.5,90,"Big Bay, Stuart Island, British Columbia, Canada",harmonics_utide_tidetables.txt,1.4,,weg lassen (Zeitfehler)
harmonics_noaa_amtt.txt,"Esperanza Inlet, Canada",wctt-1385,d352bef,,ohne Log,,Canada_IWLS_BC/08664_Ceepeecee_wlp.csv,0.81,3.46,41.0,41.0,0,"Ceepeecee, British Columbia, Canada",harmonics_utide_tidetables.txt,0.7,,weg lassen (heutiger Satz besser)
harmonics_noaa_amtt.txt,"Parry Passage, Canada",wctt-1443,d352bef,,ohne Log,2.23,Canada_IWLS_BC/09958_Henslung_Cove_wlp.csv,1.49,4.17,30.3,26.0,-15,"Henslung Cove, British Columbia, Canada",harmonics_utide_tidetables.txt,1.5,,weg lassen (heutiger Satz besser)
harmonics_noaa_amtt.txt,"Fort Conger, Discovery Harbor, Canada",ectt-101,24223c2,chs_loeschen.csv,Dublette/Guete,3.09,Canada_IWLS_NU/03790_Discovery_Harbour_wlp.csv,0.0,1.57,21.5,29.4,-15,"Discovery Harbour, Nunavut, Canada",harmonics_utide_tidetables.txt,0.3,,weg lassen (heutiger Satz besser)
harmonics_noaa_amtt.txt,"Kivitoo, Baffin Island, Canada",ectt-113,24223c2,chs_loeschen.csv,Dublette/Guete,4.09,Canada_IWLS_NU/03970_Kivitoo_wlp.csv,0.39,1.08,12.4,10.7,0,"Kivitoo, Nunavut, Canada",harmonics_utide_tidetables.txt,0.3,,weg lassen (heutiger Satz besser)
harmonics_noaa_amtt.txt,"Cape Dyer, Baffin Island, Canada",ectt-115,24223c2,chs_loeschen.csv,Dublette/Guete,3.17,Canada_IWLS_NU/03995_Cape_Dyer_wlp.csv,0.98,2.25,69.5,69.3,-105,"Cape Dyer, Nunavut, Canada",harmonics_utide_tidetables.txt,0.3,,weg lassen (Zeitfehler)
harmonics_noaa_amtt.txt,"Clearwater Fiord, Cumberland Sound, Canada",ectt-117,24223c2,chs_loeschen.csv,Dublette/Guete,3.74,Canada_IWLS_NU/04040_Clearwater_Fiord_wlp.csv,0.73,6.26,208.4,207.4,-105,"Clearwater Fiord (Cumberland Sound), Nunavut, Canada",harmonics_utide_tidetables.txt,1.0,,weg lassen (Zeitfehler)
harmonics_noaa_amtt.txt,"Moosonee, James Bay, Canada",ectt-141,24223c2,chs_loeschen.csv,Dublette/Guete,3.0,Canada_IWLS_ON/04810_Moosonee_wlp.csv,0.0,1.6,28.1,29.3,-30,"Moosonee, Ontario, Canada",harmonics_utide_tidetables.txt,1.2,,weg lassen (Zeitfehler)
harmonics_noaa_amtt.txt,"Hall Beach, Foxe Basin, Canada",ectt-15,24223c2,chs_loeschen.csv,Dublette/Guete,2.11,Canada_IWLS_NU/05275_Sanirajak_wlp.csv,0.0,1.13,17.3,17.2,-45,"Hall Beach, Foxe Basin, Nunavut, Canada",harmonics-2004-06-14_mod.txt,0.7,,weg lassen (Zeitfehler)
harmonics_noaa_amtt.txt,"Hebron, Hebron Fjord, Canada",ectt-179,24223c2,chs_loeschen.csv,Dublette/Guete,2.81,Canada_IWLS_NL/01465_Hebron_wlp.csv,0.49,2.08,25.5,23.1,30,"Hebron, Labrador, Canada",harmonics_utide_tidetables.txt,0.8,,weg lassen (Zeitfehler)
harmonics_noaa_amtt.txt,"Nain, Canada",ectt-181,24223c2,chs_loeschen.csv,Dublette/Guete,2.86,Canada_UHSLC/833_Nain.csv,0.75,2.36,27.6,23.6,15,"Nain, Labrador, Canada",harmonics_utide_observations.txt,11.8,,weg lassen (heutiger Satz besser)
harmonics_noaa_amtt.txt,"Hopedale Harbour, Canada",ectt-183,24223c2,chs_loeschen.csv,Dublette/Guete,3.03,Canada_IWLS_NL/01405_Hopedale_wlp.csv,0.6,2.04,22.2,18.7,30,"Hopedale, Labrador, Canada",harmonics_utide_tidetables.txt,1.0,,weg lassen (Zeitfehler)
harmonics_noaa_amtt.txt,"Rigolet, Canada",ectt-191,24223c2,chs_loeschen.csv,Dublette/Guete,2.96,Canada_IWLS_NL/01280_Rigolet_wlp.csv,0.8,1.36,20.2,19.3,30,"Rigolet, Labrador, Canada",harmonics_utide_tidetables.txt,1.1,,weg lassen (Zeitfehler)
harmonics_noaa_amtt.txt,"Cartwright Harbour, Canada",ectt-195,24223c2,chs_loeschen.csv,Dublette/Guete,3.04,Canada_IWLS_NL/01245_Cartwright_wlp.csv,0.97,1.66,19.1,16.6,30,"Cartwright, Labrador, Canada",harmonics_utide_tidetables.txt,0.9,,weg lassen (Zeitfehler)
harmonics_noaa_amtt.txt,"Port Marnham, Canada",ectt-203,24223c2,chs_loeschen.csv,Dublette/Guete,3.08,Canada_IWLS_NL/01195_Port_Marnham_wlp.csv,0.03,1.26,16.4,14.4,30,"Port Marnham, Labrador, Canada",harmonics_utide_tidetables.txt,0.2,,weg lassen (Zeitfehler)
harmonics_noaa_amtt.txt,"Battle Harbour, Canada",ectt-205,24223c2,chs_loeschen.csv,Dublette/Guete,3.29,Canada_IWLS_NL/01190_Battle_Harbour_wlp.csv,1.34,1.13,13.0,13.5,15,"Battle Harbour, Labrador, Canada",harmonics_utide_tidetables.txt,0.2,,weg lassen (heutiger Satz besser)
harmonics_noaa_amtt.txt,"Red Bay, Canada",ectt-209,24223c2,chs_loeschen.csv,Dublette/Guete,2.36,Canada_IWLS_NL/02600_Red_Bay_wlp.csv,1.96,0.98,11.7,10.9,45,"Red Bay (Strait of Bell Isle), Labrador, Canada",harmonics_utide_tidetables.txt,0.2,,weg lassen (Zeitfehler)
harmonics_noaa_amtt.txt,"Fogo Harbour, Canada",ectt-223,24223c2,chs_loeschen.csv,Dublette/Guete,3.07,Canada_IWLS_NL/01050_Fogo_wlp.csv,1.6,1.19,19.0,18.6,45,"Fogo, Newfoundland, Canada",harmonics_utide_tidetables.txt,0.4,,weg lassen (Zeitfehler)
harmonics_noaa_amtt.txt,"Port Union, Canada",ectt-227,24223c2,chs_loeschen.csv,Dublette/Guete,3.09,Canada_IWLS_NL/00985_Port_Union_wlp.csv,0.2,0.97,11.6,10.1,15,"Port Union, Newfoundland, Canada",harmonics_utide_tidetables.txt,0.2,,weg lassen (heutiger Satz besser)
harmonics_noaa_amtt.txt,"Beechy Island, Barrow Strait, Canada",ectt-23,24223c2,chs_loeschen.csv,Dublette/Guete,2.89,Canada_IWLS_NU/05510_Beechey_Island_wlp.csv,0.0,2.12,50.6,53.6,-120,"Beechy Island (Barrow Strait), Nunavut, Canada",harmonics_utide_tidetables.txt,0.4,,weg lassen (Zeitfehler)
harmonics_noaa_amtt.txt,"Harbour Grace, Conception Bay, Canada",ectt-231,24223c2,chs_loeschen.csv,Dublette/Guete,3.04,Canada_IWLS_NL/00935_Harbour_Grace_wlp.csv,1.53,1.07,16.9,15.7,30,"Harbour Grace, Newfoundland, Canada",harmonics_utide_tidetables.txt,0.3,,weg lassen (Zeitfehler)
harmonics_noaa_amtt.txt,"St. John's, Canada",ectt-233,24223c2,chs_loeschen.csv,Dublette/Guete,3.08,Canada_IWLS/00905_St_Johns.csv,0.18,1.42,19.9,18.9,30,"St. John's, Newfoundland, Canada",harmonics_ticon4_worldwide.txt,13.8,,weg lassen (Zeitfehler)
harmonics_noaa_amtt.txt,"Woody Island, Canada",ectt-241,24223c2,chs_loeschen.csv,Dublette/Guete,2.01,Canada_IWLS_NL/00805_Woody_Island_wlp.csv,0.9,2.0,11.9,9.8,0,"Woody Island, Newfoundland, Canada",harmonics_utide_tidetables.txt,0.3,,weg lassen (heutiger Satz besser)
harmonics_noaa_amtt.txt,"Great St. Lawrence Harbour, Canada",ectt-245,24223c2,chs_loeschen.csv,Dublette/Guete,2.01,Canada_IWLS/00755_St_Lawrence.csv,1.77,2.03,21.3,20.3,30,"St. Lawrence, Newfoundland, Canada",harmonics_utide_observations.txt,15.1,,weg lassen (Zeitfehler)
harmonics_noaa_amtt.txt,"St. Pierre Harbor, St. Pierre Island, Saint-Pierre-et-Miquelon",ectt-247,24223c2,chs_loeschen.csv,Dublette/Guete,2.04,France_SHOM/npz/115.npz,0.51,1.92,16.4,15.2,-30,"Saint-Pierre, Saint-Pierre-et-Miquelon",harmonics-2004-06-14_mod.txt,14.4,,weg lassen (Zeitfehler)
harmonics_noaa_amtt.txt,"Belleoram, Canada",ectt-251,24223c2,chs_loeschen.csv,Dublette/Guete,2.08,Canada_IWLS_NL/00724_Belleoram_wlp.csv,0.91,1.86,18.5,16.7,30,"Belleoram, Newfoundland, Canada",harmonics_utide_tidetables.txt,1.1,,weg lassen (Zeitfehler)
harmonics_noaa_amtt.txt,"La Poile Bay, Canada",ectt-263,24223c2,chs_loeschen.csv,Dublette/Guete,2.12,Canada_IWLS_NL/00670_La_Poile_(Little_Bay)_wlp.csv,1.98,1.37,11.3,12.6,15,"La Poile (Little Bay), Newfoundland, Canada",harmonics_utide_tidetables.txt,0.3,,weg lassen (heutiger Satz besser)
harmonics_noaa_amtt.txt,"Port Aux Basques, Canada",ectt-265,24223c2,chs_loeschen.csv,Dublette/Guete,2.63,Canada_IWLS/00665_Port_aux_Basques.csv,0.89,1.5,17.5,17.1,30,"Port Aux Basques, Newfoundland, Canada",harmonics_ticon4_worldwide.txt,12.4,,weg lassen (Zeitfehler)
harmonics_noaa_amtt.txt,"Norris Cove, Bonne Bay, Canada",ectt-275,24223c2,chs_loeschen.csv,Dublette/Guete,2.8,Canada_IWLS_NL/02670_Norris_Cove_wlp.csv,0.66,1.71,11.4,9.1,15,"Norris Cove (Bonne Bay), Newfoundland, Canada",harmonics_utide_tidetables.txt,0.7,,weg lassen (heutiger Satz besser)
harmonics_noaa_amtt.txt,"Port Saunders, Canada",ectt-279,24223c2,chs_loeschen.csv,Dublette/Guete,2.86,Canada_IWLS_NL/02650_Port_Saunders_wlp.csv,0.7,1.76,15.6,14.2,30,"Port Saunders, Newfoundland, Canada",harmonics_utide_tidetables.txt,0.3,,weg lassen (Zeitfehler)
harmonics_noaa_amtt.txt,"St. Barbe Bay, Canada",ectt-283,24223c2,chs_loeschen.csv,Dublette/Guete,2.93,Canada_IWLS_NL/02638_St_Barbe_wlp.csv,0.64,1.27,12.9,14.8,15,"St. Barbe, Newfoundland, Canada",harmonics_utide_tidetables.txt,0.6,,weg lassen (heutiger Satz besser)
harmonics_noaa_amtt.txt,"Natashquan, Canada",ectt-295,24223c2,chs_loeschen.csv,Dublette/Guete,2.83,Canada_IWLS_QC/02510_Natashquan_wlp.csv,1.34,1.51,8.5,7.9,0,"Natashquan, Québec, Canada",harmonics_utide_tidetables.txt,0.5,,weg lassen (heutiger Satz besser)
harmonics_noaa_amtt.txt,"Havre St. Pierre, Canada",ectt-299,24223c2,chs_loeschen.csv,Dublette/Guete,2.74,Canada_IWLS_QC/02480_Havre-Saint-Pierre_wlp.csv,0.78,1.8,14.1,12.5,15,"Havre-Saint-Pierre, Québec, Canada",harmonics_utide_tidetables.txt,1.0,,weg lassen (heutiger Satz besser)
harmonics_noaa_amtt.txt,"Ste. Anne des Monts, Canada",ectt-315,24223c2,chs_loeschen.csv,Dublette/Guete,2.64,Canada_IWLS_QC/02935_Sainte-Anne-des-Monts_wlp.csv,0.2,2.95,38.7,39.1,-45,"Sainte-Anne-des-Monts, Québec, Canada",harmonics_utide_tidetables.txt,0.8,,weg lassen (Zeitfehler)
harmonics_noaa_amtt.txt,"Matane, Canada",ectt-321,24223c2,chs_loeschen.csv,Dublette/Guete,2.63,Canada_IWLS_QC/02955_Matane_wlp.csv,0.37,3.43,48.2,49.0,-60,"Matane, Québec, Canada",harmonics_utide_tidetables.txt,1.3,,weg lassen (Zeitfehler)
harmonics_noaa_amtt.txt,"Tadoussac, Saguenay River, Canada",ectt-331,24223c2,chs_loeschen.csv,Dublette/Guete,3.05,Canada_IWLS_QC/03425_Tadoussac_wlp.csv,0.59,4.65,43.0,38.3,-15,"Tadoussac, Québec, Canada",harmonics_utide_tidetables.txt,1.2,,weg lassen (heutiger Satz besser)
harmonics_noaa_amtt.txt,"Chicoutimi, Saguenay River, Canada",ectt-333,24223c2,chs_loeschen.csv,Dublette/Guete,3.09,Canada_IWLS_QC/03480_Chicoutimi_wlp.csv,0.45,4.78,46.6,46.4,-30,"Chicoutimi, Québec, Canada",harmonics_utide_tidetables.txt,2.0,,weg lassen (Zeitfehler)
harmonics_noaa_amtt.txt,"Pointe aux Orignaux, Canada",ectt-339,24223c2,chs_loeschen.csv,Dublette/Guete,3.09,Canada_IWLS_QC/03160_Pointe-aux-Orignaux_wlp.csv,0.8,5.09,46.5,45.7,-30,"Pointe-aux-Orignaux (Rivière-Ouelle), Québec, Canada",harmonics_utide_tidetables.txt,1.3,,weg lassen (Zeitfehler)
harmonics_noaa_amtt.txt,"Grosse Ile, Canada",ectt-347,24223c2,chs_loeschen.csv,Dublette/Guete,2.99,Canada_IWLS_QC/03190_La_Grosse_Île_wlp.csv,1.57,5.42,40.9,31.3,-15,"La Grosse Île, Québec, Canada",harmonics_utide_tidetables.txt,6.2,,weg lassen (heutiger Satz besser)
harmonics_noaa_amtt.txt,"Berthier, Canada",ectt-349,24223c2,chs_loeschen.csv,Dublette/Guete,2.99,Canada_IWLS_QC/03200_Berthier-sur-Mer_wlp.csv,0.44,5.43,38.9,28.8,-15,"Berthier-sur-Mer, Québec, Canada",harmonics_utide_tidetables.txt,6.9,,weg lassen (heutiger Satz besser)
harmonics_noaa_amtt.txt,"Alert, Lincoln Sea, Canada",ectt-35,24223c2,chs_loeschen.csv,Dublette/Guete,3.47,Canada_UHSLC/836_Alert.csv,0.74,0.57,14.9,14.0,0,"Alert, Nunavut, Canada",harmonics_utide_tidetables.txt,2.8,,weg lassen (heutiger Satz besser)
harmonics_noaa_amtt.txt,"Port Daniel, Canada",ectt-377,24223c2,chs_loeschen.csv,Dublette/Guete,2.85,Canada_IWLS_QC/02250_Port-Daniel-Gascons_wlp.csv,1.96,1.62,41.6,41.2,30,"Port-Daniel-Gascons, Québec, Canada",harmonics_utide_tidetables.txt,0.7,,weg lassen (Zeitfehler)
harmonics_noaa_amtt.txt,"Paspebiac, Canada",ectt-379,24223c2,chs_loeschen.csv,Dublette/Guete,2.68,Canada_IWLS_QC/02235_Paspébiac_wlp.csv,1.8,1.84,48.3,47.8,15,"Paspébiac, Québec, Canada",harmonics_utide_tidetables.txt,0.8,,weg lassen (heutiger Satz besser)
harmonics_noaa_amtt.txt,"Campbellton, Canada",ectt-383,24223c2,chs_loeschen.csv,Dublette/Guete,3.19,Canada_IWLS_NB/02175_Campbellton_wlp.csv,0.61,2.6,64.8,63.6,15,"Campbellton, New Brunswick, Canada",harmonics_utide_tidetables.txt,0.4,,weg lassen (heutiger Satz besser)
harmonics_noaa_amtt.txt,"Dalhousie, Canada",ectt-385,24223c2,chs_loeschen.csv,Dublette/Guete,3.24,Canada_IWLS_NB/02165_Dalhousie_wlp.csv,1.01,2.45,63.0,62.2,15,"Dalhousie, New Brunswick, Canada",harmonics_utide_tidetables.txt,0.9,,weg lassen (heutiger Satz besser)
harmonics_noaa_amtt.txt,"Bathurst, Canada",ectt-387,24223c2,chs_loeschen.csv,Dublette/Guete,2.73,Canada_IWLS_NB/02130_Bathurst_Harbour_wlp.csv,0.81,1.95,49.6,49.0,30,"Bathurst Harbour, New Brunswick, Canada",harmonics_utide_tidetables.txt,1.1,,weg lassen (Zeitfehler)
harmonics_noaa_amtt.txt,"Caraquet Harbour, Canada",ectt-389,24223c2,chs_loeschen.csv,Dublette/Guete,2.82,Canada_IWLS_NB/02110_Caraquet_wlp.csv,0.61,1.69,44.4,43.9,30,"Caraquet, New Brunswick, Canada",harmonics_utide_tidetables.txt,0.6,,weg lassen (Zeitfehler)
harmonics_noaa_amtt.txt,"Miscou Harbour, Canada",ectt-391,24223c2,chs_loeschen.csv,Dublette/Guete,3.54,Canada_IWLS_NB/02090_Miscou_wlp.csv,0.55,1.63,47.0,47.0,30,"Miscou Harbour, New Brunswick, Canada",harmonics_utide_tidetables.txt,0.5,,weg lassen (Zeitfehler)
harmonics_noaa_amtt.txt,"Tracadie, Canada",ectt-395,24223c2,chs_loeschen.csv,Dublette/Guete,3.67,Canada_IWLS_NB/02060_Tracadie_wlp.csv,0.91,1.01,34.5,34.6,75,"Tracadie, New Brunswick, Canada",harmonics_utide_tidetables.txt,0.3,,weg lassen (Zeitfehler)
harmonics_noaa_amtt.txt,"Cape Tormentine, Canada",ectt-405,24223c2,chs_loeschen.csv,Dublette/Guete,3.68,Canada_IWLS_PEI/01790_Cape_Tormentine_wlp.csv,0.52,1.99,21.8,20.6,15,"Cape Tormentine, New Brunswick, Canada",harmonics_utide_tidetables.txt,1.4,,weg lassen (heutiger Satz besser)
harmonics_noaa_amtt.txt,"Georgetown Harbour, Canada",ectt-423,24223c2,chs_loeschen.csv,Dublette/Guete,3.78,Canada_IWLS_PEI/01660_Georgetown_wlp.csv,0.44,1.48,8.8,6.8,-15,"Georgetown Harbour, Prince Edward Island, Canada",harmonics_utide_tidetables.txt,0.7,,weg lassen (heutiger Satz besser)
harmonics_noaa_amtt.txt,"Charlottetown, Canada",ectt-427,24223c2,chs_loeschen.csv,Dublette/Guete,3.77,Canada_IWLS_PEI/01700_Charlottetown_wlp.csv,1.72,2.34,20.6,18.7,0,"Charlottetown, Prince Edward Island, Canada",harmonics_utide_tidetables.txt,1.5,,weg lassen (heutiger Satz besser)
harmonics_noaa_amtt.txt,"Summerside Harbour, Canada",ectt-429,24223c2,chs_loeschen.csv,Dublette/Guete,3.67,Canada_IWLS_PEI/01735_Summerside_wlp.csv,1.58,1.7,16.8,15.4,0,"Summerside, Prince Edward Island, Canada",harmonics_utide_tidetables.txt,0.9,,weg lassen (heutiger Satz besser)
harmonics_noaa_amtt.txt,"St. Paul Island, Canada",ectt-431,24223c2,chs_loeschen.csv,Dublette/Guete,3.84,Canada_IWLS_NS/01530_St_Paul_Island_wlp.csv,0.28,1.02,11.6,10.2,0,"St. Paul Island, Gulf of St. Lawrence, Nova Scotia, Canada",harmonics-2004-06-14_mod.txt,0.5,,weg lassen (heutiger Satz besser)
harmonics_noaa_amtt.txt,"Pugwash, Canada",ectt-435,24223c2,chs_loeschen.csv,Dublette/Guete,3.71,,,,,,,,,,,kein Massstab (keine Reihe unter 3 km)
harmonics_noaa_amtt.txt,"Merigomish Harbour, Canada",ectt-439,24223c2,chs_loeschen.csv,Dublette/Guete,3.32,Canada_IWLS_NS/01620_Merigomish_wlp.csv,0.16,1.45,8.9,7.6,-15,"Merigomish, Nova Scotia, Canada",harmonics_utide_tidetables.txt,2.0,,weg lassen (heutiger Satz besser)
harmonics_noaa_amtt.txt,"Antigonish Harbour, Canada",ectt-443,24223c2,chs_loeschen.csv,Dublette/Guete,4.0,Canada_IWLS_NS/01590_Antigonish_Harbour_wlp.csv,1.95,1.16,12.2,11.3,30,"Antigonish Harbour, Nova Scotia, Canada",harmonics_utide_tidetables.txt,1.8,,weg lassen (Zeitfehler)
harmonics_noaa_amtt.txt,"Auld Cove, Canada",ectt-447,24223c2,chs_loeschen.csv,Dublette/Guete,4.06,Canada_IWLS_NS/01570_Aulds_Cove_wlp.csv,0.25,1.23,9.0,7.8,-15,"Auld Cove, Nova Scotia, Canada",harmonics-2004-06-14_mod.txt,2.2,,weg lassen (heutiger Satz besser)
harmonics_noaa_amtt.txt,"Port Hood, Canada",ectt-449,24223c2,chs_loeschen.csv,Dublette/Guete,3.93,Canada_IWLS_NS/01560_Port_Hood_wlp.csv,1.54,1.22,12.4,12.4,-15,"Port Hood, Nova Scotia, Canada",harmonics_utide_tidetables.txt,2.9,,weg lassen (heutiger Satz besser)
harmonics_noaa_amtt.txt,"Cheticamp, Canada",ectt-453,24223c2,chs_loeschen.csv,Dublette/Guete,3.87,Canada_IWLS_NS/01539_Cheticamp_wlp.csv,1.59,1.0,10.6,9.7,-15,"Cheticamp, Nova Scotia, Canada",harmonics_utide_tidetables.txt,1.6,,weg lassen (heutiger Satz besser)
harmonics_noaa_amtt.txt,"Neil Harbour, Canada",ectt-455,24223c2,chs_loeschen.csv,Dublette/Guete,3.93,Canada_IWLS_NS/00635_Neils_Harbour_wlp.csv,1.24,1.0,14.8,14.4,-15,"Neils Harbour, Nova Scotia, Canada",harmonics_utide_tidetables.txt,1.8,,weg lassen (heutiger Satz besser)
harmonics_noaa_amtt.txt,"North Sydney, Canada",ectt-461,24223c2,chs_loeschen.csv,Dublette/Guete,3.75,Canada_IWLS_NS/00612_North_Sydney_wlp.csv,0.93,1.17,15.2,13.9,-15,"North Sydney, Nova Scotia, Canada",harmonics_ticon4_worldwide.txt,1.7,,weg lassen (heutiger Satz besser)
harmonics_noaa_amtt.txt,"Arichat, Canada",ectt-471,24223c2,chs_loeschen.csv,Dublette/Guete,2.84,Canada_IWLS_NS/00580_Arichat_wlp.csv,1.4,1.66,13.3,12.1,0,"Arichat, Nova Scotia, Canada",harmonics_utide_tidetables.txt,4.5,,weg lassen (heutiger Satz besser)
harmonics_noaa_amtt.txt,"Port Hastings, Strait of Canso, Canada",ectt-473,24223c2,chs_loeschen.csv,Dublette/Guete,2.86,Canada_IWLS_NS/00570_Port_Hastings_wlp.csv,0.61,1.64,14.5,12.9,0,"Port Hastings, Nova Scotia, Canada",harmonics_utide_tidetables.txt,2.8,,weg lassen (heutiger Satz besser)
harmonics_noaa_amtt.txt,"Canso Harbour, Canada",ectt-477,24223c2,chs_loeschen.csv,Dublette/Guete,2.81,Canada_IWLS_NS/00555_Canso_Harbour_wlp.csv,1.36,1.56,13.5,11.7,0,"Canso Harbour, Nova Scotia, Canada",harmonics-2004-06-14_mod.txt,2.0,,weg lassen (heutiger Satz besser)
harmonics_noaa_amtt.txt,"Isaacs Harbour, Canada",ectt-481,24223c2,chs_loeschen.csv,Dublette/Guete,2.71,Canada_IWLS_NS/00535_Isaacs_Harbour_wlp.csv,0.67,1.66,14.5,11.5,15,"Isaacs Harbour, Nova Scotia, Canada",harmonics-2004-06-14_mod.txt,3.0,,weg lassen (heutiger Satz besser)
harmonics_noaa_amtt.txt,"Sonora, St. Mary River, Canada",ectt-483,24223c2,chs_loeschen.csv,Dublette/Guete,2.74,Canada_IWLS_NS/00520_Sonora_wlp.csv,1.26,1.61,11.7,10.8,15,"Sonora (St. Marys River), Nova Scotia, Canada",harmonics-2004-06-14_mod.txt,1.4,,weg lassen (heutiger Satz besser)
harmonics_noaa_amtt.txt,"Sheet Harbour, Canada",ectt-487,24223c2,chs_loeschen.csv,Dublette/Guete,2.79,Canada_IWLS_NS/00510_Sheet_Harbour_wlp.csv,0.44,1.73,8.6,6.3,0,"Sheet Harbour, Nova Scotia, Canada",harmonics_utide_tidetables.txt,3.9,,weg lassen (heutiger Satz besser)
harmonics_noaa_amtt.txt,"Mahone Harbour, Mahone Bay, Canada",ectt-503,24223c2,chs_loeschen.csv,Dublette/Guete,2.79,Canada_IWLS_NS/00460_Mahone_Harbour_wlp.csv,0.64,1.84,10.0,8.5,0,"Mahone Harbour, Nova Scotia, Canada",harmonics_utide_tidetables.txt,3.3,,weg lassen (heutiger Satz besser)
harmonics_noaa_amtt.txt,"Lunenburg, Canada",ectt-505,24223c2,chs_loeschen.csv,Dublette/Guete,2.64,Canada_IWLS_NS/00455_Lunenburg_wlp.csv,1.24,1.82,10.5,8.1,15,"Lunenburg, Nova Scotia (2), Canada",harmonics-2004-06-14_mod.txt,1.7,,weg lassen (heutiger Satz besser)
harmonics_noaa_amtt.txt,"Riverport, La Have River, Canada",ectt-507,24223c2,chs_loeschen.csv,Dublette/Guete,2.66,Canada_IWLS_NS/00452_Riverport_wlp.csv,1.15,1.86,11.5,8.6,0,"Riverport, Nova Scotia, Canada",harmonics_utide_tidetables.txt,3.5,,weg lassen (heutiger Satz besser)
harmonics_noaa_amtt.txt,"Bridgewater, La Have River, Canada",ectt-509,24223c2,chs_loeschen.csv,Dublette/Guete,2.75,Canada_IWLS_NS/00450_Bridgewater_wlp.csv,1.56,1.94,15.3,15.1,-15,"Bridgewater, Nova Scotia, Canada",harmonics_utide_tidetables.txt,4.5,,weg lassen (heutiger Satz besser)
harmonics_noaa_amtt.txt,"Liverpool Bay, Canada",ectt-511,24223c2,chs_loeschen.csv,Dublette/Guete,2.68,Canada_IWLS_NS/00440_Liverpool_wlp.csv,1.96,1.85,11.4,10.4,-15,"Liverpool, Nova Scotia, Canada",harmonics_utide_tidetables.txt,4.3,,weg lassen (heutiger Satz besser)
harmonics_noaa_amtt.txt,"Shelburne, Canada",ectt-515,24223c2,chs_loeschen.csv,Dublette/Guete,2.75,Canada_IWLS_NS/00425_Shelburne_wlp.csv,1.68,2.02,12.5,10.9,15,"Shelburne, Nova Scotia, Canada",harmonics-2004-06-14_mod.txt,2.2,,weg lassen (heutiger Satz besser)
harmonics_noaa_amtt.txt,"Barrington Passage, Canada",ectt-517,24223c2,chs_loeschen.csv,Dublette/Guete,2.66,Canada_IWLS_NS/00415_Barrington_Passage_wlp.csv,1.03,2.09,10.9,9.5,0,"Barrington Passage, Nova Scotia, Canada",harmonics_utide_tidetables.txt,2.2,,weg lassen (heutiger Satz besser)
harmonics_noaa_amtt.txt,"Swim Point, Canada",ectt-519,24223c2,chs_loeschen.csv,Dublette/Guete,2.71,Canada_IWLS_NS/00410_Swims_Point_wlp.csv,0.12,2.71,17.9,16.1,0,"Swims Point, Nova Scotia, Canada",harmonics_utide_tidetables.txt,3.0,,weg lassen (heutiger Satz besser)
harmonics_noaa_amtt.txt,"Sidney, Haro Strait, Canada",wctt-1305,24223c2,chs_loeschen.csv,Dublette/Guete,,Canada_IWLS_BC/07260_Sidney_wlp.csv,0.53,3.16,86.9,86.9,105,"Sidney, British Columbia, Canada",harmonics_utide_tidetables.txt,1.8,,weg lassen (Zeitfehler)
harmonics_noaa_amtt.txt,"Fulford Harbor, Saltspring Island, Canada",wctt-1307,24223c2,chs_loeschen.csv,Dublette/Guete,,Canada_IWLS_BC/07330_Fulford_Harbour_wlp.csv,0.27,3.21,85.9,85.9,90,"Fulford Harbour, British Columbia, Canada",harmonics_utide_tidetables.txt,1.8,,weg lassen (Zeitfehler)
harmonics_noaa_amtt.txt,"Cowichan Bay, Canada",wctt-1311,24223c2,chs_loeschen.csv,Dublette/Guete,,Canada_IWLS_BC/07310_Cowichan_Bay_wlp.csv,1.07,3.24,83.7,83.7,90,"Cowichan Bay, British Columbia, Canada",harmonics_utide_tidetables.txt,1.0,,weg lassen (Zeitfehler)
harmonics_noaa_amtt.txt,"Chemainus, Stuart Channel, Canada",wctt-1313,24223c2,chs_loeschen.csv,Dublette/Guete,,Canada_IWLS_BC/07455_Chemainus_wlp.csv,1.44,3.55,89.7,89.7,75,"Chemainus, British Columbia, Canada",harmonics_utide_tidetables.txt,1.5,,weg lassen (Zeitfehler)
harmonics_noaa_amtt.txt,"Sand Heads, Fraser River, Canada",wctt-1317,24223c2,chs_loeschen.csv,Dublette/Guete,,Canada_IWLS_BC/07594_Sand_Heads_wlp.csv,1.31,4.06,100.6,100.6,75,"Sand Heads Lighthouse, British Columbia, Canada",harmonics_utide_tidetables.txt,2.3,,weg lassen (Zeitfehler)
harmonics_noaa_amtt.txt,"Squamish, Howe Sound, Canada",wctt-1323,24223c2,chs_loeschen.csv,Dublette/Guete,,Canada_IWLS_BC/07811_Squamish_Inner_wlp.csv,1.55,4.24,103.6,103.6,75,"Squamish Yacht Club, British Columbia, Canada",harmonics_utide_tidetables.txt,1.8,,weg lassen (Zeitfehler)
harmonics_noaa_amtt.txt,"Nanaimo, Canada",wctt-1325,24223c2,chs_loeschen.csv,Dublette/Guete,,Canada_IWLS/07917_Nanaimo_Harbour.csv,1.97,4.29,102.9,102.9,75,"Nanaimo Harbour, British Columbia, Canada",harmonics_utide_observations.txt,11.1,,weg lassen (Zeitfehler)
harmonics_noaa_amtt.txt,"Pender Harbor, Malaspina Strait, Canada",wctt-1327,24223c2,chs_loeschen.csv,Dublette/Guete,,Canada_IWLS_BC/07837_ḵalpilin_wlp.csv,0.1,4.27,100.1,100.1,75,"Pender Harbour (Garden Bay), British Columbia, Canada",harmonics_utide_tidetables.txt,1.3,,weg lassen (Zeitfehler)
harmonics_noaa_amtt.txt,"Comox, Baynes Sound, Canada",wctt-1329,24223c2,chs_loeschen.csv,Dublette/Guete,,Canada_IWLS_BC/07965_Comox_wlp.csv,0.89,4.38,106.2,106.2,75,"Comox, British Columbia, Canada",harmonics_utide_tidetables.txt,2.4,,weg lassen (Zeitfehler)
harmonics_noaa_amtt.txt,"Whaletown, Cortes Island, Canada",wctt-1331,24223c2,chs_loeschen.csv,Dublette/Guete,,Canada_IWLS_BC/08038_Whaletown_wlp.csv,0.9,4.45,107.2,107.2,75,"Whaletown, British Columbia, Canada",harmonics_utide_tidetables.txt,2.2,,weg lassen (Zeitfehler)
harmonics_noaa_amtt.txt,"Duncan Bay, Discovery Passage, Canada",wctt-1333,24223c2,chs_loeschen.csv,Dublette/Guete,,Canada_IWLS_BC/08087_Duncan_Bay_wlp.csv,0.81,3.42,87.0,87.0,90,"Duncan Bay, British Columbia, Canada",harmonics_utide_tidetables.txt,2.3,,weg lassen (Zeitfehler)
harmonics_noaa_amtt.txt,"Gowlland Harbor, Discovery Passage, Canada",wctt-1341,24223c2,chs_loeschen.csv,Dublette/Guete,,Canada_IWLS_BC/08082_Gowlland_Hbr_wlp.csv,1.18,3.32,82.1,82.1,75,"Gowlland Hbr., British Columbia, Canada",harmonics_utide_tidetables.txt,1.1,,weg lassen (Zeitfehler)
harmonics_noaa_amtt.txt,"Seymour Narrows (Canoe Pass), Canada",wctt-1343,24223c2,chs_loeschen.csv,Dublette/Guete,,Canada_IWLS_BC/08105_Seymour_Narrows_wlp.csv,0.34,3.91,75.0,75.0,60,"Seymour Narrows, British Columbia, Canada",harmonics_utide_tidetables.txt,3.2,,weg lassen (Zeitfehler)
harmonics_noaa_amtt.txt,"Owen Bay, Okisollo Channel, Canada",wctt-1345,24223c2,chs_loeschen.csv,Dublette/Guete,,Canada_IWLS_BC/08120_Owen_Bay_wlp.csv,0.84,3.67,68.0,68.0,45,"Owen Bay, British Columbia, Canada",harmonics_utide_tidetables.txt,1.3,,weg lassen (Zeitfehler)
harmonics_noaa_amtt.txt,"Knox Bay, West Thurlow Island, Canada",wctt-1349,24223c2,chs_loeschen.csv,Dublette/Guete,,Canada_IWLS_BC/08195_Knox_Bay_wlp.csv,1.98,3.75,37.3,37.3,0,"Knox Bay, British Columbia, Canada",harmonics_utide_tidetables.txt,1.1,,weg lassen (heutiger Satz besser)
harmonics_noaa_amtt.txt,"Glendale Cove, Knight Inlet, Canada",wctt-1359,24223c2,chs_loeschen.csv,Dublette/Guete,,Canada_IWLS_BC/08310_Glendale_Cove_wlp.csv,0.88,4.81,33.7,33.7,0,"Glendale Cove, British Columbia, Canada",harmonics_utide_tidetables.txt,1.0,,weg lassen (heutiger Satz besser)
harmonics_noaa_amtt.txt,"Alert Bay, Cormorant Island, Canada",wctt-1365,24223c2,chs_loeschen.csv,Dublette/Guete,,Canada_IWLS_BC/08280_Alert_Bay_wlp.csv,0.44,4.32,30.0,30.0,0,"Alert Bay (Cormorant Island), British Columbia, Canada",harmonics_utide_tidetables.txt,1.4,,weg lassen (heutiger Satz besser)
harmonics_noaa_amtt.txt,"Port Hardy, Vancouver Island, Canada",wctt-1367,24223c2,chs_loeschen.csv,Dublette/Guete,,Canada_IWLS/08408_Port_Hardy.csv,0.71,4.52,29.4,29.4,0,"Port Hardy, British Columbia, Canada",harmonics_utide_tidetables.txt,10.6,,weg lassen (heutiger Satz besser)
harmonics_noaa_amtt.txt,"Shushartie Bay, Goletas Channel, Canada",wctt-1369,24223c2,chs_loeschen.csv,Dublette/Guete,,Canada_IWLS_BC/08416_Shushartie_Bay_wlp.csv,0.86,4.15,30.9,30.9,0,"Shushartie Bay, British Columbia, Canada",harmonics_utide_tidetables.txt,1.0,,weg lassen (heutiger Satz besser)
harmonics_noaa_amtt.txt,"Bamfield, Barkley Sound, Canada",wctt-1375,24223c2,chs_loeschen.csv,Dublette/Guete,,Canada_IWLS_BC/08545_Bamfield_wlp.csv,0.36,3.26,29.1,29.1,0,"Bamfield, British Columbia, Canada",harmonics_utide_tidetables.txt,1.2,,weg lassen (heutiger Satz besser)
harmonics_noaa_amtt.txt,"Port Alberni, Canada",wctt-1377,24223c2,chs_loeschen.csv,Dublette/Guete,,Canada_IWLS_BC/08575_Port_Alberni_wlp.csv,0.88,3.26,30.4,30.4,0,"Port Alberni, British Columbia, Canada",harmonics_utide_tidetables.txt,1.2,,weg lassen (heutiger Satz besser)
harmonics_noaa_amtt.txt,"Riley Cove, Canada",wctt-1381,24223c2,chs_loeschen.csv,Dublette/Guete,,Canada_IWLS_BC/08637_Riley_Cove_wlp.csv,1.05,3.37,28.8,28.8,0,"Riley Cove, British Columbia, Canada",harmonics_utide_tidetables.txt,1.3,,weg lassen (heutiger Satz besser)
harmonics_noaa_amtt.txt,"Treadwell Bay, Slingsby Channel, Canada",wctt-1395,24223c2,chs_loeschen.csv,Dublette/Guete,2.19,Canada_IWLS_BC/08440_Treadwell_Bay_wlp.csv,0.63,3.03,25.2,22.3,0,"Johnson Point, British Columbia, Canada",harmonics_utide_tidetables.txt,62.1,,zurueckholen (besser als heutiger Satz)
harmonics_noaa_amtt.txt,"Wadhams, Rivers Inlet, Canada",wctt-1397,24223c2,chs_loeschen.csv,Dublette/Guete,2.3,Canada_IWLS_BC/08840_Wadhams_wlp.csv,0.9,4.29,26.5,21.8,0,"Wadhams, British Columbia, Canada",harmonics_utide_tidetables.txt,1.4,,weg lassen (heutiger Satz besser)
harmonics_noaa_amtt.txt,"Namu Harbor, Canada",wctt-1399,24223c2,chs_loeschen.csv,Dublette/Guete,2.27,Canada_IWLS_BC/08870_Namu_wlp.csv,0.58,4.23,26.7,21.3,0,"Namu, British Columbia, Canada",harmonics_utide_tidetables.txt,1.6,,weg lassen (heutiger Satz besser)
harmonics_noaa_amtt.txt,"Addenbroke Island, Canada",wctt-1401,24223c2,chs_loeschen.csv,Dublette/Guete,2.29,Canada_IWLS_BC/08860_Addenbroke_Island_wlp.csv,0.85,4.14,25.2,22.0,0,"Addenbroke Island, British Columbia, Canada",harmonics_utide_tidetables.txt,1.1,,weg lassen (heutiger Satz besser)
harmonics_noaa_amtt.txt,"Ocean Falls, Fisher Channel, Canada",wctt-1403,24223c2,chs_loeschen.csv,Dublette/Guete,2.29,Canada_IWLS_BC/08962_Ocean_Falls_wlp.csv,0.7,4.47,28.6,23.9,0,"Ocean Falls, British Columbia, Canada",harmonics_utide_tidetables.txt,1.0,,weg lassen (heutiger Satz besser)
harmonics_noaa_amtt.txt,"Port Blackney, Milbanke Sound, Canada",wctt-1407,24223c2,chs_loeschen.csv,Dublette/Guete,2.29,Canada_IWLS_BC/09005_Port_Blackney_wlp.csv,0.53,4.24,25.7,22.0,0,"Port Blackney, British Columbia, Canada",harmonics_utide_tidetables.txt,1.4,,weg lassen (heutiger Satz besser)
harmonics_noaa_amtt.txt,"Bella Coola, North Bentinck Arm, Canada",wctt-1409,24223c2,chs_loeschen.csv,Dublette/Guete,2.3,Canada_IWLS_BC/08937_Bella_Coola_wlp.csv,1.07,4.67,27.2,22.2,0,"Bella Coola, British Columbia, Canada",harmonics_utide_tidetables.txt,1.6,,weg lassen (heutiger Satz besser)
harmonics_noaa_amtt.txt,"Klemtu Passage, Canada",wctt-1411,24223c2,chs_loeschen.csv,Dublette/Guete,2.26,Canada_IWLS_BC/09035_Klemtu_wlp.csv,0.73,4.41,26.7,19.6,0,"Klemtu, British Columbia, Canada",harmonics_utide_tidetables.txt,1.6,,weg lassen (heutiger Satz besser)
harmonics_noaa_amtt.txt,"Barnard Harbor, Whale Channel, Canada",wctt-1415,24223c2,chs_loeschen.csv,Dublette/Guete,2.24,Canada_IWLS_BC/09115_Barnard_Harbour_wlp.csv,1.03,5.03,27.3,20.6,0,"Barnard Harbour, British Columbia, Canada",harmonics_utide_tidetables.txt,2.3,,weg lassen (heutiger Satz besser)
harmonics_noaa_amtt.txt,"Hartley Bay, Wright Sound, Canada",wctt-1417,24223c2,chs_loeschen.csv,Dublette/Guete,2.25,Canada_IWLS/09130_Hartley_Bay.csv,1.02,5.12,30.2,22.4,0,"Hartley Bay, British Columbia, Canada",harmonics_utide_observations.txt,12.2,,weg lassen (heutiger Satz besser)
harmonics_noaa_amtt.txt,"Kitimat, Douglas Channel, Canada",wctt-1419,24223c2,chs_loeschen.csv,Dublette/Guete,2.24,Canada_IWLS/09140_Kitimat.csv,0.69,5.31,33.0,25.8,0,"Kitimat, British Columbia, Canada",harmonics_utide_observations.txt,13.2,,weg lassen (heutiger Satz besser)
harmonics_noaa_amtt.txt,"Lowe Inlet, Grenville Channel, Canada",wctt-1423,24223c2,chs_loeschen.csv,Dublette/Guete,2.2,Canada_IWLS_BC/09195_Lowe_Inlet_wlp.csv,0.0,5.26,30.2,22.0,0,"Lowe Inlet, British Columbia, Canada",harmonics_utide_tidetables.txt,1.6,,weg lassen (heutiger Satz besser)
harmonics_noaa_amtt.txt,"Qlawdzeet Anchorage, Canada",wctt-1433,24223c2,chs_loeschen.csv,Dublette/Guete,2.22,Canada_IWLS_BC/09315_Qlawdzeet_Anchorage_wlp.csv,0.89,5.8,31.8,22.0,0,"Qlawdzeet Anchorage, British Columbia, Canada",harmonics_utide_tidetables.txt,3.3,,weg lassen (heutiger Satz besser)
harmonics_noaa_amtt.txt,"Prince Rupert, Canada",wctt-1435,24223c2,chs_loeschen.csv,Dublette/Guete,2.23,Canada_IWLS_BC/09354_Prince_Rupert_wlp.csv,0.6,6.07,31.8,20.8,0,"Prince Rupert, British Columbia, Canada",harmonics_utide_tidetables.txt,1.8,,weg lassen (heutiger Satz besser)
harmonics_noaa_amtt.txt,"Port Simpson, Canada",wctt-1437,24223c2,chs_loeschen.csv,Dublette/Guete,2.23,Canada_IWLS_BC/09390_Lax_Kwalaams_wlp.csv,0.76,5.88,30.4,19.5,0,"Lax Kw'alaams, British Columbia, Canada",harmonics_utide_tidetables.txt,1.8,,weg lassen (heutiger Satz besser)
harmonics_noaa_amtt.txt,"Wiah Point, Canada",wctt-1445,24223c2,chs_loeschen.csv,Dublette/Guete,2.19,Canada_IWLS_BC/09940_Wiah_Point_wlp.csv,0.68,4.85,30.4,21.7,0,"Wiah Point, British Columbia, Canada",harmonics_utide_tidetables.txt,1.8,,weg lassen (heutiger Satz besser)
harmonics_noaa_amtt.txt,"Kumeon Bay, B.C., Canada",wctt-1459,24223c2,chs_loeschen.csv,Dublette/Guete,2.09,Canada_IWLS_BC/09414_Kumeon_Bay_wlp.csv,0.6,5.77,45.7,35.5,0,"Kumeon Bay, British Columbia, Canada",harmonics_utide_tidetables.txt,1.0,,weg lassen (heutiger Satz besser)
harmonics_noaa_amtt.txt,"Mill Bay, Nass River, B.C., Canada",wctt-1461,24223c2,chs_loeschen.csv,Dublette/Guete,2.08,Canada_IWLS_BC/09425_Mill_Bay_wlp.csv,0.88,5.73,44.4,34.0,0,"Mill Bay, British Columbia, Canada",harmonics_utide_tidetables.txt,1.2,,weg lassen (heutiger Satz besser)
harmonics_noaa_amtt.txt,"Sao Luiz, Brazil",ectt-4991,f10372a,dhn_loeschen.csv,Dublette/Guete,1.72,,,,,,,,,,,kein Massstab (keine Reihe unter 3 km)
harmonics_noaa_amtt.txt,"Fortaleza, Brazil",ectt-5003,f10372a,dhn_loeschen.csv,Dublette/Guete,1.8,,,,,,,,,,,kein Massstab (keine Reihe unter 3 km)
harmonics_noaa_amtt.txt,"Fernando de Noronha, Brazil",ectt-5005,f10372a,dhn_loeschen.csv,Dublette/Guete,1.92,Brazil_UHSLC/203_Fernando_de_Noronha.csv,1.55,2.26,34.6,34.3,75,"Fernando de Noronha, Pernambuco, Brazil",harmonics_utide_tidetables.txt,6.2,,weg lassen (Zeitfehler)
harmonics_noaa_amtt.txt,"Macau, Rio Acu, Brazil",ectt-5009,f10372a,dhn_loeschen.csv,Dublette/Guete,1.85,,,,,,,,,,,kein Massstab (keine Reihe unter 3 km)
harmonics_noaa_amtt.txt,"Natal, Brazil",ectt-5011,f10372a,dhn_loeschen.csv,Dublette/Guete,1.9,,,,,,,,,,,kein Massstab (keine Reihe unter 3 km)
harmonics_noaa_amtt.txt,"Cabedelo, Brazil",ectt-5013,f10372a,dhn_loeschen.csv,Dublette/Guete,1.88,,,,,,,,,,,kein Massstab (keine Reihe unter 3 km)
harmonics_noaa_amtt.txt,"Aracaju, Brazil",ectt-5023,f10372a,dhn_loeschen.csv,Dublette/Guete,1.87,,,,,,,,,,,kein Massstab (keine Reihe unter 3 km)
harmonics_noaa_amtt.txt,"Salvador, Brazil",ectt-5025,f10372a,dhn_loeschen.csv,Dublette/Guete,1.96,Brazil_UHSLC/708_Salvador.csv,0.54,2.37,14.6,10.5,0,"Salvador (Porto), Bahia, Brazil",harmonics_ticon4_worldwide.txt,5.6,ja,weg lassen (heutiger Satz besser)
harmonics_noaa_amtt.txt,"Ponta da Areia, Brazil",ectt-5027,f10372a,dhn_loeschen.csv,Dublette/Guete,1.89,,,,,,,,,,,kein Massstab (keine Reihe unter 3 km)
harmonics_noaa_amtt.txt,"Macae (Imbitiba Bay), Brazil",ectt-5051,f10372a,dhn_loeschen.csv,Dublette/Guete,1.65,Brazil_UHSLC/719_Macae.csv,0.36,1.5,24.0,23.9,-75,"Macaé (Imbetiba), Rio de Janeiro, Brazil",harmonics_utide_tidetables.txt,14.4,,weg lassen (Zeitfehler)
harmonics_noaa_amtt.txt,"Angra dos Reis, Brazil",ectt-5061,f10372a,dhn_loeschen.csv,Dublette/Guete,1.78,,,,,,,,,,,kein Massstab (keine Reihe unter 3 km)
harmonics_noaa_amtt.txt,"Sao Sebastiao, Brazil",ectt-5065,f10372a,dhn_loeschen.csv,Dublette/Guete,1.78,,,,,,,,,,,kein Massstab (keine Reihe unter 3 km)
harmonics_noaa_amtt.txt,"Itajai, Brazil",ectt-5075,f10372a,dhn_loeschen.csv,Dublette/Guete,1.88,,,,,,,,,,,kein Massstab (keine Reihe unter 3 km)
harmonics_noaa_amtt.txt,"Florianopolis, Brazil",ectt-5079,f10372a,dhn_loeschen.csv,Dublette/Guete,1.76,,,,,,,,,,,kein Massstab (keine Reihe unter 3 km)
harmonics_noaa_amtt.txt,"Imbituba, Brazil",ectt-5081,f10372a,dhn_loeschen.csv,Dublette/Guete,1.77,Brazil_UHSLC/718_Imbituba.csv,0.28,1.11,21.8,22.1,-75,"Imbituba, Santa Catarina, Brazil",harmonics_utide_tidetables.txt,19.6,,weg lassen (Zeitfehler)
harmonics_noaa_amtt.txt,"Sorry Harbor, Resolution Island, Canada",ectt-123,0ac4263,,ohne Log,3.94,Canada_IWLS_NU/04160_Sorry_Harbour_wlp.csv,0.0,5.29,225.8,230.8,-180,"Sorry Harbour, Nunavut, Canada",harmonics_utide_tidetables.txt,1.4,,weg lassen (Zeitfehler)
harmonics_noaa_amtt.txt,"Ashe Inlet, Big Island, Canada",ectt-127,0ac4263,,ohne Log,4.27,Canada_IWLS_NU/04215_Ashe_Inlet_wlp.csv,2.18,9.39,372.7,386.9,-165,"Ashe Inlet, Nunavut, Canada",harmonics_utide_tidetables.txt,2.1,,weg lassen (Zeitfehler)
harmonics_noaa_amtt.txt,"Schooner Harbour, Baffin Island, Canada",ectt-129,0ac4263,,ohne Log,4.08,Canada_IWLS_NU/04255_Schooner_Harbour_wlp.csv,0.56,5.75,248.7,256.1,-180,"Schooner Harbour (Baffin Island), Nunavut, Canada",harmonics_utide_tidetables.txt,1.1,,weg lassen (Zeitfehler)
harmonics_noaa_amtt.txt,"Coral Harbour, Southampton Island, Canada",ectt-133,0ac4263,,ohne Log,4.21,,,,,,,,,,,kein Massstab (keine Reihe unter 3 km)
harmonics_noaa_amtt.txt,"Chesterfield Inlet, Canada",ectt-135,0ac4263,,ohne Log,3.19,Canada_IWLS_NU/05140_Chesterfield_Inlet_wlp.csv,0.86,3.91,182.4,186.0,-180,"Chesterfield Inlet, Nunavut, Canada",harmonics_utide_tidetables.txt,2.2,,weg lassen (Zeitfehler)
harmonics_noaa_amtt.txt,"Churchill, Canada",ectt-137,0ac4263,,ohne Log,3.82,Canada_IWLS_MB/05010_Churchill_wlp.csv,1.19,3.97,204.3,209.4,-180,"Churchill, Manitoba, Canada",harmonics_utide_tidetables.txt,1.3,,weg lassen (Zeitfehler)
harmonics_noaa_amtt.txt,"Port de Boucherville, Nottingham Island, Canada",ectt-149,0ac4263,,ohne Log,3.12,,,,,,,,,,,kein Massstab (keine Reihe unter 3 km)
harmonics_noaa_amtt.txt,"Stupart Bay, Canada",ectt-153,0ac4263,,ohne Log,3.29,Canada_IWLS_QC/04400_Stupart_Bay_wlp.csv,0.0,7.58,396.5,438.7,-180,"Stupart Bay, Québec, Canada",harmonics_utide_tidetables.txt,1.1,,weg lassen (Zeitfehler)
harmonics_noaa_amtt.txt,"Diana Bay, Canada",ectt-155,0ac4263,,ohne Log,3.08,,,,,,,,,,,kein Massstab (keine Reihe unter 3 km)
harmonics_noaa_amtt.txt,"Hopes Advance Bay, Ungava Bay, Canada",ectt-157,0ac4263,,ohne Log,3.05,,,,,,,,,,,kein Massstab (keine Reihe unter 3 km)
harmonics_noaa_amtt.txt,"Leaf Lake, Ungava Bay, Canada",ectt-161,0ac4263,,ohne Log,3.03,,,,,,,,,,,kein Massstab (keine Reihe unter 3 km)
harmonics_noaa_amtt.txt,"Koksoak River entrance, Canada",ectt-163,0ac4263,,ohne Log,3.05,Canada_IWLS_QC/04295_Rivière_Koksoak_wlp.csv,0.89,11.2,591.7,617.4,-180,"Rivière Koksoak, Québec, Canada",harmonics_utide_tidetables.txt,1.6,,weg lassen (Zeitfehler)
harmonics_noaa_amtt.txt,"Port Burwell, Ungava Bay, Canada",ectt-165,0ac4263,,ohne Log,3.08,Canada_IWLS_NU/04265_Port_Burwell_wlp.csv,1.36,5.81,319.2,334.5,-180,"Port Burwell, Nunavut, Canada",harmonics_utide_tidetables.txt,0.8,,weg lassen (Zeitfehler)
harmonics_noaa_amtt.txt,"Williams Harbour, Canada",ectt-169,0ac4263,,ohne Log,3.03,"Canada_IWLS_NL/01490_Williams_Harbour,_North_Labrador_wlp.csv",1.11,3.02,146.8,150.1,-180,"Cape Kakkiviak (Williams Harbour), Labrador, Canada",harmonics_utide_tidetables.txt,1.5,,weg lassen (Zeitfehler)
harmonics_noaa_amtt.txt,"Port Manvers, Canada",ectt-177,0ac4263,,ohne Log,2.94,,,,,,,,,,,kein Massstab (keine Reihe unter 3 km)
harmonics_noaa_amtt.txt,"Coatzcoalcos #, Mexico",ectt-4641,0ac4263,,ohne Log,,,,,,,,,,,,kein Massstab (keine Reihe unter 3 km)
harmonics_noaa_amtt.txt,"Progreso #, Mexico",ectt-4645,0ac4263,,ohne Log,,Mexico_UHSLC/721_Progreso.csv,0.34,0.88,11.5,11.5,15,"Progreso, Yucatán, Mexico",harmonics_ticon4_worldwide.txt,10.0,ja,weg lassen (heutiger Satz besser)
harmonics_noaa_amtt.txt,"Bridgetown, Barbados, Barbados",ectt-4887,0ac4263,,ohne Log,,,,,,,,,,,,kein Massstab (keine Reihe unter 3 km)
harmonics_noaa_amtt.txt,"Carenage Bay, Trinidad and Tobago",ectt-4943,0ac4263,,ohne Log,4.88,,,,,,,,,,,kein Massstab (keine Reihe unter 3 km)
harmonics_noaa_amtt.txt,"Port of Spain, Trinidad and Tobago",ectt-4945,0ac4263,,ohne Log,4.95,TrinidadTobago_UHSLC/h248_port_of_spain.csv,0.03,1.07,47.0,48.6,-180,"Port of Spain, Trinidad and Tobago",harmonics_utide_observations.txt,5.3,ja,weg lassen (Zeitfehler)
harmonics_noaa_amtt.txt,"Lower East Pubnico, Canada",ectt-521,0ac4263,,ohne Log,2.62,Canada_IWLS_NS/00385_Lower_East_Pubnico_wlp.csv,0.48,3.3,150.8,151.9,-180,"Lower East Pubnico, Nova Scotia, Canada",harmonics_utide_tidetables.txt,2.5,,weg lassen (Zeitfehler)
harmonics_noaa_amtt.txt,"Yarmouth Harbour, Canada",ectt-523,0ac4263,,ohne Log,2.72,Canada_IWLS_NS/00367_Bunker_Island_Light_wlp.csv,1.58,4.04,193.4,195.3,-180,"Bunker Island Light, Nova Scotia, Canada",harmonics-2004-06-14_mod.txt,2.6,,weg lassen (Zeitfehler)
harmonics_noaa_amtt.txt,"Westport, St. Mary Bay, Canada",ectt-525,0ac4263,,ohne Log,2.55,Canada_IWLS_NS/00340_Westport_wlp.csv,0.34,5.36,257.9,259.0,-180,"Westport, Nova Scotia, Canada",harmonics-2004-06-14_mod.txt,2.6,,weg lassen (Zeitfehler)
harmonics_noaa_amtt.txt,"Tiverton, St. Mary Bay, Canada",ectt-527,0ac4263,,ohne Log,2.68,Canada_IWLS_NS/00338_Tiverton_(Boars_Head)_wlp.csv,0.49,5.85,271.1,273.1,-180,"Tiverton (Boar's Head), Nova Scotia, Canada",harmonics-2004-06-14_mod.txt,3.4,,weg lassen (Zeitfehler)
harmonics_noaa_amtt.txt,"Weymouth, St. Mary Bay, Canada",ectt-529,0ac4263,,ohne Log,2.65,,,,,,,,,,,kein Massstab (keine Reihe unter 3 km)
harmonics_noaa_amtt.txt,"Digby, Annapolis Basin, Canada",ectt-531,0ac4263,,ohne Log,2.73,Canada_IWLS_NS/00325_Digby_wlp.csv,0.8,7.86,361.4,364.8,-180,"Digby, Annapolis Basin, Nova Scotia, Canada",harmonics_ticon4_worldwide.txt,9.6,,weg lassen (Zeitfehler)
harmonics_noaa_amtt.txt,"Annapolis Royal, Annapolis River, Canada",ectt-533,0ac4263,,ohne Log,2.54,,,,,,,,,,,kein Massstab (keine Reihe unter 3 km)
harmonics_noaa_amtt.txt,"Port George, Canada",ectt-535,0ac4263,,ohne Log,2.68,,,,,,,,,,,kein Massstab (keine Reihe unter 3 km)
harmonics_noaa_amtt.txt,"Ile Haute, Canada",ectt-537,0ac4263,,ohne Log,2.63,Canada_IWLS_NS/00312_Ile_Haute_wlp.csv,0.83,9.22,490.3,493.8,-180,"Ile Haute, Nova Scotia, Canada",harmonics_utide_tidetables.txt,11.1,,weg lassen (Zeitfehler)
harmonics_noaa_amtt.txt,"Spencer Island, Canada",ectt-539,0ac4263,,ohne Log,2.57,Canada_IWLS_NS/00242_Spencers_Island_wlp.csv,2.51,10.93,540.3,544.5,-180,"Spencers Island, Nova Scotia, Canada",harmonics_utide_tidetables.txt,14.2,,weg lassen (Zeitfehler)
harmonics_noaa_amtt.txt,"Horton Bluff, Avon River, Canada",ectt-543,0ac4263,,ohne Log,2.75,,,,,,,,,,,kein Massstab (keine Reihe unter 3 km)
harmonics_noaa_amtt.txt,"Burntcoat Head, Canada",ectt-547,0ac4263,,ohne Log,2.77,Canada_IWLS_NS/00270_Burntcoat_Head_wlp.csv,1.54,13.72,591.9,598.0,-180,"Burntcoat Head, Nova Scotia, Canada",harmonics_utide_tidetables.txt,23.3,,weg lassen (Zeitfehler)
harmonics_noaa_amtt.txt,"Spicer Cove, Chignecto Bay, Canada",ectt-551,0ac4263,,ohne Log,2.43,,,,,,,,,,,kein Massstab (keine Reihe unter 3 km)
harmonics_noaa_amtt.txt,"Joggins <2>, Canada",ectt-553,0ac4263,,ohne Log,2.47,,,,,,,,,,,kein Massstab (keine Reihe unter 3 km)
harmonics_noaa_amtt.txt,"Grindstone Island, Canada",ectt-557,0ac4263,,ohne Log,2.61,Canada_IWLS_NB/00160_Grindstone_Island_wlp.csv,0.67,11.76,541.0,545.3,-180,"Grindstone Island, New Brunswick, Canada",harmonics_utide_tidetables.txt,1.7,,weg lassen (Zeitfehler)
harmonics_noaa_amtt.txt,"Hopewell Cape, Canada",ectt-559,0ac4263,,ohne Log,2.63,Canada_IWLS_NB/00170_Hopewell_Cape_wlp.csv,0.8,12.3,556.0,560.7,-180,"Hopewell Cape, New Brunswick, Canada",harmonics_utide_tidetables.txt,1.8,,weg lassen (Zeitfehler)
harmonics_noaa_amtt.txt,"Herring Cove, Canada",ectt-565,0ac4263,,ohne Log,2.56,Canada_IWLS_NB/00140_Herring_Cove_wlp.csv,0.96,9.83,472.5,476.0,-180,"Herring Cove, New Brunswick, Canada",harmonics_utide_tidetables.txt,2.2,,weg lassen (Zeitfehler)
harmonics_noaa_amtt.txt,"Quaco Bay, Canada",ectt-567,0ac4263,,ohne Log,2.54,Canada_IWLS_NB/00129_St_Martins_wlp.csv,2.43,9.22,414.8,417.6,-180,"St. Martins, New Brunswick, Canada",harmonics_utide_tidetables.txt,1.3,,weg lassen (Zeitfehler)
harmonics_noaa_amtt.txt,"Lepreau Harbour, Canada",ectt-573,0ac4263,,ohne Log,2.61,,,,,,,,,,,kein Massstab (keine Reihe unter 3 km)
harmonics_noaa_amtt.txt,"L' Etang Harbour, Canada",ectt-575,0ac4263,,ohne Log,2.61,Canada_IWLS_NB/00042_Blacks_Harbour_wlp.csv,1.76,6.3,305.4,307.4,-180,"Blacks Harbour, New Brunswick, Canada",harmonics_utide_tidetables.txt,1.6,,weg lassen (Zeitfehler)
harmonics_noaa_amtt.txt,"North Head, Grand Manan Island, Canada",ectt-577,0ac4263,,ohne Log,2.62,Canada_IWLS_NB/00010_North_Head_wlp.csv,0.41,6.38,300.5,302.1,-180,"North Head, New Brunswick, Canada",harmonics_utide_tidetables.txt,2.1,,weg lassen (Zeitfehler)
harmonics_noaa_amtt.txt,"Seal Cove, Grand Manan Island, Canada",ectt-579,0ac4263,,ohne Log,2.7,Canada_IWLS_NB/00001_Outer_Wood_Island_wlp.csv,2.74,4.94,235.1,237.7,-180,"Outer Wood Island, New Brunswick, Canada",harmonics_utide_tidetables.txt,0.7,,weg lassen (Zeitfehler)
harmonics_noaa_amtt.txt,"Outer Wood Island <5>, Canada",ectt-581,0ac4263,,ohne Log,2.76,Canada_IWLS_NB/00001_Outer_Wood_Island_wlp.csv,1.63,4.94,238.4,242.0,-180,"Outer Wood Island, New Brunswick, Canada",harmonics_utide_tidetables.txt,0.7,,weg lassen (Zeitfehler)
harmonics_noaa_amtt.txt,"Back Bay, Letite Harbour <5>, Canada",ectt-589,0ac4263,,ohne Log,2.67,Canada_IWLS_NB/00030_Letite_Harbour_wlp.csv,0.66,6.45,300.2,302.9,-180,"Back Bay (Letite Harbour), New Brunswick, Canada",harmonics-2004-06-14_mod.txt,12.7,,weg lassen (Zeitfehler)
harmonics_noaa_amtt.txt,"Midjik Bluff, Passamaquoddy Bay <5>, Canada",ectt-591,0ac4263,,ohne Log,2.55,,,,,,,,,,,kein Massstab (keine Reihe unter 3 km)
harmonics_noaa_amtt.txt,"Westport Harbor, Massachusetts",ectt-997,0ac4263,,ohne Log,4.67,,,,,,,,,,,kein Massstab (keine Reihe unter 3 km)
harmonics_noaa_amtt.txt,"Sooke, Vancouver Island, Canada",wctt-1299,0ac4263,,ohne Log,,Canada_IWLS_BC/07020_Sooke_wlp.csv,0.62,2.73,91.6,91.6,180,"Sooke, British Columbia, Canada",harmonics_utide_tidetables.txt,1.4,,weg lassen (Zeitfehler)
harmonics_noaa_amtt.txt,"Esquimalt, Vancouver Island, Canada",wctt-1301,0ac4263,,ohne Log,,Canada_IWLS_BC/07110_Esquimalt_Government__Hbr_wlp.csv,0.41,2.66,89.4,89.4,180,"Esquimalt Government Hbr., British Columbia, Canada",harmonics_utide_tidetables.txt,1.3,,weg lassen (Zeitfehler)
harmonics_noaa_amtt.txt,"Cabo Pasado, Ecuador",wctt-275,8e0de19,,ohne Log,1.99,,,,,,,,,,,kein Massstab (keine Reihe unter 3 km)
harmonics_noaa_amtt.txt,"La Tola (Río Cayapas), Ecuador",wctt-277,8e0de19,,ohne Log,2.02,,,,,,,,,,,kein Massstab (keine Reihe unter 3 km)
harmonics_noaa_amtt.txt,"Isla Cébaco, Panama",wctt-331,8e0de19,,ohne Log,2.04,,,,,,,,,,,kein Massstab (keine Reihe unter 3 km)
harmonics_noaa_amtt.txt,"Ireland Island, Bermuda",ectt-4683,63110d2,,ohne Log,7.81,,,,,,,,,,,kein Massstab (keine Reihe unter 3 km)
harmonics_noaa_amtt.txt,"Guinchos Cay, Bahamas",ectt-4689,63110d2,,ohne Log,4.35,,,,,,,,,,,kein Massstab (keine Reihe unter 3 km)
harmonics_noaa_amtt.txt,"Elbow Cay, Cay Sal Bank, Bahamas",ectt-4691,63110d2,,ohne Log,4.37,,,,,,,,,,,kein Massstab (keine Reihe unter 3 km)
harmonics_noaa_amtt.txt,"Fresh Creek, Andros Island, Bahamas",ectt-4693,63110d2,,ohne Log,4.25,,,,,,,,,,,kein Massstab (keine Reihe unter 3 km)
harmonics_noaa_amtt.txt,"North Cat Cay, Bahamas",ectt-4695,63110d2,,ohne Log,4.29,,,,,,,,,,,kein Massstab (keine Reihe unter 3 km)
harmonics_noaa_amtt.txt,"Memory Rock, Bahamas",ectt-4699,63110d2,,ohne Log,4.16,,,,,,,,,,,kein Massstab (keine Reihe unter 3 km)
harmonics_noaa_amtt.txt,"Pelican Harbor, Bahamas",ectt-4703,63110d2,,ohne Log,4.23,,,,,,,,,,,kein Massstab (keine Reihe unter 3 km)
harmonics_noaa_amtt.txt,"Nassau, New Providence Island, Bahamas",ectt-4705,63110d2,,ohne Log,4.23,,,,,,,,,,,kein Massstab (keine Reihe unter 3 km)
harmonics_noaa_amtt.txt,"Eleuthera Island, west coast, Bahamas",ectt-4707,63110d2,,ohne Log,4.32,,,,,,,,,,,kein Massstab (keine Reihe unter 3 km)
harmonics_noaa_amtt.txt,"Eleuthera Island, east coast, Bahamas",ectt-4709,63110d2,,ohne Log,4.17,,,,,,,,,,,kein Massstab (keine Reihe unter 3 km)
harmonics_noaa_amtt.txt,"The Bight, Cat Island, Bahamas",ectt-4711,63110d2,,ohne Log,4.07,,,,,,,,,,,kein Massstab (keine Reihe unter 3 km)
harmonics_noaa_amtt.txt,"Clarence Harbor, Long Island, Bahamas",ectt-4715,63110d2,,ohne Log,4.19,,,,,,,,,,,kein Massstab (keine Reihe unter 3 km)
harmonics_noaa_amtt.txt,"Nurse Channel, Bahamas",ectt-4717,63110d2,,ohne Log,4.36,,,,,,,,,,,kein Massstab (keine Reihe unter 3 km)
harmonics_noaa_amtt.txt,"Datum Bay, Acklin Island, Bahamas",ectt-4719,63110d2,,ohne Log,4.47,,,,,,,,,,,kein Massstab (keine Reihe unter 3 km)
harmonics_noaa_amtt.txt,"Mathew Town, Great Inagua Island, Bahamas",ectt-4721,63110d2,,ohne Log,4.35,,,,,,,,,,,kein Massstab (keine Reihe unter 3 km)
harmonics_noaa_amtt.txt,"Abraham Bay, Mayaguana Island, Bahamas",ectt-4723,63110d2,,ohne Log,4.39,,,,,,,,,,,kein Massstab (keine Reihe unter 3 km)
harmonics_noaa_amtt.txt,"Hawks Nest Anchorage, Turks Islands, Turks and Caicos Islands",ectt-4725,63110d2,,ohne Log,4.31,,,,,,,,,,,kein Massstab (keine Reihe unter 3 km)
harmonics_noaa_amtt.txt,"Bahía de Nuevitas entrance, Cuba",ectt-4729,63110d2,,ohne Log,2.81,,,,,,,,,,,kein Massstab (keine Reihe unter 3 km)
harmonics_noaa_amtt.txt,"Bahía de Levisa entrance, Cuba",ectt-4741,63110d2,,ohne Log,2.85,,,,,,,,,,,kein Massstab (keine Reihe unter 3 km)
harmonics_noaa_amtt.txt,"Sagua de Tánamo, Bahía de, Cuba",ectt-4743,63110d2,,ohne Log,2.85,,,,,,,,,,,kein Massstab (keine Reihe unter 3 km)
harmonics_noaa_amtt.txt,"Cabo San Antonio, Cuba",ectt-4769,63110d2,,ohne Log,7.43,,,,,,,,,,,kein Massstab (keine Reihe unter 3 km)
harmonics_noaa_amtt.txt,"Puerto Cayo, Ecuador",wctt-269,7a7ed8e,,ohne Log,2.07,,,,,,,,,,,kein Massstab (keine Reihe unter 3 km)
harmonics_noaa_amtt.txt,"Isla Santa María, Ecuador",wctt-283,7a7ed8e,,ohne Log,1.72,,,,,,,,,,,kein Massstab (keine Reihe unter 3 km)
harmonics_noaa_amtt.txt,"Bahía Isabela, Isla Isabela, Ecuador",wctt-285,7a7ed8e,,ohne Log,1.75,,,,,,,,,,,kein Massstab (keine Reihe unter 3 km)
harmonics_noaa_amtt.txt,"Caleta Tagus, Isla Isabela, Ecuador",wctt-287,7a7ed8e,,ohne Log,1.74,,,,,,,,,,,kein Massstab (keine Reihe unter 3 km)
harmonics_noaa_amtt.txt,"Bahía de Perry, Isla Isabela, Ecuador",wctt-289,7a7ed8e,,ohne Log,1.73,,,,,,,,,,,kein Massstab (keine Reihe unter 3 km)
harmonics_noaa_amtt.txt,"Bahía de Darwin, Isla Genovesa, Ecuador",wctt-293,7a7ed8e,,ohne Log,1.73,,,,,,,,,,,kein Massstab (keine Reihe unter 3 km)
harmonics_noaa_amtt.txt,"Bahía Piña, Panama",wctt-313,7a7ed8e,,ohne Log,2.05,,,,,,,,,,,kein Massstab (keine Reihe unter 3 km)
harmonics_noaa_amtt.txt,"Punta Garachiné, Panama",wctt-315,7a7ed8e,,ohne Log,2.04,,,,,,,,,,,kein Massstab (keine Reihe unter 3 km)
harmonics_noaa_amtt.txt,"Isla del Rey, Panama",wctt-317,7a7ed8e,,ohne Log,2.04,,,,,,,,,,,kein Massstab (keine Reihe unter 3 km)
harmonics_noaa_amtt.txt,"Río Chepo, Panama",wctt-319,7a7ed8e,,ohne Log,2.03,,,,,,,,,,,kein Massstab (keine Reihe unter 3 km)
harmonics_noaa_amtt.txt,"Taboga, Panama",wctt-325,7a7ed8e,,ohne Log,2.03,,,,,,,,,,,kein Massstab (keine Reihe unter 3 km)
harmonics_noaa_amtt.txt,"Bahía de Chame, Panama",wctt-327,7a7ed8e,,ohne Log,2.03,,,,,,,,,,,kein Massstab (keine Reihe unter 3 km)
harmonics_noaa_amtt.txt,"Punta Mala, Panama",wctt-329,7a7ed8e,,ohne Log,2.03,,,,,,,,,,,kein Massstab (keine Reihe unter 3 km)
harmonics_noaa_amtt.txt,"Bahía Honda, Panama",wctt-333,7a7ed8e,,ohne Log,2.04,,,,,,,,,,,kein Massstab (keine Reihe unter 3 km)
harmonics_noaa_amtt.txt,"Isla Parida, Panama",wctt-335,7a7ed8e,,ohne Log,1.88,,,,,,,,,,,kein Massstab (keine Reihe unter 3 km)
harmonics_noaa_amtt.txt,"Bahía Uvita, Costa Rica",wctt-341,7a7ed8e,,ohne Log,2.25,,,,,,,,,,,kein Massstab (keine Reihe unter 3 km)
harmonics_noaa_amtt.txt,"Puerto Herradura, Costa Rica",wctt-345,7a7ed8e,,ohne Log,2.24,,,,,,,,,,,kein Massstab (keine Reihe unter 3 km)
harmonics_noaa_amtt.txt,"Bahía de Culebra, Costa Rica",wctt-349,7a7ed8e,,ohne Log,2.18,,,,,,,,,,,kein Massstab (keine Reihe unter 3 km)
harmonics_noaa_amtt.txt,"Golfo Elena, Costa Rica",wctt-351,7a7ed8e,,ohne Log,2.11,,,,,,,,,,,kein Massstab (keine Reihe unter 3 km)
harmonics_noaa_amtt.txt,"Puerto Somoza, Nicaragua",wctt-355,7a7ed8e,,ohne Log,2.27,,,,,,,,,,,kein Massstab (keine Reihe unter 3 km)
harmonics_noaa_amtt.txt,"San Juan del Sur, Costa Rica",wctt-357,7a7ed8e,,ohne Log,2.02,,,,,,,,,,,kein Massstab (keine Reihe unter 3 km)
harmonics_noaa_amtt.txt,"Amapala, El Salvador",wctt-361,7a7ed8e,,ohne Log,2.0,,,,,,,,,,,kein Massstab (keine Reihe unter 3 km)
harmonics_noaa_amtt.txt,"Puerto Vallarta, Mexico",wctt-381,7a7ed8e,,ohne Log,4.04,,,,,,,,,,,kein Massstab (keine Reihe unter 3 km)
harmonics_noaa_amtt.txt,"Isla Guadalupe, Mexico",wctt-401,7a7ed8e,,ohne Log,4.72,,,,,,,,,,,kein Massstab (keine Reihe unter 3 km)
harmonics_noaa_cptt.txt,"Nha Trang, Baie de, Vietnam",1635,8218ec8,handentscheidung_20260911_loeschen.csv,Dublette/Guete,,,,,,,,,,,,kein Massstab (keine Reihe unter 3 km)
harmonics_noaa_cptt.txt,"Cam Ranh Bay, Vietnam",1637,fa4d2eb,handentscheidung_20260911_loeschen.csv,Dublette/Guete,,,,,,,,,,,,kein Massstab (keine Reihe unter 3 km)
harmonics_noaa_cptt.txt,"Sibolga, Sibolga Bay, Sumatra, Indonesia",1849,1071671,sibolga_loeschen_20260911.csv,Dublette/Guete,1.7,Indonesia_UHSLC/122_Sibolga.csv,0.03,0.0,4.0,3.3,-180,"Sibolga, Indonesia",harmonics_att_np203_scs.txt,1.9,,weg lassen (Zeitfehler)
harmonics_noaa_cptt.txt,"Choshi Ko (inside), Chiba, Japan",477,7781839,dubletten_loeschen_20260910.csv,Dublette/Guete,2.45,JMA_Japan_2026/CS.txt,2.6,1.48,14.2,12.8,15,"Choshi Gyoko, Chiba, Japan",harmonics_utide_observations.txt,0.8,,weg lassen (heutiger Satz besser)
harmonics_noaa_cptt.txt,"Isakimachi, Yamaguchi, Japan",747,7781839,dubletten_loeschen_20260910.csv,Dublette/Guete,2.11,JMA_Japan_2026/A1.txt,2.98,2.09,18.4,17.6,0,"Deshimatsu, Yamaguchi, Japan",harmonics_utide_observations.txt,1.2,,weg lassen (heutiger Satz besser)
harmonics_noaa_cptt.txt,"Hamada Ko (Tono Ura entrance), Shimane, Japan",769,7781839,dubletten_loeschen_20260910.csv,Dublette/Guete,4.61,JMA_Japan_2026/HA.txt,2.17,0.73,15.1,14.9,-30,"Hamada, Shimane, Japan",harmonics_utide_observations.txt,0.8,,weg lassen (Zeitfehler)
harmonics_noaa_cptt.txt,"Taio Hae Bay, Nuku Hiva Island, French Polynesia",2819,7781839,dubletten_loeschen_20260910.csv,Dublette/Guete,3.67,France_SHOM/shom_raw/TAIOHAE_SHOM.csv,1.85,1.26,12.7,12.4,15,"Taioha'e, Nuku Hiva, Marquesas Islands, French Polynesia",harmonics_ticon4_worldwide.txt,1.2,,weg lassen (heutiger Satz besser)
harmonics_noaa_cptt.txt,"Canton Island, Kiribati",2907,7781839,dubletten_loeschen_20260910.csv,Dublette/Guete,3.79,,,,,,,,,,,kein Massstab (keine Reihe unter 3 km)
harmonics_noaa_cptt.txt,"Espiritu Santo Island, Pekoa Chan, Vanuatu",3083,7781839,dubletten_loeschen_20260910.csv,Dublette/Guete,1.77,,,,,,,,,,,kein Massstab (keine Reihe unter 3 km)
harmonics_noaa_cptt.txt,"Port Refuge, Cocos Islands, Western Australia, Australia",3945,a2a2f0e,handentscheidung_20260909_loeschen.csv,Dublette/Guete,1.57,,,,,,,,,,,kein Massstab (keine Reihe unter 3 km)
harmonics_noaa_cptt.txt,"Futami Ko, Ogasawara Gunto, Tokyo, Japan",559,784bf4d,,ohne Log,2.93,JMA_Japan_2026/CC.txt,1.63,1.19,5.8,5.0,0,"Chichijima (Futami Ko), Tokyo, Japan",harmonics_utide_observations.txt,1.3,,weg lassen (heutiger Satz besser)
harmonics_noaa_cptt.txt,"Himeji (Shikama), Hyogo, Japan",625,784bf4d,dubletten_20260909_loeschen.csv,Dublette/Guete,3.96,JMA_Japan_2026/K1.txt,1.52,1.68,8.9,7.7,-15,"Himeji (Shikama), Hyogo, Japan",harmonics_utide_observations.txt,1.3,,weg lassen (heutiger Satz besser)
harmonics_noaa_cptt.txt,"Melbourne (Williamstown), Victoria, Australia",3299,784bf4d,dubletten_20260909_loeschen.csv,Dublette/Guete,6.53,,,,,,,,,,,kein Massstab (keine Reihe unter 3 km)
harmonics_noaa_cptt.txt,"Portland, Victoria, Australia",3307,784bf4d,dubletten_20260909_loeschen.csv,Dublette/Guete,1.44,Australia_UHSLC/129_Portland.csv,0.84,1.22,21.3,20.9,-30,"Portland, Victoria, Australia",harmonics_utide_observations.txt,11.8,ja,weg lassen (Zeitfehler)
harmonics_noaa_cptt.txt,"Kaminato (Hachijo-jima), Tokyo, Japan",553,d8d446a,dubletten_20260907_loeschen.csv,Dublette/Guete,2.43,JMA_Japan_2026/QQ.txt,0.0,1.48,9.9,7.2,-15,"Kaminato (Hachijo-jima), Tokyo, Japan",harmonics_utide_observations.txt,4.6,,weg lassen (heutiger Satz besser)
harmonics_noaa_cptt.txt,"Kannoura, Kochi, Japan",567,d8d446a,dubletten_20260907_loeschen.csv,Dublette/Guete,2.07,JMA_Japan_2026/L7.txt,0.0,1.88,15.8,13.0,0,"Kannoura, Kochi, Japan",harmonics_utide_observations.txt,0.5,,weg lassen (heutiger Satz besser)
harmonics_noaa_cptt.txt,"Shimotsu, Wakayama, Japan",577,d8d446a,dubletten_20260907_loeschen.csv,Dublette/Guete,3.03,JMA_Japan_2026/H1.txt,0.17,1.89,11.0,11.1,0,"Shimotsu, Wakayama, Japan",harmonics_utide_observations.txt,0.5,,weg lassen (heutiger Satz besser)
harmonics_noaa_cptt.txt,"Tachibana, Tokushima, Japan",581,d8d446a,dubletten_20260907_loeschen.csv,Dublette/Guete,2.72,JMA_Japan/J6.txt,1.54,1.87,14.2,10.6,0,"Tachibana, Tokushima, Japan",harmonics_utide_observations.txt,0.5,ja,weg lassen (heutiger Satz besser)
harmonics_noaa_cptt.txt,"Ei (Awaji-shima), Hyogo, Japan",603,d8d446a,dubletten_20260907_loeschen.csv,Dublette/Guete,10.74,JMA_Japan_2026/EI.txt,0.41,1.58,9.5,9.5,0,"Ei (Awaji-shima), Hyogo, Japan",harmonics_utide_observations.txt,1.3,,weg lassen (heutiger Satz besser)
harmonics_noaa_cptt.txt,"Imabari, Ehime, Japan",663,d8d446a,dubletten_20260907_loeschen.csv,Dublette/Guete,2.33,JMA_Japan_2026/L0.txt,0.56,3.25,20.9,16.2,0,"Imabari, Ehime, Japan",harmonics_utide_observations.txt,1.5,,weg lassen (heutiger Satz besser)
harmonics_noaa_cptt.txt,"Hofu (Mitajiri), Yamaguchi, Japan",737,d8d446a,dubletten_20260907_loeschen.csv,Dublette/Guete,2.39,JMA_Japan_2026/J9.txt,0.47,3.18,21.0,15.1,0,"Hofu (Mitajiri), Yamaguchi, Japan",harmonics_utide_observations.txt,1.0,,weg lassen (heutiger Satz besser)
harmonics_noaa_cptt.txt,"Surabaya (Tanjung Perak), Indonesia",1881,d8d446a,dubletten_20260907_loeschen.csv,Dublette/Guete,,Indonesia_UHSLC/160_Surabaya.csv,1.33,2.24,21.6,21.6,15,"Surabaya, Java, Indonesia",harmonics_utide_observations.txt,11.6,ja,weg lassen (heutiger Satz besser)
harmonics_noaa_cptt.txt,"Lahad Datu (Darvel Bay), Malaysia",1981,d8d446a,dubletten_20260907_loeschen.csv,Dublette/Guete,1.85,Malaysia_PHN/lahaddatu.csv,0.0,2.02,16.4,12.3,-15,"Lahad Datu (Darvel Bay), Malaysia",harmonics_att_np203_scs.txt,9.2,,weg lassen (heutiger Satz besser)
harmonics_noaa_cptt.txt,"Semporna, Malaysia",1983,d8d446a,dubletten_20260907_loeschen.csv,Dublette/Guete,1.97,Malaysia_PHN/semporna.csv,0.0,1.98,14.0,9.3,0,"Semporna, Malaysia",harmonics_att_np203_scs.txt,9.2,,gleichauf (heutiger Satz genuegt)
harmonics_noaa_cptt.txt,"Kuala Baram, Malaysia",2057,d8d446a,dubletten_20260907_loeschen.csv,Dublette/Guete,,Malaysia_PHN/baram.csv,0.0,2.23,17.1,17.1,-15,"Kuala Baram, Malaysia",harmonics-1997-05-25_mod.txt,12.7,,weg lassen (heutiger Satz besser)
harmonics_noaa_cptt.txt,"Taiaroa Head, New Zealand",2927,d8d446a,dubletten_20260907_loeschen.csv,Dublette/Guete,2.29,,,,,,,,,,,kein Massstab (Reihe zu kurz)
harmonics_noaa_cptt.txt,"Victoria Harbor, Labuan Island, Malaysia",2063,93e55cb,,ohne Log,,Malaysia_PHN/labuan.csv,1.85,2.14,14.6,14.6,0,"Bandar Victoria (Labuan), Malaysia",harmonics_utide_tidetables.txt,5.5,,weg lassen (heutiger Satz besser)
harmonics_noaa_cptt.txt,"Aburatsubo, Kanagawa, Japan",499,29a2e2d,,ohne Log,2.37,JMA_Japan/Z1.txt,1.12,1.53,8.8,4.4,0,"Aburatsubo, Kanagawa, Japan",harmonics_utide_observations.txt,1.2,ja,weg lassen (heutiger Satz besser)
harmonics_noaa_cptt.txt,"Lyttelton, Canterbury, New Zealand",2993,29a2e2d,,ohne Log,7.46,New_Zealand_UHSLC/667_Lyttelton.csv,1.3,2.23,17.4,19.8,15,"Lyttelton, Canterbury, New Zealand",harmonics_utide_observations.txt,11.8,ja,weg lassen (heutiger Satz besser)
harmonics_noaa_cptt.txt,"Qui Nhon, Vietnam",1627,73f1774,chile_vietnam_loeschen.csv,Dublette/Guete,,VN_icoe/QUYNHON.csv,1.85,1.73,14.8,14.8,15,,,,,zurueckholen? (kein heutiger Satz am Ort)
harmonics_noaa_cptt.txt,"Deep Cove, Southland, New Zealand",2947,869893c,,ohne Log,2.44,,,,,,,,,,,kein Massstab (Reihe zu kurz)
harmonics_noaa_cptt.txt,"Milford Sound, Southland, New Zealand",2951,869893c,,ohne Log,2.58,,,,,,,,,,,kein Massstab (Reihe zu kurz)
harmonics_noaa_cptt.txt,"Oueen Charlotte Sound entrance, Wellington, New Zealand",2985,869893c,,ohne Log,3.02,,,,,,,,,,,kein Massstab (Reihe zu kurz)
harmonics_noaa_cptt.txt,"Picton, Oueen Charlotte Sound, Nelson, New Zealand",2987,869893c,,ohne Log,3.07,,,,,,,,,,,kein Massstab (Reihe zu kurz)
harmonics_noaa_cptt.txt,"Raglan, Auckland, New Zealand",3019,869893c,,ohne Log,2.87,,,,,,,,,,,kein Massstab (Reihe zu kurz)
harmonics_noaa_cptt.txt,"Manukau Harbor entrance, Auckland, New Zealand",3023,869893c,,ohne Log,2.78,,,,,,,,,,,kein Massstab (Reihe zu kurz)
harmonics_noaa_cptt.txt,"Onehunga, Manukau Harbor, Auckland, New Zealand",3027,869893c,,ohne Log,2.78,,,,,,,,,,,kein Massstab (Reihe zu kurz)
harmonics_noaa_cptt.txt,"Pouto Point, Kaipara Harbor, Northland, New Zealand",3029,869893c,,ohne Log,2.83,,,,,,,,,,,kein Massstab (Reihe zu kurz)
harmonics_noaa_cptt.txt,"Trengganu, Indonesia",1701,ddb7863,,ohne Log,,Malaysia_PHN/kuala_terengganu.csv,2.6,2.22,22.3,22.3,-15,"Kuala Terengganu, Malaysia",harmonics_utide_tidetables.txt,8.4,,weg lassen (heutiger Satz besser)
harmonics_noaa_cptt.txt,"Miri, Indonesia",2055,ddb7863,,ohne Log,,Malaysia_PHN/miri.csv,0.0,1.96,12.4,12.4,30,"Miri, Malaysia",harmonics_ticon4_worldwide.txt,3.1,,weg lassen (Zeitfehler)
harmonics_noaa_cptt.txt,"Kota Kinabalu, Malaysia",2067,ddb7863,,ohne Log,,Malaysia_PHN/kota_kinabalu.csv,0.0,1.95,10.8,10.8,0,"Kota Kinabalu, Malaysia",harmonics_ticon4_worldwide.txt,2.8,,weg lassen (heutiger Satz besser)
harmonics_noaa_cptt.txt,"Sandakan, Malaysia",2075,ddb7863,,ohne Log,,Malaysia_PHN/sandakan.csv,0.0,2.34,22.3,22.3,-15,"Bandar Sandakan, Malaysia",harmonics_att_np203_scs.txt,11.1,,weg lassen (heutiger Satz besser)
harmonics_noaa_cptt.txt,"Sabang Bay, Poelau We, Sumatra, Indonesia",1723,d72d2e8,,ohne Log,1.79,Indonesia_UHSLC/123_Sabang.csv,0.51,1.73,15.2,14.6,-30,"Sabang (Pulau Weh), Indonesia",harmonics_utide_observations.txt,7.9,ja,weg lassen (Zeitfehler)
harmonics_noaa_cptt.txt,"Timaru, Canterbury, New Zealand",2923,d72d2e8,,ohne Log,2.25,New_Zealand_UHSLC/665_Timaru.csv,0.82,2.08,18.9,18.8,-15,"Timaru, Canterbury, New Zealand",harmonics_utide_observations.txt,12.1,ja,weg lassen (heutiger Satz besser)
harmonics_noaa_cptt.txt,"Cooktown, Queensland, Australia",3183,d72d2e8,,ohne Log,4.31,Australia_QLD/npz/Cooktown.npz,0.37,2.42,18.4,30.5,15,"Cooktown, Queensland, Australia",harmonics_utide_observations.txt,8.3,,weg lassen (heutiger Satz besser)
harmonics_noaa_cptt.txt,"Cairns, Queensland, Australia",3187,d72d2e8,,ohne Log,4.06,Australia_QLD/npz/Cairns.npz,1.46,2.58,19.5,26.2,0,"Cairns, Queensland, Australia",harmonics_utide_observations.txt,7.9,,weg lassen (heutiger Satz besser)
harmonics_noaa_cptt.txt,"Bowen, Queensland, Australia",3201,d72d2e8,,ohne Log,3.31,Australia_QLD/npz/Bowen.npz,0.37,2.86,20.1,20.6,0,"Bowen, Queensland, Australia",harmonics_utide_observations.txt,8.6,,weg lassen (heutiger Satz besser)
harmonics_noaa_cptt.txt,"MacKay, Queensland, Queensland, Australia",3215,d72d2e8,,ohne Log,3.23,Australia_QLD/npz/Mackay.npz,2.31,5.27,43.5,38.4,0,"Mackay Outer Harbour, Queensland, Australia",harmonics_utide_observations.txt,10.6,,weg lassen (heutiger Satz besser)
harmonics_noaa_cptt.txt,"Urangan Jetty, Queensland, Australia",3239,d72d2e8,,ohne Log,3.49,Australia_QLD/npz/Urangan.npz,1.0,3.25,25.3,22.7,0,"Urangan, Queensland, Australia",harmonics_utide_observations.txt,8.1,,weg lassen (heutiger Satz besser)
harmonics_noaa_cptt.txt,"Port Kembla, New South Wales, Australia",3263,d72d2e8,,ohne Log,2.87,Australia_BOM/npz/Port_Kembla.npz,1.6,1.67,11.8,9.9,0,"Port Kembla, New South Wales, Australia",harmonics_utide_observations.txt,8.7,,weg lassen (heutiger Satz besser)
harmonics_noaa_cptt.txt,"Rausu Hakuchi, Hokkaido, Japan",369,222d3a6,,ohne Log,2.46,JMA_Japan_2026/A6.txt,0.0,1.2,16.2,15.8,-45,"Rausu, Hokkaido, Japan",harmonics_utide_observations.txt,0.5,,weg lassen (Zeitfehler)
harmonics_noaa_cptt.txt,"Hanasaki, Hokkaido, Japan",373,222d3a6,,ohne Log,2.26,JMA_Japan_2026/HN.txt,1.38,1.47,11.4,9.7,15,"Hanasaki, Hokkaido, Japan",harmonics_utide_observations.txt,1.1,,weg lassen (heutiger Satz besser)
harmonics_noaa_cptt.txt,"Esashi Byochi, Hokkaido, Japan",431,222d3a6,,ohne Log,,JMA_Japan_2026/KE.txt,0.75,1.05,8.7,8.7,30,"Esashi, Hokkaido, Japan",harmonics_utide_observations.txt,1.4,,weg lassen (Zeitfehler)
harmonics_noaa_cptt.txt,"Oma, Aomori, Japan",451,222d3a6,,ohne Log,2.47,JMA_Japan/B4.txt,0.76,0.9,10.7,10.0,-15,"Oma, Aomori, Japan",harmonics_utide_observations.txt,0.4,ja,weg lassen (heutiger Satz besser)
harmonics_noaa_cptt.txt,"Chiba, Chiba, Japan",497,222d3a6,,ohne Log,2.41,JMA_Japan/CB.txt,1.92,1.93,13.5,8.7,0,"Chibaminato, Chiba, Japan",harmonics_utide_observations.txt,0.6,ja,weg lassen (heutiger Satz besser)
harmonics_noaa_cptt.txt,"Shimizu Ko, Shizuoka, Japan",513,222d3a6,,ohne Log,2.73,JMA_Japan_2026/SM.txt,2.06,1.59,9.7,7.2,0,"Miho (Shimizu), Shizuoka, Japan",harmonics_utide_observations.txt,1.2,,weg lassen (heutiger Satz besser)
harmonics_noaa_cptt.txt,"Nagoya Ko, Iseno Umi, Aichi, Japan",521,222d3a6,,ohne Log,2.85,Japan_JHOD/prediction2317_2026/prediction2317_202601.txt,0.0,2.4,22.3,20.5,0,"Nagoya, Aichi, Japan",harmonics_utide_observations.txt,0.9,,weg lassen (heutiger Satz besser)
harmonics_noaa_cptt.txt,"Yokkaichi Ko, Iseno Umi, Mie, Japan",523,222d3a6,,ohne Log,2.79,JMA_Japan_2026/G3.txt,0.03,2.37,20.8,15.9,0,"Yokkaichi Minato, Mie, Japan",harmonics_utide_observations.txt,1.1,,weg lassen (heutiger Satz besser)
harmonics_noaa_cptt.txt,"Toba Ko, Mie, Japan",527,222d3a6,,ohne Log,2.86,JMA_Japan/TB.txt,2.33,2.07,15.6,11.6,0,"Toba, Mie, Japan",harmonics_utide_observations.txt,1.1,ja,weg lassen (heutiger Satz besser)
harmonics_noaa_cptt.txt,"Takamatsu Ko, Kagawa, Japan",641,222d3a6,,ohne Log,2.14,JMA_Japan/TA.txt,2.18,2.41,20.9,18.6,0,"Takamatsu, Kagawa, Japan",harmonics_utide_observations.txt,1.4,ja,weg lassen (heutiger Satz besser)
harmonics_noaa_cptt.txt,"Sukumo Ko, Kochi, Japan",723,222d3a6,,ohne Log,2.12,JMA_Japan/SU.txt,1.85,2.04,17.8,15.0,0,"Henshima, Kochi, Japan",harmonics_utide_observations.txt,0.9,ja,weg lassen (heutiger Satz besser)
harmonics_noaa_cptt.txt,"Shimonoseki, Honshu, Yamaguchi, Japan",745,222d3a6,,ohne Log,2.04,JMA_Japan_2026/MO.txt,2.49,2.3,19.7,17.7,0,"Moji, Fukuoka, Japan",harmonics_utide_observations.txt,1.4,,weg lassen (heutiger Satz besser)
harmonics_noaa_cptt.txt,"Tanokubi, Yamaguchi, Japan",751,222d3a6,,ohne Log,2.14,JMA_Japan/TI.txt,0.41,1.7,17.3,17.7,0,"Tanokubi, Yamaguchi, Japan",harmonics_utide_observations.txt,1.5,ja,weg lassen (heutiger Satz besser)
harmonics_noaa_cptt.txt,"Haidomari, Yamaguchi, Japan",753,222d3a6,,ohne Log,2.15,JMA_Japan_2026/HR.txt,0.61,1.49,17.9,17.7,-15,"Haedomari, Yamaguchi, Japan",harmonics_utide_observations.txt,1.1,,weg lassen (heutiger Satz besser)
harmonics_noaa_cptt.txt,"Hagi Ko, Yamaguchi, Japan",765,222d3a6,,ohne Log,5.29,JMA_Japan_2026/K5.txt,0.49,0.93,14.5,14.4,15,"Hagi, Yamaguchi, Japan",harmonics_utide_observations.txt,0.4,,weg lassen (heutiger Satz besser)
harmonics_noaa_cptt.txt,"Hososhima, Miyazaki, Japan",823,222d3a6,,ohne Log,2.09,JMA_Japan/Z6.txt,0.58,1.94,16.1,13.2,15,"Hososhima (Hyuga), Miyazaki, Japan",harmonics_utide_observations.txt,1.2,ja,weg lassen (heutiger Satz besser)
harmonics_noaa_cptt.txt,"Misumi Ko, Misumi No Seto, Kumamoto, Japan",853,222d3a6,,ohne Log,2.13,JMA_Japan_2026/MS.txt,0.72,3.9,31.5,23.7,0,"Misumi, Kumamoto, Japan",harmonics_utide_observations.txt,1.7,,weg lassen (heutiger Satz besser)
harmonics_noaa_cptt.txt,"Miike Ko, Shimabara Kaiwan, Fukuoka, Japan",865,222d3a6,,ohne Log,2.19,JMA_Japan_2026/O6.txt,0.35,4.69,42.0,32.9,0,"Miike (Omuta), Fukuoka, Japan",harmonics_utide_observations.txt,2.2,,weg lassen (heutiger Satz besser)
harmonics_noaa_cptt.txt,"Nagasaki Ko, Nagasaki, Japan",871,222d3a6,,ohne Log,2.19,JMA_Japan/KO.txt,1.53,2.92,20.3,13.4,0,"Nagasaki (Matsugae), Nagasaki, Japan",harmonics_utide_observations.txt,1.1,,weg lassen (heutiger Satz besser)
harmonics_noaa_cptt.txt,"Fukaye, Fukaye Jima, Nagasaki, Japan",893,222d3a6,,ohne Log,2.13,JMA_Japan_2026/FE.txt,0.44,2.8,22.5,18.6,15,"Fukue (Fukue-jima), Nagasaki, Japan",harmonics_utide_observations.txt,1.0,,weg lassen (heutiger Satz besser)
harmonics_noaa_cptt.txt,"Ajiro, Nishitomari Wan, Nagasaki, Japan",923,222d3a6,,ohne Log,2.22,JMA_Japan/N5.txt,0.76,1.23,16.0,15.8,-15,"Tsushimahitakatsu, Nagasaki, Japan",harmonics_utide_observations.txt,1.0,ja,weg lassen (heutiger Satz besser)
harmonics_noaa_cptt.txt,"Ishigaki, Ishigaki Shima, Okinawa, Japan",981,222d3a6,,ohne Log,2.04,Japan_JHOD/prediction4715_2026/prediction4715_202601.txt,0.01,1.84,15.5,13.1,0,"Ishigaki, Okinawa, Japan",harmonics_utide_observations.txt,1.5,,weg lassen (heutiger Satz besser)
harmonics_noaa_cptt.txt,"Tjilatjap, Java, Indonesia",1899,222d3a6,,ohne Log,1.75,Indonesia_UHSLC/162_Cilacap.csv,2.8,1.84,21.1,19.8,15,"Cilacap, Java, Indonesia",harmonics_ticon4_worldwide.txt,9.9,ja,weg lassen (heutiger Satz besser)
harmonics_noaa_cptt.txt,"Benoa, Bali, Indonesia",1907,222d3a6,,ohne Log,1.73,Indonesia_UHSLC/163_Benoa.csv,0.92,2.52,27.6,24.8,15,"Benoa, Bali, Indonesia",harmonics_utide_observations.txt,8.7,ja,weg lassen (heutiger Satz besser)
harmonics_noaa_cptt.txt,"Labuan, Tring Bay, Lombok, Indonesia",1913,222d3a6,,ohne Log,,Indonesia_UHSLC/419_Lembar.csv,2.89,1.92,18.7,18.7,15,"Lembar, Lombok, Indonesia",harmonics_utide_observations.txt,6.7,ja,weg lassen (heutiger Satz besser)
harmonics_noaa_cptt.txt,"Lembeh Strait, Sulawesi, Indonesia",1971,222d3a6,,ohne Log,2.27,Indonesia_UHSLC/33_Bitung.csv,1.65,1.5,13.5,15.5,15,"Bitung (Lembeh Strait), Sulawesi, Indonesia",harmonics_utide_observations.txt,3.9,ja,weg lassen (heutiger Satz besser)
harmonics_noaa_cptt.txt,"Mangareva Island, Gambier Islands",2823,222d3a6,,ohne Log,3.68,France_SHOM/shom_raw/RIKITEA.csv,1.85,0.79,8.7,7.1,-15,"Rikitea, Mangareva, Gambier Islands",harmonics_ticon4_worldwide.txt,1.2,,weg lassen (heutiger Satz besser)
harmonics_noaa_cptt.txt,"Fakaofo Island, Tokelau",2851,222d3a6,,ohne Log,3.72,,,,,,,,,,,kein Massstab (keine Reihe unter 3 km)
harmonics_noaa_cptt.txt,"Bluff, Southland, New Zealand",2937,222d3a6,,ohne Log,2.67,New_Zealand_UHSLC/72_Bluff.csv,0.96,2.42,20.6,20.3,0,"Bluff, Southland, New Zealand",harmonics-2004-06-14_mod.txt,14.5,,weg lassen (heutiger Satz besser)
harmonics_noaa_cptt.txt,"Jackson's Bay, Canterbury, New Zealand",2953,222d3a6,,ohne Log,2.66,New_Zealand_UHSLC/403_Jackson_Bay.csv,1.17,2.33,20.6,19.9,15,"Jackson Bay, New Zealand",harmonics_utide_observations.txt,12.3,ja,weg lassen (heutiger Satz besser)
harmonics_noaa_cptt.txt,"Westport, Nelson, New Zealand",2965,222d3a6,,ohne Log,2.84,New_Zealand_UHSLC/74_Westport.csv,1.44,3.21,24.3,24.2,15,"Westport, New Zealand",harmonics_utide_observations.txt,12.8,ja,weg lassen (heutiger Satz besser)
harmonics_noaa_cptt.txt,"Nelson, Nelson, New Zealand",2973,222d3a6,,ohne Log,2.92,,,,,,,,,,,kein Massstab (Reihe zu kurz)
harmonics_noaa_cptt.txt,"Gisborne, Gisborne, New Zealand",2995,222d3a6,,ohne Log,7.69,New_Zealand_UHSLC/78_Gisborne.csv,0.04,1.69,14.3,16.9,15,"Gisborne, Gisborne, New Zealand",harmonics_utide_observations.txt,10.2,ja,weg lassen (heutiger Satz besser)
harmonics_noaa_cptt.txt,"Port Taranaki, Taranaki, New Zealand",3013,222d3a6,,ohne Log,2.84,New_Zealand_UHSLC/76_Taranaki.csv,1.17,3.28,25.0,23.5,0,"Taranaki, Taranaki, New Zealand",harmonics_utide_observations.txt,10.8,ja,weg lassen (heutiger Satz besser)
harmonics_noaa_cptt.txt,"Lord Howe Island, Tasman Sea, Australia",3249,222d3a6,,ohne Log,3.49,Australia_UHSLC/399_Lord_Howe_Island.csv,1.35,1.87,16.1,15.2,15,"Lord Howe Island, Tasman Sea, Australia",harmonics_ticon4_worldwide.txt,12.5,,weg lassen (heutiger Satz besser)
harmonics_noaa_cptt.txt,"Hobart, Tasmania, Australia",3281,222d3a6,,ohne Log,0.5,Australia_UHSLC/339_Hobart.csv,0.95,1.39,16.4,16.3,30,"Hobart, Tasmania, Australia",harmonics_utide_observations.txt,12.3,ja,weg lassen (Zeitfehler)
harmonics_noaa_cptt.txt,"Fremantle, Swan River entrance, Western Australia, Australia",3343,222d3a6,,ohne Log,,Australia_UHSLC/175_Fremantle.csv,1.6,1.02,17.2,17.2,15,"Fremantle, Western Australia, Australia",harmonics_utide_observations.txt,13.3,ja,weg lassen (heutiger Satz besser)
harmonics_noaa_cptt.txt,"Cox's Bazar, Bangladesh",3461,222d3a6,,ohne Log,1.42,IndianOcean_UHSLC_BD_MM_MG_MZ/136_Coxs_Bazaar.csv,0.0,3.55,41.8,40.4,-15,"Cox's Bazaar, Bangladesh",harmonics_utide_observations.txt,24.5,ja,weg lassen (heutiger Satz besser)
harmonics_noaa_cptt.txt,"Mormugao, Goa, India",3531,222d3a6,,ohne Log,2.25,India_IOC/marm_marmagao.csv,0.0,2.26,18.6,16.8,30,"Mormugao, Goa, India",harmonics-1997-05-25_mod.txt,8.9,,weg lassen (Zeitfehler)
harmonics_noaa_cptt.txt,"Zanzibar City, Tanzania",3853,222d3a6,,ohne Log,1.65,EastAfrica_UHSLC_TZ_KE/151_Zanzibar.csv,0.0,3.99,23.0,20.6,-15,"Zanzibar City, Tanzania",harmonics_utide_observations.txt,4.5,ja,weg lassen (heutiger Satz besser)
harmonics_noaa_cptt.txt,"Inhambane (Rio Matumba.), Mozambique",3885,222d3a6,,ohne Log,1.48,IndianOcean_UHSLC_BD_MM_MG_MZ/900_Inhambane.csv,0.02,2.97,21.1,16.9,0,"Inhambane (Rio Matumba.), Mozambique",harmonics_ticon4_worldwide.txt,9.2,ja,weg lassen (heutiger Satz besser)
harmonics_noaa_cptt.txt,"Maputo, Mozambique",3889,222d3a6,,ohne Log,1.52,IndianOcean_UHSLC_BD_MM_MG_MZ/190_Maputo.csv,0.01,3.15,21.6,15.9,0,"Maputo, Mozambique",harmonics_utide_observations.txt,11.1,ja,weg lassen (heutiger Satz besser)
harmonics_noaa_cptt.txt,"Toamasina (Tamatave), Madagascar",3913,222d3a6,,ohne Log,1.7,France_SHOM/shom_raw/TOAMASINA.csv,0.01,0.73,7.9,8.4,15,"Toamasina (Tamatave), Madagascar",harmonics-1997-05-25_mod.txt,2.5,,weg lassen (heutiger Satz besser)
harmonics_noaa_cptt.txt,"Toliara, Madagascar",3919,222d3a6,,ohne Log,1.85,France_SHOM/shom_raw/TOLIARA.csv,0.0,2.68,23.9,21.9,-15,"Toliara, Madagascar",harmonics-1997-05-25_mod.txt,4.9,,weg lassen (heutiger Satz besser)
harmonics_noaa_cptt.txt,"Hakodate Ko, Hokkaido, Japan",397,222d3a6,,ohne Log,2.57,Japan_JHOD/prediction0145_2026/prediction0145_202601.txt,0.0,0.95,8.7,7.3,0,"Hakodate, Hokkaido, Japan",harmonics_utide_observations.txt,1.2,,weg lassen (heutiger Satz besser)
harmonics_noaa_cptt.txt,"Yoshioka, Hokkaido, Japan",401,222d3a6,,ohne Log,2.48,JMA_Japan_2026/Q0.txt,0.74,0.78,8.9,8.3,-30,"Fukushima (Yoshioka), Hokkaido, Japan",harmonics_utide_observations.txt,0.4,,weg lassen (Zeitfehler)
harmonics_noaa_cptt.txt,"Fukuro Oki, Yatsushiro Kai, Kumamoto, Japan",847,222d3a6,,ohne Log,2.17,JMA_Japan/O7.txt,1.98,3.36,24.2,17.2,0,"Minamata, Kumamoto, Japan",harmonics_utide_observations.txt,1.5,ja,weg lassen (heutiger Satz besser)
harmonics_noaa_cptt.txt,"Kaga Shima, Yatsushiro Kai, Kumamoto, Japan",849,222d3a6,,ohne Log,2.13,JMA_Japan_2026/O5.txt,1.65,3.71,27.8,20.4,0,"Yatushiro, Kumamoto, Japan",harmonics_utide_observations.txt,2.0,,weg lassen (heutiger Satz besser)
harmonics_noaa_cptt.txt,"Broome, Western Australia, Australia",3365,fb2d3fd,,ohne Log,1.68,Australia_UHSLC/166_Broome.csv,0.23,8.29,37.1,41.1,0,"Broome, Western Australia, Australia",harmonics_utide_observations.txt,8.2,ja,weg lassen (heutiger Satz besser)
harmonics_noaa_cptt.txt,"Sittwe (Akyab), Myanmar",3457,fb2d3fd,,ohne Log,1.49,IndianOcean_UHSLC_BD_MM_MG_MZ/907_Akyab_Sittwe.csv,0.0,2.67,24.3,24.5,-15,"Sittwe (Akyab), Myanmar",harmonics_utide_observations.txt,8.7,ja,weg lassen (heutiger Satz besser)
harmonics_noaa_cptt.txt,"Mombasa (Kilindini Harbour), Kenya",3843,fb2d3fd,,ohne Log,1.62,EastAfrica_UHSLC_TZ_KE/101_Mombasa.csv,0.02,3.44,17.8,10.9,-15,"Mombasa (Kilindini Harbour), Kenya",harmonics_utide_observations.txt,4.3,ja,weg lassen (heutiger Satz besser)
harmonics_noaa_cptt.txt,"Antsiranana (Diego-Suarez), Madagascar",3903,fb2d3fd,,ohne Log,1.58,France_SHOM/shom_raw/ANTSIRANANA.csv,0.01,1.87,13.5,11.7,-15,"Antsiranana (Diego-Suarez), Madagascar",harmonics_utide_tidetables.txt,5.7,ja,weg lassen (heutiger Satz besser)
harmonics_noaa_cptt.txt,"Akune, Kagoshima, Japan",845,12e9eee,,ohne Log,2.05,JMA_Japan_2026/ZJ.txt,0.74,2.86,20.7,15.3,0,"Akune, Kagoshima, Japan",harmonics_utide_observations.txt,1.0,,weg lassen (heutiger Satz besser)
harmonics_noaa_cptt.txt,"Baudin Island, Western Australia, Australia",3381,37a42b7,,ohne Log,1.62,,,,,,,,,,,kein Massstab (keine Reihe unter 3 km)
harmonics_noaa_cptt.txt,"Ch'ungmu-hang, Busan, South Korea",1039,981e8b5,transfer_zeitprobe_loeschen2.csv,Zeit/Referenz,2.5,,,,,,,,,,,kein Massstab (keine Reihe unter 3 km)
harmonics_noaa_cptt.txt,"Samch'onp'o, Busan, South Korea",1049,981e8b5,transfer_zeitprobe_loeschen2.csv,Zeit/Referenz,2.43,,,,,,,,,,,kein Massstab (keine Reihe unter 3 km)
harmonics_noaa_cptt.txt,"Yosu, Busan, South Korea",1055,981e8b5,transfer_zeitprobe_loeschen2.csv,Zeit/Referenz,2.47,,,,,,,,,,,kein Massstab (keine Reihe unter 3 km)
harmonics_noaa_cptt.txt,"Tonae-hae, Komun-do, Jeju-do, South Korea",1063,981e8b5,transfer_zeitprobe_loeschen2.csv,Zeit/Referenz,2.41,,,,,,,,,,,kein Massstab (keine Reihe unter 3 km)
harmonics_noaa_cptt.txt,"Kogum-sudo, Jeju-do, South Korea",1069,981e8b5,transfer_zeitprobe_loeschen2.csv,Zeit/Referenz,2.4,,,,,,,,,,,kein Massstab (keine Reihe unter 3 km)
harmonics_noaa_cptt.txt,"Wando, Jeju-do, South Korea",1073,981e8b5,transfer_zeitprobe_loeschen2.csv,Zeit/Referenz,2.47,,,,,,,,,,,kein Massstab (keine Reihe unter 3 km)
harmonics_noaa_cptt.txt,"Sangch'uja-do, Ch'uja-kundo, Jeju-do, South Korea",1077,981e8b5,transfer_zeitprobe_loeschen2.csv,Zeit/Referenz,2.43,,,,,,,,,,,kein Massstab (keine Reihe unter 3 km)
harmonics_noaa_cptt.txt,"Udo-sudo, Jeju-do, South Korea",1079,981e8b5,transfer_zeitprobe_loeschen2.csv,Zeit/Referenz,2.38,,,,,,,,,,,kein Massstab (keine Reihe unter 3 km)
harmonics_noaa_cptt.txt,"Sogwi-p'o, Jeju-do, South Korea",1081,981e8b5,transfer_zeitprobe_loeschen2.csv,Zeit/Referenz,2.36,,,,,,,,,,,kein Massstab (keine Reihe unter 3 km)
harmonics_noaa_cptt.txt,"Cheju Harbor, Jeju-do, South Korea",1085,981e8b5,transfer_zeitprobe_loeschen2.csv,Zeit/Referenz,2.45,,,,,,,,,,,kein Massstab (keine Reihe unter 3 km)
harmonics_noaa_cptt.txt,"Hwabuk-ni, Jeju-do, South Korea",1087,981e8b5,transfer_zeitprobe_loeschen2.csv,Zeit/Referenz,2.4,,,,,,,,,,,kein Massstab (keine Reihe unter 3 km)
harmonics_noaa_cptt.txt,"Hachodo, Jeju-do, South Korea",1093,981e8b5,transfer_zeitprobe_loeschen2.csv,Zeit/Referenz,2.28,,,,,,,,,,,kein Massstab (keine Reihe unter 3 km)
harmonics_noaa_cptt.txt,"Usuyong, Jeju-do, South Korea",1101,981e8b5,transfer_zeitprobe_loeschen2.csv,Zeit/Referenz,2.22,,,,,,,,,,,kein Massstab (keine Reihe unter 3 km)
harmonics_noaa_cptt.txt,"Mokp'o, Jeju-do, South Korea",1105,981e8b5,transfer_zeitprobe_loeschen2.csv,Zeit/Referenz,2.37,,,,,,,,,,,kein Massstab (keine Reihe unter 3 km)
harmonics_noaa_cptt.txt,"Taehuksan-do, Taehuksan-kundo, Jeju-do, South Korea",1109,981e8b5,transfer_zeitprobe_loeschen2.csv,Zeit/Referenz,2.27,,,,,,,,,,,kein Massstab (keine Reihe unter 3 km)
harmonics_noaa_cptt.txt,"Lochuc San, Vietnam",1575,3f8410d,transfer_zeitprobe_loeschen.csv,Zeit/Referenz,,,,,,,,,,,,kein Massstab (keine Reihe unter 3 km)
harmonics_noaa_cptt.txt,"Sungaiguntung, Indonesia",1771,3f8410d,transfer_zeitprobe_loeschen.csv,Zeit/Referenz,,,,,,,,,,,,kein Massstab (keine Reihe unter 3 km)
harmonics_noaa_cptt.txt,"Makasar, Sulawesi, Indonesia",1953,3f8410d,transfer_zeitprobe_loeschen.csv,Zeit/Referenz,,,,,,,,,,,,kein Massstab (keine Reihe unter 3 km)
harmonics_noaa_cptt.txt,"Bramble Cove, Port Davey, Tasmania, Australia",3283,3f8410d,transfer_zeitprobe_loeschen.csv,Zeit/Referenz,1.26,,,,,,,,,,,kein Massstab (keine Reihe unter 3 km)
harmonics_noaa_cptt.txt,"Mangaluru, Karnataka, India",3523,3f8410d,transfer_zeitprobe_loeschen.csv,Zeit/Referenz,2.07,,,,,,,,,,,kein Massstab (keine Reihe unter 3 km)
harmonics_noaa_cptt.txt,"Kori Creek entrance, Gujarat, India",3563,3f8410d,transfer_zeitprobe_loeschen.csv,Zeit/Referenz,2.25,,,,,,,,,,,kein Massstab (keine Reihe unter 3 km)
harmonics_noaa_cptt.txt,"Ihavandu, Maldive Islands, Maldives",3569,3f8410d,transfer_zeitprobe_loeschen.csv,Zeit/Referenz,1.81,,,,,,,,,,,kein Massstab (keine Reihe unter 3 km)
harmonics_noaa_cptt.txt,"Minicoy Island, Lakshadweep, India",3571,3f8410d,transfer_zeitprobe_loeschen.csv,Zeit/Referenz,1.73,,,,,,,,,,,kein Massstab (keine Reihe unter 3 km)
harmonics_noaa_cptt.txt,"Jhari Creek, Pakistan",3579,3f8410d,transfer_zeitprobe_loeschen.csv,Zeit/Referenz,15.0,,,,,,,,,,,kein Massstab (keine Reihe unter 3 km)
harmonics_noaa_cptt.txt,"Ghizri Creek (Karachi), Pakistan",3587,3f8410d,transfer_zeitprobe_loeschen.csv,Zeit/Referenz,,,,,,,,,,,,kein Massstab (keine Reihe unter 3 km)
harmonics_noaa_cptt.txt,"Sonmiani Harbour (Damb), Pakistan",3591,3f8410d,transfer_zeitprobe_loeschen.csv,Zeit/Referenz,1.82,,,,,,,,,,,kein Massstab (keine Reihe unter 3 km)
harmonics_noaa_cptt.txt,"Khalij-e Jask, Iran",3607,3f8410d,transfer_zeitprobe_loeschen.csv,Zeit/Referenz,1.78,,,,,,,,,,,kein Massstab (keine Reihe unter 3 km)
harmonics_noaa_cptt.txt,"Hengam, Persian Gulf, Iran",3615,3f8410d,transfer_zeitprobe_loeschen.csv,Zeit/Referenz,1.8,,,,,,,,,,,kein Massstab (keine Reihe unter 3 km)
harmonics_noaa_cptt.txt,"Bandar Abbas, Iran",3617,3f8410d,transfer_zeitprobe_loeschen.csv,Zeit/Referenz,1.96,,,,,,,,,,,kein Massstab (keine Reihe unter 3 km)
harmonics_noaa_cptt.txt,"Sir Bani Yas, United Arab Emirates",3715,3f8410d,transfer_zeitprobe_loeschen.csv,Zeit/Referenz,,,,,,,,,,,,kein Massstab (keine Reihe unter 3 km)
harmonics_noaa_cptt.txt,"Jazirat Das, United Arab Emirates",3717,3f8410d,transfer_zeitprobe_loeschen.csv,Zeit/Referenz,,,,,,,,,,,,kein Massstab (keine Reihe unter 3 km)
harmonics_noaa_cptt.txt,"Cargados Carajos Shoal, Mauritius",3935,3f8410d,transfer_zeitprobe_loeschen.csv,Zeit/Referenz,2.88,,,,,,,,,,,kein Massstab (keine Reihe unter 3 km)
harmonics_noaa_cptt.txt,"Port Maturin, Rodrigues, Mauritius",3937,3f8410d,transfer_zeitprobe_loeschen.csv,Zeit/Referenz,2.43,,,,,,,,,,,kein Massstab (keine Reihe unter 3 km)
harmonics_noaa_cptt.txt,"Lent Islands, Graham Land, Antarctica",3979,3f8410d,transfer_zeitprobe_loeschen.csv,Zeit/Referenz,,,,,,,,,,,,kein Massstab (keine Reihe unter 3 km)
harmonics_noaa_cptt.txt,"Ferin Head, Graham Land, Antarctica",3981,3f8410d,transfer_zeitprobe_loeschen.csv,Zeit/Referenz,,,,,,,,,,,,kein Massstab (keine Reihe unter 3 km)
harmonics_noaa_cptt.txt,"Nansen Island, De Gerlache Strait, Antarctica",3993,3f8410d,transfer_zeitprobe_loeschen.csv,Zeit/Referenz,,,,,,,,,,,,kein Massstab (keine Reihe unter 3 km)
harmonics_noaa_cptt.txt,"Puerto Soberania, Antarctica",3997,3f8410d,transfer_zeitprobe_loeschen.csv,Zeit/Referenz,,,,,,,,,,,,kein Massstab (keine Reihe unter 3 km)
harmonics_noaa_cptt.txt,"Anadyr River entrance, Russia",97,744fae2,,ohne Log,1.79,,,,,,,,,,,kein Massstab (keine Reihe unter 3 km)
harmonics_noaa_cptt.txt,"Chittagong (Sadarghat), Bangladesh",3467,7487332,,ohne Log,1.44,,,,,,,,,,,kein Massstab (keine Reihe unter 3 km)
harmonics_noaa_cptt.txt,"Digul River entrance, Irian Jaya, Indonesia",3135,0448c5f,noaa_transfer_loeschen.csv,Zeit/Referenz,,,,,,,,,,,,kein Massstab (keine Reihe unter 3 km)
harmonics_noaa_cptt.txt,"Manifah, Saudi Arabia",3667,0448c5f,noaa_transfer_loeschen.csv,Zeit/Referenz,,,,,,,,,,,,kein Massstab (keine Reihe unter 3 km)
harmonics_noaa_cptt.txt,"Chong Samet, Rayong, Thailand",1681,a22642c,rtn_loeschen.csv,Dublette/Guete,,,,,,,,,,,,kein Massstab (keine Reihe unter 3 km)
harmonics_noaa_cptt.txt,"Sattahip, Chon Buri, Thailand",1683,c77f9db,rtn_loeschen.csv,Dublette/Guete,,,,,,,,,,,,kein Massstab (keine Reihe unter 3 km)
harmonics_noaa_cptt.txt,"Entrance, Samut Prakan, Thailand",1687,c77f9db,rtn_loeschen.csv,Dublette/Guete,,,,,,,,,,,,kein Massstab (keine Reihe unter 3 km)
harmonics_noaa_cptt.txt,"Bangkok, Bangkok, Thailand",1689,c77f9db,rtn_loeschen.csv,Dublette/Guete,,,,,,,,,,,,kein Massstab (keine Reihe unter 3 km)
harmonics_noaa_cptt.txt,"Flinders Islands, Queensland, Australia",3179,1ffbdfe,bom_loeschen.csv,Zeit/Referenz,4.18,,,,,,,,,,,kein Massstab (keine Reihe unter 3 km)
harmonics_noaa_cptt.txt,"Mussel Rock, Westernport, Victoria, Australia",3293,1ffbdfe,bom_loeschen.csv,Dublette/Guete,5.51,,,,,,,,,,,kein Massstab (keine Reihe unter 3 km)
harmonics_noaa_cptt.txt,"Cockatoo Island, Western Australia, Australia",3375,1ffbdfe,bom_loeschen.csv,Dublette/Guete,1.6,,,,,,,,,,,kein Massstab (keine Reihe unter 3 km)
harmonics_noaa_cptt.txt,"Geranium Hbr., Napier Broome Bay, Western Australia, Australia",3385,1ffbdfe,bom_loeschen.csv,Dublette/Guete,2.27,,,,,,,,,,,kein Massstab (keine Reihe unter 3 km)
harmonics_noaa_cptt.txt,"Majuro Atoll, Marshall Islands",2727,f10372a,,ohne Log,1.72,,,,,,,,,,,kein Massstab (keine Reihe unter 3 km)
harmonics_noaa_cptt.txt,"Christmas Island, Kiribati",2901,f10372a,,ohne Log,5.51,,,,,,,,,,,kein Massstab (keine Reihe unter 3 km)
harmonics_noaa_cptt.txt,"Green Island, Queensland, Australia",3189,f10372a,,ohne Log,3.68,,,,,,,,,,,kein Massstab (keine Reihe unter 3 km)
harmonics_noaa_cptt.txt,"Hook Island, Queensland, Australia",3203,f10372a,,ohne Log,3.35,,,,,,,,,,,kein Massstab (keine Reihe unter 3 km)
harmonics_noaa_cptt.txt,"Burnett Heads, Queensland, Australia",3237,f10372a,,ohne Log,3.46,Australia_UHSLC/332_Bundaberg.csv,0.53,2.77,22.4,17.3,30,"Bundaberg (Burnett Heads), Queensland, Australia",harmonics_utide_observations.txt,6.9,ja,weg lassen (Zeitfehler)
harmonics_noaa_cptt.txt,"Lakon Roads, Nakhon Si Thammarat, Thailand",1697,c3df67b,,ohne Log,2.82,,,,,,,,,,,kein Massstab (keine Reihe unter 3 km)
harmonics_noaa_cptt.txt,"Songkhla, Songkhla, Thailand",1699,c3df67b,,ohne Log,2.71,,,,,,,,,,,kein Massstab (keine Reihe unter 3 km)
harmonics_noaa_cptt.txt,"Ko Lak, Prachuap Khiri Khan, Thailand",1691,02c5f96,,ohne Log,,UHSLC_Thailand/ko_lak_328.csv,0.53,2.34,44.0,44.0,-150,"Ko Lak, Prachuap Khiri Khan, Thailand",harmonics_utide_observations.txt,11.8,ja,weg lassen (Zeitfehler)
harmonics_noaa_cptt.txt,"Chumphon, Chumphon, Thailand",1693,02c5f96,,ohne Log,,,,,,,,,,,,kein Massstab (keine Reihe unter 3 km)
harmonics_noaa_cptt.txt,"Ko Prap, Surat Thani, Thailand",1695,02c5f96,,ohne Log,,,,,,,,,,,,kein Massstab (keine Reihe unter 3 km)
harmonics_noaa_cptt.txt,"Puket Harbor, Phuket, Thailand",1719,02c5f96,,ohne Log,1.94,UHSLC_Thailand/ko_taphao_noi_148.csv,2.98,2.59,23.0,23.6,15,"Ko Taphao Noi (Phuket), Phuket, Thailand",harmonics_ticon4_worldwide.txt,6.7,ja,weg lassen (heutiger Satz besser)
harmonics_noaa_cptt.txt,"Ao Kaulak, Phang Nga, Thailand",1721,02c5f96,,ohne Log,1.78,,,,,,,,,,,kein Massstab (keine Reihe unter 3 km)
harmonics_noaa_cptt.txt,"Calcutta (Garden Reach) Hooghly River, West Bengal, India",3475,ed7e515,,ohne Log,1.46,,,,,,,,,,,kein Massstab (keine Reihe unter 3 km)
harmonics_noaa_cptt.txt,"Gwatar Bay, Iran",3597,33082eb,,ohne Log,1.82,,,,,,,,,,,kein Massstab (keine Reihe unter 3 km)
harmonics_noaa_cptt.txt,"Umm Qasr, Iraq",3633,ddc2712,,ohne Log,2.96,,,,,,,,,,,kein Massstab (keine Reihe unter 3 km)
harmonics_noaa_cptt.txt,"Masqat, Gulf of Oman, Oman",3763,5f45d27,,ohne Log,2.72,,,,,,,,,,,kein Massstab (keine Reihe unter 3 km)
harmonics_noaa_cptt.txt,"Hellville, Nosi Be, Madagascar",3899,f8c0af3,,ohne Log,1.62,IndianOcean_UHSLC_BD_MM_MG_MZ/150_Nosy_Be.csv,2.23,3.59,24.0,17.1,-15,"Andoany / Hell-Ville (Nosy Be), Madagascar",harmonics-1997-05-25_mod.txt,5.1,,weg lassen (heutiger Satz besser)
harmonics_noaa_cptt.txt,"Plover Bay, Provideniya Bay, Russia",83,86f3ae4,,ohne Log,1.86,,,,,,,,,,,kein Massstab (keine Reihe unter 3 km)
harmonics_noaa_cptt.txt,"Emma Bay, Provideniya Bay, Russia",85,86f3ae4,,ohne Log,1.98,,,,,,,,,,,kein Massstab (keine Reihe unter 3 km)
harmonics_noaa_cptt.txt,"Nagaeva Bay, Tauiskaya Bay, Russia",147,86f3ae4,,ohne Log,1.95,,,,,,,,,,,kein Massstab (keine Reihe unter 3 km)
harmonics_noaa_cptt.txt,"Tappi Saki, Aomori, Japan",441,86f3ae4,,ohne Log,2.21,JMA_Japan_2026/Q1.txt,2.75,0.61,20.8,21.1,180,"Tappi, Aomori, Japan",harmonics_utide_observations.txt,0.9,,weg lassen (Zeitfehler)
harmonics_noaa_cptt.txt,"Mimmaya, Mimmaya Wan, Aomori, Japan",443,86f3ae4,,ohne Log,2.19,,,,,,,,,,,kein Massstab (keine Reihe unter 3 km)
harmonics_noaa_cptt.txt,"Aomori Ko, Mutsu Kaiwan, Aomori, Japan",445,86f3ae4,,ohne Log,2.26,JMA_Japan/AO.txt,2.58,0.74,26.2,26.8,180,"Aomori, Aomori, Japan",harmonics_utide_observations.txt,1.1,ja,weg lassen (Zeitfehler)
harmonics_noaa_cptt.txt,"Muroto Saki, Kochi, Japan",569,86f3ae4,,ohne Log,2.43,JMA_Japan_2026/MU.txt,2.31,1.91,73.0,74.6,180,"Murotozaki, Kochi, Japan",harmonics_utide_observations.txt,1.0,,weg lassen (Zeitfehler)
harmonics_noaa_cptt.txt,"Susaki Ko <8>, Kochi, Japan",573,86f3ae4,,ohne Log,2.45,JMA_Japan_2026/V7.txt,0.54,1.94,71.9,73.5,180,"Susaki, Kochi, Japan",harmonics_utide_observations.txt,1.1,,weg lassen (Zeitfehler)
harmonics_noaa_cptt.txt,"Yura Ko, Tomogashima Suido, Hyogo, Japan",587,86f3ae4,,ohne Log,3.86,,,,,,,,,,,kein Massstab (keine Reihe unter 3 km)
harmonics_noaa_cptt.txt,"Sumoto, Hyogo, Japan",589,86f3ae4,,ohne Log,4.04,JMA_Japan_2026/ST.txt,1.49,1.55,67.3,69.3,180,"Sumoto, Hyogo, Japan",harmonics_utide_observations.txt,1.2,,weg lassen (Zeitfehler)
harmonics_noaa_cptt.txt,"Osaka Ko, Osaka, Japan",591,86f3ae4,,ohne Log,4.13,Japan_JHOD/prediction2706_2026/prediction2706_202601.txt,0.0,1.67,70.6,72.9,180,"Osaka, Osaka, Japan",harmonics_utide_observations.txt,1.3,,weg lassen (Zeitfehler)
harmonics_noaa_cptt.txt,"Ogi Shima, Kagawa, Japan",639,86f3ae4,,ohne Log,2.18,,,,,,,,,,,kein Massstab (keine Reihe unter 3 km)
harmonics_noaa_cptt.txt,"Nabe Shima, Kagawa, Japan",643,86f3ae4,,ohne Log,2.26,JMA_Japan_2026/J8.txt,0.95,2.93,118.2,120.7,180,"Yoshima, Kagawa, Japan",harmonics_utide_observations.txt,2.0,,weg lassen (Zeitfehler)
harmonics_noaa_cptt.txt,"Onomichi Seto, Hiroshima, Japan",653,86f3ae4,,ohne Log,2.21,,,,,,,,,,,kein Massstab (keine Reihe unter 3 km)
harmonics_noaa_cptt.txt,"Itosaki, Mihara Wan, Hiroshima, Japan",655,86f3ae4,,ohne Log,2.27,JMA_Japan/IZ.txt,1.23,3.51,134.4,136.4,180,"Itozaki (Mihara), Hiroshima, Japan",harmonics_utide_observations.txt,3.0,ja,weg lassen (Zeitfehler)
harmonics_noaa_cptt.txt,"Tadanomi, Mihara Seto, Hiroshima, Japan",659,86f3ae4,,ohne Log,2.32,,,,,,,,,,,kein Massstab (keine Reihe unter 3 km)
harmonics_noaa_cptt.txt,"Takihama, Hiuchi Nada, Ehime, Japan",661,86f3ae4,,ohne Log,2.3,,,,,,,,,,,kein Massstab (keine Reihe unter 3 km)
harmonics_noaa_cptt.txt,"Hashihama, Kurushima Kaikyo, Ehime, Japan",665,86f3ae4,,ohne Log,2.28,JMA_Japan_2026/M3.txt,0.85,3.59,135.9,138.2,180,"Hashihama, Ehime, Japan",harmonics_utide_observations.txt,1.1,,weg lassen (Zeitfehler)
harmonics_noaa_cptt.txt,"Yeta Uchi, Hiroshima, Japan",679,86f3ae4,,ohne Log,2.3,,,,,,,,,,,kein Massstab (keine Reihe unter 3 km)
harmonics_noaa_cptt.txt,"Mitsugahama Hakuchi, Ehime, Japan",699,86f3ae4,,ohne Log,2.22,JMA_Japan_2026/MT.txt,1.42,3.33,128.5,131.4,180,"Matsuyama, Ehime, Japan",harmonics_utide_observations.txt,1.3,,weg lassen (Zeitfehler)
harmonics_noaa_cptt.txt,"Beppu Ko, Oita, Japan",709,86f3ae4,,ohne Log,2.25,JMA_Japan/BP.txt,1.73,2.24,80.6,82.1,180,"Beppu, Oita, Japan",harmonics_utide_observations.txt,1.5,ja,weg lassen (Zeitfehler)
harmonics_noaa_cptt.txt,"Mizugaura, Uwajima Wan, Ehime, Japan",717,86f3ae4,,ohne Log,2.43,,,,,,,,,,,kein Massstab (keine Reihe unter 3 km)
harmonics_noaa_cptt.txt,"Katsura, Saeki Wan, Oita, Japan",725,86f3ae4,,ohne Log,2.4,,,,,,,,,,,kein Massstab (keine Reihe unter 3 km)
harmonics_noaa_cptt.txt,"Iwakuro, Honshu, Fukuoka, Japan",743,86f3ae4,,ohne Log,2.23,,,,,,,,,,,kein Massstab (keine Reihe unter 3 km)
harmonics_noaa_cptt.txt,"Wakamatsu Ko, Fukuoka, Japan",755,86f3ae4,,ohne Log,2.04,,,,,,,,,,,kein Massstab (keine Reihe unter 3 km)
harmonics_noaa_cptt.txt,"Tonoura, Miyazaki, Japan",829,86f3ae4,,ohne Log,2.46,,,,,,,,,,,kein Massstab (keine Reihe unter 3 km)
harmonics_noaa_cptt.txt,"Bono Tsu, Tomari Ura, Kagoshima, Japan",841,86f3ae4,,ohne Log,2.41,,,,,,,,,,,kein Massstab (keine Reihe unter 3 km)
harmonics_noaa_cptt.txt,"Kariya Ko, Saga, Japan",907,86f3ae4,,ohne Log,1.98,JMA_Japan_2026/ZL.txt,1.86,2.37,84.1,86.6,180,"Kariya, Saga, Japan",harmonics_utide_observations.txt,1.2,,weg lassen (Zeitfehler)
harmonics_noaa_cptt.txt,"Yobuko Ko <21>, Saga, Japan",909,86f3ae4,,ohne Log,2.04,,,,,,,,,,,kein Massstab (keine Reihe unter 3 km)
harmonics_noaa_cptt.txt,"Izuhara Ko, Nagasaki, Japan",929,86f3ae4,,ohne Log,2.09,JMA_Japan_2026/QE.txt,0.77,1.83,64.1,67.3,180,"Izuhara, Nagasaki, Japan",harmonics_utide_observations.txt,0.9,,weg lassen (Zeitfehler)
harmonics_noaa_cptt.txt,"Nishinoomote Wan, Tanega Shima, Kagoshima, Japan",931,86f3ae4,,ohne Log,2.35,JMA_Japan/QH.txt,0.87,2.21,82.0,83.7,180,"Nishinoomote, Kagoshima, Japan",harmonics_utide_observations.txt,1.0,ja,weg lassen (Zeitfehler)
harmonics_noaa_cptt.txt,"O Ura, Tanega Shima, Kagoshima, Japan",933,86f3ae4,,ohne Log,2.39,JMA_Japan/TJ.txt,1.53,2.07,77.8,79.5,180,"Kumano (Tanegashima), Kagoshima, Japan",harmonics_utide_observations.txt,1.4,ja,weg lassen (Zeitfehler)
harmonics_noaa_cptt.txt,"Nakano Shima, Kagoshima, Japan",939,86f3ae4,,ohne Log,2.39,JMA_Japan/QI.txt,0.99,2.21,80.3,81.8,180,"Nakanoshima, Kagoshima, Japan",harmonics_utide_observations.txt,1.0,ja,weg lassen (Zeitfehler)
harmonics_noaa_cptt.txt,"Miyako Hakuchi, Miyako Jima, Okinawa, Japan",979,86f3ae4,,ohne Log,2.32,JMA_Japan_2026/R1.txt,1.56,1.91,71.4,72.7,180,"Hirara (Miyakojima), Okinawa, Japan",harmonics_utide_observations.txt,1.9,,weg lassen (Zeitfehler)
harmonics_noaa_cptt.txt,"Su-ao Kang, Okinawa, Japan",1431,86f3ae4,,ohne Log,2.47,,,,,,,,,,,kein Massstab (keine Reihe unter 3 km)
harmonics_noaa_cptt.txt,"Pa-tai Wan, Lan Yu, Taiwan",1441,86f3ae4,,ohne Log,2.44,,,,,,,,,,,kein Massstab (keine Reihe unter 3 km)
harmonics_noaa_cptt.txt,"Cu Xu, Kao Tao, Vietnam",1577,86f3ae4,,ohne Log,,,,,,,,,,,,kein Massstab (keine Reihe unter 3 km)
harmonics_noaa_cptt.txt,"Naira, Banda Islands, Maluku, Indonesia",1937,86f3ae4,,ohne Log,3.15,,,,,,,,,,,kein Massstab (keine Reihe unter 3 km)
harmonics_noaa_cptt.txt,"Ambon Bay, Ambon Island, Maluku, Indonesia",1939,86f3ae4,,ohne Log,3.2,Indonesia_UHSLC/133_Ambon.csv,2.62,2.15,85.4,87.1,180,"Ambon, Maluku, Indonesia",harmonics_utide_observations.txt,8.1,ja,weg lassen (Zeitfehler)
harmonics_noaa_cptt.txt,"Baubau, Buton Island, Indonesia",1959,86f3ae4,,ohne Log,2.79,,,,,,,,,,,kein Massstab (keine Reihe unter 3 km)
harmonics_noaa_cptt.txt,"Surigao, Surigao del Sur, Philippines",2163,86f3ae4,,ohne Log,,,,,,,,,,,,kein Massstab (keine Reihe unter 3 km)
harmonics_noaa_cptt.txt,"Easter Island (Chile), Chile",2817,86f3ae4,,ohne Log,3.78,,,,,,,,,,,kein Massstab (keine Reihe unter 3 km)
harmonics_noaa_cptt.txt,"Tubuai Island, French Polynesia",2837,86f3ae4,,ohne Log,3.72,,,,,,,,,,,kein Massstab (keine Reihe unter 3 km)
harmonics_noaa_cptt.txt,"Fongafale, Funafuti Atoll, Tuvalu",2899,86f3ae4,,ohne Log,1.7,,,,,,,,,,,kein Massstab (keine Reihe unter 3 km)
harmonics_noaa_cptt.txt,"Seeadler Harbor, Manus Island, Papua New Guinea",3115,86f3ae4,,ohne Log,,PapuaNewGuinea_UHSLC/65_Manus.csv,0.43,0.89,19.6,19.6,180,"Manus, Papua New Guinea",harmonics_utide_observations.txt,6.4,ja,weg lassen (Zeitfehler)
harmonics_noaa_cptt.txt,"Hajamro River mouth, Pakistan",3577,86f3ae4,,ohne Log,1.82,,,,,,,,,,,kein Massstab (keine Reihe unter 3 km)
harmonics_noaa_cptt.txt,"Ormara, Pakistan",3593,86f3ae4,,ohne Log,1.85,,,,,,,,,,,kein Massstab (keine Reihe unter 3 km)
harmonics_noaa_cptt.txt,"Pasni, Pakistan",3595,86f3ae4,,ohne Log,1.8,,,,,,,,,,,kein Massstab (keine Reihe unter 3 km)
harmonics_noaa_cptt.txt,"Jazirat Kharg, Persian Gulf, Iran",3623,86f3ae4,,ohne Log,6.81,,,,,,,,,,,kein Massstab (keine Reihe unter 3 km)
harmonics_noaa_cptt.txt,"Safaniya, Saudi Arabia",3665,86f3ae4,,ohne Log,,,,,,,,,,,,kein Massstab (keine Reihe unter 3 km)
harmonics_noaa_cptt.txt,"St. Paul Island, French Southern Territories",3951,86f3ae4,,ohne Log,1.54,,,,,,,,,,,kein Massstab (keine Reihe unter 3 km)
harmonics_noaa_cptt.txt,"Cape Armitage, Ross Island, Antarctica",3973,86f3ae4,,ohne Log,,,,,,,,,,,,kein Massstab (Reihe zu kurz)
harmonics_noaa_cptt.txt,"Scott Base, Ross Sea, Antarctica",3975,86f3ae4,,ohne Log,,New_Zealand_UHSLC/663_Scott_Base.csv,2.01,1.06,27.4,27.4,180,"Scott Base, Ross Island, New Zealand",harmonics_utide_observations.txt,9.1,ja,weg lassen (Zeitfehler)
harmonics_noaa_cptt.txt,"Marguerite Bay (East Base), Antarctica",3977,86f3ae4,,ohne Log,,,,,,,,,,,,kein Massstab (keine Reihe unter 3 km)
harmonics_noaa_cptt.txt,"Argentine Islands (Stella Creek), Antarctica",3983,86f3ae4,,ohne Log,,,,,,,,,,,,kein Massstab (keine Reihe unter 3 km)
harmonics_noaa_cptt.txt,"Port Circoncision, Antarctica",3985,86f3ae4,,ohne Log,,,,,,,,,,,,kein Massstab (keine Reihe unter 3 km)
harmonics_noaa_cptt.txt,"Port Charcot, Booth Island, Antarctica",3987,86f3ae4,,ohne Log,,,,,,,,,,,,kein Massstab (keine Reihe unter 3 km)
harmonics_noaa_cptt.txt,"Lemaire Channel, De Gerlache Strait, Antarctica",3989,86f3ae4,,ohne Log,,,,,,,,,,,,kein Massstab (keine Reihe unter 3 km)
harmonics_noaa_cptt.txt,"Neko Harbor, Antarctica",3991,86f3ae4,,ohne Log,,,,,,,,,,,,kein Massstab (keine Reihe unter 3 km)
harmonics_noaa_cptt.txt,"Melchior Harbor, Dallman Bay, Antarctica",3995,86f3ae4,,ohne Log,,,,,,,,,,,,kein Massstab (keine Reihe unter 3 km)
harmonics_noaa_cptt.txt,"Ifalik Atoll, Micronesia",2651,7a7ed8e,,ohne Log,9.96,,,,,,,,,,,kein Massstab (keine Reihe unter 3 km)
harmonics_noaa_cptt.txt,"Nomwin Atoll, Hall Islands, Micronesia",2665,7a7ed8e,,ohne Log,,,,,,,,,,,,kein Massstab (keine Reihe unter 3 km)
harmonics_noaa_cptt.txt,"Losap Atoll, Micronesia",2669,7a7ed8e,,ohne Log,,,,,,,,,,,,kein Massstab (keine Reihe unter 3 km)
harmonics_noaa_cptt.txt,"Namoluk Atoll, Micronesia",2671,7a7ed8e,,ohne Log,,,,,,,,,,,,kein Massstab (keine Reihe unter 3 km)
harmonics_noaa_cptt.txt,"Satawan Anchorage, Nomoi Islands, Micronesia",2673,7a7ed8e,,ohne Log,,,,,,,,,,,,kein Massstab (keine Reihe unter 3 km)
harmonics_noaa_cptt.txt,"Eniirikku Island, Bikini Atoll, Marshall Islands",2695,7a7ed8e,,ohne Log,1.76,,,,,,,,,,,kein Massstab (keine Reihe unter 3 km)
harmonics_noaa_cptt.txt,"Ujae Atoll, Marshall Islands",2701,7a7ed8e,,ohne Log,1.73,,,,,,,,,,,kein Massstab (keine Reihe unter 3 km)
harmonics_noaa_cptt.txt,"Jaluit Atoll (SE Pass), Marshall Islands",2709,7a7ed8e,,ohne Log,1.69,,,,,,,,,,,kein Massstab (keine Reihe unter 3 km)
harmonics_noaa_cptt.txt,"Ebon (Boston) Atoll, Marshall Islands",2711,7a7ed8e,,ohne Log,1.71,,,,,,,,,,,kein Massstab (keine Reihe unter 3 km)
harmonics_noaa_cptt.txt,"Taongi Atoll, Marshall Islands",2713,7a7ed8e,,ohne Log,1.71,,,,,,,,,,,kein Massstab (keine Reihe unter 3 km)
harmonics_noaa_cptt.txt,"Bikar (Dawson) Atoll, Marshall Islands",2715,7a7ed8e,,ohne Log,1.69,,,,,,,,,,,kein Massstab (keine Reihe unter 3 km)
harmonics_noaa_cptt.txt,"Ailuk Atoll, Marshall Islands",2717,7a7ed8e,,ohne Log,1.69,,,,,,,,,,,kein Massstab (keine Reihe unter 3 km)
harmonics_noaa_cptt.txt,"Erikub Atoll, Marshall Islands",2723,7a7ed8e,,ohne Log,1.69,,,,,,,,,,,kein Massstab (keine Reihe unter 3 km)
harmonics_noaa_cptt.txt,"Arno Atoll, Marshall Islands",2729,7a7ed8e,,ohne Log,1.62,,,,,,,,,,,kein Massstab (keine Reihe unter 3 km)
harmonics_noaa_cptt.txt,"Port Rhin, Mili Atoll, Marshall Islands",2731,7a7ed8e,,ohne Log,1.7,,,,,,,,,,,kein Massstab (keine Reihe unter 3 km)
harmonics_noaa_cptt.txt,"Vai Tahu, Tahu Ata Island, French Polynesia",2821,7a7ed8e,,ohne Log,3.78,,,,,,,,,,,kein Massstab (keine Reihe unter 3 km)
harmonics_noaa_cptt.txt,"Rapa (Oparo) Island, French Polynesia",2835,7a7ed8e,,ohne Log,3.69,,,,,,,,,,,kein Massstab (keine Reihe unter 3 km)
harmonics_noaa_cptt.txt,"Penrhyn (Tongareva) Island, Cook Islands",2839,7a7ed8e,,ohne Log,3.76,,,,,,,,,,,kein Massstab (keine Reihe unter 3 km)
harmonics_noaa_cptt.txt,"Manihiki, Cook Islands",2841,7a7ed8e,,ohne Log,4.02,,,,,,,,,,,kein Massstab (keine Reihe unter 3 km)
harmonics_noaa_cptt.txt,"Pukapuka, Tokelau",2847,7a7ed8e,,ohne Log,3.78,,,,,,,,,,,kein Massstab (keine Reihe unter 3 km)
harmonics_noaa_cptt.txt,"Ngaloa Harbor, Kandavu Island, Fiji",2879,7a7ed8e,,ohne Log,2.83,,,,,,,,,,,kein Massstab (keine Reihe unter 3 km)
harmonics_noaa_cptt.txt,"Matuku Island, Fiji",2881,7a7ed8e,,ohne Log,3.05,,,,,,,,,,,kein Massstab (keine Reihe unter 3 km)
harmonics_noaa_cptt.txt,"Moala Island, Fiji",2885,7a7ed8e,,ohne Log,2.55,,,,,,,,,,,kein Massstab (keine Reihe unter 3 km)
harmonics_noaa_cptt.txt,"Ngau Island, Fiji",2889,7a7ed8e,,ohne Log,2.18,,,,,,,,,,,kein Massstab (keine Reihe unter 3 km)
harmonics_noaa_cptt.txt,"Nairai Island, Fiji",2891,7a7ed8e,,ohne Log,2.17,,,,,,,,,,,kein Massstab (keine Reihe unter 3 km)
harmonics_noaa_cptt.txt,"Levuka, Ovalau Island, Fiji",2893,7a7ed8e,,ohne Log,3.01,,,,,,,,,,,kein Massstab (keine Reihe unter 3 km)
harmonics_noaa_cptt.txt,"Nandi, Vanua Levu Island, Fiji",2895,7a7ed8e,,ohne Log,3.04,,,,,,,,,,,kein Massstab (keine Reihe unter 3 km)
harmonics_noaa_cptt.txt,"Fanning Island, Kiribati",2903,7a7ed8e,,ohne Log,6.12,,,,,,,,,,,kein Massstab (keine Reihe unter 3 km)
harmonics_noaa_cptt.txt,"Caroline Island, French Polynesia",2905,7a7ed8e,,ohne Log,3.75,,,,,,,,,,,kein Massstab (keine Reihe unter 3 km)
harmonics_noaa_cptt.txt,"Makin Atoll, Kiribati",2909,7a7ed8e,,ohne Log,1.72,,,,,,,,,,,kein Massstab (keine Reihe unter 3 km)
harmonics_noaa_cptt.txt,"Abemama Atoll, Kiribati",2913,7a7ed8e,,ohne Log,1.72,,,,,,,,,,,kein Massstab (keine Reihe unter 3 km)
harmonics_noaa_cptt.txt,"Nonouti Atoll, Kiribati",2915,7a7ed8e,,ohne Log,1.69,,,,,,,,,,,kein Massstab (keine Reihe unter 3 km)
harmonics_noaa_cptt.txt,"Ocean Island, Nauru",2917,7a7ed8e,,ohne Log,1.68,,,,,,,,,,,kein Massstab (keine Reihe unter 3 km)
