datei,name,no,faktor,s2_alt,s2_neu,s2m2_alt,s2m2_neu,nachbar_s2m2,n_nachbarn,mittelhub_satz_m,mittelhub_buch_m,pegel,pegel_km,pegel_alt_cm,pegel_neu_cm,empfehlung,form_F
harmonics_noaa_eutt.txt,"Calshot Harbour, Edinburgh of the Seven Seas, Tristan da Cunha Island",eutt-1,2.456,0.0621,0.1525,0.224,0.55,0.393,2,0.6,0.6,,,,,anwenden (Nachbarn),0.2
harmonics_noaa_eutt.txt,"Trinidade, Ilha da, Espírito Santo, Brazil",eutt-5,2.24,0.0776,0.1738,0.168,0.376,,0,0.95,1.01,,,,,anwenden (nur Buch),0.23
harmonics_noaa_eutt.txt,"Jamestown, Saint Helena",eutt-7,2.405,0.0699,0.1681,0.197,0.474,0.332,2,0.73,0.77,,,,,lassen (Nachbarn),0.21
harmonics_noaa_eutt.txt,"Georgetown, Ascension Island",eutt-9,1.888,0.0544,0.1027,0.153,0.29,0.36,2,0.79,0.77,,,,,anwenden (Nachbarn),0.24
harmonics_noaa_eutt.txt,"Fajã de Água (Brava), Cape Verde",eutt-13,2.055,0.075,0.1541,0.173,0.356,0.457,1,0.9,0.94,,,,,anwenden (Nachbarn),0.16
harmonics_noaa_eutt.txt,"Santa Cruz de Tenerife, Islas Canarias, Spain",eutt-23,1.829,0.1687,0.3086,0.232,0.425,0.473,2,1.52,1.58,,,,,anwenden (Nachbarn),0.09
harmonics_noaa_eutt.txt,"Puerto de la Luz (Gran Canaria), Islas Canarias, Spain",eutt-25,1.861,0.1786,0.3325,0.218,0.406,0.38,2,1.69,1.78,,,,,anwenden (Nachbarn),0.09
harmonics_noaa_eutt.txt,"Arrecife (Lanzarote), Islas Canarias, Spain",eutt-29,1.795,0.1786,0.3206,0.193,0.346,0.509,2,1.92,2.01,,,,,anwenden (Nachbarn),0.1
harmonics_noaa_eutt.txt,"Funchal, Madeira, Portugal",eutt-33,1.871,0.1687,0.3156,0.218,0.409,0.368,3,1.59,1.68,h218_funchal.csv,0.0,11.4,10.0,anwenden (Pegel),0.09
harmonics_noaa_eutt.txt,"Vila do Porto (Santa Maria), Açores, Portugal",eutt-41,1.927,0.1024,0.1973,0.184,0.355,0.393,2,1.14,1.21,,,,,anwenden (Nachbarn),0.1
harmonics_noaa_eutt.txt,"Horta (Faial), Açores, Portugal",eutt-45,1.983,0.0931,0.1846,0.208,0.412,0.369,3,0.92,0.97,h212a_horta.csv,0.0,9.4,8.6,anwenden (Pegel),0.1
harmonics_noaa_eutt.txt,"Angra do Heroísmo (Terceira), Açores, Portugal",eutt-47,1.943,0.0931,0.1809,0.194,0.378,0.365,3,0.98,1.04,h215a_angra_do_heroismo.csv,0.0,9.7,8.4,anwenden (Pegel),0.1
harmonics_noaa_eutt.txt,"Praia da Vitória (Terceira), Açores, Portugal",eutt-49,1.947,0.1117,0.2175,0.195,0.38,0.362,1,1.17,1.24,,,,,anwenden (Nachbarn),0.1
harmonics_noaa_eutt.txt,"Santa Cruz da Graciosa, Açores, Portugal",eutt-51,1.906,0.0931,0.1774,0.177,0.338,0.327,1,1.08,1.14,,,,,anwenden (Nachbarn),0.11
harmonics_noaa_eutt.txt,"Lajes das Flores, Açores, Portugal",eutt-53,1.962,0.0838,0.1644,0.201,0.394,0.36,3,0.86,0.91,h213a_flores_lajes.csv,0.01,10.9,10.5,anwenden (Pegel),0.1
harmonics_noaa_eutt.txt,"Knysna, South Africa",eutt-55,1.869,0.1563,0.2922,0.281,0.525,0.498,4,1.16,1.24,186_Knysna.csv,0.0,16.7,14.7,anwenden (Pegel),0.09
harmonics_noaa_eutt.txt,"Mossel Bay, South Africa",eutt-57,1.926,0.1875,0.3612,0.312,0.6,0.505,2,1.26,1.34,185_Mossel_Bay.csv,0.01,15.6,14.1,anwenden (Pegel),0.09
harmonics_noaa_eutt.txt,"Hermanus, South Africa",eutt-59,1.805,0.125,0.2256,0.237,0.428,0.44,1,1.09,1.17,,,,,anwenden (Nachbarn),0.1
harmonics_noaa_eutt.txt,"Simon's Town, South Africa",eutt-61,1.87,0.1459,0.2729,0.277,0.518,0.451,3,1.1,1.17,221_Simons_Town.csv,0.0,10.5,9.0,anwenden (Pegel),0.1
harmonics_noaa_eutt.txt,"Saldanha, South Africa",eutt-65,1.863,0.1459,0.2717,0.277,0.516,0.434,4,1.1,1.17,703_Saldanha_Bay.csv,0.0,11.0,10.1,anwenden (Pegel),0.1
harmonics_noaa_eutt.txt,"Luderitz Bay, Namibia",eutt-69,1.777,0.1146,0.2037,0.231,0.41,0.391,3,1.03,1.11,702_Luderitz.csv,1.86,10.6,9.1,anwenden (Pegel),0.1
harmonics_noaa_eutt.txt,"Walvisbaai, Namibia",eutt-71,1.804,0.125,0.2255,0.237,0.428,0.367,2,1.09,1.17,,,,,anwenden (Nachbarn),0.1
harmonics_noaa_eutt.txt,"Baía dos Tigres, Angola",eutt-73,2.185,0.0699,0.1527,0.146,0.32,0.375,1,0.98,1.04,,,,,anwenden (Nachbarn),0.23
harmonics_noaa_eutt.txt,"Tômbua (Porto Alexandre), Angola",eutt-75,2.16,0.0621,0.1342,0.139,0.3,0.333,1,0.91,0.97,,,,,anwenden (Nachbarn),0.24
harmonics_noaa_eutt.txt,"Moçâmedes (Namibe), Angola",eutt-77,2.14,0.0621,0.1329,0.134,0.287,0.325,3,0.94,1.01,mocamedes_angola.csv,0.01,12.3,10.9,anwenden (Pegel),0.24
harmonics_noaa_eutt.txt,"Baía de Santa Marta, Angola",eutt-79,2.202,0.0699,0.1539,0.151,0.333,0.375,1,0.94,1.01,,,,,anwenden (Nachbarn),0.23
harmonics_noaa_eutt.txt,"Baía dos Elefantes, Angola",eutt-81,2.227,0.0776,0.1729,0.157,0.35,0.375,1,1.01,1.07,,,,,anwenden (Nachbarn),0.23
harmonics_noaa_eutt.txt,"Benguela, Angola",eutt-83,2.227,0.0776,0.1729,0.157,0.35,0.375,1,1.01,1.07,,,,,anwenden (Nachbarn),0.23
harmonics_noaa_eutt.txt,"Porto do Lobito, Angola",eutt-85,2.248,0.0776,0.1744,0.162,0.365,0.321,3,0.98,1.04,lobito_angola.csv,1.9,11.5,10.7,anwenden (Pegel),0.23
harmonics_noaa_eutt.txt,"Porto Amboim, Angola",eutt-87,2.228,0.0776,0.1729,0.157,0.35,0.368,1,1.01,1.07,,,,,anwenden (Nachbarn),0.23
harmonics_noaa_eutt.txt,"Luanda, Angola",eutt-89,2.271,0.0854,0.1939,0.168,0.381,0.33,3,1.04,1.11,,,,,anwenden (Nachbarn),0.22
harmonics_noaa_eutt.txt,"Ambriz, Angola",eutt-91,2.23,0.0776,0.1731,0.157,0.351,0.33,1,1.01,1.07,,,,,anwenden (Nachbarn),0.23
harmonics_noaa_eutt.txt,"N'Zeto, Angola",eutt-93,2.232,0.0776,0.1732,0.157,0.351,0.33,1,1.01,1.07,,,,,anwenden (Nachbarn),0.23
harmonics_noaa_eutt.txt,"Ponta do Padrão (Congo River entrance), Angola",eutt-95,2.208,0.0776,0.1714,0.148,0.327,,0,1.07,1.14,,,,,anwenden (nur Buch),0.23
harmonics_noaa_eutt.txt,"Cabinda, Angola",eutt-97,2.227,0.0854,0.1902,0.154,0.343,0.365,1,1.13,1.21,,,,,anwenden (Nachbarn),0.23
harmonics_noaa_eutt.txt,"Mayumba, Gabon",eutt-101,2.099,0.0699,0.1467,0.123,0.257,0.7,1,1.16,1.24,,,,,anwenden (Nachbarn),0.25
harmonics_noaa_eutt.txt,"Cap Lopez (Pointe Renard), Gabon",eutt-103,2.22,0.0932,0.2069,0.155,0.344,0.382,1,1.23,1.31,,,,,anwenden (Nachbarn),0.23
harmonics_noaa_eutt.txt,"Kondjo entrance (Baie du Cap Lopez), Gabon",eutt-105,2.19,0.0932,0.2041,0.155,0.339,,0,1.24,1.31,,,,,anwenden (nur Buch),0.23
harmonics_noaa_eutt.txt,"Pointe Owendo (Estuaire du Gabon), Gabon",eutt-107,2.191,0.1242,0.2721,0.155,0.339,0.378,1,1.66,1.74,,,,,anwenden (Nachbarn),0.23
harmonics_noaa_eutt.txt,"Cap Estérias, Gabon",eutt-109,2.282,0.1165,0.2658,0.168,0.383,0.382,1,1.43,1.51,,,,,anwenden (Nachbarn),0.22
harmonics_noaa_eutt.txt,"Annobón, Equatorial Guinea",eutt-111,2.207,0.0776,0.1712,0.148,0.327,0.899,1,1.07,1.14,,,,,anwenden (Nachbarn),0.23
harmonics_noaa_eutt.txt,"Baía de Ana Chaves, São Tomé, São Tomé and Príncipe",eutt-113,2.194,0.0776,0.1702,0.14,0.307,,0,1.13,1.21,,,,,anwenden (nur Buch),0.24
harmonics_noaa_eutt.txt,"Cogo (Puerto Iradier), Equatorial Guinea",eutt-117,2.332,0.1553,0.3621,0.18,0.42,0.353,2,1.78,1.88,,,,,anwenden (Nachbarn),0.22
harmonics_noaa_eutt.txt,"San Benito River, Rio Muni, Equatorial Guinea",eutt-119,2.082,0.0776,0.1616,0.132,0.276,0.438,1,1.2,1.27,,,,,anwenden (Nachbarn),0.24
harmonics_noaa_eutt.txt,"Malabo (Santa Isabel), Equatorial Guinea",eutt-125,2.193,0.0932,0.2044,0.147,0.323,0.35,1,1.29,1.37,,,,,anwenden (Nachbarn),0.23
harmonics_noaa_eutt.txt,"Kribi, Cameroon",eutt-127,2.159,0.1009,0.2178,0.149,0.321,0.231,1,1.41,1.48,,,,,lassen (Nachbarn),0.23
harmonics_noaa_eutt.txt,"Cap Cameroon, Cameroon",eutt-129,2.049,0.1087,0.2228,0.138,0.283,0.304,1,1.65,1.71,,,,,anwenden (Nachbarn),0.24
harmonics_noaa_eutt.txt,"Bimbia River entrance, Cameroon",eutt-133,2.115,0.1165,0.2464,0.145,0.307,0.398,1,1.67,1.74,,,,,anwenden (Nachbarn),0.24
harmonics_noaa_eutt.txt,"Rio del Rey Entrance, Cameroon",eutt-137,2.182,0.132,0.288,0.15,0.328,0.348,1,1.81,1.91,,,,,anwenden (Nachbarn),0.23
harmonics_noaa_eutt.txt,"Calabar River approach, Nigeria",eutt-139,2.157,0.1165,0.2513,0.145,0.313,,0,1.65,1.74,,,,,anwenden (nur Buch),0.24
harmonics_noaa_eutt.txt,"Tom Shot Point, Calabar River, Nigeria",eutt-141,2.123,0.132,0.2802,0.15,0.319,,0,1.83,1.91,,,,,anwenden (nur Buch),0.23
harmonics_noaa_eutt.txt,"Inikoi Island (Akwayafe River,) Cameroon",eutt-143,2.25,0.1398,0.3145,0.206,0.464,0.404,1,1.46,1.48,,,,,anwenden (Nachbarn),0.21
harmonics_noaa_eutt.txt,"Calabar (Calabar River), Nigeria",eutt-145,1.526,0.0932,0.1422,0.088,0.134,0.299,2,2.33,2.31,,,,,anwenden (Nachbarn),0.27
harmonics_noaa_eutt.txt,"Opobo River Entrance (Sandy Point), Nigeria",eutt-147,2.187,0.1165,0.2548,0.145,0.318,0.428,1,1.64,1.74,,,,,anwenden (Nachbarn),0.24
harmonics_noaa_eutt.txt,"Bonny River Bar (Niger River Delta), Nigeria",eutt-149,2.201,0.1087,0.2392,0.15,0.33,0.352,1,1.48,1.58,,,,,anwenden (Nachbarn),0.23
harmonics_noaa_eutt.txt,"Bonny (Eyamba Town), Nigeria",eutt-151,2.153,0.1087,0.234,0.147,0.316,0.325,2,1.53,1.61,,,,,anwenden (Nachbarn),0.24
harmonics_noaa_eutt.txt,"Port Harcourt (Bonny River), Nigeria",eutt-153,1.649,0.0932,0.1536,0.101,0.166,0.275,1,2.03,2.01,,,,,anwenden (Nachbarn),0.27
harmonics_noaa_eutt.txt,"New Calabar River Bar, Nigeria",eutt-155,2.228,0.0776,0.1729,0.148,0.33,0.752,1,1.07,1.14,,,,,anwenden (Nachbarn),0.23
harmonics_noaa_eutt.txt,"Bakana (New Calabar River), Nigeria",eutt-157,1.986,0.132,0.2622,0.15,0.298,0.405,1,1.91,1.91,,,,,anwenden (Nachbarn),0.24
harmonics_noaa_eutt.txt,"Brass (Brass River), Nigeria",eutt-161,2.106,0.1009,0.2125,0.142,0.3,0.427,1,1.47,1.54,,,,,anwenden (Nachbarn),0.24
harmonics_noaa_eutt.txt,"Akassa (Nun River), Nigeria",eutt-163,2.024,0.0699,0.1414,0.123,0.248,0.304,2,1.18,1.24,,,,,anwenden (Nachbarn),0.25
harmonics_noaa_eutt.txt,"Forcados River Bar (Niger Delta), Nigeria",eutt-165,2.2,0.0776,0.1707,0.148,0.326,0.232,1,1.07,1.14,,,,,lassen (Nachbarn),0.23
harmonics_noaa_eutt.txt,"Forcados (Forcados River), Nigeria",eutt-167,2.059,0.0776,0.1598,0.157,0.324,0.258,1,1.05,1.07,,,,,anwenden (Nachbarn),0.23
harmonics_noaa_eutt.txt,"Ogidigbe (Escravos River mouth), Nigeria",eutt-169,2.133,0.0699,0.1491,0.142,0.302,0.232,1,1.02,1.07,,,,,anwenden (Nachbarn),0.24
harmonics_noaa_eutt.txt,"Benin River Bar, Nigeria",eutt-171,2.222,0.0776,0.1724,0.157,0.35,0.328,1,1.01,1.07,,,,,anwenden (Nachbarn),0.23
harmonics_noaa_eutt.txt,"Lagos Bar, Nigeria",eutt-173,2.19,0.0621,0.136,0.155,0.339,0.344,3,0.83,0.87,h233c_lagos_bar.csv,0.0,11.3,9.9,anwenden (Pegel),0.23
harmonics_noaa_eutt.txt,"Ada Foah (Volta River), Ghana",eutt-179,2.112,0.0621,0.1311,0.139,0.293,0.407,1,0.92,0.97,,,,,anwenden (Nachbarn),0.24
harmonics_noaa_eutt.txt,"Tema, Ghana",eutt-181,2.194,0.0776,0.1702,0.157,0.345,0.347,1,1.01,1.07,,,,,anwenden (Nachbarn),0.23
harmonics_noaa_eutt.txt,"Accra, Ghana",eutt-183,2.105,0.0699,0.1472,0.137,0.289,0.355,1,1.04,1.11,,,,,anwenden (Nachbarn),0.24
harmonics_noaa_eutt.txt,"Cape Coast, Ghana",eutt-185,2.106,0.0699,0.1472,0.137,0.289,0.355,1,1.04,1.11,,,,,anwenden (Nachbarn),0.24
harmonics_noaa_eutt.txt,"Dixcove, Ghana",eutt-189,2.138,0.0699,0.1494,0.137,0.294,0.355,1,1.04,1.11,,,,,anwenden (Nachbarn),0.24
harmonics_noaa_eutt.txt,"Axim, Ghana",eutt-191,2.103,0.0699,0.147,0.137,0.289,0.355,1,1.04,1.11,,,,,anwenden (Nachbarn),0.24
harmonics_noaa_eutt.txt,"Abidjan (Canal de Vridi), Ivory Coast",eutt-193,2.216,0.0621,0.1376,0.201,0.446,0.355,3,0.66,0.67,h230a_abidjan.csv,0.0,11.4,12.0,lassen (Pegel schlechter),0.21
harmonics_noaa_eutt.txt,"Grand-Lahou, Ivory Coast",eutt-195,2.108,0.0699,0.1474,0.137,0.29,0.391,1,1.05,1.11,,,,,anwenden (Nachbarn),0.24
harmonics_noaa_eutt.txt,"Mouillage de Sassandra, Ivory Coast",eutt-197,2.071,0.0699,0.1448,0.13,0.268,0.238,1,1.11,1.17,,,,,anwenden (Nachbarn),0.24
harmonics_noaa_eutt.txt,"Tabou River, Ivory Coast",eutt-201,2.076,0.0621,0.1289,0.144,0.299,0.489,1,0.91,0.94,,,,,anwenden (Nachbarn),0.24
harmonics_noaa_eutt.txt,"Harper (Cape Palmas), Liberia",eutt-203,2.19,0.0578,0.1266,0.163,0.357,0.332,1,0.76,0.77,,,,,anwenden (Nachbarn),0.19
harmonics_noaa_eutt.txt,"Junk River entrance, Liberia",eutt-213,2.084,0.0578,0.1205,0.15,0.313,0.332,1,0.83,0.84,,,,,anwenden (Nachbarn),0.2
harmonics_noaa_eutt.txt,"Marshall, Junk River, Liberia",eutt-215,2.286,0.0578,0.1321,0.179,0.409,0.332,1,0.67,0.7,,,,,anwenden (Nachbarn),0.19
harmonics_noaa_eutt.txt,"Harbel, Farmington River, Liberia",eutt-217,2.273,0.0578,0.1314,0.171,0.388,,0,0.7,0.74,,,,,anwenden (nur Buch),0.19
harmonics_noaa_eutt.txt,"Kerefe River, Liberia",eutt-223,1.822,0.0893,0.1627,0.186,0.34,0.865,1,0.98,1.04,,,,,anwenden (Nachbarn),0.1
harmonics_noaa_eutt.txt,"Shenge Point, Sherbro River, Sierra Leone",eutt-225,1.838,0.2083,0.383,0.19,0.349,0.297,1,2.24,2.38,,,,,anwenden (Nachbarn),0.1
harmonics_noaa_eutt.txt,"Buoy Point, Sherbro River, Sierra Leone",eutt-227,1.837,0.1984,0.3644,0.189,0.347,,0,2.14,2.28,,,,,anwenden (nur Buch),0.1
harmonics_noaa_eutt.txt,"York Island, Sherbro River, Sierra Leone",eutt-229,1.835,0.1191,0.2185,0.188,0.345,0.279,1,1.29,1.37,,,,,anwenden (Nachbarn),0.1
harmonics_noaa_eutt.txt,"Banana Islands, Sierra Leone",eutt-231,1.88,0.1984,0.373,0.214,0.402,0.333,1,1.9,2.01,,,,,anwenden (Nachbarn),0.09
harmonics_noaa_eutt.txt,"Freetown, Sierra Leone",eutt-233,1.837,0.1984,0.3645,0.189,0.347,0.335,2,2.14,2.28,,,,,anwenden (Nachbarn),0.1
harmonics_noaa_eutt.txt,"Maroon River, Sierra Leone",eutt-235,1.828,0.2083,0.3807,0.19,0.347,0.349,1,2.24,2.38,,,,,anwenden (Nachbarn),0.1
harmonics_noaa_eutt.txt,"Pepel, Sierra Leone",eutt-237,1.836,0.2183,0.4009,0.188,0.346,0.318,1,2.36,2.51,,,,,anwenden (Nachbarn),0.1
harmonics_noaa_eutt.txt,"Bôlintan (Île Tana), Guinea",eutt-239,1.721,0.1885,0.3244,0.13,0.223,0.309,1,2.95,3.15,,,,,anwenden (Nachbarn),0.11
harmonics_noaa_eutt.txt,"Dubréka, Guinea",eutt-243,1.826,0.3175,0.5796,0.189,0.344,0.344,1,3.44,3.65,,,,,anwenden (Nachbarn),0.1
harmonics_noaa_eutt.txt,"Taboria, Guinea",eutt-245,1.825,0.2381,0.4344,0.188,0.343,0.283,1,2.58,2.75,,,,,anwenden (Nachbarn),0.1
harmonics_noaa_eutt.txt,"Cacine, Guinea-Bissau",eutt-251,1.843,0.3968,0.7315,0.193,0.356,0.307,1,4.19,4.46,,,,,anwenden (Nachbarn),0.09
harmonics_noaa_eutt.txt,"Porto de Bolama, Guinea-Bissau",eutt-255,1.731,0.2877,0.4981,0.153,0.264,0.284,1,3.83,4.09,BOLAMA.csv,0.0,24.5,20.2,anwenden (Pegel),0.1
harmonics_noaa_eutt.txt,"Porto de Bissau, Guinea-Bissau",eutt-257,1.708,0.2877,0.4915,0.148,0.252,0.271,2,4.03,4.22,,,,,anwenden (Nachbarn),0.1
harmonics_noaa_eutt.txt,"Ilheu de Caio, Guinea-Bissau",eutt-263,1.79,0.1687,0.3019,0.161,0.287,,0,2.14,2.28,,,,,anwenden (nur Buch),0.1
harmonics_noaa_eutt.txt,"Cacheu, Guinea-Bissau",eutt-265,1.726,0.1389,0.2397,0.14,0.242,0.261,2,2.01,2.15,,,,,anwenden (Nachbarn),0.1
harmonics_noaa_eutt.txt,"Karabane (Casamance), Senegal",eutt-269,2.134,0.0917,0.1957,0.191,0.408,0.344,1,0.98,1.04,,,,,anwenden (Nachbarn),0.15
harmonics_noaa_eutt.txt,"Cape St. Mary (Bakau), Gambia",eutt-271,2.033,0.1,0.2033,0.158,0.321,,0,1.3,1.37,,,,,anwenden (nur Buch),0.16
harmonics_noaa_eutt.txt,"Banjul, Gambia",eutt-273,2.004,0.0917,0.1838,0.148,0.297,0.333,2,1.26,1.34,,,,,anwenden (Nachbarn),0.17
harmonics_noaa_eutt.txt,"Salikenne Point, Gambia",eutt-277,1.977,0.1417,0.2801,0.158,0.312,,0,1.91,1.94,,,,,anwenden (nur Buch),0.16
harmonics_noaa_eutt.txt,"Pointe de Sangomar (Saloum River), Senegal",eutt-283,2.099,0.075,0.1574,0.18,0.377,,0,0.86,0.91,,,,,anwenden (nur Buch),0.16
harmonics_noaa_eutt.txt,"Saint-Louis, Senegal",eutt-287,2.1,0.0917,0.1925,0.18,0.377,0.418,2,1.05,1.11,SAINT_LOUIS.csv,0.01,11.4,10.3,anwenden (Pegel),0.16
harmonics_noaa_eutt.txt,"Port Tanit, Mauritania",eutt-289,2.086,0.1,0.2086,0.18,0.375,,0,1.15,1.21,,,,,anwenden (nur Buch),0.16
harmonics_noaa_eutt.txt,"Nouadhibou, Mauritania",eutt-293,2.063,0.1167,0.2407,0.194,0.399,0.436,1,1.3,1.31,NOUADHIBOU.csv,0.0,9.8,6.5,anwenden (Pegel),0.15
harmonics_noaa_eutt.txt,"La Güera, Mauritania",eutt-295,1.917,0.1091,0.2091,0.243,0.467,0.506,1,0.92,0.97,,,,,anwenden (Nachbarn),0.09
harmonics_noaa_eutt.txt,"Lassarga (Rio de Oro), Western Sahara",eutt-297,1.727,0.1488,0.257,0.201,0.346,0.403,1,1.55,1.61,,,,,anwenden (Nachbarn),0.1
harmonics_noaa_eutt.txt,"Dakhla, Western Sahara",eutt-299,1.801,0.1488,0.2679,0.201,0.361,0.414,1,1.54,1.61,,,,,anwenden (Nachbarn),0.09
harmonics_noaa_eutt.txt,"El Jadida, Morocco",eutt-313,1.855,0.2183,0.4048,0.211,0.391,,0,2.12,2.25,MAZAGAN.csv,0.0,16.3,11.6,anwenden (Pegel),0.09
harmonics_noaa_eutt.txt,"Kénitra, Morocco",eutt-321,1.858,0.1587,0.2948,0.219,0.406,0.297,1,1.49,1.58,,,,,lassen (Nachbarn),0.09
harmonics_noaa_eutt.txt,"Larache, Morocco",eutt-323,1.955,0.2282,0.4461,0.264,0.516,0.439,1,1.78,1.88,,,,,anwenden (Nachbarn),0.08
harmonics_noaa_eutt.txt,"Asilah, Morocco",eutt-325,1.983,0.2282,0.4526,0.279,0.553,0.577,1,1.69,1.78,,,,,anwenden (Nachbarn),0.08
harmonics_noaa_eutt.txt,"Ceuta, Spain",eutt-329,1.622,0.0879,0.1425,0.275,0.445,0.377,1,0.67,0.7,,,,,anwenden (Nachbarn),0.08
harmonics_noaa_eutt.txt,"Gabès, Tunisia",eutt-353,1.568,0.244,0.3825,0.47,0.737,0.619,1,1.11,1.24,,,,,anwenden (Nachbarn),0.04
harmonics_noaa_eutt.txt,"Hawmat As Suq, Tunisia",eutt-355,1.589,0.1627,0.2586,0.483,0.768,0.645,1,0.72,0.8,,,,,anwenden (Nachbarn),0.04
harmonics_noaa_eutt.txt,"Zarzis (Jarjis), Tunisia",eutt-357,1.553,0.1084,0.1684,0.455,0.706,,0,0.51,0.57,,,,,anwenden (nur Buch),0.04
harmonics_noaa_eutt.txt,"Tripoli (Tarabulus), Libya",eutt-359,1.794,0.0377,0.0676,0.412,0.74,0.615,1,0.2,0.2,,,,,anwenden (Nachbarn),0.06
harmonics_noaa_eutt.txt,"Port Said, Egypt",eutt-365,1.723,0.0503,0.0867,0.367,0.632,0.6,2,0.29,0.3,,,,,anwenden (Nachbarn),0.07
harmonics_noaa_eutt.txt,"Girne (Kyrenia), Cyprus",eutt-373,1.962,0.0503,0.0987,0.471,0.925,0.6,1,0.23,0.23,,,,,lassen (Nachbarn),0.06
harmonics_noaa_eutt.txt,"Famagusta, Cyprus",eutt-375,1.801,0.0377,0.0679,0.412,0.743,0.636,1,0.2,0.2,,,,,anwenden (Nachbarn),0.06
harmonics_noaa_eutt.txt,"Bar, Montenegro",eutt-385,1.795,0.0377,0.0677,0.412,0.74,0.667,1,0.2,0.2,,,,,anwenden (Nachbarn),0.06
harmonics_noaa_eutt.txt,"Dubrovnik (Ragusa), Croatia",eutt-387,1.704,0.0377,0.0642,0.353,0.602,0.667,1,0.23,0.23,,,,,anwenden (Nachbarn),0.07
harmonics_noaa_eutt.txt,"Trieste, Italy",eutt-405,3.556,0.0687,0.2443,0.254,0.903,0.595,2,0.61,0.67,,,,,anwenden (Nachbarn),0.49
harmonics_noaa_eutt.txt,"Grado, Italy",eutt-407,3.65,0.0601,0.2194,0.261,0.954,,0,0.52,0.57,,,,,anwenden (nur Buch),0.48
harmonics_noaa_eutt.txt,"Malamocco, Italy",eutt-411,4.701,0.0773,0.3634,0.336,1.581,0.609,1,0.53,0.57,,,,,lassen (Nachbarn),0.36
harmonics_noaa_eutt.txt,"Chioggia, Italy",eutt-413,3.678,0.0601,0.221,0.261,0.961,0.545,1,0.52,0.57,,,,,lassen (Nachbarn),0.48
harmonics_noaa_eutt.txt,"Palermo, Sicily, Italy",eutt-427,1.72,0.0187,0.0322,0.153,0.263,0.369,2,0.25,0.27,,,,,anwenden (Nachbarn),0.08
harmonics_noaa_eutt.txt,"Lipari, Italy",eutt-429,1.942,0.028,0.0544,0.229,0.445,0.333,1,0.25,0.27,,,,,lassen (Nachbarn),0.07
harmonics_noaa_eutt.txt,"Milazzo, Sicily, Italy",eutt-431,1.942,0.028,0.0544,0.229,0.445,0.417,1,0.25,0.27,,,,,anwenden (Nachbarn),0.07
harmonics_noaa_eutt.txt,"Málaga, Spain",eutt-445,1.96,0.0467,0.0915,0.235,0.461,0.382,1,0.41,0.44,,,,,anwenden (Nachbarn),0.07
harmonics_noaa_eutt.txt,"Tarifa, Spain",eutt-449,1.864,0.0841,0.1567,0.196,0.366,0.376,1,0.89,0.94,,,,,anwenden (Nachbarn),0.07
harmonics_noaa_eutt.txt,"Conil de la Frontera, Spain",eutt-451,2.119,0.2231,0.4727,0.237,0.503,,0,1.93,2.05,,,,,anwenden (nur Buch),0.07
harmonics_noaa_eutt.txt,"Arsenal de la Carraca, Spain",eutt-453,2.031,0.2231,0.4531,0.198,0.403,0.312,2,2.3,2.45,,,,,anwenden (Nachbarn),0.08
harmonics_noaa_eutt.txt,"Cádiz, Spain",eutt-455,2.053,0.2231,0.4581,0.21,0.431,0.361,1,2.18,2.31,,,,,anwenden (Nachbarn),0.08
harmonics_noaa_eutt.txt,"Rota, Spain",eutt-457,2.01,0.2231,0.4484,0.188,0.378,0.357,2,2.42,2.58,,,,,anwenden (Nachbarn),0.08
harmonics_noaa_eutt.txt,"Sanlúcar, Río Guadalquivir, Spain",eutt-461,2.03,0.2045,0.4152,0.198,0.402,0.347,2,2.11,2.25,BonanzaTG.csv,2.37,18.3,18.8,lassen (Pegel schlechter),0.08
harmonics_noaa_eutt.txt,"Huelva (Río Odiel), Spain",eutt-465,2.0,0.2231,0.4461,0.183,0.367,,0,2.48,2.65,,,,,anwenden (nur Buch),0.08
harmonics_noaa_eutt.txt,"Ayamonte, Spain",eutt-467,1.978,0.1859,0.3677,0.172,0.341,0.357,4,2.2,2.35,,,,,anwenden (Nachbarn),0.08
harmonics_noaa_eutt.txt,"Vila Real de Santo António, Portugal",eutt-469,1.976,0.1766,0.349,0.171,0.338,0.357,4,2.1,2.25,,,,,anwenden (Nachbarn),0.08
harmonics_noaa_eutt.txt,"Faro bar, Portugal",eutt-471,1.986,0.1766,0.3507,0.176,0.35,0.373,2,2.04,2.18,,,,,anwenden (Nachbarn),0.08
harmonics_noaa_eutt.txt,"Albufeira (Ponta da Baleeira), Portugal",eutt-473,2.05,0.2045,0.4192,0.207,0.425,0.359,1,2.02,2.15,albu_Albufeira.csv,0.57,19.9,17.0,anwenden (Pegel),0.08
harmonics_noaa_eutt.txt,"Ponta do Altar, Portugal",eutt-475,2.05,0.2045,0.4192,0.207,0.425,0.367,1,2.02,2.15,,,,,anwenden (Nachbarn),0.08
harmonics_noaa_eutt.txt,"Lagos, Portugal",eutt-477,2.048,0.2231,0.457,0.207,0.424,0.36,1,2.21,2.35,h723a_lagos.csv,0.0,18.1,16.1,anwenden (Pegel),0.08
harmonics_noaa_eutt.txt,"Ponta de Sagres, Portugal",eutt-479,2.006,0.1952,0.3916,0.186,0.374,0.36,2,2.14,2.28,sagr_Sagres.csv,2.25,15.1,13.1,anwenden (Pegel),0.08
harmonics_noaa_eutt.txt,"Arrifana, Portugal",eutt-481,2.006,0.1952,0.3916,0.186,0.374,0.382,1,2.14,2.28,arri_Arrifana.csv,1.39,25.7,23.5,anwenden (Pegel),0.08
harmonics_noaa_eutt.txt,"Vila Nova de Milfontes, Portugal",eutt-483,2.031,0.2045,0.4153,0.198,0.402,,0,2.11,2.25,,,,,anwenden (nur Buch),0.08
harmonics_noaa_eutt.txt,"Enseada de Sines, Portugal",eutt-485,2.017,0.1952,0.3937,0.192,0.387,0.354,2,2.08,2.21,SinesTG.csv,0.43,16.5,12.6,anwenden (Pegel),0.08
harmonics_noaa_eutt.txt,"Setúbal, Portugal",eutt-487,1.997,0.2045,0.4083,0.182,0.363,,0,2.29,2.45,,,,,anwenden (nur Buch),0.08
harmonics_noaa_eutt.txt,"Sesimbra, Portugal",eutt-489,2.019,0.2045,0.4128,0.192,0.388,0.355,1,2.17,2.31,,,,,anwenden (Nachbarn),0.08
harmonics_noaa_eutt.txt,"Cascais, Portugal",eutt-493,2.017,0.1952,0.3938,0.192,0.387,0.356,2,2.08,2.21,h209_cascais.csv,0.0,19.8,17.2,anwenden (Pegel),0.08
harmonics_noaa_eutt.txt,"Nazaré (Baía de Pederneira), Portugal",eutt-497,2.007,0.2045,0.4105,0.187,0.375,0.349,2,2.23,2.38,NazareTG.csv,0.53,18.2,15.5,anwenden (Pegel),0.08
harmonics_noaa_eutt.txt,"Figueira da Foz, Portugal",eutt-499,2.007,0.2045,0.4105,0.187,0.375,0.36,1,2.23,2.38,,,,,anwenden (Nachbarn),0.08
harmonics_noaa_eutt.txt,"Barra de Aveiro (Gafanha da Nazaré), Portugal",eutt-501,1.986,0.1301,0.2584,0.176,0.349,0.369,1,1.51,1.61,,,,,anwenden (Nachbarn),0.08
harmonics_noaa_eutt.txt,"Cantareira (Barra do Douro), Portugal",eutt-503,1.999,0.1859,0.3717,0.183,0.366,,0,2.07,2.21,,,,,anwenden (nur Buch),0.08
harmonics_noaa_eutt.txt,"Porto (Rio Douro), Portugal",eutt-505,1.982,0.1859,0.3685,0.175,0.347,,0,2.17,2.31,,,,,anwenden (nur Buch),0.08
harmonics_noaa_eutt.txt,"Porto de Leixões (Matosinhos), Portugal",eutt-507,2.083,0.2509,0.5226,0.223,0.465,0.346,2,2.31,2.45,LeixoesTG.csv,0.0,16.4,18.3,lassen (Pegel schlechter),0.08
harmonics_noaa_eutt.txt,"Póvoa de Varzim, Portugal",eutt-509,2.012,0.1952,0.3927,0.189,0.38,,0,2.11,2.25,,,,,anwenden (nur Buch),0.08
harmonics_noaa_eutt.txt,"Esposende (Rio Cávado), Portugal",eutt-511,2.029,0.1952,0.3961,0.198,0.402,,0,2.02,2.15,,,,,anwenden (nur Buch),0.08
harmonics_noaa_eutt.txt,"A Guarda, Spain",eutt-515,2.026,0.2324,0.4708,0.196,0.397,,0,2.42,2.58,,,,,anwenden (nur Buch),0.08
harmonics_noaa_eutt.txt,"Baiona, Spain",eutt-517,2.025,0.2324,0.4706,0.196,0.397,,0,2.42,2.58,,,,,anwenden (nur Buch),0.08
harmonics_noaa_eutt.txt,"Vigo, Spain",eutt-519,2.009,0.2231,0.4483,0.188,0.378,0.348,1,2.42,2.58,,,,,anwenden (Nachbarn),0.08
harmonics_noaa_eutt.txt,"Marín (Ría de Pontevedra), Spain",eutt-521,2.031,0.2231,0.4531,0.198,0.403,0.348,1,2.3,2.45,,,,,anwenden (Nachbarn),0.08
harmonics_noaa_eutt.txt,"Vilagarcía de Arousa, Spain",eutt-523,2.004,0.2231,0.4472,0.186,0.372,0.349,1,2.45,2.62,,,,,anwenden (Nachbarn),0.08
harmonics_noaa_eutt.txt,"Santa Uxía de Ribeíra (Ría de Arousa), Spain",eutt-525,2.026,0.2324,0.4708,0.196,0.397,,0,2.42,2.58,,,,,anwenden (nur Buch),0.08
harmonics_noaa_eutt.txt,"Cabo Corrubedo, Spain",eutt-527,2.026,0.2324,0.4708,0.196,0.397,,0,2.42,2.58,,,,,anwenden (nur Buch),0.08
harmonics_noaa_eutt.txt,"Freixo, Spain",eutt-529,2.01,0.2324,0.4671,0.189,0.379,,0,2.52,2.68,,,,,anwenden (nur Buch),0.08
harmonics_noaa_eutt.txt,"Muros, Spain",eutt-531,2.026,0.2324,0.4708,0.196,0.397,,0,2.42,2.58,,,,,anwenden (nur Buch),0.08
harmonics_noaa_eutt.txt,"Corcubión, Spain",eutt-533,2.026,0.2324,0.4708,0.196,0.397,,0,2.42,2.58,,,,,anwenden (nur Buch),0.08
harmonics_noaa_eutt.txt,"Camariñas, Spain",eutt-535,2.028,0.2509,0.5087,0.196,0.398,,0,2.61,2.78,,,,,anwenden (nur Buch),0.08
harmonics_noaa_eutt.txt,"Corme, Spain",eutt-537,2.027,0.2509,0.5087,0.196,0.398,0.453,1,2.61,2.78,,,,,anwenden (Nachbarn),0.08
harmonics_noaa_eutt.txt,"La Coruña, Spain",eutt-539,2.017,0.2416,0.4873,0.191,0.386,0.35,1,2.58,2.75,,,,,anwenden (Nachbarn),0.08
harmonics_noaa_eutt.txt,"El Ferrol, Spain",eutt-541,1.997,0.2324,0.464,0.182,0.363,0.349,4,2.61,2.78,,,,,anwenden (Nachbarn),0.08
harmonics_noaa_eutt.txt,"Cedeira, Spain",eutt-543,2.01,0.2602,0.523,0.188,0.377,,0,2.83,3.02,,,,,anwenden (nur Buch),0.08
harmonics_noaa_eutt.txt,"Cariño, Spain",eutt-545,2.01,0.2602,0.5229,0.188,0.377,,0,2.83,3.02,,,,,anwenden (nur Buch),0.08
harmonics_noaa_eutt.txt,"Foz, Spain",eutt-549,2.023,0.2602,0.5264,0.194,0.393,,0,2.74,2.92,,,,,anwenden (nur Buch),0.08
harmonics_noaa_eutt.txt,"Ribadeo, Spain",eutt-551,2.01,0.2602,0.5229,0.188,0.377,,0,2.83,3.02,,,,,anwenden (nur Buch),0.08
harmonics_noaa_eutt.txt,"Luarca, Spain",eutt-553,2.011,0.2695,0.5419,0.188,0.378,,0,2.93,3.12,,,,,anwenden (nur Buch),0.08
harmonics_noaa_eutt.txt,"Ría de Pravia, Spain",eutt-555,2.023,0.2602,0.5264,0.194,0.393,0.385,1,2.74,2.92,,,,,anwenden (Nachbarn),0.08
harmonics_noaa_eutt.txt,"Avilés, Spain",eutt-557,2.009,0.2509,0.5041,0.187,0.376,0.348,1,2.74,2.92,,,,,anwenden (Nachbarn),0.08
harmonics_noaa_eutt.txt,"Luanco, Spain",eutt-559,2.023,0.2602,0.5265,0.194,0.393,,0,2.74,2.92,,,,,anwenden (nur Buch),0.08
harmonics_noaa_eutt.txt,"Gijón (El Musel), Spain",eutt-561,2.01,0.2602,0.5229,0.188,0.377,0.349,1,2.83,3.02,,,,,anwenden (Nachbarn),0.08
harmonics_noaa_eutt.txt,"Ribadesella, Spain",eutt-563,2.01,0.2602,0.5229,0.188,0.377,,0,2.83,3.02,,,,,anwenden (nur Buch),0.08
harmonics_noaa_eutt.txt,"Llanes, Spain",eutt-565,2.023,0.2602,0.5265,0.194,0.393,,0,2.74,2.92,,,,,anwenden (nur Buch),0.08
harmonics_noaa_eutt.txt,"San Vicente de la Barquera, Spain",eutt-567,2.032,0.2695,0.5476,0.199,0.404,,0,2.77,2.95,,,,,anwenden (nur Buch),0.08
harmonics_noaa_eutt.txt,"Suances, Spain",eutt-569,2.037,0.2695,0.5491,0.201,0.41,,0,2.74,2.92,,,,,anwenden (nur Buch),0.08
harmonics_noaa_eutt.txt,"Santander, Spain",eutt-571,2.019,0.2695,0.5442,0.192,0.388,0.347,1,2.86,3.05,,,,,anwenden (Nachbarn),0.08
harmonics_noaa_eutt.txt,"Santoña, Spain",eutt-573,2.032,0.2695,0.5476,0.199,0.404,,0,2.77,2.95,,,,,anwenden (nur Buch),0.08
harmonics_noaa_eutt.txt,"Castro-Urdiales, Spain",eutt-575,2.037,0.2695,0.5489,0.201,0.41,,0,2.74,2.92,,,,,anwenden (nur Buch),0.08
harmonics_noaa_eutt.txt,"Santurtzi (Bilbao), Spain",eutt-577,2.015,0.2695,0.543,0.19,0.383,0.35,1,2.89,3.08,,,,,anwenden (Nachbarn),0.08
harmonics_noaa_eutt.txt,"Portugalete (Abra Bilbao), Spain",eutt-579,2.015,0.2695,0.543,0.19,0.383,0.35,1,2.89,3.08,,,,,anwenden (Nachbarn),0.08
harmonics_noaa_eutt.txt,"Bermeo, Spain",eutt-583,1.986,0.2788,0.5536,0.176,0.349,,0,3.24,3.45,,,,,anwenden (nur Buch),0.08
harmonics_noaa_eutt.txt,"Lekeitio, Spain",eutt-585,2.037,0.2788,0.5679,0.201,0.41,,0,2.84,3.02,,,,,anwenden (nur Buch),0.08
harmonics_noaa_eutt.txt,"Ondarroa, Spain",eutt-587,2.056,0.2788,0.5732,0.21,0.433,,0,2.71,2.88,,,,,anwenden (nur Buch),0.08
harmonics_noaa_eutt.txt,"Deba, Spain",eutt-589,2.036,0.2788,0.5676,0.201,0.409,,0,2.84,3.02,,,,,anwenden (nur Buch),0.08
harmonics_noaa_eutt.txt,"Getaria, Spain",eutt-591,2.036,0.2788,0.5676,0.201,0.409,,0,2.84,3.02,,,,,anwenden (nur Buch),0.08
harmonics_noaa_eutt.txt,"Ría de Orio, Spain",eutt-593,2.037,0.2788,0.5678,0.201,0.41,,0,2.84,3.02,,,,,anwenden (nur Buch),0.08
harmonics_noaa_eutt.txt,"Donostia (San Sebastián), Spain",eutt-595,2.037,0.2788,0.5678,0.201,0.41,,0,2.84,3.02,,,,,anwenden (nur Buch),0.08
harmonics_noaa_eutt.txt,"Pasaia, Spain",eutt-597,2.014,0.2695,0.5428,0.19,0.383,0.347,1,2.89,3.08,,,,,anwenden (Nachbarn),0.08
harmonics_noaa_eutt.txt,"Saint-Jean-de-Luz (Socoa), France",eutt-601,2.124,0.292,0.6202,0.203,0.432,0.347,4,2.97,3.12,95.npz,0.01,18.7,18.1,anwenden (Pegel),0.06
harmonics_noaa_eutt.txt,"Boucau-Bayonne (L'Adour), France",eutt-603,2.133,0.2738,0.584,0.208,0.445,0.347,2,2.72,2.85,94.npz,0.0,17.3,14.8,anwenden (Pegel),0.06
harmonics_noaa_eutt.txt,"La Cayenne (Seudre), France",eutt-623,2.075,0.3012,0.6251,0.177,0.368,0.353,1,3.5,3.69,,,,,anwenden (Nachbarn),0.06
harmonics_noaa_eutt.txt,"Île-d'Aix, France",eutt-627,2.093,0.3833,0.8023,0.187,0.39,0.359,1,4.24,4.46,ILE_D_AIX.csv,0.02,32.1,28.9,anwenden (Pegel),0.06
harmonics_noaa_eutt.txt,"Saint-Martin-de-Ré (Île de Ré), France",eutt-633,2.156,0.438,0.9443,0.221,0.477,0.362,1,4.1,4.29,SAINT-MARTIN_DE_RE.csv,0.01,27.1,34.1,lassen (Pegel schlechter),0.06
harmonics_noaa_eutt.txt,"Les Sables-d'Olonne, France",eutt-635,2.093,0.3103,0.6494,0.186,0.389,0.359,1,3.44,3.62,62.npz,0.01,28.1,23.5,anwenden (Pegel),0.06
harmonics_noaa_eutt.txt,"Saint-Gilles-Croix-de-Vie, France",eutt-637,2.092,0.3285,0.6873,0.186,0.39,0.357,1,3.64,3.82,ST-GILLES-CROIX-DE-VIE.csv,0.0,27.1,23.3,anwenden (Pegel),0.06
harmonics_noaa_eutt.txt,"Port-Joinville (Île d'Yeu), France",eutt-639,2.096,0.3194,0.6694,0.188,0.394,0.353,1,3.51,3.69,PORT-JOINVILLE.csv,0.01,24.4,19.4,anwenden (Pegel),0.06
harmonics_noaa_eutt.txt,"Bois de la Chaise (Noirmoutier), France",eutt-643,2.077,0.3377,0.7013,0.178,0.369,,0,3.92,4.12,,,,,anwenden (nur Buch),0.06
harmonics_noaa_eutt.txt,"Paimboeuf (Loire), France",eutt-649,2.083,0.3194,0.6655,0.181,0.378,0.345,1,3.63,3.82,6095.npz,0.0,53.9,47.7,anwenden (Pegel),0.06
harmonics_noaa_eutt.txt,"Port-Navalo, France",eutt-659,2.072,0.292,0.6052,0.175,0.363,0.361,3,3.44,3.62,PORT-NAVALO.csv,0.0,19.7,15.4,anwenden (Pegel),0.06
harmonics_noaa_eutt.txt,"La Trinité-sur-Mer, France",eutt-665,2.098,0.3377,0.7084,0.19,0.399,0.366,1,3.67,3.86,LA_TRINITE-SUR-MER.csv,0.0,26.4,19.8,anwenden (Pegel),0.06
harmonics_noaa_eutt.txt,"Le Palais (Belle-Île), France",eutt-667,2.147,0.3742,0.8035,0.216,0.464,0.364,1,3.59,3.76,LE_PALAIS.csv,0.0,21.9,24.7,lassen (Pegel schlechter),0.06
harmonics_noaa_eutt.txt,"Port-Louis (Locmalo), France",eutt-669,2.079,0.3012,0.6263,0.179,0.372,0.361,2,3.47,3.65,PORT-LOUIS_LOCMALO.csv,0.01,21.4,18.2,anwenden (Pegel),0.06
harmonics_noaa_eutt.txt,"Lorient (Port de commerce), France",eutt-671,2.078,0.3012,0.626,0.179,0.372,0.361,2,3.47,3.65,PORT_COMMERCE_LORIENT.csv,0.0,25.3,17.6,anwenden (Pegel),0.06
harmonics_noaa_eutt.txt,"Penfret (Îles de Glénan), France",eutt-673,2.088,0.3012,0.629,0.184,0.384,0.357,1,3.38,3.55,GLENAN_PENFRET.csv,0.0,22.1,15.2,anwenden (Pegel),0.06
harmonics_noaa_eutt.txt,"Saint-Guénolé (Pointe de Penmarch), France",eutt-681,2.075,0.292,0.606,0.175,0.363,0.358,1,3.44,3.62,SAINT-GUENOLE.csv,0.01,23.8,15.3,anwenden (Pegel),0.06
harmonics_noaa_eutt.txt,"Camaret-sur-Mer, France",eutt-689,1.819,0.48,0.8731,0.217,0.395,0.365,1,4.59,4.83,CAMARET-SUR-MER.csv,0.01,27.5,21.1,anwenden (Pegel),0.04
harmonics_noaa_eutt.txt,"Île-Molène, France",eutt-695,1.808,0.5184,0.9372,0.221,0.399,0.363,1,4.88,5.13,MOLENE_NORD.csv,0.0,30.5,23.0,anwenden (Pegel),0.04
harmonics_noaa_eutt.txt,"Baie de Lampaul (Île d'Ouessant), France",eutt-697,1.814,0.5088,0.9231,0.221,0.401,0.367,1,4.78,5.03,OUESSANT_LAMPAUL.csv,0.0,28.5,22.4,anwenden (Pegel),0.04
harmonics_noaa_eutt.txt,"L'Aber Benoît, France",eutt-699,1.755,0.5088,0.8927,0.195,0.342,0.371,1,5.4,5.7,ABER_BENOIT_MEAN_RENEAT.csv,0.01,38.7,23.7,anwenden (Pegel),0.05
harmonics_noaa_eutt.txt,"Fort Cézon (Landéda), France",eutt-701,1.765,0.5088,0.898,0.196,0.346,0.371,1,5.37,5.67,ABER_WRAC_H.csv,1.95,19.9,14.9,anwenden (Pegel),0.05
harmonics_noaa_eutt.txt,"Carantec, Château du Taureau, France",eutt-705,1.784,0.576,1.0274,0.2,0.356,0.372,1,5.98,6.3,MORLAIX_PEN_AL_LANN.csv,0.0,42.5,23.4,anwenden (Pegel),0.05
harmonics_noaa_eutt.txt,"Port Castel (Plougrescant), France",eutt-709,1.763,0.6239,1.0999,0.195,0.345,0.383,1,6.61,6.97,PORT-BENI.csv,2.9,61.2,48.2,anwenden (Pegel),0.05
harmonics_noaa_eutt.txt,"Saint-Brieuc (Baie du Légué), France",eutt-721,1.75,0.7871,1.3771,0.21,0.368,0.386,1,7.82,8.18,,,,,anwenden (Nachbarn),0.05
harmonics_noaa_eutt.txt,"St Helier, Jersey, Channel Islands",eutt-739,1.787,0.8159,1.4579,0.225,0.403,0.391,2,7.59,7.91,2024JER.txt,0.0,48.4,34.5,anwenden (Pegel),0.04
harmonics_noaa_eutt.txt,"Saint Peter Port, Guernsey, Channel Islands",eutt-741,1.788,0.6623,1.1845,0.225,0.402,0.392,1,6.17,6.44,ST-PETER_PORT.csv,0.0,41.6,22.8,anwenden (Pegel),0.04
harmonics_noaa_eutt.txt,"Port-en-Bessin, France",eutt-753,2.212,0.4044,0.8945,0.165,0.364,0.338,1,4.89,5.23,PORT-EN-BESSIN.csv,0.0,40.5,28.6,anwenden (Pegel),0.04
harmonics_noaa_eutt.txt,"Boulogne-sur-Mer, France",eutt-783,2.257,0.4496,1.015,0.138,0.311,0.325,1,6.71,7.11,111.npz,0.0,49.8,32.0,anwenden (Pegel),0.04
harmonics_noaa_eutt.txt,"Dunkerque, France",eutt-789,2.149,0.238,0.5114,0.108,0.232,0.303,1,4.52,4.79,2.npz,0.0,39.4,26.9,anwenden (Pegel),0.04
harmonics_noaa_eutt.txt,"Golspie, Scotland, United Kingdom",eutt-795,2.121,0.2518,0.534,0.189,0.4,,0,2.73,2.88,,,,,anwenden (nur Buch),0.1
harmonics_noaa_eutt.txt,"Portmahomack, Scotland, United Kingdom",eutt-797,2.11,0.2611,0.551,0.196,0.413,,0,2.74,2.88,,,,,anwenden (nur Buch),0.1
harmonics_noaa_eutt.txt,"Invergordon, Scotland, United Kingdom",eutt-799,2.078,0.2798,0.5814,0.188,0.391,,0,3.07,3.22,,,,,anwenden (nur Buch),0.11
harmonics_noaa_eutt.txt,"Lossiemouth, Scotland, United Kingdom",eutt-803,2.078,0.2425,0.504,0.18,0.374,,0,2.77,2.92,,,,,anwenden (nur Buch),0.11
harmonics_noaa_eutt.txt,"Banff, Scotland, United Kingdom",eutt-805,2.026,0.1958,0.3968,0.156,0.316,,0,2.58,2.72,,,,,anwenden (nur Buch),0.11
harmonics_noaa_eutt.txt,"Peterhead, Scotland, United Kingdom",eutt-807,2.045,0.2331,0.4768,0.181,0.37,,0,2.66,2.78,,,,,anwenden (nur Buch),0.11
harmonics_noaa_eutt.txt,"Stonehaven, Scotland, United Kingdom",eutt-811,2.109,0.2704,0.5703,0.178,0.375,,0,3.1,3.29,,,,,anwenden (nur Buch),0.11
harmonics_noaa_eutt.txt,"Tay River Bar, Scotland, United Kingdom",eutt-817,2.123,0.3171,0.6731,0.178,0.377,,0,3.63,3.86,,,,,anwenden (nur Buch),0.11
harmonics_noaa_eutt.txt,"Dundee, Tay River, Scotland, United Kingdom",eutt-819,2.089,0.3077,0.6427,0.17,0.354,0.322,2,3.69,3.92,,,,,anwenden (Nachbarn),0.11
harmonics_noaa_eutt.txt,"Anstruther Easter, Scotland, United Kingdom",eutt-821,2.106,0.3357,0.7069,0.179,0.377,,0,3.82,4.06,,,,,anwenden (nur Buch),0.11
harmonics_noaa_eutt.txt,"Grangemouth (Forth River), Scotland, United Kingdom",eutt-827,2.134,0.373,0.7959,0.184,0.392,,0,4.14,4.39,,,,,anwenden (nur Buch),0.1
harmonics_noaa_eutt.txt,"Fidra (North Berwick), Scotland, United Kingdom",eutt-831,2.13,0.3264,0.6954,0.181,0.387,,0,3.67,3.89,,,,,anwenden (nur Buch),0.11
harmonics_noaa_eutt.txt,"Dunbar, Scotland, United Kingdom",eutt-833,2.147,0.3357,0.7207,0.19,0.408,,0,3.61,3.82,,,,,anwenden (nur Buch),0.1
harmonics_noaa_eutt.txt,"Berwick-upon-Tweed, England, United Kingdom",eutt-837,2.021,0.2331,0.471,0.137,0.276,,0,3.46,3.69,,,,,anwenden (nur Buch),0.11
harmonics_noaa_eutt.txt,"Newcastle-on-Tyne, England, United Kingdom",eutt-843,2.082,0.2984,0.6214,0.166,0.345,,0,3.66,3.89,,,,,anwenden (nur Buch),0.11
harmonics_noaa_eutt.txt,"Sunderland, England, United Kingdom",eutt-845,2.105,0.3077,0.6476,0.177,0.373,,0,3.54,3.76,,,,,anwenden (nur Buch),0.11
harmonics_noaa_eutt.txt,"Seaham, England, United Kingdom",eutt-847,2.13,0.3264,0.6951,0.19,0.404,,0,3.51,3.72,,,,,anwenden (nur Buch),0.1
harmonics_noaa_eutt.txt,"Hartlepool, England, United Kingdom",eutt-849,2.1,0.2891,0.6072,0.17,0.356,,0,3.47,3.69,,,,,anwenden (nur Buch),0.11
harmonics_noaa_eutt.txt,"River Tees (Teesmouth), England, United Kingdom",eutt-851,2.124,0.3357,0.7129,0.187,0.396,0.338,1,3.67,3.89,,,,,anwenden (Nachbarn),0.1
harmonics_noaa_eutt.txt,"Scarborough, England, United Kingdom",eutt-855,2.131,0.345,0.7353,0.189,0.402,0.337,2,3.73,3.96,,,,,anwenden (Nachbarn),0.1
harmonics_noaa_eutt.txt,"Grimsby, England, United Kingdom",eutt-861,2.068,0.4364,0.9024,0.185,0.383,,0,4.84,5.1,,,,,anwenden (nur Buch),0.09
harmonics_noaa_eutt.txt,"Hull, England, United Kingdom",eutt-865,2.037,0.4554,0.9276,0.176,0.358,0.324,1,5.34,5.6,,,,,anwenden (Nachbarn),0.1
harmonics_noaa_eutt.txt,"Goole, England, United Kingdom",eutt-867,1.955,0.3226,0.6308,0.153,0.299,,0,4.25,4.56,,,,,anwenden (nur Buch),0.1
harmonics_noaa_eutt.txt,"Skegness, England, United Kingdom",eutt-869,2.039,0.4459,0.9091,0.185,0.378,,0,4.96,5.2,,,,,anwenden (nur Buch),0.1
harmonics_noaa_eutt.txt,"Boston, England, United Kingdom",eutt-871,2.089,0.5218,1.0898,0.2,0.418,,0,5.33,5.63,,,,,anwenden (nur Buch),0.09
harmonics_noaa_eutt.txt,"Great Yarmouth (Gorleston-On-Sea), England, United Kingdom",eutt-877,2.724,0.1234,0.3361,0.159,0.432,,0,1.61,1.68,rloi6015.json,0.01,22.9,22.6,anwenden (Pegel),0.09
harmonics_noaa_eutt.txt,"Orford Ness, England, United Kingdom",eutt-881,2.954,0.0793,0.2342,0.074,0.218,,0,2.21,2.31,rloi6296.json,2.99,66.9,65.8,anwenden (Pegel),0.1
harmonics_noaa_eutt.txt,"Brightlingsea (Colne River), England, United Kingdom",eutt-885,2.679,0.2292,0.614,0.122,0.326,,0,3.89,4.06,,,,,anwenden (nur Buch),0.09
harmonics_noaa_eutt.txt,"Osea Island (Blackwater River), England, United Kingdom",eutt-887,2.703,0.2292,0.6195,0.11,0.297,,0,4.33,4.49,,,,,anwenden (nur Buch),0.09
harmonics_noaa_eutt.txt,"Tilbury (Thames River), England, United Kingdom",eutt-895,2.678,0.2733,0.732,0.106,0.285,,0,5.33,5.53,rloi7394.json,0.01,37.6,27.3,anwenden (Pegel),0.09
harmonics_noaa_eutt.txt,"Ramsgate, England, United Kingdom",eutt-903,2.255,0.2733,0.6163,0.137,0.308,,0,4.11,4.36,,,,,anwenden (nur Buch),0.04
harmonics_noaa_eutt.txt,"Folkestone, England, United Kingdom",eutt-909,2.256,0.3527,0.7956,0.136,0.306,,0,5.35,5.67,,,,,anwenden (nur Buch),0.04
harmonics_noaa_eutt.txt,"Dungeness, England, United Kingdom",eutt-911,2.269,0.3967,0.9002,0.14,0.318,,0,5.82,6.17,,,,,anwenden (nur Buch),0.04
harmonics_noaa_eutt.txt,"Eastbourne, England, United Kingdom",eutt-917,2.32,0.4056,0.9411,0.158,0.366,,0,5.3,5.6,,,,,anwenden (nur Buch),0.03
harmonics_noaa_eutt.txt,"Shoreham (River Adur), England, United Kingdom",eutt-921,2.308,0.335,0.7733,0.152,0.351,0.308,1,4.53,4.79,rloi1032.json,0.07,36.8,30.0,anwenden (Pegel),0.03
harmonics_noaa_eutt.txt,"Selsey Bill, England, United Kingdom",eutt-925,2.543,0.2307,0.5866,0.109,0.277,,0,4.61,4.06,,,,,anwenden (nur Buch),0.07
harmonics_noaa_eutt.txt,"Ventnor (Isle of Wight), United Kingdom",eutt-929,2.516,0.1561,0.3928,0.113,0.285,,0,3.01,2.65,,,,,anwenden (nur Buch),0.07
harmonics_noaa_eutt.txt,"Cowes (Isle of Wight), England, United Kingdom",eutt-931,2.543,0.19,0.4831,0.118,0.301,,0,3.51,3.08,,,,,anwenden (nur Buch),0.07
harmonics_noaa_eutt.txt,"Calshot Castle, England, United Kingdom",eutt-935,2.549,0.1968,0.5016,0.119,0.302,,0,3.62,3.19,,,,,anwenden (nur Buch),0.07
harmonics_noaa_eutt.txt,"Yarmouth (Isle of Wight), United Kingdom",eutt-937,2.607,0.1357,0.3538,0.125,0.327,0.299,2,2.37,2.08,,,,,anwenden (Nachbarn),0.07
harmonics_noaa_eutt.txt,"Portland, England, United Kingdom",eutt-941,2.413,0.1568,0.3784,0.223,0.537,0.522,2,1.45,1.51,,,,,anwenden (Nachbarn),0.03
harmonics_noaa_eutt.txt,"Lyme Regis, England, United Kingdom",eutt-945,2.432,0.2961,0.72,0.217,0.528,,0,2.81,2.92,,,,,anwenden (nur Buch),0.03
harmonics_noaa_eutt.txt,"Teignmouth, England, United Kingdom",eutt-949,2.383,0.3222,0.7679,0.208,0.495,0.416,2,3.19,3.32,,,,,anwenden (Nachbarn),0.03
harmonics_noaa_eutt.txt,"Torquay, England, United Kingdom",eutt-951,2.379,0.3222,0.7665,0.204,0.485,,0,3.25,3.39,,,,,anwenden (nur Buch),0.03
harmonics_noaa_eutt.txt,"Dartmouth, England, United Kingdom",eutt-953,2.36,0.331,0.7813,0.198,0.466,,0,3.44,3.59,rloi3363.json,0.01,39.9,38.0,anwenden (Pegel),0.03
harmonics_noaa_eutt.txt,"Salcombe, England, United Kingdom",eutt-955,2.358,0.331,0.7807,0.187,0.441,,0,3.62,3.79,,,,,anwenden (nur Buch),0.03
harmonics_noaa_eutt.txt,"Looe, England, United Kingdom",eutt-961,2.367,0.331,0.7833,0.178,0.42,,0,3.81,3.99,,,,,anwenden (nur Buch),0.03
harmonics_noaa_eutt.txt,"Fowey, England, United Kingdom",eutt-963,2.372,0.3222,0.7641,0.173,0.41,,0,3.81,3.99,,,,,anwenden (nur Buch),0.03
harmonics_noaa_eutt.txt,"Newlyn (Penzance), England, United Kingdom",eutt-967,2.366,0.3135,0.7417,0.165,0.391,0.333,2,3.87,4.06,294_Newlyn.csv,0.6,30.2,26.8,anwenden (Pegel),0.03
harmonics_noaa_eutt.txt,"St. Ives, England, United Kingdom",eutt-973,1.794,0.4896,0.8783,0.214,0.384,,0,4.74,5.0,,,,,anwenden (nur Buch),0.04
harmonics_noaa_eutt.txt,"Padstow (River Camel), England, United Kingdom",eutt-977,1.68,0.4224,0.7097,0.158,0.266,,0,5.51,5.83,,,,,anwenden (nur Buch),0.05
harmonics_noaa_eutt.txt,"Appledore, England, United Kingdom",eutt-981,2.213,0.4984,1.1028,0.177,0.392,,0,5.84,6.14,,,,,anwenden (nur Buch),0.06
harmonics_noaa_eutt.txt,"Watchet (Bristol Channel), England, United Kingdom",eutt-989,2.133,0.712,1.5184,0.174,0.371,,0,8.54,8.92,,,,,anwenden (nur Buch),0.06
harmonics_noaa_eutt.txt,"Burnham-on-Sea (River Parrett), England, United Kingdom",eutt-991,2.148,0.6853,1.4723,0.149,0.32,,0,9.52,10.02,,,,,anwenden (nur Buch),0.06
harmonics_noaa_eutt.txt,"Weston-super-Mare, England, United Kingdom",eutt-995,2.09,0.6764,1.4137,0.149,0.312,,0,9.44,9.89,,,,,anwenden (nur Buch),0.06
harmonics_noaa_eutt.txt,"Porthcawl (Bristol Channel), Wales, United Kingdom",eutt-1011,2.157,0.6319,1.3629,0.184,0.398,,0,7.16,7.48,,,,,anwenden (nur Buch),0.06
harmonics_noaa_eutt.txt,"Whiteford Lighthouse (Burry Inlet), Wales, United Kingdom",eutt-1015,2.132,0.534,1.1387,0.176,0.376,,0,6.31,6.61,,,,,anwenden (nur Buch),0.06
harmonics_noaa_eutt.txt,"Ferryside (River Towy), Wales, United Kingdom",eutt-1017,2.106,0.4005,0.8434,0.151,0.319,,0,5.49,5.77,,,,,anwenden (nur Buch),0.06
harmonics_noaa_eutt.txt,"Tenby, Wales, United Kingdom",eutt-1019,2.217,0.5518,1.2231,0.196,0.435,,0,5.86,6.14,,,,,anwenden (nur Buch),0.05
harmonics_noaa_eutt.txt,"Neyland, Wales, United Kingdom",eutt-1021,2.175,0.4628,1.0066,0.195,0.425,,0,4.95,5.16,,,,,anwenden (nur Buch),0.05
harmonics_noaa_eutt.txt,"Aberdovey, Wales, United Kingdom",eutt-1031,2.739,0.2851,0.781,0.168,0.46,,0,3.5,3.62,,,,,anwenden (nur Buch),0.11
harmonics_noaa_eutt.txt,"Bardsey Island, Wales, United Kingdom",eutt-1039,2.745,0.2316,0.6358,0.153,0.421,,0,3.11,3.22,,,,,anwenden (nur Buch),0.11
harmonics_noaa_eutt.txt,"Belan Point (Menai Strait), Wales, United Kingdom",eutt-1041,2.745,0.3029,0.8314,0.191,0.523,,0,3.29,3.39,,,,,anwenden (nur Buch),0.1
harmonics_noaa_eutt.txt,"Amlwch, Wales, United Kingdom",eutt-1045,2.154,0.4005,0.8627,0.156,0.336,,0,5.29,5.6,,,,,anwenden (nur Buch),0.06
harmonics_noaa_eutt.txt,"Trwyn Du (Menai Strait), Wales, United Kingdom",eutt-1047,2.164,0.4361,0.9439,0.16,0.347,,0,5.61,5.93,,,,,anwenden (nur Buch),0.06
harmonics_noaa_eutt.txt,"Menai Bridge (Porthaethwy), Wales, United Kingdom",eutt-1049,2.176,0.4272,0.9294,0.165,0.36,,0,5.33,5.63,,,,,anwenden (nur Buch),0.06
harmonics_noaa_eutt.txt,"Hilbre Island (River Dee), England, United Kingdom",eutt-1053,2.154,0.4806,1.0354,0.156,0.335,,0,6.36,6.74,,,,,anwenden (nur Buch),0.06
harmonics_noaa_eutt.txt,"Eastham (River Mersey), England, United Kingdom",eutt-1059,2.152,0.5429,1.1683,0.154,0.332,,0,7.25,7.68,,,,,anwenden (nur Buch),0.06
harmonics_noaa_eutt.txt,"St. Anne's (River Ribble), England, United Kingdom",eutt-1063,2.254,0.5963,1.3441,0.2,0.451,,0,6.18,6.5,,,,,anwenden (nur Buch),0.05
harmonics_noaa_eutt.txt,"Fleetwood (River Wyre), England, United Kingdom",eutt-1065,2.162,0.5251,1.1351,0.159,0.343,,0,6.81,7.21,,,,,anwenden (nur Buch),0.06
harmonics_noaa_eutt.txt,"Morecambe, England, United Kingdom",eutt-1067,2.143,0.5073,1.0871,0.151,0.323,,0,6.93,7.34,,,,,anwenden (nur Buch),0.06
harmonics_noaa_eutt.txt,"Barrow-in-Furness (Ramsden Dock), England, United Kingdom",eutt-1069,2.173,0.5251,1.141,0.163,0.355,,0,6.62,7.01,,,,,anwenden (nur Buch),0.06
harmonics_noaa_eutt.txt,"Whitehaven, England, United Kingdom",eutt-1071,2.173,0.4717,1.0248,0.164,0.357,,0,5.93,6.27,,,,,anwenden (nur Buch),0.06
harmonics_noaa_eutt.txt,"Workington (Cumbria), England, United Kingdom",eutt-1073,2.17,0.4806,1.0427,0.163,0.353,0.319,1,6.08,6.44,,,,,anwenden (Nachbarn),0.06
harmonics_noaa_eutt.txt,"Maryport, England, United Kingdom",eutt-1075,2.16,0.4806,1.0382,0.158,0.341,,0,6.27,6.64,,,,,anwenden (nur Buch),0.06
harmonics_noaa_eutt.txt,"Silloth, England, United Kingdom",eutt-1077,2.125,0.5251,1.1157,0.158,0.336,,0,6.85,7.24,,,,,anwenden (nur Buch),0.06
harmonics_noaa_eutt.txt,"Ramsey, Isle of Man",eutt-1079,2.163,0.4094,0.8855,0.159,0.345,,0,5.29,5.6,,,,,anwenden (nur Buch),0.06
harmonics_noaa_eutt.txt,"Douglas, Isle of Man",eutt-1081,2.192,0.4094,0.8973,0.172,0.377,,0,4.92,5.2,,,,,anwenden (nur Buch),0.06
harmonics_noaa_eutt.txt,"Peel, Isle of Man",eutt-1083,2.123,0.2759,0.5858,0.141,0.3,,0,4.01,4.26,,,,,anwenden (nur Buch),0.06
harmonics_noaa_eutt.txt,"Isle Of Whithorn, Scotland, United Kingdom",eutt-1087,2.16,0.4005,0.8652,0.158,0.341,,0,5.23,5.53,,,,,anwenden (nur Buch),0.06
harmonics_noaa_eutt.txt,"Drummore, Scotland, United Kingdom",eutt-1089,2.142,0.3115,0.6673,0.15,0.322,,0,4.27,4.53,,,,,anwenden (nur Buch),0.06
harmonics_noaa_eutt.txt,"Ayr (Firth of Clyde), Scotland, United Kingdom",eutt-1093,1.903,0.1251,0.2381,0.118,0.225,,0,2.22,2.28,,,,,anwenden (nur Buch),0.14
harmonics_noaa_eutt.txt,"Ardrossan (Firth of Clyde), Scotland, United Kingdom",eutt-1095,1.862,0.133,0.2476,0.113,0.21,,0,2.48,2.55,,,,,anwenden (nur Buch),0.14
harmonics_noaa_eutt.txt,"Glasgow (Broomielaw), Scotland, United Kingdom",eutt-1099,2.032,0.1955,0.3972,0.115,0.235,,0,3.57,3.65,,,,,anwenden (nur Buch),0.13
harmonics_noaa_eutt.txt,"Bowling (River Clyde), Scotland, United Kingdom",eutt-1101,1.976,0.1642,0.3245,0.114,0.225,,0,3.06,3.12,,,,,anwenden (nur Buch),0.14
harmonics_noaa_eutt.txt,"Rothesay (Bute), Scotland, United Kingdom",eutt-1103,1.836,0.1408,0.2585,0.109,0.2,0.267,1,2.71,2.78,,,,,anwenden (Nachbarn),0.14
harmonics_noaa_eutt.txt,"Inverary (Loch Fyne), Scotland, United Kingdom",eutt-1105,1.155,0.0704,0.0813,0.049,0.057,,0,3.02,3.08,,,,,anwenden (nur Buch),0.16
harmonics_noaa_eutt.txt,"Campbeltown (Kintyre), Scotland, United Kingdom",eutt-1107,1.857,0.1173,0.2178,0.109,0.203,,0,2.24,2.31,,,,,anwenden (nur Buch),0.14
harmonics_noaa_eutt.txt,"Port Askaig (Sound of Jura), Scotland, United Kingdom",eutt-1109,1.864,0.1495,0.2786,0.258,0.481,,0,1.21,1.27,,,,,anwenden (nur Buch),0.08
harmonics_noaa_eutt.txt,"Rubh' A' Mhail (Islay), Scotland, United Kingdom",eutt-1111,1.8,0.269,0.4843,0.238,0.429,,0,2.36,2.48,,,,,anwenden (nur Buch),0.09
harmonics_noaa_eutt.txt,"Port Appin (Loch Linnhe), Scotland, United Kingdom",eutt-1115,1.837,0.3089,0.5673,0.256,0.471,,0,2.52,2.65,,,,,anwenden (nur Buch),0.08
harmonics_noaa_eutt.txt,"Tobermory (Sound of Mull), Scotland, United Kingdom",eutt-1117,1.761,0.3188,0.5615,0.23,0.404,0.407,1,2.92,3.05,2024TOB.txt,1.37,20.4,13.2,anwenden (Pegel),0.09
harmonics_noaa_eutt.txt,"Scarinish (Tiree), Scotland, United Kingdom",eutt-1119,1.769,0.2889,0.511,0.225,0.399,,0,2.68,2.82,,,,,anwenden (nur Buch),0.09
harmonics_noaa_eutt.txt,"Inverie Bay (Loch Nevis), Scotland, United Kingdom",eutt-1121,1.761,0.3686,0.6491,0.23,0.405,,0,3.37,3.52,,,,,anwenden (nur Buch),0.09
harmonics_noaa_eutt.txt,"Kyle Akin (Skye), Scotland, United Kingdom",eutt-1123,1.768,0.3985,0.7047,0.229,0.405,,0,3.63,3.82,,,,,anwenden (nur Buch),0.09
harmonics_noaa_eutt.txt,"Portree, Raasey Sound, Scotland, United Kingdom",eutt-1125,1.786,0.3985,0.7117,0.237,0.424,,0,3.52,3.69,,,,,anwenden (nur Buch),0.09
harmonics_noaa_eutt.txt,"Uig Bay (Loch Snizort), Scotland, United Kingdom",eutt-1127,1.776,0.3886,0.69,0.238,0.423,,0,3.43,3.59,,,,,anwenden (nur Buch),0.09
harmonics_noaa_eutt.txt,"Loch Inver, Scotland, United Kingdom",eutt-1131,1.78,0.3587,0.6385,0.23,0.41,,0,3.24,3.42,,,,,anwenden (nur Buch),0.09
harmonics_noaa_eutt.txt,"Red Bay, Northern Ireland, United Kingdom",eutt-1143,3.722,0.0194,0.0722,0.029,0.107,,0,1.38,1.44,,,,,anwenden (nur Buch),0.14
harmonics_noaa_eutt.txt,"Larne, Northern Ireland, United Kingdom",eutt-1145,2.851,0.0891,0.254,0.083,0.237,,0,2.19,2.28,,,,,anwenden (nur Buch),0.13
harmonics_noaa_eutt.txt,"Belfast (Lagan Weir), Northern Ireland, United Kingdom",eutt-1147,2.748,0.1604,0.4408,0.124,0.342,0.242,1,2.65,2.75,,,,,anwenden (Nachbarn),0.12
harmonics_noaa_eutt.txt,"Donaghadee, Northern Ireland, United Kingdom",eutt-1149,2.72,0.1782,0.4848,0.119,0.324,,0,3.09,3.19,,,,,anwenden (nur Buch),0.12
harmonics_noaa_eutt.txt,"Strangford, Northern Ireland, United Kingdom",eutt-1151,2.63,0.1425,0.3747,0.1,0.262,,0,3.01,3.05,,,,,anwenden (nur Buch),0.12
harmonics_noaa_eutt.txt,"Newcastle, Northern Ireland, United Kingdom",eutt-1153,2.68,0.2494,0.6684,0.131,0.351,,0,3.95,4.06,,,,,anwenden (nur Buch),0.12
harmonics_noaa_eutt.txt,"Cranfield Point, Northern Ireland, United Kingdom",eutt-1155,2.717,0.2138,0.581,0.124,0.336,,0,3.57,3.69,,,,,anwenden (nur Buch),0.12
harmonics_noaa_eutt.txt,"Dundalk (pile light), Ireland",eutt-1157,2.67,0.2762,0.7374,0.151,0.404,,0,3.79,3.89,,,,,anwenden (nur Buch),0.11
harmonics_noaa_eutt.txt,"Dún Laoghaire, Ireland",eutt-1163,2.667,0.2227,0.594,0.161,0.429,,0,2.88,2.95,,,,,anwenden (nur Buch),0.11
harmonics_noaa_eutt.txt,"Hirta (Bagh A' Bhaile), Scotland, United Kingdom",eutt-1247,1.71,0.2292,0.392,0.212,0.362,,0,2.27,2.38,,,,,anwenden (nur Buch),0.09
harmonics_noaa_eutt.txt,"Barra (North Bay), Scotland, United Kingdom",eutt-1249,1.758,0.3188,0.5605,0.237,0.417,,0,2.83,2.95,,,,,anwenden (nur Buch),0.09
harmonics_noaa_eutt.txt,"Loch Boisdale (South Uist), Scotland, United Kingdom",eutt-1251,1.785,0.3587,0.6401,0.253,0.451,,0,2.99,3.12,,,,,anwenden (nur Buch),0.09
harmonics_noaa_eutt.txt,"Lochmaddy (North Uist), Scotland, United Kingdom",eutt-1253,1.773,0.3686,0.6534,0.242,0.428,,0,3.21,3.35,,,,,anwenden (nur Buch),0.09
harmonics_noaa_eutt.txt,"Leverburgh (Harris), Scotland, United Kingdom",eutt-1255,1.773,0.3487,0.6181,0.241,0.426,,0,3.05,3.19,,,,,anwenden (nur Buch),0.09
harmonics_noaa_eutt.txt,"Tarbert (Harris), Scotland, United Kingdom",eutt-1257,1.782,0.3786,0.6749,0.246,0.438,,0,3.25,3.39,,,,,anwenden (nur Buch),0.09
harmonics_noaa_eutt.txt,"Little Bernera, Scotland, United Kingdom",eutt-1261,1.78,0.3288,0.5851,0.237,0.421,,0,2.92,3.05,,,,,anwenden (nur Buch),0.09
harmonics_noaa_eutt.txt,"Stornoway (Isle of Lewis), Scotland, United Kingdom",eutt-1263,1.794,0.3587,0.6435,0.24,0.43,0.392,2,3.12,3.29,2024STO.txt,0.86,16.7,11.8,anwenden (Pegel),0.09
harmonics_noaa_eutt.txt,"Pierowall, Scotland, United Kingdom",eutt-1269,2.131,0.2915,0.6211,0.262,0.559,,0,2.31,2.41,,,,,anwenden (nur Buch),0.09
harmonics_noaa_eutt.txt,"Scalloway (Shetlands), Scotland, United Kingdom",eutt-1275,1.894,0.0826,0.1565,0.191,0.363,,0,0.89,0.94,,,,,anwenden (nur Buch),0.11
harmonics_noaa_eutt.txt,"Hillswick, Scotland, United Kingdom",eutt-1277,1.964,0.1377,0.2705,0.223,0.439,,0,1.27,1.34,,,,,anwenden (nur Buch),0.1
harmonics_noaa_eutt.txt,"Lopransfjørður, Suðuroy Island, Faroe Islands",eutt-1279,1.432,0.1113,0.1594,0.085,0.122,0.429,1,2.64,2.85,,,,,anwenden (Nachbarn),0.12
harmonics_noaa_eutt.txt,"Trongisvágur, Suðuroy Island, Faroe Islands",eutt-1283,2.021,0.1417,0.2864,0.33,0.668,0.452,1,0.9,0.94,,,,,lassen (Nachbarn),0.08
harmonics_noaa_eutt.txt,"Suðuroyarfjørður, Faroe Islands",eutt-1285,1.432,0.1113,0.1594,0.085,0.122,,0,2.64,2.85,,,,,anwenden (nur Buch),0.12
harmonics_noaa_eutt.txt,"Sandsvágur, Sandoy Island, Faroe Islands",eutt-1287,1.933,0.2226,0.4302,0.29,0.561,0.408,1,1.59,1.68,,,,,lassen (Nachbarn),0.09
harmonics_noaa_eutt.txt,"Mykines, Faroe Islands",eutt-1289,1.362,0.1113,0.1516,0.085,0.116,,0,2.65,2.85,,,,,anwenden (nur Buch),0.12
harmonics_noaa_eutt.txt,"Tórshavn, Streymoy Island, Faroe Islands",eutt-1293,1.885,0.0304,0.0573,0.283,0.534,0.499,2,0.22,0.23,,,,,anwenden (Nachbarn),0.09
harmonics_noaa_eutt.txt,"Leirvík, Eysturoy Island, Faroe Islands",eutt-1301,1.546,0.1012,0.1565,0.118,0.182,0.527,2,1.74,1.88,,,,,anwenden (Nachbarn),0.11
harmonics_noaa_eutt.txt,"Svínoyarfjørður, Faroe Islands",eutt-1305,1.546,0.1012,0.1565,0.118,0.182,0.45,1,1.74,1.88,,,,,anwenden (Nachbarn),0.11
harmonics_noaa_eutt.txt,"Fugloyarfjørður, Faroe Islands",eutt-1307,1.74,0.1518,0.2641,0.194,0.338,,0,1.6,1.71,,,,,anwenden (nur Buch),0.1
harmonics_noaa_eutt.txt,"Mary Muss Bay, Jan Mayen",eutt-1309,1.827,0.0826,0.1509,0.191,0.35,0.259,1,0.9,0.94,,,,,lassen (Nachbarn),0.11
harmonics_noaa_eutt.txt,"Keflavík Harbor, Iceland",eutt-1311,1.764,0.3238,0.5712,0.237,0.419,0.376,1,2.82,2.98,,,,,anwenden (Nachbarn),0.09
harmonics_noaa_eutt.txt,"Hvammsvík, Iceland",eutt-1315,1.709,0.2934,0.5015,0.199,0.341,0.39,1,3.03,3.22,,,,,anwenden (Nachbarn),0.1
harmonics_noaa_eutt.txt,"Akranes, Iceland",eutt-1317,1.758,0.3036,0.5336,0.225,0.396,0.39,1,2.78,2.95,,,,,anwenden (Nachbarn),0.1
harmonics_noaa_eutt.txt,"Hrútafjörður, Iceland",eutt-1319,1.681,0.0911,0.1531,0.165,0.278,0.289,1,1.12,1.21,,,,,anwenden (Nachbarn),0.1
harmonics_noaa_eutt.txt,"Hrísey, Iceland",eutt-1321,1.706,0.081,0.1382,0.176,0.301,0.342,1,0.94,1.01,,,,,anwenden (Nachbarn),0.1
harmonics_noaa_eutt.txt,"Akureyri, Iceland",eutt-1323,1.686,0.081,0.1366,0.17,0.288,0.326,1,0.97,1.04,,,,,anwenden (Nachbarn),0.1
harmonics_noaa_eutt.txt,"Terneuzen (Westerschelde, Netherlands",eutt-1339,3.036,0.1886,0.5726,0.088,0.268,0.267,1,4.38,4.59,,,,,anwenden (Nachbarn),0.08
harmonics_noaa_eutt.txt,"Hansweert, Netherlands",eutt-1341,3.176,0.1707,0.5421,0.074,0.236,0.262,2,4.69,4.93,,,,,anwenden (Nachbarn),0.08
harmonics_noaa_eutt.txt,"Stavenisse (Oosterschelde), Netherlands",eutt-1345,3.53,0.0808,0.2852,0.053,0.189,0.25,1,3.09,3.25,,,,,anwenden (Nachbarn),0.08
harmonics_noaa_eutt.txt,"Dordrecht (Oude Maas / Beneden Merwede), Netherlands",eutt-1347,3.27,0.0269,0.088,0.066,0.217,0.233,1,0.83,0.87,,,,,anwenden (Nachbarn),0.08
harmonics_noaa_eutt.txt,"Scheveningen, Netherlands",eutt-1353,3.224,0.0629,0.2028,0.07,0.224,0.244,1,1.85,1.94,,,,,anwenden (Nachbarn),0.08
harmonics_noaa_eutt.txt,"Den Helder (Marsdiep), Netherlands",eutt-1357,3.764,0.0397,0.1494,0.057,0.216,0.281,2,1.43,1.54,,,,,anwenden (Nachbarn),0.1
harmonics_noaa_eutt.txt,"West-Terschelling, Netherlands",eutt-1359,3.807,0.0635,0.2418,0.068,0.259,0.265,2,1.91,2.08,,,,,anwenden (Nachbarn),0.1
harmonics_noaa_eutt.txt,"Harlingen, Netherlands",eutt-1361,4.116,0.0476,0.1959,0.051,0.21,0.255,3,1.9,2.08,,,,,anwenden (Nachbarn),0.1
harmonics_noaa_eutt.txt,"Delfzijl, Ems River, Netherlands",eutt-1363,3.994,0.0873,0.3486,0.059,0.237,0.248,3,3.01,3.29,,,,,anwenden (Nachbarn),0.1
harmonics_noaa_eutt.txt,"Borkum (Südstrand), Germany",eutt-1367,3.414,0.0818,0.2793,0.076,0.258,0.265,1,2.22,2.41,,,,,anwenden (Nachbarn),0.12
harmonics_noaa_eutt.txt,"Leer (Leda Schleuse), Germany",eutt-1375,3.986,0.0491,0.1957,0.044,0.174,0.249,3,2.38,2.51,,,,,anwenden (Nachbarn),0.13
harmonics_noaa_eutt.txt,"Juist (Seeseite), Germany",eutt-1377,3.324,0.09,0.2991,0.086,0.284,0.293,1,2.16,2.35,,,,,anwenden (Nachbarn),0.11
harmonics_noaa_eutt.txt,"Norddeich, Germany",eutt-1379,3.383,0.0982,0.3322,0.08,0.269,0.277,1,2.52,2.75,,,,,anwenden (Nachbarn),0.12
harmonics_noaa_eutt.txt,"Baltrum (Westende), Germany",eutt-1383,3.721,0.0654,0.2434,0.054,0.202,,0,2.46,2.68,,,,,anwenden (nur Buch),0.12
harmonics_noaa_eutt.txt,"Schweiburger Tief, Germany",eutt-1405,2.665,0.1445,0.3851,0.078,0.209,,0,3.91,3.99,,,,,anwenden (nur Buch),0.08
harmonics_noaa_eutt.txt,"Roter Sand, Germany",eutt-1407,2.752,0.1174,0.323,0.084,0.232,0.269,1,2.9,3.02,,,,,anwenden (Nachbarn),0.08
harmonics_noaa_eutt.txt,"Nordenham (Weser, Unterfeuer), Germany",eutt-1413,2.777,0.1174,0.326,0.069,0.192,0.26,2,3.59,3.69,,,,,anwenden (Nachbarn),0.09
harmonics_noaa_eutt.txt,"Brake (Weser), Germany",eutt-1417,3.064,0.0903,0.2767,0.053,0.163,0.254,2,3.53,3.69,,,,,anwenden (Nachbarn),0.09
harmonics_noaa_eutt.txt,"Elsfleth (Weser), Germany",eutt-1419,3.008,0.0903,0.2716,0.055,0.166,0.253,2,3.39,3.55,,,,,anwenden (Nachbarn),0.09
harmonics_noaa_eutt.txt,"Farge (Weser), Germany",eutt-1421,3.038,0.0813,0.247,0.051,0.153,0.252,3,3.33,3.49,,,,,anwenden (Nachbarn),0.09
harmonics_noaa_eutt.txt,"Vegesack (Weser), Germany",eutt-1423,3.102,0.0813,0.2522,0.052,0.161,0.256,1,3.23,3.39,,,,,anwenden (Nachbarn),0.09
harmonics_noaa_eutt.txt,"Vollerwiek Plate, Germany",eutt-1461,2.822,0.0903,0.2548,0.058,0.163,0.266,3,3.31,3.39,,,,,anwenden (Nachbarn),0.09
harmonics_noaa_eutt.txt,"Tönning, Germany",eutt-1463,2.678,0.1264,0.3385,0.077,0.206,0.263,1,3.48,3.55,,,,,anwenden (Nachbarn),0.08
harmonics_noaa_eutt.txt,"Südfall Fahrwasserkante (Hever), Germany",eutt-1467,2.654,0.1084,0.2877,0.075,0.2,,0,3.06,3.12,,,,,anwenden (nur Buch),0.09
harmonics_noaa_eutt.txt,"Nordstrand (Süderhafen, Hever), Germany",eutt-1469,2.642,0.1355,0.358,0.09,0.239,,0,3.18,3.25,,,,,anwenden (nur Buch),0.08
harmonics_noaa_eutt.txt,"Hooge (Anleger), Germany",eutt-1475,4.175,0.0573,0.2392,0.042,0.175,,0,2.89,3.05,,,,,pruefen (grosser Faktor ohne Beleg),0.13
harmonics_noaa_eutt.txt,"Wyk auf Föhr, Germany",eutt-1477,3.646,0.0736,0.2684,0.057,0.208,0.239,1,2.73,2.88,,,,,anwenden (Nachbarn),0.12
harmonics_noaa_eutt.txt,"Dagebüll, Germany",eutt-1479,3.741,0.0736,0.2753,0.055,0.206,0.256,1,2.8,2.98,,,,,anwenden (Nachbarn),0.12
harmonics_noaa_eutt.txt,"Munkmarsch (Lister Tief), Germany",eutt-1485,3.542,0.0573,0.203,0.066,0.233,,0,1.82,1.94,,,,,anwenden (nur Buch),0.12
harmonics_noaa_eutt.txt,"Lister Tief approach, Germany",eutt-1489,3.596,0.0491,0.1766,0.058,0.21,,0,1.78,1.88,,,,,anwenden (nur Buch),0.12
harmonics_noaa_eutt.txt,"Vidåslusen (Højer), Denmark",eutt-1491,4.128,0.0645,0.2663,0.059,0.245,0.241,1,2.27,2.35,,,,,anwenden (Nachbarn),0.15
harmonics_noaa_eutt.txt,"Sønderho (Fanø), Denmark",eutt-1495,3.583,0.0725,0.2597,0.102,0.364,,0,1.5,1.54,,,,,anwenden (nur Buch),0.14
harmonics_noaa_eutt.txt,"Nordby (Fanø), Denmark",eutt-1497,3.513,0.0645,0.2266,0.104,0.365,0.246,2,1.3,1.34,,,,,anwenden (Nachbarn),0.14
harmonics_noaa_eutt.txt,"Hjerting, Denmark",eutt-1501,3.711,0.0564,0.2093,0.089,0.329,,0,1.33,1.37,,,,,anwenden (nur Buch),0.14
harmonics_noaa_eutt.txt,"Blåvands Huk, Denmark",eutt-1503,3.727,0.0645,0.2404,0.083,0.31,0.201,1,1.65,1.68,,,,,anwenden (Nachbarn),0.14
harmonics_noaa_eutt.txt,"Nymindegab, Denmark",eutt-1507,3.669,0.0403,0.1479,0.087,0.317,,0,0.98,1.01,,,,,anwenden (nur Buch),0.14
harmonics_noaa_eutt.txt,"Agger, Denmark",eutt-1511,1.547,0.0251,0.0388,0.183,0.283,,0,0.28,0.3,,,,,anwenden (nur Buch),0.09
harmonics_noaa_eutt.txt,"Hirtshals, Denmark",eutt-1513,1.567,0.0251,0.0393,0.206,0.323,0.468,1,0.25,0.27,,,,,anwenden (Nachbarn),0.08
harmonics_noaa_eutt.txt,"Oscarsborg, Norway",eutt-1521,1.422,0.0092,0.0131,0.054,0.077,0.235,2,0.34,0.37,,,,,anwenden (Nachbarn),0.13
harmonics_noaa_eutt.txt,"Oslo, Norway",eutt-1523,1.483,0.0092,0.0136,0.06,0.089,0.247,2,0.31,0.34,,,,,anwenden (Nachbarn),0.13
harmonics_noaa_eutt.txt,"Arendal, Norway",eutt-1525,1.617,0.0092,0.0149,0.075,0.121,0.333,1,0.25,0.27,,,,,anwenden (Nachbarn),0.13
harmonics_noaa_eutt.txt,"Tregde (Mandal), Norway",eutt-1527,1.744,0.0092,0.016,0.1,0.174,0.26,2,0.19,0.2,kartverket_TRG.csv,0.0,13.9,14.0,anwenden (Pegel),0.12
harmonics_noaa_eutt.txt,"Stavanger, Norway",eutt-1531,1.937,0.0459,0.0889,0.213,0.412,0.442,2,0.45,0.47,kartverket_SVG.csv,0.0,15.2,15.2,anwenden (Pegel),0.1
harmonics_noaa_eutt.txt,"Florø, Norway",eutt-1535,1.887,0.1102,0.208,0.193,0.365,0.362,1,1.17,1.24,,,,,anwenden (Nachbarn),0.11
harmonics_noaa_eutt.txt,"Kristiansund, Norway",eutt-1537,1.843,0.1285,0.2368,0.177,0.327,0.344,2,1.49,1.58,kartverket_KSU.csv,0.01,18.0,16.2,anwenden (Pegel),0.11
harmonics_noaa_eutt.txt,"Mo i Rana, Ranfjorden, Norway",eutt-1543,1.917,0.164,0.3144,0.177,0.34,0.343,1,1.91,2.01,,,,,anwenden (Nachbarn),0.11
harmonics_noaa_eutt.txt,"Finneid (Fauske), Norway",eutt-1547,1.763,0.0638,0.1125,0.109,0.192,0.337,1,1.21,1.27,,,,,anwenden (Nachbarn),0.12
harmonics_noaa_eutt.txt,"Andenes, Norway",eutt-1553,1.837,0.1184,0.2175,0.171,0.313,0.338,2,1.45,1.51,kartverket_ANX.csv,0.0,17.3,15.3,anwenden (Pegel),0.11
harmonics_noaa_eutt.txt,"Vardøya, Norway",eutt-1559,2.143,0.1589,0.3406,0.143,0.307,0.28,2,2.34,2.38,kartverket_VAW.csv,0.02,20.9,19.0,anwenden (Pegel),0.1
harmonics_noaa_eutt.txt,"Guba Bazarnaya, Russia",eutt-1561,2.138,0.1589,0.3397,0.139,0.298,0.304,1,2.38,2.45,,,,,anwenden (Nachbarn),0.1
harmonics_noaa_eutt.txt,"Linakhamar (Pechenga Bay), Russia",eutt-1563,2.118,0.1506,0.3189,0.134,0.283,0.241,1,2.36,2.41,,,,,anwenden (Nachbarn),0.11
harmonics_noaa_eutt.txt,"Pummanki, Bolshaya Volokovaya, Russia",eutt-1565,2.107,0.1589,0.3347,0.136,0.286,,0,2.46,2.51,,,,,anwenden (nur Buch),0.11
harmonics_noaa_eutt.txt,"Vaida Bay, Russia",eutt-1567,2.145,0.1673,0.3589,0.139,0.298,0.305,1,2.51,2.58,,,,,anwenden (Nachbarn),0.1
harmonics_noaa_eutt.txt,"Zubovskaya Bay, Russia",eutt-1569,2.133,0.1673,0.3569,0.134,0.286,0.292,1,2.59,2.68,,,,,anwenden (Nachbarn),0.11
harmonics_noaa_eutt.txt,"Bolshaya Korabelnaya Bay, Russia",eutt-1571,2.132,0.1673,0.3567,0.136,0.289,0.292,1,2.55,2.65,,,,,anwenden (Nachbarn),0.1
harmonics_noaa_eutt.txt,"Malaya Korabelnaya Bay, Russia",eutt-1573,2.117,0.1673,0.3542,0.136,0.287,0.292,1,2.55,2.65,,,,,anwenden (Nachbarn),0.11
harmonics_noaa_eutt.txt,"Eyna Bay, Russia",eutt-1575,2.114,0.1673,0.3537,0.136,0.287,,0,2.55,2.65,,,,,anwenden (nur Buch),0.11
harmonics_noaa_eutt.txt,"Motka Bay, Russia",eutt-1577,2.133,0.1673,0.3569,0.136,0.289,,0,2.55,2.65,,,,,anwenden (nur Buch),0.1
harmonics_noaa_eutt.txt,"Ozerko Bay, Russia",eutt-1579,2.135,0.1673,0.3572,0.136,0.289,0.292,1,2.56,2.65,,,,,anwenden (Nachbarn),0.1
harmonics_noaa_eutt.txt,"Titovka Bay, Russia",eutt-1581,2.118,0.1673,0.3544,0.136,0.287,,0,2.55,2.65,,,,,anwenden (nur Buch),0.11
harmonics_noaa_eutt.txt,"Zapadnaya Bay, Russia",eutt-1583,2.12,0.1673,0.3546,0.136,0.287,0.292,1,2.55,2.65,,,,,anwenden (Nachbarn),0.11
harmonics_noaa_eutt.txt,"Vichany Islands, Russia",eutt-1585,2.136,0.1673,0.3574,0.136,0.29,,0,2.56,2.65,,,,,anwenden (nur Buch),0.1
harmonics_noaa_eutt.txt,"Ara Bay, Russia",eutt-1587,2.132,0.1673,0.3567,0.136,0.289,,0,2.55,2.65,,,,,anwenden (nur Buch),0.1
harmonics_noaa_eutt.txt,"Nasha Bay, Ura Bay, Russia",eutt-1589,2.12,0.1673,0.3546,0.136,0.287,0.292,1,2.55,2.65,,,,,anwenden (Nachbarn),0.11
harmonics_noaa_eutt.txt,"Port Vladimirski, Russia",eutt-1591,2.118,0.1673,0.3544,0.136,0.287,0.319,1,2.55,2.65,,,,,anwenden (Nachbarn),0.11
harmonics_noaa_eutt.txt,"Kislaya Harbor, Russia",eutt-1593,2.126,0.1589,0.3378,0.137,0.292,0.319,1,2.39,2.48,,,,,anwenden (Nachbarn),0.1
harmonics_noaa_eutt.txt,"Kuvshinskaya Strait, Russia",eutt-1595,2.113,0.1673,0.3536,0.136,0.286,,0,2.55,2.65,,,,,anwenden (nur Buch),0.11
harmonics_noaa_eutt.txt,"Sayda Bay, Russia",eutt-1597,2.112,0.1673,0.3534,0.136,0.286,0.292,1,2.55,2.65,,,,,anwenden (Nachbarn),0.11
harmonics_noaa_eutt.txt,"Bolshaya Volokovaya Bay, Russia",eutt-1599,2.114,0.1673,0.3537,0.136,0.287,,0,2.55,2.65,,,,,anwenden (nur Buch),0.11
harmonics_noaa_eutt.txt,"Olenya Bay, Russia",eutt-1601,2.115,0.1673,0.3539,0.136,0.287,0.292,1,2.55,2.65,,,,,anwenden (Nachbarn),0.11
harmonics_noaa_eutt.txt,"Veliki Point, Russia",eutt-1605,2.114,0.1673,0.3537,0.136,0.287,0.292,1,2.55,2.65,,,,,anwenden (Nachbarn),0.11
harmonics_noaa_eutt.txt,"Bazisnyy Point, Russia",eutt-1607,2.113,0.1673,0.3535,0.136,0.286,0.292,1,2.54,2.65,,,,,anwenden (Nachbarn),0.11
harmonics_noaa_eutt.txt,"Murmansk, Russia",eutt-1609,2.113,0.1673,0.3535,0.136,0.286,0.28,2,2.54,2.65,,,,,anwenden (Nachbarn),0.11
harmonics_noaa_eutt.txt,"Drovyanoi Point, Russia",eutt-1611,2.094,0.1673,0.3503,0.136,0.284,0.268,1,2.53,2.65,,,,,anwenden (Nachbarn),0.11
harmonics_noaa_eutt.txt,"Kola, Russia",eutt-1613,2.077,0.1673,0.3476,0.136,0.282,,0,2.53,2.65,,,,,anwenden (nur Buch),0.11
harmonics_noaa_eutt.txt,"Zyelyenyets Bay, Russia",eutt-1615,2.117,0.1673,0.3542,0.136,0.287,0.292,1,2.55,2.65,,,,,anwenden (Nachbarn),0.11
harmonics_noaa_eutt.txt,"Dolgaya Bay, Russia",eutt-1617,2.118,0.1673,0.3544,0.136,0.287,0.292,1,2.55,2.65,,,,,anwenden (Nachbarn),0.11
harmonics_noaa_eutt.txt,"Bik Point, Kildin Island, Russia",eutt-1619,2.108,0.1673,0.3526,0.136,0.286,,0,2.54,2.65,,,,,anwenden (nur Buch),0.11
harmonics_noaa_eutt.txt,"Mogilnyy Point, Kildin Island, Russia",eutt-1621,2.103,0.1757,0.3695,0.132,0.278,0.307,1,2.73,2.85,,,,,anwenden (Nachbarn),0.11
harmonics_noaa_eutt.txt,"Mali Oleni Strait, Russia",eutt-1623,2.1,0.1757,0.369,0.137,0.288,0.29,1,2.64,2.75,,,,,anwenden (Nachbarn),0.11
harmonics_noaa_eutt.txt,"Teriberka Bay, Russia",eutt-1625,2.115,0.1757,0.3715,0.137,0.29,0.346,1,2.63,2.75,,,,,anwenden (Nachbarn),0.1
harmonics_noaa_eutt.txt,"Podpakhta Bay, Russia",eutt-1627,2.097,0.1924,0.4034,0.138,0.29,0.282,1,2.85,2.98,,,,,anwenden (Nachbarn),0.1
harmonics_noaa_eutt.txt,"Porchnikha Cove, Russia",eutt-1629,2.091,0.1924,0.4022,0.137,0.286,0.258,1,2.88,3.02,,,,,anwenden (Nachbarn),0.11
harmonics_noaa_eutt.txt,"Rynda Bay, Russia",eutt-1631,2.087,0.1924,0.4015,0.138,0.289,0.282,1,2.85,2.98,,,,,anwenden (Nachbarn),0.1
harmonics_noaa_eutt.txt,"Kharlovka River mouth, Russia",eutt-1633,2.087,0.2091,0.4364,0.139,0.291,0.277,1,3.07,3.22,,,,,anwenden (Nachbarn),0.1
harmonics_noaa_eutt.txt,"Semiostrovski Road, SE. entrance, Russia",eutt-1635,2.083,0.2091,0.4355,0.138,0.287,,0,3.1,3.25,,,,,anwenden (nur Buch),0.11
harmonics_noaa_eutt.txt,"Vostochnaya Litsa Bay, Russia",eutt-1637,2.07,0.2175,0.4502,0.135,0.28,,0,3.29,3.45,,,,,anwenden (nur Buch),0.11
harmonics_noaa_eutt.txt,"Drozdovka Bay, Russia",eutt-1639,2.077,0.2342,0.4865,0.138,0.286,0.294,1,3.49,3.65,,,,,anwenden (Nachbarn),0.11
harmonics_noaa_eutt.txt,"Savikha Bay, Russia",eutt-1641,2.071,0.251,0.5199,0.136,0.282,0.291,1,3.78,3.96,,,,,anwenden (Nachbarn),0.11
harmonics_noaa_eutt.txt,"Gryemikha Bay, Russia",eutt-1643,2.057,0.251,0.5163,0.132,0.271,0.291,1,3.9,4.09,,,,,anwenden (Nachbarn),0.11
harmonics_noaa_eutt.txt,"Zyelyony Island, Russia",eutt-1645,2.057,0.251,0.5163,0.132,0.271,,0,3.9,4.09,,,,,anwenden (nur Buch),0.11
harmonics_noaa_eutt.txt,"Gorodetskaya Bay, Russia",eutt-1647,1.967,0.2342,0.4606,0.106,0.209,0.296,1,4.5,4.73,,,,,anwenden (Nachbarn),0.11
harmonics_noaa_eutt.txt,"Cape Orlov, Russia",eutt-1649,2.0,0.2426,0.4853,0.106,0.211,0.271,1,4.71,4.93,,,,,anwenden (Nachbarn),0.11
harmonics_noaa_eutt.txt,"Three Islands, Russia",eutt-1651,1.965,0.2593,0.5095,0.106,0.209,0.23,1,5.01,5.23,,,,,anwenden (Nachbarn),0.11
harmonics_noaa_eutt.txt,"Sosnovets Island, Russia",eutt-1653,1.881,0.1673,0.3147,0.107,0.201,0.213,1,3.26,3.35,,,,,anwenden (Nachbarn),0.11
harmonics_noaa_eutt.txt,"Tetrino, Russia",eutt-1655,2.155,0.0518,0.1116,0.08,0.173,,0,1.33,1.37,,,,,anwenden (nur Buch),0.11
harmonics_noaa_eutt.txt,"Varzukha River entrance, Russia",eutt-1657,2.173,0.0444,0.0965,0.083,0.181,,0,1.1,1.14,,,,,anwenden (nur Buch),0.11
harmonics_noaa_eutt.txt,"Cape Turiya, Russia",eutt-1659,2.11,0.0518,0.1093,0.073,0.155,,0,1.46,1.51,,,,,anwenden (nur Buch),0.11
harmonics_noaa_eutt.txt,"Volostrov, Russia",eutt-1661,2.176,0.0592,0.1288,0.084,0.182,,0,1.46,1.51,,,,,anwenden (nur Buch),0.11
harmonics_noaa_eutt.txt,"Mal Piryu Bay, Russia",eutt-1663,2.098,0.0518,0.1087,0.072,0.15,0.343,1,1.49,1.54,,,,,anwenden (Nachbarn),0.11
harmonics_noaa_eutt.txt,"Tar Bay, Russia",eutt-1665,2.157,0.0592,0.1277,0.08,0.173,,0,1.52,1.58,,,,,anwenden (nur Buch),0.11
harmonics_noaa_eutt.txt,"Porya Anchorage, Russia",eutt-1667,2.156,0.0592,0.1276,0.08,0.173,0.324,1,1.52,1.58,,,,,anwenden (Nachbarn),0.11
harmonics_noaa_eutt.txt,"Kandalaksha, Russia",eutt-1669,2.161,0.0888,0.1919,0.081,0.174,0.265,1,2.27,2.35,,,,,anwenden (Nachbarn),0.11
harmonics_noaa_eutt.txt,"Kovda River entrance, Russia",eutt-1671,2.165,0.0666,0.1442,0.082,0.176,0.246,1,1.68,1.74,,,,,anwenden (Nachbarn),0.11
harmonics_noaa_eutt.txt,"Sredni Anchorage, Keret Bay, Russia",eutt-1673,2.098,0.0518,0.1087,0.072,0.15,0.231,1,1.49,1.54,,,,,anwenden (Nachbarn),0.11
harmonics_noaa_eutt.txt,"Gridina Bay, Russia",eutt-1675,2.136,0.0518,0.1107,0.077,0.164,0.295,1,1.39,1.44,,,,,anwenden (Nachbarn),0.11
harmonics_noaa_eutt.txt,"Kalgalaksha Bay entrance, Russia",eutt-1677,2.22,0.0518,0.115,0.082,0.183,0.263,1,1.3,1.34,,,,,anwenden (Nachbarn),0.11
harmonics_noaa_eutt.txt,"Kalgalaksha, Kalgalaksha Bay, Russia",eutt-1679,2.185,0.0444,0.097,0.072,0.158,0.283,1,1.29,1.31,,,,,anwenden (Nachbarn),0.11
harmonics_noaa_eutt.txt,"Pongama Bay, Russia",eutt-1681,2.253,0.0518,0.1167,0.085,0.19,0.263,1,1.27,1.31,,,,,anwenden (Nachbarn),0.11
harmonics_noaa_eutt.txt,"Rombaki Island, Russia",eutt-1685,2.222,0.0518,0.1151,0.08,0.179,0.246,1,1.34,1.37,,,,,anwenden (Nachbarn),0.11
harmonics_noaa_eutt.txt,"Kuzov Island, Russia",eutt-1687,2.228,0.037,0.0825,0.091,0.202,,0,0.86,0.87,,,,,anwenden (nur Buch),0.11
harmonics_noaa_eutt.txt,"Lukovatyy Island, Russia",eutt-1689,2.246,0.0444,0.0997,0.088,0.198,0.246,1,1.07,1.07,,,,,anwenden (Nachbarn),0.11
harmonics_noaa_eutt.txt,"Zhuzhmuy Islands, Russia",eutt-1691,2.31,0.0296,0.0684,0.086,0.198,,0,0.73,0.74,,,,,anwenden (nur Buch),0.11
harmonics_noaa_eutt.txt,"Sorokas Road, Russia",eutt-1693,2.216,0.0444,0.0984,0.072,0.161,,0,1.29,1.31,,,,,anwenden (nur Buch),0.11
harmonics_noaa_eutt.txt,"Molchanov Island, Russia",eutt-1695,2.245,0.0444,0.0997,0.078,0.176,0.317,1,1.19,1.21,,,,,anwenden (Nachbarn),0.11
harmonics_noaa_eutt.txt,"Sum Island, Russia",eutt-1697,2.239,0.0518,0.116,0.08,0.18,0.246,1,1.35,1.37,,,,,anwenden (Nachbarn),0.11
harmonics_noaa_eutt.txt,"Raz Island, Russia",eutt-1699,2.239,0.0518,0.116,0.08,0.18,,0,1.35,1.37,,,,,anwenden (nur Buch),0.11
harmonics_noaa_eutt.txt,"Berejnoi Island, Russia",eutt-1701,2.197,0.0592,0.13,0.082,0.18,0.231,1,1.5,1.54,,,,,anwenden (Nachbarn),0.11
harmonics_noaa_eutt.txt,"Parusnitsa Beacon, Russia",eutt-1703,2.132,0.0666,0.142,0.078,0.167,,0,1.75,1.81,,,,,anwenden (nur Buch),0.11
harmonics_noaa_eutt.txt,"Ponomarev Point, Russia",eutt-1705,2.149,0.0592,0.1272,0.082,0.176,,0,1.49,1.54,,,,,anwenden (nur Buch),0.11
harmonics_noaa_eutt.txt,"Kond Island, Russia",eutt-1707,2.137,0.0666,0.1423,0.08,0.171,,0,1.72,1.78,,,,,anwenden (nur Buch),0.11
harmonics_noaa_eutt.txt,"Malaya Korepalka, Russia",eutt-1709,2.179,0.0814,0.1774,0.086,0.188,0.235,1,1.95,2.01,,,,,anwenden (Nachbarn),0.11
harmonics_noaa_eutt.txt,"Unezhemskaya Bay, Russia",eutt-1711,2.154,0.0814,0.1753,0.082,0.177,,0,2.04,2.11,,,,,anwenden (nur Buch),0.11
harmonics_noaa_eutt.txt,"Nyapa Beacon, Russia",eutt-1713,2.159,0.0888,0.1917,0.083,0.179,,0,2.2,2.28,,,,,anwenden (nur Buch),0.11
harmonics_noaa_eutt.txt,"Paskanets Islet, Russia",eutt-1715,2.132,0.0962,0.2051,0.078,0.167,0.228,1,2.53,2.62,,,,,anwenden (Nachbarn),0.11
harmonics_noaa_eutt.txt,"Onega River entrance, Russia",eutt-1717,2.131,0.0962,0.205,0.078,0.167,0.246,1,2.53,2.62,,,,,anwenden (Nachbarn),0.11
harmonics_noaa_eutt.txt,"Kii Island, Onega Bay, Russia",eutt-1719,2.157,0.1036,0.2235,0.082,0.178,0.22,1,2.59,2.68,,,,,anwenden (Nachbarn),0.11
harmonics_noaa_eutt.txt,"Cape Gluboki, Russia",eutt-1721,2.137,0.0666,0.1423,0.08,0.171,0.233,1,1.72,1.78,,,,,anwenden (Nachbarn),0.11
harmonics_noaa_eutt.txt,"Cape Chesmenski, Russia",eutt-1723,2.079,0.0296,0.0615,0.072,0.151,0.294,1,0.84,0.87,,,,,anwenden (Nachbarn),0.11
harmonics_noaa_eutt.txt,"Pushlakhta Bay, Russia",eutt-1725,2.22,0.037,0.0821,0.091,0.201,0.294,1,0.85,0.87,,,,,anwenden (Nachbarn),0.11
harmonics_noaa_eutt.txt,"Cape Letni Orlov, Russia",eutt-1727,2.267,0.0444,0.1006,0.094,0.213,0.268,1,1.0,1.01,,,,,anwenden (Nachbarn),0.1
harmonics_noaa_eutt.txt,"Muksalma Island, Russia",eutt-1729,2.235,0.0296,0.0662,0.086,0.191,,0,0.73,0.74,,,,,anwenden (nur Buch),0.11
harmonics_noaa_eutt.txt,"Solovets Roads, Solovetski Island, Russia",eutt-1731,2.195,0.0296,0.065,0.086,0.188,0.19,1,0.73,0.74,,,,,anwenden (Nachbarn),0.11
harmonics_noaa_eutt.txt,"Sosnovaya Bay, Solovetski Island, Russia",eutt-1733,2.249,0.0518,0.1165,0.08,0.181,,0,1.35,1.37,,,,,anwenden (nur Buch),0.11
harmonics_noaa_eutt.txt,"Anzerski Island, Russia",eutt-1735,2.319,0.0444,0.103,0.094,0.218,0.268,1,0.98,1.01,,,,,anwenden (Nachbarn),0.1
harmonics_noaa_eutt.txt,"Zhizhgin Island, Russia",eutt-1737,2.143,0.037,0.0793,0.074,0.158,0.375,1,1.04,1.07,,,,,anwenden (Nachbarn),0.11
harmonics_noaa_eutt.txt,"Lopshenga River entrance, Russia",eutt-1739,2.193,0.037,0.0811,0.087,0.191,0.158,1,0.87,0.91,,,,,anwenden (Nachbarn),0.11
harmonics_noaa_eutt.txt,"Unskaya Inlet, Russia",eutt-1741,2.259,0.037,0.0836,0.094,0.213,0.246,1,0.81,0.84,,,,,anwenden (Nachbarn),0.1
harmonics_noaa_eutt.txt,"Nikolskoi Bar, Russia",eutt-1743,2.221,0.037,0.0822,0.091,0.201,0.294,1,0.86,0.87,,,,,anwenden (Nachbarn),0.11
harmonics_noaa_eutt.txt,"Kyegostrov, Russia",eutt-1745,2.264,0.0296,0.067,0.094,0.213,0.196,1,0.65,0.67,,,,,anwenden (Nachbarn),0.1
harmonics_noaa_eutt.txt,"Arkhangelsk, Solombala Island, Russia",eutt-1747,2.244,0.0296,0.0664,0.09,0.201,0.196,1,0.69,0.7,,,,,anwenden (Nachbarn),0.11
harmonics_noaa_eutt.txt,"Novo Dvina Fortress, Russia",eutt-1749,2.277,0.037,0.0843,0.091,0.206,,0,0.86,0.87,,,,,anwenden (nur Buch),0.1
harmonics_noaa_eutt.txt,"Lapominka Island, Russia",eutt-1751,2.266,0.0444,0.1006,0.094,0.213,0.294,1,1.0,1.01,,,,,anwenden (Nachbarn),0.1
harmonics_noaa_eutt.txt,"Mudyugskiy Island, Russia",eutt-1753,2.218,0.037,0.0821,0.081,0.18,0.294,1,0.95,0.97,,,,,anwenden (Nachbarn),0.11
harmonics_noaa_eutt.txt,"Berezovvy Bar, Russia",eutt-1755,2.266,0.0444,0.1006,0.094,0.213,0.268,1,1.0,1.01,,,,,anwenden (Nachbarn),0.1
harmonics_noaa_eutt.txt,"Kuya River entrance, Russia",eutt-1757,2.237,0.0444,0.0993,0.083,0.186,,0,1.12,1.14,,,,,anwenden (nur Buch),0.11
harmonics_noaa_eutt.txt,"Kerets Point, Russia",eutt-1759,2.211,0.0592,0.1309,0.082,0.181,0.26,1,1.49,1.54,,,,,anwenden (Nachbarn),0.11
harmonics_noaa_eutt.txt,"Lisunov Point, Russia",eutt-1761,2.257,0.0148,0.0334,0.086,0.193,,0,0.36,0.37,,,,,anwenden (nur Buch),0.11
harmonics_noaa_eutt.txt,"Bolshaya Tova River entrance, Russia",eutt-1763,2.211,0.0444,0.0982,0.094,0.208,,0,0.97,1.01,,,,,anwenden (nur Buch),0.1
harmonics_noaa_eutt.txt,"Intsi Point, Russia",eutt-1765,2.137,0.0666,0.1423,0.085,0.181,0.295,1,1.62,1.68,,,,,anwenden (Nachbarn),0.11
harmonics_noaa_eutt.txt,"Ruchi River entrance, Russia",eutt-1767,2.052,0.0666,0.1367,0.077,0.158,,0,1.81,1.84,,,,,anwenden (nur Buch),0.11
harmonics_noaa_eutt.txt,"Megra River entrance, Russia",eutt-1769,2.008,0.0666,0.1337,0.074,0.149,0.263,1,1.85,1.91,,,,,anwenden (Nachbarn),0.11
harmonics_noaa_eutt.txt,"Mayda River entrance, Russia",eutt-1771,1.976,0.1036,0.2047,0.08,0.159,,0,2.74,2.75,,,,,anwenden (nur Buch),0.11
harmonics_noaa_eutt.txt,"Bolshaya Kedovaya River entrance, Russia",eutt-1773,2.073,0.1184,0.2455,0.078,0.163,0.282,1,3.15,3.22,,,,,anwenden (Nachbarn),0.11
harmonics_noaa_eutt.txt,"Cape Voronov, Russia",eutt-1775,2.106,0.3095,0.6518,0.136,0.286,0.282,1,4.69,4.9,,,,,anwenden (Nachbarn),0.11
harmonics_noaa_eutt.txt,"Morzhovetz Island, Russia",eutt-1777,1.844,0.2259,0.4167,0.106,0.196,0.235,1,4.46,4.56,,,,,anwenden (Nachbarn),0.11
harmonics_noaa_eutt.txt,"Yurovati Point, Russia",eutt-1779,1.956,0.3514,0.6872,0.137,0.268,,0,5.39,5.5,,,,,anwenden (nur Buch),0.11
harmonics_noaa_eutt.txt,"Cape Abramov, Russia",eutt-1781,2.045,0.4099,0.8383,0.137,0.281,,0,6.22,6.4,,,,,anwenden (nur Buch),0.11
harmonics_noaa_eutt.txt,"Nerninski Point, Russia",eutt-1783,2.046,0.4601,0.9413,0.136,0.279,,0,6.97,7.24,,,,,anwenden (nur Buch),0.11
harmonics_noaa_eutt.txt,"Kuloy River, Russia",eutt-1785,2.053,0.3681,0.7556,0.138,0.283,,0,5.52,5.73,,,,,anwenden (nur Buch),0.11
harmonics_noaa_eutt.txt,"Semzha River mouth, Russia",eutt-1787,2.059,0.4768,0.9819,0.136,0.279,0.123,1,7.21,7.54,,,,,lassen (Nachbarn),0.11
harmonics_noaa_eutt.txt,"Piya River mouth, Mezen River, Russia",eutt-1789,2.078,0.3346,0.6954,0.137,0.285,,0,5.0,5.23,,,,,anwenden (nur Buch),0.11
harmonics_noaa_eutt.txt,"Kamenka, Mezen River, Russia",eutt-1791,2.078,0.1924,0.3999,0.138,0.288,0.096,1,2.85,2.98,,,,,lassen (Nachbarn),0.1
harmonics_noaa_eutt.txt,"Cape Konushin, Russia",eutt-1793,1.985,0.2593,0.5147,0.108,0.214,0.277,1,4.96,5.16,,,,,anwenden (Nachbarn),0.11
harmonics_noaa_eutt.txt,"Litke Bank, Russia",eutt-1795,2.044,0.2677,0.5472,0.133,0.271,0.277,1,4.16,4.33,,,,,anwenden (Nachbarn),0.11
harmonics_noaa_eutt.txt,"Kiya River entrance, Russia",eutt-1797,2.059,0.2008,0.4134,0.138,0.285,0.266,1,3.01,3.12,,,,,anwenden (Nachbarn),0.11
harmonics_noaa_eutt.txt,"Tarkhanovo, Russia",eutt-1799,2.106,0.1589,0.3347,0.136,0.286,,0,2.41,2.51,,,,,anwenden (nur Buch),0.11
harmonics_noaa_eutt.txt,"Cape Kanin, Russia",eutt-1801,2.079,0.1422,0.2957,0.138,0.287,0.303,1,2.11,2.21,,,,,anwenden (Nachbarn),0.11
harmonics_noaa_eutt.txt,"Kambalnitsa River entrance, Russia",eutt-1803,1.989,0.1339,0.2663,0.134,0.266,,0,2.09,2.15,,,,,anwenden (nur Buch),0.11
harmonics_noaa_eutt.txt,"Indiga River entrance, Russia",eutt-1805,2.057,0.1088,0.2238,0.129,0.265,0.152,1,1.73,1.81,,,,,lassen (Nachbarn),0.11
harmonics_noaa_eutt.txt,"Bugrino, Kolguyev Island, Russia",eutt-1807,2.086,0.0753,0.1571,0.151,0.314,0.355,1,1.04,1.07,,,,,anwenden (Nachbarn),0.1
harmonics_noaa_eutt.txt,"Russki Zavorot, Russia",eutt-1809,2.139,0.0502,0.1074,0.153,0.327,,0,0.67,0.7,,,,,anwenden (nur Buch),0.1
harmonics_noaa_eutt.txt,"Gulyayevskiye Koshki, Russia",eutt-1811,2.131,0.0502,0.107,0.153,0.326,0.319,1,0.67,0.7,,,,,anwenden (Nachbarn),0.1
harmonics_noaa_eutt.txt,"Pyechora River bar, Russia",eutt-1813,2.181,0.0502,0.1095,0.153,0.334,0.387,1,0.68,0.7,,,,,anwenden (Nachbarn),0.1
harmonics_noaa_eutt.txt,"Cape Bolvanski, Russia",eutt-1815,2.174,0.0502,0.1091,0.153,0.333,,0,0.69,0.7,,,,,anwenden (nur Buch),0.1
harmonics_noaa_eutt.txt,"Zyelyony I., Pyechora River mouth, Russia",eutt-1817,2.183,0.0418,0.0913,0.157,0.344,,0,0.56,0.57,,,,,anwenden (nur Buch),0.1
harmonics_noaa_eutt.txt,"Varandei Island, Russia",eutt-1819,2.133,0.0502,0.1071,0.153,0.326,0.319,1,0.67,0.7,,,,,anwenden (Nachbarn),0.1
harmonics_noaa_eutt.txt,"Dolgoi Island, Russia",eutt-1821,2.133,0.0502,0.1071,0.153,0.326,0.319,1,0.67,0.7,,,,,anwenden (Nachbarn),0.1
harmonics_noaa_eutt.txt,"Lyamchin Cape, Vaygach Island, Russia",eutt-1823,2.206,0.0335,0.0739,0.179,0.394,,0,0.39,0.4,,,,,anwenden (nur Buch),0.1
harmonics_noaa_eutt.txt,"Petukhovski Strait, Russia",eutt-1825,2.091,0.0335,0.0701,0.143,0.299,,0,0.48,0.5,,,,,anwenden (nur Buch),0.1
harmonics_noaa_eutt.txt,"Rakhmanova Inlet, Sakhanikha Bay, Russia",eutt-1827,2.022,0.0167,0.0338,0.119,0.24,,0,0.29,0.3,,,,,anwenden (nur Buch),0.11
harmonics_noaa_eutt.txt,"Propashchaya Inlet, Russia",eutt-1829,2.083,0.0167,0.0348,0.134,0.278,,0,0.26,0.27,,,,,anwenden (nur Buch),0.11
harmonics_noaa_eutt.txt,"Nekhvatovo River, Russia",eutt-1831,1.907,0.0084,0.016,0.09,0.171,,0,0.19,0.2,,,,,anwenden (nur Buch),0.12
harmonics_noaa_eutt.txt,"Byelushya Bay, Russia",eutt-1833,2.153,0.0251,0.054,0.161,0.346,0.319,1,0.32,0.34,,,,,anwenden (Nachbarn),0.1
harmonics_noaa_eutt.txt,"Malyye Karmakuly, Moller Bay, Russia",eutt-1835,2.071,0.0335,0.0694,0.134,0.277,,0,0.51,0.54,,,,,anwenden (nur Buch),0.11
harmonics_noaa_eutt.txt,"Pukhovy Bay, Russia",eutt-1837,2.054,0.0418,0.0859,0.127,0.262,0.258,1,0.67,0.7,,,,,anwenden (Nachbarn),0.11
harmonics_noaa_eutt.txt,"Matochkin Strait, west entrance, Russia",eutt-1839,2.116,0.0586,0.124,0.15,0.318,,0,0.8,0.84,,,,,anwenden (nur Buch),0.1
harmonics_noaa_eutt.txt,"Lagernyy, Matochkin Strait, Russia",eutt-1841,2.071,0.0335,0.0694,0.134,0.277,,0,0.51,0.54,,,,,anwenden (nur Buch),0.11
harmonics_noaa_eutt.txt,"Uzki Point, Matochkin Strait, Russia",eutt-1843,2.121,0.0251,0.0532,0.161,0.341,,0,0.32,0.34,,,,,anwenden (nur Buch),0.1
harmonics_noaa_eutt.txt,"Mityushikha Bay, Russia",eutt-1847,2.126,0.0502,0.1067,0.153,0.325,0.127,1,0.67,0.7,,,,,lassen (Nachbarn),0.1
harmonics_noaa_eutt.txt,"Krestovaya Bay, Russia",eutt-1849,2.071,0.0335,0.0694,0.134,0.277,0.319,1,0.51,0.54,,,,,anwenden (Nachbarn),0.11
harmonics_noaa_eutt.txt,"Gorbovi Islands, Russia",eutt-1851,2.043,0.0335,0.0685,0.126,0.258,,0,0.54,0.57,,,,,anwenden (nur Buch),0.11
harmonics_noaa_eutt.txt,"Cape Zhelaniya, Russia",eutt-1857,2.126,0.0335,0.0712,0.153,0.326,0.319,1,0.45,0.47,,,,,anwenden (Nachbarn),0.1
harmonics_noaa_eutt.txt,"Blagopoluchiya Bay, Russia",eutt-1859,2.214,0.0335,0.0742,0.179,0.396,,0,0.39,0.4,,,,,anwenden (nur Buch),0.1
harmonics_noaa_eutt.txt,"Kamenka Bay, Russia",eutt-1861,2.212,0.0418,0.0925,0.178,0.394,0.488,1,0.48,0.5,,,,,anwenden (Nachbarn),0.1
harmonics_noaa_eutt.txt,"Bolshoi Loginov Island, Russia",eutt-1863,2.207,0.0418,0.0922,0.178,0.394,,0,0.48,0.5,,,,,anwenden (nur Buch),0.1
harmonics_noaa_eutt.txt,"Kusova Zemlya Island, Russia",eutt-1865,2.164,0.0335,0.0725,0.165,0.357,,0,0.42,0.44,,,,,anwenden (nur Buch),0.1
harmonics_noaa_eutt.txt,"Bolvanski Point, Vaigach Island, Russia",eutt-1867,2.182,0.0418,0.0912,0.167,0.365,,0,0.51,0.54,,,,,anwenden (nur Buch),0.1
harmonics_noaa_eutt.txt,"Bolshaya Voronov I., Vaigach Island, Russia",eutt-1869,2.216,0.0335,0.0742,0.179,0.396,,0,0.39,0.4,,,,,anwenden (nur Buch),0.1
harmonics_noaa_eutt.txt,"Dolgaya Bay, Vaigach Island, Russia",eutt-1871,2.207,0.0335,0.0739,0.179,0.394,,0,0.39,0.4,,,,,anwenden (nur Buch),0.1
harmonics_noaa_eutt.txt,"Varneka Bay, Russia",eutt-1873,2.305,0.0502,0.1157,0.201,0.463,0.319,1,0.52,0.54,,,,,lassen (Nachbarn),0.09
harmonics_noaa_eutt.txt,"Khabarovo, Russia",eutt-1875,2.242,0.0418,0.0937,0.191,0.428,0.236,1,0.45,0.47,,,,,lassen (Nachbarn),0.09
harmonics_noaa_eutt.txt,"Sokoli Island, Russia",eutt-1877,2.247,0.0418,0.0939,0.191,0.429,0.319,1,0.45,0.47,,,,,anwenden (Nachbarn),0.09
harmonics_noaa_eutt.txt,"Mestnyy Island, Russia",eutt-1879,2.207,0.0418,0.0923,0.178,0.394,,0,0.48,0.5,,,,,anwenden (nur Buch),0.1
harmonics_noaa_eutt.txt,"Karskaya Bay, Russia",eutt-1881,2.259,0.0418,0.0944,0.191,0.432,,0,0.45,0.47,,,,,anwenden (nur Buch),0.09
harmonics_noaa_eutt.txt,"Cape Morrasale, Russia",eutt-1883,2.174,0.0251,0.0546,0.161,0.349,,0,0.32,0.34,,,,,anwenden (nur Buch),0.1
harmonics_noaa_eutt.txt,"Payndte River mouth, Russia",eutt-1885,2.237,0.0335,0.0749,0.179,0.4,,0,0.39,0.4,,,,,anwenden (nur Buch),0.1
harmonics_noaa_eutt.txt,"Cape Ragozina, Belyy Island, Russia",eutt-1887,2.202,0.0502,0.1105,0.179,0.393,,0,0.58,0.6,,,,,anwenden (nur Buch),0.1
harmonics_noaa_eutt.txt,"Cape Drovyanoy, Yamal Peninsula, Russia",eutt-1889,2.215,0.1088,0.241,0.183,0.406,,0,1.22,1.27,,,,,anwenden (nur Buch),0.1
harmonics_noaa_eutt.txt,"Sabule-Yaga River mouth, Russia",eutt-1891,2.246,0.0669,0.1502,0.195,0.437,0.469,1,0.72,0.74,,,,,anwenden (Nachbarn),0.09
harmonics_noaa_eutt.txt,"Sabu-to River mouth, Russia",eutt-1893,2.296,0.0418,0.096,0.206,0.473,,0,0.42,0.44,,,,,anwenden (nur Buch),0.09
harmonics_noaa_eutt.txt,"Cape Kharse, Obskaya Gulf, Russia",eutt-1895,2.022,0.0418,0.0845,0.157,0.318,,0,0.56,0.57,,,,,anwenden (nur Buch),0.1
harmonics_noaa_eutt.txt,"Khampyl-Yaga River mouth, Russia",eutt-1897,2.054,0.0251,0.0516,0.161,0.33,,0,0.33,0.34,,,,,anwenden (nur Buch),0.1
harmonics_noaa_eutt.txt,"Cape Kamenni, Obskaya Gulf, Russia",eutt-1899,2.312,0.0418,0.0967,0.206,0.476,0.556,1,0.42,0.44,,,,,anwenden (Nachbarn),0.09
harmonics_noaa_eutt.txt,"Novyy Port, Obskaya Gulf, Russia",eutt-1901,2.309,0.0418,0.0965,0.206,0.475,,0,0.42,0.44,,,,,anwenden (nur Buch),0.09
harmonics_noaa_eutt.txt,"Cape Yamsale, Russia",eutt-1903,1.989,0.0167,0.0332,0.153,0.304,,0,0.23,0.23,,,,,anwenden (nur Buch),0.1
harmonics_noaa_eutt.txt,"Shirokaya River mouth, Russia",eutt-1905,2.049,0.0251,0.0514,0.124,0.253,,0,0.42,0.44,,,,,anwenden (nur Buch),0.11
harmonics_noaa_eutt.txt,"Oleniy Island, Russia",eutt-1909,2.303,0.0502,0.1156,0.214,0.493,,0,0.48,0.5,,,,,anwenden (nur Buch),0.09
harmonics_noaa_eutt.txt,"Cape Daleki, Russia",eutt-1911,2.206,0.0502,0.1108,0.179,0.394,,0,0.58,0.6,,,,,anwenden (nur Buch),0.1
harmonics_noaa_eutt.txt,"Cape Minina, Russia",eutt-1913,2.25,0.0418,0.094,0.191,0.43,,0,0.46,0.47,,,,,anwenden (nur Buch),0.09
harmonics_noaa_eutt.txt,"Cape Chernyy, Russia",eutt-1915,2.255,0.0335,0.0755,0.195,0.439,,0,0.35,0.37,,,,,anwenden (nur Buch),0.09
harmonics_noaa_eutt.txt,"Cape Leskina, Russia",eutt-1917,2.287,0.0251,0.0574,0.201,0.459,,0,0.26,0.27,,,,,anwenden (nur Buch),0.09
harmonics_noaa_eutt.txt,"Korsakovskiye Islands, Russia",eutt-1919,2.186,0.0251,0.0549,0.161,0.351,,0,0.32,0.34,,,,,anwenden (nur Buch),0.1
harmonics_noaa_eutt.txt,"Olginski Sand, Yenisey River, Russia",eutt-1921,2.179,0.0418,0.0911,0.157,0.343,,0,0.56,0.57,,,,,anwenden (nur Buch),0.1
harmonics_noaa_eutt.txt,"Cape Sopochnaya Korga, Yenisey Gulf, Russia",eutt-1923,2.24,0.0418,0.0936,0.206,0.461,,0,0.43,0.44,,,,,anwenden (nur Buch),0.09
harmonics_noaa_eutt.txt,"Golchikha, Yenisey River, Russia",eutt-1925,2.274,0.0251,0.0571,0.201,0.457,,0,0.26,0.27,,,,,anwenden (nur Buch),0.09
harmonics_noaa_eutt.txt,"Nasonovski Island, Yenisey River, Russia",eutt-1927,2.193,0.0251,0.0551,0.229,0.503,0.364,1,0.23,0.23,,,,,lassen (Nachbarn),0.09
harmonics_noaa_eutt.txt,"Cape Efremov-Kamen, Russia",eutt-1929,2.202,0.0167,0.0368,0.178,0.392,,0,0.19,0.2,,,,,anwenden (nur Buch),0.1
harmonics_noaa_eutt.txt,"Rastorguyeva Island, Russia",eutt-1933,2.214,0.0251,0.0556,0.179,0.395,,0,0.29,0.3,,,,,anwenden (nur Buch),0.1
harmonics_noaa_eutt.txt,"Cape Zveroboi, Russia",eutt-1935,2.154,0.0251,0.0541,0.161,0.346,,0,0.32,0.34,,,,,anwenden (nur Buch),0.1
harmonics_noaa_eutt.txt,"Pyasina River entrance, Russia",eutt-1937,2.101,0.0251,0.0527,0.161,0.338,,0,0.32,0.34,,,,,anwenden (nur Buch),0.1
harmonics_noaa_eutt.txt,"Rybnyye Islands, Russia",eutt-1939,2.21,0.0251,0.0555,0.201,0.444,,0,0.26,0.27,,,,,anwenden (nur Buch),0.09
harmonics_noaa_eutt.txt,"Sev. (North) Plavikovy Island, Russia",eutt-1941,2.228,0.0167,0.0372,0.178,0.397,,0,0.19,0.2,,,,,anwenden (nur Buch),0.1
harmonics_noaa_eutt.txt,"Cape Sterlegova, Russia",eutt-1943,2.36,0.0251,0.0592,0.229,0.541,,0,0.23,0.23,,,,,anwenden (nur Buch),0.09
harmonics_noaa_eutt.txt,"Uyedineniya Island, Russia",eutt-1949,1.989,0.0167,0.0332,0.153,0.304,,0,0.23,0.23,,,,,anwenden (nur Buch),0.1
harmonics_noaa_eutt.txt,"Vize Island, Russia",eutt-1951,2.088,0.0251,0.0524,0.179,0.373,,0,0.3,0.3,,,,,anwenden (nur Buch),0.1
harmonics_noaa_eutt.txt,"Cape Flora, Russia",eutt-1953,1.984,0.0167,0.0331,0.107,0.212,0.308,1,0.32,0.34,,,,,anwenden (Nachbarn),0.11
harmonics_noaa_eutt.txt,"Teplitts Bay, Russia",eutt-1955,2.313,0.0335,0.0775,0.195,0.451,0.353,1,0.36,0.37,,,,,anwenden (Nachbarn),0.09
harmonics_noaa_eutt.txt,"Bear Island, Barents Sea, Svalbard",eutt-1957,1.88,0.0734,0.138,0.198,0.373,,0,0.78,0.8,,,,,anwenden (nur Buch),0.11
harmonics_noaa_eutt.txt,"Advent Bay, Vestspitsbergen, Norway",eutt-1959,1.775,0.0918,0.163,0.175,0.311,0.381,1,1.1,1.14,,,,,anwenden (Nachbarn),0.11
harmonics_noaa_eutt.txt,"Magdalenefjord, Vestspitsbergen, Svalbard",eutt-1961,1.739,0.0551,0.0958,0.138,0.239,0.235,1,0.83,0.87,,,,,anwenden (Nachbarn),0.12
harmonics_noaa_eutt.txt,"Sorgfjord, Vestspitsbergen, Svalbard",eutt-1963,1.953,0.0643,0.1256,0.22,0.429,0.442,1,0.6,0.64,,,,,anwenden (Nachbarn),0.1
harmonics_noaa_amtt.txt,"Princess Royal Islands, Northwest Territories, Canada",ectt-1,3.225,0.0402,0.1296,0.109,0.352,,0,0.75,0.77,,,,,anwenden (nur Buch),0.19
harmonics_noaa_amtt.txt,"Payer Harbour, Cape Sabine, Nunavut, Canada",ectt-105,3.04,0.15,0.456,0.135,0.411,,0,2.3,2.35,,,,,anwenden (nur Buch),0.17
harmonics_noaa_amtt.txt,"Cape Adair, Nunavut, Canada",ectt-107,2.968,0.1125,0.3339,0.118,0.351,,0,1.96,2.01,,,,,anwenden (nur Buch),0.18
harmonics_noaa_amtt.txt,"Cape Hewett, Nunavut, Canada",ectt-109,2.973,0.1062,0.3157,0.122,0.362,,0,1.79,1.84,,,,,anwenden (nur Buch),0.18
harmonics_noaa_amtt.txt,"Cape Hooper, Baffin Island, Nunavut, Canada",ectt-111,2.621,0.0127,0.0333,0.052,0.137,,0,0.57,0.54,,,,,anwenden (nur Buch),0.82
harmonics_noaa_amtt.txt,"Lower Savage Islands, Nunavut, Canada",ectt-125,4.763,0.331,1.5766,0.124,0.592,,0,5.81,5.9,,,,,pruefen (grosser Faktor ohne Beleg),0.58
harmonics_noaa_amtt.txt,"Igloolik, Fury and Hecla Strait, Nunavut, Canada",ectt-13,2.442,0.0951,0.2322,0.134,0.327,,0,1.64,1.54,,,,,anwenden (nur Buch),0.4
harmonics_noaa_amtt.txt,"Winter Island, Foxe Basin, Nunavut, Canada",ectt-131,4.411,0.1231,0.5429,0.086,0.377,,0,3.18,3.19,,,,,pruefen (grosser Faktor ohne Beleg),0.67
harmonics_noaa_amtt.txt,"Port Nelson, Nelson River entrance, Manitoba, Canada",ectt-139,2.892,0.0958,0.277,0.056,0.161,0.248,1,3.75,3.86,,,,,anwenden (Nachbarn),0.21
harmonics_noaa_amtt.txt,"Moose Factory, James Bay, Ontario, Canada",ectt-143,3.134,0.0958,0.3003,0.16,0.502,,0,1.32,1.34,,,,,anwenden (nur Buch),0.16
harmonics_noaa_amtt.txt,"Charlton Island, James Bay, Nunavut, Canada",ectt-145,3.063,0.0684,0.2095,0.106,0.326,0.252,1,1.42,1.44,04730_Charlton_Island_wlp.csv,2.94,27.6,28.3,lassen (Pegel schlechter),0.19
harmonics_noaa_amtt.txt,"Digges Harbour, Québec, Canada",ectt-147,3.09,0.1505,0.4651,0.142,0.438,,0,2.33,2.38,,,,,anwenden (nur Buch),0.17
harmonics_noaa_amtt.txt,"Wakeham Bay, Québec, Canada",ectt-151,3.315,0.6021,1.996,0.221,0.734,,0,6.02,6.1,,,,,anwenden (nur Buch),0.14
harmonics_noaa_amtt.txt,"Leaf Bay, Ungava Bay, Québec, Canada",ectt-159,3.061,0.5473,1.6754,0.131,0.4,,0,9.17,9.39,,,,,anwenden (nur Buch),0.18
harmonics_noaa_amtt.txt,"Button Islands, Nunavut, Canada",ectt-167,3.103,0.26,0.8068,0.15,0.465,,0,3.81,3.89,,,,,anwenden (nur Buch),0.17
harmonics_noaa_amtt.txt,"Eclipse Harbour, Labrador, Canada",ectt-171,2.765,0.0437,0.1208,0.092,0.254,,0,1.01,1.01,,,,,anwenden (nur Buch),0.19
harmonics_noaa_amtt.txt,"Kangalaksiorvik Fiord, Labrador, Canada",ectt-173,2.829,0.05,0.1414,0.096,0.27,,0,1.11,1.11,,,,,anwenden (nur Buch),0.19
harmonics_noaa_amtt.txt,"Nachvak Bay, Labrador, Canada",ectt-175,2.896,0.0625,0.181,0.099,0.285,,0,1.33,1.34,,,,,anwenden (nur Buch),0.19
harmonics_noaa_amtt.txt,"Webeck Harbour, Labrador, Canada",ectt-185,2.941,0.0687,0.202,0.111,0.327,,0,1.27,1.31,,,,,anwenden (nur Buch),0.18
harmonics_noaa_amtt.txt,"Indian Harbour, Labrador, Canada",ectt-187,3.036,0.0875,0.2656,0.128,0.39,0.378,1,1.4,1.44,,,,,anwenden (Nachbarn),0.17
harmonics_noaa_amtt.txt,"Port Bowen, Prince Regent Inlet, Nunavut, Canada",ectt-19,2.73,0.0747,0.2039,0.142,0.388,,0,1.15,1.14,,,,,anwenden (nur Buch),0.38
harmonics_noaa_amtt.txt,"Curlew Harbour, Labrador, Canada",ectt-197,3.047,0.075,0.2285,0.128,0.389,,0,1.22,1.24,,,,,anwenden (nur Buch),0.17
harmonics_noaa_amtt.txt,"Comfort Bight, Labrador, Canada",ectt-199,3.023,0.0687,0.2077,0.124,0.374,,0,1.15,1.17,,,,,anwenden (nur Buch),0.18
harmonics_noaa_amtt.txt,"Port Leopold, Prince Regent Inlet, Nunavut, Canada",ectt-21,2.674,0.0883,0.2361,0.124,0.332,,0,1.53,1.54,05906_Whaler_Point_wlp.csv,2.12,16.8,14.4,anwenden (Pegel),0.4
harmonics_noaa_amtt.txt,"Forteau Bay, Labrador, Canada",ectt-211,2.86,0.0543,0.1553,0.121,0.347,,0,0.93,0.97,,,,,anwenden (nur Buch),0.4
harmonics_noaa_amtt.txt,"Pistolet Bay, Newfoundland, Canada",ectt-213,3.0,0.0437,0.1311,0.115,0.344,,0,0.79,0.8,,,,,anwenden (nur Buch),0.18
harmonics_noaa_amtt.txt,"Ariege Bay, Newfoundland, Canada",ectt-215,2.984,0.0625,0.1865,0.119,0.356,,0,1.09,1.11,,,,,anwenden (nur Buch),0.18
harmonics_noaa_amtt.txt,"Wild Cove, Newfoundland, Canada",ectt-217,3.1,0.075,0.2325,0.135,0.419,,0,1.15,1.17,,,,,anwenden (nur Buch),0.17
harmonics_noaa_amtt.txt,"Sops Island, White Bay, Newfoundland, Canada",ectt-219,3.212,0.0625,0.2008,0.164,0.527,,0,0.79,0.8,,,,,anwenden (nur Buch),0.16
harmonics_noaa_amtt.txt,"Valleyfield, Newfoundland, Canada",ectt-225,3.059,0.0437,0.1337,0.125,0.383,,0,0.72,0.74,,,,,anwenden (nur Buch),0.17
harmonics_noaa_amtt.txt,"Random Head Harbour, Trinity Bay, Newfoundland, Canada",ectt-229,3.079,0.05,0.1539,0.131,0.404,,0,0.79,0.8,,,,,anwenden (nur Buch),0.17
harmonics_noaa_amtt.txt,"Trepassey Harbour, Newfoundland, Canada",ectt-235,2.167,0.1115,0.2416,0.169,0.365,0.292,1,1.41,1.41,00880_Trepassey_wlp.csv,2.28,12.2,12.8,lassen (Pegel schlechter),0.17
harmonics_noaa_amtt.txt,"Cape Hatteras, North Carolina",ectt-2415,2.942,0.0338,0.0995,0.059,0.173,,0,1.3,1.21,,,,,anwenden (nur Buch),0.32
harmonics_noaa_amtt.txt,"Grande le Pierre Harbour, Newfoundland, Canada",ectt-249,2.123,0.0876,0.186,0.15,0.319,,0,1.25,1.24,,,,,anwenden (nur Buch),0.18
harmonics_noaa_amtt.txt,"Assistance Bay, Barrow Strait, Nunavut, Canada",ectt-25,2.626,0.0679,0.1783,0.142,0.372,,0,1.08,1.04,,,,,anwenden (nur Buch),0.39
harmonics_noaa_amtt.txt,"Castle Hayne, Northeast River, North Carolina",ectt-2507,4.75,0.008,0.038,0.029,0.139,,0,0.56,0.57,,,,,pruefen (grosser Faktor ohne Beleg),0.21
harmonics_noaa_amtt.txt,"Great Jervis Harbour, Bay d'Espoir, Newfoundland, Canada",ectt-255,2.056,0.0876,0.1801,0.15,0.309,,0,1.26,1.24,00690_Pushthrough_wlp.csv,2.11,12.5,11.0,anwenden (Pegel),0.18
harmonics_noaa_amtt.txt,"Hare Bay, Newfoundland, Canada",ectt-257,2.072,0.0796,0.165,0.153,0.317,,0,1.12,1.11,,,,,anwenden (nur Buch),0.18
harmonics_noaa_amtt.txt,"Grey River, Newfoundland, Canada",ectt-259,2.056,0.0716,0.1472,0.147,0.302,,0,1.05,1.04,,,,,anwenden (nur Buch),0.18
harmonics_noaa_amtt.txt,"Connoire Bay, Newfoundland, Canada",ectt-261,2.08,0.0716,0.1489,0.157,0.326,,0,0.99,0.97,,,,,anwenden (nur Buch),0.17
harmonics_noaa_amtt.txt,"Cape Romain, South Carolina",ectt-2659,3.484,0.0371,0.1293,0.049,0.17,,0,1.64,1.58,,,,,anwenden (nur Buch),0.2
harmonics_noaa_amtt.txt,"Cape Romain, 46 miles east of, South Carolina",ectt-2661,3.576,0.0324,0.1158,0.049,0.175,,0,1.41,1.37,,,,,anwenden (nur Buch),0.2
harmonics_noaa_amtt.txt,"Codroy Road, Newfoundland, Canada",ectt-267,2.695,0.0611,0.1647,0.141,0.381,,0,0.96,0.94,,,,,anwenden (nur Buch),0.39
harmonics_noaa_amtt.txt,"Jack Creek entrance, South Carolina",ectt-2673,3.526,0.0417,0.147,0.052,0.182,,0,1.74,1.68,,,,,anwenden (nur Buch),0.2
harmonics_noaa_amtt.txt,"Wharf Creek entrance, South Carolina",ectt-2675,3.629,0.0417,0.1513,0.051,0.184,,0,1.77,1.71,,,,,anwenden (nur Buch),0.2
harmonics_noaa_amtt.txt,"Griffith Island, Barrow Strait, Nunavut, Canada",ectt-27,2.617,0.0611,0.1599,0.132,0.345,,0,1.04,1.01,,,,,anwenden (nur Buch),0.4
harmonics_noaa_amtt.txt,"Port-au-Port, Newfoundland, Canada",ectt-271,2.846,0.0679,0.1932,0.126,0.357,,0,1.11,1.17,,,,,anwenden (nur Buch),0.39
harmonics_noaa_amtt.txt,"Frenchman's Cove, Bay of Islands, Newfoundland, Canada",ectt-273,2.822,0.0611,0.1724,0.12,0.338,,0,1.05,1.11,,,,,anwenden (nur Buch),0.4
harmonics_noaa_amtt.txt,"Portland Cove, Newfoundland, Canada",ectt-277,2.821,0.0679,0.1915,0.122,0.345,,0,1.14,1.21,,,,,anwenden (nur Buch),0.4
harmonics_noaa_amtt.txt,"Folly Island (outer coast), South Carolina",ectt-2779,3.537,0.0417,0.1475,0.05,0.176,,0,1.81,1.74,,,,,anwenden (nur Buch),0.2
harmonics_noaa_amtt.txt,"Castors Harbour, St. John Bay, Newfoundland, Canada",ectt-281,2.965,0.0747,0.2215,0.161,0.478,,0,0.96,1.01,,,,,anwenden (nur Buch),0.36
harmonics_noaa_amtt.txt,"Bradore Bay, Québec, Canada",ectt-285,2.898,0.0747,0.2165,0.147,0.425,0.366,1,1.07,1.11,,,,,anwenden (Nachbarn),0.37
harmonics_noaa_amtt.txt,"Mistanoque Harbour, Québec, Canada",ectt-287,2.939,0.0747,0.2195,0.138,0.406,,0,1.12,1.17,,,,,anwenden (nur Buch),0.38
harmonics_noaa_amtt.txt,"Refuge Cove, Wellington Channel, Nunavut, Canada",ectt-29,2.637,0.0883,0.2328,0.136,0.359,,0,1.45,1.41,,,,,anwenden (nur Buch),0.39
harmonics_noaa_amtt.txt,"Wapitagun Harbour, Québec, Canada",ectt-291,2.847,0.0679,0.1933,0.129,0.368,,0,1.08,1.14,,,,,anwenden (nur Buch),0.39
harmonics_noaa_amtt.txt,"Betchewun Harbour, Québec, Canada",ectt-297,2.844,0.0747,0.2125,0.138,0.393,,0,1.13,1.17,,,,,anwenden (nur Buch),0.38
harmonics_noaa_amtt.txt,"Mercy Bay, Banks Island, Northwest Territories, Canada",ectt-3,3.138,0.0229,0.0719,0.089,0.281,,0,0.52,0.54,,,,,anwenden (nur Buch),0.2
harmonics_noaa_amtt.txt,"Heath Point, Québec, Canada",ectt-303,2.851,0.0475,0.1354,0.134,0.381,0.266,1,0.73,0.77,,,,,anwenden (Nachbarn),0.39
harmonics_noaa_amtt.txt,"Moisie Bay, Québec, Canada",ectt-309,2.577,0.1087,0.2801,0.126,0.324,,0,1.94,1.88,,,,,anwenden (nur Buch),0.4
harmonics_noaa_amtt.txt,"Penny Strait, Nunavut, Canada",ectt-31,2.545,0.0272,0.0692,0.117,0.299,,0,0.52,0.5,,,,,anwenden (nur Buch),0.41
harmonics_noaa_amtt.txt,"Cawee Islands, Québec, Canada",ectt-313,2.587,0.1222,0.3161,0.128,0.33,,0,2.15,2.08,,,,,anwenden (nur Buch),0.4
harmonics_noaa_amtt.txt,"Cap Chat, Québec, Canada",ectt-317,2.609,0.1358,0.3544,0.126,0.328,,0,2.42,2.35,,,,,anwenden (nur Buch),0.4
harmonics_noaa_amtt.txt,"Pointe des Monts, Québec, Canada",ectt-319,2.637,0.1562,0.4118,0.139,0.365,,0,2.53,2.45,,,,,anwenden (nur Buch),0.39
harmonics_noaa_amtt.txt,"Burnt Fort, Florida",ectt-3197,3.609,0.025,0.0902,0.049,0.176,,0,1.05,1.07,,,,,anwenden (nur Buch),0.18
harmonics_noaa_amtt.txt,"Métis-sur-Mer, Québec, Canada",ectt-323,2.661,0.1698,0.4518,0.136,0.361,,0,2.79,2.72,,,,,anwenden (nur Buch),0.39
harmonics_noaa_amtt.txt,"Betsiamites River, Québec, Canada",ectt-325,3.067,0.1847,0.5664,0.145,0.446,,0,2.79,2.85,,,,,anwenden (nur Buch),0.17
harmonics_noaa_amtt.txt,"Brandypot Islands, Québec, Canada",ectt-335,3.092,0.2395,0.7406,0.146,0.45,,0,3.61,3.69,,,,,anwenden (nur Buch),0.17
harmonics_noaa_amtt.txt,"Murray Bay, Québec, Canada",ectt-337,3.072,0.2395,0.7356,0.136,0.417,,0,3.87,3.96,,,,,anwenden (nur Buch),0.17
harmonics_noaa_amtt.txt,"Île aux Coudres, Québec, Canada",ectt-341,3.022,0.1984,0.5996,0.103,0.311,,0,4.21,4.33,,,,,anwenden (nur Buch),0.19
harmonics_noaa_amtt.txt,"L'Islet, Québec, Canada",ectt-343,3.006,0.171,0.5141,0.089,0.269,0.232,1,4.18,4.29,,,,,anwenden (Nachbarn),0.19
harmonics_noaa_amtt.txt,"Beaujeu Channel, Québec, Canada",ectt-345,2.989,0.13,0.3886,0.063,0.188,,0,4.5,4.63,,,,,anwenden (nur Buch),0.21
harmonics_noaa_amtt.txt,"St. Laurent d' Orleans, Québec, Canada",ectt-351,3.044,0.1232,0.3751,0.06,0.182,0.235,1,4.5,4.63,,,,,anwenden (Nachbarn),0.21
harmonics_noaa_amtt.txt,"Cape Sheridan, Lincoln Sea, Nunavut, Canada",ectt-37,3.584,0.0402,0.1441,0.14,0.5,0.473,1,0.6,0.6,,,,,anwenden (Nachbarn),0.17
harmonics_noaa_amtt.txt,"GaspÖ Bay, Québec, Canada",ectt-373,2.965,0.0297,0.0881,0.075,0.224,0.321,2,1.05,0.87,,,,,anwenden (Nachbarn),0.76
harmonics_noaa_amtt.txt,"Point St. Peter, Québec, Canada",ectt-375,3.106,0.0297,0.0922,0.078,0.244,,0,1.0,0.84,02310_Pointe_Saint-Pierre_wlp.csv,0.05,36.6,36.3,anwenden (Pegel),0.75
harmonics_noaa_amtt.txt,"Carleton Point, Québec, Canada",ectt-381,3.439,0.0637,0.219,0.09,0.308,,0,1.85,1.58,02200_Carleton_wlp.csv,2.15,56.5,55.9,anwenden (Pegel),0.71
harmonics_noaa_amtt.txt,"Cape Bryant, North Greenland, Greenland",ectt-39,3.132,0.0229,0.0717,0.13,0.407,,0,0.39,0.37,,,,,anwenden (nur Buch),0.18
harmonics_noaa_amtt.txt,"Old Tracadie Gully entrance, New Brunswick, Canada",ectt-393,3.137,0.0297,0.0932,0.07,0.22,,0,1.02,0.94,,,,,anwenden (nur Buch),0.76
harmonics_noaa_amtt.txt,"Cape Sable, East Cape, Florida",ectt-3975,3.478,0.0408,0.1419,0.094,0.328,,0,1.15,0.97,,,,,anwenden (nur Buch),0.78
harmonics_noaa_amtt.txt,"Shark River entrance, Florida",ectt-3977,3.143,0.0408,0.1283,0.076,0.239,,0,1.46,1.21,,,,,anwenden (nur Buch),0.83
harmonics_noaa_amtt.txt,"Lostmans River entrance, Florida",ectt-3981,3.406,0.0408,0.139,0.091,0.31,,0,1.2,1.01,,,,,anwenden (nur Buch),0.79
harmonics_noaa_amtt.txt,"Chatham River entrance, Florida",ectt-3985,3.266,0.0408,0.1333,0.083,0.271,,0,1.33,1.11,,,,,anwenden (nur Buch),0.81
harmonics_noaa_amtt.txt,"Indian Key, Florida",ectt-3991,3.229,0.0408,0.1317,0.08,0.26,,0,1.39,1.14,,,,,anwenden (nur Buch),0.82
harmonics_noaa_amtt.txt,"Tidnish Head, Baie Verte, Nova Scotia, Canada",ectt-407,3.905,0.0509,0.1988,0.066,0.257,0.22,1,1.71,1.71,01780_Tidnish_wlp.csv,2.24,19.0,18.1,anwenden (Pegel),0.74
harmonics_noaa_amtt.txt,"Souris Head, Prince Edward Island, Canada",ectt-421,3.769,0.0297,0.1119,0.07,0.264,,0,0.97,0.94,,,,,anwenden (nur Buch),0.73
harmonics_noaa_amtt.txt,"Cape Bear, Prince Edward Island, Canada",ectt-425,3.978,0.0382,0.152,0.081,0.324,,0,1.07,1.04,,,,,anwenden (nur Buch),0.7
harmonics_noaa_amtt.txt,"Danmarks Havn, Greenland",ectt-43,2.826,0.0747,0.2111,0.134,0.38,,0,1.21,1.21,,,,,anwenden (nur Buch),0.39
harmonics_noaa_amtt.txt,"Cape George, Nova Scotia, Canada",ectt-441,4.067,0.0339,0.1379,0.093,0.38,0.25,1,0.83,0.8,,,,,anwenden (Nachbarn),0.67
harmonics_noaa_amtt.txt,"Cape Borgen, Greenland",ectt-45,2.862,0.0611,0.1749,0.132,0.377,0.473,1,0.95,1.01,,,,,anwenden (Nachbarn),0.39
harmonics_noaa_amtt.txt,"Mabou River entrance, Nova Scotia, Canada",ectt-451,3.997,0.0297,0.1187,0.089,0.356,,0,0.76,0.74,,,,,anwenden (nur Buch),0.68
harmonics_noaa_amtt.txt,"Ingonish Island, Nova Scotia, Canada",ectt-457,3.675,0.0255,0.0937,0.065,0.238,,0,0.89,0.87,,,,,anwenden (nur Buch),0.75
harmonics_noaa_amtt.txt,"St. Anns Harbour, Nova Scotia, Canada",ectt-459,3.751,0.0297,0.1114,0.07,0.263,,0,0.96,0.94,,,,,anwenden (nur Buch),0.74
harmonics_noaa_amtt.txt,"Glace Bay, Nova Scotia, Canada",ectt-463,3.905,0.0297,0.116,0.078,0.306,,0,0.85,0.84,,,,,anwenden (nur Buch),0.71
harmonics_noaa_amtt.txt,"Gabarus Cove, Nova Scotia, Canada",ectt-467,2.687,0.0437,0.1174,0.074,0.2,,0,1.24,1.24,,,,,anwenden (nur Buch),0.2
harmonics_noaa_amtt.txt,"St. Peter Bay, Nova Scotia, Canada",ectt-469,2.846,0.0562,0.16,0.084,0.24,,0,1.39,1.41,00587_St_Peters_Bay_wlp.csv,2.14,14.1,13.3,anwenden (Pegel),0.19
harmonics_noaa_amtt.txt,"Lille Pendulum, Greenland",ectt-47,3.001,0.0679,0.2038,0.147,0.44,,0,0.96,1.01,,,,,anwenden (nur Buch),0.37
harmonics_noaa_amtt.txt,"Punta Maisi, Cuba",ectt-4749,3.168,0.0344,0.109,0.098,0.309,,0,0.72,0.74,,,,,anwenden (nur Buch),0.19
harmonics_noaa_amtt.txt,"Guysborough, Nova Scotia, Canada",ectt-475,2.723,0.05,0.1362,0.083,0.226,,0,1.27,1.27,,,,,anwenden (nur Buch),0.2
harmonics_noaa_amtt.txt,"Matanzas, Cuba",ectt-4775,3.32,0.0138,0.0458,0.076,0.253,,0,0.45,0.4,,,,,anwenden (nur Buch),0.77
harmonics_noaa_amtt.txt,"Liscomb Harbour, Nova Scotia, Canada",ectt-485,2.797,0.05,0.1399,0.075,0.21,0.202,1,1.39,1.41,,,,,anwenden (Nachbarn),0.2
harmonics_noaa_amtt.txt,"Ship Harbour, Nova Scotia, Canada",ectt-489,2.834,0.0562,0.1593,0.084,0.239,0.257,1,1.4,1.41,,,,,anwenden (Nachbarn),0.19
harmonics_noaa_amtt.txt,"Finsch Islands, Greenland",ectt-49,2.938,0.0747,0.2194,0.151,0.444,,0,1.06,1.07,,,,,anwenden (nur Buch),0.37
harmonics_noaa_amtt.txt,"Jeddore Harbour, Nova Scotia, Canada",ectt-491,2.823,0.0562,0.1587,0.082,0.233,,0,1.43,1.44,,,,,anwenden (nur Buch),0.2
harmonics_noaa_amtt.txt,"Bahía de Tablazos, Lake Maracaibo, Venezuela",ectt-4913,7.783,0.0046,0.0358,0.014,0.108,0.125,1,0.79,0.7,,,,,anwenden (Nachbarn),0.47
harmonics_noaa_amtt.txt,"Punta de Palmas, Venezuela",ectt-4915,7.847,0.0046,0.0361,0.018,0.143,0.174,1,0.6,0.54,,,,,anwenden (Nachbarn),0.46
harmonics_noaa_amtt.txt,"Macuro, Venezuela",ectt-4929,2.292,0.0432,0.099,0.126,0.288,,0,0.71,0.74,,,,,anwenden (nur Buch),0.2
harmonics_noaa_amtt.txt,"Puerto de Hierro, Venezuela",ectt-4931,2.346,0.0778,0.1825,0.151,0.354,0.317,1,1.06,1.11,,,,,anwenden (Nachbarn),0.19
harmonics_noaa_amtt.txt,"Barra de Maturín, channel entrance, Venezuela",ectt-4933,2.318,0.0951,0.2204,0.132,0.307,,0,1.48,1.54,,,,,anwenden (nur Buch),0.2
harmonics_noaa_amtt.txt,"Boca Pedernales entrance, Venezuela",ectt-4937,2.328,0.0951,0.2214,0.141,0.329,,0,1.38,1.44,,,,,anwenden (nur Buch),0.19
harmonics_noaa_amtt.txt,"Río Orinoco entrance, Isla Ramon Isidro, Venezuela",ectt-4939,2.4,0.147,0.3529,0.188,0.452,0.159,1,1.61,1.68,,,,,lassen (Nachbarn),0.18
harmonics_noaa_amtt.txt,"Staubles Bay, Trinidad and Tobago",ectt-4941,2.339,0.0519,0.1214,0.175,0.409,0.267,1,0.61,0.64,,,,,lassen (Nachbarn),0.18
harmonics_noaa_amtt.txt,"Bonasse pier, Trinidad and Tobago",ectt-4947,2.364,0.0864,0.2042,0.163,0.384,0.404,1,1.09,1.14,,,,,anwenden (Nachbarn),0.18
harmonics_noaa_amtt.txt,"Erin Bay, Trinidad and Tobago",ectt-4949,2.38,0.1124,0.2675,0.167,0.398,0.344,1,1.39,1.44,,,,,anwenden (Nachbarn),0.18
harmonics_noaa_amtt.txt,"Sable Island, north side, Nova Scotia, Canada",ectt-495,2.87,0.0375,0.1076,0.091,0.261,,0,0.86,0.87,,,,,anwenden (nur Buch),0.19
harmonics_noaa_amtt.txt,"Guayaguayare Bay, Trinidad and Tobago",ectt-4951,2.273,0.0605,0.1375,0.125,0.284,0.366,1,1.0,1.04,,,,,anwenden (Nachbarn),0.2
harmonics_noaa_amtt.txt,"Nariva River, Trinidad and Tobago",ectt-4953,2.349,0.0605,0.1421,0.161,0.379,0.286,1,0.78,0.8,,,,,anwenden (Nachbarn),0.19
harmonics_noaa_amtt.txt,"Parika, Essequibo River, Guyana",ectt-4955,1.749,0.1843,0.3224,0.178,0.312,0.293,1,2.11,2.21,,,,,anwenden (Nachbarn),0.09
harmonics_noaa_amtt.txt,"Georgetown, Guyana",ectt-4957,1.859,0.2385,0.4434,0.262,0.488,,0,1.87,1.94,,,,,anwenden (nur Buch),0.08
harmonics_noaa_amtt.txt,"Paramaribo, Suriname Rivier, Suriname",ectt-4963,1.722,0.1409,0.2426,0.15,0.258,0.287,2,1.91,2.01,,,,,anwenden (Nachbarn),0.09
harmonics_noaa_amtt.txt,"Cayenne, French Guiana",ectt-4969,1.705,0.1301,0.2218,0.126,0.214,0.203,1,2.1,2.21,,,,,anwenden (Nachbarn),0.09
harmonics_noaa_amtt.txt,"Sable Island, south side, Nova Scotia, Canada",ectt-497,2.859,0.0562,0.1607,0.091,0.26,,0,1.3,1.31,,,,,anwenden (nur Buch),0.19
harmonics_noaa_amtt.txt,"Cape Cassipore, French Guiana",ectt-4971,1.801,0.2493,0.4489,0.221,0.398,,0,2.31,2.41,,,,,anwenden (nur Buch),0.08
harmonics_noaa_amtt.txt,"Rio Cunani entrance, Amapá, Brazil",ectt-4973,1.795,0.4879,0.8757,0.215,0.385,,0,4.65,4.86,,,,,anwenden (nur Buch),0.08
harmonics_noaa_amtt.txt,"Ilha de Maracá, Amapá, Brazil",ectt-4975,1.795,0.4879,0.8756,0.215,0.385,,0,4.65,4.86,,,,,anwenden (nur Buch),0.08
harmonics_noaa_amtt.txt,"Barra Norte (Rio de Brigue), Amapá, Brazil",ectt-4977,1.713,0.271,0.4643,0.131,0.224,0.257,1,4.2,4.43,,,,,anwenden (Nachbarn),0.09
harmonics_noaa_amtt.txt,"Ponta Pedreira, Amazon River, Pará, Brazil",ectt-4979,1.805,0.4228,0.763,0.219,0.396,,0,3.95,4.12,,,,,anwenden (nur Buch),0.08
harmonics_noaa_amtt.txt,"Macapa, Amazon River, Amapá, Brazil",ectt-4981,1.612,0.1193,0.1923,0.091,0.146,0.223,1,2.72,2.82,,,,,anwenden (Nachbarn),0.1
harmonics_noaa_amtt.txt,"Canal de Bragança, Rio Pará entrance, Pará, Brazil",ectt-4983,1.814,0.271,0.4915,0.219,0.397,,0,2.55,2.65,,,,,anwenden (nur Buch),0.08
harmonics_noaa_amtt.txt,"Salinópolis, Pará, Brazil",ectt-4985,1.763,0.3686,0.65,0.188,0.332,,0,4.0,4.19,,,,,anwenden (nur Buch),0.08
harmonics_noaa_amtt.txt,"Belem (Para), Pará, Brazil",ectt-4987,1.736,0.206,0.3575,0.16,0.278,,0,2.61,2.75,,,,,anwenden (nur Buch),0.09
harmonics_noaa_amtt.txt,"Ilhas de São João, Maranhão, Brazil",ectt-4989,1.801,0.3686,0.6637,0.22,0.396,,0,3.43,3.59,,,,,anwenden (nur Buch),0.08
harmonics_noaa_amtt.txt,"St. Margarets Bay, Nova Scotia, Canada",ectt-499,2.638,0.0437,0.1153,0.066,0.173,0.186,2,1.4,1.41,00484_Indian_Harbour_wlp.csv,0.38,8.6,5.8,anwenden (Pegel),0.21
harmonics_noaa_amtt.txt,"Santana, Recifes de, Maranhão, Brazil",ectt-4993,1.793,0.3361,0.6026,0.214,0.384,0.299,1,3.21,3.35,,,,,lassen (Nachbarn),0.08
harmonics_noaa_amtt.txt,"Tutóia, Baía da, Maranhão, Brazil",ectt-4995,1.75,0.2168,0.3793,0.173,0.302,,0,2.55,2.68,,,,,anwenden (nur Buch),0.09
harmonics_noaa_amtt.txt,"Luís Correia, Maranhão, Brazil",ectt-4997,1.765,0.2168,0.3826,0.187,0.33,,0,2.37,2.48,,,,,anwenden (nur Buch),0.08
harmonics_noaa_amtt.txt,"Camocim, Ceará, Brazil",ectt-4999,1.765,0.2277,0.4018,0.191,0.337,0.319,1,2.43,2.55,,,,,anwenden (Nachbarn),0.08
harmonics_noaa_amtt.txt,"Winter Harbour, Melville Island, Northwest Territories, Canada",ectt-5,3.182,0.0402,0.1279,0.1,0.32,0.587,1,0.81,0.84,,,,,anwenden (Nachbarn),0.19
harmonics_noaa_amtt.txt,"Rio Ceará (bar), Ceará, Brazil",ectt-5001,1.791,0.2168,0.3883,0.219,0.393,,0,2.03,2.11,,,,,anwenden (nur Buch),0.08
harmonics_noaa_amtt.txt,"Rocas, Atol das, Brazil",ectt-5007,1.926,0.2244,0.4321,0.191,0.368,,0,2.39,2.51,,,,,anwenden (nur Buch),0.09
harmonics_noaa_amtt.txt,"Chester, Mahone Bay, Nova Scotia, Canada",ectt-501,2.769,0.0562,0.1556,0.081,0.223,,0,1.46,1.48,,,,,anwenden (nur Buch),0.2
harmonics_noaa_amtt.txt,"Tambau, Paraíba, Brazil",ectt-5015,1.841,0.1436,0.2644,0.153,0.282,0.326,1,1.93,2.01,,,,,anwenden (Nachbarn),0.09
harmonics_noaa_amtt.txt,"Maceio, Alagoas, Brazil",ectt-5019,1.957,0.1526,0.2986,0.191,0.374,,0,1.63,1.71,,,,,anwenden (nur Buch),0.09
harmonics_noaa_amtt.txt,"Rio Sao Francisco (bar), Alagoas, Brazil",ectt-5021,1.956,0.1346,0.2633,0.191,0.374,0.359,1,1.44,1.51,,,,,anwenden (Nachbarn),0.09
harmonics_noaa_amtt.txt,"Morro de Sao Paulo, Bahia, Brazil",ectt-5029,1.853,0.1256,0.2327,0.174,0.323,0.357,1,1.49,1.54,,,,,anwenden (Nachbarn),0.09
harmonics_noaa_amtt.txt,"Camamu, Bahia, Brazil",ectt-5031,1.915,0.1436,0.275,0.187,0.359,,0,1.58,1.64,,,,,anwenden (nur Buch),0.09
harmonics_noaa_amtt.txt,"Ilheus, Bahia, Brazil",ectt-5033,1.776,0.1077,0.1913,0.15,0.266,,0,1.49,1.54,,,,,anwenden (nur Buch),0.09
harmonics_noaa_amtt.txt,"Canavieiras, Bahia, Brazil",ectt-5035,1.836,0.1167,0.2142,0.166,0.304,0.344,1,1.43,1.51,707_Canavieiras.csv,2.17,15.4,13.5,anwenden (Pegel),0.09
harmonics_noaa_amtt.txt,"Santa Cruz Cabrália, Bahia, Brazil",ectt-5037,1.881,0.1346,0.2532,0.191,0.36,,0,1.47,1.51,,,,,anwenden (nur Buch),0.09
harmonics_noaa_amtt.txt,"Cumuruxatiba, Bahia, Brazil",ectt-5039,1.935,0.1705,0.33,0.206,0.398,0.4,1,1.72,1.78,,,,,anwenden (Nachbarn),0.08
harmonics_noaa_amtt.txt,"Caravelas, Bahia, Brazil",ectt-5041,1.842,0.1346,0.2479,0.176,0.323,,0,1.6,1.64,,,,,anwenden (nur Buch),0.09
harmonics_noaa_amtt.txt,"Abrolhos Anchorage, Bahia, Brazil",ectt-5043,1.951,0.1705,0.3327,0.191,0.373,0.418,1,1.83,1.91,,,,,anwenden (Nachbarn),0.09
harmonics_noaa_amtt.txt,"Vitoria, Espírito Santo, Brazil",ectt-5045,1.96,0.1167,0.2287,0.226,0.443,0.435,1,1.08,1.11,,,,,anwenden (Nachbarn),0.08
harmonics_noaa_amtt.txt,"Guarapari, Espírito Santo, Brazil",ectt-5047,1.953,0.0987,0.1927,0.203,0.397,0.409,1,0.99,1.04,,,,,anwenden (Nachbarn),0.08
harmonics_noaa_amtt.txt,"Sao Joao da Barra, Rio de Janeiro, Brazil",ectt-5049,1.709,0.1251,0.2138,0.343,0.586,0.475,1,0.77,0.87,,,,,anwenden (Nachbarn),0.32
harmonics_noaa_amtt.txt,"Armacao dos Buzios, Rio de Janeiro, Brazil",ectt-5053,1.688,0.1126,0.19,0.321,0.541,0.457,1,0.74,0.84,,,,,anwenden (Nachbarn),0.33
harmonics_noaa_amtt.txt,"Cabo Frio, Rio de Janeiro, Brazil",ectt-5055,1.719,0.1126,0.1935,0.349,0.599,0.548,1,0.68,0.77,,,,,anwenden (Nachbarn),0.32
harmonics_noaa_amtt.txt,"Itacuruçá, Rio de Janeiro, Brazil",ectt-5059,1.587,0.0875,0.1388,0.24,0.38,,0,0.76,0.87,,,,,anwenden (nur Buch),0.37
harmonics_noaa_amtt.txt,"Parati, Rio de Janeiro, Brazil",ectt-5063,1.755,0.1251,0.2195,0.371,0.651,0.636,1,0.72,0.8,,,,,anwenden (Nachbarn),0.31
harmonics_noaa_amtt.txt,"Paranaguá, Paraná, Brazil",ectt-5071,1.863,0.2376,0.4425,0.413,0.769,,0,1.24,1.37,,,,,anwenden (nur Buch),0.29
harmonics_noaa_amtt.txt,"Porto Belo, Santa Catarina, Brazil",ectt-5077,1.718,0.0875,0.1503,0.346,0.595,0.682,1,0.53,0.6,,,,,anwenden (Nachbarn),0.32
harmonics_noaa_amtt.txt,"Banco Chico, Buenos Aires, Argentina",ectt-5095,7.352,0.0116,0.0853,0.037,0.272,,0,0.71,0.7,,,,,pruefen (grosser Faktor ohne Beleg),0.64
harmonics_noaa_amtt.txt,"Punta Piedras, Buenos Aires, Argentina",ectt-5099,7.859,0.0174,0.1367,0.036,0.286,,0,1.12,1.07,,,,,pruefen (grosser Faktor ohne Beleg),0.64
harmonics_noaa_amtt.txt,"Myggbukta, Foster Bay, Greenland",ectt-51,2.855,0.0679,0.1938,0.129,0.369,,0,1.1,1.14,,,,,anwenden (nur Buch),0.39
harmonics_noaa_amtt.txt,"Punta Norte del Cabo San Antonio, Buenos Aires, Argentina",ectt-5101,7.628,0.0203,0.1548,0.045,0.346,0.249,2,1.19,1.01,,,,,anwenden (Nachbarn),0.61
harmonics_noaa_amtt.txt,"Faro Recalada, Buenos Aires, Argentina",ectt-5107,7.71,0.0205,0.158,0.02,0.15,0.144,2,2.16,2.18,,,,,anwenden (Nachbarn),0.21
harmonics_noaa_amtt.txt,"Punta Ancla, Buenos Aires, Argentina",ectt-5111,7.867,0.0273,0.2148,0.019,0.146,,0,3.02,3.05,,,,,pruefen (grosser Faktor ohne Beleg),0.21
harmonics_noaa_amtt.txt,"General Daniel Cerri, Buenos Aires, Argentina",ectt-5119,7.61,0.0376,0.2861,0.02,0.15,0.19,1,3.91,3.96,,,,,anwenden (Nachbarn),0.21
harmonics_noaa_amtt.txt,"Canal del Sur, Isla Bermejo, Buenos Aires, Argentina",ectt-5121,7.797,0.0273,0.2129,0.019,0.15,,0,2.92,2.95,,,,,pruefen (grosser Faktor ohne Beleg),0.21
harmonics_noaa_amtt.txt,"Canal Bermejo, Isla Trinidad, Buenos Aires, Argentina",ectt-5123,7.546,0.0273,0.206,0.02,0.152,,0,2.79,2.82,,,,,pruefen (grosser Faktor ohne Beleg),0.21
harmonics_noaa_amtt.txt,"Punta Lobos, Isla Trinidad, Buenos Aires, Argentina",ectt-5125,7.615,0.0273,0.2079,0.021,0.161,0.195,1,2.65,2.68,,,,,anwenden (Nachbarn),0.21
harmonics_noaa_amtt.txt,"El Chara (Punta Laberinto), Buenos Aires, Argentina",ectt-5127,7.49,0.0307,0.23,0.023,0.171,0.117,1,2.75,2.78,,,,,anwenden (Nachbarn),0.21
harmonics_noaa_amtt.txt,"Bahía Anegada, Islote NW, Buenos Aires, Argentina",ectt-5129,7.176,0.0239,0.1715,0.023,0.166,0.126,1,2.17,2.15,,,,,anwenden (Nachbarn),0.21
harmonics_noaa_amtt.txt,"Lockeport, Nova Scotia, Canada",ectt-513,2.642,0.05,0.1321,0.069,0.181,0.197,1,1.54,1.54,,,,,anwenden (Nachbarn),0.2
harmonics_noaa_amtt.txt,"Faro Segunda Barranca, Buenos Aires, Argentina",ectt-5133,8.416,0.0171,0.1439,0.02,0.165,0.101,1,1.81,1.81,,,,,anwenden (Nachbarn),0.21
harmonics_noaa_amtt.txt,"Caleta de los Loros, Río Negro, Argentina",ectt-5137,2.495,0.2393,0.5971,0.073,0.182,0.206,1,6.69,6.81,,,,,anwenden (Nachbarn),0.13
harmonics_noaa_amtt.txt,"Pueyrredon (Fondeadero), Chubut, Argentina",ectt-5143,2.414,0.2199,0.5309,0.064,0.155,0.174,1,7.02,7.11,,,,,anwenden (Nachbarn),0.14
harmonics_noaa_amtt.txt,"La Argentina (Fondeadero), Chubut, Argentina",ectt-5145,2.759,0.3428,0.9458,0.118,0.326,0.354,1,5.94,6.04,,,,,anwenden (Nachbarn),0.12
harmonics_noaa_amtt.txt,"Punta Norte, Chubut, Argentina",ectt-5147,2.417,0.1617,0.3908,0.069,0.167,0.193,1,4.76,4.86,,,,,anwenden (Nachbarn),0.13
harmonics_noaa_amtt.txt,"Caleta Valdes, Chubut, Argentina",ectt-5149,2.39,0.1164,0.2782,0.068,0.163,0.195,1,3.48,3.55,,,,,anwenden (Nachbarn),0.13
harmonics_noaa_amtt.txt,"Punta Delgada, Chubut, Argentina",ectt-5151,2.348,0.1035,0.2431,0.064,0.149,0.193,1,3.31,3.39,,,,,anwenden (Nachbarn),0.14
harmonics_noaa_amtt.txt,"Punta Ninfas (Fondeadero), Chubut, Argentina",ectt-5153,2.627,0.1811,0.4758,0.089,0.234,0.257,1,4.15,4.22,,,,,anwenden (Nachbarn),0.13
harmonics_noaa_amtt.txt,"Puerto Piramides, Chubut, Argentina",ectt-5155,2.553,0.1617,0.4128,0.08,0.205,0.241,1,4.11,4.19,,,,,anwenden (Nachbarn),0.13
harmonics_noaa_amtt.txt,"Bahía Janssen, Chubut, Argentina",ectt-5163,2.386,0.1423,0.3396,0.075,0.18,0.216,1,4.01,3.92,,,,,anwenden (Nachbarn),0.13
harmonics_noaa_amtt.txt,"Cabo Raso, Chubut, Argentina",ectt-5165,2.2,0.1099,0.2417,0.064,0.14,,0,3.68,3.59,,,,,anwenden (nur Buch),0.14
harmonics_noaa_amtt.txt,"Bahía Cruz, Chubut, Argentina",ectt-5167,2.301,0.1035,0.2381,0.065,0.149,,0,3.37,3.32,,,,,anwenden (nur Buch),0.14
harmonics_noaa_amtt.txt,"Bahía Camarones, Chubut, Argentina",ectt-5171,2.297,0.1423,0.3268,0.077,0.176,0.197,1,3.94,3.86,,,,,anwenden (Nachbarn),0.13
harmonics_noaa_amtt.txt,"Caleta Leones, Chubut, Argentina",ectt-5173,1.751,0.0841,0.1473,0.039,0.068,0.218,1,4.58,4.49,,,,,anwenden (Nachbarn),0.15
harmonics_noaa_amtt.txt,"Bahía Gil (Caleta Horno), Chubut, Argentina",ectt-5175,2.335,0.1423,0.3323,0.074,0.173,0.213,1,4.0,3.99,,,,,anwenden (Nachbarn),0.13
harmonics_noaa_amtt.txt,"Puerto Melo, Chubut, Argentina",ectt-5177,2.468,0.1487,0.367,0.075,0.185,,0,4.1,4.12,,,,,anwenden (nur Buch),0.13
harmonics_noaa_amtt.txt,"Isla Tova, Chubut, Argentina",ectt-5179,2.468,0.1487,0.367,0.075,0.185,,0,4.1,4.12,,,,,anwenden (nur Buch),0.13
harmonics_noaa_amtt.txt,"Bahía Bustamante, Chubut, Argentina",ectt-5181,2.462,0.1487,0.3661,0.074,0.183,0.217,1,4.14,4.16,,,,,anwenden (Nachbarn),0.13
harmonics_noaa_amtt.txt,"Cabo Blanco, Santa Cruz, Argentina",ectt-5185,2.077,0.0841,0.1746,0.044,0.091,0.126,1,3.9,3.99,,,,,anwenden (Nachbarn),0.14
harmonics_noaa_amtt.txt,"Bahía Oso Marino, Santa Cruz, Argentina",ectt-5189,2.578,0.1681,0.4334,0.091,0.234,0.257,1,3.78,3.86,,,,,anwenden (Nachbarn),0.13
harmonics_noaa_amtt.txt,"Bahía de los Nodales, Santa Cruz, Argentina",ectt-5191,2.533,0.1746,0.4423,0.086,0.218,0.251,1,4.14,4.22,,,,,anwenden (Nachbarn),0.13
harmonics_noaa_amtt.txt,"Bahía Laura, Santa Cruz, Argentina",ectt-5193,2.289,0.1875,0.4292,0.052,0.118,,0,7.39,7.54,,,,,anwenden (nur Buch),0.14
harmonics_noaa_amtt.txt,"Ria Coig, Santa Cruz, Argentina",ectt-5199,1.951,0.418,0.8153,0.102,0.199,0.239,1,8.56,8.92,,,,,anwenden (Nachbarn),0.11
harmonics_noaa_amtt.txt,"Cabo Virgenes, Santa Cruz, Argentina",ectt-5205,2.041,0.4479,0.9144,0.122,0.25,0.276,1,7.72,7.98,,,,,anwenden (Nachbarn),0.1
harmonics_noaa_amtt.txt,"Port Louis (Berkeley Sound), Falkland Islands",ectt-5215,3.894,0.0382,0.1487,0.076,0.298,0.367,1,1.07,1.11,,,,,anwenden (Nachbarn),0.72
harmonics_noaa_amtt.txt,"Royal Bay (Moltke Harbor), United Kingdom",ectt-5219,4.004,0.0255,0.1021,0.099,0.397,0.522,1,0.57,0.57,,,,,anwenden (Nachbarn),0.66
harmonics_noaa_amtt.txt,"Leith Harbor, South Georgia and the South Sandwich Islands",ectt-5221,4.133,0.0297,0.1227,0.098,0.405,0.458,1,0.65,0.67,,,,,anwenden (Nachbarn),0.66
harmonics_noaa_amtt.txt,"Scotia Bay, Laurie Island, Antarctica",ectt-5223,4.72,0.0637,0.3006,0.12,0.567,0.604,2,1.17,1.17,,,,,anwenden (Nachbarn),0.59
harmonics_noaa_amtt.txt,"Admiralty Bay, Antarctica",ectt-5227,4.348,0.0552,0.24,0.118,0.511,,0,1.0,1.04,,,,,pruefen (grosser Faktor ohne Beleg),0.61
harmonics_noaa_amtt.txt,"Blomsterbugten, Greenland",ectt-53,2.885,0.0747,0.2155,0.131,0.377,,0,1.23,1.24,,,,,anwenden (nur Buch),0.39
harmonics_noaa_amtt.txt,"Amherst Point, Cumberland Basin, New Brunswick, Canada",ectt-555,2.673,0.3061,0.8183,0.061,0.163,,0,10.67,11.94,,,,,anwenden (nur Buch),0.21
harmonics_noaa_amtt.txt,"Angmagssalik (Kulusuk), Greenland",ectt-57,2.755,0.1562,0.4303,0.156,0.429,,0,2.24,2.18,,,,,anwenden (nur Buch),0.37
harmonics_noaa_amtt.txt,"Finnsbu, Greenland",ectt-59,2.262,0.1592,0.36,0.166,0.375,0.43,1,1.97,2.05,,,,,anwenden (Nachbarn),0.17
harmonics_noaa_amtt.txt,"Kap Farvel, Greenland",ectt-61,2.28,0.1592,0.363,0.169,0.384,0.451,1,1.92,2.01,,,,,anwenden (Nachbarn),0.17
harmonics_noaa_amtt.txt,"Prospect Harbor, Maine",ectt-623,3.432,0.0843,0.2893,0.049,0.17,,0,3.43,3.52,,,,,anwenden (nur Buch),0.16
harmonics_noaa_amtt.txt,"Frederiksdal, Greenland",ectt-63,2.314,0.1911,0.4421,0.171,0.395,0.451,1,2.28,2.38,,,,,anwenden (Nachbarn),0.17
harmonics_noaa_amtt.txt,"Nanortalik, Greenland",ectt-65,2.304,0.1672,0.3851,0.169,0.388,,0,2.02,2.11,,,,,anwenden (nur Buch),0.17
harmonics_noaa_amtt.txt,"Julianehaab, Greenland",ectt-67,2.262,0.1513,0.3423,0.158,0.356,0.378,2,1.95,2.05,,,,,anwenden (Nachbarn),0.17
harmonics_noaa_amtt.txt,"Narsarssuaq, Greenland",ectt-69,2.247,0.1592,0.3577,0.153,0.344,,0,2.11,2.21,,,,,anwenden (nur Buch),0.17
harmonics_noaa_amtt.txt,"Bridport Inlet, Melville Island, Nunavut, Canada",ectt-7,3.572,0.0746,0.2665,0.166,0.595,,0,0.92,0.94,,,,,anwenden (nur Buch),0.16
harmonics_noaa_amtt.txt,"Ivigtut, Arsuk Fjord, Greenland",ectt-71,2.266,0.1672,0.3788,0.163,0.37,,0,2.08,2.18,,,,,anwenden (nur Buch),0.17
harmonics_noaa_amtt.txt,"Frederikshaab, Greenland",ectt-73,2.259,0.207,0.4675,0.155,0.349,0.373,1,2.73,2.85,,,,,anwenden (Nachbarn),0.17
harmonics_noaa_amtt.txt,"Godthaab, Greenland",ectt-75,2.287,0.2548,0.5827,0.165,0.378,0.39,2,3.15,3.29,,,,,anwenden (Nachbarn),0.17
harmonics_noaa_amtt.txt,"Fishmaster's Harbour, Søndre Strømfjord, Greenland",ectt-77,1.981,0.1274,0.2524,0.094,0.186,,0,2.74,2.88,,,,,anwenden (nur Buch),0.2
harmonics_noaa_amtt.txt,"Camp Lloyd, Søndre Strømfjord, Greenland",ectt-79,2.029,0.1353,0.2745,0.112,0.226,,0,2.49,2.58,,,,,anwenden (nur Buch),0.19
harmonics_noaa_amtt.txt,"Holsteinsborg, Greenland",ectt-81,2.238,0.1831,0.4099,0.151,0.338,0.391,2,2.47,2.58,,,,,anwenden (Nachbarn),0.17
harmonics_noaa_amtt.txt,"Camp Michigan, Maligiak Fjord, Greenland",ectt-83,2.156,0.1831,0.3948,0.147,0.317,,0,2.6,2.65,,,,,anwenden (nur Buch),0.18
harmonics_noaa_amtt.txt,"Aningaq, Rifkol, Greenland",ectt-85,2.537,0.1222,0.31,0.141,0.359,0.39,1,2.01,1.88,,,,,anwenden (Nachbarn),0.39
harmonics_noaa_amtt.txt,"Nunarssuaq, Kronprinsens Ejlanden, Greenland",ectt-87,2.619,0.1019,0.2669,0.157,0.412,,0,1.48,1.41,,,,,anwenden (nur Buch),0.38
harmonics_noaa_amtt.txt,"Godhavn, Disko Island, Greenland",ectt-89,2.538,0.0951,0.2414,0.143,0.363,0.413,1,1.55,1.44,,,,,anwenden (Nachbarn),0.39
harmonics_noaa_amtt.txt,"Byam Martin Island, Nunavut, Canada",ectt-9,3.278,0.0516,0.1691,0.115,0.377,,0,0.91,0.94,,,,,anwenden (nur Buch),0.19
harmonics_noaa_amtt.txt,"Ingnerit, Umanak Fjord, Greenland",ectt-91,2.824,0.0679,0.1918,0.133,0.376,,0,1.1,1.11,,,,,anwenden (nur Buch),0.39
harmonics_noaa_amtt.txt,"North Star Bay, Wolstenholme Fjord, Greenland",ectt-93,2.835,0.1087,0.3082,0.13,0.37,0.383,2,1.72,1.81,,,,,anwenden (Nachbarn),0.39
harmonics_noaa_amtt.txt,"Port Foulke, Greenland",ectt-95,2.909,0.1902,0.5534,0.156,0.454,0.417,1,2.52,2.65,,,,,anwenden (Nachbarn),0.37
harmonics_noaa_amtt.txt,"Rensselaer Bugt, Greenland",ectt-97,2.929,0.1969,0.5768,0.161,0.473,0.442,1,2.52,2.65,,,,,anwenden (Nachbarn),0.36
harmonics_noaa_amtt.txt,"Thank God Harbor, Polaris Bugt, Greenland",ectt-99,2.962,0.1019,0.3018,0.169,0.501,0.46,1,1.24,1.31,,,,,anwenden (Nachbarn),0.36
harmonics_noaa_amtt.txt,"Bahía Buen Suceso, Tierra del Fuego, Argentina",wctt-1,6.409,0.0307,0.1968,0.041,0.265,0.216,2,1.57,1.61,,,,,anwenden (Nachbarn),0.55
harmonics_noaa_amtt.txt,"Isla Guafo, Chile",wctt-101,6.653,0.0491,0.3267,0.054,0.358,,0,2.03,1.98,,,,,pruefen (grosser Faktor ohne Beleg),0.51
harmonics_noaa_amtt.txt,"Puerto Low, Chile",wctt-103,5.994,0.0461,0.2763,0.047,0.279,,0,2.33,2.15,,,,,pruefen (grosser Faktor ohne Beleg),0.54
harmonics_noaa_amtt.txt,"Puerto Melinka, Chile",wctt-105,6.188,0.0461,0.2852,0.045,0.276,0.378,1,2.39,2.25,pmel_puerto_melinka.csv,0.22,38.1,33.4,anwenden (Pegel),0.54
harmonics_noaa_amtt.txt,"Bahía Tictoc, Chile",wctt-107,6.026,0.0491,0.2959,0.045,0.274,,0,2.54,2.35,,,,,pruefen (grosser Faktor ohne Beleg),0.54
harmonics_noaa_amtt.txt,"Puerto San Pedro, Chile",wctt-109,5.722,0.0491,0.2809,0.044,0.253,,0,2.65,2.41,,,,,pruefen (grosser Faktor ohne Beleg),0.55
harmonics_noaa_amtt.txt,"Bahía Posesión, Chile",wctt-11,1.703,0.5561,0.9472,0.135,0.23,,0,8.67,9.22,,,,,anwenden (nur Buch),0.17
harmonics_noaa_amtt.txt,"Puerto Quellón, Chile",wctt-111,1.793,0.3016,0.5408,0.161,0.289,,0,3.94,4.19,,,,,anwenden (nur Buch),0.16
harmonics_noaa_amtt.txt,"Puerto Queilén, Chile",wctt-113,1.81,0.3205,0.58,0.165,0.298,,0,4.11,4.36,,,,,anwenden (nur Buch),0.16
harmonics_noaa_amtt.txt,"Castro, Chile",wctt-115,1.804,0.3582,0.6464,0.164,0.296,0.413,1,4.56,4.9,cstr_castro.csv,0.43,51.0,45.1,anwenden (Pegel),0.16
harmonics_noaa_amtt.txt,"Puerto Quemchi, Chile",wctt-117,1.781,0.3676,0.6548,0.155,0.277,,0,4.97,5.3,,,,,anwenden (nur Buch),0.16
harmonics_noaa_amtt.txt,"Bahía Linao, Chile",wctt-119,1.844,0.3676,0.6777,0.189,0.348,,0,4.11,4.36,,,,,anwenden (nur Buch),0.15
harmonics_noaa_amtt.txt,"Paso Lagartija, Chile",wctt-121,1.866,0.377,0.7036,0.201,0.376,,0,3.95,4.19,,,,,anwenden (nur Buch),0.15
harmonics_noaa_amtt.txt,"Paso Tautil, Chile",wctt-123,1.919,0.443,0.85,0.228,0.437,,0,4.1,4.36,,,,,anwenden (nur Buch),0.14
harmonics_noaa_amtt.txt,"Roca Remolinos, Canal Chacao, Chile",wctt-127,1.891,0.4147,0.7842,0.222,0.419,,0,3.97,4.19,,,,,anwenden (nur Buch),0.14
harmonics_noaa_amtt.txt,"Ancud, Chile",wctt-129,2.943,0.0896,0.2637,0.127,0.374,0.374,1,1.46,1.54,,,,,anwenden (Nachbarn),0.43
harmonics_noaa_amtt.txt,"Banco Dirección, Chile",wctt-13,1.722,0.5656,0.974,0.135,0.232,,0,8.76,9.39,,,,,anwenden (nur Buch),0.17
harmonics_noaa_amtt.txt,"Carelmapu, Canal Chacao, Chile",wctt-131,2.934,0.1216,0.3568,0.115,0.338,0.323,1,2.27,2.31,,,,,anwenden (Nachbarn),0.44
harmonics_noaa_amtt.txt,"Maullín, Río Maullín, Chile",wctt-133,2.952,0.1152,0.34,0.123,0.364,,0,2.01,2.05,,,,,anwenden (nur Buch),0.43
harmonics_noaa_amtt.txt,"Queule, Chile",wctt-139,2.812,0.0704,0.198,0.121,0.34,0.354,1,1.22,1.27,quel_queule.csv,2.23,27.4,27.9,lassen (Pegel schlechter),0.44
harmonics_noaa_amtt.txt,"Bella Bella, Lama Passage, Campbell Island, British Columbia, Canada",wctt-1405,2.325,0.213,0.4952,0.151,0.35,0.315,1,3.04,3.05,,,,,anwenden (Nachbarn),0.32
harmonics_noaa_amtt.txt,"Río Imperial entrance, Chile",wctt-141,2.879,0.0704,0.2027,0.121,0.348,,0,1.23,1.27,,,,,anwenden (nur Buch),0.44
harmonics_noaa_amtt.txt,"Carter Bay, British Columbia, Canada",wctt-1413,2.29,0.2445,0.5598,0.156,0.357,,0,3.39,3.39,,,,,anwenden (nur Buch),0.32
harmonics_noaa_amtt.txt,"Kemano Bay, Gardner Canal, British Columbia, Canada",wctt-1421,2.244,0.2682,0.6019,0.143,0.32,,0,4.08,4.06,,,,,anwenden (nur Buch),0.33
harmonics_noaa_amtt.txt,"Port Stephens, British Columbia, Canada",wctt-1425,2.254,0.2287,0.5154,0.143,0.322,,0,3.47,3.45,,,,,anwenden (nur Buch),0.33
harmonics_noaa_amtt.txt,"Port Canaveral, British Columbia, Canada",wctt-1427,2.241,0.2287,0.5126,0.143,0.32,,0,3.47,3.45,,,,,anwenden (nur Buch),0.33
harmonics_noaa_amtt.txt,"Beaver Passage, British Columbia, Canada",wctt-1429,2.232,0.3076,0.6867,0.15,0.335,,0,4.46,4.43,09242_Kitkatla_wlp.csv,0.57,32.8,23.4,anwenden (Pegel),0.33
harmonics_noaa_amtt.txt,"Caleta La Hacienda, Isla Mocha, Chile",wctt-143,2.907,0.0768,0.2233,0.125,0.365,,0,1.3,1.34,,,,,anwenden (nur Buch),0.43
harmonics_noaa_amtt.txt,"Skidegate Inlet, British Columbia, Canada",wctt-1439,2.232,0.3155,0.7042,0.148,0.331,0.333,1,4.63,4.59,09850_Daajing_Giids.csv,0.42,37.0,26.6,anwenden (Pegel),0.33
harmonics_noaa_amtt.txt,"Masset Harbor, British Columbia, Canada",wctt-1447,2.148,0.1499,0.322,0.127,0.273,0.323,1,2.56,2.55,,,,,anwenden (Nachbarn),0.34
harmonics_noaa_amtt.txt,"Puerto Lebu, Chile",wctt-145,2.91,0.0704,0.2049,0.121,0.352,0.367,1,1.22,1.27,,,,,anwenden (Nachbarn),0.44
harmonics_noaa_amtt.txt,"Haystack Island, B.C., British Columbia, Canada",wctt-1455,2.105,0.1893,0.3984,0.097,0.203,,0,4.25,4.22,,,,,anwenden (nur Buch),0.36
harmonics_noaa_amtt.txt,"Wales Island (Cannery), Pearse Canal, British Columbia, Canada",wctt-1457,2.093,0.1893,0.3963,0.094,0.198,,0,4.35,4.33,,,,,anwenden (nur Buch),0.36
harmonics_noaa_amtt.txt,"Stewart, B.C., British Columbia, Canada",wctt-1463,2.076,0.1972,0.4094,0.089,0.184,,0,4.82,4.79,,,,,anwenden (nur Buch),0.37
harmonics_noaa_amtt.txt,"Puerto Yana, Chile",wctt-147,2.928,0.0704,0.2061,0.121,0.354,,0,1.23,1.27,,,,,anwenden (nur Buch),0.43
harmonics_noaa_amtt.txt,"Isla Santa María, Chile",wctt-149,2.89,0.0896,0.2589,0.122,0.352,,0,1.56,1.61,,,,,anwenden (nur Buch),0.44
harmonics_noaa_amtt.txt,"Bahía Santiago, Chile",wctt-15,1.828,0.3582,0.6548,0.171,0.312,,0,4.32,4.69,,,,,anwenden (nur Buch),0.16
harmonics_noaa_amtt.txt,"Bahía Lota, Bahía Arauco, Chile",wctt-151,2.902,0.0704,0.2043,0.121,0.351,,0,1.25,1.27,,,,,anwenden (nur Buch),0.44
harmonics_noaa_amtt.txt,"Talcahuano, Bahía Concepcion, Chile",wctt-153,3.084,0.0704,0.2171,0.144,0.443,0.352,2,1.05,1.07,talc_talcahuano.csv,0.55,12.1,10.6,anwenden (Pegel),0.41
harmonics_noaa_amtt.txt,"Bahía Coliumo, Chile",wctt-155,2.879,0.0704,0.2027,0.121,0.348,0.36,1,1.23,1.27,coli_coliumo.csv,1.47,16.0,14.9,anwenden (Pegel),0.44
harmonics_noaa_amtt.txt,"Buchupureo, Chile",wctt-157,2.655,0.0256,0.068,0.098,0.261,,0,0.55,0.57,,,,,anwenden (nur Buch),0.47
harmonics_noaa_amtt.txt,"Curanipe, Chile",wctt-159,2.838,0.0576,0.1635,0.125,0.356,,0,0.96,1.01,,,,,anwenden (nur Buch),0.43
harmonics_noaa_amtt.txt,"Llico, Chile",wctt-163,2.885,0.0704,0.2031,0.121,0.349,,0,1.25,1.27,,,,,anwenden (nur Buch),0.44
harmonics_noaa_amtt.txt,"Rada Pichilemu, Chile",wctt-165,2.838,0.0704,0.1998,0.118,0.335,,0,1.29,1.31,,,,,anwenden (nur Buch),0.44
harmonics_noaa_amtt.txt,"Rada Topocalma, Chile",wctt-167,2.886,0.0704,0.2031,0.121,0.349,,0,1.27,1.27,,,,,anwenden (nur Buch),0.44
harmonics_noaa_amtt.txt,"San Antonio, Chile",wctt-169,2.69,0.0704,0.1893,0.118,0.317,0.347,1,1.32,1.31,sano_san_antonio.csv,1.41,15.9,15.0,anwenden (Pegel),0.45
harmonics_noaa_amtt.txt,"Bahía Felipe, Chile",wctt-17,1.804,0.2922,0.5271,0.163,0.293,,0,3.7,4.02,,,,,anwenden (nur Buch),0.16
harmonics_noaa_amtt.txt,"Algarrobo, Chile",wctt-171,2.838,0.0576,0.1635,0.125,0.356,,0,1.01,1.01,,,,,anwenden (nur Buch),0.43
harmonics_noaa_amtt.txt,"Rada Quintay, Chile",wctt-173,2.69,0.0704,0.1893,0.118,0.317,,0,1.32,1.31,,,,,anwenden (nur Buch),0.45
harmonics_noaa_amtt.txt,"Zapallar, Chile",wctt-179,2.594,0.0704,0.1826,0.121,0.314,,0,1.31,1.27,,,,,anwenden (nur Buch),0.45
harmonics_noaa_amtt.txt,"Papudo, Chile",wctt-181,2.594,0.0704,0.1826,0.121,0.314,,0,1.31,1.27,,,,,anwenden (nur Buch),0.45
harmonics_noaa_amtt.txt,"Pichidangui, Chile",wctt-183,2.637,0.0704,0.1856,0.121,0.319,0.335,1,1.32,1.27,,,,,anwenden (Nachbarn),0.45
harmonics_noaa_amtt.txt,"Los Vilos, Chile",wctt-185,2.582,0.064,0.1652,0.116,0.3,,0,1.24,1.21,,,,,anwenden (nur Buch),0.45
harmonics_noaa_amtt.txt,"Caleta Oscuro, Chile",wctt-187,2.626,0.064,0.168,0.116,0.305,,0,1.25,1.21,,,,,anwenden (nur Buch),0.45
harmonics_noaa_amtt.txt,"Bahía Tongoy, Chile",wctt-189,2.551,0.0704,0.1796,0.121,0.309,,0,1.34,1.27,,,,,anwenden (nur Buch),0.45
harmonics_noaa_amtt.txt,"Segunda Angostura, Chile",wctt-19,1.845,0.4053,0.7478,0.169,0.312,,0,4.92,5.36,,,,,anwenden (nur Buch),0.16
harmonics_noaa_amtt.txt,"Coquimbo, Chile",wctt-191,2.675,0.0576,0.1541,0.13,0.347,0.323,2,1.0,0.97,coqu_coquimbo.csv,1.96,19.6,18.7,anwenden (Pegel),0.44
harmonics_noaa_amtt.txt,"Caleta Totoralillo, Chile",wctt-193,2.507,0.0704,0.1765,0.121,0.303,,0,1.35,1.27,,,,,anwenden (nur Buch),0.45
harmonics_noaa_amtt.txt,"Huasco, Chile",wctt-195,2.6,0.0455,0.1183,0.109,0.284,0.324,1,0.96,0.91,huas_huasco.csv,1.64,8.5,5.1,anwenden (Pegel),0.5
harmonics_noaa_amtt.txt,"Carrizal Bajo, Chile",wctt-197,2.425,0.0341,0.0827,0.096,0.233,,0,0.84,0.77,,,,,anwenden (nur Buch),0.52
harmonics_noaa_amtt.txt,"Caleta Barranquillas, Chile",wctt-199,2.424,0.0341,0.0827,0.096,0.233,,0,0.84,0.77,,,,,anwenden (nur Buch),0.52
harmonics_noaa_amtt.txt,"Puerto Flamenco, Chile",wctt-203,2.555,0.0455,0.1162,0.109,0.279,,0,0.97,0.91,,,,,anwenden (nur Buch),0.5
harmonics_noaa_amtt.txt,"Chanaral de las Animas, Chile",wctt-205,2.724,0.0455,0.124,0.113,0.309,0.319,1,0.92,0.87,,,,,anwenden (Nachbarn),0.49
harmonics_noaa_amtt.txt,"Taltal, Chile",wctt-207,2.629,0.0455,0.1196,0.113,0.298,0.313,1,0.93,0.87,,,,,anwenden (Nachbarn),0.5
harmonics_noaa_amtt.txt,"Paposo, Chile",wctt-209,2.629,0.0455,0.1196,0.113,0.298,0.312,1,0.93,0.87,papo_paposo.csv,2.59,12.8,11.5,anwenden (Pegel),0.5
harmonics_noaa_amtt.txt,"Puerto Zenteno, Chile",wctt-21,4.186,0.0653,0.2734,0.093,0.389,,0,1.58,1.51,,,,,pruefen (grosser Faktor ohne Beleg),0.78
harmonics_noaa_amtt.txt,"Blanco Encalada, Chile",wctt-211,2.557,0.0455,0.1163,0.109,0.279,,0,0.97,0.91,,,,,anwenden (nur Buch),0.5
harmonics_noaa_amtt.txt,"Cobija, Chile",wctt-217,2.574,0.0512,0.1318,0.111,0.285,,0,1.1,1.01,,,,,anwenden (nur Buch),0.5
harmonics_noaa_amtt.txt,"Tocopilla, Chile",wctt-219,2.574,0.0512,0.1318,0.111,0.285,0.3,1,1.1,1.01,toco_tocopilla.csv,2.35,12.4,12.2,anwenden (Pegel),0.5
harmonics_noaa_amtt.txt,"Caleta Lobos, Chile",wctt-221,2.524,0.0512,0.1292,0.114,0.289,,0,1.08,0.97,,,,,anwenden (nur Buch),0.5
harmonics_noaa_amtt.txt,"Iquique, Chile",wctt-223,2.481,0.0398,0.0987,0.107,0.267,0.288,2,0.89,0.8,iqui_iquique.csv,2.04,9.3,8.0,anwenden (Pegel),0.51
harmonics_noaa_amtt.txt,"Caleta Junín, Chile",wctt-225,2.467,0.0398,0.0982,0.107,0.265,,0,0.89,0.8,,,,,anwenden (nur Buch),0.51
harmonics_noaa_amtt.txt,"Pisagua, Chile",wctt-227,2.508,0.0512,0.1284,0.111,0.277,0.289,1,1.11,1.01,pisa_pisagua.csv,2.39,14.5,14.1,anwenden (Pegel),0.5
harmonics_noaa_amtt.txt,"Arica, Chile",wctt-229,2.481,0.0398,0.0987,0.107,0.267,0.29,2,0.89,0.8,aric_arica.csv,1.41,9.8,8.8,anwenden (Pegel),0.51
harmonics_noaa_amtt.txt,"Bahía Gente Grande, Chile",wctt-23,4.695,0.0553,0.2597,0.056,0.264,,0,2.13,2.11,,,,,pruefen (grosser Faktor ohne Beleg),0.86
harmonics_noaa_amtt.txt,"Puerto San Juan, Peru",wctt-235,2.683,0.0296,0.0794,0.107,0.288,0.272,1,0.71,0.6,,,,,anwenden (Nachbarn),0.61
harmonics_noaa_amtt.txt,"Pisco, Peru",wctt-237,3.502,0.0267,0.0935,0.095,0.332,,0,0.73,0.64,,,,,anwenden (nur Buch),0.7
harmonics_noaa_amtt.txt,"Puerto Bolivar, Ecuador",wctt-261,2.066,0.1748,0.3611,0.153,0.315,0.295,1,2.34,2.45,,,,,anwenden (Nachbarn),0.14
harmonics_noaa_amtt.txt,"Puna, Ecuador",wctt-263,2.082,0.233,0.485,0.156,0.326,0.263,1,3.05,3.19,,,,,anwenden (Nachbarn),0.14
harmonics_noaa_amtt.txt,"Puerto del Hambre, Chile",wctt-27,5.086,0.0553,0.2812,0.098,0.501,,0,1.25,1.21,,,,,pruefen (grosser Faktor ohne Beleg),0.73
harmonics_noaa_amtt.txt,"Bahía Manta, Ecuador",wctt-271,2.043,0.1415,0.2891,0.143,0.293,0.283,1,2.02,2.11,,,,,anwenden (Nachbarn),0.14
harmonics_noaa_amtt.txt,"Río Chone, Ecuador",wctt-273,2.027,0.1498,0.3037,0.14,0.285,0.267,1,2.18,2.28,,,,,anwenden (Nachbarn),0.14
harmonics_noaa_amtt.txt,"Puerto San Antonio, Chile",wctt-29,4.923,0.0603,0.2968,0.102,0.501,,0,1.33,1.27,,,,,pruefen (grosser Faktor ohne Beleg),0.73
harmonics_noaa_amtt.txt,"Caleta Aeolian, Isla Baltra, Ecuador",wctt-291,1.728,0.1386,0.2396,0.175,0.303,0.27,1,1.59,1.64,,,,,anwenden (Nachbarn),0.1
harmonics_noaa_amtt.txt,"Tumaco, Colombia",wctt-295,2.02,0.1675,0.3383,0.13,0.262,0.267,1,2.64,2.75,,,,,anwenden (Nachbarn),0.07
harmonics_noaa_amtt.txt,"Los Negritos, Colombia",wctt-299,2.014,0.2094,0.4217,0.133,0.268,,0,3.23,3.35,,,,,anwenden (nur Buch),0.07
harmonics_noaa_amtt.txt,"Río San Juan, Colombia",wctt-301,2.014,0.2094,0.4218,0.133,0.268,,0,3.23,3.35,,,,,anwenden (nur Buch),0.07
harmonics_noaa_amtt.txt,"Bahía Cuevita, Colombia",wctt-303,2.083,0.2346,0.4888,0.149,0.311,,0,3.23,3.35,,,,,anwenden (nur Buch),0.07
harmonics_noaa_amtt.txt,"Ensenada Utría, Colombia",wctt-305,2.083,0.2346,0.4887,0.149,0.311,,0,3.23,3.35,,,,,anwenden (nur Buch),0.07
harmonics_noaa_amtt.txt,"Bahía Solano, Colombia",wctt-307,2.014,0.1675,0.3374,0.128,0.258,,0,2.68,2.78,,,,,anwenden (nur Buch),0.07
harmonics_noaa_amtt.txt,"Bahía Cupica, Colombia",wctt-309,2.095,0.2429,0.5089,0.153,0.32,,0,3.26,3.39,,,,,anwenden (nur Buch),0.07
harmonics_noaa_amtt.txt,"Bahía Snug, Chile",wctt-31,4.771,0.0653,0.3116,0.097,0.464,,0,1.69,1.44,,,,,pruefen (grosser Faktor ohne Beleg),0.74
harmonics_noaa_amtt.txt,"Bahía Octavia, Colombia",wctt-311,2.095,0.2429,0.509,0.153,0.32,,0,3.26,3.39,,,,,anwenden (nur Buch),0.07
harmonics_noaa_amtt.txt,"Naos Island, Panama",wctt-323,1.963,0.263,0.5163,0.135,0.265,0.278,1,3.99,4.16,,,,,anwenden (Nachbarn),0.08
harmonics_noaa_amtt.txt,"Bahía Wood, Chile",wctt-33,4.864,0.0653,0.3176,0.097,0.473,,0,1.68,1.44,,,,,pruefen (grosser Faktor ohne Beleg),0.74
harmonics_noaa_amtt.txt,"Puerto Armuelles, Panama",wctt-337,2.32,0.1478,0.3428,0.122,0.283,0.26,1,2.47,2.55,,,,,anwenden (Nachbarn),0.1
harmonics_noaa_amtt.txt,"Golfito, Golfo Dulce, Costa Rica",wctt-339,2.259,0.133,0.3004,0.108,0.245,0.255,1,2.5,2.58,,,,,anwenden (Nachbarn),0.1
harmonics_noaa_amtt.txt,"Puerto Gallant, Chile",wctt-35,4.864,0.0653,0.3176,0.097,0.473,,0,1.68,1.44,,,,,pruefen (grosser Faktor ohne Beleg),0.74
harmonics_noaa_amtt.txt,"Corinto (Isla Cardon), Nicaragua",wctt-359,2.03,0.105,0.2132,0.108,0.22,0.207,1,1.99,2.05,pcrt_ioc.csv,0.05,11.7,9.8,anwenden (Pegel),0.12
harmonics_noaa_amtt.txt,"La Libertad, El Salvador",wctt-365,2.058,0.0975,0.2007,0.113,0.234,0.212,1,1.76,1.81,lalb_ioc.csv,0.32,10.7,9.6,anwenden (Pegel),0.12
harmonics_noaa_amtt.txt,"Puerto de San Jose, Guatemala",wctt-369,2.002,0.0825,0.1652,0.104,0.208,0.195,1,1.63,1.68,,,,,anwenden (Nachbarn),0.12
harmonics_noaa_amtt.txt,"Bahía Borja, Chile",wctt-37,5.249,0.0154,0.0808,0.022,0.116,,0,1.65,1.51,,,,,pruefen (grosser Faktor ohne Beleg),0.62
harmonics_noaa_amtt.txt,"Champerico, Guatemala",wctt-371,2.002,0.0825,0.1652,0.104,0.208,0.184,1,1.63,1.68,,,,,anwenden (Nachbarn),0.12
harmonics_noaa_amtt.txt,"Acapulco, Guerrero, Mexico",wctt-377,3.404,0.0258,0.0878,0.101,0.342,0.432,2,0.53,0.54,316_Acapulco.csv,1.15,23.9,24.7,lassen (Pegel schlechter),0.26
harmonics_noaa_amtt.txt,"Isla Socorro, Colima, Mexico",wctt-383,3.962,0.0433,0.1716,0.109,0.433,0.635,1,0.91,0.91,90_Isla_Socorro.csv,0.05,20.6,16.6,anwenden (Pegel),0.7
harmonics_noaa_amtt.txt,"Bahía Swallow, Chile",wctt-39,5.25,0.0154,0.0808,0.022,0.116,,0,1.65,1.51,,,,,pruefen (grosser Faktor ohne Beleg),0.62
harmonics_noaa_amtt.txt,"San Carlos, Baja California Sur, Mexico",wctt-399,3.971,0.0703,0.2792,0.111,0.442,0.554,1,1.4,1.44,674_San_Carlos.csv,0.58,24.2,17.5,anwenden (Pegel),0.69
harmonics_noaa_amtt.txt,"Ensenada, Todos Santos Bay, Baja California, Mexico",wctt-403,4.47,0.0811,0.3625,0.145,0.649,0.428,2,1.2,1.27,317_Ensenada.csv,1.48,15.6,16.7,lassen (Pegel schlechter),0.6
harmonics_noaa_amtt.txt,"Caleta Playa Parda, Chile",wctt-41,5.429,0.0154,0.0836,0.028,0.155,,0,1.29,1.17,,,,,pruefen (grosser Faktor ohne Beleg),0.6
harmonics_noaa_amtt.txt,"San Clemente, California",wctt-425,4.612,0.0865,0.399,0.159,0.734,,0,1.17,1.24,,,,,pruefen (grosser Faktor ohne Beleg),0.58
harmonics_noaa_amtt.txt,"Puerto Angosto, Chile",wctt-43,5.353,0.0123,0.0658,0.022,0.118,,0,1.32,1.21,,,,,pruefen (grosser Faktor ohne Beleg),0.62
harmonics_noaa_amtt.txt,"Los Patos (highway bridge), California",wctt-433,3.54,0.0642,0.2273,0.129,0.457,,0,1.33,1.14,,,,,anwenden (nur Buch),0.75
harmonics_noaa_amtt.txt,"El Segundo, Santa Monica Bay, California",wctt-447,3.91,0.0791,0.3093,0.146,0.572,,0,1.43,1.24,,,,,anwenden (nur Buch),0.7
harmonics_noaa_amtt.txt,"Caleta Sylvia, Chile",wctt-45,5.396,0.0154,0.0831,0.026,0.142,,0,1.4,1.27,,,,,pruefen (grosser Faktor ohne Beleg),0.6
harmonics_noaa_amtt.txt,"Mugu Lagoon (ocean pier), California",wctt-451,3.982,0.0791,0.315,0.146,0.582,,0,1.43,1.24,,,,,anwenden (nur Buch),0.69
harmonics_noaa_amtt.txt,"Port Hueneme, California",wctt-453,4.011,0.084,0.3369,0.155,0.623,,0,1.43,1.24,,,,,pruefen (grosser Faktor ohne Beleg),0.67
harmonics_noaa_amtt.txt,"Ventura, California",wctt-455,4.002,0.084,0.3361,0.155,0.621,,0,1.43,1.24,,,,,pruefen (grosser Faktor ohne Beleg),0.68
harmonics_noaa_amtt.txt,"Catalina Harbor, Santa Catalina Island, California",wctt-467,3.99,0.0791,0.3156,0.15,0.6,0.394,1,1.4,1.21,,,,,anwenden (Nachbarn),0.68
harmonics_noaa_amtt.txt,"Puerto Tamar, Chile",wctt-47,5.385,0.0154,0.0829,0.024,0.131,,0,1.48,1.37,,,,,pruefen (grosser Faktor ohne Beleg),0.61
harmonics_noaa_amtt.txt,"Santa Barbara Island, California",wctt-471,4.107,0.0791,0.3249,0.155,0.635,,0,1.35,1.17,,,,,pruefen (grosser Faktor ohne Beleg),0.67
harmonics_noaa_amtt.txt,"San Nicolas Island, California",wctt-473,4.058,0.0791,0.321,0.164,0.665,,0,1.28,1.11,,,,,pruefen (grosser Faktor ohne Beleg),0.66
harmonics_noaa_amtt.txt,"Islote Pollo, Canal Smyth, Chile",wctt-49,5.794,0.0276,0.1599,0.053,0.304,,0,1.25,1.14,,,,,pruefen (grosser Faktor ohne Beleg),0.53
harmonics_noaa_amtt.txt,"Bahía Ushuaia, Beagle Channel, Tierra del Fuego, Argentina",wctt-5,6.301,0.0154,0.097,0.026,0.161,,0,1.28,1.31,,,,,pruefen (grosser Faktor ohne Beleg),0.59
harmonics_noaa_amtt.txt,"Punta Ancud, Canal Smyth, Chile",wctt-51,5.698,0.0215,0.1225,0.041,0.233,,0,1.23,1.14,,,,,pruefen (grosser Faktor ohne Beleg),0.56
harmonics_noaa_amtt.txt,"Bahía Tuesday, Chile",wctt-53,5.392,0.0154,0.083,0.025,0.134,,0,1.47,1.34,,,,,pruefen (grosser Faktor ohne Beleg),0.61
harmonics_noaa_amtt.txt,"Cabo Pilar, Chile",wctt-55,5.434,0.0123,0.0668,0.022,0.12,,0,1.32,1.21,,,,,pruefen (grosser Faktor ohne Beleg),0.62
harmonics_noaa_amtt.txt,"Paso Goree, Bahía Nassau, Chile",wctt-57,6.324,0.0215,0.136,0.023,0.147,,0,1.97,2.01,,,,,pruefen (grosser Faktor ohne Beleg),0.6
harmonics_noaa_amtt.txt,"Caleta Saint Martin, Isla Hermite, Chile",wctt-59,6.331,0.0184,0.1165,0.027,0.171,,0,1.45,1.48,,,,,pruefen (grosser Faktor ohne Beleg),0.59
harmonics_noaa_amtt.txt,"Isla Diego Ramírez, Chile",wctt-63,6.291,0.0154,0.0969,0.022,0.139,,0,1.47,1.51,,,,,pruefen (grosser Faktor ohne Beleg),0.61
harmonics_noaa_amtt.txt,"Bahía India, Seno Año Nuevo, Chile",wctt-65,6.206,0.0154,0.0956,0.022,0.137,,0,1.47,1.51,,,,,pruefen (grosser Faktor ohne Beleg),0.61
harmonics_noaa_amtt.txt,"Isla Noir, Chile",wctt-67,6.152,0.0154,0.0947,0.023,0.143,,0,1.49,1.44,,,,,pruefen (grosser Faktor ohne Beleg),0.6
harmonics_noaa_amtt.txt,"Islas Week, Chile",wctt-69,5.693,0.0154,0.0877,0.024,0.135,,0,1.49,1.41,,,,,pruefen (grosser Faktor ohne Beleg),0.61
harmonics_noaa_amtt.txt,"Dungeness, Santa Cruz, Argentina",wctt-7,1.743,0.5656,0.9861,0.159,0.277,,0,7.65,7.98,,,,,anwenden (nur Buch),0.16
harmonics_noaa_amtt.txt,"Evangelistas, Chile",wctt-71,5.367,0.0154,0.0827,0.026,0.137,,0,1.44,1.31,,,,,pruefen (grosser Faktor ohne Beleg),0.61
harmonics_noaa_amtt.txt,"Puerto Henry, Golfo Trinidad, Chile",wctt-75,5.695,0.0154,0.0877,0.022,0.126,,0,1.63,1.51,,,,,pruefen (grosser Faktor ohne Beleg),0.61
harmonics_noaa_amtt.txt,"Puerto Barbara, Canal Fallos, Chile",wctt-79,5.596,0.0215,0.1203,0.026,0.147,,0,1.94,1.78,,,,,pruefen (grosser Faktor ohne Beleg),0.6
harmonics_noaa_amtt.txt,"Puerto Barroso, Golfo de Penas, Chile",wctt-81,6.12,0.0215,0.1316,0.026,0.161,,0,1.84,1.78,,,,,pruefen (grosser Faktor ohne Beleg),0.59
harmonics_noaa_amtt.txt,"Puerto Slight, Golfo Tres Montes, Chile",wctt-83,6.754,0.0307,0.2073,0.071,0.479,,0,0.99,0.94,,,,,pruefen (grosser Faktor ohne Beleg),0.47
harmonics_noaa_amtt.txt,"Caleta Pascuas, Bahía San Andres, Chile",wctt-85,5.319,0.0154,0.0819,0.023,0.123,,0,1.58,1.44,,,,,pruefen (grosser Faktor ohne Beleg),0.61
harmonics_noaa_amtt.txt,"Puerto Refugio, Chile",wctt-87,5.475,0.0184,0.1007,0.028,0.152,,0,1.58,1.44,,,,,pruefen (grosser Faktor ohne Beleg),0.6
harmonics_noaa_amtt.txt,"Puerto Yates, Chile",wctt-89,5.879,0.0522,0.3069,0.054,0.315,,0,2.32,2.11,,,,,pruefen (grosser Faktor ohne Beleg),0.52
harmonics_noaa_amtt.txt,"Punta Catalina, Santa Cruz, Argentina",wctt-9,1.756,0.5373,0.9434,0.157,0.276,,0,7.31,7.64,,,,,anwenden (nur Buch),0.16
harmonics_noaa_amtt.txt,"Rada Vallenar, Chile",wctt-91,6.006,0.0368,0.221,0.05,0.298,,0,1.75,1.61,,,,,pruefen (grosser Faktor ohne Beleg),0.53
harmonics_noaa_amtt.txt,"Puerto Italiano, Canal Darwin, Chile",wctt-93,5.977,0.0368,0.22,0.048,0.285,,0,1.82,1.68,,,,,pruefen (grosser Faktor ohne Beleg),0.54
harmonics_noaa_amtt.txt,"Puerto Lagunas, Chile",wctt-95,5.777,0.0461,0.2663,0.053,0.308,,0,2.06,1.88,,,,,pruefen (grosser Faktor ohne Beleg),0.53
harmonics_noaa_amtt.txt,"Puerto Americano, Chile",wctt-97,5.772,0.0399,0.2303,0.05,0.287,,0,1.9,1.74,,,,,pruefen (grosser Faktor ohne Beleg),0.54
harmonics_noaa_amtt.txt,"Isla Guamblin, Chile",wctt-99,6.369,0.0399,0.2541,0.04,0.257,,0,2.23,2.15,,,,,pruefen (grosser Faktor ohne Beleg),0.55
harmonics_noaa_cptt.txt,"Domashnii I., Severnaya Zemlya, Russia",cptt-1,1.89,0.0302,0.0571,0.292,0.551,0.4,1,0.22,0.23,,,,,lassen (Nachbarn),0.16
harmonics_noaa_cptt.txt,"Zarya Road, Russia",cptt-3,1.696,0.0403,0.0684,0.209,0.355,0.444,1,0.41,0.44,,,,,anwenden (Nachbarn),0.19
harmonics_noaa_cptt.txt,"Bonevi Island, Russia",cptt-5,1.865,0.0504,0.094,0.262,0.489,0.444,1,0.41,0.44,,,,,anwenden (Nachbarn),0.17
harmonics_noaa_cptt.txt,"Dzhekman Island, Russia",cptt-7,1.773,0.0504,0.0893,0.262,0.464,,0,0.41,0.44,,,,,anwenden (nur Buch),0.17
harmonics_noaa_cptt.txt,"Russki Island, Russia",cptt-9,1.747,0.0403,0.0704,0.248,0.432,,0,0.35,0.37,,,,,anwenden (nur Buch),0.18
harmonics_noaa_cptt.txt,"Taimyra River mouth, Russia",cptt-11,1.706,0.0504,0.086,0.227,0.387,,0,0.48,0.5,,,,,anwenden (nur Buch),0.18
harmonics_noaa_cptt.txt,"Cape Olovyanny, Shokalskogo Strait, Russia",cptt-13,1.947,0.0403,0.0785,0.272,0.53,,0,0.31,0.34,,,,,anwenden (nur Buch),0.17
harmonics_noaa_cptt.txt,"Gansena (Hansen) Island, Russia",cptt-15,1.567,0.0101,0.0158,0.136,0.214,,0,0.16,0.17,,,,,anwenden (nur Buch),0.21
harmonics_noaa_cptt.txt,"Cape Chelyuskina, Russia",cptt-17,1.862,0.0302,0.0562,0.227,0.422,0.385,1,0.28,0.3,,,,,anwenden (Nachbarn),0.18
harmonics_noaa_cptt.txt,"Samuila I., Komsomolskoi Pravdy Island, Russia",cptt-19,1.979,0.0403,0.0798,0.272,0.539,,0,0.31,0.34,,,,,anwenden (nur Buch),0.17
harmonics_noaa_cptt.txt,"Starokadomskogo Island, Russia",cptt-21,1.75,0.0403,0.0705,0.16,0.28,,0,0.52,0.57,,,,,anwenden (nur Buch),0.2
harmonics_noaa_cptt.txt,"Pronchishchevoi Bay, Russia",cptt-23,1.753,0.1109,0.1944,0.227,0.398,,0,1.04,1.11,,,,,anwenden (nur Buch),0.18
harmonics_noaa_cptt.txt,"Preobrazheniya Island, Russia",cptt-25,2.044,0.131,0.2677,0.286,0.584,,0,0.96,1.04,,,,,anwenden (nur Buch),0.16
harmonics_noaa_cptt.txt,"Mali (Small) Begichev Island, Russia",cptt-27,2.064,0.1512,0.3121,0.284,0.586,,0,1.12,1.21,,,,,anwenden (nur Buch),0.16
harmonics_noaa_cptt.txt,"Nordvik Bay, Russia",cptt-29,2.018,0.252,0.5085,0.284,0.573,,0,1.86,2.01,,,,,anwenden (nur Buch),0.16
harmonics_noaa_cptt.txt,"Khara-Tumus Peninsula, Russia",cptt-31,1.887,0.0806,0.1521,0.194,0.367,,0,0.86,0.94,,,,,anwenden (nur Buch),0.19
harmonics_noaa_cptt.txt,"Kozhevnikova Bay, Russia",cptt-33,1.932,0.0706,0.1364,0.251,0.485,,0,0.59,0.64,,,,,anwenden (nur Buch),0.17
harmonics_noaa_cptt.txt,"Syndaska Bay entrance, Russia",cptt-35,1.924,0.1008,0.1939,0.235,0.452,,0,0.9,0.97,,,,,anwenden (nur Buch),0.18
harmonics_noaa_cptt.txt,"Cape Bolshaya Karga, Russia",cptt-37,1.925,0.0806,0.1552,0.237,0.456,,0,0.71,0.77,,,,,anwenden (nur Buch),0.18
harmonics_noaa_cptt.txt,"Kresty Peninsula, Khatanga River, Russia",cptt-39,1.812,0.0504,0.0913,0.213,0.386,,0,0.5,0.54,,,,,anwenden (nur Buch),0.18
harmonics_noaa_cptt.txt,"Cape Khorgo, Anabarski Bay, Russia",cptt-41,2.098,0.1814,0.3805,0.292,0.612,,0,1.31,1.41,,,,,anwenden (nur Buch),0.16
harmonics_noaa_cptt.txt,"Bulunkan Bay, Tiksi Bay, Russia",cptt-45,1.931,0.0302,0.0583,0.227,0.438,,0,0.28,0.3,,,,,anwenden (nur Buch),0.18
harmonics_noaa_cptt.txt,"Omoloi River entrance, Russia",cptt-47,1.789,0.0302,0.054,0.186,0.332,,0,0.34,0.37,,,,,anwenden (nur Buch),0.19
harmonics_noaa_cptt.txt,"Kotel'nyy Island Polar Station, Russia",cptt-51,1.89,0.0504,0.0953,0.243,0.46,,0,0.43,0.47,,,,,anwenden (nur Buch),0.17
harmonics_noaa_cptt.txt,"Nerpalakh Lagoon, Kotel'nyy Island, Russia",cptt-53,2.455,0.0302,0.0741,0.408,1.002,0.714,1,0.16,0.17,,,,,anwenden (Nachbarn),0.13
harmonics_noaa_cptt.txt,"Cape Medvezhi, Kotel'nyy Island, Russia",cptt-55,1.805,0.0202,0.0365,0.227,0.411,,0,0.2,0.2,,,,,anwenden (nur Buch),0.18
harmonics_noaa_cptt.txt,"Cape Shalaurova, Russia",cptt-59,1.744,0.0202,0.0352,0.152,0.264,,0,0.28,0.3,,,,,anwenden (nur Buch),0.2
harmonics_noaa_cptt.txt,"Cape Billingsa, Russia",cptt-69,2.399,0.0302,0.0725,0.408,0.979,,0,0.16,0.17,,,,,anwenden (nur Buch),0.13
harmonics_noaa_cptt.txt,"Wrangell Island, Russia",cptt-71,1.846,0.0605,0.1117,0.273,0.503,,0,0.49,0.5,,,,,anwenden (nur Buch),0.17
harmonics_noaa_cptt.txt,"Cape Shmidta, Russia",cptt-73,1.825,0.0504,0.092,0.2,0.366,,0,0.53,0.57,,,,,anwenden (nur Buch),0.19
harmonics_noaa_cptt.txt,"Alera Bay, Penkegnei Bay, Russia",cptt-81,1.755,0.0202,0.0354,0.195,0.342,,0,0.22,0.23,,,,,anwenden (nur Buch),0.19
harmonics_noaa_cptt.txt,"Cape Razdelny, Kresta Bay, Russia",cptt-87,1.839,0.1713,0.315,0.173,0.318,,0,2.05,2.25,,,,,anwenden (nur Buch),0.19
harmonics_noaa_cptt.txt,"Engaugin Bay, Kresta Bay, Russia",cptt-89,1.836,0.1713,0.3145,0.17,0.313,,0,2.08,2.28,,,,,anwenden (nur Buch),0.19
harmonics_noaa_cptt.txt,"Russkaya Koshka Spit, Russia",cptt-91,1.879,0.131,0.2462,0.188,0.354,,0,1.46,1.58,,,,,anwenden (nur Buch),0.19
harmonics_noaa_cptt.txt,"Salomatova Spit, Russia",cptt-93,1.756,0.131,0.23,0.177,0.311,,0,1.59,1.68,,,,,anwenden (nur Buch),0.19
harmonics_noaa_cptt.txt,"Melkaya Bay, Russia",cptt-95,1.796,0.1411,0.2534,0.244,0.439,,0,1.28,1.31,,,,,anwenden (nur Buch),0.18
harmonics_noaa_cptt.txt,"Strelka Spit, Anadyr Gulf, Russia",cptt-99,1.791,0.0907,0.1625,0.227,0.407,,0,0.88,0.91,,,,,anwenden (nur Buch),0.18
harmonics_noaa_cptt.txt,"Ugolnaya Bay, Russia",cptt-101,1.749,0.0403,0.0705,0.209,0.366,,0,0.43,0.44,,,,,anwenden (nur Buch),0.19
harmonics_noaa_cptt.txt,"Ola Anchorage, Tauiskaya Bay, Russia",cptt-145,1.96,0.1885,0.3695,0.183,0.358,,0,2.12,2.31,,,,,anwenden (nur Buch),0.33
harmonics_noaa_cptt.txt,"Okhotsk, Russia",cptt-149,1.97,0.1885,0.3713,0.183,0.359,,0,2.14,2.31,,,,,anwenden (nur Buch),0.33
harmonics_noaa_cptt.txt,"Ayan Bay, Russia",cptt-151,3.202,0.1197,0.3832,0.131,0.418,0.368,1,2.13,1.98,,,,,anwenden (Nachbarn),0.33
harmonics_noaa_cptt.txt,"Udskaya Bay, Russia",cptt-153,3.593,0.1676,0.6022,0.161,0.579,0.505,1,2.16,2.25,,,,,anwenden (Nachbarn),0.3
harmonics_noaa_cptt.txt,"Levyazhya Bay, Feklistov Island, Russia",cptt-155,3.438,0.2335,0.8029,0.12,0.413,0.365,1,4.01,4.19,,,,,anwenden (Nachbarn),0.33
harmonics_noaa_cptt.txt,"Abrek Bay, Little Shantar Island, Russia",cptt-157,3.398,0.1736,0.59,0.105,0.358,0.305,1,3.4,3.55,,,,,anwenden (Nachbarn),0.34
harmonics_noaa_cptt.txt,"Yatsu Misaki, Russia",cptt-223,1.855,0.0202,0.0375,0.171,0.316,0.273,1,0.25,0.27,,,,,anwenden (Nachbarn),0.19
harmonics_noaa_cptt.txt,"Ushiro Wan, Russia",cptt-225,1.828,0.0504,0.0921,0.213,0.389,0.348,1,0.51,0.54,,,,,anwenden (Nachbarn),0.18
harmonics_noaa_cptt.txt,"Toro Numa, Russia",cptt-227,1.785,0.0605,0.108,0.204,0.365,,0,0.65,0.67,,,,,anwenden (nur Buch),0.19
harmonics_noaa_cptt.txt,"Lesogorsk, Russia",cptt-229,1.787,0.0605,0.1081,0.204,0.365,0.375,1,0.65,0.67,,,,,anwenden (Nachbarn),0.19
harmonics_noaa_cptt.txt,"Mys Polevogo, Russia",cptt-231,1.778,0.0907,0.1613,0.219,0.389,0.356,1,0.91,0.94,,,,,anwenden (Nachbarn),0.18
harmonics_noaa_cptt.txt,"Anbetsu, Russia",cptt-233,1.737,0.0907,0.1575,0.192,0.333,,0,1.04,1.07,,,,,anwenden (nur Buch),0.19
harmonics_noaa_cptt.txt,"Pilevo Bay, Russia",cptt-235,1.749,0.0806,0.1409,0.176,0.307,0.358,1,1.01,1.04,,,,,anwenden (Nachbarn),0.2
harmonics_noaa_cptt.txt,"Alexandrovski, Russia",cptt-237,1.849,0.1713,0.3167,0.252,0.465,0.358,1,1.51,1.54,,,,,lassen (Nachbarn),0.17
harmonics_noaa_cptt.txt,"Viyakhtu Bay, Russia",cptt-239,1.715,0.1512,0.2593,0.173,0.297,0.333,1,1.92,1.98,,,,,anwenden (Nachbarn),0.2
harmonics_noaa_cptt.txt,"Cape Tik, Russia",cptt-241,1.736,0.1411,0.245,0.173,0.301,0.329,1,1.78,1.84,,,,,anwenden (Nachbarn),0.2
harmonics_noaa_cptt.txt,"Cape Pogobi, Strait of Tartary, Russia",cptt-243,1.814,0.0907,0.1646,0.166,0.3,,0,1.13,1.24,,,,,anwenden (nur Buch),0.2
harmonics_noaa_cptt.txt,"Cape Lazareva, Russia",cptt-253,1.862,0.0907,0.1689,0.192,0.357,0.429,1,0.98,1.07,,,,,anwenden (Nachbarn),0.19
harmonics_noaa_cptt.txt,"Cape Muraveva, Russia",cptt-255,1.814,0.0907,0.1645,0.161,0.293,0.389,1,1.17,1.27,,,,,anwenden (Nachbarn),0.2
harmonics_noaa_cptt.txt,"Cape Chikacheva, Russia",cptt-257,1.819,0.1411,0.2567,0.18,0.327,0.382,1,1.69,1.78,,,,,anwenden (Nachbarn),0.19
harmonics_noaa_cptt.txt,"Cape Sushcheva, Russia",cptt-259,1.743,0.1109,0.1933,0.17,0.297,0.371,1,1.43,1.48,,,,,anwenden (Nachbarn),0.2
harmonics_noaa_cptt.txt,"Taba Bay, Russia",cptt-261,1.759,0.131,0.2304,0.174,0.305,,0,1.65,1.71,,,,,anwenden (nur Buch),0.2
harmonics_noaa_cptt.txt,"Zaliv Chikhacheva, Russia",cptt-263,1.739,0.131,0.2278,0.174,0.302,0.316,1,1.65,1.71,,,,,anwenden (Nachbarn),0.2
harmonics_noaa_cptt.txt,"Starka Bay, Russia",cptt-265,1.773,0.0907,0.1608,0.18,0.319,0.388,1,1.09,1.14,,,,,anwenden (Nachbarn),0.19
harmonics_noaa_cptt.txt,"Datta Bay, Russia",cptt-267,1.834,0.0504,0.0924,0.179,0.329,,0,0.61,0.64,,,,,anwenden (nur Buch),0.19
harmonics_noaa_cptt.txt,"Vanina Bay, Russia",cptt-269,1.838,0.0302,0.0555,0.157,0.289,,0,0.41,0.44,,,,,anwenden (nur Buch),0.2
harmonics_noaa_cptt.txt,"Sovetskaya Harbor, Russia",cptt-271,1.937,0.0403,0.078,0.227,0.439,0.304,2,0.38,0.4,ioc_sove_Sovetskaya_Gavan.csv,1.56,14.8,14.9,anwenden (Pegel),0.18
harmonics_noaa_cptt.txt,"Nemuro Ko, Hokkaido, Japan",cptt-371,2.23,0.0406,0.0906,0.121,0.27,0.459,2,1.01,0.8,NM.txt,0.92,11.5,9.5,anwenden (Pegel),1.09
harmonics_noaa_cptt.txt,"Ochiishi Wan, Hokkaido, Japan",cptt-375,2.344,0.0406,0.0952,0.132,0.309,0.433,1,0.93,0.74,,,,,anwenden (Nachbarn),1.06
harmonics_noaa_cptt.txt,"Kiritappu Jima, Hamanaka Wan, Hokkaido, Japan",cptt-377,2.097,0.0348,0.073,0.113,0.237,0.459,2,0.93,0.74,,,,,anwenden (Nachbarn),1.12
harmonics_noaa_cptt.txt,"Akkeshi Wan, Hokkaido, Japan",cptt-379,2.066,0.0348,0.0719,0.108,0.224,0.432,2,0.97,0.77,,,,,anwenden (Nachbarn),1.13
harmonics_noaa_cptt.txt,"Kushiro Ko, Hokkaido, Japan",cptt-381,2.297,0.0406,0.0932,0.126,0.29,0.46,2,0.97,0.77,KR.txt,1.06,10.7,8.6,anwenden (Pegel),1.08
harmonics_noaa_cptt.txt,"Rubeshibetsu Saki, Hokkaido, Japan",cptt-383,1.81,0.029,0.0525,0.094,0.171,0.411,2,0.93,0.74,,,,,anwenden (Nachbarn),1.18
harmonics_noaa_cptt.txt,"Utaro, Hokkaido, Japan",cptt-385,2.23,0.0406,0.0905,0.121,0.27,0.456,2,1.01,0.8,,,,,anwenden (Nachbarn),1.09
harmonics_noaa_cptt.txt,"Muroran Ko, Hokkaido, Japan",cptt-387,2.593,0.0579,0.1501,0.159,0.413,0.465,2,1.1,0.87,,,,,anwenden (Nachbarn),0.98
harmonics_noaa_cptt.txt,"Usu Wan, Iburi Wan, Hokkaido, Japan",cptt-389,2.436,0.0521,0.1269,0.143,0.349,0.457,1,1.1,0.87,,,,,anwenden (Nachbarn),1.03
harmonics_noaa_cptt.txt,"Usujiri Wan, Hokkaido, Japan",cptt-393,2.316,0.0406,0.094,0.132,0.306,0.433,1,0.93,0.74,,,,,anwenden (Nachbarn),1.06
harmonics_noaa_cptt.txt,"Shiokubi Saki, Hokkaido, Japan",cptt-395,2.373,0.0406,0.0964,0.126,0.3,0.444,2,0.95,0.77,,,,,anwenden (Nachbarn),1.07
harmonics_noaa_cptt.txt,"Wakimoto, Hokkaido, Japan",cptt-399,2.518,0.029,0.073,0.138,0.348,0.45,1,0.63,0.5,,,,,anwenden (Nachbarn),1.03
harmonics_noaa_cptt.txt,"Shiranai Wan, Mutsu Kaiwan, Aomori, Japan",cptt-447,2.623,0.0387,0.1015,0.198,0.519,0.433,1,0.41,0.44,,,,,anwenden (Nachbarn),0.42
harmonics_noaa_cptt.txt,"Ominato Ko, Mutsu Kaiwan, Aomori, Japan",cptt-449,2.757,0.0465,0.1282,0.221,0.608,0.456,2,0.44,0.47,Q2.txt,0.82,8.5,8.4,anwenden (Pegel),0.4
harmonics_noaa_cptt.txt,"Ohata, Aomori, Japan",cptt-453,2.399,0.0465,0.1115,0.154,0.37,0.407,1,0.62,0.67,,,,,anwenden (Nachbarn),0.47
harmonics_noaa_cptt.txt,"Shiriya, Aomori, Japan",cptt-455,2.175,0.0406,0.0883,0.116,0.253,0.436,2,1.05,0.84,,,,,anwenden (Nachbarn),1.11
harmonics_noaa_cptt.txt,"Tomari, Aomori, Japan",cptt-457,2.179,0.0406,0.0885,0.116,0.253,0.439,2,1.05,0.84,,,,,anwenden (Nachbarn),1.11
harmonics_noaa_cptt.txt,"Kuji Wan, Iwate, Japan",cptt-461,2.237,0.0406,0.0908,0.121,0.27,0.458,2,1.01,0.8,XT.txt,1.97,8.9,6.1,anwenden (Pegel),1.09
harmonics_noaa_cptt.txt,"Miyako Ko, Iwate, Japan",cptt-463,2.394,0.0406,0.0972,0.132,0.316,0.461,2,0.92,0.74,MY.txt,1.31,8.4,5.0,anwenden (Pegel),1.05
harmonics_noaa_cptt.txt,"Yamada Ko, Iwate, Japan",cptt-465,2.332,0.0406,0.0947,0.126,0.294,0.433,1,0.97,0.77,,,,,anwenden (Nachbarn),1.07
harmonics_noaa_cptt.txt,"Kesennuma Wan, Miyagi, Japan",cptt-469,2.329,0.0406,0.0946,0.126,0.294,0.426,1,0.96,0.77,,,,,anwenden (Nachbarn),1.07
harmonics_noaa_cptt.txt,"Oginohama Ko, Miyagi, Japan",cptt-471,2.39,0.0463,0.1107,0.127,0.304,0.45,1,1.08,0.87,,,,,anwenden (Nachbarn),1.06
harmonics_noaa_cptt.txt,"Same Ura, Nobiru Wan, Miyagi, Japan",cptt-473,2.666,0.0521,0.1389,0.155,0.414,0.5,1,1.0,0.8,,,,,anwenden (Nachbarn),0.98
harmonics_noaa_cptt.txt,"Hirakata Wan, Ibaraki, Japan",cptt-475,2.384,0.0406,0.0968,0.126,0.301,0.471,1,0.96,0.77,,,,,anwenden (Nachbarn),1.07
harmonics_noaa_cptt.txt,"Katsuura Wan, Chiba, Japan",cptt-481,2.037,0.0607,0.1237,0.155,0.315,0.46,2,1.02,0.91,,,,,anwenden (Nachbarn),0.76
harmonics_noaa_cptt.txt,"Kamogawa, Kamogawa Wan, Chiba, Japan",cptt-483,2.226,0.0682,0.1518,0.18,0.402,0.486,1,0.97,0.87,,,,,anwenden (Nachbarn),0.71
harmonics_noaa_cptt.txt,"Otohama, Chiba, Japan",cptt-485,2.117,0.0607,0.1285,0.161,0.34,0.471,1,0.97,0.87,,,,,anwenden (Nachbarn),0.74
harmonics_noaa_cptt.txt,"Tateyama Wan, Chiba, Japan",cptt-487,2.275,0.0758,0.1724,0.18,0.409,0.461,3,1.07,0.97,,,,,anwenden (Nachbarn),0.71
harmonics_noaa_cptt.txt,"Uraga Ko, Kanagawa, Japan",cptt-489,2.271,0.0682,0.1549,0.162,0.367,0.476,3,1.06,0.97,,,,,anwenden (Nachbarn),0.73
harmonics_noaa_cptt.txt,"Yokosuka Ko, Kanagawa, Japan",cptt-491,2.402,0.0834,0.2004,0.179,0.431,0.488,2,1.16,1.07,QN.txt,1.48,10.2,5.4,anwenden (Pegel),0.7
harmonics_noaa_cptt.txt,"Shinagawa, Tokyo Ko, Tokyo, Japan",cptt-495,2.488,0.091,0.2264,0.174,0.433,0.493,3,1.29,1.21,,,,,anwenden (Nachbarn),0.7
harmonics_noaa_cptt.txt,"Koto Wan, Kanagawa, Japan",cptt-501,2.208,0.0682,0.1506,0.168,0.37,0.486,1,1.04,0.94,,,,,anwenden (Nachbarn),0.73
harmonics_noaa_cptt.txt,"Ajiro Ko, Shizuoka, Japan",cptt-503,2.129,0.0607,0.1292,0.155,0.329,0.452,1,1.0,0.91,,,,,anwenden (Nachbarn),0.75
harmonics_noaa_cptt.txt,"Shimoda Ko, Shizuoka, Japan",cptt-505,2.399,0.0682,0.1636,0.156,0.375,0.465,2,1.07,1.01,D6.txt,1.27,9.8,5.0,anwenden (Pegel),0.72
harmonics_noaa_cptt.txt,"Merakoura Ko, Shizuoka, Japan",cptt-507,2.5,0.0682,0.1705,0.156,0.391,0.415,1,1.04,1.01,,,,,anwenden (Nachbarn),0.72
harmonics_noaa_cptt.txt,"Tago Minato, Shizuoka, Japan",cptt-509,2.604,0.0834,0.2172,0.185,0.482,0.469,2,1.07,1.04,Z4.txt,0.84,10.3,7.1,anwenden (Pegel),0.67
harmonics_noaa_cptt.txt,"Eno Ura, Shizuoka, Japan",cptt-511,2.708,0.0758,0.2053,0.186,0.504,0.461,2,0.96,0.94,UC.txt,0.64,9.7,5.2,anwenden (Pegel),0.66
harmonics_noaa_cptt.txt,"Omai Saki, Shizuoka, Japan",cptt-515,2.541,0.0834,0.2119,0.179,0.456,0.463,2,1.12,1.07,OM.txt,1.05,10.4,7.0,anwenden (Pegel),0.68
harmonics_noaa_cptt.txt,"Shino Shima, Mikawa Wan, Aichi, Japan",cptt-517,2.793,0.1137,0.3176,0.182,0.508,0.47,2,1.42,1.44,,,,,anwenden (Nachbarn),0.66
harmonics_noaa_cptt.txt,"Gamagori, Mikawa Wan, Aichi, Japan",cptt-519,2.784,0.1213,0.3377,0.178,0.494,0.457,2,1.55,1.58,,,,,anwenden (Nachbarn),0.67
harmonics_noaa_cptt.txt,"Tsu Ko, Iseno Umi, Mie, Japan",cptt-525,2.83,0.1213,0.3433,0.181,0.513,0.46,1,1.51,1.54,,,,,anwenden (Nachbarn),0.66
harmonics_noaa_cptt.txt,"Matoya Ko, Mie, Japan",cptt-529,2.709,0.0834,0.2259,0.179,0.486,0.455,1,1.08,1.07,,,,,anwenden (Nachbarn),0.67
harmonics_noaa_cptt.txt,"Hamashima, Ago Wan, Mie, Japan",cptt-531,2.716,0.0834,0.2265,0.174,0.472,0.397,1,1.1,1.11,,,,,anwenden (Nachbarn),0.68
harmonics_noaa_cptt.txt,"Gokasho Ko, Mie, Japan",cptt-533,2.725,0.091,0.2479,0.19,0.517,0.467,1,1.13,1.11,,,,,anwenden (Nachbarn),0.66
harmonics_noaa_cptt.txt,"Hikimoto Ura, Owashi Wan, Mie, Japan",cptt-535,2.793,0.091,0.2542,0.19,0.53,0.452,2,1.11,1.11,,,,,anwenden (Nachbarn),0.65
harmonics_noaa_cptt.txt,"Katsuura Wan, Wakayama, Japan",cptt-537,2.57,0.0758,0.1948,0.158,0.406,0.448,1,1.11,1.11,,,,,anwenden (Nachbarn),0.71
harmonics_noaa_cptt.txt,"Urakami Ko, Wakayama, Japan",cptt-539,2.661,0.0834,0.2219,0.169,0.449,0.446,2,1.14,1.14,UR.txt,0.98,12.2,8.4,anwenden (Pegel),0.69
harmonics_noaa_cptt.txt,"Kushimoto, Fukuro Ko, Wakayama, Japan",cptt-541,2.786,0.091,0.2535,0.19,0.528,0.445,2,1.09,1.11,KS.txt,1.18,11.3,8.4,anwenden (Pegel),0.65
harmonics_noaa_cptt.txt,"Susami, Wakayama, Japan",cptt-543,2.796,0.091,0.2544,0.179,0.5,0.489,1,1.15,1.17,,,,,anwenden (Nachbarn),0.66
harmonics_noaa_cptt.txt,"Tanabe Ko, Wakayama, Japan",cptt-545,2.579,0.0834,0.2151,0.155,0.4,0.45,3,1.23,1.24,,,,,anwenden (Nachbarn),0.71
harmonics_noaa_cptt.txt,"Mio, Wakayama, Japan",cptt-547,2.756,0.091,0.2508,0.179,0.493,0.468,2,1.16,1.17,,,,,anwenden (Nachbarn),0.67
harmonics_noaa_cptt.txt,"Habu Ko, O Shima, Tokyo, Japan",cptt-549,2.095,0.0607,0.1272,0.155,0.324,0.452,1,1.01,0.91,,,,,anwenden (Nachbarn),0.75
harmonics_noaa_cptt.txt,"Shikine Shima, Tokyo, Japan",cptt-551,2.582,0.0758,0.1957,0.186,0.481,0.447,1,1.0,0.94,,,,,anwenden (Nachbarn),0.67
harmonics_noaa_cptt.txt,"Tori Shima, Tokyo, Japan",cptt-555,2.757,0.0607,0.1673,0.19,0.523,0.571,1,0.74,0.74,,,,,anwenden (Nachbarn),0.65
harmonics_noaa_cptt.txt,"Muko Jima, Ogasawara Gunto, Tokyo, Japan",cptt-557,2.45,0.0455,0.1115,0.142,0.349,,0,0.73,0.74,,,,,anwenden (nur Buch),0.74
harmonics_noaa_cptt.txt,"Okimura, Ogasawara Gunto, Tokyo, Japan",cptt-561,2.556,0.0455,0.1163,0.142,0.364,0.367,1,0.71,0.74,,,,,anwenden (Nachbarn),0.73
harmonics_noaa_cptt.txt,"Ishino, Kita Iwo Jima, Kazan Retto, Tokyo, Japan",cptt-563,2.536,0.0379,0.0961,0.145,0.367,,0,0.56,0.6,,,,,anwenden (nur Buch),0.73
harmonics_noaa_cptt.txt,"Nishi, Iwo Jima, Kazan Retto, Tokyo, Japan",cptt-565,2.536,0.0379,0.0961,0.145,0.367,0.417,1,0.56,0.6,,,,,anwenden (Nachbarn),0.73
harmonics_noaa_cptt.txt,"Urado Ko, Kochi, Japan",cptt-571,2.087,0.093,0.1941,0.172,0.358,0.443,2,1.33,1.21,KC.txt,0.25,15.3,12.2,anwenden (Pegel),0.47
harmonics_noaa_cptt.txt,"Hii Wan, Wakayama, Japan",cptt-575,2.805,0.091,0.2553,0.184,0.517,0.468,2,1.1,1.14,,,,,anwenden (Nachbarn),0.66
harmonics_noaa_cptt.txt,"Wakanoura Wan, Wakayama, Japan",cptt-579,2.959,0.091,0.2693,0.202,0.598,0.481,2,0.97,1.04,,,,,anwenden (Nachbarn),0.62
harmonics_noaa_cptt.txt,"Komatsushima Ko, Tokushima, Japan",cptt-583,2.802,0.0834,0.2337,0.185,0.519,0.481,2,1.01,1.04,KM.txt,1.4,11.7,8.2,anwenden (Pegel),0.66
harmonics_noaa_cptt.txt,"Tomoga Shima, Tomogashima Suido, Wakayama, Japan",cptt-585,2.607,0.0865,0.2255,0.197,0.514,0.514,2,1.43,1.01,,,,,anwenden (Nachbarn),1.06
harmonics_noaa_cptt.txt,"Karumo Jima, Hyogo, Japan",cptt-595,1.969,0.0519,0.1022,0.142,0.28,0.567,3,1.15,0.84,,,,,anwenden (Nachbarn),1.25
harmonics_noaa_cptt.txt,"Murotsu, Awaji, Hyogo, Japan",cptt-601,9.637,0.0136,0.1311,0.052,0.501,0.364,1,0.7,0.6,,,,,anwenden (Nachbarn),0.87
harmonics_noaa_cptt.txt,"Anaga Ura, Awaji, Hyogo, Japan",cptt-605,7.959,0.0098,0.078,0.028,0.224,0.245,4,0.93,0.8,,,,,anwenden (Nachbarn),1.07
harmonics_noaa_cptt.txt,"Ajiro, Naruto, Tokushima, Japan",cptt-607,9.838,0.017,0.1672,0.045,0.443,0.381,4,1.0,0.87,,,,,anwenden (Nachbarn),0.91
harmonics_noaa_cptt.txt,"Fukura Ura, Awaji, Hyogo, Japan",cptt-609,2.82,0.091,0.2567,0.19,0.535,0.241,3,1.04,1.11,,,,,lassen (Nachbarn),0.65
harmonics_noaa_cptt.txt,"Tosadomari, Muyano Seto, Tokushima, Japan",cptt-611,2.136,0.0577,0.1233,0.152,0.324,0.559,3,1.22,0.87,,,,,anwenden (Nachbarn),1.21
harmonics_noaa_cptt.txt,"Aziro, Tokushima, Japan",cptt-615,3.096,0.0462,0.143,0.122,0.376,0.381,4,0.92,0.87,,,,,anwenden (Nachbarn),1.16
harmonics_noaa_cptt.txt,"Hikeda, Harima Nada, Kagawa, Japan",cptt-617,7.583,0.0106,0.0804,0.028,0.213,0.263,1,1.01,0.87,,,,,anwenden (Nachbarn),1.08
harmonics_noaa_cptt.txt,"Ikeda Wan, Shodo Shima, Kagawa, Japan",cptt-621,10.099,0.0307,0.3101,0.059,0.593,0.319,1,1.39,1.21,,,,,lassen (Nachbarn),0.82
harmonics_noaa_cptt.txt,"Takasago Ko, Hyogo, Japan",cptt-623,9.47,0.0136,0.1288,0.045,0.422,0.28,1,0.81,0.7,,,,,anwenden (Nachbarn),0.92
harmonics_noaa_cptt.txt,"Ie Shima, Hyogo, Japan",cptt-627,7.933,0.0094,0.0746,0.028,0.223,0.276,1,0.89,0.77,,,,,anwenden (Nachbarn),1.07
harmonics_noaa_cptt.txt,"O-O Wan, Hyogo, Japan",cptt-629,9.485,0.017,0.1612,0.045,0.427,0.249,1,1.0,0.87,,,,,anwenden (Nachbarn),0.92
harmonics_noaa_cptt.txt,"Otabu Shima, Okayama, Japan",cptt-631,9.276,0.017,0.1577,0.042,0.388,0.237,1,1.08,0.94,,,,,anwenden (Nachbarn),0.95
harmonics_noaa_cptt.txt,"Ushimado Ko, Okayama, Japan",cptt-633,9.532,0.0307,0.2926,0.06,0.576,0.357,2,1.35,1.17,,,,,anwenden (Nachbarn),0.83
harmonics_noaa_cptt.txt,"Kogushi, Okayama Suido, Okayama, Japan",cptt-635,9.727,0.0307,0.2986,0.057,0.556,0.301,2,1.43,1.24,,,,,lassen (Nachbarn),0.84
harmonics_noaa_cptt.txt,"Nao Shima, Kagawa, Japan",cptt-637,2.192,0.1,0.2192,0.134,0.294,0.318,2,1.6,1.68,,,,,anwenden (Nachbarn),0.41
harmonics_noaa_cptt.txt,"Shimotsui, Okayama, Japan",cptt-645,2.258,0.1501,0.3389,0.168,0.379,0.362,1,1.93,2.01,,,,,anwenden (Nachbarn),0.38
harmonics_noaa_cptt.txt,"Awashima, Awa Shima, Kagawa, Japan",cptt-647,2.192,0.1584,0.3472,0.138,0.303,0.376,1,2.5,2.58,,,,,anwenden (Nachbarn),0.4
harmonics_noaa_cptt.txt,"Tomo Tsu, Bingo Nada, Hiroshima, Japan",cptt-649,2.189,0.1584,0.3468,0.133,0.291,0.353,1,2.56,2.68,,,,,anwenden (Nachbarn),0.41
harmonics_noaa_cptt.txt,"Tachibana, Mekari Seto, Hiroshima, Japan",cptt-651,2.267,0.1834,0.4158,0.164,0.372,0.371,1,2.4,2.51,,,,,anwenden (Nachbarn),0.38
harmonics_noaa_cptt.txt,"Setoda, Ikuchi Jima, Hiroshima, Japan",cptt-657,2.286,0.1751,0.4002,0.157,0.358,0.387,1,2.35,2.51,,,,,anwenden (Nachbarn),0.39
harmonics_noaa_cptt.txt,"Mitarai, Osaki Shimo Shima, Hiroshima, Japan",cptt-667,2.325,0.2001,0.4653,0.174,0.406,0.395,1,2.41,2.58,,,,,anwenden (Nachbarn),0.37
harmonics_noaa_cptt.txt,"Koyo, Aki Nada, Hiroshima, Japan",cptt-669,2.345,0.1834,0.4301,0.184,0.431,0.419,1,2.1,2.25,,,,,anwenden (Nachbarn),0.37
harmonics_noaa_cptt.txt,"Mutsuki Seto, Naka Shima, Ehime, Japan",cptt-671,2.349,0.1751,0.4114,0.17,0.4,0.419,2,2.17,2.31,,,,,anwenden (Nachbarn),0.37
harmonics_noaa_cptt.txt,"Karoto Koseto, Hiroshima, Japan",cptt-673,2.351,0.1751,0.4117,0.178,0.419,0.416,2,2.07,2.21,,,,,anwenden (Nachbarn),0.37
harmonics_noaa_cptt.txt,"Ondo Seto, Hiroshima, Japan",cptt-675,2.325,0.1667,0.3876,0.17,0.394,0.402,4,2.07,2.21,,,,,anwenden (Nachbarn),0.38
harmonics_noaa_cptt.txt,"Nasami Seto, Hiroshima, Japan",cptt-681,2.432,0.2084,0.5068,0.206,0.5,0.479,1,2.14,2.28,,,,,anwenden (Nachbarn),0.35
harmonics_noaa_cptt.txt,"Hiroshima Ko (Ujina Ko), Hiroshima, Japan",cptt-683,2.361,0.2001,0.4725,0.184,0.435,0.413,2,2.29,2.45,Q8.txt,0.39,22.4,15.6,anwenden (Pegel),0.37
harmonics_noaa_cptt.txt,"Itsuku Shima, Hiroshima, Japan",cptt-685,2.343,0.1918,0.4493,0.176,0.413,0.388,1,2.29,2.45,,,,,anwenden (Nachbarn),0.37
harmonics_noaa_cptt.txt,"Shimminato, Yamaguchi, Japan",cptt-687,2.377,0.1918,0.456,0.189,0.45,0.44,2,2.14,2.28,,,,,anwenden (Nachbarn),0.36
harmonics_noaa_cptt.txt,"Moro Shima Suido, Yamaguchi, Japan",cptt-689,2.328,0.1751,0.4076,0.168,0.391,0.378,1,2.21,2.35,,,,,anwenden (Nachbarn),0.38
harmonics_noaa_cptt.txt,"Yashiro Jima, Yamaguchi, Japan",cptt-691,2.368,0.1834,0.4343,0.187,0.442,0.415,2,2.07,2.21,,,,,anwenden (Nachbarn),0.36
harmonics_noaa_cptt.txt,"Obatake Seto, Yamaguchi, Japan",cptt-693,2.351,0.1751,0.4117,0.184,0.432,0.443,1,2.03,2.15,,,,,anwenden (Nachbarn),0.37
harmonics_noaa_cptt.txt,"Okikamuro Shima, Yamaguchi, Japan",cptt-695,2.337,0.1584,0.3702,0.166,0.388,0.378,1,2.02,2.15,,,,,anwenden (Nachbarn),0.38
harmonics_noaa_cptt.txt,"Kaminoseki Kaikyo, Yamaguchi, Japan",cptt-697,2.373,0.1751,0.4156,0.199,0.473,0.469,1,1.89,1.98,,,,,anwenden (Nachbarn),0.36
harmonics_noaa_cptt.txt,"Ao Shima, Ehime, Japan",cptt-701,2.338,0.1751,0.4093,0.178,0.416,0.413,1,2.11,2.21,,,,,anwenden (Nachbarn),0.37
harmonics_noaa_cptt.txt,"Nagahama Ko, Ehime, Japan",cptt-703,2.351,0.1751,0.4117,0.184,0.432,0.384,1,2.08,2.15,,,,,anwenden (Nachbarn),0.37
harmonics_noaa_cptt.txt,"Mitsukuye Ko, Ehime, Japan",cptt-705,2.337,0.1667,0.3896,0.181,0.422,0.407,1,2.01,2.08,,,,,anwenden (Nachbarn),0.37
harmonics_noaa_cptt.txt,"Saganoseki, Oita, Japan",cptt-707,2.371,0.1,0.2371,0.172,0.408,0.429,2,1.27,1.31,,,,,anwenden (Nachbarn),0.37
harmonics_noaa_cptt.txt,"Yawatahama Ko, Ehime, Japan",cptt-711,2.151,0.1085,0.2334,0.168,0.361,0.441,1,1.53,1.44,,,,,anwenden (Nachbarn),0.47
harmonics_noaa_cptt.txt,"Okuchi Wan, Ehime, Japan",cptt-713,2.143,0.1085,0.2325,0.168,0.359,0.417,1,1.54,1.44,,,,,anwenden (Nachbarn),0.47
harmonics_noaa_cptt.txt,"Hiburi Shima, Ehime, Japan",cptt-715,2.114,0.1007,0.2129,0.167,0.354,0.411,1,1.44,1.34,,,,,anwenden (Nachbarn),0.47
harmonics_noaa_cptt.txt,"Uwajima Ko, Ehime, Japan",cptt-719,2.283,0.1162,0.2653,0.209,0.476,0.425,2,1.33,1.24,UW.txt,0.69,17.3,14.5,anwenden (Pegel),0.43
harmonics_noaa_cptt.txt,"Kashiwa, Ehime, Japan",cptt-721,2.029,0.093,0.1887,0.154,0.313,0.418,1,1.48,1.34,,,,,anwenden (Nachbarn),0.49
harmonics_noaa_cptt.txt,"Saganoseki, Shita Ura, Oita, Japan",cptt-727,2.319,0.1085,0.2517,0.18,0.418,0.429,2,1.39,1.34,,,,,anwenden (Nachbarn),0.45
harmonics_noaa_cptt.txt,"Hime Shima, Oita, Japan",cptt-729,2.382,0.1834,0.4368,0.195,0.465,0.432,1,2.0,2.11,,,,,anwenden (Nachbarn),0.36
harmonics_noaa_cptt.txt,"Kakaji, Oita, Japan",cptt-731,2.363,0.1918,0.4531,0.189,0.447,0.436,1,2.16,2.28,,,,,anwenden (Nachbarn),0.36
harmonics_noaa_cptt.txt,"Unoshima Ko, Fukuoka, Japan",cptt-733,2.361,0.2168,0.5118,0.187,0.44,0.422,1,2.49,2.62,,,,,anwenden (Nachbarn),0.36
harmonics_noaa_cptt.txt,"Tokuyama Wan, Yamaguchi, Japan",cptt-735,2.363,0.1834,0.4334,0.195,0.462,0.428,3,2.02,2.11,QA.txt,2.97,20.5,15.2,anwenden (Pegel),0.36
harmonics_noaa_cptt.txt,"Ube Ko, Yamaguchi, Japan",cptt-739,2.381,0.2251,0.536,0.194,0.461,0.438,2,2.48,2.62,WH.txt,0.89,24.4,18.6,anwenden (Pegel),0.36
harmonics_noaa_cptt.txt,"Aohama, Kyushu, Fukuoka, Japan",cptt-741,2.423,0.2334,0.5654,0.196,0.475,0.441,4,2.54,2.68,AH.txt,0.23,25.5,19.9,anwenden (Pegel),0.36
harmonics_noaa_cptt.txt,"Yoshimo, Yamaguchi, Japan",cptt-757,2.114,0.0848,0.1793,0.246,0.521,0.516,1,0.71,0.77,,,,,anwenden (Nachbarn),0.3
harmonics_noaa_cptt.txt,"Kottoi, Yamaguchi, Japan",cptt-759,2.012,0.0754,0.1517,0.21,0.422,0.5,1,0.74,0.8,,,,,anwenden (Nachbarn),0.32
harmonics_noaa_cptt.txt,"Yuya Wan (Aburatani Wan), Yamaguchi, Japan",cptt-761,2.117,0.066,0.1397,0.245,0.519,0.498,1,0.56,0.6,,,,,anwenden (Nachbarn),0.3
harmonics_noaa_cptt.txt,"Senzaki Ko, Yamaguchi, Japan",cptt-763,4.654,0.0193,0.0898,0.095,0.444,0.508,1,0.63,0.5,,,,,anwenden (Nachbarn),1.24
harmonics_noaa_cptt.txt,"Esaki Ko, Yamaguchi, Japan",cptt-767,5.273,0.0116,0.0612,0.095,0.503,0.507,2,0.38,0.3,,,,,anwenden (Nachbarn),1.19
harmonics_noaa_cptt.txt,"Inokushi Ko, Oita, Japan",cptt-819,2.113,0.093,0.1965,0.172,0.363,0.442,2,1.33,1.21,,,,,anwenden (Nachbarn),0.47
harmonics_noaa_cptt.txt,"Todoro Ko, Miyazaki, Japan",cptt-821,2.154,0.1085,0.2337,0.185,0.398,0.463,1,1.44,1.31,,,,,anwenden (Nachbarn),0.46
harmonics_noaa_cptt.txt,"Mimitsu, Miyazaki, Japan",cptt-825,2.057,0.093,0.1913,0.167,0.343,0.385,1,1.37,1.24,,,,,anwenden (Nachbarn),0.47
harmonics_noaa_cptt.txt,"Uchiumi, Miyazaki, Japan",cptt-827,2.08,0.093,0.1935,0.163,0.338,0.432,2,1.4,1.27,,,,,anwenden (Nachbarn),0.48
harmonics_noaa_cptt.txt,"Fukushima Inamachi, Ariake Wan, Miyazaki, Japan",cptt-831,2.077,0.1007,0.2092,0.167,0.347,0.436,1,1.48,1.34,,,,,anwenden (Nachbarn),0.47
harmonics_noaa_cptt.txt,"Odomari Wan, Kagoshima, Japan",cptt-833,2.05,0.124,0.2542,0.165,0.338,0.436,2,1.83,1.68,QG.txt,0.95,18.4,13.2,anwenden (Pegel),0.48
harmonics_noaa_cptt.txt,"Yamagawa Ko, Kagoshima Kaiwan, Kagoshima, Japan",cptt-835,2.113,0.1395,0.2948,0.168,0.356,0.417,1,1.98,1.84,,,,,anwenden (Nachbarn),0.47
harmonics_noaa_cptt.txt,"Furue Ko, Kagoshima Kaiwan, Kagoshima, Japan",cptt-837,2.089,0.1395,0.2915,0.163,0.34,0.416,1,2.05,1.91,,,,,anwenden (Nachbarn),0.48
harmonics_noaa_cptt.txt,"Kagoshima Ko, Kagoshima Kaiwan, Kagoshima, Japan",cptt-839,2.201,0.155,0.3411,0.187,0.412,0.439,2,1.98,1.84,KG.txt,0.85,20.7,15.5,anwenden (Pegel),0.45
harmonics_noaa_cptt.txt,"Nakagawara Ura, Kagoshima, Japan",cptt-843,2.057,0.1506,0.3097,0.183,0.376,0.434,1,1.85,1.84,,,,,anwenden (Nachbarn),0.39
harmonics_noaa_cptt.txt,"Yanagino Seto, Yatsushiro Kai, Kumamoto, Japan",cptt-851,2.104,0.2343,0.493,0.184,0.388,0.419,1,2.65,2.85,,,,,anwenden (Nachbarn),0.38
harmonics_noaa_cptt.txt,"Ushibuka, Amakusa Shimo Shima, Kumamoto, Japan",cptt-855,2.129,0.1674,0.3564,0.183,0.391,0.424,1,2.03,2.05,,,,,anwenden (Nachbarn),0.38
harmonics_noaa_cptt.txt,"Sakitsu Wan, Amakusa Shimo Shima, Kumamoto, Japan",cptt-857,2.193,0.1841,0.4038,0.205,0.45,0.47,1,2.01,2.01,,,,,anwenden (Nachbarn),0.37
harmonics_noaa_cptt.txt,"Tomioka Wan, Amakusa Shimo Shima, Kumamoto, Japan",cptt-859,2.209,0.2008,0.4436,0.195,0.43,0.448,1,2.27,2.31,,,,,anwenden (Nachbarn),0.37
harmonics_noaa_cptt.txt,"Kuchinotsu Wan, Nagasaki, Japan",cptt-861,2.1,0.1925,0.4042,0.174,0.365,0.427,2,2.3,2.48,KT.txt,1.27,25.7,19.1,anwenden (Pegel),0.39
harmonics_noaa_cptt.txt,"Shimabara, Shimabara Kaiwan, Nagasaki, Japan",cptt-863,2.157,0.2678,0.5775,0.172,0.371,0.434,2,3.21,3.49,,,,,anwenden (Nachbarn),0.39
harmonics_noaa_cptt.txt,"Kabashima Suido, Nagasaki, Japan",cptt-867,2.11,0.1674,0.3532,0.181,0.381,0.419,1,2.04,2.08,,,,,anwenden (Nachbarn),0.38
harmonics_noaa_cptt.txt,"Terashima Suido, Nagasaki, Japan",cptt-873,2.208,0.1841,0.4065,0.202,0.445,0.464,1,1.98,2.05,,,,,anwenden (Nachbarn),0.37
harmonics_noaa_cptt.txt,"Omodake, Nagasaki, Japan",cptt-875,2.247,0.1841,0.4136,0.195,0.439,0.474,5,2.03,2.11,,,,,anwenden (Nachbarn),0.37
harmonics_noaa_cptt.txt,"Kogushi Wan, Omura Wan, Nagasaki, Japan",cptt-879,1.786,0.0251,0.0448,0.105,0.187,0.361,2,0.49,0.54,,,,,anwenden (Nachbarn),0.45
harmonics_noaa_cptt.txt,"Omura, Omura Wan, Nagasaki, Japan",cptt-881,2.033,0.0418,0.085,0.164,0.334,0.375,1,0.53,0.57,,,,,anwenden (Nachbarn),0.4
harmonics_noaa_cptt.txt,"Kusudomari, Nagasaki, Japan",cptt-883,2.254,0.1757,0.396,0.196,0.441,0.461,1,1.93,2.01,,,,,anwenden (Nachbarn),0.37
harmonics_noaa_cptt.txt,"Shijiki Wan, Hirado Shima, Nagasaki, Japan",cptt-885,2.099,0.159,0.3337,0.183,0.385,0.437,1,1.81,1.94,,,,,anwenden (Nachbarn),0.38
harmonics_noaa_cptt.txt,"Usuka Wan, Hirado Shima, Nagasaki, Japan",cptt-887,2.225,0.159,0.3538,0.197,0.438,0.458,3,1.66,1.81,,,,,anwenden (Nachbarn),0.37
harmonics_noaa_cptt.txt,"Me Shima, Danjo Gunto, Nagasaki, Japan",cptt-889,2.266,0.159,0.3602,0.204,0.463,0.5,1,1.71,1.74,,,,,anwenden (Nachbarn),0.36
harmonics_noaa_cptt.txt,"Tamano Ura, Fukaye Jima, Nagasaki, Japan",cptt-891,2.224,0.1841,0.4094,0.209,0.464,0.481,1,1.87,1.98,,,,,anwenden (Nachbarn),0.36
harmonics_noaa_cptt.txt,"Wakamatsu Ura, Wakamatsu Shima, Nagasaki, Japan",cptt-895,2.155,0.1674,0.3607,0.187,0.402,0.458,2,1.87,2.01,,,,,anwenden (Nachbarn),0.38
harmonics_noaa_cptt.txt,"Arikawa Wan, Nakadori Shima, Nagasaki, Japan",cptt-897,2.142,0.1506,0.3226,0.19,0.407,0.456,3,1.67,1.78,,,,,anwenden (Nachbarn),0.38
harmonics_noaa_cptt.txt,"Kono Ura, Uku Shima, Nagasaki, Japan",cptt-899,2.204,0.1674,0.3689,0.2,0.44,0.449,1,1.74,1.88,,,,,anwenden (Nachbarn),0.37
harmonics_noaa_cptt.txt,"Kazamoto Ura, Iki Shima, Nagasaki, Japan",cptt-901,2.048,0.1414,0.2896,0.215,0.44,0.497,1,1.35,1.48,,,,,anwenden (Nachbarn),0.31
harmonics_noaa_cptt.txt,"Gono Ura, Iki Shima, Nagasaki, Japan",cptt-903,2.113,0.1696,0.3583,0.236,0.499,0.472,2,1.48,1.61,X3.txt,0.85,19.3,18.3,anwenden (Pegel),0.3
harmonics_noaa_cptt.txt,"Mikuriya, Imari Wan, Nagasaki, Japan",cptt-905,2.184,0.2073,0.4528,0.256,0.56,0.459,1,1.67,1.81,,,,,anwenden (Nachbarn),0.29
harmonics_noaa_cptt.txt,"Fukuoka Wan, Fukuoka, Japan",cptt-911,2.144,0.1508,0.3232,0.252,0.54,0.476,2,1.24,1.34,,,,,anwenden (Nachbarn),0.29
harmonics_noaa_cptt.txt,"Konominato Ura, Fukuoka, Japan",cptt-913,2.088,0.1131,0.2361,0.229,0.478,0.46,1,1.02,1.11,,,,,anwenden (Nachbarn),0.31
harmonics_noaa_cptt.txt,"Iwaya, Fukuoka, Japan",cptt-915,2.083,0.0942,0.1962,0.233,0.486,0.486,3,0.83,0.91,,,,,anwenden (Nachbarn),0.3
harmonics_noaa_cptt.txt,"Tsuna Shima, Nagasaki, Japan",cptt-919,2.23,0.1339,0.2986,0.203,0.454,0.475,1,1.36,1.48,,,,,anwenden (Nachbarn),0.37
harmonics_noaa_cptt.txt,"Sasuna Ko, Nagasaki, Japan",cptt-921,2.191,0.1004,0.22,0.203,0.446,0.48,2,1.04,1.11,,,,,anwenden (Nachbarn),0.37
harmonics_noaa_cptt.txt,"Oshika, Nagasaki, Japan",cptt-925,2.162,0.1037,0.2242,0.239,0.516,0.439,1,0.9,0.97,,,,,anwenden (Nachbarn),0.3
harmonics_noaa_cptt.txt,"Miura Wan, Nagasaki, Japan",cptt-927,2.15,0.1225,0.2634,0.234,0.503,0.476,7,1.09,1.17,,,,,anwenden (Nachbarn),0.3
harmonics_noaa_cptt.txt,"Isso, Yaku Shima, Kagoshima, Japan",cptt-935,2.094,0.1162,0.2433,0.168,0.351,0.426,1,1.67,1.54,,,,,anwenden (Nachbarn),0.47
harmonics_noaa_cptt.txt,"Kuchinoerabu Shima, Kagoshima, Japan",cptt-937,2.116,0.124,0.2624,0.179,0.379,0.46,1,1.67,1.54,,,,,anwenden (Nachbarn),0.46
harmonics_noaa_cptt.txt,"Takara Shima, Kagoshima, Japan",cptt-941,2.153,0.1007,0.2168,0.167,0.36,0.411,1,1.43,1.34,,,,,anwenden (Nachbarn),0.47
harmonics_noaa_cptt.txt,"Somachi Hakuchi, Kikai Jima, Kagoshima, Japan",cptt-943,2.392,0.093,0.2224,0.199,0.477,,0,1.08,1.04,,,,,anwenden (nur Buch),0.43
harmonics_noaa_cptt.txt,"Sumiyo Wan, Kagoshima, Japan",cptt-945,1.932,0.0852,0.1646,0.138,0.267,0.351,1,1.51,1.37,,,,,anwenden (Nachbarn),0.5
harmonics_noaa_cptt.txt,"Koniya, Kagoshima, Japan",cptt-947,2.163,0.1085,0.2347,0.18,0.39,0.421,1,1.45,1.34,,,,,anwenden (Nachbarn),0.46
harmonics_noaa_cptt.txt,"Nishikomi, Kagoshima, Japan",cptt-949,2.074,0.1007,0.2088,0.159,0.33,0.408,1,1.52,1.41,,,,,anwenden (Nachbarn),0.48
harmonics_noaa_cptt.txt,"Uken, Yakiuchi Wan, Kagoshima, Japan",cptt-951,2.085,0.1007,0.2099,0.163,0.34,,0,1.48,1.37,,,,,anwenden (nur Buch),0.48
harmonics_noaa_cptt.txt,"Kasari Wan, Kagoshima, Japan",cptt-953,2.053,0.1007,0.2068,0.156,0.319,0.377,1,1.55,1.44,,,,,anwenden (Nachbarn),0.48
harmonics_noaa_cptt.txt,"Uke Shima, Kagoshima, Japan",cptt-955,2.059,0.1007,0.2074,0.167,0.344,0.411,1,1.47,1.34,,,,,anwenden (Nachbarn),0.47
harmonics_noaa_cptt.txt,"Sammura Wan, Tokuno Shima, Kagoshima, Japan",cptt-957,2.043,0.093,0.19,0.163,0.332,0.442,1,1.4,1.27,,,,,anwenden (Nachbarn),0.48
harmonics_noaa_cptt.txt,"Wadomari, Okinoyerabu Jima, Kagoshima, Japan",cptt-959,2.025,0.0852,0.1726,0.157,0.318,0.4,1,1.32,1.21,,,,,anwenden (Nachbarn),0.48
harmonics_noaa_cptt.txt,"Gakiya, Iheya Jima, Okinawa, Japan",cptt-961,2.083,0.093,0.1937,0.163,0.339,0.442,1,1.38,1.27,,,,,anwenden (Nachbarn),0.48
harmonics_noaa_cptt.txt,"Sukku, Ora Wan, Okinawa, Japan",cptt-963,2.099,0.1085,0.2278,0.176,0.369,0.464,1,1.51,1.37,,,,,anwenden (Nachbarn),0.47
harmonics_noaa_cptt.txt,"Yonabaru, Buckner Bay, Okinawa, Japan",cptt-965,2.05,0.1007,0.2064,0.163,0.334,,0,1.51,1.37,,,,,anwenden (nur Buch),0.48
harmonics_noaa_cptt.txt,"Sesoko Byochi, Okinawa, Japan",cptt-969,2.14,0.1007,0.2155,0.163,0.349,0.41,1,1.46,1.37,,,,,anwenden (Nachbarn),0.47
harmonics_noaa_cptt.txt,"Unten Ko, Okinawa, Japan",cptt-971,2.072,0.093,0.1927,0.163,0.337,0.442,1,1.38,1.27,,,,,anwenden (Nachbarn),0.48
harmonics_noaa_cptt.txt,"Zamami Jima, Kerama Kaikyo, Okinawa, Japan",cptt-973,2.078,0.1007,0.2093,0.163,0.339,0.421,1,1.48,1.37,,,,,anwenden (Nachbarn),0.48
harmonics_noaa_cptt.txt,"Gima Ko, Kume Shima, Okinawa, Japan",cptt-975,2.077,0.1007,0.2092,0.163,0.339,0.446,1,1.48,1.37,,,,,anwenden (Nachbarn),0.48
harmonics_noaa_cptt.txt,"Minami Daito Jima, Okinawa, Japan",cptt-977,2.071,0.0852,0.1764,0.171,0.355,0.413,1,1.21,1.11,,,,,anwenden (Nachbarn),0.47
harmonics_noaa_cptt.txt,"Funauke, Iriomote Jima, Okinawa, Japan",cptt-983,2.194,0.0852,0.187,0.171,0.376,0.291,3,1.17,1.11,,,,,anwenden (Nachbarn),0.46
harmonics_noaa_cptt.txt,"Yonakuni Jima, Okinawa, Japan",cptt-985,2.164,0.0852,0.1844,0.183,0.395,0.476,1,1.12,1.04,,,,,anwenden (Nachbarn),0.46
harmonics_noaa_cptt.txt,"Kobi Sho, Sento Shosho, Okinawa, Japan",cptt-987,2.386,0.093,0.2219,0.187,0.447,0.467,1,1.13,1.11,,,,,anwenden (Nachbarn),0.44
harmonics_noaa_cptt.txt,"Ulsan, Busan, South Korea",cptt-1017,1.902,0.0504,0.0959,0.262,0.498,0.479,1,0.41,0.44,,,,,anwenden (Nachbarn),0.17
harmonics_noaa_cptt.txt,"T'aehwa-gang, Busan, South Korea",cptt-1019,1.983,0.0504,0.1,0.284,0.563,0.479,1,0.38,0.4,,,,,anwenden (Nachbarn),0.16
harmonics_noaa_cptt.txt,"Yong-do, Busan, South Korea",cptt-1023,1.807,0.1008,0.1822,0.235,0.424,0.472,1,0.95,0.97,,,,,anwenden (Nachbarn),0.18
harmonics_noaa_cptt.txt,"Ch'onsong-man, Kadok-to, Busan, South Korea",cptt-1025,1.809,0.1512,0.2735,0.249,0.451,,0,1.35,1.37,,,,,anwenden (nur Buch),0.18
harmonics_noaa_cptt.txt,"Masan-man, Busan, South Korea",cptt-1027,1.826,0.1713,0.3128,0.263,0.48,,0,1.45,1.48,,,,,anwenden (nur Buch),0.17
harmonics_noaa_cptt.txt,"Unp'ung-p'o, Chinhae-man, Busan, South Korea",cptt-1029,1.817,0.1814,0.3297,0.255,0.464,,0,1.58,1.61,,,,,anwenden (nur Buch),0.17
harmonics_noaa_cptt.txt,"Hyonnaeryang-haehyop, Chinhae-man, Busan, South Korea",cptt-1031,1.799,0.1814,0.3263,0.245,0.441,,0,1.64,1.68,,,,,anwenden (nur Buch),0.18
harmonics_noaa_cptt.txt,"Chise-p'o, Koje-do, Busan, South Korea",cptt-1033,1.775,0.1411,0.2504,0.222,0.393,0.433,1,1.41,1.44,,,,,anwenden (Nachbarn),0.18
harmonics_noaa_cptt.txt,"Choguri-man, Koje-do, Busan, South Korea",cptt-1035,1.721,0.1943,0.3343,0.241,0.415,,0,1.81,1.81,,,,,anwenden (nur Buch),0.26
harmonics_noaa_cptt.txt,"Koje-man, Koje-do, Busan, South Korea",cptt-1037,1.71,0.2046,0.3499,0.236,0.404,,0,1.95,1.94,,,,,anwenden (nur Buch),0.26
harmonics_noaa_cptt.txt,"Yokchi-do, Busan, South Korea",cptt-1041,1.717,0.2148,0.3688,0.236,0.405,,0,2.05,2.05,,,,,anwenden (nur Buch),0.26
harmonics_noaa_cptt.txt,"Wis-som, Saryang-do, Busan, South Korea",cptt-1043,1.733,0.2353,0.4077,0.246,0.427,,0,2.15,2.15,,,,,anwenden (nur Buch),0.26
harmonics_noaa_cptt.txt,"Kosong-man, Busan, South Korea",cptt-1045,1.703,0.225,0.3832,0.228,0.389,,0,2.22,2.21,,,,,anwenden (nur Buch),0.27
harmonics_noaa_cptt.txt,"Mijo-man, Namhae-do, Busan, South Korea",cptt-1047,1.751,0.2455,0.4299,0.257,0.45,,0,2.15,2.15,,,,,anwenden (nur Buch),0.26
harmonics_noaa_cptt.txt,"Ch'ojon-ni, Busan, South Korea",cptt-1051,1.753,0.2864,0.5021,0.252,0.443,,0,2.55,2.55,,,,,anwenden (nur Buch),0.26
harmonics_noaa_cptt.txt,"P'yougsan-ni, Namhae-do, Busan, South Korea",cptt-1053,1.76,0.2864,0.504,0.266,0.469,,0,2.43,2.41,,,,,anwenden (nur Buch),0.25
harmonics_noaa_cptt.txt,"Kwangyang-man, Busan, South Korea",cptt-1057,1.745,0.2966,0.5175,0.255,0.444,,0,2.63,2.62,,,,,anwenden (nur Buch),0.26
harmonics_noaa_cptt.txt,"Noryang-ni, Busan, South Korea",cptt-1059,1.739,0.2864,0.4981,0.252,0.439,,0,2.56,2.55,,,,,anwenden (nur Buch),0.26
harmonics_noaa_cptt.txt,"Chobal-to, Yoja-man, Jeju-do, South Korea",cptt-1061,1.75,0.3069,0.537,0.257,0.45,,0,2.67,2.68,,,,,anwenden (nur Buch),0.26
harmonics_noaa_cptt.txt,"Sonjuk-to, Sonjuk-yolto, Jeju-do, South Korea",cptt-1065,1.787,0.2659,0.4751,0.262,0.468,,0,2.25,2.28,,,,,anwenden (nur Buch),0.25
harmonics_noaa_cptt.txt,"Sayang-do, Naro-yolto, Jeju-do, South Korea",cptt-1067,1.721,0.2659,0.4576,0.234,0.403,,0,2.55,2.55,,,,,anwenden (nur Buch),0.26
harmonics_noaa_cptt.txt,"Mato-sudo, Jeju-do, South Korea",cptt-1071,1.884,0.3273,0.6167,0.264,0.498,,0,2.7,2.78,,,,,anwenden (nur Buch),0.25
harmonics_noaa_cptt.txt,"Soan-hang, Soan-do, Jeju-do, South Korea",cptt-1075,1.882,0.2557,0.4813,0.235,0.442,,0,2.32,2.45,,,,,anwenden (nur Buch),0.26
harmonics_noaa_cptt.txt,"Ch'agwi-do, Jeju-do, South Korea",cptt-1083,1.855,0.1739,0.3226,0.216,0.4,,0,1.69,1.81,,,,,anwenden (nur Buch),0.27
harmonics_noaa_cptt.txt,"Oran-ni, Maro-hae, Jeju-do, South Korea",cptt-1089,1.871,0.2455,0.4593,0.219,0.41,,0,2.32,2.51,,,,,anwenden (nur Buch),0.26
harmonics_noaa_cptt.txt,"Sangma-do, Samma-do, Jeju-do, South Korea",cptt-1091,1.865,0.2659,0.4959,0.217,0.405,,0,2.54,2.75,,,,,anwenden (nur Buch),0.26
harmonics_noaa_cptt.txt,"Hat'ae-do, Naju-kundo, Jeju-do, South Korea",cptt-1095,1.79,0.225,0.4028,0.196,0.35,,0,2.36,2.58,,,,,anwenden (nur Buch),0.27
harmonics_noaa_cptt.txt,"Chin-do, Jeju-do, South Korea",cptt-1097,1.789,0.2353,0.4209,0.197,0.352,,0,2.47,2.68,,,,,anwenden (nur Buch),0.27
harmonics_noaa_cptt.txt,"Baikpachin, Jeju-do, South Korea",cptt-1099,1.841,0.2455,0.4519,0.216,0.398,,0,2.34,2.55,,,,,anwenden (nur Buch),0.27
harmonics_noaa_cptt.txt,"Siha-do, Jeju-do, South Korea",cptt-1103,1.729,0.2046,0.3537,0.159,0.276,,0,2.66,2.88,,,,,anwenden (nur Buch),0.29
harmonics_noaa_cptt.txt,"Yongsan-dong, Jeju-do, South Korea",cptt-1107,1.749,0.225,0.3936,0.167,0.293,,0,2.86,3.02,,,,,anwenden (nur Buch),0.29
harmonics_noaa_cptt.txt,"Pigum-sudo, Naju-kundo, Jeju-do, South Korea",cptt-1111,1.806,0.2557,0.4618,0.197,0.356,,0,2.67,2.92,,,,,anwenden (nur Buch),0.27
harmonics_noaa_cptt.txt,"Chaun-do, Naju-kundo, Jeju-do, South Korea",cptt-1113,1.791,0.2864,0.513,0.192,0.344,,0,3.1,3.35,,,,,anwenden (nur Buch),0.28
harmonics_noaa_cptt.txt,"Imja-do, Jeju-do, South Korea",cptt-1115,1.827,0.3478,0.6355,0.231,0.422,,0,3.19,3.39,,,,,anwenden (nur Buch),0.26
harmonics_noaa_cptt.txt,"Hamp'yong-man, Jeju-do, South Korea",cptt-1117,1.881,0.3776,0.7102,0.189,0.356,,0,4.17,4.39,,,,,anwenden (nur Buch),0.16
harmonics_noaa_cptt.txt,"Anma-do, Anma-kundo, Jeju-do, South Korea",cptt-1119,1.887,0.356,0.6719,0.198,0.374,0.331,1,3.77,3.96,,,,,anwenden (Nachbarn),0.16
harmonics_noaa_cptt.txt,"Kogunsan-kundo, South Korea",cptt-1121,1.877,0.4423,0.8304,0.203,0.381,,0,4.63,4.79,,,,,anwenden (nur Buch),0.16
harmonics_noaa_cptt.txt,"Chuk-to, Kunsan-hang, Busan, South Korea",cptt-1123,1.873,0.4963,0.9297,0.217,0.407,,0,4.87,5.03,,,,,anwenden (nur Buch),0.16
harmonics_noaa_cptt.txt,"Kunsan, Kum-gang, Busan, South Korea",cptt-1125,1.875,0.4208,0.7888,0.183,0.343,0.35,1,4.86,5.06,,,,,anwenden (Nachbarn),0.16
harmonics_noaa_cptt.txt,"Ochongdo, South Korea",cptt-1127,1.876,0.4423,0.8298,0.22,0.412,0.352,1,4.29,4.43,,,,,anwenden (Nachbarn),0.16
harmonics_noaa_cptt.txt,"Oeyon-do, Oeyon-yolto, South Korea",cptt-1129,1.891,0.4531,0.8566,0.238,0.45,,0,4.07,4.19,,,,,anwenden (nur Buch),0.15
harmonics_noaa_cptt.txt,"So-do, Ch'onsu-man, South Korea",cptt-1131,1.908,0.5287,1.0085,0.218,0.416,0.372,1,5.13,5.33,,,,,anwenden (Nachbarn),0.16
harmonics_noaa_cptt.txt,"Mohang-ni, South Korea",cptt-1133,1.906,0.4963,0.9458,0.211,0.403,,0,4.93,5.16,,,,,anwenden (nur Buch),0.16
harmonics_noaa_cptt.txt,"Umo-do, South Korea",cptt-1135,1.918,0.5718,1.097,0.204,0.391,,0,5.82,6.17,,,,,anwenden (nur Buch),0.16
harmonics_noaa_cptt.txt,"Asan, South Korea",cptt-1137,1.913,0.7229,1.3833,0.229,0.438,,0,6.54,6.94,,,,,anwenden (nur Buch),0.15
harmonics_noaa_cptt.txt,"Soya-do, So-sudo, South Korea",cptt-1139,1.911,0.5718,1.0926,0.213,0.407,0.387,1,5.56,5.9,,,,,anwenden (Nachbarn),0.16
harmonics_noaa_cptt.txt,"Taemuui-do, (Marie Fortunee Arch.), South Korea",cptt-1141,1.908,0.6473,1.2354,0.217,0.413,,0,6.19,6.57,,,,,anwenden (nur Buch),0.16
harmonics_noaa_cptt.txt,"Yongjong-do, Yom-ha, South Korea",cptt-1145,1.901,0.7013,1.3333,0.222,0.423,0.394,1,6.53,6.94,,,,,anwenden (Nachbarn),0.15
harmonics_noaa_cptt.txt,"Chumun-do, Songmo-sudo, South Korea",cptt-1149,1.882,0.6258,1.1778,0.216,0.407,,0,5.98,6.37,,,,,anwenden (nur Buch),0.16
harmonics_noaa_cptt.txt,"Taeyonp'yong-do, Yonp'yong-yolto, South Korea",cptt-1151,1.872,0.4963,0.9292,0.207,0.388,0.357,1,4.93,5.26,,,,,anwenden (Nachbarn),0.16
harmonics_noaa_cptt.txt,"Mu-do, Haeju-man, South Korea",cptt-1153,1.889,0.5071,0.9578,0.222,0.419,0.38,1,4.72,5.03,,,,,anwenden (Nachbarn),0.15
harmonics_noaa_cptt.txt,"Haeju, Haeju-man, North Korea",cptt-1155,1.867,0.5502,1.027,0.214,0.399,,0,5.32,5.67,,,,,anwenden (nur Buch),0.16
harmonics_noaa_cptt.txt,"Tungsan-got, South Korea",cptt-1157,1.884,0.4316,0.8133,0.221,0.417,,0,4.03,4.29,,,,,anwenden (nur Buch),0.16
harmonics_noaa_cptt.txt,"Sunwi-do, Sunwido-myoji, North Korea",cptt-1159,1.877,0.3668,0.6886,0.221,0.414,0.383,1,3.43,3.65,,,,,anwenden (Nachbarn),0.16
harmonics_noaa_cptt.txt,"Kirin-do, North Korea",cptt-1161,3.269,0.2105,0.6881,0.145,0.474,,0,3.0,3.15,,,,,anwenden (nur Buch),0.31
harmonics_noaa_cptt.txt,"Taech'ong-do, Taech'ong-kundo, South Korea",cptt-1163,3.288,0.1544,0.5077,0.133,0.438,,0,2.4,2.51,,,,,anwenden (nur Buch),0.31
harmonics_noaa_cptt.txt,"Wollae-do, North Korea",cptt-1165,3.283,0.1403,0.4605,0.121,0.398,0.33,1,2.4,2.51,,,,,anwenden (Nachbarn),0.32
harmonics_noaa_cptt.txt,"Ch'angam-dong, North Korea",cptt-1167,3.304,0.1614,0.5332,0.136,0.449,,0,2.49,2.58,,,,,anwenden (nur Buch),0.31
harmonics_noaa_cptt.txt,"Monggum-do, North Korea",cptt-1169,3.11,0.1474,0.4584,0.119,0.371,0.325,1,2.71,2.68,,,,,anwenden (Nachbarn),0.33
harmonics_noaa_cptt.txt,"Chin po Ki, North Korea",cptt-1171,3.07,0.1895,0.5817,0.128,0.392,,0,3.29,3.22,,,,,anwenden (nur Buch),0.32
harmonics_noaa_cptt.txt,"Sok-to, North Korea",cptt-1173,2.429,0.2339,0.5681,0.136,0.331,0.34,1,3.5,3.69,,,,,anwenden (Nachbarn),0.26
harmonics_noaa_cptt.txt,"P'i-do, North Korea",cptt-1175,2.386,0.2495,0.5954,0.118,0.281,0.269,1,4.32,4.56,,,,,anwenden (Nachbarn),0.27
harmonics_noaa_cptt.txt,"Ch'ol-do, North Korea",cptt-1179,2.424,0.2885,0.6994,0.13,0.316,,0,4.52,4.76,,,,,anwenden (nur Buch),0.26
harmonics_noaa_cptt.txt,"Kyomip'o, North Korea",cptt-1181,2.421,0.3041,0.7361,0.127,0.306,,0,4.9,5.16,,,,,anwenden (nur Buch),0.26
harmonics_noaa_cptt.txt,"Sokhojong, North Korea",cptt-1183,2.176,0.2339,0.5089,0.108,0.235,,0,4.56,4.66,,,,,anwenden (nur Buch),0.28
harmonics_noaa_cptt.txt,"P'yongyang, North Korea",cptt-1185,2.281,0.0546,0.1245,0.152,0.347,,0,0.8,0.77,,,,,anwenden (nur Buch),0.25
harmonics_noaa_cptt.txt,"Sokhae-dong, North Korea",cptt-1187,2.388,0.3041,0.7262,0.117,0.28,,0,5.27,5.57,,,,,anwenden (nur Buch),0.27
harmonics_noaa_cptt.txt,"Unmu-do, North Korea",cptt-1189,2.446,0.343,0.839,0.141,0.345,0.342,1,4.97,5.23,,,,,anwenden (Nachbarn),0.25
harmonics_noaa_cptt.txt,"Nap-to, North Korea",cptt-1191,2.47,0.3196,0.7896,0.152,0.375,0.365,1,4.3,4.53,,,,,anwenden (Nachbarn),0.25
harmonics_noaa_cptt.txt,"Taehwa-do, North Korea",cptt-1193,2.436,0.2963,0.7217,0.138,0.335,,0,4.39,4.63,,,,,anwenden (nur Buch),0.26
harmonics_noaa_cptt.txt,"Ka-do, North Korea",cptt-1195,2.427,0.3041,0.738,0.134,0.324,0.327,1,4.65,4.9,,,,,anwenden (Nachbarn),0.26
harmonics_noaa_cptt.txt,"Suun-do, North Korea",cptt-1197,2.423,0.2963,0.7178,0.132,0.32,0.316,1,4.58,4.83,,,,,anwenden (Nachbarn),0.26
harmonics_noaa_cptt.txt,"Tasa-do, North Korea",cptt-1199,2.452,0.3274,0.8028,0.139,0.341,,0,4.81,5.06,,,,,anwenden (nur Buch),0.25
harmonics_noaa_cptt.txt,"Shinto Islands, North Korea",cptt-1201,2.467,0.3352,0.8269,0.144,0.356,,0,4.75,5.0,,,,,anwenden (nur Buch),0.25
harmonics_noaa_cptt.txt,"Yongamp'o, North Korea",cptt-1203,2.261,0.2183,0.4936,0.125,0.283,0.302,1,3.67,3.76,,,,,anwenden (Nachbarn),0.27
harmonics_noaa_cptt.txt,"Zhaoshigou [Chao-shin-kou], Liaoning, China",cptt-1205,2.475,0.3041,0.7528,0.144,0.357,,0,4.3,4.53,,,,,anwenden (nur Buch),0.25
harmonics_noaa_cptt.txt,"Dandong, Liaoning, China",cptt-1207,0.641,0.0439,0.0281,0.033,0.021,,0,2.97,2.85,,,,,anwenden (nur Buch),0.33
harmonics_noaa_cptt.txt,"Dalu Dao [Talu Tao], North Korea",cptt-1209,2.419,0.2495,0.6036,0.128,0.31,,0,3.98,4.19,,,,,anwenden (nur Buch),0.26
harmonics_noaa_cptt.txt,"Shishanzi, Liaoning, China",cptt-1211,3.375,0.0491,0.1657,0.039,0.131,,0,2.59,2.75,,,,,anwenden (nur Buch),0.4
harmonics_noaa_cptt.txt,"Dagushan [Takushan Road], Liaoning, China",cptt-1213,2.88,0.1614,0.4648,0.08,0.23,0.218,1,4.56,4.39,,,,,anwenden (Nachbarn),0.37
harmonics_noaa_cptt.txt,"Xiaowangjia Dao, Liaoning, China",cptt-1215,2.918,0.2105,0.6142,0.126,0.368,,0,3.79,3.62,,,,,anwenden (nur Buch),0.33
harmonics_noaa_cptt.txt,"Dawangjia Dao [Ta-wang-chia Tao], Liaoning, China",cptt-1217,2.899,0.2105,0.6102,0.126,0.366,0.291,1,3.81,3.62,,,,,anwenden (Nachbarn),0.33
harmonics_noaa_cptt.txt,"Zhangzi Dao [Changtze Tao, Blonde Group], Liaoning, China",cptt-1219,2.923,0.1403,0.4101,0.111,0.324,,0,2.84,2.75,,,,,anwenden (nur Buch),0.34
harmonics_noaa_cptt.txt,"Xiaochangshan Dao, Liaoning, China",cptt-1221,2.941,0.1614,0.4747,0.123,0.362,,0,2.95,2.85,,,,,anwenden (nur Buch),0.33
harmonics_noaa_cptt.txt,"Dachangshan Dao [Tachangshan Tao], Liaoning, China",cptt-1223,2.968,0.1614,0.479,0.114,0.337,,0,3.15,3.08,,,,,anwenden (nur Buch),0.34
harmonics_noaa_cptt.txt,"Guanglu Dao [Hu-lu Tao, Lump Island], Liaoning, China",cptt-1225,1.449,0.0508,0.0736,0.031,0.045,,0,3.52,3.52,,,,,anwenden (nur Buch),0.43
harmonics_noaa_cptt.txt,"Changjiang Ao, Liaoning, China",cptt-1227,3.122,0.1333,0.4161,0.109,0.341,,0,2.64,2.65,,,,,anwenden (nur Buch),0.34
harmonics_noaa_cptt.txt,"Dagukou [Ta-ku K'ou, Dairen Wan], Liaoning, China",cptt-1229,3.155,0.1123,0.3543,0.105,0.333,,0,2.26,2.31,,,,,anwenden (nur Buch),0.34
harmonics_noaa_cptt.txt,"Sanshan Dao, Liaoning, China",cptt-1231,3.066,0.1123,0.3443,0.105,0.323,,0,2.33,2.31,,,,,anwenden (nur Buch),0.34
harmonics_noaa_cptt.txt,"Yuyan, Liaoning, China",cptt-1235,3.137,0.1193,0.3743,0.125,0.391,,0,1.97,2.08,,,,,anwenden (nur Buch),0.32
harmonics_noaa_cptt.txt,"Yangtouwa [Yang-tou Wan], Liaoning, China",cptt-1237,3.002,0.0257,0.0772,0.031,0.094,,0,1.67,1.78,,,,,anwenden (nur Buch),0.41
harmonics_noaa_cptt.txt,"Yingchengzi Wan [Eijoshi Wan, Yingchengtze], Liaoning, China",cptt-1239,3.008,0.0257,0.0773,0.031,0.094,,0,1.67,1.78,,,,,anwenden (nur Buch),0.41
harmonics_noaa_cptt.txt,"Hulutao [Hu-Li-T'ao, Pulantien Chiang], Liaoning, China",cptt-1241,2.964,0.0286,0.0848,0.031,0.093,,0,1.87,1.98,,,,,anwenden (nur Buch),0.41
harmonics_noaa_cptt.txt,"Changshan Dao, Liaoning, China",cptt-1243,3.517,0.0491,0.1727,0.054,0.19,,0,1.9,1.98,,,,,anwenden (nur Buch),0.38
harmonics_noaa_cptt.txt,"Boqi Dao [Pochi Tao, Pulantien Chiang], Liaoning, China",cptt-1245,3.46,0.0491,0.1699,0.051,0.177,,0,2.03,2.08,,,,,anwenden (nur Buch),0.38
harmonics_noaa_cptt.txt,"Xizhong Dao, Liaoning, China",cptt-1247,3.318,0.0702,0.2329,0.093,0.308,,0,1.58,1.64,,,,,anwenden (nur Buch),0.34
harmonics_noaa_cptt.txt,"Changxing Dao [Changhing Tao, Fuchou Bay], Liaoning, China",cptt-1249,3.224,0.0421,0.1357,0.051,0.166,,0,1.73,1.78,,,,,anwenden (nur Buch),0.39
harmonics_noaa_cptt.txt,"Bayuquan, Liaoning, China",cptt-1251,2.272,0.0474,0.1077,0.031,0.071,,0,3.1,3.29,,,,,anwenden (nur Buch),0.42
harmonics_noaa_cptt.txt,"Sidaogou [Bar Signal Station, Liao Ho], Liaoning, China",cptt-1253,1.758,0.046,0.0809,0.031,0.055,,0,3.1,3.19,,,,,anwenden (nur Buch),0.43
harmonics_noaa_cptt.txt,"Yingkou Neigang, Liaoning, China",cptt-1255,2.141,0.0474,0.1015,0.031,0.067,0.279,1,3.15,3.29,,,,,anwenden (Nachbarn),0.42
harmonics_noaa_cptt.txt,"Bar, Liaoning, China",cptt-1257,3.35,0.0431,0.1444,0.031,0.105,,0,2.87,2.98,,,,,anwenden (nur Buch),0.41
harmonics_noaa_cptt.txt,"Changshansi [Chang-shan-ssu Chiao], Liaoning, China",cptt-1259,2.578,0.0257,0.0663,0.031,0.081,,0,1.69,1.78,,,,,anwenden (nur Buch),0.42
harmonics_noaa_cptt.txt,"Ninghai, Hebei, China",cptt-1261,15.0,0.0173,0.2595,0.157,2.355,,0,1.24,0.87,,,,,pruefen (Faktor an der Grenze),2.37
harmonics_noaa_cptt.txt,"Dapu He (Bar), Hebei, China",cptt-1265,15.0,0.0093,0.1395,0.061,0.914,,0,1.85,1.21,,,,,pruefen (Faktor an der Grenze),4.15
harmonics_noaa_cptt.txt,"Daqinghekou, Hebei, China",cptt-1267,3.818,0.044,0.168,0.063,0.24,,0,1.71,1.54,,,,,anwenden (nur Buch),0.49
harmonics_noaa_cptt.txt,"Caojidian, Hebei, China",cptt-1271,4.151,0.044,0.1827,0.047,0.194,,0,2.27,2.08,,,,,pruefen (grosser Faktor ohne Beleg),0.5
harmonics_noaa_cptt.txt,"Nangoutuo, Hebei, China",cptt-1273,4.647,0.0252,0.1171,0.034,0.157,,0,1.8,1.64,,,,,pruefen (grosser Faktor ohne Beleg),0.52
harmonics_noaa_cptt.txt,"Nanbao, Hebei, China",cptt-1275,4.836,0.0252,0.1219,0.034,0.164,,0,1.71,1.64,,,,,pruefen (grosser Faktor ohne Beleg),0.52
harmonics_noaa_cptt.txt,"Jianhekou, Tianjin, China",cptt-1277,4.686,0.0454,0.2128,0.03,0.143,,0,3.54,3.29,,,,,pruefen (grosser Faktor ohne Beleg),0.53
harmonics_noaa_cptt.txt,"Bar, Tianjin, China",cptt-1279,4.895,0.044,0.2154,0.034,0.167,,0,3.03,2.85,,,,,pruefen (grosser Faktor ohne Beleg),0.52
harmonics_noaa_cptt.txt,"Bar, Hebei, China",cptt-1285,3.183,0.0366,0.1165,0.03,0.097,,0,2.66,2.65,,,,,anwenden (nur Buch),0.55
harmonics_noaa_cptt.txt,"Qikou, Hebei, China",cptt-1287,4.933,0.0454,0.224,0.03,0.15,,0,3.45,3.29,,,,,pruefen (grosser Faktor ohne Beleg),0.52
harmonics_noaa_cptt.txt,"Off Chengkou, Hebei, China",cptt-1289,4.417,0.044,0.1943,0.049,0.217,,0,2.05,1.98,,,,,pruefen (grosser Faktor ohne Beleg),0.49
harmonics_noaa_cptt.txt,"Dakou He (Bar), Hebei, China",cptt-1291,4.472,0.0426,0.1905,0.03,0.136,,0,3.13,3.08,,,,,pruefen (grosser Faktor ohne Beleg),0.53
harmonics_noaa_cptt.txt,"Dongfeng Gang, Shandong, China",cptt-1293,3.352,0.032,0.1073,0.031,0.102,,0,2.18,2.31,,,,,anwenden (nur Buch),0.55
harmonics_noaa_cptt.txt,"Wanwangoukou, Shandong, China",cptt-1295,4.616,0.0377,0.174,0.038,0.174,,0,2.23,2.21,,,,,pruefen (grosser Faktor ohne Beleg),0.51
harmonics_noaa_cptt.txt,"Huanghekou (east), Shandong, China",cptt-1297,4.139,0.0377,0.156,0.083,0.342,,0,1.0,1.01,,,,,pruefen (grosser Faktor ohne Beleg),0.45
harmonics_noaa_cptt.txt,"Tianshuigoukou, Shandong, China",cptt-1299,3.44,0.0211,0.0726,0.032,0.109,,0,1.36,1.44,,,,,anwenden (nur Buch),0.41
harmonics_noaa_cptt.txt,"Xiaoqinghekou, Shandong, China",cptt-1301,2.81,0.0491,0.138,0.082,0.229,,0,1.4,1.31,,,,,anwenden (nur Buch),0.37
harmonics_noaa_cptt.txt,"Weihekou, Shandong, China",cptt-1303,3.337,0.0223,0.0744,0.031,0.105,,0,1.45,1.54,,,,,anwenden (nur Buch),0.41
harmonics_noaa_cptt.txt,"Huhekou, Shandong, China",cptt-1305,3.075,0.0491,0.151,0.082,0.251,,0,1.31,1.31,,,,,anwenden (nur Buch),0.36
harmonics_noaa_cptt.txt,"Longkou, Shandong, China",cptt-1307,3.306,0.0211,0.0698,0.038,0.126,,0,1.14,1.21,,,,,anwenden (nur Buch),0.4
harmonics_noaa_cptt.txt,"Jimu Dao (Gaojiao) [Mu-chi-tao Chiao], Shandong, China",cptt-1309,3.163,0.0281,0.0889,0.047,0.148,,0,1.28,1.31,,,,,anwenden (nur Buch),0.39
harmonics_noaa_cptt.txt,"Beihuangcheng Dao, Shandong, China",cptt-1311,3.049,0.0702,0.214,0.106,0.322,,0,1.37,1.44,,,,,anwenden (nur Buch),0.34
harmonics_noaa_cptt.txt,"Tuoji Dao, Shandong, China",cptt-1313,2.319,0.0919,0.2132,0.166,0.385,,0,1.13,1.21,,,,,anwenden (nur Buch),0.19
harmonics_noaa_cptt.txt,"Tangluanzi [Tanglwan Anchorage, Miao-tao Group], Shandong, China",cptt-1315,2.37,0.0919,0.2178,0.166,0.394,,0,1.14,1.21,,,,,anwenden (nur Buch),0.19
harmonics_noaa_cptt.txt,"Nanchangshan Dao, Shandong, China",cptt-1317,2.331,0.0919,0.2143,0.166,0.387,,0,1.13,1.21,,,,,anwenden (nur Buch),0.19
harmonics_noaa_cptt.txt,"Penglai, Shandong, China",cptt-1319,2.335,0.0919,0.2146,0.181,0.423,,0,1.04,1.11,,,,,anwenden (nur Buch),0.19
harmonics_noaa_cptt.txt,"Bajiao, Shandong, China",cptt-1321,2.307,0.0827,0.1908,0.102,0.234,,0,1.65,1.78,,,,,anwenden (nur Buch),0.21
harmonics_noaa_cptt.txt,"Kongdong Dao, Shandong, China",cptt-1325,2.315,0.0827,0.1915,0.102,0.235,,0,1.65,1.78,,,,,anwenden (nur Buch),0.21
harmonics_noaa_cptt.txt,"Yangma Dao [White Rock Point], Shandong, China",cptt-1327,2.665,0.0276,0.0735,0.034,0.09,,0,1.64,1.78,,,,,anwenden (nur Buch),0.24
harmonics_noaa_cptt.txt,"Chu Dao, Shandong, China",cptt-1329,2.357,0.1194,0.2815,0.169,0.398,,0,1.45,1.54,,,,,anwenden (nur Buch),0.19
harmonics_noaa_cptt.txt,"Jiming Dao (Wangjia Zhuang), Shandong, China",cptt-1331,2.465,0.0367,0.0905,0.049,0.12,0.4,1,1.52,1.64,,,,,anwenden (Nachbarn),0.24
harmonics_noaa_cptt.txt,"Hailu Dao, Shandong, China",cptt-1333,4.036,0.044,0.1776,0.08,0.325,,0,1.14,1.21,,,,,pruefen (grosser Faktor ohne Beleg),0.45
harmonics_noaa_cptt.txt,"Malan Wan [Malan Cove], Shandong, China",cptt-1335,4.115,0.0377,0.1551,0.058,0.237,,0,1.37,1.44,,,,,pruefen (grosser Faktor ohne Beleg),0.49
harmonics_noaa_cptt.txt,"Chengshan Jiao [Dove Cove, Jungcheng Bay], Shandong, China",cptt-1337,4.37,0.044,0.1923,0.08,0.352,,0,1.17,1.21,,,,,pruefen (grosser Faktor ohne Beleg),0.45
harmonics_noaa_cptt.txt,"Lidao Wan [Litao Bay], Shandong, China",cptt-1339,4.256,0.044,0.1873,0.059,0.252,0.2,1,1.68,1.64,,,,,anwenden (Nachbarn),0.48
harmonics_noaa_cptt.txt,"Jinghai Jiao [Chinghai Point], Shandong, China",cptt-1341,1.337,0.0388,0.0519,0.034,0.045,0.222,1,2.34,2.51,,,,,anwenden (Nachbarn),0.26
harmonics_noaa_cptt.txt,"Gulongzui [Niao-tsui Head], Shandong, China",cptt-1343,2.396,0.1541,0.3692,0.134,0.322,0.2,1,2.36,2.51,,,,,lassen (Nachbarn),0.21
harmonics_noaa_cptt.txt,"Haiyang [Haiyanghsein], Shandong, China",cptt-1345,1.953,0.0539,0.1053,0.041,0.081,0.182,1,2.66,2.85,,,,,anwenden (Nachbarn),0.25
harmonics_noaa_cptt.txt,"Quinliyan, Shandong, China",cptt-1347,2.383,0.1233,0.2938,0.122,0.291,,0,2.08,2.21,,,,,anwenden (nur Buch),0.21
harmonics_noaa_cptt.txt,"Nu Dao [Star Reef, Lao Shan Bay], Shandong, China",cptt-1349,0.517,0.0477,0.0247,0.034,0.018,,0,2.9,3.08,,,,,anwenden (nur Buch),0.27
harmonics_noaa_cptt.txt,"Dongjia Wan [Tung-chai Harbor], Shandong, China",cptt-1351,0.625,0.0508,0.0317,0.034,0.021,0.232,1,3.11,3.29,,,,,lassen (Nachbarn),0.27
harmonics_noaa_cptt.txt,"Mai Dao, Shandong, China",cptt-1353,2.324,0.1464,0.3403,0.121,0.282,,0,2.53,2.65,,,,,anwenden (nur Buch),0.21
harmonics_noaa_cptt.txt,"Qingdao (Qianhai), Shandong, China",cptt-1355,2.397,0.1772,0.4247,0.141,0.339,0.339,1,2.63,2.75,,,,,anwenden (Nachbarn),0.2
harmonics_noaa_cptt.txt,"Huang Dao, Shandong, China",cptt-1357,2.375,0.1772,0.4208,0.136,0.324,0.339,1,2.73,2.85,,,,,anwenden (Nachbarn),0.21
harmonics_noaa_cptt.txt,"Tangdao Wan, Shandong, China",cptt-1361,2.428,0.2003,0.4863,0.166,0.403,,0,2.57,2.65,,,,,anwenden (nur Buch),0.19
harmonics_noaa_cptt.txt,"Lingshan Dao, Shandong, China",cptt-1363,2.294,0.1541,0.3535,0.134,0.308,,0,2.44,2.51,,,,,anwenden (nur Buch),0.21
harmonics_noaa_cptt.txt,"Huangjiatang Wan [Huangchiatang Wan], Shandong, China",cptt-1365,2.276,0.1772,0.4033,0.141,0.322,,0,2.69,2.75,,,,,anwenden (nur Buch),0.21
harmonics_noaa_cptt.txt,"Shijiu Suo, Shandong, China",cptt-1367,2.209,0.2003,0.4425,0.138,0.305,0.304,1,3.2,3.19,,,,,anwenden (Nachbarn),0.21
harmonics_noaa_cptt.txt,"Pingshan Dao, Shandong, China",cptt-1369,2.897,0.1789,0.5183,0.142,0.411,,0,2.6,2.75,,,,,anwenden (nur Buch),0.23
harmonics_noaa_cptt.txt,"Qinshan Dao, Jiangsu, China",cptt-1371,2.904,0.2489,0.7228,0.144,0.419,,0,3.55,3.76,,,,,anwenden (nur Buch),0.23
harmonics_noaa_cptt.txt,"Kaishan Dao, Jiangsu, China",cptt-1375,3.248,0.0545,0.177,0.033,0.107,,0,3.39,3.62,,,,,anwenden (nur Buch),0.29
harmonics_noaa_cptt.txt,"Kuataokou, Jiangsu, China",cptt-1377,2.998,0.0545,0.1634,0.049,0.147,,0,2.3,2.41,,,,,anwenden (nur Buch),0.28
harmonics_noaa_cptt.txt,"Xinyang Gang, Jiangsu, China",cptt-1379,2.853,0.1011,0.2885,0.111,0.318,,0,1.9,1.98,,,,,anwenden (nur Buch),0.24
harmonics_noaa_cptt.txt,"Chenjiawu, Jiangsu, China",cptt-1381,2.936,0.2489,0.7307,0.144,0.424,,0,3.56,3.76,,,,,anwenden (nur Buch),0.23
harmonics_noaa_cptt.txt,"Off Chuanshui Gang, Jiangsu, China",cptt-1383,2.952,0.3111,0.9184,0.154,0.456,,0,4.25,4.39,,,,,anwenden (nur Buch),0.22
harmonics_noaa_cptt.txt,"Xiaoyangkou, Jiangsu, China",cptt-1385,2.908,0.1789,0.5203,0.155,0.451,,0,2.38,2.51,,,,,anwenden (nur Buch),0.22
harmonics_noaa_cptt.txt,"Lusi, Jiangsu, China",cptt-1387,3.025,0.3345,1.0119,0.184,0.557,0.437,1,3.8,3.96,,,,,anwenden (Nachbarn),0.21
harmonics_noaa_cptt.txt,"Tongsha Shazui, Shanghai, China",cptt-1389,2.141,0.2291,0.4904,0.171,0.367,,0,2.95,3.08,,,,,anwenden (nur Buch),0.26
harmonics_noaa_cptt.txt,"She Shan, Shanghai, China",cptt-1391,2.327,0.2644,0.6152,0.222,0.516,,0,2.65,2.75,,,,,anwenden (nur Buch),0.24
harmonics_noaa_cptt.txt,"Jiuduan Beacon, Shanghai, China",cptt-1395,2.201,0.2291,0.5043,0.2,0.439,,0,2.54,2.65,,,,,anwenden (nur Buch),0.25
harmonics_noaa_cptt.txt,"Hengsha, Shanghai, China",cptt-1397,2.289,0.2644,0.6052,0.222,0.508,,0,2.64,2.75,,,,,anwenden (nur Buch),0.24
harmonics_noaa_cptt.txt,"Laomihung, Shanghai, China",cptt-1399,1.628,0.1146,0.1866,0.093,0.151,,0,2.7,2.85,,,,,anwenden (nur Buch),0.31
harmonics_noaa_cptt.txt,"Qixiao Gang, Shanghai, China",cptt-1401,2.301,0.2644,0.6085,0.222,0.51,,0,2.64,2.75,,,,,anwenden (nur Buch),0.24
harmonics_noaa_cptt.txt,"Shixiao Gang, Shanghai, China",cptt-1403,2.307,0.2644,0.61,0.222,0.512,,0,2.65,2.75,,,,,anwenden (nur Buch),0.24
harmonics_noaa_cptt.txt,"Bao Zhen, Shanghai, China",cptt-1405,2.237,0.2291,0.5125,0.228,0.511,,0,2.26,2.31,,,,,anwenden (nur Buch),0.24
harmonics_noaa_cptt.txt,"Gaoqiao, Shanghai, China",cptt-1407,2.228,0.2291,0.5104,0.2,0.444,,0,2.55,2.65,,,,,anwenden (nur Buch),0.25
harmonics_noaa_cptt.txt,"Shanghai Gang [Shanghai, Huangpu River], Shanghai, China",cptt-1411,2.154,0.1762,0.3796,0.196,0.421,,0,2.02,2.08,,,,,anwenden (nur Buch),0.25
harmonics_noaa_cptt.txt,"Xulujing, Jiangsu, China",cptt-1415,2.195,0.1762,0.3867,0.196,0.429,0.476,1,1.99,2.08,,,,,anwenden (Nachbarn),0.25
harmonics_noaa_cptt.txt,"Jiangyin, Jiangsu, China",cptt-1417,2.445,0.1762,0.4309,0.247,0.605,,0,1.59,1.64,,,,,anwenden (nur Buch),0.22
harmonics_noaa_cptt.txt,"Jinshanzui, Shanghai, China",cptt-1419,2.227,0.3437,0.7655,0.2,0.446,,0,3.8,3.96,,,,,anwenden (nur Buch),0.25
harmonics_noaa_cptt.txt,"Zhapu, Zhejiang, China",cptt-1421,2.114,0.4054,0.8571,0.188,0.398,,0,4.82,4.96,,,,,anwenden (nur Buch),0.26
harmonics_noaa_cptt.txt,"Haining, Zhejiang, China",cptt-1423,2.128,0.3437,0.7313,0.185,0.393,,0,4.1,4.29,,,,,anwenden (nur Buch),0.26
harmonics_noaa_cptt.txt,"Hua-lien Kang, Okinawa, Japan",cptt-1433,2.099,0.0852,0.1789,0.166,0.349,,0,1.24,1.14,,,,,anwenden (nur Buch),0.47
harmonics_noaa_cptt.txt,"Ch'eng-kuang-ao Po-ti, Okinawa, Japan",cptt-1435,2.105,0.093,0.1958,0.172,0.361,,0,1.31,1.21,,,,,anwenden (nur Buch),0.47
harmonics_noaa_cptt.txt,"Tu-lan Wan, Taiwan",cptt-1437,2.091,0.0775,0.162,0.166,0.347,,0,1.13,1.04,,,,,anwenden (nur Buch),0.47
harmonics_noaa_cptt.txt,"Nan-liao Wan, Lu Tao, Taiwan",cptt-1439,2.158,0.0852,0.1839,0.189,0.407,,0,1.1,1.01,,,,,anwenden (nur Buch),0.45
harmonics_noaa_cptt.txt,"Ta-pan-lieh Mao-ti, Taiwan",cptt-1443,3.585,0.0231,0.0828,0.086,0.307,,0,0.74,0.67,,,,,anwenden (nur Buch),1.36
harmonics_noaa_cptt.txt,"Ch'e-ch'eng Po-ti, Taiwan",cptt-1445,3.378,0.0193,0.0652,0.089,0.302,,0,0.62,0.54,,,,,anwenden (nur Buch),1.37
harmonics_noaa_cptt.txt,"Tung-kang Po-ti, Taiwan",cptt-1447,2.048,0.0116,0.0238,0.054,0.11,,0,0.66,0.54,,,,,pruefen (eintaegige Tide ohne Beleg),1.61
harmonics_noaa_cptt.txt,"Kao-hsiung, Taiwan",cptt-1449,2.83,0.0116,0.0328,0.072,0.203,0.385,1,0.5,0.4,,,,,anwenden (Nachbarn),1.48
harmonics_noaa_cptt.txt,"An-p'ing Kang, Taiwan",cptt-1451,3.483,0.0154,0.0536,0.076,0.265,,0,0.63,0.5,,,,,anwenden (nur Buch),1.41
harmonics_noaa_cptt.txt,"Ting-t'ou-o-shan, Taiwan",cptt-1453,0.5,0.0121,0.006,0.043,0.021,,0,0.89,0.7,,,,,pruefen (Faktor an der Grenze),1.75
harmonics_noaa_cptt.txt,"Pu-tai Po-ti, Taiwan",cptt-1455,2.772,0.0487,0.135,0.074,0.206,,0,1.34,1.41,,,,,anwenden (nur Buch),0.48
harmonics_noaa_cptt.txt,"Hai-k'ou Po-ti, Taiwan",cptt-1457,2.846,0.0973,0.2769,0.08,0.227,,0,2.5,2.62,,,,,anwenden (nur Buch),0.47
harmonics_noaa_cptt.txt,"Fang-yuan Po-ti, Taiwan",cptt-1459,2.843,0.1216,0.3457,0.079,0.226,0.224,1,3.15,3.29,,,,,anwenden (Nachbarn),0.47
harmonics_noaa_cptt.txt,"T'u-ko-k'u Kang, Taiwan",cptt-1461,2.859,0.1338,0.3826,0.084,0.24,0.25,1,3.27,3.42,,,,,anwenden (Nachbarn),0.47
harmonics_noaa_cptt.txt,"Ta-an Kang, Taiwan",cptt-1463,2.94,0.1825,0.5366,0.097,0.286,,0,3.85,4.02,,,,,anwenden (nur Buch),0.45
harmonics_noaa_cptt.txt,"Hou-lung Po-ti, Taiwan",cptt-1465,2.968,0.1825,0.5417,0.103,0.307,,0,3.62,3.79,,,,,anwenden (nur Buch),0.44
harmonics_noaa_cptt.txt,"Tan-shui Kang, Taiwan",cptt-1467,2.923,0.1095,0.3201,0.1,0.292,,0,2.24,2.35,,,,,anwenden (nur Buch),0.45
harmonics_noaa_cptt.txt,"Ch'i-mei Yu, Taiwan",cptt-1469,2.829,0.0426,0.1205,0.072,0.203,,0,1.22,1.27,,,,,anwenden (nur Buch),0.48
harmonics_noaa_cptt.txt,"Pa-chao Yu, Taiwan",cptt-1471,2.733,0.0426,0.1164,0.065,0.177,0.2,1,1.34,1.41,,,,,anwenden (Nachbarn),0.49
harmonics_noaa_cptt.txt,"Tung-p'an Hsu, Taiwan",cptt-1473,2.785,0.0608,0.1693,0.064,0.177,,0,1.96,2.05,,,,,anwenden (nur Buch),0.49
harmonics_noaa_cptt.txt,"Pei-liao, Taiwan",cptt-1477,2.927,0.1095,0.3205,0.099,0.289,,0,2.28,2.38,,,,,anwenden (nur Buch),0.45
harmonics_noaa_cptt.txt,"Chi-pei Tao, Taiwan",cptt-1481,2.869,0.1095,0.3142,0.084,0.242,,0,2.67,2.78,,,,,anwenden (nur Buch),0.47
harmonics_noaa_cptt.txt,"Shizhen (Zhongwai Yu), Fujian, China",cptt-1483,2.954,0.2349,0.6939,0.121,0.359,,0,4.02,4.19,,,,,anwenden (nur Buch),0.25
harmonics_noaa_cptt.txt,"Wutongdao, Fujian, China",cptt-1485,2.899,0.2129,0.6172,0.107,0.312,,0,4.14,4.29,,,,,anwenden (nur Buch),0.25
harmonics_noaa_cptt.txt,"Dadan Dao [Amoy, outer harbor], Fujian, China",cptt-1487,2.949,0.1909,0.5631,0.099,0.291,0.219,1,4.05,4.19,,,,,anwenden (Nachbarn),0.26
harmonics_noaa_cptt.txt,"Qianyan [Knob Rock], Fujian, China",cptt-1491,1.411,0.052,0.0734,0.029,0.041,0.2,1,3.73,3.86,,,,,anwenden (Nachbarn),0.32
harmonics_noaa_cptt.txt,"Nanao Dao (Yunao Wan), Guangdong, China",cptt-1493,3.517,0.0195,0.0686,0.024,0.085,,0,1.9,1.78,,,,,anwenden (nur Buch),1.2
harmonics_noaa_cptt.txt,"Dahao, Guangdong, China",cptt-1497,6.809,0.0295,0.2009,0.059,0.4,,0,1.15,1.11,,,,,pruefen (grosser Faktor ohne Beleg),0.93
harmonics_noaa_cptt.txt,"Biaojiao, Guangdong, China",cptt-1499,6.095,0.0295,0.1798,0.042,0.257,,0,1.6,1.54,,,,,pruefen (grosser Faktor ohne Beleg),1.04
harmonics_noaa_cptt.txt,"Dahao Dock, Guangdong, China",cptt-1501,6.287,0.0295,0.1855,0.05,0.312,,0,1.36,1.31,,,,,pruefen (grosser Faktor ohne Beleg),0.99
harmonics_noaa_cptt.txt,"Haimen Wan, Guangdong, China",cptt-1503,6.586,0.0295,0.1943,0.059,0.387,,0,1.15,1.11,,,,,pruefen (grosser Faktor ohne Beleg),0.94
harmonics_noaa_cptt.txt,"Shibeshan Jiao, Guangdong, China",cptt-1505,5.65,0.0177,0.1,0.035,0.199,0.5,1,1.16,1.11,,,,,anwenden (Nachbarn),1.09
harmonics_noaa_cptt.txt,"Peng Chau, Hong Kong",cptt-1507,11.17,0.0887,0.9908,0.219,2.446,,0,1.27,1.01,,,,,pruefen (grosser Faktor ohne Beleg),0.52
harmonics_noaa_cptt.txt,"Jones Cove, Hong Kong",cptt-1509,6.235,0.0733,0.457,0.181,1.128,,0,1.27,1.01,,,,,pruefen (grosser Faktor ohne Beleg),0.84
harmonics_noaa_cptt.txt,"Tide Cove, Hong Kong",cptt-1511,9.767,0.0887,0.8664,0.219,2.139,,0,1.27,1.01,,,,,pruefen (grosser Faktor ohne Beleg),0.57
harmonics_noaa_cptt.txt,"Port Shelter, Hong Kong",cptt-1513,8.226,0.0887,0.7296,0.219,1.802,,0,1.27,1.01,,,,,pruefen (grosser Faktor ohne Beleg),0.64
harmonics_noaa_cptt.txt,"Taitam Bay, Hong Kong",cptt-1515,6.989,0.0694,0.4851,0.184,1.283,,0,1.18,0.94,,,,,pruefen (grosser Faktor ohne Beleg),0.78
harmonics_noaa_cptt.txt,"Aberdeen Harbor, Hong Kong",cptt-1517,7.243,0.0694,0.5027,0.184,1.33,,0,1.18,0.94,,,,,pruefen (grosser Faktor ohne Beleg),0.77
harmonics_noaa_cptt.txt,"Wen Wei Rock, Guangdong, China",cptt-1521,15.0,0.0887,1.3305,0.299,4.48,0.333,1,0.94,0.74,,,,,pruefen (Faktor an der Grenze),0.33
harmonics_noaa_cptt.txt,"Wai-ling-ting, Hong Kong",cptt-1523,6.572,0.0694,0.4561,0.161,1.056,0.39,1,1.35,1.07,,,,,lassen (Nachbarn),0.87
harmonics_noaa_cptt.txt,"Kapshui Mun, Hong Kong",cptt-1525,9.998,0.0926,0.9259,0.202,2.017,,0,1.44,1.14,,,,,pruefen (grosser Faktor ohne Beleg),0.59
harmonics_noaa_cptt.txt,"West Brother, Hong Kong",cptt-1527,11.708,0.0849,0.994,0.17,1.99,,0,1.56,1.24,,,,,pruefen (grosser Faktor ohne Beleg),0.6
harmonics_noaa_cptt.txt,"Macao Harbor, Guangdong, China",cptt-1529,7.72,0.0733,0.5659,0.151,1.164,0.401,1,1.52,1.21,,,,,lassen (Nachbarn),0.82
harmonics_noaa_cptt.txt,"Sishengwei, Guangdong, China",cptt-1531,2.265,0.0428,0.0969,0.039,0.088,,0,2.73,2.41,,,,,anwenden (nur Buch),0.79
harmonics_noaa_cptt.txt,"Sanshakou, Guangdong, China",cptt-1533,2.233,0.0428,0.0956,0.041,0.091,,0,2.63,2.31,,,,,anwenden (nur Buch),0.79
harmonics_noaa_cptt.txt,"Nizhoutou, Guangdong, China",cptt-1535,2.087,0.0428,0.0893,0.039,0.082,,0,2.74,2.41,,,,,anwenden (nur Buch),0.8
harmonics_noaa_cptt.txt,"Haixin, Guangdong, China",cptt-1537,2.132,0.0428,0.0912,0.039,0.083,,0,2.74,2.41,,,,,anwenden (nur Buch),0.8
harmonics_noaa_cptt.txt,"Dasheng, Guangdong, China",cptt-1539,0.5,0.032,0.016,0.03,0.015,,0,2.61,2.31,,,,,pruefen (Faktor an der Grenze),0.85
harmonics_noaa_cptt.txt,"Chisha (Lighthouse), Guangdong, China",cptt-1541,2.049,0.0428,0.0877,0.041,0.083,,0,2.61,2.31,,,,,anwenden (nur Buch),0.8
harmonics_noaa_cptt.txt,"Bazhou, Guangzhou, Guangdong, China",cptt-1545,2.222,0.0428,0.0951,0.045,0.101,,0,2.27,2.08,,,,,anwenden (nur Buch),0.78
harmonics_noaa_cptt.txt,"Chikanzi (Hongkan Wan), Guangdong, China",cptt-1547,7.622,0.022,0.1677,0.1,0.765,,0,1.15,1.21,,,,,pruefen (grosser Faktor ohne Beleg),2.34
harmonics_noaa_cptt.txt,"Haian, Guangdong, China",cptt-1549,15.0,0.0409,0.6135,0.156,2.342,,0,1.3,1.44,,,,,pruefen (Faktor an der Grenze),1.23
harmonics_noaa_cptt.txt,"Dengmai Wan, Hainan, China",cptt-1551,15.0,0.0944,1.416,0.25,3.749,,0,1.69,2.08,,,,,pruefen (Faktor an der Grenze),0.87
harmonics_noaa_cptt.txt,"Haikoushi [Hai-k'ou, Hoihow], Hainan, China",cptt-1555,15.0,0.0315,0.4725,0.157,2.35,,0,1.05,1.11,,,,,pruefen (Faktor an der Grenze),1.23
harmonics_noaa_cptt.txt,"Puqian, Hainan, China",cptt-1557,10.628,0.022,0.2338,0.1,1.066,,0,1.22,1.21,,,,,pruefen (grosser Faktor ohne Beleg),2.0
harmonics_noaa_cptt.txt,"Dongxicun, Hainan, China",cptt-1559,1.166,0.0139,0.0162,0.059,0.068,,0,1.34,1.31,,,,,pruefen (eintaegige Tide ohne Beleg),3.86
harmonics_noaa_cptt.txt,"Yinggehai, China",cptt-1561,15.0,0.018,0.27,0.079,1.183,,0,1.16,1.21,,,,,pruefen (Faktor an der Grenze),1.87
harmonics_noaa_cptt.txt,"Kuwei Jiao, Vietnam",cptt-1563,15.0,0.0724,1.086,0.212,3.183,,0,1.48,1.88,,,,,pruefen (Faktor an der Grenze),0.99
harmonics_noaa_cptt.txt,"Weizhou Dao, China",cptt-1565,15.0,0.0554,0.831,0.103,1.543,,0,2.57,2.85,,,,,pruefen (Faktor an der Grenze),1.61
harmonics_noaa_cptt.txt,"Off Beihai, Vietnam",cptt-1569,15.0,0.054,0.81,0.081,1.217,,0,3.27,3.52,,,,,pruefen (Faktor an der Grenze),1.84
harmonics_noaa_cptt.txt,"Dafeng Jiang, Vietnam",cptt-1571,15.0,0.054,0.81,0.093,1.389,,0,2.98,3.08,,,,,pruefen (Faktor an der Grenze),1.71
harmonics_noaa_cptt.txt,"Sanniang Wan, Vietnam",cptt-1573,15.0,0.054,0.81,0.093,1.389,,0,2.82,3.08,,,,,pruefen (Faktor an der Grenze),1.71
harmonics_noaa_cptt.txt,"Pulau Bukum, Indonesia",cptt-1705,3.075,0.1358,0.4176,0.151,0.464,0.434,1,1.94,2.05,,,,,anwenden (Nachbarn),0.48
harmonics_noaa_cptt.txt,"Bandaraya Melaka, Malaysia",cptt-1707,2.823,0.1018,0.2873,0.157,0.443,0.463,2,1.4,1.48,,,,,anwenden (Nachbarn),0.49
harmonics_noaa_cptt.txt,"Pelabuhan Klang, Malaysia",cptt-1709,3.17,0.2715,0.8608,0.192,0.608,0.502,3,3.0,3.22,,,,,anwenden (Nachbarn),0.44
harmonics_noaa_cptt.txt,"Bagan Datuk (Sungai Perak), Malaysia",cptt-1711,3.101,0.1358,0.4211,0.159,0.492,0.491,2,1.87,1.94,,,,,anwenden (Nachbarn),0.47
harmonics_noaa_cptt.txt,"Lumut (Sungai Dinding), Malaysia",cptt-1713,4.517,0.1969,0.8894,0.278,1.256,0.471,2,1.62,1.61,,,,,lassen (Nachbarn),0.31
harmonics_noaa_cptt.txt,"George Town (Selat Pulau Pinang), Malaysia",cptt-1715,1.84,0.1964,0.3613,0.311,0.573,0.594,2,1.38,1.44,,,,,anwenden (Nachbarn),0.25
harmonics_noaa_cptt.txt,"Ko Lela, Satun, Thailand",cptt-1717,1.87,0.2791,0.5219,0.302,0.564,0.576,1,1.97,2.11,,,,,anwenden (Nachbarn),0.25
harmonics_noaa_cptt.txt,"Banda Aceh (Ulee Lheue), Sumatra, Indonesia",cptt-1725,1.674,0.1139,0.1907,0.257,0.43,0.405,1,0.92,1.01,,,,,anwenden (Nachbarn),0.26
harmonics_noaa_cptt.txt,"Sigli, Sumatra, Indonesia",cptt-1727,1.889,0.148,0.2795,0.385,0.726,0.706,1,0.82,0.87,,,,,anwenden (Nachbarn),0.21
harmonics_noaa_cptt.txt,"Lhokseumawe, Sumatra, Indonesia",cptt-1729,1.809,0.1708,0.3089,0.339,0.614,0.475,1,1.06,1.14,,,,,lassen (Nachbarn),0.23
harmonics_noaa_cptt.txt,"Idi, Sumatra, Indonesia",cptt-1731,1.775,0.1594,0.2829,0.317,0.562,0.532,1,1.06,1.14,,,,,anwenden (Nachbarn),0.23
harmonics_noaa_cptt.txt,"Langsa Bay, Sumatra, Indonesia",cptt-1733,1.759,0.205,0.3605,0.33,0.58,0.589,1,1.35,1.41,,,,,anwenden (Nachbarn),0.23
harmonics_noaa_cptt.txt,"Sembilan Channel, Aroe Bay, Sumatra, Indonesia",cptt-1735,1.606,0.1964,0.3155,0.285,0.457,0.571,1,1.6,1.58,,,,,anwenden (Nachbarn),0.27
harmonics_noaa_cptt.txt,"Tanjong Tiram, Sumatra, Indonesia",cptt-1739,1.829,0.1964,0.3593,0.262,0.48,0.465,1,1.58,1.71,,,,,anwenden (Nachbarn),0.26
harmonics_noaa_cptt.txt,"Asahan River entrance, Sumatra, Indonesia",cptt-1741,1.526,0.3574,0.5452,0.336,0.512,0.463,1,2.22,2.45,,,,,anwenden (Nachbarn),0.09
harmonics_noaa_cptt.txt,"Berembang, Sungi Panai, Sumatra, Indonesia",cptt-1743,1.462,0.3574,0.5224,0.288,0.421,0.425,1,2.57,2.85,,,,,anwenden (Nachbarn),0.09
harmonics_noaa_cptt.txt,"Labuhanbilik, Sungai Panai, Sumatra, Indonesia",cptt-1745,1.494,0.419,0.6258,0.319,0.477,0.492,1,2.73,3.02,,,,,anwenden (Nachbarn),0.09
harmonics_noaa_cptt.txt,"Bagan-siapiapi, Sungi Rokan, Sumatra, Indonesia",cptt-1747,1.534,0.6161,0.9451,0.343,0.527,0.529,1,3.75,4.12,,,,,anwenden (Nachbarn),0.09
harmonics_noaa_cptt.txt,"Bengkalis, Sumatra, Indonesia",cptt-1749,1.779,0.225,0.4002,0.269,0.479,0.474,1,1.88,1.88,,,,,anwenden (Nachbarn),0.25
harmonics_noaa_cptt.txt,"Siak River entrance, Sumatra, Indonesia",cptt-1751,1.951,0.2148,0.4191,0.282,0.55,0.588,1,1.65,1.71,,,,,anwenden (Nachbarn),0.24
harmonics_noaa_cptt.txt,"Selat-pandjang, Sumatra, Indonesia",cptt-1753,1.929,0.2864,0.5525,0.259,0.5,0.35,1,2.29,2.48,,,,,lassen (Nachbarn),0.25
harmonics_noaa_cptt.txt,"Balai Point, Gelam Strait, Sumatra, Indonesia",cptt-1755,1.784,0.2619,0.4673,0.305,0.544,0.551,1,1.79,1.94,,,,,anwenden (Nachbarn),0.24
harmonics_noaa_cptt.txt,"Pulo Kenipaan, Gelam Strait, Sumatra, Indonesia",cptt-1757,1.668,0.2277,0.3798,0.23,0.383,0.358,1,2.05,2.25,,,,,anwenden (Nachbarn),0.26
harmonics_noaa_cptt.txt,"Bandung, Pulo Mendol, Sumatra, Indonesia",cptt-1759,1.785,0.3416,0.6097,0.308,0.549,0.56,1,2.34,2.51,,,,,anwenden (Nachbarn),0.24
harmonics_noaa_cptt.txt,"Pulo Muda, Kampar River, Sumatra, Indonesia",cptt-1761,1.491,0.353,0.5264,0.259,0.387,,0,3.04,3.08,,,,,anwenden (nur Buch),0.26
harmonics_noaa_cptt.txt,"Bangkai Anchorage, Sebuku Island, Java, Indonesia",cptt-1823,1.597,0.0911,0.1455,0.28,0.447,0.552,1,0.72,0.74,,,,,anwenden (Nachbarn),0.25
harmonics_noaa_cptt.txt,"Tulukbetung, Lampung Bay, Java, Indonesia",cptt-1825,1.594,0.0911,0.1452,0.268,0.427,0.438,1,0.75,0.77,,,,,anwenden (Nachbarn),0.26
harmonics_noaa_cptt.txt,"Kotaagung, Semangka Bay, Java, Indonesia",cptt-1827,1.517,0.1052,0.1596,0.349,0.529,0.469,1,0.76,0.77,,,,,anwenden (Nachbarn),0.43
harmonics_noaa_cptt.txt,"Enggano Bay, Enggano Island, Indonesia",cptt-1829,1.431,0.0701,0.1003,0.243,0.348,0.367,1,0.71,0.74,,,,,anwenden (Nachbarn),0.49
harmonics_noaa_cptt.txt,"Benkulu, Indonesia",cptt-1831,1.482,0.0935,0.1386,0.31,0.459,0.438,1,0.76,0.77,,,,,anwenden (Nachbarn),0.45
harmonics_noaa_cptt.txt,"Sawangtungku, North Pagai Island, Sumatra, Indonesia",cptt-1833,1.494,0.0818,0.1222,0.271,0.405,0.452,1,0.74,0.77,,,,,anwenden (Nachbarn),0.47
harmonics_noaa_cptt.txt,"Siberut Bay, Siberut Island, Sumatra, Indonesia",cptt-1835,1.452,0.0701,0.1018,0.243,0.353,0.4,1,0.71,0.74,,,,,anwenden (Nachbarn),0.49
harmonics_noaa_cptt.txt,"Padang, Sumatra, Indonesia",cptt-1837,1.481,0.0935,0.1385,0.274,0.406,0.423,2,0.84,0.87,,,,,anwenden (Nachbarn),0.47
harmonics_noaa_cptt.txt,"Telo Island, Batoe Islands, Nias, Indonesia",cptt-1839,1.747,0.0935,0.1634,0.396,0.692,0.625,1,0.58,0.6,,,,,anwenden (Nachbarn),0.39
harmonics_noaa_cptt.txt,"Ajerbangis, Sumatra, Indonesia",cptt-1841,1.733,0.0935,0.162,0.356,0.617,0.556,1,0.64,0.67,,,,,anwenden (Nachbarn),0.41
harmonics_noaa_cptt.txt,"Natal, Sumatra, Indonesia",cptt-1843,1.622,0.0935,0.1517,0.356,0.578,0.464,1,0.65,0.67,,,,,lassen (Nachbarn),0.42
harmonics_noaa_cptt.txt,"Telukdalem, Nias Island, Nias, Indonesia",cptt-1845,1.556,0.0584,0.0909,0.278,0.433,0.446,2,0.51,0.54,,,,,anwenden (Nachbarn),0.46
harmonics_noaa_cptt.txt,"Simanari Bay, Nias Island, Nias, Indonesia",cptt-1847,1.787,0.0818,0.1462,0.416,0.743,0.65,1,0.49,0.5,,,,,anwenden (Nachbarn),0.38
harmonics_noaa_cptt.txt,"Barus, Sumatra, Indonesia",cptt-1851,1.694,0.0935,0.1584,0.375,0.635,0.64,1,0.62,0.64,,,,,anwenden (Nachbarn),0.4
harmonics_noaa_cptt.txt,"Singkil, Sumatra, Indonesia",cptt-1853,1.625,0.0818,0.1329,0.39,0.633,0.545,1,0.53,0.54,,,,,anwenden (Nachbarn),0.4
harmonics_noaa_cptt.txt,"Sinabang Bay, Pulo Simalur, Sumatra, Indonesia",cptt-1855,1.664,0.0467,0.0777,0.356,0.592,0.615,1,0.32,0.34,,,,,anwenden (Nachbarn),0.41
harmonics_noaa_cptt.txt,"Tapaktuan, Sumatra, Indonesia",cptt-1857,1.538,0.0584,0.0898,0.342,0.526,0.444,1,0.43,0.44,,,,,anwenden (Nachbarn),0.43
harmonics_noaa_cptt.txt,"Meulaboh, Sumatra, Indonesia",cptt-1859,1.677,0.0467,0.0783,0.445,0.746,0.49,3,0.27,0.27,914_Meulaboh.csv,0.7,10.6,10.4,anwenden (Pegel),0.38
harmonics_noaa_cptt.txt,"Tjalang Bay, Sumatra, Indonesia",cptt-1861,1.668,0.0584,0.0974,0.405,0.675,,0,0.36,0.37,,,,,anwenden (nur Buch),0.39
harmonics_noaa_cptt.txt,"Pulau Rusa, Sumatra, Indonesia",cptt-1865,1.634,0.0584,0.0954,0.318,0.519,0.4,1,0.43,0.47,,,,,lassen (Nachbarn),0.43
harmonics_noaa_cptt.txt,"Banjuwangi, Bali Strait, Bali, Indonesia",cptt-1897,1.749,0.1344,0.235,0.254,0.445,0.49,1,1.1,1.21,,,,,anwenden (Nachbarn),0.27
harmonics_noaa_cptt.txt,"Genteng Bay, Java, Indonesia",cptt-1901,1.698,0.1034,0.1756,0.261,0.443,0.514,1,0.87,0.91,,,,,anwenden (Nachbarn),0.27
harmonics_noaa_cptt.txt,"Labuhan, Sunda Strait, Java, Indonesia",cptt-1903,1.596,0.0724,0.1156,0.197,0.315,0.343,1,0.81,0.84,,,,,anwenden (Nachbarn),0.3
harmonics_noaa_cptt.txt,"Tandjung Tjikoneng, Sunda Strait, Java, Indonesia",cptt-1905,1.656,0.062,0.1027,0.235,0.389,0.5,1,0.59,0.6,,,,,anwenden (Nachbarn),0.28
harmonics_noaa_cptt.txt,"Buleleng, Bali, Indonesia",cptt-1909,5.226,0.027,0.1411,0.087,0.454,0.517,1,0.96,0.77,,,,,anwenden (Nachbarn),1.23
harmonics_noaa_cptt.txt,"Bima Bay, Sumba, Indonesia",cptt-1915,2.734,0.0308,0.0842,0.083,0.227,0.286,1,0.88,0.84,,,,,anwenden (Nachbarn),0.76
harmonics_noaa_cptt.txt,"Sape Bay, Sumba, Indonesia",cptt-1917,2.868,0.0513,0.1471,0.099,0.283,0.367,1,1.28,1.17,,,,,anwenden (Nachbarn),0.73
harmonics_noaa_cptt.txt,"Sendikari Bay, Sumba, Indonesia",cptt-1919,1.816,0.2791,0.507,0.284,0.516,0.584,1,2.07,2.25,,,,,anwenden (Nachbarn),0.26
harmonics_noaa_cptt.txt,"Nangamesi Bay, Sumba, Indonesia",cptt-1921,1.781,0.2378,0.4235,0.27,0.481,0.494,1,1.84,2.01,,,,,anwenden (Nachbarn),0.26
harmonics_noaa_cptt.txt,"Tuluk Perapat, Sumba, Indonesia",cptt-1923,1.671,0.2068,0.3456,0.22,0.368,0.539,1,1.95,2.15,,,,,anwenden (Nachbarn),0.29
harmonics_noaa_cptt.txt,"Ende Bay, Sumba, Indonesia",cptt-1925,1.79,0.2481,0.444,0.273,0.488,0.554,1,1.9,2.08,,,,,anwenden (Nachbarn),0.26
harmonics_noaa_cptt.txt,"Kalabahi, Indonesia",cptt-1927,1.667,0.1654,0.2757,0.221,0.368,0.408,1,1.58,1.71,,,,,anwenden (Nachbarn),0.29
harmonics_noaa_cptt.txt,"Kupang Bay, Indonesia",cptt-1929,1.824,0.1447,0.264,0.29,0.529,0.565,1,1.04,1.14,,,,,anwenden (Nachbarn),0.26
harmonics_noaa_cptt.txt,"Atapupu, Indonesia",cptt-1931,1.784,0.1654,0.2951,0.268,0.479,0.554,1,1.29,1.41,,,,,anwenden (Nachbarn),0.26
harmonics_noaa_cptt.txt,"Ritabel Bay, Larat Island, Yamdena, Indonesia",cptt-1933,1.365,0.1034,0.1411,0.168,0.229,0.283,1,1.41,1.41,,,,,anwenden (Nachbarn),0.32
harmonics_noaa_cptt.txt,"Dobo, Wamar Island, Aru Islands, Indonesia",cptt-1935,1.402,0.1137,0.1594,0.18,0.253,0.311,1,1.41,1.44,,,,,anwenden (Nachbarn),0.31
harmonics_noaa_cptt.txt,"Namlea, Kajeli Bay, Buru Island, Maluku, Indonesia",cptt-1941,3.0,0.0359,0.1077,0.101,0.302,0.353,1,0.85,0.8,,,,,anwenden (Nachbarn),0.72
harmonics_noaa_cptt.txt,"Taniwel, Seram Island, Maluku, Indonesia",cptt-1943,7.079,0.0236,0.1671,0.07,0.499,,0,0.77,0.74,,,,,pruefen (grosser Faktor ohne Beleg),0.87
harmonics_noaa_cptt.txt,"Sanana, Sula Sanana, Sula Islands, Indonesia",cptt-1945,7.159,0.0177,0.1267,0.053,0.378,,0,0.76,0.74,,,,,pruefen (grosser Faktor ohne Beleg),0.95
harmonics_noaa_cptt.txt,"Galela Bay, Halmahera Island, Indonesia",cptt-1947,1.947,0.1344,0.2616,0.305,0.594,0.561,1,0.94,1.01,,,,,anwenden (Nachbarn),0.25
harmonics_noaa_cptt.txt,"Ternate, Halmahera Island, Indonesia",cptt-1949,2.534,0.1285,0.3257,0.445,1.128,0.815,1,0.65,0.74,,,,,anwenden (Nachbarn),0.31
harmonics_noaa_cptt.txt,"Taruna Bay, Sangi Island, Sulawesi, Indonesia",cptt-1951,2.297,0.2103,0.4832,0.411,0.944,,0,1.14,1.31,,,,,anwenden (nur Buch),0.34
harmonics_noaa_cptt.txt,"Kolaka, Gulf of Boni, Indonesia",cptt-1955,2.705,0.0462,0.125,0.078,0.21,0.286,1,1.39,1.34,,,,,anwenden (Nachbarn),0.77
harmonics_noaa_cptt.txt,"Tampunawu, Muna Island, Indonesia",cptt-1957,2.707,0.0462,0.1251,0.076,0.205,0.298,1,1.42,1.37,,,,,anwenden (Nachbarn),0.77
harmonics_noaa_cptt.txt,"Lasolo Bay, Indonesia",cptt-1961,3.211,0.0513,0.1647,0.099,0.317,0.375,1,1.15,1.17,,,,,anwenden (Nachbarn),0.71
harmonics_noaa_cptt.txt,"Lingkobu, Indonesia",cptt-1963,5.373,0.0265,0.1424,0.051,0.275,0.362,1,1.24,1.14,,,,,anwenden (Nachbarn),1.02
harmonics_noaa_cptt.txt,"Teluk Lamala, Peling Strait, Indonesia",cptt-1965,7.133,0.0206,0.1469,0.068,0.483,0.6,1,0.69,0.67,,,,,anwenden (Nachbarn),0.88
harmonics_noaa_cptt.txt,"Poso, Indonesia",cptt-1967,2.099,0.1052,0.2208,0.382,0.801,1.0,1,0.6,0.7,,,,,anwenden (Nachbarn),0.37
harmonics_noaa_cptt.txt,"Manado, Sulawesi, Indonesia",cptt-1973,2.234,0.222,0.496,0.403,0.9,0.625,2,1.24,1.41,,,,,lassen (Nachbarn),0.35
harmonics_noaa_cptt.txt,"Tolitoli Bay, Indonesia",cptt-1975,2.75,0.2103,0.5784,0.471,1.296,0.833,1,1.01,1.14,,,,,lassen (Nachbarn),0.29
harmonics_noaa_cptt.txt,"Donggala, Borneo, Indonesia",cptt-1977,2.396,0.222,0.5318,0.434,1.039,0.851,1,1.15,1.31,,,,,anwenden (Nachbarn),0.32
harmonics_noaa_cptt.txt,"Bakapit (Darvel Bay), Malaysia",cptt-1979,2.116,0.187,0.3958,0.375,0.794,0.86,1,1.12,1.27,,,,,anwenden (Nachbarn),0.37
harmonics_noaa_cptt.txt,"Tawau, Malaysia",cptt-1985,2.046,0.2688,0.55,0.359,0.735,0.585,2,1.69,1.91,,,,,anwenden (Nachbarn),0.38
harmonics_noaa_cptt.txt,"Lingkas, Tarakan Island, Indonesia",cptt-1987,2.206,0.3272,0.7217,0.384,0.846,0.598,1,1.88,2.18,,,,,lassen (Nachbarn),0.36
harmonics_noaa_cptt.txt,"Biwan Mouth, Kajan River, Indonesia",cptt-1989,2.195,0.3155,0.6925,0.401,0.88,0.646,1,1.82,2.01,,,,,anwenden (Nachbarn),0.35
harmonics_noaa_cptt.txt,"Tanjung Selor, Indonesia",cptt-1991,1.561,0.1169,0.1825,0.371,0.579,0.594,1,0.8,0.8,,,,,anwenden (Nachbarn),0.42
harmonics_noaa_cptt.txt,"Kasseimouth, Berau River, Indonesia",cptt-1993,2.181,0.3272,0.7136,0.396,0.863,,0,1.89,2.11,,,,,anwenden (nur Buch),0.35
harmonics_noaa_cptt.txt,"Haji Bank, Beraoe River, Indonesia",cptt-1995,1.548,0.2454,0.3798,0.353,0.546,,0,1.76,1.78,,,,,anwenden (nur Buch),0.43
harmonics_noaa_cptt.txt,"Miang Besar, Sangkulirang Bay, Borneo, Indonesia",cptt-1997,2.213,0.2103,0.4655,0.401,0.887,0.654,1,1.17,1.34,,,,,anwenden (Nachbarn),0.35
harmonics_noaa_cptt.txt,"Sangkulirang, Sangkulirang River, Borneo, Indonesia",cptt-1999,2.515,0.3272,0.823,0.445,1.12,0.812,1,1.68,1.88,,,,,anwenden (Nachbarn),0.31
harmonics_noaa_cptt.txt,"Samarinda, Kutei River, Borneo, Indonesia",cptt-2003,1.683,0.1636,0.2753,0.39,0.656,0.619,1,1.05,1.07,,,,,anwenden (Nachbarn),0.4
harmonics_noaa_cptt.txt,"Balik Papan, Borneo, Indonesia",cptt-2005,2.708,0.3155,0.8545,0.462,1.252,1.0,2,1.54,1.74,,,,,anwenden (Nachbarn),0.29
harmonics_noaa_cptt.txt,"Tanahgrogot, Pasir River, Borneo, Indonesia",cptt-2007,1.82,0.2805,0.5106,0.396,0.721,0.746,1,1.73,1.81,,,,,anwenden (Nachbarn),0.38
harmonics_noaa_cptt.txt,"Aru Bank, Borneo, Indonesia",cptt-2009,2.768,0.0935,0.2588,0.475,1.315,1.0,1,0.44,0.5,,,,,anwenden (Nachbarn),0.28
harmonics_noaa_cptt.txt,"Pamukan Bay, Borneo, Indonesia",cptt-2011,2.214,0.2571,0.5691,0.4,0.885,0.683,1,1.43,1.64,,,,,anwenden (Nachbarn),0.35
harmonics_noaa_cptt.txt,"Klumpeng Bay, Borneo, Indonesia",cptt-2013,2.711,0.2688,0.7287,0.466,1.262,1.102,1,1.29,1.48,,,,,anwenden (Nachbarn),0.29
harmonics_noaa_cptt.txt,"Kampung Baru, Laut Strait, Borneo, Indonesia",cptt-2015,2.498,0.1987,0.4963,0.445,1.112,1.324,1,1.02,1.14,,,,,anwenden (Nachbarn),0.31
harmonics_noaa_cptt.txt,"Pamangkat, Sambas-besar River, Borneo, Indonesia",cptt-2043,3.322,0.0178,0.0591,0.074,0.245,0.192,1,0.54,0.6,,,,,anwenden (Nachbarn),1.18
harmonics_noaa_cptt.txt,"Tandjung Datu, Borneo, Indonesia",cptt-2045,1.371,0.1028,0.141,0.115,0.158,0.189,1,2.06,2.08,,,,,anwenden (Nachbarn),0.43
harmonics_noaa_cptt.txt,"Kuching (Sungai Sarawak), Malaysia",cptt-2047,1.529,0.2468,0.3774,0.176,0.27,0.286,1,3.27,3.25,,,,,anwenden (Nachbarn),0.39
harmonics_noaa_cptt.txt,"Pulau Lakei (Sungai Sarawak), Malaysia",cptt-2049,1.642,0.2571,0.4221,0.207,0.34,0.311,2,2.86,2.88,,,,,anwenden (Nachbarn),0.37
harmonics_noaa_cptt.txt,"Koror, Palau",cptt-2637,2.684,0.0874,0.2345,0.152,0.409,0.392,2,1.19,1.27,,,,,anwenden (Nachbarn),0.46
harmonics_noaa_cptt.txt,"Tomil Harbor, Yap Island, Micronesia",cptt-2645,2.587,0.0583,0.1508,0.133,0.344,0.353,1,0.9,0.97,,,,,anwenden (Nachbarn),0.48
harmonics_noaa_cptt.txt,"Ulithi Islands, Micronesia",cptt-2647,2.624,0.0583,0.153,0.148,0.39,0.389,1,0.81,0.87,,,,,anwenden (Nachbarn),0.46
harmonics_noaa_cptt.txt,"Woleai Islands, Micronesia",cptt-2649,12.506,0.0038,0.0475,0.019,0.236,0.158,1,0.53,0.47,,,,,anwenden (Nachbarn),1.4
harmonics_noaa_cptt.txt,"Lamotrek Atoll, Micronesia",cptt-2653,6.27,0.0029,0.0182,0.017,0.105,0.133,1,0.46,0.4,,,,,anwenden (Nachbarn),1.56
harmonics_noaa_cptt.txt,"Marcus Island, Tokyo, Japan",cptt-2675,2.764,0.067,0.1852,0.339,0.937,0.601,2,0.46,0.5,MC.txt,1.16,27.5,29.9,lassen (Pegel schlechter),0.48
harmonics_noaa_cptt.txt,"Oroluk Lagoon, Micronesia",cptt-2677,2.528,0.0574,0.1451,0.272,0.688,,0,0.47,0.54,,,,,anwenden (nur Buch),0.55
harmonics_noaa_cptt.txt,"Ant Islands (Tauenai Channel), Micronesia",cptt-2679,3.06,0.0957,0.2928,0.363,1.111,,0,0.59,0.67,,,,,anwenden (nur Buch),0.44
harmonics_noaa_cptt.txt,"Metalanim Harbor, Pohnpei Island, Micronesia",cptt-2683,3.057,0.1149,0.3512,0.349,1.067,0.719,1,0.75,0.84,,,,,anwenden (Nachbarn),0.45
harmonics_noaa_cptt.txt,"Lele Harbor, Kusaie Island, Micronesia",cptt-2685,1.742,0.1603,0.2793,0.347,0.604,0.619,1,0.97,1.07,,,,,anwenden (Nachbarn),0.22
harmonics_noaa_cptt.txt,"Ujelang Atoll, Marshall Islands",cptt-2689,1.685,0.126,0.2123,0.312,0.525,0.568,1,0.84,0.94,,,,,anwenden (Nachbarn),0.23
harmonics_noaa_cptt.txt,"Enewetak, Marshall Islands",cptt-2691,1.736,0.1374,0.2385,0.352,0.612,,0,0.82,0.91,,,,,anwenden (nur Buch),0.22
harmonics_noaa_cptt.txt,"Hao (Bow or La Harpe) Island, French Polynesia",cptt-2825,3.618,0.0257,0.093,0.085,0.308,,0,0.65,0.64,HAO_PASSE_KAKI.csv,1.88,10.9,11.3,lassen (Pegel schlechter),0.15
harmonics_noaa_cptt.txt,"Rahiroa (Rangiroa) Island, French Polynesia",cptt-2827,3.768,0.0206,0.0776,0.076,0.287,0.31,1,0.55,0.57,,,,,anwenden (Nachbarn),0.15
harmonics_noaa_cptt.txt,"Avarua, Rarotonga, Cook Islands",cptt-2845,3.694,0.0206,0.0761,0.072,0.266,0.261,1,0.59,0.6,,,,,anwenden (Nachbarn),0.15
harmonics_noaa_cptt.txt,"Suwarrow (Suvarov) Island, Cook Islands",cptt-2849,3.957,0.0257,0.1017,0.116,0.457,,0,0.46,0.47,,,,,anwenden (nur Buch),0.13
harmonics_noaa_cptt.txt,"Asau Harbor, Savaii Island, Samoa Islands",cptt-2853,2.529,0.0592,0.1497,0.121,0.307,,0,1.01,1.04,,,,,anwenden (nur Buch),0.15
harmonics_noaa_cptt.txt,"Niue Island, Niue",cptt-2861,3.727,0.0103,0.0384,0.029,0.11,0.06,1,0.72,0.74,,,,,lassen (Nachbarn),0.17
harmonics_noaa_cptt.txt,"Wallis Islands (France), Tuvalu",cptt-2863,2.527,0.0666,0.1683,0.114,0.289,,0,1.19,1.24,,,,,anwenden (nur Buch),0.15
harmonics_noaa_cptt.txt,"Neiafu, Tonga",cptt-2865,2.328,0.0296,0.0689,0.063,0.146,0.167,1,0.96,1.01,,,,,anwenden (Nachbarn),0.17
harmonics_noaa_cptt.txt,"Lifuka Island, Tonga",cptt-2867,2.189,0.0222,0.0486,0.049,0.106,0.12,1,0.93,0.97,,,,,anwenden (Nachbarn),0.17
harmonics_noaa_cptt.txt,"Nomuka, Tonga",cptt-2869,2.367,0.037,0.0876,0.071,0.168,,0,1.06,1.11,,,,,anwenden (nur Buch),0.16
harmonics_noaa_cptt.txt,"Nukualofa, Tonga",cptt-2871,2.314,0.037,0.0856,0.067,0.155,0.117,2,1.12,1.17,,,,,anwenden (Nachbarn),0.16
harmonics_noaa_cptt.txt,"Raoul or Sunday Island, New Zealand",cptt-2873,2.249,0.0222,0.0499,0.047,0.106,0.149,1,0.97,1.01,,,,,anwenden (Nachbarn),0.17
harmonics_noaa_cptt.txt,"Tailevu, Viti Levu Island, Fiji",cptt-2875,3.098,0.0416,0.1289,0.072,0.223,0.254,1,1.24,1.21,,,,,anwenden (Nachbarn),0.21
harmonics_noaa_cptt.txt,"Nandi Waters, Viti Levu, Fiji",cptt-2877,2.974,0.0416,0.1237,0.063,0.188,,0,1.42,1.37,,,,,anwenden (nur Buch),0.21
harmonics_noaa_cptt.txt,"Totoya Island, Fiji",cptt-2883,2.56,0.0156,0.0399,0.026,0.065,,0,1.26,1.27,,,,,anwenden (nur Buch),0.24
harmonics_noaa_cptt.txt,"Rotumah Island, Fiji",cptt-2897,1.654,0.1366,0.2259,0.264,0.436,,0,1.07,1.17,,,,,anwenden (nur Buch),0.25
harmonics_noaa_cptt.txt,"Tarawa Atoll, Kiribati",cptt-2911,1.708,0.2061,0.352,0.324,0.554,0.52,1,1.33,1.48,,,,,anwenden (Nachbarn),0.23
harmonics_noaa_cptt.txt,"Paterson Inlet, Stewart Island, Southland, New Zealand",cptt-2919,2.613,0.0547,0.1429,0.062,0.162,,0,1.81,1.84,,,,,anwenden (nur Buch),0.07
harmonics_noaa_cptt.txt,"Akaroa, Canterbury, New Zealand",cptt-2921,2.181,0.0304,0.0663,0.033,0.071,,0,1.9,1.94,,,,,anwenden (nur Buch),0.07
harmonics_noaa_cptt.txt,"Oamaru, Canterbury, New Zealand",cptt-2925,2.571,0.0426,0.1095,0.058,0.148,0.177,1,1.51,1.54,,,,,anwenden (Nachbarn),0.07
harmonics_noaa_cptt.txt,"Port Chalmers, Otago Harbor, Otago, New Zealand",cptt-2929,2.414,0.0365,0.0881,0.045,0.107,0.128,2,1.67,1.71,669_Port_Chalmers.csv,2.02,16.1,16.4,lassen (Pegel schlechter),0.07
harmonics_noaa_cptt.txt,"Dunedin, Otago Harbor, Otago, New Zealand",cptt-2931,2.279,0.0304,0.0693,0.036,0.083,0.112,1,1.71,1.74,,,,,anwenden (Nachbarn),0.07
harmonics_noaa_cptt.txt,"Nugget Point, Otago, New Zealand",cptt-2933,2.509,0.0426,0.1069,0.052,0.13,,0,1.67,1.71,,,,,anwenden (nur Buch),0.07
harmonics_noaa_cptt.txt,"Waipapa Point, Southland, New Zealand",cptt-2935,2.398,0.0426,0.1022,0.043,0.104,,0,2.0,2.05,,,,,anwenden (nur Buch),0.07
harmonics_noaa_cptt.txt,"New River, Southland, New Zealand",cptt-2939,2.473,0.0547,0.1353,0.049,0.12,,0,2.3,2.35,,,,,anwenden (nur Buch),0.07
harmonics_noaa_cptt.txt,"Colac Bay, Southland, New Zealand",cptt-2941,2.756,0.073,0.2012,0.081,0.224,,0,1.86,1.88,,,,,anwenden (nur Buch),0.06
harmonics_noaa_cptt.txt,"Preservation Inlet, Southland, New Zealand",cptt-2943,2.579,0.0608,0.1568,0.066,0.171,,0,1.9,1.91,,,,,anwenden (nur Buch),0.07
harmonics_noaa_cptt.txt,"Dusky Sound, Southland, New Zealand",cptt-2945,2.648,0.0669,0.1772,0.079,0.208,,0,1.77,1.78,,,,,anwenden (nur Buch),0.06
harmonics_noaa_cptt.txt,"Bligh Sound, Southland, New Zealand",cptt-2949,2.625,0.0608,0.1596,0.074,0.195,,0,1.7,1.71,,,,,anwenden (nur Buch),0.06
harmonics_noaa_cptt.txt,"Haast River entrance, Canterbury, New Zealand",cptt-2955,2.646,0.0669,0.177,0.079,0.208,,0,1.75,1.78,,,,,anwenden (nur Buch),0.06
harmonics_noaa_cptt.txt,"Bruce Bay, Canterbury, New Zealand",cptt-2957,2.646,0.0669,0.177,0.076,0.2,,0,1.81,1.84,,,,,anwenden (nur Buch),0.06
harmonics_noaa_cptt.txt,"Okarito, Canterbury, New Zealand",cptt-2959,2.636,0.0669,0.1763,0.074,0.196,,0,1.84,1.88,,,,,anwenden (nur Buch),0.06
harmonics_noaa_cptt.txt,"Hokitika Bar, Canterbury, New Zealand",cptt-2961,2.745,0.079,0.2168,0.086,0.237,,0,1.88,1.91,,,,,anwenden (nur Buch),0.06
harmonics_noaa_cptt.txt,"Greymouth, Canterbury, New Zealand",cptt-2963,2.795,0.0851,0.2379,0.09,0.251,,0,1.94,1.98,,,,,anwenden (nur Buch),0.06
harmonics_noaa_cptt.txt,"West Haven Inlet, Nelson, New Zealand",cptt-2967,2.698,0.0912,0.246,0.076,0.204,,0,2.47,2.51,,,,,anwenden (nur Buch),0.06
harmonics_noaa_cptt.txt,"Motupipi River entrance, Nelson, New Zealand",cptt-2969,2.688,0.1399,0.376,0.074,0.2,,0,3.85,3.92,,,,,anwenden (nur Buch),0.06
harmonics_noaa_cptt.txt,"Astrolabe Road, Nelson, New Zealand",cptt-2971,2.821,0.1885,0.5318,0.095,0.269,,0,4.05,4.12,,,,,anwenden (nur Buch),0.06
harmonics_noaa_cptt.txt,"Croixilles Harbor, Nelson, New Zealand",cptt-2975,2.621,0.1095,0.287,0.066,0.173,0.307,1,3.39,3.45,,,,,anwenden (Nachbarn),0.07
harmonics_noaa_cptt.txt,"Greville Harbor, D'Urville Island, Nelson, New Zealand",cptt-2977,2.967,0.1581,0.4691,0.12,0.356,0.307,1,2.7,2.75,,,,,anwenden (Nachbarn),0.06
harmonics_noaa_cptt.txt,"Stephens Island, Nelson, New Zealand",cptt-2979,2.526,0.0547,0.1382,0.056,0.141,,0,2.0,2.05,,,,,anwenden (nur Buch),0.07
harmonics_noaa_cptt.txt,"Elmslie Bay, Nelson, New Zealand",cptt-2981,2.556,0.073,0.1866,0.059,0.151,,0,2.53,2.58,,,,,anwenden (nur Buch),0.07
harmonics_noaa_cptt.txt,"Pelorus Sound entrance, Nelson, New Zealand",cptt-2983,2.642,0.0669,0.1768,0.068,0.18,,0,2.0,2.05,,,,,anwenden (nur Buch),0.07
harmonics_noaa_cptt.txt,"Cape Campbell, Wellington, New Zealand",cptt-2989,8.422,0.0088,0.0741,0.013,0.107,,0,1.44,1.44,,,,,pruefen (grosser Faktor ohne Beleg),0.11
harmonics_noaa_cptt.txt,"Kaikoura Peninsula, Nelson, New Zealand",cptt-2991,7.939,0.0088,0.0699,0.012,0.094,0.04,1,1.53,1.54,,,,,lassen (Nachbarn),0.11
harmonics_noaa_cptt.txt,"Clyde, Wairoa River, Gisborne, New Zealand",cptt-2997,8.084,0.0088,0.0711,0.012,0.098,,0,1.51,1.51,,,,,pruefen (grosser Faktor ohne Beleg),0.11
harmonics_noaa_cptt.txt,"Napier, Gisborne, New Zealand",cptt-2999,9.247,0.0058,0.0536,0.008,0.075,0.06,2,1.47,1.48,668_Napier.csv,0.04,13.2,14.5,lassen (Pegel schlechter),0.11
harmonics_noaa_cptt.txt,"Cape Palliser, Wellington, New Zealand",cptt-3001,7.975,0.0058,0.0463,0.01,0.082,,0,1.17,1.17,,,,,pruefen (grosser Faktor ohne Beleg),0.11
harmonics_noaa_cptt.txt,"Porirua Harbor, Wellington, New Zealand",cptt-3005,3.144,0.0851,0.2675,0.156,0.49,,0,1.12,1.14,,,,,anwenden (nur Buch),0.05
harmonics_noaa_cptt.txt,"Manawatu River entrance, Manawatu-Whanganui, New Zealand",cptt-3007,2.905,0.0912,0.265,0.107,0.311,,0,1.75,1.78,,,,,anwenden (nur Buch),0.06
harmonics_noaa_cptt.txt,"Wanganui River entrance, Manawatu-Whanganui, New Zealand",cptt-3009,2.909,0.0973,0.283,0.108,0.314,,0,1.84,1.88,,,,,anwenden (nur Buch),0.06
harmonics_noaa_cptt.txt,"Opunake Bay, Taranaki, New Zealand",cptt-3011,2.896,0.1338,0.3875,0.105,0.305,,0,2.6,2.65,,,,,anwenden (nur Buch),0.06
harmonics_noaa_cptt.txt,"Waitara River entrance, Taranaki, New Zealand",cptt-3015,2.817,0.1277,0.3598,0.095,0.266,,0,2.76,2.82,,,,,anwenden (nur Buch),0.06
harmonics_noaa_cptt.txt,"Kawhia, Taranaki, New Zealand",cptt-3017,2.85,0.1277,0.364,0.101,0.287,,0,2.6,2.65,,,,,anwenden (nur Buch),0.06
harmonics_noaa_cptt.txt,"Waikato River, Auckland, New Zealand",cptt-3021,2.854,0.1399,0.3992,0.101,0.289,,0,2.83,2.88,,,,,anwenden (nur Buch),0.06
harmonics_noaa_cptt.txt,"Cornwallis, Manukau Harbor, Auckland, New Zealand",cptt-3025,2.783,0.1155,0.3215,0.089,0.247,,0,2.66,2.72,,,,,anwenden (nur Buch),0.06
harmonics_noaa_cptt.txt,"Martins Bay, Hokianga River, Northland, New Zealand",cptt-3031,2.859,0.1399,0.4,0.102,0.293,,0,2.8,2.85,,,,,anwenden (nur Buch),0.06
harmonics_noaa_cptt.txt,"Cape Maria van Diemen, Northland, New Zealand",cptt-3033,2.558,0.0608,0.1555,0.059,0.151,,0,2.1,2.15,,,,,anwenden (nur Buch),0.07
harmonics_noaa_cptt.txt,"Parengarenga, Northland, New Zealand",cptt-3035,2.668,0.0669,0.1785,0.072,0.191,,0,1.91,1.94,,,,,anwenden (nur Buch),0.06
harmonics_noaa_cptt.txt,"Awanui River, Northland, New Zealand",cptt-3037,2.598,0.0547,0.1421,0.063,0.164,,0,1.77,1.81,,,,,anwenden (nur Buch),0.07
harmonics_noaa_cptt.txt,"Whangaroa, Northland, New Zealand",cptt-3039,2.529,0.0486,0.1229,0.056,0.142,,0,1.77,1.81,,,,,anwenden (nur Buch),0.07
harmonics_noaa_cptt.txt,"Port Russell, Northland, New Zealand",cptt-3041,2.505,0.0486,0.1218,0.054,0.135,,0,1.84,1.88,,,,,anwenden (nur Buch),0.07
harmonics_noaa_cptt.txt,"Whangarei Heads, Northland, New Zealand",cptt-3043,2.555,0.0547,0.1398,0.059,0.15,0.154,2,1.91,1.94,398_Marsden_Point.csv,2.18,13.2,11.7,anwenden (Pegel),0.07
harmonics_noaa_cptt.txt,"Port Whangarei, railway wharf, Northland, New Zealand",cptt-3045,2.596,0.0669,0.1737,0.063,0.164,0.137,1,2.17,2.21,,,,,anwenden (Nachbarn),0.07
harmonics_noaa_cptt.txt,"Bon Accord Harbor, Kawau Island, Auckland, New Zealand",cptt-3047,2.426,0.0547,0.1327,0.048,0.116,,0,2.33,2.38,,,,,anwenden (nur Buch),0.07
harmonics_noaa_cptt.txt,"Nagle Cove, Great Barrier Island, Northland, New Zealand",cptt-3049,2.483,0.0486,0.1207,0.052,0.129,,0,1.91,1.94,,,,,anwenden (nur Buch),0.07
harmonics_noaa_cptt.txt,"Waiheke, Auckland, New Zealand",cptt-3053,2.467,0.0608,0.15,0.05,0.123,,0,2.5,2.55,,,,,anwenden (nur Buch),0.07
harmonics_noaa_cptt.txt,"Coromandel, Auckland, New Zealand",cptt-3055,2.548,0.079,0.2013,0.059,0.149,,0,2.77,2.82,,,,,anwenden (nur Buch),0.07
harmonics_noaa_cptt.txt,"Mercury Bay, Auckland, New Zealand",cptt-3057,2.412,0.0365,0.088,0.047,0.114,,0,1.58,1.61,,,,,anwenden (nur Buch),0.07
harmonics_noaa_cptt.txt,"Tauranga Harbor entrance, Auckland, New Zealand",cptt-3059,2.29,0.0304,0.0696,0.04,0.092,0.125,2,1.54,1.58,73_Tauranga.csv,0.03,11.3,10.6,anwenden (Pegel),0.07
harmonics_noaa_cptt.txt,"Ohiwa, Gisborne, New Zealand",cptt-3061,2.078,0.0243,0.0505,0.031,0.064,,0,1.61,1.64,,,,,anwenden (nur Buch),0.07
harmonics_noaa_cptt.txt,"East Cape, Gisborne, New Zealand",cptt-3063,2.285,0.0304,0.0695,0.042,0.096,,0,1.5,1.51,,,,,anwenden (nur Buch),0.07
harmonics_noaa_cptt.txt,"Port Goro, Toemo Island, New Caledonia",cptt-3065,2.362,0.0455,0.1075,0.157,0.37,,0,0.71,0.67,GORO.csv,2.97,9.2,11.0,lassen (Pegel schlechter),0.73
harmonics_noaa_cptt.txt,"Noumea, New Caledonia",cptt-3067,2.725,0.0682,0.1859,0.162,0.441,0.349,2,0.94,0.97,,,,,anwenden (Nachbarn),0.69
harmonics_noaa_cptt.txt,"Port Nepui, New Caledonia",cptt-3069,2.592,0.0682,0.1768,0.151,0.392,,0,0.99,1.04,NEPOUI.csv,2.65,19.1,18.3,anwenden (Pegel),0.72
harmonics_noaa_cptt.txt,"Paagoumene, New Caledonia",cptt-3071,2.627,0.0682,0.1792,0.147,0.385,,0,1.03,1.07,PAAGOUMENE.csv,0.83,17.5,16.3,anwenden (Pegel),0.72
harmonics_noaa_cptt.txt,"Shepenehe Anchorage, New Caledonia",cptt-3073,2.027,0.091,0.1845,0.149,0.302,,0,1.59,1.41,CHEPENEHE.csv,0.55,30.5,32.2,lassen (Pegel schlechter),0.77
harmonics_noaa_cptt.txt,"Vila Harbor, Efate Island, Vanuatu",cptt-3075,1.814,0.0531,0.0963,0.13,0.237,0.299,1,1.09,0.94,,,,,anwenden (Nachbarn),0.81
harmonics_noaa_cptt.txt,"Havannah Harbor, Efate Island, Vanuatu",cptt-3077,1.818,0.0455,0.0827,0.13,0.237,,0,0.93,0.8,,,,,anwenden (nur Buch),0.81
harmonics_noaa_cptt.txt,"Port Sandwich, Malekula Island, Vanuatu",cptt-3079,2.117,0.0758,0.1605,0.186,0.394,,0,1.12,0.94,,,,,anwenden (nur Buch),0.71
harmonics_noaa_cptt.txt,"Tangoa Island, Vanuatu",cptt-3081,1.723,0.0379,0.0653,0.124,0.214,0.341,1,0.81,0.7,,,,,anwenden (Nachbarn),0.82
harmonics_noaa_cptt.txt,"Aesi, Vanuatu",cptt-3085,1.881,0.0607,0.1142,0.139,0.262,,0,1.19,1.01,,,,,anwenden (nur Buch),0.79
harmonics_noaa_cptt.txt,"Port Patteson, Banks Islands, Vanuatu",cptt-3087,1.857,0.0379,0.0704,0.124,0.231,,0,0.79,0.7,,,,,anwenden (nur Buch),0.81
harmonics_noaa_cptt.txt,"Manevai Bay, Solomon Islands",cptt-3089,1.778,0.0379,0.0674,0.124,0.221,,0,0.83,0.7,,,,,anwenden (nur Buch),0.82
harmonics_noaa_cptt.txt,"Auki Harbor, Malaita Island, Solomon Islands",cptt-3097,3.86,0.0713,0.2752,0.184,0.709,,0,0.9,0.97,,,,,anwenden (nur Buch),0.86
harmonics_noaa_cptt.txt,"South Cape, Papua New Guinea",cptt-3125,3.672,0.0911,0.3345,0.26,0.954,,0,0.78,0.87,,,,,anwenden (nur Buch),0.34
harmonics_noaa_cptt.txt,"Dedele Point, Papua New Guinea",cptt-3127,3.773,0.1491,0.5626,0.263,0.993,0.615,1,1.28,1.41,,,,,lassen (Nachbarn),0.34
harmonics_noaa_cptt.txt,"Port Moresby, Papua New Guinea",cptt-3129,3.899,0.1325,0.5167,0.273,1.064,0.59,2,1.09,1.21,,,,,lassen (Nachbarn),0.33
harmonics_noaa_cptt.txt,"Fly River entrance, Papua New Guinea",cptt-3131,2.029,0.3394,0.6888,0.298,0.604,,0,2.44,2.65,,,,,anwenden (nur Buch),0.31
harmonics_noaa_cptt.txt,"Merauke, Irian Jaya, Indonesia",cptt-3133,2.885,0.1561,0.4503,0.126,0.363,0.407,1,2.77,2.82,,,,,anwenden (Nachbarn),0.51
harmonics_noaa_cptt.txt,"Etna Bay, New Guinea, Indonesia",cptt-3137,2.321,0.0882,0.2047,0.111,0.257,0.299,1,2.01,1.81,,,,,anwenden (Nachbarn),0.56
harmonics_noaa_cptt.txt,"Sekar Bay, Berau Gulf, New Guinea, Indonesia",cptt-3139,1.975,0.0531,0.1049,0.141,0.277,0.424,1,0.98,0.87,,,,,anwenden (Nachbarn),0.78
harmonics_noaa_cptt.txt,"Wasian River entrance, Berau Gulf, New Guinea, Indonesia",cptt-3141,2.337,0.2007,0.4691,0.136,0.317,0.3,1,3.06,3.29,,,,,anwenden (Nachbarn),0.39
harmonics_noaa_cptt.txt,"Modan, Berau Gulf, New Guinea, Indonesia",cptt-3143,2.347,0.2729,0.6404,0.139,0.327,0.312,1,4.05,4.36,,,,,anwenden (Nachbarn),0.38
harmonics_noaa_cptt.txt,"Saonek, Dampier Strait, Indonesia",cptt-3145,2.828,0.091,0.2573,0.19,0.536,0.489,1,1.02,1.11,,,,,anwenden (Nachbarn),0.65
harmonics_noaa_cptt.txt,"Manokwari, New Guinea, Indonesia",cptt-3147,2.812,0.091,0.2559,0.184,0.518,0.314,1,1.05,1.14,,,,,lassen (Nachbarn),0.66
harmonics_noaa_cptt.txt,"Mios Woendi Lagoon, Schouten Islands, Indonesia",cptt-3149,2.554,0.0682,0.1742,0.142,0.363,,0,1.02,1.11,,,,,anwenden (nur Buch),0.73
harmonics_noaa_cptt.txt,"Kajo Bay, Indonesia",cptt-3151,1.619,0.0152,0.0246,0.058,0.094,0.16,1,0.55,0.6,,,,,anwenden (Nachbarn),0.91
harmonics_noaa_cptt.txt,"Tapa Bay, Bynoe Harbor, Northern Territory, Australia",cptt-3153,1.823,0.5348,0.9747,0.319,0.582,0.552,1,3.95,3.89,,,,,anwenden (Nachbarn),0.31
harmonics_noaa_cptt.txt,"East Point, Bynoe Harbor, Northern Territory, Australia",cptt-3155,1.806,0.5245,0.9472,0.305,0.551,0.523,1,4.06,3.99,,,,,anwenden (Nachbarn),0.32
harmonics_noaa_cptt.txt,"Night Cliff, Point Darwin, Northern Territory, Australia",cptt-3157,1.806,0.5451,0.9844,0.307,0.554,0.589,1,4.19,4.12,,,,,anwenden (Nachbarn),0.32
harmonics_noaa_cptt.txt,"Cape Hotham, Northern Territory, Australia",cptt-3161,1.727,0.2982,0.5149,0.249,0.43,0.266,1,2.77,2.78,,,,,lassen (Nachbarn),0.35
harmonics_noaa_cptt.txt,"Cape Keith, Melville Island, Northern Territory, Australia",cptt-3163,1.744,0.2468,0.4303,0.237,0.414,0.273,1,2.36,2.41,,,,,lassen (Nachbarn),0.35
harmonics_noaa_cptt.txt,"Cape Don Boat Harbor, Northern Territory, Australia",cptt-3165,1.738,0.1645,0.2859,0.285,0.495,0.287,1,1.36,1.34,,,,,lassen (Nachbarn),0.33
harmonics_noaa_cptt.txt,"Arnhem Bay, Northern Territory, Australia",cptt-3167,1.568,0.2263,0.3549,0.138,0.216,0.185,1,3.39,3.82,,,,,anwenden (Nachbarn),0.41
harmonics_noaa_cptt.txt,"Tern Island, Queensland, Australia",cptt-3171,3.421,0.2319,0.7933,0.307,1.05,0.669,1,1.83,1.88,,,,,lassen (Nachbarn),0.33
harmonics_noaa_cptt.txt,"Hannibal Island, Queensland, Australia",cptt-3173,3.889,0.2153,0.8373,0.296,1.15,0.62,1,1.7,1.81,,,,,lassen (Nachbarn),0.31
harmonics_noaa_cptt.txt,"Piper island, Queensland, Australia",cptt-3175,4.445,0.1822,0.81,0.307,1.365,0.641,1,1.35,1.48,,,,,lassen (Nachbarn),0.28
harmonics_noaa_cptt.txt,"Restoration Island, Queensland, Australia",cptt-3177,4.89,0.1656,0.8098,0.323,1.58,0.685,1,1.17,1.27,,,,,lassen (Nachbarn),0.26
harmonics_noaa_cptt.txt,"Low Wooded Isle, Queensland, Australia",cptt-3181,4.337,0.1574,0.6827,0.299,1.298,0.606,1,1.18,1.31,,,,,lassen (Nachbarn),0.29
harmonics_noaa_cptt.txt,"Low Isles, Queensland, Australia",cptt-3185,4.165,0.1491,0.621,0.291,1.212,0.547,1,1.15,1.27,,,,,lassen (Nachbarn),0.3
harmonics_noaa_cptt.txt,"High Island, Queensland, Australia",cptt-3191,4.334,0.1574,0.6822,0.299,1.297,0.547,1,1.18,1.31,,,,,lassen (Nachbarn),0.29
harmonics_noaa_cptt.txt,"North Barnard Island, Queensland, Australia",cptt-3193,4.062,0.1574,0.6394,0.285,1.156,0.465,1,1.24,1.37,,,,,lassen (Nachbarn),0.31
harmonics_noaa_cptt.txt,"Dunk Island, Queensland, Australia",cptt-3195,3.985,0.1656,0.6599,0.279,1.112,0.644,1,1.32,1.48,,,,,lassen (Nachbarn),0.32
harmonics_noaa_cptt.txt,"Dungeness (Lucinda), Queensland, Australia",cptt-3197,3.647,0.1905,0.6948,0.248,0.904,0.582,1,1.72,1.91,,,,,anwenden (Nachbarn),0.35
harmonics_noaa_cptt.txt,"Molle Island, Queensland, Australia",cptt-3205,3.223,0.1257,0.4051,0.121,0.389,,0,2.29,2.25,,,,,anwenden (nur Buch),0.34
harmonics_noaa_cptt.txt,"East Repulse Island, Queensland, Australia",cptt-3207,3.236,0.1796,0.5812,0.127,0.411,0.386,1,3.16,3.05,,,,,anwenden (Nachbarn),0.33
harmonics_noaa_cptt.txt,"Carlisle Island, Queensland, Australia",cptt-3209,3.282,0.1976,0.6484,0.135,0.444,0.346,1,3.22,3.15,,,,,anwenden (Nachbarn),0.32
harmonics_noaa_cptt.txt,"St. Bees Island, Queensland, Australia",cptt-3211,3.242,0.2155,0.6987,0.132,0.428,0.401,1,3.62,3.52,,,,,anwenden (Nachbarn),0.33
harmonics_noaa_cptt.txt,"Refuge Bay, Scawfell Island, Queensland, Australia",cptt-3213,3.261,0.1976,0.6445,0.13,0.423,0.39,1,3.36,3.29,,,,,anwenden (Nachbarn),0.33
harmonics_noaa_cptt.txt,"Sarina Inlet, Queensland, Australia",cptt-3217,3.165,0.2335,0.7391,0.117,0.369,0.368,1,4.5,4.33,,,,,anwenden (Nachbarn),0.34
harmonics_noaa_cptt.txt,"Dove Point, Shoalwater Bay, Queensland, Australia",cptt-3219,3.482,0.2514,0.8754,0.125,0.437,,0,4.29,4.33,,,,,anwenden (nur Buch),0.32
harmonics_noaa_cptt.txt,"High Peak Island, Queensland, Australia",cptt-3221,3.545,0.2036,0.7218,0.131,0.465,0.354,1,3.27,3.35,,,,,anwenden (Nachbarn),0.32
harmonics_noaa_cptt.txt,"Port Clinton, Coral Sea, Queensland, Australia",cptt-3223,3.51,0.1976,0.6935,0.134,0.47,0.382,1,3.07,3.19,,,,,anwenden (Nachbarn),0.32
harmonics_noaa_cptt.txt,"Tryon Island, Queensland, Australia",cptt-3225,3.5,0.1078,0.3773,0.12,0.419,0.378,1,1.86,1.94,,,,,anwenden (Nachbarn),0.33
harmonics_noaa_cptt.txt,"Port Alma, Fitzroy River, Queensland, Australia",cptt-3227,3.551,0.1856,0.659,0.127,0.451,0.372,2,3.02,3.15,,,,,anwenden (Nachbarn),0.32
harmonics_noaa_cptt.txt,"Gladstone, Port Curtis, Queensland, Australia",cptt-3229,3.525,0.1437,0.5065,0.119,0.418,0.356,1,2.51,2.62,,,,,anwenden (Nachbarn),0.33
harmonics_noaa_cptt.txt,"Lady Musgrave Island, Queensland, Australia",cptt-3231,3.55,0.0898,0.3188,0.131,0.466,0.304,1,1.41,1.48,,,,,anwenden (Nachbarn),0.32
harmonics_noaa_cptt.txt,"Pancake Creek, Queensland, Australia",cptt-3233,3.515,0.1197,0.4208,0.124,0.437,0.316,1,1.99,2.08,,,,,anwenden (Nachbarn),0.32
harmonics_noaa_cptt.txt,"Lady Elliot Island, Queensland, Australia",cptt-3235,3.555,0.0838,0.2979,0.128,0.457,0.328,1,1.35,1.41,,,,,anwenden (Nachbarn),0.32
harmonics_noaa_cptt.txt,"Mary River, Middle Bank, Queensland, Australia",cptt-3241,3.466,0.1437,0.498,0.114,0.396,,0,2.65,2.72,,,,,anwenden (nur Buch),0.33
harmonics_noaa_cptt.txt,"Ballina, New South Wales, Australia",cptt-3245,3.467,0.0359,0.1245,0.1,0.348,0.275,1,0.74,0.77,,,,,anwenden (Nachbarn),0.35
harmonics_noaa_cptt.txt,"Iluka, New South Wales, Australia",cptt-3247,3.498,0.0479,0.1675,0.11,0.385,0.281,2,0.9,0.94,,,,,anwenden (Nachbarn),0.34
harmonics_noaa_cptt.txt,"Norfolk Island, Australia",cptt-3251,3.453,0.0539,0.1861,0.085,0.292,0.297,1,1.37,1.37,62_Norfolk_Island.csv,1.62,19.2,18.7,anwenden (Pegel),0.36
harmonics_noaa_cptt.txt,"Coffs Harbor, New South Wales, Australia",cptt-3253,3.222,0.0526,0.1695,0.091,0.292,0.274,1,1.2,1.24,,,,,anwenden (Nachbarn),0.38
harmonics_noaa_cptt.txt,"Port Macquarie bar, New South Wales, Australia",cptt-3255,3.13,0.042,0.1315,0.084,0.262,0.256,1,1.03,1.07,,,,,anwenden (Nachbarn),0.39
harmonics_noaa_cptt.txt,"Nelson's Bay, New South Wales, Australia",cptt-3257,3.083,0.042,0.1295,0.079,0.243,0.25,1,1.1,1.14,,,,,anwenden (Nachbarn),0.39
harmonics_noaa_cptt.txt,"Newcastle, New South Wales, Australia",cptt-3259,3.105,0.042,0.1304,0.079,0.245,0.25,1,1.1,1.14,,,,,anwenden (Nachbarn),0.39
harmonics_noaa_cptt.txt,"Moruya River bar, New South Wales, Australia",cptt-3265,3.156,0.042,0.1326,0.086,0.273,0.22,1,1.0,1.04,,,,,anwenden (Nachbarn),0.39
harmonics_noaa_cptt.txt,"Eden, New South Wales, Australia",cptt-3267,3.108,0.0368,0.1144,0.081,0.251,0.221,1,0.93,0.97,,,,,anwenden (Nachbarn),0.39
harmonics_noaa_cptt.txt,"Gabo Island, Victoria, Australia",cptt-3269,2.766,0.021,0.0581,0.051,0.142,0.15,1,0.84,0.87,,,,,anwenden (Nachbarn),0.43
harmonics_noaa_cptt.txt,"Stack Island, Tasmania, Australia",cptt-3271,7.034,0.0287,0.2019,0.033,0.233,0.106,1,1.86,1.88,,,,,lassen (Nachbarn),0.66
harmonics_noaa_cptt.txt,"Devonport, Tasmania, Australia",cptt-3273,6.511,0.0335,0.2181,0.028,0.181,0.123,1,2.53,2.62,,,,,anwenden (Nachbarn),0.69
harmonics_noaa_cptt.txt,"Port Dalrymple entrance, Tasmania, Australia",cptt-3275,5.628,0.0479,0.2696,0.044,0.249,0.121,1,2.28,2.35,,,,,lassen (Nachbarn),0.65
harmonics_noaa_cptt.txt,"Launceston, Tamar River, Tasmania, Australia",cptt-3277,7.276,0.0527,0.3834,0.035,0.256,0.08,1,3.53,3.25,,,,,lassen (Nachbarn),0.65
harmonics_noaa_cptt.txt,"Parsons Bay, Tasmania, Australia",cptt-3279,0.5,0.0098,0.0049,0.043,0.021,0.087,1,0.62,0.57,,,,,pruefen (Faktor an der Grenze),1.75
harmonics_noaa_cptt.txt,"Rabbit Island, Victoria, Australia",cptt-3285,5.803,0.0383,0.2222,0.048,0.276,0.125,1,1.69,1.74,,,,,lassen (Nachbarn),0.64
harmonics_noaa_cptt.txt,"Winter Cove, Kent Islands, Tasmania, Australia",cptt-3287,5.501,0.0479,0.2635,0.052,0.284,,0,1.96,2.01,,,,,pruefen (grosser Faktor ohne Beleg),0.63
harmonics_noaa_cptt.txt,"Great Glennie Island, Victoria, Australia",cptt-3289,5.907,0.0383,0.2262,0.041,0.244,0.111,1,1.95,2.01,,,,,lassen (Nachbarn),0.65
harmonics_noaa_cptt.txt,"Queenscliff, Port Phillip, Victoria, Australia",cptt-3297,6.274,0.0096,0.0602,0.033,0.205,,0,0.62,0.64,,,,,pruefen (grosser Faktor ohne Beleg),0.68
harmonics_noaa_cptt.txt,"Geelong, Port Phillip, Victoria, Australia",cptt-3301,6.625,0.0096,0.0636,0.034,0.228,,0,0.7,0.6,,,,,pruefen (grosser Faktor ohne Beleg),0.66
harmonics_noaa_cptt.txt,"Port Campbell, Victoria, Australia",cptt-3303,5.375,0.0287,0.1543,0.133,0.712,1.108,1,0.47,0.47,,,,,anwenden (Nachbarn),0.48
harmonics_noaa_cptt.txt,"Warrnambool, Victoria, Australia",cptt-3305,6.577,0.0383,0.2519,0.155,1.018,0.5,1,0.53,0.54,,,,,lassen (Nachbarn),0.4
harmonics_noaa_cptt.txt,"Port MacDonnell, South Australia, Australia",cptt-3309,1.801,0.1555,0.2801,0.482,0.869,1.045,1,0.79,0.97,,,,,anwenden (Nachbarn),0.44
harmonics_noaa_cptt.txt,"Kingston, South Australia, Australia",cptt-3311,1.484,0.0778,0.1155,0.437,0.649,1.153,1,0.46,0.54,,,,,anwenden (Nachbarn),0.5
harmonics_noaa_cptt.txt,"Second Valley, South Australia, Australia",cptt-3313,2.019,0.1425,0.2877,0.442,0.892,0.948,1,0.72,0.97,,,,,anwenden (Nachbarn),0.43
harmonics_noaa_cptt.txt,"Hog Bay, Kangaroo Island, South Australia, Australia",cptt-3315,2.157,0.1166,0.2515,0.477,1.028,0.964,1,0.57,0.74,,,,,anwenden (Nachbarn),0.41
harmonics_noaa_cptt.txt,"Ardrossan, Gulf of St. Vincent, South Australia, Australia",cptt-3323,2.322,0.2981,0.6923,0.487,1.132,1.016,1,1.38,1.84,,,,,anwenden (Nachbarn),0.39
harmonics_noaa_cptt.txt,"Edithburg, Gulf of St. Vincent, South Australia, Australia",cptt-3325,2.208,0.1944,0.4292,0.472,1.043,0.983,1,0.94,1.24,,,,,anwenden (Nachbarn),0.4
harmonics_noaa_cptt.txt,"Port Victoria, Spencer Gulf, South Australia, Australia",cptt-3327,1.651,0.1555,0.2568,0.499,0.825,,0,0.81,0.94,,,,,anwenden (nur Buch),0.45
harmonics_noaa_cptt.txt,"Wallaroo, Spencer Gulf, South Australia, Australia",cptt-3329,1.987,0.1425,0.2831,0.475,0.943,0.979,1,0.68,0.91,,,,,anwenden (Nachbarn),0.42
harmonics_noaa_cptt.txt,"Port Pirie, Spencer Gulf, South Australia, Australia",cptt-3331,1.56,0.2721,0.4245,0.462,0.72,1.067,1,1.36,1.78,,,,,anwenden (Nachbarn),0.48
harmonics_noaa_cptt.txt,"Port Augusta, Spencer Gulf, South Australia, Australia",cptt-3333,1.689,0.311,0.5252,0.466,0.787,,0,1.51,2.01,,,,,anwenden (nur Buch),0.46
harmonics_noaa_cptt.txt,"Coffin Bay, South Australia, Australia",cptt-3335,1.574,0.1814,0.2855,0.48,0.755,,0,0.98,1.14,,,,,anwenden (nur Buch),0.47
harmonics_noaa_cptt.txt,"Port Eyre, South Australia, Australia",cptt-3337,1.841,0.1814,0.334,0.48,0.883,1.233,1,0.93,1.14,,,,,anwenden (Nachbarn),0.44
harmonics_noaa_cptt.txt,"Carnarvon, Shark Bay, Western Australia, Australia",cptt-3347,1.726,0.0911,0.1572,0.293,0.506,0.44,1,0.65,0.7,,,,,anwenden (Nachbarn),0.24
harmonics_noaa_cptt.txt,"Red Cliff Bay, Shark Bay, Western Australia, Australia",cptt-3349,1.503,0.0911,0.137,0.228,0.343,,0,0.86,0.91,,,,,anwenden (nur Buch),0.27
harmonics_noaa_cptt.txt,"Learmonth, Exmouth Gulf, Western Australia, Australia",cptt-3351,1.73,0.2163,0.3741,0.298,0.516,0.542,1,1.51,1.64,,,,,anwenden (Nachbarn),0.24
harmonics_noaa_cptt.txt,"Long Island, Western Australia, Australia",cptt-3353,1.745,0.1594,0.2782,0.299,0.522,0.542,1,1.11,1.21,,,,,anwenden (Nachbarn),0.24
harmonics_noaa_cptt.txt,"Beadon Point, Western Australia, Australia",cptt-3355,1.7,0.1822,0.3098,0.293,0.498,0.543,1,1.29,1.41,,,,,anwenden (Nachbarn),0.24
harmonics_noaa_cptt.txt,"Large Islet, Western Australia, Australia",cptt-3357,1.619,0.3843,0.6224,0.41,0.664,0.582,1,2.02,2.25,,,,,anwenden (Nachbarn),0.14
harmonics_noaa_cptt.txt,"Trimouille Island, Monte Bello Islands, Western Australia, Australia",cptt-3359,1.631,0.3203,0.5224,0.409,0.667,0.669,2,1.69,1.88,,,,,anwenden (Nachbarn),0.14
harmonics_noaa_cptt.txt,"Point Samson, Western Australia, Australia",cptt-3361,1.596,0.5893,0.9403,0.393,0.628,,0,3.21,3.59,,,,,anwenden (nur Buch),0.14
harmonics_noaa_cptt.txt,"Red Bluff, Western Australia, Australia",cptt-3367,1.733,0.9352,1.6206,0.467,0.81,0.701,1,4.37,4.79,,,,,anwenden (Nachbarn),0.13
harmonics_noaa_cptt.txt,"Pender Bay, Western Australia, Australia",cptt-3369,1.622,0.9224,1.4959,0.407,0.66,,0,4.89,5.43,,,,,anwenden (nur Buch),0.14
harmonics_noaa_cptt.txt,"Karrakatta Bay, Western Australia, Australia",cptt-3371,1.593,0.8968,1.4285,0.386,0.615,0.573,1,5.04,5.57,,,,,anwenden (Nachbarn),0.14
harmonics_noaa_cptt.txt,"Bedford Island, Western Australia, Australia",cptt-3373,1.61,1.0506,1.692,0.404,0.65,0.81,1,5.64,6.24,,,,,anwenden (Nachbarn),0.14
harmonics_noaa_cptt.txt,"Hall Point, Kid Islet, Western Australia, Australia",cptt-3377,1.611,1.1659,1.8779,0.41,0.661,0.636,1,6.13,6.81,,,,,anwenden (Nachbarn),0.14
harmonics_noaa_cptt.txt,"Prince Frederick Harbor, Western Australia, Australia",cptt-3379,1.624,1.1018,1.7892,0.404,0.656,,0,5.87,6.54,,,,,anwenden (nur Buch),0.14
harmonics_noaa_cptt.txt,"Troughton Island, Western Australia, Australia",cptt-3383,1.611,0.8199,1.3206,0.404,0.651,0.718,1,4.36,4.86,,,,,anwenden (Nachbarn),0.14
harmonics_noaa_cptt.txt,"Reveley Island, Western Australia, Australia",cptt-3387,1.699,0.4011,0.6814,0.26,0.441,0.34,1,3.63,3.59,,,,,lassen (Nachbarn),0.34
harmonics_noaa_cptt.txt,"Lacrosse I., Cambridge Gulf, Western Australia, Australia",cptt-3389,1.728,0.4628,0.7998,0.259,0.447,0.36,1,4.16,4.16,,,,,anwenden (Nachbarn),0.34
harmonics_noaa_cptt.txt,"Chatham Islands, New Zealand",cptt-3391,2.405,0.037,0.089,0.069,0.166,,0,1.11,1.14,,,,,anwenden (nur Buch),0.16
harmonics_noaa_cptt.txt,"Auckland Island, New Zealand",cptt-3393,2.548,0.0518,0.132,0.132,0.335,,0,0.81,0.84,,,,,anwenden (nur Buch),0.14
harmonics_noaa_cptt.txt,"Perseverance Harbor, Campbell Island, New Zealand",cptt-3395,2.297,0.037,0.085,0.078,0.18,,0,0.96,1.01,,,,,anwenden (nur Buch),0.16
harmonics_noaa_cptt.txt,"Macquarie Island, Australia",cptt-3397,2.504,0.037,0.0926,0.124,0.31,0.29,1,0.61,0.64,,,,,anwenden (Nachbarn),0.14
harmonics_noaa_cptt.txt,"Galathea Bay, Indonesia",cptt-3399,1.469,0.1479,0.2173,0.298,0.438,0.4,1,1.03,1.14,,,,,anwenden (Nachbarn),0.09
harmonics_noaa_cptt.txt,"Nankauri Harbor, Indonesia",cptt-3401,1.511,0.1725,0.2607,0.329,0.496,0.462,1,1.1,1.21,,,,,anwenden (Nachbarn),0.09
harmonics_noaa_cptt.txt,"Car Nicobar, Andaman and Nicobar, India",cptt-3403,1.504,0.1848,0.2779,0.333,0.501,0.519,1,1.16,1.27,,,,,anwenden (Nachbarn),0.09
harmonics_noaa_cptt.txt,"Sisters Island, Andaman and Nicobar, India",cptt-3405,1.452,0.1848,0.2683,0.295,0.428,0.475,1,1.3,1.44,,,,,anwenden (Nachbarn),0.09
harmonics_noaa_cptt.txt,"Port Blair, Andaman and Nicobar, India",cptt-3407,1.51,0.2095,0.3164,0.326,0.493,0.476,3,1.34,1.48,,,,,anwenden (Nachbarn),0.09
harmonics_noaa_cptt.txt,"Port Cornwallis, Andaman and Nicobar, India",cptt-3409,1.546,0.2588,0.4001,0.348,0.538,0.507,1,1.56,1.71,,,,,anwenden (Nachbarn),0.09
harmonics_noaa_cptt.txt,"Pulau Besin, Myanmar",cptt-3411,1.502,0.3943,0.5921,0.326,0.489,0.509,2,2.52,2.78,,,,,anwenden (Nachbarn),0.09
harmonics_noaa_cptt.txt,"Za Det Nge Kyun (Hastings Harbour), Myanmar",cptt-3413,1.531,0.382,0.585,0.34,0.521,0.533,1,2.35,2.58,,,,,anwenden (Nachbarn),0.09
harmonics_noaa_cptt.txt,"Lampi Kyun (Lanbi / Sullivan Island), Myanmar",cptt-3415,1.508,0.4313,0.6502,0.329,0.495,0.512,1,2.74,3.02,,,,,anwenden (Nachbarn),0.09
harmonics_noaa_cptt.txt,"Ka Mar Kyun (Owen Island), Myanmar",cptt-3417,1.52,0.419,0.637,0.338,0.514,0.521,1,2.59,2.85,,,,,anwenden (Nachbarn),0.09
harmonics_noaa_cptt.txt,"Myauk Gaung (Pigeon Island), Myanmar",cptt-3419,1.513,0.419,0.634,0.334,0.506,0.504,1,2.62,2.88,,,,,anwenden (Nachbarn),0.09
harmonics_noaa_cptt.txt,"Kyaukkayan (Padaw Aw), Myanmar",cptt-3423,1.537,0.5422,0.8334,0.347,0.534,0.5,1,3.27,3.59,,,,,anwenden (Nachbarn),0.09
harmonics_noaa_cptt.txt,"Myin Kwa Aw (Horseshoe Bay), Myanmar",cptt-3425,1.535,0.4806,0.7379,0.34,0.522,0.535,1,2.96,3.25,,,,,anwenden (Nachbarn),0.09
harmonics_noaa_cptt.txt,"Heinze Bok (Long Island), Myanmar",cptt-3427,1.528,0.4559,0.6966,0.351,0.537,0.523,1,2.73,2.98,,,,,anwenden (Nachbarn),0.09
harmonics_noaa_cptt.txt,"Wa Kyun, Myanmar",cptt-3429,1.478,0.5299,0.7834,0.375,0.554,0.547,1,3.06,3.25,,,,,anwenden (Nachbarn),0.09
harmonics_noaa_cptt.txt,"Double Island, Myanmar",cptt-3431,1.575,0.6531,1.0286,0.376,0.593,0.572,1,3.67,3.99,,,,,anwenden (Nachbarn),0.08
harmonics_noaa_cptt.txt,"Kyaikkami (Amherst), Myanmar",cptt-3433,1.512,0.6901,1.0431,0.329,0.497,0.427,2,4.38,4.83,,,,,anwenden (Nachbarn),0.09
harmonics_noaa_cptt.txt,"Elephant Point, Rangoon River, Myanmar",cptt-3437,1.463,0.6038,0.8835,0.296,0.433,0.405,2,4.23,4.69,,,,,anwenden (Nachbarn),0.09
harmonics_noaa_cptt.txt,"China Bakir (Old Lighthouse), Myanmar",cptt-3441,1.52,0.4929,0.7492,0.331,0.504,0.447,1,3.11,3.42,,,,,anwenden (Nachbarn),0.09
harmonics_noaa_cptt.txt,"Pymbong Beacon, Myanmar",cptt-3443,1.566,0.2341,0.3666,0.373,0.585,0.55,1,1.33,1.44,,,,,anwenden (Nachbarn),0.08
harmonics_noaa_cptt.txt,"Thamihla Kyun (Bassein Estuary), Myanmar",cptt-3445,1.487,0.2308,0.3433,0.321,0.477,0.451,2,1.51,1.61,,,,,anwenden (Nachbarn),0.1
harmonics_noaa_cptt.txt,"Pathein (Bassein River), Myanmar",cptt-3447,1.384,0.1086,0.1503,0.148,0.205,0.327,2,1.53,1.64,,,,,anwenden (Nachbarn),0.12
harmonics_noaa_cptt.txt,"Chaungtha Kyun, Myanmar",cptt-3449,1.525,0.2444,0.3726,0.354,0.54,0.471,1,1.45,1.54,,,,,anwenden (Nachbarn),0.09
harmonics_noaa_cptt.txt,"Ngapali (Andrew Bay), Myanmar",cptt-3451,1.519,0.2715,0.4125,0.348,0.529,0.467,1,1.64,1.74,,,,,anwenden (Nachbarn),0.09
harmonics_noaa_cptt.txt,"Searle Point (Cheduba / Manaung Island), Myanmar",cptt-3453,1.508,0.2987,0.4504,0.344,0.518,0.471,1,1.83,1.94,,,,,anwenden (Nachbarn),0.09
harmonics_noaa_cptt.txt,"Kyaukphyu (Ramree Island), Myanmar",cptt-3455,1.518,0.3394,0.515,0.348,0.529,0.457,1,2.05,2.18,,,,,anwenden (Nachbarn),0.09
harmonics_noaa_cptt.txt,"Saint Martin's Island, Bangladesh",cptt-3459,1.523,0.3394,0.5171,0.359,0.548,0.467,1,1.99,2.11,,,,,anwenden (Nachbarn),0.09
harmonics_noaa_cptt.txt,"Dublar Char Lighthouse (Pasur River), Bangladesh",cptt-3463,1.464,0.2444,0.3579,0.286,0.419,0.439,2,1.78,1.91,,,,,anwenden (Nachbarn),0.1
harmonics_noaa_cptt.txt,"Kutubdia Island (Lighthouse), Bangladesh",cptt-3465,1.416,0.2851,0.4037,0.214,0.303,0.414,1,2.77,2.98,,,,,anwenden (Nachbarn),0.11
harmonics_noaa_cptt.txt,"Sandhead (Matla River Approach), West Bengal, India",cptt-3469,1.492,0.3123,0.4661,0.321,0.478,0.658,1,2.04,2.18,,,,,anwenden (Nachbarn),0.1
harmonics_noaa_cptt.txt,"Diamond Harbour, West Bengal, India",cptt-3473,1.481,0.5431,0.8042,0.302,0.447,0.433,2,3.82,4.02,,,,,anwenden (Nachbarn),0.1
harmonics_noaa_cptt.txt,"Shortt Island, Odisha, India",cptt-3477,1.5,0.3258,0.4887,0.329,0.494,0.459,2,2.07,2.21,,,,,anwenden (Nachbarn),0.1
harmonics_noaa_cptt.txt,"Chandbali, Odisha, India",cptt-3479,1.402,0.1493,0.2093,0.188,0.263,0.369,2,1.64,1.78,,,,,anwenden (Nachbarn),0.11
harmonics_noaa_cptt.txt,"False Point, Odisha, India",cptt-3481,2.048,0.1815,0.3717,0.245,0.502,0.449,1,1.53,1.64,,,,,anwenden (Nachbarn),0.24
harmonics_noaa_cptt.txt,"Gopalpur, Odisha, India",cptt-3483,2.081,0.1433,0.2982,0.256,0.534,0.391,2,1.16,1.24,,,,,lassen (Nachbarn),0.23
harmonics_noaa_cptt.txt,"Vizagapatam, Andhra Pradesh, India",cptt-3485,2.061,0.1242,0.2559,0.249,0.514,0.436,3,1.03,1.11,vish_visakhapatnam.csv,0.0,18.8,18.1,anwenden (Pegel),0.23
harmonics_noaa_cptt.txt,"Kakinada (Cocanada), Andhra Pradesh, India",cptt-3487,1.962,0.1051,0.2062,0.211,0.414,0.431,2,1.03,1.11,,,,,anwenden (Nachbarn),0.25
harmonics_noaa_cptt.txt,"Sacramento Shoal, Andhra Pradesh, India",cptt-3489,1.963,0.0955,0.1875,0.211,0.414,0.429,1,0.93,1.01,,,,,anwenden (Nachbarn),0.25
harmonics_noaa_cptt.txt,"Cuddalore, Tamil Nadu, India",cptt-3493,1.939,0.0573,0.1111,0.2,0.387,0.423,1,0.59,0.64,,,,,anwenden (Nachbarn),0.26
harmonics_noaa_cptt.txt,"Nagapattinam, Tamil Nadu, India",cptt-3495,1.951,0.0478,0.0933,0.211,0.412,0.39,2,0.47,0.5,,,,,anwenden (Nachbarn),0.25
harmonics_noaa_cptt.txt,"Pamban Channel, Gulf of Mannar, Tamil Nadu, India",cptt-3497,1.908,0.0625,0.1193,0.334,0.638,0.644,2,0.4,0.47,,,,,anwenden (Nachbarn),0.35
harmonics_noaa_cptt.txt,"Thoothukudi (Tuticorin), Tamil Nadu, India",cptt-3499,2.087,0.0876,0.1828,0.41,0.855,0.7,1,0.47,0.54,,,,,anwenden (Nachbarn),0.31
harmonics_noaa_cptt.txt,"Point Pedro, Sri Lanka",cptt-3501,1.697,0.0625,0.1061,0.312,0.53,0.429,1,0.42,0.5,,,,,anwenden (Nachbarn),0.38
harmonics_noaa_cptt.txt,"Trincomalee, Sri Lanka",cptt-3503,1.854,0.0625,0.1159,0.39,0.723,0.362,1,0.34,0.4,,,,,lassen (Nachbarn),0.33
harmonics_noaa_cptt.txt,"Galle, Sri Lanka",cptt-3505,2.364,0.0751,0.1776,0.468,1.108,0.685,2,0.36,0.4,,,,,lassen (Nachbarn),0.27
harmonics_noaa_cptt.txt,"Jaffna, Sri Lanka",cptt-3509,2.039,0.05,0.102,0.375,0.764,0.333,1,0.29,0.34,,,,,lassen (Nachbarn),0.33
harmonics_noaa_cptt.txt,"Kollam (Quilon), Kerala, India",cptt-3511,1.751,0.0751,0.1315,0.331,0.579,0.545,1,0.51,0.57,,,,,anwenden (Nachbarn),0.36
harmonics_noaa_cptt.txt,"Kochi (Willingdon Island), Kerala, India",cptt-3513,1.742,0.05,0.0871,0.234,0.408,0.38,2,0.47,0.54,,,,,anwenden (Nachbarn),0.41
harmonics_noaa_cptt.txt,"Beypore, Kerala, India",cptt-3515,1.742,0.0751,0.1308,0.268,0.466,0.359,2,0.62,0.7,,,,,lassen (Nachbarn),0.39
harmonics_noaa_cptt.txt,"Calicut (Kozhikode), Kerala, India",cptt-3517,2.109,0.0432,0.0911,0.127,0.268,0.312,1,0.87,0.77,,,,,anwenden (Nachbarn),0.59
harmonics_noaa_cptt.txt,"Thalassery (Tellicherry), Kerala, India",cptt-3519,1.4,0.0216,0.0302,0.052,0.073,0.15,1,1.05,0.94,,,,,anwenden (Nachbarn),0.7
harmonics_noaa_cptt.txt,"Kannur (Cannanore), Kerala, India",cptt-3521,1.918,0.036,0.069,0.09,0.173,0.353,1,1.01,0.91,,,,,anwenden (Nachbarn),0.64
harmonics_noaa_cptt.txt,"Malpe, Karnataka, India",cptt-3525,2.128,0.0576,0.1226,0.122,0.259,0.356,2,1.19,1.07,,,,,anwenden (Nachbarn),0.6
harmonics_noaa_cptt.txt,"Bhatkal, Karnataka, India",cptt-3527,2.29,0.0648,0.1484,0.169,0.386,0.444,1,0.98,0.87,,,,,anwenden (Nachbarn),0.54
harmonics_noaa_cptt.txt,"Karwar, Karnataka, India",cptt-3529,2.187,0.0792,0.1732,0.141,0.309,0.346,2,1.42,1.27,,,,,anwenden (Nachbarn),0.57
harmonics_noaa_cptt.txt,"Musakazi Point, Maharashtra, India",cptt-3533,2.338,0.1204,0.2815,0.19,0.444,0.375,1,1.36,1.41,,,,,anwenden (Nachbarn),0.35
harmonics_noaa_cptt.txt,"Vasai (Bassein), Maharashtra, India",cptt-3537,2.07,0.2007,0.4155,0.155,0.32,0.367,1,2.88,2.88,,,,,anwenden (Nachbarn),0.39
harmonics_noaa_cptt.txt,"Dahanu, Maharashtra, India",cptt-3539,2.398,0.2649,0.6353,0.193,0.463,0.407,1,2.94,3.05,,,,,anwenden (Nachbarn),0.35
harmonics_noaa_cptt.txt,"Bhavnagar, Gulf of Cambay, Gujarat, India",cptt-3541,2.352,0.4897,1.1519,0.142,0.333,0.312,1,7.66,7.68,,,,,anwenden (Nachbarn),0.38
harmonics_noaa_cptt.txt,"Port Albert Victor (Gulf of Cambay), Gujarat, India",cptt-3543,2.433,0.1766,0.4297,0.18,0.438,,0,2.04,2.18,,,,,anwenden (nur Buch),0.35
harmonics_noaa_cptt.txt,"Navabandar, Gujarat, India",cptt-3545,2.346,0.1284,0.3012,0.224,0.525,0.48,1,1.26,1.27,,,,,anwenden (Nachbarn),0.33
harmonics_noaa_cptt.txt,"Porbandar, Gujarat, India",cptt-3547,2.224,0.1007,0.2239,0.148,0.33,0.369,1,1.72,1.54,,,,,anwenden (Nachbarn),0.56
harmonics_noaa_cptt.txt,"Okha, Gujarat, India",cptt-3549,1.948,0.1445,0.2814,0.12,0.233,0.314,2,2.67,2.68,,,,,anwenden (Nachbarn),0.41
harmonics_noaa_cptt.txt,"Mundra Port (Navinal Point), Gujarat, India",cptt-3551,2.217,0.2007,0.445,0.102,0.227,0.315,1,4.1,4.36,,,,,anwenden (Nachbarn),0.42
harmonics_noaa_cptt.txt,"Kandla, Gujarat, India",cptt-3553,2.106,0.2167,0.4563,0.086,0.181,0.283,2,5.18,5.6,,,,,anwenden (Nachbarn),0.43
harmonics_noaa_cptt.txt,"Khori Creek, Gujarat, India",cptt-3555,1.995,0.1766,0.3523,0.073,0.146,0.283,2,4.97,5.36,,,,,anwenden (Nachbarn),0.45
harmonics_noaa_cptt.txt,"Hansthal Point, Gujarat, India",cptt-3557,2.095,0.1846,0.3868,0.084,0.177,0.282,1,4.5,4.86,,,,,anwenden (Nachbarn),0.43
harmonics_noaa_cptt.txt,"Navlakhi, Gujarat, India",cptt-3559,2.081,0.2167,0.4509,0.082,0.171,0.274,2,5.43,5.87,,,,,anwenden (Nachbarn),0.44
harmonics_noaa_cptt.txt,"Navi Wat, Gujarat, India",cptt-3561,1.979,0.1445,0.286,0.061,0.12,,0,4.9,5.3,,,,,anwenden (nur Buch),0.46
harmonics_noaa_cptt.txt,"Suvadiva Atoll, Maldive Islands, Maldives",cptt-3565,1.851,0.0669,0.1238,0.201,0.373,,0,0.72,0.74,,,,,anwenden (nur Buch),0.26
harmonics_noaa_cptt.txt,"Horsburgh Atoll, Maldive Islands, Maldives",cptt-3567,1.794,0.0625,0.1121,0.39,0.7,,0,0.36,0.4,,,,,anwenden (nur Buch),0.34
harmonics_noaa_cptt.txt,"Kardamum Island, Laccadive Islands, Lakshadweep, India",cptt-3573,3.825,0.1376,0.5264,0.572,2.19,0.494,1,0.56,0.6,,,,,lassen (Nachbarn),0.18
harmonics_noaa_cptt.txt,"Cherbaniani Reef, Laccadive Islands, Lakshadweep, India",cptt-3575,2.694,0.1501,0.4044,0.511,1.376,0.326,1,0.67,0.74,,,,,lassen (Nachbarn),0.24
harmonics_noaa_cptt.txt,"Jazireh-ye Forur, Iran",cptt-3619,6.268,0.0656,0.4112,0.143,0.896,0.333,1,1.1,1.14,,,,,lassen (Nachbarn),0.94
harmonics_noaa_cptt.txt,"Bushahr, Persian Gulf, Iran",cptt-3621,6.978,0.0694,0.4842,0.19,1.329,,0,1.12,0.91,,,,,pruefen (grosser Faktor ohne Beleg),0.77
harmonics_noaa_cptt.txt,"Basra, Iraq",cptt-3627,1.938,0.0308,0.0597,0.063,0.122,0.305,2,1.22,1.11,,,,,anwenden (Nachbarn),0.83
harmonics_noaa_cptt.txt,"al-Warba, Kuwait",cptt-3637,3.393,0.159,0.5395,0.118,0.399,0.341,1,3.2,3.05,,,,,anwenden (Nachbarn),0.67
harmonics_noaa_cptt.txt,"Ash Shuwaykh (Kuwait), Kuwait",cptt-3645,3.453,0.118,0.4075,0.12,0.416,0.358,1,2.31,2.21,,,,,anwenden (Nachbarn),0.66
harmonics_noaa_cptt.txt,"Mina Al Ahmadi Refinery, Kuwait",cptt-3647,3.831,0.1077,0.4126,0.161,0.617,0.301,2,1.56,1.51,,,,,lassen (Nachbarn),0.58
harmonics_noaa_cptt.txt,"Al Manamah Harbor, Bahrain",cptt-3685,2.576,0.1164,0.2999,0.171,0.441,0.356,2,1.41,1.48,,,,,anwenden (Nachbarn),0.21
harmonics_noaa_cptt.txt,"Ras Ashairiq, Qatar",cptt-3693,2.532,0.0582,0.1474,0.135,0.341,0.262,1,0.89,0.94,,,,,anwenden (Nachbarn),0.22
harmonics_noaa_cptt.txt,"Fuwayrit (Jabal al Fuwayrit), Qatar",cptt-3695,2.508,0.0665,0.1668,0.143,0.36,0.31,2,0.96,1.01,,,,,anwenden (Nachbarn),0.22
harmonics_noaa_cptt.txt,"Khawr al Quway (Jazirat Umm al Ghanam), Oman",cptt-3759,2.146,0.1079,0.2315,0.149,0.32,0.357,1,1.85,1.64,,,,,anwenden (Nachbarn),0.57
harmonics_noaa_cptt.txt,"Didamar (Little Quoin Island), Oman",cptt-3761,2.118,0.1079,0.2286,0.133,0.281,0.382,1,2.08,1.84,,,,,anwenden (Nachbarn),0.59
harmonics_noaa_cptt.txt,"Ras al Hadd, Oman",cptt-3771,2.374,0.1151,0.2732,0.186,0.44,0.382,2,1.56,1.41,,,,,anwenden (Nachbarn),0.52
harmonics_noaa_cptt.txt,"Rounders Bay (Masirah Island), Oman",cptt-3773,2.29,0.0863,0.1977,0.146,0.334,0.364,1,1.47,1.34,,,,,anwenden (Nachbarn),0.56
harmonics_noaa_cptt.txt,"Mirbat (Marbat), Oman",cptt-3775,3.022,0.0994,0.3003,0.218,0.659,0.438,1,1.29,1.11,,,,,lassen (Nachbarn),0.75
harmonics_noaa_cptt.txt,"Mukalla, Yemen",cptt-3777,4.813,0.0994,0.4784,0.3,1.442,0.3,1,0.93,0.8,,,,,lassen (Nachbarn),0.51
harmonics_noaa_cptt.txt,"Mayyun / Perim (Bab el Mandeb Strait), Yemen",cptt-3781,3.565,0.0994,0.3544,0.257,0.916,0.459,1,1.09,0.94,,,,,lassen (Nachbarn),0.65
harmonics_noaa_cptt.txt,"Mokha (Al Mukha), Yemen",cptt-3783,5.28,0.0497,0.2624,0.257,1.356,0.4,1,0.45,0.47,,,,,lassen (Nachbarn),0.53
harmonics_noaa_cptt.txt,"Kamaran (Passage), Yemen",cptt-3785,2.799,0.0306,0.0857,0.086,0.242,0.273,1,0.75,0.77,,,,,anwenden (Nachbarn),0.08
harmonics_noaa_cptt.txt,"Sherm Rabegh, Saudi Arabia",cptt-3789,3.034,0.0184,0.0558,0.092,0.279,0.308,1,0.42,0.44,,,,,anwenden (Nachbarn),0.08
harmonics_noaa_cptt.txt,"Aqaba, Jordan",cptt-3791,3.204,0.0368,0.1179,0.119,0.382,0.286,1,0.65,0.67,,,,,anwenden (Nachbarn),0.08
harmonics_noaa_cptt.txt,"Zafarana, Egypt",cptt-3797,2.967,0.0429,0.1273,0.099,0.295,0.305,2,0.91,0.94,,,,,anwenden (Nachbarn),0.08
harmonics_noaa_cptt.txt,"Ra's Gharib, Egypt",cptt-3799,3.205,0.0245,0.0785,0.122,0.392,0.387,2,0.42,0.44,,,,,anwenden (Nachbarn),0.07
harmonics_noaa_cptt.txt,"Juzur Ashrafi, Egypt",cptt-3801,3.148,0.0184,0.0579,0.133,0.418,0.308,1,0.29,0.3,,,,,anwenden (Nachbarn),0.07
harmonics_noaa_cptt.txt,"Jazirat Shadwan, Egypt",cptt-3803,2.906,0.0184,0.0535,0.07,0.204,0.16,2,0.55,0.57,,,,,anwenden (Nachbarn),0.09
harmonics_noaa_cptt.txt,"Al Qusayr, Egypt",cptt-3805,3.022,0.0184,0.0556,0.08,0.24,0.227,1,0.48,0.5,,,,,anwenden (Nachbarn),0.08
harmonics_noaa_cptt.txt,"Harmil Island, Eritrea",cptt-3813,3.026,0.0123,0.0372,0.089,0.268,0.248,2,0.29,0.3,,,,,anwenden (Nachbarn),0.08
harmonics_noaa_cptt.txt,"Massawa (Mitsiwa), Eritrea",cptt-3815,3.105,0.0429,0.1332,0.116,0.36,0.367,2,0.78,0.8,,,,,anwenden (Nachbarn),0.08
harmonics_noaa_cptt.txt,"Djibouti (Gulf of Aden), Djibouti",cptt-3819,3.233,0.1119,0.3618,0.225,0.727,0.443,2,1.4,1.21,,,,,lassen (Nachbarn),0.72
harmonics_noaa_cptt.txt,"Zeila (Saylac), Somalia",cptt-3821,3.165,0.1056,0.3342,0.212,0.672,0.4,1,1.39,1.21,,,,,lassen (Nachbarn),0.74
harmonics_noaa_cptt.txt,"Berbera (Gulf of Aden), Somalia",cptt-3823,3.565,0.1243,0.4432,0.25,0.891,0.424,2,1.4,1.21,,,,,lassen (Nachbarn),0.66
harmonics_noaa_cptt.txt,"Cape Guardafui (Raas Caseyr), Somalia",cptt-3825,4.378,0.0994,0.4351,0.212,0.926,0.767,1,1.17,1.14,,,,,anwenden (Nachbarn),0.65
harmonics_noaa_cptt.txt,"Hobyo, Somalia",cptt-3827,1.884,0.1627,0.3066,0.343,0.646,0.866,2,1.28,1.21,,,,,anwenden (Nachbarn),0.56
harmonics_noaa_cptt.txt,"Warsheikh, Somalia",cptt-3829,1.661,0.1772,0.2943,0.281,0.467,,0,1.36,1.44,,,,,anwenden (nur Buch),0.18
harmonics_noaa_cptt.txt,"Mogadishu, Somalia",cptt-3831,1.634,0.2008,0.328,0.298,0.487,0.515,2,1.48,1.54,,,,,anwenden (Nachbarn),0.18
harmonics_noaa_cptt.txt,"Barawa (Brava), Somalia",cptt-3833,1.625,0.2245,0.3649,0.295,0.479,0.536,1,1.67,1.74,,,,,anwenden (Nachbarn),0.18
harmonics_noaa_cptt.txt,"Giuba River, Somalia",cptt-3835,1.686,0.2717,0.458,0.277,0.467,,0,2.1,2.25,,,,,anwenden (nur Buch),0.18
harmonics_noaa_cptt.txt,"Kismayo, Somalia",cptt-3837,1.641,0.2481,0.4072,0.314,0.515,0.569,1,1.74,1.81,,,,,anwenden (Nachbarn),0.18
harmonics_noaa_cptt.txt,"Buur Gaabo, Somalia",cptt-3839,1.651,0.2954,0.4876,0.31,0.512,0.497,1,2.09,2.18,,,,,anwenden (Nachbarn),0.18
harmonics_noaa_cptt.txt,"Malindi, Kenya",cptt-3841,1.67,0.3308,0.5523,0.337,0.563,0.493,2,2.17,2.25,,,,,anwenden (Nachbarn),0.17
harmonics_noaa_cptt.txt,"Wasini Island, Kenya",cptt-3845,1.639,0.3544,0.5809,0.306,0.502,0.487,2,2.54,2.65,,,,,anwenden (Nachbarn),0.18
harmonics_noaa_cptt.txt,"Mkoani (Pemba), Tanzania",cptt-3847,1.634,0.3544,0.5789,0.306,0.5,0.509,1,2.55,2.65,,,,,anwenden (Nachbarn),0.18
harmonics_noaa_cptt.txt,"Misali Island, Tanzania",cptt-3849,1.636,0.3662,0.5992,0.309,0.505,0.5,1,2.61,2.72,,,,,anwenden (Nachbarn),0.18
harmonics_noaa_cptt.txt,"Mkokotoni (Zanzibar), Tanzania",cptt-3851,1.633,0.3662,0.5982,0.305,0.498,0.509,1,2.64,2.75,,,,,anwenden (Nachbarn),0.18
harmonics_noaa_cptt.txt,"Lindi, Tanzania",cptt-3857,1.709,0.3072,0.5249,0.308,0.527,0.462,1,2.16,2.28,,,,,anwenden (Nachbarn),0.17
harmonics_noaa_cptt.txt,"Palma (Baía de Tungue), Mozambique",cptt-3859,1.644,0.3781,0.6218,0.319,0.524,0.514,1,2.62,2.72,,,,,anwenden (Nachbarn),0.17
harmonics_noaa_cptt.txt,"Mocímboa da Praia, Mozambique",cptt-3861,1.677,0.4017,0.6737,0.319,0.535,0.504,2,2.75,2.88,,,,,anwenden (Nachbarn),0.17
harmonics_noaa_cptt.txt,"Ibo, Mozambique",cptt-3863,1.649,0.4017,0.6623,0.33,0.545,0.535,2,2.7,2.78,,,,,anwenden (Nachbarn),0.17
harmonics_noaa_cptt.txt,"Pemba (Porto Amelia), Mozambique",cptt-3865,1.666,0.3899,0.6495,0.317,0.528,0.518,2,2.7,2.82,,,,,anwenden (Nachbarn),0.17
harmonics_noaa_cptt.txt,"Porto de Mozambique, Mozambique",cptt-3867,1.703,0.4017,0.6842,0.327,0.556,0.529,2,2.68,2.82,,,,,anwenden (Nachbarn),0.17
harmonics_noaa_cptt.txt,"Angoche (António Enes), Mozambique",cptt-3869,1.789,0.4017,0.7188,0.33,0.591,0.565,2,2.58,2.78,,,,,anwenden (Nachbarn),0.17
harmonics_noaa_cptt.txt,"Quelimane, Mozambique",cptt-3871,1.545,0.4515,0.6975,0.367,0.567,0.553,2,2.59,2.88,,,,,anwenden (Nachbarn),0.02
harmonics_noaa_cptt.txt,"Chinde, Mozambique",cptt-3873,1.508,0.3888,0.5864,0.34,0.512,0.575,2,2.4,2.68,,,,,anwenden (Nachbarn),0.02
harmonics_noaa_cptt.txt,"Ilha de Chiloane (Chingune), Mozambique",cptt-3877,1.532,0.6396,0.9801,0.358,0.548,0.553,1,3.76,4.19,,,,,anwenden (Nachbarn),0.02
harmonics_noaa_cptt.txt,"Bartolomeu Dias, Mozambique",cptt-3879,1.517,0.4264,0.647,0.346,0.526,0.552,1,2.58,2.88,,,,,anwenden (Nachbarn),0.02
harmonics_noaa_cptt.txt,"Bazaruto, Mozambique",cptt-3881,1.568,0.4766,0.7474,0.383,0.6,0.626,1,2.63,2.92,,,,,anwenden (Nachbarn),0.02
harmonics_noaa_cptt.txt,"Ponta da Linga Linga, Mozambique",cptt-3883,1.551,0.2944,0.4567,0.362,0.561,0.579,1,1.7,1.88,,,,,anwenden (Nachbarn),0.08
harmonics_noaa_cptt.txt,"Inhampura (Rio Limpopo), Mozambique",cptt-3887,1.536,0.1227,0.1884,0.352,0.541,0.516,2,0.73,0.8,,,,,anwenden (Nachbarn),0.08
harmonics_noaa_cptt.txt,"Richard's Bay, South Africa",cptt-3891,1.57,0.2208,0.3466,0.371,0.582,0.566,2,1.25,1.37,188_Richards_Bay.csv,0.02,13.6,10.6,anwenden (Pegel),0.08
harmonics_noaa_cptt.txt,"KuGompo City (East London), South Africa",cptt-3895,1.548,0.1963,0.3038,0.356,0.55,0.534,2,1.16,1.27,187_East_London.csv,0.0,13.1,12.2,anwenden (Pegel),0.08
harmonics_noaa_cptt.txt,"Gqeberha (Port Elizabeth), South Africa",cptt-3897,1.53,0.184,0.2815,0.342,0.524,0.523,1,1.12,1.24,184_Port_Elizabeth.csv,0.0,13.2,11.6,anwenden (Pegel),0.08
harmonics_noaa_cptt.txt,"Baie du Courrier, Madagascar",cptt-3901,1.605,0.2599,0.4171,0.286,0.459,0.448,1,2.01,2.08,,,,,anwenden (Nachbarn),0.18
harmonics_noaa_cptt.txt,"Mangerivy Bay (Port Leven), Madagascar",cptt-3905,1.541,0.1418,0.2185,0.242,0.373,0.313,1,1.3,1.34,,,,,anwenden (Nachbarn),0.19
harmonics_noaa_cptt.txt,"Vohemar, Madagascar",cptt-3907,1.593,0.13,0.2071,0.286,0.456,0.409,1,1.0,1.04,,,,,anwenden (Nachbarn),0.18
harmonics_noaa_cptt.txt,"Maroantsetra, Madagascar",cptt-3909,1.616,0.1418,0.2291,0.323,0.522,0.488,1,0.98,1.01,,,,,anwenden (Nachbarn),0.17
harmonics_noaa_cptt.txt,"Fenoarivo Atsinanana (Fénérive), Madagascar",cptt-3911,1.735,0.0751,0.1303,0.331,0.574,0.478,1,0.52,0.57,,,,,anwenden (Nachbarn),0.36
harmonics_noaa_cptt.txt,"Fort Dauphin, Madagascar",cptt-3915,1.737,0.0709,0.1232,0.346,0.601,,0,0.43,0.47,,,,,anwenden (nur Buch),0.17
harmonics_noaa_cptt.txt,"Androka, Madagascar",cptt-3917,1.815,0.2835,0.5146,0.346,0.627,0.587,1,1.73,1.88,,,,,anwenden (Nachbarn),0.16
harmonics_noaa_cptt.txt,"Cap Ankarana, Madagascar",cptt-3921,1.811,0.4017,0.7276,0.347,0.629,0.579,1,2.48,2.65,,,,,anwenden (Nachbarn),0.16
harmonics_noaa_cptt.txt,"Nosy Maroantaly, Madagascar",cptt-3923,1.773,0.4135,0.733,0.328,0.582,0.556,1,2.7,2.88,,,,,anwenden (Nachbarn),0.17
harmonics_noaa_cptt.txt,"Mahajanga, Madagascar",cptt-3925,1.657,0.4253,0.7045,0.319,0.529,0.516,1,2.93,3.05,,,,,anwenden (Nachbarn),0.17
harmonics_noaa_cptt.txt,"Zaudzi, Ile Mayotte, Mayotte",cptt-3929,1.659,0.3544,0.588,0.295,0.49,0.516,2,2.62,2.75,,,,,anwenden (Nachbarn),0.18
harmonics_noaa_cptt.txt,"Le Port (Pointe des Galets), Réunion",cptt-3931,2.722,0.0303,0.0825,0.174,0.473,0.5,2,0.37,0.4,,,,,anwenden (Nachbarn),0.68
harmonics_noaa_cptt.txt,"Port Louis, Mauritius",cptt-3933,3.245,0.0379,0.123,0.237,0.769,0.645,2,0.36,0.37,,,,,anwenden (Nachbarn),0.56
harmonics_noaa_cptt.txt,"Providence Island, Seychelles",cptt-3939,1.831,0.2835,0.519,0.358,0.656,,0,1.67,1.81,,,,,anwenden (nur Buch),0.16
harmonics_noaa_cptt.txt,"Victoria, Seychelles",cptt-3941,1.745,0.13,0.2269,0.306,0.534,0.443,1,0.91,0.97,,,,,anwenden (Nachbarn),0.17
harmonics_noaa_cptt.txt,"Christmas Island, Indonesia",cptt-3947,1.673,0.0945,0.1581,0.248,0.415,,0,0.79,0.87,,,,,anwenden (nur Buch),0.19
harmonics_noaa_cptt.txt,"Amsterdam Island, French Southern and Antarctic Lands",cptt-3949,1.547,0.1227,0.1898,0.367,0.568,,0,0.7,0.77,,,,,anwenden (nur Buch),0.08
harmonics_noaa_cptt.txt,"Betsy Cove, French Southern Territories",cptt-3953,1.586,0.1717,0.2723,0.369,0.586,0.568,1,0.98,1.07,,,,,anwenden (Nachbarn),0.08
harmonics_noaa_cptt.txt,"Baie du Morbihan, French Southern Territories",cptt-3955,1.434,0.1595,0.2288,0.289,0.414,0.424,3,1.16,1.27,PORT-AUX-FRANCAIS.csv,0.0,13.2,13.3,anwenden (Pegel),0.09
harmonics_noaa_cptt.txt,"Observatory Bay, French Southern Territories",cptt-3957,1.53,0.1963,0.3003,0.375,0.574,,0,1.11,1.21,,,,,anwenden (nur Buch),0.08
harmonics_noaa_cptt.txt,"Heard Island (Atlas Cove), Australia",cptt-3959,2.743,0.0235,0.0645,0.092,0.253,0.417,2,0.76,0.6,,,,,anwenden (Nachbarn),1.07
harmonics_noaa_cptt.txt,"Mori Ko, Iburi Wan, Hokkaido, Japan",cptt-391,2.409,0.0463,0.1115,0.138,0.332,0.463,2,1.01,0.8,A3.txt,0.8,10.9,7.8,anwenden (Pegel),1.04
harmonics_noaa_cptt.txt,"Hachinohe Ko, Aomori, Japan",cptt-459,2.317,0.0406,0.0941,0.132,0.306,0.461,2,0.93,0.74,HG.txt,0.52,8.3,5.0,anwenden (Pegel),1.06
harmonics_noaa_cptt.txt,"Nagasaki, Inubo Saki, Chiba, Japan",cptt-479,2.705,0.0463,0.1253,0.138,0.373,0.469,4,0.97,0.8,,,,,anwenden (Nachbarn),1.01
harmonics_noaa_cptt.txt,"Fukahori, Nagasaki, Japan",cptt-869,2.291,0.1925,0.4411,0.214,0.491,0.447,4,1.98,2.01,,,,,anwenden (Nachbarn),0.36
harmonics_noaa_cptt.txt,"Mikata, Aso Wan, Nagasaki, Japan",cptt-917,2.209,0.1423,0.3144,0.198,0.438,0.47,5,1.49,1.61,,,,,anwenden (Nachbarn),0.37
