haufen,spur,name,datei,zeile,lat,lon,abgeleitet,alt_lat,alt_lon,max_km,max_kurve,kette,namen
1,N,"Abashiri Byochi, Hokkaido, Japan",harmonics/noaa/harmonics_noaa_cptt.txt,48052,44.0167,144.2667,1,,,1.56,0.041,,aehnlich
1,N,"Abashiri, Hokkaido, Japan",harmonics/ticon/harmonics_ticon4_worldwide.txt,15415,44.0195,144.2858,,44.0170,144.2830,1.56,0.041,,aehnlich
1,N,"Abashiri, Hokkaido, Japan",harmonics/utide/harmonics_utide_observations.txt,95536,44.0195,144.2858,,,,1.56,0.041,,aehnlich
2,N,"Aberdeen, Scotland, United Kingdom",harmonics/ticon/harmonics_ticon4_worldwide.txt,15618,57.1440,-2.0802,,,,0.00,0.005,,gleich
2,N,"Aberdeen, Scotland, United Kingdom",harmonics/utide/harmonics_utide_observations.txt,196669,57.1440,-2.0802,,,,0.00,0.005,,gleich
3,N,"Aberdovey, Wales, United Kingdom",harmonics/noaa/harmonics_noaa_eutt.txt,65928,52.5429,-4.0456,1,,,0.00,0.094,,gleich
3,N,"Aberdovey, Wales, United Kingdom",harmonics/utide/harmonics_utide_tidetables.txt,403600,52.5429,-4.0456,,,,0.00,0.094,,gleich
4,N,"Aberystwyth, Wales, United Kingdom",harmonics/classic/harmonics-1997-05-25_mod.txt,1826,52.4115,-4.0863,,52.4071,-4.0902,0.00,0.045,,gleich
4,N,"Aberystwyth, Wales, United Kingdom",harmonics/utide/harmonics_utide_tidetables.txt,403986,52.4115,-4.0863,,,,0.00,0.045,,gleich
5,HLN,"Abidjan (Canal de Vridi), Ivory Coast",harmonics/att/harmonics_att_np208.txt,17491,5.2503,-4.0019,,5.2500,-4.0000,0.00,0.141,,gleich
5,HLN,"Abidjan (Canal de Vridi), Ivory Coast",harmonics/noaa/harmonics_noaa_eutt.txt,28288,5.2503,-4.0019,1,,,0.00,0.141,,gleich
5,HLN,"Abidjan (Canal de Vridi), Ivory Coast",harmonics/ticon/harmonics_ticon4_worldwide.txt,15821,5.2503,-4.0019,,5.2420,-4.0000,0.00,0.141,,gleich
5,HLN,"Abidjan (Canal de Vridi), Ivory Coast",harmonics/utide/harmonics_utide_observations.txt,201791,5.2503,-4.0019,,5.2515,-4.0025,0.00,0.141,,gleich
6,N,"Abott Harbour, Nova Scotia, Canada",harmonics/classic/harmonics-2004-06-14_mod.txt,3646,43.6637,-65.8238,,43.6667,-65.8167,0.02,0.014,,aehnlich
6,N,"Abbotts Harbour, Nova Scotia, Canada",harmonics/utide/harmonics_utide_tidetables.txt,201791,43.6638,-65.8240,,,,0.02,0.014,,aehnlich
7,L,"Abrahams Bay, Mayaguana Island, Bahamas",harmonics/classic/harmonics-2004-06-14_mod.txt,3841,22.3641,-72.9714,,22.3667,-73.0000,2.96,0.056,,aehnlich
7,L,"Abraham Bay, Mayaguana Island, Bahamas",harmonics/noaa/harmonics_noaa_carib.txt,18642,22.3667,-73.0000,,,,2.96,0.056,,aehnlich
8,N,"Abu Ali Pier, Saudi Arabia",harmonics/att/harmonics_att_np203_secondary.txt,76406,27.3004,49.6453,,27.3000,49.6500,0.00,0.034,,gleich
8,N,"Abu Ali Pier, Saudi Arabia",harmonics/utide/harmonics_utide_tidetables.txt,686650,27.3004,49.6453,,,,0.00,0.034,,gleich
9,N,"Abu Sa'fah, Saudi Arabia",harmonics/att/harmonics_att_np203_secondary.txt,75827,26.9304,50.5034,,26.9500,50.5000,0.01,0.021,,aehnlich
9,N,"Abu Safah GOSP, Saudi Arabia",harmonics/utide/harmonics_utide_tidetables.txt,686847,26.9304,50.5034,,,,0.01,0.021,,aehnlich
10,N,"Aburatsu, Miyazaki, Japan",harmonics/ticon/harmonics_ticon4_worldwide.txt,16027,31.5770,131.4095,,31.5830,131.4170,0.00,0.004,,gleich
10,N,"Aburatsu, Miyazaki, Japan",harmonics/utide/harmonics_utide_observations.txt,95738,31.5770,131.4095,,,,0.00,0.004,,gleich
11,N,"Acajutla, El Salvador",harmonics/ticon/harmonics_ticon4_worldwide.txt,16427,13.5738,-89.8381,,13.5830,-89.8330,0.00,0.004,,gleich
11,N,"Acajutla, El Salvador",harmonics/utide/harmonics_utide_observations.txt,54208,13.5738,-89.8381,,,,0.00,0.004,,gleich
12,HN,"Acapulco, Guerrero, Mexico",harmonics/noaa/harmonics_noaa_amtt.txt,116036,16.8406,-99.9090,1,,,0.00,0.237,,gleich
12,HN,"Acapulco (Puerto), Guerrero, Mexico",harmonics/ticon/harmonics_ticon4_worldwide.txt,16628,16.8406,-99.9090,,16.8400,-99.9120,0.00,0.237,,gleich
12,HN,"Acapulco, Guerrero, Mexico",harmonics/utide/harmonics_utide_observations.txt,145583,16.8406,-99.9090,,16.8400,-99.9120,0.00,0.237,,gleich
13,N,"Accra, Ghana",harmonics/att/harmonics_att_np208_secondary.txt,35962,5.5347,-0.2082,,,,0.00,0.047,,gleich
13,N,"Accra, Ghana",harmonics/noaa/harmonics_noaa_eutt.txt,27509,5.5347,-0.2082,1,,,0.00,0.047,,gleich
14,H,"Ada Foah (Volta River), Ghana",harmonics/att/harmonics_att_np208_secondary.txt,36157,5.7834,0.6398,,,,0.00,0.134,,gleich
14,H,"Ada Foah (Volta River), Ghana",harmonics/noaa/harmonics_noaa_eutt.txt,27119,5.7834,0.6398,1,,,0.00,0.134,,gleich
15,N,"Addoo Atoll, Maldives",harmonics/att/harmonics_att_np203_secondary.txt,88612,-0.6830,73.1500,,,,0.58,0.017,,verschieden
15,N,"Gan, Maldives",harmonics/ticon/harmonics_ticon4_worldwide.txt,61373,-0.6878,73.1520,,-0.6870,73.1520,0.58,0.017,,verschieden
16,N,"Agadir, Morocco",harmonics/att/harmonics_att_np208.txt,15398,30.4210,-9.6380,,,,0.03,0.032,,gleich
16,N,"Agadir, Morocco",harmonics/classic/harmonics-1997-05-25_mod.txt,2071,30.4208,-9.6378,,30.4167,-9.6167,0.03,0.032,,gleich
16,N,"Agadir, Morocco",harmonics/utide/harmonics_utide_tidetables.txt,322899,30.4208,-9.6378,,,,0.03,0.032,,gleich
17,N,"Agalega, Mauritius",harmonics/att/harmonics_att_np203_secondary.txt,34254,-10.3456,56.5856,,,,0.00,0.053,,gleich
17,N,"Agalega, Mauritius",harmonics/utide/harmonics_utide_observations.txt,225015,-10.3456,56.5856,,,,0.00,0.053,,gleich
18,N,"Aguasa Bay, Philippines",harmonics/att/harmonics_att_np203_scs.txt,72308,13.2833,122.5167,,,,0.00,0.050,,gleich
18,N,"Aguasa Bay, Camarines Sur, Philippines",harmonics/noaa/harmonics_noaa_cptt.txt,217954,13.2833,122.5167,1,,,0.00,0.050,,gleich
19,N,"Ailinglapalap Atoll, Marshall Islands",harmonics/att/harmonics_att_np204_secondary.txt,15004,7.2833,168.7500,,,,0.00,0.039,,gleich
19,N,"Ailinglapalap Atoll, Marshall Islands",harmonics/noaa/harmonics_noaa_pacif.txt,18994,7.2833,168.7500,,,,0.00,0.039,,gleich
20,H,"Aioi, Hyogo, Japan",harmonics/classic/harmonics-2004-06-14_mod.txt,5765,34.8032,134.4650,,34.8000,134.4670,2.22,0.118,,verschieden
20,H,"O-O Wan, Hyogo, Japan",harmonics/noaa/harmonics_noaa_cptt.txt,60585,34.7833,134.4667,1,,,2.22,0.118,,verschieden
21,N,"Air Bangis, Indonesia",harmonics/att/harmonics_att_np203_scs.txt,51542,0.2000,99.3833,,,,1.85,0.069,,aehnlich
21,N,"Ajerbangis, Sumatra, Indonesia",harmonics/noaa/harmonics_noaa_cptt.txt,148768,0.2000,99.3667,1,,,1.85,0.069,,aehnlich
22,N,"Airstrip Point, Nunavut, Canada",harmonics/classic/harmonics-2004-06-14_mod.txt,5955,76.0702,-97.5900,,76.0833,-97.7333,0.00,0.000,,gleich
22,N,"Airstrip Point, Nunavut, Canada",harmonics/utide/harmonics_utide_tidetables.txt,250584,76.0702,-97.5900,,,,0.00,0.000,,gleich
23,N,"Ajiro, Shizuoka, Japan",harmonics/classic/harmonics-2004-06-14_mod.txt,15553,35.0463,139.0825,,35.0500,139.0830,0.42,0.063,,gleich
23,N,"Ajiro Ko, Shizuoka, Japan",harmonics/noaa/harmonics_noaa_cptt.txt,52373,35.0500,139.0833,1,,,0.42,0.063,,gleich
24,N,"Akabane, Aichi, Japan",harmonics/ticon/harmonics_ticon4_worldwide.txt,17436,34.6050,137.1883,,,,0.00,0.003,,gleich
24,N,"Akabane, Aichi, Japan",harmonics/utide/harmonics_utide_observations.txt,96130,34.6050,137.1883,,,,0.00,0.003,,gleich
25,N,"Akaroa, Canterbury, New Zealand",harmonics/noaa/harmonics_noaa_cptt.txt,224966,-43.8000,172.9167,1,,,0.28,0.067,,verschieden
25,N,"Tikao Bay, New Zealand",harmonics/utide/harmonics_utide_tidetables.txt,529150,-43.7976,172.9179,,,,0.28,0.067,,verschieden
26,H,"Akassa (Nun River), Nigeria",harmonics/classic/harmonics-1997-05-25_mod.txt,2440,4.3285,6.0654,,4.3167,6.0667,0.00,0.370,1,gleich
26,H,"Akassa (Nun River), Nigeria",harmonics/noaa/harmonics_noaa_eutt.txt,25924,4.3285,6.0654,1,,,0.00,0.370,1,gleich
27,N,"Akita, Akita, Japan",harmonics/ticon/harmonics_ticon4_worldwide.txt,17634,39.7461,140.0658,,,,0.00,0.005,,gleich
27,N,"Akita, Akita, Japan",harmonics/utide/harmonics_utide_observations.txt,96712,39.7461,140.0658,,,,0.00,0.005,,gleich
28,LN,"Akkeshi Ko, Hokkaido, Japan",harmonics/classic/harmonics-2004-06-14_mod.txt,6341,43.0328,144.8610,,43.0333,144.8670,1.68,0.101,,aehnlich
28,LN,"Akkeshi, Hokkaido, Japan",harmonics/classic/harmonics-2004-06-14_mod.txt,6534,43.0394,144.8424,,43.0333,144.8500,1.68,0.101,,aehnlich
28,LN,"Akkeshi Wan, Hokkaido, Japan",harmonics/noaa/harmonics_noaa_cptt.txt,45891,43.0333,144.8500,1,,,1.68,0.101,,aehnlich
29,N,"Ako (Miyakeshima), Tokyo, Japan",harmonics/ticon/harmonics_ticon4_worldwide.txt,121733,34.0672,139.4808,,,,0.00,0.002,,gleich
29,N,"Ako (Miyakeshima), Tokyo, Japan",harmonics/utide/harmonics_utide_observations.txt,117222,34.0672,139.4808,,,,0.00,0.002,,gleich
30,N,"Akranes, Iceland",harmonics/att/harmonics_att_np202_secondary.txt,18304,64.3167,-22.1000,,,,0.00,0.024,,gleich
30,N,"Akranes, Iceland",harmonics/noaa/harmonics_noaa_eutt.txt,79759,64.3167,-22.1000,1,,,0.00,0.024,,gleich
31,N,"Akune, Kagoshima, Japan",harmonics/ticon/harmonics_ticon4_worldwide.txt,17836,32.0175,130.1911,,,,0.00,0.005,,gleich
31,N,"Akune, Kagoshima, Japan",harmonics/utide/harmonics_utide_observations.txt,96910,32.0175,130.1911,,,,0.00,0.005,,gleich
32,N,"Akureyri, Iceland",harmonics/classic/harmonics-2004-06-14_mod.txt,6917,65.6833,-18.1167,,,,1.53,0.059,,gleich
32,N,"Akureyri, Iceland",harmonics/noaa/harmonics_noaa_eutt.txt,80349,65.6833,-18.0833,1,,,1.53,0.059,,gleich
33,N,"Al Arabiyah, Saudi Arabia",harmonics/att/harmonics_att_np203_secondary.txt,76792,27.7788,50.1763,,27.7830,50.1830,0.01,0.035,,gleich
33,N,"Al Arabiyah, Saudi Arabia",harmonics/utide/harmonics_utide_tidetables.txt,687044,27.7788,50.1763,,,,0.01,0.035,,gleich
34,N,"Al Qusayr, Egypt",harmonics/att/harmonics_att_np203_secondary.txt,49255,26.1000,34.2830,,,,0.00,0.096,,gleich
34,N,"Al Qusayr, Egypt",harmonics/noaa/harmonics_noaa_cptt.txt,280134,26.1000,34.2830,1,,,0.00,0.096,,gleich
35,N,"Albany Island, Endeavour Strait, Queensland, Australia",harmonics/classic/harmonics-2004-06-14_mod.txt,7302,-10.7167,142.5833,,,,1.46,0.022,,verschieden
35,N,"Frederick Point, Queensland, Australia",harmonics/utide/harmonics_utide_tidetables.txt,67169,-10.7167,142.5967,,,,1.46,0.022,,verschieden
36,H,"Albany, Princess Royal Harbor, Western Australia, Australia",harmonics/noaa/harmonics_noaa_cptt.txt,256194,-35.0333,117.8833,1,,,0.85,0.161,,gleich
36,H,"Albany, Western Australia, Australia",harmonics/ticon/harmonics_ticon4_worldwide.txt,18236,-35.0337,117.8926,,,,0.85,0.161,,gleich
37,N,"Albufeira (Ponta da Baleeira), Portugal",harmonics/noaa/harmonics_noaa_eutt.txt,40817,37.0825,-8.2604,1,,,0.00,0.068,,gleich
37,N,"Albufeira (Ponta da Baleeira), Portugal",harmonics/utide/harmonics_utide_observations.txt,185432,37.0825,-8.2604,,,,0.00,0.068,,gleich
38,N,"Alexandria (Al Iskandariyah), Egypt",harmonics/att/harmonics_att_np208.txt,35443,31.2165,29.9219,,31.1670,29.8500,0.01,0.095,,gleich
38,N,"Alexandria (Al Iskandariyah), Egypt",harmonics/ticon/harmonics_ticon4_worldwide.txt,18442,31.2166,29.9218,,31.2143,29.9189,0.01,0.095,,gleich
38,N,"Alexandria (Al Iskandariyah), Egypt",harmonics/utide/harmonics_utide_observations.txt,54007,31.2166,29.9218,,31.2120,29.9230,0.01,0.095,,gleich
39,G,"Algeciras (San Roque), Spain",harmonics/classic/harmonics_puertos_spain.txt,15213,36.1770,-5.3984,,,,7.32,0.012,1,gleich
39,G,"Algeciras, Spain",harmonics/ticon/harmonics_ticon4_worldwide.txt,18640,36.1183,-5.4353,,,,7.32,0.012,1,gleich
40,G,"Amagasaki, Hyogo, Japan",harmonics/classic/harmonics-2004-06-14_mod.txt,8065,34.7000,135.4000,,,,0.00,0.009,,gleich
40,G,"Amagasaki, Hyogo, Japan",harmonics/utide/harmonics_utide_observations.txt,97104,34.7000,135.4000,,,,0.00,0.009,,gleich
41,N,"Amble, England, United Kingdom",harmonics/utide/harmonics_utide_tidetables.txt,404959,55.3388,-1.5721,,,,2.53,0.021,,verschieden
41,N,"Coquet Island, England, United Kingdom",harmonics/utide/harmonics_utide_tidetables.txt,433047,55.3333,-1.5333,,,,2.53,0.021,,verschieden
42,N,"Ambleside, British Columbia, Canada",harmonics/utide/harmonics_utide_observations.txt,39089,49.3258,-123.1546,,,,0.00,0.003,,gleich
42,N,"Ambleside, British Columbia, Canada",harmonics/utide/harmonics_utide_tidetables.txt,107677,49.3258,-123.1546,,,,0.00,0.003,,gleich
43,GN,"Ambon, Indonesia",harmonics/att/harmonics_att_np203_scs.txt,136958,-3.6833,128.1833,,,,2.62,0.037,,gleich
43,GN,"Ambon, Maluku, Indonesia",harmonics/ticon/harmonics_ticon4_worldwide.txt,19649,-3.7000,128.2000,,,,2.62,0.037,,gleich
43,GN,"Ambon, Maluku, Indonesia",harmonics/utide/harmonics_utide_observations.txt,90015,-3.7000,128.2000,,,,2.62,0.037,,gleich
44,N,"Ambriz, Angola",harmonics/att/harmonics_att_np208_secondary.txt,46215,-7.8339,13.1018,,-7.8670,13.1330,0.00,0.060,,gleich
44,N,"Ambriz, Angola",harmonics/noaa/harmonics_noaa_eutt.txt,20131,-7.8339,13.1018,1,,,0.00,0.060,,gleich
45,H,"Amlwch, Wales, United Kingdom",harmonics/noaa/harmonics_noaa_eutt.txt,66522,53.4154,-4.3330,1,,,0.00,0.164,,gleich
45,H,"Amlwch, Wales, United Kingdom",harmonics/utide/harmonics_utide_tidetables.txt,405152,53.4154,-4.3330,,,,0.00,0.164,,gleich
46,H,"Ampenan, Indonesia",harmonics/att/harmonics_att_np203_scs.txt,129576,-8.5667,116.0667,,,,0.00,0.200,,gleich
46,H,"Ampenan, Lombok, Indonesia",harmonics/noaa/harmonics_noaa_cptt.txt,154261,-8.5667,116.0667,1,,,0.00,0.200,,gleich
47,N,"Amuay, Venezuela",harmonics/classic/harmonics-1997-05-25_mod.txt,2929,11.7489,-70.2178,,11.7500,-70.2167,0.17,0.019,,gleich
47,N,"Amuay, Venezuela (2)",harmonics/utide/harmonics_utide_tidetables.txt,667939,11.7500,-70.2167,,,,0.17,0.019,,gleich
48,H,"An-p'ing Kang, Taiwan",harmonics/noaa/harmonics_noaa_cptt.txt,117728,23.0000,120.1500,1,,,1.30,0.107,,aehnlich
48,H,"Anping, Taiwan",harmonics/utide/harmonics_utide_tidetables.txt,398423,22.9883,120.1497,,,,1.30,0.107,,aehnlich
49,K,"Anaga (Awaji-shima), Hyogo, Japan",harmonics/classic/harmonics-2004-06-14_mod.txt,8836,34.2708,134.6676,,34.2667,134.6670,0.46,0.043,,aehnlich
49,K,"Anaga Ura, Awaji, Hyogo, Japan",harmonics/noaa/harmonics_noaa_cptt.txt,58835,34.2667,134.6667,1,,,0.46,0.043,,aehnlich
50,N,"Anchorage (Knik Arm), Alaska",harmonics/classic/harmonics-2004-06-14_mod.txt,9222,61.2383,-149.9167,,,,1.41,0.017,,gleich
50,N,"Anchorage, Knik Arm, Cook Inlet, Alaska",harmonics/classic/harmonics-dwf-20251228-free.txt,228855,61.2375,-149.8904,,,,1.41,0.017,,gleich
51,N,"Ancud, Chile",harmonics/noaa/harmonics_noaa_amtt.txt,66884,-41.8674,-73.8329,1,,,0.00,0.079,,gleich
51,N,"Ancud, Chile",harmonics/utide/harmonics_utide_observations.txt,51820,-41.8674,-73.8329,,-41.8700,-73.8300,0.00,0.079,,gleich
52,N,"Andenes, Norway",harmonics/noaa/harmonics_noaa_eutt.txt,89749,69.3261,16.1348,1,,,0.00,0.025,,gleich
52,N,"Andenes, Norway",harmonics/ticon/harmonics_ticon4_worldwide.txt,20260,69.3261,16.1348,,69.3170,16.1500,0.00,0.025,,gleich
52,N,"Andenes, Norway",harmonics/utide/harmonics_utide_observations.txt,169540,69.3261,16.1348,,,,0.00,0.025,,gleich
53,N,"Andoany (Hellville), Madagascar",harmonics/att/harmonics_att_np203_secondary.txt,24914,-13.4080,48.2810,,-13.4000,48.3000,0.01,0.035,,verschieden
53,N,"Andoany / Hell-Ville (Nosy Be), Madagascar",harmonics/classic/harmonics-1997-05-25_mod.txt,13683,-13.4080,48.2811,,-13.4000,48.2833,0.01,0.035,,verschieden
53,N,"Andoany / Hell-Ville (Nosy Be), Madagascar",harmonics/ticon/harmonics_ticon4_worldwide.txt,132946,-13.4080,48.2811,,-13.4000,48.3000,0.01,0.035,,verschieden
53,N,"Andoany / Hell-Ville (Nosy Be), Madagascar",harmonics/utide/harmonics_utide_observations.txt,26946,-13.4080,48.2811,,-13.4030,48.3000,0.01,0.035,,verschieden
54,N,"Androka, Madagascar",harmonics/att/harmonics_att_np203_secondary.txt,29785,-25.0259,44.0630,,,,0.00,0.093,,gleich
54,N,"Androka, Madagascar",harmonics/noaa/harmonics_noaa_cptt.txt,288350,-25.0259,44.0630,1,,,0.00,0.093,,gleich
55,N,"Anewa Bay, North Solomons, Papua New Guinea",harmonics/classic/harmonics-2004-06-14_mod.txt,9612,-6.1838,155.5436,,-6.1833,155.5500,0.00,0.011,,gleich
55,N,"Anewa Bay, North Solomons, Papua New Guinea",harmonics/ticon/harmonics_ticon4_worldwide.txt,20462,-6.1838,155.5436,,-6.1830,155.8830,0.00,0.011,,gleich
55,N,"Anewa Bay, North Solomons, Papua New Guinea",harmonics/utide/harmonics_utide_observations.txt,181077,-6.1838,155.5436,,-6.1830,155.8830,0.00,0.011,,gleich
56,GN,"Angoche (António Enes), Mozambique",harmonics/att/harmonics_att_np203.txt,21704,-16.2355,39.9007,,,,9.43,0.090,1,gleich
56,GN,"Angoche (Canal do Sul), Mozambique",harmonics/att/harmonics_att_np203_secondary.txt,23360,-16.2565,39.9863,,,,9.43,0.090,1,gleich
56,GN,"Angoche (António Enes), Mozambique",harmonics/classic/harmonics-1997-05-25_mod.txt,3173,-16.2355,39.9007,,-16.2333,39.9000,9.43,0.090,1,gleich
56,GN,"Angoche (António Enes), Mozambique",harmonics/noaa/harmonics_noaa_cptt.txt,285035,-16.2355,39.9007,1,,,9.43,0.090,1,gleich
57,N,"Angra do Heroísmo (Terceira), Açores, Portugal",harmonics/ticon/harmonics_ticon4_worldwide.txt,20665,38.6515,-27.2155,,38.6500,-27.2400,0.00,0.003,,gleich
57,N,"Angra do Heroísmo (Terceira), Açores, Portugal",harmonics/utide/harmonics_utide_observations.txt,183851,38.6515,-27.2155,,38.6500,-27.2167,0.00,0.003,,gleich
58,N,"Anheung Sinjindo, South Korea",harmonics/utide/harmonics_utide_tidetables.txt,298025,36.6667,126.1333,,,,1.87,0.000,,verschieden
58,N,"Anheung Harbor, South Korea",harmonics/utide/harmonics_utide_tidetables.txt,306982,36.6835,126.1329,,,,1.87,0.000,,verschieden
59,N,"Anilao, Philippines",harmonics/att/harmonics_att_np203_scs.txt,72696,13.7667,120.9167,,,,0.00,0.068,,gleich
59,N,"Anilao, Balayan Bay, Batangas, Philippines",harmonics/noaa/harmonics_noaa_cptt.txt,206955,13.7667,120.9167,1,,,0.00,0.068,,gleich
60,N,"Aniniy, Philippines",harmonics/att/harmonics_att_np203_scs.txt,66294,10.4333,121.9167,,,,0.00,0.030,,gleich
60,N,"Aniniy, Antique, Philippines",harmonics/noaa/harmonics_noaa_cptt.txt,188421,10.4333,121.9167,1,,,0.00,0.030,,gleich
61,N,"Anma Do, South Korea",harmonics/classic/harmonics-1997-05-25_mod.txt,3051,35.3500,126.0167,,,,0.00,0.046,,gleich
61,N,"Anma-do, Anma-kundo, Jeju-do, South Korea",harmonics/noaa/harmonics_noaa_cptt.txt,88540,35.3500,126.0167,1,,,0.00,0.046,,gleich
62,H,"Annobón, Equatorial Guinea",harmonics/att/harmonics_att_np208_secondary.txt,44472,-1.4052,5.6404,,,,0.00,0.161,,gleich
62,H,"Annobón, Equatorial Guinea",harmonics/noaa/harmonics_noaa_eutt.txt,21925,-1.4052,5.6404,1,,,0.00,0.161,,gleich
63,H,"Anse Betsy, French Southern Territories",harmonics/att/harmonics_att_np203_secondary.txt,15585,-49.1500,70.1830,,,,1.24,0.109,,verschieden
63,H,"Betsy Cove, French Southern Territories",harmonics/noaa/harmonics_noaa_cptt.txt,290506,-49.1500,70.2000,1,,,1.24,0.109,,verschieden
64,N,"Anse de Primel, France",harmonics/classic/harmonics-pierre-lavergne-v10_mod.txt,10917,48.7156,-3.8142,,,,0.00,0.013,,gleich
64,N,"Anse de Primel, France",harmonics/utide/harmonics_utide_tidetables.txt,323874,48.7156,-3.8142,,48.7167,-3.8333,0.00,0.013,,gleich
65,H,"Anstruther Easter, Scotland, United Kingdom",harmonics/noaa/harmonics_noaa_eutt.txt,55985,56.2196,-2.6970,1,,,0.00,0.100,,gleich
65,H,"Anstruther Easter, Scotland, United Kingdom",harmonics/utide/harmonics_utide_tidetables.txt,405541,56.2196,-2.6970,,,,0.00,0.100,,gleich
66,N,"Antalya, Turkey",harmonics/ticon/harmonics_ticon4_worldwide.txt,20863,36.8355,30.6126,,36.8333,30.6167,0.00,0.092,,gleich
66,N,"Antalya, Turkey",harmonics/utide/harmonics_utide_observations.txt,213901,36.8355,30.6126,,,,0.00,0.092,,gleich
67,N,"Antilla, Cuba",harmonics/att/harmonics_att_np202_secondary.txt,92406,20.8333,-75.7333,,,,0.00,0.044,,gleich
67,N,"Antilla (Bahía de Nipe), Cuba",harmonics/noaa/harmonics_noaa_carib.txt,19979,20.8333,-75.7333,,,,0.00,0.044,,gleich
68,N,"Antimonan, Philippines",harmonics/att/harmonics_att_np203_scs.txt,77358,14.0000,121.9167,,,,0.00,0.052,,aehnlich
68,N,"Atimonan, Marinduque, Philippines",harmonics/noaa/harmonics_noaa_cptt.txt,213708,14.0000,121.9167,1,,,0.00,0.052,,aehnlich
69,N,"Antsiranana (Diego Suarez), Madagascar",harmonics/att/harmonics_att_np203.txt,22278,-12.2672,49.2886,,-12.2670,49.2890,0.00,0.043,,gleich
69,N,"Antsiranana (Diego-Suarez), Madagascar",harmonics/classic/harmonics-1997-05-25_mod.txt,10875,-12.2672,49.2886,,-12.2667,49.2833,0.00,0.043,,gleich
69,N,"Antsiranana (Diego-Suarez), Madagascar",harmonics/utide/harmonics_utide_tidetables.txt,324069,-12.2672,49.2886,,,,0.00,0.043,,gleich
70,G,"Aohama, Kyushu, Fukuoka, Japan",harmonics/noaa/harmonics_noaa_cptt.txt,68200,33.9500,131.0167,1,,,0.23,0.060,,gleich
70,G,"Aohama, Fukuoka, Japan",harmonics/ticon/harmonics_ticon4_worldwide.txt,21267,33.9488,131.0187,,33.9488,131.0187,0.23,0.060,,gleich
70,G,"Aohama, Fukuoka, Japan",harmonics/utide/harmonics_utide_observations.txt,97492,33.9488,131.0187,,,,0.23,0.060,,gleich
71,N,"Aomori, Aomori, Japan",harmonics/ticon/harmonics_ticon4_worldwide.txt,21467,40.8353,140.7639,,,,0.00,0.011,,gleich
71,N,"Aomori, Aomori, Japan",harmonics/utide/harmonics_utide_observations.txt,97882,40.8353,140.7639,,,,0.00,0.011,,gleich
72,N,"Aoshima, Ehime, Japan",harmonics/classic/harmonics-2004-06-14_mod.txt,9805,33.7360,132.4876,,33.7333,132.4830,0.50,0.073,,gleich
72,N,"Ao Shima, Ehime, Japan",harmonics/noaa/harmonics_noaa_cptt.txt,65261,33.7333,132.4833,1,,,0.50,0.073,,gleich
73,H,"Aparri, Philippines",harmonics/att/harmonics_att_np203_scs.txt,74642,18.3500,121.6333,,,,0.00,0.121,,gleich
73,H,"Aparri, Cagayan River, Cagayan, Philippines",harmonics/noaa/harmonics_noaa_cptt.txt,209850,18.3500,121.6333,1,,,0.00,0.121,,gleich
74,N,"Apo Island, Philippines",harmonics/att/harmonics_att_np203_scs.txt,64354,12.6667,120.4000,,,,0.00,0.036,,gleich
74,N,"Apo Island, Mindoro Strait, Occidental Mindoro, Philippines",harmonics/noaa/harmonics_noaa_cptt.txt,187844,12.6667,120.4000,1,,,0.00,0.036,,gleich
75,H,"Apowan, Vietnam",harmonics/att/harmonics_att_np203_scs.txt,159084,20.7167,107.0500,,,,0.00,0.363,1,verschieden
75,H,"Cat Ba, Isle de la Cat Ba, Vietnam",harmonics/noaa/harmonics_noaa_cptt.txt,129215,20.7167,107.0500,1,,,0.00,0.363,1,verschieden
76,H,"Appledore, England, United Kingdom",harmonics/noaa/harmonics_noaa_eutt.txt,64144,51.0551,-4.1912,1,,,0.00,0.184,,gleich
76,H,"Appledore, England, United Kingdom",harmonics/utide/harmonics_utide_tidetables.txt,405927,51.0551,-4.1912,,,,0.00,0.184,,gleich
77,GN,"Aqaba, Jordan",harmonics/att/harmonics_att_np203_secondary.txt,51194,29.5170,35.0000,,,,12.19,0.092,1,gleich
77,GN,"Aqaba, Jordan",harmonics/noaa/harmonics_noaa_cptt.txt,279152,29.5167,35.0000,1,,,12.19,0.092,1,gleich
77,GN,"Aqaba, Jordan",harmonics/utide/harmonics_utide_observations.txt,142228,29.4090,34.9787,,,,12.19,0.092,1,gleich
78,N,"Ar Ru'ays, Qatar",harmonics/att/harmonics_att_np203.txt,33779,26.1453,51.2100,,26.1300,51.2200,0.00,0.000,,gleich
78,N,"Ar Ru'ays, Qatar",harmonics/att/harmonics_att_np203_secondary.txt,70615,26.1453,51.2100,,26.1667,51.1833,0.00,0.000,,gleich
79,N,"Aracaju (Capitania dos Portos), Sergipe, Brazil",harmonics/att/harmonics_att_np207.txt,35746,-10.9204,-37.0457,,-10.9167,-37.0500,0.00,0.021,,gleich
79,N,"Aracaju (Capitania dos Portos), Sergipe, Brazil",harmonics/utide/harmonics_utide_tidetables.txt,89757,-10.9204,-37.0457,,,,0.00,0.021,,gleich
80,N,"Aransas Channel, Texas",harmonics/classic/harmonics-2004-06-14_mod.txt,11339,27.8383,-97.0517,,,,1.25,0.058,,verschieden
80,N,"Aransas, Aransas Pass, Texas",harmonics/classic/harmonics-dwf-20251228-free.txt,173697,27.8366,-97.0391,,,,1.25,0.058,,verschieden
81,N,"Arbroath, Scotland, United Kingdom",harmonics/utide/harmonics_utide_observations.txt,218060,56.5555,-2.5831,,,,0.00,0.032,,gleich
81,N,"Arbroath, Scotland, United Kingdom",harmonics/utide/harmonics_utide_tidetables.txt,406120,56.5555,-2.5831,,,,0.00,0.032,,gleich
82,N,"Arcachon (Jetée d'Eyrac), France",harmonics/utide/harmonics_utide_observations.txt,54809,44.6650,-1.1636,,,,0.01,0.007,,gleich
82,N,"Arcachon (Jetée d'Eyrac), France",harmonics/utide/harmonics_utide_tidetables.txt,324270,44.6649,-1.1635,,44.6643,-1.1637,0.01,0.007,,gleich
83,N,"Ardrossan (Firth of Clyde), Scotland, United Kingdom",harmonics/noaa/harmonics_noaa_eutt.txt,70292,55.6409,-4.8244,1,,,0.00,0.044,,gleich
83,N,"Ardrossan (Firth of Clyde), Scotland, United Kingdom",harmonics/utide/harmonics_utide_tidetables.txt,406892,55.6409,-4.8244,,,,0.00,0.044,,gleich
84,N,"Ardrossan, South Australia, Australia",harmonics/classic/harmonics-2004-06-14_mod.txt,11916,-34.4333,137.9167,,,,0.00,0.053,,gleich
84,N,"Ardrossan, Gulf of St. Vincent, South Australia, Australia",harmonics/noaa/harmonics_noaa_cptt.txt,254635,-34.4333,137.9167,1,,,0.00,0.053,,gleich
85,H,"Arendal, Norway",harmonics/classic/harmonics-1997-05-25_mod.txt,3295,58.4574,8.7674,,58.4500,8.7667,0.00,0.201,,gleich
85,H,"Arendal, Norway",harmonics/noaa/harmonics_noaa_eutt.txt,88381,58.4574,8.7674,1,,,0.00,0.201,,gleich
86,N,"Argentia, Newfoundland, Canada",harmonics/utide/harmonics_utide_observations.txt,46110,47.2900,-53.9919,,,,0.00,0.003,,gleich
86,N,"Argentia, Newfoundland, Canada",harmonics/utide/harmonics_utide_tidetables.txt,176299,47.2900,-53.9919,,,,0.00,0.003,,gleich
87,N,"Arica, Chile",harmonics/noaa/harmonics_noaa_amtt.txt,99570,-18.4693,-70.3235,1,,,0.61,0.023,,gleich
87,N,"Arica, Chile",harmonics/ticon/harmonics_ticon4_worldwide.txt,21877,-18.4693,-70.3235,,-18.4670,-70.3330,0.61,0.023,,gleich
87,N,"Arica, Chile",harmonics/utide/harmonics_utide_observations.txt,205636,-18.4748,-70.3230,,-18.4770,-70.3220,0.61,0.023,,gleich
88,N,"Arikawa (Nakadorijima), Nagasaki, Japan",harmonics/classic/harmonics-2004-06-14_mod.txt,12109,32.9833,129.1170,,,,0.03,0.079,,aehnlich
88,N,"Arikawa Wan, Nakadori Shima, Nagasaki, Japan",harmonics/noaa/harmonics_noaa_cptt.txt,74663,32.9833,129.1167,1,,,0.03,0.079,,aehnlich
89,H,"Arkhangel'sk, Russia",harmonics/classic/harmonics-1997-05-25_mod.txt,3417,64.5333,40.4833,,,,0.79,0.165,,verschieden
89,H,"Kyegostrov, Russia",harmonics/noaa/harmonics_noaa_eutt.txt,107725,64.5333,40.4667,1,,,0.79,0.165,,verschieden
90,G,"Arradon (Golfe du Morbihan), France",harmonics/classic/harmonics-pierre-lavergne-v10_mod.txt,15962,47.6142,-2.8294,,,,0.00,0.016,,gleich
90,G,"Arradon (Golfe du Morbihan), France",harmonics/utide/harmonics_utide_tidetables.txt,324465,47.6142,-2.8294,,47.6150,-2.8300,0.00,0.016,,gleich
91,HN,"Arrecife (Lanzarote), Islas Canarias, Spain",harmonics/att/harmonics_att_np208_secondary.txt,18516,28.9719,-13.5300,,,,0.00,0.108,,gleich
91,HN,"Arrecife (Lanzarote), Islas Canarias, Spain",harmonics/classic/harmonics_puertos_spain.txt,18484,28.9719,-13.5300,,28.9719,-13.5300,0.00,0.108,,gleich
91,HN,"Arrecife (Lanzarote), Islas Canarias, Spain",harmonics/noaa/harmonics_noaa_eutt.txt,16373,28.9719,-13.5300,1,,,0.00,0.108,,gleich
92,H,"Arrifana, Portugal",harmonics/noaa/harmonics_noaa_eutt.txt,41211,37.2956,-8.8694,1,,,0.00,0.130,,gleich
92,H,"Arrifana, Portugal",harmonics/utide/harmonics_utide_observations.txt,185630,37.2956,-8.8694,,,,0.00,0.130,,gleich
93,N,"Arromanches-les-Bains, France",harmonics/classic/harmonics-pierre-lavergne-v10_mod.txt,5126,49.3555,-0.6200,,49.3405,-0.6224,0.00,0.002,,gleich
93,N,"Arromanches-les-Bains, France",harmonics/utide/harmonics_utide_tidetables.txt,324660,49.3555,-0.6200,,,,0.00,0.002,,gleich
94,HLN,"Arsenal de la Carraca, Spain",harmonics/att/harmonics_att_np208_secondary.txt,15406,36.4979,-6.1823,,,,0.00,0.120,,gleich
94,HLN,"Arsenal de la Carraca, Spain",harmonics/classic/harmonics-1997-05-25_mod.txt,18594,36.4979,-6.1823,,36.5000,-6.1833,0.00,0.120,,gleich
94,HLN,"Arsenal de la Carraca, Spain",harmonics/noaa/harmonics_noaa_eutt.txt,39837,36.4979,-6.1823,1,,,0.00,0.120,,gleich
94,HLN,"Arsenal de la Carraca, Spain",harmonics/utide/harmonics_utide_tidetables.txt,387459,36.4979,-6.1823,,36.4967,-6.1833,0.00,0.120,,gleich
95,N,"Arun Platform (Littlehampton), England, United Kingdom",harmonics/ticon/harmonics_ticon4_worldwide.txt,22273,50.7698,-0.4922,,,,0.00,0.017,,gleich
95,N,"Arun Platform (Littlehampton), England, United Kingdom",harmonics/utide/harmonics_utide_observations.txt,197649,50.7698,-0.4922,,,,0.00,0.017,,gleich
96,G,"Arzon (Port Crouesty), France",harmonics/ticon/harmonics_ticon4_worldwide.txt,104236,47.5427,-2.8952,,,,0.00,0.001,,gleich
96,G,"Arzon (Port Crouesty), France",harmonics/utide/harmonics_utide_observations.txt,64280,47.5427,-2.8952,,,,0.00,0.001,,gleich
97,N,"Asamushi, Aomori, Japan",harmonics/ticon/harmonics_ticon4_worldwide.txt,22475,40.8975,140.8592,,,,0.00,0.008,,gleich
97,N,"Asamushi, Aomori, Japan",harmonics/utide/harmonics_utide_observations.txt,98080,40.8975,140.8592,,,,0.00,0.008,,gleich
98,N,"Ash Shuwaykh (Kuwait), Kuwait",harmonics/att/harmonics_att_np203.txt,34163,29.3504,47.9318,,,,0.00,0.055,,gleich
98,N,"Ash Shuwaykh (Kuwait), Kuwait",harmonics/noaa/harmonics_noaa_cptt.txt,276014,29.3504,47.9318,1,,,0.00,0.055,,gleich
99,N,"Asilah, Morocco",harmonics/att/harmonics_att_np208_secondary.txt,20663,35.4707,-6.0356,,,,0.00,0.093,,gleich
99,N,"Asilah, Morocco",harmonics/noaa/harmonics_noaa_eutt.txt,35723,35.4707,-6.0356,1,,,0.00,0.093,,gleich
100,N,"Astoria (Tongue Point), Oregon (3)",harmonics/classic/harmonics-2004-06-14_mod.txt,12882,46.2080,-123.7670,,,,0.13,0.021,,verschieden
100,N,"Tongue Point, Astoria, Columbia River, Oregon",harmonics/classic/harmonics-dwf-20251228-free.txt,194852,46.2073,-123.7683,,,,0.13,0.021,,verschieden
101,H,"Astrolabe Road, Nelson, New Zealand",harmonics/noaa/harmonics_noaa_cptt.txt,228475,-40.9667,173.0500,1,,,0.00,0.201,,aehnlich
101,H,"Astrolabe Roadstead, New Zealand",harmonics/utide/harmonics_utide_tidetables.txt,529347,-40.9667,173.0500,,,,0.00,0.201,,aehnlich
102,N,"Atapupu, Indonesia",harmonics/att/harmonics_att_np203_scs.txt,133262,-8.9939,124.8591,,-9.0167,124.8833,0.00,0.089,,gleich
102,N,"Atapupu, Indonesia",harmonics/noaa/harmonics_noaa_cptt.txt,156063,-8.9939,124.8591,1,,,0.00,0.089,,gleich
103,N,"Atkinson Point, Burrard Inlet, British Columbia, Canada",harmonics/noaa/harmonics_noaa_amtt.txt,67475,49.3167,-123.2500,1,,,2.95,0.037,,verschieden
103,N,"Point Atkinson, British Columbia, Canada",harmonics/utide/harmonics_utide_observations.txt,42198,49.3375,-123.2536,,,,2.95,0.037,,verschieden
103,N,"Sandy Cove, British Columbia, Canada",harmonics/utide/harmonics_utide_observations.txt,44148,49.3405,-123.2319,,,,2.95,0.037,,verschieden
103,N,"Sandy Cove, British Columbia, Canada",harmonics/utide/harmonics_utide_tidetables.txt,107870,49.3405,-123.2319,,,,2.95,0.037,,verschieden
103,N,"Point Atkinson, British Columbia, Canada",harmonics/utide/harmonics_utide_tidetables.txt,108065,49.3375,-123.2536,,,,2.95,0.037,,verschieden
104,N,"Atkinson Point, Northwest Territories, Canada",harmonics/classic/harmonics-2004-06-14_mod.txt,13072,69.9500,-131.4167,,,,0.00,0.000,,gleich
104,N,"Atkinson Point, Northwest Territories, Canada",harmonics/utide/harmonics_utide_tidetables.txt,228559,69.9500,-131.4167,,,,0.00,0.000,,gleich
105,N,"Atlantic City (Steel Pier), New Jersey (2)",harmonics/classic/harmonics-2004-06-14_mod.txt,13259,39.3550,-74.4183,,,,0.19,0.042,,gleich
105,N,"Atlantic City (Steel Pier), New Jersey (4)",harmonics/classic/harmonics-2004-06-14_mod.txt,13449,39.3550,-74.4183,,,,0.19,0.042,,gleich
105,N,"Atlantic City, New Jersey",harmonics/classic/harmonics-dwf-20251228-free.txt,58731,39.3567,-74.4180,,,,0.19,0.042,,gleich
106,N,"Auckland (Queens Wharf), New Zealand",harmonics/utide/harmonics_utide_observations.txt,165981,-36.8429,174.7669,,-36.8500,174.7670,1.83,0.042,,verschieden
106,N,"Westhaven Inlet, New Zealand",harmonics/utide/harmonics_utide_tidetables.txt,533861,-36.8358,174.7484,,,,1.83,0.042,,verschieden
107,N,"Audierne, France",harmonics/ticon/harmonics_ticon4_worldwide.txt,23083,48.0215,-4.5376,,,,0.00,0.001,,gleich
107,N,"Audierne, France",harmonics/utide/harmonics_utide_observations.txt,62854,48.0215,-4.5376,,,,0.00,0.001,,gleich
108,N,"Auld Cove, Nova Scotia, Canada",harmonics/classic/harmonics-2004-06-14_mod.txt,13828,45.6485,-61.4351,,45.6500,-61.4333,0.04,0.013,,aehnlich
108,N,"Aulds Cove, Nova Scotia, Canada",harmonics/utide/harmonics_utide_tidetables.txt,202955,45.6483,-61.4355,,,,0.04,0.013,,aehnlich
109,N,"Auray (St-Goustan), France",harmonics/classic/harmonics-pierre-lavergne-v10_mod.txt,15775,47.6638,-2.9779,,,,0.00,0.014,,gleich
109,N,"Auray (St-Goustan), France",harmonics/utide/harmonics_utide_tidetables.txt,325245,47.6638,-2.9779,,47.6634,-2.9781,0.00,0.014,,gleich
110,H,"Avarua, Rarotonga, Cook Islands",harmonics/noaa/harmonics_noaa_cptt.txt,221843,-21.2070,-159.7750,1,,,0.00,0.154,,gleich
110,H,"Avarua, Rarotonga, Cook Islands",harmonics/ticon/harmonics_ticon4_worldwide.txt,158821,-21.2070,-159.7750,,,,0.00,0.154,,gleich
111,N,"Avila, California",harmonics/classic/harmonics-2004-06-14_mod.txt,14399,35.1700,-120.7400,,,,1.30,0.050,,verschieden
111,N,"Port San Luis, California",harmonics/classic/harmonics-dwf-20251228-free.txt,179486,35.1689,-120.7542,,,,1.30,0.050,,verschieden
112,N,"Avilés, Spain",harmonics/noaa/harmonics_noaa_eutt.txt,43766,43.5916,-5.9302,1,,,0.02,0.072,,gleich
112,N,"Avilés, Spain",harmonics/ticon/harmonics_ticon4_worldwide.txt,23480,43.5916,-5.9302,,43.5914,-5.9299,0.02,0.072,,gleich
112,N,"Avilés, Spain",harmonics/utide/harmonics_utide_tidetables.txt,383960,43.5917,-5.9300,,,,0.02,0.072,,gleich
113,N,"Avonmouth (Port of Bristol), England, United Kingdom",harmonics/ticon/harmonics_ticon4_worldwide.txt,23678,51.5108,-2.7150,,51.5078,-2.7128,1.52,0.012,,verschieden
113,N,"Portbury, England, United Kingdom",harmonics/ticon/harmonics_ticon4_worldwide.txt,152158,51.5000,-2.7284,,,,1.52,0.012,,verschieden
114,N,"Awanui River, Northland, New Zealand",harmonics/noaa/harmonics_noaa_cptt.txt,232768,-34.9000,173.3000,1,,,1.18,0.072,,verschieden
114,N,"Kotiatia Point, New Zealand",harmonics/utide/harmonics_utide_tidetables.txt,579759,-34.8902,173.2949,,,,1.18,0.072,,verschieden
115,N,"Awase, Okinawa, Japan",harmonics/ticon/harmonics_ticon4_worldwide.txt,126748,26.3272,127.8394,,,,0.01,0.002,,gleich
115,N,"Awase, Okinawa, Japan",harmonics/utide/harmonics_utide_observations.txt,120160,26.3272,127.8394,,,,0.01,0.002,,gleich
116,N,"Awashima (Bisan Seto), Kagawa, Japan",harmonics/classic/harmonics-2004-06-14_mod.txt,14781,34.2686,133.6332,,34.2667,133.6330,0.21,0.035,,gleich
116,N,"Awashima, Awa Shima, Kagawa, Japan",harmonics/noaa/harmonics_noaa_cptt.txt,61751,34.2667,133.6333,1,,,0.21,0.035,,gleich
117,N,"Awashima, Niigata, Japan",harmonics/ticon/harmonics_ticon4_worldwide.txt,23878,38.4678,139.2550,,,,0.00,0.008,,gleich
117,N,"Awashima, Niigata, Japan",harmonics/utide/harmonics_utide_observations.txt,98276,38.4678,139.2550,,,,0.00,0.008,,gleich
118,G,"Awayuki, Tokushima, Japan",harmonics/ticon/harmonics_ticon4_worldwide.txt,24076,33.7711,134.5922,,,,0.00,0.001,,gleich
118,G,"Awayuki, Tokushima, Japan",harmonics/utide/harmonics_utide_observations.txt,98470,33.7711,134.5922,,,,0.00,0.001,,gleich
119,N,"Axim, Ghana",harmonics/att/harmonics_att_np208_secondary.txt,35192,4.8645,-2.2455,,,,0.00,0.056,,gleich
119,N,"Axim, Ghana",harmonics/noaa/harmonics_noaa_eutt.txt,28095,4.8645,-2.2455,1,,,0.00,0.056,,gleich
120,N,"Ayr (Firth of Clyde), Scotland, United Kingdom",harmonics/noaa/harmonics_noaa_eutt.txt,70094,55.4684,-4.6404,1,,,0.00,0.023,,gleich
120,N,"Ayr (Firth of Clyde), Scotland, United Kingdom",harmonics/utide/harmonics_utide_tidetables.txt,407667,55.4684,-4.6404,,,,0.00,0.023,,gleich
121,N,"Ayukawa, Miyagi, Japan",harmonics/ticon/harmonics_ticon4_worldwide.txt,24276,38.2967,141.5053,,,,0.00,0.002,,gleich
121,N,"Ayukawa, Miyagi, Japan",harmonics/utide/harmonics_utide_observations.txt,98666,38.2967,141.5053,,,,0.00,0.002,,gleich
122,N,"Azama, Okinawa, Japan",harmonics/ticon/harmonics_ticon4_worldwide.txt,135952,26.1794,127.8247,,,,0.01,0.004,,gleich
122,N,"Azama, Okinawa, Japan",harmonics/utide/harmonics_utide_observations.txt,124457,26.1794,127.8247,,,,0.01,0.004,,gleich
123,H,"Baai Klabat, Indonesia",harmonics/att/harmonics_att_np203_scs.txt,54648,-1.7000,105.7000,,,,0.00,0.113,,aehnlich
123,H,"Klabat Bay, Bangka Island, Indonesia",harmonics/noaa/harmonics_noaa_cptt.txt,144066,-1.7000,105.7000,1,,,0.00,0.113,,aehnlich
124,N,"Babuyan Island, Philippines",harmonics/att/harmonics_att_np203_scs.txt,75030,19.5667,121.9333,,,,0.00,0.069,,gleich
124,N,"Babuyan Island, Batanes, Philippines",harmonics/noaa/harmonics_noaa_cptt.txt,211006,19.5667,121.9333,1,,,0.00,0.069,,gleich
125,N,"Bacuit, Palawan, Philippines",harmonics/noaa/harmonics_noaa_cptt.txt,184754,11.1833,119.3833,1,,,0.43,0.037,,verschieden
125,N,"El Nido, Palawan, Philippines",harmonics/utide/harmonics_utide_tidetables.txt,316279,11.1812,119.3866,,,,0.43,0.037,,verschieden
126,HN,"Bagan Datuk (Sungai Perak), Malaysia",harmonics/att/harmonics_att_np203_scs.txt,33490,3.9929,100.7848,,4.0000,100.7500,0.00,0.115,,gleich
126,HN,"Bagan Datuk (Sungai Perak), Malaysia",harmonics/classic/harmonics-1997-05-25_mod.txt,3661,3.9929,100.7848,,4.0000,100.7500,0.00,0.115,,gleich
126,HN,"Bagan Datuk (Sungai Perak), Malaysia",harmonics/noaa/harmonics_noaa_cptt.txt,137167,3.9929,100.7848,1,,,0.00,0.115,,gleich
127,H,"Bagan Si Api Api, Indonesia",harmonics/att/harmonics_att_np203_scs.txt,46302,2.1667,100.8000,,,,1.86,0.110,,gleich
127,H,"Bagan-siapiapi, Sungi Rokan, Sumatra, Indonesia",harmonics/noaa/harmonics_noaa_cptt.txt,139945,2.1500,100.8000,1,,,1.86,0.110,,gleich
128,H,"Bagan, Indonesia",harmonics/att/harmonics_att_np203_scs.txt,46884,3.0167,99.8667,,,,0.00,0.104,,verschieden
128,H,"Asahan River entrance, Sumatra, Indonesia",harmonics/noaa/harmonics_noaa_cptt.txt,139345,3.0167,99.8667,1,,,0.00,0.104,,verschieden
129,N,"Bagatao Island, Philippines",harmonics/att/harmonics_att_np203_scs.txt,71338,12.8333,123.8000,,,,0.00,0.045,,gleich
129,N,"Bagatao Island, Sorsogon, Philippines",harmonics/noaa/harmonics_noaa_cptt.txt,216989,12.8333,123.8000,1,,,0.00,0.045,,gleich
130,H,"Bahía Anegada, Islote NW, Buenos Aires, Argentina",harmonics/noaa/harmonics_noaa_amtt.txt,51671,-40.0167,-62.1667,1,,,0.00,0.116,,gleich
130,H,"Bahía Anegada (Islote del Nw), Buenos Aires, Argentina",harmonics/utide/harmonics_utide_tidetables.txt,724298,-40.0167,-62.1667,,,,0.00,0.116,,gleich
131,N,"Bahía Buen Suceso, Tierra del Fuego, Argentina",harmonics/att/harmonics_att_np207.txt,20192,-54.7963,-65.2646,,-54.8167,-65.2167,0.00,0.097,,gleich
131,N,"Bahía Buen Suceso, Tierra del Fuego, Argentina",harmonics/classic/harmonics-1997-05-25_mod.txt,3783,-54.7963,-65.2646,,-54.8167,-65.2167,0.00,0.097,,gleich
131,N,"Bahía Buen Suceso, Tierra del Fuego, Argentina",harmonics/noaa/harmonics_noaa_amtt.txt,63176,-54.7963,-65.2646,1,,,0.00,0.097,,gleich
131,N,"Bahía Buen Suceso, Tierra del Fuego, Argentina",harmonics/utide/harmonics_utide_tidetables.txt,612690,-54.7963,-65.2646,,,,0.00,0.097,,gleich
132,N,"Bahía Bustamante, Chubut, Argentina",harmonics/att/harmonics_att_np207.txt,34978,-45.1155,-66.5325,,-45.1167,-66.5667,0.00,0.057,,gleich
132,N,"Bahía Bustamante, Chubut, Argentina",harmonics/noaa/harmonics_noaa_amtt.txt,55420,-45.1155,-66.5325,1,,,0.00,0.057,,gleich
132,N,"Bahía Bustamante (Golfo San Jorge), Chubut, Argentina",harmonics/utide/harmonics_utide_tidetables.txt,719962,-45.1155,-66.5325,,-45.1167,-66.5667,0.00,0.057,,gleich
133,N,"Bahía Coliumo, Chile",harmonics/noaa/harmonics_noaa_amtt.txt,74793,-36.5333,-72.9667,1,,,1.47,0.071,,aehnlich
133,N,"Coliumo, Chile",harmonics/utide/harmonics_utide_observations.txt,207814,-36.5450,-72.9590,,,,1.47,0.071,,aehnlich
134,H,"Bahía Cruz, Chubut, Argentina",harmonics/noaa/harmonics_noaa_amtt.txt,54238,-44.4500,-65.3167,1,,,0.00,0.160,,gleich
134,H,"Bahía Cruz, Chubut, Argentina",harmonics/utide/harmonics_utide_tidetables.txt,716416,-44.4500,-65.3167,,,,0.00,0.160,,gleich
135,N,"Bahía Cumberland (Isla Robinson Crusoe, Juan Fernández), Chile",harmonics/ticon/harmonics_ticon4_worldwide.txt,84420,-33.6360,-78.8299,,-33.6370,-78.8300,0.00,0.037,,gleich
135,N,"Bahía Cumberland (Isla Robinson Crusoe, Juan Fernández), Chile",harmonics/utide/harmonics_utide_tidetables.txt,684462,-33.6360,-78.8299,,,,0.00,0.037,,gleich
136,N,"Bahía Gil, Chubut, Argentina",harmonics/att/harmonics_att_np207.txt,21918,-45.0333,-65.6833,,,,0.00,0.067,,gleich
136,N,"Bahía Gil (Caleta Horno), Chubut, Argentina",harmonics/noaa/harmonics_noaa_amtt.txt,54827,-45.0333,-65.6833,1,,,0.00,0.067,,gleich
136,N,"Bahía Gil (Caleta Horno), Chubut, Argentina",harmonics/utide/harmonics_utide_tidetables.txt,720159,-45.0333,-65.6833,,,,0.00,0.067,,gleich
137,N,"Bahía Janssen, Chubut, Argentina",harmonics/att/harmonics_att_np207.txt,19422,-44.0333,-65.2333,,,,0.00,0.078,,gleich
137,N,"Bahía Janssen, Chubut, Argentina",harmonics/noaa/harmonics_noaa_amtt.txt,53844,-44.0333,-65.2333,1,,,0.00,0.078,,gleich
137,N,"Bahía Janssen, Chubut, Argentina",harmonics/utide/harmonics_utide_tidetables.txt,717598,-44.0333,-65.2333,,,,0.00,0.078,,gleich
138,N,"Bahía Manta, Ecuador",harmonics/noaa/harmonics_noaa_amtt.txt,111511,-0.9500,-80.7333,1,,,2.47,0.035,,verschieden
138,N,"Manta (Punta Murciélago), Ecuador",harmonics/ticon/harmonics_ticon4_worldwide.txt,114090,-0.9310,-80.7218,,-0.9320,-80.7220,2.47,0.035,,verschieden
139,HN,"Bahía Oso Marino, Santa Cruz, Argentina",harmonics/att/harmonics_att_np207.txt,22110,-47.9333,-65.8000,,,,0.00,0.103,,gleich
139,HN,"Bahía Oso Marino, Santa Cruz, Argentina",harmonics/noaa/harmonics_noaa_amtt.txt,55814,-47.9333,-65.8000,1,,,0.00,0.103,,gleich
139,HN,"Bahía Oso Marino, Santa Cruz, Argentina",harmonics/utide/harmonics_utide_tidetables.txt,725291,-47.9333,-65.8000,,,,0.00,0.103,,gleich
140,N,"Bahía Piña, Panama",harmonics/classic/harmonics-2004-06-14_mod.txt,16702,7.5831,-78.1803,,8.3000,-78.1833,1.81,0.061,,gleich
140,N,"Bahía Piña, Panama",harmonics/noaa/harmonics_noaa_censam.txt,20748,7.5670,-78.1830,,,,1.81,0.061,,gleich
141,GN,"Bahía San Sebastián, Tierra del Fuego, Argentina",harmonics/att/harmonics_att_np207.txt,19998,-53.1667,-68.5000,,,,14.72,0.006,1,gleich
141,GN,"Bahía San Sebastián, Tierra del Fuego, Argentina",harmonics/classic/harmonics-1997-05-25_mod.txt,4143,-53.2966,-68.4573,,-53.1667,-68.5000,14.72,0.006,1,gleich
141,GN,"Bahía San Sebastián, Tierra del Fuego, Argentina",harmonics/utide/harmonics_utide_tidetables.txt,612290,-53.2966,-68.4573,,,,14.72,0.006,1,gleich
142,N,"Bahía Solano, Colombia",harmonics/noaa/harmonics_noaa_amtt.txt,113283,6.2328,-77.4119,1,,,0.00,0.043,,gleich
142,N,"Bahía Solano, Colombia",harmonics/utide/harmonics_utide_tidetables.txt,702803,6.2328,-77.4119,,,,0.00,0.043,,gleich
143,GN,"Bahía de Caráquez, Ecuador",harmonics/classic/harmonics-1997-05-25_mod.txt,29540,-0.6064,-80.4230,,-0.5833,-80.4333,2.87,0.054,,verschieden
143,GN,"Río Chone, Ecuador",harmonics/noaa/harmonics_noaa_amtt.txt,111708,-0.5833,-80.4333,1,,,2.87,0.054,,verschieden
143,GN,"Bahía de Caráquez, Manabí, Ecuador",harmonics/utide/harmonics_utide_tidetables.txt,701283,-0.6070,-80.4230,,,,2.87,0.054,,verschieden
144,HN,"Bahía de los Nodales, Santa Cruz, Argentina",harmonics/att/harmonics_att_np207.txt,27682,-48.0167,-65.9500,,,,0.00,0.153,,gleich
144,HN,"Bahía de los Nodales, Santa Cruz, Argentina",harmonics/noaa/harmonics_noaa_amtt.txt,56009,-48.0167,-65.9500,1,,,0.00,0.153,,gleich
144,HN,"Bahía de los Nodales, Santa Cruz, Argentina",harmonics/utide/harmonics_utide_tidetables.txt,716613,-48.0167,-65.9500,,,,0.00,0.153,,gleich
145,N,"Bahía de los Ángeles, Baja California, Mexico",harmonics/ticon/harmonics_ticon4_worldwide.txt,24675,28.9479,-113.5572,,28.9580,-113.5500,0.00,0.003,,gleich
145,N,"Bahia de los Angeles, Baja California, Mexico",harmonics/utide/harmonics_utide_observations.txt,143808,28.9479,-113.5572,,28.9580,-113.5500,0.00,0.003,,gleich
146,H,"Bai Yu, Fujian, China",harmonics/att/harmonics_att_np204_secondary.txt,37133,23.9167,117.8667,,,,0.00,0.104,,verschieden
146,H,"Qianyan [Knob Rock], Fujian, China",harmonics/noaa/harmonics_noaa_cptt.txt,121064,23.9167,117.8667,1,,,0.00,0.104,,verschieden
147,N,"Baie de Lampaul (Île d'Ouessant), France",harmonics/classic/harmonics-pierre-lavergne-v10_mod.txt,12225,48.4542,-5.0964,,,,0.00,0.025,,gleich
147,N,"Baie de Lampaul (Île d'Ouessant), France",harmonics/noaa/harmonics_noaa_eutt.txt,52019,48.4542,-5.0964,1,,,0.00,0.025,,gleich
147,N,"Baie de Lampaul (Île d'Ouessant), France",harmonics/utide/harmonics_utide_tidetables.txt,327577,48.4542,-5.0964,,48.4500,-5.1000,0.00,0.025,,gleich
148,N,"Baie de Matavai, Tahiti",harmonics/ticon/harmonics_ticon4_worldwide.txt,117113,-17.5073,-149.4972,,-17.5170,-149.5170,2.32,0.020,,aehnlich
148,N,"Matavai, French Polynesia",harmonics/utide/harmonics_utide_tidetables.txt,598680,-17.5167,-149.5167,,,,2.32,0.020,,aehnlich
149,N,"Baie du Courrier, Madagascar",harmonics/att/harmonics_att_np203_secondary.txt,24526,-12.1833,49.1333,,,,0.00,0.042,,gleich
149,N,"Baie du Courrier, Madagascar",harmonics/noaa/harmonics_noaa_cptt.txt,287182,-12.1833,49.1333,1,,,0.00,0.042,,gleich
150,N,"Baillie Island (South Spit), Northwest Territories, Canada",harmonics/classic/harmonics-2004-06-14_mod.txt,17465,70.5167,-128.3500,,,,0.00,0.000,,aehnlich
150,N,"Baillie Is. (South Spit), Northwest Territories, Canada",harmonics/utide/harmonics_utide_tidetables.txt,227980,70.5167,-128.3500,,,,0.00,0.000,,aehnlich
151,N,"Bais, Philippines",harmonics/att/harmonics_att_np203_scs.txt,68234,9.6000,123.1333,,,,0.00,0.042,,gleich
151,N,"Bais, Negros Oriental, Philippines",harmonics/noaa/harmonics_noaa_cptt.txt,192281,9.6000,123.1333,1,,,0.00,0.042,,gleich
152,N,"Bakalod, Philippines",harmonics/att/harmonics_att_np203_scs.txt,67458,10.6667,122.9500,,,,0.00,0.051,,aehnlich
152,N,"Bacolod, Negros Occidental, Philippines",harmonics/noaa/harmonics_noaa_cptt.txt,193439,10.6667,122.9500,1,,,0.00,0.051,,aehnlich
153,H,"Bakana (New Calabar River), Nigeria",harmonics/att/harmonics_att_np208_secondary.txt,39651,4.7361,6.9641,,,,0.00,0.119,,gleich
153,H,"Bakana (New Calabar River), Nigeria",harmonics/noaa/harmonics_noaa_eutt.txt,25524,4.7361,6.9641,1,,,0.00,0.119,,gleich
154,N,"Bakapit (Darvel Bay), Malaysia",harmonics/att/harmonics_att_np203_scs.txt,89974,4.9518,118.5865,,4.9500,118.5833,0.00,0.058,,gleich
154,N,"Bakapit (Darvel Bay), Malaysia",harmonics/noaa/harmonics_noaa_cptt.txt,159806,4.9518,118.5865,1,,,0.00,0.058,,gleich
155,N,"Balabac, Philippines",harmonics/att/harmonics_att_np203_scs.txt,62606,8.0000,117.0667,,,,0.00,0.071,,gleich
155,N,"Balabac, Balabac Island, Palawan, Philippines",harmonics/noaa/harmonics_noaa_cptt.txt,183019,8.0000,117.0667,1,,,0.00,0.071,,gleich
156,N,"Balamban Bay, Philippines",harmonics/att/harmonics_att_np203_scs.txt,68816,10.5000,123.7167,,,,0.00,0.052,,gleich
156,N,"Balamban Bay, Negros Occidental, Philippines",harmonics/noaa/harmonics_noaa_cptt.txt,194018,10.5000,123.7167,1,,,0.00,0.052,,gleich
157,H,"Balas, Philippines",harmonics/att/harmonics_att_np203_scs.txt,86090,6.6833,122.1333,,,,0.00,0.163,,gleich
157,H,"Balas, Basilan Island, Zamboanga del Sur, Philippines",harmonics/noaa/harmonics_noaa_cptt.txt,171634,6.6833,122.1333,1,,,0.00,0.163,,gleich
158,N,"Balboa, Panama",harmonics/ticon/harmonics_ticon4_worldwide.txt,25079,8.9650,-79.5718,,8.9620,-79.5730,0.00,0.021,,gleich
158,N,"Balboa, Panama",harmonics/utide/harmonics_utide_observations.txt,176505,8.9650,-79.5718,,,,0.00,0.021,,gleich
159,N,"Baler Bay, Philippines",harmonics/att/harmonics_att_np203_scs.txt,76388,15.7500,121.5833,,,,1.01,0.053,,gleich
159,N,"Baler Bay, Aurora, Philippines",harmonics/noaa/harmonics_noaa_cptt.txt,212357,15.7500,121.5833,1,,,1.01,0.053,,gleich
159,N,"Baler, Aurora, Philippines",harmonics/utide/harmonics_utide_tidetables.txt,312779,15.7572,121.5891,,,,1.01,0.053,,gleich
160,N,"Balikpapan, Indonesia",harmonics/att/harmonics_att_np203_scs.txt,108044,-1.2667,116.8000,,,,0.00,0.097,,gleich
160,N,"Balikpapan, Borneo, Indonesia",harmonics/classic/harmonics-1997-05-25_mod.txt,4384,-1.2667,116.8000,,,,0.00,0.097,,gleich
160,N,"Balik Papan, Borneo, Indonesia",harmonics/noaa/harmonics_noaa_cptt.txt,161767,-1.2667,116.8000,1,,,0.00,0.097,,gleich
160,N,"Balik Papan, Indonesia",harmonics/utide/harmonics_utide_tidetables.txt,673765,-1.2667,116.8000,,,,0.00,0.097,,gleich
161,N,"Ballantyne Cove, Nova Scotia, Canada",harmonics/classic/harmonics-2004-06-14_mod.txt,18226,45.8579,-61.9179,,45.8667,-61.9167,0.09,0.011,,aehnlich
161,N,"Ballantynes Cove, Nova Scotia, Canada",harmonics/utide/harmonics_utide_tidetables.txt,203343,45.8587,-61.9181,,,,0.09,0.011,,aehnlich
162,H,"Ballina, New South Wales, Australia",harmonics/classic/harmonics-2004-06-14_mod.txt,18421,-28.8696,153.5769,,-28.8667,153.5833,0.00,0.134,,gleich
162,H,"Ballina, New South Wales, Australia",harmonics/noaa/harmonics_noaa_cptt.txt,249541,-28.8696,153.5769,1,,,0.00,0.134,,gleich
163,N,"Ballyglass (Broadhaven), Ireland",harmonics/ticon/harmonics_ticon4_worldwide.txt,26074,54.2531,-9.8911,,54.2530,-9.8900,0.00,0.032,,gleich
163,N,"Ballyglass (Broadhaven), Ireland",harmonics/utide/harmonics_utide_tidetables.txt,409217,54.2531,-9.8911,,,,0.00,0.032,,gleich
164,N,"Baltimore (Fort McHenry), Maryland",harmonics/classic/harmonics-dwf-20251228-free.txt,70961,39.2667,-76.5783,,,,0.80,0.011,,verschieden
164,N,"Fort McHenry Marsh, Patapsco River, Maryland",harmonics/classic/harmonics-dwf-20251228-free.txt,71162,39.2617,-76.5850,,,,0.80,0.011,,verschieden
165,N,"Balut Island, Philippines",harmonics/att/harmonics_att_np203_scs.txt,83180,5.4167,125.4333,,,,1.85,0.062,,verschieden
165,N,"Sarangani Island, South Cotabato, Philippines",harmonics/noaa/harmonics_noaa_cptt.txt,179738,5.4167,125.4500,1,,,1.85,0.062,,verschieden
166,N,"Bamfield, British Columbia, Canada",harmonics/utide/harmonics_utide_observations.txt,39288,48.8360,-125.1360,,,,0.00,0.003,,gleich
166,N,"Bamfield, British Columbia, Canada",harmonics/utide/harmonics_utide_tidetables.txt,126044,48.8360,-125.1360,,,,0.00,0.003,,gleich
167,N,"Banana Islands, Sierra Leone",harmonics/att/harmonics_att_np208_secondary.txt,30932,8.1330,-13.1830,,,,0.00,0.062,,gleich
167,N,"Banana Islands, Sierra Leone",harmonics/noaa/harmonics_noaa_eutt.txt,30624,8.1330,-13.1830,1,,,0.00,0.062,,gleich
168,N,"Banate, Philippines",harmonics/att/harmonics_att_np203_scs.txt,66682,11.0000,122.8167,,,,0.00,0.093,,gleich
168,N,"Banate, Guimaras, Philippines",harmonics/noaa/harmonics_noaa_cptt.txt,190158,11.0000,122.8167,1,,,0.00,0.093,,gleich
169,N,"Banc de Sandettié, France",harmonics/classic/harmonics-pierre-lavergne-v10_mod.txt,3630,51.2500,2.0500,,,,0.00,0.074,,gleich
169,N,"Banc de Sandettié, France",harmonics/utide/harmonics_utide_tidetables.txt,328745,51.2500,2.0500,,,,0.00,0.074,,gleich
170,N,"Banco Chico, Buenos Aires, Argentina",harmonics/noaa/harmonics_noaa_amtt.txt,49503,-34.8333,-57.5000,1,,,0.00,0.024,,verschieden
170,N,"Río de la Plata - Banco Chico, Buenos Aires, Argentina",harmonics/utide/harmonics_utide_tidetables.txt,723707,-34.8333,-57.5000,,,,0.00,0.024,,verschieden
171,N,"Banda Harbour (Naira), Indonesia",harmonics/att/harmonics_att_np203_scs.txt,136182,-4.5270,129.8947,,-4.5333,129.8833,1.44,0.009,,gleich
171,N,"Banda Harbour (Naira), Indonesia",harmonics/classic/harmonics-1997-05-25_mod.txt,4506,-4.5270,129.8947,,-4.5333,129.7167,1.44,0.009,,gleich
171,N,"Banda Harbour, Indonesia",harmonics/utide/harmonics_utide_tidetables.txt,674935,-4.5333,129.8833,,,,1.44,0.009,,gleich
172,N,"Bandar Abbas, Iran",harmonics/att/harmonics_att_np203_secondary.txt,84531,27.1739,56.2827,,27.1670,56.2830,0.00,0.010,,gleich
172,N,"Bandar Abbas, Iran",harmonics/classic/harmonics-1997-05-25_mod.txt,4628,27.1739,56.2827,,27.1833,56.2833,0.00,0.010,,gleich
173,L,"Bandar Lengeh, Iran",harmonics/att/harmonics_att_np203_secondary.txt,83371,26.5478,54.8866,,26.5500,54.8830,0.00,0.114,,gleich
173,L,"Bandar Lengeh, Iran",harmonics/classic/harmonics-1997-05-25_mod.txt,4750,26.5478,54.8866,,26.5500,54.8833,0.00,0.114,,gleich
174,G,"Bandar Sandakan, Malaysia",harmonics/att/harmonics_att_np203_scs.txt,90170,5.8372,118.1172,,5.8333,118.1167,4.32,0.012,1,gleich
174,G,"Bandar Sandakan (Port), Malaysia",harmonics/ticon/harmonics_ticon4_worldwide.txt,172316,5.8164,118.0842,,5.8100,118.0670,4.32,0.012,1,gleich
175,N,"Bandar-e Shahid Rajai, Iran",harmonics/att/harmonics_att_np203.txt,17880,27.1100,56.0800,,,,0.00,0.017,,aehnlich
175,N,"Bandar Shahid Rajaei, Iran",harmonics/utide/harmonics_utide_tidetables.txt,669683,27.1100,56.0800,,27.1000,56.0667,0.00,0.017,,aehnlich
176,HN,"Bandaraya Melaka, Malaysia",harmonics/att/harmonics_att_np203_scs.txt,35627,2.1836,102.2469,,2.1833,102.2500,0.00,0.240,,gleich
176,HN,"Bandaraya Melaka, Malaysia",harmonics/classic/harmonics-1997-05-25_mod.txt,21551,2.1836,102.2469,,2.1833,102.2500,0.00,0.240,,gleich
176,HN,"Bandaraya Melaka, Malaysia",harmonics/noaa/harmonics_noaa_cptt.txt,136769,2.1836,102.2469,1,,,0.00,0.240,,gleich
177,H,"Bandong, Indonesia",harmonics/att/harmonics_att_np203_scs.txt,43198,0.5333,103.3000,,,,0.00,0.140,,aehnlich
177,H,"Bandung, Pulo Mendol, Sumatra, Indonesia",harmonics/noaa/harmonics_noaa_cptt.txt,141156,0.5333,103.3000,1,,,0.00,0.140,,aehnlich
178,N,"Banff, Scotland, United Kingdom",harmonics/noaa/harmonics_noaa_eutt.txt,54989,57.6706,-2.5210,1,,,0.00,0.083,,gleich
178,N,"Banff, Scotland, United Kingdom",harmonics/utide/harmonics_utide_tidetables.txt,409993,57.6706,-2.5210,,,,0.00,0.083,,gleich
179,N,"Bangor, Northern Ireland, United Kingdom",harmonics/ticon/harmonics_ticon4_worldwide.txt,26874,54.6647,-5.6695,,54.6650,-5.6692,0.01,0.007,,gleich
179,N,"Bangor, Northern Ireland, United Kingdom",harmonics/utide/harmonics_utide_observations.txt,196276,54.6647,-5.6695,,,,0.01,0.007,,gleich
180,N,"Banjermasin, Indonesia",harmonics/att/harmonics_att_np203_scs.txt,106492,-3.3333,114.6000,,,,0.00,0.015,,gleich
180,N,"Banjermasin, Martapura River, Borneo, Indonesia",harmonics/noaa/harmonics_noaa_cptt.txt,162936,-3.3333,114.6000,1,,,0.00,0.015,,gleich
181,N,"Banjul, Gambia",harmonics/att/harmonics_att_np208.txt,15969,13.4440,-16.5720,,,,0.03,0.042,,gleich
181,N,"Banjul, Gambia",harmonics/classic/harmonics-1997-05-25_mod.txt,4872,13.4441,-16.5719,,13.4500,-16.5833,0.03,0.042,,gleich
181,N,"Banjul, Gambia",harmonics/noaa/harmonics_noaa_eutt.txt,33384,13.4442,-16.5718,1,,,0.03,0.042,,gleich
182,N,"Banka Litke, Russia",harmonics/att/harmonics_att_np202_secondary.txt,32042,67.1833,42.8000,,,,0.00,0.034,,verschieden
182,N,"Litke Bank, Russia",harmonics/noaa/harmonics_noaa_eutt.txt,112675,67.1833,42.8000,1,,,0.00,0.034,,verschieden
183,GN,"Bantayan Island, Philippines",harmonics/att/harmonics_att_np203_scs.txt,68622,11.1667,123.7167,,,,9.95,0.029,1,gleich
183,GN,"Bantayan, Bantayan Island, Cebu, Philippines",harmonics/noaa/harmonics_noaa_cptt.txt,194597,11.1667,123.7167,1,,,9.95,0.029,1,gleich
183,GN,"Bantayan Island, Cebu, Philippines",harmonics/utide/harmonics_utide_tidetables.txt,313169,11.1655,123.8079,,,,9.95,0.029,1,gleich
184,L,"Banyuls-sur-Mer, France",harmonics/ticon/harmonics_ticon4_worldwide.txt,151351,42.4826,3.1333,,42.5199,3.1075,4.67,0.006,1,verschieden
184,L,"Port-Vendres, France",harmonics/utide/harmonics_utide_tidetables.txt,361933,42.5200,3.1074,,,,4.67,0.006,1,verschieden
185,N,"Bao Zhen, Shanghai, China",harmonics/noaa/harmonics_noaa_cptt.txt,114559,31.5333,121.6333,1,,,0.00,0.075,,verschieden
185,N,"Chongming (Nanbuzhen), Shanghai, China",harmonics/utide/harmonics_utide_tidetables.txt,622951,31.5333,121.6333,,,,0.00,0.075,,verschieden
186,H,"Bar, Montenegro",harmonics/att/harmonics_att_np208.txt,32007,42.0957,19.0886,,42.0830,19.0830,0.00,0.259,1,gleich
186,H,"Bar, Montenegro",harmonics/noaa/harmonics_noaa_eutt.txt,37494,42.0957,19.0886,1,,,0.00,0.259,1,gleich
187,N,"Barawa (Brava), Somalia",harmonics/att/harmonics_att_np203_secondary.txt,44388,1.1105,44.0344,,,,0.00,0.054,,gleich
187,N,"Barawa (Brava), Somalia",harmonics/noaa/harmonics_noaa_cptt.txt,282081,1.1105,44.0344,1,,,0.00,0.054,,gleich
188,N,"Bardsey Island, Wales, United Kingdom",harmonics/noaa/harmonics_noaa_eutt.txt,66126,52.7673,-4.7831,1,,,0.00,0.047,,gleich
188,N,"Bardsey Island, Wales, United Kingdom",harmonics/utide/harmonics_utide_tidetables.txt,410572,52.7673,-4.7831,,52.7667,-4.7833,0.00,0.047,,gleich
189,N,"Barfleur, France",harmonics/classic/harmonics-pierre-lavergne-v10_mod.txt,6061,49.6719,-1.2577,,,,0.00,0.011,,gleich
189,N,"Barfleur, France",harmonics/utide/harmonics_utide_tidetables.txt,329135,49.6719,-1.2577,,49.6667,-1.2500,0.00,0.011,,gleich
190,N,"Barmouth, Wales, United Kingdom",harmonics/ticon/harmonics_ticon4_worldwide.txt,27075,52.7193,-4.0450,,52.7167,-4.0333,0.00,0.015,,gleich
190,N,"Barmouth, Wales, United Kingdom",harmonics/utide/harmonics_utide_observations.txt,192347,52.7193,-4.0450,,52.7191,-4.0452,0.00,0.015,,gleich
191,N,"Barra (North Bay), Scotland, United Kingdom",harmonics/noaa/harmonics_noaa_eutt.txt,75424,57.0000,-7.4000,1,,,0.00,0.034,,gleich
191,N,"Barra (North Bay), Scotland, United Kingdom",harmonics/utide/harmonics_utide_tidetables.txt,410958,57.0000,-7.4000,,,,0.00,0.034,,gleich
192,H,"Barra Norte (Rio de Brigue), Amapá, Brazil",harmonics/att/harmonics_att_np207.txt,39394,0.9156,-50.0745,,0.9167,-50.0833,0.00,0.185,,gleich
192,H,"Barra Norte (Rio de Brigue), Amapá, Brazil",harmonics/noaa/harmonics_noaa_amtt.txt,42343,0.9156,-50.0745,1,,,0.00,0.185,,gleich
193,N,"Barrington Passage, Nova Scotia, Canada",harmonics/classic/harmonics-2004-06-14_mod.txt,19766,43.5247,-65.6066,,43.5333,-65.6167,0.11,0.007,,gleich
193,N,"Barrington Passage, Nova Scotia, Canada",harmonics/utide/harmonics_utide_tidetables.txt,203537,43.5256,-65.6072,,,,0.11,0.007,,gleich
194,N,"Barrow-in-Furness (Ramsden Dock), England, United Kingdom",harmonics/noaa/harmonics_noaa_eutt.txt,68108,54.0964,-3.2215,1,,,0.00,0.035,,gleich
194,N,"Barrow-in-Furness (Ramsden Dock), England, United Kingdom",harmonics/utide/harmonics_utide_tidetables.txt,411348,54.0964,-3.2215,,54.1000,-3.2167,0.00,0.035,,gleich
195,N,"Barry, Wales, United Kingdom",harmonics/classic/harmonics-1997-05-25_mod.txt,4994,51.3928,-3.2606,,51.3911,-3.2588,0.00,0.032,,gleich
195,N,"Barry, Wales, United Kingdom",harmonics/utide/harmonics_utide_tidetables.txt,411541,51.3928,-3.2606,,,,0.00,0.032,,gleich
196,N,"Bartolomeu Dias, Mozambique",harmonics/att/harmonics_att_np203_secondary.txt,21595,-21.1922,35.1015,,,,0.00,0.035,,gleich
196,N,"Bartolomeu Dias, Mozambique",harmonics/noaa/harmonics_noaa_cptt.txt,285814,-21.1922,35.1015,1,,,0.00,0.035,,gleich
197,G,"Barus, Indonesia",harmonics/att/harmonics_att_np203_scs.txt,50376,2.0167,98.3500,,,,3.70,0.058,1,gleich
197,G,"Barus, Sumatra, Indonesia",harmonics/noaa/harmonics_noaa_cptt.txt,149565,2.0167,98.3833,1,,,3.70,0.058,1,gleich
198,N,"Basbas Channel, Philippines",harmonics/att/harmonics_att_np203_scs.txt,88224,5.3500,120.2167,,,,0.00,0.033,,gleich
198,N,"Basbas Channel, Tawitawi Island, Tawi-Tawi, Philippines",harmonics/noaa/harmonics_noaa_cptt.txt,169322,5.3500,120.2167,1,,,0.00,0.033,,gleich
199,HN,"Basco, Philippines",harmonics/att/harmonics_att_np203_scs_secondary.txt,20084,20.4500,121.9667,1,,,0.26,0.226,,gleich
199,HN,"Basco, Batan Island, Batanes, Philippines",harmonics/noaa/harmonics_noaa_cptt.txt,211199,20.4500,121.9667,1,,,0.26,0.226,,gleich
199,HN,"Basco, Batanes, Philippines",harmonics/utide/harmonics_utide_tidetables.txt,313363,20.4477,121.9667,,,,0.26,0.226,,gleich
200,HN,"Basra, Iraq",harmonics/att/harmonics_att_np203.txt,17689,30.5167,47.8500,,,,0.00,0.218,,gleich
200,HN,"Basra, Iraq",harmonics/classic/harmonics-1997-05-25_mod.txt,5116,30.5167,47.8500,,,,0.00,0.218,,gleich
200,HN,"Basra, Iraq",harmonics/noaa/harmonics_noaa_cptt.txt,275620,30.5167,47.8500,1,,,0.00,0.218,,gleich
201,N,"Bastia, France",harmonics/classic/harmonics-pierre-lavergne-v10_mod.txt,20075,42.6998,9.4541,,,,0.08,0.039,,gleich
201,N,"Bastia, France",harmonics/utide/harmonics_utide_tidetables.txt,329716,42.7000,9.4550,,,,0.08,0.039,,gleich
202,N,"Bata, Equatorial Guinea",harmonics/att/harmonics_att_np208.txt,19401,1.8732,9.7700,,1.8730,9.7710,0.00,0.034,,gleich
202,N,"Bata, Equatorial Guinea",harmonics/classic/harmonics-1997-05-25_mod.txt,5482,1.8732,9.7700,,1.8667,9.7667,0.00,0.034,,gleich
203,G,"Bath (Westerschelde), Netherlands",harmonics/ticon/harmonics_ticon4_worldwide.txt,27683,51.3991,4.2100,,,,0.01,0.011,,gleich
203,G,"Bath (Westerschelde), Netherlands",harmonics/utide/harmonics_utide_observations.txt,159773,51.3991,4.2100,,51.3988,4.2101,0.01,0.011,,gleich
204,N,"Bathurst Harbour, New Brunswick, Canada",harmonics/classic/harmonics-2004-06-14_mod.txt,20537,47.6146,-65.6396,,47.6167,-65.6500,0.00,0.000,,gleich
204,N,"Bathurst Harbour, New Brunswick, Canada",harmonics/utide/harmonics_utide_tidetables.txt,169343,47.6146,-65.6396,,,,0.00,0.000,,gleich
205,N,"Batiscan, Québec, Canada",harmonics/ticon/harmonics_ticon4_worldwide.txt,27882,46.5003,-72.2458,,46.5000,-72.2500,0.00,0.038,,gleich
205,N,"Batiscan, Québec, Canada",harmonics/utide/harmonics_utide_tidetables.txt,274181,46.5003,-72.2458,,,,0.00,0.038,,gleich
206,N,"Batuampar, Indonesia",harmonics/att/harmonics_att_np203_scs.txt,40676,1.1667,104.0000,,,,0.38,0.075,,aehnlich
206,N,"Batam, Indonesia",harmonics/utide/harmonics_utide_tidetables.txt,705285,1.1650,103.9970,,,,0.38,0.075,,aehnlich
207,N,"Batuan Bay, Philippines",harmonics/att/harmonics_att_np203_scs.txt,70950,12.4167,123.7667,,,,1.80,0.050,,gleich
207,N,"Batuan Bay, Ticao Island, Masbate, Philippines",harmonics/noaa/harmonics_noaa_cptt.txt,203479,12.4167,123.7833,1,,,1.80,0.050,,gleich
208,N,"Baybay, Philippines",harmonics/att/harmonics_att_np203_scs.txt,81046,10.6833,124.8000,,,,1.01,0.058,,gleich
208,N,"Baybay, Leyte, Philippines",harmonics/noaa/harmonics_noaa_cptt.txt,196915,10.6752,124.7959,1,,,1.01,0.058,,gleich
208,N,"Baybay, Leyte, Philippines",harmonics/utide/harmonics_utide_tidetables.txt,313751,10.6752,124.7959,,,,1.01,0.058,,gleich
209,G,"Bayonne (Pont Grenet), France",harmonics/utide/harmonics_utide_observations.txt,55008,43.4976,-1.4794,,,,2.24,0.070,,gleich
209,G,"Bayonne (Pont Blanc), France",harmonics/utide/harmonics_utide_observations.txt,55207,43.4781,-1.4726,,,,2.24,0.070,,gleich
210,N,"Bayonne Bridge, Staten Island, New York",harmonics/classic/harmonics-2004-06-14_mod.txt,22070,40.6400,-74.1467,,,,0.11,0.029,,gleich
210,N,"Bayonne Bridge, Bergen Point West Reach, New York",harmonics/classic/harmonics-dwf-20251228-free.txt,55382,40.6391,-74.1463,,,,0.11,0.029,,gleich
211,N,"Bayou Rigaud, Grand Isle, Mississippi River Delta, Louisiana",harmonics/classic/harmonics-2004-06-14_mod.txt,22260,29.2550,-89.9683,,,,1.46,0.082,,verschieden
211,N,"Grand Isle, Mississippi River Delta, Louisiana (2)",harmonics/classic/harmonics-dwf-20251228-free.txt,154249,29.2633,-89.9567,,,,1.46,0.082,,verschieden
211,N,"Grand Isle, Mississippi River Delta, Louisiana",harmonics/classic/harmonics-dwf-20251228-free.txt,273256,29.2550,-89.9683,,,,1.46,0.082,,verschieden
212,N,"Bays Loch (Berneray), Scotland, United Kingdom",harmonics/utide/harmonics_utide_observations.txt,218252,57.7143,-7.1696,,,,0.00,0.032,,gleich
212,N,"Bays Loch (Berneray), Scotland, United Kingdom",harmonics/utide/harmonics_utide_tidetables.txt,412706,57.7143,-7.1696,,,,0.00,0.032,,gleich
213,H,"Bayuquan, Liaoning, China",harmonics/noaa/harmonics_noaa_cptt.txt,100722,40.3000,122.0833,1,,,0.00,0.122,,gleich
213,H,"Bayuquan, Liaoning, China",harmonics/utide/harmonics_utide_tidetables.txt,628965,40.3000,122.0833,,,,0.00,0.122,,gleich
214,N,"Bazaruto, Mozambique",harmonics/att/harmonics_att_np203_secondary.txt,21402,-21.6500,35.4330,,,,0.00,0.048,,gleich
214,N,"Bazaruto, Mozambique",harmonics/noaa/harmonics_noaa_cptt.txt,286010,-21.6500,35.4330,1,,,0.00,0.048,,gleich
215,H,"Baía de Santa Marta, Angola",harmonics/att/harmonics_att_np208_secondary.txt,46987,-13.8772,12.4327,,,,0.00,0.120,,gleich
215,H,"Baía de Santa Marta, Angola",harmonics/noaa/harmonics_noaa_eutt.txt,18931,-13.8772,12.4327,1,,,0.00,0.120,,gleich
216,H,"Baía dos Elefantes, Angola",harmonics/att/harmonics_att_np208_secondary.txt,46794,-13.2277,12.7277,,,,0.00,0.134,,gleich
216,H,"Baía dos Elefantes, Angola",harmonics/noaa/harmonics_noaa_eutt.txt,19131,-13.2277,12.7277,1,,,0.00,0.134,,gleich
217,H,"Baía dos Tigres, Angola",harmonics/att/harmonics_att_np208_secondary.txt,47564,-16.5990,11.7238,,,,0.00,0.132,,gleich
217,H,"Baía dos Tigres, Angola",harmonics/noaa/harmonics_noaa_eutt.txt,18333,-16.5990,11.7238,1,,,0.00,0.132,,gleich
218,N,"Beachley (Aust), River Severn, England, United Kingdom",harmonics/classic/harmonics-1997-05-25_mod.txt,5607,51.6002,-2.6347,,51.6000,-2.6333,0.00,0.068,,gleich
218,N,"Beachley (Aust), England, United Kingdom",harmonics/utide/harmonics_utide_tidetables.txt,412899,51.6002,-2.6347,,,,0.00,0.068,,gleich
219,N,"Beaver Passage, British Columbia, Canada",harmonics/noaa/harmonics_noaa_amtt.txt,71432,53.8000,-130.3500,1,,,0.57,0.014,,verschieden
219,N,"Kitkatla, British Columbia, Canada",harmonics/utide/harmonics_utide_tidetables.txt,142293,53.8030,-130.3570,,,,0.57,0.014,,verschieden
220,L,"Becancour, Québec, Canada",harmonics/ticon/harmonics_ticon4_worldwide.txt,28279,46.4003,-72.3795,,46.4000,-72.3800,0.00,0.107,,gleich
220,L,"Bécancour, Québec, Canada",harmonics/utide/harmonics_utide_tidetables.txt,274569,46.4003,-72.3795,,,,0.00,0.107,,gleich
221,N,"Bedford Institute, Nova Scotia, Canada",harmonics/ticon/harmonics_ticon4_worldwide.txt,28476,44.6821,-63.6132,,44.6800,-63.6200,0.02,0.013,,gleich
221,N,"Bedford Institute, Nova Scotia, Canada",harmonics/utide/harmonics_utide_observations.txt,46303,44.6823,-63.6132,,,,0.02,0.013,,gleich
221,N,"Bedford Institute, Nova Scotia, Canada",harmonics/utide/harmonics_utide_tidetables.txt,204118,44.6823,-63.6132,,,,0.02,0.013,,gleich
222,N,"Bedford Island, Western Australia, Australia",harmonics/classic/harmonics-2004-06-14_mod.txt,22650,-16.1500,123.3167,,,,0.00,0.080,,gleich
222,N,"Bedford Island, Western Australia, Australia",harmonics/noaa/harmonics_noaa_cptt.txt,258928,-16.1500,123.3167,1,,,0.00,0.080,,gleich
223,N,"Beerkanaal, Netherlands",harmonics/utide/harmonics_utide_observations.txt,148146,51.9711,4.0973,,,,1.67,0.026,,verschieden
223,N,"Hoek van Holland, Netherlands",harmonics/utide/harmonics_utide_observations.txt,153573,51.9769,4.1198,,,,1.67,0.026,,verschieden
224,N,"Beihai, Guangxi, China",harmonics/ticon/harmonics_ticon4_worldwide.txt,28679,21.4830,109.0830,,,,0.00,0.012,,gleich
224,N,"Beihai, Guangxi, China",harmonics/utide/harmonics_utide_tidetables.txt,662321,21.4830,109.0830,,21.4833,109.0833,0.00,0.012,,gleich
225,N,"Beira, Mozambique",harmonics/classic/harmonics-1997-05-25_mod.txt,5729,-19.8254,34.8326,,-19.8167,34.8333,0.00,0.004,,gleich
225,N,"Beira, Mozambique",harmonics/utide/harmonics_utide_tidetables.txt,667356,-19.8254,34.8326,,-19.8167,34.8333,0.00,0.004,,gleich
226,N,"Belan Point (Menai Strait), Wales, United Kingdom",harmonics/noaa/harmonics_noaa_eutt.txt,66324,53.1225,-4.3297,1,,,0.00,0.017,,gleich
226,N,"Belan Point (Menai Strait), Wales, United Kingdom",harmonics/utide/harmonics_utide_tidetables.txt,448541,53.1225,-4.3297,,,,0.00,0.017,,gleich
227,N,"Belawan, Sumatra, Indonesia",harmonics/classic/harmonics-1997-05-25_mod.txt,5851,3.7882,98.7049,,3.8333,98.7167,0.58,0.067,,gleich
227,N,"Belawan, Indonesia",harmonics/utide/harmonics_utide_tidetables.txt,708532,3.7852,98.7006,,,,0.58,0.067,,gleich
228,H,"Belem (Para), Pará, Brazil",harmonics/noaa/harmonics_noaa_amtt.txt,43334,-1.4500,-48.5000,1,,,1.67,0.107,,gleich
228,H,"Belém, Pará, Brazil",harmonics/utide/harmonics_utide_tidetables.txt,85934,-1.4362,-48.4941,,,,1.67,0.107,,gleich
229,N,"Belfast (Lagan Weir), Northern Ireland, United Kingdom",harmonics/classic/harmonics-1997-05-25_mod.txt,5973,54.6014,-5.9215,,54.6000,-5.9167,0.00,0.049,,gleich
229,N,"Belfast (Lagan Weir), Northern Ireland, United Kingdom",harmonics/noaa/harmonics_noaa_eutt.txt,73848,54.6014,-5.9215,1,,,0.00,0.049,,gleich
229,N,"Belfast (Lagan Weir), Northern Ireland, United Kingdom",harmonics/utide/harmonics_utide_tidetables.txt,413480,54.6014,-5.9215,,,,0.00,0.049,,gleich
230,L,"Belize City, Belize",harmonics/classic/harmonics-2004-06-14_mod.txt,23231,17.5000,-88.1830,,17.5000,-88.1833,0.00,0.184,,gleich
230,L,"Belize City, Belize",harmonics/noaa/harmonics_noaa_censam.txt,19027,17.5000,-88.1830,,,,0.00,0.184,,gleich
231,N,"Bell Island, Newfoundland, Canada",harmonics/classic/harmonics-2004-06-14_mod.txt,23616,47.6298,-52.9235,,47.6333,-52.9333,0.00,0.000,,gleich
231,N,"Bell Island, Newfoundland, Canada",harmonics/utide/harmonics_utide_tidetables.txt,178229,47.6298,-52.9235,,,,0.00,0.000,,gleich
232,GN,"Bella Bella, Lama Passage, Campbell Island, British Columbia, Canada",harmonics/noaa/harmonics_noaa_amtt.txt,70235,52.1333,-128.1333,1,,,3.37,0.040,1,gleich
232,GN,"Bella Bella, British Columbia, Canada",harmonics/utide/harmonics_utide_observations.txt,39486,52.1630,-128.1430,,,,3.37,0.040,1,gleich
232,GN,"Bella Bella, British Columbia, Canada",harmonics/utide/harmonics_utide_tidetables.txt,136501,52.1631,-128.1425,,,,3.37,0.040,1,gleich
233,N,"Belle Isle (Black Joke Cove), Newfoundland, Canada",harmonics/classic/harmonics-2004-06-14_mod.txt,25710,51.9993,-55.2793,,52.0167,-55.8667,0.00,0.000,,gleich
233,N,"Belle Isle (Black Joke Cove), Newfoundland, Canada",harmonics/utide/harmonics_utide_tidetables.txt,188653,51.9993,-55.2793,,,,0.00,0.000,,gleich
234,N,"Belledune, New Brunswick, Canada",harmonics/utide/harmonics_utide_observations.txt,45133,47.9090,-65.8459,,,,0.01,0.008,,gleich
234,N,"Belledune, New Brunswick, Canada",harmonics/utide/harmonics_utide_tidetables.txt,169536,47.9090,-65.8459,,,,0.01,0.008,,gleich
235,N,"Belleoram, Newfoundland, Canada",harmonics/classic/harmonics-2004-06-14_mod.txt,23996,47.5268,-55.4093,,47.5333,-55.4167,0.00,0.000,,gleich
235,N,"Belleoram, Newfoundland, Canada",harmonics/utide/harmonics_utide_tidetables.txt,173983,47.5268,-55.4093,,,,0.00,0.000,,gleich
236,H,"Bengkalis, Indonesia",harmonics/att/harmonics_att_np203_scs.txt,44556,1.4667,102.1000,,,,0.00,0.126,,gleich
236,H,"Bengkalis, Sumatra, Indonesia",harmonics/noaa/harmonics_noaa_cptt.txt,140151,1.4667,102.1000,1,,,0.00,0.126,,gleich
237,N,"Bengkulu, Indonesia",harmonics/att/harmonics_att_np203_scs.txt,52512,-3.7833,102.2500,,,,0.00,0.071,,aehnlich
237,N,"Benkulu, Indonesia",harmonics/noaa/harmonics_noaa_cptt.txt,147766,-3.7833,102.2500,1,,,0.00,0.071,,aehnlich
238,H,"Benguela, Angola",harmonics/att/harmonics_att_np208_secondary.txt,46601,-12.5670,13.4000,,,,0.00,0.141,,gleich
238,H,"Benguela, Angola",harmonics/noaa/harmonics_noaa_eutt.txt,19331,-12.5670,13.4000,1,,,0.00,0.141,,gleich
239,H,"Benin River Bar, Nigeria",harmonics/att/harmonics_att_np208_secondary.txt,36931,5.7170,5.0330,,,,0.00,0.136,,gleich
239,H,"Benin River Bar, Nigeria",harmonics/noaa/harmonics_noaa_eutt.txt,26725,5.7170,5.0330,1,,,0.00,0.136,,gleich
240,N,"Benoa Baru, Indonesia",harmonics/att/harmonics_att_np203_scs.txt,110178,0.9833,117.9833,,,,0.00,0.033,,verschieden
240,N,"Sangkulirang, Sangkulirang River, Borneo, Indonesia",harmonics/noaa/harmonics_noaa_cptt.txt,161375,0.9833,117.9833,1,,,0.00,0.033,,verschieden
241,N,"Benoa, Indonesia",harmonics/att/harmonics_att_np203_scs.txt,129382,-8.7500,115.2167,,,,0.92,0.034,,gleich
241,N,"Benoa, Bali, Indonesia",harmonics/ticon/harmonics_ticon4_worldwide.txt,28877,-8.7450,115.2100,,,,0.92,0.034,,gleich
241,N,"Benoa, Bali, Indonesia",harmonics/utide/harmonics_utide_observations.txt,90815,-8.7450,115.2100,,,,0.92,0.034,,gleich
242,N,"Beppu, Oita, Japan",harmonics/ticon/harmonics_ticon4_worldwide.txt,29276,33.2986,131.5036,,,,0.00,0.003,,gleich
242,N,"Beppu, Oita, Japan",harmonics/utide/harmonics_utide_observations.txt,98860,33.2986,131.5036,,,,0.00,0.003,,gleich
243,N,"Berbera (Gulf of Aden), Somalia",harmonics/att/harmonics_att_np203.txt,23041,10.4410,45.0030,,,,0.03,0.055,,gleich
243,N,"Berbera (Gulf of Aden), Somalia",harmonics/classic/harmonics-1997-05-25_mod.txt,6093,10.4408,45.0028,,10.4333,45.0167,0.03,0.055,,gleich
243,N,"Berbera (Gulf of Aden), Somalia",harmonics/noaa/harmonics_noaa_cptt.txt,281105,10.4409,45.0029,1,10.4333,45.0167,0.03,0.055,,gleich
244,N,"Berck Plage - Fort Mahon, France",harmonics/classic/harmonics-pierre-lavergne-v10_mod.txt,4004,50.3417,1.5158,,50.3388,1.5493,0.00,0.014,,gleich
244,N,"Berck Plage - Fort Mahon, France",harmonics/utide/harmonics_utide_tidetables.txt,329911,50.3417,1.5158,,,,0.00,0.014,,gleich
245,N,"Berezovyy Bar, Russia",harmonics/att/harmonics_att_np202_secondary.txt,33982,64.9000,40.1833,,,,0.00,0.052,,aehnlich
245,N,"Berezovvy Bar, Russia",harmonics/noaa/harmonics_noaa_eutt.txt,108717,64.9000,40.1833,1,,,0.00,0.052,,aehnlich
246,N,"Bergen, Norway",harmonics/ticon/harmonics_ticon4_worldwide.txt,29479,60.3980,5.3205,,,,0.01,0.009,,gleich
246,N,"Bergen, Norway",harmonics/utide/harmonics_utide_observations.txt,169740,60.3980,5.3205,,,,0.01,0.009,,gleich
247,H,"Berkeley Sound, Falkland Islands",harmonics/att/harmonics_att_np207.txt,24222,-51.5500,-58.1333,,,,1.33,0.113,,verschieden
247,H,"Port Louis (Berkeley Sound), Falkland Islands",harmonics/noaa/harmonics_noaa_amtt.txt,56797,-51.5538,-58.1516,1,,,1.33,0.113,,verschieden
248,N,"Berkeley, California",harmonics/classic/harmonics-2004-06-14_mod.txt,24947,37.8667,-122.3000,,,,0.64,0.029,,gleich
248,N,"Berkeley, San Francisco Bay, California",harmonics/classic/harmonics-dwf-20251228-free.txt,184406,37.8650,-122.3070,,,,0.64,0.029,,gleich
249,N,"Bermeo, Spain",harmonics/noaa/harmonics_noaa_eutt.txt,46140,43.4207,-2.7128,1,,,0.00,0.084,,gleich
249,N,"Bermeo, Spain",harmonics/utide/harmonics_utide_tidetables.txt,384154,43.4207,-2.7128,,,,0.00,0.084,,gleich
250,N,"Berombang, Indonesia",harmonics/att/harmonics_att_np203_scs.txt,46496,2.6167,100.1167,,,,0.00,0.048,,aehnlich
250,N,"Berembang, Sungi Panai, Sumatra, Indonesia",harmonics/noaa/harmonics_noaa_cptt.txt,139545,2.6167,100.1167,1,,,0.00,0.048,,aehnlich
251,N,"Berwick-upon-Tweed, England, United Kingdom",harmonics/noaa/harmonics_noaa_eutt.txt,56779,55.7671,-2.0051,1,,,0.00,0.034,,gleich
251,N,"Berwick-upon-Tweed, England, United Kingdom",harmonics/utide/harmonics_utide_tidetables.txt,414258,55.7671,-2.0051,,,,0.00,0.034,,gleich
252,HL,"Beypore, Kerala, India",harmonics/att/harmonics_att_np203_secondary.txt,101035,11.1632,75.8037,,11.1667,75.8167,0.02,0.238,,gleich
252,HL,"Beypore, Kerala, India",harmonics/classic/harmonics-1997-05-25_mod.txt,6215,11.1633,75.8037,,11.1667,75.8000,0.02,0.238,,gleich
252,HL,"Beypore, Kerala, India",harmonics/noaa/harmonics_noaa_cptt.txt,270332,11.1631,75.8037,1,,,0.02,0.238,,gleich
253,N,"Bhatkal, Karnataka, India",harmonics/att/harmonics_att_np203.txt,28991,13.9681,74.5344,,13.9700,74.5500,0.00,0.074,,gleich
253,N,"Bhatkal, Karnataka, India",harmonics/noaa/harmonics_noaa_cptt.txt,271312,13.9681,74.5344,1,,,0.00,0.074,,gleich
254,HN,"Bhavnagar, Gujarat, India",harmonics/classic/harmonics-1997-05-25_mod.txt,6337,21.7605,72.2328,,21.8000,72.1500,0.00,0.108,,gleich
254,HN,"Bhavnagar, Gulf of Cambay, Gujarat, India",harmonics/noaa/harmonics_noaa_cptt.txt,272288,21.7605,72.2328,1,,,0.00,0.108,,gleich
254,HN,"Bhavnagar, Gujarat, India",harmonics/utide/harmonics_utide_tidetables.txt,287748,21.7605,72.2328,,21.7500,72.2333,0.00,0.108,,gleich
255,N,"Biaojiao, Guangdong, China",harmonics/noaa/harmonics_noaa_cptt.txt,121644,23.2500,116.7500,1,,,0.00,0.056,,verschieden
255,N,"Dahao Dock, Guangdong, China",harmonics/noaa/harmonics_noaa_cptt.txt,121837,23.2500,116.7500,1,,,0.00,0.056,,verschieden
256,N,"Big Bras D'Or, Nova Scotia, Canada",harmonics/utide/harmonics_utide_tidetables.txt,204505,46.2816,-60.4247,,,,0.00,0.000,,verschieden
256,N,"Duffus Point, Nova Scotia, Canada",harmonics/utide/harmonics_utide_tidetables.txt,209549,46.2816,-60.4247,,,,0.00,0.000,,verschieden
257,N,"Bikini Atoll, Marshall Islands",harmonics/att/harmonics_att_np204_secondary.txt,16346,11.6000,165.5500,,,,0.00,0.067,,gleich
257,N,"Bikini Atoll, Marshall Islands",harmonics/noaa/harmonics_noaa_pacif.txt,17850,11.6000,165.5500,,,,0.00,0.067,,gleich
258,G,"Biloxi (Cadet Point), Biloxi Bay, Mississippi",harmonics/classic/harmonics-dwf-20251228-free.txt,148554,30.3900,-88.8567,,,,5.08,0.067,1,gleich
258,G,"Biloxi, Biloxi Bay, Mississippi",harmonics/classic/harmonics-dwf-20251228-free.txt,149139,30.4117,-88.9033,,,,5.08,0.067,1,gleich
259,H,"Bima, Indonesia",harmonics/att/harmonics_att_np203_scs.txt,130544,-8.4500,118.7167,,,,0.00,0.117,,gleich
259,H,"Bima Bay, Sumba, Indonesia",harmonics/noaa/harmonics_noaa_cptt.txt,154461,-8.4500,118.7167,1,,,0.00,0.117,,gleich
260,H,"Bimbia River Entrance, Cameroon",harmonics/att/harmonics_att_np208_secondary.txt,42741,3.9670,9.2830,,,,0.05,0.120,,gleich
260,H,"Bimbia River entrance, Cameroon",harmonics/noaa/harmonics_noaa_eutt.txt,23320,3.9667,9.2833,1,,,0.05,0.120,,gleich
261,N,"Binic, France",harmonics/classic/harmonics-pierre-lavergne-v10_mod.txt,9420,48.6011,-2.8153,,,,0.00,0.008,,gleich
261,N,"Binic, France",harmonics/utide/harmonics_utide_tidetables.txt,330301,48.6011,-2.8153,,48.6000,-2.8167,0.00,0.008,,gleich
262,H,"Biri Island, Philippines",harmonics/att/harmonics_att_np203_scs.txt,78718,12.6500,124.3667,,,,0.00,0.150,,gleich
262,H,"Biri Island, Northern Samar, Philippines",harmonics/noaa/harmonics_noaa_cptt.txt,200391,12.6500,124.3667,1,,,0.00,0.150,,gleich
263,N,"Biscarrosse, France",harmonics/classic/harmonics-pierre-lavergne-v10_mod.txt,19702,44.4449,-1.2562,,,,0.00,0.076,,gleich
263,N,"Biscarrosse, France",harmonics/utide/harmonics_utide_tidetables.txt,330496,44.4449,-1.2562,,44.4676,-1.2708,0.00,0.076,,gleich
264,N,"Bissau, Guinea-Bissau",harmonics/classic/harmonics-1997-05-25_mod.txt,6457,11.8580,-15.5774,,11.8667,-15.5833,1.10,0.059,,verschieden
264,N,"Porto de Bissau, Guinea-Bissau",harmonics/noaa/harmonics_noaa_eutt.txt,32400,11.8500,-15.5833,1,,,1.10,0.059,,verschieden
265,N,"Bitung, Indonesia",harmonics/att/harmonics_att_np203_scs.txt,120454,1.4333,125.2000,,,,1.24,0.042,,gleich
265,N,"Bitung (Lembeh Strait), Sulawesi, Indonesia",harmonics/ticon/harmonics_ticon4_worldwide.txt,30690,1.4388,125.1903,,1.4380,125.1900,1.24,0.042,,gleich
265,N,"Bitung (Lembeh Strait), Sulawesi, Indonesia",harmonics/utide/harmonics_utide_observations.txt,89017,1.4380,125.1900,,,,1.24,0.042,,gleich
266,N,"Black Rock Point, Nova Scotia, Canada",harmonics/classic/harmonics-2004-06-14_mod.txt,25900,46.3049,-60.3923,,46.3000,-60.4000,0.90,0.088,,verschieden
266,N,"Penny Lane, Nova Scotia, Canada",harmonics/utide/harmonics_utide_tidetables.txt,217506,46.2986,-60.3997,,,,0.90,0.088,,verschieden
267,N,"Blandford, Nova Scotia, Canada",harmonics/classic/harmonics-2004-06-14_mod.txt,26665,44.4953,-64.1123,,44.5000,-64.0833,0.07,0.031,,gleich
267,N,"Blandford, Nova Scotia, Canada",harmonics/utide/harmonics_utide_tidetables.txt,204892,44.4947,-64.1123,,,,0.07,0.031,,gleich
268,G,"Block Island (Old Harbor), Rhode Island",harmonics/classic/harmonics-dwf-20251228-free.txt,39286,41.1733,-71.5567,,,,4.60,0.057,1,gleich
268,G,"Block Island (SW end), Block Island Sound, Rhode Island",harmonics/classic/harmonics-dwf-20251228-free.txt,39679,41.1633,-71.6100,,,,4.60,0.057,1,gleich
269,N,"Bluff, Southland, New Zealand",harmonics/classic/harmonics-2004-06-14_mod.txt,27237,-46.5977,168.3454,,-46.6000,168.3500,0.00,0.025,,gleich
269,N,"Bluff, Southland, New Zealand",harmonics/ticon/harmonics_ticon4_worldwide.txt,31093,-46.5977,168.3454,,-46.6000,168.3330,0.00,0.025,,gleich
269,N,"Bluff, Southland, New Zealand",harmonics/utide/harmonics_utide_observations.txt,168544,-46.5977,168.3454,,-46.6000,168.3500,0.00,0.025,,gleich
270,K,"Blunden Harbor, British Columbia, Canada",harmonics/noaa/harmonics_noaa_amtt.txt,68661,50.9000,-127.2833,1,,,3.23,0.020,1,verschieden
270,K,"Raynor Group, British Columbia, Canada",harmonics/utide/harmonics_utide_tidetables.txt,123712,50.8860,-127.2430,,,,3.23,0.020,1,verschieden
271,N,"Blåvands Huk, Denmark",harmonics/att/harmonics_att_np202_secondary.txt,75696,55.5575,8.0767,,55.5500,8.0833,0.00,0.068,,gleich
271,N,"Blåvands Huk, Denmark",harmonics/noaa/harmonics_noaa_eutt.txt,87209,55.5575,8.0767,1,,,0.00,0.068,,gleich
272,N,"Boat Cove, New Zealand",harmonics/ticon/harmonics_ticon4_worldwide.txt,31293,-29.2803,-177.8946,,-29.2833,177.9000,0.00,0.039,,gleich
272,N,"Boat Cove, New Zealand",harmonics/utide/harmonics_utide_tidetables.txt,587645,-29.2803,-177.8946,,,,0.00,0.039,,gleich
273,N,"Boca De Cangrejos, Isla Verde, San Juan, Puerto Rico",harmonics/classic/harmonics-2004-06-14_mod.txt,28006,18.4566,-65.9915,,18.4600,-65.9933,0.00,0.049,,gleich
273,N,"Boca de Cangrejos, Puerto Rico",harmonics/classic/harmonics-dwf-20251228-free.txt,264370,18.4566,-65.9915,,,,0.00,0.049,,gleich
274,N,"Bodø, Norway",harmonics/ticon/harmonics_ticon4_worldwide.txt,31494,67.2923,14.3998,,,,0.00,0.003,,gleich
274,N,"Bodø, Norway",harmonics/utide/harmonics_utide_observations.txt,169938,67.2923,14.3998,,,,0.00,0.003,,gleich
275,N,"Bogo Bay, Philippines",harmonics/att/harmonics_att_np203_scs.txt,69398,11.0667,124.0000,,,,0.00,0.042,,gleich
275,N,"Bogo Bay, Cebu, Philippines",harmonics/noaa/harmonics_noaa_cptt.txt,194790,11.0667,124.0000,1,,,0.00,0.042,,gleich
276,H,"Bojan, Indonesia",harmonics/att/harmonics_att_np203_scs.txt,41258,1.0167,103.9167,,,,0.00,0.159,,gleich
276,H,"Bojan, Bulan Strait, Indonesia",harmonics/noaa/harmonics_noaa_cptt.txt,141553,1.0167,103.9167,1,,,0.00,0.159,,gleich
277,N,"Bolama, Guinea-Bissau",harmonics/classic/harmonics-1997-05-25_mod.txt,6578,11.5788,-15.4710,,11.5833,-15.4833,0.00,0.053,,verschieden
277,N,"Porto de Bolama, Guinea-Bissau",harmonics/noaa/harmonics_noaa_eutt.txt,32202,11.5788,-15.4710,1,,,0.00,0.053,,verschieden
277,N,"Bolama, Guinea-Bissau",harmonics/utide/harmonics_utide_tidetables.txt,330689,11.5788,-15.4710,,,,0.00,0.053,,verschieden
278,N,"Bolhoon, Philippines",harmonics/att/harmonics_att_np203_scs.txt,69204,9.6333,123.4833,,,,0.00,0.051,,aehnlich
278,N,"Boljoon, Bohol, Philippines",harmonics/noaa/harmonics_noaa_cptt.txt,195369,9.6333,123.4833,1,,,0.00,0.051,,aehnlich
279,N,"Bolinao, Philippines",harmonics/att/harmonics_att_np203_scs.txt,73476,16.3940,119.8978,,16.4000,119.9000,0.71,0.071,,gleich
279,N,"Bolinao, Philippines",harmonics/classic/harmonics-1997-05-25_mod.txt,6700,16.3940,119.8978,,16.4000,119.9000,0.71,0.071,,gleich
279,N,"Bolinao, Lingayen Gulf, La Union, Philippines",harmonics/noaa/harmonics_noaa_cptt.txt,208306,16.4000,119.9000,1,,,0.71,0.071,,gleich
280,H,"Bon Accord Harbor, Kawau Island, Auckland, New Zealand",harmonics/noaa/harmonics_noaa_cptt.txt,233748,-36.4500,174.8333,1,,,2.61,0.137,,verschieden
280,H,"Bon Accord Harbour - Mansion House Bay, New Zealand",harmonics/utide/harmonics_utide_tidetables.txt,563399,-36.4297,174.8187,,,,2.61,0.137,,verschieden
281,N,"Bonavista, Newfoundland, Canada",harmonics/utide/harmonics_utide_observations.txt,46496,48.6506,-53.1158,,,,0.00,0.001,,gleich
281,N,"Bonavista, Newfoundland, Canada",harmonics/utide/harmonics_utide_tidetables.txt,180738,48.6506,-53.1158,,,,0.00,0.001,,gleich
282,N,"Bonbonon, Philippines",harmonics/att/harmonics_att_np203_scs.txt,68040,9.0500,123.1167,,,,0.00,0.057,,gleich
282,N,"Port Bonbonon, Negros Oriental, Philippines",harmonics/noaa/harmonics_noaa_cptt.txt,192860,9.0500,123.1167,1,,,0.00,0.057,,gleich
283,N,"Bonny (Eyamba Town), Nigeria",harmonics/att/harmonics_att_np208.txt,18255,4.4571,7.1706,,4.4500,7.1670,0.00,0.061,,gleich
283,N,"Bonny (Eyamba Town), Nigeria",harmonics/classic/harmonics-1997-05-25_mod.txt,6947,4.4571,7.1706,,4.4500,7.1667,0.00,0.061,,gleich
283,N,"Bonny (Eyamba Town), Nigeria",harmonics/noaa/harmonics_noaa_eutt.txt,24922,4.4571,7.1706,1,,,0.00,0.061,,gleich
283,N,"Bonny (Eyamba Town), Nigeria",harmonics/utide/harmonics_utide_tidetables.txt,669101,4.4571,7.1706,,4.4500,7.1667,0.00,0.061,,gleich
284,G,"Bonny River Bar (Niger River Delta), Nigeria",harmonics/att/harmonics_att_np208_secondary.txt,40230,4.3330,7.0890,,,,0.00,0.054,,gleich
284,G,"Bonny River Bar (Niger River Delta), Nigeria",harmonics/noaa/harmonics_noaa_eutt.txt,24722,4.3330,7.0890,1,,,0.00,0.054,,gleich
285,N,"Bonthe, Sierra Leone",harmonics/att/harmonics_att_np208_secondary.txt,32096,7.5170,-12.5000,,,,2.58,0.080,,verschieden
285,N,"York Island, Sherbro River, Sierra Leone",harmonics/noaa/harmonics_noaa_eutt.txt,30428,7.5333,-12.4833,1,,,2.58,0.080,,verschieden
286,H,"Bordeaux, France",harmonics/noaa/harmonics_noaa_eutt.txt,48305,44.8600,-0.5528,1,,,0.00,0.218,,gleich
286,H,"Bordeaux, France",harmonics/utide/harmonics_utide_observations.txt,58249,44.8600,-0.5528,,,,0.00,0.218,,gleich
287,GN,"Borkum (Südstrand), Germany",harmonics/noaa/harmonics_noaa_eutt.txt,82510,53.5770,6.6610,1,,,6.14,0.077,1,gleich
287,GN,"Borkum (Fischerbalje), Germany",harmonics/utide/harmonics_utide_observations.txt,70877,53.5574,6.7479,,,,6.14,0.077,1,gleich
287,GN,"Borkum (Südstrand), Germany",harmonics/utide/harmonics_utide_observations.txt,71071,53.5770,6.6610,,,,6.14,0.077,1,gleich
288,N,"Borocay Island, Aklan, Philippines",harmonics/noaa/harmonics_noaa_cptt.txt,189000,11.9500,121.9333,1,,,2.61,0.064,,verschieden
288,N,"Caticlan, Aklan, Philippines",harmonics/utide/harmonics_utide_tidetables.txt,315503,11.9392,121.9546,,,,2.61,0.064,,verschieden
289,H,"Boston, England, United Kingdom",harmonics/noaa/harmonics_noaa_eutt.txt,58967,52.9665,-0.0232,1,,,0.00,0.120,,gleich
289,H,"Boston, England, England, United Kingdom",harmonics/utide/harmonics_utide_tidetables.txt,417364,52.9665,-0.0232,,,,0.00,0.120,,gleich
290,N,"Boucau-Bayonne (L'Adour), France",harmonics/noaa/harmonics_noaa_eutt.txt,47917,43.5273,-1.5148,1,,,0.00,0.033,,gleich
290,N,"Boucau-Bayonne (L'Adour), France",harmonics/utide/harmonics_utide_observations.txt,55414,43.5273,-1.5148,,,,0.00,0.033,,gleich
291,N,"Boulogne-sur-Mer, France",harmonics/noaa/harmonics_noaa_eutt.txt,53787,50.7274,1.5777,1,,,0.00,0.022,,gleich
291,N,"Boulogne-sur-Mer, France",harmonics/utide/harmonics_utide_observations.txt,65499,50.7274,1.5777,,,,0.00,0.022,,gleich
292,N,"Bouéni (Mtiti), Mayotte",harmonics/att/harmonics_att_np203_secondary.txt,38136,-12.9112,45.0788,,,,0.00,0.059,,gleich
292,N,"Bouéni (Mtiti), Mayotte",harmonics/utide/harmonics_utide_tidetables.txt,353714,-12.9112,45.0788,,-12.9236,45.0633,0.00,0.059,,gleich
293,N,"Bowling (River Clyde), Scotland, United Kingdom",harmonics/noaa/harmonics_noaa_eutt.txt,70688,55.9305,-4.4862,1,,,0.00,0.035,,gleich
293,N,"Bowling (River Clyde), Scotland, United Kingdom",harmonics/utide/harmonics_utide_tidetables.txt,417943,55.9305,-4.4862,,,,0.00,0.035,,gleich
294,L,"Braamspunt (Suriname River), Suriname",harmonics/classic/harmonics-2004-06-14_mod.txt,275597,5.9439,-55.1641,,6.0000,-55.2333,9.87,0.119,1,verschieden
294,L,"Suriname Rivier Entrance, Suriname",harmonics/utide/harmonics_utide_tidetables.txt,667550,6.0000,-55.2333,,,,9.87,0.119,1,verschieden
295,N,"Brador, Québec, Canada",harmonics/classic/harmonics-2004-06-14_mod.txt,16891,51.4828,-57.2418,,51.4667,-57.2667,1.88,0.030,,aehnlich
295,N,"Bradore Bay, Québec, Canada",harmonics/noaa/harmonics_noaa_amtt.txt,25132,51.4667,-57.2500,1,,,1.88,0.030,,aehnlich
296,N,"Brake (Weser), Germany",harmonics/noaa/harmonics_noaa_eutt.txt,83882,53.3160,8.4866,1,,,0.00,0.087,,gleich
296,N,"Brake (Weser), Germany",harmonics/ticon/harmonics_ticon4_worldwide.txt,32693,53.3160,8.4865,,53.3175,8.4875,0.00,0.087,,gleich
296,N,"Brake (Weser), Germany",harmonics/utide/harmonics_utide_observations.txt,205370,53.3160,8.4865,,,,0.00,0.087,,gleich
297,H,"Brass (Brass River), Nigeria",harmonics/att/harmonics_att_np208_secondary.txt,38877,4.3195,6.2416,,,,0.00,0.134,,gleich
297,H,"Brass (Brass River), Nigeria",harmonics/noaa/harmonics_noaa_eutt.txt,25724,4.3195,6.2416,1,,,0.00,0.134,,gleich
298,N,"Braye Bay, Alderney, Channel Islands",harmonics/classic/harmonics-pierre-lavergne-v10_mod.txt,8298,49.7255,-2.2000,,,,0.29,0.046,,gleich
298,N,"Braye Bay, Alderney, Channel Islands",harmonics/utide/harmonics_utide_tidetables.txt,323289,49.7255,-2.2000,,49.7267,-2.2000,0.29,0.046,,gleich
298,N,"Braye, Alderney, Channel Islands",harmonics/utide/harmonics_utide_tidetables.txt,418522,49.7232,-2.1982,,,,0.29,0.046,,gleich
299,N,"Breakwater Harbor, Delaware",harmonics/classic/harmonics-2004-06-14_mod.txt,30875,38.7817,-75.1200,,,,0.14,0.020,,verschieden
299,N,"Lewes, Fort Miles, Delaware",harmonics/classic/harmonics-dwf-20251228-free.txt,64256,38.7828,-75.1193,,,,0.14,0.020,,verschieden
300,N,"Bremen-Oslebshausen (Weser), Germany",harmonics/classic/harmonics-dwf-20070318_mod.txt,15009,53.1197,8.7119,,,,0.02,0.058,,gleich
300,N,"Bremen-Oslebshausen (Weser), Germany",harmonics/utide/harmonics_utide_observations.txt,81191,53.1198,8.7122,,,,0.02,0.058,,gleich
301,N,"Bremerhaven (Alter Leuchtturm), Germany",harmonics/ticon/harmonics_ticon4_worldwide.txt,30283,53.5450,8.5682,,53.5465,8.5692,0.00,0.088,,gleich
301,N,"Bremerhaven (Alter Leuchtturm), Germany",harmonics/utide/harmonics_utide_observations.txt,70484,53.5450,8.5682,,,,0.00,0.088,,gleich
302,GN,"Brest (Estuaire Penfeld), France",harmonics/classic/harmonics-pierre-lavergne-v10_mod.txt,12598,48.3829,-4.4950,,48.3786,-4.4867,4.99,0.006,1,gleich
302,GN,"Brest (Estuaire Penfeld), France",harmonics/utide/harmonics_utide_observations.txt,63060,48.3829,-4.4950,,,,4.99,0.006,1,gleich
302,GN,"Brest (Moulin Blanc), France",harmonics/utide/harmonics_utide_tidetables.txt,353521,48.3950,-4.4300,,,,4.99,0.006,1,gleich
303,N,"Bridgeport, Connecticut",harmonics/classic/harmonics-2004-06-14_mod.txt,31261,41.1733,-73.1817,,,,0.34,0.016,,gleich
303,N,"Bridgeport Harbor, Bridgeport, Connecticut",harmonics/classic/harmonics-dwf-20251228-free.txt,40663,41.1758,-73.1840,,,,0.34,0.016,,gleich
304,N,"Brightlingsea (Colne River), England, United Kingdom",harmonics/noaa/harmonics_noaa_eutt.txt,59561,51.8044,1.0235,1,,,0.00,0.053,,gleich
304,N,"Brightlingsea (Colne River), England, United Kingdom",harmonics/utide/harmonics_utide_tidetables.txt,419103,51.8044,1.0235,,51.8047,0.9899,0.00,0.053,,gleich
305,N,"Brighton Marina, England, United Kingdom",harmonics/classic/harmonics_literature.txt,16364,50.8118,-0.1013,,,,0.00,0.007,,aehnlich
305,N,"Brighton, England, United Kingdom",harmonics/ticon/harmonics_ticon4_worldwide.txt,33287,50.8118,-0.1013,,,,0.00,0.007,,aehnlich
305,N,"Brighton, England, United Kingdom",harmonics/utide/harmonics_utide_observations.txt,197842,50.8118,-0.1013,,,,0.00,0.007,,aehnlich
306,N,"Brignogan-Plage, France",harmonics/classic/harmonics-pierre-lavergne-v10_mod.txt,11291,48.6678,-4.3223,,,,0.00,0.003,,gleich
306,N,"Brignogan-Plage, France",harmonics/utide/harmonics_utide_tidetables.txt,332442,48.6678,-4.3223,,48.6785,-4.3175,0.00,0.003,,gleich
307,N,"Brisbane Bar, Queensland, Australia",harmonics/ticon/harmonics_ticon4_worldwide.txt,33491,-27.3608,153.1719,,,,0.01,0.005,,gleich
307,N,"Brisbane Bar, Queensland, Australia",harmonics/utide/harmonics_utide_observations.txt,22968,-27.3608,153.1718,,,,0.01,0.005,,gleich
308,N,"Brisbane Port Office., Queensland, Australia",harmonics/classic/harmonics-2004-06-14_mod.txt,31457,-27.4658,153.0335,,-27.4833,153.0333,0.00,0.035,,gleich
308,N,"Brisbane Port Office, Queensland, Australia",harmonics/utide/harmonics_utide_tidetables.txt,23533,-27.4658,153.0335,,,,0.00,0.035,,gleich
309,G,"Bruce Bay, Canterbury, New Zealand",harmonics/noaa/harmonics_noaa_cptt.txt,227307,-43.5833,169.6000,1,,,3.22,0.092,1,gleich
309,G,"Bruce Bay, New Zealand",harmonics/utide/harmonics_utide_tidetables.txt,563596,-43.5907,169.5614,,,,3.22,0.092,1,gleich
310,N,"Brunsbüttel (Elbe), Germany",harmonics/ticon/harmonics_ticon4_worldwide.txt,34288,53.8878,9.1429,,53.8894,9.1498,0.00,0.096,,gleich
310,N,"Brunsbüttel (Elbe), Germany",harmonics/utide/harmonics_utide_observations.txt,71653,53.8878,9.1429,,,,0.00,0.096,,gleich
311,N,"Brunswick Heads, New South Wales, Australia",harmonics/classic/harmonics-2004-06-14_mod.txt,32417,-28.5368,153.5521,,-28.5333,153.6167,0.00,0.009,,aehnlich
311,N,"Brunswick, New South Wales, Australia",harmonics/ticon/harmonics_ticon4_worldwide.txt,34486,-28.5368,153.5521,,,,0.00,0.009,,aehnlich
312,N,"Bubaque, Guinea-Bissau",harmonics/classic/harmonics-1997-05-25_mod.txt,7069,11.3000,-15.8263,,11.3333,-15.8667,0.00,0.001,,gleich
312,N,"Bubaque, Guinea-Bissau",harmonics/utide/harmonics_utide_tidetables.txt,332635,11.3000,-15.8263,,11.2996,-15.8265,0.00,0.001,,gleich
313,N,"Buckie, Scotland, United Kingdom",harmonics/utide/harmonics_utide_observations.txt,218444,57.6808,-2.9541,,,,0.00,0.034,,gleich
313,N,"Buckie, Scotland, United Kingdom",harmonics/utide/harmonics_utide_tidetables.txt,420261,57.6808,-2.9541,,,,0.00,0.034,,gleich
314,L,"Buenaventura, Colombia",harmonics/ticon/harmonics_ticon4_worldwide.txt,34692,3.8910,-77.0814,,3.8900,-77.0620,0.00,0.132,,gleich
314,L,"Buenaventura, Colombia",harmonics/utide/harmonics_utide_observations.txt,53009,3.8910,-77.0814,,3.8906,-77.0808,0.00,0.132,,gleich
315,G,"Buenos Aires (Dársena Norte), Buenos Aires, Argentina",harmonics/classic/harmonics-1997-05-25_mod.txt,7191,-34.5974,-58.3676,,-34.6000,-58.3667,4.96,0.023,1,gleich
315,G,"Buenos Aires (Muelle de Pescadores), Buenos Aires, Argentina",harmonics/ticon/harmonics_ticon4_worldwide.txt,34890,-34.5609,-58.3988,,-34.6670,-58.5000,4.96,0.023,1,gleich
316,G,"Bugrino, Russia",harmonics/att/harmonics_att_np202_secondary.txt,31072,68.8000,49.2667,,,,3.35,0.091,1,gleich
316,G,"Bugrino, Kolguyev Island, Russia",harmonics/noaa/harmonics_noaa_eutt.txt,113860,68.8000,49.3500,1,,,3.35,0.091,1,gleich
317,H,"Bukhta Abrek, Russia",harmonics/att/harmonics_att_np204_secondary.txt,24010,54.4000,137.6167,,,,0.00,0.102,,verschieden
317,H,"Abrek Bay, Little Shantar Island, Russia",harmonics/noaa/harmonics_noaa_cptt.txt,27599,54.4000,137.6167,1,,,0.00,0.102,,verschieden
318,N,"Bukhta Babushkina, Kuril Islands, Russia",harmonics/classic/harmonics-2004-06-14_mod.txt,32804,50.6500,156.4000,,,,0.00,0.065,,verschieden
318,N,"Nakagawa Wan, Russia",harmonics/noaa/harmonics_noaa_cptt.txt,38939,50.6500,156.4000,1,,,0.00,0.065,,verschieden
319,N,"Bukhta Broutona, Kuril Islands, Russia",harmonics/classic/harmonics-2004-06-14_mod.txt,33190,47.1500,152.2500,,,,0.00,0.094,,gleich
319,N,"Bukhta Broutona, Shimushiru To, Russia",harmonics/noaa/harmonics_noaa_cptt.txt,41629,47.1500,152.2500,1,,,0.00,0.094,,gleich
320,N,"Bukhta Krasheninikova (Paramushir), Kuril Islands, Russia",harmonics/classic/harmonics-2004-06-14_mod.txt,33383,50.2833,155.3330,,,,0.02,0.068,,verschieden
320,N,"Kujira Wan, Russia",harmonics/noaa/harmonics_noaa_cptt.txt,40091,50.2833,155.3333,1,,,0.02,0.068,,verschieden
321,N,"Bukhta Malyy Korabel'naya, Russia",harmonics/att/harmonics_att_np202_secondary.txt,44846,69.5833,32.7500,,,,0.00,0.028,,aehnlich
321,N,"Malaya Korabelnaya Bay, Russia",harmonics/noaa/harmonics_noaa_eutt.txt,91311,69.5833,32.7500,1,,,0.00,0.028,,aehnlich
322,H,"Bukhta Matuga, Russia",harmonics/att/harmonics_att_np204_secondary.txt,24970,61.6833,160.2500,,,,0.00,0.169,,verschieden
322,H,"Matugin Point, Russia",harmonics/noaa/harmonics_noaa_cptt.txt,25848,61.6833,160.2500,1,,,0.00,0.169,,verschieden
323,N,"Bukhta Morovinova, Russia",harmonics/att/harmonics_att_np204_secondary.txt,22858,46.8167,143.4333,,,,1.26,0.052,,verschieden
323,N,"Airo Wan, Russia",harmonics/noaa/harmonics_noaa_cptt.txt,31845,46.8167,143.4167,1,,,1.26,0.052,,verschieden
324,N,"Bukhta Morzhovaya, Russia",harmonics/att/harmonics_att_np204_secondary.txt,25162,53.2333,159.9500,,,,0.00,0.074,,aehnlich
324,N,"Morzhovaya Bay, Russia",harmonics/noaa/harmonics_noaa_cptt.txt,23896,53.2333,159.9500,1,,,0.00,0.074,,aehnlich
325,N,"Bukhta Nasha, Russia",harmonics/att/harmonics_att_np202_secondary.txt,44264,69.3833,32.9167,,,,0.00,0.028,,verschieden
325,N,"Nasha Bay, Ura Bay, Russia",harmonics/noaa/harmonics_noaa_eutt.txt,92863,69.3833,32.9167,1,,,0.00,0.028,,verschieden
326,N,"Bukhta Ozerko, Russia",harmonics/att/harmonics_att_np202_secondary.txt,44652,69.7333,32.1500,,,,0.00,0.028,,verschieden
326,N,"Ozerko Bay, Russia",harmonics/noaa/harmonics_noaa_eutt.txt,91893,69.7333,32.1500,1,,,0.00,0.028,,verschieden
327,N,"Bukhta Shelekhovo (Paramushir), Kuril Islands, Russia",harmonics/classic/harmonics-2004-06-14_mod.txt,33576,50.3833,155.5830,,,,0.02,0.096,,verschieden
327,N,"Kakumabetsu Wan, Russia",harmonics/noaa/harmonics_noaa_cptt.txt,40284,50.3833,155.5833,1,,,0.02,0.096,,verschieden
328,H,"Bukhta Teplits, Franz Josef Land, Russia",harmonics/att/harmonics_att_np202.txt,15388,81.7833,57.9333,,,,0.79,0.845,1,verschieden
328,H,"Teplitts Bay, Russia",harmonics/noaa/harmonics_noaa_eutt.txt,127124,81.7833,57.9833,1,,,0.79,0.845,1,verschieden
329,H,"Bukhta Varneka, Russia",harmonics/att/harmonics_att_np202_secondary.txt,29714,69.7000,60.0667,,,,0.64,0.100,,aehnlich
329,H,"Varneka Bay, Russia",harmonics/noaa/harmonics_noaa_eutt.txt,119798,69.7000,60.0500,1,,,0.64,0.100,,aehnlich
330,H,"Bulan Island, Philippines",harmonics/att/harmonics_att_np203_scs.txt,86672,6.1500,121.8333,,,,0.00,0.101,,gleich
330,H,"Bulan Island, Zamboanga del Sur, Philippines",harmonics/noaa/harmonics_noaa_cptt.txt,171248,6.1500,121.8333,1,,,0.00,0.101,,gleich
331,H,"Buleleng, Indonesia",harmonics/att/harmonics_att_np203_scs.txt,128800,-8.1000,115.0833,,,,0.00,0.113,,gleich
331,H,"Buleleng, Bali, Indonesia",harmonics/noaa/harmonics_noaa_cptt.txt,154064,-8.1000,115.0833,1,,,0.00,0.113,,gleich
332,N,"Bullenbaai, Curaçao",harmonics/ticon/harmonics_ticon4_worldwide.txt,35093,12.1870,-69.0200,,,,0.00,0.001,,aehnlich
332,N,"Bullen Bay, Curaçao",harmonics/utide/harmonics_utide_observations.txt,15041,12.1870,-69.0200,,,,0.00,0.001,,aehnlich
333,H,"Bunbury Harbor, Western Australia, Australia",harmonics/noaa/harmonics_noaa_cptt.txt,256387,-33.3167,115.6500,1,,,1.19,0.132,,gleich
333,H,"Bunbury, Western Australia, Australia",harmonics/ticon/harmonics_ticon4_worldwide.txt,35293,-33.3234,115.6600,,,,1.19,0.132,,gleich
334,N,"Bundaberg (Burnett Heads), Queensland, Australia",harmonics/utide/harmonics_utide_observations.txt,23563,-24.7624,152.3856,,,,0.00,0.022,,gleich
334,N,"Bundaberg (Burnett Heads), Queensland, Australia",harmonics/utide/harmonics_utide_tidetables.txt,64658,-24.7624,152.3856,,,,0.00,0.022,,gleich
335,N,"Bunker Island Light, Nova Scotia, Canada",harmonics/classic/harmonics-2004-06-14_mod.txt,33961,43.8124,-66.1434,,43.8167,-66.1500,0.92,0.014,,verschieden
335,N,"Bunker Island Wharf, Nova Scotia, Canada",harmonics/classic/harmonics-2004-06-14_mod.txt,34151,43.8190,-66.1365,,43.8167,-66.1333,0.92,0.014,,verschieden
335,N,"Bunker Island Light, Nova Scotia, Canada",harmonics/utide/harmonics_utide_tidetables.txt,205667,43.8123,-66.1432,,,,0.92,0.014,,verschieden
335,N,"Bunker Island Wharf, Nova Scotia, Canada",harmonics/utide/harmonics_utide_tidetables.txt,205861,43.8189,-66.1364,,,,0.92,0.014,,verschieden
336,N,"Burdeos Bay, Philippines",harmonics/att/harmonics_att_np203_scs.txt,76970,14.9000,121.9667,,,,0.00,0.069,,gleich
336,N,"Burdeos Bay, Polillo Island, Quezon, Philippines",harmonics/noaa/harmonics_noaa_cptt.txt,212936,14.9000,121.9667,1,,,0.00,0.069,,gleich
337,N,"Burge Point, Northern Territory, Australia",harmonics/classic/harmonics-2004-06-14_mod.txt,34535,-12.5833,130.5667,,,,0.00,0.051,,verschieden
337,N,"East Point, Bynoe Harbor, Northern Territory, Australia",harmonics/noaa/harmonics_noaa_cptt.txt,243321,-12.5833,130.5667,1,,,0.00,0.051,,verschieden
338,H,"Burnham-on-Sea (River Parrett), England, United Kingdom",harmonics/noaa/harmonics_noaa_eutt.txt,64540,51.2347,-3.0028,1,,,0.00,0.162,,gleich
338,H,"Burnham-on-Sea (River Parrett), England, United Kingdom",harmonics/utide/harmonics_utide_tidetables.txt,421807,51.2347,-3.0028,,,,0.00,0.162,,gleich
339,N,"Burnt Church, New Brunswick, Canada",harmonics/classic/harmonics-2004-06-14_mod.txt,34914,47.1907,-65.1348,,47.2000,-65.1333,0.00,0.000,,gleich
339,N,"Burnt Church, New Brunswick, Canada",harmonics/utide/harmonics_utide_tidetables.txt,167026,47.1907,-65.1348,,,,0.00,0.000,,gleich
340,N,"Buruny, Russia",harmonics/att/harmonics_att_np204_secondary.txt,23434,48.1000,142.5667,,,,0.00,0.056,,gleich
340,N,"Buruny, Russia",harmonics/noaa/harmonics_noaa_cptt.txt,30880,48.1000,142.5667,1,,,0.00,0.056,,gleich
341,N,"Bushehr, Iran",harmonics/att/harmonics_att_np203.txt,17498,28.9190,50.8040,,,,0.00,0.008,,gleich
341,N,"Bushehr, Iran",harmonics/classic/harmonics-1997-05-25_mod.txt,7313,28.9190,50.8040,,,,0.00,0.008,,gleich
342,N,"Busok Busok, Philippines",harmonics/att/harmonics_att_np203_scs.txt,76194,16.2333,122.1333,,,,0.00,0.028,,verschieden
342,N,"Casiguran Bay, Aurora, Philippines",harmonics/noaa/harmonics_noaa_cptt.txt,212164,16.2333,122.1333,1,,,0.00,0.028,,verschieden
343,N,"Butag Bay, Philippines",harmonics/att/harmonics_att_np203_scs.txt,71144,12.6167,123.9333,,,,0.00,0.079,,gleich
343,N,"Butag Bay, Sorsogon, Philippines",harmonics/noaa/harmonics_noaa_cptt.txt,216796,12.6167,123.9333,1,,,0.00,0.079,,gleich
344,N,"Buton, Indonesia",harmonics/att/harmonics_att_np203_scs.txt,117156,-5.4667,122.6167,,,,1.08,0.040,,verschieden
344,N,"Bau Bau, Indonesia",harmonics/utide/harmonics_utide_tidetables.txt,705094,-5.4570,122.6160,,,,1.08,0.040,,verschieden
345,N,"Buur Gaabo, Somalia",harmonics/att/harmonics_att_np203_secondary.txt,44000,-1.2237,41.8429,,,,0.00,0.057,,gleich
345,N,"Buur Gaabo, Somalia",harmonics/noaa/harmonics_noaa_cptt.txt,282663,-1.2237,41.8429,1,,,0.00,0.057,,gleich
346,N,"Buzen (Unoshima), Fukuoka, Japan",harmonics/classic/harmonics-2004-06-14_mod.txt,302550,33.6311,131.1284,,33.6333,131.1330,0.52,0.083,,verschieden
346,N,"Unoshima Ko, Fukuoka, Japan",harmonics/noaa/harmonics_noaa_cptt.txt,67613,33.6333,131.1333,1,,,0.52,0.083,,verschieden
347,N,"Bénodet (L'Odet), France",harmonics/ticon/harmonics_ticon4_worldwide.txt,29078,47.8809,-4.1160,,,,0.02,0.007,,gleich
347,N,"Bénodet (L'Odet), France",harmonics/utide/harmonics_utide_tidetables.txt,332830,47.8810,-4.1158,,,,0.02,0.007,,gleich
348,N,"Bôlintan (Île Tana), Guinea",harmonics/att/harmonics_att_np208_secondary.txt,30162,9.1635,-13.2714,,,,0.00,0.078,,gleich
348,N,"Bôlintan (Île Tana), Guinea",harmonics/noaa/harmonics_noaa_eutt.txt,31410,9.1635,-13.2714,1,,,0.00,0.078,,gleich
349,N,"CSX Rockport, McKay Bay entrance, Florida",harmonics/classic/harmonics-dwf-20251228-free.txt,124646,27.9133,-82.4250,,,,1.15,0.015,,verschieden
349,N,"East Bay, Tampa Bay, Florida",harmonics/classic/harmonics-dwf-20251228-free.txt,124841,27.9231,-82.4214,,,,1.15,0.015,,verschieden
350,N,"Cabedelo (Porto), Paraíba, Brazil",harmonics/att/harmonics_att_np207.txt,25762,-6.9702,-34.8407,,-6.9667,-34.8333,0.00,0.012,,gleich
350,N,"Cabedelo (Porto), Paraíba, Brazil",harmonics/utide/harmonics_utide_tidetables.txt,88798,-6.9702,-34.8407,,,,0.00,0.012,,gleich
351,N,"Cabinda, Angola",harmonics/att/harmonics_att_np208.txt,20738,-5.5481,12.1890,,-5.5500,12.2000,0.00,0.070,,gleich
351,N,"Cabinda, Angola",harmonics/noaa/harmonics_noaa_eutt.txt,20729,-5.5481,12.1890,1,,,0.00,0.070,,gleich
352,N,"Cabo Blanco, Santa Cruz, Argentina",harmonics/att/harmonics_att_np207.txt,29406,-47.2013,-65.7382,,-47.2000,-65.7500,0.00,0.087,,gleich
352,N,"Cabo Blanco, Santa Cruz, Argentina",harmonics/noaa/harmonics_noaa_amtt.txt,55619,-47.2013,-65.7382,1,,,0.00,0.087,,gleich
352,N,"Cabo Blanco, Santa Cruz, Argentina",harmonics/utide/harmonics_utide_tidetables.txt,725689,-47.2013,-65.7382,,-47.2000,-65.7500,0.00,0.087,,gleich
353,HN,"Cabo Frio, Rio de Janeiro, Brazil",harmonics/att/harmonics_att_np207.txt,15196,-22.9725,-42.0136,,-22.9667,-42.0167,0.00,0.124,,verschieden
353,HN,"Cabo Frio, Rio de Janeiro, Brazil",harmonics/noaa/harmonics_noaa_amtt.txt,48505,-22.9725,-42.0136,1,,,0.00,0.124,,verschieden
353,HN,"Arraial do Cabo (Porto do Forno), Rio de Janeiro, Brazil",harmonics/utide/harmonics_utide_tidetables.txt,91854,-22.9725,-42.0136,,,,0.00,0.124,,verschieden
354,N,"Cabo Raso, Chubut, Argentina",harmonics/noaa/harmonics_noaa_amtt.txt,54041,-44.3333,-65.2333,1,,,0.26,0.094,,verschieden
354,N,"Bahía Vera (Cabo Raso), Chubut, Argentina",harmonics/utide/harmonics_utide_tidetables.txt,717992,-44.3339,-65.2301,,-44.3500,-65.2333,0.26,0.094,,verschieden
355,N,"Cabo San Lucas, Baja California Sur, Mexico",harmonics/ticon/harmonics_ticon4_worldwide.txt,36295,22.8800,-109.9080,,,,0.00,0.007,,gleich
355,N,"Cabo San Lucas, Baja California Sur, Mexico",harmonics/utide/harmonics_utide_observations.txt,143218,22.8800,-109.9080,,,,0.00,0.007,,gleich
356,N,"Cabo Vírgenes, Santa Cruz, Argentina",harmonics/att/harmonics_att_np207.txt,31904,-52.3500,-68.3667,,,,0.00,0.033,,gleich
356,N,"Cabo Virgenes, Santa Cruz, Argentina",harmonics/noaa/harmonics_noaa_amtt.txt,56598,-52.3500,-68.3667,1,,,0.00,0.033,,gleich
357,N,"Cabot Point, Labrador, Canada",harmonics/classic/harmonics-2004-06-14_mod.txt,35671,53.7191,-59.0644,,53.7167,-59.0333,0.00,0.000,,gleich
357,N,"Cabot Point, Labrador, Canada",harmonics/utide/harmonics_utide_tidetables.txt,192127,53.7191,-59.0644,,,,0.00,0.000,,gleich
358,HLN,"Cacheu, Guinea-Bissau",harmonics/att/harmonics_att_np208.txt,16158,12.2790,-16.1650,,,,0.04,0.179,,gleich
358,HLN,"Cacheu, Guinea-Bissau",harmonics/classic/harmonics-1997-05-25_mod.txt,7433,12.2787,-16.1652,,12.2833,-16.1667,0.04,0.179,,gleich
358,HLN,"Cacheu, Guinea-Bissau",harmonics/noaa/harmonics_noaa_eutt.txt,32796,12.2788,-16.1651,1,,,0.04,0.179,,gleich
359,N,"Cacine, Guinea-Bissau",harmonics/att/harmonics_att_np208_secondary.txt,29000,11.1313,-15.0232,,,,0.00,0.050,,gleich
359,N,"Cacine, Guinea-Bissau",harmonics/noaa/harmonics_noaa_eutt.txt,32004,11.1313,-15.0232,1,,,0.00,0.050,,gleich
360,N,"Cadiz, Philippines",harmonics/att/harmonics_att_np203_scs.txt,67264,10.9500,123.3167,,,,0.00,0.024,,gleich
360,N,"Cadiz, Negros Occidental, Philippines",harmonics/noaa/harmonics_noaa_cptt.txt,191316,10.9500,123.3167,1,,,0.00,0.024,,gleich
361,N,"Caio, Guinea-Bissau",harmonics/att/harmonics_att_np208.txt,16347,11.9226,-16.2136,,11.9230,-16.2140,0.00,0.008,,gleich
361,N,"Caio, Guinea-Bissau",harmonics/classic/harmonics-1997-05-25_mod.txt,7553,11.9226,-16.2136,,11.8333,-16.3167,0.00,0.008,,gleich
362,N,"Caissie Point, New Brunswick, Canada",harmonics/classic/harmonics-2004-06-14_mod.txt,36432,46.3128,-64.5097,,46.0333,-64.5167,0.00,0.000,,aehnlich
362,N,"Cap de Caissie, New Brunswick, Canada",harmonics/utide/harmonics_utide_tidetables.txt,164509,46.3128,-64.5097,,,,0.00,0.000,,aehnlich
363,N,"Calabar (Calabar River), Nigeria",harmonics/att/harmonics_att_np208_secondary.txt,41969,4.9651,8.3167,,,,0.00,0.093,,gleich
363,N,"Calabar (Calabar River), Nigeria",harmonics/classic/harmonics-1997-05-25_mod.txt,7675,4.9651,8.3167,,4.9667,8.3167,0.00,0.093,,gleich
363,N,"Calabar (Calabar River), Nigeria",harmonics/noaa/harmonics_noaa_eutt.txt,24322,4.9651,8.3167,1,,,0.00,0.093,,gleich
364,N,"Calamity Point, British Columbia, Canada",harmonics/utide/harmonics_utide_observations.txt,39679,49.3126,-123.1277,,,,0.00,0.005,,gleich
364,N,"Calamity Point, British Columbia, Canada",harmonics/utide/harmonics_utide_tidetables.txt,106710,49.3126,-123.1277,,,,0.00,0.005,,gleich
365,N,"Calapan, Philippines",harmonics/att/harmonics_att_np203_scs.txt,64936,13.4333,121.1833,,,,1.38,0.049,,gleich
365,N,"Calapan Bay, Oriental Mindoro, Philippines",harmonics/noaa/harmonics_noaa_cptt.txt,205795,13.4333,121.1833,1,,,1.38,0.049,,gleich
365,N,"Calapan, Oriental Mindoro, Philippines",harmonics/utide/harmonics_utide_tidetables.txt,315113,13.4263,121.1938,,,,1.38,0.049,,gleich
366,N,"Calbayog, Philippines",harmonics/att/harmonics_att_np203_scs.txt,79300,12.0667,124.5833,,,,0.00,0.070,,gleich
366,N,"Calbayog, Samar, Philippines",harmonics/noaa/harmonics_noaa_cptt.txt,200005,12.0667,124.5833,1,,,0.00,0.070,,gleich
367,N,"Calcasieu Pass, Lighthouse wharf, Louisiana",harmonics/classic/harmonics-2004-06-14_mod.txt,36629,29.7783,-93.3450,,,,1.14,0.068,,gleich
367,N,"Calcasieu Pass, east jetty, Louisiana",harmonics/classic/harmonics-dwf-20251228-free.txt,161320,29.7682,-93.3429,,,,1.14,0.068,,gleich
368,N,"Caldera, Chile",harmonics/ticon/harmonics_ticon4_worldwide.txt,36696,-27.0646,-70.8248,,-27.0670,-70.8330,0.00,0.005,,gleich
368,N,"Caldera, Chile",harmonics/utide/harmonics_utide_observations.txt,206626,-27.0646,-70.8248,,-27.0650,-70.8250,0.00,0.005,,gleich
369,N,"Caleta Aeolian, Isla Baltra, Ecuador",harmonics/noaa/harmonics_noaa_amtt.txt,112099,-0.4333,-90.2833,1,,,0.44,0.014,,verschieden
369,N,"Isla Baltra, Galapagos, Ecuador",harmonics/ticon/harmonics_ticon4_worldwide.txt,26278,-0.4367,-90.2853,,-0.4370,-90.2850,0.44,0.014,,verschieden
370,N,"Caleta Carolina, Chubut, Argentina",harmonics/att/harmonics_att_np207.txt,18462,-44.9000,-65.6000,,,,0.00,0.058,,verschieden
370,N,"Bahía Camarones, Chubut, Argentina",harmonics/noaa/harmonics_noaa_amtt.txt,54433,-44.9000,-65.6000,1,,,0.00,0.058,,verschieden
370,N,"Caleta Carolina (Bahía Camarones), Chubut, Argentina",harmonics/utide/harmonics_utide_tidetables.txt,716022,-44.9000,-65.6000,,,,0.00,0.058,,verschieden
371,G,"Caleta Leones, Chubut, Argentina",harmonics/att/harmonics_att_np207.txt,37090,-45.0667,-65.5833,,,,3.21,0.051,1,gleich
371,G,"Caleta Leones, Chubut, Argentina",harmonics/noaa/harmonics_noaa_amtt.txt,54630,-45.0500,-65.6167,1,,,3.21,0.051,1,gleich
372,H,"Caleta Valdes, Chubut, Argentina",harmonics/noaa/harmonics_noaa_amtt.txt,53056,-42.5167,-63.6000,1,,,0.00,0.125,,gleich
372,H,"Caleta Valdés (Península Valdés), Chubut, Argentina",harmonics/utide/harmonics_utide_tidetables.txt,721341,-42.5167,-63.6000,,,,0.00,0.125,,gleich
373,H,"Caleta de los Loros, Río Negro, Argentina",harmonics/noaa/harmonics_noaa_amtt.txt,52266,-41.0333,-64.1000,1,,,0.00,0.138,,verschieden
373,H,"Golfo San Matías - Caleta de los Loros, Río Negro, Argentina",harmonics/utide/harmonics_utide_tidetables.txt,726676,-41.0333,-64.1000,,,,0.00,0.138,,verschieden
374,N,"Calicut (Kozhikode), Kerala, India",harmonics/att/harmonics_att_np203.txt,29375,11.2492,75.7714,,11.2500,75.7700,0.00,0.064,,gleich
374,N,"Calicut (Kozhikode), Kerala, India",harmonics/noaa/harmonics_noaa_cptt.txt,270528,11.2492,75.7714,1,,,0.00,0.064,,gleich
375,N,"Callao (La Punta), Peru",harmonics/ticon/harmonics_ticon4_worldwide.txt,36902,-12.0689,-77.1667,,-12.0680,-77.1670,0.00,0.005,,gleich
375,N,"Callao (La Punta), Peru",harmonics/utide/harmonics_utide_observations.txt,177701,-12.0689,-77.1667,,,,0.00,0.005,,gleich
376,HN,"Calshot Harbour, Edinburgh of the Seven Seas, Tristan da Cunha Island",harmonics/att/harmonics_att_np207.txt,27874,-37.0637,-12.3133,,-37.0667,-12.3000,0.00,0.177,,gleich
376,HN,"Calshot Harbour, Edinburgh of the Seven Seas, Tristan da Cunha Island",harmonics/classic/harmonics-1997-05-25_mod.txt,38737,-37.0637,-12.3133,,,,0.00,0.177,,gleich
376,HN,"Calshot Harbour, Edinburgh of the Seven Seas, Tristan da Cunha Island",harmonics/noaa/harmonics_noaa_eutt.txt,15008,-37.0637,-12.3133,1,,,0.00,0.177,,gleich
377,HN,"Cam Pha, Vietnam",harmonics/att/harmonics_att_np203_scs.txt,159666,21.0333,107.3667,,,,0.00,0.116,,gleich
377,HN,"Cam Pha, Vietnam",harmonics/classic/harmonics-1997-05-25_mod.txt,7920,21.0333,107.3667,,,,0.00,0.116,,gleich
377,HN,"Campha Port, Vietnam",harmonics/noaa/harmonics_noaa_cptt.txt,128641,21.0333,107.3667,1,,,0.00,0.116,,gleich
378,N,"Camaret-sur-Mer, France",harmonics/classic/harmonics-pierre-lavergne-v10_mod.txt,12785,48.2808,-4.5886,,,,0.01,0.025,,gleich
378,N,"Camaret-sur-Mer, France",harmonics/noaa/harmonics_noaa_eutt.txt,51627,48.2807,-4.5886,1,,,0.01,0.025,,gleich
378,N,"Camaret-sur-Mer, France",harmonics/utide/harmonics_utide_tidetables.txt,333220,48.2808,-4.5886,,48.2783,-4.5900,0.01,0.025,,gleich
379,N,"Cambridge Narrows, New Brunswick, Canada",harmonics/classic/harmonics-2004-06-14_mod.txt,37014,45.8295,-65.9530,,45.8333,-65.9500,0.00,0.000,,gleich
379,N,"Cambridge Narrows, New Brunswick, Canada",harmonics/utide/harmonics_utide_tidetables.txt,162000,45.8295,-65.9530,,,,0.00,0.000,,gleich
380,H,"Camocim, Ceará, Brazil",harmonics/att/harmonics_att_np207.txt,26146,-2.8882,-40.8452,,-2.8833,-40.8500,0.00,0.122,,gleich
380,H,"Camocim, Ceará, Brazil",harmonics/noaa/harmonics_noaa_amtt.txt,44523,-2.8882,-40.8452,1,,,0.00,0.122,,gleich
381,H,"Camp Point, Northern Territory, Australia",harmonics/classic/harmonics-2004-06-14_mod.txt,37589,-11.6000,131.4667,,,,0.00,0.112,,verschieden
381,H,"Cape Keith, Melville Island, Northern Territory, Australia",harmonics/noaa/harmonics_noaa_cptt.txt,243901,-11.6000,131.4667,1,,,0.00,0.112,,verschieden
382,N,"Campbell River, British Columbia, Canada",harmonics/utide/harmonics_utide_observations.txt,39872,50.0420,-125.2470,,,,0.00,0.004,,gleich
382,N,"Campbell River, British Columbia, Canada",harmonics/utide/harmonics_utide_tidetables.txt,116756,50.0420,-125.2470,,,,0.00,0.004,,gleich
383,N,"Campbeltown (Kintyre), Scotland, United Kingdom",harmonics/noaa/harmonics_noaa_eutt.txt,71282,55.4243,-5.5984,1,,,0.00,0.095,,gleich
383,N,"Campbeltown (Kintyre), Scotland, United Kingdom",harmonics/utide/harmonics_utide_tidetables.txt,424516,55.4243,-5.5984,,,,0.00,0.095,,gleich
384,N,"Campomanes Bay, Philippines",harmonics/att/harmonics_att_np203_scs.txt,67846,9.7000,122.4167,,,,0.00,0.067,,gleich
384,N,"Campomanes Bay, Negros Occidental, Philippines",harmonics/noaa/harmonics_noaa_cptt.txt,193053,9.7000,122.4167,1,,,0.00,0.067,,gleich
385,H,"Canal Bermejo, Isla Trinidad, Buenos Aires, Argentina",harmonics/noaa/harmonics_noaa_amtt.txt,51080,-39.0833,-61.9667,1,,,0.00,0.117,,gleich
385,H,"Canal Bermejo (Isla Trinidad), Buenos Aires, Argentina",harmonics/utide/harmonics_utide_tidetables.txt,718583,-39.0833,-61.9667,,,,0.00,0.117,,gleich
386,H,"Canal del Sur, Isla Bermejo, Buenos Aires, Argentina",harmonics/noaa/harmonics_noaa_amtt.txt,50886,-39.0167,-61.9667,1,,,0.00,0.118,,gleich
386,H,"Canal del Sur (Isla Bermejo), Buenos Aires, Argentina",harmonics/utide/harmonics_utide_tidetables.txt,718780,-39.0167,-61.9667,,,,0.00,0.118,,gleich
387,N,"Canavieiras, Bahia, Brazil",harmonics/noaa/harmonics_noaa_amtt.txt,46708,-15.6833,-38.9440,1,,,0.00,0.045,,gleich
387,N,"Canavieiras, Bahia, Brazil",harmonics/utide/harmonics_utide_observations.txt,36913,-15.6833,-38.9440,,,,0.00,0.045,,gleich
388,N,"Cang Bac Van Phong, Vietnam",harmonics/att/harmonics_att_np203_scs.txt,155392,12.6649,109.4049,,12.6667,109.3833,0.00,0.097,,gleich
388,N,"Cang Bac Van Phong, Vietnam",harmonics/noaa/harmonics_noaa_cptt.txt,132900,12.6649,109.4049,1,,,0.00,0.097,,gleich
389,N,"Canso Harbour, Nova Scotia, Canada",harmonics/classic/harmonics-2004-06-14_mod.txt,37968,45.3383,-60.9955,,45.3333,-61.0000,0.01,0.010,,gleich
389,N,"Canso Harbour, Nova Scotia, Canada",harmonics/utide/harmonics_utide_tidetables.txt,206443,45.3382,-60.9954,,,,0.01,0.010,,gleich
390,N,"Cantareira (Barra do Douro), Portugal",harmonics/noaa/harmonics_noaa_eutt.txt,41800,41.1467,-8.6667,1,,,0.00,0.034,,gleich
390,N,"Cantareira (Barra do Douro), Portugal",harmonics/utide/harmonics_utide_tidetables.txt,691963,41.1467,-8.6667,,,,0.00,0.034,,gleich
391,N,"Cap Ankarana, Madagascar",harmonics/att/harmonics_att_np203_secondary.txt,28032,-20.4788,44.1157,,,,0.00,0.086,,gleich
391,N,"Cap Ankarana, Madagascar",harmonics/noaa/harmonics_noaa_cptt.txt,288544,-20.4788,44.1157,1,,,0.00,0.086,,gleich
392,N,"Cap Cameroun, Cameroon",harmonics/att/harmonics_att_np208_secondary.txt,43125,3.9102,9.4719,,3.9000,9.4830,0.00,0.088,,aehnlich
392,N,"Cap Cameroon, Cameroon",harmonics/noaa/harmonics_noaa_eutt.txt,23120,3.9102,9.4719,1,,,0.00,0.088,,aehnlich
393,H,"Cap Estérias, Gabon",harmonics/att/harmonics_att_np208_secondary.txt,44858,0.6198,9.3258,,,,0.00,0.115,,gleich
393,H,"Cap Estérias, Gabon",harmonics/noaa/harmonics_noaa_eutt.txt,21727,0.6198,9.3258,1,,,0.00,0.115,,gleich
394,N,"Cap Lopez (Pointe Renard), Gabon",harmonics/att/harmonics_att_np208.txt,20356,-0.6195,8.7093,,-0.6170,8.7000,0.00,0.061,,gleich
394,N,"Cap Lopez (Pointe Renard), Gabon",harmonics/noaa/harmonics_noaa_eutt.txt,21127,-0.6195,8.7093,1,,,0.00,0.061,,gleich
395,N,"Cape Aldrich, Nunavut, Canada",harmonics/classic/harmonics-2004-06-14_mod.txt,38726,83.1167,-69.6667,,83.1167,-69.0667,0.00,0.000,,gleich
395,N,"Cape Aldrich, Nunavut, Canada",harmonics/utide/harmonics_utide_tidetables.txt,250194,83.1167,-69.6667,,,,0.00,0.000,,gleich
396,H,"Cape Bolvanski, Russia",harmonics/noaa/harmonics_noaa_eutt.txt,114652,70.4667,59.0667,1,,,0.62,0.681,1,aehnlich
396,H,"Bolvanski Point, Vaigach Island, Russia",harmonics/noaa/harmonics_noaa_eutt.txt,119207,70.4667,59.0833,1,,,0.62,0.681,1,aehnlich
397,H,"Cape Borgen, Greenland",harmonics/att/harmonics_att_np202_secondary.txt,98614,75.4333,-18.0500,,,,0.93,0.539,1,gleich
397,H,"Cape Borgen, Greenland",harmonics/noaa/harmonics_noaa_amtt.txt,33241,75.4333,-18.0833,1,,,0.93,0.539,1,gleich
398,N,"Cape Campbell, Wellington, New Zealand",harmonics/noaa/harmonics_noaa_cptt.txt,229648,-41.7333,174.2500,1,,,0.43,0.077,,gleich
398,N,"Cape Campbell, New Zealand",harmonics/utide/harmonics_utide_tidetables.txt,571882,-41.7332,174.2552,,,,0.43,0.077,,gleich
399,N,"Cape Charles Coast Guard Station, Virginia",harmonics/classic/harmonics-2004-06-14_mod.txt,39680,37.2633,-76.0150,,,,0.44,0.006,,verschieden
399,N,"Cape Charles Harbor (USCG wharf), Chesapeake Bay, Virginia",harmonics/classic/harmonics-dwf-20251228-free.txt,270873,37.2633,-76.0200,,,,0.44,0.006,,verschieden
400,N,"Cape Chikhacheva, Russia",harmonics/att/harmonics_att_np204_secondary.txt,26903,51.7833,141.2000,,,,1.15,0.074,,aehnlich
400,N,"Cape Chikacheva, Russia",harmonics/noaa/harmonics_noaa_cptt.txt,37157,51.7833,141.1833,1,,,1.15,0.074,,aehnlich
401,N,"Cape Coast, Ghana",harmonics/att/harmonics_att_np208_secondary.txt,35769,5.1047,-1.2371,,,,0.00,0.045,,gleich
401,N,"Cape Coast, Ghana",harmonics/noaa/harmonics_noaa_eutt.txt,27703,5.1047,-1.2371,1,,,0.00,0.045,,gleich
402,G,"Cape Cod Canal (East Entrance), Massachusetts",harmonics/classic/harmonics-2004-06-14_mod.txt,40437,41.7717,-70.5067,,,,0.00,0.012,,gleich
402,G,"Cape Cod Canal, Sandwich, Cape Cod Bay, Massachusetts",harmonics/classic/harmonics-dwf-20251228-free.txt,31049,41.7717,-70.5067,,,,0.00,0.012,,gleich
403,N,"Cape Crocker Offshore, Northern Territory, Australia",harmonics/utide/harmonics_utide_tidetables.txt,53072,-9.5000,132.7833,,,,0.00,0.012,,verschieden
403,N,"Arafura Sea, Northern Territory, Australia",harmonics/utide/harmonics_utide_tidetables.txt,62722,-9.5000,132.7833,,,,0.00,0.012,,verschieden
404,N,"Cape Dalhousie, Northwest Territories, Canada",harmonics/classic/harmonics-2004-06-14_mod.txt,41009,70.2667,-129.6500,,,,0.00,0.000,,gleich
404,N,"Cape Dalhousie, Northwest Territories, Canada",harmonics/utide/harmonics_utide_tidetables.txt,228366,70.2667,-129.6500,,,,0.00,0.000,,gleich
405,G,"Cape Domett, Western Australia, Australia",harmonics/classic/harmonics-2004-06-14_mod.txt,41588,-14.8167,128.3833,,,,9.14,0.015,1,gleich
405,G,"Cape Domett, Western Australia, Australia",harmonics/utide/harmonics_utide_tidetables.txt,74702,-14.8333,128.3000,,,,9.14,0.015,1,gleich
406,H,"Cape Don, Northern Territory, Australia",harmonics/classic/harmonics-2004-06-14_mod.txt,41779,-11.3167,131.7667,,,,0.00,0.179,,aehnlich
406,H,"Cape Don Boat Harbor, Northern Territory, Australia",harmonics/noaa/harmonics_noaa_cptt.txt,244096,-11.3167,131.7667,1,,,0.00,0.179,,aehnlich
407,N,"Cape Dyer, Baffin Island, Nunavut, Canada",harmonics/classic/harmonics-2004-06-14_mod.txt,41968,66.5583,-61.6594,,66.5500,-61.0667,0.00,0.000,,gleich
407,N,"Cape Dyer, Nunavut, Canada",harmonics/utide/harmonics_utide_tidetables.txt,231654,66.5583,-61.6594,,,,0.00,0.000,,gleich
408,H,"Cape Farewell, Greenland",harmonics/att/harmonics_att_np202_secondary.txt,97644,59.7667,-43.8833,,,,1.86,0.328,1,verschieden
408,H,"Kap Farvel, Greenland",harmonics/noaa/harmonics_noaa_amtt.txt,58585,59.7500,-43.8833,1,,,1.86,0.328,1,verschieden
409,N,"Cape Guardafui (Raas Caseyr), Somalia",harmonics/att/harmonics_att_np203_secondary.txt,45757,11.8347,51.2866,,,,0.00,0.081,,gleich
409,N,"Cape Guardafui (Raas Caseyr), Somalia",harmonics/noaa/harmonics_noaa_cptt.txt,281299,11.8347,51.2866,1,,,0.00,0.081,,gleich
410,G,"Cape Hatteras (fishing pier), North Carolina",harmonics/classic/harmonics-dwf-20251228-free.txt,83177,35.2233,-75.6350,,,,10.80,0.059,1,gleich
410,G,"Cape Hatteras, North Carolina",harmonics/noaa/harmonics_noaa_amtt.txt,21371,35.2333,-75.5167,1,,,10.80,0.059,1,gleich
411,N,"Cape Hotham, Northern Territory, Australia",harmonics/classic/harmonics-2004-06-14_mod.txt,42748,-12.0500,131.2833,,,,0.00,0.066,,gleich
411,N,"Cape Hotham, Northern Territory, Australia",harmonics/noaa/harmonics_noaa_cptt.txt,243706,-12.0500,131.2833,1,,,0.00,0.066,,gleich
412,N,"Cape Jack, Nova Scotia, Canada",harmonics/classic/harmonics-2004-06-14_mod.txt,42938,45.6836,-61.5756,,45.7000,-61.5500,0.06,0.014,,gleich
412,N,"Cape Jack, Nova Scotia, Canada",harmonics/utide/harmonics_utide_tidetables.txt,207025,45.6838,-61.5748,,,,0.06,0.014,,gleich
413,H,"Cape Lazareva, Russia",harmonics/att/harmonics_att_np204_secondary.txt,27289,52.2333,141.5167,,52.2500,141.5500,0.00,0.266,1,gleich
413,H,"Cape Lazareva, Russia",harmonics/noaa/harmonics_noaa_cptt.txt,36757,52.2333,141.5167,1,,,0.00,0.266,1,gleich
414,H,"Cape Maria van Diemen, Northland, New Zealand",harmonics/noaa/harmonics_noaa_cptt.txt,232376,-34.4833,172.6333,1,,,2.27,0.129,,gleich
414,H,"Cape Maria van Diemen, New Zealand",harmonics/utide/harmonics_utide_tidetables.txt,572080,-34.4845,172.6580,,,,2.27,0.129,,gleich
415,N,"Cape May, ferry terminal, Delaware Bay, New Jersey (2)",harmonics/classic/harmonics-2004-06-14_mod.txt,43897,38.9683,-74.9600,,,,0.00,0.022,,aehnlich
415,N,"Cape May Canal, Cape May, Delaware Bay, New Jersey",harmonics/classic/harmonics-dwf-20251228-free.txt,60706,38.9683,-74.9600,,,,0.00,0.022,,aehnlich
416,H,"Cape Muraveva, Russia",harmonics/att/harmonics_att_np204_secondary.txt,27095,52.1500,141.5500,,,,0.00,0.187,,gleich
416,H,"Cape Muraveva, Russia",harmonics/noaa/harmonics_noaa_cptt.txt,36957,52.1500,141.5500,1,,,0.00,0.187,,gleich
417,N,"Cape Parry, Northwest Territories, Canada",harmonics/classic/harmonics-2004-06-14_mod.txt,44089,70.1500,-124.6667,,70.1500,-124.0667,0.00,0.000,,gleich
417,N,"Cape Parry, Northwest Territories, Canada",harmonics/utide/harmonics_utide_tidetables.txt,227208,70.1500,-124.6667,,,,0.00,0.000,,gleich
418,G,"Cape Rabelais (offshore), South Australia, Australia",harmonics/classic/harmonics-2004-06-14_mod.txt,236212,-37.2000,139.5167,,,,19.06,0.036,1,gleich
418,G,"Cape Rabelais (Off), South Australia, Australia",harmonics/utide/harmonics_utide_tidetables.txt,72575,-37.3667,139.5667,,,,19.06,0.036,1,gleich
419,HN,"Cape Sheridan, Lincoln Sea, Nunavut, Canada",harmonics/classic/harmonics-2004-06-14_mod.txt,44471,82.4553,-61.4481,,82.4500,-61.0500,0.00,0.227,,gleich
419,HN,"Cape Sheridan, Lincoln Sea, Nunavut, Canada",harmonics/noaa/harmonics_noaa_amtt.txt,29305,82.4553,-61.4481,1,,,0.00,0.227,,gleich
419,HN,"Cape Sheridan, Nunavut, Canada",harmonics/utide/harmonics_utide_tidetables.txt,229724,82.4553,-61.4481,,,,0.00,0.227,,gleich
420,N,"Cape Sushcheva, Russia",harmonics/att/harmonics_att_np204_secondary.txt,26711,51.7000,141.1167,,,,0.00,0.080,,gleich
420,N,"Cape Sushcheva, Russia",harmonics/noaa/harmonics_noaa_cptt.txt,37357,51.7000,141.1167,1,,,0.00,0.080,,gleich
421,N,"Cape Town, South Africa",harmonics/ticon/harmonics_ticon4_worldwide.txt,37700,-33.9000,18.4330,,,,0.00,0.021,,gleich
421,N,"Cape Town, South Africa",harmonics/utide/harmonics_utide_observations.txt,188385,-33.9000,18.4330,,,,0.00,0.021,,gleich
422,H,"Cape Tuik, Russia",harmonics/att/harmonics_att_np204_secondary.txt,20554,51.7333,141.6833,,,,0.00,0.180,,aehnlich
422,H,"Cape Tik, Russia",harmonics/noaa/harmonics_noaa_cptt.txt,35577,51.7333,141.6833,1,,,0.00,0.180,,aehnlich
423,N,"Capiz Landing, Philippines",harmonics/att/harmonics_att_np203_scs.txt,67070,11.6000,122.7167,,,,1.10,0.042,,verschieden
423,N,"Libas (Capiz Landing), Capiz, Philippines",harmonics/noaa/harmonics_noaa_cptt.txt,189579,11.6000,122.7167,1,,,1.10,0.042,,verschieden
423,N,"Roxas City, Capiz, Philippines",harmonics/utide/harmonics_utide_tidetables.txt,320365,11.6046,122.7077,,,,1.10,0.042,,verschieden
424,N,"Car Nicobar, Andaman and Nicobar, India",harmonics/att/harmonics_att_np203_scs.txt,28034,9.1833,92.8333,,,,1.85,0.039,,gleich
424,N,"Car Nicobar, Andaman and Nicobar, India",harmonics/noaa/harmonics_noaa_cptt.txt,261305,9.1667,92.8333,1,,,1.85,0.039,,gleich
425,N,"Caraga, Philippines",harmonics/att/harmonics_att_np203_scs.txt,82598,7.3000,126.5833,,,,1.86,0.059,,gleich
425,N,"Caraga Bay, Davao Oriental, Philippines",harmonics/noaa/harmonics_noaa_cptt.txt,178580,7.2833,126.5833,1,,,1.86,0.059,,gleich
426,G,"Carantec, Château du Taureau, France",harmonics/classic/harmonics-pierre-lavergne-v10_mod.txt,11104,48.6757,-3.8843,,,,0.00,0.042,,gleich
426,G,"Carantec, Château du Taureau, France",harmonics/noaa/harmonics_noaa_eutt.txt,52607,48.6757,-3.8843,1,,,0.00,0.042,,gleich
426,G,"Carantec, Château du Taureau, France",harmonics/utide/harmonics_utide_tidetables.txt,334585,48.6757,-3.8843,,48.6833,-3.8833,0.00,0.042,,gleich
427,N,"Caraquet, New Brunswick, Canada",harmonics/classic/harmonics-2004-06-14_mod.txt,46197,47.7960,-64.9276,,47.8000,-64.9333,0.00,0.000,,gleich
427,N,"Caraquet, New Brunswick, Canada",harmonics/utide/harmonics_utide_tidetables.txt,168957,47.7960,-64.9276,,,,0.00,0.000,,gleich
428,N,"Caravalla Cove, Labrador, Canada",harmonics/classic/harmonics-2004-06-14_mod.txt,46387,54.0541,-58.5937,,54.0500,-58.5833,0.00,0.000,,gleich
428,N,"Caravalla Cove, Labrador, Canada",harmonics/utide/harmonics_utide_tidetables.txt,191741,54.0541,-58.5937,,,,0.00,0.000,,gleich
429,N,"Cardiff, Wales, United Kingdom",harmonics/classic/harmonics-1997-05-25_mod.txt,8414,51.4476,-3.1654,,,,1.44,0.074,,verschieden
429,N,"Penarth, Wales, United Kingdom",harmonics/utide/harmonics_utide_observations.txt,195096,51.4347,-3.1648,,,,1.44,0.074,,verschieden
429,N,"Cardiff, Wales, United Kingdom",harmonics/utide/harmonics_utide_tidetables.txt,425097,51.4476,-3.1654,,,,1.44,0.074,,verschieden
430,N,"Carelmapu, Chile",harmonics/classic/harmonics-1997-05-25_mod.txt,8536,-41.7486,-73.7051,,-41.7500,-73.7167,0.45,0.089,,gleich
430,N,"Carelmapu, Canal Chacao, Chile",harmonics/noaa/harmonics_noaa_amtt.txt,67276,-41.7500,-73.7000,1,,,0.45,0.089,,gleich
431,H,"Carleton Point, Québec, Canada",harmonics/noaa/harmonics_noaa_amtt.txt,29902,48.0833,-66.1167,1,,,2.15,0.291,1,aehnlich
431,H,"Carleton-sur-Mer, Québec, Canada",harmonics/utide/harmonics_utide_tidetables.txt,255416,48.1002,-66.1309,,,,2.15,0.291,1,aehnlich
432,N,"Carlisle Island, Queensland, Australia",harmonics/classic/harmonics-2004-06-14_mod.txt,46582,-20.7833,149.3000,,,,0.00,0.097,,gleich
432,N,"Carlisle Island, Queensland, Australia",harmonics/noaa/harmonics_noaa_cptt.txt,246807,-20.7833,149.3000,1,,,0.00,0.097,,gleich
433,N,"Carmanville, Newfoundland, Canada",harmonics/classic/harmonics-2004-06-14_mod.txt,46772,49.4032,-54.2813,,49.4000,-54.2833,0.00,0.000,,gleich
433,N,"Carmanville, Newfoundland, Canada",harmonics/utide/harmonics_utide_tidetables.txt,182668,49.4032,-54.2813,,,,0.00,0.000,,gleich
434,N,"Carteret, France",harmonics/classic/harmonics-pierre-lavergne-v10_mod.txt,6622,49.3739,-1.7894,,,,0.00,0.015,,gleich
434,N,"Carteret, France",harmonics/utide/harmonics_utide_tidetables.txt,333998,49.3739,-1.7894,,,,0.00,0.015,,gleich
435,N,"Casablanca (Port), Morocco",harmonics/att/harmonics_att_np208.txt,15207,33.6070,-7.6170,,,,0.04,0.032,,gleich
435,N,"Casablanca (Port), Morocco",harmonics/classic/harmonics-1997-05-25_mod.txt,8661,33.6073,-7.6169,,,,0.04,0.032,,gleich
435,N,"Casablanca, Morocco",harmonics/classic/harmonics-1997-05-25_mod.txt,8789,33.6070,-7.6166,,33.6000,-7.6167,0.04,0.032,,gleich
435,N,"Casablanca, Morocco",harmonics/utide/harmonics_utide_tidetables.txt,334195,33.6071,-7.6167,,33.6070,-7.6160,0.04,0.032,,gleich
436,N,"Cascais, Portugal",harmonics/ticon/harmonics_ticon4_worldwide.txt,38503,38.6932,-9.4154,,38.6920,-9.4170,0.00,0.020,,gleich
436,N,"Cascais, Portugal",harmonics/utide/harmonics_utide_observations.txt,182862,38.6932,-9.4154,,,,0.00,0.020,,gleich
437,N,"Castle Island (Chateau Bay), Labrador, Canada",harmonics/classic/harmonics-2004-06-14_mod.txt,47345,51.9752,-55.8552,,51.9667,-55.8500,1.93,0.028,,verschieden
437,N,"Henley Harbour, Labrador, Canada",harmonics/classic/harmonics-2004-06-14_mod.txt,102440,51.9926,-55.8553,,51.9833,-55.8500,1.93,0.028,,verschieden
438,N,"Castro, Chile",harmonics/noaa/harmonics_noaa_amtt.txt,65321,-42.4800,-73.7640,1,,,0.00,0.096,,gleich
438,N,"Castro, Chile",harmonics/utide/harmonics_utide_observations.txt,208804,-42.4800,-73.7640,,,,0.00,0.096,,gleich
439,H,"Cataingan, Philippines",harmonics/att/harmonics_att_np203_scs.txt,70174,12.0000,124.0000,,,,0.00,0.101,,gleich
439,H,"Port Cataingan, Masbate, Philippines",harmonics/noaa/harmonics_noaa_cptt.txt,202128,12.0000,124.0000,1,,,0.00,0.101,,gleich
440,N,"Catalina Harbor, California",harmonics/classic/harmonics-2004-06-14_mod.txt,47538,33.4317,-118.5033,,,,0.35,0.034,,gleich
440,N,"Catalina Harbor, Santa Catalina Island, California",harmonics/noaa/harmonics_noaa_amtt.txt,118776,33.4333,-118.5000,1,,,0.35,0.034,,gleich
441,N,"Catbalogan, Philippines",harmonics/att/harmonics_att_np203_scs.txt,79106,11.7833,124.8667,,,,1.58,0.050,,gleich
441,N,"Catbalogan, Samar, Philippines",harmonics/noaa/harmonics_noaa_cptt.txt,199619,11.7753,124.8786,1,,,1.58,0.050,,gleich
441,N,"Catbalogan, Samar, Philippines",harmonics/utide/harmonics_utide_tidetables.txt,315307,11.7753,124.8786,,,,1.58,0.050,,gleich
442,H,"Cayenne, French Guiana",harmonics/classic/harmonics-1997-05-25_mod.txt,8909,4.9364,-52.3400,,4.9167,-52.3333,0.00,0.128,,gleich
442,H,"Cayenne, French Guiana",harmonics/noaa/harmonics_noaa_amtt.txt,41360,4.9364,-52.3400,1,,,0.00,0.128,,gleich
443,N,"Cebu, Philippines",harmonics/ticon/harmonics_ticon4_worldwide.txt,39106,10.3005,123.9161,,10.3000,123.9170,0.11,0.000,,gleich
443,N,"Cebu, Philippines",harmonics/utide/harmonics_utide_observations.txt,179887,10.3000,123.9170,,,,0.11,0.000,,gleich
444,N,"Cedar Heights, Broward River, St. Johns River, Florida (2)",harmonics/classic/harmonics-2004-06-14_mod.txt,47925,30.4367,-81.6417,,,,0.00,0.019,,gleich
444,N,"Cedar Heights, Broward River, Florida",harmonics/classic/harmonics-dwf-20251228-free.txt,101023,30.4367,-81.6417,,,,0.00,0.019,,gleich
445,N,"Cedros (Bonasse) Pier, Trinidad and Tobago",harmonics/att/harmonics_att_np202.txt,21150,10.0947,-61.8654,,10.1000,-61.8667,1.28,0.062,,verschieden
445,N,"Bonasse pier, Trinidad and Tobago",harmonics/noaa/harmonics_noaa_amtt.txt,39763,10.0833,-61.8667,1,,,1.28,0.062,,verschieden
446,N,"Celaka, Indonesia",harmonics/att/harmonics_att_np203_scs.txt,56200,-2.8667,107.0167,,,,0.00,0.076,,aehnlich
446,N,"Tjelaka, Liat Island, Indonesia",harmonics/noaa/harmonics_noaa_cptt.txt,145996,-2.8667,107.0167,1,,,0.00,0.076,,aehnlich
447,N,"Ceuta, Spain",harmonics/noaa/harmonics_noaa_eutt.txt,35921,35.8915,-5.3150,1,,,0.02,0.058,,gleich
447,N,"Ceuta, Spain",harmonics/ticon/harmonics_ticon4_worldwide.txt,39925,35.8916,-5.3150,,35.9000,-5.3170,0.02,0.058,,gleich
447,N,"Ceuta, Spain",harmonics/utide/harmonics_utide_tidetables.txt,386101,35.8917,-5.3150,,,,0.02,0.058,,gleich
448,N,"Ch'onsong-man, Kadok-to, Busan, South Korea",harmonics/noaa/harmonics_noaa_cptt.txt,82132,35.0167,128.8167,1,,,0.00,0.079,,verschieden
448,N,"Gadeokdo, South Korea",harmonics/utide/harmonics_utide_tidetables.txt,292543,35.0167,128.8167,,,,0.00,0.079,,verschieden
449,N,"Chabahar, Iran",harmonics/att/harmonics_att_np203_secondary.txt,85886,25.2957,60.6009,,25.3170,60.6170,0.00,0.022,,gleich
449,N,"Chabahar, Iran",harmonics/ticon/harmonics_ticon4_worldwide.txt,40130,25.2957,60.6009,,25.2970,60.6030,0.00,0.022,,gleich
449,N,"Chabahar, Iran",harmonics/utide/harmonics_utide_observations.txt,92406,25.2957,60.6009,,25.2970,60.6030,0.00,0.022,,gleich
450,N,"Champerico, Guatemala",harmonics/noaa/harmonics_noaa_amtt.txt,115838,14.2944,-91.9203,1,,,0.00,0.062,,gleich
450,N,"Champerico, Guatemala",harmonics/ticon/harmonics_ticon4_worldwide.txt,40528,14.2944,-91.9203,,14.3000,-91.9170,0.00,0.062,,gleich
451,H,"Champion Bay, Western Australia, Australia",harmonics/noaa/harmonics_noaa_cptt.txt,256580,-28.7833,114.5833,1,,,1.99,0.161,,verschieden
451,H,"Geraldton, Western Australia, Australia",harmonics/ticon/harmonics_ticon4_worldwide.txt,62382,-28.7760,114.6019,,,,1.99,0.161,,verschieden
452,N,"Champlain, Québec, Canada",harmonics/ticon/harmonics_ticon4_worldwide.txt,40725,46.4400,-72.3400,,,,0.03,0.069,,gleich
452,N,"Champlain, Québec, Canada",harmonics/utide/harmonics_utide_tidetables.txt,274374,46.4402,-72.3397,,,,0.03,0.069,,gleich
453,N,"Chanaral de las Animas, Chile",harmonics/noaa/harmonics_noaa_amtt.txt,90610,-26.3500,-70.6333,1,,,0.64,0.032,,verschieden
453,N,"Chañaral, Chile",harmonics/utide/harmonics_utide_observations.txt,206428,-26.3510,-70.6270,,,,0.64,0.032,,verschieden
454,HLN,"Chandbali, Odisha, India",harmonics/att/harmonics_att_np203_secondary.txt,95788,20.7714,86.7393,,20.7667,86.7333,0.00,0.168,,gleich
454,HLN,"Chandbali (Dhamra River), Odisha, India",harmonics/classic/harmonics-1997-05-25_mod.txt,9031,20.7714,86.7393,,20.7833,86.9667,0.00,0.168,,gleich
454,HLN,"Chandbali, Odisha, India",harmonics/noaa/harmonics_noaa_cptt.txt,267221,20.7714,86.7393,1,,,0.00,0.168,,gleich
454,HLN,"Chandbali (Dhamra River), Odisha, India",harmonics/utide/harmonics_utide_tidetables.txt,289276,20.7714,86.7393,,,,0.00,0.168,,gleich
455,N,"Change Island, Newfoundland, Canada",harmonics/classic/harmonics-2004-06-14_mod.txt,48890,49.6747,-54.4003,,49.6667,-54.4167,0.00,0.000,,verschieden
455,N,"Change Islands, Newfoundland, Canada",harmonics/utide/harmonics_utide_tidetables.txt,183633,49.6747,-54.4003,,,,0.00,0.000,,verschieden
456,G,"Changjiang Ao, Liaoning, China",harmonics/att/harmonics_att_np204_secondary.txt,30171,39.1333,122.1000,,,,7.04,0.026,1,gleich
456,G,"Changjiang Ao, Liaoning, China",harmonics/noaa/harmonics_noaa_cptt.txt,98566,39.0833,122.0500,1,,,7.04,0.026,1,gleich
457,H,"Changxing Dao [Changhing Tao, Fuchou Bay], Liaoning, China",harmonics/noaa/harmonics_noaa_cptt.txt,100526,39.6500,121.4667,1,,,0.00,0.299,1,verschieden
457,H,"Changxingdao, Liaoning, China",harmonics/utide/harmonics_utide_tidetables.txt,651061,39.6500,121.4667,,,,0.00,0.299,1,verschieden
458,N,"Charles Island, Washington",harmonics/classic/harmonics-2004-06-14_mod.txt,49269,48.4500,-122.9000,,,,0.37,0.022,,verschieden
458,N,"Richardson, Lopez Island, San Juan Channel, Washington",harmonics/classic/harmonics-dwf-20251228-free.txt,207090,48.4467,-122.9000,,,,0.37,0.022,,verschieden
459,N,"Charleston, New Zealand",harmonics/ticon/harmonics_ticon4_worldwide.txt,41124,-41.9033,171.4333,,-41.9033,171.4339,0.00,0.046,,gleich
459,N,"Charleston, New Zealand",harmonics/utide/harmonics_utide_tidetables.txt,586068,-41.9033,171.4333,,,,0.00,0.046,,gleich
460,N,"Charlottetown, Prince Edward Island, Canada",harmonics/utide/harmonics_utide_observations.txt,47079,46.2301,-63.1222,,,,0.00,0.012,,gleich
460,N,"Charlottetown, Prince Edward Island, Canada",harmonics/utide/harmonics_utide_tidetables.txt,308722,46.2301,-63.1222,,,,0.00,0.012,,gleich
461,N,"Charlton Island, Nunavut, Canada",harmonics/classic/harmonics-2004-06-14_mod.txt,50025,51.9667,-79.3000,,,,0.00,0.000,,gleich
461,N,"Charlton Island, Ontario, Canada",harmonics/utide/harmonics_utide_tidetables.txt,251356,51.9667,-79.3000,,,,0.00,0.000,,gleich
462,G,"Chatham (Lock Approaches), England, United Kingdom",harmonics/classic/harmonics-pierre-lavergne-v10_mod.txt,3070,51.3997,0.5531,,,,0.00,0.052,,gleich
462,G,"Chatham (Lock Approaches), England, United Kingdom",harmonics/utide/harmonics_utide_tidetables.txt,427811,51.3997,0.5531,,,,0.00,0.052,,gleich
463,N,"Chaungtha Kyun, Myanmar",harmonics/att/harmonics_att_np203_scs.txt,17334,16.9532,94.4330,,16.9500,94.4333,0.00,0.057,,gleich
463,N,"Chaungtha Kyun, Myanmar",harmonics/noaa/harmonics_noaa_cptt.txt,265251,16.9532,94.4330,1,,,0.00,0.057,,gleich
464,N,"Chendering, Malaysia",harmonics/att/harmonics_att_np203_scs.txt,61446,5.2650,103.1870,,5.2667,103.1833,0.00,0.013,,gleich
464,N,"Chendering, Malaysia",harmonics/ticon/harmonics_ticon4_worldwide.txt,39516,5.2650,103.1870,,,,0.00,0.013,,gleich
465,H,"Chengshan Jiao [Dove Cove, Jungcheng Bay], Shandong, China",harmonics/noaa/harmonics_noaa_cptt.txt,108509,37.3833,122.6667,1,,,1.47,0.208,,aehnlich
465,H,"Chengshanjiao, Shandong, China",harmonics/utide/harmonics_utide_tidetables.txt,653583,37.3833,122.6833,,,,1.47,0.208,,aehnlich
466,N,"Chennai, Tamil Nadu, India",harmonics/classic/harmonics-1997-05-25_mod.txt,20318,13.1000,80.3000,,,,0.00,0.082,,gleich
466,N,"Chennai, Tamil Nadu, India",harmonics/utide/harmonics_utide_observations.txt,87445,13.1000,80.3000,,13.0827,80.2707,0.00,0.082,,gleich
467,H,"Cherbaniani Reef, Lakshadweep, India",harmonics/att/harmonics_att_np203_secondary.txt,86276,12.3500,71.8830,,,,0.03,0.481,1,gleich
467,H,"Cherbaniani Reef, Laccadive Islands, Lakshadweep, India",harmonics/noaa/harmonics_noaa_cptt.txt,275018,12.3500,71.8833,1,,,0.03,0.481,1,gleich
468,N,"Cherbourg-en-Cotentin, France",harmonics/ticon/harmonics_ticon4_worldwide.txt,41538,49.6514,-1.6355,,,,0.00,0.001,,gleich
468,N,"Cherbourg-en-Cotentin, France",harmonics/utide/harmonics_utide_observations.txt,63464,49.6514,-1.6355,,,,0.00,0.001,,gleich
469,G,"Chesapeake Bay Bridge-Tunnel, Virginia",harmonics/classic/harmonics-dwf-20251228-free.txt,80227,36.9667,-76.1133,,,,7.83,0.021,1,gleich
469,G,"Chesapeake Bay Bridge-Tunnel, Chesapeake Bay, Virginia",harmonics/classic/harmonics-dwf-20251228-free.txt,80422,37.0329,-76.0833,,,,7.83,0.021,1,gleich
470,G,"Chester, Mahone Bay, Nova Scotia, Canada",harmonics/noaa/harmonics_noaa_amtt.txt,45315,44.5667,-64.3000,1,,,5.65,0.042,1,gleich
470,G,"Chester, Nova Scotia, Canada",harmonics/utide/harmonics_utide_tidetables.txt,207803,44.5364,-64.2428,,,,5.65,0.042,1,gleich
471,N,"Cheticamp, Nova Scotia, Canada",harmonics/classic/harmonics-2004-06-14_mod.txt,51354,46.6246,-61.0168,,46.6333,-61.0167,0.07,0.016,,gleich
471,N,"Cheticamp, Nova Scotia, Canada",harmonics/utide/harmonics_utide_tidetables.txt,207997,46.6252,-61.0166,,,,0.07,0.016,,gleich
472,N,"Chi-pei Tao, Taiwan",harmonics/noaa/harmonics_noaa_cptt.txt,120288,23.7333,119.6000,1,,,1.47,0.056,,verschieden
472,N,"Jibei, Taiwan",harmonics/utide/harmonics_utide_tidetables.txt,393711,23.7386,119.6132,,,,1.47,0.056,,verschieden
473,H,"Chiang-chun Kang-tao, Taiwan",harmonics/att/harmonics_att_np204_secondary.txt,37519,23.3667,119.5167,,,,0.00,0.149,,verschieden
473,H,"Pa-chao Yu, Taiwan",harmonics/noaa/harmonics_noaa_cptt.txt,119697,23.3667,119.5167,1,,,0.00,0.149,,verschieden
474,N,"Chiba Light, Chiba, Japan",harmonics/ticon/harmonics_ticon4_worldwide.txt,41738,35.5680,140.0456,,35.5680,140.0455,0.00,0.002,,gleich
474,N,"Chiba Light, Chiba, Japan",harmonics/utide/harmonics_utide_observations.txt,99056,35.5680,140.0456,,,,0.00,0.002,,gleich
475,N,"Chichijima (Futami Ko), Tokyo, Japan",harmonics/ticon/harmonics_ticon4_worldwide.txt,41938,27.0939,142.1947,,27.1000,142.1830,0.00,0.003,,gleich
475,N,"Chichijima (Futami Ko), Tokyo, Japan",harmonics/ticon/harmonics_ticon4_worldwide.txt,110470,27.0939,142.1947,,27.1000,142.1830,0.00,0.003,,gleich
475,N,"Chichijima (Futami Ko), Tokyo, Japan",harmonics/utide/harmonics_utide_observations.txt,99446,27.0939,142.1947,,,,0.00,0.003,,gleich
476,N,"China Bakir (Old Lighthouse), Myanmar",harmonics/att/harmonics_att_np203_scs.txt,19274,16.2748,96.1960,,16.2833,96.1833,0.00,0.056,,gleich
476,N,"China Bakir (Old Lighthouse), Myanmar",harmonics/noaa/harmonics_noaa_cptt.txt,264455,16.2748,96.1960,1,,,0.00,0.056,,gleich
477,N,"Chinde (Zambezi River), Mozambique",harmonics/att/harmonics_att_np203.txt,20938,-18.5736,36.4575,,-18.5670,36.4500,0.00,0.040,,gleich
477,N,"Chinde (Zambezi River), Mozambique",harmonics/classic/harmonics-1997-05-25_mod.txt,9278,-18.5736,36.4575,,-18.5667,36.4500,0.00,0.040,,gleich
477,N,"Chinde, Mozambique",harmonics/noaa/harmonics_noaa_cptt.txt,285426,-18.5736,36.4575,1,,,0.00,0.040,,gleich
478,N,"Chioggia, Italy",harmonics/att/harmonics_att_np208.txt,29142,45.2170,12.2670,,,,0.00,0.097,,gleich
478,N,"Chioggia, Italy",harmonics/noaa/harmonics_noaa_eutt.txt,38466,45.2170,12.2670,1,45.2333,12.3000,0.00,0.097,,gleich
479,N,"Chise P'o, South Korea",harmonics/classic/harmonics-1997-05-25_mod.txt,9770,34.8333,128.7167,,,,0.00,0.046,,gleich
479,N,"Chise-p'o, Koje-do, Busan, South Korea",harmonics/noaa/harmonics_noaa_cptt.txt,82916,34.8333,128.7167,1,,,0.00,0.046,,gleich
480,N,"Chofu (Shimonoseki), Yamaguchi, Japan",harmonics/ticon/harmonics_ticon4_worldwide.txt,42136,34.0141,131.0043,,,,0.00,0.003,,gleich
480,N,"Chofu (Shimonoseki), Yamaguchi, Japan",harmonics/utide/harmonics_utide_observations.txt,99640,34.0141,131.0043,,,,0.00,0.003,,gleich
481,N,"Choshi Gyoko, Chiba, Japan",harmonics/classic/harmonics-2004-06-14_mod.txt,299671,35.7445,140.8583,,35.7333,140.8670,0.04,0.007,,gleich
481,N,"Choshi Gyoko, Chiba, Japan",harmonics/ticon/harmonics_ticon4_worldwide.txt,42334,35.7445,140.8583,,,,0.04,0.007,,gleich
481,N,"Choshi Gyoko, Chiba, Japan",harmonics/utide/harmonics_utide_observations.txt,99834,35.7444,140.8587,,,,0.04,0.007,,gleich
482,N,"Christchurch (Quay), England, United Kingdom",harmonics/utide/harmonics_utide_tidetables.txt,429357,50.7304,-1.7751,,,,0.90,0.040,,gleich
482,N,"Christchurch (Tuckton), England, United Kingdom",harmonics/utide/harmonics_utide_tidetables.txt,429550,50.7295,-1.7878,,,,0.90,0.040,,gleich
483,N,"Christmas Island, Australia",harmonics/att/harmonics_att_np203_scs.txt,29012,-10.4173,105.6668,,-10.4000,105.7167,0.04,0.025,,gleich
483,N,"Christmas Island, Australia",harmonics/ticon/harmonics_ticon4_worldwide.txt,42745,-10.4170,105.6670,,,,0.04,0.025,,gleich
483,N,"Christmas Island, Australia",harmonics/utide/harmonics_utide_observations.txt,22769,-10.4170,105.6670,,,,0.04,0.025,,gleich
484,N,"Chuk-to, Kunsan-hang, Busan, South Korea",harmonics/noaa/harmonics_noaa_cptt.txt,88932,36.0333,126.5333,1,,,0.00,0.019,,verschieden
484,N,"Gunsan Jukdo, South Korea",harmonics/utide/harmonics_utide_tidetables.txt,297245,36.0333,126.5333,,,,0.00,0.019,,verschieden
485,N,"Chuuk, Moen Island, E. Caroline Islands, FSM",harmonics/classic/harmonics-dwf-20251228-free.txt,18702,7.4481,151.8405,,7.4467,151.8470,1.07,0.063,,verschieden
485,N,"Moen Island, Truk Islands, FSM",harmonics/noaa/harmonics_noaa_cptt.txt,219700,7.4500,151.8500,1,,,1.07,0.063,,verschieden
486,N,"Cilacap (Tjillatjap), Indonesia",harmonics/att/harmonics_att_np203_scs.txt,125112,-7.7333,109.0000,,,,2.80,0.054,,gleich
486,N,"Cilacap, Java, Indonesia",harmonics/ticon/harmonics_ticon4_worldwide.txt,43143,-7.7520,109.0170,,,,2.80,0.054,,gleich
486,N,"Cilacap, Java, Indonesia",harmonics/utide/harmonics_utide_observations.txt,90614,-7.7520,109.0170,,,,2.80,0.054,,gleich
487,H,"Cirebon, Indonesia",harmonics/att/harmonics_att_np203_scs.txt,122784,-6.7000,108.5667,,,,1.86,0.529,1,gleich
487,H,"Cirebon, Java, Indonesia",harmonics/noaa/harmonics_noaa_cptt.txt,150949,-6.7167,108.5667,1,,,1.86,0.529,1,gleich
488,N,"Ciudad del Carmen (Faro Atalaya), Campeche, Mexico",harmonics/ticon/harmonics_ticon4_worldwide.txt,43344,18.6432,-91.8433,,18.5330,-91.8330,1.75,0.024,,gleich
488,N,"Ciudad Del Carmen (Sector Naval), Campeche, Mexico",harmonics/utide/harmonics_utide_observations.txt,146773,18.6318,-91.8318,,18.5330,-91.8330,1.75,0.024,,gleich
489,G,"Clapboard Creek, Pelotes Island, St. Johns River, Florida (4)",harmonics/classic/harmonics-2004-06-14_mod.txt,51928,30.4067,-81.5100,,,,0.00,0.023,,gleich
489,G,"Clapboard Creek, Pelotes Island, Florida",harmonics/classic/harmonics-dwf-20251228-free.txt,101415,30.4067,-81.5100,,,,0.00,0.023,,gleich
490,N,"Clarence Town, Long Island, Bahamas",harmonics/classic/harmonics-2004-06-14_mod.txt,52123,23.0999,-74.9623,,23.1000,-75.9833,2.15,0.038,,aehnlich
490,N,"Clarence Harbour, Long Island, Bahamas",harmonics/noaa/harmonics_noaa_carib.txt,17876,23.1000,-74.9833,,,,2.15,0.038,,aehnlich
491,N,"Clarenville, Newfoundland, Canada",harmonics/classic/harmonics-2004-06-14_mod.txt,52313,48.1698,-53.9605,,48.1667,-53.9667,0.00,0.000,,gleich
491,N,"Clarenville, Newfoundland, Canada",harmonics/utide/harmonics_utide_tidetables.txt,179966,48.1698,-53.9605,,,,0.00,0.000,,gleich
492,N,"Clarks Harbour, Nova Scotia, Canada",harmonics/classic/harmonics-2004-06-14_mod.txt,52503,43.4445,-65.6347,,43.4500,-65.6333,1.29,0.034,,verschieden
492,N,"Swim Point, Nova Scotia, Canada",harmonics/classic/harmonics-2004-06-14_mod.txt,277523,43.4334,-65.6316,,43.4333,-65.6333,1.29,0.034,,verschieden
492,N,"Clarks Harbour, Nova Scotia, Canada",harmonics/utide/harmonics_utide_tidetables.txt,208579,43.4448,-65.6344,,,,1.29,0.034,,verschieden
492,N,"Swims Point, Nova Scotia, Canada",harmonics/utide/harmonics_utide_tidetables.txt,222943,43.4334,-65.6319,,,,1.29,0.034,,verschieden
493,G,"Claveria Bay, Philippines",harmonics/att/harmonics_att_np203_scs.txt,74448,18.6167,121.1000,,,,5.26,0.055,1,gleich
493,G,"Claveria, Cagayan, Philippines",harmonics/utide/harmonics_utide_tidetables.txt,315697,18.6128,121.0503,,,,5.26,0.055,1,gleich
494,N,"Clayoquot, British Columbia, Canada",harmonics/noaa/harmonics_noaa_amtt.txt,69252,49.1500,-125.9167,1,,,0.52,0.025,,verschieden
494,N,"Tofino, British Columbia, Canada",harmonics/utide/harmonics_utide_observations.txt,44349,49.1540,-125.9130,,,,0.52,0.025,,verschieden
494,N,"Tofino, British Columbia, Canada",harmonics/utide/harmonics_utide_tidetables.txt,127796,49.1540,-125.9130,,,,0.52,0.025,,verschieden
495,N,"Clews Point, Queensland, Australia",harmonics/classic/harmonics-2004-06-14_mod.txt,52698,-24.0167,151.7500,,,,0.00,0.070,,verschieden
495,N,"Pancake Creek, Queensland, Australia",harmonics/noaa/harmonics_noaa_cptt.txt,248957,-24.0167,151.7500,1,,,0.00,0.070,,verschieden
496,KL,"Cliff Cove, Nova Scotia, Canada",harmonics/classic/harmonics-2004-06-14_mod.txt,52888,44.5116,-63.9377,,44.5167,-63.9333,0.67,0.068,,verschieden
496,KL,"Indian Harbour, Nova Scotia, Canada",harmonics/classic/harmonics-2004-06-14_mod.txt,117854,44.5151,-63.9372,,44.5167,-63.9333,0.67,0.068,,verschieden
496,KL,"St. Margarets Bay, Nova Scotia, Canada",harmonics/noaa/harmonics_noaa_amtt.txt,43728,44.5167,-63.9333,1,,,0.67,0.068,,verschieden
497,H,"Clyde, Wairoa River, Gisborne, New Zealand",harmonics/noaa/harmonics_noaa_cptt.txt,230034,-39.0500,177.4333,1,,,1.88,0.105,,verschieden
497,H,"Wairoa River Mouth, New Zealand",harmonics/utide/harmonics_utide_tidetables.txt,534648,-39.0605,177.4162,,,,1.88,0.105,,verschieden
498,G,"Coatzacoalcos, Veracruz, Mexico",harmonics/ticon/harmonics_ticon4_worldwide.txt,43745,18.1433,-94.4117,,,,2.11,0.087,,gleich
498,G,"Coatzacoalcos, Veracruz, Mexico",harmonics/utide/harmonics_utide_tidetables.txt,619345,18.1256,-94.4189,,,,2.11,0.087,,gleich
499,N,"Cobh, Ireland",harmonics/classic/harmonics-1997-05-25_mod.txt,9892,51.8494,-8.2938,,51.8333,-8.3000,1.79,0.060,,verschieden
499,N,"Ringaskiddy (NMCI), Ireland",harmonics/ticon/harmonics_ticon4_worldwide.txt,160425,51.8350,-8.3056,,51.8400,-8.3040,1.79,0.060,,verschieden
499,N,"Cobh, Ireland",harmonics/utide/harmonics_utide_tidetables.txt,431299,51.8494,-8.2938,,,,1.79,0.060,,verschieden
500,N,"Cocos Island, Costa Rica",harmonics/ticon/harmonics_ticon4_worldwide.txt,44153,5.5570,-87.0480,,,,0.00,0.001,,gleich
500,N,"Cocos Island, Costa Rica",harmonics/utide/harmonics_utide_observations.txt,53207,5.5570,-87.0480,,,,0.00,0.001,,gleich
501,N,"Coffin Point, Maine",harmonics/classic/harmonics-2004-06-14_mod.txt,54022,44.8667,-67.1333,,,,2.00,0.026,,gleich
501,N,"Coffin Point, Coffin Neck, Maine",harmonics/classic/harmonics-dwf-20251228-free.txt,19494,44.8700,-67.1083,,,,2.00,0.026,,gleich
502,N,"Coffs Harbor, New South Wales, Australia",harmonics/noaa/harmonics_noaa_cptt.txt,250134,-30.3000,153.1500,1,,,0.49,0.055,,gleich
502,N,"Coffs Harbour, New South Wales, Australia",harmonics/ticon/harmonics_ticon4_worldwide.txt,44351,-30.3029,153.1461,,,,0.49,0.055,,gleich
503,N,"Cogo (Puerto Iradier), Equatorial Guinea",harmonics/att/harmonics_att_np208.txt,19592,1.0829,9.6935,,1.0830,9.6940,0.00,0.095,,gleich
503,N,"Cogo (Puerto Iradier), Equatorial Guinea",harmonics/classic/harmonics-1997-05-25_mod.txt,29174,1.0829,9.6935,,1.0833,9.7000,0.00,0.095,,gleich
503,N,"Cogo (Puerto Iradier), Equatorial Guinea",harmonics/noaa/harmonics_noaa_eutt.txt,22323,1.0829,9.6935,1,,,0.00,0.095,,gleich
504,N,"Cogton, Philippines",harmonics/att/harmonics_att_np203_scs.txt,69786,9.8333,124.5167,,,,0.00,0.047,,gleich
504,N,"Cogton Bay, Camiguin, Philippines",harmonics/noaa/harmonics_noaa_cptt.txt,196141,9.8333,124.5167,1,,,0.00,0.047,,gleich
505,N,"Colac Bay, Southland, New Zealand",harmonics/noaa/harmonics_noaa_cptt.txt,226333,-46.3667,167.9000,1,,,1.62,0.069,,verschieden
505,N,"Colac Bay / Oraka, New Zealand",harmonics/utide/harmonics_utide_tidetables.txt,592175,-46.3765,167.8844,,,,1.62,0.069,,verschieden
506,N,"Colonia del Sacramento (Rio de la Plata), Uruguay",harmonics/att/harmonics_att_np207.txt,26338,-34.4749,-57.8433,,-34.4667,-57.8500,0.00,0.063,,gleich
506,N,"Colonia del Sacramento (Rio de la Plata), Uruguay",harmonics/classic/harmonics-1997-05-25_mod.txt,10014,-34.4749,-57.8433,,-34.4667,-57.8500,0.00,0.063,,gleich
507,N,"Colón, Panama",harmonics/ticon/harmonics_ticon4_worldwide.txt,45344,9.3552,-79.9147,,9.3500,-79.9000,0.00,0.009,,verschieden
507,N,"Cristobal, Panama",harmonics/utide/harmonics_utide_observations.txt,176705,9.3552,-79.9147,,,,0.00,0.009,,verschieden
508,N,"Commonwealth Bay, Antarctica",harmonics/classic/harmonics-2004-06-14_mod.txt,54213,-67.0000,142.6667,,,,0.00,0.090,,verschieden
508,N,"Cade Denison, George V Coast, Antarctica",harmonics/noaa/harmonics_noaa_cptt.txt,292264,-67.0000,142.6667,1,,,0.00,0.090,,verschieden
509,N,"Conakry, Guinea",harmonics/att/harmonics_att_np208.txt,16918,9.5024,-13.7154,,9.5020,-13.7150,0.00,0.024,,gleich
509,N,"Conakry, Guinea",harmonics/classic/harmonics-1997-05-25_mod.txt,10140,9.5024,-13.7154,,9.5000,-13.7167,0.00,0.024,,gleich
509,N,"Conakry, Guinea",harmonics/utide/harmonics_utide_tidetables.txt,335172,9.5024,-13.7154,,9.5167,-13.7167,0.00,0.024,,gleich
510,H,"Conil de la Frontera, Spain",harmonics/noaa/harmonics_noaa_eutt.txt,39640,36.2950,-6.1367,1,,,0.00,0.146,,gleich
510,H,"Conil de la Frontera, Spain",harmonics/utide/harmonics_utide_tidetables.txt,386489,36.2950,-6.1367,,,,0.00,0.146,,gleich
511,N,"Constantine Harbor, Amchitka, Alaska",harmonics/classic/harmonics-2004-06-14_mod.txt,54406,51.4083,179.2817,,,,0.94,0.070,,gleich
511,N,"Constantine Harbor, Amchitka Island #, Alaska",harmonics/noaa/harmonics_noaa_amtt.txt,108228,51.4167,179.2833,1,,,0.94,0.070,,gleich
512,N,"Coquimbo, Chile",harmonics/classic/harmonics-1997-05-25_mod.txt,10266,-29.9508,-71.3355,,-29.9333,-71.3500,0.00,0.035,,gleich
512,N,"Coquimbo, Chile",harmonics/noaa/harmonics_noaa_amtt.txt,87690,-29.9508,-71.3355,1,,,0.00,0.035,,gleich
512,N,"Coquimbo, Chile",harmonics/utide/harmonics_utide_observations.txt,51226,-29.9508,-71.3355,,-29.9500,-71.3400,0.00,0.035,,gleich
513,N,"Corinto (Isla Cardon), Nicaragua",harmonics/noaa/harmonics_noaa_amtt.txt,115051,12.4833,-87.1667,1,,,0.05,0.097,,gleich
513,N,"Puerto Corinto, Nicaragua",harmonics/utide/harmonics_utide_observations.txt,169140,12.4830,-87.1670,,,,0.05,0.097,,gleich
514,N,"Cork City, Ireland",harmonics/classic/harmonics-pierre-lavergne-v10_mod.txt,3442,51.9005,-8.4508,,51.9002,-8.4507,0.00,0.061,,gleich
514,N,"Cork City, Ireland",harmonics/utide/harmonics_utide_tidetables.txt,433240,51.9005,-8.4508,,,,0.00,0.061,,gleich
515,N,"Cormorant (underwater), New Brunswick, Canada",harmonics/classic/harmonics-2004-06-14_mod.txt,54786,47.1247,-65.1486,,47.1167,-65.1500,0.00,0.000,,gleich
515,N,"Cormorant (underwater), New Brunswick, Canada",harmonics/utide/harmonics_utide_tidetables.txt,166447,47.1247,-65.1486,,,,0.00,0.000,,gleich
516,N,"Corner Brook, Newfoundland, Canada",harmonics/classic/harmonics-2004-06-14_mod.txt,54976,48.9583,-57.9431,,48.9500,-57.9500,0.00,0.000,,gleich
516,N,"Corner Brook, Newfoundland, Canada",harmonics/utide/harmonics_utide_tidetables.txt,200630,48.9583,-57.9431,,,,0.00,0.000,,gleich
517,N,"Cornwallis, Manukau Harbor, Auckland, New Zealand",harmonics/noaa/harmonics_noaa_cptt.txt,231984,-37.0000,174.6000,1,,,1.47,0.061,,gleich
517,N,"Cornwallis, New Zealand",harmonics/utide/harmonics_utide_tidetables.txt,564977,-37.0118,174.6075,,,,1.47,0.061,,gleich
518,GN,"Coron, Philippines",harmonics/att/harmonics_att_np203_scs.txt,64160,12.0000,120.2000,,,,3.23,0.080,1,gleich
518,GN,"Coron, Busuanga Island, Palawan, Philippines",harmonics/noaa/harmonics_noaa_cptt.txt,187651,12.0167,120.2000,1,,,3.23,0.080,1,gleich
518,GN,"Coron, Palawan, Philippines",harmonics/utide/harmonics_utide_tidetables.txt,315891,11.9903,120.2123,,,,3.23,0.080,1,gleich
519,N,"Corpach, Scotland, United Kingdom",harmonics/utide/harmonics_utide_observations.txt,218828,56.8418,-5.1238,,,,0.00,0.036,,gleich
519,N,"Corpach, Scotland, United Kingdom",harmonics/utide/harmonics_utide_tidetables.txt,433433,56.8418,-5.1238,,,,0.00,0.036,,gleich
520,N,"Corregidor Island, Philippines",harmonics/att/harmonics_att_np203_scs.txt,72890,14.3833,120.6000,,,,0.00,0.090,,gleich
520,N,"Corregidor Island, Manila Bay, Bataan, Philippines",harmonics/noaa/harmonics_noaa_cptt.txt,207148,14.3833,120.6000,1,,,0.00,0.090,,gleich
521,N,"Corvo, Açores, Portugal",harmonics/att/harmonics_att_np208_secondary.txt,15599,39.6719,-31.1097,,,,0.00,0.022,,gleich
521,N,"Corvo, Açores, Portugal",harmonics/utide/harmonics_utide_tidetables.txt,697095,39.6719,-31.1097,,39.6668,-31.1008,0.00,0.022,,gleich
522,N,"Cosy Corner, Western Australia, Australia",harmonics/utide/harmonics_utide_tidetables.txt,48247,-34.2667,115.0500,,,,1.53,0.039,,verschieden
522,N,"Cape Hamelin, Western Australia, Australia",harmonics/utide/harmonics_utide_tidetables.txt,76246,-34.2667,115.0333,,,,1.53,0.039,,verschieden
523,L,"Cotonou, Benin",harmonics/att/harmonics_att_np208_secondary.txt,36350,6.3500,2.4330,,,,0.00,0.104,,gleich
523,L,"Cotonou, Benin",harmonics/utide/harmonics_utide_tidetables.txt,335564,6.3500,2.4330,,6.3500,2.4333,0.00,0.104,,gleich
524,N,"Courseulles-sur-Mer (Large), France",harmonics/classic/harmonics-pierre-lavergne-v10_mod.txt,4939,49.4000,-0.4667,,49.3364,-0.4576,0.00,0.002,,gleich
524,N,"Courseulles-sur-Mer (Large), France",harmonics/utide/harmonics_utide_tidetables.txt,335759,49.4000,-0.4667,,,,0.00,0.002,,gleich
525,N,"Couteau Bay, Newfoundland, Canada",harmonics/classic/harmonics-2004-06-14_mod.txt,55541,47.7128,-58.0498,,47.7167,-58.0500,0.00,0.000,,gleich
525,N,"Couteau Bay, Newfoundland, Canada",harmonics/utide/harmonics_utide_tidetables.txt,172053,47.7128,-58.0498,,,,0.00,0.000,,gleich
526,H,"Cowes (Isle of Wight), England, United Kingdom",harmonics/noaa/harmonics_noaa_eutt.txt,61548,50.7667,-1.3000,1,,,0.00,0.149,,gleich
526,H,"Cowes (Isle of Wight), England, United Kingdom",harmonics/utide/harmonics_utide_tidetables.txt,434983,50.7667,-1.3000,,,,0.00,0.149,,gleich
527,N,"Cox's Bazar, Bangladesh",harmonics/ticon/harmonics_ticon4_worldwide.txt,45146,21.4511,91.9695,,21.4500,91.8330,0.00,0.024,,aehnlich
527,N,"Cox's Bazaar, Bangladesh",harmonics/utide/harmonics_utide_observations.txt,25956,21.4511,91.9695,,,,0.00,0.024,,aehnlich
528,N,"Cranfield Point, Northern Ireland, United Kingdom",harmonics/noaa/harmonics_noaa_eutt.txt,74636,54.0229,-6.0633,1,,,0.00,0.030,,gleich
528,N,"Cranfield Point, Northern Ireland, United Kingdom",harmonics/utide/harmonics_utide_tidetables.txt,435564,54.0229,-6.0633,,,,0.00,0.030,,gleich
529,N,"Cranz (Este-Sperrwerk), Germany",harmonics/utide/harmonics_utide_observations.txt,72429,53.5359,9.7915,,,,1.05,0.040,,verschieden
529,N,"Este (Inneres Sperrwerk Binnenpegel), Germany",harmonics/utide/harmonics_utide_observations.txt,74185,53.5328,9.7765,,,,1.05,0.040,,verschieden
530,H,"Crescent Bay, Washington (2)",harmonics/classic/harmonics-2004-06-14_mod.txt,57080,48.1667,-123.7333,,,,0.00,0.136,,gleich
530,H,"Crescent Bay, Washington",harmonics/noaa/harmonics_noaa_amtt.txt,63948,48.1667,-123.7333,1,,,0.00,0.136,,gleich
531,N,"Cromarty, Scotland, United Kingdom",harmonics/utide/harmonics_utide_observations.txt,219020,57.6828,-4.0385,,,,0.00,0.066,,gleich
531,N,"Cromarty, Scotland, United Kingdom",harmonics/utide/harmonics_utide_tidetables.txt,436341,57.6828,-4.0385,,,,0.00,0.066,,gleich
532,N,"Cromer, England, United Kingdom",harmonics/ticon/harmonics_ticon4_worldwide.txt,45547,52.9342,1.3016,,,,0.02,0.008,,gleich
532,N,"Cromer, England, United Kingdom",harmonics/utide/harmonics_utide_observations.txt,192545,52.9344,1.3016,,,,0.02,0.008,,gleich
533,H,"Cu Lao Cham, Vietnam",harmonics/att/harmonics_att_np203_scs.txt,156364,15.9500,108.5000,,,,0.00,0.133,,gleich
533,H,"Culao Cham, Vietnam",harmonics/noaa/harmonics_noaa_cptt.txt,132108,15.9500,108.5000,1,,,0.00,0.133,,gleich
534,K,"Cua Batak, Vietnam",harmonics/att/harmonics_att_np203_scs_secondary.txt,22426,9.4667,106.2167,1,,,4.10,0.087,1,verschieden
534,K,"Tran De (Song Hau), Vietnam",harmonics/utide/harmonics_utide_tidetables.txt,679004,9.5003,106.2014,,,,4.10,0.087,1,verschieden
535,HL,"Cua Hoi, Vietnam",harmonics/att/harmonics_att_np203_scs.txt,157530,18.7647,105.7590,,18.7667,105.7500,0.97,0.240,,verschieden
535,HL,"Hoi River entrance, Vietnam",harmonics/noaa/harmonics_noaa_cptt.txt,130745,18.7667,105.7500,1,,,0.97,0.240,,verschieden
535,HL,"Cua Hoi, Vietnam",harmonics/utide/harmonics_utide_tidetables.txt,631303,18.7647,105.7590,,18.7667,105.7500,0.97,0.240,,verschieden
536,H,"Cua Nam Trieu, Vietnam",harmonics/att/harmonics_att_np203_scs_secondary.txt,23011,20.7667,106.8333,1,,,0.00,0.179,,gleich
536,H,"Cua Namtrieu, Vietnam",harmonics/noaa/harmonics_noaa_cptt.txt,129407,20.7667,106.8333,1,,,0.00,0.179,,gleich
537,H,"Cua Soirap, Vietnam",harmonics/att/harmonics_att_np203_scs_secondary.txt,22621,10.3833,106.8000,1,,,0.00,0.102,,verschieden
537,H,"Nha Be River entrance, Tien Giang, Vietnam",harmonics/noaa/harmonics_noaa_cptt.txt,134648,10.3833,106.8000,1,,,0.00,0.102,,verschieden
538,N,"Cuddalore, Tamil Nadu, India",harmonics/att/harmonics_att_np203_secondary.txt,102004,11.7066,79.7783,,11.7167,79.7833,0.00,0.057,,gleich
538,N,"Cuddalore, Tamil Nadu, India",harmonics/noaa/harmonics_noaa_cptt.txt,268392,11.7066,79.7783,1,,,0.00,0.057,,gleich
539,N,"Culmore Point, Northern Ireland, United Kingdom",harmonics/utide/harmonics_utide_tidetables.txt,437119,55.0464,-7.2537,,,,0.59,0.038,,verschieden
539,N,"River Foyle (Lisahally), Northern Ireland, United Kingdom",harmonics/utide/harmonics_utide_tidetables.txt,496937,55.0430,-7.2609,,,,0.59,0.038,,verschieden
540,N,"Cumberland Basin, Nova Scotia, Canada",harmonics/classic/harmonics-2004-06-14_mod.txt,57843,45.6667,-64.5167,,,,2.32,0.042,,verschieden
540,N,"Joggins, Nova Scotia, Canada",harmonics/utide/harmonics_utide_tidetables.txt,212847,45.6610,-64.4880,,,,2.32,0.042,,verschieden
541,N,"Cumuruxatiba, Bahia, Brazil",harmonics/att/harmonics_att_np207.txt,41314,-17.1051,-39.1801,,-17.1000,-39.1833,0.00,0.077,,gleich
541,N,"Cumuruxatiba, Bahia, Brazil",harmonics/noaa/harmonics_noaa_amtt.txt,47108,-17.1051,-39.1801,1,,,0.00,0.077,,gleich
542,N,"Currimao, Philippines",harmonics/ticon/harmonics_ticon4_worldwide.txt,46551,17.9880,120.4880,,18.0170,120.4830,0.00,0.001,,gleich
542,N,"Currimao, Philippines",harmonics/utide/harmonics_utide_observations.txt,180479,17.9880,120.4880,,,,0.00,0.001,,gleich
543,N,"Cutler, Little River, Maine",harmonics/classic/harmonics-2004-06-14_mod.txt,58221,44.6567,-67.2100,,,,0.91,0.030,,gleich
543,N,"Cutler, Little River, Maine (2)",harmonics/classic/harmonics-2004-06-14_mod.txt,58406,44.6500,-67.2167,,,,0.91,0.030,,gleich
543,N,"Cutler (Farris Wharf), Little River, Maine",harmonics/classic/harmonics-dwf-20251228-free.txt,20279,44.6567,-67.2100,,,,0.91,0.030,,gleich
544,N,"Cuxhaven (Steubenhöft), Germany",harmonics/classic/harmonics-dwf-20070318_mod.txt,15218,53.8680,8.7170,,53.8675,8.7183,0.00,0.013,,verschieden
544,N,"Cuxhaven-Steubenhöft (Elbe), Germany",harmonics/utide/harmonics_utide_observations.txt,72630,53.8680,8.7170,,,,0.00,0.013,,verschieden
545,H,"Cuyo Island, Philippines",harmonics/att/harmonics_att_np203_scs_secondary.txt,19693,10.8500,121.0000,1,,,0.00,0.181,,gleich
545,H,"Cuyo, Cuyo Island, Antique, Philippines",harmonics/noaa/harmonics_noaa_cptt.txt,187072,10.8500,121.0000,1,,,0.00,0.181,,gleich
546,N,"Cádiz, Spain",harmonics/noaa/harmonics_noaa_eutt.txt,40034,36.5399,-6.2867,1,,,0.01,0.043,,gleich
546,N,"Cádiz, Spain",harmonics/ticon/harmonics_ticon4_worldwide.txt,36493,36.5400,-6.2868,,,,0.01,0.043,,gleich
546,N,"Cádiz, Spain",harmonics/utide/harmonics_utide_tidetables.txt,385900,36.5400,-6.2867,,,,0.01,0.043,,gleich
547,HN,"Da Nang, Vietnam",harmonics/classic/harmonics-1997-05-25_mod.txt,10630,16.1167,108.2167,,,,0.00,0.182,,gleich
547,HN,"Da Nang, Vietnam",harmonics/noaa/harmonics_noaa_cptt.txt,131910,16.1167,108.2167,1,,,0.00,0.182,,gleich
547,HN,"Da Nang, Vietnam",harmonics/utide/harmonics_utide_tidetables.txt,631882,16.1167,108.2167,,,,0.00,0.182,,gleich
548,H,"Dabo, Indonesia",harmonics/att/harmonics_att_np203_scs.txt,41840,-0.5000,104.5667,,,,0.00,0.181,,verschieden
548,H,"Kotadabok, Singkep Island, Indonesia",harmonics/noaa/harmonics_noaa_cptt.txt,143294,-0.5000,104.5667,1,,,0.00,0.181,,verschieden
549,H,"Dadan (Dao), Fujian, China",harmonics/att/harmonics_att_np204_secondary.txt,37327,24.3833,118.1667,,,,0.00,0.162,,verschieden
549,H,"Dadan Dao [Amoy, outer harbor], Fujian, China",harmonics/noaa/harmonics_noaa_cptt.txt,120870,24.3833,118.1667,1,,,0.00,0.162,,verschieden
550,N,"Dadens, British Columbia, Canada",harmonics/classic/harmonics-2004-06-14_mod.txt,58789,54.1910,-133.0020,,54.1833,-132.9833,0.00,0.024,,verschieden
550,N,"Solide Passage, British Columbia, Canada",harmonics/classic/harmonics-2004-06-14_mod.txt,263516,54.1910,-133.0020,,54.1833,-132.9833,0.00,0.024,,verschieden
550,N,"Henslung Cove, British Columbia, Canada",harmonics/utide/harmonics_utide_observations.txt,40841,54.1910,-133.0020,,,,0.00,0.024,,verschieden
550,N,"Henslung Cove, British Columbia, Canada",harmonics/utide/harmonics_utide_tidetables.txt,155629,54.1910,-133.0020,,,,0.00,0.024,,verschieden
551,N,"Dagebüll, Germany",harmonics/noaa/harmonics_noaa_eutt.txt,85837,54.7305,8.6870,1,,,0.00,0.093,,gleich
551,N,"Dagebüll, Germany",harmonics/utide/harmonics_utide_observations.txt,204380,54.7305,8.6870,,,,0.00,0.093,,gleich
552,N,"Dahanu, Maharashtra, India",harmonics/att/harmonics_att_np203.txt,26689,19.9725,72.7167,,19.9700,72.7100,0.00,0.080,,gleich
552,N,"Dahanu, Maharashtra, India",harmonics/noaa/harmonics_noaa_cptt.txt,272092,19.9725,72.7167,1,,,0.00,0.080,,gleich
553,N,"Dahikan Bay, Philippines",harmonics/att/harmonics_att_np203_scs.txt,82016,9.4500,125.9333,,,,0.00,0.036,,gleich
553,N,"Dahikan Bay, Surigao del Sur, Philippines",harmonics/noaa/harmonics_noaa_cptt.txt,177808,9.4500,125.9333,1,,,0.00,0.036,,gleich
554,N,"Dahlgren, Upper Machodoc Creek, Virginia",harmonics/classic/harmonics-2004-06-14_mod.txt,58983,38.3200,-77.0367,,,,0.03,0.051,,gleich
554,N,"Dahlgren, Upper Machodoc Creek, Potomac River, Virginia",harmonics/classic/harmonics-dwf-20251228-free.txt,74907,38.3197,-77.0366,,,,0.03,0.051,,gleich
555,N,"Dahouet, France",harmonics/classic/harmonics-pierre-lavergne-v10_mod.txt,9046,48.5787,-2.5696,,,,0.00,0.013,,gleich
555,N,"Dahouet, France",harmonics/utide/harmonics_utide_tidetables.txt,335954,48.5787,-2.5696,,48.5792,-2.5693,0.00,0.013,,gleich
556,N,"Dakar, Senegal",harmonics/ticon/harmonics_ticon4_worldwide.txt,46955,14.6770,-17.4200,,,,0.00,0.007,,gleich
556,N,"Dakar, Senegal",harmonics/utide/harmonics_utide_observations.txt,201592,14.6770,-17.4200,,,,0.00,0.007,,gleich
557,K,"Dakhla Bar, Western Sahara",harmonics/att/harmonics_att_np208.txt,15587,23.6050,-15.9900,,23.6620,-15.9410,3.22,0.037,1,verschieden
557,K,"Lassarga (Rio de Oro), Western Sahara",harmonics/noaa/harmonics_noaa_eutt.txt,34752,23.6333,-15.9833,1,,,3.22,0.037,1,verschieden
558,G,"Dakhla, Western Sahara",harmonics/noaa/harmonics_noaa_eutt.txt,34946,23.6965,-15.9194,1,,,4.47,0.081,1,gleich
558,G,"Dakhla Port, Western Sahara",harmonics/utide/harmonics_utide_tidetables.txt,336149,23.6615,-15.9410,,,,4.47,0.081,1,gleich
559,N,"Daliang, Liaoning, China",harmonics/ticon/harmonics_ticon4_worldwide.txt,103432,38.8670,121.6830,,,,0.04,0.021,,aehnlich
559,N,"Dalian (Laohutan), Liaoning, China",harmonics/utide/harmonics_utide_tidetables.txt,660765,38.8667,121.6833,,,,0.04,0.021,,aehnlich
560,N,"Dalu Dao [Talu Tao], North Korea",harmonics/noaa/harmonics_noaa_cptt.txt,96804,39.7500,123.7500,1,,,0.00,0.044,,verschieden
560,N,"Daludao, Liaoning, China",harmonics/utide/harmonics_utide_tidetables.txt,649897,39.7500,123.7500,,,,0.00,0.044,,verschieden
561,H,"Dandong, Liaoning, China",harmonics/noaa/harmonics_noaa_cptt.txt,96604,40.1160,124.3880,1,,,0.00,0.128,,gleich
561,H,"Dandong, Liaoning, China",harmonics/utide/harmonics_utide_tidetables.txt,629355,40.1160,124.3880,,40.1167,124.4000,0.00,0.128,,gleich
562,H,"Danmarks Havn, Greenland",harmonics/noaa/harmonics_noaa_amtt.txt,32841,76.7667,-18.7667,1,,,0.00,0.172,,gleich
562,H,"Danmarks Havn, Greenland (2)",harmonics/utide/harmonics_utide_tidetables.txt,666774,76.7667,-18.7667,,,,0.00,0.172,,gleich
563,N,"Dapitan, Philippines",harmonics/att/harmonics_att_np203_scs.txt,84732,8.6667,123.4167,,,,0.00,0.046,,gleich
563,N,"Dapitan, Negros Oriental, Philippines",harmonics/noaa/harmonics_noaa_cptt.txt,173371,8.6667,123.4167,1,,,0.00,0.046,,gleich
564,H,"Dapur, Indonesia",harmonics/att/harmonics_att_np203_scs.txt,55618,-3.1333,106.5167,,,,0.00,0.134,,gleich
564,H,"Dapur Island, Banka Island, Indonesia",harmonics/noaa/harmonics_noaa_cptt.txt,145803,-3.1333,106.5167,1,,,0.00,0.134,,gleich
565,N,"Dar Es Salaam, Tanzania",harmonics/ticon/harmonics_ticon4_worldwide.txt,47356,-6.8208,39.2889,,-6.8200,39.2880,0.00,0.004,,gleich
565,N,"Dar es Salaam, Tanzania",harmonics/utide/harmonics_utide_observations.txt,191754,-6.8208,39.2889,,-6.8200,39.2880,0.00,0.004,,gleich
566,G,"Dark Cove, Newfoundland, Canada",harmonics/classic/harmonics-2004-06-14_mod.txt,59949,49.5250,-54.7553,,49.5333,-54.7500,0.00,0.000,,gleich
566,G,"Dark Cove, Newfoundland, Canada",harmonics/utide/harmonics_utide_tidetables.txt,184019,49.5250,-54.7553,,,,0.00,0.000,,gleich
567,N,"Darrell Bay, British Columbia, Canada",harmonics/utide/harmonics_utide_observations.txt,40262,49.6690,-123.1690,,,,0.00,0.004,,gleich
567,N,"Darrell Bay, British Columbia, Canada",harmonics/utide/harmonics_utide_tidetables.txt,108451,49.6690,-123.1690,,,,0.00,0.004,,gleich
568,N,"Dartmouth, England, United Kingdom",harmonics/noaa/harmonics_noaa_eutt.txt,62744,50.3511,-3.5772,1,,,0.00,0.052,,gleich
568,N,"Dartmouth, England, United Kingdom",harmonics/utide/harmonics_utide_tidetables.txt,438088,50.3511,-3.5772,,,,0.00,0.052,,gleich
569,N,"Dassalan Island, Philippines",harmonics/att/harmonics_att_np203_scs.txt,86478,6.7333,121.4667,,,,0.00,0.091,,gleich
569,N,"Dassalan Island, Zamboanga del Sur, Philippines",harmonics/noaa/harmonics_noaa_cptt.txt,170673,6.7333,121.4667,1,,,0.00,0.091,,gleich
570,N,"Datum Bay, Acklins Island, Bahamas",harmonics/classic/harmonics-2004-06-14_mod.txt,60535,22.1657,-74.2920,,22.1667,-74.3000,0.00,0.070,,gleich
570,N,"Datum Bay, Acklins Island, Bahamas",harmonics/noaa/harmonics_noaa_carib.txt,18260,22.1657,-74.2920,,22.1667,-74.3000,0.00,0.070,,gleich
571,N,"Dauphin Island, Mobile Bay, Alabama",harmonics/classic/harmonics-dwf-20251228-free.txt,143462,30.2500,-88.0750,,,,0.46,0.037,,aehnlich
571,N,"Dauphin Island Hydro, Alabama",harmonics/classic/harmonics-dwf-20251228-free.txt,143659,30.2513,-88.0795,,,,0.46,0.037,,aehnlich
572,N,"Davao, Philippines",harmonics/ticon/harmonics_ticon4_worldwide.txt,47752,7.0830,125.6330,,,,0.00,0.005,,gleich
572,N,"Davao, Philippines",harmonics/utide/harmonics_utide_observations.txt,179493,7.0830,125.6330,,,,0.00,0.005,,gleich
573,N,"Dawangjia Dao, Liaoning, China",harmonics/att/harmonics_att_np204_secondary.txt,30559,39.4500,123.0500,,,,1.43,0.039,,verschieden
573,N,"Dawangjia Dao [Ta-wang-chia Tao], Liaoning, China",harmonics/noaa/harmonics_noaa_cptt.txt,97588,39.4500,123.0667,1,,,1.43,0.039,,verschieden
574,N,"Deal, England, United Kingdom",harmonics/classic/harmonics_literature.txt,16559,51.2238,1.4092,,,,0.00,0.004,,gleich
574,N,"Deal, England, United Kingdom",harmonics/ticon/harmonics_ticon4_worldwide.txt,48157,51.2238,1.4092,,,,0.00,0.004,,gleich
574,N,"Deal, England, United Kingdom",harmonics/utide/harmonics_utide_observations.txt,192939,51.2238,1.4093,,,,0.00,0.004,,gleich
575,H,"Dedele Point, Papua New Guinea",harmonics/classic/harmonics-2004-06-14_mod.txt,62052,-10.2333,148.7167,,,,0.00,0.125,,gleich
575,H,"Dedele Point, Papua New Guinea",harmonics/noaa/harmonics_noaa_cptt.txt,240771,-10.2333,148.7167,1,,,0.00,0.125,,gleich
576,N,"Delfzijl, Ems River, Netherlands",harmonics/noaa/harmonics_noaa_eutt.txt,82121,53.3333,6.9500,1,,,1.39,0.031,,gleich
576,N,"Delfzijl, Netherlands",harmonics/ticon/harmonics_ticon4_worldwide.txt,48560,53.3280,6.9310,,53.3264,6.9331,1.39,0.031,,gleich
576,N,"Delfzijl, Netherlands",harmonics/utide/harmonics_utide_observations.txt,149504,53.3280,6.9310,,,,1.39,0.031,,gleich
577,N,"Den Helder (Marsdiep), Netherlands",harmonics/noaa/harmonics_noaa_eutt.txt,81531,52.9644,4.7450,1,,,0.00,0.066,,gleich
577,N,"Den Helder (Marsdiep), Netherlands",harmonics/ticon/harmonics_ticon4_worldwide.txt,48764,52.9644,4.7450,,52.9700,4.7500,0.00,0.066,,gleich
577,N,"Den Helder (Marsdiep), Netherlands",harmonics/utide/harmonics_utide_observations.txt,149700,52.9644,4.7450,,,,0.00,0.066,,gleich
578,N,"Den Oever, Netherlands",harmonics/classic/harmonics-dwf-20100529-nonfree_mod.txt,15221,52.9315,5.0465,,,,0.06,0.009,,gleich
578,N,"Den Oever, Waddenzee voorhaven, Netherlands",harmonics/utide/harmonics_utide_observations.txt,149893,52.9315,5.0456,,,,0.06,0.009,,gleich
579,N,"Dendermonde Afwaarts DVW, Belgium",harmonics/utide/harmonics_utide_observations.txt,32425,51.0438,4.0868,,,,1.57,0.059,,verschieden
579,N,"Dendermonde, Belgium",harmonics/utide/harmonics_utide_observations.txt,32620,51.0346,4.1039,,,,1.57,0.059,,verschieden
580,G,"Deokjeokdo Jinri, South Korea",harmonics/classic/harmonics-1997-05-25_mod.txt,38368,37.2265,126.1559,,,,0.00,0.042,,gleich
580,G,"Deokjeokdo Jinri, South Korea",harmonics/utide/harmonics_utide_tidetables.txt,298415,37.2265,126.1559,,37.2333,126.1500,0.00,0.042,,gleich
581,G,"Deschaillons-sur-Saint-Laurent, Québec, Canada",harmonics/utide/harmonics_utide_observations.txt,47467,46.5610,-72.1062,,,,0.00,0.052,,gleich
581,G,"Deschaillons-sur-Saint-Laurent, Québec, Canada",harmonics/utide/harmonics_utide_tidetables.txt,273793,46.5610,-72.1062,,,,0.00,0.052,,gleich
582,G,"Deshimatsu, Yamaguchi, Japan",harmonics/ticon/harmonics_ticon4_worldwide.txt,49160,33.9246,130.9271,,,,0.01,0.005,,gleich
582,G,"Deshimatsu, Yamaguchi, Japan",harmonics/utide/harmonics_utide_observations.txt,100029,33.9246,130.9271,,,,0.01,0.005,,gleich
583,H,"Devonport, Tasmania, Australia",harmonics/noaa/harmonics_noaa_cptt.txt,251707,-41.1652,146.3668,1,,,0.00,0.106,,gleich
583,H,"Devonport, Tasmania, Australia",harmonics/ticon/harmonics_ticon4_worldwide.txt,49358,-41.1652,146.3668,,,,0.00,0.106,,gleich
584,N,"Dhulasar, Bangladesh",harmonics/att/harmonics_att_np203_scs.txt,15394,21.8500,90.2500,,,,1.98,0.084,,verschieden
584,N,"Kauar Char (Rabnabad Channel), Bangladesh",harmonics/utide/harmonics_utide_tidetables.txt,689214,21.8328,90.2550,,,,1.98,0.084,,verschieden
585,HLN,"Diamond Harbour, West Bengal, India",harmonics/att/harmonics_att_np203_secondary.txt,96179,22.1834,88.1899,,22.2000,88.2000,0.00,0.173,,gleich
585,HLN,"Diamond Harbour, West Bengal, India",harmonics/classic/harmonics-1997-05-25_mod.txt,10752,22.1834,88.1899,,22.1833,88.1833,0.00,0.173,,gleich
585,HLN,"Diamond Harbour, West Bengal, India",harmonics/noaa/harmonics_noaa_cptt.txt,266831,22.1834,88.1899,1,,,0.00,0.173,,gleich
586,N,"Diana Bay, Québec, Canada",harmonics/classic/harmonics-2004-06-14_mod.txt,63399,60.8667,-70.0667,,,,0.00,0.004,,gleich
586,N,"Diana Bay, Québec, Canada",harmonics/utide/harmonics_utide_tidetables.txt,665416,60.8667,-70.0667,,,,0.00,0.004,,gleich
587,N,"Diapitan Bay, Philippines",harmonics/att/harmonics_att_np203_scs.txt,76000,16.4000,122.2167,,,,0.00,0.044,,gleich
587,N,"Diapitan Bay, Aurora, Philippines",harmonics/noaa/harmonics_noaa_cptt.txt,211971,16.4000,122.2167,1,,,0.00,0.044,,gleich
588,N,"Didamar (Little Quoin Island), Oman",harmonics/att/harmonics_att_np203_secondary.txt,62869,26.4781,56.5380,,,,0.00,0.066,,gleich
588,N,"Didamar (Little Quoin Island), Oman",harmonics/noaa/harmonics_noaa_cptt.txt,277388,26.4781,56.5380,1,,,0.00,0.066,,gleich
589,G,"Diego Garcia (Observatory Point), British Indian Ocean Territory",harmonics/att/harmonics_att_np203_secondary.txt,89577,-7.2330,72.4330,,,,7.72,0.022,1,gleich
589,G,"Diego Garcia, British Indian Ocean Territory",harmonics/ticon/harmonics_ticon4_worldwide.txt,49556,-7.2900,72.3930,,,,7.72,0.022,1,gleich
590,N,"Digges Harbour, Nunavut, Canada",harmonics/classic/harmonics-2004-06-14_mod.txt,63589,62.5614,-77.8698,,62.5667,-77.8667,0.00,0.000,,gleich
590,N,"Digges Harbour, Nunavut, Canada",harmonics/utide/harmonics_utide_tidetables.txt,234746,62.5614,-77.8698,,,,0.00,0.000,,gleich
591,G,"Dildo Run, Tea Kettle Island, Newfoundland, Canada",harmonics/classic/harmonics-2004-06-14_mod.txt,63778,49.4811,-54.7344,,49.4833,-54.7333,0.00,0.000,,gleich
591,G,"Dildo Run (Causeway), Newfoundland, Canada",harmonics/utide/harmonics_utide_tidetables.txt,184212,49.4811,-54.7344,,,,0.00,0.000,,gleich
592,N,"Dili, Timor-Leste",harmonics/att/harmonics_att_np203_scs.txt,133850,-8.5450,125.5780,,-8.5500,125.5667,0.00,0.037,,gleich
592,N,"Dili, Timor-Leste",harmonics/utide/harmonics_fes2022.txt,15812,-8.5450,125.5780,,,,0.00,0.037,,gleich
593,N,"Dingwall Harbour, Nova Scotia, Canada",harmonics/classic/harmonics-2004-06-14_mod.txt,63968,46.9025,-60.4580,,46.9000,-60.4667,0.00,0.007,,gleich
593,N,"Dingwall, Nova Scotia, Canada",harmonics/utide/harmonics_utide_tidetables.txt,209355,46.9025,-60.4579,,,,0.00,0.007,,gleich
594,N,"Diogué (Casamance), Senegal",harmonics/classic/harmonics-1997-05-25_mod.txt,10998,12.5706,-16.7419,,12.5667,-16.7333,0.00,0.002,,gleich
594,N,"Diogué (Casamance), Senegal",harmonics/utide/harmonics_utide_tidetables.txt,364866,12.5706,-16.7419,,,,0.00,0.002,,gleich
595,N,"Disraeli Fiord, Nunavut, Canada",harmonics/classic/harmonics-2004-06-14_mod.txt,64158,82.8833,-73.5000,,82.8833,-73.0500,0.00,0.000,,aehnlich
595,N,"Disreali Fiord, Nunavut, Canada",harmonics/utide/harmonics_utide_tidetables.txt,250001,82.8833,-73.5000,,,,0.00,0.000,,aehnlich
596,N,"Dives-sur-Mer, France",harmonics/classic/harmonics-pierre-lavergne-v10_mod.txt,4752,49.3000,-0.1000,,49.2946,-0.0923,0.00,0.002,,gleich
596,N,"Dives-sur-Mer, France",harmonics/utide/harmonics_utide_tidetables.txt,336344,49.3000,-0.1000,,,,0.00,0.002,,gleich
597,N,"Dixcove, Ghana",harmonics/att/harmonics_att_np208_secondary.txt,35385,4.7937,-1.9461,,,,0.00,0.056,,gleich
597,N,"Dixcove, Ghana",harmonics/noaa/harmonics_noaa_eutt.txt,27899,4.7937,-1.9461,1,,,0.00,0.056,,gleich
598,N,"Djibouti (Gulf of Aden), Djibouti",harmonics/att/harmonics_att_np203_secondary.txt,46730,11.6080,43.1400,,,,0.00,0.043,,gleich
598,N,"Djibouti (Gulf of Aden), Djibouti",harmonics/noaa/harmonics_noaa_cptt.txt,280725,11.6080,43.1400,1,,,0.00,0.043,,gleich
598,N,"Djibouti (Gulf of Aden), Djibouti",harmonics/ticon/harmonics_ticon4_worldwide.txt,50360,11.6080,43.1400,,,,0.00,0.043,,gleich
599,N,"Do Son, Vietnam",harmonics/classic/harmonics-1997-05-25_mod.txt,11120,20.6721,106.8090,,20.6667,106.8000,0.64,0.027,,verschieden
599,N,"Hon Dau, Vietnam",harmonics/utide/harmonics_utide_observations.txt,201195,20.6685,106.8138,,20.6670,106.8170,0.64,0.027,,verschieden
600,H,"Dobo, Indonesia",harmonics/att/harmonics_att_np203_scs.txt,135208,-5.7500,134.2333,,,,1.84,0.152,,gleich
600,H,"Dobo, Wamar Island, Aru Islands, Indonesia",harmonics/noaa/harmonics_noaa_cptt.txt,156463,-5.7500,134.2167,1,,,1.84,0.152,,gleich
601,N,"Dobroe Nachalo Bay (Iturup), Kuril Islands, Russia",harmonics/classic/harmonics-2004-06-14_mod.txt,181730,44.7651,147.1884,,44.7667,147.2000,0.93,0.042,,verschieden
601,N,"Naibo Wan, Russia",harmonics/noaa/harmonics_noaa_cptt.txt,43366,44.7667,147.2000,1,,,0.93,0.042,,verschieden
602,N,"Dog Island No 2, New Zealand",harmonics/utide/harmonics_utide_tidetables.txt,544877,-46.6493,168.4098,,,,0.38,0.033,,verschieden
602,N,"Dog Island, New Zealand",harmonics/utide/harmonics_utide_tidetables.txt,552757,-46.6526,168.4112,,,,0.38,0.033,,verschieden
603,N,"Doha (Ad Dawhah), Qatar",harmonics/att/harmonics_att_np203.txt,19408,25.2945,51.5313,,,,0.00,0.024,,gleich
603,N,"Doha (Ad Dawhah), Qatar",harmonics/classic/harmonics-1997-05-25_mod.txt,1948,25.2945,51.5313,,25.3000,51.5167,0.00,0.024,,gleich
604,N,"Doi (Suo-Oshima), Yamaguchi, Japan",harmonics/classic/harmonics-2004-06-14_mod.txt,64549,33.9180,132.3058,,33.9167,132.3000,0.55,0.075,,verschieden
604,N,"Yashiro Jima, Yamaguchi, Japan",harmonics/noaa/harmonics_noaa_cptt.txt,64481,33.9167,132.3000,1,,,0.55,0.075,,verschieden
605,N,"Donaghadee, Northern Ireland, United Kingdom",harmonics/noaa/harmonics_noaa_eutt.txt,74048,54.6450,-5.5310,1,,,0.00,0.050,,gleich
605,N,"Donaghadee, Northern Ireland, United Kingdom",harmonics/utide/harmonics_utide_tidetables.txt,438865,54.6450,-5.5310,,,,0.00,0.050,,gleich
606,N,"Dongfang, Hainan, China",harmonics/ticon/harmonics_ticon4_worldwide.txt,50563,19.1000,108.6170,,,,0.03,0.007,,gleich
606,N,"Dongfang (Basuo), Hainan, China",harmonics/utide/harmonics_utide_tidetables.txt,662515,19.1000,108.6167,,,,0.03,0.007,,gleich
607,H,"Dongfeng Gang, Shandong, China",harmonics/noaa/harmonics_noaa_cptt.txt,104408,38.2500,118.1667,1,,,0.00,0.111,,gleich
607,H,"Dongfenggang, Shandong, China",harmonics/utide/harmonics_utide_tidetables.txt,652031,38.2500,118.1667,,,,0.00,0.111,,gleich
608,N,"Donggala, Indonesia",harmonics/att/harmonics_att_np203_scs.txt,113282,-0.6667,119.7500,,,,1.86,0.025,,gleich
608,N,"Donggala, Borneo, Indonesia",harmonics/noaa/harmonics_noaa_cptt.txt,159612,-0.6667,119.7333,1,,,1.86,0.025,,gleich
609,H,"Dordrecht (Oude Maas / Beneden Merwede), Netherlands",harmonics/noaa/harmonics_noaa_eutt.txt,81133,51.8200,4.6710,1,,,0.00,0.138,,gleich
609,H,"Dordrecht (Oude Maas / Beneden Merwede), Netherlands",harmonics/utide/harmonics_utide_observations.txt,150086,51.8200,4.6710,,,,0.00,0.138,,gleich
610,N,"Douala (Cameroon River), Cameroon",harmonics/att/harmonics_att_np208.txt,19019,4.0410,9.6760,,,,0.02,0.057,,gleich
610,N,"Douala (Cameroon River), Cameroon",harmonics/classic/harmonics-1997-05-25_mod.txt,11243,4.0408,9.6760,,4.0500,9.6667,0.02,0.057,,gleich
610,N,"Douala (Cameroon River), Cameroon",harmonics/utide/harmonics_utide_tidetables.txt,336539,4.0408,9.6760,,,,0.02,0.057,,gleich
611,N,"Douarnenez, France",harmonics/classic/harmonics-pierre-lavergne-v10_mod.txt,13159,48.0993,-4.3214,,,,0.00,0.018,,gleich
611,N,"Douarnenez, France",harmonics/utide/harmonics_utide_tidetables.txt,336734,48.0993,-4.3214,,48.1000,-4.3167,0.00,0.018,,gleich
612,N,"Double Island, Myanmar",harmonics/att/harmonics_att_np203_scs.txt,20050,15.8722,97.5850,,15.8667,97.5833,0.00,0.053,,gleich
612,N,"Double Island, Myanmar",harmonics/noaa/harmonics_noaa_cptt.txt,263867,15.8722,97.5850,1,,,0.00,0.053,,gleich
613,H,"Douglas, Isle of Man",harmonics/noaa/harmonics_noaa_eutt.txt,69302,54.1475,-4.4679,1,,,0.00,0.135,,gleich
613,H,"Douglas, Isle of Man",harmonics/utide/harmonics_utide_tidetables.txt,439450,54.1475,-4.4679,,,,0.00,0.135,,gleich
614,N,"Dreger Harbour, Papua New Guinea",harmonics/classic/harmonics-1997-05-25_mod.txt,27942,-6.6429,147.8598,,-6.6500,147.8833,2.71,0.016,,gleich
614,N,"Dreger Harbour, Papua New Guinea",harmonics/classic/harmonics-2004-06-14_mod.txt,65132,-6.6429,147.8598,,-6.6500,147.8667,2.71,0.016,,gleich
614,N,"Dreger Harbour, Papua New Guinea (2)",harmonics/utide/harmonics_utide_tidetables.txt,674547,-6.6500,147.8833,,,,2.71,0.016,,gleich
615,H,"Drummore, Scotland, United Kingdom",harmonics/noaa/harmonics_noaa_eutt.txt,69896,54.6925,-4.8915,1,,,0.00,0.104,,gleich
615,H,"Drummore, Scotland, United Kingdom",harmonics/utide/harmonics_utide_tidetables.txt,439840,54.6925,-4.8915,,,,0.00,0.104,,gleich
616,G,"Dubai (Mina Rashid), United Arab Emirates",harmonics/att/harmonics_att_np203.txt,17116,25.2650,55.2832,,,,4.01,0.076,1,gleich
616,G,"Dubai (Al Maktoum Bridge), United Arab Emirates",harmonics/att/harmonics_att_np203_secondary.txt,63649,25.2514,55.3201,,,,4.01,0.076,1,gleich
617,N,"Dublar Char Lighthouse (Pasur River), Bangladesh",harmonics/att/harmonics_att_np203_scs.txt,15006,21.7196,89.5678,,21.7333,89.5500,0.00,0.059,,gleich
617,N,"Dublar Char Lighthouse (Pasur River), Bangladesh",harmonics/classic/harmonics-1997-05-25_mod.txt,29906,21.7196,89.5678,,21.7167,89.5500,0.00,0.059,,gleich
617,N,"Dublar Char Lighthouse (Pasur River), Bangladesh",harmonics/noaa/harmonics_noaa_cptt.txt,266245,21.7196,89.5678,1,,,0.00,0.059,,gleich
618,N,"Dublon Island, Truk Islands, Micronesia",harmonics/noaa/harmonics_noaa_cptt.txt,219891,7.3667,151.8833,1,,,2.66,0.061,,verschieden
618,N,"Tonowas (Dublon Island), Chuuk, Micronesia",harmonics/utide/harmonics_utide_tidetables.txt,675129,7.3730,151.8600,,7.3667,151.5500,2.66,0.061,,verschieden
619,N,"Dubréka, Guinea",harmonics/att/harmonics_att_np208_secondary.txt,29969,9.7937,-13.5254,,,,0.00,0.075,,gleich
619,N,"Dubréka, Guinea",harmonics/noaa/harmonics_noaa_eutt.txt,31606,9.7937,-13.5254,1,,,0.00,0.075,,gleich
620,N,"Duck Pier, outside, North Carolina",harmonics/classic/harmonics-2004-06-14_mod.txt,65897,36.1833,-75.7467,,,,0.00,0.019,,verschieden
620,N,"FRF Pier, Duck, North Carolina",harmonics/classic/harmonics-dwf-20251228-free.txt,81023,36.1833,-75.7467,,,,0.00,0.019,,verschieden
621,H,"Duiven Island, Indonesia",harmonics/att/harmonics_att_np203_scs.txt,125694,-8.0333,114.4667,,,,0.00,0.150,,verschieden
621,H,"Tabuan Island, Bali Strait, Bali, Indonesia",harmonics/noaa/harmonics_noaa_cptt.txt,153079,-8.0333,114.4667,1,,,0.00,0.150,,verschieden
622,N,"Dumaguete, Negros Oriental, Philippines",harmonics/noaa/harmonics_noaa_cptt.txt,192474,9.3000,123.3000,1,,,1.81,0.056,,aehnlich
622,N,"Dumaguete City, Negros Oriental, Philippines",harmonics/utide/harmonics_utide_tidetables.txt,316085,9.3125,123.3105,,,,1.81,0.056,,aehnlich
623,N,"Dumbarton Bridge, San Francisco Bay, California",harmonics/classic/harmonics-2004-06-14_mod.txt,66087,37.5067,-122.1150,,,,0.76,0.062,,aehnlich
623,N,"Dumbarton Bridge, San Francisco Bay, California (2)",harmonics/classic/harmonics-2004-06-14_mod.txt,66282,37.5000,-122.1167,,,,0.76,0.062,,aehnlich
623,N,"Dumbarton Highway Bridge, San Francisco Bay, California",harmonics/classic/harmonics-dwf-20251228-free.txt,182242,37.5067,-122.1150,,,,0.76,0.062,,aehnlich
624,N,"Dunbar, Scotland, United Kingdom",harmonics/noaa/harmonics_noaa_eutt.txt,56581,56.0059,-2.5169,1,,,0.00,0.051,,gleich
624,N,"Dunbar, Scotland, United Kingdom",harmonics/utide/harmonics_utide_tidetables.txt,440811,56.0059,-2.5169,,,,0.00,0.051,,gleich
625,GN,"Dundalk (pile light), Ireland",harmonics/noaa/harmonics_noaa_eutt.txt,74832,53.9667,-6.2833,1,,,8.08,0.044,1,gleich
625,GN,"Dundalk, Ireland",harmonics/ticon/harmonics_ticon4_worldwide.txt,51558,54.0080,-6.3850,,,,8.08,0.044,1,gleich
625,GN,"Dundalk, Ireland",harmonics/utide/harmonics_utide_tidetables.txt,441392,54.0080,-6.3850,,,,8.08,0.044,1,gleich
626,N,"Dundee, Scotland, United Kingdom",harmonics/classic/harmonics-1997-05-25_mod.txt,11489,56.4624,-2.9509,,56.4667,-2.9500,0.02,0.035,,gleich
626,N,"Dundee, Tay River, Scotland, United Kingdom",harmonics/noaa/harmonics_noaa_eutt.txt,55785,56.4622,-2.9510,1,,,0.02,0.035,,gleich
626,N,"Dundee, Scotland, United Kingdom",harmonics/utide/harmonics_utide_tidetables.txt,441587,56.4624,-2.9509,,,,0.02,0.035,,gleich
627,N,"Dungeness, England, United Kingdom",harmonics/noaa/harmonics_noaa_eutt.txt,60555,50.9105,0.9684,1,,,0.00,0.060,,gleich
627,N,"Dungeness, England, United Kingdom",harmonics/utide/harmonics_utide_tidetables.txt,441973,50.9105,0.9684,,,,0.00,0.060,,gleich
628,N,"Dunk Island, Queensland, Australia",harmonics/classic/harmonics-2004-06-14_mod.txt,67058,-17.9333,146.1500,,,,0.00,0.069,,gleich
628,N,"Dunk Island, Queensland, Australia",harmonics/noaa/harmonics_noaa_cptt.txt,246029,-17.9333,146.1500,1,,,0.00,0.069,,gleich
629,N,"Dunkerque, France",harmonics/noaa/harmonics_noaa_eutt.txt,53989,51.0481,2.3667,1,,,0.00,0.048,,gleich
629,N,"Dunkerque, France",harmonics/utide/harmonics_utide_observations.txt,66112,51.0481,2.3667,,,,0.00,0.048,,gleich
630,N,"Duqm, Oman",harmonics/att/harmonics_att_np203_secondary.txt,57043,19.6600,57.7200,,,,0.00,0.046,,gleich
630,N,"Duqm, Oman",harmonics/utide/harmonics_utide_observations.txt,215620,19.6600,57.7200,,,,0.00,0.046,,gleich
631,N,"Durban, South Africa",harmonics/ticon/harmonics_ticon4_worldwide.txt,51756,-29.8744,31.0509,,-29.8830,31.0000,0.00,0.002,,gleich
631,N,"Durban, South Africa",harmonics/utide/harmonics_utide_observations.txt,189572,-29.8744,31.0509,,-29.8670,31.0500,0.00,0.002,,gleich
632,H,"Dusky Sound, Southland, New Zealand",harmonics/noaa/harmonics_noaa_cptt.txt,226725,-45.7833,166.5333,1,,,1.97,0.176,,verschieden
632,H,"Many Islands, New Zealand",harmonics/utide/harmonics_utide_tidetables.txt,561427,-45.7686,166.5192,,,,1.97,0.176,,verschieden
633,N,"Dzaoudzi, Comoros",harmonics/att/harmonics_att_np203_secondary.txt,37939,-12.7829,45.2539,,,,1.39,0.051,,aehnlich
633,N,"Zaudzi, Ile Mayotte, Mayotte",harmonics/noaa/harmonics_noaa_cptt.txt,289130,-12.7833,45.2667,1,,,1.39,0.051,,aehnlich
633,N,"Dzaoudzi, Mayotte",harmonics/ticon/harmonics_ticon4_worldwide.txt,51962,-12.7829,45.2539,,-12.7800,45.2570,1.39,0.051,,aehnlich
634,N,"Dún Laoghaire, Ireland",harmonics/noaa/harmonics_noaa_eutt.txt,75028,53.2978,-6.1310,1,,,0.00,0.044,,gleich
634,N,"Dun Laoghaire, Ireland",harmonics/utide/harmonics_utide_tidetables.txt,440419,53.2978,-6.1310,,,,0.00,0.044,,gleich
635,N,"East Cape, Gisborne, New Zealand",harmonics/noaa/harmonics_noaa_cptt.txt,235118,-37.6833,178.5500,1,,,0.57,0.064,,gleich
635,N,"East Cape, New Zealand",harmonics/utide/harmonics_utide_tidetables.txt,564189,-37.6806,178.5445,,,,0.57,0.064,,gleich
636,H,"East Cape, Papua New Guinea",harmonics/classic/harmonics-2004-06-14_mod.txt,67253,-10.2333,150.8833,,,,0.00,0.196,,aehnlich
636,H,"East Ape (Goschen Strait), Papua New Guinea",harmonics/noaa/harmonics_noaa_cptt.txt,240195,-10.2333,150.8833,1,,,0.00,0.196,,aehnlich
637,N,"East Loch Tarbert, Scotland, United Kingdom",harmonics/utide/harmonics_utide_observations.txt,221708,55.8645,-5.4112,,,,0.01,0.059,,gleich
637,N,"East Loch Tarbert, Scotland, United Kingdom",harmonics/utide/harmonics_utide_tidetables.txt,443131,55.8646,-5.4112,,,,0.01,0.059,,gleich
638,G,"East Quoddy Head, New Brunswick, Canada",harmonics/classic/harmonics-2004-06-14_mod.txt,68021,44.9581,-66.9006,,44.9667,-66.9000,0.00,0.000,,gleich
638,G,"East Quoddy Head, New Brunswick, Canada",harmonics/utide/harmonics_utide_tidetables.txt,157945,44.9581,-66.9006,,,,0.00,0.000,,gleich
639,H,"East Repulse Island, Queensland, Australia",harmonics/classic/harmonics-2004-06-14_mod.txt,68216,-20.5833,148.8833,,,,0.00,0.101,,gleich
639,H,"East Repulse Island, Queensland, Australia",harmonics/noaa/harmonics_noaa_cptt.txt,246613,-20.5833,148.8833,1,,,0.00,0.101,,gleich
640,N,"Eastbourne, England, United Kingdom",harmonics/noaa/harmonics_noaa_eutt.txt,60755,50.7656,0.2957,1,,,0.00,0.039,,gleich
640,N,"Eastbourne, England, United Kingdom",harmonics/utide/harmonics_utide_tidetables.txt,443324,50.7656,0.2957,,,,0.00,0.039,,gleich
641,N,"Eastham (River Mersey), England, United Kingdom",harmonics/noaa/harmonics_noaa_eutt.txt,67316,53.3228,-2.9493,1,,,0.00,0.016,,gleich
641,N,"Eastham (River Mersey), England, United Kingdom",harmonics/utide/harmonics_utide_tidetables.txt,443517,53.3228,-2.9493,,,,0.00,0.016,,gleich
642,N,"Eastmain River, Québec, Canada",harmonics/classic/harmonics-2004-06-14_mod.txt,69368,52.2319,-78.5598,,52.2500,-78.5500,0.00,0.000,,gleich
642,N,"Eastmain River, Québec, Canada",harmonics/utide/harmonics_utide_tidetables.txt,281915,52.2319,-78.5598,,,,0.00,0.000,,gleich
643,N,"Eden, New South Wales, Australia",harmonics/noaa/harmonics_noaa_cptt.txt,251119,-37.0712,149.9083,1,,,0.00,0.046,,gleich
643,N,"Eden, New South Wales, Australia",harmonics/ticon/harmonics_ticon4_worldwide.txt,52962,-37.0712,149.9083,,,,0.00,0.046,,gleich
644,N,"Edithburgh, South Australia, Australia",harmonics/classic/harmonics-2004-06-14_mod.txt,70331,-35.0833,137.7500,,,,0.00,0.075,,aehnlich
644,N,"Edithburg, Gulf of St. Vincent, South Australia, Australia",harmonics/noaa/harmonics_noaa_cptt.txt,254831,-35.0833,137.7500,1,,,0.00,0.075,,aehnlich
645,G,"Eemshaven, Netherlands",harmonics/ticon/harmonics_ticon4_worldwide.txt,53160,53.4487,6.8284,,,,2.89,0.025,,gleich
645,G,"Eemshaven, haven, Netherlands",harmonics/utide/harmonics_utide_observations.txt,150670,53.4487,6.8284,,,,2.89,0.025,,gleich
645,G,"Eemshaven, Waddenzee, Netherlands",harmonics/utide/harmonics_utide_observations.txt,150863,53.4744,6.8217,,,,2.89,0.025,,gleich
646,N,"Eider-Sperrwerk (Binnenpegel), Germany",harmonics/ticon/harmonics_ticon4_worldwide.txt,53358,54.2659,8.8496,,,,0.00,0.097,,gleich
646,N,"Eider-Sperrwerk (Binnenpegel), Germany",harmonics/utide/harmonics_utide_observations.txt,73409,54.2659,8.8496,,,,0.00,0.097,,gleich
647,N,"El Jadida, Morocco",harmonics/noaa/harmonics_noaa_eutt.txt,35142,33.2556,-8.4998,1,,,0.00,0.043,,gleich
647,N,"El Jadida (Mazagan), Morocco",harmonics/utide/harmonics_utide_tidetables.txt,337516,33.2556,-8.4998,,,,0.00,0.043,,gleich
648,N,"El Marsa (Laayoune), Western Sahara",harmonics/att/harmonics_att_np208_secondary.txt,22788,27.0932,-13.4264,,,,0.00,0.026,,gleich
648,N,"El Marsa (Laayoune), Western Sahara",harmonics/utide/harmonics_utide_tidetables.txt,337319,27.0932,-13.4264,,,,0.00,0.026,,gleich
649,N,"El Porvenir, Panama",harmonics/ticon/harmonics_ticon4_worldwide.txt,53560,9.5582,-78.9492,,9.5580,-78.9480,0.00,0.002,,gleich
649,N,"El Porvenir, Panama",harmonics/utide/harmonics_utide_observations.txt,176903,9.5582,-78.9492,,,,0.00,0.002,,gleich
650,N,"Elbow Cay, Cay Sal Bank, Bahamas",harmonics/classic/harmonics-2004-06-14_mod.txt,71113,23.9528,-80.4451,,23.9500,-80.4667,2.22,0.063,,gleich
650,N,"Elbow Cay (Cay Sal Bank), Bahamas",harmonics/noaa/harmonics_noaa_carib.txt,15765,23.9500,-80.4667,,,,2.22,0.063,,gleich
651,N,"Elephant Point, Myanmar",harmonics/att/harmonics_att_np203_scs.txt,19468,16.4614,96.3192,,16.4833,96.3000,0.01,0.090,,gleich
651,N,"Elephant Point (Thaunggon), Myanmar",harmonics/classic/harmonics-1997-05-25_mod.txt,31005,16.4615,96.3192,,16.4833,96.3000,0.01,0.090,,gleich
651,N,"Elephant Point, Rangoon River, Myanmar",harmonics/noaa/harmonics_noaa_cptt.txt,264259,16.4615,96.3192,1,,,0.01,0.090,,gleich
651,N,"Elephant Point (Thaunggon), Myanmar",harmonics/utide/harmonics_utide_tidetables.txt,670267,16.4615,96.3192,,16.4833,96.3000,0.01,0.090,,gleich
652,N,"Eleuthera Island (east coast), Bahamas",harmonics/classic/harmonics-2004-06-14_mod.txt,71503,24.9333,-76.1500,,,,0.00,0.061,,gleich
652,N,"Eleuthera Island (East Coast), Bahamas",harmonics/noaa/harmonics_noaa_carib.txt,17299,24.9333,-76.1500,,,,0.00,0.061,,gleich
653,N,"Eleuthera Island (west coast), Bahamas",harmonics/classic/harmonics-2004-06-14_mod.txt,71698,25.2500,-76.3167,,,,0.00,0.058,,gleich
653,N,"Eleuthera Island (West Coast), Bahamas",harmonics/noaa/harmonics_noaa_carib.txt,17108,25.2500,-76.3167,,,,0.00,0.058,,gleich
654,N,"Elsfleth (Weser), Germany",harmonics/noaa/harmonics_noaa_eutt.txt,84078,53.2640,8.4814,1,,,0.01,0.062,,gleich
654,N,"Elsfleth (Weser), Germany",harmonics/utide/harmonics_utide_observations.txt,204578,53.2639,8.4814,,,,0.01,0.062,,gleich
655,N,"Emden (Neue Seeschleuse), Germany",harmonics/classic/harmonics-dwf-20070318_mod.txt,15420,53.3369,7.1864,,,,0.01,0.030,,gleich
655,N,"Emden (Neue Seeschleuse), Germany",harmonics/utide/harmonics_utide_observations.txt,73991,53.3368,7.1863,,,,0.01,0.030,,gleich
656,H,"Ende, Indonesia",harmonics/att/harmonics_att_np203_scs.txt,132096,-8.7833,121.4000,,,,0.00,0.124,,gleich
656,H,"Ende Bay, Sumba, Indonesia",harmonics/noaa/harmonics_noaa_cptt.txt,155461,-8.7833,121.4000,1,,,0.00,0.124,,gleich
657,N,"Eno Ura, Shizuoka, Japan",harmonics/noaa/harmonics_noaa_cptt.txt,53156,35.0167,138.8833,1,,,0.64,0.036,,verschieden
657,N,"Uchiura, Shizuoka, Japan",harmonics/ticon/harmonics_ticon4_worldwide.txt,198977,35.0172,138.8903,,,,0.64,0.036,,verschieden
657,N,"Uchiura, Shizuoka, Japan",harmonics/utide/harmonics_utide_observations.txt,139092,35.0172,138.8903,,,,0.64,0.036,,verschieden
658,N,"Ensenada, Todos Santos Bay, Baja California, Mexico",harmonics/noaa/harmonics_noaa_amtt.txt,116834,31.8500,-116.6333,1,,,1.48,0.039,,gleich
658,N,"Ensenada, Baja California, Mexico",harmonics/ticon/harmonics_ticon4_worldwide.txt,53959,31.8483,-116.6178,,31.8500,-116.6330,1.48,0.039,,gleich
658,N,"Ensenada, Baja California, Mexico",harmonics/utide/harmonics_utide_observations.txt,142427,31.8483,-116.6178,,31.8500,-116.6330,1.48,0.039,,gleich
659,G,"Eran Bay, Philippines",harmonics/att/harmonics_att_np203_scs.txt,62800,9.0500,117.7333,,,,5.20,0.054,1,gleich
659,G,"Eran Bay, Palawan, Philippines",harmonics/noaa/harmonics_noaa_cptt.txt,183598,9.0833,117.7000,1,,,5.20,0.054,1,gleich
660,N,"Erquy, France",harmonics/classic/harmonics-pierre-lavergne-v10_mod.txt,8859,48.6392,-2.4902,,48.6345,-2.4783,0.00,0.006,,gleich
660,N,"Erquy, France",harmonics/utide/harmonics_utide_tidetables.txt,337906,48.6392,-2.4902,,,,0.00,0.006,,gleich
661,L,"Esaki, Yamaguchi, Japan",harmonics/ticon/harmonics_ticon4_worldwide.txt,185922,34.6416,131.6449,,34.6275,131.6047,4.00,0.038,1,verschieden
661,L,"Susa, Yamaguchi, Japan",harmonics/utide/harmonics_utide_observations.txt,133627,34.6275,131.6047,,,,4.00,0.038,1,verschieden
662,N,"Esashi (Hiyama), Hokkaido, Japan",harmonics/ticon/harmonics_ticon4_worldwide.txt,54159,41.8706,140.1256,,,,0.01,0.006,,gleich
662,N,"Esashi (Hiyama), Hokkaido, Japan",harmonics/utide/harmonics_utide_observations.txt,100613,41.8706,140.1256,,,,0.01,0.006,,gleich
663,N,"Esashi, Hokkaido, Japan",harmonics/ticon/harmonics_ticon4_worldwide.txt,54357,44.9386,142.5892,,,,0.00,0.006,,gleich
663,N,"Esashi, Hokkaido, Japan",harmonics/utide/harmonics_utide_observations.txt,100417,44.9386,142.5892,,,,0.00,0.006,,gleich
664,N,"Esbjerg, Denmark",harmonics/ticon/harmonics_ticon4_worldwide.txt,54560,55.4667,8.4333,,,,0.83,0.012,,aehnlich
664,N,"Esbjerg Havn I, Denmark",harmonics/utide/harmonics_utide_observations.txt,53806,55.4602,8.4397,,,,0.83,0.012,,aehnlich
665,N,"Esperanza (Hope Bay, Antarctica), Antártida Argentina, Argentina",harmonics/ticon/harmonics_ticon4_worldwide.txt,54963,-63.3950,-56.9950,,,,0.61,0.014,,verschieden
665,N,"Esperanza (Hope Bay, Antarctica), Antártida Argentina, Argentina",harmonics/utide/harmonics_utide_observations.txt,16636,-63.3950,-56.9950,,,,0.61,0.014,,verschieden
665,N,"Base Esperanza (Bahía Esperanza), Antártida Argentina, Argentina",harmonics/utide/harmonics_utide_tidetables.txt,604686,-63.4000,-57.0000,,,,0.61,0.014,,verschieden
666,N,"Esquimalt Harbour, British Columbia, Canada",harmonics/utide/harmonics_utide_tidetables.txt,96654,48.4404,-123.4498,,,,1.23,0.008,,verschieden
666,N,"Esquimalt Government Hbr., British Columbia, Canada",harmonics/utide/harmonics_utide_tidetables.txt,96847,48.4320,-123.4390,,,,1.23,0.008,,verschieden
667,N,"Essaouira, Morocco",harmonics/att/harmonics_att_np208_secondary.txt,22209,31.5057,-9.7750,,,,0.00,0.025,,gleich
667,N,"Essaouira, Morocco",harmonics/utide/harmonics_utide_tidetables.txt,338101,31.5057,-9.7750,,,,0.00,0.025,,gleich
668,N,"Estancia, Philippines",harmonics/att/harmonics_att_np203_scs.txt,66876,11.4667,123.1500,,,,0.00,0.032,,gleich
668,N,"Estancia, Capiz, Philippines",harmonics/noaa/harmonics_noaa_cptt.txt,189772,11.4667,123.1500,1,,,0.00,0.032,,gleich
669,N,"Eugene Island, north of, Louisiana",harmonics/classic/harmonics-dwf-20251228-free.txt,158576,29.3675,-91.3839,,,,0.48,0.017,,gleich
669,N,"Eugene Island, Atchafalaya Bay, Louisiana",harmonics/classic/harmonics-dwf-20251228-free.txt,273458,29.3717,-91.3850,,,,0.48,0.017,,gleich
670,N,"Europoort, Harmsenbrug, Netherlands",harmonics/utide/harmonics_utide_observations.txt,151249,51.9018,4.2109,,,,1.75,0.031,,verschieden
670,N,"Rozenburgsesluis, zuidzijde, Netherlands",harmonics/utide/harmonics_utide_observations.txt,160545,51.8912,4.2298,,,,1.75,0.031,,verschieden
671,N,"Europoort, Hartelbrug, Netherlands",harmonics/utide/harmonics_utide_observations.txt,151442,51.8663,4.3078,,,,1.87,0.010,,verschieden
671,N,"Spijkenisse, Oude Maas, Netherlands",harmonics/utide/harmonics_utide_observations.txt,161898,51.8617,4.3340,,,,1.87,0.010,,verschieden
672,N,"Exmouth Dock, England, United Kingdom",harmonics/classic/harmonics_literature.txt,16754,50.6167,-3.4242,,,,0.00,0.001,,aehnlich
672,N,"Exmouth, England, United Kingdom",harmonics/utide/harmonics_utide_observations.txt,198038,50.6167,-3.4242,,50.6174,-3.4236,0.00,0.001,,aehnlich
673,N,"Eyemouth, Scotland, United Kingdom",harmonics/utide/harmonics_utide_observations.txt,219404,55.8728,-2.0864,,,,0.00,0.029,,gleich
673,N,"Eyemouth, Scotland, United Kingdom",harmonics/utide/harmonics_utide_tidetables.txt,444482,55.8728,-2.0864,,,,0.00,0.029,,gleich
674,N,"Fair Isle, Scotland, United Kingdom",harmonics/classic/harmonics-1997-05-25_mod.txt,11733,59.5382,-1.6041,,59.5500,-1.6333,0.00,0.049,,gleich
674,N,"Fair Isle, Scotland, United Kingdom",harmonics/utide/harmonics_utide_tidetables.txt,444675,59.5382,-1.6041,,,,0.00,0.049,,gleich
675,GN,"Fairview Terminal, British Columbia, Canada",harmonics/utide/harmonics_utide_observations.txt,40455,54.2903,-130.3599,,,,1.63,0.009,,verschieden
675,GN,"Fairview Terminal, British Columbia, Canada",harmonics/utide/harmonics_utide_tidetables.txt,146738,54.2903,-130.3599,,,,1.63,0.009,,verschieden
675,GN,"Casey Cove, British Columbia, Canada",harmonics/utide/harmonics_utide_tidetables.txt,146931,54.2790,-130.3760,,,,1.63,0.009,,verschieden
676,H,"Fajã de Água (Brava), Cape Verde",harmonics/att/harmonics_att_np208_secondary.txt,20277,14.8704,-24.7321,,,,0.00,0.406,1,gleich
676,H,"Fajã de Água (Brava), Cape Verde",harmonics/noaa/harmonics_noaa_eutt.txt,15785,14.8704,-24.7321,1,,,0.00,0.406,1,gleich
677,N,"Falmouth, England, United Kingdom",harmonics/classic/harmonics-1997-05-25_mod.txt,11855,50.1558,-5.0493,,50.1515,-5.0595,0.00,0.025,,gleich
677,N,"Falmouth, England, United Kingdom",harmonics/utide/harmonics_utide_tidetables.txt,444868,50.1558,-5.0493,,,,0.00,0.025,,gleich
678,N,"False Point, Odisha, India",harmonics/att/harmonics_att_np203.txt,31864,20.3556,86.7978,,20.3300,86.7900,0.00,0.050,,gleich
678,N,"False Point, Odisha, India",harmonics/noaa/harmonics_noaa_cptt.txt,267417,20.3556,86.7978,1,,,0.00,0.050,,gleich
679,H,"Famagusta, Cyprus",harmonics/att/harmonics_att_np208.txt,34679,35.1234,33.9484,,35.1170,33.9500,0.00,0.224,,gleich
679,H,"Famagusta, Cyprus",harmonics/noaa/harmonics_noaa_eutt.txt,37298,35.1234,33.9484,1,,,0.00,0.224,,gleich
680,H,"Fang-yuan, Taiwan",harmonics/att/harmonics_att_np204_secondary.txt,37903,23.9167,120.3000,,,,0.00,0.163,,aehnlich
680,H,"Fang-yuan Po-ti, Taiwan",harmonics/noaa/harmonics_noaa_cptt.txt,118515,23.9167,120.3000,1,,,0.00,0.163,,aehnlich
681,N,"Fare, Huahine, French Polynesia",harmonics/ticon/harmonics_ticon4_worldwide.txt,77201,-16.7216,-151.0324,,,,0.55,0.025,,verschieden
681,N,"Mouillage de Fare, French Polynesia",harmonics/utide/harmonics_utide_tidetables.txt,599080,-16.7167,-151.0333,,,,0.55,0.025,,verschieden
682,N,"Farewell, Newfoundland, Canada",harmonics/classic/harmonics-2004-06-14_mod.txt,75364,49.5556,-54.4777,,49.5500,-54.4667,0.00,0.000,,gleich
682,N,"Farewell, Newfoundland, Canada",harmonics/utide/harmonics_utide_tidetables.txt,183826,49.5556,-54.4777,,,,0.00,0.000,,gleich
683,G,"Farge (Weser), Germany",harmonics/noaa/harmonics_noaa_eutt.txt,84274,53.2047,8.5102,1,,,0.00,0.067,,gleich
683,G,"Farge (Weser), Germany",harmonics/utide/harmonics_utide_observations.txt,204776,53.2047,8.5102,,,,0.00,0.067,,gleich
684,H,"Farmington River, Liberia",harmonics/att/harmonics_att_np208_secondary.txt,32870,6.1489,-10.3742,,,,0.70,0.278,1,verschieden
684,H,"Marshall, Junk River, Liberia",harmonics/noaa/harmonics_noaa_eutt.txt,29454,6.1524,-10.3795,1,,,0.70,0.278,1,verschieden
685,G,"Felixstowe, England, United Kingdom",harmonics/ticon/harmonics_ticon4_worldwide.txt,56762,51.9577,1.3466,,,,0.00,0.004,,gleich
685,G,"Felixstowe, England, United Kingdom",harmonics/utide/harmonics_utide_observations.txt,193132,51.9577,1.3466,,,,0.00,0.004,,gleich
686,N,"Fengcheng, Shandong, China",harmonics/att/harmonics_att_np204_secondary.txt,34805,36.6833,121.2333,,,,0.00,0.057,,verschieden
686,N,"Haiyang [Haiyanghsein], Shandong, China",harmonics/noaa/harmonics_noaa_cptt.txt,109288,36.6833,121.2333,1,,,0.00,0.057,,verschieden
687,N,"Fenit (Tralee), Ireland",harmonics/ticon/harmonics_ticon4_worldwide.txt,56960,52.2696,-9.8621,,,,0.00,0.072,,gleich
687,N,"Fenit (Tralee), Ireland",harmonics/utide/harmonics_utide_tidetables.txt,445837,52.2696,-9.8621,,,,0.00,0.072,,gleich
688,H,"Fenoarivo Atsinanana (Fénérive), Madagascar",harmonics/att/harmonics_att_np203_secondary.txt,31146,-17.3765,49.4139,,,,0.00,0.140,,gleich
688,H,"Fenoarivo Atsinanana (Fénérive), Madagascar",harmonics/noaa/harmonics_noaa_cptt.txt,287962,-17.3765,49.4139,1,,,0.00,0.140,,gleich
689,N,"Fermeuse, Newfoundland, Canada",harmonics/classic/harmonics-2004-06-14_mod.txt,75554,46.9647,-52.9381,,46.9667,-52.9667,0.00,0.000,,gleich
689,N,"Fermeuse, Newfoundland, Canada",harmonics/utide/harmonics_utide_tidetables.txt,177071,46.9647,-52.9381,,,,0.00,0.000,,gleich
690,N,"Ferry Slip, Dyckman Street, Hudson River, New York",harmonics/classic/harmonics-dwf-20251228-free.txt,53216,40.8683,-73.9333,,,,1.31,0.039,,verschieden
690,N,"Spuyten Duyvil Creek entrance, Hudson River, New York",harmonics/classic/harmonics-dwf-20251228-free.txt,270080,40.8783,-73.9250,,,,1.31,0.039,,verschieden
691,H,"Ferryside (River Towy), Wales, United Kingdom",harmonics/noaa/harmonics_noaa_eutt.txt,65332,51.7692,-4.3704,1,,,0.00,0.327,1,gleich
691,H,"Ferryside (River Towy), Wales, United Kingdom",harmonics/utide/harmonics_utide_tidetables.txt,446030,51.7692,-4.3704,,,,0.00,0.327,1,gleich
692,N,"Fidra (North Berwick), Scotland, United Kingdom",harmonics/noaa/harmonics_noaa_eutt.txt,56381,56.0740,-2.7846,1,,,0.00,0.080,,gleich
692,N,"Fidra (North Berwick), Scotland, United Kingdom",harmonics/utide/harmonics_utide_tidetables.txt,446609,56.0740,-2.7846,,,,0.00,0.080,,gleich
693,N,"Fieldsboro, Delaware River, New Jersey",harmonics/classic/harmonics-dwf-20251228-free.txt,62082,40.1367,-74.7367,,,,1.29,0.055,,verschieden
693,N,"Newbold, Delaware River, Pennsylvania",harmonics/classic/harmonics-dwf-20251228-free.txt,63268,40.1373,-74.7518,,,,1.29,0.055,,verschieden
694,N,"Finneid (Fauske), Norway",harmonics/att/harmonics_att_np202_secondary.txt,57848,67.2543,15.4278,,,,0.00,0.075,,gleich
694,N,"Finneid (Fauske), Norway",harmonics/noaa/harmonics_noaa_eutt.txt,89555,67.2543,15.4278,1,,,0.00,0.075,,gleich
695,N,"Finnsbu, Greenland",harmonics/classic/harmonics-1997-05-25_mod.txt,11977,63.4000,-41.2833,,,,0.00,0.060,,gleich
695,N,"Finnsbu, Greenland",harmonics/noaa/harmonics_noaa_amtt.txt,58384,63.4000,-41.2833,1,,,0.00,0.060,,gleich
696,G,"Fins (Makalla Wabar), Oman",harmonics/att/harmonics_att_np203_secondary.txt,59185,22.9001,59.2236,,,,8.16,0.044,1,gleich
696,G,"Fins (Ras Ash Shajer), Oman",harmonics/att/harmonics_att_np203_secondary.txt,59378,22.9657,59.1879,,,,8.16,0.044,1,gleich
697,H,"Finsch Islands, Greenland",harmonics/noaa/harmonics_noaa_amtt.txt,37763,73.9833,-21.1333,1,,,0.00,0.149,,gleich
697,H,"Finsch Islands, Greenland",harmonics/utide/harmonics_utide_tidetables.txt,666580,73.9833,-21.1333,,,,0.00,0.149,,gleich
698,N,"Fishing Rock, New Zealand",harmonics/ticon/harmonics_ticon4_worldwide.txt,57764,-29.2511,-177.9039,,-29.2500,177.9000,0.00,0.034,,gleich
698,N,"Fishing Rock, New Zealand",harmonics/utide/harmonics_utide_tidetables.txt,587842,-29.2511,-177.9039,,,,0.00,0.034,,gleich
699,N,"Flat Island, Nova Scotia, Canada",harmonics/classic/harmonics-2004-06-14_mod.txt,76903,43.5091,-66.0035,,43.5000,-66.0000,0.09,0.008,,gleich
699,N,"Flat Island, Nova Scotia, Canada",harmonics/utide/harmonics_utide_tidetables.txt,210711,43.5097,-66.0028,,,,0.09,0.008,,gleich
700,G,"Fleetwood (River Wyre), England, United Kingdom",harmonics/noaa/harmonics_noaa_eutt.txt,67712,53.9273,-3.0059,1,,,0.00,0.047,,gleich
700,G,"Fleetwood (River Wyre), England, United Kingdom",harmonics/utide/harmonics_utide_tidetables.txt,447383,53.9273,-3.0059,,,,0.00,0.047,,gleich
701,N,"Flinders Island, Queensland, Australia",harmonics/classic/harmonics-2004-06-14_mod.txt,77293,-14.1667,144.2500,,-14.1667,144.1667,1.86,0.048,,verschieden
701,N,"Stanley Island, Queensland, Australia",harmonics/utide/harmonics_utide_tidetables.txt,31253,-14.1500,144.2500,,,,1.86,0.048,,verschieden
702,G,"Flinders Reef, Coral Sea, Australia",harmonics/classic/harmonics-2004-06-14_mod.txt,77485,-17.8667,148.5667,,,,19.30,0.037,1,gleich
702,G,"Flinders Reef, Queensland, Australia",harmonics/utide/harmonics_utide_tidetables.txt,65044,-17.7333,148.4500,,,,19.30,0.037,1,gleich
703,N,"Florø, Norway",harmonics/att/harmonics_att_np202_secondary.txt,65026,61.6012,5.0328,,,,0.00,0.022,,gleich
703,N,"Florø, Norway",harmonics/noaa/harmonics_noaa_eutt.txt,88971,61.6012,5.0328,1,,,0.00,0.022,,gleich
704,N,"Flower's Cove, Newfoundland, Canada",harmonics/classic/harmonics-2004-06-14_mod.txt,78254,51.2999,-56.7352,,51.3000,-56.7333,0.00,0.000,,gleich
704,N,"Flower's Cove, Newfoundland, Canada",harmonics/utide/harmonics_utide_tidetables.txt,199086,51.2999,-56.7352,,,,0.00,0.000,,gleich
705,N,"Folkestone, England, United Kingdom",harmonics/noaa/harmonics_noaa_eutt.txt,60355,51.0760,1.1955,1,,,0.00,0.035,,gleich
705,N,"Folkestone, England, United Kingdom",harmonics/utide/harmonics_utide_tidetables.txt,447769,51.0760,1.1955,,51.0627,1.1278,0.00,0.035,,gleich
706,H,"Forcados (Forcados River), Nigeria",harmonics/att/harmonics_att_np208_secondary.txt,38489,5.3643,5.4368,,,,0.00,0.798,1,gleich
706,H,"Forcados (Forcados River), Nigeria",harmonics/noaa/harmonics_noaa_eutt.txt,26323,5.3643,5.4368,1,,,0.00,0.798,1,gleich
707,H,"Forcados River Bar (Niger Delta), Nigeria",harmonics/att/harmonics_att_np208_secondary.txt,38294,5.3830,5.2170,,,,0.00,0.788,1,gleich
707,H,"Forcados River Bar (Niger Delta), Nigeria",harmonics/noaa/harmonics_noaa_eutt.txt,26123,5.3830,5.2170,1,,,0.00,0.788,1,gleich
708,N,"Ford Harbour, Labrador, Canada",harmonics/classic/harmonics-2004-06-14_mod.txt,78444,56.4664,-61.1923,,56.4500,-61.2000,0.00,0.000,,gleich
708,N,"Ford Harbour, Labrador, Canada",harmonics/utide/harmonics_utide_tidetables.txt,195987,56.4664,-61.1923,,,,0.00,0.000,,gleich
709,N,"Fort Conger, Discovery Harbour, Ellesmere Island, Nunavut, Canada",harmonics/classic/harmonics-2004-06-14_mod.txt,78823,81.7333,-64.7333,,,,0.00,0.000,,verschieden
709,N,"Discovery Harbour, Nunavut, Canada",harmonics/utide/harmonics_utide_tidetables.txt,230110,81.7333,-64.7333,,,,0.00,0.000,,verschieden
710,K,"Fort Cézon (Landéda), France",harmonics/noaa/harmonics_noaa_eutt.txt,52411,48.6060,-4.5855,1,,,1.99,0.011,,verschieden
710,K,"L'Aber Wrac'h, France",harmonics/utide/harmonics_utide_tidetables.txt,344151,48.5982,-4.5612,,48.5983,-4.5617,1.99,0.011,,verschieden
711,N,"Fort Dension, New South Wales, Australia",harmonics/ticon/harmonics_ticon4_worldwide.txt,186533,-33.8547,151.2258,,,,0.00,0.009,,aehnlich
711,N,"Fort Denison, New South Wales, Australia",harmonics/utide/harmonics_utide_observations.txt,21378,-33.8547,151.2258,,,,0.00,0.009,,aehnlich
712,N,"Fort-de-France, Martinique",harmonics/utide/harmonics_utide_observations.txt,48841,14.6019,-61.0636,,,,0.00,0.004,,gleich
712,N,"Fort-de-France, Martinique",harmonics/utide/harmonics_utide_observations.txt,55826,14.6019,-61.0636,,,,0.00,0.004,,gleich
713,G,"Forteau Bay, Labrador, Canada",harmonics/noaa/harmonics_noaa_amtt.txt,19786,51.4500,-56.8833,1,,,5.32,0.033,1,gleich
713,G,"Forteau Bay (Strait of Bell Isle), Labrador, Canada",harmonics/utide/harmonics_utide_tidetables.txt,198310,51.4694,-56.9535,,,,5.32,0.033,1,gleich
714,N,"Fourchu, Nova Scotia, Canada",harmonics/classic/harmonics-2004-06-14_mod.txt,79779,45.7170,-60.2452,,45.7167,-60.2500,0.01,0.006,,gleich
714,N,"Fourchu, Nova Scotia, Canada",harmonics/utide/harmonics_utide_tidetables.txt,210905,45.7171,-60.2452,,,,0.01,0.006,,gleich
715,G,"Fowey, England, United Kingdom",harmonics/noaa/harmonics_noaa_eutt.txt,63340,50.3359,-4.6331,1,,,0.00,0.038,,gleich
715,G,"Fowey, England, United Kingdom",harmonics/utide/harmonics_utide_tidetables.txt,449125,50.3359,-4.6331,,,,0.00,0.038,,gleich
716,N,"Fox Island, Miramich, New Brunswick, Canada",harmonics/classic/harmonics-2004-06-14_mod.txt,79969,47.1135,-65.0431,,47.1167,-65.0500,0.00,0.000,,verschieden
716,N,"Fox Island Range Light, New Brunswick, Canada",harmonics/utide/harmonics_utide_tidetables.txt,166254,47.1135,-65.0431,,,,0.00,0.000,,verschieden
717,N,"Franklin Bay, Northwest Territories, Canada",harmonics/classic/harmonics-2004-06-14_mod.txt,80159,69.9500,-126.9167,,,,0.00,0.000,,gleich
717,N,"Franklin Bay, Northwest Territories, Canada",harmonics/utide/harmonics_utide_tidetables.txt,227401,69.9500,-126.9167,,,,0.00,0.000,,gleich
718,H,"Frederiksdal, Greenland",harmonics/att/harmonics_att_np202_secondary.txt,97450,60.0000,-44.6667,,,,0.00,0.287,1,gleich
718,H,"Frederiksdal, Greenland",harmonics/noaa/harmonics_noaa_amtt.txt,58983,60.0000,-44.6667,1,,,0.00,0.287,1,gleich
719,G,"Freeport Harbor, Texas",harmonics/classic/harmonics-2004-06-14_mod.txt,80352,28.9467,-95.3083,,,,0.18,0.098,,gleich
719,G,"Freeport, DOW Barge Canal, Texas",harmonics/classic/harmonics-dwf-20251228-free.txt,169102,28.9483,-95.3083,,,,0.18,0.098,,gleich
720,GN,"Freetown, Sierra Leone",harmonics/att/harmonics_att_np208.txt,17109,8.4920,-13.2750,,,,0.06,0.059,,gleich
720,GN,"Freetown, Sierra Leone",harmonics/classic/harmonics-1997-05-25_mod.txt,12345,8.4925,-13.2747,,8.5000,-13.2333,0.06,0.059,,gleich
720,GN,"Freetown, Sierra Leone",harmonics/noaa/harmonics_noaa_eutt.txt,30822,8.4920,-13.2750,1,,,0.06,0.059,,gleich
720,GN,"Freetown, Sierra Leone",harmonics/utide/harmonics_utide_tidetables.txt,667745,8.4925,-13.2747,,8.5000,-13.2333,0.06,0.059,,gleich
721,N,"Fresh Creek, Andros Island, Bahamas",harmonics/classic/harmonics-2004-06-14_mod.txt,80547,24.7256,-77.7854,,24.7333,-77.8000,0.00,0.045,,gleich
721,N,"Fresh Creek, Andros Island, Bahamas",harmonics/noaa/harmonics_noaa_carib.txt,15958,24.7256,-77.7854,,24.7333,-77.8000,0.00,0.045,,gleich
722,N,"Friday Harbor, San Juan Channel, Washington (2)",harmonics/classic/harmonics-2004-06-14_mod.txt,80737,48.5500,-123.0000,,,,1.06,0.008,,gleich
722,N,"Friday Harbor, San Juan Island, San Juan Channel, Washington",harmonics/classic/harmonics-dwf-20251228-free.txt,206502,48.5453,-123.0125,,,,1.06,0.008,,gleich
723,L,"Friedrichstadt (Eider Strassenbrücke), Germany",harmonics/ticon/harmonics_ticon4_worldwide.txt,59757,54.3688,9.0950,,54.3701,9.0957,0.00,0.172,,gleich
723,L,"Friedrichstadt (Eider Strassenbrücke), Germany",harmonics/utide/harmonics_utide_observations.txt,74573,54.3688,9.0950,,,,0.00,0.172,,gleich
724,L,"Fujairah, United Arab Emirates",harmonics/att/harmonics_att_np203.txt,18262,25.1642,56.3588,,25.1619,56.3584,0.00,0.132,,gleich
724,L,"Fujairah, United Arab Emirates",harmonics/classic/harmonics-1997-05-25_mod.txt,2563,25.1642,56.3588,,25.1333,56.3500,0.00,0.132,,gleich
725,N,"Fukahorimachi Nagasaki, Nagasaki, Japan",harmonics/classic/harmonics-2004-06-14_mod.txt,110914,32.6851,129.8181,,32.6833,129.8170,0.24,0.037,,verschieden
725,N,"Fukahori, Nagasaki, Japan",harmonics/noaa/harmonics_noaa_cptt.txt,293046,32.6833,129.8167,1,,,0.24,0.037,,verschieden
726,N,"Fukaura, Aomori, Japan",harmonics/ticon/harmonics_ticon4_worldwide.txt,59959,40.6472,139.9264,,,,0.00,0.010,,gleich
726,N,"Fukaura, Aomori, Japan",harmonics/utide/harmonics_utide_observations.txt,100811,40.6472,139.9264,,,,0.00,0.010,,gleich
727,N,"Fukue (Fukue-jima), Nagasaki, Japan",harmonics/ticon/harmonics_ticon4_worldwide.txt,60159,32.6961,128.8494,,,,0.01,0.005,,gleich
727,N,"Fukue (Fukue-jima), Nagasaki, Japan",harmonics/utide/harmonics_utide_observations.txt,101007,32.6961,128.8494,,,,0.01,0.005,,gleich
728,HL,"Fukuike (Naruto), Tokushima, Japan",harmonics/classic/harmonics-2004-06-14_mod.txt,15360,34.2336,134.6374,,34.2333,134.6330,0.38,0.179,,verschieden
728,HL,"Ajiro, Naruto, Tokushima, Japan",harmonics/noaa/harmonics_noaa_cptt.txt,59031,34.2333,134.6333,1,,,0.38,0.179,,verschieden
728,HL,"Aziro, Tokushima, Japan",harmonics/noaa/harmonics_noaa_cptt.txt,59616,34.2333,134.6333,1,,,0.38,0.179,,verschieden
729,N,"Fukuoka Wan, Fukuoka, Japan",harmonics/noaa/harmonics_noaa_cptt.txt,75643,33.6000,130.3833,1,,,3.07,0.089,1,aehnlich
729,N,"Fukuoka (Hakata), Fukuoka, Japan",harmonics/ticon/harmonics_ticon4_worldwide.txt,67778,33.6186,130.4078,,,,3.07,0.089,1,aehnlich
729,N,"Fukuoka (Hakata), Fukuoka, Japan",harmonics/utide/harmonics_utide_observations.txt,102764,33.6186,130.4078,,,,3.07,0.089,1,aehnlich
730,K,"Fukura, Hyogo, Japan",harmonics/classic/harmonics-2004-06-14_mod.txt,111686,34.2483,134.7085,,34.2500,134.7000,0.80,0.030,,aehnlich
730,K,"Fukura Ura, Awaji, Hyogo, Japan",harmonics/noaa/harmonics_noaa_cptt.txt,59224,34.2500,134.7000,1,,,0.80,0.030,,aehnlich
731,N,"Fukushima (Yoshioka), Hokkaido, Japan",harmonics/ticon/harmonics_ticon4_worldwide.txt,211225,41.4445,140.2383,,,,0.01,0.004,,gleich
731,N,"Fukushima (Yoshioka), Hokkaido, Japan",harmonics/utide/harmonics_utide_observations.txt,142032,41.4445,140.2383,,,,0.01,0.004,,gleich
732,N,"Funakata, Chiba, Japan",harmonics/classic/harmonics-2004-06-14_mod.txt,113419,35.0228,139.8459,,35.0333,139.8500,0.77,0.051,,verschieden
732,N,"Tateyama Wan, Chiba, Japan",harmonics/noaa/harmonics_noaa_cptt.txt,51393,35.0167,139.8500,1,,,0.77,0.051,,verschieden
733,N,"Funauki Wan (Iriomote), Okinawa, Japan",harmonics/classic/harmonics-2004-06-14_mod.txt,113805,24.3365,123.7291,,24.3333,123.7330,0.55,0.080,,aehnlich
733,N,"Funauke, Iriomote Jima, Okinawa, Japan",harmonics/noaa/harmonics_noaa_cptt.txt,80954,24.3333,123.7333,1,,,0.55,0.080,,aehnlich
734,N,"Funchal, Madeira, Portugal",harmonics/ticon/harmonics_ticon4_worldwide.txt,60569,32.6447,-16.9107,,32.6430,-16.9130,0.02,0.004,,gleich
734,N,"Funchal, Madeira, Portugal",harmonics/utide/harmonics_utide_observations.txt,184051,32.6447,-16.9109,,32.6447,-16.9064,0.02,0.004,,gleich
735,N,"Furuecho (Kanoya), Kagoshima, Japan",harmonics/classic/harmonics-2004-06-14_mod.txt,132285,31.4000,130.7670,,,,1.86,0.045,,aehnlich
735,N,"Furue Ko, Kagoshima Kaiwan, Kagoshima, Japan",harmonics/noaa/harmonics_noaa_cptt.txt,70777,31.3833,130.7667,1,,,1.86,0.045,,aehnlich
736,N,"Futami, Okinawa, Japan",harmonics/classic/harmonics-2004-06-14_mod.txt,273668,26.5497,128.0350,,26.5500,128.0330,0.17,0.069,,verschieden
736,N,"Sukku, Ora Wan, Okinawa, Japan",harmonics/noaa/harmonics_noaa_cptt.txt,79575,26.5500,128.0333,1,,,0.17,0.069,,verschieden
737,N,"Futo (Ito), Shizuoka, Japan",harmonics/ticon/harmonics_ticon4_worldwide.txt,82003,34.8956,139.1330,,,,0.01,0.004,,gleich
737,N,"Futo (Ito), Shizuoka, Japan",harmonics/utide/harmonics_utide_observations.txt,106670,34.8956,139.1330,,,,0.01,0.004,,gleich
738,HN,"Fuwayrit (Jabal al Fuwayrit), Qatar",harmonics/att/harmonics_att_np203.txt,33588,26.0510,51.3591,,,,0.77,0.197,,verschieden
738,HN,"Jabal al Fuwayrit, Qatar",harmonics/att/harmonics_att_np203_secondary.txt,70420,26.0500,51.3667,,,,0.77,0.197,,verschieden
738,HN,"Fuwayrit (Jabal al Fuwayrit), Qatar",harmonics/noaa/harmonics_noaa_cptt.txt,276992,26.0510,51.3591,1,,,0.77,0.197,,verschieden
739,N,"Gabo Island, Victoria, Australia",harmonics/classic/harmonics-2004-06-14_mod.txt,82634,-37.5667,149.9167,,,,0.00,0.060,,gleich
739,N,"Gabo Island, Victoria, Australia",harmonics/noaa/harmonics_noaa_cptt.txt,251314,-37.5667,149.9167,1,,,0.00,0.060,,gleich
740,N,"Gabriola Pass, British Columbia, Canada",harmonics/classic/harmonics-2004-06-14_mod.txt,82823,49.1291,-123.7043,,49.1333,-123.7167,1.02,0.001,,verschieden
740,N,"Degnen Bay, British Columbia, Canada",harmonics/utide/harmonics_utide_tidetables.txt,102267,49.1333,-123.7167,,,,1.02,0.001,,verschieden
741,N,"Gabès, Tunisia",harmonics/classic/harmonics_literature.txt,15198,33.8954,10.1166,,,,0.02,0.100,,gleich
741,N,"Gabès, Tunisia",harmonics/noaa/harmonics_noaa_eutt.txt,36117,33.8952,10.1166,1,,,0.02,0.100,,gleich
742,H,"Gading, Indonesia",harmonics/att/harmonics_att_np203_scs.txt,127636,-7.2000,112.9167,,,,0.00,0.102,,gleich
742,H,"Gading, Madura Island, Java, Indonesia",harmonics/noaa/harmonics_noaa_cptt.txt,152292,-7.2000,112.9167,1,,,0.00,0.102,,gleich
743,N,"Gakiya (Iheya), Okinawa, Japan",harmonics/classic/harmonics-2004-06-14_mod.txt,83214,27.0361,127.9684,,27.0333,127.9670,1.55,0.071,,gleich
743,N,"Gakiya, Iheya Jima, Okinawa, Japan",harmonics/noaa/harmonics_noaa_cptt.txt,79378,27.0500,127.9667,1,,,1.55,0.071,,gleich
744,N,"Galle, Sri Lanka",harmonics/att/harmonics_att_np203_secondary.txt,90544,6.0320,80.2189,,6.0330,80.2170,0.00,0.095,,gleich
744,N,"Galle, Sri Lanka",harmonics/classic/harmonics-1997-05-25_mod.txt,12467,6.0320,80.2189,,6.0333,80.2167,0.00,0.095,,gleich
744,N,"Galle, Sri Lanka",harmonics/noaa/harmonics_noaa_cptt.txt,269556,6.0320,80.2189,1,6.0333,80.2167,0.00,0.095,,gleich
745,H,"Gallinas River, Sierra Leone",harmonics/att/harmonics_att_np208_secondary.txt,32482,7.0000,-11.6500,,,,0.00,0.163,,verschieden
745,H,"Kerefe River, Liberia",harmonics/noaa/harmonics_noaa_eutt.txt,29844,7.0000,-11.6500,1,,,0.00,0.163,,verschieden
746,N,"Gallo Malo Channel, Philippines",harmonics/att/harmonics_att_np203_scs.txt,87836,5.1333,120.2333,,,,0.00,0.081,,gleich
746,N,"Gallo Malo Channel, south entrance, Tawi-Tawi, Philippines",harmonics/noaa/harmonics_noaa_cptt.txt,168359,5.1333,120.2333,1,,,0.00,0.081,,gleich
747,N,"Galveston (Galveston Channel), Texas",harmonics/classic/harmonics-2004-06-14_mod.txt,83410,29.3100,-94.7933,,,,0.00,0.008,,aehnlich
747,N,"Galveston Pier 21, Galveston Channel, Texas",harmonics/classic/harmonics-dwf-20251228-free.txt,167900,29.3100,-94.7933,,,,0.00,0.008,,aehnlich
748,G,"Galveston Bay entrance, north jetty, Texas",harmonics/classic/harmonics-dwf-20251228-free.txt,167306,29.3575,-94.7247,,,,4.58,0.093,1,gleich
748,G,"Galveston Bay entrance, south jetty, Texas",harmonics/classic/harmonics-dwf-20251228-free.txt,167696,29.3267,-94.6933,,,,4.58,0.093,1,gleich
749,G,"Gamagori, Aichi, Japan",harmonics/classic/harmonics-2004-06-14_mod.txt,83790,34.8160,137.2290,,34.8167,137.2330,0.40,0.068,,gleich
749,G,"Gamagori, Mikawa Wan, Aichi, Japan",harmonics/noaa/harmonics_noaa_cptt.txt,53744,34.8167,137.2333,1,,,0.40,0.068,,gleich
750,N,"Gannet Rock, Nova Scotia, Canada",harmonics/classic/harmonics-2004-06-14_mod.txt,84369,44.5107,-66.7817,,44.5167,-66.7833,0.00,0.000,,gleich
750,N,"Gannet Rock, New Brunswick, Canada",harmonics/utide/harmonics_utide_tidetables.txt,157173,44.5107,-66.7817,,,,0.00,0.000,,gleich
751,G,"Gaoqiao, Shanghai, China",harmonics/noaa/harmonics_noaa_cptt.txt,114755,31.3667,121.5833,1,,,2.44,0.054,,gleich
751,G,"Gaoqiao, Shanghai, China",harmonics/utide/harmonics_utide_tidetables.txt,659597,31.3500,121.5667,,,,2.44,0.054,,gleich
752,N,"Garcia Hernandez, Philippines",harmonics/att/harmonics_att_np203_scs.txt,69592,9.6167,124.3000,,,,0.00,0.067,,gleich
752,N,"Garcia Hernandez, Bohol, Philippines",harmonics/noaa/harmonics_noaa_cptt.txt,196334,9.6167,124.3000,1,,,0.00,0.067,,gleich
753,N,"Garnet Point, Maine",harmonics/classic/harmonics-2004-06-14_mod.txt,84748,44.9167,-67.1167,,,,1.28,0.028,,gleich
753,N,"Garnet Point, Hersey Neck, Pennamquan River, Cobscook Bay, Maine",harmonics/classic/harmonics-dwf-20251228-free.txt,19689,44.9233,-67.1300,,,,1.28,0.028,,gleich
754,HN,"Gaspé, Québec, Canada",harmonics/classic/harmonics-2004-06-14_mod.txt,85126,48.8273,-64.4752,,48.8333,-64.4833,0.89,0.320,1,aehnlich
754,HN,"Gaspé, Québec, Canada",harmonics/classic/harmonics-2004-06-14_mod.txt,245429,48.8273,-64.4752,,48.8333,-64.4833,0.89,0.320,1,aehnlich
754,HN,"GaspÖ Bay, Québec, Canada",harmonics/noaa/harmonics_noaa_amtt.txt,29504,48.8333,-64.4833,1,,,0.89,0.320,1,aehnlich
755,N,"Gavan Sibir, Russia",harmonics/att/harmonics_att_np204_secondary.txt,25546,60.4500,166.2333,,,,0.00,0.076,,verschieden
755,N,"Sibir Harbor, Russia",harmonics/noaa/harmonics_noaa_cptt.txt,23309,60.4500,166.2333,1,,,0.00,0.076,,verschieden
756,G,"Geelong, Port Phillip, Victoria, Australia",harmonics/noaa/harmonics_noaa_cptt.txt,253262,-38.1167,144.4167,1,,,5.49,0.065,1,gleich
756,G,"Geelong (Corio Bay), Victoria, Australia",harmonics/ticon/harmonics_ticon4_worldwide.txt,61977,-38.1443,144.3646,,,,5.49,0.065,1,gleich
757,H,"Genteng (Westbaai), Indonesia",harmonics/att/harmonics_att_np203_scs.txt,124724,-7.4000,106.4000,,,,0.00,0.123,,gleich
757,H,"Genteng Bay, Java, Indonesia",harmonics/noaa/harmonics_noaa_cptt.txt,153471,-7.4000,106.4000,1,,,0.00,0.123,,gleich
758,HN,"Georgetown, Ascension Island",harmonics/att/harmonics_att_np208.txt,21311,-7.9251,-14.4141,,-7.9170,-14.4170,0.00,0.146,,gleich
758,HN,"Georgetown, Ascension Island",harmonics/noaa/harmonics_noaa_eutt.txt,15591,-7.9251,-14.4141,1,,,0.00,0.146,,gleich
758,HN,"Georgetown, Ascension Island",harmonics/ticon/harmonics_ticon4_worldwide.txt,22681,-7.9251,-14.4141,,-7.9170,-14.4170,0.00,0.146,,gleich
759,G,"Georgetown, Guyana",harmonics/noaa/harmonics_noaa_amtt.txt,40966,6.8000,-58.1667,1,,,3.70,0.071,1,gleich
759,G,"Georgetown, Guyana",harmonics/utide/harmonics_utide_tidetables.txt,668713,6.8333,-58.1667,,,,3.70,0.071,1,gleich
760,N,"Gibara, Cuba",harmonics/ticon/harmonics_ticon4_worldwide.txt,62783,21.1170,-76.1170,,,,0.00,0.000,,gleich
760,N,"Gibara, Cuba",harmonics/utide/harmonics_utide_observations.txt,49636,21.1170,-76.1170,,,,0.00,0.000,,gleich
761,N,"Gibsons, British Columbia, Canada",harmonics/classic/harmonics-1997-05-25_mod.txt,12585,49.4007,-123.5041,,49.4000,-123.0500,0.00,0.000,,gleich
761,N,"Gibsons, British Columbia, Canada",harmonics/classic/harmonics-2004-06-14_mod.txt,86847,49.4007,-123.5041,,49.4000,-123.5000,0.00,0.000,,gleich
761,N,"Gibsons, British Columbia, Canada",harmonics/utide/harmonics_utide_tidetables.txt,108837,49.4007,-123.5041,,,,0.00,0.000,,gleich
762,N,"Gijón (El Musel), Spain",harmonics/classic/harmonics_puertos_spain.txt,17660,43.5581,-5.6986,,,,0.00,0.034,,gleich
762,N,"Gijón (El Musel), Spain",harmonics/noaa/harmonics_noaa_eutt.txt,44162,43.5581,-5.6986,1,,,0.00,0.034,,gleich
763,H,"Girne (Kyrenia), Cyprus",harmonics/att/harmonics_att_np208.txt,34106,35.3411,33.3346,,35.3330,33.3170,0.00,0.173,,gleich
763,H,"Girne (Kyrenia), Cyprus",harmonics/noaa/harmonics_noaa_eutt.txt,37102,35.3411,33.3346,1,,,0.00,0.173,,gleich
764,N,"Girvan, Scotland, United Kingdom",harmonics/utide/harmonics_utide_observations.txt,219596,55.2440,-4.8597,,,,0.00,0.075,,gleich
764,N,"Girvan, Scotland, United Kingdom",harmonics/utide/harmonics_utide_tidetables.txt,451069,55.2440,-4.8597,,,,0.00,0.075,,gleich
765,N,"Gisborne, New Zealand",harmonics/ticon/harmonics_ticon4_worldwide.txt,63177,-38.6830,178.0330,,,,2.40,0.034,,verschieden
765,N,"Gisborne, Gisborne, New Zealand",harmonics/utide/harmonics_utide_observations.txt,166375,-38.6830,178.0330,,,,2.40,0.034,,verschieden
765,N,"Sponge Bay, New Zealand",harmonics/utide/harmonics_utide_tidetables.txt,555320,-38.7000,178.0500,,,,2.40,0.034,,verschieden
766,H,"Gizo Anchorage, Solomon Islands",harmonics/classic/harmonics-2004-06-14_mod.txt,87622,-8.1000,156.8500,,,,0.00,0.122,,verschieden
766,H,"Gizo Harbor, New Georgia Group, Solomon Islands",harmonics/noaa/harmonics_noaa_cptt.txt,238850,-8.1000,156.8500,1,,,0.00,0.122,,verschieden
767,N,"Gladstone, Port Curtis, Queensland, Australia",harmonics/noaa/harmonics_noaa_cptt.txt,248569,-23.8333,151.2500,1,,,0.00,0.068,,gleich
767,N,"Gladstone, Queensland, Australia",harmonics/ticon/harmonics_ticon4_worldwide.txt,63375,-23.8333,151.2500,,,,0.00,0.068,,gleich
768,N,"Glasgow (Broomielaw), Scotland, United Kingdom",harmonics/noaa/harmonics_noaa_eutt.txt,70490,55.8558,-4.2584,1,,,0.00,0.054,,gleich
768,N,"Glasgow (Broomielaw), Scotland, United Kingdom",harmonics/utide/harmonics_utide_tidetables.txt,451262,55.8558,-4.2584,,,,0.00,0.054,,gleich
769,N,"Gloucester Harbor (Ten Pound Island), Massachusetts",harmonics/classic/harmonics-2004-06-14_mod.txt,87816,42.6033,-70.6650,,,,0.85,0.010,,gleich
769,N,"Gloucester Harbor, Massachusetts",harmonics/classic/harmonics-dwf-20251228-free.txt,27916,42.6100,-70.6600,,,,0.85,0.010,,gleich
770,N,"Gobo, Wakayama, Japan",harmonics/ticon/harmonics_ticon4_worldwide.txt,63573,33.8512,135.1644,,33.8508,135.1644,0.00,0.002,,gleich
770,N,"Gobo, Wakayama, Japan",harmonics/utide/harmonics_utide_observations.txt,101590,33.8512,135.1644,,,,0.00,0.002,,gleich
771,N,"Gold Coast Seaway, Queensland, Australia",harmonics/ticon/harmonics_ticon4_worldwide.txt,63776,-27.9499,153.4172,,,,1.66,0.009,,verschieden
771,N,"Southport, Queensland, Australia",harmonics/utide/harmonics_utide_observations.txt,20787,-27.9648,153.4188,,,,1.66,0.009,,verschieden
771,N,"Gold Coast Operations Base, Queensland, Australia",harmonics/utide/harmonics_utide_tidetables.txt,17739,-27.9648,153.4188,,,,1.66,0.009,,verschieden
772,N,"Golfito, Golfo Dulce, Costa Rica",harmonics/noaa/harmonics_noaa_amtt.txt,114660,8.6500,-83.1833,1,,,2.26,0.041,,gleich
772,N,"Golfito, Costa Rica",harmonics/utide/harmonics_utide_observations.txt,223646,8.6359,-83.1685,,8.6400,-83.1700,2.26,0.041,,gleich
773,H,"Golownino (Iturup), Kuril Islands, Russia",harmonics/classic/harmonics-2004-06-14_mod.txt,120158,44.7153,147.3458,,44.7167,147.3500,0.37,0.101,,verschieden
773,H,"Kodnyy, Russia",harmonics/noaa/harmonics_noaa_cptt.txt,43173,44.7167,147.3500,1,,,0.37,0.101,,verschieden
774,N,"Golspie, Scotland, United Kingdom",harmonics/noaa/harmonics_noaa_eutt.txt,54189,57.9698,-3.9799,1,,,0.00,0.081,,gleich
774,N,"Golspie, Scotland, United Kingdom",harmonics/utide/harmonics_utide_tidetables.txt,452037,57.9698,-3.9799,,,,0.00,0.081,,gleich
775,N,"Gono Ura, Iki Shima, Nagasaki, Japan",harmonics/noaa/harmonics_noaa_cptt.txt,75249,33.7500,129.6833,1,,,0.85,0.086,,gleich
775,N,"Gonoura, Nagasaki, Japan",harmonics/ticon/harmonics_ticon4_worldwide.txt,64176,33.7433,129.6878,,,,0.85,0.086,,gleich
775,N,"Gonoura, Nagasaki, Japan",harmonics/utide/harmonics_utide_observations.txt,130310,33.7433,129.6878,,,,0.85,0.086,,gleich
776,N,"Goodwood River, Prince Edward Island, Canada",harmonics/classic/harmonics-2004-06-14_mod.txt,71888,46.6169,-63.9168,,46.6500,-63.9167,0.02,0.000,,gleich
776,N,"Goodwood River, Prince Edward Island, Canada",harmonics/utide/harmonics_utide_tidetables.txt,311038,46.6168,-63.9166,,,,0.02,0.000,,gleich
777,N,"Goole, England, United Kingdom",harmonics/noaa/harmonics_noaa_eutt.txt,58569,53.7019,-0.8664,1,,,0.00,0.094,,gleich
777,N,"Goole, England, United Kingdom",harmonics/utide/harmonics_utide_tidetables.txt,452230,53.7019,-0.8664,,,,0.00,0.094,,gleich
778,N,"Gopalpur, Odisha, India",harmonics/classic/harmonics_literature.txt,17928,19.2889,84.9483,,,,0.00,0.091,,gleich
778,N,"Gopalpur, Odisha, India",harmonics/noaa/harmonics_noaa_cptt.txt,267610,19.2889,84.9483,1,19.2667,84.9167,0.00,0.091,,gleich
779,N,"Gorge at Craigflower, British Columbia, Canada",harmonics/utide/harmonics_utide_tidetables.txt,98013,48.4509,-123.4215,,,,0.78,0.071,,verschieden
779,N,"Portage Inlet, British Columbia, Canada",harmonics/utide/harmonics_utide_tidetables.txt,98206,48.4571,-123.4166,,,,0.78,0.071,,verschieden
780,H,"Gorontalo, Indonesia",harmonics/att/harmonics_att_np203_scs.txt,120066,0.5000,123.0500,,,,0.00,0.433,1,aehnlich
780,H,"Gorontalo River entrance, Sulawesi, Indonesia",harmonics/noaa/harmonics_noaa_cptt.txt,159028,0.5000,123.0500,1,,,0.00,0.433,1,aehnlich
781,H,"Gosong Aru, Indonesia",harmonics/att/harmonics_att_np203_scs.txt,107462,-2.2500,116.6667,,,,0.00,0.328,1,verschieden
781,H,"Aru Bank, Borneo, Indonesia",harmonics/noaa/harmonics_noaa_cptt.txt,162157,-2.2500,116.6667,1,,,0.00,0.328,1,verschieden
782,H,"Gosong Karangmas, Indonesia",harmonics/att/harmonics_att_np203_scs.txt,125888,-7.6833,114.4333,,,,0.00,0.125,,aehnlich
782,H,"Pulau Karangmas, Madura Strait, Bali, Indonesia",harmonics/noaa/harmonics_noaa_cptt.txt,152882,-7.6833,114.4333,1,,,0.00,0.125,,aehnlich
783,N,"Goto (Wakamatsu), Nagasaki, Japan",harmonics/classic/harmonics-2004-06-14_mod.txt,310449,32.8888,129.0223,,32.8833,129.0170,0.80,0.081,,verschieden
783,N,"Wakamatsu Ura, Wakamatsu Shima, Nagasaki, Japan",harmonics/noaa/harmonics_noaa_cptt.txt,74469,32.8833,129.0167,1,,,0.80,0.081,,verschieden
784,N,"Goury, France",harmonics/classic/harmonics-pierre-lavergne-v10_mod.txt,6435,49.7152,-1.9458,,,,0.00,0.022,,gleich
784,N,"Goury, France",harmonics/utide/harmonics_utide_tidetables.txt,339858,49.7152,-1.9458,,,,0.00,0.022,,gleich
785,N,"Gqeberha (Port Elizabeth), South Africa",harmonics/noaa/harmonics_noaa_cptt.txt,286986,-33.9664,25.6335,1,,,0.00,0.027,,gleich
785,N,"Gqeberha (Port Elizabeth), South Africa",harmonics/utide/harmonics_utide_observations.txt,189175,-33.9664,25.6335,,-33.9600,25.6300,0.00,0.027,,gleich
786,N,"Grand Lahou, Ivory Coast",harmonics/att/harmonics_att_np208_secondary.txt,34999,5.1378,-4.9915,,,,0.00,0.026,,gleich
786,N,"Grand-Lahou, Ivory Coast",harmonics/noaa/harmonics_noaa_eutt.txt,28482,5.1378,-4.9915,1,,,0.00,0.026,,gleich
787,N,"Grandcamp (Entrée chenal de Carentan), France",harmonics/classic/harmonics-pierre-lavergne-v10_mod.txt,5500,49.4202,-1.0866,,49.3571,-1.1709,0.00,0.003,,gleich
787,N,"Grandcamp (Entrée chenal de Carentan), France",harmonics/utide/harmonics_utide_tidetables.txt,340053,49.4202,-1.0866,,,,0.00,0.003,,gleich
788,N,"Grangemouth (Forth River), Scotland, United Kingdom",harmonics/noaa/harmonics_noaa_eutt.txt,56183,56.0353,-3.6840,1,,,0.00,0.099,,gleich
788,N,"Grangemouth (Forth River), Scotland, United Kingdom",harmonics/utide/harmonics_utide_tidetables.txt,452616,56.0353,-3.6840,,,,0.00,0.099,,gleich
789,N,"Granville Harbour, Tasmania, Australia",harmonics/utide/harmonics_utide_tidetables.txt,41876,-41.8000,145.0167,,,,1.38,0.098,,verschieden
789,N,"Pieman River, Tasmania, Australia",harmonics/utide/harmonics_utide_tidetables.txt,72768,-41.8000,145.0000,,,,1.38,0.098,,verschieden
790,N,"Granville, France",harmonics/classic/harmonics-pierre-lavergne-v10_mod.txt,7742,48.8342,-1.6443,,48.8323,-1.6033,0.00,0.008,,gleich
790,N,"Granville, France",harmonics/utide/harmonics_utide_tidetables.txt,340443,48.8342,-1.6443,,,,0.00,0.008,,gleich
791,N,"Grapetree Bay, St. Croix, Virgin Islands",harmonics/classic/harmonics-dwf-20251228-free.txt,256520,17.7407,-64.6058,,,,1.63,0.070,,verschieden
791,N,"Teague Bay, St. Croix, Virgin Islands",harmonics/classic/harmonics-dwf-20251228-free.txt,256715,17.7550,-64.6024,,,,1.63,0.070,,verschieden
792,H,"Great Glennie Island, Victoria, Australia",harmonics/classic/harmonics-2004-06-14_mod.txt,90904,-39.0833,146.2333,,,,0.00,0.124,,gleich
792,H,"Great Glennie Island, Victoria, Australia",harmonics/noaa/harmonics_noaa_cptt.txt,252876,-39.0833,146.2333,1,,,0.00,0.124,,gleich
793,N,"Great Hill, Buzzards Bay, Massachusetts",harmonics/classic/harmonics-dwf-20251228-free.txt,32223,41.7117,-70.7150,,,,1.90,0.025,,verschieden
793,N,"Piney Point, Buzzards Bay, Massachusetts",harmonics/classic/harmonics-dwf-20251228-free.txt,32615,41.6950,-70.7200,,,,1.90,0.025,,verschieden
794,N,"Great Sound, Ireland Island, Bermuda",harmonics/classic/harmonics-1997-05-25_mod.txt,12829,32.3167,-64.8333,,,,0.64,0.035,,verschieden
794,N,"Ireland Island (Great Sound), Bermuda",harmonics/noaa/harmonics_noaa_carib.txt,15003,32.3224,-64.8342,,32.3167,-64.8333,0.64,0.035,,verschieden
795,H,"Great Yarmouth (Gorleston-On-Sea), England, United Kingdom",harmonics/noaa/harmonics_noaa_eutt.txt,59165,52.5719,1.7384,1,,,0.00,0.117,,gleich
795,H,"Great Yarmouth (Gorleston-On-Sea), England, United Kingdom",harmonics/utide/harmonics_utide_tidetables.txt,453586,52.5719,1.7384,,,,0.00,0.117,,gleich
796,N,"Greely Fiord, Nunavut, Canada",harmonics/classic/harmonics-2004-06-14_mod.txt,91094,80.6000,-79.5833,,,,0.00,0.000,,gleich
796,N,"Greely Fiord, Nunavut, Canada",harmonics/utide/harmonics_utide_tidetables.txt,249808,80.6000,-79.5833,,,,0.00,0.000,,gleich
797,G,"Greenock, Scotland, United Kingdom",harmonics/classic/harmonics-1997-05-25_mod.txt,13075,55.9575,-4.7652,,55.9667,-4.8167,0.00,0.047,,gleich
797,G,"Greenock, Scotland, United Kingdom",harmonics/utide/harmonics_utide_tidetables.txt,453779,55.9575,-4.7652,,,,0.00,0.047,,gleich
798,N,"Greifswald-Wieck, Germany",harmonics/ticon/harmonics_ticon4_worldwide.txt,65577,54.0977,13.4572,,,,0.84,0.047,,aehnlich
798,N,"Greifswald, Germany",harmonics/ticon/harmonics_ticon4_worldwide.txt,65973,54.0930,13.4470,,,,0.84,0.047,,aehnlich
799,N,"Greville Harbor, D'Urville Island, Nelson, New Zealand",harmonics/noaa/harmonics_noaa_cptt.txt,228867,-40.8667,173.8000,1,,,1.20,0.066,,verschieden
799,N,"Greville Harbour / Wharariki, New Zealand",harmonics/utide/harmonics_utide_tidetables.txt,530132,-40.8587,173.8096,,,,1.20,0.066,,verschieden
800,H,"Greymouth, Canterbury, New Zealand",harmonics/noaa/harmonics_noaa_cptt.txt,227889,-42.4333,171.2167,1,,,1.92,0.101,,gleich
800,H,"Greymouth, New Zealand",harmonics/utide/harmonics_utide_tidetables.txt,547043,-42.4456,171.2003,,,,1.92,0.101,,gleich
801,G,"Gridina, Russia",harmonics/att/harmonics_att_np202_secondary.txt,38832,65.9167,34.6833,,,,2.00,0.094,,gleich
801,G,"Gridina Bay, Russia",harmonics/noaa/harmonics_noaa_eutt.txt,101013,65.9000,34.6667,1,,,2.00,0.094,,gleich
802,N,"Grimsby, England, United Kingdom",harmonics/noaa/harmonics_noaa_eutt.txt,58171,53.5836,-0.0662,1,,,0.00,0.020,,gleich
802,N,"Grimsby, England, United Kingdom",harmonics/utide/harmonics_utide_tidetables.txt,454555,53.5836,-0.0662,,,,0.00,0.020,,gleich
803,N,"Grise Fiord, Nunavut, Canada",harmonics/classic/harmonics-2004-06-14_mod.txt,91864,76.4197,-83.1331,,76.4167,-83.0833,0.00,0.000,,gleich
803,N,"Grise Fiord, Nunavut, Canada",harmonics/utide/harmonics_utide_tidetables.txt,249036,76.4197,-83.1331,,,,0.00,0.000,,gleich
804,N,"Guantanamo Bay (US Naval Base), Cuba",harmonics/ticon/harmonics_ticon4_worldwide.txt,66578,19.9176,-75.1512,,19.9070,-75.1470,0.00,0.000,,gleich
804,N,"Guantanamo Bay (US Naval Base), Cuba",harmonics/utide/harmonics_utide_observations.txt,49834,19.9176,-75.1512,,19.9070,-75.1470,0.00,0.000,,gleich
805,H,"Guarapari, Espírito Santo, Brazil",harmonics/att/harmonics_att_np207.txt,40930,-20.6659,-40.4972,,-20.6667,-40.4833,0.00,0.131,,gleich
805,H,"Guarapari, Espírito Santo, Brazil",harmonics/noaa/harmonics_noaa_amtt.txt,47906,-20.6659,-40.4972,1,,,0.00,0.131,,gleich
806,N,"Guayaguayare Bay, Trinidad and Tobago",harmonics/att/harmonics_att_np202.txt,21534,10.1500,-61.0167,,,,0.00,0.059,,gleich
806,N,"Guayaguayare Bay, Trinidad and Tobago",harmonics/noaa/harmonics_noaa_amtt.txt,40364,10.1500,-61.0167,1,,,0.00,0.059,,gleich
807,N,"Guba Bazarnava, Russia",harmonics/att/harmonics_att_np202_secondary.txt,45820,69.7667,31.0333,,,,0.00,0.041,,aehnlich
807,N,"Guba Bazarnaya, Russia",harmonics/noaa/harmonics_noaa_eutt.txt,90145,69.7667,31.0333,1,,,0.00,0.041,,aehnlich
808,N,"Guba Belushya, Russia",harmonics/att/harmonics_att_np202_secondary.txt,28938,71.5333,52.3167,,,,0.00,0.065,,aehnlich
808,N,"Byelushya Bay, Russia",harmonics/noaa/harmonics_noaa_eutt.txt,116434,71.5333,52.3167,1,,,0.00,0.065,,aehnlich
809,N,"Guba Bol'shoy Korabel'naya, Russia",harmonics/att/harmonics_att_np202_secondary.txt,45040,69.6833,33.1000,,,,0.00,0.028,,aehnlich
809,N,"Bolshaya Korabelnaya Bay, Russia",harmonics/noaa/harmonics_noaa_eutt.txt,91117,69.6833,33.1000,1,,,0.00,0.028,,aehnlich
810,N,"Guba Gremikha, Russia",harmonics/att/harmonics_att_np202_secondary.txt,40772,68.0667,39.5000,,,,0.00,0.050,,aehnlich
810,N,"Gryemikha Bay, Russia",harmonics/noaa/harmonics_noaa_eutt.txt,97909,68.0667,39.5000,1,,,0.00,0.050,,aehnlich
811,H,"Guba Kamyenka, Russia",harmonics/att/harmonics_att_np202_secondary.txt,29326,70.6000,57.4500,,,,1.23,0.136,,aehnlich
811,H,"Kamenka Bay, Russia",harmonics/noaa/harmonics_noaa_eutt.txt,118613,70.6000,57.4167,1,,,1.23,0.136,,aehnlich
812,N,"Guba Krestovaya, Russia",harmonics/att/harmonics_att_np202_secondary.txt,28356,74.1167,55.5000,,,,0.00,0.070,,aehnlich
812,N,"Krestovaya Bay, Russia",harmonics/noaa/harmonics_noaa_eutt.txt,117819,74.1167,55.5000,1,,,0.00,0.070,,aehnlich
813,N,"Guba Lebyazh'ya, Russia",harmonics/att/harmonics_att_np204_secondary.txt,24202,54.9000,136.7667,,,,0.00,0.081,,aehnlich
813,N,"Levyazhya Bay, Feklistov Island, Russia",harmonics/noaa/harmonics_noaa_cptt.txt,27405,54.9000,136.7667,1,,,0.00,0.081,,aehnlich
814,N,"Guba Mityushikha, Russia",harmonics/att/harmonics_att_np202_secondary.txt,28550,73.6500,54.8000,,,,0.00,0.015,,aehnlich
814,N,"Mityushikha Bay, Russia",harmonics/noaa/harmonics_noaa_eutt.txt,117621,73.6500,54.8000,1,,,0.00,0.015,,aehnlich
815,N,"Guba Mogil'naya, Russia",harmonics/att/harmonics_att_np202_secondary.txt,42712,69.3167,34.3333,,,,0.00,0.025,,verschieden
815,N,"Mogilnyy Point, Kildin Island, Russia",harmonics/noaa/harmonics_noaa_eutt.txt,95775,69.3167,34.3333,1,,,0.00,0.025,,verschieden
816,N,"Guba Podpakhta, Russia",harmonics/att/harmonics_att_np202_secondary.txt,42130,69.1500,35.9333,,,,0.00,0.039,,aehnlich
816,N,"Podpakhta Bay, Russia",harmonics/noaa/harmonics_noaa_eutt.txt,96357,69.1500,35.9333,1,,,0.00,0.039,,aehnlich
817,N,"Guba Porchnikha, Russia",harmonics/att/harmonics_att_np202_secondary.txt,41936,69.0833,36.2667,,,,1.32,0.040,,aehnlich
817,N,"Porchnikha Cove, Russia",harmonics/noaa/harmonics_noaa_eutt.txt,96551,69.0833,36.3000,1,,,1.32,0.040,,aehnlich
818,H,"Guba Porya, Russia",harmonics/att/harmonics_att_np202_secondary.txt,39608,66.7667,33.8000,,,,0.00,0.114,,verschieden
818,H,"Porya Anchorage, Russia",harmonics/noaa/harmonics_noaa_eutt.txt,100237,66.7667,33.8000,1,,,0.00,0.114,,verschieden
819,N,"Guba Pushlakhta, Russia",harmonics/att/harmonics_att_np202_secondary.txt,35534,64.8167,36.5333,,,,0.00,0.094,,aehnlich
819,N,"Pushlakhta Bay, Russia",harmonics/noaa/harmonics_noaa_eutt.txt,105741,64.8167,36.5333,1,,,0.00,0.094,,aehnlich
820,N,"Guba Rynda, Russia",harmonics/att/harmonics_att_np202_secondary.txt,41742,68.9167,36.8333,,,,0.00,0.039,,aehnlich
820,N,"Rynda Bay, Russia",harmonics/noaa/harmonics_noaa_eutt.txt,96745,68.9167,36.8333,1,,,0.00,0.039,,aehnlich
821,N,"Guba Savikha, Russia",harmonics/att/harmonics_att_np202_secondary.txt,40966,68.1833,39.1167,,,,0.00,0.035,,aehnlich
821,N,"Savikha Bay, Russia",harmonics/noaa/harmonics_noaa_eutt.txt,97715,68.1833,39.1167,1,,,0.00,0.035,,aehnlich
822,N,"Guba Sayda, Russia",harmonics/att/harmonics_att_np202_secondary.txt,43100,69.2500,33.2500,,,,0.00,0.028,,aehnlich
822,N,"Sayda Bay, Russia",harmonics/noaa/harmonics_noaa_eutt.txt,93639,69.2500,33.2500,1,,,0.00,0.028,,aehnlich
823,N,"Guba Teriberskaya, Russia",harmonics/att/harmonics_att_np202_secondary.txt,42324,69.1833,35.1333,,,,0.00,0.037,,aehnlich
823,N,"Teriberka Bay, Russia",harmonics/noaa/harmonics_noaa_eutt.txt,96163,69.1833,35.1333,1,,,0.00,0.037,,aehnlich
824,N,"Guba Vayda, Russia",harmonics/att/harmonics_att_np202_secondary.txt,45428,69.9333,32.0000,,,,0.00,0.039,,verschieden
824,N,"Vaida Bay, Russia",harmonics/noaa/harmonics_noaa_eutt.txt,90729,69.9333,32.0000,1,,,0.00,0.039,,verschieden
825,N,"Guba Zapadnaya Litsa, Russia",harmonics/att/harmonics_att_np202_secondary.txt,44458,69.4833,32.5000,,,,0.00,0.028,,verschieden
825,N,"Zapadnaya Bay, Russia",harmonics/noaa/harmonics_noaa_eutt.txt,92281,69.4833,32.5000,1,,,0.00,0.028,,verschieden
826,N,"Guba Zelenetskaya Zapadnaya, Russia",harmonics/att/harmonics_att_np202_secondary.txt,42906,69.3000,33.7500,,,,0.00,0.028,,verschieden
826,N,"Zyelyenyets Bay, Russia",harmonics/noaa/harmonics_noaa_eutt.txt,95193,69.3000,33.7500,1,,,0.00,0.028,,verschieden
827,N,"Guba Zubovskaya, Russia",harmonics/att/harmonics_att_np202_secondary.txt,45234,69.7833,32.6667,,,,0.64,0.033,,aehnlich
827,N,"Zubovskaya Bay, Russia",harmonics/noaa/harmonics_noaa_eutt.txt,90923,69.7833,32.6833,1,,,0.64,0.033,,aehnlich
828,N,"Guinayangan, Philippines",harmonics/att/harmonics_att_np203_scs.txt,71920,13.9000,122.4500,,,,0.00,0.058,,gleich
828,N,"Guinayangan, Ragay Gulf, Camarines Norte, Philippines",harmonics/noaa/harmonics_noaa_cptt.txt,217568,13.9000,122.4500,1,,,0.00,0.058,,gleich
829,N,"Guinchos Cay, Bahamas",harmonics/classic/harmonics-2004-06-14_mod.txt,92247,22.7500,-78.1167,,,,0.00,0.062,,gleich
829,N,"Guinchos Cay, Bahamas",harmonics/noaa/harmonics_noaa_carib.txt,15574,22.7500,-78.1167,,,,0.00,0.062,,gleich
830,HN,"Guiuan, Philippines",harmonics/att/harmonics_att_np203_scs.txt,79882,11.0333,125.7167,,,,1.18,0.237,,gleich
830,HN,"Guiuan, Eastern Samar, Philippines",harmonics/noaa/harmonics_noaa_cptt.txt,201935,11.0432,125.7128,1,,,1.18,0.237,,gleich
830,HN,"Guiuan, Eastern Samar, Philippines",harmonics/utide/harmonics_utide_tidetables.txt,316667,11.0432,125.7128,,,,1.18,0.237,,gleich
831,N,"Gull Island, Newfoundland, Canada",harmonics/classic/harmonics-2004-06-14_mod.txt,92437,47.2621,-52.7779,,47.2667,-52.7833,0.00,0.000,,gleich
831,N,"Gull Island, Newfoundland, Canada",harmonics/utide/harmonics_utide_tidetables.txt,177457,47.2621,-52.7779,,,,0.00,0.000,,gleich
832,N,"Gulong Zui, Shandong, China",harmonics/att/harmonics_att_np204_secondary.txt,34999,36.7333,121.6333,,,,1.86,0.078,,verschieden
832,N,"Gulongzui [Niao-tsui Head], Shandong, China",harmonics/noaa/harmonics_noaa_cptt.txt,109092,36.7500,121.6333,1,,,1.86,0.078,,verschieden
833,G,"Guluwuru Island, Northern Territory, Australia",harmonics/classic/harmonics-2004-06-14_mod.txt,92632,-11.5167,136.3833,,,,5.75,0.023,1,gleich
833,G,"Guluwuru Island, Northern Territory, Australia",harmonics/utide/harmonics_utide_tidetables.txt,54423,-11.5000,136.3333,,,,5.75,0.023,1,gleich
834,H,"Ha Tien, Vietnam",harmonics/att/harmonics_att_np203_scs.txt,153454,10.3667,104.4667,,,,0.00,0.195,,gleich
834,H,"Ha Tien, Tien Giang, Vietnam",harmonics/noaa/harmonics_noaa_cptt.txt,135988,10.3667,104.4667,1,,,0.00,0.195,,gleich
835,N,"Haast River entrance, Canterbury, New Zealand",harmonics/noaa/harmonics_noaa_cptt.txt,227113,-43.8333,169.0500,1,,,2.37,0.097,,gleich
835,N,"Haast River Entrance, New Zealand",harmonics/utide/harmonics_utide_tidetables.txt,530329,-43.8545,169.0534,,,,2.37,0.097,,gleich
836,N,"Habu (Izu Oshima), Tokyo, Japan",harmonics/classic/harmonics-2004-06-14_mod.txt,93217,34.6854,139.4383,,34.6833,139.4330,0.51,0.049,,gleich
836,N,"Habu Ko, O Shima, Tokyo, Japan",harmonics/noaa/harmonics_noaa_cptt.txt,56096,34.6833,139.4333,1,,,0.51,0.049,,gleich
837,N,"Hachinohe Ko, Aomori, Japan",harmonics/noaa/harmonics_noaa_cptt.txt,292656,40.5333,141.5500,1,,,0.52,0.019,,gleich
837,N,"Hachinohe, Aomori, Japan",harmonics/ticon/harmonics_ticon4_worldwide.txt,67177,40.5353,141.5556,,,,0.52,0.019,,gleich
837,N,"Hachinohe, Aomori, Japan",harmonics/utide/harmonics_utide_observations.txt,102178,40.5353,141.5556,,,,0.52,0.019,,gleich
838,N,"Hadera (Coal Pier), Israel",harmonics/utide/harmonics_utide_observations.txt,227587,32.4705,34.8631,,,,1.84,0.012,,gleich
838,N,"Hadera Port, Israel",harmonics/utide/harmonics_utide_observations.txt,227787,32.4723,34.8826,,,,1.84,0.012,,gleich
839,N,"Haedomari, Yamaguchi, Japan",harmonics/ticon/harmonics_ticon4_worldwide.txt,67375,33.9484,130.8770,,33.9483,130.8771,0.00,0.008,,gleich
839,N,"Haedomari, Yamaguchi, Japan",harmonics/utide/harmonics_utide_observations.txt,102372,33.9484,130.8770,,,,0.00,0.008,,gleich
840,N,"Hahajima, Tokyo, Japan",harmonics/classic/harmonics-2004-06-14_mod.txt,201153,26.6370,142.1586,,26.6333,142.1500,0.95,0.054,,verschieden
840,N,"Okimura, Ogasawara Gunto, Tokyo, Japan",harmonics/noaa/harmonics_noaa_cptt.txt,56878,26.6333,142.1500,1,,,0.95,0.054,,verschieden
841,N,"Hai dang Ba Kiem, Vietnam",harmonics/att/harmonics_att_np203_scs.txt,154228,10.5000,107.5000,,,,0.00,0.085,,gleich
841,N,"Hai dang Ba Kiem, Vietnam",harmonics/noaa/harmonics_noaa_cptt.txt,134074,10.5000,107.5000,1,,,0.00,0.085,,gleich
842,G,"Haian, Guangdong, China",harmonics/noaa/harmonics_noaa_cptt.txt,126143,20.2667,110.2167,1,,,11.82,0.093,1,gleich
842,G,"Haian, Guangdong, China",harmonics/utide/harmonics_utide_tidetables.txt,644659,20.2167,110.1167,,,,11.82,0.093,1,gleich
843,N,"Haikou, Hainan, China",harmonics/ticon/harmonics_ticon4_worldwide.txt,67578,20.0234,110.2802,,20.0170,110.2830,0.81,0.014,,gleich
843,N,"Haikou (Xiuying), Hainan, China",harmonics/utide/harmonics_utide_tidetables.txt,661347,20.0167,110.2833,,,,0.81,0.014,,gleich
844,H,"Haimen Wan, Guangdong, China",harmonics/noaa/harmonics_noaa_cptt.txt,122030,23.1833,116.6167,1,,,0.00,0.128,,aehnlich
844,H,"Haimen, Guangdong, China",harmonics/utide/harmonics_utide_tidetables.txt,627607,23.1833,116.6167,,,,0.00,0.128,,aehnlich
845,HN,"Haiphong, Vietnam",harmonics/att/harmonics_att_np203_scs.txt,158696,20.8685,106.6714,,20.8667,106.6667,0.53,0.339,1,gleich
845,HN,"Haiphong, Vietnam",harmonics/classic/harmonics-1997-05-25_mod.txt,13439,20.8685,106.6714,,20.8667,106.6667,0.53,0.339,1,gleich
845,HN,"Haiphong, Cua Cam, Vietnam",harmonics/noaa/harmonics_noaa_cptt.txt,129598,20.8667,106.6667,1,,,0.53,0.339,1,gleich
846,H,"Haixin, Guangdong, China",harmonics/noaa/harmonics_noaa_cptt.txt,125174,22.9667,113.5333,1,,,0.00,0.165,,aehnlich
846,H,"Haiqin, Guangdong, China",harmonics/utide/harmonics_utide_tidetables.txt,641749,22.9667,113.5333,,,,0.00,0.165,,aehnlich
847,N,"Hajambro Creek Entrance (Keti Bandar), Pakistan",harmonics/att/harmonics_att_np203_secondary.txt,105720,24.1333,67.3667,,24.1000,67.3167,0.00,0.066,,gleich
847,N,"Hajambro Creek Entrance (Keti Bandar), Pakistan",harmonics/utide/harmonics_utide_tidetables.txt,686453,24.1333,67.3667,,,,0.00,0.066,,gleich
848,N,"Hakodate, Hokkaido, Japan",harmonics/ticon/harmonics_ticon4_worldwide.txt,67984,41.7817,140.7247,,41.7830,140.7170,0.00,0.002,,gleich
848,N,"Hakodate, Hokkaido, Japan",harmonics/utide/harmonics_utide_observations.txt,102966,41.7817,140.7247,,,,0.00,0.002,,gleich
849,GN,"Haldia, West Bengal, India",harmonics/att/harmonics_att_np203_secondary.txt,95983,22.0333,88.1000,,,,12.75,0.081,1,gleich
849,GN,"Haldia Port Lighthouse, West Bengal, India",harmonics/att/harmonics_att_np203_secondary.txt,104153,21.9458,88.0201,,21.9500,88.0167,12.75,0.081,1,gleich
849,GN,"Haldia Port Lighthouse, West Bengal, India",harmonics/utide/harmonics_utide_tidetables.txt,289849,21.9458,88.0201,,,,12.75,0.081,1,gleich
850,N,"Halifax, Nova Scotia, Canada",harmonics/ticon/harmonics_ticon4_worldwide.txt,68381,44.6591,-63.5837,,44.6670,-63.5830,0.03,0.021,,gleich
850,N,"Halifax, Nova Scotia, Canada",harmonics/utide/harmonics_utide_tidetables.txt,211489,44.6591,-63.5834,,,,0.03,0.021,,gleich
851,N,"Hall Beach, Foxe Basin, Nunavut, Canada",harmonics/classic/harmonics-2004-06-14_mod.txt,94363,68.7500,-81.2167,,,,0.00,0.000,,verschieden
851,N,"Sanirajak, Nunavut, Canada",harmonics/utide/harmonics_utide_tidetables.txt,238998,68.7500,-81.2167,,,,0.00,0.000,,verschieden
852,N,"Hall Point, Western Australia, Australia",harmonics/classic/harmonics-2004-06-14_mod.txt,94558,-15.6667,124.4000,,,,0.00,0.029,,gleich
852,N,"Hall Point, Kid Islet, Western Australia, Australia",harmonics/noaa/harmonics_noaa_cptt.txt,259124,-15.6667,124.4000,1,,,0.00,0.029,,gleich
853,G,"Halsey Harbour, Philippines",harmonics/att/harmonics_att_np203_scs.txt,63966,11.8000,119.9500,,,,2.60,0.055,,gleich
853,G,"Halsey Harbor, Culion Island, Palawan, Philippines",harmonics/noaa/harmonics_noaa_cptt.txt,187265,11.7833,119.9667,1,,,2.60,0.055,,gleich
854,N,"Hamada, Shimane, Japan",harmonics/ticon/harmonics_ticon4_worldwide.txt,68787,34.8972,132.0661,,34.9000,132.0670,0.00,0.003,,gleich
854,N,"Hamada, Shimane, Japan",harmonics/utide/harmonics_utide_observations.txt,103168,34.8972,132.0661,,,,0.00,0.003,,gleich
855,N,"Hamajimacho Hamajima, Mie, Japan",harmonics/classic/harmonics-2004-06-14_mod.txt,95137,34.2954,136.7623,,34.3000,136.7670,1.76,0.040,,verschieden
855,N,"Hamashima, Ago Wan, Mie, Japan",harmonics/noaa/harmonics_noaa_cptt.txt,54332,34.2833,136.7500,1,,,1.76,0.040,,verschieden
856,N,"Hamanaka (Kiritappu), Hokkaido, Japan",harmonics/ticon/harmonics_ticon4_worldwide.txt,93024,43.0783,145.1164,,,,0.00,0.006,,gleich
856,N,"Hamanaka (Kiritappu), Hokkaido, Japan",harmonics/utide/harmonics_utide_observations.txt,111156,43.0783,145.1164,,,,0.00,0.006,,gleich
857,N,"Hamilton Island, Nunavut, Canada",harmonics/classic/harmonics-2004-06-14_mod.txt,96851,74.1917,-99.1600,,74.2000,-99.0167,0.00,0.000,,gleich
857,N,"Hamilton Island, Nunavut, Canada",harmonics/utide/harmonics_utide_tidetables.txt,241507,74.1917,-99.1600,,,,0.00,0.000,,gleich
858,N,"Hammerfest, Norway",harmonics/ticon/harmonics_ticon4_worldwide.txt,69190,70.6648,23.6787,,70.6646,23.6832,0.00,0.003,,gleich
858,N,"Hammerfest, Norway",harmonics/utide/harmonics_utide_observations.txt,170529,70.6648,23.6787,,,,0.00,0.003,,gleich
859,N,"Hampton Roads, Virginia",harmonics/classic/harmonics-2004-06-14_mod.txt,97040,36.9467,-76.3300,,,,0.45,0.024,,verschieden
859,N,"Sewells Point, Hampton Roads, Virginia",harmonics/classic/harmonics-dwf-20251228-free.txt,79635,36.9428,-76.3286,,,,0.45,0.024,,verschieden
860,N,"Hanasaki, Hokkaido, Japan",harmonics/ticon/harmonics_ticon4_worldwide.txt,69392,43.2781,145.5678,,,,0.01,0.002,,gleich
860,N,"Hanasaki, Hokkaido, Japan",harmonics/utide/harmonics_utide_observations.txt,103366,43.2781,145.5678,,,,0.01,0.002,,gleich
861,N,"Hanga Roa, Isla de Pascua (Easter), Chile",harmonics/classic/harmonics-2004-06-14_mod.txt,97625,-27.1548,-109.4394,,-27.1667,-109.3333,0.00,0.021,,gleich
861,N,"Hanga Roa, Isla de Pascua (Easter), Chile",harmonics/ticon/harmonics_ticon4_worldwide.txt,52564,-27.1548,-109.4394,,-27.1500,-109.4480,0.00,0.021,,gleich
862,N,"Hannibal Island, Queensland, Australia",harmonics/classic/harmonics-2004-06-14_mod.txt,97820,-11.6000,142.9333,,,,0.00,0.031,,gleich
862,N,"Hannibal Island, Queensland, Australia",harmonics/noaa/harmonics_noaa_cptt.txt,244676,-11.6000,142.9333,1,,,0.00,0.031,,gleich
863,N,"Hansthal Creek, Gujarat, India",harmonics/att/harmonics_att_np203_secondary.txt,92485,22.9333,70.3500,,,,0.00,0.080,,aehnlich
863,N,"Hansthal Point, Gujarat, India",harmonics/noaa/harmonics_noaa_cptt.txt,273856,22.9333,70.3500,1,,,0.00,0.080,,aehnlich
864,N,"Hansweert, Netherlands",harmonics/noaa/harmonics_noaa_eutt.txt,80741,51.4457,3.9974,1,,,0.00,0.029,,gleich
864,N,"Hansweert, Netherlands",harmonics/utide/harmonics_utide_observations.txt,152407,51.4457,3.9974,,,,0.00,0.029,,gleich
865,H,"Hao (Bow or La Harpe) Island, French Polynesia",harmonics/noaa/harmonics_noaa_cptt.txt,221441,-18.0667,-140.9833,1,,,1.88,0.224,,gleich
865,H,"Hao (Passe Kaki), French Polynesia",harmonics/utide/harmonics_utide_tidetables.txt,341813,-18.0725,-141.0000,,,,1.88,0.224,,gleich
866,N,"Harlingen, Netherlands",harmonics/classic/harmonics-dwf-20100529-nonfree_mod.txt,15423,53.1756,5.4093,,53.1667,5.4167,0.00,0.061,,gleich
866,N,"Harlingen, Netherlands",harmonics/noaa/harmonics_noaa_eutt.txt,81925,53.1756,5.4093,1,,,0.00,0.061,,gleich
866,N,"Harlingen, Netherlands",harmonics/ticon/harmonics_ticon4_worldwide.txt,70200,53.1756,5.4093,,,,0.00,0.061,,gleich
866,N,"Harlingen, Waddenzee, Netherlands",harmonics/utide/harmonics_utide_observations.txt,152603,53.1756,5.4093,,,,0.00,0.061,,gleich
867,N,"Harmil Island, Eritrea",harmonics/att/harmonics_att_np203_secondary.txt,47900,16.5032,40.1689,,,,0.00,0.094,,gleich
867,N,"Harmil Island, Eritrea",harmonics/classic/harmonics-1997-05-25_mod.txt,13561,16.5032,40.1689,,16.4833,40.1833,0.00,0.094,,gleich
867,N,"Harmil Island, Eritrea",harmonics/noaa/harmonics_noaa_cptt.txt,280332,16.5032,40.1689,1,,,0.00,0.094,,gleich
868,H,"Harper (Cape Palmas), Liberia",harmonics/att/harmonics_att_np208_secondary.txt,34227,4.3662,-7.7292,,,,0.00,0.191,,gleich
868,H,"Harper (Cape Palmas), Liberia",harmonics/noaa/harmonics_noaa_eutt.txt,29066,4.3662,-7.7292,1,,,0.00,0.191,,gleich
869,N,"Harstad, Norway",harmonics/ticon/harmonics_ticon4_worldwide.txt,70401,68.8013,16.5482,,,,0.00,0.007,,gleich
869,N,"Harstad, Norway",harmonics/utide/harmonics_utide_observations.txt,170727,68.8013,16.5482,,,,0.00,0.007,,gleich
870,N,"Hartlepool, England, United Kingdom",harmonics/noaa/harmonics_noaa_eutt.txt,57573,54.6904,-1.1981,1,,,0.00,0.017,,gleich
870,N,"Hartlepool, England, United Kingdom",harmonics/utide/harmonics_utide_tidetables.txt,455715,54.6904,-1.1981,,,,0.00,0.017,,gleich
871,N,"Hartley Bay, British Columbia, Canada",harmonics/utide/harmonics_utide_observations.txt,40648,53.4242,-129.2519,,,,0.00,0.002,,gleich
871,N,"Hartley Bay, British Columbia, Canada",harmonics/utide/harmonics_utide_tidetables.txt,140749,53.4242,-129.2519,,,,0.00,0.002,,gleich
872,N,"Harwich, England, United Kingdom",harmonics/classic/harmonics-dwf-20100529-nonfree_mod.txt,15024,51.9479,1.2921,,,,0.01,0.008,,gleich
872,N,"Harwich, England, United Kingdom",harmonics/ticon/harmonics_ticon4_worldwide.txt,70800,51.9480,1.2921,,,,0.01,0.008,,gleich
873,N,"Hashihama, Ehime, Japan",harmonics/classic/harmonics-2004-06-14_mod.txt,98596,34.1094,132.9694,,34.1167,132.9670,1.64,0.061,,verschieden
873,N,"Hashihama, Ehime, Japan",harmonics/utide/harmonics_utide_observations.txt,103561,34.1094,132.9694,,,,1.64,0.061,,verschieden
873,N,"Imabari Kojima, Ehime, Japan",harmonics/utide/harmonics_utide_observations.txt,105505,34.1229,132.9765,,,,1.64,0.061,,verschieden
873,N,"Kurushima Koro, Ehime, Japan",harmonics/utide/harmonics_utide_observations.txt,127386,34.1167,132.9833,,,,1.64,0.061,,verschieden
874,N,"Hastings, England, United Kingdom",harmonics/classic/harmonics_literature.txt,16949,50.8509,0.5729,,,,0.01,0.003,,gleich
874,N,"Hastings, England, United Kingdom",harmonics/ticon/harmonics_ticon4_worldwide.txt,71001,50.8509,0.5728,,,,0.01,0.003,,gleich
874,N,"Hastings, England, United Kingdom",harmonics/utide/harmonics_utide_observations.txt,198234,50.8509,0.5729,,,,0.01,0.003,,gleich
875,N,"Hatfield Point, New Brunswick, Canada",harmonics/classic/harmonics-2004-06-14_mod.txt,99172,45.6138,-65.9124,,45.6500,-65.8667,0.00,0.000,,gleich
875,N,"Hatfield Point, New Brunswick, Canada",harmonics/utide/harmonics_utide_tidetables.txt,161421,45.6138,-65.9124,,,,0.00,0.000,,gleich
876,G,"Haverstraw, Hudson River, New York",harmonics/classic/harmonics-2004-06-14_mod.txt,100130,41.1967,-73.9583,,,,2.44,0.077,,gleich
876,G,"Haverstraw Bay, Hudson River, New York",harmonics/classic/harmonics-dwf-20251228-free.txt,53610,41.2183,-73.9633,,,,2.44,0.077,,gleich
877,N,"Hawks Nest Anchorage, Grand Turk, Turks Islands, Turks and Caicos Islands",harmonics/classic/harmonics-2004-06-14_mod.txt,100522,21.4234,-71.1417,,21.4333,-71.1167,2.81,0.052,,gleich
877,N,"Hawks Nest Anchorage, Turks Islands, Turks and Caicos Islands",harmonics/noaa/harmonics_noaa_carib.txt,18833,21.4333,-71.1167,,,,2.81,0.052,,gleich
878,N,"Haws Point, England, United Kingdom",harmonics/utide/harmonics_utide_tidetables.txt,456104,54.0500,-3.1667,,,,2.54,0.007,,verschieden
878,N,"Roa Island, England, United Kingdom",harmonics/utide/harmonics_utide_tidetables.txt,497904,54.0725,-3.1735,,,,2.54,0.007,,verschieden
879,HL,"Heard Island, Australia",harmonics/att/harmonics_att_np203_secondary.txt,16935,-53.0170,73.3830,,,,0.04,0.152,,gleich
879,HL,"Heard Island, Australia",harmonics/classic/harmonics-2004-06-14_mod.txt,101107,-53.0170,73.3830,,-53.0167,73.3833,0.04,0.152,,gleich
879,HL,"Heard Island (Atlas Cove), Australia",harmonics/noaa/harmonics_noaa_cptt.txt,291098,-53.0167,73.3833,1,,,0.04,0.152,,gleich
880,N,"Heart's Content, Newfoundland, Canada",harmonics/classic/harmonics-2004-06-14_mod.txt,101297,47.8709,-53.3677,,47.8667,-53.3667,0.00,0.000,,gleich
880,N,"Hearts Content, Newfoundland, Canada",harmonics/utide/harmonics_utide_tidetables.txt,179194,47.8709,-53.3677,,,,0.00,0.000,,gleich
881,N,"Heater Harbour, British Columbia, Canada",harmonics/utide/harmonics_utide_tidetables.txt,152151,52.1167,-131.0333,,,,1.73,0.005,,verschieden
881,N,"High Island, British Columbia, Canada",harmonics/utide/harmonics_utide_tidetables.txt,152344,52.1240,-131.0110,,,,1.73,0.005,,verschieden
882,N,"Heimsjøen, Norway",harmonics/ticon/harmonics_ticon4_worldwide.txt,71999,63.4252,9.1015,,,,0.00,0.004,,gleich
882,N,"Heimsjøen, Norway",harmonics/utide/harmonics_utide_observations.txt,170925,63.4252,9.1015,,,,0.00,0.004,,gleich
883,N,"Heinze Bok (Long Island), Myanmar",harmonics/att/harmonics_att_np203_scs.txt,21214,14.4041,97.7787,,14.4000,97.7833,0.00,0.041,,gleich
883,N,"Heinze Bok (Long Island), Myanmar",harmonics/noaa/harmonics_noaa_cptt.txt,263475,14.4041,97.7787,1,,,0.00,0.041,,gleich
884,N,"Helgeroa, Norway",harmonics/ticon/harmonics_ticon4_worldwide.txt,72200,58.9952,9.8564,,,,0.00,0.022,,gleich
884,N,"Helgeroa, Norway",harmonics/utide/harmonics_utide_observations.txt,171123,58.9952,9.8564,,,,0.00,0.022,,gleich
885,N,"Helgoland, Germany",harmonics/classic/harmonics-dwf-20070318_mod.txt,15627,54.1789,7.8900,,,,0.52,0.017,,gleich
885,N,"Helgoland (Binnenhafen), Germany",harmonics/utide/harmonics_utide_observations.txt,75742,54.1789,7.8899,,,,0.52,0.017,,gleich
885,N,"Helgoland (Südhafen), Germany",harmonics/utide/harmonics_utide_observations.txt,75941,54.1750,7.8943,,,,0.52,0.017,,gleich
886,N,"Herine (Erin) Bay, Trinidad and Tobago",harmonics/att/harmonics_att_np202.txt,21342,10.0712,-61.6604,,,,1.24,0.037,,aehnlich
886,N,"Erin Bay, Trinidad and Tobago",harmonics/noaa/harmonics_noaa_amtt.txt,39965,10.0667,-61.6500,1,,,1.24,0.037,,aehnlich
887,N,"Hermanus, South Africa",harmonics/att/harmonics_att_np203_secondary.txt,18479,-34.4335,19.2283,,,,0.00,0.025,,gleich
887,N,"Hermanus, South Africa",harmonics/noaa/harmonics_noaa_eutt.txt,17349,-34.4335,19.2283,1,,,0.00,0.025,,gleich
888,N,"Herne Bay, England, United Kingdom",harmonics/classic/harmonics_literature.txt,17144,51.3820,1.1158,,,,0.01,0.003,,gleich
888,N,"Herne Bay, England, United Kingdom",harmonics/ticon/harmonics_ticon4_worldwide.txt,72800,51.3820,1.1156,,51.3820,1.1155,0.01,0.003,,gleich
888,N,"Herne Bay, England, United Kingdom",harmonics/utide/harmonics_utide_observations.txt,198430,51.3820,1.1156,,,,0.01,0.003,,gleich
889,N,"Herschel Island, Yukon, Canada",harmonics/classic/harmonics-2004-06-14_mod.txt,103216,69.5703,-138.9246,,69.5667,-138.9167,0.00,0.000,,gleich
889,N,"Herschel Island, Yukon, Canada",harmonics/utide/harmonics_utide_tidetables.txt,284810,69.5703,-138.9246,,,,0.00,0.000,,gleich
890,N,"Heysham, England, United Kingdom",harmonics/classic/harmonics-dwf-20100529-nonfree_mod.txt,17844,54.0317,-2.9204,,,,0.00,0.003,,gleich
890,N,"Heysham, England, United Kingdom",harmonics/utide/harmonics_utide_observations.txt,193328,54.0317,-2.9204,,,,0.00,0.003,,gleich
891,G,"Hiagari, Fukuoka, Japan",harmonics/classic/harmonics-2004-06-14_mod.txt,103798,33.9094,130.8793,,33.9000,130.8830,0.00,0.025,,gleich
891,G,"Hiagari, Fukuoka, Japan",harmonics/utide/harmonics_utide_observations.txt,96518,33.9094,130.8793,,,,0.00,0.025,,gleich
892,N,"Hiburishima, Ehime, Japan",harmonics/classic/harmonics-2004-06-14_mod.txt,195178,33.1748,132.2689,,33.1667,132.2670,0.92,0.091,,gleich
892,N,"Hiburi Shima, Ehime, Japan",harmonics/noaa/harmonics_noaa_cptt.txt,66437,33.1667,132.2667,1,,,0.92,0.091,,gleich
893,N,"High Island, Queensland, Australia",harmonics/classic/harmonics-2004-06-14_mod.txt,105143,-17.1667,146.0167,,,,0.00,0.054,,gleich
893,N,"High Island, Queensland, Australia",harmonics/noaa/harmonics_noaa_cptt.txt,245643,-17.1667,146.0167,1,,,0.00,0.054,,gleich
894,N,"High Peak Island, Queensland, Australia",harmonics/classic/harmonics-2004-06-14_mod.txt,105338,-21.9500,150.6833,,,,0.00,0.087,,gleich
894,N,"High Peak Island, Queensland, Australia",harmonics/noaa/harmonics_noaa_cptt.txt,247785,-21.9500,150.6833,1,,,0.00,0.087,,gleich
895,N,"Hii Wan, Wakayama, Japan",harmonics/classic/harmonics-2004-06-14_mod.txt,105531,33.9192,135.0822,,33.9167,135.1000,0.00,0.055,,gleich
895,N,"Hii Wan, Wakayama, Japan",harmonics/noaa/harmonics_noaa_cptt.txt,57665,33.9192,135.0822,1,,,0.00,0.055,,gleich
896,N,"Hiketa, Kagawa, Japan",harmonics/classic/harmonics-2004-06-14_mod.txt,105917,34.2310,134.4049,,34.2333,134.4000,0.52,0.027,,aehnlich
896,N,"Hikeda, Harima Nada, Kagawa, Japan",harmonics/noaa/harmonics_noaa_cptt.txt,59812,34.2333,134.4000,1,,,0.52,0.027,,aehnlich
897,KN,"Hikimoto Ura, Owashi Wan, Mie, Japan",harmonics/noaa/harmonics_noaa_cptt.txt,54724,34.0833,136.2500,1,,,4.02,0.027,1,verschieden
897,KN,"Owase, Mie, Japan",harmonics/ticon/harmonics_ticon4_worldwide.txt,140150,34.0764,136.2072,,,,4.02,0.027,1,verschieden
897,KN,"Owase, Mie, Japan",harmonics/utide/harmonics_utide_observations.txt,126998,34.0764,136.2072,,,,4.02,0.027,1,verschieden
898,N,"Hilaban Island, Philippines",harmonics/att/harmonics_att_np203_scs.txt,79688,12.0333,125.5667,,,,0.00,0.063,,gleich
898,N,"Hilaban Island, Samar, Philippines",harmonics/noaa/harmonics_noaa_cptt.txt,201354,12.0333,125.5667,1,,,0.00,0.063,,gleich
899,N,"Hilbre Island (River Dee), England, United Kingdom",harmonics/noaa/harmonics_noaa_eutt.txt,67116,53.3834,-3.2290,1,,,0.00,0.065,,gleich
899,N,"Hilbre Island (River Dee), England, United Kingdom",harmonics/utide/harmonics_utide_tidetables.txt,457069,53.3834,-3.2290,,,,0.00,0.065,,gleich
900,G,"Hillswick, Scotland, United Kingdom",harmonics/noaa/harmonics_noaa_eutt.txt,77220,60.4759,-1.4870,1,,,0.00,0.064,,gleich
900,G,"Hillswick, Scotland, United Kingdom",harmonics/utide/harmonics_utide_tidetables.txt,457262,60.4759,-1.4870,,,,0.00,0.064,,gleich
901,N,"Himamaylan, Philippines",harmonics/att/harmonics_att_np203_scs.txt,67652,10.1000,122.8667,,,,0.00,0.066,,gleich
901,N,"Himamaylan, Negros Occidental, Philippines",harmonics/noaa/harmonics_noaa_cptt.txt,193246,10.1000,122.8667,1,,,0.00,0.066,,gleich
902,G,"Himeji (Hirohataku), Hyogo, Japan",harmonics/classic/harmonics-2004-06-14_mod.txt,106878,34.7837,134.6225,,34.7833,134.6170,4.03,0.053,1,gleich
902,G,"Himeji (Shikama), Hyogo, Japan",harmonics/utide/harmonics_utide_observations.txt,103949,34.7833,134.6667,,,,4.03,0.053,1,gleich
903,N,"Himeshima, Oita, Japan",harmonics/classic/harmonics-2004-06-14_mod.txt,106299,33.7217,131.6487,,33.7333,131.6500,1.92,0.044,,gleich
903,N,"Hime Shima, Oita, Japan",harmonics/noaa/harmonics_noaa_cptt.txt,67221,33.7333,131.6333,1,,,1.92,0.044,,gleich
904,N,"Hinatuan, Philippines",harmonics/att/harmonics_att_np203_scs.txt,82404,8.3667,126.3333,,,,0.00,0.060,,gleich
904,N,"Hinatuan, Surigao del Sur, Philippines",harmonics/noaa/harmonics_noaa_cptt.txt,178387,8.3667,126.3333,1,,,0.00,0.060,,gleich
905,N,"Hinkley Point, England, United Kingdom",harmonics/ticon/harmonics_ticon4_worldwide.txt,73397,51.2109,-3.1313,,51.2167,-3.1333,0.00,0.009,,gleich
905,N,"Hinkley Point, England, United Kingdom",harmonics/utide/harmonics_utide_observations.txt,193524,51.2109,-3.1313,,51.2152,-3.1343,0.00,0.009,,gleich
906,N,"Hinunangan Bay, Philippines",harmonics/att/harmonics_att_np203_scs.txt,80464,10.4000,125.2000,,,,0.00,0.097,,gleich
906,N,"Hinunangan, Leyte, Philippines",harmonics/noaa/harmonics_noaa_cptt.txt,199038,10.4000,125.2000,1,,,0.00,0.097,,gleich
907,N,"Hirara (Miyakojima), Okinawa, Japan",harmonics/ticon/harmonics_ticon4_worldwide.txt,73793,24.8133,125.2783,,,,0.00,0.001,,gleich
907,N,"Hirara (Miyakojima), Okinawa, Japan",harmonics/utide/harmonics_utide_observations.txt,134797,24.8133,125.2783,,,,0.00,0.001,,gleich
908,N,"Hiron Point (Pasur River), Bangladesh",harmonics/ticon/harmonics_ticon4_worldwide.txt,73994,21.8174,89.4622,,21.7830,89.4670,0.00,0.008,,gleich
908,N,"Hiron Point (Pasur River), Bangladesh",harmonics/utide/harmonics_utide_observations.txt,25565,21.8174,89.4622,,,,0.00,0.008,,gleich
909,N,"Hiroo (Tokachi), Hokkaido, Japan",harmonics/ticon/harmonics_ticon4_worldwide.txt,193360,42.2970,143.3222,,,,0.01,0.009,,gleich
909,N,"Hiroo (Tokachi), Hokkaido, Japan",harmonics/utide/harmonics_utide_observations.txt,136751,42.2970,143.3222,,,,0.01,0.009,,gleich
910,N,"Hiroshima Ko (Ujina Ko), Hiroshima, Japan",harmonics/noaa/harmonics_noaa_cptt.txt,63701,34.3500,132.4667,1,,,0.39,0.045,,gleich
910,N,"Hiroshima, Hiroshima, Japan",harmonics/ticon/harmonics_ticon4_worldwide.txt,74194,34.3531,132.4647,,,,0.39,0.045,,gleich
910,N,"Hiroshima, Hiroshima, Japan",harmonics/utide/harmonics_utide_observations.txt,104339,34.3531,132.4647,,,,0.39,0.045,,gleich
911,N,"Hirta (Bagh A' Bhaile), Scotland, United Kingdom",harmonics/noaa/harmonics_noaa_eutt.txt,75226,57.8106,-8.5666,1,,,0.00,0.029,,gleich
911,N,"Hirta (Bagh A' Bhaile), Scotland, United Kingdom",harmonics/utide/harmonics_utide_tidetables.txt,457455,57.8106,-8.5666,,,,0.00,0.029,,gleich
912,H,"Hirtshals, Denmark",harmonics/att/harmonics_att_np202_secondary.txt,75308,57.5941,9.9664,,,,0.00,0.150,,gleich
912,H,"Hirtshals, Denmark",harmonics/noaa/harmonics_noaa_eutt.txt,87793,57.5941,9.9664,1,,,0.00,0.150,,gleich
913,HN,"Ho Chi Minh City (Sai Gon), Vietnam",harmonics/att/harmonics_att_np203_scs_secondary.txt,22816,10.7667,106.7000,1,,,1.98,0.319,1,verschieden
913,HN,"Ho Chi Minh City, Tien Giang, Vietnam",harmonics/noaa/harmonics_noaa_cptt.txt,134457,10.7667,106.7000,1,,,1.98,0.319,1,verschieden
913,HN,"Sai Gon (Ho Chi Minh City), Vietnam",harmonics/utide/harmonics_utide_tidetables.txt,632268,10.7820,106.7092,,10.7833,106.7000,1.98,0.319,1,verschieden
914,HN,"Hobyo, Somalia",harmonics/att/harmonics_att_np203.txt,22852,5.3416,48.5324,,5.3490,48.5300,0.00,0.110,,gleich
914,HN,"Hobyo, Somalia",harmonics/classic/harmonics-1997-05-25_mod.txt,25611,5.3416,48.5324,,5.3333,48.5000,0.00,0.110,,gleich
914,HN,"Hobyo, Somalia",harmonics/noaa/harmonics_noaa_cptt.txt,281499,5.3416,48.5324,1,,,0.00,0.110,,gleich
915,N,"Hofu (Mitajiri), Yamaguchi, Japan",harmonics/classic/harmonics-2004-06-14_mod.txt,172102,34.0339,131.5883,,34.0333,131.5830,0.00,0.003,,gleich
915,N,"Hofu (Mitajiri), Yamaguchi, Japan",harmonics/utide/harmonics_utide_observations.txt,117025,34.0339,131.5883,,,,0.00,0.003,,gleich
916,H,"Hog Bay, South Australia, Australia",harmonics/classic/harmonics-2004-06-14_mod.txt,108038,-35.7169,137.9433,,-35.7333,137.9500,1.92,0.148,,gleich
916,H,"Hog Bay, Kangaroo Island, South Australia, Australia",harmonics/noaa/harmonics_noaa_cptt.txt,254439,-35.7333,137.9500,1,,,1.92,0.148,,gleich
917,H,"Hokitika Bar, Canterbury, New Zealand",harmonics/noaa/harmonics_noaa_cptt.txt,227695,-42.7167,170.9667,1,,,0.95,0.106,,aehnlich
917,H,"Hokitika River Bar, New Zealand",harmonics/utide/harmonics_utide_tidetables.txt,530526,-42.7242,170.9612,,,,0.95,0.106,,aehnlich
918,H,"Holsteinsborg, Greenland",harmonics/noaa/harmonics_noaa_amtt.txt,60987,66.9333,-53.7000,1,,,1.40,0.211,,verschieden
918,H,"Sisimiut, Greenland",harmonics/ticon/harmonics_ticon4_worldwide.txt,179529,66.9417,-53.6761,,66.9330,-53.6670,1.40,0.211,,verschieden
919,N,"Holwerd, Netherlands",harmonics/ticon/harmonics_ticon4_worldwide.txt,74990,53.3954,5.8766,,,,0.10,0.010,,gleich
919,N,"Holwerd, Veersteiger, Netherlands",harmonics/utide/harmonics_utide_observations.txt,153959,53.3957,5.8781,,,,0.10,0.010,,gleich
920,N,"Hon Gay, Vietnam",harmonics/att/harmonics_att_np203_scs.txt,159472,20.9500,107.0667,,,,0.44,0.095,,aehnlich
920,N,"Hong Gai (Ha Long), Vietnam",harmonics/classic/harmonics-1997-05-25_mod.txt,14049,20.9538,107.0678,,20.9500,107.0667,0.44,0.095,,aehnlich
920,N,"Hon Gai, Halong Bay, Vietnam",harmonics/noaa/harmonics_noaa_cptt.txt,129024,20.9500,107.0667,1,,,0.44,0.095,,aehnlich
920,N,"Hong Gai (Ha Long), Vietnam",harmonics/utide/harmonics_utide_tidetables.txt,631110,20.9538,107.0678,,20.9500,107.0667,0.44,0.095,,aehnlich
921,H,"Hon Ne, Vietnam",harmonics/att/harmonics_att_np203_scs.txt,158112,19.9167,105.9833,,,,1.75,0.277,1,gleich
921,H,"Hon Ne, Vietnam",harmonics/noaa/harmonics_noaa_cptt.txt,130172,19.9167,106.0000,1,,,1.75,0.277,1,gleich
922,HN,"Hon Nieu, Vietnam",harmonics/att/harmonics_att_np203_scs.txt,157724,18.8000,105.7667,,,,0.41,0.202,,aehnlich
922,HN,"Hon Ngu (Cua Lo), Vietnam",harmonics/classic/harmonics-1997-05-25_mod.txt,13927,18.7981,105.7700,,18.8000,105.7667,0.41,0.202,,aehnlich
922,HN,"Hon Nieu, Vietnam",harmonics/noaa/harmonics_noaa_cptt.txt,130554,18.8000,105.7667,1,,,0.41,0.202,,aehnlich
923,H,"Hon Tho Chau, Vietnam",harmonics/att/harmonics_att_np203_scs.txt,153646,9.3000,103.4667,,,,0.00,0.675,1,verschieden
923,H,"Pulau Panjang, Gulf of Siam, Vietnam",harmonics/noaa/harmonics_noaa_cptt.txt,135603,9.3000,103.4667,1,,,0.00,0.675,1,verschieden
924,N,"Hondoseto, Kumamoto, Japan",harmonics/ticon/harmonics_ticon4_worldwide.txt,75391,32.4297,130.2097,,,,0.00,0.004,,gleich
924,N,"Hondoseto, Kumamoto, Japan",harmonics/utide/harmonics_utide_observations.txt,104922,32.4297,130.2097,,,,0.00,0.004,,gleich
925,N,"Honningsvåg, Norway",harmonics/ticon/harmonics_ticon4_worldwide.txt,76001,70.9803,25.9727,,70.9830,25.9830,0.00,0.011,,gleich
925,N,"Honningsvåg, Norway",harmonics/utide/harmonics_utide_observations.txt,171324,70.9803,25.9727,,,,0.00,0.011,,gleich
926,N,"Hook Bay, Philippines",harmonics/att/harmonics_att_np203_scs.txt,76776,14.9333,121.8333,,,,1.86,0.040,,gleich
926,N,"Hook Bay, Polillo Island, Quezon, Philippines",harmonics/noaa/harmonics_noaa_cptt.txt,212743,14.9500,121.8333,1,,,1.86,0.040,,gleich
927,N,"Hooper Island, Northwest Territories, Canada",harmonics/classic/harmonics-2004-06-14_mod.txt,108805,69.6833,-134.8333,,69.6833,-134.0833,0.00,0.000,,gleich
927,N,"Hooper Island, Northwest Territories, Canada",harmonics/utide/harmonics_utide_tidetables.txt,228945,69.6833,-134.8333,,,,0.00,0.000,,gleich
928,N,"Hopedale, Labrador, Canada",harmonics/classic/harmonics-2004-06-14_mod.txt,108995,55.4541,-60.2228,,55.4500,-60.2167,0.00,0.000,,gleich
928,N,"Hopedale, Labrador, Canada",harmonics/utide/harmonics_utide_tidetables.txt,194829,55.4541,-60.2228,,,,0.00,0.000,,gleich
929,N,"Horsburgh Lighthouse, Malaysia",harmonics/att/harmonics_att_np203_scs.txt,39706,1.3299,104.4056,,1.3333,104.4000,0.00,0.010,,verschieden
929,N,"Pedra Branca (Horsburgh Lighthouse), Singapore",harmonics/classic/harmonics-1997-05-25_mod.txt,34674,1.3299,104.4056,,1.3333,104.4000,0.00,0.010,,verschieden
929,N,"Horsburgh Lighthouse, Singapore",harmonics/utide/harmonics_utide_tidetables.txt,675711,1.3299,104.4056,,1.3333,104.4000,0.00,0.010,,verschieden
930,N,"Hososhima (Hyuga), Miyazaki, Japan",harmonics/ticon/harmonics_ticon4_worldwide.txt,76401,32.4286,131.6695,,32.4170,131.6830,0.00,0.033,,gleich
930,N,"Hososhima (Hyuga), Miyazaki, Japan",harmonics/utide/harmonics_utide_observations.txt,128945,32.4286,131.6695,,,,0.00,0.033,,gleich
931,N,"Houmt Souk (Djerba), Tunisia",harmonics/att/harmonics_att_np208.txt,23221,33.8880,10.8570,,,,0.00,0.059,,verschieden
931,N,"Hawmat As Suq, Tunisia",harmonics/noaa/harmonics_noaa_eutt.txt,36313,33.8880,10.8570,1,,,0.00,0.059,,verschieden
932,N,"Hrísey, Iceland",harmonics/att/harmonics_att_np202_secondary.txt,21602,65.9833,-18.3667,,,,0.00,0.034,,gleich
932,N,"Hrísey, Iceland",harmonics/noaa/harmonics_noaa_eutt.txt,80153,65.9833,-18.3667,1,,,0.00,0.034,,gleich
933,N,"Hrútafjörður, Iceland",harmonics/classic/harmonics-1997-05-25_mod.txt,14413,65.2544,-21.1080,,65.2500,-21.1167,0.00,0.085,,gleich
933,N,"Hrútafjörður, Iceland",harmonics/noaa/harmonics_noaa_eutt.txt,79957,65.2544,-21.1080,1,,,0.00,0.085,,gleich
934,N,"Hua-lien Kang, Okinawa, Japan",harmonics/noaa/harmonics_noaa_cptt.txt,116132,23.9667,121.6167,1,,,1.70,0.077,,aehnlich
934,N,"Hualien, Taiwan",harmonics/utide/harmonics_utide_tidetables.txt,393125,23.9806,121.6236,,,,1.70,0.077,,aehnlich
935,N,"Huasco, Chile",harmonics/noaa/harmonics_noaa_amtt.txt,88280,-28.4689,-71.2499,1,,,0.00,0.037,,gleich
935,N,"Huasco, Chile",harmonics/utide/harmonics_utide_observations.txt,209596,-28.4689,-71.2499,,,,0.00,0.037,,gleich
936,N,"Hukuro Ura (Minamata), Kumamoto, Japan",harmonics/classic/harmonics-2004-06-14_mod.txt,111880,32.1830,130.3768,,32.1833,130.3670,1.70,0.068,,verschieden
936,N,"Minamata, Kumamoto, Japan",harmonics/utide/harmonics_utide_observations.txt,116240,32.1982,130.3782,,,,1.70,0.068,,verschieden
937,GN,"Hull (King George Dock), England, United Kingdom",harmonics/classic/harmonics-1997-05-25_mod.txt,14659,53.7402,-0.2728,,,,4.73,0.072,1,gleich
937,GN,"Hull, England, United Kingdom",harmonics/noaa/harmonics_noaa_eutt.txt,58369,53.7402,-0.2728,1,,,4.73,0.072,1,gleich
937,GN,"Hull (Albert Dock), England, United Kingdom",harmonics/utide/harmonics_utide_tidetables.txt,458036,53.7347,-0.3441,,,,4.73,0.072,1,gleich
937,GN,"Hull (Alexandra Dock), England, United Kingdom",harmonics/utide/harmonics_utide_tidetables.txt,458229,53.7425,-0.2968,,,,4.73,0.072,1,gleich
937,GN,"Hull (King George Dock), England, United Kingdom",harmonics/utide/harmonics_utide_tidetables.txt,458422,53.7402,-0.2728,,,,4.73,0.072,1,gleich
938,H,"Hulutao [Hu-Li-T'ao, Pulantien Chiang], Liaoning, China",harmonics/noaa/harmonics_noaa_cptt.txt,99742,39.2667,121.6000,1,,,0.00,0.160,,verschieden
938,H,"Hulutao, Liaoning, China",harmonics/utide/harmonics_utide_tidetables.txt,650867,39.2667,121.6000,,,,0.00,0.160,,verschieden
939,G,"Hvammsvík, Iceland",harmonics/att/harmonics_att_np202_secondary.txt,18110,64.3500,-21.5833,,,,2.02,0.027,,gleich
939,G,"Hvammsvík, Iceland",harmonics/noaa/harmonics_noaa_eutt.txt,79563,64.3667,-21.5667,1,,,2.02,0.027,,gleich
940,N,"Hyder, Portland Canal, Alaska",harmonics/classic/harmonics-dwf-20251228-free.txt,209831,55.9045,-130.0108,,,,1.35,0.005,,verschieden
940,N,"Stewart, British Columbia, Canada",harmonics/utide/harmonics_utide_tidetables.txt,149256,55.9166,-130.0100,,,,1.35,0.005,,verschieden
941,N,"Hörnum (Sylt, Hafen), Germany",harmonics/ticon/harmonics_ticon4_worldwide.txt,76999,54.7581,8.2960,,54.7598,8.2970,0.00,0.083,,gleich
941,N,"Hörnum (Sylt, Hafen), Germany",harmonics/utide/harmonics_utide_observations.txt,77497,54.7581,8.2960,,,,0.00,0.083,,gleich
942,G,"IJmuiden (Zeesluis), Netherlands",harmonics/ticon/harmonics_ticon4_worldwide.txt,77798,52.4672,4.6051,,,,3.42,0.027,1,gleich
942,G,"IJmuiden (Buitenhaven), Netherlands",harmonics/utide/harmonics_utide_observations.txt,154544,52.4630,4.5550,,,,3.42,0.027,1,gleich
943,N,"IJmuiden (Zuidelijk Havenhoofd), Netherlands",harmonics/ticon/harmonics_ticon4_worldwide.txt,77996,52.4637,4.5323,,,,1.00,0.017,,verschieden
943,N,"IJGeul 1 (IJmuiden Stroommeetpaal), Netherlands",harmonics/utide/harmonics_utide_observations.txt,154347,52.4639,4.5176,,,,1.00,0.017,,verschieden
944,HN,"Ibo, Mozambique",harmonics/att/harmonics_att_np203.txt,21895,-12.3457,40.5808,,-12.3500,40.5830,0.00,0.122,,gleich
944,HN,"Ibo, Mozambique",harmonics/classic/harmonics-1997-05-25_mod.txt,14903,-12.3457,40.5808,,-12.3500,40.5833,0.00,0.122,,gleich
944,HN,"Ibo, Mozambique",harmonics/noaa/harmonics_noaa_cptt.txt,284437,-12.3457,40.5808,1,,,0.00,0.122,,gleich
945,N,"Iceberg Point, Nunavut, Canada",harmonics/classic/harmonics-2004-06-14_mod.txt,115533,80.4167,-86.1667,,80.4167,-86.0167,0.00,0.000,,gleich
945,N,"Iceberg Point, Nunavut, Canada",harmonics/utide/harmonics_utide_tidetables.txt,249615,80.4167,-86.1667,,,,0.00,0.000,,gleich
946,N,"Idi, Indonesia",harmonics/att/harmonics_att_np203_scs.txt,48048,4.9667,97.7833,,,,0.00,0.047,,gleich
946,N,"Idi, Sumatra, Indonesia",harmonics/noaa/harmonics_noaa_cptt.txt,138553,4.9667,97.7833,1,,,0.00,0.047,,gleich
947,N,"Ieshima (Harima Nada), Hyogo, Japan",harmonics/classic/harmonics-2004-06-14_mod.txt,115919,34.6800,134.5341,,34.6833,134.5330,0.37,0.036,,gleich
947,N,"Ie Shima, Hyogo, Japan",harmonics/noaa/harmonics_noaa_cptt.txt,60391,34.6833,134.5333,1,,,0.37,0.036,,gleich
948,L,"Ikuji (Kurobe), Toyama, Japan",harmonics/classic/harmonics-2004-06-14_mod.txt,116885,36.8897,137.4146,,36.8833,137.4170,0.00,0.112,,gleich
948,L,"Ikuji (Kurobe), Toyama, Japan",harmonics/utide/harmonics_utide_observations.txt,110768,36.8897,137.4146,,,,0.00,0.112,,gleich
949,HN,"Ile Bach Long Vi, Vietnam",harmonics/att/harmonics_att_np203_scs.txt,158890,20.1333,107.7167,,,,0.99,0.138,,gleich
949,HN,"Bach Long Vi Island, Vietnam",harmonics/noaa/harmonics_noaa_cptt.txt,129790,20.1333,107.7167,1,,,0.99,0.138,,gleich
949,HN,"Bach Long Vi, Vietnam",harmonics/utide/harmonics_utide_tidetables.txt,634191,20.1250,107.7200,,,,0.99,0.138,,gleich
950,N,"Ilfracombe, England, United Kingdom",harmonics/ticon/harmonics_ticon4_worldwide.txt,79213,51.2110,-4.1109,,51.2111,-4.1124,0.00,0.002,,gleich
950,N,"Ilfracombe, England, United Kingdom",harmonics/utide/harmonics_utide_observations.txt,193720,51.2110,-4.1109,,,,0.00,0.002,,gleich
951,N,"Ilha Fiscal, Rio de Janeiro, Brazil",harmonics/utide/harmonics_utide_observations.txt,37308,-22.8966,-43.1660,,,,0.00,0.031,,gleich
951,N,"Ilha Fiscal, Rio de Janeiro, Brazil",harmonics/utide/harmonics_utide_tidetables.txt,92240,-22.8966,-43.1660,,,,0.00,0.031,,gleich
952,N,"Ilha de Chiloane (Chingune), Mozambique",harmonics/att/harmonics_att_np203_secondary.txt,21788,-20.6196,34.8868,,,,0.00,0.033,,gleich
952,N,"Ilha de Chiloane (Chingune), Mozambique",harmonics/noaa/harmonics_noaa_cptt.txt,285620,-20.6196,34.8868,1,,,0.00,0.033,,gleich
953,N,"Ilha de Moçambique, Mozambique",harmonics/att/harmonics_att_np203_secondary.txt,23750,-15.0321,40.7343,,,,0.00,0.060,,verschieden
953,N,"Ilha de Moçambique, Mozambique",harmonics/classic/harmonics-1997-05-25_mod.txt,23522,-15.0321,40.7343,,-15.0333,40.7333,0.00,0.060,,verschieden
953,N,"Porto de Mozambique, Mozambique",harmonics/noaa/harmonics_noaa_cptt.txt,284837,-15.0321,40.7343,1,,,0.00,0.060,,verschieden
953,N,"Ilha de Moçambique, Mozambique",harmonics/utide/harmonics_utide_tidetables.txt,667162,-15.0321,40.7343,,-15.0333,40.7333,0.00,0.060,,verschieden
954,H,"Ilha de Santana, Maranhão, Brazil",harmonics/att/harmonics_att_np207.txt,37474,-2.2667,-43.6000,,,,0.00,0.216,,aehnlich
954,H,"Santana, Recifes de, Maranhão, Brazil",harmonics/noaa/harmonics_noaa_amtt.txt,43924,-2.2667,-43.6000,1,,,0.00,0.216,,aehnlich
955,G,"Ilhas de São João, Maranhão, Brazil",harmonics/att/harmonics_att_np207.txt,16924,-1.3362,-44.9222,,-1.2667,-44.9167,5.91,0.051,1,gleich
955,G,"Ilhas de São João, Maranhão, Brazil",harmonics/noaa/harmonics_noaa_amtt.txt,43531,-1.2833,-44.9167,1,,,5.91,0.051,1,gleich
956,N,"Ilhas dos Abrolhos, Bahia, Brazil",harmonics/att/harmonics_att_np207.txt,21534,-17.9667,-38.7000,,,,0.00,0.066,,verschieden
956,N,"Abrolhos Anchorage, Bahia, Brazil",harmonics/noaa/harmonics_noaa_amtt.txt,47506,-17.9667,-38.7000,1,,,0.00,0.066,,verschieden
957,N,"Ilheu de Caio, Guinea-Bissau",harmonics/noaa/harmonics_noaa_eutt.txt,32598,11.8350,-16.3210,1,,,0.00,0.049,,gleich
957,N,"Ilheu de Caio, Guinea-Bissau",harmonics/utide/harmonics_utide_tidetables.txt,668325,11.8350,-16.3210,,11.8333,-16.3167,0.00,0.049,,gleich
958,N,"Ilheus, Bahia, Brazil",harmonics/noaa/harmonics_noaa_amtt.txt,46507,-14.8000,-39.0333,1,,,2.33,0.048,,gleich
958,N,"Ilhéus (Porto), Bahia, Brazil",harmonics/utide/harmonics_utide_tidetables.txt,90327,-14.7800,-39.0267,,,,2.33,0.048,,gleich
959,N,"Iligan, Philippines",harmonics/att/harmonics_att_np203_scs.txt,85314,8.2333,124.2333,,,,0.00,0.043,,gleich
959,N,"Iligan, Misamis Oriental, Philippines",harmonics/noaa/harmonics_noaa_cptt.txt,174529,8.2333,124.2333,1,,,0.00,0.043,,gleich
960,N,"Ilmenau (Speerwerk Außenpegel), Germany",harmonics/utide/harmonics_utide_observations.txt,77691,53.3939,10.1785,,,,0.70,0.020,,verschieden
960,N,"Zollenspieker (Elbe), Germany",harmonics/utide/harmonics_utide_observations.txt,87217,53.3987,10.1854,,,,0.70,0.020,,verschieden
961,K,"Iloilo, Philippines",harmonics/att/harmonics_att_np203_scs.txt,66488,10.6667,122.5833,,,,4.12,0.034,1,aehnlich
961,K,"Lloilo, Guimaras, Philippines",harmonics/noaa/harmonics_noaa_cptt.txt,190930,10.7000,122.5667,1,,,4.12,0.034,1,aehnlich
962,G,"Immingham (Humberside), England, United Kingdom",harmonics/classic/harmonics-dwf-20100529-nonfree_mod.txt,18061,53.6305,-0.1875,,,,0.01,0.006,,gleich
962,G,"Immingham (Humberside), England, United Kingdom",harmonics/ticon/harmonics_ticon4_worldwide.txt,79613,53.6304,-0.1875,,,,0.01,0.006,,gleich
962,G,"Immingham (Humberside), England, United Kingdom",harmonics/utide/harmonics_utide_observations.txt,193916,53.6304,-0.1875,,,,0.01,0.006,,gleich
963,G,"Ince Point, Torres Strait, Queensland, Australia",harmonics/classic/harmonics-2004-06-14_mod.txt,117664,-10.5000,142.3167,,,,8.36,0.012,1,gleich
963,G,"Ince, South Australia, Australia",harmonics/ticon/harmonics_ticon4_worldwide.txt,80013,-10.5750,142.3117,,,,8.36,0.012,1,gleich
964,N,"Inch'on, South Korea",harmonics/classic/harmonics-1997-05-25_mod.txt,15148,37.4667,126.5833,,,,1.47,0.048,,aehnlich
964,N,"Incheon, South Korea",harmonics/utide/harmonics_utide_tidetables.txt,299583,37.4667,126.6000,,,,1.47,0.048,,aehnlich
965,N,"Inhambane (Rio Matumba.), Mozambique",harmonics/att/harmonics_att_np203_secondary.txt,21209,-23.8681,35.3769,,,,0.02,0.028,,gleich
965,N,"Inhambane (Rio Matumba.), Mozambique",harmonics/ticon/harmonics_ticon4_worldwide.txt,80408,-23.8681,35.3767,,-23.9170,35.5000,0.02,0.028,,gleich
966,N,"Inhampura (Rio Limpopo), Mozambique",harmonics/att/harmonics_att_np203_secondary.txt,20823,-25.1873,33.5205,,,,0.00,0.044,,gleich
966,N,"Inhampura (Rio Limpopo), Mozambique",harmonics/noaa/harmonics_noaa_cptt.txt,286398,-25.1873,33.5205,1,,,0.00,0.044,,gleich
967,H,"Inikoi Island (Akwayafe River,) Cameroon",harmonics/att/harmonics_att_np208_secondary.txt,42162,4.6830,8.5330,,,,0.00,0.141,,gleich
967,H,"Inikoi Island (Akwayafe River,) Cameroon",harmonics/noaa/harmonics_noaa_eutt.txt,24122,4.6830,8.5330,1,,,0.00,0.141,,gleich
968,N,"Inokushi, Oita, Japan",harmonics/classic/harmonics-2004-06-14_mod.txt,118619,32.8000,131.9000,,,,2.28,0.072,,verschieden
968,N,"Kamae, Oita, Japan",harmonics/classic/harmonics-2004-06-14_mod.txt,130162,32.7986,131.9243,,32.7833,131.9170,2.28,0.072,,verschieden
968,N,"Inokushi Ko, Oita, Japan",harmonics/noaa/harmonics_noaa_cptt.txt,69393,32.8000,131.9000,1,,,2.28,0.072,,verschieden
969,N,"Inubosaki, Chiba, Japan",harmonics/classic/harmonics-2004-06-14_mod.txt,119005,35.7019,140.8628,,35.7000,140.8670,0.41,0.044,,verschieden
969,N,"Nagasaki, Inubo Saki, Chiba, Japan",harmonics/noaa/harmonics_noaa_cptt.txt,292852,35.7000,140.8667,1,,,0.41,0.044,,verschieden
970,N,"Inukjuak, Québec, Canada",harmonics/classic/harmonics-2004-06-14_mod.txt,119197,58.4459,-78.1017,,58.4500,-78.1000,0.00,0.000,,gleich
970,N,"Inukjuak, Québec, Canada",harmonics/utide/harmonics_utide_tidetables.txt,280369,58.4459,-78.1017,,,,0.00,0.000,,gleich
971,H,"Inverary (Loch Fyne), Scotland, United Kingdom",harmonics/noaa/harmonics_noaa_eutt.txt,71084,56.2317,-5.0703,1,,,0.00,0.107,,gleich
971,H,"Inverary (Loch Fyne), Scotland, United Kingdom",harmonics/utide/harmonics_utide_tidetables.txt,460744,56.2317,-5.0703,,56.2333,-5.0667,0.00,0.107,,gleich
972,N,"Invergordon, Scotland, United Kingdom",harmonics/noaa/harmonics_noaa_eutt.txt,54589,57.6858,-4.1621,1,,,0.00,0.079,,gleich
972,N,"Invergordon, Scotland, United Kingdom",harmonics/utide/harmonics_utide_tidetables.txt,460939,57.6858,-4.1621,,,,0.00,0.079,,gleich
973,N,"Inverie Bay (Loch Nevis), Scotland, United Kingdom",harmonics/noaa/harmonics_noaa_eutt.txt,72468,57.0376,-5.6866,1,,,0.00,0.051,,gleich
973,N,"Inverie Bay (Loch Nevis), Scotland, United Kingdom",harmonics/utide/harmonics_utide_tidetables.txt,461132,57.0376,-5.6866,,,,0.00,0.051,,gleich
974,N,"Inverness, Scotland, United Kingdom",harmonics/classic/harmonics-1997-05-25_mod.txt,15270,57.4954,-4.2376,,57.5000,-4.2500,1.61,0.069,,verschieden
974,N,"Clachnaharry, Scotland, United Kingdom",harmonics/utide/harmonics_utide_observations.txt,218636,57.4905,-4.2630,,,,1.61,0.069,,verschieden
974,N,"Inverness, Scotland, United Kingdom",harmonics/utide/harmonics_utide_tidetables.txt,461325,57.4954,-4.2376,,,,1.61,0.069,,verschieden
975,N,"Inward Rocks, River Severn, England, United Kingdom",harmonics/classic/harmonics-1997-05-25_mod.txt,15395,51.6500,-2.6167,,,,1.15,0.062,,aehnlich
975,N,"Inward Rocks, England, United Kingdom",harmonics/utide/harmonics_utide_tidetables.txt,461518,51.6500,-2.6167,,,,1.15,0.062,,aehnlich
975,N,"Narlwood Rocks, England, United Kingdom",harmonics/utide/harmonics_utide_tidetables.txt,482808,51.6500,-2.6000,,,,1.15,0.062,,aehnlich
976,N,"Iquique, Chile",harmonics/classic/harmonics-1997-05-25_mod.txt,15521,-20.2045,-70.1478,,-20.2167,-70.1667,0.00,0.024,,gleich
976,N,"Iquique, Chile",harmonics/noaa/harmonics_noaa_amtt.txt,97614,-20.2045,-70.1478,1,,,0.00,0.024,,gleich
976,N,"Iquique, Chile",harmonics/utide/harmonics_utide_observations.txt,51028,-20.2045,-70.1478,,-20.2060,-70.1490,0.00,0.024,,gleich
977,N,"Irozaki, Shizuoka, Japan",harmonics/ticon/harmonics_ticon4_worldwide.txt,80809,34.6117,138.8492,,,,0.00,0.001,,gleich
977,N,"Irozaki, Shizuoka, Japan",harmonics/utide/harmonics_utide_observations.txt,105894,34.6117,138.8492,,,,0.00,0.001,,gleich
978,N,"Irvines Landing, British Columbia, Canada",harmonics/utide/harmonics_utide_tidetables.txt,109416,49.6321,-124.0570,,,,1.80,0.016,,verschieden
978,N,"Pender Harbour (Garden Bay), British Columbia, Canada",harmonics/utide/harmonics_utide_tidetables.txt,109609,49.6330,-124.0320,,,,1.80,0.016,,verschieden
979,N,"Isaacs Harbour, Nova Scotia, Canada",harmonics/classic/harmonics-2004-06-14_mod.txt,120348,45.1795,-61.6592,,45.1833,-61.6667,0.59,0.050,,verschieden
979,N,"Goldboro, Nova Scotia, Canada",harmonics/utide/harmonics_utide_tidetables.txt,211099,45.1808,-61.6523,,,,0.59,0.050,,verschieden
979,N,"Isaacs Harbour, Nova Scotia, Canada",harmonics/utide/harmonics_utide_tidetables.txt,212653,45.1799,-61.6596,,,,0.59,0.050,,verschieden
980,N,"Isachsen, Nunavut, Canada",harmonics/classic/harmonics-2004-06-14_mod.txt,120538,78.7801,-103.5078,,78.7833,-103.5333,0.00,0.000,,gleich
980,N,"Isachsen, Nunavut, Canada",harmonics/utide/harmonics_utide_tidetables.txt,251163,78.7801,-103.5078,,,,0.00,0.000,,gleich
981,N,"Ishigaki, Okinawa, Japan",harmonics/ticon/harmonics_ticon4_worldwide.txt,81007,24.3322,124.1636,,24.3330,124.1500,0.00,0.008,,gleich
981,N,"Ishigaki, Okinawa, Japan",harmonics/utide/harmonics_utide_observations.txt,106088,24.3322,124.1636,,,,0.00,0.008,,gleich
982,N,"Ishikari, Hokkaido, Japan",harmonics/ticon/harmonics_ticon4_worldwide.txt,81205,43.2144,141.3090,,43.2133,141.3117,0.00,0.009,,gleich
982,N,"Ishikari, Hokkaido, Japan",harmonics/utide/harmonics_utide_observations.txt,106282,43.2144,141.3090,,,,0.00,0.009,,gleich
983,N,"Ishinomaki, Miyagi, Japan",harmonics/ticon/harmonics_ticon4_worldwide.txt,81403,38.4081,141.2670,,,,0.01,0.003,,gleich
983,N,"Ishinomaki, Miyagi, Japan",harmonics/utide/harmonics_utide_observations.txt,106476,38.4081,141.2670,,,,0.01,0.003,,gleich
984,N,"Isla Escondida, Chubut, Argentina",harmonics/att/harmonics_att_np207.txt,24992,-43.7167,-65.3333,,,,0.00,0.076,,gleich
984,N,"Isla Escondida, Chubut, Argentina",harmonics/utide/harmonics_utide_tidetables.txt,721144,-43.7167,-65.3333,,,,0.00,0.076,,gleich
985,N,"Isla Guadalupe, Baja California, Mexico",harmonics/ticon/harmonics_ticon4_worldwide.txt,66378,28.8820,-118.2912,,28.8830,-118.3000,0.00,0.001,,gleich
985,N,"Isla Guadalupe, Baja California, Mexico",harmonics/utide/harmonics_utide_observations.txt,142822,28.8820,-118.2912,,28.8830,-118.3000,0.00,0.001,,gleich
986,N,"Isla Socorro, Colima, Mexico",harmonics/noaa/harmonics_noaa_amtt.txt,116241,18.7330,-111.0170,1,,,0.00,0.072,,gleich
986,N,"Isla Socorro, Colima, Mexico",harmonics/utide/harmonics_utide_observations.txt,143416,18.7330,-111.0170,,,,0.00,0.072,,gleich
987,N,"Isla Tercera, Venezuela",harmonics/att/harmonics_att_np202_secondary.txt,80940,8.6500,-60.5833,,,,0.00,0.032,,verschieden
987,N,"Río Orinoco entrance, Isla Ramon Isidro, Venezuela",harmonics/noaa/harmonics_noaa_amtt.txt,39366,8.6500,-60.5833,1,,,0.00,0.032,,verschieden
988,N,"Isla Tova, Chubut, Argentina",harmonics/noaa/harmonics_noaa_amtt.txt,55221,-45.1000,-65.9833,1,,,0.00,0.016,,gleich
988,N,"Isla Tova (Golfo San Jorge), Chubut, Argentina",harmonics/utide/harmonics_utide_tidetables.txt,720553,-45.1000,-65.9833,,,,0.00,0.016,,gleich
989,N,"Isla de Cedros, Baja California, Mexico",harmonics/ticon/harmonics_ticon4_worldwide.txt,39312,28.0960,-115.1831,,28.1000,-115.1830,0.00,0.000,,gleich
989,N,"Isla de Cedros, Baja California, Mexico",harmonics/utide/harmonics_utide_observations.txt,143019,28.0960,-115.1831,,28.1000,-115.1830,0.00,0.000,,gleich
990,H,"Island Bay, Philippines",harmonics/att/harmonics_att_np203_scs.txt,63578,9.1000,118.1167,,,,0.00,0.103,,gleich
990,H,"Island Bay, Palawan, Philippines",harmonics/noaa/harmonics_noaa_cptt.txt,186686,9.1000,118.1167,1,,,0.00,0.103,,gleich
991,N,"Isle Aux Morts, Newfoundland, Canada",harmonics/classic/harmonics-2004-06-14_mod.txt,121302,47.5821,-58.9791,,47.5667,-58.9667,0.00,0.000,,gleich
991,N,"Isle Aux Morts, Newfoundland, Canada",harmonics/utide/harmonics_utide_tidetables.txt,171281,47.5821,-58.9791,,,,0.00,0.000,,gleich
992,N,"Isle Of Whithorn, Scotland, United Kingdom",harmonics/noaa/harmonics_noaa_eutt.txt,69698,54.6984,-4.3640,1,,,0.00,0.056,,gleich
992,N,"Isle Of Whithorn, Scotland, United Kingdom",harmonics/utide/harmonics_utide_tidetables.txt,462294,54.6984,-4.3640,,,,0.00,0.056,,gleich
993,N,"Isso (Yakushima), Kagoshima, Japan",harmonics/classic/harmonics-2004-06-14_mod.txt,121873,30.4568,130.4904,,30.4667,130.5000,1.19,0.035,,gleich
993,N,"Isso, Yaku Shima, Kagoshima, Japan",harmonics/noaa/harmonics_noaa_cptt.txt,77014,30.4500,130.5000,1,,,1.19,0.035,,gleich
994,G,"Itozaki, Hiroshima, Japan",harmonics/classic/harmonics-2004-06-14_mod.txt,122838,34.3833,133.1170,,,,2.41,0.036,,gleich
994,G,"Itozaki (Mihara), Hiroshima, Japan",harmonics/utide/harmonics_utide_observations.txt,106865,34.3929,133.0934,,,,2.41,0.036,,gleich
995,N,"Itukusima (Miyajima), Hiroshima, Japan",harmonics/classic/harmonics-2004-06-14_mod.txt,123031,34.3024,132.3211,,34.3000,132.3170,0.48,0.077,,aehnlich
995,N,"Itsuku Shima, Hiroshima, Japan",harmonics/noaa/harmonics_noaa_cptt.txt,63896,34.3000,132.3167,1,,,0.48,0.077,,aehnlich
996,KLN,"Iwakuni, Yamaguchi, Japan",harmonics/classic/harmonics-1997-05-25_mod.txt,34308,34.1667,132.2500,,34.1833,132.2333,2.40,0.070,,verschieden
996,KLN,"Iwakuni, Yamaguchi, Japan",harmonics/classic/harmonics-2004-06-14_mod.txt,123996,34.1667,132.2500,,,,2.40,0.070,,verschieden
996,KLN,"Shimminato, Yamaguchi, Japan",harmonics/noaa/harmonics_noaa_cptt.txt,64091,34.1833,132.2333,1,,,2.40,0.070,,verschieden
997,N,"Iwanai, Hokkaido, Japan",harmonics/ticon/harmonics_ticon4_worldwide.txt,82404,42.9872,140.5072,,,,0.00,0.002,,gleich
997,N,"Iwanai, Hokkaido, Japan",harmonics/utide/harmonics_utide_observations.txt,107059,42.9872,140.5072,,,,0.00,0.002,,gleich
998,H,"Iwaya, Fukuoka, Japan",harmonics/classic/harmonics-2004-06-14_mod.txt,124382,33.9336,130.6831,,33.9333,130.6830,0.00,0.136,,gleich
998,H,"Iwaya, Fukuoka, Japan",harmonics/noaa/harmonics_noaa_cptt.txt,76035,33.9336,130.6831,1,,,0.00,0.136,,gleich
999,N,"Iwojima, Tokyo, Japan",harmonics/classic/harmonics-2004-06-14_mod.txt,188649,24.8000,141.3000,,,,0.00,0.059,,verschieden
999,N,"Nishi, Iwo Jima, Kazan Retto, Tokyo, Japan",harmonics/noaa/harmonics_noaa_cptt.txt,57270,24.8000,141.3000,1,,,0.00,0.059,,verschieden
1000,N,"Izuhara, Nagasaki, Japan",harmonics/ticon/harmonics_ticon4_worldwide.txt,82802,34.1975,129.2911,,34.1978,129.2917,0.00,0.006,,gleich
1000,N,"Izuhara, Nagasaki, Japan",harmonics/utide/harmonics_utide_observations.txt,107449,34.1975,129.2911,,,,0.00,0.006,,gleich
1001,N,"Izumi-Otu, Osaka, Japan",harmonics/classic/harmonics-2004-06-14_mod.txt,125155,34.5000,135.4000,,,,1.85,0.000,,aehnlich
1001,N,"Izumiotsu, Osaka, Japan",harmonics/utide/harmonics_utide_observations.txt,107643,34.5167,135.4000,,,,1.85,0.000,,aehnlich
1002,N,"Jackson Bay, New Zealand",harmonics/ticon/harmonics_ticon4_worldwide.txt,83203,-43.9728,168.6156,,,,0.00,0.004,,gleich
1002,N,"Jackson Bay, New Zealand",harmonics/utide/harmonics_utide_observations.txt,167753,-43.9728,168.6156,,-43.9830,168.6170,0.00,0.004,,gleich
1003,H,"Jaffna, Sri Lanka",harmonics/att/harmonics_att_np203.txt,30334,9.6489,80.0187,,9.6600,80.0100,0.00,0.141,,gleich
1003,H,"Jaffna, Sri Lanka",harmonics/noaa/harmonics_noaa_cptt.txt,269747,9.6489,80.0187,1,9.6500,80.0167,0.00,0.141,,gleich
1004,HN,"Jamestown, Saint Helena",harmonics/att/harmonics_att_np208.txt,21502,-15.9234,-5.7180,,-15.9170,-5.7000,0.00,0.247,,gleich
1004,HN,"Jamestown, Saint Helena",harmonics/noaa/harmonics_noaa_eutt.txt,15397,-15.9234,-5.7180,1,-15.9167,-5.7167,0.00,0.247,,gleich
1004,HN,"Jamestown, Saint Helena",harmonics/ticon/harmonics_ticon4_worldwide.txt,182326,-15.9234,-5.7180,,-15.9170,-5.7170,0.00,0.247,,gleich
1005,N,"Jan Mayen: Maria Muschbukhta, Jan Mayen",harmonics/att/harmonics_att_np202_secondary.txt,24316,71.0000,-8.5000,,,,1.21,0.077,,verschieden
1005,N,"Mary Muss Bay, Jan Mayen",harmonics/noaa/harmonics_noaa_eutt.txt,79171,71.0000,-8.4667,1,,,1.21,0.077,,verschieden
1006,N,"Jau-Dignac-et-Loirac (Richard), France",harmonics/ticon/harmonics_ticon4_worldwide.txt,159818,45.4537,-0.9231,,,,0.00,0.009,,gleich
1006,N,"Jau-Dignac-et-Loirac (Richard), France",harmonics/utide/harmonics_utide_observations.txt,58645,45.4537,-0.9231,,,,0.00,0.009,,gleich
1007,N,"Jazirat Das, United Arab Emirates",harmonics/att/harmonics_att_np203_secondary.txt,66353,25.1391,52.8828,,,,0.00,0.036,,gleich
1007,N,"Jazirat Das, United Arab Emirates",harmonics/classic/harmonics-1997-05-25_mod.txt,15889,25.1391,52.8828,,25.1500,52.8833,0.00,0.036,,gleich
1008,N,"Jazirat Halul, Qatar",harmonics/att/harmonics_att_np203_secondary.txt,68874,25.6664,52.4117,,25.6667,52.4167,0.00,0.084,,gleich
1008,N,"Jazirat Halul, Qatar",harmonics/classic/harmonics-1997-05-25_mod.txt,16011,25.6664,52.4117,,25.6667,52.4000,0.00,0.084,,gleich
1009,N,"Jazirat Shadwan, Egypt",harmonics/att/harmonics_att_np203_secondary.txt,49643,27.4478,34.0303,,,,0.00,0.091,,gleich
1009,N,"Jazirat Shadwan, Egypt",harmonics/classic/harmonics-1997-05-25_mod.txt,33942,27.4478,34.0303,,27.4500,34.0333,0.00,0.091,,gleich
1009,N,"Jazirat Shadwan, Egypt",harmonics/noaa/harmonics_noaa_cptt.txt,279936,27.4478,34.0303,1,,,0.00,0.091,,gleich
1010,N,"Jazireh Ye Khark (Kharg Island), Iran",harmonics/classic/harmonics-1997-05-25_mod.txt,16133,29.2657,50.3283,,29.2667,50.3333,0.00,0.014,,gleich
1010,N,"Jazireh Ye Khark (Kharg Island), Iran",harmonics/utide/harmonics_utide_tidetables.txt,669489,29.2657,50.3283,,29.2667,50.3333,0.00,0.014,,gleich
1011,H,"Jazireh-ye Forur, Iran",harmonics/att/harmonics_att_np203_secondary.txt,82985,26.2500,54.5170,,,,0.00,0.156,,gleich
1011,H,"Jazireh-ye Forur, Iran",harmonics/noaa/harmonics_noaa_cptt.txt,275222,26.2500,54.5170,1,,,0.00,0.156,,gleich
1012,N,"Jazireh-ye Lavan, Iran",harmonics/att/harmonics_att_np203_secondary.txt,82597,26.7940,53.3875,,26.8000,53.3830,0.00,0.015,,gleich
1012,N,"Jazireh-ye Lavan, Iran",harmonics/classic/harmonics-1997-05-25_mod.txt,16255,26.7940,53.3875,,26.8000,53.3833,0.00,0.015,,gleich
1013,N,"Jersey Bay, St. Thomas, Virgin Islands",harmonics/classic/harmonics-dwf-20251228-free.txt,259858,18.3181,-64.8595,,,,1.13,0.033,,verschieden
1013,N,"Benner Bay, St. Thomas, Virgin Islands",harmonics/classic/harmonics-dwf-20251228-free.txt,276644,18.3200,-64.8700,,,,1.13,0.033,,verschieden
1014,N,"Jindo, South Korea",harmonics/utide/harmonics_utide_tidetables.txt,293717,34.4030,126.3078,,,,2.34,0.000,,verschieden
1014,N,"Jindo Supum, South Korea",harmonics/utide/harmonics_utide_tidetables.txt,295679,34.3833,126.3167,,,,2.34,0.000,,verschieden
1015,N,"Jinghai Jiao, Shandong, China",harmonics/att/harmonics_att_np204_secondary.txt,35193,36.8500,122.1833,,,,0.00,0.093,,aehnlich
1015,N,"Jinghai Jiao [Chinghai Point], Shandong, China",harmonics/noaa/harmonics_noaa_cptt.txt,108899,36.8500,122.1833,1,,,0.00,0.093,,aehnlich
1016,N,"Jinhae, South Korea",harmonics/classic/harmonics-1997-05-25_mod.txt,9403,35.1454,128.6421,,,,0.00,0.086,,gleich
1016,N,"Jinhae, South Korea",harmonics/utide/harmonics_utide_tidetables.txt,292741,35.1454,128.6421,,35.1500,128.6500,0.00,0.086,,gleich
1017,N,"Jinjidao Island (Kanmen Gang), Zhejiang, China",harmonics/ticon/harmonics_ticon4_worldwide.txt,87212,28.0803,121.2649,,28.0880,121.2820,1.84,0.026,,verschieden
1017,N,"Kanmen, Zhejiang, China",harmonics/utide/harmonics_utide_tidetables.txt,663681,28.0833,121.2833,,,,1.84,0.026,,verschieden
1018,N,"Jinshanzui, Shanghai, China",harmonics/noaa/harmonics_noaa_cptt.txt,115539,30.7333,121.3667,1,,,1.86,0.081,,gleich
1018,N,"Jinshanzui, Shanghai, China",harmonics/utide/harmonics_utide_tidetables.txt,654941,30.7500,121.3667,,,,1.86,0.081,,gleich
1019,G,"Johnson Point, British Columbia, Canada",harmonics/classic/harmonics-2004-06-14_mod.txt,126696,51.1100,-127.5370,,51.1167,-127.5333,0.00,0.006,,gleich
1019,G,"Johnson Point, British Columbia, Canada",harmonics/utide/harmonics_utide_tidetables.txt,125071,51.1100,-127.5370,,,,0.00,0.006,,gleich
1020,N,"Johnstown, Nova Scotia, Canada",harmonics/classic/harmonics-2004-06-14_mod.txt,127085,45.7928,-60.7390,,45.8000,-60.7500,0.02,0.008,,gleich
1020,N,"Johnstown, Nova Scotia, Canada",harmonics/utide/harmonics_utide_tidetables.txt,213041,45.7930,-60.7391,,,,0.02,0.008,,gleich
1021,H,"Johor Bahru (East Side of Causeway), Malaysia",harmonics/att/harmonics_att_np203_scs.txt,37184,1.4667,103.7833,,,,2.39,0.136,,gleich
1021,H,"Johor Bahru (West Side of Causeway), Malaysia",harmonics/att/harmonics_att_np203_scs_secondary.txt,18328,1.4539,103.7660,1,1.4500,103.7667,2.39,0.136,,gleich
1022,N,"Jolo, Philippines",harmonics/ticon/harmonics_ticon4_worldwide.txt,84215,6.0670,121.0000,,,,0.00,0.001,,gleich
1022,N,"Jolo, Philippines",harmonics/utide/harmonics_utide_observations.txt,179691,6.0670,121.0000,,,,0.00,0.001,,gleich
1023,N,"Jones Cove, Hong Kong",harmonics/noaa/harmonics_noaa_cptt.txt,122618,22.4667,114.3333,1,,,2.97,0.046,,verschieden
1023,N,"Ko Lau Wan, Hong Kong, China",harmonics/utide/harmonics_utide_tidetables.txt,285590,22.4586,114.3608,,,,2.97,0.046,,verschieden
1024,N,"Jorf Lasfar, Morocco",harmonics/att/harmonics_att_np208_secondary.txt,21630,33.1336,-8.6329,,,,0.00,0.017,,gleich
1024,N,"Jorf Lasfar, Morocco",harmonics/utide/harmonics_utide_tidetables.txt,342788,33.1336,-8.6329,,33.1333,-8.6333,0.00,0.017,,gleich
1025,N,"Ju'aymah Boat Pier (Ghizlan), Saudi Arabia",harmonics/att/harmonics_att_np203_secondary.txt,76213,26.8595,49.9074,,26.8670,49.9000,0.27,0.040,,verschieden
1025,N,"Ghizlan (Ra's al Qulay'ah), Saudi Arabia",harmonics/classic/harmonics-1997-05-25_mod.txt,30640,26.8619,49.9069,,26.8667,49.9000,0.27,0.040,,verschieden
1025,N,"Ju'aymah Boat Pier (Ghizlan), Saudi Arabia",harmonics/utide/harmonics_utide_tidetables.txt,687438,26.8595,49.9074,,,,0.27,0.040,,verschieden
1026,N,"Jui, Sierra Leone",harmonics/att/harmonics_att_np208_secondary.txt,30741,8.4170,-13.1170,,,,0.05,0.063,,verschieden
1026,N,"Maroon River, Sierra Leone",harmonics/noaa/harmonics_noaa_eutt.txt,31016,8.4167,-13.1167,1,,,0.05,0.063,,verschieden
1027,H,"Juist, Germany",harmonics/att/harmonics_att_np202_secondary.txt,77642,53.6704,6.9962,,,,1.67,0.186,,gleich
1027,H,"Juist (Seeseite), Germany",harmonics/noaa/harmonics_noaa_eutt.txt,82902,53.6833,6.9833,1,,,1.67,0.186,,gleich
1028,G,"Julington Creek, Florida (3)",harmonics/classic/harmonics-2004-06-14_mod.txt,127659,30.1350,-81.6300,,,,0.00,0.083,,gleich
1028,G,"Julington Creek, Florida (4)",harmonics/classic/harmonics-2004-06-14_mod.txt,127849,30.1350,-81.6300,,,,0.00,0.083,,gleich
1029,N,"Juneau, Alaska",harmonics/classic/harmonics-2004-06-14_mod.txt,128038,58.2983,-134.4117,,,,0.21,0.009,,gleich
1029,N,"Juneau, Alaska (2)",harmonics/classic/harmonics-2004-06-14_mod.txt,128228,58.3000,-134.4100,,,,0.21,0.009,,gleich
1029,N,"Juneau, Gastineau Channel, Stephens Pass, Alaska",harmonics/classic/harmonics-dwf-20251228-free.txt,217661,58.2988,-134.4106,,,,0.21,0.009,,gleich
1030,H,"Juzur Ashrafi, Egypt",harmonics/att/harmonics_att_np203_secondary.txt,49836,27.7805,33.6823,,,,0.00,0.113,,gleich
1030,H,"Juzur Ashrafi, Egypt",harmonics/noaa/harmonics_noaa_cptt.txt,279740,27.7805,33.6823,1,,,0.00,0.113,,gleich
1031,N,"Ka Do, North Korea",harmonics/att/harmonics_att_np204_secondary.txt,31329,39.5167,124.6667,,,,0.00,0.024,,gleich
1031,N,"Ka-do, North Korea",harmonics/noaa/harmonics_noaa_cptt.txt,95420,39.5167,124.6667,1,,,0.00,0.024,,gleich
1032,N,"Ka Mar Kyun (Owen Island), Myanmar",harmonics/att/harmonics_att_np203_scs.txt,24318,11.1988,98.2480,,11.2000,98.2500,0.00,0.024,,gleich
1032,N,"Ka Mar Kyun (Owen Island), Myanmar",harmonics/noaa/harmonics_noaa_cptt.txt,262691,11.1988,98.2480,1,,,0.00,0.024,,gleich
1033,N,"Kabashima, Nagasaki, Japan",harmonics/classic/harmonics-2004-06-14_mod.txt,128614,32.5676,129.7849,,32.5500,129.7830,0.18,0.079,,aehnlich
1033,N,"Kabashima Suido, Nagasaki, Japan",harmonics/noaa/harmonics_noaa_cptt.txt,72527,32.5667,129.7833,1,,,0.18,0.079,,aehnlich
1034,N,"Kabelvåg, Norway",harmonics/ticon/harmonics_ticon4_worldwide.txt,85419,68.2126,14.4821,,,,0.00,0.001,,gleich
1034,N,"Kabelvåg, Norway",harmonics/utide/harmonics_utide_observations.txt,171522,68.2126,14.4821,,,,0.00,0.001,,gleich
1035,N,"Kabgan Island, Philippines",harmonics/att/harmonics_att_np203_scs.txt,77746,13.7667,123.2667,,,,0.00,0.037,,aehnlich
1035,N,"Cabgan Island, San Miguel Bay, Camarines Sur, Philippines",harmonics/noaa/harmonics_noaa_cptt.txt,214866,13.7667,123.2667,1,,,0.00,0.037,,aehnlich
1036,H,"Kadmat, Lakshadweep, India",harmonics/att/harmonics_att_np203_secondary.txt,86473,11.2170,72.7830,,,,1.78,0.480,1,verschieden
1036,H,"Kardamum Island, Laccadive Islands, Lakshadweep, India",harmonics/noaa/harmonics_noaa_cptt.txt,274827,11.2167,72.7667,1,,,1.78,0.480,1,verschieden
1037,N,"Kagoshima Ko, Kagoshima Kaiwan, Kagoshima, Japan",harmonics/noaa/harmonics_noaa_cptt.txt,70974,31.6000,130.5667,1,,,0.86,0.036,,gleich
1037,N,"Kagoshima, Kagoshima, Japan",harmonics/ticon/harmonics_ticon4_worldwide.txt,85619,31.5925,130.5647,,,,0.86,0.036,,gleich
1037,N,"Kagoshima, Kagoshima, Japan",harmonics/utide/harmonics_utide_observations.txt,107839,31.5925,130.5647,,,,0.86,0.036,,gleich
1038,N,"Kahikatea Bay, New Zealand",harmonics/utide/harmonics_utide_tidetables.txt,531900,-41.2394,174.1127,,,,1.20,0.002,,verschieden
1038,N,"East Bay, New Zealand",harmonics/utide/harmonics_utide_tidetables.txt,568134,-41.2407,174.1270,,,,1.20,0.002,,verschieden
1039,HN,"Kaikoura Peninsula, Nelson, New Zealand",harmonics/noaa/harmonics_noaa_cptt.txt,229841,-42.4000,173.7000,1,,,1.44,0.121,,verschieden
1039,HN,"Kaikoura, New Zealand",harmonics/ticon/harmonics_ticon4_worldwide.txt,86018,-42.4128,173.7028,,,,1.44,0.121,,verschieden
1039,HN,"Kaikoura, New Zealand",harmonics/utide/harmonics_utide_tidetables.txt,597297,-42.4126,173.7027,,,,1.44,0.121,,verschieden
1040,N,"Kainan, Wakayama, Japan",harmonics/ticon/harmonics_ticon4_worldwide.txt,86220,34.1442,135.1914,,,,0.00,0.005,,gleich
1040,N,"Kainan, Wakayama, Japan",harmonics/utide/harmonics_utide_observations.txt,108037,34.1442,135.1914,,,,0.00,0.005,,gleich
1041,N,"Kakaji, Oita, Japan",harmonics/classic/harmonics-2004-06-14_mod.txt,129579,33.6727,131.5133,,33.6833,131.5170,0.00,0.077,,gleich
1041,N,"Kakaji, Oita, Japan",harmonics/noaa/harmonics_noaa_cptt.txt,67418,33.6727,131.5133,1,,,0.00,0.077,,gleich
1042,N,"Kakinada (Cocanada), Andhra Pradesh, India",harmonics/att/harmonics_att_np203.txt,30718,16.9382,82.2539,,16.9400,82.2800,0.01,0.051,,gleich
1042,N,"Kakinada (Cocanada), Andhra Pradesh, India",harmonics/classic/harmonics-1997-05-25_mod.txt,16499,16.9382,82.2539,,16.9333,82.2500,0.01,0.051,,gleich
1042,N,"Kakinada (Cocanada), Andhra Pradesh, India",harmonics/noaa/harmonics_noaa_cptt.txt,268002,16.9381,82.2539,1,,,0.01,0.051,,gleich
1042,N,"Kakinada (Cocanada), Andhra Pradesh, India",harmonics/utide/harmonics_utide_tidetables.txt,290422,16.9382,82.2539,,,,0.01,0.051,,gleich
1043,N,"Kalabahi, Indonesia",harmonics/att/harmonics_att_np203_scs.txt,133068,-8.2333,124.5333,,,,1.83,0.088,,gleich
1043,N,"Kalabahi, Indonesia",harmonics/noaa/harmonics_noaa_cptt.txt,155661,-8.2333,124.5167,1,,,1.83,0.088,,gleich
1044,H,"Kalgalaksha, Russia",harmonics/att/harmonics_att_np202_secondary.txt,38638,65.7500,34.6833,,,,1.86,0.108,,gleich
1044,H,"Kalgalaksha, Kalgalaksha Bay, Russia",harmonics/noaa/harmonics_noaa_eutt.txt,101401,65.7667,34.6833,1,,,1.86,0.108,,gleich
1045,N,"Kalianget, Indonesia",harmonics/att/harmonics_att_np203_scs.txt,127830,-7.0500,113.9167,,,,1.83,0.099,,gleich
1045,N,"Kalianget, Madura Island, Java, Indonesia",harmonics/noaa/harmonics_noaa_cptt.txt,152488,-7.0500,113.9333,1,,,1.83,0.099,,gleich
1046,N,"Kamaisi, Iwate, Japan",harmonics/ticon/harmonics_ticon4_worldwide.txt,86814,39.2733,141.8892,,,,0.00,0.004,,gleich
1046,N,"Kamaisi, Iwate, Japan",harmonics/utide/harmonics_utide_observations.txt,108231,39.2733,141.8892,,,,0.00,0.004,,gleich
1047,N,"Kamaran (Passage), Yemen",harmonics/att/harmonics_att_np203.txt,15005,15.3343,42.6134,,,,0.00,0.061,,gleich
1047,N,"Kamaran (Passage), Yemen",harmonics/noaa/harmonics_noaa_cptt.txt,278756,15.3343,42.6134,1,,,0.00,0.061,,gleich
1048,N,"Kameike (Minamidaito), Okinawa, Japan",harmonics/classic/harmonics-2004-06-14_mod.txt,170752,25.8132,131.2333,,25.8167,131.2330,0.39,0.076,,verschieden
1048,N,"Minami Daito Jima, Okinawa, Japan",harmonics/noaa/harmonics_noaa_cptt.txt,80757,25.8167,131.2333,1,,,0.39,0.076,,verschieden
1049,H,"Kamenka, Russia",harmonics/att/harmonics_att_np202_secondary.txt,32624,65.8833,44.1333,,,,0.00,0.389,1,gleich
1049,H,"Kamenka, Mezen River, Russia",harmonics/noaa/harmonics_noaa_eutt.txt,112279,65.8833,44.1333,1,,,0.00,0.389,1,gleich
1050,N,"Kamikoshiki-shima, Kagoshima, Japan",harmonics/classic/harmonics-2004-06-14_mod.txt,182112,31.8343,129.8606,,31.8500,129.8500,2.01,0.078,,verschieden
1050,N,"Nakagawara Ura, Kagoshima, Japan",harmonics/noaa/harmonics_noaa_cptt.txt,71169,31.8500,129.8500,1,,,2.01,0.078,,verschieden
1051,N,"Kaminato (Hachijo-jima), Tokyo, Japan",harmonics/ticon/harmonics_ticon4_worldwide.txt,66979,33.1303,139.8047,,,,0.00,0.003,,gleich
1051,N,"Kaminato (Hachijo-jima), Tokyo, Japan",harmonics/utide/harmonics_utide_observations.txt,101788,33.1303,139.8047,,33.1333,139.8000,0.00,0.003,,gleich
1052,N,"Kamogawa, Chiba, Japan",harmonics/classic/harmonics-2004-06-14_mod.txt,130934,35.0934,140.1079,,35.0833,140.1000,1.03,0.055,,gleich
1052,N,"Kamogawa, Kamogawa Wan, Chiba, Japan",harmonics/noaa/harmonics_noaa_cptt.txt,51001,35.1000,140.1000,1,,,1.03,0.055,,gleich
1053,K,"Kamoise (Tsushima), Nagasaki, Japan",harmonics/classic/harmonics-2004-06-14_mod.txt,131127,34.3333,129.3830,,,,3.70,0.113,1,verschieden
1053,K,"Miura Wan, Nagasaki, Japan",harmonics/noaa/harmonics_noaa_cptt.txt,76817,34.3000,129.3833,1,,,3.70,0.113,1,verschieden
1054,N,"Kampung Tektek (Pulau Tioman), Malaysia",harmonics/att/harmonics_att_np203_scs.txt,59306,2.8073,104.1383,,2.8000,104.1333,0.00,0.015,,gleich
1054,N,"Kampung Tektek (Pulau Tioman), Malaysia",harmonics/ticon/harmonics_ticon4_worldwide.txt,192561,2.8073,104.1383,,2.8070,104.1400,0.00,0.015,,gleich
1055,H,"Kampungbaru, Indonesia",harmonics/att/harmonics_att_np203_scs.txt,106880,-3.4167,116.0167,,,,0.00,0.205,,gleich
1055,H,"Kampung Baru, Laut Strait, Borneo, Indonesia",harmonics/noaa/harmonics_noaa_cptt.txt,162743,-3.4167,116.0167,1,,,0.00,0.205,,gleich
1056,N,"Kanazawa, Ishikawa, Japan",harmonics/ticon/harmonics_ticon4_worldwide.txt,87012,36.6178,136.6028,,,,0.00,0.004,,gleich
1056,N,"Kanazawa, Ishikawa, Japan",harmonics/utide/harmonics_utide_observations.txt,108425,36.6178,136.6028,,,,0.00,0.004,,gleich
1057,N,"Kanda, Fukuoka, Japan",harmonics/ticon/harmonics_ticon4_worldwide.txt,88418,33.7936,131.0006,,,,0.00,0.004,,gleich
1057,N,"Kanda, Fukuoka, Japan",harmonics/utide/harmonics_utide_observations.txt,109201,33.7936,131.0006,,,,0.00,0.004,,gleich
1058,N,"Kandalaksha, Russia",harmonics/att/harmonics_att_np202_secondary.txt,39414,67.1333,32.4167,,,,0.00,0.069,,gleich
1058,N,"Kandalaksha, Russia",harmonics/noaa/harmonics_noaa_eutt.txt,100431,67.1333,32.4167,1,,,0.00,0.069,,gleich
1059,N,"Kandla, Gujarat, India",harmonics/att/harmonics_att_np203.txt,24961,23.0094,70.2233,,23.0200,70.2200,0.02,0.087,,gleich
1059,N,"Kandla, Gujarat, India",harmonics/classic/harmonics-1997-05-25_mod.txt,16743,23.0095,70.2232,,23.0000,70.2333,0.02,0.087,,gleich
1059,N,"Kandla, Gujarat, India",harmonics/noaa/harmonics_noaa_cptt.txt,273464,23.0096,70.2233,1,,,0.02,0.087,,gleich
1059,N,"Kandla, Gujarat, India",harmonics/utide/harmonics_utide_tidetables.txt,287939,23.0095,70.2232,,,,0.02,0.087,,gleich
1060,N,"Kanegusukuko (Kumejima), Okinawa, Japan",harmonics/classic/harmonics-2004-06-14_mod.txt,87238,26.3406,126.7553,,26.3333,126.7670,2.34,0.070,,verschieden
1060,N,"Gima Ko, Kume Shima, Okinawa, Japan",harmonics/noaa/harmonics_noaa_cptt.txt,80560,26.3333,126.7333,1,,,2.34,0.070,,verschieden
1061,H,"Kannur (Cannanore), Kerala, India",harmonics/att/harmonics_att_np203_secondary.txt,100649,11.8550,75.3759,,11.8500,75.3667,0.00,0.143,,gleich
1061,H,"Kannur (Cannanore), Kerala, India",harmonics/noaa/harmonics_noaa_cptt.txt,270920,11.8550,75.3759,1,,,0.00,0.143,,gleich
1062,N,"Kao-hsiung, Taiwan",harmonics/noaa/harmonics_noaa_cptt.txt,117529,22.6167,120.2667,1,,,2.23,0.097,,gleich
1062,N,"Kaohsiung, Taiwan",harmonics/ticon/harmonics_ticon4_worldwide.txt,87619,22.6144,120.2883,,22.6150,120.2880,2.23,0.097,,gleich
1062,N,"Kaohsiung, Taiwan",harmonics/utide/harmonics_utide_tidetables.txt,395281,22.6144,120.2883,,,,2.23,0.097,,gleich
1063,HN,"Kaoh Mul, Cambodia",harmonics/att/harmonics_att_np203_scs.txt,152872,11.4372,103.0061,,11.4167,103.0000,2.37,0.161,,verschieden
1063,HN,"Ilot Cone, Cambodia",harmonics/classic/harmonics-1997-05-25_mod.txt,15025,11.4167,103.0000,,,,2.37,0.161,,verschieden
1063,HN,"Cone Island, Vietnam",harmonics/noaa/harmonics_noaa_cptt.txt,136377,11.4333,103.0000,1,,,2.37,0.161,,verschieden
1064,K,"Kapshui Mun, Hong Kong",harmonics/noaa/harmonics_noaa_cptt.txt,123994,22.3500,114.0500,1,,,2.69,0.029,,verschieden
1064,K,"Ma Wan, Hong Kong, China",harmonics/utide/harmonics_utide_tidetables.txt,286176,22.3639,114.0714,,,,2.69,0.029,,verschieden
1065,N,"Karachi (Entrance), Pakistan",harmonics/att/harmonics_att_np203.txt,25731,24.8000,66.9667,,,,1.58,0.032,,gleich
1065,N,"Karachi, Pakistan",harmonics/ticon/harmonics_ticon4_worldwide.txt,88022,24.8120,66.9750,,24.8000,66.9670,1.58,0.032,,gleich
1065,N,"Karachi, Pakistan",harmonics/utide/harmonics_utide_observations.txt,176109,24.8120,66.9750,,,,1.58,0.032,,gleich
1066,N,"Karang Jamuang, Indonesia",harmonics/att/harmonics_att_np203_scs.txt,127054,-6.9333,112.7333,,,,0.74,0.013,,aehnlich
1066,N,"Karang Jamuang, Java, Indonesia",harmonics/classic/harmonics-1997-05-25_mod.txt,16865,-6.9295,112.7278,,-6.9333,112.7333,0.74,0.013,,aehnlich
1066,N,"Karang Djamuang, Indonesia",harmonics/utide/harmonics_utide_tidetables.txt,673180,-6.9333,112.7333,,,,0.74,0.013,,aehnlich
1067,N,"Karang Kleta, Indonesia",harmonics/att/harmonics_att_np203_scs.txt,126470,-7.3333,112.8667,,,,0.00,0.100,,verschieden
1067,N,"Surabaja Strait, east entrance, Java, Indonesia",harmonics/noaa/harmonics_noaa_cptt.txt,151910,-7.3333,112.8667,1,,,0.00,0.100,,verschieden
1068,N,"Karatsu, Saga, Japan",harmonics/ticon/harmonics_ticon4_worldwide.txt,88220,33.4669,129.9617,,,,0.01,0.011,,gleich
1068,N,"Karatsu, Saga, Japan",harmonics/utide/harmonics_utide_observations.txt,109007,33.4669,129.9617,,,,0.01,0.011,,gleich
1069,N,"Kariya (San'yo-Onoda), Yamaguchi, Japan",harmonics/classic/harmonics-2004-06-14_mod.txt,132864,33.9621,131.1632,,33.9500,131.1670,1.13,0.066,,verschieden
1069,N,"Onoda (San'yo-Onoda), Yamaguchi, Japan",harmonics/classic/harmonics-2004-06-14_mod.txt,204430,33.9714,131.1681,,33.9667,131.1830,1.13,0.066,,verschieden
1070,N,"Kariya, Saga, Japan",harmonics/ticon/harmonics_ticon4_worldwide.txt,88620,33.4731,129.8492,,,,0.01,0.005,,gleich
1070,N,"Kariya, Saga, Japan",harmonics/utide/harmonics_utide_observations.txt,109399,33.4731,129.8492,,,,0.01,0.005,,gleich
1071,N,"Karori Rock Light, New Zealand",harmonics/utide/harmonics_utide_tidetables.txt,535828,-41.3435,174.6515,,,,1.26,0.040,,verschieden
1071,N,"Cave Bay, New Zealand",harmonics/utide/harmonics_utide_tidetables.txt,555911,-41.3325,174.6479,,,,1.26,0.040,,verschieden
1072,N,"Karoto-Ko Seto, Hiroshima, Japan",harmonics/classic/harmonics-2004-06-14_mod.txt,133057,34.0700,132.5391,,34.0667,132.5500,1.07,0.076,,aehnlich
1072,N,"Karoto Koseto, Hiroshima, Japan",harmonics/noaa/harmonics_noaa_cptt.txt,63116,34.0667,132.5500,1,,,1.07,0.076,,aehnlich
1073,N,"Karrakatta Bay, Western Australia, Australia",harmonics/classic/harmonics-2004-06-14_mod.txt,133252,-16.3667,123.0333,,,,0.00,0.028,,gleich
1073,N,"Karrakatta Bay, Western Australia, Australia",harmonics/noaa/harmonics_noaa_cptt.txt,258732,-16.3667,123.0333,1,,,0.00,0.028,,gleich
1074,N,"Karumojima, Hyogo, Japan",harmonics/classic/harmonics-2004-06-14_mod.txt,133445,34.6497,135.1663,,34.6500,135.1670,0.05,0.093,,gleich
1074,N,"Karumo Jima, Hyogo, Japan",harmonics/noaa/harmonics_noaa_cptt.txt,58447,34.6500,135.1667,1,,,0.05,0.093,,gleich
1075,N,"Karwar, Karnataka, India",harmonics/att/harmonics_att_np203.txt,28799,14.7984,74.1116,,14.8100,74.1300,0.02,0.081,,gleich
1075,N,"Karwar, Karnataka, India",harmonics/classic/harmonics-1997-05-25_mod.txt,16989,14.7984,74.1116,,14.8000,74.1000,0.02,0.081,,gleich
1075,N,"Karwar, Karnataka, India",harmonics/noaa/harmonics_noaa_cptt.txt,271506,14.7983,74.1117,1,,,0.02,0.081,,gleich
1075,N,"Karwar, Karnataka, India",harmonics/utide/harmonics_utide_tidetables.txt,290613,14.7984,74.1116,,,,0.02,0.081,,gleich
1076,N,"Kasari Wan (Amami Oshima), Kagoshima, Japan",harmonics/classic/harmonics-2004-06-14_mod.txt,133831,28.4505,129.6616,,28.4500,129.6500,1.14,0.072,,gleich
1076,N,"Kasari Wan, Kagoshima, Japan",harmonics/noaa/harmonics_noaa_cptt.txt,78590,28.4500,129.6500,1,,,1.14,0.072,,gleich
1077,N,"Kasatka Bay (Iturup), Kuril Islands, Russia",harmonics/classic/harmonics-2004-06-14_mod.txt,107457,44.9288,147.6288,,44.9333,147.6330,0.61,0.077,,aehnlich
1077,N,"Zaliv Kasatka, Russia",harmonics/noaa/harmonics_noaa_cptt.txt,42980,44.9333,147.6333,1,,,0.61,0.077,,aehnlich
1078,N,"Kashima, Ibaraki, Japan",harmonics/ticon/harmonics_ticon4_worldwide.txt,89016,35.9295,140.6936,,,,0.01,0.008,,gleich
1078,N,"Kashima, Ibaraki, Japan",harmonics/utide/harmonics_utide_observations.txt,109593,35.9295,140.6936,,,,0.01,0.008,,gleich
1079,N,"Kashiwazaki, Ehime, Japan",harmonics/classic/harmonics-2004-06-14_mod.txt,134217,33.0170,132.4958,,33.0167,132.4830,0.39,0.080,,aehnlich
1079,N,"Kashiwa, Ehime, Japan",harmonics/noaa/harmonics_noaa_cptt.txt,66829,33.0167,132.5000,1,,,0.39,0.080,,aehnlich
1080,N,"Kashiwazaki, Niigata, Japan",harmonics/ticon/harmonics_ticon4_worldwide.txt,89218,37.3567,138.5086,,,,0.00,0.008,,gleich
1080,N,"Kashiwazaki, Niigata, Japan",harmonics/utide/harmonics_utide_observations.txt,109792,37.3567,138.5086,,,,0.00,0.008,,gleich
1081,N,"Katashima (Sukumo Wan), Kochi, Japan",harmonics/classic/harmonics-2004-06-14_mod.txt,134799,32.9135,132.6767,,32.9000,132.7000,2.20,0.062,,verschieden
1081,N,"Henshima, Kochi, Japan",harmonics/utide/harmonics_utide_observations.txt,103755,32.9167,132.7000,,,,2.20,0.062,,verschieden
1082,N,"Katsuura, Chiba, Japan",harmonics/ticon/harmonics_ticon4_worldwide.txt,89819,35.1294,140.2494,,,,0.01,0.007,,gleich
1082,N,"Katsuura, Chiba, Japan",harmonics/utide/harmonics_utide_observations.txt,110184,35.1294,140.2494,,,,0.01,0.007,,gleich
1083,N,"Katumoto, Nagasaki, Japan",harmonics/classic/harmonics-2004-06-14_mod.txt,134992,33.8500,129.7000,,,,1.54,0.092,,verschieden
1083,N,"Kazamoto Ura, Iki Shima, Nagasaki, Japan",harmonics/noaa/harmonics_noaa_cptt.txt,75052,33.8500,129.6833,1,,,1.54,0.092,,verschieden
1084,N,"Kaunakakai, Molokai (Hawaii)",harmonics/classic/harmonics-2004-06-14_mod.txt,135378,21.0850,-157.0317,,,,0.03,0.027,,gleich
1084,N,"Kaunakakai Harbor, Molokai Island, Hawaii",harmonics/classic/harmonics-dwf-20251228-free.txt,16490,21.0850,-157.0320,,,,0.03,0.027,,gleich
1085,N,"Kavieng, New Ireland, Papua New Guinea",harmonics/ticon/harmonics_ticon4_worldwide.txt,90215,-2.5816,150.7903,,-2.5850,150.7950,0.64,0.001,,gleich
1085,N,"Kavieng, Papua New Guinea",harmonics/utide/harmonics_utide_observations.txt,182262,-2.5850,150.7950,,,,0.64,0.001,,gleich
1086,N,"Kawajiri Koyo, Hiroshima, Japan",harmonics/classic/harmonics-2004-06-14_mod.txt,145208,34.2403,132.7192,,34.2333,132.7170,0.81,0.081,,verschieden
1086,N,"Koyo, Aki Nada, Hiroshima, Japan",harmonics/noaa/harmonics_noaa_cptt.txt,62726,34.2333,132.7167,1,,,0.81,0.081,,verschieden
1087,N,"Kawasaki (Shiohama Unga), Kanagawa, Japan",harmonics/ticon/harmonics_ticon4_worldwide.txt,90415,35.5035,139.7761,,35.5000,139.7667,0.00,0.003,,gleich
1087,N,"Kawasaki (Shiohama Unga), Kanagawa, Japan",harmonics/utide/harmonics_utide_observations.txt,110380,35.5035,139.7761,,,,0.00,0.003,,gleich
1088,H,"Kawhia, Taranaki, New Zealand",harmonics/noaa/harmonics_noaa_cptt.txt,231594,-38.0667,174.8167,1,,,0.57,0.133,,gleich
1088,H,"Kawhia, New Zealand",harmonics/utide/harmonics_utide_tidetables.txt,558471,-38.0659,174.8231,,,,0.57,0.133,,gleich
1089,N,"Kay Point, Yukon, Canada",harmonics/classic/harmonics-2004-06-14_mod.txt,135761,69.2833,-138.4333,,,,0.00,0.000,,gleich
1089,N,"Kay Point, Yukon, Canada",harmonics/utide/harmonics_utide_tidetables.txt,284617,69.2833,-138.4333,,,,0.00,0.000,,gleich
1090,N,"Kearney Point, Hackensack River, New Jersey",harmonics/classic/harmonics-2004-06-14_mod.txt,136335,40.7267,-74.1050,,,,1.13,0.082,,gleich
1090,N,"Kearney Point, Passaic River, New Jersey",harmonics/classic/harmonics-2004-06-14_mod.txt,136528,40.7317,-74.1167,,,,1.13,0.082,,gleich
1091,N,"Keelung, Taiwan",harmonics/ticon/harmonics_ticon4_worldwide.txt,90617,25.1550,121.7522,,25.1570,121.7450,0.00,0.026,,gleich
1091,N,"Keelung, Taiwan",harmonics/utide/harmonics_utide_tidetables.txt,395675,25.1550,121.7522,,,,0.00,0.026,,gleich
1092,N,"Kelley's Cove, Nova Scotia, Canada",harmonics/classic/harmonics-2004-06-14_mod.txt,136718,43.7833,-66.1320,,43.7833,-66.1333,0.03,0.015,,aehnlich
1092,N,"Kellys Cove, Nova Scotia, Canada",harmonics/utide/harmonics_utide_tidetables.txt,213235,43.7833,-66.1317,,,,0.03,0.015,,aehnlich
1093,G,"Kemano Bay, Gardner Canal, British Columbia, Canada",harmonics/noaa/harmonics_noaa_amtt.txt,70832,53.5167,-128.1167,1,,,4.33,0.017,1,gleich
1093,G,"Kemano Bay, British Columbia, Canada",harmonics/utide/harmonics_utide_tidetables.txt,141135,53.4780,-128.1240,,,,4.33,0.017,1,gleich
1094,H,"Kenipaan, Indonesia",harmonics/att/harmonics_att_np203_scs.txt,43586,0.9167,103.3333,,,,0.00,0.132,,aehnlich
1094,H,"Pulo Kenipaan, Gelam Strait, Sumatra, Indonesia",harmonics/noaa/harmonics_noaa_cptt.txt,140956,0.9167,103.3333,1,,,0.00,0.132,,aehnlich
1095,K,"Kesennuma, Miyagi, Japan",harmonics/classic/harmonics-2004-06-14_mod.txt,137106,38.9057,141.5756,,38.8833,141.6170,4.34,0.035,1,aehnlich
1095,K,"Kesennuma Wan, Miyagi, Japan",harmonics/noaa/harmonics_noaa_cptt.txt,50023,38.8833,141.6167,1,,,4.34,0.035,1,aehnlich
1096,N,"Ketchikan, Alaska",harmonics/classic/harmonics-2004-06-14_mod.txt,137295,55.3333,-131.6250,,,,0.17,0.005,,gleich
1096,N,"Ketchikan, Tongass Narrows, Alaska",harmonics/classic/harmonics-dwf-20251228-free.txt,208466,55.3319,-131.6261,,,,0.17,0.005,,gleich
1097,N,"Key West (Naval Base), Florida",harmonics/classic/harmonics-2004-06-14_mod.txt,137484,24.5533,-81.8083,,,,0.27,0.017,,gleich
1097,N,"Key West, Florida",harmonics/classic/harmonics-dwf-20251228-free.txt,116022,24.5557,-81.8079,,,,0.27,0.017,,gleich
1098,N,"Khabarovo, Russia",harmonics/att/harmonics_att_np202_secondary.txt,30102,69.6500,60.4167,,,,0.00,0.075,,gleich
1098,N,"Khabarovo, Russia",harmonics/noaa/harmonics_noaa_eutt.txt,119993,69.6500,60.4167,1,,,0.00,0.075,,gleich
1099,N,"Khafji, Saudi Arabia",harmonics/att/harmonics_att_np203_secondary.txt,78913,28.4187,48.5293,,28.4170,48.5170,0.00,0.096,,gleich
1099,N,"Khafji, Saudi Arabia",harmonics/classic/harmonics-1997-05-25_mod.txt,30396,28.4187,48.5293,,28.4167,48.5167,0.00,0.096,,gleich
1100,N,"Khalij-e Jask, Iran",harmonics/att/harmonics_att_np203_secondary.txt,85303,25.6467,57.7653,,25.6330,57.7670,0.00,0.030,,gleich
1100,N,"Khalij-e Jask, Iran",harmonics/ticon/harmonics_ticon4_worldwide.txt,83611,25.6467,57.7653,,25.6300,57.7700,0.00,0.030,,gleich
1100,N,"Khalij-e Jask, Iran",harmonics/utide/harmonics_utide_observations.txt,92606,25.6467,57.7653,,25.6300,57.7700,0.00,0.030,,gleich
1101,N,"Khawr Wudam, Oman",harmonics/att/harmonics_att_np203_secondary.txt,61900,23.8246,57.5250,,,,0.00,0.017,,gleich
1101,N,"Khawr Wudam, Oman",harmonics/utide/harmonics_utide_observations.txt,223453,23.8246,57.5250,,23.8200,57.5200,0.00,0.017,,gleich
1102,N,"Khawr al Quway (Jazirat Umm al Ghanam), Oman",harmonics/att/harmonics_att_np203_secondary.txt,63064,26.3667,56.3613,,,,0.00,0.075,,gleich
1102,N,"Khawr al Quway (Jazirat Umm al Ghanam), Oman",harmonics/noaa/harmonics_noaa_cptt.txt,277190,26.3667,56.3613,1,,,0.00,0.075,,gleich
1103,N,"Khepupara, Bangladesh",harmonics/ticon/harmonics_ticon4_worldwide.txt,91823,21.9844,90.2187,,21.8330,89.8330,0.00,0.001,,gleich
1103,N,"Khepupara, Bangladesh",harmonics/utide/harmonics_utide_observations.txt,26348,21.9844,90.2187,,,,0.00,0.001,,gleich
1104,N,"Khowr-e Musa Bar, Iran",harmonics/att/harmonics_att_np203.txt,35125,29.9998,49.0500,,,,0.00,0.016,,gleich
1104,N,"Khowr-e Musa Bar, Iran",harmonics/classic/harmonics-1997-05-25_mod.txt,17113,29.9998,49.0500,,30.0000,49.0000,0.00,0.016,,gleich
1104,N,"Khowr-e Musa Bar, Iran",harmonics/utide/harmonics_utide_tidetables.txt,669879,29.9998,49.0500,,30.0000,49.0500,0.00,0.016,,gleich
1105,N,"Kii-Katsuura, Wakayama, Japan",harmonics/classic/harmonics-2004-06-14_mod.txt,138255,33.6337,135.9501,,33.6333,135.9500,1.89,0.039,,aehnlich
1105,N,"Katsuura Wan, Wakayama, Japan",harmonics/noaa/harmonics_noaa_cptt.txt,54918,33.6167,135.9500,1,,,1.89,0.039,,aehnlich
1106,N,"Kilrush Lough, Ireland",harmonics/utide/harmonics_utide_observations.txt,94558,52.6319,-9.5021,,,,0.00,0.061,,gleich
1106,N,"Kilrush Lough, Ireland",harmonics/utide/harmonics_utide_tidetables.txt,465392,52.6319,-9.5021,,,,0.00,0.061,,gleich
1107,N,"Kimmirut (Lake Harbour), Nunavut, Canada",harmonics/classic/harmonics-2004-06-14_mod.txt,149430,62.7960,-69.7750,,62.8500,-69.8833,0.01,0.019,,gleich
1107,N,"Kimmirut (Lake Harbour), Nunavut, Canada",harmonics/ticon/harmonics_ticon4_worldwide.txt,92222,62.7960,-69.7749,,62.8000,-69.7800,0.01,0.019,,gleich
1107,N,"Kimmirut, Nunavut, Canada",harmonics/utide/harmonics_utide_tidetables.txt,233779,62.7960,-69.7750,,,,0.01,0.019,,gleich
1108,N,"King Edward Cove, South Georgia and the South Sandwich Islands",harmonics/att/harmonics_att_np207.txt,28640,-54.2833,-36.5000,,,,0.21,0.028,,aehnlich
1108,N,"King Edward, United Kingdom",harmonics/ticon/harmonics_ticon4_worldwide.txt,92425,-54.2833,-36.4968,,,,0.21,0.028,,aehnlich
1109,H,"Kingston, South Australia, Australia",harmonics/classic/harmonics-2004-06-14_mod.txt,140379,-36.8257,139.8479,,-36.8333,139.8500,0.00,0.234,,gleich
1109,H,"Kingston, South Australia, Australia",harmonics/noaa/harmonics_noaa_cptt.txt,254047,-36.8257,139.8479,1,,,0.00,0.234,,gleich
1110,H,"Kingstown, St. Vincent, Saint Vincent and the Grenadines",harmonics/noaa/harmonics_noaa_amtt.txt,36975,13.1667,-61.2167,1,,,2.08,0.332,1,gleich
1110,H,"Kingstown, Saint Vincent and the Grenadines",harmonics/utide/harmonics_utide_observations.txt,190167,13.1494,-61.2239,,,,2.08,0.332,1,gleich
1111,G,"Kirkcaldie Reef, Torres Strait, Queensland, Australia",harmonics/classic/harmonics-2004-06-14_mod.txt,140577,-10.4167,142.8000,,,,11.12,0.074,1,gleich
1111,G,"Kirkcaldie Reef, Queensland, Australia",harmonics/utide/harmonics_utide_tidetables.txt,70838,-10.3167,142.8000,,,,11.12,0.074,1,gleich
1112,N,"Kirkcudbright Bay, Scotland, United Kingdom",harmonics/utide/harmonics_utide_observations.txt,220172,54.7947,-4.0624,,,,0.00,0.064,,gleich
1112,N,"Kirkcudbright Bay, Scotland, United Kingdom",harmonics/utide/harmonics_utide_tidetables.txt,466357,54.7947,-4.0624,,,,0.00,0.064,,gleich
1113,N,"Kirkwall, Scotland, United Kingdom",harmonics/utide/harmonics_utide_observations.txt,220364,58.9854,-2.9603,,,,0.00,0.024,,gleich
1113,N,"Kirkwall, Scotland, United Kingdom",harmonics/utide/harmonics_utide_tidetables.txt,466552,58.9854,-2.9603,,58.9833,-2.9667,0.00,0.024,,gleich
1114,N,"Kismayo, Somalia",harmonics/att/harmonics_att_np203_secondary.txt,44193,-0.3860,42.5463,,,,0.00,0.065,,gleich
1114,N,"Kismayo, Somalia",harmonics/noaa/harmonics_noaa_cptt.txt,282469,-0.3860,42.5463,1,,,0.00,0.065,,gleich
1115,H,"Kitasoya, Russia",harmonics/att/harmonics_att_np204_secondary.txt,21322,49.4500,142.1167,,,,0.00,0.433,1,verschieden
1115,H,"Lesogorsk, Russia",harmonics/noaa/harmonics_noaa_cptt.txt,34380,49.4500,142.1167,1,,,0.00,0.433,1,verschieden
1116,N,"Kitimat, British Columbia, Canada",harmonics/utide/harmonics_utide_observations.txt,41034,53.9890,-128.6960,,,,0.00,0.003,,gleich
1116,N,"Kitimat, British Columbia, Canada",harmonics/utide/harmonics_utide_tidetables.txt,140942,53.9890,-128.6960,,,,0.00,0.003,,gleich
1117,N,"Kitsilano, British Columbia, Canada",harmonics/utide/harmonics_utide_observations.txt,41227,49.2766,-123.1394,,,,1.54,0.022,,verschieden
1117,N,"Kitsilano, British Columbia, Canada",harmonics/utide/harmonics_utide_tidetables.txt,106324,49.2766,-123.1394,,,,1.54,0.022,,verschieden
1117,N,"False Creek, British Columbia, Canada",harmonics/utide/harmonics_utide_tidetables.txt,106517,49.2710,-123.1200,,,,1.54,0.022,,verschieden
1118,N,"Knock (Ems), Germany",harmonics/utide/harmonics_utide_observations.txt,78276,53.3272,7.0307,,,,0.01,0.034,,gleich
1118,N,"Knock (Ems), Germany",harmonics/utide/harmonics_utide_observations.txt,155128,53.3272,7.0306,,,,0.01,0.034,,gleich
1119,GN,"Knysna, South Africa",harmonics/att/harmonics_att_np203_secondary.txt,19066,-34.0502,23.0449,,-34.0667,23.0500,3.70,0.068,1,gleich
1119,GN,"Knysna, South Africa",harmonics/noaa/harmonics_noaa_eutt.txt,16957,-34.0500,23.0450,1,,,3.70,0.068,1,gleich
1119,GN,"Knysna (The Heads), South Africa",harmonics/ticon/harmonics_ticon4_worldwide.txt,93423,-34.0830,23.0500,,,,3.70,0.068,1,gleich
1119,GN,"Knysna, South Africa",harmonics/ticon/harmonics_ticon4_worldwide.txt,93626,-34.0502,23.0449,,-34.0500,23.0450,3.70,0.068,1,gleich
1119,GN,"Knysna, South Africa",harmonics/utide/harmonics_utide_observations.txt,188975,-34.0500,23.0450,,,,3.70,0.068,1,gleich
1120,N,"Ko Lela, Satun, Thailand",harmonics/att/harmonics_att_np203_scs.txt,30967,6.7333,99.7045,,6.7333,99.7000,0.00,0.081,,gleich
1120,N,"Ko Lela, Satun, Thailand",harmonics/noaa/harmonics_noaa_cptt.txt,137756,6.7333,99.7045,1,,,0.00,0.081,,gleich
1121,N,"Ko Miang, Phang Nga, Thailand",harmonics/att/harmonics_att_np203_scs.txt,29788,8.5712,97.6373,,8.5833,97.6333,0.00,0.048,,gleich
1121,N,"Ko Miang, Phang Nga, Thailand",harmonics/utide/harmonics_utide_observations.txt,190759,8.5712,97.6373,,,,0.00,0.048,,gleich
1122,N,"Kobe, Hyogo, Japan",harmonics/ticon/harmonics_ticon4_worldwide.txt,94031,34.6822,135.1903,,,,0.00,0.006,,gleich
1122,N,"Kobe, Hyogo, Japan",harmonics/utide/harmonics_utide_observations.txt,111740,34.6822,135.1903,,,,0.00,0.006,,gleich
1123,HN,"Kochi (Willingdon Island), Kerala, India",harmonics/noaa/harmonics_noaa_cptt.txt,270139,9.9697,76.2628,1,,,0.02,0.250,,gleich
1123,HN,"Kochi (Willingdon Island), Kerala, India",harmonics/ticon/harmonics_ticon4_worldwide.txt,43951,9.9699,76.2629,,9.9670,76.2670,0.02,0.250,,gleich
1123,HN,"Kochi (Willingdon Island), Kerala, India",harmonics/utide/harmonics_utide_observations.txt,88229,9.9699,76.2629,,9.9312,76.2673,0.02,0.250,,gleich
1124,G,"Kodiak, Alaska (expired 1993-12-31)",harmonics/classic/harmonics-2004-06-14_mod.txt,142504,57.7883,-152.4000,,,,9.15,0.005,1,gleich
1124,G,"Kodiak, Women's Bay, Alaska",harmonics/classic/harmonics-dwf-20251228-free.txt,230426,57.7317,-152.5120,,,,9.15,0.005,1,gleich
1125,N,"Kogo, Nagasaki, Japan",harmonics/ticon/harmonics_ticon4_worldwide.txt,94830,32.7225,129.8352,,32.7225,129.8347,0.00,0.003,,gleich
1125,N,"Kogo, Nagasaki, Japan",harmonics/utide/harmonics_utide_observations.txt,112324,32.7225,129.8352,,,,0.00,0.003,,gleich
1126,K,"Kogushi, Okayama, Japan",harmonics/classic/harmonics-2004-06-14_mod.txt,143276,34.5988,134.0287,,34.6000,134.0330,0.44,0.115,,gleich
1126,K,"Kogushi, Okayama Suido, Okayama, Japan",harmonics/noaa/harmonics_noaa_cptt.txt,61164,34.6000,134.0333,1,,,0.44,0.115,,gleich
1127,H,"Kokopo, New Britain, Papua New Guinea",harmonics/classic/harmonics-2004-06-14_mod.txt,143664,-4.3404,152.2697,,-4.3500,152.2833,1.85,0.146,,gleich
1127,H,"Kokopo, New Britain Island, Papua New Guinea",harmonics/noaa/harmonics_noaa_cptt.txt,239043,-4.3500,152.2833,1,,,1.85,0.146,,gleich
1128,H,"Kolaka, Indonesia",harmonics/att/harmonics_att_np203_scs.txt,116380,-4.0500,121.6000,,,,1.86,0.104,,gleich
1128,H,"Kolaka, Gulf of Boni, Indonesia",harmonics/noaa/harmonics_noaa_cptt.txt,157849,-4.0667,121.6000,1,,,1.86,0.104,,gleich
1129,H,"Kollam (Quilon), Kerala, India",harmonics/att/harmonics_att_np203_secondary.txt,101421,8.8778,76.5825,,,,0.00,0.272,1,gleich
1129,H,"Kollam (Quilon), Kerala, India",harmonics/noaa/harmonics_noaa_cptt.txt,269943,8.8778,76.5825,1,,,0.00,0.272,1,gleich
1130,N,"Komatsushima Ko, Tokushima, Japan",harmonics/noaa/harmonics_noaa_cptt.txt,58057,34.0167,134.6000,1,,,1.40,0.036,,aehnlich
1130,N,"Komatushima, Tokushima, Japan",harmonics/ticon/harmonics_ticon4_worldwide.txt,95030,34.0092,134.5878,,,,1.40,0.036,,aehnlich
1130,N,"Komatushima, Tokushima, Japan",harmonics/utide/harmonics_utide_observations.txt,112520,34.0092,134.5878,,,,1.40,0.036,,aehnlich
1131,N,"Kominato (Amami Oshima), Kagoshima, Japan",harmonics/ticon/harmonics_ticon4_worldwide.txt,19443,28.3228,129.5342,,,,0.00,0.001,,gleich
1131,N,"Kominato (Amami Oshima), Kagoshima, Japan",harmonics/utide/harmonics_utide_observations.txt,97298,28.3228,129.5342,,,,0.00,0.001,,gleich
1132,H,"Kominato (Hiranai), Aomori, Japan",harmonics/classic/harmonics-2004-06-14_mod.txt,143857,40.9439,140.9801,,40.9500,140.9830,1.31,0.125,,verschieden
1132,H,"Shiranai Wan, Mutsu Kaiwan, Aomori, Japan",harmonics/noaa/harmonics_noaa_cptt.txt,48446,40.9500,140.9667,1,,,1.31,0.125,,verschieden
1133,N,"Koniya (Amami Oshima), Kagoshima, Japan",harmonics/classic/harmonics-2004-06-14_mod.txt,144243,28.1464,129.3093,,28.1500,129.3170,1.00,0.019,,gleich
1133,N,"Koniya, Kagoshima, Japan",harmonics/noaa/harmonics_noaa_cptt.txt,77999,28.1500,129.3000,1,,,1.00,0.019,,gleich
1134,N,"Konominato, Fukuoka, Japan",harmonics/classic/harmonics-2004-06-14_mod.txt,144436,33.8535,130.4834,,33.8500,130.4830,0.39,0.100,,aehnlich
1134,N,"Konominato Ura, Fukuoka, Japan",harmonics/noaa/harmonics_noaa_cptt.txt,75838,33.8500,130.4833,1,,,0.39,0.100,,aehnlich
1135,N,"Konoura (Ukushima), Nagasaki, Japan",harmonics/classic/harmonics-2004-06-14_mod.txt,141544,33.2541,129.0931,,33.2667,129.0830,1.67,0.079,,gleich
1135,N,"Kono Ura, Uku Shima, Nagasaki, Japan",harmonics/noaa/harmonics_noaa_cptt.txt,74857,33.2667,129.0833,1,,,1.67,0.079,,gleich
1136,N,"Koper, Slovenia",harmonics/att/harmonics_att_np208.txt,21884,45.5503,13.7293,,45.5500,13.7330,0.00,0.049,,gleich
1136,N,"Koper, Slovenia",harmonics/classic/harmonics-1997-05-25_mod.txt,17614,45.5503,13.7293,,45.5500,13.7333,0.00,0.049,,gleich
1137,N,"Kornwerderzand, Netherlands",harmonics/ticon/harmonics_ticon4_worldwide.txt,95426,53.0699,5.3366,,,,0.54,0.013,,verschieden
1137,N,"Kornwerderzand Waddenzee buitenhaven, Netherlands",harmonics/utide/harmonics_utide_observations.txt,155321,53.0746,5.3348,,,,0.54,0.013,,verschieden
1138,N,"Kosrae Island, Micronesia",harmonics/att/harmonics_att_np204_secondary.txt,17108,5.3333,163.0167,,,,0.00,0.057,,verschieden
1138,N,"Lele Harbor, Kusaie Island, Micronesia",harmonics/noaa/harmonics_noaa_cptt.txt,220860,5.3333,163.0167,1,,,0.00,0.057,,verschieden
1139,N,"Kotaagung, Indonesia",harmonics/att/harmonics_att_np203_scs.txt,52900,-5.5000,104.6167,,,,0.00,0.092,,gleich
1139,N,"Kotaagung, Semangka Bay, Java, Indonesia",harmonics/noaa/harmonics_noaa_cptt.txt,147366,-5.5000,104.6167,1,,,0.00,0.092,,gleich
1140,N,"Kotikovo, Russia",harmonics/att/harmonics_att_np204_secondary.txt,23626,49.1167,144.2333,,,,1.22,0.100,,verschieden
1140,N,"Noto, Russia",harmonics/noaa/harmonics_noaa_cptt.txt,30108,49.1167,144.2500,1,,,1.22,0.100,,verschieden
1141,H,"Kotomari, Kuril Islands, Russia",harmonics/classic/harmonics-2004-06-14_mod.txt,144822,50.8167,156.5000,,,,1.85,0.106,,aehnlich
1141,H,"Kotomari Zaki, Russia",harmonics/noaa/harmonics_noaa_cptt.txt,38748,50.8333,156.5000,1,,,1.85,0.106,,aehnlich
1142,H,"Kottoi, Yamaguchi, Japan",harmonics/classic/harmonics-2004-06-14_mod.txt,145015,34.3170,130.8972,,34.3167,130.9000,0.00,0.147,,gleich
1142,H,"Kottoi, Yamaguchi, Japan",harmonics/noaa/harmonics_noaa_cptt.txt,68592,34.3170,130.8972,1,,,0.00,0.147,,gleich
1143,N,"Koumac, New Caledonia",harmonics/utide/harmonics_utide_tidetables.txt,343178,-20.5743,164.2753,,,,0.71,0.014,,verschieden
1143,N,"Pointe de Pandop, New Caledonia",harmonics/utide/harmonics_utide_tidetables.txt,357425,-20.5805,164.2735,,,,0.71,0.014,,verschieden
1144,N,"Kozushima, Tokyo, Japan",harmonics/ticon/harmonics_ticon4_worldwide.txt,96230,34.2092,139.1317,,,,0.00,0.005,,gleich
1144,N,"Kozushima, Tokyo, Japan",harmonics/utide/harmonics_utide_observations.txt,112716,34.2092,139.1317,,,,0.00,0.005,,gleich
1145,N,"Kribi, Cameroon",harmonics/att/harmonics_att_np208_secondary.txt,43704,2.9405,9.9049,,,,0.00,0.089,,gleich
1145,N,"Kribi, Cameroon",harmonics/noaa/harmonics_noaa_eutt.txt,22920,2.9405,9.9049,1,,,0.00,0.089,,gleich
1146,L,"Krishnapatnam Port, Andhra Pradesh, India",harmonics/att/harmonics_att_np203_secondary.txt,102590,14.2512,80.1270,,14.2833,80.1167,0.00,0.173,,gleich
1146,L,"Krishnapatnam Port, Andhra Pradesh, India",harmonics/utide/harmonics_utide_tidetables.txt,683273,14.2512,80.1270,,14.2500,80.1330,0.00,0.173,,gleich
1147,N,"Kristiansund, Norway",harmonics/noaa/harmonics_noaa_eutt.txt,89167,63.1138,7.7361,1,,,0.01,0.026,,gleich
1147,N,"Kristiansund, Norway",harmonics/ticon/harmonics_ticon4_worldwide.txt,96431,63.1139,7.7361,,63.1139,7.7344,0.01,0.026,,gleich
1147,N,"Kristiansund, Norway",harmonics/utide/harmonics_utide_observations.txt,171720,63.1139,7.7361,,,,0.01,0.026,,gleich
1148,N,"Krubluyak Point, Northwest Territories, Canada",harmonics/classic/harmonics-2004-06-14_mod.txt,145398,69.5333,-130.9500,,69.5333,-131.1000,0.00,0.000,,gleich
1148,N,"Krubluyak Point, Northwest Territories, Canada",harmonics/utide/harmonics_utide_tidetables.txt,228173,69.5333,-130.9500,,,,0.00,0.000,,gleich
1149,N,"KuGompo City (East London), South Africa",harmonics/noaa/harmonics_noaa_cptt.txt,286790,-33.0273,27.9173,1,,,0.00,0.034,,gleich
1149,N,"KuGompo City (East London), South Africa",harmonics/ticon/harmonics_ticon4_worldwide.txt,52358,-33.0273,27.9173,,-33.0170,27.9170,0.00,0.034,,gleich
1149,N,"KuGompo City (East London), South Africa",harmonics/utide/harmonics_utide_observations.txt,189372,-33.0273,27.9173,,-33.0170,27.9170,0.00,0.034,,gleich
1150,N,"Kuala Batu Pahat, Malaysia",harmonics/att/harmonics_att_np203_scs.txt,36408,1.7991,102.8936,,1.7667,102.8833,0.00,0.035,,gleich
1150,N,"Kuala Batu Pahat, Malaysia",harmonics/classic/harmonics-1997-05-25_mod.txt,17984,1.7991,102.8936,,1.8000,102.8833,0.00,0.035,,gleich
1150,N,"Kuala Batu Pahat, Malaysia",harmonics/utide/harmonics_utide_tidetables.txt,675911,1.7991,102.8936,,1.7667,102.8833,0.00,0.035,,gleich
1151,N,"Kuala Mukah, Malaysia",harmonics/att/harmonics_att_np203_scs.txt,95620,2.9064,112.0946,,2.9000,112.0833,0.00,0.041,,gleich
1151,N,"Kuala Mukah, Malaysia",harmonics/classic/harmonics-1997-05-25_mod.txt,23766,2.9064,112.0946,,2.9000,112.0833,0.00,0.041,,gleich
1152,H,"Kuala Niah, Malaysia",harmonics/att/harmonics_att_np203_scs.txt,94650,3.9660,113.7051,,3.9667,113.7000,0.00,0.121,,gleich
1152,H,"Kuala Niah, Malaysia",harmonics/noaa/harmonics_noaa_cptt.txt,166250,3.9660,113.7051,1,,,0.00,0.121,,gleich
1153,N,"Kuala Niur, Indonesia",harmonics/att/harmonics_att_np203_scs.txt,42422,-1.0000,103.8167,,,,0.00,0.099,,aehnlich
1153,N,"Kwala Niur, Indonesia",harmonics/noaa/harmonics_noaa_cptt.txt,142908,-1.0000,103.8167,1,,,0.00,0.099,,aehnlich
1154,N,"Kuala Papar (Kimanis Bay), Malaysia",harmonics/att/harmonics_att_np203_scs.txt,91722,5.7516,115.9084,,5.7500,115.9000,0.00,0.062,,gleich
1154,N,"Kuala Papar (Kimanis Bay), Malaysia",harmonics/noaa/harmonics_noaa_cptt.txt,166829,5.7516,115.9084,1,,,0.00,0.062,,gleich
1155,H,"Kuala Pembuang, Indonesia",harmonics/att/harmonics_att_np203_scs.txt,105328,-3.4167,112.5667,,,,0.00,0.139,,verschieden
1155,H,"Pembuang River entrance, Borneo, Indonesia",harmonics/noaa/harmonics_noaa_cptt.txt,163708,-3.4167,112.5667,1,,,0.00,0.139,,verschieden
1156,H,"Kuala Sapu, Indonesia",harmonics/att/harmonics_att_np203_scs.txt,104940,-2.9000,111.4333,,,,0.00,0.237,,verschieden
1156,H,"Lurah, Kota Waringin River entrance, Indonesia",harmonics/noaa/harmonics_noaa_cptt.txt,164094,-2.9000,111.4333,1,,,0.00,0.237,,verschieden
1157,H,"Kuala Siak, Indonesia",harmonics/att/harmonics_att_np203_scs.txt,45138,1.2500,102.1667,,,,0.00,0.132,,verschieden
1157,H,"Siak River entrance, Sumatra, Indonesia",harmonics/noaa/harmonics_noaa_cptt.txt,140357,1.2500,102.1667,1,,,0.00,0.132,,verschieden
1158,H,"Kuala Similajau, Malaysia",harmonics/att/harmonics_att_np203_scs.txt,94844,3.5187,113.3021,,3.5167,113.3000,0.00,0.219,,gleich
1158,H,"Kuala Similajau, Malaysia",harmonics/noaa/harmonics_noaa_cptt.txt,166057,3.5187,113.3021,1,,,0.00,0.219,,gleich
1159,N,"Kuala Terengganu, Malaysia",harmonics/classic/harmonics-1997-05-25_mod.txt,18106,5.3365,103.1525,,5.3500,103.1333,0.00,0.006,,gleich
1159,N,"Kuala Terengganu, Malaysia",harmonics/utide/harmonics_utide_tidetables.txt,676105,5.3365,103.1525,,5.3500,103.1333,0.00,0.006,,gleich
1160,N,"Kualatanjung, Indonesia",harmonics/att/harmonics_att_np203_scs.txt,47272,3.3667,99.4667,,,,1.53,0.048,,gleich
1160,N,"Kuala Tanjung, Indonesia",harmonics/utide/harmonics_utide_tidetables.txt,707195,3.3801,99.4698,,,,1.53,0.048,,gleich
1161,N,"Kuantan, Malaysia",harmonics/att/harmonics_att_np203_scs.txt,60088,3.8063,103.3423,,3.8167,103.3333,0.00,0.005,,gleich
1161,N,"Kuantan, Malaysia",harmonics/classic/harmonics-1997-05-25_mod.txt,18228,3.8063,103.3423,,3.8333,103.3333,0.00,0.005,,gleich
1162,N,"Kuba jima, Okinawa, Japan",harmonics/classic/harmonics-2004-06-14_mod.txt,141930,25.9289,123.6825,,25.9333,123.6830,0.50,0.093,,verschieden
1162,N,"Kobi Sho, Sento Shosho, Okinawa, Japan",harmonics/noaa/harmonics_noaa_cptt.txt,81348,25.9333,123.6833,1,,,0.50,0.093,,verschieden
1163,N,"Kubura (Yonaguni), Okinawa, Japan",harmonics/ticon/harmonics_ticon4_worldwide.txt,210829,24.4522,122.9419,,,,0.00,0.001,,gleich
1163,N,"Kubura (Yonaguni), Okinawa, Japan",harmonics/utide/harmonics_utide_observations.txt,141644,24.4522,122.9419,,,,0.00,0.001,,gleich
1164,N,"Kuching (Sungai Sarawak), Malaysia",harmonics/classic/harmonics-1997-05-25_mod.txt,18350,1.5607,110.3469,,1.5667,110.3500,0.00,0.090,,gleich
1164,N,"Kuching (Sungai Sarawak), Malaysia",harmonics/noaa/harmonics_noaa_cptt.txt,165659,1.5607,110.3469,1,,,0.00,0.090,,gleich
1165,N,"Kuchinoerabu-jima, Kagoshima, Japan",harmonics/classic/harmonics-2004-06-14_mod.txt,146751,30.4609,130.1919,,30.4667,130.1830,1.05,0.075,,aehnlich
1165,N,"Kuchinoerabu Shima, Kagoshima, Japan",harmonics/noaa/harmonics_noaa_cptt.txt,77211,30.4667,130.1833,1,,,1.05,0.075,,aehnlich
1166,N,"Kuchinotsu Wan, Nagasaki, Japan",harmonics/noaa/harmonics_noaa_cptt.txt,72139,32.6000,130.1833,1,,,1.27,0.054,,aehnlich
1166,N,"Kuchinotsu, Nagasaki, Japan",harmonics/ticon/harmonics_ticon4_worldwide.txt,97228,32.6053,130.1953,,,,1.27,0.054,,aehnlich
1166,N,"Kuchinotsu, Nagasaki, Japan",harmonics/utide/harmonics_utide_observations.txt,112912,32.6053,130.1953,,,,1.27,0.054,,aehnlich
1167,N,"Kudamatsu, Yamaguchi, Japan",harmonics/classic/harmonics-2004-06-14_mod.txt,145591,34.0087,131.8365,,34.0000,131.8330,2.03,0.049,,verschieden
1167,N,"Tokuyama Wan, Yamaguchi, Japan",harmonics/noaa/harmonics_noaa_cptt.txt,67808,34.0167,131.8167,1,,,2.03,0.049,,verschieden
1168,H,"Kudat (Marudu Bay), Malaysia",harmonics/att/harmonics_att_np203_scs.txt,91140,6.8795,116.8456,,6.8833,116.8500,0.00,0.112,,gleich
1168,H,"Kudat (Marudu Bay), Malaysia",harmonics/noaa/harmonics_noaa_cptt.txt,167022,6.8795,116.8456,1,,,0.00,0.112,,gleich
1169,N,"Kugluktuk (Coppermine), Nunavut, Canada",harmonics/classic/harmonics-2004-06-14_mod.txt,54596,67.8251,-115.1350,,67.8167,-115.0833,0.00,0.065,,gleich
1169,N,"Kugluktuk (Coppermine), Nunavut, Canada",harmonics/ticon/harmonics_ticon4_worldwide.txt,97425,67.8251,-115.1350,,67.8800,-115.2200,0.00,0.065,,gleich
1170,N,"Kuji Wan, Iwate, Japan",harmonics/noaa/harmonics_noaa_cptt.txt,49434,40.1833,141.8167,1,,,1.97,0.017,,aehnlich
1170,N,"Kuji, Iwate, Japan",harmonics/ticon/harmonics_ticon4_worldwide.txt,97623,40.1922,141.7967,,,,1.97,0.017,,aehnlich
1170,N,"Kuji, Iwate, Japan",harmonics/utide/harmonics_utide_observations.txt,113106,40.1922,141.7967,,,,1.97,0.017,,aehnlich
1171,N,"Kukup, Malaysia",harmonics/att/harmonics_att_np203_scs.txt,36990,1.3249,103.4411,,1.3333,103.4500,0.00,0.016,,gleich
1171,N,"Kukup, Malaysia",harmonics/ticon/harmonics_ticon4_worldwide.txt,97824,1.3249,103.4411,,1.3250,103.4430,0.00,0.016,,gleich
1172,N,"Kumamoto, Kumamoto, Japan",harmonics/ticon/harmonics_ticon4_worldwide.txt,98022,32.7522,130.5647,,,,0.00,0.006,,gleich
1172,N,"Kumamoto, Kumamoto, Japan",harmonics/utide/harmonics_utide_observations.txt,113300,32.7522,130.5647,,,,0.00,0.006,,gleich
1173,N,"Kumano (Tanegashima), Kagoshima, Japan",harmonics/ticon/harmonics_ticon4_worldwide.txt,188144,30.4636,130.9644,,,,0.00,0.003,,gleich
1173,N,"Kumano (Tanegashima), Kagoshima, Japan",harmonics/utide/harmonics_utide_observations.txt,132840,30.4636,130.9644,,,,0.00,0.003,,gleich
1174,L,"Kundapura, Karnataka, India",harmonics/att/harmonics_att_np203_secondary.txt,99873,13.6315,74.6730,,13.6333,74.6667,0.00,0.149,,gleich
1174,L,"Kundapura, Karnataka, India",harmonics/classic/harmonics_literature.txt,18322,13.6315,74.6730,,,,0.00,0.149,,gleich
1175,N,"Kunsan, Kum-gang, Busan, South Korea",harmonics/noaa/harmonics_noaa_cptt.txt,89126,35.9833,126.7167,1,,,1.86,0.032,,verschieden
1175,N,"Gunsan Inner Harbor, South Korea",harmonics/utide/harmonics_utide_tidetables.txt,296855,36.0000,126.7167,,,,1.86,0.032,,verschieden
1176,H,"Kupang, Indonesia",harmonics/att/harmonics_att_np203_scs.txt,133456,-10.1667,123.5667,,,,0.00,0.133,,gleich
1176,H,"Kupang Bay, Indonesia",harmonics/noaa/harmonics_noaa_cptt.txt,155861,-10.1667,123.5667,1,,,0.00,0.133,,gleich
1177,N,"Kure, Hiroshima, Japan",harmonics/ticon/harmonics_ticon4_worldwide.txt,98823,34.2405,132.5503,,,,0.01,0.001,,gleich
1177,N,"Kure, Hiroshima, Japan",harmonics/utide/harmonics_utide_observations.txt,113688,34.2405,132.5503,,,,0.01,0.001,,gleich
1178,N,"Kure, Kochi, Japan",harmonics/ticon/harmonics_ticon4_worldwide.txt,98625,33.3336,133.2433,,,,0.00,0.006,,gleich
1178,N,"Kure, Kochi, Japan",harmonics/utide/harmonics_utide_observations.txt,113886,33.3336,133.2433,,,,0.00,0.006,,gleich
1179,N,"Kurihama, Kanagawa, Japan",harmonics/classic/harmonics-2004-06-14_mod.txt,146172,35.2275,139.7211,,35.2167,139.7170,0.76,0.053,,verschieden
1179,N,"Uraga Ko, Kanagawa, Japan",harmonics/noaa/harmonics_noaa_cptt.txt,51589,35.2333,139.7167,1,,,0.76,0.053,,verschieden
1179,N,"Uraga, Kanagawa, Japan",harmonics/ticon/harmonics_ticon4_worldwide.txt,99021,35.2275,139.7211,,,,0.76,0.053,,verschieden
1180,N,"Kurilsk (Iturup), Kuril Islands, Russia",harmonics/classic/harmonics-2004-06-14_mod.txt,184809,45.2570,147.8811,,45.2667,147.8670,0.80,0.076,,verschieden
1180,N,"Kitovyy, Russia",harmonics/noaa/harmonics_noaa_cptt.txt,43559,45.2500,147.8833,1,,,0.80,0.076,,verschieden
1180,N,"Kurilsk (Iturup), Kuril Islands, Russia",harmonics/utide/harmonics_utide_observations.txt,212563,45.2570,147.8811,,,,0.80,0.076,,verschieden
1181,N,"Kushima, Miyazaki, Japan",harmonics/classic/harmonics-2004-06-14_mod.txt,112073,31.4480,131.2053,,31.4500,131.2000,0.55,0.072,,verschieden
1181,N,"Fukushima Inamachi, Ariake Wan, Miyazaki, Japan",harmonics/noaa/harmonics_noaa_cptt.txt,70186,31.4500,131.2000,1,,,0.55,0.072,,verschieden
1182,N,"Kushimoto, Fukuro Ko, Wakayama, Japan",harmonics/noaa/harmonics_noaa_cptt.txt,55310,33.4667,135.7667,1,,,1.18,0.037,,gleich
1182,N,"Kushimoto, Wakayama, Japan",harmonics/ticon/harmonics_ticon4_worldwide.txt,99227,33.4758,135.7733,,33.4830,135.7670,1.18,0.037,,gleich
1182,N,"Kushimoto, Wakayama, Japan",harmonics/utide/harmonics_utide_observations.txt,114088,33.4758,135.7733,,,,1.18,0.037,,gleich
1183,N,"Kushiro Ko, Hokkaido, Japan",harmonics/noaa/harmonics_noaa_cptt.txt,46087,42.9667,144.3667,1,,,1.06,0.042,,gleich
1183,N,"Kushiro, Hokkaido, Japan",harmonics/ticon/harmonics_ticon4_worldwide.txt,99425,42.9756,144.3714,,42.9670,144.3670,1.06,0.042,,gleich
1183,N,"Kushiro, Hokkaido, Japan",harmonics/utide/harmonics_utide_observations.txt,114282,42.9756,144.3714,,,,1.06,0.042,,gleich
1184,N,"Kusudomari, Nagasaki, Japan",harmonics/classic/harmonics-2004-06-14_mod.txt,146558,33.2164,129.5821,,33.2167,129.5830,0.00,0.071,,gleich
1184,N,"Kusudomari, Nagasaki, Japan",harmonics/noaa/harmonics_noaa_cptt.txt,73499,33.2164,129.5821,1,,,0.00,0.071,,gleich
1185,N,"Kutsugata (Rishiri-to), Hokkaido, Japan",harmonics/ticon/harmonics_ticon4_worldwide.txt,99623,45.1876,141.1351,,45.1895,141.1380,0.00,0.005,,gleich
1185,N,"Kutsugata (Rishiri-to), Hokkaido, Japan",harmonics/utide/harmonics_utide_observations.txt,114476,45.1876,141.1351,,,,0.00,0.005,,gleich
1186,N,"Kutubdia Island (Lighthouse), Bangladesh",harmonics/att/harmonics_att_np203_scs.txt,15976,21.8649,91.8413,,21.8667,91.8333,0.00,0.085,,gleich
1186,N,"Kutubdia Island (Lighthouse), Bangladesh",harmonics/noaa/harmonics_noaa_cptt.txt,266439,21.8649,91.8413,1,,,0.00,0.085,,gleich
1187,N,"Kuujjuaq, Québec, Canada",harmonics/classic/harmonics-2004-06-14_mod.txt,78634,58.1022,-68.3975,,58.1000,-68.3167,0.00,0.083,,gleich
1187,N,"Kuujjuaq, Québec, Canada",harmonics/utide/harmonics_utide_tidetables.txt,277472,58.1022,-68.3975,,,,0.00,0.083,,gleich
1188,G,"Kwokwesta Creek, British Columbia, Canada",harmonics/classic/harmonics-2004-06-14_mod.txt,147322,50.5270,-127.5690,,50.5167,-127.5667,0.00,0.005,,gleich
1188,G,"Kwokwesta Creek, British Columbia, Canada",harmonics/utide/harmonics_utide_tidetables.txt,131669,50.5270,-127.5690,,,,0.00,0.005,,gleich
1189,N,"Kyaikkami (Amherst), Myanmar",harmonics/att/harmonics_att_np203_scs.txt,19856,16.0823,97.5628,,16.0833,97.5667,0.00,0.051,,gleich
1189,N,"Kyaikkami (Amherst), Myanmar",harmonics/classic/harmonics-1997-05-25_mod.txt,2807,16.0823,97.5628,,16.0833,97.5667,0.00,0.051,,gleich
1189,N,"Kyaikkami (Amherst), Myanmar",harmonics/noaa/harmonics_noaa_cptt.txt,264063,16.0823,97.5628,1,,,0.00,0.051,,gleich
1189,N,"Kyaikkami (Amherst), Myanmar",harmonics/utide/harmonics_utide_tidetables.txt,676877,16.0823,97.5628,,16.0833,97.5667,0.00,0.051,,gleich
1190,N,"Kyaukkayan (Padaw Aw), Myanmar",harmonics/att/harmonics_att_np203_scs.txt,21796,12.6156,98.3960,,12.6167,98.4167,0.00,0.064,,gleich
1190,N,"Kyaukkayan (Padaw Aw), Myanmar",harmonics/noaa/harmonics_noaa_cptt.txt,263083,12.6156,98.3960,1,,,0.00,0.064,,gleich
1191,N,"Kyaukphyu (Ramree Island), Myanmar",harmonics/att/harmonics_att_np203_scs.txt,16364,19.4333,93.5500,,,,0.00,0.084,,gleich
1191,N,"Kyaukphyu (Ramree Island), Myanmar",harmonics/noaa/harmonics_noaa_cptt.txt,265849,19.4333,93.5500,1,,,0.00,0.084,,gleich
1192,N,"Kyle Akin (Skye), Scotland, United Kingdom",harmonics/noaa/harmonics_noaa_eutt.txt,72666,57.2732,-5.7244,1,,,0.93,0.021,,verschieden
1192,N,"Kyle Of Lochalsh, Scotland, United Kingdom",harmonics/utide/harmonics_utide_tidetables.txt,467131,57.2793,-5.7137,,,,0.93,0.021,,verschieden
1193,L,"Kénitra, Morocco",harmonics/att/harmonics_att_np208_secondary.txt,21244,34.2660,-6.5833,,,,0.00,0.119,,gleich
1193,L,"Kénitra, Morocco",harmonics/noaa/harmonics_noaa_eutt.txt,35333,34.2660,-6.5833,1,34.2667,-6.5833,0.00,0.119,,gleich
1194,N,"L'Aber Benoît, France",harmonics/classic/harmonics-pierre-lavergne-v10_mod.txt,11478,48.5769,-4.6258,,,,0.01,0.039,,gleich
1194,N,"L'Aber Benoît, France",harmonics/noaa/harmonics_noaa_eutt.txt,52215,48.5768,-4.6258,1,,,0.01,0.039,,gleich
1194,N,"L'Aber Benoît, France",harmonics/utide/harmonics_utide_tidetables.txt,343761,48.5769,-4.6258,,48.5915,-4.6333,0.01,0.039,,gleich
1195,N,"L'Aber Ildut, France",harmonics/classic/harmonics-pierre-lavergne-v10_mod.txt,11852,48.4708,-4.7559,,,,0.00,0.011,,gleich
1195,N,"L'Aber Ildut, France",harmonics/utide/harmonics_utide_tidetables.txt,343956,48.4708,-4.7559,,48.4712,-4.7545,0.00,0.011,,gleich
1196,N,"L'Herbaudière (Île de Noirmoutier), France",harmonics/classic/harmonics-pierre-lavergne-v10_mod.txt,18395,47.0249,-2.2989,,47.0272,-2.2976,0.00,0.013,,gleich
1196,N,"L'Herbaudière (Île de Noirmoutier), France",harmonics/utide/harmonics_utide_observations.txt,59843,47.0249,-2.2989,,,,0.00,0.013,,gleich
1196,N,"L'Herbaudière (Île de Noirmoutier), France",harmonics/utide/harmonics_utide_tidetables.txt,344351,47.0249,-2.2989,,47.0267,-2.2983,0.00,0.013,,gleich
1197,H,"L'Islet-sur-Mer, Québec, Canada",harmonics/classic/harmonics-2004-06-14_mod.txt,29148,47.1360,-70.3732,,47.1333,-70.3667,0.57,0.112,,verschieden
1197,H,"L'Islet, Québec, Canada",harmonics/noaa/harmonics_noaa_amtt.txt,28708,47.1333,-70.3667,1,,,0.57,0.112,,verschieden
1198,H,"L'Île-d'Anticosti, Québec, Canada",harmonics/classic/harmonics-2004-06-14_mod.txt,101486,49.0842,-61.6970,,49.9500,-64.1500,0.24,0.109,,verschieden
1198,H,"Heath Point, Québec, Canada",harmonics/noaa/harmonics_noaa_amtt.txt,26326,49.0833,-61.7000,1,,,0.24,0.109,,verschieden
1199,N,"La Argentina (Fondeadero), Chubut, Argentina",harmonics/noaa/harmonics_noaa_amtt.txt,52660,-42.3833,-64.5667,1,,,0.00,0.098,,verschieden
1199,N,"Fondeadero la Argentina (Golfo San José), Chubut, Argentina",harmonics/utide/harmonics_utide_tidetables.txt,726479,-42.3833,-64.5667,,,,0.00,0.098,,verschieden
1200,N,"La Cayenne (Seudre), France",harmonics/noaa/harmonics_noaa_eutt.txt,48501,45.7889,-1.1255,1,,,1.54,0.054,,verschieden
1200,N,"Viaduc de la Seudre, France",harmonics/ticon/harmonics_ticon4_worldwide.txt,146737,45.7992,-1.1387,,,,1.54,0.054,,verschieden
1201,N,"La Crucecita (Huatulco), Oaxaca, Mexico",harmonics/ticon/harmonics_ticon4_worldwide.txt,77402,15.7547,-96.1303,,15.7533,-96.1300,0.00,0.050,,gleich
1201,N,"La Crucecita (Huatulco), Oaxaca, Mexico",harmonics/utide/harmonics_utide_tidetables.txt,614217,15.7547,-96.1303,,,,0.00,0.050,,gleich
1202,N,"La Guaira, Venezuela",harmonics/ticon/harmonics_ticon4_worldwide.txt,100627,10.6041,-66.9315,,10.6170,-66.9330,0.00,0.001,,gleich
1202,N,"La Guaira, Venezuela",harmonics/utide/harmonics_utide_observations.txt,200600,10.6041,-66.9315,,,,0.00,0.001,,gleich
1203,N,"La Güera, Mauritania",harmonics/att/harmonics_att_np208_secondary.txt,22983,20.8261,-17.0946,,,,0.00,0.054,,gleich
1203,N,"La Güera, Mauritania",harmonics/noaa/harmonics_noaa_eutt.txt,34558,20.8261,-17.0946,1,,,0.00,0.054,,gleich
1204,L,"La Habana, Cuba",harmonics/classic/harmonics-1997-05-25_mod.txt,18716,23.1416,-82.3445,,23.1500,-82.3333,1.48,0.134,,gleich
1204,L,"La Habana (Havana), Cuba",harmonics/noaa/harmonics_noaa_carib.txt,22653,23.1500,-82.3333,,,,1.48,0.134,,gleich
1205,N,"La Libertad, El Salvador",harmonics/noaa/harmonics_noaa_amtt.txt,115250,13.4851,-89.3190,1,,,0.00,0.023,,gleich
1205,N,"La Libertad, El Salvador",harmonics/utide/harmonics_utide_observations.txt,54406,13.4851,-89.3190,,,,0.00,0.023,,gleich
1206,GN,"La Paz (Puerto Pichilingue), Baja California Sur, Mexico",harmonics/ticon/harmonics_ticon4_worldwide.txt,101034,24.2667,-110.3333,,,,12.76,0.002,1,gleich
1206,GN,"La Paz (Cuarta Zona Naval), Baja California Sur, Mexico",harmonics/ticon/harmonics_ticon4_worldwide.txt,101235,24.1519,-110.3314,,24.1620,-110.3450,12.76,0.002,1,gleich
1206,GN,"La Paz (Cuarta Zona Naval), Baja California Sur, Mexico",harmonics/utide/harmonics_utide_observations.txt,144399,24.1519,-110.3314,,24.1620,-110.3450,12.76,0.002,1,gleich
1207,N,"La Trinité-sur-Mer, France",harmonics/classic/harmonics-pierre-lavergne-v10_mod.txt,15401,47.5879,-3.0244,,,,0.00,0.029,,gleich
1207,N,"La Trinité-sur-Mer, France",harmonics/noaa/harmonics_noaa_eutt.txt,50454,47.5879,-3.0244,1,,,0.00,0.029,,gleich
1207,N,"La Trinité-sur-Mer, France",harmonics/utide/harmonics_utide_tidetables.txt,345132,47.5879,-3.0244,,47.5875,-3.0256,0.00,0.029,,gleich
1208,N,"La Unión, El Salvador",harmonics/ticon/harmonics_ticon4_worldwide.txt,101438,13.3394,-87.8309,,13.3330,-87.8170,1.54,0.013,,gleich
1208,N,"La Union, El Salvador",harmonics/utide/harmonics_utide_observations.txt,54604,13.3333,-87.8181,,,,1.54,0.013,,gleich
1209,H,"Labuan Bangkai, Indonesia",harmonics/att/harmonics_att_np203_scs.txt,53288,-5.8667,105.5167,,,,0.00,0.141,,verschieden
1209,H,"Bangkai Anchorage, Sebuku Island, Java, Indonesia",harmonics/noaa/harmonics_noaa_cptt.txt,146968,-5.8667,105.5167,1,,,0.00,0.141,,verschieden
1210,N,"Labuan Bilik, Indonesia",harmonics/att/harmonics_att_np203_scs.txt,46690,2.5167,100.1667,,,,0.00,0.051,,aehnlich
1210,N,"Labuhanbilik, Sungai Panai, Sumatra, Indonesia",harmonics/noaa/harmonics_noaa_cptt.txt,139745,2.5167,100.1667,1,,,0.00,0.051,,aehnlich
1211,H,"Labuhan, Indonesia",harmonics/att/harmonics_att_np203_scs.txt,124336,-6.3667,105.8167,,,,0.00,0.135,,gleich
1211,H,"Labuhan, Sunda Strait, Java, Indonesia",harmonics/noaa/harmonics_noaa_cptt.txt,153667,-6.3667,105.8167,1,,,0.00,0.135,,gleich
1212,N,"Lac Saint-Pierre, Québec, Canada",harmonics/classic/harmonics-2004-06-14_mod.txt,148270,46.1948,-72.8955,,46.1833,-72.9000,0.00,0.016,,gleich
1212,N,"Lac Saint-Pierre, Québec, Canada",harmonics/utide/harmonics_utide_tidetables.txt,283073,46.1948,-72.8955,,,,0.00,0.016,,gleich
1213,N,"Lacrosse Island, Western Australia, Australia",harmonics/classic/harmonics-2004-06-14_mod.txt,148465,-14.7500,128.3333,,,,0.00,0.061,,aehnlich
1213,N,"Lacrosse I., Cambridge Gulf, Western Australia, Australia",harmonics/noaa/harmonics_noaa_cptt.txt,259911,-14.7500,128.3333,1,,,0.00,0.061,,aehnlich
1214,N,"Lady Elliot Island, Queensland, Australia",harmonics/classic/harmonics-2004-06-14_mod.txt,148851,-24.1167,152.7167,,,,0.00,0.050,,gleich
1214,N,"Lady Elliot Island, Queensland, Australia",harmonics/noaa/harmonics_noaa_cptt.txt,249151,-24.1167,152.7167,1,,,0.00,0.050,,gleich
1215,N,"Lady Musgrave Island, Queensland, Australia",harmonics/classic/harmonics-2004-06-14_mod.txt,149046,-23.9000,152.3833,,,,0.00,0.071,,gleich
1215,N,"Lady Musgrave Island, Queensland, Australia",harmonics/noaa/harmonics_noaa_cptt.txt,248763,-23.9000,152.3833,1,,,0.00,0.071,,gleich
1216,N,"Lae, Papua New Guinea",harmonics/ticon/harmonics_ticon4_worldwide.txt,101636,-6.7330,146.9830,,,,0.00,0.002,,gleich
1216,N,"Lae, Papua New Guinea",harmonics/utide/harmonics_utide_observations.txt,182066,-6.7330,146.9830,,,,0.00,0.002,,gleich
1217,N,"Lagos (Apapa), Nigeria",harmonics/ticon/harmonics_ticon4_worldwide.txt,101834,6.4525,3.3839,,6.4170,3.4500,0.00,0.002,,gleich
1217,N,"Lagos (Apapa), Nigeria",harmonics/utide/harmonics_utide_observations.txt,202188,6.4525,3.3839,,6.4531,3.3840,0.00,0.002,,gleich
1218,N,"Lagos Bar, Nigeria",harmonics/noaa/harmonics_noaa_eutt.txt,26925,6.3920,3.3997,1,,,0.00,0.083,,gleich
1218,N,"Lagos Bar, Nigeria",harmonics/ticon/harmonics_ticon4_worldwide.txt,102032,6.3920,3.3997,,6.4230,3.4120,0.00,0.083,,gleich
1218,N,"Lagos Bar, Nigeria",harmonics/utide/harmonics_utide_observations.txt,202383,6.3920,3.3997,,6.3997,3.3974,0.00,0.083,,gleich
1219,L,"Laguna, Santa Catarina, Brazil",harmonics/att/harmonics_att_np207.txt,21726,-28.4963,-48.7628,,-28.5000,-48.7667,0.00,0.156,,gleich
1219,L,"Laguna (Porto), Santa Catarina, Brazil",harmonics/utide/harmonics_utide_tidetables.txt,715434,-28.4963,-48.7628,,,,0.00,0.156,,gleich
1220,N,"Lahatlahat Island, Philippines",harmonics/att/harmonics_att_np203_scs.txt,87254,5.6500,120.2833,,,,0.00,0.045,,gleich
1220,N,"Lahatlahat Island, Tawi-Tawi, Philippines",harmonics/noaa/harmonics_noaa_cptt.txt,169515,5.6500,120.2833,1,,,0.00,0.045,,gleich
1221,N,"Lajes das Flores, Açores, Portugal",harmonics/ticon/harmonics_ticon4_worldwide.txt,58558,39.3783,-31.1686,,39.3780,-31.1680,0.00,0.000,,gleich
1221,N,"Lajes das Flores, Açores, Portugal",harmonics/utide/harmonics_utide_observations.txt,183656,39.3783,-31.1686,,39.3783,-31.1700,0.00,0.000,,gleich
1222,N,"Lambert's Bay, South Africa",harmonics/att/harmonics_att_np203_secondary.txt,17514,-32.0910,18.3046,,,,0.00,0.044,,gleich
1222,N,"Lambert's Bay, South Africa",harmonics/att/harmonics_att_np208_secondary.txt,48913,-32.0910,18.3046,,-32.0830,18.3000,0.00,0.044,,gleich
1223,H,"Lamotrek, Micronesia",harmonics/att/harmonics_att_np204_secondary.txt,18830,7.4667,146.3833,,,,0.00,0.122,,aehnlich
1223,H,"Lamotrek Atoll, Micronesia",harmonics/noaa/harmonics_noaa_cptt.txt,219511,7.4667,146.3833,1,,,0.00,0.122,,aehnlich
1224,N,"Lampi Kyun (Lanbi / Sullivan Island), Myanmar",harmonics/att/harmonics_att_np203_scs.txt,24512,10.7667,98.3000,,,,0.00,0.016,,gleich
1224,N,"Lampi Kyun (Lanbi / Sullivan Island), Myanmar",harmonics/noaa/harmonics_noaa_cptt.txt,262495,10.7667,98.3000,1,,,0.00,0.016,,gleich
1225,N,"Lamu, Kenya",harmonics/ticon/harmonics_ticon4_worldwide.txt,102633,-2.2674,40.9027,,-2.2720,40.9030,0.00,0.001,,gleich
1225,N,"Lamu, Kenya",harmonics/utide/harmonics_utide_observations.txt,191558,-2.2674,40.9027,,-2.2720,40.9030,0.00,0.001,,gleich
1226,N,"Langebaan (Schrywers Hoek), South Africa",harmonics/att/harmonics_att_np203_secondary.txt,18093,-33.0620,18.0401,,,,0.00,0.044,,gleich
1226,N,"Langebaan (Schrywers Hoek), South Africa",harmonics/att/harmonics_att_np208_secondary.txt,49492,-33.0620,18.0401,,,,0.00,0.044,,gleich
1227,K,"Langeness (Hilligenley), Germany",harmonics/bsh/harmonics_bsh_germany.txt,16533,54.6186,8.5472,,,,4.49,0.084,1,verschieden
1227,K,"Hooge (Anleger), Germany",harmonics/noaa/harmonics_noaa_eutt.txt,85447,54.5786,8.5569,1,,,4.49,0.084,1,verschieden
1228,N,"Langkuas, Indonesia",harmonics/att/harmonics_att_np203_scs.txt,57170,-2.5333,107.6167,,,,0.00,0.087,,gleich
1228,N,"Langkuas Island, Indonesia",harmonics/noaa/harmonics_noaa_cptt.txt,146768,-2.5333,107.6167,1,,,0.00,0.087,,gleich
1229,N,"Langsa Bay, Indonesia",harmonics/att/harmonics_att_np203_scs.txt,47854,4.5500,98.0333,,,,0.00,0.059,,gleich
1229,N,"Langsa Bay, Sumatra, Indonesia",harmonics/noaa/harmonics_noaa_cptt.txt,138753,4.5500,98.0333,1,,,0.00,0.059,,gleich
1230,N,"Laoang Island, Philippines",harmonics/att/harmonics_att_np203_scs.txt,79494,12.5667,125.0167,,,,0.00,0.089,,gleich
1230,N,"Laoang, Laoang Island, Northern Samar, Philippines",harmonics/noaa/harmonics_noaa_cptt.txt,200968,12.5667,125.0167,1,,,0.00,0.089,,gleich
1231,N,"Laoshan Gang, Shandong, China",harmonics/att/harmonics_att_np204_secondary.txt,34611,36.1000,120.5333,,,,0.00,0.080,,verschieden
1231,N,"Dongjia Wan [Tung-chai Harbor], Shandong, China",harmonics/noaa/harmonics_noaa_cptt.txt,109873,36.1000,120.5333,1,,,0.00,0.080,,verschieden
1232,K,"Lapominka, Russia",harmonics/att/harmonics_att_np202_secondary.txt,34370,64.7833,40.4667,,,,2.43,0.105,,gleich
1232,K,"Lapominka Island, Russia",harmonics/noaa/harmonics_noaa_eutt.txt,108321,64.7667,40.5000,1,,,2.43,0.105,,gleich
1233,N,"Larache, Morocco",harmonics/att/harmonics_att_np208_secondary.txt,20856,35.2004,-6.1521,,,,0.00,0.040,,gleich
1233,N,"Larache, Morocco",harmonics/noaa/harmonics_noaa_eutt.txt,35529,35.2004,-6.1521,1,,,0.00,0.040,,gleich
1233,N,"Larache, Morocco",harmonics/utide/harmonics_utide_tidetables.txt,621516,35.2004,-6.1521,,35.1930,-6.1490,0.00,0.040,,gleich
1234,N,"Large Islet, Western Australia, Australia",harmonics/classic/harmonics-2004-06-14_mod.txt,150009,-21.3000,115.5000,,,,0.00,0.052,,gleich
1234,N,"Large Islet, Western Australia, Australia",harmonics/noaa/harmonics_noaa_cptt.txt,257752,-21.3000,115.5000,1,,,0.00,0.052,,gleich
1235,N,"Larne, Northern Ireland, United Kingdom",harmonics/noaa/harmonics_noaa_eutt.txt,73650,54.8480,-5.7968,1,,,0.00,0.054,,gleich
1235,N,"Larne, Northern Ireland, United Kingdom",harmonics/utide/harmonics_utide_tidetables.txt,467908,54.8480,-5.7968,,,,0.00,0.054,,gleich
1236,G,"Lasolo Bay, Indonesia",harmonics/att/harmonics_att_np203_scs.txt,117738,-3.7333,122.3333,,,,2.61,0.085,,gleich
1236,G,"Lasolo Bay, Indonesia",harmonics/noaa/harmonics_noaa_cptt.txt,158249,-3.7167,122.3167,1,,,2.61,0.085,,gleich
1237,H,"Launceston, Tasmania, Australia",harmonics/classic/harmonics-2004-06-14_mod.txt,150204,-41.4332,147.1327,,-41.4333,147.1333,0.00,0.249,,gleich
1237,H,"Launceston, Tamar River, Tasmania, Australia",harmonics/noaa/harmonics_noaa_cptt.txt,252093,-41.4332,147.1327,1,,,0.00,0.249,,gleich
1238,N,"Lauwersoog, Netherlands",harmonics/classic/harmonics-dwf-20100529-nonfree_mod.txt,15819,53.4167,6.2000,,,,0.97,0.010,,gleich
1238,N,"Lauwersoog, Waddenzee, Netherlands",harmonics/utide/harmonics_utide_observations.txt,156093,53.4083,6.1960,,,,0.97,0.010,,gleich
1239,N,"Le Croisic, France",harmonics/classic/harmonics-pierre-lavergne-v10_mod.txt,17644,47.2991,-2.5159,,,,0.00,0.001,,gleich
1239,N,"Le Croisic, France",harmonics/utide/harmonics_utide_tidetables.txt,345912,47.2991,-2.5159,,47.3000,-2.5167,0.00,0.001,,gleich
1240,N,"Le Guilvinec, France",harmonics/classic/harmonics-pierre-lavergne-v10_mod.txt,13719,47.7931,-4.2812,,,,0.00,0.003,,gleich
1240,N,"Le Guilvinec, France",harmonics/utide/harmonics_utide_tidetables.txt,346690,47.7931,-4.2812,,47.7942,-4.2785,0.00,0.003,,gleich
1241,N,"Le Havre (Marégraphe), France",harmonics/utide/harmonics_utide_observations.txt,66713,49.4819,0.1060,,,,0.66,0.007,,gleich
1241,N,"Le Havre (Quai de la Marine), France",harmonics/utide/harmonics_utide_observations.txt,66918,49.4838,0.1146,,,,0.66,0.007,,gleich
1242,N,"Le Havre-Antifer (Terminal pétrolier), France",harmonics/classic/harmonics-1997-05-25_mod.txt,8292,49.6500,0.1500,,,,0.00,0.008,,gleich
1242,N,"Le Havre-Antifer (Terminal pétrolier), France",harmonics/utide/harmonics_utide_tidetables.txt,346889,49.6500,0.1500,,,,0.00,0.008,,gleich
1243,G,"Le Logeo (Golfe du Morbihan), France",harmonics/classic/harmonics-pierre-lavergne-v10_mod.txt,16523,47.5476,-2.8456,,47.5474,-2.8460,0.02,0.021,,gleich
1243,G,"Le Logeo (Golfe du Morbihan), France",harmonics/utide/harmonics_utide_tidetables.txt,347277,47.5476,-2.8454,,47.5478,-2.8455,0.02,0.021,,gleich
1244,N,"Le Légué (Bouée), France",harmonics/classic/harmonics-pierre-lavergne-v10_mod.txt,9233,48.5666,-2.6833,,,,0.00,0.005,,gleich
1244,N,"Le Légué (Bouée), France",harmonics/utide/harmonics_utide_tidetables.txt,347474,48.5666,-2.6833,,48.5667,-2.6833,0.00,0.005,,gleich
1245,N,"Le Palais (Belle-Île), France",harmonics/classic/harmonics-pierre-lavergne-v10_mod.txt,17457,47.3472,-3.1506,,,,0.00,0.033,,gleich
1245,N,"Le Palais (Belle-Île), France",harmonics/noaa/harmonics_noaa_eutt.txt,50647,47.3472,-3.1506,1,,,0.00,0.033,,gleich
1245,N,"Le Palais (Belle-Île), France",harmonics/utide/harmonics_utide_tidetables.txt,347862,47.3472,-3.1506,,47.3477,-3.1522,0.00,0.033,,gleich
1246,HN,"Le Port (Pointe des Galets), Réunion",harmonics/att/harmonics_att_np203_secondary.txt,32893,-20.9357,55.2871,,,,0.00,0.145,,gleich
1246,HN,"Le Port (Pointe des Galets), Réunion",harmonics/noaa/harmonics_noaa_cptt.txt,289328,-20.9357,55.2871,1,,,0.00,0.145,,gleich
1246,HN,"Le Port (Pointe des Galets), Réunion",harmonics/ticon/harmonics_ticon4_worldwide.txt,146125,-20.9357,55.2871,,-20.9349,55.2851,0.00,0.145,,gleich
1247,N,"Le Pouliguen, France",harmonics/classic/harmonics-pierre-lavergne-v10_mod.txt,17830,47.2743,-2.4240,,,,0.00,0.004,,gleich
1247,N,"Le Pouliguen, France",harmonics/utide/harmonics_utide_tidetables.txt,348252,47.2743,-2.4240,,47.2517,-2.4033,0.00,0.004,,gleich
1248,N,"Le Robert, Martinique",harmonics/ticon/harmonics_ticon4_worldwide.txt,104438,14.6793,-60.9369,,14.6780,-60.9408,0.00,0.025,,gleich
1248,N,"Le Robert, Martinique",harmonics/utide/harmonics_utide_observations.txt,216616,14.6793,-60.9369,,,,0.00,0.025,,gleich
1249,N,"Le Sénéquet, France",harmonics/classic/harmonics-pierre-lavergne-v10_mod.txt,7369,49.0990,-1.6852,,49.0914,-1.6623,0.00,0.023,,gleich
1249,N,"Le Sénéquet, France",harmonics/utide/harmonics_utide_tidetables.txt,348447,49.0990,-1.6852,,,,0.00,0.023,,gleich
1250,N,"Le Touquet-Étaples, France",harmonics/classic/harmonics-pierre-lavergne-v10_mod.txt,3817,50.5153,1.5610,,,,0.00,0.011,,gleich
1250,N,"Le Touquet-Étaples, France",harmonics/utide/harmonics_utide_tidetables.txt,348642,50.5153,1.5610,,,,0.00,0.011,,gleich
1251,N,"Learmonth, Western Australia, Australia",harmonics/classic/harmonics-2004-06-14_mod.txt,150588,-22.1833,114.0833,,,,0.00,0.086,,gleich
1251,N,"Learmonth, Exmouth Gulf, Western Australia, Australia",harmonics/noaa/harmonics_noaa_cptt.txt,257164,-22.1833,114.0833,1,,,0.00,0.086,,gleich
1252,N,"Ledasperrwerk (Unterpegel), Germany",harmonics/ticon/harmonics_ticon4_worldwide.txt,104636,53.2135,7.4732,,53.2151,7.4741,0.00,0.077,,gleich
1252,N,"Ledasperrwerk (Unterpegel), Germany",harmonics/utide/harmonics_utide_observations.txt,79246,53.2135,7.4732,,,,0.00,0.077,,gleich
1253,H,"Leer (Leda Schleuse), Germany",harmonics/noaa/harmonics_noaa_eutt.txt,82706,53.2150,7.4475,1,,,1.42,0.377,1,aehnlich
1253,H,"Leerort (Ems), Germany",harmonics/utide/harmonics_utide_observations.txt,79440,53.2153,7.4262,,,,1.42,0.377,1,aehnlich
1254,N,"Legaspi, Philippines",harmonics/att/harmonics_att_np203_scs.txt,78524,13.1461,123.7580,,13.1500,123.7500,0.00,0.013,,gleich
1254,N,"Legaspi, Philippines",harmonics/ticon/harmonics_ticon4_worldwide.txt,104842,13.1461,123.7580,,13.1500,123.7500,0.00,0.013,,gleich
1254,N,"Legaspi, Philippines",harmonics/utide/harmonics_utide_observations.txt,179292,13.1461,123.7580,,,,0.00,0.013,,gleich
1255,H,"Leith Harbour, South Georgia and the South Sandwich Islands",harmonics/att/harmonics_att_np207.txt,20766,-54.1333,-36.6833,,,,0.00,0.157,,gleich
1255,H,"Leith Harbor, South Georgia and the South Sandwich Islands",harmonics/noaa/harmonics_noaa_amtt.txt,57189,-54.1333,-36.6833,1,,,0.00,0.157,,gleich
1256,N,"Leith, Scotland, United Kingdom",harmonics/classic/harmonics-1997-05-25_mod.txt,18841,55.9898,-3.1817,,55.9833,-3.1667,0.00,0.007,,gleich
1256,N,"Leith, England, United Kingdom",harmonics/ticon/harmonics_ticon4_worldwide.txt,105243,55.9898,-3.1817,,,,0.00,0.007,,gleich
1256,N,"Leith, England, United Kingdom",harmonics/utide/harmonics_utide_observations.txt,194114,55.9898,-3.1817,,,,0.00,0.007,,gleich
1257,GN,"Les Minquiers (Îles Anglo-Normandes), Channel Islands",harmonics/classic/harmonics-pierre-lavergne-v10_mod.txt,7926,48.9696,-2.1403,,,,23.01,0.051,1,gleich
1257,GN,"Les Minquiers, Channel Islands",harmonics/utide/harmonics_utide_tidetables.txt,349613,48.8936,-2.4333,,,,23.01,0.051,1,gleich
1257,GN,"Les Minquiers (Îles Anglo-Normandes), Channel Islands",harmonics/utide/harmonics_utide_tidetables.txt,468678,48.9696,-2.1403,,,,23.01,0.051,1,gleich
1258,N,"Les Sables-d'Olonne, France",harmonics/noaa/harmonics_noaa_eutt.txt,49280,46.4974,-1.7936,1,,,0.02,0.056,,gleich
1258,N,"Les Sables-d'Olonne, France",harmonics/utide/harmonics_utide_observations.txt,61051,46.4974,-1.7935,,,,0.02,0.056,,gleich
1258,N,"Les Sables-d'Olonne, France",harmonics/utide/harmonics_utide_tidetables.txt,350011,46.4975,-1.7936,,,,0.02,0.056,,gleich
1259,N,"Les Écréhous, Channel Islands",harmonics/classic/harmonics-pierre-lavergne-v10_mod.txt,6993,49.2851,-1.9265,,,,0.00,0.043,,gleich
1259,N,"Les Écréhous, Channel Islands",harmonics/utide/harmonics_utide_tidetables.txt,468487,49.2851,-1.9265,,,,0.00,0.043,,gleich
1260,N,"Lesconil, France",harmonics/classic/harmonics-pierre-lavergne-v10_mod.txt,13906,47.7957,-4.2122,,,,0.00,0.004,,gleich
1260,N,"Lesconil, France",harmonics/utide/harmonics_utide_tidetables.txt,350206,47.7957,-4.2122,,47.7952,-4.2113,0.00,0.004,,gleich
1261,N,"Leslie, Québec, Canada",harmonics/classic/harmonics-2004-06-14_mod.txt,150778,47.6278,-61.5157,,47.6167,-61.5167,0.00,0.005,,gleich
1261,N,"Leslie, Québec, Canada",harmonics/utide/harmonics_utide_tidetables.txt,254644,47.6278,-61.5157,,,,0.00,0.005,,gleich
1262,N,"Leverburgh (Harris), Scotland, United Kingdom",harmonics/noaa/harmonics_noaa_eutt.txt,76018,57.7666,-7.0252,1,,,0.00,0.017,,gleich
1262,N,"Leverburgh (Harris), Scotland, United Kingdom",harmonics/utide/harmonics_utide_tidetables.txt,468871,57.7666,-7.0252,,,,0.00,0.017,,gleich
1263,N,"Lewisporte, Newfoundland, Canada",harmonics/classic/harmonics-2004-06-14_mod.txt,151163,49.2465,-55.0529,,49.2333,-55.0500,0.00,0.000,,gleich
1263,N,"Lewisporte, Newfoundland, Canada",harmonics/utide/harmonics_utide_tidetables.txt,184984,49.2465,-55.0529,,,,0.00,0.000,,gleich
1264,H,"Lhokseumawe, Indonesia",harmonics/att/harmonics_att_np203_scs.txt,48242,5.2000,97.1500,,,,1.86,0.130,,gleich
1264,H,"Lhokseumawe, Sumatra, Indonesia",harmonics/noaa/harmonics_noaa_cptt.txt,138353,5.1833,97.1500,1,,,1.86,0.130,,gleich
1265,N,"Lianyungang (Port), Jiangsu, China",harmonics/ticon/harmonics_ticon4_worldwide.txt,106055,34.7496,119.4156,,34.7500,119.4170,0.11,0.026,,gleich
1265,N,"Lianyungang, Jiangsu, China",harmonics/utide/harmonics_utide_tidetables.txt,660959,34.7500,119.4167,,,,0.11,0.026,,gleich
1266,N,"Libreville, Gabon",harmonics/classic/harmonics-1997-05-25_mod.txt,19084,0.4011,9.4332,,0.3833,9.4333,0.00,0.019,,gleich
1266,N,"Libreville, Gabon",harmonics/utide/harmonics_utide_tidetables.txt,350401,0.4011,9.4332,,,,0.00,0.019,,gleich
1267,H,"Lifuka, Ha'apai Group, Tonga",harmonics/classic/harmonics-1997-05-25_mod.txt,19206,-19.8000,-174.3333,,,,1.75,0.126,,gleich
1267,H,"Lifuka Island, Tonga",harmonics/noaa/harmonics_noaa_cptt.txt,223008,-19.8000,-174.3500,1,,,1.75,0.126,,gleich
1268,G,"Likiep Atoll, Marshall Islands",harmonics/att/harmonics_att_np204_secondary.txt,15770,9.8167,169.2833,,,,3.66,0.036,1,gleich
1268,G,"Likiep Atoll, Marshall Islands",harmonics/noaa/harmonics_noaa_pacif.txt,20136,9.8167,169.3167,,,,3.66,0.036,1,gleich
1269,N,"Liloan, Philippines",harmonics/att/harmonics_att_np203_scs.txt,80658,10.1500,125.1167,,,,0.00,0.046,,gleich
1269,N,"Liloan, Sogod Bay, Surigao del Sur, Philippines",harmonics/noaa/harmonics_noaa_cptt.txt,196527,10.1500,125.1167,1,,,0.00,0.046,,gleich
1270,N,"Limassol, Cyprus",harmonics/att/harmonics_att_np208.txt,34488,34.6686,33.0424,,34.6670,33.0500,0.06,0.094,,verschieden
1270,N,"Lemesos (Limassol), Cyprus",harmonics/utide/harmonics_utide_observations.txt,227187,34.6690,33.0420,,,,0.06,0.094,,verschieden
1271,N,"Limbé (Port Sonara), Cameroon",harmonics/utide/harmonics_utide_observations.txt,38102,4.0058,9.1260,,,,0.00,0.002,,gleich
1271,N,"Limbé (Port Sonara), Cameroon",harmonics/utide/harmonics_utide_tidetables.txt,359190,4.0058,9.1260,,,,0.00,0.002,,gleich
1272,N,"Limon, Costa Rica",harmonics/ticon/harmonics_ticon4_worldwide.txt,106451,10.0000,-83.0330,,,,0.00,0.003,,gleich
1272,N,"Limon, Costa Rica",harmonics/utide/harmonics_utide_observations.txt,53607,10.0000,-83.0330,,,,0.00,0.003,,gleich
1273,N,"Linakhamar (Pechenga Bay), Russia",harmonics/att/harmonics_att_np202_secondary.txt,45624,69.6500,31.3667,,,,0.00,0.055,,gleich
1273,N,"Linakhamar (Pechenga Bay), Russia",harmonics/noaa/harmonics_noaa_eutt.txt,90341,69.6500,31.3667,1,,,0.00,0.055,,gleich
1274,N,"Linapakan Island, Philippines",harmonics/att/harmonics_att_np203_scs.txt,63772,11.4667,119.7667,,,,0.00,0.055,,verschieden
1274,N,"Northwest Bay, Linapacan Island, Palawan, Philippines",harmonics/noaa/harmonics_noaa_cptt.txt,184947,11.4667,119.7667,1,,,0.00,0.055,,verschieden
1275,N,"Lindi, Tanzania",harmonics/att/harmonics_att_np203_secondary.txt,39121,-9.9999,39.7193,,,,0.00,0.059,,gleich
1275,N,"Lindi, Tanzania",harmonics/noaa/harmonics_noaa_cptt.txt,283837,-9.9999,39.7193,1,,,0.00,0.059,,gleich
1276,N,"Lingkas, Indonesia",harmonics/att/harmonics_att_np203_scs.txt,111536,3.2833,117.5833,,,,0.00,0.067,,gleich
1276,N,"Lingkas, Tarakan Island, Indonesia",harmonics/noaa/harmonics_noaa_cptt.txt,160199,3.2833,117.5833,1,,,0.00,0.067,,gleich
1277,H,"Lingkobu, Indonesia",harmonics/att/harmonics_att_np203_scs.txt,118514,-2.0667,121.5500,,,,1.86,0.129,,gleich
1277,H,"Lingkobu, Indonesia",harmonics/noaa/harmonics_noaa_cptt.txt,158445,-2.0667,121.5333,1,,,1.86,0.129,,gleich
1278,H,"Lipari, Italy",harmonics/att/harmonics_att_np208.txt,27614,38.4714,14.9557,,38.4670,14.9330,0.00,0.148,,gleich
1278,H,"Lipari, Italy",harmonics/noaa/harmonics_noaa_eutt.txt,38855,38.4714,14.9557,1,,,0.00,0.148,,gleich
1279,N,"Lisboa (Alcântara), Portugal",harmonics/classic/harmonics-1997-05-25_mod.txt,19331,38.7001,-9.1634,,38.7000,-9.1333,0.00,0.007,,gleich
1279,N,"Lisboa (Alcântara), Portugal",harmonics/utide/harmonics_utide_tidetables.txt,389795,38.7001,-9.1634,,38.7117,-9.1233,0.00,0.007,,gleich
1280,N,"Liscomb Harbour, Nova Scotia, Canada",harmonics/classic/harmonics-2004-06-14_mod.txt,151542,45.0239,-61.9967,,45.0167,-62.0000,0.00,0.058,,gleich
1280,N,"Liscomb Harbour, Nova Scotia, Canada",harmonics/noaa/harmonics_noaa_amtt.txt,36780,45.0239,-61.9967,1,,,0.00,0.058,,gleich
1281,N,"Little Bernera, Scotland, United Kingdom",harmonics/noaa/harmonics_noaa_eutt.txt,76414,58.2667,-6.8667,1,,,0.00,0.021,,gleich
1281,N,"Little Bernera, Scotland, United Kingdom",harmonics/utide/harmonics_utide_tidetables.txt,469452,58.2667,-6.8667,,,,0.00,0.021,,gleich
1282,N,"Little Cornwallis, Nunavut, Canada",harmonics/ticon/harmonics_ticon4_worldwide.txt,100220,75.3833,-96.9498,,75.3830,-96.9500,0.01,0.001,,gleich
1282,N,"Little Cornwallis Island, Nunavut, Canada",harmonics/utide/harmonics_utide_tidetables.txt,250391,75.3833,-96.9500,,,,0.01,0.001,,gleich
1283,N,"Llandudno, Wales, United Kingdom",harmonics/ticon/harmonics_ticon4_worldwide.txt,106652,53.3317,-3.8252,,,,0.00,0.002,,gleich
1283,N,"Llandudno, England, United Kingdom",harmonics/utide/harmonics_utide_observations.txt,194310,53.3317,-3.8252,,,,0.00,0.002,,gleich
1284,N,"Llanes, Spain",harmonics/noaa/harmonics_noaa_eutt.txt,44560,43.4210,-4.7506,1,,,0.00,0.041,,gleich
1284,N,"Llanes, Spain",harmonics/utide/harmonics_utide_tidetables.txt,384736,43.4210,-4.7506,,,,0.00,0.041,,gleich
1285,N,"Loch Boisdale (South Uist), Scotland, United Kingdom",harmonics/noaa/harmonics_noaa_eutt.txt,75622,57.1521,-7.3036,1,,,0.00,0.070,,gleich
1285,N,"Loch Boisdale (South Uist), Scotland, United Kingdom",harmonics/utide/harmonics_utide_tidetables.txt,471000,57.1521,-7.3036,,,,0.00,0.070,,gleich
1286,N,"Loch Inver, Scotland, United Kingdom",harmonics/noaa/harmonics_noaa_eutt.txt,73260,58.1487,-5.2511,1,,,0.00,0.031,,gleich
1286,N,"Lochinver, Scotland, United Kingdom",harmonics/utide/harmonics_utide_tidetables.txt,472353,58.1487,-5.2511,,58.1500,-5.3000,0.00,0.031,,gleich
1287,N,"Lochmaddy (North Uist), Scotland, United Kingdom",harmonics/noaa/harmonics_noaa_eutt.txt,75820,57.5959,-7.1551,1,,,0.00,0.026,,gleich
1287,N,"Lochmaddy (North Uist), Scotland, United Kingdom",harmonics/utide/harmonics_utide_tidetables.txt,472739,57.5959,-7.1551,,,,0.00,0.026,,gleich
1288,N,"Lockeport, Nova Scotia, Canada",harmonics/classic/harmonics-2004-06-14_mod.txt,152877,43.7015,-65.1070,,43.7000,-65.1167,0.01,0.043,,gleich
1288,N,"Lockeport, Nova Scotia, Canada",harmonics/noaa/harmonics_noaa_amtt.txt,51870,43.7015,-65.1070,1,,,0.01,0.043,,gleich
1288,N,"Lockeport, Nova Scotia, Canada",harmonics/utide/harmonics_utide_tidetables.txt,214204,43.7015,-65.1072,,,,0.01,0.043,,gleich
1289,N,"Locquirec, France",harmonics/classic/harmonics-pierre-lavergne-v10_mod.txt,10730,48.6915,-3.6444,,,,0.00,0.010,,gleich
1289,N,"Locquirec, France",harmonics/utide/harmonics_utide_tidetables.txt,350986,48.6915,-3.6444,,48.7000,-3.6333,0.00,0.010,,gleich
1290,N,"Loctudy, France",harmonics/classic/harmonics-pierre-lavergne-v10_mod.txt,14093,47.8359,-4.1698,,,,0.00,0.021,,gleich
1290,N,"Loctudy, France",harmonics/utide/harmonics_utide_tidetables.txt,351181,47.8359,-4.1698,,47.8350,-4.1733,0.00,0.021,,gleich
1291,N,"Lombrum, Manus, Papua New Guinea",harmonics/ticon/harmonics_ticon4_worldwide.txt,107061,-2.0416,147.3746,,,,0.51,0.003,,gleich
1291,N,"Lombrum, Manus Is., Papua New Guinea",harmonics/utide/harmonics_utide_observations.txt,182661,-2.0370,147.3750,,,,0.51,0.003,,gleich
1292,N,"Lomé, Togo",harmonics/att/harmonics_att_np208.txt,17873,6.1346,1.2865,,6.1350,1.2860,0.00,0.059,,gleich
1292,N,"Lomé, Togo",harmonics/classic/harmonics-1997-05-25_mod.txt,19577,6.1346,1.2865,,6.1167,1.2167,0.00,0.059,,gleich
1292,N,"Lomé, Togo",harmonics/utide/harmonics_utide_tidetables.txt,351376,6.1346,1.2865,,6.1333,1.2833,0.00,0.059,,gleich
1293,G,"London Bridge (Tower Pier), England, United Kingdom",harmonics/classic/harmonics-1997-05-25_mod.txt,19697,51.5076,-0.0801,,51.5076,-0.0878,0.00,0.017,,gleich
1293,G,"London Bridge (Tower Pier), England, United Kingdom",harmonics/utide/harmonics_utide_tidetables.txt,474670,51.5076,-0.0801,,,,0.00,0.017,,gleich
1294,N,"Londonderry, Northern Ireland, United Kingdom",harmonics/classic/harmonics-1997-05-25_mod.txt,19819,55.0021,-7.3208,,55.0000,-7.3167,0.00,0.055,,gleich
1294,N,"Londonderry, Northern Ireland, United Kingdom",harmonics/utide/harmonics_utide_tidetables.txt,474867,55.0021,-7.3208,,,,0.00,0.055,,gleich
1295,N,"Long Island, New Brunswick, Canada",harmonics/classic/harmonics-2004-06-14_mod.txt,153452,45.1496,-66.9611,,45.1500,-66.9667,0.00,0.000,,gleich
1295,N,"Long Island, New Brunswick, Canada",harmonics/utide/harmonics_utide_tidetables.txt,159296,45.1496,-66.9611,,,,0.00,0.000,,gleich
1296,N,"Longbranch (USCOE dredge depot), Florida (3)",harmonics/classic/harmonics-2004-06-14_mod.txt,154599,30.3600,-81.6200,,,,0.74,0.071,,verschieden
1296,N,"Longbranch (USCOE dredge depot), Florida (4)",harmonics/classic/harmonics-2004-06-14_mod.txt,154789,30.3600,-81.6200,,,,0.74,0.071,,verschieden
1296,N,"Longbranch (USCOE dredge depot), Florida (5)",harmonics/classic/harmonics-2004-06-14_mod.txt,154979,30.3600,-81.6200,,,,0.74,0.071,,verschieden
1296,N,"Longbranch (USCOE dredge depot), Florida (6)",harmonics/classic/harmonics-2004-06-14_mod.txt,155169,30.3600,-81.6200,,,,0.74,0.071,,verschieden
1296,N,"St. Johns River at Long Branch, USCOE dredge depot, Florida",harmonics/classic/harmonics-2004-06-14_mod.txt,268878,30.3575,-81.6129,,,,0.74,0.071,,verschieden
1296,N,"Jacksonville, Long Branch, Florida",harmonics/classic/harmonics-dwf-20251228-free.txt,103399,30.3600,-81.6200,,,,0.74,0.071,,verschieden
1297,H,"Longkou, Shandong, China",harmonics/noaa/harmonics_noaa_cptt.txt,105774,37.6500,120.3167,1,,,0.00,0.241,,gleich
1297,H,"Longkou, Shandong, China",harmonics/utide/harmonics_utide_tidetables.txt,652613,37.6500,120.3167,,,,0.00,0.241,,gleich
1298,N,"Longstaff Bluff #1, Nunavut, Canada",harmonics/classic/harmonics-2004-06-14_mod.txt,155359,68.9000,-75.2000,,68.8833,-75.1167,0.00,0.000,,aehnlich
1298,N,"Longstaff Bluff, Nunavut, Canada",harmonics/utide/harmonics_utide_tidetables.txt,240156,68.9000,-75.2000,,,,0.00,0.000,,aehnlich
1299,N,"Looe, England, United Kingdom",harmonics/noaa/harmonics_noaa_eutt.txt,63140,50.3536,-4.4548,1,,,0.00,0.044,,gleich
1299,N,"Looe, England, United Kingdom",harmonics/utide/harmonics_utide_tidetables.txt,475060,50.3536,-4.4548,,,,0.00,0.044,,gleich
1300,N,"Lopshen'ga, Russia",harmonics/att/harmonics_att_np202_secondary.txt,34952,64.9667,37.7000,,,,1.86,0.017,,aehnlich
1300,N,"Lopshenga River entrance, Russia",harmonics/noaa/harmonics_noaa_eutt.txt,107129,64.9500,37.7000,1,,,1.86,0.017,,aehnlich
1301,N,"Lord Howe Island, Tasman Sea, Australia",harmonics/ticon/harmonics_ticon4_worldwide.txt,107259,-31.5236,159.0582,,,,0.00,0.004,,gleich
1301,N,"Lord Howe Island, Tasman Sea, Australia",harmonics/utide/harmonics_utide_observations.txt,21577,-31.5236,159.0582,,,,0.00,0.004,,gleich
1302,N,"Loreto, Baja California Sur, Mexico",harmonics/ticon/harmonics_ticon4_worldwide.txt,107460,26.0146,-111.3388,,26.0150,-111.3400,0.00,0.001,,gleich
1302,N,"Loreto, Baja California Sur, Mexico",harmonics/utide/harmonics_utide_observations.txt,144005,26.0146,-111.3388,,26.0170,-111.3670,0.00,0.001,,gleich
1303,N,"Lorient (Port de commerce), France",harmonics/classic/harmonics-pierre-lavergne-v10_mod.txt,14466,47.7394,-3.3528,,47.7418,-3.3502,0.00,0.021,,gleich
1303,N,"Lorient (Port de commerce), France",harmonics/noaa/harmonics_noaa_eutt.txt,51039,47.7394,-3.3528,1,,,0.00,0.021,,gleich
1303,N,"Lorient (Port de commerce), France",harmonics/utide/harmonics_utide_tidetables.txt,351764,47.7394,-3.3528,,47.7375,-3.3545,0.00,0.021,,gleich
1304,N,"Lorne (Louttit Bay), Victoria, Australia",harmonics/classic/harmonics-2004-06-14_mod.txt,155557,-38.5470,143.9881,,-38.5500,143.9833,0.01,0.029,,gleich
1304,N,"Lorne, Victoria, Australia",harmonics/utide/harmonics_utide_observations.txt,18037,-38.5470,143.9882,,,,0.01,0.029,,gleich
1305,N,"Los Cristianos (Tenerife), Islas Canarias, Spain",harmonics/att/harmonics_att_np208_secondary.txt,17931,28.0483,-16.7183,,,,0.00,0.071,,gleich
1305,N,"Los Cristianos (Tenerife), Islas Canarias, Spain",harmonics/utide/harmonics_utide_tidetables.txt,388628,28.0483,-16.7183,,,,0.00,0.071,,gleich
1306,N,"Lossiemouth, Scotland, United Kingdom",harmonics/noaa/harmonics_noaa_eutt.txt,54789,57.7239,-3.2790,1,,,0.00,0.065,,gleich
1306,N,"Lossiemouth, Scotland, United Kingdom",harmonics/utide/harmonics_utide_tidetables.txt,475253,57.7239,-3.2790,,,,0.00,0.065,,gleich
1307,N,"Lottin Point, New Zealand",harmonics/ticon/harmonics_ticon4_worldwide.txt,107661,-37.5500,178.1586,,,,0.04,0.025,,verschieden
1307,N,"Lottin Point / Wakatiri, New Zealand",harmonics/utide/harmonics_utide_tidetables.txt,586660,-37.5500,178.1591,,,,0.04,0.025,,verschieden
1308,N,"Low Islets, Queensland, Australia",harmonics/classic/harmonics-2004-06-14_mod.txt,155752,-16.3833,145.5667,,,,0.00,0.061,,aehnlich
1308,N,"Low Isles, Queensland, Australia",harmonics/noaa/harmonics_noaa_cptt.txt,245450,-16.3833,145.5667,1,,,0.00,0.061,,aehnlich
1309,N,"Low Wooded Isle, Queensland, Australia",harmonics/classic/harmonics-2004-06-14_mod.txt,155947,-15.0907,145.3740,,-15.0833,145.2500,0.00,0.071,,gleich
1309,N,"Low Wooded Isle, Queensland, Australia",harmonics/noaa/harmonics_noaa_cptt.txt,245257,-15.0907,145.3740,1,,,0.00,0.071,,gleich
1310,N,"Lowestoft, England, United Kingdom",harmonics/ticon/harmonics_ticon4_worldwide.txt,108459,52.4731,1.7503,,,,0.00,0.003,,gleich
1310,N,"Lowestoft, England, United Kingdom",harmonics/utide/harmonics_utide_observations.txt,194508,52.4731,1.7502,,,,0.00,0.003,,gleich
1311,N,"Luanda, Angola",harmonics/att/harmonics_att_np208.txt,19974,-8.7861,13.2345,,-8.7860,13.2350,0.00,0.083,,gleich
1311,N,"Luanda, Angola",harmonics/classic/harmonics-1997-05-25_mod.txt,20067,-8.7861,13.2345,,-8.7833,13.2333,0.00,0.083,,gleich
1311,N,"Luanda, Angola",harmonics/noaa/harmonics_noaa_eutt.txt,19931,-8.7861,13.2345,1,,,0.00,0.083,,gleich
1311,N,"Luanda, Angola",harmonics/utide/harmonics_utide_observations.txt,38500,-8.7861,13.2345,,,,0.00,0.083,,gleich
1312,N,"Luba (Bioko), Equatorial Guinea",harmonics/att/harmonics_att_np208.txt,19210,3.4610,8.5550,,,,0.03,0.034,,gleich
1312,N,"Luba (Bioko), Equatorial Guinea",harmonics/classic/harmonics-1997-05-25_mod.txt,32352,3.4612,8.5552,,,,0.03,0.034,,gleich
1313,N,"Lubec, Maine",harmonics/classic/harmonics-2004-06-14_mod.txt,264665,44.8210,-66.9920,,,,2.05,0.050,,verschieden
1313,N,"West Quoddy Head, Maine",harmonics/classic/harmonics-2004-06-14_mod.txt,314853,44.8167,-66.9667,,,,2.05,0.050,,verschieden
1314,N,"Lucena, Philippines",harmonics/att/harmonics_att_np203_scs.txt,72502,13.9000,121.6000,,,,0.00,0.021,,verschieden
1314,N,"Tayabas River entrance, Marinduque, Philippines",harmonics/noaa/harmonics_noaa_cptt.txt,218533,13.9000,121.6000,1,,,0.00,0.021,,verschieden
1315,N,"Lucinda, Queensland, Australia",harmonics/classic/harmonics-2004-06-14_mod.txt,156709,-18.5217,146.3314,,-18.5167,146.3333,1.65,0.064,,verschieden
1315,N,"Dungeness (Lucinda), Queensland, Australia",harmonics/noaa/harmonics_noaa_cptt.txt,246225,-18.5167,146.3167,1,,,1.65,0.064,,verschieden
1316,N,"Lulworth Cove, England, United Kingdom",harmonics/utide/harmonics_utide_tidetables.txt,476225,50.6170,-2.2470,,,,2.14,0.000,,verschieden
1316,N,"Mupe Bay, England, United Kingdom",harmonics/utide/harmonics_utide_tidetables.txt,482227,50.6167,-2.2167,,,,2.14,0.000,,verschieden
1317,HN,"Lumut (Sungai Dinding), Malaysia",harmonics/att/harmonics_att_np203_scs.txt,33296,4.2381,100.6130,,4.2333,100.6167,0.00,0.118,,gleich
1317,HN,"Lumut (Sungai Dinding), Malaysia",harmonics/noaa/harmonics_noaa_cptt.txt,137362,4.2381,100.6130,1,,,0.00,0.118,,gleich
1317,HN,"Lumut, Malaysia",harmonics/ticon/harmonics_ticon4_worldwide.txt,109666,4.2381,100.6130,,4.2400,100.6130,0.00,0.118,,gleich
1318,N,"Lunenburg, Nova Scotia (2), Canada",harmonics/classic/harmonics-2004-06-14_mod.txt,156899,44.3753,-64.3070,,44.3667,-64.3167,0.02,0.009,,gleich
1318,N,"Lunenburg, Nova Scotia, Canada",harmonics/utide/harmonics_utide_tidetables.txt,214980,44.3755,-64.3071,,,,0.02,0.009,,gleich
1319,N,"Lusi, Jiangsu, China",harmonics/noaa/harmonics_noaa_cptt.txt,112993,32.1016,121.6031,1,,,0.00,0.092,,gleich
1319,N,"Lusi, Jiangsu, China",harmonics/ticon/harmonics_ticon4_worldwide.txt,109871,32.1016,121.6031,,32.1330,121.6170,0.00,0.092,,gleich
1319,N,"Lusi, Jiangsu, China",harmonics/utide/harmonics_utide_tidetables.txt,663099,32.1016,121.6031,,32.1333,121.6167,0.00,0.092,,gleich
1320,N,"Lyme Regis, England, United Kingdom",harmonics/noaa/harmonics_noaa_eutt.txt,62144,50.7198,-2.9369,1,,,0.00,0.070,,gleich
1320,N,"Lyme Regis, England, United Kingdom",harmonics/utide/harmonics_utide_tidetables.txt,476611,50.7198,-2.9369,,,,0.00,0.070,,gleich
1321,N,"Lymington, England, United Kingdom",harmonics/ticon/harmonics_ticon4_worldwide.txt,110072,50.7403,-1.5071,,,,0.00,0.003,,gleich
1321,N,"Lymington, England, United Kingdom",harmonics/utide/harmonics_utide_observations.txt,198626,50.7403,-1.5071,,,,0.00,0.003,,gleich
1322,N,"Lynchburg Landing, San Jacinto River, Galveston Bay, Texas",harmonics/classic/harmonics-dwf-20251228-free.txt,163923,29.7650,-95.0783,,,,1.46,0.083,,verschieden
1322,N,"San Jacinto Battleground State Historic Site, Texas",harmonics/classic/harmonics-dwf-20251228-free.txt,164517,29.7567,-95.0900,,,,1.46,0.083,,verschieden
1323,N,"Lyttelton, New Zealand",harmonics/ticon/harmonics_ticon4_worldwide.txt,110270,-43.6056,172.7219,,-43.6000,172.7170,0.00,0.005,,gleich
1323,N,"Lyttelton, Canterbury, New Zealand",harmonics/utide/harmonics_utide_observations.txt,167952,-43.6056,172.7219,,-43.6000,172.7170,0.00,0.005,,gleich
1324,N,"Lézardrieux, France",harmonics/classic/harmonics-pierre-lavergne-v10_mod.txt,9982,48.7907,-3.0986,,,,0.00,0.032,,gleich
1324,N,"Lézardrieux, France",harmonics/utide/harmonics_utide_tidetables.txt,351963,48.7907,-3.0986,,48.7833,-3.1000,0.00,0.032,,gleich
1325,N,"Lüderitz, Namibia",harmonics/att/harmonics_att_np208_secondary.txt,48336,-26.6500,15.1500,,,,1.86,0.080,,gleich
1325,N,"Luderitz Bay, Namibia",harmonics/noaa/harmonics_noaa_eutt.txt,17939,-26.6333,15.1500,1,,,1.86,0.080,,gleich
1325,N,"Lüderitz, Namibia",harmonics/ticon/harmonics_ticon4_worldwide.txt,109265,-26.6500,15.1500,,,,1.86,0.080,,gleich
1325,N,"Lüderitz, Namibia",harmonics/utide/harmonics_utide_observations.txt,187799,-26.6500,15.1500,,,,1.86,0.080,,gleich
1326,N,"Maasin, Philippines",harmonics/att/harmonics_att_np203_scs.txt,80852,10.1333,124.8333,,,,0.00,0.060,,gleich
1326,N,"Maasin, Leyte, Philippines",harmonics/noaa/harmonics_noaa_cptt.txt,196720,10.1333,124.8333,1,,,0.00,0.060,,gleich
1327,N,"MacDonalds Point, New Brunswick, Canada",harmonics/classic/harmonics-2004-06-14_mod.txt,166148,45.7188,-66.0476,,45.7167,-66.0500,0.00,0.000,,gleich
1327,N,"MacDonalds Point, New Brunswick, Canada",harmonics/utide/harmonics_utide_tidetables.txt,161807,45.7188,-66.0476,,,,0.00,0.000,,gleich
1328,N,"Macabalan, Philippines",harmonics/att/harmonics_att_np203_scs.txt,85508,8.5000,124.6667,,,,0.27,0.062,,verschieden
1328,N,"Macabalan Pt., Macajalar Bay, Misamis Oriental, Philippines",harmonics/noaa/harmonics_noaa_cptt.txt,174722,8.5000,124.6667,1,,,0.27,0.062,,verschieden
1328,N,"Cagayan de Oro City, Misamis Oriental, Philippines",harmonics/utide/harmonics_utide_tidetables.txt,314919,8.5006,124.6643,,,,0.27,0.062,,verschieden
1329,N,"Macao Harbor, Guangdong, China",harmonics/noaa/harmonics_noaa_cptt.txt,124390,22.1833,113.5500,1,,,1.81,0.043,,aehnlich
1329,N,"Macau, Guangdong, China",harmonics/ticon/harmonics_ticon4_worldwide.txt,110676,22.1670,113.5500,,,,1.81,0.043,,aehnlich
1330,N,"Macapa, Amazon River, Amapá, Brazil",harmonics/noaa/harmonics_noaa_amtt.txt,42741,-0.0500,-51.1833,1,,,2.14,0.066,,verschieden
1330,N,"Santana (Cia Docas), Amapá, Brazil",harmonics/utide/harmonics_utide_observations.txt,36719,-0.0614,-51.1678,,,,2.14,0.066,,verschieden
1331,H,"Maceio, Alagoas, Brazil",harmonics/noaa/harmonics_noaa_amtt.txt,45713,-9.6667,-35.7167,1,,,2.06,0.101,,gleich
1331,H,"Maceió (Porto), Alagoas, Brazil",harmonics/utide/harmonics_utide_tidetables.txt,89375,-9.6833,-35.7250,,,,2.06,0.101,,gleich
1332,N,"Machico, Madeira, Portugal",harmonics/att/harmonics_att_np208_secondary.txt,16761,32.7171,-16.7604,,,,0.00,0.041,,gleich
1332,N,"Machico, Madeira, Portugal",harmonics/utide/harmonics_utide_tidetables.txt,694245,32.7171,-16.7604,,32.7167,-16.7583,0.00,0.041,,gleich
1333,N,"Mackay Outer Harbour, Queensland, Australia",harmonics/ticon/harmonics_ticon4_worldwide.txt,110874,-21.1098,149.2295,,,,0.00,0.009,,gleich
1333,N,"Mackay Outer Harbour, Queensland, Australia",harmonics/utide/harmonics_utide_observations.txt,20203,-21.1098,149.2295,,,,0.00,0.009,,gleich
1334,H,"Macquarie Island, Australia",harmonics/noaa/harmonics_noaa_cptt.txt,260707,-54.4830,158.9670,1,,,0.00,0.161,,gleich
1334,H,"Macquarie Island, Australia",harmonics/ticon/harmonics_ticon4_worldwide.txt,111072,-54.4830,158.9670,,,,0.00,0.161,,gleich
1335,N,"Madang Harbour, Papua New Guinea",harmonics/ticon/harmonics_ticon4_worldwide.txt,111273,-5.2084,145.8002,,-5.2000,145.8000,0.93,0.002,,gleich
1335,N,"Madang, Papua New Guinea",harmonics/utide/harmonics_utide_observations.txt,181868,-5.2000,145.8000,,,,0.93,0.002,,gleich
1336,N,"Maestre de Campo Island, Philippines",harmonics/att/harmonics_att_np203_scs.txt,65518,12.9167,121.7333,,,,0.00,0.022,,verschieden
1336,N,"Port Concepcion, Maestre de Campo I, Romblon, Philippines",harmonics/noaa/harmonics_noaa_cptt.txt,204830,12.9167,121.7333,1,,,0.00,0.022,,verschieden
1337,N,"Magdalenefjorden, Svalbard",harmonics/att/harmonics_att_np202_secondary.txt,26236,79.5500,11.2167,,,,0.00,0.048,,aehnlich
1337,N,"Magdalenefjord, Vestspitsbergen, Svalbard",harmonics/noaa/harmonics_noaa_eutt.txt,127708,79.5500,11.2167,1,,,0.00,0.048,,aehnlich
1338,N,"Mahajanga, Madagascar",harmonics/att/harmonics_att_np203.txt,16733,-15.7270,46.3148,,,,0.00,0.066,,gleich
1338,N,"Mahajanga, Madagascar",harmonics/noaa/harmonics_noaa_cptt.txt,288934,-15.7270,46.3148,1,,,0.00,0.066,,gleich
1339,N,"Maintirano, Madagascar",harmonics/att/harmonics_att_np203_secondary.txt,27256,-18.0624,44.0159,,,,0.00,0.098,,gleich
1339,N,"Maintirano, Madagascar",harmonics/utide/harmonics_fes2022.txt,16784,-18.0624,44.0159,,-18.0600,44.0200,0.00,0.098,,gleich
1340,N,"Maisaka (Hamamatsu), Shizuoka, Japan",harmonics/ticon/harmonics_ticon4_worldwide.txt,111474,34.6820,137.6089,,34.6830,137.6170,0.00,0.010,,gleich
1340,N,"Maisaka (Hamamatsu), Shizuoka, Japan",harmonics/utide/harmonics_utide_observations.txt,114673,34.6820,137.6089,,,,0.00,0.010,,gleich
1341,GN,"Maizuru (Nishi Ko), Kyoto, Japan",harmonics/ticon/harmonics_ticon4_worldwide.txt,111672,35.4514,135.3178,,,,6.87,0.013,1,gleich
1341,GN,"Maizuru (Higashi Ko), Kyoto, Japan",harmonics/ticon/harmonics_ticon4_worldwide.txt,111870,35.4767,135.3870,,,,6.87,0.013,1,gleich
1341,GN,"Maizuru (Higashi Ko), Kyoto, Japan",harmonics/utide/harmonics_utide_observations.txt,114867,35.4767,135.3870,,,,6.87,0.013,1,gleich
1342,N,"Makemo Atoll, Tuamotu Archipelago",harmonics/ticon/harmonics_ticon4_worldwide.txt,112074,-16.6270,-143.5692,,,,0.00,0.005,,gleich
1342,N,"Makemo Atoll, Tuamotu Archipelago",harmonics/utide/harmonics_utide_observations.txt,56236,-16.6270,-143.5692,,,,0.00,0.005,,gleich
1343,N,"Makurazaki, Kagoshima, Japan",harmonics/ticon/harmonics_ticon4_worldwide.txt,112274,31.2678,130.2930,,31.2678,130.2930,0.00,0.004,,gleich
1343,N,"Makurazaki, Kagoshima, Japan",harmonics/utide/harmonics_utide_observations.txt,115063,31.2678,130.2930,,,,0.00,0.004,,gleich
1344,H,"Malabo (Santa Isabel), Equatorial Guinea",harmonics/att/harmonics_att_np208_secondary.txt,43897,3.7649,8.7819,,,,0.00,0.142,,gleich
1344,H,"Malabo (Santa Isabel), Equatorial Guinea",harmonics/noaa/harmonics_noaa_eutt.txt,22723,3.7649,8.7819,1,,,0.00,0.142,,gleich
1345,N,"Malaga, Spain",harmonics/classic/harmonics_puertos_spain.txt,19098,36.7119,-4.4171,,,,0.00,0.069,,gleich
1345,N,"Málaga, Spain",harmonics/noaa/harmonics_noaa_eutt.txt,39249,36.7119,-4.4171,1,,,0.00,0.069,,gleich
1346,N,"Malagash, Nova Scotia, Canada",harmonics/classic/harmonics-2004-06-14_mod.txt,158631,45.7746,-63.2958,,45.7833,-63.2833,0.07,0.010,,gleich
1346,N,"Malagash, Nova Scotia, Canada",harmonics/utide/harmonics_utide_tidetables.txt,215368,45.7752,-63.2962,,,,0.07,0.010,,gleich
1347,KN,"Malakal Harbor, Palau Islands, Caroline Islands, Palau",harmonics/classic/harmonics-2004-06-14_mod.txt,158832,7.3333,134.4667,,7.3300,134.4700,2.61,0.019,,verschieden
1347,KN,"Malakal Harbor, Palau",harmonics/classic/harmonics-dwf-20251228-free.txt,18897,7.3333,134.4667,,,,2.61,0.019,,verschieden
1347,KN,"Koror, Palau",harmonics/noaa/harmonics_noaa_cptt.txt,218729,7.3500,134.4833,1,,,2.61,0.019,,verschieden
1348,N,"Male, Maldives",harmonics/att/harmonics_att_np203_secondary.txt,87828,4.1830,73.5170,,,,0.53,0.036,,gleich
1348,N,"Male, Maldives",harmonics/ticon/harmonics_ticon4_worldwide.txt,112479,4.1782,73.5167,,4.1830,73.5330,0.53,0.036,,gleich
1349,N,"Malecón, Isla de Zapara, Venezuela",harmonics/classic/harmonics-1997-05-25_mod.txt,20565,10.9802,-71.5758,,11.0000,-71.5833,2.35,0.008,,verschieden
1349,N,"Maracaibo Approaches (Malecon), Venezuela",harmonics/utide/harmonics_utide_tidetables.txt,668133,11.0000,-71.5833,,,,2.35,0.008,,verschieden
1350,N,"Mali Losinj, Croatia",harmonics/att/harmonics_att_np208.txt,22266,44.5353,14.4660,,44.5330,14.4670,0.00,0.035,,gleich
1350,N,"Mali Losinj, Croatia",harmonics/classic/harmonics-1997-05-25_mod.txt,20687,44.5353,14.4660,,44.5333,14.4667,0.00,0.035,,gleich
1351,N,"Malindi, Kenya",harmonics/att/harmonics_att_np203_secondary.txt,43029,-3.2147,40.1265,,-3.2167,40.1333,0.00,0.048,,gleich
1351,N,"Malindi, Kenya",harmonics/classic/harmonics-1997-05-25_mod.txt,20809,-3.2147,40.1265,,-3.2167,40.1167,0.00,0.048,,gleich
1351,N,"Malindi, Kenya",harmonics/noaa/harmonics_noaa_cptt.txt,282859,-3.2147,40.1265,1,,,0.00,0.048,,gleich
1352,H,"Mallison Island, Northern Territory, Australia",harmonics/classic/harmonics-2004-06-14_mod.txt,159405,-12.1833,136.1000,,,,0.00,0.165,,verschieden
1352,H,"Arnhem Bay, Northern Territory, Australia",harmonics/noaa/harmonics_noaa_cptt.txt,244290,-12.1833,136.1000,1,,,0.00,0.165,,verschieden
1353,N,"Malmö, Sweden",harmonics/ticon/harmonics_ticon4_worldwide.txt,112885,55.6167,13.0000,,,,0.38,0.048,,aehnlich
1353,N,"Malmö Hamn, Sweden",harmonics/ticon/harmonics_ticon4_worldwide.txt,113086,55.6136,12.9973,,,,0.38,0.048,,aehnlich
1354,N,"Maloelap Atoll, Marshall Islands",harmonics/att/harmonics_att_np204_secondary.txt,15196,8.7167,171.2333,,,,0.00,0.051,,gleich
1354,N,"Maloelap Atoll, Marshall Islands",harmonics/noaa/harmonics_noaa_pacif.txt,20709,8.7167,171.2333,,,,0.00,0.051,,gleich
1355,N,"Malokurilskoye (Shikotan), Kuril Islands, Russia",harmonics/classic/harmonics-2004-06-14_mod.txt,277718,43.8710,146.8255,,43.8667,146.8170,0.85,0.088,,verschieden
1355,N,"Shakotan Ko, Shikotan Jima, Russia",harmonics/noaa/harmonics_noaa_cptt.txt,44719,43.8667,146.8167,1,,,0.85,0.088,,verschieden
1356,HLN,"Malpe, Karnataka, India",harmonics/att/harmonics_att_np203_secondary.txt,100066,13.3497,74.6914,,13.3500,74.6833,0.00,0.155,,gleich
1356,HLN,"Malpe, Karnataka, India",harmonics/classic/harmonics_literature.txt,18125,13.3497,74.6914,,,,0.00,0.155,,gleich
1356,HLN,"Malpe, Karnataka, India",harmonics/noaa/harmonics_noaa_cptt.txt,271116,13.3497,74.6914,1,,,0.00,0.155,,gleich
1357,N,"Mambahao, Philippines",harmonics/att/harmonics_att_np203_scs.txt,85702,9.2500,124.7167,,,,2.39,0.058,,aehnlich
1357,N,"Mambajao, Camiguin Island, Camiguin, Philippines",harmonics/noaa/harmonics_noaa_cptt.txt,175108,9.2500,124.7167,1,,,2.39,0.058,,aehnlich
1357,N,"Mambajao, Camiguin, Philippines",harmonics/utide/harmonics_utide_tidetables.txt,317833,9.2437,124.7375,,,,2.39,0.058,,aehnlich
1358,H,"Manawatu River entrance, Manawatu-Whanganui, New Zealand",harmonics/noaa/harmonics_noaa_cptt.txt,230810,-40.4667,175.2167,1,,,1.88,0.263,1,gleich
1358,H,"Manawatu River Entrance, New Zealand",harmonics/utide/harmonics_utide_tidetables.txt,592766,-40.4724,175.2376,,,,1.88,0.263,1,gleich
1359,L,"Mangaluru, Karnataka, India",harmonics/att/harmonics_att_np203_secondary.txt,100456,12.8492,74.8345,,12.8500,74.8333,0.00,0.171,,gleich
1359,L,"Mangaluru, Karnataka, India",harmonics/classic/harmonics-1997-05-25_mod.txt,21058,12.8492,74.8345,,12.8500,74.8333,0.00,0.171,,gleich
1359,L,"Mangaluru, Karnataka, India",harmonics/utide/harmonics_utide_tidetables.txt,290804,12.8492,74.8345,,,,0.00,0.171,,gleich
1360,N,"Mangarin, Philippines",harmonics/att/harmonics_att_np203_scs.txt,64548,12.3500,121.1000,,,,2.50,0.056,,verschieden
1360,N,"Mangarin, Occidental Mindoro, Philippines",harmonics/noaa/harmonics_noaa_cptt.txt,206181,12.3500,121.1000,1,,,2.50,0.056,,verschieden
1360,N,"San Jose, Occidental Mindoro, Philippines",harmonics/utide/harmonics_utide_tidetables.txt,321338,12.3304,121.0888,,,,2.50,0.056,,verschieden
1361,N,"Mangrove Point, Crystal Bay, Florida",harmonics/classic/harmonics-2004-06-14_mod.txt,159981,28.8700,-82.7233,,,,0.00,0.001,,aehnlich
1361,N,"Mangrove Pt., Crystal Bay, Florida",harmonics/classic/harmonics-dwf-20251228-free.txt,127189,28.8700,-82.7233,,,,0.00,0.001,,aehnlich
1362,N,"Manila, Philippines",harmonics/ticon/harmonics_ticon4_worldwide.txt,113890,14.5850,120.9680,,,,0.00,0.013,,gleich
1362,N,"Manila, Philippines",harmonics/utide/harmonics_utide_observations.txt,179091,14.5850,120.9680,,,,0.00,0.013,,gleich
1363,N,"Manokwari, Indonesia",harmonics/att/harmonics_att_np203_scs.txt,143558,-0.8697,134.0767,,-0.8667,134.0833,0.81,0.089,,gleich
1363,N,"Manokwari, New Guinea, Indonesia",harmonics/noaa/harmonics_noaa_cptt.txt,242545,-0.8667,134.0833,1,,,0.81,0.089,,gleich
1363,N,"Manokwari, Indonesia",harmonics/utide/harmonics_utide_tidetables.txt,709869,-0.8697,134.0767,,,,0.81,0.089,,gleich
1364,N,"Mansalai, Philippines",harmonics/att/harmonics_att_np203_scs.txt,65130,12.5167,121.4333,,,,0.00,0.022,,aehnlich
1364,N,"Mansalay, Occidental Mindoro, Philippines",harmonics/noaa/harmonics_noaa_cptt.txt,205988,12.5167,121.4333,1,,,0.00,0.022,,aehnlich
1365,L,"Manzeki Thuo (Tsushima), Nagasaki, Japan",harmonics/classic/harmonics-2004-06-14_mod.txt,160367,34.3001,129.3447,,34.3000,129.3500,0.90,0.108,,aehnlich
1365,L,"Manzeki Seto (West), Nagasaki, Japan",harmonics/classic/harmonics-2004-06-14_mod.txt,160560,34.2956,129.3528,,34.3000,129.3670,0.90,0.108,,aehnlich
1366,N,"Maputo, Mozambique",harmonics/ticon/harmonics_ticon4_worldwide.txt,114892,-25.9757,32.5695,,-25.9750,32.5700,0.00,0.005,,gleich
1366,N,"Maputo, Mozambique",harmonics/utide/harmonics_utide_observations.txt,27141,-25.9757,32.5695,,-25.9750,32.5700,0.00,0.005,,gleich
1367,N,"Mar del Plata, Buenos Aires, Argentina",harmonics/ticon/harmonics_ticon4_worldwide.txt,115098,-38.0358,-57.5315,,-38.0350,-57.5380,0.03,0.029,,gleich
1367,N,"Mar del Plata, Buenos Aires, Argentina",harmonics/utide/harmonics_utide_observations.txt,15836,-38.0356,-57.5312,,,,0.03,0.029,,gleich
1367,N,"Puerto Mar del Plata, Buenos Aires, Argentina",harmonics/utide/harmonics_utide_tidetables.txt,606886,-38.0358,-57.5314,,,,0.03,0.029,,gleich
1368,G,"Marco Island, Caxambas Pass, Florida",harmonics/classic/harmonics-dwf-20251228-free.txt,117196,25.9083,-81.7283,,,,7.05,0.089,1,gleich
1368,G,"Marco, Big Marco River, Florida",harmonics/classic/harmonics-dwf-20251228-free.txt,117392,25.9717,-81.7283,,,,7.05,0.089,1,gleich
1369,HN,"Marcus Island, Tokyo, Japan",harmonics/noaa/harmonics_noaa_cptt.txt,220082,24.2833,153.9667,1,,,1.16,0.265,1,verschieden
1369,HN,"Minamitorishima, Tokyo, Japan",harmonics/ticon/harmonics_ticon4_worldwide.txt,121123,24.2811,153.9779,,24.3000,153.9670,1.16,0.265,1,verschieden
1369,HN,"Minamitorishima, Tokyo, Japan",harmonics/utide/harmonics_utide_observations.txt,116831,24.2811,153.9779,,,,1.16,0.265,1,verschieden
1370,N,"Mare Island, Naval Shipyard, California",harmonics/classic/harmonics-2004-06-14_mod.txt,161130,38.0700,-122.2500,,,,0.00,0.039,,verschieden
1370,N,"Mare Island Naval Shipyard, Carquinez Strait, California",harmonics/classic/harmonics-dwf-20251228-free.txt,187357,38.0700,-122.2500,,,,0.00,0.039,,verschieden
1371,N,"Margaree Breakwater, Nova Scotia, Canada",harmonics/classic/harmonics-2004-06-14_mod.txt,161320,46.4431,-61.1129,,46.4500,-61.1167,0.33,0.036,,verschieden
1371,N,"Margaree Trailer, Nova Scotia, Canada",harmonics/classic/harmonics-2004-06-14_mod.txt,161510,46.4401,-61.1130,,46.4333,-61.1167,0.33,0.036,,verschieden
1371,N,"Margaree Harbour, Nova Scotia, Canada",harmonics/utide/harmonics_utide_tidetables.txt,215562,46.4424,-61.1121,,,,0.33,0.036,,verschieden
1371,N,"Margaree Trailer, Nova Scotia, Canada",harmonics/utide/harmonics_utide_tidetables.txt,215756,46.4402,-61.1129,,,,0.33,0.036,,verschieden
1372,N,"Margosatubig, Philippines",harmonics/att/harmonics_att_np203_scs.txt,83762,7.5833,123.1667,,,,0.00,0.075,,gleich
1372,N,"Margosatubig, Dumanquilas Bay, Zamboanga del Sur, Philippines",harmonics/noaa/harmonics_noaa_cptt.txt,181861,7.5833,123.1667,1,,,0.00,0.075,,gleich
1373,N,"Marina Point, Antarctica",harmonics/att/harmonics_att_np207.txt,33828,-65.2500,-64.2667,,,,0.01,0.031,,verschieden
1373,N,"Faraday, Antarctica",harmonics/ticon/harmonics_ticon4_worldwide.txt,56564,-65.2500,-64.2670,,,,0.01,0.031,,verschieden
1374,N,"Marjan Oilfield, Saudi Arabia",harmonics/att/harmonics_att_np203_secondary.txt,77755,28.4629,49.6941,,28.4500,49.6330,0.01,0.024,,gleich
1374,N,"Marjan Oilfield, Saudi Arabia",harmonics/utide/harmonics_utide_tidetables.txt,687830,28.4629,49.6941,,,,0.01,0.024,,gleich
1375,H,"Maroantsetra, Madagascar",harmonics/att/harmonics_att_np203_secondary.txt,31731,-15.4392,49.7390,,,,0.00,0.217,,gleich
1375,H,"Maroantsetra, Madagascar",harmonics/noaa/harmonics_noaa_cptt.txt,287764,-15.4392,49.7390,1,,,0.00,0.217,,gleich
1376,N,"Marovo Lagoon (Vangunu), Solomon Islands",harmonics/classic/harmonics-2004-06-14_mod.txt,162091,-8.5000,157.9667,,,,0.00,0.071,,verschieden
1376,N,"Karunohu Island, Solomon Islands",harmonics/noaa/harmonics_noaa_cptt.txt,238464,-8.5000,157.9667,1,,,0.00,0.071,,verschieden
1377,H,"Martins Bay, Hokianga River, Northland, New Zealand",harmonics/noaa/harmonics_noaa_cptt.txt,232180,-35.5333,173.3833,1,,,0.26,0.112,,verschieden
1377,H,"Omapere, New Zealand",harmonics/utide/harmonics_utide_tidetables.txt,595327,-35.5344,173.3858,,,,0.26,0.112,,verschieden
1378,N,"Maryport, England, United Kingdom",harmonics/noaa/harmonics_noaa_eutt.txt,68706,54.7170,-3.5075,1,,,0.00,0.038,,gleich
1378,N,"Maryport, England, United Kingdom",harmonics/utide/harmonics_utide_tidetables.txt,478160,54.7170,-3.5075,,,,0.00,0.038,,gleich
1379,N,"Marín (Ría de Pontevedra), Spain",harmonics/ticon/harmonics_ticon4_worldwide.txt,115705,42.4061,-8.6911,,,,0.00,0.004,,gleich
1379,N,"Marín (Ría de Pontevedra), Spain",harmonics/utide/harmonics_utide_tidetables.txt,382602,42.4061,-8.6911,,,,0.00,0.004,,gleich
1380,N,"Masbate, Masbate, Philippines",harmonics/noaa/harmonics_noaa_cptt.txt,202707,12.3667,123.6167,1,,,0.11,0.033,,aehnlich
1380,N,"Masbate City, Masbate, Philippines",harmonics/utide/harmonics_utide_tidetables.txt,318415,12.3677,123.6167,,,,0.11,0.033,,aehnlich
1381,N,"Massacre Bay, Attu Island, Alaska",harmonics/classic/harmonics-2004-06-14_mod.txt,162863,52.8400,173.1950,,,,0.00,0.001,,verschieden
1381,N,"Attu, Massacre Bay, Alaska",harmonics/classic/harmonics-dwf-20251228-free.txt,237097,52.8400,173.1950,,,,0.00,0.001,,verschieden
1382,N,"Massawa (Mitsiwa), Eritrea",harmonics/att/harmonics_att_np203_secondary.txt,48093,15.6111,39.4698,,,,0.00,0.078,,gleich
1382,N,"Massawa (Mitsiwa), Eritrea",harmonics/classic/harmonics-1997-05-25_mod.txt,21307,15.6111,39.4698,,15.6167,39.4667,0.00,0.078,,gleich
1382,N,"Massawa (Mitsiwa), Eritrea",harmonics/noaa/harmonics_noaa_cptt.txt,280532,15.6111,39.4698,1,,,0.00,0.078,,gleich
1383,GN,"Masset Harbor, British Columbia, Canada",harmonics/noaa/harmonics_noaa_amtt.txt,72029,53.9833,-132.1333,1,,,3.14,0.045,1,gleich
1383,GN,"Masset, British Columbia, Canada",harmonics/utide/harmonics_utide_observations.txt,41420,54.0100,-132.1490,,,,3.14,0.045,1,gleich
1383,GN,"Masset, British Columbia, Canada",harmonics/utide/harmonics_utide_tidetables.txt,154664,54.0100,-132.1490,,,,3.14,0.045,1,gleich
1384,N,"Matalanim Harbour, Micronesia",harmonics/att/harmonics_att_np204_secondary.txt,17300,6.8667,158.3500,,,,0.00,0.061,,aehnlich
1384,N,"Metalanim Harbor, Pohnpei Island, Micronesia",harmonics/noaa/harmonics_noaa_cptt.txt,220666,6.8667,158.3500,1,,,0.00,0.061,,aehnlich
1385,N,"Matanzas, Cuba",harmonics/noaa/harmonics_noaa_amtt.txt,36579,23.0667,-81.5333,1,,,1.71,0.089,,gleich
1385,N,"Matanzas, Cuba",harmonics/utide/harmonics_utide_tidetables.txt,665804,23.0667,-81.5500,,,,1.71,0.089,,gleich
1386,N,"Matarani, Peru",harmonics/ticon/harmonics_ticon4_worldwide.txt,116915,-17.0010,-72.1086,,-17.0020,-72.1080,0.00,0.007,,gleich
1386,N,"Matarani, Peru",harmonics/utide/harmonics_utide_observations.txt,177900,-17.0010,-72.1086,,,,0.00,0.007,,gleich
1387,N,"Mati, Philippines",harmonics/att/harmonics_att_np203_scs.txt,82792,6.9500,126.2167,,,,0.31,0.037,,gleich
1387,N,"Mati, Pujada Bay, Davao Oriental, Philippines",harmonics/noaa/harmonics_noaa_cptt.txt,178773,6.9500,126.2167,1,,,0.31,0.037,,gleich
1387,N,"Mati, Davao Oriental, Philippines",harmonics/utide/harmonics_utide_tidetables.txt,318805,6.9484,126.2190,,,,0.31,0.037,,gleich
1388,N,"Matoya, Mie, Japan",harmonics/classic/harmonics-2004-06-14_mod.txt,163056,34.3679,136.8661,,34.3667,136.8670,0.14,0.052,,gleich
1388,N,"Matoya Ko, Mie, Japan",harmonics/noaa/harmonics_noaa_cptt.txt,54136,34.3667,136.8667,1,,,0.14,0.052,,gleich
1389,N,"Matsue (Okushiri), Hokkaido, Japan",harmonics/ticon/harmonics_ticon4_worldwide.txt,136154,42.0786,139.4895,,,,0.00,0.003,,gleich
1389,N,"Matsue (Okushiri), Hokkaido, Japan",harmonics/utide/harmonics_utide_observations.txt,124655,42.0786,139.4895,,,,0.00,0.003,,gleich
1390,N,"Matsumae, Hokkaido, Japan",harmonics/ticon/harmonics_ticon4_worldwide.txt,117311,41.4220,140.0914,,,,0.01,0.004,,gleich
1390,N,"Matsumae, Hokkaido, Japan",harmonics/utide/harmonics_utide_observations.txt,115257,41.4220,140.0914,,,,0.01,0.004,,gleich
1391,N,"Matsuyama, Ehime, Japan",harmonics/ticon/harmonics_ticon4_worldwide.txt,117509,33.8589,132.7122,,,,0.00,0.002,,gleich
1391,N,"Matsuyama, Ehime, Japan",harmonics/utide/harmonics_utide_observations.txt,115451,33.8589,132.7122,,,,0.00,0.002,,gleich
1392,L,"Matthew Town, Great Inagua Island, Bahamas",harmonics/classic/harmonics-2004-06-14_mod.txt,163445,20.9574,-73.6796,,20.9500,-73.6833,0.91,0.104,,aehnlich
1392,L,"Mathew Town, Great Inagua Island, Bahamas",harmonics/noaa/harmonics_noaa_carib.txt,18451,20.9500,-73.6833,,,,0.91,0.104,,aehnlich
1393,G,"Matthews Cove, New Brunswick, Canada",harmonics/classic/harmonics-2004-06-14_mod.txt,163635,45.0520,-66.8945,,45.0500,-66.8667,0.00,0.000,,gleich
1393,G,"Matthews Cove, New Brunswick, Canada",harmonics/utide/harmonics_utide_tidetables.txt,158524,45.0520,-66.8945,,,,0.00,0.000,,gleich
1394,N,"Maumere, Indonesia",harmonics/att/harmonics_att_np203_scs.txt,132292,-8.6144,122.2198,,-8.6500,122.2167,0.00,0.056,,gleich
1394,N,"Maumere, Indonesia",harmonics/utide/harmonics_utide_tidetables.txt,703566,-8.6144,122.2198,,,,0.00,0.056,,gleich
1395,N,"Mausund (Måløya), Norway",harmonics/ticon/harmonics_ticon4_worldwide.txt,117909,63.8693,8.6652,,,,0.00,0.001,,gleich
1395,N,"Mausund (Måøya), Norway",harmonics/utide/harmonics_utide_observations.txt,172118,63.8693,8.6652,,,,0.00,0.001,,gleich
1396,N,"Mawlamyaing (Thanlwin River), Myanmar",harmonics/ticon/harmonics_ticon4_worldwide.txt,124736,16.4830,97.6180,,16.4830,97.6170,0.00,0.003,,gleich
1396,N,"Mawlamyaing (Thanlwin River), Myanmar",harmonics/utide/harmonics_utide_observations.txt,26548,16.4830,97.6180,,,,0.00,0.003,,gleich
1397,N,"Mawson, Antarctica",harmonics/att/harmonics_att_np203_secondary.txt,16742,-67.6000,62.8670,,,,0.00,0.020,,gleich
1397,N,"Mawson, Antarctica",harmonics/ticon/harmonics_ticon4_worldwide.txt,118313,-67.6000,62.8670,,,,0.00,0.020,,gleich
1398,GN,"Mayport (ferry dock), Florida",harmonics/classic/harmonics-2004-06-14_mod.txt,164983,30.3950,-81.4317,,,,0.37,0.028,,gleich
1398,GN,"Mayport (ferry dock), Florida (3)",harmonics/classic/harmonics-2004-06-14_mod.txt,165178,30.3917,-81.4317,,,,0.37,0.028,,gleich
1398,GN,"Mayport (ferry dock), Florida (4)",harmonics/classic/harmonics-2004-06-14_mod.txt,165373,30.3917,-81.4317,,,,0.37,0.028,,gleich
1398,GN,"Mayport (ferry dock), Florida (6)",harmonics/classic/harmonics-2004-06-14_mod.txt,165568,30.3917,-81.4317,,,,0.37,0.028,,gleich
1398,GN,"Mayport (ferry dock), Florida (7)",harmonics/classic/harmonics-2004-06-14_mod.txt,165763,30.3917,-81.4317,,,,0.37,0.028,,gleich
1398,GN,"Mayport (ferry dock), Florida (8)",harmonics/classic/harmonics-2004-06-14_mod.txt,165958,30.3917,-81.4317,,,,0.37,0.028,,gleich
1398,GN,"Mayport (Ferry Depot), Florida",harmonics/classic/harmonics-dwf-20251228-free.txt,102614,30.3933,-81.4317,,,,0.37,0.028,,gleich
1398,GN,"Mayport, St. Johns River, Florida",harmonics/classic/harmonics-dwf-20251228-free.txt,102814,30.3950,-81.4317,,,,0.37,0.028,,gleich
1399,H,"Mayumba, Gabon",harmonics/att/harmonics_att_np208_secondary.txt,45246,-3.4237,10.6494,,,,0.00,0.270,1,gleich
1399,H,"Mayumba, Gabon",harmonics/noaa/harmonics_noaa_eutt.txt,20927,-3.4237,10.6494,1,,,0.00,0.270,1,gleich
1400,N,"Mayyun / Perim (Bab el Mandeb Strait), Yemen",harmonics/att/harmonics_att_np203_secondary.txt,54691,12.6487,43.4039,,,,0.00,0.048,,gleich
1400,N,"Mayyun / Perim (Bab el Mandeb Strait), Yemen",harmonics/noaa/harmonics_noaa_cptt.txt,278365,12.6487,43.4039,1,,,0.00,0.048,,gleich
1401,N,"Mazatlán, Sinaloa, Mexico",harmonics/ticon/harmonics_ticon4_worldwide.txt,118514,23.2030,-106.4111,,23.1817,-106.4233,0.00,0.003,,gleich
1401,N,"Mazatlán, Sinaloa, Mexico",harmonics/utide/harmonics_utide_observations.txt,144988,23.2030,-106.4111,,23.1980,-106.4220,0.00,0.003,,gleich
1402,H,"Mbini (Rio Benito), Equatorial Guinea",harmonics/att/harmonics_att_np208_secondary.txt,44665,1.5853,9.6233,,,,0.00,0.347,1,verschieden
1402,H,"San Benito River, Rio Muni, Equatorial Guinea",harmonics/noaa/harmonics_noaa_eutt.txt,22523,1.5853,9.6233,1,,,0.00,0.347,1,verschieden
1403,N,"Mcmaster Island, New Brunswick, Canada",harmonics/classic/harmonics-2004-06-14_mod.txt,166722,45.0543,-66.9309,,45.0500,-66.9333,0.00,0.000,,gleich
1403,N,"McMaster Island, New Brunswick, Canada",harmonics/utide/harmonics_utide_tidetables.txt,158331,45.0543,-66.9309,,,,0.00,0.000,,gleich
1404,H,"Me Sima, Nagasaki, Japan",harmonics/classic/harmonics-2004-06-14_mod.txt,167104,32.0000,128.3500,,,,0.00,0.116,,aehnlich
1404,H,"Me Shima, Danjo Gunto, Nagasaki, Japan",harmonics/noaa/harmonics_noaa_cptt.txt,74081,32.0000,128.3500,1,,,0.00,0.116,,aehnlich
1405,H,"Medvezhya Bay (Iturup), Kuril Islands, Russia",harmonics/classic/harmonics-2004-06-14_mod.txt,177679,45.4262,148.8416,,45.4333,148.8500,1.03,0.111,,verschieden
1405,H,"Moyoro Wan, Russia",harmonics/noaa/harmonics_noaa_cptt.txt,44138,45.4333,148.8500,1,,,1.03,0.111,,verschieden
1406,N,"Meetpost Noordwijk, Netherlands",harmonics/classic/harmonics-dwf-20100529-nonfree_mod.txt,16213,52.2667,4.3000,,,,0.80,0.008,,verschieden
1406,N,"Noordwijk, meetpost, Netherlands",harmonics/utide/harmonics_utide_observations.txt,157834,52.2731,4.2948,,,,0.80,0.008,,verschieden
1407,N,"Mehdya, Morocco",harmonics/att/harmonics_att_np208_secondary.txt,21049,34.2667,-6.6667,,,,0.00,0.035,,gleich
1407,N,"Mehdya, Morocco",harmonics/utide/harmonics_utide_tidetables.txt,352741,34.2667,-6.6667,,,,0.00,0.035,,gleich
1408,N,"Melchior Harbour, Antarctica",harmonics/classic/harmonics-1997-05-25_mod.txt,21673,-64.3363,-62.9575,,-64.3333,-62.9833,2.51,0.002,,aehnlich
1408,N,"Base Melchior (Archipiélago Melchior), Antártida Argentina, Argentina",harmonics/utide/harmonics_utide_tidetables.txt,607286,-64.3167,-62.9833,,,,2.51,0.002,,aehnlich
1409,N,"Memory Rock, Bahamas",harmonics/classic/harmonics-2004-06-14_mod.txt,167682,26.9500,-79.1167,,,,0.00,0.054,,gleich
1409,N,"Memory Rock, Bahamas",harmonics/noaa/harmonics_noaa_carib.txt,16535,26.9500,-79.1167,,,,0.00,0.054,,gleich
1410,N,"Menado, Indonesia",harmonics/att/harmonics_att_np203_scs.txt,112700,1.5000,124.8333,,,,0.74,0.097,,aehnlich
1410,N,"Manado, Sulawesi, Indonesia",harmonics/classic/harmonics-1997-05-25_mod.txt,21795,1.4979,124.8383,,1.5000,124.8333,0.74,0.097,,aehnlich
1410,N,"Manado, Sulawesi, Indonesia",harmonics/noaa/harmonics_noaa_cptt.txt,159223,1.4979,124.8383,1,,,0.74,0.097,,aehnlich
1410,N,"Manado, Indonesia",harmonics/utide/harmonics_utide_tidetables.txt,710442,1.4979,124.8396,,,,0.74,0.097,,aehnlich
1411,G,"Menai Bridge (Porthaethwy), Wales, United Kingdom",harmonics/noaa/harmonics_noaa_eutt.txt,66918,53.2201,-4.1632,1,,,0.00,0.038,,gleich
1411,G,"Menai Bridge (Porthaethwy), Wales, United Kingdom",harmonics/utide/harmonics_utide_tidetables.txt,479125,53.2201,-4.1632,,,,0.00,0.038,,gleich
1412,K,"Menaputsy, Russia",harmonics/att/harmonics_att_np204_secondary.txt,22666,46.4000,143.6000,,,,2.26,0.039,,aehnlich
1412,K,"Mys Menaputsy, Russia",harmonics/noaa/harmonics_noaa_cptt.txt,32038,46.3833,143.5833,1,,,2.26,0.039,,aehnlich
1413,N,"Menemsha Bight, Martha's Vineyard, Massachusetts",harmonics/classic/harmonics-2004-06-14_mod.txt,167874,41.3500,-70.7667,,,,0.50,0.034,,aehnlich
1413,N,"Menemsha Harbor, Massachusetts",harmonics/classic/harmonics-dwf-20251228-free.txt,35159,41.3544,-70.7678,,,,0.50,0.034,,aehnlich
1414,N,"Mera Koura, Shizuoka, Japan",harmonics/classic/harmonics-2004-06-14_mod.txt,168067,34.6678,138.7867,,34.6667,138.7830,0.33,0.053,,gleich
1414,N,"Merakoura Ko, Shizuoka, Japan",harmonics/noaa/harmonics_noaa_cptt.txt,52766,34.6667,138.7833,1,,,0.33,0.053,,gleich
1415,N,"Mera, Chiba, Japan",harmonics/ticon/harmonics_ticon4_worldwide.txt,119118,34.9189,139.8250,,34.9170,139.8170,0.00,0.003,,gleich
1415,N,"Mera, Chiba, Japan",harmonics/utide/harmonics_utide_observations.txt,115653,34.9189,139.8250,,,,0.00,0.003,,gleich
1416,HN,"Merauke, Indonesia",harmonics/att/harmonics_att_np203_scs.txt,151514,-8.4790,140.3800,,-8.4833,140.3833,0.60,0.148,,gleich
1416,HN,"Merauke, Irian Jaya, Indonesia",harmonics/noaa/harmonics_noaa_cptt.txt,241360,-8.4833,140.3833,1,,,0.60,0.148,,gleich
1416,HN,"Merauke, Indonesia",harmonics/utide/harmonics_utide_tidetables.txt,711779,-8.4790,140.3800,,,,0.60,0.148,,gleich
1417,N,"Mercury Bay, Auckland, New Zealand",harmonics/noaa/harmonics_noaa_cptt.txt,234532,-36.8333,175.7167,1,,,0.71,0.078,,verschieden
1417,N,"Whitianga, New Zealand",harmonics/utide/harmonics_utide_tidetables.txt,546846,-36.8326,175.7088,,,,0.71,0.078,,verschieden
1418,N,"Mergui (Myeik), Myanmar",harmonics/att/harmonics_att_np203_scs.txt,21990,12.4298,98.5950,,12.4333,98.6000,0.01,0.038,,gleich
1418,N,"Mergui (Myeik), Myanmar",harmonics/classic/harmonics-1997-05-25_mod.txt,21920,12.4299,98.5950,,12.4333,98.6000,0.01,0.038,,gleich
1418,N,"Mergui (Myeik), Myanmar",harmonics/utide/harmonics_utide_tidetables.txt,670073,12.4299,98.5950,,12.4333,98.6000,0.01,0.038,,gleich
1419,N,"Merigomish Harbour, Nova Scotia, Canada",harmonics/classic/harmonics-2004-06-14_mod.txt,168452,45.6488,-62.4489,,45.6500,-62.4500,0.00,0.011,,gleich
1419,N,"Merigomish, Nova Scotia, Canada",harmonics/utide/harmonics_utide_tidetables.txt,216144,45.6488,-62.4489,,,,0.00,0.011,,gleich
1420,L,"Mesaieed, Qatar",harmonics/att/harmonics_att_np203.txt,19217,24.9677,51.6016,,25.0304,51.6548,8.79,0.020,1,verschieden
1420,L,"Musay'id (Outer Channel Entrance), Qatar",harmonics/utide/harmonics_utide_tidetables.txt,671626,25.0304,51.6548,,25.0333,51.6500,8.79,0.020,1,verschieden
1421,HN,"Meulaboh, Sumatra, Indonesia",harmonics/noaa/harmonics_noaa_cptt.txt,150361,4.1272,96.1318,1,,,0.00,0.167,,gleich
1421,HN,"Meulaboh, Sumatra, Indonesia",harmonics/ticon/harmonics_ticon4_worldwide.txt,119519,4.1272,96.1318,,5.1280,96.1320,0.00,0.167,,gleich
1421,HN,"Meulaboh, Sumatra, Indonesia",harmonics/utide/harmonics_utide_observations.txt,92206,4.1272,96.1318,,,,0.00,0.167,,gleich
1422,N,"Miami Harbor Entrance, Florida",harmonics/classic/harmonics-2004-06-14_mod.txt,168830,25.7683,-80.1317,,,,0.58,0.059,,verschieden
1422,N,"Miami Beach (city pier), Florida",harmonics/classic/harmonics-dwf-20251228-free.txt,113266,25.7683,-80.1317,,,,0.58,0.059,,verschieden
1422,N,"Government Cut, Miami Harbor entrance, Florida",harmonics/classic/harmonics-dwf-20251228-free.txt,113462,25.7633,-80.1300,,,,0.58,0.059,,verschieden
1423,N,"Miang Besar, Indonesia",harmonics/att/harmonics_att_np203_scs.txt,109984,0.7500,118.0000,,,,0.00,0.053,,gleich
1423,N,"Miang Besar, Sangkulirang Bay, Borneo, Indonesia",harmonics/noaa/harmonics_noaa_cptt.txt,161179,0.7500,118.0000,1,,,0.00,0.053,,gleich
1424,N,"Middle Cove, Newfoundland, Canada",harmonics/classic/harmonics-2004-06-14_mod.txt,169400,47.6509,-52.6959,,47.6667,-52.7000,0.00,0.000,,gleich
1424,N,"Middle Cove, Newfoundland, Canada",harmonics/utide/harmonics_utide_tidetables.txt,177843,47.6509,-52.6959,,,,0.00,0.000,,gleich
1425,N,"Miho (Shimizu), Shizuoka, Japan",harmonics/classic/harmonics-2004-06-14_mod.txt,257928,35.0116,138.5177,,35.0167,138.5000,0.02,0.014,,gleich
1425,N,"Miho (Shimizu), Shizuoka, Japan",harmonics/ticon/harmonics_ticon4_worldwide.txt,177331,35.0117,138.5175,,,,0.02,0.014,,gleich
1425,N,"Miho (Shimizu), Shizuoka, Japan",harmonics/utide/harmonics_utide_observations.txt,131092,35.0117,138.5175,,,,0.02,0.014,,gleich
1426,G,"Mikata (Aso Wan), Nagasaki, Japan",harmonics/classic/harmonics-2004-06-14_mod.txt,169981,34.2910,129.2598,,34.2833,129.2670,1.18,0.099,,gleich
1426,G,"Mikata, Aso Wan, Nagasaki, Japan",harmonics/noaa/harmonics_noaa_cptt.txt,293240,34.3000,129.2667,1,,,1.18,0.099,,gleich
1427,N,"Mikawa (Toyohashi), Aichi, Japan",harmonics/ticon/harmonics_ticon4_worldwide.txt,119915,34.7345,137.3205,,,,0.01,0.002,,gleich
1427,N,"Mikawa (Toyohashi), Aichi, Japan",harmonics/utide/harmonics_utide_observations.txt,115847,34.7345,137.3206,,,,0.01,0.002,,gleich
1428,N,"Mikuni, Fukui, Japan",harmonics/ticon/harmonics_ticon4_worldwide.txt,120117,36.2544,136.1489,,,,0.01,0.005,,gleich
1428,N,"Mikuni, Fukui, Japan",harmonics/utide/harmonics_utide_observations.txt,116045,36.2544,136.1489,,,,0.01,0.005,,gleich
1429,G,"Mikuriya, Nagasaki, Japan",harmonics/classic/harmonics-2004-06-14_mod.txt,258507,33.3672,129.6697,,33.3667,129.6670,0.28,0.084,,gleich
1429,G,"Mikuriya, Imari Wan, Nagasaki, Japan",harmonics/noaa/harmonics_noaa_cptt.txt,75446,33.3667,129.6667,1,,,0.28,0.084,,gleich
1430,H,"Milazzo, Sicily, Italy",harmonics/att/harmonics_att_np208.txt,27805,38.2170,15.2500,,,,0.00,0.152,,gleich
1430,H,"Milazzo, Sicily, Italy",harmonics/noaa/harmonics_noaa_eutt.txt,39053,38.2170,15.2500,1,,,0.00,0.152,,gleich
1431,N,"Milford Haven, Wales, United Kingdom",harmonics/ticon/harmonics_ticon4_worldwide.txt,120315,51.7063,-5.0514,,51.7167,-5.0500,0.00,0.002,,gleich
1431,N,"Milford Haven, Wales, United Kingdom",harmonics/utide/harmonics_utide_observations.txt,197256,51.7063,-5.0514,,51.7022,-5.0143,0.00,0.002,,gleich
1432,N,"Millport, Scotland, United Kingdom",harmonics/ticon/harmonics_ticon4_worldwide.txt,120516,55.7498,-4.9063,,,,0.00,0.002,,gleich
1432,N,"Millport, Scotland, United Kingdom",harmonics/utide/harmonics_utide_observations.txt,194704,55.7498,-4.9063,,,,0.00,0.002,,gleich
1433,N,"Mimitsu, Miyazaki, Japan",harmonics/classic/harmonics-2004-06-14_mod.txt,170559,32.3379,131.6148,,32.3333,131.6170,0.00,0.073,,gleich
1433,N,"Mimitsu, Miyazaki, Japan",harmonics/noaa/harmonics_noaa_cptt.txt,69789,32.3379,131.6148,1,,,0.00,0.073,,gleich
1434,N,"Mina Al Ahmadi Refinery, Kuwait",harmonics/att/harmonics_att_np203.txt,33971,29.0662,48.1625,,,,0.00,0.073,,gleich
1434,N,"Mina Al Ahmadi Refinery, Kuwait",harmonics/classic/harmonics-1997-05-25_mod.txt,22042,29.0662,48.1625,,29.0667,48.1667,0.00,0.073,,gleich
1434,N,"Mina Al Ahmadi Refinery, Kuwait",harmonics/noaa/harmonics_noaa_cptt.txt,276207,29.0662,48.1625,1,,,0.00,0.073,,gleich
1434,N,"Mina Al Ahmadi Refinery, Kuwait",harmonics/utide/harmonics_utide_tidetables.txt,671821,29.0662,48.1625,,29.0667,48.1667,0.00,0.073,,gleich
1435,N,"Mina Alzour (Mina Saud), Kuwait",harmonics/classic/harmonics-1997-05-25_mod.txt,22164,28.7318,48.3916,,28.7333,48.4000,0.00,0.020,,gleich
1435,N,"Mina Alzour (Mina Saud), Kuwait",harmonics/utide/harmonics_utide_tidetables.txt,670849,28.7318,48.3916,,28.7333,48.4000,0.00,0.020,,gleich
1436,L,"Mina Zayid (Abu Dhabi), United Arab Emirates",harmonics/att/harmonics_att_np203.txt,17307,24.5132,54.3754,,24.5130,54.3765,0.00,0.102,,gleich
1436,L,"Mina Zayid (Abu Dhabi), United Arab Emirates",harmonics/classic/harmonics-1997-05-25_mod.txt,22286,24.5132,54.3754,,24.5167,54.3833,0.00,0.102,,gleich
1437,N,"Mina al Manama, Bahrain",harmonics/att/harmonics_att_np203_secondary.txt,74476,26.2333,50.5667,,,,1.66,0.073,,aehnlich
1437,N,"Al Manamah Harbor, Bahrain",harmonics/noaa/harmonics_noaa_cptt.txt,276600,26.2333,50.5833,1,,,1.66,0.073,,aehnlich
1438,N,"Minamidaito, Okinawa, Japan",harmonics/ticon/harmonics_ticon4_worldwide.txt,120917,25.8686,131.2281,,,,0.00,0.001,,gleich
1438,N,"Minamidaito, Okinawa, Japan",harmonics/utide/harmonics_utide_observations.txt,116434,25.8686,131.2281,,,,0.00,0.001,,gleich
1439,N,"Mindelo (Porto Grande Bay), São Vicente, Cape Verde",harmonics/att/harmonics_att_np208.txt,15016,16.8870,-24.9930,,,,0.03,0.075,,gleich
1439,N,"Mindelo (Porto Grande Bay), São Vicente, Cape Verde",harmonics/classic/harmonics-1997-05-25_mod.txt,28686,16.8868,-24.9932,,16.8667,-24.9833,0.03,0.075,,gleich
1440,N,"Minicoy Island, Lakshadweep, India",harmonics/classic/harmonics-1997-05-25_mod.txt,22414,8.2824,73.0530,,8.2833,73.0500,0.00,0.040,,gleich
1440,N,"Minicoy Island, Lakshadweep, India",harmonics/ticon/harmonics_ticon4_worldwide.txt,121329,8.2824,73.0530,,8.1170,73.0500,0.00,0.040,,gleich
1440,N,"Minicoy, Lakshadweep, India",harmonics/utide/harmonics_utide_observations.txt,88425,8.2824,73.0530,,8.2744,73.0431,0.00,0.040,,gleich
1441,N,"Mio, Wakayama, Japan",harmonics/classic/harmonics-2004-06-14_mod.txt,171520,33.8886,135.0806,,33.8833,135.0830,0.00,0.056,,gleich
1441,N,"Mio, Wakayama, Japan",harmonics/noaa/harmonics_noaa_cptt.txt,55902,33.8886,135.0806,1,,,0.00,0.056,,gleich
1442,H,"Mirbat (Marbat), Oman",harmonics/att/harmonics_att_np203.txt,23424,16.9873,54.6861,,16.9920,54.6910,0.00,0.102,,gleich
1442,H,"Mirbat (Marbat), Oman",harmonics/noaa/harmonics_noaa_cptt.txt,277981,16.9873,54.6861,1,,,0.00,0.102,,gleich
1443,N,"Mirleft (Plage Tamhrouchte), Morocco",harmonics/classic/harmonics-1997-05-25_mod.txt,37505,29.5505,-10.0627,,29.5500,-10.0667,0.00,0.003,,gleich
1443,N,"Mirleft (Plage Tamhrouchte), Morocco",harmonics/utide/harmonics_utide_tidetables.txt,352936,29.5505,-10.0627,,,,0.00,0.003,,gleich
1444,N,"Misali Island, Tanzania",harmonics/att/harmonics_att_np203_secondary.txt,42249,-5.2380,39.6018,,,,0.00,0.050,,gleich
1444,N,"Misali Island, Tanzania",harmonics/noaa/harmonics_noaa_cptt.txt,283447,-5.2380,39.6018,1,,,0.00,0.050,,gleich
1445,N,"Mitarai (Osakishimo-jima), Hiroshima, Japan",harmonics/classic/harmonics-2004-06-14_mod.txt,171908,34.1805,132.8669,,34.1833,132.8670,0.31,0.074,,gleich
1445,N,"Mitarai, Osaki Shimo Shima, Hiroshima, Japan",harmonics/noaa/harmonics_noaa_cptt.txt,62531,34.1833,132.8667,1,,,0.31,0.074,,gleich
1446,N,"Mitsukue, Ehime, Japan",harmonics/classic/harmonics-2004-06-14_mod.txt,172488,33.4566,132.2472,,33.4500,132.2330,1.48,0.079,,aehnlich
1446,N,"Mitsukuye Ko, Ehime, Japan",harmonics/noaa/harmonics_noaa_cptt.txt,65651,33.4500,132.2333,1,,,1.48,0.079,,aehnlich
1447,N,"Miura (Mukogasaki), Kanagawa, Japan",harmonics/classic/harmonics-2004-06-14_mod.txt,178068,35.1393,139.6199,,35.1333,139.6170,0.38,0.060,,verschieden
1447,N,"Jogashima Misakimachi, Kanagawa, Japan",harmonics/classic/harmonics-2004-06-14_mod.txt,325436,35.1368,139.6171,,35.1333,139.6170,0.38,0.060,,verschieden
1448,N,"Miyako Ko, Iwate, Japan",harmonics/noaa/harmonics_noaa_cptt.txt,49631,39.6333,141.9667,1,,,1.32,0.032,,gleich
1448,N,"Miyako (Kuwagasaki), Iwate, Japan",harmonics/ticon/harmonics_ticon4_worldwide.txt,122129,39.6431,141.9753,,,,1.32,0.032,,gleich
1448,N,"Miyako (Kuwagasaki), Iwate, Japan",harmonics/utide/harmonics_utide_observations.txt,117611,39.6431,141.9753,,,,1.32,0.032,,gleich
1449,N,"Miyanoura (Naoshima), Kagawa, Japan",harmonics/classic/harmonics-2004-06-14_mod.txt,172874,34.4561,133.9733,,34.4500,133.9670,0.91,0.089,,verschieden
1449,N,"Nao Shima, Kagawa, Japan",harmonics/noaa/harmonics_noaa_cptt.txt,61359,34.4500,133.9667,1,,,0.91,0.089,,verschieden
1450,N,"Miyazaki, Miyazaki, Japan",harmonics/ticon/harmonics_ticon4_worldwide.txt,122327,31.9028,131.4564,,,,0.00,0.002,,gleich
1450,N,"Miyazaki, Miyazaki, Japan",harmonics/utide/harmonics_utide_observations.txt,117805,31.9028,131.4564,,,,0.00,0.002,,gleich
1451,N,"Mkoani (Pemba), Tanzania",harmonics/att/harmonics_att_np203_secondary.txt,42056,-5.3586,39.6415,,,,0.00,0.051,,gleich
1451,N,"Mkoani (Pemba), Tanzania",harmonics/noaa/harmonics_noaa_cptt.txt,283251,-5.3586,39.6415,1,,,0.00,0.051,,gleich
1452,N,"Mkokotoni (Zanzibar), Tanzania",harmonics/att/harmonics_att_np203_secondary.txt,41469,-5.8713,39.2568,,,,0.00,0.052,,gleich
1452,N,"Mkokotoni (Zanzibar), Tanzania",harmonics/noaa/harmonics_noaa_cptt.txt,283641,-5.8713,39.2568,1,,,0.00,0.052,,gleich
1453,N,"Mo i Rana, Norway",harmonics/classic/harmonics-1997-05-25_mod.txt,22660,66.3176,14.1295,,66.3167,14.1333,0.00,0.041,,gleich
1453,N,"Mo i Rana, Ranfjorden, Norway",harmonics/noaa/harmonics_noaa_eutt.txt,89361,66.3176,14.1295,1,,,0.00,0.041,,gleich
1454,N,"Moalbual, Philippines",harmonics/att/harmonics_att_np203_scs.txt,69010,9.9333,123.4000,,,,0.00,0.056,,aehnlich
1454,N,"Moalboal, Bohol, Philippines",harmonics/noaa/harmonics_noaa_cptt.txt,193632,9.9333,123.4000,1,,,0.00,0.056,,aehnlich
1455,N,"Mocímboa da Praia, Mozambique",harmonics/att/harmonics_att_np203.txt,22086,-11.3365,40.3620,,-11.3330,40.3670,0.00,0.057,,gleich
1455,N,"Mocímboa da Praia, Mozambique",harmonics/classic/harmonics-1997-05-25_mod.txt,22782,-11.3365,40.3620,,-11.3333,40.3667,0.00,0.057,,gleich
1455,N,"Mocímboa da Praia, Mozambique",harmonics/noaa/harmonics_noaa_cptt.txt,284237,-11.3365,40.3620,1,,,0.00,0.057,,gleich
1456,H,"Modan, Indonesia",harmonics/att/harmonics_att_np203_scs.txt,148020,-2.3833,133.9000,,,,0.00,0.133,,gleich
1456,H,"Modan, Berau Gulf, New Guinea, Indonesia",harmonics/noaa/harmonics_noaa_cptt.txt,242156,-2.3833,133.9000,1,,,0.00,0.133,,gleich
1457,N,"Mogadishu, Somalia",harmonics/att/harmonics_att_np203.txt,22661,2.0349,45.3513,,2.0330,45.3500,0.00,0.068,,gleich
1457,N,"Mogadishu, Somalia",harmonics/classic/harmonics-1997-05-25_mod.txt,22907,2.0349,45.3513,,2.0333,45.3500,0.00,0.068,,gleich
1457,N,"Mogadishu, Somalia",harmonics/noaa/harmonics_noaa_cptt.txt,281887,2.0349,45.3513,1,,,0.00,0.068,,gleich
1458,N,"Mohammédia, Morocco",harmonics/att/harmonics_att_np208_secondary.txt,21437,33.7137,-7.3987,,,,0.00,0.019,,gleich
1458,N,"Mohammedia, Morocco",harmonics/utide/harmonics_utide_tidetables.txt,353131,33.7137,-7.3987,,,,0.00,0.019,,gleich
1459,G,"Moji, Fukuoka, Japan",harmonics/classic/harmonics-2004-06-14_mod.txt,177875,33.9451,130.9578,,33.9333,130.9670,0.02,0.017,,gleich
1459,G,"Moji, Fukuoka, Japan",harmonics/utide/harmonics_utide_observations.txt,118390,33.9452,130.9576,,,,0.02,0.017,,gleich
1460,H,"Mokha (Al Mukha), Yemen",harmonics/att/harmonics_att_np203.txt,15587,13.3130,43.2313,,,,0.00,0.407,1,gleich
1460,H,"Mokha (Al Mukha), Yemen",harmonics/noaa/harmonics_noaa_cptt.txt,278556,13.3130,43.2313,1,13.3167,43.2333,0.00,0.407,1,gleich
1461,H,"Moltke Harbour, South Georgia and the South Sandwich Islands",harmonics/att/harmonics_att_np207.txt,15770,-54.5167,-36.0167,,,,0.00,0.336,1,verschieden
1461,H,"Royal Bay (Moltke Harbor), United Kingdom",harmonics/noaa/harmonics_noaa_amtt.txt,56992,-54.5167,-36.0167,1,,,0.00,0.336,1,verschieden
1462,N,"Mombasa (Kilindini Harbour), Kenya",harmonics/classic/harmonics-1997-05-25_mod.txt,17245,-4.0700,39.6573,,-4.0667,39.6500,0.04,0.013,,gleich
1462,N,"Mombasa (Kilindini Harbour), Kenya",harmonics/ticon/harmonics_ticon4_worldwide.txt,122933,-4.0701,39.6573,,-4.0700,39.6570,0.04,0.013,,gleich
1462,N,"Mombasa (Kilindini Harbour), Kenya",harmonics/utide/harmonics_utide_observations.txt,191360,-4.0700,39.6570,,,,0.04,0.013,,gleich
1463,N,"Monbetsu Byochi, Hokkaido, Japan",harmonics/noaa/harmonics_noaa_cptt.txt,47855,44.3500,143.3667,1,,,0.81,0.059,,aehnlich
1463,N,"Monbetsu, Hokkaido, Japan",harmonics/ticon/harmonics_ticon4_worldwide.txt,123338,44.3542,143.3583,,44.3550,143.3583,0.81,0.059,,aehnlich
1463,N,"Monbetsu, Hokkaido, Japan",harmonics/utide/harmonics_utide_observations.txt,118586,44.3542,143.3583,,,,0.81,0.059,,aehnlich
1464,N,"Monggum P'o, North Korea",harmonics/att/harmonics_att_np204_secondary.txt,32289,38.1833,124.7833,,,,0.00,0.029,,aehnlich
1464,N,"Monggum-do, North Korea",harmonics/noaa/harmonics_noaa_cptt.txt,93064,38.1833,124.7833,1,,,0.00,0.029,,aehnlich
1465,N,"Monrovia, Liberia",harmonics/att/harmonics_att_np208.txt,17300,6.3330,-10.8000,,,,0.00,0.036,,gleich
1465,N,"Monrovia, Liberia",harmonics/classic/harmonics-1997-05-25_mod.txt,23156,6.3330,-10.8000,,6.3333,-10.8000,0.00,0.036,,gleich
1466,N,"Montague, Prince Edward Island, Canada",harmonics/classic/harmonics-2004-06-14_mod.txt,175374,46.1647,-62.6463,,46.0167,-62.6500,0.00,0.000,,gleich
1466,N,"Montague, Prince Edward Island, Canada",harmonics/utide/harmonics_utide_tidetables.txt,307755,46.1647,-62.6463,,,,0.00,0.000,,gleich
1467,N,"Monte Hermoso, Buenos Aires, Argentina",harmonics/classic/harmonics-1997-05-25_mod.txt,23278,-38.9912,-61.3161,,-38.9833,-61.6833,0.00,0.005,,gleich
1467,N,"Monte Hermoso, Buenos Aires, Argentina",harmonics/utide/harmonics_utide_tidetables.txt,607486,-38.9912,-61.3161,,-38.9833,-61.6833,0.00,0.005,,gleich
1468,N,"Montevideo, Uruguay",harmonics/att/harmonics_att_np207.txt,41698,-34.9034,-56.2563,,-34.9000,-56.2500,0.00,0.083,,gleich
1468,N,"Montevideo (Base Naval Cerro), Uruguay",harmonics/classic/harmonics-1997-05-25_mod.txt,23400,-34.9034,-56.2563,,-34.9167,-56.2167,0.00,0.083,,gleich
1469,N,"Montoir-de-Bretagne, France",harmonics/utide/harmonics_utide_observations.txt,61248,47.3055,-2.1084,,,,1.51,0.005,,verschieden
1469,N,"Donges (Loire), France",harmonics/utide/harmonics_utide_observations.txt,217012,47.3057,-2.0883,,,,1.51,0.005,,verschieden
1470,N,"Morecambe, England, United Kingdom",harmonics/noaa/harmonics_noaa_eutt.txt,67910,54.0754,-2.8800,1,,,0.00,0.087,,gleich
1470,N,"Morecambe, England, United Kingdom",harmonics/utide/harmonics_utide_tidetables.txt,481061,54.0754,-2.8800,,,,0.00,0.087,,gleich
1471,N,"Morgat, France",harmonics/classic/harmonics-pierre-lavergne-v10_mod.txt,12972,48.2246,-4.4972,,,,0.01,0.001,,gleich
1471,N,"Morgat, France",harmonics/utide/harmonics_utide_tidetables.txt,353326,48.2245,-4.4973,,,,0.01,0.001,,gleich
1472,N,"Mori Ko, Iburi Wan, Hokkaido, Japan",harmonics/noaa/harmonics_noaa_cptt.txt,292460,42.1167,140.6000,1,,,0.80,0.037,,gleich
1472,N,"Mori, Hokkaido, Japan",harmonics/ticon/harmonics_ticon4_worldwide.txt,123934,42.1107,140.5946,,42.1100,140.5950,0.80,0.037,,gleich
1472,N,"Mori, Hokkaido, Japan",harmonics/utide/harmonics_utide_observations.txt,118780,42.1107,140.5946,,,,0.80,0.037,,gleich
1473,N,"Mormugao, Goa, India",harmonics/classic/harmonics-1997-05-25_mod.txt,21185,15.4157,73.7946,,15.4167,73.8000,0.00,0.049,,gleich
1473,N,"Mormugao, Goa, India",harmonics/utide/harmonics_utide_observations.txt,88033,15.4157,73.7946,,15.4177,73.7990,0.00,0.049,,gleich
1474,N,"Moroiso, Kanagawa, Japan",harmonics/classic/harmonics-2004-06-14_mod.txt,175946,35.1500,139.6170,,,,1.12,0.049,,verschieden
1474,N,"Aburatsubo, Kanagawa, Japan",harmonics/ticon/harmonics_ticon4_worldwide.txt,16229,35.1600,139.6155,,,,1.12,0.049,,verschieden
1474,N,"Aburatsubo, Kanagawa, Japan",harmonics/utide/harmonics_utide_observations.txt,95936,35.1600,139.6155,,,,1.12,0.049,,verschieden
1475,N,"Morondava, Madagascar",harmonics/att/harmonics_att_np203_secondary.txt,27839,-20.2891,44.2736,,,,0.00,0.094,,gleich
1475,N,"Morondava, Madagascar",harmonics/utide/harmonics_fes2022.txt,16589,-20.2891,44.2736,,-20.2800,44.2800,0.00,0.094,,gleich
1476,G,"Morro de São Paulo, Bahia, Brazil",harmonics/att/harmonics_att_np207.txt,28258,-13.3766,-38.9186,,-13.3833,-38.9667,3.58,0.053,1,gleich
1476,G,"Morro de Sao Paulo, Bahia, Brazil",harmonics/noaa/harmonics_noaa_amtt.txt,46111,-13.3500,-38.9000,1,,,3.58,0.053,1,gleich
1477,N,"Moruya, New South Wales, Australia",harmonics/classic/harmonics-2004-06-14_mod.txt,176912,-35.9046,150.1147,,-35.9000,150.1167,1.75,0.068,,verschieden
1477,N,"Moruya River bar, New South Wales, Australia",harmonics/noaa/harmonics_noaa_cptt.txt,250922,-35.9000,150.1333,1,,,1.75,0.068,,verschieden
1478,N,"Mossel Bay, South Africa",harmonics/noaa/harmonics_noaa_eutt.txt,17153,-34.1767,22.1453,1,,,0.01,0.027,,gleich
1478,N,"Mossel Bay, South Africa",harmonics/ticon/harmonics_ticon4_worldwide.txt,124531,-34.1766,22.1453,,-34.0670,22.3330,0.01,0.027,,gleich
1478,N,"Mossel Bay, South Africa",harmonics/utide/harmonics_utide_observations.txt,188780,-34.1766,22.1453,,-34.1830,22.1330,0.01,0.027,,gleich
1479,N,"Motobu, Okinawa, Japan",harmonics/classic/harmonics-2004-06-14_mod.txt,291177,26.6594,127.8897,,26.6500,127.9000,2.97,0.044,,verschieden
1479,N,"Sesoko Byochi, Okinawa, Japan",harmonics/noaa/harmonics_noaa_cptt.txt,79969,26.6333,127.8833,1,,,2.97,0.044,,verschieden
1480,H,"Motupipi River entrance, Nelson, New Zealand",harmonics/noaa/harmonics_noaa_cptt.txt,228279,-40.8333,172.8500,1,,,0.00,0.210,,aehnlich
1480,H,"Motupipi Inlet, New Zealand",harmonics/utide/harmonics_utide_tidetables.txt,527186,-40.8333,172.8500,,,,0.00,0.210,,aehnlich
1481,N,"Mould Bay, Northwest Territories, Canada",harmonics/classic/harmonics-2004-06-14_mod.txt,177293,76.2833,-119.4667,,,,0.00,0.000,,gleich
1481,N,"Mould Bay, Northwest Territories, Canada",harmonics/utide/harmonics_utide_tidetables.txt,229331,76.2833,-119.4667,,,,0.00,0.000,,gleich
1482,N,"Mourilyan Harbour, Queensland, Australia",harmonics/ticon/harmonics_ticon4_worldwide.txt,124936,-17.6016,146.1211,,,,0.01,0.007,,gleich
1482,N,"Mourilyan Harbour, Queensland, Australia",harmonics/utide/harmonics_utide_observations.txt,20593,-17.6015,146.1211,,,,0.01,0.007,,gleich
1483,HN,"Moçâmedes (Namibe), Angola",harmonics/att/harmonics_att_np208_secondary.txt,47180,-15.1929,12.1462,,,,0.01,0.130,,gleich
1483,HN,"Moçâmedes (Namibe), Angola",harmonics/noaa/harmonics_noaa_eutt.txt,18731,-15.1930,12.1462,1,,,0.01,0.130,,gleich
1483,HN,"Moçâmedes (Namibe), Angola",harmonics/ticon/harmonics_ticon4_worldwide.txt,122528,-15.1929,12.1462,,-15.1920,12.1450,0.01,0.130,,gleich
1483,HN,"Moçâmedes (Namibe), Angola",harmonics/utide/harmonics_utide_observations.txt,38896,-15.1929,12.1462,,,,0.01,0.130,,gleich
1484,N,"Mtwara, Tanzania",harmonics/att/harmonics_att_np203.txt,16542,-10.2673,40.1971,,-10.2667,40.2000,0.00,0.020,,gleich
1484,N,"Mtwara, Tanzania",harmonics/classic/harmonics-1997-05-25_mod.txt,23644,-10.2673,40.1971,,-10.2667,40.2000,0.00,0.020,,gleich
1485,N,"Mu Do, North Korea",harmonics/att/harmonics_att_np204_secondary.txt,32673,37.7333,125.5833,,,,0.00,0.035,,gleich
1485,N,"Mu-do, Haeju-man, South Korea",harmonics/noaa/harmonics_noaa_cptt.txt,91476,37.7333,125.5833,1,,,0.00,0.035,,gleich
1486,N,"Muara Bayor, Indonesia",harmonics/att/harmonics_att_np203_scs.txt,108626,-0.7000,117.5000,,,,0.00,0.017,,verschieden
1486,N,"Sungai Kutei, Borneo, Indonesia",harmonics/classic/harmonics-1997-05-25_mod.txt,35901,-0.7000,117.5000,,,,0.00,0.017,,verschieden
1486,N,"Sungai Kutei, Indonesia",harmonics/utide/harmonics_utide_tidetables.txt,673374,-0.7000,117.5000,,,,0.00,0.017,,verschieden
1487,N,"Muara Biwan, Indonesia",harmonics/att/harmonics_att_np203_scs.txt,111342,2.9167,117.7000,,,,0.00,0.066,,verschieden
1487,N,"Biwan Mouth, Kajan River, Indonesia",harmonics/noaa/harmonics_noaa_cptt.txt,160395,2.9167,117.7000,1,,,0.00,0.066,,verschieden
1488,N,"Muhammed Bin Qasim Port (Pipri), Pakistan",harmonics/classic/harmonics-1997-05-25_mod.txt,28186,24.7761,67.3480,,24.7833,67.3500,0.00,0.021,,gleich
1488,N,"Muhammed Bin Qasim Port (Pipri), Pakistan",harmonics/utide/harmonics_utide_tidetables.txt,672792,24.7761,67.3480,,24.7833,67.3500,0.00,0.021,,gleich
1489,H,"Mui Dinh, Vietnam",harmonics/att/harmonics_att_np203_scs.txt,155198,11.3670,109.0204,,11.3667,109.0167,0.00,0.156,,gleich
1489,H,"Mui Dinh, Vietnam",harmonics/noaa/harmonics_noaa_cptt.txt,133098,11.3670,109.0204,1,,,0.00,0.156,,gleich
1490,H,"Mui Ke Ga, Vietnam",harmonics/att/harmonics_att_np203_scs.txt,154422,10.6997,107.9930,,10.7000,107.9833,0.00,0.195,,gleich
1490,H,"Mui Ke Ga, Vietnam",harmonics/noaa/harmonics_noaa_cptt.txt,133883,10.6997,107.9930,1,10.7000,107.9833,0.00,0.195,,gleich
1491,H,"Mui La Gan, Vietnam",harmonics/att/harmonics_att_np203_scs.txt,155004,11.1652,108.7036,,11.1667,108.7000,0.00,0.156,,gleich
1491,H,"Mui La Gan, Vietnam",harmonics/noaa/harmonics_noaa_cptt.txt,133296,11.1652,108.7036,1,,,0.00,0.156,,gleich
1492,N,"Mukaishimacho Tachibana (Mekari Seto), Hiroshima, Japan",harmonics/classic/harmonics-2004-06-14_mod.txt,72666,34.3590,133.1981,,34.3500,133.2000,1.02,0.074,,verschieden
1492,N,"Tachibana, Mekari Seto, Hiroshima, Japan",harmonics/noaa/harmonics_noaa_cptt.txt,62141,34.3500,133.2000,1,,,1.02,0.074,,verschieden
1493,H,"Mukalla, Yemen",harmonics/att/harmonics_att_np203.txt,15778,14.5215,49.1475,,14.5330,49.1330,0.00,0.118,,gleich
1493,H,"Mukalla, Yemen",harmonics/noaa/harmonics_noaa_cptt.txt,278172,14.5215,49.1475,1,14.5167,49.1333,0.00,0.118,,gleich
1494,H,"Munda, New Georgia, Solomon Islands",harmonics/classic/harmonics-2004-06-14_mod.txt,195952,-8.3322,157.2489,,-8.3333,157.2333,0.17,0.135,,verschieden
1494,H,"Nususonga, New Georgia Island, Solomon Islands",harmonics/noaa/harmonics_noaa_cptt.txt,238657,-8.3333,157.2500,1,,,0.17,0.135,,verschieden
1495,N,"Mundra Port (Navinal Point), Gujarat, India",harmonics/att/harmonics_att_np203_secondary.txt,92292,22.7412,69.7155,,22.7333,69.7167,0.00,0.064,,gleich
1495,N,"Mundra Port (Navinal Point), Gujarat, India",harmonics/noaa/harmonics_noaa_cptt.txt,273268,22.7412,69.7155,1,,,0.00,0.064,,gleich
1495,N,"Mundra Port (Navinal Point), Gujarat, India",harmonics/utide/harmonics_utide_tidetables.txt,663873,22.7412,69.7155,,22.7380,69.7010,0.00,0.064,,gleich
1496,H,"Murmansk, Russia",harmonics/att/harmonics_att_np202_secondary.txt,43682,68.9667,33.0500,,,,1.96,0.137,,gleich
1496,H,"Murmansk, Russia",harmonics/noaa/harmonics_noaa_eutt.txt,94611,68.9833,33.0667,1,,,1.96,0.137,,gleich
1497,GN,"Muroran Ko, Hokkaido, Japan",harmonics/noaa/harmonics_noaa_cptt.txt,46675,42.3167,140.9667,1,,,3.43,0.053,1,gleich
1497,GN,"Muroran, Hokkaido, Japan",harmonics/ticon/harmonics_ticon4_worldwide.txt,125136,42.3452,140.9507,,42.3447,140.9500,3.43,0.053,1,gleich
1497,GN,"Muroran, Hokkaido, Japan",harmonics/utide/harmonics_utide_observations.txt,118976,42.3452,140.9507,,,,3.43,0.053,1,gleich
1498,H,"Murotsu (Awaji-shima), Hyogo, Japan",harmonics/classic/harmonics-2004-06-14_mod.txt,178454,34.5253,134.8780,,34.5333,134.8670,1.41,0.149,,gleich
1498,H,"Murotsu, Awaji, Hyogo, Japan",harmonics/noaa/harmonics_noaa_cptt.txt,58641,34.5167,134.8667,1,,,1.41,0.149,,gleich
1499,N,"Murotsu (Kaminoseki), Yamaguchi, Japan",harmonics/classic/harmonics-2004-06-14_mod.txt,178647,33.8359,132.1171,,33.8333,132.1170,0.29,0.075,,verschieden
1499,N,"Kaminoseki Kaikyo, Yamaguchi, Japan",harmonics/noaa/harmonics_noaa_cptt.txt,65066,33.8333,132.1167,1,,,0.29,0.075,,verschieden
1500,N,"Murotu, Kochi, Japan",harmonics/classic/harmonics-2004-06-14_mod.txt,178840,33.2833,134.1500,,,,2.31,0.023,,verschieden
1500,N,"Murotozaki, Kochi, Japan",harmonics/ticon/harmonics_ticon4_worldwide.txt,125336,33.2664,134.1644,,,,2.31,0.023,,verschieden
1500,N,"Murotozaki, Kochi, Japan",harmonics/utide/harmonics_utide_observations.txt,119172,33.2664,134.1644,,,,2.31,0.023,,verschieden
1501,K,"Murphy Cove, Nova Scotia, Canada",harmonics/classic/harmonics-2004-06-14_mod.txt,179030,44.7855,-62.7621,,44.7833,-62.7500,4.32,0.048,1,verschieden
1501,K,"Ship Harbour, Nova Scotia, Canada",harmonics/noaa/harmonics_noaa_amtt.txt,37366,44.7833,-62.8167,1,,,4.32,0.048,1,verschieden
1502,N,"Mururoa Atoll, Tuamotu Archipelago",harmonics/classic/harmonics-1997-05-25_mod.txt,24013,-21.8333,-138.7833,,,,0.00,0.016,,aehnlich
1502,N,"Mururoa, French Polynesia",harmonics/utide/harmonics_utide_tidetables.txt,354104,-21.8333,-138.7833,,,,0.00,0.016,,aehnlich
1503,H,"Musa Bay, Philippines",harmonics/att/harmonics_att_np203_scs.txt,75224,18.8667,121.2833,,,,0.00,0.174,,gleich
1503,H,"Musa Bay, Fuga Island, Cagayan, Philippines",harmonics/noaa/harmonics_noaa_cptt.txt,210620,18.8667,121.2833,1,,,0.00,0.174,,gleich
1504,N,"Musakazi Point, Maharashtra, India",harmonics/att/harmonics_att_np203_secondary.txt,99487,16.6222,73.3370,,16.6167,73.3333,0.00,0.089,,gleich
1504,N,"Musakazi Point, Maharashtra, India",harmonics/noaa/harmonics_noaa_cptt.txt,271700,16.6222,73.3370,1,,,0.00,0.089,,gleich
1505,N,"Muscat (Sultan Qaboos Port), Oman",harmonics/ticon/harmonics_ticon4_worldwide.txt,125539,23.6280,58.5650,,,,0.00,0.000,,gleich
1505,N,"Muscat (Sultan Qaboos Port), Oman",harmonics/utide/harmonics_utide_observations.txt,175709,23.6280,58.5650,,,,0.00,0.000,,gleich
1506,N,"Musgrave Harbour, Newfoundland, Canada",harmonics/classic/harmonics-2004-06-14_mod.txt,179220,49.4538,-53.9584,,49.4500,-53.9667,0.00,0.000,,gleich
1506,N,"Musgrave Harbour, Newfoundland, Canada",harmonics/utide/harmonics_utide_tidetables.txt,182475,49.4538,-53.9584,,,,0.00,0.000,,gleich
1507,N,"Mutsu-Ogawara, Aomori, Japan",harmonics/ticon/harmonics_ticon4_worldwide.txt,125737,40.9264,141.3880,,,,0.00,0.002,,gleich
1507,N,"Mutsuogawara, Aomori, Japan",harmonics/utide/harmonics_utide_observations.txt,119366,40.9264,141.3880,,,,0.00,0.002,,gleich
1508,N,"Myauk Gaung (Pigeon Island), Myanmar",harmonics/att/harmonics_att_np203_scs.txt,22766,11.7835,98.2143,,11.7833,98.2167,0.00,0.018,,gleich
1508,N,"Myauk Gaung (Pigeon Island), Myanmar",harmonics/noaa/harmonics_noaa_cptt.txt,262887,11.7835,98.2143,1,,,0.00,0.018,,gleich
1509,N,"Myin Kwa Aw (Horseshoe Bay), Myanmar",harmonics/att/harmonics_att_np203_scs_secondary.txt,15787,13.5500,98.1333,1,,,0.00,0.015,,gleich
1509,N,"Myin Kwa Aw (Horseshoe Bay), Myanmar",harmonics/noaa/harmonics_noaa_cptt.txt,263279,13.5500,98.1333,1,,,0.00,0.015,,gleich
1510,H,"Mys Astronomicheski, Russia",harmonics/classic/harmonics-1997-05-25_mod.txt,24257,62.3833,164.5000,,,,1.72,0.125,,aehnlich
1510,H,"Cape Astronomicheski, Russia",harmonics/noaa/harmonics_noaa_cptt.txt,25653,62.3833,164.4667,1,,,1.72,0.125,,aehnlich
1511,N,"Mys Bezlavnyy, Russia",harmonics/att/harmonics_att_np202_secondary.txt,43488,69.0167,33.0667,,,,0.00,0.028,,verschieden
1511,N,"Bazisnyy Point, Russia",harmonics/noaa/harmonics_noaa_eutt.txt,94417,69.0167,33.0667,1,,,0.00,0.028,,verschieden
1512,N,"Mys Bol'shoy Gorodetskiy, Russia",harmonics/att/harmonics_att_np202_secondary.txt,40578,67.7167,40.9167,,,,1.40,0.058,,verschieden
1512,N,"Gorodetskaya Bay, Russia",harmonics/noaa/harmonics_noaa_eutt.txt,98297,67.7167,40.9500,1,,,1.40,0.058,,verschieden
1513,H,"Mys Chelyuskin, Russia",harmonics/att/harmonics_att_np202.txt,16924,77.7167,104.3167,,,,0.79,0.263,1,aehnlich
1513,H,"Cape Chelyuskina, Russia",harmonics/noaa/harmonics_noaa_cptt.txt,16607,77.7167,104.2833,1,,,0.79,0.263,1,aehnlich
1514,N,"Mys Chesmenskiy, Russia",harmonics/att/harmonics_att_np202_secondary.txt,35728,64.7167,36.5333,,,,0.00,0.087,,aehnlich
1514,N,"Cape Chesmenski, Russia",harmonics/noaa/harmonics_noaa_eutt.txt,105543,64.7167,36.5333,1,,,0.00,0.087,,aehnlich
1515,N,"Mys Etolina, Kuril Islands, Russia",harmonics/classic/harmonics-2004-06-14_mod.txt,179606,45.8214,149.9440,,45.8167,149.9500,2.52,0.077,,verschieden
1515,N,"Garan Zaki, Russia",harmonics/noaa/harmonics_noaa_cptt.txt,42401,45.8000,149.9333,1,,,2.52,0.077,,verschieden
1516,N,"Mys Glubokiy, Russia",harmonics/att/harmonics_att_np202_secondary.txt,35922,64.3333,37.3333,,,,1.86,0.053,,verschieden
1516,N,"Cape Gluboki, Russia",harmonics/noaa/harmonics_noaa_eutt.txt,105345,64.3500,37.3333,1,,,1.86,0.053,,verschieden
1517,H,"Mys Insty, Russia",harmonics/att/harmonics_att_np202_secondary.txt,33400,65.9833,40.7500,,,,1.51,0.176,,verschieden
1517,H,"Intsi Point, Russia",harmonics/noaa/harmonics_noaa_eutt.txt,109711,65.9833,40.7833,1,,,1.51,0.176,,verschieden
1518,H,"Mys Kamennyy, Obskaya Guba, Russia",harmonics/att/harmonics_att_np202.txt,18461,68.5000,73.5833,,,,0.00,0.242,,verschieden
1518,H,"Cape Kamenni, Obskaya Gulf, Russia",harmonics/noaa/harmonics_noaa_eutt.txt,122377,68.5000,73.5833,1,,,0.00,0.242,,verschieden
1519,N,"Mys Kanin Nos, Russia",harmonics/att/harmonics_att_np202_secondary.txt,31654,68.6667,43.2833,,,,1.35,0.026,,verschieden
1519,N,"Cape Kanin, Russia",harmonics/noaa/harmonics_noaa_eutt.txt,113269,68.6667,43.2500,1,,,1.35,0.026,,verschieden
1520,N,"Mys Kapuetnyi (Paramushir), Kuril Islands, Russia",harmonics/classic/harmonics-2004-06-14_mod.txt,179799,50.0667,155.2170,,,,0.02,0.095,,aehnlich
1520,N,"Mys Kapustnyy, Russia",harmonics/noaa/harmonics_noaa_cptt.txt,39900,50.0667,155.2167,1,,,0.02,0.095,,aehnlich
1521,N,"Mys Kastrikum, Kuril Islands, Russia",harmonics/classic/harmonics-2004-06-14_mod.txt,321962,46.2000,150.5170,,,,0.02,0.097,,verschieden
1521,N,"Yosinohama, Russia",harmonics/noaa/harmonics_noaa_cptt.txt,42208,46.2000,150.5167,1,,,0.02,0.097,,verschieden
1522,N,"Mys Kerets, Russia",harmonics/att/harmonics_att_np202_secondary.txt,33788,65.3333,39.7333,,,,0.77,0.004,,aehnlich
1522,N,"Kerets Point, Russia",harmonics/noaa/harmonics_noaa_eutt.txt,109117,65.3333,39.7500,1,,,0.77,0.004,,aehnlich
1523,N,"Mys Konushin, Russia",harmonics/att/harmonics_att_np202_secondary.txt,32236,67.1833,43.7833,,,,0.00,0.049,,verschieden
1523,N,"Cape Konushin, Russia",harmonics/noaa/harmonics_noaa_eutt.txt,112477,67.1833,43.7833,1,,,0.00,0.049,,verschieden
1524,H,"Mys Kuznetsova, Russia",harmonics/att/harmonics_att_np204_secondary.txt,22282,46.0500,141.9167,,,,0.00,0.262,1,verschieden
1524,H,"Soni Misaki, Russia",harmonics/noaa/harmonics_noaa_cptt.txt,32810,46.0500,141.9167,1,,,0.00,0.262,1,verschieden
1525,N,"Mys Letniy Orlov, Russia",harmonics/att/harmonics_att_np202_secondary.txt,35340,64.9333,36.4500,,,,1.85,0.052,,aehnlich
1525,N,"Cape Letni Orlov, Russia",harmonics/noaa/harmonics_noaa_eutt.txt,105939,64.9167,36.4500,1,,,1.85,0.052,,aehnlich
1526,N,"Mys Noho, Russia",harmonics/att/harmonics_att_np204_secondary.txt,23242,47.2500,143.0000,,,,1.26,0.045,,verschieden
1526,N,"Noho Misaki, Russia",harmonics/noaa/harmonics_noaa_cptt.txt,31266,47.2500,143.0167,1,,,1.26,0.045,,verschieden
1527,N,"Mys Orlov-Terskiy Tonkiy, Russia",harmonics/att/harmonics_att_np202_secondary.txt,40384,67.2000,41.3333,,,,0.00,0.072,,verschieden
1527,N,"Cape Orlov, Russia",harmonics/noaa/harmonics_noaa_eutt.txt,98491,67.2000,41.3333,1,,,0.00,0.072,,verschieden
1528,K,"Mys Pon'goma Navolok, Russia",harmonics/att/harmonics_att_np202_secondary.txt,38250,65.3333,34.5333,,,,2.41,0.063,,verschieden
1528,K,"Pongama Bay, Russia",harmonics/noaa/harmonics_noaa_eutt.txt,101595,65.3167,34.5667,1,,,2.41,0.063,,verschieden
1529,N,"Mys Savushkina (Paramushir), Kuril Islands, Russia",harmonics/classic/harmonics-2004-06-14_mod.txt,179992,50.7500,156.1330,,,,0.02,0.100,,verschieden
1529,N,"Banjo Zaki, Russia",harmonics/noaa/harmonics_noaa_cptt.txt,39516,50.7500,156.1333,1,,,0.02,0.100,,verschieden
1530,N,"Mys Solomenny, Russia",harmonics/att/harmonics_att_np202_secondary.txt,38444,65.6833,34.8833,,,,1.85,0.075,,verschieden
1530,N,"Kalgalaksha Bay entrance, Russia",harmonics/noaa/harmonics_noaa_eutt.txt,101207,65.6667,34.8833,1,,,1.85,0.075,,verschieden
1531,N,"Mys Velikiy, Russia",harmonics/att/harmonics_att_np202_secondary.txt,43294,69.0833,33.2833,,,,0.00,0.028,,aehnlich
1531,N,"Veliki Point, Russia",harmonics/noaa/harmonics_noaa_eutt.txt,94223,69.0833,33.2833,1,,,0.00,0.028,,aehnlich
1532,K,"Mys Voronov, Russia",harmonics/att/harmonics_att_np202_secondary.txt,33012,66.5167,42.2333,,,,2.22,0.026,,verschieden
1532,K,"Cape Voronov, Russia",harmonics/noaa/harmonics_noaa_eutt.txt,110701,66.5167,42.2833,1,,,2.22,0.026,,verschieden
1533,N,"Mys Yuzhnyy, Russia",harmonics/att/harmonics_att_np202_secondary.txt,34176,64.8500,40.2833,,,,0.00,0.095,,verschieden
1533,N,"Mudyugskiy Island, Russia",harmonics/noaa/harmonics_noaa_eutt.txt,108519,64.8500,40.2833,1,,,0.00,0.095,,verschieden
1534,N,"Måløy, Norway",harmonics/ticon/harmonics_ticon4_worldwide.txt,113288,61.9338,5.1133,,61.9330,5.1170,0.00,0.003,,gleich
1534,N,"Måløy, Norway",harmonics/utide/harmonics_utide_observations.txt,172317,61.9338,5.1133,,,,0.00,0.003,,gleich
1535,N,"N'zeto, Angola",harmonics/att/harmonics_att_np208_secondary.txt,46024,-7.2281,12.8558,,-7.2330,12.8500,0.00,0.060,,gleich
1535,N,"N'Zeto, Angola",harmonics/noaa/harmonics_noaa_eutt.txt,20331,-7.2281,12.8558,1,,,0.00,0.060,,gleich
1536,N,"Nacala (Fernao Veloso), Mozambique",harmonics/att/harmonics_att_np203.txt,16351,-14.4665,40.6801,,-14.4667,40.6833,0.00,0.036,,gleich
1536,N,"Nacala (Fernao Veloso), Mozambique",harmonics/classic/harmonics-1997-05-25_mod.txt,24379,-14.4665,40.6801,,-14.4667,40.6833,0.00,0.036,,gleich
1537,H,"Nagabungan, Philippines",harmonics/att/harmonics_att_np203_scs.txt,74254,18.4833,120.5667,,,,0.00,0.251,1,gleich
1537,H,"Nagabungan Bay, Cagayan, Philippines",harmonics/noaa/harmonics_noaa_cptt.txt,209464,18.4833,120.5667,1,,,0.00,0.251,1,gleich
1538,H,"Nagahama (Iyo Nada), Ehime, Japan",harmonics/classic/harmonics-2004-06-14_mod.txt,180571,33.6163,132.4830,,33.6167,132.4830,0.05,0.105,,gleich
1538,H,"Nagahama Ko, Ehime, Japan",harmonics/noaa/harmonics_noaa_cptt.txt,65456,33.6167,132.4833,1,,,0.05,0.105,,gleich
1539,HLN,"Nagapattinam, Tamil Nadu, India",harmonics/classic/harmonics-1997-05-25_mod.txt,24503,10.7649,79.8512,,10.7667,79.8500,0.02,0.149,,gleich
1539,HLN,"Nagapattinam, Tamil Nadu, India",harmonics/noaa/harmonics_noaa_cptt.txt,268588,10.7648,79.8513,1,,,0.02,0.149,,gleich
1539,HLN,"Nagapattinam, Tamil Nadu, India",harmonics/utide/harmonics_utide_tidetables.txt,291198,10.7649,79.8512,,,,0.02,0.149,,gleich
1540,N,"Nagasaki (Matsugae), Nagasaki, Japan",harmonics/ticon/harmonics_ticon4_worldwide.txt,125943,32.7350,129.8661,,32.7330,129.8670,0.00,0.005,,gleich
1540,N,"Nagasaki (Matsugae), Nagasaki, Japan",harmonics/utide/harmonics_utide_observations.txt,119568,32.7350,129.8661,,,,0.00,0.005,,gleich
1541,N,"Nagle Cove, Great Barrier Island, Northland, New Zealand",harmonics/noaa/harmonics_noaa_cptt.txt,233944,-36.1500,175.3500,1,,,2.84,0.036,,gleich
1541,N,"Nagle Cove, New Zealand",harmonics/utide/harmonics_utide_tidetables.txt,566162,-36.1431,175.3196,,,,2.84,0.036,,gleich
1542,N,"Nagoya Ura, Saga, Japan",harmonics/classic/harmonics-2004-06-14_mod.txt,181537,33.5328,129.8793,,33.5333,129.8670,1.84,0.086,,verschieden
1542,N,"Yobuko, Saga, Japan",harmonics/classic/harmonics-2004-06-14_mod.txt,320615,33.5461,129.8911,,33.5500,129.8830,1.84,0.086,,verschieden
1543,N,"Nagoya, Aichi, Japan",harmonics/ticon/harmonics_ticon4_worldwide.txt,126143,35.0914,136.8808,,,,0.00,0.006,,gleich
1543,N,"Nagoya, Aichi, Japan",harmonics/utide/harmonics_utide_observations.txt,119764,35.0914,136.8808,,,,0.00,0.006,,gleich
1544,N,"Naha, Okinawa, Japan",harmonics/ticon/harmonics_ticon4_worldwide.txt,126349,26.2133,127.6653,,26.2170,127.6670,0.00,0.002,,gleich
1544,N,"Naha, Okinawa, Japan",harmonics/utide/harmonics_utide_observations.txt,119966,26.2133,127.6653,,,,0.00,0.002,,gleich
1545,N,"Nain, Labrador, Canada",harmonics/utide/harmonics_utide_observations.txt,45528,56.5435,-61.6865,,,,0.00,0.003,,gleich
1545,N,"Nain, Labrador, Canada",harmonics/utide/harmonics_utide_tidetables.txt,196187,56.5435,-61.6865,,,,0.00,0.003,,gleich
1546,N,"Nakabaru (Tobata-ku), Fukuoka, Japan",harmonics/classic/harmonics-2004-06-14_mod.txt,251206,33.9167,130.8500,,,,1.85,0.068,,verschieden
1546,N,"Hibikinada (Wakamatsu), Fukuoka, Japan",harmonics/classic/harmonics-2004-06-14_mod.txt,310835,33.9333,130.8500,,,,1.85,0.068,,verschieden
1547,N,"Nakanoshima, Kagoshima, Japan",harmonics/ticon/harmonics_ticon4_worldwide.txt,126550,29.8420,129.8478,,29.8420,129.8420,0.00,0.001,,gleich
1547,N,"Nakanoshima, Kagoshima, Japan",harmonics/utide/harmonics_utide_observations.txt,120357,29.8420,129.8478,,,,0.00,0.001,,gleich
1548,N,"Nampo, North Korea",harmonics/classic/harmonics-1997-05-25_mod.txt,9525,38.7233,125.4079,,38.6833,125.3833,0.00,0.086,,gleich
1548,N,"Nampo, North Korea",harmonics/utide/harmonics_utide_tidetables.txt,674741,38.7233,125.4079,,38.6833,125.4000,0.00,0.086,,gleich
1549,N,"Nan-liao Wan, Lu Tao, Taiwan",harmonics/noaa/harmonics_noaa_cptt.txt,116735,22.6667,121.4667,1,,,0.94,0.086,,verschieden
1549,N,"Ludao, Taiwan",harmonics/utide/harmonics_utide_tidetables.txt,396459,22.6606,121.4731,,,,0.94,0.086,,verschieden
1550,N,"Nanaimo Harbour, British Columbia, Canada",harmonics/utide/harmonics_utide_observations.txt,41613,49.1628,-123.9235,,,,0.00,0.004,,gleich
1550,N,"Nanaimo Harbour, British Columbia, Canada",harmonics/utide/harmonics_utide_tidetables.txt,111927,49.1628,-123.9235,,,,0.00,0.004,,gleich
1551,G,"Nanao Dao (Yunao Wan), Guangdong, China",harmonics/noaa/harmonics_noaa_cptt.txt,121260,23.4000,117.0500,1,,,5.10,0.065,1,gleich
1551,G,"Nanaodao (Yunao), Guangdong, China",harmonics/utide/harmonics_utide_tidetables.txt,640003,23.4000,117.1000,,,,5.10,0.065,1,gleich
1552,N,"Nanao, Ishikawa, Japan",harmonics/ticon/harmonics_ticon4_worldwide.txt,126946,37.0495,136.9683,,,,0.01,0.003,,gleich
1552,N,"Nanao, Ishikawa, Japan",harmonics/utide/harmonics_utide_observations.txt,120551,37.0495,136.9683,,,,0.01,0.003,,gleich
1553,H,"Nanchangshan Dao, Shandong, China",harmonics/noaa/harmonics_noaa_cptt.txt,106754,37.9167,120.7167,1,,,1.46,0.139,,gleich
1553,H,"Nanchangshandao, Shandong, China",harmonics/utide/harmonics_utide_tidetables.txt,653001,37.9167,120.7000,,,,1.46,0.139,,gleich
1554,N,"Nancowry Harbour, Andaman and Nicobar, India",harmonics/att/harmonics_att_np203_scs.txt,28622,8.0333,93.5500,,,,0.00,0.059,,verschieden
1554,N,"Nankauri Harbor, Indonesia",harmonics/noaa/harmonics_noaa_cptt.txt,261103,8.0333,93.5500,1,,,0.00,0.059,,verschieden
1555,N,"Nandi Waters, Viti Levu, Fiji",harmonics/noaa/harmonics_noaa_cptt.txt,223990,-17.7500,177.4333,1,,,1.76,0.046,,gleich
1555,N,"Nandi Waters, Viti Levu, Fiji",harmonics/noaa/harmonics_noaa_pacif.txt,29298,-17.7500,177.4167,,-17.7500,-177.4167,1.76,0.046,,gleich
1556,H,"Nanortalik, Greenland",harmonics/noaa/harmonics_noaa_amtt.txt,59184,60.1167,-45.2500,1,,,1.85,0.103,,gleich
1556,H,"Nanortalik, Greenland",harmonics/utide/harmonics_utide_tidetables.txt,666192,60.1333,-45.2500,,,,1.85,0.103,,gleich
1557,G,"Nantes, France",harmonics/utide/harmonics_utide_observations.txt,61445,47.1934,-1.6337,,,,4.65,0.037,1,gleich
1557,G,"Nantes (Salorges), France",harmonics/utide/harmonics_utide_observations.txt,217440,47.2042,-1.5742,,,,4.65,0.037,1,gleich
1558,N,"Naos Island, Panama",harmonics/noaa/harmonics_noaa_amtt.txt,114066,8.9167,-79.5333,1,,,0.08,0.022,,gleich
1558,N,"Isla Naos, Panama",harmonics/ticon/harmonics_ticon4_worldwide.txt,127147,8.9173,-79.5329,,8.9170,-79.5330,0.08,0.022,,gleich
1559,G,"Naozhou Dao, Guangdong, China",harmonics/classic/harmonics-1997-05-25_mod.txt,24627,20.9500,110.6000,,,,7.61,0.048,1,gleich
1559,G,"Naozhoudao (Beigang), Guangdong, China",harmonics/utide/harmonics_utide_tidetables.txt,662903,20.9000,110.5500,,,,7.61,0.048,1,gleich
1560,N,"Nap Do, North Korea",harmonics/att/harmonics_att_np204_secondary.txt,31521,39.2667,124.7167,,,,0.00,0.029,,aehnlich
1560,N,"Nap-to, North Korea",harmonics/noaa/harmonics_noaa_cptt.txt,95028,39.2667,124.7167,1,,,0.00,0.029,,aehnlich
1561,N,"Napier, Gisborne, New Zealand",harmonics/noaa/harmonics_noaa_cptt.txt,230227,-39.4833,176.9167,1,,,0.04,0.093,,gleich
1561,N,"Napier, New Zealand",harmonics/ticon/harmonics_ticon4_worldwide.txt,127350,-39.4830,176.9170,,,,0.04,0.093,,gleich
1561,N,"Napier, Hawke's Bay, New Zealand",harmonics/utide/harmonics_utide_observations.txt,166572,-39.4830,176.9170,,,,0.04,0.093,,gleich
1562,N,"Nariva River (Cocal), Trinidad and Tobago",harmonics/att/harmonics_att_np202.txt,21726,10.3925,-61.0209,,10.4000,-61.0333,1.59,0.077,,gleich
1562,N,"Nariva River, Trinidad and Tobago",harmonics/noaa/harmonics_noaa_amtt.txt,40564,10.4000,-61.0333,1,,,1.59,0.077,,gleich
1563,N,"Narvik, Norway",harmonics/ticon/harmonics_ticon4_worldwide.txt,128153,68.4283,17.4258,,,,0.00,0.002,,gleich
1563,N,"Narvik, Norway",harmonics/utide/harmonics_utide_observations.txt,172515,68.4283,17.4258,,,,0.00,0.002,,gleich
1564,N,"Nasakejima, Yamaguchi, Japan",harmonics/classic/harmonics-2004-06-14_mod.txt,183847,33.9582,132.4798,,33.9500,132.4670,1.51,0.075,,verschieden
1564,N,"Moro Shima Suido, Yamaguchi, Japan",harmonics/noaa/harmonics_noaa_cptt.txt,64286,33.9500,132.4667,1,,,1.51,0.075,,verschieden
1565,N,"Nasipit Harbour, Philippines",harmonics/att/harmonics_att_np203_scs.txt,85896,8.9833,125.3333,,,,0.00,0.087,,gleich
1565,N,"Nasipit Harbor, Butuan Bay, Camiguin, Philippines",harmonics/noaa/harmonics_noaa_cptt.txt,175301,8.9833,125.3333,1,,,0.00,0.087,,gleich
1566,N,"Nassau, New Providence Island, Bahamas (2)",harmonics/classic/harmonics-2004-06-14_mod.txt,184042,25.0799,-77.3483,,25.0833,-77.3500,0.42,0.073,,gleich
1566,N,"Nassau, New Providence Island, Bahamas",harmonics/noaa/harmonics_noaa_carib.txt,16917,25.0833,-77.3500,,,,0.42,0.073,,gleich
1567,N,"Natal, Indonesia",harmonics/att/harmonics_att_np203_scs.txt,51348,0.5500,99.1000,,,,0.00,0.069,,gleich
1567,N,"Natal, Sumatra, Indonesia",harmonics/noaa/harmonics_noaa_cptt.txt,148965,0.5500,99.1000,1,,,0.00,0.069,,gleich
1568,N,"Natkusiak Peninsula, Northwest Territories, Canada",harmonics/classic/harmonics-2004-06-14_mod.txt,184232,73.0167,-110.4667,,,,0.00,0.000,,gleich
1568,N,"Natkusiak Peninsula, Northwest Territories, Canada",harmonics/utide/harmonics_utide_tidetables.txt,226048,73.0167,-110.4667,,,,0.00,0.000,,gleich
1569,N,"Naufrage, Prince Edward Island, Canada",harmonics/classic/harmonics-2004-06-14_mod.txt,184422,46.4684,-62.4172,,46.4667,-62.4167,0.00,0.000,,gleich
1569,N,"Naufrage, Prince Edward Island, Canada",harmonics/utide/harmonics_utide_tidetables.txt,312196,46.4684,-62.4172,,,,0.00,0.000,,gleich
1570,N,"Navlakhi, Gujarat, India",harmonics/att/harmonics_att_np203.txt,25152,22.9591,70.4442,,22.9500,70.4500,0.02,0.080,,gleich
1570,N,"Navlakhi, Gujarat, India",harmonics/classic/harmonics-1997-05-25_mod.txt,24749,22.9592,70.4441,,22.9667,70.4500,0.02,0.080,,gleich
1570,N,"Navlakhi, Gujarat, India",harmonics/noaa/harmonics_noaa_cptt.txt,274052,22.9593,70.4441,1,,,0.02,0.080,,gleich
1570,N,"Navlakhi, Gujarat, India",harmonics/utide/harmonics_utide_tidetables.txt,288130,22.9592,70.4441,,,,0.02,0.080,,gleich
1571,H,"Nawabandar, Gujarat, India",harmonics/att/harmonics_att_np203_secondary.txt,93257,20.7423,71.0791,,20.7500,71.0833,0.00,0.151,,aehnlich
1571,H,"Navabandar, Gujarat, India",harmonics/noaa/harmonics_noaa_cptt.txt,272680,20.7423,71.0791,1,,,0.00,0.151,,aehnlich
1572,N,"Nazaré, Portugal",harmonics/noaa/harmonics_noaa_eutt.txt,41605,39.5860,-9.0740,1,,,0.00,0.042,,gleich
1572,N,"Nazaré, Portugal",harmonics/ticon/harmonics_ticon4_worldwide.txt,128557,39.5860,-9.0740,,,,0.00,0.042,,gleich
1572,N,"Nazaré, Portugal",harmonics/utide/harmonics_utide_observations.txt,184842,39.5860,-9.0740,,,,0.00,0.042,,gleich
1573,N,"Naze (Amami Oshima), Kagoshima, Japan",harmonics/ticon/harmonics_ticon4_worldwide.txt,128755,28.4000,129.4980,,,,0.00,0.004,,gleich
1573,N,"Naze (Amami Oshima), Kagoshima, Japan",harmonics/utide/harmonics_utide_observations.txt,120939,28.4000,129.4980,,,,0.00,0.004,,gleich
1574,N,"Neah Bay, Washington",harmonics/classic/harmonics-2004-06-14_mod.txt,184998,48.3683,-124.6167,,,,1.15,0.005,,gleich
1574,N,"Neah Bay, Strait Of Juan De Fuca, Washington",harmonics/classic/harmonics-dwf-20251228-free.txt,199625,48.3707,-124.6016,,,,1.15,0.005,,gleich
1575,N,"Neguac, New Brunswick, Canada",harmonics/classic/harmonics-2004-06-14_mod.txt,185381,47.2410,-65.0723,,47.2500,-65.0833,0.00,0.000,,gleich
1575,N,"Neguac, New Brunswick, Canada",harmonics/utide/harmonics_utide_tidetables.txt,166833,47.2410,-65.0723,,,,0.00,0.000,,gleich
1576,H,"Neiafu, Vava'u Group, Tonga",harmonics/classic/harmonics-1997-05-25_mod.txt,24871,-18.6500,-173.9833,,,,0.00,0.123,,gleich
1576,H,"Neiafu, Tonga",harmonics/noaa/harmonics_noaa_cptt.txt,222812,-18.6500,-173.9833,1,,,0.00,0.123,,gleich
1577,G,"Neko Harbour, Antarctica",harmonics/classic/harmonics-1997-05-25_mod.txt,24993,-64.8784,-62.5390,,-64.8000,-62.3833,3.17,0.003,1,gleich
1577,G,"Puerto Neko (Bahía Andvord), Antártida Argentina, Argentina",harmonics/utide/harmonics_utide_tidetables.txt,607886,-64.8500,-62.5333,,,,3.17,0.003,1,gleich
1578,N,"Nelson, New Zealand",harmonics/ticon/harmonics_ticon4_worldwide.txt,128956,-41.2618,173.2727,,-41.2670,173.2670,0.00,0.012,,gleich
1578,N,"Nelson, Nelson, New Zealand",harmonics/utide/harmonics_utide_observations.txt,167361,-41.2618,173.2727,,-41.2670,173.2670,0.00,0.012,,gleich
1579,N,"Nemuro Ko, Hokkaido, Japan",harmonics/noaa/harmonics_noaa_cptt.txt,45303,43.3333,145.5833,1,,,0.92,0.037,,gleich
1579,N,"Nemuro, Hokkaido, Japan",harmonics/ticon/harmonics_ticon4_worldwide.txt,129154,43.3413,145.5862,,43.3417,145.5900,0.92,0.037,,gleich
1579,N,"Nemuro, Hokkaido, Japan",harmonics/utide/harmonics_utide_observations.txt,121133,43.3413,145.5862,,,,0.92,0.037,,gleich
1580,N,"Nes, Netherlands",harmonics/classic/harmonics-dwf-20100529-nonfree_mod.txt,16016,53.4333,5.7833,,,,1.63,0.014,,verschieden
1580,N,"Ameland, Nes, Netherlands",harmonics/utide/harmonics_utide_observations.txt,147953,53.4298,5.7594,,,,1.63,0.014,,verschieden
1581,N,"Neville Island, Labrador, Canada",harmonics/classic/harmonics-2004-06-14_mod.txt,185766,52.5512,-56.1119,,,,0.00,0.000,,gleich
1581,N,"Neville Island, Labrador, Canada",harmonics/utide/harmonics_utide_tidetables.txt,189811,52.5512,-56.1119,,,,0.00,0.000,,gleich
1582,N,"New Bedford, Buzzards Bay, Massachusetts",harmonics/classic/harmonics-2004-06-14_mod.txt,185956,41.5967,-70.9000,,,,0.38,0.040,,verschieden
1582,N,"Clarks Point, New Bedford, Buzzards Bay, Massachusetts",harmonics/classic/harmonics-dwf-20251228-free.txt,33982,41.5933,-70.9000,,,,0.38,0.040,,verschieden
1583,H,"New Calabar River Bar, Nigeria",harmonics/att/harmonics_att_np208_secondary.txt,39263,4.3500,7.0330,,,,0.00,0.109,,gleich
1583,H,"New Calabar River Bar, Nigeria",harmonics/noaa/harmonics_noaa_eutt.txt,25324,4.3500,7.0330,1,,,0.00,0.109,,gleich
1584,H,"New River, Southland, New Zealand",harmonics/noaa/harmonics_noaa_cptt.txt,226139,-46.5333,168.2500,1,,,2.41,0.211,,gleich
1584,H,"New River Entrance, New Zealand",harmonics/utide/harmonics_utide_tidetables.txt,532686,-46.5134,168.2374,,,,2.41,0.211,,gleich
1585,N,"New York, New York",harmonics/classic/harmonics-2004-06-14_mod.txt,186338,40.7000,-74.0150,,,,1.73,0.048,,verschieden
1585,N,"Brooklyn Bridge, East River, New York",harmonics/classic/harmonics-dwf-20251228-free.txt,51448,40.7033,-73.9950,,,,1.73,0.048,,verschieden
1585,N,"The Battery, New York Harbor, New York",harmonics/classic/harmonics-dwf-20251228-free.txt,53020,40.7005,-74.0142,,,,1.73,0.048,,verschieden
1586,N,"Newcastle (Miramichi River), New Brunswick, Canada",harmonics/classic/harmonics-2004-06-14_mod.txt,187105,46.9980,-65.5616,,47.0000,-65.5667,0.00,0.000,,gleich
1586,N,"Newcastle (Miramichi River), New Brunswick, Canada",harmonics/utide/harmonics_utide_tidetables.txt,167992,46.9980,-65.5616,,,,0.00,0.000,,gleich
1587,N,"Newcastle Creek, New Brunswick, Canada",harmonics/classic/harmonics-2004-06-14_mod.txt,186915,46.0565,-66.0027,,46.0667,-66.0000,0.00,0.000,,gleich
1587,N,"Newcastle Creek, New Brunswick, Canada",harmonics/utide/harmonics_utide_tidetables.txt,162579,46.0565,-66.0027,,,,0.00,0.000,,gleich
1588,N,"Newcastle, New South Wales, Australia",harmonics/noaa/harmonics_noaa_cptt.txt,250725,-32.9238,151.7889,1,,,0.00,0.040,,gleich
1588,N,"Newcastle, New South Wales, Australia",harmonics/ticon/harmonics_ticon4_worldwide.txt,129550,-32.9238,151.7889,,,,0.00,0.040,,gleich
1589,N,"Newcastle, Northern Ireland, United Kingdom",harmonics/noaa/harmonics_noaa_eutt.txt,74440,54.1983,-5.8840,1,,,0.00,0.054,,gleich
1589,N,"Newcastle, Northern Ireland, United Kingdom",harmonics/utide/harmonics_utide_tidetables.txt,484159,54.1983,-5.8840,,,,0.00,0.054,,gleich
1590,N,"Newcastle-on-Tyne, England, United Kingdom",harmonics/noaa/harmonics_noaa_eutt.txt,56977,54.9693,-1.6031,1,,,0.00,0.039,,aehnlich
1590,N,"Newcastle-upon-Tyne, England, United Kingdom",harmonics/utide/harmonics_utide_tidetables.txt,483966,54.9693,-1.6031,,,,0.00,0.039,,aehnlich
1591,N,"Newhaven, England, United Kingdom",harmonics/ticon/harmonics_ticon4_worldwide.txt,129751,50.7818,0.0570,,,,0.00,0.003,,gleich
1591,N,"Newhaven, England, United Kingdom",harmonics/utide/harmonics_utide_observations.txt,194900,50.7818,0.0570,,,,0.00,0.003,,gleich
1592,N,"Newlyn (Penzance), England, United Kingdom",harmonics/noaa/harmonics_noaa_eutt.txt,63538,50.1030,-5.5429,1,,,0.01,0.055,,gleich
1592,N,"Newlyn (Penzance), England, United Kingdom",harmonics/utide/harmonics_utide_observations.txt,197456,50.1030,-5.5428,,,,0.01,0.055,,gleich
1592,N,"Newlyn (Penzance), England, United Kingdom",harmonics/utide/harmonics_utide_observations.txt,200000,50.1030,-5.5430,,,,0.01,0.055,,gleich
1593,N,"Newport (River Usk), Wales, United Kingdom",harmonics/classic/harmonics-dwf-20100529-nonfree_mod.txt,18715,51.5500,-2.9874,,,,0.00,0.006,,gleich
1593,N,"Newport (River Usk), Wales, United Kingdom",harmonics/ticon/harmonics_ticon4_worldwide.txt,129952,51.5500,-2.9874,,51.5496,-2.9860,0.00,0.006,,gleich
1594,N,"Newport Bay Entrance, Corona del Mar, California",harmonics/classic/harmonics-2004-06-14_mod.txt,187488,33.6033,-117.8833,,,,0.03,0.001,,aehnlich
1594,N,"Newport Beach, Newport Bay entrance, Corona del Mar, California",harmonics/classic/harmonics-dwf-20251228-free.txt,177892,33.6033,-117.8830,,,,0.03,0.001,,aehnlich
1595,H,"Neyland, Wales, United Kingdom",harmonics/noaa/harmonics_noaa_eutt.txt,65728,51.7045,-4.9499,1,,,0.00,0.117,,gleich
1595,H,"Neyland, Wales, United Kingdom",harmonics/utide/harmonics_utide_tidetables.txt,484740,51.7045,-4.9499,,,,0.00,0.117,,gleich
1596,N,"Nezugaseki, Yamagata, Japan",harmonics/ticon/harmonics_ticon4_worldwide.txt,130352,38.5633,139.5461,,,,0.00,0.010,,gleich
1596,N,"Nezugaseki, Yamagata, Japan",harmonics/utide/harmonics_utide_observations.txt,121331,38.5633,139.5461,,,,0.00,0.010,,gleich
1597,N,"Ngapali (Andrew Bay), Myanmar",harmonics/att/harmonics_att_np203_scs.txt,16946,18.3650,94.3390,,18.3500,94.3500,0.00,0.056,,gleich
1597,N,"Ngapali (Andrew Bay), Myanmar",harmonics/noaa/harmonics_noaa_cptt.txt,265451,18.3650,94.3390,1,,,0.00,0.056,,gleich
1598,N,"Ngesebus, Palau",harmonics/att/harmonics_att_np204_secondary.txt,20170,7.0500,134.2667,,,,0.00,0.045,,verschieden
1598,N,"Shonian Harbor, Palau",harmonics/noaa/harmonics_noaa_pacif.txt,15759,7.0500,134.2667,,,,0.00,0.045,,verschieden
1599,L,"Nickerie River, Suriname",harmonics/att/harmonics_att_np207.txt,23454,5.9667,-57.0167,,,,0.63,0.123,,verschieden
1599,L,"Nieuw-Nickerie, Suriname",harmonics/classic/harmonics-1997-05-25_mod.txt,25115,5.9610,-57.0163,,5.9667,-57.0167,0.63,0.123,,verschieden
1600,GN,"Nieuwpoort (Oude Zeedijk), Belgium",harmonics/ticon/harmonics_ticon4_worldwide.txt,130762,51.1506,2.7281,,,,2.71,0.007,,gleich
1600,GN,"Nieuwpoort (Iepersluis Afwaarts), Belgium",harmonics/utide/harmonics_utide_observations.txt,29487,51.1346,2.7575,,,,2.71,0.007,,gleich
1600,GN,"Nieuwpoort (Oude Zeedijk), Belgium",harmonics/utide/harmonics_utide_observations.txt,30465,51.1506,2.7281,,51.1500,2.7281,2.71,0.007,,gleich
1601,N,"Night Cliff, Northern Territory, Australia",harmonics/classic/harmonics-2004-06-14_mod.txt,187872,-12.3833,130.8333,,,,0.00,0.038,,gleich
1601,N,"Night Cliff, Point Darwin, Northern Territory, Australia",harmonics/noaa/harmonics_noaa_cptt.txt,243515,-12.3833,130.8333,1,,,0.00,0.038,,gleich
1602,N,"Nigishima (Kumano), Mie, Japan",harmonics/ticon/harmonics_ticon4_worldwide.txt,98220,33.9258,136.1689,,,,0.00,0.001,,gleich
1602,N,"Nigishima (Kumano), Mie, Japan",harmonics/utide/harmonics_utide_observations.txt,113494,33.9258,136.1689,,,,0.00,0.001,,gleich
1603,GN,"Niigata (Tarodai), Niigata, Japan",harmonics/ticon/harmonics_ticon4_worldwide.txt,130960,37.9905,139.2173,,,,14.78,0.010,1,gleich
1603,GN,"Niigata (Irifunecho), Niigata, Japan",harmonics/ticon/harmonics_ticon4_worldwide.txt,131158,37.9406,139.0611,,,,14.78,0.010,1,gleich
1603,GN,"Niigata (Tarodai), Niigata, Japan",harmonics/utide/harmonics_utide_observations.txt,121525,37.9905,139.2173,,,,14.78,0.010,1,gleich
1603,GN,"Niigata (Irifunecho), Niigata, Japan",harmonics/utide/harmonics_utide_observations.txt,121719,37.9406,139.0611,,,,14.78,0.010,1,gleich
1604,N,"Niihama, Ehime, Japan",harmonics/classic/harmonics-2004-06-14_mod.txt,188261,33.9676,133.2678,,33.9667,133.2670,0.00,0.000,,gleich
1604,N,"Niihama, Ehime, Japan",harmonics/utide/harmonics_utide_observations.txt,121913,33.9676,133.2678,,,,0.00,0.000,,gleich
1605,H,"Nikolski, Bering Island, Russia",harmonics/noaa/harmonics_noaa_cptt.txt,23701,55.2000,165.9833,1,,,2.33,0.226,,aehnlich
1605,H,"Nikol'skoe, Russia",harmonics/utide/harmonics_utide_observations.txt,186420,55.2000,166.0200,,,,2.33,0.226,,aehnlich
1606,N,"Nin Bay, Philippines",harmonics/att/harmonics_att_np203_scs.txt,70368,12.2333,123.2833,,,,0.00,0.046,,gleich
1606,N,"Nin Bay, Masbate, Philippines",harmonics/noaa/harmonics_noaa_cptt.txt,202321,12.2333,123.2833,1,,,0.00,0.046,,gleich
1607,H,"Nishi Notoro Misaki, East coast, Russia",harmonics/noaa/harmonics_noaa_cptt.txt,32424,45.9000,142.0833,1,,,0.00,0.184,,gleich
1607,H,"Nishi Notoro Misaki, West coast, Russia",harmonics/noaa/harmonics_noaa_cptt.txt,32617,45.9000,142.0833,1,,,0.00,0.184,,gleich
1608,N,"Nishikomi Wan (Amami Oshima), Kagoshima, Japan",harmonics/classic/harmonics-2004-06-14_mod.txt,189035,28.2393,129.1717,,28.2500,129.1670,0.83,0.070,,aehnlich
1608,N,"Nishikomi, Kagoshima, Japan",harmonics/noaa/harmonics_noaa_cptt.txt,78196,28.2333,129.1667,1,,,0.83,0.070,,aehnlich
1609,N,"Nishinoomote, Kagoshima, Japan",harmonics/ticon/harmonics_ticon4_worldwide.txt,131359,30.7350,130.9922,,30.7320,130.9950,0.00,0.007,,gleich
1609,N,"Nishinoomote, Kagoshima, Japan",harmonics/utide/harmonics_utide_observations.txt,122304,30.7350,130.9922,,,,0.00,0.007,,gleich
1610,H,"Niue Island, Niue",harmonics/noaa/harmonics_noaa_cptt.txt,222420,-19.0340,-169.9182,1,-19.0333,-169.9167,0.00,0.102,,gleich
1610,H,"Niue Island, Niue",harmonics/ticon/harmonics_ticon4_worldwide.txt,19044,-19.0340,-169.9182,,-19.0330,-169.9170,0.00,0.102,,gleich
1611,N,"Njarðvík, Iceland",harmonics/classic/harmonics-2004-06-14_mod.txt,189225,63.9785,-22.5263,,,,2.66,0.015,,verschieden
1611,N,"Keflavík Harbor, Iceland",harmonics/noaa/harmonics_noaa_eutt.txt,79367,64.0000,-22.5500,1,,,2.66,0.015,,verschieden
1612,K,"Nobiru Wan, Miyagi, Japan",harmonics/classic/harmonics-2004-06-14_mod.txt,190183,38.3790,141.1705,,38.3500,141.1500,3.24,0.043,1,verschieden
1612,K,"Same Ura, Nobiru Wan, Miyagi, Japan",harmonics/noaa/harmonics_noaa_cptt.txt,50415,38.3500,141.1667,1,,,3.24,0.043,1,verschieden
1613,N,"Norddeich, Germany",harmonics/att/harmonics_att_np202_secondary.txt,77448,53.6279,7.1588,,,,1.88,0.067,,gleich
1613,N,"Norddeich (Westerriede), Germany",harmonics/bsh/harmonics_bsh_germany.txt,24243,53.6436,7.1481,,,,1.88,0.067,,gleich
1613,N,"Norddeich, Germany",harmonics/noaa/harmonics_noaa_eutt.txt,83098,53.6279,7.1588,1,,,1.88,0.067,,gleich
1614,N,"Nordenham (Weser, Unterfeuer), Germany",harmonics/noaa/harmonics_noaa_eutt.txt,83686,53.4644,8.4881,1,,,0.01,0.084,,gleich
1614,N,"Nordenham (Weser, Unterfeuer), Germany",harmonics/ticon/harmonics_ticon4_worldwide.txt,131557,53.4645,8.4881,,,,0.01,0.084,,gleich
1614,N,"Nordenham (Weser, Unterfeuer), Germany",harmonics/utide/harmonics_utide_observations.txt,80415,53.4645,8.4881,,,,0.01,0.084,,gleich
1615,H,"Norfolk Island, Australia",harmonics/noaa/harmonics_noaa_cptt.txt,249937,-29.0670,167.9500,1,,,0.00,0.131,,gleich
1615,H,"Norfolk Island, Australia",harmonics/utide/harmonics_utide_observations.txt,21775,-29.0670,167.9500,,,,0.00,0.131,,gleich
1616,H,"North Barnard Island, Queensland, Australia",harmonics/classic/harmonics-2004-06-14_mod.txt,191335,-17.6833,146.1833,,,,0.00,0.110,,gleich
1616,H,"North Barnard Island, Queensland, Australia",harmonics/noaa/harmonics_noaa_cptt.txt,245836,-17.6833,146.1833,1,,,0.00,0.110,,gleich
1617,N,"North Bimini, Bahamas",harmonics/classic/harmonics-2004-06-14_mod.txt,191530,25.7240,-79.3004,,25.7333,-79.3000,0.00,0.055,,gleich
1617,N,"North Bimini, Bahamas",harmonics/noaa/harmonics_noaa_carib.txt,16344,25.7240,-79.3004,,25.7333,-79.3000,0.00,0.055,,gleich
1618,N,"North Cape / Otou, New Zealand",harmonics/ticon/harmonics_ticon4_worldwide.txt,132154,-34.4156,173.0488,,-34.4147,173.0486,0.00,0.029,,gleich
1618,N,"North Cape / Otou, New Zealand",harmonics/utide/harmonics_utide_tidetables.txt,587251,-34.4156,173.0488,,,,0.00,0.029,,gleich
1619,N,"North Cat Cay, Bahamas",harmonics/classic/harmonics-2004-06-14_mod.txt,191728,25.5503,-79.2811,,25.5500,-79.2817,0.00,0.055,,gleich
1619,N,"North Cat Cay, Bahamas",harmonics/noaa/harmonics_noaa_carib.txt,16151,25.5503,-79.2811,,25.5500,-79.2833,0.00,0.055,,gleich
1620,G,"North Cormorant, Netherlands",harmonics/ticon/harmonics_ticon4_worldwide.txt,132350,61.2395,1.1477,,,,11.20,0.088,1,gleich
1620,G,"North Cormorant, United Kingdom",harmonics/ticon/harmonics_ticon4_worldwide.txt,132743,61.3400,1.1600,,,,11.20,0.088,1,gleich
1621,N,"North Danger Reef, Spratly and Scarborough",harmonics/att/harmonics_att_np203_scs.txt,62220,11.4500,114.3167,,,,0.00,0.048,,verschieden
1621,N,"Shuangzijiao (Nansha Qundao), Hainan, China",harmonics/utide/harmonics_utide_tidetables.txt,647181,11.4500,114.3167,,,,0.00,0.048,,verschieden
1622,G,"North Goulburn Island, Northern Territory, Australia",harmonics/classic/harmonics-2004-06-14_mod.txt,191923,-11.5500,133.4333,,,,7.78,0.041,1,gleich
1622,G,"North Goulburn Island, Northern Territory, Australia",harmonics/utide/harmonics_utide_tidetables.txt,64073,-11.5000,133.3833,,,,7.78,0.041,1,gleich
1623,N,"North Harbour, Newfoundland, Canada",harmonics/classic/harmonics-2004-06-14_mod.txt,192113,47.8463,-54.0967,,47.8500,-54.1000,0.00,0.000,,gleich
1623,N,"North Harbour, Newfoundland, Canada",harmonics/utide/harmonics_utide_tidetables.txt,175527,47.8463,-54.0967,,,,0.00,0.000,,gleich
1624,N,"North Kopak Island, Nunavut, Canada",harmonics/classic/harmonics-2004-06-14_mod.txt,192686,60.0036,-77.7333,,60.0000,-77.7500,0.00,0.000,,gleich
1624,N,"North Kopak Island, Nunavut, Canada",harmonics/utide/harmonics_utide_tidetables.txt,280174,60.0036,-77.7333,,,,0.00,0.000,,gleich
1625,N,"North Sydney, Nova Scotia, Canada",harmonics/ticon/harmonics_ticon4_worldwide.txt,132547,46.2090,-60.2453,,46.2200,-60.2500,0.00,0.013,,gleich
1625,N,"North Sydney, Nova Scotia, Canada",harmonics/utide/harmonics_utide_observations.txt,46691,46.2090,-60.2453,,,,0.00,0.013,,gleich
1625,N,"North Sydney, Nova Scotia, Canada",harmonics/utide/harmonics_utide_tidetables.txt,216728,46.2090,-60.2453,,,,0.00,0.013,,gleich
1626,N,"Northumberland Sound, Nunavut, Canada",harmonics/classic/harmonics-2004-06-14_mod.txt,194027,76.8667,-96.7000,,,,0.00,0.000,,gleich
1626,N,"Northumberland Sound, Nunavut, Canada",harmonics/utide/harmonics_utide_tidetables.txt,250777,76.8667,-96.7000,,,,0.00,0.000,,gleich
1627,N,"Northwest Bay, British Columbia, Canada",harmonics/classic/harmonics-2004-06-14_mod.txt,194217,49.3030,-124.2020,,49.3000,-124.2000,0.00,0.000,,gleich
1627,N,"Northwest Bay, British Columbia, Canada",harmonics/utide/harmonics_utide_tidetables.txt,112506,49.3030,-124.2020,,,,0.00,0.000,,gleich
1628,N,"Nosy Maroantaly, Madagascar",harmonics/att/harmonics_att_np203_secondary.txt,27449,-18.4167,43.9333,,,,0.00,0.079,,gleich
1628,N,"Nosy Maroantaly, Madagascar",harmonics/noaa/harmonics_noaa_cptt.txt,288738,-18.4167,43.9333,1,,,0.00,0.079,,gleich
1629,N,"Noto, Ishikawa, Japan",harmonics/ticon/harmonics_ticon4_worldwide.txt,133147,37.5008,137.1553,,,,0.00,0.002,,gleich
1629,N,"Noto, Ishikawa, Japan",harmonics/utide/harmonics_utide_observations.txt,122501,37.5008,137.1553,,,,0.00,0.002,,gleich
1630,H,"Notsu Misaki, Russia",harmonics/att/harmonics_att_np204_secondary.txt,21706,48.1500,142.1667,,,,1.86,0.163,,aehnlich
1630,H,"Yatsu Misaki, Russia",harmonics/noaa/harmonics_noaa_cptt.txt,33780,48.1333,142.1667,1,,,1.86,0.163,,aehnlich
1631,N,"Nouadhibou, Mauritania",harmonics/classic/harmonics-1997-05-25_mod.txt,25238,20.9047,-17.0425,,20.9167,-17.0333,0.00,0.065,,gleich
1631,N,"Nouadhibou, Mauritania",harmonics/noaa/harmonics_noaa_eutt.txt,34364,20.9047,-17.0425,1,,,0.00,0.065,,gleich
1631,N,"Nouadhibou, Mauritania",harmonics/utide/harmonics_utide_tidetables.txt,354299,20.9047,-17.0425,,,,0.00,0.065,,gleich
1632,N,"Nouakchott, Mauritania",harmonics/ticon/harmonics_ticon4_worldwide.txt,133345,17.9902,-16.0373,,18.1000,-15.9500,0.00,0.001,,gleich
1632,N,"Nouakchott, Mauritania",harmonics/utide/harmonics_utide_observations.txt,201390,17.9902,-16.0373,,,,0.00,0.001,,gleich
1633,HN,"Noumea, New Caledonia",harmonics/noaa/harmonics_noaa_cptt.txt,235513,-22.2667,166.4500,1,,,3.18,0.136,1,verschieden
1633,HN,"Nouméa, New Caledonia",harmonics/ticon/harmonics_ticon4_worldwide.txt,40326,-22.2915,166.4367,,,,3.18,0.136,1,verschieden
1633,HN,"Nouméa - Chaleix, New Caledonia",harmonics/utide/harmonics_utide_tidetables.txt,598880,-22.2917,166.4350,,,,3.18,0.136,1,verschieden
1634,G,"Nuevitas, Cuba",harmonics/att/harmonics_att_np202_secondary.txt,91824,21.5667,-77.2333,,,,2.53,0.047,,gleich
1634,G,"Nuevitas (Bahía de Nuevitas), Cuba",harmonics/noaa/harmonics_noaa_carib.txt,19406,21.5833,-77.2500,,,,2.53,0.047,,gleich
1635,N,"Nugget Point, Otago, New Zealand",harmonics/noaa/harmonics_noaa_cptt.txt,225747,-46.4333,169.8000,1,,,0.44,0.087,,gleich
1635,N,"Nugget Point, New Zealand",harmonics/utide/harmonics_utide_tidetables.txt,560047,-46.4371,169.8018,,,,0.44,0.087,,gleich
1636,N,"Nuku'alofa, Tonga",harmonics/classic/harmonics-1997-05-25_mod.txt,25366,-21.1303,-175.1967,,-21.1333,-175.2167,0.48,0.094,,gleich
1636,N,"Nukualofa, Tonga",harmonics/noaa/harmonics_noaa_cptt.txt,223400,-21.1333,-175.2000,1,,,0.48,0.094,,gleich
1636,N,"Nuku'alofa, Tonga",harmonics/ticon/harmonics_ticon4_worldwide.txt,133747,-21.1303,-175.1967,,-21.1330,-175.1670,0.48,0.094,,gleich
1637,N,"Nurse Channel, Bahamas",harmonics/classic/harmonics-2004-06-14_mod.txt,195757,22.5167,-75.8500,,,,0.00,0.062,,gleich
1637,N,"Nurse Channel, Bahamas",harmonics/noaa/harmonics_noaa_carib.txt,18067,22.5167,-75.8500,,,,0.00,0.062,,gleich
1638,GN,"Nuuk, Greenland",harmonics/classic/harmonics-2004-06-14_mod.txt,88205,64.1720,-51.7200,,64.1833,-51.7500,0.87,0.045,,verschieden
1638,GN,"Godthaab, Greenland",harmonics/noaa/harmonics_noaa_amtt.txt,60388,64.1667,-51.7333,1,,,0.87,0.045,,verschieden
1638,GN,"Nuuk, Greenland",harmonics/ticon/harmonics_ticon4_worldwide.txt,133950,64.1720,-51.7200,,,,0.87,0.045,,verschieden
1639,N,"Ny-Ålesund, Spitsbergen, Norway",harmonics/ticon/harmonics_ticon4_worldwide.txt,134155,78.9380,11.9380,,,,1.06,0.002,,gleich
1639,N,"Ny-Ålesund, Norway",harmonics/utide/harmonics_utide_observations.txt,172717,78.9285,11.9380,,,,1.06,0.002,,gleich
1640,N,"Oak Point, New Brunswick, Canada",harmonics/classic/harmonics-2004-06-14_mod.txt,197493,47.1164,-65.2670,,47.1167,-65.2667,1.91,0.077,,verschieden
1640,N,"Robichaud Spit, New Brunswick, Canada",harmonics/classic/harmonics-2004-06-14_mod.txt,236402,47.1297,-65.2510,,47.1167,-65.2500,1.91,0.077,,verschieden
1640,N,"Robichaud Spit, New Brunswick, Canada",harmonics/utide/harmonics_utide_tidetables.txt,167412,47.1297,-65.2510,,,,1.91,0.077,,verschieden
1640,N,"Oak Point, New Brunswick, Canada",harmonics/utide/harmonics_utide_tidetables.txt,167606,47.1164,-65.2670,,,,1.91,0.077,,verschieden
1641,HN,"Oamaru, New Zealand",harmonics/classic/harmonics-1997-05-25_mod.txt,25489,-45.1056,170.9750,,-45.1000,170.9667,0.90,0.102,,gleich
1641,HN,"Oamaru, Canterbury, New Zealand",harmonics/noaa/harmonics_noaa_cptt.txt,225162,-45.1000,170.9667,1,,,0.90,0.102,,gleich
1641,HN,"Oamaru, New Zealand",harmonics/utide/harmonics_utide_tidetables.txt,566556,-45.1056,170.9750,,,,0.90,0.102,,gleich
1642,N,"Oban, Scotland, United Kingdom",harmonics/utide/harmonics_utide_observations.txt,220748,56.4116,-5.4807,,,,0.00,0.034,,gleich
1642,N,"Oban, Scotland, United Kingdom",harmonics/utide/harmonics_utide_tidetables.txt,485708,56.4116,-5.4807,,,,0.00,0.034,,gleich
1643,N,"Obatake, Yamaguchi, Japan",harmonics/classic/harmonics-2004-06-14_mod.txt,197879,33.9618,132.1767,,33.9500,132.1670,1.60,0.073,,aehnlich
1643,N,"Obatake Seto, Yamaguchi, Japan",harmonics/noaa/harmonics_noaa_cptt.txt,64676,33.9500,132.1667,1,,,1.60,0.073,,aehnlich
1644,G,"Ocean Springs, Mississippi",harmonics/classic/harmonics-dwf-20251228-free.txt,147772,30.3917,-88.7983,,,,4.26,0.055,1,gleich
1644,G,"Ocean Springs, Old Fort Bayou, Mississippi",harmonics/classic/harmonics-dwf-20251228-free.txt,148163,30.4200,-88.8283,,,,4.26,0.055,1,gleich
1645,N,"Ochiishi, Hokkaido, Japan",harmonics/classic/harmonics-2004-06-14_mod.txt,207703,43.1837,145.5143,,43.1833,145.5170,1.90,0.060,,aehnlich
1645,N,"Ochiishi Wan, Hokkaido, Japan",harmonics/noaa/harmonics_noaa_cptt.txt,45499,43.1667,145.5167,1,,,1.90,0.060,,aehnlich
1646,N,"Ochong Do, South Korea",harmonics/classic/harmonics-1997-05-25_mod.txt,25733,36.1167,125.9833,,,,0.00,0.052,,gleich
1646,N,"Ochongdo, South Korea",harmonics/noaa/harmonics_noaa_cptt.txt,89322,36.1167,125.9833,1,,,0.00,0.052,,gleich
1647,N,"Odawara, Kanagawa, Japan",harmonics/ticon/harmonics_ticon4_worldwide.txt,134550,35.2381,139.1481,,,,0.00,0.003,,gleich
1647,N,"Odawara, Kanagawa, Japan",harmonics/utide/harmonics_utide_observations.txt,122889,35.2381,139.1481,,,,0.00,0.003,,gleich
1648,H,"Odomari (Senzaki), Yamaguchi, Japan",harmonics/classic/harmonics-2004-06-14_mod.txt,199033,34.4009,131.1963,,34.4000,131.1830,0.35,0.158,,verschieden
1648,H,"Senzaki Ko, Yamaguchi, Japan",harmonics/noaa/harmonics_noaa_cptt.txt,68992,34.4000,131.2000,1,,,0.35,0.158,,verschieden
1649,N,"Odomari Wan, Kagoshima, Japan",harmonics/noaa/harmonics_noaa_cptt.txt,70383,31.0167,130.6833,1,,,0.95,0.039,,aehnlich
1649,N,"Odomari, Kagoshima, Japan",harmonics/ticon/harmonics_ticon4_worldwide.txt,134750,31.0236,130.6892,,,,0.95,0.039,,aehnlich
1649,N,"Odomari, Kagoshima, Japan",harmonics/utide/harmonics_utide_observations.txt,123085,31.0236,130.6892,,,,0.95,0.039,,aehnlich
1650,H,"Off Chengkou, Hebei, China",harmonics/noaa/harmonics_noaa_cptt.txt,104019,38.4500,118.4333,1,,,0.00,0.127,,verschieden
1650,H,"Chengkouwaihai, Hebei, China",harmonics/utide/harmonics_utide_tidetables.txt,648345,38.4500,118.4333,,,,0.00,0.127,,verschieden
1651,N,"Off Jobs Neck Pond, Martha's Vineyard, Massachusetts",harmonics/classic/harmonics-2004-06-14_mod.txt,199417,41.3500,-70.5833,,,,2.71,0.096,,verschieden
1651,N,"Martha's Vineyard GPS buoy, Martha's Vineyard, Massachusetts",harmonics/classic/harmonics-dwf-20251228-free.txt,35354,41.3262,-70.5903,,,,2.71,0.096,,verschieden
1652,N,"Ofunato, Iwate, Japan",harmonics/ticon/harmonics_ticon4_worldwide.txt,134948,39.0197,141.7533,,39.0670,141.7170,0.00,0.002,,gleich
1652,N,"Ofunato, Iwate, Japan",harmonics/utide/harmonics_utide_observations.txt,123279,39.0197,141.7533,,,,0.00,0.002,,gleich
1653,N,"Oga, Akita, Japan",harmonics/ticon/harmonics_ticon4_worldwide.txt,135150,39.9445,139.7050,,39.9422,139.7033,0.00,0.008,,gleich
1653,N,"Oga, Akita, Japan",harmonics/utide/harmonics_utide_observations.txt,123477,39.9445,139.7050,,,,0.00,0.008,,gleich
1654,N,"Ogi (Sado), Niigata, Japan",harmonics/ticon/harmonics_ticon4_worldwide.txt,135352,37.8147,138.2811,,37.8147,138.2811,0.00,0.006,,gleich
1654,N,"Ogi (Sado), Niigata, Japan",harmonics/utide/harmonics_utide_observations.txt,123675,37.8147,138.2811,,,,0.00,0.006,,gleich
1655,H,"Ogidigbe (Escravos River mouth), Nigeria",harmonics/att/harmonics_att_np208_secondary.txt,37711,5.5685,5.1804,,,,0.00,0.790,1,gleich
1655,H,"Ogidigbe (Escravos River mouth), Nigeria",harmonics/noaa/harmonics_noaa_eutt.txt,26523,5.5685,5.1804,1,,,0.00,0.790,1,gleich
1656,N,"Oginohama, Miyagi, Japan",harmonics/classic/harmonics-2004-06-14_mod.txt,199995,38.3749,141.4454,,38.3667,141.4500,1.41,0.022,,gleich
1656,N,"Oginohama Ko, Miyagi, Japan",harmonics/noaa/harmonics_noaa_cptt.txt,50219,38.3833,141.4333,1,,,1.41,0.022,,gleich
1657,H,"Ogusi Wan, Nagasaki, Japan",harmonics/classic/harmonics-2004-06-14_mod.txt,200188,33.0667,129.8170,,,,0.03,0.104,,aehnlich
1657,H,"Kogushi Wan, Omura Wan, Nagasaki, Japan",harmonics/noaa/harmonics_noaa_cptt.txt,73109,33.0667,129.8167,1,,,0.03,0.104,,aehnlich
1658,H,"Ohata, Aomori, Japan",harmonics/classic/harmonics-2004-06-14_mod.txt,200381,41.4108,141.1679,,41.4167,141.1670,0.00,0.126,,gleich
1658,H,"Ohata, Aomori, Japan",harmonics/noaa/harmonics_noaa_cptt.txt,48842,41.4108,141.1679,1,,,0.00,0.126,,gleich
1659,H,"Ohiwa, Gisborne, New Zealand",harmonics/noaa/harmonics_noaa_cptt.txt,234924,-37.9833,177.1167,1,,,0.74,0.210,,verschieden
1659,H,"Port Ohope Wharf, New Zealand",harmonics/utide/harmonics_utide_tidetables.txt,596706,-37.9840,177.1083,,,,0.74,0.210,,verschieden
1660,N,"Oita-Tsurusaki, Oita, Japan",harmonics/ticon/harmonics_ticon4_worldwide.txt,135550,33.2661,131.6867,,,,0.00,0.001,,gleich
1660,N,"Oita-Tsurusaki, Oita, Japan",harmonics/utide/harmonics_utide_observations.txt,124063,33.2661,131.6867,,,,0.00,0.001,,gleich
1661,N,"Okarito, Canterbury, New Zealand",harmonics/noaa/harmonics_noaa_cptt.txt,227501,-43.2167,170.1833,1,,,1.26,0.095,,gleich
1661,N,"Okarito, New Zealand",harmonics/utide/harmonics_utide_tidetables.txt,589418,-43.2211,170.1690,,,,1.26,0.095,,gleich
1662,N,"Okata (Oshima), Tokyo, Japan",harmonics/ticon/harmonics_ticon4_worldwide.txt,135750,34.7895,139.3914,,,,0.01,0.003,,gleich
1662,N,"Okata (Oshima), Tokyo, Japan",harmonics/utide/harmonics_utide_observations.txt,124259,34.7895,139.3914,,,,0.01,0.003,,gleich
1663,N,"Okha, Gujarat, India",harmonics/att/harmonics_att_np203.txt,25343,22.4688,69.0798,,22.4700,69.0800,0.00,0.044,,gleich
1663,N,"Okha, Gujarat, India",harmonics/noaa/harmonics_noaa_cptt.txt,273072,22.4688,69.0798,1,,,0.00,0.044,,gleich
1663,N,"Okha, Gujarat, India",harmonics/utide/harmonics_utide_tidetables.txt,288321,22.4688,69.0798,,,,0.00,0.044,,gleich
1664,N,"Okikamuro-jima, Yamaguchi, Japan",harmonics/classic/harmonics-2004-06-14_mod.txt,201539,33.8526,132.3666,,33.8500,132.3670,0.29,0.075,,aehnlich
1664,N,"Okikamuro Shima, Yamaguchi, Japan",harmonics/noaa/harmonics_noaa_cptt.txt,64871,33.8500,132.3667,1,,,0.29,0.075,,aehnlich
1665,N,"Okimicho Mino (Etajima), Hiroshima, Japan",harmonics/classic/harmonics-2004-06-14_mod.txt,171327,34.2518,132.3806,,34.2500,132.3830,0.32,0.090,,verschieden
1665,N,"Nasami Seto, Hiroshima, Japan",harmonics/noaa/harmonics_noaa_cptt.txt,63506,34.2500,132.3833,1,,,0.32,0.090,,verschieden
1666,N,"Okinoshima (Dogo), Shimane, Japan",harmonics/ticon/harmonics_ticon4_worldwide.txt,168680,36.2014,133.3311,,,,0.00,0.008,,gleich
1666,N,"Okinoshima (Dogo), Shimane, Japan",harmonics/utide/harmonics_utide_observations.txt,128751,36.2014,133.3311,,,,0.00,0.008,,gleich
1667,H,"Okinoshima, Wakayama, Japan",harmonics/classic/harmonics-2004-06-14_mod.txt,201732,34.2839,135.0088,,34.2833,135.0170,0.81,0.121,,verschieden
1667,H,"Tomoga Shima, Tomogashima Suido, Wakayama, Japan",harmonics/noaa/harmonics_noaa_cptt.txt,58252,34.2833,135.0000,1,,,0.81,0.121,,verschieden
1668,N,"Okiwi Bay, New Zealand",harmonics/utide/harmonics_utide_tidetables.txt,591190,-41.1014,173.6599,,,,1.48,0.000,,verschieden
1668,N,"Kotiro Point, New Zealand",harmonics/utide/harmonics_utide_tidetables.txt,592372,-41.0907,173.6493,,,,1.48,0.000,,verschieden
1669,L,"Okukari Bay, New Zealand",harmonics/classic/harmonics-2004-06-14_mod.txt,202309,-41.2016,174.3113,,-41.2000,174.3167,0.00,0.139,,gleich
1669,L,"Okukari Bay, New Zealand",harmonics/utide/harmonics_utide_tidetables.txt,590993,-41.2016,174.3113,,,,0.00,0.139,,gleich
1670,N,"Okushiri, Hokkaido, Japan",harmonics/ticon/harmonics_ticon4_worldwide.txt,136352,42.1742,139.5181,,,,0.00,0.005,,gleich
1670,N,"Okushiri, Hokkaido, Japan",harmonics/utide/harmonics_utide_observations.txt,124849,42.1742,139.5181,,,,0.00,0.005,,gleich
1671,N,"Okuti Wan (Mikame-cho), Ehime, Japan",harmonics/classic/harmonics-2004-06-14_mod.txt,202502,33.3377,132.3880,,33.3333,132.3830,0.66,0.091,,aehnlich
1671,N,"Okuchi Wan, Ehime, Japan",harmonics/noaa/harmonics_noaa_cptt.txt,66240,33.3333,132.3833,1,,,0.66,0.091,,aehnlich
1672,N,"Olongapo, Philippines",harmonics/att/harmonics_att_np203_scs.txt,73084,14.8167,120.2833,,,,0.00,0.041,,gleich
1672,N,"Olongapo, Subic Bay, Bataan, Philippines",harmonics/noaa/harmonics_noaa_cptt.txt,207534,14.8167,120.2833,1,,,0.00,0.041,,gleich
1673,N,"Omai Saki, Shizuoka, Japan",harmonics/noaa/harmonics_noaa_cptt.txt,53352,34.6000,138.2167,1,,,1.06,0.032,,aehnlich
1673,N,"Omaezaki, Shizuoka, Japan",harmonics/ticon/harmonics_ticon4_worldwide.txt,136550,34.6083,138.2222,,,,1.06,0.032,,aehnlich
1673,N,"Omaezaki, Shizuoka, Japan",harmonics/utide/harmonics_utide_observations.txt,125043,34.6083,138.2222,,,,1.06,0.032,,aehnlich
1674,N,"Omaia Island, New Zealand",harmonics/utide/harmonics_utide_tidetables.txt,536814,-34.9977,173.2662,,,,1.23,0.000,,verschieden
1674,N,"Unahi Jetty, New Zealand",harmonics/utide/harmonics_utide_tidetables.txt,571291,-35.0033,173.2545,,,,1.23,0.000,,verschieden
1674,N,"Ben Gunn Wharf, New Zealand",harmonics/utide/harmonics_utide_tidetables.txt,588236,-35.0063,173.2597,,,,1.23,0.000,,verschieden
1675,G,"Omati, Papua New Guinea",harmonics/classic/harmonics-2004-06-14_mod.txt,202886,-7.4333,143.9667,,,,19.60,0.032,1,gleich
1675,G,"Omati, Papua New Guinea",harmonics/utide/harmonics_utide_tidetables.txt,80324,-7.5500,144.1000,,,,19.60,0.032,1,gleich
1676,N,"Ominato Ko, Mutsu Kaiwan, Aomori, Japan",harmonics/noaa/harmonics_noaa_cptt.txt,48643,41.2500,141.1500,1,,,0.83,0.060,,gleich
1676,N,"Ominato, Aomori, Japan",harmonics/ticon/harmonics_ticon4_worldwide.txt,136750,41.2564,141.1450,,,,0.83,0.060,,gleich
1676,N,"Ominato, Aomori, Japan",harmonics/utide/harmonics_utide_observations.txt,125239,41.2564,141.1450,,,,0.83,0.060,,gleich
1677,K,"Omodaka, Nagasaki, Japan",harmonics/classic/harmonics-2004-06-14_mod.txt,203079,33.0791,129.6730,,33.0667,129.6670,1.07,0.075,,aehnlich
1677,K,"Omodake, Nagasaki, Japan",harmonics/noaa/harmonics_noaa_cptt.txt,72915,33.0833,129.6833,1,,,1.07,0.075,,aehnlich
1678,N,"Omonville-la-Rogue, France",harmonics/classic/harmonics-pierre-lavergne-v10_mod.txt,6248,49.7067,-1.8359,,,,0.00,0.004,,gleich
1678,N,"Omonville-la-Rogue, France",harmonics/utide/harmonics_utide_tidetables.txt,354494,49.7067,-1.8359,,,,0.00,0.004,,gleich
1679,H,"Omu, Hokkaido, Japan",harmonics/classic/harmonics-2004-06-14_mod.txt,203272,44.5870,142.9643,,44.5833,142.9670,0.45,0.108,,gleich
1679,H,"Omu Ko, Hokkaido, Japan",harmonics/noaa/harmonics_noaa_cptt.txt,47658,44.5833,142.9667,1,,,0.45,0.108,,gleich
1680,H,"Omura, Nagasaki, Japan",harmonics/classic/harmonics-2004-06-14_mod.txt,203465,32.9000,129.9500,,,,0.00,0.114,,gleich
1680,H,"Omura, Omura Wan, Nagasaki, Japan",harmonics/noaa/harmonics_noaa_cptt.txt,73303,32.9000,129.9500,1,,,0.00,0.114,,gleich
1681,N,"Onahama, Fukushima, Japan",harmonics/ticon/harmonics_ticon4_worldwide.txt,136950,36.9375,140.8920,,,,0.00,0.003,,gleich
1681,N,"Onahama, Fukushima, Japan",harmonics/utide/harmonics_utide_observations.txt,125629,36.9375,140.8920,,,,0.00,0.003,,gleich
1682,N,"Ondo-no Seto (Kurahashi-jima), Hiroshima, Japan",harmonics/classic/harmonics-2004-06-14_mod.txt,203851,34.2000,132.5351,,34.2000,132.5330,0.17,0.073,,aehnlich
1682,N,"Ondo Seto, Hiroshima, Japan",harmonics/noaa/harmonics_noaa_cptt.txt,63311,34.2000,132.5333,1,,,0.17,0.073,,aehnlich
1683,N,"Onehunga, New Zealand",harmonics/classic/harmonics-2004-06-14_mod.txt,204044,-36.9328,174.7855,,-36.9333,174.7833,0.00,0.045,,gleich
1683,N,"Onehunga, New Zealand",harmonics/utide/harmonics_utide_tidetables.txt,597884,-36.9328,174.7855,,,,0.00,0.045,,gleich
1684,H,"Onekotan (Bukhta Blakiston), Kuril Islands, Russia",harmonics/classic/harmonics-2004-06-14_mod.txt,32997,49.4833,154.8330,,,,0.02,0.104,,verschieden
1684,H,"Kuroishi Wan, Onekotan To, Russia",harmonics/noaa/harmonics_noaa_cptt.txt,40477,49.4833,154.8333,1,,,0.02,0.104,,verschieden
1685,N,"Onekotan (West coast), Kuril Islands, Russia",harmonics/classic/harmonics-2004-06-14_mod.txt,259666,49.5167,154.7330,,,,0.02,0.084,,verschieden
1685,N,"Shiomi Wan, Onekotan To, Russia",harmonics/noaa/harmonics_noaa_cptt.txt,40668,49.5167,154.7333,1,,,0.02,0.084,,verschieden
1686,N,"Onizaki, Aichi, Japan",harmonics/ticon/harmonics_ticon4_worldwide.txt,137152,34.9036,136.8239,,,,0.00,0.006,,gleich
1686,N,"Onizaki, Aichi, Japan",harmonics/utide/harmonics_utide_observations.txt,125827,34.9036,136.8239,,,,0.00,0.006,,gleich
1687,N,"Onomichi, Hiroshima, Japan",harmonics/classic/harmonics-1997-05-25_mod.txt,25979,34.4030,133.1928,,34.4000,133.1833,0.00,0.001,,gleich
1687,N,"Onomichi, Hiroshima, Japan",harmonics/classic/harmonics-2004-06-14_mod.txt,204623,34.4030,133.1928,,34.4000,133.2000,0.00,0.001,,gleich
1688,GN,"Oostende (Scheepvaarpolitie Kust), Belgium",harmonics/ticon/harmonics_ticon4_worldwide.txt,137762,51.2338,2.9238,,51.2340,2.9270,2.03,0.007,,gleich
1688,GN,"Oostende (Scheepvaarpolitie Kust), Belgium",harmonics/utide/harmonics_utide_observations.txt,30665,51.2338,2.9238,,51.2343,2.9267,2.03,0.007,,gleich
1688,GN,"Oostende (Sas Slijkens Afwaarts), Belgium",harmonics/utide/harmonics_utide_observations.txt,30860,51.2229,2.9471,,,,2.03,0.007,,gleich
1689,N,"Oosterschelde Roompotsluis buiten, Netherlands",harmonics/classic/harmonics-dwf-20100529-nonfree_mod.txt,16609,51.6190,3.6800,,51.6167,3.6667,0.00,0.004,,gleich
1689,N,"Oosterschelde Roompotsluis buiten, Netherlands",harmonics/utide/harmonics_utide_observations.txt,158803,51.6190,3.6800,,,,0.00,0.004,,gleich
1690,G,"Oosterschelde, 11, Netherlands",harmonics/utide/harmonics_utide_observations.txt,158027,51.6433,3.4803,,,,16.02,0.084,1,gleich
1690,G,"Oosterschelde, 14, Netherlands",harmonics/utide/harmonics_utide_observations.txt,158220,51.7201,3.6769,,,,16.02,0.084,1,gleich
1690,G,"Oosterschelde, 4, Netherlands",harmonics/utide/harmonics_utide_observations.txt,158413,51.6551,3.6934,,,,16.02,0.084,1,gleich
1691,N,"Ootu, Ibaraki, Japan",harmonics/classic/harmonics-2004-06-14_mod.txt,204816,36.8287,140.7913,,36.8333,140.8000,2.49,0.079,,verschieden
1691,N,"Hirakata Wan, Ibaraki, Japan",harmonics/noaa/harmonics_noaa_cptt.txt,50611,36.8500,140.8000,1,,,2.49,0.079,,verschieden
1692,N,"Ooyamanohana, Yamaguchi, Japan",harmonics/ticon/harmonics_ticon4_worldwide.txt,140348,33.9133,130.9051,,,,1.10,0.027,,verschieden
1692,N,"Tanokubi, Yamaguchi, Japan",harmonics/ticon/harmonics_ticon4_worldwide.txt,188947,33.9130,130.9170,,,,1.10,0.027,,verschieden
1692,N,"Ooyamanohana, Yamaguchi, Japan",harmonics/utide/harmonics_utide_observations.txt,127192,33.9133,130.9051,,,,1.10,0.027,,verschieden
1692,N,"Tanokubi, Yamaguchi, Japan",harmonics/utide/harmonics_utide_observations.txt,135775,33.9130,130.9170,,,,1.10,0.027,,verschieden
1693,N,"Opobo River Entrance (Sandy Point), Nigeria",harmonics/att/harmonics_att_np208_secondary.txt,40807,4.4810,7.5851,,,,0.00,0.092,,gleich
1693,N,"Opobo River Entrance (Sandy Point), Nigeria",harmonics/noaa/harmonics_noaa_eutt.txt,24522,4.4810,7.5851,1,,,0.00,0.092,,gleich
1694,H,"Opunake Bay, Taranaki, New Zealand",harmonics/noaa/harmonics_noaa_cptt.txt,231202,-39.4667,173.8500,1,,,1.40,0.195,,gleich
1694,H,"Opunake Bay, New Zealand",harmonics/utide/harmonics_utide_tidetables.txt,593554,-39.4738,173.8634,,,,1.40,0.195,,gleich
1695,N,"Orange Bay (Bahía Orange), Cape Horn, Chile",harmonics/classic/harmonics-1997-05-25_mod.txt,26101,-55.5305,-68.0388,,-55.5167,-68.0833,0.00,0.031,,gleich
1695,N,"Orange Bay (Bahía Orange), Cape Horn, Chile",harmonics/utide/harmonics_utide_tidetables.txt,669295,-55.5305,-68.0388,,-55.5167,-68.0833,0.00,0.031,,gleich
1696,G,"Orford Ness, England, United Kingdom",harmonics/noaa/harmonics_noaa_eutt.txt,59363,52.0833,1.5833,1,,,0.00,0.092,,gleich
1696,G,"Orford Ness, England, United Kingdom",harmonics/utide/harmonics_utide_tidetables.txt,486094,52.0833,1.5833,,,,0.00,0.092,,gleich
1697,N,"Ormara, Pakistan",harmonics/att/harmonics_att_np203_secondary.txt,105136,25.2036,64.6764,,25.1833,64.6833,0.01,0.074,,gleich
1697,N,"Ormara, Pakistan",harmonics/utide/harmonics_utide_tidetables.txt,686253,25.2037,64.6764,,,,0.01,0.074,,gleich
1698,N,"Ortega River Entrance, Florida (3)",harmonics/classic/harmonics-2004-06-14_mod.txt,205391,30.2783,-81.7050,,,,0.00,0.057,,gleich
1698,N,"Ortega River Entrance, Florida (4)",harmonics/classic/harmonics-2004-06-14_mod.txt,205581,30.2783,-81.7050,,,,0.00,0.057,,gleich
1699,N,"Osaka, Osaka, Japan",harmonics/ticon/harmonics_ticon4_worldwide.txt,138556,34.6581,135.4328,,34.6581,135.4328,0.00,0.004,,gleich
1699,N,"Osaka, Osaka, Japan",harmonics/utide/harmonics_utide_observations.txt,126219,34.6581,135.4328,,,,0.00,0.004,,gleich
1700,HN,"Oscarsborg, Norway",harmonics/noaa/harmonics_noaa_eutt.txt,87989,59.6780,10.6049,1,,,0.01,0.163,,gleich
1700,HN,"Oscarsborg, Norway",harmonics/ticon/harmonics_ticon4_worldwide.txt,138757,59.6781,10.6049,,,,0.01,0.163,,gleich
1700,HN,"Oscarsborg, Norway",harmonics/utide/harmonics_utide_observations.txt,172915,59.6781,10.6049,,,,0.01,0.163,,gleich
1701,N,"Osea Island (Blackwater River), England, United Kingdom",harmonics/noaa/harmonics_noaa_eutt.txt,59759,51.7167,0.7667,1,,,0.00,0.047,,gleich
1701,N,"Osea Island (Blackwater River), England, United Kingdom",harmonics/utide/harmonics_utide_tidetables.txt,486673,51.7167,0.7667,,,,0.00,0.047,,gleich
1702,H,"Oshika (Tsushima), Nagasaki, Japan",harmonics/classic/harmonics-2004-06-14_mod.txt,206160,34.5136,129.4393,,34.5167,129.4500,0.65,0.114,,gleich
1702,H,"Oshika, Nagasaki, Japan",harmonics/noaa/harmonics_noaa_cptt.txt,76620,34.5167,129.4333,1,,,0.65,0.114,,gleich
1703,N,"Oshima, Nagasaki, Japan",harmonics/classic/harmonics-2004-06-14_mod.txt,157866,33.0334,129.6176,,33.0333,129.6170,1.46,0.081,,verschieden
1703,N,"Terashima Suido, Nagasaki, Japan",harmonics/noaa/harmonics_noaa_cptt.txt,72721,33.0333,129.6333,1,,,1.46,0.081,,verschieden
1704,N,"Oshoro, Hokkaido, Japan",harmonics/ticon/harmonics_ticon4_worldwide.txt,138955,43.2094,140.8583,,,,0.01,0.008,,gleich
1704,N,"Oshoro, Hokkaido, Japan",harmonics/utide/harmonics_utide_observations.txt,126414,43.2094,140.8583,,,,0.01,0.008,,gleich
1705,HN,"Oslo, Norway",harmonics/noaa/harmonics_noaa_eutt.txt,88185,59.9085,10.7345,1,,,0.01,0.152,,gleich
1705,HN,"Oslo, Norway",harmonics/ticon/harmonics_ticon4_worldwide.txt,139158,59.9086,10.7345,,,,0.01,0.152,,gleich
1705,HN,"Oslo, Norway",harmonics/utide/harmonics_utide_observations.txt,173115,59.9086,10.7345,,,,0.01,0.152,,gleich
1706,L,"Osterriff (Elbe), Germany",harmonics/ticon/harmonics_ticon4_worldwide.txt,139356,53.8564,9.0316,,53.8580,9.0327,0.00,0.103,,gleich
1706,L,"Osterriff (Elbe), Germany",harmonics/utide/harmonics_utide_observations.txt,81385,53.8564,9.0316,,,,0.00,0.103,,gleich
1707,N,"Ostrov Anzerskiy, Russia",harmonics/att/harmonics_att_np202_secondary.txt,37668,65.1333,36.2000,,,,0.00,0.052,,verschieden
1707,N,"Anzerski Island, Russia",harmonics/noaa/harmonics_noaa_eutt.txt,106733,65.1333,36.2000,1,,,0.00,0.052,,verschieden
1708,H,"Ostrov Atlasov, Kuril Islands, Russia",harmonics/classic/harmonics-2004-06-14_mod.txt,206738,50.8443,155.6709,,50.8333,155.6500,1.91,0.118,,verschieden
1708,H,"Araido To, Russia",harmonics/noaa/harmonics_noaa_cptt.txt,39323,50.8333,155.6500,1,,,1.91,0.118,,verschieden
1709,N,"Ostrov Berezhnoy Borshovets, Russia",harmonics/att/harmonics_att_np202_secondary.txt,36892,64.3500,36.1167,,,,0.00,0.064,,verschieden
1709,N,"Berejnoi Island, Russia",harmonics/noaa/harmonics_noaa_eutt.txt,103365,64.3500,36.1167,1,,,0.00,0.064,,verschieden
1710,N,"Ostrov Charimkotan, Kuril Islands, Russia",harmonics/classic/harmonics-2004-06-14_mod.txt,206931,49.1667,154.4830,,,,0.02,0.063,,aehnlich
1710,N,"Kharimkotan, Russia",harmonics/noaa/harmonics_noaa_cptt.txt,40859,49.1667,154.4833,1,,,0.02,0.063,,aehnlich
1711,N,"Ostrov Dolgiy, Russia",harmonics/att/harmonics_att_np202_secondary.txt,30296,69.2000,59.1667,,,,0.00,0.066,,verschieden
1711,N,"Dolgoi Island, Russia",harmonics/noaa/harmonics_noaa_eutt.txt,115246,69.2000,59.1667,1,,,0.00,0.066,,verschieden
1712,H,"Ostrov Domashniy, Severnaya Zemlya, Russia",harmonics/att/harmonics_att_np202.txt,15580,79.5000,91.1333,,,,0.00,0.278,1,verschieden
1712,H,"Domashnii I., Severnaya Zemlya, Russia",harmonics/noaa/harmonics_noaa_cptt.txt,15009,79.5000,91.1333,1,,,0.00,0.278,1,verschieden
1713,H,"Ostrov Kiy, Russia",harmonics/att/harmonics_att_np202_secondary.txt,36116,64.0000,37.9000,,,,1.86,0.163,,verschieden
1713,H,"Kii Island, Onega Bay, Russia",harmonics/noaa/harmonics_noaa_eutt.txt,105147,63.9833,37.9000,1,,,1.86,0.163,,verschieden
1714,K,"Ostrov Konev, Russia",harmonics/att/harmonics_att_np202_secondary.txt,37474,64.8000,34.9500,,,,3.01,0.036,1,verschieden
1714,K,"Lukovatyy Island, Russia",harmonics/noaa/harmonics_noaa_eutt.txt,102177,64.8167,35.0000,1,,,3.01,0.036,1,verschieden
1715,H,"Ostrov Kotelny, Russia",harmonics/att/harmonics_att_np202.txt,15772,75.3667,137.1667,,,,0.00,0.178,,verschieden
1715,H,"Nerpalakh Lagoon, Kotel'nyy Island, Russia",harmonics/noaa/harmonics_noaa_cptt.txt,19760,75.3667,137.1667,1,,,0.00,0.178,,verschieden
1716,N,"Ostrov Mal Korepalka, Russia",harmonics/att/harmonics_att_np202_secondary.txt,36698,64.0167,36.5833,,,,0.00,0.042,,aehnlich
1716,N,"Malaya Korepalka, Russia",harmonics/noaa/harmonics_noaa_eutt.txt,104157,64.0167,36.5833,1,,,0.00,0.042,,aehnlich
1717,N,"Ostrov Mamya, Kuril Islands, Russia",harmonics/classic/harmonics-1997-05-25_mod.txt,26223,48.0841,153.2669,,48.0833,153.2667,0.09,0.032,,gleich
1717,N,"Ostrov Mamya, Kuril Islands, Russia",harmonics/classic/harmonics-2004-06-14_mod.txt,207124,48.0841,153.2669,,48.0833,153.2670,0.09,0.032,,gleich
1717,N,"Ostrov Mamya (Matua), Kuril Islands, Russia",harmonics/utide/harmonics_utide_tidetables.txt,675323,48.0833,153.2667,,,,0.09,0.032,,gleich
1718,N,"Ostrov Molchanov, Russia",harmonics/att/harmonics_att_np202_secondary.txt,37280,64.5000,35.0333,,,,0.00,0.067,,aehnlich
1718,N,"Molchanov Island, Russia",harmonics/noaa/harmonics_noaa_eutt.txt,102771,64.5000,35.0333,1,,,0.00,0.067,,aehnlich
1719,H,"Ostrov Monneron, Russia",harmonics/att/harmonics_att_np204_secondary.txt,22090,46.2500,141.2667,,,,0.00,0.476,1,verschieden
1719,H,"Kaiba To (Todo Shima), Russia",harmonics/noaa/harmonics_noaa_cptt.txt,33003,46.2500,141.2667,1,,,0.00,0.476,1,verschieden
1720,K,"Ostrov Morzhovets, Russia",harmonics/att/harmonics_att_np202_secondary.txt,32818,66.7333,42.4500,,,,2.36,0.056,,verschieden
1720,K,"Morzhovetz Island, Russia",harmonics/noaa/harmonics_noaa_eutt.txt,110899,66.7500,42.4167,1,,,2.36,0.056,,verschieden
1721,N,"Ostrov Paskanets, Russia",harmonics/att/harmonics_att_np202_secondary.txt,36504,63.8833,37.2833,,,,0.82,0.088,,verschieden
1721,N,"Paskanets Islet, Russia",harmonics/noaa/harmonics_noaa_eutt.txt,104751,63.8833,37.3000,1,,,0.82,0.088,,verschieden
1722,H,"Ostrov Sokoliy, Russia",harmonics/att/harmonics_att_np202_secondary.txt,29908,69.8333,60.7333,,,,1.95,0.103,,verschieden
1722,H,"Sokoli Island, Russia",harmonics/noaa/harmonics_noaa_eutt.txt,120191,69.8167,60.7500,1,,,1.95,0.103,,verschieden
1723,N,"Ostrov Solovetskiy (Solovetskiy), Russia",harmonics/att/harmonics_att_np202_secondary.txt,37862,65.0167,35.7000,,,,0.00,0.026,,verschieden
1723,N,"Solovets Roads, Solovetski Island, Russia",harmonics/noaa/harmonics_noaa_eutt.txt,106335,65.0167,35.7000,1,,,0.00,0.026,,verschieden
1724,N,"Ostrov Sosnovets, Russia",harmonics/att/harmonics_att_np202_secondary.txt,39996,66.5000,40.6833,,,,1.86,0.070,,aehnlich
1724,N,"Sosnovets Island, Russia",harmonics/noaa/harmonics_noaa_eutt.txt,98879,66.4833,40.6833,1,,,1.86,0.070,,aehnlich
1725,K,"Ostrov Sredniy Guba Keret, Russia",harmonics/att/harmonics_att_np202_secondary.txt,39026,66.3000,33.6500,,,,2.23,0.069,,verschieden
1725,K,"Sredni Anchorage, Keret Bay, Russia",harmonics/noaa/harmonics_noaa_eutt.txt,100819,66.3000,33.6000,1,,,2.23,0.069,,verschieden
1726,N,"Ostrov Sumostrov, Russia",harmonics/att/harmonics_att_np202_secondary.txt,37086,64.3833,35.2333,,,,0.00,0.049,,verschieden
1726,N,"Sum Island, Russia",harmonics/noaa/harmonics_noaa_eutt.txt,102969,64.3833,35.2333,1,,,0.00,0.049,,verschieden
1727,N,"Ostrov Tyuleniy, Russia",harmonics/att/harmonics_att_np204_secondary.txt,23818,48.5000,144.6167,,,,1.22,0.042,,aehnlich
1727,N,"Tyuleniy, Russia",harmonics/noaa/harmonics_noaa_cptt.txt,29722,48.5000,144.6333,1,,,1.22,0.042,,aehnlich
1728,N,"Ostrov Ushishir, Kuril Islands, Russia",harmonics/classic/harmonics-2004-06-14_mod.txt,207317,47.5333,152.8170,,,,0.02,0.059,,verschieden
1728,N,"Ushishiro To, Russia",harmonics/noaa/harmonics_noaa_cptt.txt,41436,47.5333,152.8167,1,,,0.02,0.059,,verschieden
1729,N,"Ostrov Varanduyey, Russia",harmonics/att/harmonics_att_np202_secondary.txt,30490,68.8167,58.0000,,,,0.00,0.066,,verschieden
1729,N,"Varandei Island, Russia",harmonics/noaa/harmonics_noaa_eutt.txt,115048,68.8167,58.0000,1,,,0.00,0.066,,verschieden
1730,N,"Ostrov Velikiy, Russia",harmonics/att/harmonics_att_np202_secondary.txt,40190,67.1000,41.3833,,,,0.00,0.062,,verschieden
1730,N,"Three Islands, Russia",harmonics/noaa/harmonics_noaa_eutt.txt,98685,67.1000,41.3833,1,,,0.00,0.062,,verschieden
1731,N,"Ostrov Yuzhnyy Rombak, Russia",harmonics/att/harmonics_att_np202_secondary.txt,38056,65.0333,35.0333,,,,0.00,0.050,,verschieden
1731,N,"Rombaki Island, Russia",harmonics/noaa/harmonics_noaa_eutt.txt,101789,65.0333,35.0333,1,,,0.00,0.050,,verschieden
1732,H,"Ostrov Zhizhginskiy, Russia",harmonics/att/harmonics_att_np202_secondary.txt,35146,65.2000,36.8167,,,,0.00,0.118,,verschieden
1732,H,"Zhizhgin Island, Russia",harmonics/noaa/harmonics_noaa_eutt.txt,106931,65.2000,36.8167,1,,,0.00,0.118,,verschieden
1733,N,"Otabujima, Okayama, Japan",harmonics/classic/harmonics-2004-06-14_mod.txt,207510,34.6842,134.2993,,34.6833,134.3000,0.12,0.083,,aehnlich
1733,N,"Otabu Shima, Okayama, Japan",harmonics/noaa/harmonics_noaa_cptt.txt,60779,34.6833,134.3000,1,,,0.12,0.083,,aehnlich
1734,G,"Otaru (Otaruchikko), Hokkaido, Japan",harmonics/ticon/harmonics_ticon4_worldwide.txt,139554,43.1833,141.0336,,,,3.47,0.009,1,gleich
1734,G,"Otaru (Ironai), Hokkaido, Japan",harmonics/utide/harmonics_utide_observations.txt,126608,43.2067,141.0053,,,,3.47,0.009,1,gleich
1735,N,"Otawa Wan, Kanagawa, Japan",harmonics/classic/harmonics-2004-06-14_mod.txt,198840,35.2158,139.6229,,35.2167,139.6170,0.57,0.053,,verschieden
1735,N,"Koto Wan, Kanagawa, Japan",harmonics/noaa/harmonics_noaa_cptt.txt,52177,35.2167,139.6167,1,,,0.57,0.053,,verschieden
1736,K,"Otebaramachi (Shimabara), Nagasaki, Japan",harmonics/classic/harmonics-2004-06-14_mod.txt,257540,32.8154,130.3635,,32.8167,130.3670,4.02,0.071,1,verschieden
1736,K,"Shimabara, Shimabara Kaiwan, Nagasaki, Japan",harmonics/noaa/harmonics_noaa_cptt.txt,72333,32.7833,130.3833,1,,,4.02,0.071,1,verschieden
1737,N,"Oudeschild (Texel), Netherlands",harmonics/ticon/harmonics_ticon4_worldwide.txt,139950,53.0388,4.8502,,,,0.00,0.003,,verschieden
1737,N,"Texel, Oudeschild, Netherlands",harmonics/utide/harmonics_utide_observations.txt,163646,53.0388,4.8502,,,,0.00,0.003,,verschieden
1738,N,"Oura (Sekito Seto), Ehime, Japan",harmonics/classic/harmonics-2004-06-14_mod.txt,208471,33.9833,132.6330,,,,0.03,0.073,,verschieden
1738,N,"Mutsuki Seto, Naka Shima, Ehime, Japan",harmonics/noaa/harmonics_noaa_cptt.txt,62921,33.9833,132.6333,1,,,0.03,0.073,,verschieden
1739,N,"Out Skerries (Shetlands), Scotland, United Kingdom",harmonics/classic/harmonics-1997-05-25_mod.txt,26345,60.4227,-0.7517,,60.4167,-0.7500,0.00,0.045,,gleich
1739,N,"Out Skerries (Shetlands), Scotland, United Kingdom",harmonics/utide/harmonics_utide_tidetables.txt,486866,60.4227,-0.7517,,,,0.00,0.045,,gleich
1740,G,"Owls Head, Nova Scotia, Canada",harmonics/classic/harmonics-2004-06-14_mod.txt,208660,44.5833,-63.9167,,,,9.80,0.010,1,gleich
1740,G,"Owls Head, Nova Scotia, Canada",harmonics/utide/harmonics_utide_tidetables.txt,216922,44.5218,-64.0054,,,,9.80,0.010,1,gleich
1741,N,"Oyndarfjørður, Faroe Islands",harmonics/att/harmonics_att_np202_secondary.txt,15200,62.2333,-6.8333,,,,1.73,0.000,,verschieden
1741,N,"Fuglafjørður, Faroe Islands",harmonics/att/harmonics_att_np202_secondary.txt,15394,62.2333,-6.8000,,,,1.73,0.000,,verschieden
1742,N,"Ozamiz, Philippines",harmonics/att/harmonics_att_np203_scs.txt,85120,8.1500,123.8500,,,,0.00,0.092,,verschieden
1742,N,"Misamis, Zamboanga del Sur, Philippines",harmonics/noaa/harmonics_noaa_cptt.txt,174336,8.1500,123.8500,1,,,0.00,0.092,,verschieden
1743,G,"P'i Do, North Korea",harmonics/att/harmonics_att_np204_secondary.txt,32097,38.6667,125.1667,,,,2.34,0.092,,gleich
1743,G,"P'i-do, North Korea",harmonics/noaa/harmonics_noaa_cptt.txt,93656,38.6833,125.1833,1,,,2.34,0.092,,gleich
1744,H,"Paagoumene, New Caledonia",harmonics/noaa/harmonics_noaa_cptt.txt,235913,-20.4833,164.1833,1,,,0.83,0.118,,gleich
1744,H,"Paagoumène, New Caledonia",harmonics/utide/harmonics_utide_tidetables.txt,354884,-20.4836,164.1753,,,,0.83,0.118,,gleich
1745,N,"Padstow (River Camel), England, United Kingdom",harmonics/noaa/harmonics_noaa_eutt.txt,63946,50.5417,-4.9369,1,,,0.00,0.065,,gleich
1745,N,"Padstow (River Camel), England, United Kingdom",harmonics/utide/harmonics_utide_tidetables.txt,487447,50.5417,-4.9369,,,,0.00,0.065,,gleich
1746,N,"Pagadian, Zamboanga del Sur, Philippines",harmonics/noaa/harmonics_noaa_cptt.txt,181089,7.8167,123.4500,1,,,1.21,0.071,,aehnlich
1746,N,"Pagadian City, Zamboanga del Sur, Philippines",harmonics/utide/harmonics_utide_tidetables.txt,319389,7.8181,123.4391,,,,1.21,0.071,,aehnlich
1747,H,"Paimboeuf (Loire), France",harmonics/noaa/harmonics_noaa_eutt.txt,50062,47.2866,-2.0004,1,,,0.00,0.130,,gleich
1747,H,"Paimboeuf (Loire), France",harmonics/utide/harmonics_utide_observations.txt,61642,47.2866,-2.0004,,,,0.00,0.130,,gleich
1748,G,"Paimpol, France",harmonics/classic/harmonics-pierre-lavergne-v10_mod.txt,9793,48.7848,-3.0408,,,,0.00,0.025,,gleich
1748,G,"Paimpol, France",harmonics/utide/harmonics_utide_tidetables.txt,355079,48.7848,-3.0408,,48.7903,-2.9553,0.00,0.025,,gleich
1749,L,"Pak Nam Ranong, Ranong, Thailand",harmonics/att/harmonics_att_np203_scs.txt,29206,9.9480,98.5947,,9.9500,98.6000,0.00,0.147,,gleich
1749,L,"Pak Nam Ranong, Ranong, Thailand",harmonics/utide/harmonics_utide_tidetables.txt,401870,9.9480,98.5947,,,,0.00,0.147,,gleich
1750,G,"Palembang, Indonesia",harmonics/att/harmonics_att_np203_scs.txt,54260,-2.9900,104.7650,,-2.9833,104.7667,5.41,0.066,1,gleich
1750,G,"Palembang, Palembang River, Indonesia",harmonics/noaa/harmonics_noaa_cptt.txt,144838,-2.9833,104.7167,1,,,5.41,0.066,1,gleich
1751,HN,"Palermo, Sicily, Italy",harmonics/att/harmonics_att_np208.txt,27996,38.1214,13.3713,,38.1330,13.3330,0.00,0.159,,gleich
1751,HN,"Palermo, Sicily, Italy",harmonics/noaa/harmonics_noaa_eutt.txt,38662,38.1214,13.3713,1,,,0.00,0.159,,gleich
1751,HN,"Palermo, Italy",harmonics/ticon/harmonics_ticon4_worldwide.txt,140946,38.1214,13.3713,,,,0.00,0.159,,gleich
1752,N,"Palma (Baía de Tungue), Mozambique",harmonics/att/harmonics_att_np203_secondary.txt,24138,-10.8021,40.5574,,,,0.00,0.091,,gleich
1752,N,"Palma (Baía de Tungue), Mozambique",harmonics/noaa/harmonics_noaa_cptt.txt,284037,-10.8021,40.5574,1,,,0.00,0.091,,gleich
1753,N,"Palma de Mallorca, Baleares, Spain",harmonics/classic/harmonics_puertos_spain.txt,19716,39.5602,2.6372,,,,0.03,0.001,,gleich
1753,N,"Palma de Mallorca, Baleares, Spain",harmonics/ticon/harmonics_ticon4_worldwide.txt,141355,39.5603,2.6375,,,,0.03,0.001,,gleich
1754,N,"Palmeira (Sal), Cape Verde",harmonics/ticon/harmonics_ticon4_worldwide.txt,141560,16.7500,-22.9830,,,,0.00,0.014,,gleich
1754,N,"Palmeira (Sal), Cape Verde",harmonics/utide/harmonics_utide_observations.txt,48251,16.7500,-22.9830,,,,0.00,0.014,,gleich
1755,N,"Palompon, Philippines",harmonics/att/harmonics_att_np203_scs.txt,81240,11.0500,124.3833,,,,0.00,0.041,,gleich
1755,N,"Palompon, Biliran, Philippines",harmonics/noaa/harmonics_noaa_cptt.txt,197301,11.0500,124.3833,1,,,0.00,0.041,,gleich
1756,N,"Paluan, Philippines",harmonics/att/harmonics_att_np203_scs.txt,64742,13.4167,120.4667,,,,0.00,0.036,,gleich
1756,N,"Paluan, Occidental Mindoro, Philippines",harmonics/noaa/harmonics_noaa_cptt.txt,206567,13.4167,120.4667,1,,,0.00,0.036,,gleich
1757,N,"Pamban Pass, Tamil Nadu, India",harmonics/att/harmonics_att_np203_secondary.txt,90158,9.2791,79.2054,,9.2667,79.2000,0.02,0.096,,verschieden
1757,N,"Pamban Pass, Tamil Nadu, India",harmonics/classic/harmonics-1997-05-25_mod.txt,26467,9.2792,79.2054,,9.2667,79.2000,0.02,0.096,,verschieden
1757,N,"Pamban Channel, Gulf of Mannar, Tamil Nadu, India",harmonics/noaa/harmonics_noaa_cptt.txt,268784,9.2791,79.2055,1,,,0.02,0.096,,verschieden
1757,N,"Pamban Pass, Tamil Nadu, India",harmonics/utide/harmonics_utide_tidetables.txt,291389,9.2792,79.2054,,,,0.02,0.096,,verschieden
1758,N,"Panama City, St. Andrew Bay, Florida",harmonics/classic/harmonics-dwf-20251228-free.txt,136407,30.1497,-85.6644,,,,0.31,0.039,,verschieden
1758,N,"Courtney Point, St. Andrew Bay, Florida",harmonics/classic/harmonics-dwf-20251228-free.txt,136602,30.1517,-85.6667,,,,0.31,0.039,,verschieden
1759,H,"Pangkalbalam, Indonesia",harmonics/att/harmonics_att_np203_scs.txt,55812,-2.0833,106.1667,,,,0.00,0.183,,verschieden
1759,H,"Sungai Merawang ent., Bangka Island, Indonesia",harmonics/noaa/harmonics_noaa_cptt.txt,143873,-2.0833,106.1667,1,,,0.00,0.183,,verschieden
1760,H,"Pangkoh, Indonesia",harmonics/att/harmonics_att_np203_scs.txt,106104,-3.0833,114.1667,,,,1.85,0.101,,gleich
1760,H,"Pangkoh, Kahajan River, Borneo, Indonesia",harmonics/noaa/harmonics_noaa_cptt.txt,163129,-3.0667,114.1667,1,,,1.85,0.101,,gleich
1761,L,"Pantai Sadeng, Java, Indonesia",harmonics/ticon/harmonics_ticon4_worldwide.txt,168079,-8.1912,110.7979,,-8.5000,110.7830,34.38,0.001,1,verschieden
1761,L,"Sadeng, Java, Indonesia",harmonics/utide/harmonics_utide_observations.txt,91213,-8.5000,110.7830,,,,34.38,0.001,1,verschieden
1762,N,"Papeete (Fare 'Ute), Tahiti, French Polynesia",harmonics/classic/harmonics-2004-06-14_mod.txt,75174,-17.5332,-149.5727,,-17.5350,-149.5717,0.04,0.051,,gleich
1762,N,"Papeete (Fare 'Ute), Tahiti, French Polynesia",harmonics/utide/harmonics_utide_observations.txt,56849,-17.5332,-149.5727,,,,0.04,0.051,,gleich
1762,N,"Papeete (Fare 'Ute), Tahiti, French Polynesia",harmonics/utide/harmonics_utide_tidetables.txt,355282,-17.5333,-149.5723,,-17.5333,-149.5700,0.04,0.051,,gleich
1763,N,"Paposo, Chile",harmonics/noaa/harmonics_noaa_amtt.txt,91392,-25.0100,-70.4680,1,,,0.00,0.026,,gleich
1763,N,"Paposo, Chile",harmonics/utide/harmonics_utide_observations.txt,206032,-25.0100,-70.4680,,,,0.00,0.026,,gleich
1764,N,Paracel Islands,harmonics/att/harmonics_att_np203_scs.txt,160634,16.5500,111.6167,,,,0.00,0.074,,verschieden
1764,N,"Paracel Islands, Vietnam",harmonics/noaa/harmonics_noaa_cptt.txt,131514,16.5500,111.6167,1,,,0.00,0.074,,verschieden
1764,N,"Hoang Sa (Paracel Islands), Vietnam",harmonics/utide/harmonics_utide_tidetables.txt,633038,16.5500,111.6167,,,,0.00,0.074,,verschieden
1765,N,"Paradip, Odisha, India",harmonics/att/harmonics_att_np203_secondary.txt,95592,20.2681,86.6787,,20.2667,86.7000,0.01,0.064,,aehnlich
1765,N,"Paradeep, Odisha, India",harmonics/classic/harmonics-1997-05-25_mod.txt,26589,20.2681,86.6788,,20.2667,86.6833,0.01,0.064,,aehnlich
1766,N,"Paramaribo, Suriname",harmonics/att/harmonics_att_np207.txt,25186,5.8269,-55.1440,,5.8333,-55.1500,1.31,0.095,,gleich
1766,N,"Paramaribo, Suriname",harmonics/classic/harmonics-1997-05-25_mod.txt,26711,5.8269,-55.1440,,5.8333,-55.1500,1.31,0.095,,gleich
1766,N,"Paramaribo, Suriname Rivier, Suriname",harmonics/noaa/harmonics_noaa_amtt.txt,41163,5.8167,-55.1500,1,,,1.31,0.095,,gleich
1767,H,"Paraty, Rio de Janeiro, Brazil",harmonics/att/harmonics_att_np207.txt,32482,-23.2224,-44.7086,,-23.2333,-44.7167,1.47,0.146,,aehnlich
1767,H,"Parati, Rio de Janeiro, Brazil",harmonics/noaa/harmonics_noaa_amtt.txt,48903,-23.2333,-44.7167,1,,,1.47,0.146,,aehnlich
1768,N,"Parika, Guyana",harmonics/att/harmonics_att_np207.txt,42082,6.8667,-58.4167,,,,0.00,0.066,,gleich
1768,N,"Parika, Essequibo River, Guyana",harmonics/noaa/harmonics_noaa_amtt.txt,40765,6.8667,-58.4167,1,,,0.00,0.066,,gleich
1769,N,"Parkers Cove, Nova Scotia, Canada",harmonics/ticon/harmonics_ticon4_worldwide.txt,141757,44.8136,-65.5384,,44.8000,-65.5300,0.01,0.014,,gleich
1769,N,"Parkers Cove, Nova Scotia, Canada",harmonics/utide/harmonics_utide_tidetables.txt,217116,44.8137,-65.5384,,,,0.01,0.014,,gleich
1770,H,"Parsons Bay, Tasmania, Australia",harmonics/classic/harmonics-2004-06-14_mod.txt,210398,-43.1040,147.7409,,-43.1000,147.7500,0.00,0.105,,gleich
1770,H,"Parsons Bay, Tasmania, Australia",harmonics/noaa/harmonics_noaa_cptt.txt,252295,-43.1040,147.7409,1,,,0.00,0.105,,gleich
1771,N,"Partridge Island, New Brunswick, Canada",harmonics/utide/harmonics_utide_tidetables.txt,160649,45.2412,-66.0523,,,,1.61,0.050,,verschieden
1771,N,"Saint John, New Brunswick, Canada",harmonics/utide/harmonics_utide_tidetables.txt,160842,45.2546,-66.0600,,,,1.61,0.050,,verschieden
1772,N,"Pasacao, Philippines",harmonics/att/harmonics_att_np203_scs.txt,71726,13.5000,123.0333,,,,1.08,0.074,,gleich
1772,N,"Pasacao, Ragay Gulf, Camarines Sur, Philippines",harmonics/noaa/harmonics_noaa_cptt.txt,217375,13.5000,123.0333,1,,,1.08,0.074,,gleich
1772,N,"Pasacao, Camarines Sur, Philippines",harmonics/utide/harmonics_utide_tidetables.txt,319583,13.5051,123.0418,,,,1.08,0.074,,gleich
1773,N,"Pasaia, Spain",harmonics/classic/harmonics_puertos_spain.txt,22373,43.3232,-1.9232,,,,0.00,0.037,,gleich
1773,N,"Pasaia, Spain",harmonics/noaa/harmonics_noaa_eutt.txt,47521,43.3232,-1.9232,1,,,0.00,0.037,,gleich
1774,G,"Pascagoula, south side, Mississippi",harmonics/classic/harmonics-dwf-20251228-free.txt,145817,30.3222,-88.5080,,,,3.13,0.077,1,gleich
1774,G,"Pascagoula Point, Mississippi Sound, Mississippi",harmonics/classic/harmonics-dwf-20251228-free.txt,146207,30.3400,-88.5333,,,,3.13,0.077,1,gleich
1775,N,"Pasni, Pakistan",harmonics/att/harmonics_att_np203_secondary.txt,105329,25.2639,63.4780,,25.2667,63.4833,0.00,0.022,,gleich
1775,N,"Pasni, Pakistan",harmonics/utide/harmonics_utide_tidetables.txt,672598,25.2639,63.4780,,25.2667,63.4833,0.00,0.022,,gleich
1776,H,"Pasuruan, Indonesia",harmonics/att/harmonics_att_np203_scs.txt,126276,-7.6333,112.9167,,,,0.00,0.105,,gleich
1776,H,"Pasuruan, Java, Indonesia",harmonics/noaa/harmonics_noaa_cptt.txt,152101,-7.6333,112.9167,1,,,0.00,0.105,,gleich
1777,N,"Paterson Inlet, Stewart Island, Southland, New Zealand",harmonics/noaa/harmonics_noaa_cptt.txt,224770,-46.9000,168.1167,1,,,1.11,0.085,,verschieden
1777,N,"Halfmoon Bay / Oban, New Zealand",harmonics/utide/harmonics_utide_tidetables.txt,549604,-46.8970,168.1307,,,,1.11,0.085,,verschieden
1777,N,"Golden Bay, New Zealand",harmonics/utide/harmonics_utide_tidetables.txt,566755,-46.9034,168.1214,,,,1.11,0.085,,verschieden
1778,N,"Pathein (Bassein River), Myanmar",harmonics/att/harmonics_att_np203_scs.txt,18110,16.7790,94.7300,,16.7833,94.7333,0.00,0.087,,gleich
1778,N,"Pathein (Bassein River), Myanmar",harmonics/classic/harmonics-1997-05-25_mod.txt,5360,16.7790,94.7300,,16.7833,94.7833,0.00,0.087,,gleich
1778,N,"Pathein (Bassein River), Myanmar",harmonics/noaa/harmonics_noaa_cptt.txt,265051,16.7790,94.7300,1,,,0.00,0.087,,gleich
1778,N,"Pathein (Bassein River), Myanmar",harmonics/utide/harmonics_utide_tidetables.txt,677069,16.7790,94.7300,,16.7833,94.7833,0.00,0.087,,gleich
1779,N,"Patricia Bay, British Columbia, Canada",harmonics/utide/harmonics_utide_observations.txt,41810,48.6536,-123.4515,,,,0.00,0.004,,gleich
1779,N,"Patricia Bay, British Columbia, Canada",harmonics/utide/harmonics_utide_tidetables.txt,99368,48.6536,-123.4515,,,,0.00,0.004,,gleich
1780,N,"Patunungan Bay, Philippines",harmonics/att/harmonics_att_np203_scs.txt,75612,18.4000,122.3000,,,,0.00,0.051,,gleich
1780,N,"Patunungan Bay, Philippines",harmonics/classic/harmonics-1997-05-25_mod.txt,26833,18.4000,122.3000,,,,0.00,0.051,,gleich
1780,N,"Patunungan Bay, Cagayan, Philippines",harmonics/noaa/harmonics_noaa_cptt.txt,211392,18.4000,122.3000,1,,,0.00,0.051,,gleich
1781,N,"Pauanui, New Zealand",harmonics/utide/harmonics_utide_tidetables.txt,549801,-37.0057,175.8609,,-37.0000,175.8667,0.91,0.000,,verschieden
1781,N,"Tairua, New Zealand",harmonics/utide/harmonics_utide_tidetables.txt,570107,-37.0094,175.8517,,,,0.91,0.000,,verschieden
1782,N,"Paulatuk, Northwest Territories, Canada",harmonics/classic/harmonics-2004-06-14_mod.txt,211158,69.3500,-124.0667,,,,0.00,0.000,,gleich
1782,N,"Paulatuk, Northwest Territories, Canada",harmonics/utide/harmonics_utide_tidetables.txt,227013,69.3500,-124.0667,,,,0.00,0.000,,gleich
1783,N,"Pearce Point, Northwest Territories, Canada",harmonics/classic/harmonics-2004-06-14_mod.txt,211543,69.8164,-122.6667,,69.8167,-122.0667,0.00,0.000,,gleich
1783,N,"Pearce Point, Northwest Territories, Canada",harmonics/utide/harmonics_utide_tidetables.txt,226820,69.8164,-122.6667,,,,0.00,0.000,,gleich
1784,H,"Pearl Bank, Philippines",harmonics/att/harmonics_att_np203_scs.txt,87060,5.8500,119.7333,,,,0.00,0.134,,gleich
1784,H,"Pearl Bank, Tawi-Tawi, Philippines",harmonics/noaa/harmonics_noaa_cptt.txt,169708,5.8500,119.7333,1,,,0.00,0.134,,gleich
1785,N,"Pebane (Rio Moniga), Mozambique",harmonics/att/harmonics_att_np203.txt,21512,-17.2678,38.1351,,-17.2670,38.1330,0.00,0.021,,gleich
1785,N,"Pebane (Rio Moniga), Mozambique",harmonics/classic/harmonics-1997-05-25_mod.txt,26955,-17.2678,38.1351,,-17.2667,38.1333,0.00,0.021,,gleich
1786,G,"Pedder Bay, British Columbia, Canada",harmonics/classic/harmonics-2004-06-14_mod.txt,211928,48.3317,-123.5501,,48.3333,-123.5500,0.00,0.001,,gleich
1786,G,"Pedder Bay, British Columbia, Canada",harmonics/utide/harmonics_utide_tidetables.txt,96268,48.3317,-123.5501,,,,0.00,0.001,,gleich
1787,N,"Peel, Isle of Man",harmonics/noaa/harmonics_noaa_eutt.txt,69500,54.2279,-4.6946,1,,,0.00,0.030,,gleich
1787,N,"Peel, Isle of Man",harmonics/utide/harmonics_utide_tidetables.txt,488026,54.2279,-4.6946,,,,0.00,0.030,,gleich
1788,H,"Pegatan, Indonesia",harmonics/att/harmonics_att_np203_scs.txt,105716,-3.2833,113.3500,,,,0.00,0.111,,gleich
1788,H,"Pegatan, Mendawai River, Borneo, Indonesia",harmonics/noaa/harmonics_noaa_cptt.txt,163322,-3.2833,113.3500,1,,,0.00,0.111,,gleich
1789,H,"Pelabuhan Kijang, Indonesia",harmonics/att/harmonics_att_np203_scs.txt,40288,0.8500,104.6167,,,,0.00,0.116,,verschieden
1789,H,"Dendang, Kidjang Strait, Indonesia",harmonics/noaa/harmonics_noaa_cptt.txt,142144,0.8500,104.6167,1,,,0.00,0.116,,verschieden
1790,HN,"Pelabuhan Klang, Malaysia",harmonics/att/harmonics_att_np203_scs.txt,34269,2.9990,101.3885,,3.0333,101.3500,0.01,0.160,,gleich
1790,HN,"Pelabuhan Klang, Malaysia",harmonics/classic/harmonics-1997-05-25_mod.txt,27077,2.9990,101.3884,,3.0000,101.3833,0.01,0.160,,gleich
1790,HN,"Pelabuhan Klang, Malaysia",harmonics/noaa/harmonics_noaa_cptt.txt,136971,2.9990,101.3885,1,,,0.01,0.160,,gleich
1790,HN,"Pelabuhan Klang, Malaysia",harmonics/ticon/harmonics_ticon4_worldwide.txt,91013,2.9990,101.3885,,3.0500,101.3580,0.01,0.160,,gleich
1791,N,"Pelican Harbour, Abaco Island, Bahamas",harmonics/classic/harmonics-2004-06-14_mod.txt,212697,26.3833,-76.9667,,,,0.00,0.039,,gleich
1791,N,"Pelican Harbour, Abaco Island, Bahamas",harmonics/noaa/harmonics_noaa_carib.txt,16726,26.3833,-76.9667,,,,0.00,0.039,,gleich
1792,G,"Pellworm (Hoogerfähre), Germany",harmonics/bsh/harmonics_bsh_germany.txt,17881,54.5356,8.5978,,,,7.75,0.093,1,gleich
1792,G,"Pellworm (Anleger), Germany",harmonics/utide/harmonics_utide_observations.txt,82164,54.5009,8.7020,,,,7.75,0.093,1,gleich
1793,N,"Pelly Island, Northwest Territories, Canada",harmonics/classic/harmonics-2004-06-14_mod.txt,213277,69.6167,-135.3667,,,,0.00,0.000,,gleich
1793,N,"Pelly Island, Northwest Territories, Canada",harmonics/utide/harmonics_utide_tidetables.txt,229138,69.6167,-135.3667,,,,0.00,0.000,,gleich
1794,H,"Pelorus Sound entrance, Nelson, New Zealand",harmonics/noaa/harmonics_noaa_cptt.txt,229455,-40.9167,173.9833,1,,,0.00,0.214,,aehnlich
1794,H,"Pelorus Sound / Te Hoiere Entrance, New Zealand",harmonics/utide/harmonics_utide_tidetables.txt,537602,-40.9167,173.9833,,,,0.00,0.214,,aehnlich
1795,N,"Pemangkat, Indonesia",harmonics/att/harmonics_att_np203_scs.txt,103386,1.1833,108.9833,,,,0.00,0.077,,aehnlich
1795,N,"Pamangkat, Sambas-besar River, Borneo, Indonesia",harmonics/noaa/harmonics_noaa_cptt.txt,165259,1.1833,108.9833,1,,,0.00,0.077,,aehnlich
1796,N,"Pemba (Porto Amelia), Mozambique",harmonics/noaa/harmonics_noaa_cptt.txt,284637,-12.9670,40.4880,1,,,0.00,0.066,,gleich
1796,N,"Pemba (Porto Amelia), Mozambique",harmonics/ticon/harmonics_ticon4_worldwide.txt,142359,-12.9670,40.4880,,,,0.00,0.066,,gleich
1796,N,"Pemba (Porto Amelia), Mozambique",harmonics/utide/harmonics_utide_observations.txt,27342,-12.9670,40.4880,,,,0.00,0.066,,gleich
1797,G,"Pembina Terminal, British Columbia, Canada",harmonics/utide/harmonics_utide_observations.txt,42003,54.2363,-130.3035,,,,0.00,0.003,,gleich
1797,G,"Pembina Terminal, British Columbia, Canada",harmonics/utide/harmonics_utide_tidetables.txt,145387,54.2363,-130.3035,,,,0.00,0.003,,gleich
1798,N,"Penfret (Îles de Glénan), France",harmonics/classic/harmonics-pierre-lavergne-v10_mod.txt,14280,47.7225,-3.9554,,,,0.00,0.013,,gleich
1798,N,"Penfret (Îles de Glénan), France",harmonics/noaa/harmonics_noaa_eutt.txt,51235,47.7225,-3.9554,1,,,0.00,0.013,,gleich
1798,N,"Penfret (Îles de Glénan), France",harmonics/utide/harmonics_utide_tidetables.txt,355672,47.7225,-3.9554,,47.7222,-3.9550,0.00,0.013,,gleich
1799,H,"Penglai, Shandong, China",harmonics/noaa/harmonics_noaa_cptt.txt,106950,37.8333,120.7333,1,,,1.85,0.129,,gleich
1799,H,"Penglai, Shandong, China",harmonics/utide/harmonics_utide_tidetables.txt,652807,37.8167,120.7333,,,,1.85,0.129,,gleich
1800,N,"Peniche, Portugal",harmonics/ticon/harmonics_ticon4_worldwide.txt,142760,39.3540,-9.3670,,,,0.00,0.007,,gleich
1800,N,"Peniche, Portugal",harmonics/utide/harmonics_utide_observations.txt,185037,39.3540,-9.3670,,,,0.00,0.007,,gleich
1801,G,"Pennefather River, Queensland, Australia",harmonics/classic/harmonics-2004-06-14_mod.txt,213667,-12.2167,141.7833,,,,7.47,0.064,1,gleich
1801,G,"Pennefather River, Queensland, Australia",harmonics/utide/harmonics_utide_tidetables.txt,65623,-12.2333,141.7167,,,,7.47,0.064,1,gleich
1802,N,"Pepel, Sierra Leone",harmonics/att/harmonics_att_np208_secondary.txt,30548,8.5830,-13.0670,,,,0.00,0.053,,gleich
1802,N,"Pepel, Sierra Leone",harmonics/noaa/harmonics_noaa_eutt.txt,31214,8.5830,-13.0670,1,,,0.00,0.053,,gleich
1803,N,"Peradjin, Indonesia",harmonics/att/harmonics_att_np203_scs.txt,54064,-2.9333,104.8833,,,,0.00,0.061,,gleich
1803,N,"Peradjin, Palembang River, Indonesia",harmonics/noaa/harmonics_noaa_cptt.txt,144645,-2.9333,104.8833,1,,,0.00,0.061,,gleich
1804,N,"Peterhead, Scotland, United Kingdom",harmonics/noaa/harmonics_noaa_eutt.txt,55189,57.4973,-1.7724,1,,,0.00,0.079,,gleich
1804,N,"Peterhead, Scotland, United Kingdom",harmonics/utide/harmonics_utide_tidetables.txt,488605,57.4973,-1.7724,,,,0.00,0.079,,gleich
1805,G,"Petit De Grat, Nova Scotia, Canada",harmonics/classic/harmonics-2004-06-14_mod.txt,214052,45.5069,-60.9615,,45.5000,-60.9667,0.01,0.027,,gleich
1805,G,"Petit De Grat, Nova Scotia, Canada",harmonics/utide/harmonics_utide_tidetables.txt,217700,45.5069,-60.9616,,,,0.01,0.027,,gleich
1806,N,"Petropavlovsk, Russia",harmonics/noaa/harmonics_noaa_cptt.txt,24093,53.0167,158.6500,1,,,0.00,0.076,,gleich
1806,N,"Petropavlovsk, Russia",harmonics/utide/harmonics_utide_observations.txt,186617,53.0167,158.6500,,,,0.00,0.076,,gleich
1807,G,"Petten, Netherlands",harmonics/ticon/harmonics_ticon4_worldwide.txt,143354,52.7884,4.6649,,,,2.02,0.025,,gleich
1807,G,"Petten, zuid, Netherlands",harmonics/utide/harmonics_utide_observations.txt,159382,52.7727,4.6497,,,,2.02,0.025,,gleich
1808,H,"Phan Thiet, Vietnam",harmonics/att/harmonics_att_np203_scs.txt,154616,10.9187,108.1058,,10.9167,108.1000,0.00,0.211,,gleich
1808,H,"Phan Thiet, Vietnam",harmonics/noaa/harmonics_noaa_cptt.txt,133692,10.9187,108.1058,1,,,0.00,0.211,,gleich
1809,N,"Phare de Cordouan, France",harmonics/classic/harmonics-pierre-lavergne-v10_mod.txt,19330,45.5863,-1.1731,,,,0.60,0.001,,verschieden
1809,N,"Cordouan, France",harmonics/utide/harmonics_utide_tidetables.txt,335367,45.5833,-1.1667,,,,0.60,0.001,,verschieden
1810,G,"Philadelphia (USCG station), Delaware River, Pennsylvania",harmonics/classic/harmonics-dwf-20251228-free.txt,62681,39.9331,-75.1420,,,,2.27,0.092,,gleich
1810,G,"Philadelphia, Municipal Pier 11, Pennsylvania",harmonics/classic/harmonics-dwf-20251228-free.txt,62877,39.9533,-75.1383,,,,2.27,0.092,,gleich
1811,H,"Phu Quy, Vietnam",harmonics/att/harmonics_att_np203_scs.txt,154810,10.5000,108.9500,,,,0.00,0.178,,gleich
1811,H,"Phu Quy, Vietnam",harmonics/noaa/harmonics_noaa_cptt.txt,133494,10.5000,108.9500,1,,,0.00,0.178,,gleich
1812,H,"Pichidangui, Chile",harmonics/noaa/harmonics_noaa_amtt.txt,85355,-32.1370,-71.5300,1,,,0.00,0.124,,gleich
1812,H,"Pichidangui, Chile",harmonics/utide/harmonics_utide_observations.txt,207022,-32.1370,-71.5300,,,,0.00,0.124,,gleich
1813,N,"Picton, New Zealand",harmonics/classic/harmonics-2004-06-14_mod.txt,214434,-41.2829,174.0055,,-41.2833,174.0000,0.00,0.037,,gleich
1813,N,"Picton, New Zealand",harmonics/utide/harmonics_utide_tidetables.txt,597688,-41.2829,174.0055,,,,0.00,0.037,,gleich
1814,GN,"Pictou Island, Nova Scotia, Canada",harmonics/classic/harmonics-2004-06-14_mod.txt,214624,45.8025,-62.5855,,45.8000,-62.5833,16.96,0.055,1,gleich
1814,GN,"Pictou, Nova Scotia, Canada",harmonics/ticon/harmonics_ticon4_worldwide.txt,143551,45.6742,-62.7034,,45.6800,-62.7000,16.96,0.055,1,gleich
1814,GN,"Pictou, Nova Scotia, Canada",harmonics/utide/harmonics_utide_tidetables.txt,217894,45.6741,-62.7033,,,,16.96,0.055,1,gleich
1814,GN,"Pictou Island, Nova Scotia, Canada",harmonics/utide/harmonics_utide_tidetables.txt,218088,45.8026,-62.5856,,,,16.96,0.055,1,gleich
1815,N,"Pierowall, Scotland, United Kingdom",harmonics/noaa/harmonics_noaa_eutt.txt,76816,59.3195,-2.9883,1,,,0.00,0.088,,gleich
1815,N,"Pierowall, Scotland, United Kingdom",harmonics/utide/harmonics_utide_tidetables.txt,488798,59.3195,-2.9883,,,,0.00,0.088,,gleich
1816,N,"Pilevo Point, Russia",harmonics/att/harmonics_att_np204_secondary.txt,21130,49.7667,142.1667,,,,1.20,0.089,,verschieden
1816,N,"Mys Polevogo, Russia",harmonics/noaa/harmonics_noaa_cptt.txt,34580,49.7667,142.1500,1,,,1.20,0.089,,verschieden
1817,HN,"Pinang (Bandar Raya Georgetown), Malaysia",harmonics/att/harmonics_att_np203_scs.txt,32714,5.4220,100.3462,,5.4167,100.3500,0.00,0.166,,verschieden
1817,HN,"George Town (Selat Pulau Pinang), Malaysia",harmonics/noaa/harmonics_noaa_cptt.txt,137560,5.4220,100.3462,1,,,0.00,0.166,,verschieden
1817,HN,"George Town (Selat Pulau Pinang), Malaysia",harmonics/ticon/harmonics_ticon4_worldwide.txt,142562,5.4220,100.3462,,5.4220,100.3470,0.00,0.166,,verschieden
1818,N,"Pinkney Point, Nova Scotia, Canada",harmonics/classic/harmonics-2004-06-14_mod.txt,215583,43.7032,-66.0538,,43.7000,-66.0667,0.18,0.014,,gleich
1818,N,"Pinkney Point, Nova Scotia, Canada",harmonics/utide/harmonics_utide_tidetables.txt,218282,43.7040,-66.0557,,,,0.18,0.014,,gleich
1819,N,"Pipavav Bandar, Gujarat, India",harmonics/att/harmonics_att_np203_secondary.txt,93643,20.9247,71.5171,,20.9500,71.5333,0.01,0.042,,aehnlich
1819,N,"Pipavav (Port), Gujarat, India",harmonics/classic/harmonics-1997-05-25_mod.txt,27326,20.9247,71.5172,,20.9500,71.5333,0.01,0.042,,aehnlich
1819,N,"Pipavav (Port), Gujarat, India",harmonics/utide/harmonics_utide_tidetables.txt,288512,20.9247,71.5172,,,,0.01,0.042,,aehnlich
1820,N,"Piper Island, Queensland, Australia",harmonics/classic/harmonics-2004-06-14_mod.txt,215778,-12.2500,143.2500,,,,0.00,0.046,,gleich
1820,N,"Piper island, Queensland, Australia",harmonics/noaa/harmonics_noaa_cptt.txt,244869,-12.2500,143.2500,1,,,0.00,0.046,,gleich
1821,N,"Pisagua, Chile",harmonics/noaa/harmonics_noaa_amtt.txt,98793,-19.5969,-70.2156,1,,,0.00,0.082,,gleich
1821,N,"Pisagua, Chile",harmonics/utide/harmonics_utide_observations.txt,209200,-19.5969,-70.2156,,-19.5970,-70.2160,0.00,0.082,,gleich
1822,G,"Pisco, Peru",harmonics/noaa/harmonics_noaa_amtt.txt,106306,-13.7167,-76.2333,1,,,11.60,0.082,1,gleich
1822,G,"Pisco (Paracas), Peru",harmonics/ticon/harmonics_ticon4_worldwide.txt,143751,-13.8194,-76.2519,,-13.4170,-76.1330,11.60,0.082,1,gleich
1823,HN,"Pituffik Space Base, Greenland",harmonics/classic/harmonics-2004-06-14_mod.txt,193067,76.5441,-68.8709,,76.5500,-68.8833,1.55,0.131,,verschieden
1823,HN,"North Star Bay, Wolstenholme Fjord, Greenland",harmonics/noaa/harmonics_noaa_amtt.txt,62382,76.5333,-68.8333,1,,,1.55,0.131,,verschieden
1823,HN,"Pituffik Space Base, Greenland",harmonics/ticon/harmonics_ticon4_worldwide.txt,191763,76.5441,-68.8709,,76.0000,-68.0000,1.55,0.131,,verschieden
1824,N,"Plaridel, Philippines",harmonics/att/harmonics_att_np203_scs.txt,84926,8.6167,123.7167,,,,0.00,0.058,,gleich
1824,N,"Plaridel (Langaran), Negros Oriental, Philippines",harmonics/noaa/harmonics_noaa_cptt.txt,173757,8.6167,123.7167,1,,,0.00,0.058,,gleich
1825,N,"Plymouth, Massachusetts",harmonics/classic/harmonics-2004-06-14_mod.txt,217129,41.9600,-70.6633,,,,0.13,0.011,,gleich
1825,N,"Plymouth Harbor, Plymouth, Cape Cod Bay, Massachusetts",harmonics/classic/harmonics-dwf-20251228-free.txt,30655,41.9600,-70.6617,,,,0.13,0.011,,gleich
1826,N,"Pogum (Ems), Germany",harmonics/utide/harmonics_utide_observations.txt,82555,53.3214,7.2598,,,,0.39,0.030,,gleich
1826,N,"Pogum (Ems), Germany",harmonics/utide/harmonics_utide_observations.txt,159580,53.3215,7.2540,,,,0.39,0.030,,gleich
1827,N,"Pohnpei Harbor, Caroline Islands, Micronesia",harmonics/classic/harmonics-2004-06-14_mod.txt,219616,6.9693,158.2110,,6.9800,158.2200,1.76,0.020,,aehnlich
1827,N,"Pohnpei C, Caroline Islands, Confederated States of Micronesia",harmonics/utide/harmonics_utide_tidetables.txt,78764,6.9809,158.2001,,,,1.76,0.020,,aehnlich
1828,N,"Point Fortin, Trinidad and Tobago",harmonics/ticon/harmonics_ticon4_worldwide.txt,145131,10.1901,-61.6889,,10.1000,-61.4170,0.02,0.000,,gleich
1828,N,"Point Fortin, Trinidad and Tobago",harmonics/utide/harmonics_utide_observations.txt,191160,10.1900,-61.6890,,,,0.02,0.000,,gleich
1829,N,"Point Pedro, Sri Lanka",harmonics/att/harmonics_att_np203.txt,30142,9.8303,80.2300,,9.8300,80.2300,0.00,0.097,,gleich
1829,N,"Point Pedro, Sri Lanka",harmonics/noaa/harmonics_noaa_cptt.txt,269174,9.8303,80.2300,1,,,0.00,0.097,,gleich
1830,N,"Point Reyes, California (2)",harmonics/classic/harmonics-2004-06-14_mod.txt,218281,37.9967,-122.9750,,,,0.30,0.004,,verschieden
1830,N,"Drakes Bay, Point Reyes, California",harmonics/classic/harmonics-dwf-20251228-free.txt,185392,37.9942,-122.9736,,,,0.30,0.004,,verschieden
1831,H,"Point St. Peter, Québec, Canada",harmonics/noaa/harmonics_noaa_amtt.txt,29703,48.6333,-64.1667,1,,,0.05,0.331,1,verschieden
1831,H,"Pointe Saint-Pierre, Québec, Canada",harmonics/utide/harmonics_utide_tidetables.txt,258120,48.6334,-64.1660,,,,0.05,0.331,1,verschieden
1832,N,"Point Tupper, Nova Scotia, Canada",harmonics/ticon/harmonics_ticon4_worldwide.txt,145728,45.5954,-61.3629,,45.6000,-61.3700,0.04,0.010,,gleich
1832,N,"Point Tupper, Nova Scotia, Canada",harmonics/utide/harmonics_utide_tidetables.txt,218478,45.5956,-61.3633,,,,0.04,0.010,,gleich
1833,N,"Pointe Owendo (Estuaire du Gabon), Gabon",harmonics/att/harmonics_att_np208.txt,20165,0.2838,9.5050,,0.2830,9.5000,0.00,0.077,,gleich
1833,N,"Pointe Owendo (Estuaire du Gabon), Gabon",harmonics/noaa/harmonics_noaa_eutt.txt,21527,0.2838,9.5050,1,,,0.00,0.077,,gleich
1834,N,"Pointe de Gatseau, France",harmonics/classic/harmonics-pierre-lavergne-v10_mod.txt,19144,45.8039,-1.2324,,,,0.00,0.014,,gleich
1834,N,"Pointe de Gatseau, France",harmonics/utide/harmonics_utide_tidetables.txt,357230,45.8039,-1.2324,,45.7992,-1.2367,0.00,0.014,,gleich
1835,N,"Pointe de Saint-Gildas (Préfailles), France",harmonics/ticon/harmonics_ticon4_worldwide.txt,168881,47.1404,-2.2464,,,,0.00,0.001,,gleich
1835,N,"Pointe de Saint-Gildas (Préfailles), France",harmonics/utide/harmonics_utide_observations.txt,216814,47.1404,-2.2464,,,,0.00,0.001,,gleich
1836,G,"Pointe de Sangomar, Senegal",harmonics/att/harmonics_att_np208_secondary.txt,24342,13.8256,-16.7500,,,,6.14,0.085,1,gleich
1836,G,"Pointe de Sangomar (Saloum River), Senegal",harmonics/noaa/harmonics_noaa_eutt.txt,33776,13.8805,-16.7565,1,,,6.14,0.085,1,gleich
1837,N,"Pointe-Noire, Congo",harmonics/att/harmonics_att_np208.txt,20547,-4.7830,11.8330,,,,0.05,0.025,,gleich
1837,N,"Pointe-Noire, Republic of the Congo",harmonics/ticon/harmonics_ticon4_worldwide.txt,146330,-4.7833,11.8333,,-4.8000,11.8500,0.05,0.025,,gleich
1837,N,"Pointe-Noire, Republic of the Congo",harmonics/utide/harmonics_utide_tidetables.txt,598280,-4.7833,11.8333,,,,0.05,0.025,,gleich
1838,G,"Pointe-au-Père, Québec, Canada",harmonics/ticon/harmonics_ticon4_worldwide.txt,145929,48.5192,-68.4732,,48.5200,-68.4700,0.00,0.002,,gleich
1838,G,"Pointe-au-Père, Québec, Canada",harmonics/utide/harmonics_utide_tidetables.txt,265279,48.5192,-68.4732,,,,0.00,0.002,,gleich
1839,N,"Pointe-du-Chêne, New Brunswick, Canada",harmonics/utide/harmonics_utide_tidetables.txt,164123,46.2406,-64.5300,,,,1.92,0.016,,verschieden
1839,N,"Shediac Bay, New Brunswick, Canada",harmonics/utide/harmonics_utide_tidetables.txt,164316,46.2269,-64.5451,,,,1.92,0.016,,verschieden
1840,N,"Pointe-à-Pitre, Guadeloupe",harmonics/utide/harmonics_utide_observations.txt,49042,16.2244,-61.5314,,,,0.01,0.006,,gleich
1840,N,"Pointe-à-Pitre, Guadeloupe",harmonics/utide/harmonics_utide_observations.txt,57055,16.2244,-61.5315,,,,0.01,0.006,,gleich
1841,N,"Pollok Harbour, Philippines",harmonics/att/harmonics_att_np203_scs.txt,83568,7.3500,124.2167,,,,0.00,0.070,,aehnlich
1841,N,"Polloc Harbor, Sultan Kudarat, Philippines",harmonics/noaa/harmonics_noaa_cptt.txt,180510,7.3500,124.2167,1,,,0.00,0.070,,aehnlich
1842,N,"Ponta Delgada (São Miguel), Açores, Portugal",harmonics/ticon/harmonics_ticon4_worldwide.txt,146536,37.7356,-25.6713,,37.7350,-25.6730,0.00,0.010,,gleich
1842,N,"Ponta Delgada (São Miguel), Açores, Portugal",harmonics/utide/harmonics_utide_observations.txt,183264,37.7356,-25.6713,,37.7350,-25.6700,0.00,0.010,,gleich
1843,N,"Ponta da Linga Linga, Mozambique",harmonics/att/harmonics_att_np203_secondary.txt,21016,-23.7367,35.3967,,,,0.00,0.066,,gleich
1843,N,"Ponta da Linga Linga, Mozambique",harmonics/noaa/harmonics_noaa_cptt.txt,286204,-23.7367,35.3967,1,,,0.00,0.066,,gleich
1844,N,"Ponta do Altar (Ferragudo), Portugal",harmonics/att/harmonics_att_np208_secondary.txt,51425,37.1054,-8.5199,,,,0.00,0.054,,gleich
1844,N,"Ponta do Altar (Ferragudo), Portugal",harmonics/noaa/harmonics_noaa_eutt.txt,41012,37.1054,-8.5199,1,37.1000,-8.5167,0.00,0.054,,gleich
1845,L,"Pontal do Sul (Canal Galheta), Paraná, Brazil",harmonics/classic/harmonics-1997-05-25_mod.txt,8167,-25.5517,-48.3658,,-25.5667,-48.3167,5.36,0.092,1,verschieden
1845,L,"Encantadas (Ilha do Mel / Canal da Galheta), Paraná, Brazil",harmonics/utide/harmonics_utide_tidetables.txt,93384,-25.5701,-48.3164,,,,5.36,0.092,1,verschieden
1846,N,"Pontianak Outer Bar (Kleine Kapoeas), Indonesia",harmonics/att/harmonics_att_np203_scs.txt,103774,0.0833,109.1333,,,,0.00,0.063,,verschieden
1846,N,"Kapuas-ketjil River entrance, Borneo, Indonesia",harmonics/noaa/harmonics_noaa_cptt.txt,165065,0.0833,109.1333,1,,,0.00,0.063,,verschieden
1847,N,"Pontianak, Indonesia",harmonics/att/harmonics_att_np203_scs.txt,103970,-0.0210,109.3370,,-0.0167,109.3333,0.63,0.070,,gleich
1847,N,"Pontianak, Little Kapuas River, Borneo, Indonesia",harmonics/noaa/harmonics_noaa_cptt.txt,164868,-0.0167,109.3333,1,,,0.63,0.070,,gleich
1847,N,"Pontianak, Indonesia",harmonics/utide/harmonics_utide_tidetables.txt,703757,-0.0210,109.3370,,,,0.63,0.070,,gleich
1848,N,"Porbandar, Gujarat, India",harmonics/att/harmonics_att_np203_secondary.txt,97345,21.6383,69.5906,,21.6333,69.6000,0.00,0.047,,gleich
1848,N,"Porbandar, Gujarat, India",harmonics/noaa/harmonics_noaa_cptt.txt,272876,21.6383,69.5906,1,,,0.00,0.047,,gleich
1848,N,"Porbandar, Gujarat, India",harmonics/utide/harmonics_utide_tidetables.txt,288703,21.6383,69.5906,,,,0.00,0.047,,gleich
1849,H,"Porirua Harbor, Wellington, New Zealand",harmonics/noaa/harmonics_noaa_cptt.txt,230614,-41.0667,174.8500,1,,,0.95,0.134,,verschieden
1849,H,"Karehana Bay, New Zealand",harmonics/utide/harmonics_utide_tidetables.txt,566952,-41.0745,174.8546,,,,0.95,0.134,,verschieden
1850,N,"Porlier Pass, British Columbia, Canada",harmonics/utide/harmonics_utide_tidetables.txt,101881,49.0113,-123.5859,,,,2.32,0.039,,verschieden
1850,N,"Cardale Point, British Columbia, Canada",harmonics/utide/harmonics_utide_tidetables.txt,102074,49.0167,-123.6167,,,,2.32,0.039,,verschieden
1851,N,"Pornic, France",harmonics/classic/harmonics-pierre-lavergne-v10_mod.txt,18204,47.1083,-2.1112,,,,0.00,0.024,,gleich
1851,N,"Pornic, France",harmonics/utide/harmonics_utide_tidetables.txt,358010,47.1083,-2.1112,,47.1092,-2.1137,0.00,0.024,,gleich
1852,G,"Pornichet, France",harmonics/classic/harmonics-pierre-lavergne-v10_mod.txt,18017,47.2583,-2.3467,,47.2582,-2.3511,0.00,0.001,,gleich
1852,G,"Pornichet, France",harmonics/utide/harmonics_utide_tidetables.txt,358205,47.2583,-2.3467,,,,0.00,0.001,,gleich
1853,N,"Porpoise Channel East, British Columbia, Canada",harmonics/utide/harmonics_utide_observations.txt,42391,54.2152,-130.2891,,,,0.24,0.006,,verschieden
1853,N,"Aero Trading, British Columbia, Canada",harmonics/utide/harmonics_utide_tidetables.txt,145194,54.2130,-130.2884,,,,0.24,0.006,,verschieden
1853,N,"Porpoise Channel East, British Columbia, Canada",harmonics/utide/harmonics_utide_tidetables.txt,145773,54.2152,-130.2891,,,,0.24,0.006,,verschieden
1854,N,"Port Adelaide, South Australia, Australia",harmonics/classic/harmonics-1997-05-25_mod.txt,27448,-34.8355,138.5088,,-34.8000,138.4667,1.80,0.033,,aehnlich
1854,N,"Adelaide Inner Harbour, South Australia, Australia",harmonics/ticon/harmonics_ticon4_worldwide.txt,146935,-34.8500,138.5000,,,,1.80,0.033,,aehnlich
1855,N,"Port Alberni, British Columbia, Canada",harmonics/utide/harmonics_utide_observations.txt,42587,49.2256,-124.8136,,,,0.00,0.003,,gleich
1855,N,"Port Alberni, British Columbia, Canada",harmonics/utide/harmonics_utide_tidetables.txt,127016,49.2256,-124.8136,,,,0.00,0.003,,gleich
1856,N,"Port Alma, Queensland, Australia",harmonics/classic/harmonics-2004-06-14_mod.txt,220394,-23.5833,150.8667,,,,2.03,0.070,,verschieden
1856,N,"Port Alma, Fitzroy River, Queensland, Australia",harmonics/noaa/harmonics_noaa_cptt.txt,248373,-23.5667,150.8667,1,,,2.03,0.070,,verschieden
1856,N,"Port, South Australia, Australia",harmonics/ticon/harmonics_ticon4_worldwide.txt,147333,-23.5850,150.8667,,,,2.03,0.070,,verschieden
1857,N,"Port Anajao, Philippines",harmonics/att/harmonics_att_np203_scs.txt,78134,13.9500,124.3333,,,,0.00,0.051,,gleich
1857,N,"Port Anajao, Catanduances Island, Catanduanes, Philippines",harmonics/noaa/harmonics_noaa_cptt.txt,215638,13.9500,124.3333,1,,,0.00,0.051,,gleich
1858,N,"Port Angeles, Washington (2)",harmonics/classic/harmonics-2004-06-14_mod.txt,220579,48.1167,-123.4333,,,,1.05,0.021,,gleich
1858,N,"Port Angeles, Strait Of Juan De Fuca, Washington",harmonics/classic/harmonics-dwf-20251228-free.txt,200218,48.1250,-123.4400,,,,1.05,0.021,,gleich
1859,N,"Port Appin (Loch Linnhe), Scotland, United Kingdom",harmonics/noaa/harmonics_noaa_eutt.txt,71874,56.5537,-5.4154,1,,,0.00,0.046,,gleich
1859,N,"Port Appin (Loch Linnhe), Scotland, United Kingdom",harmonics/utide/harmonics_utide_tidetables.txt,489772,56.5537,-5.4154,,,,0.00,0.046,,gleich
1860,N,"Port Askaig (Sound of Jura), Scotland, United Kingdom",harmonics/noaa/harmonics_noaa_eutt.txt,71478,55.8479,-6.1043,1,,,0.00,0.079,,gleich
1860,N,"Port Askaig (Sound of Jura), Scotland, United Kingdom",harmonics/utide/harmonics_utide_tidetables.txt,489968,55.8479,-6.1043,,55.8500,-6.1000,0.00,0.079,,gleich
1861,G,"Port Aux Basques, Newfoundland, Canada",harmonics/ticon/harmonics_ticon4_worldwide.txt,147533,47.5801,-59.1387,,47.5700,-59.1300,0.03,0.050,,gleich
1861,G,"Port Aux Basques, Newfoundland, Canada",harmonics/utide/harmonics_utide_observations.txt,45724,47.5802,-59.1391,,,,0.03,0.050,,gleich
1861,G,"Port Aux Basques, Newfoundland, Canada",harmonics/utide/harmonics_utide_tidetables.txt,171088,47.5802,-59.1391,,,,0.03,0.050,,gleich
1862,N,"Port Balanakan, Philippines",harmonics/att/harmonics_att_np203_scs.txt,65324,13.5333,121.8667,,,,0.20,0.040,,aehnlich
1862,N,"Port Balanacan, Marinduque, Philippines",harmonics/noaa/harmonics_noaa_cptt.txt,205023,13.5333,121.8667,1,,,0.20,0.040,,aehnlich
1862,N,"Balanacan, Marinduque, Philippines",harmonics/utide/harmonics_utide_tidetables.txt,312585,13.5343,121.8652,,,,0.20,0.040,,aehnlich
1863,G,"Port Barrera, Philippines",harmonics/att/harmonics_att_np203_scs.txt,70562,12.5333,123.3833,,,,4.12,0.045,1,gleich
1863,G,"Port Barrera, Masbate, Philippines",harmonics/noaa/harmonics_noaa_cptt.txt,202514,12.5000,123.3667,1,,,4.12,0.045,1,gleich
1864,N,"Port Blair, Andaman and Nicobar, India",harmonics/att/harmonics_att_np203_scs.txt,27446,11.6746,92.7331,,11.6833,92.7667,0.00,0.054,,gleich
1864,N,"Port Blair, Andaman and Nicobar, India",harmonics/classic/harmonics-1997-05-25_mod.txt,27576,11.6746,92.7331,,11.6833,92.7667,0.00,0.054,,gleich
1864,N,"Port Blair, Andaman and Nicobar, India",harmonics/noaa/harmonics_noaa_cptt.txt,261707,11.6746,92.7331,1,,,0.00,0.054,,gleich
1865,HN,"Port Bongao, Philippines",harmonics/att/harmonics_att_np203_scs.txt,88418,5.0333,119.7667,,,,0.90,0.165,,gleich
1865,HN,"Port Bongao, Tawitawi Island, Tawi-Tawi, Philippines",harmonics/noaa/harmonics_noaa_cptt.txt,167786,5.0333,119.7667,1,,,0.90,0.165,,gleich
1865,HN,"Bongao, Tawi-Tawi, Philippines",harmonics/utide/harmonics_utide_tidetables.txt,314141,5.0346,119.7747,,,,0.90,0.165,,gleich
1866,N,"Port Borden, Prince Edward Island, Canada",harmonics/classic/harmonics-2004-06-14_mod.txt,220964,46.2461,-63.7007,,46.2500,-63.7000,0.00,0.000,,gleich
1866,N,"Port Borden, Prince Edward Island, Canada",harmonics/utide/harmonics_utide_tidetables.txt,309301,46.2461,-63.7007,,,,0.00,0.000,,gleich
1867,G,"Port Bowen, Prince Regent Inlet, Nunavut, Canada",harmonics/noaa/harmonics_noaa_amtt.txt,18986,73.2333,-88.9167,1,,,6.56,0.075,1,gleich
1867,G,"Port Bowen, Nunavut, Canada",harmonics/utide/harmonics_utide_tidetables.txt,243051,73.2800,-89.0417,,,,6.56,0.075,1,gleich
1868,H,"Port Campbell, Victoria, Australia",harmonics/classic/harmonics-2004-06-14_mod.txt,221350,-38.6211,142.9915,,-38.6333,143.0000,0.00,0.223,,gleich
1868,H,"Port Campbell, Victoria, Australia",harmonics/noaa/harmonics_noaa_cptt.txt,253460,-38.6211,142.9915,1,,,0.00,0.223,,gleich
1869,L,"Port Castries, Saint Lucia",harmonics/classic/harmonics-1997-05-25_mod.txt,27698,14.0164,-60.9975,,14.0167,-61.0000,0.27,0.181,,gleich
1869,L,"Castries, Saint Lucia",harmonics/noaa/harmonics_noaa_carib.txt,25323,14.0167,-61.0000,,,,0.27,0.181,,gleich
1870,N,"Port Chalmers, Otago Harbor, Otago, New Zealand",harmonics/noaa/harmonics_noaa_cptt.txt,225355,-45.8167,170.6500,1,,,2.02,0.099,,gleich
1870,N,"Port Chalmers, Otago, New Zealand",harmonics/ticon/harmonics_ticon4_worldwide.txt,147934,-45.8147,170.6241,,-45.8170,170.6500,2.02,0.099,,gleich
1870,N,"Port Chalmers, Otago, New Zealand",harmonics/utide/harmonics_utide_observations.txt,168346,-45.8147,170.6241,,-45.8170,170.6500,2.02,0.099,,gleich
1871,N,"Port Clinton, Queensland, Australia",harmonics/classic/harmonics-2004-06-14_mod.txt,221545,-22.5333,150.7500,,,,0.00,0.076,,gleich
1871,N,"Port Clinton, Coral Sea, Queensland, Australia",harmonics/noaa/harmonics_noaa_cptt.txt,247981,-22.5333,150.7500,1,,,0.00,0.076,,gleich
1872,N,"Port Cornwallis, Andaman and Nicobar, India",harmonics/att/harmonics_att_np203_scs.txt,26464,13.3167,93.0500,,,,0.00,0.095,,gleich
1872,N,"Port Cornwallis, Andaman and Nicobar, India",harmonics/noaa/harmonics_noaa_cptt.txt,261907,13.3167,93.0500,1,,,0.00,0.095,,gleich
1873,H,"Port Dalrymple entrance, Tasmania, Australia",harmonics/noaa/harmonics_noaa_cptt.txt,251900,-41.0667,146.8000,1,,,0.48,0.122,,verschieden
1873,H,"Low Head, Tasmania, Australia",harmonics/ticon/harmonics_ticon4_worldwide.txt,108256,-41.0651,146.7947,,,,0.48,0.122,,verschieden
1874,N,"Port Dickson, Malaysia",harmonics/classic/harmonics-1997-05-25_mod.txt,27820,2.5194,101.7911,,2.5167,101.7833,0.00,0.017,,gleich
1874,N,"Port Dickson, Malaysia",harmonics/utide/harmonics_utide_tidetables.txt,676299,2.5194,101.7911,,2.5167,101.7833,0.00,0.017,,gleich
1875,N,"Port Ellen (Islay), Scotland, United Kingdom",harmonics/ticon/harmonics_ticon4_worldwide.txt,148334,55.6276,-6.1899,,,,0.02,0.030,,gleich
1875,N,"Port Ellen (Islay), Scotland, United Kingdom",harmonics/utide/harmonics_utide_observations.txt,196471,55.6274,-6.1901,,,,0.02,0.030,,gleich
1876,H,"Port Eyre, South Australia, Australia",harmonics/classic/harmonics-2004-06-14_mod.txt,222319,-32.0000,132.4500,,,,0.00,0.210,,gleich
1876,H,"Port Eyre, South Australia, Australia",harmonics/noaa/harmonics_noaa_cptt.txt,256001,-32.0000,132.4500,1,,,0.00,0.210,,gleich
1877,H,"Port Goro, Toemo Island, New Caledonia",harmonics/noaa/harmonics_noaa_cptt.txt,235313,-22.3333,167.0167,1,,,2.97,0.107,,gleich
1877,H,"Goro, New Caledonia",harmonics/utide/harmonics_utide_tidetables.txt,339663,-22.3073,167.0102,,,,2.97,0.107,,gleich
1878,N,"Port Hardy, British Columbia, Canada",harmonics/utide/harmonics_utide_observations.txt,42786,50.7220,-127.4890,,,,0.00,0.004,,gleich
1878,N,"Port Hardy, British Columbia, Canada",harmonics/utide/harmonics_utide_tidetables.txt,123911,50.7220,-127.4890,,,,0.00,0.004,,gleich
1879,H,"Port Holland, Philippines",harmonics/att/harmonics_att_np203_scs.txt,86284,6.5500,121.8667,,,,0.00,0.152,,gleich
1879,H,"Port Holland, Basilan Island, Zamboanga del Sur, Philippines",harmonics/noaa/harmonics_noaa_cptt.txt,172213,6.5500,121.8667,1,,,0.00,0.152,,gleich
1880,N,"Port Hope Simpson, Labrador, Canada",harmonics/classic/harmonics-2004-06-14_mod.txt,223089,52.5491,-56.2962,,,,0.00,0.000,,gleich
1880,N,"Port Hope Simpson, Labrador, Canada",harmonics/utide/harmonics_utide_tidetables.txt,190004,52.5491,-56.2962,,,,0.00,0.000,,gleich
1881,N,"Port Isaac, England, United Kingdom",harmonics/ticon/harmonics_ticon4_worldwide.txt,152565,50.5942,-4.8344,,,,0.00,0.003,,gleich
1881,N,"Port Isaac, England, United Kingdom",harmonics/utide/harmonics_utide_observations.txt,198822,50.5942,-4.8344,,,,0.00,0.003,,gleich
1882,N,"Port Jefferson, Long Island Sound, New York",harmonics/classic/harmonics-2004-06-14_mod.txt,223281,40.9500,-73.0767,,,,0.00,0.009,,gleich
1882,N,"Port Jefferson, Long Island, New York",harmonics/classic/harmonics-dwf-20251228-free.txt,46355,40.9500,-73.0767,,,,0.00,0.009,,gleich
1883,GN,"Port Jose Panganiban, Philippines",harmonics/att/harmonics_att_np203_scs.txt,77552,14.3000,122.6833,,,,1.88,0.051,,gleich
1883,GN,"Port Jose Panganiban, Camarines Norte, Philippines",harmonics/noaa/harmonics_noaa_cptt.txt,214287,14.3000,122.6833,1,,,1.88,0.051,,gleich
1883,GN,"Jose Panganiban, Camarines Norte, Philippines",harmonics/utide/harmonics_utide_tidetables.txt,317055,14.3142,122.6739,,,,1.88,0.051,,gleich
1884,N,"Port Kamsar (Rio Nunez), Guinea",harmonics/att/harmonics_att_np208.txt,16727,10.6500,-14.6170,,,,0.02,0.005,,gleich
1884,N,"Port Kamsar (Rio Nunez), Guinea",harmonics/utide/harmonics_utide_tidetables.txt,342983,10.6500,-14.6168,,10.6517,-14.6178,0.02,0.005,,gleich
1885,N,"Port Kanoan, Philippines",harmonics/att/harmonics_att_np203_scs.txt,69980,9.2500,123.5833,,,,0.00,0.099,,verschieden
1885,N,"Larena, Siquijor Island, Negros Oriental, Philippines",harmonics/noaa/harmonics_noaa_cptt.txt,192667,9.2500,123.5833,1,,,0.00,0.099,,verschieden
1886,G,"Port Keats, Northern Territory, Australia",harmonics/classic/harmonics-2004-06-14_mod.txt,223476,-14.0500,129.5667,,,,12.82,0.098,1,gleich
1886,G,"Port Keats, Northern Territory, Australia",harmonics/utide/harmonics_utide_tidetables.txt,57897,-14.1653,129.5679,,,,12.82,0.098,1,gleich
1887,N,"Port Kem, Russia",harmonics/classic/harmonics-1997-05-25_mod.txt,28064,64.9833,34.7833,,,,0.00,0.023,,gleich
1887,N,"Port Kem, Russia (2)",harmonics/utide/harmonics_utide_tidetables.txt,672015,64.9833,34.7833,,,,0.00,0.023,,gleich
1888,N,"Port Lampon, Philippines",harmonics/att/harmonics_att_np203_scs.txt,77164,14.6667,121.6167,,,,0.61,0.050,,verschieden
1888,N,"Port Lampon, Quezon, Philippines",harmonics/noaa/harmonics_noaa_cptt.txt,213322,14.6667,121.6167,1,,,0.61,0.050,,verschieden
1888,N,"Real, Quezon, Philippines",harmonics/utide/harmonics_utide_tidetables.txt,320171,14.6713,121.6135,,,,0.61,0.050,,verschieden
1889,N,"Port Lavaca, Matagorda Bay, Texas",harmonics/classic/harmonics-2004-06-14_mod.txt,223860,28.6500,-96.5950,,,,1.78,0.091,,gleich
1889,N,"Port Lavaca, Lavaca Causeway, Matagorda Bay, Texas",harmonics/classic/harmonics-dwf-20251228-free.txt,170505,28.6406,-96.6098,,,,1.78,0.091,,gleich
1890,N,"Port Lebak, Philippines",harmonics/att/harmonics_att_np203_scs.txt,83374,6.5333,124.0500,,,,2.23,0.081,,verschieden
1890,N,"Port Lebak, Sultan Kudarat, Philippines",harmonics/noaa/harmonics_noaa_cptt.txt,180124,6.5333,124.0500,1,,,2.23,0.081,,verschieden
1890,N,"Kalamansig, Sultan Kudarat, Philippines",harmonics/utide/harmonics_utide_tidetables.txt,317249,6.5525,124.0443,,,,2.23,0.081,,verschieden
1891,N,"Port Leven, Madagascar",harmonics/att/harmonics_att_np203_secondary.txt,32507,-12.8000,49.8167,,,,0.00,0.071,,verschieden
1891,N,"Mangerivy Bay (Port Leven), Madagascar",harmonics/noaa/harmonics_noaa_cptt.txt,287376,-12.8000,49.8167,1,,,0.00,0.071,,verschieden
1892,N,"Port Looc, Philippines",harmonics/att/harmonics_att_np203_scs.txt,65712,12.2667,121.9833,,,,1.81,0.051,,gleich
1892,N,"Looc, Tablas Island, Romblon, Philippines",harmonics/noaa/harmonics_noaa_cptt.txt,204637,12.2667,122.0000,1,,,1.81,0.051,,gleich
1893,N,"Port Louis, Mauritius",harmonics/att/harmonics_att_np203_secondary.txt,33476,-20.1500,57.4830,,,,0.02,0.092,,gleich
1893,N,"Port Louis, Mauritius",harmonics/noaa/harmonics_noaa_cptt.txt,289530,-20.1500,57.4830,1,,,0.02,0.092,,gleich
1893,N,"Port Louis, Mauritius",harmonics/ticon/harmonics_ticon4_worldwide.txt,149546,-20.1501,57.4832,,-20.1550,57.4950,0.02,0.092,,gleich
1894,H,"Port Macdonnell, South Australia, Australia",harmonics/classic/harmonics-2004-06-14_mod.txt,224244,-38.0568,140.7026,,-38.0500,140.7000,1.12,0.353,1,gleich
1894,H,"Port MacDonnell, South Australia, Australia",harmonics/noaa/harmonics_noaa_cptt.txt,253849,-38.0667,140.7000,1,,,1.12,0.353,1,gleich
1895,N,"Port Macquarie bar, New South Wales, Australia",harmonics/noaa/harmonics_noaa_cptt.txt,250331,-31.4333,152.9333,1,,,2.24,0.049,,aehnlich
1895,N,"Port Macquarie, New South Wales, Australia",harmonics/ticon/harmonics_ticon4_worldwide.txt,149744,-31.4268,152.9110,,,,2.24,0.049,,aehnlich
1896,GN,"Port Masinloc, Philippines",harmonics/att/harmonics_att_np203_scs_secondary.txt,19889,15.5167,119.9167,1,,,4.03,0.047,1,gleich
1896,GN,"Port Masinloc, Zambales, Philippines",harmonics/noaa/harmonics_noaa_cptt.txt,207920,15.5167,119.9167,1,,,4.03,0.047,1,gleich
1896,GN,"Masinloc, Zambales, Philippines",harmonics/utide/harmonics_utide_tidetables.txt,318609,15.5388,119.9466,,,,4.03,0.047,1,gleich
1897,N,"Port Maturin, Rodrigues, Mauritius",harmonics/att/harmonics_att_np203_secondary.txt,33866,-19.6809,63.4202,,,,0.00,0.023,,gleich
1897,N,"Port Maturin, Rodrigues, Mauritius",harmonics/ticon/harmonics_ticon4_worldwide.txt,165280,-19.6809,63.4202,,-19.6680,63.4180,0.00,0.023,,gleich
1898,N,"Port Moody, British Columbia, Canada",harmonics/utide/harmonics_utide_observations.txt,42981,49.2877,-122.8658,,,,0.00,0.004,,gleich
1898,N,"Port Moody, British Columbia, Canada",harmonics/utide/harmonics_utide_tidetables.txt,107098,49.2877,-122.8658,,,,0.00,0.004,,gleich
1899,N,"Port Moresby, Papua New Guinea",harmonics/noaa/harmonics_noaa_cptt.txt,240966,-9.4780,147.1400,1,,,0.00,0.041,,gleich
1899,N,"Port Moresby, Papua New Guinea",harmonics/ticon/harmonics_ticon4_worldwide.txt,149947,-9.4780,147.1400,,,,0.00,0.041,,gleich
1899,N,"Port Moresby, Papua New Guinea",harmonics/utide/harmonics_utide_observations.txt,181471,-9.4780,147.1400,,,,0.00,0.041,,gleich
1900,N,"Port Nelson, Manitoba, Canada",harmonics/classic/harmonics-2004-06-14_mod.txt,225197,57.0396,-92.5945,,57.0000,-92.0500,0.00,0.000,,gleich
1900,N,"Port Nelson, Manitoba, Canada",harmonics/utide/harmonics_utide_tidetables.txt,156401,57.0396,-92.5945,,,,0.00,0.000,,gleich
1901,H,"Port Nepui, New Caledonia",harmonics/noaa/harmonics_noaa_cptt.txt,235713,-21.3500,164.9667,1,,,2.65,0.139,,verschieden
1901,H,"Mueo (Nepoui), New Caledonia",harmonics/utide/harmonics_utide_tidetables.txt,353909,-21.3355,164.9870,,,,2.65,0.139,,verschieden
1902,H,"Port Nevel'sk, Russia",harmonics/att/harmonics_att_np204_secondary.txt,21898,46.6667,141.8500,,,,0.00,0.659,1,verschieden
1902,H,"Tokombo Road, Russia",harmonics/noaa/harmonics_noaa_cptt.txt,33196,46.6667,141.8500,1,,,0.00,0.659,1,verschieden
1903,N,"Port Nolloth, South Africa",harmonics/att/harmonics_att_np203_secondary.txt,17321,-29.2500,16.8670,,,,0.03,0.039,,gleich
1903,N,"Port Nolloth, South Africa",harmonics/att/harmonics_att_np208_secondary.txt,48722,-29.2500,16.8670,,,,0.03,0.039,,gleich
1903,N,"Port Nolloth, South Africa",harmonics/ticon/harmonics_ticon4_worldwide.txt,150148,-29.2497,16.8669,,-29.2830,16.8500,0.03,0.039,,gleich
1903,N,"Port Nolloth, South Africa",harmonics/utide/harmonics_utide_observations.txt,187994,-29.2500,16.8670,,,,0.03,0.039,,gleich
1904,N,"Port Pilar, Philippines",harmonics/att/harmonics_att_np203_scs.txt,81628,9.8667,126.1000,,,,0.00,0.084,,gleich
1904,N,"Port Pilar, Siargao Island, Surigao del Sur, Philippines",harmonics/noaa/harmonics_noaa_cptt.txt,177036,9.8667,126.1000,1,,,0.00,0.084,,gleich
1905,N,"Port Pirie, Spencer Gulf, South Australia, Australia",harmonics/noaa/harmonics_noaa_cptt.txt,255417,-33.1667,138.0167,1,,,1.30,0.097,,gleich
1905,N,"Port Pirie, South Australia, Australia",harmonics/ticon/harmonics_ticon4_worldwide.txt,150348,-33.1776,138.0117,,,,1.30,0.097,,gleich
1906,N,"Port Pusgo, Philippines",harmonics/att/harmonics_att_np203_scs.txt,72114,13.5333,122.6000,,,,1.85,0.068,,gleich
1906,N,"Port Pusgo, Camarines Sur, Philippines",harmonics/noaa/harmonics_noaa_cptt.txt,217761,13.5167,122.6000,1,,,1.85,0.068,,gleich
1907,N,"Port Qasim Entrance (Bundle Island), Pakistan",harmonics/att/harmonics_att_np203_secondary.txt,106299,24.7000,67.1500,,24.7000,67.1333,0.00,0.015,,gleich
1907,N,"Port Qasim Entrance (Bundle Island), Pakistan",harmonics/utide/harmonics_utide_tidetables.txt,672986,24.7000,67.1500,,,,0.00,0.015,,gleich
1908,G,"Port Refuge, Cocos Islands, Western Australia, Australia",harmonics/classic/harmonics-2004-06-14_mod.txt,225591,-12.1063,96.8629,,-12.0833,96.8833,3.39,0.087,1,gleich
1908,G,"Port Refuge, Cocos Islands, Western Australia, Australia",harmonics/utide/harmonics_utide_observations.txt,17441,-12.1167,96.8922,,,,3.39,0.087,1,gleich
1909,N,"Port Royal, Jamaica",harmonics/ticon/harmonics_ticon4_worldwide.txt,150554,17.9348,-76.8447,,17.9330,-76.8500,0.00,0.001,,gleich
1909,N,"Port Royal, Jamaica",harmonics/utide/harmonics_utide_observations.txt,50035,17.9348,-76.8447,,,,0.00,0.001,,gleich
1910,N,"Port Russell, Northland, New Zealand",harmonics/noaa/harmonics_noaa_cptt.txt,233160,-35.2667,174.1167,1,,,0.64,0.050,,gleich
1910,N,"Russell, New Zealand",harmonics/utide/harmonics_utide_tidetables.txt,555517,-35.2619,174.1205,,,,0.64,0.050,,gleich
1911,N,"Port S. Maria, Philippines",harmonics/att/harmonics_att_np203_scs.txt,84538,7.7667,122.1167,,,,0.00,0.055,,aehnlich
1911,N,"Port Santa Maria, Zamboanga del Norte, Philippines",harmonics/noaa/harmonics_noaa_cptt.txt,173178,7.7667,122.1167,1,,,0.00,0.055,,aehnlich
1912,N,"Port S. Vicente, Philippines",harmonics/att/harmonics_att_np203_scs.txt,74836,18.5167,122.1333,,,,0.00,0.048,,aehnlich
1912,N,"Port San Vicente, Cagayan, Philippines",harmonics/noaa/harmonics_noaa_cptt.txt,210236,18.5167,122.1333,1,,,0.00,0.048,,aehnlich
1913,HN,"Port Said, Egypt",harmonics/att/harmonics_att_np208.txt,22839,31.2667,32.3167,,31.2670,32.3170,0.00,0.159,,gleich
1913,HN,"Port Said, Egypt",harmonics/classic/harmonics-1997-05-25_mod.txt,28308,31.2667,32.3167,,,,0.00,0.159,,gleich
1913,HN,"Port Said, Egypt",harmonics/noaa/harmonics_noaa_eutt.txt,36905,31.2667,32.3167,1,,,0.00,0.159,,gleich
1914,H,"Port Salomague, Philippines",harmonics/att/harmonics_att_np203_scs.txt,74060,17.7833,120.4167,,,,0.00,0.162,,gleich
1914,H,"Salomague, Cagayan, Philippines",harmonics/noaa/harmonics_noaa_cptt.txt,209078,17.7833,120.4167,1,,,0.00,0.162,,gleich
1915,N,"Port San Juan, British Columbia, Canada",harmonics/noaa/harmonics_noaa_amtt.txt,68858,48.5500,-124.4167,1,,,0.64,0.043,,verschieden
1915,N,"Port Renfrew, British Columbia, Canada",harmonics/utide/harmonics_utide_observations.txt,43176,48.5550,-124.4210,,,,0.64,0.043,,verschieden
1915,N,"Port Renfrew, British Columbia, Canada",harmonics/utide/harmonics_utide_tidetables.txt,125845,48.5550,-124.4210,,,,0.64,0.043,,verschieden
1916,N,"Port San Pio Quinto, Philippines",harmonics/att/harmonics_att_np203_scs.txt,75418,18.9000,121.8667,,,,0.00,0.068,,gleich
1916,N,"Port San Pio Quinto, Camiguin Island, Cagayan, Philippines",harmonics/noaa/harmonics_noaa_cptt.txt,210427,18.9000,121.8667,1,,,0.00,0.068,,gleich
1917,N,"Port Simpson, British Columbia, Canada",harmonics/ticon/harmonics_ticon4_worldwide.txt,150950,54.5600,-130.4310,,54.5600,-130.4300,0.00,0.005,,verschieden
1917,N,"Lax Kw'alaams, British Columbia, Canada",harmonics/utide/harmonics_utide_tidetables.txt,147517,54.5600,-130.4310,,,,0.00,0.005,,verschieden
1918,N,"Port Tilig (Lubang Island), Occidental Mindoro, Philippines",harmonics/noaa/harmonics_noaa_cptt.txt,206762,13.8167,120.2000,1,,,0.21,0.031,,aehnlich
1918,N,"Tilik, Lubang, Philippines",harmonics/ticon/harmonics_ticon4_worldwide.txt,108862,13.8160,120.2018,,13.8170,120.2020,0.21,0.031,,aehnlich
1918,N,"Tilik, Lubang, Philippines",harmonics/utide/harmonics_utide_observations.txt,180677,13.8160,120.2018,,,,0.21,0.031,,aehnlich
1919,N,"Port Townsend, Washington (3)",harmonics/classic/harmonics-2004-06-14_mod.txt,226166,48.1333,-122.7667,,,,2.51,0.036,,gleich
1919,N,"Port Townsend (Point Hudson), Admiralty Inlet, Washington",harmonics/classic/harmonics-dwf-20251228-free.txt,200414,48.1112,-122.7597,,,,2.51,0.036,,gleich
1920,N,"Port Tudy (Île de Groix), France",harmonics/ticon/harmonics_ticon4_worldwide.txt,151153,47.6446,-3.4463,,47.6443,-3.4459,0.00,0.005,,gleich
1920,N,"Port Tudy (Île de Groix), France",harmonics/utide/harmonics_utide_observations.txt,64484,47.6446,-3.4463,,,,0.00,0.005,,gleich
1920,N,"Port Tudy (Île de Groix), France",harmonics/utide/harmonics_utide_tidetables.txt,361732,47.6446,-3.4463,,,,0.00,0.005,,gleich
1921,N,"Port Union, Newfoundland, Canada",harmonics/classic/harmonics-2004-06-14_mod.txt,226551,48.4989,-53.0811,,48.5000,-53.0833,0.00,0.000,,gleich
1921,N,"Port Union, Newfoundland, Canada",harmonics/utide/harmonics_utide_tidetables.txt,180545,48.4989,-53.0811,,,,0.00,0.000,,gleich
1922,K,"Port Vladimir, Russia",harmonics/att/harmonics_att_np202_secondary.txt,44070,69.4167,33.1500,,,,0.00,0.165,,aehnlich
1922,K,"Port Vladimirski, Russia",harmonics/noaa/harmonics_noaa_eutt.txt,93057,69.4167,33.1500,1,,,0.00,0.165,,aehnlich
1923,N,"Port Washington, Manhasset Bay, Long Island Sound, New York",harmonics/classic/harmonics-2004-06-14_mod.txt,227326,40.8333,-73.7000,,,,0.33,0.042,,gleich
1923,N,"Port Washington, Manhasset Bay, Long Island, New York",harmonics/classic/harmonics-dwf-20251228-free.txt,49486,40.8317,-73.7033,,,,0.33,0.042,,gleich
1924,N,"Port d'Étel, France",harmonics/classic/harmonics-pierre-lavergne-v10_mod.txt,14840,47.6574,-3.2075,,,,1.50,0.070,,verschieden
1924,N,"Entrée rivière d'Étel, France",harmonics/utide/harmonics_utide_tidetables.txt,337711,47.6442,-3.2117,,,,1.50,0.070,,verschieden
1924,N,"Port d'Étel, France",harmonics/utide/harmonics_utide_tidetables.txt,359385,47.6574,-3.2075,,47.6567,-3.2067,1.50,0.070,,verschieden
1925,N,"Port de Tan-Tan (El Ouatia), Morocco",harmonics/att/harmonics_att_np208_secondary.txt,22595,28.4759,-11.3549,,,,0.00,0.032,,gleich
1925,N,"Port de Tan-Tan (El Ouatia), Morocco",harmonics/utide/harmonics_utide_tidetables.txt,370712,28.4759,-11.3549,,,,0.00,0.032,,gleich
1926,N,"Port of Spain, Trinidad and Tobago",harmonics/ticon/harmonics_ticon4_worldwide.txt,152364,10.6500,-61.5170,,,,0.00,0.000,,gleich
1926,N,"Port of Spain, Trinidad and Tobago",harmonics/utide/harmonics_utide_observations.txt,190961,10.6500,-61.5170,,,,0.00,0.000,,gleich
1927,N,"Port-Bloc (La Pointe de Grave), France",harmonics/ticon/harmonics_ticon4_worldwide.txt,147736,45.5685,-1.0616,,,,0.00,0.014,,gleich
1927,N,"Port-Bloc (La Pointe de Grave), France",harmonics/utide/harmonics_utide_observations.txt,62045,45.5685,-1.0616,,,,0.00,0.014,,gleich
1928,G,"Port-Béni, France",harmonics/classic/harmonics-pierre-lavergne-v10_mod.txt,10169,48.8471,-3.1723,,,,0.01,0.012,,gleich
1928,G,"Port-Béni, France",harmonics/utide/harmonics_utide_tidetables.txt,360165,48.8472,-3.1723,,,,0.01,0.012,,gleich
1929,N,"Port-Haliguen, France",harmonics/classic/harmonics-pierre-lavergne-v10_mod.txt,15214,47.4893,-3.0988,,,,0.00,0.003,,gleich
1929,N,"Port-Haliguen, France",harmonics/utide/harmonics_utide_tidetables.txt,360750,47.4893,-3.0988,,47.4833,-3.1000,0.00,0.003,,gleich
1930,N,"Port-Joinville (Île d'Yeu), France",harmonics/classic/harmonics-pierre-lavergne-v10_mod.txt,18582,46.7289,-2.3476,,,,0.01,0.045,,gleich
1930,N,"Port-Joinville (Île d'Yeu), France",harmonics/noaa/harmonics_noaa_eutt.txt,49672,46.7288,-2.3476,1,,,0.01,0.045,,gleich
1930,N,"Port-Joinville (Île d'Yeu), France",harmonics/utide/harmonics_utide_tidetables.txt,360945,46.7289,-2.3476,,46.7267,-2.3480,0.01,0.045,,gleich
1931,N,"Port-Louis (Locmalo), France",harmonics/classic/harmonics-pierre-lavergne-v10_mod.txt,14653,47.7055,-3.3454,,,,0.01,0.023,,gleich
1931,N,"Port-Louis (Locmalo), France",harmonics/noaa/harmonics_noaa_eutt.txt,50843,47.7055,-3.3454,1,,,0.01,0.023,,gleich
1931,N,"Port-Louis (Locmalo), France",harmonics/utide/harmonics_utide_tidetables.txt,361140,47.7055,-3.3453,,,,0.01,0.023,,gleich
1932,N,"Port-Maria, France",harmonics/classic/harmonics-pierre-lavergne-v10_mod.txt,15027,47.4756,-3.1220,,,,0.00,0.003,,gleich
1932,N,"Port-Maria, France",harmonics/utide/harmonics_utide_tidetables.txt,361335,47.4756,-3.1220,,47.4833,-3.1333,0.00,0.003,,gleich
1933,G,"Port-Navalo, France",harmonics/classic/harmonics-pierre-lavergne-v10_mod.txt,15588,47.5499,-2.9166,,,,0.01,0.019,,gleich
1933,G,"Port-Navalo, France",harmonics/noaa/harmonics_noaa_eutt.txt,50258,47.5500,-2.9167,1,,,0.01,0.019,,gleich
1933,G,"Port-Navalo, France",harmonics/utide/harmonics_utide_tidetables.txt,361532,47.5499,-2.9166,,47.5500,-2.9167,0.01,0.019,,gleich
1934,N,"Port-Saint-François, Québec, Canada",harmonics/ticon/harmonics_ticon4_worldwide.txt,150753,46.2725,-72.6193,,46.2700,-72.6200,0.00,0.089,,gleich
1934,N,"Port-Saint-François, Québec, Canada",harmonics/utide/harmonics_utide_tidetables.txt,274959,46.2725,-72.6193,,,,0.00,0.089,,gleich
1935,HLN,"Port-aux-Francais, French Southern Territories",harmonics/att/harmonics_att_np203_secondary.txt,15776,-49.3521,70.2191,,-49.3500,70.2170,0.00,0.215,,verschieden
1935,HLN,"Port-aux-Francais, Kerguelen Islands",harmonics/classic/harmonics-1997-05-25_mod.txt,28558,-49.3521,70.2191,,-49.3500,70.2167,0.00,0.215,,verschieden
1935,HLN,"Baie du Morbihan, French Southern Territories",harmonics/noaa/harmonics_noaa_cptt.txt,290704,-49.3521,70.2191,1,,,0.00,0.215,,verschieden
1935,HLN,"Port-aux-Francais, Kerguelen Islands",harmonics/ticon/harmonics_ticon4_worldwide.txt,91625,-49.3521,70.2191,,-49.3450,70.2200,0.00,0.215,,verschieden
1935,HLN,"Port-aux-Français, Kerguelen",harmonics/utide/harmonics_utide_tidetables.txt,362134,-49.3521,70.2191,,-49.3500,70.2167,0.00,0.215,,verschieden
1936,N,"Port-en-Bessin, France",harmonics/classic/harmonics-pierre-lavergne-v10_mod.txt,5313,49.3514,-0.7556,,49.3503,-0.7560,0.00,0.062,,gleich
1936,N,"Port-en-Bessin, France",harmonics/noaa/harmonics_noaa_eutt.txt,53587,49.3514,-0.7556,1,,,0.00,0.062,,gleich
1936,N,"Port-en-Bessin, France",harmonics/utide/harmonics_utide_tidetables.txt,362526,49.3514,-0.7556,,,,0.00,0.062,,gleich
1937,N,"Portbail, France",harmonics/classic/harmonics-pierre-lavergne-v10_mod.txt,6809,49.3068,-1.7447,,49.3343,-1.7001,0.00,0.011,,gleich
1937,N,"Portbail, France",harmonics/utide/harmonics_utide_tidetables.txt,362916,49.3068,-1.7447,,,,0.00,0.011,,gleich
1938,H,"Porthcawl (Bristol Channel), Wales, United Kingdom",harmonics/noaa/harmonics_noaa_eutt.txt,64936,51.4731,-3.6997,1,,,0.00,0.108,,gleich
1938,H,"Porthcawl (Bristol Channel), Wales, United Kingdom",harmonics/utide/harmonics_utide_tidetables.txt,492286,51.4731,-3.6997,,,,0.00,0.108,,gleich
1939,N,"Portimão (exterior), Portugal",harmonics/utide/harmonics_utide_tidetables.txt,692534,37.1253,-8.5282,,37.1267,-8.5283,0.89,0.090,,gleich
1939,N,"Portimão (interior), Portugal",harmonics/utide/harmonics_utide_tidetables.txt,692725,37.1319,-8.5338,,37.1317,-8.5350,0.89,0.090,,gleich
1940,N,"Portland Roads, Queensland, Australia",harmonics/classic/harmonics-2004-06-14_mod.txt,227521,-12.6000,143.4167,,,,1.85,0.069,,verschieden
1940,N,"Rocky Island, Queensland, Australia",harmonics/utide/harmonics_utide_tidetables.txt,65816,-12.5833,143.4167,,,,1.85,0.069,,verschieden
1941,N,"Portmahomack, Scotland, United Kingdom",harmonics/noaa/harmonics_noaa_eutt.txt,54389,57.8377,-3.8298,1,,,0.00,0.088,,gleich
1941,N,"Portmahomack, Scotland, United Kingdom",harmonics/utide/harmonics_utide_tidetables.txt,493060,57.8377,-3.8298,,,,0.00,0.088,,gleich
1942,N,"Porto Amboim, Angola",harmonics/att/harmonics_att_np208_secondary.txt,46408,-10.7305,13.7493,,,,0.00,0.078,,gleich
1942,N,"Porto Amboim, Angola",harmonics/noaa/harmonics_noaa_eutt.txt,19731,-10.7305,13.7493,1,,,0.00,0.078,,gleich
1943,N,"Porto Belo, Santa Catarina, Brazil",harmonics/att/harmonics_att_np207.txt,40738,-27.1533,-48.5452,,-27.1500,-48.5500,0.00,0.047,,gleich
1943,N,"Porto Belo, Santa Catarina, Brazil",harmonics/noaa/harmonics_noaa_amtt.txt,49303,-27.1533,-48.5452,1,,,0.00,0.047,,gleich
1944,N,"Porto Moniz, Madeira, Portugal",harmonics/att/harmonics_att_np208_secondary.txt,16371,32.8664,-17.1654,,,,0.00,0.043,,gleich
1944,N,"Porto Moniz, Madeira, Portugal",harmonics/utide/harmonics_utide_tidetables.txt,693865,32.8664,-17.1654,,32.8650,-17.3317,0.00,0.043,,gleich
1945,N,"Porto Santo, Madeira, Portugal",harmonics/att/harmonics_att_np208_secondary.txt,16956,33.0597,-16.3149,,,,0.00,0.028,,gleich
1945,N,"Porto Santo, Madeira, Portugal",harmonics/utide/harmonics_utide_observations.txt,186026,33.0597,-16.3149,,,,0.00,0.028,,gleich
1946,N,"Porto Seguro, Bahia, Brazil",harmonics/att/harmonics_att_np207.txt,15580,-16.4549,-39.0659,,-16.4500,-39.0667,0.00,0.044,,gleich
1946,N,"Porto Seguro, Bahia, Brazil",harmonics/utide/harmonics_utide_tidetables.txt,713882,-16.4549,-39.0659,,,,0.00,0.044,,gleich
1947,N,"Porto da Cruz, Madeira, Portugal",harmonics/att/harmonics_att_np208_secondary.txt,16566,32.7753,-16.8265,,,,0.00,0.055,,gleich
1947,N,"Porto da Cruz, Madeira, Portugal",harmonics/utide/harmonics_utide_tidetables.txt,694055,32.7753,-16.8265,,32.7733,-16.8250,0.00,0.055,,gleich
1948,N,"Porto de Leixoes (Matosinhos), Portugal",harmonics/ticon/harmonics_ticon4_worldwide.txt,105445,41.1867,-8.7045,,,,0.00,0.005,,gleich
1948,N,"Porto de Leixoes (Matosinhos), Portugal",harmonics/utide/harmonics_utide_observations.txt,184647,41.1867,-8.7045,,,,0.00,0.005,,gleich
1949,K,"Porto di Malamocco, Italy",harmonics/att/harmonics_att_np208.txt,29333,45.3376,12.3273,,45.3330,12.3500,3.94,0.091,1,aehnlich
1949,K,"Malamocco, Italy",harmonics/noaa/harmonics_noaa_eutt.txt,38273,45.3708,12.3449,1,45.3333,12.3500,3.94,0.091,1,aehnlich
1950,N,"Porto do Lobito, Angola",harmonics/att/harmonics_att_np208.txt,20929,-12.3500,13.5500,,-12.3330,13.5670,1.90,0.093,,verschieden
1950,N,"Porto do Lobito, Angola",harmonics/noaa/harmonics_noaa_eutt.txt,19531,-12.3500,13.5500,1,,,1.90,0.093,,verschieden
1950,N,"Lobito, Angola",harmonics/ticon/harmonics_ticon4_worldwide.txt,106855,-12.3355,13.5592,,-12.3330,13.5580,1.90,0.093,,verschieden
1950,N,"Lobito, Angola",harmonics/utide/harmonics_utide_observations.txt,38699,-12.3355,13.5592,,-12.3330,13.5580,1.90,0.093,,verschieden
1951,N,"Portpatrick, Scotland, United Kingdom",harmonics/ticon/harmonics_ticon4_worldwide.txt,153165,54.8426,-5.1200,,,,0.00,0.001,,gleich
1951,N,"Portpatrick, Scotland, United Kingdom",harmonics/utide/harmonics_utide_observations.txt,195292,54.8426,-5.1200,,,,0.00,0.001,,gleich
1952,N,"Portree, Raasey Sound, Scotland, United Kingdom",harmonics/noaa/harmonics_noaa_eutt.txt,72864,57.4108,-6.1903,1,,,0.00,0.019,,gleich
1952,N,"Portree (Skye), Scotland, United Kingdom",harmonics/utide/harmonics_utide_tidetables.txt,493446,57.4108,-6.1903,,,,0.00,0.019,,gleich
1953,N,"Portsall, France",harmonics/classic/harmonics-pierre-lavergne-v10_mod.txt,11665,48.5571,-4.7066,,,,0.00,0.008,,gleich
1953,N,"Portsall, France",harmonics/utide/harmonics_utide_tidetables.txt,363306,48.5571,-4.7066,,48.5667,-4.7167,0.00,0.008,,gleich
1954,N,"Portsmouth, England, United Kingdom",harmonics/ticon/harmonics_ticon4_worldwide.txt,153368,50.8022,-1.1113,,,,0.00,0.002,,gleich
1954,N,"Portsmouth, England, United Kingdom",harmonics/utide/harmonics_utide_observations.txt,195490,50.8022,-1.1113,,50.8026,-1.1118,0.00,0.002,,gleich
1955,N,"Poso, Indonesia",harmonics/att/harmonics_att_np203_scs.txt,119678,-1.3667,120.7667,,,,1.86,0.081,,gleich
1955,N,"Poso, Indonesia",harmonics/noaa/harmonics_noaa_cptt.txt,158835,-1.3667,120.7500,1,,,1.86,0.081,,gleich
1956,L,"Posorja, Ecuador",harmonics/classic/harmonics-1997-05-25_mod.txt,28808,-2.6999,-80.2448,,-2.7000,-80.2500,0.02,0.102,,gleich
1956,L,"Posorja, Guayas, Ecuador",harmonics/utide/harmonics_utide_tidetables.txt,701663,-2.7000,-80.2450,,,,0.02,0.102,,gleich
1957,KN,"Poulo Condore, Vietnam",harmonics/att/harmonics_att_np203_scs.txt,153840,8.6667,106.6333,,,,4.10,0.114,1,verschieden
1957,KN,"Con Son, Tien Giang, Vietnam",harmonics/noaa/harmonics_noaa_cptt.txt,135223,8.6833,106.6000,1,,,4.10,0.114,1,verschieden
1957,KN,"Con Dao, Vietnam",harmonics/utide/harmonics_utide_tidetables.txt,635347,8.6730,106.6150,,,,4.10,0.114,1,verschieden
1958,N,"Praia da Vitória (Terceira), Açores, Portugal",harmonics/att/harmonics_att_np208_secondary.txt,16176,38.7298,-27.0573,,38.7330,-27.0670,0.00,0.076,,gleich
1958,N,"Praia da Vitória (Terceira), Açores, Portugal",harmonics/noaa/harmonics_noaa_eutt.txt,16567,38.7298,-27.0573,1,,,0.00,0.076,,gleich
1958,N,"Praia da Vitória (Terceira), Açores, Portugal",harmonics/utide/harmonics_utide_tidetables.txt,694815,38.7298,-27.0573,,38.7300,-27.0533,0.00,0.076,,gleich
1959,N,"Prince Rupert RoRo, British Columbia, Canada",harmonics/utide/harmonics_utide_observations.txt,43569,54.2349,-130.3351,,,,0.00,0.002,,gleich
1959,N,"Prince Rupert RoRo, British Columbia, Canada",harmonics/utide/harmonics_utide_tidetables.txt,146545,54.2349,-130.3351,,,,0.00,0.002,,gleich
1960,G,"Prince Rupert, British Columbia, Canada",harmonics/utide/harmonics_utide_observations.txt,43376,54.3170,-130.3240,,,,0.03,0.003,,gleich
1960,G,"Prince Rupert, British Columbia, Canada",harmonics/utide/harmonics_utide_tidetables.txt,147131,54.3170,-130.3245,,,,0.03,0.003,,gleich
1961,N,"Proliv Malyy Oleniy, Russia",harmonics/att/harmonics_att_np202_secondary.txt,42518,69.2500,34.6833,,,,0.66,0.074,,verschieden
1961,N,"Mali Oleni Strait, Russia",harmonics/noaa/harmonics_noaa_eutt.txt,95969,69.2500,34.7000,1,,,0.66,0.074,,verschieden
1962,N,"Prospect, Nova Scotia, Canada",harmonics/classic/harmonics-2004-06-14_mod.txt,228859,44.4689,-63.7841,,44.4500,-63.7833,0.03,0.008,,gleich
1962,N,"Prospect, Nova Scotia, Canada",harmonics/utide/harmonics_utide_tidetables.txt,219836,44.4690,-63.7837,,,,0.03,0.008,,gleich
1963,N,"Provincetown, Massachusetts",harmonics/classic/harmonics-2004-06-14_mod.txt,229267,42.0533,-70.1883,,,,0.65,0.052,,gleich
1963,N,"Provincetown, Cape Cod, Massachusetts",harmonics/classic/harmonics-dwf-20251228-free.txt,30265,42.0496,-70.1822,,,,0.65,0.052,,gleich
1964,N,"Pte. Française (Îles Hattes), French Guiana",harmonics/att/harmonics_att_np207.txt,28830,5.7500,-53.9667,,,,1.96,0.083,,verschieden
1964,N,"Pointe des Hattes (Awala-Yalimapo), French Guiana",harmonics/classic/harmonics-1997-05-25_mod.txt,18961,5.7422,-53.9508,,5.7500,-53.9667,1.96,0.083,,verschieden
1964,N,"Pointe des Hattes (Awala-Yalimapo), French Guiana",harmonics/utide/harmonics_utide_tidetables.txt,356840,5.7422,-53.9508,,5.7450,-53.9533,1.96,0.083,,verschieden
1965,N,"Puducherry (Pondicherry), Tamil Nadu, India",harmonics/att/harmonics_att_np203_secondary.txt,102199,11.9224,79.8361,,11.9333,79.8333,0.00,0.024,,gleich
1965,N,"Puducherry (Pondicherry), Tamil Nadu, India",harmonics/utide/harmonics_utide_tidetables.txt,676493,11.9224,79.8361,,11.9180,79.8330,0.00,0.024,,gleich
1966,N,"Puerto Armuelles, Panama",harmonics/noaa/harmonics_noaa_amtt.txt,114463,8.2686,-82.8570,1,,,0.00,0.026,,gleich
1966,N,"Puerto Armuelles, Panama",harmonics/ticon/harmonics_ticon4_worldwide.txt,154778,8.2686,-82.8570,,8.2730,-82.8600,0.00,0.026,,gleich
1967,N,"Puerto Bolivar, Ecuador",harmonics/noaa/harmonics_noaa_amtt.txt,110925,-3.2667,-80.0167,1,,,1.90,0.048,,gleich
1967,N,"Puerto Bolívar, El Oro, Ecuador",harmonics/utide/harmonics_utide_tidetables.txt,701853,-3.2600,-80.0010,,,,1.90,0.048,,gleich
1968,N,"Puerto Cuatreros (Bahía Blanca), Buenos Aires, Argentina",harmonics/att/harmonics_att_np207.txt,38626,-38.7513,-62.3798,,-38.7500,-62.4000,1.76,0.093,,verschieden
1968,N,"General Daniel Cerri, Buenos Aires, Argentina",harmonics/noaa/harmonics_noaa_amtt.txt,50692,-38.7500,-62.4000,1,,,1.76,0.093,,verschieden
1968,N,"Rincón de Bahía Blanca - Puerto Cuatreros (Muelle), Buenos Aires, Argentina",harmonics/utide/harmonics_utide_tidetables.txt,722919,-38.7500,-62.4000,,,,1.76,0.093,,verschieden
1969,N,"Puerto Deseado, Santa Cruz, Argentina",harmonics/ticon/harmonics_ticon4_worldwide.txt,155385,-47.7536,-65.9147,,-47.7500,-65.9170,0.01,0.003,,gleich
1969,N,"Puerto Deseado, Santa Cruz, Argentina",harmonics/utide/harmonics_utide_observations.txt,16236,-47.7536,-65.9148,,,,0.01,0.003,,gleich
1970,G,"Puerto Lebu, Chile",harmonics/noaa/harmonics_noaa_amtt.txt,72226,-37.6167,-73.6833,1,,,3.25,0.079,1,gleich
1970,G,"Lebu, Chile",harmonics/utide/harmonics_utide_observations.txt,208210,-37.5940,-73.6600,,,,3.25,0.079,1,gleich
1971,H,"Puerto Melinka, Chile",harmonics/noaa/harmonics_noaa_amtt.txt,64147,-43.8985,-73.7482,1,,,0.00,0.122,,gleich
1971,H,"Puerto Melinka, Chile",harmonics/utide/harmonics_utide_observations.txt,210586,-43.8985,-73.7482,,,,0.00,0.122,,gleich
1972,N,"Puerto Melo, Chubut, Argentina",harmonics/noaa/harmonics_noaa_amtt.txt,55024,-45.0167,-65.8333,1,,,0.00,0.016,,gleich
1972,N,"Puerto Melo (Golfo San Jorge), Chubut, Argentina",harmonics/utide/harmonics_utide_tidetables.txt,720750,-45.0167,-65.8333,,,,0.00,0.016,,gleich
1973,N,"Puerto Montt, Chile",harmonics/ticon/harmonics_ticon4_worldwide.txt,155590,-41.4851,-72.9607,,-41.4850,-72.9620,0.03,0.010,,gleich
1973,N,"Puerto Montt, Chile",harmonics/utide/harmonics_utide_observations.txt,208606,-41.4850,-72.9610,,,,0.03,0.010,,gleich
1974,G,"Puerto Padre, Cuba",harmonics/att/harmonics_att_np202_secondary.txt,92018,21.2000,-76.6000,,,,6.37,0.052,1,gleich
1974,G,"Puerto Padre, Cuba",harmonics/noaa/harmonics_noaa_carib.txt,19597,21.2333,-76.5500,,,,6.37,0.052,1,gleich
1975,N,"Puerto Peñasco (Puerto), Sonora, Mexico",harmonics/classic/harmonics-2004-06-14_mod.txt,229659,31.3061,-113.5464,,31.3017,-113.3817,0.03,0.000,,gleich
1975,N,"Puerto Peñasco, Sonora, Mexico",harmonics/classic/harmonics-2004-06-14_mod.txt,229853,31.3061,-113.5461,,31.3000,-113.5333,0.03,0.000,,gleich
1976,HLN,"Puerto Pirámide, Chubut, Argentina",harmonics/att/harmonics_att_np207.txt,40354,-42.5752,-64.2830,,-42.5833,-64.2833,0.90,0.156,,aehnlich
1976,HLN,"Puerto Piramides, Chubut, Argentina",harmonics/noaa/harmonics_noaa_amtt.txt,53647,-42.5833,-64.2833,1,,,0.90,0.156,,aehnlich
1976,HLN,"Puerto Pirámide (Península Valdés), Chubut, Argentina",harmonics/utide/harmonics_utide_tidetables.txt,721735,-42.5752,-64.2830,,-42.5833,-64.2833,0.90,0.156,,aehnlich
1977,H,"Puerto Princesa (San Roque Channel), Dinagat Islands, Philippines",harmonics/att/harmonics_att_np203_scs.txt,81434,10.1034,125.4818,,10.1000,125.4833,0.00,0.110,,gleich
1977,H,"Puerto Princesa (San Roque Channel), Dinagat Islands, Philippines",harmonics/noaa/harmonics_noaa_cptt.txt,176071,10.1034,125.4818,1,,,0.00,0.110,,gleich
1978,N,"Puerto Princesa, Philippines",harmonics/att/harmonics_att_np203_scs.txt,63384,9.7450,118.7360,,9.7333,118.7000,0.02,0.076,,gleich
1978,N,"Puerto Princesa, Palawan, Philippines",harmonics/noaa/harmonics_noaa_cptt.txt,186493,9.7449,118.7358,1,,,0.02,0.076,,gleich
1978,N,"Puerto Princesa, Palawan, Philippines",harmonics/ticon/harmonics_ticon4_worldwide.txt,155996,9.7449,118.7358,,9.7500,118.7330,0.02,0.076,,gleich
1978,N,"Puerto Princesa, Philippines",harmonics/utide/harmonics_utide_observations.txt,180083,9.7450,118.7360,,,,0.02,0.076,,gleich
1979,N,"Puerto San Juan, Peru",harmonics/noaa/harmonics_noaa_amtt.txt,104383,-15.3500,-75.1500,1,,,1.25,0.045,,verschieden
1979,N,"San Juan de Marcona, Peru",harmonics/ticon/harmonics_ticon4_worldwide.txt,171912,-15.3553,-75.1603,,-15.3670,-75.2000,1.25,0.045,,verschieden
1980,N,"Puerto Vallarta, Jalisco, Mexico",harmonics/ticon/harmonics_ticon4_worldwide.txt,201586,20.6586,-105.2439,,20.6150,-105.2450,0.00,0.002,,gleich
1980,N,"Puerto Vallarta, Jalisco, Mexico",harmonics/utide/harmonics_utide_observations.txt,145186,20.6586,-105.2439,,20.6150,-105.2450,0.00,0.002,,gleich
1981,N,"Puerto Williams, Chile",harmonics/ticon/harmonics_ticon4_worldwide.txt,156399,-54.9329,-67.6082,,-54.9330,-67.6170,0.00,0.014,,gleich
1981,N,"Puerto Williams, Chile",harmonics/utide/harmonics_utide_observations.txt,209002,-54.9329,-67.6082,,-54.9330,-67.6080,0.00,0.014,,gleich
1982,N,"Puerto de Hierro, Venezuela",harmonics/att/harmonics_att_np202_secondary.txt,81136,10.6322,-62.0901,,10.6333,-62.0833,0.00,0.083,,gleich
1982,N,"Puerto de Hierro, Venezuela",harmonics/noaa/harmonics_noaa_amtt.txt,38763,10.6322,-62.0901,1,,,0.00,0.083,,gleich
1983,N,"Puerto de San Jose, Guatemala",harmonics/noaa/harmonics_noaa_amtt.txt,115447,13.9167,-90.8333,1,,,0.05,0.028,,aehnlich
1983,N,"Puerto San José, Guatemala",harmonics/ticon/harmonics_ticon4_worldwide.txt,171711,13.9170,-90.8330,,,,0.05,0.028,,aehnlich
1984,N,"Puerto de la Estaca (El Hierro), Islas Canarias, Spain",harmonics/att/harmonics_att_np208_secondary.txt,17541,27.7841,-17.9016,,,,0.00,0.073,,gleich
1984,N,"Puerto de la Estaca (El Hierro), Islas Canarias, Spain",harmonics/classic/harmonics_puertos_spain.txt,22977,27.7841,-17.9016,,27.7841,-17.9016,0.00,0.073,,gleich
1985,N,"Puerto de la Luz (Gran Canaria), Islas Canarias, Spain",harmonics/att/harmonics_att_np208.txt,21693,28.1407,-15.4119,,28.1500,-15.4170,0.00,0.090,,gleich
1985,N,"Puerto de la Luz (Gran Canaria), Islas Canarias, Spain",harmonics/classic/harmonics_puertos_spain.txt,18690,28.1407,-15.4119,,28.1407,-15.4119,0.00,0.090,,gleich
1985,N,"Puerto de la Luz (Gran Canaria), Islas Canarias, Spain",harmonics/noaa/harmonics_noaa_eutt.txt,16177,28.1407,-15.4119,1,,,0.00,0.090,,gleich
1986,N,"Puerto del Rosario (Fuerteventura), Islas Canarias, Spain",harmonics/att/harmonics_att_np208_secondary.txt,18321,28.4925,-13.8581,,,,0.00,0.083,,gleich
1986,N,"Puerto del Rosario (Fuerteventura), Islas Canarias, Spain",harmonics/classic/harmonics_puertos_spain.txt,17252,28.4925,-13.8581,,,,0.00,0.083,,gleich
1987,N,"Puerto exterior de Prioriño-Ferrol 1, Spain",harmonics/classic/harmonics_puertos_spain.txt,16441,43.4631,-8.3254,,,,0.00,0.000,,gleich
1987,N,"Puerto exterior de Prioriño-Ferrol 1, Spain",harmonics/ticon/harmonics_ticon4_worldwide.txt,57366,43.4631,-8.3254,,43.4630,-8.3260,0.00,0.000,,gleich
1988,H,"Pueyrredon (Fondeadero), Chubut, Argentina",harmonics/noaa/harmonics_noaa_amtt.txt,52463,-42.4000,-64.1500,1,,,0.00,0.114,,verschieden
1988,H,"Fondeadero Pueyrredón (Golfo San José), Chubut, Argentina",harmonics/utide/harmonics_utide_tidetables.txt,720947,-42.4000,-64.1500,,,,0.00,0.114,,verschieden
1989,N,"Pulap Island, Micronesia",harmonics/att/harmonics_att_np204_secondary.txt,18448,7.6500,149.4167,,,,1.86,0.087,,verschieden
1989,N,"Pulap Atoll, Micronesia",harmonics/noaa/harmonics_noaa_pacif.txt,16519,7.6333,149.4167,,,,1.86,0.087,,verschieden
1990,H,"Pulau Beralas, Indonesia",harmonics/att/harmonics_att_np203_scs.txt,42034,-0.5000,104.0333,,,,0.00,0.108,,aehnlich
1990,H,"Pulo Beralas, Berhala Strait, Indonesia",harmonics/noaa/harmonics_noaa_cptt.txt,142335,-0.5000,104.0333,1,,,0.00,0.108,,aehnlich
1991,H,"Pulau Berhala, Indonesia",harmonics/att/harmonics_att_np203_scs.txt,42228,-0.8667,104.4000,,,,0.00,0.233,,aehnlich
1991,H,"Pulo Berhala, Berhala Strait, Indonesia",harmonics/noaa/harmonics_noaa_cptt.txt,143487,-0.8667,104.4000,1,,,0.00,0.233,,aehnlich
1992,H,"Pulau Besar, Indonesia",harmonics/att/harmonics_att_np203_scs.txt,55424,-2.8833,106.1333,,,,0.00,0.130,,gleich
1992,H,"Besar Island, Bangka Strait, Indonesia",harmonics/noaa/harmonics_noaa_cptt.txt,145610,-2.8833,106.1333,1,,,0.00,0.130,,gleich
1993,N,"Pulau Besin, Myanmar",harmonics/att/harmonics_att_np203_scs.txt,25094,9.9859,98.4951,,9.9833,98.4833,0.00,0.028,,gleich
1993,N,"Pulau Besin, Myanmar",harmonics/classic/harmonics-1997-05-25_mod.txt,29662,9.9859,98.4951,,9.9833,98.4833,0.00,0.028,,gleich
1993,N,"Pulau Besin, Myanmar",harmonics/noaa/harmonics_noaa_cptt.txt,262103,9.9859,98.4951,1,,,0.00,0.028,,gleich
1994,N,"Pulau Bukom, Singapore",harmonics/att/harmonics_att_np203_scs.txt,37766,1.2277,103.7781,,1.2333,103.7833,0.00,0.091,,aehnlich
1994,N,"Pulau Bukum, Indonesia",harmonics/noaa/harmonics_noaa_cptt.txt,136573,1.2277,103.7781,1,,,0.00,0.091,,aehnlich
1995,K,"Pulau Cebia, Indonesia",harmonics/att/harmonics_att_np203_scs.txt,54454,-1.2000,105.2500,,,,2.63,0.070,,aehnlich
1995,K,"Chebia, Tudjuh Islands, Indonesia",harmonics/noaa/harmonics_noaa_cptt.txt,143680,-1.2167,105.2667,1,,,2.63,0.070,,aehnlich
1996,N,"Pulau Lakei (Sungai Sarawak), Malaysia",harmonics/att/harmonics_att_np203_scs.txt,99894,1.7500,110.5000,,,,0.00,0.071,,gleich
1996,N,"Pulau Lakei (Sungai Sarawak), Malaysia",harmonics/classic/harmonics-1997-05-25_mod.txt,36151,1.7500,110.5000,,,,0.00,0.071,,gleich
1996,N,"Pulau Lakei (Sungai Sarawak), Malaysia",harmonics/noaa/harmonics_noaa_cptt.txt,165864,1.7500,110.5000,1,,,0.00,0.071,,gleich
1996,N,"Pulau Lakei (Sungai Sarawak), Malaysia",harmonics/utide/harmonics_utide_tidetables.txt,674159,1.7500,110.5000,,,,0.00,0.071,,gleich
1997,H,"Pulau Lankayan, Malaysia",harmonics/att/harmonics_att_np203_scs.txt,90558,6.5053,117.9163,,6.5000,117.9167,0.00,0.161,,gleich
1997,H,"Pulau Lankayan, Malaysia",harmonics/noaa/harmonics_noaa_cptt.txt,167404,6.5053,117.9163,1,6.5000,117.9167,0.00,0.161,,gleich
1998,N,"Pulau Rusa, Indonesia",harmonics/att/harmonics_att_np203_scs.txt,49018,5.2833,95.2000,,,,0.00,0.096,,gleich
1998,N,"Pulau Rusa, Sumatra, Indonesia",harmonics/noaa/harmonics_noaa_cptt.txt,150756,5.2833,95.2000,1,,,0.00,0.096,,gleich
1999,N,"Pulau Telo, Indonesia",harmonics/att/harmonics_att_np203_scs.txt,51736,-0.0667,98.2667,,,,1.85,0.043,,gleich
1999,N,"Telo Island, Batoe Islands, Nias, Indonesia",harmonics/noaa/harmonics_noaa_cptt.txt,148568,-0.0667,98.2833,1,,,1.85,0.043,,gleich
2000,H,"Pulau Tigabu, Malaysia",harmonics/att/harmonics_att_np203_scs.txt,90752,6.8822,117.4743,,6.9000,117.4833,0.00,0.176,,gleich
2000,H,"Pulau Tigabu, Malaysia",harmonics/noaa/harmonics_noaa_cptt.txt,167213,6.8822,117.4743,1,6.8833,117.4833,0.00,0.176,,gleich
2001,N,"Pulau Tonggo, Indonesia",harmonics/att/harmonics_att_np203_scs.txt,52318,-2.7833,100.2333,,,,1.84,0.082,,verschieden
2001,N,"Sawangtungku, North Pagai Island, Sumatra, Indonesia",harmonics/noaa/harmonics_noaa_cptt.txt,147966,-2.7833,100.2167,1,,,1.84,0.082,,verschieden
2002,N,"Pulau-Pulau Nangka, Indonesia",harmonics/att/harmonics_att_np203_scs.txt,55230,-2.3833,105.7667,,,,0.00,0.087,,gleich
2002,N,"Nangka Island, Bangka Strait, Indonesia",harmonics/noaa/harmonics_noaa_cptt.txt,145417,-2.3833,105.7667,1,,,0.00,0.087,,gleich
2003,N,"Puna, Ecuador",harmonics/noaa/harmonics_noaa_amtt.txt,111122,-2.7333,-79.9167,1,,,0.55,0.034,,gleich
2003,N,"Puná, Ecuador",harmonics/utide/harmonics_utide_observations.txt,223260,-2.7344,-79.9119,,-2.7300,-79.9100,0.55,0.034,,gleich
2004,N,"Punchbowl, Labrador, Canada",harmonics/classic/harmonics-2004-06-14_mod.txt,230043,53.2507,-55.7516,,53.2500,-55.7667,0.00,0.000,,gleich
2004,N,"Punchbowl, Labrador, Canada",harmonics/utide/harmonics_utide_tidetables.txt,190390,53.2507,-55.7516,,,,0.00,0.000,,gleich
2005,H,"Punta Ancla, Buenos Aires, Argentina",harmonics/noaa/harmonics_noaa_amtt.txt,50495,-38.9500,-62.0000,1,,,0.00,0.118,,verschieden
2005,H,"Rincón de Bahía Blanca - Punta Ancla, Buenos Aires, Argentina",harmonics/utide/harmonics_utide_tidetables.txt,723313,-38.9500,-62.0000,,,,0.00,0.118,,verschieden
2006,N,"Punta Caranero, Cuba",harmonics/att/harmonics_att_np202_secondary.txt,92212,20.7833,-75.5833,,,,1.73,0.063,,verschieden
2006,N,"Bahía de Nipe (Entrance), Cuba",harmonics/noaa/harmonics_noaa_carib.txt,19788,20.7833,-75.5667,,,,1.73,0.063,,verschieden
2007,HLN,"Punta Delgada, Chubut, Argentina",harmonics/att/harmonics_att_np207.txt,33444,-42.7670,-63.6357,,-42.7667,-63.6333,0.00,0.167,,aehnlich
2007,HLN,"Punta Delgada, Chubut, Argentina",harmonics/noaa/harmonics_noaa_amtt.txt,53255,-42.7670,-63.6357,1,,,0.00,0.167,,aehnlich
2007,HLN,"Faro Punta Delgada (Península Valdés), Chubut, Argentina",harmonics/utide/harmonics_utide_tidetables.txt,721538,-42.7670,-63.6357,,-42.7667,-63.6333,0.00,0.167,,aehnlich
2008,HN,"Punta Laberinto, Buenos Aires, Argentina",harmonics/att/harmonics_att_np207.txt,39202,-39.4333,-62.0500,,,,0.00,0.142,,verschieden
2008,HN,"El Chara (Punta Laberinto), Buenos Aires, Argentina",harmonics/noaa/harmonics_noaa_amtt.txt,51474,-39.4333,-62.0500,1,,,0.00,0.142,,verschieden
2008,HN,"El Chara (Punta Laberinto), Buenos Aires, Argentina",harmonics/utide/harmonics_utide_tidetables.txt,718977,-39.4333,-62.0500,,,,0.00,0.142,,verschieden
2009,HN,"Punta Lobos, Buenos Aires, Argentina",harmonics/att/harmonics_att_np207.txt,19806,-39.1833,-61.8667,,,,0.00,0.178,,gleich
2009,HN,"Punta Lobos, Isla Trinidad, Buenos Aires, Argentina",harmonics/noaa/harmonics_noaa_amtt.txt,51277,-39.1833,-61.8667,1,,,0.00,0.178,,gleich
2009,HN,"Punta Lobos, Buenos Aires, Argentina",harmonics/utide/harmonics_utide_tidetables.txt,722523,-39.1833,-61.8667,,,,0.00,0.178,,gleich
2010,N,"Punta Ninfas (Fondeadero), Chubut, Argentina",harmonics/noaa/harmonics_noaa_amtt.txt,53452,-42.9500,-64.4167,1,,,0.00,0.075,,gleich
2010,N,"Punta Ninfas (Golfo Nuevo), Chubut, Argentina",harmonics/utide/harmonics_utide_tidetables.txt,719765,-42.9500,-64.4167,,,,0.00,0.075,,gleich
2011,H,"Punta Norte del Cabo San Antonio (San Clemente)), Buenos Aires, Argentina",harmonics/classic/harmonics-1997-05-25_mod.txt,32474,-36.2914,-56.7789,,-36.3000,-56.7833,1.03,0.134,,gleich
2011,H,"Punta Norte del Cabo San Antonio, Buenos Aires, Argentina",harmonics/noaa/harmonics_noaa_amtt.txt,50106,-36.3000,-56.7833,1,,,1.03,0.134,,gleich
2012,H,"Punta Norte, Chubut, Argentina",harmonics/noaa/harmonics_noaa_amtt.txt,52859,-42.0784,-63.7571,1,,,0.00,0.175,,gleich
2012,H,"Punta Norte (Península Valdés), Chubut, Argentina",harmonics/utide/harmonics_utide_tidetables.txt,721932,-42.0784,-63.7571,,-42.0833,-63.7667,0.00,0.175,,gleich
2013,N,"Punta Piedras, Buenos Aires, Argentina",harmonics/noaa/harmonics_noaa_amtt.txt,49703,-35.4333,-57.1167,1,,,0.00,0.056,,verschieden
2013,N,"Río de la Plata - Punta Piedras, Buenos Aires, Argentina",harmonics/utide/harmonics_utide_tidetables.txt,724101,-35.4333,-57.1167,,,,0.00,0.056,,verschieden
2014,N,"Punta Tejada, Buenos Aires, Argentina",harmonics/att/harmonics_att_np207.txt,39586,-38.9935,-61.7978,,-38.9833,-61.8167,0.00,0.064,,gleich
2014,N,"Punta Tejada, Buenos Aires, Argentina",harmonics/utide/harmonics_utide_tidetables.txt,722722,-38.9935,-61.7978,,-38.9833,-61.8167,0.00,0.064,,gleich
2015,N,"Punta Tuna, Puerto Rico",harmonics/classic/harmonics-2004-06-14_mod.txt,230618,17.9884,-65.8856,,17.9900,-65.8850,0.48,0.054,,verschieden
2015,N,"Puerto Maunabo, Puerto Rico",harmonics/classic/harmonics-dwf-20251228-free.txt,264177,17.9914,-65.8888,,,,0.48,0.054,,verschieden
2016,H,"Punta de Palmas, Venezuela",harmonics/att/harmonics_att_np202.txt,23454,10.8000,-71.6167,,,,0.00,0.159,,gleich
2016,H,"Punta de Palmas, Venezuela",harmonics/noaa/harmonics_noaa_amtt.txt,38354,10.8000,-71.6167,1,,,0.00,0.159,,gleich
2017,N,"Puntarenas, Costa Rica",harmonics/classic/harmonics-2004-06-14_mod.txt,230818,9.9697,-84.8304,,9.9667,-84.8333,0.00,0.019,,aehnlich
2017,N,"Punta Arenas, Costa Rica",harmonics/ticon/harmonics_ticon4_worldwide.txt,156809,9.9697,-84.8304,,9.9670,-84.8330,0.00,0.019,,aehnlich
2018,H,"Puqian, Hainan, China",harmonics/noaa/harmonics_noaa_cptt.txt,126720,20.0333,110.5667,1,,,0.00,0.170,,gleich
2018,H,"Puqian, Hainan, China",harmonics/utide/harmonics_utide_tidetables.txt,645435,20.0333,110.5667,,,,0.00,0.170,,gleich
2019,L,"Puysegur Point, New Zealand",harmonics/ticon/harmonics_ticon4_worldwide.txt,157208,-46.1560,166.6090,,-46.0833,166.5833,8.26,0.051,1,verschieden
2019,L,"Welcombe Bay, New Zealand",harmonics/utide/harmonics_utide_tidetables.txt,587448,-46.0831,166.5882,,,,8.26,0.051,1,verschieden
2020,H,"Pymbong Beacon, Myanmar",harmonics/att/harmonics_att_np203_scs.txt,18692,15.7806,95.5076,,15.7833,95.4833,0.00,0.148,,gleich
2020,H,"Pymbong Beacon, Myanmar",harmonics/noaa/harmonics_noaa_cptt.txt,264651,15.7806,95.5076,1,,,0.00,0.148,,gleich
2021,N,"Pénerf, France",harmonics/classic/harmonics-pierre-lavergne-v10_mod.txt,16710,47.5144,-2.6237,,,,0.01,0.002,,gleich
2021,N,"Pénerf, France",harmonics/utide/harmonics_utide_tidetables.txt,364086,47.5143,-2.6238,,,,0.01,0.002,,gleich
2022,N,"Póvoa de Varzim, Portugal",harmonics/noaa/harmonics_noaa_eutt.txt,42192,41.3750,-8.7667,1,,,0.00,0.015,,gleich
2022,N,"Póvoa de Varzim, Portugal",harmonics/utide/harmonics_utide_tidetables.txt,691582,41.3750,-8.7667,,,,0.00,0.015,,gleich
2023,N,"Qaqortoq, Greenland",harmonics/classic/harmonics-2004-06-14_mod.txt,127469,60.7170,-46.0330,,60.7167,-46.0333,0.89,0.046,,verschieden
2023,N,"Julianehaab, Greenland",harmonics/noaa/harmonics_noaa_amtt.txt,59385,60.7167,-46.0167,1,,,0.89,0.046,,verschieden
2023,N,"Qaqortoq, Denmark",harmonics/ticon/harmonics_ticon4_worldwide.txt,157411,60.7170,-46.0330,,,,0.89,0.046,,verschieden
2024,N,"Qeqertarsuaq, Greenland",harmonics/classic/harmonics-1997-05-25_mod.txt,12707,69.2472,-53.5481,,69.2500,-53.5500,0.32,0.098,,verschieden
2024,N,"Godhavn, Disko Island, Greenland",harmonics/noaa/harmonics_noaa_amtt.txt,61785,69.2500,-53.5500,1,,,0.32,0.098,,verschieden
2025,N,"Qianyang, Liaoning, China",harmonics/att/harmonics_att_np204_secondary.txt,30753,39.7667,123.5500,,,,0.00,0.057,,verschieden
2025,N,"Dagushan [Takushan Road], Liaoning, China",harmonics/noaa/harmonics_noaa_cptt.txt,97196,39.7667,123.5500,1,,,0.00,0.057,,verschieden
2026,N,"Qingdao, Shandong, China",harmonics/classic/harmonics-1997-05-25_mod.txt,30030,36.0835,120.3141,,36.0833,120.3167,0.23,0.072,,verschieden
2026,N,"Huang Dao, Shandong, China",harmonics/noaa/harmonics_noaa_cptt.txt,110461,36.0833,120.3167,1,,,0.23,0.072,,verschieden
2026,N,"Qingdao, Shandong, China",harmonics/utide/harmonics_utide_tidetables.txt,660375,36.0835,120.3141,,36.0833,120.3000,0.23,0.072,,verschieden
2026,N,"Huangdao, Shandong, China",harmonics/utide/harmonics_utide_tidetables.txt,663487,36.0833,120.3167,,,,0.23,0.072,,verschieden
2027,N,"Quai des Cageux, Québec, Canada",harmonics/utide/harmonics_utide_tidetables.txt,272241,46.7550,-71.2715,,,,1.63,0.020,,verschieden
2027,N,"Pont de Québec, Québec, Canada",harmonics/utide/harmonics_utide_tidetables.txt,272434,46.7456,-71.2879,,,,1.63,0.020,,verschieden
2028,N,"Quang Khe, Vietnam",harmonics/att/harmonics_att_np203_scs.txt,157140,17.7000,106.4667,,,,1.53,0.088,,verschieden
2028,N,"Cua Gianh, Vietnam",harmonics/utide/harmonics_utide_tidetables.txt,631496,17.7023,106.4809,,17.7000,106.4667,1.53,0.088,,verschieden
2029,G,"Queenscliff, Port Phillip, Victoria, Australia",harmonics/noaa/harmonics_noaa_cptt.txt,253069,-38.3167,144.6667,1,,,5.03,0.080,1,gleich
2029,G,"Queenscliff, Victoria, Australia",harmonics/ticon/harmonics_ticon4_worldwide.txt,157611,-38.2715,144.6640,,,,5.03,0.080,1,gleich
2030,N,"Quelimane, Mozambique",harmonics/att/harmonics_att_np203.txt,21321,-17.8843,36.8875,,,,0.00,0.034,,gleich
2030,N,"Quelimane, Mozambique",harmonics/classic/harmonics-1997-05-25_mod.txt,30152,-17.8843,36.8875,,-17.8833,36.8833,0.00,0.034,,gleich
2030,N,"Quelimane, Mozambique",harmonics/noaa/harmonics_noaa_cptt.txt,285230,-17.8843,36.8875,1,,,0.00,0.034,,gleich
2031,N,"Quepos, Costa Rica",harmonics/ticon/harmonics_ticon4_worldwide.txt,157816,9.4000,-84.1670,,,,0.00,0.002,,gleich
2031,N,"Quepos, Costa Rica",harmonics/utide/harmonics_utide_observations.txt,53408,9.4000,-84.1670,,,,0.00,0.002,,gleich
2032,H,"Queule, Chile",harmonics/noaa/harmonics_noaa_amtt.txt,69840,-39.3976,-73.2151,1,-39.3833,-73.2333,0.00,0.229,,gleich
2032,H,"Queule, Chile",harmonics/utide/harmonics_utide_observations.txt,210388,-39.3976,-73.2151,,,,0.00,0.229,,gleich
2033,N,"Quinliyan, Shandong, China",harmonics/noaa/harmonics_noaa_cptt.txt,109484,36.2500,121.3833,1,,,1.86,0.059,,aehnlich
2033,N,"Qianliyan, Shandong, China",harmonics/utide/harmonics_utide_tidetables.txt,654165,36.2667,121.3833,,,,1.86,0.059,,aehnlich
2034,N,"Quryat, Oman",harmonics/att/harmonics_att_np203_secondary.txt,60153,23.2600,58.9250,,,,0.00,0.033,,aehnlich
2034,N,"Qurayyat, Oman",harmonics/utide/harmonics_utide_observations.txt,216020,23.2600,58.9250,,,,0.00,0.033,,aehnlich
2035,N,"Ra's Gharib, Egypt",harmonics/classic/harmonics-1997-05-25_mod.txt,30274,28.3486,33.1115,,28.3500,33.1000,0.00,0.049,,gleich
2035,N,"Ra's Gharib, Egypt",harmonics/noaa/harmonics_noaa_cptt.txt,279544,28.3486,33.1115,1,,,0.00,0.049,,gleich
2036,N,"Ra's Tanura, Saudi Arabia",harmonics/utide/harmonics_utide_tidetables.txt,671432,26.6333,50.1667,,,,1.68,0.016,,aehnlich
2036,N,"Ras Tanura North Pier, Saudi Arabia",harmonics/utide/harmonics_utide_tidetables.txt,688027,26.6484,50.1665,,,,1.68,0.016,,aehnlich
2037,N,"Rabat, Morocco",harmonics/classic/harmonics-1997-05-25_mod.txt,30763,34.0335,-6.8352,,34.0667,-6.7667,0.00,0.004,,gleich
2037,N,"Rabat, Morocco",harmonics/utide/harmonics_utide_tidetables.txt,364281,34.0335,-6.8352,,34.0357,-6.8362,0.00,0.004,,gleich
2038,N,"Rabaul, New Britain, Papua New Guinea",harmonics/ticon/harmonics_ticon4_worldwide.txt,158021,-4.2006,152.1738,,-4.2000,152.1750,0.15,0.004,,gleich
2038,N,"Rabaul, Papua New Guinea",harmonics/utide/harmonics_utide_observations.txt,180877,-4.2000,152.1750,,,,0.15,0.004,,gleich
2039,H,"Rabbit Island, Victoria, Australia",harmonics/classic/harmonics-2004-06-14_mod.txt,231402,-38.9130,146.5132,,-38.9167,146.5167,0.00,0.251,1,gleich
2039,H,"Rabbit Island, Victoria, Australia",harmonics/noaa/harmonics_noaa_cptt.txt,252490,-38.9130,146.5132,1,,,0.00,0.251,1,gleich
2040,H,"Rade de Zarya, Russia",harmonics/att/harmonics_att_np202.txt,17308,76.1333,95.1333,,,,0.00,0.175,,verschieden
2040,H,"Zarya Road, Russia",harmonics/noaa/harmonics_noaa_cptt.txt,15209,76.1333,95.1333,1,,,0.00,0.175,,verschieden
2041,N,"Raivavae, Austral Islands, French Polynesia",harmonics/classic/harmonics-1997-05-25_mod.txt,30883,-23.8678,-147.6873,,-23.8667,-147.6833,0.00,0.096,,gleich
2041,N,"Raivavae, Austral Islands, French Polynesia",harmonics/utide/harmonics_utide_tidetables.txt,364476,-23.8678,-147.6873,,-23.8593,-147.6855,0.00,0.096,,gleich
2042,N,"Ramsey, Isle of Man",harmonics/noaa/harmonics_noaa_eutt.txt,69104,54.3206,-4.3656,1,,,0.00,0.038,,gleich
2042,N,"Ramsey, Isle of Man",harmonics/utide/harmonics_utide_tidetables.txt,494604,54.3206,-4.3656,,,,0.00,0.038,,gleich
2043,N,"Ramsgate, England, United Kingdom",harmonics/noaa/harmonics_noaa_eutt.txt,60157,51.3300,1.4195,1,,,0.00,0.062,,gleich
2043,N,"Ramsgate, England, United Kingdom",harmonics/utide/harmonics_utide_tidetables.txt,494992,51.3300,1.4195,,,,0.00,0.062,,gleich
2044,N,"Rangiroa, Tuamoto Atoll, French Polyneisa",harmonics/ticon/harmonics_ticon4_worldwide.txt,158623,-14.9458,-147.7060,,,,0.80,0.010,,verschieden
2044,N,"Avatoru lagon, French Polynesia",harmonics/utide/harmonics_utide_tidetables.txt,598480,-14.9500,-147.7000,,,,0.80,0.010,,verschieden
2045,N,"Ras 'Ushayriq, Qatar",harmonics/att/harmonics_att_np203_secondary.txt,71001,25.9833,51.0000,,,,0.15,0.100,,aehnlich
2045,N,"Ras Ashairiq, Qatar",harmonics/noaa/harmonics_noaa_cptt.txt,276796,25.9821,50.9994,1,,,0.15,0.100,,aehnlich
2046,N,"Ras Al Mishab, Saudi Arabia",harmonics/att/harmonics_att_np203_secondary.txt,77564,28.1168,48.6157,,28.1170,48.6170,0.00,0.096,,gleich
2046,N,"Ras Al Mishab, Saudi Arabia",harmonics/classic/harmonics-1997-05-25_mod.txt,30518,28.1168,48.6157,,28.1167,48.6333,0.00,0.096,,gleich
2046,N,"Ras Al Mishab, Saudi Arabia",harmonics/noaa/harmonics_noaa_cptt.txt,276404,28.1168,48.6157,1,,,0.00,0.096,,gleich
2047,N,"Ras Hilf (Masirah Island), Oman",harmonics/ticon/harmonics_ticon4_worldwide.txt,116712,20.6870,58.8720,,,,0.00,0.001,,gleich
2047,N,"Ras Hilf (Masirah Island), Oman",harmonics/utide/harmonics_utide_observations.txt,175511,20.6870,58.8720,,,,0.00,0.001,,gleich
2048,G,"Ras al Hadd, Oman",harmonics/att/harmonics_att_np203_secondary.txt,58413,22.5330,59.7984,,,,0.00,0.063,,gleich
2048,G,"Ras al Hadd, Oman",harmonics/noaa/harmonics_noaa_cptt.txt,277586,22.5330,59.7984,1,,,0.00,0.063,,gleich
2049,N,"Ratnagiri, Maharashtra, India",harmonics/att/harmonics_att_np203_secondary.txt,99101,16.9878,73.2835,,16.9833,73.3000,0.00,0.035,,gleich
2049,N,"Ratnagiri, Maharashtra, India",harmonics/utide/harmonics_utide_observations.txt,222874,16.9878,73.2835,,16.9900,73.2700,0.00,0.035,,gleich
2050,H,"Ream, Cambodia",harmonics/att/harmonics_att_np203_scs.txt,153260,10.5000,103.6000,,,,0.00,0.261,1,verschieden
2050,H,"Phumi Phsar Ream Bay, Vietnam",harmonics/noaa/harmonics_noaa_cptt.txt,136181,10.5000,103.6000,1,,,0.00,0.261,1,verschieden
2051,N,"Red Bay, Northern Ireland, United Kingdom",harmonics/noaa/harmonics_noaa_eutt.txt,73454,55.0657,-6.0531,1,,,0.00,0.085,,gleich
2051,N,"Red Bay, Northern Ireland, United Kingdom",harmonics/utide/harmonics_utide_tidetables.txt,495573,55.0657,-6.0531,,,,0.00,0.085,,gleich
2052,N,"Red Bluff, Western Australia, Australia",harmonics/classic/harmonics-2004-06-14_mod.txt,232756,-17.0667,122.3167,,,,0.00,0.036,,gleich
2052,N,"Red Bluff, Western Australia, Australia",harmonics/noaa/harmonics_noaa_cptt.txt,258340,-17.0667,122.3167,1,,,0.00,0.036,,gleich
2053,N,"Redonda Bay, Deer Passage, British Columbia, Canada",harmonics/noaa/harmonics_noaa_amtt.txt,67871,50.2667,-124.9833,1,,,2.11,0.030,,gleich
2053,N,"Redonda Bay, British Columbia, Canada",harmonics/utide/harmonics_utide_tidetables.txt,114826,50.2605,-124.9553,,,,2.11,0.030,,gleich
2054,N,"Redwood Creek, C.M. No.8, San Francisco Bay, California",harmonics/classic/harmonics-2004-06-14_mod.txt,233339,37.5333,-122.1933,,,,0.03,0.001,,aehnlich
2054,N,"Redwood Creek Marker 8, San Francisco Bay, California",harmonics/classic/harmonics-dwf-20251228-free.txt,183820,37.5333,-122.1930,,,,0.03,0.001,,aehnlich
2055,N,"Refugio Ballvé (Caleta Ardley, Isla 25 de Mayo), Antártida Argentina, Argentina",harmonics/utide/harmonics_utide_tidetables.txt,602084,-62.2167,-58.9333,,,,2.38,0.067,,verschieden
2055,N,"Base Frei (Bahía Fildes, Antarctica",harmonics/utide/harmonics_utide_tidetables.txt,690015,-62.2002,-58.9626,,,,2.38,0.067,,verschieden
2056,N,"Reidowo (Iturup), Kuril Islands, Russia",harmonics/classic/harmonics-2004-06-14_mod.txt,277911,45.3332,147.9980,,45.3333,148.0170,1.46,0.057,,verschieden
2056,N,"Shamambe Byochi, Russia",harmonics/noaa/harmonics_noaa_cptt.txt,43752,45.3333,148.0167,1,,,1.46,0.057,,verschieden
2057,N,"Reihoku (Shimoshima), Kumamoto, Japan",harmonics/ticon/harmonics_ticon4_worldwide.txt,159019,32.4675,130.0369,,,,0.00,0.004,,gleich
2057,N,"Reihoku (Shimoshima), Kumamoto, Japan",harmonics/utide/harmonics_utide_observations.txt,127774,32.4675,130.0369,,,,0.00,0.004,,gleich
2058,H,"Reka Drozdovka, Russia",harmonics/att/harmonics_att_np202_secondary.txt,41160,68.3333,38.4167,,,,0.00,0.147,,aehnlich
2058,H,"Drozdovka Bay, Russia",harmonics/noaa/harmonics_noaa_eutt.txt,97521,68.3333,38.4167,1,,,0.00,0.147,,aehnlich
2059,H,"Reka Indiga, Russia",harmonics/att/harmonics_att_np202_secondary.txt,31266,67.7000,48.7667,,,,0.00,0.221,,verschieden
2059,H,"Indiga River entrance, Russia",harmonics/noaa/harmonics_noaa_eutt.txt,113662,67.7000,48.7667,1,,,0.00,0.221,,verschieden
2060,H,"Reka Kharlovka, Russia",harmonics/att/harmonics_att_np202_secondary.txt,41548,68.7833,37.3167,,,,0.67,0.128,,verschieden
2060,H,"Kharlovka River mouth, Russia",harmonics/noaa/harmonics_noaa_eutt.txt,96939,68.7833,37.3333,1,,,0.67,0.128,,verschieden
2061,H,"Reka Kiya Mouth, Russia",harmonics/att/harmonics_att_np202_secondary.txt,31848,67.6667,44.1000,,,,0.00,0.121,,verschieden
2061,H,"Kiya River entrance, Russia",harmonics/noaa/harmonics_noaa_eutt.txt,112873,67.6667,44.1000,1,,,0.00,0.121,,verschieden
2062,N,"Reka Kovda, Russia",harmonics/att/harmonics_att_np202_secondary.txt,39220,66.7000,32.8667,,,,0.73,0.073,,verschieden
2062,N,"Kovda River entrance, Russia",harmonics/noaa/harmonics_noaa_eutt.txt,100625,66.7000,32.8833,1,,,0.73,0.073,,verschieden
2063,H,"Reka Megra, Russia",harmonics/att/harmonics_att_np202_secondary.txt,33206,66.1500,41.6000,,,,0.75,0.139,,verschieden
2063,H,"Megra River entrance, Russia",harmonics/noaa/harmonics_noaa_eutt.txt,110107,66.1500,41.6167,1,,,0.75,0.139,,verschieden
2064,H,"Reka Pechora, Russia",harmonics/att/harmonics_att_np202_secondary.txt,30878,68.3833,54.4333,,,,1.86,0.141,,verschieden
2064,H,"Pyechora River bar, Russia",harmonics/noaa/harmonics_noaa_eutt.txt,114454,68.4000,54.4333,1,,,1.86,0.141,,verschieden
2065,H,"Reka Sabule-Yaga, Obskaya Guba, Russia",harmonics/att/harmonics_att_np202.txt,18077,72.1667,75.0000,,,,0.00,0.123,,verschieden
2065,H,"Sabule-Yaga River mouth, Russia",harmonics/noaa/harmonics_noaa_eutt.txt,121579,72.1667,75.0000,1,,,0.00,0.123,,verschieden
2066,H,"Rembang, Indonesia",harmonics/att/harmonics_att_np203_scs.txt,122008,-6.6994,111.3344,,-6.7167,111.3333,0.14,0.161,,gleich
2066,H,"Rembang, Java, Indonesia",harmonics/noaa/harmonics_noaa_cptt.txt,151335,-6.7000,111.3333,1,,,0.14,0.161,,gleich
2067,N,"Renfrew (River Clyde), Scotland, United Kingdom",harmonics/utide/harmonics_utide_observations.txt,220940,55.8854,-4.3829,,55.8854,-4.3829,1.54,0.056,,verschieden
2067,N,"Clydebank (Rothesay Dock), Scotland, United Kingdom",harmonics/utide/harmonics_utide_tidetables.txt,431106,55.8934,-4.4031,,,,1.54,0.056,,verschieden
2068,G,"Rensselaer Bugt, Greenland",harmonics/classic/harmonics-2004-06-14_mod.txt,233914,78.6167,-71.0000,,,,2.56,0.095,,gleich
2068,G,"Rensselaer Bugt, Greenland",harmonics/noaa/harmonics_noaa_amtt.txt,62776,78.6167,-70.8833,1,,,2.56,0.095,,gleich
2069,N,"Reservation Bay, Washington (2)",harmonics/classic/harmonics-2004-06-14_mod.txt,234099,48.4167,-122.6667,,,,1.10,0.040,,verschieden
2069,N,"Deception Pass St. Park, Bowman Bay, Fidalgo I., Washington",harmonics/classic/harmonics-dwf-20251228-free.txt,204339,48.4150,-122.6520,,,,1.10,0.040,,verschieden
2070,N,"Resolute, Nunavut, Canada",harmonics/ticon/harmonics_ticon4_worldwide.txt,159216,74.6727,-94.8845,,74.6600,-94.8800,0.00,0.001,,gleich
2070,N,"Resolute, Nunavut, Canada",harmonics/utide/harmonics_utide_tidetables.txt,241121,74.6727,-94.8845,,,,0.00,0.001,,gleich
2071,G,"Restoration Island, Queensland, Australia",harmonics/classic/harmonics-2004-06-14_mod.txt,234294,-12.6167,143.4667,,,,0.00,0.051,,gleich
2071,G,"Restoration Island, Queensland, Australia",harmonics/noaa/harmonics_noaa_cptt.txt,245062,-12.6167,143.4667,1,,,0.00,0.051,,gleich
2072,N,"Reyd Otkrytyy (Urup), Kuril Islands, Russia",harmonics/classic/harmonics-2004-06-14_mod.txt,234682,45.8467,149.7257,,45.8500,149.7330,0.69,0.059,,verschieden
2072,N,"Tokotan Wan, Russia",harmonics/noaa/harmonics_noaa_cptt.txt,42594,45.8500,149.7333,1,,,0.69,0.059,,verschieden
2073,N,"Rhu Marina, Scotland, United Kingdom",harmonics/utide/harmonics_utide_tidetables.txt,496155,56.0123,-4.7741,,,,1.27,0.008,,verschieden
2073,N,"Rosneath, Scotland, United Kingdom",harmonics/utide/harmonics_utide_tidetables.txt,499064,56.0062,-4.7914,,,,1.27,0.008,,verschieden
2074,N,"Ribadesella, Spain",harmonics/noaa/harmonics_noaa_eutt.txt,44361,43.4617,-5.0600,1,,,0.00,0.047,,gleich
2074,N,"Ribadesella, Spain",harmonics/utide/harmonics_utide_tidetables.txt,385124,43.4617,-5.0600,,,,0.00,0.047,,gleich
2075,N,"Richard's Bay, South Africa",harmonics/noaa/harmonics_noaa_cptt.txt,286594,-28.8002,32.0830,1,,,0.02,0.027,,gleich
2075,N,"Richards Bay, South Africa",harmonics/ticon/harmonics_ticon4_worldwide.txt,160021,-28.8000,32.0830,,,,0.02,0.027,,gleich
2075,N,"Richards Bay, South Africa",harmonics/utide/harmonics_utide_observations.txt,189771,-28.8000,32.0830,,,,0.02,0.027,,gleich
2076,N,"Richibucto Cape, New Brunswick, Canada",harmonics/classic/harmonics-2004-06-14_mod.txt,235259,46.6745,-64.7126,,46.0667,-64.7000,0.01,0.000,,gleich
2076,N,"Richibucto Cape, New Brunswick, Canada",harmonics/utide/harmonics_utide_tidetables.txt,165090,46.6745,-64.7126,,,,0.01,0.000,,gleich
2077,N,"Richibucto, New Brunswick, Canada",harmonics/classic/harmonics-2004-06-14_mod.txt,235449,46.6803,-64.8604,,46.6833,-64.8667,0.00,0.000,,gleich
2077,N,"Richibucto, New Brunswick, Canada",harmonics/utide/harmonics_utide_tidetables.txt,165476,46.6803,-64.8604,,,,0.00,0.000,,gleich
2078,N,"Richmond, Chevron Oil Pier, California",harmonics/classic/harmonics-2004-06-14_mod.txt,235638,37.9283,-122.4000,,,,0.00,0.010,,verschieden
2078,N,"Chevron Oil Company Pier, Richmond, San Francisco Bay, California",harmonics/classic/harmonics-dwf-20251228-free.txt,184800,37.9283,-122.4000,,,,0.00,0.010,,verschieden
2079,N,"Rigolet, Labrador, Canada",harmonics/classic/harmonics-2004-06-14_mod.txt,235828,54.1805,-58.4280,,54.1833,-58.4333,0.00,0.000,,gleich
2079,N,"Rigolet, Labrador, Canada",harmonics/utide/harmonics_utide_tidetables.txt,191548,54.1805,-58.4280,,,,0.00,0.000,,gleich
2080,N,"Rijeka, Croatia",harmonics/att/harmonics_att_np208.txt,22075,45.3294,14.4216,,45.3330,14.4330,0.00,0.040,,gleich
2080,N,"Rijeka, Croatia",harmonics/classic/harmonics-1997-05-25_mod.txt,31249,45.3294,14.4216,,45.3333,14.4167,0.00,0.040,,gleich
2081,N,"Rikitea, Mangareva, Gambier Islands",harmonics/ticon/harmonics_ticon4_worldwide.txt,160227,-23.1178,-134.9689,,,,0.25,0.005,,gleich
2081,N,"Rikitea, French Polynesia",harmonics/utide/harmonics_utide_tidetables.txt,599280,-23.1167,-134.9667,,,,0.25,0.005,,gleich
2082,N,"Rincon Island, California",harmonics/classic/harmonics-2004-06-14_mod.txt,236017,34.3483,-119.4433,,,,0.03,0.008,,gleich
2082,N,"Rincon Island, Mussel Shoals, Santa Barbara Channel, California",harmonics/classic/harmonics-dwf-20251228-free.txt,178691,34.3483,-119.4430,,,,0.03,0.008,,gleich
2083,N,"Rio Guadalquivir Bar (Chipiona), Spain",harmonics/att/harmonics_att_np208_secondary.txt,15022,36.7500,-6.4330,,,,0.48,0.057,,verschieden
2083,N,"Chipiona, Spain",harmonics/classic/harmonics-1997-05-25_mod.txt,9648,36.7474,-6.4287,,36.7500,-6.4333,0.48,0.057,,verschieden
2083,N,"Chipiona, Spain",harmonics/utide/harmonics_utide_tidetables.txt,386295,36.7474,-6.4287,,36.7467,-6.4283,0.48,0.057,,verschieden
2084,N,"Rio São Francisco Bar, Alagoas, Brazil",harmonics/att/harmonics_att_np207.txt,29792,-10.5167,-36.4000,,,,0.00,0.055,,aehnlich
2084,N,"Rio Sao Francisco (bar), Alagoas, Brazil",harmonics/noaa/harmonics_noaa_amtt.txt,45912,-10.5167,-36.4000,1,,,0.00,0.055,,aehnlich
2085,N,"Rio del Rey Entrance, Cameroon",harmonics/att/harmonics_att_np208_secondary.txt,42548,4.4975,8.8418,,,,0.00,0.046,,gleich
2085,N,"Rio del Rey Entrance, Cameroon",harmonics/noaa/harmonics_noaa_eutt.txt,23520,4.4975,8.8418,1,,,0.00,0.046,,gleich
2086,H,"Ritabel Bay, Indonesia",harmonics/att/harmonics_att_np203_scs.txt,134820,-7.1500,131.7167,,,,0.00,0.142,,gleich
2086,H,"Ritabel Bay, Larat Island, Yamdena, Indonesia",harmonics/noaa/harmonics_noaa_cptt.txt,156263,-7.1500,131.7167,1,,,0.00,0.142,,gleich
2087,H,"Ritkol Island, Greenland",harmonics/att/harmonics_att_np202_secondary.txt,96286,67.9167,-53.8333,,,,0.00,0.209,,verschieden
2087,H,"Aningaq, Rifkol, Greenland",harmonics/noaa/harmonics_noaa_amtt.txt,61385,67.9167,-53.8333,1,,,0.00,0.209,,verschieden
2088,N,"River Tees (Teesmouth), England, United Kingdom",harmonics/classic/harmonics-1997-05-25_mod.txt,31371,54.6333,-1.1667,,,,0.01,0.038,,gleich
2088,N,"River Tees (Teesmouth), England, United Kingdom",harmonics/noaa/harmonics_noaa_eutt.txt,57771,54.6332,-1.1667,1,,,0.01,0.038,,gleich
2088,N,"River Tees (Teesmouth), England, United Kingdom",harmonics/utide/harmonics_utide_tidetables.txt,497518,54.6333,-1.1667,,,,0.01,0.038,,gleich
2089,N,"Riviere-au-Renard, Québec, Canada",harmonics/classic/harmonics-dwf-20100529-nonfree_mod.txt,17410,48.9970,-64.3803,,,,0.01,0.005,,gleich
2089,N,"Rivière-au-Renard, Québec, Canada",harmonics/utide/harmonics_utide_observations.txt,47662,48.9970,-64.3805,,,,0.01,0.005,,gleich
2089,N,"Rivière-au-Renard, Québec, Canada",harmonics/utide/harmonics_utide_tidetables.txt,258701,48.9970,-64.3805,,,,0.01,0.005,,gleich
2090,N,"Rizhao (Shijiuju), Shandong, China",harmonics/ticon/harmonics_ticon4_worldwide.txt,177131,35.3762,119.5639,,35.3830,119.5500,1.64,0.022,,aehnlich
2090,N,"Rizhaogang (Shijiusuo), Shandong, China",harmonics/utide/harmonics_utide_tidetables.txt,661153,35.3667,119.5500,,,,1.64,0.022,,aehnlich
2091,H,"Rochefort (Charente), France",harmonics/noaa/harmonics_noaa_eutt.txt,48695,45.9463,-0.9535,1,,,0.00,0.201,,gleich
2091,H,"Rochefort (Charente), France",harmonics/utide/harmonics_utide_observations.txt,65296,45.9463,-0.9535,,,,0.00,0.201,,gleich
2092,N,"Roi-Namur Island, Marshall Islands",harmonics/att/harmonics_att_np204_secondary.txt,15580,9.4000,167.4833,,,,0.00,0.051,,verschieden
2092,N,"Kwajalein Atoll (Namur Island), Marshall Islands",harmonics/noaa/harmonics_noaa_pacif.txt,18803,9.4000,167.4833,,,,0.00,0.051,,verschieden
2093,N,"Romblon Island, Philippines",harmonics/att/harmonics_att_np203_scs.txt,65906,12.5833,122.2667,,,,0.00,0.040,,gleich
2093,N,"Romblon, Romblon Island, Romblon, Philippines",harmonics/noaa/harmonics_noaa_cptt.txt,204251,12.5833,122.2667,1,,,0.00,0.040,,gleich
2094,G,"Romero Chico, Buenos Aires, Argentina",harmonics/att/harmonics_att_np207.txt,32674,-39.2702,-62.2396,,-39.2500,-62.2667,3.24,0.082,1,gleich
2094,G,"Puerto Romero Chico, Buenos Aires, Argentina",harmonics/utide/harmonics_utide_tidetables.txt,722326,-39.2500,-62.2667,,,,3.24,0.082,1,gleich
2095,N,"Rongelap Atoll, Marshall Islands",harmonics/att/harmonics_att_np204_secondary.txt,16154,11.1500,166.9000,,,,0.00,0.040,,aehnlich
2095,N,"Rongelap Island, Rongelap Atoll, Marshall Islands",harmonics/noaa/harmonics_noaa_pacif.txt,18232,11.1500,166.9000,,,,0.00,0.040,,aehnlich
2096,N,"Rongerik Atoll, Marshall Islands",harmonics/att/harmonics_att_np204_secondary.txt,15962,11.3833,167.5167,,,,0.00,0.058,,gleich
2096,N,"Rongerik Atoll, Marshall Islands",harmonics/noaa/harmonics_noaa_pacif.txt,18423,11.3833,167.5167,,,,0.00,0.058,,gleich
2097,N,"Roompot binnen, Netherlands",harmonics/classic/harmonics-dwf-20100529-nonfree_mod.txt,16410,51.6333,3.7000,,,,1.89,0.005,,verschieden
2097,N,"Oosterschelde Roompotsluis binnen, Netherlands",harmonics/utide/harmonics_utide_observations.txt,158608,51.6180,3.6880,,,,1.89,0.005,,verschieden
2098,N,"Rosyth, Scotland, United Kingdom",harmonics/classic/harmonics-1997-05-25_mod.txt,31617,56.0188,-3.4447,,56.0167,-3.4500,0.00,0.075,,gleich
2098,N,"Rosyth, Scotland, United Kingdom",harmonics/utide/harmonics_utide_tidetables.txt,499259,56.0188,-3.4447,,,,0.00,0.075,,gleich
2099,N,"Rota, Spain",harmonics/att/harmonics_att_np208_secondary.txt,15213,36.6133,-6.3281,,36.6170,-6.3330,0.00,0.047,,gleich
2099,N,"Rota, Spain",harmonics/classic/harmonics-1997-05-25_mod.txt,31740,36.6133,-6.3281,,36.6167,-6.3500,0.00,0.047,,gleich
2099,N,"Rota, Spain",harmonics/noaa/harmonics_noaa_eutt.txt,40231,36.6133,-6.3281,1,,,0.00,0.047,,gleich
2099,N,"Rota, Spain",harmonics/utide/harmonics_utide_tidetables.txt,387847,36.6133,-6.3281,,36.6150,-6.3300,0.00,0.047,,gleich
2100,N,"Rothera Point, Antarctica",harmonics/att/harmonics_att_np207.txt,30368,-67.5667,-68.1333,,,,0.04,0.053,,gleich
2100,N,"Rothera, Antarctica",harmonics/ticon/harmonics_ticon4_worldwide.txt,166885,-67.5670,-68.1330,,,,0.04,0.053,,gleich
2101,N,"Rothesay (Bute), Scotland, United Kingdom",harmonics/noaa/harmonics_noaa_eutt.txt,70886,55.8388,-5.0525,1,,,0.00,0.044,,gleich
2101,N,"Rothesay (Bute), Scotland, United Kingdom",harmonics/utide/harmonics_utide_observations.txt,221132,55.8388,-5.0524,,,,0.00,0.044,,gleich
2101,N,"Rothesay (Bute), Scotland, United Kingdom",harmonics/utide/harmonics_utide_tidetables.txt,499452,55.8388,-5.0525,,,,0.00,0.044,,gleich
2102,G,"Rotterdam, Netherlands",harmonics/ticon/harmonics_ticon4_worldwide.txt,167083,51.9200,4.4998,,,,0.18,0.030,,gleich
2102,G,"Rotterdam, Nieuwe Maas, Boerengat, Netherlands",harmonics/utide/harmonics_utide_observations.txt,160159,51.9184,4.5003,,,,0.18,0.030,,gleich
2103,N,"Rounders Bay (Masirah Island), Oman",harmonics/att/harmonics_att_np203_secondary.txt,57826,20.2147,58.6339,,,,0.00,0.078,,gleich
2103,N,"Rounders Bay (Masirah Island), Oman",harmonics/noaa/harmonics_noaa_cptt.txt,277784,20.2147,58.6339,1,,,0.00,0.078,,gleich
2104,N,"Rozi (Bedi Port), Gujarat, India",harmonics/att/harmonics_att_np203_secondary.txt,92678,22.5671,70.0401,,22.5667,70.0333,0.00,0.011,,gleich
2104,N,"Rozi (Bedi Port), Gujarat, India",harmonics/utide/harmonics_utide_tidetables.txt,665220,22.5671,70.0401,,22.5667,70.0333,0.00,0.011,,gleich
2105,N,"Rubeshibetsu, Hokkaido, Japan",harmonics/classic/harmonics-2004-06-14_mod.txt,238137,42.2039,143.3306,,42.2000,143.3330,0.49,0.046,,aehnlich
2105,N,"Rubeshibetsu Saki, Hokkaido, Japan",harmonics/noaa/harmonics_noaa_cptt.txt,46283,42.2000,143.3333,1,,,0.49,0.046,,aehnlich
2106,N,"Rubh' A' Mhail (Islay), Scotland, United Kingdom",harmonics/noaa/harmonics_noaa_eutt.txt,71676,55.9361,-6.1202,1,,,0.00,0.048,,gleich
2106,N,"Rubh' A' Mhail (Islay), Scotland, United Kingdom",harmonics/utide/harmonics_utide_tidetables.txt,499838,55.9361,-6.1202,,,,0.00,0.048,,gleich
2107,N,"Rumoi, Hokkaido, Japan",harmonics/ticon/harmonics_ticon4_worldwide.txt,167479,43.9505,141.6350,,,,0.01,0.010,,gleich
2107,N,"Rumoi, Hokkaido, Japan",harmonics/utide/harmonics_utide_observations.txt,127968,43.9505,141.6350,,,,0.01,0.010,,gleich
2108,N,"Ría Coig, Santa Cruz, Argentina",harmonics/att/harmonics_att_np207.txt,40162,-50.9500,-69.1667,,,,0.00,0.056,,gleich
2108,N,"Ria Coig, Santa Cruz, Argentina",harmonics/noaa/harmonics_noaa_amtt.txt,56401,-50.9500,-69.1667,1,,,0.00,0.056,,gleich
2108,N,"Ría Coig, Santa Cruz, Argentina",harmonics/utide/harmonics_utide_tidetables.txt,723510,-50.9500,-69.1667,,,,0.00,0.056,,gleich
2109,L,"Río Gallegos (Muelle El Turbio), Santa Cruz, Argentina",harmonics/classic/harmonics-1997-05-25_mod.txt,29052,-51.6119,-69.2177,,-51.6000,-69.0167,13.89,0.013,1,verschieden
2109,L,"Punta Loyola (Muelle Presidente Illia), Santa Cruz, Argentina",harmonics/utide/harmonics_utide_tidetables.txt,606086,-51.6065,-69.0168,,,,13.89,0.013,1,verschieden
2110,N,"Rørvik, Norway",harmonics/ticon/harmonics_ticon4_worldwide.txt,165881,64.8595,11.2301,,64.8670,11.2500,0.00,0.001,,gleich
2110,N,"Rørvik, Norway",harmonics/utide/harmonics_utide_observations.txt,173317,64.8595,11.2301,,,,0.00,0.001,,gleich
2111,N,"Sabang (Pulau Weh), Indonesia (1)",harmonics/ticon/harmonics_ticon4_worldwide.txt,167875,5.8879,95.3169,,5.8330,95.3330,0.00,0.001,,gleich
2111,N,"Sabang (Pulau Weh), Indonesia",harmonics/utide/harmonics_utide_observations.txt,89616,5.8879,95.3169,,,,0.00,0.001,,gleich
2112,G,"Sabine Pass, Texas",harmonics/classic/harmonics-2004-06-14_mod.txt,238716,29.7067,-93.8533,,,,2.91,0.066,,gleich
2112,G,"Sabine Pass (north), Texas",harmonics/classic/harmonics-dwf-20251228-free.txt,162921,29.7284,-93.8701,,,,2.91,0.066,,gleich
2113,N,"Sacramento Shoal, Andhra Pradesh, India",harmonics/att/harmonics_att_np203_secondary.txt,103374,16.5967,82.3401,,16.6000,82.3167,0.00,0.038,,gleich
2113,N,"Sacramento Shoal, Andhra Pradesh, India",harmonics/noaa/harmonics_noaa_cptt.txt,268198,16.5967,82.3401,1,,,0.00,0.038,,gleich
2114,N,"Saeki (Tsurumi Okimatsuura), Oita, Japan",harmonics/ticon/harmonics_ticon4_worldwide.txt,168478,32.9461,131.9608,,,,0.00,0.005,,gleich
2114,N,"Saeki (Tsurumi Okimatsuura), Oita, Japan",harmonics/utide/harmonics_utide_observations.txt,128553,32.9461,131.9608,,,,0.00,0.005,,gleich
2115,N,"Safaniya Pier, Saudi Arabia",harmonics/att/harmonics_att_np203_secondary.txt,77371,28.0055,48.7682,,28.0000,48.7670,0.00,0.010,,gleich
2115,N,"Safaniya Pier, Saudi Arabia",harmonics/utide/harmonics_utide_tidetables.txt,688421,28.0055,48.7682,,,,0.00,0.010,,gleich
2116,N,"Saffaniyah Oilfield, Saudi Arabia",harmonics/att/harmonics_att_np203_secondary.txt,78334,28.3770,48.9075,,28.4170,49.0000,0.00,0.074,,gleich
2116,N,"Saffaniyah Oilfield, Saudi Arabia",harmonics/utide/harmonics_utide_tidetables.txt,688224,28.3770,48.9075,,,,0.00,0.074,,gleich
2117,N,"Safi, Morocco",harmonics/att/harmonics_att_np208_secondary.txt,21823,32.3091,-9.2493,,,,0.00,0.032,,gleich
2117,N,"Safi, Morocco",harmonics/utide/harmonics_utide_tidetables.txt,366032,32.3091,-9.2493,,32.3083,-9.2500,0.00,0.032,,gleich
2118,HLN,"Saganoseki (Kamiura), Oita, Japan",harmonics/classic/harmonics-2004-06-14_mod.txt,239670,33.2500,131.8730,,33.2500,131.8830,2.09,0.135,,gleich
2118,HLN,"Saganoseki (Shimoura), Oita, Japan",harmonics/classic/harmonics-2004-06-14_mod.txt,261598,33.2437,131.8779,,33.2333,131.8830,2.09,0.135,,gleich
2118,HLN,"Saganoseki, Oita, Japan",harmonics/noaa/harmonics_noaa_cptt.txt,65846,33.2500,131.8833,1,,,2.09,0.135,,gleich
2118,HLN,"Saganoseki, Shita Ura, Oita, Japan",harmonics/noaa/harmonics_noaa_cptt.txt,67026,33.2333,131.8833,1,,,2.09,0.135,,gleich
2119,N,"Sagar Island Lighthouse, West Bengal, India",harmonics/att/harmonics_att_np203.txt,32246,21.6585,88.0408,,21.6500,88.0500,0.00,0.080,,gleich
2119,N,"Sagar Island Lighthouse, West Bengal, India",harmonics/classic/harmonics-1997-05-25_mod.txt,31862,21.6585,88.0408,,21.6500,88.0500,0.00,0.080,,gleich
2119,N,"Sagar Island Lighthouse, West Bengal, India",harmonics/utide/harmonics_utide_tidetables.txt,291580,21.6585,88.0408,,21.6500,88.0500,0.00,0.080,,gleich
2120,N,"Saikaicho Mizunourago, Nagasaki, Japan",harmonics/classic/harmonics-2004-06-14_mod.txt,98982,33.0667,129.7330,,,,1.58,0.090,,verschieden
2120,N,"Kodai, Nagasaki, Japan",harmonics/classic/harmonics-2004-06-14_mod.txt,142316,33.0667,129.7500,,,,1.58,0.090,,verschieden
2121,H,"Saint George's Harbour, Grenada",harmonics/classic/harmonics-1997-05-25_mod.txt,31984,12.0500,-61.7500,,,,1.86,0.261,1,verschieden
2121,H,"Grenada, Grenada",harmonics/noaa/harmonics_noaa_amtt.txt,37169,12.0667,-61.7500,1,,,1.86,0.261,1,verschieden
2122,N,"Saint Martin's Island, Bangladesh",harmonics/att/harmonics_att_np203_scs.txt,16170,20.6324,92.3294,,20.6167,92.3167,0.00,0.055,,gleich
2122,N,"Saint Martin's Island, Bangladesh",harmonics/noaa/harmonics_noaa_cptt.txt,266049,20.6324,92.3294,1,,,0.00,0.055,,gleich
2123,N,"Saint Marys, Kings Bay, Cumberland Sound, Georgia",harmonics/classic/harmonics-2004-06-14_mod.txt,139602,30.7967,-81.5150,,,,0.00,0.001,,verschieden
2123,N,"Kings Bay, Navy Base, Georgia",harmonics/classic/harmonics-dwf-20251228-free.txt,98474,30.7967,-81.5150,,,,0.00,0.001,,verschieden
2124,N,"Saint Peter Port, Guernsey, Channel Islands",harmonics/classic/harmonics-pierre-lavergne-v10_mod.txt,8112,49.4561,-2.5266,,,,0.00,0.023,,gleich
2124,N,"Saint Peter Port, Guernsey, Channel Islands",harmonics/noaa/harmonics_noaa_eutt.txt,53389,49.4561,-2.5266,1,,,0.00,0.023,,gleich
2124,N,"Saint Peter Port, Guernsey, Channel Islands",harmonics/utide/harmonics_utide_tidetables.txt,340835,49.4561,-2.5266,,49.4500,-2.5167,0.00,0.023,,gleich
2125,N,"Saint-Armel (Le Passage), France",harmonics/classic/harmonics-pierre-lavergne-v10_mod.txt,16336,47.5885,-2.7178,,,,0.00,0.024,,gleich
2125,N,"Saint-Armel (Le Passage), France",harmonics/utide/harmonics_utide_tidetables.txt,366227,47.5885,-2.7178,,47.5913,-2.7150,0.00,0.024,,gleich
2126,N,"Saint-Cast, France",harmonics/classic/harmonics-pierre-lavergne-v10_mod.txt,8672,48.6380,-2.2450,,,,0.00,0.001,,gleich
2126,N,"Saint-Cast, France",harmonics/utide/harmonics_utide_tidetables.txt,366617,48.6380,-2.2450,,,,0.00,0.001,,gleich
2127,N,"Saint-François-de-l'Île-d'Orléans, Québec, Canada",harmonics/classic/harmonics-dwf-20100529-nonfree_mod.txt,19561,46.9965,-70.8084,,,,0.02,0.013,,gleich
2127,N,"Saint-François-de-l'Île-d'Orléans, Québec, Canada",harmonics/utide/harmonics_utide_tidetables.txt,268371,46.9965,-70.8082,,,,0.02,0.013,,gleich
2128,N,"Saint-Germain-sur-Ay, France",harmonics/classic/harmonics-pierre-lavergne-v10_mod.txt,7182,49.1999,-1.6667,,49.2333,-1.5871,0.00,0.037,,gleich
2128,N,"Saint-Germain-sur-Ay, France",harmonics/utide/harmonics_utide_tidetables.txt,367009,49.1999,-1.6667,,49.2000,-1.6667,0.00,0.037,,gleich
2129,N,"Saint-Gilles-Croix-de-Vie, France",harmonics/classic/harmonics-pierre-lavergne-v10_mod.txt,18769,46.6970,-1.9451,,,,0.00,0.038,,gleich
2129,N,"Saint-Gilles-Croix-de-Vie, France",harmonics/noaa/harmonics_noaa_eutt.txt,49476,46.6970,-1.9451,1,,,0.00,0.038,,gleich
2129,N,"Saint-Gilles-Croix-de-Vie, France",harmonics/utide/harmonics_utide_tidetables.txt,367204,46.6970,-1.9451,,46.6967,-1.9425,0.00,0.038,,gleich
2130,N,"Saint-Guénolé (Pointe de Penmarch), France",harmonics/classic/harmonics-pierre-lavergne-v10_mod.txt,13532,47.8135,-4.3839,,,,0.01,0.013,,gleich
2130,N,"Saint-Guénolé (Pointe de Penmarch), France",harmonics/noaa/harmonics_noaa_eutt.txt,51431,47.8134,-4.3839,1,,,0.01,0.013,,gleich
2130,N,"Saint-Guénolé (Pointe de Penmarch), France",harmonics/utide/harmonics_utide_tidetables.txt,367399,47.8135,-4.3839,,47.8140,-4.3825,0.01,0.013,,gleich
2131,GN,"Saint-Jean-de-Luz (Socoa), France",harmonics/noaa/harmonics_noaa_eutt.txt,47717,43.3952,-1.6816,1,,,1.84,0.040,,gleich
2131,GN,"Saint-Jean-de-Luz (Ciboure), France",harmonics/ticon/harmonics_ticon4_worldwide.txt,42945,43.3848,-1.6640,,43.3892,-1.6627,1.84,0.040,,gleich
2131,GN,"Saint-Jean-de-Luz (Socoa), France",harmonics/ticon/harmonics_ticon4_worldwide.txt,169085,43.3952,-1.6816,,,,1.84,0.040,,gleich
2131,GN,"Saint-Jean-de-Luz (Socoa), France",harmonics/utide/harmonics_utide_observations.txt,57459,43.3952,-1.6816,,,,1.84,0.040,,gleich
2131,GN,"Saint-Jean-de-Luz (Ciboure), France",harmonics/utide/harmonics_utide_observations.txt,217670,43.3848,-1.6640,,,,1.84,0.040,,gleich
2132,N,"Saint-Louis, Senegal",harmonics/att/harmonics_att_np208.txt,15778,16.0260,-16.5100,,,,0.03,0.083,,gleich
2132,N,"Saint-Louis, Senegal",harmonics/classic/harmonics-1997-05-25_mod.txt,32107,16.0263,-16.5100,,16.0000,-16.5167,0.03,0.083,,gleich
2132,N,"Saint-Louis, Senegal",harmonics/noaa/harmonics_noaa_eutt.txt,33972,16.0262,-16.5100,1,,,0.03,0.083,,gleich
2132,N,"Saint-Louis, Senegal",harmonics/utide/harmonics_utide_tidetables.txt,367980,16.0263,-16.5100,,,,0.03,0.083,,gleich
2133,N,"Saint-Martin-de-Ré (Île de Ré), France",harmonics/classic/harmonics-pierre-lavergne-v10_mod.txt,18957,46.2081,-1.3653,,,,0.02,0.037,,gleich
2133,N,"Saint-Martin-de-Ré (Île de Ré), France",harmonics/noaa/harmonics_noaa_eutt.txt,49084,46.2080,-1.3654,1,,,0.02,0.037,,gleich
2133,N,"Saint-Martin-de-Ré (Île de Ré), France",harmonics/utide/harmonics_utide_tidetables.txt,368175,46.2080,-1.3655,,,,0.02,0.037,,gleich
2134,N,"Saint-Nazaire, France",harmonics/utide/harmonics_utide_observations.txt,62452,47.2669,-2.2016,,,,0.01,0.002,,gleich
2134,N,"Saint-Nazaire, France",harmonics/utide/harmonics_utide_tidetables.txt,368376,47.2669,-2.2017,,,,0.01,0.002,,gleich
2135,N,"Saint-Vaast-la-Hougue, France",harmonics/classic/harmonics-pierre-lavergne-v10_mod.txt,5874,49.5867,-1.2620,,,,0.00,0.013,,gleich
2135,N,"Saint-Vaast-la-Hougue, France",harmonics/utide/harmonics_utide_tidetables.txt,368957,49.5867,-1.2620,,,,0.00,0.013,,gleich
2136,N,"Saint-Valery-en-Caux, France",harmonics/classic/harmonics-pierre-lavergne-v10_mod.txt,4191,49.8833,0.7200,,49.8729,0.7109,0.00,0.003,,gleich
2136,N,"Saint-Valery-en-Caux, France",harmonics/utide/harmonics_utide_tidetables.txt,369152,49.8833,0.7200,,,,0.00,0.003,,gleich
2137,N,"Saint-Yzans-de-Médoc, France",harmonics/ticon/harmonics_ticon4_worldwide.txt,102430,45.3356,-0.7952,,,,0.00,0.001,,gleich
2137,N,"Saint-Yzans-de-Médoc (Lamena), France",harmonics/utide/harmonics_utide_observations.txt,59041,45.3356,-0.7952,,,,0.00,0.001,,gleich
2138,N,"Sakai (Osaka Wan), Osaka, Japan",harmonics/classic/harmonics-2004-06-14_mod.txt,240833,34.5833,135.4670,,,,1.86,0.000,,gleich
2138,N,"Sakai, Osaka, Japan",harmonics/utide/harmonics_utide_observations.txt,129139,34.6000,135.4667,,,,1.86,0.000,,gleich
2139,N,"Sakaiminato, Tottori, Japan",harmonics/ticon/harmonics_ticon4_worldwide.txt,169685,35.5478,133.2431,,,,0.00,0.004,,gleich
2139,N,"Sakaiminato, Tottori, Japan",harmonics/utide/harmonics_utide_observations.txt,129335,35.5478,133.2431,,,,0.00,0.004,,gleich
2140,N,"Sakata, Yamagata, Japan",harmonics/ticon/harmonics_ticon4_worldwide.txt,169883,38.9175,139.8236,,,,0.00,0.012,,gleich
2140,N,"Sakata, Yamagata, Japan",harmonics/utide/harmonics_utide_observations.txt,129529,38.9175,139.8236,,,,0.00,0.012,,gleich
2141,N,"Sakayehama, Russia",harmonics/noaa/harmonics_noaa_cptt.txt,31073,47.4167,142.8167,1,,,0.79,0.048,,verschieden
2141,N,"Starodubskoe, Russia",harmonics/utide/harmonics_utide_observations.txt,187208,47.4100,142.8200,,,,0.79,0.048,,verschieden
2142,N,"Sakitu Wan, Kumamoto, Japan",harmonics/classic/harmonics-2004-06-14_mod.txt,241605,32.3167,130.0170,,,,0.03,0.076,,aehnlich
2142,N,"Sakitsu Wan, Amakusa Shimo Shima, Kumamoto, Japan",harmonics/noaa/harmonics_noaa_cptt.txt,71751,32.3167,130.0167,1,,,0.03,0.076,,aehnlich
2143,N,"Salalah, Oman",harmonics/ticon/harmonics_ticon4_worldwide.txt,170088,16.9350,54.0070,,,,0.00,0.002,,gleich
2143,N,"Salalah, Oman",harmonics/utide/harmonics_utide_observations.txt,175909,16.9350,54.0070,,,,0.00,0.002,,gleich
2144,N,"Salcombe, England, United Kingdom",harmonics/noaa/harmonics_noaa_eutt.txt,62942,50.2355,-3.7676,1,,,0.00,0.075,,gleich
2144,N,"Salcombe, England, United Kingdom",harmonics/utide/harmonics_utide_tidetables.txt,501195,50.2355,-3.7676,,,,0.00,0.075,,gleich
2145,N,"Saldanha, South Africa",harmonics/att/harmonics_att_np203_secondary.txt,17900,-33.0170,17.9500,,,,0.01,0.036,,aehnlich
2145,N,"Saldanha, South Africa",harmonics/att/harmonics_att_np208_secondary.txt,49299,-33.0169,17.9500,,,,0.01,0.036,,aehnlich
2145,N,"Saldanha, South Africa",harmonics/noaa/harmonics_noaa_eutt.txt,17743,-33.0170,17.9500,1,,,0.01,0.036,,aehnlich
2145,N,"Saldahna, South Africa",harmonics/ticon/harmonics_ticon4_worldwide.txt,170286,-33.0170,17.9500,,,,0.01,0.036,,aehnlich
2145,N,"Saldanha Bay, South Africa",harmonics/utide/harmonics_utide_observations.txt,188189,-33.0170,17.9500,,,,0.01,0.036,,aehnlich
2146,N,"Salem, Massachusetts",harmonics/classic/harmonics-2004-06-14_mod.txt,241987,42.5183,-70.8867,,,,0.99,0.029,,gleich
2146,N,"Salem, Salem Harbor, Massachusetts",harmonics/classic/harmonics-dwf-20251228-free.txt,28306,42.5233,-70.8767,,,,0.99,0.029,,gleich
2147,G,"Salen, Scotland, United Kingdom",harmonics/utide/harmonics_utide_tidetables.txt,501581,56.7148,-5.7762,,,,23.31,0.078,1,gleich
2147,G,"Salen (Sound Of Mull), Scotland, United Kingdom",harmonics/utide/harmonics_utide_tidetables.txt,501774,56.5253,-5.9391,,,,23.31,0.078,1,gleich
2148,N,"Salina Cruz (Puerto), Oaxaca, Mexico",harmonics/ticon/harmonics_ticon4_worldwide.txt,170494,16.1703,-95.2033,,16.3183,-95.1967,1.14,0.008,,gleich
2148,N,"Salina Cruz (Faro), Oaxaca, Mexico",harmonics/ticon/harmonics_ticon4_worldwide.txt,170695,16.1600,-95.2030,,,,1.14,0.008,,gleich
2148,N,"Salina Cruz (Faro), Oaxaca, Mexico",harmonics/utide/harmonics_utide_observations.txt,145982,16.1600,-95.2030,,,,1.14,0.008,,gleich
2149,N,"Salisbury, Wicomico River, Chesapeake Bay, Maryland",harmonics/classic/harmonics-2004-06-14_mod.txt,242372,38.3650,-75.6067,,,,0.00,0.083,,gleich
2149,N,"Salisbury, Wicomico River, Maryland",harmonics/classic/harmonics-dwf-20251228-free.txt,67418,38.3650,-75.6067,,,,0.00,0.083,,gleich
2150,GN,"Samarinda, Indonesia",harmonics/att/harmonics_att_np203_scs.txt,109014,-0.5000,117.1333,,,,11.29,0.098,1,gleich
2150,GN,"Samarinda, Kutei River, Borneo, Indonesia",harmonics/noaa/harmonics_noaa_cptt.txt,161571,-0.5000,117.1333,1,,,11.29,0.098,1,gleich
2150,GN,"Samarinda, Indonesia",harmonics/utide/harmonics_utide_tidetables.txt,706622,-0.5705,117.2064,,,,11.29,0.098,1,gleich
2151,N,"Sambro Harbour, Nova Scotia, Canada",harmonics/classic/harmonics-2004-06-14_mod.txt,242757,44.4782,-63.5992,,44.4833,-63.6000,0.01,0.010,,gleich
2151,N,"Sambro Harbour, Nova Scotia, Canada",harmonics/utide/harmonics_utide_tidetables.txt,220612,44.4782,-63.5992,,,,0.01,0.010,,gleich
2152,N,"Samch'onp'o, South Korea",harmonics/classic/harmonics-1997-05-25_mod.txt,32230,34.9333,128.0667,,,,1.64,0.054,,verschieden
2152,N,"Samcheonpo New Port, South Korea",harmonics/utide/harmonics_utide_tidetables.txt,304066,34.9333,128.0833,,,,1.64,0.054,,verschieden
2152,N,"Samcheonpo Breakwater, South Korea",harmonics/utide/harmonics_utide_tidetables.txt,306400,34.9230,128.0705,,,,1.64,0.054,,verschieden
2153,N,"Sampit Baai, Indonesia",harmonics/att/harmonics_att_np203_scs.txt,105522,-3.0000,113.0500,,,,0.00,0.092,,aehnlich
2153,N,"Sampit Bay, Borneo, Indonesia",harmonics/noaa/harmonics_noaa_cptt.txt,163515,-3.0000,113.0500,1,,,0.00,0.092,,aehnlich
2154,N,"Samugawa, Chiba, Japan",harmonics/classic/harmonics-2004-06-14_mod.txt,242950,35.5893,140.1109,,35.5833,140.1170,1.91,0.032,,verschieden
2154,N,"Chibaminato, Chiba, Japan",harmonics/utide/harmonics_utide_observations.txt,99250,35.6011,140.0955,,,,1.91,0.032,,verschieden
2155,N,"San (Tokunoshima), Kagoshima, Japan",harmonics/classic/harmonics-2004-06-14_mod.txt,246195,27.8632,128.9590,,27.8667,128.9670,0.85,0.070,,verschieden
2155,N,"Sammura Wan, Tokuno Shima, Kagoshima, Japan",harmonics/noaa/harmonics_noaa_cptt.txt,78984,27.8667,128.9667,1,,,0.85,0.070,,verschieden
2156,N,"San Antonio, Chile",harmonics/noaa/harmonics_noaa_amtt.txt,79503,-33.5816,-71.6182,1,,,0.00,0.098,,gleich
2156,N,"San Antonio, Chile",harmonics/utide/harmonics_utide_observations.txt,51424,-33.5816,-71.6182,,-33.5770,-71.6180,0.00,0.098,,gleich
2157,N,"San Carlos, Baja California Sur, Mexico",harmonics/noaa/harmonics_noaa_amtt.txt,116638,24.7874,-112.1203,1,,,0.00,0.068,,gleich
2157,N,"San Carlos, Baja California Sur, Mexico",harmonics/utide/harmonics_utide_observations.txt,144200,24.7874,-112.1203,,24.7900,-112.1200,0.00,0.068,,gleich
2158,N,"San Carlos, Philippines",harmonics/att/harmonics_att_np203_scs.txt,68428,10.4833,123.4167,,,,0.92,0.055,,aehnlich
2158,N,"San Carlos, Negros Occidental, Philippines",harmonics/noaa/harmonics_noaa_cptt.txt,191895,10.4833,123.4167,1,,,0.92,0.055,,aehnlich
2158,N,"San Carlos City, Negros Occidental, Philippines",harmonics/utide/harmonics_utide_tidetables.txt,320559,10.4778,123.4230,,,,0.92,0.055,,aehnlich
2159,N,"San Cibrao, Spain",harmonics/classic/harmonics_puertos_spain.txt,22573,43.7091,-7.4610,,,,0.00,0.002,,gleich
2159,N,"San Cibrao, Spain",harmonics/utide/harmonics_utide_tidetables.txt,383378,43.7091,-7.4610,,,,0.00,0.002,,gleich
2160,N,"San Diego, California",harmonics/classic/harmonics-2004-06-14_mod.txt,243326,32.7133,-117.1733,,,,0.41,0.036,,gleich
2160,N,"San Diego, San Diego Bay, California",harmonics/classic/harmonics-dwf-20251228-free.txt,177297,32.7156,-117.1767,,,,0.41,0.036,,gleich
2161,N,"San Felipe, Baja California, Mexico",harmonics/ticon/harmonics_ticon4_worldwide.txt,171305,31.0256,-114.8310,,31.0180,-114.8180,0.01,0.002,,gleich
2161,N,"San Felipe, Baja California, Mexico",harmonics/utide/harmonics_utide_observations.txt,143611,31.0256,-114.8311,,31.0180,-114.8180,0.01,0.002,,gleich
2162,N,"San Fernando, Philippines",harmonics/att/harmonics_att_np203_scs.txt,73866,16.6104,120.2947,,16.6167,120.3000,0.01,0.021,,gleich
2162,N,"San Fernando, Philippines",harmonics/classic/harmonics-1997-05-25_mod.txt,32721,16.6104,120.2947,,16.6167,120.3000,0.01,0.021,,gleich
2162,N,"San Fernando, La Union, Philippines",harmonics/utide/harmonics_utide_tidetables.txt,320755,16.6104,120.2947,,,,0.01,0.021,,gleich
2163,G,"San Francisco, Pier 22 1/2, California",harmonics/classic/harmonics-2004-06-14_mod.txt,243703,37.7900,-122.3867,,,,7.19,0.068,1,gleich
2163,G,"San Francisco, San Francisco Bay, California",harmonics/classic/harmonics-dwf-20251228-free.txt,181066,37.8063,-122.4659,,,,7.19,0.068,1,gleich
2164,N,"San Jose, Antique, Philippines",harmonics/noaa/harmonics_noaa_cptt.txt,188614,10.7333,121.9333,1,,,0.73,0.039,,verschieden
2164,N,"San Jose de Buenavista, Antique, Philippines",harmonics/utide/harmonics_utide_tidetables.txt,320949,10.7374,121.9385,,,,0.73,0.039,,verschieden
2165,N,"San Juan, Puerto Rico (3)",harmonics/classic/harmonics-2004-06-14_mod.txt,244083,18.4617,-66.1150,,,,0.34,0.026,,gleich
2165,N,"San Juan, La Puntilla, San Juan Bay, Puerto Rico",harmonics/classic/harmonics-dwf-20251228-free.txt,264572,18.4589,-66.1164,,,,0.34,0.026,,gleich
2166,G,"San Lorenzo, Ecuador",harmonics/noaa/harmonics_noaa_censam.txt,18454,1.2500,-78.8330,,1.2500,78.8330,4.82,0.065,1,gleich
2166,G,"San Lorenzo, Ecuador",harmonics/utide/harmonics_utide_observations.txt,224225,1.2930,-78.8388,,1.2900,-78.8400,4.82,0.065,1,gleich
2167,N,"San Miguel de Cozumel, Quintana Roo, México",harmonics/classic/harmonics-1997-05-25_mod.txt,15645,20.5078,-86.9554,,20.5000,-87.0000,0.00,0.071,,gleich
2167,N,"San Miguel de Cozumel, Quintana Roo, México",harmonics/utide/harmonics_utide_tidetables.txt,619542,20.5078,-86.9554,,,,0.00,0.071,,gleich
2168,N,"San Pascual, Philippines",harmonics/att/harmonics_att_np203_scs.txt,70756,13.1333,122.9833,,,,0.00,0.043,,gleich
2168,N,"San Pascual, Burias Island, Camarines Sur, Philippines",harmonics/noaa/harmonics_noaa_cptt.txt,203865,13.1333,122.9833,1,,,0.00,0.043,,gleich
2169,N,"San Pedro, Ivory Coast",harmonics/att/harmonics_att_np208_secondary.txt,34613,4.7373,-6.6150,,,,0.00,0.091,,gleich
2169,N,"San Pedro, Ivory Coast",harmonics/utide/harmonics_utide_tidetables.txt,369347,4.7373,-6.6150,,4.7333,-6.6103,0.00,0.091,,gleich
2170,N,"San Quintin (Campo La Chorera), Baja California, Mexico",harmonics/ticon/harmonics_ticon4_worldwide.txt,172113,30.4364,-115.9870,,30.4833,-115.9767,0.00,0.003,,gleich
2170,N,"San Quintin (Campo La Chorera), Baja California, Mexico",harmonics/utide/harmonics_utide_observations.txt,142624,30.4364,-115.9870,,30.4830,-115.9830,0.00,0.003,,gleich
2171,N,"San Salvador (Watling Island), Bahamas",harmonics/classic/harmonics-2004-06-14_mod.txt,244472,24.0578,-74.5379,,24.0500,-74.5500,0.00,0.039,,gleich
2171,N,"San Salvador (Watling Island), Bahamas",harmonics/noaa/harmonics_noaa_carib.txt,17685,24.0578,-74.5379,,24.0500,-74.5500,0.00,0.039,,gleich
2172,N,"San Sebastián de la Gomera, Spain",harmonics/att/harmonics_att_np208_secondary.txt,17736,28.0878,-17.1082,,,,0.01,0.068,,gleich
2172,N,"San Sebastián de La Gomera, Islas Canarias, Spain",harmonics/classic/harmonics_puertos_spain.txt,23180,28.0878,-17.1082,,,,0.01,0.068,,gleich
2172,N,"San Sebastián de La Gomera, Spain",harmonics/ticon/harmonics_ticon4_worldwide.txt,63978,28.0878,-17.1082,,28.0000,-17.0000,0.01,0.068,,gleich
2173,N,"Sand Heads Lighthouse, British Columbia, Canada",harmonics/utide/harmonics_utide_observations.txt,43955,49.1052,-123.3042,,,,0.00,0.005,,gleich
2173,N,"Sand Heads Lighthouse, British Columbia, Canada",harmonics/utide/harmonics_utide_tidetables.txt,105550,49.1052,-123.3042,,,,0.00,0.005,,gleich
2174,H,"Sandhead (Matla River Approach), West Bengal, India",harmonics/att/harmonics_att_np203_secondary.txt,104746,20.9667,88.5833,,,,0.00,0.192,,gleich
2174,H,"Sandhead (Matla River Approach), West Bengal, India",harmonics/noaa/harmonics_noaa_cptt.txt,266635,20.9667,88.5833,1,,,0.00,0.192,,gleich
2175,N,"Sandnes, Norway",harmonics/ticon/harmonics_ticon4_worldwide.txt,172517,58.8682,5.7466,,,,0.00,0.007,,gleich
2175,N,"Sandnes, Norway",harmonics/utide/harmonics_utide_observations.txt,173515,58.8682,5.7466,,,,0.00,0.007,,gleich
2176,N,"Sandown (Isle of Wight), England, United Kingdom",harmonics/ticon/harmonics_ticon4_worldwide.txt,172718,50.6511,-1.1532,,,,0.00,0.003,,gleich
2176,N,"Sandown (Isle of Wight), England, United Kingdom",harmonics/utide/harmonics_utide_observations.txt,199018,50.6511,-1.1532,,,,0.00,0.003,,gleich
2177,H,"Sandur, Faroe Islands",harmonics/att/harmonics_att_np202_secondary.txt,16364,61.8333,-6.8000,,,,0.00,0.402,1,aehnlich
2177,H,"Sandsvágur, Sandoy Island, Faroe Islands",harmonics/noaa/harmonics_noaa_eutt.txt,77998,61.8333,-6.8000,1,,,0.00,0.402,1,aehnlich
2178,L,"Sandy Bay, Gibraltar",harmonics/att/harmonics_att_np208.txt,24558,36.1297,-5.3399,,36.1330,-5.3330,3.12,0.079,1,verschieden
2178,L,"Gibraltar, United Kingdom",harmonics/ticon/harmonics_ticon4_worldwide.txt,62979,36.1487,-5.3654,,36.1330,-5.3500,3.12,0.079,1,verschieden
2179,N,"Sandy Hook, New Jersey",harmonics/classic/harmonics-2004-06-14_mod.txt,245618,40.4667,-74.0017,,,,0.65,0.018,,gleich
2179,N,"Sandy Hook, Fort Hancock, New Jersey",harmonics/classic/harmonics-dwf-20251228-free.txt,57151,40.4669,-74.0094,,,,0.65,0.018,,gleich
2180,N,"Sandy Point, Nova Scotia, Canada",harmonics/classic/harmonics-2004-06-14_mod.txt,246002,43.6968,-65.3238,,43.7000,-65.3333,0.17,0.004,,gleich
2180,N,"Sandy Point, Nova Scotia, Canada",harmonics/utide/harmonics_utide_tidetables.txt,220806,43.6953,-65.3242,,,,0.17,0.004,,gleich
2181,N,"Sanlúcar de Barrameda (Bonanza / Guadalquivir), Spain",harmonics/classic/harmonics_puertos_spain.txt,16032,36.8024,-6.3381,,,,2.37,0.039,,verschieden
2181,N,"Sanlúcar, Río Guadalquivir, Spain",harmonics/noaa/harmonics_noaa_eutt.txt,40425,36.7833,-6.3500,1,,,2.37,0.039,,verschieden
2181,N,"Sanlúcar de Barrameda (Bonanza / Guadalquivir), Spain",harmonics/ticon/harmonics_ticon4_worldwide.txt,31896,36.8024,-6.3381,,36.8000,-6.3400,2.37,0.039,,verschieden
2182,N,"Santa Cruz da Graciosa, Açores, Portugal",harmonics/att/harmonics_att_np208_secondary.txt,15985,39.0838,-27.9972,,,,0.00,0.069,,gleich
2182,N,"Santa Cruz da Graciosa, Açores, Portugal",harmonics/noaa/harmonics_noaa_eutt.txt,16761,39.0838,-27.9972,1,,,0.00,0.069,,gleich
2182,N,"Santa Cruz da Graciosa, Açores, Portugal",harmonics/utide/harmonics_utide_tidetables.txt,695005,39.0838,-27.9972,,39.0833,-27.9983,0.00,0.069,,gleich
2183,N,"Santa Cruz das Flores, Açores, Portugal",harmonics/att/harmonics_att_np208_secondary.txt,15792,39.4514,-31.1259,,,,0.00,0.029,,gleich
2183,N,"Santa Cruz das Flores, Açores, Portugal",harmonics/ticon/harmonics_ticon4_worldwide.txt,58756,39.4514,-31.1259,,39.4530,-31.1200,0.00,0.029,,gleich
2183,N,"Santa Cruz das Flores, Açores, Portugal",harmonics/utide/harmonics_utide_observations.txt,183062,39.4514,-31.1259,,39.4533,-31.1133,0.00,0.029,,gleich
2184,N,"Santa Cruz de La Palma, Islas Canarias, Spain",harmonics/att/harmonics_att_np208_secondary.txt,17346,28.6778,-17.7679,,,,0.00,0.068,,gleich
2184,N,"Santa Cruz de La Palma, Islas Canarias, Spain",harmonics/classic/harmonics_puertos_spain.txt,23385,28.6778,-17.7679,,28.6778,-17.7679,0.00,0.068,,gleich
2185,HN,"Santa Cruz de Tenerife, Islas Canarias, Spain",harmonics/att/harmonics_att_np208_secondary.txt,18126,28.4772,-16.2411,,,,0.00,0.106,,gleich
2185,HN,"Santa Cruz de Tenerife, Islas Canarias, Spain",harmonics/classic/harmonics_puertos_spain.txt,21144,28.4772,-16.2411,,28.4772,-16.2411,0.00,0.106,,gleich
2185,HN,"Santa Cruz de Tenerife, Islas Canarias, Spain",harmonics/noaa/harmonics_noaa_eutt.txt,15981,28.4772,-16.2411,1,,,0.00,0.106,,gleich
2186,N,"Santa Cruz, Philippines",harmonics/att/harmonics_att_np203_scs.txt,73280,15.7603,119.9071,,15.7667,119.9000,1.04,0.067,,gleich
2186,N,"Santa Cruz, Philippines",harmonics/classic/harmonics-1997-05-25_mod.txt,32843,15.7603,119.9071,,15.7667,119.9000,1.04,0.067,,gleich
2186,N,"Santa Cruz, Zambales, Philippines",harmonics/noaa/harmonics_noaa_cptt.txt,208113,15.7667,119.9000,1,,,1.04,0.067,,gleich
2187,H,"Santa Elena River, Philippines",harmonics/att/harmonics_att_np203_scs.txt,80076,11.3500,124.9833,,,,1.86,0.151,,verschieden
2187,H,"Uban Point, San Juanico Strait, Leyte, Philippines",harmonics/noaa/harmonics_noaa_cptt.txt,198459,11.3667,124.9833,1,,,1.86,0.151,,verschieden
2188,N,"Santa Marta, Colombia",harmonics/ticon/harmonics_ticon4_worldwide.txt,173126,11.2352,-74.2215,,11.2350,-74.2220,0.00,0.002,,gleich
2188,N,"Santa Marta, Colombia",harmonics/utide/harmonics_utide_observations.txt,52415,11.2352,-74.2215,,,,0.00,0.002,,gleich
2189,N,"Santa Monica, Municipal Pier, California",harmonics/classic/harmonics-2004-06-14_mod.txt,246589,34.0067,-118.4983,,,,0.24,0.011,,gleich
2189,N,"Santa Monica, Municipal Pier, San Pedro Channel, California",harmonics/classic/harmonics-dwf-20251228-free.txt,178494,34.0083,-118.5000,,,,0.24,0.011,,gleich
2190,N,"Santa Rosalia, Baja California Sur, Mexico",harmonics/classic/harmonics-2004-06-14_mod.txt,246784,27.3385,-112.2614,,27.3167,-112.2500,0.14,0.051,,gleich
2190,N,"Santa Rosalía, Baja California Sur, Mexico",harmonics/utide/harmonics_utide_tidetables.txt,617375,27.3375,-112.2622,,,,0.14,0.051,,gleich
2191,H,"Santander, Spain",harmonics/classic/harmonics_puertos_spain.txt,20122,43.4613,-3.7908,,,,0.00,0.215,,gleich
2191,H,"Santander, Spain",harmonics/noaa/harmonics_noaa_eutt.txt,45153,43.4613,-3.7908,1,,,0.00,0.215,,gleich
2192,LN,"Santo António (Ilha do Príncipe), São Tomé and Príncipe",harmonics/att/harmonics_att_np208_secondary.txt,44086,1.6432,7.4214,,1.6500,7.4170,0.00,0.153,,gleich
2192,LN,"Santo António (Ilha do Príncipe), São Tomé and Príncipe",harmonics/classic/harmonics-1997-05-25_mod.txt,32963,1.6432,7.4214,,1.6333,7.4167,0.00,0.153,,gleich
2192,LN,"Santo António (Ilha do Príncipe), São Tomé and Príncipe",harmonics/utide/harmonics_utide_tidetables.txt,668519,1.6432,7.4214,,1.6500,7.4167,0.00,0.153,,gleich
2193,H,"Santurtzi (Bilbao), Spain",harmonics/classic/harmonics_puertos_spain.txt,15827,43.3517,-3.0452,,,,0.00,0.102,,gleich
2193,H,"Santurtzi (Bilbao), Spain",harmonics/noaa/harmonics_noaa_eutt.txt,45744,43.3517,-3.0452,1,,,0.00,0.102,,gleich
2194,H,"Saonek, Indonesia",harmonics/att/harmonics_att_np203_scs.txt,144528,-0.4500,130.7667,,,,0.00,0.114,,gleich
2194,H,"Saonek, Dampier Strait, Indonesia",harmonics/noaa/harmonics_noaa_cptt.txt,242352,-0.4500,130.7667,1,,,0.00,0.114,,gleich
2195,H,"Sapudi, Indonesia",harmonics/att/harmonics_att_np203_scs.txt,128218,-7.0833,114.2667,,,,0.00,0.136,,gleich
2195,H,"Sapudi Island, Sapudi Strait, Java, Indonesia",harmonics/noaa/harmonics_noaa_cptt.txt,152685,-7.0833,114.2667,1,,,0.00,0.136,,gleich
2196,N,"Sarina Inlet, Queensland, Australia",harmonics/classic/harmonics-2004-06-14_mod.txt,247364,-21.4000,149.3333,,,,0.00,0.083,,gleich
2196,N,"Sarina Inlet, Queensland, Australia",harmonics/noaa/harmonics_noaa_cptt.txt,247395,-21.4000,149.3333,1,,,0.00,0.083,,gleich
2197,N,"Sasebo, Nagasaki, Japan",harmonics/ticon/harmonics_ticon4_worldwide.txt,173529,33.1581,129.7239,,,,0.01,0.008,,gleich
2197,N,"Sasebo, Nagasaki, Japan",harmonics/utide/harmonics_utide_observations.txt,130116,33.1581,129.7239,,,,0.01,0.008,,gleich
2198,N,"Sassandra, Ivory Coast",harmonics/att/harmonics_att_np208_secondary.txt,34806,4.9520,-6.0804,,,,0.00,0.080,,gleich
2198,N,"Sassandra, Ivory Coast",harmonics/utide/harmonics_utide_tidetables.txt,369542,4.9520,-6.0804,,4.9500,-6.0833,0.00,0.080,,gleich
2199,N,"Sasuna (Tsushima), Nagasaki, Japan",harmonics/classic/harmonics-2004-06-14_mod.txt,247557,34.6390,129.3939,,34.6333,129.4000,1.56,0.098,,gleich
2199,N,"Sasuna Ko, Nagasaki, Japan",harmonics/noaa/harmonics_noaa_cptt.txt,76423,34.6500,129.3833,1,,,1.56,0.098,,gleich
2200,N,"Saumlaki, Yamdena, Indonesia",harmonics/ticon/harmonics_ticon4_worldwide.txt,173732,-7.9828,131.2905,,-7.9820,131.2900,0.10,0.001,,gleich
2200,N,"Saumlaki, Yamdena, Indonesia",harmonics/utide/harmonics_utide_observations.txt,91808,-7.9820,131.2900,,,,0.10,0.001,,gleich
2201,GN,"Sausalito, California",harmonics/classic/harmonics-2004-06-14_mod.txt,247750,37.8500,-122.4833,,,,2.47,0.023,,gleich
2201,GN,"Sausalito, San Francisco Bay, California",harmonics/classic/harmonics-dwf-20251228-free.txt,184016,37.8467,-122.4770,,,,2.47,0.023,,gleich
2201,GN,"Sausalito, Corps of Engineers Dock, San Francisco Bay, California",harmonics/classic/harmonics-dwf-20251228-free.txt,184602,37.8650,-122.4930,,,,2.47,0.023,,gleich
2202,N,"Savage Harbour, Prince Edward Island, Canada",harmonics/classic/harmonics-2004-06-14_mod.txt,248130,46.4269,-62.8399,,46.4333,-62.8500,0.01,0.000,,gleich
2202,N,"Savage Harbour, Prince Edward Island, Canada",harmonics/utide/harmonics_utide_tidetables.txt,311810,46.4269,-62.8400,,,,0.01,0.000,,gleich
2203,N,"Savannah River Entrance, Georgia",harmonics/classic/harmonics-2004-06-14_mod.txt,248319,32.0333,-80.9017,,,,0.20,0.007,,verschieden
2203,N,"Fort Pulaski, Savannah River, Georgia",harmonics/classic/harmonics-dwf-20251228-free.txt,94950,32.0347,-80.9030,,,,0.20,0.007,,verschieden
2204,N,"Sazaura (Gokasho Bay), Mie, Japan",harmonics/classic/harmonics-2004-06-14_mod.txt,88591,34.3169,136.6743,,34.3167,136.6670,0.70,0.055,,verschieden
2204,N,"Gokasho Ko, Mie, Japan",harmonics/noaa/harmonics_noaa_cptt.txt,54528,34.3167,136.6667,1,,,0.70,0.055,,verschieden
2205,N,"Scalloway (Shetlands), Scotland, United Kingdom",harmonics/noaa/harmonics_noaa_eutt.txt,77016,60.1350,-1.2767,1,,,0.00,0.043,,gleich
2205,N,"Scalloway (Shetlands), Scotland, United Kingdom",harmonics/utide/harmonics_utide_tidetables.txt,502355,60.1350,-1.2767,,60.1333,-1.2667,0.00,0.043,,gleich
2206,N,"Scarborough, England, United Kingdom",harmonics/noaa/harmonics_noaa_eutt.txt,57971,54.2825,-0.3903,1,,,0.00,0.017,,gleich
2206,N,"Scarborough, England, United Kingdom",harmonics/ticon/harmonics_ticon4_worldwide.txt,173932,54.2825,-0.3903,,,,0.00,0.017,,gleich
2206,N,"Scarborough, England, United Kingdom",harmonics/utide/harmonics_utide_observations.txt,199213,54.2825,-0.3903,,,,0.00,0.017,,gleich
2207,N,"Scarinish (Tiree), Scotland, United Kingdom",harmonics/noaa/harmonics_noaa_eutt.txt,72270,56.5012,-6.8042,1,,,1.06,0.066,,verschieden
2207,N,"Gott Bay (Tiree), Scotland, United Kingdom",harmonics/utide/harmonics_utide_tidetables.txt,452423,56.5101,-6.7982,,,,1.06,0.066,,verschieden
2208,N,"Scawfell Island, Queensland, Australia",harmonics/classic/harmonics-2004-06-14_mod.txt,248701,-20.8667,149.6167,,,,0.00,0.098,,verschieden
2208,N,"Refuge Bay, Scawfell Island, Queensland, Australia",harmonics/noaa/harmonics_noaa_cptt.txt,247199,-20.8667,149.6167,1,,,0.00,0.098,,verschieden
2209,N,"Schelle, Belgium",harmonics/utide/harmonics_utide_observations.txt,34375,51.1260,4.3157,,,,1.20,0.014,,verschieden
2209,N,"Wintam Sluis Afwaarts DVW, Belgium",harmonics/utide/harmonics_utide_observations.txt,35935,51.1189,4.3028,,,,1.20,0.014,,verschieden
2210,H,"Scheveningen, Netherlands",harmonics/noaa/harmonics_noaa_eutt.txt,81332,52.0990,4.2636,1,,,0.00,0.120,,gleich
2210,H,"Scheveningen, Netherlands",harmonics/utide/harmonics_utide_observations.txt,161126,52.0990,4.2636,,,,0.00,0.120,,gleich
2211,N,"Schiermonnikoog, Netherlands",harmonics/ticon/harmonics_ticon4_worldwide.txt,174130,53.4689,6.2029,,,,0.00,0.007,,gleich
2211,N,"Schiermonnikoog, Waddenzee, Netherlands",harmonics/utide/harmonics_utide_observations.txt,161319,53.4689,6.2029,,,,0.00,0.007,,gleich
2212,L,"Sciacca, Italy (1)",harmonics/ticon/harmonics_ticon4_worldwide.txt,164873,37.5043,13.0779,,37.5045,13.0765,0.22,0.137,,gleich
2212,L,"Sciacca, Italy (2)",harmonics/ticon/harmonics_ticon4_worldwide.txt,174724,37.5059,13.0765,,37.2212,13.0765,0.22,0.137,,gleich
2213,N,"Scotia Bay, Laurie Island, South Orkneys, Antarctica",harmonics/classic/harmonics-1997-05-25_mod.txt,33331,-60.7452,-44.6941,,-60.7333,-44.6500,2.51,0.004,,verschieden
2213,N,"Bahía Scotia (Isla Laurie, Islas Orcadas del Sur), Antarctica",harmonics/utide/harmonics_utide_tidetables.txt,611090,-60.7333,-44.7333,,,,2.51,0.004,,verschieden
2214,N,"Scrabster (Thurso), Scotland, United Kingdom",harmonics/classic/harmonics-1997-05-25_mod.txt,33453,58.6113,-3.5400,,58.6167,-3.5500,0.00,0.049,,gleich
2214,N,"Scrabster (Thurso), Scotland, United Kingdom",harmonics/utide/harmonics_utide_tidetables.txt,502934,58.6113,-3.5400,,,,0.00,0.049,,gleich
2215,N,"Sea Mills, England, United Kingdom",harmonics/utide/harmonics_utide_tidetables.txt,503127,51.4803,-2.6499,,,,2.34,0.068,,verschieden
2215,N,"Shirehampton, England, United Kingdom",harmonics/utide/harmonics_utide_tidetables.txt,505065,51.4833,-2.6833,,,,2.34,0.068,,verschieden
2216,N,"Seaham, England, United Kingdom",harmonics/noaa/harmonics_noaa_eutt.txt,57373,54.8368,-1.3259,1,,,0.00,0.041,,gleich
2216,N,"Seaham, England, United Kingdom",harmonics/utide/harmonics_utide_tidetables.txt,503515,54.8368,-1.3259,,,,0.00,0.041,,gleich
2217,N,"Seal Cove, British Columbia, Canada",harmonics/ticon/harmonics_ticon4_worldwide.txt,174921,54.3311,-130.2796,,54.3300,-130.2800,0.00,0.001,,gleich
2217,N,"Seal Cove, British Columbia, Canada",harmonics/utide/harmonics_utide_tidetables.txt,147324,54.3311,-130.2796,,,,0.00,0.001,,gleich
2218,N,"Seal Cove, Grand Manan Island, New Brunswick, Canada",harmonics/classic/harmonics-2004-06-14_mod.txt,249463,44.6487,-66.8397,,44.6500,-66.8500,0.00,0.000,,gleich
2218,N,"Seal Cove, New Brunswick, Canada",harmonics/utide/harmonics_utide_tidetables.txt,156980,44.6487,-66.8397,,,,0.00,0.000,,gleich
2219,N,"Searle Point (Cheduba / Manaung Island), Myanmar",harmonics/att/harmonics_att_np203_scs.txt,16558,18.9207,93.6148,,18.9000,93.6167,0.00,0.043,,gleich
2219,N,"Searle Point (Cheduba / Manaung Island), Myanmar",harmonics/noaa/harmonics_noaa_cptt.txt,265649,18.9207,93.6148,1,,,0.00,0.043,,gleich
2220,N,"Second Severn Crossing, England, United Kingdom",harmonics/classic/harmonics_literature.txt,17730,51.5740,-2.6990,,,,0.08,0.006,,verschieden
2220,N,"Prince of Wales Bridge, England, United Kingdom",harmonics/ticon/harmonics_ticon4_worldwide.txt,175923,51.5743,-2.7000,,51.5701,-2.7000,0.08,0.006,,verschieden
2220,N,"Prince of Wales Bridge, England, United Kingdom",harmonics/utide/harmonics_utide_observations.txt,199409,51.5743,-2.7000,,51.5701,-2.7000,0.08,0.006,,verschieden
2221,N,"Second Valley, South Australia, Australia",harmonics/classic/harmonics-2004-06-14_mod.txt,250627,-35.5110,138.2170,,-35.5000,138.2167,0.00,0.080,,gleich
2221,N,"Second Valley, South Australia, Australia",harmonics/noaa/harmonics_noaa_cptt.txt,254243,-35.5110,138.2170,1,,,0.00,0.080,,gleich
2222,N,"Sedili Kechil, Malaysia",harmonics/att/harmonics_att_np203_scs.txt,58724,1.8429,104.1472,,1.8500,104.1500,0.00,0.005,,gleich
2222,N,"Sedili Kechil, Malaysia",harmonics/classic/harmonics-1997-05-25_mod.txt,38122,1.8429,104.1472,,1.8500,104.1500,0.00,0.005,,gleich
2223,N,"Seeadler Harbor, Manus, Admiralty Islands, Papua New Guinea",harmonics/classic/harmonics-1997-05-25_mod.txt,28432,-2.0191,147.2697,,-2.0167,147.2667,0.72,0.036,,verschieden
2223,N,"Seeadler Harbor, Manus, Admiralty Islands, Papua New Guinea",harmonics/classic/harmonics-2004-06-14_mod.txt,251013,-2.0191,147.2697,,-2.0167,147.2667,0.72,0.036,,verschieden
2223,N,"Seeadler Harbor, Manus, Admiralty Islands, Papua New Guinea",harmonics/ticon/harmonics_ticon4_worldwide.txt,114491,-2.0191,147.2697,,-2.0130,147.2720,0.72,0.036,,verschieden
2223,N,"Manus, Papua New Guinea",harmonics/utide/harmonics_utide_observations.txt,181672,-2.0130,147.2720,,,,0.72,0.036,,verschieden
2224,N,"Segoro Wedi Bay, Indonesia",harmonics/att/harmonics_att_np203_scs.txt,125306,-8.3000,111.7167,,,,2.61,0.092,,verschieden
2224,N,"Prigi, Java, Indonesia",harmonics/ticon/harmonics_ticon4_worldwide.txt,153975,-8.2830,111.7330,,,,2.61,0.092,,verschieden
2224,N,"Prigi, Java, Indonesia",harmonics/utide/harmonics_utide_observations.txt,89814,-8.2830,111.7330,,,,2.61,0.092,,verschieden
2225,HN,"Segunda Barranca, Buenos Aires, Argentina",harmonics/att/harmonics_att_np207.txt,22878,-40.7752,-62.2724,,-40.7833,-62.2833,0.00,0.218,,aehnlich
2225,HN,"Faro Segunda Barranca, Buenos Aires, Argentina",harmonics/noaa/harmonics_noaa_amtt.txt,52069,-40.7752,-62.2724,1,,,0.00,0.218,,aehnlich
2225,HN,"Faro Segunda Barranca, Buenos Aires, Argentina",harmonics/utide/harmonics_utide_tidetables.txt,719568,-40.7752,-62.2724,,,,0.00,0.218,,aehnlich
2226,H,"Sekar Bay, Indonesia",harmonics/att/harmonics_att_np203_scs.txt,148408,-2.7000,132.4167,,,,0.00,0.473,1,gleich
2226,H,"Sekar Bay, Berau Gulf, New Guinea, Indonesia",harmonics/noaa/harmonics_noaa_cptt.txt,241756,-2.7000,132.4167,1,,,0.00,0.473,1,gleich
2227,N,"Sekinehama, Aomori, Japan",harmonics/ticon/harmonics_ticon4_worldwide.txt,177727,41.3647,141.2381,,,,0.00,0.001,,gleich
2227,N,"Sekinehama, Aomori, Japan",harmonics/utide/harmonics_utide_observations.txt,131480,41.3647,141.2381,,,,0.00,0.001,,gleich
2228,N,"Sekiu, Washington",harmonics/classic/harmonics-2004-06-14_mod.txt,251393,48.2667,-124.3000,,,,0.44,0.005,,gleich
2228,N,"Sekiu, Clallam Bay, Strait of Juan de Fuca, Washington",harmonics/classic/harmonics-dwf-20251228-free.txt,199820,48.2633,-124.2970,,,,0.44,0.005,,gleich
2229,N,"Selkirk Water, British Columbia, Canada",harmonics/utide/harmonics_utide_tidetables.txt,97433,48.4393,-123.3795,,,,1.29,0.011,,verschieden
2229,N,"Gorge at Aaron Point, British Columbia, Canada",harmonics/utide/harmonics_utide_tidetables.txt,97626,48.4444,-123.3952,,,,1.29,0.011,,verschieden
2230,H,"Selsey Bill, England, United Kingdom",harmonics/noaa/harmonics_noaa_eutt.txt,61154,50.7227,-0.7851,1,,,0.00,0.231,,gleich
2230,H,"Selsey Bill, England, United Kingdom",harmonics/utide/harmonics_utide_tidetables.txt,504098,50.7227,-0.7851,,,,0.00,0.231,,gleich
2231,N,"Sembilan Channel, Indonesia",harmonics/att/harmonics_att_np203_scs.txt,47660,4.1333,98.2500,,,,0.00,0.022,,gleich
2231,N,"Sembilan Channel, Aroe Bay, Sumatra, Indonesia",harmonics/noaa/harmonics_noaa_cptt.txt,138949,4.1333,98.2500,1,,,0.00,0.022,,gleich
2232,N,"Sembilangan, Indonesia",harmonics/att/harmonics_att_np203_scs.txt,127442,-7.0500,112.6833,,,,0.00,0.099,,gleich
2232,N,"Sembilangan, Surabaja Strait, Java, Indonesia",harmonics/noaa/harmonics_noaa_cptt.txt,151719,-7.0500,112.6833,1,,,0.00,0.099,,gleich
2233,HN,"Semerang (Tanjung Emas), Indonesia",harmonics/att/harmonics_att_np203_scs.txt,122396,-6.9500,110.4167,,,,0.45,0.386,1,aehnlich
2233,HN,"Semarang, Java, Indonesia",harmonics/noaa/harmonics_noaa_cptt.txt,151142,-6.9477,110.4200,1,-6.9667,110.4167,0.45,0.386,1,aehnlich
2233,HN,"Semarang, Java, Indonesia",harmonics/utide/harmonics_utide_observations.txt,222678,-6.9477,110.4200,,,,0.45,0.386,1,aehnlich
2234,H,"Semzha, Russia",harmonics/att/harmonics_att_np202_secondary.txt,32430,66.1500,44.1000,,,,0.75,0.127,,verschieden
2234,H,"Semzha River mouth, Russia",harmonics/noaa/harmonics_noaa_eutt.txt,111886,66.1500,44.1167,1,,,0.75,0.127,,verschieden
2235,N,"Sentyabrka (Iturup) Sakhalin, Russia",harmonics/classic/harmonics-2004-06-14_mod.txt,256193,45.4979,148.6158,,45.5000,148.6170,0.24,0.049,,verschieden
2235,N,"Shibetoro, Russia",harmonics/noaa/harmonics_noaa_cptt.txt,43945,45.5000,148.6167,1,,,0.24,0.049,,verschieden
2236,L,"Seogwipo, Jeju-do, South Korea",harmonics/classic/harmonics-1997-05-25_mod.txt,34796,33.2332,126.5673,,33.2333,126.5500,0.00,0.182,,gleich
2236,L,"Seogwipo, Jeju-do, South Korea",harmonics/utide/harmonics_utide_tidetables.txt,295287,33.2332,126.5673,,33.2333,126.5667,0.00,0.182,,gleich
2237,N,"Sept-Îles, Québec, Canada",harmonics/classic/harmonics-dwf-20100529-nonfree_mod.txt,19356,50.2003,-66.3849,,,,0.02,0.001,,gleich
2237,N,"Sept-Îles, Québec, Canada",harmonics/utide/harmonics_utide_tidetables.txt,262374,50.2004,-66.3851,,,,0.02,0.001,,gleich
2238,N,"Sesimbra, Portugal",harmonics/classic/harmonics-1997-05-25_mod.txt,33575,38.4400,-9.1097,,38.4333,-9.1167,0.00,0.008,,gleich
2238,N,"Sesimbra, Portugal",harmonics/utide/harmonics_utide_tidetables.txt,600481,38.4400,-9.1097,,,,0.00,0.008,,gleich
2239,N,"Setana, Hokkaido, Japan",harmonics/ticon/harmonics_ticon4_worldwide.txt,175320,42.4539,139.8452,,,,0.00,0.007,,gleich
2239,N,"Setana, Hokkaido, Japan",harmonics/utide/harmonics_utide_observations.txt,130700,42.4539,139.8452,,42.4500,139.8500,0.00,0.007,,gleich
2240,N,"Setoda (Ikuchi-jima), Hiroshima, Japan",harmonics/classic/harmonics-2004-06-14_mod.txt,252550,34.3050,133.0839,,34.3000,133.0830,0.56,0.079,,gleich
2240,N,"Setoda, Ikuchi Jima, Hiroshima, Japan",harmonics/noaa/harmonics_noaa_cptt.txt,62336,34.3000,133.0833,1,,,0.56,0.079,,gleich
2241,N,"Settlement Point, Grand Bahama Island, Bahamas",harmonics/ticon/harmonics_ticon4_worldwide.txt,175722,26.7025,-78.9912,,26.6900,-78.9830,0.00,0.004,,gleich
2241,N,"Settlement Point, Bahamas",harmonics/utide/harmonics_utide_observations.txt,50236,26.7025,-78.9912,,,,0.00,0.004,,gleich
2242,N,"Severodvinsk, Russia",harmonics/att/harmonics_att_np202_secondary.txt,34564,64.5833,39.7833,,,,0.00,0.051,,verschieden
2242,N,"Nikolskoi Bar, Russia",harmonics/noaa/harmonics_noaa_eutt.txt,107525,64.5833,39.7833,1,,,0.00,0.051,,verschieden
2243,N,"Sevilla (Esclusa), Spain",harmonics/classic/harmonics_puertos_spain.txt,20323,37.3310,-5.9958,,,,1.75,0.054,,gleich
2243,N,"Sevilla (Dársena del Gualdaquivir), Spain",harmonics/classic/harmonics_puertos_spain.txt,20528,37.3185,-6.0079,,,,1.75,0.054,,gleich
2243,N,"Sevilla (Dársena del Gualdaquivir), Spain",harmonics/ticon/harmonics_ticon4_worldwide.txt,176127,37.3185,-6.0077,,,,1.75,0.054,,gleich
2244,N,"Sfax, Tunisia",harmonics/att/harmonics_att_np208.txt,23030,34.7276,10.7742,,34.7280,10.7740,0.00,0.020,,gleich
2244,N,"Sfax, Tunisia",harmonics/classic/harmonics-1997-05-25_mod.txt,33698,34.7276,10.7742,,34.7333,10.7667,0.00,0.020,,gleich
2244,N,"Sfax, Tunisia",harmonics/utide/harmonics_utide_tidetables.txt,369932,34.7276,10.7742,,,,0.00,0.020,,gleich
2245,N,"Shag Rock, Alaska",harmonics/noaa/harmonics_noaa_amtt.txt,87102,60.4667,-145.9833,1,,,0.91,0.093,,verschieden
2245,N,"Gravel Point, Alaska",harmonics/noaa/harmonics_noaa_amtt.txt,87296,60.4667,-145.9667,1,,,0.91,0.093,,verschieden
2246,N,"Shanghai Gang [Shanghai, Huangpu River], Shanghai, China",harmonics/noaa/harmonics_noaa_cptt.txt,114951,31.2500,121.4833,1,,,1.86,0.022,,verschieden
2246,N,"Huangpu Gongyuan, Shanghai, China",harmonics/utide/harmonics_utide_tidetables.txt,623339,31.2333,121.4833,,,,1.86,0.022,,verschieden
2247,N,"Shanghai, China",harmonics/classic/harmonics-1997-05-25_mod.txt,34064,31.4115,121.5045,,31.4000,121.5000,1.35,0.058,,verschieden
2247,N,"Wusong, Shanghai, China",harmonics/utide/harmonics_utide_tidetables.txt,659791,31.4000,121.5000,,,,1.35,0.058,,verschieden
2248,N,"Shantou (Han River), Guangdong, China",harmonics/classic/harmonics-1997-05-25_mod.txt,36519,23.3339,116.7486,,23.3333,116.7500,0.00,0.039,,gleich
2248,N,"Shantou (Han River), Guangdong, China",harmonics/utide/harmonics_utide_tidetables.txt,398227,23.3339,116.7486,,23.3333,116.7500,0.00,0.039,,gleich
2249,N,"Shanwei, Guangdong, China",harmonics/ticon/harmonics_ticon4_worldwide.txt,176330,22.7581,115.3479,,22.7500,115.3500,0.00,0.017,,gleich
2249,N,"Shanwei, Guangdong, China",harmonics/utide/harmonics_utide_tidetables.txt,661737,22.7581,115.3479,,22.7667,115.3667,0.00,0.017,,gleich
2250,H,"Sharm Rabigh, Saudi Arabia",harmonics/att/harmonics_att_np203.txt,18071,22.7350,38.9890,,22.7350,38.9905,0.00,0.209,,aehnlich
2250,H,"Sherm Rabegh, Saudi Arabia",harmonics/noaa/harmonics_noaa_cptt.txt,278956,22.7350,38.9890,1,,,0.00,0.209,,aehnlich
2251,N,"Sharpness Dock, England, United Kingdom",harmonics/utide/harmonics_utide_tidetables.txt,504486,51.7174,-2.4828,,,,1.73,0.055,,verschieden
2251,N,"Wellhouse Rock, England, United Kingdom",harmonics/utide/harmonics_utide_tidetables.txt,519802,51.7330,-2.4830,,,,1.73,0.055,,verschieden
2252,N,"Shatt al Arab Outer Bar, Iraq",harmonics/att/harmonics_att_np203.txt,34741,29.8335,48.7168,,,,0.02,0.004,,aehnlich
2252,N,"Shatt al Arab (Outer Bar), Iraq",harmonics/classic/harmonics-1997-05-25_mod.txt,33820,29.8333,48.7167,,,,0.02,0.004,,aehnlich
2252,N,"Shatt al Arab (Outer Bar), Iraq",harmonics/utide/harmonics_utide_tidetables.txt,671238,29.8333,48.7167,,,,0.02,0.004,,aehnlich
2253,N,"She Shan, Shanghai, China",harmonics/noaa/harmonics_noaa_cptt.txt,113385,31.4167,122.2333,1,,,0.00,0.074,,gleich
2253,N,"Sheshan, Shanghai, China",harmonics/utide/harmonics_utide_tidetables.txt,622757,31.4167,122.2333,,,,0.00,0.074,,gleich
2254,N,"Shelburne, Nova Scotia, Canada",harmonics/classic/harmonics-2004-06-14_mod.txt,253900,43.7536,-65.3205,,43.7500,-65.3000,0.02,0.007,,gleich
2254,N,"Shelburne, Nova Scotia, Canada",harmonics/utide/harmonics_utide_tidetables.txt,221776,43.7536,-65.3203,,,,0.02,0.007,,gleich
2255,N,"Shenge Point, Sierra Leone",harmonics/att/harmonics_att_np208_secondary.txt,31125,7.9170,-12.9670,,,,0.05,0.097,,gleich
2255,N,"Shenge Point, Sherbro River, Sierra Leone",harmonics/noaa/harmonics_noaa_eutt.txt,30040,7.9167,-12.9667,1,,,0.05,0.097,,gleich
2256,H,"Shepenehe Anchorage, New Caledonia",harmonics/noaa/harmonics_noaa_cptt.txt,236110,-20.7833,167.1333,1,,,0.55,0.243,,verschieden
2256,H,"Chépénéhé, New Caledonia",harmonics/utide/harmonics_utide_tidetables.txt,334780,-20.7817,167.1383,,,,0.55,0.243,,verschieden
2257,GHN,"Shiashkotan (Southeast coast), Kuril Islands, Russia",harmonics/classic/harmonics-2004-06-14_mod.txt,104369,48.7833,154.0830,,,,2.42,0.102,,gleich
2257,GHN,"Shiashkotan (Southeast coast), Kuril Islands, Russia",harmonics/noaa/harmonics_noaa_cptt.txt,41052,48.7833,154.0830,1,48.7833,154.0833,2.42,0.102,,gleich
2257,GHN,"Shiashkotan (Northwest coast), Kuril Islands, Russia",harmonics/noaa/harmonics_noaa_cptt.txt,41243,48.7833,154.0500,1,,,2.42,0.102,,gleich
2258,H,"Shibeishan Jiao, Guangdong, China",harmonics/att/harmonics_att_np204_secondary.txt,36745,22.9333,116.4833,,,,0.00,0.208,,aehnlich
2258,H,"Shibeshan Jiao, Guangdong, China",harmonics/noaa/harmonics_noaa_cptt.txt,122224,22.9333,116.4833,1,,,0.00,0.208,,aehnlich
2259,N,"Shibushi, Kagoshima, Japan",harmonics/classic/harmonics-2004-06-14_mod.txt,256386,31.4750,131.1089,,31.4667,131.1170,0.00,0.010,,gleich
2259,N,"Shibushi, Kagoshima, Japan",harmonics/ticon/harmonics_ticon4_worldwide.txt,176931,31.4750,131.1089,,,,0.00,0.010,,gleich
2259,N,"Shibushi, Kagoshima, Japan",harmonics/utide/harmonics_utide_observations.txt,130896,31.4750,131.1089,,31.4833,131.1167,0.00,0.010,,gleich
2260,N,"Shijiki Wan, Nagasaki, Japan",harmonics/classic/harmonics-2004-06-14_mod.txt,262173,33.1971,129.3960,,33.2000,129.3830,1.22,0.078,,gleich
2260,N,"Shijiki Wan, Hirado Shima, Nagasaki, Japan",harmonics/noaa/harmonics_noaa_cptt.txt,73693,33.2000,129.3833,1,,,1.22,0.078,,gleich
2261,N,"Shikine-jima, Tokyo, Japan",harmonics/classic/harmonics-2004-06-14_mod.txt,256964,34.3351,139.2158,,34.3167,139.2170,2.05,0.062,,aehnlich
2261,N,"Shikine Shima, Tokyo, Japan",harmonics/noaa/harmonics_noaa_cptt.txt,56292,34.3167,139.2167,1,,,2.05,0.062,,aehnlich
2262,N,"Shikuka, Russia",harmonics/noaa/harmonics_noaa_cptt.txt,30494,49.2333,143.1333,1,,,1.19,0.079,,verschieden
2262,N,"Poronaysk (Sakhalin), Russia",harmonics/utide/harmonics_utide_observations.txt,212765,49.2270,143.1200,,,,1.19,0.079,,verschieden
2263,N,"Shimoda Ko, Shizuoka, Japan",harmonics/noaa/harmonics_noaa_cptt.txt,52570,34.6667,138.9500,1,,,1.27,0.041,,gleich
2263,N,"Shimoda, Shizuoka, Japan",harmonics/ticon/harmonics_ticon4_worldwide.txt,177529,34.6753,138.9592,,,,1.27,0.041,,gleich
2263,N,"Shimoda, Shizuoka, Japan",harmonics/utide/harmonics_utide_observations.txt,131286,34.6753,138.9592,,,,1.27,0.041,,gleich
2264,N,"Shimotsui, Okayama, Japan",harmonics/classic/harmonics-2004-06-14_mod.txt,258314,34.4356,133.8003,,34.4333,133.8000,0.00,0.074,,gleich
2264,N,"Shimotsui, Okayama, Japan",harmonics/noaa/harmonics_noaa_cptt.txt,61556,34.4356,133.8003,1,,,0.00,0.074,,gleich
2265,N,"Shinagawa, Tokyo Ko, Tokyo, Japan",harmonics/noaa/harmonics_noaa_cptt.txt,51981,35.6167,139.7500,1,,,2.28,0.027,,verschieden
2265,N,"Sibaura, Tokyo, Japan",harmonics/ticon/harmonics_ticon4_worldwide.txt,176733,35.6369,139.7536,,,,2.28,0.027,,verschieden
2266,N,"Shingle Bay, Yukon, Canada",harmonics/classic/harmonics-2004-06-14_mod.txt,254471,68.9333,-137.2000,,,,0.00,0.000,,gleich
2266,N,"Shingle Point, Yukon, Canada",harmonics/utide/harmonics_utide_tidetables.txt,284424,68.9333,-137.2000,,,,0.00,0.000,,gleich
2267,G,"Shinminato (Horioka), Toyama, Japan",harmonics/ticon/harmonics_ticon4_worldwide.txt,60767,36.7752,137.1181,,,,0.01,0.003,,gleich
2267,G,"Shinminato (Horioka), Toyama, Japan",harmonics/utide/harmonics_utide_observations.txt,131868,36.7752,137.1181,,,,0.01,0.003,,gleich
2268,N,"Shinojima, Aichi, Japan",harmonics/classic/harmonics-2004-06-14_mod.txt,258893,34.6830,137.0062,,34.6833,137.0000,0.57,0.075,,aehnlich
2268,N,"Shino Shima, Mikawa Wan, Aichi, Japan",harmonics/noaa/harmonics_noaa_cptt.txt,53548,34.6833,137.0000,1,,,0.57,0.075,,aehnlich
2269,N,"Shiogama, Miyagi, Japan",harmonics/classic/harmonics-2004-06-14_mod.txt,259280,38.3162,141.0340,,38.3167,141.0330,0.00,0.000,,gleich
2269,N,"Shiogama, Miyagi, Japan",harmonics/utide/harmonics_utide_observations.txt,132062,38.3162,141.0340,,,,0.00,0.000,,gleich
2270,N,"Shiokubi, Hokkaido, Japan",harmonics/classic/harmonics-2004-06-14_mod.txt,259473,41.7129,140.9554,,41.7167,140.9670,1.03,0.044,,aehnlich
2270,N,"Shiokubi Saki, Hokkaido, Japan",harmonics/noaa/harmonics_noaa_cptt.txt,47263,41.7167,140.9667,1,,,1.03,0.044,,aehnlich
2271,N,"Ship Cove, Newfoundland, Canada",harmonics/classic/harmonics-2004-06-14_mod.txt,254854,51.6027,-55.6260,,51.6333,-55.6333,0.00,0.000,,gleich
2271,N,"Ship Cove, Newfoundland, Canada",harmonics/utide/harmonics_utide_tidetables.txt,188267,51.6027,-55.6260,,,,0.00,0.000,,gleich
2272,N,"Ship Sands Island, Nunavut, Canada",harmonics/classic/harmonics-2004-06-14_mod.txt,255044,51.3333,-80.4333,,51.0333,-80.4333,0.00,0.000,,gleich
2272,N,"Ship Sands Island, Ontario, Canada",harmonics/utide/harmonics_utide_tidetables.txt,251935,51.3333,-80.4333,,,,0.00,0.000,,gleich
2273,N,"Shippagan, New Brunswick, Canada",harmonics/classic/harmonics-2004-06-14_mod.txt,255424,47.7479,-64.7024,,47.7500,-64.7000,0.00,0.000,,gleich
2273,N,"Shippagan, New Brunswick, Canada",harmonics/utide/harmonics_utide_tidetables.txt,168571,47.7479,-64.7024,,,,0.00,0.000,,gleich
2274,N,"Shippegan Gully, New Brunswick, Canada",harmonics/classic/harmonics-2004-06-14_mod.txt,255234,47.7187,-64.6698,,47.7167,-64.6667,0.00,0.000,,aehnlich
2274,N,"Shippagan Gully, New Brunswick, Canada",harmonics/utide/harmonics_utide_tidetables.txt,168378,47.7187,-64.6698,,,,0.00,0.000,,aehnlich
2275,N,"Shirahama (Iriomote), Okinawa, Japan",harmonics/classic/harmonics-2004-06-14_mod.txt,260055,24.3592,123.7465,,24.3500,123.7500,0.00,0.000,,gleich
2275,N,"Shirahama (Iriomote), Okinawa, Japan",harmonics/utide/harmonics_utide_observations.txt,105700,24.3592,123.7465,,,,0.00,0.000,,gleich
2276,N,"Shirahama (Katata), Wakayama, Japan",harmonics/ticon/harmonics_ticon4_worldwide.txt,177927,33.6836,135.3753,,,,0.00,0.007,,gleich
2276,N,"Shirahama (Katata), Wakayama, Japan",harmonics/utide/harmonics_utide_observations.txt,132258,33.6836,135.3753,,,,0.00,0.007,,gleich
2277,N,"Shirahama, Chiba, Japan",harmonics/classic/harmonics-2004-06-14_mod.txt,260441,34.9120,139.9284,,34.9167,139.9330,0.69,0.076,,verschieden
2277,N,"Otohama, Chiba, Japan",harmonics/noaa/harmonics_noaa_cptt.txt,51197,34.9167,139.9333,1,,,0.69,0.076,,verschieden
2278,N,"Shiraoiko, Hokkaido, Japan",harmonics/ticon/harmonics_ticon4_worldwide.txt,178125,42.5214,141.3206,,,,0.00,0.004,,gleich
2278,N,"Shiraoiko, Hokkaido, Japan",harmonics/utide/harmonics_utide_observations.txt,132452,42.5214,141.3206,,,,0.00,0.004,,gleich
2279,N,"Shiriya, Aomori, Japan",harmonics/classic/harmonics-2004-06-14_mod.txt,261020,41.3983,141.4544,,41.4000,141.4500,0.00,0.059,,gleich
2279,N,"Shiriya, Aomori, Japan",harmonics/noaa/harmonics_noaa_cptt.txt,49040,41.3983,141.4544,1,,,0.00,0.059,,gleich
2280,H,"Shishanzi, Liaoning, China",harmonics/noaa/harmonics_noaa_cptt.txt,97000,39.9667,123.6667,1,,,0.00,0.106,,gleich
2280,H,"Shishanzi, Liaoning, China",harmonics/utide/harmonics_utide_tidetables.txt,649703,39.9667,123.6667,,,,0.00,0.106,,gleich
2281,N,"Shishizaki, Kyoto, Japan",harmonics/classic/harmonics-2004-06-14_mod.txt,256771,35.5554,135.2041,,35.5500,135.2000,1.95,0.078,,verschieden
2281,N,"Miyazu, Kyoto, Japan",harmonics/utide/harmonics_utide_observations.txt,117999,35.5400,135.1939,,,,1.95,0.078,,verschieden
2282,N,"Shoal Bay (Port Stephens), New South Wales, Australia",harmonics/classic/harmonics-2004-06-14_mod.txt,225981,-32.7197,152.1757,,-32.7167,152.1833,2.43,0.048,,verschieden
2282,N,"Nelson's Bay, New South Wales, Australia",harmonics/noaa/harmonics_noaa_cptt.txt,250526,-32.7167,152.1500,1,,,2.43,0.048,,verschieden
2283,N,"Shoal Cove, Newfoundland, Canada",harmonics/classic/harmonics-2004-06-14_mod.txt,255614,51.0245,-57.0228,,51.0167,-57.0167,0.00,0.000,,gleich
2283,N,"Shoal Cove, Newfoundland, Canada",harmonics/utide/harmonics_utide_tidetables.txt,199665,51.0245,-57.0228,,,,0.00,0.000,,gleich
2284,N,"Shoreham (River Adur), England, United Kingdom",harmonics/classic/harmonics-1997-05-25_mod.txt,34432,50.8291,-0.2479,,50.8298,-0.2486,0.00,0.052,,gleich
2284,N,"Shoreham (River Adur), England, United Kingdom",harmonics/noaa/harmonics_noaa_eutt.txt,60953,50.8291,-0.2479,1,,,0.00,0.052,,gleich
2284,N,"Shoreham (River Adur), England, United Kingdom",harmonics/utide/harmonics_utide_tidetables.txt,505454,50.8291,-0.2479,,,,0.00,0.052,,gleich
2285,N,"Shortt Island, Odisha, India",harmonics/att/harmonics_att_np203.txt,32055,20.7833,87.0667,,,,0.01,0.043,,aehnlich
2285,N,"Shortt's Island, Odisha, India",harmonics/classic/harmonics-1997-05-25_mod.txt,34554,20.7833,87.0667,,,,0.01,0.043,,aehnlich
2285,N,"Shortt Island, Odisha, India",harmonics/noaa/harmonics_noaa_cptt.txt,267027,20.7833,87.0667,1,,,0.01,0.043,,aehnlich
2285,N,"Shortt's Island, Odisha, India",harmonics/utide/harmonics_utide_tidetables.txt,291771,20.7833,87.0667,,,,0.01,0.043,,aehnlich
2286,N,"Sibolga, Indonesia",harmonics/ticon/harmonics_ticon4_worldwide.txt,178528,1.7500,98.7670,,,,0.00,0.002,,gleich
2286,N,"Sibolga, Sumatra, Indonesia",harmonics/utide/harmonics_utide_observations.txt,89416,1.7500,98.7670,,,,0.00,0.002,,gleich
2287,N,"Sibuco Bay, Philippines",harmonics/att/harmonics_att_np203_scs.txt,84344,7.3167,122.0667,,,,0.00,0.060,,gleich
2287,N,"Sibuco Bay, Zamboanga del Sur, Philippines",harmonics/noaa/harmonics_noaa_cptt.txt,172792,7.3167,122.0667,1,,,0.00,0.060,,gleich
2288,N,"Sidab, Oman",harmonics/att/harmonics_att_np203_secondary.txt,60544,23.6000,58.6000,,,,1.86,0.031,,verschieden
2288,N,"Khawr Masqat, Oman",harmonics/att/harmonics_att_np203_secondary.txt,60931,23.6167,58.6000,,,,1.86,0.031,,verschieden
2289,H,"Sidaogou [Bar Signal Station, Liao Ho], Liaoning, China",harmonics/noaa/harmonics_noaa_cptt.txt,100918,40.6333,122.1667,1,,,1.41,0.243,,verschieden
2289,H,"Yingkou, Liaoning, China",harmonics/utide/harmonics_utide_tidetables.txt,629159,40.6333,122.1500,,,,1.41,0.243,,verschieden
2290,N,"Sidi Ifni, Morocco",harmonics/att/harmonics_att_np208_secondary.txt,22402,29.3617,-10.1914,,,,0.00,0.049,,gleich
2290,N,"Sidi Ifni, Morocco",harmonics/utide/harmonics_utide_tidetables.txt,621983,29.3617,-10.1914,,29.3790,-10.1720,0.00,0.049,,gleich
2291,N,"Sigaboi, Philippines",harmonics/att/harmonics_att_np203_scs.txt,82986,6.6333,126.0667,,,,0.00,0.074,,aehnlich
2291,N,"Sigaboy Island, Davao Oriental, Philippines",harmonics/noaa/harmonics_noaa_cptt.txt,179159,6.6333,126.0667,1,,,0.00,0.074,,aehnlich
2292,N,"Sigli, Indonesia",harmonics/att/harmonics_att_np203_scs.txt,48436,5.3833,95.9500,,,,1.85,0.088,,gleich
2292,N,"Sigli, Sumatra, Indonesia",harmonics/noaa/harmonics_noaa_cptt.txt,138156,5.3833,95.9667,1,,,1.85,0.088,,gleich
2293,N,"Sihanoukville (Kampong Saom), Cambodia",harmonics/att/harmonics_att_np203_scs.txt,153066,10.6333,103.4833,,,,0.00,0.040,,gleich
2293,N,"Sihanoukville (Kampong Saom), Cambodia",harmonics/classic/harmonics-1997-05-25_mod.txt,16621,10.6333,103.4833,,,,0.00,0.040,,gleich
2293,N,"Sihanoukville (Kampong Saom), Cambodia",harmonics/utide/harmonics_utide_tidetables.txt,632847,10.6333,103.4833,,,,0.00,0.040,,gleich
2294,N,"Sikka, Gujarat, India",harmonics/att/harmonics_att_np203_secondary.txt,92871,22.4334,69.8197,,22.4333,69.8167,0.00,0.010,,gleich
2294,N,"Sikka, Gujarat, India",harmonics/utide/harmonics_utide_tidetables.txt,665028,22.4334,69.8197,,22.4333,69.8167,0.00,0.010,,gleich
2295,N,"Silloth, England, United Kingdom",harmonics/noaa/harmonics_noaa_eutt.txt,68906,54.8680,-3.3944,1,,,0.00,0.043,,gleich
2295,N,"Silloth, England, United Kingdom",harmonics/utide/harmonics_utide_tidetables.txt,505647,54.8680,-3.3944,,,,0.00,0.043,,gleich
2296,N,"Silva Bay, British Columbia, Canada",harmonics/classic/harmonics-2004-06-14_mod.txt,257154,49.1500,-123.7000,,,,0.00,0.000,,gleich
2296,N,"Silva Bay, British Columbia, Canada",harmonics/utide/harmonics_utide_tidetables.txt,104583,49.1500,-123.7000,,,,0.00,0.000,,gleich
2297,N,"Simedang, Indonesia",harmonics/att/harmonics_att_np203_scs.txt,56394,-3.3167,107.2167,,,,0.00,0.083,,gleich
2297,N,"Simedang Island, Indonesia",harmonics/noaa/harmonics_noaa_cptt.txt,146382,-3.3167,107.2167,1,,,0.00,0.083,,gleich
2298,N,"Simon's Town, South Africa",harmonics/att/harmonics_att_np203_secondary.txt,18286,-34.1866,18.4366,,,,0.00,0.015,,gleich
2298,N,"Simon's Town, South Africa",harmonics/noaa/harmonics_noaa_eutt.txt,17545,-34.1866,18.4366,1,,,0.00,0.015,,gleich
2298,N,"Simon's Town, South Africa",harmonics/ticon/harmonics_ticon4_worldwide.txt,178932,-34.1866,18.4366,,-34.1830,18.4330,0.00,0.015,,gleich
2298,N,"Simon's Town, South Africa",harmonics/utide/harmonics_utide_observations.txt,188585,-34.1866,18.4366,,-34.1830,18.4330,0.00,0.015,,gleich
2299,N,"Sines, Portugal",harmonics/ticon/harmonics_ticon4_worldwide.txt,179330,37.9490,-8.8880,,,,0.00,0.000,,gleich
2299,N,"Sines, Portugal",harmonics/utide/harmonics_utide_observations.txt,185234,37.9490,-8.8880,,,,0.00,0.000,,gleich
2300,N,"Singkilbaru, Indonesia",harmonics/att/harmonics_att_np203_scs.txt,50182,2.2833,97.8000,,,,1.86,0.072,,aehnlich
2300,N,"Singkil, Sumatra, Indonesia",harmonics/noaa/harmonics_noaa_cptt.txt,149765,2.2833,97.7833,1,,,1.86,0.072,,aehnlich
2301,N,"Sipitang, Malaysia",harmonics/att/harmonics_att_np203_scs.txt,92502,5.0833,115.5500,,,,0.00,0.083,,gleich
2301,N,"Sipitang, Brunei Bay, Malaysia",harmonics/noaa/harmonics_noaa_cptt.txt,166636,5.0833,115.5500,1,,,0.00,0.083,,gleich
2302,N,"Sir J. Brooke Point, Palawan, Philippines",harmonics/noaa/harmonics_noaa_cptt.txt,186879,8.7667,117.8333,1,,,0.79,0.074,,aehnlich
2302,N,"Brooke's Point, Palawan, Philippines",harmonics/utide/harmonics_utide_tidetables.txt,314335,8.7719,117.8284,,,,0.79,0.074,,aehnlich
2303,N,"Sisiran Bay, Philippines",harmonics/att/harmonics_att_np203_scs.txt,77940,13.9333,123.6500,,,,0.00,0.043,,gleich
2303,N,"Sisiran Bay, Catanduanes, Philippines",harmonics/noaa/harmonics_noaa_cptt.txt,215059,13.9333,123.6500,1,,,0.00,0.043,,gleich
2304,G,"Sisters Creek, St. Johns River, Florida",harmonics/classic/harmonics-2004-06-14_mod.txt,261405,30.4167,-81.4533,,,,0.00,0.017,,gleich
2304,G,"Sisters Creek, Florida",harmonics/classic/harmonics-dwf-20251228-free.txt,101219,30.4167,-81.4533,,,,0.00,0.017,,gleich
2305,N,"Sitka, Alaska",harmonics/classic/harmonics-2004-06-14_mod.txt,261980,57.0517,-135.3417,,,,0.02,0.005,,gleich
2305,N,"Sitka, Baronof Island, Sitka Sound, Alaska",harmonics/classic/harmonics-dwf-20251228-free.txt,215503,57.0517,-135.3420,,,,0.02,0.005,,gleich
2306,N,"Sittwe (Akyab), Myanmar",harmonics/ticon/harmonics_ticon4_worldwide.txt,18034,20.1405,92.9034,,20.1500,92.9000,0.00,0.024,,gleich
2306,N,"Sittwe (Akyab), Myanmar",harmonics/utide/harmonics_utide_observations.txt,26748,20.1405,92.9034,,,,0.00,0.024,,gleich
2306,N,"Sittwe (Akyab), Myanmar",harmonics/utide/harmonics_utide_tidetables.txt,676685,20.1405,92.9034,,20.1333,92.9000,0.00,0.024,,gleich
2307,N,"Skagway, Alaska",harmonics/classic/harmonics-2004-06-14_mod.txt,262745,59.4500,-135.3250,,,,0.19,0.002,,gleich
2307,N,"Skagway, Taiya Inlet, Lynn Canal, Alaska",harmonics/classic/harmonics-dwf-20251228-free.txt,218448,59.4508,-135.3280,,,,0.19,0.002,,gleich
2308,N,"Skegness, England, United Kingdom",harmonics/noaa/harmonics_noaa_eutt.txt,58769,53.1446,0.3495,1,,,0.00,0.039,,gleich
2308,N,"Skegness, England, United Kingdom",harmonics/utide/harmonics_utide_tidetables.txt,505840,53.1446,0.3495,,,,0.00,0.039,,gleich
2309,N,"Skidegate Inlet, British Columbia, Canada",harmonics/noaa/harmonics_noaa_amtt.txt,71829,53.2500,-132.0667,1,,,0.42,0.016,,verschieden
2309,N,"Daajing Giids, British Columbia, Canada",harmonics/utide/harmonics_utide_observations.txt,40069,53.2520,-132.0720,,,,0.42,0.016,,verschieden
2309,N,"Daajing Giids, British Columbia, Canada",harmonics/utide/harmonics_utide_tidetables.txt,154278,53.2520,-132.0720,,,,0.42,0.016,,verschieden
2310,N,"Skinner Cove, Nova Scotia, Canada",harmonics/classic/harmonics-2004-06-14_mod.txt,262935,45.7944,-63.0447,,45.8000,-63.0500,0.01,0.010,,aehnlich
2310,N,"Skinners Cove, Nova Scotia, Canada",harmonics/utide/harmonics_utide_tidetables.txt,221970,45.7945,-63.0447,,,,0.01,0.010,,aehnlich
2311,G,"Sligo, Ireland",harmonics/utide/harmonics_utide_observations.txt,95334,54.2856,-8.4953,,,,5.05,0.052,1,gleich
2311,G,"Sligo Harbour (Oyster Island), Ireland",harmonics/utide/harmonics_utide_tidetables.txt,506419,54.3026,-8.5674,,,,5.05,0.052,1,gleich
2312,N,"Smokey, Labrador, Canada",harmonics/classic/harmonics-2004-06-14_mod.txt,263124,54.4500,-57.2000,,54.4667,-57.2500,1.14,0.100,,verschieden
2312,N,"Indian Harbour, Labrador, Canada",harmonics/noaa/harmonics_noaa_amtt.txt,18785,54.4497,-57.2177,1,,,1.14,0.100,,verschieden
2313,N,"Sok To, North Korea",harmonics/att/harmonics_att_np204_secondary.txt,31905,38.6333,125.0000,,,,0.00,0.092,,gleich
2313,N,"Sok-to, North Korea",harmonics/noaa/harmonics_noaa_cptt.txt,93460,38.6333,125.0000,1,,,0.00,0.092,,gleich
2314,N,"Sokcho, South Korea",harmonics/utide/harmonics_utide_tidetables.txt,300753,38.2000,128.6000,,,,1.14,0.080,,gleich
2314,N,"Sokcho Lighthouse, South Korea",harmonics/utide/harmonics_utide_tidetables.txt,302320,38.1994,128.6131,,,,1.14,0.080,,gleich
2315,N,"Soma, Fukushima, Japan",harmonics/ticon/harmonics_ticon4_worldwide.txt,180933,37.8306,140.9617,,,,0.01,0.004,,gleich
2315,N,"Soma, Fukushima, Japan",harmonics/utide/harmonics_utide_observations.txt,133038,37.8306,140.9617,,,,0.01,0.004,,gleich
2316,N,"Sorel, Québec, Canada",harmonics/ticon/harmonics_ticon4_worldwide.txt,181328,46.0471,-73.1155,,46.0500,-73.1200,0.01,0.011,,gleich
2316,N,"Sorel, Québec, Canada",harmonics/utide/harmonics_utide_tidetables.txt,282880,46.0472,-73.1157,,,,0.01,0.011,,gleich
2317,N,"Sorido, Indonesia",harmonics/att/harmonics_att_np203_scs.txt,141616,-1.1833,136.0667,,,,1.15,0.029,,verschieden
2317,N,"Biak, Indonesia",harmonics/utide/harmonics_utide_tidetables.txt,707577,-1.1857,136.0768,,,,1.15,0.029,,verschieden
2318,H,"Sorsogon, Philippines",harmonics/att/harmonics_att_np203_scs.txt,71532,12.9667,124.0000,,,,0.00,0.109,,gleich
2318,H,"Sorsogon, Sorsogon, Philippines",harmonics/noaa/harmonics_noaa_cptt.txt,217182,12.9667,124.0000,1,,,0.00,0.109,,gleich
2319,N,"Sour (Tyre), Lebanon",harmonics/att/harmonics_att_np208.txt,35061,33.2745,35.1981,,33.3000,35.2170,0.00,0.064,,gleich
2319,N,"Sour (Tyre), Lebanon",harmonics/utide/harmonics_utide_tidetables.txt,370127,33.2745,35.1981,,33.2742,35.2000,0.00,0.064,,gleich
2320,N,"Souris Head, Prince Edward Island, Canada",harmonics/noaa/harmonics_noaa_amtt.txt,32441,46.3333,-62.2833,1,,,3.02,0.047,1,aehnlich
2320,N,"Souris, Prince Edward Island, Canada",harmonics/utide/harmonics_utide_tidetables.txt,307369,46.3496,-62.2518,,,,3.02,0.047,1,aehnlich
2321,N,"South (Galatea) Bay, Andaman and Nicobar, India",harmonics/att/harmonics_att_np203_scs.txt,28818,6.7833,93.8500,,,,0.00,0.090,,verschieden
2321,N,"Galathea Bay, Indonesia",harmonics/noaa/harmonics_noaa_cptt.txt,260905,6.7833,93.8500,1,,,0.00,0.090,,verschieden
2322,H,"South Ubian Island, Philippines",harmonics/att/harmonics_att_np203_scs.txt,87642,5.2000,120.5000,,,,0.00,0.226,,aehnlich
2322,H,"South Ubian Usland, Tawi-Tawi, Philippines",harmonics/noaa/harmonics_noaa_cptt.txt,168745,5.2000,120.5000,1,,,0.00,0.226,,aehnlich
2323,N,"Southwest Pass, Mississippi River Delta, Louisiana",harmonics/classic/harmonics-2004-06-14_mod.txt,265250,28.9333,-89.4333,,,,2.51,0.082,,verschieden
2323,N,"Pilots Station (east), Southwest Pass, Louisiana",harmonics/classic/harmonics-dwf-20251228-free.txt,152483,28.9322,-89.4075,,,,2.51,0.082,,verschieden
2323,N,"Pilot Station, Southwest Pass, Louisiana",harmonics/classic/harmonics-dwf-20251228-free.txt,152678,28.9250,-89.4183,,,,2.51,0.082,,verschieden
2324,GH,"Sovetskaya Gavan, Russia",harmonics/classic/harmonics-1997-05-25_mod.txt,35040,49.0052,140.3062,,49.0000,140.3000,4.09,0.138,1,aehnlich
2324,GH,"Sovetskaya Harbor, Russia",harmonics/noaa/harmonics_noaa_cptt.txt,38557,48.9833,140.2833,1,,,4.09,0.138,1,aehnlich
2324,GH,"Sovetskaya Gavan', Russia",harmonics/utide/harmonics_utide_observations.txt,187011,48.9700,140.2900,,,,4.09,0.138,1,aehnlich
2325,N,"Soyo, Angola",harmonics/att/harmonics_att_np208.txt,19783,-6.1200,12.3640,,,,0.05,0.013,,gleich
2325,N,"Soyo, Angola",harmonics/classic/harmonics-1997-05-25_mod.txt,33087,-6.1203,12.3643,,-6.1167,12.3667,0.05,0.013,,gleich
2326,N,"Spit Wharf, New Zealand",harmonics/utide/harmonics_utide_tidetables.txt,547240,-45.7869,170.7183,,,,1.30,0.027,,verschieden
2326,N,"Taiaroa Head, New Zealand",harmonics/utide/harmonics_utide_tidetables.txt,558077,-45.7773,170.7279,,,,1.30,0.027,,verschieden
2327,N,"Split, Croatia",harmonics/att/harmonics_att_np208.txt,22648,43.5012,16.4361,,43.5000,16.4330,0.00,0.040,,gleich
2327,N,"Split, Croatia",harmonics/classic/harmonics-1997-05-25_mod.txt,35162,43.5012,16.4361,,43.5000,16.4333,0.00,0.040,,gleich
2328,N,"Springdale, Newfoundland, Canada",harmonics/classic/harmonics-2004-06-14_mod.txt,265633,49.5001,-56.0649,,49.4833,-56.0500,0.00,0.000,,gleich
2328,N,"Springdale, Newfoundland, Canada",harmonics/utide/harmonics_utide_tidetables.txt,186142,49.5001,-56.0649,,,,0.00,0.000,,gleich
2329,N,"Spry Harbour, Nova Scotia, Canada",harmonics/classic/harmonics-2004-06-14_mod.txt,265823,44.8378,-62.6141,,44.8333,-62.6167,0.01,0.014,,gleich
2329,N,"Spry Harbour, Nova Scotia, Canada",harmonics/utide/harmonics_utide_tidetables.txt,222360,44.8377,-62.6141,,,,0.01,0.014,,gleich
2330,N,"Squally Cove, New Zealand",harmonics/utide/harmonics_utide_tidetables.txt,554137,-41.0487,173.7571,,,,1.52,0.000,,verschieden
2330,N,"Elaine Bay, New Zealand",harmonics/utide/harmonics_utide_tidetables.txt,562018,-41.0549,173.7733,,,,1.52,0.000,,verschieden
2331,N,"St Helier, Jersey, Channel Islands",harmonics/noaa/harmonics_noaa_eutt.txt,53195,49.1833,-2.1167,1,,,0.00,0.027,,gleich
2331,N,"St Helier, Jersey, Channel Islands",harmonics/ticon/harmonics_ticon4_worldwide.txt,183925,49.1833,-2.1167,,,,0.00,0.027,,gleich
2331,N,"St Helier, Jersey, Channel Islands",harmonics/utide/harmonics_utide_observations.txt,192151,49.1833,-2.1167,,,,0.00,0.027,,gleich
2332,N,"St. Andrews, Passamaquoddy Bay, New Brunswick, Canada",harmonics/classic/harmonics-2004-06-14_mod.txt,266960,45.0823,-67.0845,,45.0667,-67.0500,0.00,0.000,,gleich
2332,N,"St. Andrews, New Brunswick, Canada",harmonics/utide/harmonics_utide_tidetables.txt,159103,45.0823,-67.0845,,,,0.00,0.000,,gleich
2333,N,"St. Anthony, Newfoundland, Canada",harmonics/classic/harmonics-2004-06-14_mod.txt,267150,51.3640,-55.5849,,51.3667,-55.5833,0.00,0.000,,gleich
2333,N,"St. Anthony, Newfoundland, Canada",harmonics/utide/harmonics_utide_tidetables.txt,188074,51.3640,-55.5849,,,,0.00,0.000,,gleich
2334,N,"St. Augustine, city dock, Florida",harmonics/classic/harmonics-2004-06-14_mod.txt,267538,29.8917,-81.3100,,,,2.94,0.038,,verschieden
2334,N,"Vilano Beach Bridge, Tolomato River, Florida",harmonics/classic/harmonics-2004-06-14_mod.txt,307749,29.9167,-81.3000,,,,2.94,0.038,,verschieden
2334,N,"Vilano Beach ICWW, Tolomato River, Florida",harmonics/classic/harmonics-dwf-20251228-free.txt,104776,29.9167,-81.3000,,,,2.94,0.038,,verschieden
2335,N,"St. Bees Island, Queensland, Australia",harmonics/classic/harmonics-2004-06-14_mod.txt,267733,-20.9000,149.4500,,,,0.00,0.098,,gleich
2335,N,"St. Bees Island, Queensland, Australia",harmonics/noaa/harmonics_noaa_cptt.txt,247003,-20.9000,149.4500,1,,,0.00,0.098,,gleich
2336,G,"St. George Island, 12th St. W (bayside), St. George Sound, Florida",harmonics/classic/harmonics-dwf-20251228-free.txt,132479,29.6533,-84.8967,,,,7.43,0.080,1,gleich
2336,G,"St. George Island, Sikes Cut, St. George Sound, Florida",harmonics/classic/harmonics-dwf-20251228-free.txt,132676,29.6133,-84.9583,,,,7.43,0.080,1,gleich
2337,N,"St. George's Island, Bermuda",harmonics/noaa/harmonics_noaa_carib.txt,15194,32.3734,-64.7033,,,,0.80,0.014,,verschieden
2337,N,"Ferry Reach (Biological Station), Bermuda",harmonics/noaa/harmonics_noaa_carib.txt,15385,32.3702,-64.6957,,,,0.80,0.014,,verschieden
2337,N,"Bermuda Esso Pier, St. Georges, Bermuda",harmonics/ticon/harmonics_ticon4_worldwide.txt,30081,32.3730,-64.7030,,,,0.80,0.014,,verschieden
2338,N,"St. Helena Bay, South Africa",harmonics/att/harmonics_att_np203_secondary.txt,17707,-32.7277,17.9877,,,,0.00,0.017,,gleich
2338,N,"St. Helena Bay, South Africa",harmonics/att/harmonics_att_np208_secondary.txt,49106,-32.7277,17.9877,,,,0.00,0.017,,gleich
2339,N,"St. Ives, England, United Kingdom",harmonics/noaa/harmonics_noaa_eutt.txt,63742,50.2152,-5.4763,1,,,0.00,0.046,,gleich
2339,N,"St. Ives, England, United Kingdom",harmonics/utide/harmonics_utide_tidetables.txt,509338,50.2152,-5.4763,,,,0.00,0.046,,gleich
2340,N,"St. Johns River at Buckman Bridge, Florida",harmonics/classic/harmonics-2004-06-14_mod.txt,268494,30.1911,-81.6922,,,,0.35,0.040,,verschieden
2340,N,"I-295 Bridge (west end), St. Johns River, Florida",harmonics/classic/harmonics-dwf-20251228-free.txt,103791,30.1924,-81.6889,,,,0.35,0.040,,verschieden
2341,N,"St. Johns River at Dames Point (N. end, SR 9A bridge), Florida (5)",harmonics/classic/harmonics-2004-06-14_mod.txt,268686,30.3869,-81.5581,,,,0.03,0.051,,verschieden
2341,N,"Dame Point, St. Johns River, Florida",harmonics/classic/harmonics-dwf-20251228-free.txt,102414,30.3867,-81.5583,,,,0.03,0.051,,verschieden
2342,N,"St. Johns River at Main Street Bridge, Florida",harmonics/classic/harmonics-2004-06-14_mod.txt,269070,30.3231,-81.6639,,,,0.64,0.047,,aehnlich
2342,N,"Main Street Bridge, St. Johns River, Florida",harmonics/classic/harmonics-dwf-20251228-free.txt,103204,30.3200,-81.6583,,,,0.64,0.047,,aehnlich
2343,N,"St. Johns River at Racy Point, Florida",harmonics/classic/harmonics-2004-06-14_mod.txt,269452,29.8019,-81.5497,,,,0.14,0.043,,verschieden
2343,N,"Racy Point, St. Johns River, Florida",harmonics/classic/harmonics-dwf-20251228-free.txt,105373,29.8017,-81.5483,,,,0.14,0.043,,verschieden
2344,N,"St. Johns River at Shands Bridge, Florida",harmonics/classic/harmonics-2004-06-14_mod.txt,269644,29.9786,-81.6286,,,,0.64,0.049,,verschieden
2344,N,"Red Bay Point, St. Johns River, Florida",harmonics/classic/harmonics-dwf-20251228-free.txt,104572,29.9817,-81.6342,,,,0.64,0.049,,verschieden
2345,N,"St. Laurent d' Orleans, Québec, Canada",harmonics/noaa/harmonics_noaa_amtt.txt,29104,46.8667,-71.0000,1,,,0.98,0.034,,aehnlich
2345,N,"Saint-Laurent-de-l'Île-d'Orléans, Québec, Canada",harmonics/utide/harmonics_utide_observations.txt,47855,46.8582,-71.0033,,,,0.98,0.034,,aehnlich
2345,N,"Saint-Laurent-de-l'Île-d'Orléans, Québec, Canada",harmonics/utide/harmonics_utide_tidetables.txt,268950,46.8582,-71.0033,,,,0.98,0.034,,aehnlich
2346,N,"St. Lawrence, Newfoundland, Canada",harmonics/utide/harmonics_utide_observations.txt,45917,46.9168,-55.3901,,,,0.00,0.003,,gleich
2346,N,"St. Lawrence, Newfoundland, Canada",harmonics/utide/harmonics_utide_tidetables.txt,174176,46.9168,-55.3901,,,,0.00,0.003,,gleich
2347,N,"St. Marks River Entrance, Florida",harmonics/classic/harmonics-2004-06-14_mod.txt,269833,30.0783,-84.1783,,,,0.00,0.002,,verschieden
2347,N,"St. Marks lighthouse, Apalachee Bay, Florida",harmonics/classic/harmonics-dwf-20251228-free.txt,129733,30.0783,-84.1783,,,,0.00,0.002,,verschieden
2348,N,"St. Paul Island, French Southern Territories",harmonics/att/harmonics_att_np203_secondary.txt,16546,-38.7170,77.5330,,,,0.37,0.027,,gleich
2348,N,"Île Saint-Paul, French Southern and Antarctic Lands",harmonics/ticon/harmonics_ticon4_worldwide.txt,78606,-38.7143,77.5306,,,,0.37,0.027,,gleich
2349,H,"St. Peter Bay, Nova Scotia, Canada",harmonics/noaa/harmonics_noaa_amtt.txt,35787,45.6333,-60.8667,1,,,2.14,0.601,1,aehnlich
2349,H,"St Peters Bay, Nova Scotia, Canada",harmonics/utide/harmonics_utide_tidetables.txt,222556,45.6524,-60.8695,,,,2.14,0.601,1,aehnlich
2350,N,"St. Stephen, New Brunswick, Canada",harmonics/classic/harmonics-2004-06-14_mod.txt,270590,45.1919,-67.2760,,45.2000,-67.2833,0.00,0.000,,gleich
2350,N,"St. Stephen, New Brunswick, Canada",harmonics/utide/harmonics_utide_tidetables.txt,158910,45.1919,-67.2760,,,,0.00,0.000,,gleich
2351,H,"Stack Island, Tasmania, Australia",harmonics/classic/harmonics-2004-06-14_mod.txt,270785,-40.6023,144.7796,,-40.6000,144.7833,0.00,0.142,,gleich
2351,H,"Stack Island, Tasmania, Australia",harmonics/noaa/harmonics_noaa_cptt.txt,251509,-40.6023,144.7796,1,,,0.00,0.142,,gleich
2352,G,"Stamford, Connecticut",harmonics/classic/harmonics-2004-06-14_mod.txt,270974,41.0383,-73.5467,,,,0.00,0.016,,gleich
2352,G,"Stamford Harbor, Stamford, Connecticut",harmonics/classic/harmonics-dwf-20251228-free.txt,42229,41.0383,-73.5467,,,,0.00,0.016,,gleich
2353,G,"Stanley Harbor, Falkland Islands",harmonics/ticon/harmonics_ticon4_worldwide.txt,183122,-51.6924,-57.8205,,,,3.34,0.023,1,gleich
2353,G,"Stanley, Falkland Islands",harmonics/utide/harmonics_utide_tidetables.txt,731290,-51.6833,-57.8667,,-51.7000,-57.8500,3.34,0.023,1,gleich
2354,H,"Starka Bay, Russia",harmonics/att/harmonics_att_np204_secondary.txt,26519,50.1333,140.5667,,,,0.00,0.105,,gleich
2354,H,"Starka Bay, Russia",harmonics/noaa/harmonics_noaa_cptt.txt,37957,50.1333,140.5667,1,,,0.00,0.105,,gleich
2355,HN,"Stavanger, Norway",harmonics/noaa/harmonics_noaa_eutt.txt,88773,58.9743,5.7301,1,,,0.00,0.130,,gleich
2355,HN,"Stavanger, Norway",harmonics/ticon/harmonics_ticon4_worldwide.txt,183325,58.9743,5.7301,,,,0.00,0.130,,gleich
2355,HN,"Stavanger, Norway",harmonics/utide/harmonics_utide_observations.txt,174112,58.9743,5.7301,,,,0.00,0.130,,gleich
2356,N,"Stavenisse (Oosterschelde), Netherlands",harmonics/noaa/harmonics_noaa_eutt.txt,80937,51.5980,4.0040,1,,,0.00,0.063,,gleich
2356,N,"Stavenisse (Oosterschelde), Netherlands",harmonics/utide/harmonics_utide_observations.txt,162091,51.5980,4.0040,,,,0.00,0.063,,gleich
2357,N,"Ste-Anne-Des-Monts, Québec, Canada",harmonics/ticon/harmonics_ticon4_worldwide.txt,169485,49.1340,-66.4858,,49.1300,-66.4900,0.00,0.014,,aehnlich
2357,N,"Sainte-Anne-des-Monts, Québec, Canada",harmonics/utide/harmonics_utide_tidetables.txt,264310,49.1340,-66.4858,,,,0.00,0.014,,aehnlich
2358,N,"Stellendam (Haringvlietdam), Netherlands",harmonics/ticon/harmonics_ticon4_worldwide.txt,69995,51.8292,4.0448,,,,0.82,0.033,,gleich
2358,N,"Stellendam, buitenhaven, Netherlands",harmonics/utide/harmonics_utide_observations.txt,162286,51.8270,4.0334,,,,0.82,0.033,,gleich
2359,H,"Stephens Island, Nelson, New Zealand",harmonics/noaa/harmonics_noaa_cptt.txt,229063,-40.6667,174.0167,1,,,1.41,0.134,,verschieden
2359,H,"Stephens Island / Takapourewa, New Zealand",harmonics/utide/harmonics_utide_tidetables.txt,532293,-40.6740,174.0031,,,,1.41,0.134,,verschieden
2360,N,"Stephenville (Port Harmon), Newfoundland, Canada",harmonics/classic/harmonics-2004-06-14_mod.txt,222899,48.5305,-58.5263,,48.5167,-58.5333,0.00,0.000,,gleich
2360,N,"Stephenville (Port Harmon), Newfoundland, Canada",harmonics/utide/harmonics_utide_tidetables.txt,201211,48.5305,-58.5263,,,,0.00,0.000,,gleich
2361,N,"Stirling Point, New Zealand",harmonics/utide/harmonics_utide_tidetables.txt,532489,-46.6116,168.3597,,,,0.73,0.005,,verschieden
2361,N,"Davey Shoal, New Zealand",harmonics/utide/harmonics_utide_tidetables.txt,545073,-46.6072,168.3668,,,,0.73,0.005,,verschieden
2362,N,"Stonehaven, Scotland, United Kingdom",harmonics/noaa/harmonics_noaa_eutt.txt,55389,56.9600,-2.2020,1,,,0.00,0.055,,gleich
2362,N,"Stonehaven, Scotland, United Kingdom",harmonics/utide/harmonics_utide_tidetables.txt,511270,56.9600,-2.2020,,,,0.00,0.055,,gleich
2363,N,"Stornoway (Isle of Lewis), Scotland, United Kingdom",harmonics/noaa/harmonics_noaa_eutt.txt,76612,58.2072,-6.3889,1,,,0.00,0.021,,gleich
2363,N,"Stornoway (Isle of Lewis), Scotland, United Kingdom",harmonics/ticon/harmonics_ticon4_worldwide.txt,184130,58.2072,-6.3889,,58.2077,-6.3889,0.00,0.021,,gleich
2363,N,"Stornoway (Isle of Lewis), Scotland, United Kingdom",harmonics/utide/harmonics_utide_observations.txt,200200,58.2072,-6.3889,,,,0.00,0.021,,gleich
2364,N,"Strangford, Northern Ireland, United Kingdom",harmonics/noaa/harmonics_noaa_eutt.txt,74244,54.3715,-5.5544,1,,,0.00,0.056,,gleich
2364,N,"Strangford, Northern Ireland, United Kingdom",harmonics/utide/harmonics_utide_tidetables.txt,511463,54.3715,-5.5544,,,,0.00,0.056,,gleich
2365,N,"Stranraer, Scotland, United Kingdom",harmonics/utide/harmonics_utide_observations.txt,221324,54.9062,-5.0298,,,,0.00,0.032,,gleich
2365,N,"Stranraer, Scotland, United Kingdom",harmonics/utide/harmonics_utide_tidetables.txt,511656,54.9062,-5.0298,,,,0.00,0.032,,gleich
2366,N,"Stromness, Scotland, United Kingdom",harmonics/utide/harmonics_utide_observations.txt,221516,58.9620,-3.2970,,,,0.01,0.095,,gleich
2366,N,"Stromness, Scotland, United Kingdom",harmonics/utide/harmonics_utide_tidetables.txt,512042,58.9620,-3.2971,,,,0.01,0.095,,gleich
2367,N,"Sual, Philippines",harmonics/att/harmonics_att_np203_scs.txt,73670,16.0667,120.1000,,,,0.00,0.097,,gleich
2367,N,"Sual, Lingayen Gulf, Zambales, Philippines",harmonics/noaa/harmonics_noaa_cptt.txt,208499,16.0667,120.1000,1,,,0.00,0.097,,gleich
2368,N,"Subic, Philippines",harmonics/ticon/harmonics_ticon4_worldwide.txt,185123,14.7650,120.2520,,,,0.00,0.000,,gleich
2368,N,"Subic Bay, Philippines",harmonics/utide/harmonics_utide_observations.txt,180281,14.7650,120.2520,,,,0.00,0.000,,gleich
2369,N,"Suez (As Suways), Egypt",harmonics/att/harmonics_att_np203.txt,23233,29.9356,32.5581,,,,0.00,0.067,,gleich
2369,N,"Suez (As Suways), Egypt",harmonics/classic/harmonics-1997-05-25_mod.txt,35533,29.9356,32.5581,,29.9333,32.5500,0.00,0.067,,gleich
2369,N,"Suez (As Suways), Egypt",harmonics/utide/harmonics_utide_tidetables.txt,671044,29.9356,32.5581,,29.9333,32.5500,0.00,0.067,,gleich
2370,H,"Suisho-jima, Hokkaido, Japan",harmonics/classic/harmonics-2004-06-14_mod.txt,273475,43.4183,145.9015,,43.4167,145.9000,0.22,0.134,,verschieden
2370,H,"Suisho To, Hokkaido, Japan",harmonics/noaa/harmonics_noaa_cptt.txt,45107,43.4167,145.9000,1,,,0.22,0.134,,verschieden
2371,H,"Sukadana, Indonesia",harmonics/att/harmonics_att_np203_scs.txt,104358,-1.2333,109.9500,,,,0.00,0.163,,gleich
2371,H,"Sukadana, Sukadana Bay, Indonesia",harmonics/noaa/harmonics_noaa_cptt.txt,164671,-1.2333,109.9500,1,,,0.00,0.163,,gleich
2372,N,"Sullom Voe (Shetlands), Scotland, United Kingdom",harmonics/classic/harmonics-1997-05-25_mod.txt,35657,60.4597,-1.2998,,60.4500,-1.3500,0.00,0.063,,gleich
2372,N,"Sullom Voe (Shetlands), Scotland, United Kingdom",harmonics/utide/harmonics_utide_tidetables.txt,512430,60.4597,-1.2998,,,,0.00,0.063,,gleich
2373,N,"Sumiyo (Amami Oshima), Kagoshima, Japan",harmonics/classic/harmonics-2004-06-14_mod.txt,274247,28.2439,129.4236,,28.2333,129.4170,1.36,0.070,,aehnlich
2373,N,"Sumiyo Wan, Kagoshima, Japan",harmonics/noaa/harmonics_noaa_cptt.txt,77802,28.2333,129.4167,1,,,1.36,0.070,,aehnlich
2374,N,"Summerside, Prince Edward Island, Canada",harmonics/classic/harmonics-2004-06-14_mod.txt,274437,46.3865,-63.7896,,46.3833,-63.7833,0.00,0.000,,gleich
2374,N,"Summerside, Prince Edward Island, Canada",harmonics/utide/harmonics_utide_tidetables.txt,309494,46.3865,-63.7896,,,,0.00,0.000,,gleich
2375,N,"Sunatsu (Kitakyushu), Fukuoka, Japan",harmonics/classic/harmonics-2004-06-14_mod.txt,274823,33.8922,130.8915,,33.8833,130.9000,0.02,0.026,,gleich
2375,N,"Sunatsu (Kitakyushu), Fukuoka, Japan",harmonics/ticon/harmonics_ticon4_worldwide.txt,185526,33.8922,130.8915,,,,0.02,0.026,,gleich
2375,N,"Sunatsu, Fukuoka, Japan",harmonics/utide/harmonics_utide_observations.txt,133429,33.8921,130.8917,,,,0.02,0.026,,gleich
2376,N,"Sunderland, England, United Kingdom",harmonics/noaa/harmonics_noaa_eutt.txt,57173,54.9187,-1.3601,1,,,0.00,0.038,,gleich
2376,N,"Sunderland, England, United Kingdom",harmonics/utide/harmonics_utide_tidetables.txt,512819,54.9187,-1.3601,,,,0.00,0.038,,gleich
2377,H,"Sungai Aru Tobal, Indonesia",harmonics/att/harmonics_att_np203_scs.txt,105134,-3.1667,111.8000,,,,0.00,0.202,,gleich
2377,H,"Sungai Aru Tobal, Kumai Bay, Indonesia",harmonics/noaa/harmonics_noaa_cptt.txt,163901,-3.1667,111.8000,1,,,0.00,0.202,,gleich
2378,GLN,"Sungai Barito (Outer Bar), Indonesia",harmonics/att/harmonics_att_np203_scs.txt,106298,-3.5667,114.4833,,,,4.82,0.103,1,gleich
2378,GLN,"Sungai Barito, Borneo, Indonesia",harmonics/classic/harmonics-1997-05-25_mod.txt,35779,-3.5302,114.5067,,-3.5667,114.4833,4.82,0.103,1,gleich
2378,GLN,"Sungai Barito (Outer Bar), Indonesia",harmonics/utide/harmonics_utide_tidetables.txt,673959,-3.5667,114.4833,,,,4.82,0.103,1,gleich
2379,K,"Sungai Belungkor, Malaysia",harmonics/att/harmonics_att_np203_scs.txt,39124,1.4565,104.0658,,1.4500,104.0667,3.02,0.097,1,verschieden
2379,K,"Tanjung Surat, Malaysia",harmonics/att/harmonics_att_np203_scs_secondary.txt,18913,1.4659,104.0403,1,1.4667,104.0333,3.02,0.097,1,verschieden
2380,N,"Sungai Palembang (Outer Bar), Indonesia",harmonics/att/harmonics_att_np203_scs.txt,53676,-2.2333,104.9333,,,,0.00,0.007,,verschieden
2380,N,"Air Musi (Outer Bar), Indonesia",harmonics/classic/harmonics-1997-05-25_mod.txt,2193,-2.2333,104.9333,,-2.2000,104.9500,0.00,0.007,,verschieden
2380,N,"Air Musi (Outer Bar), Indonesia",harmonics/utide/harmonics_utide_tidetables.txt,674353,-2.2333,104.9333,,,,0.00,0.007,,verschieden
2381,H,"Sungai Pawan (Tanjung Bawang), Indonesia",harmonics/att/harmonics_att_np203_scs.txt,104552,-1.7667,109.9000,,,,0.00,0.174,,verschieden
2381,H,"Pawan River entrance, Indonesia",harmonics/noaa/harmonics_noaa_cptt.txt,164480,-1.7667,109.9000,1,,,0.00,0.174,,verschieden
2382,H,"Sungai Tulangbawang, Indonesia",harmonics/att/harmonics_att_np203_scs.txt,53482,-4.4167,105.8500,,,,0.00,0.232,,verschieden
2382,H,"Tulangbawang River entrance, Java, Indonesia",harmonics/noaa/harmonics_noaa_cptt.txt,146189,-4.4167,105.8500,1,,,0.00,0.232,,verschieden
2383,H,"Sungai Wasian, Indonesia",harmonics/att/harmonics_att_np203_scs.txt,147632,-2.2167,133.5500,,,,0.00,0.101,,verschieden
2383,H,"Wasian River entrance, Berau Gulf, New Guinea, Indonesia",harmonics/noaa/harmonics_noaa_cptt.txt,241956,-2.2167,133.5500,1,,,0.00,0.101,,verschieden
2384,N,"Sungsang, Indonesia",harmonics/att/harmonics_att_np203_scs.txt,53870,-2.3667,104.9000,,,,0.00,0.049,,aehnlich
2384,N,"Soengsang, Palembang River, Indonesia",harmonics/noaa/harmonics_noaa_cptt.txt,144452,-2.3667,104.9000,1,,,0.00,0.049,,aehnlich
2385,N,"Sunwi Do, North Korea",harmonics/classic/harmonics-1997-05-25_mod.txt,36273,37.7500,125.3227,,37.7500,125.3333,0.93,0.059,,gleich
2385,N,"Sunwi-do, Sunwido-myoji, North Korea",harmonics/noaa/harmonics_noaa_cptt.txt,92064,37.7500,125.3333,1,,,0.93,0.059,,gleich
2386,N,"Sur, Oman",harmonics/att/harmonics_att_np203_secondary.txt,58799,22.5762,59.5279,,,,0.00,0.053,,gleich
2386,N,"Sur, Oman",harmonics/utide/harmonics_utide_observations.txt,216220,22.5762,59.5279,,22.5700,59.5200,0.00,0.053,,gleich
2387,N,"Surabaya (Tanjung Perak), Indonesia",harmonics/att/harmonics_att_np203_scs.txt,126666,-7.2000,112.7333,,,,1.28,0.009,,gleich
2387,N,"Surabaya, Java, Indonesia",harmonics/ticon/harmonics_ticon4_worldwide.txt,185724,-7.2080,112.7250,,,,1.28,0.009,,gleich
2387,N,"Surabaya, Java, Indonesia",harmonics/utide/harmonics_utide_observations.txt,90215,-7.2080,112.7250,,,,1.28,0.009,,gleich
2388,N,"Surigao, Philippines",harmonics/att/harmonics_att_np203_scs.txt,81822,9.7833,125.5000,,,,0.45,0.027,,aehnlich
2388,N,"Surigao City, Surigao del Norte, Philippines",harmonics/utide/harmonics_utide_tidetables.txt,321728,9.7799,125.4978,,,,0.45,0.027,,aehnlich
2389,N,"Surprise Bay, Tasmania, Australia",harmonics/classic/harmonics-2004-06-14_mod.txt,275788,-40.1156,143.9457,,-40.1333,143.9667,2.23,0.080,,verschieden
2389,N,"Seal Bay, Tasmania, Australia",harmonics/utide/harmonics_utide_tidetables.txt,72961,-40.1333,143.9333,,,,2.23,0.080,,verschieden
2390,N,"Susami, Wakayama, Japan",harmonics/classic/harmonics-2004-06-14_mod.txt,276363,33.5478,135.4924,,33.5500,135.5000,0.00,0.060,,gleich
2390,N,"Susami, Wakayama, Japan",harmonics/noaa/harmonics_noaa_cptt.txt,55508,33.5478,135.4924,1,,,0.00,0.060,,gleich
2391,N,"Suun Do, North Korea",harmonics/att/harmonics_att_np204_secondary.txt,31137,39.7000,124.4167,,,,0.00,0.029,,gleich
2391,N,"Suun-do, North Korea",harmonics/noaa/harmonics_noaa_cptt.txt,95616,39.7000,124.4167,1,,,0.00,0.029,,gleich
2392,N,"Suzaki, Aichi, Japan",harmonics/classic/harmonics-2004-06-14_mod.txt,276170,34.7849,137.1666,,34.7833,137.1670,1.98,0.059,,verschieden
2392,N,"Katanohara (Katahara), Aichi, Japan",harmonics/utide/harmonics_utide_observations.txt,109986,34.7828,137.1881,,,,1.98,0.059,,verschieden
2393,N,"Swanage, England, United Kingdom",harmonics/ticon/harmonics_ticon4_worldwide.txt,186329,50.6093,-1.9492,,,,0.01,0.003,,gleich
2393,N,"Swanage, England, United Kingdom",harmonics/utide/harmonics_utide_observations.txt,199605,50.6093,-1.9492,,,,0.01,0.003,,gleich
2394,N,"Swansea (King's Dock), Wales, United Kingdom",harmonics/classic/harmonics-1997-05-25_mod.txt,36395,51.6114,-3.9264,,51.6167,-3.9167,0.00,0.031,,gleich
2394,N,"Swansea, Wales, United Kingdom",harmonics/utide/harmonics_utide_tidetables.txt,513402,51.6114,-3.9264,,,,0.00,0.031,,gleich
2395,N,"São Tomé (Baía de Ana Chaves), São Tomé and Príncipe",harmonics/ticon/harmonics_ticon4_worldwide.txt,173331,0.3480,6.7370,,,,0.00,0.001,,gleich
2395,N,"São Tomé (Baía de Ana Chaves), São Tomé and Príncipe",harmonics/utide/harmonics_utide_observations.txt,38303,0.3480,6.7370,,,,0.00,0.001,,gleich
2396,H,"T'u-ko-k'u, Taiwan",harmonics/att/harmonics_att_np204_secondary.txt,37711,24.1833,120.4833,,,,0.00,0.171,,verschieden
2396,H,"T'u-ko-k'u Kang, Taiwan",harmonics/noaa/harmonics_noaa_cptt.txt,118712,24.1833,120.4833,1,,,0.00,0.171,,verschieden
2397,N,"Ta-pan-lieh Mao-ti, Taiwan",harmonics/noaa/harmonics_noaa_cptt.txt,116934,21.9667,120.7500,1,,,2.37,0.060,,verschieden
2397,N,"Houbihu, Taiwan",harmonics/utide/harmonics_utide_tidetables.txt,391949,21.9458,120.7453,,,,2.37,0.060,,verschieden
2398,N,"Tabako, Philippines",harmonics/att/harmonics_att_np203_scs.txt,78328,13.3667,123.7333,,,,0.00,0.023,,aehnlich
2398,N,"Tabaco, Tabaco Bay, Catanduanes, Philippines",harmonics/noaa/harmonics_noaa_cptt.txt,216024,13.3667,123.7333,1,,,0.00,0.023,,aehnlich
2399,N,"Tabira (Hiradoseto), Nagasaki, Japan",harmonics/ticon/harmonics_ticon4_worldwide.txt,73595,33.3611,129.5753,,,,0.00,0.004,,gleich
2399,N,"Tabira (Hiradoseto), Nagasaki, Japan",harmonics/utide/harmonics_utide_observations.txt,104143,33.3611,129.5753,,,,0.00,0.004,,gleich
2400,G,"Table Head Point, Nova Scotia, Canada",harmonics/classic/harmonics-2004-06-14_mod.txt,278493,46.3235,-60.3599,,46.3333,-60.3667,0.01,0.006,,gleich
2400,G,"Table Head, Nova Scotia, Canada",harmonics/utide/harmonics_utide_tidetables.txt,223331,46.3235,-60.3601,,,,0.01,0.006,,gleich
2401,H,"Taboria, Guinea",harmonics/att/harmonics_att_np208_secondary.txt,29776,9.9670,-13.9500,,,,0.00,0.148,,gleich
2401,H,"Taboria, Guinea",harmonics/noaa/harmonics_noaa_eutt.txt,31804,9.9670,-13.9500,1,,,0.00,0.148,,gleich
2402,N,"Tabou, Ivory Coast",harmonics/att/harmonics_att_np208_secondary.txt,34420,4.4118,-7.3567,,,,0.00,0.025,,verschieden
2402,N,"Tabou River, Ivory Coast",harmonics/noaa/harmonics_noaa_eutt.txt,28872,4.4118,-7.3567,1,,,0.00,0.025,,verschieden
2403,HN,"Tacloban, Philippines",harmonics/att/harmonics_att_np203_scs.txt,80270,11.2500,125.0000,,,,0.18,0.131,,gleich
2403,HN,"Tacloban, Leyte, Philippines",harmonics/classic/harmonics-1997-05-25_mod.txt,36641,11.2484,124.9998,,11.2500,125.0000,0.18,0.131,,gleich
2403,HN,"Tacloban, San Juanico Strait, Leyte, Philippines",harmonics/noaa/harmonics_noaa_cptt.txt,198652,11.2500,125.0000,1,,,0.18,0.131,,gleich
2403,HN,"Tacloban, Leyte, Philippines",harmonics/utide/harmonics_utide_tidetables.txt,321924,11.2484,124.9998,,,,0.18,0.131,,gleich
2404,N,"Tadine, Maré (Îles Loyauté), New Caledonia",harmonics/ticon/harmonics_ticon4_worldwide.txt,115301,-21.5478,167.8771,,,,0.00,0.001,,gleich
2404,N,"Tadine, Maré (Îles Loyauté), New Caledonia",harmonics/utide/harmonics_utide_observations.txt,68541,-21.5478,167.8771,,,,0.00,0.001,,gleich
2405,GN,"Tadoussac, Québec, Canada",harmonics/ticon/harmonics_ticon4_worldwide.txt,187136,48.1379,-69.7143,,48.1400,-69.7100,1.72,0.026,,verschieden
2405,GN,"Baie-Sainte-Catherine, Québec, Canada",harmonics/utide/harmonics_utide_observations.txt,47272,48.1263,-69.7297,,,,1.72,0.026,,verschieden
2405,GN,"Baie-Sainte-Catherine, Québec, Canada",harmonics/utide/harmonics_utide_tidetables.txt,275152,48.1263,-69.7297,,,,1.72,0.026,,verschieden
2405,GN,"Tadoussac, Québec, Canada",harmonics/utide/harmonics_utide_tidetables.txt,275347,48.1379,-69.7143,,,,1.72,0.026,,verschieden
2406,N,"Taech'ong-do, Taech'ong-kundo, South Korea",harmonics/noaa/harmonics_noaa_cptt.txt,92464,37.8333,124.7167,1,,,0.00,0.046,,aehnlich
2406,N,"Daecheongdo, South Korea",harmonics/utide/harmonics_utide_tidetables.txt,300361,37.8333,124.7167,,,,0.00,0.046,,aehnlich
2407,N,"Taehuksan Do, South Korea",harmonics/classic/harmonics-1997-05-25_mod.txt,36888,34.6833,125.4333,,,,0.00,0.028,,aehnlich
2407,N,"Heuksando, South Korea",harmonics/utide/harmonics_utide_tidetables.txt,295877,34.6833,125.4333,,,,0.00,0.028,,aehnlich
2408,N,"Taeyonp'yong Do (Daeyeonpyeongdo), South Korea",harmonics/classic/harmonics-1997-05-25_mod.txt,37010,37.6667,125.7167,,,,0.00,0.031,,gleich
2408,N,"Taeyonp'yong-do, Yonp'yong-yolto, South Korea",harmonics/noaa/harmonics_noaa_cptt.txt,91280,37.6667,125.7167,1,,,0.00,0.031,,gleich
2409,N,"Tago Minato, Shizuoka, Japan",harmonics/noaa/harmonics_noaa_cptt.txt,52962,34.8000,138.7667,1,,,0.84,0.021,,verschieden
2409,N,"Tago, Shizuoka, Japan",harmonics/ticon/harmonics_ticon4_worldwide.txt,187338,34.8072,138.7639,,,,0.84,0.021,,verschieden
2409,N,"Tago, Shizuoka, Japan",harmonics/utide/harmonics_utide_observations.txt,134603,34.8072,138.7639,,,,0.84,0.021,,verschieden
2410,G,"Tailevu, Fiji Islands, Fiji",harmonics/classic/harmonics-1997-05-25_mod.txt,37134,-17.6500,178.5833,,,,2.56,0.070,,gleich
2410,G,"Tailevu, Viti Levu Island, Fiji",harmonics/noaa/harmonics_noaa_cptt.txt,223796,-17.6500,178.5833,1,,,2.56,0.070,,gleich
2410,G,"Tailevu, Viti Levu Island, Fiji",harmonics/noaa/harmonics_noaa_pacif.txt,29107,-17.6333,178.5667,,-17.6333,-178.5667,2.56,0.070,,gleich
2411,N,"Taioha'e, Nuku Hiva, Marquesas Islands, French Polynesia",harmonics/ticon/harmonics_ticon4_worldwide.txt,133541,-8.9300,-140.0820,,,,2.47,0.004,,gleich
2411,N,"Taiohae, French Polynesia",harmonics/utide/harmonics_utide_tidetables.txt,370517,-8.9167,-140.1000,,,,2.47,0.004,,gleich
2412,N,"Tajiri, Tottori, Japan",harmonics/ticon/harmonics_ticon4_worldwide.txt,187540,35.5936,134.3161,,,,0.00,0.010,,gleich
2412,N,"Tajiri, Tottori, Japan",harmonics/utide/harmonics_utide_observations.txt,135581,35.5936,134.3161,,,,0.00,0.010,,gleich
2413,N,"Takahama (Tsushima), Nagasaki, Japan",harmonics/ticon/harmonics_ticon4_worldwide.txt,197167,34.2596,129.3222,,,,0.00,0.001,,gleich
2413,N,"Takahama (Tsushima), Nagasaki, Japan",harmonics/utide/harmonics_utide_observations.txt,138508,34.2596,129.3222,,,,0.00,0.001,,gleich
2414,N,"Takamatsu, Kagawa, Japan",harmonics/ticon/harmonics_ticon4_worldwide.txt,187740,34.3514,134.0570,,,,0.00,0.003,,gleich
2414,N,"Takamatsu, Kagawa, Japan",harmonics/utide/harmonics_utide_observations.txt,134993,34.3514,134.0570,,,,0.00,0.003,,gleich
2415,N,"Takarajima, Kagoshima, Japan",harmonics/classic/harmonics-2004-06-14_mod.txt,280037,29.1563,129.2054,,29.1500,129.2000,0.88,0.067,,aehnlich
2415,N,"Takara Shima, Kagoshima, Japan",harmonics/noaa/harmonics_noaa_cptt.txt,77408,29.1500,129.2000,1,,,0.88,0.067,,aehnlich
2416,G,"Takasago, Hyogo, Japan",harmonics/classic/harmonics-2004-06-14_mod.txt,280230,34.7333,134.8000,,,,2.40,0.078,,gleich
2416,G,"Takasago Ko, Hyogo, Japan",harmonics/noaa/harmonics_noaa_cptt.txt,60197,34.7500,134.8167,1,,,2.40,0.078,,gleich
2417,N,"Takoradi, Ghana",harmonics/ticon/harmonics_ticon4_worldwide.txt,187946,4.8825,-1.7450,,4.8830,-1.7500,0.00,0.001,,gleich
2417,N,"Takoradi, Ghana",harmonics/utide/harmonics_utide_observations.txt,201993,4.8825,-1.7450,,,,0.00,0.001,,gleich
2418,N,"Talcahuano, Chile",harmonics/classic/harmonics-1997-05-25_mod.txt,37382,-36.7008,-73.1061,,-36.6833,-73.1000,0.55,0.017,,gleich
2418,N,"Talcahuano, Bahía Concepcion, Chile",harmonics/noaa/harmonics_noaa_amtt.txt,73810,-36.7000,-73.1000,1,,,0.55,0.017,,gleich
2418,N,"Talcahuano, Chile",harmonics/utide/harmonics_utide_observations.txt,51622,-36.7008,-73.1061,,-36.7000,-73.1060,0.55,0.017,,gleich
2419,N,"Taltal, Chile",harmonics/noaa/harmonics_noaa_amtt.txt,90809,-25.4100,-70.4850,1,,,0.00,0.017,,gleich
2419,N,"Taltal, Chile",harmonics/utide/harmonics_utide_observations.txt,206230,-25.4100,-70.4850,,,,0.00,0.017,,gleich
2420,N,"Tam Quan (Truong Xuan), Vietnam",harmonics/att/harmonics_att_np203_scs.txt,155974,14.5825,109.0655,,14.5833,109.0500,0.00,0.093,,gleich
2420,N,"Tam Quan (Truong Xuan), Vietnam",harmonics/noaa/harmonics_noaa_cptt.txt,132306,14.5825,109.0655,1,14.5833,109.0667,0.00,0.093,,gleich
2421,N,"Tamanoura (Fukue-jima), Nagasaki, Japan",harmonics/classic/harmonics-2004-06-14_mod.txt,281774,32.6206,128.6140,,32.6167,128.6170,0.50,0.078,,gleich
2421,N,"Tamano Ura, Fukaye Jima, Nagasaki, Japan",harmonics/noaa/harmonics_noaa_cptt.txt,74275,32.6167,128.6167,1,,,0.50,0.078,,gleich
2422,N,"Tambaú (João Pessoa), Paraíba, Brazil",harmonics/att/harmonics_att_np207.txt,23646,-7.1115,-34.8213,,-7.1000,-34.8333,1.84,0.058,,gleich
2422,N,"Tambau, Paraíba, Brazil",harmonics/noaa/harmonics_noaa_amtt.txt,45514,-7.1000,-34.8333,1,,,1.84,0.058,,gleich
2423,GN,"Tampico Puerto (Madero), Tamaulipas, Mexico",harmonics/classic/harmonics-2004-06-14_mod.txt,282531,22.2616,-97.7957,,22.2167,-97.8500,8.57,0.024,1,gleich
2423,GN,"Tampico Puerto, Tamaulipas, Mexico",harmonics/classic/harmonics-2004-06-14_mod.txt,282723,22.2111,-97.8586,,22.2167,-97.8550,8.57,0.024,1,gleich
2423,GN,"Tampico Puerto (Madero), Tamaulipas, Mexico",harmonics/utide/harmonics_utide_observations.txt,146376,22.2616,-97.7957,,22.2620,-97.7950,8.57,0.024,1,gleich
2424,N,"Tampunawu, Indonesia",harmonics/att/harmonics_att_np203_scs.txt,116962,-5.2167,122.3000,,,,0.00,0.081,,gleich
2424,N,"Tampunawu, Muna Island, Indonesia",harmonics/noaa/harmonics_noaa_cptt.txt,158049,-5.2167,122.3000,1,,,0.00,0.081,,gleich
2425,N,"Tan-shui Kang, Taiwan",harmonics/noaa/harmonics_noaa_cptt.txt,119303,25.1833,121.4333,1,,,2.60,0.091,,verschieden
2425,N,"Danhai, Taiwan",harmonics/utide/harmonics_utide_tidetables.txt,390185,25.1839,121.4075,,,,2.60,0.091,,verschieden
2425,N,"Tamsui, Taiwan",harmonics/utide/harmonics_utide_tidetables.txt,390381,25.1757,121.4248,,,,2.60,0.091,,verschieden
2426,N,"Tanabe, Wakayama, Japan",harmonics/classic/harmonics-2004-06-14_mod.txt,282916,33.7265,135.3746,,33.7167,135.3670,1.31,0.065,,gleich
2426,N,"Tanabe Ko, Wakayama, Japan",harmonics/noaa/harmonics_noaa_cptt.txt,55704,33.7167,135.3667,1,,,1.31,0.065,,gleich
2427,G,"Tanahgrogot, Indonesia",harmonics/att/harmonics_att_np203_scs.txt,107850,-1.9000,116.2167,,,,2.63,0.047,,gleich
2427,G,"Tanahgrogot, Pasir River, Borneo, Indonesia",harmonics/noaa/harmonics_noaa_cptt.txt,161963,-1.9167,116.2000,1,,,2.63,0.047,,gleich
2428,N,"Tanajib Pier, Saudi Arabia",harmonics/att/harmonics_att_np203_secondary.txt,77178,27.7718,48.8857,,27.7830,48.8830,0.00,0.014,,gleich
2428,N,"Tanajib Pier, Saudi Arabia",harmonics/utide/harmonics_utide_tidetables.txt,688618,27.7718,48.8857,,,,0.00,0.014,,gleich
2429,HN,"Tandag, Philippines",harmonics/att/harmonics_att_np203_scs.txt,82210,9.0833,126.2000,,,,0.38,0.644,1,aehnlich
2429,HN,"Tandag, Surigao del Sur, Philippines",harmonics/noaa/harmonics_noaa_cptt.txt,178194,9.0833,126.2000,1,,,0.38,0.644,1,aehnlich
2429,HN,"Tandag City, Surigao del Sur, Philippines",harmonics/utide/harmonics_utide_tidetables.txt,322314,9.0851,126.1971,,,,0.38,0.644,1,aehnlich
2430,H,"Tandungan Channel, Philippines",harmonics/att/harmonics_att_np203_scs.txt,88030,5.2167,120.3167,,,,0.00,0.189,,aehnlich
2430,H,"Tandugan Channel, Tawitawi Island, Tawi-Tawi, Philippines",harmonics/noaa/harmonics_noaa_cptt.txt,168552,5.2167,120.3167,1,,,0.00,0.189,,aehnlich
2431,N,"Tanga, Tanzania",harmonics/att/harmonics_att_np203_secondary.txt,42643,-5.0571,39.1292,,,,0.00,0.021,,gleich
2431,N,"Tanga, Tanzania",harmonics/utide/harmonics_fes2022.txt,16979,-5.0571,39.1292,,-5.0700,39.1000,0.00,0.021,,gleich
2432,N,"Tanger, Morocco",harmonics/classic/harmonics-1997-05-25_mod.txt,37876,35.7883,-5.8033,,35.7833,-5.8000,0.02,0.027,,gleich
2432,N,"Tanger, Morocco",harmonics/utide/harmonics_utide_tidetables.txt,371102,35.7883,-5.8031,,,,0.02,0.027,,gleich
2432,N,"Tanger, Morocco",harmonics/utide/harmonics_utide_tidetables.txt,389989,35.7883,-5.8033,,,,0.02,0.027,,gleich
2433,N,"Tangoa, Vanuatu",harmonics/classic/harmonics-1997-05-25_mod.txt,37753,-15.5877,166.9900,,-15.5833,166.9833,0.87,0.087,,gleich
2433,N,"Tangoa Island, Vanuatu",harmonics/noaa/harmonics_noaa_cptt.txt,236906,-15.5833,166.9833,1,,,0.87,0.087,,gleich
2434,G,"Tanjong Pagar, Singapore",harmonics/att/harmonics_att_np203_scs.txt,38154,1.2615,103.8521,,1.2667,103.8500,0.00,0.031,,gleich
2434,G,"Tanjong Pagar, Singapore",harmonics/ticon/harmonics_ticon4_worldwide.txt,91421,1.2615,103.8521,,1.2630,103.8220,0.00,0.031,,gleich
2435,H,"Tanjung Butun, Indonesia",harmonics/att/harmonics_att_np203_scs.txt,41646,-0.2667,104.6000,,,,1.86,0.209,,aehnlich
2435,H,"Tandjung Butun, Linga Island, Indonesia",harmonics/noaa/harmonics_noaa_cptt.txt,143101,-0.2500,104.6000,1,,,1.86,0.209,,aehnlich
2436,H,"Tanjung Cikoneng (Fourth Point), Indonesia",harmonics/att/harmonics_att_np203_scs.txt,124142,-6.0667,105.8833,,,,0.00,0.136,,aehnlich
2436,H,"Tandjung Tjikoneng, Sunda Strait, Java, Indonesia",harmonics/noaa/harmonics_noaa_cptt.txt,153863,-6.0667,105.8833,1,,,0.00,0.136,,aehnlich
2437,N,"Tanjung Datu, Indonesia",harmonics/att/harmonics_att_np203_scs.txt,102998,2.0833,109.6500,,,,0.00,0.081,,aehnlich
2437,N,"Tandjung Datu, Borneo, Indonesia",harmonics/noaa/harmonics_noaa_cptt.txt,165457,2.0833,109.6500,1,,,0.00,0.081,,aehnlich
2438,N,"Tanjung Gelang (Kuantan Port), Malaysia",harmonics/att/harmonics_att_np203_scs.txt,60282,3.9750,103.4300,,3.9833,103.4167,0.00,0.014,,gleich
2438,N,"Tanjung Gelang (Kuantan Port), Malaysia",harmonics/ticon/harmonics_ticon4_worldwide.txt,97028,3.9750,103.4300,,,,0.00,0.014,,gleich
2439,N,"Tanjung Kelian, Indonesia",harmonics/att/harmonics_att_np203_scs.txt,55036,-2.0833,105.1167,,,,0.00,0.046,,aehnlich
2439,N,"Tandjung Kelian, Bangka Strait, Indonesia",harmonics/noaa/harmonics_noaa_cptt.txt,145031,-2.0833,105.1167,1,,,0.00,0.046,,aehnlich
2440,N,"Tanjung Kling, Malaysia",harmonics/att/harmonics_att_np203_scs.txt,35433,2.2141,102.1524,,2.2167,102.1667,0.00,0.013,,gleich
2440,N,"Tanjung Kling, Malaysia",harmonics/ticon/harmonics_ticon4_worldwide.txt,91216,2.2141,102.1524,,2.2150,102.1530,0.00,0.013,,gleich
2441,H,"Tanjung Kuala Jelai, Indonesia",harmonics/att/harmonics_att_np203_scs.txt,104746,-2.9833,110.7333,,,,0.00,0.216,,verschieden
2441,H,"Djelai River entrance, Indonesia",harmonics/noaa/harmonics_noaa_cptt.txt,164287,-2.9833,110.7333,1,,,0.00,0.216,,verschieden
2442,N,"Tanjung Lesung, Java, Indonesia",harmonics/ticon/harmonics_ticon4_worldwide.txt,188549,-6.4830,105.6670,,,,0.00,0.002,,gleich
2442,N,"Tanjung Lesung, Java, Indonesia",harmonics/utide/harmonics_utide_observations.txt,91014,-6.4830,105.6670,,,,0.00,0.002,,gleich
2443,N,"Tanjung Priok, Indonesia",harmonics/att/harmonics_att_np203_scs.txt,123172,-6.1000,106.8667,,,,2.64,0.045,,verschieden
2443,N,"Jakarta, Java, Indonesia",harmonics/utide/harmonics_utide_observations.txt,90413,-6.1170,106.8500,,,,2.64,0.045,,verschieden
2444,N,"Tanjung Sapo, Brunei",harmonics/att/harmonics_att_np203_scs.txt,93674,5.0000,115.1333,,,,0.00,0.099,,gleich
2444,N,"Tanjung Sapo, Brunei",harmonics/noaa/harmonics_noaa_cptt.txt,166443,5.0000,115.1333,1,,,0.00,0.099,,gleich
2445,N,"Tanjung Selor, Indonesia",harmonics/att/harmonics_att_np203_scs.txt,111148,2.8285,117.3642,,2.8167,117.3667,0.00,0.090,,gleich
2445,N,"Tanjung Selor, Indonesia",harmonics/noaa/harmonics_noaa_cptt.txt,160591,2.8285,117.3642,1,,,0.00,0.090,,gleich
2446,HN,"Tanjungbalai, Indonesia",harmonics/att/harmonics_att_np203_scs.txt,43392,0.9833,103.4333,,,,0.56,0.139,,verschieden
2446,HN,"Balai Point, Gelam Strait, Sumatra, Indonesia",harmonics/noaa/harmonics_noaa_cptt.txt,140758,0.9833,103.4333,1,,,0.56,0.139,,verschieden
2446,HN,"Tanjung Balai Karimun, Indonesia",harmonics/utide/harmonics_utide_tidetables.txt,704712,0.9880,103.4350,,,,0.56,0.139,,verschieden
2447,N,"Tanjungpandan, Indonesia",harmonics/att/harmonics_att_np203_scs.txt,56976,-2.7500,107.6333,,,,0.00,0.075,,aehnlich
2447,N,"Tandjungpandan, Belitung Island, Indonesia",harmonics/noaa/harmonics_noaa_cptt.txt,146575,-2.7500,107.6333,1,,,0.00,0.075,,aehnlich
2448,H,"Tanjungpinang, Indonesia",harmonics/att/harmonics_att_np203_scs.txt,40094,0.9167,104.4333,,,,0.00,0.154,,aehnlich
2448,H,"Tandjungpinang, Bintan Island, Indonesia",harmonics/noaa/harmonics_noaa_cptt.txt,141947,0.9167,104.4333,1,,,0.00,0.154,,aehnlich
2449,N,"Tanjungtiram, Indonesia",harmonics/att/harmonics_att_np203_scs.txt,47078,3.2500,99.5833,,,,1.86,0.053,,aehnlich
2449,N,"Tanjong Tiram, Sumatra, Indonesia",harmonics/noaa/harmonics_noaa_cptt.txt,139145,3.2333,99.5833,1,,,1.86,0.053,,aehnlich
2450,H,"Tanjunguban, Indonesia",harmonics/att/harmonics_att_np203_scs.txt,39900,1.0667,104.2167,,,,0.00,0.132,,verschieden
2450,H,"Oeban Point, Bintan Island, Indonesia",harmonics/noaa/harmonics_noaa_cptt.txt,141750,1.0667,104.2167,1,,,0.00,0.132,,verschieden
2451,N,"Tannowa, Osaka, Japan",harmonics/ticon/harmonics_ticon4_worldwide.txt,188749,34.3389,135.1781,,,,0.00,0.002,,gleich
2451,N,"Tannowa, Osaka, Japan",harmonics/utide/harmonics_utide_observations.txt,135383,34.3389,135.1781,,,,0.00,0.002,,gleich
2452,N,"Tapa Bay, Northern Territory, Australia",harmonics/classic/harmonics-2004-06-14_mod.txt,284076,-12.4500,130.6000,,,,0.00,0.054,,gleich
2452,N,"Tapa Bay, Bynoe Harbor, Northern Territory, Australia",harmonics/noaa/harmonics_noaa_cptt.txt,243127,-12.4500,130.6000,1,,,0.00,0.054,,gleich
2453,N,"Tapaktuan, Indonesia",harmonics/att/harmonics_att_np203_scs.txt,49794,3.2500,97.1667,,,,1.84,0.090,,gleich
2453,N,"Tapaktuan, Sumatra, Indonesia",harmonics/noaa/harmonics_noaa_cptt.txt,150161,3.2500,97.1833,1,,,1.84,0.090,,gleich
2454,N,"Tappi, Aomori, Japan",harmonics/ticon/harmonics_ticon4_worldwide.txt,189147,41.2425,140.3814,,,,0.00,0.002,,gleich
2454,N,"Tappi, Aomori, Japan",harmonics/utide/harmonics_utide_observations.txt,135971,41.2425,140.3814,,,,0.00,0.002,,gleich
2455,N,"Tapul Island, Philippines",harmonics/att/harmonics_att_np203_scs.txt,87448,5.7000,120.8833,,,,0.00,0.097,,verschieden
2455,N,"Banting, Tapul Island, Tawi-Tawi, Philippines",harmonics/noaa/harmonics_noaa_cptt.txt,170287,5.7000,120.8833,1,,,0.00,0.097,,verschieden
2456,N,"Taraku-jima (Polonskogo), Sakhalin, Russia",harmonics/classic/harmonics-2004-06-14_mod.txt,284271,43.6332,146.3533,,43.6333,146.3670,0.00,0.076,,gleich
2456,N,"Taraku-jima (Polonskogo), Sakhalin, Russia",harmonics/noaa/harmonics_noaa_cptt.txt,44914,43.6332,146.3533,1,,,0.00,0.076,,gleich
2457,N,"Taranaki, Taranaki, New Zealand",harmonics/ticon/harmonics_ticon4_worldwide.txt,189352,-39.0562,174.0344,,-39.0500,174.0330,0.00,0.029,,gleich
2457,N,"Taranaki, Taranaki, New Zealand",harmonics/utide/harmonics_utide_observations.txt,166771,-39.0562,174.0344,,-39.0500,174.0330,0.00,0.029,,gleich
2457,N,"Port Taranaki, New Zealand",harmonics/utide/harmonics_utide_tidetables.txt,598080,-39.0562,174.0344,,,,0.00,0.029,,gleich
2458,N,"Tarawa Atoll, Kiribati",harmonics/noaa/harmonics_noaa_cptt.txt,224574,1.3667,172.9333,1,,,0.18,0.035,,verschieden
2458,N,"Betio, Tarawa, Kiribati",harmonics/ticon/harmonics_ticon4_worldwide.txt,189957,1.3651,172.9330,,,,0.18,0.035,,verschieden
2459,N,"Tarbert (Harris), Scotland, United Kingdom",harmonics/noaa/harmonics_noaa_eutt.txt,76216,57.8969,-6.7994,1,,,0.00,0.046,,gleich
2459,N,"Tarbert (Harris), Scotland, United Kingdom",harmonics/utide/harmonics_utide_tidetables.txt,442938,57.8969,-6.7994,,,,0.00,0.046,,gleich
2460,N,"Tarbert Island (River Shannon), Ireland",harmonics/classic/harmonics-1997-05-25_mod.txt,37256,52.5871,-9.3595,,52.5833,-9.3667,0.00,0.042,,gleich
2460,N,"Tarbert Island (River Shannon), Ireland",harmonics/utide/harmonics_utide_tidetables.txt,513981,52.5871,-9.3595,,,,0.00,0.042,,gleich
2461,N,"Tarifa, Spain",harmonics/classic/harmonics_puertos_spain.txt,20735,36.0065,-5.6034,,,,0.00,0.020,,gleich
2461,N,"Tarifa, Spain",harmonics/noaa/harmonics_noaa_eutt.txt,39443,36.0065,-5.6034,1,,,0.00,0.020,,gleich
2462,N,"Tasu Sound, British Columbia, Canada",harmonics/classic/harmonics-2004-06-14_mod.txt,285427,52.7660,-132.0470,,52.7500,-132.0333,0.00,0.000,,verschieden
2462,N,"Hunger Harbour, British Columbia, Canada",harmonics/utide/harmonics_utide_tidetables.txt,149835,52.7660,-132.0470,,,,0.00,0.000,,verschieden
2463,N,"Tateyama, Chiba, Japan",harmonics/classic/harmonics-2004-06-14_mod.txt,285621,34.9861,139.8492,,34.9833,139.8500,0.00,0.000,,gleich
2463,N,"Tateyama, Chiba, Japan",harmonics/utide/harmonics_utide_observations.txt,136165,34.9861,139.8492,,,,0.00,0.000,,gleich
2464,N,"Tauranga Harbor entrance, Auckland, New Zealand",harmonics/noaa/harmonics_noaa_cptt.txt,234728,-37.6500,176.1833,1,,,1.29,0.076,,verschieden
2464,N,"Tauranga, New Zealand",harmonics/ticon/harmonics_ticon4_worldwide.txt,190155,-37.6500,176.1830,,,,1.29,0.076,,verschieden
2464,N,"Tauranga, Bay of Plenty, New Zealand",harmonics/utide/harmonics_utide_observations.txt,166178,-37.6500,176.1830,,,,1.29,0.076,,verschieden
2464,N,"Sulphur Point, New Zealand",harmonics/utide/harmonics_utide_tidetables.txt,543106,-37.6597,176.1753,,,,1.29,0.076,,verschieden
2465,N,"Tawau, Malaysia",harmonics/att/harmonics_att_np203_scs.txt,89002,4.2409,117.8845,,4.2333,117.8833,0.00,0.084,,gleich
2465,N,"Tawau, Malaysia",harmonics/noaa/harmonics_noaa_cptt.txt,160006,4.2409,117.8845,1,,,0.00,0.084,,gleich
2465,N,"Tawau, Malaysia",harmonics/ticon/harmonics_ticon4_worldwide.txt,190358,4.2409,117.8845,,4.2330,117.8830,0.00,0.084,,gleich
2466,N,"Tay River Bar, Scotland, United Kingdom",harmonics/noaa/harmonics_noaa_eutt.txt,55587,56.4667,-2.6333,1,,,0.00,0.056,,aehnlich
2466,N,"River Tay Bar, Scotland, United Kingdom",harmonics/utide/harmonics_utide_tidetables.txt,497325,56.4667,-2.6333,,,,0.00,0.056,,aehnlich
2467,N,"Tebing Tingi, Indonesia",harmonics/att/harmonics_att_np203_scs.txt,44362,1.0167,102.7167,,,,1.86,0.083,,verschieden
2467,N,"Selat-pandjang, Sumatra, Indonesia",harmonics/noaa/harmonics_noaa_cptt.txt,140558,1.0167,102.7000,1,,,1.86,0.083,,verschieden
2468,N,"Teignmouth, England, United Kingdom",harmonics/noaa/harmonics_noaa_eutt.txt,62344,50.5439,-3.4921,1,,,0.00,0.074,,gleich
2468,N,"Teignmouth, England, United Kingdom",harmonics/ticon/harmonics_ticon4_worldwide.txt,190558,50.5439,-3.4921,,,,0.00,0.074,,gleich
2468,N,"Teignmouth, England, United Kingdom",harmonics/utide/harmonics_utide_observations.txt,199800,50.5439,-3.4921,,,,0.00,0.074,,gleich
2469,N,"Teknaf, Bangladesh",harmonics/ticon/harmonics_ticon4_worldwide.txt,190759,20.8708,92.3108,,20.8830,92.3000,0.00,0.001,,gleich
2469,N,"Teknaf, Bangladesh",harmonics/utide/harmonics_utide_observations.txt,26152,20.8708,92.3108,,,,0.00,0.001,,gleich
2470,N,"Telegraph Harbour, British Columbia, Canada",harmonics/classic/harmonics-2004-06-14_mod.txt,286772,48.9802,-123.6777,,48.9667,-123.6667,0.00,0.021,,verschieden
2470,N,"Preedy Harbour, British Columbia, Canada",harmonics/utide/harmonics_utide_tidetables.txt,103039,48.9802,-123.6777,,,,0.00,0.021,,verschieden
2471,N,"Teluk Bayur (Emma Haven), Indonesia",harmonics/att/harmonics_att_np203_scs.txt,51930,-1.0000,100.3667,,,,0.29,0.049,,verschieden
2471,N,"Padang, Sumatra, Indonesia",harmonics/noaa/harmonics_noaa_cptt.txt,148368,-1.0019,100.3685,1,,,0.29,0.049,,verschieden
2471,N,"Padang, Sumatra, Indonesia",harmonics/utide/harmonics_utide_observations.txt,89218,-1.0019,100.3685,,,,0.29,0.049,,verschieden
2472,N,"Teluk Bulu, Indonesia",harmonics/att/harmonics_att_np203_scs.txt,54842,-1.7500,105.4000,,,,0.00,0.044,,verschieden
2472,N,"Sungai Kampa, Bangka Island, Indonesia",harmonics/noaa/harmonics_noaa_cptt.txt,144259,-1.7500,105.4000,1,,,0.00,0.044,,verschieden
2473,N,"Teluk Dalam, Indonesia",harmonics/att/harmonics_att_np203_scs.txt,51154,0.5667,97.8167,,,,1.43,0.072,,aehnlich
2473,N,"Telukdalem, Nias Island, Nias, Indonesia",harmonics/noaa/harmonics_noaa_cptt.txt,149165,0.5667,97.8167,1,,,1.43,0.072,,aehnlich
2473,N,"Telukdalam, Nias, Indonesia",harmonics/utide/harmonics_utide_observations.txt,92007,0.5550,97.8220,,,,1.43,0.072,,aehnlich
2474,N,"Teluk Enggano, Indonesia",harmonics/att/harmonics_att_np203_scs.txt,52706,-5.4667,102.3667,,,,0.00,0.097,,aehnlich
2474,N,"Enggano Bay, Enggano Island, Indonesia",harmonics/noaa/harmonics_noaa_cptt.txt,147566,-5.4667,102.3667,1,,,0.00,0.097,,aehnlich
2475,H,"Teluk Etna, Indonesia",harmonics/att/harmonics_att_np203_scs.txt,149184,-3.9333,134.6667,,,,0.00,0.140,,verschieden
2475,H,"Etna Bay, New Guinea, Indonesia",harmonics/noaa/harmonics_noaa_cptt.txt,241560,-3.9333,134.6667,1,,,0.00,0.140,,verschieden
2476,N,"Teluk Ewa (Langkawi), Malaysia",harmonics/att/harmonics_att_np203_scs.txt,31938,6.4333,99.7667,,,,0.39,0.019,,verschieden
2476,N,"Teluk Yu (Langkawi), Malaysia",harmonics/ticon/harmonics_ticon4_worldwide.txt,103029,6.4304,99.7647,,6.4320,99.7650,0.39,0.019,,verschieden
2476,N,"Tanjung Telang (Langkawi), Malaysia",harmonics/ticon/harmonics_ticon4_worldwide.txt,103227,6.4305,99.7647,,6.8700,99.7700,0.39,0.019,,verschieden
2477,HKN,"Teluk Kaja (Hollandia Baai), Indonesia",harmonics/att/harmonics_att_np203_scs.txt,140258,-2.5333,140.7333,,,,1.60,0.121,,verschieden
2477,HKN,"Kajo Bay, Indonesia",harmonics/noaa/harmonics_noaa_cptt.txt,242933,-2.5333,140.7333,1,,,1.60,0.121,,verschieden
2477,HKN,"Jayapura, Indonesia",harmonics/utide/harmonics_utide_tidetables.txt,713307,-2.5350,140.7190,,,,1.60,0.121,,verschieden
2478,H,"Teluk Kayeli, Indonesia",harmonics/att/harmonics_att_np203_scs.txt,137152,-3.2667,127.1000,,,,0.00,0.101,,verschieden
2478,H,"Namlea, Kajeli Bay, Buru Island, Maluku, Indonesia",harmonics/noaa/harmonics_noaa_cptt.txt,156663,-3.2667,127.1000,1,,,0.00,0.101,,verschieden
2479,H,"Teluk Klumpeng, Indonesia",harmonics/att/harmonics_att_np203_scs.txt,107074,-3.0167,116.2167,,,,0.00,0.174,,aehnlich
2479,H,"Klumpeng Bay, Borneo, Indonesia",harmonics/noaa/harmonics_noaa_cptt.txt,162549,-3.0167,116.2167,1,,,0.00,0.174,,aehnlich
2480,N,"Teluk Labuhantereng (Labuan Tring), Indonesia",harmonics/att/harmonics_att_np203_scs.txt,129770,-8.7167,116.0500,,,,2.96,0.098,,verschieden
2480,N,"Pelabuhan Lembar, Lombok, Indonesia",harmonics/ticon/harmonics_ticon4_worldwide.txt,105647,-8.7308,116.0721,,-8.7320,116.0720,2.96,0.098,,verschieden
2480,N,"Lembar, Lombok, Indonesia",harmonics/utide/harmonics_utide_observations.txt,91610,-8.7320,116.0720,,,,2.96,0.098,,verschieden
2481,H,"Teluk Lamala, Indonesia",harmonics/att/harmonics_att_np203_scs.txt,119096,-0.9000,123.1500,,,,0.00,0.107,,gleich
2481,H,"Teluk Lamala, Peling Strait, Indonesia",harmonics/noaa/harmonics_noaa_cptt.txt,158641,-0.9000,123.1500,1,,,0.00,0.107,,gleich
2482,N,"Teluk Padang, Indonesia",harmonics/att/harmonics_att_np203_scs.txt,128994,-8.5333,115.5167,,,,0.85,0.040,,verschieden
2482,N,"Padangbai, Indonesia",harmonics/utide/harmonics_utide_tidetables.txt,706049,-8.5340,115.5090,,,,0.85,0.040,,verschieden
2483,H,"Teluk Perapat, Indonesia",harmonics/att/harmonics_att_np203_scs.txt,131902,-8.7833,119.8333,,,,0.00,0.122,,aehnlich
2483,H,"Tuluk Perapat, Sumba, Indonesia",harmonics/noaa/harmonics_noaa_cptt.txt,155261,-8.7833,119.8333,1,,,0.00,0.122,,aehnlich
2484,N,"Teluk Sape, Indonesia",harmonics/att/harmonics_att_np203_scs.txt,130738,-8.5667,119.0333,,,,0.00,0.098,,verschieden
2484,N,"Sape Bay, Sumba, Indonesia",harmonics/noaa/harmonics_noaa_cptt.txt,154661,-8.5667,119.0333,1,,,0.00,0.098,,verschieden
2485,H,"Teluk Sendikari, Indonesia",harmonics/att/harmonics_att_np203_scs.txt,131320,-9.7667,119.6167,,,,0.00,0.114,,aehnlich
2485,H,"Sendikari Bay, Sumba, Indonesia",harmonics/noaa/harmonics_noaa_cptt.txt,154861,-9.7667,119.6167,1,,,0.00,0.114,,aehnlich
2486,N,"Teluk Siberut, Indonesia",harmonics/att/harmonics_att_np203_scs.txt,52124,-1.5833,99.2167,,,,0.00,0.051,,aehnlich
2486,N,"Siberut Bay, Siberut Island, Sumatra, Indonesia",harmonics/noaa/harmonics_noaa_cptt.txt,148166,-1.5833,99.2167,1,,,0.00,0.051,,aehnlich
2487,N,"Teluk Sinabang, Indonesia",harmonics/att/harmonics_att_np203_scs.txt,49988,2.5000,96.3833,,,,0.00,0.099,,aehnlich
2487,N,"Sinabang Bay, Pulo Simalur, Sumatra, Indonesia",harmonics/noaa/harmonics_noaa_cptt.txt,149963,2.5000,96.3833,1,,,0.00,0.099,,aehnlich
2488,N,"Teluk Tolitoli, Indonesia",harmonics/att/harmonics_att_np203_scs.txt,113088,1.0333,120.8167,,,,0.00,0.056,,aehnlich
2488,N,"Tolitoli Bay, Indonesia",harmonics/noaa/harmonics_noaa_cptt.txt,159416,1.0333,120.8167,1,,,0.00,0.056,,aehnlich
2489,H,"Telukbetung (Bandarlampung), Indonesia",harmonics/att/harmonics_att_np203_scs.txt,53094,-5.4500,105.2667,,,,0.00,0.106,,aehnlich
2489,H,"Tulukbetung, Lampung Bay, Java, Indonesia",harmonics/noaa/harmonics_noaa_cptt.txt,147166,-5.4500,105.2667,1,,,0.00,0.106,,aehnlich
2490,N,"Tema, Ghana",harmonics/att/harmonics_att_np208.txt,17682,5.6393,0.0170,,5.6330,0.0170,0.00,0.046,,gleich
2490,N,"Tema, Ghana",harmonics/noaa/harmonics_noaa_eutt.txt,27315,5.6393,0.0170,1,,,0.00,0.046,,gleich
2491,G,"Tembilahan, Indonesia",harmonics/att/harmonics_att_np203_scs.txt,42810,-0.3333,103.1500,,,,9.44,0.065,1,gleich
2491,G,"Tembilahan, Indragiri River, Indonesia",harmonics/noaa/harmonics_noaa_cptt.txt,142717,-0.3167,103.2333,1,,,9.44,0.065,1,gleich
2492,H,"Tenby, Wales, United Kingdom",harmonics/noaa/harmonics_noaa_eutt.txt,65530,51.6734,-4.6933,1,,,0.00,0.116,,gleich
2492,H,"Tenby, Wales, United Kingdom",harmonics/utide/harmonics_utide_tidetables.txt,514367,51.6734,-4.6933,,,,0.00,0.116,,gleich
2493,N,"Terminal da Ponta da Madeira, Maranhão, Brazil",harmonics/utide/harmonics_utide_tidetables.txt,86701,-2.5650,-44.3783,,,,1.59,0.027,,verschieden
2493,N,"Porto de Itaqui, Maranhão, Brazil",harmonics/utide/harmonics_utide_tidetables.txt,86891,-2.5767,-44.3700,,,,1.59,0.027,,verschieden
2494,N,"Tern Island, Queensland, Australia",harmonics/classic/harmonics-2004-06-14_mod.txt,287353,-11.0000,142.7500,,,,0.00,0.046,,gleich
2494,N,"Tern Island, Queensland, Australia",harmonics/noaa/harmonics_noaa_cptt.txt,244483,-11.0000,142.7500,1,,,0.00,0.046,,gleich
2495,N,"Ternate, Indonesia",harmonics/att/harmonics_att_np203_scs.txt,138512,0.8140,127.3890,,0.7833,127.3833,0.00,0.046,,gleich
2495,N,"Ternate, Indonesia",harmonics/utide/harmonics_utide_tidetables.txt,705667,0.8140,127.3890,,,,0.00,0.046,,gleich
2496,N,"Terneuzen (Westerschelde, Netherlands",harmonics/noaa/harmonics_noaa_eutt.txt,80545,51.3362,3.8198,1,,,0.00,0.019,,verschieden
2496,N,"Terneuzen (Westerschelde), Netherlands",harmonics/utide/harmonics_utide_observations.txt,162867,51.3362,3.8198,,,,0.00,0.019,,verschieden
2497,N,"Terschelling Noordzee, Netherlands",harmonics/classic/harmonics-dwf-20100529-nonfree_mod.txt,16806,53.4500,5.3333,,,,0.84,0.006,,aehnlich
2497,N,"Terschelling, Noordzee, Netherlands",harmonics/utide/harmonics_utide_observations.txt,163060,53.4425,5.3330,,,,0.84,0.006,,aehnlich
2498,H,"Thalassery (Tellicherry), Kerala, India",harmonics/att/harmonics_att_np203_secondary.txt,100842,11.7443,75.4886,,11.7500,75.4833,0.00,0.148,,gleich
2498,H,"Thalassery (Tellicherry), Kerala, India",harmonics/noaa/harmonics_noaa_cptt.txt,270724,11.7443,75.4886,1,,,0.00,0.148,,gleich
2499,N,"Thamihla Kyun (Bassein Estuary), Myanmar",harmonics/att/harmonics_att_np203_scs.txt,17722,15.8664,94.2796,,15.8667,94.2667,0.00,0.058,,gleich
2499,N,"Thamihla Kyun (Bassein Estuary), Myanmar",harmonics/classic/harmonics-1997-05-25_mod.txt,5238,15.8664,94.2796,,15.8667,94.2833,0.00,0.058,,gleich
2499,N,"Thamihla Kyun (Bassein Estuary), Myanmar",harmonics/noaa/harmonics_noaa_cptt.txt,264851,15.8664,94.2796,1,,,0.00,0.058,,gleich
2499,N,"Thamihla Kyun (Bassein Estuary), Myanmar",harmonics/utide/harmonics_utide_tidetables.txt,670461,15.8664,94.2796,,15.8667,94.2833,0.00,0.058,,gleich
2500,H,"Thank God Harbour, Polaris Bugt, Greenland",harmonics/classic/harmonics-2004-06-14_mod.txt,287542,81.6000,-61.6333,,,,0.54,0.197,,gleich
2500,H,"Thank God Harbor, Polaris Bugt, Greenland",harmonics/noaa/harmonics_noaa_amtt.txt,62977,81.6000,-61.6667,1,,,0.54,0.197,,gleich
2501,N,"The Bight, Cat Island, Bahamas",harmonics/classic/harmonics-2004-06-14_mod.txt,287737,24.3153,-75.4714,,24.3167,-75.4333,0.00,0.039,,gleich
2501,N,"The Bight, Cat Island, Bahamas",harmonics/noaa/harmonics_noaa_carib.txt,17492,24.3153,-75.4714,,24.3167,-75.4333,0.00,0.039,,gleich
2502,N,"The Sisters, Andaman and Nicobar, India",harmonics/att/harmonics_att_np203_scs.txt,27838,11.1500,92.7333,,,,0.00,0.050,,aehnlich
2502,N,"Sisters Island, Andaman and Nicobar, India",harmonics/noaa/harmonics_noaa_cptt.txt,261505,11.1500,92.7333,1,,,0.00,0.050,,aehnlich
2503,N,"Thio, New Caledonia",harmonics/ticon/harmonics_ticon4_worldwide.txt,191560,-21.6138,166.2415,,,,0.70,0.006,,gleich
2503,N,"Thio, New Caledonia",harmonics/utide/harmonics_utide_tidetables.txt,599680,-21.6133,166.2483,,,,0.70,0.006,,gleich
2504,N,"Thoothukudi (Tuticorin), Tamil Nadu, India",harmonics/att/harmonics_att_np203_secondary.txt,89965,8.7501,78.2003,,8.7500,78.2000,0.00,0.069,,gleich
2504,N,"Thoothukudi (Tuticorin), Tamil Nadu, India",harmonics/noaa/harmonics_noaa_cptt.txt,268980,8.7501,78.2003,1,,,0.00,0.069,,gleich
2504,N,"Thoothukudi (Tuticorin), Tamil Nadu, India",harmonics/utide/harmonics_utide_tidetables.txt,291964,8.7501,78.2003,,8.7500,78.2000,0.00,0.069,,gleich
2505,N,"Tianjin Xingang, Tianjin, China",harmonics/classic/harmonics-1997-05-25_mod.txt,38246,38.9859,117.7063,,38.9833,117.7000,1.81,0.092,,verschieden
2505,N,"Dagu, Tianjin, China",harmonics/noaa/harmonics_noaa_cptt.txt,103437,39.0000,117.7167,1,,,1.81,0.092,,verschieden
2506,N,"Tibiao, Philippines",harmonics/att/harmonics_att_np203_scs.txt,66100,11.2833,122.0333,,,,0.00,0.043,,gleich
2506,N,"Tibiao, Antique, Philippines",harmonics/noaa/harmonics_noaa_cptt.txt,188807,11.2833,122.0333,1,,,0.00,0.043,,gleich
2507,N,"Tidal Creek, Elkhorn Slough, Monterey Bay, Port San Luis, California",harmonics/classic/harmonics-dwf-20251228-free.txt,180275,36.8333,-121.7450,,,,0.89,0.011,,verschieden
2507,N,"Kirby Park, Elkhorn Slough, Monterey Bay, Port San Luis, California",harmonics/classic/harmonics-dwf-20251228-free.txt,180471,36.8413,-121.7453,,,,0.89,0.011,,verschieden
2508,N,"Tidnish Head, New Brunswick, Canada",harmonics/classic/harmonics-2004-06-14_mod.txt,289257,45.9974,-64.0074,,46.0000,-64.0167,2.26,0.070,,aehnlich
2508,N,"Tidnish Head, Baie Verte, Nova Scotia, Canada",harmonics/noaa/harmonics_noaa_amtt.txt,31474,46.0167,-64.0167,1,,,2.26,0.070,,aehnlich
2508,N,"Tidnish, Nova Scotia, Canada",harmonics/utide/harmonics_utide_tidetables.txt,223525,45.9976,-64.0074,,,,2.26,0.070,,aehnlich
2509,H,"Tikauan Point, Philippines",harmonics/att/harmonics_att_np203_scs.txt,83956,7.7500,122.7333,,,,0.00,0.119,,aehnlich
2509,H,"Ticauan Point, Sibuguey Bay, Zamboanga del Norte, Philippines",harmonics/noaa/harmonics_noaa_cptt.txt,182440,7.7500,122.7333,1,,,0.00,0.119,,aehnlich
2510,N,"Tikinui, New Zealand",harmonics/utide/harmonics_utide_tidetables.txt,548422,-36.1229,173.9780,,,,0.60,0.001,,verschieden
2510,N,"Raupo, New Zealand",harmonics/utide/harmonics_utide_tidetables.txt,583305,-36.1207,173.9841,,,,0.60,0.001,,verschieden
2511,N,"Tilbury (Thames River), England, United Kingdom",harmonics/noaa/harmonics_noaa_eutt.txt,59957,51.4567,0.3348,1,,,0.00,0.035,,gleich
2511,N,"Tilbury (Thames River), England, United Kingdom",harmonics/utide/harmonics_utide_tidetables.txt,514756,51.4567,0.3348,,,,0.00,0.035,,gleich
2512,N,"Tilting Harbour, Newfoundland, Canada",harmonics/classic/harmonics-2004-06-14_mod.txt,289640,49.7053,-54.0620,,49.7000,-54.0500,0.00,0.000,,gleich
2512,N,"Tilting Harbour, Newfoundland, Canada",harmonics/utide/harmonics_utide_tidetables.txt,183247,49.7053,-54.0620,,,,0.00,0.000,,gleich
2513,N,"Timaru Harbour, New Zealand",harmonics/ticon/harmonics_ticon4_worldwide.txt,192162,-44.3941,171.2561,,-44.3830,171.2500,0.00,0.007,,gleich
2513,N,"Timaru, Canterbury, New Zealand",harmonics/utide/harmonics_utide_observations.txt,168147,-44.3941,171.2561,,-44.3830,171.2500,0.00,0.007,,gleich
2514,GN,"Tiverton (Boar's Head), Nova Scotia, Canada",harmonics/classic/harmonics-2004-06-14_mod.txt,290408,44.4042,-66.2148,,44.4000,-66.2167,2.67,0.066,,verschieden
2514,GN,"West Narrows, Nova Scotia, Canada",harmonics/classic/harmonics-2004-06-14_mod.txt,314283,44.4000,-66.2167,,,,2.67,0.066,,verschieden
2514,GN,"Tiverton (St. Mary Bay), Nova Scotia, Canada",harmonics/utide/harmonics_utide_tidetables.txt,223721,44.3802,-66.2138,,,,2.67,0.066,,verschieden
2515,N,"Toagel Mlungui, Palau",harmonics/att/harmonics_att_np204_secondary.txt,19978,7.5000,134.5167,,,,0.00,0.030,,verschieden
2515,N,"West Passage, Palau",harmonics/noaa/harmonics_noaa_pacif.txt,15950,7.5000,134.5167,,,,0.00,0.030,,verschieden
2516,N,"Toamasina (Tamatave), Madagascar",harmonics/classic/harmonics-1997-05-25_mod.txt,37631,-18.1600,49.4267,,-18.1500,49.4333,0.00,0.026,,gleich
2516,N,"Toamasina (Tamatave), Madagascar",harmonics/utide/harmonics_utide_tidetables.txt,373055,-18.1600,49.4267,,,,0.00,0.026,,gleich
2517,N,"Toba, Mie, Japan",harmonics/ticon/harmonics_ticon4_worldwide.txt,192759,34.4853,136.8247,,,,0.00,0.017,,gleich
2517,N,"Toba, Mie, Japan",harmonics/utide/harmonics_utide_observations.txt,136359,34.4853,136.8247,,,,0.00,0.017,,gleich
2518,N,"Tobata, Fukuoka, Japan",harmonics/classic/harmonics-2004-06-14_mod.txt,290601,33.9004,130.8168,,33.9000,130.8170,0.51,0.061,,verschieden
2518,N,"Wakamatsu (Kanmon), Fukuoka, Japan",harmonics/classic/harmonics-2004-06-14_mod.txt,310642,33.9048,130.8151,,33.9000,130.8170,0.51,0.061,,verschieden
2519,N,"Tobermory (Sound of Mull), Scotland, United Kingdom",harmonics/noaa/harmonics_noaa_eutt.txt,72072,56.6231,-6.0642,1,,,0.00,0.041,,gleich
2519,N,"Tobermory (Sound of Mull), Scotland, United Kingdom",harmonics/ticon/harmonics_ticon4_worldwide.txt,192960,56.6231,-6.0642,,,,0.00,0.041,,gleich
2520,N,"Tobishima, Yamagata, Japan",harmonics/ticon/harmonics_ticon4_worldwide.txt,193162,39.1855,139.5478,,,,0.01,0.001,,gleich
2520,N,"Tobishima, Yamagata, Japan",harmonics/utide/harmonics_utide_observations.txt,136557,39.1855,139.5478,,,,0.01,0.001,,gleich
2521,N,"Tobuchi Ko, Russia",harmonics/att/harmonics_att_np204_secondary.txt,22474,46.5000,143.3333,,,,0.00,0.043,,gleich
2521,N,"Tobuchi Ko, Russia",harmonics/noaa/harmonics_noaa_cptt.txt,32231,46.5000,143.3333,1,,,0.00,0.043,,gleich
2522,H,"Tocopilla, Chile",harmonics/noaa/harmonics_noaa_amtt.txt,95071,-22.0937,-70.2115,1,,,0.00,0.101,,gleich
2522,H,"Tocopilla, Chile",harmonics/utide/harmonics_utide_observations.txt,209398,-22.0937,-70.2115,,,,0.00,0.101,,gleich
2523,N,"Tod Inlet, British Columbia, Canada",harmonics/classic/harmonics-2004-06-14_mod.txt,290791,48.5609,-123.4693,,48.5667,-123.4667,1.91,0.037,,verschieden
2523,N,"Brentwood Bay, British Columbia, Canada",harmonics/utide/harmonics_utide_tidetables.txt,99561,48.5780,-123.4670,,,,1.91,0.037,,verschieden
2524,N,"Tokuyama, Yamaguchi, Japan",harmonics/ticon/harmonics_ticon4_worldwide.txt,193758,34.0408,131.8028,,,,0.00,0.002,,gleich
2524,N,"Tokuyama, Yamaguchi, Japan",harmonics/utide/harmonics_utide_observations.txt,136947,34.0408,131.8028,,,,0.00,0.002,,gleich
2525,N,"Tolaga Bay - Cooks Cove, New Zealand",harmonics/utide/harmonics_utide_tidetables.txt,561624,-38.3786,178.3378,,,,1.34,0.000,,verschieden
2525,N,"Tolaga Bay Wharf, New Zealand",harmonics/utide/harmonics_utide_tidetables.txt,568331,-38.3789,178.3224,,,,1.34,0.000,,verschieden
2526,H,"Tolagnaro (Fort-Dauphin), Madagascar",harmonics/att/harmonics_att_np203_secondary.txt,30173,-25.0269,46.9969,,,,0.00,0.723,1,verschieden
2526,H,"Fort Dauphin, Madagascar",harmonics/noaa/harmonics_noaa_cptt.txt,288156,-25.0269,46.9969,1,,,0.00,0.723,1,verschieden
2527,N,"Toliara, Madagascar",harmonics/classic/harmonics-1997-05-25_mod.txt,38860,-23.3774,43.6641,,-23.3833,43.6667,0.00,0.002,,gleich
2527,N,"Toliara, Madagascar",harmonics/utide/harmonics_utide_tidetables.txt,373445,-23.3774,43.6641,,-23.3727,43.6590,0.00,0.002,,gleich
2528,GN,"Tomakomai (Higashiko), Hokkaido, Japan",harmonics/ticon/harmonics_ticon4_worldwide.txt,194154,42.6058,141.8172,,,,16.27,0.002,1,gleich
2528,GN,"Tomakomai (Nishiko), Hokkaido, Japan",harmonics/ticon/harmonics_ticon4_worldwide.txt,194352,42.6297,141.6211,,,,16.27,0.002,1,gleich
2528,GN,"Tomakomai (Higashiko), Hokkaido, Japan",harmonics/utide/harmonics_utide_observations.txt,137335,42.6058,141.8172,,,,16.27,0.002,1,gleich
2528,GN,"Tomakomai (Nishiko), Hokkaido, Japan",harmonics/utide/harmonics_utide_observations.txt,137529,42.6297,141.6211,,,,16.27,0.002,1,gleich
2529,N,"Tomales Bay Entrance, California",harmonics/classic/harmonics-2004-06-14_mod.txt,291949,38.2283,-122.9767,,,,0.80,0.020,,gleich
2529,N,"Tomales Bay entrance, California",harmonics/noaa/harmonics_noaa_amtt.txt,123612,38.2333,-122.9833,1,,,0.80,0.020,,gleich
2530,N,"Tomari Wan, Sakhalin, Russia",harmonics/classic/harmonics-2004-06-14_mod.txt,292337,43.7333,145.4500,,,,0.00,0.099,,gleich
2530,N,"Tomari Wan, Sakhalin, Russia",harmonics/noaa/harmonics_noaa_cptt.txt,44526,43.7333,145.4500,1,,,0.00,0.099,,gleich
2531,N,"Tomari, Aomori, Japan",harmonics/classic/harmonics-2004-06-14_mod.txt,292530,41.1028,141.3948,,41.1000,141.3830,0.00,0.039,,gleich
2531,N,"Tomari, Aomori, Japan",harmonics/noaa/harmonics_noaa_cptt.txt,49238,41.1028,141.3948,1,,,0.00,0.039,,gleich
2532,N,"Tomil Harbor, Yap Island, Micronesia",harmonics/noaa/harmonics_noaa_cptt.txt,218929,9.5000,138.1333,1,,,1.84,0.047,,verschieden
2532,N,"Yap (Colonia), Micronesia",harmonics/utide/harmonics_utide_observations.txt,224617,9.5142,138.1246,,,,1.84,0.047,,verschieden
2533,N,"Tomioka (Shimoshima), Kumamoto, Japan",harmonics/classic/harmonics-2004-06-14_mod.txt,293109,32.5288,130.0348,,32.5333,130.0330,0.52,0.077,,aehnlich
2533,N,"Tomioka Wan, Amakusa Shimo Shima, Kumamoto, Japan",harmonics/noaa/harmonics_noaa_cptt.txt,71945,32.5333,130.0333,1,,,0.52,0.077,,aehnlich
2534,N,"Tomlee Bay, Nova Scotia, Canada",harmonics/classic/harmonics-2004-06-14_mod.txt,293685,44.8365,-62.5873,,44.8333,-62.6000,0.02,0.011,,gleich
2534,N,"Tomlee Bay, Nova Scotia, Canada",harmonics/utide/harmonics_utide_tidetables.txt,223915,44.8364,-62.5870,,,,0.02,0.011,,gleich
2535,N,"Tomonoura, Hiroshima, Japan",harmonics/classic/harmonics-2004-06-14_mod.txt,293878,34.3813,133.3818,,34.3833,133.3830,0.26,0.048,,verschieden
2535,N,"Tomo Tsu, Bingo Nada, Hiroshima, Japan",harmonics/noaa/harmonics_noaa_cptt.txt,61946,34.3833,133.3833,1,,,0.26,0.048,,verschieden
2536,N,"Tongyong (Ch'ungmu), South Korea",harmonics/classic/harmonics-1997-05-25_mod.txt,38493,34.8333,128.4167,,,,1.52,0.059,,aehnlich
2536,N,"Tongyeong, South Korea",harmonics/utide/harmonics_utide_tidetables.txt,293329,34.8333,128.4333,,,,1.52,0.059,,aehnlich
2537,H,"Tonosho (Shodoshima), Kagawa, Japan",harmonics/classic/harmonics-2004-06-14_mod.txt,196533,34.4818,134.2015,,34.4833,134.2000,0.22,0.108,,verschieden
2537,H,"Ikeda Wan, Shodo Shima, Kagawa, Japan",harmonics/noaa/harmonics_noaa_cptt.txt,60003,34.4833,134.2000,1,,,0.22,0.108,,verschieden
2538,N,"Topolobampo, Sinaloa, Mexico",harmonics/ticon/harmonics_ticon4_worldwide.txt,194553,25.5819,-109.0592,,25.5867,-109.0567,0.00,0.004,,gleich
2538,N,"Topolobampo, Sinaloa, Mexico",harmonics/utide/harmonics_utide_observations.txt,144596,25.5819,-109.0592,,25.6000,-109.0480,0.00,0.004,,gleich
2539,N,"Topsham, England, United Kingdom",harmonics/utide/harmonics_utide_tidetables.txt,515338,50.6803,-3.4647,,,,1.76,0.010,,verschieden
2539,N,"Turf Lock, England, United Kingdom",harmonics/utide/harmonics_utide_tidetables.txt,517473,50.6646,-3.4676,,,,1.76,0.010,,verschieden
2540,N,"Torishima, Tokyo, Japan",harmonics/classic/harmonics-2004-06-14_mod.txt,294264,30.4838,140.3136,,30.4833,140.3170,0.30,0.065,,gleich
2540,N,"Tori Shima, Tokyo, Japan",harmonics/noaa/harmonics_noaa_cptt.txt,56488,30.4833,140.3167,1,,,0.30,0.065,,gleich
2541,N,"Torquay, England, United Kingdom",harmonics/noaa/harmonics_noaa_eutt.txt,62544,50.4599,-3.5265,1,,,0.00,0.047,,gleich
2541,N,"Torquay, England, United Kingdom",harmonics/utide/harmonics_utide_tidetables.txt,515727,50.4599,-3.5265,,,,0.00,0.047,,gleich
2542,H,"Tosadomari, Tokushima, Japan",harmonics/classic/harmonics-2004-06-14_mod.txt,294457,34.1882,134.6207,,34.1833,134.6330,0.66,0.122,,gleich
2542,H,"Tosadomari, Muyano Seto, Tokushima, Japan",harmonics/noaa/harmonics_noaa_cptt.txt,59421,34.1833,134.6167,1,,,0.66,0.122,,gleich
2543,N,"Tosashimizu, Kochi, Japan",harmonics/ticon/harmonics_ticon4_worldwide.txt,194949,32.7792,132.9589,,,,0.00,0.002,,gleich
2543,N,"Tosashimizu, Kochi, Japan",harmonics/utide/harmonics_utide_observations.txt,137723,32.7792,132.9589,,,,0.00,0.002,,gleich
2544,N,"Totoro, Miyazaki, Japan",harmonics/classic/harmonics-2004-06-14_mod.txt,294843,32.5092,131.6844,,32.5000,131.6830,1.03,0.071,,aehnlich
2544,N,"Todoro Ko, Miyazaki, Japan",harmonics/noaa/harmonics_noaa_cptt.txt,69590,32.5000,131.6833,1,,,1.03,0.071,,aehnlich
2545,G,"Totoya Island, Fiji",harmonics/noaa/harmonics_noaa_cptt.txt,224184,-18.9833,-179.8833,1,,,7.93,0.063,1,gleich
2545,G,"Totoya Island, Fiji",harmonics/noaa/harmonics_noaa_pacif.txt,29871,-18.9667,-179.8100,,,,7.93,0.063,1,gleich
2546,N,"Toyama, Toyama, Japan",harmonics/ticon/harmonics_ticon4_worldwide.txt,195358,36.7670,137.2330,,,,0.00,0.010,,gleich
2546,N,"Toyama, Toyama, Japan",harmonics/utide/harmonics_utide_observations.txt,137926,36.7670,137.2330,,,,0.00,0.010,,gleich
2547,N,"Toyo, Hokkaido, Japan",harmonics/classic/harmonics-2004-06-14_mod.txt,305436,41.9656,143.1897,,41.9667,143.2000,0.86,0.041,,verschieden
2547,N,"Utaro, Hokkaido, Japan",harmonics/noaa/harmonics_noaa_cptt.txt,46479,41.9667,143.2000,1,,,0.86,0.041,,verschieden
2548,HN,"Tregde (Mandal), Norway",harmonics/noaa/harmonics_noaa_eutt.txt,88577,58.0064,7.5548,1,,,0.00,0.163,,gleich
2548,HN,"Tregde (Mandal), Norway",harmonics/ticon/harmonics_ticon4_worldwide.txt,195763,58.0064,7.5548,,,,0.00,0.163,,gleich
2548,HN,"Tregde (Mandal), Norway",harmonics/utide/harmonics_utide_observations.txt,174314,58.0064,7.5548,,,,0.00,0.163,,gleich
2549,N,"Trenton, Delaware River, New Jersey",harmonics/classic/harmonics-2004-06-14_mod.txt,295414,40.1883,-74.7550,,,,0.00,0.006,,verschieden
2549,N,"Trenton Marine Terminal, Trenton, New Jersey",harmonics/classic/harmonics-dwf-20251228-free.txt,62280,40.1883,-74.7550,,,,0.00,0.006,,verschieden
2550,N,"Trepassey, Newfoundland, Canada",harmonics/classic/harmonics-2004-06-14_mod.txt,295604,46.7355,-53.3715,,46.7333,-53.3667,2.28,0.052,,gleich
2550,N,"Trepassey Harbour, Newfoundland, Canada",harmonics/noaa/harmonics_noaa_amtt.txt,21174,46.7167,-53.3833,1,,,2.28,0.052,,gleich
2550,N,"Trepassey, Newfoundland, Canada",harmonics/utide/harmonics_utide_tidetables.txt,176878,46.7355,-53.3715,,,,2.28,0.052,,gleich
2551,N,"Trez-Hir, France",harmonics/classic/harmonics-pierre-lavergne-v10_mod.txt,12412,48.3397,-4.6993,,48.3452,-4.7025,0.00,0.005,,gleich
2551,N,"Trez-Hir, France",harmonics/utide/harmonics_utide_tidetables.txt,373835,48.3397,-4.6993,,,,0.00,0.005,,gleich
2552,N,"Trident Pier, Port Canaveral, Florida",harmonics/classic/harmonics-dwf-20251228-free.txt,108174,28.4158,-80.5931,,,,1.18,0.031,,verschieden
2552,N,"Canaveral Harbor entrance, Florida",harmonics/classic/harmonics-dwf-20251228-free.txt,109939,28.4083,-80.6017,,,,1.18,0.031,,verschieden
2553,N,"Trieste, Italy",harmonics/noaa/harmonics_noaa_eutt.txt,37886,45.6471,13.7597,1,,,0.02,0.052,,gleich
2553,N,"Trieste, Italy",harmonics/ticon/harmonics_ticon4_worldwide.txt,195968,45.6470,13.7600,,,,0.02,0.052,,gleich
2553,N,"Trieste, Italy",harmonics/utide/harmonics_utide_observations.txt,214956,45.6470,13.7600,,,,0.02,0.052,,gleich
2554,N,"Trimouille Island, Western Australia, Australia",harmonics/classic/harmonics-2004-06-14_mod.txt,295799,-20.3833,115.5500,,,,0.00,0.065,,gleich
2554,N,"Trimouille Island, Monte Bello Islands, Western Australia, Australia",harmonics/noaa/harmonics_noaa_cptt.txt,257948,-20.3833,115.5500,1,,,0.00,0.065,,gleich
2555,N,"Trincomalee, Sri Lanka",harmonics/classic/harmonics-1997-05-25_mod.txt,38615,8.5637,81.1998,,8.5500,81.2167,0.00,0.099,,gleich
2555,N,"Trincomalee, Sri Lanka",harmonics/noaa/harmonics_noaa_cptt.txt,269365,8.5637,81.1998,1,8.5500,81.2167,0.00,0.099,,gleich
2555,N,"Trincomalee, Sri Lanka",harmonics/utide/harmonics_utide_tidetables.txt,672404,8.5637,81.1998,,8.5500,81.2167,0.00,0.099,,gleich
2556,N,"Trinity, Newfoundland, Canada",harmonics/classic/harmonics-2004-06-14_mod.txt,295989,48.3722,-53.3578,,48.3667,-53.3500,0.00,0.000,,gleich
2556,N,"Trinity, Newfoundland, Canada",harmonics/utide/harmonics_utide_tidetables.txt,180352,48.3722,-53.3578,,,,0.00,0.000,,gleich
2557,H,"Tripoli (Tarabulus), Libya",harmonics/att/harmonics_att_np208.txt,36207,32.9000,13.1830,,,,0.00,0.270,1,gleich
2557,H,"Tripoli (Tarabulus), Libya",harmonics/noaa/harmonics_noaa_eutt.txt,36705,32.9000,13.1830,1,,,0.00,0.270,1,gleich
2558,N,"Trois-Rivieres, Québec, Canada",harmonics/ticon/harmonics_ticon4_worldwide.txt,196365,46.3405,-72.5392,,46.3400,-72.5400,0.00,0.094,,gleich
2558,N,"Trois-Rivières, Québec, Canada",harmonics/utide/harmonics_utide_tidetables.txt,274764,46.3405,-72.5392,,,,0.00,0.094,,gleich
2559,N,"Tromsø, Norway",harmonics/ticon/harmonics_ticon4_worldwide.txt,196568,69.6461,18.9548,,,,0.00,0.012,,gleich
2559,N,"Tromsø, Norway",harmonics/utide/harmonics_utide_observations.txt,174514,69.6461,18.9548,,,,0.00,0.012,,gleich
2560,N,"Trondheim, Norway",harmonics/ticon/harmonics_ticon4_worldwide.txt,196771,63.4365,10.3917,,,,0.00,0.002,,gleich
2560,N,"Trondheim, Norway",harmonics/utide/harmonics_utide_observations.txt,174714,63.4365,10.3917,,,,0.00,0.002,,gleich
2561,H,"Troughton Island, Western Australia, Australia",harmonics/classic/harmonics-2004-06-14_mod.txt,296184,-13.7500,126.1333,,,,1.86,0.228,,gleich
2561,H,"Troughton Island, Western Australia, Australia",harmonics/noaa/harmonics_noaa_cptt.txt,259516,-13.7667,126.1333,1,,,1.86,0.228,,gleich
2562,N,"Trounce Inlet, British Columbia, Canada",harmonics/utide/harmonics_utide_tidetables.txt,150993,53.1480,-132.3220,,,,1.15,0.049,,aehnlich
2562,N,"Trounce Inlet North, British Columbia, Canada",harmonics/utide/harmonics_utide_tidetables.txt,151186,53.1583,-132.3227,,,,1.15,0.049,,aehnlich
2563,N,"Trouville-Deauville, France",harmonics/classic/harmonics-pierre-lavergne-v10_mod.txt,4565,49.3655,0.0794,,,,0.00,0.001,,gleich
2563,N,"Trouville-Deauville, France",harmonics/utide/harmonics_utide_tidetables.txt,374225,49.3655,0.0794,,,,0.00,0.001,,gleich
2564,H,"Trwyn Du (Menai Strait), Wales, United Kingdom",harmonics/noaa/harmonics_noaa_eutt.txt,66720,53.3130,-4.0406,1,,,0.96,0.124,,verschieden
2564,H,"Trwyn Dinmor, Wales, United Kingdom",harmonics/utide/harmonics_utide_tidetables.txt,517277,53.3145,-4.0548,,,,0.96,0.124,,verschieden
2565,N,"Tryon Islet, Queensland, Australia",harmonics/classic/harmonics-2004-06-14_mod.txt,296379,-23.2500,151.7833,,,,0.00,0.053,,verschieden
2565,N,"Tryon Island, Queensland, Australia",harmonics/noaa/harmonics_noaa_cptt.txt,248177,-23.2500,151.7833,1,,,0.00,0.053,,verschieden
2566,N,"Træna, Norway",harmonics/att/harmonics_att_np202_secondary.txt,59012,66.5019,12.1036,,,,0.89,0.070,,gleich
2566,N,"Træna, Norway",harmonics/utide/harmonics_utide_observations.txt,174913,66.4966,12.0886,,,,0.89,0.070,,gleich
2567,N,"Trébeurden, France",harmonics/classic/harmonics-pierre-lavergne-v10_mod.txt,10543,48.7721,-3.5867,,,,0.00,0.003,,gleich
2567,N,"Trébeurden, France",harmonics/utide/harmonics_utide_tidetables.txt,374420,48.7721,-3.5867,,48.7708,-3.5867,0.00,0.003,,gleich
2568,N,"Tréguier, France",harmonics/classic/harmonics-pierre-lavergne-v10_mod.txt,10356,48.7870,-3.2222,,48.7868,-3.2224,0.00,0.001,,gleich
2568,N,"Tréguier, France",harmonics/utide/harmonics_utide_tidetables.txt,374615,48.7870,-3.2222,,48.7863,-3.2193,0.00,0.001,,gleich
2569,N,"Tréhiguier (La Vilaine), France",harmonics/classic/harmonics-pierre-lavergne-v10_mod.txt,16896,47.4953,-2.4415,,,,0.00,0.002,,gleich
2569,N,"Tréhiguier (La Vilaine), France",harmonics/utide/harmonics_utide_tidetables.txt,374810,47.4953,-2.4415,,47.4950,-2.4400,0.00,0.002,,gleich
2570,N,"Tschirpoi, Kuril Islands, Russia",harmonics/classic/harmonics-2004-06-14_mod.txt,274630,46.5333,150.9000,,,,0.00,0.088,,verschieden
2570,N,"Suna Wan, Kita Jima, Russia",harmonics/noaa/harmonics_noaa_cptt.txt,42015,46.5333,150.9000,1,,,0.00,0.088,,verschieden
2571,H,"Tsieng Mun, Vietnam",harmonics/att/harmonics_att_np203_scs.txt,160248,21.1333,107.6167,,,,0.00,0.144,,gleich
2571,H,"Tsieng Mun, Vietnam",harmonics/noaa/harmonics_noaa_cptt.txt,128257,21.1333,107.6167,1,,,0.00,0.144,,gleich
2572,N,"Tsu, Mie, Japan",harmonics/classic/harmonics-2004-06-14_mod.txt,296572,34.7107,136.5276,,34.7167,136.5330,0.85,0.074,,gleich
2572,N,"Tsu Ko, Iseno Umi, Mie, Japan",harmonics/noaa/harmonics_noaa_cptt.txt,53940,34.7167,136.5333,1,,,0.85,0.074,,gleich
2573,G,"Tsubota (Miyakeshima), Tokyo, Japan",harmonics/ticon/harmonics_ticon4_worldwide.txt,121931,34.0572,139.5439,,,,0.00,0.002,,gleich
2573,G,"Tsubota (Miyakeshima), Tokyo, Japan",harmonics/utide/harmonics_utide_observations.txt,117416,34.0572,139.5439,,,,0.00,0.002,,gleich
2574,N,"Tsuiyama, Hyogo, Japan",harmonics/classic/harmonics-2004-06-14_mod.txt,296961,35.6497,134.8357,,35.6500,134.8330,0.00,0.058,,gleich
2574,N,"Tsuiyama, Hyogo, Japan",harmonics/utide/harmonics_utide_observations.txt,138120,35.6497,134.8357,,,,0.00,0.058,,gleich
2575,N,"Tsukiji, Tokyo, Japan",harmonics/classic/harmonics-2004-06-14_mod.txt,297154,35.6610,139.7715,,35.6667,139.7670,1.39,0.054,,verschieden
2575,N,"Harumi, Tokyo, Japan",harmonics/ticon/harmonics_ticon4_worldwide.txt,193956,35.6486,139.7700,,,,1.39,0.054,,verschieden
2575,N,"Harumi, Tokyo, Japan",harmonics/utide/harmonics_utide_observations.txt,137141,35.6486,139.7700,,,,1.39,0.054,,verschieden
2576,H,"Tsunaura Wan (Kozuna), Nagasaki, Japan",harmonics/classic/harmonics-2004-06-14_mod.txt,297540,34.4165,129.2786,,34.4167,129.2670,1.09,0.107,,verschieden
2576,H,"Tsuna Shima, Nagasaki, Japan",harmonics/noaa/harmonics_noaa_cptt.txt,76229,34.4167,129.2667,1,,,1.09,0.107,,verschieden
2577,N,"Tsuruga, Fukui, Japan",harmonics/ticon/harmonics_ticon4_worldwide.txt,196969,35.6606,136.0644,,,,0.01,0.006,,gleich
2577,N,"Tsuruga, Fukui, Japan",harmonics/utide/harmonics_utide_observations.txt,138314,35.6606,136.0644,,,,0.01,0.006,,gleich
2578,N,"Tsushimahitakatsu, Nagasaki, Japan",harmonics/ticon/harmonics_ticon4_worldwide.txt,197365,34.6554,129.4782,,,,0.00,0.005,,gleich
2578,N,"Tsushimahitakatsu, Nagasaki, Japan",harmonics/utide/harmonics_utide_observations.txt,138702,34.6554,129.4782,,,,0.00,0.005,,gleich
2579,N,"Tubuai, Austral Islands, French Polynesia (1)",harmonics/ticon/harmonics_ticon4_worldwide.txt,197569,-23.3418,-149.4755,,-23.3418,-23.3418,0.20,0.002,,verschieden
2579,N,"Tubuai, Austral Islands, French Polynesia (2)",harmonics/ticon/harmonics_ticon4_worldwide.txt,197773,-23.3418,-149.4755,,,,0.20,0.002,,verschieden
2579,N,"Rochers Noirs - Tubuai, French Polynesia",harmonics/utide/harmonics_utide_tidetables.txt,599480,-23.3400,-149.4750,,,,0.20,0.002,,verschieden
2580,N,"Tumaco, Colombia",harmonics/noaa/harmonics_noaa_amtt.txt,112296,1.8333,-78.7333,1,,,1.58,0.012,,gleich
2580,N,"Tumaco (Isla del Morro), Colombia",harmonics/ticon/harmonics_ticon4_worldwide.txt,197979,1.8199,-78.7287,,1.8170,-78.7300,1.58,0.012,,gleich
2581,N,"Tumbo Channel, British Columbia, Canada",harmonics/ticon/harmonics_ticon4_worldwide.txt,198176,48.7932,-123.1088,,48.7900,-123.1100,0.00,0.004,,gleich
2581,N,"Tumbo Channel, British Columbia, Canada",harmonics/utide/harmonics_utide_tidetables.txt,103425,48.7932,-123.1088,,,,0.00,0.004,,gleich
2582,H,"Tumindao Island, Philippines",harmonics/att/harmonics_att_np203_scs.txt,88612,4.7833,119.4333,,,,1.84,0.155,,verschieden
2582,H,"Tumindao Channel, Tawi-Tawi, Philippines",harmonics/noaa/harmonics_noaa_cptt.txt,167595,4.7833,119.4167,1,,,1.84,0.155,,verschieden
2583,N,"Tunaycha, Russia",harmonics/att/harmonics_att_np204_secondary.txt,23050,46.8667,143.1667,,,,1.86,0.051,,verschieden
2583,N,"Tomunai Hakuchi, Russia",harmonics/noaa/harmonics_noaa_cptt.txt,31652,46.8500,143.1667,1,,,1.86,0.051,,verschieden
2584,N,"Tung-kang Po-ti, Taiwan",harmonics/noaa/harmonics_noaa_cptt.txt,117329,22.4667,120.4333,1,,,0.54,0.084,,verschieden
2584,N,"Donggang, Taiwan",harmonics/utide/harmonics_utide_tidetables.txt,391753,22.4651,120.4383,,,,0.54,0.084,,verschieden
2585,H,"Tuoji Dao, Shandong, China",harmonics/noaa/harmonics_noaa_cptt.txt,106362,38.1667,120.7500,1,,,0.00,0.104,,gleich
2585,H,"Tuojidao, Shandong, China",harmonics/utide/harmonics_utide_tidetables.txt,653195,38.1667,120.7500,,,,0.00,0.104,,gleich
2586,N,"Turtle Head, Torres Strait",harmonics/ticon/harmonics_ticon4_worldwide.txt,127754,-10.5048,142.2438,,,,0.86,0.019,,verschieden
2586,N,"Nardana Patches, Queensland, Australia",harmonics/utide/harmonics_utide_tidetables.txt,18513,-10.5000,142.2500,,,,0.86,0.019,,verschieden
2587,G,"Tuxpan, Veracruz, Mexico",harmonics/noaa/harmonics_noaa_censam.txt,15014,21.0000,-97.3333,,,,5.38,0.093,1,gleich
2587,G,"Tuxpan, Veracruz, Mexico",harmonics/ticon/harmonics_ticon4_worldwide.txt,198579,20.9683,-97.3117,,,,5.38,0.093,1,gleich
2587,G,"Tuxpan, Veracruz, Mexico",harmonics/utide/harmonics_utide_tidetables.txt,620921,20.9533,-97.3467,,,,5.38,0.093,1,gleich
2588,N,"Tuyup'o, North Korea",harmonics/att/harmonics_att_np204_secondary.txt,30945,39.9333,124.3333,,,,1.42,0.080,,verschieden
2588,N,"Yongamp'o, North Korea",harmonics/noaa/harmonics_noaa_cptt.txt,96204,39.9333,124.3500,1,,,1.42,0.080,,verschieden
2589,N,"Tweed River, New South Wales, Australia",harmonics/classic/harmonics-2004-06-14_mod.txt,326205,-28.1706,153.5512,,-28.1667,153.5500,0.93,0.078,,verschieden
2589,N,"Point Danger (Snapper Rocks), New South Wales, Australia",harmonics/utide/harmonics_utide_tidetables.txt,66204,-28.1623,153.5499,,,,0.93,0.078,,verschieden
2590,N,"Twin Islands, British Columbia, Canada",harmonics/classic/harmonics-2004-06-14_mod.txt,299087,50.0300,-124.9300,,50.0333,-124.9333,0.00,0.000,,gleich
2590,N,"Twin Islands, British Columbia, Canada",harmonics/utide/harmonics_utide_tidetables.txt,111346,50.0300,-124.9300,,,,0.00,0.000,,gleich
2591,G,"Tynemouth Lighthouse, England, United Kingdom",harmonics/classic/harmonics-1997-05-25_mod.txt,31493,55.0144,-1.4029,,,,0.00,0.000,,gleich
2591,G,"Tynemouth Lighthouse, England, United Kingdom",harmonics/classic/harmonics-pierre-lavergne-v10_mod.txt,3256,55.0144,-1.4029,,-1.4052,55.0142,0.00,0.000,,gleich
2592,H,"Tórshavn, Faroe Islands",harmonics/classic/harmonics-2004-06-14_mod.txt,299870,62.0100,-6.7750,,,,1.19,0.349,1,gleich
2592,H,"Tórshavn, Streymoy Island, Faroe Islands",harmonics/noaa/harmonics_noaa_eutt.txt,78390,62.0000,-6.7667,1,,,1.19,0.349,1,gleich
2593,H,"Tômbua (Porto Alexandre), Angola",harmonics/att/harmonics_att_np208_secondary.txt,47371,-15.8000,11.8500,,,,0.00,0.145,,gleich
2593,H,"Tômbua (Porto Alexandre), Angola",harmonics/noaa/harmonics_noaa_eutt.txt,18531,-15.8000,11.8500,1,,,0.00,0.145,,gleich
2594,H,"Tönning, Germany",harmonics/noaa/harmonics_noaa_eutt.txt,84862,54.3167,8.9500,1,,,0.22,0.385,1,gleich
2594,H,"Tönning (Eider), Germany",harmonics/utide/harmonics_utide_observations.txt,84886,54.3147,8.9501,,,,0.22,0.385,1,gleich
2595,N,"U.S. Naval Academy, Annapolis, Maryland",harmonics/classic/harmonics-2004-06-14_mod.txt,300059,38.9833,-76.4800,,,,0.07,0.022,,verschieden
2595,N,"Annapolis (US Naval Academy), Severn River, Maryland",harmonics/classic/harmonics-dwf-20251228-free.txt,71363,38.9839,-76.4800,,,,0.07,0.022,,verschieden
2596,N,"USCG Freeport, Texas",harmonics/classic/harmonics-dwf-20251228-free.txt,169297,28.9433,-95.3025,,,,1.48,0.027,,verschieden
2596,N,"Freeport SPIP, Freeport Harbor, Texas",harmonics/classic/harmonics-dwf-20251228-free.txt,169493,28.9357,-95.2942,,,,1.48,0.027,,verschieden
2596,N,"Quintana Jetty (Freeport entrance jetty), Texas",harmonics/classic/harmonics-dwf-20251228-free.txt,169689,28.9303,-95.3059,,,,1.48,0.027,,verschieden
2597,N,"USCG station, The Narrows, New York",harmonics/classic/harmonics-dwf-20251228-free.txt,54985,40.6120,-74.0599,,,,0.72,0.017,,verschieden
2597,N,"Fort Wadsworth, The Narrows, Staten Island, New York",harmonics/classic/harmonics-dwf-20251228-free.txt,270278,40.6067,-74.0550,,,,0.72,0.017,,verschieden
2598,N,"Ube Ko, Yamaguchi, Japan",harmonics/noaa/harmonics_noaa_cptt.txt,68005,33.9333,131.2500,1,,,0.89,0.031,,gleich
2598,N,"Ube, Yamaguchi, Japan",harmonics/ticon/harmonics_ticon4_worldwide.txt,198777,33.9389,131.2431,,,,0.89,0.031,,gleich
2598,N,"Ube, Yamaguchi, Japan",harmonics/utide/harmonics_utide_observations.txt,138896,33.9389,131.2431,,,,0.89,0.031,,gleich
2599,N,"Uchiumi, Miyazaki, Japan",harmonics/classic/harmonics-2004-06-14_mod.txt,305822,31.7579,131.4758,,31.7500,131.4670,0.00,0.080,,gleich
2599,N,"Uchiumi, Miyazaki, Japan",harmonics/noaa/harmonics_noaa_cptt.txt,69989,31.7579,131.4758,1,,,0.00,0.080,,gleich
2600,N,"Udskaya Guba, Russia",harmonics/att/harmonics_att_np204_secondary.txt,24394,54.7000,135.3000,,,,0.00,0.076,,aehnlich
2600,N,"Udskaya Bay, Russia",harmonics/noaa/harmonics_noaa_cptt.txt,27211,54.7000,135.3000,1,,,0.00,0.076,,aehnlich
2601,N,"Uig Bay (Loch Snizort), Scotland, United Kingdom",harmonics/noaa/harmonics_noaa_eutt.txt,73062,57.5844,-6.3719,1,,,0.00,0.032,,gleich
2601,N,"Uig Bay (Loch Snizort), Scotland, United Kingdom",harmonics/utide/harmonics_utide_tidetables.txt,474283,57.5844,-6.3719,,,,0.00,0.032,,gleich
2602,N,"Ujelang Atoll, Marshall Islands",harmonics/att/harmonics_att_np204_secondary.txt,16916,9.7667,160.9667,,,,0.00,0.059,,gleich
2602,N,"Ujelang Atoll, Marshall Islands",harmonics/noaa/harmonics_noaa_cptt.txt,221052,9.7667,160.9667,1,,,0.00,0.059,,gleich
2603,N,"Ujungpandang (Makassar), Indonesia",harmonics/att/harmonics_att_np203_scs.txt,114446,-5.1500,119.4000,,,,0.00,0.017,,verschieden
2603,N,"Makassar (Ujung Pandang), Sulawesi, Indonesia",harmonics/classic/harmonics-1997-05-25_mod.txt,38982,-5.1500,119.4000,,,,0.00,0.017,,verschieden
2604,G,"Uken (Amami Oshima), Kagoshima, Japan",harmonics/classic/harmonics-2004-06-14_mod.txt,301020,28.2778,129.2950,,28.2833,129.2330,6.53,0.068,1,gleich
2604,G,"Uken, Yakiuchi Wan, Kagoshima, Japan",harmonics/noaa/harmonics_noaa_cptt.txt,78393,28.3000,129.2333,1,,,6.53,0.068,1,gleich
2605,N,"Ukeshima, Kagoshima, Japan",harmonics/classic/harmonics-2004-06-14_mod.txt,300827,28.0333,129.2330,,,,0.03,0.067,,gleich
2605,N,"Uke Shima, Kagoshima, Japan",harmonics/noaa/harmonics_noaa_cptt.txt,78787,28.0333,129.2333,1,,,0.03,0.067,,gleich
2606,N,"Uleelheue, Indonesia",harmonics/att/harmonics_att_np203_scs.txt,48824,5.5667,95.2833,,,,0.00,0.064,,verschieden
2606,N,"Banda Aceh (Ulee Lheue), Sumatra, Indonesia",harmonics/noaa/harmonics_noaa_cptt.txt,137956,5.5667,95.2833,1,,,0.00,0.064,,verschieden
2607,N,"Ullapool, Scotland, United Kingdom",harmonics/ticon/harmonics_ticon4_worldwide.txt,199777,57.8952,-5.1581,,,,0.01,0.011,,gleich
2607,N,"Ullapool, Scotland, United Kingdom",harmonics/utide/harmonics_utide_observations.txt,196867,57.8952,-5.1579,,,,0.01,0.011,,gleich
2608,L,"Ulleungdo (Jeodong), South Korea",harmonics/classic/harmonics-1997-05-25_mod.txt,39107,37.4917,130.9137,,37.5000,130.9167,0.00,0.177,,gleich
2608,L,"Ulleungdo (Jeodong), South Korea",harmonics/utide/harmonics_utide_tidetables.txt,301339,37.4917,130.9137,,37.4833,130.9167,0.00,0.177,,gleich
2609,HL,"Ulsan, South Korea",harmonics/classic/harmonics-1997-05-25_mod.txt,39232,35.5018,129.3873,,35.5167,129.3833,0.41,0.202,,gleich
2609,HL,"Ulsan, Busan, South Korea",harmonics/noaa/harmonics_noaa_cptt.txt,81544,35.5000,129.3833,1,,,0.41,0.202,,gleich
2609,HL,"Ulsan, South Korea",harmonics/utide/harmonics_utide_tidetables.txt,301736,35.5018,129.3873,,35.5000,129.3833,0.41,0.202,,gleich
2610,G,"Ulugan Bay, Philippines",harmonics/att/harmonics_att_np203_scs.txt,62994,10.0667,118.7667,,,,4.12,0.045,1,gleich
2610,G,"Ulugan Bay, Palawan, Philippines",harmonics/noaa/harmonics_noaa_cptt.txt,183791,10.1000,118.7833,1,,,4.12,0.045,1,gleich
2611,N,"Umiray River Entrance, Philippines",harmonics/att/harmonics_att_np203_scs.txt,76582,15.2000,121.4333,,,,0.00,0.048,,aehnlich
2611,N,"Umiray River ent., Dingalan Bay, Quezon, Philippines",harmonics/noaa/harmonics_noaa_cptt.txt,212550,15.2000,121.4333,1,,,0.00,0.048,,aehnlich
2612,N,"Unalaska, Alaska",harmonics/classic/harmonics-2004-06-14_mod.txt,301404,53.8800,-166.5367,,,,0.25,0.010,,gleich
2612,N,"Unalaska, Dutch Harbor, Alaska",harmonics/classic/harmonics-dwf-20251228-free.txt,237905,53.8792,-166.5403,,,,0.25,0.010,,gleich
2613,N,"Union Hall Harbour, Ireland",harmonics/ticon/harmonics_ticon4_worldwide.txt,200173,51.5590,-9.1335,,,,0.00,0.007,,gleich
2613,N,"Union Hall Harbour, Ireland",harmonics/utide/harmonics_utide_observations.txt,222094,51.5590,-9.1335,,,,0.00,0.007,,gleich
2614,N,"Unmu Do, North Korea",harmonics/att/harmonics_att_np204_secondary.txt,31713,39.4167,125.1167,,,,0.00,0.098,,gleich
2614,N,"Unmu-do, North Korea",harmonics/noaa/harmonics_noaa_cptt.txt,94832,39.4167,125.1167,1,,,0.00,0.098,,gleich
2615,N,"Upper Port Latour, Nova Scotia, Canada",harmonics/classic/harmonics-2004-06-14_mod.txt,303502,43.5059,-65.4692,,43.5167,-65.4667,0.01,0.007,,gleich
2615,N,"Upper Port la Tour, Nova Scotia, Canada",harmonics/utide/harmonics_utide_tidetables.txt,224497,43.5059,-65.4693,,,,0.01,0.007,,gleich
2616,N,"Urado Ko, Kochi, Japan",harmonics/noaa/harmonics_noaa_cptt.txt,57467,33.5000,133.5667,1,,,0.25,0.042,,verschieden
2616,N,"Kochi, Kochi, Japan",harmonics/ticon/harmonics_ticon4_worldwide.txt,94434,33.4992,133.5692,,,,0.25,0.042,,verschieden
2616,N,"Kochi, Kochi, Japan",harmonics/utide/harmonics_utide_observations.txt,111936,33.4992,133.5692,,,,0.25,0.042,,verschieden
2617,N,"Urakami Ko, Wakayama, Japan",harmonics/noaa/harmonics_noaa_cptt.txt,55114,33.5500,135.9000,1,,,0.99,0.034,,aehnlich
2617,N,"Uragami, Wakayama, Japan",harmonics/ticon/harmonics_ticon4_worldwide.txt,200375,33.5583,135.8964,,,,0.99,0.034,,aehnlich
2617,N,"Uragami, Wakayama, Japan",harmonics/utide/harmonics_utide_observations.txt,139486,33.5583,135.8964,,,,0.99,0.034,,aehnlich
2618,N,"Urakawa, Hokkaido, Japan",harmonics/ticon/harmonics_ticon4_worldwide.txt,200575,42.1667,142.7667,,42.1642,142.7742,0.00,0.002,,gleich
2618,N,"Urakawa, Hokkaido, Japan",harmonics/utide/harmonics_utide_observations.txt,139682,42.1667,142.7667,,,,0.00,0.002,,gleich
2619,N,"Ushimado, Okayama, Japan",harmonics/classic/harmonics-2004-06-14_mod.txt,304664,34.6147,134.1646,,34.6167,134.1670,2.11,0.066,,gleich
2619,N,"Ushimado Ko, Okayama, Japan",harmonics/noaa/harmonics_noaa_cptt.txt,60973,34.6000,134.1500,1,,,2.11,0.066,,gleich
2620,N,"Ushuaia, Tierra del Fuego, Argentina",harmonics/ticon/harmonics_ticon4_worldwide.txt,200773,-54.8062,-68.2948,,-54.8050,-68.2950,0.00,0.006,,gleich
2620,N,"Ushuaia, Tierra del Fuego, Argentina",harmonics/utide/harmonics_utide_observations.txt,16436,-54.8062,-68.2948,,,,0.00,0.006,,gleich
2621,N,"Usibuka, Kumamoto, Japan",harmonics/classic/harmonics-2004-06-14_mod.txt,304471,32.2000,130.0170,,,,0.03,0.076,,aehnlich
2621,N,"Ushibuka, Amakusa Shimo Shima, Kumamoto, Japan",harmonics/noaa/harmonics_noaa_cptt.txt,71557,32.2000,130.0167,1,,,0.03,0.076,,aehnlich
2622,N,"Usu Wan, Hokkaido, Japan",harmonics/classic/harmonics-2004-06-14_mod.txt,304857,42.5148,140.7848,,42.5167,140.7670,1.50,0.048,,gleich
2622,N,"Usu Wan, Iburi Wan, Hokkaido, Japan",harmonics/noaa/harmonics_noaa_cptt.txt,46871,42.5167,140.7667,1,,,1.50,0.048,,gleich
2623,N,"Usujiri, Hokkaido, Japan",harmonics/classic/harmonics-2004-06-14_mod.txt,305243,41.9333,140.9500,,,,0.00,0.045,,aehnlich
2623,N,"Usujiri Wan, Hokkaido, Japan",harmonics/noaa/harmonics_noaa_cptt.txt,47067,41.9333,140.9500,1,,,0.00,0.045,,aehnlich
2624,N,"Usuka Wan, Nagasaki, Japan",harmonics/classic/harmonics-2004-06-14_mod.txt,305050,33.3767,129.5384,,33.3833,129.5330,0.87,0.083,,gleich
2624,N,"Usuka Wan, Hirado Shima, Nagasaki, Japan",harmonics/noaa/harmonics_noaa_cptt.txt,73887,33.3833,129.5333,1,,,0.87,0.083,,gleich
2625,N,"Uwajima Ko, Ehime, Japan",harmonics/noaa/harmonics_noaa_cptt.txt,66632,33.2333,132.5500,1,,,0.69,0.065,,gleich
2625,N,"Uwajima, Ehime, Japan",harmonics/ticon/harmonics_ticon4_worldwide.txt,201175,33.2272,132.5511,,,,0.69,0.065,,gleich
2625,N,"Uwajima, Ehime, Japan",harmonics/utide/harmonics_utide_observations.txt,139878,33.2272,132.5511,,,,0.69,0.065,,gleich
2626,H,"Uyuzyut Island, Russia",harmonics/att/harmonics_att_np204_secondary.txt,27481,52.8167,141.2167,,,,1.12,0.252,1,gleich
2626,H,"Uyuzyut Island, Russia",harmonics/noaa/harmonics_noaa_cptt.txt,36362,52.8167,141.2000,1,,,1.12,0.252,1,gleich
2627,N,"Vairao, Tahiti, French Polynesia",harmonics/ticon/harmonics_ticon4_worldwide.txt,201379,-17.8059,-149.2950,,,,0.29,0.007,,verschieden
2627,N,"Vairao Oututaata, French Polynesia",harmonics/utide/harmonics_utide_tidetables.txt,599880,-17.8083,-149.2940,,,,0.29,0.007,,verschieden
2628,H,"Valleyfield, Newfoundland, Canada",harmonics/noaa/harmonics_noaa_amtt.txt,20781,49.1222,-53.6079,1,,,0.00,0.137,,gleich
2628,H,"Valleyfield, Newfoundland, Canada",harmonics/utide/harmonics_utide_tidetables.txt,182282,49.1222,-53.6079,,,,0.00,0.137,,gleich
2629,N,"Valparaíso, Chile",harmonics/ticon/harmonics_ticon4_worldwide.txt,201792,-33.0275,-71.6279,,-33.0330,-71.6330,0.06,0.005,,gleich
2629,N,"Valparaíso, Chile",harmonics/utide/harmonics_utide_observations.txt,207418,-33.0280,-71.6280,,,,0.06,0.005,,gleich
2630,G,"Vancouver (CRAB Park at Portside), British Columbia, Canada",harmonics/utide/harmonics_utide_observations.txt,44542,49.2863,-123.0997,,,,0.00,0.003,,gleich
2630,G,"Vancouver (CRAB Park at Portside), British Columbia, Canada",harmonics/utide/harmonics_utide_tidetables.txt,106903,49.2863,-123.0997,,,,0.00,0.003,,gleich
2631,N,"Vannes, France",harmonics/classic/harmonics-pierre-lavergne-v10_mod.txt,16149,47.6384,-2.7619,,,,0.00,0.036,,gleich
2631,N,"Vannes, France",harmonics/utide/harmonics_utide_tidetables.txt,375785,47.6384,-2.7619,,47.6383,-2.7608,0.00,0.036,,gleich
2632,N,"Vardøya, Norway",harmonics/noaa/harmonics_noaa_eutt.txt,89949,70.3748,31.1042,1,,,0.06,0.018,,aehnlich
2632,N,"Vardø, Norway",harmonics/ticon/harmonics_ticon4_worldwide.txt,202198,70.3745,31.1044,,70.3330,31.1000,0.06,0.018,,aehnlich
2632,N,"Vardø, Norway",harmonics/utide/harmonics_utide_observations.txt,175115,70.3750,31.1040,,,,0.06,0.018,,aehnlich
2633,N,"Vasai (Bassein), Maharashtra, India",harmonics/att/harmonics_att_np203.txt,27073,19.3248,72.8076,,19.3300,72.8100,0.00,0.037,,gleich
2633,N,"Vasai (Bassein), Maharashtra, India",harmonics/noaa/harmonics_noaa_cptt.txt,271896,19.3248,72.8076,1,,,0.00,0.037,,gleich
2634,N,"Vegesack (Weser), Germany",harmonics/noaa/harmonics_noaa_eutt.txt,84470,53.1694,8.6195,1,,,0.00,0.094,,gleich
2634,N,"Vegesack (Weser), Germany",harmonics/utide/harmonics_utide_observations.txt,205172,53.1694,8.6195,,,,0.00,0.094,,gleich
2635,G,"Venezia (Centro Maree), Italy",harmonics/classic/harmonics-pierre-lavergne-v9-europe_mod.txt,3067,45.4364,12.3334,,,,7.46,0.035,1,gleich
2635,G,"Venezia, Italy",harmonics/ticon/harmonics_ticon4_worldwide.txt,202799,45.4188,12.4257,,,,7.46,0.035,1,gleich
2636,H,"Ventnor (Isle of Wight), United Kingdom",harmonics/noaa/harmonics_noaa_eutt.txt,61351,50.5928,-1.2049,1,,,0.00,0.189,,gleich
2636,H,"Ventnor (Isle of Wight), England, United Kingdom",harmonics/utide/harmonics_utide_tidetables.txt,518055,50.5928,-1.2049,,50.6000,-1.2000,0.00,0.189,,gleich
2637,N,"Veracruz #, Mexico",harmonics/noaa/harmonics_noaa_amtt.txt,35389,19.2000,-96.1333,1,,,0.29,0.020,,gleich
2637,N,"Veracruz, Veracruz, Mexico",harmonics/ticon/harmonics_ticon4_worldwide.txt,203008,19.2009,-96.1307,,19.2000,-96.1330,0.29,0.020,,gleich
2637,N,"Veracruz, Veracruz, Mexico",harmonics/utide/harmonics_utide_observations.txt,146576,19.2009,-96.1307,,19.2000,-96.1330,0.29,0.020,,gleich
2638,N,"Veraval, Gujarat, India",harmonics/att/harmonics_att_np203.txt,25535,20.8996,70.3704,,20.9100,70.3700,0.00,0.035,,gleich
2638,N,"Veraval, Gujarat, India",harmonics/classic/harmonics-1997-05-25_mod.txt,39602,20.8996,70.3704,,20.9000,70.3667,0.00,0.035,,gleich
2638,N,"Veraval, Gujarat, India",harmonics/utide/harmonics_utide_tidetables.txt,288894,20.8996,70.3704,,,,0.00,0.035,,gleich
2639,N,"Viana do Castelo, Portugal",harmonics/ticon/harmonics_ticon4_worldwide.txt,203208,41.6850,-8.8396,,,,0.00,0.008,,gleich
2639,N,"Viana do Castelo, Portugal",harmonics/utide/harmonics_utide_observations.txt,184448,41.6850,-8.8396,,,,0.00,0.008,,gleich
2640,N,"Victoria Harbour, British Columbia (3), Canada",harmonics/classic/harmonics-2004-06-14_mod.txt,307366,48.4244,-123.3708,,48.4167,-123.3667,0.00,0.004,,gleich
2640,N,"Victoria Harbour, British Columbia, Canada",harmonics/utide/harmonics_utide_observations.txt,44742,48.4244,-123.3708,,,,0.00,0.004,,gleich
2640,N,"Victoria Harbour, British Columbia, Canada",harmonics/utide/harmonics_utide_tidetables.txt,97240,48.4244,-123.3708,,,,0.00,0.004,,gleich
2641,H,"Victoria, Seychelles",harmonics/noaa/harmonics_noaa_cptt.txt,289918,-4.6200,55.4588,1,,,0.00,0.123,,gleich
2641,H,"Victoria, Seychelles",harmonics/ticon/harmonics_ticon4_worldwide.txt,151551,-4.6200,55.4588,,-4.6220,55.4580,0.00,0.123,,gleich
2642,H,"Vidåslusen (Højer), Denmark",harmonics/noaa/harmonics_noaa_eutt.txt,86425,54.9632,8.6607,1,,,0.00,0.332,1,gleich
2642,H,"Vidåslusen (Højer), Denmark",harmonics/ticon/harmonics_ticon4_worldwide.txt,203605,54.9632,8.6607,,54.9667,8.6660,0.00,0.332,1,gleich
2643,N,"Vieux-Boucau-les-Bains, France",harmonics/classic/harmonics-pierre-lavergne-v10_mod.txt,19888,43.7858,-1.4156,,,,0.00,0.002,,gleich
2643,N,"Vieux-Boucau-les-Bains, France",harmonics/utide/harmonics_utide_tidetables.txt,376175,43.7858,-1.4156,,43.7833,-1.4167,0.00,0.002,,gleich
2644,G,"Vieux-Québec, Québec, Canada",harmonics/utide/harmonics_utide_observations.txt,48050,46.8111,-71.2018,,,,0.00,0.020,,gleich
2644,G,"Vieux-Québec, Québec, Canada",harmonics/utide/harmonics_utide_tidetables.txt,271467,46.8111,-71.2018,,,,0.00,0.020,,gleich
2645,N,"Viker, Norway",harmonics/ticon/harmonics_ticon4_worldwide.txt,204208,59.0360,10.9498,,,,0.01,0.012,,gleich
2645,N,"Viker, Norway",harmonics/utide/harmonics_utide_observations.txt,175313,59.0360,10.9498,,,,0.01,0.012,,gleich
2646,L,"Vila Faro Recalada, Buenos Aires, Argentina",harmonics/att/harmonics_att_np207.txt,34210,-38.9920,-61.2604,,-39.0000,-61.2667,1.04,0.342,1,aehnlich
2646,L,"Faro Recalada, Buenos Aires, Argentina",harmonics/noaa/harmonics_noaa_amtt.txt,50301,-39.0000,-61.2667,1,,,1.04,0.342,1,aehnlich
2647,G,"Vila Harbor, Efate Island, Vanuatu",harmonics/noaa/harmonics_noaa_cptt.txt,236310,-17.7333,168.3167,1,,,4.14,0.094,1,gleich
2647,G,"Port-Vila, Vanuatu",harmonics/ticon/harmonics_ticon4_worldwide.txt,151757,-17.7670,168.3000,,,,4.14,0.094,1,gleich
2648,N,"Village Bay, British Columbia, Canada",harmonics/utide/harmonics_utide_tidetables.txt,101495,48.8445,-123.3241,,,,1.82,0.079,,verschieden
2648,N,"Miners Bay, British Columbia, Canada",harmonics/utide/harmonics_utide_tidetables.txt,103811,48.8520,-123.3020,,,,1.82,0.079,,verschieden
2649,N,"Vinh Xuan Dai, Vietnam",harmonics/att/harmonics_att_np203_scs.txt,155780,13.3833,109.2667,,13.3667,109.2667,0.00,0.094,,gleich
2649,N,"Vinh Xuan Dai, Vietnam",harmonics/noaa/harmonics_noaa_cptt.txt,132504,13.3833,109.2667,1,,,0.00,0.094,,gleich
2650,N,"Virac, Catanduances Island, Catanduanes, Philippines",harmonics/noaa/harmonics_noaa_cptt.txt,215831,13.5833,124.2333,1,,,0.19,0.064,,gleich
2650,N,"Virac, Catanduanes, Philippines",harmonics/utide/harmonics_utide_tidetables.txt,322510,13.5819,124.2343,,,,0.19,0.064,,gleich
2651,N,"Virginia Beach, Virginia",harmonics/classic/harmonics-2004-06-14_mod.txt,308127,36.8433,-75.9717,,,,1.30,0.027,,verschieden
2651,N,"Inside channel, Rudee Inlet, Virginia",harmonics/classic/harmonics-dwf-20251228-free.txt,80618,36.8317,-75.9733,,,,1.30,0.027,,verschieden
2652,N,"Vishakhapatnam, Andhra Pradesh, India",harmonics/att/harmonics_att_np203_secondary.txt,103567,17.6886,83.2885,,17.6833,83.2833,0.00,0.061,,aehnlich
2652,N,"Vizagapatam, Andhra Pradesh, India",harmonics/noaa/harmonics_noaa_cptt.txt,267806,17.6886,83.2885,1,,,0.00,0.061,,aehnlich
2652,N,"Visakhapatnam, Andhra Pradesh, India",harmonics/ticon/harmonics_ticon4_worldwide.txt,204615,17.6886,83.2885,,17.6830,83.2830,0.00,0.061,,aehnlich
2652,N,"Visakhapatnam, Andhra Pradesh, India",harmonics/utide/harmonics_utide_observations.txt,87641,17.6886,83.2885,,17.6868,83.2785,0.00,0.061,,aehnlich
2653,GN,"Vitória, Espírito Santo, Brazil",harmonics/att/harmonics_att_np207.txt,20576,-20.3183,-40.2943,,-20.3167,-40.3000,4.44,0.096,1,gleich
2653,GN,"Vitoria, Espírito Santo, Brazil",harmonics/noaa/harmonics_noaa_amtt.txt,47705,-20.3167,-40.3167,1,,,4.44,0.096,1,gleich
2653,GN,"Vitória (Porto), Espírito Santo, Brazil",harmonics/utide/harmonics_utide_tidetables.txt,90897,-20.3224,-40.3367,,,,4.44,0.096,1,gleich
2654,H,"Viyakhtu Bay, Russia",harmonics/att/harmonics_att_np204_secondary.txt,20746,51.5833,141.9000,,,,0.00,0.181,,gleich
2654,H,"Viyakhtu Bay, Russia",harmonics/noaa/harmonics_noaa_cptt.txt,35377,51.5833,141.9000,1,,,0.00,0.181,,gleich
2655,N,"Vlieland haven, Netherlands",harmonics/classic/harmonics-dwf-20100529-nonfree_mod.txt,17003,53.3000,5.1000,,,,0.71,0.005,,aehnlich
2655,N,"Vlieland, haven, Netherlands",harmonics/utide/harmonics_utide_observations.txt,164227,53.2961,5.0915,,,,0.71,0.005,,aehnlich
2656,N,"Vohemar, Madagascar",harmonics/att/harmonics_att_np203_secondary.txt,32312,-13.3538,50.0063,,,,0.00,0.072,,gleich
2656,N,"Vohemar, Madagascar",harmonics/noaa/harmonics_noaa_cptt.txt,287570,-13.3538,50.0063,1,,,0.00,0.072,,gleich
2657,H,"Vung Chua, Vietnam",harmonics/att/harmonics_att_np203_scs.txt,157334,17.9333,106.4833,,,,1.77,0.266,1,gleich
2657,H,"Vung Chua Bay, Vietnam",harmonics/noaa/harmonics_noaa_cptt.txt,131127,17.9333,106.5000,1,,,1.77,0.266,1,gleich
2658,N,"Vung Ro, Vietnam",harmonics/att/harmonics_att_np203_scs.txt,155586,12.8672,109.4073,,12.8667,109.4000,0.00,0.091,,gleich
2658,N,"Vung Ro, Vietnam",harmonics/noaa/harmonics_noaa_cptt.txt,132702,12.8672,109.4073,1,,,0.00,0.091,,gleich
2659,H,"Vágur, Faroe Islands",harmonics/classic/harmonics-2004-06-14_mod.txt,308906,61.4700,-6.8000,,,,2.84,0.622,1,verschieden
2659,H,"Lopransfjørður, Suðuroy Island, Faroe Islands",harmonics/noaa/harmonics_noaa_eutt.txt,77416,61.4500,-6.7667,1,,,2.84,0.622,1,verschieden
2660,N,"Wa Kyun, Myanmar",harmonics/att/harmonics_att_np203_scs.txt,20438,15.1996,97.7345,,15.2000,97.7333,0.00,0.059,,gleich
2660,N,"Wa Kyun, Myanmar",harmonics/noaa/harmonics_noaa_cptt.txt,263671,15.1996,97.7345,1,,,0.00,0.059,,gleich
2661,G,"Waddington Harbor, Bute Inlet, British Columbia, Canada",harmonics/noaa/harmonics_noaa_amtt.txt,68070,50.9333,-124.8500,1,,,6.90,0.035,1,gleich
2661,G,"Waddington Harbour, British Columbia, Canada",harmonics/utide/harmonics_utide_tidetables.txt,116563,50.8730,-124.8730,,,,6.90,0.035,1,gleich
2662,N,"Wadomari (Okinoerabujima), Kagoshima, Japan",harmonics/classic/harmonics-2004-06-14_mod.txt,309679,27.3984,128.6663,,27.4000,128.6670,0.18,0.072,,gleich
2662,N,"Wadomari, Okinoyerabu Jima, Kagoshima, Japan",harmonics/noaa/harmonics_noaa_cptt.txt,79181,27.4000,128.6667,1,,,0.18,0.072,,gleich
2663,N,"Waiheke, Auckland, New Zealand",harmonics/noaa/harmonics_noaa_cptt.txt,234140,-36.7833,175.1500,1,,,0.71,0.049,,verschieden
2663,N,"Man o?War Bay, New Zealand",harmonics/utide/harmonics_utide_tidetables.txt,592569,-36.7851,175.1576,,,,0.71,0.049,,verschieden
2664,N,"Waiiti Bay, New Zealand",harmonics/utide/harmonics_utide_tidetables.txt,526989,-35.0074,173.9360,,,,1.38,0.003,,verschieden
2664,N,"Motukawanui Island, New Zealand",harmonics/utide/harmonics_utide_tidetables.txt,569908,-35.0183,173.9433,,,,1.38,0.003,,verschieden
2665,N,"Waikato River, Auckland, New Zealand",harmonics/noaa/harmonics_noaa_cptt.txt,231790,-37.4000,174.7500,1,,,2.21,0.095,,aehnlich
2665,N,"Port Waikato, New Zealand",harmonics/utide/harmonics_utide_tidetables.txt,567346,-37.3858,174.7325,,,,2.21,0.095,,aehnlich
2666,N,"Waikelo, Sumba, Indonesia",harmonics/ticon/harmonics_ticon4_worldwide.txt,205209,-9.4000,119.2330,,,,0.00,0.000,,gleich
2666,N,"Waikelo, Sumba, Indonesia",harmonics/utide/harmonics_utide_observations.txt,91413,-9.4000,119.2330,,,,0.00,0.000,,gleich
2667,N,"Wailingding Dao, Guangdong, China",harmonics/att/harmonics_att_np204_secondary.txt,38483,22.1000,114.0333,,,,0.00,0.036,,aehnlich
2667,N,"Wai-ling-ting, Hong Kong",harmonics/noaa/harmonics_noaa_cptt.txt,123796,22.1000,114.0333,1,,,0.00,0.036,,aehnlich
2668,N,"Waingapu Road, Indonesia",harmonics/att/harmonics_att_np203_scs.txt,131514,-9.6333,120.2500,,,,0.00,0.071,,verschieden
2668,N,"Nangamesi Bay, Sumba, Indonesia",harmonics/noaa/harmonics_noaa_cptt.txt,155061,-9.6333,120.2500,1,,,0.00,0.071,,verschieden
2669,N,"Wainwright Basin, British Columbia, Canada",harmonics/utide/harmonics_utide_tidetables.txt,146159,54.2562,-130.2652,,,,1.81,0.031,,verschieden
2669,N,"Morse Basin, British Columbia, Canada",harmonics/utide/harmonics_utide_tidetables.txt,146352,54.2583,-130.2376,,,,1.81,0.031,,verschieden
2670,N,"Waipapa Point, Southland, New Zealand",harmonics/noaa/harmonics_noaa_cptt.txt,225943,-46.6500,168.8500,1,,,0.95,0.077,,gleich
2670,N,"Waipapa Point, New Zealand",harmonics/utide/harmonics_utide_tidetables.txt,526792,-46.6577,168.8446,,,,0.95,0.077,,gleich
2671,N,"Waitangi, Chatham Island, New Zealand",harmonics/ticon/harmonics_ticon4_worldwide.txt,41330,-43.9463,-176.5612,,-43.9470,-176.5620,0.00,0.042,,gleich
2671,N,"Waitangi, Chatham Islands, New Zealand",harmonics/utide/harmonics_utide_observations.txt,168744,-43.9463,-176.5612,,-43.9470,-176.5620,0.00,0.042,,gleich
2671,N,"Waitangi, Chatham Island, New Zealand",harmonics/utide/harmonics_utide_tidetables.txt,584290,-43.9463,-176.5612,,,,0.00,0.042,,gleich
2672,N,"Waitara River entrance, Taranaki, New Zealand",harmonics/noaa/harmonics_noaa_cptt.txt,231398,-38.9833,174.2333,1,,,0.67,0.077,,gleich
2672,N,"Waitara River Entrance, New Zealand",harmonics/utide/harmonics_utide_tidetables.txt,538786,-38.9878,174.2282,,,,0.67,0.077,,gleich
2673,H,"Waizhe Dao, Shandong, China",harmonics/att/harmonics_att_np204_secondary.txt,35581,37.2667,122.5500,,,,0.00,0.190,,verschieden
2673,H,"Lidao Wan [Litao Bay], Shandong, China",harmonics/noaa/harmonics_noaa_cptt.txt,108703,37.2667,122.5500,1,,,0.00,0.190,,verschieden
2674,N,"Wajima, Ishikawa, Japan",harmonics/ticon/harmonics_ticon4_worldwide.txt,205411,37.4058,136.9006,,,,0.01,0.007,,gleich
2674,N,"Wajima, Ishikawa, Japan",harmonics/utide/harmonics_utide_observations.txt,140474,37.4058,136.9006,,,,0.01,0.007,,gleich
2675,N,"Wakayama, Wakayama, Japan",harmonics/ticon/harmonics_ticon4_worldwide.txt,205611,34.2217,135.1455,,,,0.01,0.003,,gleich
2675,N,"Wakayama, Wakayama, Japan",harmonics/utide/harmonics_utide_observations.txt,140074,34.2217,135.1455,,,,0.01,0.003,,gleich
2676,H,"Wakimoto, Hokkaido, Japan",harmonics/classic/harmonics-2004-06-14_mod.txt,311221,41.5621,140.4320,,41.5667,140.4170,0.00,0.134,,gleich
2676,H,"Wakimoto, Hokkaido, Japan",harmonics/noaa/harmonics_noaa_cptt.txt,47461,41.5621,140.4320,1,,,0.00,0.134,,gleich
2677,N,"Wakkanai, Hokkaido, Japan",harmonics/ticon/harmonics_ticon4_worldwide.txt,205817,45.4078,141.6853,,45.4000,141.6830,0.00,0.013,,gleich
2677,N,"Wakkanai, Hokkaido, Japan",harmonics/utide/harmonics_utide_observations.txt,140276,45.4078,141.6853,,,,0.00,0.013,,gleich
2678,H,"Wallaroo, Spencer Gulf, South Australia, Australia",harmonics/noaa/harmonics_noaa_cptt.txt,255221,-33.9167,137.6167,1,,,1.04,0.236,,gleich
2678,H,"Wallaroo, South Australia, Australia",harmonics/ticon/harmonics_ticon4_worldwide.txt,206017,-33.9260,137.6152,,,,1.04,0.236,,gleich
2679,N,"Walvis Bay, Namibia",harmonics/att/harmonics_att_np208.txt,21120,-22.9500,14.5000,,,,0.00,0.051,,aehnlich
2679,N,"Walvisbaai, Namibia",harmonics/noaa/harmonics_noaa_eutt.txt,18135,-22.9500,14.5000,1,,,0.00,0.051,,aehnlich
2679,N,"Walvis Bay, Namibia",harmonics/ticon/harmonics_ticon4_worldwide.txt,206222,-22.9500,14.5000,,,,0.00,0.051,,aehnlich
2680,N,"Wando Island, South Korea",harmonics/classic/harmonics-1997-05-25_mod.txt,39975,34.3167,126.7500,,,,1.55,0.056,,verschieden
2680,N,"Wando, South Korea",harmonics/utide/harmonics_utide_tidetables.txt,294501,34.3167,126.7667,,,,1.55,0.056,,verschieden
2680,N,"Wando Seaworld Breakwater, South Korea",harmonics/utide/harmonics_utide_tidetables.txt,305814,34.3248,126.7530,,,,1.55,0.056,,verschieden
2681,G,"Wangerooge (Ost), Germany",harmonics/utide/harmonics_utide_observations.txt,85468,53.7671,7.9849,,,,7.76,0.037,1,gleich
2681,G,"Wangerooge (Hafen), Germany",harmonics/utide/harmonics_utide_observations.txt,85662,53.7762,7.8679,,,,7.76,0.037,1,gleich
2682,H,"Wanwangoukou, Shandong, China",harmonics/noaa/harmonics_noaa_cptt.txt,104601,38.1833,118.4500,1,,,0.00,0.116,,gleich
2682,H,"Wanwangoukou, Shandong, China",harmonics/utide/harmonics_utide_tidetables.txt,652225,38.1833,118.4500,,,,0.00,0.116,,gleich
2683,H,"Warrnambool, Victoria, Australia",harmonics/classic/harmonics-2004-06-14_mod.txt,312380,-38.4023,142.4764,,-38.4000,142.8167,0.00,0.154,,gleich
2683,H,"Warrnambool, Victoria, Australia",harmonics/noaa/harmonics_noaa_cptt.txt,253655,-38.4023,142.4764,1,,,0.00,0.154,,gleich
2684,N,"Washizaki (Sado), Niigata, Japan",harmonics/ticon/harmonics_ticon4_worldwide.txt,168280,38.3186,138.5172,,,,0.00,0.002,,gleich
2684,N,"Washizaki (Sado), Niigata, Japan",harmonics/utide/harmonics_utide_observations.txt,128359,38.3186,138.5172,,,,0.00,0.002,,gleich
2685,N,"Wasini Island, Kenya",harmonics/att/harmonics_att_np203.txt,22470,-4.6580,39.3660,,,,0.04,0.042,,gleich
2685,N,"Wasini Island, Kenya",harmonics/classic/harmonics-1997-05-25_mod.txt,40221,-4.6581,39.3663,,-4.6500,39.3500,0.04,0.042,,gleich
2685,N,"Wasini Island, Kenya",harmonics/noaa/harmonics_noaa_cptt.txt,283055,-4.6582,39.3661,1,,,0.04,0.042,,gleich
2686,H,"Watchet (Bristol Channel), England, United Kingdom",harmonics/noaa/harmonics_noaa_eutt.txt,64342,51.1837,-3.3283,1,,,0.00,0.114,,gleich
2686,H,"Watchet (Bristol Channel), England, United Kingdom",harmonics/utide/harmonics_utide_tidetables.txt,519416,51.1837,-3.3283,,,,0.00,0.114,,gleich
2687,N,"Water Treatment Dock, Mayport Naval Station, St. Johns River, Florida",harmonics/classic/harmonics-dwf-20251228-free.txt,101619,30.4000,-81.4133,,,,1.41,0.051,,verschieden
2687,N,"Bar Pilot Dock, St. Johns River, Florida",harmonics/classic/harmonics-dwf-20251228-free.txt,102218,30.3982,-81.4279,,,,1.41,0.051,,verschieden
2688,G,"Weihai, Shandong, China",harmonics/classic/harmonics-1997-05-25_mod.txt,40345,37.5000,122.1667,,,,3.48,0.077,1,gleich
2688,G,"Weihai, Shandong, China",harmonics/utide/harmonics_utide_tidetables.txt,661541,37.5167,122.1333,,,,3.48,0.077,1,gleich
2689,N,"Weizhou Dao, China",harmonics/noaa/harmonics_noaa_cptt.txt,127488,21.0333,109.1167,1,,,1.85,0.028,,gleich
2689,N,"Weizhoudao, Guangxi, China",harmonics/utide/harmonics_utide_tidetables.txt,639033,21.0167,109.1167,,,,1.85,0.028,,gleich
2690,N,"Wellington, Wellington, New Zealand",harmonics/ticon/harmonics_ticon4_worldwide.txt,206829,-41.2843,174.7798,,-41.2830,174.7830,0.00,0.022,,gleich
2690,N,"Wellington, Wellington, New Zealand",harmonics/utide/harmonics_utide_observations.txt,167166,-41.2843,174.7798,,-41.2830,174.7830,0.00,0.022,,gleich
2691,G,"Welshpool, Campobello Island, New Brunswick, Canada",harmonics/classic/harmonics-2004-06-14_mod.txt,313712,44.8889,-66.9576,,44.8833,-66.9500,0.00,0.000,,gleich
2691,G,"Welshpool, New Brunswick, Canada",harmonics/utide/harmonics_utide_tidetables.txt,157559,44.8889,-66.9576,,,,0.00,0.000,,gleich
2692,N,"Wenwei Zhou, Guangdong, China",harmonics/att/harmonics_att_np204_secondary.txt,38677,21.8167,113.9333,,,,0.00,0.049,,aehnlich
2692,N,"Wen Wei Rock, Guangdong, China",harmonics/noaa/harmonics_noaa_cptt.txt,123598,21.8167,113.9333,1,,,0.00,0.049,,aehnlich
2693,G,"West Bay (Bridport), England, United Kingdom",harmonics/classic/harmonics_literature.txt,16169,50.7089,-2.7641,,,,3.94,0.012,1,gleich
2693,G,"West Bay (Bridport), England, United Kingdom",harmonics/ticon/harmonics_ticon4_worldwide.txt,207228,50.7089,-2.7641,,,,3.94,0.012,1,gleich
2693,G,"West Bay (Bridport), England, United Kingdom",harmonics/utide/harmonics_utide_observations.txt,195884,50.7102,-2.8200,,,,3.94,0.012,1,gleich
2694,N,"West Brother, Hong Kong",harmonics/noaa/harmonics_noaa_cptt.txt,124192,22.3333,113.9667,1,,,2.65,0.037,,verschieden
2694,N,"Chek Lap Kok, Hong Kong, China",harmonics/utide/harmonics_utide_tidetables.txt,285004,22.3200,113.9453,,,,2.65,0.037,,verschieden
2695,H,"West Haven Inlet, Nelson, New Zealand",harmonics/noaa/harmonics_noaa_cptt.txt,228083,-40.5833,172.5333,1,,,0.00,0.119,,verschieden
2695,H,"Whanganui Inlet, New Zealand",harmonics/utide/harmonics_utide_tidetables.txt,526202,-40.5833,172.5333,,,,0.00,0.119,,verschieden
2696,N,"West Head, Nova Scotia, Canada",harmonics/classic/harmonics-2004-06-14_mod.txt,314094,43.4600,-65.6536,,43.4667,-65.6500,0.05,0.020,,gleich
2696,N,"West Head, Nova Scotia, Canada",harmonics/utide/harmonics_utide_tidetables.txt,225079,43.4596,-65.6534,,,,0.05,0.020,,gleich
2697,G,"West Newdy Quoddy, Nova Scotia, Canada",harmonics/classic/harmonics-2004-06-14_mod.txt,314473,44.9040,-62.3496,,44.9000,-62.3167,0.01,0.009,,gleich
2697,G,"West Newdy Quoddy, Nova Scotia, Canada",harmonics/utide/harmonics_utide_tidetables.txt,225273,44.9041,-62.3496,,,,0.01,0.009,,gleich
2698,N,"West-Terschelling, Netherlands",harmonics/classic/harmonics-dwf-20100529-nonfree_mod.txt,17205,53.3630,5.2201,,,,0.02,0.066,,gleich
2698,N,"West-Terschelling, Netherlands",harmonics/noaa/harmonics_noaa_eutt.txt,81727,53.3629,5.2201,1,,,0.02,0.066,,gleich
2698,N,"West-Terschelling, Netherlands",harmonics/utide/harmonics_utide_observations.txt,163258,53.3630,5.2200,,,,0.02,0.066,,gleich
2699,N,"Weston-super-Mare, England, United Kingdom",harmonics/noaa/harmonics_noaa_eutt.txt,64738,51.3511,-2.9900,1,,,0.00,0.097,,gleich
2699,N,"Weston-Super-Mare, England, United Kingdom",harmonics/utide/harmonics_utide_tidetables.txt,521541,51.3511,-2.9900,,,,0.00,0.097,,gleich
2700,G,"Westport, Nova Scotia, Canada",harmonics/classic/harmonics-2004-06-14_mod.txt,315419,44.2636,-66.3501,,44.2667,-66.3500,0.01,0.007,,gleich
2700,G,"Westport, Nova Scotia, Canada",harmonics/utide/harmonics_utide_tidetables.txt,225467,44.2636,-66.3501,,,,0.01,0.007,,gleich
2701,N,"Wetteren Brug, Belgium",harmonics/utide/harmonics_utide_observations.txt,35545,51.0071,3.8767,,,,0.38,0.012,,aehnlich
2701,N,"Wetteren, Belgium",harmonics/utide/harmonics_utide_observations.txt,35740,51.0084,3.8816,,,,0.38,0.012,,aehnlich
2702,N,"Wewak, Papua New Guinea",harmonics/ticon/harmonics_ticon4_worldwide.txt,207823,-3.5700,143.6330,,,,0.00,0.000,,gleich
2702,N,"Wewak, Papua New Guinea",harmonics/utide/harmonics_utide_observations.txt,181273,-3.5700,143.6330,,,,0.00,0.000,,gleich
2703,N,"Wexford, Ireland",harmonics/ticon/harmonics_ticon4_worldwide.txt,208021,52.3385,-6.4589,,,,0.00,0.016,,gleich
2703,N,"Wexford, Ireland",harmonics/utide/harmonics_utide_observations.txt,222287,52.3385,-6.4589,,,,0.00,0.016,,gleich
2704,N,"Weymouth, England, United Kingdom",harmonics/ticon/harmonics_ticon4_worldwide.txt,208224,50.6085,-2.4479,,,,0.00,0.009,,gleich
2704,N,"Weymouth, England, United Kingdom",harmonics/utide/harmonics_utide_observations.txt,195688,50.6085,-2.4479,,,,0.00,0.009,,gleich
2705,N,"Whakapirau, New Zealand",harmonics/utide/harmonics_utide_tidetables.txt,548816,-36.1558,174.2324,,,,0.24,0.013,,verschieden
2705,N,"Pahi, New Zealand",harmonics/utide/harmonics_utide_tidetables.txt,583108,-36.1567,174.2300,,,,0.24,0.013,,verschieden
2706,N,"Whangarei Heads, Northland, New Zealand",harmonics/noaa/harmonics_noaa_cptt.txt,233356,-35.8167,174.5000,1,,,2.18,0.058,,verschieden
2706,N,"Marsden Point, Northland, New Zealand",harmonics/ticon/harmonics_ticon4_worldwide.txt,116110,-35.8346,174.4902,,-35.8330,174.5000,2.18,0.058,,verschieden
2706,N,"Marsden Point, Northland, New Zealand",harmonics/utide/harmonics_utide_observations.txt,165777,-35.8346,174.4902,,-35.8330,174.5000,2.18,0.058,,verschieden
2707,N,"Whangarei, New Zealand (2)",harmonics/classic/harmonics-2004-06-14_mod.txt,315809,-35.7574,174.3500,,-35.7667,174.3500,1.72,0.068,,gleich
2707,N,"Port Whangarei, railway wharf, Northland, New Zealand",harmonics/noaa/harmonics_noaa_cptt.txt,233552,-35.7500,174.3333,1,,,1.72,0.068,,gleich
2707,N,"Whangarei, New Zealand",harmonics/utide/harmonics_utide_tidetables.txt,591781,-35.7574,174.3500,,,,1.72,0.068,,gleich
2708,K,"Whangaroa, Northland, New Zealand",harmonics/noaa/harmonics_noaa_cptt.txt,232964,-35.0333,173.7833,1,,,3.32,0.052,1,verschieden
2708,K,"Kingfish Point, New Zealand",harmonics/utide/harmonics_utide_tidetables.txt,546452,-35.0125,173.7572,,,,3.32,0.052,1,verschieden
2709,N,"Whangateau Harbour, New Zealand",harmonics/utide/harmonics_utide_tidetables.txt,526005,-36.3257,174.7742,,,,1.91,0.000,,verschieden
2709,N,"Omaha Bridge, New Zealand",harmonics/utide/harmonics_utide_tidetables.txt,585279,-36.3409,174.7643,,,,1.91,0.000,,verschieden
2710,N,"Whitby, England, United Kingdom",harmonics/classic/harmonics_literature.txt,17535,54.4900,-0.6144,,,,0.02,0.004,,gleich
2710,N,"Whitby, England, United Kingdom",harmonics/utide/harmonics_utide_observations.txt,196080,54.4901,-0.6142,,,,0.02,0.004,,gleich
2711,N,"Whitehaven, England, United Kingdom",harmonics/noaa/harmonics_noaa_eutt.txt,68308,54.5528,-3.5986,1,,,0.00,0.093,,gleich
2711,N,"Whitehaven, England, United Kingdom",harmonics/utide/harmonics_utide_tidetables.txt,522319,54.5528,-3.5986,,,,0.00,0.093,,gleich
2712,N,"Whiteness Head (Moray Firth), Scotland, United Kingdom",harmonics/ticon/harmonics_ticon4_worldwide.txt,123736,57.5992,-4.0088,,,,0.00,0.073,,gleich
2712,N,"Whiteness Head (Moray Firth), Scotland, United Kingdom",harmonics/utide/harmonics_utide_tidetables.txt,522707,57.5992,-4.0088,,,,0.00,0.073,,gleich
2713,N,"Wick, Scotland, United Kingdom",harmonics/ticon/harmonics_ticon4_worldwide.txt,208623,58.4410,-3.0864,,,,0.00,0.009,,gleich
2713,N,"Wick, Scotland, United Kingdom",harmonics/utide/harmonics_utide_observations.txt,197063,58.4410,-3.0863,,,,0.00,0.009,,gleich
2714,G,"Willis Island, Coral Sea, Australia",harmonics/classic/harmonics-2004-06-14_mod.txt,316196,-16.2167,150.0167,,,,11.68,0.027,1,gleich
2714,G,"Willis Island, Queensland, Australia",harmonics/utide/harmonics_utide_tidetables.txt,67750,-16.3138,149.9750,,,,11.68,0.027,1,gleich
2715,G,"Wilson's Beach, Campobello Island, New Brunswick, Canada",harmonics/classic/harmonics-2004-06-14_mod.txt,316385,44.9318,-66.9407,,44.9333,-66.9333,0.00,0.000,,gleich
2715,G,"Wilsons Beach, New Brunswick, Canada",harmonics/utide/harmonics_utide_tidetables.txt,157752,44.9318,-66.9407,,,,0.00,0.000,,gleich
2716,N,"Winter Harbour, British Columbia, Canada",harmonics/ticon/harmonics_ticon4_worldwide.txt,208825,50.5130,-128.0290,,50.5100,-128.0300,0.00,0.002,,gleich
2716,N,"Winter Harbour, British Columbia, Canada",harmonics/utide/harmonics_utide_observations.txt,44940,50.5130,-128.0290,,,,0.00,0.002,,gleich
2716,N,"Winter Harbour, British Columbia, Canada",harmonics/utide/harmonics_utide_tidetables.txt,130895,50.5130,-128.0290,,,,0.00,0.002,,gleich
2717,HN,"Winter Harbour, Melville Island, Northwest Territories, Canada",harmonics/classic/harmonics-2004-06-14_mod.txt,316965,74.7746,-110.6509,,74.7833,-110.8000,0.00,0.178,,gleich
2717,HN,"Winter Harbour, Melville Island, Northwest Territories, Canada",harmonics/noaa/harmonics_noaa_amtt.txt,44726,74.7746,-110.6509,1,,,0.00,0.178,,gleich
2717,HN,"Winter Harbour, Melville Island, Northwest Territories, Canada",harmonics/utide/harmonics_utide_tidetables.txt,226241,74.7746,-110.6509,,,,0.00,0.178,,gleich
2718,N,"Woleai Island, Micronesia",harmonics/att/harmonics_att_np204_secondary.txt,19020,7.3667,143.9000,,,,0.00,0.100,,verschieden
2718,N,"Woleai Islands, Micronesia",harmonics/noaa/harmonics_noaa_cptt.txt,219319,7.3667,143.9000,1,,,0.00,0.100,,verschieden
2719,N,"Wollae Do, North Korea",harmonics/att/harmonics_att_np204_secondary.txt,32481,38.0500,124.8167,,,,0.00,0.069,,gleich
2719,N,"Wollae-do, North Korea",harmonics/noaa/harmonics_noaa_cptt.txt,92664,38.0500,124.8167,1,,,0.00,0.069,,gleich
2720,N,"Wonsando (Taech'on), South Korea",harmonics/classic/harmonics-1997-05-25_mod.txt,36763,36.3833,126.4333,,,,1.86,0.027,,verschieden
2720,N,"So-do, Ch'onsu-man, South Korea",harmonics/noaa/harmonics_noaa_cptt.txt,89714,36.4000,126.4333,1,,,1.86,0.027,,verschieden
2721,N,"Woods Harbour, Nova Scotia, Canada",harmonics/classic/harmonics-2004-06-14_mod.txt,317730,43.5293,-65.7399,,43.5333,-65.7333,0.01,0.019,,gleich
2721,N,"Woods Harbour, Nova Scotia, Canada",harmonics/utide/harmonics_utide_tidetables.txt,225855,43.5294,-65.7399,,,,0.01,0.019,,gleich
2722,N,"Woods Hole Oceanographic Institute, Massachusetts",harmonics/classic/harmonics-2004-06-14_mod.txt,317919,41.5250,-70.6733,,,,0.24,0.015,,verschieden
2722,N,"Woods Hole, Buzzards Bay, Massachusetts",harmonics/classic/harmonics-dwf-20251228-free.txt,34378,41.5236,-70.6711,,,,0.24,0.015,,verschieden
2723,N,"Workington (Cumbria), England, United Kingdom",harmonics/noaa/harmonics_noaa_eutt.txt,68506,54.6507,-3.5673,1,,,0.00,0.071,,gleich
2723,N,"Workington (Cumbria), England, United Kingdom",harmonics/ticon/harmonics_ticon4_worldwide.txt,209428,54.6507,-3.5673,,54.6500,-3.5667,0.00,0.071,,gleich
2724,N,"Wotje Atoll, Marshall Islands",harmonics/att/harmonics_att_np204_secondary.txt,15388,9.4667,170.2333,,,,0.00,0.055,,gleich
2724,N,"Wotje Atoll, Marshall Islands",harmonics/noaa/harmonics_noaa_pacif.txt,20327,9.4667,170.2333,,,,0.00,0.055,,gleich
2725,N,"Wyk auf Föhr, Germany",harmonics/att/harmonics_att_np202_secondary.txt,76086,54.6925,8.5781,,,,0.00,0.060,,gleich
2725,N,"Wyk auf Föhr, Germany",harmonics/noaa/harmonics_noaa_eutt.txt,85641,54.6925,8.5781,1,,,0.00,0.060,,gleich
2726,N,"Xiamen, Fujian, China",harmonics/ticon/harmonics_ticon4_worldwide.txt,209634,24.4500,118.0670,,,,0.00,0.030,,gleich
2726,N,"Xiamen, Fujian, China",harmonics/utide/harmonics_utide_tidetables.txt,398031,24.4500,118.0670,,24.4500,118.0667,0.00,0.030,,gleich
2727,G,"Xiaochangshan Dao, Liaoning, China",harmonics/noaa/harmonics_noaa_cptt.txt,97978,39.2333,122.6667,1,,,0.00,0.027,,gleich
2727,G,"Xiaochangshandao, Liaoning, China",harmonics/utide/harmonics_utide_tidetables.txt,650091,39.2333,122.6667,,,,0.00,0.027,,gleich
2728,H,"Xinyang Gang, Jiangsu, China",harmonics/noaa/harmonics_noaa_cptt.txt,112215,33.6167,120.4667,1,,,0.00,0.430,1,gleich
2728,H,"Xinyanggang, Jiangsu, China",harmonics/utide/harmonics_utide_tidetables.txt,649121,33.6167,120.4667,,,,0.00,0.430,1,gleich
2729,N,"Yagajishima, Okinawa, Japan",harmonics/classic/harmonics-2004-06-14_mod.txt,302743,26.6716,128.0237,,26.6667,128.0170,0.88,0.070,,verschieden
2729,N,"Unten Ko, Okinawa, Japan",harmonics/noaa/harmonics_noaa_cptt.txt,80166,26.6667,128.0167,1,,,0.88,0.070,,verschieden
2730,N,"Yahata, Fukuoka, Japan",harmonics/classic/harmonics-1997-05-25_mod.txt,40839,33.8750,130.8041,,33.9167,130.8167,0.00,0.022,,gleich
2730,N,"Yahata, Fukuoka, Japan",harmonics/classic/harmonics-2004-06-14_mod.txt,318875,33.8750,130.8041,,33.8667,130.8000,0.00,0.022,,gleich
2731,N,"Yaizu, Shizuoka, Japan",harmonics/ticon/harmonics_ticon4_worldwide.txt,209836,34.8706,138.3275,,,,0.01,0.005,,gleich
2731,N,"Yaizu, Shizuoka, Japan",harmonics/utide/harmonics_utide_observations.txt,140672,34.8706,138.3275,,,,0.01,0.005,,gleich
2732,N,"Yamada, Iwate, Japan",harmonics/classic/harmonics-2004-06-14_mod.txt,319068,39.4662,141.9543,,39.4667,141.9670,1.07,0.037,,gleich
2732,N,"Yamada Ko, Iwate, Japan",harmonics/noaa/harmonics_noaa_cptt.txt,49827,39.4667,141.9667,1,,,1.07,0.037,,gleich
2733,N,"Yamakawa, Kagoshima, Japan",harmonics/classic/harmonics-2004-06-14_mod.txt,319261,31.2055,130.6347,,31.2000,130.6330,0.63,0.041,,aehnlich
2733,N,"Yamagawa Ko, Kagoshima Kaiwan, Kagoshima, Japan",harmonics/noaa/harmonics_noaa_cptt.txt,70580,31.2000,130.6333,1,,,0.63,0.041,,aehnlich
2734,N,"Yamba, New South Wales, Australia",harmonics/classic/harmonics-2004-06-14_mod.txt,319456,-29.4297,153.3619,,-29.4167,153.3500,1.73,0.064,,verschieden
2734,N,"Iluka, New South Wales, Australia",harmonics/noaa/harmonics_noaa_cptt.txt,249737,-29.4169,153.3518,1,,,1.73,0.064,,verschieden
2734,N,"Iluka, New South Wales, Australia",harmonics/ticon/harmonics_ticon4_worldwide.txt,210034,-29.4169,153.3518,,,,1.73,0.064,,verschieden
2735,N,"Yanagi-No-Seto (Maejima), Kumamoto, Japan",harmonics/classic/harmonics-2004-06-14_mod.txt,319649,32.5280,130.4260,,32.5333,130.4170,2.60,0.093,,gleich
2735,N,"Yanagino Seto, Yatsushiro Kai, Kumamoto, Japan",harmonics/noaa/harmonics_noaa_cptt.txt,71363,32.5500,130.4167,1,,,2.60,0.093,,gleich
2736,H,"Yangtouwa [Yang-tou Wan], Liaoning, China",harmonics/noaa/harmonics_noaa_cptt.txt,99350,38.7833,121.1333,1,,,1.86,0.160,,verschieden
2736,H,"Lushunxingang, Liaoning, China",harmonics/utide/harmonics_utide_tidetables.txt,650479,38.8000,121.1333,,,,1.86,0.160,,verschieden
2737,N,"Yarmouth, Nova Scotia, Canada",harmonics/ticon/harmonics_ticon4_worldwide.txt,210233,43.8323,-66.1249,,43.8300,-66.1200,0.01,0.003,,gleich
2737,N,"Yarmouth, New Brunswick, Canada",harmonics/utide/harmonics_utide_observations.txt,45328,43.8323,-66.1250,,,,0.01,0.003,,gleich
2738,N,"Yasoru To, Micronesia",harmonics/att/harmonics_att_np204_secondary.txt,19404,10.0333,139.7667,,,,0.00,0.067,,verschieden
2738,N,"Ulithi Islands, Micronesia",harmonics/noaa/harmonics_noaa_cptt.txt,219127,10.0333,139.7667,1,,,0.00,0.067,,verschieden
2739,N,"Yatushiro, Kumamoto, Japan",harmonics/ticon/harmonics_ticon4_worldwide.txt,210431,32.5119,130.5667,,,,0.01,0.003,,gleich
2739,N,"Yatushiro, Kumamoto, Japan",harmonics/utide/harmonics_utide_observations.txt,140866,32.5119,130.5667,,,,0.01,0.003,,gleich
2740,N,"Yavaros (Isla Las Viejas), Sonora, Mexico",harmonics/classic/harmonics-2004-06-14_mod.txt,320036,26.7061,-109.5135,,26.7000,-109.5000,0.00,0.093,,gleich
2740,N,"Yavaros (Isla Las Viejas), Sonora, Mexico",harmonics/utide/harmonics_utide_observations.txt,144791,26.7061,-109.5135,,26.7030,-109.5130,0.00,0.093,,gleich
2741,N,"Yawatahama, Ehime, Japan",harmonics/classic/harmonics-2004-06-14_mod.txt,320229,33.4577,132.4136,,33.4500,132.4000,1.52,0.088,,gleich
2741,N,"Yawatahama Ko, Ehime, Japan",harmonics/noaa/harmonics_noaa_cptt.txt,66043,33.4500,132.4000,1,,,1.52,0.088,,gleich
2742,N,"Yekaterininskaya, Russia",harmonics/classic/harmonics-1997-05-25_mod.txt,40961,69.2000,33.4667,,,,0.00,0.011,,gleich
2742,N,"Yekaterininskaya (Kolskiy Zaliv), Russia",harmonics/utide/harmonics_utide_tidetables.txt,672209,69.2000,33.4667,,,,0.00,0.011,,gleich
2743,HN,"Yeong-do, Busan, South Korea",harmonics/classic/harmonics-1997-05-25_mod.txt,29784,35.0963,129.0348,,35.0954,129.0365,2.00,0.104,,aehnlich
2743,HN,"Yong-do, Busan, South Korea",harmonics/noaa/harmonics_noaa_cptt.txt,81936,35.0833,129.0500,1,,,2.00,0.104,,aehnlich
2743,HN,"Yeong-do, Busan, South Korea",harmonics/utide/harmonics_utide_tidetables.txt,292349,35.0963,129.0348,,35.1033,129.0397,2.00,0.104,,aehnlich
2744,N,"Yeosu, South Korea",harmonics/classic/harmonics-1997-05-25_mod.txt,41334,34.7333,127.7667,,,,2.00,0.061,,verschieden
2744,N,"Yeosu, South Korea",harmonics/utide/harmonics_utide_tidetables.txt,294109,34.7500,127.7667,,,,2.00,0.061,,verschieden
2744,N,"Yeosu New Harbor Breakwater, South Korea",harmonics/utide/harmonics_utide_tidetables.txt,306206,34.7507,127.7612,,,,2.00,0.061,,verschieden
2745,H,"Yinggehai, China",harmonics/noaa/harmonics_noaa_cptt.txt,127106,18.5000,108.7167,1,,,0.00,0.143,,gleich
2745,H,"Yinggehai, Hainan, China",harmonics/utide/harmonics_utide_tidetables.txt,646211,18.5000,108.7167,,,,0.00,0.143,,gleich
2746,G,"Yokeko Point, Washington",harmonics/classic/harmonics-2004-06-14_mod.txt,320999,48.4167,-122.6167,,,,0.40,0.018,,gleich
2746,G,"Yokeko Point, Deception Pass, Washington",harmonics/classic/harmonics-dwf-20251228-free.txt,274451,48.4133,-122.6150,,,,0.40,0.018,,gleich
2747,N,"Yokkaichi Minato, Mie, Japan",harmonics/classic/harmonics-2004-06-14_mod.txt,321193,34.9500,136.6330,,,,0.00,0.012,,gleich
2747,N,"Yokkaichi Minato, Mie, Japan",harmonics/utide/harmonics_utide_observations.txt,141060,34.9500,136.6330,,,,0.00,0.012,,gleich
2748,GN,"Yokohama (Negishi), Kanagawa, Japan",harmonics/classic/harmonics-1997-05-25_mod.txt,41209,35.4000,139.6330,,35.4000,139.6333,7.46,0.025,1,gleich
2748,GN,"Yokohama (Negishi), Kanagawa, Japan",harmonics/classic/harmonics-2004-06-14_mod.txt,185191,35.4000,139.6330,,,,7.46,0.025,1,gleich
2748,GN,"Yokohama (Shinyamashita), Kanagawa, Japan",harmonics/ticon/harmonics_ticon4_worldwide.txt,75797,35.4340,139.6666,,35.4333,139.6667,7.46,0.025,1,gleich
2748,GN,"Yokohama (Shinko), Kanagawa, Japan",harmonics/ticon/harmonics_ticon4_worldwide.txt,85817,35.4542,139.6442,,35.4669,139.6380,7.46,0.025,1,gleich
2748,GN,"Yokohama (Honmoku), Kanagawa, Japan",harmonics/utide/harmonics_utide_observations.txt,105116,35.4233,139.6753,,,,7.46,0.025,1,gleich
2748,GN,"Yokohama (Keihin), Kanagawa, Japan",harmonics/utide/harmonics_utide_observations.txt,110574,35.4670,139.6381,,,,7.46,0.025,1,gleich
2748,GN,"Yokohama (Shinko), Kanagawa, Japan",harmonics/utide/harmonics_utide_observations.txt,141254,35.4542,139.6442,,,,7.46,0.025,1,gleich
2749,N,"Yokosuka Ko, Kanagawa, Japan",harmonics/noaa/harmonics_noaa_cptt.txt,51785,35.2833,139.6667,1,,,1.49,0.020,,gleich
2749,N,"Yokosuka, Kanagawa, Japan",harmonics/ticon/harmonics_ticon4_worldwide.txt,210631,35.2880,139.6514,,,,1.49,0.020,,gleich
2749,N,"Yokosuka, Kanagawa, Japan",harmonics/utide/harmonics_utide_observations.txt,141450,35.2880,139.6514,,,,1.49,0.020,,gleich
2750,N,"Yorke Island, British Columbia, Canada",harmonics/classic/harmonics-2004-06-14_mod.txt,321576,50.4440,-125.9780,,50.4500,-125.9833,0.00,0.000,,gleich
2750,N,"Yorke Island, British Columbia, Canada",harmonics/utide/harmonics_utide_tidetables.txt,120041,50.4440,-125.9780,,,,0.00,0.000,,gleich
2751,N,"Yoshima, Kagawa, Japan",harmonics/ticon/harmonics_ticon4_worldwide.txt,211027,34.3845,133.8230,,,,0.01,0.002,,gleich
2751,N,"Yoshima, Kagawa, Japan",harmonics/utide/harmonics_utide_observations.txt,141838,34.3845,133.8230,,,,0.01,0.002,,gleich
2752,H,"Yoshimi, Yamaguchi, Japan",harmonics/classic/harmonics-2004-06-14_mod.txt,321769,34.0844,130.8740,,34.0833,130.8670,0.68,0.136,,aehnlich
2752,H,"Yoshimo, Yamaguchi, Japan",harmonics/noaa/harmonics_noaa_cptt.txt,68395,34.0833,130.8667,1,,,0.68,0.136,,aehnlich
2753,N,"Yotuiwa (Paramushir), Kuril Islands, Russia",harmonics/classic/harmonics-2004-06-14_mod.txt,322348,50.2833,155.9170,,,,0.02,0.058,,aehnlich
2753,N,"Yotsuiwa, Russia",harmonics/noaa/harmonics_noaa_cptt.txt,39707,50.2833,155.9167,1,,,0.02,0.058,,aehnlich
2754,H,"Yuyamukatsukushimo (Yuya), Yamaguchi, Japan",harmonics/classic/harmonics-2004-06-14_mod.txt,323699,34.4058,130.9556,,34.4000,130.9500,0.82,0.157,,verschieden
2754,H,"Yuya Wan (Aburatani Wan), Yamaguchi, Japan",harmonics/noaa/harmonics_noaa_cptt.txt,68787,34.4000,130.9500,1,,,0.82,0.157,,verschieden
2755,N,"Yuzhno-Kurilsk (Kunashin), Kuril Islands, Russia",harmonics/classic/harmonics-2004-06-14_mod.txt,114193,44.0199,145.8502,,44.0333,145.8500,1.49,0.081,,gleich
2755,N,"Yuzhno Kurilsk, Russia",harmonics/noaa/harmonics_noaa_cptt.txt,44331,44.0333,145.8500,1,,,1.49,0.081,,gleich
2756,N,"Za Det Nge Kyun (Hastings Harbour), Myanmar",harmonics/att/harmonics_att_np203_scs.txt,24706,10.1167,98.2833,,,,0.00,0.039,,gleich
2756,N,"Za Det Nge Kyun (Hastings Harbour), Myanmar",harmonics/noaa/harmonics_noaa_cptt.txt,262299,10.1167,98.2833,1,,,0.00,0.039,,gleich
2757,L,"Zadar, Croatia",harmonics/att/harmonics_att_np208.txt,22457,44.1179,15.2286,,44.1170,15.2330,0.00,0.128,,gleich
2757,L,"Zadar, Croatia",harmonics/classic/harmonics-1997-05-25_mod.txt,41578,44.1179,15.2286,,44.0833,15.2667,0.00,0.128,,gleich
2758,N,"Zafarana, Egypt",harmonics/att/harmonics_att_np203_secondary.txt,50416,29.1115,32.6657,,,,0.00,0.074,,gleich
2758,N,"Zafarana, Egypt",harmonics/classic/harmonics-1997-05-25_mod.txt,41456,29.1115,32.6657,,29.0000,32.6667,0.00,0.074,,gleich
2758,N,"Zafarana, Egypt",harmonics/noaa/harmonics_noaa_cptt.txt,279348,29.1115,32.6657,1,,,0.00,0.074,,gleich
2759,H,"Zaliv Ayan, Russia",harmonics/att/harmonics_att_np204_secondary.txt,24586,56.4500,138.1500,,,,0.00,0.142,,verschieden
2759,H,"Ayan Bay, Russia",harmonics/noaa/harmonics_noaa_cptt.txt,27017,56.4500,138.1500,1,,,0.00,0.142,,verschieden
2760,N,"Zaliv Baykal (Sakhalin), Russia",harmonics/classic/harmonics-1997-05-25_mod.txt,41700,53.5333,142.2333,,,,0.00,0.076,,verschieden
2760,N,"Baikal Bay, Russia",harmonics/noaa/harmonics_noaa_cptt.txt,28186,53.5333,142.2333,1,,,0.00,0.076,,verschieden
2761,G,"Zaliv Chikhacheva, Russia",harmonics/classic/harmonics-1997-05-25_mod.txt,41822,51.4333,140.8667,,,,2.97,0.087,,gleich
2761,G,"Zaliv Chikhacheva, Russia",harmonics/noaa/harmonics_noaa_cptt.txt,37757,51.4500,140.8333,1,,,2.97,0.087,,gleich
2762,H,"Zaliv Kozyrevskogo (Shumshu), Kuril Islands, Russia",harmonics/classic/harmonics-2004-06-14_mod.txt,323892,50.7196,156.1921,,50.7167,156.2000,0.64,0.109,,verschieden
2762,H,"Kozyrevskoye, Russia",harmonics/noaa/harmonics_noaa_cptt.txt,39130,50.7167,156.2000,1,,,0.64,0.109,,verschieden
2763,N,"Zaliv Mil'na, Kuril Islands, Russia",harmonics/classic/harmonics-2004-06-14_mod.txt,324085,46.8667,151.8830,,,,1.24,0.067,,verschieden
2763,N,"Shimushiru Wan, Shimushiru To, Russia",harmonics/noaa/harmonics_noaa_cptt.txt,41822,46.8667,151.8667,1,,,1.24,0.067,,verschieden
2764,N,"Zaliv Pukhovyy, Russia",harmonics/att/harmonics_att_np202_secondary.txt,28744,72.6500,52.7000,,,,0.00,0.080,,aehnlich
2764,N,"Pukhovy Bay, Russia",harmonics/noaa/harmonics_noaa_eutt.txt,116832,72.6500,52.7000,1,,,0.00,0.080,,aehnlich
2765,N,"Zaliv Tukharka (Paramushir), Kuril Islands, Russia",harmonics/classic/harmonics-2004-06-14_mod.txt,324278,50.1833,155.6500,,,,0.00,0.001,,verschieden
2765,N,"Ostrov Paramushir, Kuril Islands, Russia",harmonics/utide/harmonics_utide_tidetables.txt,675517,50.1833,155.6500,,,,0.00,0.001,,verschieden
2766,H,"Zaliv Udacha, Russia",harmonics/att/harmonics_att_np204_secondary.txt,24778,59.2167,155.1500,,,,0.95,0.166,,aehnlich
2766,H,"Udacha Bay, Russia",harmonics/noaa/harmonics_noaa_cptt.txt,26433,59.2167,155.1667,1,,,0.95,0.166,,aehnlich
2767,N,"Zamami, Okinawa, Japan",harmonics/classic/harmonics-2004-06-14_mod.txt,324471,26.2263,127.3016,,26.2167,127.3000,1.08,0.068,,aehnlich
2767,N,"Zamami Jima, Kerama Kaikyo, Okinawa, Japan",harmonics/noaa/harmonics_noaa_cptt.txt,80363,26.2167,127.3000,1,,,1.08,0.068,,aehnlich
2768,H,"Zamboanga, Philippines",harmonics/att/harmonics_att_np203_scs.txt,84150,6.9000,122.0667,,,,0.00,0.161,,gleich
2768,H,"Zamboanga, Zamboanga del Sur, Philippines",harmonics/noaa/harmonics_noaa_cptt.txt,172599,6.9000,122.0667,1,,,0.00,0.161,,gleich
2769,N,"Zandkreeksluis (Kats Buiten), Netherlands",harmonics/ticon/harmonics_ticon4_worldwide.txt,89617,51.5439,3.8654,,,,0.00,0.070,,verschieden
2769,N,"Kats, Zandkreeksluis, Netherlands",harmonics/utide/harmonics_utide_observations.txt,154737,51.5439,3.8654,,,,0.00,0.070,,verschieden
2770,N,"Zanzibar City, Tanzania",harmonics/ticon/harmonics_ticon4_worldwide.txt,211824,-6.1572,39.1916,,-6.1550,39.1900,0.00,0.002,,gleich
2770,N,"Zanzibar City, Tanzania",harmonics/utide/harmonics_utide_observations.txt,191955,-6.1572,39.1916,,-6.1550,39.1900,0.00,0.002,,gleich
2771,N,"Zariv Natalii (Urup), Kuril Islands, Russia",harmonics/classic/harmonics-2004-06-14_mod.txt,324664,46.1000,150.1670,,,,0.02,0.067,,verschieden
2771,N,"Tsurigane Wan, Russia",harmonics/noaa/harmonics_noaa_cptt.txt,42787,46.1000,150.1667,1,,,0.02,0.067,,verschieden
2772,N,"Zeebrugge (Havendam), Belgium",harmonics/ticon/harmonics_ticon4_worldwide.txt,212032,51.3464,3.2004,,51.3460,3.2000,1.47,0.011,,gleich
2772,N,"Zeebrugge (Havendam), Belgium",harmonics/utide/harmonics_utide_observations.txt,31060,51.3464,3.2004,,,,1.47,0.011,,gleich
2772,N,"Zeebrugge (Vandammesluis Afwaarts), Belgium",harmonics/utide/harmonics_utide_observations.txt,31255,51.3366,3.2145,,,,1.47,0.011,,gleich
2773,N,"Zeila (Saylac), Somalia",harmonics/att/harmonics_att_np203_secondary.txt,46537,11.3587,43.4682,,,,0.00,0.025,,gleich
2773,N,"Zeila (Saylac), Somalia",harmonics/noaa/harmonics_noaa_cptt.txt,280916,11.3587,43.4682,1,,,0.00,0.025,,gleich
2774,N,"Zennegat Afwaarts DVW, Belgium",harmonics/utide/harmonics_utide_observations.txt,28122,51.0640,4.4303,,,,1.34,0.022,,verschieden
2774,N,"Rumst, Belgium",harmonics/utide/harmonics_utide_observations.txt,30267,51.0734,4.4244,,,,1.34,0.022,,verschieden
2774,N,"Walem, Belgium",harmonics/utide/harmonics_utide_observations.txt,32035,51.0737,4.4188,,,,1.34,0.022,,verschieden
2775,L,"Zhanjiang, Guangdong, China",harmonics/classic/harmonics-1997-05-25_mod.txt,41946,21.1667,110.4077,,21.1667,110.4167,0.00,0.121,,gleich
2775,L,"Zhanjiang, Guangdong, China",harmonics/utide/harmonics_utide_tidetables.txt,660571,21.1667,110.4077,,21.1667,110.4000,0.00,0.121,,gleich
2776,N,"Zhapo (Heiling), Guangdong, China",harmonics/ticon/harmonics_ticon4_worldwide.txt,212239,21.5800,111.8200,,21.5830,111.8330,0.00,0.016,,gleich
2776,N,"Zhapo, Guangdong, China",harmonics/utide/harmonics_utide_observations.txt,213635,21.5800,111.8200,,,,0.00,0.016,,gleich
2777,H,"Zhapu, Zhejiang, China",harmonics/noaa/harmonics_noaa_cptt.txt,115735,30.6000,121.0833,1,,,1.86,0.115,,gleich
2777,H,"Zhapu, Zhejiang, China",harmonics/utide/harmonics_utide_tidetables.txt,655717,30.6167,121.0833,,,,1.86,0.115,,gleich
2778,G,"Zhuhai (Xiangzhou), Guangdong, China",harmonics/utide/harmonics_utide_tidetables.txt,661931,22.2833,113.5833,,,,3.70,0.039,1,gleich
2778,G,"Zhuhai (Jiuzhougang), Guangdong, China",harmonics/utide/harmonics_utide_tidetables.txt,662125,22.2500,113.5833,,,,3.70,0.039,1,gleich
2779,N,"Zuluf Oilfield, Saudi Arabia",harmonics/att/harmonics_att_np203_secondary.txt,78141,28.3892,49.2583,,28.3830,49.1670,0.00,0.064,,gleich
2779,N,"Zuluf Oilfield, Saudi Arabia",harmonics/utide/harmonics_utide_tidetables.txt,688815,28.3892,49.2583,,,,0.00,0.064,,gleich
2780,N,"al-Warba, Kuwait",harmonics/att/harmonics_att_np203.txt,34549,30.0044,48.1502,,,,0.00,0.065,,gleich
2780,N,"al-Warba, Kuwait",harmonics/noaa/harmonics_noaa_cptt.txt,275818,30.0044,48.1502,1,,,0.00,0.065,,gleich
2781,N,"Ålesund, Norway",harmonics/ticon/harmonics_ticon4_worldwide.txt,15008,62.4694,6.1519,,,,0.00,0.003,,gleich
2781,N,"Ålesund, Norway",harmonics/utide/harmonics_utide_observations.txt,169338,62.4694,6.1519,,,,0.00,0.003,,gleich
2782,N,"Étretat, France",harmonics/classic/harmonics-pierre-lavergne-v10_mod.txt,4378,49.7090,0.2025,,,,0.00,0.001,,gleich
2782,N,"Étretat, France",harmonics/utide/harmonics_utide_tidetables.txt,376955,49.7090,0.2025,,49.7133,0.1983,0.00,0.001,,gleich
2783,N,"Île d'Hoedic, France",harmonics/classic/harmonics-pierre-lavergne-v10_mod.txt,17083,47.3443,-2.8746,,,,0.00,0.001,,gleich
2783,N,"Île d'Hoedic, France",harmonics/utide/harmonics_utide_tidetables.txt,342593,47.3443,-2.8746,,47.3445,-2.8742,0.00,0.001,,gleich
2784,N,"Île d'Houat, France",harmonics/classic/harmonics-pierre-lavergne-v10_mod.txt,17270,47.3928,-2.9557,,,,0.00,0.003,,gleich
2784,N,"Île d'Houat, France",harmonics/utide/harmonics_utide_tidetables.txt,342398,47.3928,-2.9557,,47.4040,-2.9497,0.00,0.003,,gleich
2785,N,"Île de Bréhat, France",harmonics/classic/harmonics-pierre-lavergne-v10_mod.txt,9607,48.8401,-3.0039,,,,0.00,0.043,,gleich
2785,N,"Île de Bréhat, France",harmonics/utide/harmonics_utide_tidetables.txt,379296,48.8401,-3.0039,,48.8352,-3.0033,0.00,0.043,,gleich
2786,N,"Île de Sein, France",harmonics/classic/harmonics-pierre-lavergne-v10_mod.txt,13346,48.0393,-4.8484,,,,0.00,0.008,,gleich
2786,N,"Île de Sein, France",harmonics/utide/harmonics_utide_tidetables.txt,379491,48.0393,-4.8484,,48.0402,-4.8475,0.00,0.008,,gleich
2787,N,"Île des Hébihens, France",harmonics/classic/harmonics-pierre-lavergne-v10_mod.txt,8485,48.6167,-2.2100,,48.6232,-2.1896,0.00,0.003,,gleich
2787,N,"Île des Hébihens, France",harmonics/utide/harmonics_utide_tidetables.txt,379686,48.6167,-2.2100,,,,0.00,0.003,,gleich
2788,N,"Île-Molène, France",harmonics/classic/harmonics-pierre-lavergne-v10_mod.txt,12039,48.4023,-4.9563,,,,0.00,0.038,,gleich
2788,N,"Île-Molène, France",harmonics/noaa/harmonics_noaa_eutt.txt,51823,48.4023,-4.9563,1,,,0.00,0.038,,gleich
2788,N,"Île-Molène, France",harmonics/utide/harmonics_utide_tidetables.txt,378511,48.4023,-4.9563,,48.4035,-4.9547,0.00,0.038,,gleich
2789,G,"Île-d'Aix, France",harmonics/noaa/harmonics_noaa_eutt.txt,48891,46.0072,-1.1743,1,,,0.02,0.044,,gleich
2789,G,"Île-d'Aix, France",harmonics/ticon/harmonics_ticon4_worldwide.txt,78199,46.0074,-1.1743,,,,0.02,0.044,,gleich
2789,G,"Île-d'Aix, France",harmonics/utide/harmonics_utide_tidetables.txt,379101,46.0074,-1.1743,,46.0083,-1.1733,0.02,0.044,,gleich
2790,N,"Îles Glorieuses, Comoros",harmonics/att/harmonics_att_np203_secondary.txt,37746,-11.5667,47.3117,,,,0.00,0.095,,gleich
2790,N,"Îles Glorieuses, Îles Éparses",harmonics/utide/harmonics_utide_tidetables.txt,379879,-11.5667,47.3117,,,,0.00,0.095,,gleich
2791,N,"Îles Saint-Marcouf, France",harmonics/classic/harmonics-pierre-lavergne-v10_mod.txt,5687,49.4984,-1.1474,,49.4983,-1.1469,0.00,0.003,,gleich
2791,N,"Îles Saint-Marcouf, France",harmonics/utide/harmonics_utide_tidetables.txt,380074,49.4984,-1.1474,,,,0.00,0.003,,gleich
2792,N,"Îles du Salut, French Guiana",harmonics/classic/harmonics-1997-05-25_mod.txt,42071,5.2845,-52.5869,,5.2833,-52.5833,0.00,0.013,,gleich
2792,N,"Îles du Salut, French Guiana",harmonics/ticon/harmonics_ticon4_worldwide.txt,78811,5.2845,-52.5869,,5.2500,-52.6200,0.00,0.013,,gleich
2792,N,"Îles du Salut, French Guiana",harmonics/utide/harmonics_utide_observations.txt,55620,5.2845,-52.5869,,,,0.00,0.013,,gleich
2793,N,"Îlet la Mère, French Guiana",harmonics/ticon/harmonics_ticon4_worldwide.txt,79012,4.8938,-52.1905,,,,0.00,0.013,,gleich
2793,N,"Îlet la Mère, French Guiana",harmonics/utide/harmonics_utide_observations.txt,217242,4.8938,-52.1905,,,,0.00,0.013,,gleich
