Quelle;Station;Typ;Lat;Lon;Referenz-Quelle;Referenz-Station;Match-Typ;Distanz_km;Ø_Zeitdiff_min;Ø_Höhendiff_m;N_Events;Status
Classic 1997;Aberystwyth, Wales, United Kingdom;Ref;52.4071;-4.0902;;;;;;;;Keine Referenz gefunden
Classic 1997;Ad Dawhah, Qatar;Ref;25.3;51.5167;;;;;;;;Keine Referenz gefunden
Classic 1997;Ad-Dakhla (Villa Cisneros), Western Sahara;Ref;23.6904;-15.9336;;;;;;;;Keine Referenz gefunden
Classic 1997;Agadir, Morocco;Ref;30.4167;-9.6167;;;;;;;;Keine Referenz gefunden
Classic 1997;Air Musi, Sumatra, Indonesia;Ref;-2.2;104.95;;;;;;;;Keine Referenz gefunden
Classic 1997;Aitutaki, Aitutaki Atoll, Cook Islands;Ref;-18.85;-159.7833;;;;;;;;Keine Referenz gefunden
Classic 1997;Akassa, Nigeria;Ref;4.3167;6.0667;;;;;;;;Keine Referenz gefunden
Classic 1997;Al Fujayrah, United Arab Emirates;Ref;25.1333;56.35;;;;;;;;Keine Referenz gefunden
Classic 1997;Aleksandrovskiy, Russia;Ref;50.8833;142.1167;;;;;;;;Keine Referenz gefunden
Classic 1997;Amherst, Myanmar;Ref;16.0833;97.5667;;;;;;;;Keine Referenz gefunden
Classic 1997;Amuay, Venezuela;Ref;11.75;-70.2167;;;;;;;;Keine Referenz gefunden
Classic 1997;Andoany (Hell-Ville), Madagascar;Ref;-13.406;48.279;TICON4;Nosy Be, Madagascar;Proximity (2.4km);2.4;184.0;2.297;3;OK
Classic 1997;Angoche (António Enes), Moçambique;Ref;-16.2333;39.9;;;;;;;;Keine Referenz gefunden
Classic 1997;Angra dos Reis, Brazil;Ref;-23.0167;-44.3167;;;;;;;;Keine Referenz gefunden
Classic 1997;Anma Do, South Korea;Ref;35.35;126.0167;;;;;;;;Keine Referenz gefunden
Classic 1997;Antsiranana (Diego-Suarez), Madagascar;Ref;-12.2673;49.2886;;;;;;;;Keine Referenz gefunden
Classic 1997;Aracaju, Brazil;Ref;-10.9167;-37.05;;;;;;;;Keine Referenz gefunden
Classic 1997;Aratu, Brazil;Ref;-12.7833;-38.5;;;;;;;;Keine Referenz gefunden
Classic 1997;Areia Branca, Brazil;Ref;-4.8167;-37.0333;;;;;;;;Keine Referenz gefunden
Classic 1997;Arendal, Norway;Ref;58.4574;8.7674;;;;;;;;Keine Referenz gefunden
Classic 1997;Arkhangel'sk, Russia;Ref;64.5333;40.4833;;;;;;;;Keine Referenz gefunden
Classic 1997;Arsenal de la Carraca, España;Ref;36.4991;-6.178;;;;;;;;Keine Referenz gefunden
Classic 1997;Assab, Eritrea;Ref;13.0039;42.7492;;;;;;;;Keine Referenz gefunden
Classic 1997;Aveiro, Portugal;Ref;40.6333;-8.75;;;;;;;;Keine Referenz gefunden
Classic 1997;Avonmouth (Port of Bristol), England, United Kingdom;Ref;51.5108;-2.7151;UTide UK;Avonmouth, England, United Kingdom;Proximity (0.0km);0.0;-3.9;0.454;8;OK
Classic 1997;Ayamonte, España;Ref;37.2167;-7.4167;;;;;;;;Keine Referenz gefunden
Classic 1997;Bagan Datoh, Malaysia;Ref;4.0;100.75;;;;;;;;Keine Referenz gefunden
Classic 1997;Bahía Aguirre, Argentina;Ref;-54.9167;-65.9667;;;;;;;;Keine Referenz gefunden
Classic 1997;Bahía Buen Suceso, Argentina;Ref;-54.8167;-65.2167;;;;;;;;Keine Referenz gefunden
Classic 1997;Bahía Crossley, Argentina;Ref;-54.8;-64.7;;;;;;;;Keine Referenz gefunden
Classic 1997;Bahía de Ballenas, Baja California Sur, México;Ref;26.7084;-113.5742;;;;;;;;Keine Referenz gefunden
Classic 1997;Bahía Magdalena, Baja California Sur, México;Ref;24.6351;-112.1392;;;;;;;;Keine Referenz gefunden
Classic 1997;Bahía Orange (Isla Bullock), Chile;Ref;-55.5305;-68.0388;;;;;;;;Keine Referenz gefunden
Classic 1997;Bahía San Blas, Argentina;Ref;-40.5514;-62.233;;;;;;;;Keine Referenz gefunden
Classic 1997;Bahía San Juanico, Baja California Sur, México;Ref;26.2511;-112.4769;;;;;;;;Keine Referenz gefunden
Classic 1997;Bahía San Julián (Punta Peña), Argentina;Ref;-49.25;-67.6667;;;;;;;;Keine Referenz gefunden
Classic 1997;Bahía San Sebastián, Argentina;Ref;-53.2966;-68.4573;;;;;;;;Keine Referenz gefunden
Classic 1997;Bahía Thetis, Argentina;Ref;-54.6333;-65.25;;;;;;;;Keine Referenz gefunden
Classic 1997;Balikpapan, Borneo, Indonesia;Ref;-1.2667;116.8;;;;;;;;Keine Referenz gefunden
Classic 1997;Banda Harbour (Naira), Indonesia;Ref;-4.5333;129.7167;;;;;;;;Keine Referenz gefunden
Classic 1997;Bandar Abbas, Iran;Ref;27.1833;56.2833;;;;;;;;Keine Referenz gefunden
Classic 1997;Bandar Victoria (Labuan), Malaysia;Ref;5.2724;115.2449;;;;;;;;Keine Referenz gefunden
Classic 1997;Bandar-e Lengeh, Iran;Ref;26.55;54.8833;;;;;;;;Keine Referenz gefunden
Classic 1997;Bandaraya Melaka, Malaysia;Ref;2.1833;102.25;;;;;;;;Keine Referenz gefunden
Classic 1997;Bangkok Bar (Samut Prakan), Thailand;Ref;13.4502;100.5952;;;;;;;;Keine Referenz gefunden
Classic 1997;Banjul, Gambia;Ref;13.4444;-16.5716;;;;;;;;Keine Referenz gefunden
Classic 1997;Barra do Riacho, Brazil;Ref;-19.8333;-40.05;;;;;;;;Keine Referenz gefunden
Classic 1997;Barra Norte, Brazil;Ref;0.9167;-50.0667;;;;;;;;Keine Referenz gefunden
Classic 1997;Barrow-in-Furness (Ramsden Dock), England, United Kingdom;Ref;54.1007;-3.2152;;;;;;;;Keine Referenz gefunden
Classic 1997;Barry, Wales, United Kingdom;Ref;51.3911;-3.2588;;;;;;;;Keine Referenz gefunden
Classic 1997;Basrah, Iraq;Ref;30.5167;47.85;;;;;;;;Keine Referenz gefunden
Classic 1997;Bassein River, Myanmar;Ref;15.8667;94.2833;;;;;;;;Keine Referenz gefunden
Classic 1997;Bassein, Myanmar;Ref;16.7833;94.7833;;;;;;;;Keine Referenz gefunden
Classic 1997;Bata, Equatorial Guinea;Ref;1.8727;9.7705;;;;;;;;Keine Referenz gefunden
Classic 1997;Beachley (Aust), River Severn, England, United Kingdom;Ref;51.6;-2.6333;;;;;;;;Keine Referenz gefunden
Classic 1997;Beira, Moçambique;Ref;-19.8261;34.8327;;;;;;;;Keine Referenz gefunden
Classic 1997;Belawan, Sumatra, Indonesia;Ref;3.8333;98.7167;;;;;;;;Keine Referenz gefunden
Classic 1997;Belfast (Lagan Weir), Northern Ireland, United Kingdom;Ref;54.6014;-5.9215;;;;;;;;Keine Referenz gefunden
Classic 1997;Berbera, Somalia;Ref;10.4408;45.0028;;;;;;;;Keine Referenz gefunden
Classic 1997;Beypore, India;Ref;11.1667;75.8;;;;;;;;Keine Referenz gefunden
Classic 1997;Bhavnagar, India;Ref;21.8;72.15;;;;;;;;Keine Referenz gefunden
Classic 1997;Bissau, Guinea-Bissau;Ref;11.858;-15.5774;;;;;;;;Keine Referenz gefunden
Classic 1997;Bolama, Guinea-Bissau;Ref;11.5788;-15.471;;;;;;;;Keine Referenz gefunden
Classic 1997;Bolinao, Philippines;Ref;16.4;119.9;;;;;;;;Keine Referenz gefunden
Classic 1997;Bonny, Nigeria;Ref;4.45;7.1667;;;;;;;;Keine Referenz gefunden
Classic 1997;Bubaque, Guinea-Bissau;Ref;11.2996;-15.8265;;;;;;;;Keine Referenz gefunden
Classic 1997;Buenos Aires, Argentina (1);Ref;-34.6;-58.3667;;;;;;;;Keine Referenz gefunden
Classic 1997;Buenos Aires, Argentina (2);Ref;-34.5667;-58.3833;TICON4;Buenos Aires (Club de Pescadores), Argentina;Proximity (1.6km);1.6;-196.0;0.814;3;OK
Classic 1997;Bushehr, Iran;Ref;28.919;50.804;;;;;;;;Keine Referenz gefunden
Classic 1997;Cabedelo, Brazil;Ref;-6.9667;-34.8333;;;;;;;;Keine Referenz gefunden
Classic 1997;Cabo Frio, Brazil;Ref;-22.9736;-42.0133;;;;;;;;Keine Referenz gefunden
Classic 1997;Cabo San Pablo, Argentina;Ref;-54.2833;-66.7;;;;;;;;Keine Referenz gefunden
Classic 1997;Cacheu, Guinea-Bissau;Ref;12.2787;-16.1652;;;;;;;;Keine Referenz gefunden
Classic 1997;Caio, Guinea-Bissau;Ref;11.9226;-16.2136;;;;;;;;Keine Referenz gefunden
Classic 1997;Calabar, Nigeria;Ref;4.9667;8.3167;;;;;;;;Keine Referenz gefunden
Classic 1997;Calcutta (Garden Reach), India;Ref;22.55;88.3;;;;;;;;Keine Referenz gefunden
Classic 1997;Caleta Brent, Argentina;Ref;-54.8333;-64.3667;;;;;;;;Keine Referenz gefunden
Classic 1997;Calshot Harbour, Edinburgh of the Seven Seas, Tristan da Cunha Island;Ref;-37.0637;-12.3133;;;;;;;;Keine Referenz gefunden
Classic 1997;Câm Pha, Vietnam;Ref;21.0333;107.3667;;;;;;;;Keine Referenz gefunden
Classic 1997;Cam Ranh, Vietnam;Ref;11.896;109.1429;;;;;;;;Keine Referenz gefunden
Classic 1997;Campeche City, Campeche, México;Ref;19.8645;-90.5281;;;;;;;;Keine Referenz gefunden
Classic 1997;Canal Galheta, Brazil;Ref;-25.5667;-48.3167;;;;;;;;Keine Referenz gefunden
Classic 1997;Cap Boujdour, Western Sahara;Ref;26.1167;-14.5;;;;;;;;Keine Referenz gefunden
Classic 1997;Cardiff, Wales, United Kingdom;Ref;51.4476;-3.1654;;;;;;;;Keine Referenz gefunden
Classic 1997;Carelmapu, Chile;Ref;-41.75;-73.7167;;;;;;;;Keine Referenz gefunden
Classic 1997;Casablanca (Port), Morocco;Ref;33.6073;-7.6169;;;;;;;;Keine Referenz gefunden
Classic 1997;Casablanca, Morocco;Ref;33.607;-7.6166;;;;;;;;Keine Referenz gefunden
Classic 1997;Cayenne, French Guiana;Ref;4.9167;-52.3333;;;;;;;;Keine Referenz gefunden
Classic 1997;Chandbali (Dhamra River), India;Ref;20.7714;86.7393;;;;;;;;Keine Referenz gefunden
Classic 1997;Changhang / Gunsan, South Korea;Ref;36.0069;126.6842;;;;;;;;Keine Referenz gefunden
Classic 1997;Charcot, Antarctica;Ref;-65.0667;-64.0333;;;;;;;;Keine Referenz gefunden
Classic 1997;Chiba, Japan;Ref;35.6;140.1167;;;;;;;;Keine Referenz gefunden
Classic 1997;Chinde, Moçambique;Ref;-18.5759;36.4629;;;;;;;;Keine Referenz gefunden
Classic 1997;Chinnampo, North Korea;Ref;38.6833;125.3833;;;;;;;;Keine Referenz gefunden
Classic 1997;Chipiona, España;Ref;36.75;-6.4333;;;;;;;;Keine Referenz gefunden
Classic 1997;Chise P'o, South Korea;Ref;34.8333;128.7167;;;;;;;;Keine Referenz gefunden
Classic 1997;Cobh, Ireland;Ref;51.8494;-8.2938;TICON4;Ringaskiddy (NMCI), Ireland;Proximity (1.8km);1.8;0.0;2.283;4;OK
Classic 1997;Cogo (Puerto Iradier), Equatorial Guinea;Ref;1.0829;9.6935;;;;;;;;Keine Referenz gefunden
Classic 1997;Colonia del Sacramento, Rio de la Plata, Uruguay;Ref;-34.4667;-57.85;;;;;;;;Keine Referenz gefunden
Classic 1997;Comodoro Rivadavia, Argentina;Ref;-45.8667;-67.4833;;;;;;;;Keine Referenz gefunden
Classic 1997;Conakry, Guinea;Ref;9.5024;-13.7154;;;;;;;;Keine Referenz gefunden
Classic 1997;Coquimbo, Chile;Ref;-29.9333;-71.35;;;;;;;;Keine Referenz gefunden
Classic 1997;Corta de los Jeronimos, España;Ref;37.1333;-6.1;;;;;;;;Keine Referenz gefunden
Classic 1997;Croiselles, South Island, New Zealand;Ref;-41.0833;173.7;;;;;;;;Keine Referenz gefunden
Classic 1997;Da Nang, Vietnam;Ref;16.1167;108.2167;;;;;;;;Keine Referenz gefunden
Classic 1997;Deauville, France;Ref;49.3645;0.0791;;;;;;;;Keine Referenz gefunden
Classic 1997;Deokjeokdo (Tokchok To), South Korea;Ref;37.2265;126.1559;;;;;;;;Keine Referenz gefunden
Classic 1997;Diamond Harbour, India;Ref;22.1833;88.1833;;;;;;;;Keine Referenz gefunden
Classic 1997;Diogué (Casamance), Senegal;Ref;12.5706;-16.7419;;;;;;;;Keine Referenz gefunden
Classic 1997;Do Son, Vietnam;Ref;20.6721;106.809;;;;;;;;Keine Referenz gefunden
Classic 1997;Douala, Cameroon (1);Ref;4.05;9.6833;;;;;;;;Keine Referenz gefunden
Classic 1997;Douala, Cameroon (2);Ref;4.05;9.6667;;;;;;;;Keine Referenz gefunden
Classic 1997;Dubayy, United Arab Emirates;Ref;25.2667;55.2833;;;;;;;;Keine Referenz gefunden
Classic 1997;Dundee, Scotland, United Kingdom;Ref;56.4624;-2.9509;;;;;;;;Keine Referenz gefunden
Classic 1997;Egedesminde, Greenland;Ref;68.7167;-52.8833;;;;;;;;Keine Referenz gefunden
Classic 1997;Eskimo Point, Nunavut, Canada;Ref;61.1167;-94.0667;;;;;;;;Keine Referenz gefunden
Classic 1997;Esperanza Station, Antarctica;Ref;-63.3946;-56.9991;TICON4;Esperanza, Argentina;Proximity (0.2km);0.2;-185.0;1.987;3;OK
Classic 1997;Fair Isle, Shetland Islands, Scotland, United Kingdom;Ref;59.5335;-1.5988;;;;;;;;Keine Referenz gefunden
Classic 1997;Falmouth, England, United Kingdom;Ref;50.1515;-5.0595;;;;;;;;Keine Referenz gefunden
Classic 1997;Faro-Olhão, Portugal;Ref;36.978;-7.8665;;;;;;;;Keine Referenz gefunden
Classic 1997;Figueira da Foz, Portugal;Ref;40.15;-8.8667;;;;;;;;Keine Referenz gefunden
Classic 1997;Finnsbu, Greenland;Ref;63.4;-41.2833;;;;;;;;Keine Referenz gefunden
Classic 1997;Florianópolis, Brazil;Ref;-27.5833;-48.55;;;;;;;;Keine Referenz gefunden
Classic 1997;Forari, Vanuatu;Ref;-17.6833;168.55;;;;;;;;Keine Referenz gefunden
Classic 1997;Freeport Harbour, Grand Bahama Island, Bahamas;Ref;26.5187;-78.7779;;;;;;;;Keine Referenz gefunden
Classic 1997;Freetown, Sierra Leone;Ref;8.4925;-13.2747;;;;;;;;Keine Referenz gefunden
Classic 1997;Galle, Sri Lanka;Ref;6.0333;80.2167;;;;;;;;Keine Referenz gefunden
Classic 1997;Gibsons Landing, British Columbia, Canada;Ref;49.4005;-123.5039;;;;;;;;Keine Referenz gefunden
Classic 1997;Godhavn, Disko Island, Greenland;Ref;69.25;-53.55;;;;;;;;Keine Referenz gefunden
Classic 1997;Great Sound, Ireland Island, Bermuda;Ref;32.3167;-64.8333;;;;;;;;Keine Referenz gefunden
Classic 1997;Green Turtle Cay, Bahamas;Ref;26.7701;-77.3245;;;;;;;;Keine Referenz gefunden
Classic 1997;Greenock, Scotland, United Kingdom;Ref;55.9575;-4.7652;;;;;;;;Keine Referenz gefunden
Classic 1997;Greville, South Island, New Zealand;Ref;-40.8667;173.8;;;;;;;;Keine Referenz gefunden
Classic 1997;Guayaquil, Ecuador;Ref;-2.2;-79.8833;;;;;;;;Keine Referenz gefunden
Classic 1997;Haiphong, Vietnam;Ref;20.8667;106.6667;;;;;;;;Keine Referenz gefunden
Classic 1997;Hamad Port (Umm Al-Houl), Qatar;Ref;25.0207;51.6512;;;;;;;;Keine Referenz gefunden
Classic 1997;Harmil Island, Eritrea;Ref;16.5032;40.1689;;;;;;;;Keine Referenz gefunden
Classic 1997;Hillsborough, Carriacou, The Grenadines, Grenada;Ref;12.4836;-61.4591;;;;;;;;Keine Referenz gefunden
Classic 1997;Hobyo, Somalia;Ref;5.3492;48.5299;;;;;;;;Keine Referenz gefunden
Classic 1997;Hon Nieu, Vietnam;Ref;18.8;105.7667;;;;;;;;Keine Referenz gefunden
Classic 1997;Hongay, Vietnam;Ref;20.95;107.0667;;;;;;;;Keine Referenz gefunden
Classic 1997;Horseshoe Bay, British Columbia, Canada;Ref;49.3781;-123.2736;;;;;;;;Keine Referenz gefunden
Classic 1997;Horta, Faial, Açores, Portugal;Ref;38.5333;-28.6167;;;;;;;;Keine Referenz gefunden
Classic 1997;Horten, Norway;Ref;59.4354;10.4943;;;;;;;;Keine Referenz gefunden
Classic 1997;Hrútafjörður, Ísland;Ref;65.2544;-21.108;;;;;;;;Keine Referenz gefunden
Classic 1997;Huangpu, Guangzhou, China;Ref;23.08;113.4381;;;;;;;;Keine Referenz gefunden
Classic 1997;Hull (King George Dock), England, United Kingdom;Ref;53.7402;-0.2728;;;;;;;;Keine Referenz gefunden
Classic 1997;Huludao, Liaoning, China;Ref;40.7095;120.9926;;;;;;;;Keine Referenz gefunden
Classic 1997;Ibo, Moçambique;Ref;-12.3457;40.5808;;;;;;;;Keine Referenz gefunden
Classic 1997;Îles du Salut, French Guiana;Ref;5.2833;-52.5833;UTide FR;Cayenne - Iles du Salut, France;Proximity (0.4km);0.4;-2.9;0.253;8;OK
Classic 1997;Ilha de Moçambique, Moçambique;Ref;-15.0321;40.7343;;;;;;;;Keine Referenz gefunden
Classic 1997;Ilha Guaíba, Brazil;Ref;-23.0;-44.0333;;;;;;;;Keine Referenz gefunden
Classic 1997;Ilot Cone, Cambodia;Ref;11.4167;103.0;;;;;;;;Keine Referenz gefunden
Classic 1997;Inch'on, South Korea;Ref;37.4667;126.5833;;;;;;;;Keine Referenz gefunden
Classic 1997;Inverness, Scotland, United Kingdom;Ref;57.4938;-4.2351;;;;;;;;Keine Referenz gefunden
Classic 1997;Inward Rocks, River Severn, England, United Kingdom;Ref;51.65;-2.6167;;;;;;;;Keine Referenz gefunden
Classic 1997;Iquique, Chile;Ref;-20.2167;-70.1667;;;;;;;;Keine Referenz gefunden
Classic 1997;Isla Martin Garcia, Argentina;Ref;-34.1833;-58.25;;;;;;;;Keine Referenz gefunden
Classic 1997;Isla Neny, Antarctica;Ref;-68.2;-67.0;;;;;;;;Keine Referenz gefunden
Classic 1997;Islas Ano Nuevo, Argentina;Ref;-54.65;-64.1333;;;;;;;;Keine Referenz gefunden
Classic 1997;Itajaí, Brazil;Ref;-26.9;-48.65;;;;;;;;Keine Referenz gefunden
Classic 1997;Iwakuni (Shinminato), Japan;Ref;34.1833;132.2333;;;;;;;;Keine Referenz gefunden
Classic 1997;Jazirat Das, United Arab Emirates;Ref;25.15;52.8833;;;;;;;;Keine Referenz gefunden
Classic 1997;Jazirat Halul, Qatar;Ref;25.6667;52.4;;;;;;;;Keine Referenz gefunden
Classic 1997;Jazireh-ye Khark, Iran;Ref;29.2667;50.3333;;;;;;;;Keine Referenz gefunden
Classic 1997;Jazireh-ye Lavan, Iran;Ref;26.8;53.3833;;;;;;;;Keine Referenz gefunden
Classic 1997;Jeju, Jeju Do, South Korea;Ref;33.5275;126.5431;;;;;;;;Keine Referenz gefunden
Classic 1997;Jinhae, South Korea;Ref;35.1454;128.6421;;;;;;;;Keine Referenz gefunden
Classic 1997;Kacho To, South Korea;Ref;34.3;126.05;;;;;;;;Keine Referenz gefunden
Classic 1997;Kakinada, India;Ref;16.9333;82.25;;;;;;;;Keine Referenz gefunden
Classic 1997;Kandla, India;Ref;23.0036;70.2222;;;;;;;;Keine Referenz gefunden
Classic 1997;Karang Jamuang, Java, Indonesia;Ref;-6.9333;112.7333;;;;;;;;Keine Referenz gefunden
Classic 1997;Karwar, India;Ref;14.8;74.1;;;;;;;;Keine Referenz gefunden
Classic 1997;Khowr-e Musa, Iran;Ref;30.0;49.0;;;;;;;;Keine Referenz gefunden
Classic 1997;Kirkenes, Norway;Ref;69.7333;30.05;;;;;;;;Keine Referenz gefunden
Classic 1997;Ko Si Chang, Thailand;Ref;13.15;100.8167;;;;;;;;Keine Referenz gefunden
Classic 1997;Komun Do, South Korea;Ref;34.0;127.3;;;;;;;;Keine Referenz gefunden
Classic 1997;Koper, Slovenia;Ref;45.55;13.7333;;;;;;;;Keine Referenz gefunden
Classic 1997;Korsakov, Russia;Ref;46.6333;142.75;;;;;;;;Keine Referenz gefunden
Classic 1997;Kralendijk, Bonaire, Caribbean Netherlands;Ref;12.15;-68.2833;;;;;;;;Keine Referenz gefunden
Classic 1997;Kuala Batu Pahat, Malaysia;Ref;1.7991;102.8936;;;;;;;;Keine Referenz gefunden
Classic 1997;Kuala Terengganu, Malaysia;Ref;5.3365;103.1525;;;;;;;;Keine Referenz gefunden
Classic 1997;Kuantan, Malaysia;Ref;3.8333;103.3333;;;;;;;;Keine Referenz gefunden
Classic 1997;Kuching, Malaysia;Ref;1.5607;110.3469;;;;;;;;Keine Referenz gefunden
Classic 1997;La Habana, Cuba;Ref;23.1416;-82.3445;;;;;;;;Keine Referenz gefunden
Classic 1997;La Plata, Argentina;Ref;-34.8333;-57.8833;;;;;;;;Keine Referenz gefunden
Classic 1997;Le Havre-Antifer (Terminal pétrolier), France;Ref;49.65;0.15;;;;;;;;Keine Referenz gefunden
Classic 1997;Leith, Scotland, United Kingdom;Ref;55.9833;-3.1667;UTide UK;Leith, England, United Kingdom;Proximity (1.2km);1.2;-11.2;0.171;8;OK
Classic 1997;Les Hattes, Rio Maroni entrance, French Guiana;Ref;5.75;-53.9667;;;;;;;;Keine Referenz gefunden
Classic 1997;Libreville, Gabon;Ref;0.4031;9.4324;;;;;;;;Keine Referenz gefunden
Classic 1997;Lifuka, Ha`apai Group, Tonga;Ref;-19.8;-174.3333;;;;;;;;Keine Referenz gefunden
Classic 1997;Lisboa, Portugal;Ref;38.7;-9.1333;;;;;;;;Keine Referenz gefunden
Classic 1997;Little Inagua Island, Bahamas;Ref;21.45;-73.0167;;;;;;;;Keine Referenz gefunden
Classic 1997;Lomé, Togo;Ref;6.1167;1.2167;;;;;;;;Keine Referenz gefunden
Classic 1997;London Bridge, England, United Kingdom;Ref;51.5076;-0.0878;;;;;;;;Keine Referenz gefunden
Classic 1997;Londonderry, Northern Ireland, United Kingdom, United Kingdom;Ref;55.0;-7.3167;;;;;;;;Keine Referenz gefunden
Classic 1997;Longyearbyen, Spitsbergen, Norway;Ref;78.2167;15.6333;;;;;;;;Keine Referenz gefunden
Classic 1997;Luanda, Angola;Ref;-8.7833;13.2333;;;;;;;;Keine Referenz gefunden
Classic 1997;Luba (Bioko), Equatorial Guinea;Ref;3.4612;8.5552;;;;;;;;Keine Referenz gefunden
Classic 1997;Lushun, China;Ref;38.8;121.25;;;;;;;;Keine Referenz gefunden
Classic 1997;Macau, Rio Acu, Brazil;Ref;-5.1167;-36.6333;;;;;;;;Keine Referenz gefunden
Classic 1997;Maceió, Brazil;Ref;-9.6833;-35.7167;;;;;;;;Keine Referenz gefunden
Classic 1997;Madras, India;Ref;13.1;80.3;;;;;;;;Keine Referenz gefunden
Classic 1997;Madre de Deus, Brazil;Ref;-12.7535;-38.6226;;;;;;;;Keine Referenz gefunden
Classic 1997;Makung, China;Ref;23.55;119.55;;;;;;;;Keine Referenz gefunden
Classic 1997;Malecón, Isla de Zapara, Venezuela;Ref;10.9802;-71.5758;;;;;;;;Keine Referenz gefunden
Classic 1997;Malhado, Brazil;Ref;-14.7667;-39.0167;;;;;;;;Keine Referenz gefunden
Classic 1997;Mali Losinj, Croatia;Ref;44.5333;14.4667;;;;;;;;Keine Referenz gefunden
Classic 1997;Malindi, Kenya;Ref;-3.2147;40.1265;;;;;;;;Keine Referenz gefunden
Classic 1997;Man O' War Bay, Cameroon;Ref;3.9609;9.2194;;;;;;;;Keine Referenz gefunden
Classic 1997;Manado, Sulawesi, Indonesia;Ref;1.4979;124.8383;;;;;;;;Keine Referenz gefunden
Classic 1997;Mangalore, India;Ref;12.85;74.8333;;;;;;;;Keine Referenz gefunden
Classic 1997;Margate, England, United Kingdom;Ref;51.3908;1.3781;;;;;;;;Keine Referenz gefunden
Classic 1997;Marmagao, India;Ref;15.4167;73.8;;;;;;;;Keine Referenz gefunden
Classic 1997;Massawa, Eritrea;Ref;15.6144;39.4743;;;;;;;;Keine Referenz gefunden
Classic 1997;Matamoros, Tamaulipas, México;Ref;25.8833;-97.5167;;;;;;;;Keine Referenz gefunden
Classic 1997;Meaipe, Brazil;Ref;-20.75;-40.5333;;;;;;;;Keine Referenz gefunden
Classic 1997;Melchior Harbour, Antarctica;Ref;-64.3363;-62.9575;;;;;;;;Keine Referenz gefunden
Classic 1997;Mergui, Myanmar;Ref;12.4333;98.6;;;;;;;;Keine Referenz gefunden
Classic 1997;Mina Al Ahmadi, Kuwait;Ref;29.0667;48.1667;;;;;;;;Keine Referenz gefunden
Classic 1997;Mina Su`ud, Kuwait;Ref;28.7333;48.4;;;;;;;;Keine Referenz gefunden
Classic 1997;Mina Zayed, United Arab Emirates;Ref;24.5167;54.3833;;;;;;;;Keine Referenz gefunden
Classic 1997;Mindelo (Porto Grande Bay), São Vicente, Cape Verde;Ref;16.8868;-24.9932;;;;;;;;Keine Referenz gefunden
Classic 1997;Minicoy Island, Lakshadweep, India;Ref;8.2833;73.05;;;;;;;;Keine Referenz gefunden
Classic 1997;Minjiang Kou (Fuzhou), China;Ref;26.0728;119.6523;;;;;;;;Keine Referenz gefunden
Classic 1997;Mirleft (Plage Tamhrouchte), Morocco;Ref;29.5505;-10.0627;;;;;;;;Keine Referenz gefunden
Classic 1997;Mizushima, Japan;Ref;34.5167;133.7333;;;;;;;;Keine Referenz gefunden
Classic 1997;Mo i Rana, Norway;Ref;66.3167;14.1333;;;;;;;;Keine Referenz gefunden
Classic 1997;Mocímboa da Praia, Moçambique;Ref;-11.3365;40.362;;;;;;;;Keine Referenz gefunden
Classic 1997;Moen Island, Chuuk, Micronesia;Ref;7.4467;151.8467;DWF 2025;Chuuk, Moen Island, E. Caroline Islands, FSM;Proximity (0.0km);0.0;-0.9;0.006;7;OK
Classic 1997;Mogadishu, Somalia;Ref;2.0333;45.35;;;;;;;;Keine Referenz gefunden
Classic 1997;Mokp'o, South Korea;Ref;34.7833;126.3833;;;;;;;;Keine Referenz gefunden
Classic 1997;Mombasa (Kilindini Harbour), Kenya;Ref;-4.07;39.6573;TICON4;Mombasa (Kilindini Harbour), Kenya;Name;0.0;182.0;1.873;3;OK
Classic 1997;Monrovia, Liberia;Ref;6.3333;-10.8;;;;;;;;Keine Referenz gefunden
Classic 1997;Monte Hermoso, Argentina;Ref;-38.9912;-61.3161;;;;;;;;Keine Referenz gefunden
Classic 1997;Montevideo, Uruguay;Ref;-34.9167;-56.2167;;;;;;;;Keine Referenz gefunden
Classic 1997;Mosqueiro, Brazil;Ref;-1.1653;-48.4742;;;;;;;;Keine Referenz gefunden
Classic 1997;Motuoini, Tahiti;Ref;-17.75;-140.3667;;;;;;;;Keine Referenz gefunden
Classic 1997;Mtwara, Tanzania;Ref;-10.2667;40.2;;;;;;;;Keine Referenz gefunden
Classic 1997;Mucuripe, Fortaleza, Ceará, Brazil;Ref;-3.715;-38.4767;TICON4;Fortaleza, Brazil;Proximity (1.1km);1.1;-112.0;1.117;3;OK
Classic 1997;Mukah, Malaysia;Ref;2.9064;112.0946;;;;;;;;Keine Referenz gefunden
Classic 1997;Mukho, South Korea;Ref;37.55;129.1167;;;;;;;;Keine Referenz gefunden
Classic 1997;Mumbai (Bombay), India;Ref;18.9167;72.8333;;;;;;;;Keine Referenz gefunden
Classic 1997;Mururoa Atoll, Tuamotu Archipelago;Ref;-21.8333;-138.7833;;;;;;;;Keine Referenz gefunden
Classic 1997;Mys Astronomicheski, Russia;Ref;62.3833;164.5;;;;;;;;Keine Referenz gefunden
Classic 1997;Nacala, Moçambique;Ref;-14.4667;40.6833;;;;;;;;Keine Referenz gefunden
Classic 1997;Nagappattinam, India;Ref;10.7667;79.85;;;;;;;;Keine Referenz gefunden
Classic 1997;Naha Ko, Okinawa, Japan;Ref;26.2;127.6667;TICON4;Naha, Okinawa, Japan;Proximity (1.9km);1.9;-176.0;1.133;3;OK
Classic 1997;Naozhou Dao, China;Ref;20.95;110.6;;;;;;;;Keine Referenz gefunden
Classic 1997;Natal, Brazil;Ref;-5.7667;-35.2;;;;;;;;Keine Referenz gefunden
Classic 1997;Navlakhi, India;Ref;22.9667;70.45;;;;;;;;Keine Referenz gefunden
Classic 1997;Neiafu, Vava`u Group, Tonga;Ref;-18.65;-173.9833;;;;;;;;Keine Referenz gefunden
Classic 1997;Neko Harbour, Antarctica;Ref;-64.8784;-62.539;;;;;;;;Keine Referenz gefunden
Classic 1997;Nickerie Rivir, Suriname;Ref;5.9667;-57.0167;;;;;;;;Keine Referenz gefunden
Classic 1997;Nouadhibou, Mauritania;Ref;20.9167;-17.0333;;;;;;;;Keine Referenz gefunden
Classic 1997;Nuku`alofa, Tonga;Ref;-21.1333;-175.2167;;;;;;;;Keine Referenz gefunden
Classic 1997;Oamaru, New Zealand;Ref;-45.1;170.9667;;;;;;;;Keine Referenz gefunden
Classic 1997;Oban, Scotland, United Kingdom;Ref;56.4126;-5.4757;;;;;;;;Keine Referenz gefunden
Classic 1997;Ochong Do, South Korea;Ref;36.1167;125.9833;;;;;;;;Keine Referenz gefunden
Classic 1997;Okha, India;Ref;22.4667;69.0833;;;;;;;;Keine Referenz gefunden
Classic 1997;Onomichi, Japan;Ref;34.4;133.1833;;;;;;;;Keine Referenz gefunden
Classic 1997;Ostrov Toporkova, Kuril Islands, Russia;Ref;48.0833;153.2667;;;;;;;;Keine Referenz gefunden
Classic 1997;Out Skerries, Shetland Islands, Scotland, United Kingdom;Ref;60.4227;-0.7517;;;;;;;;Keine Referenz gefunden
Classic 1997;Pamban (Passe), India;Ref;9.2667;79.2;;;;;;;;Keine Referenz gefunden
Classic 1997;Paradwip, India;Ref;20.2667;86.6833;;;;;;;;Keine Referenz gefunden
Classic 1997;Paramaribo, Suriname;Ref;5.8333;-55.15;;;;;;;;Keine Referenz gefunden
Classic 1997;Paranaguá, Brazil;Ref;-25.5;-48.5167;;;;;;;;Keine Referenz gefunden
Classic 1997;Patunungan Bay, Philippines;Ref;18.4;122.3;;;;;;;;Keine Referenz gefunden
Classic 1997;Pebane, Moçambique;Ref;-17.2667;38.1333;;;;;;;;Keine Referenz gefunden
Classic 1997;Pedra Branca (Horsburgh Lighthouse), Singapore;Ref;1.3306;104.4063;;;;;;;;Keine Referenz gefunden
Classic 1997;Pelabuhan Kelang, Malaysia;Ref;3.0;101.3833;;;;;;;;Keine Referenz gefunden
Classic 1997;Petropavlosk, Russia;Ref;53.0167;158.6333;;;;;;;;Keine Referenz gefunden
Classic 1997;Pinamar, Argentina;Ref;-37.1333;-56.8833;;;;;;;;Keine Referenz gefunden
Classic 1997;Pipavav Bandar, India;Ref;20.95;71.5333;;;;;;;;Keine Referenz gefunden
Classic 1997;Port Adelaide, Australia;Ref;-34.8;138.4667;TICON4;Adelaide Outer Harbour, Australia;Proximity (2.6km);2.6;-162.8;1.510;4;OK
Classic 1997;Port Blair, Andaman Islands, India;Ref;11.6833;92.7667;;;;;;;;Keine Referenz gefunden
Classic 1997;Port Castries, Saint Lucia;Ref;14.0167;-61.0;;;;;;;;Keine Referenz gefunden
Classic 1997;Port Dickson, Malaysia;Ref;2.5167;101.7833;;;;;;;;Keine Referenz gefunden
Classic 1997;Port Dreger, Papua New Guinea;Ref;-6.65;147.8833;;;;;;;;Keine Referenz gefunden
Classic 1997;Port Foster, Deception Island, South Shetlands, Antarctica;Ref;-62.9667;-60.5667;;;;;;;;Keine Referenz gefunden
Classic 1997;Port Kem, Russia;Ref;64.9833;34.7833;;;;;;;;Keine Referenz gefunden
Classic 1997;Port Muhammad Bin Qasin, Pakistan;Ref;24.7833;67.35;;;;;;;;Keine Referenz gefunden
Classic 1997;Port Said, Egypt;Ref;31.2667;32.3167;;;;;;;;Keine Referenz gefunden
Classic 1997;Port Seeadler, Manus, Admiralty Islands, Papua New Guinea;Ref;-2.0167;147.2667;TICON4;Manus, Papua New Guinea;Proximity (0.7km);0.7;;;;Keine passenden Events
Classic 1997;Port-aux-Francais, Kerguelen Islands;Ref;-49.35;70.2167;TICON4;Kerguelen, France (2);Proximity (0.3km);0.3;67.5;1.215;4;OK
Classic 1997;Portage Island (Burnt Church), New Brunswick, Canada;Ref;47.1771;-65.0373;;;;;;;;Keine Referenz gefunden
Classic 1997;Posorja, Ecuador;Ref;-2.7;-80.25;;;;;;;;Keine Referenz gefunden
Classic 1997;Puerto Baquerizo Moreno, San Cristóbal, Galapagos Islands, Ecuador;Ref;-0.9;-89.6167;;;;;;;;Keine Referenz gefunden
Classic 1997;Puerto Belgrano (Punta Ala), Argentina;Ref;-38.8907;-62.1084;;;;;;;;Keine Referenz gefunden
Classic 1997;Puerto Bolvar, Ecuador;Ref;-3.2667;-80.0;;;;;;;;Keine Referenz gefunden
Classic 1997;Puerto Caleta La Misión, Argentina;Ref;-53.7026;-67.8162;;;;;;;;Keine Referenz gefunden
Classic 1997;Puerto de Bahía Caráquez, Ecuador;Ref;-0.5833;-80.4333;;;;;;;;Keine Referenz gefunden
Classic 1997;Puerto Lpez, Ecuador;Ref;-1.5667;-80.8333;;;;;;;;Keine Referenz gefunden
Classic 1997;Puerto Maritimo de Guayaquil, Ecuador;Ref;-2.2805;-79.9093;;;;;;;;Keine Referenz gefunden
Classic 1997;Puerto San Antonio Este, Argentina;Ref;-40.7963;-64.8866;;;;;;;;Keine Referenz gefunden
Classic 1997;Puerto Santa Elena (Bahia Cruz), Argentina;Ref;-44.5167;-65.3667;;;;;;;;Keine Referenz gefunden
Classic 1997;Pulau Besin, Myanmar;Ref;9.9833;98.4833;;;;;;;;Keine Referenz gefunden
Classic 1997;Punta Norte del Cabo San Antonio (San Clemente)), Argentina;Ref;-36.2914;-56.7789;;;;;;;;Keine Referenz gefunden
Classic 1997;Punta Quilla, Argentina;Ref;-50.1167;-68.4167;;;;;;;;Keine Referenz gefunden
Classic 1997;Punta Rosales (Punta Ala), Argentina;Ref;-38.9137;-62.0738;;;;;;;;Keine Referenz gefunden
Classic 1997;Punta San Román, Argentina;Ref;-42.245;-64.2305;;;;;;;;Keine Referenz gefunden
Classic 1997;Pusur River, Bangladesh;Ref;21.7167;89.55;;;;;;;;Keine Referenz gefunden
Classic 1997;Qingdao, China;Ref;36.0835;120.3141;;;;;;;;Keine Referenz gefunden
Classic 1997;Quelimane, Moçambique;Ref;-17.8843;36.8875;;;;;;;;Keine Referenz gefunden
Classic 1997;Quequén, Argentina;Ref;-38.5833;-58.7;;;;;;;;Keine Referenz gefunden
Classic 1997;Ra's al Khafji, Saudi Arabia;Ref;28.4187;48.5293;;;;;;;;Keine Referenz gefunden
Classic 1997;Ra's al Mish`ab, Saudi Arabia;Ref;28.1167;48.6333;;;;;;;;Keine Referenz gefunden
Classic 1997;Ra's al Qulay`ah, Saudi Arabia;Ref;26.8667;49.9;;;;;;;;Keine Referenz gefunden
Classic 1997;Ra's Gharib, Egypt;Ref;28.3486;33.1115;;;;;;;;Keine Referenz gefunden
Classic 1997;Rabat, Morocco;Ref;34.0357;-6.8362;;;;;;;;Keine Referenz gefunden
Classic 1997;Raivavae, Austral Islands, French Polynesia;Ref;-23.8667;-147.6833;;;;;;;;Keine Referenz gefunden
Classic 1997;Ream, Cambodia;Ref;10.5487;103.5961;;;;;;;;Keine Referenz gefunden
Classic 1997;Rijeka, Croatia;Ref;45.3333;14.4167;;;;;;;;Keine Referenz gefunden
Classic 1997;Río Gallegos, Argentina;Ref;-51.6119;-69.2177;;;;;;;;Keine Referenz gefunden
Classic 1997;River Tees (Teesmouth), England, United Kingdom;Ref;54.6333;-1.1667;;;;;;;;Keine Referenz gefunden
Classic 1997;River Tyne Entrance, England, United Kingdom;Ref;55.0144;-1.4029;UTide UK;North Shields, England, United Kingdom;Proximity (2.5km);2.5;1.5;0.489;8;OK
Classic 1997;Rosyth, Scotland, United Kingdom;Ref;56.0188;-3.4447;;;;;;;;Keine Referenz gefunden
Classic 1997;Rota, España;Ref;36.6167;-6.35;;;;;;;;Keine Referenz gefunden
Classic 1997;Sagar Island, India;Ref;21.65;88.05;;;;;;;;Keine Referenz gefunden
Classic 1997;Saint George's Harbour, Grenada;Ref;12.05;-61.75;;;;;;;;Keine Referenz gefunden
Classic 1997;Saint John's Harbour, Newfoundland, Canada;Ref;47.55;-52.7;UTide CA;St. Johns, Nova Scotia, Canada;Proximity (1.9km);1.9;-8.3;0.074;7;OK
Classic 1997;Saint-Louis, Senegal;Ref;16.0263;-16.51;;;;;;;;Keine Referenz gefunden
Classic 1997;Salinópolis, Brazil;Ref;-0.6167;-47.35;;;;;;;;Keine Referenz gefunden
Classic 1997;Samch'onp'o, South Korea;Ref;34.9333;128.0667;;;;;;;;Keine Referenz gefunden
Classic 1997;Samut Sakhon (Tha Chin), Thailand;Ref;13.5333;100.2833;;;;;;;;Keine Referenz gefunden
Classic 1997;San Fernando, Argentina;Ref;-34.4333;-58.5333;;;;;;;;Keine Referenz gefunden
Classic 1997;San Fernando, Philippines;Ref;16.6167;120.3;;;;;;;;Keine Referenz gefunden
Classic 1997;San Miguel de Cozumel, México;Ref;20.5124;-86.9516;;;;;;;;Keine Referenz gefunden
Classic 1997;Sandheads (Station Harry), British Columbia, Canada;Ref;49.1333;-123.2833;;;;;;;;Keine Referenz gefunden
Classic 1997;Santa Cruz, Philippines;Ref;15.7603;119.9071;;;;;;;;Keine Referenz gefunden
Classic 1997;Santana, Brazil;Ref;-0.0587;-51.1748;;;;;;;;Keine Referenz gefunden
Classic 1997;Santo Antonio, Principe, São Tomé and Príncipe;Ref;1.6333;7.4167;;;;;;;;Keine Referenz gefunden
Classic 1997;Santo Domingo (Ciudad Trujillo), Dominican Republic;Ref;18.4667;-69.8833;;;;;;;;Keine Referenz gefunden
Classic 1997;São Francisco do Sul, Brazil;Ref;-26.2333;-48.6333;;;;;;;;Keine Referenz gefunden
Classic 1997;São Luís, Brazil;Ref;-2.5167;-44.2833;;;;;;;;Keine Referenz gefunden
Classic 1997;São Sebastião, Brazil;Ref;-23.8;-45.3833;;;;;;;;Keine Referenz gefunden
Classic 1997;Sattahip, Thailand;Ref;12.65;100.8833;;;;;;;;Keine Referenz gefunden
Classic 1997;Scotia Bay, Laurie Island, South Orkneys, Antarctica;Ref;-60.7452;-44.6941;;;;;;;;Keine Referenz gefunden
Classic 1997;Scrabster, Scotland, United Kingdom;Ref;58.6113;-3.54;;;;;;;;Keine Referenz gefunden
Classic 1997;Sesimbra, Portugal;Ref;38.4333;-9.1167;;;;;;;;Keine Referenz gefunden
Classic 1997;Sfax, Tunisia;Ref;34.7276;10.7742;;;;;;;;Keine Referenz gefunden
Classic 1997;Shaat al Arab, Iraq;Ref;29.8333;48.7167;;;;;;;;Keine Referenz gefunden
Classic 1997;Shadwan, Egypt;Ref;27.45;34.0333;;;;;;;;Keine Referenz gefunden
Classic 1997;Shanghai, China;Ref;31.4;121.5;;;;;;;;Keine Referenz gefunden
Classic 1997;Shantou (Han River), China;Ref;23.3333;116.75;;;;;;;;Keine Referenz gefunden
Classic 1997;Sharjah (Ash Shariqah), United Arab Emirates;Ref;25.3667;55.3833;;;;;;;;Keine Referenz gefunden
Classic 1997;Shoreham-by-Sea, England, United Kingdom;Ref;50.8298;-0.2486;;;;;;;;Keine Referenz gefunden
Classic 1997;Shortt Island, India;Ref;20.7833;87.0667;;;;;;;;Keine Referenz gefunden
Classic 1997;Sihanoukville (Kampong Saom), Cambodia;Ref;10.6333;103.4833;;;;;;;;Keine Referenz gefunden
Classic 1997;Sogwip'o, Cheju Do, South Korea;Ref;33.2333;126.55;;;;;;;;Keine Referenz gefunden
Classic 1997;Songkhla, Thailand;Ref;7.2322;100.5821;;;;;;;;Keine Referenz gefunden
Classic 1997;Sonok Do, South Korea;Ref;34.5;127.15;;;;;;;;Keine Referenz gefunden
Classic 1997;Sovetskaya Gavan, Russia;Ref;49.0052;140.3062;;;;;;;;Keine Referenz gefunden
Classic 1997;Soyo, Angola;Ref;-6.1203;12.3643;;;;;;;;Keine Referenz gefunden
Classic 1997;Split, Croatia;Ref;43.5;16.4333;;;;;;;;Keine Referenz gefunden
Classic 1997;St. Johns, Antigua, Antigua and Barbuda;Ref;17.1333;-61.8667;;;;;;;;Keine Referenz gefunden
Classic 1997;Steventon, Great Exuma Island, Bahamas;Ref;23.6667;-75.9667;;;;;;;;Keine Referenz gefunden
Classic 1997;Suez, Egypt;Ref;29.9356;32.5581;;;;;;;;Keine Referenz gefunden
Classic 1997;Sullom Voe, Shetland Islands, Scotland, United Kingdom;Ref;60.4597;-1.2998;;;;;;;;Keine Referenz gefunden
Classic 1997;Sungai Barito, Borneo, Indonesia;Ref;-3.5302;114.5067;;;;;;;;Keine Referenz gefunden
Classic 1997;Sungai Kutei, Borneo, Indonesia;Ref;-0.7;117.5;;;;;;;;Keine Referenz gefunden
Classic 1997;Sungai Muturi, New Guinea, Indonesia;Ref;-2.2333;133.65;;;;;;;;Keine Referenz gefunden
Classic 1997;Sungai Sarawak, Malaysia;Ref;1.75;110.5;;;;;;;;Keine Referenz gefunden
Classic 1997;Sunwi Do, North Korea;Ref;37.75;125.3227;;;;;;;;Keine Referenz gefunden
Classic 1997;Swansea (King's Dock), Wales, United Kingdom;Ref;51.6167;-3.9167;;;;;;;;Keine Referenz gefunden
Classic 1997;Tacloban, Philippines;Ref;11.25;125.0;;;;;;;;Keine Referenz gefunden
Classic 1997;Taehuksan Do, South Korea;Ref;34.6833;125.4333;;;;;;;;Keine Referenz gefunden
Classic 1997;Taeyonp'yong Do, North Korea;Ref;37.6667;125.7167;;;;;;;;Keine Referenz gefunden
Classic 1997;Tailevu, Fiji Islands, Fiji;Ref;-17.65;178.5833;;;;;;;;Keine Referenz gefunden
Classic 1997;Talcahuano, Chile;Ref;-36.6833;-73.1;;;;;;;;Keine Referenz gefunden
Classic 1997;Tamatave, Madagascar;Ref;-18.148;49.4315;;;;;;;;Keine Referenz gefunden
Classic 1997;Tanger, Morocco;Ref;35.7833;-5.8;;;;;;;;Keine Referenz gefunden
Classic 1997;Tangoa, Vanuatu;Ref;-15.5877;166.99;;;;;;;;Keine Referenz gefunden
Classic 1997;Tanjong Baram, Malaysia;Ref;4.5833;113.9833;;;;;;;;Keine Referenz gefunden
Classic 1997;Tanjong Sedili Kechil, Malaysia;Ref;1.85;104.15;;;;;;;;Keine Referenz gefunden
Classic 1997;Tarbert Island, River Shannon, Ireland;Ref;52.5871;-9.3595;;;;;;;;Keine Referenz gefunden
Classic 1997;Tianjin Xingang, China;Ref;38.9833;117.7;;;;;;;;Keine Referenz gefunden
Classic 1997;Tongyong (Ch'ungmu), South Korea;Ref;34.8333;128.4167;;;;;;;;Keine Referenz gefunden
Classic 1997;Trincomalee, Sri Lanka;Ref;8.55;81.2167;;;;;;;;Keine Referenz gefunden
Classic 1997;Trindade Island, Brazil;Ref;-20.5;-29.3;;;;;;;;Keine Referenz gefunden
Classic 1997;Tubarão, Brazil;Ref;-20.301;-40.2405;;;;;;;;Keine Referenz gefunden
Classic 1997;Tuktoyaktuk, Nunavut/NWT, Canada;Ref;69.45;-133.0;TICON4;Tuktoyaktuk, N.W.T., Canada;Proximity (1.2km);1.2;217.3;0.297;3;OK
Classic 1997;Tulear, Madagascar;Ref;-23.3613;43.6631;;;;;;;;Keine Referenz gefunden
Classic 1997;Tutia, Baia da, Brazil;Ref;-2.75;-42.2333;;;;;;;;Keine Referenz gefunden
Classic 1997;Ujung Pandang, Sulawesi, Indonesia;Ref;-5.15;119.4;;;;;;;;Keine Referenz gefunden
Classic 1997;Ulneung Do, South Korea;Ref;37.5;130.9167;;;;;;;;Keine Referenz gefunden
Classic 1997;Ulsan, South Korea;Ref;35.5018;129.3873;;;;;;;;Keine Referenz gefunden
Classic 1997;Umm al Hatab, United Arab Emirates;Ref;24.2167;51.8667;;;;;;;;Keine Referenz gefunden
Classic 1997;Usuyong, South Korea;Ref;34.5833;126.2833;;;;;;;;Keine Referenz gefunden
Classic 1997;Veraval, India;Ref;20.9;70.3667;;;;;;;;Keine Referenz gefunden
Classic 1997;Vila do Porto, Santa Maria, Açores, Portugal;Ref;36.95;-25.15;;;;;;;;Keine Referenz gefunden
Classic 1997;Vila Real de Santo Antonio, Portugal;Ref;37.1833;-7.4;;;;;;;;Keine Referenz gefunden
Classic 1997;Villa Balnearia 7 de Marzo (Rio Negro), Argentina;Ref;-41.0306;-62.7676;;;;;;;;Keine Referenz gefunden
Classic 1997;Vitória, Brazil;Ref;-20.3167;-40.3167;;;;;;;;Keine Referenz gefunden
Classic 1997;Walton-on-the-Naze, England, United Kingdom;Ref;51.8456;1.2741;;;;;;;;Keine Referenz gefunden
Classic 1997;Wando Island, South Korea;Ref;34.3167;126.75;;;;;;;;Keine Referenz gefunden
Classic 1997;Wangjia Wan, China;Ref;36.8647;122.3916;;;;;;;;Keine Referenz gefunden
Classic 1997;Wasini Island, Kenya;Ref;-4.6581;39.3663;;;;;;;;Keine Referenz gefunden
Classic 1997;Weihai, China;Ref;37.5;122.1667;;;;;;;;Keine Referenz gefunden
Classic 1997;Wellhouse Rock, River Severn, England, United Kingdom;Ref;51.7346;-2.48;;;;;;;;Keine Referenz gefunden
Classic 1997;Willemstad, Curacao;Ref;12.1;-68.9333;;;;;;;;Keine Referenz gefunden
Classic 1997;Wonsan, North Korea;Ref;39.1749;127.442;;;;;;;;Keine Referenz gefunden
Classic 1997;Wonsando (Taech'on), South Korea;Ref;36.3833;126.4333;;;;;;;;Keine Referenz gefunden
Classic 1997;Yangon (Rangoon) River, Myanmar;Ref;16.4833;96.3;;;;;;;;Keine Referenz gefunden
Classic 1997;Yawata, Japan;Ref;33.9167;130.8167;;;;;;;;Keine Referenz gefunden
Classic 1997;Yekaterininskaya, Russia;Ref;69.2;33.4667;;;;;;;;Keine Referenz gefunden
Classic 1997;Yeong-do, Busan, South Korea;Ref;35.0954;129.0365;;;;;;;;Keine Referenz gefunden
Classic 1997;Yeosu, South Korea;Ref;34.7333;127.7667;;;;;;;;Keine Referenz gefunden
Classic 1997;Yingkou, China;Ref;40.6833;122.2667;;;;;;;;Keine Referenz gefunden
Classic 1997;Yokohama, Japan;Ref;35.4;139.6333;;;;;;;;Keine Referenz gefunden
Classic 1997;Zadar, Croatia;Ref;44.0833;15.2667;;;;;;;;Keine Referenz gefunden
Classic 1997;Zafarana, Egypt;Ref;29.05;32.628;;;;;;;;Keine Referenz gefunden
Classic 1997;Zaliv Baykal, Russia;Ref;53.5333;142.2333;;;;;;;;Keine Referenz gefunden
Classic 1997;Zaliv Chikhacheva, Russia;Ref;51.4333;140.8667;;;;;;;;Keine Referenz gefunden
Classic 1997;Zhanjiang, China;Ref;21.1667;110.4077;;;;;;;;Keine Referenz gefunden
Classic 2004;Aba, Nagasaki, Japan;Ref;32.75;129.95;;;;;;;;Keine Referenz gefunden
Classic 2004;Abbapoola Creek entrance, Stono River, South Carolina;Ref;32.6767;-80.0067;DWF 2025;Abbapoola Creek entrance, Stono River, South Carolina;Name;;4.0;0.017;6;OK
Classic 2004;Abbot Point, Australia;Ref;-19.8833;148.0833;;;;;;;;Keine Referenz gefunden
Classic 2004;Abott Harbour, Nova Scotia, Canada;Ref;43.6637;-65.8238;;;;;;;;Keine Referenz gefunden
Classic 2004;Abrahams Bay, Mayaguana Island, Bahamas;Ref;22.3667;-73.0;;;;;;;;Keine Referenz gefunden
Classic 2004;Abram River, Nova Scotia, Canada;Ref;43.8231;-65.9351;;;;;;;;Keine Referenz gefunden
Classic 2004;Acadia Cove, Nunavut, Canada;Ref;61.3431;-64.8982;;;;;;;;Keine Referenz gefunden
Classic 2004;Active Pass, British Columbia, Canada Current;Ref;48.8604;-123.3128;;;;;;;;Current-Station (übersprungen)
Classic 2004;Ada, Okinawa, Japan;Ref;26.7333;128.317;;;;;;;;Keine Referenz gefunden
Classic 2004;Addenbroke Island, British Columbia (2), Canada;Ref;51.605;-127.826;;;;;;;;Keine Referenz gefunden
Classic 2004;Addenbroke Island, British Columbia, Canada;Ref;51.605;-127.826;;;;;;;;Keine Referenz gefunden
Classic 2004;Adele Island, Australia;Ref;-15.5167;123.15;;;;;;;;Keine Referenz gefunden
Classic 2004;Admiralty Inlet, Washington Current;Ref;48.03;-122.6367;;;;;;;;Current-Station (übersprungen)
Classic 2004;Admiralty Island, Nunavut, Canada;Ref;69.45;-100.9833;;;;;;;;Keine Referenz gefunden
Classic 2004;Adolphus Island, Australia;Ref;-15.1167;128.1833;;;;;;;;Keine Referenz gefunden
Classic 2004;Advocate, Nova Scotia, Canada;Ref;45.332;-64.7754;;;;;;;;Keine Referenz gefunden
Classic 2004;Aigura Point, Papua New Guinea;Ref;-10.1333;150.25;;;;;;;;Keine Referenz gefunden
Classic 2004;Ainoura, Nagasaki, Japan;Ref;33.1833;129.633;;;;;;;;Keine Referenz gefunden
Classic 2004;Aioi, Hyogo, Japan;Ref;34.8;134.467;;;;;;;;Keine Referenz gefunden
Classic 2004;Airstrip Point, Nunavut, Canada;Ref;76.0702;-97.59;;;;;;;;Keine Referenz gefunden
Classic 2004;Akasaki, Tottori, Japan;Ref;35.5167;133.667;;;;;;;;Keine Referenz gefunden
Classic 2004;Akasi, Hyogo, Japan;Ref;34.65;135.0;;;;;;;;Keine Referenz gefunden
Classic 2004;Akkesi Ko, Hokkaido, Japan;Ref;43.0333;144.867;;;;;;;;Keine Referenz gefunden
Classic 2004;Akkesi, Hokkaido, Japan;Ref;43.0333;144.85;;;;;;;;Keine Referenz gefunden
Classic 2004;Ako (Harima Nada), Hyogo, Japan;Ref;34.75;134.367;;;;;;;;Keine Referenz gefunden
Classic 2004;Akreavenek Island, Nunavut, Canada;Ref;63.4173;-90.6665;;;;;;;;Keine Referenz gefunden
Classic 2004;Akulivik, Hudson Bay, Québec, Canada;Ref;60.8015;-78.2191;;;;;;;;Keine Referenz gefunden
Classic 2004;Akureyri, Iceland;Ref;65.6833;-18.1167;;;;;;;;Keine Referenz gefunden
Classic 2004;Akutan Pass, Aleutian Islands, Alaska Current;Ref;54.0217;-166.0517;;;;;;;;Current-Station (übersprungen)
Classic 2004;Albany Island, Endeavour Strait;Ref;-10.7167;142.5833;;;;;;;;Keine Referenz gefunden
Classic 2004;Alberta Pool Elev., British Columbia, Canada;Ref;49.2947;-123.0245;;;;;;;;Keine Referenz gefunden
Classic 2004;Alberton, Prince Edward Island, Canada;Ref;46.7951;-64.0583;;;;;;;;Keine Referenz gefunden
Classic 2004;Alcatraz (North Point), San Francisco Bay, California Current;Ref;37.8267;-122.4167;;;;;;;;Current-Station (übersprungen)
Classic 2004;Alice Arm, British Columbia (2), Canada;Ref;55.47;-129.496;;;;;;;;Keine Referenz gefunden
Classic 2004;Alison Sound, British Columbia, Canada;Ref;51.161;-126.982;;;;;;;;Keine Referenz gefunden
Classic 2004;Alligator Reef Light, Florida;Ref;24.85;-80.6183;DWF 2025;Alligator Reef, Hawk Channel, Florida;Proximity (0.0km);;8.0;0.011;5;OK
Classic 2004;Amagasaki, Hyogo, Japan;Ref;34.7;135.4;;;;;;;;Keine Referenz gefunden
Classic 2004;Amelia City, South Amelia River, Florida (2);Ref;30.5867;-81.4633;DWF 2025;Amelia City, South Amelia River, Florida;Name;;-15.5;0.245;6;OK
Classic 2004;American River, Australia;Ref;-35.8;137.7667;;;;;;;;Keine Referenz gefunden
Classic 2004;Anacortes, Guemes Channel, Washington;Ref;48.5167;-122.6167;DWF 2025;Anacortes, Guemes Channel, Washington;Name;0.3;1.0;0.044;7;OK
Classic 2004;Anaga Ura, Hyogo, Japan;Ref;34.2667;134.667;;;;;;;;Keine Referenz gefunden
Classic 2004;Anamizu, Ishikawa, Japan;Ref;37.2167;136.917;;;;;;;;Keine Referenz gefunden
Classic 2004;Anchorage (Knik Arm), Alaska;Ref;61.2383;-149.9167;DWF 2025;Anchorage Shipdock, northwest of (depth 20 ft), Cook Inlet, Alaska Current;Proximity (0.9km);0.9;;;;Keine Vorhersagen
Classic 2004;Anchorage, Alaska (2) (expired 1999-08-03);Ref;61.2383;-149.8883;DWF 2025;Anchorage, Knik Arm, Cook Inlet, Alaska;Proximity (0.1km);0.1;5.2;0.113;6;OK
Classic 2004;Anesaki, Tiba, Japan;Ref;35.4833;140.033;;;;;;;;Keine Referenz gefunden
Classic 2004;Anewa Bay, Solomon Islands;Ref;-6.1833;155.55;;;;;;;;Keine Referenz gefunden
Classic 2004;Antigonish Harbour, Nova Scotia, Canada;Ref;45.672;-61.907;;;;;;;;Keine Referenz gefunden
Classic 2004;Ao Sima, Ehime, Japan;Ref;33.7333;132.483;;;;;;;;Keine Referenz gefunden
Classic 2004;Ao, Toyama, Japan;Ref;36.8833;136.983;;;;;;;;Keine Referenz gefunden
Classic 2004;Aokata, Nagasaki, Japan;Ref;33.0;129.05;;;;;;;;Keine Referenz gefunden
Classic 2004;Aonae, Hokkaido, Japan;Ref;42.0667;139.45;;;;;;;;Keine Referenz gefunden
Classic 2004;Apollo Bay, Australia;Ref;-38.7575;143.6744;;;;;;;;Keine Referenz gefunden
Classic 2004;Aquia Creek, Virginia;Ref;38.4183;-77.3533;DWF 2025;Aquia Creek, Potomac River, Virginia;Proximity (0.0km);;-28.7;0.022;7;OK
Classic 2004;Arakawa (Tamanoura), Nagasaki, Japan;Ref;32.6667;128.683;;;;;;;;Keine Referenz gefunden
Classic 2004;Arakawa, Nagasaki, Japan;Ref;32.9167;129.05;;;;;;;;Keine Referenz gefunden
Classic 2004;Aransas Channel, Texas;Ref;27.8383;-97.0517;DWF 2025;UTMSI Research Pier (midchannel) (depth 20 ft), Port Aransas, Texas Current;Proximity (0.0km);0.0;;;;Keine Vorhersagen
Classic 2004;Aransas Pass, Texas Current;Ref;27.8333;-97.045;;;;;;;;Current-Station (übersprungen)
Classic 2004;Archer River, Australia;Ref;-13.3333;141.65;;;;;;;;Keine Referenz gefunden
Classic 2004;Arctic Bay, Nunavut, Canada;Ref;72.9927;-85.0619;;;;;;;;Keine Referenz gefunden
Classic 2004;Ardrossan, Australia;Ref;-34.4333;137.9167;;;;;;;;Keine Referenz gefunden
Classic 2004;Arichat, Nova Scotia, Canada;Ref;45.5101;-61.0181;;;;;;;;Keine Referenz gefunden
Classic 2004;Arikawa, Nagasaki, Japan;Ref;32.9833;129.117;;;;;;;;Keine Referenz gefunden
Classic 2004;Arisaig, Nova Scotia, Canada;Ref;45.7603;-62.1724;;;;;;;;Keine Referenz gefunden
Classic 2004;Armentieres Channel, British Columbia (2), Canada;Ref;53.115;-132.389;;;;;;;;Keine Referenz gefunden
Classic 2004;Arno Bay, Australia;Ref;-33.9167;136.5833;;;;;;;;Keine Referenz gefunden
Classic 2004;Arnold's Cove, Newfoundland, Canada;Ref;47.758;-53.9901;;;;;;;;Keine Referenz gefunden
Classic 2004;Arviat, Nunavut, Canada;Ref;61.11;-94.0637;;;;;;;;Keine Referenz gefunden
Classic 2004;Ashe Inlet, Big Island, Nunavut, Canada;Ref;62.5409;-70.5456;;;;;;;;Keine Referenz gefunden
Classic 2004;Ashmore Reef, Australia;Ref;-12.2167;123.0167;;;;;;;;Keine Referenz gefunden
Classic 2004;Asibe, Nagasaki, Japan;Ref;33.8167;129.767;;;;;;;;Keine Referenz gefunden
Classic 2004;Astoria (Tongue Point), Oregon (2) (expired 1985-12-31);Ref;46.2083;-123.7667;DWF 2025;Tongue Point, Astoria, Columbia River, Oregon;Proximity (0.2km);0.2;13.2;0.061;6;OK
Classic 2004;Astoria (Tongue Point), Oregon (3);Ref;46.208;-123.767;DWF 2025;Tongue Point, Astoria, Columbia River, Oregon;Proximity (0.1km);0.1;5.5;0.639;6;OK
Classic 2004;Atkinson Point, Nunavut/NWT, Canada;Ref;69.95;-131.4167;;;;;;;;Keine Referenz gefunden
Classic 2004;Atlantic City (Steel Pier), New Jersey (2);Ref;39.355;-74.4183;DWF 2025;Atlantic City, New Jersey;Proximity (0.2km);0.2;2.0;0.040;5;OK
Classic 2004;Atlantic City (Steel Pier), New Jersey (4);Ref;39.355;-74.4183;DWF 2025;Atlantic City, New Jersey;Proximity (0.2km);0.2;-5.8;0.059;5;OK
Classic 2004;Aulatsivik Point, Nunavut, Canada;Ref;66.1811;-65.6364;;;;;;;;Keine Referenz gefunden
Classic 2004;Auld Cove, Nova Scotia, Canada;Ref;45.6485;-61.4351;;;;;;;;Keine Referenz gefunden
Classic 2004;Aulitiving Island, Nunavut, Canada;Ref;69.5167;-67.15;;;;;;;;Keine Referenz gefunden
Classic 2004;Avalon Channel, Newfoundland, Canada;Ref;47.4;-51.8;;;;;;;;Keine Referenz gefunden
Classic 2004;Avila, California;Ref;35.17;-120.74;DWF 2025;Port San Luis, California;Proximity (1.3km);1.3;-0.5;0.797;4;OK
Classic 2004;Avon, North Carolina;Ref;35.3467;-75.5;DWF 2025;Avon Seafood dock, Peter's Ditch, Avon, North Carolina;Proximity (1.2km);1.2;-194.6;0.595;5;OK
Classic 2004;Awasima (Bisan Seto), Kagawa, Japan;Ref;34.2667;133.633;;;;;;;;Keine Referenz gefunden
Classic 2004;Awazu, Tokusima, Japan;Ref;34.1333;134.617;;;;;;;;Keine Referenz gefunden
Classic 2004;Azigasawa, Aomori, Japan;Ref;40.7833;140.217;;;;;;;;Keine Referenz gefunden
Classic 2004;Aziro (Naruto), Tokusima, Japan;Ref;34.2333;134.633;;;;;;;;Keine Referenz gefunden
Classic 2004;Aziro (Sizuoka), Sizuoka, Japan;Ref;35.05;139.083;;;;;;;;Keine Referenz gefunden
Classic 2004;Babs Bay, Hudson Bay, Québec, Canada;Ref;60.7667;-78.3167;;;;;;;;Keine Referenz gefunden
Classic 2004;Back Bay, Letite Harbour, New Brunswick, Canada;Ref;45.0558;-66.8648;;;;;;;;Keine Referenz gefunden
Classic 2004;Baffin, Nunavut, Canada;Ref;69.9833;-84.0333;;;;;;;;Keine Referenz gefunden
Classic 2004;Baha Honda Harbor (Bridge) Florida Current;Ref;24.6567;-81.2883;;;;;;;;Current-Station (übersprungen)
Classic 2004;Baha Honda Key (Bridge), Florida;Ref;24.655;-81.2817;DWF 2025;Bahia Honda Key, Bahia Honda Channel, Florida;Proximity (0.0km);;4.2;0.012;6;OK
Classic 2004;Baha Pinas, Panama;Ref;7.5831;-78.1803;;;;;;;;Keine Referenz gefunden
Classic 2004;Baie Johan-Beetz, Québec, Canada;Ref;50.2837;-62.8102;;;;;;;;Keine Referenz gefunden
Classic 2004;Baie Verte, Newfoundland, Canada;Ref;49.9373;-56.1914;;;;;;;;Keine Referenz gefunden
Classic 2004;Baie-d'Hudson, Québec, Canada;Ref;55.0333;-77.75;;;;;;;;Keine Referenz gefunden
Classic 2004;Baie-d'Hudson, Québec, Canada;Ref;62.1478;-74.6945;;;;;;;;Keine Referenz gefunden
Classic 2004;Baie-d'Hudson, Québec, Canada;Ref;56.0;-74.7667;;;;;;;;Keine Referenz gefunden
Classic 2004;Baie-d'Hudson, Québec, Canada;Ref;56.0333;-76.0667;;;;;;;;Keine Referenz gefunden
Classic 2004;Baie-Saint-Paul, Québec, Canada;Ref;47.4255;-70.4557;;;;;;;;Keine Referenz gefunden
Classic 2004;Bailay Creek, Australia;Ref;-16.2;145.45;;;;;;;;Keine Referenz gefunden
Classic 2004;Bailey's Landing, Okatee Wharf, South Carolina;Ref;32.3467;-80.89;DWF 2025;Baileys Landing, Okatee River, Colleton River, South Carolina;Proximity (0.0km);;0.2;0.038;5;OK
Classic 2004;Baillie Island (South Spit), Nunavut/NWT, Canada;Ref;70.5167;-128.35;;;;;;;;Keine Referenz gefunden
Classic 2004;Baillie Island, Nunavut/NWT, Canada;Ref;70.55;-128.1333;;;;;;;;Keine Referenz gefunden
Classic 2004;Bakkai, Hokkaido, Japan;Ref;45.3167;141.617;;;;;;;;Keine Referenz gefunden
Classic 2004;Baleen Island, Nunavut, Canada;Ref;63.95;-93.0833;;;;;;;;Keine Referenz gefunden
Classic 2004;Ballantyne Cove, Nova Scotia, Canada;Ref;45.8579;-61.9179;;;;;;;;Keine Referenz gefunden
Classic 2004;Ballina, Australia;Ref;-28.8667;153.5833;;;;;;;;Keine Referenz gefunden
Classic 2004;Baltimore (Chesapeake Bay), Maryland;Ref;39.16;-76.347;DWF 2025;Brewerton Channel Extension, LB 2BE (depth 11 ft), Chesapeake Bay, Maryland Current;Proximity (1.9km);1.9;;;;Keine Vorhersagen
Classic 2004;Baltimore Harbor Approach, Maryland Current;Ref;39.0133;-76.3683;;;;;;;;Current-Station (übersprungen)
Classic 2004;Bampfield Head, Endeavour Strait;Ref;-10.7;142.1;;;;;;;;Keine Referenz gefunden
Classic 2004;Banquereau Bank, Nova Scotia, Canada;Ref;44.5833;-57.6833;;;;;;;;Keine Referenz gefunden
Classic 2004;Barbour Bay, Nunavut, Canada;Ref;63.7;-91.9167;;;;;;;;Keine Referenz gefunden
Classic 2004;Barnard Harbour, British Columbia (2), Canada;Ref;53.074;-129.117;;;;;;;;Keine Referenz gefunden
Classic 2004;Barnegat Inlet, Barnegat Bay, New Jersey Current;Ref;39.7667;-74.1167;;;;;;;;Current-Station (übersprungen)
Classic 2004;Barrington Passage, Nova Scotia, Canada;Ref;43.5247;-65.6066;;;;;;;;Keine Referenz gefunden
Classic 2004;Barrow Island - Tkr Mrg, Australia;Ref;-20.8167;115.55;;;;;;;;Keine Referenz gefunden
Classic 2004;Barrow Island, Australia;Ref;-20.7167;115.4667;;;;;;;;Keine Referenz gefunden
Classic 2004;Basilaki, Pitt Bay, Papua New Guinea;Ref;-10.6167;151.05;;;;;;;;Keine Referenz gefunden
Classic 2004;Bassin De La Rivière St-Charles, Québec, Canada;Ref;46.8111;-71.2018;UTide CA;Vieux-Québec, Québec, Canada;Proximity (0.0km);;-16.6;0.230;7;OK
Classic 2004;Bathurst, New Brunswick, Canada;Ref;47.6146;-65.6396;;;;;;;;Keine Referenz gefunden
Classic 2004;Battle Harbour, Labrador, Canada;Ref;52.2736;-55.5839;;;;;;;;Keine Referenz gefunden
Classic 2004;Baudin Island, Australia;Ref;-14.1333;125.6;;;;;;;;Keine Referenz gefunden
Classic 2004;Baxters Harbour, Nova Scotia, Canada;Ref;45.2309;-64.5144;;;;;;;;Keine Referenz gefunden
Classic 2004;Bay Du Vin, New Brunswick, Canada;Ref;47.05;-65.0167;;;;;;;;Keine Referenz gefunden
Classic 2004;Bay Of Woe, Nunavut, Canada;Ref;76.4167;-89.0167;;;;;;;;Keine Referenz gefunden
Classic 2004;Bay Shore, Watchogue Creek Entrance, Long Island, New York;Ref;40.7167;-73.24;DWF 2025;Bay Shore, Watchogue Creek entrance, Great South Bay, New York;Proximity (0.0km);;10.8;0.040;4;OK
Classic 2004;Bay St. Lawrence, Nova Scotia, Canada;Ref;47.0035;-60.4676;;;;;;;;Keine Referenz gefunden
Classic 2004;Bay St. Louis, Mississippi;Ref;30.3067;-89.3283;DWF 2025;Bay Waveland Yacht Club, Bay St. Louis, Mississippi;Proximity (2.2km);2.2;51.0;0.061;4;OK
Classic 2004;Bayley Island, Australia;Ref;-16.9;139.0667;;;;;;;;Keine Referenz gefunden
Classic 2004;Bayonne Bridge, Kill van Kull, New York Current (2);Ref;40.6417;-74.1433;;;;;;;;Current-Station (übersprungen)
Classic 2004;Bayonne Bridge, Staten Island, New York;Ref;40.64;-74.1467;DWF 2025;Bayonne Bridge, Bergen Point West Reach, New York;Proximity (0.1km);0.1;2.6;0.063;5;OK
Classic 2004;Bayou Rigaud, Grand Isle, Mississippi River Delta, Louisiana;Ref;29.255;-89.9683;DWF 2025;Grand Isle, Mississippi River Delta, Louisiana;Proximity (0.0km);;-3.0;0.017;4;OK
Classic 2004;Beachport, Australia;Ref;-37.4847;140.0187;;;;;;;;Keine Referenz gefunden
Classic 2004;Beachside, Newfoundland, Canada;Ref;49.6431;-55.8957;;;;;;;;Keine Referenz gefunden
Classic 2004;Bear Island, Nunavut, Canada;Ref;54.3533;-81.0833;;;;;;;;Keine Referenz gefunden
Classic 2004;Bear Islands, Nunavut, Canada;Ref;55.1;-78.35;;;;;;;;Keine Referenz gefunden
Classic 2004;Beaver Harbour, New Brunswick, Canada;Ref;45.0684;-66.7395;;;;;;;;Keine Referenz gefunden
Classic 2004;Becher Bay, British Columbia (2), Canada;Ref;48.3349;-123.6038;;;;;;;;Keine Referenz gefunden
Classic 2004;Becher Bay, British Columbia, Canada;Ref;48.3349;-123.6038;;;;;;;;Keine Referenz gefunden
Classic 2004;Bedford Island, Australia;Ref;-16.15;123.3167;;;;;;;;Keine Referenz gefunden
Classic 2004;Bedout Islet, Australia;Ref;-19.6;119.1;;;;;;;;Keine Referenz gefunden
Classic 2004;Bedwell Harbour, British Columbia (2), Canada;Ref;48.7478;-123.2273;;;;;;;;Keine Referenz gefunden
Classic 2004;Beechy Island, Barrow Strait, Nunavut, Canada;Ref;74.7167;-91.9;;;;;;;;Keine Referenz gefunden
Classic 2004;Belanger Island, Québec, Canada;Ref;56.132;-76.7071;;;;;;;;Keine Referenz gefunden
Classic 2004;Belcher Point, Nunavut, Canada;Ref;75.7667;-81.0833;;;;;;;;Keine Referenz gefunden
Classic 2004;Belize City, Belize;Ref;17.5;-88.1833;;;;;;;;Keine Referenz gefunden
Classic 2004;Belize Inlet, British Columbia, Canada;Ref;51.122;-127.274;;;;;;;;Keine Referenz gefunden
Classic 2004;Bell Cay, Australia;Ref;-21.8167;151.25;;;;;;;;Keine Referenz gefunden
Classic 2004;Bell Island, Newfoundland, Canada;Ref;47.6298;-52.9235;;;;;;;;Keine Referenz gefunden
Classic 2004;Belle Cote Breakwater, Nova Scotia, Canada;Ref;46.4279;-61.0887;;;;;;;;Keine Referenz gefunden
Classic 2004;Belleoram, Newfoundland, Canada;Ref;47.5268;-55.4093;;;;;;;;Keine Referenz gefunden
Classic 2004;Belleville, Passaic River, New Jersey;Ref;40.7767;-74.1517;DWF 2025;Belleville, Passaic River, New Jersey;Name;1.2;-2.8;0.019;5;OK
Classic 2004;Bellingham, Washington (2);Ref;48.75;-122.5;DWF 2025;Bellingham, Bellingham Bay, Washington;Proximity (0.7km);0.7;-3.7;0.089;7;OK
Classic 2004;Belliveau Village, New Brunswick, Canada;Ref;45.9371;-64.6197;;;;;;;;Keine Referenz gefunden
Classic 2004;Bere Bay, Nunavut, Canada;Ref;76.95;-94.0167;;;;;;;;Keine Referenz gefunden
Classic 2004;Bergh Cove, British Columbia, Canada;Ref;50.537;-127.624;;;;;;;;Keine Referenz gefunden
Classic 2004;Berkeley Yacht Harbor, California Current;Ref;37.8522;-122.3112;;;;;;;;Current-Station (übersprungen)
Classic 2004;Berkeley, California;Ref;37.8667;-122.3;DWF 2025;Berkeley, San Francisco Bay, California;Proximity (0.6km);0.6;6.7;0.077;6;OK
Classic 2004;Bernard Harbour, Nunavut/NWT, Canada;Ref;68.784;-114.7585;;;;;;;;Keine Referenz gefunden
Classic 2004;Berthier-sur-Mer, Québec, Canada;Ref;46.9362;-70.7373;;;;;;;;Keine Referenz gefunden
Classic 2004;Big Bay, British Columbia (2), Canada;Ref;50.393;-125.1352;;;;;;;;Keine Referenz gefunden
Classic 2004;Big Bras D'or, Nova Scotia, Canada;Ref;46.2814;-60.4246;;;;;;;;Keine Referenz gefunden
Classic 2004;Big Paradise Island, Wando River, South Carolina;Ref;32.915;-79.7467;DWF 2025;Big Paradise Island, Wando River, South Carolina;Name;;5.5;0.022;6;OK
Classic 2004;Big River Cove, Tasmania;Ref;-40.2667;148.1;;;;;;;;Keine Referenz gefunden
Classic 2004;Billygoat Bay, British Columbia (2), Canada;Ref;50.398;-125.865;;;;;;;;Keine Referenz gefunden
Classic 2004;Birnie Island, British Columbia, Canada;Ref;54.6;-130.4667;;;;;;;;Keine Referenz gefunden
Classic 2004;Black Joke Cove, Labrador, Canada;Ref;51.9993;-55.2793;;;;;;;;Keine Referenz gefunden
Classic 2004;Black Rock Point, Nova Scotia, Canada;Ref;46.3049;-60.3923;;;;;;;;Keine Referenz gefunden
Classic 2004;Blackett Strait, Solomon Islands;Ref;-8.1333;157.1333;;;;;;;;Keine Referenz gefunden
Classic 2004;Blacks Harbour, New Brunswick, Canada;Ref;45.0478;-66.8079;;;;;;;;Keine Referenz gefunden
Classic 2004;Blaine, Semiahmoo Bay, Washington (2);Ref;49.0;-122.7667;DWF 2025;Drayton Harbor, Blaine, Strait of Georgia, Washington;Proximity (0.9km);0.9;-5.8;0.043;8;OK
Classic 2004;Blanc-Sablon, Québec, Canada;Ref;51.4153;-57.1507;;;;;;;;Keine Referenz gefunden
Classic 2004;Blanche Port, Australia;Ref;-32.7667;134.2;;;;;;;;Keine Referenz gefunden
Classic 2004;Blandford, Nova Scotia, Canada;Ref;44.4953;-64.1123;;;;;;;;Keine Referenz gefunden
Classic 2004;Blind Bay, British Columbia (2), Canada;Ref;49.716;-124.179;;;;;;;;Keine Referenz gefunden
Classic 2004;Blind Channel, British Columbia (2), Canada;Ref;50.414;-125.502;;;;;;;;Keine Referenz gefunden
Classic 2004;Block Islands, British Columbia (2), Canada;Ref;53.157;-129.741;;;;;;;;Keine Referenz gefunden
Classic 2004;Bloedel, British Columbia (2), Canada;Ref;50.118;-125.381;;;;;;;;Keine Referenz gefunden
Classic 2004;Bloody Point, Daufuskie Island, New River, South Carolina;Ref;32.0833;-80.8833;DWF 2025;Bloody Point, Daufuskie Island, New River, South Carolina;Name;0.5;3.6;0.026;5;OK
Classic 2004;Blount Island Bridge, St. Johns River, Florida;Ref;30.4133;-81.545;DWF 2025;Blount Island Bridge, Florida;Proximity (0.0km);;-10.2;0.628;6;OK
Classic 2004;Blubber Bay (Powell River Approaches), British Columbia (2), Canada;Ref;49.8;-124.6167;;;;;;;;Keine Referenz gefunden
Classic 2004;Bluff, New Zealand (2);Ref;-46.6;168.35;TICON4;Bluff Harbour, New Zealand;Proximity (1.3km);1.3;34.8;1.650;4;OK
Classic 2004;Bluffton, South Carolina;Ref;32.0833;-80.8667;DWF 2025;Bloody Point, Daufuskie Island, New River, South Carolina;Proximity (1.1km);1.1;51.8;0.472;4;OK
Classic 2004;Blunden Harbour, British Columbia, Canada;Ref;50.886;-127.243;;;;;;;;Keine Referenz gefunden
Classic 2004;Boat Harbour, British Columbia, Canada;Ref;49.09;-123.7982;;;;;;;;Keine Referenz gefunden
Classic 2004;Boat Passage, British Columbia, Canada Current;Ref;48.8167;-123.2;;;;;;;;Current-Station (übersprungen)
Classic 2004;Boca De Cangrejos, Isla Verde, San Juan, Puerto Rico;Ref;18.46;-65.9933;DWF 2025;Boca de Cangrejos, Puerto Rico;Proximity (0.4km);0.4;7.2;0.049;6;OK
Classic 2004;Boca Grande Channel, Florida Current;Ref;24.5667;-82.0667;;;;;;;;Current-Station (übersprungen)
Classic 2004;Boca Grande Pass, Charlotte Harbor, Florida Current;Ref;26.715;-82.2567;;;;;;;;Current-Station (übersprungen)
Classic 2004;Bodomari, Kagosima, Japan;Ref;31.2833;130.217;;;;;;;;Keine Referenz gefunden
Classic 2004;Bolivar Roads, Texas Current;Ref;29.3433;-94.7817;;;;;;;;Current-Station (übersprungen)
Classic 2004;Bonne Island, Nunavut, Canada;Ref;69.8;-82.75;;;;;;;;Keine Referenz gefunden
Classic 2004;Boonlye Point, Australia;Ref;-25.5667;152.9333;;;;;;;;Keine Referenz gefunden
Classic 2004;Boot Key Harbor, Vaca Key, Florida;Ref;24.7067;-81.0967;DWF 2025;Boot Key Harbor bridge, Boot Key, Florida;Proximity (0.9km);0.9;-2.7;0.019;6;OK
Classic 2004;Boothbay Harbor, Maine;Ref;43.85;-69.6283;DWF 2025;Boothbay Harbor, Maine;Name;;9.2;0.062;6;OK
Classic 2004;Bootless Inlet, Papua New Guinea;Ref;-9.5;147.25;;;;;;;;Keine Referenz gefunden
Classic 2004;Borrowman Bay, British Columbia (2), Canada;Ref;52.737;-129.281;;;;;;;;Keine Referenz gefunden
Classic 2004;Boston Harbor, Massachusetts Current;Ref;42.3383;-70.9567;;;;;;;;Current-Station (übersprungen)
Classic 2004;Boston, Massachusetts (2) (expired 1986-12-31);Ref;42.355;-71.05;DWF 2025;Boston, Boston Harbor, Massachusetts;Proximity (0.1km);0.1;1.0;0.055;6;OK
Classic 2004;Botwood, Newfoundland, Canada;Ref;49.1468;-55.3372;;;;;;;;Keine Referenz gefunden
Classic 2004;Bouverie Island, Nunavut, Canada;Ref;69.6333;-82.2;;;;;;;;Keine Referenz gefunden
Classic 2004;Brador, Québec, Canada;Ref;51.4828;-57.2418;;;;;;;;Keine Referenz gefunden
Classic 2004;Bramble Cay, Coral Sea;Ref;-9.1333;143.8667;;;;;;;;Keine Referenz gefunden
Classic 2004;Bramble Cove, Tasmania;Ref;-43.3167;146.0;;;;;;;;Keine Referenz gefunden
Classic 2004;Breakwater Harbor, Delaware;Ref;38.7817;-75.12;DWF 2025;Lewes, Fort Miles, Delaware;Proximity (0.1km);0.1;-0.6;0.048;5;OK
Classic 2004;Breakwater Harbor, Delaware (2) (expired 1983-12-31);Ref;38.7817;-75.12;DWF 2025;Lewes, Fort Miles, Delaware;Proximity (0.1km);0.1;-2.0;0.021;5;OK
Classic 2004;Brentwood Bay, British Columbia (2), Canada;Ref;48.578;-123.467;;;;;;;;Keine Referenz gefunden
Classic 2004;Brevoort Harbour, Nunavut, Canada;Ref;63.3167;-64.15;;;;;;;;Keine Referenz gefunden
Classic 2004;Bribie Island, Bongaree, Australia;Ref;-27.0833;153.15;;;;;;;;Keine Referenz gefunden
Classic 2004;Bridgeport, Connecticut;Ref;41.1733;-73.1817;DWF 2025;Bridgeport Harbor, Bridgeport, Connecticut;Proximity (0.3km);0.3;0.3;0.038;6;OK
Classic 2004;Brisbane Port Off., Australia;Ref;-27.4833;153.0333;;;;;;;;Keine Referenz gefunden
Classic 2004;Broad Cove Marsh, Nova Scotia, Canada;Ref;46.3005;-61.2571;;;;;;;;Keine Referenz gefunden
Classic 2004;Broad Creek, Hilton Head Island, South Carolina;Ref;32.1833;-80.75;DWF 2025;Broad Creek, Hilton Head Island, South Carolina;Name;0.4;4.2;0.061;4;OK
Classic 2004;Brooksby Point, British Columbia, Canada;Ref;48.982;-124.985;;;;;;;;Keine Referenz gefunden
Classic 2004;Broughton Island, Australia;Ref;-32.6167;152.3333;;;;;;;;Keine Referenz gefunden
Classic 2004;Brown Bay, British Columbia (2), Canada;Ref;50.162;-125.375;;;;;;;;Keine Referenz gefunden
Classic 2004;Brownell Point, Labrador, Canada;Ref;59.3922;-63.8777;;;;;;;;Keine Referenz gefunden
Classic 2004;Browse Island, Australia;Ref;-14.1;123.55;;;;;;;;Keine Referenz gefunden
Classic 2004;Brundige Inlet, British Columbia (2), Canada;Ref;54.613;-130.854;;;;;;;;Keine Referenz gefunden
Classic 2004;Brunswick Heads, Australia;Ref;-28.5333;153.6167;;;;;;;;Keine Referenz gefunden
Classic 2004;Bugatti Reef, Australia;Ref;-20.1;150.2833;;;;;;;;Keine Referenz gefunden
Classic 2004;Bukhta Babushkina, Kurile Islands;Ref;50.65;156.4;;;;;;;;Keine Referenz gefunden
Classic 2004;Bukhta Blakiston, Kurile Islands;Ref;49.4833;154.833;;;;;;;;Keine Referenz gefunden
Classic 2004;Bukhta Broutona, Kurile Islands;Ref;47.15;152.25;;;;;;;;Keine Referenz gefunden
Classic 2004;Bukhta Krasheninikova, Kurile Islands;Ref;50.2833;155.333;;;;;;;;Keine Referenz gefunden
Classic 2004;Bukhta Shelekhovo, Kurile Islands;Ref;50.3833;155.583;;;;;;;;Keine Referenz gefunden
Classic 2004;Bungana Island, Solomon Islands;Ref;-9.1833;160.2167;;;;;;;;Keine Referenz gefunden
Classic 2004;Bunker Island Light, Nova Scotia, Canada;Ref;43.8124;-66.1434;UTide CA;Yarmouth, New Brunswick, Canada;Proximity (2.7km);2.7;10.9;0.156;8;OK
Classic 2004;Bunker Island Wharf, Nova Scotia, Canada;Ref;43.819;-66.1365;UTide CA;Yarmouth, New Brunswick, Canada;Proximity (1.7km);1.7;12.9;0.159;8;OK
Classic 2004;Buntzen Lake, British Columbia (2), Canada;Ref;49.3667;-122.8833;;;;;;;;Keine Referenz gefunden
Classic 2004;Burge Point, Australia;Ref;-12.5833;130.5667;;;;;;;;Keine Referenz gefunden
Classic 2004;Burgoyne Bay, British Columbia, Canada;Ref;48.7833;-123.5167;;;;;;;;Keine Referenz gefunden
Classic 2004;Burnt Church, New Brunswick, Canada;Ref;47.1907;-65.1348;;;;;;;;Keine Referenz gefunden
Classic 2004;Burntcoat Head, Nova Scotia (2), Canada;Ref;45.3115;-63.8066;;;;;;;;Keine Referenz gefunden
Classic 2004;Butedale, British Columbia (2), Canada;Ref;53.16;-128.694;;;;;;;;Keine Referenz gefunden
Classic 2004;Byam Channel (Lp), Nunavut, Canada;Ref;75.0167;-106.3667;;;;;;;;Keine Referenz gefunden
Classic 2004;Byam Channel (Z3), Nunavut, Canada;Ref;75.1333;-105.0833;;;;;;;;Keine Referenz gefunden
Classic 2004;Byam Island, Nunavut, Canada;Ref;75.0167;-104.2167;;;;;;;;Keine Referenz gefunden
Classic 2004;Cabot Point, Labrador, Canada;Ref;53.7191;-59.0644;;;;;;;;Keine Referenz gefunden
Classic 2004;Cabot Strait, Nova Scotia, Canada;Ref;46.5833;-59.75;;;;;;;;Keine Referenz gefunden
Classic 2004;Caesar Creek, Biscayne Bay, Florida Current;Ref;25.3867;-80.2267;;;;;;;;Current-Station (übersprungen)
Classic 2004;Cairncross Island, Australia;Ref;-11.25;142.9167;;;;;;;;Keine Referenz gefunden
Classic 2004;Caissie Point, New Brunswick, Canada;Ref;46.0333;-64.5167;;;;;;;;Keine Referenz gefunden
Classic 2004;Calcasieu Pass, Lighthouse wharf, Louisiana;Ref;29.7783;-93.345;DWF 2025;Calcasieu Pass, east jetty, Louisiana;Proximity (1.1km);1.1;-12.7;0.043;6;OK
Classic 2004;Caloundra Head, Australia;Ref;-26.8;153.15;;;;;;;;Keine Referenz gefunden
Classic 2004;Cambridge Narrows, New Brunswick, Canada;Ref;45.8295;-65.953;;;;;;;;Keine Referenz gefunden
Classic 2004;Camden Haven, Australia;Ref;-31.6333;152.8167;;;;;;;;Keine Referenz gefunden
Classic 2004;Camp Latona Beach, British Columbia, Canada;Ref;49.5333;-123.3833;;;;;;;;Keine Referenz gefunden
Classic 2004;Camp Point, Australia;Ref;-11.6;131.4667;;;;;;;;Keine Referenz gefunden
Classic 2004;Campbellton, New Brunswick, Canada;Ref;48.0116;-66.6694;;;;;;;;Keine Referenz gefunden
Classic 2004;Cannes, Nova Scotia, Canada;Ref;45.6364;-60.9592;;;;;;;;Keine Referenz gefunden
Classic 2004;Canoe Cove, Prince Edward Island, Canada;Ref;46.1492;-63.3037;;;;;;;;Keine Referenz gefunden
Classic 2004;Canoe Pass, British Columbia, Canada;Ref;49.0833;-123.1333;;;;;;;;Keine Referenz gefunden
Classic 2004;Canso Harbour, Nova Scotia, Canada;Ref;45.3383;-60.9955;;;;;;;;Keine Referenz gefunden
Classic 2004;Cap Chat, Québec, Canada;Ref;49.0983;-66.6815;;;;;;;;Keine Referenz gefunden
Classic 2004;Cap d'Espoir, Québec, Canada;Ref;48.4147;-64.3274;;;;;;;;Keine Referenz gefunden
Classic 2004;Cape Acadia, Québec, Canada;Ref;61.5833;-78.8667;;;;;;;;Keine Referenz gefunden
Classic 2004;Cape Alava, Washington (2);Ref;48.1667;-124.7333;DWF 2025;Tskawahyah Island, Cape Alava, Washington;Proximity (0.6km);0.6;-5.2;0.608;4;OK
Classic 2004;Cape Aldrich, Nunavut, Canada;Ref;83.1167;-69.6667;;;;;;;;Keine Referenz gefunden
Classic 2004;Cape Bald, Prince Edward Island, Canada;Ref;46.2358;-64.2613;;;;;;;;Keine Referenz gefunden
Classic 2004;Cape Blomidon, Nova Scotia (2), Canada;Ref;45.3052;-64.351;;;;;;;;Keine Referenz gefunden
Classic 2004;Cape Bounty, Nunavut, Canada;Ref;74.85;-109.5333;;;;;;;;Keine Referenz gefunden
Classic 2004;Cape Bowling Green, Australia;Ref;-19.3167;147.4167;;;;;;;;Keine Referenz gefunden
Classic 2004;Cape Bryant, Greenland;Ref;82.3667;-55.1333;;;;;;;;Keine Referenz gefunden
Classic 2004;Cape Canaveral, Florida;Ref;28.4333;-80.5667;DWF 2025;Cape Canaveral, Florida;Name;;0.4;0.012;5;OK
Classic 2004;Cape Capel, Nunavut, Canada;Ref;75.0319;-98.0833;;;;;;;;Keine Referenz gefunden
Classic 2004;Cape Capstan, Nova Scotia, Canada;Ref;45.4734;-64.8544;;;;;;;;Keine Referenz gefunden
Classic 2004;Cape Charles Coast Guard Station, Virginia;Ref;37.2633;-76.015;DWF 2025;Cape Charles Harbor (USCG wharf), Chesapeake Bay, Virginia;Proximity (0.4km);0.4;-1.4;0.040;5;OK
Classic 2004;Cape Christian, Nunavut, Canada;Ref;70.5167;-68.2167;;;;;;;;Keine Referenz gefunden
Classic 2004;Cape Cliff, Nova Scotia, Canada;Ref;45.8769;-63.4787;;;;;;;;Keine Referenz gefunden
Classic 2004;Cape Cockburn, Nunavut, Canada;Ref;74.8667;-79.3667;;;;;;;;Keine Referenz gefunden
Classic 2004;Cape Cod Canal (East Entrance), Massachusetts;Ref;41.7717;-70.5067;DWF 2025;Cape Cod Canal, Sandwich, Cape Cod Bay, Massachusetts;Proximity (0.0km);;-4.8;0.034;6;OK
Classic 2004;Cape Cod Canal, Massachusetts Current;Ref;41.7417;-70.6133;;;;;;;;Current-Station (übersprungen)
Classic 2004;Cape Croker, Australia;Ref;-11.0;132.5667;;;;;;;;Keine Referenz gefunden
Classic 2004;Cape Dalhousie, Nunavut/NWT, Canada;Ref;70.2667;-129.65;;;;;;;;Keine Referenz gefunden
Classic 2004;Cape Defosse, Nunavut, Canada;Ref;81.2167;-65.7167;;;;;;;;Keine Referenz gefunden
Classic 2004;Cape Deliverance, Papua New Guinea;Ref;-11.4;154.2833;;;;;;;;Keine Referenz gefunden
Classic 2004;Cape Domett, Australia;Ref;-14.8167;128.3833;;;;;;;;Keine Referenz gefunden
Classic 2004;Cape Don, Australia;Ref;-11.3167;131.7667;;;;;;;;Keine Referenz gefunden
Classic 2004;Cape Dyer, Baffin Island, Nunavut, Canada;Ref;66.5583;-61.6594;;;;;;;;Keine Referenz gefunden
Classic 2004;Cape Egmont, Prince Edward Island, Canada;Ref;46.4082;-64.1336;;;;;;;;Keine Referenz gefunden
Classic 2004;Cape Elizabeth, Australia;Ref;-34.25;137.3333;;;;;;;;Keine Referenz gefunden
Classic 2004;Cape Enrage, Nova Scotia, Canada;Ref;45.6;-64.7833;;;;;;;;Keine Referenz gefunden
Classic 2004;Cape Flattery, Australia;Ref;-14.95;145.3333;;;;;;;;Keine Referenz gefunden
Classic 2004;Cape Grenville, Australia;Ref;-11.9667;143.25;;;;;;;;Keine Referenz gefunden
Classic 2004;Cape Grey, Australia;Ref;-13.0;136.65;;;;;;;;Keine Referenz gefunden
Classic 2004;Cape Hooper, Baffin Island, Nunavut, Canada;Ref;68.4628;-66.817;;;;;;;;Keine Referenz gefunden
Classic 2004;Cape Hotham, Australia;Ref;-12.05;131.2833;;;;;;;;Keine Referenz gefunden
Classic 2004;Cape Jack, Nova Scotia, Canada;Ref;45.6836;-61.5756;;;;;;;;Keine Referenz gefunden
Classic 2004;Cape Jones Island, Nunavut, Canada;Ref;54.6;-79.7833;;;;;;;;Keine Referenz gefunden
Classic 2004;Cape Kakkiviak (Williams Harbour), Labrador, Canada;Ref;60.01;-64.3167;;;;;;;;Keine Referenz gefunden
Classic 2004;Cape Legendre, Australia;Ref;-20.35;116.8333;;;;;;;;Keine Referenz gefunden
Classic 2004;Cape Liverpool, Nunavut, Canada;Ref;73.65;-78.05;;;;;;;;Keine Referenz gefunden
Classic 2004;Cape Lupton, Greenland;Ref;81.0667;-61.0833;;;;;;;;Keine Referenz gefunden
Classic 2004;Cape May, ferry terminal, Delaware Bay, New Jersey (2);Ref;38.9683;-74.96;DWF 2025;Cape May Canal, Cape May, Delaware Bay, New Jersey;Proximity (0.0km);;6.5;0.042;4;OK
Classic 2004;Cape Parry, Nunavut/NWT, Canada;Ref;70.15;-124.6667;TICON4;Cape, Canada;Proximity (0.1km);0.1;307.0;0.410;2;OK
Classic 2004;Cape Poge, Chappaquiddick Island, Massachusetts;Ref;41.4167;-70.45;DWF 2025;Cape Poge Lt., 1.7 mi SSE of, Nantucket Sound, Massachusetts Current;Proximity (2.7km);2.7;;;;Keine Vorhersagen
Classic 2004;Cape Saint James, British Columbia (2), Canada;Ref;51.938;-131.015;;;;;;;;Keine Referenz gefunden
Classic 2004;Cape Scott, British Columbia (2), Canada;Ref;50.78;-128.43;;;;;;;;Keine Referenz gefunden
Classic 2004;Cape Sharp, Nova Scotia, Canada;Ref;45.3645;-64.3921;;;;;;;;Keine Referenz gefunden
Classic 2004;Cape Sheridan, Lincoln Sea, Nunavut, Canada;Ref;82.4553;-61.4481;;;;;;;;Keine Referenz gefunden
Classic 2004;Cape Skogn, Nunavut, Canada;Ref;75.7639;-84.2161;;;;;;;;Keine Referenz gefunden
Classic 2004;Cape Sorell, Pilot Bay, Tasmania;Ref;-42.2;145.2167;;;;;;;;Keine Referenz gefunden
Classic 2004;Cape Southwest, Nunavut, Canada;Ref;78.2167;-91.0833;;;;;;;;Keine Referenz gefunden
Classic 2004;Cape Upstart, Australia;Ref;-19.7;147.75;;;;;;;;Keine Referenz gefunden
Classic 2004;Cape Voltaire, Australia;Ref;-14.25;125.6;;;;;;;;Keine Referenz gefunden
Classic 2004;Cape Whiskey, Australia;Ref;-14.1667;127.65;;;;;;;;Keine Referenz gefunden
Classic 2004;Cape Wilson 1, Nunavut, Canada;Ref;67.0667;-81.3667;;;;;;;;Keine Referenz gefunden
Classic 2004;Cape Wilson 2, Nunavut, Canada;Ref;67.1;-81.3833;;;;;;;;Keine Referenz gefunden
Classic 2004;Cape Wilson 3, Nunavut, Canada;Ref;67.0;-81.45;;;;;;;;Keine Referenz gefunden
Classic 2004;Caraquet Harbour, New Brunswick, Canada;Ref;47.796;-64.9276;;;;;;;;Keine Referenz gefunden
Classic 2004;Caravalla Cove, Labrador, Canada;Ref;54.0541;-58.5937;;;;;;;;Keine Referenz gefunden
Classic 2004;Caribou, Nova Scotia, Canada;Ref;45.7394;-62.6879;;;;;;;;Keine Referenz gefunden
Classic 2004;Carleton Centre, Québec, Canada;Ref;48.1002;-66.1309;;;;;;;;Keine Referenz gefunden
Classic 2004;Carlisle Island, Australia;Ref;-20.7833;149.3;;;;;;;;Keine Referenz gefunden
Classic 2004;Carmanville, Newfoundland, Canada;Ref;49.4032;-54.2813;;;;;;;;Keine Referenz gefunden
Classic 2004;Carquinez Strait, California Current;Ref;38.0617;-122.2183;;;;;;;;Current-Station (übersprungen)
Classic 2004;Cartwright Harbour, Labrador, Canada;Ref;53.7042;-57.0204;;;;;;;;Keine Referenz gefunden
Classic 2004;Casey Cove, British Columbia (2), Canada;Ref;54.279;-130.376;UTide CA;Fairview Terminal, British Columbia, Canada;Proximity (1.6km);1.6;2.9;0.065;8;OK
Classic 2004;Cassini Island, Australia;Ref;-13.95;125.6667;;;;;;;;Keine Referenz gefunden
Classic 2004;Castle Island, Labrador, Canada;Ref;51.9752;-55.8552;;;;;;;;Keine Referenz gefunden
Classic 2004;Catalina Harbor, California;Ref;33.4317;-118.5033;DWF 2025;Catalina Harbor, Santa Catalina Island, California;Proximity (0.0km);0.0;1.7;0.008;6;OK
Classic 2004;Cato Island, Coral Sea;Ref;-23.25;155.5333;;;;;;;;Keine Referenz gefunden
Classic 2004;Cedar Heights, Broward River, St. Johns River, Florida (2);Ref;30.4367;-81.6417;DWF 2025;Cedar Heights, Broward River, Florida;Proximity (0.0km);;-2.2;0.996;4;OK
Classic 2004;Cedar Point, Maryland;Ref;38.2983;-76.37;DWF 2025;Cedar Point, 1.1 mi ENE of, Chesapeake Bay, Maryland Current;Proximity (1.7km);1.7;;;;Keine Vorhersagen
Classic 2004;Cedar Tree Neck, Martha's Vineyard, Massachusetts;Ref;41.4333;-70.7;DWF 2025;Cedar Tree Neck, Martha's Vineyard, Massachusetts;Name;0.3;0.8;0.013;4;OK
Classic 2004;Ceepeecee, British Columbia (2), Canada;Ref;49.874;-126.716;;;;;;;;Keine Referenz gefunden
Classic 2004;Centre Island, Australia;Ref;-15.75;136.8167;;;;;;;;Keine Referenz gefunden
Classic 2004;Cervantes, Australia;Ref;-30.5;115.0667;;;;;;;;Keine Referenz gefunden
Classic 2004;Change Island, Newfoundland, Canada;Ref;49.6747;-54.4003;;;;;;;;Keine Referenz gefunden
Classic 2004;Channel Key, west side, Florida;Ref;24.6033;-81.725;DWF 2025;Channel Key, west side, Florida;Name;;3.2;0.007;6;OK
Classic 2004;Charles Island, Washington;Ref;48.45;-122.9;DWF 2025;Richardson, Lopez Island, San Juan Channel, Washington;Proximity (0.4km);0.4;-17.9;0.755;8;OK
Classic 2004;Charleston Harbor Entrance, South Carolina Current;Ref;32.7567;-79.87;;;;;;;;Current-Station (übersprungen)
Classic 2004;Charleston Harbor, off Fort Sumter, South Carolina Current (expired 1996-12-31);Ref;32.7583;-79.8683;;;;;;;;Current-Station (übersprungen)
Classic 2004;Charlestown, Northeast River, Maryland;Ref;39.5733;-75.97;DWF 2025;Charlestown, Northeast River, Chesapeake Bay, Maryland;Proximity (0.0km);;-2.3;0.031;7;OK
Classic 2004;Charlton Island, Nunavut, Canada;Ref;51.9667;-79.3;;;;;;;;Keine Referenz gefunden
Classic 2004;Chatham (inside), Cape Cod, Massachusetts;Ref;41.6883;-69.95;DWF 2025;Chatham, Cape Cod, Massachusetts;Proximity (0.1km);0.1;66.0;0.374;5;OK
Classic 2004;Chatham (outer coast), Cape Cod, Massachusetts;Ref;41.6667;-69.9333;DWF 2025;Chatham, Stage Harbor, Cape Cod, Massachusetts;Proximity (2.8km);2.8;-27.4;0.763;5;OK
Classic 2004;Chatham Point, British Columbia (2), Canada;Ref;50.331;-125.442;;;;;;;;Keine Referenz gefunden
Classic 2004;Chemainus, British Columbia (2), Canada;Ref;48.9256;-123.7144;;;;;;;;Keine Referenz gefunden
Classic 2004;Chesapeake and Delaware Canal, Maryland/Delaware Current;Ref;39.5333;-75.8167;;;;;;;;Current-Station (übersprungen)
Classic 2004;Chesapeake Bay Entrance, Virginia Current;Ref;36.98;-75.9983;;;;;;;;Current-Station (übersprungen)
Classic 2004;Chesapeake Beach, Maryland;Ref;38.6833;-76.5333;DWF 2025;Chesapeake Beach, Chesapeake Bay, Maryland;Proximity (1.9km);1.9;-4.2;0.025;8;OK
Classic 2004;Chesnucknuw Creek, British Columbia, Canada;Ref;49.05;-124.8333;;;;;;;;Keine Referenz gefunden
Classic 2004;Chesterfield Inlet, Nunavut, Canada;Ref;63.3299;-90.6846;;;;;;;;Keine Referenz gefunden
Classic 2004;Cheticamp, Nova Scotia, Canada;Ref;46.6246;-61.0168;;;;;;;;Keine Referenz gefunden
Classic 2004;Chezzetcook Inlet, Nova Scotia, Canada;Ref;44.711;-63.2361;;;;;;;;Keine Referenz gefunden
Classic 2004;Chignecto (Ray .4), Nova Scotia, Canada;Ref;45.4833;-64.9833;;;;;;;;Keine Referenz gefunden
Classic 2004;Chisasibi, Québec, Canada;Ref;53.8167;-78.9167;;;;;;;;Keine Referenz gefunden
Classic 2004;Church Point, Nova Scotia, Canada;Ref;44.3455;-66.1186;;;;;;;;Keine Referenz gefunden
Classic 2004;City Island, New York;Ref;40.85;-73.7833;DWF 2025;City Island Bridge (depth 10 ft), Long Island Sound, New York Current;Proximity (1.2km);1.2;;;;Keine Vorhersagen
Classic 2004;Clapboard Creek, Pelotes Island, St. Johns River, Florida (4);Ref;30.4067;-81.51;DWF 2025;Clapboard Creek, Pelotes Island, Florida;Proximity (0.0km);;-2.8;1.225;4;OK
Classic 2004;Clarence Harbor, Long Island, Bahamas;Ref;23.1;-75.9833;;;;;;;;Keine Referenz gefunden
Classic 2004;Clarenville, Newfoundland, Canada;Ref;48.1698;-53.9605;;;;;;;;Keine Referenz gefunden
Classic 2004;Clarks Harbour, Nova Scotia, Canada;Ref;43.4445;-65.6347;;;;;;;;Keine Referenz gefunden
Classic 2004;Clearwater Fiord, Cumberland Sound, Nunavut, Canada;Ref;66.6;-67.3167;;;;;;;;Keine Referenz gefunden
Classic 2004;Clews Point, Australia;Ref;-24.0167;151.75;;;;;;;;Keine Referenz gefunden
Classic 2004;Cliff Cove, Nova Scotia, Canada;Ref;44.5116;-63.9377;;;;;;;;Keine Referenz gefunden
Classic 2004;Clifton, Newfoundland, Canada;Ref;48.1756;-53.7246;;;;;;;;Keine Referenz gefunden
Classic 2004;Cloridorme, Québec, Canada;Ref;49.1858;-64.8478;;;;;;;;Keine Referenz gefunden
Classic 2004;Clover Point, British Columbia (2), Canada;Ref;48.4038;-123.3486;UTide CA;Victoria Harbour, British Columbia, Canada;Proximity (2.8km);2.8;6.7;0.037;7;OK
Classic 2004;Clyde River, Nunavut, Canada;Ref;69.0833;-70.3667;;;;;;;;Keine Referenz gefunden
Classic 2004;Coal Harbour, British Columbia (2), Canada;Ref;50.599;-127.581;;;;;;;;Keine Referenz gefunden
Classic 2004;Coats Island, Nunavut, Canada;Ref;62.45;-81.35;;;;;;;;Keine Referenz gefunden
Classic 2004;Cobb Point Bar Light, Maryland;Ref;38.25;-76.8333;DWF 2025;Rock Point, Wicomico River entrance, Potomac River, Maryland Current;Proximity (2.8km);2.8;;;;Keine Vorhersagen
Classic 2004;Cobequid Bay (Ray .4), Nova Scotia, Canada;Ref;45.3667;-63.7333;;;;;;;;Keine Referenz gefunden
Classic 2004;Cocagne Harbour, New Brunswick, Canada;Ref;46.0333;-64.6167;;;;;;;;Keine Referenz gefunden
Classic 2004;Coconut Island, Torres Strait;Ref;-10.05;143.0667;;;;;;;;Keine Referenz gefunden
Classic 2004;Coffin Point, Maine;Ref;44.8667;-67.1333;DWF 2025;Coffin Point, Coffin Neck, Maine;Proximity (2.0km);2.0;5.2;0.092;5;OK
Classic 2004;Come By Chance, Newfoundland, Canada;Ref;47.8104;-54.0076;;;;;;;;Keine Referenz gefunden
Classic 2004;Commonwealth Bay, Antarctica;Ref;-67.0;142.6667;;;;;;;;Keine Referenz gefunden
Classic 2004;Constantine Harbor, Amchitka, Alaska;Ref;51.4083;179.2817;DWF 2025;Constantine Harbor, Amchitka Island, Rat Islands, Alaska;Proximity (0.9km);0.9;-4.4;0.020;7;OK
Classic 2004;Cook's Harbour, Newfoundland, Canada;Ref;51.607;-55.8625;;;;;;;;Keine Referenz gefunden
Classic 2004;Copper Islands, British Columbia (2), Canada;Ref;52.36;-131.181;;;;;;;;Keine Referenz gefunden
Classic 2004;Coral Harbour, Southampton Island, Nunavut, Canada;Ref;64.1304;-83.2615;;;;;;;;Keine Referenz gefunden
Classic 2004;Cordero Islands, British Columbia (2), Canada;Ref;50.442;-125.492;;;;;;;;Keine Referenz gefunden
Classic 2004;Cormoran, New Brunswick, Canada;Ref;47.1247;-65.1486;;;;;;;;Keine Referenz gefunden
Classic 2004;Corner Brook, Newfoundland, Canada;Ref;48.9583;-57.9431;;;;;;;;Keine Referenz gefunden
Classic 2004;Cornet Bay, Deception Pass, Washington;Ref;48.3833;-122.6333;DWF 2025;Cornet Bay, Deception Pass, Washington;Name;2.2;5.3;0.827;7;OK
Classic 2004;Corpus Christi, Texas (2) (expired 1999-07-23);Ref;27.7933;-97.39;DWF 2025;Texas State Aquarium, Corpus Christi, Texas;Proximity (2.4km);2.4;-7.5;0.059;4;OK
Classic 2004;Couteau Bay, Newfoundland, Canada;Ref;47.7128;-58.0498;;;;;;;;Keine Referenz gefunden
Classic 2004;Cove Point (1.1 mi. NE of), Maryland Current;Ref;38.3817;-76.36;;;;;;;;Current-Station (übersprungen)
Classic 2004;Cove Point, Maryland;Ref;38.385;-76.3817;DWF 2025;Cove Point, Chesapeake Bay, Maryland;Proximity (1.6km);1.6;19.5;0.056;8;OK
Classic 2004;Cowaramup, Australia;Ref;-33.8667;114.9833;;;;;;;;Keine Referenz gefunden
Classic 2004;Cowichan Bay, British Columbia (2), Canada;Ref;48.7404;-123.6184;;;;;;;;Keine Referenz gefunden
Classic 2004;Coyote Point Marina, San Francisco Bay, California (2);Ref;37.6;-122.3167;DWF 2025;Coyote Point Marina, San Francisco Bay, California;Name;1.0;4.7;0.043;6;OK
Classic 2004;Crab Island, Endeavour Strait;Ref;-10.9667;142.1167;;;;;;;;Keine Referenz gefunden
Classic 2004;Creal Reef, Australia;Ref;-20.5333;150.3667;;;;;;;;Keine Referenz gefunden
Classic 2004;Creech Reef, Australia;Ref;-13.6333;144.0833;;;;;;;;Keine Referenz gefunden
Classic 2004;Crescent Bay, Washington (2);Ref;48.1667;-123.7333;DWF 2025;Crescent Bay, Strait of Juan de Fuca, Washington;Proximity (0.8km);0.8;22.7;0.103;6;OK
Classic 2004;Crescent Beach, British Columbia (2), Canada;Ref;49.0333;-122.8833;;;;;;;;Keine Referenz gefunden
Classic 2004;Cribbons Point, Nova Scotia, Canada;Ref;45.7555;-61.8961;;;;;;;;Keine Referenz gefunden
Classic 2004;Crofton, British Columbia (2), Canada;Ref;48.8746;-123.6435;;;;;;;;Keine Referenz gefunden
Classic 2004;Crofton, British Columbia, Canada;Ref;48.8746;-123.6435;;;;;;;;Keine Referenz gefunden
Classic 2004;Crowdy Head, Australia;Ref;-31.8333;152.75;;;;;;;;Keine Referenz gefunden
Classic 2004;Crown Prince Frederick, Nunavut, Canada;Ref;70.0333;-86.0833;;;;;;;;Keine Referenz gefunden
Classic 2004;Culloden Wharf, Nova Scotia, Canada;Ref;44.6661;-65.8318;;;;;;;;Keine Referenz gefunden
Classic 2004;Cumberland Basin, Nova Scotia, Canada;Ref;45.6667;-64.5167;;;;;;;;Keine Referenz gefunden
Classic 2004;Cunningham Inlet, Nunavut, Canada;Ref;74.1333;-93.8833;;;;;;;;Keine Referenz gefunden
Classic 2004;Cutler, Little River, Maine;Ref;44.6567;-67.21;DWF 2025;Cutler (Farris Wharf), Little River, Maine;Proximity (0.0km);;-6.7;0.038;6;OK
Classic 2004;Cutler, Little River, Maine (2);Ref;44.65;-67.2167;DWF 2025;Cutler (Farris Wharf), Little River, Maine;Proximity (0.9km);0.9;1.0;0.266;6;OK
Classic 2004;Cuttyhunk Pond entrance, Buzzards Bay, Massachusetts;Ref;41.425;-70.9167;DWF 2025;Cuttyhunk, Massachusetts;Proximity (0.0km);;-88.8;0.005;4;OK
Classic 2004;Dadens, British Columbia, Canada;Ref;54.191;-133.002;UTide CA;Henslung Cove, British Columbia, Canada;Proximity (0.0km);;0.5;0.181;8;OK
Classic 2004;Dahlgren, Upper Machodoc Creek, Virginia;Ref;38.32;-77.0367;DWF 2025;Dahlgren, Upper Machodoc Creek, Potomac River, Virginia;Proximity (0.0km);0.0;12.0;0.014;4;OK
Classic 2004;Daikon Sima, Simane, Japan;Ref;35.5;133.167;;;;;;;;Keine Referenz gefunden
Classic 2004;Daly River, Australia;Ref;-13.3667;130.3167;;;;;;;;Keine Referenz gefunden
Classic 2004;Dampier, Australia;Ref;-20.65;116.7167;;;;;;;;Keine Referenz gefunden
Classic 2004;Dannoura (Simonoseki), Yamaguti, Japan;Ref;33.9667;130.95;TICON4;Miojin Hana, Japan;Proximity (2.5km);2.5;-179.0;1.463;4;OK
Classic 2004;Dark Cove, Dildo Run, Newfoundland, Canada;Ref;49.525;-54.7553;;;;;;;;Keine Referenz gefunden
Classic 2004;Darnley Island, Coral Sea;Ref;-9.6;143.7667;;;;;;;;Keine Referenz gefunden
Classic 2004;Daru, Papua New Guinea;Ref;-9.0667;143.2;;;;;;;;Keine Referenz gefunden
Classic 2004;Datum Bay, Acklins Island, Bahamas;Ref;22.1667;-74.3;;;;;;;;Keine Referenz gefunden
Classic 2004;Daufuskie Landing, Daufuskie Island, New River, South Carolina;Ref;32.1;-80.9;DWF 2025;Daufuskie Landing, Daufuskie Island, New River, South Carolina;Name;0.6;-6.2;0.107;4;OK
Classic 2004;Davis Inlet, Labrador, Canada;Ref;55.8924;-60.9016;;;;;;;;Keine Referenz gefunden
Classic 2004;Davis Point, California Current;Ref;38.062;-122.2767;;;;;;;;Current-Station (übersprungen)
Classic 2004;Davis River, British Columbia (2), Canada;Ref;55.7667;-130.1667;DWF 2025;Davis River entrance, Alaska;Proximity (1.0km);1.0;-0.2;0.038;6;OK
Classic 2004;Davis Strait, Nunavut (2), Canada;Ref;66.2667;-58.3833;;;;;;;;Keine Referenz gefunden
Classic 2004;Davis Strait, Nunavut (3), Canada;Ref;66.2667;-56.7667;;;;;;;;Keine Referenz gefunden
Classic 2004;Davis Strait, Nunavut, Canada;Ref;66.2667;-60.9667;;;;;;;;Keine Referenz gefunden
Classic 2004;Deception Pass, Washington Current;Ref;48.4;-122.6333;;;;;;;;Current-Station (übersprungen)
Classic 2004;Dedele Point, Papua New Guinea;Ref;-10.2333;148.7167;;;;;;;;Keine Referenz gefunden
Classic 2004;Deep Cove, British Columbia (2), Canada;Ref;49.327;-122.948;;;;;;;;Keine Referenz gefunden
Classic 2004;Degerando Island, Australia;Ref;-15.3333;124.1833;;;;;;;;Keine Referenz gefunden
Classic 2004;Degnen Bay, British Columbia, Canada;Ref;49.1333;-123.7167;;;;;;;;Keine Referenz gefunden
Classic 2004;Delaware Bay Entrance, Delaware Current;Ref;38.7817;-75.0433;;;;;;;;Current-Station (übersprungen)
Classic 2004;Denbigh Island, Labrador, Canada;Ref;52.5311;-55.8249;;;;;;;;Keine Referenz gefunden
Classic 2004;Denham, Australia;Ref;-25.4333;113.5333;;;;;;;;Keine Referenz gefunden
Classic 2004;Denman Island, British Columbia (2), Canada;Ref;49.5345;-124.8209;;;;;;;;Keine Referenz gefunden
Classic 2004;Denton, Choptank River, Maryland;Ref;38.8833;-75.8333;;;;;;;;Keine Referenz gefunden
Classic 2004;Depuch Island, Australia;Ref;-20.6167;117.75;;;;;;;;Keine Referenz gefunden
Classic 2004;Digges Harbour, Nunavut, Canada;Ref;62.5614;-77.8698;;;;;;;;Keine Referenz gefunden
Classic 2004;Dildo Run, Tea Kettle Island, Newfoundland, Canada;Ref;49.4811;-54.7344;;;;;;;;Keine Referenz gefunden
Classic 2004;Diligent River, Nova Scotia, Canada;Ref;45.3905;-64.4547;;;;;;;;Keine Referenz gefunden
Classic 2004;Dingwall Harbour, Nova Scotia, Canada;Ref;46.9025;-60.458;;;;;;;;Keine Referenz gefunden
Classic 2004;Dionisio Point, British Columbia (2), Canada;Ref;49.0139;-123.5739;;;;;;;;Keine Referenz gefunden
Classic 2004;Dipper Harbour West, New Brunswick, Canada;Ref;45.0928;-66.4187;;;;;;;;Keine Referenz gefunden
Classic 2004;Disraeli Fiord, Nunavut, Canada;Ref;82.8833;-73.05;;;;;;;;Keine Referenz gefunden
Classic 2004;Doctor Island, Québec, Canada;Ref;61.6806;-71.5683;;;;;;;;Keine Referenz gefunden
Classic 2004;Dodd Narrows, British Columbia, Canada Current;Ref;49.1343;-123.8171;;;;;;;;Current-Station (übersprungen)
Classic 2004;Doi, Yamaguti, Japan;Ref;33.9167;132.3;;;;;;;;Keine Referenz gefunden
Classic 2004;Donoura, Tokusima, Japan;Ref;34.2167;134.583;;;;;;;;Keine Referenz gefunden
Classic 2004;Double Bay, Australia;Ref;-20.1833;148.6333;;;;;;;;Keine Referenz gefunden
Classic 2004;Douglas Harbour, Québec, Canada;Ref;61.8787;-72.6802;;;;;;;;Keine Referenz gefunden
Classic 2004;Drainey Inlet, British Columbia (2), Canada;Ref;51.476;-127.551;;;;;;;;Keine Referenz gefunden
Classic 2004;Dreger Harbour, Papua New Guinea;Ref;-6.65;147.8667;;;;;;;;Keine Referenz gefunden
Classic 2004;Drury Entrance, British Columbia, Canada;Ref;50.897;-126.896;;;;;;;;Keine Referenz gefunden
Classic 2004;Dublon Island, Chuuk, F.S.M.;Ref;7.33;151.58;;;;;;;;Keine Referenz gefunden
Classic 2004;Duchateau Island, Papua New Guinea;Ref;-11.2833;152.3667;;;;;;;;Keine Referenz gefunden
Classic 2004;Duck Island, Québec, Canada;Ref;55.75;-77.2;;;;;;;;Keine Referenz gefunden
Classic 2004;Duck Key, Hawk Channel, Florida;Ref;24.765;-80.9133;DWF 2025;Duck Key, Hawk Channel, Florida;Name;;-1.8;0.024;6;OK
Classic 2004;Duck Pier, outside, North Carolina;Ref;36.1833;-75.7467;DWF 2025;FRF Pier, Duck, North Carolina;Proximity (0.0km);;2.4;0.023;5;OK
Classic 2004;Duffus Point, Nova Scotia, Canada;Ref;46.2835;-60.4228;;;;;;;;Keine Referenz gefunden
Classic 2004;Dumbarton Bridge, San Francisco Bay, California;Ref;37.5067;-122.115;DWF 2025;Dumbarton Highway Bridge, San Francisco Bay, California;Proximity (0.0km);;13.3;0.035;6;OK
Classic 2004;Dumbarton Bridge, San Francisco Bay, California (2);Ref;37.5;-122.1167;DWF 2025;Dumbarton Hwy. Bridge, 0.28 nmi SE of (depth 25 ft), California Current;Proximity (0.2km);0.2;;;;Keine Vorhersagen
Classic 2004;Dumbarton Bridge, San Francisco Bay, California Current;Ref;37.51;-122.12;;;;;;;;Current-Station (übersprungen)
Classic 2004;Duncan Bay, British Columbia (2), Canada;Ref;50.076;-125.301;;;;;;;;Keine Referenz gefunden
Classic 2004;Dundas Harbour, Nunavut, Canada;Ref;74.52;-82.43;;;;;;;;Keine Referenz gefunden
Classic 2004;Dunedin, New Zealand;Ref;-45.8833;170.5;;;;;;;;Keine Referenz gefunden
Classic 2004;Dungeness Reef, Coral Sea;Ref;-9.9833;142.9833;;;;;;;;Keine Referenz gefunden
Classic 2004;Dunk Island, Australia;Ref;-17.9333;146.15;;;;;;;;Keine Referenz gefunden
Classic 2004;Dutch Harbor, Alaska (expired 1988-12-31);Ref;53.8917;-166.5367;DWF 2025;Dutch Harbor, Amaknak Island, Unalaska Island, Alaska;Proximity (0.0km);0.0;13.7;0.087;7;OK
Classic 2004;E-No-Sima, Kanagawa, Japan;Ref;35.3;139.483;;;;;;;;Keine Referenz gefunden
Classic 2004;East Cape, Papua New Guinea;Ref;-10.2333;150.8833;;;;;;;;Keine Referenz gefunden
Classic 2004;East Chop, Martha's Vineyard, Massachusetts;Ref;41.4667;-70.5667;DWF 2025;Oak Bluffs, Martha's Vineyard, Massachusetts;Proximity (1.4km);1.4;-1.8;0.041;4;OK
Classic 2004;East Diamond It., Coral Sea;Ref;-17.4333;151.0667;;;;;;;;Keine Referenz gefunden
Classic 2004;East Margaree Bridge, Nova Scotia, Canada;Ref;46.3974;-61.0787;;;;;;;;Keine Referenz gefunden
Classic 2004;East Narrows Dolphin, British Columbia, Canada;Ref;53.148;-132.322;;;;;;;;Keine Referenz gefunden
Classic 2004;East Narrows, Skidegate Channel, British Columbia, Canada;Ref;53.148;-132.322;;;;;;;;Keine Referenz gefunden
Classic 2004;East Quoddy Head, New Brunswick, Canada;Ref;44.9581;-66.9006;;;;;;;;Keine Referenz gefunden
Classic 2004;East Repulse Island, Australia;Ref;-20.5833;148.8833;;;;;;;;Keine Referenz gefunden
Classic 2004;East Sandy Cove, Nova Scotia, Canada;Ref;44.487;-66.0853;;;;;;;;Keine Referenz gefunden
Classic 2004;East Strait Island, Torres Strait;Ref;-10.5;142.45;;;;;;;;Keine Referenz gefunden
Classic 2004;East Tocoi, St. Johns River, Florida (3);Ref;29.8583;-81.5533;DWF 2025;Tocoi, Florida;Proximity (0.0km);;-9.4;1.419;5;OK
Classic 2004;Easter Group, Australia;Ref;-28.7167;113.7833;;;;;;;;Keine Referenz gefunden
Classic 2004;Eastern Point Harbor, Frenchman Bay, Maine;Ref;44.4667;-68.1667;;;;;;;;Keine Referenz gefunden
Classic 2004;Eastmain River, Québec, Canada;Ref;52.2319;-78.5598;;;;;;;;Keine Referenz gefunden
Classic 2004;Eastport, Maine (2) (expired 1988-12-31);Ref;44.9033;-66.985;DWF 2025;Eastport, Passamaquoddy Bay, Maine;Proximity (0.2km);0.2;0.3;0.049;6;OK
Classic 2004;Eastport, Maine (3);Ref;44.9;-66.9833;DWF 2025;Eastport, Friar Roads, Maine Current;Proximity (0.0km);;;;;Keine Vorhersagen
Classic 2004;Echo Shoal, Australia;Ref;-10.15;126.8167;;;;;;;;Keine Referenz gefunden
Classic 2004;Economy (Inshore 5), Nova Scotia, Canada;Ref;45.3167;-63.9;;;;;;;;Keine Referenz gefunden
Classic 2004;Ecstall River, British Columbia, Canada;Ref;54.0;-129.7667;;;;;;;;Keine Referenz gefunden
Classic 2004;Ecum Secum, Nova Scotia, Canada;Ref;44.9659;-62.1376;;;;;;;;Keine Referenz gefunden
Classic 2004;Eddystone Point, Tasmania;Ref;-41.0;148.35;;;;;;;;Keine Referenz gefunden
Classic 2004;Edithburgh, Australia;Ref;-35.0833;137.75;;;;;;;;Keine Referenz gefunden
Classic 2004;Eeyou Istchee Baie-James, Québec, Canada;Ref;52.0167;-78.05;;;;;;;;Keine Referenz gefunden
Classic 2004;Eeyou Istchee Baie-James, Québec, Canada;Ref;54.3833;-79.05;;;;;;;;Keine Referenz gefunden
Classic 2004;Eeyou Istchee Baie-James, Québec, Canada;Ref;53.85;-79.05;;;;;;;;Keine Referenz gefunden
Classic 2004;Egg Island, British Columbia (2), Canada;Ref;51.249;-127.836;;;;;;;;Keine Referenz gefunden
Classic 2004;Egmont, British Columbia (2), Canada;Ref;49.749;-123.93;;;;;;;;Keine Referenz gefunden
Classic 2004;Ei, Hyogo, Japan;Ref;34.4667;134.817;;;;;;;;Keine Referenz gefunden
Classic 2004;Eiði, Faroe Islands;Ref;62.2958;-7.09;;;;;;;;Keine Referenz gefunden
Classic 2004;Eiðsvík, Faroe Islands;Ref;62.3033;-6.4713;;;;;;;;Keine Referenz gefunden
Classic 2004;Ekalugarsuit, Greenland;Ref;60.7333;-46.0167;TICON4;Qaqortoq, Denmark;Proximity (2.0km);2.0;61.8;1.368;4;OK
Classic 2004;El Golfo de Santa Clara, Sonora, Mexico;Ref;31.6842;-114.5019;;;;;;;;Keine Referenz gefunden
Classic 2004;Elbow Cay, Cay Sal Bank, Bahamas;Ref;23.95;-80.4667;;;;;;;;Keine Referenz gefunden
Classic 2004;Elbow Point, Australia;Ref;-25.7833;153.0333;;;;;;;;Keine Referenz gefunden
Classic 2004;Eleuthera Island (east coast), Bahamas;Ref;24.9333;-76.15;;;;;;;;Keine Referenz gefunden
Classic 2004;Eleuthera Island (west coast), Bahamas;Ref;25.25;-76.3167;;;;;;;;Keine Referenz gefunden
Classic 2004;Ellerslie, Prince Edward Island, Canada;Ref;46.65;-63.9167;;;;;;;;Keine Referenz gefunden
Classic 2004;Elliot Heads, Australia;Ref;-24.9167;152.4833;;;;;;;;Keine Referenz gefunden
Classic 2004;Elliston, Australia;Ref;-33.6333;134.8667;;;;;;;;Keine Referenz gefunden
Classic 2004;Emily Harbour, Labrador, Canada;Ref;54.5411;-57.1916;;;;;;;;Keine Referenz gefunden
Classic 2004;Emu Bay, Australia;Ref;-35.5906;137.5062;;;;;;;;Keine Referenz gefunden
Classic 2004;Enoura (Mekari Seto), Hirosima, Japan;Ref;34.35;133.2;;;;;;;;Keine Referenz gefunden
Classic 2004;Entrance Island, Australia;Ref;-11.9667;134.25;;;;;;;;Keine Referenz gefunden
Classic 2004;Entrance Island, Nunavut, Canada;Ref;69.9;-85.6;;;;;;;;Keine Referenz gefunden
Classic 2004;Erimo, Hokkaido, Japan;Ref;42.0167;143.15;;;;;;;;Keine Referenz gefunden
Classic 2004;Erimomisaki, Hokkaido, Japan;Ref;41.9333;143.233;;;;;;;;Keine Referenz gefunden
Classic 2004;Eskimo Lakes Station 1c, Nunavut/NWT, Canada;Ref;69.5667;-131.2833;;;;;;;;Keine Referenz gefunden
Classic 2004;Eskimo Lakes Station 2b, Nunavut/NWT, Canada;Ref;69.5667;-131.4;;;;;;;;Keine Referenz gefunden
Classic 2004;Eta Uti, Hirosima, Japan;Ref;34.25;132.467;;;;;;;;Keine Referenz gefunden
Classic 2004;Etomo, Simane, Japan;Ref;35.5167;132.983;;;;;;;;Keine Referenz gefunden
Classic 2004;Ettalong, Australia;Ref;-33.5167;151.3333;;;;;;;;Keine Referenz gefunden
Classic 2004;Eucla, Australia;Ref;-31.7167;128.8833;;;;;;;;Keine Referenz gefunden
Classic 2004;Eureka, Humboldt Bay, California;Ref;40.8067;-124.1667;DWF 2025;Eureka, Humboldt Bay, California;Name;0.0;8.5;0.051;6;OK
Classic 2004;Eureka, Nunavut, Canada;Ref;79.9851;-85.909;;;;;;;;Keine Referenz gefunden
Classic 2004;Exploits Upper Harbour, Newfoundland, Canada;Ref;49.5177;-55.0637;;;;;;;;Keine Referenz gefunden
Classic 2004;Ezaki, Hyogo, Japan;Ref;34.6;134.983;;;;;;;;Keine Referenz gefunden
Classic 2004;Fairhaven, New Brunswick, Canada;Ref;44.9644;-67.0074;DWF 2025;Western Passage, off Frost Ledge, Maine Current;Proximity (1.9km);1.9;;;;Keine Vorhersagen
Classic 2004;False Creek, British Columbia (2), Canada;Ref;49.271;-123.12;UTide CA;Kitsilano, British Columbia, Canada;Proximity (1.5km);1.5;14.6;0.112;8;OK
Classic 2004;False Strait, Nunavut, Canada;Ref;71.9833;-95.1667;;;;;;;;Keine Referenz gefunden
Classic 2004;Fare Ute Point, Papeete Harbor, Tahiti;Ref;-17.535;-149.5717;UTide FR;Papeete Ile de Tahiti, France;Proximity (0.2km);0.2;8.5;0.335;8;OK
Classic 2004;Farewell, Newfoundland, Canada;Ref;49.5556;-54.4777;;;;;;;;Keine Referenz gefunden
Classic 2004;Fermeuse, Newfoundland, Canada;Ref;46.9647;-52.9381;;;;;;;;Keine Referenz gefunden
Classic 2004;Ferndale, Strait of Georgia, Washington;Ref;48.8333;-122.7167;DWF 2025;Ferndale, Strait of Georgia, Washington;Name;;2.7;1.100;7;OK
Classic 2004;Fife Island, Australia;Ref;-13.65;143.7167;;;;;;;;Keine Referenz gefunden
Classic 2004;Finlayson Arm, British Columbia, Canada;Ref;48.4966;-123.5529;;;;;;;;Keine Referenz gefunden
Classic 2004;Finsch Harbour, Papua New Guinea;Ref;-6.55;147.85;;;;;;;;Keine Referenz gefunden
Classic 2004;First Narrows, British Columbia, Canada Current;Ref;49.316;-123.1401;;;;;;;;Current-Station (übersprungen)
Classic 2004;Fitzroy Island, Australia;Ref;-16.9167;146.0;;;;;;;;Keine Referenz gefunden
Classic 2004;Five Islands, Nova Scotia (2), Canada;Ref;45.3794;-64.1306;;;;;;;;Keine Referenz gefunden
Classic 2004;Five Islands, Nova Scotia, Canada;Ref;45.3791;-64.1309;;;;;;;;Keine Referenz gefunden
Classic 2004;Flat Island, Nova Scotia, Canada;Ref;43.5091;-66.0035;;;;;;;;Keine Referenz gefunden
Classic 2004;Flinders Bay, Australia;Ref;-34.3333;115.1667;;;;;;;;Keine Referenz gefunden
Classic 2004;Flinders Island, Australia;Ref;-14.1667;144.1667;;;;;;;;Keine Referenz gefunden
Classic 2004;Flinders Reef, Coral Sea;Ref;-17.8667;148.5667;;;;;;;;Keine Referenz gefunden
Classic 2004;Flock Pigeon Island, Australia;Ref;-22.1167;149.5667;;;;;;;;Keine Referenz gefunden
Classic 2004;Florence Cove, British Columbia (2), Canada;Ref;50.313;-125.165;;;;;;;;Keine Referenz gefunden
Classic 2004;Florida Bay (East), Florida;Ref;24.8367;-80.7667;DWF 2025;Channel Five, east side, Hawk Channel, Florida;Proximity (0.0km);;-3.2;0.059;6;OK
Classic 2004;Florida Bay (West), Florida;Ref;24.84;-80.78;DWF 2025;Channel Five, west side, Hawk Channel, Florida;Proximity (0.0km);;-277.0;0.276;2;OK
Classic 2004;Flowers Cove, Newfoundland, Canada;Ref;51.2999;-56.7351;;;;;;;;Keine Referenz gefunden
Classic 2004;Ford Harbour, Labrador, Canada;Ref;56.4664;-61.1923;;;;;;;;Keine Referenz gefunden
Classic 2004;Fort Churchill, Manitoba, Canada;Ref;58.7667;-94.0667;;;;;;;;Keine Referenz gefunden
Classic 2004;Fort Conger, Discovery Harbour, Ellesmere Island, Nunavut, Canada;Ref;81.7333;-64.7333;;;;;;;;Keine Referenz gefunden
Classic 2004;Fort George Island, Fort George River, Florida (2);Ref;30.44;-81.4383;DWF 2025;Fort George Island, Fort George River, Florida;Name;;-2.3;1.080;6;OK
Classic 2004;Fort Myers, Florida (2) (expired 1999-03-25);Ref;26.6467;-81.8717;DWF 2025;Fort Myers, Caloosahatchee River, Florida;Proximity (0.1km);0.1;10.2;0.045;6;OK
Classic 2004;Fort Pierce (inside), Indian River, Florida;Ref;27.4567;-80.3233;DWF 2025;South Beach Causeway, Indian River, Florida;Proximity (0.0km);;-27.0;0.309;4;OK
Classic 2004;Fort Ross, Nunavut, Canada;Ref;72.008;-94.2165;;;;;;;;Keine Referenz gefunden
Classic 2004;Fortescue Road, Australia;Ref;-21.0;116.1;;;;;;;;Keine Referenz gefunden
Classic 2004;Foulke Fiord, Nunavut, Canada;Ref;78.3;-72.6333;;;;;;;;Keine Referenz gefunden
Classic 2004;Fourchu, Nova Scotia, Canada;Ref;45.717;-60.2452;;;;;;;;Keine Referenz gefunden
Classic 2004;Fox Island, Miramich, New Brunswick, Canada;Ref;47.1135;-65.0431;;;;;;;;Keine Referenz gefunden
Classic 2004;Fox Island, Newfoundland, Canada;Ref;48.6956;-58.683;;;;;;;;Keine Referenz gefunden
Classic 2004;Franklin Bay, Nunavut/NWT, Canada;Ref;69.95;-126.9167;;;;;;;;Keine Referenz gefunden
Classic 2004;Franklin River, British Columbia (2), Canada;Ref;49.108;-124.812;;;;;;;;Keine Referenz gefunden
Classic 2004;Frederick Sound, British Columbia, Canada;Ref;51.04;-126.734;;;;;;;;Keine Referenz gefunden
Classic 2004;Freeport Harbor, Texas;Ref;28.9467;-95.3083;DWF 2025;Freeport, DOW Barge Canal, Texas;Proximity (0.2km);0.2;-29.0;0.036;4;OK
Classic 2004;Fresh Creek, Andros Island, Bahamas;Ref;24.7333;-77.8;;;;;;;;Keine Referenz gefunden
Classic 2004;Friday Harbor, San Juan Channel, Washington (2);Ref;48.55;-123.0;DWF 2025;Point George, west of (depth 119 ft), San Juan Channel, Washington Current;Proximity (0.8km);0.8;;;;Keine Vorhersagen
Classic 2004;Frontera, Tabasco, Mexico;Ref;18.531;-92.6541;;;;;;;;Keine Referenz gefunden
Classic 2004;Fulton, St. Johns River, Florida (4);Ref;30.39;-81.5067;DWF 2025;Fulton, Florida;Proximity (0.0km);;10.8;1.329;6;OK
Classic 2004;Fundy (Offshore 1), Nova Scotia, Canada;Ref;42.8167;-63.2167;;;;;;;;Keine Referenz gefunden
Classic 2004;Fundy (Offshore 21), Nova Scotia, Canada;Ref;42.6167;-64.3667;;;;;;;;Keine Referenz gefunden
Classic 2004;Fundy (Offshore 22a), Nova Scotia, Canada;Ref;42.1167;-65.05;;;;;;;;Keine Referenz gefunden
Classic 2004;Fundy (Offshore 22b), Nova Scotia, Canada;Ref;42.05;-65.6333;;;;;;;;Keine Referenz gefunden
Classic 2004;Fundy (Offshore 23), Nova Scotia, Canada;Ref;40.3667;-67.75;;;;;;;;Keine Referenz gefunden
Classic 2004;Fundy (Offshore 3), Nova Scotia, Canada;Ref;41.7333;-65.8;;;;;;;;Keine Referenz gefunden
Classic 2004;Fundy (Offshore 4), Nova Scotia, Canada;Ref;40.75;-66.85;;;;;;;;Keine Referenz gefunden
Classic 2004;Fundy (Offshore 6), Nova Scotia, Canada;Ref;42.4667;-67.7167;;;;;;;;Keine Referenz gefunden
Classic 2004;Gabo Island, Australia;Ref;-37.5667;149.9167;;;;;;;;Keine Referenz gefunden
Classic 2004;Gabriola Pass, British Columbia, Canada;Ref;49.1333;-123.7167;;;;;;;;Keine Referenz gefunden
Classic 2004;Gabriola Passage, British Columbia, Canada Current;Ref;49.1291;-123.7043;;;;;;;;Current-Station (übersprungen)
Classic 2004;Gakiya, Okinawa, Japan;Ref;27.0333;127.967;;;;;;;;Keine Referenz gefunden
Classic 2004;Galveston (Galveston Channel), Texas;Ref;29.31;-94.7933;DWF 2025;Galveston Pier 21, Galveston Channel, Texas;Proximity (0.0km);;-11.4;0.025;7;OK
Classic 2004;Galveston (Galveston Channel), Texas (2) (expired 1993-12-31);Ref;29.3133;-94.7867;DWF 2025;Galveston Pier 21, Galveston Channel, Texas;Proximity (0.7km);0.7;-6.6;0.029;8;OK
Classic 2004;Galveston Bay Entrance, Texas Current;Ref;29.3467;-94.705;;;;;;;;Current-Station (übersprungen)
Classic 2004;Gamagori, Aichi, Japan;Ref;34.8167;137.233;;;;;;;;Keine Referenz gefunden
Classic 2004;Gamlarætt, Faroe Islands;Ref;61.9642;-6.823;;;;;;;;Keine Referenz gefunden
Classic 2004;Ganges Harbour, British Columbia (2), Canada;Ref;48.8534;-123.4973;;;;;;;;Keine Referenz gefunden
Classic 2004;Gannet Cay, Australia;Ref;-21.9833;152.4667;;;;;;;;Keine Referenz gefunden
Classic 2004;Gannet Rock, Nova Scotia, Canada;Ref;44.5167;-66.7833;;;;;;;;Keine Referenz gefunden
Classic 2004;Garden Key, Dry Tortugas, Florida;Ref;24.6267;-82.8717;DWF 2025;Garden Key, Dry Tortugas, Florida;Name;;3.3;0.020;6;OK
Classic 2004;Garnet Point, Maine;Ref;44.9167;-67.1167;DWF 2025;Garnet Point, Hersey Neck, Pennamquan River, Cobscook Bay, Maine;Proximity (1.3km);1.3;-0.9;0.065;7;OK
Classic 2004;Garry Island, Nunavut/NWT, Canada;Ref;69.05;-135.75;;;;;;;;Keine Referenz gefunden
Classic 2004;Gaspé, Québec, Canada;Ref;48.8273;-64.4752;;;;;;;;Keine Referenz gefunden
Classic 2004;Gaspé, Québec, Canada;Ref;48.8273;-64.4752;;;;;;;;Keine Referenz gefunden
Classic 2004;Gatcombe Head, Australia;Ref;-23.8833;151.3833;;;;;;;;Keine Referenz gefunden
Classic 2004;Gay Head, Martha's Vineyard, Massachusetts;Ref;41.3533;-70.83;DWF 2025;Gay Head, Martha's Vineyard, Massachusetts;Name;;-1.8;0.026;4;OK
Classic 2004;Gazya Sima, Kagosima, Japan;Ref;29.9;129.55;;;;;;;;Keine Referenz gefunden
Classic 2004;George Washington Bridge (Hudson River), New York Current;Ref;40.85;-73.95;;;;;;;;Current-Station (übersprungen)
Classic 2004;George Washington Bridge, Hudson River, New York;Ref;40.85;-73.95;DWF 2025;George Washington Bridge (depth 14 ft), Hudson River (midchannel), New York Current;Proximity (0.0km);0.0;;;;Keine Vorhersagen
Classic 2004;Georgetown Harbour, Prince Edward Island, Canada;Ref;46.1795;-62.5316;;;;;;;;Keine Referenz gefunden
Classic 2004;Georgetown, St. Johns River, Florida (4);Ref;29.385;-81.6367;;;;;;;;Keine Referenz gefunden
Classic 2004;Georgina Point, British Columbia (2), Canada;Ref;48.8725;-123.2923;TICON4;Whaler Bay, British Columbia (2), Canada;Proximity (2.2km);2.2;235.3;2.687;3;OK
Classic 2004;Geranium Harbour, Australia;Ref;-13.9333;126.5833;;;;;;;;Keine Referenz gefunden
Classic 2004;Gibbs Island, Pleasant River, Maine;Ref;44.55;-67.7667;;;;;;;;Keine Referenz gefunden
Classic 2004;Gibsons, British Columbia, Canada;Ref;49.402;-123.505;;;;;;;;Keine Referenz gefunden
Classic 2004;Gillard Pass, British Columbia, Canada Current;Ref;50.3933;-125.1567;;;;;;;;Current-Station (übersprungen)
Classic 2004;Gillies Island, Québec, Canada;Ref;56.5492;-76.6403;;;;;;;;Keine Referenz gefunden
Classic 2004;Gima, Okinawa, Japan;Ref;26.3333;126.767;;;;;;;;Keine Referenz gefunden
Classic 2004;Gingerville Creek, Maryland;Ref;38.9583;-76.555;DWF 2025;Gingerville Creek, South River, Chesapeake Bay, Maryland;Proximity (0.0km);;1.0;0.027;8;OK
Classic 2004;Gizo Anchorage, Solomon Islands;Ref;-8.1;156.85;;;;;;;;Keine Referenz gefunden
Classic 2004;Glendale Cove, British Columbia (2), Canada;Ref;50.6743;-125.7369;;;;;;;;Keine Referenz gefunden
Classic 2004;Gloucester Harbor (Ten Pound Island), Massachusetts;Ref;42.6033;-70.665;DWF 2025;Gloucester Harbor, Massachusetts;Proximity (0.8km);0.8;-3.8;0.047;6;OK
Classic 2004;Goaribari Island, Papua New Guinea;Ref;-7.75;144.2;;;;;;;;Keine Referenz gefunden
Classic 2004;Godfrey Point, British Columbia, Canada;Ref;53.987;-130.182;;;;;;;;Keine Referenz gefunden
Classic 2004;Godthåb, Greenland;Ref;64.1833;-51.75;TICON4;Godthb, Greenland;Proximity (1.9km);1.9;54.5;2.150;4;OK
Classic 2004;Gogo Sima, Ehime, Japan;Ref;33.9167;132.683;;;;;;;;Keine Referenz gefunden
Classic 2004;Gokasyo, Mie, Japan;Ref;34.3167;136.667;;;;;;;;Keine Referenz gefunden
Classic 2004;Goold Island, Australia;Ref;-18.1667;146.1833;;;;;;;;Keine Referenz gefunden
Classic 2004;Goose Island, Australia;Ref;-34.0833;123.1833;;;;;;;;Keine Referenz gefunden
Classic 2004;Goose Island, British Columbia (2), Canada;Ref;51.992;-128.413;;;;;;;;Keine Referenz gefunden
Classic 2004;Gordon Islands, British Columbia (2), Canada;Ref;52.095;-131.141;;;;;;;;Keine Referenz gefunden
Classic 2004;Gordon Point, New Brunswick, Canada;Ref;47.0792;-65.3932;;;;;;;;Keine Referenz gefunden
Classic 2004;Gorge (Victoria), British Columbia, Canada;Ref;48.4509;-123.4215;TICON4;Esquimalt Government Hbr., British Columbia, Canada;Proximity (2.4km);2.4;-23.0;2.072;4;OK
Classic 2004;Gorge Harbour, British Columbia, Canada;Ref;50.092;-124.989;;;;;;;;Keine Referenz gefunden
Classic 2004;Gorge-Tillicum Bridge, British Columbia, Canada Current;Ref;48.4477;-123.4036;;;;;;;;Current-Station (übersprungen)
Classic 2004;Gosford, Australia;Ref;-33.4333;151.35;;;;;;;;Keine Referenz gefunden
Classic 2004;Gosling Island, British Columbia (2), Canada;Ref;51.899;-128.442;;;;;;;;Keine Referenz gefunden
Classic 2004;Góta, Faroe Islands;Ref;62.1968;-6.7405;;;;;;;;Keine Referenz gefunden
Classic 2004;Gotu, Simane, Japan;Ref;35.0167;132.233;;;;;;;;Keine Referenz gefunden
Classic 2004;Gowlland Harbour, British Columbia (2), Canada;Ref;50.065;-125.217;;;;;;;;Keine Referenz gefunden
Classic 2004;Graham Pond, Prince Edward Island, Canada;Ref;46.096;-62.4537;;;;;;;;Keine Referenz gefunden
Classic 2004;Granby Bay, British Columbia (2), Canada;Ref;55.416;-129.818;;;;;;;;Keine Referenz gefunden
Classic 2004;Granby Bay, British Columbia, Canada;Ref;55.416;-129.818;;;;;;;;Keine Referenz gefunden
Classic 2004;Grand Bay, Newfoundland, Canada;Ref;47.5902;-59.182;;;;;;;;Keine Referenz gefunden
Classic 2004;Grand Eddy, Nova Scotia, Canada;Ref;44.3957;-66.2049;;;;;;;;Keine Referenz gefunden
Classic 2004;Grand Manan Channel (Bay of Fundy Entrance), New Brunswick, Canada Current;Ref;44.75;-66.9333;;;;;;;;Current-Station (übersprungen)
Classic 2004;Grande Île, Québec, Canada;Ref;47.6242;-69.8608;;;;;;;;Keine Referenz gefunden
Classic 2004;Grande-Entrée, Québec, Canada;Ref;47.5567;-61.5581;;;;;;;;Keine Referenz gefunden
Classic 2004;Grande-Rivière, Québec, Canada;Ref;48.3927;-64.4925;;;;;;;;Keine Referenz gefunden
Classic 2004;Grande-Vallée, Québec, Canada;Ref;49.2298;-65.1345;;;;;;;;Keine Referenz gefunden
Classic 2004;Grassy Key (North), Florida;Ref;24.7667;-80.9333;DWF 2025;Grassy Key, north side, Florida Bay, Florida;Proximity (0.9km);0.9;-2.7;0.009;6;OK
Classic 2004;Grassy Key, south side, Hawk Channel, Florida;Ref;24.755;-80.9583;DWF 2025;Grassy Key, south side, Hawk Channel, Florida;Name;;-16.7;0.033;6;OK
Classic 2004;Grassy, King Island, Tasmania;Ref;-40.0667;144.0833;;;;;;;;Keine Referenz gefunden
Classic 2004;Grays Harbor Entrance, Washington Current;Ref;46.9167;-124.125;;;;;;;;Current-Station (übersprungen)
Classic 2004;Great Glennie Island, Australia;Ref;-39.0833;146.2333;;;;;;;;Keine Referenz gefunden
Classic 2004;Great St. Lawrence Harbour, Newfoundland, Canada;Ref;46.9168;-55.3901;UTide CA;St. Lawrence, Newfoundland and Labrador, Canada;Proximity (0.0km);;2.1;0.181;8;OK
Classic 2004;Greely Fiord, Nunavut, Canada;Ref;80.6;-79.5833;;;;;;;;Keine Referenz gefunden
Classic 2004;Green Cove Springs, St. Johns River, Florida (5);Ref;29.99;-81.6633;DWF 2025;Green Cove Springs, Florida;Proximity (0.0km);;-15.8;1.350;5;OK
Classic 2004;Green Island, Australia;Ref;-16.75;145.9667;;;;;;;;Keine Referenz gefunden
Classic 2004;Greenly Island, Australia;Ref;-34.65;134.7833;;;;;;;;Keine Referenz gefunden
Classic 2004;Griffin Passage, British Columbia (2), Canada;Ref;52.77;-128.346;;;;;;;;Keine Referenz gefunden
Classic 2004;Griffith Harbour, British Columbia (2), Canada;Ref;53.599;-130.543;;;;;;;;Keine Referenz gefunden
Classic 2004;Grindstone (Ray .4), New Brunswick, Canada;Ref;45.7219;-64.6212;;;;;;;;Keine Referenz gefunden
Classic 2004;Grindstone Island, New Brunswick, Canada;Ref;45.7219;-64.6212;;;;;;;;Keine Referenz gefunden
Classic 2004;Grise Fiord, Nunavut, Canada;Ref;76.4197;-83.1331;;;;;;;;Keine Referenz gefunden
Classic 2004;Grist Mill, Québec, Canada;Ref;46.6507;-71.8898;;;;;;;;Keine Referenz gefunden
Classic 2004;Gros-Mécatina, Québec, Canada;Ref;50.8383;-58.9729;;;;;;;;Keine Referenz gefunden
Classic 2004;Grundarfjörður, Iceland;Ref;64.9282;-23.2594;;;;;;;;Keine Referenz gefunden
Classic 2004;Guam, Marianas;Ref;13.33;144.66;;;;;;;;Keine Referenz gefunden
Classic 2004;Guinchos Cay, Bahamas;Ref;22.75;-78.1167;;;;;;;;Keine Referenz gefunden
Classic 2004;Gull Island, Newfoundland, Canada;Ref;47.2621;-52.7779;;;;;;;;Keine Referenz gefunden
Classic 2004;Guluwuru Island, Australia;Ref;-11.5167;136.3833;;;;;;;;Keine Referenz gefunden
Classic 2004;Habu (In-No-Sima), Hirosima, Japan;Ref;34.2667;133.2;;;;;;;;Keine Referenz gefunden
Classic 2004;Habu (Izu-O Sima), Tokyo, Japan;Ref;34.6833;139.433;;;;;;;;Keine Referenz gefunden
Classic 2004;Hackensack, Hackensack River, New Jersey;Ref;40.89;-74.0383;DWF 2025;Hackensack, Hackensack River, New Jersey;Name;1.1;51.4;0.206;5;OK
Classic 2004;Haderuma, Okinawa, Japan;Ref;24.0667;123.767;;;;;;;;Keine Referenz gefunden
Classic 2004;Hagi, Yamaguti, Japan;Ref;34.4333;131.417;;;;;;;;Keine Referenz gefunden
Classic 2004;Haig Point, Daufuskie Island, Cooper River, South Carolina;Ref;32.15;-80.8333;DWF 2025;Haig Point, Daufuskie Island, Cooper River, South Carolina;Name;0.5;-11.5;0.075;4;OK
Classic 2004;Haiki Jetty (N.side), Nagasaki, Japan;Ref;33.1333;129.8;;;;;;;;Keine Referenz gefunden
Classic 2004;Haiki Jetty (S.side), Nagasaki, Japan;Ref;33.1333;129.8;;;;;;;;Keine Referenz gefunden
Classic 2004;Hakata Hukuoka, Hukuoka, Japan;Ref;33.6;130.383;;;;;;;;Keine Referenz gefunden
Classic 2004;Halfmoon Bay, British Columbia (2), Canada;Ref;49.511;-123.912;;;;;;;;Keine Referenz gefunden
Classic 2004;Hall Beach, Foxe Basin, Nunavut, Canada;Ref;68.75;-81.2167;;;;;;;;Keine Referenz gefunden
Classic 2004;Hall Point, Australia;Ref;-15.6667;124.4;;;;;;;;Keine Referenz gefunden
Classic 2004;Halls Boathouse, Washington;Ref;48.05;-123.55;;;;;;;;Keine Referenz gefunden
Classic 2004;Hama-Onisibetu, Hokkaido, Japan;Ref;45.3333;142.167;;;;;;;;Keine Referenz gefunden
Classic 2004;Hamamasu, Hokkaido, Japan;Ref;43.6;141.383;;;;;;;;Keine Referenz gefunden
Classic 2004;Hamazima, Mie, Japan;Ref;34.3;136.767;;;;;;;;Keine Referenz gefunden
Classic 2004;Hamelin Bay, Australia;Ref;-34.1833;115.0333;;;;;;;;Keine Referenz gefunden
Classic 2004;Hamelin Pool, Australia;Ref;-26.3833;114.1833;;;;;;;;Keine Referenz gefunden
Classic 2004;Hamilton Bank 334, Labrador, Canada;Ref;53.7333;-53.6167;;;;;;;;Keine Referenz gefunden
Classic 2004;Hamilton Bank 789, Labrador, Canada;Ref;53.7333;-55.45;;;;;;;;Keine Referenz gefunden
Classic 2004;Hamilton Bank 790, Labrador, Canada;Ref;54.1833;-52.1333;;;;;;;;Keine Referenz gefunden
Classic 2004;Hamilton Bank 795, Labrador, Canada;Ref;54.4667;-55.4333;;;;;;;;Keine Referenz gefunden
Classic 2004;Hamilton Bank 796, Newfoundland, Canada;Ref;51.0667;-53.0167;;;;;;;;Keine Referenz gefunden
Classic 2004;Hamilton Bank, Labrador, Canada;Ref;55.35;-53.7667;;;;;;;;Keine Referenz gefunden
Classic 2004;Hamilton Island, Nunavut, Canada;Ref;74.1917;-99.16;;;;;;;;Keine Referenz gefunden
Classic 2004;Hampden, Newfoundland, Canada;Ref;49.5453;-56.8533;;;;;;;;Keine Referenz gefunden
Classic 2004;Hampton Roads, Virginia;Ref;36.9467;-76.33;DWF 2025;Sewells Point, pierhead (depth 7 ft), Hampton Roads, Virginia Current;Proximity (0.4km);0.4;;;;Keine Vorhersagen
Classic 2004;Hampton Roads, Virginia (2) (expired 1989-12-31);Ref;36.9467;-76.33;DWF 2025;Sewells Point, pierhead (depth 7 ft), Hampton Roads, Virginia Current;Proximity (0.4km);0.4;;;;Keine Vorhersagen
Classic 2004;Hanabutihama, Miyagi, Japan;Ref;38.3;141.083;;;;;;;;Keine Referenz gefunden
Classic 2004;Haneda, Tokyo, Japan;Ref;35.55;139.767;;;;;;;;Keine Referenz gefunden
Classic 2004;Hanga Piko, Easter Island;Ref;-27.1667;-109.3333;;;;;;;;Keine Referenz gefunden
Classic 2004;Hannibal Island, Australia;Ref;-11.6;142.9333;;;;;;;;Keine Referenz gefunden
Classic 2004;Hantsport, Nova Scotia (2), Canada;Ref;45.0669;-64.1702;;;;;;;;Keine Referenz gefunden
Classic 2004;Harbour Breton, Newfoundland, Canada;Ref;47.478;-55.8127;;;;;;;;Keine Referenz gefunden
Classic 2004;Harmac, British Columbia (2), Canada;Ref;49.14;-123.846;;;;;;;;Keine Referenz gefunden
Classic 2004;Harrington Inlet, Australia;Ref;-31.8667;152.6833;;;;;;;;Keine Referenz gefunden
Classic 2004;Harrington Reef, Endeavour Strait;Ref;-10.8167;142.7167;;;;;;;;Keine Referenz gefunden
Classic 2004;Hartley Bay, British Columbia (2), Canada;Ref;53.4242;-129.2519;UTide CA;Hartley Bay, British Columbia, Canada;Proximity (0.0km);;-3.6;0.084;8;OK
Classic 2004;Hase, Saga, Japan;Ref;33.3167;129.817;;;;;;;;Keine Referenz gefunden
Classic 2004;Hasihama, Ehime, Japan;Ref;34.1167;132.967;TICON4;O Sima (Kurusima), Ehime, Japan;Proximity (2.1km);2.1;-213.2;2.107;4;OK
Classic 2004;Hasirimizu, Kanagawa, Japan;Ref;35.25;139.733;TICON4;Uraga, Kanagawa, Japan;Proximity (2.7km);2.7;-185.0;1.207;3;OK
Classic 2004;Hatakezimo, Nagasaki, Japan;Ref;33.0667;129.733;;;;;;;;Keine Referenz gefunden
Classic 2004;Hatfield Point, New Brunswick, Canada;Ref;45.6138;-65.9124;TICON4;Hatfield, Canada;Proximity (0.9km);0.9;-230.4;1.374;7;OK
Classic 2004;Hati Lawi Harbour, Papua New Guinea;Ref;-11.2667;153.1667;;;;;;;;Keine Referenz gefunden
Classic 2004;Hatteras Inlet, North Carolina;Ref;35.205;-75.7033;DWF 2025;Hatteras Inlet, North Carolina;Name;2.8;15.6;0.021;5;OK
Classic 2004;Hauy Islet, Australia;Ref;-20.4167;116.9667;;;;;;;;Keine Referenz gefunden
Classic 2004;Haverstraw (Hudson River), New York Current;Ref;41.2;-73.95;;;;;;;;Current-Station (übersprungen)
Classic 2004;Haverstraw, Hudson River, New York;Ref;41.1967;-73.9583;DWF 2025;Haverstraw (depth 12 ft), Hudson River (midchannel), New York Current;Proximity (1.5km);1.5;;;;Keine Vorhersagen
Classic 2004;Havre Aubert (Amherst), Québec, Canada;Ref;47.2345;-61.8287;;;;;;;;Keine Referenz gefunden
Classic 2004;Havre-De-Beaubassin, Québec, Canada;Ref;48.0376;-65.4811;;;;;;;;Keine Referenz gefunden
Classic 2004;Havre-St-Pierre, Québec, Canada;Ref;50.2371;-63.6092;;;;;;;;Keine Referenz gefunden
Classic 2004;Hawkesbury Island, Torres Strait;Ref;-10.3833;142.1333;;;;;;;;Keine Referenz gefunden
Classic 2004;Hawks Nest Anchorage, Turks Islands;Ref;21.4333;-71.1167;;;;;;;;Keine Referenz gefunden
Classic 2004;Hayase Seto, Hirosima, Japan;Ref;34.15;132.483;;;;;;;;Keine Referenz gefunden
Classic 2004;Hayman Island, Australia;Ref;-20.05;148.8833;;;;;;;;Keine Referenz gefunden
Classic 2004;Haysport, British Columbia (2), Canada;Ref;54.178;-130.009;;;;;;;;Keine Referenz gefunden
Classic 2004;Heard Island, Antarctica;Ref;-53.0167;73.3833;;;;;;;;Keine Referenz gefunden
Classic 2004;Heart's Content, Newfoundland, Canada;Ref;47.8708;-53.3677;;;;;;;;Keine Referenz gefunden
Classic 2004;Hebron, Hebron Fjord, Labrador, Canada;Ref;58.1996;-62.625;;;;;;;;Keine Referenz gefunden
Classic 2004;Heikish Narrows, British Columbia, Canada Current;Ref;52.8705;-128.4907;;;;;;;;Current-Station (übersprungen)
Classic 2004;Hejka Drill Site, Nunavut, Canada;Ref;62.0167;-62.9667;;;;;;;;Keine Referenz gefunden
Classic 2004;Hell Gate (East River), New York Current;Ref;40.7833;-73.9333;;;;;;;;Current-Station (übersprungen)
Classic 2004;Hell Gate, Nunavut, Canada;Ref;76.9;-89.4167;;;;;;;;Keine Referenz gefunden
Classic 2004;Henley Harbour, Labrador, Canada;Ref;51.9926;-55.8554;;;;;;;;Keine Referenz gefunden
Classic 2004;Hentona, Okinawa, Japan;Ref;26.75;128.183;;;;;;;;Keine Referenz gefunden
Classic 2004;Herald Camp, Endeavour Strait;Ref;-10.9333;142.15;;;;;;;;Keine Referenz gefunden
Classic 2004;Hermitage, Newfoundland, Canada;Ref;47.5565;-55.9254;;;;;;;;Keine Referenz gefunden
Classic 2004;Heron Island, Australia;Ref;-23.45;151.9167;;;;;;;;Keine Referenz gefunden
Classic 2004;Herring Cove, New Brunswick, Canada;Ref;45.5747;-64.9656;;;;;;;;Keine Referenz gefunden
Classic 2004;Herschel Island, Nunavut/NWT, Canada;Ref;69.5703;-138.9246;;;;;;;;Keine Referenz gefunden
Classic 2004;Hesikiya, Okinawa, Japan;Ref;26.3;127.917;;;;;;;;Keine Referenz gefunden
Classic 2004;Heywood Shoal, Australia;Ref;-13.4667;124.05;;;;;;;;Keine Referenz gefunden
Classic 2004;Hiagari, Hukuoka, Japan;Ref;33.9;130.883;TICON4;Sunatsu, Japan;Proximity (1.2km);1.2;-188.5;0.810;4;OK
Classic 2004;Hibernia (780-1080), Newfoundland, Canada;Ref;46.5667;-48.7333;;;;;;;;Keine Referenz gefunden
Classic 2004;Hibernia 109, Newfoundland, Canada;Ref;46.8667;-48.7167;;;;;;;;Keine Referenz gefunden
Classic 2004;Hickman's Harbour, Newfoundland, Canada;Ref;48.1032;-53.7436;;;;;;;;Keine Referenz gefunden
Classic 2004;Higasi Ura, Kurile Islands;Ref;48.7833;154.083;;;;;;;;Keine Referenz gefunden
Classic 2004;Higasi-Agenosyo, Yamaguti, Japan;Ref;33.9;132.283;;;;;;;;Keine Referenz gefunden
Classic 2004;Higasi-Harima, Hutami-Hyogo, Japan;Ref;34.7;134.9;;;;;;;;Keine Referenz gefunden
Classic 2004;Higasi-Sizunai, Hokkaido, Japan;Ref;42.2833;142.467;;;;;;;;Keine Referenz gefunden
Classic 2004;Higgins Island, British Columbia (2), Canada;Ref;52.483;-128.762;;;;;;;;Keine Referenz gefunden
Classic 2004;High Island, Australia;Ref;-17.1667;146.0167;;;;;;;;Keine Referenz gefunden
Classic 2004;High Peak Island, Australia;Ref;-21.95;150.6833;;;;;;;;Keine Referenz gefunden
Classic 2004;Hii Wan, Wakayama, Japan;Ref;33.9167;135.1;;;;;;;;Keine Referenz gefunden
Classic 2004;Hikawa (Yonakuni Sima), Okinawa, Japan;Ref;24.4167;123.0;;;;;;;;Keine Referenz gefunden
Classic 2004;Hiketa, Kagawa, Japan;Ref;34.2333;134.4;;;;;;;;Keine Referenz gefunden
Classic 2004;Hilton Head, South Carolina;Ref;32.2333;-80.6667;DWF 2025;Port Royal Plantation Tower, east of (depth 15 ft), South Carolina Current;Proximity (1.5km);1.5;;;;Keine Vorhersagen
Classic 2004;Hime Sima, Oita, Japan;Ref;33.7333;131.65;;;;;;;;Keine Referenz gefunden
Classic 2004;Himezi-Sikama, Hyogo, Japan;Ref;34.7833;134.667;;;;;;;;Keine Referenz gefunden
Classic 2004;Hinotu Ura, Simane, Japan;Ref;36.0833;133.067;;;;;;;;Keine Referenz gefunden
Classic 2004;Hirao, Yamaguti, Japan;Ref;33.9167;132.05;;;;;;;;Keine Referenz gefunden
Classic 2004;Hirohata, Hyogo, Japan;Ref;34.7833;134.617;;;;;;;;Keine Referenz gefunden
Classic 2004;Hiru-Ga-Ura, Nagasaki, Japan;Ref;34.3167;129.283;;;;;;;;Keine Referenz gefunden
Classic 2004;Hisi Ura, Simane, Japan;Ref;36.1;133.083;;;;;;;;Keine Referenz gefunden
Classic 2004;Hitati, Ibaraki, Japan;Ref;36.5;140.633;;;;;;;;Keine Referenz gefunden
Classic 2004;Hitokappu Wan, Hokkaido, Japan;Ref;44.9333;147.633;;;;;;;;Keine Referenz gefunden
Classic 2004;Hiwasa, Tokusima, Japan;Ref;33.7333;134.55;;;;;;;;Keine Referenz gefunden
Classic 2004;Hizi, Oita, Japan;Ref;33.3667;131.533;;;;;;;;Keine Referenz gefunden
Classic 2004;Hoden, Okayama, Japan;Ref;34.5833;134.1;;;;;;;;Keine Referenz gefunden
Classic 2004;Hog Bay, Australia;Ref;-35.7169;137.9433;;;;;;;;Keine Referenz gefunden
Classic 2004;Holden Beach, North Carolina;Ref;33.9167;-78.2667;;;;;;;;Keine Referenz gefunden
Classic 2004;Hólmavík, Iceland;Ref;65.7065;-21.6692;;;;;;;;Keine Referenz gefunden
Classic 2004;Holyrood, Newfoundland, Canada;Ref;47.3891;-53.1354;;;;;;;;Keine Referenz gefunden
Classic 2004;Hondo, Kumamoto, Japan;Ref;32.45;130.2;TICON4;Oomon, Kumamoto, Japan;Proximity (2.4km);2.4;-183.5;2.138;4;OK
Classic 2004;Honolulu, Oahu (Hawaii) (2) (expired 1989-12-31);Ref;21.3067;-157.8667;DWF 2025;Honolulu, Honolulu Harbor, Oahu Island, Hawaii;Proximity (0.4km);0.4;4.5;0.017;6;OK
Classic 2004;Hook Island, Australia;Ref;-20.0667;148.9333;;;;;;;;Keine Referenz gefunden
Classic 2004;Hook Island, Nunavut, Canada;Ref;53.4353;-79.1224;;;;;;;;Keine Referenz gefunden
Classic 2004;Hooper Island, Nunavut/NWT, Canada;Ref;69.6833;-134.8333;;;;;;;;Keine Referenz gefunden
Classic 2004;Hope Bay, British Columbia (2), Canada;Ref;48.8034;-123.2759;;;;;;;;Keine Referenz gefunden
Classic 2004;Hopedale, Labrador, Canada;Ref;55.4541;-60.2228;;;;;;;;Keine Referenz gefunden
Classic 2004;Hopeful Bay, Australia;Ref;-11.4333;136.5;;;;;;;;Keine Referenz gefunden
Classic 2004;Hopewell Cape, New Brunswick, Canada;Ref;45.8601;-64.5791;;;;;;;;Keine Referenz gefunden
Classic 2004;Hornafjörður, Iceland;Ref;64.2529;-15.2127;;;;;;;;Keine Referenz gefunden
Classic 2004;Hornby Island, British Columbia (2), Canada;Ref;49.4962;-124.676;;;;;;;;Keine Referenz gefunden
Classic 2004;Horozuki, Aomori, Japan;Ref;41.2167;140.55;;;;;;;;Keine Referenz gefunden
Classic 2004;House Harbour, Labrador, Canada;Ref;56.2355;-61.0496;;;;;;;;Keine Referenz gefunden
Classic 2004;Howick Island, Australia;Ref;-14.5167;144.9833;;;;;;;;Keine Referenz gefunden
Classic 2004;Hubbards, Nova Scotia, Canada;Ref;44.6373;-64.0595;;;;;;;;Keine Referenz gefunden
Classic 2004;Hudson B (Satellite), Manitoba, Canada;Ref;57.05;-86.0;;;;;;;;Keine Referenz gefunden
Classic 2004;Hudson Bay Passage, British Columbia (2), Canada;Ref;54.457;-130.848;;;;;;;;Keine Referenz gefunden
Classic 2004;Hudson Strait Station 808, Québec, Canada;Ref;62.0;-71.5833;;;;;;;;Keine Referenz gefunden
Classic 2004;Hudson, Florida;Ref;28.3667;-82.7;DWF 2025;Hudson, Hudson Creek, Florida;Proximity (1.1km);1.1;6.7;0.019;6;OK
Classic 2004;Huehuki, Nagasaki, Japan;Ref;33.1833;129.05;;;;;;;;Keine Referenz gefunden
Classic 2004;Hukahori, Nagasaki, Japan;Ref;32.6833;129.817;;;;;;;;Keine Referenz gefunden
Classic 2004;Huke, Osaka, Japan;Ref;34.3167;135.133;;;;;;;;Keine Referenz gefunden
Classic 2004;Hukue (Aiti), Aichi, Japan;Ref;34.6333;137.117;;;;;;;;Keine Referenz gefunden
Classic 2004;Hukui, Hukui, Japan;Ref;36.2;136.133;;;;;;;;Keine Referenz gefunden
Classic 2004;Hukura, Hyogo, Japan;Ref;34.25;134.7;;;;;;;;Keine Referenz gefunden
Classic 2004;Hukuro Ura, Kumamoto, Japan;Ref;32.1833;130.367;;;;;;;;Keine Referenz gefunden
Classic 2004;Hukusima (Sibusi Wan), Miyazaki, Japan;Ref;31.45;131.2;;;;;;;;Keine Referenz gefunden
Classic 2004;Hukuyama, Hirosima, Japan;Ref;34.4833;133.417;;;;;;;;Keine Referenz gefunden
Classic 2004;Humboldt Bay (south jetty), California (expired 1984-12-31);Ref;40.745;-124.2267;DWF 2025;Hookton Channel Day Marker 3 (depth 16 ft), Humboldt Bay, California Current;Proximity (0.2km);0.2;;;;Keine Vorhersagen
Classic 2004;Humboldt Bay, North Spit, California (2) (expired 1993-12-31);Ref;40.7667;-124.2167;DWF 2025;North Spit, Humboldt Bay, California;Proximity (0.1km);0.1;10.8;0.047;6;OK
Classic 2004;Humoto, Kagosima, Japan;Ref;31.55;130.733;;;;;;;;Keine Referenz gefunden
Classic 2004;Humpback Bay, British Columbia (2), Canada;Ref;54.087;-130.395;;;;;;;;Keine Referenz gefunden
Classic 2004;Hunabasi, Tiba, Japan;Ref;35.6833;139.983;;;;;;;;Keine Referenz gefunden
Classic 2004;Hunadomari, Hokkaido, Japan;Ref;45.45;141.033;;;;;;;;Keine Referenz gefunden
Classic 2004;Hunagawa, Akita, Japan;Ref;39.8833;139.85;;;;;;;;Keine Referenz gefunden
Classic 2004;Hunagosi Wan, Miyagi, Japan;Ref;38.5333;141.517;;;;;;;;Keine Referenz gefunden
Classic 2004;Hunakata, Tiba, Japan;Ref;35.0333;139.85;;;;;;;;Keine Referenz gefunden
Classic 2004;Hunamawari Wan, Nagasaki, Japan;Ref;32.8667;128.933;;;;;;;;Keine Referenz gefunden
Classic 2004;Hunauki, Okinawa, Japan;Ref;24.3333;123.733;;;;;;;;Keine Referenz gefunden
Classic 2004;Hunger Harbour, British Columbia, Canada;Ref;52.766;-132.047;;;;;;;;Keine Referenz gefunden
Classic 2004;Hunt Inlet, British Columbia (2), Canada;Ref;54.068;-130.446;;;;;;;;Keine Referenz gefunden
Classic 2004;Hunt Islets, British Columbia, Canada;Ref;50.474;-128.03;;;;;;;;Keine Referenz gefunden
Classic 2004;Hurue, Mie, Japan;Ref;33.9667;136.217;;;;;;;;Keine Referenz gefunden
Classic 2004;Hurukamappu Wan, Hokkaido, Japan;Ref;44.0333;145.85;;;;;;;;Keine Referenz gefunden
Classic 2004;Húsavík, Iceland;Ref;66.0433;-17.341;;;;;;;;Keine Referenz gefunden
Classic 2004;Hutami (Mano Wan), Niigata, Japan;Ref;37.9667;138.267;;;;;;;;Keine Referenz gefunden
Classic 2004;Hvalba, Faroe Islands;Ref;61.6;-6.9417;;;;;;;;Keine Referenz gefunden
Classic 2004;Hyde Parker Island, Nunavut, Canada;Ref;76.4833;-97.2167;;;;;;;;Keine Referenz gefunden
Classic 2004;Hyperite Point, Nunavut, Canada;Ref;78.1333;-88.8833;;;;;;;;Keine Referenz gefunden
Classic 2004;Iceberg Point, Nunavut, Canada;Ref;80.4167;-86.1667;;;;;;;;Keine Referenz gefunden
Classic 2004;Ie (Okinawa), Okinawa, Japan;Ref;26.7;127.8;;;;;;;;Keine Referenz gefunden
Classic 2004;Ie Sima (Harima Nada), Hyogo, Japan;Ref;34.6833;134.533;;;;;;;;Keine Referenz gefunden
Classic 2004;Ie-No-Sima, Ehime, Japan;Ref;34.1;133.183;;;;;;;;Keine Referenz gefunden
Classic 2004;Igloolik, Nunavut, Canada;Ref;69.3463;-81.7296;;;;;;;;Keine Referenz gefunden
Classic 2004;Iino Seto, Nagasaki, Japan;Ref;32.95;129.0;;;;;;;;Keine Referenz gefunden
Classic 2004;Ike-No-Ura, Kumamoto, Japan;Ref;32.3833;130.35;;;;;;;;Keine Referenz gefunden
Classic 2004;Ikema, Okinawa, Japan;Ref;24.9167;125.25;;;;;;;;Keine Referenz gefunden
Classic 2004;Ikuzi, Toyama, Japan;Ref;36.8833;137.417;;;;;;;;Keine Referenz gefunden
Classic 2004;Île Haute, Nova Scotia, Canada;Ref;45.2534;-64.9905;;;;;;;;Keine Referenz gefunden
Classic 2004;Île-Aux-Lièvres, Québec, Canada;Ref;47.8012;-69.7707;;;;;;;;Keine Referenz gefunden
Classic 2004;Imabari, Ehime, Japan;Ref;34.0667;133.0;;;;;;;;Keine Referenz gefunden
Classic 2004;Imigen Island, Nunavut, Canada;Ref;66.0273;-67.0713;;;;;;;;Keine Referenz gefunden
Classic 2004;Impression Bay, Tasmania;Ref;-43.05;147.7833;;;;;;;;Keine Referenz gefunden
Classic 2004;Ina, Nagasaki, Japan;Ref;34.55;129.317;;;;;;;;Keine Referenz gefunden
Classic 2004;Inaba-Aziro, Tottori, Japan;Ref;35.5833;134.3;TICON4;Taziri, Tottori, Japan;Proximity (1.9km);1.9;;;;Keine Vorhersagen
Classic 2004;Ince Point, Torres Strait;Ref;-10.5;142.3167;;;;;;;;Keine Referenz gefunden
Classic 2004;Indian Harbour, Nova Scotia, Canada;Ref;44.5151;-63.9372;;;;;;;;Keine Referenz gefunden
Classic 2004;Ine, Kyoto, Japan;Ref;35.6667;135.283;;;;;;;;Keine Referenz gefunden
Classic 2004;Inenew Passage, Québec, Canada;Ref;51.7333;-79.0333;;;;;;;;Keine Referenz gefunden
Classic 2004;Ingomar, Nova Scotia, Canada;Ref;43.5626;-65.3624;;;;;;;;Keine Referenz gefunden
Classic 2004;Innetalling Island, Nunavut, Canada;Ref;55.9;-79.0667;;;;;;;;Keine Referenz gefunden
Classic 2004;Inokusi, Oita, Japan;Ref;32.8;131.9;;;;;;;;Keine Referenz gefunden
Classic 2004;Inoura, Nagasaki, Japan;Ref;33.05;129.75;;;;;;;;Keine Referenz gefunden
Classic 2004;Inubo Saki, Tiba, Japan;Ref;35.7;140.867;;;;;;;;Keine Referenz gefunden
Classic 2004;Inukjuak, Québec, Canada;Ref;58.4459;-78.1017;TICON4;Inoucdjouac, Quï¿½bec, Canada;Proximity (0.5km);0.5;;;;Keine Vorhersagen
Classic 2004;Io Sima (Nagasaki), Nagasaki, Japan;Ref;32.7;129.783;;;;;;;;Keine Referenz gefunden
Classic 2004;Iozima (Kagosima), Kagosima, Japan;Ref;30.7833;130.283;;;;;;;;Keine Referenz gefunden
Classic 2004;Iqaluit S Farthest, Nunavut, Canada;Ref;63.4798;-68.0275;;;;;;;;Keine Referenz gefunden
Classic 2004;Irago, Aichi, Japan;Ref;34.5833;137.017;;;;;;;;Keine Referenz gefunden
Classic 2004;Iriribusi, Hokkaido, Japan;Ref;44.7167;147.35;;;;;;;;Keine Referenz gefunden
Classic 2004;Isaacs Harbour, Nova Scotia, Canada;Ref;45.1795;-61.6592;;;;;;;;Keine Referenz gefunden
Classic 2004;Isachsen, Nunavut/NWT, Canada;Ref;78.7801;-103.5078;;;;;;;;Keine Referenz gefunden
Classic 2004;Ísafjörður, Iceland;Ref;66.0739;-23.1143;;;;;;;;Keine Referenz gefunden
Classic 2004;Isanotski Strait (False Pass cannery), Alaska Current;Ref;54.8667;-163.4;;;;;;;;Current-Station (übersprungen)
Classic 2004;Isihama (Matusima Wan), Miyagi, Japan;Ref;38.3167;141.117;;;;;;;;Keine Referenz gefunden
Classic 2004;Isikawa, Okinawa, Japan;Ref;26.4167;127.85;;;;;;;;Keine Referenz gefunden
Classic 2004;Isle Aux Morts, Newfoundland, Canada;Ref;47.5821;-58.9791;;;;;;;;Keine Referenz gefunden
Classic 2004;Isle of Springs, Maine;Ref;43.86;-69.6867;DWF 2025;Isle of Springs, Sheepscot River, Maine;Proximity (0.0km);;7.8;0.037;6;OK
Classic 2004;Isso, Kagosima, Japan;Ref;30.4667;130.5;;;;;;;;Keine Referenz gefunden
Classic 2004;Itihara, Tiba, Japan;Ref;35.5333;140.117;;;;;;;;Keine Referenz gefunden
Classic 2004;Itikawa, Tiba, Japan;Ref;35.6833;139.95;;;;;;;;Keine Referenz gefunden
Classic 2004;Ito, Sizuoka, Japan;Ref;34.9667;139.117;;;;;;;;Keine Referenz gefunden
Classic 2004;Itoman, Okinawa, Japan;Ref;26.1333;127.667;;;;;;;;Keine Referenz gefunden
Classic 2004;Itozaki, Hirosima, Japan;Ref;34.3833;133.117;;;;;;;;Keine Referenz gefunden
Classic 2004;Itukusima, Hirosima, Japan;Ref;34.3;132.317;;;;;;;;Keine Referenz gefunden
Classic 2004;Iwadate, Akita, Japan;Ref;40.4;139.983;;;;;;;;Keine Referenz gefunden
Classic 2004;Iwaguro, Yamaguti, Japan;Ref;33.9667;130.983;;;;;;;;Keine Referenz gefunden
Classic 2004;Iwahune, Niigata, Japan;Ref;38.1833;139.433;;;;;;;;Keine Referenz gefunden
Classic 2004;Iwaihukuro, Tiba, Japan;Ref;35.1;139.833;;;;;;;;Keine Referenz gefunden
Classic 2004;Iwakuni, Yamaguti, Japan;Ref;34.1667;132.25;;;;;;;;Keine Referenz gefunden
Classic 2004;Iwaya (Awazi Sima), Hyogo, Japan;Ref;34.6;135.017;;;;;;;;Keine Referenz gefunden
Classic 2004;Iwaya (Hukuoka), Hukuoka, Japan;Ref;33.9333;130.683;;;;;;;;Keine Referenz gefunden
Classic 2004;Izaki, Yamaguti, Japan;Ref;33.95;130.917;TICON4;Desimatu, Yamaguti, Japan;Proximity (3.0km);3.0;-166.0;0.573;4;OK
Classic 2004;Izasiki, Kagosima, Japan;Ref;31.1;130.7;;;;;;;;Keine Referenz gefunden
Classic 2004;Izumi Ura, Nagasaki, Japan;Ref;34.6667;129.483;TICON4;Aziro (Hidakatu), Nagasaki, Japan;Proximity (1.3km);1.3;-195.8;0.715;4;OK
Classic 2004;Izumi-Otu, Osaka, Japan;Ref;34.5;135.4;;;;;;;;Keine Referenz gefunden
Classic 2004;Izumozaki, Niigata, Japan;Ref;37.55;138.667;;;;;;;;Keine Referenz gefunden
Classic 2004;Jabiru, Australia;Ref;-11.8333;125.2;;;;;;;;Keine Referenz gefunden
Classic 2004;Jackos Point, Newfoundland, Canada;Ref;59.45;-55.1167;;;;;;;;Keine Referenz gefunden
Classic 2004;Jacksonville, Acosta Bridge, Florida (4);Ref;30.325;-81.665;DWF 2025;Acosta Bridge (depth 15 ft), St. Johns River, Florida Current;Proximity (0.3km);0.3;;;;Keine Vorhersagen
Classic 2004;Jacksonville, Acosta Bridge, Florida (5);Ref;30.7967;-81.515;DWF 2025;Kings Bay, Navy Base, Georgia;Proximity (0.0km);;69.8;1.843;4;OK
Classic 2004;Jacksonville, Navy Fuel Depot, St. Johns River, Florida (6);Ref;30.4;-81.6267;DWF 2025;Jacksonville, Navy Fuel Depot, Florida;Proximity (0.0km);;-9.8;1.603;6;OK
Classic 2004;Jamestown, Newfoundland, Canada;Ref;48.4443;-53.8;;;;;;;;Keine Referenz gefunden
Classic 2004;Jar Island, Australia;Ref;-14.15;126.2333;;;;;;;;Keine Referenz gefunden
Classic 2004;Jennis Bay, British Columbia (2), Canada;Ref;50.913;-127.026;;;;;;;;Keine Referenz gefunden
Classic 2004;Jensen Bay, Australia;Ref;-11.1833;136.6833;;;;;;;;Keine Referenz gefunden
Classic 2004;Joggins Wharf, Nova Scotia, Canada;Ref;45.694;-64.4507;;;;;;;;Keine Referenz gefunden
Classic 2004;Johnson Point, British Columbia, Canada;Ref;51.11;-127.537;;;;;;;;Keine Referenz gefunden
Classic 2004;Johnstone Strait Central, British Columbia, Canada Current;Ref;50.4717;-126.1367;;;;;;;;Current-Station (übersprungen)
Classic 2004;Johnstown, Nova Scotia, Canada;Ref;45.7928;-60.739;;;;;;;;Keine Referenz gefunden
Classic 2004;Jordans Point, Labrador, Canada;Ref;54.2183;-58.2415;;;;;;;;Keine Referenz gefunden
Classic 2004;Juan De Fuca Strait (East), British Columbia, Canada Current;Ref;48.2317;-123.53;;;;;;;;Current-Station (übersprungen)
Classic 2004;Julianeháb, Greenland;Ref;60.7167;-46.0333;TICON4;Qaqortoq, Denmark;Proximity (0.0km);0.0;61.0;1.270;4;OK
Classic 2004;Julington Creek, Florida (3);Ref;30.135;-81.63;DWF 2025;Julington Creek, Florida;Name;;-30.2;1.989;5;OK
Classic 2004;Julington Creek, Florida (4);Ref;30.135;-81.63;DWF 2025;Julington Creek, Florida;Name;;-22.0;2.223;5;OK
Classic 2004;Juneau, Alaska;Ref;58.2983;-134.4117;DWF 2025;Juneau, Gastineau Channel, Stephens Pass, Alaska;Proximity (0.1km);0.1;1.8;0.062;6;OK
Classic 2004;Juneau, Alaska (2);Ref;58.3;-134.41;DWF 2025;Juneau, Gastineau Channel, Stephens Pass, Alaska;Proximity (0.1km);0.1;1.7;0.028;6;OK
Classic 2004;Juskatla, British Columbia (2), Canada;Ref;53.628;-132.319;;;;;;;;Keine Referenz gefunden
Classic 2004;K13A platform, Netherlands;Ref;53.2167;3.2167;TICON4;K13 Alpha Platform, Netherlands;Proximity (0.2km);0.2;31.2;0.935;4;OK
Classic 2004;Kabasima Suido, Nagasaki, Japan;Ref;32.55;129.783;;;;;;;;Keine Referenz gefunden
Classic 2004;Kaga Sima, Kumamoto, Japan;Ref;32.5167;130.533;;;;;;;;Keine Referenz gefunden
Classic 2004;Kaga, Simane, Japan;Ref;35.5667;133.05;;;;;;;;Keine Referenz gefunden
Classic 2004;Kahuka (Rebun-To), Hokkaido, Japan;Ref;45.3;141.05;;;;;;;;Keine Referenz gefunden
Classic 2004;Kailua Kona, Big Island, Hawaii;Ref;19.6433;-156.0;DWF 2025;Kailua Kona, Hawaii Island, Hawaii;Proximity (0.0km);;12.3;0.028;6;OK
Classic 2004;Kakazi, Oita, Japan;Ref;33.6833;131.517;;;;;;;;Keine Referenz gefunden
Classic 2004;Kalbarri, Australia;Ref;-27.7;114.1667;;;;;;;;Keine Referenz gefunden
Classic 2004;Kaligola Point, Papua New Guinea;Ref;-10.15;148.2667;;;;;;;;Keine Referenz gefunden
Classic 2004;Kamae, Oita, Japan;Ref;32.7833;131.917;;;;;;;;Keine Referenz gefunden
Classic 2004;Kamegawa, Oita, Japan;Ref;33.3333;131.5;;;;;;;;Keine Referenz gefunden
Classic 2004;Kami Sima, Aichi, Japan;Ref;34.55;136.983;;;;;;;;Keine Referenz gefunden
Classic 2004;Kamo, Yamagata, Japan;Ref;38.7667;139.733;;;;;;;;Keine Referenz gefunden
Classic 2004;Kamogawa, Tiba, Japan;Ref;35.0833;140.1;;;;;;;;Keine Referenz gefunden
Classic 2004;Kamoise, Nagasaki, Japan;Ref;34.3333;129.383;;;;;;;;Keine Referenz gefunden
Classic 2004;Kamui Misaki, Hokkaido, Japan;Ref;43.3333;140.35;;;;;;;;Keine Referenz gefunden
Classic 2004;Kan-Onzi, Kagawa, Japan;Ref;34.1333;133.633;;;;;;;;Keine Referenz gefunden
Classic 2004;Kanbe, Nagasaki, Japan;Ref;32.8667;129.033;;;;;;;;Keine Referenz gefunden
Classic 2004;Kaneda Wan, Kanagawa, Japan;Ref;35.2;139.683;;;;;;;;Keine Referenz gefunden
Classic 2004;Kanezaki, Hukuoka, Japan;Ref;33.8833;130.533;;;;;;;;Keine Referenz gefunden
Classic 2004;Kangiqsujuaq (terre), Québec, Canada;Ref;61.5833;-71.5333;;;;;;;;Keine Referenz gefunden
Classic 2004;Kangiqsujuaq, Québec, Canada;Ref;61.6061;-71.9614;;;;;;;;Keine Referenz gefunden
Classic 2004;Kannoura, Koti, Japan;Ref;33.55;134.3;;;;;;;;Keine Referenz gefunden
Classic 2004;Kanoya, Kagosima, Japan;Ref;31.4;130.767;;;;;;;;Keine Referenz gefunden
Classic 2004;Kario, Nagasaki, Japan;Ref;34.45;129.3;;;;;;;;Keine Referenz gefunden
Classic 2004;Kariya (Osaka Wan), Hyogo, Japan;Ref;34.5167;135.0;;;;;;;;Keine Referenz gefunden
Classic 2004;Kariya (Suo Nada), Yamaguti, Japan;Ref;33.95;131.167;;;;;;;;Keine Referenz gefunden
Classic 2004;Karoto-Ko Seto, Hirosima, Japan;Ref;34.0667;132.55;;;;;;;;Keine Referenz gefunden
Classic 2004;Karrakatta Bay, Australia;Ref;-16.3667;123.0333;;;;;;;;Keine Referenz gefunden
Classic 2004;Karumo Sima, Hyogo, Japan;Ref;34.65;135.167;;;;;;;;Keine Referenz gefunden
Classic 2004;Kasaoka, Okayama, Japan;Ref;34.5;133.5;;;;;;;;Keine Referenz gefunden
Classic 2004;Kasari Wan, Kagosima, Japan;Ref;28.45;129.65;;;;;;;;Keine Referenz gefunden
Classic 2004;Kasiwabara, Hukuoka, Japan;Ref;33.9;130.667;;;;;;;;Keine Referenz gefunden
Classic 2004;Kasiwazaki (Ehime), Ehime, Japan;Ref;33.0167;132.483;;;;;;;;Keine Referenz gefunden
Classic 2004;Kasumi, Hyogo, Japan;Ref;35.65;134.633;;;;;;;;Keine Referenz gefunden
Classic 2004;Katakami, Okayama, Japan;Ref;34.7333;134.217;;;;;;;;Keine Referenz gefunden
Classic 2004;Katanohara, Aichi, Japan;Ref;34.7833;137.183;;;;;;;;Keine Referenz gefunden
Classic 2004;Katasima (Sukumo Wan), Koti, Japan;Ref;32.9;132.7;;;;;;;;Keine Referenz gefunden
Classic 2004;Katumoto, Nagasaki, Japan;Ref;33.85;129.7;;;;;;;;Keine Referenz gefunden
Classic 2004;Katurasele, Solomon Islands;Ref;-7.2;156.9;;;;;;;;Keine Referenz gefunden
Classic 2004;Kaunakakai, Molokai (Hawaii);Ref;21.085;-157.0317;DWF 2025;Kaunakakai Harbor, Molokai Island, Hawaii;Proximity (0.0km);0.0;2.3;0.037;6;OK
Classic 2004;Kawana, Sizuoka, Japan;Ref;34.95;139.133;;;;;;;;Keine Referenz gefunden
Classic 2004;Kay Point, Nunavut/NWT, Canada;Ref;69.2833;-138.4333;;;;;;;;Keine Referenz gefunden
Classic 2004;Kazi-Ga-Hana, Hukuoka, Japan;Ref;33.95;130.967;TICON4;Miojin Hana, Japan;Proximity (1.0km);1.0;-180.8;1.422;4;OK
Classic 2004;Kazura, Oita, Japan;Ref;32.9833;131.9;;;;;;;;Keine Referenz gefunden
Classic 2004;Kean Point, Nunavut, Canada;Ref;68.955;-102.3617;;;;;;;;Keine Referenz gefunden
Classic 2004;Kearney Point, Hackensack River, New Jersey;Ref;40.7267;-74.105;DWF 2025;Kearny Point, Hackensack River, New Jersey;Proximity (0.2km);0.2;18.8;0.082;5;OK
Classic 2004;Kearney Point, Passaic River, New Jersey;Ref;40.7317;-74.1167;DWF 2025;Point No Point, Passaic River, New Jersey;Proximity (0.0km);;2.8;0.024;5;OK
Classic 2004;Kegaska, Québec, Canada;Ref;50.1843;-61.2639;;;;;;;;Keine Referenz gefunden
Classic 2004;Kelley's Cove, Nova Scotia, Canada;Ref;43.7833;-66.132;;;;;;;;Keine Referenz gefunden
Classic 2004;Kemano Bay, British Columbia (2), Canada;Ref;53.478;-128.124;;;;;;;;Keine Referenz gefunden
Classic 2004;Kennedy Cove, British Columbia, Canada;Ref;49.14;-125.671;;;;;;;;Keine Referenz gefunden
Classic 2004;Kenneth Passage, British Columbia (2), Canada;Ref;50.951;-126.812;;;;;;;;Keine Referenz gefunden
Classic 2004;Kerema, Papua New Guinea;Ref;-7.9667;145.75;;;;;;;;Keine Referenz gefunden
Classic 2004;Kesennuma, Miyagi, Japan;Ref;38.8833;141.617;;;;;;;;Keine Referenz gefunden
Classic 2004;Ketchikan, Alaska;Ref;55.3333;-131.625;DWF 2025;Ketchikan, Tongass Narrows, Alaska;Proximity (0.2km);0.2;1.7;0.011;6;OK
Classic 2004;Key West (Naval Base), Florida;Ref;24.5533;-81.8083;DWF 2025;Key West, Florida;Proximity (0.3km);0.3;-3.2;0.006;6;OK
Classic 2004;Key West, Florida Current;Ref;24.5483;-81.8167;;;;;;;;Current-Station (übersprungen)
Classic 2004;Khyex Point, British Columbia (2), Canada;Ref;54.223;-129.8;;;;;;;;Keine Referenz gefunden
Classic 2004;Kieta Harbour, Solomon Islands;Ref;-6.2;155.6333;;;;;;;;Keine Referenz gefunden
Classic 2004;Kihei, Maui (Hawaii);Ref;20.7833;-156.4667;DWF 2025;Kihei, Maalaea Bay, Maui Island, Hawaii;Proximity (0.0km);;10.3;0.034;6;OK
Classic 2004;Kii-Katuura, Wakayama, Japan;Ref;33.6333;135.95;;;;;;;;Keine Referenz gefunden
Classic 2004;Kiire, Kagosima, Japan;Ref;31.3833;130.55;;;;;;;;Keine Referenz gefunden
Classic 2004;Kikori, Papua New Guinea;Ref;-7.4167;144.25;;;;;;;;Keine Referenz gefunden
Classic 2004;Kikuma, Ehime, Japan;Ref;34.0333;132.833;;;;;;;;Keine Referenz gefunden
Classic 2004;Kimbe, Papua New Guinea;Ref;-5.5;150.1;;;;;;;;Keine Referenz gefunden
Classic 2004;Kimitu, Tiba, Japan;Ref;35.35;139.867;;;;;;;;Keine Referenz gefunden
Classic 2004;Kimmirut (Lake Harbour), Nunavut, Canada;Ref;62.796;-69.775;TICON4;Kimmirut (Lake Harbour), Canada;Proximity (0.0km);0.0;-241.0;6.537;4;OK
Classic 2004;Kincolith, British Columbia (2), Canada;Ref;54.999;-129.978;;;;;;;;Keine Referenz gefunden
Classic 2004;King Edward Point, Nunavut, Canada;Ref;76.1333;-81.0667;;;;;;;;Keine Referenz gefunden
Classic 2004;Kingscliff, Australia;Ref;-28.2667;153.5833;;;;;;;;Keine Referenz gefunden
Classic 2004;Kingscote, Australia;Ref;-35.6546;137.644;;;;;;;;Keine Referenz gefunden
Classic 2004;Kingsley Creek, RR. bridge, Florida (2);Ref;30.6317;-81.4767;DWF 2025;Kingsley Creek, RR. bridge, Florida;Name;;-15.8;0.392;6;OK
Classic 2004;Kingston, Australia;Ref;-36.8257;139.8479;;;;;;;;Keine Referenz gefunden
Classic 2004;Kirkcaldie Reef, Torres Strait;Ref;-10.4167;142.8;;;;;;;;Keine Referenz gefunden
Classic 2004;Kisiwada, Osaka, Japan;Ref;34.4667;135.367;;;;;;;;Keine Referenz gefunden
Classic 2004;Kitadomari, Tokusima, Japan;Ref;34.2333;134.583;;;;;;;;Keine Referenz gefunden
Classic 2004;Kitimat, British Columbia (2), Canada;Ref;53.989;-128.696;UTide CA;Kitimat, British Columbia, Canada;Proximity (0.0km);;0.9;0.069;8;OK
Classic 2004;Kitkatla Islands, British Columbia (2), Canada;Ref;53.803;-130.357;;;;;;;;Keine Referenz gefunden
Classic 2004;Kivitoo, Baffin Island, Nunavut, Canada;Ref;67.93;-64.93;;;;;;;;Keine Referenz gefunden
Classic 2004;Kiyobe, Hokkaido, Japan;Ref;41.5333;140.0;;;;;;;;Keine Referenz gefunden
Classic 2004;Klaksvík, Faroe Islands;Ref;62.254;-6.5813;;;;;;;;Keine Referenz gefunden
Classic 2004;Klaxton Creek, British Columbia (2), Canada;Ref;54.079;-130.089;;;;;;;;Keine Referenz gefunden
Classic 2004;Klemtu, British Columbia (2), Canada;Ref;52.594;-128.521;;;;;;;;Keine Referenz gefunden
Classic 2004;Kleybolt Peninsula, Nunavut, Canada;Ref;81.55;-91.55;;;;;;;;Keine Referenz gefunden
Classic 2004;Knox Bay, British Columbia (2), Canada;Ref;50.387;-125.619;;;;;;;;Keine Referenz gefunden
Classic 2004;Ko-No-Ura, Nagasaki, Japan;Ref;33.2667;129.083;;;;;;;;Keine Referenz gefunden
Classic 2004;Ko-Sagi Sima, Hirosima, Japan;Ref;34.3667;133.1;;;;;;;;Keine Referenz gefunden
Classic 2004;Kobi Syo, Okinawa, Japan;Ref;25.9333;123.683;;;;;;;;Keine Referenz gefunden
Classic 2004;Kobui, Hokkaido, Japan;Ref;41.7667;141.133;;;;;;;;Keine Referenz gefunden
Classic 2004;Kodai, Nagasaki, Japan;Ref;33.0667;129.75;;;;;;;;Keine Referenz gefunden
Classic 2004;Kodiak, Alaska (expired 1993-12-31);Ref;57.7883;-152.4;DWF 2025;Kodiak Harbor Narrows (depth 16 ft), Chiniak Bay, Alaska Current;Proximity (0.4km);0.4;;;;Keine Vorhersagen
Classic 2004;Kodomari, Aomori, Japan;Ref;41.1333;140.3;;;;;;;;Keine Referenz gefunden
Classic 2004;Koe, Nagasaki, Japan;Ref;32.75;129.817;;;;;;;;Keine Referenz gefunden
Classic 2004;Kogo Saki, Nagasaki, Japan;Ref;33.1;129.683;;;;;;;;Keine Referenz gefunden
Classic 2004;Kogusi, Okayama, Japan;Ref;34.6;134.033;;;;;;;;Keine Referenz gefunden
Classic 2004;Koiseboi, Hokkaido, Japan;Ref;44.05;144.95;;;;;;;;Keine Referenz gefunden
Classic 2004;Kokopo, Papua New Guinea;Ref;-4.35;152.2833;;;;;;;;Keine Referenz gefunden
Classic 2004;Koluktoo Bay, Nunavut, Canada;Ref;72.1066;-80.7443;;;;;;;;Keine Referenz gefunden
Classic 2004;Kominato, Aomori, Japan;Ref;40.95;140.983;;;;;;;;Keine Referenz gefunden
Classic 2004;Komoda, Nagasaki, Japan;Ref;34.2333;129.2;;;;;;;;Keine Referenz gefunden
Classic 2004;Koniya, Kagosima, Japan;Ref;28.15;129.317;;;;;;;;Keine Referenz gefunden
Classic 2004;Konominato, Hukuoka, Japan;Ref;33.85;130.483;;;;;;;;Keine Referenz gefunden
Classic 2004;Konoura, Akita, Japan;Ref;39.25;139.917;;;;;;;;Keine Referenz gefunden
Classic 2004;Kópasker, Iceland;Ref;66.3009;-16.4466;;;;;;;;Keine Referenz gefunden
Classic 2004;Kotomari, Kurile Islands;Ref;50.8167;156.5;;;;;;;;Keine Referenz gefunden
Classic 2004;Kottoi, Yamaguti, Japan;Ref;34.3167;130.9;;;;;;;;Keine Referenz gefunden
Classic 2004;Koyo, Hirosima, Japan;Ref;34.2333;132.717;;;;;;;;Keine Referenz gefunden
Classic 2004;Krubluyak Point, Northwest Territories, Canada;Ref;69.5333;-130.95;;;;;;;;Keine Referenz gefunden
Classic 2004;Kudamatu, Yamaguti, Japan;Ref;34.0;131.833;;;;;;;;Keine Referenz gefunden
Classic 2004;Kugluktuk (Coppermine), Nunavut, Canada;Ref;67.8794;-115.2179;TICON4;Kugluktuk (Coppermine), Nunavut, Canada;Name;0.1;;;;Keine Vorhersagen
Classic 2004;Kumeon Bay, British Columbia (2), Canada;Ref;54.713;-130.24;;;;;;;;Keine Referenz gefunden
Classic 2004;Kumul Tkr Mrg, Papua New Guinea;Ref;-8.1333;144.5667;;;;;;;;Keine Referenz gefunden
Classic 2004;Kunehama, Nagasaki, Japan;Ref;34.1667;129.183;;;;;;;;Keine Referenz gefunden
Classic 2004;Kurihama, Kanagawa, Japan;Ref;35.2167;139.717;TICON4;Uraga, Kanagawa, Japan;Proximity (1.3km);1.3;-187.0;1.000;3;OK
Classic 2004;Kuru Sima, Ehime, Japan;Ref;34.1167;132.967;TICON4;O Sima (Kurusima), Ehime, Japan;Proximity (2.1km);2.1;-239.2;2.200;4;OK
Classic 2004;Kusikino, Kagosima, Japan;Ref;31.7167;130.267;;;;;;;;Keine Referenz gefunden
Classic 2004;Kusudomari, Nagasaki, Japan;Ref;33.2167;129.583;;;;;;;;Keine Referenz gefunden
Classic 2004;Kuti-Erabu Sima, Kagosima, Japan;Ref;30.4667;130.183;;;;;;;;Keine Referenz gefunden
Classic 2004;Kuujjuaq (village), Québec, Canada;Ref;58.1;-68.3167;;;;;;;;Keine Referenz gefunden
Classic 2004;Kuzi Wan (Osima Kaikyo), Kagosima, Japan;Ref;28.2333;129.25;;;;;;;;Keine Referenz gefunden
Classic 2004;Kvichak Bay (off Naknek River entrance), Alaska Current;Ref;58.7033;-157.25;;;;;;;;Current-Station (übersprungen)
Classic 2004;Kwajalein Atoll, Marshall Islands;Ref;8.7367;167.7383;DWF 2025;Kwajalein, Marshall Islands;Proximity (0.6km);0.6;-0.5;0.367;4;OK
Classic 2004;Kwinitsa Creek, British Columbia (2), Canada;Ref;54.2167;-129.5833;;;;;;;;Keine Referenz gefunden
Classic 2004;Kwokwesta Creek, British Columbia (2), Canada;Ref;50.527;-127.569;;;;;;;;Keine Referenz gefunden
Classic 2004;Kyuquot, British Columbia (2), Canada;Ref;50.026;-127.376;;;;;;;;Keine Referenz gefunden
Classic 2004;L'Anse-à-la-Cabane, Québec, Canada;Ref;47.2176;-61.9857;;;;;;;;Keine Referenz gefunden
Classic 2004;L'Étang-du-Nord, Québec, Canada;Ref;47.3699;-61.9589;;;;;;;;Keine Referenz gefunden
Classic 2004;L'Île-d'Anticosti, Québec, Canada;Ref;49.395;-63.59;;;;;;;;Keine Referenz gefunden
Classic 2004;L'Île-d'Anticosti, Québec, Canada;Ref;49.0842;-61.697;;;;;;;;Keine Referenz gefunden
Classic 2004;L'Île-d'Anticosti, Québec, Canada;Ref;49.9517;-64.15;;;;;;;;Keine Referenz gefunden
Classic 2004;L'Islet-sur-Mer, Québec, Canada;Ref;47.136;-70.3732;;;;;;;;Keine Referenz gefunden
Classic 2004;La Grande Riviere, Nunavut, Canada;Ref;53.85;-79.15;;;;;;;;Keine Referenz gefunden
Classic 2004;La Have Bank, Nova Scotia, Canada;Ref;42.9;-64.2333;;;;;;;;Keine Referenz gefunden
Classic 2004;La Pointe, Nova Scotia, Canada;Ref;46.6032;-61.0525;;;;;;;;Keine Referenz gefunden
Classic 2004;La Romaine, Québec, Canada;Ref;50.2121;-60.6893;;;;;;;;Keine Referenz gefunden
Classic 2004;La Scie, Newfoundland, Canada;Ref;49.9632;-55.6029;;;;;;;;Keine Referenz gefunden
Classic 2004;Lacrosse Island, Australia;Ref;-14.75;128.3333;;;;;;;;Keine Referenz gefunden
Classic 2004;Lady Barron Harbour, Tasmania;Ref;-40.2167;148.25;;;;;;;;Keine Referenz gefunden
Classic 2004;Lady Elliot Island, Australia;Ref;-24.1167;152.7167;;;;;;;;Keine Referenz gefunden
Classic 2004;Lady Musgrave Island, Australia;Ref;-23.9;152.3833;;;;;;;;Keine Referenz gefunden
Classic 2004;Lagoon Cove, British Columbia (2), Canada;Ref;50.5977;-126.319;;;;;;;;Keine Referenz gefunden
Classic 2004;Lagrange Bay, Australia;Ref;-18.7;121.7333;;;;;;;;Keine Referenz gefunden
Classic 2004;Lance Cove, Newfoundland, Canada;Ref;47.0833;-52.0333;;;;;;;;Keine Referenz gefunden
Classic 2004;Lancelin, Australia;Ref;-31.0167;115.3333;;;;;;;;Keine Referenz gefunden
Classic 2004;Langara Point, British Columbia, Canada;Ref;54.256;-133.045;TICON4;Langara Island, British Columbia, Canada;Proximity (0.6km);0.6;269.5;2.908;4;OK
Classic 2004;Large Islet, Australia;Ref;-21.3;115.5;;;;;;;;Keine Referenz gefunden
Classic 2004;Larry's River, Nova Scotia, Canada;Ref;45.2179;-61.3737;;;;;;;;Keine Referenz gefunden
Classic 2004;Larsen Island, British Columbia (2), Canada;Ref;53.619;-130.574;;;;;;;;Keine Referenz gefunden
Classic 2004;Launceston, Tasmania;Ref;-41.4333;147.1333;;;;;;;;Keine Referenz gefunden
Classic 2004;Lawyer Island, British Columbia, Canada;Ref;54.1333;-130.0333;;;;;;;;Keine Referenz gefunden
Classic 2004;Lawyer Islands, British Columbia, Canada;Ref;54.105;-130.334;;;;;;;;Keine Referenz gefunden
Classic 2004;Le Bic, Québec, Canada;Ref;48.3772;-68.7265;;;;;;;;Keine Referenz gefunden
Classic 2004;Le Petit Pelerin, Québec, Canada;Ref;47.701;-69.7583;;;;;;;;Keine Referenz gefunden
Classic 2004;Learmonth, Australia;Ref;-22.1833;114.0833;;;;;;;;Keine Referenz gefunden
Classic 2004;Leroy Bay, British Columbia (2), Canada;Ref;51.273;-127.664;;;;;;;;Keine Referenz gefunden
Classic 2004;Les Éboulements, Québec, Canada;Ref;47.4872;-70.2327;;;;;;;;Keine Referenz gefunden
Classic 2004;Les Escoumins, Québec, Canada;Ref;48.3462;-69.3888;;;;;;;;Keine Referenz gefunden
Classic 2004;Leslie, Québec, Canada;Ref;47.6278;-61.5157;;;;;;;;Keine Referenz gefunden
Classic 2004;Lesueur Island, Australia;Ref;-13.8333;127.2833;;;;;;;;Keine Referenz gefunden
Classic 2004;Lévis, Québec, Canada;Ref;46.712;-71.3788;;;;;;;;Keine Referenz gefunden
Classic 2004;Lévis, Québec, Canada;Ref;46.7613;-71.2403;;;;;;;;Keine Referenz gefunden
Classic 2004;Lewis Bay, Nunavut, Canada;Ref;63.6;-68.075;;;;;;;;Keine Referenz gefunden
Classic 2004;Lewisporte, Newfoundland, Canada;Ref;49.2465;-55.053;;;;;;;;Keine Referenz gefunden
Classic 2004;Lighthouse Cove, Nova Scotia, Canada;Ref;44.2495;-66.3924;;;;;;;;Keine Referenz gefunden
Classic 2004;Lincoln Bay, Nunavut, Canada;Ref;82.1167;-62.0667;;;;;;;;Keine Referenz gefunden
Classic 2004;Liscomb Harbour, Nova Scotia, Canada;Ref;45.0239;-61.9967;;;;;;;;Keine Referenz gefunden
Classic 2004;Little Bay Arm, Newfoundland, Canada;Ref;49.6008;-55.9233;;;;;;;;Keine Referenz gefunden
Classic 2004;Little Cornwallis Island, Nunavut, Canada;Ref;75.3833;-96.95;TICON4;Little Cornwallis, Nunavut, Canada;Proximity (0.0km);0.0;335.5;0.715;4;OK
Classic 2004;Little Ferry, New Jersey;Ref;40.8467;-74.0317;DWF 2025;Ridgefield Park, Hackensack River, New Jersey;Proximity (0.4km);0.4;37.8;0.099;5;OK
Classic 2004;Little Harbour, Nova Scotia, Canada;Ref;44.7087;-62.8418;;;;;;;;Keine Referenz gefunden
Classic 2004;Little Pottsburg Creek, St. Johns River, Florida (5);Ref;30.31;-81.61;DWF 2025;Little Pottsburg Creek, Florida;Proximity (0.0km);;4.2;1.434;6;OK
Classic 2004;Little St. Marys River, Florida;Ref;30.7317;-81.7267;DWF 2025;Little St. Marys River, St. Marys River, Florida;Proximity (0.0km);;-28.8;0.828;6;OK
Classic 2004;Liverpool Bay, Nunavut/NWT, Canada;Ref;69.7167;-130.55;;;;;;;;Keine Referenz gefunden
Classic 2004;Liverpool, Nova Scotia, Canada;Ref;44.0484;-64.6947;;;;;;;;Keine Referenz gefunden
Classic 2004;Lizard Island, Australia;Ref;-14.6667;145.45;;;;;;;;Keine Referenz gefunden
Classic 2004;Lockeport, Nova Scotia, Canada;Ref;43.7015;-65.107;;;;;;;;Keine Referenz gefunden
Classic 2004;Locks Cove, Newfoundland, Canada;Ref;51.3374;-55.9547;;;;;;;;Keine Referenz gefunden
Classic 2004;Loggieville, New Brunswick, Canada;Ref;47.0744;-65.3843;;;;;;;;Keine Referenz gefunden
Classic 2004;Lolomo Passage, Solomon Islands;Ref;-8.1833;157.6833;;;;;;;;Keine Referenz gefunden
Classic 2004;Long Beach, Newfoundland, Canada;Ref;47.9965;-53.8107;;;;;;;;Keine Referenz gefunden
Classic 2004;Long Harbour, Newfoundland, Canada;Ref;47.4333;-54.8167;;;;;;;;Keine Referenz gefunden
Classic 2004;Long Island, New Brunswick, Canada;Ref;45.1496;-66.9611;;;;;;;;Keine Referenz gefunden
Classic 2004;Long Island, Nunavut, Canada;Ref;54.7667;-79.7333;;;;;;;;Keine Referenz gefunden
Classic 2004;Long Key Channel (East), Florida;Ref;24.8033;-80.85;DWF 2025;Long Key, western end, Florida;Proximity (0.0km);;-13.2;0.026;6;OK
Classic 2004;Long Key Channel (West), Florida;Ref;24.7917;-80.8833;DWF 2025;Conch Key, eastern end, Florida;Proximity (0.0km);;-266.0;0.177;2;OK
Classic 2004;Long Key Viaduct, Florida Current;Ref;24.8017;-80.865;;;;;;;;Current-Station (übersprungen)
Classic 2004;Long Key, east of drawbridge, Florida Current;Ref;24.84;-80.77;;;;;;;;Current-Station (übersprungen)
Classic 2004;Long Pond, Newfoundland, Canada;Ref;47.5174;-52.9786;;;;;;;;Keine Referenz gefunden
Classic 2004;Longbranch (USCOE dredge depot), Florida (3);Ref;30.36;-81.62;DWF 2025;Jacksonville, Long Branch, Florida;Proximity (0.0km);;-3.0;1.483;4;OK
Classic 2004;Longbranch (USCOE dredge depot), Florida (4);Ref;30.36;-81.62;DWF 2025;Jacksonville, Long Branch, Florida;Proximity (0.0km);;-5.0;0.884;4;OK
Classic 2004;Longbranch (USCOE dredge depot), Florida (5);Ref;30.36;-81.62;DWF 2025;Jacksonville, Long Branch, Florida;Proximity (0.0km);;-6.5;1.390;4;OK
Classic 2004;Longbranch (USCOE dredge depot), Florida (6);Ref;30.36;-81.62;DWF 2025;Jacksonville, Long Branch, Florida;Proximity (0.0km);;0.0;0.896;4;OK
Classic 2004;Longstaff Bluff #1, Nunavut, Canada;Ref;68.9;-75.2;;;;;;;;Keine Referenz gefunden
Classic 2004;Loon Island, Nunavut, Canada;Ref;53.8147;-79.1708;;;;;;;;Keine Referenz gefunden
Classic 2004;Lorne (Louttit Bay), Australia;Ref;-38.547;143.9881;UTide AU;Lorne, Australia;Proximity (0.0km);0.0;65.0;0.413;8;OK
Classic 2004;Lorneville, New Brunswick, Canada;Ref;45.1927;-66.1482;;;;;;;;Keine Referenz gefunden
Classic 2004;Louisbourg, Nova Scotia, Canada;Ref;45.9166;-59.9707;;;;;;;;Keine Referenz gefunden
Classic 2004;Low Islets, Australia;Ref;-16.3833;145.5667;;;;;;;;Keine Referenz gefunden
Classic 2004;Low Wooded Isle, Australia;Ref;-15.0833;145.25;;;;;;;;Keine Referenz gefunden
Classic 2004;Lowe Inlet, British Columbia (2), Canada;Ref;53.55;-129.5833;;;;;;;;Keine Referenz gefunden
Classic 2004;Lowe Point (northeast of), Sasanoa River, Maine Current;Ref;43.8517;-69.7217;;;;;;;;Current-Station (übersprungen)
Classic 2004;Lower Attawaspiskat, Ontario, Canada;Ref;52.9667;-82.2667;;;;;;;;Keine Referenz gefunden
Classic 2004;Lower East Pubnico, Nova Scotia, Canada;Ref;43.6304;-65.7713;;;;;;;;Keine Referenz gefunden
Classic 2004;Lower Hell Gate (Knubble Bay, Maine) Current;Ref;43.8767;-69.73;;;;;;;;Current-Station (übersprungen)
Classic 2004;Lower Neguac, New Brunswick, Canada;Ref;47.2565;-65.0531;;;;;;;;Keine Referenz gefunden
Classic 2004;Lower Wedgeport, Nova Scotia, Canada;Ref;43.7121;-65.9844;;;;;;;;Keine Referenz gefunden
Classic 2004;Lubec, Maine;Ref;44.87;-67.018;DWF 2025;Estes Head, Eastport (depth 13 ft), Maine Current;Proximity (2.7km);2.7;;;;Keine Vorhersagen
Classic 2004;Lubec, Maine;Ref;44.821;-66.992;;;;;;;;Keine Referenz gefunden
Classic 2004;Lucinda, Australia;Ref;-18.5167;146.3333;;;;;;;;Keine Referenz gefunden
Classic 2004;Lund, British Columbia (2), Canada;Ref;49.9833;-124.7667;;;;;;;;Keine Referenz gefunden
Classic 2004;Lunenburg, Nova Scotia (2), Canada;Ref;44.3753;-64.307;;;;;;;;Keine Referenz gefunden
Classic 2004;Lynher Bank, Australia;Ref;-15.4667;122.0167;;;;;;;;Keine Referenz gefunden
Classic 2004;Maatsuyker Island, Tasmania;Ref;-43.6667;146.3167;;;;;;;;Keine Referenz gefunden
Classic 2004;Macleay Island, Australia;Ref;-15.95;123.6833;;;;;;;;Keine Referenz gefunden
Classic 2004;Maeda, Yamaguti, Japan;Ref;33.9667;130.967;TICON4;Miojin Hana, Japan;Proximity (2.5km);2.5;-201.5;2.725;4;OK
Classic 2004;Magome, Nagasaki, Japan;Ref;33.0333;129.617;;;;;;;;Keine Referenz gefunden
Classic 2004;Magosaki, Tokusima, Japan;Ref;34.2333;134.65;;;;;;;;Keine Referenz gefunden
Classic 2004;Makkovik Bank North, Labrador, Canada;Ref;55.7167;-58.2;;;;;;;;Keine Referenz gefunden
Classic 2004;Makkovik, Labrador, Canada;Ref;55.0829;-59.1701;;;;;;;;Keine Referenz gefunden
Classic 2004;Makuti, Kanagawa, Japan;Ref;35.15;139.683;;;;;;;;Keine Referenz gefunden
Classic 2004;Makwaziniht Island, British Columbia (2), Canada;Ref;50.555;-127.555;;;;;;;;Keine Referenz gefunden
Classic 2004;Malagash, Nova Scotia, Canada;Ref;45.7746;-63.2958;;;;;;;;Keine Referenz gefunden
Classic 2004;Malakal Harbor, Palau Islands, Caroline Islands;Ref;7.33;134.47;DWF 2025;Malakal Harbor, Palau;Proximity (0.5km);0.5;0.4;0.003;8;OK
Classic 2004;Malibu Inner, British Columbia, Canada;Ref;50.0167;-123.85;;;;;;;;Keine Referenz gefunden
Classic 2004;Malibu Outer, British Columbia, Canada;Ref;50.0167;-123.85;;;;;;;;Keine Referenz gefunden
Classic 2004;Mallison Island, Australia;Ref;-12.1833;136.1;;;;;;;;Keine Referenz gefunden
Classic 2004;Malpeque, Prince Edward Island, Canada;Ref;46.524;-63.6966;;;;;;;;Keine Referenz gefunden
Classic 2004;Manasquan Inlet, USCG Station, New Jersey;Ref;40.1017;-74.035;DWF 2025;Manasquan Inlet, USCG station, New Jersey;Name;;5.2;0.039;5;OK
Classic 2004;Manazuru, Kanagawa, Japan;Ref;35.15;139.15;;;;;;;;Keine Referenz gefunden
Classic 2004;Mangrove Point, Crystal Bay, Florida;Ref;28.87;-82.7233;DWF 2025;Mangrove Pt., Crystal Bay, Florida;Proximity (0.0km);;-0.2;0.004;6;OK
Classic 2004;Manzeki-Eastern-Ent., Nagasaki, Japan;Ref;34.3;129.367;;;;;;;;Keine Referenz gefunden
Classic 2004;Manzeki-Thuo, Nagasaki, Japan;Ref;34.3;129.35;;;;;;;;Keine Referenz gefunden
Classic 2004;Manzeki-Western-Ent., Nagasaki, Japan;Ref;34.3;129.367;;;;;;;;Keine Referenz gefunden
Classic 2004;Maple Bay, British Columbia (2), Canada;Ref;48.8157;-123.6096;;;;;;;;Keine Referenz gefunden
Classic 2004;Marble Island, Nunavut, Canada;Ref;62.6833;-91.2;;;;;;;;Keine Referenz gefunden
Classic 2004;Marblehead Channel, Massachusetts Current;Ref;42.5;-70.8167;;;;;;;;Current-Station (übersprungen)
Classic 2004;Marblehead, Massachusetts;Ref;42.5;-70.85;DWF 2025;Marblehead Channel (depth 17 ft), Salem Sound, Massachusetts Current;Proximity (2.4km);2.4;;;;Keine Vorhersagen
Classic 2004;Mare Island, Naval Shipyard, California;Ref;38.07;-122.25;DWF 2025;Mare Island Naval Shipyard, Carquinez Strait, California;Proximity (0.0km);;15.7;0.031;6;OK
Classic 2004;Margaree Breakwater, Nova Scotia, Canada;Ref;46.4431;-61.1129;;;;;;;;Keine Referenz gefunden
Classic 2004;Margaree Trailer, Nova Scotia, Canada;Ref;46.4401;-61.113;;;;;;;;Keine Referenz gefunden
Classic 2004;Margretsville, Nova Scotia, Canada;Ref;45.0488;-65.0629;;;;;;;;Keine Referenz gefunden
Classic 2004;Marie Joseph, Nova Scotia, Canada;Ref;44.9655;-62.0793;;;;;;;;Keine Referenz gefunden
Classic 2004;Marion Reef, Coral Sea;Ref;-19.1;152.4;;;;;;;;Keine Referenz gefunden
Classic 2004;Marovo Lagoon, Solomon Islands;Ref;-8.5;157.9667;;;;;;;;Keine Referenz gefunden
Classic 2004;Marquis Island, Australia;Ref;-22.3333;150.45;;;;;;;;Keine Referenz gefunden
Classic 2004;Marugame, Kagawa, Japan;Ref;34.3;133.8;;;;;;;;Keine Referenz gefunden
Classic 2004;Mary Ann Haven, Australia;Ref;-33.95;120.1167;;;;;;;;Keine Referenz gefunden
Classic 2004;Maskinongé (municipalité), Québec, Canada;Ref;46.1948;-72.8955;;;;;;;;Keine Referenz gefunden
Classic 2004;Massacre Bay, Attu Island, Alaska;Ref;52.84;173.195;DWF 2025;Attu, Massacre Bay, Alaska;Proximity (0.0km);;-0.2;0.003;6;OK
Classic 2004;Masset, British Columbia (2), Canada;Ref;54.01;-132.149;UTide CA;Masset, British Columbia, Canada;Proximity (0.0km);;7.4;0.125;8;OK
Classic 2004;Matane, Québec, Canada;Ref;48.8533;-67.5332;;;;;;;;Keine Referenz gefunden
Classic 2004;Matoya, Mie, Japan;Ref;34.3667;136.867;;;;;;;;Keine Referenz gefunden
Classic 2004;Mattapoisett, Mattapoisett Harbor, Buzzards Bay, Massachusetts;Ref;41.6567;-70.8133;DWF 2025;Mattapoisett, Mattapoisett Harbor, Buzzards Bay, Massachusetts;Name;;-11.8;0.082;4;OK
Classic 2004;Matthew Town, Great Inagua Island, Bahamas;Ref;20.95;-73.6833;;;;;;;;Keine Referenz gefunden
Classic 2004;Matthews Cove, New Brunswick, Canada;Ref;45.052;-66.8945;;;;;;;;Keine Referenz gefunden
Classic 2004;Matukawaura, Fukusima, Japan;Ref;37.8167;140.983;TICON4;Sooma, Fukusima, Japan;Proximity (2.4km);2.4;-151.3;0.690;3;OK
Classic 2004;Matunami, Ishikawa, Japan;Ref;37.35;137.25;;;;;;;;Keine Referenz gefunden
Classic 2004;Matusaka, Mie, Japan;Ref;34.6;136.567;;;;;;;;Keine Referenz gefunden
Classic 2004;Matusima (Nagasaki), Nagasaki, Japan;Ref;32.9333;129.617;;;;;;;;Keine Referenz gefunden
Classic 2004;Mawari, Nagasaki, Japan;Ref;34.3667;129.25;;;;;;;;Keine Referenz gefunden
Classic 2004;Maxwell Bay, Nunavut, Canada;Ref;74.6833;-88.9;;;;;;;;Keine Referenz gefunden
Classic 2004;Mayport (ferry dock), Florida;Ref;30.395;-81.4317;DWF 2025;Mayport, St. Johns River, Florida;Proximity (0.0km);;-4.2;0.018;4;OK
Classic 2004;Mayport (ferry dock), Florida (3);Ref;30.3917;-81.4317;DWF 2025;Mayport (Ferry Depot), Florida;Proximity (0.2km);0.2;1.2;0.584;4;OK
Classic 2004;Mayport (ferry dock), Florida (4);Ref;30.3917;-81.4317;DWF 2025;Mayport (Ferry Depot), Florida;Proximity (0.2km);0.2;3.2;0.553;4;OK
Classic 2004;Mayport (ferry dock), Florida (6);Ref;30.3917;-81.4317;DWF 2025;Mayport (Ferry Depot), Florida;Proximity (0.2km);0.2;-5.0;0.622;4;OK
Classic 2004;Mayport (ferry dock), Florida (7);Ref;30.3917;-81.4317;DWF 2025;Mayport (Ferry Depot), Florida;Proximity (0.2km);0.2;-2.2;0.574;4;OK
Classic 2004;Mayport (ferry dock), Florida (8);Ref;30.3917;-81.4317;DWF 2025;Mayport (Ferry Depot), Florida;Proximity (0.2km);0.2;0.5;0.481;4;OK
Classic 2004;Mc Donald Point, New Brunswick, Canada;Ref;45.7188;-66.0476;;;;;;;;Keine Referenz gefunden
Classic 2004;Mcbean Island, Nunavut, Canada;Ref;72.6333;-89.6333;;;;;;;;Keine Referenz gefunden
Classic 2004;Mcewin Islet, Australia;Ref;-22.15;149.6;;;;;;;;Keine Referenz gefunden
Classic 2004;McKenney Islands, British Columbia (2), Canada;Ref;52.65;-129.472;;;;;;;;Keine Referenz gefunden
Classic 2004;Mcmaster Island, New Brunswick, Canada;Ref;45.0543;-66.9309;;;;;;;;Keine Referenz gefunden
Classic 2004;McPherson Point, British Columbia (2), Canada;Ref;54.247;-132.98;;;;;;;;Keine Referenz gefunden
Classic 2004;Mctavish Island, Québec, Canada;Ref;57.05;-76.8667;;;;;;;;Keine Referenz gefunden
Classic 2004;Me Sima, Nagasaki, Japan;Ref;32.0;128.35;;;;;;;;Keine Referenz gefunden
Classic 2004;Meadowdale, Washington;Ref;47.85;-122.3333;;;;;;;;Keine Referenz gefunden
Classic 2004;Mellish Reef, Coral Sea;Ref;-17.4167;155.8667;;;;;;;;Keine Referenz gefunden
Classic 2004;Memory Rock, Bahamas;Ref;26.95;-79.1167;;;;;;;;Keine Referenz gefunden
Classic 2004;Menemsha Bight, Martha's Vineyard, Massachusetts;Ref;41.35;-70.7667;DWF 2025;Menemsha Harbor, Massachusetts;Proximity (0.5km);0.5;-15.8;0.017;4;OK
Classic 2004;Mera-Koura, Sizuoka, Japan;Ref;34.6667;138.783;;;;;;;;Keine Referenz gefunden
Classic 2004;Merauke, Irian Jaya, Indonesia;Ref;-8.5333;140.3333;;;;;;;;Keine Referenz gefunden
Classic 2004;Mereworth Sound, British Columbia, Canada;Ref;51.176;-127.409;;;;;;;;Keine Referenz gefunden
Classic 2004;Merigomish Harbour, Nova Scotia, Canada;Ref;45.6488;-62.4489;;;;;;;;Keine Referenz gefunden
Classic 2004;Mermaid Bay, British Columbia (2), Canada;Ref;50.404;-125.1854;;;;;;;;Keine Referenz gefunden
Classic 2004;Merrimack River Entrance, Massachusetts;Ref;42.8167;-70.8167;DWF 2025;Plum Island, Merrimack River entrance, Merrimack River, Massachusetts;Proximity (0.3km);0.3;9.2;0.091;5;OK
Classic 2004;Meteghan, Nova Scotia, Canada;Ref;44.1949;-66.1672;;;;;;;;Keine Referenz gefunden
Classic 2004;Meyers Narrows, British Columbia (2), Canada;Ref;52.604;-128.617;;;;;;;;Keine Referenz gefunden
Classic 2004;Miami Harbor Entrance, Florida;Ref;25.7683;-80.1317;DWF 2025;Miami Beach (city pier), Florida;Proximity (0.0km);;0.6;0.005;5;OK
Classic 2004;Miami Harbor Entrance, Florida Current;Ref;25.765;-80.1367;;;;;;;;Current-Station (übersprungen)
Classic 2004;Middle Arm, British Columbia, Canada;Ref;49.1833;-123.1667;;;;;;;;Keine Referenz gefunden
Classic 2004;Middle Cove, Newfoundland, Canada;Ref;47.6509;-52.6959;;;;;;;;Keine Referenz gefunden
Classic 2004;Middle Island Anchorage, Australia;Ref;-21.65;150.25;;;;;;;;Keine Referenz gefunden
Classic 2004;Miike, Hukuoka, Japan;Ref;33.0167;130.417;;;;;;;;Keine Referenz gefunden
Classic 2004;Miiraku, Nagasaki, Japan;Ref;32.75;128.7;;;;;;;;Keine Referenz gefunden
Classic 2004;Mikata (Aso Wan), Nagasaki, Japan;Ref;34.2833;129.267;;;;;;;;Keine Referenz gefunden
Classic 2004;Mill Bay, British Columbia (2), Canada;Ref;54.994;-129.891;;;;;;;;Keine Referenz gefunden
Classic 2004;Mill Cove, Nova Scotia, Canada;Ref;44.5801;-64.0521;;;;;;;;Keine Referenz gefunden
Classic 2004;Milne Inlet (Head), Nunavut, Canada;Ref;71.8936;-80.8555;;;;;;;;Keine Referenz gefunden
Classic 2004;Milne Island, British Columbia (2), Canada;Ref;52.609;-128.769;;;;;;;;Keine Referenz gefunden
Classic 2004;Milner Bay, Australia;Ref;-13.8333;136.5;;;;;;;;Keine Referenz gefunden
Classic 2004;Miminegash, Prince Edward Island, Canada;Ref;46.8801;-64.2344;;;;;;;;Keine Referenz gefunden
Classic 2004;Mimitu, Miyazaki, Japan;Ref;32.3333;131.617;;;;;;;;Keine Referenz gefunden
Classic 2004;Minamata, Kumamoto, Japan;Ref;32.2;130.383;;;;;;;;Keine Referenz gefunden
Classic 2004;Minami-Daito Sima, Okinawa, Japan;Ref;25.8167;131.233;;;;;;;;Keine Referenz gefunden
Classic 2004;Minas Basin (Ray .4), Nova Scotia, Canada;Ref;45.3167;-64.2;;;;;;;;Keine Referenz gefunden
Classic 2004;Miners Bay, British Columbia (2), Canada;Ref;48.85;-123.3;;;;;;;;Keine Referenz gefunden
Classic 2004;Mingan, Québec, Canada;Ref;50.2892;-64.0202;;;;;;;;Keine Referenz gefunden
Classic 2004;Minmaya, Aomori, Japan;Ref;41.2;140.417;;;;;;;;Keine Referenz gefunden
Classic 2004;Mino, Hirosima, Japan;Ref;34.25;132.383;;;;;;;;Keine Referenz gefunden
Classic 2004;Mio, Wakayama, Japan;Ref;33.8833;135.083;;;;;;;;Keine Referenz gefunden
Classic 2004;Miscou Harbour, New Brunswick, Canada;Ref;47.8962;-64.5786;;;;;;;;Keine Referenz gefunden
Classic 2004;Misima (Hiuti Nada), Ehime, Japan;Ref;33.9833;133.55;;;;;;;;Keine Referenz gefunden
Classic 2004;Misima, Papua New Guinea;Ref;-10.7;152.7833;;;;;;;;Keine Referenz gefunden
Classic 2004;Mitarai, Hirosima, Japan;Ref;34.1833;132.867;;;;;;;;Keine Referenz gefunden
Classic 2004;Mitaziri, Yamaguti, Japan;Ref;34.0333;131.583;TICON4;Hofu, Japan;Proximity (0.0km);0.0;-193.2;1.830;4;OK
Classic 2004;Mitlenatch Island, British Columbia (2), Canada;Ref;49.95;-124.998;;;;;;;;Keine Referenz gefunden
Classic 2004;Mituisi, Hokkaido, Japan;Ref;42.25;142.55;;;;;;;;Keine Referenz gefunden
Classic 2004;Mitukue, Ehime, Japan;Ref;33.45;132.233;;;;;;;;Keine Referenz gefunden
Classic 2004;Miya, Aichi, Japan;Ref;34.8167;137.25;;;;;;;;Keine Referenz gefunden
Classic 2004;Miyanoura (Nao Sima), Kagawa, Japan;Ref;34.45;133.967;;;;;;;;Keine Referenz gefunden
Classic 2004;Miyanoura (Oita), Oita, Japan;Ref;32.8833;132.0;;;;;;;;Keine Referenz gefunden
Classic 2004;Miyazaki (Toyama), Toyama, Japan;Ref;36.9667;137.583;;;;;;;;Keine Referenz gefunden
Classic 2004;Mizu-No-Ura (Goto), Nagasaki, Japan;Ref;32.75;128.75;;;;;;;;Keine Referenz gefunden
Classic 2004;Mizu-No-Ura (Kyusyu/w.), Nagasaki, Japan;Ref;32.75;129.867;TICON4;Matugae, Nagasaki, Japan;Proximity (1.9km);1.9;-183.7;1.830;3;OK
Classic 2004;Mizusima, Okayama, Japan;Ref;34.5167;133.75;;;;;;;;Keine Referenz gefunden
Classic 2004;Moa Island, Torres Strait;Ref;-10.2333;142.2167;;;;;;;;Keine Referenz gefunden
Classic 2004;Mobile Bay Entrance, Alabama Current;Ref;30.2333;-88.0333;;;;;;;;Current-Station (übersprungen)
Classic 2004;Modo Ura, Nagasaki, Japan;Ref;34.3;129.383;;;;;;;;Keine Referenz gefunden
Classic 2004;Moffatt Islands, British Columbia (2), Canada;Ref;54.446;-130.726;;;;;;;;Keine Referenz gefunden
Classic 2004;Molasses Key Channel, Molasses Keys, Florida;Ref;24.6833;-81.1917;DWF 2025;Molasses Key Channel, Molasses Keys, Florida;Name;;4.7;0.015;6;OK
Classic 2004;Molle Island, Australia;Ref;-20.25;148.8333;;;;;;;;Keine Referenz gefunden
Classic 2004;Moncrief Creek entrance, Trout River, Florida (3);Ref;30.3917;-81.6617;DWF 2025;Moncrief Creek entrance, Trout River, Florida;Name;;-0.8;1.521;6;OK
Classic 2004;Money Key, Florida;Ref;24.6833;-81.2167;DWF 2025;Money Key, Florida;Name;;42.3;0.008;6;OK
Classic 2004;Mongo Passage, Solomon Islands;Ref;-8.35;157.8667;;;;;;;;Keine Referenz gefunden
Classic 2004;Monhegan Island, Maine;Ref;43.765;-69.3217;DWF 2025;Monhegan Island, Maine;Name;;8.0;0.062;6;OK
Classic 2004;Monkey Mia, Australia;Ref;-25.8;113.7167;;;;;;;;Keine Referenz gefunden
Classic 2004;Mont-Louis, Québec, Canada;Ref;49.2352;-65.7375;;;;;;;;Keine Referenz gefunden
Classic 2004;Montague Harbour, British Columbia (2), Canada;Ref;48.8927;-123.3922;;;;;;;;Keine Referenz gefunden
Classic 2004;Montague, Prince Edward Island, Canada;Ref;46.1647;-62.6463;;;;;;;;Keine Referenz gefunden
Classic 2004;Moonstone Beach, Rhode Island;Ref;41.3667;-71.55;;;;;;;;Keine Referenz gefunden
Classic 2004;Moosonee, James Bay, Ontario, Canada;Ref;51.2833;-80.6333;;;;;;;;Keine Referenz gefunden
Classic 2004;Morehead City, North Carolina;Ref;34.72;-76.7267;DWF 2025;Morehead City, North Carolina;Name;2.9;2.2;0.092;4;OK
Classic 2004;Moroiso, Kanagawa, Japan;Ref;35.15;139.617;TICON4;Aburatubo, Kanagawa, Japan;Proximity (1.1km);1.1;-181.7;0.963;3;OK
Classic 2004;Morozaki, Aichi, Japan;Ref;34.7;136.983;;;;;;;;Keine Referenz gefunden
Classic 2004;Morris Island, Australia;Ref;-13.4833;143.7167;;;;;;;;Keine Referenz gefunden
Classic 2004;Morro Bay, California;Ref;35.367;-120.85;;;;;;;;Keine Referenz gefunden
Classic 2004;Morro Beach, Estero Bay, California;Ref;35.4;-120.8667;;;;;;;;Keine Referenz gefunden
Classic 2004;Morse Basin, British Columbia (2), Canada;Ref;54.2583;-130.2376;;;;;;;;Keine Referenz gefunden
Classic 2004;Moruya, Australia;Ref;-35.9;150.1167;;;;;;;;Keine Referenz gefunden
Classic 2004;Moser Channel (swingbridge), Florida Current;Ref;24.7;-81.17;;;;;;;;Current-Station (übersprungen)
Classic 2004;Mould Bay, Nunavut/NWT, Canada;Ref;76.2833;-119.4667;;;;;;;;Keine Referenz gefunden
Classic 2004;Moura, Aomori, Japan;Ref;40.95;140.867;;;;;;;;Keine Referenz gefunden
Classic 2004;Moyoro Wan, Hokkaido, Japan;Ref;45.4333;148.85;;;;;;;;Keine Referenz gefunden
Classic 2004;Mozi, Hukuoka, Japan;Ref;33.9333;130.967;TICON4;Miojin Hana, Japan;Proximity (1.6km);1.6;-186.8;1.362;4;OK
Classic 2004;Mukogasaki, Kanagawa, Japan;Ref;35.1333;139.617;TICON4;Aburatubo, Kanagawa, Japan;Proximity (3.0km);3.0;-173.3;1.010;3;OK
Classic 2004;Muroo, Hirosima, Japan;Ref;34.1;132.55;;;;;;;;Keine Referenz gefunden
Classic 2004;Murotu (Awazi Sima), Hyogo, Japan;Ref;34.5333;134.867;;;;;;;;Keine Referenz gefunden
Classic 2004;Murotu (Kaminoseki), Yamaguti, Japan;Ref;33.8333;132.117;;;;;;;;Keine Referenz gefunden
Classic 2004;Murotu (Koti), Koti, Japan;Ref;33.2833;134.15;TICON4;Murotozaki, Koti, Japan;Proximity (2.3km);2.3;-175.7;1.073;3;OK
Classic 2004;Murphy Cove, Nova Scotia, Canada;Ref;44.7855;-62.7621;;;;;;;;Keine Referenz gefunden
Classic 2004;Murray Harbour, Prince Edward Island, Canada;Ref;46.0055;-62.5235;;;;;;;;Keine Referenz gefunden
Classic 2004;Musgrave Harbour, Newfoundland, Canada;Ref;49.4538;-53.9584;;;;;;;;Keine Referenz gefunden
Classic 2004;Musquash Harbour, New Brunswick, Canada;Ref;45.1485;-66.2579;;;;;;;;Keine Referenz gefunden
Classic 2004;Mutine Point, British Columbia (2), Canada;Ref;48.942;-125.019;;;;;;;;Keine Referenz gefunden
Classic 2004;Mutine Point, British Columbia, Canada;Ref;48.942;-125.019;;;;;;;;Keine Referenz gefunden
Classic 2004;Mutton Bay, Québec, Canada;Ref;50.7693;-59.0323;;;;;;;;Keine Referenz gefunden
Classic 2004;Myrtle Beach, South Carolina;Ref;33.6833;-78.885;;;;;;;;Keine Referenz gefunden
Classic 2004;Mys Etolina, Kurile Islands;Ref;45.8167;149.95;;;;;;;;Keine Referenz gefunden
Classic 2004;Mys Kapuetnyi, Kurile Islands;Ref;50.0667;155.217;;;;;;;;Keine Referenz gefunden
Classic 2004;Mys Savushkina, Kurile Islands;Ref;50.75;156.133;;;;;;;;Keine Referenz gefunden
Classic 2004;Naarai, Tiba, Japan;Ref;35.7;140.85;;;;;;;;Keine Referenz gefunden
Classic 2004;Naga Ura, Kanagawa, Japan;Ref;35.3167;139.65;;;;;;;;Keine Referenz gefunden
Classic 2004;Nagahama (Hiro Wan), Hirosima, Japan;Ref;34.2167;132.617;;;;;;;;Keine Referenz gefunden
Classic 2004;Nagahama (Iyo Nada), Ehime, Japan;Ref;33.6167;132.483;;;;;;;;Keine Referenz gefunden
Classic 2004;Nagasaki Megami, Nagasaki, Japan;Ref;32.7167;129.85;TICON4;Kogo, Japan;Proximity (1.6km);1.6;-188.0;1.797;3;OK
Classic 2004;Nagasima (Mie), Mie, Japan;Ref;34.2;136.333;;;;;;;;Keine Referenz gefunden
Classic 2004;Nagasu, Kumamoto, Japan;Ref;32.9167;130.45;;;;;;;;Keine Referenz gefunden
Classic 2004;Nagayama, Okinawa, Japan;Ref;24.8;125.2;;;;;;;;Keine Referenz gefunden
Classic 2004;Nagoya Ura, Saga, Japan;Ref;33.5333;129.867;;;;;;;;Keine Referenz gefunden
Classic 2004;Naibo Wan, Hokkaido, Japan;Ref;44.7667;147.2;;;;;;;;Keine Referenz gefunden
Classic 2004;Nain Bank Station 847, Labrador, Canada;Ref;57.0;-58.0667;;;;;;;;Keine Referenz gefunden
Classic 2004;Nakagawara Ura, Kagosima, Japan;Ref;31.85;129.85;;;;;;;;Keine Referenz gefunden
Classic 2004;Nakai Iri, Ishikawa, Japan;Ref;37.2333;136.95;;;;;;;;Keine Referenz gefunden
Classic 2004;Nakaminato, Ibaraki, Japan;Ref;36.3333;140.583;;;;;;;;Keine Referenz gefunden
Classic 2004;Nakatu, Oita, Japan;Ref;33.6;131.25;;;;;;;;Keine Referenz gefunden
Classic 2004;Nakazato, Okinawa, Japan;Ref;26.35;126.817;;;;;;;;Keine Referenz gefunden
Classic 2004;Nakura, Nagasaki, Japan;Ref;33.0667;129.767;;;;;;;;Keine Referenz gefunden
Classic 2004;Nakwakto Rapids, British Columbia, Canada Current;Ref;51.0967;-127.5033;;;;;;;;Current-Station (übersprungen)
Classic 2004;Namu, British Columbia (2), Canada;Ref;51.8615;-127.8657;;;;;;;;Keine Referenz gefunden
Classic 2004;Nantucket Harbor Entrance Channel, Massachusetts Current;Ref;41.3067;-70.1;;;;;;;;Current-Station (übersprungen)
Classic 2004;Naoetu, Niigata, Japan;Ref;37.1833;138.25;;;;;;;;Keine Referenz gefunden
Classic 2004;Napier Broome Bay, Australia;Ref;-14.1;126.7;;;;;;;;Keine Referenz gefunden
Classic 2004;Narvaez Bay, British Columbia (2), Canada;Ref;48.7743;-123.0981;TICON4;Tumbo Channel, British Columbia (2), Canada;Proximity (2.0km);2.0;205.7;2.363;3;OK
Classic 2004;Nasake Sima, Yamaguti, Japan;Ref;33.95;132.467;;;;;;;;Keine Referenz gefunden
Classic 2004;Nassau, New Providence Island, Bahamas (2);Ref;25.0833;-77.35;;;;;;;;Keine Referenz gefunden
Classic 2004;Natashquan, Québec, Canada;Ref;50.1833;-61.0833;;;;;;;;Keine Referenz gefunden
Classic 2004;Natkusiak Peninsula, Nunavut, Canada;Ref;73.0167;-110.4667;;;;;;;;Keine Referenz gefunden
Classic 2004;Naufrage, Prince Edward Island, Canada;Ref;46.4684;-62.4172;;;;;;;;Keine Referenz gefunden
Classic 2004;Nauset Harbor, Cape Cod, Massachusetts;Ref;41.8;-69.9333;;;;;;;;Keine Referenz gefunden
Classic 2004;Nayoka, Hokkaido, Japan;Ref;45.2667;147.867;;;;;;;;Keine Referenz gefunden
Classic 2004;Neah Bay, Washington;Ref;48.3683;-124.6167;DWF 2025;Neah Bay, Strait Of Juan De Fuca, Washington;Proximity (1.1km);1.1;-0.8;0.080;6;OK
Classic 2004;Needle Cove, Nunavut, Canada;Ref;69.0903;-79.1123;;;;;;;;Keine Referenz gefunden
Classic 2004;Negisi, Kanagawa, Japan;Ref;35.4;139.633;;;;;;;;Keine Referenz gefunden
Classic 2004;Neguac, New Brunswick, Canada;Ref;47.241;-65.0723;;;;;;;;Keine Referenz gefunden
Classic 2004;Nerang River (Bundall), Australia;Ref;-28.0;153.4167;;;;;;;;Keine Referenz gefunden
Classic 2004;Neville Island, Labrador, Canada;Ref;52.5512;-56.1119;;;;;;;;Keine Referenz gefunden
Classic 2004;New Bedford, Buzzards Bay, Massachusetts;Ref;41.5967;-70.9;DWF 2025;Clarks Point, New Bedford, Buzzards Bay, Massachusetts;Proximity (0.4km);0.4;-10.5;0.080;4;OK
Classic 2004;New Castle, Chesapeake and Delaware Canal, Delaware;Ref;39.6567;-75.5617;DWF 2025;New Castle, Delaware River, Delaware;Proximity (0.0km);;15.5;0.080;6;OK
Classic 2004;New York, New York;Ref;40.7;-74.015;DWF 2025;The Battery, New York Harbor, New York;Proximity (0.1km);0.1;3.6;0.021;5;OK
Classic 2004;New York, New York (2) (expired 1993-12-31);Ref;40.7;-74.015;DWF 2025;The Battery, New York Harbor, New York;Proximity (0.1km);0.1;14.2;0.007;5;OK
Classic 2004;Newburyport (Merrimack River), Massachusetts Current;Ref;42.8133;-70.8683;;;;;;;;Current-Station (übersprungen)
Classic 2004;Newby Shoal, Australia;Ref;-11.8667;129.1833;;;;;;;;Keine Referenz gefunden
Classic 2004;Newcastle Creek, New Brunswick, Canada;Ref;46.0565;-66.0027;;;;;;;;Keine Referenz gefunden
Classic 2004;Newcastle, Miramichi River, New Brunswick, Canada;Ref;46.998;-65.5616;;;;;;;;Keine Referenz gefunden
Classic 2004;Newman Bay, Greenland;Ref;81.9667;-60.0;;;;;;;;Keine Referenz gefunden
Classic 2004;Newman Sound, Newfoundland, Canada;Ref;48.562;-53.9624;;;;;;;;Keine Referenz gefunden
Classic 2004;Newport Bay Entrance, Corona del Mar, California;Ref;33.6033;-117.8833;DWF 2025;Newport Beach, Newport Bay entrance, Corona del Mar, California;Proximity (0.0km);0.0;-0.7;0.009;6;OK
Classic 2004;Nezumi Sima, Nagasaki, Japan;Ref;32.7167;129.833;TICON4;Kogo, Japan;Proximity (0.7km);0.7;-177.3;1.697;3;OK
Classic 2004;Nicholson Creek, Ontario, Canada;Ref;51.3;-80.5667;;;;;;;;Keine Referenz gefunden
Classic 2004;Nicolet, Québec, Canada;Ref;46.247;-72.651;;;;;;;;Keine Referenz gefunden
Classic 2004;Night Cliff, Australia;Ref;-12.3833;130.8333;;;;;;;;Keine Referenz gefunden
Classic 2004;Night Island, Australia;Ref;-13.1833;143.5667;;;;;;;;Keine Referenz gefunden
Classic 2004;Niihama, Ehime, Japan;Ref;33.9667;133.267;;;;;;;;Keine Referenz gefunden
Classic 2004;Nikisiyoro, Hokkaido, Japan;Ref;44.05;145.733;;;;;;;;Keine Referenz gefunden
Classic 2004;Nisi (Io-Sima), Tokyo, Japan;Ref;24.8;141.3;;;;;;;;Keine Referenz gefunden
Classic 2004;Nisi-Oita, Oita, Japan;Ref;33.25;131.583;;;;;;;;Keine Referenz gefunden
Classic 2004;Nisikomi Wan, Kagosima, Japan;Ref;28.25;129.167;;;;;;;;Keine Referenz gefunden
Classic 2004;Njarðvík, Iceland;Ref;63.9785;-22.5263;;;;;;;;Keine Referenz gefunden
Classic 2004;No Man's Land, Massachusetts;Ref;41.2617;-70.8183;DWF 2025;Nomans Land, Martha's Vineyard, Massachusetts;Proximity (0.0km);;-3.2;0.012;4;OK
Classic 2004;No Name Key (northeast of), Florida Current;Ref;24.705;-81.3133;;;;;;;;Current-Station (übersprungen)
Classic 2004;No Name Key, east side, Baha Honda Channel, Florida;Ref;24.6983;-81.3183;DWF 2025;No Name Key, east side, Bahia Honda Channel, Florida;Proximity (0.0km);;-0.3;0.034;6;OK
Classic 2004;No0, Niigata, Japan;Ref;37.1;138.0;;;;;;;;Keine Referenz gefunden
Classic 2004;Nobiru Wan, Miyagi, Japan;Ref;38.35;141.15;;;;;;;;Keine Referenz gefunden
Classic 2004;Nohezi, Aomori, Japan;Ref;40.8667;141.117;;;;;;;;Keine Referenz gefunden
Classic 2004;Noosa Head, Australia;Ref;-26.3833;153.1;;;;;;;;Keine Referenz gefunden
Classic 2004;Norah Island, Nunavut, Canada;Ref;77.0333;-96.75;;;;;;;;Keine Referenz gefunden
Classic 2004;Normanby River, Australia;Ref;-14.4167;144.15;;;;;;;;Keine Referenz gefunden
Classic 2004;Norris Cove, Bonne Bay, Newfoundland, Canada;Ref;49.5173;-57.8758;;;;;;;;Keine Referenz gefunden
Classic 2004;North Arm, British Columbia, Canada;Ref;49.2333;-123.25;;;;;;;;Keine Referenz gefunden
Classic 2004;North Barnard Island, Australia;Ref;-17.6833;146.1833;;;;;;;;Keine Referenz gefunden
Classic 2004;North Bimini, Bahamas;Ref;25.7333;-79.3;;;;;;;;Keine Referenz gefunden
Classic 2004;North Cat Cay, Bahamas;Ref;25.55;-79.2817;;;;;;;;Keine Referenz gefunden
Classic 2004;North Galiano, British Columbia, Canada;Ref;48.9947;-123.5839;;;;;;;;Keine Referenz gefunden
Classic 2004;North Goulburn Island, Australia;Ref;-11.55;133.4333;;;;;;;;Keine Referenz gefunden
Classic 2004;North Harbour, Newfoundland, Canada;Ref;47.8463;-54.0967;;;;;;;;Keine Referenz gefunden
Classic 2004;North Head, New Brunswick, Canada;Ref;44.7631;-66.749;;;;;;;;Keine Referenz gefunden
Classic 2004;North Inian Pass, Cross Sound, Alaska Current;Ref;58.2833;-136.3833;;;;;;;;Current-Station (übersprungen)
Classic 2004;North Island, Australia;Ref;-28.3;113.6;;;;;;;;Keine Referenz gefunden
Classic 2004;North Kopak Island, Québec, Canada;Ref;60.0036;-77.7333;;;;;;;;Keine Referenz gefunden
Classic 2004;North Lake Harbour, Prince Edward Island, Canada;Ref;46.467;-62.0688;;;;;;;;Keine Referenz gefunden
Classic 2004;North Point, Prince Edward Island, Canada;Ref;47.0582;-63.996;;;;;;;;Keine Referenz gefunden
Classic 2004;North Star Bay, Wolstenholme Fjord, Greenland;Ref;76.55;-68.8833;;;;;;;;Keine Referenz gefunden
Classic 2004;North Turtle Islet, Australia;Ref;-19.9;118.9;;;;;;;;Keine Referenz gefunden
Classic 2004;North Twin Island, Nunavut, Canada;Ref;53.0333;-80.0;;;;;;;;Keine Referenz gefunden
Classic 2004;North West Island, Australia;Ref;-20.3667;115.5167;;;;;;;;Keine Referenz gefunden
Classic 2004;Northport, Northport Bay, Long Island Sound, New York (2);Ref;40.9;-73.35;DWF 2025;Northport, Northport Bay, Long Island, New York;Proximity (0.3km);0.3;-20.7;0.048;6;OK
Classic 2004;Northumberland Sound, Nunavut, Canada;Ref;76.8667;-96.7;;;;;;;;Keine Referenz gefunden
Classic 2004;Northwest Bay, British Columbia (2), Canada;Ref;49.303;-124.202;;;;;;;;Keine Referenz gefunden
Classic 2004;Northwest River, Labrador, Canada;Ref;53.5239;-60.1458;;;;;;;;Keine Referenz gefunden
Classic 2004;Northwest Solitary Island, Australia;Ref;-30.0167;153.2833;;;;;;;;Keine Referenz gefunden
Classic 2004;Norton Island, Nunavut, Canada;Ref;64.0;-94.2167;;;;;;;;Keine Referenz gefunden
Classic 2004;Norwegian Bay, Australia;Ref;-22.5667;113.7;;;;;;;;Keine Referenz gefunden
Classic 2004;Norwegian Bay, Nunavut, Canada;Ref;77.7;-88.95;;;;;;;;Keine Referenz gefunden
Classic 2004;Nosiro, Akita, Japan;Ref;40.2167;140.0;;;;;;;;Keine Referenz gefunden
Classic 2004;Noto (Hiburi Sima), Ehime, Japan;Ref;33.1667;132.267;;;;;;;;Keine Referenz gefunden
Classic 2004;Notre-Dame-des-Sept-Douleurs, Québec, Canada;Ref;48.0512;-69.4247;;;;;;;;Keine Referenz gefunden
Classic 2004;Nova Zembla Island, Nunavut, Canada;Ref;72.1691;-74.9204;;;;;;;;Keine Referenz gefunden
Classic 2004;Nueces Bay, Texas;Ref;27.8233;-97.415;DWF 2025;Texas State Aquarium, Corpus Christi, Texas;Proximity (2.7km);2.7;224.3;0.040;3;OK
Classic 2004;Nugent Sound, British Columbia, Canada;Ref;52.0833;-127.25;;;;;;;;Keine Referenz gefunden
Classic 2004;Nugu Island, Solomon Islands;Ref;-9.2833;160.35;;;;;;;;Keine Referenz gefunden
Classic 2004;Nurse Channel, Bahamas;Ref;22.5167;-75.85;;;;;;;;Keine Referenz gefunden
Classic 2004;Nususonga, Solomon Islands;Ref;-8.3333;157.2333;;;;;;;;Keine Referenz gefunden
Classic 2004;Nw Crocodile Island, Australia;Ref;-11.75;135.0833;;;;;;;;Keine Referenz gefunden
Classic 2004;Nymphe Cove, British Columbia, Canada;Ref;50.1333;-125.35;;;;;;;;Keine Referenz gefunden
Classic 2004;Nyu, Hukui, Japan;Ref;35.7167;135.967;;;;;;;;Keine Referenz gefunden
Classic 2004;Nyube, Kagawa, Japan;Ref;34.4833;134.2;;;;;;;;Keine Referenz gefunden
Classic 2004;O Sima (Saeki Wan), Oita, Japan;Ref;32.9667;132.067;;;;;;;;Keine Referenz gefunden
Classic 2004;O-Tobi Sima, Nagasaki, Japan;Ref;33.4;129.783;;;;;;;;Keine Referenz gefunden
Classic 2004;Oak Bluffs, Martha's Vineyard, Massachusetts;Ref;41.4583;-70.555;DWF 2025;Oak Bluffs, Martha's Vineyard, Massachusetts;Name;;1.2;0.032;4;OK
Classic 2004;Oak Landing, ICWW, Florida (2);Ref;30.2533;-81.43;DWF 2025;Oak Landing, ICWW, Florida;Name;;-14.2;0.773;4;OK
Classic 2004;Oak Point, New Brunswick, Canada;Ref;47.1167;-65.2667;;;;;;;;Keine Referenz gefunden
Classic 2004;Obama, Hukui, Japan;Ref;35.5;135.733;;;;;;;;Keine Referenz gefunden
Classic 2004;Obatake, Yamaguti, Japan;Ref;33.95;132.167;;;;;;;;Keine Referenz gefunden
Classic 2004;Obe, Kagawa, Japan;Ref;34.55;134.283;;;;;;;;Keine Referenz gefunden
Classic 2004;Ocean Beach, California;Ref;37.7667;-122.5167;DWF 2025;Ocean Beach, outer coast, California;Proximity (1.0km);1.0;4.3;0.037;6;OK
Classic 2004;Ocean City, 9th Street Bridge, New Jersey;Ref;39.2833;-74.5817;;;;;;;;Keine Referenz gefunden
Classic 2004;Ocean Falls, British Columbia (2), Canada;Ref;52.352;-127.693;;;;;;;;Keine Referenz gefunden
Classic 2004;Octopus Islands, British Columbia (2), Canada;Ref;50.282;-125.224;;;;;;;;Keine Referenz gefunden
Classic 2004;Odaito, Hokkaido, Japan;Ref;43.5667;145.233;;;;;;;;Keine Referenz gefunden
Classic 2004;Odawa Wan, Kanagawa, Japan;Ref;35.2167;139.617;;;;;;;;Keine Referenz gefunden
Classic 2004;Odomari (Senzaki), Yamaguti, Japan;Ref;34.4;131.183;;;;;;;;Keine Referenz gefunden
Classic 2004;Off Chilmark Pond, Martha's Vineyard, Massachusetts;Ref;41.3333;-70.7167;;;;;;;;Keine Referenz gefunden
Classic 2004;Off Jobs Neck Pond, Martha's Vineyard, Massachusetts;Ref;41.35;-70.5833;DWF 2025;Martha's Vineyard GPS buoy, Martha's Vineyard, Massachusetts;Proximity (2.7km);2.7;27.8;0.043;4;OK
Classic 2004;Off Lake Tashmoo, Martha's Vineyard, Massachusetts;Ref;41.4667;-70.6333;DWF 2025;Norton Point, 0.5 mi north of, Vineyard Sound, Massachusetts Current;Proximity (2.6km);2.6;;;;Keine Vorhersagen
Classic 2004;Ogi Sima, Kagawa, Japan;Ref;34.4333;134.05;;;;;;;;Keine Referenz gefunden
Classic 2004;Oginohama, Miyagi, Japan;Ref;38.3667;141.45;;;;;;;;Keine Referenz gefunden
Classic 2004;Ogusi Wan, Nagasaki, Japan;Ref;33.0667;129.817;;;;;;;;Keine Referenz gefunden
Classic 2004;Ohata, Aomori, Japan;Ref;41.4167;141.167;;;;;;;;Keine Referenz gefunden
Classic 2004;Ohu, Okinawa, Japan;Ref;26.1333;127.783;;;;;;;;Keine Referenz gefunden
Classic 2004;Ohunakosi, Nagasaki, Japan;Ref;34.2833;129.35;;;;;;;;Keine Referenz gefunden
Classic 2004;Okawati Wan, Nagasaki, Japan;Ref;34.6833;129.417;;;;;;;;Keine Referenz gefunden
Classic 2004;Okeover Inlet, British Columbia (2), Canada;Ref;49.98;-124.7;;;;;;;;Keine Referenz gefunden
Classic 2004;Oki (Haha Sima), Tokyo, Japan;Ref;26.6333;142.15;;;;;;;;Keine Referenz gefunden
Classic 2004;Oki (Kanmon), Hukuoka, Japan;Ref;33.8667;130.75;;;;;;;;Keine Referenz gefunden
Classic 2004;Oki-Kamuro Sima, Yamaguti, Japan;Ref;33.85;132.367;;;;;;;;Keine Referenz gefunden
Classic 2004;Oki-No-Sima, Wakayama, Japan;Ref;34.2833;135.017;;;;;;;;Keine Referenz gefunden
Classic 2004;Okitu, Sizuoka, Japan;Ref;35.05;138.517;;;;;;;;Keine Referenz gefunden
Classic 2004;Oku-No-Uti, Hirosima, Japan;Ref;34.15;132.533;;;;;;;;Keine Referenz gefunden
Classic 2004;Okukari Bay, South Island, New Zealand;Ref;-41.2;174.3167;;;;;;;;Keine Referenz gefunden
Classic 2004;Okuti Wan, Ehime, Japan;Ref;33.3333;132.383;;;;;;;;Keine Referenz gefunden
Classic 2004;Ólafsfjörður, Iceland;Ref;66.0763;-18.6466;;;;;;;;Keine Referenz gefunden
Classic 2004;Old Saybrook Point, Connecticut;Ref;41.2833;-72.35;DWF 2025;Saybrook Point, Connecticut River, Connecticut;Proximity (0.0km);;8.5;0.050;6;OK
Classic 2004;Old Tracadie Gully entrance, New Brunswick, Canada;Ref;47.523;-64.9089;;;;;;;;Keine Referenz gefunden
Classic 2004;Old-Harry, Québec, Canada;Ref;47.571;-61.4671;;;;;;;;Keine Referenz gefunden
Classic 2004;Oma, Aomori, Japan;Ref;41.5333;140.9;;;;;;;;Keine Referenz gefunden
Classic 2004;Omati, Papua New Guinea;Ref;-7.4333;143.9667;;;;;;;;Keine Referenz gefunden
Classic 2004;Omodaka Wan, Nagasaki, Japan;Ref;33.0667;129.667;;;;;;;;Keine Referenz gefunden
Classic 2004;Omu, Hokkaido, Japan;Ref;44.5833;142.967;;;;;;;;Keine Referenz gefunden
Classic 2004;Omura, Nagasaki, Japan;Ref;32.9;129.95;;;;;;;;Keine Referenz gefunden
Classic 2004;Onagawa, Miyagi, Japan;Ref;38.4333;141.467;;;;;;;;Keine Referenz gefunden
Classic 2004;Ondo Seto, Hirosima, Japan;Ref;34.2;132.533;;;;;;;;Keine Referenz gefunden
Classic 2004;Onehunga, New Zealand;Ref;-36.9333;174.7833;;;;;;;;Keine Referenz gefunden
Classic 2004;Ono Seto, Hirosima, Japan;Ref;34.2667;132.267;;;;;;;;Keine Referenz gefunden
Classic 2004;Onoda, Yamaguti, Japan;Ref;33.9667;131.183;;;;;;;;Keine Referenz gefunden
Classic 2004;Onomiti, Hirosima, Japan;Ref;34.4;133.2;;;;;;;;Keine Referenz gefunden
Classic 2004;Ootu, Ibaraki, Japan;Ref;36.8333;140.8;;;;;;;;Keine Referenz gefunden
Classic 2004;Orange Park, St. Johns River, Florida (3);Ref;30.1683;-81.695;DWF 2025;Orange Park Landing, Orange Park, Florida;Proximity (0.0km);;-8.6;1.119;5;OK
Classic 2004;Oro Bay, Papua New Guinea;Ref;-8.8833;148.4833;;;;;;;;Keine Referenz gefunden
Classic 2004;Ortega River Entrance, Florida (3);Ref;30.2783;-81.705;DWF 2025;Ortega River entrance, Florida;Name;;-13.7;2.074;6;OK
Classic 2004;Ortega River Entrance, Florida (4);Ref;30.2783;-81.705;DWF 2025;Ortega River entrance, Florida;Name;;-1.8;2.143;6;OK
Classic 2004;Oryuzako, Miyazaki, Japan;Ref;31.7833;131.467;;;;;;;;Keine Referenz gefunden
Classic 2004;Osidomari, Hokkaido, Japan;Ref;45.2333;141.233;;;;;;;;Keine Referenz gefunden
Classic 2004;Osika Wan, Nagasaki, Japan;Ref;34.5167;129.45;;;;;;;;Keine Referenz gefunden
Classic 2004;Osirabetu, Hokkaido, Japan;Ref;42.2167;143.317;;;;;;;;Keine Referenz gefunden
Classic 2004;Oslo, Indian River, Florida;Ref;27.5933;-80.3567;DWF 2025;Oslo, Indian River, Florida;Name;;57.8;0.158;4;OK
Classic 2004;Ostrov Atlasova, Kurile Islands;Ref;50.8333;155.65;;;;;;;;Keine Referenz gefunden
Classic 2004;Ostrov Kharimkotan, Kurile Islands;Ref;49.1667;154.483;;;;;;;;Keine Referenz gefunden
Classic 2004;Ostrov Matua, Kurile Islands;Ref;48.0833;153.267;;;;;;;;Keine Referenz gefunden
Classic 2004;Ostrov Ushishir, Kurile Islands;Ref;47.5333;152.817;;;;;;;;Keine Referenz gefunden
Classic 2004;Otabu Sima, Okayama, Japan;Ref;34.6833;134.3;;;;;;;;Keine Referenz gefunden
Classic 2004;Otiisi, Hokkaido, Japan;Ref;43.1833;145.517;;;;;;;;Keine Referenz gefunden
Classic 2004;Otome Wan, Kurile Islands;Ref;48.7833;154.05;;;;;;;;Keine Referenz gefunden
Classic 2004;Otrick Island, Nunavut, Canada;Ref;72.6;-95.55;;;;;;;;Keine Referenz gefunden
Classic 2004;Ottozawa, Fukusima, Japan;Ref;37.4167;141.033;;;;;;;;Keine Referenz gefunden
Classic 2004;Oura (Sekito Seto), Ehime, Japan;Ref;33.9833;132.633;;;;;;;;Keine Referenz gefunden
Classic 2004;Outer Wood Island, New Brunswick, Canada;Ref;44.6068;-66.8182;;;;;;;;Keine Referenz gefunden
Classic 2004;Owls Head, Nova Scotia, Canada;Ref;44.5833;-63.9167;;;;;;;;Keine Referenz gefunden
Classic 2004;Oyama Ura, Nagasaki, Japan;Ref;34.3333;129.35;;;;;;;;Keine Referenz gefunden
Classic 2004;Oyragjógv, Faroe Islands;Ref;62.1167;-7.1667;;;;;;;;Keine Referenz gefunden
Classic 2004;Oyster Point, California Current;Ref;37.665;-122.3233;;;;;;;;Current-Station (übersprungen)
Classic 2004;Ozaki Ura, Nagasaki, Japan;Ref;34.3167;129.217;;;;;;;;Keine Referenz gefunden
Classic 2004;Pablo Creek entrance, St. Johns River, Florida;Ref;30.3767;-81.4483;DWF 2025;Pablo Creek entrance, Florida;Proximity (0.0km);;-5.2;1.348;6;OK
Classic 2004;Pacofi Bay, British Columbia (2), Canada;Ref;52.832;-131.883;;;;;;;;Keine Referenz gefunden
Classic 2004;Palm Valley, ICWW, Florida;Ref;30.1333;-81.3867;DWF 2025;Palm Valley, ICWW, Florida;Name;;-11.8;0.933;4;OK
Classic 2004;Palmetto Bluff, St. Johns River, Florida (4);Ref;30.7633;-81.5617;;;;;;;;Keine Referenz gefunden
Classic 2004;Palmetto Bluff, St. Johns River, Florida (5);Ref;29.7633;-81.5617;DWF 2025;Palmetto Bluff, Florida;Proximity (0.0km);;-24.0;0.919;5;OK
Classic 2004;Palo Alto Yacht Harbor, California;Ref;37.45;-122.1;DWF 2025;Palo Alto Yacht Harbor, San Francisco Bay, California;Proximity (1.0km);1.0;10.2;0.169;6;OK
Classic 2004;Paradise River, Labrador, Canada;Ref;53.4404;-57.2858;;;;;;;;Keine Referenz gefunden
Classic 2004;Parrsboro, Nova Scotia (over keel blocks), Canada;Ref;45.3897;-64.3181;;;;;;;;Keine Referenz gefunden
Classic 2004;Parrsboro, Nova Scotia, Canada;Ref;45.39;-64.3187;;;;;;;;Keine Referenz gefunden
Classic 2004;Parsons Bay, Tasmania;Ref;-43.1;147.75;;;;;;;;Keine Referenz gefunden
Classic 2004;Partridge Island, New Brunswick, Canada;Ref;45.2412;-66.0523;;;;;;;;Keine Referenz gefunden
Classic 2004;Paspebiac, Québec, Canada;Ref;48.0187;-65.2574;;;;;;;;Keine Referenz gefunden
Classic 2004;Passaic, Passaic River, New Jersey;Ref;40.8483;-74.12;DWF 2025;East Rutherford, Passaic River, New Jersey;Proximity (0.2km);0.2;-2.6;0.045;5;OK
Classic 2004;Patos Island, Washington;Ref;48.7833;-122.9667;DWF 2025;Patos Island Wharf, Boundary Pass, Washington;Proximity (0.4km);0.4;3.1;1.010;7;OK
Classic 2004;Patreksfjörður, Iceland;Ref;65.597;-24.008;;;;;;;;Keine Referenz gefunden
Classic 2004;Paulatuk, Nunavut/NWT, Canada;Ref;69.35;-124.0667;;;;;;;;Keine Referenz gefunden
Classic 2004;Pearce Point, Australia;Ref;-14.4333;129.3667;;;;;;;;Keine Referenz gefunden
Classic 2004;Pearce Point, Nunavut/NWT, Canada;Ref;69.8164;-122.6667;;;;;;;;Keine Referenz gefunden
Classic 2004;Pearson Island, Australia;Ref;-33.9333;134.2667;;;;;;;;Keine Referenz gefunden
Classic 2004;Pecks Point, Nova Scotia, Canada;Ref;45.75;-64.4833;;;;;;;;Keine Referenz gefunden
Classic 2004;Pedder Bay, British Columbia (2), Canada;Ref;48.3317;-123.5501;;;;;;;;Keine Referenz gefunden
Classic 2004;Pee Shoal, Australia;Ref;-11.7667;124.8333;;;;;;;;Keine Referenz gefunden
Classic 2004;Peekskill, Hudson River, New York;Ref;41.2883;-73.9317;DWF 2025;Peekskill, Hudson River, New York;Name;;2.4;0.097;5;OK
Classic 2004;Peel Point, Nunavut, Canada;Ref;73.2667;-115.1833;;;;;;;;Keine Referenz gefunden
Classic 2004;Pelham Bay, Belcher Channel, Nunavut (2), Canada;Ref;76.75;-96.9;;;;;;;;Keine Referenz gefunden
Classic 2004;Pelican Harbour, Abaco Island, Bahamas;Ref;26.3833;-76.9667;;;;;;;;Keine Referenz gefunden
Classic 2004;Pelican Island (East Coast), Australia;Ref;-13.9;143.8333;;;;;;;;Keine Referenz gefunden
Classic 2004;Pelican Island (North Coast), Australia;Ref;-14.7667;128.7833;;;;;;;;Keine Referenz gefunden
Classic 2004;Pelly Island, Nunavut/NWT, Canada;Ref;69.6167;-135.3667;;;;;;;;Keine Referenz gefunden
Classic 2004;Pender Harbour, British Columbia (2), Canada;Ref;49.633;-124.032;TICON4;Irvines Landing, British Columbia (2), Canada;Proximity (2.0km);2.0;239.7;2.790;3;OK
Classic 2004;Pender Point, Australia;Ref;-15.2833;128.0833;;;;;;;;Keine Referenz gefunden
Classic 2004;Pennefather River, Australia;Ref;-12.2167;141.7833;;;;;;;;Keine Referenz gefunden
Classic 2004;Penrith Island, Australia;Ref;-21.0;149.9;;;;;;;;Keine Referenz gefunden
Classic 2004;Percé, Québec, Canada;Ref;48.5167;-64.2;;;;;;;;Keine Referenz gefunden
Classic 2004;Petit De Grat, Nova Scotia, Canada;Ref;45.5069;-60.9615;;;;;;;;Keine Referenz gefunden
Classic 2004;Philadelphia, Pennsylvania Current;Ref;39.95;-75.1333;;;;;;;;Current-Station (übersprungen)
Classic 2004;Picton, New Zealand;Ref;-41.2833;174.0;;;;;;;;Keine Referenz gefunden
Classic 2004;Pictou Island, Nova Scotia, Canada;Ref;45.8025;-62.5855;;;;;;;;Keine Referenz gefunden
Classic 2004;Pieman River, Tasmania;Ref;-41.6833;145.1;;;;;;;;Keine Referenz gefunden
Classic 2004;Pigeon Key, north side, Florida Bay, Florida;Ref;24.705;-81.1567;DWF 2025;Pigeon Key, north side, Florida Bay, Florida;Name;;-15.3;0.016;6;OK
Classic 2004;Pigeon Key, south side, Hawk Channel, Florida;Ref;24.7033;-81.155;DWF 2025;Pigeon Key, south side, Hawk Channel, Florida;Name;;-15.5;0.012;6;OK
Classic 2004;Pim Island, Nunavut, Canada;Ref;78.0667;-74.0167;;;;;;;;Keine Referenz gefunden
Classic 2004;Piney Point, St. Johns River, Florida (2);Ref;30.2283;-81.6633;DWF 2025;Piney Point, Florida;Proximity (0.0km);;2.6;1.697;5;OK
Classic 2004;Pinkney Point, Nova Scotia, Canada;Ref;43.7032;-66.0538;;;;;;;;Keine Referenz gefunden
Classic 2004;Piper Island, Australia;Ref;-12.25;143.25;;;;;;;;Keine Referenz gefunden
Classic 2004;Pipon Island, Australia;Ref;-14.1333;144.5167;;;;;;;;Keine Referenz gefunden
Classic 2004;Pirates Bay, Tasmania;Ref;-43.0333;147.9667;;;;;;;;Keine Referenz gefunden
Classic 2004;Pisiktarfik Island, Nunavut, Canada;Ref;72.5763;-80.3528;;;;;;;;Keine Referenz gefunden
Classic 2004;Pith Reef, Australia;Ref;-18.2333;147.0333;;;;;;;;Keine Referenz gefunden
Classic 2004;Pittwater, Australia;Ref;-33.6;151.3;;;;;;;;Keine Referenz gefunden
Classic 2004;Playalinda Beach, Florida;Ref;28.65;-80.6;;;;;;;;Keine Referenz gefunden
Classic 2004;Pleasant Bay, Quonset Pont, Massachusetts;Ref;41.7367;-69.9817;DWF 2025;Pleasant Bay, Cape Cod, Massachusetts;Proximity (0.0km);;-0.6;0.020;5;OK
Classic 2004;Plymouth, Massachusetts;Ref;41.96;-70.6633;DWF 2025;Plymouth Harbor, Plymouth, Cape Cod Bay, Massachusetts;Proximity (0.1km);0.1;-0.6;0.060;5;OK
Classic 2004;Pocahontas Point, British Columbia, Canada;Ref;48.9956;-124.8952;;;;;;;;Keine Referenz gefunden
Classic 2004;Point Danger, Australia;Ref;-28.1667;153.55;;;;;;;;Keine Referenz gefunden
Classic 2004;Point Grey, British Columbia, Canada;Ref;49.25;-123.2667;;;;;;;;Keine Referenz gefunden
Classic 2004;Point Lookout, Maryland;Ref;38.04;-76.3233;DWF 2025;Point Lookout, Chesapeake Bay, Maryland;Proximity (0.0km);;4.0;0.028;8;OK
Classic 2004;Point Maud, Australia;Ref;-23.1167;113.7833;;;;;;;;Keine Referenz gefunden
Classic 2004;Point Murat, Australia;Ref;-21.8167;114.1833;;;;;;;;Keine Referenz gefunden
Classic 2004;Point No Point, British Columbia (2), Canada;Ref;48.3951;-123.9709;;;;;;;;Keine Referenz gefunden
Classic 2004;Point Reyes, California (2);Ref;37.9967;-122.975;DWF 2025;Drakes Bay, Point Reyes, California;Proximity (0.3km);0.3;1.8;0.023;6;OK
Classic 2004;Point Ybel (0.4 Mi. NW of), Florida Current;Ref;26.4567;-82.0183;;;;;;;;Current-Station (übersprungen)
Classic 2004;Point Ybel, San Carlos Bay Entrance, Florida;Ref;26.45;-82.0167;DWF 2025;Point Ybel, San Carlos Bay entrance, Florida;Name;;5.2;0.045;6;OK
Classic 2004;Pointe-Au-Pic, Québec, Canada;Ref;47.6217;-70.1408;TICON4;Pointe-Au-Pic, Quï¿½bec, Canada;Proximity (0.2km);0.2;-223.0;2.687;3;OK
Classic 2004;Pointe-aux-Orignaux (Rivière-Ouelle), Québec, Canada;Ref;47.4861;-70.025;;;;;;;;Keine Referenz gefunden
Classic 2004;Pointe-Basse, Québec, Canada;Ref;47.3899;-61.789;;;;;;;;Keine Referenz gefunden
Classic 2004;Pollock Rip Channel, Massachusetts Current;Ref;41.5467;-69.985;;;;;;;;Current-Station (übersprungen)
Classic 2004;Ponape Harbor, Caroline Islands;Ref;6.98;158.22;;;;;;;;Keine Referenz gefunden
Classic 2004;Pondalowie Bay, Australia;Ref;-35.25;136.8167;;;;;;;;Keine Referenz gefunden
Classic 2004;Ponquogue Bridge, Shinnecock Bay, Long Island, New York;Ref;40.85;-72.5;DWF 2025;Ponquoque Point, Shinnecock Bay, New York;Proximity (0.3km);0.3;31.0;0.096;6;OK
Classic 2004;Porlier Pass, British Columbia (2), Canada;Ref;49.015;-123.585;;;;;;;;Keine Referenz gefunden
Classic 2004;Porlier Pass, British Columbia, Canada Current;Ref;49.015;-123.585;;;;;;;;Current-Station (übersprungen)
Classic 2004;Porpoise Bay, British Columbia (2), Canada;Ref;49.482;-123.759;;;;;;;;Keine Referenz gefunden
Classic 2004;Port Alberni, British Columbia (2), Canada;Ref;49.2256;-124.8136;UTide CA;Port Alberni, British Columbia, Canada;Proximity (0.0km);;5.0;0.110;8;OK
Classic 2004;Port Alice, British Columbia (2), Canada;Ref;50.384;-127.455;;;;;;;;Keine Referenz gefunden
Classic 2004;Port Alma, Australia;Ref;-23.5833;150.8667;TICON4;Port, Australia;Proximity (0.2km);0.2;-133.3;2.897;3;OK
Classic 2004;Port Angeles, Washington (2);Ref;48.1167;-123.4333;DWF 2025;Port Angeles, Strait Of Juan De Fuca, Washington;Proximity (1.0km);1.0;-2.7;0.080;6;OK
Classic 2004;Port Augusta, Australia;Ref;-32.55;137.7833;;;;;;;;Keine Referenz gefunden
Classic 2004;Port Bickerton, Nova Scotia, Canada;Ref;45.1051;-61.7232;;;;;;;;Keine Referenz gefunden
Classic 2004;Port Blackney, British Columbia (2), Canada;Ref;52.312;-128.351;;;;;;;;Keine Referenz gefunden
Classic 2004;Port Borden, Prince Edward Island, Canada;Ref;46.2461;-63.7007;;;;;;;;Keine Referenz gefunden
Classic 2004;Port Broughton, Australia;Ref;-33.6;137.9333;;;;;;;;Keine Referenz gefunden
Classic 2004;Port Burwell, Labrador, Canada;Ref;60.4175;-64.842;;;;;;;;Keine Referenz gefunden
Classic 2004;Port Campbell, Australia;Ref;-38.6211;142.9915;;;;;;;;Keine Referenz gefunden
Classic 2004;Port Cartier, Québec, Canada;Ref;50.0325;-66.7875;;;;;;;;Keine Referenz gefunden
Classic 2004;Port Clements, British Columbia (2), Canada;Ref;53.6893;-132.184;;;;;;;;Keine Referenz gefunden
Classic 2004;Port Clinton, Australia;Ref;-22.5333;150.75;;;;;;;;Keine Referenz gefunden
Classic 2004;Port Clyde, Maine;Ref;43.925;-69.26;DWF 2025;Port Clyde, St. George River, Maine;Proximity (0.0km);;1.5;0.012;6;OK
Classic 2004;Port De Boucherville, Nunavut, Canada;Ref;63.1667;-77.5833;;;;;;;;Keine Referenz gefunden
Classic 2004;Port De Laperriere, Nunavut, Canada;Ref;62.5667;-78.0667;;;;;;;;Keine Referenz gefunden
Classic 2004;Port Dufferin, Nova Scotia, Canada;Ref;44.8958;-62.375;;;;;;;;Keine Referenz gefunden
Classic 2004;Port Edward, British Columbia (2), Canada;Ref;54.229;-130.296;UTide CA;Pembina Terminal, British Columbia, Canada;Proximity (0.9km);0.9;1.8;0.089;8;OK
Classic 2004;Port Elgin, New Brunswick, Canada;Ref;46.0519;-64.0828;;;;;;;;Keine Referenz gefunden
Classic 2004;Port Essington, British Columbia, Canada;Ref;54.178;-130.009;;;;;;;;Keine Referenz gefunden
Classic 2004;Port Eyre, Australia;Ref;-32.0;132.45;;;;;;;;Keine Referenz gefunden
Classic 2004;Port Gregory, Australia;Ref;-28.2;114.25;;;;;;;;Keine Referenz gefunden
Classic 2004;Port Greville, Nova Scotia, Canada;Ref;45.4041;-64.5416;;;;;;;;Keine Referenz gefunden
Classic 2004;Port Hacking, Australia;Ref;-34.0833;151.15;;;;;;;;Keine Referenz gefunden
Classic 2004;Port Harmon, Newfoundland, Canada;Ref;48.5305;-58.5263;;;;;;;;Keine Referenz gefunden
Classic 2004;Port Harvey, British Columbia (2), Canada;Ref;50.568;-126.268;;;;;;;;Keine Referenz gefunden
Classic 2004;Port Hastings, Strait of Canso, Nova Scotia, Canada;Ref;45.6461;-61.4055;;;;;;;;Keine Referenz gefunden
Classic 2004;Port Hood, Nova Scotia, Canada;Ref;46.0173;-61.5403;;;;;;;;Keine Referenz gefunden
Classic 2004;Port Hope Simpson, Labrador, Canada;Ref;52.5491;-56.2961;;;;;;;;Keine Referenz gefunden
Classic 2004;Port Jefferson, Long Island Sound, New York;Ref;40.95;-73.0767;DWF 2025;Port Jefferson, Long Island, New York;Proximity (0.0km);;1.0;0.012;6;OK
Classic 2004;Port Keats, Australia;Ref;-14.05;129.5667;;;;;;;;Keine Referenz gefunden
Classic 2004;Port Langdon, Australia;Ref;-13.8667;136.8333;;;;;;;;Keine Referenz gefunden
Classic 2004;Port Lavaca, Matagorda Bay, Texas;Ref;28.65;-96.595;DWF 2025;Port Lavaca, Lavaca Causeway, Matagorda Bay, Texas;Proximity (1.8km);1.8;0.5;0.011;4;OK
Classic 2004;Port Leopold, Nunavut, Canada;Ref;73.0833;-90.0333;;;;;;;;Keine Referenz gefunden
Classic 2004;Port Louis, British Columbia (2), Canada;Ref;53.685;-132.961;;;;;;;;Keine Referenz gefunden
Classic 2004;Port Macdonnell, Australia;Ref;-38.0568;140.7026;;;;;;;;Keine Referenz gefunden
Classic 2004;Port Maitland, Nova Scotia, Canada;Ref;43.9858;-66.1585;;;;;;;;Keine Referenz gefunden
Classic 2004;Port Manatee, Tampa Bay, Florida Current;Ref;27.6617;-82.6;;;;;;;;Current-Station (übersprungen)
Classic 2004;Port Marnham, Labrador, Canada;Ref;52.3833;-55.7333;;;;;;;;Keine Referenz gefunden
Classic 2004;Port Martin, Antarctica;Ref;-66.8167;141.3833;;;;;;;;Keine Referenz gefunden
Classic 2004;Port McNeill, British Columbia (2), Canada;Ref;50.593;-127.094;;;;;;;;Keine Referenz gefunden
Classic 2004;Port Mouton, Nova Scotia, Canada;Ref;43.9214;-64.8413;;;;;;;;Keine Referenz gefunden
Classic 2004;Port Neill, Australia;Ref;-34.1167;136.35;;;;;;;;Keine Referenz gefunden
Classic 2004;Port Nelson, Manitoba, Canada;Ref;57.0;-92.5;;;;;;;;Keine Referenz gefunden
Classic 2004;Port Neville, British Columbia (2), Canada;Ref;50.496;-126.087;;;;;;;;Keine Referenz gefunden
Classic 2004;Port Noarlunga, Australia;Ref;-35.1492;138.4664;;;;;;;;Keine Referenz gefunden
Classic 2004;Port Refuge, Cocos Islands;Ref;-12.0833;96.8833;;;;;;;;Keine Referenz gefunden
Classic 2004;Port Romilly, Papua New Guinea;Ref;-7.6667;144.8333;;;;;;;;Keine Referenz gefunden
Classic 2004;Port Saunders, Newfoundland, Canada;Ref;50.644;-57.297;;;;;;;;Keine Referenz gefunden
Classic 2004;Port Stephens, Australia;Ref;-32.7167;152.1833;;;;;;;;Keine Referenz gefunden
Classic 2004;Port Townsend, Washington (2) (expired 1991-12-31);Ref;48.1117;-122.7583;DWF 2025;Port Townsend (Point Hudson), Admiralty Inlet, Washington;Proximity (0.1km);0.1;-0.1;0.046;7;OK
Classic 2004;Port Townsend, Washington (3);Ref;48.1333;-122.7667;DWF 2025;Point Wilson, 0.6 mi NE of (depth 118 ft), Admiralty Inlet, Washington Current;Proximity (2.4km);2.4;;;;Keine Vorhersagen
Classic 2004;Port Turton, Australia;Ref;-34.9333;137.35;;;;;;;;Keine Referenz gefunden
Classic 2004;Port Union, Newfoundland, Canada;Ref;48.4989;-53.0811;;;;;;;;Keine Referenz gefunden
Classic 2004;Port Vincent, Australia;Ref;-34.7667;137.85;;;;;;;;Keine Referenz gefunden
Classic 2004;Port Walcott, Australia;Ref;-20.5833;117.1833;;;;;;;;Keine Referenz gefunden
Classic 2004;Port Warrender, Australia;Ref;-14.5167;125.9;;;;;;;;Keine Referenz gefunden
Classic 2004;Port Washington, Manhasset Bay, Long Island Sound, New York;Ref;40.8333;-73.7;DWF 2025;Port Washington, Manhasset Bay, Long Island, New York;Proximity (0.3km);0.3;9.0;0.048;5;OK
Classic 2004;Port-Daniel-Gascons, Québec, Canada;Ref;48.1826;-64.9614;;;;;;;;Keine Referenz gefunden
Classic 2004;Port-Daniel-Gascons, Québec, Canada;Ref;48.1826;-64.9614;;;;;;;;Keine Referenz gefunden
Classic 2004;Port-Menier, Québec, Canada;Ref;49.8117;-64.3667;;;;;;;;Keine Referenz gefunden
Classic 2004;Portage Inlet, British Columbia, Canada;Ref;48.4571;-123.4166;;;;;;;;Keine Referenz gefunden
Classic 2004;Portage Island, New Brunswick, Canada;Ref;47.177;-65.0373;;;;;;;;Keine Referenz gefunden
Classic 2004;Portland Roads, Australia;Ref;-12.6;143.4167;;;;;;;;Keine Referenz gefunden
Classic 2004;Portsmouth Harbor Entrance, New Hampshire Current;Ref;43.0667;-70.7;;;;;;;;Current-Station (übersprungen)
Classic 2004;Portugal Cove, Newfoundland, Canada;Ref;47.6257;-52.8567;;;;;;;;Keine Referenz gefunden
Classic 2004;Possession Island, Endeavour Strait;Ref;-10.7333;142.4;;;;;;;;Keine Referenz gefunden
Classic 2004;Postville, Labrador, Canada;Ref;54.9071;-59.7667;;;;;;;;Keine Referenz gefunden
Classic 2004;Povungnituk, Québec, Canada;Ref;60.0325;-77.2792;;;;;;;;Keine Referenz gefunden
Classic 2004;Preedy Harbour, British Columbia (2), Canada;Ref;48.9802;-123.6777;;;;;;;;Keine Referenz gefunden
Classic 2004;President Channel, Orcas Island, Washington;Ref;48.655;-123.0083;DWF 2025;President Channel, east of Point Disney (depth 108 ft), Washington Current;Proximity (2.0km);2.0;;;;Keine Vorhersagen
Classic 2004;Prideaux Haven, British Columbia, Canada;Ref;50.15;-124.67;;;;;;;;Keine Referenz gefunden
Classic 2004;Prim Point, Prince Edward Island, Canada;Ref;46.0562;-63.0302;;;;;;;;Keine Referenz gefunden
Classic 2004;Primrose Island, Nunavut, Canada;Ref;63.9167;-93.0;;;;;;;;Keine Referenz gefunden
Classic 2004;Princess Louisa Inlet, British Columbia, Canada Current;Ref;50.163;-123.85;;;;;;;;Current-Station (übersprungen)
Classic 2004;Prospect, Nova Scotia, Canada;Ref;44.4689;-63.7841;;;;;;;;Keine Referenz gefunden
Classic 2004;Proudfoot Shoal, Torres Strait;Ref;-10.5167;141.4833;;;;;;;;Keine Referenz gefunden
Classic 2004;Provincetown, Massachusetts;Ref;42.0533;-70.1883;DWF 2025;Provincetown, Cape Cod, Massachusetts;Proximity (0.7km);0.7;9.8;0.051;5;OK
Classic 2004;Puertecitos, Baja California Norte, Mexico;Ref;30.3454;-114.6361;;;;;;;;Keine Referenz gefunden
Classic 2004;Puerto Peñasco (Puerto), Sonora, Mexico;Ref;31.3061;-113.5464;;;;;;;;Keine Referenz gefunden
Classic 2004;Puerto Peñasco, Sonora, Mexico;Ref;31.3061;-113.5461;;;;;;;;Keine Referenz gefunden
Classic 2004;Pugwash, Nova Scotia, Canada;Ref;45.848;-63.6641;;;;;;;;Keine Referenz gefunden
Classic 2004;Punchbowl, Labrador, Canada;Ref;53.2507;-55.7516;;;;;;;;Keine Referenz gefunden
Classic 2004;Punta Gorda, Belize;Ref;16.1002;-88.8008;;;;;;;;Keine Referenz gefunden
Classic 2004;Punta Gorda, Charlotte Harbor, Florida;Ref;26.9283;-82.065;DWF 2025;Punta Gorda, Charlotte Harbor, Florida;Name;;0.8;0.009;6;OK
Classic 2004;Punta Tuna, Puerto Rico;Ref;17.99;-65.885;DWF 2025;Puerto Maunabo, Puerto Rico;Proximity (0.4km);0.4;-23.0;0.058;2;OK
Classic 2004;Puntarenas, Costa Rica;Ref;9.9697;-84.8304;TICON4;Punta Arenas, Costa Rica;Proximity (0.0km);;;;;Keine passenden Events
Classic 2004;Purfur Cove, Nunavut, Canada;Ref;69.0833;-84.2167;;;;;;;;Keine Referenz gefunden
Classic 2004;Pushthrough, Newfoundland, Canada;Ref;47.6356;-56.1651;;;;;;;;Keine Referenz gefunden
Classic 2004;Qikiqtarjuaq, Nunavut, Canada;Ref;67.5595;-64.0332;TICON4;Qikiqtarjuaq, Nunavut, Canada;Name;;-248.7;0.923;3;OK
Classic 2004;Qlawdzeet Anchorage, British Columbia (2), Canada;Ref;54.208;-130.768;;;;;;;;Keine Referenz gefunden
Classic 2004;Quaqtaq (terre), Québec, Canada;Ref;60.8667;-70.0667;;;;;;;;Keine Referenz gefunden
Classic 2004;Quathiaski Cove, British Columbia (2), Canada;Ref;50.047;-125.218;UTide CA;Campbell River, British Columbia, Canada;Proximity (2.1km);2.1;19.9;0.095;8;OK
Classic 2004;Quatsino Narrows, British Columbia, Canada Current;Ref;50.555;-127.555;;;;;;;;Current-Station (übersprungen)
Classic 2004;Quatsino Village, British Columbia, Canada;Ref;50.537;-127.624;;;;;;;;Keine Referenz gefunden
Classic 2004;Québec, Québec, Canada;Ref;46.7923;-71.2265;UTide CA;Vieux-Québec, Québec, Canada;Proximity (2.8km);2.8;-5.6;0.391;7;OK
Classic 2004;Québec, Québec, Canada;Ref;46.8812;-71.1447;;;;;;;;Keine Referenz gefunden
Classic 2004;Quicks Hole (middle), Massachusetts Current;Ref;41.4433;-70.8483;;;;;;;;Current-Station (übersprungen)
Classic 2004;Rabbit Island, Australia;Ref;-38.9167;146.5167;;;;;;;;Keine Referenz gefunden
Classic 2004;Race Passage, British Columbia, Canada Current;Ref;48.3067;-123.5367;;;;;;;;Current-Station (übersprungen)
Classic 2004;Radstock Bay, Nunavut, Canada;Ref;74.7067;-91.03;;;;;;;;Keine Referenz gefunden
Classic 2004;Rae Island, Nunavut/NWT, Canada;Ref;69.5333;-135.1167;;;;;;;;Keine Referenz gefunden
Classic 2004;Rae Point, Nunavut/NWT, Canada;Ref;75.3667;-105.7;;;;;;;;Keine Referenz gefunden
Classic 2004;Raine Island, Endeavour Strait;Ref;-11.6;144.05;;;;;;;;Keine Referenz gefunden
Classic 2004;Ranger Inlet, British Columbia (2), Canada;Ref;54.837;-130.175;;;;;;;;Keine Referenz gefunden
Classic 2004;Rankin Inlet, Nunavut, Canada;Ref;62.8167;-92.0667;;;;;;;;Keine Referenz gefunden
Classic 2004;Rattlesnake Island, Australia;Ref;-19.0333;146.6167;;;;;;;;Keine Referenz gefunden
Classic 2004;Rausu, Hokkaido, Japan;Ref;44.0167;145.2;;;;;;;;Keine Referenz gefunden
Classic 2004;Raynor Group, British Columbia (2), Canada;Ref;50.886;-127.243;;;;;;;;Keine Referenz gefunden
Classic 2004;Red Bank, Navesink River, New Jersey;Ref;40.355;-74.065;DWF 2025;Red Bank, Navesink River, Shrewsbury River, New Jersey;Proximity (0.0km);;31.8;0.138;4;OK
Classic 2004;Red Bay, Strait of Bell Isle, Labrador, Canada;Ref;51.7321;-56.4306;;;;;;;;Keine Referenz gefunden
Classic 2004;Red Bluff, Australia;Ref;-17.0667;122.3167;;;;;;;;Keine Referenz gefunden
Classic 2004;Red Island, Endeavour Strait;Ref;-10.85;142.3667;;;;;;;;Keine Referenz gefunden
Classic 2004;Redcliff, Australia;Ref;-32.7333;137.8167;;;;;;;;Keine Referenz gefunden
Classic 2004;Redonda Bay, British Columbia (2), Canada;Ref;50.2605;-124.9553;;;;;;;;Keine Referenz gefunden
Classic 2004;Redwood Creek, C.M. No.8, San Francisco Bay, California;Ref;37.5333;-122.1933;DWF 2025;Redwood Creek Marker 8, San Francisco Bay, California;Proximity (0.0km);0.0;0.0;0.004;6;OK
Classic 2004;Reedy Point, Delaware (2) (expired 1994-12-31);Ref;39.5617;-75.5667;DWF 2025;Reedy Point Radio Tower, south of (depth 19 ft), Delaware Current;Proximity (0.3km);0.3;;;;Keine Vorhersagen
Classic 2004;Refuge Bay, British Columbia (2), Canada;Ref;54.053;-130.541;;;;;;;;Keine Referenz gefunden
Classic 2004;Refuge Harbour, Nunavut, Canada;Ref;70.8667;-71.0167;;;;;;;;Keine Referenz gefunden
Classic 2004;Rennel Island, Coral Sea;Ref;-9.7667;143.2667;;;;;;;;Keine Referenz gefunden
Classic 2004;Rensselaer Bugt, Greenland;Ref;78.6167;-71.0;;;;;;;;Keine Referenz gefunden
Classic 2004;Reservation Bay, Washington (2);Ref;48.4167;-122.6667;DWF 2025;Deception Pass St. Park, Bowman Bay, Fidalgo I., Washington;Proximity (1.1km);1.1;6.4;0.096;7;OK
Classic 2004;Resor Island, Nunavut, Canada;Ref;63.2149;-67.9904;;;;;;;;Keine Referenz gefunden
Classic 2004;Restoration Island, Australia;Ref;-12.6167;143.4667;;;;;;;;Keine Referenz gefunden
Classic 2004;Reveley Island, Australia;Ref;-14.35;127.8;;;;;;;;Keine Referenz gefunden
Classic 2004;Revillon Wharf, Ontario, Canada;Ref;51.2833;-80.6333;;;;;;;;Keine Referenz gefunden
Classic 2004;Reyd Otkrytyy, Kurile Islands;Ref;45.85;149.733;;;;;;;;Keine Referenz gefunden
Classic 2004;Rib Reef, Australia;Ref;-18.4667;146.8667;;;;;;;;Keine Referenz gefunden
Classic 2004;Ribault River, Lake Forest, Florida;Ref;30.3983;-81.6983;DWF 2025;Lake Forest, Ribault River, Trout River, Florida;Proximity (0.0km);;-63.7;1.433;6;OK
Classic 2004;Richibucto Bar, New Brunswick, Canada;Ref;46.7109;-64.7911;;;;;;;;Keine Referenz gefunden
Classic 2004;Richibucto Cape, New Brunswick, Canada;Ref;46.0667;-64.7;;;;;;;;Keine Referenz gefunden
Classic 2004;Richibucto, New Brunswick, Canada;Ref;46.6803;-64.8604;;;;;;;;Keine Referenz gefunden
Classic 2004;Richmond, Chevron Oil Pier, California;Ref;37.9283;-122.4;DWF 2025;Chevron Oil Company Pier, Richmond, San Francisco Bay, California;Proximity (0.0km);;4.3;0.059;6;OK
Classic 2004;Rigby Bay, Nunavut, Canada;Ref;74.5567;-90.1657;;;;;;;;Keine Referenz gefunden
Classic 2004;Rigolet, Labrador, Canada;Ref;54.1805;-58.428;;;;;;;;Keine Referenz gefunden
Classic 2004;Riley Cove, British Columbia (2), Canada;Ref;49.391;-126.225;;;;;;;;Keine Referenz gefunden
Classic 2004;Rincon Island, California;Ref;34.3483;-119.4433;DWF 2025;Rincon Island, Mussel Shoals, Santa Barbara Channel, California;Proximity (0.0km);0.0;1.8;0.011;5;OK
Classic 2004;Rivière-au-Tonnerre, Québec, Canada;Ref;50.2733;-64.761;;;;;;;;Keine Referenz gefunden
Classic 2004;Rivière-Koksoak, Québec, Canada;Ref;58.7333;-69.0833;;;;;;;;Keine Referenz gefunden
Classic 2004;Rivière-Koksoak, Québec, Canada;Ref;58.5167;-66.0;;;;;;;;Keine Referenz gefunden
Classic 2004;Rivière-Koksoak, Québec, Canada;Ref;59.3326;-69.6923;;;;;;;;Keine Referenz gefunden
Classic 2004;Rivière-Koksoak, Québec, Canada;Ref;61.0471;-69.6699;;;;;;;;Keine Referenz gefunden
Classic 2004;Rivière-Koksoak, Québec, Canada;Ref;58.5273;-68.1932;;;;;;;;Keine Referenz gefunden
Classic 2004;Rivière-Koksoak, Québec, Canada;Ref;59.9883;-70.0792;;;;;;;;Keine Referenz gefunden
Classic 2004;Rivière-Koksoak, Québec, Canada;Ref;60.0167;-69.7;;;;;;;;Keine Referenz gefunden
Classic 2004;Rivière-Koksoak, Québec, Canada;Ref;59.9967;-69.9139;;;;;;;;Keine Referenz gefunden
Classic 2004;Robe (offshore), Australia;Ref;-37.2;139.5167;;;;;;;;Keine Referenz gefunden
Classic 2004;Roberts Creek, British Columbia (2), Canada;Ref;49.419;-123.642;;;;;;;;Keine Referenz gefunden
Classic 2004;Robichaud Spit, New Brunswick, Canada;Ref;47.1297;-65.251;;;;;;;;Keine Referenz gefunden
Classic 2004;Robinhood, Sasanoa River, Maine;Ref;43.8533;-69.7333;DWF 2025;Robinhood, Sasanoa River, Sheepscot River, Maine;Proximity (0.0km);;24.0;0.018;5;OK
Classic 2004;Roche Bay, Nunavut, Canada;Ref;68.4167;-82.6167;;;;;;;;Keine Referenz gefunden
Classic 2004;Rocky Point, Back River, Maryland;Ref;39.25;-76.4;;;;;;;;Keine Referenz gefunden
Classic 2004;Rosario Strait, Washington Current;Ref;48.4583;-122.78;;;;;;;;Current-Station (übersprungen)
Classic 2004;Rose River, Australia;Ref;-14.2833;135.7167;;;;;;;;Keine Referenz gefunden
Classic 2004;Roses Bluff, Bells River, St. Marys River, Florida;Ref;30.7033;-81.5767;DWF 2025;Roses Bluff, Bells River, Florida;Proximity (0.0km);;-17.7;0.529;6;OK
Classic 2004;Rottnest Island, Australia;Ref;-32.0;115.55;;;;;;;;Keine Referenz gefunden
Classic 2004;Round Island, Torres Strait;Ref;-10.55;142.2;;;;;;;;Keine Referenz gefunden
Classic 2004;Rubesibetu, Hokkaido, Japan;Ref;42.2;143.333;;;;;;;;Keine Referenz gefunden
Classic 2004;Runaway Bay, Australia;Ref;-27.9167;153.4;;;;;;;;Keine Referenz gefunden
Classic 2004;Russell Island, Australia;Ref;-17.2333;146.1;;;;;;;;Keine Referenz gefunden
Classic 2004;Ryotu, Niigata, Japan;Ref;38.0833;138.433;;;;;;;;Keine Referenz gefunden
Classic 2004;Saanichton Bay, British Columbia (2), Canada;Ref;48.5989;-123.3885;;;;;;;;Keine Referenz gefunden
Classic 2004;Saavedra Islands, British Columbia (2), Canada;Ref;49.622;-126.617;;;;;;;;Keine Referenz gefunden
Classic 2004;Sabine Pass, Texas;Ref;29.7067;-93.8533;DWF 2025;Texas Point, Sabine Pass, Texas;Proximity (2.2km);2.2;-8.0;0.061;7;OK
Classic 2004;Sable Bank, Nova Scotia, Canada;Ref;43.0833;-59.95;;;;;;;;Keine Referenz gefunden
Classic 2004;Sable Island Drill Site, Nova Scotia, Canada;Ref;44.0333;-59.6;;;;;;;;Keine Referenz gefunden
Classic 2004;Sable Island, Nova Scotia, Canada;Ref;43.9627;-59.7849;;;;;;;;Keine Referenz gefunden
Classic 2004;Saga (Tusima), Nagasaki, Japan;Ref;34.45;129.383;;;;;;;;Keine Referenz gefunden
Classic 2004;Saganoseki, Oita, Japan;Ref;33.25;131.883;;;;;;;;Keine Referenz gefunden
Classic 2004;Sagara, Sizuoka, Japan;Ref;34.6833;138.233;;;;;;;;Keine Referenz gefunden
Classic 2004;Sagi, Simane, Japan;Ref;35.45;132.683;;;;;;;;Keine Referenz gefunden
Classic 2004;Saguenay, Québec, Canada;Ref;48.4308;-71.0548;UTide CA;Chicoutimi, Québec, Canada;Proximity (0.0km);;-8.5;0.065;8;OK
Classic 2004;Saguenay, Québec, Canada;Ref;48.3339;-70.8693;UTide CA;Port-Alfred, Québec, Canada;Proximity (0.0km);;38.0;0.262;8;OK
Classic 2004;Saibai Island, Torres Strait;Ref;-9.3833;142.6167;;;;;;;;Keine Referenz gefunden
Classic 2004;Saint Marys, Kings Bay, Cumberland Sound, Georgia;Ref;30.7967;-81.515;DWF 2025;Kings Bay, Navy Base, Georgia;Proximity (0.0km);;0.2;0.016;6;OK
Classic 2004;Saint-Augustin, Québec, Canada;Ref;51.1763;-58.5347;;;;;;;;Keine Referenz gefunden
Classic 2004;Saint-François-de-l'Île-d'Orléans, Québec, Canada;Ref;46.9965;-70.8082;UTide CA;Saint-François I.O., Québec, Canada;Proximity (0.0km);;-3.6;0.079;7;OK
Classic 2004;Saint-François-du-Lac, Québec, Canada;Ref;46.1172;-72.949;;;;;;;;Keine Referenz gefunden
Classic 2004;Saint-Godefroi, Québec, Canada;Ref;48.0738;-65.1134;;;;;;;;Keine Referenz gefunden
Classic 2004;Saint-Irénée, Québec, Canada;Ref;47.559;-70.2022;;;;;;;;Keine Referenz gefunden
Classic 2004;Saint-Jean-Port-Joli, Québec, Canada;Ref;47.2162;-70.2747;TICON4;St-Jean-Port-Joli, Quï¿½bec, Canada;Proximity (0.6km);0.6;-245.0;3.047;3;OK
Classic 2004;Saint-Joachim, Québec, Canada;Ref;47.0435;-70.8447;;;;;;;;Keine Referenz gefunden
Classic 2004;Saint-Laurent-de-l'Île-d'Orléans, Québec, Canada;Ref;46.8582;-71.0033;UTide CA;Saint-Laurent I.O., Québec, Canada;Proximity (0.0km);;-3.2;0.245;6;OK
Classic 2004;Saint-Pierre, Saint-Pierre-et-Miquelon;Ref;46.7774;-56.1692;UTide FR;Saint-Pierre, Saint-Pierre-et-Miquelon;Name;0.2;-9.5;0.115;8;OK
Classic 2004;Saint-Siméon, Québec, Canada;Ref;47.8407;-69.8732;;;;;;;;Keine Referenz gefunden
Classic 2004;Sainte-Anne-de-Beaupré, Québec, Canada;Ref;47.0185;-70.9255;;;;;;;;Keine Referenz gefunden
Classic 2004;Sainte-Croix, Québec, Canada;Ref;46.6325;-71.7512;;;;;;;;Keine Referenz gefunden
Classic 2004;Sainte-Thérèse-de-Gaspé, Québec, Canada;Ref;48.415;-64.3952;;;;;;;;Keine Referenz gefunden
Classic 2004;Saito Saki, Hukuoka, Japan;Ref;33.65;130.367;;;;;;;;Keine Referenz gefunden
Classic 2004;Saizyo, Ehime, Japan;Ref;33.9333;133.167;;;;;;;;Keine Referenz gefunden
Classic 2004;Sakai (Osaka Wan), Osaka, Japan;Ref;34.5833;135.467;;;;;;;;Keine Referenz gefunden
Classic 2004;Sakaide, Kagawa, Japan;Ref;34.3167;133.85;;;;;;;;Keine Referenz gefunden
Classic 2004;Sakate (Syodo Sima), Kagawa, Japan;Ref;34.45;134.317;;;;;;;;Keine Referenz gefunden
Classic 2004;Sakito, Nagasaki, Japan;Ref;33.0167;129.567;;;;;;;;Keine Referenz gefunden
Classic 2004;Sakitu Wan, Kumamoto, Japan;Ref;32.3167;130.017;;;;;;;;Keine Referenz gefunden
Classic 2004;Saku Sima, Aichi, Japan;Ref;34.7333;137.05;;;;;;;;Keine Referenz gefunden
Classic 2004;Salem, Massachusetts;Ref;42.5183;-70.8867;DWF 2025;Salem, Salem Harbor, Massachusetts;Proximity (1.0km);1.0;2.7;0.065;6;OK
Classic 2004;Salisbury, Maryland (2 miles below) Current;Ref;38.34;-75.6383;;;;;;;;Current-Station (übersprungen)
Classic 2004;Salisbury, Wicomico River, Chesapeake Bay, Maryland;Ref;38.365;-75.6067;DWF 2025;Salisbury, Wicomico River, Maryland;Proximity (0.0km);;23.2;0.022;6;OK
Classic 2004;Salmon Cove, British Columbia (2), Canada;Ref;55.264;-129.846;;;;;;;;Keine Referenz gefunden
Classic 2004;Salmon River Bridge, Nova Scotia, Canada;Ref;44.7784;-63.0425;;;;;;;;Keine Referenz gefunden
Classic 2004;Samarai Island, Papua New Guinea;Ref;-10.6167;150.6667;;;;;;;;Keine Referenz gefunden
Classic 2004;Sambro Harbour, Nova Scotia, Canada;Ref;44.4782;-63.5992;;;;;;;;Keine Referenz gefunden
Classic 2004;Samuel Island (North Shore), British Columbia (2), Canada;Ref;48.8167;-123.2;;;;;;;;Keine Referenz gefunden
Classic 2004;Samuel Island (South Shore), British Columbia (2), Canada;Ref;48.8167;-123.2;;;;;;;;Keine Referenz gefunden
Classic 2004;Samugawa, Tiba, Japan;Ref;35.5833;140.117;;;;;;;;Keine Referenz gefunden
Classic 2004;San Diego Bay Entrance, California Current;Ref;32.6817;-117.1733;;;;;;;;Current-Station (übersprungen)
Classic 2004;San Diego, California;Ref;32.7133;-117.1733;DWF 2025;San Diego, San Diego Bay, California;Proximity (0.4km);0.4;11.5;0.017;6;OK
Classic 2004;San Felipe, Baja California Norte, Mexico;Ref;31.0256;-114.8311;TICON4;San Felipe, Baja California Norte (2), Mexico;Proximity (0.0km);0.0;14.5;2.215;4;OK
Classic 2004;San Francisco Bay Entrance (Golden Gate), California Current;Ref;37.8167;-122.4833;;;;;;;;Current-Station (übersprungen)
Classic 2004;San Francisco, California (2) (expired 1998-12-31);Ref;37.8067;-122.465;DWF 2025;San Francisco, San Francisco Bay, California;Proximity (0.1km);0.1;3.8;0.036;6;OK
Classic 2004;San Francisco, Pier 22 1/2, California;Ref;37.79;-122.3867;DWF 2025;Rincon Point, Pier 22½, San Francisco Bay, California;Proximity (0.0km);0.0;0.2;0.006;6;OK
Classic 2004;San Juan Channel (South Entrance), Washington Current;Ref;48.4667;-122.95;;;;;;;;Current-Station (übersprungen)
Classic 2004;San Juan, Puerto Rico (3);Ref;18.4617;-66.115;DWF 2025;San Juan, La Puntilla, San Juan Bay, Puerto Rico;Proximity (0.3km);0.3;-1.5;0.003;6;OK
Classic 2004;San Luis Pass, Texas;Ref;29.095;-95.1133;DWF 2025;San Luis Pass (TCOON), Texas;Proximity (0.0km);;-64.0;0.149;4;OK
Classic 2004;San Salvador (Watling Island), Bahamas;Ref;24.05;-74.55;;;;;;;;Keine Referenz gefunden
Classic 2004;Sanagi, Kagawa, Japan;Ref;34.3333;133.633;;;;;;;;Keine Referenz gefunden
Classic 2004;Sand Head, Ontario, Canada;Ref;51.4167;-80.35;;;;;;;;Keine Referenz gefunden
Classic 2004;Sand Heads (Station Harry), British Columbia, Canada;Ref;49.1052;-123.3042;UTide CA;Sand Heads, British Columbia, Canada;Proximity (0.0km);;-3.2;0.142;8;OK
Classic 2004;Sand Heads, British Columbia (2), Canada;Ref;49.1052;-123.3042;UTide CA;Sand Heads, British Columbia, Canada;Proximity (0.0km);;1.8;0.161;8;OK
Classic 2004;Sand Point, Nova Scotia, Canada;Ref;45.5213;-61.2636;;;;;;;;Keine Referenz gefunden
Classic 2004;Sandfly Passage, Solomon Islands;Ref;-9.0;160.1167;;;;;;;;Keine Referenz gefunden
Classic 2004;Sandgerði, Iceland;Ref;64.0379;-22.7184;;;;;;;;Keine Referenz gefunden
Classic 2004;Sandwich Bay (East Arm), Labrador, Canada;Ref;53.5666;-57.1616;;;;;;;;Keine Referenz gefunden
Classic 2004;Sandy Cove, Nova Scotia, Canada;Ref;44.4988;-66.0987;;;;;;;;Keine Referenz gefunden
Classic 2004;Sandy Hook, New Jersey;Ref;40.4667;-74.0017;DWF 2025;Sandy Hook, Fort Hancock, New Jersey;Proximity (0.7km);0.7;7.4;0.048;5;OK
Classic 2004;Sandy Point, North Caicos Island;Ref;21.9333;-72.05;;;;;;;;Keine Referenz gefunden
Classic 2004;Sandy Point, Nova Scotia, Canada;Ref;43.6968;-65.3238;;;;;;;;Keine Referenz gefunden
Classic 2004;Sanikiluaq, Nunavut, Canada;Ref;56.6247;-79.2245;;;;;;;;Keine Referenz gefunden
Classic 2004;Sanmura Wan, Kagosima, Japan;Ref;27.8667;128.967;;;;;;;;Keine Referenz gefunden
Classic 2004;Sansum Narrows, British Columbia, Canada Current;Ref;48.7833;-123.55;;;;;;;;Current-Station (übersprungen)
Classic 2004;Santa Monica, Municipal Pier, California;Ref;34.0067;-118.4983;DWF 2025;Santa Monica, Municipal Pier, San Pedro Channel, California;Proximity (0.2km);0.2;1.3;0.007;6;OK
Classic 2004;Santa Rosalia, Baja California Sur, Mexico;Ref;27.3385;-112.2614;;;;;;;;Keine Referenz gefunden
Classic 2004;Santos, Brazil;Ref;-23.95;-46.3167;;;;;;;;Keine Referenz gefunden
Classic 2004;Sarahama, Okinawa, Japan;Ref;24.8333;125.217;;;;;;;;Keine Referenz gefunden
Classic 2004;Sarasota, Sarasota Bay, Florida;Ref;27.3317;-82.545;DWF 2025;Sarasota, Sarasota Bay, Florida;Name;;4.0;0.021;6;OK
Classic 2004;Sarina Inlet, Australia;Ref;-21.4;149.3333;;;;;;;;Keine Referenz gefunden
Classic 2004;Sasuna, Nagasaki, Japan;Ref;34.6333;129.4;;;;;;;;Keine Referenz gefunden
Classic 2004;Sauðárkrókur, Iceland;Ref;65.7443;-19.6386;;;;;;;;Keine Referenz gefunden
Classic 2004;Sausalito, California;Ref;37.85;-122.4833;DWF 2025;Sausalito, San Francisco Bay, California;Proximity (0.7km);0.7;0.8;0.073;6;OK
Classic 2004;Savage Harbour, Prince Edward Island, Canada;Ref;46.4269;-62.84;;;;;;;;Keine Referenz gefunden
Classic 2004;Savannah River Entrance, Georgia;Ref;32.0333;-80.9017;DWF 2025;Fort Pulaski, Savannah River, Georgia;Proximity (0.2km);0.2;-2.8;0.005;5;OK
Classic 2004;Savannah River Entrance, Georgia (2) (expired 1989-12-31);Ref;32.0333;-80.9017;DWF 2025;Fort Pulaski, Savannah River, Georgia;Proximity (0.2km);0.2;2.8;0.027;5;OK
Classic 2004;Savannah River Entrance, Georgia Current;Ref;32.0367;-80.8583;;;;;;;;Current-Station (übersprungen)
Classic 2004;Savannah River Entrance, Georgia Current (2) (expired 1999-12-31);Ref;32.0367;-80.8583;;;;;;;;Current-Station (übersprungen)
Classic 2004;Scawfell Island, Australia;Ref;-20.8667;149.6167;;;;;;;;Keine Referenz gefunden
Classic 2004;Schooner Harbour, Baffin Island, Nunavut, Canada;Ref;64.4035;-77.875;;;;;;;;Keine Referenz gefunden
Classic 2004;Scots Bay, Nova Scotia, Canada;Ref;45.3159;-64.4398;;;;;;;;Keine Referenz gefunden
Classic 2004;Scott Reef, Australia;Ref;-14.05;121.8;;;;;;;;Keine Referenz gefunden
Classic 2004;Sea Girt, New Jersey;Ref;40.1333;-74.0333;;;;;;;;Keine Referenz gefunden
Classic 2004;Seabreeze Point, British Columbia (2), Canada;Ref;53.987;-130.182;;;;;;;;Keine Referenz gefunden
Classic 2004;Seal Bay, Nunavut, Canada;Ref;69.5167;-98.5167;;;;;;;;Keine Referenz gefunden
Classic 2004;Seal Cove, Grand Manan Island, New Brunswick, Canada;Ref;44.6487;-66.8397;;;;;;;;Keine Referenz gefunden
Classic 2004;Sebastian Inlet bridge, Indian River, Florida;Ref;27.86;-80.4483;DWF 2025;Sebastian Inlet bridge, Florida;Proximity (0.0km);;7.2;0.383;4;OK
Classic 2004;Sebastian, Indian River, Florida;Ref;27.8117;-80.465;DWF 2025;Sebastian, Indian River, Florida;Name;0.2;20.5;0.074;4;OK
Classic 2004;Secaucus, New Jersey;Ref;40.7983;-74.07;DWF 2025;Carlstadt, Garretts Reach, Hackensack River, New Jersey;Proximity (1.3km);1.3;33.8;0.176;5;OK
Classic 2004;Sechelt Rapids, British Columbia, Canada Current;Ref;49.7383;-123.8983;;;;;;;;Current-Station (übersprungen)
Classic 2004;Second Narrows, British Columbia, Canada Current;Ref;49.2947;-123.0245;;;;;;;;Current-Station (übersprungen)
Classic 2004;Second Valley, Australia;Ref;-35.511;138.217;;;;;;;;Keine Referenz gefunden
Classic 2004;Section Cove, British Columbia (2), Canada;Ref;52.4333;-131.3833;;;;;;;;Keine Referenz gefunden
Classic 2004;Sedgwick Bay, British Columbia (2), Canada;Ref;52.636;-131.583;;;;;;;;Keine Referenz gefunden
Classic 2004;Seeadler Harbour, Papua New Guinea;Ref;-2.0167;147.2667;TICON4;Manus, Papua New Guinea;Proximity (0.7km);0.7;;;;Keine passenden Events
Classic 2004;Seitetu-Tobata-Hakuti, Hukuoka, Japan;Ref;33.9167;130.85;;;;;;;;Keine Referenz gefunden
Classic 2004;Sekiu, Washington;Ref;48.2667;-124.3;DWF 2025;Sekiu, Clallam Bay, Strait of Juan de Fuca, Washington;Proximity (0.4km);0.4;-3.5;2.080;8;OK
Classic 2004;Seminole Shores, Florida;Ref;27.1833;-80.1583;DWF 2025;Seminole Shores, Florida;Name;;0.2;0.009;5;OK
Classic 2004;Sendai (Kagosima), Kagosima, Japan;Ref;31.85;130.217;;;;;;;;Keine Referenz gefunden
Classic 2004;Sepik River, Papua New Guinea;Ref;-3.85;144.5667;;;;;;;;Keine Referenz gefunden
Classic 2004;Sergius Narrows, Peril Strait, Alaska Current;Ref;57.4067;-135.6267;;;;;;;;Current-Station (übersprungen)
Classic 2004;Serrurier Island, Australia;Ref;-21.6;114.6833;;;;;;;;Keine Referenz gefunden
Classic 2004;Setoda, Hirosima, Japan;Ref;34.3;133.083;;;;;;;;Keine Referenz gefunden
Classic 2004;Severn Harbour Area, Nunavut, Canada;Ref;63.6;-91.0167;;;;;;;;Keine Referenz gefunden
Classic 2004;Sevigny Point, Nunavut, Canada;Ref;69.7833;-82.1167;;;;;;;;Keine Referenz gefunden
Classic 2004;Seyðisfjörður, Iceland;Ref;65.2641;-14.0066;;;;;;;;Keine Referenz gefunden
Classic 2004;Seymour Narrows, British Columbia (2), Canada;Ref;50.1333;-125.35;;;;;;;;Keine Referenz gefunden
Classic 2004;Seymour Narrows, British Columbia, Canada Current;Ref;50.1333;-125.35;;;;;;;;Current-Station (übersprungen)
Classic 2004;Shale Island, Australia;Ref;-16.3833;124.3333;;;;;;;;Keine Referenz gefunden
Classic 2004;Sharp Island, Papua New Guinea;Ref;-9.25;152.55;;;;;;;;Keine Referenz gefunden
Classic 2004;Shaw Island, Australia;Ref;-20.5;149.0667;;;;;;;;Keine Referenz gefunden
Classic 2004;Sheepscot River (off Barter Island), Maine Current;Ref;43.9;-69.6917;;;;;;;;Current-Station (übersprungen)
Classic 2004;Sheet Harbour, Nova Scotia, Canada;Ref;44.9029;-62.5036;;;;;;;;Keine Referenz gefunden
Classic 2004;Shelburne, Nova Scotia, Canada;Ref;43.7536;-65.3205;;;;;;;;Keine Referenz gefunden
Classic 2004;Shell Point, Florida (2) (expired 1989-08-09);Ref;30.06;-84.29;DWF 2025;Shell Point, Walker Creek, Apalachee Bay, Florida;Proximity (0.2km);0.2;15.0;0.034;6;OK
Classic 2004;Sherbrooke, Nova Scotia, Canada;Ref;45.1333;-61.9833;;;;;;;;Keine Referenz gefunden
Classic 2004;Sherman Island (East), California Current;Ref;38.0587;-121.8;;;;;;;;Current-Station (übersprungen)
Classic 2004;Shields Bay, British Columbia (2), Canada;Ref;53.313;-132.417;;;;;;;;Keine Referenz gefunden
Classic 2004;Shigawake, Québec, Canada;Ref;48.1333;-65.0833;;;;;;;;Keine Referenz gefunden
Classic 2004;Shingle Bay, British Columbia (2), Canada;Ref;53.254;-131.822;;;;;;;;Keine Referenz gefunden
Classic 2004;Shingle Bay, Nunavut/NWT, Canada;Ref;68.9333;-137.2;;;;;;;;Keine Referenz gefunden
Classic 2004;Shinnecock Canal, Railroad Bridge, New York Current;Ref;40.8867;-72.5017;;;;;;;;Current-Station (übersprungen)
Classic 2004;Ship Cove, Newfoundland, Canada;Ref;51.6027;-55.626;;;;;;;;Keine Referenz gefunden
Classic 2004;Ship Sands Island, Nunavut, Canada;Ref;51.3333;-80.4333;;;;;;;;Keine Referenz gefunden
Classic 2004;Shippegan Gully, New Brunswick, Canada;Ref;47.7187;-64.6698;;;;;;;;Keine Referenz gefunden
Classic 2004;Shippegan, New Brunswick, Canada;Ref;47.7478;-64.7024;;;;;;;;Keine Referenz gefunden
Classic 2004;Shoal Bay, British Columbia (2), Canada;Ref;50.46;-125.361;;;;;;;;Keine Referenz gefunden
Classic 2004;Shoal Cove, Newfoundland, Canada;Ref;51.0245;-57.0228;;;;;;;;Keine Referenz gefunden
Classic 2004;Shoal Tickle, Labrador, Canada;Ref;55.7718;-60.3522;;;;;;;;Keine Referenz gefunden
Classic 2004;Shortland Island, Solomon Islands;Ref;-10.5333;151.0833;;;;;;;;Keine Referenz gefunden
Classic 2004;Shushartie Bay, British Columbia (2), Canada;Ref;50.856;-127.859;;;;;;;;Keine Referenz gefunden
Classic 2004;Sibayama, Hyogo, Japan;Ref;35.65;134.667;;;;;;;;Keine Referenz gefunden
Classic 2004;Sibetoro, Hokkaido, Japan;Ref;45.5;148.617;;;;;;;;Keine Referenz gefunden
Classic 2004;Sibusi, Kagosima, Japan;Ref;31.4667;131.117;TICON4;???, Japan;Proximity (1.2km);1.2;-186.3;1.157;3;OK
Classic 2004;Sidney Bay, British Columbia (2), Canada;Ref;50.5167;-125.5833;;;;;;;;Keine Referenz gefunden
Classic 2004;Siglufjörður, Iceland;Ref;66.1532;-18.8986;;;;;;;;Keine Referenz gefunden
Classic 2004;Siizaki, Kyoto, Japan;Ref;35.55;135.2;;;;;;;;Keine Referenz gefunden
Classic 2004;Sikine Sima, Tokyo, Japan;Ref;34.3167;139.217;;;;;;;;Keine Referenz gefunden
Classic 2004;Silva Bay, British Columbia (2), Canada;Ref;49.15;-123.7;;;;;;;;Keine Referenz gefunden
Classic 2004;Sima Saki, Kyoto, Japan;Ref;35.5333;135.2;;;;;;;;Keine Referenz gefunden
Classic 2004;Simabara-Sinkoo, Nagasaki, Japan;Ref;32.8167;130.367;;;;;;;;Keine Referenz gefunden
Classic 2004;Simabara, Nagasaki, Japan;Ref;32.7667;130.367;;;;;;;;Keine Referenz gefunden
Classic 2004;Simayama, Nagasaki, Japan;Ref;34.3167;129.317;;;;;;;;Keine Referenz gefunden
Classic 2004;Simizu, Sizuoka, Japan;Ref;35.0167;138.5;TICON4;Miho, Sizuoka, Japan;Proximity (1.7km);1.7;-180.7;0.947;3;OK
Classic 2004;Simonoseki Sanbasi, Yamaguti, Japan;Ref;33.95;130.933;TICON4;Miojin Hana, Japan;Proximity (2.3km);2.3;-189.0;1.420;4;OK
Classic 2004;Simotu, Wakayama, Japan;Ref;34.1167;135.133;;;;;;;;Keine Referenz gefunden
Classic 2004;Simotui, Okayama, Japan;Ref;34.4333;133.8;;;;;;;;Keine Referenz gefunden
Classic 2004;Sin-Mikuriya, Nagasaki, Japan;Ref;33.3667;129.667;;;;;;;;Keine Referenz gefunden
Classic 2004;Sinmozi, Hukuoka, Japan;Ref;33.8667;130.983;;;;;;;;Keine Referenz gefunden
Classic 2004;Sino Sima, Aichi, Japan;Ref;34.6833;137.0;;;;;;;;Keine Referenz gefunden
Classic 2004;Sinzyuku Wan (Zusi), Kanagawa, Japan;Ref;35.2833;139.567;;;;;;;;Keine Referenz gefunden
Classic 2004;Siogama-Minatobasi, Miyagi, Japan;Ref;38.3167;141.033;;;;;;;;Keine Referenz gefunden
Classic 2004;Siokubi Misaki, Hokkaido, Japan;Ref;41.7167;140.967;;;;;;;;Keine Referenz gefunden
Classic 2004;Siomi Ura, Kurile Islands;Ref;49.5167;154.733;;;;;;;;Keine Referenz gefunden
Classic 2004;Sir Chas Hardy Island, Australia;Ref;-11.9167;143.4667;;;;;;;;Keine Referenz gefunden
Classic 2004;Sirahama (Iriomote), Okinawa, Japan;Ref;24.35;123.75;;;;;;;;Keine Referenz gefunden
Classic 2004;Sirahama (Izu), Sizuoka, Japan;Ref;34.7167;138.983;;;;;;;;Keine Referenz gefunden
Classic 2004;Sirahama (Tiba), Tiba, Japan;Ref;34.9167;139.933;;;;;;;;Keine Referenz gefunden
Classic 2004;Siranuka, Aomori, Japan;Ref;41.1333;141.4;;;;;;;;Keine Referenz gefunden
Classic 2004;Sirasima, Hukuoka, Japan;Ref;34.0167;130.733;;;;;;;;Keine Referenz gefunden
Classic 2004;Siriya, Aomori, Japan;Ref;41.4;141.45;;;;;;;;Keine Referenz gefunden
Classic 2004;Siriyamisaki, Aomori, Japan;Ref;41.4167;141.433;;;;;;;;Keine Referenz gefunden
Classic 2004;Sisters Creek, St. Johns River, Florida;Ref;30.4167;-81.4533;DWF 2025;Sisters Creek, Florida;Proximity (0.0km);;-0.6;1.006;5;OK
Classic 2004;Sita Ura, Oita, Japan;Ref;33.2333;131.883;;;;;;;;Keine Referenz gefunden
Classic 2004;Sitirui, Simane, Japan;Ref;35.5667;133.233;TICON4;Sakai (Tottori), Tottori, Japan;Proximity (2.3km);2.3;;;;Keine Vorhersagen
Classic 2004;Sitka, Alaska;Ref;57.0517;-135.3417;DWF 2025;Sitka, Baronof Island, Sitka Sound, Alaska;Proximity (0.0km);0.0;0.5;0.012;6;OK
Classic 2004;Siziki Wan, Nagasaki, Japan;Ref;33.2;129.383;;;;;;;;Keine Referenz gefunden
Classic 2004;Sizugawa, Miyagi, Japan;Ref;38.6667;141.45;;;;;;;;Keine Referenz gefunden
Classic 2004;Skagaströnd, Iceland;Ref;65.8233;-20.3006;;;;;;;;Keine Referenz gefunden
Classic 2004;Skagway, Alaska;Ref;59.45;-135.325;DWF 2025;Skagway, Taiya Inlet, Lynn Canal, Alaska;Proximity (0.2km);0.2;-0.7;0.031;6;OK
Classic 2004;Skerry Bay, British Columbia, Canada;Ref;49.05;-124.2333;;;;;;;;Keine Referenz gefunden
Classic 2004;Skinner Cove, Nova Scotia, Canada;Ref;45.7944;-63.0447;;;;;;;;Keine Referenz gefunden
Classic 2004;Skinner's Pond, Prince Edward Island, Canada;Ref;46.9642;-64.1229;;;;;;;;Keine Referenz gefunden
Classic 2004;Smithers Island, British Columbia (2), Canada;Ref;52.758;-129.073;;;;;;;;Keine Referenz gefunden
Classic 2004;Smokey, Labrador, Canada;Ref;54.45;-57.2;;;;;;;;Keine Referenz gefunden
Classic 2004;Snake Bay, Australia;Ref;-11.4;130.6833;;;;;;;;Keine Referenz gefunden
Classic 2004;Solide Passage, British Columbia, Canada;Ref;54.191;-133.002;UTide CA;Henslung Cove, British Columbia, Canada;Proximity (0.0km);;2.4;0.340;8;OK
Classic 2004;Sombrero Key, Hawk Channel, Florida;Ref;24.6267;-81.1117;DWF 2025;Sombrero Key, Hawk Channel, Florida;Name;;-0.2;0.029;6;OK
Classic 2004;Sonora, St. Mary River, Nova Scotia, Canada;Ref;45.0574;-61.9047;;;;;;;;Keine Referenz gefunden
Classic 2004;Sonoyama, Kagosima, Japan;Ref;31.6167;130.7;;;;;;;;Keine Referenz gefunden
Classic 2004;Sop's Island, White Bay, Newfoundland, Canada;Ref;49.7972;-56.7946;;;;;;;;Keine Referenz gefunden
Classic 2004;Sora, Ishikawa, Japan;Ref;37.1833;137.017;;;;;;;;Keine Referenz gefunden
Classic 2004;Sorel-Tracy, Québec, Canada;Ref;46.0472;-73.1157;TICON4;Saint-Joseph-de-Sorel, Quï¿½bec, Canada;Proximity (0.5km);0.5;-205.1;1.026;7;OK
Classic 2004;Soroken, Solomon Islands;Ref;-5.5667;154.7167;;;;;;;;Keine Referenz gefunden
Classic 2004;Sørvágur, Faroe Islands;Ref;62.071;-7.3333;;;;;;;;Keine Referenz gefunden
Classic 2004;Souris, Prince Edward Island, Canada;Ref;46.3496;-62.2518;;;;;;;;Keine Referenz gefunden
Classic 2004;South West Rocks, Australia;Ref;-30.9;153.0167;;;;;;;;Keine Referenz gefunden
Classic 2004;South Yarmouth, Bass River, Nantucket Sound, Massachusetts;Ref;41.665;-70.1833;DWF 2025;South Yarmouth, Bass River, Nantucket Sound, Massachusetts;Name;;-1.4;0.048;5;OK
Classic 2004;Southwest Pass, Mississippi River Delta, Louisiana;Ref;28.9333;-89.4333;DWF 2025;Southwest Pass, Mississippi River, Louisiana;Proximity (0.5km);0.5;-48.5;0.152;2;OK
Classic 2004;Soya Misaki, Hokkaido, Japan;Ref;45.5167;141.95;;;;;;;;Keine Referenz gefunden
Classic 2004;Spencer Island, Nova Scotia, Canada;Ref;45.3547;-64.7101;;;;;;;;Keine Referenz gefunden
Classic 2004;Springdale, Newfoundland, Canada;Ref;49.5001;-56.065;;;;;;;;Keine Referenz gefunden
Classic 2004;Sproat Narrows, British Columbia, Canada;Ref;49.108;-124.812;;;;;;;;Keine Referenz gefunden
Classic 2004;Spry Harbour, Nova Scotia, Canada;Ref;44.8378;-62.6141;;;;;;;;Keine Referenz gefunden
Classic 2004;Squamish, British Columbia (3), Canada;Ref;49.695;-123.155;;;;;;;;Keine Referenz gefunden
Classic 2004;Squibnocket Point, Martha's Vineyard, Massachusetts;Ref;41.3117;-70.7683;DWF 2025;Squibnocket Point, Martha's Vineyard, Massachusetts;Name;;-2.2;0.032;4;OK
Classic 2004;Squitty Bay, British Columbia, Canada;Ref;49.45;-124.0167;;;;;;;;Keine Referenz gefunden
Classic 2004;St-Bernard-de-l'Île-, Québec, Canada;Ref;47.4205;-70.3922;;;;;;;;Keine Referenz gefunden
Classic 2004;St-Lawrence Mooring, Québec, Canada;Ref;47.4667;-70.1;;;;;;;;Keine Referenz gefunden
Classic 2004;St. Alban's, Newfoundland, Canada;Ref;47.8631;-55.8352;;;;;;;;Keine Referenz gefunden
Classic 2004;St. Andrews, Passamaquoddy Bay, New Brunswick, Canada;Ref;45.0823;-67.0845;DWF 2025;Robbinston, St. Croix River (depth 12 ft), Maine Current;Proximity (1.5km);1.5;;;;Keine Vorhersagen
Classic 2004;St. Anthony, Newfoundland, Canada;Ref;51.364;-55.5849;;;;;;;;Keine Referenz gefunden
Classic 2004;St. Asaph Bay, Australia;Ref;-11.3;130.4333;;;;;;;;Keine Referenz gefunden
Classic 2004;St. Augustine, city dock, Florida;Ref;29.8917;-81.31;DWF 2025;St. Augustine, city dock, Florida;Name;;-10.4;0.027;5;OK
Classic 2004;St. Bees Island, Australia;Ref;-20.9;149.45;;;;;;;;Keine Referenz gefunden
Classic 2004;St. Bride's, Newfoundland, Canada;Ref;46.9176;-54.1778;;;;;;;;Keine Referenz gefunden
Classic 2004;St. Francis Island, Australia;Ref;-32.5;133.3;;;;;;;;Keine Referenz gefunden
Classic 2004;St. Georges, Newfoundland, Canada;Ref;48.4302;-58.4848;;;;;;;;Keine Referenz gefunden
Classic 2004;St. Johns River at Bar Pilot Dock, Florida;Ref;30.3969;-81.4294;DWF 2025;Bar Pilot Dock, St. Johns River, Florida;Proximity (0.2km);0.2;5.5;0.517;4;OK
Classic 2004;St. Johns River at Buckman Bridge, Florida;Ref;30.1911;-81.6922;DWF 2025;I-295 Bridge (west end), St. Johns River, Florida;Proximity (0.3km);0.3;20.8;0.056;4;OK
Classic 2004;St. Johns River at Dames Point (N. end, SR 9A bridge), Florida (5);Ref;30.3869;-81.5581;DWF 2025;Dame Point, St. Johns River, Florida;Proximity (0.0km);0.0;11.8;0.503;4;OK
Classic 2004;St. Johns River at Long Branch, USCOE dredge depot, Florida;Ref;30.3575;-81.6129;DWF 2025;Terminal Channel (north end) (depth 17 ft), St. Johns River, Florida Current;Proximity (0.5km);0.5;;;;Keine Vorhersagen
Classic 2004;St. Johns River at Main Street Bridge, Florida;Ref;30.3231;-81.6639;DWF 2025;Acosta Bridge (depth 15 ft), St. Johns River, Florida Current;Proximity (0.1km);0.1;;;;Keine Vorhersagen
Classic 2004;St. Johns River at Navy degaussing structure, Florida (2);Ref;30.3964;-81.3953;DWF 2025;Degaussing structure, Mayport Naval Station, Florida;Proximity (0.0km);0.0;5.2;0.652;4;OK
Classic 2004;St. Johns River at Racy Point, Florida;Ref;29.8019;-81.5497;DWF 2025;Racy Point, St. Johns River, Florida;Proximity (0.1km);0.1;18.2;0.043;4;OK
Classic 2004;St. Johns River at Shands Bridge, Florida;Ref;29.9786;-81.6286;DWF 2025;Red Bay Point, St. Johns River, Florida;Proximity (0.6km);0.6;14.2;0.165;4;OK
Classic 2004;St. Johns River Entrance, Florida Current;Ref;30.4;-81.3833;;;;;;;;Current-Station (übersprungen)
Classic 2004;St. Johns River Entrance, Florida Current (2) (expired 1999-12-31);Ref;30.4;-81.3833;;;;;;;;Current-Station (übersprungen)
Classic 2004;St. Johns River Entrance, Florida Current (3);Ref;30.7967;-81.515;;;;;;;;Current-Station (übersprungen)
Classic 2004;St. Marks River Entrance, Florida;Ref;30.0783;-84.1783;DWF 2025;St. Marks lighthouse, Apalachee Bay, Florida;Proximity (0.0km);;-0.5;0.003;6;OK
Classic 2004;St. Marks River Entrance, Florida (2) (expired 1995-12-31);Ref;30.0783;-84.1783;DWF 2025;St. Marks lighthouse, Apalachee Bay, Florida;Proximity (0.0km);;-0.5;0.006;6;OK
Classic 2004;St. Marks River Entrance, Florida (3) (expired 1984-12-31);Ref;30.0783;-84.1783;DWF 2025;St. Marks lighthouse, Apalachee Bay, Florida;Proximity (0.0km);;20.2;0.096;6;OK
Classic 2004;St. Martins, New Brunswick, Canada;Ref;45.3552;-65.5319;;;;;;;;Keine Referenz gefunden
Classic 2004;St. Mary Harbour, St. Mary Bay, Newfoundland, Canada;Ref;46.9195;-53.5802;;;;;;;;Keine Referenz gefunden
Classic 2004;St. Michael, Alaska;Ref;63.475;-162.0267;DWF 2025;St. Michael, Norton Sound, Alaska;Proximity (0.0km);0.0;-117.8;0.104;8;OK
Classic 2004;St. Patrick Bay, Nunavut, Canada;Ref;81.8;-64.0167;;;;;;;;Keine Referenz gefunden
Classic 2004;St. Paul Island, Gulf of St. Lawrence, Nova Scotia, Canada;Ref;47.2;-60.15;;;;;;;;Keine Referenz gefunden
Classic 2004;St. Peters Bay, Prince Edward Island, Canada;Ref;46.4386;-62.7331;;;;;;;;Keine Referenz gefunden
Classic 2004;St. Petersburg, Florida (2) (expired 1995-12-31);Ref;27.7733;-82.6217;DWF 2025;St. Petersburg, Tampa Bay, Florida;Proximity (1.5km);1.5;3.3;0.021;6;OK
Classic 2004;St. Stephen, New Brunswick, Canada;Ref;45.1919;-67.276;;;;;;;;Keine Referenz gefunden
Classic 2004;Stack Island, Tasmania;Ref;-40.6;144.7833;;;;;;;;Keine Referenz gefunden
Classic 2004;Stag Island, Nunavut, Canada;Ref;51.6333;-79.0333;;;;;;;;Keine Referenz gefunden
Classic 2004;Stamford, Connecticut;Ref;41.0383;-73.5467;DWF 2025;Stamford Harbor, Stamford, Connecticut;Proximity (0.0km);;-3.7;0.014;6;OK
Classic 2004;Stamp Narrows, British Columbia, Canada;Ref;49.2256;-124.8136;UTide CA;Port Alberni, British Columbia, Canada;Proximity (0.0km);;6.9;0.135;8;OK
Classic 2004;Stanley, Tasmania;Ref;-40.7667;145.3;;;;;;;;Keine Referenz gefunden
Classic 2004;Stanovan, British Columbia, Canada;Ref;49.2912;-123.0046;;;;;;;;Keine Referenz gefunden
Classic 2004;Ste-Anne-De-Portneuf, Québec, Canada;Ref;48.6408;-69.0933;;;;;;;;Keine Referenz gefunden
Classic 2004;Steamboat Island, Australia;Ref;-20.8167;116.0667;;;;;;;;Keine Referenz gefunden
Classic 2004;Stenhouse Bay, Australia;Ref;-35.2833;136.9333;;;;;;;;Keine Referenz gefunden
Classic 2004;Stonehaven, New Brunswick, Canada;Ref;47.7543;-65.3619;;;;;;;;Keine Referenz gefunden
Classic 2004;Stopper Islands, British Columbia (2), Canada;Ref;48.993;-125.346;;;;;;;;Keine Referenz gefunden
Classic 2004;Storm Bay, British Columbia (2), Canada;Ref;49.662;-123.826;;;;;;;;Keine Referenz gefunden
Classic 2004;Strait Of Canso Bass, Nova Scotia, Canada;Ref;45.4667;-61.1833;;;;;;;;Keine Referenz gefunden
Classic 2004;Strait of Juan de Fuca Entrance, Washington Current;Ref;48.45;-124.5833;;;;;;;;Current-Station (übersprungen)
Classic 2004;Strathcona Sound, Nunavut, Canada;Ref;73.0697;-84.5483;;;;;;;;Keine Referenz gefunden
Classic 2004;Strendur, Faroe Islands;Ref;62.1093;-6.7565;;;;;;;;Keine Referenz gefunden
Classic 2004;Strutton Island, Nunavut, Canada;Ref;52.0333;-78.8667;;;;;;;;Keine Referenz gefunden
Classic 2004;Stuart Narrows, British Columbia, Canada;Ref;50.897;-126.896;;;;;;;;Keine Referenz gefunden
Classic 2004;Suarji Island, Torres Strait;Ref;-10.1667;142.5167;;;;;;;;Keine Referenz gefunden
Classic 2004;Suehiro (Turumi), Kanagawa, Japan;Ref;35.4833;139.7;;;;;;;;Keine Referenz gefunden
Classic 2004;Sugawa, Nagasaki, Japan;Ref;32.65;130.3;;;;;;;;Keine Referenz gefunden
Classic 2004;Sugluk, Québec, Canada;Ref;62.2167;-75.65;;;;;;;;Keine Referenz gefunden
Classic 2004;Suisyo Sima, Hokkaido, Japan;Ref;43.4167;145.9;;;;;;;;Keine Referenz gefunden
Classic 2004;Sukku, Okinawa, Japan;Ref;26.55;128.033;;;;;;;;Keine Referenz gefunden
Classic 2004;Sukui-No-Ura, Nagasaki, Japan;Ref;33.0833;129.717;;;;;;;;Keine Referenz gefunden
Classic 2004;Sullivan Bay, British Columbia (2), Canada;Ref;50.8833;-126.0833;;;;;;;;Keine Referenz gefunden
Classic 2004;Sullivan Bay, British Columbia, Canada;Ref;50.886;-126.826;;;;;;;;Keine Referenz gefunden
Classic 2004;Suminoe, Saga, Japan;Ref;33.2;130.2;;;;;;;;Keine Referenz gefunden
Classic 2004;Sumiyo Wan, Kagosima, Japan;Ref;28.2333;129.417;;;;;;;;Keine Referenz gefunden
Classic 2004;Summerford, Newfoundland, Canada;Ref;49.4896;-54.7968;;;;;;;;Keine Referenz gefunden
Classic 2004;Summerside, Prince Edward Island, Canada;Ref;46.3865;-63.7897;;;;;;;;Keine Referenz gefunden
Classic 2004;Suna Wan, Kurile Islands;Ref;46.5333;150.9;;;;;;;;Keine Referenz gefunden
Classic 2004;Sunatu, Hukuoka, Japan;Ref;33.8833;130.9;TICON4;Sunatsu, Japan;Proximity (1.3km);1.3;-196.2;0.962;4;OK
Classic 2004;Sunday Harbour, British Columbia (2), Canada;Ref;50.72;-126.7;;;;;;;;Keine Referenz gefunden
Classic 2004;Sunday Island, Australia;Ref;-16.3833;123.1833;;;;;;;;Keine Referenz gefunden
Classic 2004;Surf Inlet, British Columbia (2), Canada;Ref;53.0333;-128.9;;;;;;;;Keine Referenz gefunden
Classic 2004;Surge Narrows, British Columbia (2), Canada;Ref;50.2272;-125.112;;;;;;;;Keine Referenz gefunden
Classic 2004;Surge Narrows, British Columbia, Canada Current;Ref;50.2272;-125.112;;;;;;;;Current-Station (übersprungen)
Classic 2004;Surinam River, Surinam;Ref;6.0;-55.2333;;;;;;;;Keine Referenz gefunden
Classic 2004;Surprise Bay, Tasmania;Ref;-40.1333;143.9667;;;;;;;;Keine Referenz gefunden
Classic 2004;Surprise Fiord, Nunavut, Canada;Ref;78.0333;-90.0333;;;;;;;;Keine Referenz gefunden
Classic 2004;Susaki (Aiti), Aichi, Japan;Ref;34.7833;137.167;;;;;;;;Keine Referenz gefunden
Classic 2004;Susaki (Koti), Koti, Japan;Ref;33.4;133.283;;;;;;;;Keine Referenz gefunden
Classic 2004;Susami, Wakayama, Japan;Ref;33.55;135.5;;;;;;;;Keine Referenz gefunden
Classic 2004;Sutherlands Still, Dunns Creek, Florida (3);Ref;29.5733;-81.6033;DWF 2025;Sutherlands Still, Dunns Creek, Florida;Name;0.4;-25.0;1.033;5;OK
Classic 2004;Suttu, Hokkaido, Japan;Ref;42.7833;140.267;;;;;;;;Keine Referenz gefunden
Classic 2004;Swan Island, Tasmania;Ref;-40.7333;148.1167;;;;;;;;Keine Referenz gefunden
Classic 2004;Swansea, Australia;Ref;-33.0833;151.6667;;;;;;;;Keine Referenz gefunden
Classic 2004;Swartz Bay, British Columbia (2), Canada;Ref;48.6892;-123.4108;;;;;;;;Keine Referenz gefunden
Classic 2004;Sweers Island, Australia;Ref;-17.1167;139.6333;;;;;;;;Keine Referenz gefunden
Classic 2004;Swim Point, Nova Scotia, Canada;Ref;43.4334;-65.6316;;;;;;;;Keine Referenz gefunden
Classic 2004;Syakotan, Hokkaido, Japan;Ref;43.8667;146.817;;;;;;;;Keine Referenz gefunden
Classic 2004;Syamanbe, Hokkaido, Japan;Ref;45.3333;148.017;;;;;;;;Keine Referenz gefunden
Classic 2004;Syoya, Hokkaido, Japan;Ref;42.0167;143.283;;;;;;;;Keine Referenz gefunden
Classic 2004;Table Head Point, Nova Scotia, Canada;Ref;46.3235;-60.3599;;;;;;;;Keine Referenz gefunden
Classic 2004;Tacks Beach, Newfoundland, Canada;Ref;47.5814;-54.2121;;;;;;;;Keine Referenz gefunden
Classic 2004;Tadanoumi, Hirosima, Japan;Ref;34.3333;133.0;;;;;;;;Keine Referenz gefunden
Classic 2004;Tagonoura, Sizuoka, Japan;Ref;35.1333;138.7;;;;;;;;Keine Referenz gefunden
Classic 2004;Tai-No-Ura, Nagasaki, Japan;Ref;33.0833;129.75;;;;;;;;Keine Referenz gefunden
Classic 2004;Tai-No-Ura, Nagasaki, Japan (2);Ref;32.95;129.1;;;;;;;;Keine Referenz gefunden
Classic 2004;Tai, Kyoto, Japan;Ref;35.5833;135.233;;;;;;;;Keine Referenz gefunden
Classic 2004;Taisya, Simane, Japan;Ref;35.4;132.667;;;;;;;;Keine Referenz gefunden
Classic 2004;Takada, Oita, Japan;Ref;33.5833;131.433;;;;;;;;Keine Referenz gefunden
Classic 2004;Takara Sima, Kagosima, Japan;Ref;29.15;129.2;;;;;;;;Keine Referenz gefunden
Classic 2004;Takasago, Hyogo, Japan;Ref;34.7333;134.8;;;;;;;;Keine Referenz gefunden
Classic 2004;Takasima, Nagasaki, Japan;Ref;32.65;129.75;;;;;;;;Keine Referenz gefunden
Classic 2004;Takehara, Hirosima, Japan;Ref;34.3333;132.967;;;;;;;;Keine Referenz gefunden
Classic 2004;Takesiki, Nagasaki, Japan;Ref;34.3;129.3;;;;;;;;Keine Referenz gefunden
Classic 2004;Taketoyo, Aichi, Japan;Ref;34.8833;136.933;;;;;;;;Keine Referenz gefunden
Classic 2004;Takezaki Sima (Oura), Saga, Japan;Ref;32.95;130.217;TICON4;Oura, Japan;Proximity (3.0km);3.0;-188.5;2.860;4;OK
Classic 2004;Taki, Ishikawa, Japan;Ref;36.9333;136.767;;;;;;;;Keine Referenz gefunden
Classic 2004;Takihama, Ehime, Japan;Ref;33.9833;133.35;;;;;;;;Keine Referenz gefunden
Classic 2004;Tamanoura, Nagasaki, Japan;Ref;32.6167;128.617;;;;;;;;Keine Referenz gefunden
Classic 2004;Tampa Bay (Sunshine Skyway Bridge), Florida Current;Ref;27.62;-82.655;;;;;;;;Current-Station (übersprungen)
Classic 2004;Tampa Bay Entrance (Egmont Channel), Florida Current;Ref;27.605;-82.76;;;;;;;;Current-Station (übersprungen)
Classic 2004;Tampa Bay Entrance, Florida Current;Ref;27.6083;-82.7683;;;;;;;;Current-Station (übersprungen)
Classic 2004;Tampico Puerto (Madero), Tamaulipas, Mexico;Ref;22.2616;-97.7957;;;;;;;;Keine Referenz gefunden
Classic 2004;Tampico Puerto, Tamaulipas, Mexico;Ref;22.2111;-97.8586;;;;;;;;Keine Referenz gefunden
Classic 2004;Tanabe, Wakayama, Japan;Ref;33.7167;135.367;;;;;;;;Keine Referenz gefunden
Classic 2004;Tangalooma Point, Australia;Ref;-27.1833;153.3667;;;;;;;;Keine Referenz gefunden
Classic 2004;Tanoura, Hukuoka, Japan;Ref;33.95;130.983;TICON4;Miojin Hana, Japan;Proximity (2.4km);2.4;-186.2;2.603;4;OK
Classic 2004;Tanowaki, Kagosima, Japan;Ref;30.6833;131.067;;;;;;;;Keine Referenz gefunden
Classic 2004;Tanquary Camp, Nunavut, Canada;Ref;81.4;-76.9167;;;;;;;;Keine Referenz gefunden
Classic 2004;Tantabiddi, Australia;Ref;-21.9167;113.9833;;;;;;;;Keine Referenz gefunden
Classic 2004;Tapa Bay, Australia;Ref;-12.45;130.6;;;;;;;;Keine Referenz gefunden
Classic 2004;Taraku Sima, Hokkaido, Japan;Ref;43.6333;146.367;;;;;;;;Keine Referenz gefunden
Classic 2004;Tarilag Island, Endeavour Strait;Ref;-10.75;142.2333;;;;;;;;Keine Referenz gefunden
Classic 2004;Tarrytown, Hudson River, New York;Ref;41.0783;-73.87;DWF 2025;Tarrytown, Hudson River, New York;Name;;3.6;0.019;5;OK
Classic 2004;Tarumi, Hyogo, Japan;Ref;34.6167;135.067;;;;;;;;Keine Referenz gefunden
Classic 2004;Tarumizu, Kagosima, Japan;Ref;31.5;130.7;;;;;;;;Keine Referenz gefunden
Classic 2004;Tasmania Island, Nunavut, Canada;Ref;71.2;-96.4167;;;;;;;;Keine Referenz gefunden
Classic 2004;Tasu Sound, British Columbia, Canada;Ref;52.766;-132.047;;;;;;;;Keine Referenz gefunden
Classic 2004;Tateyama, Tiba, Japan;Ref;34.9833;139.85;;;;;;;;Keine Referenz gefunden
Classic 2004;Tatibana, Tokusima, Japan;Ref;33.8667;134.65;;;;;;;;Keine Referenz gefunden
Classic 2004;Tatuma Saki, Aichi, Japan;Ref;34.6667;137.083;;;;;;;;Keine Referenz gefunden
Classic 2004;Tavernier, Florida;Ref;25.005;-80.5167;DWF 2025;Tavernier Harbor, Hawk Channel, Florida;Proximity (0.0km);;-1.0;0.004;5;OK
Classic 2004;Tawara-Ga-Ura, Nagasaki, Japan;Ref;33.1167;129.667;;;;;;;;Keine Referenz gefunden
Classic 2004;Taylors Landing, Australia;Ref;-34.85;135.95;;;;;;;;Keine Referenz gefunden
Classic 2004;Te Iro Bay, South Island, New Zealand;Ref;-41.2333;174.1833;;;;;;;;Keine Referenz gefunden
Classic 2004;Telegraph Harbour, British Columbia, Canada;Ref;48.9802;-123.6777;;;;;;;;Keine Referenz gefunden
Classic 2004;Teradomari, Niigata, Japan;Ref;37.6333;138.767;;;;;;;;Keine Referenz gefunden
Classic 2004;Terazu, Aichi, Japan;Ref;34.8167;137.0;;;;;;;;Keine Referenz gefunden
Classic 2004;Tern Island, Australia;Ref;-11.0;142.75;;;;;;;;Keine Referenz gefunden
Classic 2004;Terrington Basin, Labrador, Canada;Ref;53.3442;-60.401;;;;;;;;Keine Referenz gefunden
Classic 2004;Tête-à-la-Baleine, Québec, Canada;Ref;50.68;-59.24;;;;;;;;Keine Referenz gefunden
Classic 2004;Texada Mines, British Columbia, Canada;Ref;49.7;-124.55;;;;;;;;Keine Referenz gefunden
Classic 2004;Thank God Harbour, Polaris Bugt, Greenland;Ref;81.6;-61.6333;;;;;;;;Keine Referenz gefunden
Classic 2004;The Bight, Cat Island, Bahamas;Ref;24.3167;-75.4333;;;;;;;;Keine Referenz gefunden
Classic 2004;The Folly, Hilton Head Island, South Carolina;Ref;32.1833;-80.7;;;;;;;;Keine Referenz gefunden
Classic 2004;The Narrows (North End), Puget Sound, Washington Current;Ref;47.3;-122.55;;;;;;;;Current-Station (übersprungen)
Classic 2004;The Narrows, Midchannel, New York Harbor, New York Current (2);Ref;40.61;-74.0467;;;;;;;;Current-Station (übersprungen)
Classic 2004;The Race, Long Island Sound, New York Current (2) (expired 1993-12-31);Ref;41.2367;-72.06;;;;;;;;Current-Station (übersprungen)
Classic 2004;Thistle Island, Australia;Ref;-34.95;136.35;;;;;;;;Keine Referenz gefunden
Classic 2004;Thomas Point Shoal Light, Maryland;Ref;38.9;-76.4333;DWF 2025;Thomas Point Shoal Light, Chesapeake Bay, Maryland;Proximity (0.0km);;-3.8;0.021;8;OK
Classic 2004;Thousand Ships Bay, Solomon Islands;Ref;-8.4333;159.7;;;;;;;;Keine Referenz gefunden
Classic 2004;Throg's Neck, Long Island Sound, New York Current;Ref;40.8017;-73.7883;;;;;;;;Current-Station (übersprungen)
Classic 2004;Tidnish Head, New Brunswick, Canada;Ref;45.9974;-64.0074;;;;;;;;Keine Referenz gefunden
Classic 2004;Tignish, Prince Edward Island, Canada;Ref;46.9509;-63.9938;;;;;;;;Keine Referenz gefunden
Classic 2004;Tikuzen Oosima, Hukuoka, Japan;Ref;33.9;130.433;;;;;;;;Keine Referenz gefunden
Classic 2004;Tilt Cove, Newfoundland, Canada;Ref;49.8805;-55.6238;;;;;;;;Keine Referenz gefunden
Classic 2004;Tilting Harbour, Newfoundland, Canada;Ref;49.7053;-54.062;;;;;;;;Keine Referenz gefunden
Classic 2004;Tiromo, Nagasaki, Japan;Ref;34.4;129.383;;;;;;;;Keine Referenz gefunden
Classic 2004;Titii, Simane, Japan;Ref;36.0667;133.117;;;;;;;;Keine Referenz gefunden
Classic 2004;Titusville, Indian River, Florida;Ref;28.62;-80.8;;;;;;;;Keine Referenz gefunden
Classic 2004;Tiverton (Boar's Head), St. Mary Bay, Nova Scotia (2), Canada;Ref;44.4038;-66.2152;;;;;;;;Keine Referenz gefunden
Classic 2004;Tiverton, St. Mary Bay, Nova Scotia, Canada;Ref;44.38;-66.2137;;;;;;;;Keine Referenz gefunden
Classic 2004;Tobata, Hukuoka, Japan;Ref;33.9;130.817;;;;;;;;Keine Referenz gefunden
Classic 2004;Tod Inlet, British Columbia, Canada;Ref;48.578;-123.467;;;;;;;;Keine Referenz gefunden
Classic 2004;Togi Ura, Nagasaki, Japan;Ref;32.75;128.833;;;;;;;;Keine Referenz gefunden
Classic 2004;Toguti, Okinawa, Japan;Ref;26.65;127.9;;;;;;;;Keine Referenz gefunden
Classic 2004;Toi, Hokkaido, Japan;Ref;41.7167;141.0;;;;;;;;Keine Referenz gefunden
Classic 2004;Tokasiki, Okinawa, Japan;Ref;26.2;127.367;;;;;;;;Keine Referenz gefunden
Classic 2004;Tokoname, Aichi, Japan;Ref;34.8667;136.833;;;;;;;;Keine Referenz gefunden
Classic 2004;Tom Bay, British Columbia (2), Canada;Ref;52.402;-128.264;;;;;;;;Keine Referenz gefunden
Classic 2004;Tomales Bay Entrance, California;Ref;38.2283;-122.9767;DWF 2025;Tomales Bay entrance, California;Name;0.0;-1.0;0.036;6;OK
Classic 2004;Tomamae, Hokkaido, Japan;Ref;44.3167;141.65;;;;;;;;Keine Referenz gefunden
Classic 2004;Tomari Wan, Hokkaido, Japan;Ref;43.7333;145.45;;;;;;;;Keine Referenz gefunden
Classic 2004;Tomari, Aomori, Japan;Ref;41.1;141.383;;;;;;;;Keine Referenz gefunden
Classic 2004;Tomarigauti, Oita, Japan;Ref;33.1333;131.9;;;;;;;;Keine Referenz gefunden
Classic 2004;Tomie, Nagasaki, Japan;Ref;32.6167;128.767;;;;;;;;Keine Referenz gefunden
Classic 2004;Tomioka (Amakusa), Kumamoto, Japan;Ref;32.5333;130.033;;;;;;;;Keine Referenz gefunden
Classic 2004;Tomioka (Hukusima), Fukusima, Japan;Ref;37.3167;141.033;;;;;;;;Keine Referenz gefunden
Classic 2004;Tomioka (Kii Suido), Tokusima, Japan;Ref;33.9167;134.7;;;;;;;;Keine Referenz gefunden
Classic 2004;Tomlee Bay, Nova Scotia, Canada;Ref;44.8365;-62.5873;;;;;;;;Keine Referenz gefunden
Classic 2004;Tomo, Hirosima, Japan;Ref;34.3833;133.383;;;;;;;;Keine Referenz gefunden
Classic 2004;Tonoura (Miyazaki), Miyazaki, Japan;Ref;31.5167;131.367;;;;;;;;Keine Referenz gefunden
Classic 2004;Tori Sima, Tokyo, Japan;Ref;30.4833;140.317;;;;;;;;Keine Referenz gefunden
Classic 2004;Tórshavn, Faroe Islands;Ref;62.01;-6.775;;;;;;;;Keine Referenz gefunden
Classic 2004;Tosadomari, Tokusima, Japan;Ref;34.1833;134.633;;;;;;;;Keine Referenz gefunden
Classic 2004;Tosaki, Kagosima, Japan;Ref;31.65;130.3;;;;;;;;Keine Referenz gefunden
Classic 2004;Totoro, Miyazaki, Japan;Ref;32.5;131.683;;;;;;;;Keine Referenz gefunden
Classic 2004;Town of Grand-Bouctouche, New Brunswick, Canada;Ref;46.4476;-64.6368;;;;;;;;Keine Referenz gefunden
Classic 2004;Toya, Okinawa, Japan;Ref;26.3833;127.733;;;;;;;;Keine Referenz gefunden
Classic 2004;Trail Bay, British Columbia (2), Canada;Ref;54.583;-130.357;;;;;;;;Keine Referenz gefunden
Classic 2004;Traverse St-Roch, Québec, Canada;Ref;47.4073;-70.24;;;;;;;;Keine Referenz gefunden
Classic 2004;Treadwell Bay, British Columbia (2), Canada;Ref;51.103;-127.541;;;;;;;;Keine Referenz gefunden
Classic 2004;Trenton, Delaware River, New Jersey;Ref;40.1883;-74.755;DWF 2025;Trenton Marine Terminal, Trenton, New Jersey;Proximity (0.0km);;-0.5;0.013;8;OK
Classic 2004;Trepassey Harbour, Newfoundland, Canada;Ref;46.7355;-53.3715;;;;;;;;Keine Referenz gefunden
Classic 2004;Trimouille Island, Australia;Ref;-20.3833;115.55;;;;;;;;Keine Referenz gefunden
Classic 2004;Trinity, Newfoundland, Canada;Ref;48.3721;-53.3578;;;;;;;;Keine Referenz gefunden
Classic 2004;Trois-Pistoles, Québec, Canada;Ref;48.1347;-69.1868;;;;;;;;Keine Referenz gefunden
Classic 2004;Troughton Island, Australia;Ref;-13.75;126.1333;;;;;;;;Keine Referenz gefunden
Classic 2004;Trounce Inlet, British Columbia (2), Canada;Ref;53.148;-132.322;;;;;;;;Keine Referenz gefunden
Classic 2004;Troup Passage, British Columbia (2), Canada;Ref;52.242;-128.039;;;;;;;;Keine Referenz gefunden
Classic 2004;Troup Passage, British Columbia, Canada;Ref;52.242;-128.039;;;;;;;;Keine Referenz gefunden
Classic 2004;Trout Cove, Nova Scotia, Canada;Ref;44.5513;-66.0321;;;;;;;;Keine Referenz gefunden
Classic 2004;Tryon Islet, Australia;Ref;-23.25;151.7833;;;;;;;;Keine Referenz gefunden
Classic 2004;Tu, Mie, Japan;Ref;34.7167;136.533;;;;;;;;Keine Referenz gefunden
Classic 2004;Tufi Harbour, Papua New Guinea;Ref;-9.0833;149.3167;;;;;;;;Keine Referenz gefunden
Classic 2004;Tuiyama, Hyogo, Japan;Ref;35.65;134.833;;;;;;;;Keine Referenz gefunden
Classic 2004;Tukarak, Québec, Canada;Ref;56.3167;-78.0833;;;;;;;;Keine Referenz gefunden
Classic 2004;Tukizi, Tokyo, Japan;Ref;35.6667;139.767;TICON4;Harumi (Tokyo), Tokyo, Japan;Proximity (2.0km);2.0;-152.7;1.227;3;OK
Classic 2004;Tukumi, Oita, Japan;Ref;33.0667;131.867;;;;;;;;Keine Referenz gefunden
Classic 2004;Tuna Wan, Nagasaki, Japan;Ref;34.4167;129.267;;;;;;;;Keine Referenz gefunden
Classic 2004;Tuneisi, Hirosima, Japan;Ref;34.3833;133.3;;;;;;;;Keine Referenz gefunden
Classic 2004;Turnavik Island, Labrador, Canada;Ref;55.2856;-59.3428;;;;;;;;Keine Referenz gefunden
Classic 2004;Turtle Islet, Australia;Ref;-15.5833;136.9667;;;;;;;;Keine Referenz gefunden
Classic 2004;Turtle Point, Australia;Ref;-14.8333;129.2333;;;;;;;;Keine Referenz gefunden
Classic 2004;Tusket, Nova Scotia, Canada;Ref;43.8523;-65.9759;;;;;;;;Keine Referenz gefunden
Classic 2004;Tutu, Nagasaki, Japan;Ref;34.1167;129.183;;;;;;;;Keine Referenz gefunden
Classic 2004;Tuyazaki, Hukuoka, Japan;Ref;33.7833;130.45;;;;;;;;Keine Referenz gefunden
Classic 2004;Tweed River, Australia;Ref;-28.1667;153.55;;;;;;;;Keine Referenz gefunden
Classic 2004;Twillingate, Newfoundland, Canada;Ref;49.6598;-54.7732;;;;;;;;Keine Referenz gefunden
Classic 2004;Twin Island, Torres Strait;Ref;-10.4667;142.4333;;;;;;;;Keine Referenz gefunden
Classic 2004;Twin Islands, British Columbia (2), Canada;Ref;50.03;-124.93;;;;;;;;Keine Referenz gefunden
Classic 2004;Two Hills Bay, Australia;Ref;-11.5167;132.0667;;;;;;;;Keine Referenz gefunden
Classic 2004;Two Rocks Marina, Australia;Ref;-31.5;115.5833;;;;;;;;Keine Referenz gefunden
Classic 2004;Tyosi-Gyoko, Tiba, Japan;Ref;35.7333;140.867;TICON4;Sinti (Tyosi), Tiba, Japan;Proximity (1.5km);1.5;-177.3;0.747;3;OK
Classic 2004;Tysoe Point, Nunavut/NWT, Canada;Ref;69.6167;-120.7833;;;;;;;;Keine Referenz gefunden
Classic 2004;U.S. Naval Academy, Annapolis, Maryland;Ref;38.9833;-76.48;DWF 2025;Annapolis (US Naval Academy), Severn River, Maryland;Proximity (0.1km);0.1;6.5;0.007;8;OK
Classic 2004;Uchucklesit Inlet, British Columbia (2), Canada;Ref;48.982;-124.985;;;;;;;;Keine Referenz gefunden
Classic 2004;Uchucklesit Inlet, British Columbia (3), Canada;Ref;49.0167;-125.05;;;;;;;;Keine Referenz gefunden
Classic 2004;Udono, Mie, Japan;Ref;33.7333;136.017;;;;;;;;Keine Referenz gefunden
Classic 2004;Ugaiushak Island, Alaska;Ref;56.7967;-156.8483;;;;;;;;Keine Referenz gefunden
Classic 2004;Ugusu, Sizuoka, Japan;Ref;34.85;138.767;;;;;;;;Keine Referenz gefunden
Classic 2004;Uke Sima, Kagosima, Japan;Ref;28.0333;129.233;;;;;;;;Keine Referenz gefunden
Classic 2004;Uken, Kagosima, Japan;Ref;28.2833;129.233;;;;;;;;Keine Referenz gefunden
Classic 2004;Umuda Island, Papua New Guinea;Ref;-8.5;143.7833;;;;;;;;Keine Referenz gefunden
Classic 2004;Unalaska, Alaska;Ref;53.88;-166.5367;DWF 2025;Unalaska, Dutch Harbor, Alaska;Proximity (0.3km);0.3;6.0;0.079;7;OK
Classic 2004;Ungowa, Australia;Ref;-25.5;152.9833;;;;;;;;Keine Referenz gefunden
Classic 2004;Unimak Pass (off Scotch Cap), Alaska Current;Ref;54.365;-164.8;;;;;;;;Current-Station (übersprungen)
Classic 2004;Union Seamount, British Columbia, Canada;Ref;49.5833;-132.7833;;;;;;;;Keine Referenz gefunden
Classic 2004;Unnamed Reef No. 1, Australia;Ref;-17.8667;146.7167;;;;;;;;Keine Referenz gefunden
Classic 2004;Unnamed Reef No. 2, Australia;Ref;-19.6167;149.8333;;;;;;;;Keine Referenz gefunden
Classic 2004;Unosima, Hukuoka, Japan;Ref;33.6333;131.133;;;;;;;;Keine Referenz gefunden
Classic 2004;Unten, Okinawa, Japan;Ref;26.6667;128.017;;;;;;;;Keine Referenz gefunden
Classic 2004;Uoturi Sima, Okinawa, Japan;Ref;25.7333;123.467;;;;;;;;Keine Referenz gefunden
Classic 2004;Upper Attawaspiskat, Ontario, Canada;Ref;52.9167;-82.4333;;;;;;;;Keine Referenz gefunden
Classic 2004;Upper Hell Gate (Sasanoa River, Maine) Current;Ref;43.895;-69.7717;;;;;;;;Current-Station (übersprungen)
Classic 2004;Upper Port Latour, Nova Scotia, Canada;Ref;43.5059;-65.4692;;;;;;;;Keine Referenz gefunden
Classic 2004;Uppurui Wan, Simane, Japan;Ref;35.45;132.75;;;;;;;;Keine Referenz gefunden
Classic 2004;Urago, Simane, Japan;Ref;36.0833;133.017;;;;;;;;Keine Referenz gefunden
Classic 2004;Uramu Island, Papua New Guinea;Ref;-7.6667;144.65;;;;;;;;Keine Referenz gefunden
Classic 2004;Useless Loop, Australia;Ref;-26.1333;113.4167;;;;;;;;Keine Referenz gefunden
Classic 2004;Usibuka, Kumamoto, Japan;Ref;32.2;130.017;;;;;;;;Keine Referenz gefunden
Classic 2004;Usimado, Okayama, Japan;Ref;34.6167;134.167;;;;;;;;Keine Referenz gefunden
Classic 2004;Usu Wan, Hokkaido, Japan;Ref;42.5167;140.767;;;;;;;;Keine Referenz gefunden
Classic 2004;Usuka Wan, Nagasaki, Japan;Ref;33.3833;129.533;;;;;;;;Keine Referenz gefunden
Classic 2004;Usuziri, Hokkaido, Japan;Ref;41.9333;140.95;;;;;;;;Keine Referenz gefunden
Classic 2004;Utaro, Hokkaido, Japan;Ref;41.9667;143.2;;;;;;;;Keine Referenz gefunden
Classic 2004;Utinoura, Ehime, Japan;Ref;33.3667;132.05;;;;;;;;Keine Referenz gefunden
Classic 2004;Utiumi, Miyazaki, Japan;Ref;31.75;131.467;;;;;;;;Keine Referenz gefunden
Classic 2004;Utiura Wan, Hukui, Japan;Ref;35.55;135.5;;;;;;;;Keine Referenz gefunden
Classic 2004;Utu, Yamaguti, Japan;Ref;34.7833;131.15;;;;;;;;Keine Referenz gefunden
Classic 2004;Uwama, Ehime, Japan;Ref;33.9667;132.583;;;;;;;;Keine Referenz gefunden
Classic 2004;Uzi-Yamada, Mie, Japan;Ref;34.5167;136.75;;;;;;;;Keine Referenz gefunden
Classic 2004;Vágur, Faroe Islands;Ref;61.47;-6.8;;;;;;;;Keine Referenz gefunden
Classic 2004;Valdes Island, British Columbia (2), Canada;Ref;49.058;-123.62;;;;;;;;Keine Referenz gefunden
Classic 2004;Valleyfield, Newfoundland, Canada;Ref;49.1222;-53.6079;;;;;;;;Keine Referenz gefunden
Classic 2004;Vanimo, Papua New Guinea;Ref;-2.6833;141.3;;;;;;;;Keine Referenz gefunden
Classic 2004;Venice Inlet (inside), Florida;Ref;27.1233;-82.47;DWF 2025;Venice Inlet (inside), Florida;Name;1.5;4.7;0.019;6;OK
Classic 2004;Victoria Bluff, South Carolina;Ref;32.3;-80.8;DWF 2025;Colleton River entrance, South Carolina;Proximity (2.5km);2.5;13.2;0.096;4;OK
Classic 2004;Victoria Harbour, British Columbia (3), Canada;Ref;48.4244;-123.3708;UTide CA;Victoria Harbour, British Columbia, Canada;Proximity (0.0km);;2.3;0.040;7;OK
Classic 2004;Victoria, Prince Edward Island, Canada;Ref;46.2167;-63.05;;;;;;;;Keine Referenz gefunden
Classic 2004;Vieques Passage, Puerto Rico Current (2);Ref;18.1883;-65.6183;;;;;;;;Current-Station (übersprungen)
Classic 2004;Vilano Beach Bridge, Tolomato River, Florida;Ref;29.9167;-81.3;DWF 2025;Vilano Beach ICWW, Tolomato River, Florida;Proximity (0.0km);;-5.5;0.687;4;OK
Classic 2004;Village Bay, British Columbia (2), Canada;Ref;48.8445;-123.3241;;;;;;;;Keine Referenz gefunden
Classic 2004;Vineyard Haven, Martha's Vineyard, Massachusetts;Ref;41.45;-70.6;DWF 2025;Vineyard Haven Harbor, Vineyard Haven, Massachusetts;Proximity (0.9km);0.9;16.7;0.097;6;OK
Classic 2004;Virginia Beach, Virginia;Ref;36.8433;-75.9717;DWF 2025;Virginia Beach, Virginia;Name;;-2.8;0.032;5;OK
Classic 2004;Viru, Solomon Islands;Ref;-8.5;157.75;;;;;;;;Keine Referenz gefunden
Classic 2004;Vivonne Bay, Australia;Ref;-35.9958;137.1847;;;;;;;;Keine Referenz gefunden
Classic 2004;Vopnafjörður, Iceland;Ref;65.7541;-14.8295;;;;;;;;Keine Referenz gefunden
Classic 2004;Wabasso, Indian River, Florida;Ref;27.755;-80.425;DWF 2025;Wabasso, Indian River, Florida;Name;;12.5;0.081;4;OK
Classic 2004;Wada, Hukui, Japan;Ref;35.5;135.583;;;;;;;;Keine Referenz gefunden
Classic 2004;Waddington Harbour, British Columbia (2), Canada;Ref;50.873;-124.873;;;;;;;;Keine Referenz gefunden
Classic 2004;Waddy Point, Australia;Ref;-24.9667;153.35;;;;;;;;Keine Referenz gefunden
Classic 2004;Wadomari, Kagosima, Japan;Ref;27.4;128.667;;;;;;;;Keine Referenz gefunden
Classic 2004;Wadsworth Island, Nunavut, Canada;Ref;73.4333;-95.6833;;;;;;;;Keine Referenz gefunden
Classic 2004;Wagina Island, Solomon Islands;Ref;-7.4667;157.7333;;;;;;;;Keine Referenz gefunden
Classic 2004;Wainwright Basin, British Columbia (2), Canada;Ref;54.2562;-130.2652;;;;;;;;Keine Referenz gefunden
Classic 2004;Wainwright Basin, British Columbia, Canada;Ref;54.2562;-130.2652;;;;;;;;Keine Referenz gefunden
Classic 2004;Waita, Hukuoka, Japan;Ref;33.9333;130.733;;;;;;;;Keine Referenz gefunden
Classic 2004;Wakamatu (Goto), Nagasaki, Japan;Ref;32.8833;129.017;;;;;;;;Keine Referenz gefunden
Classic 2004;Wakamatu (Kanmon), Hukuoka, Japan;Ref;33.9;130.817;;;;;;;;Keine Referenz gefunden
Classic 2004;Wakamatu-Hibikinada, Hukuoka, Japan;Ref;33.9333;130.85;;;;;;;;Keine Referenz gefunden
Classic 2004;Wakatu, Saga, Japan;Ref;33.2167;130.35;;;;;;;;Keine Referenz gefunden
Classic 2004;Wakimoto, Hokkaido, Japan;Ref;41.5667;140.417;;;;;;;;Keine Referenz gefunden
Classic 2004;Wallops Island, Virginia;Ref;37.8417;-75.4783;DWF 2025;Wallops Island, Virginia;Name;;-9.6;0.015;5;OK
Classic 2004;Walton, Nova Scotia (over keel blocks), Canada;Ref;45.2323;-64.0112;;;;;;;;Keine Referenz gefunden
Classic 2004;Waratah Bay, Australia;Ref;-38.8667;146.0;;;;;;;;Keine Referenz gefunden
Classic 2004;Waretown, Barnegat Bay, New Jersey;Ref;38.7917;-74.1817;DWF 2025;Waretown, Barnegat Bay, New Jersey;Name;111.2;-6.0;0.065;5;OK
Classic 2004;Warnbro Sound, Australia;Ref;-32.3167;115.7167;;;;;;;;Keine Referenz gefunden
Classic 2004;Warrnambool, Australia;Ref;-38.4023;142.4764;;;;;;;;Keine Referenz gefunden
Classic 2004;Washington Canal, New Jersey;Ref;40.4717;-74.3683;DWF 2025;Washington Canal, north entrance, Raritan River, New Jersey Current;Proximity (0.0km);;;;;Keine Vorhersagen
Classic 2004;Wasque Point, Chappaquiddick Island, Massachusetts;Ref;41.3633;-70.45;DWF 2025;Wasque Point, Chappaquiddick Island, Martha's Vineyard, Massachusetts;Proximity (0.0km);;0.8;0.005;4;OK
Classic 2004;Watch Hill Point, Rhode Island;Ref;41.305;-71.86;DWF 2025;Watch Hill Point, Rhode Island;Name;;-3.5;0.005;4;OK
Classic 2004;Wauwinet (outer shore), Nantucket Island, Massachusetts;Ref;41.3333;-70.0;;;;;;;;Keine Referenz gefunden
Classic 2004;Wedge Island, Australia;Ref;-35.1667;136.5667;;;;;;;;Keine Referenz gefunden
Classic 2004;Wedgeport, Nova Scotia, Canada;Ref;43.718;-65.9823;;;;;;;;Keine Referenz gefunden
Classic 2004;Weehawken, Days Point, New Jersey;Ref;40.7667;-74.0167;DWF 2025;Weehawken, Union City, Hudson River, New Jersey;Proximity (0.2km);0.2;28.4;0.059;5;OK
Classic 2004;Welcome Bay, British Columbia, Canada;Ref;49.7;-124.55;;;;;;;;Keine Referenz gefunden
Classic 2004;Welshpool, Campobello Island, New Brunswick, Canada;Ref;44.8889;-66.9576;DWF 2025;Eastport, Friar Roads, Maine Current;Proximity (2.4km);2.4;;;;Keine Vorhersagen
Classic 2004;West Advocate, Nova Scotia, Canada;Ref;45.3456;-64.8163;;;;;;;;Keine Referenz gefunden
Classic 2004;West Chop, Martha's Vineyard, Massachusetts;Ref;41.4833;-70.6017;DWF 2025;West Chop, 0.2 mi west of, Vineyard Sound, Massachusetts Current;Proximity (0.7km);0.7;;;;Keine Vorhersagen
Classic 2004;West Head, Nova Scotia, Canada;Ref;43.46;-65.6536;;;;;;;;Keine Referenz gefunden
Classic 2004;West Narrows, Nova Scotia, Canada;Ref;44.4;-66.2167;;;;;;;;Keine Referenz gefunden
Classic 2004;West Newdy Quoddy, Nova Scotia, Canada;Ref;44.904;-62.3496;;;;;;;;Keine Referenz gefunden
Classic 2004;West Palm Beach Canal, Florida;Ref;26.645;-80.045;DWF 2025;West Palm Beach Canal, Lake Worth, Florida;Proximity (0.0km);;0.4;0.006;5;OK
Classic 2004;West Point, Prince Edward Island, Canada;Ref;46.6201;-64.3718;;;;;;;;Keine Referenz gefunden
Classic 2004;West Quoddy Head, Maine;Ref;44.8167;-66.9667;;;;;;;;Keine Referenz gefunden
Classic 2004;Westport Harbor Entrance, Massachusetts;Ref;41.5083;-71.0933;DWF 2025;Westport Harbor, Westport River, Massachusetts;Proximity (0.0km);;-5.5;0.008;4;OK
Classic 2004;Westport River Entrance, Massachusetts Current;Ref;41.5083;-71.0883;;;;;;;;Current-Station (übersprungen)
Classic 2004;Westport, New Zealand;Ref;-41.75;171.6;;;;;;;;Keine Referenz gefunden
Classic 2004;Westport, St. Mary Bay, Nova Scotia, Canada;Ref;44.2639;-66.3496;;;;;;;;Keine Referenz gefunden
Classic 2004;Weynton Passage, British Columbia, Canada Current;Ref;50.6033;-126.8117;;;;;;;;Current-Station (übersprungen)
Classic 2004;Whaletown Bay, British Columbia (2), Canada;Ref;50.108;-125.052;;;;;;;;Keine Referenz gefunden
Classic 2004;Whangarei, New Zealand (2);Ref;-35.7667;174.35;;;;;;;;Keine Referenz gefunden
Classic 2004;Whapmagoostui (village), Québec, Canada;Ref;55.2667;-77.7667;;;;;;;;Keine Referenz gefunden
Classic 2004;White Bear Arm, Labrador, Canada;Ref;52.7349;-55.8297;;;;;;;;Keine Referenz gefunden
Classic 2004;White Island, Australia;Ref;-15.0667;124.6667;;;;;;;;Keine Referenz gefunden
Classic 2004;White Rock, British Columbia, Canada;Ref;49.0167;-122.8;;;;;;;;Keine Referenz gefunden
Classic 2004;Whitehead, Nova Scotia, Canada;Ref;45.2403;-61.1887;;;;;;;;Keine Referenz gefunden
Classic 2004;Wiah Point, British Columbia (2), Canada;Ref;54.112;-132.31;;;;;;;;Keine Referenz gefunden
Classic 2004;William Head, British Columbia, Canada;Ref;48.341;-123.5369;;;;;;;;Keine Referenz gefunden
Classic 2004;William Head, Washington;Ref;48.0333;-123.5333;;;;;;;;Keine Referenz gefunden
Classic 2004;Willis Island, Coral Sea;Ref;-16.2167;150.0167;;;;;;;;Keine Referenz gefunden
Classic 2004;Wilson's Beach, Campobello Island, New Brunswick, Canada;Ref;44.9318;-66.9407;;;;;;;;Keine Referenz gefunden
Classic 2004;Windsor, Nova Scotia (over keel blocks), Canada;Ref;45.0013;-64.1342;;;;;;;;Keine Referenz gefunden
Classic 2004;Windy Harbour, Australia;Ref;-34.8333;116.0333;;;;;;;;Keine Referenz gefunden
Classic 2004;Winisk, Ontario, Canada;Ref;55.2833;-85.1;;;;;;;;Keine Referenz gefunden
Classic 2004;Winter Harbour, British Columbia (2), Canada;Ref;50.513;-128.029;UTide CA;Winter Harbour, British Columbia, Canada;Proximity (0.0km);;8.2;0.079;8;OK
Classic 2004;Winter Harbour, Melville Island, Nunavut/NWT, Canada;Ref;74.7833;-110.8;;;;;;;;Keine Referenz gefunden
Classic 2004;Withnell Point, Australia;Ref;-25.5833;113.0167;;;;;;;;Keine Referenz gefunden
Classic 2004;Wood Bay, Nunavut/NWT, Canada;Ref;69.75;-128.75;;;;;;;;Keine Referenz gefunden
Classic 2004;Wood Island, Prince Edward Island, Canada;Ref;45.9529;-62.7494;DWF 2010;Wood Islands, Nova Scotia;Proximity (0.3km);0.3;10.9;0.199;8;OK
Classic 2004;Woodlark Island, Papua New Guinea;Ref;-9.25;152.9667;;;;;;;;Keine Referenz gefunden
Classic 2004;Woods Harbour, Nova Scotia, Canada;Ref;43.5293;-65.7399;;;;;;;;Keine Referenz gefunden
Classic 2004;Woods Hole Oceanographic Institute, Massachusetts;Ref;41.525;-70.6733;DWF 2025;Woods Hole, Buzzards Bay, Massachusetts;Proximity (0.2km);0.2;-1.3;0.036;7;OK
Classic 2004;Woods Hole, Massachusetts Current (use with caution);Ref;41.52;-70.685;;;;;;;;Current-Station (übersprungen)
Classic 2004;Woody Island, Newfoundland, Canada;Ref;47.7837;-54.1787;;;;;;;;Keine Referenz gefunden
Classic 2004;Wrangel Bay, Nunavut, Canada;Ref;82.0;-62.5;;;;;;;;Keine Referenz gefunden
Classic 2004;Wrangell Narrows (off Petersburg), Alaska Current;Ref;56.8167;-132.9667;;;;;;;;Current-Station (übersprungen)
Classic 2004;Yabooma Island, Australia;Ref;-11.9667;134.9;;;;;;;;Keine Referenz gefunden
Classic 2004;Yaene (Hatizyo Sima), Tokyo, Japan;Ref;33.1;139.767;;;;;;;;Keine Referenz gefunden
Classic 2004;Yagi, Iwate, Japan;Ref;40.35;141.767;;;;;;;;Keine Referenz gefunden
Classic 2004;Yahata, Hukuoka, Japan;Ref;33.8667;130.8;;;;;;;;Keine Referenz gefunden
Classic 2004;Yamada, Iwate, Japan;Ref;39.4667;141.967;;;;;;;;Keine Referenz gefunden
Classic 2004;Yamagawa, Kagosima, Japan;Ref;31.2;130.633;;;;;;;;Keine Referenz gefunden
Classic 2004;Yamba, Australia;Ref;-29.4167;153.35;TICON4;Iluka, Australia;Proximity (1.8km);1.8;-133.3;1.020;3;OK
Classic 2004;Yampi Sound, Australia;Ref;-16.0833;123.5833;;;;;;;;Keine Referenz gefunden
Classic 2004;Yanagi-No-Seto, Kumamoto, Japan;Ref;32.5333;130.417;;;;;;;;Keine Referenz gefunden
Classic 2004;Yasugi, Simane, Japan;Ref;35.4333;133.267;;;;;;;;Keine Referenz gefunden
Classic 2004;Yavaros (Isla Las Viejas), Sonora, Mexico;Ref;26.7061;-109.5135;;;;;;;;Keine Referenz gefunden
Classic 2004;Yawatahama, Ehime, Japan;Ref;33.45;132.4;;;;;;;;Keine Referenz gefunden
Classic 2004;Yo Sima, Kagawa, Japan;Ref;34.3833;133.817;TICON4;Nabe Sima, Kagawa, Japan;Proximity (0.6km);0.6;-180.8;1.780;4;OK
Classic 2004;Yobokori, Ehime, Japan;Ref;33.3833;132.083;;;;;;;;Keine Referenz gefunden
Classic 2004;Yobuko, Saga, Japan;Ref;33.55;129.883;;;;;;;;Keine Referenz gefunden
Classic 2004;Yodoe, Tottori, Japan;Ref;35.4667;133.433;;;;;;;;Keine Referenz gefunden
Classic 2004;Yokeko Point, British Columbia (2), Canada;Ref;48.4167;-122.6167;DWF 2025;Yokeko Point, Deception Pass, Washington;Proximity (0.4km);0.4;-4.8;0.268;6;OK
Classic 2004;Yokkaiti, Mie, Japan;Ref;34.95;136.633;;;;;;;;Keine Referenz gefunden
Classic 2004;Yonago, Tottori, Japan;Ref;35.4333;133.317;;;;;;;;Keine Referenz gefunden
Classic 2004;Yorke Island, British Columbia (2), Canada;Ref;50.444;-125.978;;;;;;;;Keine Referenz gefunden
Classic 2004;Yosimo, Yamaguti, Japan;Ref;34.0833;130.867;;;;;;;;Keine Referenz gefunden
Classic 2004;Yosinohama, Kurile Islands;Ref;46.2;150.517;;;;;;;;Keine Referenz gefunden
Classic 2004;Yosizu, Mie, Japan;Ref;34.2667;136.5;;;;;;;;Keine Referenz gefunden
Classic 2004;Yotuiwa, Kurile Islands;Ref;50.2833;155.917;;;;;;;;Keine Referenz gefunden
Classic 2004;Yotukura, Fukusima, Japan;Ref;37.1;141.0;;;;;;;;Keine Referenz gefunden
Classic 2004;Yunotu, Simane, Japan;Ref;35.1;132.35;;;;;;;;Keine Referenz gefunden
Classic 2004;Yura (Awazi Sima), Hyogo, Japan;Ref;34.2667;134.95;;;;;;;;Keine Referenz gefunden
Classic 2004;Yura (Kii Suido), Wakayama, Japan;Ref;33.95;135.117;;;;;;;;Keine Referenz gefunden
Classic 2004;Yura (Yamagata), Yamagata, Japan;Ref;38.7167;139.683;;;;;;;;Keine Referenz gefunden
Classic 2004;Yuriage, Miyagi, Japan;Ref;38.1667;140.967;;;;;;;;Keine Referenz gefunden
Classic 2004;Yuya, Yamaguti, Japan;Ref;34.4;130.95;;;;;;;;Keine Referenz gefunden
Classic 2004;Zaliv Kozyrevskogo, Kurile Islands;Ref;50.7167;156.2;;;;;;;;Keine Referenz gefunden
Classic 2004;Zaliv Mil'na, Kurile Islands;Ref;46.8667;151.883;;;;;;;;Keine Referenz gefunden
Classic 2004;Zaliv Tukharka, Kurile Islands;Ref;50.1833;155.65;;;;;;;;Keine Referenz gefunden
Classic 2004;Zamami, Okinawa, Japan;Ref;26.2167;127.3;;;;;;;;Keine Referenz gefunden
Classic 2004;Zariv Natalii, Kurile Islands;Ref;46.1;150.167;;;;;;;;Keine Referenz gefunden
Classic 2004;Zige, Ishikawa, Japan;Ref;37.5;137.35;;;;;;;;Keine Referenz gefunden
Classic 2004;Zizo Saki, Kagawa, Japan;Ref;34.4333;134.233;;;;;;;;Keine Referenz gefunden
Classic 2004;Zozo-No-Seto, Kumamoto, Japan;Ref;32.5833;130.467;;;;;;;;Keine Referenz gefunden
Classic 2004;Zyo-Ga-Sima, Kanagawa, Japan;Ref;35.1333;139.617;TICON4;Aburatubo, Kanagawa, Japan;Proximity (3.0km);3.0;-192.0;1.043;3;OK
Classic 2004;Þingeyri, Iceland;Ref;65.8791;-23.4924;;;;;;;;Keine Referenz gefunden
Lavergne v10;Anse de Primel, France;Ref;48.7156;-3.8142;;;;;;;;Keine Referenz gefunden
Lavergne v10;Arcachon (Jetée Eyrac), France;Ref;44.6649;-1.1635;UTide FR;Arcachon (Jetée d'Eyrac), France;Proximity (0.0km);0.0;-5.9;0.077;7;OK
Lavergne v10;Arradon, France;Ref;47.6142;-2.8294;;;;;;;;Keine Referenz gefunden
Lavergne v10;Arromanches-les-Bains, France;Ref;49.3405;-0.6224;;;;;;;;Keine Referenz gefunden
Lavergne v10;Auray (St-Goustan), France;Ref;47.6638;-2.9779;;;;;;;;Keine Referenz gefunden
Lavergne v10;Banc de Sandettié, France;Ref;51.25;2.05;;;;;;;;Keine Referenz gefunden
Lavergne v10;Barfleur, France;Ref;49.6719;-1.2577;;;;;;;;Keine Referenz gefunden
Lavergne v10;Bastia, France;Ref;42.6998;9.4541;;;;;;;;Keine Referenz gefunden
Lavergne v10;Berck Plage - Fort Mahon, France;Ref;50.3388;1.5493;;;;;;;;Keine Referenz gefunden
Lavergne v10;Binic, France;Ref;48.6011;-2.8153;;;;;;;;Keine Referenz gefunden
Lavergne v10;Biscarrosse, France;Ref;44.4449;-1.2562;;;;;;;;Keine Referenz gefunden
Lavergne v10;Braye Bay, Alderney (Channel Islands), England, United Kingdom;Ref;49.7255;-2.2;;;;;;;;Keine Referenz gefunden
Lavergne v10;Brest (Estuaire Penfeld), France;Ref;48.3786;-4.4867;UTide FR;Brest, France;Proximity (0.8km);0.8;-3.6;0.120;8;OK
Lavergne v10;Brignogan-Plage, France;Ref;48.6678;-4.3223;;;;;;;;Keine Referenz gefunden
Lavergne v10;Camaret-sur-Mer, France;Ref;48.2808;-4.5886;;;;;;;;Keine Referenz gefunden
Lavergne v10;Cap Ferret, France;Ref;44.6288;-1.2429;;;;;;;;Keine Referenz gefunden
Lavergne v10;Carantec, Château du Taureau, France;Ref;48.6757;-3.8843;;;;;;;;Keine Referenz gefunden
Lavergne v10;Carteret, France;Ref;49.3739;-1.7894;;;;;;;;Keine Referenz gefunden
Lavergne v10;Cayeux-sur-Mer, France;Ref;50.1811;1.4901;;;;;;;;Keine Referenz gefunden
Lavergne v10;Chatham (Lock Approaches), England, United Kingdom;Ref;51.3997;0.5531;;;;;;;;Keine Referenz gefunden
Lavergne v10;Cork City, Ireland;Ref;51.9005;-8.4508;;;;;;;;Keine Referenz gefunden
Lavergne v10;Courseulles-sur-Mer (Large), France;Ref;49.3364;-0.4576;;;;;;;;Keine Referenz gefunden
Lavergne v10;Dahouet, France;Ref;48.5787;-2.5696;;;;;;;;Keine Referenz gefunden
Lavergne v10;Dives-sur-Mer, France;Ref;49.2946;-0.0923;;;;;;;;Keine Referenz gefunden
Lavergne v10;Douarnenez, France;Ref;48.0993;-4.3214;;;;;;;;Keine Referenz gefunden
Lavergne v10;Erquy, France;Ref;48.6345;-2.4783;;;;;;;;Keine Referenz gefunden
Lavergne v10;Étretat, France;Ref;49.709;0.2025;;;;;;;;Keine Referenz gefunden
Lavergne v10;Fécamp, France;Ref;49.7636;0.3659;;;;;;;;Keine Referenz gefunden
Lavergne v10;Fromentine (embarcadère), France;Ref;46.8938;-2.1384;UTide FR;Fromentine (La Barre-de-Monts), France;Proximity (0.1km);0.1;11.6;0.363;8;OK
Lavergne v10;Goury, France;Ref;49.7152;-1.9458;;;;;;;;Keine Referenz gefunden
Lavergne v10;Grandcamp (Entrée chenal de Carentan), France;Ref;49.3571;-1.1709;;;;;;;;Keine Referenz gefunden
Lavergne v10;Grande-Île (Îles Chausey), France;Ref;48.8733;-1.8254;;;;;;;;Keine Referenz gefunden
Lavergne v10;Granville, France;Ref;48.8323;-1.6033;;;;;;;;Keine Referenz gefunden
Lavergne v10;Gravelines, France;Ref;51.0153;2.0942;;;;;;;;Keine Referenz gefunden
Lavergne v10;Île d'Hoedic, France;Ref;47.3443;-2.8746;;;;;;;;Keine Referenz gefunden
Lavergne v10;Île d'Houat, France;Ref;47.3928;-2.9557;;;;;;;;Keine Referenz gefunden
Lavergne v10;Île d'Ouessant (Baie De Lampaul), France;Ref;48.4542;-5.0964;;;;;;;;Keine Referenz gefunden
Lavergne v10;Île de Bréhat, France;Ref;48.8401;-3.0039;;;;;;;;Keine Referenz gefunden
Lavergne v10;Île de Sein, France;Ref;48.0393;-4.8484;;;;;;;;Keine Referenz gefunden
Lavergne v10;Île des Hébihens, France;Ref;48.6232;-2.1896;;;;;;;;Keine Referenz gefunden
Lavergne v10;Île-Molène, France;Ref;48.4023;-4.9563;;;;;;;;Keine Referenz gefunden
Lavergne v10;Îles Saint-Marcouf, France;Ref;49.4983;-1.1469;;;;;;;;Keine Referenz gefunden
Lavergne v10;L'Aber Benoît, France;Ref;48.5769;-4.6258;;;;;;;;Keine Referenz gefunden
Lavergne v10;L'Aber Ildut, France;Ref;48.4708;-4.7559;;;;;;;;Keine Referenz gefunden
Lavergne v10;L'Aber Wrac'h, France;Ref;48.5982;-4.5612;;;;;;;;Keine Referenz gefunden
Lavergne v10;L'Herbaudière (Île de Noirmoutier), France;Ref;47.0272;-2.2976;UTide FR;L'Herbaudière, France;Proximity (0.3km);0.3;6.4;0.194;8;OK
Lavergne v10;La Trinité-sur-Mer, France;Ref;47.5879;-3.0244;;;;;;;;Keine Referenz gefunden
Lavergne v10;Lacanau, France;Ref;45.0044;-1.2018;;;;;;;;Keine Referenz gefunden
Lavergne v10;Le Croisic, France;Ref;47.2991;-2.5159;;;;;;;;Keine Referenz gefunden
Lavergne v10;Le Guilvinec, France;Ref;47.7931;-4.2812;;;;;;;;Keine Referenz gefunden
Lavergne v10;Le Légué (Bouée), France;Ref;48.5666;-2.6833;;;;;;;;Keine Referenz gefunden
Lavergne v10;Le Logeo, France;Ref;47.5474;-2.846;;;;;;;;Keine Referenz gefunden
Lavergne v10;Le Palais (Belle-Île), France;Ref;47.3472;-3.1506;;;;;;;;Keine Referenz gefunden
Lavergne v10;Le Pouliguen, France;Ref;47.2743;-2.424;;;;;;;;Keine Referenz gefunden
Lavergne v10;Le Sénéquet, France;Ref;49.0914;-1.6623;;;;;;;;Keine Referenz gefunden
Lavergne v10;Le Touquet-Étaples, France;Ref;50.5153;1.561;;;;;;;;Keine Referenz gefunden
Lavergne v10;Le Tréport, France;Ref;50.0646;1.3689;;;;;;;;Keine Referenz gefunden
Lavergne v10;Les Écréhous, England, United Kingdom;Ref;49.2851;-1.9265;;;;;;;;Keine Referenz gefunden
Lavergne v10;Les Héaux-de-Bréhat, France;Ref;48.9084;-3.0863;;;;;;;;Keine Referenz gefunden
Lavergne v10;Les Minquiers (Îles Anglo-Normandes), England, United Kingdom;Ref;48.9696;-2.1403;;;;;;;;Keine Referenz gefunden
Lavergne v10;Lesconil, France;Ref;47.7957;-4.2122;;;;;;;;Keine Referenz gefunden
Lavergne v10;Lézardrieux, France;Ref;48.7907;-3.0986;;;;;;;;Keine Referenz gefunden
Lavergne v10;Locquirec, France;Ref;48.6915;-3.6444;;;;;;;;Keine Referenz gefunden
Lavergne v10;Loctudy, France;Ref;47.8359;-4.1698;;;;;;;;Keine Referenz gefunden
Lavergne v10;London Bridge (Tower Pier), England, United Kingdom;Ref;51.5079;0.0877;;;;;;;;Keine Referenz gefunden
Lavergne v10;Lorient, France;Ref;47.7418;-3.3502;;;;;;;;Keine Referenz gefunden
Lavergne v10;Mimizan, France;Ref;44.2169;-1.2977;UTide FR;Mimizan-Plage, France;Proximity (0.7km);0.7;-10.2;0.834;8;OK
Lavergne v10;Morgat, France;Ref;48.2246;-4.4972;;;;;;;;Keine Referenz gefunden
Lavergne v10;Nieuwe Waterweg, Netherlands, Current;Ref;51.9409;4.1842;;;;;;;;Current-Station (übersprungen)
Lavergne v10;Omonville-la-Rogue, France;Ref;49.7067;-1.8359;;;;;;;;Keine Referenz gefunden
Lavergne v10;Paimpol, France;Ref;48.7848;-3.0408;;;;;;;;Keine Referenz gefunden
Lavergne v10;Pénerf, France;Ref;47.5144;-2.6237;;;;;;;;Keine Referenz gefunden
Lavergne v10;Penfret (Îles de Glénan), France;Ref;47.7225;-3.9554;;;;;;;;Keine Referenz gefunden
Lavergne v10;Perros-Guirec, France;Ref;48.8193;-3.4587;;;;;;;;Keine Referenz gefunden
Lavergne v10;Phare de Cordouan, France;Ref;45.5863;-1.1731;;;;;;;;Keine Referenz gefunden
Lavergne v10;Ploumanac'h, France;Ref;48.8336;-3.487;;;;;;;;Keine Referenz gefunden
Lavergne v10;Pointe de Gatseau, France;Ref;45.8039;-1.2324;;;;;;;;Keine Referenz gefunden
Lavergne v10;Pornic, France;Ref;47.1083;-2.1112;;;;;;;;Keine Referenz gefunden
Lavergne v10;Pornichet, France;Ref;47.2582;-2.3511;;;;;;;;Keine Referenz gefunden
Lavergne v10;Port d'Étel, France;Ref;47.6574;-3.2075;;;;;;;;Keine Referenz gefunden
Lavergne v10;Port-Béni, France;Ref;48.8471;-3.1723;;;;;;;;Keine Referenz gefunden
Lavergne v10;Port-en-Bessin, France;Ref;49.3503;-0.756;;;;;;;;Keine Referenz gefunden
Lavergne v10;Port-Haliguen, France;Ref;47.4893;-3.0988;;;;;;;;Keine Referenz gefunden
Lavergne v10;Port-Joinville (Île d'Yeu), France;Ref;46.7289;-2.3476;;;;;;;;Keine Referenz gefunden
Lavergne v10;Port-Louis (Locmalo), France;Ref;47.7055;-3.3454;;;;;;;;Keine Referenz gefunden
Lavergne v10;Port-Maria, France;Ref;47.4756;-3.122;;;;;;;;Keine Referenz gefunden
Lavergne v10;Port-Navalo, France;Ref;47.5499;-2.9166;UTide FR;Le Crouesty, France;Proximity (1.8km);1.8;11.1;0.324;8;OK
Lavergne v10;Portbail, France;Ref;49.3343;-1.7001;;;;;;;;Keine Referenz gefunden
Lavergne v10;Portland, England, United Kingdom;Ref;50.5682;-2.4357;;;;;;;;Keine Referenz gefunden
Lavergne v10;Portsall, France;Ref;48.5571;-4.7066;;;;;;;;Keine Referenz gefunden
Lavergne v10;Regnéville-sur-Mer, France;Ref;49.0113;-1.5567;;;;;;;;Keine Referenz gefunden
Lavergne v10;Saint Peter Port, Guernsey (Channel Islands), England, United Kingdom;Ref;49.4561;-2.5266;;;;;;;;Keine Referenz gefunden
Lavergne v10;Saint-Armel (Le Passage), France;Ref;47.5885;-2.7178;;;;;;;;Keine Referenz gefunden
Lavergne v10;Saint-Cast, France;Ref;48.638;-2.245;;;;;;;;Keine Referenz gefunden
Lavergne v10;Saint-Germain-sur-Ay, France;Ref;49.2333;-1.5871;;;;;;;;Keine Referenz gefunden
Lavergne v10;Saint-Gilles-Croix-de-Vie, France;Ref;46.697;-1.9451;;;;;;;;Keine Referenz gefunden
Lavergne v10;Saint-Guénolé (Pointe de Penmarch), France;Ref;47.8135;-4.3839;;;;;;;;Keine Referenz gefunden
Lavergne v10;Saint-Martin-de-Ré (Île de Ré), France;Ref;46.2081;-1.3653;;;;;;;;Keine Referenz gefunden
Lavergne v10;Saint-Vaast-la-Hougue, France;Ref;49.5867;-1.262;;;;;;;;Keine Referenz gefunden
Lavergne v10;Saint-Valery-en-Caux, France;Ref;49.8729;0.7109;;;;;;;;Keine Referenz gefunden
Lavergne v10;Trébeurden, France;Ref;48.7721;-3.5867;;;;;;;;Keine Referenz gefunden
Lavergne v10;Tréguier, France;Ref;48.7868;-3.2224;;;;;;;;Keine Referenz gefunden
Lavergne v10;Tréhiguier (La Vilaine), France;Ref;47.4953;-2.4415;;;;;;;;Keine Referenz gefunden
Lavergne v10;Trez-Hir, France;Ref;48.3452;-4.7025;;;;;;;;Keine Referenz gefunden
Lavergne v10;Trouville-Deauville, France;Ref;49.3655;0.0794;;;;;;;;Keine Referenz gefunden
Lavergne v10;Tyne Rivermouth, England, United Kingdom;Ref;55.0142;-1.4052;UTide UK;North Shields, England, United Kingdom;Proximity (2.3km);2.3;1.5;0.489;8;OK
Lavergne v10;Vannes, France;Ref;47.6384;-2.7619;;;;;;;;Keine Referenz gefunden
Lavergne v10;Vieux-Boucau-les-Bains, France;Ref;43.7858;-1.4156;;;;;;;;Keine Referenz gefunden
Lavergne v10;Vlissingen, Netherlands, Current;Ref;51.4431;3.598;;;;;;;;Current-Station (übersprungen)
Lavergne v9;Cap Ferret, France, Current;Ref;44.6292;-1.2417;;;;;;;;Current-Station (übersprungen)
Lavergne v9;Chanel (La Manche), France, Current;Ref;50.3384;-1.447;;;;;;;;Current-Station (übersprungen)
Lavergne v9;Chenal du Four, France, Current;Ref;48.3596;-4.816;;;;;;;;Current-Station (übersprungen)
Lavergne v9;Concarneau, France, Current;Ref;47.8678;-3.9164;;;;;;;;Current-Station (übersprungen)
Lavergne v9;Embouchure de la Gironde, France, Current;Ref;45.6112;-1.1468;;;;;;;;Current-Station (übersprungen)
Lavergne v9;Golfe du Morbihan, France, Current;Ref;47.5746;-2.8151;;;;;;;;Current-Station (übersprungen)
Lavergne v9;Goulet de Brest, France, Current;Ref;48.341;-4.571;;;;;;;;Current-Station (übersprungen)
Lavergne v9;Le perthuis Rochellais, France, Current;Ref;46.1449;-1.1728;;;;;;;;Current-Station (übersprungen)
Lavergne v9;Passage du Fromveur, France, Current;Ref;48.4376;-5.0412;;;;;;;;Current-Station (übersprungen)
Lavergne v9;Port Tudy, France, Current;Ref;47.6446;-3.4463;;;;;;;;Current-Station (übersprungen)
Lavergne v9;Raz Blanchard, France, Current;Ref;49.7194;-2.0692;;;;;;;;Current-Station (übersprungen)
Lavergne v9;Raz de Sein, Brest, France, Current;Ref;48.0344;-4.7718;;;;;;;;Current-Station (übersprungen)
Lavergne v9;Saint-Malo, France, Current;Ref;48.6412;-2.0275;;;;;;;;Current-Station (übersprungen)
Lavergne v9;Saint-Nazaire, France, Current;Ref;47.2669;-2.2017;;;;;;;;Current-Station (übersprungen)
Lavergne v9;Venezia (Centro Maree), Italy;Ref;45.4364;12.3334;;;;;;;;Keine Referenz gefunden
