station,lat,lon,jahr,satz,datei,abstand_m,n,rms_m,max_m,zeit_min,hoehe_off_m,hub_m,reihe,eigen,ausserhalb
Aberdaron.json,52.8000,-4.7167,2026,"Aberdaron, Wales, United Kingdom",harmonics_utide_tidetables.txt,331,1357,0.1552,0.647,0,0.014,5.038,UK_tidetimes,1,nein
Aberdovey.json,52.5500,-4.0500,2026,"Aberdovey, Wales, United Kingdom",harmonics_noaa_eutt.txt,844,1357,0.3557,1.368,-50,0.43,5.125,UK_tidetimes,0,nein
Aberdovey.json,52.5500,-4.0500,2026,"Aberdovey, Wales, United Kingdom",harmonics_utide_tidetables.txt,844,1357,0.16,0.71,0,0.017,5.348,UK_tidetimes,1,nein
Aberporth.json,52.1333,-4.5500,2026,"Aberporth, Wales, United Kingdom",harmonics_utide_tidetables.txt,355,1357,0.1582,0.732,0,-0.005,5.025,UK_tidetimes,1,nein
Aberystwyth.json,52.4000,-4.0833,2026,"Aberystwyth, Wales, United Kingdom",harmonics-1997-05-25_mod.txt,1294,1357,0.1114,0.719,-10,-0.019,5.325,UK_tidetimes,0,nein
Aberystwyth.json,52.4000,-4.0833,2026,"Aberystwyth, Wales, United Kingdom",harmonics_utide_tidetables.txt,1294,1357,0.1663,0.799,-10,0.015,5.405,UK_tidetimes,1,nein
Albert_Bridge.json,51.4833,-0.1667,2026,"Albert Bridge, England, United Kingdom",harmonics_utide_tidetables.txt,0,1321,0.6155,3.177,-10,-0.086,7.305,UK_tidetimes,1,nein
Albert_Bridge.json,51.4833,-0.1667,2026,"Chelsea Bridge, England, United Kingdom",harmonics_utide_tidetables.txt,1154,1321,0.2386,1.076,-20,-0.227,6.983,UK_tidetimes,0,nein
Aldeburgh.json,52.1500,1.6000,2026,"Aldeburgh, England, United Kingdom",harmonics_utide_tidetables.txt,414,1354,0.1255,0.433,0,0.016,2.918,UK_tidetimes,1,nein
Aldeburgh.json,52.1500,1.6000,2026,"Slaughden Quay, England, United Kingdom",harmonics_utide_tidetables.txt,955,1353,0.1787,0.556,130,-0.092,2.749,UK_tidetimes,1,nein
Allington_Lock.json,51.3000,0.5000,2026,"Allington Lock, England, United Kingdom",harmonics_utide_tidetables.txt,647,1007,0.9897,3.008,-20,-0.547,3.77,UK_tidetimes,1,nein
Alloa.json,56.1000,-3.8000,2026,"Alloa, Scotland, United Kingdom",harmonics_utide_tidetables.txt,948,901,0.9911,3.182,0,-0.518,5.745,UK_tidetimes,1,nein
Amble.json,55.3333,-1.5667,2026,"Amble, England, United Kingdom",harmonics_utide_tidetables.txt,698,1357,0.1893,0.667,0,-0.03,5.229,UK_tidetimes,1,nein
Amble.json,55.3333,-1.5667,2026,"Coquet Island, England, United Kingdom",harmonics_utide_tidetables.txt,2108,1357,0.1765,0.552,-10,-0.049,5.3,UK_tidetimes,1,nein
Amlwch.json,53.4167,-4.3333,2026,"Amlwch, Wales, United Kingdom",harmonics_noaa_eutt.txt,143,1358,0.2873,0.927,-20,0.211,7.074,UK_tidetimes,0,nein
Amlwch.json,53.4167,-4.3333,2026,"Amlwch, Wales, United Kingdom",harmonics_utide_tidetables.txt,143,1358,0.2949,1.046,0,0.061,6.963,UK_tidetimes,1,nein
Annan_Waterfoot.json,54.9667,-3.2667,2026,"Annan Waterfoot, Scotland, United Kingdom",harmonics_utide_tidetables.txt,301,781,0.8967,3.317,720,-0.168,7.6,UK_tidetimes,1,nein
Anstruther_Easter.json,56.2167,-2.7000,2026,"Anstruther Easter, Scotland, United Kingdom",harmonics_noaa_eutt.txt,375,1353,0.2138,0.582,-50,-0.057,5.412,UK_tidetimes,0,nein
Anstruther_Easter.json,56.2167,-2.7000,2026,"Anstruther Easter, Scotland, United Kingdom",harmonics_utide_tidetables.txt,375,1353,0.1926,0.758,0,-0.006,5.563,UK_tidetimes,1,nein
Applecross.json,57.4333,-5.8167,2026,"Applecross, Scotland, United Kingdom",harmonics_utide_tidetables.txt,113,1356,0.1775,0.867,-10,-0.028,5.395,UK_tidetimes,1,nein
Appledore.json,51.0500,-4.2000,2026,"Appledore, Bristol Channel, England, United Kingdom",harmonics_noaa_eutt.txt,0,1361,0.343,1.053,-70,0.6,7.881,UK_tidetimes,0,nein
Appledore.json,51.0500,-4.2000,2026,"Appledore, England, United Kingdom",harmonics_utide_tidetables.txt,837,1361,0.3174,1.581,-10,-0.052,8.333,UK_tidetimes,1,nein
Arbroath.json,56.5500,-2.5833,2026,"Arbroath, Scotland, United Kingdom",harmonics_utide_tidetables.txt,612,1353,0.1877,0.772,-10,-0.001,5.588,UK_tidetimes,1,nein
Arbroath.json,56.5500,-2.5833,2026,"Arbroath, Scotland, United Kingdom",harmonics_utide_observations.txt,612,1353,0.0724,0.491,-10,0.291,5.319,UK_tidetimes,0,nein
Ardchattan_Point.json,56.4667,-5.2833,2026,"Ardchattan Point, Scotland, United Kingdom",harmonics_utide_tidetables.txt,538,1361,0.0704,0.287,0,0.0,1.969,UK_tidetimes,1,nein
Ardglass.json,54.2667,-5.6000,2026,"Ardglass, Northern Ireland, United Kingdom",harmonics_utide_tidetables.txt,665,1358,0.2174,0.757,-10,0.037,4.979,UK_tidetimes,1,nein
Ardglass.json,54.2667,-5.6000,2026,"Killough Harbour, Northern Ireland, United Kingdom",harmonics_utide_tidetables.txt,2863,1358,0.1792,0.73,-50,0.035,5.994,UK_tidetimes,1,nein
Ardnave_Point.json,55.8667,-6.3333,2026,"Ardnave Point (Islay), Scotland, United Kingdom",harmonics_utide_tidetables.txt,2802,1357,0.1404,0.678,0,-0.036,3.499,UK_tidetimes,1,nein
Ardrossan.json,55.6333,-4.8167,2026,"Ardrossan, Firth of Clyde, Scotland, United Kingdom",harmonics_noaa_eutt.txt,4,1354,0.1792,0.619,0,0.14,3.604,UK_tidetimes,0,nein
Ardrossan.json,55.6333,-4.8167,2026,"Ardrossan, Scotland, United Kingdom",harmonics_utide_tidetables.txt,971,1354,0.1744,0.807,0,0.011,3.412,UK_tidetimes,1,nein
Arklow.json,52.8000,-6.1333,2026,"Arklow, Ireland",harmonics_ticon4_worldwide.txt,1196,1361,0.0943,0.318,70,1.075,1.543,UK_tidetimes,0,nein
Arklow.json,52.8000,-6.1333,2026,"Arklow, Ireland",harmonics_utide_tidetables.txt,1196,1361,0.0352,0.122,0,0.006,1.231,UK_tidetimes,1,nein
Arnside.json,54.2000,-2.8500,2026,"Arnside, England, United Kingdom",harmonics_utide_tidetables.txt,0,679,0.5294,1.859,20,0.109,10.682,UK_tidetimes,1,nein
Arrochar.json,56.2000,-4.7500,2026,"Arrochar, Scotland, United Kingdom",harmonics_utide_tidetables.txt,216,1324,0.3556,1.882,0,-0.038,4.026,UK_tidetimes,1,nein
Ayr.json,55.4667,-4.6500,2026,"Ayr, Firth of Clyde, Scotland, United Kingdom",harmonics_noaa_eutt.txt,4,1354,0.1699,0.569,0,0.023,3.257,UK_tidetimes,0,nein
Ayr.json,55.4667,-4.6500,2026,"Ayr, Scotland, United Kingdom",harmonics_utide_tidetables.txt,635,1354,0.1612,0.735,0,0.011,3.175,UK_tidetimes,1,nein
Badcall_Bay.json,58.3167,-5.1333,2026,"Badcall Bay, Scotland, United Kingdom",harmonics_utide_tidetables.txt,659,1357,0.1521,0.685,0,-0.017,4.358,UK_tidetimes,1,nein
Baginbun_Head.json,52.1667,-6.8333,2026,"Baginbun Head, Ireland",harmonics_utide_tidetables.txt,764,1362,0.16,0.684,0,-0.029,3.549,UK_tidetimes,1,nein
Balbriggan.json,53.6167,-6.1833,2026,"Balbriggan, Ireland",harmonics_utide_tidetables.txt,555,679,0.074,0.258,-10,0.016,4.631,UK_tidetimes,1,nein
Balivanich.json,57.4833,-7.3833,2026,"Balivanich (Benbecula), Scotland, United Kingdom",harmonics_utide_tidetables.txt,923,1356,0.1617,0.753,0,-0.029,4.455,UK_tidetimes,1,nein
Ballinskelligs_Bay_Castle.json,51.8167,-10.2667,2026,"Ballinskelligs Bay Castle, Ireland",harmonics_utide_tidetables.txt,456,1361,0.1494,0.575,0,-0.03,3.471,UK_tidetimes,1,nein
Ballycastle_Bay.json,55.2000,-6.2333,2026,"Ballycastle Bay, Northern Ireland, United Kingdom",harmonics_utide_tidetables.txt,930,1361,0.0453,0.203,-10,-0.006,1.45,UK_tidetimes,1,nein
Ballycotton.json,51.8333,-8.0167,2026,"Ballycotton, Ireland",harmonics_utide_observations.txt,1258,1361,0.0863,0.311,-10,-0.144,4.271,UK_tidetimes,0,nein
Ballycrovane_Harbour.json,51.7167,-9.9500,2026,"Ballycrovane Pier, Ireland",harmonics_utide_tidetables.txt,311,1361,0.1459,0.544,-10,-0.029,3.357,UK_tidetimes,1,nein
Ballyglass_(Broadhaven).json,54.2667,-9.8833,2026,"Ballyglass (Broadhaven), Ireland",harmonics_ticon4_worldwide.txt,1595,1361,0.0615,0.317,-10,2.152,3.968,UK_tidetimes,0,nein
Ballyglass_(Broadhaven).json,54.2667,-9.8833,2026,"Ballyglass (Broadhaven), Ireland",harmonics_utide_tidetables.txt,1595,1361,0.1488,0.669,0,-0.036,3.783,UK_tidetimes,1,nein
Ballysadare_Bay_(Culleenamore).json,54.2500,-8.5833,2026,"Ballysadare Bay (Culleenamore), Ireland",harmonics_utide_tidetables.txt,1759,681,0.1648,0.36,-10,0.009,4.39,UK_tidetimes,1,nein
Baltasound_Pier.json,60.7500,-0.8333,2026,"Baltasound Pier, Scotland, United Kingdom",harmonics_utide_tidetables.txt,1010,1358,0.0939,0.338,-10,0.019,2.406,UK_tidetimes,1,nein
"Baltimore,_Ireland.json",51.4833,-9.3667,2026,"Baltimore, Ireland, Ireland",harmonics_utide_tidetables.txt,598,1362,0.1417,0.558,0,-0.027,3.062,UK_tidetimes,1,nein
Banff.json,57.6667,-2.5167,2026,"Banff, Scotland, United Kingdom",harmonics_noaa_eutt.txt,508,1353,0.0998,0.309,-40,0.73,3.601,UK_tidetimes,0,nein
Banff.json,57.6667,-2.5167,2026,"Banff, Scotland, United Kingdom",harmonics_utide_tidetables.txt,508,1353,0.1461,0.606,-10,0.023,3.615,UK_tidetimes,1,nein
Bantry.json,51.6833,-9.4667,2026,"Bantry, Ireland",harmonics_utide_tidetables.txt,415,1362,0.1386,0.491,-10,-0.027,3.085,UK_tidetimes,1,nein
Barcaldine_Pier.json,56.5333,-5.3167,2026,"Barcaldine Pier, Scotland, United Kingdom",harmonics_utide_tidetables.txt,532,1356,0.1378,0.68,0,-0.032,4.032,UK_tidetimes,1,nein
Bardsey_Island.json,52.7667,-4.7833,2026,"Bardsey Island, Wales, United Kingdom",harmonics_utide_tidetables.txt,0,1356,0.1522,0.677,-10,0.008,4.8,UK_tidetimes,1,nein
Bardsey_Island.json,52.7667,-4.7833,2026,"Bardsey Island, Wales, United Kingdom",harmonics_noaa_eutt.txt,4,1356,0.3209,0.981,-30,0.046,4.507,UK_tidetimes,0,nein
Barnstaple.json,51.0833,-4.0667,2026,"Barnstaple, England, United Kingdom",harmonics_utide_tidetables.txt,398,1323,0.2038,0.67,0,-0.077,5.302,UK_tidetimes,1,nein
Barra_(North_Bay).json,57.0000,-7.4000,2026,"North Bay, Barra, Scotland, United Kingdom",harmonics_noaa_eutt.txt,0,1357,0.1625,0.498,-40,0.451,4.318,UK_tidetimes,0,nein
Barra_(North_Bay).json,57.0000,-7.4000,2026,"Barra (North Bay), Scotland, United Kingdom",harmonics_utide_tidetables.txt,0,1357,0.1628,0.769,-10,-0.033,4.505,UK_tidetimes,1,nein
Barra_Head.json,56.7833,-7.6333,2026,"Barra Head, Scotland, United Kingdom",harmonics_utide_tidetables.txt,684,1356,0.1411,0.682,-10,-0.03,4.028,UK_tidetimes,1,nein
Barrow_(Ramsden_Dock).json,54.1000,-3.2167,2026,"Barrow-in-Furness (Ramsden Dock), England, United Kingdom",harmonics_utide_tidetables.txt,509,1357,0.0815,0.568,-10,0.012,9.673,UK_tidetimes,0,nein
Barrow_(Ramsden_Dock).json,54.1000,-3.2167,2026,"Barrow (Ramsden Dock), England, United Kingdom",harmonics_noaa_eutt.txt,1087,1357,0.3527,0.98,-10,0.148,8.871,UK_tidetimes,0,nein
Barry.json,51.3833,-3.2667,2026,"Barry, Wales, United Kingdom",harmonics-1997-05-25_mod.txt,1134,1356,0.3484,1.715,10,0.138,12.512,UK_tidetimes,0,nein
Barry.json,51.3833,-3.2667,2026,"Barry, Wales, United Kingdom",harmonics_utide_tidetables.txt,1134,1356,0.4956,2.102,-10,-0.078,12.235,UK_tidetimes,1,nein
Bartlett_Creek.json,51.3833,0.6333,2026,"Bartlett Creek, England, United Kingdom",harmonics_utide_tidetables.txt,1205,677,0.2044,0.632,-40,0.147,6.44,UK_tidetimes,1,nein
Battlesbridge.json,51.6167,0.5667,2026,"Battlesbridge, England, United Kingdom",harmonics_utide_tidetables.txt,717,676,0.2312,0.588,0,0.018,2.379,UK_tidetimes,1,nein
Bawdsey.json,52.0167,1.4333,2026,"Bawdsey, England, United Kingdom",harmonics_utide_tidetables.txt,928,1358,0.1643,0.593,0,0.018,3.405,UK_tidetimes,1,nein
Bawdsey.json,52.0167,1.4333,2026,"Orford Haven Bar, England, United Kingdom",harmonics_utide_tidetables.txt,2760,1358,0.225,0.692,-10,0.105,3.219,UK_tidetimes,1,nein
Bay_Of_Laig.json,56.9167,-6.1667,2026,"Bay Of Laig (Eigg), Scotland, United Kingdom",harmonics_utide_tidetables.txt,0,1356,0.2046,0.985,0,-0.045,4.878,UK_tidetimes,1,nein
Bay_Of_Quendale.json,59.9000,-1.3500,2026,"Bay Of Quendale (Shetlands), Scotland, United Kingdom",harmonics_utide_tidetables.txt,720,1358,0.0949,0.466,60,0.113,1.897,UK_tidetimes,1,nein
Bays_Loch.json,57.7167,-7.1667,2026,"Bays Loch (Berneray), Scotland, United Kingdom",harmonics_utide_tidetables.txt,316,1357,0.1755,0.826,-10,-0.033,5.177,UK_tidetimes,1,nein
Bays_Loch.json,57.7167,-7.1667,2026,"Bays Loch (Berneray), Scotland, United Kingdom",harmonics_utide_observations.txt,317,1357,0.0951,0.532,-20,-0.128,5.226,UK_tidetimes,0,nein
Beachley_(Aust).json,51.6000,-2.6333,2026,"Beachley (Aust), River Severn, England, United Kingdom",harmonics-1997-05-25_mod.txt,97,1356,0.7052,2.449,0,0.075,13.767,UK_tidetimes,0,nein
Beachley_(Aust).json,51.6000,-2.6333,2026,"Beachley (Aust), England, United Kingdom",harmonics_utide_tidetables.txt,97,1356,0.5192,2.391,-10,0.005,14.173,UK_tidetimes,1,nein
Beaumaris.json,53.2667,-4.0833,2026,"Beaumaris, Wales, United Kingdom",harmonics_utide_tidetables.txt,761,1358,0.3199,1.195,0,0.062,7.275,UK_tidetimes,1,nein
Bee_Ness.json,51.4167,0.6500,2026,"Bee Ness, England, United Kingdom",harmonics_utide_tidetables.txt,886,1352,0.2726,1.133,0,0.024,6.27,UK_tidetimes,1,nein
Belfast.json,54.6000,-5.9167,2026,"Belfast, Northern Ireland, United Kingdom",harmonics_noaa_eutt.txt,2,1357,0.2024,0.697,-30,0.039,3.836,UK_tidetimes,0,nein
Belfast.json,54.6000,-5.9167,2026,"Belfast (Lagan Weir), Northern Ireland, United Kingdom",harmonics-1997-05-25_mod.txt,348,1357,0.1047,0.309,-10,0.016,3.822,UK_tidetimes,0,nein
Belfast.json,54.6000,-5.9167,2026,"Belfast (Lagan Weir), Northern Ireland, United Kingdom",harmonics_utide_tidetables.txt,348,1357,0.1491,0.555,-10,0.024,3.584,UK_tidetimes,1,nein
Bembridge_Approaches.json,50.7000,-1.1000,2026,"Bembridge Approaches, England, United Kingdom",harmonics_utide_tidetables.txt,463,1354,0.1933,0.69,-10,0.035,4.274,UK_tidetimes,1,nein
Bembridge_Approaches.json,50.7000,-1.1000,2026,"Bembridge Harbour, England, United Kingdom",harmonics_utide_tidetables.txt,821,1353,1.1687,4.154,-720,0.883,4.253,UK_tidetimes,1,nein
Bembridge_Approaches.json,50.7000,-1.1000,2026,"Bembridge (Lifeboat Station), England, United Kingdom",harmonics_utide_tidetables.txt,2347,1354,0.1935,0.71,0,0.037,4.275,UK_tidetimes,1,nein
Bembridge_Harbour.json,50.7000,-1.1167,2026,"Bembridge Harbour, England, United Kingdom",harmonics_utide_tidetables.txt,945,1147,0.4643,1.985,-10,-0.115,4.253,UK_tidetimes,1,nein
Bembridge_Harbour.json,50.7000,-1.1167,2026,"Bembridge Approaches, England, United Kingdom",harmonics_utide_tidetables.txt,1623,1147,0.1709,0.511,-60,-1.361,4.274,UK_tidetimes,1,nein
Berkeley.json,51.7000,-2.5000,2026,"Berkeley, England, United Kingdom",harmonics_utide_tidetables.txt,0,1030,0.5133,2.598,0,0.003,11.171,UK_tidetimes,1,nein
Berkeley.json,51.7000,-2.5000,2026,"Sharpness Dock, England, United Kingdom",harmonics_utide_tidetables.txt,2269,1030,0.5811,2.52,10,0.055,11.082,UK_tidetimes,1,nein
Berwick.json,55.7667,-1.9833,2026,"Berwick-upon-Tweed, England, United Kingdom",harmonics_noaa_eutt.txt,1362,1357,0.1594,0.502,0,0.089,4.765,UK_tidetimes,0,nein
Berwick.json,55.7667,-1.9833,2026,"Berwick-upon-Tweed, England, United Kingdom",harmonics_utide_tidetables.txt,1362,1357,0.2054,0.783,-10,-0.007,5.016,UK_tidetimes,1,nein
Bideford.json,51.0167,-4.2000,2026,"Bideford, England, United Kingdom",harmonics_utide_tidetables.txt,309,910,0.6971,4.824,0,-0.177,8.038,UK_tidetimes,1,nein
Birkenhead_(Alfred_Dock).json,53.3917,-3.0208,2026,"Birkenhead (Alfred Dock), England, United Kingdom",harmonics_utide_tidetables.txt,1491,1357,0.4027,1.485,0,0.065,9.342,UK_tidetimes,1,nein
Black_Ball_Harbour.json,51.6000,-10.0333,2026,"Black Ball Harbour, Ireland",harmonics_utide_tidetables.txt,417,1361,0.1361,0.528,0,-0.027,3.142,UK_tidetimes,1,nein
Black_Tar.json,51.7500,-4.9000,2026,"Black Tar, Wales, United Kingdom",harmonics_utide_tidetables.txt,204,1356,0.3361,1.527,-10,-0.103,7.365,UK_tidetimes,1,nein
Blackpool.json,53.8167,-3.0667,2026,"Blackpool, England, United Kingdom",harmonics_utide_tidetables.txt,397,1358,0.3878,1.48,0,0.088,8.486,UK_tidetimes,1,nein
Blacksod_Quay.json,54.1000,-10.0667,2026,"Blacksod Quay, Ireland",harmonics_utide_tidetables.txt,441,1352,0.3067,1.469,-10,-0.078,3.897,UK_tidetimes,1,nein
Blacktoft.json,53.7000,-0.7167,2026,"Blacktoft (River Ouse), England, United Kingdom",harmonics_utide_tidetables.txt,964,1289,0.5523,2.044,-10,-0.093,6.985,UK_tidetimes,1,nein
Blakeney.json,52.9500,1.0167,2026,"Blakeney, England, United Kingdom",harmonics_utide_tidetables.txt,679,679,0.2983,0.814,-10,0.021,3.268,UK_tidetimes,1,nein
Blakeney_Bar.json,52.9833,0.9833,2026,"Blakeney Bar, England, United Kingdom",harmonics_utide_tidetables.txt,0,679,0.1235,0.471,10,0.018,6.24,UK_tidetimes,1,nein
Blyth.json,55.1167,-1.4833,2026,"Blyth, England, United Kingdom",harmonics_utide_tidetables.txt,221,1356,0.0704,0.426,-20,-0.018,5.442,UK_tidetimes,0,nein
Bofin_Harbour.json,53.6167,-10.2000,2026,"Bofin Harbour, Ireland",harmonics_utide_tidetables.txt,918,1357,0.2655,1.316,0,-0.07,3.911,UK_tidetimes,1,nein
Bognor_Regis.json,50.7833,-0.6667,2026,"Bognor Regis, England, United Kingdom",harmonics_utide_tidetables.txt,713,1354,0.245,0.866,-10,0.056,5.524,UK_tidetimes,1,nein
Bonawe.json,56.4500,-5.2167,2026,"Bonawe (Loch Etive), Scotland, United Kingdom",harmonics_utide_tidetables.txt,983,1357,0.0705,0.287,0,0.0,1.969,UK_tidetimes,1,nein
Bonawe.json,56.4500,-5.2167,2026,"Rubha Na Creige, Scotland, United Kingdom",harmonics_utide_tidetables.txt,2762,1357,0.0739,0.265,0,-0.022,2.108,UK_tidetimes,1,nein
Boscastle.json,50.6833,-4.7000,2026,"Boscastle, England, United Kingdom",harmonics_utide_tidetables.txt,876,1362,0.3038,1.246,0,-0.082,7.215,UK_tidetimes,1,nein
Bosham.json,50.8333,-0.8667,2026,"Bosham, England, United Kingdom",harmonics_utide_tidetables.txt,681,677,0.0891,0.284,-20,0.028,5.075,UK_tidetimes,1,nein
Bosham.json,50.8333,-0.8667,2026,"Itchenor, England, United Kingdom",harmonics_utide_tidetables.txt,2795,677,0.2068,0.603,-30,0.252,4.655,UK_tidetimes,1,nein
"Boston,_England.json",52.9667,-0.0167,2026,"Boston, England, United Kingdom",harmonics_noaa_eutt.txt,438,1353,0.5568,1.825,60,-0.125,7.824,UK_tidetimes,0,nein
"Boston,_England.json",52.9667,-0.0167,2026,"Boston, England, England, United Kingdom",harmonics_utide_tidetables.txt,438,1353,0.219,1.112,0,-0.024,6.857,UK_tidetimes,1,nein
Bouley_Bay.json,49.2500,-2.0833,2026,"Bouley Bay, Jersey, Channel Islands",harmonics_utide_tidetables.txt,1067,1361,0.3899,2.066,0,-0.085,11.403,UK_tidetimes,1,nein
Bovisand_Pier.json,50.3333,-4.1333,2026,"Bovisand Pier, England, United Kingdom",harmonics_utide_tidetables.txt,0,1354,0.2108,0.916,-10,-0.048,4.967,UK_tidetimes,1,nein
Bowling.json,55.9333,-4.4833,2026,"Bowling, Clyde River, Scotland, United Kingdom",harmonics_noaa_eutt.txt,4,1352,0.2147,0.605,0,0.053,4.358,UK_tidetimes,0,nein
Bowling.json,55.9333,-4.4833,2026,"Bowling, Scotland, United Kingdom",harmonics_utide_tidetables.txt,362,1352,0.2334,1.139,0,0.001,4.411,UK_tidetimes,1,nein
Bradwell_Waterside.json,51.7500,0.9000,2026,"Bradwell Waterside, England, United Kingdom",harmonics_utide_tidetables.txt,1938,1353,0.2439,1.057,0,0.02,5.416,UK_tidetimes,1,nein
Bramble_Creek.json,51.8833,1.2333,2026,"Bramble Creek, England, United Kingdom",harmonics_utide_tidetables.txt,736,1354,0.198,0.736,-10,0.029,4.483,UK_tidetimes,1,nein
Braye.json,49.7167,-2.2000,2026,"Braye, Alderney, Channel Islands",harmonics_utide_tidetables.txt,734,1360,0.2151,1.084,0,-0.024,6.444,UK_tidetimes,1,nein
Braye.json,49.7167,-2.2000,2026,"Braye Bay, Alderney, Channel Islands",harmonics-pierre-lavergne-v10_mod.txt,979,1360,0.1351,0.806,-20,0.024,6.398,UK_tidetimes,0,nein
Braye.json,49.7167,-2.2000,2026,"Braye Bay, Alderney, Channel Islands",harmonics_utide_tidetables.txt,979,1360,0.1521,0.828,-20,0.021,6.589,UK_tidetimes,0,nein
Bridgwater.json,51.1333,-3.0000,2026,"Bridgwater, England, United Kingdom",harmonics_utide_tidetables.txt,400,681,0.6996,1.686,10,0.021,3.925,UK_tidetimes,1,nein
Bridlington.json,54.0833,-0.1833,2026,"Bridlington, England, United Kingdom",harmonics_utide_tidetables.txt,493,1353,0.232,0.792,-10,-0.054,5.638,UK_tidetimes,1,nein
Bridport_(West_Bay).json,50.7167,-2.7667,2026,"West Bay (Bridport), England, United Kingdom",harmonics_literature.txt,886,1353,0.0996,0.469,-10,-0.119,4.364,UK_tidetimes,0,nein
Bridport_(West_Bay).json,50.7167,-2.7667,2026,"West Bay (Bridport), England, United Kingdom",harmonics_ticon4_worldwide.txt,888,1353,0.1063,0.505,-10,2.438,4.382,UK_tidetimes,0,nein
Brightlingsea.json,51.8000,1.0000,2026,"Brightlingsea (Colne River), England, United Kingdom",harmonics_noaa_eutt.txt,1688,1353,0.2787,0.86,-20,0.283,5.011,UK_tidetimes,0,nein
Brightlingsea.json,51.8000,1.0000,2026,"Brightlingsea (Colne River), England, United Kingdom",harmonics_utide_tidetables.txt,1688,1353,0.2463,0.983,0,0.024,5.425,UK_tidetimes,1,nein
Brighton_Marina.json,50.8167,-0.1000,2026,"Brighton Marina, England, United Kingdom",harmonics_literature.txt,552,1353,0.1009,0.404,-10,-0.147,6.712,UK_tidetimes,0,nein
Brighton_Marina.json,50.8167,-0.1000,2026,"Brighton, England, United Kingdom",harmonics_ticon4_worldwide.txt,552,1353,0.1014,0.477,-10,3.556,6.688,UK_tidetimes,0,nein
Brighton_Marina.json,50.8167,-0.1000,2026,"Brighton, England, United Kingdom",harmonics_utide_observations.txt,552,1353,0.0968,0.458,-10,3.555,6.482,UK_tidetimes,0,nein
Broadford_Bay.json,57.2500,-5.9000,2026,"Broadford Bay (Skye), Scotland, United Kingdom",harmonics_utide_tidetables.txt,453,1356,0.1899,0.937,-10,-0.033,5.802,UK_tidetimes,1,nein
Broadstairs.json,51.3667,1.4500,2026,"Broadstairs, England, United Kingdom",harmonics_utide_tidetables.txt,0,1353,0.2042,0.731,0,0.03,4.705,UK_tidetimes,1,nein
Brodick_Bay.json,55.5833,-5.1333,2026,"Brodick (Arran), Scotland, United Kingdom",harmonics_utide_tidetables.txt,595,1358,0.1628,0.594,-10,0.008,3.384,UK_tidetimes,1,nein
Brough.json,53.7167,-0.5833,2026,"Brough, England, United Kingdom",harmonics_utide_tidetables.txt,1171,1311,0.5277,2.83,-10,-0.078,6.87,UK_tidetimes,1,nein
Bruichladdich.json,55.7667,-6.3667,2026,"Bruichladdich (Islay), Scotland, United Kingdom",harmonics_utide_tidetables.txt,533,1364,0.0608,0.235,0,-0.018,1.742,UK_tidetimes,1,nein
Buckie.json,57.6833,-2.9500,2026,"Buckie, Scotland, United Kingdom",harmonics_utide_tidetables.txt,372,1353,0.1563,0.662,-10,0.031,3.878,UK_tidetimes,1,nein
Buckie.json,57.6833,-2.9500,2026,"Buckie, Scotland, United Kingdom",harmonics_utide_observations.txt,374,1353,0.0512,0.287,-10,0.142,4.246,UK_tidetimes,0,nein
Bucklers_Hard.json,50.8000,-1.4167,2026,"Bucklers Hard, England, United Kingdom",harmonics_utide_tidetables.txt,484,1354,0.1531,0.52,0,0.028,3.57,UK_tidetimes,1,nein
Bude.json,50.8333,-4.5500,2026,"Bude, England, United Kingdom",harmonics_utide_tidetables.txt,441,682,0.0934,0.333,0,0.008,8.088,UK_tidetimes,1,nein
Bulbinbeg.json,55.3667,-7.3333,2026,"Malin Head, Ireland",harmonics_utide_observations.txt,560,1354,0.0916,0.44,-10,-1.123,3.962,UK_tidetimes,0,nein
Bull_Sand_Fort.json,53.5667,0.0667,2026,"Spurn Head, England, United Kingdom",harmonics_utide_tidetables.txt,2942,1354,0.2637,1.044,-10,-0.122,6.729,UK_tidetimes,1,nein
Bunessan.json,56.3167,-6.2333,2026,"Bunessan (Mull), Scotland, United Kingdom",harmonics_utide_tidetables.txt,72,1357,0.1724,0.821,-10,-0.047,4.293,UK_tidetimes,1,nein
Bur_Wick.json,58.7333,-2.9667,2026,"Bur Wick, Scotland, United Kingdom",harmonics_utide_tidetables.txt,711,1357,0.1471,0.496,0,0.031,3.329,UK_tidetimes,1,nein
Burghead.json,57.7000,-3.5000,2026,"Burghead, Scotland, United Kingdom",harmonics_utide_tidetables.txt,223,1353,0.1547,0.687,-10,0.031,4.019,UK_tidetimes,1,nein
Burnham-On-Crouch.json,51.6167,0.8000,2026,"Burnham-On-Crouch, England, United Kingdom",harmonics_utide_tidetables.txt,1641,1314,0.4609,2.345,-10,-0.06,5.741,UK_tidetimes,1,nein
Burnham-On-Sea.json,51.2333,-3.0000,2026,"Burnham, Parrett River, England, United Kingdom",harmonics_noaa_eutt.txt,4,1306,0.6287,2.342,-50,-0.22,12.479,UK_tidetimes,0,nein
Burnham-On-Sea.json,51.2333,-3.0000,2026,"Burnham-on-Sea, England, United Kingdom",harmonics_utide_tidetables.txt,247,1306,1.2319,6.222,-10,-0.273,12.587,UK_tidetimes,1,nein
Burnham_(Overy_Staithe).json,52.9667,0.7500,2026,"Burnham (Overy Staithe), England, United Kingdom",harmonics_utide_tidetables.txt,436,679,0.3865,0.971,-30,0.036,1.911,UK_tidetimes,1,nein
Burntisland.json,56.0500,-3.2333,2026,"Burntisland, Scotland, United Kingdom",harmonics_utide_tidetables.txt,456,1353,0.0691,0.503,-10,0.0,5.735,UK_tidetimes,0,nein
Burra_Firth.json,60.8000,-0.8667,2026,"Burra Firth, Scotland, United Kingdom",harmonics_utide_tidetables.txt,690,1357,0.0949,0.354,-10,0.019,2.649,UK_tidetimes,1,nein
Burra_Voe_(Yell_Sound).json,60.5000,-1.0500,2026,"Burra Voe (Yell Sound), Scotland, United Kingdom",harmonics_utide_tidetables.txt,467,1355,0.1106,0.424,-10,0.009,2.402,UK_tidetimes,1,nein
Burray_Ness.json,58.8500,-2.8667,2026,"Burray Ness, Scotland, United Kingdom",harmonics_utide_tidetables.txt,0,1357,0.1274,0.546,-10,0.032,3.224,UK_tidetimes,1,nein
Burry_Port.json,51.6833,-4.2500,2026,"Burry Port, Wales, United Kingdom",harmonics_utide_tidetables.txt,582,1356,0.33,1.499,-10,-0.084,8.994,UK_tidetimes,1,nein
Bursledon.json,50.8833,-1.3000,2026,"Bursledon, England, United Kingdom",harmonics_utide_tidetables.txt,91,2032,0.1303,0.733,-10,-0.001,4.673,UK_tidetimes,1,nein
Burton_Stather.json,53.6500,-0.7000,2026,"Burton Stather, England, United Kingdom",harmonics_utide_tidetables.txt,673,1127,0.7768,3.528,0,-0.161,7.96,UK_tidetimes,1,nein
Burtonport.json,54.9833,-8.4333,2026,"Burtonport, Ireland",harmonics_utide_tidetables.txt,632,1361,0.1875,0.815,-10,-0.043,4.111,UK_tidetimes,1,nein
Caernarfon.json,53.1500,-4.2667,2026,"Caernarfon, Wales, United Kingdom",harmonics_utide_tidetables.txt,803,1357,0.1998,0.714,0,0.044,5.228,UK_tidetimes,1,nein
Caister-On-Sea.json,52.6500,1.7333,2026,"Caister-On-Sea, England, United Kingdom",harmonics_utide_tidetables.txt,121,1357,0.0889,0.403,0,0.004,2.719,UK_tidetimes,1,nein
Calf_Sound.json,54.0667,-4.8000,2026,"Calf Sound, Isle of Man",harmonics_utide_tidetables.txt,513,1358,0.2689,1.036,0,0.062,6.027,UK_tidetimes,1,nein
Calf_Sound.json,54.0667,-4.8000,2026,"Port Erin, Isle of Man",harmonics_ticon4_worldwide.txt,2930,1358,0.265,0.828,0,3.399,5.741,UK_tidetimes,0,nein
Calshot_Castle.json,50.8167,-1.3000,2026,"Calshot Castle, England, United Kingdom",harmonics_utide_tidetables.txt,0,2026,0.1141,0.632,-10,-0.007,4.407,UK_tidetimes,1,nein
Calshot_Castle.json,50.8167,-1.3000,2026,"Calshot Castle, England, United Kingdom",harmonics_noaa_eutt.txt,4,2026,0.3125,1.239,20,0.224,4.803,UK_tidetimes,0,nein
Campbeltown.json,55.4167,-5.6000,2026,"Campbeltown, Firth of Clyde, Scotland, United Kingdom",harmonics_noaa_eutt.txt,4,1357,0.1523,0.499,-40,0.116,3.287,UK_tidetimes,0,nein
Campbeltown.json,55.4167,-5.6000,2026,"Campbeltown (Kintyre), Scotland, United Kingdom",harmonics_utide_tidetables.txt,855,1357,0.1245,0.449,0,0.017,3.051,UK_tidetimes,1,nein
Camus_Nan_Gall.json,57.1500,-6.2167,2026,"Camus Nan Gall (Soay), Scotland, United Kingdom",harmonics_utide_tidetables.txt,514,679,0.1081,0.426,-50,0.137,5.137,UK_tidetimes,1,nein
Cape_Cornwall.json,50.1333,-5.7000,2026,"Cape Cornwall, England, United Kingdom",harmonics_utide_tidetables.txt,1039,1361,0.274,1.185,-10,-0.071,5.906,UK_tidetimes,1,nein
Cardiff.json,51.4500,-3.1667,2026,"Cardiff, Wales, United Kingdom",harmonics-1997-05-25_mod.txt,281,1356,0.3598,1.902,10,0.077,12.576,UK_tidetimes,0,nein
Cardiff.json,51.4500,-3.1667,2026,"Cardiff, Wales, United Kingdom",harmonics_utide_tidetables.txt,281,1356,0.5254,2.373,0,-0.065,12.973,UK_tidetimes,1,nein
Cardiff.json,51.4500,-3.1667,2026,"Penarth, Wales, United Kingdom",harmonics_utide_observations.txt,1710,1356,0.2533,1.363,-20,-0.148,13.073,UK_tidetimes,0,nein
Cardigan_(Town).json,52.0833,-4.6667,2026,"Cardigan (Town), Wales, United Kingdom",harmonics_utide_tidetables.txt,421,679,0.1426,0.355,30,0.091,5.124,UK_tidetimes,1,nein
Cargreen.json,50.4500,-4.2000,2026,"Cargreen, England, United Kingdom",harmonics_utide_tidetables.txt,855,1354,0.2165,0.942,0,-0.043,5.359,UK_tidetimes,1,nein
Carloway.json,58.2833,-6.7833,2026,"Carloway (Lewis), Scotland, United Kingdom",harmonics_utide_tidetables.txt,563,1356,0.146,0.686,0,-0.023,4.251,UK_tidetimes,1,nein
Carmarthen.json,51.8500,-4.3000,2026,"Carmarthen, Wales, United Kingdom",harmonics_utide_tidetables.txt,830,647,0.6962,1.6,20,0.113,1.724,UK_tidetimes,1,nein
Carnsore_Point.json,52.1667,-6.3667,2026,"Carnsore Point, Ireland",harmonics_utide_tidetables.txt,703,681,0.1405,0.376,-10,0.003,3.268,UK_tidetimes,1,nein
Carradale.json,55.6000,-5.4667,2026,"Carradale (Kintyre), Scotland, United Kingdom",harmonics_utide_tidetables.txt,819,1358,0.1757,0.761,0,0.003,3.3,UK_tidetimes,1,nein
Carrickfergus.json,54.7167,-5.8000,2026,"Carrickfergus, Northern Ireland, United Kingdom",harmonics_utide_tidetables.txt,829,1358,0.1417,0.537,-10,0.018,3.195,UK_tidetimes,1,nein
Carrigaholt.json,52.6000,-9.7000,2026,"Carrigaholt, Ireland",harmonics_utide_tidetables.txt,142,1362,0.1997,0.851,0,-0.046,4.514,UK_tidetimes,1,nein
Carsaig_Bay.json,56.0333,-5.6333,2026,"Carsaig Bay, Scotland, United Kingdom",harmonics_utide_tidetables.txt,324,1357,0.0925,0.468,30,0.042,2.117,UK_tidetimes,1,nein
Carsaig_Bay_(Mull).json,56.3167,-5.9667,2026,"Carsaig Bay (Mull), Scotland, United Kingdom",harmonics_utide_tidetables.txt,558,1357,0.1698,0.758,0,-0.045,3.929,UK_tidetimes,1,nein
Castle_Bay.json,56.9500,-7.4833,2026,"Castle Bay (Barra), Scotland, United Kingdom",harmonics_utide_tidetables.txt,465,1356,0.1638,0.762,-10,-0.035,4.643,UK_tidetimes,1,nein
Castletown_Bearhaven.json,51.6500,-9.9000,2026,"Castletown Bearhaven, Ireland",harmonics_utide_observations.txt,239,1361,0.068,0.253,-10,-0.119,3.612,UK_tidetimes,0,nein
Castletownshend.json,51.5333,-9.1667,2026,"Castletownshend, Ireland",harmonics_utide_tidetables.txt,628,1362,0.1414,0.569,0,-0.03,3.174,UK_tidetimes,1,nein
Cemaes_Bay.json,53.4167,-4.4500,2026,"Cemaes Bay, Wales, United Kingdom",harmonics_utide_tidetables.txt,285,1358,0.27,1.023,0,0.06,6.315,UK_tidetimes,1,nein
Chatham_(Lock_Approaches).json,51.4000,0.5500,2026,"Chatham (Lock Approaches), England, United Kingdom",harmonics-pierre-lavergne-v10_mod.txt,218,1347,0.3196,1.194,-10,0.136,6.914,UK_tidetimes,0,nein
Chatham_(Lock_Approaches).json,51.4000,0.5500,2026,"Chatham (Lock Approaches), England, United Kingdom",harmonics_utide_tidetables.txt,218,1347,0.3228,1.305,0,0.009,6.584,UK_tidetimes,1,nein
Cheekpoint.json,52.2667,-7.0000,2026,"Cheekpoint, Ireland",harmonics_utide_tidetables.txt,724,1362,0.1915,0.785,-10,-0.03,4.528,UK_tidetimes,1,nein
Chelsea_Bridge.json,51.4833,-0.1500,2026,"Chelsea Bridge, England, United Kingdom",harmonics_utide_tidetables.txt,0,1343,0.2165,1.109,-10,0.019,6.849,UK_tidetimes,0,nein
Chelsea_Bridge.json,51.4833,-0.1500,2026,"Albert Bridge, England, United Kingdom",harmonics_utide_tidetables.txt,1154,1343,0.7192,3.82,10,0.089,7.087,UK_tidetimes,1,nein
Chesil_Beach.json,50.6167,-2.5500,2026,"Chesil Beach, England, United Kingdom",harmonics_utide_tidetables.txt,0,1353,0.1622,0.783,0,-0.024,3.902,UK_tidetimes,1,nein
Chesil_Cove.json,50.5667,-2.4667,2026,"Chesil Cove, England, United Kingdom",harmonics_utide_tidetables.txt,0,1353,0.1555,0.585,0,-0.023,3.776,UK_tidetimes,1,nein
Chesil_Cove.json,50.5667,-2.4667,2026,"Portland, England, United Kingdom",harmonics_noaa_eutt.txt,2359,1353,0.5819,1.223,-40,1.223,2.063,UK_tidetimes,0,nein
Chester.json,53.2000,-2.9000,2026,"Chester, England, United Kingdom",harmonics_utide_tidetables.txt,972,679,0.5656,1.471,-10,0.046,3.418,UK_tidetimes,1,nein
Chichester_Harbour_(Entrance).json,50.7833,-0.9333,2026,"Chichester Harbour (Entrance), England, United Kingdom",harmonics_utide_tidetables.txt,561,1354,0.1902,0.731,-10,0.036,4.487,UK_tidetimes,1,nein
Christchurch_(Entrance).json,50.7167,-1.7500,2026,"Christchurch (Entrance), England, United Kingdom",harmonics_utide_tidetables.txt,951,1354,0.0675,0.225,0,0.022,1.623,UK_tidetimes,1,nein
Christchurch_(Entrance).json,50.7167,-1.7500,2026,"Christchurch (Quay), England, United Kingdom",harmonics_utide_tidetables.txt,2335,1354,0.2034,0.48,40,-0.093,1.094,UK_tidetimes,1,nein
Christchurch_(Quay).json,50.7333,-1.7667,2026,"Christchurch (Quay), England, United Kingdom",harmonics_utide_tidetables.txt,677,1353,0.0582,0.255,0,0.015,1.078,UK_tidetimes,1,nein
Christchurch_(Quay).json,50.7333,-1.7667,2026,"Christchurch (Tuckton), England, United Kingdom",harmonics_utide_tidetables.txt,1547,1353,0.0917,0.364,0,0.135,1.168,UK_tidetimes,1,nein
Christchurch_(Quay).json,50.7333,-1.7667,2026,"Christchurch (Entrance), England, United Kingdom",harmonics_utide_tidetables.txt,2040,1353,0.1074,0.368,30,0.089,1.603,UK_tidetimes,1,nein
Christchurch_(Tuckton).json,50.7333,-1.7833,2026,"Christchurch (Tuckton), England, United Kingdom",harmonics_utide_tidetables.txt,530,1349,0.0595,0.308,-10,0.019,1.151,UK_tidetimes,1,nein
Christchurch_(Tuckton).json,50.7333,-1.7833,2026,"Christchurch (Quay), England, United Kingdom",harmonics_utide_tidetables.txt,665,1349,0.0779,0.261,-10,-0.098,1.094,UK_tidetimes,1,nein
Clacton-On-Sea.json,51.7833,1.1667,2026,"Clacton-On-Sea, England, United Kingdom",harmonics_utide_tidetables.txt,567,1354,0.2062,0.817,0,0.033,4.778,UK_tidetimes,1,nein
Clare_Island.json,53.8000,-9.9500,2026,"Clare Island (Ferry), Ireland",harmonics_utide_tidetables.txt,94,1361,0.1825,0.804,-10,-0.043,4.327,UK_tidetimes,1,nein
Cleavel_Point.json,50.6667,-2.0000,2026,"Cleavel Point, England, United Kingdom",harmonics_utide_tidetables.txt,0,1354,0.1742,0.634,-140,0.26,2.385,UK_tidetimes,1,nein
Cleavel_Point.json,50.6667,-2.0000,2026,"Pottery Pier (Brownsea Island), England, United Kingdom",harmonics_utide_tidetables.txt,2999,1354,0.1635,0.421,-20,-0.004,1.98,UK_tidetimes,1,nein
Clevedon.json,51.4500,-2.8667,2026,"Clevedon, England, United Kingdom",harmonics_utide_tidetables.txt,696,1356,0.5553,2.392,0,-0.059,13.478,UK_tidetimes,1,nein
Clifden_Bay.json,53.4833,-10.0667,2026,"Clifden Bay, Ireland",harmonics_utide_tidetables.txt,1024,681,0.0957,0.295,-10,0.002,4.843,UK_tidetimes,1,nein
Clonakilty_Bay.json,51.5833,-8.8333,2026,"Clonakilty Bay, Ireland",harmonics_utide_tidetables.txt,1947,681,0.0534,0.256,-30,0.043,4.029,UK_tidetimes,1,nein
Clovelly.json,51.0000,-4.4000,2026,"Clovelly, England, United Kingdom",harmonics_utide_tidetables.txt,234,1361,0.3349,1.447,-10,-0.091,8.633,UK_tidetimes,1,nein
Clydebank_(Rothesay_Dock).json,55.9000,-4.4000,2026,"Clydebank (Rothesay Dock), Scotland, United Kingdom",harmonics_utide_tidetables.txt,759,1356,0.1965,0.871,-10,0.021,4.684,UK_tidetimes,1,nein
Clydebank_(Rothesay_Dock).json,55.9000,-4.4000,2026,"Renfrew (River Clyde), Scotland, United Kingdom",harmonics_utide_observations.txt,1942,1356,0.1129,0.559,-10,-0.257,4.921,UK_tidetimes,0,nein
Cobh.json,51.8500,-8.3000,2026,"Cobh, Ireland",harmonics-1997-05-25_mod.txt,431,1361,0.1301,0.504,-10,-0.121,4.519,UK_tidetimes,0,nein
Cobh.json,51.8500,-8.3000,2026,"Cobh, Ireland",harmonics_utide_tidetables.txt,431,1361,0.1843,0.741,-10,-0.028,3.97,UK_tidetimes,1,nein
Cobh.json,51.8500,-8.3000,2026,"Ringaskiddy (NMCI), Ireland",harmonics_ticon4_worldwide.txt,1712,1361,0.0752,0.25,-20,2.233,4.404,UK_tidetimes,0,nein
Cockenzie.json,55.9667,-2.9500,2026,"Cockenzie and Port Seton, Scotland, United Kingdom",harmonics_utide_tidetables.txt,755,679,0.073,0.233,-60,0.212,5.753,UK_tidetimes,1,nein
Colchester.json,51.8833,0.9333,2026,"Colchester, England, United Kingdom",harmonics_utide_tidetables.txt,575,677,0.1479,0.518,-10,0.027,4.439,UK_tidetimes,0,nein
Coleraine.json,55.1333,-6.6667,2026,"Coleraine, Northern Ireland, United Kingdom",harmonics_utide_tidetables.txt,569,1360,0.0872,0.407,0,-0.013,2.459,UK_tidetimes,1,nein
Colwyn_Bay.json,53.3000,-3.7167,2026,"Colwyn Bay, Wales, United Kingdom",harmonics_utide_tidetables.txt,333,679,0.0874,0.349,-30,0.087,8.169,UK_tidetimes,1,nein
Coney_Island.json,52.7167,-8.9833,2026,"Coney Island, Ireland",harmonics_utide_tidetables.txt,662,681,0.1987,0.534,20,0.028,5.691,UK_tidetimes,1,nein
Connahs_Quay.json,53.2167,-3.0500,2026,"Connah's Quay, Wales, United Kingdom",harmonics_utide_tidetables.txt,690,679,0.3777,1.047,0,0.026,4.49,UK_tidetimes,1,nein
Connel.json,56.4500,-5.4000,2026,"Connel, Scotland, United Kingdom",harmonics_utide_tidetables.txt,800,1356,0.1272,0.591,0,-0.032,3.513,UK_tidetimes,1,nein
Connel.json,56.4500,-5.4000,2026,"Dunstaffnage Bay, Scotland, United Kingdom",harmonics_utide_tidetables.txt,1973,1356,0.1088,0.406,-50,-0.257,3.939,UK_tidetimes,1,nein
Conwy.json,53.2833,-3.8333,2026,"Conwy, Wales, United Kingdom",harmonics_utide_tidetables.txt,403,1358,0.3291,1.197,0,0.06,7.348,UK_tidetimes,1,nein
Coquet_Island.json,55.3333,-1.5333,2026,"Coquet Island, England, United Kingdom",harmonics_utide_tidetables.txt,0,1357,0.1967,0.686,0,-0.03,5.301,UK_tidetimes,1,nein
Coquet_Island.json,55.3333,-1.5333,2026,"Amble, England, United Kingdom",harmonics_utide_tidetables.txt,2526,1357,0.236,0.758,0,-0.008,5.23,UK_tidetimes,1,nein
Cork_City.json,51.9000,-8.4500,2026,"Cork City, Ireland",harmonics-pierre-lavergne-v10_mod.txt,78,1361,0.1763,0.628,-20,0.207,4.521,UK_tidetimes,0,nein
Cork_City.json,51.9000,-8.4500,2026,"Cork City, Ireland",harmonics_utide_tidetables.txt,78,1361,0.1947,0.816,0,-0.031,4.225,UK_tidetimes,1,nein
Corpach.json,56.8500,-5.1167,2026,"Corpach, Scotland, United Kingdom",harmonics_utide_tidetables.txt,1010,1357,0.1609,0.894,0,-0.037,4.141,UK_tidetimes,1,nein
Corpach.json,56.8500,-5.1167,2026,"Corpach, Scotland, United Kingdom",harmonics_utide_observations.txt,1010,1357,0.0961,0.523,-10,-0.079,4.478,UK_tidetimes,0,nein
Corran.json,56.7167,-5.2333,2026,"Corran, Scotland, United Kingdom",harmonics_utide_tidetables.txt,889,1357,0.1713,0.776,0,-0.038,4.341,UK_tidetimes,1,nein
Coryton.json,51.5000,0.5167,2026,"Coryton, England, United Kingdom",harmonics_utide_tidetables.txt,911,1357,0.1384,0.841,-10,-0.027,6.4,UK_tidetimes,0,nein
Cotehele_Quay.json,50.4833,-4.2167,2026,"Cotehele Quay, England, United Kingdom",harmonics_utide_tidetables.txt,961,1353,0.2052,0.88,0,-0.045,4.803,UK_tidetimes,1,nein
Coulport.json,56.0500,-4.8833,2026,"Coulport, Scotland, United Kingdom",harmonics_utide_tidetables.txt,243,1352,0.2489,1.252,0,-0.009,3.841,UK_tidetimes,1,nein
Courtmacsherry.json,51.6333,-8.7167,2026,"Courtmacsherry, Ireland",harmonics_utide_tidetables.txt,543,1362,0.168,0.664,-10,-0.029,3.755,UK_tidetimes,1,nein
Courtown.json,52.6500,-6.2167,2026,"Courtown, Ireland",harmonics_utide_tidetables.txt,917,1360,0.1223,0.354,90,0.159,1.3,UK_tidetimes,1,nein
Coverack.json,50.0167,-5.1000,2026,"Coverack, England, United Kingdom",harmonics_utide_tidetables.txt,814,1354,0.2243,0.94,-10,-0.042,5.218,UK_tidetimes,1,nein
Cowes.json,50.7667,-1.3000,2026,"Cowes (Isle of Wight), England, United Kingdom",harmonics_utide_tidetables.txt,0,2029,0.0997,0.53,-10,-0.004,4.257,UK_tidetimes,1,nein
Cowes.json,50.7667,-1.3000,2026,"Cowes (Isle of Wight), England, United Kingdom",harmonics_noaa_eutt.txt,4,2029,0.3046,1.433,30,0.87,4.651,UK_tidetimes,0,nein
Craighouse.json,55.8333,-5.9500,2026,"Craighouse (Jura), Scotland, United Kingdom",harmonics_utide_tidetables.txt,83,1320,0.0743,0.363,0,-0.023,0.977,UK_tidetimes,1,nein
Craignure.json,56.4667,-5.7000,2026,"Craignure (Mull), Scotland, United Kingdom",harmonics_utide_tidetables.txt,597,1356,0.1554,0.722,0,-0.038,4.036,UK_tidetimes,1,nein
Cranfield_Point.json,54.0167,-6.0667,2026,"Cranfield Point, Northern Ireland, United Kingdom",harmonics_noaa_eutt.txt,727,1357,0.2249,0.739,30,0.384,5.027,UK_tidetimes,0,nein
Cranfield_Point.json,54.0167,-6.0667,2026,"Cranfield Point, Northern Ireland, United Kingdom",harmonics_utide_tidetables.txt,727,1357,0.1995,0.755,0,0.03,4.605,UK_tidetimes,1,nein
Cranford_Bay.json,55.1500,-7.7000,2026,"Cranford Bay, Ireland",harmonics_utide_tidetables.txt,293,680,0.0869,0.314,30,0.042,1.717,UK_tidetimes,1,nein
Criccieth.json,52.9167,-4.2333,2026,"Criccieth, Wales, United Kingdom",harmonics_utide_tidetables.txt,273,1356,0.179,0.591,0,0.005,5.595,UK_tidetimes,1,nein
Cromane_Point.json,52.1333,-9.9000,2026,"Cromane Point, Ireland",harmonics_utide_tidetables.txt,646,1362,0.1863,0.739,-10,-0.038,4.127,UK_tidetimes,1,nein
Cromarty.json,57.7000,-4.0500,2026,"Cromarty, Scotland, United Kingdom",harmonics_utide_observations.txt,2029,1357,0.1191,0.538,-10,0.059,4.473,UK_tidetimes,0,nein
Cromarty.json,57.7000,-4.0500,2026,"Cromarty, Scotland, United Kingdom",harmonics_utide_tidetables.txt,2031,1357,0.168,0.721,0,0.038,4.483,UK_tidetimes,1,nein
Crookhaven.json,51.4667,-9.7333,2026,"Crookhaven, Ireland",harmonics_utide_tidetables.txt,576,1362,0.145,0.564,0,-0.027,3.262,UK_tidetimes,1,nein
Culdaff_Bay.json,55.3000,-7.1500,2026,"Culdaff Bay, Ireland",harmonics_utide_tidetables.txt,204,681,0.0878,0.433,100,0.287,3.18,UK_tidetimes,1,nein
Cullivoe_(Bluemull_Sound).json,60.7000,-1.0000,2026,"Cullivoe (Bluemull Sound), Scotland, United Kingdom",harmonics_utide_tidetables.txt,299,1357,0.0885,0.279,-10,0.014,2.304,UK_tidetimes,1,nein
Culmore_Point.json,55.0500,-7.2500,2026,"Culmore Point, Northern Ireland, United Kingdom",harmonics_utide_tidetables.txt,465,1361,0.095,0.45,0,-0.01,2.936,UK_tidetimes,1,nein
Culmore_Point.json,55.0500,-7.2500,2026,"River Foyle (Lisahally), Northern Ireland, United Kingdom",harmonics_utide_tidetables.txt,1043,1361,0.0852,0.322,-20,-0.032,3.053,UK_tidetimes,1,nein
Cumberland_Basin_Entrance.json,51.4500,-2.6167,2026,"Cumberland Basin Entrance, England, United Kingdom",harmonics_utide_tidetables.txt,431,679,0.3625,1.177,10,0.024,10.615,UK_tidetimes,1,nein
Cushendun.json,55.1333,-6.0333,2026,"Cushendun, Northern Ireland, United Kingdom",harmonics_utide_tidetables.txt,986,1362,0.0793,0.325,-10,0.011,1.841,UK_tidetimes,1,nein
Dale_Roads.json,51.7000,-5.1500,2026,"Dale Roads, Wales, United Kingdom",harmonics_utide_tidetables.txt,1443,1357,0.3557,1.712,-10,-0.091,7.107,UK_tidetimes,1,nein
Darnett_Ness.json,51.4000,0.6000,2026,"Darnett Ness, England, United Kingdom",harmonics_utide_tidetables.txt,879,1352,0.2772,1.132,0,0.02,6.265,UK_tidetimes,1,nein
Darnett_Ness.json,51.4000,0.6000,2026,"Bartlett Creek, England, United Kingdom",harmonics_utide_tidetables.txt,1814,1352,0.2057,0.958,0,0.041,6.389,UK_tidetimes,1,nein
Dartmouth.json,50.3500,-3.5833,2026,"Dartmouth, England, United Kingdom",harmonics_noaa_eutt.txt,452,1353,0.2428,0.829,-40,0.038,4.681,UK_tidetimes,0,nein
Dartmouth.json,50.3500,-3.5833,2026,"Dartmouth, England, United Kingdom",harmonics_utide_tidetables.txt,452,1353,0.2093,0.933,-10,-0.047,4.94,UK_tidetimes,1,nein
Deal.json,51.2167,1.4167,2026,"Deal, England, United Kingdom",harmonics_utide_observations.txt,943,1353,0.106,0.518,-10,0.075,6.205,UK_tidetimes,0,nein
Deal.json,51.2167,1.4167,2026,"Deal, England, United Kingdom",harmonics_ticon4_worldwide.txt,944,1353,0.1113,0.533,-10,3.567,6.294,UK_tidetimes,0,nein
Deal.json,51.2167,1.4167,2026,"Deal, England, United Kingdom",harmonics_literature.txt,947,1353,0.1035,0.625,0,0.048,6.34,UK_tidetimes,0,nein
Deer_Sound.json,58.9667,-2.8333,2026,"Deer Sound, Scotland, United Kingdom",harmonics_utide_tidetables.txt,978,1358,0.1204,0.486,-10,0.029,3.071,UK_tidetimes,1,nein
Dell_Quay.json,50.8167,-0.8167,2026,"Dell Quay, England, United Kingdom",harmonics_utide_tidetables.txt,282,677,0.0903,0.326,-20,0.028,5.077,UK_tidetimes,1,nein
Dingwall_(Cromarty_Firth).json,57.6000,-4.4167,2026,"Dingwall (Cromarty Firth), Scotland, United Kingdom",harmonics_utide_tidetables.txt,0,679,0.2104,0.863,10,0.029,4.901,UK_tidetimes,1,nein
Donaghadee.json,54.6500,-5.5333,2026,"Donaghadee, Northern Ireland, United Kingdom",harmonics_noaa_eutt.txt,576,1358,0.2297,0.689,-30,0.018,4.463,UK_tidetimes,0,nein
Donaghadee.json,54.6500,-5.5333,2026,"Donaghadee, Northern Ireland, United Kingdom",harmonics_utide_tidetables.txt,576,1358,0.1762,0.644,-10,0.026,3.959,UK_tidetimes,1,nein
Donegal_Harbour_(Salt_Hill_Quay).json,54.6333,-8.2000,2026,"Donegal Harbour (Salt Hill Quay), Ireland",harmonics_utide_tidetables.txt,492,681,0.1592,0.365,0,0.002,4.282,UK_tidetimes,1,nein
Dornie_Bridge.json,57.2833,-5.5167,2026,"Dornie (Loch Long Bridge), Scotland, United Kingdom",harmonics_utide_tidetables.txt,584,1357,0.1754,0.935,0,-0.022,5.413,UK_tidetimes,1,nein
Douglas.json,54.1500,-4.4670,2026,"Douglas, Isle of Man",harmonics_noaa_eutt.txt,284,1355,0.3171,1.211,-30,-0.099,6.662,UK_tidetimes,0,nein
Douglas.json,54.1500,-4.4670,2026,"Douglas, Isle of Man",harmonics_utide_tidetables.txt,284,1355,0.2935,1.081,0,0.03,7.129,UK_tidetimes,1,nein
Downies_Bay.json,55.1833,-7.8333,2026,"Downings Harbour, Ireland",harmonics_utide_tidetables.txt,904,681,0.151,0.428,-20,0.003,4.459,UK_tidetimes,1,nein
Downies_Bay.json,55.1833,-7.8333,2026,"Fanny's Bay, Ireland",harmonics_utide_tidetables.txt,2089,681,0.1611,0.462,40,0.966,3.239,UK_tidetimes,1,nein
Drummore.json,54.7000,-4.8833,2026,"Drummore, Scotland, United Kingdom",harmonics_utide_tidetables.txt,985,1357,0.2619,0.997,0,0.047,5.859,UK_tidetimes,1,nein
Drummore.json,54.7000,-4.8833,2026,"Drummore, Wigtown Bay, Scotland, United Kingdom",harmonics_noaa_eutt.txt,1857,1357,0.2559,0.793,-30,0.099,5.693,UK_tidetimes,0,nein
Dublin_(North_Wall).json,53.3500,-6.2167,2026,"Dublin Port, Ireland",harmonics_utide_observations.txt,582,1357,0.0564,0.196,-20,-0.097,4.303,UK_tidetimes,0,nein
Dublin_Bar.json,53.3500,-6.1500,2026,"Dublin Bar, Ireland",harmonics_utide_tidetables.txt,0,1362,0.1639,0.655,0,0.027,3.819,UK_tidetimes,1,nein
Duddon_Bar.json,54.1500,-3.3333,2026,"Duddon Bar, England, United Kingdom",harmonics_utide_tidetables.txt,0,1358,0.3797,1.446,0,0.085,8.363,UK_tidetimes,1,nein
Dun_Laoghaire.json,53.3000,-6.1333,2026,"Dún Laoghaire, Ireland",harmonics_noaa_eutt.txt,290,1361,0.2354,0.787,-20,0.266,4.169,UK_tidetimes,0,nein
Dun_Laoghaire.json,53.3000,-6.1333,2026,"Dun Laoghaire, Ireland",harmonics_utide_tidetables.txt,290,1361,0.1693,0.679,-10,0.023,4.083,UK_tidetimes,1,nein
Dunany_Point.json,53.8667,-6.2333,2026,"Dunany Point, Ireland",harmonics_utide_tidetables.txt,780,679,0.1357,0.641,-90,0.429,5.285,UK_tidetimes,1,nein
Dunbar.json,56.0060,-2.5170,2026,"Dunbar, Scotland, United Kingdom",harmonics_noaa_eutt.txt,13,1357,0.1833,0.598,-20,-0.007,5.156,UK_tidetimes,0,nein
Dunbar.json,56.0060,-2.5170,2026,"Dunbar, Scotland, United Kingdom",harmonics_utide_tidetables.txt,13,1357,0.1924,0.787,0,-0.011,5.562,UK_tidetimes,1,nein
Dunbeacon_Harbour.json,51.6167,-9.5500,2026,"Dunbeacon (Durrus), Ireland",harmonics_utide_tidetables.txt,1400,1361,0.1452,0.563,-10,-0.027,3.203,UK_tidetimes,1,nein
Duncansby_Head.json,58.6500,-3.0333,2026,"Duncansby Head, Scotland, United Kingdom",harmonics_utide_tidetables.txt,789,679,0.0475,0.187,-10,-1.92,3.239,UK_tidetimes,1,nein
Dundalk.json,54.0000,-6.3833,2026,"Dundalk, Ireland",harmonics_ticon4_worldwide.txt,896,1361,0.1886,0.673,0,2.957,4.755,UK_tidetimes,0,nein
Dundalk.json,54.0000,-6.3833,2026,"Dundalk, Ireland",harmonics_utide_tidetables.txt,896,1361,0.2169,0.826,0,0.032,5.034,UK_tidetimes,1,nein
Dundee.json,56.4500,-2.9667,2026,"Dundee, Tay River, Scotland, United Kingdom",harmonics_noaa_eutt.txt,1663,1353,0.1763,0.525,-10,0.199,5.2,UK_tidetimes,0,nein
Dundee.json,56.4500,-2.9667,2026,"Dundee, Scotland, United Kingdom",harmonics-1997-05-25_mod.txt,1685,1353,0.1584,0.66,-10,0.205,5.423,UK_tidetimes,0,nein
Dundee.json,56.4500,-2.9667,2026,"Dundee, Scotland, United Kingdom",harmonics_utide_tidetables.txt,1685,1353,0.1994,0.776,0,-0.021,5.618,UK_tidetimes,1,nein
Dundee.json,56.4500,-2.9667,2026,"Newport-on-Tay, Scotland, United Kingdom",harmonics_utide_observations.txt,1890,1353,0.0816,0.618,0,0.388,5.482,UK_tidetimes,0,nein
Dungeness.json,50.9167,0.9667,2026,"Dungeness, England, United Kingdom",harmonics_noaa_eutt.txt,696,1354,0.3878,1.258,-30,0.544,7.645,UK_tidetimes,0,nein
Dungeness.json,50.9167,0.9667,2026,"Dungeness, England, United Kingdom",harmonics_utide_tidetables.txt,696,1354,0.3257,1.045,0,0.056,7.432,UK_tidetimes,1,nein
Dunkerron_Harbour.json,51.8667,-9.6500,2026,"Dunkerron (Kenmare), Ireland",harmonics_utide_tidetables.txt,1401,1362,0.1623,0.606,0,-0.033,3.806,UK_tidetimes,1,nein
Dunmanus_Harbour.json,51.5333,-9.6667,2026,"Dunmanus Harbour, Ireland",harmonics_utide_tidetables.txt,796,1362,0.1421,0.579,0,-0.027,3.225,UK_tidetimes,1,nein
Dunmore_East.json,52.1500,-6.9833,2026,"Dunmore East, Ireland",harmonics_utide_observations.txt,640,1361,0.0826,0.272,-20,-0.035,4.302,UK_tidetimes,0,nein
Dunstaffnage_Bay.json,56.4500,-5.4333,2026,"Dunstaffnage Bay, Scotland, United Kingdom",harmonics_utide_tidetables.txt,77,1357,0.1474,0.714,0,-0.039,3.939,UK_tidetimes,1,nein
Dunstaffnage_Bay.json,56.4500,-5.4333,2026,"Connel, Scotland, United Kingdom",harmonics_utide_tidetables.txt,2646,1357,0.2359,0.846,10,0.195,3.513,UK_tidetimes,1,nein
Dury_Voe.json,60.3500,-1.1667,2026,"Dury Voe, Scotland, United Kingdom",harmonics_utide_tidetables.txt,2072,1330,0.1416,0.914,0,-0.01,2.37,UK_tidetimes,1,nein
E._Loch_Tarbert.json,57.9000,-6.8000,2026,"East Loch Tarbert, Scotland, United Kingdom",harmonics_noaa_eutt.txt,0,1357,0.1946,0.559,-40,0.604,4.963,UK_tidetimes,0,nein
E._Loch_Tarbert.json,57.9000,-6.8000,2026,"Tarbert (Harris), Scotland, United Kingdom",harmonics_utide_tidetables.txt,347,1357,0.177,0.87,-10,-0.037,5.375,UK_tidetimes,1,nein
East_Loch_Tarbert.json,55.8667,-5.4000,2026,"East Loch Tarbert, Scotland, United Kingdom",harmonics_utide_tidetables.txt,736,1346,0.2496,1.388,-10,-0.005,3.852,UK_tidetimes,1,nein
East_Loch_Tarbert.json,55.8667,-5.4000,2026,"East Loch Tarbert, Scotland, United Kingdom",harmonics_utide_observations.txt,737,1346,0.2313,0.615,0,-0.009,3.73,UK_tidetimes,0,nein
Eastbourne.json,50.7667,0.3000,2026,"Eastbourne, England, United Kingdom",harmonics_noaa_eutt.txt,325,1354,0.3655,1.366,-10,0.437,7.098,UK_tidetimes,0,nein
Eastbourne.json,50.7667,0.3000,2026,"Eastbourne, England, United Kingdom",harmonics_utide_tidetables.txt,325,1354,0.324,1.105,-10,0.064,7.146,UK_tidetimes,1,nein
Eastham.json,53.3167,-2.9500,2026,"Eastham, England, United Kingdom",harmonics_noaa_eutt.txt,684,1357,0.4193,1.251,-10,-0.039,9.629,UK_tidetimes,0,nein
Eastham.json,53.3167,-2.9500,2026,"Eastham, England, United Kingdom",harmonics_utide_tidetables.txt,684,1357,0.435,1.77,0,0.075,9.76,UK_tidetimes,1,nein
Egilsay.json,59.1500,-2.9500,2026,"Egilsay, Scotland, United Kingdom",harmonics_utide_tidetables.txt,597,1357,0.1175,0.415,-10,0.026,3.266,UK_tidetimes,1,nein
English_And_Welsh_Grounds.json,51.4667,-2.9833,2026,"English And Welsh Grounds, England, United Kingdom",harmonics_utide_tidetables.txt,0,1356,0.5527,2.131,-10,-0.057,13.433,UK_tidetimes,1,nein
Erith.json,51.4833,0.1833,2026,"Erith, England, United Kingdom",harmonics_utide_tidetables.txt,79,1360,0.3369,1.403,0,-0.009,6.769,UK_tidetimes,1,nein
Esha_Ness_(Hamna_Voe).json,60.5000,-1.5667,2026,"Esha Ness (Hamna Voe), Scotland, United Kingdom",harmonics_utide_tidetables.txt,189,1357,0.0764,0.297,-10,0.01,2.451,UK_tidetimes,1,nein
Exmouth_Dock.json,50.6167,-3.4167,2026,"Exmouth Dock, England, United Kingdom",harmonics_literature.txt,529,1353,0.0898,0.598,0,-0.027,4.256,UK_tidetimes,0,nein
Exmouth_Dock.json,50.6167,-3.4167,2026,"Exmouth, England, United Kingdom",harmonics_utide_observations.txt,529,1353,0.0776,0.485,-10,-0.007,4.17,UK_tidetimes,0,nein
Eyemouth.json,55.8667,-2.0833,2026,"Eyemouth, Scotland, United Kingdom",harmonics_utide_tidetables.txt,708,1357,0.1825,0.696,0,-0.015,5.335,UK_tidetimes,1,nein
Eyemouth.json,55.8667,-2.0833,2026,"Eyemouth, Scotland, United Kingdom",harmonics_utide_observations.txt,713,1357,0.0705,0.44,-10,0.146,5.319,UK_tidetimes,0,nein
Fair_Isle.json,59.5333,-1.6000,2026,"Fair Isle, Scotland, United Kingdom",harmonics-1997-05-25_mod.txt,588,1357,0.0614,0.203,-40,-0.006,2.376,UK_tidetimes,0,nein
Fair_Isle.json,59.5333,-1.6000,2026,"Fair Isle, Scotland, United Kingdom",harmonics_utide_tidetables.txt,588,1357,0.0817,0.329,-10,0.018,2.131,UK_tidetimes,1,nein
Falmouth.json,50.1500,-5.0500,2026,"Falmouth, England, United Kingdom",harmonics-1997-05-25_mod.txt,647,1353,0.1694,0.786,-10,-0.048,5.59,UK_tidetimes,0,nein
Falmouth.json,50.1500,-5.0500,2026,"Falmouth, England, United Kingdom",harmonics_utide_tidetables.txt,647,1353,0.2261,0.944,-10,-0.044,5.268,UK_tidetimes,1,nein
Fanad_Head.json,55.2833,-7.6333,2026,"Fanad Head, Ireland",harmonics_utide_tidetables.txt,718,1359,0.2281,1.188,0,-0.052,4.08,UK_tidetimes,1,nein
Fannys_Bay.json,55.2000,-7.8167,2026,"Fanny's Bay, Ireland",harmonics_utide_tidetables.txt,242,681,0.1121,0.304,-10,-0.005,3.24,UK_tidetimes,1,nein
Fannys_Bay.json,55.2000,-7.8167,2026,"Downings Harbour, Ireland",harmonics_utide_tidetables.txt,1984,681,0.1648,0.59,-140,-0.653,4.458,UK_tidetimes,1,nein
Faslane.json,56.0667,-4.8167,2026,"Faslane (Gare Loch), Scotland, United Kingdom",harmonics_utide_tidetables.txt,685,1333,0.3283,1.592,-10,-0.035,3.821,UK_tidetimes,1,nein
Faslane.json,56.0667,-4.8167,2026,"Garelochhead, Scotland, United Kingdom",harmonics_utide_tidetables.txt,1746,1333,0.4002,2.022,-10,-0.011,4.002,UK_tidetimes,1,nein
Felixstowe_Pier.json,51.9500,1.3500,2026,"Felixstowe, England, United Kingdom",harmonics_utide_observations.txt,887,1357,0.0707,0.339,-20,-0.017,3.981,UK_tidetimes,0,nein
Felixstowe_Pier.json,51.9500,1.3500,2026,"Felixstowe, England, United Kingdom",harmonics_ticon4_worldwide.txt,887,1357,0.0802,0.425,-10,2.084,4.032,UK_tidetimes,0,nein
Fenit_Pier.json,52.2667,-9.8667,2026,"Fenit (Tralee), Ireland",harmonics_ticon4_worldwide.txt,449,1361,0.1679,0.544,-10,2.575,5.082,UK_tidetimes,0,nein
Fenit_Pier.json,52.2667,-9.8667,2026,"Fenit (Tralee), Ireland",harmonics_utide_tidetables.txt,449,1361,0.1995,0.811,0,-0.041,4.369,UK_tidetimes,1,nein
Ferryside.json,51.7667,-4.3667,2026,"Ferryside, Towy River, Wales, United Kingdom",harmonics_noaa_eutt.txt,4,1329,0.4884,1.443,-80,-0.057,7.25,UK_tidetimes,0,nein
Ferryside.json,51.7667,-4.3667,2026,"Ferryside, Wales, United Kingdom",harmonics_utide_tidetables.txt,381,1329,0.6131,2.997,0,-0.14,8.226,UK_tidetimes,1,nein
Fethard-On-Sea.json,52.2000,-6.8167,2026,"Fethard-On-Sea, Ireland",harmonics_utide_tidetables.txt,877,1362,0.1693,0.658,-10,-0.031,3.791,UK_tidetimes,1,nein
Fiddlers_Ferry.json,53.3667,-2.6667,2026,"Fiddler's Ferry, England, United Kingdom",harmonics_utide_tidetables.txt,805,1354,0.4095,1.589,0,0.015,4.521,UK_tidetimes,1,nein
Fidra.json,56.0667,-2.7833,2026,"Fidra (North Berwick), Scotland, United Kingdom",harmonics_noaa_eutt.txt,819,1357,0.2007,0.514,-30,0.039,5.208,UK_tidetimes,0,nein
Fidra.json,56.0667,-2.7833,2026,"Fidra (North Berwick), Scotland, United Kingdom",harmonics_utide_tidetables.txt,819,1357,0.1932,0.811,0,-0.012,5.715,UK_tidetimes,1,nein
Filey_Bay.json,54.2167,-0.2667,2026,"Filey Bay, England, United Kingdom",harmonics_utide_tidetables.txt,1432,1353,0.2369,0.923,-10,-0.048,5.373,UK_tidetimes,1,nein
Fishguard.json,52.0167,-4.9833,2026,"Fishguard, Wales, United Kingdom",harmonics-dwf-20100529-nonfree_mod.txt,375,1356,0.0572,0.465,-10,-0.002,4.877,UK_tidetimes,0,nein
Flannan_Isles.json,58.2833,-7.5833,2026,"Flannan Isles, Scotland, United Kingdom",harmonics_utide_tidetables.txt,51,1356,0.147,0.668,-10,-0.025,4.228,UK_tidetimes,1,nein
Flat_Holm.json,51.3833,-3.1167,2026,"Flat Holm, Wales, United Kingdom",harmonics_utide_tidetables.txt,447,1356,0.5227,2.085,0,-0.052,12.317,UK_tidetimes,1,nein
Fleetwood.json,53.9333,-3.0000,2026,"Fleetwood, River Wyre, England, United Kingdom",harmonics_noaa_eutt.txt,774,1357,0.3827,1.103,-10,-0.056,9.091,UK_tidetimes,0,nein
Fleetwood.json,53.9333,-3.0000,2026,"Fleetwood, England, United Kingdom",harmonics_utide_tidetables.txt,774,1357,0.4023,1.564,-10,0.085,9.219,UK_tidetimes,1,nein
Fleetwood.json,53.9333,-3.0000,2026,"Wyre Lighthouse, England, United Kingdom",harmonics_utide_tidetables.txt,2812,1357,0.445,1.667,-10,0.172,10.084,UK_tidetimes,1,nein
Flixborough_Wharf.json,53.6167,-0.7000,2026,"Flixborough Wharf, England, United Kingdom",harmonics_utide_tidetables.txt,369,1266,0.6536,2.91,0,-0.123,7.04,UK_tidetimes,1,nein
Folkestone.json,51.0833,1.2000,2026,"Folkestone, England, United Kingdom",harmonics_noaa_eutt.txt,874,1353,0.2691,0.813,10,0.725,7.073,UK_tidetimes,0,nein
Folkestone.json,51.0833,1.2000,2026,"Folkestone, England, United Kingdom",harmonics_utide_tidetables.txt,874,1353,0.3185,1.07,0,0.045,6.967,UK_tidetimes,1,nein
Folly_Inn.json,50.7333,-1.2833,2026,"Folly Inn (Isle of Wight), England, United Kingdom",harmonics_utide_tidetables.txt,89,1354,0.1552,0.56,0,0.033,3.412,UK_tidetimes,1,nein
Foreland_(Lifeboat_Slip).json,50.6833,-1.0667,2026,"Bembridge (Lifeboat Station), England, United Kingdom",harmonics_utide_tidetables.txt,818,1354,0.1936,0.692,-10,0.034,4.277,UK_tidetimes,1,nein
Foreland_(Lifeboat_Slip).json,50.6833,-1.0667,2026,"Bembridge Approaches, England, United Kingdom",harmonics_utide_tidetables.txt,2752,1354,0.1922,0.702,-10,0.039,4.273,UK_tidetimes,1,nein
Formby.json,53.5333,-3.1167,2026,"Formby, England, United Kingdom",harmonics_utide_tidetables.txt,0,1358,0.3886,1.434,0,0.094,8.587,UK_tidetimes,1,nein
Fort_Belan.json,53.1167,-4.3333,2026,"Belan Point, Menai Strait, Wales, United Kingdom",harmonics_noaa_eutt.txt,692,1358,0.3051,0.877,30,-0.044,4.871,UK_tidetimes,0,nein
Fort_Belan.json,53.1167,-4.3333,2026,"Fort Belan, Wales, United Kingdom",harmonics_utide_tidetables.txt,692,1358,0.1723,0.59,0,0.038,4.753,UK_tidetimes,1,nein
Fortrose.json,57.5833,-4.1333,2026,"Fortrose, Scotland, United Kingdom",harmonics_utide_tidetables.txt,560,677,0.212,0.835,10,0.025,4.901,UK_tidetimes,1,nein
Foula.json,60.1167,-2.0500,2026,"Foula, Scotland, United Kingdom",harmonics_utide_tidetables.txt,1885,1357,0.0748,0.229,-20,-0.043,2.136,UK_tidetimes,1,nein
Fowey.json,50.3333,-4.6333,2026,"Fowey, England, United Kingdom",harmonics_noaa_eutt.txt,286,1354,0.258,0.784,-30,-0.089,5.082,UK_tidetimes,0,nein
Fowey.json,50.3333,-4.6333,2026,"Fowey, England, United Kingdom",harmonics_utide_tidetables.txt,286,1354,0.2246,0.917,-10,-0.049,5.319,UK_tidetimes,1,nein
Foynes_Island.json,52.6167,-9.1167,2026,"Foynes Island, Ireland",harmonics_utide_tidetables.txt,565,1354,0.4774,2.186,0,-0.069,5.369,UK_tidetimes,1,nein
Fraserburgh.json,57.6833,-2.0000,2026,"Fraserburgh, Scotland, United Kingdom",harmonics_utide_tidetables.txt,996,1353,0.1387,0.596,0,0.027,3.447,UK_tidetimes,1,nein
Fremington.json,51.0833,-4.1167,2026,"Fremington, England, United Kingdom",harmonics_utide_tidetables.txt,439,1360,0.2526,0.931,-10,-0.07,7.213,UK_tidetimes,1,nein
Freshwater_Bay.json,50.6667,-1.5167,2026,"Freshwater Bay (Isle of Wight), England, United Kingdom",harmonics_utide_tidetables.txt,496,1353,0.1096,0.445,-10,0.041,2.471,UK_tidetimes,1,nein
Freshwater_Bay.json,50.6667,-1.5167,2026,"Totland Bay (Isle of Wight), England, United Kingdom",harmonics_utide_tidetables.txt,2789,1353,0.1472,0.59,0,-0.154,2.185,UK_tidetimes,1,nein
Gairloch.json,57.7167,-5.6833,2026,"Gairloch, Scotland, United Kingdom",harmonics_utide_tidetables.txt,1028,1357,0.1893,0.849,-10,-0.029,4.939,UK_tidetimes,1,nein
Galmisdale_Pier.json,56.8833,-6.1333,2026,"Galmisdale Pier (Eigg), Scotland, United Kingdom",harmonics_utide_tidetables.txt,597,1356,0.1738,0.761,0,-0.037,4.508,UK_tidetimes,1,nein
Galway.json,53.2667,-9.0500,2026,"Galway, Ireland",harmonics_utide_observations.txt,288,1361,0.0662,0.347,-10,-0.062,5.451,UK_tidetimes,0,nein
Garelochhead.json,56.0833,-4.8333,2026,"Garelochhead, Scotland, United Kingdom",harmonics_utide_tidetables.txt,400,1316,0.3708,1.797,0,-0.044,4.001,UK_tidetimes,1,nein
Garelochhead.json,56.0833,-4.8333,2026,"Faslane (Gare Loch), Scotland, United Kingdom",harmonics_utide_tidetables.txt,2532,1316,0.324,1.732,0,-0.075,3.821,UK_tidetimes,1,nein
Garlieston.json,54.7833,-4.3667,2026,"Garlieston, Scotland, United Kingdom",harmonics_utide_tidetables.txt,608,857,0.1865,0.654,-30,0.112,7.24,UK_tidetimes,1,nein
Gills_Bay.json,58.6333,-3.1667,2026,"Gills Bay, Scotland, United Kingdom",harmonics_utide_tidetables.txt,723,1357,0.1493,0.46,-10,0.021,4.057,UK_tidetimes,1,nein
Girvan.json,55.2500,-4.8667,2026,"Girvan, Scotland, United Kingdom",harmonics_utide_observations.txt,797,1353,0.1759,0.446,10,-0.004,3.274,UK_tidetimes,0,nein
Girvan.json,55.2500,-4.8667,2026,"Girvan, Scotland, United Kingdom",harmonics_utide_tidetables.txt,800,1353,0.1828,0.881,-10,0.008,3.379,UK_tidetimes,1,nein
Glasgow.json,55.8500,-4.2667,2026,"Glasgow (Broomielaw), Scotland, United Kingdom",harmonics_utide_tidetables.txt,826,1356,0.2137,0.844,-10,0.018,4.834,UK_tidetimes,1,nein
Glasgow.json,55.8500,-4.2667,2026,"Glasgow, Clyde River, Scotland, United Kingdom",harmonics_noaa_eutt.txt,1038,1356,0.2179,0.706,10,0.064,5.077,UK_tidetimes,0,nein
Glasson_Dock.json,54.0000,-2.8500,2026,"Glasson Dock, England, United Kingdom",harmonics_utide_tidetables.txt,68,679,0.6196,1.531,0,0.03,6.666,UK_tidetimes,1,nein
Glenelg_Bay.json,57.2167,-5.6333,2026,"Glenelg Bay, Scotland, United Kingdom",harmonics_utide_tidetables.txt,538,1356,0.1937,0.776,0,-0.03,4.952,UK_tidetimes,1,nein
Glengarrisdale_Bay.json,56.1167,-5.7833,2026,"Glengarrisdale Bay (Jura), Scotland, United Kingdom",harmonics_utide_tidetables.txt,477,1357,0.185,1.083,0,-0.052,3.594,UK_tidetimes,1,nein
Golspie.json,57.9667,-3.9833,2026,"Golspie, Scotland, United Kingdom",harmonics_noaa_eutt.txt,403,1357,0.1285,0.367,-50,0.068,3.917,UK_tidetimes,0,nein
Golspie.json,57.9667,-3.9833,2026,"Golspie, Scotland, United Kingdom",harmonics_utide_tidetables.txt,403,1357,0.1554,0.639,0,0.035,3.83,UK_tidetimes,1,nein
Goole.json,53.7000,-0.8667,2026,"Goole, England, United Kingdom",harmonics_noaa_eutt.txt,212,1337,0.5181,1.534,30,0.034,6.281,UK_tidetimes,0,nein
Goole.json,53.7000,-0.8667,2026,"Goole, England, United Kingdom",harmonics_utide_tidetables.txt,212,1337,0.3062,1.715,0,-0.015,6.845,UK_tidetimes,1,nein
Gott_Bay.json,56.5167,-6.8000,2026,"Gott Bay (Tiree), Scotland, United Kingdom",harmonics_utide_tidetables.txt,738,1357,0.1488,0.682,0,-0.037,3.931,UK_tidetimes,1,nein
Gott_Bay.json,56.5167,-6.8000,2026,"Scarinish, Tiree Island, Scotland, United Kingdom",harmonics_noaa_eutt.txt,1853,1357,0.2132,0.634,-30,0.53,4.068,UK_tidetimes,0,nein
Grangemouth.json,56.0333,-3.6833,2026,"Grangemouth (Forth River), Scotland, United Kingdom",harmonics_noaa_eutt.txt,223,1351,0.2445,0.66,-20,-0.09,5.948,UK_tidetimes,0,nein
Grangemouth.json,56.0333,-3.6833,2026,"Grangemouth (Forth River), Scotland, United Kingdom",harmonics_utide_tidetables.txt,223,1351,0.3154,1.221,0,-0.081,6.259,UK_tidetimes,1,nein
Granton.json,55.9833,-3.2167,2026,"Granton, Scotland, United Kingdom",harmonics_utide_tidetables.txt,366,1357,0.2027,0.802,0,-0.021,5.953,UK_tidetimes,1,nein
Granton.json,55.9833,-3.2167,2026,"Leith, Scotland, United Kingdom",harmonics-1997-05-25_mod.txt,2294,1357,0.1017,0.566,-20,0.228,6.017,UK_tidetimes,0,nein
Granton.json,55.9833,-3.2167,2026,"Leith, England, United Kingdom",harmonics_ticon4_worldwide.txt,2295,1357,0.0865,0.539,-10,3.222,5.938,UK_tidetimes,0,nein
Granton.json,55.9833,-3.2167,2026,"Leith, England, United Kingdom",harmonics_utide_observations.txt,2296,1357,0.0902,0.585,-10,-0.081,5.794,UK_tidetimes,0,nein
Gravesend.json,51.4500,0.3833,2026,"Gravesend, England, United Kingdom",harmonics_utide_tidetables.txt,965,1360,0.3073,1.185,0,0.015,6.777,UK_tidetimes,1,nein
Great_Saltee.json,52.1167,-6.6167,2026,"Great Saltee, Ireland",harmonics_utide_tidetables.txt,273,682,0.1656,0.473,30,0.063,4.173,UK_tidetimes,1,nein
Great_Yarmouth_(Britannia_Pier).json,52.6000,1.7500,2026,"Great Yarmouth (Britannia Pier), England, United Kingdom",harmonics_utide_tidetables.txt,1090,1356,0.0978,0.461,-10,0.004,2.65,UK_tidetimes,1,nein
Great_Yarmouth_(Gorleston-On-Sea).json,52.5667,1.7333,2026,"Great Yarmouth (Gorleston-On-Sea), England, United Kingdom",harmonics_noaa_eutt.txt,675,1356,0.1781,0.54,-30,0.297,2.251,UK_tidetimes,0,nein
Great_Yarmouth_(Gorleston-On-Sea).json,52.5667,1.7333,2026,"Great Yarmouth (Gorleston-On-Sea), England, United Kingdom",harmonics_utide_tidetables.txt,675,1356,0.0966,0.433,0,0.014,2.778,UK_tidetimes,1,nein
Greenock.json,55.9500,-4.7667,2026,"Greenock, Scotland, United Kingdom",harmonics-1997-05-25_mod.txt,839,1347,0.1674,0.591,-10,0.032,3.932,UK_tidetimes,0,nein
Greenock.json,55.9500,-4.7667,2026,"Greenock, Scotland, United Kingdom",harmonics_utide_tidetables.txt,839,1347,0.2302,1.188,0,-0.002,3.657,UK_tidetimes,1,nein
Greenore.json,54.0333,-6.1333,2026,"Greenore (Carlingford Lough), Ireland",harmonics_utide_tidetables.txt,0,1356,0.2683,1.104,0,0.005,5.326,UK_tidetimes,1,nein
Greenway_Quay.json,50.3833,-3.5833,2026,"Greenway Quay, England, United Kingdom",harmonics_utide_tidetables.txt,597,1353,0.2058,0.939,0,-0.042,4.888,UK_tidetimes,1,nein
Greystones.json,53.1500,-6.0667,2026,"Greystones, Ireland",harmonics_utide_tidetables.txt,200,681,0.0512,0.19,-30,0.044,3.778,UK_tidetimes,1,nein
Grimsby.json,53.5833,-0.0667,2026,"Grimsby, England, United Kingdom",harmonics_noaa_eutt.txt,43,1354,0.3223,1.109,-20,0.071,7.054,UK_tidetimes,0,nein
Grimsby.json,53.5833,-0.0667,2026,"Grimsby, England, United Kingdom",harmonics_utide_tidetables.txt,43,1354,0.2718,1.089,-10,-0.045,6.727,UK_tidetimes,1,nein
Grovehurst_Jetty.json,51.3667,0.7667,2026,"Grovehurst Jetty, England, United Kingdom",harmonics_utide_tidetables.txt,545,1352,0.2701,1.036,0,0.019,6.048,UK_tidetimes,1,nein
Gweedore_Harbour.json,55.0667,-8.3167,2026,"Gweedore Harbour (Bunbeg), Ireland",harmonics_utide_tidetables.txt,897,1360,0.2146,1.073,0,-0.05,3.885,UK_tidetimes,1,nein
Hale_Head.json,53.3167,-2.8000,2026,"Hale Head, England, United Kingdom",harmonics_utide_tidetables.txt,713,679,0.3412,1.0,-20,0.078,6.733,UK_tidetimes,1,nein
Halfway_Shoal.json,54.0167,-3.2000,2026,"Halfway Shoal, England, United Kingdom",harmonics_utide_tidetables.txt,0,1357,0.3784,1.409,0,0.07,8.712,UK_tidetimes,1,nein
Hammersmith_Bridge.json,51.4833,-0.2333,2026,"Hammersmith Bridge, England, United Kingdom",harmonics_utide_tidetables.txt,503,1285,0.6434,3.533,-10,-0.075,6.99,UK_tidetimes,1,nein
Hartlepool.json,54.7000,-1.2000,2026,"Hartlepool, England, United Kingdom",harmonics_noaa_eutt.txt,1074,1357,0.2136,0.562,0,0.112,4.896,UK_tidetimes,0,nein
Hartlepool.json,54.7000,-1.2000,2026,"Hartlepool, England, United Kingdom",harmonics_utide_tidetables.txt,1074,1357,0.2207,0.734,-10,-0.03,5.457,UK_tidetimes,1,nein
Harwich.json,51.9500,1.2833,2026,"Harwich, England, United Kingdom",harmonics_ticon4_worldwide.txt,638,1353,0.093,0.519,-10,2.158,4.27,UK_tidetimes,0,nein
Harwich.json,51.9500,1.2833,2026,"Harwich, England, United Kingdom",harmonics-dwf-20100529-nonfree_mod.txt,645,1353,0.0818,0.317,-20,-0.03,4.398,UK_tidetimes,0,nein
Hastings.json,50.8500,0.6000,2026,"Hastings, England, United Kingdom",harmonics_literature.txt,1905,1353,0.135,0.711,-10,0.053,8.078,UK_tidetimes,0,nein
Hastings.json,50.8500,0.6000,2026,"Hastings, England, United Kingdom",harmonics_utide_observations.txt,1905,1353,0.1223,0.625,-10,4.025,7.827,UK_tidetimes,0,nein
Hastings.json,50.8500,0.6000,2026,"Hastings, England, United Kingdom",harmonics_ticon4_worldwide.txt,1910,1353,0.1431,0.691,-10,4.024,8.009,UK_tidetimes,0,nein
Haverfordwest.json,51.8000,-4.9667,2026,"Haverfordwest, Wales, United Kingdom",harmonics_utide_tidetables.txt,553,641,0.5482,1.161,0,-0.002,1.791,UK_tidetimes,1,nein
Haws_Point.json,54.0500,-3.1667,2026,"Haws Point, England, United Kingdom",harmonics_utide_tidetables.txt,0,1357,0.4033,1.436,-10,0.084,9.026,UK_tidetimes,1,nein
Haws_Point.json,54.0500,-3.1667,2026,"Roa Island, England, United Kingdom",harmonics_utide_tidetables.txt,2541,1357,0.4215,1.528,0,0.171,9.005,UK_tidetimes,1,nein
Helensburgh.json,56.0000,-4.7333,2026,"Helensburgh, Scotland, United Kingdom",harmonics_utide_tidetables.txt,288,1349,0.2588,1.264,0,-0.015,3.7,UK_tidetimes,1,nein
Helensburgh.json,56.0000,-4.7333,2026,"Rhu Marina, Scotland, United Kingdom",harmonics_utide_tidetables.txt,2880,1349,0.5528,2.831,-10,-0.022,4.116,UK_tidetimes,1,nein
Helford_River_(Entrance).json,50.0833,-5.0833,2026,"Helford River (Entrance), England, United Kingdom",harmonics_utide_tidetables.txt,36,1354,0.2253,0.93,-10,-0.051,5.199,UK_tidetimes,1,nein
Helmsdale.json,58.1167,-3.6500,2026,"Helmsdale, Scotland, United Kingdom",harmonics_utide_tidetables.txt,286,1356,0.1847,0.779,0,0.023,3.904,UK_tidetimes,1,nein
Herne_Bay.json,51.3833,1.1167,2026,"Herne Bay, England, United Kingdom",harmonics_literature.txt,157,1353,0.1109,0.677,-20,-0.024,5.442,UK_tidetimes,0,nein
Herne_Bay.json,51.3833,1.1167,2026,"Herne Bay, England, United Kingdom",harmonics_ticon4_worldwide.txt,163,1353,0.1201,0.639,-10,2.884,5.469,UK_tidetimes,0,nein
Herne_Bay.json,51.3833,1.1167,2026,"Herne Bay, England, United Kingdom",harmonics_utide_observations.txt,163,1353,0.1047,0.637,-20,2.881,5.32,UK_tidetimes,0,nein
Hestan_Islet.json,54.8333,-3.8000,2026,"Hestan Islet, Scotland, United Kingdom",harmonics_utide_tidetables.txt,469,1380,0.3748,1.544,0,0.081,8.241,UK_tidetimes,1,nein
Heysham.json,54.0333,-2.9167,2026,"Heysham, England, United Kingdom",harmonics-dwf-20100529-nonfree_mod.txt,304,1357,0.0853,0.59,-20,0.015,9.898,UK_tidetimes,0,nein
Heysham.json,54.0333,-2.9167,2026,"Heysham, England, United Kingdom",harmonics_utide_observations.txt,307,1357,0.0992,0.715,-10,-0.014,9.801,UK_tidetimes,0,nein
Hilbre_Island.json,53.3833,-3.2333,2026,"Hilbre Island (Dee River), England, United Kingdom",harmonics_noaa_eutt.txt,287,1357,0.3584,0.981,-10,0.057,8.483,UK_tidetimes,0,nein
Hilbre_Island.json,53.3833,-3.2333,2026,"Hilbre Island, England, United Kingdom",harmonics_utide_tidetables.txt,287,1357,0.3861,1.481,0,0.063,8.694,UK_tidetimes,1,nein
Hillswick.json,60.4833,-1.4833,2026,"Hillswick, Scotland, United Kingdom",harmonics_noaa_eutt.txt,851,1357,0.0798,0.265,0,0.016,2.029,UK_tidetimes,0,nein
Hillswick.json,60.4833,-1.4833,2026,"Hillswick, Scotland, United Kingdom",harmonics_utide_tidetables.txt,851,1357,0.0741,0.268,-10,0.003,2.24,UK_tidetimes,1,nein
Hirta_(Bagh_A_Bhaile).json,57.8000,-8.5667,2026,"Village Bay, St. Kilda Island, Scotland, United Kingdom",harmonics_noaa_eutt.txt,2,1357,0.1245,0.435,-10,0.491,3.449,UK_tidetimes,0,nein
Hirta_(Bagh_A_Bhaile).json,57.8000,-8.5667,2026,"Hirta (Bagh A' Bhaile), Scotland, United Kingdom",harmonics_utide_tidetables.txt,1179,1357,0.1384,0.623,-10,-0.027,3.701,UK_tidetimes,1,nein
Holliwell_Point.json,51.6333,0.9333,2026,"Holliwell Point, England, United Kingdom",harmonics_utide_tidetables.txt,703,1353,0.2459,0.937,0,0.025,5.559,UK_tidetimes,1,nein
Holy_Island.json,55.6667,-1.8000,2026,"Holy Island, England, United Kingdom",harmonics_utide_tidetables.txt,412,1357,0.1842,0.673,-10,-0.02,5.26,UK_tidetimes,1,nein
Howth.json,53.3833,-6.0667,2026,"Howth, Ireland",harmonics_utide_observations.txt,898,1352,0.101,0.359,-10,-0.33,4.496,UK_tidetimes,0,nein
Hull_(Albert_Dock).json,53.7333,-0.3500,2026,"Hull (Albert Dock), England, United Kingdom",harmonics_utide_tidetables.txt,418,1351,0.3114,1.295,-10,-0.05,7.865,UK_tidetimes,1,nein
Hull_(Alexandra_Dock).json,53.7333,-0.3000,2026,"Hull (Alexandra Dock), England, United Kingdom",harmonics_utide_tidetables.txt,1044,1353,0.3022,1.345,-10,-0.057,7.868,UK_tidetimes,1,nein
Hull_(Alexandra_Dock).json,53.7333,-0.3000,2026,"Hull (King George Dock), England, United Kingdom",harmonics-1997-05-25_mod.txt,1947,1353,0.2225,1.068,-10,0.102,8.004,UK_tidetimes,0,nein
Hull_(Alexandra_Dock).json,53.7333,-0.3000,2026,"Hull, England, United Kingdom",harmonics_noaa_eutt.txt,1947,1353,0.3695,1.23,-20,0.119,7.669,UK_tidetimes,0,nein
Hull_(Alexandra_Dock).json,53.7333,-0.3000,2026,"Hull (King George Dock), England, United Kingdom",harmonics_utide_tidetables.txt,1947,1353,0.3179,1.394,-10,-0.042,7.953,UK_tidetimes,1,nein
Hull_(Alexandra_Dock).json,53.7333,-0.3000,2026,"Hull (Albert Dock), England, United Kingdom",harmonics_utide_tidetables.txt,2905,1353,0.3296,1.385,0,-0.028,7.864,UK_tidetimes,1,nein
Hull_(King_George_Dock).json,53.7333,-0.2667,2026,"Hull (King George Dock), England, United Kingdom",harmonics-1997-05-25_mod.txt,864,1353,0.2439,1.059,-10,0.086,8.008,UK_tidetimes,0,nein
Hull_(King_George_Dock).json,53.7333,-0.2667,2026,"Hull, England, United Kingdom",harmonics_noaa_eutt.txt,864,1353,0.3849,1.197,-20,0.1,7.668,UK_tidetimes,0,nein
Hull_(King_George_Dock).json,53.7333,-0.2667,2026,"Hull (King George Dock), England, United Kingdom",harmonics_utide_tidetables.txt,864,1353,0.3122,1.345,-10,-0.056,7.953,UK_tidetimes,1,nein
Hull_(King_George_Dock).json,53.7333,-0.2667,2026,"Hull (Alexandra Dock), England, United Kingdom",harmonics_utide_tidetables.txt,2229,1353,0.3123,1.32,-10,-0.072,7.867,UK_tidetimes,1,nein
Hullbridge.json,51.6333,0.6333,2026,"Hullbridge, England, United Kingdom",harmonics_utide_tidetables.txt,1431,1351,0.3001,1.171,0,0.002,5.809,UK_tidetimes,1,nein
Humber_Bridge.json,53.7167,-0.4500,2026,"Humber Bridge, England, United Kingdom",harmonics_utide_tidetables.txt,408,1346,0.3624,1.516,-10,-0.059,7.753,UK_tidetimes,1,nein
Humber_Sea_Terminal.json,53.6667,-0.2333,2026,"Humber Sea Terminal, England, United Kingdom",harmonics_utide_tidetables.txt,185,1353,0.2805,1.116,-10,-0.052,7.267,UK_tidetimes,1,nein
Hunstanton.json,52.9333,0.4833,2026,"Hunstanton, England, United Kingdom",harmonics_utide_tidetables.txt,365,1356,0.2667,1.221,-10,-0.034,7.722,UK_tidetimes,1,nein
Hurst_Point.json,50.7000,-1.5500,2026,"Hurst Point, England, United Kingdom",harmonics_utide_tidetables.txt,911,1353,0.0947,0.331,0,0.023,2.259,UK_tidetimes,1,nein
Hurst_Point.json,50.7000,-1.5500,2026,"Totland Bay (Isle of Wight), England, United Kingdom",harmonics_utide_tidetables.txt,1856,1353,0.2122,0.565,-20,0.144,2.185,UK_tidetimes,1,nein
Iken_Cliffs.json,52.1500,1.5167,2026,"Iken Cliffs, England, United Kingdom",harmonics_utide_tidetables.txt,435,1356,0.1187,0.434,-10,0.006,2.887,UK_tidetimes,1,nein
Immingham.json,53.6333,-0.1833,2026,"Immingham (Humberside), England, United Kingdom",harmonics-dwf-20100529-nonfree_mod.txt,418,1353,0.0956,0.708,-10,-0.007,7.089,UK_tidetimes,0,nein
Immingham.json,53.6333,-0.1833,2026,"Immingham (Humberside), England, United Kingdom",harmonics_ticon4_worldwide.txt,426,1353,0.1097,0.712,-10,4.167,7.368,UK_tidetimes,0,nein
Immingham.json,53.6333,-0.1833,2026,"Immingham (Humberside), England, United Kingdom",harmonics_utide_observations.txt,426,1353,0.1099,0.715,-10,-0.047,7.188,UK_tidetimes,0,nein
Inishbiggle.json,54.0000,-9.8833,2026,"Inishbiggle, Ireland",harmonics_utide_tidetables.txt,393,1360,0.1579,0.737,-10,-0.026,3.91,UK_tidetimes,1,nein
Inishbofin_Bay.json,55.1667,-8.1667,2026,"Inishbofin Bay, Ireland",harmonics_utide_tidetables.txt,282,681,0.1609,0.477,-30,0.033,4.354,UK_tidetimes,1,nein
Inishgort.json,53.8333,-9.6667,2026,"Inishgort, Ireland",harmonics_utide_tidetables.txt,429,1361,0.1725,0.804,-10,-0.035,4.362,UK_tidetimes,1,nein
Inishmore_(Killeany_Bay).json,53.1167,-9.6667,2026,"Kilronan (Inishmore), Ireland",harmonics_utide_observations.txt,123,1361,0.0574,0.314,-10,0.252,5.078,UK_tidetimes,0,nein
Inishtrahull.json,55.4333,-7.2333,2026,"Inishtrahull, Ireland",harmonics_utide_tidetables.txt,0,1341,0.2935,1.439,0,-0.073,3.39,UK_tidetimes,1,nein
Inner_Dowsing_Light.json,53.3167,0.5833,2026,"Inner Dowsing Light, England, United Kingdom",harmonics_utide_tidetables.txt,0,1353,0.239,0.965,-10,-0.047,6.404,UK_tidetimes,1,nein
Inveraray.json,56.2333,-5.0667,2026,"Inveraray, Scotland, United Kingdom",harmonics_utide_tidetables.txt,0,1305,0.3614,1.635,-10,-0.043,4.142,UK_tidetimes,1,nein
Inveraray.json,56.2333,-5.0667,2026,"Inverary, Loch Fyne, Scotland, United Kingdom",harmonics_noaa_eutt.txt,4,1305,0.2112,0.663,-10,0.03,4.176,UK_tidetimes,0,nein
Invergordon.json,57.6833,-4.1667,2026,"Invergordon, Scotland, United Kingdom",harmonics_noaa_eutt.txt,386,1357,0.1582,0.548,-40,0.19,4.353,UK_tidetimes,0,nein
Invergordon.json,57.6833,-4.1667,2026,"Invergordon, Scotland, United Kingdom",harmonics_utide_tidetables.txt,386,1357,0.1757,0.795,0,0.034,4.375,UK_tidetimes,1,nein
Inverie_Bay.json,57.0333,-5.6833,2026,"Inverie Bay, Loch Nevis, Scotland, United Kingdom",harmonics_noaa_eutt.txt,4,1357,0.2244,0.797,-10,0.534,5.095,UK_tidetimes,0,nein
Inverie_Bay.json,57.0333,-5.6833,2026,"Inverie Bay, Scotland, United Kingdom",harmonics_utide_tidetables.txt,514,1357,0.19,0.953,0,-0.045,5.094,UK_tidetimes,1,nein
Inverness.json,57.5000,-4.2333,2026,"Inverness, Scotland, United Kingdom",harmonics-1997-05-25_mod.txt,572,1353,0.1805,0.696,10,0.006,5.044,UK_tidetimes,0,nein
Inverness.json,57.5000,-4.2333,2026,"Inverness, Scotland, United Kingdom",harmonics_utide_tidetables.txt,572,1353,0.1901,0.788,0,0.028,4.712,UK_tidetimes,1,nein
Inverness.json,57.5000,-4.2333,2026,"Clachnaharry, Scotland, United Kingdom",harmonics_utide_observations.txt,2064,1353,0.0754,0.413,-10,0.112,4.698,UK_tidetimes,0,nein
Inward_Rocks.json,51.6500,-2.6167,2026,"Inward Rocks, England, United Kingdom",harmonics_utide_tidetables.txt,0,1354,0.5068,2.133,-10,0.008,13.31,UK_tidetimes,1,nein
Inward_Rocks.json,51.6500,-2.6167,2026,"Inward Rocks, River Severn, England, United Kingdom",harmonics-1997-05-25_mod.txt,2,1354,0.7871,2.341,10,0.1,13.275,UK_tidetimes,0,nein
Inward_Rocks.json,51.6500,-2.6167,2026,"Narlwood Rocks, England, United Kingdom",harmonics_utide_tidetables.txt,1150,1354,0.8419,3.13,10,0.629,12.924,UK_tidetimes,1,nein
Iona.json,56.3333,-6.3833,2026,"Iona (Baile Mòr), Scotland, United Kingdom",harmonics_utide_tidetables.txt,590,1357,0.1694,0.789,0,-0.042,3.949,UK_tidetimes,1,nein
Ipswich.json,52.0500,1.1667,2026,"Ipswich, England, United Kingdom",harmonics_utide_tidetables.txt,547,1352,0.0704,0.425,-10,-0.004,4.542,UK_tidetimes,0,nein
Irvine.json,55.6000,-4.7000,2026,"Irvine, Scotland, United Kingdom",harmonics_utide_tidetables.txt,735,1357,0.2123,0.96,0,-0.004,3.449,UK_tidetimes,1,nein
Isle_Of_Whithorn.json,54.7000,-4.3667,2026,"Isle of Whithorn, Wigtown Bay, Scotland, United Kingdom",harmonics_noaa_eutt.txt,2,1357,0.3016,0.935,-30,-0.272,7.003,UK_tidetimes,0,nein
Isle_Of_Whithorn.json,54.7000,-4.3667,2026,"Isle Of Whithorn, Scotland, United Kingdom",harmonics_utide_tidetables.txt,247,1357,0.3061,1.181,0,0.057,6.809,UK_tidetimes,1,nein
Itchenor.json,50.8000,-0.8667,2026,"Itchenor, England, United Kingdom",harmonics_utide_tidetables.txt,912,1354,0.2054,0.803,-10,0.022,4.655,UK_tidetimes,1,nein
Jupiter_Point.json,50.3833,-4.2333,2026,"Jupiter Point, England, United Kingdom",harmonics_utide_tidetables.txt,844,1353,0.2238,0.995,-10,-0.049,5.373,UK_tidetimes,1,nein
Keadby.json,53.6000,-0.7333,2026,"Keadby, England, United Kingdom",harmonics_utide_tidetables.txt,973,1247,0.6031,2.639,0,-0.113,6.172,UK_tidetimes,1,nein
Keadby.json,53.6000,-0.7333,2026,"Flixborough Wharf, England, United Kingdom",harmonics_utide_tidetables.txt,2977,1247,0.5812,2.545,0,-0.48,7.042,UK_tidetimes,1,nein
Kettletoft_Pier.json,59.2333,-2.6000,2026,"Kettletoft Pier, Scotland, United Kingdom",harmonics_utide_tidetables.txt,238,1358,0.1251,0.505,-10,0.027,3.062,UK_tidetimes,1,nein
Kew_Bridge.json,51.4833,-0.2833,2026,"Kew Bridge, England, United Kingdom",harmonics_utide_tidetables.txt,417,1296,0.6122,3.275,0,-0.104,6.746,UK_tidetimes,1,nein
Kilbaha_Bay.json,52.5667,-9.8667,2026,"Kilbaha Bay, Ireland",harmonics_utide_tidetables.txt,422,1362,0.1845,0.744,0,-0.041,4.015,UK_tidetimes,1,nein
Kilkeel.json,54.0500,-5.9833,2026,"Kilkeel, Northern Ireland, United Kingdom",harmonics_utide_tidetables.txt,923,1358,0.1985,0.769,-10,0.023,4.46,UK_tidetimes,1,nein
Kilkieran_Cove.json,53.3167,-9.7333,2026,"Kilkieran Cove, Ireland",harmonics_utide_tidetables.txt,611,1359,0.2891,1.382,0,-0.071,4.704,UK_tidetimes,1,nein
Killala_Bay_(Inishcrone).json,54.2167,-9.1000,2026,"Killala Bay (Inishcrone), Ireland",harmonics_utide_tidetables.txt,408,1357,0.2677,1.249,0,-0.067,3.781,UK_tidetimes,1,nein
Killard_Point.json,54.3167,-5.5167,2026,"Killard Point, Northern Ireland, United Kingdom",harmonics_utide_tidetables.txt,460,1358,0.2004,0.769,0,0.03,4.553,UK_tidetimes,1,nein
Killough_Harbour.json,54.2500,-5.6333,2026,"Killough Harbour, Northern Ireland, United Kingdom",harmonics_utide_tidetables.txt,345,679,0.1143,0.395,-30,0.072,5.992,UK_tidetimes,1,nein
Killough_Harbour.json,54.2500,-5.6333,2026,"Ardglass, Northern Ireland, United Kingdom",harmonics_utide_tidetables.txt,2330,679,0.1893,0.615,-20,0.386,4.979,UK_tidetimes,1,nein
Killybegs.json,54.6333,-8.4333,2026,"Killybegs, Ireland",harmonics_utide_observations.txt,523,1360,0.171,0.55,0,-0.019,4.319,UK_tidetimes,0,nein
Killyleagh.json,54.4000,-5.6500,2026,"Killyleagh, Northern Ireland, United Kingdom",harmonics_utide_tidetables.txt,352,678,0.0732,0.186,-60,0.161,4.274,UK_tidetimes,1,nein
Kilmokea_Point.json,52.2833,-7.0000,2026,"Cheekpoint, Ireland",harmonics_utide_tidetables.txt,1213,1361,0.1654,0.693,-10,-0.215,4.508,UK_tidetimes,1,nein
Kilmokea_Point.json,52.2833,-7.0000,2026,"Kilmokea Point, Ireland",harmonics_utide_tidetables.txt,1807,1361,0.1861,0.743,-10,-0.029,4.168,UK_tidetimes,1,nein
Kilmore_Quay.json,52.1667,-6.5833,2026,"Kilmore Quay, Ireland",harmonics_utide_tidetables.txt,560,1362,0.1659,0.748,0,-0.031,3.573,UK_tidetimes,1,nein
Kilrush.json,52.6333,-9.5000,2026,"Kilrush Lough, Ireland",harmonics_utide_observations.txt,209,1361,0.1786,0.589,-20,-0.088,5.441,UK_tidetimes,0,nein
Kilrush.json,52.6333,-9.5000,2026,"Kilrush Lough, Ireland",harmonics_utide_tidetables.txt,211,1361,0.2196,0.885,-10,-0.054,4.924,UK_tidetimes,1,nein
Kincardine.json,56.0667,-3.7167,2026,"Kincardine, Scotland, United Kingdom",harmonics_utide_tidetables.txt,414,1352,0.2769,1.044,0,-0.053,6.426,UK_tidetimes,1,nein
Kings_Lynn.json,52.7500,0.4000,2026,"King's Lynn, England, United Kingdom",harmonics_utide_tidetables.txt,477,1357,0.2148,1.152,0,-0.025,6.999,UK_tidetimes,1,nein
Kinsale.json,51.7000,-8.5167,2026,"Kinsale, Ireland",harmonics_utide_tidetables.txt,168,1362,0.1628,0.666,0,-0.029,3.526,UK_tidetimes,1,nein
Kirkcudbright_Bay.json,54.8000,-4.0667,2026,"Kirkcudbright Bay, Scotland, United Kingdom",harmonics_utide_tidetables.txt,650,1357,0.3332,1.32,0,0.058,7.519,UK_tidetimes,1,nein
Kirkcudbright_Bay.json,54.8000,-4.0667,2026,"Kirkcudbright Bay, Scotland, United Kingdom",harmonics_utide_observations.txt,650,1357,0.1055,0.586,-20,0.002,8.198,UK_tidetimes,0,nein
Kirkwall.json,58.9833,-2.9667,2026,"Kirkwall, Scotland, United Kingdom",harmonics_utide_observations.txt,436,1358,0.0909,0.241,-10,0.018,3.251,UK_tidetimes,0,nein
Kirkwall.json,58.9833,-2.9667,2026,"Kirkwall, Scotland, United Kingdom",harmonics_utide_tidetables.txt,436,1358,0.114,0.431,0,0.024,2.902,UK_tidetimes,1,nein
Knights_Town.json,51.9333,-10.3000,2026,"Knights Town (Valentia), Ireland",harmonics_utide_tidetables.txt,1237,1358,0.179,0.791,0,-0.043,3.631,UK_tidetimes,1,nein
Kyle_Of_Lochalsh.json,57.2833,-5.7167,2026,"Kyle Akin, Scotland, United Kingdom",harmonics_noaa_eutt.txt,4,1357,0.2189,0.651,-20,0.902,5.514,UK_tidetimes,0,nein
Kyle_Of_Lochalsh.json,57.2833,-5.7167,2026,"Kyle Of Lochalsh, Scotland, United Kingdom",harmonics_utide_tidetables.txt,483,1357,0.1959,0.99,-10,-0.033,5.534,UK_tidetimes,1,nein
Lamlash.json,55.5333,-5.1167,2026,"Lamlash (Arran), Scotland, United Kingdom",harmonics_utide_tidetables.txt,468,679,0.1053,0.356,-20,0.043,3.472,UK_tidetimes,1,nein
Lancaster.json,54.0500,-2.8167,2026,"Lancaster, England, United Kingdom",harmonics_utide_tidetables.txt,418,679,0.5232,1.272,-40,0.079,4.175,UK_tidetimes,1,nein
Langstone_Harbour.json,50.8000,-1.0167,2026,"Langstone Harbour, England, United Kingdom",harmonics_utide_tidetables.txt,0,1354,0.1964,0.785,-10,0.036,4.788,UK_tidetimes,1,nein
Larne.json,54.8500,-5.8000,2026,"Larne, Northern Ireland, United Kingdom",harmonics_noaa_eutt.txt,302,1361,0.1939,0.736,-30,0.152,3.232,UK_tidetimes,0,nein
Larne.json,54.8500,-5.8000,2026,"Larne, Northern Ireland, United Kingdom",harmonics_utide_tidetables.txt,302,1361,0.1182,0.456,-10,0.019,3.018,UK_tidetimes,1,nein
Lawyers_Creek.json,52.8833,0.0833,2026,"Lawyer's Creek, England, United Kingdom",harmonics_utide_tidetables.txt,954,677,0.1823,0.953,-20,0.047,7.453,UK_tidetimes,1,nein
Lee-On-The-Solent.json,50.8000,-1.2000,2026,"Lee-On-The-Solent, England, United Kingdom",harmonics_utide_tidetables.txt,186,1354,0.1722,0.663,0,0.038,3.963,UK_tidetimes,1,nein
Leith.json,55.9833,-3.1833,2026,"Leith, Scotland, United Kingdom",harmonics-1997-05-25_mod.txt,726,1357,0.1021,0.566,-20,0.228,6.017,UK_tidetimes,0,nein
Leith.json,55.9833,-3.1833,2026,"Leith, England, United Kingdom",harmonics_utide_observations.txt,730,1357,0.0927,0.601,-10,-0.08,5.833,UK_tidetimes,0,nein
Leith.json,55.9833,-3.1833,2026,"Leith, England, United Kingdom",harmonics_ticon4_worldwide.txt,730,1357,0.089,0.539,-10,3.222,5.893,UK_tidetimes,0,nein
Leith.json,55.9833,-3.1833,2026,"Granton, Scotland, United Kingdom",harmonics_utide_tidetables.txt,2432,1357,0.2033,0.858,0,-0.019,5.901,UK_tidetimes,1,nein
Lerwick.json,60.1500,-1.1333,2026,"Lerwick (Shetlands), Scotland, United Kingdom",harmonics_ticon4_worldwide.txt,592,1357,0.0245,0.157,-10,1.3,2.259,UK_tidetimes,0,nein
Les_Ecrehou.json,49.2833,-1.9333,2026,"Les Écréhous, Channel Islands",harmonics-pierre-lavergne-v10_mod.txt,532,1361,0.4119,1.563,-10,-0.016,11.177,UK_tidetimes,0,nein
Les_Ecrehou.json,49.2833,-1.9333,2026,"Les Écréhous, Channel Islands",harmonics_utide_tidetables.txt,532,1361,0.4161,2.026,-10,-0.056,11.255,UK_tidetimes,1,nein
Les_Minquiers.json,48.9500,-2.1333,2026,"Les Minquiers (Îles Anglo-Normandes), Channel Islands",harmonics-pierre-lavergne-v10_mod.txt,2238,1361,0.2541,1.293,-10,-0.03,11.874,UK_tidetimes,0,nein
Les_Minquiers.json,48.9500,-2.1333,2026,"Les Minquiers (Îles Anglo-Normandes), Channel Islands",harmonics_utide_tidetables.txt,2238,1361,0.42,2.061,-10,-0.079,12.112,UK_tidetimes,1,nein
Leverburgh.json,57.7667,-7.0333,2026,"Leverburgh (Harris), Scotland, United Kingdom",harmonics_utide_tidetables.txt,482,1357,0.1739,0.832,-10,-0.03,5.016,UK_tidetimes,1,nein
Leverburgh.json,57.7667,-7.0333,2026,"Leverburgh, Scotland, United Kingdom",harmonics_noaa_eutt.txt,986,1357,0.1527,0.488,-20,0.393,4.66,UK_tidetimes,0,nein
Limerick_Dock.json,52.6667,-8.6333,2026,"Limerick Dock, Ireland",harmonics_utide_tidetables.txt,293,1360,0.292,0.975,0,-0.027,6.413,UK_tidetimes,1,nein
Liscannor.json,52.9333,-9.3833,2026,"Liscannor, Ireland",harmonics_utide_tidetables.txt,530,682,0.0551,0.188,-20,0.023,5.072,UK_tidetimes,1,nein
Little_Bernera.json,58.2667,-6.8667,2026,"Little Bernera, Scotland, United Kingdom",harmonics_utide_tidetables.txt,0,1357,0.1635,0.76,-10,-0.035,4.768,UK_tidetimes,1,nein
Little_Bernera.json,58.2667,-6.8667,2026,"Bernera Harbor, Scotland, United Kingdom",harmonics_noaa_eutt.txt,4,1357,0.1764,0.508,-20,0.523,4.458,UK_tidetimes,0,nein
Little_Haven.json,51.7667,-5.1167,2026,"Little Haven, Wales, United Kingdom",harmonics_utide_tidetables.txt,993,1356,0.2158,1.051,-10,-0.061,6.283,UK_tidetimes,1,nein
Littlehampton.json,50.8000,-0.5500,2026,"Littlehampton, England, United Kingdom",harmonics_literature.txt,562,1354,0.1348,0.626,-10,-0.157,6.04,UK_tidetimes,0,nein
Liverpool_(Gladstone_Dock).json,53.4500,-3.0167,2026,"Liverpool (Gladstone Dock), England, United Kingdom",harmonics-dwf-20100529-nonfree_mod.txt,94,1357,0.0786,0.507,-10,0.161,9.58,UK_tidetimes,0,nein
Lizard_Point.json,49.9667,-5.2000,2026,"Lizard Point, England, United Kingdom",harmonics_utide_tidetables.txt,1107,1354,0.2193,0.902,-10,-0.042,5.122,UK_tidetimes,1,nein
Llanddwyn_Island.json,53.1333,-4.4167,2026,"Llanddwyn Island, Wales, United Kingdom",harmonics_utide_tidetables.txt,0,1357,0.1797,0.627,0,0.031,5.065,UK_tidetimes,1,nein
Llanelli.json,51.6667,-4.1667,2026,"Llanelli, Wales, United Kingdom",harmonics_utide_tidetables.txt,132,679,0.2404,0.809,20,0.51,7.456,UK_tidetimes,1,nein
Loch_A_Bhraige.json,57.5833,-5.9667,2026,"Loch A' Bhraige (Rona), Scotland, United Kingdom",harmonics_utide_tidetables.txt,772,1356,0.2072,0.991,0,-0.042,5.515,UK_tidetimes,1,nein
Loch_Aline.json,56.5333,-5.7667,2026,"Lochaline, Scotland, United Kingdom",harmonics_utide_tidetables.txt,656,679,0.1046,0.377,-10,0.026,4.675,UK_tidetimes,1,nein
Loch_Beag.json,56.1500,-5.6000,2026,"Loch Beag, Scotland, United Kingdom",harmonics_utide_tidetables.txt,358,1357,0.1125,0.57,0,-0.031,2.369,UK_tidetimes,1,nein
Loch_Boisdale.json,57.1500,-7.2667,2026,"Loch Boisdale, Scotland, United Kingdom",harmonics_noaa_eutt.txt,2,1357,0.1828,0.646,-60,0.22,4.606,UK_tidetimes,0,nein
Loch_Boisdale.json,57.1500,-7.2667,2026,"Loch Boisdale (South Uist), Scotland, United Kingdom",harmonics_utide_tidetables.txt,2240,1357,0.161,0.771,-10,-0.034,4.441,UK_tidetimes,1,nein
Loch_Carnan.json,57.3667,-7.2667,2026,"Loch Carnan (South Uist), Scotland, United Kingdom",harmonics_utide_tidetables.txt,388,1356,0.1659,0.841,0,-0.035,4.88,UK_tidetimes,1,nein
Loch_Creran_Head.json,56.5500,-5.2667,2026,"Loch Creran Head, Scotland, United Kingdom",harmonics_utide_tidetables.txt,0,1356,0.1641,0.941,0,-0.039,3.926,UK_tidetimes,1,nein
Loch_Dunvegan.json,57.4500,-6.6333,2026,"Loch Dunvegan, Scotland, United Kingdom",harmonics_utide_tidetables.txt,1061,1357,0.189,0.973,0,-0.038,5.489,UK_tidetimes,1,nein
Loch_Eatharna.json,56.6167,-6.5167,2026,"Loch Eatharna (Isle of Coll), Scotland, United Kingdom",harmonics_utide_tidetables.txt,408,679,0.097,0.31,-10,0.026,4.611,UK_tidetimes,1,nein
Loch_Harport.json,57.3333,-6.4167,2026,"Loch Harport (Portnalong), Scotland, United Kingdom",harmonics_utide_tidetables.txt,384,1356,0.1757,0.891,0,-0.037,5.206,UK_tidetimes,1,nein
Loch_Hourn.json,57.1000,-5.5667,2026,"Loch Hourn, Scotland, United Kingdom",harmonics_utide_tidetables.txt,0,1356,0.1812,0.948,0,-0.041,5.001,UK_tidetimes,1,nein
Loch_Inver.json,58.1500,-5.3000,2026,"Loch Inver, Scotland, United Kingdom",harmonics_noaa_eutt.txt,0,1357,0.151,0.441,-20,0.578,4.955,UK_tidetimes,0,nein
Loch_Inver.json,58.1500,-5.3000,2026,"Lochinver, Scotland, United Kingdom",harmonics_utide_tidetables.txt,2873,1357,0.216,0.862,-10,-0.024,5.215,UK_tidetimes,1,nein
Loch_Laxford.json,58.4000,-5.0833,2026,"Loch Laxford, Scotland, United Kingdom",harmonics_utide_tidetables.txt,0,1357,0.1653,0.778,-10,-0.02,5.175,UK_tidetimes,1,nein
Loch_Maddy.json,57.6000,-7.1500,2026,"Loch Maddy (North Uist), Scotland, United Kingdom",harmonics_utide_tidetables.txt,548,1356,0.1715,0.802,-10,-0.029,5.158,UK_tidetimes,1,nein
Loch_Maddy.json,57.6000,-7.1500,2026,"Loch Maddy, Scotland, United Kingdom",harmonics_noaa_eutt.txt,2979,1356,0.1621,0.544,-30,0.549,4.877,UK_tidetimes,0,nein
Loch_Melfort.json,56.2500,-5.4833,2026,"Loch Melfort, Scotland, United Kingdom",harmonics_utide_tidetables.txt,1528,1358,0.0995,0.416,0,-0.028,2.491,UK_tidetimes,1,nein
Loch_Moidart.json,56.7833,-5.8833,2026,"Loch Moidart, Scotland, United Kingdom",harmonics_utide_tidetables.txt,594,1356,0.2042,1.042,0,-0.046,5.013,UK_tidetimes,1,nein
Loch_Nedd.json,58.2333,-5.1667,2026,"Loch Nedd, Scotland, United Kingdom",harmonics_utide_tidetables.txt,519,1357,0.1687,0.82,-10,-0.023,5.136,UK_tidetimes,1,nein
Loch_Ranza.json,55.7167,-5.3000,2026,"Loch Ranza (Arran), Scotland, United Kingdom",harmonics_utide_tidetables.txt,935,1357,0.2081,0.972,0,-0.007,3.303,UK_tidetimes,1,nein
Loch_Scresort.json,57.0167,-6.2667,2026,"Loch Scresort (Rùm), Scotland, United Kingdom",harmonics_utide_tidetables.txt,610,1356,0.1752,0.79,0,-0.04,4.651,UK_tidetimes,1,nein
Loch_Skiport.json,57.3333,-7.2667,2026,"Loch Skiport (South Uist), Scotland, United Kingdom",harmonics_utide_tidetables.txt,740,1356,0.1864,0.888,-10,-0.037,5.045,UK_tidetimes,1,nein
Loch_Snizort_(Uig_Bay).json,57.5833,-6.3667,2026,"Loch Snizort (Uig Bay), Scotland, United Kingdom",harmonics_utide_tidetables.txt,334,1356,0.1794,0.859,-10,-0.031,5.731,UK_tidetimes,1,nein
Lochgoilhead.json,56.1667,-4.9000,2026,"Lochgoilhead, Scotland, United Kingdom",harmonics_utide_tidetables.txt,234,1235,0.46,1.978,-10,-0.083,4.326,UK_tidetimes,1,nein
London_Bridge_(Tower_Pier).json,51.5000,-0.0833,2026,"London Bridge (Tower Pier), England, United Kingdom",harmonics-1997-05-25_mod.txt,874,1353,0.2025,1.099,-10,0.014,7.629,UK_tidetimes,0,nein
London_Bridge_(Tower_Pier).json,51.5000,-0.0833,2026,"London Bridge (Tower Pier), England, United Kingdom",harmonics_utide_tidetables.txt,874,1353,0.1975,1.206,-10,-0.027,7.438,UK_tidetimes,0,nein
Londonderry.json,55.0000,-7.3167,2026,"Londonderry, Northern Ireland, United Kingdom",harmonics-1997-05-25_mod.txt,352,1360,0.0894,0.39,-20,0.108,2.805,UK_tidetimes,0,nein
Londonderry.json,55.0000,-7.3167,2026,"Londonderry, Northern Ireland, United Kingdom",harmonics_utide_tidetables.txt,352,1360,0.0949,0.405,0,-0.0,3.041,UK_tidetimes,1,nein
Looe.json,50.3500,-4.4500,2026,"East Looe, England, United Kingdom",harmonics_noaa_eutt.txt,0,1353,0.263,0.805,-40,-0.088,5.103,UK_tidetimes,0,nein
Looe.json,50.3500,-4.4500,2026,"Looe, England, United Kingdom",harmonics_utide_tidetables.txt,526,1353,0.2293,1.008,-10,-0.05,5.404,UK_tidetimes,1,nein
Lossiemouth.json,57.7167,-3.3000,2026,"Lossiemouth, Scotland, United Kingdom",harmonics_noaa_eutt.txt,1484,1353,0.1571,0.394,-40,0.449,3.931,UK_tidetimes,0,nein
Lossiemouth.json,57.7167,-3.3000,2026,"Lossiemouth, Scotland, United Kingdom",harmonics_utide_tidetables.txt,1484,1353,0.1589,0.673,-10,0.034,4.014,UK_tidetimes,1,nein
Lostwithiel.json,50.4000,-4.6667,2026,"Lostwithiel, England, United Kingdom",harmonics_utide_tidetables.txt,565,668,0.3106,0.694,10,0.009,1.074,UK_tidetimes,1,nein
Loth.json,59.1833,-2.7000,2026,"Loth, Scotland, United Kingdom",harmonics_utide_tidetables.txt,934,1358,0.1042,0.425,-10,0.023,2.63,UK_tidetimes,1,nein
Loughros_More_Bay.json,54.7833,-8.5000,2026,"Loughros More Bay, Ireland",harmonics_utide_tidetables.txt,2102,681,0.1605,0.393,10,0.005,4.433,UK_tidetimes,1,nein
Luce_Bay_(Offshore_Platform).json,54.8333,-4.8833,2026,"Luce Bay (Offshore Platform), Scotland, United Kingdom",harmonics_utide_tidetables.txt,0,1357,0.2783,1.188,0,0.064,6.367,UK_tidetimes,1,nein
Lulworth_Cove.json,50.6167,-2.2500,2026,"Lulworth Cove, England, United Kingdom",harmonics_utide_tidetables.txt,215,1354,0.0998,0.535,0,-0.023,2.374,UK_tidetimes,1,nein
Lulworth_Cove.json,50.6167,-2.2500,2026,"Mupe Bay, England, United Kingdom",harmonics_utide_tidetables.txt,2352,1354,0.0998,0.535,0,-0.023,2.374,UK_tidetimes,1,nein
Lundy.json,51.1667,-4.6500,2026,"Lundy, England, United Kingdom",harmonics_utide_tidetables.txt,454,1361,0.3448,1.384,-10,-0.101,8.135,UK_tidetimes,1,nein
Lyme_Regis.json,50.7167,-2.9333,2026,"Lyme Regis, England, United Kingdom",harmonics_noaa_eutt.txt,429,1353,0.2575,0.723,-50,0.302,3.848,UK_tidetimes,0,nein
Lyme_Regis.json,50.7167,-2.9333,2026,"Lyme Regis, England, United Kingdom",harmonics_utide_tidetables.txt,429,1353,0.1683,0.768,0,-0.029,4.236,UK_tidetimes,1,nein
Lynmouth.json,51.2333,-3.8333,2026,"Lynmouth, England, United Kingdom",harmonics_utide_tidetables.txt,236,681,0.1113,0.531,10,0.03,10.11,UK_tidetimes,1,nein
Malahide.json,53.4500,-6.1500,2026,"Malahide, Ireland",harmonics_utide_tidetables.txt,301,1358,0.1811,0.797,0,0.027,4.181,UK_tidetimes,1,nein
Maldon.json,51.7333,0.7000,2026,"Maldon, England, United Kingdom",harmonics_utide_tidetables.txt,930,676,0.0959,0.292,-40,0.081,3.167,UK_tidetimes,1,nein
Mallaig.json,57.0000,-5.8333,2026,"Mallaig, Scotland, United Kingdom",harmonics_utide_tidetables.txt,988,1356,0.1793,0.832,0,-0.044,5.114,UK_tidetimes,1,nein
Margate.json,51.3833,1.3833,2026,"Margate, England, United Kingdom",harmonics_utide_tidetables.txt,906,1353,0.0792,0.436,-20,-0.03,4.916,UK_tidetimes,0,nein
Marino_Point.json,51.8833,-8.3333,2026,"Marino Point, Ireland",harmonics_utide_tidetables.txt,572,1362,0.1938,0.756,-10,-0.03,4.097,UK_tidetimes,1,nein
Martins_Haven.json,51.7333,-5.2500,2026,"Martin's Haven, Wales, United Kingdom",harmonics_utide_tidetables.txt,480,1356,0.2331,1.155,-10,-0.066,6.527,UK_tidetimes,1,nein
Martins_Haven.json,51.7333,-5.2500,2026,"Skomer Island, Wales, United Kingdom",harmonics_utide_tidetables.txt,2259,1356,0.2415,0.864,-50,-0.23,6.944,UK_tidetimes,1,nein
Maryport.json,54.7167,-3.5000,2026,"Maryport, England, United Kingdom",harmonics_noaa_eutt.txt,483,1357,0.3708,1.209,-10,-0.038,8.371,UK_tidetimes,0,nein
Maryport.json,54.7167,-3.5000,2026,"Maryport, England, United Kingdom",harmonics_utide_tidetables.txt,483,1357,0.3813,1.439,0,0.075,8.601,UK_tidetimes,1,nein
Maseline_Pier.json,49.4333,-2.3500,2026,"Maseline Harbour, Sark, Channel Islands",harmonics_utide_tidetables.txt,533,1360,0.3285,1.615,0,-0.065,9.381,UK_tidetimes,1,nein
Meikle_Ferry.json,57.8500,-4.1333,2026,"Meikle Ferry, Scotland, United Kingdom",harmonics_utide_tidetables.txt,735,1357,0.1717,0.783,0,0.031,4.458,UK_tidetimes,1,nein
Mellon_Charles.json,57.8500,-5.6333,2026,"Mellon Charles (Loch Ewe), Scotland, United Kingdom",harmonics_utide_tidetables.txt,764,1356,0.1709,0.839,-10,-0.025,5.269,UK_tidetimes,1,nein
Mellon_Point.json,52.6667,-8.8333,2026,"Mellon Point (River Shannon), Ireland",harmonics_utide_tidetables.txt,656,1349,0.4768,2.212,0,-0.111,6.015,UK_tidetimes,1,nein
Menai_Bridge.json,53.2167,-4.1667,2026,"Menai Bridge, Wales, United Kingdom",harmonics_utide_tidetables.txt,446,1357,0.3135,1.055,0,0.052,7.166,UK_tidetimes,1,nein
Menai_Bridge.json,53.2167,-4.1667,2026,"Menai Bridge, Menai Strait, Wales, United Kingdom",harmonics_noaa_eutt.txt,1110,1357,0.2457,0.701,-10,-0.072,7.175,UK_tidetimes,0,nein
Methil.json,56.1833,-3.0000,2026,"Methil, Scotland, United Kingdom",harmonics_utide_tidetables.txt,466,1352,0.0669,0.452,-10,0.001,5.746,UK_tidetimes,0,nein
Mevagissey.json,50.2667,-4.7833,2026,"Mevagissey, England, United Kingdom",harmonics_utide_tidetables.txt,215,1354,0.2221,0.922,-10,-0.049,5.266,UK_tidetimes,1,nein
Mid_Yell.json,60.6000,-1.0500,2026,"Mid Yell, Scotland, United Kingdom",harmonics_utide_tidetables.txt,504,1358,0.0877,0.324,-10,0.021,2.401,UK_tidetimes,1,nein
Middlesbrough_(Dock_Entrance).json,54.5833,-1.2167,2026,"Middlesbrough (Dock Entrance), England, United Kingdom",harmonics_utide_tidetables.txt,0,1357,0.2636,1.14,0,-0.055,5.505,UK_tidetimes,1,nein
Minehead.json,51.2167,-3.4667,2026,"Minehead, England, United Kingdom",harmonics_utide_tidetables.txt,620,1361,0.4714,1.995,0,-0.089,10.751,UK_tidetimes,1,nein
Minsmere_Sluice.json,52.2333,1.6333,2026,"Minsmere Sluice, England, United Kingdom",harmonics_utide_tidetables.txt,557,1357,0.111,0.422,0,0.019,2.646,UK_tidetimes,1,nein
Mistley.json,51.9500,1.0833,2026,"Mistley, England, United Kingdom",harmonics_utide_tidetables.txt,1322,1024,1.1299,3.409,-30,-0.586,4.546,UK_tidetimes,1,nein
Moelfre.json,53.3333,-4.2333,2026,"Moelfre, Wales, United Kingdom",harmonics_utide_tidetables.txt,2368,1357,0.3227,1.258,0,0.062,7.268,UK_tidetimes,1,nein
Montrose.json,56.7000,-2.4500,2026,"Montrose, Scotland, United Kingdom",harmonics_utide_tidetables.txt,1520,1353,0.0578,0.448,-10,-0.012,5.041,UK_tidetimes,0,nein
Morecambe.json,54.0667,-2.8833,2026,"Morecambe, England, United Kingdom",harmonics_noaa_eutt.txt,995,1357,0.3955,1.094,-30,-0.027,9.194,UK_tidetimes,0,nein
Morecambe.json,54.0667,-2.8833,2026,"Morecambe, England, United Kingdom",harmonics_utide_tidetables.txt,995,1357,0.419,1.575,0,0.1,9.256,UK_tidetimes,1,nein
Mostyn_Docks.json,53.3167,-3.2667,2026,"Mostyn Docks, Wales, United Kingdom",harmonics_utide_tidetables.txt,560,1357,0.1267,0.74,0,0.012,8.733,UK_tidetimes,0,nein
Moville.json,55.1833,-7.0500,2026,"Moville, Ireland",harmonics_utide_tidetables.txt,583,1360,0.1011,0.474,0,-0.019,2.486,UK_tidetimes,1,nein
Muckle_Skerry.json,58.6833,-2.9167,2026,"Muckle Skerry, Scotland, United Kingdom",harmonics_utide_tidetables.txt,0,1357,0.1132,0.407,-10,0.013,2.53,UK_tidetimes,1,nein
Mullaghmore.json,54.4667,-8.4500,2026,"Mullaghmore, Ireland",harmonics_utide_tidetables.txt,211,1344,0.3291,1.557,0,-0.084,3.621,UK_tidetimes,1,nein
Mulroy_Bay_Bar.json,55.2500,-7.7667,2026,"Mulroy Bay Bar, Ireland",harmonics_utide_tidetables.txt,0,681,0.1486,0.435,-10,-0.008,4.332,UK_tidetimes,1,nein
Mumbles.json,51.5667,-3.9667,2026,"Mumbles, Wales, United Kingdom",harmonics-dwf-20100529-nonfree_mod.txt,708,1357,0.1016,0.786,-10,-0.015,9.575,UK_tidetimes,0,nein
Mupe_Bay.json,50.6167,-2.2167,2026,"Mupe Bay, England, United Kingdom",harmonics_utide_tidetables.txt,0,1354,0.0998,0.535,0,-0.023,2.374,UK_tidetimes,1,nein
Mupe_Bay.json,50.6167,-2.2167,2026,"Lulworth Cove, England, United Kingdom",harmonics_utide_tidetables.txt,2140,1354,0.0998,0.535,0,-0.023,2.374,UK_tidetimes,1,nein
Nab_Tower.json,50.6667,-0.9500,2026,"Nab Tower, England, United Kingdom",harmonics_utide_tidetables.txt,0,1354,0.1904,0.74,-10,0.033,4.219,UK_tidetimes,1,nein
Nairn.json,57.6000,-3.8667,2026,"Nairn, Scotland, United Kingdom",harmonics_utide_tidetables.txt,997,1353,0.1768,0.793,0,0.036,4.352,UK_tidetimes,1,nein
Narlwood_Rocks.json,51.6500,-2.6000,2026,"Narlwood Rocks, England, United Kingdom",harmonics_utide_tidetables.txt,0,1347,0.6813,2.391,0,-0.069,12.812,UK_tidetimes,1,nein
Narlwood_Rocks.json,51.6500,-2.6000,2026,"Inward Rocks, England, United Kingdom",harmonics_utide_tidetables.txt,1150,1347,0.4847,2.296,-20,-0.687,13.313,UK_tidetimes,1,nein
Narlwood_Rocks.json,51.6500,-2.6000,2026,"Inward Rocks, River Severn, England, United Kingdom",harmonics-1997-05-25_mod.txt,1152,1347,0.7114,2.644,0,-0.623,13.222,UK_tidetimes,0,nein
Nato_Jetty.json,57.8333,-5.5833,2026,"Aultbea (Nato Jetty), Scotland, United Kingdom",harmonics_utide_tidetables.txt,668,1356,0.1782,0.863,-10,-0.026,5.252,UK_tidetimes,1,nein
New_Hythe.json,51.3167,0.4667,2026,"New Hythe, England, United Kingdom",harmonics_utide_tidetables.txt,751,1357,0.2562,0.897,-10,0.014,4.813,UK_tidetimes,1,nein
New_Quay.json,52.2167,-4.3500,2026,"New Quay, Wales, United Kingdom",harmonics_utide_tidetables.txt,393,1357,0.1491,0.727,0,-0.013,5.363,UK_tidetimes,1,nein
New_Ross.json,52.4000,-6.9500,2026,"New Ross, Ireland",harmonics_utide_tidetables.txt,362,1360,0.1703,0.765,-10,-0.013,4.12,UK_tidetimes,1,nein
Newburgh.json,56.3500,-3.2333,2026,"Newburgh (Tay River), Scotland, United Kingdom",harmonics_utide_tidetables.txt,564,1339,0.326,1.7,-10,-0.046,4.804,UK_tidetimes,1,nein
Newcastle-Upon-Tyne.json,54.9667,-1.6000,2026,"Newcastle-on-Tyne, England, United Kingdom",harmonics_noaa_eutt.txt,353,1357,0.195,0.53,0,0.147,5.141,UK_tidetimes,0,nein
Newcastle-Upon-Tyne.json,54.9667,-1.6000,2026,"Newcastle-upon-Tyne, England, United Kingdom",harmonics_utide_tidetables.txt,353,1357,0.2158,0.721,-10,-0.03,5.442,UK_tidetimes,1,nein
Newcastle_(N.Ireland).json,54.2000,-5.8833,2026,"Newcastle, Northern Ireland, United Kingdom",harmonics_noaa_eutt.txt,194,1357,0.3295,1.148,-40,0.036,5.549,UK_tidetimes,0,nein
Newcastle_(N.Ireland).json,54.2000,-5.8833,2026,"Newcastle, Northern Ireland, United Kingdom",harmonics_utide_tidetables.txt,194,1357,0.2223,0.927,0,0.036,5.402,UK_tidetimes,1,nein
Newport.json,51.5500,-2.9833,2026,"Newport (River Usk), Wales, United Kingdom",harmonics-dwf-20100529-nonfree_mod.txt,281,1356,0.2454,1.613,-10,0.137,12.567,UK_tidetimes,0,nein
Newport.json,51.5500,-2.9833,2026,"Newport (River Usk), Wales, United Kingdom",harmonics_ticon4_worldwide.txt,281,1356,0.2725,1.695,-10,6.179,13.287,UK_tidetimes,0,nein
Newquay.json,50.4167,-5.0833,2026,"Newquay, England, United Kingdom",harmonics_utide_tidetables.txt,0,1362,0.3925,1.644,0,-0.129,6.65,UK_tidetimes,1,nein
Newry_(Victoria_Lock).json,54.1500,-6.3167,2026,"Newry (Victoria Lock), Northern Ireland, United Kingdom",harmonics_utide_tidetables.txt,2975,1036,1.0526,2.795,-10,-0.13,4.684,UK_tidetimes,1,nein
Neyland.json,51.7000,-4.9500,2026,"Neyland, Cleddau River, Wales, United Kingdom",harmonics_noaa_eutt.txt,0,1357,0.382,0.982,-50,-0.098,6.758,UK_tidetimes,0,nein
Neyland.json,51.7000,-4.9500,2026,"Neyland, Wales, United Kingdom",harmonics_utide_tidetables.txt,500,1357,0.3099,1.503,0,-0.071,7.333,UK_tidetimes,1,nein
North_Fambridge.json,51.6333,0.6833,2026,"North Fambridge, England, United Kingdom",harmonics_utide_tidetables.txt,551,1350,0.328,1.217,0,-0.01,5.72,UK_tidetimes,1,nein
North_Sunderland_(Northumberland).json,55.5833,-1.6500,2026,"North Sunderland (Northumberland), England, United Kingdom",harmonics_utide_tidetables.txt,64,1357,0.1876,0.682,-10,-0.014,5.189,UK_tidetimes,1,nein
North_Woolwich.json,51.5000,0.0833,2026,"North Woolwich, England, United Kingdom",harmonics_utide_tidetables.txt,1558,1357,0.1903,0.988,-20,-0.004,7.423,UK_tidetimes,0,nein
Northney.json,50.8333,-0.9667,2026,"Northney, England, United Kingdom",harmonics_utide_tidetables.txt,0,1346,0.2943,1.25,-10,-0.018,4.393,UK_tidetimes,1,nein
Oban.json,56.4167,-5.4833,2026,"Oban, Scotland, United Kingdom",harmonics_utide_tidetables.txt,586,1357,0.1505,0.788,0,-0.038,3.919,UK_tidetimes,1,nein
Oban.json,56.4167,-5.4833,2026,"Oban, Scotland, United Kingdom",harmonics_utide_observations.txt,586,1357,0.0827,0.514,-10,0.132,4.135,UK_tidetimes,0,nein
Orford_Haven_Bar.json,52.0333,1.4667,2026,"Orford Haven Bar, England, United Kingdom",harmonics_utide_tidetables.txt,444,1358,0.1373,0.569,0,0.027,3.219,UK_tidetimes,1,nein
Orford_Ness.json,52.0833,1.5833,2026,"Orford Ness, England, United Kingdom",harmonics_utide_tidetables.txt,0,1357,0.1187,0.469,0,0.017,2.713,UK_tidetimes,1,nein
Orford_Ness.json,52.0833,1.5833,2026,"Orford Ness, England, United Kingdom",harmonics_noaa_eutt.txt,4,1357,0.1583,0.493,-20,0.036,2.868,UK_tidetimes,0,nein
Orford_Quay.json,52.0833,1.5333,2026,"Orford Quay, England, United Kingdom",harmonics_utide_tidetables.txt,921,1357,0.1097,0.41,-10,0.016,2.713,UK_tidetimes,1,nein
Orsay.json,55.6833,-6.5167,2026,"Orsay, Scotland, United Kingdom",harmonics_utide_tidetables.txt,930,1356,0.0639,0.246,-10,-0.021,1.669,UK_tidetimes,1,nein
Osea_Island.json,51.7167,0.7667,2026,"Osea Island (Blackwater River), England, United Kingdom",harmonics_utide_tidetables.txt,0,1353,0.2607,1.023,0,0.02,5.691,UK_tidetimes,1,nein
Osea_Island.json,51.7167,0.7667,2026,"Osea Island (Blackwater River), England, United Kingdom",harmonics_noaa_eutt.txt,4,1353,0.255,0.759,-20,-0.076,5.474,UK_tidetimes,0,nein
Out_Skerries.json,60.4167,-0.7500,2026,"Out Skerries (Shetlands), Scotland, United Kingdom",harmonics-1997-05-25_mod.txt,677,1356,0.106,0.287,-20,0.332,2.263,UK_tidetimes,0,nein
Out_Skerries.json,60.4167,-0.7500,2026,"Out Skerries (Shetlands), Scotland, United Kingdom",harmonics_utide_tidetables.txt,677,1356,0.0952,0.311,0,0.016,2.299,UK_tidetimes,1,nein
Outer_Westmark_Knock.json,52.8833,0.2167,2026,"Outer Westmark Knock, England, United Kingdom",harmonics_utide_tidetables.txt,0,1356,0.2853,1.268,-10,-0.048,7.584,UK_tidetimes,1,nein
Owston_Ferry.json,53.4833,-0.7667,2026,"Owston Ferry, England, United Kingdom",harmonics_utide_tidetables.txt,628,677,0.4611,1.215,10,-0.048,3.409,UK_tidetimes,1,nein
Padstow.json,50.5500,-4.9333,2026,"Padstow, England, United Kingdom",harmonics_noaa_eutt.txt,957,1361,0.397,1.19,-30,0.55,7.57,UK_tidetimes,0,nein
Padstow.json,50.5500,-4.9333,2026,"Padstow, England, United Kingdom",harmonics_utide_tidetables.txt,957,1361,0.3287,1.452,-10,-0.079,7.187,UK_tidetimes,1,nein
Pagham.json,50.7667,-0.7167,2026,"Pagham, England, United Kingdom",harmonics_utide_tidetables.txt,0,1354,0.2387,0.86,-10,0.052,5.477,UK_tidetimes,1,nein
Par.json,50.3500,-4.7000,2026,"Par, England, United Kingdom",harmonics_utide_tidetables.txt,737,1354,0.2149,0.875,-10,-0.048,5.01,UK_tidetimes,1,nein
Peel.json,54.2333,-4.7000,2026,"Peel, Isle of Man",harmonics_noaa_eutt.txt,699,1353,0.2157,0.848,0,-0.013,5.351,UK_tidetimes,0,nein
Peel.json,54.2333,-4.7000,2026,"Peel, Isle of Man",harmonics_utide_tidetables.txt,699,1353,0.253,0.891,0,0.023,5.08,UK_tidetimes,1,nein
Perranporth.json,50.3500,-5.1500,2026,"Perranporth, England, United Kingdom",harmonics_utide_tidetables.txt,610,1362,0.2861,1.172,0,-0.095,6.819,UK_tidetimes,1,nein
Perth.json,56.4000,-3.4167,2026,"Perth, Scotland, United Kingdom",harmonics_utide_tidetables.txt,1707,1353,0.1717,0.648,-10,0.014,4.143,UK_tidetimes,1,nein
Peterhead.json,57.5000,-1.7667,2026,"Peterhead, Scotland, United Kingdom",harmonics_noaa_eutt.txt,455,1353,0.1547,0.444,-40,0.166,3.76,UK_tidetimes,0,nein
Peterhead.json,57.5000,-1.7667,2026,"Peterhead, Scotland, United Kingdom",harmonics_utide_tidetables.txt,455,1353,0.1415,0.626,0,0.02,3.934,UK_tidetimes,1,nein
Pierowall.json,59.3167,-2.9833,2026,"Pierowall, Scotland, United Kingdom",harmonics_noaa_eutt.txt,423,1357,0.1327,0.366,0,0.215,3.711,UK_tidetimes,0,nein
Pierowall.json,59.3167,-2.9833,2026,"Pierowall, Scotland, United Kingdom",harmonics_utide_tidetables.txt,423,1357,0.1559,0.5,-10,0.012,3.744,UK_tidetimes,1,nein
Plockton.json,57.3500,-5.6500,2026,"Plockton, Scotland, United Kingdom",harmonics_utide_tidetables.txt,988,1356,0.2015,0.986,-10,-0.035,5.783,UK_tidetimes,1,nein
Poole_(Entrance).json,50.6833,-1.9500,2026,"Poole (Entrance), England, United Kingdom",harmonics_utide_tidetables.txt,109,1353,0.0814,0.363,0,0.022,2.336,UK_tidetimes,1,nein
Poole_(Entrance).json,50.6833,-1.9500,2026,"Pottery Pier (Brownsea Island), England, United Kingdom",harmonics_utide_tidetables.txt,2888,1353,0.1787,0.481,30,0.096,1.98,UK_tidetimes,1,nein
Poole_Harbour.json,50.7167,-1.9833,2026,"Poole Harbour, England, United Kingdom",harmonics_utide_tidetables.txt,764,1353,0.1862,0.847,-130,0.252,2.636,UK_tidetimes,1,nein
Poole_Harbour.json,50.7167,-1.9833,2026,"Pottery Pier (Brownsea Island), England, United Kingdom",harmonics_utide_tidetables.txt,2699,1353,0.1746,0.532,20,0.084,1.98,UK_tidetimes,1,nein
Porlock_Bay.json,51.2167,-3.6333,2026,"Porlock Bay, England, United Kingdom",harmonics_utide_tidetables.txt,1216,1361,0.4653,2.036,0,-0.089,10.285,UK_tidetimes,1,nein
Port_Appin.json,56.5500,-5.4167,2026,"Port Appin, Loch Linnhe, Scotland, United Kingdom",harmonics_noaa_eutt.txt,2,1357,0.1856,0.585,0,0.438,3.946,UK_tidetimes,0,nein
Port_Appin.json,56.5500,-5.4167,2026,"Port Appin, Scotland, United Kingdom",harmonics_utide_tidetables.txt,419,1357,0.1597,0.761,0,-0.042,3.874,UK_tidetimes,1,nein
Port_Askaig.json,55.8500,-6.1000,2026,"Port Askaig, Sound of Jura, Scotland, United Kingdom",harmonics_noaa_eutt.txt,0,1357,0.112,0.342,-10,0.197,2.003,UK_tidetimes,0,nein
Port_Askaig.json,55.8500,-6.1000,2026,"Port Askaig (Islay), Scotland, United Kingdom",harmonics_utide_tidetables.txt,356,1357,0.1445,0.698,50,0.118,2.552,UK_tidetimes,1,nein
Port_Cardigan.json,52.1167,-4.6833,2026,"Port Cardigan, Wales, United Kingdom",harmonics_utide_tidetables.txt,353,1357,0.1414,0.743,0,-0.017,5.014,UK_tidetimes,1,nein
Port_Dinorwic.json,53.1833,-4.2167,2026,"Port Dinorwic, Wales, United Kingdom",harmonics_utide_tidetables.txt,539,1357,0.2185,0.792,0,0.049,5.449,UK_tidetimes,1,nein
Port_Glasgow.json,55.9333,-4.6833,2026,"Port Glasgow, Scotland, United Kingdom",harmonics_utide_tidetables.txt,275,1349,0.2801,1.371,0,-0.016,3.97,UK_tidetimes,1,nein
Port_Of_Bristol_(Avonmouth).json,51.5000,-2.7333,2026,"Portbury, England, United Kingdom",harmonics_ticon4_worldwide.txt,341,1356,0.3077,1.835,-10,6.885,13.841,UK_tidetimes,0,nein
Port_Of_Bristol_(Avonmouth).json,51.5000,-2.7333,2026,"Avonmouth (Port of Bristol), England, United Kingdom",harmonics_ticon4_worldwide.txt,1747,1356,0.2909,1.763,-10,6.893,13.966,UK_tidetimes,0,nein
Port_St._Mary.json,54.0667,-4.7333,2026,"Port Saint Mary, Isle of Man",harmonics_utide_tidetables.txt,482,1358,0.2698,1.0,0,0.057,5.832,UK_tidetimes,1,nein
Port_Sutton_Bridge.json,52.7667,0.2000,2026,"Port Sutton Bridge, England, United Kingdom",harmonics_utide_tidetables.txt,344,1353,0.249,0.972,-10,-0.015,6.973,UK_tidetimes,1,nein
Port_Talbot.json,51.5833,-3.8167,2026,"Port Talbot, Wales, United Kingdom",harmonics_utide_tidetables.txt,1231,1357,0.3988,1.746,-10,-0.083,9.854,UK_tidetimes,1,nein
Port_William.json,54.7667,-4.5833,2026,"Port William, Scotland, United Kingdom",harmonics_utide_tidetables.txt,658,857,0.1638,0.541,-20,0.053,6.613,UK_tidetimes,1,nein
Portavogie.json,54.4500,-5.4333,2026,"Portavogie, Northern Ireland, United Kingdom",harmonics_utide_tidetables.txt,796,1358,0.2029,0.796,0,0.033,4.701,UK_tidetimes,1,nein
Porth_Dinllaen.json,52.9500,-4.5667,2026,"Porth Dinllaen, Wales, United Kingdom",harmonics_utide_tidetables.txt,395,1357,0.1882,0.631,0,0.017,5.01,UK_tidetimes,1,nein
Porth_Trecastell.json,53.2000,-4.5000,2026,"Porth Trecastell, Wales, United Kingdom",harmonics_utide_tidetables.txt,714,1357,0.1848,0.64,0,0.043,5.075,UK_tidetimes,1,nein
Porth_Ysgaden.json,52.9000,-4.6500,2026,"Porth Ysgaden, Wales, United Kingdom",harmonics_utide_tidetables.txt,467,1357,0.158,0.58,0,0.024,4.741,UK_tidetimes,1,nein
Porthcawl.json,51.4667,-3.7000,2026,"Porthcawl, Bristol Channel, Wales, United Kingdom",harmonics_noaa_eutt.txt,4,1357,0.4949,1.275,-40,-0.146,9.628,UK_tidetimes,0,nein
Porthcawl.json,51.4667,-3.7000,2026,"Porthcawl, Wales, United Kingdom",harmonics_utide_tidetables.txt,716,1357,0.4175,1.95,0,-0.089,10.319,UK_tidetimes,1,nein
Porthgain.json,51.9500,-5.1833,2026,"Porthgain, Wales, United Kingdom",harmonics_utide_tidetables.txt,200,1356,0.1534,0.749,-10,-0.031,4.685,UK_tidetimes,1,nein
Porthleven.json,50.0833,-5.3167,2026,"Porthleven, England, United Kingdom",harmonics_utide_tidetables.txt,0,1354,0.2259,0.942,-10,-0.046,5.221,UK_tidetimes,1,nein
Porthmadog.json,52.9167,-4.1333,2026,"Porthmadog, Wales, United Kingdom",harmonics_utide_tidetables.txt,0,679,0.1633,0.533,10,0.032,5.361,UK_tidetimes,1,nein
Portmahomack.json,57.8333,-3.8333,2026,"Portmahomack, Scotland, United Kingdom",harmonics_noaa_eutt.txt,529,1357,0.1216,0.405,-50,0.331,3.938,UK_tidetimes,0,nein
Portmahomack.json,57.8333,-3.8333,2026,"Portmahomack, Scotland, United Kingdom",harmonics_utide_tidetables.txt,529,1357,0.153,0.644,0,0.033,3.843,UK_tidetimes,1,nein
Portnancon.json,58.5000,-4.7000,2026,"Portnancon, Scotland, United Kingdom",harmonics_utide_tidetables.txt,284,1357,0.1726,0.886,0,-0.002,5.332,UK_tidetimes,1,nein
Portree.json,57.4000,-6.1833,2026,"Portree, Raasey Sound, Scotland, United Kingdom",harmonics_noaa_eutt.txt,2,1357,0.2072,0.577,-20,0.625,5.359,UK_tidetimes,0,nein
Portree.json,57.4000,-6.1833,2026,"Portree (Skye), Scotland, United Kingdom",harmonics_utide_tidetables.txt,1271,1357,0.1903,0.895,-10,-0.038,5.654,UK_tidetimes,1,nein
Portrush.json,55.2000,-6.6667,2026,"Portrush, Northern Ireland, United Kingdom",harmonics-dwf-20100529-nonfree_mod.txt,974,1361,0.0373,0.256,-10,0.007,2.389,UK_tidetimes,0,nein
Pottery_Pier.json,50.7000,-1.9833,2026,"Pottery Pier (Brownsea Island), England, United Kingdom",harmonics_utide_tidetables.txt,894,1356,0.0703,0.285,0,0.019,1.98,UK_tidetimes,1,nein
Pottery_Pier.json,50.7000,-1.9833,2026,"Poole Harbour, England, United Kingdom",harmonics_utide_tidetables.txt,1544,1356,0.2115,0.629,-170,0.224,2.637,UK_tidetimes,1,nein
Preston.json,53.7500,-2.7500,2026,"Preston, England, United Kingdom",harmonics_utide_tidetables.txt,902,1359,0.4381,1.503,0,0.023,7.015,UK_tidetimes,1,nein
Pwllheli.json,52.8833,-4.4000,2026,"Pwllheli, Wales, United Kingdom",harmonics_utide_tidetables.txt,540,1356,0.1669,0.807,0,0.004,5.646,UK_tidetimes,1,nein
Quigleys_Point.json,55.1333,-7.1833,2026,"Quigley's Point, Ireland",harmonics_utide_tidetables.txt,1504,1353,0.1248,0.59,0,-0.027,2.618,UK_tidetimes,1,nein
Quoile_Barrier.json,54.3667,-5.6833,2026,"Quoile Barrier, Northern Ireland, United Kingdom",harmonics_utide_tidetables.txt,301,1356,0.1887,0.686,0,0.001,3.95,UK_tidetimes,1,nein
Ramsey.json,54.3167,-4.3667,2026,"Ramsey, Isle of Man",harmonics_noaa_eutt.txt,443,1357,0.2855,1.027,-10,0.079,7.095,UK_tidetimes,0,nein
Ramsey.json,54.3167,-4.3667,2026,"Ramsey, Isle of Man",harmonics_utide_tidetables.txt,443,1357,0.3221,1.213,0,0.06,7.308,UK_tidetimes,1,nein
Ramsey_Sound.json,51.8833,-5.3167,2026,"Ramsey Sound, Wales, United Kingdom",harmonics_utide_tidetables.txt,0,1356,0.1884,0.898,-10,-0.044,5.384,UK_tidetimes,1,nein
Ramsgate.json,51.3333,1.4167,2026,"Ramsgate, England, United Kingdom",harmonics_noaa_eutt.txt,420,1352,0.2257,0.725,-30,0.099,5.472,UK_tidetimes,0,nein
Ramsgate.json,51.3333,1.4167,2026,"Ramsgate, England, United Kingdom",harmonics_utide_tidetables.txt,420,1352,0.2346,0.815,0,0.027,5.289,UK_tidetimes,1,nein
Rapness.json,59.2500,-2.8667,2026,"Rapness (Westray), Scotland, United Kingdom",harmonics_utide_tidetables.txt,494,1357,0.1365,0.456,-10,0.01,3.627,UK_tidetimes,1,nein
Rathmullan.json,55.1000,-7.5333,2026,"Rathmullan, Ireland",harmonics_utide_tidetables.txt,648,1344,0.3768,1.892,0,-0.096,4.36,UK_tidetimes,1,nein
Red_Bay.json,55.0667,-6.0500,2026,"Red Bay, Northern Ireland, United Kingdom",harmonics_noaa_eutt.txt,225,1361,0.1581,0.486,-40,0.007,2.213,UK_tidetimes,0,nein
Red_Bay.json,55.0667,-6.0500,2026,"Red Bay, Northern Ireland, United Kingdom",harmonics_utide_tidetables.txt,225,1361,0.0808,0.264,-10,0.006,1.669,UK_tidetimes,1,nein
Redbridge.json,50.9167,-1.4667,2026,"Redbridge, England, United Kingdom",harmonics_utide_tidetables.txt,797,2031,0.1299,0.756,-10,0.003,4.659,UK_tidetimes,1,nein
Redkirk.json,54.9833,-3.1000,2026,"Redkirk (Gretna), Scotland, United Kingdom",harmonics_utide_tidetables.txt,1013,673,0.8581,2.001,40,0.105,3.217,UK_tidetimes,1,nein
Rhu_Marina.json,56.0167,-4.7667,2026,"Rhu Marina, Scotland, United Kingdom",harmonics_utide_tidetables.txt,670,1290,0.4094,1.773,-10,-0.065,4.117,UK_tidetimes,1,nein
Rhu_Marina.json,56.0167,-4.7667,2026,"Rosneath, Scotland, United Kingdom",harmonics_utide_tidetables.txt,1928,1290,0.4109,1.759,0,-0.059,4.125,UK_tidetimes,1,nein
Rhu_Marina.json,56.0167,-4.7667,2026,"Helensburgh, Scotland, United Kingdom",harmonics_utide_tidetables.txt,2510,1290,0.2231,0.812,0,-0.11,3.7,UK_tidetimes,1,nein
Richborough.json,51.3000,1.3500,2026,"Richborough, England, United Kingdom",harmonics_utide_tidetables.txt,819,1065,0.5605,2.231,-10,-0.134,5.064,UK_tidetimes,1,nein
Richmond_Lock.json,51.4667,-0.3167,2026,"Richmond Lock, England, United Kingdom",harmonics_utide_tidetables.txt,464,1139,0.3283,1.186,-10,-0.129,5.884,UK_tidetimes,0,nein
River_Boyne_Entrance.json,53.7167,-6.2333,2026,"River Boyne Entrance, Ireland",harmonics_utide_tidetables.txt,758,1357,0.2117,0.823,-10,0.036,5.009,UK_tidetimes,1,nein
River_Foyle_(Lisahally).json,55.0500,-7.2667,2026,"River Foyle (Lisahally), Northern Ireland, United Kingdom",harmonics_utide_tidetables.txt,861,1361,0.0996,0.453,0,-0.005,3.053,UK_tidetimes,1,nein
River_Foyle_(Lisahally).json,55.0500,-7.2667,2026,"Culmore Point, Northern Ireland, United Kingdom",harmonics_utide_tidetables.txt,918,1361,0.1465,0.507,0,0.019,2.936,UK_tidetimes,1,nein
River_Neath_Entrance.json,51.6167,-3.8500,2026,"River Neath Entrance, Wales, United Kingdom",harmonics_utide_tidetables.txt,0,679,0.2403,0.846,10,0.604,9.376,UK_tidetimes,1,nein
River_Tay_Bar.json,56.4667,-2.6333,2026,"River Tay Bar, Scotland, United Kingdom",harmonics_utide_tidetables.txt,0,1353,0.1889,0.742,0,-0.008,5.573,UK_tidetimes,1,nein
River_Tay_Bar.json,56.4667,-2.6333,2026,"Tay River Bar, Scotland, United Kingdom",harmonics_noaa_eutt.txt,4,1353,0.1714,0.452,-30,0.08,5.206,UK_tidetimes,0,nein
River_Tees_Entrance.json,54.6333,-1.1500,2026,"River Tees (Teesmouth), England, United Kingdom",harmonics-1997-05-25_mod.txt,1075,1358,0.0797,0.406,-10,-0.025,5.862,UK_tidetimes,0,nein
River_Tees_Entrance.json,54.6333,-1.1500,2026,"River Tees (Teesmouth), England, United Kingdom",harmonics_utide_tidetables.txt,1075,1358,0.2158,0.763,0,-0.034,5.449,UK_tidetimes,1,nein
River_Tees_Entrance.json,54.6333,-1.1500,2026,"River Tees (Teesmouth), England, United Kingdom",harmonics_noaa_eutt.txt,1075,1358,0.1776,0.524,0,-0.033,5.229,UK_tidetimes,0,nein
River_Tyne_(North_Shields).json,55.0000,-1.4333,2026,"North Shields (River Tyne), England, United Kingdom",harmonics-dwf-20100529-nonfree_mod.txt,920,1358,0.0448,0.404,-10,0.014,5.379,UK_tidetimes,0,nein
River_Tyne_(North_Shields).json,55.0000,-1.4333,2026,"Tynemouth Lighthouse, England, United Kingdom",harmonics-1997-05-25_mod.txt,2516,1358,0.072,0.425,-10,0.113,5.52,UK_tidetimes,0,nein
River_Tyne_(North_Shields).json,55.0000,-1.4333,2026,"Tynemouth Lighthouse, England, United Kingdom",harmonics-pierre-lavergne-v10_mod.txt,2516,1358,0.072,0.425,-10,0.113,5.52,UK_tidetimes,0,nein
River_Yealm_Entrance.json,50.3167,-4.0667,2026,"River Yealm Entrance, England, United Kingdom",harmonics_utide_tidetables.txt,647,1353,0.222,0.926,0,-0.049,5.281,UK_tidetimes,1,nein
Roa_Island.json,54.0667,-3.1667,2026,"Roa Island, England, United Kingdom",harmonics_utide_tidetables.txt,787,1357,0.3969,1.512,0,0.076,9.004,UK_tidetimes,1,nein
Roa_Island.json,54.0667,-3.1667,2026,"Haws Point, England, United Kingdom",harmonics_utide_tidetables.txt,1853,1357,0.3854,1.478,-10,-0.011,9.025,UK_tidetimes,1,nein
Roberts_Cove.json,51.7500,-8.3167,2026,"Roberts Cove, Ireland",harmonics_utide_tidetables.txt,714,1362,0.1712,0.689,0,-0.031,3.808,UK_tidetimes,1,nein
Rochester_(Strood_Pier).json,51.4000,0.5000,2026,"Rochester (Strood Pier), England, United Kingdom",harmonics_utide_tidetables.txt,546,1352,0.3781,1.587,0,-0.024,6.36,UK_tidetimes,1,nein
Rochford.json,51.5833,0.7167,2026,"Rochford, England, United Kingdom",harmonics_utide_tidetables.txt,1030,676,0.209,0.583,-10,0.019,3.523,UK_tidetimes,1,nein
Rockall.json,57.6000,-13.6833,2026,"Rockall, Scotland, United Kingdom",harmonics_utide_tidetables.txt,0,1357,0.1129,0.482,-10,-0.023,3.116,UK_tidetimes,1,nein
Rona.json,59.1333,-5.8167,2026,"Rona, Scotland, United Kingdom",harmonics_utide_tidetables.txt,960,1325,0.3004,1.822,0,-0.048,3.781,UK_tidetimes,1,nein
Rosneath.json,56.0000,-4.7833,2026,"Rosneath, Scotland, United Kingdom",harmonics_utide_tidetables.txt,853,1290,0.4104,1.757,0,-0.058,4.125,UK_tidetimes,1,nein
Rosneath.json,56.0000,-4.7833,2026,"Rhu Marina, Scotland, United Kingdom",harmonics_utide_tidetables.txt,1483,1290,0.4085,1.769,-10,-0.064,4.116,UK_tidetimes,1,nein
Rosneath.json,56.0000,-4.7833,2026,"Helensburgh, Scotland, United Kingdom",harmonics_utide_tidetables.txt,2846,1290,0.2218,0.791,0,-0.109,3.7,UK_tidetimes,1,nein
Rosyth.json,56.0167,-3.4500,2026,"Rosyth, Scotland, United Kingdom",harmonics-1997-05-25_mod.txt,406,1353,0.1364,0.741,0,-0.059,6.408,UK_tidetimes,0,nein
Rosyth.json,56.0167,-3.4500,2026,"Rosyth, Scotland, United Kingdom",harmonics_utide_tidetables.txt,406,1353,0.2132,0.896,0,-0.019,6.096,UK_tidetimes,1,nein
Rothesay_Bay.json,55.8333,-5.0500,2026,"Rothesay (Bute), Scotland, United Kingdom",harmonics_utide_tidetables.txt,628,1357,0.1591,0.567,-10,0.021,3.817,UK_tidetimes,1,nein
Rothesay_Bay.json,55.8333,-5.0500,2026,"Rothesay (Bute), Scotland, United Kingdom",harmonics_utide_observations.txt,630,1357,0.1279,0.325,0,0.068,3.728,UK_tidetimes,0,nein
Rothesay_Bay.json,55.8333,-5.0500,2026,"Rothesay Bay, Firth of Clyde, Scotland, United Kingdom",harmonics_noaa_eutt.txt,1853,1357,0.1626,0.578,0,0.256,3.905,UK_tidetimes,0,nein
Roundstone_Bay.json,53.3833,-9.9167,2026,"Roundstone Bay, Ireland",harmonics_utide_tidetables.txt,1466,1352,0.2831,1.366,0,-0.067,4.143,UK_tidetimes,1,nein
Rubh_A_Mhail.json,55.9333,-6.1167,2026,"Rudha Mhail, Isle of Islay, Scotland, United Kingdom",harmonics_noaa_eutt.txt,4,1357,0.1563,0.568,-10,0.3,3.657,UK_tidetimes,0,nein
Rubh_A_Mhail.json,55.9333,-6.1167,2026,"Rubh' A' Mhail (Islay), Scotland, United Kingdom",harmonics_utide_tidetables.txt,378,1357,0.1465,0.738,0,-0.034,3.595,UK_tidetimes,1,nein
Rubha_A_Bhodaich.json,55.9167,-5.1500,2026,"Rubha A' Bhodaich (Bute), Scotland, United Kingdom",harmonics_utide_tidetables.txt,735,1358,0.1416,0.549,-10,0.015,3.254,UK_tidetimes,1,nein
Rubha_Na_Creige.json,56.4667,-5.1833,2026,"Rubha Na Creige, Scotland, United Kingdom",harmonics_utide_tidetables.txt,0,1361,0.0708,0.318,0,0.003,2.107,UK_tidetimes,1,nein
Ryde.json,50.7333,-1.1667,2026,"Ryde (Isle of Wight), England, United Kingdom",harmonics_utide_tidetables.txt,0,1354,0.1862,0.749,0,0.042,4.214,UK_tidetimes,1,nein
Rye_(Approaches).json,50.9167,0.7833,2026,"Rye (Approaches), England, United Kingdom",harmonics_utide_tidetables.txt,0,677,0.3901,1.308,20,0.066,8.524,UK_tidetimes,1,nein
Rye_(Approaches).json,50.9167,0.7833,2026,"Rye (Harbour), England, United Kingdom",harmonics_utide_tidetables.txt,2809,677,0.4035,1.047,0,2.416,5.569,UK_tidetimes,1,nein
Rye_(Harbour).json,50.9333,0.7667,2026,"Rye (Harbour), England, United Kingdom",harmonics_utide_tidetables.txt,641,677,0.4035,1.047,0,0.016,5.569,UK_tidetimes,1,nein
Rye_(Harbour).json,50.9333,0.7667,2026,"Rye (Approaches), England, United Kingdom",harmonics_utide_tidetables.txt,2191,677,0.3901,1.308,20,-2.334,8.524,UK_tidetimes,1,nein
S.E._Long_Sand.json,51.5333,1.3500,2026,"S.E. Long Sand, England, United Kingdom",harmonics_utide_tidetables.txt,0,1354,0.2106,0.755,0,0.025,4.938,UK_tidetimes,1,nein
Salcombe.json,50.2167,-3.7833,2026,"Salcombe, Salcombe River, England, United Kingdom",harmonics_noaa_eutt.txt,4,1353,0.2359,0.771,-60,-0.102,4.894,UK_tidetimes,0,nein
Salcombe.json,50.2167,-3.7833,2026,"Salcombe, England, United Kingdom",harmonics_utide_tidetables.txt,2374,1353,0.2125,0.964,-10,-0.039,4.822,UK_tidetimes,1,nein
Salen.json,56.7167,-5.7833,2026,"Salen, Scotland, United Kingdom",harmonics_utide_tidetables.txt,482,1356,0.1737,0.778,0,-0.042,4.587,UK_tidetimes,1,nein
Salen_(Sound_Of_Mull).json,56.5167,-5.9500,2026,"Salen (Sound Of Mull), Scotland, United Kingdom",harmonics_utide_tidetables.txt,1170,1357,0.1576,0.788,0,-0.034,4.148,UK_tidetimes,1,nein
Saltash.json,50.4000,-4.2000,2026,"Saltash, England, United Kingdom",harmonics_utide_tidetables.txt,820,1354,0.2206,1.006,0,-0.047,5.316,UK_tidetimes,1,nein
Saltash.json,50.4000,-4.2000,2026,"Jupiter Point, England, United Kingdom",harmonics_utide_tidetables.txt,2336,1354,0.2275,1.013,0,0.03,5.373,UK_tidetimes,1,nein
Scalasaig.json,56.0667,-6.1833,2026,"Scalasaig (Colonsay), Scotland, United Kingdom",harmonics_utide_tidetables.txt,238,1357,0.1365,0.614,0,-0.034,3.504,UK_tidetimes,1,nein
Scalloway.json,60.1333,-1.2667,2026,"Scalloway, Scotland, United Kingdom",harmonics_noaa_eutt.txt,4,1357,0.079,0.284,0,0.021,1.484,UK_tidetimes,0,nein
Scalloway.json,60.1333,-1.2667,2026,"Scalloway (Shetlands), Scotland, United Kingdom",harmonics_utide_tidetables.txt,586,1357,0.1057,0.347,-30,-0.048,1.717,UK_tidetimes,1,nein
Schull.json,51.5167,-9.5333,2026,"Schull, Ireland",harmonics_utide_tidetables.txt,1133,1361,0.1394,0.538,0,-0.021,3.019,UK_tidetimes,1,nein
Scolpaig.json,57.6500,-7.4833,2026,"Scolpaig (North Uist), Scotland, United Kingdom",harmonics_utide_tidetables.txt,262,1356,0.1355,0.588,-10,-0.027,3.927,UK_tidetimes,1,nein
Scrabster.json,58.6167,-3.5500,2026,"Scrabster, Scotland, United Kingdom",harmonics-1997-05-25_mod.txt,832,1356,0.1195,0.505,-10,-0.346,4.669,UK_tidetimes,0,nein
Scrabster.json,58.6167,-3.5500,2026,"Scrabster, Scotland, United Kingdom",harmonics_utide_tidetables.txt,832,1356,0.1622,0.617,0,0.019,5.183,UK_tidetimes,1,nein
Scrabster.json,58.6167,-3.5500,2026,"Thurso, Scotland, United Kingdom",harmonics_noaa_eutt.txt,1853,1356,0.2037,0.645,0,0.456,4.722,UK_tidetimes,0,nein
Sea_Mills.json,51.4833,-2.6500,2026,"Sea Mills, England, United Kingdom",harmonics_utide_tidetables.txt,337,1357,0.5026,2.139,-10,0.027,12.848,UK_tidetimes,1,nein
Sea_Mills.json,51.4833,-2.6500,2026,"Shirehampton, England, United Kingdom",harmonics_utide_tidetables.txt,2308,1357,0.5334,2.468,-10,-0.673,13.36,UK_tidetimes,1,nein
Seafield_Point.json,52.8000,-9.5000,2026,"Quilty Pier (Seafield), Ireland",harmonics_utide_tidetables.txt,1369,681,0.1553,0.413,0,0.011,5.208,UK_tidetimes,1,nein
Seaham.json,54.8333,-1.3167,2026,"Seaham, England, United Kingdom",harmonics_noaa_eutt.txt,706,1355,0.2101,0.575,-10,-0.009,5.018,UK_tidetimes,0,nein
Seaham.json,54.8333,-1.3167,2026,"Seaham, England, United Kingdom",harmonics_utide_tidetables.txt,706,1355,0.2501,1.23,0,-0.042,5.375,UK_tidetimes,1,nein
Seamount_Bay.json,55.1833,-7.7333,2026,"Seamount Bay, Ireland",harmonics_utide_tidetables.txt,239,681,0.0882,0.252,50,0.05,2.274,UK_tidetimes,1,nein
Seil_Sound.json,56.3000,-5.5833,2026,"Seil Sound (Balvicar), Scotland, United Kingdom",harmonics_utide_tidetables.txt,819,1357,0.1058,0.456,0,-0.03,2.59,UK_tidetimes,1,nein
Selsey_Bill.json,50.7333,-0.7833,2026,"Selsey Bill, England, United Kingdom",harmonics_noaa_eutt.txt,1189,1354,0.3258,1.171,100,-0.222,6.045,UK_tidetimes,0,nein
Selsey_Bill.json,50.7333,-0.7833,2026,"Selsey Bill, England, United Kingdom",harmonics_utide_tidetables.txt,1189,1354,0.2177,0.85,-10,0.04,5.165,UK_tidetimes,1,nein
Sennen_Cove.json,50.0833,-5.7000,2026,"Sennen Cove, England, United Kingdom",harmonics_utide_tidetables.txt,583,682,0.0768,0.257,-20,0.032,6.421,UK_tidetimes,1,nein
Sharpness_Dock.json,51.7167,-2.4833,2026,"Sharpness Dock, England, United Kingdom",harmonics_utide_tidetables.txt,89,1094,0.4984,2.571,0,0.011,11.083,UK_tidetimes,1,nein
Sharpness_Dock.json,51.7167,-2.4833,2026,"Wellhouse Rock, River Severn, England, United Kingdom",harmonics-1997-05-25_mod.txt,1816,1094,0.8655,2.473,0,0.015,9.503,UK_tidetimes,0,nein
Sharpness_Dock.json,51.7167,-2.4833,2026,"Wellhouse Rock, England, United Kingdom",harmonics_utide_tidetables.txt,1816,1094,0.5561,2.428,10,-0.018,10.609,UK_tidetimes,1,nein
Sharpness_Dock.json,51.7167,-2.4833,2026,"Berkeley, England, United Kingdom",harmonics_utide_tidetables.txt,2180,1094,0.4497,2.688,-10,-0.069,11.169,UK_tidetimes,1,nein
Shieldaig.json,57.5167,-5.6500,2026,"Shieldaig, Scotland, United Kingdom",harmonics_utide_tidetables.txt,317,1356,0.2016,0.968,-10,-0.034,5.981,UK_tidetimes,1,nein
Shillay.json,57.5333,-7.7000,2026,"Shillay (Monach Islands), Scotland, United Kingdom",harmonics_utide_tidetables.txt,0,1356,0.1815,0.774,-10,-0.039,4.525,UK_tidetimes,1,nein
Shirehampton.json,51.4833,-2.6833,2026,"Shirehampton, England, United Kingdom",harmonics_utide_tidetables.txt,0,1357,0.5117,2.065,-10,0.005,13.363,UK_tidetimes,1,nein
Shirehampton.json,51.4833,-2.6833,2026,"Sea Mills, England, United Kingdom",harmonics_utide_tidetables.txt,2340,1357,0.5592,1.935,10,0.621,12.85,UK_tidetimes,1,nein
Shivering_Sand.json,51.5000,1.0833,2026,"Shivering Sand, England, United Kingdom",harmonics_utide_tidetables.txt,0,1353,0.1091,0.719,-10,-0.035,5.504,UK_tidetimes,0,nein
Shoreham.json,50.8333,-0.2500,2026,"Shoreham (River Adur), England, United Kingdom",harmonics-1997-05-25_mod.txt,493,1353,0.1579,0.561,0,0.052,6.863,UK_tidetimes,0,nein
Shoreham.json,50.8333,-0.2500,2026,"Shoreham (River Adur), England, United Kingdom",harmonics_noaa_eutt.txt,493,1353,0.3285,1.169,-10,0.562,6.074,UK_tidetimes,0,nein
Shoreham.json,50.8333,-0.2500,2026,"Shoreham (River Adur), England, United Kingdom",harmonics_utide_tidetables.txt,493,1353,0.2717,0.999,-10,0.062,5.979,UK_tidetimes,1,nein
Silloth.json,54.8667,-3.4000,2026,"Silloth, England, United Kingdom",harmonics_noaa_eutt.txt,388,1357,0.3506,1.113,-10,0.031,9.124,UK_tidetimes,0,nein
Silloth.json,54.8667,-3.4000,2026,"Silloth, England, United Kingdom",harmonics_utide_tidetables.txt,388,1357,0.4332,1.593,0,0.059,9.48,UK_tidetimes,1,nein
Skegness.json,53.1500,0.3500,2026,"Skegness, England, United Kingdom",harmonics_noaa_eutt.txt,601,1353,0.3437,1.073,-50,-0.013,7.185,UK_tidetimes,0,nein
Skegness.json,53.1500,0.3500,2026,"Skegness, England, United Kingdom",harmonics_utide_tidetables.txt,601,1353,0.2533,1.22,-10,-0.05,6.945,UK_tidetimes,1,nein
Skomer_Island.json,51.7333,-5.2833,2026,"Skomer Island, Wales, United Kingdom",harmonics_utide_tidetables.txt,666,1356,0.2764,1.215,-10,-0.078,6.944,UK_tidetimes,1,nein
Skomer_Island.json,51.7333,-5.2833,2026,"Martin's Haven, Wales, United Kingdom",harmonics_utide_tidetables.txt,2655,1356,0.4157,1.462,10,0.082,6.527,UK_tidetimes,1,nein
Slaughden_Quay.json,52.1333,1.6000,2026,"Slaughden Quay, England, United Kingdom",harmonics_utide_tidetables.txt,918,1357,0.1254,0.458,0,0.006,2.749,UK_tidetimes,1,nein
Slaughden_Quay.json,52.1333,1.6000,2026,"Aldeburgh, England, United Kingdom",harmonics_utide_tidetables.txt,2191,1357,0.1854,0.594,-120,0.121,2.953,UK_tidetimes,1,nein
Sligo_Harbour_(Oyster_Island).json,54.3000,-8.5667,2026,"Sligo Harbour (Oyster Island), Ireland",harmonics_utide_tidetables.txt,293,1360,0.2292,1.075,0,-0.054,4.203,UK_tidetimes,1,nein
Slyne_Head.json,53.4000,-10.2333,2026,"Slyne Head, Ireland",harmonics_utide_tidetables.txt,208,682,0.0967,0.289,-10,0.001,4.84,UK_tidetimes,1,nein
Smerwick_Harbour.json,52.2000,-10.4000,2026,"Ard na Caithne (Smerwick Harbour), Ireland",harmonics_utide_tidetables.txt,1644,681,0.1297,0.482,-30,0.043,4.025,UK_tidetimes,1,nein
Solva.json,51.8667,-5.2000,2026,"Solva, Wales, United Kingdom",harmonics_utide_tidetables.txt,649,1356,0.2019,1.014,-10,-0.054,5.814,UK_tidetimes,1,nein
Sound_Of_Gigha.json,55.6833,-5.7333,2026,"Ardminish (Sound of Gigha), Scotland, United Kingdom",harmonics_utide_tidetables.txt,927,1349,0.0299,0.122,0,-0.009,0.971,UK_tidetimes,1,nein
Sound_Of_Ulva.json,56.4833,-6.1333,2026,"Sound Of Ulva, Scotland, United Kingdom",harmonics_utide_tidetables.txt,1110,1357,0.182,1.015,0,-0.047,4.399,UK_tidetimes,1,nein
South_Rock.json,54.4000,-5.4167,2026,"South Rock, Northern Ireland, United Kingdom",harmonics_utide_tidetables.txt,0,1358,0.2003,0.735,-10,0.03,4.557,UK_tidetimes,1,nein
Southend.json,51.5145,0.7238,2026,"Southend-on-Sea (Pier), England, United Kingdom",harmonics_utide_tidetables.txt,0,1358,0.1221,0.819,-10,-0.021,6.102,UK_tidetimes,0,nein
Southend_(Kintyre).json,55.3167,-5.6333,2026,"Southend (Kintyre), Scotland, United Kingdom",harmonics_utide_tidetables.txt,1433,1306,0.2339,1.08,0,-0.026,2.57,UK_tidetimes,1,nein
Southerness_Point.json,54.8667,-3.6000,2026,"Southerness Point, Scotland, United Kingdom",harmonics_utide_tidetables.txt,761,679,0.4759,1.737,10,0.044,9.773,UK_tidetimes,1,nein
Southport.json,53.6500,-3.0167,2026,"Southport, England, United Kingdom",harmonics_utide_tidetables.txt,670,679,0.2255,0.713,-20,0.097,9.171,UK_tidetimes,1,nein
Southwold.json,52.3167,1.6667,2026,"Southwold, England, United Kingdom",harmonics_utide_tidetables.txt,252,1357,0.1004,0.377,-10,0.018,2.373,UK_tidetimes,1,nein
Sovereign_Harbour.json,50.7833,0.3167,2026,"Sovereign Harbour, England, United Kingdom",harmonics_utide_tidetables.txt,1107,1361,0.3265,1.217,0,0.061,6.958,UK_tidetimes,1,nein
Sovereign_Harbour.json,50.7833,0.3167,2026,"Eastbourne, England, United Kingdom",harmonics_noaa_eutt.txt,2462,1361,0.3396,1.178,-10,0.503,7.095,UK_tidetimes,0,nein
Sovereign_Harbour.json,50.7833,0.3167,2026,"Eastbourne, England, United Kingdom",harmonics_utide_tidetables.txt,2462,1361,0.3024,1.098,0,0.13,7.148,UK_tidetimes,1,nein
Spurn_Head.json,53.5833,0.1167,2026,"Spurn Head, England, United Kingdom",harmonics_utide_tidetables.txt,879,1354,0.2687,1.048,-10,-0.057,6.722,UK_tidetimes,1,nein
St._Catherine_Bay.json,49.2167,-2.0167,2026,"St. Catherine Bay, Jersey, Channel Islands",harmonics_utide_tidetables.txt,753,1360,0.3936,1.872,-10,-0.061,11.549,UK_tidetimes,1,nein
St._Germans.json,50.3833,-4.3000,2026,"St. Germans, England, United Kingdom",harmonics_utide_tidetables.txt,864,1354,0.196,0.874,0,-0.04,4.784,UK_tidetimes,1,nein
St._Ives.json,50.2167,-5.4833,2026,"St. Ives, England, United Kingdom",harmonics_noaa_eutt.txt,526,1362,0.3055,1.226,30,-0.185,6.818,UK_tidetimes,0,nein
St._Ives.json,50.2167,-5.4833,2026,"St. Ives, England, United Kingdom",harmonics_utide_tidetables.txt,526,1362,0.27,1.07,-10,-0.086,6.511,UK_tidetimes,1,nein
St._Marys.json,49.9167,-6.3167,2026,"St. Mary's (Isles of Scilly), England, United Kingdom",harmonics_ticon4_worldwide.txt,142,1354,0.0519,0.344,-10,3.191,5.763,UK_tidetimes,0,nein
St._Marys_(Scapa_Flow).json,58.9000,-2.9167,2026,"St. Mary's (Scapa Flow), Scotland, United Kingdom",harmonics_utide_tidetables.txt,685,1357,0.1329,0.505,0,0.014,3.237,UK_tidetimes,1,nein
St._Thomass_Head.json,51.4000,-2.9333,2026,"St. Thomas's Head, England, United Kingdom",harmonics_utide_tidetables.txt,0,1356,0.5694,2.296,0,-0.05,13.283,UK_tidetimes,1,nein
St._Tudwals_Roads.json,52.8167,-4.4833,2026,"St. Tudwal's Roads, Wales, United Kingdom",harmonics_utide_tidetables.txt,0,1357,0.163,0.699,0,0.011,5.365,UK_tidetimes,1,nein
Stackpole_Quay.json,51.6167,-4.9000,2026,"Stackpole Quay, Wales, United Kingdom",harmonics_utide_tidetables.txt,816,1357,0.3088,1.349,0,-0.082,8.176,UK_tidetimes,1,nein
Stansore_Point.json,50.7833,-1.3333,2026,"Stansore Point, England, United Kingdom",harmonics_utide_tidetables.txt,614,1354,0.1676,0.584,0,0.033,3.874,UK_tidetimes,1,nein
Stansore_Point.json,50.7833,-1.3333,2026,"Cowes (Isle of Wight), England, United Kingdom",harmonics_noaa_eutt.txt,2986,1354,0.2806,0.935,100,0.378,4.648,UK_tidetimes,0,nein
Stansore_Point.json,50.7833,-1.3333,2026,"Cowes (Isle of Wight), England, United Kingdom",harmonics_utide_tidetables.txt,2988,1354,0.0958,0.439,10,-0.309,4.255,UK_tidetimes,1,nein
Start_Point.json,50.2167,-3.6500,2026,"Start Point, England, United Kingdom",harmonics_utide_tidetables.txt,907,1353,0.2148,1.013,-10,-0.049,5.261,UK_tidetimes,1,nein
Steep_Holm.json,51.3333,-3.1000,2026,"Steep Holm, England, United Kingdom",harmonics_utide_tidetables.txt,782,1356,0.5523,2.287,0,-0.088,12.019,UK_tidetimes,1,nein
Stirling.json,56.1167,-3.9333,2026,"Stirling, Scotland, United Kingdom",harmonics_utide_tidetables.txt,335,860,0.6252,1.921,-50,-0.175,2.576,UK_tidetimes,1,nein
Stoke_Gabriel_(Duncannon).json,50.4000,-3.6333,2026,"Stoke Gabriel (Duncannon), England, United Kingdom",harmonics_utide_tidetables.txt,521,1353,0.2569,1.052,0,-0.066,4.787,UK_tidetimes,1,nein
Stonehaven.json,56.9667,-2.2000,2026,"Stonehaven, Scotland, United Kingdom",harmonics_noaa_eutt.txt,751,1353,0.1701,0.443,-30,0.067,4.407,UK_tidetimes,0,nein
Stonehaven.json,56.9667,-2.2000,2026,"Stonehaven, Scotland, United Kingdom",harmonics_utide_tidetables.txt,751,1353,0.1638,0.672,-10,0.009,4.772,UK_tidetimes,1,nein
Stornoway.json,58.2000,-6.3833,2026,"Stornoway, Scotland, United Kingdom",harmonics_noaa_eutt.txt,2,1357,0.1604,0.533,-10,0.565,4.8,UK_tidetimes,0,nein
Stornoway.json,58.2000,-6.3833,2026,"Stornoway (Isle of Lewis), Scotland, United Kingdom",harmonics_ticon4_worldwide.txt,864,1357,0.065,0.472,-10,2.88,5.131,UK_tidetimes,0,nein
Stornoway.json,58.2000,-6.3833,2026,"Stornoway (Isle of Lewis), Scotland, United Kingdom",harmonics_utide_observations.txt,864,1357,0.0595,0.504,-10,-0.023,5.192,UK_tidetimes,0,nein
Strangford.json,54.3667,-5.5500,2026,"Strangford, Northern Ireland, United Kingdom",harmonics_noaa_eutt.txt,608,1357,0.2303,0.767,-30,0.014,4.175,UK_tidetimes,0,nein
Strangford.json,54.3667,-5.5500,2026,"Strangford, Northern Ireland, United Kingdom",harmonics_utide_tidetables.txt,608,1357,0.1732,0.635,0,0.009,3.839,UK_tidetimes,1,nein
Stranraer.json,54.9167,-5.0333,2026,"Stranraer, Scotland, United Kingdom",harmonics_utide_observations.txt,1182,1357,0.0573,0.196,-10,0.013,3.477,UK_tidetimes,0,nein
Stranraer.json,54.9167,-5.0333,2026,"Stranraer, Scotland, United Kingdom",harmonics_utide_tidetables.txt,1186,1357,0.1372,0.559,-10,0.021,3.464,UK_tidetimes,1,nein
Stroma.json,58.6667,-3.1333,2026,"Stroma, Scotland, United Kingdom",harmonics_utide_tidetables.txt,0,1355,0.1463,0.582,0,0.013,3.084,UK_tidetimes,1,nein
Stromness.json,58.9667,-3.3000,2026,"Stromness, Scotland, United Kingdom",harmonics_utide_tidetables.txt,545,1357,0.1273,0.455,0,0.015,3.774,UK_tidetimes,1,nein
Stromness.json,58.9667,-3.3000,2026,"Stromness, Scotland, United Kingdom",harmonics_utide_observations.txt,550,1357,0.0938,0.424,10,0.023,3.899,UK_tidetimes,0,nein
Sule_Skerry.json,59.0833,-4.4000,2026,"Sule Skerry, Scotland, United Kingdom",harmonics_utide_tidetables.txt,286,1357,0.1364,0.655,0,0.0,4.059,UK_tidetimes,1,nein
Sullom_Voe.json,60.4500,-1.3000,2026,"Sullom Voe (Shetlands), Scotland, United Kingdom",harmonics-1997-05-25_mod.txt,1079,1358,0.1038,0.338,-20,0.046,2.461,UK_tidetimes,0,nein
Sullom_Voe.json,60.4500,-1.3000,2026,"Sullom Voe (Shetlands), Scotland, United Kingdom",harmonics_utide_tidetables.txt,1079,1358,0.0898,0.323,0,0.013,2.584,UK_tidetimes,1,nein
Sumburgh_(Grutness_Voe).json,59.8833,-1.2833,2026,"Sumburgh (Grutness Voe), Scotland, United Kingdom",harmonics_utide_tidetables.txt,181,1358,0.0934,0.397,0,-0.003,1.969,UK_tidetimes,1,nein
Sunderland.json,54.9167,-1.3667,2026,"Sunderland, England, United Kingdom",harmonics_noaa_eutt.txt,477,1356,0.1804,0.521,0,0.017,5.012,UK_tidetimes,0,nein
Sunderland.json,54.9167,-1.3667,2026,"Sunderland, England, United Kingdom",harmonics_utide_tidetables.txt,477,1356,0.2058,0.664,-10,-0.027,5.307,UK_tidetimes,1,nein
Sunk_Dredged_Channel.json,53.6167,-0.0333,2026,"Sunk Dredged Channel, England, United Kingdom",harmonics_utide_tidetables.txt,0,1354,0.2834,1.077,-10,-0.049,6.872,UK_tidetimes,1,nein
Sunk_Head.json,51.7833,1.5000,2026,"Sunk Head, England, United Kingdom",harmonics_utide_tidetables.txt,0,1354,0.2006,0.72,0,0.016,4.011,UK_tidetimes,1,nein
Swansea.json,51.6167,-3.9167,2026,"Swansea (King's Dock), Wales, United Kingdom",harmonics-1997-05-25_mod.txt,891,1357,0.2145,1.227,0,-0.134,10.396,UK_tidetimes,0,nein
Swansea.json,51.6167,-3.9167,2026,"Swansea, Wales, United Kingdom",harmonics_utide_tidetables.txt,891,1357,0.3979,1.79,0,-0.084,9.853,UK_tidetimes,1,nein
Tabs_Head.json,52.9333,0.0833,2026,"Tabs Head, England, United Kingdom",harmonics_utide_tidetables.txt,91,1352,0.2783,1.284,-10,-0.035,8.172,UK_tidetimes,1,nein
Tanera_Mor.json,58.0167,-5.4000,2026,"Tanera Mòr, Scotland, United Kingdom",harmonics_utide_tidetables.txt,747,1356,0.181,0.878,-10,-0.026,5.22,UK_tidetimes,1,nein
Tarbert_Island.json,52.5833,-9.3500,2026,"Tarbert Island (River Shannon), Ireland",harmonics_utide_tidetables.txt,766,1361,0.2252,0.876,-10,-0.048,4.955,UK_tidetimes,1,nein
Tarbert_Island.json,52.5833,-9.3500,2026,"Tarbert Island (River Shannon), Ireland",harmonics-1997-05-25_mod.txt,768,1361,0.1022,0.442,-20,-0.052,5.355,UK_tidetimes,0,nein
Tarn_Point.json,54.2833,-3.4167,2026,"Tarn Point, England, United Kingdom",harmonics_utide_tidetables.txt,475,1358,0.3717,1.443,0,0.083,8.124,UK_tidetimes,1,nein
Tees_(Newport)_Bridge.json,54.5667,-1.2667,2026,"Tees (Newport) Bridge, England, United Kingdom",harmonics_utide_tidetables.txt,0,1357,0.251,0.913,-10,-0.047,5.488,UK_tidetimes,1,nein
Tenby.json,51.6667,-4.7000,2026,"Tenby, Bristol Channel, Wales, United Kingdom",harmonics_noaa_eutt.txt,4,1357,0.4292,1.1,-50,-0.105,8.011,UK_tidetimes,0,nein
Tenby.json,51.6667,-4.7000,2026,"Tenby, Wales, United Kingdom",harmonics_utide_tidetables.txt,880,1357,0.3496,1.541,-10,-0.085,8.774,UK_tidetimes,1,nein
Tighnabruaich.json,55.9167,-5.2167,2026,"Tighnabruaich, Scotland, United Kingdom",harmonics_utide_tidetables.txt,833,1357,0.1319,0.576,-10,0.018,3.252,UK_tidetimes,1,nein
Tilbury.json,51.4633,0.3583,2026,"Tilbury (Thames River), England, United Kingdom",harmonics_noaa_eutt.txt,1786,1357,0.3162,1.031,-30,0.148,6.678,UK_tidetimes,0,nein
Tilbury.json,51.4633,0.3583,2026,"Tilbury (Thames River), England, United Kingdom",harmonics_utide_tidetables.txt,1786,1357,0.1525,0.89,-10,-0.013,6.803,UK_tidetimes,0,nein
Tilbury.json,51.4633,0.3583,2026,"Gravesend, England, United Kingdom",harmonics_utide_tidetables.txt,2151,1357,0.3191,1.25,-10,0.06,6.776,UK_tidetimes,1,nein
Tingwall.json,59.0833,-3.0500,2026,"Tingwall, Scotland, United Kingdom",harmonics_utide_tidetables.txt,827,1357,0.1108,0.392,0,0.019,3.22,UK_tidetimes,1,nein
Tobermory.json,56.6167,-6.0667,2026,"Tobermory (Island of Mull), Scotland, United Kingdom",harmonics_ticon4_worldwide.txt,732,1357,0.0546,0.419,-10,2.717,4.734,UK_tidetimes,0,nein
Tobermory.json,56.6167,-6.0667,2026,"Tobermory, Sound of Mull, Scotland, United Kingdom",harmonics_noaa_eutt.txt,1018,1357,0.1995,0.649,0,0.593,4.434,UK_tidetimes,0,nein
Toft_Pier.json,60.4667,-1.2000,2026,"Toft Pier, Scotland, United Kingdom",harmonics_utide_tidetables.txt,313,1357,0.0972,0.34,-10,0.011,2.41,UK_tidetimes,1,nein
Topsham.json,50.6833,-3.4667,2026,"Topsham, England, United Kingdom",harmonics_utide_tidetables.txt,365,677,0.0649,0.29,20,-0.006,4.605,UK_tidetimes,1,nein
Topsham.json,50.6833,-3.4667,2026,"Turf Lock, England, United Kingdom",harmonics_utide_tidetables.txt,2084,677,0.0637,0.259,10,0.008,4.541,UK_tidetimes,1,nein
Torduff_Point.json,54.9667,-3.1500,2026,"Torduff Point, Scotland, United Kingdom",harmonics_utide_tidetables.txt,297,678,0.8402,2.056,10,0.042,4.921,UK_tidetimes,1,nein
Torquay.json,50.4667,-3.5333,2026,"Torquay, England, United Kingdom",harmonics_noaa_eutt.txt,894,1353,0.238,0.765,-40,0.68,4.4,UK_tidetimes,0,nein
Torquay.json,50.4667,-3.5333,2026,"Torquay, England, United Kingdom",harmonics_utide_tidetables.txt,894,1353,0.1933,0.784,-10,-0.044,4.731,UK_tidetimes,1,nein
Totland_Bay.json,50.6833,-1.5500,2026,"Totland Bay (Isle of Wight), England, United Kingdom",harmonics_utide_tidetables.txt,282,1353,0.1198,0.54,-10,0.044,2.185,UK_tidetimes,1,nein
Totland_Bay.json,50.6833,-1.5500,2026,"Hurst Point, England, United Kingdom",harmonics_utide_tidetables.txt,2750,1353,0.1313,0.516,-20,-0.052,2.259,UK_tidetimes,1,nein
Totnes.json,50.4333,-3.6833,2026,"Totnes, England, United Kingdom",harmonics_utide_tidetables.txt,501,1343,0.178,0.786,-10,-0.035,3.746,UK_tidetimes,1,nein
Trearddur_Bay.json,53.2667,-4.6167,2026,"Trearddur Bay, Wales, United Kingdom",harmonics_utide_tidetables.txt,1274,1357,0.1946,0.63,0,0.038,5.205,UK_tidetimes,1,nein
Trefor.json,53.0000,-4.4167,2026,"Trefor, Wales, United Kingdom",harmonics_utide_tidetables.txt,371,1357,0.1744,0.612,0,0.032,5.099,UK_tidetimes,1,nein
Troon.json,55.5500,-4.6833,2026,"Troon, Scotland, United Kingdom",harmonics_utide_tidetables.txt,114,1352,0.2479,1.245,0,-0.014,3.454,UK_tidetimes,1,nein
Truro.json,50.2667,-5.0500,2026,"Truro, England, United Kingdom",harmonics_utide_tidetables.txt,1726,677,0.1416,0.365,-10,0.016,3.392,UK_tidetimes,1,nein
Trwyn_Dinmor.json,53.3167,-4.0500,2026,"Trwyn Dinmor, Wales, United Kingdom",harmonics_utide_tidetables.txt,400,1358,0.3123,1.19,0,0.066,7.127,UK_tidetimes,1,nein
Trwyn_Dinmor.json,53.3167,-4.0500,2026,"Trwyn Du (Menai Strait), Wales, United Kingdom",harmonics_noaa_eutt.txt,746,1358,0.2917,1.096,0,0.19,7.498,UK_tidetimes,0,nein
Turf_Lock.json,50.6667,-3.4667,2026,"Turf Lock, England, United Kingdom",harmonics_utide_tidetables.txt,239,1081,0.5647,1.991,10,-0.292,4.539,UK_tidetimes,1,nein
Turf_Lock.json,50.6667,-3.4667,2026,"Topsham, England, United Kingdom",harmonics_utide_tidetables.txt,1522,1081,0.5642,1.999,10,-0.334,4.605,UK_tidetimes,1,nein
Turnchapel.json,50.3667,-4.1167,2026,"Turnchapel, England, United Kingdom",harmonics_utide_tidetables.txt,769,1354,0.2161,0.975,-10,-0.048,5.282,UK_tidetimes,1,nein
Ulverston.json,54.1833,-3.0667,2026,"Ulverston, England, United Kingdom",harmonics_utide_tidetables.txt,1161,679,0.11,0.576,-60,-0.284,10.831,UK_tidetimes,1,nein
Ventnor.json,50.6000,-1.2000,2026,"Ventnor (Isle of Wight), United Kingdom",harmonics_noaa_eutt.txt,872,1353,0.2026,0.688,100,0.783,3.995,UK_tidetimes,0,nein
Ventnor.json,50.6000,-1.2000,2026,"Ventnor (Isle of Wight), England, United Kingdom",harmonics_utide_tidetables.txt,872,1353,0.1407,0.534,0,0.029,3.167,UK_tidetimes,1,nein
Wadebridge.json,50.5167,-4.8333,2026,"Wadebridge, England, United Kingdom",harmonics_utide_tidetables.txt,128,1264,0.216,0.935,10,-0.13,4.194,UK_tidetimes,1,nein
Walton-On-The-Naze.json,51.8500,1.2833,2026,"Walton-on-the-Naze, England, United Kingdom",harmonics_utide_tidetables.txt,801,1353,0.0787,0.396,-10,-0.024,4.584,UK_tidetimes,0,nein
Walton-on-the-Naze.json,51.8500,1.2670,2026,"Walton-on-the-Naze, England, United Kingdom",harmonics_utide_tidetables.txt,691,1354,0.0779,0.407,-10,-0.024,4.584,UK_tidetimes,0,nein
Wareham_(River_Frome).json,50.6833,-2.1000,2026,"Wareham (River Frome), England, United Kingdom",harmonics_utide_tidetables.txt,649,1353,0.0627,0.186,10,0.016,1.523,UK_tidetimes,1,nein
Warren_Lighthouse.json,55.2167,-6.9500,2026,"Warren Lighthouse, Ireland",harmonics_utide_tidetables.txt,794,681,0.0917,0.313,10,0.014,2.72,UK_tidetimes,1,nein
Warrenpoint.json,54.1000,-6.2500,2026,"Warrenpoint (Carlingford Lough), Northern Ireland, United Kingdom",harmonics_utide_tidetables.txt,472,1357,0.2399,0.797,0,0.011,4.844,UK_tidetimes,1,nein
Warsash.json,50.8500,-1.3000,2026,"Warsash, England, United Kingdom",harmonics_utide_tidetables.txt,527,2032,0.1281,0.707,-10,-0.006,4.453,UK_tidetimes,1,nein
Watchet.json,51.1833,-3.3333,2026,"Watchet, Bristol Channel, England, United Kingdom",harmonics_noaa_eutt.txt,4,1361,0.6317,2.604,-50,-0.261,11.366,UK_tidetimes,0,nein
Watchet.json,51.1833,-3.3333,2026,"Watchet, England, United Kingdom",harmonics_utide_tidetables.txt,353,1361,0.4946,2.304,0,-0.094,11.445,UK_tidetimes,1,nein
Waterford.json,52.2667,-7.1000,2026,"Waterford, Ireland",harmonics_utide_tidetables.txt,729,1360,0.1905,0.856,-10,-0.024,4.655,UK_tidetimes,1,nein
Wellhouse_Rock.json,51.7333,-2.4833,2026,"Wellhouse Rock, River Severn, England, United Kingdom",harmonics-1997-05-25_mod.txt,44,1357,0.749,2.188,-10,0.125,9.418,UK_tidetimes,0,nein
Wellhouse_Rock.json,51.7333,-2.4833,2026,"Wellhouse Rock, England, United Kingdom",harmonics_utide_tidetables.txt,44,1357,0.4407,2.076,0,0.018,10.614,UK_tidetimes,1,nein
Wellhouse_Rock.json,51.7333,-2.4833,2026,"Sharpness Dock, England, United Kingdom",harmonics_utide_tidetables.txt,1772,1357,0.4173,1.984,0,-0.115,11.085,UK_tidetimes,1,nein
Wells.json,52.9667,0.8500,2026,"Wells, England, United Kingdom",harmonics_utide_tidetables.txt,920,1029,0.502,1.907,-10,-0.183,4.629,UK_tidetimes,1,nein
Wells.json,52.9667,0.8500,2026,"Wells Bar, England, United Kingdom",harmonics_utide_tidetables.txt,2901,1029,0.5569,2.058,40,-2.165,6.611,UK_tidetimes,1,nein
Wells_Bar.json,52.9833,0.8167,2026,"Wells Bar, England, United Kingdom",harmonics_utide_tidetables.txt,0,679,0.1301,0.454,20,0.038,6.612,UK_tidetimes,1,nein
Wemyss_Bay.json,55.8833,-4.8833,2026,"Wemyss Bay, Scotland, United Kingdom",harmonics_utide_tidetables.txt,997,1358,0.1818,0.734,0,0.009,3.669,UK_tidetimes,1,nein
West_Burra_Firth.json,60.3000,-1.5333,2026,"West Burra Firth, Scotland, United Kingdom",harmonics_utide_tidetables.txt,605,1357,0.0713,0.263,-10,0.01,2.299,UK_tidetimes,1,nein
West_Cove.json,51.7667,-10.0500,2026,"West Cove, Ireland",harmonics_utide_tidetables.txt,553,1361,0.1462,0.539,-10,-0.029,3.339,UK_tidetimes,1,nein
West_Loch_Tarbert.json,57.9167,-6.9167,2026,"West Loch Tarbert, Scotland, United Kingdom",harmonics_utide_tidetables.txt,0,1356,0.1343,0.572,-10,-0.03,3.765,UK_tidetimes,1,nein
West_Mersea.json,51.7833,0.9000,2026,"West Mersea, England, United Kingdom",harmonics_utide_tidetables.txt,447,1353,0.2342,0.995,0,0.036,5.608,UK_tidetimes,1,nein
West_Stones.json,52.8333,0.3500,2026,"West Stones, England, United Kingdom",harmonics_utide_tidetables.txt,591,1356,0.2745,1.159,0,-0.042,7.904,UK_tidetimes,1,nein
Weston-Super-Mare.json,51.3500,-2.9833,2026,"Weston-super-Mare, Bristol Channel, England, United Kingdom",harmonics_noaa_eutt.txt,2,1357,0.6572,1.996,-30,-0.089,12.318,UK_tidetimes,0,nein
Weston-Super-Mare.json,51.3500,-2.9833,2026,"Weston-Super-Mare, England, United Kingdom",harmonics_utide_tidetables.txt,479,1357,0.5649,2.18,-10,-0.085,12.592,UK_tidetimes,1,nein
Whitaker_Beacon.json,51.6667,1.1000,2026,"Whitaker Beacon, England, United Kingdom",harmonics_utide_tidetables.txt,0,1353,0.2185,0.824,0,0.029,5.112,UK_tidetimes,1,nein
Whitby.json,54.4833,-0.6167,2026,"Whitby, England, United Kingdom",harmonics_literature.txt,756,1357,0.0501,0.397,-10,-0.015,5.617,UK_tidetimes,0,nein
Whitby.json,54.4833,-0.6167,2026,"Whitby, England, United Kingdom",harmonics_utide_observations.txt,767,1357,0.0459,0.409,-10,0.026,5.589,UK_tidetimes,0,nein
White_House.json,51.6667,-2.5500,2026,"White House, England, United Kingdom",harmonics_utide_tidetables.txt,505,1226,1.4128,6.334,-10,-0.191,15.078,UK_tidetimes,1,nein
Whitehall.json,59.1500,-2.6000,2026,"Whitehall, Scotland, United Kingdom",harmonics_utide_tidetables.txt,724,1358,0.1203,0.475,-10,0.026,2.956,UK_tidetimes,1,nein
Whitehaven.json,54.5500,-3.6000,2026,"Whitehaven, England, United Kingdom",harmonics_noaa_eutt.txt,324,1358,0.2929,0.881,-40,-0.13,7.956,UK_tidetimes,0,nein
Whitehaven.json,54.5500,-3.6000,2026,"Whitehaven, England, United Kingdom",harmonics_utide_tidetables.txt,324,1358,0.346,1.199,0,0.053,7.778,UK_tidetimes,1,nein
Whitehills.json,57.6833,-2.5833,2026,"Whitehills, Scotland, United Kingdom",harmonics_utide_tidetables.txt,407,1353,0.1439,0.635,-10,0.035,3.78,UK_tidetimes,1,nein
Whiteness_Head.json,57.6000,-4.0000,2026,"Whiteness Head (Moray Firth), Scotland, United Kingdom",harmonics_ticon4_worldwide.txt,531,1353,0.0986,0.368,-30,2.477,4.377,UK_tidetimes,0,nein
Whiteness_Head.json,57.6000,-4.0000,2026,"Whiteness Head (Moray Firth), Scotland, United Kingdom",harmonics_utide_tidetables.txt,532,1353,0.1603,0.732,0,0.034,4.027,UK_tidetimes,1,nein
Whitsand_Bay.json,50.3333,-4.2500,2026,"Whitsand Bay, England, United Kingdom",harmonics_utide_tidetables.txt,0,1354,0.2142,0.824,-10,-0.042,5.003,UK_tidetimes,1,nein
Whitstable_Approaches.json,51.3667,1.0333,2026,"Whitstable Approaches, England, United Kingdom",harmonics_utide_tidetables.txt,0,1352,0.249,0.951,0,0.02,5.599,UK_tidetimes,1,nein
Wicklow.json,52.9833,-6.0333,2026,"Wicklow, Ireland",harmonics_utide_tidetables.txt,78,1362,0.1013,0.365,-10,0.012,2.282,UK_tidetimes,1,nein
Widewall_Bay.json,58.8167,-3.0167,2026,"Widewall Bay, Scotland, United Kingdom",harmonics_utide_tidetables.txt,0,1335,0.2785,1.629,0,-0.017,4.091,UK_tidetimes,1,nein
Widnes.json,53.3500,-2.7333,2026,"Widnes, England, United Kingdom",harmonics_utide_tidetables.txt,315,1358,0.4033,1.464,0,0.017,6.35,UK_tidetimes,1,nein
Winterton-On-Sea.json,52.7167,1.7000,2026,"Winterton-On-Sea, England, United Kingdom",harmonics_utide_tidetables.txt,137,1357,0.1142,0.506,0,-0.003,3.808,UK_tidetimes,1,nein
Wisbech.json,52.6667,0.1500,2026,"Wisbech, England, United Kingdom",harmonics_utide_tidetables.txt,617,677,0.2221,0.991,-10,0.027,7.506,UK_tidetimes,1,nein
Wisbech_Cut.json,52.8000,0.2167,2026,"Wisbech Cut, England, United Kingdom",harmonics_utide_tidetables.txt,424,886,0.2327,0.952,-10,-0.031,7.388,UK_tidetimes,1,nein
Woodbridge.json,52.0833,1.3167,2026,"Woodbridge, England, United Kingdom",harmonics_utide_tidetables.txt,419,1357,0.1903,0.795,-10,0.023,4.281,UK_tidetimes,1,nein
Woodbridge_Haven.json,51.9833,1.4000,2026,"Woodbridge Haven, England, United Kingdom",harmonics_utide_tidetables.txt,619,1358,0.1613,0.631,-10,0.029,3.753,UK_tidetimes,1,nein
Worthing.json,50.8000,-0.3667,2026,"Worthing, England, United Kingdom",harmonics_utide_tidetables.txt,793,1354,0.2621,0.93,-10,0.062,5.98,UK_tidetimes,1,nein
Wouldham.json,51.3500,0.4500,2026,"Wouldham, England, United Kingdom",harmonics_utide_tidetables.txt,519,1356,0.3139,1.125,-10,0.011,6.174,UK_tidetimes,1,nein
Wyre_Lighthouse.json,53.9500,-3.0333,2026,"Wyre Lighthouse, England, United Kingdom",harmonics_utide_tidetables.txt,532,679,0.4923,1.597,0,0.032,10.084,UK_tidetimes,1,nein
Yarmouth.json,50.7000,-1.5000,2026,"Yarmouth (Isle of Wight), United Kingdom",harmonics_noaa_eutt.txt,768,1353,0.2193,0.697,100,0.571,3.183,UK_tidetimes,0,nein
Yarmouth.json,50.7000,-1.5000,2026,"Yarmouth (Isle of Wight), United Kingdom",harmonics_utide_tidetables.txt,768,1353,0.1057,0.432,0,0.024,2.522,UK_tidetimes,1,nein
Yelland_Marsh.json,51.0667,-4.1667,2026,"Yelland Marsh, England, United Kingdom",harmonics_utide_tidetables.txt,787,1228,1.0765,4.322,-10,-0.303,8.765,UK_tidetimes,1,nein
Yelland_Marsh.json,51.0667,-4.1667,2026,"Appledore, England, United Kingdom",harmonics_utide_tidetables.txt,2143,1228,0.5138,1.865,-10,-1.088,8.333,UK_tidetimes,1,nein
Yelland_Marsh.json,51.0667,-4.1667,2026,"Appledore, Bristol Channel, England, United Kingdom",harmonics_noaa_eutt.txt,2977,1228,0.4301,1.451,-50,-0.453,7.851,UK_tidetimes,0,nein
Youghal.json,51.9500,-7.8500,2026,"Youghal, Ireland",harmonics_utide_tidetables.txt,491,1362,0.2255,1.025,0,-0.046,3.726,UK_tidetimes,1,nein
