#
# 
# ** The following boilerplate text is a placeholder only.  Please       **
# ** replace it with the boilerplate and changelog available separately. **
#
# 
# Definitions and constants for XTide
#
# 
# NOTE:  This file should not be used as-is to provide a constituent
# set to harmgen because it may contain multiple constituents with the
# same frequency.  A better constituent set is included in the harmgen
# distribution (see the README).
#
# 
# ********* NOT FOR NAVIGATION ********
#
# 
# *** DO NOT RELY ON THIS DATA FILE FOR DECISIONS THAT CAN RESULT IN ***
# ***                   HARM TO ANYONE OR ANYTHING.                  ***
#
# 
# This data file is distributed in the hope that it will be useful,
# but WITHOUT ANY WARRANTY; without even the implied warranty of
# MERCHANTABILITY or FITNESS FOR A PARTICULAR PURPOSE.
#
# 
# Highly trustworthy tide predictions cannot be achieved on a zero
# budget.  If you need guaranteed results, don't use this data!
# Contact the tide authority for your region (NOAA in the U.S.).
#
# 
# WHOSOEVER CHOOSES TO REDISTRIBUTE THIS DATA ASSUMES ALL LIABILITY
# ASSOCIATED THEREWITH.  NEITHER DAVID FLATER NOR ANYONE ELSE INVOLVED
# SHALL BE LIABLE PERSONALLY OR OTHERWISE FOR ANY LOSSES THAT THE
# REDISTRIBUTOR MIGHT SUFFER AS A CONSEQUENCE OF ANY CLAIMS, BOGUS OR
# OTHERWISE, THAT ARE MADE TO THIS DATA.
#
# 
# ------------- Begin congen output -------------
#
# 
# Number of constituents
98
#
# 
# Constituent speeds
# Format:  identifier [whitespace] speed [CR]
# Speed is in degrees per solar hour.
# Identifier is just a name for the constituent.  They are for
# readability only; XTide assumes that the constituents will be listed
# in the same order throughout this file.
J1                           15.5854433
K1                           15.0410686
K2                           30.0821373
L2                           29.5284789
M1                           14.4966939
M2                           28.9841042
M3                           43.4761563
M4                           57.9682084
M6                           86.9523126
M8                          115.9364169
N2                           28.4397295
2N2                          27.8953548
O1                           13.9430356
OO1                          16.1391017
P1                           14.9589314
Q1                           13.3986609
2Q1                          12.8542862
R2                           30.0410667
S1                           15.0000000
S2                           30.0000000
S4                           60.0000000
S6                           90.0000000
T2                           29.9589333
LDA2                         29.4556253
MU2                          27.9682084
NU2                          28.5125831
RHO1                         13.4715145
MK3                          44.0251729
2MK3                         42.9271398
MN4                          57.4238337
MS4                          58.9841042
2SM2                         31.0158958
MF                            1.0980331
MSF                           1.0158958
MM                            0.5443747
SA                            0.0410686
SSA                           0.0821373
SA-IOS                        0.0410667
MF-IOS                        1.0980331
S1-IOS                       15.0000020
OO1-IOS                      16.1391017
R2-IOS                       30.0410667
A7                            1.6424078
2MK5                         73.0092771
2MK6                         88.0503457
2MN2                         29.5284789
2MN6                         86.4079379
2MS6                         87.9682084
2NM6                         85.8635632
2SK5                         75.0410686
2SM6                         88.9841042
3MK7                        101.9933813
3MN8                        115.3920422
3MS2                         26.9523126
3MS4                         56.9523126
3MS8                        116.9523126
ALP1                         12.3827651
BET1                         14.4145567
CHI1                         14.5695476
H1                           28.9430375
H2                           29.0251709
KJ2                          30.6265120
ETA2                         30.6265120
KQ1                          16.6834764
UPS1                         16.6834764
M10                         144.9205211
M12                         173.9046253
MK4                          59.0662415
MKS2                         29.0662415
MNS2                         27.4238337
EPS2                         27.4238337
MO3                          42.9271398
MP1                          14.0251729
TAU1                         14.0251729
MPS2                         28.9019669
MSK6                         89.0662415
MSM                           0.4715211
MSN2                         30.5443747
MSN6                         87.4238337
NLK2                         27.8860711
NO1                          14.4966939
OP2                          28.9019669
OQ2                          27.3509801
PHI1                         15.1232059
KP1                          15.1232059
PI1                          14.9178647
TK1                          14.9178647
PSI1                         15.0821353
RP1                          15.0821353
S3                           45.0000000
SIG1                         12.9271398
SK3                          45.0410686
SK4                          60.0821373
SN4                          58.4397295
SNK6                         88.5218668
SO1                          16.0569644
SO3                          43.9430356
THE1                         15.5125897
#
# 
# Starting year for equilibrium arguments and node factors
1970
#
# 
# The following table gives equilibrium arguments for each year that
# we can predict tides for.  The equilibrium argument is in degrees for
# the meridian of Greenwich, at the beginning of each year.
#
# 
# First line:  how many years in this table [CR]
# Remainder of table:  identifier [whitespace] arg [whitespace] arg...
# Carriage returns inside the table will be ignored.
#
# 
# The identifiers are for readability only; XTide assumes that they
# are in the same order as defined above.
#
# 
# DO NOT PUT COMMENT LINES INSIDE THE FOLLOWING TABLE.
# DO NOT REMOVE THE "*END*" AT THE END.
68
J1
270.05   1.78  92.97 197.37 286.57  14.27 100.25 198.59 281.78   4.92
 89.08 188.94 276.50   5.57  95.83 201.00 292.69  24.71 116.80 222.80
314.35  45.25 135.20 237.90 324.96  50.25 134.02 231.09 314.52  39.28
125.78 228.00 317.57  48.20 139.58 245.48 337.55  69.61 161.44 266.83
357.39  86.88 174.94 275.37   0.02  83.38 166.42 264.32 349.74  76.91
165.67 269.74   0.69  92.28 184.25 290.40  22.39 114.06 205.13 309.37
 38.34 125.78 211.47 309.58  32.69 115.92 200.32 300.47
K1
 13.44  15.49  17.10  19.05  19.16  18.22  16.17  14.11  10.46   6.78
  3.66   2.49   1.46   1.47   2.36   4.91   6.93   9.21  11.55  14.76
 16.66  18.05  18.71  19.41  18.04  15.58  12.24   9.48   5.96   3.18
  1.46   1.83   2.21   3.38   5.15   8.28  10.60  12.92  15.04  17.76
 18.89  19.20  18.51  17.70  14.86  11.30   7.56   5.26   2.87   1.58
  1.37   3.07   4.49   6.43   8.66  12.00  14.26  16.25  17.78  19.60
 19.55  18.43  16.21  14.02  10.32   6.69   3.71   2.72
K2
207.25 211.54 214.77 218.44 218.22 215.87 211.50 207.58 200.89 194.16
188.16 185.60 183.05 182.63 184.17 189.26 193.46 198.30 203.30 209.98
213.91 216.60 217.60 218.53 215.36 210.34 204.04 199.21 192.68 187.17
183.36 183.61 183.99 186.18 189.78 196.26 201.21 206.15 210.62 216.10
218.18 218.42 216.55 214.58 208.98 202.40 195.61 191.35 186.43 183.41
182.51 185.62 188.41 192.41 197.15 204.13 208.93 213.08 216.10 219.49
218.93 216.23 211.57 207.47 200.72 194.06 188.25 185.98
L2
263.01  59.88 245.03  81.90 282.66  98.96 276.37  99.71 297.89 131.01
310.20 116.37 313.40 159.24 350.38 135.56 334.44 188.11  26.26 165.34
  2.18 212.44  49.08 205.69  30.36 229.37  66.73 242.79  59.19 244.12
 83.71 275.07  95.26 260.71 105.01 306.25 133.04 286.91 131.88 331.50
160.87 324.65 157.82 348.14 182.73   3.65 182.09   1.96 202.17  39.83
211.34  17.26 224.34  74.18 246.06  41.02 250.95 101.09 279.45  75.08
275.50 118.08 307.73 112.34 296.36 131.77 330.90 150.45
M1
155.31  48.57 307.44 235.19 158.91  51.78 302.47 198.58 135.99  41.87
291.54 170.58  87.77  30.23 291.57 171.70  81.59  31.81 299.20 179.73
 85.44  33.71 304.99 184.05  79.09   4.84 293.81 176.94  64.81 319.81
251.40 167.57  62.96 316.20 237.35 169.82  70.23 323.54 239.49 174.78
 77.30 328.53 231.31 159.58  72.78 322.99 211.44 102.41  42.75 314.62
206.58  90.25  24.65 317.03 213.12  96.21  25.29 323.68 220.94 101.49
 16.36 318.70 220.30  96.57 348.29 265.70 200.61  88.19
M2
165.43 266.78   7.96  84.54 185.26 285.75  26.03 101.78 201.83 301.88
 42.01 117.89 218.36 319.06  60.00 136.77 238.11 339.56  81.04 158.08
259.37   0.47 101.33 177.58 277.98  18.20 118.30 193.96 294.03  34.20
134.53 210.71 311.50  52.53 153.76 230.77 332.24  73.70 175.08 251.92
352.94  93.71 194.25 270.19  10.35 110.42 210.46 286.18  26.41 126.83
227.47 303.98  45.09 146.39 247.82 324.92  66.36 167.68 268.83 345.37
 86.05 186.50 286.76   2.49 102.54 202.60 302.74  18.65
M3
 68.15  40.17  11.94 306.81 277.89 248.62 219.04 152.67 122.75  92.83
 63.01 356.84 327.54 298.58 269.99 205.16 177.17 149.34 121.55  57.12
 29.05   0.70 332.00 266.37 236.97 207.30 177.44 110.93  81.04  51.30
 21.80 316.06 287.25 258.79 230.64 166.15 138.36 110.55  82.63  17.89
349.41 320.57 291.37 225.29 195.53 165.63 135.69  69.27  39.62  10.24
341.21 275.96 247.63 219.59 191.73 127.38  99.54  71.53  43.25 338.06
309.08 279.76 250.14 183.74 153.81 123.90  94.11  27.98
M4
330.86 173.56  15.92 169.08  10.52 211.49  52.06 203.56  43.67 243.77
 84.01 235.78  76.72 278.11 119.99 273.55 116.22 319.12 162.07 316.15
158.73   0.93 202.67 355.16 195.97  36.40 236.59  27.91 228.05  68.39
269.07  61.41 263.00 105.05 307.52 101.54 304.48 147.41 350.17 143.85
345.87 187.43  28.50 180.39  20.71 220.84  60.93 212.36  52.82 253.66
 94.94 247.95  90.18 292.78 135.64 289.83 132.72 335.37 177.66 330.75
172.11  13.01 213.52   4.99 205.08  45.20 245.48  37.31
M6
136.29  80.34  23.88 253.62 195.78 137.24  78.09 305.34 245.50 185.65
126.02 353.68 295.07 237.17 179.99  50.32 354.33 298.67 243.11 114.23
 58.10   1.40 304.00 172.74 113.95  54.61 354.89 221.87 162.08 102.59
 43.60 272.12 214.49 157.58 101.29 332.31 276.71 221.11 165.25  35.77
338.81 281.14 222.75  90.58  31.06 331.26 271.39 138.54  79.23  20.48
322.42 191.93 135.27  79.17  23.46 254.75 199.08 143.05  86.50 316.12
258.16 199.51 140.28   7.48 307.62 247.79 188.22  55.96
M8
301.72 347.12  31.84 338.16  21.04  62.98 104.12  47.12  87.34 127.54
168.03 111.57 153.43 196.22 239.98 187.10 232.45 278.23 324.14 272.31
317.47   1.86  45.34 350.32  31.93  72.81 113.18  55.82  96.10 136.79
178.14 122.82 165.99 210.11 255.05 203.08 248.95 294.81 340.33 287.70
331.75  14.85  57.00   0.77  41.42  81.68 121.85  64.73 105.64 147.31
189.89 135.90 180.36 225.57 271.28 219.67 265.43 310.74 355.33 301.49
344.22  26.02  67.04   9.97  50.16  90.39 130.96  74.61
N2
270.11 282.73 295.19 269.98 281.98 293.74 305.31 279.27 290.60 301.93
313.33 287.43 299.17 311.15 323.36 298.35 310.97 323.69 336.45 311.70
324.27 336.65 348.79 323.25 334.93 346.43 357.80 331.67 343.02 354.47
  6.08 340.47 352.54   4.84  17.36 352.58   5.32  18.07  30.72   5.78
 18.07  30.12  41.94  16.09  27.53  38.87  50.20  24.13  35.63  47.33
 59.25  33.97  46.36  58.94  71.64  46.95  59.67  72.28  84.70  59.45
 71.41  83.14  94.67  68.62  79.95  91.28 102.70  76.83
2N2
 14.78 298.69 222.42  95.43  18.70 301.74 224.58  96.76  19.37 301.97
224.65  96.96  19.98 303.24 226.73  99.94  23.83 307.83 231.86 105.33
 29.17 312.83 236.25 108.92  31.88 314.66 237.30 109.39  32.01 314.74
237.63 110.23  33.58 317.16 240.95 114.39  38.41 322.43 246.37 119.63
 43.20 326.53 249.62 121.99  44.71 327.33 249.93 122.07  44.86 327.83
251.03 123.96  47.63 331.48 255.47 128.99  52.99 336.87 260.57 133.54
 56.77 339.78 262.59 134.75  57.35 339.96 262.66 135.00
O1
150.70 249.04 347.76  61.72 161.97 263.47   6.50  85.70 191.28 296.92
 41.60 119.41 221.05 321.40  60.80 134.19 232.56 330.72  68.82 141.65
240.11 339.03  78.68 154.01 256.08 359.72 104.77 185.15 290.51  34.64
137.21 212.94 312.88  52.01 150.59 223.48 321.60  59.73 158.00 231.24
330.41  70.43 171.62 248.92 353.16  98.58 204.31 283.91  27.45 129.41
230.02 304.24  43.13 141.57 239.75 312.48  50.65 149.04 247.83 321.92
 62.35 164.09 267.37 346.78  92.45 197.99 302.46  20.01
OO1
 58.75 326.43 232.65 163.92  64.60 321.07 212.54 126.46   9.82 253.01
139.20  57.54 313.57 213.91 117.58  50.97 318.55 226.97 135.62  71.21
338.41 243.83 146.63  73.14 327.73 217.24 102.27  12.47 256.52 144.46
 37.45 322.60 224.34 129.03  35.76 331.10 239.67 148.23  56.16 350.12
254.63 156.14  53.64 333.61 221.23 105.09 348.00 260.62 150.48  45.42
304.87 235.22 140.79  48.09 316.39 252.38 160.76  68.26 334.17 264.98
165.05  60.75 311.40 224.63 107.73 351.22 238.11 157.28
P1
349.76 350.00 350.24 349.50 349.73 349.97 350.21 349.46 349.70 349.94
350.18 349.43 349.67 349.91 350.15 349.40 349.64 349.88 350.12 349.37
349.61 349.85 350.09 349.34 349.58 349.82 350.06 349.31 349.55 349.79
350.03 349.28 349.52 349.76 350.00 349.25 349.49 349.73 349.97 349.22
349.46 349.70 349.93 349.19 349.43 349.67 349.90 349.16 349.40 349.63
349.87 349.13 349.36 349.60 349.84 349.10 349.33 349.57 349.81 349.06
349.30 349.54 349.78 349.03 349.27 349.51 349.75 349.00
Q1
255.38 265.00 274.99 247.16 258.69 271.47 285.78 263.19 280.05 296.96
312.93 288.95 301.86 313.49 324.17 295.77 305.42 314.85 324.23 295.27
305.01 315.21 326.14 299.68 313.03 327.95 344.28 322.86 339.51 354.92
  8.76 342.70 353.92   4.32  14.18 345.29 354.69   4.09  13.64 345.10
355.55   6.84  19.31 354.82  10.34  27.04  44.04  21.86  36.67  49.91
 61.80  34.24  44.40  54.11  63.57  34.52  43.96  53.63  63.70  36.00
 47.71  60.72  75.29  52.91  69.86  86.67 102.42  78.18
2Q1
  0.06 280.95 202.22  72.61 355.41 279.47 205.06  80.68   8.82 297.01
224.25  98.48  22.67 305.58 227.54  97.35  18.28 298.99 219.64  88.90
  9.92 291.40 213.60  85.35   9.98 296.18 223.78 100.58  28.50 315.19
240.31 112.46  34.96 316.64 237.78 107.10  27.77 308.45 229.28  98.95
 20.68 303.25 226.99 100.72  27.51 315.49 243.78 119.80  45.89 330.41
253.58 124.23  45.67 326.66 247.40 116.56  37.28 318.22 239.57 110.09
 33.07 317.36 243.20 119.04  47.26 335.36 262.38 136.36
R2
177.81 177.55 177.30 178.03 177.77 177.52 177.26 177.99 177.73 177.48
177.22 177.95 177.70 177.44 177.19 177.91 177.66 177.40 177.15 177.88
177.62 177.36 177.11 177.84 177.58 177.33 177.07 177.80 177.54 177.29
177.03 177.76 177.51 177.25 177.00 177.72 177.47 177.21 176.96 177.69
177.43 177.17 176.92 177.65 177.39 177.14 176.88 177.61 177.35 177.10
176.84 177.57 177.32 177.06 176.81 177.53 177.28 177.02 176.77 177.50
177.24 176.98 176.73 177.46 177.20 176.95 176.69 177.42
S1
180.00 180.00 180.00 180.00 180.00 180.00 180.00 180.00 180.00 180.00
180.00 180.00 180.00 180.00 180.00 180.00 180.00 180.00 180.00 180.00
180.00 180.00 180.00 180.00 180.00 180.00 180.00 180.00 180.00 180.00
180.00 180.00 180.00 180.00 180.00 180.00 180.00 180.00 180.00 180.00
180.00 180.00 180.00 180.00 180.00 180.00 180.00 180.00 180.00 180.00
180.00 180.00 180.00 180.00 180.00 180.00 180.00 180.00 180.00 180.00
180.00 180.00 180.00 180.00 180.00 180.00 180.00 180.00
S2
  0.00   0.00   0.00   0.00   0.00   0.00   0.00   0.00   0.00   0.00
  0.00   0.00   0.00   0.00   0.00   0.00   0.00   0.00   0.00   0.00
  0.00   0.00   0.00   0.00   0.00   0.00   0.00   0.00   0.00   0.00
  0.00   0.00   0.00   0.00   0.00   0.00   0.00   0.00   0.00   0.00
  0.00   0.00   0.00   0.00   0.00   0.00   0.00   0.00   0.00   0.00
  0.00   0.00   0.00   0.00   0.00   0.00   0.00   0.00   0.00   0.00
  0.00   0.00   0.00   0.00   0.00   0.00   0.00   0.00
S4
  0.00   0.00   0.00   0.00   0.00   0.00   0.00   0.00   0.00   0.00
  0.00   0.00   0.00   0.00   0.00   0.00   0.00   0.00   0.00   0.00
  0.00   0.00   0.00   0.00   0.00   0.00   0.00   0.00   0.00   0.00
  0.00   0.00   0.00   0.00   0.00   0.00   0.00   0.00   0.00   0.00
  0.00   0.00   0.00   0.00   0.00   0.00   0.00   0.00   0.00   0.00
  0.00   0.00   0.00   0.00   0.00   0.00   0.00   0.00   0.00   0.00
  0.00   0.00   0.00   0.00   0.00   0.00   0.00   0.00
S6
  0.00   0.00   0.00   0.00   0.00   0.00   0.00   0.00   0.00   0.00
  0.00   0.00   0.00   0.00   0.00   0.00   0.00   0.00   0.00   0.00
  0.00   0.00   0.00   0.00   0.00   0.00   0.00   0.00   0.00   0.00
  0.00   0.00   0.00   0.00   0.00   0.00   0.00   0.00   0.00   0.00
  0.00   0.00   0.00   0.00   0.00   0.00   0.00   0.00   0.00   0.00
  0.00   0.00   0.00   0.00   0.00   0.00   0.00   0.00   0.00   0.00
  0.00   0.00   0.00   0.00   0.00   0.00   0.00   0.00
T2
  2.19   2.45   2.70   1.97   2.23   2.48   2.74   2.01   2.27   2.52
  2.78   2.05   2.30   2.56   2.81   2.09   2.34   2.60   2.85   2.12
  2.38   2.64   2.89   2.16   2.42   2.67   2.93   2.20   2.46   2.71
  2.97   2.24   2.49   2.75   3.00   2.28   2.53   2.79   3.04   2.31
  2.57   2.83   3.08   2.35   2.61   2.86   3.12   2.39   2.65   2.90
  3.16   2.43   2.68   2.94   3.19   2.47   2.72   2.98   3.23   2.50
  2.76   3.02   3.27   2.54   2.80   3.05   3.31   2.58
LDA2
285.57 197.44 109.14   7.56 278.81 189.82 100.63 358.22 268.80 179.37
 90.02 347.75 258.74 169.96  81.43 340.05 251.91 163.88  75.88 334.76
246.58 158.20  69.60 327.68 238.61 149.35  59.97 317.47 228.07 138.76
 49.63 307.64 218.96 130.51  42.27 301.12 213.11 125.10  37.01 295.69
207.23 118.53  29.59 287.37 198.06 108.65  19.22 276.78 187.53  98.47
  9.64 267.99 179.62  91.45   3.41 262.34 174.31  86.16 357.83 256.21
167.42  78.40 349.18 246.75 157.32  67.90 338.57 236.33
MU2
329.97 172.07  14.01 166.96   8.43 209.67  50.71 202.83  43.64 244.44
 85.31 237.57  78.79 280.24 121.93 275.08 117.17 319.37 161.60 315.02
157.06 358.91 200.53 353.15 194.31  35.28 236.12  28.15 228.98  69.90
270.99  63.54 265.08 106.86 308.85 102.23 304.45 146.67 348.80 142.01
343.78 185.31  26.60 178.91  19.83 220.65  61.44 213.53  54.51 255.68
 97.08 249.96  91.82 293.88 136.06 289.53 131.72 333.80 175.70 328.61
170.05  11.25 212.26   4.36 205.16  45.97 246.87  39.15
NU2
225.30 156.12  86.78 341.51 271.71 201.67 131.43  25.34 314.87 244.39
173.99  68.04 357.98 288.15 218.56 113.50  44.32 335.24 266.19 161.39
 92.16  22.73 313.07 207.48 137.36  67.05 356.62 250.44 179.98 109.63
 39.44 293.77 224.04 154.54  85.25 340.42 271.36 202.30 133.16  28.16
318.65 248.90 178.91  73.01   2.65 292.19 221.71 115.59  45.29 335.18
265.30 159.97  90.55  21.33 312.24 207.49 138.41  69.21 359.83 254.53
184.69 114.61  44.34 298.24 227.76 157.29  86.91 340.98
RHO1
210.57 138.38  66.57 318.70 248.42 179.40 111.91   9.26 304.32 239.43
173.59  69.56   0.67 290.49 219.37 110.92  38.76 326.40 253.97 144.96
 72.90   1.30 290.42 183.91 115.45  48.57 343.10 241.63 176.47 110.08
 42.12 296.01 225.43 154.02  82.08 333.13 260.73 188.33 116.08   7.48
296.13 225.61 156.28  51.75 345.46 280.36 215.56 113.32  46.33 337.77
267.86 160.23  88.59  16.51 304.17 195.06 122.70  50.56 338.83 231.08
160.99  92.20  24.96 282.53 217.67 152.68  86.63 342.34
MK3
178.87 282.27  25.06 103.59 204.42 303.97  42.20 115.89 212.29 308.66
 45.66 120.38 219.81 320.53  62.36 141.69 245.04 348.76  92.59 172.84
276.03  18.52 120.04 196.99 296.03  33.78 130.54 203.44 299.98  37.38
135.99 212.54 313.71  55.91 158.91 239.05 342.84  86.62 190.13 269.68
 11.83 112.91 212.76 287.89  25.21 121.72 218.02 291.44  29.28 128.41
228.84 307.04  49.58 152.82 256.49 336.91  80.62 183.94 286.61   4.98
105.60 204.94 302.97  16.51 112.86 209.29 306.45  21.37
2MK3
317.42 158.07 358.82 150.03 351.36 193.27  35.89 189.45  33.21 236.99
 80.36 233.29  75.26 276.64 117.63 268.64 109.29 309.91 150.52 301.39
142.07 342.88 183.96 335.75 177.92  20.82 224.35  18.43 222.09  65.21
267.61  59.58 260.79 101.67 302.38  93.26 293.87 134.49 335.12 126.09
326.99 168.22   9.99 162.69   5.85 209.54  53.36 207.11  49.95 252.08
 93.58 244.89  85.68 286.36 126.98 277.84 118.46 319.12 159.89 311.14
152.56 354.58 197.31 350.97 194.76  38.50 241.77  34.59
MN4
 75.54 189.51 303.15 354.52 107.24 219.49 331.33  21.05 132.44 243.81
355.34  45.32 157.53 270.20  23.36  75.13 189.08 303.25  57.48 109.78
223.64 337.11  90.13 140.83 252.92   4.63 116.09 165.63 277.04  28.67
140.62 191.17 304.04  57.37 171.12 223.35 337.56  91.77 205.81 257.70
 11.01 123.83 236.19 286.28  37.89 149.30 260.66 310.31  62.04 174.16
286.72 337.94  91.45 205.33 319.46  11.87 126.03 239.96 353.53  44.83
157.47 269.65  21.43  71.11 182.49 293.88  45.44  95.48
MS4
165.43 266.78   7.96  84.54 185.26 285.75  26.03 101.78 201.83 301.88
 42.01 117.89 218.36 319.06  60.00 136.77 238.11 339.56  81.04 158.08
259.37   0.47 101.33 177.58 277.98  18.20 118.30 193.96 294.03  34.20
134.53 210.71 311.50  52.53 153.76 230.77 332.24  73.70 175.08 251.92
352.94  93.71 194.25 270.19  10.35 110.42 210.46 286.18  26.41 126.83
227.47 303.98  45.09 146.39 247.82 324.92  66.36 167.68 268.83 345.37
 86.05 186.50 286.76   2.49 102.54 202.60 302.74  18.65
2SM2
194.57  93.22 352.04 275.46 174.74  74.25 333.97 258.22 158.17  58.12
317.99 242.11 141.64  40.94 300.00 223.23 121.89  20.44 278.96 201.92
100.63 359.53 258.67 182.42  82.02 341.80 241.70 166.04  65.97 325.80
225.47 149.29  48.50 307.47 206.24 129.23  27.76 286.30 184.92 108.08
  7.06 266.29 165.75  89.81 349.65 249.58 149.54  73.82 333.59 233.17
132.53  56.02 314.91 213.61 112.18  35.08 293.64 192.32  91.17  14.63
273.95 173.50  73.24 357.51 257.46 157.40  57.26 341.35
MF
 44.02 308.69 212.45 141.10  41.32 298.80 193.02 110.38 359.27 248.05
138.80  59.06 316.26 216.26 118.39  48.39 312.99 218.12 123.40  54.78
319.15 222.40 123.97  49.56 305.83 198.76  88.75   3.66 253.00 144.91
 40.12 324.83 225.73 128.51  32.59 323.81 229.04 134.25  39.08 329.44
232.11 132.86  31.01 312.34 204.03  93.25 341.84 258.36 151.52  48.00
307.42 235.49 138.83  43.26 308.32 239.95 145.06  49.61 313.17 241.53
141.35  38.33 292.01 208.93  97.64 346.62 237.83 158.63
MSF
194.57  93.22 352.04 275.46 174.74  74.25 333.97 258.22 158.17  58.12
317.99 242.11 141.64  40.94 300.00 223.23 121.89  20.44 278.96 201.92
100.63 359.53 258.67 182.42  82.02 341.80 241.70 166.04  65.97 325.80
225.47 149.29  48.50 307.47 206.24 129.23  27.76 286.30 184.92 108.08
  7.06 266.29 165.75  89.81 349.65 249.58 149.54  73.82 333.59 233.17
132.53  56.02 314.91 213.61 112.18  35.08 293.64 192.32  91.17  14.63
273.95 173.50  73.24 357.51 257.46 157.40  57.26 341.35
MM
255.32 344.05  72.77 174.56 263.28 352.00  80.72 182.51 271.23 359.96
 88.68 190.47 279.19   7.91  96.63 198.42 287.14  15.86 104.59 206.37
295.10  23.82 112.54 214.33 303.05  31.77 120.50 222.28 311.01  39.73
128.45 230.24 318.96  47.68 136.40 238.19 326.91  55.64 144.36 246.15
334.87  63.59 152.31 254.10 342.82  71.55 160.27 262.05 350.78  79.50
168.22 270.01 358.73  87.45 176.18 277.96   6.69  95.41 184.13 285.92
 14.64 103.36 192.09 293.87  22.59 111.32 200.04 301.83
SA
280.24 280.00 279.76 280.50 280.27 280.03 279.79 280.54 280.30 280.06
279.82 280.57 280.33 280.09 279.85 280.60 280.36 280.12 279.88 280.63
280.39 280.15 279.91 280.66 280.42 280.18 279.94 280.69 280.45 280.21
279.97 280.72 280.48 280.24 280.00 280.75 280.51 280.27 280.03 280.78
280.54 280.30 280.07 280.81 280.57 280.33 280.10 280.84 280.60 280.37
280.13 280.87 280.64 280.40 280.16 280.90 280.67 280.43 280.19 280.94
280.70 280.46 280.22 280.97 280.73 280.49 280.25 281.00
SSA
200.47 199.99 199.52 201.01 200.53 200.05 199.58 201.07 200.59 200.12
199.64 201.13 200.65 200.18 199.70 201.19 200.72 200.24 199.76 201.26
200.78 200.30 199.82 201.32 200.84 200.36 199.88 201.38 200.90 200.42
199.95 201.44 200.96 200.48 200.01 201.50 201.02 200.55 200.07 201.56
201.09 200.61 200.13 201.62 201.15 200.67 200.19 201.69 201.21 200.73
200.25 201.75 201.27 200.79 200.32 201.81 201.33 200.85 200.38 201.87
201.39 200.92 200.44 201.93 201.45 200.98 200.50 201.99
SA-IOS
357.81 357.55 357.30 358.03 357.77 357.52 357.26 357.99 357.73 357.48
357.22 357.95 357.70 357.44 357.19 357.91 357.66 357.40 357.15 357.88
357.62 357.36 357.11 357.84 357.58 357.33 357.07 357.80 357.54 357.29
357.03 357.76 357.51 357.25 357.00 357.72 357.47 357.21 356.96 357.69
357.43 357.17 356.92 357.65 357.39 357.14 356.88 357.61 357.35 357.10
356.84 357.57 357.32 357.06 356.81 357.53 357.28 357.02 356.77 357.50
357.24 356.98 356.73 357.46 357.20 356.95 356.69 357.42
MF-IOS
 35.93 294.70 193.47 118.59  17.36 276.13 174.90 100.02 358.79 257.56
156.33  81.45 340.22 238.99 137.76  62.88 321.65 220.42 119.19  44.32
303.09 201.86 100.63  25.75 284.52 183.29  82.06   7.18 265.95 164.72
 63.49 348.61 247.38 146.15  44.92 330.04 228.81 127.58  26.35 311.47
210.24 109.01   7.78 292.90 191.67  90.44 349.21 274.34 173.11  71.88
330.64 255.77 154.54  53.31 312.08 237.20 135.97  34.74 293.51 218.63
117.40  16.17 274.94 200.06  98.83 357.60 256.37 181.49
S1-IOS
 24.29  23.62  23.10  22.79  22.71  22.88  23.28  23.84  24.53  25.26
 25.97  26.59  27.05  27.31  27.33  27.11  26.66  26.04  25.32  24.61
 23.99  23.54  23.31  23.33  23.59  24.05  24.67  25.38  26.11  26.79
 27.35  27.74  27.91  27.84  27.53  27.01  26.35  25.63  24.94  24.38
 24.01  23.87  23.98  24.32  24.84  25.50  26.22  26.94  27.58  28.09
 28.40  28.48  28.31  27.92  27.34  26.65  25.93  25.28  24.79  24.51
 24.46  24.66  25.07  25.65  26.34  27.06  27.76  28.35
OO1-IOS
 63.82 324.38 225.92 165.87  73.36 321.72 201.54 116.84  20.80 265.20
138.89  47.46 309.60 221.23 121.11  46.38 314.46 231.40 139.36  67.47
333.09 248.40 153.22  70.04 316.35 216.12 116.62  20.31 250.70 132.51
 38.21 331.22 225.69 122.94  33.55 336.62 241.79 143.30  52.91 356.06
258.68 150.43  44.62 339.91 233.95 106.91 336.90 249.79 157.21  53.84
303.46 228.15 141.07  53.99 316.68 246.81 159.88  74.50 335.68 257.86
160.17  70.47 319.97 220.30  93.29 346.39 249.72 163.79
R2-IOS
182.30 181.93 181.61 182.36 182.20 182.10 182.04 182.99 182.95 182.90
182.79 183.62 183.38 183.07 182.69 183.25 182.78 182.31 181.86 182.43
182.08 181.80 181.60 182.44 182.36 182.32 182.29 183.23 183.16 183.03
182.84 183.56 183.22 182.82 182.37 182.88 182.42 181.98 181.59 182.25
182.00 181.83 181.71 182.63 182.60 182.57 182.51 183.41 183.25 183.03
182.73 183.35 182.93 182.47 182.00 182.52 182.10 181.74 181.45 182.21
182.07 181.98 181.93 182.88 182.84 182.78 182.66 183.47
A7
299.35 292.74 285.22 315.65 304.60 290.80 273.74 292.89 270.50 248.00
227.48 249.53 235.45 224.17 215.02 246.81 240.14 233.99 227.99 261.15
254.25 246.22 236.52 263.89 248.88 230.53 209.25 225.95 204.01 184.64
168.57 195.07 184.69 176.19 168.99 202.00 195.95 189.89 183.44 215.58
206.98 196.45 183.32 206.44 186.86 164.80 142.11 160.41 142.29 127.50
115.64 145.50 137.56 130.72 124.49 157.91 151.74 145.02 137.30 167.45
155.99 141.70 124.10 142.80 120.24  97.93  77.87 100.46
2MK5
344.30 189.05  33.02 188.13  29.68 229.71  68.23 217.67  54.13 250.55
 87.67 238.28  78.17 279.58 122.35 278.46 123.15 328.32 173.62 330.91
175.40  18.98 221.38  14.57 214.01  51.99 248.83  37.40 234.01  71.58
270.53  63.24 265.20 108.44 312.67 109.82 315.08 160.32   5.21 161.61
  4.76 206.63  47.01 198.08  35.57 232.14  68.49 217.62  55.69 255.23
 96.31 251.02  94.67 299.21 144.31 301.83 146.98 351.62 195.44 350.35
191.66  31.44 229.73  19.01 215.40  51.89 249.19  40.03
2MK6
178.11  25.10 230.69  27.52 228.74  67.36 263.56  51.14 244.55  77.93
272.18  61.38 259.76 100.75 304.16 102.81 309.69 157.41   5.37 166.13
 12.65 217.53  60.27 213.70  51.33 246.74  80.63 227.12  60.73 255.56
 92.43 245.02  86.98 291.24 137.30 297.80 145.69 353.56 200.78 359.95
204.06  45.85 245.05  34.96 229.69  63.24 256.53  43.71 239.25  77.06
277.46  73.57 278.58 125.19 332.79 133.96 341.65 188.45  33.76 190.23
 31.03 229.24  65.09 212.46  45.80 239.26  73.73 223.29
2MN2
 60.76 250.83  80.73 259.10  88.54 277.75 106.75 284.29 113.07 301.84
130.69 308.36 137.55 326.97 156.63 335.19 165.25 355.42 185.62   4.45
194.46  24.28 213.88  31.91 221.03  49.97 238.79  56.24 245.03  73.92
262.98  80.94 270.46 100.21 290.17 108.96 299.15 129.34 319.44 138.07
327.81 157.30 346.56 164.29 353.18 181.97  10.73 188.24  17.19 206.33
 35.69 213.99  43.82 233.85  64.00 242.88  73.04 263.09  92.96 271.29
100.69 289.87 118.84 296.37 125.14 313.92 142.78 320.48
2MN6
240.97  96.30 311.11  79.06 292.50 145.24 357.36 122.83 334.27 185.70
 37.34 163.21  15.89 229.26  83.35 211.90  67.19 282.81 138.52 267.86
123.01 337.58 191.46 318.41 170.90  22.83 234.39 359.58 211.07  62.86
275.15  41.88 255.53 109.90 324.88  94.12 309.80 165.47  20.89 149.63
  3.94 217.55  70.44 196.48  48.24 259.72 111.12 236.49  88.46 300.98
154.19 281.92 136.54 351.72 207.29 336.79 192.39  47.65 262.36  30.20
243.52  96.15 308.19  73.61 285.03 136.48 348.18 114.13
2MS6
330.86 173.56  15.92 169.08  10.52 211.49  52.06 203.56  43.67 243.77
 84.01 235.78  76.72 278.11 119.99 273.55 116.22 319.12 162.07 316.15
158.73   0.93 202.67 355.16 195.97  36.40 236.59  27.91 228.05  68.39
269.07  61.41 263.00 105.05 307.52 101.54 304.48 147.41 350.17 143.85
345.87 187.43  28.50 180.39  20.71 220.84  60.93 212.36  52.82 253.66
 94.94 247.95  90.18 292.78 135.64 289.83 132.72 335.37 177.66 330.75
172.11  13.01 213.52   4.99 205.08  45.20 245.48  37.31
2NM6
345.64 112.25 238.34 264.51  29.22 153.24 276.64 300.32  63.04 185.74
308.67 332.75  96.70 221.35 346.72  13.48 140.05 266.95  33.93  61.48
187.91 313.76  78.92 104.08 227.85 351.06 113.89 137.30 260.06  23.13
146.70 171.64 296.57  62.21 188.48 215.93 342.88 109.84 236.53 263.48
 29.08 153.96 278.12 302.38  65.42 188.17 310.85 334.43  97.68 221.48
345.97  11.91 137.80 264.27  31.11  58.82 185.70 312.24  78.23 104.28
228.88 352.79 116.11 139.74 262.43  25.16 148.14 172.31
2SK5
 13.44  15.49  17.10  19.05  19.16  18.22  16.17  14.11  10.46   6.78
  3.66   2.49   1.46   1.47   2.36   4.91   6.93   9.21  11.55  14.76
 16.66  18.05  18.71  19.41  18.04  15.58  12.24   9.48   5.96   3.18
  1.46   1.83   2.21   3.38   5.15   8.28  10.60  12.92  15.04  17.76
 18.89  19.20  18.51  17.70  14.86  11.30   7.56   5.26   2.87   1.58
  1.37   3.07   4.49   6.43   8.66  12.00  14.26  16.25  17.78  19.60
 19.55  18.43  16.21  14.02  10.32   6.69   3.71   2.72
2SM6
165.43 266.78   7.96  84.54 185.26 285.75  26.03 101.78 201.83 301.88
 42.01 117.89 218.36 319.06  60.00 136.77 238.11 339.56  81.04 158.08
259.37   0.47 101.33 177.58 277.98  18.20 118.30 193.96 294.03  34.20
134.53 210.71 311.50  52.53 153.76 230.77 332.24  73.70 175.08 251.92
352.94  93.71 194.25 270.19  10.35 110.42 210.46 286.18  26.41 126.83
227.47 303.98  45.09 146.39 247.82 324.92  66.36 167.68 268.83 345.37
 86.05 186.50 286.76   2.49 102.54 202.60 302.74  18.65
3MK7
149.73  95.83  40.98 272.67 214.93 155.46  94.26 319.45 255.96 192.43
129.68 356.17 296.53 238.64 182.35  55.24   1.26 307.88 254.66 128.99
 74.77  19.45 322.71 192.15 131.99  70.19   7.13 231.35 168.03 105.77
 45.06 273.95 216.70 160.96 106.44 340.59 287.31 234.03 180.29  53.53
357.70 300.34 241.26 108.27  45.92 342.56 278.95 143.80  82.10  22.06
323.78 194.99 139.76  85.60  32.13 266.75 213.34 159.31 104.27 335.72
277.71 217.95 156.49  21.50 317.94 254.49 191.93  58.68
3MN8
 46.40   3.08 319.07 163.60 117.76  70.98  23.39 224.61 176.10 127.58
 79.35 281.10 234.24 188.31 143.35 348.68 305.30 262.37 219.55  65.93
 22.37 338.05 292.80 135.99  88.88  41.03 352.68 193.54 145.10  97.06
 49.69 252.59 207.03 162.42 118.64 324.89 282.04 239.17 195.97  41.55
356.88 311.26 264.68 106.67  58.60  10.14 321.59 162.67 114.87  67.81
 21.67 225.89 181.63 138.11  95.11 301.70 258.75 215.33 171.20  15.57
329.58 282.66 234.95  76.10  27.57 339.07 290.92 132.79
3MS2
136.29  80.34  23.88 253.62 195.78 137.24  78.09 305.34 245.50 185.65
126.02 353.68 295.07 237.17 179.99  50.32 354.33 298.67 243.11 114.23
 58.10   1.40 304.00 172.74 113.95  54.61 354.89 221.87 162.08 102.59
 43.60 272.12 214.49 157.58 101.29 332.31 276.71 221.11 165.25  35.77
338.81 281.14 222.75  90.58  31.06 331.26 271.39 138.54  79.23  20.48
322.42 191.93 135.27  79.17  23.46 254.75 199.08 143.05  86.50 316.12
258.16 199.51 140.28   7.48 307.62 247.79 188.22  55.96
3MS4
136.29  80.34  23.88 253.62 195.78 137.24  78.09 305.34 245.50 185.65
126.02 353.68 295.07 237.17 179.99  50.32 354.33 298.67 243.11 114.23
 58.10   1.40 304.00 172.74 113.95  54.61 354.89 221.87 162.08 102.59
 43.60 272.12 214.49 157.58 101.29 332.31 276.71 221.11 165.25  35.77
338.81 281.14 222.75  90.58  31.06 331.26 271.39 138.54  79.23  20.48
322.42 191.93 135.27  79.17  23.46 254.75 199.08 143.05  86.50 316.12
258.16 199.51 140.28   7.48 307.62 247.79 188.22  55.96
3MS8
136.29  80.34  23.88 253.62 195.78 137.24  78.09 305.34 245.50 185.65
126.02 353.68 295.07 237.17 179.99  50.32 354.33 298.67 243.11 114.23
 58.10   1.40 304.00 172.74 113.95  54.61 354.89 221.87 162.08 102.59
 43.60 272.12 214.49 157.58 101.29 332.31 276.71 221.11 165.25  35.77
338.81 281.14 222.75  90.58  31.06 331.26 271.39 138.54  79.23  20.48
322.42 191.93 135.27  79.17  23.46 254.75 199.08 143.05  86.50 316.12
258.16 199.51 140.28   7.48 307.62 247.79 188.22  55.96
ALP1
 59.69 169.94 280.68 329.33  81.81 195.56 310.74   4.46 121.86 239.30
355.95  48.45 162.32 274.91  26.46  74.44 184.73 294.74  44.67  91.92
202.34 313.33  65.16 115.28 229.57 345.31 102.26 156.98 274.19  30.36
145.11 195.65 307.80  59.03 169.60 216.93 326.89  76.86 187.03 234.82
346.10  98.33 211.77 263.81  20.07 137.33 254.85 308.92  64.56 178.75
291.61 340.55  91.49 201.88 311.93 359.05 109.07 219.39 330.22  19.02
131.69 245.66   1.08  54.98 172.45 289.81  46.27  98.54
BET1
270.01 178.29  87.09 342.64 253.36 165.58  79.57 341.27 258.21 175.20
 91.10 351.21 263.58 174.43  84.11 338.92 247.25 155.28  63.23 317.27
225.72 134.80  44.79 301.99 214.87 129.57  45.89 308.96 225.64 140.90
 54.35 312.04 222.40 131.73  40.34 294.47 202.45 110.43  18.64 273.24
182.63  93.07   4.92 264.45 179.83  96.58  13.68 275.86 190.43 103.18
 14.34 270.21 179.23  87.65 355.73 249.63 157.67  66.02 334.93 230.63
141.57  54.06 328.35 230.30 147.33  64.22 339.86 239.68
CHI1
 74.59 267.08  99.02 279.79 109.74 298.20 124.92 299.64 123.59 307.48
132.39 308.62 136.93 326.75 157.76 339.31 171.76   4.52 197.37  19.74
212.05  43.70 234.39  53.47 241.28  67.33 251.85  65.29 249.47  74.99
262.24  80.83 271.16 102.54 294.67 116.94 309.76 142.58 335.16 156.92
348.23 178.47   7.29 184.09   9.49 193.61  17.40 191.67  17.84 205.77
 35.28 215.72  47.43 239.77  72.48 255.01  87.76 280.17 112.00 292.61
122.34 310.53 136.97 311.45 135.31 319.30 144.45 320.97
H1
345.53  86.06 187.73 264.88   7.57 109.70 210.69 284.99  23.82 122.79
222.79 298.75  41.06 143.72 245.99 321.92  62.11 161.68 261.57 337.15
 79.24 182.02 284.75   1.36 102.05 201.45 300.24  14.06 114.40 215.98
318.36  35.47 137.36 238.20 338.03  52.18 152.34 253.70 356.16  73.76
176.47 278.23  18.63  92.47 191.31 290.81  31.50 107.94 210.32 312.57
 54.04 129.05 228.59 328.14  68.60 144.99 247.73 350.81  93.44 169.57
269.69   8.79 107.80 182.28 283.34  25.33 127.67 204.26
H2
162.88 263.72   4.47  81.68 182.16 282.49  22.72  99.46 199.56 299.65
 39.78 116.60 216.93 317.39  57.99 135.32 236.16 337.07  77.99 155.48
256.29 356.99  97.55 174.57 274.86  15.05 115.17 191.86 291.96  32.12
132.38 209.36 309.87  50.53 151.30 228.78 329.70  70.61 171.48 248.85
349.50  90.00 190.37 267.22   7.37 107.47 207.56 284.29  24.48 124.78
225.21 302.38  43.09 143.90 244.80 322.33  63.23 164.06 264.78 341.98
 82.43 182.75 282.95 359.69  99.78 199.88 300.02  16.85
KJ2
104.78 199.52 293.18  40.19 129.85 216.55 299.77  34.67 112.33 189.89
269.48   7.42  93.81 183.22 275.02  23.58 118.25 213.55 309.02  59.23
153.61 246.69 337.85  81.47 166.86 248.73 327.54  59.90 138.03 218.83
303.10  45.77 136.19 228.72 322.76  72.77 168.19 263.59 358.52 107.51
199.91 290.16  17.57 116.64 197.21 275.22 352.57  86.59 168.71 254.33
343.12  89.47 182.65 277.11  12.32 122.83 218.10 312.70  46.13 152.82
242.04 328.20  50.86 145.29 222.78 300.53  20.61 119.12
ETA2
105.07 199.55 292.82  39.94 130.17 216.98 299.45  34.15 112.75 190.40
269.06   6.97  94.04 183.63 275.00  23.27 118.14 213.79 309.26  59.10
153.25 246.61 338.23  81.70 166.41 248.39 328.13  60.28 137.43 218.49
303.50  46.10 136.00 228.42 322.81  73.09 168.32 263.34 358.23 107.60
200.28 290.17  17.07 116.50 197.88 275.41 351.87  86.43 169.23 254.51
342.77  89.25 182.87 277.42  12.30 122.52 217.94 312.93  46.41 152.64
241.58 328.27  51.51 145.28 222.07 300.59  21.18 119.08
KQ1
314.07 310.48 305.42 338.47 327.88 313.07 293.27 308.97 281.05 252.97
227.88 248.01 232.76 221.82 214.22 249.39 245.69 242.83 240.20 277.58
273.50 267.65 259.17 287.46 270.78 249.01 222.77 234.76 207.52 184.19
165.90 192.83 183.30 176.71 172.17 209.29 206.59 203.87 200.52 236.26
229.50 219.73 205.95 227.71 204.05 176.63 148.26 162.68 141.26 124.92
113.09 145.23 139.52 135.54 132.56 170.34 167.45 163.67 158.30 190.90
179.69 164.11 143.48 158.51 130.33 102.54  78.15  99.11
UPS1
315.54 309.06 302.90 339.93 331.81 312.90 287.36 304.59 285.81 260.07
228.83 243.36 229.95 224.03 216.17 248.24 244.52 244.39 241.35 275.69
271.54 269.54 261.75 285.81 266.12 248.94 229.03 239.41 205.66 178.67
164.61 195.79 184.38 174.89 171.58 211.39 207.36 201.76 199.28 238.25
230.69 217.21 203.44 231.16 209.51 177.23 143.32 157.88 142.74 128.31
112.90 142.74 139.64 137.99 132.90 168.25 167.00 165.54 158.26 188.04
179.24 169.05 146.89 155.11 123.34 100.62  82.95 102.35
M10
107.15 253.90  39.80  62.70 206.30 348.73 130.14 148.90 289.17  69.42
210.04 229.46  11.79 155.28 299.98 323.87 110.56 257.79  45.18  70.38
216.84   2.33 146.67 167.90 309.92  91.01 231.48 249.78  30.13 170.98
312.67 333.53 117.49 262.63  48.81  73.85 221.19   8.51 155.42 179.62
324.69 108.56 251.25 270.96  51.77 192.10 332.32 350.91 132.05 274.14
 57.36  79.88 225.45  11.96 159.10 184.58 331.79 118.42 264.16 286.86
 70.27 212.52 353.80  12.47 152.71 292.99  73.70  93.27
M12
272.58 160.68  47.76 147.24  31.56 274.48 156.17 250.68 131.01  11.31
252.04 347.35 230.15 114.34 359.97 100.65 348.67 237.35 126.21 228.46
116.20   2.80 248.01 345.48 227.90 109.21 349.77  83.73 324.15 205.18
 87.21 184.24  68.99 315.16 202.57 304.62 193.43  82.22 330.50  71.55
317.62 202.28  85.50 181.16  62.13 302.52 182.78 277.09 158.47  40.97
284.83  23.85 270.54 158.35  46.92 149.50  38.15 286.11 172.99 272.24
156.33  39.03 280.56  14.96 255.25 135.59  16.44 111.92
MK4
 12.68 118.32 222.73 302.98  43.48 141.61 237.53 309.36  42.72 136.05
230.17 303.49  41.41 141.69 244.17 326.03  71.57 177.86 284.34   8.06
113.28 217.07 318.94  36.11 133.35 228.54 322.34  33.16 126.70 221.37
317.89  34.31 135.48 238.71 343.54  67.03 173.45 279.85  25.70 108.02
211.12 312.14  50.80 124.77 219.33 312.82  46.07 117.53 212.84 310.23
 49.99 129.59 233.50 338.80  84.97 169.04 275.29  20.77 124.93 204.86
304.98  42.73 138.33 209.96 303.26  36.66 130.99 204.63
MKS2
 12.68 118.32 222.73 302.98  43.48 141.61 237.53 309.36  42.72 136.05
230.17 303.49  41.41 141.69 244.17 326.03  71.57 177.86 284.34   8.06
113.28 217.07 318.94  36.11 133.35 228.54 322.34  33.16 126.70 221.37
317.89  34.31 135.48 238.71 343.54  67.03 173.45 279.85  25.70 108.02
211.12 312.14  50.80 124.77 219.33 312.82  46.07 117.53 212.84 310.23
 49.99 129.59 233.50 338.80  84.97 169.04 275.29  20.77 124.93 204.86
304.98  42.73 138.33 209.96 303.26  36.66 130.99 204.63
MNS2
 75.54 189.51 303.15 354.52 107.24 219.49 331.33  21.05 132.44 243.81
355.34  45.32 157.53 270.20  23.36  75.13 189.08 303.25  57.48 109.78
223.64 337.11  90.13 140.83 252.92   4.63 116.09 165.63 277.04  28.67
140.62 191.17 304.04  57.37 171.12 223.35 337.56  91.77 205.81 257.70
 11.01 123.83 236.19 286.28  37.89 149.30 260.66 310.31  62.04 174.16
286.72 337.94  91.45 205.33 319.46  11.87 126.03 239.96 353.53  44.83
157.47 269.65  21.43  71.11 182.49 293.88  45.44  95.48
EPS2
 74.67 188.06 301.26 352.41 105.14 217.64 329.95  20.30 132.40 244.50
356.66  47.13 159.62 272.33  25.28  76.63 190.01 303.50  57.03 108.67
221.99 335.11  87.99 138.80 251.23   3.48 115.61 165.88 277.99  30.20
142.57 193.31 306.11  59.15 172.42 224.02 337.54  91.05 204.47 255.89
  8.92 121.71 234.26 284.78  36.98 149.10 261.19 311.50  63.77 176.20
288.86 339.93  93.06 206.40 319.87  11.57 125.06 238.42 351.59  42.70
155.39 267.86  20.15  70.48 182.57 294.68  46.86  97.35
MO3
316.14 155.82 355.72 146.26 347.23 189.22  32.53 187.48  33.12 238.80
 83.61 237.31  79.41 280.46 120.80 270.97 110.67 310.27 149.85 299.73
139.48 339.50 180.02 331.59 174.06  17.92 223.07  19.10 224.54  68.84
271.74  63.65 264.38 104.53 304.35  94.25 293.84 133.43 333.09 123.17
323.35 164.14   5.87 159.12   3.52 209.01  54.77 210.09  53.86 256.24
 97.50 248.22  88.22 287.96 127.57 277.40 117.01 316.72 156.66 307.30
148.41 350.59 194.13 349.28 194.99  40.59 245.20  38.66
MP1
179.27 283.03  26.25 105.24 206.46 306.20  44.20 117.13 212.35 307.52
 43.71 118.16 217.74 318.84  61.13 140.89 244.61 348.66  92.78 173.37
276.95  19.88 121.85 199.14 298.23  35.55 131.35 203.01 298.47  35.26
133.79 210.60 312.20  54.85 158.26 238.75 342.85  86.94 190.80 270.77
 13.37 114.88 214.98 289.99  26.67 122.06 217.13 289.62  27.07 126.27
227.06 305.71  48.69 152.31 256.31 337.04  81.07 184.76 287.87   6.69
107.70 207.17 304.88  17.58 112.71 207.98 304.41  19.14
TAU1
171.42 265.46   1.79  80.98 186.01 287.69  27.77 107.39 213.26 316.77
 57.15 135.39 240.65 344.69  83.29 156.16 254.93 354.71  89.48 158.18
254.44 357.41 101.04 177.85 278.08  22.21 127.95 206.93 307.25  50.09
155.94 235.69 334.38  72.87 174.40 250.76 343.89  75.17 171.85 251.12
352.61  91.44 192.16 273.86  18.95 120.31 220.96 301.60  47.39 149.54
248.64 326.02  69.46 168.81 261.41 329.81  67.36 168.75 267.58 341.90
 83.35 188.98 293.02  10.24 111.57 216.61 321.80  39.66
MPS2
144.96 246.79 348.44  63.53 164.73 265.69   6.45  80.71 181.24 281.77
 22.37  96.76 197.70 298.88  40.30 115.58 217.40 319.32  61.27 136.82
238.59 340.17  81.51 156.26 257.14 357.84  98.41 172.58 273.12  13.77
114.59 189.27 290.54  32.04 133.75 209.27 311.21  53.16 155.01 230.36
331.85  73.10 174.12 248.57 349.21  89.75 190.27 264.50   5.20 106.10
207.22 282.23  23.82 125.60 227.51 303.11  45.03 146.83 248.46 323.50
 64.66 165.59 266.32 340.56  81.09 181.62 282.24 356.66
MSK6
 12.68 118.32 222.73 302.98  43.48 141.61 237.53 309.36  42.72 136.05
230.17 303.49  41.41 141.69 244.17 326.03  71.57 177.86 284.34   8.06
113.28 217.07 318.94  36.11 133.35 228.54 322.34  33.16 126.70 221.37
317.89  34.31 135.48 238.71 343.54  67.03 173.45 279.85  25.70 108.02
211.12 312.14  50.80 124.77 219.33 312.82  46.07 117.53 212.84 310.23
 49.99 129.59 233.50 338.80  84.97 169.04 275.29  20.77 124.93 204.86
304.98  42.73 138.33 209.96 303.26  36.66 130.99 204.63
MSM
300.13 110.66 281.18 103.03 273.55  84.07 254.60  76.44 246.97  57.49
228.01  49.86 220.38  30.91 201.43  23.27 193.80   4.32 174.85 356.69
167.21 337.74 148.26 330.10 140.63 311.15 121.68 303.52 114.04 284.57
 95.09 276.93  87.46 257.98  68.51 250.35  60.87 231.40  41.92 223.76
 34.29 204.81  15.34 197.18   7.70 178.23 348.75 170.59 341.12 151.64
322.17 144.01 314.54 125.06 295.58 117.43 287.95  98.48 269.00  90.84
261.37  71.89 242.42  64.26 234.78  45.31 215.83  37.67
MSN2
255.32 344.05  72.77 174.56 263.28 352.00  80.72 182.51 271.23 359.96
 88.68 190.47 279.19   7.91  96.63 198.42 287.14  15.86 104.59 206.37
295.10  23.82 112.54 214.33 303.05  31.77 120.50 222.28 311.01  39.73
128.45 230.24 318.96  47.68 136.40 238.19 326.91  55.64 144.36 246.15
334.87  63.59 152.31 254.10 342.82  71.55 160.27 262.05 350.78  79.50
168.22 270.01 358.73  87.45 176.18 277.96   6.69  95.41 184.13 285.92
 14.64 103.36 192.09 293.87  22.59 111.32 200.04 301.83
MSN6
 75.54 189.51 303.15 354.52 107.24 219.49 331.33  21.05 132.44 243.81
355.34  45.32 157.53 270.20  23.36  75.13 189.08 303.25  57.48 109.78
223.64 337.11  90.13 140.83 252.92   4.63 116.09 165.63 277.04  28.67
140.62 191.17 304.04  57.37 171.12 223.35 337.56  91.77 205.81 257.70
 11.01 123.83 236.19 286.28  37.89 149.30 260.66 310.31  62.04 174.16
286.72 337.94  91.45 205.33 319.46  11.87 126.03 239.96 353.53  44.83
157.47 269.65  21.43  71.11 182.49 293.88  45.44  95.48
NLK2
325.87 131.08 325.45 133.44 346.42 176.83  10.17 171.40  27.60 238.77
 75.37 218.20  69.52 287.75 129.57 244.66  91.95 313.50 159.40 267.06
112.54 332.49 180.27 310.41 149.93   5.46 220.49  15.25 209.53  51.42
266.43  71.93 263.81  79.37 292.59 102.56 297.15  98.82 311.99 121.17
320.75 136.34 343.20 149.65   1.29 200.13  36.68 194.74  51.37 263.75
 88.08 225.61  82.30 300.71 120.55 243.84 101.69 320.28 148.06 275.05
127.99 345.00 190.83 333.50 175.59  28.99 245.35  41.30
NO1
119.40  33.69 307.43 208.26 120.01  30.27 298.80 193.57  99.32   5.01
271.72 168.01  78.12 349.75 262.56 164.16  78.41 352.98 267.63 170.05
 84.16 357.61 270.11 169.24  78.85 346.71 253.03 146.53  52.51 319.82
228.88 127.53  39.65 312.84 226.77 129.10  43.72 318.34 232.72 134.53
 47.65 319.69 230.32 127.17  34.37 300.29 205.89 100.21   8.19 277.92
189.23  89.72   3.23 277.37 191.89  94.47   9.02 283.24 196.87  97.53
  9.06 279.06 187.30  81.84 347.50 253.29 160.24  56.82
OP2
140.47 239.05 338.00  51.22 151.71 253.45 356.72  75.16 180.99 286.86
 31.79 108.85 210.72 311.31  50.95 123.60 222.20 320.60  58.94 131.02
229.72 328.88  68.77 143.35 245.66 349.54  94.83 174.46 280.06  24.43
127.23 202.22 302.40  41.76 140.58 212.73 311.09  49.45 147.97 220.46
319.87  60.12 161.55 238.11 342.59  88.25 194.21 273.07  16.84 119.05
219.90 293.37  32.49 131.17 229.59 301.58  39.99 138.61 237.64 310.99
 51.66 153.63 257.16 335.82  81.72 187.50 292.21   9.01
OQ2
119.51 314.73 149.75 280.95 115.48 309.78 143.87 274.25 108.13 302.01
135.96 266.46 100.74 295.25 130.01 261.43  96.63 291.95 127.31 259.02
 94.17 289.10 123.78 254.64  88.86 282.89 116.81 247.11  81.00 274.99
109.14 239.93  74.53 269.39 104.47 236.15  71.50 266.84 102.09 233.58
 68.42 263.00  97.35 227.91  61.89 255.79  89.66 220.00  54.05 248.28
 82.73 213.86  48.80 243.96  79.26 211.05  46.36 241.55  76.53 207.70
 42.19 236.45  70.52 200.88  34.76 228.64  62.60 193.14
PHI1
210.71 209.99 209.27 211.51 210.80 210.08 209.37 211.61 210.89 210.17
209.46 211.70 210.98 210.27 209.55 211.79 211.07 210.36 209.64 211.88
211.17 210.45 209.73 211.98 211.26 210.54 209.83 212.07 211.35 210.64
209.92 212.16 211.44 210.73 210.01 212.25 211.54 210.82 210.10 212.34
211.63 210.91 210.20 212.44 211.72 211.00 210.29 212.53 211.81 211.10
210.38 212.62 211.91 211.19 210.47 212.71 212.00 211.28 210.56 212.81
212.09 211.37 210.66 212.90 212.18 211.47 210.75 212.99
KP1
217.49 221.53 224.53 228.95 228.49 225.90 221.29 218.11 211.18 204.22
197.98 196.16 193.37 192.72 194.02 199.85 203.82 208.42 213.19 220.61
224.30 226.75 227.51 229.19 225.78 220.52 213.98 209.90 203.13 197.38
193.33 194.33 194.47 196.43 199.78 207.01 211.73 216.43 220.65 226.88
228.73 228.73 226.62 225.39 219.55 212.74 205.70 202.19 197.04 193.77
192.64 196.49 199.04 202.80 207.31 215.03 219.60 223.51 226.29 230.42
229.62 226.69 221.79 218.43 211.45 204.55 198.50 196.98
PI1
351.95 352.45 352.94 351.47 351.96 352.46 352.95 351.47 351.97 352.46
352.96 351.48 351.98 352.47 352.97 351.49 351.98 352.48 352.97 351.50
351.99 352.48 352.98 351.50 352.00 352.49 352.99 351.51 352.00 352.50
352.99 351.52 352.01 352.51 353.00 351.52 352.02 352.51 353.01 351.53
352.03 352.52 353.02 351.54 352.03 352.53 353.02 351.55 352.04 352.54
353.03 351.55 352.05 352.54 353.04 351.56 352.06 352.55 353.04 351.57
352.06 352.56 353.05 351.58 352.07 352.56 353.06 351.58
TK1
348.75 346.96 345.60 342.92 343.07 344.26 346.57 347.90 351.81 355.74
359.12 359.55   0.85   1.09   0.45 357.17 355.41 353.39 351.30 347.36
345.72 344.59 344.19 342.75 344.37 347.09 350.69 352.71 356.50 359.53
  1.51   0.41   0.29 359.37 357.86 354.00 351.93 349.87 348.00 344.55
343.68 343.62 344.57 344.65 347.75 351.57 355.56 357.13 359.78   1.32
  1.79 359.36 358.19 356.51 354.53 350.47 348.46 346.72 345.45 342.90
343.21 344.58 347.06 348.52 352.48 356.36 359.60 359.86
PSI1
  8.05   7.55   7.06   8.53   8.04   7.54   7.05   8.53   8.03   7.54
  7.04   8.52   8.02   7.53   7.03   8.51   8.02   7.52   7.03   8.50
  8.01   7.52   7.02   8.50   8.00   7.51   7.01   8.49   8.00   7.50
  7.01   8.48   7.99   7.49   7.00   8.48   7.98   7.49   6.99   8.47
  7.97   7.48   6.98   8.46   7.97   7.47   6.98   8.45   7.96   7.46
  6.97   8.45   7.95   7.46   6.96   8.44   7.94   7.45   6.96   8.43
  7.94   7.44   6.95   8.42   7.93   7.44   6.94   8.42
RP1
188.05 187.55 187.06 188.53 188.04 187.54 187.05 188.53 188.03 187.54
187.04 188.52 188.02 187.53 187.03 188.51 188.02 187.52 187.03 188.50
188.01 187.52 187.02 188.50 188.00 187.51 187.01 188.49 188.00 187.50
187.01 188.48 187.99 187.49 187.00 188.48 187.98 187.49 186.99 188.47
187.97 187.48 186.98 188.46 187.97 187.47 186.98 188.45 187.96 187.46
186.97 188.45 187.95 187.46 186.96 188.44 187.94 187.45 186.96 188.43
187.94 187.44 186.95 188.42 187.93 187.44 186.94 188.42
S3
180.00 180.00 180.00 180.00 180.00 180.00 180.00 180.00 180.00 180.00
180.00 180.00 180.00 180.00 180.00 180.00 180.00 180.00 180.00 180.00
180.00 180.00 180.00 180.00 180.00 180.00 180.00 180.00 180.00 180.00
180.00 180.00 180.00 180.00 180.00 180.00 180.00 180.00 180.00 180.00
180.00 180.00 180.00 180.00 180.00 180.00 180.00 180.00 180.00 180.00
180.00 180.00 180.00 180.00 180.00 180.00 180.00 180.00 180.00 180.00
180.00 180.00 180.00 180.00 180.00 180.00 180.00 180.00
SIG1
315.25 154.34 353.80 144.14 345.14 187.40  31.18 186.75  33.08 239.47
 84.91 239.09  81.48 282.58 122.74 272.50 111.62 310.53 149.39 298.59
137.80 337.48 177.88 329.58 172.40  16.80 222.60  19.34 225.46  70.35
273.67  65.77 266.47 106.34 305.68  94.94 293.81 132.69 331.72 121.33
321.26 162.02   3.97 157.64   2.63 208.81  55.29 211.26  55.55 258.27
 99.63 250.23  89.86 289.05 127.99 277.09 116.01 315.15 154.70 305.16
146.35 348.83 192.87 348.65 195.07  41.37 246.59  40.51
SK3
 13.44  15.49  17.10  19.05  19.16  18.22  16.17  14.11  10.46   6.78
  3.66   2.49   1.46   1.47   2.36   4.91   6.93   9.21  11.55  14.76
 16.66  18.05  18.71  19.41  18.04  15.58  12.24   9.48   5.96   3.18
  1.46   1.83   2.21   3.38   5.15   8.28  10.60  12.92  15.04  17.76
 18.89  19.20  18.51  17.70  14.86  11.30   7.56   5.26   2.87   1.58
  1.37   3.07   4.49   6.43   8.66  12.00  14.26  16.25  17.78  19.60
 19.55  18.43  16.21  14.02  10.32   6.69   3.71   2.72
SK4
207.25 211.54 214.77 218.44 218.22 215.87 211.50 207.58 200.89 194.16
188.16 185.60 183.05 182.63 184.17 189.26 193.46 198.30 203.30 209.98
213.91 216.60 217.60 218.53 215.36 210.34 204.04 199.21 192.68 187.17
183.36 183.61 183.99 186.18 189.78 196.26 201.21 206.15 210.62 216.10
218.18 218.42 216.55 214.58 208.98 202.40 195.61 191.35 186.43 183.41
182.51 185.62 188.41 192.41 197.15 204.13 208.93 213.08 216.10 219.49
218.93 216.23 211.57 207.47 200.72 194.06 188.25 185.98
SN4
270.11 282.73 295.19 269.98 281.98 293.74 305.31 279.27 290.60 301.93
313.33 287.43 299.17 311.15 323.36 298.35 310.97 323.69 336.45 311.70
324.27 336.65 348.79 323.25 334.93 346.43 357.80 331.67 343.02 354.47
  6.08 340.47 352.54   4.84  17.36 352.58   5.32  18.07  30.72   5.78
 18.07  30.12  41.94  16.09  27.53  38.87  50.20  24.13  35.63  47.33
 59.25  33.97  46.36  58.94  71.64  46.95  59.67  72.28  84.70  59.45
 71.41  83.14  94.67  68.62  79.95  91.28 102.70  76.83
SNK6
117.36 134.27 149.96 128.43 140.20 149.61 156.80 126.85 131.49 136.09
141.49 113.02 122.22 133.78 147.54 127.61 144.43 161.99 179.75 161.68
178.18 193.25 206.40 181.79 190.30 196.76 201.84 170.88 175.70 181.64
189.44 164.08 176.53 191.03 207.13 188.84 206.54 224.22 241.34 221.88
236.25 248.55 258.49 230.67 236.51 241.28 245.80 215.47 222.06 230.73
241.76 219.58 234.76 251.34 268.79 251.08 268.61 285.36 300.80 278.94
290.34 299.37 306.25 276.09 280.67 285.34 290.95 262.81
SO1
210.18 112.44  14.16 300.40 200.12  98.35 354.85 275.03 168.75  62.41
317.10 238.80 136.88  36.47 297.26 224.27 126.49  29.03 291.65 219.49
121.57  22.99 283.46 208.00 105.58   1.41 255.70 174.61  68.56 323.85
220.87 144.94  45.03 306.18 208.09 135.83  38.43 301.01 203.36 130.59
 31.68 291.69 190.28 112.55   7.72 261.61 155.17  74.92 330.86 228.56
127.84  53.75 315.23 217.34 119.83  47.82 310.34 212.53 114.13  40.21
299.71 197.67  93.89  13.84 267.47 161.23  56.15 338.14
SO3
150.70 249.04 347.76  61.72 161.97 263.47   6.50  85.70 191.28 296.92
 41.60 119.41 221.05 321.40  60.80 134.19 232.56 330.72  68.82 141.65
240.11 339.03  78.68 154.01 256.08 359.72 104.77 185.15 290.51  34.64
137.21 212.94 312.88  52.01 150.59 223.48 321.60  59.73 158.00 231.24
330.41  70.43 171.62 248.92 353.16  98.58 204.31 283.91  27.45 129.41
230.02 304.24  43.13 141.57 239.75 312.48  50.65 149.04 247.83 321.92
 62.35 164.09 267.37 346.78  92.45 197.99 302.46  20.01
THE1
314.86 128.40 301.39 125.84 296.84 106.35 274.12  92.52 257.52  62.46
228.42  48.33 217.69  28.56 200.62  25.85 199.35  13.16 187.06  13.11
186.47 359.17 170.92 353.67 162.53 329.63 135.20 312.33 117.56 284.12
 92.42 274.70  86.07 258.50  71.68 257.64  71.51 245.38  59.00 244.44
 56.81 228.10  37.97 218.45  24.90 190.06 354.91 172.86 340.08 149.06
319.62 143.74 316.50 129.89 303.65 129.86 303.66 117.12 290.00 114.29
285.07  94.31 261.80  79.97 244.87  49.91 216.11  36.32
*END*
#
# 
# Now come the node factors for the middle of each year that we can
# predict tides for.
#
# 
# First line:  how many years in this table [CR]
# Remainder of table:  identifier [whitespace] factor [whitespace] factor...
# Carriage returns inside the table will be ignored.
#
# 
# The identifiers are for readability only; XTide assumes that they
# are in the same order as defined above.
#
# 
# DO NOT PUT COMMENT LINES INSIDE THE FOLLOWING TABLE.
# DO NOT REMOVE THE "*END*" AT THE END.
68
J1
1.1550 1.1324 1.0972 1.0504 0.9949 0.9359 0.8815 0.8421 0.8268 0.8396
0.8771 0.9305 0.9895 1.0456 1.0934 1.1297 1.1534 1.1643 1.1624 1.1477
1.1203 1.0804 1.0298 0.9720 0.9137 0.8640 0.8329 0.8284 0.8516 0.8964
0.9532 1.0120 1.0653 1.1089 1.1404 1.1592 1.1651 1.1583 1.1386 1.1062
1.0619 1.0080 0.9491 0.8928 0.8492 0.8278 0.8343 0.8669 0.9176 0.9761
1.0336 1.0836 1.1226 1.1492 1.1630 1.1640 1.1522 1.1276 1.0904 1.0419
0.9854 0.9265 0.8739 0.8378 0.8269 0.8441 0.8849 0.9399
K1
1.1052 1.0884 1.0627 1.0294 0.9910 0.9514 0.9161 0.8912 0.8817 0.8897
0.9133 0.9479 0.9873 1.0260 1.0600 1.0864 1.1040 1.1122 1.1108 1.0998
1.0795 1.0507 1.0150 0.9755 0.9369 0.9050 0.8855 0.8827 0.8972 0.9257
0.9629 1.0027 1.0399 1.0712 1.0943 1.1083 1.1128 1.1077 1.0930 1.0693
1.0375 0.9999 0.9602 0.9234 0.8957 0.8824 0.8864 0.9068 0.9394 0.9782
1.0176 1.0529 1.0812 1.1008 1.1112 1.1119 1.1031 1.0849 1.0578 1.0235
0.9845 0.9453 0.9113 0.8886 0.8818 0.8925 0.9183 0.9541
K2
1.2888 1.2313 1.1495 1.0538 0.9566 0.8697 0.8026 0.7610 0.7462 0.7585
0.7977 0.8626 0.9480 1.0447 1.1411 1.2247 1.2847 1.3140 1.3089 1.2699
1.2020 1.1135 1.0157 0.9210 0.8409 0.7834 0.7521 0.7478 0.7705 0.8199
0.8936 0.9848 1.0828 1.1755 1.2511 1.3000 1.3162 1.2977 1.2467 1.1695
1.0761 0.9781 0.8878 0.8156 0.7680 0.7472 0.7534 0.7865 0.8458 0.9272
1.0225 1.1201 1.2075 1.2736 1.3103 1.3131 1.2815 1.2195 1.1347 1.0379
0.9415 0.8573 0.7941 0.7567 0.7464 0.7630 0.8065 0.8751
L2
0.8831 0.6623 1.1220 1.2746 1.0150 0.8055 0.9886 1.1790 1.1703 0.9946
0.8452 1.0012 1.2407 1.1589 0.7443 0.8102 1.2664 1.2492 0.7484 0.7453
1.2196 1.2498 0.8975 0.7985 1.0789 1.2102 1.1077 0.9196 0.8915 1.0966
1.2402 1.0587 0.7049 0.9429 1.3097 1.1554 0.6393 0.8671 1.2911 1.1868
0.7787 0.8482 1.1647 1.2047 1.0215 0.8780 0.9704 1.1656 1.2040 0.9582
0.7337 1.0650 1.3148 1.0392 0.5914 1.0009 1.3288 1.0909 0.6859 0.9409
1.2309 1.1616 0.9271 0.8837 1.0590 1.1994 1.1385 0.8768
M1
1.9909 2.1825 1.5072 0.9987 1.5402 1.7807 1.4297 0.8695 0.8719 1.3637
1.6606 1.4722 0.9663 1.3242 2.0508 2.0350 1.2909 1.3641 2.1506 2.1303
1.3325 1.1549 1.7790 1.8323 1.2847 0.7916 1.0850 1.4900 1.5626 1.2148
0.8804 1.4839 2.0511 1.8350 1.1273 1.5657 2.2502 2.0159 1.1805 1.3818
1.9709 1.8157 1.1232 0.8780 1.3201 1.5575 1.4048 0.9652 0.9344 1.6115
1.9812 1.5935 1.0584 1.7583 2.2830 1.8465 1.0994 1.6269 2.1025 1.7335
0.9911 1.0897 1.5305 1.5594 1.2040 0.7928 1.0825 1.6896
M2
0.9665 0.9734 0.9833 0.9953 1.0078 1.0195 1.0291 1.0355 1.0378 1.0359
1.0299 1.0205 1.0089 0.9964 0.9844 0.9742 0.9670 0.9635 0.9641 0.9687
0.9769 0.9878 1.0001 1.0125 1.0236 1.0320 1.0369 1.0376 1.0340 1.0266
1.0162 1.0041 0.9916 0.9802 0.9710 0.9651 0.9632 0.9654 0.9715 0.9809
0.9925 1.0050 1.0170 1.0272 1.0344 1.0377 1.0367 1.0315 1.0229 1.0117
0.9992 0.9870 0.9763 0.9683 0.9639 0.9636 0.9674 0.9748 0.9852 0.9973
1.0098 1.0212 1.0304 1.0361 1.0378 1.0352 1.0286 1.0188
M3
0.9502 0.9604 0.9751 0.9929 1.0117 1.0295 1.0440 1.0537 1.0573 1.0543
1.0452 1.0310 1.0134 0.9946 0.9767 0.9616 0.9509 0.9457 0.9466 0.9535
0.9656 0.9818 1.0002 1.0188 1.0356 1.0485 1.0559 1.0569 1.0515 1.0402
1.0245 1.0062 0.9875 0.9704 0.9568 0.9482 0.9454 0.9486 0.9576 0.9715
0.9887 1.0075 1.0257 1.0411 1.0520 1.0571 1.0556 1.0477 1.0345 1.0176
0.9989 0.9805 0.9646 0.9529 0.9464 0.9459 0.9515 0.9625 0.9779 0.9959
1.0147 1.0321 1.0460 1.0547 1.0573 1.0532 1.0432 1.0283
M4
0.9341 0.9475 0.9670 0.9905 1.0156 1.0394 1.0591 1.0722 1.0771 1.0730
1.0606 1.0414 1.0179 0.9928 0.9690 0.9490 0.9350 0.9283 0.9295 0.9385
0.9544 0.9757 1.0002 1.0252 1.0477 1.0651 1.0751 1.0766 1.0692 1.0539
1.0327 1.0082 0.9833 0.9607 0.9428 0.9315 0.9278 0.9320 0.9439 0.9621
0.9850 1.0099 1.0343 1.0552 1.0699 1.0768 1.0747 1.0641 1.0463 1.0235
0.9985 0.9741 0.9531 0.9376 0.9291 0.9285 0.9358 0.9503 0.9706 0.9946
1.0196 1.0429 1.0617 1.0736 1.0770 1.0716 1.0579 1.0379
M6
0.9028 0.9223 0.9509 0.9858 1.0235 1.0597 1.0900 1.1103 1.1178 1.1115
1.0923 1.0628 1.0270 0.9893 0.9539 0.9246 0.9041 0.8944 0.8961 0.9091
0.9324 0.9638 1.0003 1.0380 1.0724 1.0992 1.1148 1.1170 1.1055 1.0819
1.0495 1.0123 0.9750 0.9416 0.9155 0.8990 0.8937 0.8998 0.9170 0.9438
0.9775 1.0150 1.0519 1.0839 1.1067 1.1173 1.1141 1.0977 1.0702 1.0354
0.9977 0.9614 0.9305 0.9079 0.8956 0.8947 0.9052 0.9263 0.9562 0.9918
1.0296 1.0651 1.0940 1.1124 1.1177 1.1093 1.0882 1.0573
M8
0.8725 0.8977 0.9350 0.9812 1.0315 1.0804 1.1217 1.1497 1.1601 1.1514
1.1249 1.0846 1.0361 0.9857 0.9390 0.9007 0.8743 0.8617 0.8639 0.8807
0.9109 0.9520 1.0004 1.0510 1.0977 1.1344 1.1559 1.1590 1.1431 1.1107
1.0665 1.0165 0.9669 0.9230 0.8889 0.8677 0.8608 0.8687 0.8909 0.9257
0.9702 1.0200 1.0698 1.1134 1.1448 1.1594 1.1550 1.1323 1.0947 1.0475
0.9969 0.9489 0.9084 0.8791 0.8633 0.8621 0.8757 0.9030 0.9420 0.9891
1.0396 1.0877 1.1273 1.1526 1.1600 1.1483 1.1193 1.0772
N2
0.9665 0.9734 0.9833 0.9953 1.0078 1.0195 1.0291 1.0355 1.0378 1.0359
1.0299 1.0205 1.0089 0.9964 0.9844 0.9742 0.9670 0.9635 0.9641 0.9687
0.9769 0.9878 1.0001 1.0125 1.0236 1.0320 1.0369 1.0376 1.0340 1.0266
1.0162 1.0041 0.9916 0.9802 0.9710 0.9651 0.9632 0.9654 0.9715 0.9809
0.9925 1.0050 1.0170 1.0272 1.0344 1.0377 1.0367 1.0315 1.0229 1.0117
0.9992 0.9870 0.9763 0.9683 0.9639 0.9636 0.9674 0.9748 0.9852 0.9973
1.0098 1.0212 1.0304 1.0361 1.0378 1.0352 1.0286 1.0188
2N2
0.9665 0.9734 0.9833 0.9953 1.0078 1.0195 1.0291 1.0355 1.0378 1.0359
1.0299 1.0205 1.0089 0.9964 0.9844 0.9742 0.9670 0.9635 0.9641 0.9687
0.9769 0.9878 1.0001 1.0125 1.0236 1.0320 1.0369 1.0376 1.0340 1.0266
1.0162 1.0041 0.9916 0.9802 0.9710 0.9651 0.9632 0.9654 0.9715 0.9809
0.9925 1.0050 1.0170 1.0272 1.0344 1.0377 1.0367 1.0315 1.0229 1.0117
0.9992 0.9870 0.9763 0.9683 0.9639 0.9636 0.9674 0.9748 0.9852 0.9973
1.0098 1.0212 1.0304 1.0361 1.0378 1.0352 1.0286 1.0188
O1
1.1702 1.1428 1.1010 1.0470 0.9849 0.9207 0.8629 0.8216 0.8057 0.8190
0.8582 0.9150 0.9789 1.0415 1.0965 1.1395 1.1683 1.1818 1.1794 1.1613
1.1282 1.0814 1.0237 0.9598 0.8970 0.8444 0.8121 0.8074 0.8315 0.8786
0.9394 1.0038 1.0640 1.1146 1.1524 1.1754 1.1828 1.1743 1.1503 1.1115
1.0601 0.9994 0.9349 0.8748 0.8290 0.8068 0.8135 0.8475 0.9011 0.9643
1.0279 1.0850 1.1309 1.1631 1.1801 1.1813 1.1668 1.1370 1.0930 1.0374
0.9745 0.9107 0.8549 0.8171 0.8059 0.8237 0.8665 0.9250
OO1
1.7125 1.5723 1.3776 1.1566 0.9389 0.7495 0.6055 0.5163 0.4848 0.5110
0.5950 0.7342 0.9200 1.1360 1.3579 1.5563 1.7025 1.7748 1.7621 1.6661
1.5019 1.2937 1.0705 0.8609 0.6876 0.5643 0.4973 0.4881 0.5367 0.6425
0.8012 1.0014 1.2229 1.4389 1.6203 1.7402 1.7802 1.7343 1.6095 1.4247
1.2074 0.9866 0.7887 0.6334 0.5315 0.4868 0.5000 0.5711 0.6981 0.8745
1.0859 1.3090 1.5150 1.6752 1.7657 1.7725 1.6945 1.5439 1.3430 1.1205
0.9059 0.7229 0.5873 0.5073 0.4851 0.5207 0.6138 0.7613
P1
1.0000 1.0000 1.0000 1.0000 1.0000 1.0000 1.0000 1.0000 1.0000 1.0000
1.0000 1.0000 1.0000 1.0000 1.0000 1.0000 1.0000 1.0000 1.0000 1.0000
1.0000 1.0000 1.0000 1.0000 1.0000 1.0000 1.0000 1.0000 1.0000 1.0000
1.0000 1.0000 1.0000 1.0000 1.0000 1.0000 1.0000 1.0000 1.0000 1.0000
1.0000 1.0000 1.0000 1.0000 1.0000 1.0000 1.0000 1.0000 1.0000 1.0000
1.0000 1.0000 1.0000 1.0000 1.0000 1.0000 1.0000 1.0000 1.0000 1.0000
1.0000 1.0000 1.0000 1.0000 1.0000 1.0000 1.0000 1.0000
Q1
1.1702 1.1428 1.1010 1.0470 0.9849 0.9207 0.8629 0.8216 0.8057 0.8190
0.8582 0.9150 0.9789 1.0415 1.0965 1.1395 1.1683 1.1818 1.1794 1.1613
1.1282 1.0814 1.0237 0.9598 0.8970 0.8444 0.8121 0.8074 0.8315 0.8786
0.9394 1.0038 1.0640 1.1146 1.1524 1.1754 1.1828 1.1743 1.1503 1.1115
1.0601 0.9994 0.9349 0.8748 0.8290 0.8068 0.8135 0.8475 0.9011 0.9643
1.0279 1.0850 1.1309 1.1631 1.1801 1.1813 1.1668 1.1370 1.0930 1.0374
0.9745 0.9107 0.8549 0.8171 0.8059 0.8237 0.8665 0.9250
2Q1
1.1702 1.1428 1.1010 1.0470 0.9849 0.9207 0.8629 0.8216 0.8057 0.8190
0.8582 0.9150 0.9789 1.0415 1.0965 1.1395 1.1683 1.1818 1.1794 1.1613
1.1282 1.0814 1.0237 0.9598 0.8970 0.8444 0.8121 0.8074 0.8315 0.8786
0.9394 1.0038 1.0640 1.1146 1.1524 1.1754 1.1828 1.1743 1.1503 1.1115
1.0601 0.9994 0.9349 0.8748 0.8290 0.8068 0.8135 0.8475 0.9011 0.9643
1.0279 1.0850 1.1309 1.1631 1.1801 1.1813 1.1668 1.1370 1.0930 1.0374
0.9745 0.9107 0.8549 0.8171 0.8059 0.8237 0.8665 0.9250
R2
1.0000 1.0000 1.0000 1.0000 1.0000 1.0000 1.0000 1.0000 1.0000 1.0000
1.0000 1.0000 1.0000 1.0000 1.0000 1.0000 1.0000 1.0000 1.0000 1.0000
1.0000 1.0000 1.0000 1.0000 1.0000 1.0000 1.0000 1.0000 1.0000 1.0000
1.0000 1.0000 1.0000 1.0000 1.0000 1.0000 1.0000 1.0000 1.0000 1.0000
1.0000 1.0000 1.0000 1.0000 1.0000 1.0000 1.0000 1.0000 1.0000 1.0000
1.0000 1.0000 1.0000 1.0000 1.0000 1.0000 1.0000 1.0000 1.0000 1.0000
1.0000 1.0000 1.0000 1.0000 1.0000 1.0000 1.0000 1.0000
S1
1.0000 1.0000 1.0000 1.0000 1.0000 1.0000 1.0000 1.0000 1.0000 1.0000
1.0000 1.0000 1.0000 1.0000 1.0000 1.0000 1.0000 1.0000 1.0000 1.0000
1.0000 1.0000 1.0000 1.0000 1.0000 1.0000 1.0000 1.0000 1.0000 1.0000
1.0000 1.0000 1.0000 1.0000 1.0000 1.0000 1.0000 1.0000 1.0000 1.0000
1.0000 1.0000 1.0000 1.0000 1.0000 1.0000 1.0000 1.0000 1.0000 1.0000
1.0000 1.0000 1.0000 1.0000 1.0000 1.0000 1.0000 1.0000 1.0000 1.0000
1.0000 1.0000 1.0000 1.0000 1.0000 1.0000 1.0000 1.0000
S2
1.0000 1.0000 1.0000 1.0000 1.0000 1.0000 1.0000 1.0000 1.0000 1.0000
1.0000 1.0000 1.0000 1.0000 1.0000 1.0000 1.0000 1.0000 1.0000 1.0000
1.0000 1.0000 1.0000 1.0000 1.0000 1.0000 1.0000 1.0000 1.0000 1.0000
1.0000 1.0000 1.0000 1.0000 1.0000 1.0000 1.0000 1.0000 1.0000 1.0000
1.0000 1.0000 1.0000 1.0000 1.0000 1.0000 1.0000 1.0000 1.0000 1.0000
1.0000 1.0000 1.0000 1.0000 1.0000 1.0000 1.0000 1.0000 1.0000 1.0000
1.0000 1.0000 1.0000 1.0000 1.0000 1.0000 1.0000 1.0000
S4
1.0000 1.0000 1.0000 1.0000 1.0000 1.0000 1.0000 1.0000 1.0000 1.0000
1.0000 1.0000 1.0000 1.0000 1.0000 1.0000 1.0000 1.0000 1.0000 1.0000
1.0000 1.0000 1.0000 1.0000 1.0000 1.0000 1.0000 1.0000 1.0000 1.0000
1.0000 1.0000 1.0000 1.0000 1.0000 1.0000 1.0000 1.0000 1.0000 1.0000
1.0000 1.0000 1.0000 1.0000 1.0000 1.0000 1.0000 1.0000 1.0000 1.0000
1.0000 1.0000 1.0000 1.0000 1.0000 1.0000 1.0000 1.0000 1.0000 1.0000
1.0000 1.0000 1.0000 1.0000 1.0000 1.0000 1.0000 1.0000
S6
1.0000 1.0000 1.0000 1.0000 1.0000 1.0000 1.0000 1.0000 1.0000 1.0000
1.0000 1.0000 1.0000 1.0000 1.0000 1.0000 1.0000 1.0000 1.0000 1.0000
1.0000 1.0000 1.0000 1.0000 1.0000 1.0000 1.0000 1.0000 1.0000 1.0000
1.0000 1.0000 1.0000 1.0000 1.0000 1.0000 1.0000 1.0000 1.0000 1.0000
1.0000 1.0000 1.0000 1.0000 1.0000 1.0000 1.0000 1.0000 1.0000 1.0000
1.0000 1.0000 1.0000 1.0000 1.0000 1.0000 1.0000 1.0000 1.0000 1.0000
1.0000 1.0000 1.0000 1.0000 1.0000 1.0000 1.0000 1.0000
T2
1.0000 1.0000 1.0000 1.0000 1.0000 1.0000 1.0000 1.0000 1.0000 1.0000
1.0000 1.0000 1.0000 1.0000 1.0000 1.0000 1.0000 1.0000 1.0000 1.0000
1.0000 1.0000 1.0000 1.0000 1.0000 1.0000 1.0000 1.0000 1.0000 1.0000
1.0000 1.0000 1.0000 1.0000 1.0000 1.0000 1.0000 1.0000 1.0000 1.0000
1.0000 1.0000 1.0000 1.0000 1.0000 1.0000 1.0000 1.0000 1.0000 1.0000
1.0000 1.0000 1.0000 1.0000 1.0000 1.0000 1.0000 1.0000 1.0000 1.0000
1.0000 1.0000 1.0000 1.0000 1.0000 1.0000 1.0000 1.0000
LDA2
0.9665 0.9734 0.9833 0.9953 1.0078 1.0195 1.0291 1.0355 1.0378 1.0359
1.0299 1.0205 1.0089 0.9964 0.9844 0.9742 0.9670 0.9635 0.9641 0.9687
0.9769 0.9878 1.0001 1.0125 1.0236 1.0320 1.0369 1.0376 1.0340 1.0266
1.0162 1.0041 0.9916 0.9802 0.9710 0.9651 0.9632 0.9654 0.9715 0.9809
0.9925 1.0050 1.0170 1.0272 1.0344 1.0377 1.0367 1.0315 1.0229 1.0117
0.9992 0.9870 0.9763 0.9683 0.9639 0.9636 0.9674 0.9748 0.9852 0.9973
1.0098 1.0212 1.0304 1.0361 1.0378 1.0352 1.0286 1.0188
MU2
0.9665 0.9734 0.9833 0.9953 1.0078 1.0195 1.0291 1.0355 1.0378 1.0359
1.0299 1.0205 1.0089 0.9964 0.9844 0.9742 0.9670 0.9635 0.9641 0.9687
0.9769 0.9878 1.0001 1.0125 1.0236 1.0320 1.0369 1.0376 1.0340 1.0266
1.0162 1.0041 0.9916 0.9802 0.9710 0.9651 0.9632 0.9654 0.9715 0.9809
0.9925 1.0050 1.0170 1.0272 1.0344 1.0377 1.0367 1.0315 1.0229 1.0117
0.9992 0.9870 0.9763 0.9683 0.9639 0.9636 0.9674 0.9748 0.9852 0.9973
1.0098 1.0212 1.0304 1.0361 1.0378 1.0352 1.0286 1.0188
NU2
0.9665 0.9734 0.9833 0.9953 1.0078 1.0195 1.0291 1.0355 1.0378 1.0359
1.0299 1.0205 1.0089 0.9964 0.9844 0.9742 0.9670 0.9635 0.9641 0.9687
0.9769 0.9878 1.0001 1.0125 1.0236 1.0320 1.0369 1.0376 1.0340 1.0266
1.0162 1.0041 0.9916 0.9802 0.9710 0.9651 0.9632 0.9654 0.9715 0.9809
0.9925 1.0050 1.0170 1.0272 1.0344 1.0377 1.0367 1.0315 1.0229 1.0117
0.9992 0.9870 0.9763 0.9683 0.9639 0.9636 0.9674 0.9748 0.9852 0.9973
1.0098 1.0212 1.0304 1.0361 1.0378 1.0352 1.0286 1.0188
RHO1
1.1702 1.1428 1.1010 1.0470 0.9849 0.9207 0.8629 0.8216 0.8057 0.8190
0.8582 0.9150 0.9789 1.0415 1.0965 1.1395 1.1683 1.1818 1.1794 1.1613
1.1282 1.0814 1.0237 0.9598 0.8970 0.8444 0.8121 0.8074 0.8315 0.8786
0.9394 1.0038 1.0640 1.1146 1.1524 1.1754 1.1828 1.1743 1.1503 1.1115
1.0601 0.9994 0.9349 0.8748 0.8290 0.8068 0.8135 0.8475 0.9011 0.9643
1.0279 1.0850 1.1309 1.1631 1.1801 1.1813 1.1668 1.1370 1.0930 1.0374
0.9745 0.9107 0.8549 0.8171 0.8059 0.8237 0.8665 0.9250
MK3
1.0681 1.0595 1.0450 1.0245 0.9987 0.9700 0.9428 0.9229 0.9151 0.9216
0.9406 0.9673 0.9961 1.0223 1.0434 1.0584 1.0676 1.0716 1.0709 1.0654
1.0546 1.0378 1.0151 0.9877 0.9590 0.9339 0.9182 0.9159 0.9277 0.9503
0.9785 1.0068 1.0312 1.0499 1.0626 1.0697 1.0719 1.0694 1.0619 1.0488
1.0297 1.0049 0.9765 0.9485 0.9265 0.9156 0.9189 0.9354 0.9609 0.9897
1.0168 1.0392 1.0555 1.0660 1.0711 1.0715 1.0671 1.0575 1.0421 1.0207
0.9941 0.9654 0.9390 0.9207 0.9152 0.9239 0.9445 0.9720
2MK3
1.0323 1.0313 1.0276 1.0197 1.0065 0.9889 0.9703 0.9556 0.9497 0.9546
0.9687 0.9872 1.0050 1.0187 1.0271 1.0311 1.0323 1.0324 1.0324 1.0321
1.0303 1.0252 1.0152 1.0000 0.9816 0.9639 0.9521 0.9503 0.9592 0.9756
0.9944 1.0109 1.0226 1.0291 1.0318 1.0324 1.0324 1.0324 1.0317 1.0288
1.0219 1.0099 0.9931 0.9743 0.9583 0.9501 0.9526 0.9650 0.9829 1.0012
1.0160 1.0256 1.0305 1.0322 1.0324 1.0324 1.0323 1.0309 1.0267 1.0179
1.0039 0.9859 0.9675 0.9540 0.9498 0.9564 0.9715 0.9902
MN4
0.9341 0.9475 0.9670 0.9905 1.0156 1.0394 1.0591 1.0722 1.0771 1.0730
1.0606 1.0414 1.0179 0.9928 0.9690 0.9490 0.9350 0.9283 0.9295 0.9385
0.9544 0.9757 1.0002 1.0252 1.0477 1.0651 1.0751 1.0766 1.0692 1.0539
1.0327 1.0082 0.9833 0.9607 0.9428 0.9315 0.9278 0.9320 0.9439 0.9621
0.9850 1.0099 1.0343 1.0552 1.0699 1.0768 1.0747 1.0641 1.0463 1.0235
0.9985 0.9741 0.9531 0.9376 0.9291 0.9285 0.9358 0.9503 0.9706 0.9946
1.0196 1.0429 1.0617 1.0736 1.0770 1.0716 1.0579 1.0379
MS4
0.9665 0.9734 0.9833 0.9953 1.0078 1.0195 1.0291 1.0355 1.0378 1.0359
1.0299 1.0205 1.0089 0.9964 0.9844 0.9742 0.9670 0.9635 0.9641 0.9687
0.9769 0.9878 1.0001 1.0125 1.0236 1.0320 1.0369 1.0376 1.0340 1.0266
1.0162 1.0041 0.9916 0.9802 0.9710 0.9651 0.9632 0.9654 0.9715 0.9809
0.9925 1.0050 1.0170 1.0272 1.0344 1.0377 1.0367 1.0315 1.0229 1.0117
0.9992 0.9870 0.9763 0.9683 0.9639 0.9636 0.9674 0.9748 0.9852 0.9973
1.0098 1.0212 1.0304 1.0361 1.0378 1.0352 1.0286 1.0188
2SM2
0.9665 0.9734 0.9833 0.9953 1.0078 1.0195 1.0291 1.0355 1.0378 1.0359
1.0299 1.0205 1.0089 0.9964 0.9844 0.9742 0.9670 0.9635 0.9641 0.9687
0.9769 0.9878 1.0001 1.0125 1.0236 1.0320 1.0369 1.0376 1.0340 1.0266
1.0162 1.0041 0.9916 0.9802 0.9710 0.9651 0.9632 0.9654 0.9715 0.9809
0.9925 1.0050 1.0170 1.0272 1.0344 1.0377 1.0367 1.0315 1.0229 1.0117
0.9992 0.9870 0.9763 0.9683 0.9639 0.9636 0.9674 0.9748 0.9852 0.9973
1.0098 1.0212 1.0304 1.0361 1.0378 1.0352 1.0286 1.0188
MF
1.4164 1.3412 1.2322 1.1010 0.9622 0.8312 0.7232 0.6517 0.6253 0.6473
0.7150 0.8200 0.9495 1.0883 1.2209 1.3324 1.4111 1.4490 1.4424 1.3918
1.3024 1.1834 1.0474 0.9095 0.7858 0.6907 0.6358 0.6281 0.6684 0.7517
0.8680 1.0032 1.1413 1.2671 1.3672 1.4310 1.4518 1.4279 1.3614 1.2591
1.1320 0.9935 0.8592 0.7448 0.6642 0.6271 0.6382 0.6961 0.7936 0.9188
1.0571 1.1924 1.3097 1.3966 1.4443 1.4478 1.4069 1.3256 1.2122 1.0787
0.9401 0.8118 0.7090 0.6442 0.6256 0.6552 0.7297 0.8397
MSF
0.9665 0.9734 0.9833 0.9953 1.0078 1.0195 1.0291 1.0355 1.0378 1.0359
1.0299 1.0205 1.0089 0.9964 0.9844 0.9742 0.9670 0.9635 0.9641 0.9687
0.9769 0.9878 1.0001 1.0125 1.0236 1.0320 1.0369 1.0376 1.0340 1.0266
1.0162 1.0041 0.9916 0.9802 0.9710 0.9651 0.9632 0.9654 0.9715 0.9809
0.9925 1.0050 1.0170 1.0272 1.0344 1.0377 1.0367 1.0315 1.0229 1.0117
0.9992 0.9870 0.9763 0.9683 0.9639 0.9636 0.9674 0.9748 0.9852 0.9973
1.0098 1.0212 1.0304 1.0361 1.0378 1.0352 1.0286 1.0188
MM
0.8826 0.9063 0.9405 0.9817 1.0254 1.0665 1.1005 1.1229 1.1312 1.1243
1.1031 1.0700 1.0293 0.9857 0.9441 0.9090 0.8843 0.8724 0.8744 0.8904
0.9184 0.9558 0.9986 1.0419 1.0808 1.1107 1.1279 1.1304 1.1177 1.0915
1.0550 1.0125 0.9691 0.9295 0.8981 0.8780 0.8715 0.8790 0.8999 0.9320
0.9720 1.0155 1.0577 1.0937 1.1190 1.1307 1.1272 1.1090 1.0783 1.0390
0.9955 0.9530 0.9162 0.8888 0.8738 0.8727 0.8856 0.9111 0.9468 0.9887
1.0323 1.0726 1.1049 1.1253 1.1312 1.1218 1.0984 1.0639
SA
1.0000 1.0000 1.0000 1.0000 1.0000 1.0000 1.0000 1.0000 1.0000 1.0000
1.0000 1.0000 1.0000 1.0000 1.0000 1.0000 1.0000 1.0000 1.0000 1.0000
1.0000 1.0000 1.0000 1.0000 1.0000 1.0000 1.0000 1.0000 1.0000 1.0000
1.0000 1.0000 1.0000 1.0000 1.0000 1.0000 1.0000 1.0000 1.0000 1.0000
1.0000 1.0000 1.0000 1.0000 1.0000 1.0000 1.0000 1.0000 1.0000 1.0000
1.0000 1.0000 1.0000 1.0000 1.0000 1.0000 1.0000 1.0000 1.0000 1.0000
1.0000 1.0000 1.0000 1.0000 1.0000 1.0000 1.0000 1.0000
SSA
1.0000 1.0000 1.0000 1.0000 1.0000 1.0000 1.0000 1.0000 1.0000 1.0000
1.0000 1.0000 1.0000 1.0000 1.0000 1.0000 1.0000 1.0000 1.0000 1.0000
1.0000 1.0000 1.0000 1.0000 1.0000 1.0000 1.0000 1.0000 1.0000 1.0000
1.0000 1.0000 1.0000 1.0000 1.0000 1.0000 1.0000 1.0000 1.0000 1.0000
1.0000 1.0000 1.0000 1.0000 1.0000 1.0000 1.0000 1.0000 1.0000 1.0000
1.0000 1.0000 1.0000 1.0000 1.0000 1.0000 1.0000 1.0000 1.0000 1.0000
1.0000 1.0000 1.0000 1.0000 1.0000 1.0000 1.0000 1.0000
SA-IOS
1.0000 1.0000 1.0000 1.0000 1.0000 1.0000 1.0000 1.0000 1.0000 1.0000
1.0000 1.0000 1.0000 1.0000 1.0000 1.0000 1.0000 1.0000 1.0000 1.0000
1.0000 1.0000 1.0000 1.0000 1.0000 1.0000 1.0000 1.0000 1.0000 1.0000
1.0000 1.0000 1.0000 1.0000 1.0000 1.0000 1.0000 1.0000 1.0000 1.0000
1.0000 1.0000 1.0000 1.0000 1.0000 1.0000 1.0000 1.0000 1.0000 1.0000
1.0000 1.0000 1.0000 1.0000 1.0000 1.0000 1.0000 1.0000 1.0000 1.0000
1.0000 1.0000 1.0000 1.0000 1.0000 1.0000 1.0000 1.0000
MF-IOS
1.0000 1.0000 1.0000 1.0000 1.0000 1.0000 1.0000 1.0000 1.0000 1.0000
1.0000 1.0000 1.0000 1.0000 1.0000 1.0000 1.0000 1.0000 1.0000 1.0000
1.0000 1.0000 1.0000 1.0000 1.0000 1.0000 1.0000 1.0000 1.0000 1.0000
1.0000 1.0000 1.0000 1.0000 1.0000 1.0000 1.0000 1.0000 1.0000 1.0000
1.0000 1.0000 1.0000 1.0000 1.0000 1.0000 1.0000 1.0000 1.0000 1.0000
1.0000 1.0000 1.0000 1.0000 1.0000 1.0000 1.0000 1.0000 1.0000 1.0000
1.0000 1.0000 1.0000 1.0000 1.0000 1.0000 1.0000 1.0000
S1-IOS
0.6696 0.6731 0.6793 0.6872 0.6961 0.7050 0.7128 0.7187 0.7222 0.7228
0.7207 0.7159 0.7090 0.7007 0.6919 0.6838 0.6771 0.6728 0.6714 0.6730
0.6776 0.6845 0.6929 0.7019 0.7105 0.7177 0.7227 0.7252 0.7248 0.7216
0.7159 0.7084 0.6999 0.6912 0.6835 0.6776 0.6743 0.6741 0.6769 0.6824
0.6900 0.6987 0.7077 0.7158 0.7223 0.7265 0.7279 0.7264 0.7222 0.7158
0.7078 0.6991 0.6907 0.6835 0.6786 0.6764 0.6773 0.6812 0.6876 0.6957
0.7047 0.7134 0.7210 0.7267 0.7299 0.7302 0.7277 0.7226
OO1-IOS
1.7925 1.7341 1.3393 1.0068 0.9669 0.8897 0.6575 0.4185 0.3949 0.5646
0.7266 0.7753 0.7871 1.0713 1.4984 1.6677 1.5771 1.6627 1.8922 1.7991
1.4033 1.1684 1.1567 0.9982 0.6765 0.4367 0.4677 0.5891 0.6497 0.6209
0.6613 1.0011 1.3812 1.4960 1.4623 1.6854 1.9440 1.8209 1.4646 1.3462
1.3397 1.0971 0.7130 0.5172 0.5671 0.6105 0.5706 0.4901 0.5853 0.9344
1.2392 1.3041 1.3492 1.6836 1.9430 1.7996 1.5254 1.5242 1.5037 1.1836
0.7799 0.6500 0.6779 0.6261 0.4952 0.4016 0.5564 0.8675
R2-IOS
1.2246 1.2284 1.2329 1.2376 1.2419 1.2454 1.2476 1.2483 1.2475 1.2452
1.2416 1.2372 1.2324 1.2278 1.2239 1.2211 1.2197 1.2200 1.2219 1.2250
1.2292 1.2338 1.2384 1.2425 1.2455 1.2471 1.2472 1.2457 1.2429 1.2389
1.2342 1.2295 1.2251 1.2216 1.2193 1.2187 1.2196 1.2220 1.2257 1.2301
1.2348 1.2392 1.2429 1.2453 1.2463 1.2458 1.2437 1.2403 1.2360 1.2312
1.2265 1.2225 1.2195 1.2178 1.2178 1.2194 1.2224 1.2264 1.2310 1.2356
1.2398 1.2430 1.2449 1.2453 1.2441 1.2414 1.2376 1.2330
A7
1.4164 1.3412 1.2322 1.1010 0.9622 0.8312 0.7232 0.6517 0.6253 0.6473
0.7150 0.8200 0.9495 1.0883 1.2209 1.3324 1.4111 1.4490 1.4424 1.3918
1.3024 1.1834 1.0474 0.9095 0.7858 0.6907 0.6358 0.6281 0.6684 0.7517
0.8680 1.0032 1.1413 1.2671 1.3672 1.4310 1.4518 1.4279 1.3614 1.2591
1.1320 0.9935 0.8592 0.7448 0.6642 0.6271 0.6382 0.6961 0.7936 0.9188
1.0571 1.1924 1.3097 1.3966 1.4443 1.4478 1.4069 1.3256 1.2122 1.0787
0.9401 0.8118 0.7090 0.6442 0.6256 0.6552 0.7297 0.8397
2MK5
1.0323 1.0313 1.0276 1.0197 1.0065 0.9889 0.9703 0.9556 0.9497 0.9546
0.9687 0.9872 1.0050 1.0187 1.0271 1.0311 1.0323 1.0324 1.0324 1.0321
1.0303 1.0252 1.0152 1.0000 0.9816 0.9639 0.9521 0.9503 0.9592 0.9756
0.9944 1.0109 1.0226 1.0291 1.0318 1.0324 1.0324 1.0324 1.0317 1.0288
1.0219 1.0099 0.9931 0.9743 0.9583 0.9501 0.9526 0.9650 0.9829 1.0012
1.0160 1.0256 1.0305 1.0322 1.0324 1.0324 1.0323 1.0309 1.0267 1.0179
1.0039 0.9859 0.9675 0.9540 0.9498 0.9564 0.9715 0.9902
2MK6
1.2039 1.1666 1.1115 1.0438 0.9715 0.9040 0.8501 0.8159 0.8037 0.8139
0.8461 0.8983 0.9649 1.0372 1.1057 1.1623 1.2013 1.2198 1.2166 1.1918
1.1472 1.0865 1.0159 0.9442 0.8810 0.8344 0.8086 0.8050 0.8238 0.8641
0.9228 0.9929 1.0647 1.1293 1.1796 1.2110 1.2211 1.2095 1.1767 1.1253
1.0599 0.9878 0.9183 0.8606 0.8218 0.8045 0.8096 0.8370 0.8850 0.9490
1.0210 1.0911 1.1508 1.1941 1.2175 1.2192 1.1992 1.1589 1.1013 1.0322
0.9600 0.8942 0.8432 0.8124 0.8039 0.8176 0.8532 0.9083
2MN2
0.9028 0.9223 0.9509 0.9858 1.0235 1.0597 1.0900 1.1103 1.1178 1.1115
1.0923 1.0628 1.0270 0.9893 0.9539 0.9246 0.9041 0.8944 0.8961 0.9091
0.9324 0.9638 1.0003 1.0380 1.0724 1.0992 1.1148 1.1170 1.1055 1.0819
1.0495 1.0123 0.9750 0.9416 0.9155 0.8990 0.8937 0.8998 0.9170 0.9438
0.9775 1.0150 1.0519 1.0839 1.1067 1.1173 1.1141 1.0977 1.0702 1.0354
0.9977 0.9614 0.9305 0.9079 0.8956 0.8947 0.9052 0.9263 0.9562 0.9918
1.0296 1.0651 1.0940 1.1124 1.1177 1.1093 1.0882 1.0573
2MN6
0.9028 0.9223 0.9509 0.9858 1.0235 1.0597 1.0900 1.1103 1.1178 1.1115
1.0923 1.0628 1.0270 0.9893 0.9539 0.9246 0.9041 0.8944 0.8961 0.9091
0.9324 0.9638 1.0003 1.0380 1.0724 1.0992 1.1148 1.1170 1.1055 1.0819
1.0495 1.0123 0.9750 0.9416 0.9155 0.8990 0.8937 0.8998 0.9170 0.9438
0.9775 1.0150 1.0519 1.0839 1.1067 1.1173 1.1141 1.0977 1.0702 1.0354
0.9977 0.9614 0.9305 0.9079 0.8956 0.8947 0.9052 0.9263 0.9562 0.9918
1.0296 1.0651 1.0940 1.1124 1.1177 1.1093 1.0882 1.0573
2MS6
0.9341 0.9475 0.9670 0.9905 1.0156 1.0394 1.0591 1.0722 1.0771 1.0730
1.0606 1.0414 1.0179 0.9928 0.9690 0.9490 0.9350 0.9283 0.9295 0.9385
0.9544 0.9757 1.0002 1.0252 1.0477 1.0651 1.0751 1.0766 1.0692 1.0539
1.0327 1.0082 0.9833 0.9607 0.9428 0.9315 0.9278 0.9320 0.9439 0.9621
0.9850 1.0099 1.0343 1.0552 1.0699 1.0768 1.0747 1.0641 1.0463 1.0235
0.9985 0.9741 0.9531 0.9376 0.9291 0.9285 0.9358 0.9503 0.9706 0.9946
1.0196 1.0429 1.0617 1.0736 1.0770 1.0716 1.0579 1.0379
2NM6
0.9028 0.9223 0.9509 0.9858 1.0235 1.0597 1.0900 1.1103 1.1178 1.1115
1.0923 1.0628 1.0270 0.9893 0.9539 0.9246 0.9041 0.8944 0.8961 0.9091
0.9324 0.9638 1.0003 1.0380 1.0724 1.0992 1.1148 1.1170 1.1055 1.0819
1.0495 1.0123 0.9750 0.9416 0.9155 0.8990 0.8937 0.8998 0.9170 0.9438
0.9775 1.0150 1.0519 1.0839 1.1067 1.1173 1.1141 1.0977 1.0702 1.0354
0.9977 0.9614 0.9305 0.9079 0.8956 0.8947 0.9052 0.9263 0.9562 0.9918
1.0296 1.0651 1.0940 1.1124 1.1177 1.1093 1.0882 1.0573
2SK5
1.1052 1.0884 1.0627 1.0294 0.9910 0.9514 0.9161 0.8912 0.8817 0.8897
0.9133 0.9479 0.9873 1.0260 1.0600 1.0864 1.1040 1.1122 1.1108 1.0998
1.0795 1.0507 1.0150 0.9755 0.9369 0.9050 0.8855 0.8827 0.8972 0.9257
0.9629 1.0027 1.0399 1.0712 1.0943 1.1083 1.1128 1.1077 1.0930 1.0693
1.0375 0.9999 0.9602 0.9234 0.8957 0.8824 0.8864 0.9068 0.9394 0.9782
1.0176 1.0529 1.0812 1.1008 1.1112 1.1119 1.1031 1.0849 1.0578 1.0235
0.9845 0.9453 0.9113 0.8886 0.8818 0.8925 0.9183 0.9541
2SM6
0.9665 0.9734 0.9833 0.9953 1.0078 1.0195 1.0291 1.0355 1.0378 1.0359
1.0299 1.0205 1.0089 0.9964 0.9844 0.9742 0.9670 0.9635 0.9641 0.9687
0.9769 0.9878 1.0001 1.0125 1.0236 1.0320 1.0369 1.0376 1.0340 1.0266
1.0162 1.0041 0.9916 0.9802 0.9710 0.9651 0.9632 0.9654 0.9715 0.9809
0.9925 1.0050 1.0170 1.0272 1.0344 1.0377 1.0367 1.0315 1.0229 1.0117
0.9992 0.9870 0.9763 0.9683 0.9639 0.9636 0.9674 0.9748 0.9852 0.9973
1.0098 1.0212 1.0304 1.0361 1.0378 1.0352 1.0286 1.0188
3MK7
0.9977 1.0038 1.0105 1.0148 1.0143 1.0082 0.9986 0.9895 0.9856 0.9889
0.9976 1.0074 1.0139 1.0150 1.0111 1.0045 0.9982 0.9947 0.9954 0.9999
1.0065 1.0126 1.0153 1.0125 1.0047 0.9947 0.9872 0.9860 0.9918 1.0016
1.0105 1.0150 1.0140 1.0087 1.0018 0.9964 0.9945 0.9967 1.0023 1.0091
1.0142 1.0149 1.0100 1.0009 0.9913 0.9859 0.9876 0.9954 1.0054 1.0129
1.0153 1.0123 1.0060 0.9994 0.9952 0.9948 0.9986 1.0049 1.0115 1.0151
1.0137 1.0068 0.9969 0.9884 0.9857 0.9900 0.9993 1.0088
3MN8
0.8725 0.8977 0.9350 0.9812 1.0315 1.0804 1.1217 1.1497 1.1601 1.1514
1.1249 1.0846 1.0361 0.9857 0.9390 0.9007 0.8743 0.8617 0.8639 0.8807
0.9109 0.9520 1.0004 1.0510 1.0977 1.1344 1.1559 1.1590 1.1431 1.1107
1.0665 1.0165 0.9669 0.9230 0.8889 0.8677 0.8608 0.8687 0.8909 0.9257
0.9702 1.0200 1.0698 1.1134 1.1448 1.1594 1.1550 1.1323 1.0947 1.0475
0.9969 0.9489 0.9084 0.8791 0.8633 0.8621 0.8757 0.9030 0.9420 0.9891
1.0396 1.0877 1.1273 1.1526 1.1600 1.1483 1.1193 1.0772
3MS2
0.9028 0.9223 0.9509 0.9858 1.0235 1.0597 1.0900 1.1103 1.1178 1.1115
1.0923 1.0628 1.0270 0.9893 0.9539 0.9246 0.9041 0.8944 0.8961 0.9091
0.9324 0.9638 1.0003 1.0380 1.0724 1.0992 1.1148 1.1170 1.1055 1.0819
1.0495 1.0123 0.9750 0.9416 0.9155 0.8990 0.8937 0.8998 0.9170 0.9438
0.9775 1.0150 1.0519 1.0839 1.1067 1.1173 1.1141 1.0977 1.0702 1.0354
0.9977 0.9614 0.9305 0.9079 0.8956 0.8947 0.9052 0.9263 0.9562 0.9918
1.0296 1.0651 1.0940 1.1124 1.1177 1.1093 1.0882 1.0573
3MS4
0.9028 0.9223 0.9509 0.9858 1.0235 1.0597 1.0900 1.1103 1.1178 1.1115
1.0923 1.0628 1.0270 0.9893 0.9539 0.9246 0.9041 0.8944 0.8961 0.9091
0.9324 0.9638 1.0003 1.0380 1.0724 1.0992 1.1148 1.1170 1.1055 1.0819
1.0495 1.0123 0.9750 0.9416 0.9155 0.8990 0.8937 0.8998 0.9170 0.9438
0.9775 1.0150 1.0519 1.0839 1.1067 1.1173 1.1141 1.0977 1.0702 1.0354
0.9977 0.9614 0.9305 0.9079 0.8956 0.8947 0.9052 0.9263 0.9562 0.9918
1.0296 1.0651 1.0940 1.1124 1.1177 1.1093 1.0882 1.0573
3MS8
0.9028 0.9223 0.9509 0.9858 1.0235 1.0597 1.0900 1.1103 1.1178 1.1115
1.0923 1.0628 1.0270 0.9893 0.9539 0.9246 0.9041 0.8944 0.8961 0.9091
0.9324 0.9638 1.0003 1.0380 1.0724 1.0992 1.1148 1.1170 1.1055 1.0819
1.0495 1.0123 0.9750 0.9416 0.9155 0.8990 0.8937 0.8998 0.9170 0.9438
0.9775 1.0150 1.0519 1.0839 1.1067 1.1173 1.1141 1.0977 1.0702 1.0354
0.9977 0.9614 0.9305 0.9079 0.8956 0.8947 0.9052 0.9263 0.9562 0.9918
1.0296 1.0651 1.0940 1.1124 1.1177 1.1093 1.0882 1.0573
ALP1
1.1762 1.1454 1.0996 1.0424 0.9792 0.9163 0.8617 0.8238 0.8094 0.8214
0.8574 0.9108 0.9732 1.0368 1.0947 1.1417 1.1741 1.1895 1.1868 1.1662
1.1292 1.0786 1.0184 0.9543 0.8937 0.8446 0.8152 0.8110 0.8328 0.8764
0.9343 0.9982 1.0602 1.1144 1.1561 1.1822 1.1906 1.1809 1.1537 1.1110
1.0561 0.9937 0.9300 0.8728 0.8305 0.8104 0.8164 0.8475 0.8976 0.9587
1.0227 1.0825 1.1323 1.1682 1.1876 1.1890 1.1724 1.1389 1.0910 1.0325
0.9688 0.9067 0.8542 0.8197 0.8096 0.8257 0.8650 0.9205
BET1
1.2100 1.1743 1.1210 1.0541 0.9793 0.9041 0.8379 0.7912 0.7734 0.7883
0.8326 0.8975 0.9723 1.0475 1.1154 1.1701 1.2075 1.2253 1.2222 1.1984
1.1555 1.0965 1.0258 0.9497 0.8768 0.8170 0.7806 0.7753 0.8024 0.8558
0.9258 1.0019 1.0750 1.1383 1.1868 1.2169 1.2266 1.2154 1.1840 1.1343
1.0702 0.9966 0.9206 0.8514 0.7995 0.7746 0.7822 0.8205 0.8816 0.9550
1.0309 1.1011 1.1591 1.2007 1.2231 1.2247 1.2055 1.1668 1.1110 1.0424
0.9670 0.8926 0.8287 0.7862 0.7736 0.7936 0.8419 0.9092
CHI1
1.1550 1.1324 1.0972 1.0504 0.9949 0.9359 0.8815 0.8421 0.8268 0.8396
0.8771 0.9305 0.9895 1.0456 1.0934 1.1297 1.1534 1.1643 1.1624 1.1477
1.1203 1.0804 1.0298 0.9720 0.9137 0.8640 0.8329 0.8284 0.8516 0.8964
0.9532 1.0120 1.0653 1.1089 1.1404 1.1592 1.1651 1.1583 1.1386 1.1062
1.0619 1.0080 0.9491 0.8928 0.8492 0.8278 0.8343 0.8669 0.9176 0.9761
1.0336 1.0836 1.1226 1.1492 1.1630 1.1640 1.1522 1.1276 1.0904 1.0419
0.9854 0.9265 0.8739 0.8378 0.8269 0.8441 0.8849 0.9399
H1
0.9458 0.9774 1.0136 1.0397 1.0464 1.0329 1.0077 0.9848 0.9779 0.9913
1.0172 1.0411 1.0495 1.0367 1.0060 0.9689 0.9408 0.9341 0.9515 0.9841
1.0171 1.0372 1.0375 1.0202 0.9955 0.9782 0.9794 0.9999 1.0288 1.0510
1.0545 1.0359 1.0013 0.9639 0.9395 0.9383 0.9594 0.9915 1.0198 1.0330
1.0270 1.0066 0.9836 0.9725 0.9818 1.0084 1.0392 1.0588 1.0572 1.0336
0.9964 0.9606 0.9411 0.9454 0.9691 0.9992 1.0217 1.0274 1.0153 0.9925
0.9723 0.9681 0.9851 1.0166 1.0478 1.0641 1.0575 1.0297
H2
0.9803 0.9844 0.9904 0.9974 1.0046 1.0114 1.0168 1.0204 1.0217 1.0206
1.0172 1.0119 1.0053 0.9980 0.9910 0.9849 0.9806 0.9785 0.9788 0.9816
0.9865 0.9930 1.0002 1.0074 1.0137 1.0184 1.0212 1.0216 1.0196 1.0154
1.0095 1.0025 0.9952 0.9885 0.9830 0.9795 0.9783 0.9796 0.9833 0.9889
0.9957 1.0030 1.0099 1.0157 1.0198 1.0216 1.0211 1.0182 1.0133 1.0069
0.9997 0.9925 0.9862 0.9814 0.9787 0.9785 0.9808 0.9853 0.9914 0.9985
1.0058 1.0124 1.0175 1.0208 1.0217 1.0202 1.0165 1.0109
KJ2
1.4281 1.3523 1.2424 1.1102 0.9702 0.8381 0.7293 0.6571 0.6305 0.6526
0.7209 0.8269 0.9574 1.0974 1.2310 1.3435 1.4228 1.4611 1.4544 1.4033
1.3132 1.1933 1.0561 0.9171 0.7923 0.6964 0.6411 0.6333 0.6740 0.7580
0.8752 1.0115 1.1508 1.2777 1.3786 1.4428 1.4639 1.4397 1.3727 1.2696
1.1414 1.0018 0.8663 0.7509 0.6697 0.6323 0.6435 0.7019 0.8002 0.9264
1.0659 1.2023 1.3205 1.4082 1.4563 1.4598 1.4186 1.3366 1.2223 1.0877
0.9479 0.8186 0.7149 0.6496 0.6308 0.6607 0.7357 0.8466
ETA2
1.4270 1.3446 1.2399 1.1172 0.9763 0.8337 0.7230 0.6612 0.6362 0.6475
0.7149 0.8319 0.9649 1.0955 1.2236 1.3426 1.4298 1.4655 1.4494 1.3959
1.3142 1.2015 1.0594 0.9108 0.7884 0.7027 0.6452 0.6263 0.6697 0.7648
0.8805 1.0067 1.1449 1.2807 1.3863 1.4437 1.4564 1.4344 1.3771 1.2772
1.1410 0.9947 0.8654 0.7587 0.6717 0.6242 0.6414 0.7095 0.8026 0.9198
1.0627 1.2086 1.3271 1.4054 1.4482 1.4580 1.4253 1.3419 1.2183 1.0811
0.9503 0.8268 0.7145 0.6414 0.6310 0.6681 0.7350 0.8394
KQ1
1.7125 1.5723 1.3776 1.1566 0.9389 0.7495 0.6055 0.5163 0.4848 0.5110
0.5950 0.7342 0.9200 1.1360 1.3579 1.5563 1.7025 1.7748 1.7621 1.6661
1.5019 1.2937 1.0705 0.8609 0.6876 0.5643 0.4973 0.4881 0.5367 0.6425
0.8012 1.0014 1.2229 1.4389 1.6203 1.7402 1.7802 1.7343 1.6095 1.4247
1.2074 0.9866 0.7887 0.6334 0.5315 0.4868 0.5000 0.5711 0.6981 0.8745
1.0859 1.3090 1.5150 1.6752 1.7657 1.7725 1.6945 1.5439 1.3430 1.1205
0.9059 0.7229 0.5873 0.5073 0.4851 0.5207 0.6138 0.7613
UPS1
1.7385 1.6305 1.3609 1.1127 0.9651 0.8062 0.6116 0.4655 0.4452 0.5319
0.6505 0.7564 0.8744 1.1073 1.4133 1.6055 1.6569 1.7247 1.8002 1.7067
1.4643 1.2643 1.1222 0.9127 0.6614 0.4999 0.4861 0.5417 0.5915 0.6335
0.7393 0.9910 1.2910 1.4758 1.5675 1.7096 1.8276 1.7538 1.5556 1.4122
1.2747 1.0252 0.7406 0.5784 0.5501 0.5542 0.5385 0.5328 0.6351 0.8849
1.1566 1.3273 1.4611 1.6684 1.8191 1.7697 1.6310 1.5479 1.4153 1.1400
0.8498 0.6941 0.6288 0.5659 0.4932 0.4649 0.5696 0.7928
M10
0.8433 0.8738 0.9195 0.9765 1.0395 1.1015 1.1544 1.1905 1.2040 1.1927
1.1586 1.1069 1.0454 0.9822 0.9243 0.8774 0.8454 0.8302 0.8329 0.8532
0.8899 0.9404 1.0005 1.0641 1.1235 1.1707 1.1986 1.2025 1.1820 1.1403
1.0838 1.0206 0.9587 0.9047 0.8632 0.8374 0.8291 0.8387 0.8656 0.9080
0.9628 1.0251 1.0880 1.1437 1.1841 1.2031 1.1974 1.1680 1.1197 1.0598
0.9962 0.9365 0.8869 0.8512 0.8321 0.8307 0.8471 0.8802 0.9280 0.9864
1.0498 1.1109 1.1616 1.1943 1.2038 1.1887 1.1512 1.0974
M12
0.8150 0.8506 0.9041 0.9719 1.0476 1.1230 1.1881 1.2327 1.2495 1.2355
1.1932 1.1296 1.0547 0.9786 0.9099 0.8548 0.8175 0.7999 0.8030 0.8265
0.8694 0.9289 1.0006 1.0774 1.1500 1.2082 1.2428 1.2477 1.2222 1.1706
1.1014 1.0248 0.9507 0.8867 0.8381 0.8083 0.7986 0.8097 0.8409 0.8907
0.9556 1.0301 1.1065 1.1749 1.2249 1.2484 1.2413 1.2049 1.1453 1.0721
0.9954 0.9243 0.8658 0.8243 0.8021 0.8005 0.8194 0.8581 0.9142 0.9837
1.0601 1.1345 1.1969 1.2375 1.2493 1.2305 1.1841 1.1180
MK4
1.2456 1.1985 1.1304 1.0488 0.9640 0.8867 0.8260 0.7880 0.7744 0.7857
0.8215 0.8803 0.9564 1.0410 1.1233 1.1930 1.2423 1.2660 1.2619 1.2302
1.1743 1.0999 1.0158 0.9325 0.8608 0.8085 0.7798 0.7759 0.7967 0.8417
0.9081 0.9888 1.0737 1.1522 1.2149 1.2547 1.2678 1.2528 1.2112 1.1472
1.0679 0.9829 0.9029 0.8378 0.7944 0.7753 0.7810 0.8114 0.8652 0.9380
1.0217 1.1055 1.1788 1.2332 1.2631 1.2653 1.2397 1.1888 1.1179 1.0351
0.9507 0.8755 0.8183 0.7841 0.7746 0.7898 0.8295 0.8916
MKS2
1.2456 1.1985 1.1304 1.0488 0.9640 0.8867 0.8260 0.7880 0.7744 0.7857
0.8215 0.8803 0.9564 1.0410 1.1233 1.1930 1.2423 1.2660 1.2619 1.2302
1.1743 1.0999 1.0158 0.9325 0.8608 0.8085 0.7798 0.7759 0.7967 0.8417
0.9081 0.9888 1.0737 1.1522 1.2149 1.2547 1.2678 1.2528 1.2112 1.1472
1.0679 0.9829 0.9029 0.8378 0.7944 0.7753 0.7810 0.8114 0.8652 0.9380
1.0217 1.1055 1.1788 1.2332 1.2631 1.2653 1.2397 1.1888 1.1179 1.0351
0.9507 0.8755 0.8183 0.7841 0.7746 0.7898 0.8295 0.8916
MNS2
0.9341 0.9475 0.9670 0.9905 1.0156 1.0394 1.0591 1.0722 1.0771 1.0730
1.0606 1.0414 1.0179 0.9928 0.9690 0.9490 0.9350 0.9283 0.9295 0.9385
0.9544 0.9757 1.0002 1.0252 1.0477 1.0651 1.0751 1.0766 1.0692 1.0539
1.0327 1.0082 0.9833 0.9607 0.9428 0.9315 0.9278 0.9320 0.9439 0.9621
0.9850 1.0099 1.0343 1.0552 1.0699 1.0768 1.0747 1.0641 1.0463 1.0235
0.9985 0.9741 0.9531 0.9376 0.9291 0.9285 0.9358 0.9503 0.9706 0.9946
1.0196 1.0429 1.0617 1.0736 1.0770 1.0716 1.0579 1.0379
EPS2
0.9661 0.9734 0.9837 0.9958 1.0083 1.0198 1.0290 1.0351 1.0373 1.0355
1.0297 1.0207 1.0094 0.9969 0.9847 0.9742 0.9667 0.9630 0.9636 0.9685
0.9771 0.9882 1.0006 1.0129 1.0237 1.0318 1.0364 1.0371 1.0337 1.0266
1.0165 1.0046 0.9921 0.9804 0.9709 0.9647 0.9627 0.9650 0.9714 0.9811
0.9929 1.0055 1.0173 1.0272 1.0340 1.0371 1.0362 1.0313 1.0230 1.0121
0.9998 0.9874 0.9764 0.9681 0.9634 0.9631 0.9671 0.9749 0.9855 0.9978
1.0102 1.0214 1.0302 1.0357 1.0373 1.0348 1.0285 1.0190
MO3
1.1310 1.1124 1.0826 1.0420 0.9925 0.9387 0.8880 0.8508 0.8362 0.8484
0.8839 0.9337 0.9877 1.0378 1.0793 1.1101 1.1297 1.1386 1.1371 1.1251
1.1022 1.0682 1.0238 0.9718 0.9181 0.8715 0.8421 0.8378 0.8598 0.9020
0.9546 1.0079 1.0551 1.0925 1.1190 1.1344 1.1393 1.1337 1.1175 1.0903
1.0521 1.0044 0.9508 0.8986 0.8575 0.8372 0.8433 0.8743 0.9217 0.9755
1.0271 1.0709 1.1041 1.1262 1.1375 1.1383 1.1287 1.1083 1.0768 1.0346
0.9840 0.9300 0.8808 0.8467 0.8363 0.8527 0.8912 0.9424
MP1
1.1550 1.1324 1.0972 1.0504 0.9949 0.9359 0.8815 0.8421 0.8268 0.8396
0.8771 0.9305 0.9895 1.0456 1.0934 1.1297 1.1534 1.1643 1.1624 1.1477
1.1203 1.0804 1.0298 0.9720 0.9137 0.8640 0.8329 0.8284 0.8516 0.8964
0.9532 1.0120 1.0653 1.1089 1.1404 1.1592 1.1651 1.1583 1.1386 1.1062
1.0619 1.0080 0.9491 0.8928 0.8492 0.8278 0.8343 0.8669 0.9176 0.9761
1.0336 1.0836 1.1226 1.1492 1.1630 1.1640 1.1522 1.1276 1.0904 1.0419
0.9854 0.9265 0.8739 0.8378 0.8269 0.8441 0.8849 0.9399
TAU1
0.7807 0.8791 0.9258 0.9581 1.0577 1.1800 1.2209 1.1908 1.1958 1.2459
1.2354 1.1349 1.0410 1.0119 0.9673 0.8527 0.7366 0.7160 0.7768 0.8342
0.8556 0.9033 1.0288 1.1488 1.1781 1.1642 1.2055 1.2665 1.2443 1.1497
1.0895 1.0781 1.0166 0.8817 0.7691 0.7525 0.7812 0.7907 0.7911 0.8572
0.9969 1.1047 1.1260 1.1374 1.2115 1.2740 1.2412 1.1623 1.1380 1.1361
1.0573 0.9153 0.8199 0.8034 0.7918 0.7535 0.7399 0.8215 0.9605 1.0491
1.0682 1.1111 1.2109 1.2676 1.2283 1.1747 1.1834 1.1824
MPS2
0.9665 0.9734 0.9833 0.9953 1.0078 1.0195 1.0291 1.0355 1.0378 1.0359
1.0299 1.0205 1.0089 0.9964 0.9844 0.9742 0.9670 0.9635 0.9641 0.9687
0.9769 0.9878 1.0001 1.0125 1.0236 1.0320 1.0369 1.0376 1.0340 1.0266
1.0162 1.0041 0.9916 0.9802 0.9710 0.9651 0.9632 0.9654 0.9715 0.9809
0.9925 1.0050 1.0170 1.0272 1.0344 1.0377 1.0367 1.0315 1.0229 1.0117
0.9992 0.9870 0.9763 0.9683 0.9639 0.9636 0.9674 0.9748 0.9852 0.9973
1.0098 1.0212 1.0304 1.0361 1.0378 1.0352 1.0286 1.0188
MSK6
1.2456 1.1985 1.1304 1.0488 0.9640 0.8867 0.8260 0.7880 0.7744 0.7857
0.8215 0.8803 0.9564 1.0410 1.1233 1.1930 1.2423 1.2660 1.2619 1.2302
1.1743 1.0999 1.0158 0.9325 0.8608 0.8085 0.7798 0.7759 0.7967 0.8417
0.9081 0.9888 1.0737 1.1522 1.2149 1.2547 1.2678 1.2528 1.2112 1.1472
1.0679 0.9829 0.9029 0.8378 0.7944 0.7753 0.7810 0.8114 0.8652 0.9380
1.0217 1.1055 1.1788 1.2332 1.2631 1.2653 1.2397 1.1888 1.1179 1.0351
0.9507 0.8755 0.8183 0.7841 0.7746 0.7898 0.8295 0.8916
MSM
0.8826 0.9063 0.9405 0.9817 1.0254 1.0665 1.1005 1.1229 1.1312 1.1243
1.1031 1.0700 1.0293 0.9857 0.9441 0.9090 0.8843 0.8724 0.8744 0.8904
0.9184 0.9558 0.9986 1.0419 1.0808 1.1107 1.1279 1.1304 1.1177 1.0915
1.0550 1.0125 0.9691 0.9295 0.8981 0.8780 0.8715 0.8790 0.8999 0.9320
0.9720 1.0155 1.0577 1.0937 1.1190 1.1307 1.1272 1.1090 1.0783 1.0390
0.9955 0.9530 0.9162 0.8888 0.8738 0.8727 0.8856 0.9111 0.9468 0.9887
1.0323 1.0726 1.1049 1.1253 1.1312 1.1218 1.0984 1.0639
MSN2
0.9341 0.9475 0.9670 0.9905 1.0156 1.0394 1.0591 1.0722 1.0771 1.0730
1.0606 1.0414 1.0179 0.9928 0.9690 0.9490 0.9350 0.9283 0.9295 0.9385
0.9544 0.9757 1.0002 1.0252 1.0477 1.0651 1.0751 1.0766 1.0692 1.0539
1.0327 1.0082 0.9833 0.9607 0.9428 0.9315 0.9278 0.9320 0.9439 0.9621
0.9850 1.0099 1.0343 1.0552 1.0699 1.0768 1.0747 1.0641 1.0463 1.0235
0.9985 0.9741 0.9531 0.9376 0.9291 0.9285 0.9358 0.9503 0.9706 0.9946
1.0196 1.0429 1.0617 1.0736 1.0770 1.0716 1.0579 1.0379
MSN6
0.9341 0.9475 0.9670 0.9905 1.0156 1.0394 1.0591 1.0722 1.0771 1.0730
1.0606 1.0414 1.0179 0.9928 0.9690 0.9490 0.9350 0.9283 0.9295 0.9385
0.9544 0.9757 1.0002 1.0252 1.0477 1.0651 1.0751 1.0766 1.0692 1.0539
1.0327 1.0082 0.9833 0.9607 0.9428 0.9315 0.9278 0.9320 0.9439 0.9621
0.9850 1.0099 1.0343 1.0552 1.0699 1.0768 1.0747 1.0641 1.0463 1.0235
0.9985 0.9741 0.9531 0.9376 0.9291 0.9285 0.9358 0.9503 0.9706 0.9946
1.0196 1.0429 1.0617 1.0736 1.0770 1.0716 1.0579 1.0379
NLK2
1.1000 0.7937 1.2682 1.3368 0.9784 0.7142 0.8166 0.9290 0.9063 0.7815
0.6943 0.8813 1.1866 1.2064 0.8361 0.9666 1.5732 1.5815 0.9444 0.9169
1.4321 1.3747 0.9117 0.7446 0.9286 0.9784 0.8638 0.7135 0.7102 0.9230
1.1262 1.0468 0.7569 1.0864 1.5911 1.4497 0.8105 1.0863 1.5637 1.3614
0.8317 0.8337 1.0516 1.0094 0.8116 0.6807 0.7579 0.9457 1.0417 0.8988
0.7497 1.1773 1.5499 1.2816 0.7470 1.2664 1.6472 1.2968 0.7667 0.9739
1.1702 1.0171 0.7586 0.6929 0.8203 0.9473 0.9444 0.7817
NO1
1.1310 1.1124 1.0826 1.0420 0.9925 0.9387 0.8880 0.8508 0.8362 0.8484
0.8839 0.9337 0.9877 1.0378 1.0793 1.1101 1.1297 1.1386 1.1371 1.1251
1.1022 1.0682 1.0238 0.9718 0.9181 0.8715 0.8421 0.8378 0.8598 0.9020
0.9546 1.0079 1.0551 1.0925 1.1190 1.1344 1.1393 1.1337 1.1175 1.0903
1.0521 1.0044 0.9508 0.8986 0.8575 0.8372 0.8433 0.8743 0.9217 0.9755
1.0271 1.0709 1.1041 1.1262 1.1375 1.1383 1.1287 1.1083 1.0768 1.0346
0.9840 0.9300 0.8808 0.8467 0.8363 0.8527 0.8912 0.9424
OP2
1.1702 1.1428 1.1010 1.0470 0.9849 0.9207 0.8629 0.8216 0.8057 0.8190
0.8582 0.9150 0.9789 1.0415 1.0965 1.1395 1.1683 1.1818 1.1794 1.1613
1.1282 1.0814 1.0237 0.9598 0.8970 0.8444 0.8121 0.8074 0.8315 0.8786
0.9394 1.0038 1.0640 1.1146 1.1524 1.1754 1.1828 1.1743 1.1503 1.1115
1.0601 0.9994 0.9349 0.8748 0.8290 0.8068 0.8135 0.8475 0.9011 0.9643
1.0279 1.0850 1.1309 1.1631 1.1801 1.1813 1.1668 1.1370 1.0930 1.0374
0.9745 0.9107 0.8549 0.8171 0.8059 0.8237 0.8665 0.9250
OQ2
0.9650 0.9725 0.9831 0.9956 1.0086 1.0205 1.0300 1.0363 1.0386 1.0367
1.0308 1.0215 1.0097 0.9968 0.9842 0.9733 0.9655 0.9617 0.9624 0.9674
0.9763 0.9878 1.0007 1.0134 1.0245 1.0329 1.0377 1.0384 1.0348 1.0275
1.0171 1.0048 0.9918 0.9797 0.9699 0.9635 0.9614 0.9638 0.9705 0.9805
0.9927 1.0057 1.0179 1.0281 1.0352 1.0384 1.0375 1.0324 1.0238 1.0125
0.9998 0.9869 0.9756 0.9670 0.9622 0.9618 0.9659 0.9740 0.9850 0.9977
1.0106 1.0222 1.0313 1.0370 1.0386 1.0360 1.0295 1.0197
PHI1
1.0000 1.0000 1.0000 1.0000 1.0000 1.0000 1.0000 1.0000 1.0000 1.0000
1.0000 1.0000 1.0000 1.0000 1.0000 1.0000 1.0000 1.0000 1.0000 1.0000
1.0000 1.0000 1.0000 1.0000 1.0000 1.0000 1.0000 1.0000 1.0000 1.0000
1.0000 1.0000 1.0000 1.0000 1.0000 1.0000 1.0000 1.0000 1.0000 1.0000
1.0000 1.0000 1.0000 1.0000 1.0000 1.0000 1.0000 1.0000 1.0000 1.0000
1.0000 1.0000 1.0000 1.0000 1.0000 1.0000 1.0000 1.0000 1.0000 1.0000
1.0000 1.0000 1.0000 1.0000 1.0000 1.0000 1.0000 1.0000
KP1
1.2888 1.2313 1.1495 1.0538 0.9566 0.8697 0.8026 0.7610 0.7462 0.7585
0.7977 0.8626 0.9480 1.0447 1.1411 1.2247 1.2847 1.3140 1.3089 1.2699
1.2020 1.1135 1.0157 0.9210 0.8409 0.7834 0.7521 0.7478 0.7705 0.8199
0.8936 0.9848 1.0828 1.1755 1.2511 1.3000 1.3162 1.2977 1.2467 1.1695
1.0761 0.9781 0.8878 0.8156 0.7680 0.7472 0.7534 0.7865 0.8458 0.9272
1.0225 1.1201 1.2075 1.2736 1.3103 1.3131 1.2815 1.2195 1.1347 1.0379
0.9415 0.8573 0.7941 0.7567 0.7464 0.7630 0.8065 0.8751
PI1
1.0000 1.0000 1.0000 1.0000 1.0000 1.0000 1.0000 1.0000 1.0000 1.0000
1.0000 1.0000 1.0000 1.0000 1.0000 1.0000 1.0000 1.0000 1.0000 1.0000
1.0000 1.0000 1.0000 1.0000 1.0000 1.0000 1.0000 1.0000 1.0000 1.0000
1.0000 1.0000 1.0000 1.0000 1.0000 1.0000 1.0000 1.0000 1.0000 1.0000
1.0000 1.0000 1.0000 1.0000 1.0000 1.0000 1.0000 1.0000 1.0000 1.0000
1.0000 1.0000 1.0000 1.0000 1.0000 1.0000 1.0000 1.0000 1.0000 1.0000
1.0000 1.0000 1.0000 1.0000 1.0000 1.0000 1.0000 1.0000
TK1
1.1052 1.0884 1.0627 1.0294 0.9910 0.9514 0.9161 0.8912 0.8817 0.8897
0.9133 0.9479 0.9873 1.0260 1.0600 1.0864 1.1040 1.1122 1.1108 1.0998
1.0795 1.0507 1.0150 0.9755 0.9369 0.9050 0.8855 0.8827 0.8972 0.9257
0.9629 1.0027 1.0399 1.0712 1.0943 1.1083 1.1128 1.1077 1.0930 1.0693
1.0375 0.9999 0.9602 0.9234 0.8957 0.8824 0.8864 0.9068 0.9394 0.9782
1.0176 1.0529 1.0812 1.1008 1.1112 1.1119 1.1031 1.0849 1.0578 1.0235
0.9845 0.9453 0.9113 0.8886 0.8818 0.8925 0.9183 0.9541
PSI1
1.0000 1.0000 1.0000 1.0000 1.0000 1.0000 1.0000 1.0000 1.0000 1.0000
1.0000 1.0000 1.0000 1.0000 1.0000 1.0000 1.0000 1.0000 1.0000 1.0000
1.0000 1.0000 1.0000 1.0000 1.0000 1.0000 1.0000 1.0000 1.0000 1.0000
1.0000 1.0000 1.0000 1.0000 1.0000 1.0000 1.0000 1.0000 1.0000 1.0000
1.0000 1.0000 1.0000 1.0000 1.0000 1.0000 1.0000 1.0000 1.0000 1.0000
1.0000 1.0000 1.0000 1.0000 1.0000 1.0000 1.0000 1.0000 1.0000 1.0000
1.0000 1.0000 1.0000 1.0000 1.0000 1.0000 1.0000 1.0000
RP1
1.0000 1.0000 1.0000 1.0000 1.0000 1.0000 1.0000 1.0000 1.0000 1.0000
1.0000 1.0000 1.0000 1.0000 1.0000 1.0000 1.0000 1.0000 1.0000 1.0000
1.0000 1.0000 1.0000 1.0000 1.0000 1.0000 1.0000 1.0000 1.0000 1.0000
1.0000 1.0000 1.0000 1.0000 1.0000 1.0000 1.0000 1.0000 1.0000 1.0000
1.0000 1.0000 1.0000 1.0000 1.0000 1.0000 1.0000 1.0000 1.0000 1.0000
1.0000 1.0000 1.0000 1.0000 1.0000 1.0000 1.0000 1.0000 1.0000 1.0000
1.0000 1.0000 1.0000 1.0000 1.0000 1.0000 1.0000 1.0000
S3
1.0000 1.0000 1.0000 1.0000 1.0000 1.0000 1.0000 1.0000 1.0000 1.0000
1.0000 1.0000 1.0000 1.0000 1.0000 1.0000 1.0000 1.0000 1.0000 1.0000
1.0000 1.0000 1.0000 1.0000 1.0000 1.0000 1.0000 1.0000 1.0000 1.0000
1.0000 1.0000 1.0000 1.0000 1.0000 1.0000 1.0000 1.0000 1.0000 1.0000
1.0000 1.0000 1.0000 1.0000 1.0000 1.0000 1.0000 1.0000 1.0000 1.0000
1.0000 1.0000 1.0000 1.0000 1.0000 1.0000 1.0000 1.0000 1.0000 1.0000
1.0000 1.0000 1.0000 1.0000 1.0000 1.0000 1.0000 1.0000
SIG1
1.1702 1.1428 1.1010 1.0470 0.9849 0.9207 0.8629 0.8216 0.8057 0.8190
0.8582 0.9150 0.9789 1.0415 1.0965 1.1395 1.1683 1.1818 1.1794 1.1613
1.1282 1.0814 1.0237 0.9598 0.8970 0.8444 0.8121 0.8074 0.8315 0.8786
0.9394 1.0038 1.0640 1.1146 1.1524 1.1754 1.1828 1.1743 1.1503 1.1115
1.0601 0.9994 0.9349 0.8748 0.8290 0.8068 0.8135 0.8475 0.9011 0.9643
1.0279 1.0850 1.1309 1.1631 1.1801 1.1813 1.1668 1.1370 1.0930 1.0374
0.9745 0.9107 0.8549 0.8171 0.8059 0.8237 0.8665 0.9250
SK3
1.1052 1.0884 1.0627 1.0294 0.9910 0.9514 0.9161 0.8912 0.8817 0.8897
0.9133 0.9479 0.9873 1.0260 1.0600 1.0864 1.1040 1.1122 1.1108 1.0998
1.0795 1.0507 1.0150 0.9755 0.9369 0.9050 0.8855 0.8827 0.8972 0.9257
0.9629 1.0027 1.0399 1.0712 1.0943 1.1083 1.1128 1.1077 1.0930 1.0693
1.0375 0.9999 0.9602 0.9234 0.8957 0.8824 0.8864 0.9068 0.9394 0.9782
1.0176 1.0529 1.0812 1.1008 1.1112 1.1119 1.1031 1.0849 1.0578 1.0235
0.9845 0.9453 0.9113 0.8886 0.8818 0.8925 0.9183 0.9541
SK4
1.2888 1.2313 1.1495 1.0538 0.9566 0.8697 0.8026 0.7610 0.7462 0.7585
0.7977 0.8626 0.9480 1.0447 1.1411 1.2247 1.2847 1.3140 1.3089 1.2699
1.2020 1.1135 1.0157 0.9210 0.8409 0.7834 0.7521 0.7478 0.7705 0.8199
0.8936 0.9848 1.0828 1.1755 1.2511 1.3000 1.3162 1.2977 1.2467 1.1695
1.0761 0.9781 0.8878 0.8156 0.7680 0.7472 0.7534 0.7865 0.8458 0.9272
1.0225 1.1201 1.2075 1.2736 1.3103 1.3131 1.2815 1.2195 1.1347 1.0379
0.9415 0.8573 0.7941 0.7567 0.7464 0.7630 0.8065 0.8751
SN4
0.9665 0.9734 0.9833 0.9953 1.0078 1.0195 1.0291 1.0355 1.0378 1.0359
1.0299 1.0205 1.0089 0.9964 0.9844 0.9742 0.9670 0.9635 0.9641 0.9687
0.9769 0.9878 1.0001 1.0125 1.0236 1.0320 1.0369 1.0376 1.0340 1.0266
1.0162 1.0041 0.9916 0.9802 0.9710 0.9651 0.9632 0.9654 0.9715 0.9809
0.9925 1.0050 1.0170 1.0272 1.0344 1.0377 1.0367 1.0315 1.0229 1.0117
0.9992 0.9870 0.9763 0.9683 0.9639 0.9636 0.9674 0.9748 0.9852 0.9973
1.0098 1.0212 1.0304 1.0361 1.0378 1.0352 1.0286 1.0188
SNK6
1.2456 1.1985 1.1304 1.0488 0.9640 0.8867 0.8260 0.7880 0.7744 0.7857
0.8215 0.8803 0.9564 1.0410 1.1233 1.1930 1.2423 1.2660 1.2619 1.2302
1.1743 1.0999 1.0158 0.9325 0.8608 0.8085 0.7798 0.7759 0.7967 0.8417
0.9081 0.9888 1.0737 1.1522 1.2149 1.2547 1.2678 1.2528 1.2112 1.1472
1.0679 0.9829 0.9029 0.8378 0.7944 0.7753 0.7810 0.8114 0.8652 0.9380
1.0217 1.1055 1.1788 1.2332 1.2631 1.2653 1.2397 1.1888 1.1179 1.0351
0.9507 0.8755 0.8183 0.7841 0.7746 0.7898 0.8295 0.8916
SO1
1.1550 1.1324 1.0972 1.0504 0.9949 0.9359 0.8815 0.8421 0.8268 0.8396
0.8771 0.9305 0.9895 1.0456 1.0934 1.1297 1.1534 1.1643 1.1624 1.1477
1.1203 1.0804 1.0298 0.9720 0.9137 0.8640 0.8329 0.8284 0.8516 0.8964
0.9532 1.0120 1.0653 1.1089 1.1404 1.1592 1.1651 1.1583 1.1386 1.1062
1.0619 1.0080 0.9491 0.8928 0.8492 0.8278 0.8343 0.8669 0.9176 0.9761
1.0336 1.0836 1.1226 1.1492 1.1630 1.1640 1.1522 1.1276 1.0904 1.0419
0.9854 0.9265 0.8739 0.8378 0.8269 0.8441 0.8849 0.9399
SO3
1.1702 1.1428 1.1010 1.0470 0.9849 0.9207 0.8629 0.8216 0.8057 0.8190
0.8582 0.9150 0.9789 1.0415 1.0965 1.1395 1.1683 1.1818 1.1794 1.1613
1.1282 1.0814 1.0237 0.9598 0.8970 0.8444 0.8121 0.8074 0.8315 0.8786
0.9394 1.0038 1.0640 1.1146 1.1524 1.1754 1.1828 1.1743 1.1503 1.1115
1.0601 0.9994 0.9349 0.8748 0.8290 0.8068 0.8135 0.8475 0.9011 0.9643
1.0279 1.0850 1.1309 1.1631 1.1801 1.1813 1.1668 1.1370 1.0930 1.0374
0.9745 0.9107 0.8549 0.8171 0.8059 0.8237 0.8665 0.9250
THE1
1.1550 1.1324 1.0972 1.0504 0.9949 0.9359 0.8815 0.8421 0.8268 0.8396
0.8771 0.9305 0.9895 1.0456 1.0934 1.1297 1.1534 1.1643 1.1624 1.1477
1.1203 1.0804 1.0298 0.9720 0.9137 0.8640 0.8329 0.8284 0.8516 0.8964
0.9532 1.0120 1.0653 1.1089 1.1404 1.1592 1.1651 1.1583 1.1386 1.1062
1.0619 1.0080 0.9491 0.8928 0.8492 0.8278 0.8343 0.8669 0.9176 0.9761
1.0336 1.0836 1.1226 1.1492 1.1630 1.1640 1.1522 1.1276 1.0904 1.0419
0.9854 0.9265 0.8739 0.8378 0.8269 0.8441 0.8849 0.9399
*END*
#
# 
# ------------- End congen output -------------
#
# 
# Harmonic constants.
#
# 
# First line:  name of location
# Second line:  time meridian [whitespace] tzfile
# Third line:  DATUM [whitespace] units
# Remaining lines:  identifier [whitespace] amplitude [whitespace] epoch
#
# 
# The DATUM is the mean lower low water or equivalent constant for
# calibrating the tide height.
#
# 
# The time meridian takes the format [-]HH:MM and is hours east of
# Greenwich.  For most data sets calibrated to Local Standard Time,
# this is your time zone displacement in the _winter_.  Do not include
# Daylight Savings Time!  If a data set is calibrated to GMT / UTC,
# the meridian should be set to 0:00.
#
# 
# The tzfile is a reference to a file in the zoneinfo directory as
# described in the man page for tzset.
#
# 
# Epoch is "modified" or "adapted" epoch in degrees, also known as
# Kappa Prime.
#
# 
# The constituent identifiers are for readability only.  XTide assumes
# that they are in the same order as defined above.
#
# 
# These data sets are distributed in the hope that they will be useful,
# but WITHOUT ANY WARRANTY; without even the implied warranty of
# MERCHANTABILITY or FITNESS FOR A PARTICULAR PURPOSE.
#
# 
# Merged from harmonics.
# This entry was converted automatically from a TD4 file.
# Time of conversion:  1997-05-25 15:02 EDT
#
# 
# ABERYSTWYTH, WALES --------------------- 52d24. 'N 004d05. 'W--(ABERYSTW.TD4)
#
# 
# ATT DATA #487  WITH INFERRED CONSTITUENTS ------------------------------------
#
# 
# rel_pedigree: 1000000000 (Approximated or converted data)
# BEGIN HOT COMMENTS
# country: United Kingdom
# restriction: Non-commercial use only
# datum: ACD
# confidence: 10
# !units: meters
# !longitude: -4.0863
# !latitude: 52.4115
Aberystwyth, Wales, United Kingdom
+00:00 :Europe/London
2.7000 meters
J1              0.0070  234.90
K1              0.0800  163.00
K2              0.1550  270.10
L2              0.0420  249.40
M1              0.0060   90.50
M2              1.5100  229.00
x 0 0
M4              0.1780   44.00
x 0 0
x 0 0
N2              0.2930  208.60
2N2             0.0390  188.30
O1              0.0900   18.00
OO1             0.0040  308.00
P1              0.0260  152.10
Q1              0.0170  306.10
2Q1             0.0020  234.20
R2              0.0050  268.50
x 0 0
S2              0.5700  267.00
S4              0.0250  120.00
x 0 0
T2              0.0340  265.50
LDA2            0.0110  246.60
MU2             0.0360  191.00
NU2             0.0570  211.40
RHO1            0.0030  315.80
x 0 0
x 0 0
MN4             0.0690   23.60
MS4             0.1340   82.00
x 0 0
x 0 0
x 0 0
x 0 0
SA              0.0460  251.30
SSA             0.0330   83.00
x 0 0
x 0 0
x 0 0
x 0 0
x 0 0
x 0 0
x 0 0
x 0 0
x 0 0
x 0 0
x 0 0
x 0 0
x 0 0
x 0 0
x 0 0
x 0 0
x 0 0
x 0 0
x 0 0
x 0 0
x 0 0
x 0 0
x 0 0
x 0 0
x 0 0
x 0 0
x 0 0
x 0 0
x 0 0
x 0 0
x 0 0
x 0 0
x 0 0
x 0 0
x 0 0
x 0 0
x 0 0
x 0 0
x 0 0
x 0 0
x 0 0
x 0 0
x 0 0
x 0 0
x 0 0
x 0 0
x 0 0
x 0 0
x 0 0
x 0 0
x 0 0
x 0 0
x 0 0
x 0 0
x 0 0
x 0 0
x 0 0
x 0 0
x 0 0
x 0 0
x 0 0
#
# 
# Merged from harmonics.
# This data set was submitted by Jean-Pierre LaPointe
# (scipur@collegenotre-dame.qc.ca) 1996-11-29
# The source was the Table des Marees des Grands Ports du Monde, No. 540,
# from the Service Hydrographique et Oceanographique de la Marine - Paris,
# B.P. 426, 29275 Brest Cedex.
#
# 
# rel_pedigree: 1250000000 (Via LaPointe)
# BEGIN HOT COMMENTS
# country: Qatar
# restriction: Non-commercial use only
# datum: MLLW
# confidence: 10
# !units: meters
# !longitude: 51.5313
# !latitude: 25.2945
Doha, Qatar
+03:00 :Asia/Qatar
0.8800 meters
J1              0.0130  140.80
K1              0.3620  117.00
K2              0.0290  174.80
L2              0.0120  161.00
M1              0.0120   93.00
M2              0.3210  138.00
x 0 0
M4              0.0450  166.00
x 0 0
x 0 0
N2              0.0850  115.00
2N2             0.0110   92.00
O1              0.1640   69.00
OO1             0.0070  165.00
P1              0.1200  113.40
Q1              0.0230   62.00
2Q1             0.0040   21.40
R2              0.0010  173.40
x 0 0
S2              0.1080  172.00
x 0 0
x 0 0
T2              0.0060  170.60
LDA2            0.0020  153.80
MU2             0.0080  104.00
NU2             0.0160  118.10
RHO1            0.0060   48.40
x 0 0
x 0 0
MN4             0.0180  135.00
MS4             0.0350  226.00
x 0 0
x 0 0
x 0 0
x 0 0
SA              0.1160  132.00
x 0 0
x 0 0
x 0 0
x 0 0
x 0 0
x 0 0
x 0 0
x 0 0
x 0 0
x 0 0
x 0 0
x 0 0
x 0 0
x 0 0
x 0 0
x 0 0
x 0 0
x 0 0
x 0 0
x 0 0
x 0 0
x 0 0
x 0 0
x 0 0
x 0 0
x 0 0
x 0 0
x 0 0
x 0 0
x 0 0
x 0 0
x 0 0
x 0 0
x 0 0
x 0 0
x 0 0
x 0 0
x 0 0
x 0 0
x 0 0
x 0 0
x 0 0
x 0 0
x 0 0
x 0 0
x 0 0
x 0 0
x 0 0
x 0 0
x 0 0
x 0 0
x 0 0
x 0 0
x 0 0
x 0 0
x 0 0
x 0 0
x 0 0
x 0 0
x 0 0
x 0 0
x 0 0
#
# 
# Merged from harmonics.
# This data set was submitted by Jean-Pierre LaPointe
# (scipur@collegenotre-dame.qc.ca) 1996-11-29
# The source was the Table des Marees des Grands Ports du Monde, No. 540,
# from the Service Hydrographique et Oceanographique de la Marine - Paris,
# B.P. 426, 29275 Brest Cedex.
#
# 
# rel_pedigree: 1250000000 (Via LaPointe)
# BEGIN HOT COMMENTS
# country: Morocco
# restriction: Non-commercial use only
# datum: MLLW
# confidence: 10
# shom_code: AGADIR
# !units: meters
# !longitude: -9.6378
# !latitude: 30.4208
Agadir, Morocco
+00:00 :Africa/Casablanca
2.1900 meters
J1              0.0040   79.60
K1              0.0600   34.00
K2              0.0960   65.80
L2              0.0260   42.00
M1              0.0040  348.00
M2              0.9240   42.00
x 0 0
x 0 0
x 0 0
x 0 0
N2              0.1790   42.00
2N2             0.0240   42.00
O1              0.0500  302.00
OO1             0.0020  126.00
P1              0.0200   27.10
Q1              0.0100  302.00
2Q1             0.0010  210.70
R2              0.0030   64.90
x 0 0
S2              0.3520   64.00
x 0 0
x 0 0
T2              0.0210   63.10
LDA2            0.0060   52.20
MU2             0.0220   20.00
NU2             0.0350   42.00
RHO1            0.0020  262.50
x 0 0
x 0 0
x 0 0
x 0 0
x 0 0
x 0 0
x 0 0
x 0 0
x 0 0
x 0 0
x 0 0
x 0 0
x 0 0
x 0 0
x 0 0
x 0 0
x 0 0
x 0 0
x 0 0
x 0 0
x 0 0
x 0 0
x 0 0
x 0 0
x 0 0
x 0 0
x 0 0
x 0 0
x 0 0
x 0 0
x 0 0
x 0 0
x 0 0
x 0 0
x 0 0
x 0 0
x 0 0
x 0 0
x 0 0
x 0 0
x 0 0
x 0 0
x 0 0
x 0 0
x 0 0
x 0 0
x 0 0
x 0 0
x 0 0
x 0 0
x 0 0
x 0 0
x 0 0
x 0 0
x 0 0
x 0 0
x 0 0
x 0 0
x 0 0
x 0 0
x 0 0
x 0 0
x 0 0
x 0 0
x 0 0
x 0 0
x 0 0
x 0 0
x 0 0
x 0 0
x 0 0
#
# 
# Merged from harmonics.
# This data set was submitted by Jean-Pierre LaPointe
# (scipur@collegenotre-dame.qc.ca) 1996-11-29
# The source was the Table des Marees des Grands Ports du Monde, No. 540,
# from the Service Hydrographique et Oceanographique de la Marine - Paris,
# B.P. 426, 29275 Brest Cedex.
#
# 
# rel_pedigree: 1250000000 (Via LaPointe)
# BEGIN HOT COMMENTS
# country: Argentina
# restriction: Non-commercial use only
# datum: CD (SHN)
# confidence: 10
# !units: meters
# !longitude: -65.9935
# !latitude: -54.9098
Bahía Aguirre, Tierra del Fuego, Argentina
-03:00 :America/Buenos_Aires
1.1300 meters
J1              0.0160   76.80
K1              0.1300   52.00
K2              0.0380  229.90
L2              0.0150  197.00
M1              0.0140   27.00
M2              0.5410  165.00
x 0 0
x 0 0
x 0 0
x 0 0
N2              0.1050  133.00
2N2             0.0140  101.00
O1              0.2010    2.00
OO1             0.0090  102.00
P1              0.0430   48.30
x 0 0
2Q1             0.0050  312.40
R2              0.0010  227.40
x 0 0
S2              0.1380  225.00
x 0 0
x 0 0
T2              0.0080  222.60
LDA2            0.0040  192.80
MU2             0.0130  105.00
NU2             0.0200  137.30
RHO1            0.0080  340.50
x 0 0
x 0 0
x 0 0
x 0 0
x 0 0
x 0 0
x 0 0
x 0 0
x 0 0
x 0 0
x 0 0
x 0 0
x 0 0
x 0 0
x 0 0
x 0 0
x 0 0
x 0 0
x 0 0
x 0 0
x 0 0
x 0 0
x 0 0
x 0 0
x 0 0
x 0 0
x 0 0
x 0 0
x 0 0
x 0 0
x 0 0
x 0 0
x 0 0
x 0 0
x 0 0
x 0 0
x 0 0
x 0 0
x 0 0
x 0 0
x 0 0
x 0 0
x 0 0
x 0 0
x 0 0
x 0 0
x 0 0
x 0 0
x 0 0
x 0 0
x 0 0
x 0 0
x 0 0
x 0 0
x 0 0
x 0 0
x 0 0
x 0 0
x 0 0
x 0 0
x 0 0
x 0 0
x 0 0
x 0 0
x 0 0
x 0 0
x 0 0
x 0 0
x 0 0
x 0 0
x 0 0
#
# 
# Merged from harmonics.
# This data set was submitted by Jean-Pierre LaPointe
# (scipur@collegenotre-dame.qc.ca) 1996-11-29
# The source was the Table des Marees des Grands Ports du Monde, No. 540,
# from the Service Hydrographique et Oceanographique de la Marine - Paris,
# B.P. 426, 29275 Brest Cedex.
#
# 
# rel_pedigree: 1250000000 (Via LaPointe)
# BEGIN HOT COMMENTS
# country: Indonesia
# restriction: Non-commercial use only
# datum: MLLW
# confidence: 10
# !units: meters
# !longitude: 104.9333
# !latitude: -2.2333
Air Musi (Outer Bar), Indonesia
+07:00 :Asia/Jakarta
1.9000 meters
J1              0.0470  190.70
K1              0.8800  156.00
K2              0.0350  236.30
L2              0.0070  227.00
M1              0.0430  121.00
M2              0.2600  192.00
x 0 0
x 0 0
x 0 0
x 0 0
N2              0.0500  157.00
2N2             0.0070  122.00
O1              0.6000   86.00
OO1             0.0260  226.00
P1              0.2910  150.80
x 0 0
2Q1             0.0160   16.60
R2              0.0010  234.60
x 0 0
S2              0.1300  233.00
x 0 0
x 0 0
T2              0.0080  231.40
LDA2            0.0020  211.00
MU2             0.0060  151.00
NU2             0.0100  161.70
RHO1            0.0230   56.00
x 0 0
x 0 0
x 0 0
x 0 0
x 0 0
x 0 0
x 0 0
x 0 0
x 0 0
x 0 0
x 0 0
x 0 0
x 0 0
x 0 0
x 0 0
x 0 0
x 0 0
x 0 0
x 0 0
x 0 0
x 0 0
x 0 0
x 0 0
x 0 0
x 0 0
x 0 0
x 0 0
x 0 0
x 0 0
x 0 0
x 0 0
x 0 0
x 0 0
x 0 0
x 0 0
x 0 0
x 0 0
x 0 0
x 0 0
x 0 0
x 0 0
x 0 0
x 0 0
x 0 0
x 0 0
x 0 0
x 0 0
x 0 0
x 0 0
x 0 0
x 0 0
x 0 0
x 0 0
x 0 0
x 0 0
x 0 0
x 0 0
x 0 0
x 0 0
x 0 0
x 0 0
x 0 0
x 0 0
x 0 0
x 0 0
x 0 0
x 0 0
x 0 0
x 0 0
x 0 0
x 0 0
#
# 
# Merged from harmonics.
# This data set was submitted by Jean-Pierre LaPointe
# (scipur@collegenotre-dame.qc.ca) 1996-11-29
# The source was the Table des Marees des Grands Ports du Monde, No. 540,
# from the Service Hydrographique et Oceanographique de la Marine - Paris,
# B.P. 426, 29275 Brest Cedex.
#
# 
# rel_pedigree: 1250000000 (Via LaPointe)
# BEGIN HOT COMMENTS
# country: Cook Islands
# restriction: Non-commercial use only
# datum: MLLW
# confidence: 10
# !units: meters
# !longitude: -159.7833
# !latitude: -18.8500
Aitutaki, Aitutaki Atoll, Cook Islands
-10:00 :Pacific/Rarotonga
0.4400 meters
J1              0.0010  311.90
K1              0.0180  305.00
K2              0.0080    5.50
L2              0.0060  307.00
M1              0.0010  298.00
M2              0.1710  279.00
x 0 0
M4              0.0060  208.00
x 0 0
x 0 0
N2              0.0400  251.00
2N2             0.0050  223.00
O1              0.0150  291.00
OO1             0.0010  319.00
P1              0.0060  304.00
x 0 0
x 0 0
x 0 0
x 0 0
S2              0.0300  359.00
x 0 0
x 0 0
T2              0.0020  355.80
LDA2            0.0010  316.10
MU2             0.0040  199.00
NU2             0.0080  254.80
RHO1            0.0010  285.00
x 0 0
x 0 0
x 0 0
MS4             0.0030  338.00
x 0 0
x 0 0
x 0 0
x 0 0
x 0 0
x 0 0
x 0 0
x 0 0
x 0 0
x 0 0
x 0 0
x 0 0
x 0 0
x 0 0
x 0 0
x 0 0
x 0 0
x 0 0
x 0 0
x 0 0
x 0 0
x 0 0
x 0 0
x 0 0
x 0 0
x 0 0
x 0 0
x 0 0
x 0 0
x 0 0
x 0 0
x 0 0
x 0 0
x 0 0
x 0 0
x 0 0
x 0 0
x 0 0
x 0 0
x 0 0
x 0 0
x 0 0
x 0 0
x 0 0
x 0 0
x 0 0
x 0 0
x 0 0
x 0 0
x 0 0
x 0 0
x 0 0
x 0 0
x 0 0
x 0 0
x 0 0
x 0 0
x 0 0
x 0 0
x 0 0
x 0 0
x 0 0
x 0 0
x 0 0
x 0 0
x 0 0
x 0 0
#
# 
# Merged from harmonics.
# This data set was submitted by Jean-Pierre LaPointe
# (scipur@collegenotre-dame.qc.ca) 1996-11-29
# The source was the Table des Marees des Grands Ports du Monde, No. 540,
# from the Service Hydrographique et Oceanographique de la Marine - Paris,
# B.P. 426, 29275 Brest Cedex.
#
# 
# The -1 meridian is highly suspicious....  DWF
#
# 
# rel_pedigree: 1250000000 (Via LaPointe)
# BEGIN HOT COMMENTS
# country: Nigeria
# restriction: Non-commercial use only
# datum: MLLW
# confidence: 10
# !units: meters
# !longitude: 6.0667
# !latitude: 4.3167
Akassa, Nigeria
-01:00 :Africa/Lagos
0.7900 meters
J1              0.0020   64.70
K1              0.1220   28.00
K2              0.0440  182.80
L2              0.0140  147.00
M1              0.0020  351.00
M2              0.5300  146.00
x 0 0
M4              0.0430   96.00
x 0 0
x 0 0
N2              0.1010  145.00
2N2             0.0130  144.00
O1              0.0300  314.00
OO1             0.0010  102.00
P1              0.0400   22.50
x 0 0
2Q1             0.0010  240.60
R2              0.0010  181.40
x 0 0
S2              0.1620  180.00
x 0 0
x 0 0
T2              0.0100  178.60
LDA2            0.0040  161.80
MU2             0.0130  112.00
NU2             0.0200  145.10
RHO1            0.0010  282.30
x 0 0
x 0 0
x 0 0
MS4             0.0270  145.00
x 0 0
x 0 0
x 0 0
x 0 0
x 0 0
x 0 0
x 0 0
x 0 0
x 0 0
x 0 0
x 0 0
x 0 0
x 0 0
x 0 0
x 0 0
x 0 0
x 0 0
x 0 0
x 0 0
x 0 0
x 0 0
x 0 0
x 0 0
x 0 0
x 0 0
x 0 0
x 0 0
x 0 0
x 0 0
x 0 0
x 0 0
x 0 0
x 0 0
x 0 0
x 0 0
x 0 0
x 0 0
x 0 0
x 0 0
x 0 0
x 0 0
x 0 0
x 0 0
x 0 0
x 0 0
x 0 0
x 0 0
x 0 0
x 0 0
x 0 0
x 0 0
x 0 0
x 0 0
x 0 0
x 0 0
x 0 0
x 0 0
x 0 0
x 0 0
x 0 0
x 0 0
x 0 0
x 0 0
x 0 0
x 0 0
x 0 0
x 0 0
#
# 
# Merged from harmonics.
# This entry was converted automatically from a TID file
# donated by Karl Hahn (hahn@lds.loral.com) 8/21/95.
#
# 
# FUJAIRAH, U.A.E. -- IHO DATA WTH INFER - 25d08. 'N 56d21. 'E - (FUJIHOWO.TID)
# METRIC
#
# 
# rel_pedigree: 1000000000 (Approximated or converted data)
# BEGIN HOT COMMENTS
# country: United Arab Emirates
# restriction: Non-commercial use only
# datum: MLLW
# confidence: 10
# !units: meters
# !longitude: 56.3588
# !latitude: 25.1642
Fujairah, United Arab Emirates
+04:00 :Asia/Dubai
1.5700 meters
J1              0.0400   46.00
K1              0.4400   46.00
K2              0.0700  313.00
L2              0.0200  269.00
M1              0.0200  235.00
M2              0.6700  302.00
x 0 0
M4              0.0100  164.00
M6              0.0100  209.00
x 0 0
N2              0.1700  294.00
2N2             0.0200  237.00
O1              0.1800   62.00
OO1             0.0080   30.00
P1              0.1500   46.00
Q1              0.0500   70.00
2Q1             0.0050   77.90
R2              0.0020  313.40
x 0 0
S2              0.2500  313.00
x 0 0
x 0 0
T2              0.0150  312.60
LDA2            0.0050  307.10
MU2             0.0200  197.00
NU2             0.0330  295.10
RHO1            0.0070   68.90
MK3             0.0100   24.00
x 0 0
x 0 0
MS4             0.0100  212.00
x 0 0
x 0 0
MSF             0.0200    9.00
MM              0.0700  233.00
x 0 0
x 0 0
x 0 0
x 0 0
x 0 0
x 0 0
x 0 0
x 0 0
x 0 0
x 0 0
x 0 0
x 0 0
x 0 0
x 0 0
x 0 0
x 0 0
x 0 0
x 0 0
x 0 0
x 0 0
x 0 0
x 0 0
x 0 0
x 0 0
x 0 0
x 0 0
x 0 0
x 0 0
x 0 0
x 0 0
x 0 0
x 0 0
x 0 0
x 0 0
x 0 0
x 0 0
x 0 0
x 0 0
x 0 0
x 0 0
x 0 0
x 0 0
x 0 0
x 0 0
x 0 0
x 0 0
x 0 0
x 0 0
x 0 0
x 0 0
x 0 0
x 0 0
x 0 0
x 0 0
x 0 0
x 0 0
x 0 0
x 0 0
x 0 0
x 0 0
x 0 0
x 0 0
x 0 0
#
# 
# Merged from harmonics.
# This data set was submitted by Jean-Pierre LaPointe
# (scipur@collegenotre-dame.qc.ca) 1996-11-29
# The source was the Table des Marees des Grands Ports du Monde, No. 540,
# from the Service Hydrographique et Oceanographique de la Marine - Paris,
# B.P. 426, 29275 Brest Cedex.
#
# 
# rel_pedigree: 1250000000 (Via LaPointe)
# BEGIN HOT COMMENTS
# country: Russia
# restriction: Non-commercial use only
# datum: LAT
# confidence: 10
# !units: meters
# !longitude: 142.1167
# !latitude: 50.8833
Aleksandrovskiy (Sakhalin), Russia
+11:00 :Asia/Magadan
1.0500 meters
J1              0.0060    5.90
K1              0.0700  349.00
K2              0.0650  356.80
L2              0.0180  326.00
M1              0.0050  332.00
M2              0.6700  306.00
x 0 0
x 0 0
x 0 0
x 0 0
N2              0.1270  286.00
2N2             0.0170  266.00
O1              0.0700  315.00
OO1             0.0030   23.00
P1              0.0230  346.50
Q1              0.0130  295.00
2Q1             0.0020  281.30
R2              0.0020  354.90
x 0 0
S2              0.2400  353.00
x 0 0
x 0 0
T2              0.0140  351.10
LDA2            0.0050  327.80
MU2             0.0160  259.00
NU2             0.0250  288.70
RHO1            0.0030  300.40
x 0 0
x 0 0
x 0 0
x 0 0
x 0 0
x 0 0
x 0 0
x 0 0
x 0 0
x 0 0
x 0 0
x 0 0
x 0 0
x 0 0
x 0 0
x 0 0
x 0 0
x 0 0
x 0 0
x 0 0
x 0 0
x 0 0
x 0 0
x 0 0
x 0 0
x 0 0
x 0 0
x 0 0
x 0 0
x 0 0
x 0 0
x 0 0
x 0 0
x 0 0
x 0 0
x 0 0
x 0 0
x 0 0
x 0 0
x 0 0
x 0 0
x 0 0
x 0 0
x 0 0
x 0 0
x 0 0
x 0 0
x 0 0
x 0 0
x 0 0
x 0 0
x 0 0
x 0 0
x 0 0
x 0 0
x 0 0
x 0 0
x 0 0
x 0 0
x 0 0
x 0 0
x 0 0
x 0 0
x 0 0
x 0 0
x 0 0
x 0 0
x 0 0
x 0 0
x 0 0
x 0 0
#
# 
# Merged from harmonics.
# This data set was submitted by Jean-Pierre LaPointe
# (scipur@collegenotre-dame.qc.ca) 1996-11-29
# The source was the Table des Marees des Grands Ports du Monde, No. 540,
# from the Service Hydrographique et Oceanographique de la Marine - Paris,
# B.P. 426, 29275 Brest Cedex.
#
# 
# rel_pedigree: 1250000000 (Via LaPointe)
# BEGIN HOT COMMENTS
# country: Myanmar
# restriction: Non-commercial use only
# datum: MLLW
# confidence: 10
# !units: meters
# !longitude: 97.5628
# !latitude: 16.0823
Kyaikkami (Amherst), Myanmar
+06:30 :Asia/Rangoon
3.0700 meters
J1              0.0080   17.90
K1              0.2160    4.00
K2              0.2240  105.40
L2              0.0560   78.00
M1              0.0070  350.00
M2              1.9260   60.00
x 0 0
M4              0.0990   30.00
x 0 0
x 0 0
N2              0.3910   42.00
2N2             0.0520   24.00
O1              0.0980  336.00
OO1             0.0040   32.00
P1              0.0710    1.90
Q1              0.0120  332.00
2Q1             0.0030  308.20
R2              0.0070  103.70
x 0 0
S2              0.8250  102.00
x 0 0
x 0 0
T2              0.0490  100.30
LDA2            0.0130   79.50
MU2             0.0460   18.00
NU2             0.0760   44.40
RHO1            0.0040  324.00
x 0 0
x 0 0
MN4             0.0650  193.00
MS4             0.0970   68.00
x 0 0
x 0 0
x 0 0
x 0 0
SA              0.2310  136.00
x 0 0
x 0 0
x 0 0
x 0 0
x 0 0
x 0 0
x 0 0
x 0 0
x 0 0
x 0 0
x 0 0
x 0 0
x 0 0
x 0 0
x 0 0
x 0 0
x 0 0
x 0 0
x 0 0
x 0 0
x 0 0
x 0 0
x 0 0
x 0 0
x 0 0
x 0 0
x 0 0
x 0 0
x 0 0
x 0 0
x 0 0
x 0 0
x 0 0
x 0 0
x 0 0
x 0 0
x 0 0
x 0 0
x 0 0
x 0 0
x 0 0
x 0 0
x 0 0
x 0 0
x 0 0
x 0 0
x 0 0
x 0 0
x 0 0
x 0 0
x 0 0
x 0 0
x 0 0
x 0 0
x 0 0
x 0 0
x 0 0
x 0 0
x 0 0
x 0 0
x 0 0
x 0 0
#
# 
# Merged from harmonics.
# This data set was submitted by Jean-Pierre LaPointe
# (scipur@collegenotre-dame.qc.ca) 1996-11-29
# The source was the Table des Marees des Grands Ports du Monde, No. 540,
# from the Service Hydrographique et Oceanographique de la Marine - Paris,
# B.P. 426, 29275 Brest Cedex.
#
# 
# rel_pedigree: 1250000000 (Via LaPointe)
# BEGIN HOT COMMENTS
# country: Venezuela
# restriction: Non-commercial use only
# datum: MLLW
# confidence: 10
# !units: meters
# !longitude: -70.2178
# !latitude: 11.7489
Amuay, Venezuela
-04:00 :America/Caracas
0.2100 meters
J1              0.0060  184.50
K1              0.1110  184.00
K2              0.0040   60.30
L2              0.0050  165.00
M1              0.0050  183.50
M2              0.0920  136.00
x 0 0
M4              0.0100   35.00
x 0 0
x 0 0
N2              0.0340  107.00
2N2             0.0050   78.00
O1              0.0710  183.00
OO1             0.0030  185.00
P1              0.0370  183.90
Q1              0.0120  175.00
2Q1             0.0020  182.00
x 0 0
x 0 0
S2              0.0160   66.00
x 0 0
x 0 0
T2              0.0010   68.80
LDA2            0.0010  103.50
MU2             0.0020  206.00
NU2             0.0070  110.90
RHO1            0.0030  182.60
x 0 0
x 0 0
MN4             0.0090  317.00
x 0 0
x 0 0
x 0 0
x 0 0
x 0 0
SA              0.0830  170.00
x 0 0
x 0 0
x 0 0
x 0 0
x 0 0
x 0 0
x 0 0
x 0 0
x 0 0
x 0 0
x 0 0
x 0 0
x 0 0
x 0 0
x 0 0
x 0 0
x 0 0
x 0 0
x 0 0
x 0 0
x 0 0
x 0 0
x 0 0
x 0 0
x 0 0
x 0 0
x 0 0
x 0 0
x 0 0
x 0 0
x 0 0
x 0 0
x 0 0
x 0 0
x 0 0
x 0 0
x 0 0
x 0 0
x 0 0
x 0 0
x 0 0
x 0 0
x 0 0
x 0 0
x 0 0
x 0 0
x 0 0
x 0 0
x 0 0
x 0 0
x 0 0
x 0 0
x 0 0
x 0 0
x 0 0
x 0 0
x 0 0
x 0 0
x 0 0
x 0 0
x 0 0
x 0 0
#
# 
# Merged from harmonics.
# This data set was submitted by Jean-Pierre LaPointe
# (scipur@collegenotre-dame.qc.ca) 1996-11-29
# The source was the Table des Marees des Grands Ports du Monde, No. 540,
# from the Service Hydrographique et Oceanographique de la Marine - Paris,
# B.P. 426, 29275 Brest Cedex.
#
# 
# rel_pedigree: 1250000000 (Via LaPointe)
# BEGIN HOT COMMENTS
# country: South Korea
# restriction: Non-commercial use only
# datum: ALLW (approx.)
# confidence: 10
# !units: meters
# !longitude: 126.0167
# !latitude: 35.3500
Anma Do, South Korea
+09:00 :Asia/Seoul
2.8000 meters
J1              0.0190  283.40
K1              0.3200  265.00
K2              0.1520  116.60
L2              0.0460   89.00
M1              0.0170  246.50
M2              1.6900   69.00
x 0 0
x 0 0
x 0 0
x 0 0
N2              0.3210   49.00
2N2             0.0430   29.00
O1              0.2400  228.00
OO1             0.0100  302.00
P1              0.1060  262.20
Q1              0.0460  208.00
2Q1             0.0060  191.30
R2              0.0040  114.80
x 0 0
S2              0.5600  113.00
x 0 0
x 0 0
T2              0.0330  111.20
LDA2            0.0120   89.40
MU2             0.0410   25.00
NU2             0.0620   51.70
RHO1            0.0090  212.10
x 0 0
x 0 0
x 0 0
x 0 0
x 0 0
x 0 0
x 0 0
x 0 0
x 0 0
x 0 0
x 0 0
x 0 0
x 0 0
x 0 0
x 0 0
x 0 0
x 0 0
x 0 0
x 0 0
x 0 0
x 0 0
x 0 0
x 0 0
x 0 0
x 0 0
x 0 0
x 0 0
x 0 0
x 0 0
x 0 0
x 0 0
x 0 0
x 0 0
x 0 0
x 0 0
x 0 0
x 0 0
x 0 0
x 0 0
x 0 0
x 0 0
x 0 0
x 0 0
x 0 0
x 0 0
x 0 0
x 0 0
x 0 0
x 0 0
x 0 0
x 0 0
x 0 0
x 0 0
x 0 0
x 0 0
x 0 0
x 0 0
x 0 0
x 0 0
x 0 0
x 0 0
x 0 0
x 0 0
x 0 0
x 0 0
x 0 0
x 0 0
x 0 0
x 0 0
x 0 0
x 0 0
#
# 
# Merged from harmonics.
# This data set was submitted by Jean-Pierre LaPointe
# (scipur@collegenotre-dame.qc.ca) 1996-11-29
# The source was the Table des Marees des Grands Ports du Monde, No. 540,
# from the Service Hydrographique et Oceanographique de la Marine - Paris,
# B.P. 426, 29275 Brest Cedex.
#
# 
# rel_pedigree: 1250000000 (Via LaPointe)
# BEGIN HOT COMMENTS
# country: Mozambique
# restriction: Non-commercial use only
# datum: MLLW
# confidence: 10
# !units: meters
# !longitude: 39.9000
# !latitude: -16.2333
Angoche (António Enes), Moçambique
+02:00 :Africa/Maputo
2.4000 meters
J1              0.0060   65.90
K1              0.0750   56.00
K2              0.1800  160.00
L2              0.0280  129.00
M1              0.0050   46.00
M2              1.1680  107.00
x 0 0
M4              0.0150  123.00
x 0 0
x 0 0
N2              0.1980   85.00
2N2             0.0260   63.00
O1              0.0700   36.00
OO1             0.0030   76.00
P1              0.0250   54.50
x 0 0
2Q1             0.0020   16.20
R2              0.0050  158.00
x 0 0
S2              0.6600  156.00
x 0 0
x 0 0
T2              0.0390  154.00
LDA2            0.0080  129.70
MU2             0.0280   58.00
NU2             0.0380   87.90
RHO1            0.0030   27.40
x 0 0
x 0 0
x 0 0
MS4             0.0050  121.00
x 0 0
x 0 0
x 0 0
x 0 0
x 0 0
x 0 0
x 0 0
x 0 0
x 0 0
x 0 0
x 0 0
x 0 0
x 0 0
x 0 0
x 0 0
x 0 0
x 0 0
x 0 0
x 0 0
x 0 0
x 0 0
x 0 0
x 0 0
x 0 0
x 0 0
x 0 0
x 0 0
x 0 0
x 0 0
x 0 0
x 0 0
x 0 0
x 0 0
x 0 0
x 0 0
x 0 0
x 0 0
x 0 0
x 0 0
x 0 0
x 0 0
x 0 0
x 0 0
x 0 0
x 0 0
x 0 0
x 0 0
x 0 0
x 0 0
x 0 0
x 0 0
x 0 0
x 0 0
x 0 0
x 0 0
x 0 0
x 0 0
x 0 0
x 0 0
x 0 0
x 0 0
x 0 0
x 0 0
x 0 0
x 0 0
x 0 0
x 0 0
#
# 
# Merged from harmonics.
# This data set was submitted by Jean-Pierre LaPointe
# (scipur@collegenotre-dame.qc.ca) 1996-11-29
# The source was the Table des Marees des Grands Ports du Monde, No. 540,
# from the Service Hydrographique et Oceanographique de la Marine - Paris,
# B.P. 426, 29275 Brest Cedex.
#
# 
# rel_pedigree: 1250000000 (Via LaPointe)
# BEGIN HOT COMMENTS
# country: Norway
# restriction: Non-commercial use only
# datum: CD
# confidence: 10
# !units: meters
# !longitude: 8.7674
# !latitude: 58.4574
Arendal, Norway
+01:00 :Europe/Oslo
0.1900 meters
J1              0.0010   36.70
x 0 0
K2              0.0080   78.50
L2              0.0040  149.00
M1              0.0010  323.00
M2              0.0840  112.00
x 0 0
x 0 0
x 0 0
x 0 0
N2              0.0260   75.00
2N2             0.0030   38.00
O1              0.0170  286.00
OO1             0.0010   74.00
x 0 0
x 0 0
x 0 0
x 0 0
x 0 0
S2              0.0280   81.00
x 0 0
x 0 0
T2              0.0020   82.20
LDA2            0.0010   97.60
MU2             0.0020  143.00
NU2             0.0050   80.00
RHO1            0.0010  254.30
x 0 0
x 0 0
x 0 0
x 0 0
x 0 0
x 0 0
x 0 0
x 0 0
SA              0.0980  195.00
x 0 0
x 0 0
x 0 0
x 0 0
x 0 0
x 0 0
x 0 0
x 0 0
x 0 0
x 0 0
x 0 0
x 0 0
x 0 0
x 0 0
x 0 0
x 0 0
x 0 0
x 0 0
x 0 0
x 0 0
x 0 0
x 0 0
x 0 0
x 0 0
x 0 0
x 0 0
x 0 0
x 0 0
x 0 0
x 0 0
x 0 0
x 0 0
x 0 0
x 0 0
x 0 0
x 0 0
x 0 0
x 0 0
x 0 0
x 0 0
x 0 0
x 0 0
x 0 0
x 0 0
x 0 0
x 0 0
x 0 0
x 0 0
x 0 0
x 0 0
x 0 0
x 0 0
x 0 0
x 0 0
x 0 0
x 0 0
x 0 0
x 0 0
x 0 0
x 0 0
x 0 0
x 0 0
#
# 
# Merged from harmonics.
# This data set was submitted by Jean-Pierre LaPointe
# (scipur@collegenotre-dame.qc.ca) 1996-11-29
# The source was the Table des Marees des Grands Ports du Monde, No. 540,
# from the Service Hydrographique et Oceanographique de la Marine - Paris,
# B.P. 426, 29275 Brest Cedex.
#
# 
# rel_pedigree: 1250000000 (Via LaPointe)
# BEGIN HOT COMMENTS
# country: Russia
# restriction: Non-commercial use only
# datum: LAT
# confidence: 10
# !units: meters
# !longitude: 40.4833
# !latitude: 64.5333
Arkhangel'sk, Russia
+04:00 :Europe/Moscow
1.0500 meters
J1              0.0010    3.60
K1              0.0460  320.00
K2              0.0130  304.50
L2              0.0070  243.00
M1              0.0010  276.00
M2              0.2500  231.00
x 0 0
x 0 0
x 0 0
x 0 0
N2              0.0460  219.00
2N2             0.0060  207.00
O1              0.0090  232.00
x 0 0
P1              0.0150  313.40
x 0 0
x 0 0
x 0 0
x 0 0
S2              0.0490  299.00
x 0 0
x 0 0
T2              0.0030  296.30
LDA2            0.0020  262.60
MU2             0.0060  163.00
NU2             0.0090  220.60
x 0 0
x 0 0
x 0 0
x 0 0
x 0 0
x 0 0
x 0 0
x 0 0
x 0 0
x 0 0
x 0 0
x 0 0
x 0 0
x 0 0
x 0 0
x 0 0
x 0 0
x 0 0
x 0 0
x 0 0
x 0 0
x 0 0
x 0 0
x 0 0
x 0 0
x 0 0
x 0 0
x 0 0
x 0 0
x 0 0
x 0 0
x 0 0
x 0 0
x 0 0
x 0 0
x 0 0
x 0 0
x 0 0
x 0 0
x 0 0
x 0 0
x 0 0
x 0 0
x 0 0
x 0 0
x 0 0
x 0 0
x 0 0
x 0 0
x 0 0
x 0 0
x 0 0
x 0 0
x 0 0
x 0 0
x 0 0
x 0 0
x 0 0
x 0 0
x 0 0
x 0 0
x 0 0
x 0 0
x 0 0
x 0 0
x 0 0
x 0 0
x 0 0
x 0 0
x 0 0
x 0 0
x 0 0
#
# 
# Merged from harmonics.
# This data set was submitted by Jean-Pierre LaPointe
# (scipur@collegenotre-dame.qc.ca) 1996-11-29
# The source was the Table des Marees des Grands Ports du Monde, No. 540,
# from the Service Hydrographique et Oceanographique de la Marine - Paris,
# B.P. 426, 29275 Brest Cedex.
#
# 
# rel_pedigree: 1250000000 (Via LaPointe)
# BEGIN HOT COMMENTS
# country: Eritrea
# restriction: Non-commercial use only
# datum: MLLW
# confidence: 10
# !units: meters
# !longitude: 42.7492
# !latitude: 13.0039
Assab, Eritrea
+03:00 :Africa/Asmera
0.3000 meters
J1              0.0050   17.00
K1              0.1810   20.00
K2              0.0080  252.10
L2              0.0030    5.00
M1              0.0040   23.00
M2              0.0780  358.00
x 0 0
x 0 0
x 0 0
x 0 0
N2              0.0220  351.00
2N2             0.0030  344.00
O1              0.0620   26.00
OO1             0.0030   14.00
P1              0.0600   20.50
x 0 0
2Q1             0.0020   32.00
x 0 0
x 0 0
S2              0.0300  260.00
x 0 0
x 0 0
T2              0.0020  263.90
LDA2            0.0010  312.50
MU2             0.0020   96.00
NU2             0.0040  351.90
RHO1            0.0020   28.60
x 0 0
x 0 0
x 0 0
x 0 0
x 0 0
x 0 0
x 0 0
x 0 0
x 0 0
x 0 0
x 0 0
x 0 0
x 0 0
x 0 0
x 0 0
x 0 0
x 0 0
x 0 0
x 0 0
x 0 0
x 0 0
x 0 0
x 0 0
x 0 0
x 0 0
x 0 0
x 0 0
x 0 0
x 0 0
x 0 0
x 0 0
x 0 0
x 0 0
x 0 0
x 0 0
x 0 0
x 0 0
x 0 0
x 0 0
x 0 0
x 0 0
x 0 0
x 0 0
x 0 0
x 0 0
x 0 0
x 0 0
x 0 0
x 0 0
x 0 0
x 0 0
x 0 0
x 0 0
x 0 0
x 0 0
x 0 0
x 0 0
x 0 0
x 0 0
x 0 0
x 0 0
x 0 0
x 0 0
x 0 0
x 0 0
x 0 0
x 0 0
x 0 0
x 0 0
x 0 0
x 0 0
#
# 
# Merged from harmonics.
# This data set was submitted by Jean-Pierre LaPointe
# (scipur@collegenotre-dame.qc.ca) 1996-11-29
# The source was the Table des Marees des Grands Ports du Monde, No. 540,
# from the Service Hydrographique et Oceanographique de la Marine - Paris,
# B.P. 426, 29275 Brest Cedex.
#
# 
# rel_pedigree: 1250000000 (Via LaPointe)
# BEGIN HOT COMMENTS
# country: Portugal
# restriction: Non-commercial use only
# datum: MLLW
# confidence: 10
# !units: meters
# !longitude: -8.7487
# !latitude: 40.6442
Aveiro, Portugal
+01:00 :Europe/Lisbon
2.0000 meters
J1              0.0040  145.50
K1              0.0500   88.00
K2              0.0870  143.40
L2              0.0220  123.00
M1              0.0030   30.00
M2              0.8650  111.00
x 0 0
M4              0.0500  337.00
x 0 0
x 0 0
N2              0.1530   99.00
2N2             0.0200   87.00
O1              0.0470  332.00
OO1             0.0020  204.00
P1              0.0170   79.30
Q1              0.0170  281.00
2Q1             0.0010  216.90
R2              0.0030  142.20
x 0 0
S2              0.3190  141.00
x 0 0
x 0 0
T2              0.0190  139.80
LDA2            0.0060  124.90
MU2             0.0210   81.00
NU2             0.0300  100.60
RHO1            0.0020  282.20
x 0 0
x 0 0
x 0 0
x 0 0
x 0 0
x 0 0
x 0 0
x 0 0
x 0 0
x 0 0
x 0 0
x 0 0
x 0 0
x 0 0
x 0 0
x 0 0
x 0 0
x 0 0
x 0 0
x 0 0
x 0 0
x 0 0
x 0 0
x 0 0
x 0 0
x 0 0
x 0 0
x 0 0
x 0 0
x 0 0
x 0 0
x 0 0
x 0 0
x 0 0
x 0 0
x 0 0
x 0 0
x 0 0
x 0 0
x 0 0
x 0 0
x 0 0
x 0 0
x 0 0
x 0 0
x 0 0
x 0 0
x 0 0
x 0 0
x 0 0
x 0 0
x 0 0
x 0 0
x 0 0
x 0 0
x 0 0
x 0 0
x 0 0
x 0 0
x 0 0
x 0 0
x 0 0
x 0 0
x 0 0
x 0 0
x 0 0
x 0 0
x 0 0
x 0 0
x 0 0
x 0 0
#
# 
# Merged from harmonics.
# This entry was converted automatically from a TD4 file.
# Time of conversion:  1997-05-25 15:02 EDT
#
# AVONMOUTH (PORT OF BRISTOL), ENGLAND ----- 51d30. 'N 002d43. 'W--(AVONMOUT.TD4)
#
# IHO DATA VIA PIEPER - RESID =  2.9, RSS =  .8 FOOT --------------------------
#
# rel_pedigree: 1500000000 (Via Pieper)
# BEGIN HOT COMMENTS
# country: United Kingdom
# restriction: Non-commercial use only
# datum: ACD
# confidence: 10
# bodc_code: AVO
# !units: feet
# !longitude: -2.7151
# !latitude: 51.5108
Avonmouth (Port of Bristol), England, United Kingdom
+00:00 :Europe/London
22.8340 feet
J1              0.0450  322.90
K1              0.1930  134.00
K2              1.4000  258.80
L2              1.1020  194.60
M1              0.0520  184.70
M2             13.8540  201.90
M3              0.1470  227.20
M4              1.1150  347.60
M6              0.3280  280.80
x 0 0
N2              2.4040  187.90
2N2             0.6390  201.60
O1              0.2590    6.50
OO1             0.0490  217.40
P1              0.0980  117.60
Q1              0.0950  331.90
2Q1             0.0260  308.80
R2              0.0450  356.50
S1              0.0620   45.30
S2              4.8620  260.40
S4              0.2650  110.90
x 0 0
T2              0.2190  246.20
LDA2            0.5080  186.80
MU2             1.4100  265.30
NU2             0.6290  154.00
RHO1            0.0420  270.90
MK3             0.0720  247.00
x 0 0
MN4             0.4650  330.70
MS4             0.9710   26.80
2SM2            0.3740   87.20
MF              0.1340   62.50
MSF             0.4850   48.70
MM              0.2030   53.50
SA              0.3010  203.50
SSA             0.0720   54.90
x 0 0
x 0 0
x 0 0
x 0 0
x 0 0
x 0 0
x 0 0
x 0 0
x 0 0
x 0 0
x 0 0
x 0 0
x 0 0
x 0 0
x 0 0
x 0 0
x 0 0
x 0 0
x 0 0
x 0 0
x 0 0
x 0 0
x 0 0
x 0 0
x 0 0
x 0 0
x 0 0
x 0 0
x 0 0
x 0 0
x 0 0
x 0 0
x 0 0
x 0 0
x 0 0
x 0 0
x 0 0
x 0 0
x 0 0
x 0 0
x 0 0
x 0 0
x 0 0
x 0 0
x 0 0
x 0 0
x 0 0
x 0 0
x 0 0
x 0 0
x 0 0
x 0 0
x 0 0
x 0 0
x 0 0
x 0 0
x 0 0
x 0 0
x 0 0
x 0 0
x 0 0
#
# 
# Merged from harmonics.
# This data set was submitted by Jean-Pierre LaPointe
# (scipur@collegenotre-dame.qc.ca) 1996-11-29
# The source was the Table des Marees des Grands Ports du Monde, No. 540,
# from the Service Hydrographique et Oceanographique de la Marine - Paris,
# B.P. 426, 29275 Brest Cedex.
#
# 
# rel_pedigree: 1250000000 (Via LaPointe)
# BEGIN HOT COMMENTS
# country: Spain
# restriction: Non-commercial use only
# datum: LAT
# confidence: 10
# ihm_code: 32
# !units: meters
# !longitude: -7.4050
# !latitude: 37.2117
Ayamonte, Spain
+00:00 :Europe/Madrid
1.7500 meters
J1              0.0050   99.10
K1              0.0600   53.00
K2              0.0870   90.30
L2              0.0290   76.00
M1              0.0040    6.50
M2              1.0000   59.00
x 0 0
x 0 0
x 0 0
x 0 0
N2              0.2000   42.00
2N2             0.0270   25.00
O1              0.0600  320.00
OO1             0.0030  146.00
P1              0.0200   46.00
Q1              0.0120  274.00
2Q1             0.0020  227.70
R2              0.0030   89.20
x 0 0
S2              0.3200   88.00
x 0 0
x 0 0
T2              0.0190   86.80
LDA2            0.0070   72.50
MU2             0.0240   30.00
NU2             0.0390   44.30
RHO1            0.0020  280.10
x 0 0
x 0 0
x 0 0
x 0 0
x 0 0
x 0 0
x 0 0
x 0 0
x 0 0
x 0 0
x 0 0
x 0 0
x 0 0
x 0 0
x 0 0
x 0 0
x 0 0
x 0 0
x 0 0
x 0 0
x 0 0
x 0 0
x 0 0
x 0 0
x 0 0
x 0 0
x 0 0
x 0 0
x 0 0
x 0 0
x 0 0
x 0 0
x 0 0
x 0 0
x 0 0
x 0 0
x 0 0
x 0 0
x 0 0
x 0 0
x 0 0
x 0 0
x 0 0
x 0 0
x 0 0
x 0 0
x 0 0
x 0 0
x 0 0
x 0 0
x 0 0
x 0 0
x 0 0
x 0 0
x 0 0
x 0 0
x 0 0
x 0 0
x 0 0
x 0 0
x 0 0
x 0 0
x 0 0
x 0 0
x 0 0
x 0 0
x 0 0
x 0 0
x 0 0
x 0 0
x 0 0
#
# 
# Merged from harmonics.
# This data set was submitted by Jean-Pierre LaPointe
# (scipur@collegenotre-dame.qc.ca) 1996-11-29
# The source was the Table des Marees des Grands Ports du Monde, No. 540,
# from the Service Hydrographique et Oceanographique de la Marine - Paris,
# B.P. 426, 29275 Brest Cedex.
#
# 
# rel_pedigree: 1250000000 (Via LaPointe)
# BEGIN HOT COMMENTS
# country: Malaysia
# restriction: Non-commercial use only
# datum: MLLW
# confidence: 10
# !units: meters
# !longitude: 100.7848
# !latitude: 3.9929
Bagan Datuk, Malaysia
+07:30 :Asia/Kuala_Lumpur
1.6700 meters
J1              0.0030   45.20
K1              0.2060    6.00
K2              0.1060  161.80
L2              0.0260  120.00
M1              0.0020  326.50
M2              0.7930  111.00
x 0 0
M4              0.0410  132.00
x 0 0
x 0 0
N2              0.1800  102.00
2N2             0.0240   93.00
O1              0.0320  287.00
OO1             0.0010   85.00
P1              0.0680    0.10
Q1              0.0140  279.00
2Q1             0.0010  208.60
R2              0.0030  159.90
x 0 0
S2              0.3880  158.00
x 0 0
x 0 0
T2              0.0230  156.10
LDA2            0.0060  132.80
MU2             0.0190   64.00
NU2             0.0350  103.20
RHO1            0.0010  253.10
x 0 0
x 0 0
MN4             0.0160  154.00
MS4             0.0420  164.00
x 0 0
x 0 0
x 0 0
x 0 0
SA              0.0670  147.00
x 0 0
x 0 0
x 0 0
x 0 0
x 0 0
x 0 0
x 0 0
x 0 0
x 0 0
x 0 0
x 0 0
x 0 0
x 0 0
x 0 0
x 0 0
x 0 0
x 0 0
x 0 0
x 0 0
x 0 0
x 0 0
x 0 0
x 0 0
x 0 0
x 0 0
x 0 0
x 0 0
x 0 0
x 0 0
x 0 0
x 0 0
x 0 0
x 0 0
x 0 0
x 0 0
x 0 0
x 0 0
x 0 0
x 0 0
x 0 0
x 0 0
x 0 0
x 0 0
x 0 0
x 0 0
x 0 0
x 0 0
x 0 0
x 0 0
x 0 0
x 0 0
x 0 0
x 0 0
x 0 0
x 0 0
x 0 0
x 0 0
x 0 0
x 0 0
x 0 0
x 0 0
x 0 0
#
# 
# Merged from harmonics.
# This data set was submitted by Jean-Pierre LaPointe
# (scipur@collegenotre-dame.qc.ca) 1996-11-29
# The source was the Table des Marees des Grands Ports du Monde, No. 540,
# from the Service Hydrographique et Oceanographique de la Marine - Paris,
# B.P. 426, 29275 Brest Cedex.
#
# 
# rel_pedigree: 1250000000 (Via LaPointe)
# BEGIN HOT COMMENTS
# country: Argentina
# restriction: Non-commercial use only
# datum: CD (SHN)
# confidence: 10
# !units: meters
# !longitude: -65.2646
# !latitude: -54.7963
Bahía Buen Suceso, Tierra del Fuego, Argentina
-03:00 :America/Buenos_Aires
1.5200 meters
J1              0.0100   62.40
K1              0.1520   45.00
K2              0.0410  221.20
L2              0.0170  199.00
M1              0.0090   27.50
M2              0.7010  178.00
x 0 0
x 0 0
x 0 0
x 0 0
N2              0.1220  157.00
2N2             0.0160  136.00
O1              0.1220   10.00
OO1             0.0050   80.00
P1              0.0500   42.40
x 0 0
2Q1             0.0030  335.30
R2              0.0010  219.60
x 0 0
S2              0.1520  218.00
x 0 0
x 0 0
T2              0.0090  216.40
LDA2            0.0050  196.60
MU2             0.0170  138.00
NU2             0.0240  159.80
RHO1            0.0050  355.00
x 0 0
x 0 0
x 0 0
x 0 0
x 0 0
x 0 0
x 0 0
x 0 0
x 0 0
x 0 0
x 0 0
x 0 0
x 0 0
x 0 0
x 0 0
x 0 0
x 0 0
x 0 0
x 0 0
x 0 0
x 0 0
x 0 0
x 0 0
x 0 0
x 0 0
x 0 0
x 0 0
x 0 0
x 0 0
x 0 0
x 0 0
x 0 0
x 0 0
x 0 0
x 0 0
x 0 0
x 0 0
x 0 0
x 0 0
x 0 0
x 0 0
x 0 0
x 0 0
x 0 0
x 0 0
x 0 0
x 0 0
x 0 0
x 0 0
x 0 0
x 0 0
x 0 0
x 0 0
x 0 0
x 0 0
x 0 0
x 0 0
x 0 0
x 0 0
x 0 0
x 0 0
x 0 0
x 0 0
x 0 0
x 0 0
x 0 0
x 0 0
x 0 0
x 0 0
x 0 0
x 0 0
#
# 
# Merged from harmonics.
# This data set was submitted by Jean-Pierre LaPointe
# (scipur@collegenotre-dame.qc.ca) 1996-11-29
# The source was the Table des Marees des Grands Ports du Monde, No. 540,
# from the Service Hydrographique et Oceanographique de la Marine - Paris,
# B.P. 426, 29275 Brest Cedex.
#
# 
# rel_pedigree: 1250000000 (Via LaPointe)
# BEGIN HOT COMMENTS
# country: Argentina
# restriction: Non-commercial use only
# datum: CD (SHN)
# confidence: 10
# !units: meters
# !longitude: -64.7000
# !latitude: -54.8000
Bahía Crossley (Isla de los Estados), Tierra del Fuego, Argentina
-03:00 :America/Buenos_Aires
1.7400 meters
J1              0.0140   65.30
K1              0.1830   46.00
K2              0.0580  272.60
L2              0.0220  249.00
M1              0.0130   26.50
M2              0.8530  224.00
x 0 0
x 0 0
x 0 0
x 0 0
N2              0.1520  199.00
2N2             0.0200  174.00
O1              0.1830    7.00
OO1             0.0080   85.00
P1              0.0610   43.10
x 0 0
2Q1             0.0050  328.30
R2              0.0020  270.80
x 0 0
S2              0.2130  269.00
x 0 0
x 0 0
T2              0.0130  267.20
LDA2            0.0060  244.90
MU2             0.0200  179.00
NU2             0.0290  202.40
RHO1            0.0070  350.30
x 0 0
x 0 0
x 0 0
x 0 0
x 0 0
x 0 0
x 0 0
x 0 0
x 0 0
x 0 0
x 0 0
x 0 0
x 0 0
x 0 0
x 0 0
x 0 0
x 0 0
x 0 0
x 0 0
x 0 0
x 0 0
x 0 0
x 0 0
x 0 0
x 0 0
x 0 0
x 0 0
x 0 0
x 0 0
x 0 0
x 0 0
x 0 0
x 0 0
x 0 0
x 0 0
x 0 0
x 0 0
x 0 0
x 0 0
x 0 0
x 0 0
x 0 0
x 0 0
x 0 0
x 0 0
x 0 0
x 0 0
x 0 0
x 0 0
x 0 0
x 0 0
x 0 0
x 0 0
x 0 0
x 0 0
x 0 0
x 0 0
x 0 0
x 0 0
x 0 0
x 0 0
x 0 0
x 0 0
x 0 0
x 0 0
x 0 0
x 0 0
x 0 0
x 0 0
x 0 0
x 0 0
#
# 
# MAGDALENA BAY, B.C.S., MEXICO ---------- 24d38. 'N 112d09. 'W--(MGDLNBAY.TD4)
# OLD DATA
# IHO from U.S. Hydrog. Office data 1894, 1 month. + inferred constituents
#
# 
# rel_pedigree: 1000000000 (Approximated or converted data)
# BEGIN HOT COMMENTS
# country: Mexico
# restriction: Non-commercial use only
# datum: MLLW
# confidence: 10
# !units: meters
# !longitude: -112.1392
# !latitude: 24.6351
Bahía Magdalena, Baja California Sur, México
-07:00 :America/Mazatlan
0.8200 meters
J1              0.0140   71.20
K1              0.2410   77.90
K2              0.0820  266.70
L2              0.0580  258.60
M1              0.0120   84.70
M2              0.4850  265.40
x 0 0
x 0 0
x 0 0
x 0 0
N2              0.1190  271.20
2N2             0.0160  277.00
O1              0.1710   91.50
OO1             0.0070   64.30
P1              0.0790   78.40
Q1              0.0330   98.20
2Q1             0.0040  105.00
R2              0.0020  267.40
x 0 0
S2              0.3080  267.30
x 0 0
x 0 0
T2              0.0180  267.20
LDA2            0.0030  266.30
MU2             0.0120  263.50
NU2             0.0230  270.40
RHO1            0.0060   97.30
x 0 0
x 0 0
x 0 0
x 0 0
x 0 0
x 0 0
x 0 0
x 0 0
x 0 0
x 0 0
x 0 0
x 0 0
x 0 0
x 0 0
x 0 0
x 0 0
x 0 0
x 0 0
x 0 0
x 0 0
x 0 0
x 0 0
x 0 0
x 0 0
x 0 0
x 0 0
x 0 0
x 0 0
x 0 0
x 0 0
x 0 0
x 0 0
x 0 0
x 0 0
x 0 0
x 0 0
x 0 0
x 0 0
x 0 0
x 0 0
x 0 0
x 0 0
x 0 0
x 0 0
x 0 0
x 0 0
x 0 0
x 0 0
x 0 0
x 0 0
x 0 0
x 0 0
x 0 0
x 0 0
x 0 0
x 0 0
x 0 0
x 0 0
x 0 0
x 0 0
x 0 0
x 0 0
x 0 0
x 0 0
x 0 0
x 0 0
x 0 0
x 0 0
x 0 0
x 0 0
x 0 0
#
# 
# SAN JUANICO BAY, B.C.S., MEXICO -------- 26d15. 'N 112d28. 'W--(SNJNCOBY.TD4)
# OLD DATA
# IHO from US Hydro office, 51 days, 1893  + inferred constituents
#
# 
# rel_pedigree: 1000000000 (Approximated or converted data)
# BEGIN HOT COMMENTS
# country: Mexico
# restriction: Non-commercial use only
# datum: MLLW
# confidence: 10
# !units: meters
# !longitude: -112.4769
# !latitude: 26.2511
Bahía San Juanico, Baja California Sur, México
-07:00 :America/Mazatlan
0.8500 meters
J1              0.0070  115.20
K1              0.1250  100.20
K2              0.0850  266.40
L2              0.0240  336.20
M1              0.0060   85.10
M2              0.5240  268.00
x 0 0
x 0 0
x 0 0
x 0 0
N2              0.1040  272.90
2N2             0.0140  277.80
O1              0.0880   69.90
OO1             0.0040  130.50
P1              0.0400  100.80
Q1              0.0170   54.90
2Q1             0.0020   39.80
R2              0.0020  266.90
x 0 0
S2              0.3110  266.90
x 0 0
x 0 0
T2              0.0180  266.90
LDA2            0.0040  267.50
MU2             0.0130  269.10
NU2             0.0200  272.20
RHO1            0.0030   56.90
x 0 0
x 0 0
x 0 0
x 0 0
x 0 0
x 0 0
x 0 0
x 0 0
x 0 0
x 0 0
x 0 0
x 0 0
x 0 0
x 0 0
x 0 0
x 0 0
x 0 0
x 0 0
x 0 0
x 0 0
x 0 0
x 0 0
x 0 0
x 0 0
x 0 0
x 0 0
x 0 0
x 0 0
x 0 0
x 0 0
x 0 0
x 0 0
x 0 0
x 0 0
x 0 0
x 0 0
x 0 0
x 0 0
x 0 0
x 0 0
x 0 0
x 0 0
x 0 0
x 0 0
x 0 0
x 0 0
x 0 0
x 0 0
x 0 0
x 0 0
x 0 0
x 0 0
x 0 0
x 0 0
x 0 0
x 0 0
x 0 0
x 0 0
x 0 0
x 0 0
x 0 0
x 0 0
x 0 0
x 0 0
x 0 0
x 0 0
x 0 0
x 0 0
x 0 0
x 0 0
x 0 0
#
# 
# Merged from harmonics.
# This data set was submitted by Jean-Pierre LaPointe
# (scipur@collegenotre-dame.qc.ca) 1996-11-29
# The source was the Table des Marees des Grands Ports du Monde, No. 540,
# from the Service Hydrographique et Oceanographique de la Marine - Paris,
# B.P. 426, 29275 Brest Cedex.
#
# 
# rel_pedigree: 1250000000 (Via LaPointe)
# BEGIN HOT COMMENTS
# country: Argentina
# restriction: Non-commercial use only
# datum: CD (SHN)
# confidence: 10
# !units: meters
# !longitude: -67.6695
# !latitude: -49.2474
Bahía San Julián (Punta Peña), Santa Cruz, Argentina
-03:00 :America/Buenos_Aires
3.9600 meters
J1              0.0160  137.30
K1              0.2380  112.00
K2              0.1890   39.90
L2              0.0790   14.00
M1              0.0140   86.50
M2              2.8260  348.00
x 0 0
x 0 0
x 0 0
x 0 0
N2              0.5490  322.00
2N2             0.0730  296.00
O1              0.2040   61.00
OO1             0.0090  163.00
P1              0.0790  108.20
x 0 0
2Q1             0.0050   10.40
R2              0.0060   37.90
x 0 0
S2              0.6950   36.00
x 0 0
x 0 0
T2              0.0410   34.10
LDA2            0.0200   10.30
MU2             0.0680  300.00
NU2             0.1070  325.50
RHO1            0.0080   39.10
x 0 0
x 0 0
x 0 0
x 0 0
x 0 0
x 0 0
x 0 0
x 0 0
x 0 0
x 0 0
x 0 0
x 0 0
x 0 0
x 0 0
x 0 0
x 0 0
x 0 0
x 0 0
x 0 0
x 0 0
x 0 0
x 0 0
x 0 0
x 0 0
x 0 0
x 0 0
x 0 0
x 0 0
x 0 0
x 0 0
x 0 0
x 0 0
x 0 0
x 0 0
x 0 0
x 0 0
x 0 0
x 0 0
x 0 0
x 0 0
x 0 0
x 0 0
x 0 0
x 0 0
x 0 0
x 0 0
x 0 0
x 0 0
x 0 0
x 0 0
x 0 0
x 0 0
x 0 0
x 0 0
x 0 0
x 0 0
x 0 0
x 0 0
x 0 0
x 0 0
x 0 0
x 0 0
x 0 0
x 0 0
x 0 0
x 0 0
x 0 0
x 0 0
x 0 0
x 0 0
x 0 0
#
# 
# Merged from harmonics.
# This data set was submitted by Jean-Pierre LaPointe
# (scipur@collegenotre-dame.qc.ca) 1996-11-29
# The source was the Table des Marees des Grands Ports du Monde, No. 540,
# from the Service Hydrographique et Oceanographique de la Marine - Paris,
# B.P. 426, 29275 Brest Cedex.
#
# 
# rel_pedigree: 1250000000 (Via LaPointe)
# BEGIN HOT COMMENTS
# country: Argentina
# restriction: Non-commercial use only
# datum: CD (SHN)
# confidence: 10
# !units: meters
# !longitude: -68.4573
# !latitude: -53.2966
Bahía San Sebastián, Tierra del Fuego, Argentina
-03:00 :America/Buenos_Aires
5.3900 meters
J1              0.0190   79.80
K1              0.2440   61.00
K2              0.2650  321.20
L2              0.0920  292.00
M1              0.0170   42.00
M2              3.2920  265.00
x 0 0
x 0 0
x 0 0
x 0 0
N2              0.6400  238.00
2N2             0.0850  211.00
O1              0.2440   23.00
OO1             0.0100   99.00
P1              0.0810   58.20
x 0 0
2Q1             0.0060  345.30
R2              0.0080  319.10
x 0 0
S2              0.9750  317.00
x 0 0
x 0 0
T2              0.0580  314.90
LDA2            0.0230  289.10
MU2             0.0790  213.00
NU2             0.1240  241.60
RHO1            0.0090    6.70
x 0 0
x 0 0
x 0 0
x 0 0
x 0 0
x 0 0
x 0 0
x 0 0
x 0 0
x 0 0
x 0 0
x 0 0
x 0 0
x 0 0
x 0 0
x 0 0
x 0 0
x 0 0
x 0 0
x 0 0
x 0 0
x 0 0
x 0 0
x 0 0
x 0 0
x 0 0
x 0 0
x 0 0
x 0 0
x 0 0
x 0 0
x 0 0
x 0 0
x 0 0
x 0 0
x 0 0
x 0 0
x 0 0
x 0 0
x 0 0
x 0 0
x 0 0
x 0 0
x 0 0
x 0 0
x 0 0
x 0 0
x 0 0
x 0 0
x 0 0
x 0 0
x 0 0
x 0 0
x 0 0
x 0 0
x 0 0
x 0 0
x 0 0
x 0 0
x 0 0
x 0 0
x 0 0
x 0 0
x 0 0
x 0 0
x 0 0
x 0 0
x 0 0
x 0 0
x 0 0
x 0 0
#
# 
# Merged from harmonics.
# This data set was submitted by Jean-Pierre LaPointe
# (scipur@collegenotre-dame.qc.ca) 1996-11-29
# The source was the Table des Marees des Grands Ports du Monde, No. 540,
# from the Service Hydrographique et Oceanographique de la Marine - Paris,
# B.P. 426, 29275 Brest Cedex.
#
# 
# rel_pedigree: 1250000000 (Via LaPointe)
# BEGIN HOT COMMENTS
# country: Argentina
# restriction: Non-commercial use only
# datum: CD (SHN)
# confidence: 10
# !units: meters
# !longitude: -65.2502
# !latitude: -54.6408
Bahía Thetis, Tierra del Fuego, Argentina
-03:00 :America/Buenos_Aires
2.1900 meters
J1              0.0150   57.90
K1              0.1830   42.00
K2              0.0850  261.70
L2              0.0350  237.00
M1              0.0130   26.00
M2              1.2670  212.00
x 0 0
x 0 0
x 0 0
x 0 0
N2              0.2460  187.00
2N2             0.0330  162.00
O1              0.1890   10.00
OO1             0.0080   74.00
P1              0.0610   39.60
x 0 0
2Q1             0.0050  338.30
R2              0.0030  259.80
x 0 0
S2              0.3140  258.00
x 0 0
x 0 0
T2              0.0190  256.20
LDA2            0.0090  233.30
MU2             0.0300  166.00
NU2             0.0480  190.40
RHO1            0.0070  356.30
x 0 0
x 0 0
x 0 0
x 0 0
x 0 0
x 0 0
x 0 0
x 0 0
x 0 0
x 0 0
x 0 0
x 0 0
x 0 0
x 0 0
x 0 0
x 0 0
x 0 0
x 0 0
x 0 0
x 0 0
x 0 0
x 0 0
x 0 0
x 0 0
x 0 0
x 0 0
x 0 0
x 0 0
x 0 0
x 0 0
x 0 0
x 0 0
x 0 0
x 0 0
x 0 0
x 0 0
x 0 0
x 0 0
x 0 0
x 0 0
x 0 0
x 0 0
x 0 0
x 0 0
x 0 0
x 0 0
x 0 0
x 0 0
x 0 0
x 0 0
x 0 0
x 0 0
x 0 0
x 0 0
x 0 0
x 0 0
x 0 0
x 0 0
x 0 0
x 0 0
x 0 0
x 0 0
x 0 0
x 0 0
x 0 0
x 0 0
x 0 0
x 0 0
x 0 0
x 0 0
x 0 0
#
# 
# BALLENAS BAY, B.C.S., MEXICO ----------- 26d43. 'N 113d34. 'W--(BLLNSBAY.TD4)
# OLD DATA
# IHO from US C&GS 36 days, 1890
#
# 
# rel_pedigree: 1000000000 (Approximated or converted data)
# BEGIN HOT COMMENTS
# country: Mexico
# restriction: Non-commercial use only
# datum: MLLW
# confidence: 10
# !units: meters
# !longitude: -113.5742
# !latitude: 26.7084
Bahía de Ballenas, Baja California Sur, México
-07:00 :America/Mazatlan
1.0100 meters
J1              0.0040   96.50
K1              0.1310   98.30
K2              0.0880  291.60
L2              0.1100  355.40
M1              0.0040  100.20
M2              0.6520  285.20
x 0 0
x 0 0
x 0 0
x 0 0
N2              0.2130  230.10
2N2             0.0280  175.00
O1              0.0520  102.00
OO1             0.0020   94.60
P1              0.0430   98.90
Q1              0.0100  103.80
2Q1             0.0010  105.70
R2              0.0030  292.40
x 0 0
S2              0.3260  292.10
x 0 0
x 0 0
T2              0.0190  291.80
LDA2            0.0050  288.40
MU2             0.0160  278.30
NU2             0.0410  237.50
RHO1            0.0020  103.60
x 0 0
x 0 0
x 0 0
x 0 0
x 0 0
x 0 0
x 0 0
x 0 0
x 0 0
x 0 0
x 0 0
x 0 0
x 0 0
x 0 0
x 0 0
x 0 0
x 0 0
x 0 0
x 0 0
x 0 0
x 0 0
x 0 0
x 0 0
x 0 0
x 0 0
x 0 0
x 0 0
x 0 0
x 0 0
x 0 0
x 0 0
x 0 0
x 0 0
x 0 0
x 0 0
x 0 0
x 0 0
x 0 0
x 0 0
x 0 0
x 0 0
x 0 0
x 0 0
x 0 0
x 0 0
x 0 0
x 0 0
x 0 0
x 0 0
x 0 0
x 0 0
x 0 0
x 0 0
x 0 0
x 0 0
x 0 0
x 0 0
x 0 0
x 0 0
x 0 0
x 0 0
x 0 0
x 0 0
x 0 0
x 0 0
x 0 0
x 0 0
x 0 0
x 0 0
x 0 0
x 0 0
#
# 
# Merged from harmonics.
# This data set was submitted by Jean-Pierre LaPointe
# (scipur@collegenotre-dame.qc.ca) 1996-11-29
# The source was the Table des Marees des Grands Ports du Monde, No. 540,
# from the Service Hydrographique et Oceanographique de la Marine - Paris,
# B.P. 426, 29275 Brest Cedex.
#
# 
# rel_pedigree: 1250000000 (Via LaPointe)
# BEGIN HOT COMMENTS
# country: Indonesia
# restriction: Non-commercial use only
# datum: MLLW
# confidence: 10
# !units: meters
# !longitude: 116.8000
# !latitude: -1.2667
Balikpapan, Borneo, Indonesia
+08:00 :Asia/Ujung_Pandang
1.4000 meters
J1              0.0100  296.90
K1              0.1300  280.00
K2              0.1600  222.60
L2              0.0110  176.00
M1              0.0090  263.00
M2              0.5900  148.00
x 0 0
x 0 0
x 0 0
x 0 0
N2              0.0800  120.00
2N2             0.0110   92.00
O1              0.1300  246.00
OO1             0.0060  314.00
P1              0.0430  277.50
x 0 0
2Q1             0.0030  212.30
R2              0.0050  219.80
x 0 0
S2              0.5900  217.00
x 0 0
x 0 0
T2              0.0350  214.20
LDA2            0.0040  180.00
MU2             0.0140   79.00
NU2             0.0160  123.80
RHO1            0.0050  231.40
x 0 0
x 0 0
x 0 0
x 0 0
x 0 0
x 0 0
x 0 0
x 0 0
x 0 0
x 0 0
x 0 0
x 0 0
x 0 0
x 0 0
x 0 0
x 0 0
x 0 0
x 0 0
x 0 0
x 0 0
x 0 0
x 0 0
x 0 0
x 0 0
x 0 0
x 0 0
x 0 0
x 0 0
x 0 0
x 0 0
x 0 0
x 0 0
x 0 0
x 0 0
x 0 0
x 0 0
x 0 0
x 0 0
x 0 0
x 0 0
x 0 0
x 0 0
x 0 0
x 0 0
x 0 0
x 0 0
x 0 0
x 0 0
x 0 0
x 0 0
x 0 0
x 0 0
x 0 0
x 0 0
x 0 0
x 0 0
x 0 0
x 0 0
x 0 0
x 0 0
x 0 0
x 0 0
x 0 0
x 0 0
x 0 0
x 0 0
x 0 0
x 0 0
x 0 0
x 0 0
x 0 0
#
# 
# Merged from harmonics.
# This data set was submitted by Jean-Pierre LaPointe
# (scipur@collegenotre-dame.qc.ca) 1996-11-29
# The source was the Table des Marees des Grands Ports du Monde, No. 540,
# from the Service Hydrographique et Oceanographique de la Marine - Paris,
# B.P. 426, 29275 Brest Cedex.
#
# 
# rel_pedigree: 1250000000 (Via LaPointe)
# BEGIN HOT COMMENTS
# country: Indonesia
# restriction: Non-commercial use only
# datum: MLLW
# confidence: 10
# !units: meters
# !longitude: 129.8947
# !latitude: -4.5270
Banda Harbour (Naira), Indonesia
+09:00 :Asia/Jayapura
1.3000 meters
J1              0.0140  332.90
K1              0.2900  320.00
K2              0.0600  120.20
L2              0.0160   70.00
M1              0.0130  307.00
M2              0.5700   37.00
x 0 0
x 0 0
x 0 0
x 0 0
N2              0.1100    4.00
2N2             0.0150  331.00
O1              0.1800  294.00
OO1             0.0080  346.00
P1              0.0960  318.10
x 0 0
2Q1             0.0050  268.20
R2              0.0020  117.10
x 0 0
S2              0.2200  114.00
x 0 0
x 0 0
T2              0.0130  110.90
LDA2            0.0040   72.70
MU2             0.0140  320.00
NU2             0.0210    8.40
RHO1            0.0070  282.80
x 0 0
x 0 0
x 0 0
x 0 0
x 0 0
x 0 0
x 0 0
x 0 0
x 0 0
x 0 0
x 0 0
x 0 0
x 0 0
x 0 0
x 0 0
x 0 0
x 0 0
x 0 0
x 0 0
x 0 0
x 0 0
x 0 0
x 0 0
x 0 0
x 0 0
x 0 0
x 0 0
x 0 0
x 0 0
x 0 0
x 0 0
x 0 0
x 0 0
x 0 0
x 0 0
x 0 0
x 0 0
x 0 0
x 0 0
x 0 0
x 0 0
x 0 0
x 0 0
x 0 0
x 0 0
x 0 0
x 0 0
x 0 0
x 0 0
x 0 0
x 0 0
x 0 0
x 0 0
x 0 0
x 0 0
x 0 0
x 0 0
x 0 0
x 0 0
x 0 0
x 0 0
x 0 0
x 0 0
x 0 0
x 0 0
x 0 0
x 0 0
x 0 0
x 0 0
x 0 0
x 0 0
#
# 
# Merged from harmonics.
# This data set was submitted by Jean-Pierre LaPointe
# (scipur@collegenotre-dame.qc.ca) 1996-11-29
# The source was the Table des Marees des Grands Ports du Monde, No. 540,
# from the Service Hydrographique et Oceanographique de la Marine - Paris,
# B.P. 426, 29275 Brest Cedex.
#
# 
# rel_pedigree: 1250000000 (Via LaPointe)
# BEGIN HOT COMMENTS
# country: Iran
# restriction: Non-commercial use only
# datum: MLLW
# confidence: 10
# !units: meters
# !longitude: 56.2827
# !latitude: 27.1739
Bandar Abbas, Iran
+03:30 :Asia/Tehran
2.2000 meters
J1              0.0160   70.00
K1              0.3380   64.00
K2              0.0980  336.90
L2              0.0310  316.00
M1              0.0150   58.00
M2              1.0000  298.00
x 0 0
M4              0.0370  156.00
x 0 0
x 0 0
N2              0.2190  280.00
2N2             0.0290  262.00
O1              0.2070   52.00
OO1             0.0090   76.00
P1              0.1120   63.10
x 0 0
2Q1             0.0050   40.10
R2              0.0030  335.40
x 0 0
S2              0.3600  334.00
x 0 0
x 0 0
T2              0.0210  332.60
LDA2            0.0070  314.70
MU2             0.0240  262.00
NU2             0.0420  282.40
RHO1            0.0080   46.90
x 0 0
x 0 0
x 0 0
MS4             0.0300  246.00
x 0 0
x 0 0
x 0 0
x 0 0
x 0 0
x 0 0
x 0 0
x 0 0
x 0 0
x 0 0
x 0 0
x 0 0
x 0 0
x 0 0
x 0 0
x 0 0
x 0 0
x 0 0
x 0 0
x 0 0
x 0 0
x 0 0
x 0 0
x 0 0
x 0 0
x 0 0
x 0 0
x 0 0
x 0 0
x 0 0
x 0 0
x 0 0
x 0 0
x 0 0
x 0 0
x 0 0
x 0 0
x 0 0
x 0 0
x 0 0
x 0 0
x 0 0
x 0 0
x 0 0
x 0 0
x 0 0
x 0 0
x 0 0
x 0 0
x 0 0
x 0 0
x 0 0
x 0 0
x 0 0
x 0 0
x 0 0
x 0 0
x 0 0
x 0 0
x 0 0
x 0 0
x 0 0
x 0 0
x 0 0
x 0 0
x 0 0
x 0 0
#
# 
# Merged from harmonics.
# This data set was submitted by Jean-Pierre LaPointe
# (scipur@collegenotre-dame.qc.ca) 1996-11-29
# The source was the Table des Marees des Grands Ports du Monde, No. 540,
# from the Service Hydrographique et Oceanographique de la Marine - Paris,
# B.P. 426, 29275 Brest Cedex.
#
# 
# rel_pedigree: 1250000000 (Via LaPointe)
# BEGIN HOT COMMENTS
# country: Iran
# restriction: Non-commercial use only
# datum: MLLW
# confidence: 10
# !units: meters
# !longitude: 54.8866
# !latitude: 26.5478
Bandar Lengeh, Iran
+03:30 :Asia/Tehran
1.5200 meters
J1              0.0170  145.80
K1              0.3260  127.00
K2              0.0610   30.30
L2              0.0180    6.00
M1              0.0160  108.00
M2              0.5970  346.00
x 0 0
M4              0.0180  265.00
x 0 0
x 0 0
N2              0.1280  326.00
2N2             0.0170  306.00
O1              0.2190   89.00
OO1             0.0090  165.00
P1              0.1080  124.20
x 0 0
2Q1             0.0060   51.30
R2              0.0020   28.60
x 0 0
S2              0.2260   27.00
x 0 0
x 0 0
T2              0.0130   25.40
LDA2            0.0040    5.00
MU2             0.0140  305.00
NU2             0.0250  328.70
RHO1            0.0080   72.70
x 0 0
x 0 0
x 0 0
MS4             0.0120  338.00
x 0 0
x 0 0
x 0 0
x 0 0
x 0 0
x 0 0
x 0 0
x 0 0
x 0 0
x 0 0
x 0 0
x 0 0
x 0 0
x 0 0
x 0 0
x 0 0
x 0 0
x 0 0
x 0 0
x 0 0
x 0 0
x 0 0
x 0 0
x 0 0
x 0 0
x 0 0
x 0 0
x 0 0
x 0 0
x 0 0
x 0 0
x 0 0
x 0 0
x 0 0
x 0 0
x 0 0
x 0 0
x 0 0
x 0 0
x 0 0
x 0 0
x 0 0
x 0 0
x 0 0
x 0 0
x 0 0
x 0 0
x 0 0
x 0 0
x 0 0
x 0 0
x 0 0
x 0 0
x 0 0
x 0 0
x 0 0
x 0 0
x 0 0
x 0 0
x 0 0
x 0 0
x 0 0
x 0 0
x 0 0
x 0 0
x 0 0
x 0 0
#
# 
# Merged from harmonics.
# This data set was submitted by Jean-Pierre LaPointe
# (scipur@collegenotre-dame.qc.ca) 1996-11-29
# The source was the Table des Marees des Grands Ports du Monde, No. 540,
# from the Service Hydrographique et Oceanographique de la Marine - Paris,
# B.P. 426, 29275 Brest Cedex.
#
# 
# rel_pedigree: 1250000000 (Via LaPointe)
# BEGIN HOT COMMENTS
# country: Thailand
# restriction: Non-commercial use only
# datum: MLLW
# confidence: 10
# !units: meters
# !longitude: 100.5833
# !latitude: 13.4500
Bangkok Bar, Samut Prakan, Thailand
+07:00 :Asia/Bangkok
2.4700 meters
J1              0.0350  182.30
K1              0.6710  161.00
K2              0.0760  214.80
L2              0.0130  170.00
M1              0.0320  139.50
M2              0.5500  138.00
x 0 0
M4              0.0060  164.00
x 0 0
x 0 0
N2              0.0890  106.00
2N2             0.0120   74.00
O1              0.4490  118.00
OO1             0.0190  204.00
P1              0.2220  157.80
Q1              0.0870   95.00
2Q1             0.0120   75.30
R2              0.0020  211.80
x 0 0
S2              0.2800  209.00
x 0 0
x 0 0
T2              0.0170  206.20
LDA2            0.0040  170.90
MU2             0.0130   67.00
NU2             0.0170  110.30
RHO1            0.0170   99.60
x 0 0
x 0 0
x 0 0
MS4             0.0080  233.00
x 0 0
x 0 0
x 0 0
x 0 0
x 0 0
x 0 0
x 0 0
x 0 0
x 0 0
x 0 0
x 0 0
x 0 0
x 0 0
x 0 0
x 0 0
x 0 0
x 0 0
x 0 0
x 0 0
x 0 0
x 0 0
x 0 0
x 0 0
x 0 0
x 0 0
x 0 0
x 0 0
x 0 0
x 0 0
x 0 0
x 0 0
x 0 0
x 0 0
x 0 0
x 0 0
x 0 0
x 0 0
x 0 0
x 0 0
x 0 0
x 0 0
x 0 0
x 0 0
x 0 0
x 0 0
x 0 0
x 0 0
x 0 0
x 0 0
x 0 0
x 0 0
x 0 0
x 0 0
x 0 0
x 0 0
x 0 0
x 0 0
x 0 0
x 0 0
x 0 0
x 0 0
x 0 0
x 0 0
x 0 0
x 0 0
x 0 0
x 0 0
#
# 
# Merged from harmonics.
# This data set was submitted by Jean-Pierre LaPointe
# (scipur@collegenotre-dame.qc.ca) 1996-11-29
# The source was the Table des Marees des Grands Ports du Monde, No. 540,
# from the Service Hydrographique et Oceanographique de la Marine - Paris,
# B.P. 426, 29275 Brest Cedex.
#
# 
# rel_pedigree: 1250000000 (Via LaPointe)
# BEGIN HOT COMMENTS
# country: Gambia
# restriction: Non-commercial use only
# datum: MLLW
# confidence: 10
# !units: meters
# !longitude: -16.5716
# !latitude: 13.4444
Banjul, Gambia
+00:00 :Africa/Banjul
1.0100 meters
J1              0.0030   59.10
K1              0.0910    9.00
K2              0.0510  320.60
L2              0.0170  310.00
M1              0.0030  318.50
M2              0.5670  286.00
x 0 0
M4              0.0370    8.00
x 0 0
x 0 0
N2              0.1160  262.00
2N2             0.0150  238.00
O1              0.0370  268.00
OO1             0.0020  110.00
P1              0.0300    1.40
x 0 0
2Q1             0.0010  167.80
R2              0.0020  319.30
x 0 0
S2              0.1890  318.00
x 0 0
x 0 0
T2              0.0110  316.70
LDA2            0.0040  300.80
MU2             0.0140  254.00
NU2             0.0230  265.20
RHO1            0.0010  224.70
x 0 0
x 0 0
x 0 0
MS4             0.0180   45.00
x 0 0
x 0 0
x 0 0
x 0 0
x 0 0
x 0 0
x 0 0
x 0 0
x 0 0
x 0 0
x 0 0
x 0 0
x 0 0
x 0 0
x 0 0
x 0 0
x 0 0
x 0 0
x 0 0
x 0 0
x 0 0
x 0 0
x 0 0
x 0 0
x 0 0
x 0 0
x 0 0
x 0 0
x 0 0
x 0 0
x 0 0
x 0 0
x 0 0
x 0 0
x 0 0
x 0 0
x 0 0
x 0 0
x 0 0
x 0 0
x 0 0
x 0 0
x 0 0
x 0 0
x 0 0
x 0 0
x 0 0
x 0 0
x 0 0
x 0 0
x 0 0
x 0 0
x 0 0
x 0 0
x 0 0
x 0 0
x 0 0
x 0 0
x 0 0
x 0 0
x 0 0
x 0 0
x 0 0
x 0 0
x 0 0
x 0 0
x 0 0
#
# 
# Merged from harmonics.
# This data set was submitted by Jean-Pierre LaPointe
# (scipur@collegenotre-dame.qc.ca) 1996-11-29
# The source was the Table des Marees des Grands Ports du Monde, No. 540,
# from the Service Hydrographique et Oceanographique de la Marine - Paris,
# B.P. 426, 29275 Brest Cedex.
#
# 
# rel_pedigree: 1250000000 (Via LaPointe)
# BEGIN HOT COMMENTS
# country: United Kingdom
# restriction: Non-commercial use only
# datum: ACD
# confidence: 10
# !units: meters
# !longitude: -3.2215
# !latitude: 54.0964
Barrow-in-Furness (Ramsden Dock), England, United Kingdom
+00:00 :Europe/London
4.9600 meters
J1              0.0090  265.40
K1              0.1200  193.00
K2              0.2720   18.60
L2              0.0830  355.00
M1              0.0080  120.00
M2              3.0800  331.00
x 0 0
M4              0.1900  252.00
x 0 0
x 0 0
N2              0.5800  307.00
2N2             0.0770  283.00
O1              0.1100   47.00
OO1             0.0050  339.00
P1              0.0400  182.10
Q1              0.0300  332.00
2Q1             0.0030  262.20
R2              0.0080   16.80
x 0 0
S2              1.0000   15.00
x 0 0
x 0 0
T2              0.0590   13.20
LDA2            0.0220  351.40
MU2             0.0740  287.00
NU2             0.1130  310.20
RHO1            0.0040  344.40
x 0 0
x 0 0
MN4             0.0800  218.00
MS4             0.1200  296.00
x 0 0
x 0 0
x 0 0
x 0 0
SA              0.1600  234.00
x 0 0
x 0 0
x 0 0
x 0 0
x 0 0
x 0 0
x 0 0
x 0 0
x 0 0
x 0 0
x 0 0
x 0 0
x 0 0
x 0 0
x 0 0
x 0 0
x 0 0
x 0 0
x 0 0
x 0 0
x 0 0
x 0 0
x 0 0
x 0 0
x 0 0
x 0 0
x 0 0
x 0 0
x 0 0
x 0 0
x 0 0
x 0 0
x 0 0
x 0 0
x 0 0
x 0 0
x 0 0
x 0 0
x 0 0
x 0 0
x 0 0
x 0 0
x 0 0
x 0 0
x 0 0
x 0 0
x 0 0
x 0 0
x 0 0
x 0 0
x 0 0
x 0 0
x 0 0
x 0 0
x 0 0
x 0 0
x 0 0
x 0 0
x 0 0
x 0 0
x 0 0
x 0 0
#
# 
# Merged from harmonics.
# This data set was submitted by Jean-Pierre LaPointe
# (scipur@collegenotre-dame.qc.ca) 1996-11-29
# The source was the Table des Marees des Grands Ports du Monde, No. 540,
# from the Service Hydrographique et Oceanographique de la Marine - Paris,
# B.P. 426, 29275 Brest Cedex.
#
# 
# rel_pedigree: 1250000000 (Via LaPointe)
# BEGIN HOT COMMENTS
# country: United Kingdom
# restriction: Non-commercial use only
# datum: ACD
# confidence: 10
# !units: meters
# !longitude: -3.2606
# !latitude: 51.3928
Barry, Wales, United Kingdom
+00:00 :Europe/London
6.1100 meters
J1              0.0060  208.50
K1              0.1040  141.00
K2              0.3880  242.20
L2              0.0850  207.00
M1              0.0050   73.00
M2              3.8160  186.00
x 0 0
M4              0.1220   32.00
x 0 0
x 0 0
N2              0.5940  165.00
2N2             0.0790  144.00
O1              0.0730    5.00
OO1             0.0030  277.00
P1              0.0340  130.80
Q1              0.0180  312.00
2Q1             0.0020  230.10
R2              0.0110  240.10
x 0 0
S2              1.4260  238.00
x 0 0
x 0 0
T2              0.0840  235.90
LDA2            0.0270  210.10
MU2             0.0920  134.00
NU2             0.1150  167.80
RHO1            0.0030  306.70
x 0 0
x 0 0
MN4             0.0610  348.00
MS4             0.0490   61.00
x 0 0
x 0 0
x 0 0
x 0 0
x 0 0
x 0 0
x 0 0
x 0 0
x 0 0
x 0 0
x 0 0
x 0 0
x 0 0
x 0 0
x 0 0
x 0 0
x 0 0
x 0 0
x 0 0
x 0 0
x 0 0
x 0 0
x 0 0
x 0 0
x 0 0
x 0 0
x 0 0
x 0 0
x 0 0
x 0 0
x 0 0
x 0 0
x 0 0
x 0 0
x 0 0
x 0 0
x 0 0
x 0 0
x 0 0
x 0 0
x 0 0
x 0 0
x 0 0
x 0 0
x 0 0
x 0 0
x 0 0
x 0 0
x 0 0
x 0 0
x 0 0
x 0 0
x 0 0
x 0 0
x 0 0
x 0 0
x 0 0
x 0 0
x 0 0
x 0 0
x 0 0
x 0 0
x 0 0
x 0 0
x 0 0
x 0 0
x 0 0
#
# 
# Merged from harmonics.
# This data set was submitted by Jean-Pierre LaPointe
# (scipur@collegenotre-dame.qc.ca) 1996-11-29
# The source was the Table des Marees des Grands Ports du Monde, No. 540,
# from the Service Hydrographique et Oceanographique de la Marine - Paris,
# B.P. 426, 29275 Brest Cedex.
#
# 
# rel_pedigree: 1250000000 (Via LaPointe)
# BEGIN HOT COMMENTS
# country: Iraq
# restriction: Non-commercial use only
# datum: MLLW
# confidence: 10
# !units: meters
# !longitude: 47.8500
# !latitude: 30.5167
Basra, Iraq
+03:00 :Asia/Baghdad
1.4900 meters
J1              0.0090   45.90
K1              0.2140   28.00
K2              0.0270  172.60
L2              0.0090  115.00
M1              0.0080   10.00
M2              0.3260   84.00
x 0 0
M4              0.0430   92.00
x 0 0
x 0 0
N2              0.0660   53.00
2N2             0.0090   22.00
O1              0.1170  352.00
OO1             0.0050   64.00
P1              0.0710   25.30
Q1              0.0210  345.00
2Q1             0.0030  316.30
R2              0.0010  169.30
x 0 0
S2              0.1000  166.00
x 0 0
x 0 0
T2              0.0060  162.70
LDA2            0.0020  122.00
MU2             0.0080    2.00
NU2             0.0130   57.20
RHO1            0.0040  336.60
x 0 0
x 0 0
MN4             0.0200   52.00
MS4             0.0310  171.00
x 0 0
x 0 0
x 0 0
x 0 0
SA              0.5650   60.00
x 0 0
x 0 0
x 0 0
x 0 0
x 0 0
x 0 0
x 0 0
x 0 0
x 0 0
x 0 0
x 0 0
x 0 0
x 0 0
x 0 0
x 0 0
x 0 0
x 0 0
x 0 0
x 0 0
x 0 0
x 0 0
x 0 0
x 0 0
x 0 0
x 0 0
x 0 0
x 0 0
x 0 0
x 0 0
x 0 0
x 0 0
x 0 0
x 0 0
x 0 0
x 0 0
x 0 0
x 0 0
x 0 0
x 0 0
x 0 0
x 0 0
x 0 0
x 0 0
x 0 0
x 0 0
x 0 0
x 0 0
x 0 0
x 0 0
x 0 0
x 0 0
x 0 0
x 0 0
x 0 0
x 0 0
x 0 0
x 0 0
x 0 0
x 0 0
x 0 0
x 0 0
x 0 0
#
# 
# Merged from harmonics.
# This data set was submitted by Jean-Pierre LaPointe
# (scipur@collegenotre-dame.qc.ca) 1996-11-29
# The source was the Table des Marees des Grands Ports du Monde, No. 540,
# from the Service Hydrographique et Oceanographique de la Marine - Paris,
# B.P. 426, 29275 Brest Cedex.
#
# 
# rel_pedigree: 1250000000 (Via LaPointe)
# BEGIN HOT COMMENTS
# country: Myanmar
# restriction: Non-commercial use only
# datum: MLLW
# confidence: 10
# !units: meters
# !longitude: 94.2796
# !latitude: 15.8664
Thamihla Kyun (Bassein Estuary), Myanmar
+06:30 :Asia/Rangoon
1.4300 meters
J1              0.0040  355.90
K1              0.1290  344.00
K2              0.0830  323.20
L2              0.0200  292.00
M1              0.0030  332.00
M2              0.6680  281.00
x 0 0
M4              0.0110   33.00
x 0 0
x 0 0
N2              0.1380  270.00
2N2             0.0180  259.00
O1              0.0490  320.00
OO1             0.0020    8.00
P1              0.0430  342.20
Q1              0.0030  256.00
2Q1             0.0010  296.20
R2              0.0020  321.60
x 0 0
S2              0.3040  320.00
x 0 0
x 0 0
T2              0.0180  318.40
LDA2            0.0050  299.10
MU2             0.0160  242.00
NU2             0.0270  271.50
RHO1            0.0020  309.70
x 0 0
x 0 0
MN4             0.0190  253.00
MS4             0.0080   58.00
x 0 0
x 0 0
x 0 0
x 0 0
SA              0.1930  158.00
x 0 0
x 0 0
x 0 0
x 0 0
x 0 0
x 0 0
x 0 0
x 0 0
x 0 0
x 0 0
x 0 0
x 0 0
x 0 0
x 0 0
x 0 0
x 0 0
x 0 0
x 0 0
x 0 0
x 0 0
x 0 0
x 0 0
x 0 0
x 0 0
x 0 0
x 0 0
x 0 0
x 0 0
x 0 0
x 0 0
x 0 0
x 0 0
x 0 0
x 0 0
x 0 0
x 0 0
x 0 0
x 0 0
x 0 0
x 0 0
x 0 0
x 0 0
x 0 0
x 0 0
x 0 0
x 0 0
x 0 0
x 0 0
x 0 0
x 0 0
x 0 0
x 0 0
x 0 0
x 0 0
x 0 0
x 0 0
x 0 0
x 0 0
x 0 0
x 0 0
x 0 0
x 0 0
#
# 
# Merged from harmonics.
# This data set was submitted by Jean-Pierre LaPointe
# (scipur@collegenotre-dame.qc.ca) 1996-11-29
# The source was the Table des Marees des Grands Ports du Monde, No. 540,
# from the Service Hydrographique et Oceanographique de la Marine - Paris,
# B.P. 426, 29275 Brest Cedex.
#
# 
# rel_pedigree: 1250000000 (Via LaPointe)
# BEGIN HOT COMMENTS
# country: Myanmar
# restriction: Non-commercial use only
# datum: MLLW
# confidence: 10
# !units: meters
# !longitude: 94.7300
# !latitude: 16.7790
Pathein (Bassein River), Myanmar
+06:30 :Asia/Rangoon
1.6200 meters
J1              0.0040   57.90
K1              0.1120   51.00
K2              0.0600  102.90
L2              0.0160   59.00
M1              0.0040   44.00
M2              0.6750   51.00
x 0 0
M4              0.0720  335.00
x 0 0
x 0 0
N2              0.1120   43.00
2N2             0.0150   35.00
O1              0.0510   37.00
OO1             0.0020   65.00
P1              0.0370   50.00
Q1              0.0060   47.00
2Q1             0.0010   23.10
R2              0.0020  100.90
x 0 0
S2              0.2200   99.00
x 0 0
x 0 0
T2              0.0130   97.10
LDA2            0.0050   73.30
MU2             0.0160    3.00
NU2             0.0220   44.10
RHO1            0.0020   31.00
x 0 0
x 0 0
MN4             0.0260  325.00
MS4             0.0550   25.00
x 0 0
x 0 0
x 0 0
x 0 0
SA              0.6840  157.00
x 0 0
x 0 0
x 0 0
x 0 0
x 0 0
x 0 0
x 0 0
x 0 0
x 0 0
x 0 0
x 0 0
x 0 0
x 0 0
x 0 0
x 0 0
x 0 0
x 0 0
x 0 0
x 0 0
x 0 0
x 0 0
x 0 0
x 0 0
x 0 0
x 0 0
x 0 0
x 0 0
x 0 0
x 0 0
x 0 0
x 0 0
x 0 0
x 0 0
x 0 0
x 0 0
x 0 0
x 0 0
x 0 0
x 0 0
x 0 0
x 0 0
x 0 0
x 0 0
x 0 0
x 0 0
x 0 0
x 0 0
x 0 0
x 0 0
x 0 0
x 0 0
x 0 0
x 0 0
x 0 0
x 0 0
x 0 0
x 0 0
x 0 0
x 0 0
x 0 0
x 0 0
x 0 0
#
# 
# Merged from harmonics.
# This data set was submitted by Jean-Pierre LaPointe
# (scipur@collegenotre-dame.qc.ca) 1996-11-29
# The source was the Table des Marees des Grands Ports du Monde, No. 540,
# from the Service Hydrographique et Oceanographique de la Marine - Paris,
# B.P. 426, 29275 Brest Cedex.
#
# 
# rel_pedigree: 1250000000 (Via LaPointe)
# BEGIN HOT COMMENTS
# country: Equatorial Guinea
# restriction: Non-commercial use only
# datum: MLLW
# confidence: 10
# !units: meters
# !longitude: 9.7705
# !latitude: 1.8727
Bata, Equatorial Guinea
+00:00 :Africa/Malabo
1.1000 meters
J1              0.0050   43.10
K1              0.1040  358.00
K2              0.0480  127.40
L2              0.0080  100.00
M1              0.0040  312.50
M2              0.4880   95.00
x 0 0
M4              0.0160  317.00
x 0 0
x 0 0
N2              0.0530   90.00
2N2             0.0070   85.00
O1              0.0600  267.00
OO1             0.0030   89.00
P1              0.0340  351.20
Q1              0.0120  226.00
2Q1             0.0020  176.70
R2              0.0010  126.20
x 0 0
S2              0.1760  125.00
x 0 0
x 0 0
T2              0.0100  123.80
LDA2            0.0030  108.90
MU2             0.0120   65.00
NU2             0.0100   90.70
RHO1            0.0020  228.00
x 0 0
x 0 0
x 0 0
MS4             0.0070   61.00
x 0 0
x 0 0
x 0 0
x 0 0
x 0 0
x 0 0
x 0 0
x 0 0
x 0 0
x 0 0
x 0 0
x 0 0
x 0 0
x 0 0
x 0 0
x 0 0
x 0 0
x 0 0
x 0 0
x 0 0
x 0 0
x 0 0
x 0 0
x 0 0
x 0 0
x 0 0
x 0 0
x 0 0
x 0 0
x 0 0
x 0 0
x 0 0
x 0 0
x 0 0
x 0 0
x 0 0
x 0 0
x 0 0
x 0 0
x 0 0
x 0 0
x 0 0
x 0 0
x 0 0
x 0 0
x 0 0
x 0 0
x 0 0
x 0 0
x 0 0
x 0 0
x 0 0
x 0 0
x 0 0
x 0 0
x 0 0
x 0 0
x 0 0
x 0 0
x 0 0
x 0 0
x 0 0
x 0 0
x 0 0
x 0 0
x 0 0
x 0 0
#
# 
# Merged from harmonics.
# This entry was converted automatically from a TD4 file.
# Time of conversion:  1997-05-25 15:02 EDT
#
# 
# BEACHLEY (AUST), SEVERN R, ENGLAND ---- 51d36. 'N 002d38. 'W--(BEACHLEY.TD4)
#
# 
# ATT DATA #518 - NEAR CHEPSTOW ------------------------------------------------
#
# 
# rel_pedigree: 1000000000 (Approximated or converted data)
# BEGIN HOT COMMENTS
# country: United Kingdom
# restriction: Non-commercial use only
# datum: ACD
# confidence: 10
# !units: meters
# !longitude: -2.6347
# !latitude: 51.6002
Beachley (Aust), River Severn, England, United Kingdom
+00:00 :Europe/London
6.4300 meters
J1              0.0070  248.30
K1              0.0300  161.00
K2              0.3640  277.00
L2              0.1160  243.20
M1              0.0060   73.00
M2              4.1500  210.00
x 0 0
M4              0.4820  355.00
M6              0.0710  285.00
x 0 0
N2              0.8050  176.80
2N2             0.1080  143.50
O1              0.0900  345.00
OO1             0.0040  337.00
P1              0.0100  147.80
Q1              0.0170  257.70
2Q1             0.0020  170.40
R2              0.0110  274.50
x 0 0
S2              1.3400  272.00
S4              0.0500  119.00
S6              0.0020  111.00
T2              0.0790  269.50
LDA2            0.0290  238.80
MU2             0.1000  148.00
NU2             0.1580  181.20
RHO1            0.0030  269.50
x 0 0
x 0 0
MN4             0.1870  321.80
MS4             0.3110   57.00
x 0 0
x 0 0
MSF             0.1700   73.20
x 0 0
SA              0.0320  235.70
SSA             0.0290  291.40
x 0 0
x 0 0
x 0 0
x 0 0
x 0 0
x 0 0
x 0 0
x 0 0
x 0 0
x 0 0
x 0 0
x 0 0
x 0 0
x 0 0
x 0 0
x 0 0
x 0 0
x 0 0
x 0 0
x 0 0
x 0 0
x 0 0
x 0 0
x 0 0
x 0 0
x 0 0
x 0 0
x 0 0
x 0 0
x 0 0
x 0 0
x 0 0
x 0 0
x 0 0
x 0 0
x 0 0
x 0 0
x 0 0
x 0 0
x 0 0
x 0 0
x 0 0
x 0 0
x 0 0
x 0 0
x 0 0
x 0 0
x 0 0
x 0 0
x 0 0
x 0 0
x 0 0
x 0 0
x 0 0
x 0 0
x 0 0
x 0 0
x 0 0
x 0 0
x 0 0
x 0 0
#
# 
# Merged from harmonics.
# This data set was submitted by Jean-Pierre LaPointe
# (scipur@collegenotre-dame.qc.ca) 1996-11-29
# The source was the Table des Marees des Grands Ports du Monde, No. 540,
# from the Service Hydrographique et Oceanographique de la Marine - Paris,
# B.P. 426, 29275 Brest Cedex.
#
# 
# rel_pedigree: 1250000000 (Via LaPointe)
# BEGIN HOT COMMENTS
# country: Mozambique
# restriction: Non-commercial use only
# datum: MLLW
# confidence: 10
# !units: meters
# !longitude: 34.8327
# !latitude: -19.8261
Beira, Moçambique
+02:00 :Africa/Maputo
3.5600 meters
J1              0.0040   49.90
K1              0.0120   40.00
K2              0.2830  174.70
L2              0.0400  138.00
M1              0.0040   30.00
M2              1.7690  125.00
x 0 0
M4              0.1040  216.00
x 0 0
x 0 0
N2              0.2780  112.00
2N2             0.0370   99.00
O1              0.0520   20.00
OO1             0.0020   60.00
P1              0.0040   38.50
Q1              0.0150    0.00
2Q1             0.0010    0.20
R2              0.0080  172.80
x 0 0
S2              1.0400  171.00
x 0 0
x 0 0
T2              0.0610  169.20
LDA2            0.0120  146.30
MU2             0.0420   79.00
NU2             0.0540  113.70
RHO1            0.0020   11.40
x 0 0
x 0 0
x 0 0
MS4             0.0790  216.00
x 0 0
x 0 0
x 0 0
x 0 0
SA              0.1490  327.00
x 0 0
x 0 0
x 0 0
x 0 0
x 0 0
x 0 0
x 0 0
x 0 0
x 0 0
x 0 0
x 0 0
x 0 0
x 0 0
x 0 0
x 0 0
x 0 0
x 0 0
x 0 0
x 0 0
x 0 0
x 0 0
x 0 0
x 0 0
x 0 0
x 0 0
x 0 0
x 0 0
x 0 0
x 0 0
x 0 0
x 0 0
x 0 0
x 0 0
x 0 0
x 0 0
x 0 0
x 0 0
x 0 0
x 0 0
x 0 0
x 0 0
x 0 0
x 0 0
x 0 0
x 0 0
x 0 0
x 0 0
x 0 0
x 0 0
x 0 0
x 0 0
x 0 0
x 0 0
x 0 0
x 0 0
x 0 0
x 0 0
x 0 0
x 0 0
x 0 0
x 0 0
x 0 0
#
# 
# Merged from harmonics.
# This data set was submitted by Jean-Pierre LaPointe
# (scipur@collegenotre-dame.qc.ca) 1996-11-29
# The source was the Table des Marees des Grands Ports du Monde, No. 540,
# from the Service Hydrographique et Oceanographique de la Marine - Paris,
# B.P. 426, 29275 Brest Cedex.
#
# 
# rel_pedigree: 1250000000 (Via LaPointe)
# BEGIN HOT COMMENTS
# country: Indonesia
# restriction: Non-commercial use only
# datum: MLLW
# confidence: 10
# !units: meters
# !longitude: 98.7049
# !latitude: 3.7882
Belawan, Sumatra, Indonesia
+07:00 :Asia/Jakarta
1.5000 meters
J1              0.0030   20.70
K1              0.2100  347.00
K2              0.0870   73.20
L2              0.0170   37.00
M1              0.0030  313.00
M2              0.6100   30.00
x 0 0
x 0 0
x 0 0
x 0 0
N2              0.1200   23.00
2N2             0.0160   16.00
O1              0.0400  279.00
OO1             0.0020   55.00
P1              0.0700  341.90
x 0 0
2Q1             0.0010  211.50
R2              0.0030   71.60
x 0 0
S2              0.3200   70.00
x 0 0
x 0 0
T2              0.0190   68.40
LDA2            0.0040   48.60
MU2             0.0150  350.00
NU2             0.0230   23.90
RHO1            0.0020  249.80
x 0 0
x 0 0
x 0 0
x 0 0
x 0 0
x 0 0
x 0 0
x 0 0
x 0 0
x 0 0
x 0 0
x 0 0
x 0 0
x 0 0
x 0 0
x 0 0
x 0 0
x 0 0
x 0 0
x 0 0
x 0 0
x 0 0
x 0 0
x 0 0
x 0 0
x 0 0
x 0 0
x 0 0
x 0 0
x 0 0
x 0 0
x 0 0
x 0 0
x 0 0
x 0 0
x 0 0
x 0 0
x 0 0
x 0 0
x 0 0
x 0 0
x 0 0
x 0 0
x 0 0
x 0 0
x 0 0
x 0 0
x 0 0
x 0 0
x 0 0
x 0 0
x 0 0
x 0 0
x 0 0
x 0 0
x 0 0
x 0 0
x 0 0
x 0 0
x 0 0
x 0 0
x 0 0
x 0 0
x 0 0
x 0 0
x 0 0
x 0 0
x 0 0
x 0 0
x 0 0
x 0 0
#
# 
# Merged from harmonics.
# This data set was submitted by Jean-Pierre LaPointe
# (scipur@collegenotre-dame.qc.ca) 1996-11-29
# The source was the Table des Marees des Grands Ports du Monde, No. 540,
# from the Service Hydrographique et Oceanographique de la Marine - Paris,
# B.P. 426, 29275 Brest Cedex.
#
# 
# rel_pedigree: 1250000000 (Via LaPointe)
# BEGIN HOT COMMENTS
# country: United Kingdom
# restriction: Non-commercial use only
# datum: ACD
# confidence: 10
# !units: meters
# !longitude: -5.9215
# !latitude: 54.6014
Belfast (Lagan Weir), Northern Ireland, United Kingdom
+00:00 :Europe/Belfast
2.0100 meters
J1              0.0080  260.90
K1              0.1050  187.00
K2              0.0790  355.00
L2              0.0320  345.00
M1              0.0070  112.50
M2              1.1960  315.00
x 0 0
M4              0.0240   47.00
x 0 0
x 0 0
N2              0.2260  285.00
2N2             0.0300  255.00
O1              0.0950   38.00
OO1             0.0040  336.00
P1              0.0350  175.80
Q1              0.0280    5.00
2Q1             0.0020  250.20
R2              0.0020  353.50
x 0 0
S2              0.2900  352.00
x 0 0
x 0 0
T2              0.0170  350.50
LDA2            0.0080  332.20
MU2             0.0290  278.00
NU2             0.0440  289.00
RHO1            0.0040  334.10
x 0 0
x 0 0
MN4             0.0050   62.00
MS4             0.0180   74.00
x 0 0
x 0 0
x 0 0
x 0 0
SA              0.0820  229.00
x 0 0
x 0 0
x 0 0
x 0 0
x 0 0
x 0 0
x 0 0
x 0 0
x 0 0
x 0 0
x 0 0
x 0 0
x 0 0
x 0 0
x 0 0
x 0 0
x 0 0
x 0 0
x 0 0
x 0 0
x 0 0
x 0 0
x 0 0
x 0 0
x 0 0
x 0 0
x 0 0
x 0 0
x 0 0
x 0 0
x 0 0
x 0 0
x 0 0
x 0 0
x 0 0
x 0 0
x 0 0
x 0 0
x 0 0
x 0 0
x 0 0
x 0 0
x 0 0
x 0 0
x 0 0
x 0 0
x 0 0
x 0 0
x 0 0
x 0 0
x 0 0
x 0 0
x 0 0
x 0 0
x 0 0
x 0 0
x 0 0
x 0 0
x 0 0
x 0 0
x 0 0
x 0 0
#
# 
# Merged from harmonics.
# This data set was submitted by Jean-Pierre LaPointe
# (scipur@collegenotre-dame.qc.ca) 1996-11-29
# The source was the Table des Marees des Grands Ports du Monde, No. 540,
# from the Service Hydrographique et Oceanographique de la Marine - Paris,
# B.P. 426, 29275 Brest Cedex.
#
# 
# rel_pedigree: 1250000000 (Via LaPointe)
# BEGIN HOT COMMENTS
# country: Somalia
# restriction: Non-commercial use only
# datum: MLLW
# confidence: 10
# !units: meters
# !longitude: 45.0028
# !latitude: 10.4408
Berbera, Somalia
+03:00 :Africa/Mogadishu
1.5600 meters
J1              0.0150   32.00
K1              0.4570   34.00
K2              0.0550  248.80
L2              0.0190  234.00
M1              0.0140   36.00
M2              0.4750  225.00
x 0 0
M4              0.0120  270.00
x 0 0
x 0 0
N2              0.1310  216.00
2N2             0.0170  207.00
O1              0.1920   38.00
OO1             0.0080   30.00
P1              0.1510   34.30
x 0 0
2Q1             0.0050   42.00
R2              0.0020  247.90
x 0 0
S2              0.2010  247.00
x 0 0
x 0 0
T2              0.0120  246.10
LDA2            0.0030  235.20
MU2             0.0110  203.00
NU2             0.0250  217.20
RHO1            0.0070   39.70
x 0 0
x 0 0
x 0 0
MS4             0.0060   14.00
x 0 0
x 0 0
x 0 0
x 0 0
x 0 0
x 0 0
x 0 0
x 0 0
x 0 0
x 0 0
x 0 0
x 0 0
x 0 0
x 0 0
x 0 0
x 0 0
x 0 0
x 0 0
x 0 0
x 0 0
x 0 0
x 0 0
x 0 0
x 0 0
x 0 0
x 0 0
x 0 0
x 0 0
x 0 0
x 0 0
x 0 0
x 0 0
x 0 0
x 0 0
x 0 0
x 0 0
x 0 0
x 0 0
x 0 0
x 0 0
x 0 0
x 0 0
x 0 0
x 0 0
x 0 0
x 0 0
x 0 0
x 0 0
x 0 0
x 0 0
x 0 0
x 0 0
x 0 0
x 0 0
x 0 0
x 0 0
x 0 0
x 0 0
x 0 0
x 0 0
x 0 0
x 0 0
x 0 0
x 0 0
x 0 0
x 0 0
x 0 0
#
# 
# Merged from harmonics.
# This data set was submitted by Jean-Pierre LaPointe
# (scipur@collegenotre-dame.qc.ca) 1996-11-29
# The source was the Table des Marees des Grands Ports du Monde, No. 540,
# from the Service Hydrographique et Oceanographique de la Marine - Paris,
# B.P. 426, 29275 Brest Cedex.
#
# 
# rel_pedigree: 1250000000 (Via LaPointe)
# BEGIN HOT COMMENTS
# country: India
# restriction: Non-commercial use only
# datum: LAT
# confidence: 10
# !units: meters
# !longitude: 75.8037
# !latitude: 11.1633
Beypore, Kerala, India
+05:30 :Asia/Calcutta
0.8800 meters
J1              0.0080   48.00
K1              0.2160   51.00
K2              0.0270   21.00
L2              0.0090  353.00
M1              0.0070   54.00
M2              0.2870  328.00
x 0 0
M4              0.0060   38.00
x 0 0
x 0 0
N2              0.0610  303.00
2N2             0.0080  278.00
O1              0.1050   57.00
OO1             0.0050   45.00
P1              0.0710   51.50
Q1              0.0250   66.00
2Q1             0.0030   63.00
R2              0.0010   19.00
x 0 0
S2              0.1010   17.00
x 0 0
x 0 0
T2              0.0060   15.00
LDA2            0.0020  350.70
MU2             0.0070  279.00
NU2             0.0120  306.40
RHO1            0.0040   59.60
x 0 0
x 0 0
MN4             0.0100  350.00
MS4             0.0030   74.00
x 0 0
x 0 0
x 0 0
x 0 0
SA              0.0940  311.00
x 0 0
x 0 0
x 0 0
x 0 0
x 0 0
x 0 0
x 0 0
x 0 0
x 0 0
x 0 0
x 0 0
x 0 0
x 0 0
x 0 0
x 0 0
x 0 0
x 0 0
x 0 0
x 0 0
x 0 0
x 0 0
x 0 0
x 0 0
x 0 0
x 0 0
x 0 0
x 0 0
x 0 0
x 0 0
x 0 0
x 0 0
x 0 0
x 0 0
x 0 0
x 0 0
x 0 0
x 0 0
x 0 0
x 0 0
x 0 0
x 0 0
x 0 0
x 0 0
x 0 0
x 0 0
x 0 0
x 0 0
x 0 0
x 0 0
x 0 0
x 0 0
x 0 0
x 0 0
x 0 0
x 0 0
x 0 0
x 0 0
x 0 0
x 0 0
x 0 0
x 0 0
x 0 0
#
# 
# Merged from harmonics.
# This data set was submitted by Jean-Pierre LaPointe
# (scipur@collegenotre-dame.qc.ca) 1996-11-29
# The source was the Table des Marees des Grands Ports du Monde, No. 540,
# from the Service Hydrographique et Oceanographique de la Marine - Paris,
# B.P. 426, 29275 Brest Cedex.
#
# 
# rel_pedigree: 1250000000 (Via LaPointe)
# BEGIN HOT COMMENTS
# country: India
# restriction: Non-commercial use only
# datum: LAT
# confidence: 10
# !units: meters
# !longitude: 72.2328
# !latitude: 21.7605
Bhavnagar, Gujarat, India
+05:30 :Asia/Calcutta
6.2400 meters
J1              0.0260   99.90
K1              0.7740   90.00
K2              0.2650  193.70
L2              0.1070  171.00
M1              0.0240   80.00
M2              3.1240  144.00
x 0 0
M4              0.2990  190.00
x 0 0
x 0 0
N2              0.7470  117.00
2N2             0.0990   90.00
O1              0.3350   70.00
OO1             0.0140  110.00
P1              0.2560   88.50
x 0 0
2Q1             0.0090   50.20
R2              0.0080  191.80
x 0 0
S2              0.9750  190.00
x 0 0
x 0 0
T2              0.0580  188.20
LDA2            0.0220  165.30
MU2             0.0750   98.00
NU2             0.1450  120.60
RHO1            0.0130   61.40
x 0 0
x 0 0
x 0 0
MS4             0.2070  237.00
x 0 0
x 0 0
x 0 0
x 0 0
x 0 0
x 0 0
x 0 0
x 0 0
x 0 0
x 0 0
x 0 0
x 0 0
x 0 0
x 0 0
x 0 0
x 0 0
x 0 0
x 0 0
x 0 0
x 0 0
x 0 0
x 0 0
x 0 0
x 0 0
x 0 0
x 0 0
x 0 0
x 0 0
x 0 0
x 0 0
x 0 0
x 0 0
x 0 0
x 0 0
x 0 0
x 0 0
x 0 0
x 0 0
x 0 0
x 0 0
x 0 0
x 0 0
x 0 0
x 0 0
x 0 0
x 0 0
x 0 0
x 0 0
x 0 0
x 0 0
x 0 0
x 0 0
x 0 0
x 0 0
x 0 0
x 0 0
x 0 0
x 0 0
x 0 0
x 0 0
x 0 0
x 0 0
x 0 0
x 0 0
x 0 0
x 0 0
x 0 0
#
# 
# Merged from harmonics.
# This data set was submitted by Jean-Pierre LaPointe
# (scipur@collegenotre-dame.qc.ca) 1996-11-29
# The source was the Table des Marees des Grands Ports du Monde, No. 540,
# from the Service Hydrographique et Oceanographique de la Marine - Paris,
# B.P. 426, 29275 Brest Cedex.
#
# 
# rel_pedigree: 1250000000 (Via LaPointe)
# BEGIN HOT COMMENTS
# country: Guinea-Bissau
# restriction: Non-commercial use only
# datum: MLLW
# confidence: 10
# !units: meters
# !longitude: -15.5774
# !latitude: 11.8580
Bissau, Guinea-Bissau
-01:00 :Africa/Bissau
2.8900 meters
J1              0.0040   74.60
K1              0.1200   19.00
K2              0.1330    0.50
L2              0.0460  347.00
M1              0.0040  323.00
M2              1.8100  314.00
x 0 0
M4              0.1100  149.00
x 0 0
x 0 0
N2              0.3200  281.00
2N2             0.0430  248.00
O1              0.0500  267.00
OO1             0.0020  131.00
P1              0.0400   10.60
x 0 0
2Q1             0.0010  155.90
R2              0.0040  358.70
x 0 0
S2              0.4900  357.00
x 0 0
x 0 0
T2              0.0290  355.30
LDA2            0.0130  334.00
MU2             0.0430  271.00
NU2             0.0620  285.40
RHO1            0.0020  219.00
x 0 0
x 0 0
x 0 0
MS4             0.0800  197.00
x 0 0
x 0 0
x 0 0
x 0 0
x 0 0
x 0 0
x 0 0
x 0 0
x 0 0
x 0 0
x 0 0
x 0 0
x 0 0
x 0 0
x 0 0
x 0 0
x 0 0
x 0 0
x 0 0
x 0 0
x 0 0
x 0 0
x 0 0
x 0 0
x 0 0
x 0 0
x 0 0
x 0 0
x 0 0
x 0 0
x 0 0
x 0 0
x 0 0
x 0 0
x 0 0
x 0 0
x 0 0
x 0 0
x 0 0
x 0 0
x 0 0
x 0 0
x 0 0
x 0 0
x 0 0
x 0 0
x 0 0
x 0 0
x 0 0
x 0 0
x 0 0
x 0 0
x 0 0
x 0 0
x 0 0
x 0 0
x 0 0
x 0 0
x 0 0
x 0 0
x 0 0
x 0 0
x 0 0
x 0 0
x 0 0
x 0 0
x 0 0
#
# 
# Merged from harmonics.
# This data set was submitted by Jean-Pierre LaPointe
# (scipur@collegenotre-dame.qc.ca) 1996-11-29
# The source was the Table des Marees des Grands Ports du Monde, No. 540,
# from the Service Hydrographique et Oceanographique de la Marine - Paris,
# B.P. 426, 29275 Brest Cedex.
#
# 
# rel_pedigree: 1250000000 (Via LaPointe)
# BEGIN HOT COMMENTS
# country: Guinea-Bissau
# restriction: Non-commercial use only
# datum: MLLW
# confidence: 10
# shom_code: BOLAMA
# !units: meters
# !longitude: -15.4710
# !latitude: 11.5788
Bolama, Guinea-Bissau
-01:00 :Africa/Bissau
2.8800 meters
J1              0.0040   57.10
K1              0.1700    9.00
K2              0.1360  332.30
L2              0.0460  307.00
M1              0.0040  320.50
M2              1.7600  288.00
x 0 0
M4              0.0600   27.00
x 0 0
x 0 0
N2              0.3200  269.00
2N2             0.0430  250.00
O1              0.0500  272.00
OO1             0.0020  106.00
P1              0.0560    1.70
x 0 0
2Q1             0.0010  175.80
R2              0.0040  330.60
x 0 0
S2              0.5000  329.00
x 0 0
x 0 0
T2              0.0300  327.40
LDA2            0.0120  307.00
MU2             0.0420  247.00
NU2             0.0620  271.50
RHO1            0.0020  230.40
x 0 0
x 0 0
x 0 0
MS4             0.0300   82.00
x 0 0
x 0 0
x 0 0
x 0 0
x 0 0
x 0 0
x 0 0
x 0 0
x 0 0
x 0 0
x 0 0
x 0 0
x 0 0
x 0 0
x 0 0
x 0 0
x 0 0
x 0 0
x 0 0
x 0 0
x 0 0
x 0 0
x 0 0
x 0 0
x 0 0
x 0 0
x 0 0
x 0 0
x 0 0
x 0 0
x 0 0
x 0 0
x 0 0
x 0 0
x 0 0
x 0 0
x 0 0
x 0 0
x 0 0
x 0 0
x 0 0
x 0 0
x 0 0
x 0 0
x 0 0
x 0 0
x 0 0
x 0 0
x 0 0
x 0 0
x 0 0
x 0 0
x 0 0
x 0 0
x 0 0
x 0 0
x 0 0
x 0 0
x 0 0
x 0 0
x 0 0
x 0 0
x 0 0
x 0 0
x 0 0
x 0 0
x 0 0
#
# 
# Merged from harmonics.
# This data set was submitted by Jean-Pierre LaPointe
# (scipur@collegenotre-dame.qc.ca) 1996-11-29
# The source was the Table des Marees des Grands Ports du Monde, No. 540,
# from the Service Hydrographique et Oceanographique de la Marine - Paris,
# B.P. 426, 29275 Brest Cedex.
#
# 
# rel_pedigree: 1250000000 (Via LaPointe)
# BEGIN HOT COMMENTS
# country: Philippines
# restriction: Non-commercial use only
# datum: MLLW
# confidence: 10
# !units: meters
# !longitude: 119.8978
# !latitude: 16.3940
Bolinao, Philippines
+08:00 :Asia/Manila
0.2700 meters
J1              0.0160  335.80
K1              0.2600  313.00
K2              0.0100  308.90
L2              0.0030  289.00
M1              0.0150  290.00
M2              0.0960  270.00
x 0 0
M4              0.0060  341.00
x 0 0
x 0 0
N2              0.0190  251.00
2N2             0.0030  232.00
O1              0.2080  267.00
OO1             0.0090  359.00
P1              0.0860  309.60
x 0 0
2Q1             0.0050  221.40
x 0 0
x 0 0
S2              0.0360  306.00
x 0 0
x 0 0
T2              0.0020  304.60
LDA2            0.0010  286.70
MU2             0.0020  234.00
NU2             0.0040  253.50
RHO1            0.0080  247.30
x 0 0
x 0 0
x 0 0
x 0 0
x 0 0
x 0 0
x 0 0
x 0 0
x 0 0
x 0 0
x 0 0
x 0 0
x 0 0
x 0 0
x 0 0
x 0 0
x 0 0
x 0 0
x 0 0
x 0 0
x 0 0
x 0 0
x 0 0
x 0 0
x 0 0
x 0 0
x 0 0
x 0 0
x 0 0
x 0 0
x 0 0
x 0 0
x 0 0
x 0 0
x 0 0
x 0 0
x 0 0
x 0 0
x 0 0
x 0 0
x 0 0
x 0 0
x 0 0
x 0 0
x 0 0
x 0 0
x 0 0
x 0 0
x 0 0
x 0 0
x 0 0
x 0 0
x 0 0
x 0 0
x 0 0
x 0 0
x 0 0
x 0 0
x 0 0
x 0 0
x 0 0
x 0 0
x 0 0
x 0 0
x 0 0
x 0 0
x 0 0
x 0 0
x 0 0
x 0 0
x 0 0
#
# 
# Merged from harmonics.
# This data set was submitted by Jean-Pierre LaPointe
# (scipur@collegenotre-dame.qc.ca) 1996-11-29
# The source was the Table des Marees des Grands Ports du Monde, No. 540,
# from the Service Hydrographique et Oceanographique de la Marine - Paris,
# B.P. 426, 29275 Brest Cedex.
#
# 
# Toggled sign on longitude.  -- DWF
#
# 
# rel_pedigree: 1250000000 (Via LaPointe)
# BEGIN HOT COMMENTS
# country: India
# restriction: Non-commercial use only
# datum: LAT
# confidence: 10
# ioc_code: mumb
# psmsl_id: 1732
# ssc_id: SSC-mumb
# !units: meters
# !longitude: 72.8188
# !latitude: 18.9045
Mumbai (Colaba), Maharashtra, India
+05:30 :Asia/Calcutta
2.5200 meters
J1              0.0160   58.00
K1              0.4250   56.00
K2              0.1300   28.20
L2              0.0410    3.00
M1              0.0140   54.00
M2              1.2270  345.00
x 0 0
M4              0.0350  332.00
x 0 0
x 0 0
N2              0.2870  327.00
2N2             0.0380  309.00
O1              0.2010   52.00
OO1             0.0090   60.00
P1              0.1410   55.70
Q1              0.0410   58.00
2Q1             0.0050   48.00
R2              0.0040   26.60
x 0 0
S2              0.4790   25.00
x 0 0
x 0 0
T2              0.0280   23.40
LDA2            0.0090    3.60
MU2             0.0290  305.00
NU2             0.0560  329.40
RHO1            0.0080   50.30
x 0 0
x 0 0
MN4             0.0070  296.00
MS4             0.0320   43.00
x 0 0
x 0 0
x 0 0
x 0 0
SA              0.0430   33.00
x 0 0
x 0 0
x 0 0
x 0 0
x 0 0
x 0 0
x 0 0
x 0 0
x 0 0
x 0 0
x 0 0
x 0 0
x 0 0
x 0 0
x 0 0
x 0 0
x 0 0
x 0 0
x 0 0
x 0 0
x 0 0
x 0 0
x 0 0
x 0 0
x 0 0
x 0 0
x 0 0
x 0 0
x 0 0
x 0 0
x 0 0
x 0 0
x 0 0
x 0 0
x 0 0
x 0 0
x 0 0
x 0 0
x 0 0
x 0 0
x 0 0
x 0 0
x 0 0
x 0 0
x 0 0
x 0 0
x 0 0
x 0 0
x 0 0
x 0 0
x 0 0
x 0 0
x 0 0
x 0 0
x 0 0
x 0 0
x 0 0
x 0 0
x 0 0
x 0 0
x 0 0
x 0 0
#
# 
# Merged from harmonics.
# This data set was submitted by Jean-Pierre LaPointe
# (scipur@collegenotre-dame.qc.ca) 1996-11-29
# The source was the Table des Marees des Grands Ports du Monde, No. 540,
# from the Service Hydrographique et Oceanographique de la Marine - Paris,
# B.P. 426, 29275 Brest Cedex.
#
# 
# rel_pedigree: 1250000000 (Via LaPointe)
# BEGIN HOT COMMENTS
# country: Nigeria
# restriction: Non-commercial use only
# datum: MLLW
# confidence: 10
# !units: meters
# !longitude: 7.1667
# !latitude: 4.4500
Bonny, Nigeria
+01:00 :Africa/Lagos
1.4600 meters
J1              0.0020   37.40
K1              0.1300   19.00
K2              0.0630  189.00
L2              0.0200  149.00
M1              0.0010    0.50
M2              0.7070  149.00
x 0 0
M4              0.0610  111.00
x 0 0
x 0 0
N2              0.1370  149.00
2N2             0.0180  149.00
O1              0.0190  342.00
OO1             0.0010   56.00
P1              0.0430   16.20
Q1              0.0060  196.00
x 0 0
R2              0.0020  187.50
x 0 0
S2              0.2310  186.00
x 0 0
x 0 0
T2              0.0140  184.50
LDA2            0.0050  166.20
MU2             0.0170  112.00
NU2             0.0270  149.00
RHO1            0.0010  326.10
x 0 0
x 0 0
MN4             0.0180   80.00
MS4             0.0340  164.00
x 0 0
x 0 0
x 0 0
x 0 0
SA              0.0740  274.00
x 0 0
x 0 0
x 0 0
x 0 0
x 0 0
x 0 0
x 0 0
x 0 0
x 0 0
x 0 0
x 0 0
x 0 0
x 0 0
x 0 0
x 0 0
x 0 0
x 0 0
x 0 0
x 0 0
x 0 0
x 0 0
x 0 0
x 0 0
x 0 0
x 0 0
x 0 0
x 0 0
x 0 0
x 0 0
x 0 0
x 0 0
x 0 0
x 0 0
x 0 0
x 0 0
x 0 0
x 0 0
x 0 0
x 0 0
x 0 0
x 0 0
x 0 0
x 0 0
x 0 0
x 0 0
x 0 0
x 0 0
x 0 0
x 0 0
x 0 0
x 0 0
x 0 0
x 0 0
x 0 0
x 0 0
x 0 0
x 0 0
x 0 0
x 0 0
x 0 0
x 0 0
x 0 0

#
# 
# Merged from harmonics.
# This data set was submitted by Jean-Pierre LaPointe
# (scipur@collegenotre-dame.qc.ca) 1996-11-29
# The source was the Table des Marees des Grands Ports du Monde, No. 540,
# from the Service Hydrographique et Oceanographique de la Marine - Paris,
# B.P. 426, 29275 Brest Cedex.
#
# 
# rel_pedigree: 1250000000 (Via LaPointe)
# BEGIN HOT COMMENTS
# country: Guinea-Bissau
# restriction: Non-commercial use only
# datum: MLLW
# confidence: 10
# shom_code: BUBAQUE
# !units: meters
# !longitude: -15.8265
# !latitude: 11.2996
Bubaque, Guinea-Bissau
+00:00 :Africa/Bissau
2.5400 meters
J1              0.0040   58.10
K1              0.1000    6.00
K2              0.1090  339.40
L2              0.0360  314.00
M1              0.0040  313.50
M2              1.4500  294.00
x 0 0
M4              0.0300  358.00
x 0 0
x 0 0
N2              0.2500  274.00
2N2             0.0330  254.00
O1              0.0500  261.00
OO1             0.0020  111.00
P1              0.0330  358.10
x 0 0
2Q1             0.0010  156.80
R2              0.0030  337.70
x 0 0
S2              0.4000  336.00
x 0 0
x 0 0
T2              0.0240  334.30
LDA2            0.0100  313.50
MU2             0.0350  252.00
NU2             0.0490  276.70
RHO1            0.0020  216.00
x 0 0
x 0 0
x 0 0
MS4             0.0100   80.00
x 0 0
x 0 0
x 0 0
x 0 0
x 0 0
x 0 0
x 0 0
x 0 0
x 0 0
x 0 0
x 0 0
x 0 0
x 0 0
x 0 0
x 0 0
x 0 0
x 0 0
x 0 0
x 0 0
x 0 0
x 0 0
x 0 0
x 0 0
x 0 0
x 0 0
x 0 0
x 0 0
x 0 0
x 0 0
x 0 0
x 0 0
x 0 0
x 0 0
x 0 0
x 0 0
x 0 0
x 0 0
x 0 0
x 0 0
x 0 0
x 0 0
x 0 0
x 0 0
x 0 0
x 0 0
x 0 0
x 0 0
x 0 0
x 0 0
x 0 0
x 0 0
x 0 0
x 0 0
x 0 0
x 0 0
x 0 0
x 0 0
x 0 0
x 0 0
x 0 0
x 0 0
x 0 0
x 0 0
x 0 0
x 0 0
x 0 0
x 0 0
#
# 
# Merged from harmonics.
# This data set was submitted by Jean-Pierre LaPointe
# (scipur@collegenotre-dame.qc.ca) 1996-11-29
# The source was the Table des Marees des Grands Ports du Monde, No. 540,
# from the Service Hydrographique et Oceanographique de la Marine - Paris,
# B.P. 426, 29275 Brest Cedex.
#
# 
# rel_pedigree: 1250000000 (Via LaPointe)
# BEGIN HOT COMMENTS
# country: Argentina
# restriction: Non-commercial use only
# datum: CD (SHN)
# confidence: 10
# !units: meters
# !longitude: -58.3676
# !latitude: -34.5974
Buenos Aires (Dársena Norte), Buenos Aires, Argentina
-03:00 :America/Buenos_Aires
0.7900 meters
J1              0.0130  312.70
K1              0.0820   40.00
K2              0.0150  289.40
L2              0.0150  247.00
M1              0.0120  128.00
M2              0.2930  204.00
x 0 0
M4              0.0330  292.00
x 0 0
x 0 0
N2              0.1060  161.00
2N2             0.0140  118.00
O1              0.1620  216.00
OO1             0.0070  224.00
P1              0.0270   53.20
Q1              0.0330  168.00
2Q1             0.0040   30.60
x 0 0
x 0 0
S2              0.0560  283.00
x 0 0
x 0 0
T2              0.0030  279.80
LDA2            0.0020  240.70
MU2             0.0070  125.00
NU2             0.0210  166.80
RHO1            0.0060  291.50
x 0 0
x 0 0
MN4             0.0190  256.00
MS4             0.0120   21.00
x 0 0
x 0 0
x 0 0
x 0 0
SA              0.1310  315.00
x 0 0
x 0 0
x 0 0
x 0 0
x 0 0
x 0 0
x 0 0
x 0 0
x 0 0
x 0 0
x 0 0
x 0 0
x 0 0
x 0 0
x 0 0
x 0 0
x 0 0
x 0 0
x 0 0
x 0 0
x 0 0
x 0 0
x 0 0
x 0 0
x 0 0
x 0 0
x 0 0
x 0 0
x 0 0
x 0 0
x 0 0
x 0 0
x 0 0
x 0 0
x 0 0
x 0 0
x 0 0
x 0 0
x 0 0
x 0 0
x 0 0
x 0 0
x 0 0
x 0 0
x 0 0
x 0 0
x 0 0
x 0 0
x 0 0
x 0 0
x 0 0
x 0 0
x 0 0
x 0 0
x 0 0
x 0 0
x 0 0
x 0 0
x 0 0
x 0 0
x 0 0
x 0 0
#
# 
# Merged from harmonics.
# This entry was converted automatically from a TID file
# that Dean found laying around on the net, 11/29/95.
#
# 
# BUENOS AIRES, ARGENTINA --(UNOFFICIAL)-- 34d34.'S  58d23.'W--(BUENARES.TID)
# ENGLISH
# IHO DATA VIA PIEPER - RESID =  .7, RMS =  .2 ----------
# From Tides 2.11 (1992/Feb/10) on ftp://atlantic.ocean.fsu.edu/pub
#
# 
# rel_pedigree: 1500000000 (Via Pieper)
# BEGIN HOT COMMENTS
# country: Argentina
# restriction: Non-commercial use only
# datum: CD (SHN)
# confidence: 10
# !units: feet
# !longitude: -58.3989
# !latitude: -34.5609
Buenos Aires (Muelle de Pescadores), Buenos Aires, Argentina
-03:00 :America/Buenos_Aires
2.5910 feet
J1              0.0490  251.50
K1              0.2690   39.80
K2              0.0720  282.00
L2              0.0680  298.30
M1              0.0420  179.30
M2              0.9610  204.10
M3              0.0160   99.10
M4              0.1080  292.40
M6              0.0290    5.50
x 0 0
N2              0.3470  161.40
2N2             0.0390  148.30
O1              0.5310  216.00
OO1             0.0190  193.20
P1              0.1180   28.70
Q1              0.1080  168.40
2Q1             0.0260  193.30
R2              0.0290   18.50
S1              0.2360  234.40
S2              0.1830  283.30
x 0 0
x 0 0
T2              0.0260  252.30
LDA2            0.0620  270.10
MU2             0.0260   80.70
NU2             0.0720  187.50
RHO1            0.1110  190.30
MK3             0.0320   69.40
x 0 0
MN4             0.0620  255.80
MS4             0.0390   21.30
2SM2            0.0260  225.90
MF              0.1270  289.80
MSF             0.1640  114.90
MM              0.1830   70.70
SA              0.4290  314.60
SSA             0.2260   21.00
x 0 0
x 0 0
x 0 0
x 0 0
x 0 0
x 0 0
x 0 0
x 0 0
x 0 0
x 0 0
x 0 0
x 0 0
x 0 0
x 0 0
x 0 0
x 0 0
x 0 0
x 0 0
x 0 0
x 0 0
x 0 0
x 0 0
x 0 0
x 0 0
x 0 0
x 0 0
x 0 0
x 0 0
x 0 0
x 0 0
x 0 0
x 0 0
x 0 0
x 0 0
x 0 0
x 0 0
x 0 0
x 0 0
x 0 0
x 0 0
x 0 0
x 0 0
x 0 0
x 0 0
x 0 0
x 0 0
x 0 0
x 0 0
x 0 0
x 0 0
x 0 0
x 0 0
x 0 0
x 0 0
x 0 0
x 0 0
x 0 0
x 0 0
x 0 0
x 0 0
x 0 0
#
# 
# Merged from harmonics.
# This data set was submitted by Jean-Pierre LaPointe
# (scipur@collegenotre-dame.qc.ca) 1996-11-29
# The source was the Table des Marees des Grands Ports du Monde, No. 540,
# from the Service Hydrographique et Oceanographique de la Marine - Paris,
# B.P. 426, 29275 Brest Cedex.
#
# 
# rel_pedigree: 1250000000 (Via LaPointe)
# BEGIN HOT COMMENTS
# country: Iran
# restriction: Non-commercial use only
# datum: MLLW
# confidence: 10
# !units: meters
# !longitude: 50.804
# !latitude: 28.919
Bushehr, Iran
+03:30 :Asia/Tehran
0.7600 meters
J1              0.0160  299.30
K1              0.3070  279.00
K2              0.0330  269.40
L2              0.0100  239.00
M1              0.0140  258.50
M2              0.3370  211.00
x 0 0
M4              0.0070  327.00
x 0 0
x 0 0
N2              0.0730  183.00
2N2             0.0100  155.00
O1              0.2040  238.00
OO1             0.0090  320.00
P1              0.1020  275.90
Q1              0.0400  220.00
2Q1             0.0050  197.30
R2              0.0010  267.20
x 0 0
S2              0.1230  265.00
x 0 0
x 0 0
T2              0.0070  262.80
LDA2            0.0020  236.10
MU2             0.0080  157.00
NU2             0.0140  186.80
RHO1            0.0080  220.40
x 0 0
x 0 0
MN4             0.0100  213.00
MS4             0.0070   26.00
x 0 0
x 0 0
x 0 0
x 0 0
SA              0.1050  142.00
x 0 0
x 0 0
x 0 0
x 0 0
x 0 0
x 0 0
x 0 0
x 0 0
x 0 0
x 0 0
x 0 0
x 0 0
x 0 0
x 0 0
x 0 0
x 0 0
x 0 0
x 0 0
x 0 0
x 0 0
x 0 0
x 0 0
x 0 0
x 0 0
x 0 0
x 0 0
x 0 0
x 0 0
x 0 0
x 0 0
x 0 0
x 0 0
x 0 0
x 0 0
x 0 0
x 0 0
x 0 0
x 0 0
x 0 0
x 0 0
x 0 0
x 0 0
x 0 0
x 0 0
x 0 0
x 0 0
x 0 0
x 0 0
x 0 0
x 0 0
x 0 0
x 0 0
x 0 0
x 0 0
x 0 0
x 0 0
x 0 0
x 0 0
x 0 0
x 0 0
x 0 0
x 0 0
#
# 
# Merged from harmonics.
# This data set was submitted by Jean-Pierre LaPointe
# (scipur@collegenotre-dame.qc.ca) 1996-11-29
# The source was the Table des Marees des Grands Ports du Monde, No. 540,
# from the Service Hydrographique et Oceanographique de la Marine - Paris,
# B.P. 426, 29275 Brest Cedex.
#
# 
# rel_pedigree: 1250000000 (Via LaPointe)
# BEGIN HOT COMMENTS
# country: Argentina
# restriction: Non-commercial use only
# datum: CD (SHN)
# confidence: 10
# !units: meters
# !longitude: -66.7000
# !latitude: -54.2833
Cabo San Pablo, Tierra del Fuego, Argentina
-03:00 :America/Buenos_Aires
3.7200 meters
J1              0.0150   60.40
K1              0.2060   45.00
K2              0.1500  292.10
L2              0.0640  263.00
M1              0.0140   29.50
M2              2.3190  237.00
x 0 0
x 0 0
x 0 0
x 0 0
N2              0.4500  211.00
2N2             0.0600  185.00
O1              0.1920   14.00
OO1             0.0080   76.00
P1              0.0680   42.70
x 0 0
2Q1             0.0050  343.20
R2              0.0040  290.00
x 0 0
S2              0.5530  288.00
x 0 0
x 0 0
T2              0.0330  286.00
LDA2            0.0160  260.70
MU2             0.0560  186.00
NU2             0.0870  214.50
RHO1            0.0070    0.70
x 0 0
x 0 0
x 0 0
x 0 0
x 0 0
x 0 0
x 0 0
x 0 0
x 0 0
x 0 0
x 0 0
x 0 0
x 0 0
x 0 0
x 0 0
x 0 0
x 0 0
x 0 0
x 0 0
x 0 0
x 0 0
x 0 0
x 0 0
x 0 0
x 0 0
x 0 0
x 0 0
x 0 0
x 0 0
x 0 0
x 0 0
x 0 0
x 0 0
x 0 0
x 0 0
x 0 0
x 0 0
x 0 0
x 0 0
x 0 0
x 0 0
x 0 0
x 0 0
x 0 0
x 0 0
x 0 0
x 0 0
x 0 0
x 0 0
x 0 0
x 0 0
x 0 0
x 0 0
x 0 0
x 0 0
x 0 0
x 0 0
x 0 0
x 0 0
x 0 0
x 0 0
x 0 0
x 0 0
x 0 0
x 0 0
x 0 0
x 0 0
x 0 0
x 0 0
x 0 0
x 0 0
#
# 
# Merged from harmonics.
# This data set was submitted by Jean-Pierre LaPointe
# (scipur@collegenotre-dame.qc.ca) 1996-11-29
# The source was the Table des Marees des Grands Ports du Monde, No. 540,
# from the Service Hydrographique et Oceanographique de la Marine - Paris,
# B.P. 426, 29275 Brest Cedex.
#
# 
# rel_pedigree: 1250000000 (Via LaPointe)
# BEGIN HOT COMMENTS
# country: Guinea-Bissau
# restriction: Non-commercial use only
# datum: MLLW
# confidence: 10
# !units: meters
# !longitude: -16.1652
# !latitude: 12.2787
Cacheu, Guinea-Bissau
+00:00 :Africa/Bissau
1.6000 meters
J1              0.0030   59.20
K1              0.0800   17.00
K2              0.0650    8.50
L2              0.0210  339.00
M1              0.0030  334.50
M2              0.9200  322.00
x 0 0
M4              0.0900  102.00
x 0 0
x 0 0
N2              0.1500  305.00
2N2             0.0200  288.00
O1              0.0400  292.00
OO1             0.0020  102.00
P1              0.0260   10.60
x 0 0
2Q1             0.0010  207.70
R2              0.0020    6.70
x 0 0
S2              0.2400    5.00
x 0 0
x 0 0
T2              0.0140    3.30
LDA2            0.0060  342.00
MU2             0.0220  279.00
NU2             0.0290  307.30
RHO1            0.0020  255.50
x 0 0
x 0 0
x 0 0
MS4             0.0500  169.00
x 0 0
x 0 0
x 0 0
x 0 0
x 0 0
x 0 0
x 0 0
x 0 0
x 0 0
x 0 0
x 0 0
x 0 0
x 0 0
x 0 0
x 0 0
x 0 0
x 0 0
x 0 0
x 0 0
x 0 0
x 0 0
x 0 0
x 0 0
x 0 0
x 0 0
x 0 0
x 0 0
x 0 0
x 0 0
x 0 0
x 0 0
x 0 0
x 0 0
x 0 0
x 0 0
x 0 0
x 0 0
x 0 0
x 0 0
x 0 0
x 0 0
x 0 0
x 0 0
x 0 0
x 0 0
x 0 0
x 0 0
x 0 0
x 0 0
x 0 0
x 0 0
x 0 0
x 0 0
x 0 0
x 0 0
x 0 0
x 0 0
x 0 0
x 0 0
x 0 0
x 0 0
x 0 0
x 0 0
x 0 0
x 0 0
x 0 0
x 0 0
#
# 
# Merged from harmonics.
# This data set was submitted by Jean-Pierre LaPointe
# (scipur@collegenotre-dame.qc.ca) 1996-11-29
# The source was the Table des Marees des Grands Ports du Monde, No. 540,
# from the Service Hydrographique et Oceanographique de la Marine - Paris,
# B.P. 426, 29275 Brest Cedex.
#
# 
# rel_pedigree: 1250000000 (Via LaPointe)
# BEGIN HOT COMMENTS
# country: Guinea-Bissau
# restriction: Non-commercial use only
# datum: MLLW
# confidence: 10
# !units: meters
# !longitude: -16.2136
# !latitude: 11.9226
Caio, Guinea-Bissau
-01:00 :Africa/Bissau
1.9000 meters
J1              0.0030   39.60
K1              0.0870  351.00
K2              0.0770  311.90
L2              0.0250  295.00
M1              0.0030  302.00
M2              1.0000  273.00
x 0 0
M4              0.0170  283.00
x 0 0
x 0 0
N2              0.1750  251.00
2N2             0.0230  229.00
O1              0.0400  253.00
OO1             0.0020   89.00
P1              0.0290  343.70
Q1              0.0150  186.00
2Q1             0.0010  155.80
R2              0.0020  310.40
x 0 0
S2              0.2830  309.00
x 0 0
x 0 0
T2              0.0170  307.60
LDA2            0.0070  289.70
MU2             0.0240  237.00
NU2             0.0340  253.90
RHO1            0.0020  211.00
x 0 0
x 0 0
x 0 0
MS4             0.0090   13.00
x 0 0
x 0 0
x 0 0
x 0 0
SA              0.0960  133.00
x 0 0
x 0 0
x 0 0
x 0 0
x 0 0
x 0 0
x 0 0
x 0 0
x 0 0
x 0 0
x 0 0
x 0 0
x 0 0
x 0 0
x 0 0
x 0 0
x 0 0
x 0 0
x 0 0
x 0 0
x 0 0
x 0 0
x 0 0
x 0 0
x 0 0
x 0 0
x 0 0
x 0 0
x 0 0
x 0 0
x 0 0
x 0 0
x 0 0
x 0 0
x 0 0
x 0 0
x 0 0
x 0 0
x 0 0
x 0 0
x 0 0
x 0 0
x 0 0
x 0 0
x 0 0
x 0 0
x 0 0
x 0 0
x 0 0
x 0 0
x 0 0
x 0 0
x 0 0
x 0 0
x 0 0
x 0 0
x 0 0
x 0 0
x 0 0
x 0 0
x 0 0
x 0 0
#
# 
# Merged from harmonics.
# This data set was submitted by Jean-Pierre LaPointe
# (scipur@collegenotre-dame.qc.ca) 1996-11-29
# The source was the Table des Marees des Grands Ports du Monde, No. 540,
# from the Service Hydrographique et Oceanographique de la Marine - Paris,
# B.P. 426, 29275 Brest Cedex.
#
# 
# rel_pedigree: 1250000000 (Via LaPointe)
# BEGIN HOT COMMENTS
# country: Nigeria
# restriction: Non-commercial use only
# datum: MLLW
# confidence: 10
# !units: meters
# !longitude: 8.3167
# !latitude: 4.9667
Calabar, Nigeria
+01:00 :Africa/Lagos
1.9500 meters
J1              0.0020   66.40
K1              0.1400   51.00
K2              0.0730  247.20
L2              0.0210  177.00
M1              0.0010   35.50
M2              0.9400  191.00
x 0 0
M4              0.1200  224.00
x 0 0
x 0 0
N2              0.1500  205.00
2N2             0.0200  219.00
O1              0.0200   20.00
OO1             0.0010   82.00
P1              0.0460   48.70
Q1              0.0100  222.00
2Q1             0.0010  349.20
R2              0.0020  245.10
x 0 0
S2              0.2700  243.00
x 0 0
x 0 0
T2              0.0160  240.90
LDA2            0.0070  215.10
MU2             0.0230  139.00
NU2             0.0290  203.10
RHO1            0.0010    6.70
x 0 0
x 0 0
MN4             0.0300  209.00
MS4             0.0700  290.00
x 0 0
x 0 0
x 0 0
x 0 0
SA              0.1000  184.00
x 0 0
x 0 0
x 0 0
x 0 0
x 0 0
x 0 0
x 0 0
x 0 0
x 0 0
x 0 0
x 0 0
x 0 0
x 0 0
x 0 0
x 0 0
x 0 0
x 0 0
x 0 0
x 0 0
x 0 0
x 0 0
x 0 0
x 0 0
x 0 0
x 0 0
x 0 0
x 0 0
x 0 0
x 0 0
x 0 0
x 0 0
x 0 0
x 0 0
x 0 0
x 0 0
x 0 0
x 0 0
x 0 0
x 0 0
x 0 0
x 0 0
x 0 0
x 0 0
x 0 0
x 0 0
x 0 0
x 0 0
x 0 0
x 0 0
x 0 0
x 0 0
x 0 0
x 0 0
x 0 0
x 0 0
x 0 0
x 0 0
x 0 0
x 0 0
x 0 0
x 0 0
x 0 0

#
# 
# Merged from harmonics.
# This data set was submitted by Jean-Pierre LaPointe
# (scipur@collegenotre-dame.qc.ca) 1996-11-29
# The source was the Table des Marees des Grands Ports du Monde, No. 540,
# from the Service Hydrographique et Oceanographique de la Marine - Paris,
# B.P. 426, 29275 Brest Cedex.
#
# 
# rel_pedigree: 1250000000 (Via LaPointe)
# BEGIN HOT COMMENTS
# country: India
# restriction: Non-commercial use only
# datum: LAT
# confidence: 10
# !units: meters
# !longitude: 88.3201
# !latitude: 22.5486
Kolkata (Garden Reach Khidderpore), West Bengal, India
+05:30 :Asia/Calcutta
3.2000 meters
J1              0.0050   63.90
K1              0.1240   48.00
K2              0.1230   93.40
L2              0.0290   63.00
M1              0.0050   32.00
M2              1.1050   48.00
x 0 0
M4              0.2220   17.00
x 0 0
x 0 0
N2              0.2010   33.00
2N2             0.0270   18.00
O1              0.0640   16.00
OO1             0.0030   80.00
P1              0.0410   45.60
Q1              0.0080  291.00
2Q1             0.0020  344.30
R2              0.0040   91.70
x 0 0
S2              0.4510   90.00
x 0 0
x 0 0
T2              0.0270   88.30
LDA2            0.0080   67.50
MU2             0.0270    6.00
NU2             0.0390   35.00
RHO1            0.0020    2.30
x 0 0
x 0 0
MN4             0.0300  211.00
MS4             0.1980   59.00
x 0 0
x 0 0
x 0 0
x 0 0
SA              0.8370  157.00
x 0 0
x 0 0
x 0 0
x 0 0
x 0 0
x 0 0
x 0 0
x 0 0
x 0 0
x 0 0
x 0 0
x 0 0
x 0 0
x 0 0
x 0 0
x 0 0
x 0 0
x 0 0
x 0 0
x 0 0
x 0 0
x 0 0
x 0 0
x 0 0
x 0 0
x 0 0
x 0 0
x 0 0
x 0 0
x 0 0
x 0 0
x 0 0
x 0 0
x 0 0
x 0 0
x 0 0
x 0 0
x 0 0
x 0 0
x 0 0
x 0 0
x 0 0
x 0 0
x 0 0
x 0 0
x 0 0
x 0 0
x 0 0
x 0 0
x 0 0
x 0 0
x 0 0
x 0 0
x 0 0
x 0 0
x 0 0
x 0 0
x 0 0
x 0 0
x 0 0
x 0 0
x 0 0
#
# 
# Merged from harmonics.
# This data set was submitted by Jean-Pierre LaPointe
# (scipur@collegenotre-dame.qc.ca) 1996-11-29
# The source was the Table des Marees des Grands Ports du Monde, No. 540,
# from the Service Hydrographique et Oceanographique de la Marine - Paris,
# B.P. 426, 29275 Brest Cedex.
#
# 
# rel_pedigree: 1250000000 (Via LaPointe)
# BEGIN HOT COMMENTS
# country: Argentina
# restriction: Non-commercial use only
# datum: CD (SHN)
# confidence: 10
# !units: meters
# !longitude: -64.3667
# !latitude: -54.8333
Caleta Brent (Isla de los Estados), Tierra del Fuego, Argentina
-03:00 :America/Buenos_Aires
1.3100 meters
J1              0.0140   59.40
K1              0.1830   43.00
K2              0.0330  217.50
L2              0.0130  193.00
M1              0.0130   26.50
M2              0.5180  171.00
x 0 0
x 0 0
x 0 0
x 0 0
N2              0.0910  149.00
2N2             0.0120  127.00
O1              0.1830   10.00
OO1             0.0080   76.00
P1              0.0610   40.50
x 0 0
2Q1             0.0050  337.30
R2              0.0010  215.70
x 0 0
S2              0.1220  214.00
x 0 0
x 0 0
T2              0.0070  212.30
LDA2            0.0040  191.00
MU2             0.0120  128.00
NU2             0.0180  151.90
RHO1            0.0070  355.80
x 0 0
x 0 0
x 0 0
x 0 0
x 0 0
x 0 0
x 0 0
x 0 0
x 0 0
x 0 0
x 0 0
x 0 0
x 0 0
x 0 0
x 0 0
x 0 0
x 0 0
x 0 0
x 0 0
x 0 0
x 0 0
x 0 0
x 0 0
x 0 0
x 0 0
x 0 0
x 0 0
x 0 0
x 0 0
x 0 0
x 0 0
x 0 0
x 0 0
x 0 0
x 0 0
x 0 0
x 0 0
x 0 0
x 0 0
x 0 0
x 0 0
x 0 0
x 0 0
x 0 0
x 0 0
x 0 0
x 0 0
x 0 0
x 0 0
x 0 0
x 0 0
x 0 0
x 0 0
x 0 0
x 0 0
x 0 0
x 0 0
x 0 0
x 0 0
x 0 0
x 0 0
x 0 0
x 0 0
x 0 0
x 0 0
x 0 0
x 0 0
x 0 0
x 0 0
x 0 0
x 0 0
#
# 
# Merged from harmonics.
# This data set was submitted by Jean-Pierre LaPointe
# (scipur@collegenotre-dame.qc.ca) 1996-11-29
# The source was the Table des Marees des Grands Ports du Monde, No. 540,
# from the Service Hydrographique et Oceanographique de la Marine - Paris,
# B.P. 426, 29275 Brest Cedex.
#
# 
# rel_pedigree: 1250000000 (Via LaPointe)
# BEGIN HOT COMMENTS
# country: Argentina
# restriction: Non-commercial use only
# datum: CD (SHN)
# confidence: 10
# !units: meters
# !longitude: -67.8162
# !latitude: -53.7026
Caleta La Misión, Tierra del Fuego, Argentina
-03:00 :America/Buenos_Aires
4.8200 meters
J1              0.0160  111.70
K1              0.2240   78.00
K2              0.2220  304.70
L2              0.1010  284.00
M1              0.0140   44.00
M2              2.8680  255.00
x 0 0
M4              0.1250  325.00
x 0 0
x 0 0
N2              0.7050  226.00
2N2             0.0940  197.00
O1              0.2020   10.00
OO1             0.0090  146.00
P1              0.0740   72.90
x 0 0
2Q1             0.0050  302.50
R2              0.0070  302.80
x 0 0
S2              0.8150  301.00
x 0 0
x 0 0
T2              0.0480  299.20
LDA2            0.0200  276.30
MU2             0.0690  209.00
NU2             0.1370  229.90
RHO1            0.0080  340.80
x 0 0
x 0 0
x 0 0
MS4             0.0620   26.00
x 0 0
x 0 0
x 0 0
x 0 0
x 0 0
x 0 0
x 0 0
x 0 0
x 0 0
x 0 0
x 0 0
x 0 0
x 0 0
x 0 0
x 0 0
x 0 0
x 0 0
x 0 0
x 0 0
x 0 0
x 0 0
x 0 0
x 0 0
x 0 0
x 0 0
x 0 0
x 0 0
x 0 0
x 0 0
x 0 0
x 0 0
x 0 0
x 0 0
x 0 0
x 0 0
x 0 0
x 0 0
x 0 0
x 0 0
x 0 0
x 0 0
x 0 0
x 0 0
x 0 0
x 0 0
x 0 0
x 0 0
x 0 0
x 0 0
x 0 0
x 0 0
x 0 0
x 0 0
x 0 0
x 0 0
x 0 0
x 0 0
x 0 0
x 0 0
x 0 0
x 0 0
x 0 0
x 0 0
x 0 0
x 0 0
x 0 0
x 0 0
#
# 
# Merged from harmonics.
# This data set was submitted by Jean-Pierre LaPointe
# (scipur@collegenotre-dame.qc.ca) 1996-11-29
# The source was the Table des Marees des Grands Ports du Monde, No. 540,
# from the Service Hydrographique et Oceanographique de la Marine - Paris,
# B.P. 426, 29275 Brest Cedex.
#
# 
# rel_pedigree: 1250000000 (Via LaPointe)
# BEGIN HOT COMMENTS
# country: Vietnam
# restriction: Non-commercial use only
# datum: MLLW
# confidence: 10
# !units: meters
# !longitude: 107.3667
# !latitude: 21.0333
Cam Pha, Vietnam
+07:00 :Asia/Saigon
2.1500 meters
J1              0.0540   96.30
K1              0.7620   72.00
K2              0.0140  227.80
L2              0.0040  167.00
M1              0.0480   47.50
M2              0.1350  164.00
x 0 0
x 0 0
x 0 0
x 0 0
N2              0.0260  161.00
2N2             0.0030  158.00
O1              0.6810   23.00
OO1             0.0290  121.00
P1              0.2520   68.30
Q1              0.1320   20.00
2Q1             0.0180  334.40
x 0 0
x 0 0
S2              0.0500  223.00
x 0 0
x 0 0
T2              0.0030  220.60
LDA2            0.0010  191.40
MU2             0.0030  105.00
NU2             0.0050  161.40
RHO1            0.0260    2.00
x 0 0
x 0 0
x 0 0
x 0 0
x 0 0
x 0 0
x 0 0
x 0 0
x 0 0
x 0 0
x 0 0
x 0 0
x 0 0
x 0 0
x 0 0
x 0 0
x 0 0
x 0 0
x 0 0
x 0 0
x 0 0
x 0 0
x 0 0
x 0 0
x 0 0
x 0 0
x 0 0
x 0 0
x 0 0
x 0 0
x 0 0
x 0 0
x 0 0
x 0 0
x 0 0
x 0 0
x 0 0
x 0 0
x 0 0
x 0 0
x 0 0
x 0 0
x 0 0
x 0 0
x 0 0
x 0 0
x 0 0
x 0 0
x 0 0
x 0 0
x 0 0
x 0 0
x 0 0
x 0 0
x 0 0
x 0 0
x 0 0
x 0 0
x 0 0
x 0 0
x 0 0
x 0 0
x 0 0
x 0 0
x 0 0
x 0 0
x 0 0
x 0 0
x 0 0
x 0 0
x 0 0
#
# 
# Merged from harmonics.
# This data set was submitted by Jean-Pierre LaPointe
# (scipur@collegenotre-dame.qc.ca) 1996-11-29
# The source was the Table des Marees des Grands Ports du Monde, No. 540,
# from the Service Hydrographique et Oceanographique de la Marine - Paris,
# B.P. 426, 29275 Brest Cedex.
#
# 
# rel_pedigree: 1250000000 (Via LaPointe)
# BEGIN HOT COMMENTS
# country: Vietnam
# restriction: Non-commercial use only
# datum: MLLW
# confidence: 10
# !units: meters
# !longitude: 109.1429
# !latitude: 11.8960
Cam Ranh, Vietnam
+07:00 :Asia/Saigon
1.2400 meters
J1              0.0230  311.80
K1              0.3450  292.00
K2              0.0230  348.60
L2              0.0050  305.00
M1              0.0210  272.00
M2              0.1950  301.00
x 0 0
x 0 0
x 0 0
x 0 0
N2              0.0380  297.00
2N2             0.0050  293.00
O1              0.2940  252.00
OO1             0.0130  332.00
P1              0.1140  289.00
Q1              0.0570  249.00
2Q1             0.0080  212.30
R2              0.0010  346.80
x 0 0
S2              0.0850  345.00
x 0 0
x 0 0
T2              0.0050  343.20
LDA2            0.0010  321.40
MU2             0.0050  257.00
NU2             0.0070  297.50
RHO1            0.0110  234.80
x 0 0
x 0 0
x 0 0
x 0 0
x 0 0
x 0 0
x 0 0
x 0 0
x 0 0
x 0 0
x 0 0
x 0 0
x 0 0
x 0 0
x 0 0
x 0 0
x 0 0
x 0 0
x 0 0
x 0 0
x 0 0
x 0 0
x 0 0
x 0 0
x 0 0
x 0 0
x 0 0
x 0 0
x 0 0
x 0 0
x 0 0
x 0 0
x 0 0
x 0 0
x 0 0
x 0 0
x 0 0
x 0 0
x 0 0
x 0 0
x 0 0
x 0 0
x 0 0
x 0 0
x 0 0
x 0 0
x 0 0
x 0 0
x 0 0
x 0 0
x 0 0
x 0 0
x 0 0
x 0 0
x 0 0
x 0 0
x 0 0
x 0 0
x 0 0
x 0 0
x 0 0
x 0 0
x 0 0
x 0 0
x 0 0
x 0 0
x 0 0
x 0 0
x 0 0
x 0 0
x 0 0
#
# 
# Merged from harmonics.
# This entry was converted automatically from a TD4 file.
# Time of conversion:  1997-05-26 11:42 EDT
#
# 
# CAMPECHE, MEXICO ----------------------- 18d40. 'N 090d32. 'W--(CAMPECHE.TD4)
#
# 
# IHO DATA VIA PIEPER - RESID =  0, RSS =  0 ------------------------------
#
# 
# rel_pedigree: 1500000000 (Via Pieper)
# BEGIN HOT COMMENTS
# country: Mexico
# restriction: Non-commercial use only
# datum: MLLW
# confidence: 10
# !units: meters
# !longitude: -90.5281
# !latitude: 19.8645
Campeche City, Campeche, México
-06:00 :America/Mexico_City
0.2400 meters
x 0 0
K1              0.2662  314.30
K2              0.0300  208.60
L2              0.0191  107.90
M1              0.0151  248.60
M2              0.2202   97.20
x 0 0
M4              0.0111   54.30
M6              0.0023   93.50
x 0 0
N2              0.0422   88.40
x 0 0
O1              0.1830  306.90
x 0 0
x 0 0
x 0 0
x 0 0
x 0 0
x 0 0
S2              0.0672  118.10
x 0 0
x 0 0
x 0 0
x 0 0
x 0 0
x 0 0
x 0 0
x 0 0
x 0 0
x 0 0
x 0 0
x 0 0
x 0 0
x 0 0
x 0 0
x 0 0
x 0 0
x 0 0
x 0 0
x 0 0
x 0 0
x 0 0
x 0 0
x 0 0
x 0 0
x 0 0
x 0 0
x 0 0
x 0 0
x 0 0
x 0 0
x 0 0
x 0 0
x 0 0
x 0 0
x 0 0
x 0 0
x 0 0
x 0 0
x 0 0
x 0 0
x 0 0
x 0 0
x 0 0
x 0 0
x 0 0
x 0 0
x 0 0
x 0 0
x 0 0
x 0 0
x 0 0
x 0 0
x 0 0
x 0 0
x 0 0
x 0 0
x 0 0
x 0 0
x 0 0
x 0 0
x 0 0
x 0 0
x 0 0
x 0 0
x 0 0
x 0 0
x 0 0
x 0 0
x 0 0
x 0 0
x 0 0
x 0 0
x 0 0
x 0 0
x 0 0
x 0 0
x 0 0
#
# 
# Merged from harmonics.
# This data set was submitted by Jean-Pierre LaPointe
# (scipur@collegenotre-dame.qc.ca) 1996-11-29
# The source was the Table des Marees des Grands Ports du Monde, No. 540,
# from the Service Hydrographique et Oceanographique de la Marine - Paris,
# B.P. 426, 29275 Brest Cedex.
#
# 
# rel_pedigree: 1250000000 (Via LaPointe)
# BEGIN HOT COMMENTS
# country: Brazil
# restriction: Non-commercial use only
# datum: CD (Marinha)
# confidence: 10
# !units: meters
# !longitude: -48.3658
# !latitude: -25.5517
Pontal do Sul (Canal Galheta), Paraná, Brazil
-03:00 :America/Sao_Paulo
0.8400 meters
J1              0.0090  143.30
K1              0.0720  120.00
K2              0.0670   74.80
L2              0.0070  322.00
M1              0.0080   96.50
M2              0.3850   78.00
x 0 0
M4              0.0990  175.00
x 0 0
x 0 0
N2              0.0480  194.00
2N2             0.0060  310.00
O1              0.1150   73.00
OO1             0.0050  167.00
P1              0.0240  116.50
Q1              0.0200  107.00
2Q1             0.0030   26.40
R2              0.0020   74.90
x 0 0
S2              0.2450   75.00
x 0 0
x 0 0
T2              0.0140   75.10
LDA2            0.0030   76.60
MU2             0.0090   81.00
NU2             0.0090  178.50
RHO1            0.0040   52.80
x 0 0
x 0 0
MN4             0.0330  155.00
MS4             0.0400  246.00
x 0 0
x 0 0
x 0 0
x 0 0
x 0 0
x 0 0
x 0 0
x 0 0
x 0 0
x 0 0
x 0 0
x 0 0
x 0 0
x 0 0
x 0 0
x 0 0
x 0 0
x 0 0
x 0 0
x 0 0
x 0 0
x 0 0
x 0 0
x 0 0
x 0 0
x 0 0
x 0 0
x 0 0
x 0 0
x 0 0
x 0 0
x 0 0
x 0 0
x 0 0
x 0 0
x 0 0
x 0 0
x 0 0
x 0 0
x 0 0
x 0 0
x 0 0
x 0 0
x 0 0
x 0 0
x 0 0
x 0 0
x 0 0
x 0 0
x 0 0
x 0 0
x 0 0
x 0 0
x 0 0
x 0 0
x 0 0
x 0 0
x 0 0
x 0 0
x 0 0
x 0 0
x 0 0
x 0 0
x 0 0
x 0 0
x 0 0
x 0 0
#
# 
# Merged from harmonics.
# This data set was submitted by Jean-Pierre LaPointe
# (scipur@collegenotre-dame.qc.ca) 1996-11-29
# The source was the Table des Marees des Grands Ports du Monde, No. 540,
# from the Service Hydrographique et Oceanographique de la Marine - Paris,
# B.P. 426, 29275 Brest Cedex.
#
# 
# rel_pedigree: 1250000000 (Via LaPointe)
# BEGIN HOT COMMENTS
# country: Morocco
# restriction: Non-commercial use only
# datum: MLLW
# confidence: 10
# !units: meters
# !longitude: -14.4967
# !latitude: 26.1161
Boujdour, Western Sahara
-01:00 :Africa/Casablanca
1.1700 meters
J1              0.0030   69.60
K1              0.0450   17.00
K2              0.0680   21.30
L2              0.0130  359.00
M1              0.0030  324.00
M2              0.6130  350.00
x 0 0
M4              0.0100  295.00
x 0 0
x 0 0
N2              0.0920  341.00
2N2             0.0120  332.00
O1              0.0410  271.00
OO1             0.0020  123.00
P1              0.0150    9.10
Q1              0.0080  218.00
2Q1             0.0010  165.80
R2              0.0020   20.20
x 0 0
S2              0.2500   19.00
x 0 0
x 0 0
T2              0.0150   17.80
LDA2            0.0040    3.50
MU2             0.0150  321.00
NU2             0.0180  342.20
RHO1            0.0020  225.50
x 0 0
x 0 0
x 0 0
MS4             0.0160   58.00
x 0 0
x 0 0
x 0 0
x 0 0
x 0 0
x 0 0
x 0 0
x 0 0
x 0 0
x 0 0
x 0 0
x 0 0
x 0 0
x 0 0
x 0 0
x 0 0
x 0 0
x 0 0
x 0 0
x 0 0
x 0 0
x 0 0
x 0 0
x 0 0
x 0 0
x 0 0
x 0 0
x 0 0
x 0 0
x 0 0
x 0 0
x 0 0
x 0 0
x 0 0
x 0 0
x 0 0
x 0 0
x 0 0
x 0 0
x 0 0
x 0 0
x 0 0
x 0 0
x 0 0
x 0 0
x 0 0
x 0 0
x 0 0
x 0 0
x 0 0
x 0 0
x 0 0
x 0 0
x 0 0
x 0 0
x 0 0
x 0 0
x 0 0
x 0 0
x 0 0
x 0 0
x 0 0
x 0 0
x 0 0
x 0 0
x 0 0
x 0 0
#
# 
# Merged from harmonics.
# This data set was submitted by Jean-Pierre LaPointe
# (scipur@collegenotre-dame.qc.ca) 1996-11-29
# The source was the Table des Marees des Grands Ports du Monde, No. 540,
# from the Service Hydrographique et Oceanographique de la Marine - Paris,
# B.P. 426, 29275 Brest Cedex.
#
# 
# rel_pedigree: 1250000000 (Via LaPointe)
# BEGIN HOT COMMENTS
# country: France
# restriction: Non-commercial use only
# datum: ZH
# confidence: 10
# psmsl_id: 1383
# shom_code: ANTIFER
# ssc_id: SSC-antil
# !units: meters
# !longitude: 0.1500
# !latitude: 49.6500
Le Havre-Antifer (Terminal pétrolier), France
+01:00 :Europe/Paris
4.8700 meters
J1              0.0040  187.10
K1              0.0900  135.00
K2              0.2330    9.90
L2              0.0710  338.00
M1              0.0030   82.50
M2              2.5840  318.00
x 0 0
M4              0.1990  141.00
x 0 0
x 0 0
N2              0.4960  298.00
2N2             0.0660  278.00
O1              0.0480   30.00
OO1             0.0020  240.00
P1              0.0300  127.10
Q1              0.0160  347.00
2Q1             0.0010  285.80
R2              0.0070    7.90
x 0 0
S2              0.8560    6.00
x 0 0
x 0 0
T2              0.0510    4.10
LDA2            0.0180  340.30
MU2             0.0620  270.00
NU2             0.0960  300.70
RHO1            0.0020  345.00
x 0 0
x 0 0
MN4             0.0720  120.00
MS4             0.1350  193.00
x 0 0
x 0 0
x 0 0
x 0 0
SA              0.0580  229.00
x 0 0
x 0 0
x 0 0
x 0 0
x 0 0
x 0 0
x 0 0
x 0 0
x 0 0
x 0 0
x 0 0
x 0 0
x 0 0
x 0 0
x 0 0
x 0 0
x 0 0
x 0 0
x 0 0
x 0 0
x 0 0
x 0 0
x 0 0
x 0 0
x 0 0
x 0 0
x 0 0
x 0 0
x 0 0
x 0 0
x 0 0
x 0 0
x 0 0
x 0 0
x 0 0
x 0 0
x 0 0
x 0 0
x 0 0
x 0 0
x 0 0
x 0 0
x 0 0
x 0 0
x 0 0
x 0 0
x 0 0
x 0 0
x 0 0
x 0 0
x 0 0
x 0 0
x 0 0
x 0 0
x 0 0
x 0 0
x 0 0
x 0 0
x 0 0
x 0 0
x 0 0
x 0 0
#
# 
# Merged from harmonics.
# This data set was submitted by Jean-Pierre LaPointe
# (scipur@collegenotre-dame.qc.ca) 1996-11-29
# The source was the Table des Marees des Grands Ports du Monde, No. 540,
# from the Service Hydrographique et Oceanographique de la Marine - Paris,
# B.P. 426, 29275 Brest Cedex.
#
# 
# rel_pedigree: 1250000000 (Via LaPointe)
# BEGIN HOT COMMENTS
# country: United Kingdom
# restriction: Non-commercial use only
# datum: ACD
# confidence: 10
# !units: meters
# !longitude: -3.1654
# !latitude: 51.4476
Cardiff, Wales, United Kingdom
+00:00 :Europe/London
6.4500 meters
J1              0.0050  215.40
K1              0.0940  147.00
K2              0.3860  248.90
L2              0.0630  233.00
M1              0.0050   78.00
M2              4.0900  197.00
x 0 0
M4              0.1070   14.00
x 0 0
x 0 0
N2              0.4420  161.00
2N2             0.0590  125.00
O1              0.0670    9.00
OO1             0.0030  285.00
P1              0.0310  136.70
x 0 0
2Q1             0.0020  232.10
R2              0.0110  246.90
x 0 0
S2              1.4200  245.00
x 0 0
x 0 0
T2              0.0840  243.10
LDA2            0.0290  219.30
MU2             0.0980  149.00
NU2             0.0860  165.80
RHO1            0.0030  309.80
x 0 0
x 0 0
MN4             0.0210  295.00
MS4             0.0980   31.00
x 0 0
x 0 0
x 0 0
x 0 0
x 0 0
x 0 0
x 0 0
x 0 0
x 0 0
x 0 0
x 0 0
x 0 0
x 0 0
x 0 0
x 0 0
x 0 0
x 0 0
x 0 0
x 0 0
x 0 0
x 0 0
x 0 0
x 0 0
x 0 0
x 0 0
x 0 0
x 0 0
x 0 0
x 0 0
x 0 0
x 0 0
x 0 0
x 0 0
x 0 0
x 0 0
x 0 0
x 0 0
x 0 0
x 0 0
x 0 0
x 0 0
x 0 0
x 0 0
x 0 0
x 0 0
x 0 0
x 0 0
x 0 0
x 0 0
x 0 0
x 0 0
x 0 0
x 0 0
x 0 0
x 0 0
x 0 0
x 0 0
x 0 0
x 0 0
x 0 0
x 0 0
x 0 0
x 0 0
x 0 0
x 0 0
x 0 0
x 0 0
#
# 
# Merged from harmonics.
# This data set was submitted by Jean-Pierre LaPointe
# (scipur@collegenotre-dame.qc.ca) 1996-11-29
# The source was the Table des Marees des Grands Ports du Monde, No. 540,
# from the Service Hydrographique et Oceanographique de la Marine - Paris,
# B.P. 426, 29275 Brest Cedex.
#
# 
# rel_pedigree: 1250000000 (Via LaPointe)
# BEGIN HOT COMMENTS
# country: Chile
# restriction: Non-commercial use only
# datum: MLLW
# confidence: 10
# !units: meters
# !longitude: -73.7051
# !latitude: -41.7486
Carelmapu, Chile
-04:00 :America/Santiago
1.9100 meters
J1              0.0100   26.80
K1              0.1980    5.00
K2              0.0860   50.80
L2              0.0270   60.00
M1              0.0090  343.00
M2              0.9860   40.00
x 0 0
x 0 0
x 0 0
x 0 0
N2              0.1870   20.00
2N2             0.0250    0.00
O1              0.1260  321.00
OO1             0.0050   49.00
P1              0.0660    1.70
Q1              0.0240  301.00
2Q1             0.0030  277.40
R2              0.0030   50.40
x 0 0
S2              0.3180   50.00
x 0 0
x 0 0
T2              0.0190   49.60
LDA2            0.0070   44.60
MU2             0.0240   30.00
NU2             0.0360   22.70
RHO1            0.0050  302.10
x 0 0
x 0 0
x 0 0
x 0 0
x 0 0
x 0 0
x 0 0
x 0 0
x 0 0
x 0 0
x 0 0
x 0 0
x 0 0
x 0 0
x 0 0
x 0 0
x 0 0
x 0 0
x 0 0
x 0 0
x 0 0
x 0 0
x 0 0
x 0 0
x 0 0
x 0 0
x 0 0
x 0 0
x 0 0
x 0 0
x 0 0
x 0 0
x 0 0
x 0 0
x 0 0
x 0 0
x 0 0
x 0 0
x 0 0
x 0 0
x 0 0
x 0 0
x 0 0
x 0 0
x 0 0
x 0 0
x 0 0
x 0 0
x 0 0
x 0 0
x 0 0
x 0 0
x 0 0
x 0 0
x 0 0
x 0 0
x 0 0
x 0 0
x 0 0
x 0 0
x 0 0
x 0 0
x 0 0
x 0 0
x 0 0
x 0 0
x 0 0
x 0 0
x 0 0
x 0 0
x 0 0
#
# 
# Merged from harmonics.
# This data set was submitted by Jean-Pierre LaPointe
# (scipur@collegenotre-dame.qc.ca) 1996-11-29
# The source was the Table des Marees des Grands Ports du Monde, No. 540,
# from the Service Hydrographique et Oceanographique de la Marine - Paris,
# B.P. 426, 29275 Brest Cedex.
#
# 
# rel_pedigree: 1250000000 (Via LaPointe)
# BEGIN HOT COMMENTS
# country: Morocco
# restriction: Non-commercial use only
# datum: MLLW
# confidence: 10
# psmsl_id: 902
# shom_code: CASABLANCA
# ssc_id: SSC-casa
# !units: meters
# !longitude: -7.61685
# !latitude: 33.60725
Casablanca (Port), Morocco
+00:00 :Africa/Casablanca
2.1400 meters
J1              0.0050   96.60
K1              0.0680   48.00
K2              0.0960   83.00
L2              0.0290   70.00
M1              0.0040  359.00
M2              0.9880   56.00
x 0 0
M4              0.0150  169.00
x 0 0
x 0 0
N2              0.2030   42.00
2N2             0.0270   28.00
O1              0.0580  310.00
OO1             0.0020  146.00
P1              0.0230   40.70
Q1              0.0140  262.00
2Q1             0.0020  212.80
R2              0.0030   82.00
x 0 0
S2              0.3530   81.00
x 0 0
x 0 0
T2              0.0210   80.00
LDA2            0.0070   67.60
MU2             0.0240   31.00
NU2             0.0390   43.90
RHO1            0.0020  268.00
x 0 0
x 0 0
MN4             0.0060  103.00
MS4             0.0070  240.00
x 0 0
x 0 0
x 0 0
x 0 0
SA              0.0940  225.00
x 0 0
x 0 0
x 0 0
x 0 0
x 0 0
x 0 0
x 0 0
x 0 0
x 0 0
x 0 0
x 0 0
x 0 0
x 0 0
x 0 0
x 0 0
x 0 0
x 0 0
x 0 0
x 0 0
x 0 0
x 0 0
x 0 0
x 0 0
x 0 0
x 0 0
x 0 0
x 0 0
x 0 0
x 0 0
x 0 0
x 0 0
x 0 0
x 0 0
x 0 0
x 0 0
x 0 0
x 0 0
x 0 0
x 0 0
x 0 0
x 0 0
x 0 0
x 0 0
x 0 0
x 0 0
x 0 0
x 0 0
x 0 0
x 0 0
x 0 0
x 0 0
x 0 0
x 0 0
x 0 0
x 0 0
x 0 0
x 0 0
x 0 0
x 0 0
x 0 0
x 0 0
x 0 0
#
# 
# Merged from harmonics.
# This entry was converted automatically from a TID file
# that Dean found laying around on the net, 11/29/95.
#
# 
# CASABLANCA -------- 33d36  'N   7d37'  W--(CASABLNC.TID)
# METRIC
# ATT DATA + INFERRED CONSTANTS - CORRECTED 1992APR20 -------
# From Tides 2.11 (1992/Feb/10) on ftp://atlantic.ocean.fsu.edu/pub
#
# 
# rel_pedigree: 1000000000 (Approximated or converted data)
# BEGIN HOT COMMENTS
# country: Morocco
# restriction: Non-commercial use only
# datum: MLLW
# confidence: 10
# psmsl_id: 902
# shom_code: CASABLANCA
# ssc_id: SSC-casa
# !units: meters
# !longitude: -7.6166
# !latitude: 33.6070
Casablanca, Morocco
+00:00 :Africa/Casablanca
2.1400 meters
J1              0.0050   98.10
K1              0.0700   48.00
K2              0.1010   84.00
L2              0.0280   70.40
M1              0.0040  357.50
M2              1.0100   57.00
x 0 0
x 0 0
x 0 0
x 0 0
N2              0.1960   43.60
2N2             0.0260   30.20
O1              0.0600  307.00
OO1             0.0030  149.00
P1              0.0230   40.40
Q1              0.0120  256.90
2Q1             0.0020  206.80
R2              0.0030   83.00
x 0 0
S2              0.3700   82.00
x 0 0
x 0 0
T2              0.0220   81.00
LDA2            0.0070   68.60
MU2             0.0240   32.00
NU2             0.0380   45.40
RHO1            0.0020  263.70
x 0 0
x 0 0
x 0 0
x 0 0
x 0 0
x 0 0
x 0 0
x 0 0
SA              0.0900  221.00
x 0 0
x 0 0
x 0 0
x 0 0
x 0 0
x 0 0
x 0 0
x 0 0
x 0 0
x 0 0
x 0 0
x 0 0
x 0 0
x 0 0
x 0 0
x 0 0
x 0 0
x 0 0
x 0 0
x 0 0
x 0 0
x 0 0
x 0 0
x 0 0
x 0 0
x 0 0
x 0 0
x 0 0
x 0 0
x 0 0
x 0 0
x 0 0
x 0 0
x 0 0
x 0 0
x 0 0
x 0 0
x 0 0
x 0 0
x 0 0
x 0 0
x 0 0
x 0 0
x 0 0
x 0 0
x 0 0
x 0 0
x 0 0
x 0 0
x 0 0
x 0 0
x 0 0
x 0 0
x 0 0
x 0 0
x 0 0
x 0 0
x 0 0
x 0 0
x 0 0
x 0 0
x 0 0
#
# 
# Merged from harmonics.
# This data set was submitted by Jean-Pierre LaPointe
# (scipur@collegenotre-dame.qc.ca) 1996-11-29
# The source was the Table des Marees des Grands Ports du Monde, No. 540,
# from the Service Hydrographique et Oceanographique de la Marine - Paris,
# B.P. 426, 29275 Brest Cedex.
#
# 
# rel_pedigree: 1250000000 (Via LaPointe)
# BEGIN HOT COMMENTS
# country: French Guiana
# restriction: Non-commercial use only
# datum: MLLW
# confidence: 10
# !units: meters
# !longitude: -52.3400
# !latitude: 4.9364
Cayenne, French Guiana
-04:00 :America/Cayenne
1.9600 meters
J1              0.0090  210.90
K1              0.0800  204.00
K2              0.0530  149.30
L2              0.0270  115.00
M1              0.0080  197.00
M2              0.9620  118.00
x 0 0
x 0 0
x 0 0
x 0 0
N2              0.1860  121.00
2N2             0.0250  124.00
O1              0.1180  190.00
OO1             0.0050  218.00
P1              0.0260  203.00
Q1              0.0230  192.00
2Q1             0.0030  176.10
R2              0.0020  148.20
x 0 0
S2              0.1950  147.00
x 0 0
x 0 0
T2              0.0120  145.80
LDA2            0.0070  131.50
MU2             0.0230   89.00
NU2             0.0360  120.60
RHO1            0.0040  184.00
x 0 0
x 0 0
x 0 0
x 0 0
x 0 0
x 0 0
x 0 0
x 0 0
x 0 0
x 0 0
x 0 0
x 0 0
x 0 0
x 0 0
x 0 0
x 0 0
x 0 0
x 0 0
x 0 0
x 0 0
x 0 0
x 0 0
x 0 0
x 0 0
x 0 0
x 0 0
x 0 0
x 0 0
x 0 0
x 0 0
x 0 0
x 0 0
x 0 0
x 0 0
x 0 0
x 0 0
x 0 0
x 0 0
x 0 0
x 0 0
x 0 0
x 0 0
x 0 0
x 0 0
x 0 0
x 0 0
x 0 0
x 0 0
x 0 0
x 0 0
x 0 0
x 0 0
x 0 0
x 0 0
x 0 0
x 0 0
x 0 0
x 0 0
x 0 0
x 0 0
x 0 0
x 0 0
x 0 0
x 0 0
x 0 0
x 0 0
x 0 0
x 0 0
x 0 0
x 0 0
x 0 0
#
# 
# Merged from harmonics.
# This data set was submitted by Jean-Pierre LaPointe
# (scipur@collegenotre-dame.qc.ca) 1996-11-29
# The source was the Table des Marees des Grands Ports du Monde, No. 540,
# from the Service Hydrographique et Oceanographique de la Marine - Paris,
# B.P. 426, 29275 Brest Cedex.
#
# 
# rel_pedigree: 1250000000 (Via LaPointe)
# BEGIN HOT COMMENTS
# country: India
# restriction: Non-commercial use only
# datum: LAT
# confidence: 10
# !units: meters
# !longitude: 86.7393
# !latitude: 20.7714
Chandbali (Dhamra River), Odisha, India
+05:30 :Asia/Calcutta
1.7700 meters
J1              0.0040   29.40
K1              0.1080   19.00
K2              0.0730   14.80
L2              0.0190  330.00
M1              0.0030    8.50
M2              0.7320  324.00
x 0 0
M4              0.0850  209.00
x 0 0
x 0 0
N2              0.1300  318.00
2N2             0.0170  312.00
O1              0.0480  358.00
OO1             0.0020   40.00
P1              0.0360   17.40
Q1              0.0040   37.00
2Q1             0.0010  337.20
R2              0.0020   12.90
x 0 0
S2              0.2690   11.00
x 0 0
x 0 0
T2              0.0160    9.10
LDA2            0.0050  345.80
MU2             0.0180  277.00
NU2             0.0250  318.80
RHO1            0.0020  349.00
x 0 0
x 0 0
MN4             0.0350  205.00
MS4             0.0760  252.00
x 0 0
x 0 0
x 0 0
x 0 0
SA              0.4880  169.00
x 0 0
x 0 0
x 0 0
x 0 0
x 0 0
x 0 0
x 0 0
x 0 0
x 0 0
x 0 0
x 0 0
x 0 0
x 0 0
x 0 0
x 0 0
x 0 0
x 0 0
x 0 0
x 0 0
x 0 0
x 0 0
x 0 0
x 0 0
x 0 0
x 0 0
x 0 0
x 0 0
x 0 0
x 0 0
x 0 0
x 0 0
x 0 0
x 0 0
x 0 0
x 0 0
x 0 0
x 0 0
x 0 0
x 0 0
x 0 0
x 0 0
x 0 0
x 0 0
x 0 0
x 0 0
x 0 0
x 0 0
x 0 0
x 0 0
x 0 0
x 0 0
x 0 0
x 0 0
x 0 0
x 0 0
x 0 0
x 0 0
x 0 0
x 0 0
x 0 0
x 0 0
x 0 0
#
# 
# Merged from harmonics.
# This data set was submitted by Jean-Pierre LaPointe
# (scipur@collegenotre-dame.qc.ca) 1996-11-29
# The source was the Table des Marees des Grands Ports du Monde, No. 540,
# from the Service Hydrographique et Oceanographique de la Marine - Paris,
# B.P. 426, 29275 Brest Cedex.
#
# 
# This isn't on my map, at least not at the coordinates shown, so I'm
# just going to hope that it's an Argentinian research station. -- DWF
#
# 
# rel_pedigree: 1250000000 (Via LaPointe)
# BEGIN HOT COMMENTS
# country: Antarctica
# restriction: Non-commercial use only
# datum: MLLW
# confidence: 10
# !units: meters
# !longitude: -64.0333
# !latitude: -65.0667
Charcot, Antarctica
-03:00 :America/Buenos_Aires
1.0000 meters
J1              0.0240   27.00
K1              0.3160   26.00
K2              0.0520  300.20
L2              0.0060  202.00
M1              0.0210   25.00
M2              0.2240  204.00
x 0 0
x 0 0
x 0 0
x 0 0
N2              0.0430  206.00
2N2             0.0060  208.00
O1              0.2990   24.00
OO1             0.0130   28.00
P1              0.1050   25.90
Q1              0.0580   26.00
2Q1             0.0080   22.00
R2              0.0020  296.60
x 0 0
S2              0.1910  293.00
x 0 0
x 0 0
T2              0.0110  289.40
LDA2            0.0020  245.30
MU2             0.0050  115.00
NU2             0.0080  205.70
RHO1            0.0110   23.10
x 0 0
x 0 0
x 0 0
x 0 0
x 0 0
x 0 0
x 0 0
x 0 0
x 0 0
x 0 0
x 0 0
x 0 0
x 0 0
x 0 0
x 0 0
x 0 0
x 0 0
x 0 0
x 0 0
x 0 0
x 0 0
x 0 0
x 0 0
x 0 0
x 0 0
x 0 0
x 0 0
x 0 0
x 0 0
x 0 0
x 0 0
x 0 0
x 0 0
x 0 0
x 0 0
x 0 0
x 0 0
x 0 0
x 0 0
x 0 0
x 0 0
x 0 0
x 0 0
x 0 0
x 0 0
x 0 0
x 0 0
x 0 0
x 0 0
x 0 0
x 0 0
x 0 0
x 0 0
x 0 0
x 0 0
x 0 0
x 0 0
x 0 0
x 0 0
x 0 0
x 0 0
x 0 0
x 0 0
x 0 0
x 0 0
x 0 0
x 0 0
x 0 0
x 0 0
x 0 0
x 0 0
#
# 
# Merged from harmonics.
# This data set was submitted by Jean-Pierre LaPointe
# (scipur@collegenotre-dame.qc.ca) 1996-11-29
# The source was the Table des Marees des Grands Ports du Monde, No. 540,
# from the Service Hydrographique et Oceanographique de la Marine - Paris,
# B.P. 426, 29275 Brest Cedex.
#
# 
# rel_pedigree: 1250000000 (Via LaPointe)
# BEGIN HOT COMMENTS
# country: South Korea
# restriction: Non-commercial use only
# datum: ALLW (approx.)
# confidence: 10
# khoa_code: 67
# psmsl_id: 1066
# ssc_id: SSC-jeju
# !units: meters
# !longitude: 126.5431
# !latitude: 33.5275
Jeju, Jeju-do, South Korea
+09:00 :Asia/Seoul
1.4200 meters
J1              0.0140  235.40
K1              0.2300  220.00
K2              0.0820  237.30
L2              0.0200  329.00
M1              0.0120  204.50
M2              0.7130  313.00
x 0 0
M4              0.0290   20.00
x 0 0
x 0 0
N2              0.1380  297.00
2N2             0.0180  281.00
O1              0.1730  189.00
OO1             0.0070  251.00
P1              0.0760  217.70
Q1              0.0340  174.00
2Q1             0.0040  158.20
R2              0.0020  240.20
x 0 0
S2              0.3010  243.00
x 0 0
x 0 0
T2              0.0180  245.80
LDA2            0.0050  280.50
MU2             0.0170   23.00
NU2             0.0270  299.10
RHO1            0.0070  175.70
x 0 0
x 0 0
x 0 0
MS4             0.0180   79.00
x 0 0
x 0 0
x 0 0
x 0 0
SA              0.1660   31.00
x 0 0
x 0 0
x 0 0
x 0 0
x 0 0
x 0 0
x 0 0
x 0 0
x 0 0
x 0 0
x 0 0
x 0 0
x 0 0
x 0 0
x 0 0
x 0 0
x 0 0
x 0 0
x 0 0
x 0 0
x 0 0
x 0 0
x 0 0
x 0 0
x 0 0
x 0 0
x 0 0
x 0 0
x 0 0
x 0 0
x 0 0
x 0 0
x 0 0
x 0 0
x 0 0
x 0 0
x 0 0
x 0 0
x 0 0
x 0 0
x 0 0
x 0 0
x 0 0
x 0 0
x 0 0
x 0 0
x 0 0
x 0 0
x 0 0
x 0 0
x 0 0
x 0 0
x 0 0
x 0 0
x 0 0
x 0 0
x 0 0
x 0 0
x 0 0
x 0 0
x 0 0
x 0 0
#
# 
# Merged from harmonics.
# This data set was submitted by Jean-Pierre LaPointe
# (scipur@collegenotre-dame.qc.ca) 1996-11-29
# The source was the Table des Marees des Grands Ports du Monde, No. 540,
# from the Service Hydrographique et Oceanographique de la Marine - Paris,
# B.P. 426, 29275 Brest Cedex.
#
# 
# rel_pedigree: 1250000000 (Via LaPointe)
# BEGIN HOT COMMENTS
# country: Japan
# restriction: Non-commercial use only
# datum: MLLW
# confidence: 10
# !units: meters
# !longitude: 140.0957
# !latitude: 35.6011
Chibaminato, Japan
+09:00 :Asia/Tokyo
1.2100 meters
J1              0.0150  193.90
K1              0.2600  178.00
K2              0.0680  179.30
L2              0.0140  155.00
M1              0.0130  162.00
M2              0.5100  135.00
x 0 0
x 0 0
x 0 0
x 0 0
N2              0.0970  115.00
2N2             0.0130   95.00
O1              0.1900  146.00
OO1             0.0080  210.00
P1              0.0860  175.60
Q1              0.0360  126.00
2Q1             0.0050  114.30
R2              0.0020  177.60
x 0 0
S2              0.2500  176.00
x 0 0
x 0 0
T2              0.0150  174.40
LDA2            0.0040  154.00
MU2             0.0120   94.00
NU2             0.0190  117.70
RHO1            0.0070  132.30
x 0 0
x 0 0
x 0 0
x 0 0
x 0 0
x 0 0
x 0 0
x 0 0
x 0 0
x 0 0
x 0 0
x 0 0
x 0 0
x 0 0
x 0 0
x 0 0
x 0 0
x 0 0
x 0 0
x 0 0
x 0 0
x 0 0
x 0 0
x 0 0
x 0 0
x 0 0
x 0 0
x 0 0
x 0 0
x 0 0
x 0 0
x 0 0
x 0 0
x 0 0
x 0 0
x 0 0
x 0 0
x 0 0
x 0 0
x 0 0
x 0 0
x 0 0
x 0 0
x 0 0
x 0 0
x 0 0
x 0 0
x 0 0
x 0 0
x 0 0
x 0 0
x 0 0
x 0 0
x 0 0
x 0 0
x 0 0
x 0 0
x 0 0
x 0 0
x 0 0
x 0 0
x 0 0
x 0 0
x 0 0
x 0 0
x 0 0
x 0 0
x 0 0
x 0 0
x 0 0
x 0 0
#
# 
# Merged from harmonics.
# This data set was submitted by Jean-Pierre LaPointe
# (scipur@collegenotre-dame.qc.ca) 1996-11-29
# The source was the Table des Marees des Grands Ports du Monde, No. 540,
# from the Service Hydrographique et Oceanographique de la Marine - Paris,
# B.P. 426, 29275 Brest Cedex.
#
# 
# rel_pedigree: 1250000000 (Via LaPointe)
# BEGIN HOT COMMENTS
# country: Mozambique
# restriction: Non-commercial use only
# datum: MLLW
# confidence: 10
# !units: meters
# !longitude: 36.4629
# !latitude: -18.5759
Chinde, Moçambique
+02:00 :Africa/Maputo
2.0600 meters
J1              0.0040  112.30
K1              0.0300   88.00
K2              0.1770  157.80
L2              0.0270  110.00
M1              0.0040   63.50
M2              1.1300  107.00
x 0 0
M4              0.0500  150.00
x 0 0
x 0 0
N2              0.1900  104.00
2N2             0.0250  101.00
O1              0.0500   39.00
OO1             0.0020  137.00
P1              0.0100   84.30
x 0 0
2Q1             0.0010  350.40
R2              0.0050  155.90
x 0 0
S2              0.6500  154.00
x 0 0
x 0 0
T2              0.0380  152.10
LDA2            0.0080  128.80
MU2             0.0270   60.00
NU2             0.0370  104.40
RHO1            0.0020   18.00
x 0 0
x 0 0
x 0 0
MS4             0.0600  209.00
x 0 0
x 0 0
x 0 0
x 0 0
x 0 0
x 0 0
x 0 0
x 0 0
x 0 0
x 0 0
x 0 0
x 0 0
x 0 0
x 0 0
x 0 0
x 0 0
x 0 0
x 0 0
x 0 0
x 0 0
x 0 0
x 0 0
x 0 0
x 0 0
x 0 0
x 0 0
x 0 0
x 0 0
x 0 0
x 0 0
x 0 0
x 0 0
x 0 0
x 0 0
x 0 0
x 0 0
x 0 0
x 0 0
x 0 0
x 0 0
x 0 0
x 0 0
x 0 0
x 0 0
x 0 0
x 0 0
x 0 0
x 0 0
x 0 0
x 0 0
x 0 0
x 0 0
x 0 0
x 0 0
x 0 0
x 0 0
x 0 0
x 0 0
x 0 0
x 0 0
x 0 0
x 0 0
x 0 0
x 0 0
x 0 0
x 0 0
x 0 0
#
# 
# Merged from harmonics.
# This data set was submitted by Jean-Pierre LaPointe
# (scipur@collegenotre-dame.qc.ca) 1996-11-29
# The source was the Table des Marees des Grands Ports du Monde, No. 540,
# from the Service Hydrographique et Oceanographique de la Marine - Paris,
# B.P. 426, 29275 Brest Cedex.
#
# 
# rel_pedigree: 1250000000 (Via LaPointe)
# BEGIN HOT COMMENTS
# country: South Korea
# restriction: Non-commercial use only
# datum: ALLW (approx.)
# confidence: 10
# khoa_code: 6
# psmsl_id: 970
# ssc_id: SSC-chin
# !units: meters
# !longitude: 128.64211
# !latitude: 35.14541
Jinhae, South Korea
+09:00 :Asia/Seoul
1.0300 meters
J1              0.0030  189.80
K1              0.0800  171.00
K2              0.0790  280.70
L2              0.0170  265.00
M1              0.0030  152.00
M2              0.6200  245.00
x 0 0
x 0 0
x 0 0
x 0 0
N2              0.1180  225.00
2N2             0.0160  205.00
O1              0.0400  133.00
OO1             0.0020  209.00
P1              0.0260  168.20
Q1              0.0080  113.00
2Q1             0.0010   95.30
R2              0.0020  279.30
x 0 0
S2              0.2900  278.00
x 0 0
x 0 0
T2              0.0170  276.70
LDA2            0.0040  260.30
MU2             0.0150  212.00
NU2             0.0230  227.70
RHO1            0.0020  116.70
x 0 0
x 0 0
x 0 0
x 0 0
x 0 0
x 0 0
x 0 0
x 0 0
x 0 0
x 0 0
x 0 0
x 0 0
x 0 0
x 0 0
x 0 0
x 0 0
x 0 0
x 0 0
x 0 0
x 0 0
x 0 0
x 0 0
x 0 0
x 0 0
x 0 0
x 0 0
x 0 0
x 0 0
x 0 0
x 0 0
x 0 0
x 0 0
x 0 0
x 0 0
x 0 0
x 0 0
x 0 0
x 0 0
x 0 0
x 0 0
x 0 0
x 0 0
x 0 0
x 0 0
x 0 0
x 0 0
x 0 0
x 0 0
x 0 0
x 0 0
x 0 0
x 0 0
x 0 0
x 0 0
x 0 0
x 0 0
x 0 0
x 0 0
x 0 0
x 0 0
x 0 0
x 0 0
x 0 0
x 0 0
x 0 0
x 0 0
x 0 0
x 0 0
x 0 0
x 0 0
x 0 0
#
# 
# Merged from harmonics.
# This data set was submitted by Jean-Pierre LaPointe
# (scipur@collegenotre-dame.qc.ca) 1996-11-29
# The source was the Table des Marees des Grands Ports du Monde, No. 540,
# from the Service Hydrographique et Oceanographique de la Marine - Paris,
# B.P. 426, 29275 Brest Cedex.
#
# 
# rel_pedigree: 1250000000 (Via LaPointe)
# BEGIN HOT COMMENTS
# country: North Korea
# restriction: Non-commercial use only
# datum: MLLW
# confidence: 10
# !units: meters
# !longitude: 125.4079
# !latitude: 38.7233
Nampo, North Korea
+09:00 :Asia/Pyongyang
3.0400 meters
J1              0.0200    6.30
K1              0.3690  344.00
K2              0.1630  277.20
L2              0.0450  287.00
M1              0.0180  321.50
M2              1.8150  261.00
x 0 0
M4              0.0510  325.00
x 0 0
x 0 0
N2              0.3180  235.00
2N2             0.0420  209.00
O1              0.2500  299.00
OO1             0.0110   29.00
P1              0.1220  340.60
Q1              0.0410  270.00
2Q1             0.0070  254.40
R2              0.0050  276.60
x 0 0
S2              0.6010  276.00
x 0 0
x 0 0
T2              0.0350  275.40
LDA2            0.0130  268.00
MU2             0.0440  246.00
NU2             0.0620  238.50
RHO1            0.0100  279.70
x 0 0
x 0 0
x 0 0
MS4             0.0470  286.00
x 0 0
x 0 0
x 0 0
x 0 0
SA              0.2400  130.00
x 0 0
x 0 0
x 0 0
x 0 0
x 0 0
x 0 0
x 0 0
x 0 0
x 0 0
x 0 0
x 0 0
x 0 0
x 0 0
x 0 0
x 0 0
x 0 0
x 0 0
x 0 0
x 0 0
x 0 0
x 0 0
x 0 0
x 0 0
x 0 0
x 0 0
x 0 0
x 0 0
x 0 0
x 0 0
x 0 0
x 0 0
x 0 0
x 0 0
x 0 0
x 0 0
x 0 0
x 0 0
x 0 0
x 0 0
x 0 0
x 0 0
x 0 0
x 0 0
x 0 0
x 0 0
x 0 0
x 0 0
x 0 0
x 0 0
x 0 0
x 0 0
x 0 0
x 0 0
x 0 0
x 0 0
x 0 0
x 0 0
x 0 0
x 0 0
x 0 0
x 0 0
x 0 0
#
# 
# Merged from harmonics.
# This data set was submitted by Jean-Pierre LaPointe
# (scipur@collegenotre-dame.qc.ca) 1996-11-29
# The source was the Table des Marees des Grands Ports du Monde, No. 540,
# from the Service Hydrographique et Oceanographique de la Marine - Paris,
# B.P. 426, 29275 Brest Cedex.
#
# 
# rel_pedigree: 1250000000 (Via LaPointe)
# BEGIN HOT COMMENTS
# country: Spain
# restriction: Non-commercial use only
# datum: LAT
# confidence: 10
# ihm_code: 39
# !units: meters
# !longitude: -6.4287
# !latitude: 36.7474
Chipiona, Spain
+00:00 :Europe/Madrid
1.8800 meters
J1              0.0050   98.10
K1              0.0790   52.00
K2              0.1110   84.30
L2              0.0290   59.00
M1              0.0050    5.50
M2              1.0180   54.00
x 0 0
M4              0.0260  141.00
x 0 0
x 0 0
N2              0.2010   49.00
2N2             0.0270   44.00
O1              0.0660  319.00
OO1             0.0030  145.00
P1              0.0260   45.00
Q1              0.0130  273.00
2Q1             0.0020  226.70
R2              0.0030   83.10
x 0 0
S2              0.4090   82.00
x 0 0
x 0 0
T2              0.0240   80.90
LDA2            0.0070   67.00
MU2             0.0240   26.00
NU2             0.0390   49.70
RHO1            0.0030  279.10
x 0 0
x 0 0
x 0 0
MS4             0.0160  241.00
x 0 0
x 0 0
x 0 0
x 0 0
x 0 0
x 0 0
x 0 0
x 0 0
x 0 0
x 0 0
x 0 0
x 0 0
x 0 0
x 0 0
x 0 0
x 0 0
x 0 0
x 0 0
x 0 0
x 0 0
x 0 0
x 0 0
x 0 0
x 0 0
x 0 0
x 0 0
x 0 0
x 0 0
x 0 0
x 0 0
x 0 0
x 0 0
x 0 0
x 0 0
x 0 0
x 0 0
x 0 0
x 0 0
x 0 0
x 0 0
x 0 0
x 0 0
x 0 0
x 0 0
x 0 0
x 0 0
x 0 0
x 0 0
x 0 0
x 0 0
x 0 0
x 0 0
x 0 0
x 0 0
x 0 0
x 0 0
x 0 0
x 0 0
x 0 0
x 0 0
x 0 0
x 0 0
x 0 0
x 0 0
x 0 0
x 0 0
x 0 0
#
# 
# Merged from harmonics.
# This data set was submitted by Jean-Pierre LaPointe
# (scipur@collegenotre-dame.qc.ca) 1996-11-29
# The source was the Table des Marees des Grands Ports du Monde, No. 540,
# from the Service Hydrographique et Oceanographique de la Marine - Paris,
# B.P. 426, 29275 Brest Cedex.
#
# 
# rel_pedigree: 1250000000 (Via LaPointe)
# BEGIN HOT COMMENTS
# country: South Korea
# restriction: Non-commercial use only
# datum: ALLW (approx.)
# confidence: 10
# !units: meters
# !longitude: 128.7167
# !latitude: 34.8333
Chise P'o, South Korea
+09:00 :Asia/Seoul
1.0100 meters
J1              0.0050  178.90
K1              0.0900  162.00
K2              0.0710  284.20
L2              0.0160  261.00
M1              0.0040  145.00
M2              0.6000  241.00
x 0 0
x 0 0
x 0 0
x 0 0
N2              0.1140  221.00
2N2             0.0150  201.00
O1              0.0600  128.00
OO1             0.0030  196.00
P1              0.0300  159.50
Q1              0.0110  108.00
2Q1             0.0020   94.30
R2              0.0020  282.60
x 0 0
S2              0.2600  281.00
x 0 0
x 0 0
T2              0.0150  279.40
LDA2            0.0040  259.60
MU2             0.0140  201.00
NU2             0.0220  223.70
RHO1            0.0020  113.40
x 0 0
x 0 0
x 0 0
x 0 0
x 0 0
x 0 0
x 0 0
x 0 0
x 0 0
x 0 0
x 0 0
x 0 0
x 0 0
x 0 0
x 0 0
x 0 0
x 0 0
x 0 0
x 0 0
x 0 0
x 0 0
x 0 0
x 0 0
x 0 0
x 0 0
x 0 0
x 0 0
x 0 0
x 0 0
x 0 0
x 0 0
x 0 0
x 0 0
x 0 0
x 0 0
x 0 0
x 0 0
x 0 0
x 0 0
x 0 0
x 0 0
x 0 0
x 0 0
x 0 0
x 0 0
x 0 0
x 0 0
x 0 0
x 0 0
x 0 0
x 0 0
x 0 0
x 0 0
x 0 0
x 0 0
x 0 0
x 0 0
x 0 0
x 0 0
x 0 0
x 0 0
x 0 0
x 0 0
x 0 0
x 0 0
x 0 0
x 0 0
x 0 0
x 0 0
x 0 0
x 0 0
#
# 
# Merged from harmonics.
# This data set was submitted by Jean-Pierre LaPointe
# (scipur@collegenotre-dame.qc.ca) 1996-11-29
# The source was the Table des Marees des Grands Ports du Monde, No. 540,
# from the Service Hydrographique et Oceanographique de la Marine - Paris,
# B.P. 426, 29275 Brest Cedex.
#
# 
# rel_pedigree: 1250000000 (Via LaPointe)
# BEGIN HOT COMMENTS
# country: Ireland
# restriction: Non-commercial use only
# datum: LAT
# confidence: 10
# !units: meters
# !longitude: -8.2938
# !latitude: 51.8494
Cobh, Ireland
+00:00 :Europe/Dublin
2.3500 meters
J1              0.0030  210.60
K1              0.0210  156.00
K2              0.1180  197.60
L2              0.0360  171.00
M1              0.0020  101.00
M2              1.3810  150.00
x 0 0
M4              0.0590  242.00
x 0 0
x 0 0
N2              0.2550  129.00
2N2             0.0340  108.00
O1              0.0340   46.00
OO1             0.0010  266.00
P1              0.0070  147.80
Q1              0.0130  335.00
2Q1             0.0010  296.90
R2              0.0030  195.80
x 0 0
S2              0.4320  194.00
x 0 0
x 0 0
T2              0.0250  192.20
LDA2            0.0100  170.40
MU2             0.0330  106.00
NU2             0.0490  131.80
RHO1            0.0010  358.80
x 0 0
x 0 0
MN4             0.0190  214.00
MS4             0.0210  315.00
x 0 0
x 0 0
x 0 0
x 0 0
SA              0.0990  181.00
x 0 0
x 0 0
x 0 0
x 0 0
x 0 0
x 0 0
x 0 0
x 0 0
x 0 0
x 0 0
x 0 0
x 0 0
x 0 0
x 0 0
x 0 0
x 0 0
x 0 0
x 0 0
x 0 0
x 0 0
x 0 0
x 0 0
x 0 0
x 0 0
x 0 0
x 0 0
x 0 0
x 0 0
x 0 0
x 0 0
x 0 0
x 0 0
x 0 0
x 0 0
x 0 0
x 0 0
x 0 0
x 0 0
x 0 0
x 0 0
x 0 0
x 0 0
x 0 0
x 0 0
x 0 0
x 0 0
x 0 0
x 0 0
x 0 0
x 0 0
x 0 0
x 0 0
x 0 0
x 0 0
x 0 0
x 0 0
x 0 0
x 0 0
x 0 0
x 0 0
x 0 0
x 0 0
#
# 
# Merged from harmonics.
# This data set was submitted by Jean-Pierre LaPointe
# (scipur@collegenotre-dame.qc.ca) 1996-11-29
# The source was the Table des Marees des Grands Ports du Monde, No. 540,
# from the Service Hydrographique et Oceanographique de la Marine - Paris,
# B.P. 426, 29275 Brest Cedex.
#
# 
# rel_pedigree: 1250000000 (Via LaPointe)
# BEGIN HOT COMMENTS
# country: Uruguay
# restriction: Non-commercial use only
# datum: MLLW
# confidence: 10
# !units: meters
# !longitude: -57.8433
# !latitude: -34.4749
Colonia del Sacramento (Rio de la Plata), Uruguay
-03:00 :America/Montevideo
0.6400 meters
J1              0.0100  323.20
K1              0.0460   52.00
K2              0.0070  291.20
L2              0.0090  247.00
M1              0.0090  141.50
M2              0.1600  208.00
x 0 0
M4              0.0100  202.00
x 0 0
x 0 0
N2              0.0640  169.00
2N2             0.0090  130.00
O1              0.1240  231.00
OO1             0.0050  233.00
P1              0.0150   65.40
Q1              0.0530  188.00
2Q1             0.0030   48.60
x 0 0
x 0 0
S2              0.0260  285.00
x 0 0
x 0 0
T2              0.0020  281.90
LDA2            0.0010  243.70
MU2             0.0040  131.00
NU2             0.0120  174.20
RHO1            0.0050  307.80
x 0 0
x 0 0
MN4             0.0090  189.00
MS4             0.0040    1.00
x 0 0
x 0 0
x 0 0
x 0 0
x 0 0
x 0 0
x 0 0
x 0 0
x 0 0
x 0 0
x 0 0
x 0 0
x 0 0
x 0 0
x 0 0
x 0 0
x 0 0
x 0 0
x 0 0
x 0 0
x 0 0
x 0 0
x 0 0
x 0 0
x 0 0
x 0 0
x 0 0
x 0 0
x 0 0
x 0 0
x 0 0
x 0 0
x 0 0
x 0 0
x 0 0
x 0 0
x 0 0
x 0 0
x 0 0
x 0 0
x 0 0
x 0 0
x 0 0
x 0 0
x 0 0
x 0 0
x 0 0
x 0 0
x 0 0
x 0 0
x 0 0
x 0 0
x 0 0
x 0 0
x 0 0
x 0 0
x 0 0
x 0 0
x 0 0
x 0 0
x 0 0
x 0 0
x 0 0
x 0 0
x 0 0
x 0 0
x 0 0
#
# 
# Merged from harmonics.
# This data set was submitted by Jean-Pierre LaPointe
# (scipur@collegenotre-dame.qc.ca) 1996-11-29
# The source was the Table des Marees des Grands Ports du Monde, No. 540,
# from the Service Hydrographique et Oceanographique de la Marine - Paris,
# B.P. 426, 29275 Brest Cedex.
#
# 
# rel_pedigree: 1250000000 (Via LaPointe)
# BEGIN HOT COMMENTS
# country: Argentina
# restriction: Non-commercial use only
# datum: CD (SHN)
# confidence: 10
# !units: meters
# !longitude: -67.4679
# !latitude: -45.8590
Comodoro Rivadavia, Chubut, Argentina
-03:00 :America/Buenos_Aires
3.1400 meters
J1              0.0100  249.60
K1              0.1980  203.00
K2              0.1100  226.00
L2              0.0560  183.00
M1              0.0090  156.00
M2              2.0620  133.00
x 0 0
M4              0.1040  255.00
x 0 0
x 0 0
N2              0.3940   83.00
2N2             0.0520   33.00
O1              0.1250  109.00
OO1             0.0050  297.00
P1              0.0660  196.00
Q1              0.0310   68.00
2Q1             0.0030   15.80
R2              0.0030  222.40
x 0 0
S2              0.4050  219.00
x 0 0
x 0 0
T2              0.0240  215.60
LDA2            0.0140  172.90
MU2             0.0490   47.00
NU2             0.0760   89.70
RHO1            0.0050   68.70
x 0 0
x 0 0
MN4             0.0560  229.00
MS4             0.0510  319.00
x 0 0
x 0 0
x 0 0
x 0 0
SA              0.0980    7.00
x 0 0
x 0 0
x 0 0
x 0 0
x 0 0
x 0 0
x 0 0
x 0 0
x 0 0
x 0 0
x 0 0
x 0 0
x 0 0
x 0 0
x 0 0
x 0 0
x 0 0
x 0 0
x 0 0
x 0 0
x 0 0
x 0 0
x 0 0
x 0 0
x 0 0
x 0 0
x 0 0
x 0 0
x 0 0
x 0 0
x 0 0
x 0 0
x 0 0
x 0 0
x 0 0
x 0 0
x 0 0
x 0 0
x 0 0
x 0 0
x 0 0
x 0 0
x 0 0
x 0 0
x 0 0
x 0 0
x 0 0
x 0 0
x 0 0
x 0 0
x 0 0
x 0 0
x 0 0
x 0 0
x 0 0
x 0 0
x 0 0
x 0 0
x 0 0
x 0 0
x 0 0
x 0 0
#
# 
# Merged from harmonics.
# This data set was submitted by Jean-Pierre LaPointe
# (scipur@collegenotre-dame.qc.ca) 1996-11-29
# The source was the Table des Marees des Grands Ports du Monde, No. 540,
# from the Service Hydrographique et Oceanographique de la Marine - Paris,
# B.P. 426, 29275 Brest Cedex.
#
# 
# rel_pedigree: 1250000000 (Via LaPointe)
# BEGIN HOT COMMENTS
# country: Guinea
# restriction: Non-commercial use only
# datum: MLLW
# confidence: 10
# gloss_id: 255
# psmsl_id: 1477
# shom_code: CONAKRY
# ssc_id: SSC-cona
# !units: meters
# !longitude: -13.7154
# !latitude: 9.5024
Conakry, Guinea
+00:00 :Africa/Conakry
2.0700 meters
J1              0.0020   34.70
K1              0.1000  353.00
K2              0.1060  264.60
L2              0.0330  250.00
M1              0.0020  311.00
M2              1.1170  230.00
x 0 0
M4              0.0140  353.00
x 0 0
x 0 0
N2              0.2340  210.00
2N2             0.0310  190.00
O1              0.0290  269.00
OO1             0.0010   77.00
P1              0.0330  346.70
Q1              0.0070  199.00
2Q1             0.0010  185.70
R2              0.0030  263.30
x 0 0
S2              0.3900  262.00
x 0 0
x 0 0
T2              0.0230  260.70
LDA2            0.0080  244.80
MU2             0.0270  198.00
NU2             0.0450  212.70
RHO1            0.0010  233.00
x 0 0
x 0 0
MN4             0.0070  302.00
MS4             0.0110   76.00
x 0 0
x 0 0
x 0 0
x 0 0
x 0 0
x 0 0
x 0 0
x 0 0
x 0 0
x 0 0
x 0 0
x 0 0
x 0 0
x 0 0
x 0 0
x 0 0
x 0 0
x 0 0
x 0 0
x 0 0
x 0 0
x 0 0
x 0 0
x 0 0
x 0 0
x 0 0
x 0 0
x 0 0
x 0 0
x 0 0
x 0 0
x 0 0
x 0 0
x 0 0
x 0 0
x 0 0
x 0 0
x 0 0
x 0 0
x 0 0
x 0 0
x 0 0
x 0 0
x 0 0
x 0 0
x 0 0
x 0 0
x 0 0
x 0 0
x 0 0
x 0 0
x 0 0
x 0 0
x 0 0
x 0 0
x 0 0
x 0 0
x 0 0
x 0 0
x 0 0
x 0 0
x 0 0
x 0 0
x 0 0
x 0 0
x 0 0
x 0 0
#
# 
# Merged from harmonics.
# This data set was submitted by Jean-Pierre LaPointe
# (scipur@collegenotre-dame.qc.ca) 1996-11-29
# The source was the Table des Marees des Grands Ports du Monde, No. 540,
# from the Service Hydrographique et Oceanographique de la Marine - Paris,
# B.P. 426, 29275 Brest Cedex.
#
# 
# rel_pedigree: 1250000000 (Via LaPointe)
# BEGIN HOT COMMENTS
# country: Chile
# restriction: Non-commercial use only
# datum: MLLW
# confidence: 10
# ioc_code: coqu, coqu2
# psmsl_id: 977
# ptwc_code: coqu
# ssc_id: SSC-coqu
# !units: meters
# !longitude: -71.3355
# !latitude: -29.9508
Coquimbo, Chile
-04:00 :America/Santiago
0.9000 meters
J1              0.0080  357.30
K1              0.1590  337.00
K2              0.0370  316.50
L2              0.0130  329.00
M1              0.0070  316.50
M2              0.4260  297.00
x 0 0
x 0 0
x 0 0
x 0 0
N2              0.0940  265.00
2N2             0.0130  233.00
O1              0.1010  296.00
OO1             0.0040   18.00
P1              0.0530  333.90
Q1              0.0190  268.00
2Q1             0.0030  255.30
R2              0.0010  315.70
x 0 0
S2              0.1360  315.00
x 0 0
x 0 0
T2              0.0080  314.30
LDA2            0.0030  305.40
MU2             0.0100  279.00
NU2             0.0180  269.30
RHO1            0.0040  278.40
x 0 0
x 0 0
x 0 0
x 0 0
x 0 0
x 0 0
x 0 0
x 0 0
SA              0.0490  339.00
x 0 0
x 0 0
x 0 0
x 0 0
x 0 0
x 0 0
x 0 0
x 0 0
x 0 0
x 0 0
x 0 0
x 0 0
x 0 0
x 0 0
x 0 0
x 0 0
x 0 0
x 0 0
x 0 0
x 0 0
x 0 0
x 0 0
x 0 0
x 0 0
x 0 0
x 0 0
x 0 0
x 0 0
x 0 0
x 0 0
x 0 0
x 0 0
x 0 0
x 0 0
x 0 0
x 0 0
x 0 0
x 0 0
x 0 0
x 0 0
x 0 0
x 0 0
x 0 0
x 0 0
x 0 0
x 0 0
x 0 0
x 0 0
x 0 0
x 0 0
x 0 0
x 0 0
x 0 0
x 0 0
x 0 0
x 0 0
x 0 0
x 0 0
x 0 0
x 0 0
x 0 0
x 0 0
#
# 
# Merged from harmonics.
# This data set was submitted by Jean-Pierre LaPointe
# (scipur@collegenotre-dame.qc.ca) 1996-11-29
# The source was the Table des Marees des Grands Ports du Monde, No. 540,
# from the Service Hydrographique et Oceanographique de la Marine - Paris,
# B.P. 426, 29275 Brest Cedex.
#
# 
# rel_pedigree: 1250000000 (Via LaPointe)
# BEGIN HOT COMMENTS
# country: Spain
# restriction: Non-commercial use only
# datum: LAT
# confidence: 10
# !units: meters
# !longitude: -6.1000
# !latitude: 37.1333
Corta de los Jeronimos, Spain
+00:00 :Europe/Madrid
1.5500 meters
J1              0.0080  162.10
K1              0.0710  110.00
K2              0.0660  166.70
L2              0.0250  142.00
M1              0.0080   57.50
M2              0.8200  131.00
x 0 0
M4              0.0840  201.00
x 0 0
x 0 0
N2              0.1730  120.00
2N2             0.0230  109.00
O1              0.1070    5.00
OO1             0.0050  215.00
P1              0.0240  102.10
Q1              0.0210  313.00
2Q1             0.0030  260.80
R2              0.0020  165.30
x 0 0
S2              0.2430  164.00
x 0 0
x 0 0
T2              0.0140  162.70
LDA2            0.0060  146.30
MU2             0.0200   98.00
NU2             0.0340  121.50
RHO1            0.0040  320.00
x 0 0
x 0 0
x 0 0
MS4             0.0570  230.00
x 0 0
x 0 0
x 0 0
x 0 0
x 0 0
x 0 0
x 0 0
x 0 0
x 0 0
x 0 0
x 0 0
x 0 0
x 0 0
x 0 0
x 0 0
x 0 0
x 0 0
x 0 0
x 0 0
x 0 0
x 0 0
x 0 0
x 0 0
x 0 0
x 0 0
x 0 0
x 0 0
x 0 0
x 0 0
x 0 0
x 0 0
x 0 0
x 0 0
x 0 0
x 0 0
x 0 0
x 0 0
x 0 0
x 0 0
x 0 0
x 0 0
x 0 0
x 0 0
x 0 0
x 0 0
x 0 0
x 0 0
x 0 0
x 0 0
x 0 0
x 0 0
x 0 0
x 0 0
x 0 0
x 0 0
x 0 0
x 0 0
x 0 0
x 0 0
x 0 0
x 0 0
x 0 0
x 0 0
x 0 0
x 0 0
x 0 0
x 0 0
#
# 
# CROISELLES, S. ISLAND, NEW ZEALAND ----- 41d05. 'S 173d42. 'E--(CROISELS.TD4)
#
# 
# DIFFERENCES ON NELSON - 1993/4 NZ TT
#
# 
# rel_pedigree: 1000000000 (Approximated or converted data)
# BEGIN HOT COMMENTS
# country: New Zealand
# restriction: Non-commercial use only
# datum: MLLW
# confidence: 10
# !units: meters
# !longitude: 173.7000
# !latitude: -41.0833
Croiselles, South Island, New Zealand
-12:00 :Pacific/Auckland
2.4989 meters
J1              0.0095  215.20
K1              0.0655  188.09
K2              0.1407  312.44
L2              0.0412  291.71
x 0 0
M2              1.5126  277.24
M3              0.0304  193.20
M4              0.0213  281.57
M6              0.0016  168.93
M8              0.0007  134.27
N2              0.2387  259.82
2N2             0.0447  240.06
O1              0.0221   83.01
OO1             0.0028  333.75
P1              0.0153  170.52
Q1              0.0064   46.07
2Q1             0.0024  191.52
x 0 0
x 0 0
S2              0.4638  328.34
S4              0.0047   69.21
x 0 0
x 0 0
LDA2            0.0443  333.96
MU2             0.0469  239.88
NU2             0.0773  261.13
RHO1            0.0078    8.20
MK3             0.0171  166.36
x 0 0
MN4             0.0013  146.07
MS4             0.0232  323.04
x 0 0
MF              0.0205  353.07
MSF             0.0186  124.97
MM              0.0025  220.75
x 0 0
SSA             0.0259  197.09
x 0 0
x 0 0
x 0 0
x 0 0
x 0 0
x 0 0
x 0 0
2MK6            0.0018  233.23
x 0 0
2MN6            0.0038  204.65
2MS6            0.0065  268.53
x 0 0
x 0 0
2SM6            0.0016   43.87
x 0 0
x 0 0
x 0 0
x 0 0
x 0 0
x 0 0
x 0 0
CHI1            0.0042  321.04
x 0 0
x 0 0
x 0 0
x 0 0
x 0 0
x 0 0
x 0 0
x 0 0
MK4             0.0101  286.95
MKS2            0.0738  184.99
x 0 0
x 0 0
MO3             0.0037   22.50
x 0 0
x 0 0
x 0 0
MSK6            0.0025  115.79
x 0 0
MSN2            0.0052   56.11
x 0 0
x 0 0
NO1             0.0039  236.72
x 0 0
OQ2             0.0073  288.01
PHI1            0.0085  171.15
x 0 0
x 0 0
x 0 0
x 0 0
x 0 0
x 0 0
SIG1            0.0071   13.80
SK3             0.0294  142.97
SK4             0.0063   86.94
SN4             0.0038  228.34
x 0 0
SO1             0.0056    9.65
SO3             0.0139   98.04
THE1            0.0081   23.89
#
# 
# Merged from harmonics.
# This data set was submitted by Jean-Pierre LaPointe
# (scipur@collegenotre-dame.qc.ca) 1996-11-29
# The source was the Table des Marees des Grands Ports du Monde, No. 540,
# from the Service Hydrographique et Oceanographique de la Marine - Paris,
# B.P. 426, 29275 Brest Cedex.
#
# 
# rel_pedigree: 1250000000 (Via LaPointe)
# BEGIN HOT COMMENTS
# country: Vietnam
# restriction: Non-commercial use only
# datum: MLLW
# confidence: 10
# !units: meters
# !longitude: 108.2167
# !latitude: 16.1167
Da Nang, Vietnam
+07:00 :Asia/Saigon
0.9000 meters
J1              0.0100  312.80
K1              0.1950  290.00
K2              0.0160  343.20
L2              0.0050  327.00
M1              0.0090  267.00
M2              0.1720  301.00
x 0 0
M4              0.0050  258.00
x 0 0
x 0 0
N2              0.0370  275.00
2N2             0.0050  249.00
O1              0.1290  244.00
OO1             0.0060  336.00
P1              0.0650  286.60
Q1              0.0210  234.00
2Q1             0.0030  198.40
x 0 0
x 0 0
S2              0.0580  340.00
x 0 0
x 0 0
T2              0.0030  338.40
LDA2            0.0010  319.10
MU2             0.0040  262.00
NU2             0.0070  278.50
RHO1            0.0050  224.30
x 0 0
x 0 0
x 0 0
MS4             0.0100  262.00
x 0 0
x 0 0
x 0 0
x 0 0
SA              0.1810  235.00
x 0 0
x 0 0
x 0 0
x 0 0
x 0 0
x 0 0
x 0 0
x 0 0
x 0 0
x 0 0
x 0 0
x 0 0
x 0 0
x 0 0
x 0 0
x 0 0
x 0 0
x 0 0
x 0 0
x 0 0
x 0 0
x 0 0
x 0 0
x 0 0
x 0 0
x 0 0
x 0 0
x 0 0
x 0 0
x 0 0
x 0 0
x 0 0
x 0 0
x 0 0
x 0 0
x 0 0
x 0 0
x 0 0
x 0 0
x 0 0
x 0 0
x 0 0
x 0 0
x 0 0
x 0 0
x 0 0
x 0 0
x 0 0
x 0 0
x 0 0
x 0 0
x 0 0
x 0 0
x 0 0
x 0 0
x 0 0
x 0 0
x 0 0
x 0 0
x 0 0
x 0 0
x 0 0
#
# 
# Merged from harmonics.
# This data set was submitted 1997-03-06 by Laurent Brasseur
# (MBI_france@msn.com).
#
# 
# DEAUVILLE, FRANCE -------- 49d22  'N 000d05  'E--
# METRIC
# From SHOM 02/09/96
#
# 
# rel_pedigree: 1000000000 (Approximated or converted data)
# BEGIN HOT COMMENTS
# country: France
# restriction: Non-commercial use only
# datum: ZH
# confidence: 10
# shom_code: DEAUVILLE
# !units: meters
# !longitude: 0.0794
# !latitude: 49.3655
Trouville-Deauville, France
+01:00 :Europe/Paris
5.1488 meters
J1              0.0065  218.76
K1              0.0894  132.76
K2              0.2592  359.84
L2              0.1408  316.42
M1              0.0026  171.50
M2              2.6724  314.03
x 0 0
M4              0.2830  134.08
M6              0.2036   22.32
x 0 0
N2              0.5012  293.15
2N2             0.6420  271.02
O1              0.5380   26.76
OO1             0.0051  289.25
P1              0.0300  129.50
Q1              0.1250  352.81
2Q1             0.0022  249.94
R2              0.0089   28.79
S1              0.0067   94.20
S2              0.8929    2.36
S4              0.0222  261.21
x 0 0
T2              0.4910  349.84
LDA2            0.6520  309.03
MU2             0.0786    4.94
NU2             0.1083  285.36
RHO1            0.0022  314.31
x 0 0
x 0 0
MN4             0.9840  111.14
MS4             0.1952  188.57
2SM2            0.0491  207.58
MF              0.0154  127.21
MSF             0.0122   17.61
MM              0.0078  106.28
SA              0.0653  232.89
SSA             0.0100  155.47
x 0 0
x 0 0
x 0 0
x 0 0
x 0 0
x 0 0
x 0 0
x 0 0
x 0 0
x 0 0
x 0 0
x 0 0
x 0 0
x 0 0
x 0 0
x 0 0
x 0 0
x 0 0
x 0 0
x 0 0
x 0 0
x 0 0
x 0 0
x 0 0
x 0 0
x 0 0
x 0 0
x 0 0
x 0 0
x 0 0
x 0 0
x 0 0
x 0 0
x 0 0
x 0 0
x 0 0
x 0 0
x 0 0
x 0 0
x 0 0
x 0 0
x 0 0
x 0 0
x 0 0
x 0 0
x 0 0
x 0 0
x 0 0
x 0 0
x 0 0
x 0 0
x 0 0
x 0 0
x 0 0
x 0 0
x 0 0
x 0 0
x 0 0
x 0 0
x 0 0
x 0 0
#
# 
# Merged from harmonics.
# This data set was submitted by Jean-Pierre LaPointe
# (scipur@collegenotre-dame.qc.ca) 1996-11-29
# The source was the Table des Marees des Grands Ports du Monde, No. 540,
# from the Service Hydrographique et Oceanographique de la Marine - Paris,
# B.P. 426, 29275 Brest Cedex.
#
# 
# rel_pedigree: 1250000000 (Via LaPointe)
# BEGIN HOT COMMENTS
# country: India
# restriction: Non-commercial use only
# datum: LAT
# confidence: 10
# !units: meters
# !longitude: 88.1899
# !latitude: 22.1834
Diamond Harbour, West Bengal, India
+05:30 :Asia/Calcutta
2.7300 meters
J1              0.0050   26.40
K1              0.1530    9.00
K2              0.1850   18.90
L2              0.0420  334.00
M1              0.0050  351.50
M2              1.5740  327.00
x 0 0
M4              0.2290  213.00
x 0 0
x 0 0
N2              0.2910  320.00
2N2             0.0390  313.00
O1              0.0690  334.00
OO1             0.0030   44.00
P1              0.0510    6.40
Q1              0.0080  336.00
2Q1             0.0020  299.30
R2              0.0050   16.90
x 0 0
S2              0.6800   15.00
x 0 0
x 0 0
T2              0.0400   13.10
LDA2            0.0110  349.30
MU2             0.0380  279.00
NU2             0.0560  320.90
RHO1            0.0030  319.00
x 0 0
x 0 0
MN4             0.0360   15.00
MS4             0.2150  258.00
x 0 0
x 0 0
x 0 0
x 0 0
SA              0.3220  142.00
x 0 0
x 0 0
x 0 0
x 0 0
x 0 0
x 0 0
x 0 0
x 0 0
x 0 0
x 0 0
x 0 0
x 0 0
x 0 0
x 0 0
x 0 0
x 0 0
x 0 0
x 0 0
x 0 0
x 0 0
x 0 0
x 0 0
x 0 0
x 0 0
x 0 0
x 0 0
x 0 0
x 0 0
x 0 0
x 0 0
x 0 0
x 0 0
x 0 0
x 0 0
x 0 0
x 0 0
x 0 0
x 0 0
x 0 0
x 0 0
x 0 0
x 0 0
x 0 0
x 0 0
x 0 0
x 0 0
x 0 0
x 0 0
x 0 0
x 0 0
x 0 0
x 0 0
x 0 0
x 0 0
x 0 0
x 0 0
x 0 0
x 0 0
x 0 0
x 0 0
x 0 0
x 0 0
#
# 
# Merged from harmonics.
# This data set was submitted by Jean-Pierre LaPointe
# (scipur@collegenotre-dame.qc.ca) 1996-11-29
# The source was the Table des Marees des Grands Ports du Monde, No. 540,
# from the Service Hydrographique et Oceanographique de la Marine - Paris,
# B.P. 426, 29275 Brest Cedex.
#
# 
# rel_pedigree: 1250000000 (Via LaPointe)
# BEGIN HOT COMMENTS
# country: Madagascar
# restriction: Non-commercial use only
# datum: MLLW
# confidence: 10
# shom_code: ANTSIRANANA
# !units: meters
# !longitude: 49.2886
# !latitude: -12.2672
Antsiranana (Diego-Suarez), Madagascar
+03:00 :Indian/Antananarivo
1.4300 meters
J1              0.0060   25.60
K1              0.1340   35.00
K2              0.0770  148.80
L2              0.0170  119.00
M1              0.0050   44.50
M2              0.6420   98.00
x 0 0
M4              0.0070   36.00
x 0 0
x 0 0
N2              0.1190   77.00
2N2             0.0160   56.00
O1              0.0760   54.00
OO1             0.0030   16.00
P1              0.0440   36.40
Q1              0.0160   43.00
2Q1             0.0020   72.80
R2              0.0020  146.90
x 0 0
S2              0.2830  145.00
x 0 0
x 0 0
T2              0.0170  143.10
LDA2            0.0040  119.80
MU2             0.0150   51.00
NU2             0.0230   79.80
RHO1            0.0030   62.20
x 0 0
x 0 0
x 0 0
MS4             0.0090  126.00
x 0 0
x 0 0
x 0 0
x 0 0
SA              0.0340  280.00
x 0 0
x 0 0
x 0 0
x 0 0
x 0 0
x 0 0
x 0 0
x 0 0
x 0 0
x 0 0
x 0 0
x 0 0
x 0 0
x 0 0
x 0 0
x 0 0
x 0 0
x 0 0
x 0 0
x 0 0
x 0 0
x 0 0
x 0 0
x 0 0
x 0 0
x 0 0
x 0 0
x 0 0
x 0 0
x 0 0
x 0 0
x 0 0
x 0 0
x 0 0
x 0 0
x 0 0
x 0 0
x 0 0
x 0 0
x 0 0
x 0 0
x 0 0
x 0 0
x 0 0
x 0 0
x 0 0
x 0 0
x 0 0
x 0 0
x 0 0
x 0 0
x 0 0
x 0 0
x 0 0
x 0 0
x 0 0
x 0 0
x 0 0
x 0 0
x 0 0
x 0 0
x 0 0
#
# 
# Merged from harmonics.
# This data set was submitted by Jean-Pierre LaPointe
# (scipur@collegenotre-dame.qc.ca) 1996-11-29
# The source was the Table des Marees des Grands Ports du Monde, No. 540,
# from the Service Hydrographique et Oceanographique de la Marine - Paris,
# B.P. 426, 29275 Brest Cedex.
#
# 
# rel_pedigree: 1250000000 (Via LaPointe)
# BEGIN HOT COMMENTS
# country: Senegal
# restriction: Non-commercial use only
# datum: MLLW
# confidence: 10
# shom_code: DJOGUE
# !units: meters
# !longitude: -16.7419
# !latitude: 12.5706
Diogué (Casamance), Senegal
+00:00 :Africa/Dakar
1.0200 meters
J1              0.0030   57.60
K1              0.0690    2.00
K2              0.0450  307.90
L2              0.0120  288.00
M1              0.0020  306.00
M2              0.4860  269.00
x 0 0
x 0 0
x 0 0
x 0 0
N2              0.0870  250.00
2N2             0.0120  231.00
O1              0.0340  250.00
OO1             0.0010  114.00
P1              0.0230  353.60
Q1              0.0070  250.00
2Q1             0.0010  138.90
R2              0.0010  306.40
x 0 0
S2              0.1670  305.00
x 0 0
x 0 0
T2              0.0100  303.60
LDA2            0.0030  285.70
MU2             0.0120  233.00
NU2             0.0170  252.50
RHO1            0.0010  202.00
x 0 0
x 0 0
x 0 0
x 0 0
x 0 0
x 0 0
x 0 0
x 0 0
x 0 0
x 0 0
x 0 0
x 0 0
x 0 0
x 0 0
x 0 0
x 0 0
x 0 0
x 0 0
x 0 0
x 0 0
x 0 0
x 0 0
x 0 0
x 0 0
x 0 0
x 0 0
x 0 0
x 0 0
x 0 0
x 0 0
x 0 0
x 0 0
x 0 0
x 0 0
x 0 0
x 0 0
x 0 0
x 0 0
x 0 0
x 0 0
x 0 0
x 0 0
x 0 0
x 0 0
x 0 0
x 0 0
x 0 0
x 0 0
x 0 0
x 0 0
x 0 0
x 0 0
x 0 0
x 0 0
x 0 0
x 0 0
x 0 0
x 0 0
x 0 0
x 0 0
x 0 0
x 0 0
x 0 0
x 0 0
x 0 0
x 0 0
x 0 0
x 0 0
x 0 0
x 0 0
x 0 0
#
# 
# Merged from harmonics.
# This data set was submitted by Jean-Pierre LaPointe
# (scipur@collegenotre-dame.qc.ca) 1996-11-29
# The source was the Table des Marees des Grands Ports du Monde, No. 540,
# from the Service Hydrographique et Oceanographique de la Marine - Paris,
# B.P. 426, 29275 Brest Cedex.
#
# 
# rel_pedigree: 1250000000 (Via LaPointe)
# BEGIN HOT COMMENTS
# country: Vietnam
# restriction: Non-commercial use only
# datum: MLLW
# confidence: 10
# !units: meters
# !longitude: 106.8090
# !latitude: 20.6721
Do Son, Vietnam
+07:00 :Asia/Saigon
1.8600 meters
J1              0.0590  122.20
K1              0.7250   91.00
K2              0.0120  110.80
L2              0.0020   15.00
M1              0.0530   59.50
M2              0.0540   47.00
x 0 0
M4              0.0080  262.00
x 0 0
x 0 0
N2              0.0120   79.00
2N2             0.0020  111.00
O1              0.7410   28.00
OO1             0.0320  154.00
P1              0.2400   86.30
Q1              0.1400  358.00
2Q1             0.0190  325.50
x 0 0
x 0 0
S2              0.0430  106.00
x 0 0
x 0 0
T2              0.0030  103.60
x 0 0
MU2             0.0010  348.00
NU2             0.0020   74.70
RHO1            0.0280    1.00
x 0 0
x 0 0
x 0 0
MS4             0.0050  323.00
x 0 0
x 0 0
x 0 0
x 0 0
SA              0.1020  204.00
x 0 0
x 0 0
x 0 0
x 0 0
x 0 0
x 0 0
x 0 0
x 0 0
x 0 0
x 0 0
x 0 0
x 0 0
x 0 0
x 0 0
x 0 0
x 0 0
x 0 0
x 0 0
x 0 0
x 0 0
x 0 0
x 0 0
x 0 0
x 0 0
x 0 0
x 0 0
x 0 0
x 0 0
x 0 0
x 0 0
x 0 0
x 0 0
x 0 0
x 0 0
x 0 0
x 0 0
x 0 0
x 0 0
x 0 0
x 0 0
x 0 0
x 0 0
x 0 0
x 0 0
x 0 0
x 0 0
x 0 0
x 0 0
x 0 0
x 0 0
x 0 0
x 0 0
x 0 0
x 0 0
x 0 0
x 0 0
x 0 0
x 0 0
x 0 0
x 0 0
x 0 0
x 0 0
#
# 
# Merged from harmonics.
# This entry was converted automatically from a TID file
# that Dean found laying around on the net, 11/29/95.
#
# 
# DOUALA, CAMEROON --------  4d03. 'N   9d41. 'E--(DOUALA.TID  )
# METRIC
# ATT DATA + INFERRED CONSTANTS - CORRECTED 1992APR20 -------
# From Tides 2.11 (1992/Feb/10) on ftp://atlantic.ocean.fsu.edu/pub
#
# 
# rel_pedigree: 1000000000 (Approximated or converted data)
# BEGIN HOT COMMENTS
# country: Cameroon
# restriction: Non-commercial use only
# datum: MLLW
# confidence: 10
# shom_code: DOUALA
# !units: meters
# !longitude: 9.6760
# !latitude: 4.0408
Douala, Cameroon (1)
+01:00 :Africa/Douala
1.6200 meters
J1              0.0020   87.70
K1              0.1500   50.00
K2              0.0680  208.10
L2              0.0210  187.40
M1              0.0010   12.00
M2              0.7500  167.00
x 0 0
M4              0.0400  143.00
x 0 0
x 0 0
N2              0.1460  146.60
2N2             0.0200  126.30
O1              0.0200  334.00
OO1             0.0010  126.00
P1              0.0500   44.30
Q1              0.0040  296.30
2Q1             0.0010  258.60
R2              0.0020  206.50
x 0 0
S2              0.2500  205.00
x 0 0
x 0 0
T2              0.0150  203.50
LDA2            0.0050  184.60
MU2             0.0180  129.00
NU2             0.0280  149.40
RHO1            0.0010  301.40
x 0 0
x 0 0
MN4             0.0200  123.00
MS4             0.0300  181.00
x 0 0
x 0 0
x 0 0
x 0 0
SA              0.0600  236.00
SSA             0.0500   22.00
x 0 0
x 0 0
x 0 0
x 0 0
x 0 0
x 0 0
x 0 0
x 0 0
x 0 0
x 0 0
x 0 0
x 0 0
x 0 0
x 0 0
x 0 0
x 0 0
x 0 0
x 0 0
x 0 0
x 0 0
x 0 0
x 0 0
x 0 0
x 0 0
x 0 0
x 0 0
x 0 0
x 0 0
x 0 0
x 0 0
x 0 0
x 0 0
x 0 0
x 0 0
x 0 0
x 0 0
x 0 0
x 0 0
x 0 0
x 0 0
x 0 0
x 0 0
x 0 0
x 0 0
x 0 0
x 0 0
x 0 0
x 0 0
x 0 0
x 0 0
x 0 0
x 0 0
x 0 0
x 0 0
x 0 0
x 0 0
x 0 0
x 0 0
x 0 0
x 0 0
x 0 0
#
# 
# Merged from harmonics.
# This data set was submitted by Jean-Pierre LaPointe
# (scipur@collegenotre-dame.qc.ca) 1996-11-29
# The source was the Table des Marees des Grands Ports du Monde, No. 540,
# from the Service Hydrographique et Oceanographique de la Marine - Paris,
# B.P. 426, 29275 Brest Cedex.
#
# 
# rel_pedigree: 1250000000 (Via LaPointe)
# BEGIN HOT COMMENTS
# country: Cameroon
# restriction: Non-commercial use only
# datum: MLLW
# confidence: 10
# shom_code: DOUALA
# !units: meters
# !longitude: 9.6760
# !latitude: 4.0408
Douala, Cameroon (2)
+01:00 :Africa/Douala
1.4900 meters
J1              0.0020   87.70
K1              0.1510   50.00
K2              0.0690  208.10
L2              0.0160  173.00
M1              0.0020   12.00
M2              0.7470  167.00
x 0 0
M4              0.0720  159.00
x 0 0
x 0 0
N2              0.1110  161.00
2N2             0.0150  155.00
O1              0.0230  334.00
OO1             0.0010  126.00
P1              0.0500   44.30
x 0 0
2Q1             0.0010  258.60
R2              0.0020  206.50
x 0 0
S2              0.2540  205.00
x 0 0
x 0 0
T2              0.0150  203.50
LDA2            0.0050  184.60
MU2             0.0180  129.00
NU2             0.0220  161.80
RHO1            0.0010  301.40
x 0 0
x 0 0
x 0 0
MS4             0.0280   70.00
x 0 0
x 0 0
x 0 0
x 0 0
SA              0.0870  206.00
x 0 0
x 0 0
x 0 0
x 0 0
x 0 0
x 0 0
x 0 0
x 0 0
x 0 0
x 0 0
x 0 0
x 0 0
x 0 0
x 0 0
x 0 0
x 0 0
x 0 0
x 0 0
x 0 0
x 0 0
x 0 0
x 0 0
x 0 0
x 0 0
x 0 0
x 0 0
x 0 0
x 0 0
x 0 0
x 0 0
x 0 0
x 0 0
x 0 0
x 0 0
x 0 0
x 0 0
x 0 0
x 0 0
x 0 0
x 0 0
x 0 0
x 0 0
x 0 0
x 0 0
x 0 0
x 0 0
x 0 0
x 0 0
x 0 0
x 0 0
x 0 0
x 0 0
x 0 0
x 0 0
x 0 0
x 0 0
x 0 0
x 0 0
x 0 0
x 0 0
x 0 0
x 0 0
#
# 
# Merged from harmonics.
# This data set was submitted by Jean-Pierre LaPointe
# (scipur@collegenotre-dame.qc.ca) 1996-11-29
# The source was the Table des Marees des Grands Ports du Monde, No. 540,
# from the Service Hydrographique et Oceanographique de la Marine - Paris,
# B.P. 426, 29275 Brest Cedex.
#
# 
# rel_pedigree: 1250000000 (Via LaPointe)
# BEGIN HOT COMMENTS
# country: United Arab Emirates
# restriction: Non-commercial use only
# datum: MLLW
# confidence: 10
# !units: meters
# !longitude: 55.2833
# !latitude: 25.2667
Dubai, United Arab Emirates
+04:00 :Asia/Dubai
1.1900 meters
J1              0.0090  185.90
K1              0.1370  179.00
K2              0.0240   74.90
L2              0.0100   45.00
M1              0.0080  172.00
M2              0.2680   10.00
x 0 0
M4              0.0240    6.00
x 0 0
x 0 0
N2              0.0670  335.00
2N2             0.0090  300.00
O1              0.1160  165.00
OO1             0.0050  193.00
P1              0.0450  178.00
x 0 0
2Q1             0.0030  151.10
R2              0.0010   72.40
x 0 0
S2              0.0880   70.00
x 0 0
x 0 0
T2              0.0050   67.60
LDA2            0.0020   37.80
MU2             0.0060  310.00
NU2             0.0130  339.70
RHO1            0.0040  159.00
x 0 0
x 0 0
x 0 0
MS4             0.0270   46.00
x 0 0
x 0 0
x 0 0
x 0 0
x 0 0
x 0 0
x 0 0
x 0 0
x 0 0
x 0 0
x 0 0
x 0 0
x 0 0
x 0 0
x 0 0
x 0 0
x 0 0
x 0 0
x 0 0
x 0 0
x 0 0
x 0 0
x 0 0
x 0 0
x 0 0
x 0 0
x 0 0
x 0 0
x 0 0
x 0 0
x 0 0
x 0 0
x 0 0
x 0 0
x 0 0
x 0 0
x 0 0
x 0 0
x 0 0
x 0 0
x 0 0
x 0 0
x 0 0
x 0 0
x 0 0
x 0 0
x 0 0
x 0 0
x 0 0
x 0 0
x 0 0
x 0 0
x 0 0
x 0 0
x 0 0
x 0 0
x 0 0
x 0 0
x 0 0
x 0 0
x 0 0
x 0 0
x 0 0
x 0 0
x 0 0
x 0 0
x 0 0
#
# 
# Merged from harmonics.
# This data set was submitted by Jean-Pierre LaPointe
# (scipur@collegenotre-dame.qc.ca) 1996-11-29
# The source was the Table des Marees des Grands Ports du Monde, No. 540,
# from the Service Hydrographique et Oceanographique de la Marine - Paris,
# B.P. 426, 29275 Brest Cedex.
#
# 
# rel_pedigree: 1250000000 (Via LaPointe)
# BEGIN HOT COMMENTS
# country: United Kingdom
# restriction: Non-commercial use only
# datum: ACD
# confidence: 10
# psmsl_id: 117
# ssc_id: SSC-dund
# !units: meters
# !longitude: -2.9509
# !latitude: 56.4624
Dundee, Scotland, United Kingdom
+00:00 :Europe/London
3.0900 meters
J1              0.0110  298.90
K1              0.1160  222.00
K2              0.1480  118.00
L2              0.0400   87.00
M1              0.0100  144.50
M2              1.6580   65.00
x 0 0
M4              0.0400  270.00
x 0 0
x 0 0
N2              0.2770   43.00
2N2             0.0370   21.00
O1              0.1430   67.00
OO1             0.0060   17.00
P1              0.0380  210.40
x 0 0
2Q1             0.0040  273.20
R2              0.0040  116.00
x 0 0
S2              0.5430  114.00
x 0 0
x 0 0
T2              0.0320  112.00
LDA2            0.0120   87.70
MU2             0.0400   16.00
NU2             0.0540   45.90
RHO1            0.0050    0.50
x 0 0
x 0 0
x 0 0
MS4             0.0700   11.00
x 0 0
x 0 0
x 0 0
x 0 0
x 0 0
x 0 0
x 0 0
x 0 0
x 0 0
x 0 0
x 0 0
x 0 0
x 0 0
x 0 0
x 0 0
x 0 0
x 0 0
x 0 0
x 0 0
x 0 0
x 0 0
x 0 0
x 0 0
x 0 0
x 0 0
x 0 0
x 0 0
x 0 0
x 0 0
x 0 0
x 0 0
x 0 0
x 0 0
x 0 0
x 0 0
x 0 0
x 0 0
x 0 0
x 0 0
x 0 0
x 0 0
x 0 0
x 0 0
x 0 0
x 0 0
x 0 0
x 0 0
x 0 0
x 0 0
x 0 0
x 0 0
x 0 0
x 0 0
x 0 0
x 0 0
x 0 0
x 0 0
x 0 0
x 0 0
x 0 0
x 0 0
x 0 0
x 0 0
x 0 0
x 0 0
x 0 0
x 0 0
#
# 
# Merged from harmonics.
# This data set was submitted by Jean-Pierre LaPointe
# (scipur@collegenotre-dame.qc.ca) 1996-11-29
# The source was the Table des Marees des Grands Ports du Monde, No. 540,
# from the Service Hydrographique et Oceanographique de la Marine - Paris,
# B.P. 426, 29275 Brest Cedex.
#
# 
# rel_pedigree: 1250000000 (Via LaPointe)
# BEGIN HOT COMMENTS
# country: Greenland
# restriction: Non-commercial use only
# datum: MLLW
# confidence: 10
# !units: meters
# !longitude: -52.8753
# !latitude: 68.7082
Aasiaat, Greenland
-03:00 :America/Godthab
0.9100 meters
J1              0.0090  174.40
K1              0.3600  163.00
K2              0.0710  297.50
L2              0.0170  290.00
M1              0.0080  151.50
M2              0.6700  264.00
x 0 0
M4              0.0200   58.00
x 0 0
x 0 0
N2              0.1200  238.00
2N2             0.0160  212.00
O1              0.1100  140.00
OO1             0.0050  186.00
P1              0.1190  161.30
x 0 0
2Q1             0.0030  117.20
R2              0.0020  296.20
x 0 0
S2              0.2600  295.00
x 0 0
x 0 0
T2              0.0150  293.80
LDA2            0.0050  278.40
MU2             0.0160  233.00
NU2             0.0230  241.50
RHO1            0.0040  130.10
x 0 0
x 0 0
x 0 0
MS4             0.0100    2.00
x 0 0
x 0 0
x 0 0
x 0 0
x 0 0
x 0 0
x 0 0
x 0 0
x 0 0
x 0 0
x 0 0
x 0 0
x 0 0
x 0 0
x 0 0
x 0 0
x 0 0
x 0 0
x 0 0
x 0 0
x 0 0
x 0 0
x 0 0
x 0 0
x 0 0
x 0 0
x 0 0
x 0 0
x 0 0
x 0 0
x 0 0
x 0 0
x 0 0
x 0 0
x 0 0
x 0 0
x 0 0
x 0 0
x 0 0
x 0 0
x 0 0
x 0 0
x 0 0
x 0 0
x 0 0
x 0 0
x 0 0
x 0 0
x 0 0
x 0 0
x 0 0
x 0 0
x 0 0
x 0 0
x 0 0
x 0 0
x 0 0
x 0 0
x 0 0
x 0 0
x 0 0
x 0 0
x 0 0
x 0 0
x 0 0
x 0 0
x 0 0
#
# 
# Merged from harmonics.canadian.
#
# 
# rel_pedigree: 1250000000 (Via LaPointe)
# BEGIN HOT COMMENTS
# country: Canada
# restriction: Non-commercial use only
# datum: LLWLT
# confidence: 10
# chs_id: 05040
# !units: meters
# !longitude: -94.0588
# !latitude: 61.1113
Arviat, Nunavut, Canada
-06:00 :America/Iqaluit
2.0660 meters
J1              0.0030  221.00
K1              0.0680  191.20
K2              0.0880  224.40
L2              0.0370  188.00
x 0 0
M2              1.2680  165.00
x 0 0
M4              0.0260   79.90
x 0 0
x 0 0
N2              0.2620  142.00
2N2             0.0350  119.00
O1              0.0390  131.20
x 0 0
P1              0.0210  191.20
Q1              0.0080  101.40
2Q1             0.0010   71.70
x 0 0
x 0 0
S2              0.3260  224.40
x 0 0
x 0 0
T2              0.0190  222.00
LDA2            0.0090  192.60
MU2             0.0300  105.60
NU2             0.0510  145.10
RHO1            0.0010  105.50
x 0 0
x 0 0
x 0 0
MS4             0.0170  122.10
x 0 0
x 0 0
x 0 0
x 0 0
x 0 0
x 0 0
x 0 0
x 0 0
x 0 0
OO1-IOS         0.0020  251.20
R2-IOS          0.0030  226.80
x 0 0
x 0 0
x 0 0
x 0 0
x 0 0
x 0 0
x 0 0
x 0 0
x 0 0
x 0 0
x 0 0
x 0 0
x 0 0
x 0 0
x 0 0
x 0 0
x 0 0
x 0 0
x 0 0
x 0 0
x 0 0
x 0 0
x 0 0
x 0 0
x 0 0
x 0 0
x 0 0
x 0 0
x 0 0
x 0 0
x 0 0
x 0 0
x 0 0
x 0 0
x 0 0
x 0 0
x 0 0
x 0 0
NO1             0.0030  161.20
x 0 0
x 0 0
x 0 0
x 0 0
x 0 0
x 0 0
x 0 0
x 0 0
x 0 0
x 0 0
x 0 0
x 0 0
x 0 0
x 0 0
x 0 0
x 0 0
x 0 0
#
# 
# Merged from harmonics.
# This data set was submitted by Jean-Pierre LaPointe
# (scipur@collegenotre-dame.qc.ca) 1996-11-29
# The source was the Table des Marees des Grands Ports du Monde, No. 540,
# from the Service Hydrographique et Oceanographique de la Marine - Paris,
# B.P. 426, 29275 Brest Cedex.
#
# 
# This is an Argentinian research station, so it gets their time zone.
# -- DWF
#
# 
# rel_pedigree: 1250000000 (Via LaPointe)
# BEGIN HOT COMMENTS
# country: Antarctica
# restriction: Non-commercial use only
# datum: MLLW
# confidence: 10
# !units: meters
# !longitude: -56.9952
# !latitude: -63.3950
Esperanza (Hope Bay, Antarctica), Antártida Argentina, Argentina
-03:00 :America/Buenos_Aires
1.9200 meters
J1              0.0320   23.90
K1              0.3950   12.00
K2              0.1140  223.60
L2              0.0130  213.00
M1              0.0290    0.00
M2              0.6130  189.00
x 0 0
M4              0.0030   86.00
x 0 0
x 0 0
N2              0.0880  165.00
2N2             0.0120  141.00
O1              0.4070  348.00
OO1             0.0180   36.00
P1              0.1310   10.20
x 0 0
2Q1             0.0110  324.20
R2              0.0030  222.30
x 0 0
S2              0.4200  221.00
x 0 0
x 0 0
T2              0.0250  219.70
LDA2            0.0040  203.80
MU2             0.0150  157.00
NU2             0.0170  168.20
RHO1            0.0150  337.70
x 0 0
x 0 0
x 0 0
MS4             0.0210   37.00
x 0 0
x 0 0
x 0 0
x 0 0
x 0 0
x 0 0
x 0 0
x 0 0
x 0 0
x 0 0
x 0 0
x 0 0
x 0 0
x 0 0
x 0 0
x 0 0
x 0 0
x 0 0
x 0 0
x 0 0
x 0 0
x 0 0
x 0 0
x 0 0
x 0 0
x 0 0
x 0 0
x 0 0
x 0 0
x 0 0
x 0 0
x 0 0
x 0 0
x 0 0
x 0 0
x 0 0
x 0 0
x 0 0
x 0 0
x 0 0
x 0 0
x 0 0
x 0 0
x 0 0
x 0 0
x 0 0
x 0 0
x 0 0
x 0 0
x 0 0
x 0 0
x 0 0
x 0 0
x 0 0
x 0 0
x 0 0
x 0 0
x 0 0
x 0 0
x 0 0
x 0 0
x 0 0
x 0 0
x 0 0
x 0 0
x 0 0
x 0 0
#
# 
# Merged from harmonics.
# This data set was submitted by Jean-Pierre LaPointe
# (scipur@collegenotre-dame.qc.ca) 1996-11-29
# The source was the Table des Marees des Grands Ports du Monde, No. 540,
# from the Service Hydrographique et Oceanographique de la Marine - Paris,
# B.P. 426, 29275 Brest Cedex.
#
# 
# rel_pedigree: 1250000000 (Via LaPointe)
# BEGIN HOT COMMENTS
# country: United Kingdom
# restriction: Non-commercial use only
# datum: ACD
# confidence: 10
# !units: meters
# !longitude: -1.6041
# !latitude: 59.5382
Fair Isle, Scotland, United Kingdom
+00:00 :Europe/London
1.4000 meters
J1              0.0060  237.40
K1              0.0900  167.00
K2              0.0600  336.80
L2              0.0190  319.00
M1              0.0060   96.00
M2              0.6000  300.00
x 0 0
M4              0.0400  335.00
x 0 0
x 0 0
N2              0.1300  281.00
2N2             0.0170  262.00
O1              0.0800   25.00
OO1             0.0030  309.00
P1              0.0300  156.40
Q1              0.0200  328.00
2Q1             0.0020  244.10
R2              0.0020  335.40
x 0 0
S2              0.2200  334.00
x 0 0
x 0 0
T2              0.0130  332.60
LDA2            0.0040  315.80
MU2             0.0140  266.00
NU2             0.0250  283.50
RHO1            0.0030  324.10
x 0 0
x 0 0
MN4             0.0200  305.00
MS4             0.0300   23.00
x 0 0
x 0 0
x 0 0
x 0 0
SA              0.1400  236.00
x 0 0
x 0 0
x 0 0
x 0 0
x 0 0
x 0 0
x 0 0
x 0 0
x 0 0
x 0 0
x 0 0
x 0 0
x 0 0
x 0 0
x 0 0
x 0 0
x 0 0
x 0 0
x 0 0
x 0 0
x 0 0
x 0 0
x 0 0
x 0 0
x 0 0
x 0 0
x 0 0
x 0 0
x 0 0
x 0 0
x 0 0
x 0 0
x 0 0
x 0 0
x 0 0
x 0 0
x 0 0
x 0 0
x 0 0
x 0 0
x 0 0
x 0 0
x 0 0
x 0 0
x 0 0
x 0 0
x 0 0
x 0 0
x 0 0
x 0 0
x 0 0
x 0 0
x 0 0
x 0 0
x 0 0
x 0 0
x 0 0
x 0 0
x 0 0
x 0 0
x 0 0
x 0 0
#
# 
# Merged from harmonics.
# This data set was submitted by Jean-Pierre LaPointe
# (scipur@collegenotre-dame.qc.ca) 1996-11-29
# The source was the Table des Marees des Grands Ports du Monde, No. 540,
# from the Service Hydrographique et Oceanographique de la Marine - Paris,
# B.P. 426, 29275 Brest Cedex.
#
# 
# rel_pedigree: 1250000000 (Via LaPointe)
# BEGIN HOT COMMENTS
# country: United Kingdom
# restriction: Non-commercial use only
# datum: ACD
# confidence: 10
# !units: meters
# !longitude: -5.0493
# !latitude: 50.1558
Falmouth, England, United Kingdom
+00:00 :Europe/London
3.0000 meters
J1              0.0060  195.50
K1              0.0880  128.00
K2              0.1530  200.00
L2              0.0520  169.00
M1              0.0060   60.00
M2              1.6370  147.00
x 0 0
M4              0.1100  159.00
x 0 0
x 0 0
N2              0.3660  125.00
2N2             0.0490  103.00
O1              0.0790  352.00
OO1             0.0030  264.00
P1              0.0290  117.80
Q1              0.0370  278.00
2Q1             0.0020  217.10
R2              0.0040  198.00
x 0 0
S2              0.5610  196.00
x 0 0
x 0 0
T2              0.0330  194.00
LDA2            0.0110  169.70
MU2             0.0390   98.00
NU2             0.0710  127.90
RHO1            0.0030  293.70
x 0 0
x 0 0
MN4             0.0490  124.00
MS4             0.1070  208.00
x 0 0
x 0 0
x 0 0
x 0 0
x 0 0
x 0 0
x 0 0
x 0 0
x 0 0
x 0 0
x 0 0
x 0 0
x 0 0
x 0 0
x 0 0
x 0 0
x 0 0
x 0 0
x 0 0
x 0 0
x 0 0
x 0 0
x 0 0
x 0 0
x 0 0
x 0 0
x 0 0
x 0 0
x 0 0
x 0 0
x 0 0
x 0 0
x 0 0
x 0 0
x 0 0
x 0 0
x 0 0
x 0 0
x 0 0
x 0 0
x 0 0
x 0 0
x 0 0
x 0 0
x 0 0
x 0 0
x 0 0
x 0 0
x 0 0
x 0 0
x 0 0
x 0 0
x 0 0
x 0 0
x 0 0
x 0 0
x 0 0
x 0 0
x 0 0
x 0 0
x 0 0
x 0 0
x 0 0
x 0 0
x 0 0
x 0 0
x 0 0
#
# 
# Merged from harmonics.
# This data set was submitted by Jean-Pierre LaPointe
# (scipur@collegenotre-dame.qc.ca) 1996-11-29
# The source was the Table des Marees des Grands Ports du Monde, No. 540,
# from the Service Hydrographique et Oceanographique de la Marine - Paris,
# B.P. 426, 29275 Brest Cedex.
#
# 
# rel_pedigree: 1250000000 (Via LaPointe)
# BEGIN HOT COMMENTS
# country: Portugal
# restriction: Non-commercial use only
# datum: MLLW
# confidence: 10
# !units: meters
# !longitude: -7.8665
# !latitude: 36.9780
Faro-Olhão, Portugal
+01:00 :Europe/Lisbon
2.0000 meters
J1              0.0050  117.60
K1              0.0600   69.00
K2              0.0870  127.50
L2              0.0270  110.00
M1              0.0040   20.00
M2              0.9300   94.00
x 0 0
M4              0.0400  150.00
x 0 0
x 0 0
N2              0.1900   78.00
2N2             0.0250   62.00
O1              0.0600  331.00
OO1             0.0030  167.00
P1              0.0200   61.70
x 0 0
2Q1             0.0020  233.80
R2              0.0030  126.20
x 0 0
S2              0.3200  125.00
x 0 0
x 0 0
T2              0.0190  123.80
LDA2            0.0070  108.40
MU2             0.0220   63.00
NU2             0.0370   80.10
RHO1            0.0020  289.00
x 0 0
x 0 0
x 0 0
MS4             0.0200  162.00
x 0 0
x 0 0
x 0 0
x 0 0
x 0 0
x 0 0
x 0 0
x 0 0
x 0 0
x 0 0
x 0 0
x 0 0
x 0 0
x 0 0
x 0 0
x 0 0
x 0 0
x 0 0
x 0 0
x 0 0
x 0 0
x 0 0
x 0 0
x 0 0
x 0 0
x 0 0
x 0 0
x 0 0
x 0 0
x 0 0
x 0 0
x 0 0
x 0 0
x 0 0
x 0 0
x 0 0
x 0 0
x 0 0
x 0 0
x 0 0
x 0 0
x 0 0
x 0 0
x 0 0
x 0 0
x 0 0
x 0 0
x 0 0
x 0 0
x 0 0
x 0 0
x 0 0
x 0 0
x 0 0
x 0 0
x 0 0
x 0 0
x 0 0
x 0 0
x 0 0
x 0 0
x 0 0
x 0 0
x 0 0
x 0 0
x 0 0
x 0 0
#
# 
# Merged from harmonics.
# This data set was submitted by Jean-Pierre LaPointe
# (scipur@collegenotre-dame.qc.ca) 1996-11-29
# The source was the Table des Marees des Grands Ports du Monde, No. 540,
# from the Service Hydrographique et Oceanographique de la Marine - Paris,
# B.P. 426, 29275 Brest Cedex.
#
# 
# rel_pedigree: 1250000000 (Via LaPointe)
# BEGIN HOT COMMENTS
# country: Portugal
# restriction: Non-commercial use only
# datum: MLLW
# confidence: 10
# !units: meters
# !longitude: -8.8528
# !latitude: 40.1469
Figueira da Foz, Portugal
+01:00 :Europe/Lisbon
2.0000 meters
J1              0.0040  127.60
K1              0.0640   78.00
K2              0.0920  142.70
L2              0.0270  122.00
M1              0.0040   28.00
M2              0.9360  107.00
x 0 0
M4              0.0090  243.00
x 0 0
x 0 0
N2              0.1920   92.00
2N2             0.0260   77.00
O1              0.0530  338.00
OO1             0.0020  178.00
P1              0.0210   70.50
x 0 0
2Q1             0.0010  238.80
R2              0.0030  141.30
x 0 0
S2              0.3370  140.00
x 0 0
x 0 0
T2              0.0200  138.70
LDA2            0.0070  122.30
MU2             0.0220   74.00
NU2             0.0370   94.00
RHO1            0.0020  295.10
x 0 0
x 0 0
x 0 0
x 0 0
x 0 0
x 0 0
x 0 0
x 0 0
x 0 0
x 0 0
x 0 0
x 0 0
x 0 0
x 0 0
x 0 0
x 0 0
x 0 0
x 0 0
x 0 0
x 0 0
x 0 0
x 0 0
x 0 0
x 0 0
x 0 0
x 0 0
x 0 0
x 0 0
x 0 0
x 0 0
x 0 0
x 0 0
x 0 0
x 0 0
x 0 0
x 0 0
x 0 0
x 0 0
x 0 0
x 0 0
x 0 0
x 0 0
x 0 0
x 0 0
x 0 0
x 0 0
x 0 0
x 0 0
x 0 0
x 0 0
x 0 0
x 0 0
x 0 0
x 0 0
x 0 0
x 0 0
x 0 0
x 0 0
x 0 0
x 0 0
x 0 0
x 0 0
x 0 0
x 0 0
x 0 0
x 0 0
x 0 0
x 0 0
x 0 0
x 0 0
x 0 0
#
# 
# Merged from harmonics.
# This data set was submitted by Jean-Pierre LaPointe
# (scipur@collegenotre-dame.qc.ca) 1996-11-29
# The source was the Table des Marees des Grands Ports du Monde, No. 540,
# from the Service Hydrographique et Oceanographique de la Marine - Paris,
# B.P. 426, 29275 Brest Cedex.
#
# 
# rel_pedigree: 1250000000 (Via LaPointe)
# BEGIN HOT COMMENTS
# country: Greenland
# restriction: Non-commercial use only
# datum: MLLW
# confidence: 10
# !units: meters
# !longitude: -41.2833
# !latitude: 63.4000
Finnsbu, Greenland
-03:00 :America/Godthab
1.4000 meters
J1              0.0030  110.30
K1              0.1320   89.00
K2              0.1000  153.30
L2              0.0210  123.00
M1              0.0030   67.50
M2              0.8510  123.00
x 0 0
x 0 0
x 0 0
x 0 0
N2              0.1500  123.00
2N2             0.0200  123.00
O1              0.0440   46.00
OO1             0.0020  132.00
P1              0.0440   85.80
x 0 0
2Q1             0.0010    3.30
R2              0.0030  152.10
x 0 0
S2              0.3660  151.00
x 0 0
x 0 0
T2              0.0220  149.90
LDA2            0.0060  136.00
MU2             0.0200   95.00
NU2             0.0290  123.00
RHO1            0.0020   27.60
x 0 0
x 0 0
x 0 0
x 0 0
x 0 0
x 0 0
x 0 0
x 0 0
x 0 0
x 0 0
x 0 0
x 0 0
x 0 0
x 0 0
x 0 0
x 0 0
x 0 0
x 0 0
x 0 0
x 0 0
x 0 0
x 0 0
x 0 0
x 0 0
x 0 0
x 0 0
x 0 0
x 0 0
x 0 0
x 0 0
x 0 0
x 0 0
x 0 0
x 0 0
x 0 0
x 0 0
x 0 0
x 0 0
x 0 0
x 0 0
x 0 0
x 0 0
x 0 0
x 0 0
x 0 0
x 0 0
x 0 0
x 0 0
x 0 0
x 0 0
x 0 0
x 0 0
x 0 0
x 0 0
x 0 0
x 0 0
x 0 0
x 0 0
x 0 0
x 0 0
x 0 0
x 0 0
x 0 0
x 0 0
x 0 0
x 0 0
x 0 0
x 0 0
x 0 0
x 0 0
x 0 0
#
# 
# Merged from harmonics.
# This data set was submitted by Jean-Pierre LaPointe
# (scipur@collegenotre-dame.qc.ca) 1996-11-29
# The source was the Table des Marees des Grands Ports du Monde, No. 540,
# from the Service Hydrographique et Oceanographique de la Marine - Paris,
# B.P. 426, 29275 Brest Cedex.
#
# 
# rel_pedigree: 1250000000 (Via LaPointe)
# BEGIN HOT COMMENTS
# country: Vanuatu
# restriction: Non-commercial use only
# datum: MLLW
# confidence: 10
# !units: meters
# !longitude: 168.5500
# !latitude: -17.6833
Forari, Vanuatu
+11:00 :Pacific/Efate
0.8800 meters
J1              0.0060  233.30
K1              0.1500  212.00
K2              0.0330  156.50
L2              0.0170  181.00
M1              0.0060  190.50
M2              0.3870  150.00
x 0 0
x 0 0
x 0 0
x 0 0
N2              0.1170  119.00
2N2             0.0160   88.00
O1              0.0790  169.00
OO1             0.0030  255.00
P1              0.0500  208.80
Q1              0.0190  140.00
2Q1             0.0020  126.30
R2              0.0010  156.20
x 0 0
S2              0.1210  156.00
x 0 0
x 0 0
T2              0.0070  155.80
LDA2            0.0030  152.80
MU2             0.0090  144.00
NU2             0.0230  123.20
RHO1            0.0030  150.60
x 0 0
x 0 0
x 0 0
x 0 0
x 0 0
x 0 0
x 0 0
x 0 0
x 0 0
x 0 0
x 0 0
x 0 0
x 0 0
x 0 0
x 0 0
x 0 0
x 0 0
x 0 0
x 0 0
x 0 0
x 0 0
x 0 0
x 0 0
x 0 0
x 0 0
x 0 0
x 0 0
x 0 0
x 0 0
x 0 0
x 0 0
x 0 0
x 0 0
x 0 0
x 0 0
x 0 0
x 0 0
x 0 0
x 0 0
x 0 0
x 0 0
x 0 0
x 0 0
x 0 0
x 0 0
x 0 0
x 0 0
x 0 0
x 0 0
x 0 0
x 0 0
x 0 0
x 0 0
x 0 0
x 0 0
x 0 0
x 0 0
x 0 0
x 0 0
x 0 0
x 0 0
x 0 0
x 0 0
x 0 0
x 0 0
x 0 0
x 0 0
x 0 0
x 0 0
x 0 0
x 0 0
#
# 
# Merged from harmonics.
# This entry was converted automatically from a TD4 file.
# Time of conversion:  1997-06-01 19:12 EDT
#
# 
# FREEPORT HARBOUR, GRAND BAHAMA --------- 26d31. 'N 078d47. 'W--(FREEPRTB.TD4)
# DATA APPROXIMATE --- MEAN LEVEL INFERRED
# ATT DATA #2566 WITH INFERRED CONSTITUENTS -----------------------------------
#
# 
# rel_pedigree: 1000000000 (Approximated or converted data)
# BEGIN HOT COMMENTS
# country: Bahamas
# restriction: Non-commercial use only
# datum: MLLW
# confidence: 10
# !units: meters
# !longitude: -78.7779
# !latitude: 26.5187
Freeport Harbour, Grand Bahama Island, Bahamas
-05:00 :America/Nassau
0.6100 meters
J1              0.0040  127.54
K1              0.0600  132.00
K2              0.0190  245.62
L2              0.0118  234.72
M1              0.0036  136.50
M2              0.4200  224.00
x 0 0
x 0 0
x 0 0
x 0 0
N2              0.0815  213.28
2N2             0.0109  202.56
O1              0.0500  141.00
OO1             0.0022  123.00
P1              0.0199  132.68
Q1              0.0097  145.46
2Q1             0.0013  149.93
R2              0.0006  244.80
x 0 0
S2              0.0700  244.00
x 0 0
x 0 0
T2              0.0041  243.20
LDA2            0.0029  233.28
MU2             0.0101  204.00
NU2             0.0160  214.72
RHO1            0.0019  144.86
x 0 0
x 0 0
x 0 0
x 0 0
x 0 0
x 0 0
x 0 0
x 0 0
SA              0.0883  146.55
SSA             0.0333   24.86
x 0 0
x 0 0
x 0 0
x 0 0
x 0 0
x 0 0
x 0 0
x 0 0
x 0 0
x 0 0
x 0 0
x 0 0
x 0 0
x 0 0
x 0 0
x 0 0
x 0 0
x 0 0
x 0 0
x 0 0
x 0 0
x 0 0
x 0 0
x 0 0
x 0 0
x 0 0
x 0 0
x 0 0
x 0 0
x 0 0
x 0 0
x 0 0
x 0 0
x 0 0
x 0 0
x 0 0
x 0 0
x 0 0
x 0 0
x 0 0
x 0 0
x 0 0
x 0 0
x 0 0
x 0 0
x 0 0
x 0 0
x 0 0
x 0 0
x 0 0
x 0 0
x 0 0
x 0 0
x 0 0
x 0 0
x 0 0
x 0 0
x 0 0
x 0 0
x 0 0
x 0 0
#
# 
# Merged from harmonics.
# This data set was submitted by Jean-Pierre LaPointe
# (scipur@collegenotre-dame.qc.ca) 1996-11-29
# The source was the Table des Marees des Grands Ports du Monde, No. 540,
# from the Service Hydrographique et Oceanographique de la Marine - Paris,
# B.P. 426, 29275 Brest Cedex.
#
# 
# rel_pedigree: 1250000000 (Via LaPointe)
# BEGIN HOT COMMENTS
# country: Sierra Leone
# restriction: Non-commercial use only
# datum: MLLW
# confidence: 10
# !units: meters
# !longitude: -13.2747
# !latitude: 8.4925
Freetown, Sierra Leone
+00:00 :Africa/Freetown
1.7000 meters
J1              0.0020   35.10
K1              0.0980  351.00
K2              0.0880  262.60
L2              0.0290  247.00
M1              0.0020  306.50
M2              0.9770  228.00
x 0 0
M4              0.0140  303.00
x 0 0
x 0 0
N2              0.2000  209.00
2N2             0.0270  190.00
O1              0.0250  262.00
OO1             0.0010   80.00
P1              0.0320  344.30
Q1              0.0110  177.00
2Q1             0.0010  173.70
R2              0.0030  261.30
x 0 0
S2              0.3250  260.00
x 0 0
x 0 0
T2              0.0190  258.70
LDA2            0.0070  242.80
MU2             0.0230  196.00
NU2             0.0390  211.50
RHO1            0.0010  223.80
x 0 0
x 0 0
MN4             0.0030  219.00
MS4             0.0160   38.00
x 0 0
x 0 0
x 0 0
x 0 0
SA              0.0520  164.00
x 0 0
x 0 0
x 0 0
x 0 0
x 0 0
x 0 0
x 0 0
x 0 0
x 0 0
x 0 0
x 0 0
x 0 0
x 0 0
x 0 0
x 0 0
x 0 0
x 0 0
x 0 0
x 0 0
x 0 0
x 0 0
x 0 0
x 0 0
x 0 0
x 0 0
x 0 0
x 0 0
x 0 0
x 0 0
x 0 0
x 0 0
x 0 0
x 0 0
x 0 0
x 0 0
x 0 0
x 0 0
x 0 0
x 0 0
x 0 0
x 0 0
x 0 0
x 0 0
x 0 0
x 0 0
x 0 0
x 0 0
x 0 0
x 0 0
x 0 0
x 0 0
x 0 0
x 0 0
x 0 0
x 0 0
x 0 0
x 0 0
x 0 0
x 0 0
x 0 0
x 0 0
x 0 0
#
# 
# Merged from harmonics.
# This data set was submitted by Jean-Pierre LaPointe
# (scipur@collegenotre-dame.qc.ca) 1996-11-29
# The source was the Table des Marees des Grands Ports du Monde, No. 540,
# from the Service Hydrographique et Oceanographique de la Marine - Paris,
# B.P. 426, 29275 Brest Cedex.
#
# 
# rel_pedigree: 1250000000 (Via LaPointe)
# BEGIN HOT COMMENTS
# country: Sri Lanka
# restriction: Non-commercial use only
# datum: MLLW
# confidence: 10
# !units: meters
# !longitude: 80.2167
# !latitude: 6.0333
Galle, Sri Lanka
+05:30 :Asia/Colombo
0.3400 meters
J1              0.0010  355.20
K1              0.0510   21.00
K2              0.0300  102.50
L2              0.0030   70.00
M1              0.0010   47.00
M2              0.1610   56.00
x 0 0
M4              0.0040  162.00
x 0 0
x 0 0
N2              0.0190   42.00
2N2             0.0030   28.00
O1              0.0140   73.00
OO1             0.0010  329.00
P1              0.0170   24.90
Q1              0.0080   90.00
x 0 0
R2              0.0010  100.70
x 0 0
S2              0.1100   99.00
x 0 0
x 0 0
T2              0.0060   97.30
LDA2            0.0010   76.00
MU2             0.0040   13.00
NU2             0.0040   43.90
RHO1            0.0010   95.30
x 0 0
x 0 0
MN4             0.0050  207.00
MS4             0.0020  259.00
x 0 0
x 0 0
x 0 0
x 0 0
SA              0.1070  309.00
x 0 0
x 0 0
x 0 0
x 0 0
x 0 0
x 0 0
x 0 0
x 0 0
x 0 0
x 0 0
x 0 0
x 0 0
x 0 0
x 0 0
x 0 0
x 0 0
x 0 0
x 0 0
x 0 0
x 0 0
x 0 0
x 0 0
x 0 0
x 0 0
x 0 0
x 0 0
x 0 0
x 0 0
x 0 0
x 0 0
x 0 0
x 0 0
x 0 0
x 0 0
x 0 0
x 0 0
x 0 0
x 0 0
x 0 0
x 0 0
x 0 0
x 0 0
x 0 0
x 0 0
x 0 0
x 0 0
x 0 0
x 0 0
x 0 0
x 0 0
x 0 0
x 0 0
x 0 0
x 0 0
x 0 0
x 0 0
x 0 0
x 0 0
x 0 0
x 0 0
x 0 0
x 0 0
#
# 
# Merged from harmonics.canadian.
#
# 
# rel_pedigree: 1250000000 (Via LaPointe)
# BEGIN HOT COMMENTS
# country: Canada
# restriction: Non-commercial use only
# datum: LLWLT
# confidence: 10
# chs_id: 07820
# !units: meters
# !longitude: -123.5041
# !latitude: 49.4007
Gibsons, British Columbia, Canada
-08:00 :America/Vancouver
3.1780 meters
J1              0.0530  199.50
K1              0.8720  164.90
K2              0.0650  179.60
L2              0.0240  190.60
x 0 0
M2              0.9470  158.20
M3              0.0010  218.10
M4              0.0070  141.50
M6              0.0100   61.10
x 0 0
N2              0.1990  130.90
2N2             0.0320   93.10
O1              0.4830  150.60
x 0 0
P1              0.2730  166.70
Q1              0.0790  149.50
2Q1             0.0070  147.80
x 0 0
x 0 0
S2              0.2380  179.10
x 0 0
x 0 0
T2              0.0140  170.80
LDA2            0.0090  196.10
MU2             0.0150   58.10
NU2             0.0380  139.90
RHO1            0.0170  159.70
MK3             0.0060  147.50
x 0 0
MN4             0.0030  108.20
MS4             0.0030  155.80
2SM2            0.0020   35.10
x 0 0
MSF             0.0110  261.70
MM              0.0210  307.90
x 0 0
SSA             0.0540  187.70
SA-IOS          0.0960  356.80
MF-IOS          0.0160  117.20
S1-IOS          0.0360  131.70
OO1-IOS         0.0390  202.10
R2-IOS          0.0020  103.00
x 0 0
x 0 0
2MK6            0.0020  102.40
x 0 0
2MN6            0.0050   32.20
2MS6            0.0080   88.10
x 0 0
x 0 0
2SM6            0.0020   93.40
x 0 0
x 0 0
x 0 0
x 0 0
x 0 0
x 0 0
x 0 0
CHI1            0.0060  174.40
x 0 0
x 0 0
x 0 0
ETA2            0.0050   12.70
x 0 0
x 0 0
x 0 0
x 0 0
MK4             0.0020  240.50
MKS2            0.0020  261.70
x 0 0
EPS2            0.0010  186.90
MO3             0.0030   40.20
x 0 0
TAU1            0.0290  273.30
x 0 0
x 0 0
x 0 0
MSN2            0.0040   11.40
MSN6            0.0020   54.60
x 0 0
NO1             0.0220  185.30
OP2             0.0050   27.20
OQ2             0.0040   58.50
PHI1            0.0120  169.90
x 0 0
PI1             0.0140  151.20
x 0 0
PSI1            0.0220  161.30
x 0 0
x 0 0
SIG1            0.0140  197.50
SK3             0.0010  196.90
x 0 0
x 0 0
x 0 0
SO1             0.0270  271.70
x 0 0
THE1            0.0060  273.30
#
# 
# Merged from harmonics.
# This data set was submitted by Jean-Pierre LaPointe
# (scipur@collegenotre-dame.qc.ca) 1996-11-29
# The source was the Table des Marees des Grands Ports du Monde, No. 540,
# from the Service Hydrographique et Oceanographique de la Marine - Paris,
# B.P. 426, 29275 Brest Cedex.
#
# 
# rel_pedigree: 1250000000 (Via LaPointe)
# BEGIN HOT COMMENTS
# country: Greenland
# restriction: Non-commercial use only
# datum: MLLW
# confidence: 10
# !units: meters
# !longitude: -53.5481
# !latitude: 69.2472
Qeqertarsuaq, Greenland
-03:00 :America/Godthab
0.8800 meters
J1              0.0100  185.40
K1              0.3170  169.00
K2              0.0670  303.80
L2              0.0250  272.00
M1              0.0090  152.50
M2              0.5950  267.00
x 0 0
M4              0.0060  112.00
x 0 0
x 0 0
N2              0.1720  262.00
2N2             0.0230  257.00
O1              0.1280  136.00
OO1             0.0060  202.00
P1              0.1050  166.50
x 0 0
2Q1             0.0030  103.30
R2              0.0020  302.40
x 0 0
S2              0.2460  301.00
x 0 0
x 0 0
T2              0.0150  299.60
LDA2            0.0040  282.80
MU2             0.0140  233.00
NU2             0.0330  262.70
RHO1            0.0050  121.80
x 0 0
x 0 0
x 0 0
MS4             0.0080  220.00
x 0 0
x 0 0
x 0 0
x 0 0
x 0 0
x 0 0
x 0 0
x 0 0
x 0 0
x 0 0
x 0 0
x 0 0
x 0 0
x 0 0
x 0 0
x 0 0
x 0 0
x 0 0
x 0 0
x 0 0
x 0 0
x 0 0
x 0 0
x 0 0
x 0 0
x 0 0
x 0 0
x 0 0
x 0 0
x 0 0
x 0 0
x 0 0
x 0 0
x 0 0
x 0 0
x 0 0
x 0 0
x 0 0
x 0 0
x 0 0
x 0 0
x 0 0
x 0 0
x 0 0
x 0 0
x 0 0
x 0 0
x 0 0
x 0 0
x 0 0
x 0 0
x 0 0
x 0 0
x 0 0
x 0 0
x 0 0
x 0 0
x 0 0
x 0 0
x 0 0
x 0 0
x 0 0
x 0 0
x 0 0
x 0 0
x 0 0
x 0 0
#
# 
# Merged from harmonics.
# This data set was submitted by Jean-Pierre LaPointe
# (scipur@collegenotre-dame.qc.ca) 1996-11-29
# The source was the Table des Marees des Grands Ports du Monde, No. 540,
# from the Service Hydrographique et Oceanographique de la Marine - Paris,
# B.P. 426, 29275 Brest Cedex.
#
# 
# rel_pedigree: 1250000000 (Via LaPointe)
# BEGIN HOT COMMENTS
# country: Bermuda
# restriction: Non-commercial use only
# datum: MLLW
# confidence: 10
# !units: meters
# !longitude: -64.8333
# !latitude: 32.3167
Great Sound, Ireland Island, Bermuda
-04:00 :Atlantic/Bermuda
0.6600 meters
J1              0.0040  131.50
K1              0.0690  134.00
K2              0.0230  274.90
L2              0.0120  268.00
M1              0.0040  136.50
M2              0.3790  250.00
x 0 0
M4              0.0020   16.00
x 0 0
x 0 0
N2              0.0860  232.00
2N2             0.0110  214.00
O1              0.0540  139.00
OO1             0.0020  129.00
P1              0.0230  134.40
Q1              0.0110  141.00
2Q1             0.0010  144.00
R2              0.0010  273.90
x 0 0
S2              0.0830  273.00
x 0 0
x 0 0
T2              0.0050  272.10
LDA2            0.0030  260.70
MU2             0.0090  227.00
NU2             0.0170  234.40
RHO1            0.0020  141.10
x 0 0
x 0 0
x 0 0
MS4             0.0020   82.00
x 0 0
x 0 0
x 0 0
x 0 0
SA              0.1010  238.00
x 0 0
x 0 0
x 0 0
x 0 0
x 0 0
x 0 0
x 0 0
x 0 0
x 0 0
x 0 0
x 0 0
x 0 0
x 0 0
x 0 0
x 0 0
x 0 0
x 0 0
x 0 0
x 0 0
x 0 0
x 0 0
x 0 0
x 0 0
x 0 0
x 0 0
x 0 0
x 0 0
x 0 0
x 0 0
x 0 0
x 0 0
x 0 0
x 0 0
x 0 0
x 0 0
x 0 0
x 0 0
x 0 0
x 0 0
x 0 0
x 0 0
x 0 0
x 0 0
x 0 0
x 0 0
x 0 0
x 0 0
x 0 0
x 0 0
x 0 0
x 0 0
x 0 0
x 0 0
x 0 0
x 0 0
x 0 0
x 0 0
x 0 0
x 0 0
x 0 0
x 0 0
x 0 0
#
# 
# Merged from harmonics.
# This entry was converted automatically from a TD4 file.
# Time of conversion:  1997-06-01 19:12 EDT
#
# 
# GREEN TURTLE CAY, BAHAMAS -------------- 26d46. 'N 077d18. 'W--(GRNTURTL.TD4)
# MEAN LEVEL INFERRED ---------------------------------------------------------
# ATT DATA #2562 WITH INFERRED CONSTITUENTS -----------------------------------
#
# 
# rel_pedigree: 1000000000 (Approximated or converted data)
# BEGIN HOT COMMENTS
# country: Bahamas
# restriction: Non-commercial use only
# datum: MLLW
# confidence: 10
# !units: meters
# !longitude: -77.3245
# !latitude: 26.7701
Green Turtle Cay, Bahamas
-05:00 :America/Nassau
0.5800 meters
J1              0.0055  133.47
K1              0.0800  130.00
K2              0.0163  255.27
L2              0.0109  240.01
M1              0.0050  126.50
M2              0.3900  225.00
x 0 0
x 0 0
x 0 0
x 0 0
N2              0.0757  209.99
2N2             0.0101  194.98
O1              0.0700  123.00
OO1             0.0030  137.00
P1              0.0265  129.47
Q1              0.0136  119.53
2Q1             0.0018  116.06
R2              0.0005  254.12
x 0 0
S2              0.0600  253.00
x 0 0
x 0 0
T2              0.0035  251.88
LDA2            0.0027  237.99
MU2             0.0094  197.00
NU2             0.0148  212.01
RHO1            0.0027  120.00
x 0 0
x 0 0
x 0 0
x 0 0
x 0 0
x 0 0
x 0 0
x 0 0
SA              0.0883  146.55
SSA             0.0333   24.86
x 0 0
x 0 0
x 0 0
x 0 0
x 0 0
x 0 0
x 0 0
x 0 0
x 0 0
x 0 0
x 0 0
x 0 0
x 0 0
x 0 0
x 0 0
x 0 0
x 0 0
x 0 0
x 0 0
x 0 0
x 0 0
x 0 0
x 0 0
x 0 0
x 0 0
x 0 0
x 0 0
x 0 0
x 0 0
x 0 0
x 0 0
x 0 0
x 0 0
x 0 0
x 0 0
x 0 0
x 0 0
x 0 0
x 0 0
x 0 0
x 0 0
x 0 0
x 0 0
x 0 0
x 0 0
x 0 0
x 0 0
x 0 0
x 0 0
x 0 0
x 0 0
x 0 0
x 0 0
x 0 0
x 0 0
x 0 0
x 0 0
x 0 0
x 0 0
x 0 0
x 0 0
#
# 
# Merged from harmonics.
# This data set was submitted by Jean-Pierre LaPointe
# (scipur@collegenotre-dame.qc.ca) 1996-11-29
# The source was the Table des Marees des Grands Ports du Monde, No. 540,
# from the Service Hydrographique et Oceanographique de la Marine - Paris,
# B.P. 426, 29275 Brest Cedex.
#
# 
# rel_pedigree: 1250000000 (Via LaPointe)
# BEGIN HOT COMMENTS
# country: United Kingdom
# restriction: Non-commercial use only
# datum: ACD
# confidence: 10
# !units: meters
# !longitude: -4.7652
# !latitude: 55.9575
Greenock, Scotland, United Kingdom
+00:00 :Europe/London
1.9400 meters
J1              0.0070  264.90
K1              0.1000  192.00
K2              0.0870   38.20
L2              0.0310   12.00
M1              0.0070  118.50
M2              1.1650  342.00
x 0 0
M4              0.0940   88.00
x 0 0
x 0 0
N2              0.2200  312.00
2N2             0.0290  282.00
O1              0.0940   45.00
OO1             0.0040  339.00
P1              0.0330  181.00
Q1              0.0200  341.00
2Q1             0.0020  259.20
R2              0.0030   36.10
x 0 0
S2              0.3210   34.00
x 0 0
x 0 0
T2              0.0190   31.90
LDA2            0.0080    6.10
MU2             0.0280  290.00
NU2             0.0430  316.00
RHO1            0.0040  341.90
x 0 0
x 0 0
MN4             0.0420   83.00
MS4             0.1110  118.00
x 0 0
x 0 0
x 0 0
x 0 0
SA              0.1510  261.00
x 0 0
x 0 0
x 0 0
x 0 0
x 0 0
x 0 0
x 0 0
x 0 0
x 0 0
x 0 0
x 0 0
x 0 0
x 0 0
x 0 0
x 0 0
x 0 0
x 0 0
x 0 0
x 0 0
x 0 0
x 0 0
x 0 0
x 0 0
x 0 0
x 0 0
x 0 0
x 0 0
x 0 0
x 0 0
x 0 0
x 0 0
x 0 0
x 0 0
x 0 0
x 0 0
x 0 0
x 0 0
x 0 0
x 0 0
x 0 0
x 0 0
x 0 0
x 0 0
x 0 0
x 0 0
x 0 0
x 0 0
x 0 0
x 0 0
x 0 0
x 0 0
x 0 0
x 0 0
x 0 0
x 0 0
x 0 0
x 0 0
x 0 0
x 0 0
x 0 0
x 0 0
x 0 0
#
# 
# GREVILLE, S. ISLAND, NEW ZEALAND ------- 40d52. 'S 173d48. 'E--(GREVILLE.TD4)
#
# 
# DIFFERENCES ON NELSON - 1993/4 NZ TT
#
# 
# rel_pedigree: 1000000000 (Approximated or converted data)
# BEGIN HOT COMMENTS
# country: New Zealand
# restriction: Non-commercial use only
# datum: MLLW
# confidence: 10
# !units: meters
# !longitude: 173.8096
# !latitude: -40.8587
Greville Harbour / Wharariki, New Zealand
-12:00 :Pacific/Auckland
2.1991 meters
J1              0.0078  213.90
K1              0.0537  186.84
K2              0.1155  309.93
L2              0.0338  289.25
x 0 0
M2              1.2411  274.83
M3              0.0249  189.58
M4              0.0175  276.74
M6              0.0013  161.69
M8              0.0006  124.60
N2              0.1959  257.45
2N2             0.0367  237.73
O1              0.0182   81.85
OO1             0.0023  332.40
P1              0.0125  169.27
Q1              0.0053   44.95
2Q1             0.0020  190.45
x 0 0
x 0 0
S2              0.3805  325.84
S4              0.0039   64.21
x 0 0
x 0 0
LDA2            0.0363  331.50
MU2             0.0385  237.55
NU2             0.0634  258.76
RHO1            0.0064    7.08
MK3             0.0140  162.69
x 0 0
MN4             0.0010  141.29
MS4             0.0190  318.13
x 0 0
MF              0.0168  352.97
MSF             0.0152  124.88
MM              0.0021  220.71
x 0 0
SSA             0.0213  197.08
x 0 0
x 0 0
x 0 0
x 0 0
x 0 0
x 0 0
x 0 0
2MK6            0.0015  225.89
x 0 0
2MN6            0.0031  197.45
2MS6            0.0054  261.20
x 0 0
x 0 0
2SM6            0.0013   36.46
x 0 0
x 0 0
x 0 0
x 0 0
x 0 0
x 0 0
x 0 0
CHI1            0.0035  319.82
x 0 0
x 0 0
x 0 0
x 0 0
x 0 0
x 0 0
x 0 0
x 0 0
MK4             0.0083  282.03
MKS2            0.0605  182.57
x 0 0
x 0 0
MO3             0.0030   18.92
x 0 0
x 0 0
x 0 0
MSK6            0.0021  108.37
x 0 0
MSN2            0.0042   53.57
x 0 0
x 0 0
NO1             0.0032  235.51
x 0 0
OQ2             0.0060  285.73
PHI1            0.0070  169.89
x 0 0
x 0 0
x 0 0
x 0 0
x 0 0
x 0 0
SIG1            0.0058   12.72
SK3             0.0241  139.22
SK4             0.0052   81.93
SN4             0.0031  223.47
x 0 0
SO1             0.0046    8.31
SO3             0.0114   94.38
THE1            0.0067   22.60
#
# 
# Merged from harmonics.
# This data set was submitted by Jean-Pierre LaPointe
# (scipur@collegenotre-dame.qc.ca) 1996-11-29
# The source was the Table des Marees des Grands Ports du Monde, No. 540,
# from the Service Hydrographique et Oceanographique de la Marine - Paris,
# B.P. 426, 29275 Brest Cedex.
#
# 
# rel_pedigree: 1250000000 (Via LaPointe)
# BEGIN HOT COMMENTS
# country: Ecuador
# restriction: Non-commercial use only
# datum: MLLW
# confidence: 10
# !units: meters
# !longitude: -79.8797
# !latitude: -2.1950
Guayaquil (Río Guayas), Ecuador
-05:00 :America/Guayaquil
1.9200 meters
J1              0.0030   13.00
K1              0.0880   17.00
K2              0.0950  281.40
L2              0.0360  233.00
M1              0.0030   21.00
M2              1.5040  236.00
x 0 0
M4              0.1460   24.00
x 0 0
x 0 0
N2              0.2500  239.00
2N2             0.0330  242.00
O1              0.0370   25.00
OO1             0.0020    9.00
P1              0.0290   17.60
Q1              0.0060  226.00
2Q1             0.0010   32.90
R2              0.0030  279.70
x 0 0
S2              0.3480  278.00
x 0 0
x 0 0
T2              0.0210  276.30
LDA2            0.0110  255.50
MU2             0.0360  194.00
NU2             0.0490  238.60
RHO1            0.0010   28.40
x 0 0
x 0 0
MN4             0.0490   27.00
MS4             0.0810   68.00
x 0 0
x 0 0
x 0 0
x 0 0
x 0 0
x 0 0
x 0 0
x 0 0
x 0 0
x 0 0
x 0 0
x 0 0
x 0 0
x 0 0
x 0 0
x 0 0
x 0 0
x 0 0
x 0 0
x 0 0
x 0 0
x 0 0
x 0 0
x 0 0
x 0 0
x 0 0
x 0 0
x 0 0
x 0 0
x 0 0
x 0 0
x 0 0
x 0 0
x 0 0
x 0 0
x 0 0
x 0 0
x 0 0
x 0 0
x 0 0
x 0 0
x 0 0
x 0 0
x 0 0
x 0 0
x 0 0
x 0 0
x 0 0
x 0 0
x 0 0
x 0 0
x 0 0
x 0 0
x 0 0
x 0 0
x 0 0
x 0 0
x 0 0
x 0 0
x 0 0
x 0 0
x 0 0
x 0 0
x 0 0
x 0 0
x 0 0
x 0 0
#
# 
# Merged from harmonics.
# This data set was submitted by Jean-Pierre LaPointe
# (scipur@collegenotre-dame.qc.ca) 1996-11-29
# The source was the Table des Marees des Grands Ports du Monde, No. 540,
# from the Service Hydrographique et Oceanographique de la Marine - Paris,
# B.P. 426, 29275 Brest Cedex.
#
# 
# rel_pedigree: 1250000000 (Via LaPointe)
# BEGIN HOT COMMENTS
# country: Vietnam
# restriction: Non-commercial use only
# datum: MLLW
# confidence: 10
# !units: meters
# !longitude: 106.6714
# !latitude: 20.8685
Haiphong, Vietnam
+07:00 :Asia/Saigon
2.0200 meters
J1              0.0580  141.70
K1              0.6390  109.00
K2              0.0130  145.70
x 0 0
M1              0.0520   76.00
M2              0.0440   70.00
x 0 0
M4              0.0120  300.00
x 0 0
x 0 0
N2              0.0030   73.00
x 0 0
O1              0.7290   43.00
OO1             0.0310  175.00
P1              0.2120  104.10
Q1              0.1500    7.00
2Q1             0.0190  337.50
x 0 0
x 0 0
S2              0.0470  140.00
x 0 0
x 0 0
T2              0.0030  137.20
x 0 0
MU2             0.0010    0.00
NU2             0.0010   72.60
RHO1            0.0280   14.70
x 0 0
x 0 0
x 0 0
MS4             0.0100   27.00
x 0 0
x 0 0
x 0 0
x 0 0
SA              0.1340  176.00
x 0 0
x 0 0
x 0 0
x 0 0
x 0 0
x 0 0
x 0 0
x 0 0
x 0 0
x 0 0
x 0 0
x 0 0
x 0 0
x 0 0
x 0 0
x 0 0
x 0 0
x 0 0
x 0 0
x 0 0
x 0 0
x 0 0
x 0 0
x 0 0
x 0 0
x 0 0
x 0 0
x 0 0
x 0 0
x 0 0
x 0 0
x 0 0
x 0 0
x 0 0
x 0 0
x 0 0
x 0 0
x 0 0
x 0 0
x 0 0
x 0 0
x 0 0
x 0 0
x 0 0
x 0 0
x 0 0
x 0 0
x 0 0
x 0 0
x 0 0
x 0 0
x 0 0
x 0 0
x 0 0
x 0 0
x 0 0
x 0 0
x 0 0
x 0 0
x 0 0
x 0 0
x 0 0
#
# 
# Merged from harmonics.
# This data set was submitted by Jean-Pierre LaPointe
# (scipur@collegenotre-dame.qc.ca) 1996-11-29
# The source was the Table des Marees des Grands Ports du Monde, No. 540,
# from the Service Hydrographique et Oceanographique de la Marine - Paris,
# B.P. 426, 29275 Brest Cedex.
#
# 
# rel_pedigree: 1250000000 (Via LaPointe)
# BEGIN HOT COMMENTS
# country: Eritrea
# restriction: Non-commercial use only
# datum: MLLW
# confidence: 10
# !units: meters
# !longitude: 40.1689
# !latitude: 16.5032
Harmil Island, Eritrea
+03:00 :Africa/Asmera
0.3000 meters
J1              0.0010  196.10
K1              0.0220  211.00
K2              0.0100   65.50
L2              0.0060   72.00
M1              0.0010  226.00
M2              0.1320   45.00
x 0 0
M4              0.0130   24.00
x 0 0
x 0 0
N2              0.0420   18.00
2N2             0.0060  351.00
O1              0.0130  241.00
OO1             0.0010  181.00
P1              0.0070  213.30
x 0 0
x 0 0
x 0 0
x 0 0
S2              0.0350   64.00
x 0 0
x 0 0
T2              0.0020   63.20
LDA2            0.0010   53.80
MU2             0.0030   26.00
NU2             0.0080   21.60
x 0 0
x 0 0
x 0 0
x 0 0
MS4             0.0100   85.00
x 0 0
x 0 0
x 0 0
x 0 0
x 0 0
x 0 0
x 0 0
x 0 0
x 0 0
x 0 0
x 0 0
x 0 0
x 0 0
x 0 0
x 0 0
x 0 0
x 0 0
x 0 0
x 0 0
x 0 0
x 0 0
x 0 0
x 0 0
x 0 0
x 0 0
x 0 0
x 0 0
x 0 0
x 0 0
x 0 0
x 0 0
x 0 0
x 0 0
x 0 0
x 0 0
x 0 0
x 0 0
x 0 0
x 0 0
x 0 0
x 0 0
x 0 0
x 0 0
x 0 0
x 0 0
x 0 0
x 0 0
x 0 0
x 0 0
x 0 0
x 0 0
x 0 0
x 0 0
x 0 0
x 0 0
x 0 0
x 0 0
x 0 0
x 0 0
x 0 0
x 0 0
x 0 0
x 0 0
x 0 0
x 0 0
x 0 0
x 0 0
#
# 
# Merged from harmonics.
# This data set was submitted by Jean-Pierre LaPointe
# (scipur@collegenotre-dame.qc.ca) 1996-11-29
# The source was the Table des Marees des Grands Ports du Monde, No. 540,
# from the Service Hydrographique et Oceanographique de la Marine - Paris,
# B.P. 426, 29275 Brest Cedex.
#
# 
# rel_pedigree: 1250000000 (Via LaPointe)
# BEGIN HOT COMMENTS
# country: Madagascar
# restriction: Non-commercial use only
# datum: MLLW
# confidence: 10
# !units: meters
# !longitude: 48.2790
# !latitude: -13.4060
Andoany (Hell-Ville), Madagascar
+03:00 :Indian/Antananarivo
2.3100 meters
J1              0.0070   52.50
K1              0.1450   52.00
K2              0.1560  158.40
L2              0.0280  136.00
M1              0.0060   51.50
M2              1.0960  113.00
x 0 0
M4              0.0070  291.00
x 0 0
x 0 0
N2              0.1960   90.00
2N2             0.0260   67.00
O1              0.0910   51.00
OO1             0.0040   53.00
P1              0.0480   51.90
Q1              0.0200   41.00
2Q1             0.0020   50.00
R2              0.0050  156.70
x 0 0
S2              0.5740  155.00
x 0 0
x 0 0
T2              0.0340  153.30
LDA2            0.0080  132.50
MU2             0.0260   71.00
NU2             0.0380   93.10
RHO1            0.0030   50.60
x 0 0
x 0 0
MN4             0.0040  238.00
x 0 0
x 0 0
x 0 0
x 0 0
x 0 0
SA              0.0480  299.00
x 0 0
x 0 0
x 0 0
x 0 0
x 0 0
x 0 0
x 0 0
x 0 0
x 0 0
x 0 0
x 0 0
x 0 0
x 0 0
x 0 0
x 0 0
x 0 0
x 0 0
x 0 0
x 0 0
x 0 0
x 0 0
x 0 0
x 0 0
x 0 0
x 0 0
x 0 0
x 0 0
x 0 0
x 0 0
x 0 0
x 0 0
x 0 0
x 0 0
x 0 0
x 0 0
x 0 0
x 0 0
x 0 0
x 0 0
x 0 0
x 0 0
x 0 0
x 0 0
x 0 0
x 0 0
x 0 0
x 0 0
x 0 0
x 0 0
x 0 0
x 0 0
x 0 0
x 0 0
x 0 0
x 0 0
x 0 0
x 0 0
x 0 0
x 0 0
x 0 0
x 0 0
x 0 0
#
# 
# Merged from harmonics.
# This data set was submitted by Jean-Pierre LaPointe
# (scipur@collegenotre-dame.qc.ca) 1996-11-29
# The source was the Table des Marees des Grands Ports du Monde, No. 540,
# from the Service Hydrographique et Oceanographique de la Marine - Paris,
# B.P. 426, 29275 Brest Cedex.
#
# 
# rel_pedigree: 1250000000 (Via LaPointe)
# BEGIN HOT COMMENTS
# country: Grenada
# restriction: Non-commercial use only
# datum: MLLW
# confidence: 10
# !units: meters
# !longitude: -61.4591
# !latitude: 12.4836
Hillsborough, Carriacou, The Grenadines, Grenada
-04:00 :America/Grenada
0.3400 meters
J1              0.0060  180.00
K1              0.0940  178.00
K2              0.0060  136.80
L2              0.0030  100.00
M1              0.0050  176.00
M2              0.0670  100.00
x 0 0
M4              0.0060   89.00
x 0 0
x 0 0
N2              0.0240  100.00
2N2             0.0030  100.00
O1              0.0700  174.00
OO1             0.0030  182.00
P1              0.0310  177.70
x 0 0
2Q1             0.0020  170.00
x 0 0
x 0 0
S2              0.0210  134.00
x 0 0
x 0 0
T2              0.0010  132.60
x 0 0
MU2             0.0020   66.00
NU2             0.0050  100.00
RHO1            0.0030  172.30
x 0 0
x 0 0
x 0 0
MS4             0.0030   48.00
x 0 0
x 0 0
x 0 0
x 0 0
x 0 0
x 0 0
x 0 0
x 0 0
x 0 0
x 0 0
x 0 0
x 0 0
x 0 0
x 0 0
x 0 0
x 0 0
x 0 0
x 0 0
x 0 0
x 0 0
x 0 0
x 0 0
x 0 0
x 0 0
x 0 0
x 0 0
x 0 0
x 0 0
x 0 0
x 0 0
x 0 0
x 0 0
x 0 0
x 0 0
x 0 0
x 0 0
x 0 0
x 0 0
x 0 0
x 0 0
x 0 0
x 0 0
x 0 0
x 0 0
x 0 0
x 0 0
x 0 0
x 0 0
x 0 0
x 0 0
x 0 0
x 0 0
x 0 0
x 0 0
x 0 0
x 0 0
x 0 0
x 0 0
x 0 0
x 0 0
x 0 0
x 0 0
x 0 0
x 0 0
x 0 0
x 0 0
x 0 0
#
# 
# Merged from harmonics.
# This data set was submitted by Jean-Pierre LaPointe
# (scipur@collegenotre-dame.qc.ca) 1996-11-29
# The source was the Table des Marees des Grands Ports du Monde, No. 540,
# from the Service Hydrographique et Oceanographique de la Marine - Paris,
# B.P. 426, 29275 Brest Cedex.
#
# 
# rel_pedigree: 1250000000 (Via LaPointe)
# BEGIN HOT COMMENTS
# country: Vietnam
# restriction: Non-commercial use only
# datum: MLLW
# confidence: 10
# !units: meters
# !longitude: 105.7700
# !latitude: 18.7981
Hon Ngu (Cua Lo), Vietnam
+07:00 :Asia/Saigon
1.8200 meters
J1              0.0470  115.80
K1              0.4960   88.00
K2              0.0270   90.60
L2              0.0080    5.00
M1              0.0420   60.00
M2              0.3030    2.00
x 0 0
x 0 0
x 0 0
x 0 0
N2              0.0590  359.00
2N2             0.0080  356.00
O1              0.5890   32.00
OO1             0.0250  144.00
P1              0.1640   83.80
Q1              0.1140   28.00
2Q1             0.0150  336.40
R2              0.0010   87.30
x 0 0
S2              0.1000   84.00
x 0 0
x 0 0
T2              0.0060   80.70
LDA2            0.0020   40.00
MU2             0.0070  280.00
NU2             0.0110  359.40
RHO1            0.0220    8.00
x 0 0
x 0 0
x 0 0
x 0 0
x 0 0
x 0 0
x 0 0
x 0 0
x 0 0
x 0 0
x 0 0
x 0 0
x 0 0
x 0 0
x 0 0
x 0 0
x 0 0
x 0 0
x 0 0
x 0 0
x 0 0
x 0 0
x 0 0
x 0 0
x 0 0
x 0 0
x 0 0
x 0 0
x 0 0
x 0 0
x 0 0
x 0 0
x 0 0
x 0 0
x 0 0
x 0 0
x 0 0
x 0 0
x 0 0
x 0 0
x 0 0
x 0 0
x 0 0
x 0 0
x 0 0
x 0 0
x 0 0
x 0 0
x 0 0
x 0 0
x 0 0
x 0 0
x 0 0
x 0 0
x 0 0
x 0 0
x 0 0
x 0 0
x 0 0
x 0 0
x 0 0
x 0 0
x 0 0
x 0 0
x 0 0
x 0 0
x 0 0
x 0 0
x 0 0
x 0 0
x 0 0
#
# 
# Merged from harmonics.
# This data set was submitted by Jean-Pierre LaPointe
# (scipur@collegenotre-dame.qc.ca) 1996-11-29
# The source was the Table des Marees des Grands Ports du Monde, No. 540,
# from the Service Hydrographique et Oceanographique de la Marine - Paris,
# B.P. 426, 29275 Brest Cedex.
#
# 
# rel_pedigree: 1250000000 (Via LaPointe)
# BEGIN HOT COMMENTS
# country: Vietnam
# restriction: Non-commercial use only
# datum: MLLW
# confidence: 10
# !units: meters
# !longitude: 107.0678
# !latitude: 20.9538
Hong Gai (Ha Long), Vietnam
+07:00 :Asia/Saigon
1.8600 meters
J1              0.0710  114.80
K1              0.8460   88.00
K2              0.0120  117.20
L2              0.0020  119.00
M1              0.0640   61.00
M2              0.0670  115.00
x 0 0
x 0 0
x 0 0
x 0 0
N2              0.0130  111.00
2N2             0.0020  107.00
O1              0.8970   34.00
OO1             0.0390  142.00
P1              0.2800   84.00
Q1              0.1740   30.00
2Q1             0.0230  340.40
x 0 0
x 0 0
S2              0.0440  117.00
x 0 0
x 0 0
T2              0.0030  116.90
x 0 0
MU2             0.0020  113.00
NU2             0.0030  111.50
RHO1            0.0340   10.80
x 0 0
x 0 0
x 0 0
x 0 0
x 0 0
x 0 0
x 0 0
x 0 0
x 0 0
x 0 0
x 0 0
x 0 0
x 0 0
x 0 0
x 0 0
x 0 0
x 0 0
x 0 0
x 0 0
x 0 0
x 0 0
x 0 0
x 0 0
x 0 0
x 0 0
x 0 0
x 0 0
x 0 0
x 0 0
x 0 0
x 0 0
x 0 0
x 0 0
x 0 0
x 0 0
x 0 0
x 0 0
x 0 0
x 0 0
x 0 0
x 0 0
x 0 0
x 0 0
x 0 0
x 0 0
x 0 0
x 0 0
x 0 0
x 0 0
x 0 0
x 0 0
x 0 0
x 0 0
x 0 0
x 0 0
x 0 0
x 0 0
x 0 0
x 0 0
x 0 0
x 0 0
x 0 0
x 0 0
x 0 0
x 0 0
x 0 0
x 0 0
x 0 0
x 0 0
x 0 0
x 0 0
#
# 
# Merged from harmonics.
# This data set was submitted by Jean-Pierre LaPointe
# (scipur@collegenotre-dame.qc.ca) 1996-11-29
# The source was the Table des Marees des Grands Ports du Monde, No. 540,
# from the Service Hydrographique et Oceanographique de la Marine - Paris,
# B.P. 426, 29275 Brest Cedex.
#
# 
# rel_pedigree: 1250000000 (Via LaPointe)
# BEGIN HOT COMMENTS
# country: Canada
# restriction: Non-commercial use only
# datum: LLWLT
# confidence: 10
# !units: meters
# !longitude: -123.2736
# !latitude: 49.3781
Horseshoe Bay, British Columbia, Canada
-08:00 :America/Vancouver
3.0500 meters
J1              0.0380  172.90
K1              0.8580  166.00
K2              0.0630  180.70
L2              0.0290  178.00
M1              0.0340  159.00
M2              0.9170  158.00
x 0 0
M4              0.0090  149.00
x 0 0
x 0 0
N2              0.2010  138.00
2N2             0.0270  118.00
O1              0.4770  152.00
OO1             0.0210  180.00
P1              0.2840  165.00
Q1              0.0770  148.00
2Q1             0.0120  138.10
R2              0.0020  179.80
x 0 0
S2              0.2330  179.00
x 0 0
x 0 0
T2              0.0140  178.20
LDA2            0.0060  167.70
MU2             0.0220  137.00
NU2             0.0390  140.70
RHO1            0.0180  146.00
x 0 0
x 0 0
MN4             0.0030  126.00
MS4             0.0040  150.00
x 0 0
x 0 0
x 0 0
x 0 0
SA              0.0260   33.00
x 0 0
x 0 0
x 0 0
x 0 0
x 0 0
x 0 0
x 0 0
x 0 0
x 0 0
x 0 0
x 0 0
x 0 0
x 0 0
x 0 0
x 0 0
x 0 0
x 0 0
x 0 0
x 0 0
x 0 0
x 0 0
x 0 0
x 0 0
x 0 0
x 0 0
x 0 0
x 0 0
x 0 0
x 0 0
x 0 0
x 0 0
x 0 0
x 0 0
x 0 0
x 0 0
x 0 0
x 0 0
x 0 0
x 0 0
x 0 0
x 0 0
x 0 0
x 0 0
x 0 0
x 0 0
x 0 0
x 0 0
x 0 0
x 0 0
x 0 0
x 0 0
x 0 0
x 0 0
x 0 0
x 0 0
x 0 0
x 0 0
x 0 0
x 0 0
x 0 0
x 0 0
x 0 0
#
# 
# Merged from harmonics.
# This data set was submitted by Jean-Pierre LaPointe
# (scipur@collegenotre-dame.qc.ca) 1996-11-29
# The source was the Table des Marees des Grands Ports du Monde, No. 540,
# from the Service Hydrographique et Oceanographique de la Marine - Paris,
# B.P. 426, 29275 Brest Cedex.
#
# 
# rel_pedigree: 1250000000 (Via LaPointe)
# BEGIN HOT COMMENTS
# country: Azores
# restriction: Non-commercial use only
# datum: MLLW
# confidence: 10
# psmsl_id: 156
# ssc_id: SSC-hort
# uhslc_id: 212
# !units: meters
# !longitude: -28.6214
# !latitude: 38.5339
Horta (Faial), Açores, Portugal
-01:00 :Atlantic/Azores
1.0000 meters
J1              0.0020  123.60
K1              0.0430   69.00
K2              0.0410   48.10
L2              0.0130   40.00
M1              0.0010   14.00
M2              0.4080   34.00
x 0 0
M4              0.0070   70.00
x 0 0
x 0 0
N2              0.0880   28.00
2N2             0.0120   22.00
O1              0.0200  319.00
OO1             0.0010  179.00
P1              0.0140   60.80
Q1              0.0080  245.00
2Q1             0.0010  209.90
R2              0.0010   47.50
x 0 0
S2              0.1510   47.00
x 0 0
x 0 0
T2              0.0090   46.50
LDA2            0.0030   40.00
MU2             0.0100   21.00
NU2             0.0170   28.80
RHO1            0.0010  271.80
x 0 0
x 0 0
x 0 0
MS4             0.0030  102.00
x 0 0
x 0 0
x 0 0
x 0 0
SA              0.0480  172.00
x 0 0
x 0 0
x 0 0
x 0 0
x 0 0
x 0 0
x 0 0
x 0 0
x 0 0
x 0 0
x 0 0
x 0 0
x 0 0
x 0 0
x 0 0
x 0 0
x 0 0
x 0 0
x 0 0
x 0 0
x 0 0
x 0 0
x 0 0
x 0 0
x 0 0
x 0 0
x 0 0
x 0 0
x 0 0
x 0 0
x 0 0
x 0 0
x 0 0
x 0 0
x 0 0
x 0 0
x 0 0
x 0 0
x 0 0
x 0 0
x 0 0
x 0 0
x 0 0
x 0 0
x 0 0
x 0 0
x 0 0
x 0 0
x 0 0
x 0 0
x 0 0
x 0 0
x 0 0
x 0 0
x 0 0
x 0 0
x 0 0
x 0 0
x 0 0
x 0 0
x 0 0
x 0 0
#
# 
# Merged from harmonics.
# This data set was submitted by Jean-Pierre LaPointe
# (scipur@collegenotre-dame.qc.ca) 1996-11-29
# The source was the Table des Marees des Grands Ports du Monde, No. 540,
# from the Service Hydrographique et Oceanographique de la Marine - Paris,
# B.P. 426, 29275 Brest Cedex.
#
# 
# rel_pedigree: 1250000000 (Via LaPointe)
# BEGIN HOT COMMENTS
# country: Norway
# restriction: Non-commercial use only
# datum: CD
# confidence: 10
# !units: meters
# !longitude: 10.4943
# !latitude: 59.4354
Horten, Norway
+01:00 :Europe/Oslo
0.2400 meters
J1              0.0010  140.40
K1              0.0040  195.00
K2              0.0080   99.20
L2              0.0050  211.00
M1              0.0010  250.00
M2              0.1170  150.00
x 0 0
M4              0.0090   19.00
x 0 0
x 0 0
N2              0.0350   89.00
2N2             0.0050   28.00
O1              0.0170  305.00
OO1             0.0010   85.00
P1              0.0010  203.30
Q1              0.0140  230.00
x 0 0
x 0 0
x 0 0
S2              0.0300  103.00
x 0 0
x 0 0
T2              0.0020  104.90
LDA2            0.0010  128.20
MU2             0.0030  197.00
NU2             0.0070   97.20
RHO1            0.0010  352.20
x 0 0
x 0 0
MN4             0.0020  329.00
MS4             0.0050   96.00
x 0 0
x 0 0
x 0 0
x 0 0
SA              0.1010  209.00
x 0 0
x 0 0
x 0 0
x 0 0
x 0 0
x 0 0
x 0 0
x 0 0
x 0 0
x 0 0
x 0 0
x 0 0
x 0 0
x 0 0
x 0 0
x 0 0
x 0 0
x 0 0
x 0 0
x 0 0
x 0 0
x 0 0
x 0 0
x 0 0
x 0 0
x 0 0
x 0 0
x 0 0
x 0 0
x 0 0
x 0 0
x 0 0
x 0 0
x 0 0
x 0 0
x 0 0
x 0 0
x 0 0
x 0 0
x 0 0
x 0 0
x 0 0
x 0 0
x 0 0
x 0 0
x 0 0
x 0 0
x 0 0
x 0 0
x 0 0
x 0 0
x 0 0
x 0 0
x 0 0
x 0 0
x 0 0
x 0 0
x 0 0
x 0 0
x 0 0
x 0 0
x 0 0
#
# 
# HRUTAFJORDUR, ICELAND ------------------ 65d15. 'N 021d07. 'W--(HRUTAFJR.TD4)
#
# 
# TMGPM + INFERRED CONSTANTS - 1993 JUL 17 ---- T.M. CHANGED TO 0 1997JUN02 ---
#
# 
# rel_pedigree: 1000000000 (Approximated or converted data)
# BEGIN HOT COMMENTS
# country: Iceland
# restriction: Non-commercial use only
# datum: MLLW
# confidence: 10
# !units: meters
# !longitude: -21.1080
# !latitude: 65.2544
Hrútafjörður, Iceland
+00:00 :Atlantic/Reykjavik
0.9800 meters
J1              0.0060  296.99
K1              0.0430  351.04
K2              0.0410  334.88
L2              0.0140  310.53
M1              0.0050   45.50
M2              0.5150  295.98
x 0 0
M4              0.0180   82.97
x 0 0
x 0 0
N2              0.0980  281.44
2N2             0.0130  266.90
O1              0.0760   99.94
OO1             0.0030  242.14
P1              0.0140  359.26
Q1              0.0150  154.00
2Q1             0.0020  207.95
R2              0.0010  333.44
x 0 0
S2              0.1490  332.00
x 0 0
x 0 0
T2              0.0090  330.56
LDA2            0.0040  312.66
MU2             0.0120  259.97
NU2             0.0190  283.41
RHO1            0.0030  146.67
x 0 0
x 0 0
x 0 0
MS4             0.0120   51.98
x 0 0
x 0 0
x 0 0
x 0 0
x 0 0
x 0 0
x 0 0
x 0 0
x 0 0
x 0 0
x 0 0
x 0 0
x 0 0
x 0 0
x 0 0
x 0 0
x 0 0
x 0 0
x 0 0
x 0 0
x 0 0
x 0 0
x 0 0
x 0 0
x 0 0
x 0 0
x 0 0
x 0 0
x 0 0
x 0 0
x 0 0
x 0 0
x 0 0
x 0 0
x 0 0
x 0 0
x 0 0
x 0 0
x 0 0
x 0 0
x 0 0
x 0 0
x 0 0
x 0 0
x 0 0
x 0 0
x 0 0
x 0 0
x 0 0
x 0 0
x 0 0
x 0 0
x 0 0
x 0 0
x 0 0
x 0 0
x 0 0
x 0 0
x 0 0
x 0 0
x 0 0
x 0 0
x 0 0
x 0 0
x 0 0
x 0 0
x 0 0
#
# 
# Merged from harmonics.
# This data set was submitted by Jean-Pierre LaPointe
# (scipur@collegenotre-dame.qc.ca) 1996-11-29
# The source was the Table des Marees des Grands Ports du Monde, No. 540,
# from the Service Hydrographique et Oceanographique de la Marine - Paris,
# B.P. 426, 29275 Brest Cedex.
#
# 
# rel_pedigree: 1250000000 (Via LaPointe)
# BEGIN HOT COMMENTS
# country: China
# restriction: Non-commercial use only
# datum: CD
# confidence: 10
# !units: meters
# !longitude: 113.4381
# !latitude: 23.0800
Huangpu, Guangzhou, China
+08:00 :Asia/Shanghai
1.5500 meters
J1              0.0200   27.30
K1              0.3260    1.00
K2              0.0550   80.20
L2              0.0170   57.00
M1              0.0180  334.50
M2              0.6660   37.00
x 0 0
M4              0.0490  323.00
x 0 0
x 0 0
N2              0.1160   17.00
2N2             0.0150  357.00
O1              0.2480  308.00
OO1             0.0110   54.00
P1              0.1080  357.00
Q1              0.0350  320.00
2Q1             0.0060  255.40
R2              0.0020   78.60
x 0 0
S2              0.2030   77.00
x 0 0
x 0 0
T2              0.0120   75.40
LDA2            0.0050   55.60
MU2             0.0160  357.00
NU2             0.0230   19.70
RHO1            0.0090  285.30
x 0 0
x 0 0
x 0 0
MS4             0.0440   17.00
x 0 0
x 0 0
x 0 0
x 0 0
SA              0.1480  171.00
x 0 0
x 0 0
x 0 0
x 0 0
x 0 0
x 0 0
x 0 0
x 0 0
x 0 0
x 0 0
x 0 0
x 0 0
x 0 0
x 0 0
x 0 0
x 0 0
x 0 0
x 0 0
x 0 0
x 0 0
x 0 0
x 0 0
x 0 0
x 0 0
x 0 0
x 0 0
x 0 0
x 0 0
x 0 0
x 0 0
x 0 0
x 0 0
x 0 0
x 0 0
x 0 0
x 0 0
x 0 0
x 0 0
x 0 0
x 0 0
x 0 0
x 0 0
x 0 0
x 0 0
x 0 0
x 0 0
x 0 0
x 0 0
x 0 0
x 0 0
x 0 0
x 0 0
x 0 0
x 0 0
x 0 0
x 0 0
x 0 0
x 0 0
x 0 0
x 0 0
x 0 0
x 0 0
#
# 
# Merged from harmonics.
# This data set was submitted by Jean-Pierre LaPointe
# (scipur@collegenotre-dame.qc.ca) 1996-11-29
# The source was the Table des Marees des Grands Ports du Monde, No. 540,
# from the Service Hydrographique et Oceanographique de la Marine - Paris,
# B.P. 426, 29275 Brest Cedex.
#
# 
# rel_pedigree: 1250000000 (Via LaPointe)
# BEGIN HOT COMMENTS
# country: United Kingdom
# restriction: Non-commercial use only
# datum: ACD
# confidence: 10
# !units: meters
# !longitude: -0.2728
# !latitude: 53.7402
Hull (King George Dock), England, United Kingdom
+00:00 :Europe/London
4.1100 meters
J1              0.0140    8.30
K1              0.1580  285.00
K2              0.2100  223.10
L2              0.0620  187.00
M1              0.0130  201.00
M2              2.3830  168.00
x 0 0
M4              0.0520  225.00
x 0 0
x 0 0
N2              0.4350  149.00
2N2             0.0580  130.00
O1              0.1830  117.00
OO1             0.0080   93.00
P1              0.0520  272.40
Q1              0.0430   76.00
2Q1             0.0050  310.30
R2              0.0060  221.00
x 0 0
S2              0.7710  219.00
x 0 0
x 0 0
T2              0.0450  217.00
LDA2            0.0170  191.70
MU2             0.0570  117.00
NU2             0.0840  151.50
RHO1            0.0070   44.90
x 0 0
x 0 0
MN4             0.0280  212.00
MS4             0.0510  282.00
x 0 0
x 0 0
x 0 0
x 0 0
SA              0.0800  210.00
x 0 0
x 0 0
x 0 0
x 0 0
x 0 0
x 0 0
x 0 0
x 0 0
x 0 0
x 0 0
x 0 0
x 0 0
x 0 0
x 0 0
x 0 0
x 0 0
x 0 0
x 0 0
x 0 0
x 0 0
x 0 0
x 0 0
x 0 0
x 0 0
x 0 0
x 0 0
x 0 0
x 0 0
x 0 0
x 0 0
x 0 0
x 0 0
x 0 0
x 0 0
x 0 0
x 0 0
x 0 0
x 0 0
x 0 0
x 0 0
x 0 0
x 0 0
x 0 0
x 0 0
x 0 0
x 0 0
x 0 0
x 0 0
x 0 0
x 0 0
x 0 0
x 0 0
x 0 0
x 0 0
x 0 0
x 0 0
x 0 0
x 0 0
x 0 0
x 0 0
x 0 0
x 0 0
#
# 
# Merged from harmonics.
# This data set was submitted by Jean-Pierre LaPointe
# (scipur@collegenotre-dame.qc.ca) 1996-11-29
# The source was the Table des Marees des Grands Ports du Monde, No. 540,
# from the Service Hydrographique et Oceanographique de la Marine - Paris,
# B.P. 426, 29275 Brest Cedex.
#
# 
# rel_pedigree: 1250000000 (Via LaPointe)
# BEGIN HOT COMMENTS
# country: China
# restriction: Non-commercial use only
# datum: CD
# confidence: 10
# !units: meters
# !longitude: 120.9926
# !latitude: 40.7095
Huludao, Liaoning, China
+09:00 :Asia/Taipei
1.8400 meters
J1              0.0220  142.80
K1              0.3600  118.00
K2              0.0730  245.30
L2              0.0250  195.00
M1              0.0200   93.00
M2              0.9300  175.00
x 0 0
M4              0.0300  239.00
x 0 0
x 0 0
N2              0.1770  155.00
2N2             0.0240  135.00
O1              0.2800   68.00
OO1             0.0120  168.00
P1              0.1190  114.30
Q1              0.0530   48.00
2Q1             0.0070   18.40
R2              0.0020  242.60
x 0 0
S2              0.2700  240.00
x 0 0
x 0 0
T2              0.0160  237.40
LDA2            0.0070  205.20
MU2             0.0220  110.00
NU2             0.0340  157.70
RHO1            0.0110   46.60
x 0 0
x 0 0
x 0 0
x 0 0
x 0 0
x 0 0
x 0 0
x 0 0
x 0 0
x 0 0
x 0 0
x 0 0
x 0 0
x 0 0
x 0 0
x 0 0
x 0 0
x 0 0
x 0 0
x 0 0
x 0 0
x 0 0
x 0 0
x 0 0
x 0 0
x 0 0
x 0 0
x 0 0
x 0 0
x 0 0
x 0 0
x 0 0
x 0 0
x 0 0
x 0 0
x 0 0
x 0 0
x 0 0
x 0 0
x 0 0
x 0 0
x 0 0
x 0 0
x 0 0
x 0 0
x 0 0
x 0 0
x 0 0
x 0 0
x 0 0
x 0 0
x 0 0
x 0 0
x 0 0
x 0 0
x 0 0
x 0 0
x 0 0
x 0 0
x 0 0
x 0 0
x 0 0
x 0 0
x 0 0
x 0 0
x 0 0
x 0 0
x 0 0
x 0 0
x 0 0
x 0 0
#
# 
# Merged from harmonics.
# This data set was submitted by Jean-Pierre LaPointe
# (scipur@collegenotre-dame.qc.ca) 1996-11-29
# The source was the Table des Marees des Grands Ports du Monde, No. 540,
# from the Service Hydrographique et Oceanographique de la Marine - Paris,
# B.P. 426, 29275 Brest Cedex.
#
# 
# rel_pedigree: 1250000000 (Via LaPointe)
# BEGIN HOT COMMENTS
# country: Mozambique
# restriction: Non-commercial use only
# datum: MLLW
# confidence: 10
# !units: meters
# !longitude: 40.5808
# !latitude: -12.3457
Ibo, Moçambique
+02:00 :Africa/Maputo
2.3800 meters
J1              0.0060  118.20
K1              0.0800   76.00
K2              0.1660  145.10
L2              0.0310  137.00
M1              0.0060   33.50
M2              1.1400   77.00
x 0 0
M4              0.0300  341.00
x 0 0
x 0 0
N2              0.2200   17.00
2N2             0.0290  317.00
O1              0.0800  351.00
OO1             0.0030  161.00
P1              0.0260   69.60
x 0 0
2Q1             0.0020  266.70
R2              0.0050  142.50
x 0 0
S2              0.6100  140.00
x 0 0
x 0 0
T2              0.0360  137.50
LDA2            0.0080  106.20
MU2             0.0270   14.00
NU2             0.0430   25.00
RHO1            0.0030  314.50
x 0 0
x 0 0
x 0 0
x 0 0
x 0 0
x 0 0
x 0 0
x 0 0
x 0 0
x 0 0
x 0 0
x 0 0
x 0 0
x 0 0
x 0 0
x 0 0
x 0 0
x 0 0
x 0 0
x 0 0
x 0 0
x 0 0
x 0 0
x 0 0
x 0 0
x 0 0
x 0 0
x 0 0
x 0 0
x 0 0
x 0 0
x 0 0
x 0 0
x 0 0
x 0 0
x 0 0
x 0 0
x 0 0
x 0 0
x 0 0
x 0 0
x 0 0
x 0 0
x 0 0
x 0 0
x 0 0
x 0 0
x 0 0
x 0 0
x 0 0
x 0 0
x 0 0
x 0 0
x 0 0
x 0 0
x 0 0
x 0 0
x 0 0
x 0 0
x 0 0
x 0 0
x 0 0
x 0 0
x 0 0
x 0 0
x 0 0
x 0 0
x 0 0
x 0 0
x 0 0
x 0 0
#
# 
# Merged from harmonics.
# This data set was submitted by Jean-Pierre LaPointe
# (scipur@collegenotre-dame.qc.ca) 1996-11-29
# The source was the Table des Marees des Grands Ports du Monde, No. 540,
# from the Service Hydrographique et Oceanographique de la Marine - Paris,
# B.P. 426, 29275 Brest Cedex.
#
# 
# rel_pedigree: 1250000000 (Via LaPointe)
# BEGIN HOT COMMENTS
# country: Cambodia
# restriction: Non-commercial use only
# datum: MLLW
# confidence: 10
# !units: meters
# !longitude: 103.0000
# !latitude: 11.4167
Ilot Cone, Cambodia
+07:00 :Asia/Phnom_Penh
0.9900 meters
J1              0.0220  160.40
K1              0.3740  146.00
K2              0.0170   98.70
L2              0.0030   27.00
M1              0.0200  131.50
M2              0.1100   23.00
x 0 0
x 0 0
x 0 0
x 0 0
N2              0.0220   19.00
2N2             0.0030   15.00
O1              0.2770  117.00
OO1             0.0120  175.00
P1              0.1240  143.80
Q1              0.0540  114.00
2Q1             0.0070   88.20
R2              0.0010   95.80
x 0 0
S2              0.0630   93.00
x 0 0
x 0 0
T2              0.0040   90.20
LDA2            0.0010   55.50
MU2             0.0030  313.00
NU2             0.0040   19.50
RHO1            0.0110  104.60
x 0 0
x 0 0
x 0 0
x 0 0
x 0 0
x 0 0
x 0 0
x 0 0
x 0 0
x 0 0
x 0 0
x 0 0
x 0 0
x 0 0
x 0 0
x 0 0
x 0 0
x 0 0
x 0 0
x 0 0
x 0 0
x 0 0
x 0 0
x 0 0
x 0 0
x 0 0
x 0 0
x 0 0
x 0 0
x 0 0
x 0 0
x 0 0
x 0 0
x 0 0
x 0 0
x 0 0
x 0 0
x 0 0
x 0 0
x 0 0
x 0 0
x 0 0
x 0 0
x 0 0
x 0 0
x 0 0
x 0 0
x 0 0
x 0 0
x 0 0
x 0 0
x 0 0
x 0 0
x 0 0
x 0 0
x 0 0
x 0 0
x 0 0
x 0 0
x 0 0
x 0 0
x 0 0
x 0 0
x 0 0
x 0 0
x 0 0
x 0 0
x 0 0
x 0 0
x 0 0
x 0 0
#
# 
# Merged from harmonics.
# This data set was submitted by Jean-Pierre LaPointe
# (scipur@collegenotre-dame.qc.ca) 1996-11-29
# The source was the Table des Marees des Grands Ports du Monde, No. 540,
# from the Service Hydrographique et Oceanographique de la Marine - Paris,
# B.P. 426, 29275 Brest Cedex.
#
# 
# rel_pedigree: 1250000000 (Via LaPointe)
# BEGIN HOT COMMENTS
# country: South Korea
# restriction: Non-commercial use only
# datum: ALLW (approx.)
# confidence: 10
# khoa_code: 158
# !units: meters
# !longitude: 126.5833
# !latitude: 37.4667
Inch'on, South Korea
+09:00 :Asia/Seoul
4.6800 meters
J1              0.0200  323.30
K1              0.3940  304.00
K2              0.3070  200.80
L2              0.0720  155.00
M1              0.0180  284.50
M2              2.8620  137.00
x 0 0
x 0 0
x 0 0
x 0 0
N2              0.5050  119.00
2N2             0.0670  101.00
O1              0.2520  265.00
OO1             0.0110  343.00
P1              0.1300  301.10
Q1              0.0500  239.00
2Q1             0.0070  226.30
R2              0.0090  198.40
x 0 0
S2              1.1270  196.00
x 0 0
x 0 0
T2              0.0660  193.60
LDA2            0.0200  164.40
MU2             0.0690   78.00
NU2             0.0980  121.40
RHO1            0.0100  248.30
x 0 0
x 0 0
MN4             0.0330   53.00
MS4             0.0830  148.00
x 0 0
x 0 0
x 0 0
x 0 0
SA              0.2110    3.00
x 0 0
x 0 0
x 0 0
x 0 0
x 0 0
x 0 0
x 0 0
x 0 0
x 0 0
x 0 0
x 0 0
x 0 0
x 0 0
x 0 0
x 0 0
x 0 0
x 0 0
x 0 0
x 0 0
x 0 0
x 0 0
x 0 0
x 0 0
x 0 0
x 0 0
x 0 0
x 0 0
x 0 0
x 0 0
x 0 0
x 0 0
x 0 0
x 0 0
x 0 0
x 0 0
x 0 0
x 0 0
x 0 0
x 0 0
x 0 0
x 0 0
x 0 0
x 0 0
x 0 0
x 0 0
x 0 0
x 0 0
x 0 0
x 0 0
x 0 0
x 0 0
x 0 0
x 0 0
x 0 0
x 0 0
x 0 0
x 0 0
x 0 0
x 0 0
x 0 0
x 0 0
x 0 0
#
# 
# Merged from harmonics.
# This data set was submitted by Jean-Pierre LaPointe
# (scipur@collegenotre-dame.qc.ca) 1996-11-29
# The source was the Table des Marees des Grands Ports du Monde, No. 540,
# from the Service Hydrographique et Oceanographique de la Marine - Paris,
# B.P. 426, 29275 Brest Cedex.
#
# 
# rel_pedigree: 1250000000 (Via LaPointe)
# BEGIN HOT COMMENTS
# country: United Kingdom
# restriction: Non-commercial use only
# datum: ACD
# confidence: 10
# !units: meters
# !longitude: -4.2376
# !latitude: 57.4954
Inverness, Scotland, United Kingdom
+00:00 :Europe/London
2.6400 meters
J1              0.0140  260.80
K1              0.0730  177.00
K2              0.1480   38.70
L2              0.0480   21.00
M1              0.0130   92.50
M2              1.3870  349.00
x 0 0
M4              0.0880  336.00
x 0 0
x 0 0
N2              0.3380  317.00
2N2             0.0450  285.00
O1              0.1770    8.00
OO1             0.0080  346.00
P1              0.0240  164.30
x 0 0
2Q1             0.0050  200.40
R2              0.0040   36.80
x 0 0
S2              0.5430   35.00
x 0 0
x 0 0
T2              0.0320   33.20
LDA2            0.0100   10.30
MU2             0.0330  303.00
NU2             0.0660  321.30
RHO1            0.0070  295.50
x 0 0
x 0 0
x 0 0
MS4             0.0610  145.00
x 0 0
x 0 0
x 0 0
x 0 0
x 0 0
x 0 0
x 0 0
x 0 0
x 0 0
x 0 0
x 0 0
x 0 0
x 0 0
x 0 0
x 0 0
x 0 0
x 0 0
x 0 0
x 0 0
x 0 0
x 0 0
x 0 0
x 0 0
x 0 0
x 0 0
x 0 0
x 0 0
x 0 0
x 0 0
x 0 0
x 0 0
x 0 0
x 0 0
x 0 0
x 0 0
x 0 0
x 0 0
x 0 0
x 0 0
x 0 0
x 0 0
x 0 0
x 0 0
x 0 0
x 0 0
x 0 0
x 0 0
x 0 0
x 0 0
x 0 0
x 0 0
x 0 0
x 0 0
x 0 0
x 0 0
x 0 0
x 0 0
x 0 0
x 0 0
x 0 0
x 0 0
x 0 0
x 0 0
x 0 0
x 0 0
x 0 0
x 0 0
#
# 
# Merged from harmonics.
# This entry was converted automatically from a TD4 file.
# Time of conversion:  1997-05-25 15:02 EDT
#
# 
# INWARD ROCKS, SEVERN RIVER, ENGLAND ---- 51d39. 'N 002d37. 'W--(INWRDRCK.TD4)
#
# 
# ATT DATA #519 -- CLOSEST STATION TO CHEPSTOW ---------------------------------
#
# 
# rel_pedigree: 1000000000 (Approximated or converted data)
# BEGIN HOT COMMENTS
# country: United Kingdom
# restriction: Non-commercial use only
# datum: ACD
# confidence: 10
# !units: meters
# !longitude: -2.6167
# !latitude: 51.6500
Inward Rocks, River Severn, England, United Kingdom
+00:00 :Europe/London
5.6600 meters
J1              0.0060  200.50
K1              0.0400  135.00
K2              0.3430  295.40
L2              0.1100  258.90
M1              0.0060   69.00
M2              3.9400  223.00
x 0 0
M4              0.5900   19.00
M6              0.0610  310.00
x 0 0
N2              0.7640  187.10
2N2             0.1020  151.20
O1              0.0800    3.00
OO1             0.0030  267.00
P1              0.0130  125.10
Q1              0.0160  297.50
2Q1             0.0020  232.10
R2              0.0100  292.70
x 0 0
S2              1.2600  290.00
S4              0.0600  153.00
S6              0.0020  151.00
T2              0.0740  287.30
LDA2            0.0280  254.10
MU2             0.0950  156.00
NU2             0.1500  191.90
RHO1            0.0030  306.40
x 0 0
x 0 0
MN4             0.2290  343.10
MS4             0.3770   86.00
x 0 0
x 0 0
MSF             0.3000   73.20
x 0 0
SA              0.0320  235.70
SSA             0.0290  291.40
x 0 0
x 0 0
x 0 0
x 0 0
x 0 0
x 0 0
x 0 0
x 0 0
x 0 0
x 0 0
x 0 0
x 0 0
x 0 0
x 0 0
x 0 0
x 0 0
x 0 0
x 0 0
x 0 0
x 0 0
x 0 0
x 0 0
x 0 0
x 0 0
x 0 0
x 0 0
x 0 0
x 0 0
x 0 0
x 0 0
x 0 0
x 0 0
x 0 0
x 0 0
x 0 0
x 0 0
x 0 0
x 0 0
x 0 0
x 0 0
x 0 0
x 0 0
x 0 0
x 0 0
x 0 0
x 0 0
x 0 0
x 0 0
x 0 0
x 0 0
x 0 0
x 0 0
x 0 0
x 0 0
x 0 0
x 0 0
x 0 0
x 0 0
x 0 0
x 0 0
x 0 0
#
# 
# Merged from harmonics.
# This data set was submitted by Jean-Pierre LaPointe
# (scipur@collegenotre-dame.qc.ca) 1996-11-29
# The source was the Table des Marees des Grands Ports du Monde, No. 540,
# from the Service Hydrographique et Oceanographique de la Marine - Paris,
# B.P. 426, 29275 Brest Cedex.
#
# 
# rel_pedigree: 1250000000 (Via LaPointe)
# BEGIN HOT COMMENTS
# country: Chile
# restriction: Non-commercial use only
# datum: MLLW
# confidence: 10
# ioc_code: iqui, iqui2
# psmsl_id: 1963, 2261
# ptwc_code: iqui
# ssc_id: SSC-iqui
# !units: meters
# !longitude: -70.1478
# !latitude: -20.2045
Iquique, Chile
-04:00 :America/Santiago
0.8000 meters
J1              0.0070  352.30
K1              0.1520  333.00
K2              0.0260  291.30
L2              0.0110  313.00
M1              0.0060  313.50
M2              0.3450  274.00
x 0 0
M4              0.0020  103.00
x 0 0
x 0 0
N2              0.0740  235.00
2N2             0.0100  196.00
O1              0.0860  294.00
OO1             0.0040   12.00
P1              0.0500  330.10
Q1              0.0150  264.00
2Q1             0.0020  255.30
R2              0.0010  290.60
x 0 0
S2              0.0970  290.00
x 0 0
x 0 0
T2              0.0060  289.40
LDA2            0.0020  281.40
MU2             0.0080  258.00
NU2             0.0140  240.20
RHO1            0.0030  277.30
x 0 0
x 0 0
x 0 0
x 0 0
x 0 0
x 0 0
x 0 0
x 0 0
SA              0.0390  330.00
x 0 0
x 0 0
x 0 0
x 0 0
x 0 0
x 0 0
x 0 0
x 0 0
x 0 0
x 0 0
x 0 0
x 0 0
x 0 0
x 0 0
x 0 0
x 0 0
x 0 0
x 0 0
x 0 0
x 0 0
x 0 0
x 0 0
x 0 0
x 0 0
x 0 0
x 0 0
x 0 0
x 0 0
x 0 0
x 0 0
x 0 0
x 0 0
x 0 0
x 0 0
x 0 0
x 0 0
x 0 0
x 0 0
x 0 0
x 0 0
x 0 0
x 0 0
x 0 0
x 0 0
x 0 0
x 0 0
x 0 0
x 0 0
x 0 0
x 0 0
x 0 0
x 0 0
x 0 0
x 0 0
x 0 0
x 0 0
x 0 0
x 0 0
x 0 0
x 0 0
x 0 0
x 0 0
#
# 
# Merged from harmonics.
# This entry was converted automatically from a TD4 file.
# Time of conversion:  1997-05-26 11:42 EDT
#
# 
# ISLA DE COZUMEL, MEXICO ---------------- 20d30. 'N 087d00. 'W--(COZUMEL.TD4 )
# The tide at this station is chiefly diurnal. See DIURNAL.TXT
# ATT DATA #2431 WITH INFERRED CONSTITUENTS -- TZ=+6 --------------------------
#
# 
# rel_pedigree: 1000000000 (Approximated or converted data)
# BEGIN HOT COMMENTS
# country: Mexico
# restriction: Non-commercial use only
# datum: MLLW
# confidence: 10
# !units: meters
# !longitude: -86.9554
# !latitude: 20.5078
San Miguel de Cozumel, Quintana Roo, México
-06:00 :America/Mexico_City
0.2000 meters
J1              0.0020  191.70
K1              0.0200  222.00
K2              0.0080  213.30
L2              0.0020  238.30
M1              0.0020  252.50
M2              0.0700  263.00
x 0 0
x 0 0
x 0 0
x 0 0
N2              0.0140  287.70
2N2             0.0020  312.30
O1              0.0300  283.00
OO1             0.0010  161.00
P1              0.0070  226.60
Q1              0.0060  313.30
2Q1             0.0010  343.50
x 0 0
x 0 0
S2              0.0300  217.00
x 0 0
x 0 0
T2              0.0020  218.80
x 0 0
MU2             0.0020  309.00
NU2             0.0030  284.30
RHO1            0.0010  309.20
x 0 0
x 0 0
x 0 0
x 0 0
x 0 0
x 0 0
x 0 0
x 0 0
SA              0.0720  173.10
SSA             0.0450   64.70
x 0 0
x 0 0
x 0 0
x 0 0
x 0 0
x 0 0
x 0 0
x 0 0
x 0 0
x 0 0
x 0 0
x 0 0
x 0 0
x 0 0
x 0 0
x 0 0
x 0 0
x 0 0
x 0 0
x 0 0
x 0 0
x 0 0
x 0 0
x 0 0
x 0 0
x 0 0
x 0 0
x 0 0
x 0 0
x 0 0
x 0 0
x 0 0
x 0 0
x 0 0
x 0 0
x 0 0
x 0 0
x 0 0
x 0 0
x 0 0
x 0 0
x 0 0
x 0 0
x 0 0
x 0 0
x 0 0
x 0 0
x 0 0
x 0 0
x 0 0
x 0 0
x 0 0
x 0 0
x 0 0
x 0 0
x 0 0
x 0 0
x 0 0
x 0 0
x 0 0
x 0 0
#
# 
# Merged from harmonics.
# This data set was submitted by Jean-Pierre LaPointe
# (scipur@collegenotre-dame.qc.ca) 1996-11-29
# The source was the Table des Marees des Grands Ports du Monde, No. 540,
# from the Service Hydrographique et Oceanographique de la Marine - Paris,
# B.P. 426, 29275 Brest Cedex.
#
# 
# This is on the border between Argentina and Uruguay.  I think it's
# one of the little unlabeled dots in the Parana River delta that are
# the same color as Argentina....  -- DWF
#
# 
# rel_pedigree: 1250000000 (Via LaPointe)
# BEGIN HOT COMMENTS
# country: Argentina
# restriction: Non-commercial use only
# datum: CD (SHN)
# confidence: 10
# !units: meters
# !longitude: -58.2566
# !latitude: -34.1901
Isla Martin Garcia, Buenos Aires, Argentina
-03:00 :America/Buenos_Aires
0.6400 meters
J1              0.0090  144.30
K1              0.0620   61.00
K2              0.0100  346.20
L2              0.0100  312.00
M1              0.0080  337.00
M2              0.1920  263.00
x 0 0
M4              0.0100   83.00
x 0 0
x 0 0
N2              0.0670  214.00
2N2             0.0090  165.00
O1              0.1150  253.00
OO1             0.0050  229.00
P1              0.0210   48.40
Q1              0.0450  209.00
2Q1             0.0030   86.30
x 0 0
x 0 0
S2              0.0380  340.00
x 0 0
x 0 0
T2              0.0020  336.90
LDA2            0.0010  298.70
MU2             0.0050  186.00
NU2             0.0130  220.60
RHO1            0.0040  180.90
x 0 0
x 0 0
MN4             0.0080   27.00
MS4             0.0060  194.00
x 0 0
x 0 0
x 0 0
x 0 0
SA              0.0830  288.00
x 0 0
x 0 0
x 0 0
x 0 0
x 0 0
x 0 0
x 0 0
x 0 0
x 0 0
x 0 0
x 0 0
x 0 0
x 0 0
x 0 0
x 0 0
x 0 0
x 0 0
x 0 0
x 0 0
x 0 0
x 0 0
x 0 0
x 0 0
x 0 0
x 0 0
x 0 0
x 0 0
x 0 0
x 0 0
x 0 0
x 0 0
x 0 0
x 0 0
x 0 0
x 0 0
x 0 0
x 0 0
x 0 0
x 0 0
x 0 0
x 0 0
x 0 0
x 0 0
x 0 0
x 0 0
x 0 0
x 0 0
x 0 0
x 0 0
x 0 0
x 0 0
x 0 0
x 0 0
x 0 0
x 0 0
x 0 0
x 0 0
x 0 0
x 0 0
x 0 0
x 0 0
x 0 0
#
# 
# Merged from harmonics.
# This data set was submitted by Jean-Pierre LaPointe
# (scipur@collegenotre-dame.qc.ca) 1996-11-29
# The source was the Table des Marees des Grands Ports du Monde, No. 540,
# from the Service Hydrographique et Oceanographique de la Marine - Paris,
# B.P. 426, 29275 Brest Cedex.
#
# 
# rel_pedigree: 1250000000 (Via LaPointe)
# BEGIN HOT COMMENTS
# country: Antarctica
# restriction: Non-commercial use only
# datum: MLLW
# confidence: 10
# !units: meters
# !longitude: -67.0000
# !latitude: -68.2000
Isla Neny, Antarctica
-03:00 :America/Buenos_Aires
0.9400 meters
J1              0.0180   52.40
K1              0.2820   46.00
K2              0.0510  344.20
L2              0.0080  278.00
M1              0.0170   39.50
M2              0.1350  181.00
x 0 0
M4              0.0110  336.00
x 0 0
x 0 0
N2              0.0550   84.00
2N2             0.0070  347.00
O1              0.2330   33.00
OO1             0.0100   59.00
P1              0.0930   45.00
x 0 0
2Q1             0.0060   20.10
R2              0.0020  338.00
x 0 0
S2              0.1890  332.00
x 0 0
x 0 0
T2              0.0110  326.00
LDA2            0.0010  251.10
MU2             0.0030   30.00
NU2             0.0110   97.00
RHO1            0.0090   27.40
x 0 0
x 0 0
x 0 0
MS4             0.0010  129.00
x 0 0
x 0 0
x 0 0
x 0 0
x 0 0
x 0 0
x 0 0
x 0 0
x 0 0
x 0 0
x 0 0
x 0 0
x 0 0
x 0 0
x 0 0
x 0 0
x 0 0
x 0 0
x 0 0
x 0 0
x 0 0
x 0 0
x 0 0
x 0 0
x 0 0
x 0 0
x 0 0
x 0 0
x 0 0
x 0 0
x 0 0
x 0 0
x 0 0
x 0 0
x 0 0
x 0 0
x 0 0
x 0 0
x 0 0
x 0 0
x 0 0
x 0 0
x 0 0
x 0 0
x 0 0
x 0 0
x 0 0
x 0 0
x 0 0
x 0 0
x 0 0
x 0 0
x 0 0
x 0 0
x 0 0
x 0 0
x 0 0
x 0 0
x 0 0
x 0 0
x 0 0
x 0 0
x 0 0
x 0 0
x 0 0
x 0 0
x 0 0
#
# 
# Merged from harmonics.
# This data set was submitted by Jean-Pierre LaPointe
# (scipur@collegenotre-dame.qc.ca) 1996-11-29
# The source was the Table des Marees des Grands Ports du Monde, No. 540,
# from the Service Hydrographique et Oceanographique de la Marine - Paris,
# B.P. 426, 29275 Brest Cedex.
#
# 
# rel_pedigree: 1250000000 (Via LaPointe)
# BEGIN HOT COMMENTS
# country: Argentina
# restriction: Non-commercial use only
# datum: CD (SHN)
# confidence: 10
# !units: meters
# !longitude: -64.1308
# !latitude: -54.6476
Islas de Año Nuevo (Isla Observatorio), Tierra del Fuego, Argentina
-03:00 :America/Buenos_Aires
1.8600 meters
J1              0.0120   54.40
K1              0.1830   40.00
K2              0.0750  252.10
L2              0.0260  224.00
M1              0.0110   25.50
M2              0.9450  198.00
x 0 0
x 0 0
x 0 0
x 0 0
N2              0.1830  172.00
2N2             0.0240  146.00
O1              0.1520   11.00
OO1             0.0070   69.00
P1              0.0610   37.80
x 0 0
2Q1             0.0040  342.20
R2              0.0020  250.00
x 0 0
S2              0.2740  248.00
x 0 0
x 0 0
T2              0.0160  246.00
LDA2            0.0070  221.20
MU2             0.0230  148.00
NU2             0.0360  175.50
RHO1            0.0060  358.60
x 0 0
x 0 0
x 0 0
x 0 0
x 0 0
x 0 0
x 0 0
x 0 0
x 0 0
x 0 0
x 0 0
x 0 0
x 0 0
x 0 0
x 0 0
x 0 0
x 0 0
x 0 0
x 0 0
x 0 0
x 0 0
x 0 0
x 0 0
x 0 0
x 0 0
x 0 0
x 0 0
x 0 0
x 0 0
x 0 0
x 0 0
x 0 0
x 0 0
x 0 0
x 0 0
x 0 0
x 0 0
x 0 0
x 0 0
x 0 0
x 0 0
x 0 0
x 0 0
x 0 0
x 0 0
x 0 0
x 0 0
x 0 0
x 0 0
x 0 0
x 0 0
x 0 0
x 0 0
x 0 0
x 0 0
x 0 0
x 0 0
x 0 0
x 0 0
x 0 0
x 0 0
x 0 0
x 0 0
x 0 0
x 0 0
x 0 0
x 0 0
x 0 0
x 0 0
x 0 0
x 0 0
#
# 
# Merged from harmonics.
# This data set was submitted by Jean-Pierre LaPointe
# (scipur@collegenotre-dame.qc.ca) 1996-11-29
# The source was the Table des Marees des Grands Ports du Monde, No. 540,
# from the Service Hydrographique et Oceanographique de la Marine - Paris,
# B.P. 426, 29275 Brest Cedex.
#
# 
# rel_pedigree: 1250000000 (Via LaPointe)
# BEGIN HOT COMMENTS
# country: United Arab Emirates
# restriction: Non-commercial use only
# datum: MLLW
# confidence: 10
# !units: meters
# !longitude: 52.8828
# !latitude: 25.1391
Jazirat Das, United Arab Emirates
+04:00 :Asia/Dubai
0.9400 meters
J1              0.0140  165.30
K1              0.3560  146.00
K2              0.0140  133.80
L2              0.0030  105.00
M1              0.0120  126.50
M2              0.0790   70.00
x 0 0
M4              0.0060  122.00
x 0 0
x 0 0
N2              0.0180   35.00
2N2             0.0020    0.00
O1              0.1710  107.00
OO1             0.0070  185.00
P1              0.1180  143.10
x 0 0
2Q1             0.0040   68.30
x 0 0
x 0 0
S2              0.0520  129.00
x 0 0
x 0 0
T2              0.0030  126.60
LDA2            0.0010   97.40
MU2             0.0020   11.00
NU2             0.0030   39.70
RHO1            0.0060   90.30
x 0 0
x 0 0
x 0 0
MS4             0.0060  258.00
x 0 0
x 0 0
x 0 0
x 0 0
x 0 0
x 0 0
x 0 0
x 0 0
x 0 0
x 0 0
x 0 0
x 0 0
x 0 0
x 0 0
x 0 0
x 0 0
x 0 0
x 0 0
x 0 0
x 0 0
x 0 0
x 0 0
x 0 0
x 0 0
x 0 0
x 0 0
x 0 0
x 0 0
x 0 0
x 0 0
x 0 0
x 0 0
x 0 0
x 0 0
x 0 0
x 0 0
x 0 0
x 0 0
x 0 0
x 0 0
x 0 0
x 0 0
x 0 0
x 0 0
x 0 0
x 0 0
x 0 0
x 0 0
x 0 0
x 0 0
x 0 0
x 0 0
x 0 0
x 0 0
x 0 0
x 0 0
x 0 0
x 0 0
x 0 0
x 0 0
x 0 0
x 0 0
x 0 0
x 0 0
x 0 0
x 0 0
x 0 0
#
# 
# Merged from harmonics.
# This data set was submitted by Jean-Pierre LaPointe
# (scipur@collegenotre-dame.qc.ca) 1996-11-29
# The source was the Table des Marees des Grands Ports du Monde, No. 540,
# from the Service Hydrographique et Oceanographique de la Marine - Paris,
# B.P. 426, 29275 Brest Cedex.
#
# 
# rel_pedigree: 1250000000 (Via LaPointe)
# BEGIN HOT COMMENTS
# country: Qatar
# restriction: Non-commercial use only
# datum: MLLW
# confidence: 10
# !units: meters
# !longitude: 52.4117
# !latitude: 25.6664
Jazirat Halul, Qatar
+04:00 :Asia/Qatar
1.1300 meters
J1              0.0130  171.30
K1              0.3800  145.00
K2              0.0160  176.80
L2              0.0100  147.00
M1              0.0120  118.50
M2              0.2000  139.00
x 0 0
x 0 0
x 0 0
x 0 0
N2              0.0700  131.00
2N2             0.0090  123.00
O1              0.1700   92.00
OO1             0.0070  198.00
P1              0.1260  141.00
Q1              0.0300   76.00
2Q1             0.0040   39.40
x 0 0
x 0 0
S2              0.0600  174.00
x 0 0
x 0 0
T2              0.0040  172.60
LDA2            0.0010  155.20
MU2             0.0050  104.00
NU2             0.0140  132.10
RHO1            0.0060   69.30
x 0 0
x 0 0
x 0 0
MS4             0.0100  279.00
x 0 0
x 0 0
x 0 0
x 0 0
x 0 0
x 0 0
x 0 0
x 0 0
x 0 0
x 0 0
x 0 0
x 0 0
x 0 0
x 0 0
x 0 0
x 0 0
x 0 0
x 0 0
x 0 0
x 0 0
x 0 0
x 0 0
x 0 0
x 0 0
x 0 0
x 0 0
x 0 0
x 0 0
x 0 0
x 0 0
x 0 0
x 0 0
x 0 0
x 0 0
x 0 0
x 0 0
x 0 0
x 0 0
x 0 0
x 0 0
x 0 0
x 0 0
x 0 0
x 0 0
x 0 0
x 0 0
x 0 0
x 0 0
x 0 0
x 0 0
x 0 0
x 0 0
x 0 0
x 0 0
x 0 0
x 0 0
x 0 0
x 0 0
x 0 0
x 0 0
x 0 0
x 0 0
x 0 0
x 0 0
x 0 0
x 0 0
x 0 0
#
# 
# Merged from harmonics.
# This data set was submitted by Jean-Pierre LaPointe
# (scipur@collegenotre-dame.qc.ca) 1996-11-29
# The source was the Table des Marees des Grands Ports du Monde, No. 540,
# from the Service Hydrographique et Oceanographique de la Marine - Paris,
# B.P. 426, 29275 Brest Cedex.
#
# 
# rel_pedigree: 1250000000 (Via LaPointe)
# BEGIN HOT COMMENTS
# country: Iran
# restriction: Non-commercial use only
# datum: MLLW
# confidence: 10
# !units: meters
# !longitude: 50.3283
# !latitude: 29.2657
Jazireh Ye Khark (Kharg Island), Iran
+03:30 :Asia/Tehran
1.2300 meters
J1              0.0200  308.30
K1              0.3880  286.00
K2              0.0350  305.10
L2              0.0120  266.00
M1              0.0180  263.50
M2              0.3640  250.00
x 0 0
M4              0.0080  184.00
x 0 0
x 0 0
N2              0.0840  234.00
2N2             0.0110  218.00
O1              0.2570  241.00
OO1             0.0110  331.00
P1              0.1280  282.60
Q1              0.0410  231.00
2Q1             0.0070  196.40
R2              0.0010  303.00
x 0 0
S2              0.1280  301.00
x 0 0
x 0 0
T2              0.0080  299.00
LDA2            0.0030  273.70
MU2             0.0090  199.00
NU2             0.0160  236.10
RHO1            0.0100  221.70
x 0 0
x 0 0
MN4             0.0040  121.00
MS4             0.0050  254.00
x 0 0
x 0 0
x 0 0
x 0 0
SA              0.1060  142.00
x 0 0
x 0 0
x 0 0
x 0 0
x 0 0
x 0 0
x 0 0
x 0 0
x 0 0
x 0 0
x 0 0
x 0 0
x 0 0
x 0 0
x 0 0
x 0 0
x 0 0
x 0 0
x 0 0
x 0 0
x 0 0
x 0 0
x 0 0
x 0 0
x 0 0
x 0 0
x 0 0
x 0 0
x 0 0
x 0 0
x 0 0
x 0 0
x 0 0
x 0 0
x 0 0
x 0 0
x 0 0
x 0 0
x 0 0
x 0 0
x 0 0
x 0 0
x 0 0
x 0 0
x 0 0
x 0 0
x 0 0
x 0 0
x 0 0
x 0 0
x 0 0
x 0 0
x 0 0
x 0 0
x 0 0
x 0 0
x 0 0
x 0 0
x 0 0
x 0 0
x 0 0
x 0 0
#
# 
# Merged from harmonics.
# This data set was submitted by Jean-Pierre LaPointe
# (scipur@collegenotre-dame.qc.ca) 1996-11-29
# The source was the Table des Marees des Grands Ports du Monde, No. 540,
# from the Service Hydrographique et Oceanographique de la Marine - Paris,
# B.P. 426, 29275 Brest Cedex.
#
# 
# rel_pedigree: 1250000000 (Via LaPointe)
# BEGIN HOT COMMENTS
# country: Iran
# restriction: Non-commercial use only
# datum: MLLW
# confidence: 10
# !units: meters
# !longitude: 53.3875
# !latitude: 26.7940
Lavan Island, Iran
+03:30 :Asia/Tehran
1.1800 meters
J1              0.0130  160.40
K1              0.3000  145.00
K2              0.0330  114.10
L2              0.0110  102.00
M1              0.0110  129.50
M2              0.3300   73.00
x 0 0
M4              0.0100    1.00
x 0 0
x 0 0
N2              0.0800   44.00
2N2             0.0110   15.00
O1              0.1600  114.00
OO1             0.0070  176.00
P1              0.0990  142.70
Q1              0.0200   88.00
2Q1             0.0040   83.20
R2              0.0010  112.50
x 0 0
S2              0.1200  111.00
x 0 0
x 0 0
T2              0.0070  109.50
LDA2            0.0020   90.60
MU2             0.0080   35.00
NU2             0.0160   47.90
RHO1            0.0060  100.70
x 0 0
x 0 0
MN4             0.0100  341.00
MS4             0.0100   48.00
x 0 0
x 0 0
x 0 0
x 0 0
x 0 0
x 0 0
x 0 0
x 0 0
x 0 0
x 0 0
x 0 0
x 0 0
x 0 0
x 0 0
x 0 0
x 0 0
x 0 0
x 0 0
x 0 0
x 0 0
x 0 0
x 0 0
x 0 0
x 0 0
x 0 0
x 0 0
x 0 0
x 0 0
x 0 0
x 0 0
x 0 0
x 0 0
x 0 0
x 0 0
x 0 0
x 0 0
x 0 0
x 0 0
x 0 0
x 0 0
x 0 0
x 0 0
x 0 0
x 0 0
x 0 0
x 0 0
x 0 0
x 0 0
x 0 0
x 0 0
x 0 0
x 0 0
x 0 0
x 0 0
x 0 0
x 0 0
x 0 0
x 0 0
x 0 0
x 0 0
x 0 0
x 0 0
x 0 0
x 0 0
x 0 0
x 0 0
x 0 0
#
# 
# Merged from harmonics.
# This data set was submitted by Jean-Pierre LaPointe
# (scipur@collegenotre-dame.qc.ca) 1996-11-29
# The source was the Table des Marees des Grands Ports du Monde, No. 540,
# from the Service Hydrographique et Oceanographique de la Marine - Paris,
# B.P. 426, 29275 Brest Cedex.
#
# 
# rel_pedigree: 1250000000 (Via LaPointe)
# BEGIN HOT COMMENTS
# country: South Korea
# restriction: Non-commercial use only
# datum: ALLW (approx.)
# confidence: 10
# !units: meters
# !longitude: 126.0500
# !latitude: 34.3000
Kacho To, South Korea
+09:00 :Asia/Seoul
1.8200 meters
J1              0.0170  252.40
K1              0.2800  234.00
K2              0.0980   31.90
L2              0.0260   13.00
M1              0.0150  215.50
M2              0.9700  353.00
x 0 0
x 0 0
x 0 0
x 0 0
N2              0.1840  333.00
2N2             0.0240  313.00
O1              0.2100  197.00
OO1             0.0090  271.00
P1              0.0930  231.20
Q1              0.0400  177.00
2Q1             0.0050  160.30
R2              0.0030   30.40
x 0 0
S2              0.3600   29.00
x 0 0
x 0 0
T2              0.0210   27.60
LDA2            0.0070    9.70
MU2             0.0230  317.00
NU2             0.0360  335.70
RHO1            0.0080  181.10
x 0 0
x 0 0
x 0 0
x 0 0
x 0 0
x 0 0
x 0 0
x 0 0
x 0 0
x 0 0
x 0 0
x 0 0
x 0 0
x 0 0
x 0 0
x 0 0
x 0 0
x 0 0
x 0 0
x 0 0
x 0 0
x 0 0
x 0 0
x 0 0
x 0 0
x 0 0
x 0 0
x 0 0
x 0 0
x 0 0
x 0 0
x 0 0
x 0 0
x 0 0
x 0 0
x 0 0
x 0 0
x 0 0
x 0 0
x 0 0
x 0 0
x 0 0
x 0 0
x 0 0
x 0 0
x 0 0
x 0 0
x 0 0
x 0 0
x 0 0
x 0 0
x 0 0
x 0 0
x 0 0
x 0 0
x 0 0
x 0 0
x 0 0
x 0 0
x 0 0
x 0 0
x 0 0
x 0 0
x 0 0
x 0 0
x 0 0
x 0 0
x 0 0
x 0 0
x 0 0
x 0 0
#
# 
# Merged from harmonics.
# This data set was submitted by Jean-Pierre LaPointe
# (scipur@collegenotre-dame.qc.ca) 1996-11-29
# The source was the Table des Marees des Grands Ports du Monde, No. 540,
# from the Service Hydrographique et Oceanographique de la Marine - Paris,
# B.P. 426, 29275 Brest Cedex.
#
# 
# rel_pedigree: 1250000000 (Via LaPointe)
# BEGIN HOT COMMENTS
# country: India
# restriction: Non-commercial use only
# datum: LAT
# confidence: 10
# !units: meters
# !longitude: 82.2539
# !latitude: 16.9382
Kakinada, Andhra Pradesh, India
+05:30 :Asia/Calcutta
0.8700 meters
J1              0.0030  344.50
K1              0.1050  339.00
K2              0.0540  288.00
L2              0.0140  257.00
M1              0.0030  333.50
M2              0.4620  248.00
x 0 0
M4              0.0090   94.00
x 0 0
x 0 0
N2              0.0960  239.00
2N2             0.0130  230.00
O1              0.0410  328.00
OO1             0.0020  350.00
P1              0.0350  338.20
Q1              0.0010  147.00
2Q1             0.0010  317.10
R2              0.0020  286.50
x 0 0
S2              0.1970  285.00
x 0 0
x 0 0
T2              0.0120  283.50
LDA2            0.0030  265.20
MU2             0.0110  211.00
NU2             0.0190  240.20
RHO1            0.0020  323.30
x 0 0
x 0 0
MN4             0.0050   95.00
MS4             0.0070  115.00
x 0 0
x 0 0
x 0 0
x 0 0
SA              0.2170  202.00
x 0 0
x 0 0
x 0 0
x 0 0
x 0 0
x 0 0
x 0 0
x 0 0
x 0 0
x 0 0
x 0 0
x 0 0
x 0 0
x 0 0
x 0 0
x 0 0
x 0 0
x 0 0
x 0 0
x 0 0
x 0 0
x 0 0
x 0 0
x 0 0
x 0 0
x 0 0
x 0 0
x 0 0
x 0 0
x 0 0
x 0 0
x 0 0
x 0 0
x 0 0
x 0 0
x 0 0
x 0 0
x 0 0
x 0 0
x 0 0
x 0 0
x 0 0
x 0 0
x 0 0
x 0 0
x 0 0
x 0 0
x 0 0
x 0 0
x 0 0
x 0 0
x 0 0
x 0 0
x 0 0
x 0 0
x 0 0
x 0 0
x 0 0
x 0 0
x 0 0
x 0 0
x 0 0
#
# 
# Merged from harmonics.
# This data set was submitted by Jean-Pierre LaPointe
# (scipur@collegenotre-dame.qc.ca) 1996-11-29
# The source was the Table des Marees des Grands Ports du Monde, No. 540,
# from the Service Hydrographique et Oceanographique de la Marine - Paris,
# B.P. 426, 29275 Brest Cedex.
#
# 
# rel_pedigree: 1250000000 (Via LaPointe)
# BEGIN HOT COMMENTS
# country: Cambodia
# restriction: Non-commercial use only
# datum: MLLW
# confidence: 10
# !units: meters
# !longitude: 103.4833
# !latitude: 10.6333
Sihanoukville (Kampong Saom), Cambodia
+07:00 :Asia/Phnom_Penh
1.0700 meters
J1              0.0150  146.30
K1              0.2450  126.00
K2              0.0150   48.60
L2              0.0030  358.00
M1              0.0130  105.50
M2              0.1130  347.00
x 0 0
x 0 0
x 0 0
x 0 0
N2              0.0190  336.00
2N2             0.0030  325.00
O1              0.1840   85.00
OO1             0.0080  167.00
P1              0.0810  122.90
x 0 0
2Q1             0.0050   44.30
x 0 0
x 0 0
S2              0.0550   44.00
x 0 0
x 0 0
T2              0.0030   41.70
LDA2            0.0010   13.40
MU2             0.0030  290.00
NU2             0.0040  337.50
RHO1            0.0070   67.40
x 0 0
x 0 0
x 0 0
x 0 0
x 0 0
x 0 0
x 0 0
x 0 0
SA              0.1890  278.00
x 0 0
x 0 0
x 0 0
x 0 0
x 0 0
x 0 0
x 0 0
x 0 0
x 0 0
x 0 0
x 0 0
x 0 0
x 0 0
x 0 0
x 0 0
x 0 0
x 0 0
x 0 0
x 0 0
x 0 0
x 0 0
x 0 0
x 0 0
x 0 0
x 0 0
x 0 0
x 0 0
x 0 0
x 0 0
x 0 0
x 0 0
x 0 0
x 0 0
x 0 0
x 0 0
x 0 0
x 0 0
x 0 0
x 0 0
x 0 0
x 0 0
x 0 0
x 0 0
x 0 0
x 0 0
x 0 0
x 0 0
x 0 0
x 0 0
x 0 0
x 0 0
x 0 0
x 0 0
x 0 0
x 0 0
x 0 0
x 0 0
x 0 0
x 0 0
x 0 0
x 0 0
x 0 0
#
# 
# Merged from harmonics.
# This data set was submitted by Jean-Pierre LaPointe
# (scipur@collegenotre-dame.qc.ca) 1996-11-29
# The source was the Table des Marees des Grands Ports du Monde, No. 540,
# from the Service Hydrographique et Oceanographique de la Marine - Paris,
# B.P. 426, 29275 Brest Cedex.
#
# 
# rel_pedigree: 1250000000 (Via LaPointe)
# BEGIN HOT COMMENTS
# country: India
# restriction: Non-commercial use only
# datum: LAT
# confidence: 10
# !units: meters
# !longitude: 70.2232
# !latitude: 23.0095
Kandla, Gujarat, India
+05:30 :Asia/Calcutta
3.8800 meters
J1              0.0190   93.50
K1              0.5000   88.00
K2              0.1810  110.60
L2              0.0640   88.00
M1              0.0170   82.50
M2              2.3410   63.00
x 0 0
M4              0.1560    0.00
x 0 0
x 0 0
N2              0.4470   38.00
2N2             0.0590   13.00
O1              0.2380   77.00
OO1             0.0100   99.00
P1              0.1660   87.20
Q1              0.0430   80.00
2Q1             0.0060   66.10
R2              0.0050  108.80
x 0 0
S2              0.6640  107.00
x 0 0
x 0 0
T2              0.0390  105.20
LDA2            0.0160   83.40
MU2             0.0560   19.00
NU2             0.0870   41.40
RHO1            0.0090   72.30
x 0 0
x 0 0
MN4             0.0710  336.00
MS4             0.0840   46.00
x 0 0
x 0 0
x 0 0
x 0 0
SA              0.0930   95.00
x 0 0
x 0 0
x 0 0
x 0 0
x 0 0
x 0 0
x 0 0
x 0 0
x 0 0
x 0 0
x 0 0
x 0 0
x 0 0
x 0 0
x 0 0
x 0 0
x 0 0
x 0 0
x 0 0
x 0 0
x 0 0
x 0 0
x 0 0
x 0 0
x 0 0
x 0 0
x 0 0
x 0 0
x 0 0
x 0 0
x 0 0
x 0 0
x 0 0
x 0 0
x 0 0
x 0 0
x 0 0
x 0 0
x 0 0
x 0 0
x 0 0
x 0 0
x 0 0
x 0 0
x 0 0
x 0 0
x 0 0
x 0 0
x 0 0
x 0 0
x 0 0
x 0 0
x 0 0
x 0 0
x 0 0
x 0 0
x 0 0
x 0 0
x 0 0
x 0 0
x 0 0
x 0 0
#
# 
# Merged from harmonics.
# This data set was submitted by Jean-Pierre LaPointe
# (scipur@collegenotre-dame.qc.ca) 1996-11-29
# The source was the Table des Marees des Grands Ports du Monde, No. 540,
# from the Service Hydrographique et Oceanographique de la Marine - Paris,
# B.P. 426, 29275 Brest Cedex.
#
# 
# rel_pedigree: 1250000000 (Via LaPointe)
# BEGIN HOT COMMENTS
# country: Indonesia
# restriction: Non-commercial use only
# datum: MLLW
# confidence: 10
# !units: meters
# !longitude: 112.7278
# !latitude: -6.9295
Karang Jamuang, Java, Indonesia
+07:00 :Asia/Jakarta
1.0500 meters
J1              0.0210  345.80
K1              0.5400  317.00
K2              0.0220  354.40
L2              0.0030  348.00
M1              0.0180  288.00
M2              0.0400   16.00
x 0 0
x 0 0
x 0 0
x 0 0
N2              0.0200   44.00
2N2             0.0030   72.00
O1              0.2600  259.00
OO1             0.0110   15.00
P1              0.1790  312.70
x 0 0
2Q1             0.0070  201.50
R2              0.0010  355.20
x 0 0
S2              0.0800  356.00
x 0 0
x 0 0
T2              0.0050  356.80
x 0 0
MU2             0.0010   36.00
NU2             0.0040   40.20
RHO1            0.0100  234.10
x 0 0
x 0 0
x 0 0
x 0 0
x 0 0
x 0 0
x 0 0
x 0 0
x 0 0
x 0 0
x 0 0
x 0 0
x 0 0
x 0 0
x 0 0
x 0 0
x 0 0
x 0 0
x 0 0
x 0 0
x 0 0
x 0 0
x 0 0
x 0 0
x 0 0
x 0 0
x 0 0
x 0 0
x 0 0
x 0 0
x 0 0
x 0 0
x 0 0
x 0 0
x 0 0
x 0 0
x 0 0
x 0 0
x 0 0
x 0 0
x 0 0
x 0 0
x 0 0
x 0 0
x 0 0
x 0 0
x 0 0
x 0 0
x 0 0
x 0 0
x 0 0
x 0 0
x 0 0
x 0 0
x 0 0
x 0 0
x 0 0
x 0 0
x 0 0
x 0 0
x 0 0
x 0 0
x 0 0
x 0 0
x 0 0
x 0 0
x 0 0
x 0 0
x 0 0
x 0 0
x 0 0
#
# 
# Merged from harmonics.
# This data set was submitted by Jean-Pierre LaPointe
# (scipur@collegenotre-dame.qc.ca) 1996-11-29
# The source was the Table des Marees des Grands Ports du Monde, No. 540,
# from the Service Hydrographique et Oceanographique de la Marine - Paris,
# B.P. 426, 29275 Brest Cedex.
#
# 
# rel_pedigree: 1250000000 (Via LaPointe)
# BEGIN HOT COMMENTS
# country: India
# restriction: Non-commercial use only
# datum: LAT
# confidence: 10
# psmsl_id: 1273
# ssc_id: SSC-karw
# !units: meters
# !longitude: 74.1116
# !latitude: 14.7984
Karwar, Karnataka, India
+05:30 :Asia/Calcutta
1.1800 meters
J1              0.0120   62.00
K1              0.3030   61.00
K2              0.0490    7.20
L2              0.0180  343.00
M1              0.0110   60.00
M2              0.5190  325.00
x 0 0
M4              0.0150   31.00
x 0 0
x 0 0
N2              0.1250  307.00
2N2             0.0170  289.00
O1              0.1510   59.00
OO1             0.0060   63.00
P1              0.1000   60.90
Q1              0.0300   66.00
2Q1             0.0040   57.00
R2              0.0010    5.60
x 0 0
S2              0.1790    4.00
x 0 0
x 0 0
T2              0.0110    2.40
LDA2            0.0040  343.10
MU2             0.0120  286.00
NU2             0.0240  309.40
RHO1            0.0060   58.10
x 0 0
x 0 0
MN4             0.0080  356.00
MS4             0.0040   62.00
x 0 0
x 0 0
x 0 0
x 0 0
SA              0.0850  312.00
x 0 0
x 0 0
x 0 0
x 0 0
x 0 0
x 0 0
x 0 0
x 0 0
x 0 0
x 0 0
x 0 0
x 0 0
x 0 0
x 0 0
x 0 0
x 0 0
x 0 0
x 0 0
x 0 0
x 0 0
x 0 0
x 0 0
x 0 0
x 0 0
x 0 0
x 0 0
x 0 0
x 0 0
x 0 0
x 0 0
x 0 0
x 0 0
x 0 0
x 0 0
x 0 0
x 0 0
x 0 0
x 0 0
x 0 0
x 0 0
x 0 0
x 0 0
x 0 0
x 0 0
x 0 0
x 0 0
x 0 0
x 0 0
x 0 0
x 0 0
x 0 0
x 0 0
x 0 0
x 0 0
x 0 0
x 0 0
x 0 0
x 0 0
x 0 0
x 0 0
x 0 0
x 0 0
#
# 
# Merged from harmonics.
# This data set was submitted by Jean-Pierre LaPointe
# (scipur@collegenotre-dame.qc.ca) 1996-11-29
# The source was the Table des Marees des Grands Ports du Monde, No. 540,
# from the Service Hydrographique et Oceanographique de la Marine - Paris,
# B.P. 426, 29275 Brest Cedex.
#
# 
# rel_pedigree: 1250000000 (Via LaPointe)
# BEGIN HOT COMMENTS
# country: Iran
# restriction: Non-commercial use only
# datum: MLLW
# confidence: 10
# !units: meters
# !longitude: 49.0500
# !latitude: 30.0000
Khowr-e Musa Bar, Iran
+03:30 :Asia/Tehran
2.3000 meters
J1              0.0250  324.80
K1              0.4940  301.00
K2              0.0850   17.90
L2              0.0270  337.00
M1              0.0230  277.00
M2              0.8690  313.00
x 0 0
M4              0.0380  172.00
x 0 0
x 0 0
N2              0.1880  289.00
2N2             0.0250  265.00
O1              0.3170  253.00
OO1             0.0140  349.00
P1              0.1640  297.40
Q1              0.0470  240.00
2Q1             0.0080  205.40
R2              0.0030   15.40
x 0 0
S2              0.3130   13.00
x 0 0
x 0 0
T2              0.0180   10.60
LDA2            0.0060  340.80
MU2             0.0210  253.00
NU2             0.0360  292.20
RHO1            0.0120  232.40
x 0 0
x 0 0
MN4             0.0150  150.00
MS4             0.0300  241.00
x 0 0
x 0 0
x 0 0
x 0 0
SA              0.1360  125.00
x 0 0
x 0 0
x 0 0
x 0 0
x 0 0
x 0 0
x 0 0
x 0 0
x 0 0
x 0 0
x 0 0
x 0 0
x 0 0
x 0 0
x 0 0
x 0 0
x 0 0
x 0 0
x 0 0
x 0 0
x 0 0
x 0 0
x 0 0
x 0 0
x 0 0
x 0 0
x 0 0
x 0 0
x 0 0
x 0 0
x 0 0
x 0 0
x 0 0
x 0 0
x 0 0
x 0 0
x 0 0
x 0 0
x 0 0
x 0 0
x 0 0
x 0 0
x 0 0
x 0 0
x 0 0
x 0 0
x 0 0
x 0 0
x 0 0
x 0 0
x 0 0
x 0 0
x 0 0
x 0 0
x 0 0
x 0 0
x 0 0
x 0 0
x 0 0
x 0 0
x 0 0
x 0 0
#
# 
# Merged from harmonics.
# This data set was submitted by Jean-Pierre LaPointe
# (scipur@collegenotre-dame.qc.ca) 1996-11-29
# The source was the Table des Marees des Grands Ports du Monde, No. 540,
# from the Service Hydrographique et Oceanographique de la Marine - Paris,
# B.P. 426, 29275 Brest Cedex.
#
# 
# Kilindini Harbor is one of the two harbors flanking the island seaport of
# Mombasa.  -- Frank Barnwell
#
# 
# rel_pedigree: 1250000000 (Via LaPointe)
# BEGIN HOT COMMENTS
# country: Kenya
# restriction: Non-commercial use only
# datum: MLLW
# confidence: 10
# gloss_id: 8
# ioc_code: momb
# psmsl_id: 2183, 370
# ptwc_code: momb
# ssc_id: SSC-momb
# uhslc_id: 101
# !units: meters
# !longitude: 39.6573
# !latitude: -4.0700
Mombasa (Kilindini Harbour), Kenya
+03:00 :Africa/Nairobi
1.8500 meters
J1              0.0090   41.50
K1              0.1870   42.00
K2              0.1400  160.50
L2              0.0280  135.00
M1              0.0080   42.50
M2              1.0600  114.00
x 0 0
M4              0.0130  286.00
x 0 0
x 0 0
N2              0.1970   93.00
2N2             0.0260   72.00
O1              0.1120   43.00
OO1             0.0050   41.00
P1              0.0620   42.10
Q1              0.0280   33.00
2Q1             0.0030   44.00
R2              0.0040  158.70
x 0 0
S2              0.5140  157.00
x 0 0
x 0 0
T2              0.0300  155.30
LDA2            0.0070  134.00
MU2             0.0250   71.00
NU2             0.0380   95.80
RHO1            0.0040   43.40
x 0 0
x 0 0
MN4             0.0070  258.00
MS4             0.0080  332.00
x 0 0
x 0 0
x 0 0
x 0 0
SA              0.0340    0.00
x 0 0
x 0 0
x 0 0
x 0 0
x 0 0
x 0 0
x 0 0
x 0 0
x 0 0
x 0 0
x 0 0
x 0 0
x 0 0
x 0 0
x 0 0
x 0 0
x 0 0
x 0 0
x 0 0
x 0 0
x 0 0
x 0 0
x 0 0
x 0 0
x 0 0
x 0 0
x 0 0
x 0 0
x 0 0
x 0 0
x 0 0
x 0 0
x 0 0
x 0 0
x 0 0
x 0 0
x 0 0
x 0 0
x 0 0
x 0 0
x 0 0
x 0 0
x 0 0
x 0 0
x 0 0
x 0 0
x 0 0
x 0 0
x 0 0
x 0 0
x 0 0
x 0 0
x 0 0
x 0 0
x 0 0
x 0 0
x 0 0
x 0 0
x 0 0
x 0 0
x 0 0
x 0 0
#
# 
# Merged from harmonics.
# This data set was submitted by Jean-Pierre LaPointe
# (scipur@collegenotre-dame.qc.ca) 1996-11-29
# The source was the Table des Marees des Grands Ports du Monde, No. 540,
# from the Service Hydrographique et Oceanographique de la Marine - Paris,
# B.P. 426, 29275 Brest Cedex.
#
# 
# The original name was KIRKENESS; my atlas disagrees.
#
# 
# rel_pedigree: 1250000000 (Via LaPointe)
# BEGIN HOT COMMENTS
# country: Norway
# restriction: Non-commercial use only
# datum: CD
# confidence: 10
# !units: meters
# !longitude: 30.0500
# !latitude: 69.7333
Kirkenes, Norway
+01:00 :Europe/Oslo
1.8600 meters
J1              0.0020  189.70
K1              0.1190  274.00
K2              0.0810  186.70
L2              0.0320  166.00
M1              0.0020  359.00
M2              1.0630  137.00
x 0 0
M4              0.0210  147.00
x 0 0
x 0 0
N2              0.2260  108.00
2N2             0.0300   79.00
O1              0.0280   84.00
OO1             0.0010  104.00
P1              0.0390  286.80
Q1              0.0220   33.00
2Q1             0.0010  252.60
R2              0.0020  184.80
x 0 0
S2              0.2960  183.00
x 0 0
x 0 0
T2              0.0170  181.20
LDA2            0.0070  158.30
MU2             0.0260   91.00
NU2             0.0440  111.90
RHO1            0.0010  156.90
x 0 0
x 0 0
MN4             0.0070  123.00
MS4             0.0180  221.00
x 0 0
x 0 0
x 0 0
x 0 0
SA              0.1160  237.00
x 0 0
x 0 0
x 0 0
x 0 0
x 0 0
x 0 0
x 0 0
x 0 0
x 0 0
x 0 0
x 0 0
x 0 0
x 0 0
x 0 0
x 0 0
x 0 0
x 0 0
x 0 0
x 0 0
x 0 0
x 0 0
x 0 0
x 0 0
x 0 0
x 0 0
x 0 0
x 0 0
x 0 0
x 0 0
x 0 0
x 0 0
x 0 0
x 0 0
x 0 0
x 0 0
x 0 0
x 0 0
x 0 0
x 0 0
x 0 0
x 0 0
x 0 0
x 0 0
x 0 0
x 0 0
x 0 0
x 0 0
x 0 0
x 0 0
x 0 0
x 0 0
x 0 0
x 0 0
x 0 0
x 0 0
x 0 0
x 0 0
x 0 0
x 0 0
x 0 0
x 0 0
x 0 0
#
# 
# Merged from harmonics.
# This data set was submitted by Jean-Pierre LaPointe
# (scipur@collegenotre-dame.qc.ca) 1996-11-29
# The source was the Table des Marees des Grands Ports du Monde, No. 540,
# from the Service Hydrographique et Oceanographique de la Marine - Paris,
# B.P. 426, 29275 Brest Cedex.
#
# 
# rel_pedigree: 1250000000 (Via LaPointe)
# BEGIN HOT COMMENTS
# country: Thailand
# restriction: Non-commercial use only
# datum: MLLW
# confidence: 10
# !units: meters
# !longitude: 100.8108
# !latitude: 13.1618
Ko Si Chang, Chon Buri, Thailand
+07:00 :Asia/Bangkok
2.4800 meters
J1              0.0330  192.80
K1              0.6950  168.00
K2              0.0610  203.00
L2              0.0130  178.00
M1              0.0300  143.00
M2              0.5810  136.00
x 0 0
M4              0.0090  142.00
x 0 0
x 0 0
N2              0.0900   94.00
2N2             0.0120   52.00
O1              0.4200  118.00
OO1             0.0180  218.00
P1              0.2300  164.30
Q1              0.0690   96.00
2Q1             0.0110   68.40
R2              0.0020  200.50
x 0 0
S2              0.2250  198.00
x 0 0
x 0 0
T2              0.0130  195.50
LDA2            0.0040  164.80
MU2             0.0140   74.00
NU2             0.0170   99.60
RHO1            0.0160   96.60
x 0 0
x 0 0
x 0 0
MS4             0.0030   37.00
x 0 0
x 0 0
x 0 0
x 0 0
x 0 0
x 0 0
x 0 0
x 0 0
x 0 0
x 0 0
x 0 0
x 0 0
x 0 0
x 0 0
x 0 0
x 0 0
x 0 0
x 0 0
x 0 0
x 0 0
x 0 0
x 0 0
x 0 0
x 0 0
x 0 0
x 0 0
x 0 0
x 0 0
x 0 0
x 0 0
x 0 0
x 0 0
x 0 0
x 0 0
x 0 0
x 0 0
x 0 0
x 0 0
x 0 0
x 0 0
x 0 0
x 0 0
x 0 0
x 0 0
x 0 0
x 0 0
x 0 0
x 0 0
x 0 0
x 0 0
x 0 0
x 0 0
x 0 0
x 0 0
x 0 0
x 0 0
x 0 0
x 0 0
x 0 0
x 0 0
x 0 0
x 0 0
x 0 0
x 0 0
x 0 0
x 0 0
x 0 0
#
# 
# Merged from harmonics.
# This data set was submitted by Jean-Pierre LaPointe
# (scipur@collegenotre-dame.qc.ca) 1996-11-29
# The source was the Table des Marees des Grands Ports du Monde, No. 540,
# from the Service Hydrographique et Oceanographique de la Marine - Paris,
# B.P. 426, 29275 Brest Cedex.
#
# 
# rel_pedigree: 1250000000 (Via LaPointe)
# BEGIN HOT COMMENTS
# country: South Korea
# restriction: Non-commercial use only
# datum: ALLW (approx.)
# confidence: 10
# !units: meters
# !longitude: 127.3000
# !latitude: 34.0000
Komun Do, South Korea
+09:00 :Asia/Seoul
1.7600 meters
J1              0.0140  218.40
K1              0.2400  201.00
K2              0.1140  308.80
L2              0.0250  292.00
M1              0.0130  183.50
M2              0.9200  272.00
x 0 0
x 0 0
x 0 0
x 0 0
N2              0.1750  252.00
2N2             0.0230  232.00
O1              0.1800  166.00
OO1             0.0080  236.00
P1              0.0790  198.40
Q1              0.0340  146.00
2Q1             0.0050  131.30
R2              0.0030  307.40
x 0 0
S2              0.4200  306.00
x 0 0
x 0 0
T2              0.0250  304.60
LDA2            0.0060  287.80
MU2             0.0220  238.00
NU2             0.0340  254.70
RHO1            0.0070  151.00
x 0 0
x 0 0
x 0 0
x 0 0
x 0 0
x 0 0
x 0 0
x 0 0
x 0 0
x 0 0
x 0 0
x 0 0
x 0 0
x 0 0
x 0 0
x 0 0
x 0 0
x 0 0
x 0 0
x 0 0
x 0 0
x 0 0
x 0 0
x 0 0
x 0 0
x 0 0
x 0 0
x 0 0
x 0 0
x 0 0
x 0 0
x 0 0
x 0 0
x 0 0
x 0 0
x 0 0
x 0 0
x 0 0
x 0 0
x 0 0
x 0 0
x 0 0
x 0 0
x 0 0
x 0 0
x 0 0
x 0 0
x 0 0
x 0 0
x 0 0
x 0 0
x 0 0
x 0 0
x 0 0
x 0 0
x 0 0
x 0 0
x 0 0
x 0 0
x 0 0
x 0 0
x 0 0
x 0 0
x 0 0
x 0 0
x 0 0
x 0 0
x 0 0
x 0 0
x 0 0
x 0 0
#
# 
# Merged from harmonics.
# This data set was submitted by Jean-Pierre LaPointe
# (scipur@collegenotre-dame.qc.ca) 1996-11-29
# The source was the Table des Marees des Grands Ports du Monde, No. 540,
# from the Service Hydrographique et Oceanographique de la Marine - Paris,
# B.P. 426, 29275 Brest Cedex.
#
# 
# rel_pedigree: 1250000000 (Via LaPointe)
# BEGIN HOT COMMENTS
# country: Slovenia
# restriction: Non-commercial use only
# datum: MLLW
# confidence: 10
# !units: meters
# !longitude: 13.7333
# !latitude: 45.5500
Koper, Slovenia
+01:00 :Europe/Ljubljana
0.6300 meters
J1              0.0040   74.00
K1              0.1820   70.00
K2              0.0430  284.60
L2              0.0070  278.00
M1              0.0040   66.00
M2              0.2510  277.00
x 0 0
x 0 0
x 0 0
x 0 0
N2              0.0460  276.00
2N2             0.0060  275.00
O1              0.0500   62.00
OO1             0.0020   78.00
P1              0.0600   69.40
x 0 0
2Q1             0.0010   54.10
R2              0.0010  284.30
x 0 0
S2              0.1580  284.00
x 0 0
x 0 0
T2              0.0090  283.70
LDA2            0.0020  280.20
MU2             0.0060  270.00
NU2             0.0090  276.10
RHO1            0.0020   58.60
x 0 0
x 0 0
x 0 0
x 0 0
x 0 0
x 0 0
x 0 0
x 0 0
x 0 0
x 0 0
x 0 0
x 0 0
x 0 0
x 0 0
x 0 0
x 0 0
x 0 0
x 0 0
x 0 0
x 0 0
x 0 0
x 0 0
x 0 0
x 0 0
x 0 0
x 0 0
x 0 0
x 0 0
x 0 0
x 0 0
x 0 0
x 0 0
x 0 0
x 0 0
x 0 0
x 0 0
x 0 0
x 0 0
x 0 0
x 0 0
x 0 0
x 0 0
x 0 0
x 0 0
x 0 0
x 0 0
x 0 0
x 0 0
x 0 0
x 0 0
x 0 0
x 0 0
x 0 0
x 0 0
x 0 0
x 0 0
x 0 0
x 0 0
x 0 0
x 0 0
x 0 0
x 0 0
x 0 0
x 0 0
x 0 0
x 0 0
x 0 0
x 0 0
x 0 0
x 0 0
x 0 0
#
# 
# Merged from harmonics.
# This data set was submitted by Jean-Pierre LaPointe
# (scipur@collegenotre-dame.qc.ca) 1996-11-29
# The source was the Table des Marees des Grands Ports du Monde, No. 540,
# from the Service Hydrographique et Oceanographique de la Marine - Paris,
# B.P. 426, 29275 Brest Cedex.
#
# 
# rel_pedigree: 1250000000 (Via LaPointe)
# BEGIN HOT COMMENTS
# country: Russia
# restriction: Non-commercial use only
# datum: LAT
# confidence: 10
# !units: meters
# !longitude: 142.7563
# !latitude: 46.6279
Korsakov (Sakhalin), Russia
+11:00 :Asia/Magadan
0.7300 meters
J1              0.0170  239.90
K1              0.2190  224.00
K2              0.0260  191.10
L2              0.0040  170.00
M1              0.0150  208.00
M2              0.2000  136.00
x 0 0
M4              0.0010  328.00
x 0 0
x 0 0
N2              0.0310  102.00
2N2             0.0040   68.00
O1              0.2180  192.00
OO1             0.0090  256.00
P1              0.0720  221.60
Q1              0.0460  168.00
2Q1             0.0060  160.30
R2              0.0010  189.00
x 0 0
S2              0.0950  187.00
x 0 0
x 0 0
T2              0.0060  185.00
LDA2            0.0010  159.70
MU2             0.0050   85.00
NU2             0.0060  106.60
RHO1            0.0080  178.30
x 0 0
x 0 0
x 0 0
MS4             0.0020  222.00
x 0 0
x 0 0
x 0 0
x 0 0
SA              0.0340  221.00
x 0 0
x 0 0
x 0 0
x 0 0
x 0 0
x 0 0
x 0 0
x 0 0
x 0 0
x 0 0
x 0 0
x 0 0
x 0 0
x 0 0
x 0 0
x 0 0
x 0 0
x 0 0
x 0 0
x 0 0
x 0 0
x 0 0
x 0 0
x 0 0
x 0 0
x 0 0
x 0 0
x 0 0
x 0 0
x 0 0
x 0 0
x 0 0
x 0 0
x 0 0
x 0 0
x 0 0
x 0 0
x 0 0
x 0 0
x 0 0
x 0 0
x 0 0
x 0 0
x 0 0
x 0 0
x 0 0
x 0 0
x 0 0
x 0 0
x 0 0
x 0 0
x 0 0
x 0 0
x 0 0
x 0 0
x 0 0
x 0 0
x 0 0
x 0 0
x 0 0
x 0 0
x 0 0
#
# 
# Merged from harmonics.
# This entry was converted automatically from a TD4 file.
# Time of conversion:  1997-05-25 15:02 EDT
#
# 
# KRALENDJIK, BONAIRE -------------------- 12d09. 'N 068d17. 'W--(KRALNDJK.TD4)
#
# 
# TMGPM 1993 DATA WITH P1, 2N2, MU2, NU2, L2, K2, T2 INFERRED
#
# 
# rel_pedigree: 1000000000 (Approximated or converted data)
# BEGIN HOT COMMENTS
# country: Bonaire
# restriction: Non-commercial use only
# datum: MLLW
# confidence: 10
# !units: meters
# !longitude: -68.2781
# !latitude: 12.1502
Kralendijk, Bonaire, Caribbean Netherlands
-04:00 :America/Curacao
0.4000 meters
J1              0.0052  178.99
K1              0.0970  178.00
K2              0.0038  308.71
L2              0.0019   78.00
M1              0.0047  177.00
M2              0.0430   46.00
x 0 0
M4              0.0050   54.00
x 0 0
x 0 0
N2              0.0130   14.00
2N2             0.0017  342.00
O1              0.0660  176.00
OO1             0.0028  180.00
P1              0.0321  177.85
Q1              0.0120  163.00
2Q1             0.0017  174.02
R2              0.0001  312.40
x 0 0
S2              0.0140  316.00
x 0 0
x 0 0
T2              0.0008  319.60
LDA2            0.0003    4.24
MU2             0.0010  136.00
NU2             0.0025   18.29
RHO1            0.0025  175.14
x 0 0
x 0 0
x 0 0
x 0 0
x 0 0
x 0 0
x 0 0
x 0 0
x 0 0
x 0 0
x 0 0
x 0 0
x 0 0
x 0 0
x 0 0
x 0 0
x 0 0
x 0 0
x 0 0
x 0 0
x 0 0
x 0 0
x 0 0
x 0 0
x 0 0
x 0 0
x 0 0
x 0 0
x 0 0
x 0 0
x 0 0
x 0 0
x 0 0
x 0 0
x 0 0
x 0 0
x 0 0
x 0 0
x 0 0
x 0 0
x 0 0
x 0 0
x 0 0
x 0 0
x 0 0
x 0 0
x 0 0
x 0 0
x 0 0
x 0 0
x 0 0
x 0 0
x 0 0
x 0 0
x 0 0
x 0 0
x 0 0
x 0 0
x 0 0
x 0 0
x 0 0
x 0 0
x 0 0
x 0 0
x 0 0
x 0 0
x 0 0
x 0 0
x 0 0
x 0 0
x 0 0
#
# 
# Merged from harmonics.
# This data set was submitted by Jean-Pierre LaPointe
# (scipur@collegenotre-dame.qc.ca) 1996-11-29
# The source was the Table des Marees des Grands Ports du Monde, No. 540,
# from the Service Hydrographique et Oceanographique de la Marine - Paris,
# B.P. 426, 29275 Brest Cedex.
#
# 
# rel_pedigree: 1250000000 (Via LaPointe)
# BEGIN HOT COMMENTS
# country: Malaysia
# restriction: Non-commercial use only
# datum: MLLW
# confidence: 10
# !units: meters
# !longitude: 102.8936
# !latitude: 1.7991
Kuala Batu Pahat, Malaysia
+07:30 :Asia/Kuala_Lumpur
1.5100 meters
J1              0.0200  175.40
K1              0.1520  161.00
K2              0.1010  330.10
L2              0.0200  281.00
M1              0.0180  146.50
M2              0.7740  276.00
x 0 0
M4              0.0490  127.00
x 0 0
x 0 0
N2              0.1400  271.00
2N2             0.0190  266.00
O1              0.2560  132.00
OO1             0.0110  190.00
P1              0.0500  158.80
x 0 0
2Q1             0.0070  103.20
R2              0.0030  328.00
x 0 0
S2              0.3720  326.00
x 0 0
x 0 0
T2              0.0220  324.00
LDA2            0.0050  299.20
MU2             0.0190  226.00
NU2             0.0270  271.70
RHO1            0.0100  119.60
x 0 0
x 0 0
x 0 0
MS4             0.0430  162.00
x 0 0
x 0 0
x 0 0
x 0 0
x 0 0
x 0 0
x 0 0
x 0 0
x 0 0
x 0 0
x 0 0
x 0 0
x 0 0
x 0 0
x 0 0
x 0 0
x 0 0
x 0 0
x 0 0
x 0 0
x 0 0
x 0 0
x 0 0
x 0 0
x 0 0
x 0 0
x 0 0
x 0 0
x 0 0
x 0 0
x 0 0
x 0 0
x 0 0
x 0 0
x 0 0
x 0 0
x 0 0
x 0 0
x 0 0
x 0 0
x 0 0
x 0 0
x 0 0
x 0 0
x 0 0
x 0 0
x 0 0
x 0 0
x 0 0
x 0 0
x 0 0
x 0 0
x 0 0
x 0 0
x 0 0
x 0 0
x 0 0
x 0 0
x 0 0
x 0 0
x 0 0
x 0 0
x 0 0
x 0 0
x 0 0
x 0 0
x 0 0
#
# 
# Merged from harmonics.
# This data set was submitted by Jean-Pierre LaPointe
# (scipur@collegenotre-dame.qc.ca) 1996-11-29
# The source was the Table des Marees des Grands Ports du Monde, No. 540,
# from the Service Hydrographique et Oceanographique de la Marine - Paris,
# B.P. 426, 29275 Brest Cedex.
#
# 
# rel_pedigree: 1250000000 (Via LaPointe)
# BEGIN HOT COMMENTS
# country: Malaysia
# restriction: Non-commercial use only
# datum: MLLW
# confidence: 10
# !units: meters
# !longitude: 103.1525
# !latitude: 5.3365
Kuala Terengganu, Malaysia
+07:30 :Asia/Kuala_Lumpur
1.0300 meters
J1              0.0230   18.30
K1              0.5030  355.00
K2              0.0300  277.60
L2              0.0080  253.00
M1              0.0210  331.50
M2              0.2680  229.00
x 0 0
M4              0.0120  108.00
x 0 0
x 0 0
N2              0.0550  205.00
2N2             0.0070  181.00
O1              0.2900  308.00
OO1             0.0120   42.00
P1              0.1660  351.50
x 0 0
2Q1             0.0080  261.40
R2              0.0010  275.80
x 0 0
S2              0.1100  274.00
x 0 0
x 0 0
T2              0.0060  272.20
LDA2            0.0020  249.90
MU2             0.0060  184.00
NU2             0.0110  208.20
RHO1            0.0110  287.80
x 0 0
x 0 0
x 0 0
MS4             0.0060  177.00
x 0 0
x 0 0
x 0 0
x 0 0
x 0 0
x 0 0
x 0 0
x 0 0
x 0 0
x 0 0
x 0 0
x 0 0
x 0 0
x 0 0
x 0 0
x 0 0
x 0 0
x 0 0
x 0 0
x 0 0
x 0 0
x 0 0
x 0 0
x 0 0
x 0 0
x 0 0
x 0 0
x 0 0
x 0 0
x 0 0
x 0 0
x 0 0
x 0 0
x 0 0
x 0 0
x 0 0
x 0 0
x 0 0
x 0 0
x 0 0
x 0 0
x 0 0
x 0 0
x 0 0
x 0 0
x 0 0
x 0 0
x 0 0
x 0 0
x 0 0
x 0 0
x 0 0
x 0 0
x 0 0
x 0 0
x 0 0
x 0 0
x 0 0
x 0 0
x 0 0
x 0 0
x 0 0
x 0 0
x 0 0
x 0 0
x 0 0
x 0 0
#
# 
# Merged from harmonics.
# This data set was submitted by Jean-Pierre LaPointe
# (scipur@collegenotre-dame.qc.ca) 1996-11-29
# The source was the Table des Marees des Grands Ports du Monde, No. 540,
# from the Service Hydrographique et Oceanographique de la Marine - Paris,
# B.P. 426, 29275 Brest Cedex.
#
# 
# rel_pedigree: 1250000000 (Via LaPointe)
# BEGIN HOT COMMENTS
# country: Malaysia
# restriction: Non-commercial use only
# datum: MLLW
# confidence: 10
# !units: meters
# !longitude: 103.3423
# !latitude: 3.8063
Kuantan, Malaysia
+07:30 :Asia/Kuala_Lumpur
1.5900 meters
J1              0.0270   32.80
K1              0.5110   11.00
K2              0.0470  311.20
L2              0.0160  281.00
M1              0.0250  349.00
M2              0.5570  255.00
x 0 0
M4              0.0090  113.00
x 0 0
x 0 0
N2              0.1140  229.00
2N2             0.0150  203.00
O1              0.3470  327.00
OO1             0.0150   55.00
P1              0.1690    7.70
Q1              0.0660  302.00
2Q1             0.0090  283.40
R2              0.0010  309.10
x 0 0
S2              0.1710  307.00
x 0 0
x 0 0
T2              0.0100  304.90
LDA2            0.0040  279.10
MU2             0.0130  203.00
NU2             0.0220  232.50
RHO1            0.0130  308.10
x 0 0
x 0 0
x 0 0
x 0 0
x 0 0
x 0 0
x 0 0
x 0 0
SA              0.1760  284.00
x 0 0
x 0 0
x 0 0
x 0 0
x 0 0
x 0 0
x 0 0
x 0 0
x 0 0
x 0 0
x 0 0
x 0 0
x 0 0
x 0 0
x 0 0
x 0 0
x 0 0
x 0 0
x 0 0
x 0 0
x 0 0
x 0 0
x 0 0
x 0 0
x 0 0
x 0 0
x 0 0
x 0 0
x 0 0
x 0 0
x 0 0
x 0 0
x 0 0
x 0 0
x 0 0
x 0 0
x 0 0
x 0 0
x 0 0
x 0 0
x 0 0
x 0 0
x 0 0
x 0 0
x 0 0
x 0 0
x 0 0
x 0 0
x 0 0
x 0 0
x 0 0
x 0 0
x 0 0
x 0 0
x 0 0
x 0 0
x 0 0
x 0 0
x 0 0
x 0 0
x 0 0
x 0 0
#
# 
# Merged from harmonics.
# This data set was submitted by Jean-Pierre LaPointe
# (scipur@collegenotre-dame.qc.ca) 1996-11-29
# The source was the Table des Marees des Grands Ports du Monde, No. 540,
# from the Service Hydrographique et Oceanographique de la Marine - Paris,
# B.P. 426, 29275 Brest Cedex.
#
# 
# rel_pedigree: 1250000000 (Via LaPointe)
# BEGIN HOT COMMENTS
# country: Malaysia
# restriction: Non-commercial use only
# datum: MLLW
# confidence: 10
# !units: meters
# !longitude: 110.3469
# !latitude: 1.5607
Kuching, Malaysia
+08:00 :Asia/Kuala_Lumpur
3.1300 meters
J1              0.0270   17.30
K1              0.4630  351.00
K2              0.1110  206.90
L2              0.0400  165.00
M1              0.0240  324.50
M2              1.4310  142.00
x 0 0
M4              0.0770  161.00
x 0 0
x 0 0
N2              0.2810  119.00
2N2             0.0370   96.00
O1              0.3450  298.00
OO1             0.0150   44.00
P1              0.1530  347.00
Q1              0.0660  288.00
2Q1             0.0090  245.40
R2              0.0030  204.40
x 0 0
S2              0.4090  202.00
x 0 0
x 0 0
T2              0.0240  199.60
LDA2            0.0100  169.80
MU2             0.0340   82.00
NU2             0.0550  122.10
RHO1            0.0130  275.30
x 0 0
x 0 0
MN4             0.0310  135.00
MS4             0.0550  207.00
x 0 0
x 0 0
x 0 0
x 0 0
SA              0.1690  274.00
x 0 0
x 0 0
x 0 0
x 0 0
x 0 0
x 0 0
x 0 0
x 0 0
x 0 0
x 0 0
x 0 0
x 0 0
x 0 0
x 0 0
x 0 0
x 0 0
x 0 0
x 0 0
x 0 0
x 0 0
x 0 0
x 0 0
x 0 0
x 0 0
x 0 0
x 0 0
x 0 0
x 0 0
x 0 0
x 0 0
x 0 0
x 0 0
x 0 0
x 0 0
x 0 0
x 0 0
x 0 0
x 0 0
x 0 0
x 0 0
x 0 0
x 0 0
x 0 0
x 0 0
x 0 0
x 0 0
x 0 0
x 0 0
x 0 0
x 0 0
x 0 0
x 0 0
x 0 0
x 0 0
x 0 0
x 0 0
x 0 0
x 0 0
x 0 0
x 0 0
x 0 0
x 0 0
#
# 
# Merged from harmonics.
# This data set was submitted by Jean-Pierre LaPointe
# (scipur@collegenotre-dame.qc.ca) 1996-11-29
# The source was the Table des Marees des Grands Ports du Monde, No. 540,
# from the Service Hydrographique et Oceanographique de la Marine - Paris,
# B.P. 426, 29275 Brest Cedex.
#
# 
# rel_pedigree: 1250000000 (Via LaPointe)
# BEGIN HOT COMMENTS
# country: South Korea
# restriction: Non-commercial use only
# datum: ALLW (approx.)
# confidence: 10
# !units: meters
# !longitude: 126.68416
# !latitude: 36.00690
Changhang / Gunsan, South Korea
+09:00 :Asia/Seoul
3.4100 meters
J1              0.0200  309.80
K1              0.3130  288.00
K2              0.2020  160.50
L2              0.0550  121.00
M1              0.0180  266.00
M2              2.1280  100.00
x 0 0
M4              0.1760  121.00
x 0 0
x 0 0
N2              0.3860   79.00
2N2             0.0510   58.00
O1              0.2520  244.00
OO1             0.0110  332.00
P1              0.1040  284.70
Q1              0.0490  221.00
2Q1             0.0070  200.40
R2              0.0060  158.20
x 0 0
S2              0.7440  156.00
x 0 0
x 0 0
T2              0.0440  153.80
LDA2            0.0150  126.00
MU2             0.0510   44.00
NU2             0.0750   81.80
RHO1            0.0100  225.10
x 0 0
x 0 0
x 0 0
MS4             0.1440  146.00
x 0 0
x 0 0
x 0 0
x 0 0
SA              0.1920  132.00
x 0 0
x 0 0
x 0 0
x 0 0
x 0 0
x 0 0
x 0 0
x 0 0
x 0 0
x 0 0
x 0 0
x 0 0
x 0 0
x 0 0
x 0 0
x 0 0
x 0 0
x 0 0
x 0 0
x 0 0
x 0 0
x 0 0
x 0 0
x 0 0
x 0 0
x 0 0
x 0 0
x 0 0
x 0 0
x 0 0
x 0 0
x 0 0
x 0 0
x 0 0
x 0 0
x 0 0
x 0 0
x 0 0
x 0 0
x 0 0
x 0 0
x 0 0
x 0 0
x 0 0
x 0 0
x 0 0
x 0 0
x 0 0
x 0 0
x 0 0
x 0 0
x 0 0
x 0 0
x 0 0
x 0 0
x 0 0
x 0 0
x 0 0
x 0 0
x 0 0
x 0 0
x 0 0
#
# 
# Merged from harmonics.
# This data set was submitted by Jean-Pierre LaPointe
# (scipur@collegenotre-dame.qc.ca) 1996-11-29
# The source was the Table des Marees des Grands Ports du Monde, No. 540,
# from the Service Hydrographique et Oceanographique de la Marine - Paris,
# B.P. 426, 29275 Brest Cedex.
#
# 
# rel_pedigree: 1250000000 (Via LaPointe)
# BEGIN HOT COMMENTS
# country: Spain
# restriction: Non-commercial use only
# datum: LAT
# confidence: 10
# !units: meters
# !longitude: -6.1823
# !latitude: 36.4979
Arsenal de la Carraca, Spain
+00:00 :Europe/Madrid
1.9200 meters
J1              0.0050  267.60
K1              0.0670  224.00
K2              0.1020   81.00
L2              0.0300   82.00
M1              0.0050  180.00
M2              1.0440   68.00
x 0 0
M4              0.0370  184.00
x 0 0
x 0 0
N2              0.2110   54.00
2N2             0.0280   40.00
O1              0.0660  136.00
OO1             0.0030  312.00
P1              0.0220  217.40
Q1              0.0130   92.00
2Q1             0.0020   48.70
R2              0.0030   80.50
x 0 0
S2              0.3750   80.00
x 0 0
x 0 0
T2              0.0220   79.50
LDA2            0.0070   73.60
MU2             0.0250   56.00
NU2             0.0410   55.90
RHO1            0.0030   98.20
x 0 0
x 0 0
x 0 0
MS4             0.0200  258.00
x 0 0
x 0 0
x 0 0
x 0 0
x 0 0
x 0 0
x 0 0
x 0 0
x 0 0
x 0 0
x 0 0
x 0 0
x 0 0
x 0 0
x 0 0
x 0 0
x 0 0
x 0 0
x 0 0
x 0 0
x 0 0
x 0 0
x 0 0
x 0 0
x 0 0
x 0 0
x 0 0
x 0 0
x 0 0
x 0 0
x 0 0
x 0 0
x 0 0
x 0 0
x 0 0
x 0 0
x 0 0
x 0 0
x 0 0
x 0 0
x 0 0
x 0 0
x 0 0
x 0 0
x 0 0
x 0 0
x 0 0
x 0 0
x 0 0
x 0 0
x 0 0
x 0 0
x 0 0
x 0 0
x 0 0
x 0 0
x 0 0
x 0 0
x 0 0
x 0 0
x 0 0
x 0 0
x 0 0
x 0 0
x 0 0
x 0 0
x 0 0
#
# 
# Merged from harmonics.
# This data set was submitted by Jean-Pierre LaPointe
# (scipur@collegenotre-dame.qc.ca) 1996-11-29
# The source was the Table des Marees des Grands Ports du Monde, No. 540,
# from the Service Hydrographique et Oceanographique de la Marine - Paris,
# B.P. 426, 29275 Brest Cedex.
#
# 
# rel_pedigree: 1250000000 (Via LaPointe)
# BEGIN HOT COMMENTS
# country: Cuba
# restriction: Non-commercial use only
# datum: MLLW
# confidence: 10
# !units: meters
# !longitude: -82.3445
# !latitude: 23.1416
La Habana, Cuba
-05:00 :America/Havana
0.3000 meters
J1              0.0080  292.00
K1              0.0940  293.00
K2              0.0110  281.50
L2              0.0040  275.00
M1              0.0070  294.00
M2              0.1270  261.00
x 0 0
M4              0.0040  307.00
x 0 0
x 0 0
N2              0.0260  247.00
2N2             0.0030  233.00
O1              0.1010  295.00
OO1             0.0040  291.00
P1              0.0310  293.20
Q1              0.0230  282.00
2Q1             0.0030  297.00
x 0 0
x 0 0
S2              0.0420  280.00
x 0 0
x 0 0
T2              0.0020  279.20
LDA2            0.0010  269.80
MU2             0.0030  242.00
NU2             0.0050  248.90
RHO1            0.0040  295.90
x 0 0
x 0 0
x 0 0
x 0 0
x 0 0
x 0 0
x 0 0
x 0 0
x 0 0
x 0 0
x 0 0
x 0 0
x 0 0
x 0 0
x 0 0
x 0 0
x 0 0
x 0 0
x 0 0
x 0 0
x 0 0
x 0 0
x 0 0
x 0 0
x 0 0
x 0 0
x 0 0
x 0 0
x 0 0
x 0 0
x 0 0
x 0 0
x 0 0
x 0 0
x 0 0
x 0 0
x 0 0
x 0 0
x 0 0
x 0 0
x 0 0
x 0 0
x 0 0
x 0 0
x 0 0
x 0 0
x 0 0
x 0 0
x 0 0
x 0 0
x 0 0
x 0 0
x 0 0
x 0 0
x 0 0
x 0 0
x 0 0
x 0 0
x 0 0
x 0 0
x 0 0
x 0 0
x 0 0
x 0 0
x 0 0
x 0 0
x 0 0
x 0 0
x 0 0
x 0 0
x 0 0
#
# 
# Merged from harmonics.
# This data set was submitted by Jean-Pierre LaPointe
# (scipur@collegenotre-dame.qc.ca) 1996-11-29
# The source was the Table des Marees des Grands Ports du Monde, No. 540,
# from the Service Hydrographique et Oceanographique de la Marine - Paris,
# B.P. 426, 29275 Brest Cedex.
#
# 
# rel_pedigree: 1250000000 (Via LaPointe)
# BEGIN HOT COMMENTS
# country: Argentina
# restriction: Non-commercial use only
# datum: CD (SHN)
# confidence: 10
# !units: meters
# !longitude: -57.8833
# !latitude: -34.8333
La Plata (Puerto), Buenos Aires, Argentina
-03:00 :America/Buenos_Aires
0.9100 meters
J1              0.0100  297.70
K1              0.0850   22.00
K2              0.0160  244.80
L2              0.0060  161.00
M1              0.0090  107.00
M2              0.2380  141.00
x 0 0
x 0 0
x 0 0
x 0 0
N2              0.0450  121.00
2N2             0.0060  101.00
O1              0.1250  192.00
OO1             0.0050  212.00
P1              0.0280   34.80
Q1              0.0240  172.00
2Q1             0.0030    0.60
x 0 0
x 0 0
S2              0.0580  237.00
x 0 0
x 0 0
T2              0.0030  233.20
LDA2            0.0020  185.50
MU2             0.0060   45.00
NU2             0.0090  123.70
RHO1            0.0050  264.90
x 0 0
x 0 0
x 0 0
x 0 0
x 0 0
x 0 0
x 0 0
x 0 0
x 0 0
x 0 0
x 0 0
x 0 0
x 0 0
x 0 0
x 0 0
x 0 0
x 0 0
x 0 0
x 0 0
x 0 0
x 0 0
x 0 0
x 0 0
x 0 0
x 0 0
x 0 0
x 0 0
x 0 0
x 0 0
x 0 0
x 0 0
x 0 0
x 0 0
x 0 0
x 0 0
x 0 0
x 0 0
x 0 0
x 0 0
x 0 0
x 0 0
x 0 0
x 0 0
x 0 0
x 0 0
x 0 0
x 0 0
x 0 0
x 0 0
x 0 0
x 0 0
x 0 0
x 0 0
x 0 0
x 0 0
x 0 0
x 0 0
x 0 0
x 0 0
x 0 0
x 0 0
x 0 0
x 0 0
x 0 0
x 0 0
x 0 0
x 0 0
x 0 0
x 0 0
x 0 0
x 0 0
#
# 
# Merged from harmonics.
# This data set was submitted by Jean-Pierre LaPointe
# (scipur@collegenotre-dame.qc.ca) 1996-11-29
# The source was the Table des Marees des Grands Ports du Monde, No. 540,
# from the Service Hydrographique et Oceanographique de la Marine - Paris,
# B.P. 426, 29275 Brest Cedex.
#
# 
# rel_pedigree: 1250000000 (Via LaPointe)
# BEGIN HOT COMMENTS
# country: United Kingdom
# restriction: Non-commercial use only
# datum: ACD
# confidence: 10
# ioc_code: leit
# psmsl_id: 1526, 802
# ssc_id: SSC-leit
# !units: meters
# !longitude: -3.1817
# !latitude: 55.9898
Leith, Scotland, United Kingdom
+00:00 :Europe/London
3.0200 meters
J1              0.0110  297.90
K1              0.1120  221.00
K2              0.1670   98.20
L2              0.0490   78.00
M1              0.0100  143.50
M2              1.7760   55.00
x 0 0
M4              0.0780  195.00
x 0 0
x 0 0
N2              0.3440   32.00
2N2             0.0460    9.00
O1              0.1410   66.00
OO1             0.0060   16.00
P1              0.0370  209.40
Q1              0.0360   24.00
2Q1             0.0040  272.20
R2              0.0050   96.60
x 0 0
S2              0.6130   95.00
x 0 0
x 0 0
T2              0.0360   93.40
LDA2            0.0120   73.60
MU2             0.0430   15.00
NU2             0.0670   35.10
RHO1            0.0050  359.50
x 0 0
x 0 0
MN4             0.0190  150.00
MS4             0.0720  305.00
x 0 0
x 0 0
x 0 0
x 0 0
SA              0.0560  252.00
x 0 0
x 0 0
x 0 0
x 0 0
x 0 0
x 0 0
x 0 0
x 0 0
x 0 0
x 0 0
x 0 0
x 0 0
x 0 0
x 0 0
x 0 0
x 0 0
x 0 0
x 0 0
x 0 0
x 0 0
x 0 0
x 0 0
x 0 0
x 0 0
x 0 0
x 0 0
x 0 0
x 0 0
x 0 0
x 0 0
x 0 0
x 0 0
x 0 0
x 0 0
x 0 0
x 0 0
x 0 0
x 0 0
x 0 0
x 0 0
x 0 0
x 0 0
x 0 0
x 0 0
x 0 0
x 0 0
x 0 0
x 0 0
x 0 0
x 0 0
x 0 0
x 0 0
x 0 0
x 0 0
x 0 0
x 0 0
x 0 0
x 0 0
x 0 0
x 0 0
x 0 0
x 0 0
#
# 
# Merged from harmonics.
# This data set was submitted by Jean-Pierre LaPointe
# (scipur@collegenotre-dame.qc.ca) 1996-11-29
# The source was the Table des Marees des Grands Ports du Monde, No. 540,
# from the Service Hydrographique et Oceanographique de la Marine - Paris,
# B.P. 426, 29275 Brest Cedex.
#
# 
# rel_pedigree: 1250000000 (Via LaPointe)
# BEGIN HOT COMMENTS
# country: French Guiana
# restriction: Non-commercial use only
# datum: MLLW
# confidence: 10
# !units: meters
# !longitude: -53.9508
# !latitude: 5.7422
Pointe des Hattes (Awala-Yalimapo), French Guiana
-03:00 :America/Cayenne
1.6500 meters
J1              0.0060  230.90
K1              0.1010  224.00
K2              0.0750  180.90
L2              0.0230  168.00
M1              0.0060  217.00
M2              0.8440  155.00
x 0 0
M4              0.0490  208.00
x 0 0
x 0 0
N2              0.1630  142.00
2N2             0.0220  129.00
O1              0.0800  210.00
OO1             0.0030  238.00
P1              0.0330  223.00
Q1              0.0170  206.00
2Q1             0.0020  196.10
R2              0.0020  180.00
x 0 0
S2              0.2750  179.00
x 0 0
x 0 0
T2              0.0160  178.00
LDA2            0.0060  166.10
MU2             0.0200  131.00
NU2             0.0320  143.70
RHO1            0.0030  204.00
x 0 0
x 0 0
MN4             0.0200  200.00
MS4             0.0430  250.00
x 0 0
x 0 0
x 0 0
x 0 0
x 0 0
x 0 0
x 0 0
x 0 0
x 0 0
x 0 0
x 0 0
x 0 0
x 0 0
x 0 0
x 0 0
x 0 0
x 0 0
x 0 0
x 0 0
x 0 0
x 0 0
x 0 0
x 0 0
x 0 0
x 0 0
x 0 0
x 0 0
x 0 0
x 0 0
x 0 0
x 0 0
x 0 0
x 0 0
x 0 0
x 0 0
x 0 0
x 0 0
x 0 0
x 0 0
x 0 0
x 0 0
x 0 0
x 0 0
x 0 0
x 0 0
x 0 0
x 0 0
x 0 0
x 0 0
x 0 0
x 0 0
x 0 0
x 0 0
x 0 0
x 0 0
x 0 0
x 0 0
x 0 0
x 0 0
x 0 0
x 0 0
x 0 0
x 0 0
x 0 0
x 0 0
x 0 0
x 0 0
#
# 
# Merged from harmonics.
# This data set was submitted by Jean-Pierre LaPointe
# (scipur@collegenotre-dame.qc.ca) 1996-11-29
# The source was the Table des Marees des Grands Ports du Monde, No. 540,
# from the Service Hydrographique et Oceanographique de la Marine - Paris,
# B.P. 426, 29275 Brest Cedex.
#
# 
# rel_pedigree: 1250000000 (Via LaPointe)
# BEGIN HOT COMMENTS
# country: Gabon
# restriction: Non-commercial use only
# datum: MLLW
# confidence: 10
# shom_code: LIBREVILLE
# !units: meters
# !longitude: 9.4332
# !latitude: 0.4011
Libreville, Gabon
+01:00 :Africa/Libreville
1.2900 meters
J1              0.0010   27.80
K1              0.0950    8.00
K2              0.0520  178.40
L2              0.0170  152.00
M1              0.0010  348.00
M2              0.5950  146.00
x 0 0
M4              0.0280   82.00
x 0 0
x 0 0
N2              0.1200  140.00
2N2             0.0160  134.00
O1              0.0170  328.00
OO1             0.0010   48.00
P1              0.0310    5.00
Q1              0.0060  126.00
x 0 0
R2              0.0020  177.20
x 0 0
S2              0.1930  176.00
x 0 0
x 0 0
T2              0.0110  174.80
LDA2            0.0040  159.90
MU2             0.0140  116.00
NU2             0.0230  140.80
RHO1            0.0010  310.80
x 0 0
x 0 0
MN4             0.0090   34.00
MS4             0.0170  148.00
x 0 0
x 0 0
x 0 0
x 0 0
SA              0.0900  282.00
x 0 0
x 0 0
x 0 0
x 0 0
x 0 0
x 0 0
x 0 0
x 0 0
x 0 0
x 0 0
x 0 0
x 0 0
x 0 0
x 0 0
x 0 0
x 0 0
x 0 0
x 0 0
x 0 0
x 0 0
x 0 0
x 0 0
x 0 0
x 0 0
x 0 0
x 0 0
x 0 0
x 0 0
x 0 0
x 0 0
x 0 0
x 0 0
x 0 0
x 0 0
x 0 0
x 0 0
x 0 0
x 0 0
x 0 0
x 0 0
x 0 0
x 0 0
x 0 0
x 0 0
x 0 0
x 0 0
x 0 0
x 0 0
x 0 0
x 0 0
x 0 0
x 0 0
x 0 0
x 0 0
x 0 0
x 0 0
x 0 0
x 0 0
x 0 0
x 0 0
x 0 0
x 0 0
#
# 
# Merged from harmonics.
# This data set was submitted by Jean-Pierre LaPointe
# (scipur@collegenotre-dame.qc.ca) 1996-11-29
# The source was the Table des Marees des Grands Ports du Monde, No. 540,
# from the Service Hydrographique et Oceanographique de la Marine - Paris,
# B.P. 426, 29275 Brest Cedex.
#
# 
# rel_pedigree: 1250000000 (Via LaPointe)
# BEGIN HOT COMMENTS
# country: Tonga
# restriction: Non-commercial use only
# datum: MLLW
# confidence: 10
# !units: meters
# !longitude: -174.3333
# !latitude: -19.8000
Lifuka, Ha'apai Group, Tonga
+13:00 :Pacific/Tongatapu
0.7200 meters
J1              0.0010  210.30
K1              0.0400  189.00
K2              0.0130  227.90
L2              0.0160  228.00
M1              0.0010  167.50
M2              0.4080  203.00
x 0 0
M4              0.0400  228.00
x 0 0
x 0 0
N2              0.1130  178.00
2N2             0.0150  153.00
O1              0.0150  146.00
OO1             0.0010  232.00
P1              0.0130  185.80
Q1              0.0090   49.00
x 0 0
x 0 0
x 0 0
S2              0.0490  226.00
x 0 0
x 0 0
T2              0.0030  225.10
LDA2            0.0030  213.70
MU2             0.0100  180.00
NU2             0.0220  181.40
RHO1            0.0010  127.60
x 0 0
x 0 0
MN4             0.0180  178.00
MS4             0.0060  213.00
x 0 0
x 0 0
x 0 0
x 0 0
x 0 0
x 0 0
x 0 0
x 0 0
x 0 0
x 0 0
x 0 0
x 0 0
x 0 0
x 0 0
x 0 0
x 0 0
x 0 0
x 0 0
x 0 0
x 0 0
x 0 0
x 0 0
x 0 0
x 0 0
x 0 0
x 0 0
x 0 0
x 0 0
x 0 0
x 0 0
x 0 0
x 0 0
x 0 0
x 0 0
x 0 0
x 0 0
x 0 0
x 0 0
x 0 0
x 0 0
x 0 0
x 0 0
x 0 0
x 0 0
x 0 0
x 0 0
x 0 0
x 0 0
x 0 0
x 0 0
x 0 0
x 0 0
x 0 0
x 0 0
x 0 0
x 0 0
x 0 0
x 0 0
x 0 0
x 0 0
x 0 0
x 0 0
x 0 0
x 0 0
x 0 0
x 0 0
x 0 0
#
# 
# Merged from harmonics.
# This entry was converted automatically from a TD4 file.
# Time of conversion:  1997-05-25 15:02 EDT
#
# 
# LISBOA, PORTUGAL ----------------------- 38d42. 'N 009d08. 'W--(LISBOA.TD4  )
# TIME MERIDIAN 15E USED AS IN US TABLES - ADMIRALTY USES 0E
# IHO DATA VIA PIEPER - 2 HOURS = 1993 TMGPM --- UT+1 = T.M. 15E --------------
#
# 
# rel_pedigree: 1500000000 (Via Pieper)
# BEGIN HOT COMMENTS
# country: Portugal
# restriction: Non-commercial use only
# datum: MLLW
# confidence: 10
# ihm_code: 31
# !units: meters
# !longitude: -9.1634
# !latitude: 38.7001
Lisboa (Alcântara), Portugal
+01:00 :Europe/Lisbon
2.2000 meters
J1              0.0030   76.00
K1              0.0680   72.90
K2              0.1110  133.30
L2              0.0400  107.50
x 0 0
M2              1.1500  105.50
M3              0.0050  336.30
M4              0.0770  303.10
x 0 0
x 0 0
N2              0.2380   89.20
2N2             0.0340   75.30
O1              0.0610  333.70
OO1             0.0010  284.30
P1              0.0240   68.20
Q1              0.0150  277.40
2Q1             0.0040  226.80
R2              0.0060   70.10
S1              0.0030  265.30
S2              0.4010  135.50
S4              0.0040   39.70
x 0 0
T2              0.0220  131.20
LDA2            0.0170   89.80
MU2             0.0280   91.60
NU2             0.0450   91.50
RHO1            0.0040  310.50
x 0 0
x 0 0
x 0 0
MS4             0.0480  342.00
2SM2            0.0110  310.90
MF              0.0200  103.00
MSF             0.0090  169.20
MM              0.0120   90.20
SA              0.0200   33.20
SSA             0.0220  178.50
x 0 0
x 0 0
x 0 0
x 0 0
x 0 0
x 0 0
x 0 0
x 0 0
x 0 0
x 0 0
x 0 0
x 0 0
x 0 0
x 0 0
x 0 0
x 0 0
x 0 0
x 0 0
x 0 0
x 0 0
x 0 0
x 0 0
x 0 0
x 0 0
x 0 0
x 0 0
x 0 0
x 0 0
x 0 0
x 0 0
x 0 0
x 0 0
x 0 0
x 0 0
x 0 0
x 0 0
x 0 0
x 0 0
x 0 0
x 0 0
x 0 0
x 0 0
x 0 0
x 0 0
x 0 0
x 0 0
x 0 0
x 0 0
x 0 0
x 0 0
x 0 0
x 0 0
x 0 0
x 0 0
x 0 0
x 0 0
x 0 0
x 0 0
x 0 0
x 0 0
x 0 0
#
# 
# Merged from harmonics.
# This entry was converted automatically from a TD4 file.
# Time of conversion:  1997-06-01 19:12 EDT
#
# 
# LITTLE INAGUA IS., BAHAMAS ------------- 21d27. 'N 073d01. 'W--(LLINAGUA.TD4)
# DATA APPROXIMATE ------------------------------------------------------------
# ATT DATA #2533 WITH INFERRED CONSTITUENTS -----------------------------------
#
# 
# rel_pedigree: 1000000000 (Approximated or converted data)
# BEGIN HOT COMMENTS
# country: Bahamas
# restriction: Non-commercial use only
# datum: MLLW
# confidence: 10
# !units: meters
# !longitude: -73.0167
# !latitude: 21.4500
Little Inagua Island, Bahamas
-05:00 :America/Nassau
0.6200 meters
J1              0.0040  116.04
K1              0.0700  121.00
K2              0.0163  249.54
L2              0.0104  239.18
M1              0.0036  126.00
M2              0.3700  229.00
x 0 0
x 0 0
x 0 0
x 0 0
N2              0.0718  218.82
2N2             0.0096  208.63
O1              0.0500  131.00
OO1             0.0022  111.00
P1              0.0232  121.75
Q1              0.0097  135.96
2Q1             0.0013  140.92
R2              0.0005  248.76
x 0 0
S2              0.0600  248.00
x 0 0
x 0 0
T2              0.0035  247.24
LDA2            0.0026  237.82
MU2             0.0089  210.00
NU2             0.0141  220.18
RHO1            0.0019  135.29
x 0 0
x 0 0
x 0 0
x 0 0
x 0 0
x 0 0
x 0 0
x 0 0
SA              0.0883  146.55
SSA             0.0333   24.86
x 0 0
x 0 0
x 0 0
x 0 0
x 0 0
x 0 0
x 0 0
x 0 0
x 0 0
x 0 0
x 0 0
x 0 0
x 0 0
x 0 0
x 0 0
x 0 0
x 0 0
x 0 0
x 0 0
x 0 0
x 0 0
x 0 0
x 0 0
x 0 0
x 0 0
x 0 0
x 0 0
x 0 0
x 0 0
x 0 0
x 0 0
x 0 0
x 0 0
x 0 0
x 0 0
x 0 0
x 0 0
x 0 0
x 0 0
x 0 0
x 0 0
x 0 0
x 0 0
x 0 0
x 0 0
x 0 0
x 0 0
x 0 0
x 0 0
x 0 0
x 0 0
x 0 0
x 0 0
x 0 0
x 0 0
x 0 0
x 0 0
x 0 0
x 0 0
x 0 0
x 0 0
#
# 
# Merged from harmonics.
# This data set was submitted by Jean-Pierre LaPointe
# (scipur@collegenotre-dame.qc.ca) 1996-11-29
# The source was the Table des Marees des Grands Ports du Monde, No. 540,
# from the Service Hydrographique et Oceanographique de la Marine - Paris,
# B.P. 426, 29275 Brest Cedex.
#
# 
# rel_pedigree: 1250000000 (Via LaPointe)
# BEGIN HOT COMMENTS
# country: Togo
# restriction: Non-commercial use only
# datum: MLLW
# confidence: 10
# !units: meters
# !longitude: 1.2865
# !latitude: 6.1346
Lomé, Togo
+00:00 :Africa/Lome
1.0000 meters
J1              0.0010  358.00
K1              0.1830  352.00
K2              0.0440  146.90
L2              0.0140  115.00
M1              0.0010  346.00
M2              0.5000  108.00
x 0 0
M4              0.0140  319.00
x 0 0
x 0 0
N2              0.1000  101.00
2N2             0.0130   94.00
O1              0.0180  340.00
OO1             0.0010    4.00
P1              0.0610  351.10
x 0 0
x 0 0
R2              0.0010  145.40
x 0 0
S2              0.1610  144.00
x 0 0
x 0 0
T2              0.0090  142.60
LDA2            0.0040  124.70
MU2             0.0120   72.00
NU2             0.0190  101.90
RHO1            0.0010  334.90
x 0 0
x 0 0
x 0 0
x 0 0
x 0 0
x 0 0
x 0 0
x 0 0
x 0 0
x 0 0
x 0 0
x 0 0
x 0 0
x 0 0
x 0 0
x 0 0
x 0 0
x 0 0
x 0 0
x 0 0
x 0 0
x 0 0
x 0 0
x 0 0
x 0 0
x 0 0
x 0 0
x 0 0
x 0 0
x 0 0
x 0 0
x 0 0
x 0 0
x 0 0
x 0 0
x 0 0
x 0 0
x 0 0
x 0 0
x 0 0
x 0 0
x 0 0
x 0 0
x 0 0
x 0 0
x 0 0
x 0 0
x 0 0
x 0 0
x 0 0
x 0 0
x 0 0
x 0 0
x 0 0
x 0 0
x 0 0
x 0 0
x 0 0
x 0 0
x 0 0
x 0 0
x 0 0
x 0 0
x 0 0
x 0 0
x 0 0
x 0 0
x 0 0
x 0 0
x 0 0
x 0 0
#
# 
# LONDON BRIDGE, THAMES RIVER, ENGLAND --- 51d30. 'N 000d05. 'W--(LONDONBR.TD4)
#
# 
# IHO DATA VIA PIEPER - RESID =  .02, RSS =  .02 ------------------------------
#
# 
# rel_pedigree: 1500000000 (Via Pieper)
# BEGIN HOT COMMENTS
# country: United Kingdom
# restriction: Non-commercial use only
# datum: ACD
# confidence: 10
# !units: meters
# !longitude: -0.0801
# !latitude: 51.5076
London Bridge (Tower Pier), England, United Kingdom
+00:00 :Europe/London
3.7111 meters
J1              0.0151  117.40
K1              0.1300   34.60
K2              0.2019   99.60
L2              0.2010   47.80
x 0 0
M2              2.4971   34.10
M3              0.0300  172.70
M4              0.0809   30.10
M6              0.1209  148.10
M8              0.0309  144.30
N2              0.3991   11.60
2N2             0.0660  344.20
O1              0.1391  207.70
OO1             0.0069  173.30
P1              0.0471    9.70
Q1              0.0511  150.60
2Q1             0.0081  156.40
R2              0.0200  164.50
S1              0.0130   56.40
S2              0.7091   99.60
S4              0.0291  128.90
x 0 0
T2              0.0471   82.10
LDA2            0.0870   29.70
MU2             0.2571  117.70
NU2             0.1379  350.60
RHO1            0.0139  142.80
MK3             0.0700    8.10
x 0 0
MN4             0.0620  355.50
MS4             0.0821   41.40
2SM2            0.0629  303.20
MF              0.0169   77.90
MSF             0.0919   85.10
MM              0.0111  358.90
SA              0.0151  310.90
SSA             0.0111   38.80
x 0 0
x 0 0
x 0 0
x 0 0
x 0 0
x 0 0
x 0 0
2MK6            0.0319  209.30
x 0 0
2MN6            0.0581  117.90
2MS6            0.1340  206.20
x 0 0
x 0 0
2SM6            0.0270  293.50
x 0 0
x 0 0
x 0 0
x 0 0
x 0 0
x 0 0
x 0 0
CHI1            0.0020  255.20
x 0 0
x 0 0
KJ2             0.0020   42.70
x 0 0
x 0 0
x 0 0
x 0 0
x 0 0
MK4             0.0221   48.00
MKS2            0.0200  175.50
MNS2            0.0840   69.20
x 0 0
MO3             0.0730  188.20
MP1             0.0191  112.80
x 0 0
x 0 0
MSK6            0.0130  283.20
x 0 0
MSN2            0.0450  268.20
MSN6            0.0221  194.70
x 0 0
NO1             0.0059  113.40
OP2             0.0340   39.20
OQ2             0.0200  268.20
PHI1            0.0041  313.30
x 0 0
PI1             0.0029  302.40
x 0 0
PSI1            0.0111   74.40
x 0 0
x 0 0
SIG1            0.0059  334.40
SK3             0.0160   82.50
x 0 0
SN4             0.0181   47.50
x 0 0
SO1             0.0059  216.60
SO3             0.0300  266.40
THE1            0.0090  228.90
#
# 
# Merged from harmonics.
# This data set was submitted by Jean-Pierre LaPointe
# (scipur@collegenotre-dame.qc.ca) 1996-11-29
# The source was the Table des Marees des Grands Ports du Monde, No. 540,
# from the Service Hydrographique et Oceanographique de la Marine - Paris,
# B.P. 426, 29275 Brest Cedex.
#
# 
# rel_pedigree: 1250000000 (Via LaPointe)
# BEGIN HOT COMMENTS
# country: United Kingdom
# restriction: Non-commercial use only
# datum: ACD
# confidence: 10
# !units: meters
# !longitude: -7.3208
# !latitude: 55.0021
Londonderry, Northern Ireland, United Kingdom
+00:00 :Europe/Belfast
1.5300 meters
J1              0.0060  260.40
K1              0.0890  189.00
K2              0.0820  260.00
L2              0.0230  248.00
M1              0.0060  117.00
M2              0.7860  233.00
x 0 0
M4              0.0090   12.00
x 0 0
x 0 0
N2              0.1630  218.00
2N2             0.0220  203.00
O1              0.0780   45.00
OO1             0.0030  333.00
P1              0.0290  178.20
Q1              0.0280    1.00
2Q1             0.0020  262.20
R2              0.0020  259.00
x 0 0
S2              0.3010  258.00
x 0 0
x 0 0
T2              0.0180  257.00
LDA2            0.0060  244.60
MU2             0.0190  208.00
NU2             0.0320  220.00
RHO1            0.0030  343.20
x 0 0
x 0 0
MN4             0.0050   84.00
MS4             0.0230   76.00
x 0 0
x 0 0
x 0 0
x 0 0
SA              0.0990  284.00
x 0 0
x 0 0
x 0 0
x 0 0
x 0 0
x 0 0
x 0 0
x 0 0
x 0 0
x 0 0
x 0 0
x 0 0
x 0 0
x 0 0
x 0 0
x 0 0
x 0 0
x 0 0
x 0 0
x 0 0
x 0 0
x 0 0
x 0 0
x 0 0
x 0 0
x 0 0
x 0 0
x 0 0
x 0 0
x 0 0
x 0 0
x 0 0
x 0 0
x 0 0
x 0 0
x 0 0
x 0 0
x 0 0
x 0 0
x 0 0
x 0 0
x 0 0
x 0 0
x 0 0
x 0 0
x 0 0
x 0 0
x 0 0
x 0 0
x 0 0
x 0 0
x 0 0
x 0 0
x 0 0
x 0 0
x 0 0
x 0 0
x 0 0
x 0 0
x 0 0
x 0 0
x 0 0
#
# 
# Merged from harmonics.
# This data set was submitted by Jean-Pierre LaPointe
# (scipur@collegenotre-dame.qc.ca) 1996-11-29
# The source was the Table des Marees des Grands Ports du Monde, No. 540,
# from the Service Hydrographique et Oceanographique de la Marine - Paris,
# B.P. 426, 29275 Brest Cedex.
#
# 
# rel_pedigree: 1250000000 (Via LaPointe)
# BEGIN HOT COMMENTS
# country: Norway
# restriction: Non-commercial use only
# datum: CD
# confidence: 10
# !units: meters
# !longitude: 15.6333
# !latitude: 78.2167
Longyearbyen, Spitsbergen, Norway
+01:00 :Europe/Oslo
1.0000 meters
J1              0.0020  306.90
K1              0.0690  235.00
K2              0.0540   73.60
L2              0.0140   52.00
M1              0.0020  162.50
M2              0.5220   25.00
x 0 0
M4              0.0030  134.00
x 0 0
x 0 0
N2              0.1000  358.00
2N2             0.0130  331.00
O1              0.0310   90.00
OO1             0.0010   20.00
P1              0.0230  224.10
Q1              0.0140   10.00
2Q1             0.0010  306.20
R2              0.0020   71.80
x 0 0
S2              0.1990   70.00
x 0 0
x 0 0
T2              0.0120   68.20
LDA2            0.0040   45.90
MU2             0.0130  340.00
NU2             0.0190    1.60
RHO1            0.0010   27.80
x 0 0
x 0 0
x 0 0
MS4             0.0030  238.00
x 0 0
x 0 0
x 0 0
x 0 0
SA              0.1060  312.00
x 0 0
x 0 0
x 0 0
x 0 0
x 0 0
x 0 0
x 0 0
x 0 0
x 0 0
x 0 0
x 0 0
x 0 0
x 0 0
x 0 0
x 0 0
x 0 0
x 0 0
x 0 0
x 0 0
x 0 0
x 0 0
x 0 0
x 0 0
x 0 0
x 0 0
x 0 0
x 0 0
x 0 0
x 0 0
x 0 0
x 0 0
x 0 0
x 0 0
x 0 0
x 0 0
x 0 0
x 0 0
x 0 0
x 0 0
x 0 0
x 0 0
x 0 0
x 0 0
x 0 0
x 0 0
x 0 0
x 0 0
x 0 0
x 0 0
x 0 0
x 0 0
x 0 0
x 0 0
x 0 0
x 0 0
x 0 0
x 0 0
x 0 0
x 0 0
x 0 0
x 0 0
x 0 0

#
# 
# Merged from harmonics.
# This data set was submitted by Jean-Pierre LaPointe
# (scipur@collegenotre-dame.qc.ca) 1996-11-29
# The source was the Table des Marees des Grands Ports du Monde, No. 540,
# from the Service Hydrographique et Oceanographique de la Marine - Paris,
# B.P. 426, 29275 Brest Cedex.
#
# 
# rel_pedigree: 1250000000 (Via LaPointe)
# BEGIN HOT COMMENTS
# country: Angola
# restriction: Non-commercial use only
# datum: MLLW
# confidence: 10
# psmsl_id: 1342
# ssc_id: SSC-luan
# uhslc_id: 236
# !units: meters
# !longitude: 13.2345
# !latitude: -8.7861
Luanda, Angola
+01:00 :Africa/Luanda
1.1000 meters
J1              0.0010   77.50
K1              0.0800   20.00
K2              0.0430  138.30
L2              0.0140  118.00
M1              0.0010  322.00
M2              0.4820  108.00
x 0 0
M4              0.0040  239.00
x 0 0
x 0 0
N2              0.0980   98.00
2N2             0.0130   88.00
O1              0.0100  264.00
x 0 0
P1              0.0260   11.30
Q1              0.0050  167.00
x 0 0
R2              0.0010  137.10
x 0 0
S2              0.1590  136.00
x 0 0
x 0 0
T2              0.0090  134.90
LDA2            0.0030  121.00
MU2             0.0120   80.00
NU2             0.0190   99.30
x 0 0
x 0 0
x 0 0
x 0 0
MS4             0.0060  291.00
x 0 0
x 0 0
x 0 0
x 0 0
SA              0.0750  303.00
x 0 0
x 0 0
x 0 0
x 0 0
x 0 0
x 0 0
x 0 0
x 0 0
x 0 0
x 0 0
x 0 0
x 0 0
x 0 0
x 0 0
x 0 0
x 0 0
x 0 0
x 0 0
x 0 0
x 0 0
x 0 0
x 0 0
x 0 0
x 0 0
x 0 0
x 0 0
x 0 0
x 0 0
x 0 0
x 0 0
x 0 0
x 0 0
x 0 0
x 0 0
x 0 0
x 0 0
x 0 0
x 0 0
x 0 0
x 0 0
x 0 0
x 0 0
x 0 0
x 0 0
x 0 0
x 0 0
x 0 0
x 0 0
x 0 0
x 0 0
x 0 0
x 0 0
x 0 0
x 0 0
x 0 0
x 0 0
x 0 0
x 0 0
x 0 0
x 0 0
x 0 0
x 0 0
#
# 
# Merged from harmonics.
# This data set was submitted by Jean-Pierre LaPointe
# (scipur@collegenotre-dame.qc.ca) 1996-11-29
# The source was the Table des Marees des Grands Ports du Monde, No. 540,
# from the Service Hydrographique et Oceanographique de la Marine - Paris,
# B.P. 426, 29275 Brest Cedex.
#
# 
# rel_pedigree: 1250000000 (Via LaPointe)
# BEGIN HOT COMMENTS
# country: China
# restriction: Non-commercial use only
# datum: CD
# confidence: 10
# !units: meters
# !longitude: 121.2552
# !latitude: 38.8019
Lüshun (Dalian), China
+09:00 :Asia/Shanghai
1.4900 meters
J1              0.0130   47.30
K1              0.2250   28.00
K2              0.0720   29.60
L2              0.0220  359.00
M1              0.0120    8.50
M2              0.8360  328.00
x 0 0
M4              0.0080  210.00
x 0 0
x 0 0
N2              0.1550  297.00
2N2             0.0210  266.00
O1              0.1650  349.00
OO1             0.0070   67.00
P1              0.0740   25.10
Q1              0.0300  336.00
2Q1             0.0040  310.30
R2              0.0020   27.30
x 0 0
S2              0.2640   25.00
x 0 0
x 0 0
T2              0.0160   22.70
LDA2            0.0060  354.40
MU2             0.0200  271.00
NU2             0.0300  301.20
RHO1            0.0060  332.30
x 0 0
x 0 0
x 0 0
MS4             0.0360  339.00
x 0 0
x 0 0
x 0 0
x 0 0
SA              0.2850  128.00
x 0 0
x 0 0
x 0 0
x 0 0
x 0 0
x 0 0
x 0 0
x 0 0
x 0 0
x 0 0
x 0 0
x 0 0
x 0 0
x 0 0
x 0 0
x 0 0
x 0 0
x 0 0
x 0 0
x 0 0
x 0 0
x 0 0
x 0 0
x 0 0
x 0 0
x 0 0
x 0 0
x 0 0
x 0 0
x 0 0
x 0 0
x 0 0
x 0 0
x 0 0
x 0 0
x 0 0
x 0 0
x 0 0
x 0 0
x 0 0
x 0 0
x 0 0
x 0 0
x 0 0
x 0 0
x 0 0
x 0 0
x 0 0
x 0 0
x 0 0
x 0 0
x 0 0
x 0 0
x 0 0
x 0 0
x 0 0
x 0 0
x 0 0
x 0 0
x 0 0
x 0 0
x 0 0
#
# 
# Merged from harmonics.
# This data set was submitted by Jean-Pierre LaPointe
# (scipur@collegenotre-dame.qc.ca) 1996-11-29
# The source was the Table des Marees des Grands Ports du Monde, No. 540,
# from the Service Hydrographique et Oceanographique de la Marine - Paris,
# B.P. 426, 29275 Brest Cedex.
#
# 
# rel_pedigree: 1250000000 (Via LaPointe)
# BEGIN HOT COMMENTS
# country: India
# restriction: Non-commercial use only
# datum: LAT
# confidence: 10
# gloss_id: 34
# ioc_code: chenn
# psmsl_id: 205
# ptwc_code: chen
# ssc_id: SSC-chenn
# !units: meters
# !longitude: 80.3000
# !latitude: 13.1000
Chennai, Tamil Nadu, India
+05:30 :Asia/Calcutta
0.6500 meters
J1              0.0020  354.90
K1              0.0900  341.00
K2              0.0370  281.90
L2              0.0100  251.00
M1              0.0020  327.00
M2              0.3320  243.00
x 0 0
M4              0.0020  102.00
x 0 0
x 0 0
N2              0.0720  235.00
2N2             0.0100  227.00
O1              0.0280  313.00
OO1             0.0010    9.00
P1              0.0300  338.90
Q1              0.0010   86.00
2Q1             0.0010  285.20
R2              0.0010  280.40
x 0 0
S2              0.1370  279.00
x 0 0
x 0 0
T2              0.0080  277.60
LDA2            0.0020  259.70
MU2             0.0080  207.00
NU2             0.0140  236.10
RHO1            0.0010  301.00
x 0 0
x 0 0
MN4             0.0010   77.00
MS4             0.0020  179.00
x 0 0
x 0 0
x 0 0
x 0 0
SA              0.1020  221.00
x 0 0
x 0 0
x 0 0
x 0 0
x 0 0
x 0 0
x 0 0
x 0 0
x 0 0
x 0 0
x 0 0
x 0 0
x 0 0
x 0 0
x 0 0
x 0 0
x 0 0
x 0 0
x 0 0
x 0 0
x 0 0
x 0 0
x 0 0
x 0 0
x 0 0
x 0 0
x 0 0
x 0 0
x 0 0
x 0 0
x 0 0
x 0 0
x 0 0
x 0 0
x 0 0
x 0 0
x 0 0
x 0 0
x 0 0
x 0 0
x 0 0
x 0 0
x 0 0
x 0 0
x 0 0
x 0 0
x 0 0
x 0 0
x 0 0
x 0 0
x 0 0
x 0 0
x 0 0
x 0 0
x 0 0
x 0 0
x 0 0
x 0 0
x 0 0
x 0 0
x 0 0
x 0 0
#
# 
# Merged from harmonics.
# This data set was submitted by Jean-Pierre LaPointe
# (scipur@collegenotre-dame.qc.ca) 1996-11-29
# The source was the Table des Marees des Grands Ports du Monde, No. 540,
# from the Service Hydrographique et Oceanographique de la Marine - Paris,
# B.P. 426, 29275 Brest Cedex.
#
# 
# rel_pedigree: 1250000000 (Via LaPointe)
# BEGIN HOT COMMENTS
# country: Taiwan
# restriction: Non-commercial use only
# datum: CD
# confidence: 10
# cwa_code: 1356
# ioc_code: tpen
# ssc_id: SSC-tpen
# !units: meters
# !longitude: 119.5783
# !latitude: 23.5619
Magong (Penghu), Taiwan
+08:00 :Asia/Shanghai
1.6000 meters
J1              0.0170  305.90
K1              0.2500  288.00
K2              0.0630   35.80
L2              0.0220    5.00
M1              0.0160  270.00
M2              0.8100  345.00
x 0 0
x 0 0
x 0 0
x 0 0
N2              0.1540  325.00
2N2             0.0200  305.00
O1              0.2200  252.00
OO1             0.0090  324.00
P1              0.0830  285.30
Q1              0.0420  232.00
2Q1             0.0060  216.30
R2              0.0020   33.90
x 0 0
S2              0.2300   32.00
x 0 0
x 0 0
T2              0.0140   30.10
LDA2            0.0060    6.80
MU2             0.0190  298.00
NU2             0.0300  327.70
RHO1            0.0080  236.60
x 0 0
x 0 0
x 0 0
x 0 0
x 0 0
x 0 0
x 0 0
x 0 0
x 0 0
x 0 0
x 0 0
x 0 0
x 0 0
x 0 0
x 0 0
x 0 0
x 0 0
x 0 0
x 0 0
x 0 0
x 0 0
x 0 0
x 0 0
x 0 0
x 0 0
x 0 0
x 0 0
x 0 0
x 0 0
x 0 0
x 0 0
x 0 0
x 0 0
x 0 0
x 0 0
x 0 0
x 0 0
x 0 0
x 0 0
x 0 0
x 0 0
x 0 0
x 0 0
x 0 0
x 0 0
x 0 0
x 0 0
x 0 0
x 0 0
x 0 0
x 0 0
x 0 0
x 0 0
x 0 0
x 0 0
x 0 0
x 0 0
x 0 0
x 0 0
x 0 0
x 0 0
x 0 0
x 0 0
x 0 0
x 0 0
x 0 0
x 0 0
x 0 0
x 0 0
x 0 0
x 0 0
#
# 
# Merged from harmonics.
# This data set was submitted by Jean-Pierre LaPointe
# (scipur@collegenotre-dame.qc.ca) 1996-11-29
# The source was the Table des Marees des Grands Ports du Monde, No. 540,
# from the Service Hydrographique et Oceanographique de la Marine - Paris,
# B.P. 426, 29275 Brest Cedex.
#
# 
# rel_pedigree: 1250000000 (Via LaPointe)
# BEGIN HOT COMMENTS
# country: Venezuela
# restriction: Non-commercial use only
# datum: MLLW
# confidence: 10
# !units: meters
# !longitude: -71.5758
# !latitude: 10.9802
Malecón, Isla de Zapara, Venezuela
-04:00 :America/Caracas
0.8100 meters
J1              0.0060  190.50
K1              0.1340  187.00
K2              0.0120   67.40
L2              0.0200  187.00
M1              0.0060  183.50
M2              0.4070  156.00
x 0 0
M4              0.0080  145.00
x 0 0
x 0 0
N2              0.1420  125.00
2N2             0.0190   94.00
O1              0.0800  180.00
OO1             0.0030  194.00
P1              0.0440  186.50
Q1              0.0160  165.00
2Q1             0.0020  173.10
x 0 0
x 0 0
S2              0.0450   74.00
x 0 0
x 0 0
T2              0.0030   77.30
LDA2            0.0030  118.00
MU2             0.0100  238.00
NU2             0.0280  129.20
RHO1            0.0030  177.00
x 0 0
x 0 0
MN4             0.0080  100.00
MS4             0.0080   13.00
x 0 0
x 0 0
x 0 0
x 0 0
SA              0.0480  199.00
x 0 0
x 0 0
x 0 0
x 0 0
x 0 0
x 0 0
x 0 0
x 0 0
x 0 0
x 0 0
x 0 0
x 0 0
x 0 0
x 0 0
x 0 0
x 0 0
x 0 0
x 0 0
x 0 0
x 0 0
x 0 0
x 0 0
x 0 0
x 0 0
x 0 0
x 0 0
x 0 0
x 0 0
x 0 0
x 0 0
x 0 0
x 0 0
x 0 0
x 0 0
x 0 0
x 0 0
x 0 0
x 0 0
x 0 0
x 0 0
x 0 0
x 0 0
x 0 0
x 0 0
x 0 0
x 0 0
x 0 0
x 0 0
x 0 0
x 0 0
x 0 0
x 0 0
x 0 0
x 0 0
x 0 0
x 0 0
x 0 0
x 0 0
x 0 0
x 0 0
x 0 0
x 0 0
#
# 
# Merged from harmonics.
# This data set was submitted by Jean-Pierre LaPointe
# (scipur@collegenotre-dame.qc.ca) 1996-11-29
# The source was the Table des Marees des Grands Ports du Monde, No. 540,
# from the Service Hydrographique et Oceanographique de la Marine - Paris,
# B.P. 426, 29275 Brest Cedex.
#
# 
# rel_pedigree: 1250000000 (Via LaPointe)
# BEGIN HOT COMMENTS
# country: Croatia
# restriction: Non-commercial use only
# datum: MLLW
# confidence: 10
# !units: meters
# !longitude: 14.4667
# !latitude: 44.5333
Mali Losinj, Croatia
+01:00 :Europe/Zagreb
0.3400 meters
J1              0.0040   72.90
K1              0.1320   65.00
K2              0.0120  245.40
L2              0.0020  236.00
M1              0.0030   57.00
M2              0.0790  240.00
x 0 0
x 0 0
x 0 0
x 0 0
N2              0.0130  244.00
2N2             0.0020  248.00
O1              0.0450   49.00
OO1             0.0020   81.00
P1              0.0440   63.80
x 0 0
2Q1             0.0010   33.10
x 0 0
x 0 0
S2              0.0450  245.00
x 0 0
x 0 0
T2              0.0030  244.80
LDA2            0.0010  242.30
MU2             0.0020  235.00
NU2             0.0030  243.50
RHO1            0.0020   42.10
x 0 0
x 0 0
x 0 0
x 0 0
x 0 0
x 0 0
x 0 0
x 0 0
x 0 0
x 0 0
x 0 0
x 0 0
x 0 0
x 0 0
x 0 0
x 0 0
x 0 0
x 0 0
x 0 0
x 0 0
x 0 0
x 0 0
x 0 0
x 0 0
x 0 0
x 0 0
x 0 0
x 0 0
x 0 0
x 0 0
x 0 0
x 0 0
x 0 0
x 0 0
x 0 0
x 0 0
x 0 0
x 0 0
x 0 0
x 0 0
x 0 0
x 0 0
x 0 0
x 0 0
x 0 0
x 0 0
x 0 0
x 0 0
x 0 0
x 0 0
x 0 0
x 0 0
x 0 0
x 0 0
x 0 0
x 0 0
x 0 0
x 0 0
x 0 0
x 0 0
x 0 0
x 0 0
x 0 0
x 0 0
x 0 0
x 0 0
x 0 0
x 0 0
x 0 0
x 0 0
x 0 0
#
# 
# Merged from harmonics.
# This data set was submitted by Jean-Pierre LaPointe
# (scipur@collegenotre-dame.qc.ca) 1996-11-29
# The source was the Table des Marees des Grands Ports du Monde, No. 540,
# from the Service Hydrographique et Oceanographique de la Marine - Paris,
# B.P. 426, 29275 Brest Cedex.
#
# 
# rel_pedigree: 1250000000 (Via LaPointe)
# BEGIN HOT COMMENTS
# country: Kenya
# restriction: Non-commercial use only
# datum: MLLW
# confidence: 10
# !units: meters
# !longitude: 40.1265
# !latitude: -3.2147
Malindi, Kenya
+03:00 :Africa/Nairobi
1.9100 meters
J1              0.0090   27.60
K1              0.1890   35.00
K2              0.1320  158.50
L2              0.0240  129.00
M1              0.0080   42.50
M2              0.9540  112.00
x 0 0
M4              0.0060   26.00
x 0 0
x 0 0
N2              0.1710   95.00
2N2             0.0230   78.00
O1              0.1100   50.00
OO1             0.0050   20.00
P1              0.0630   36.10
Q1              0.0340   41.00
2Q1             0.0030   64.90
R2              0.0040  156.70
x 0 0
S2              0.4850  155.00
x 0 0
x 0 0
T2              0.0290  153.30
LDA2            0.0070  132.00
MU2             0.0230   69.00
NU2             0.0330   97.30
RHO1            0.0040   56.40
x 0 0
x 0 0
MN4             0.0030   58.00
MS4             0.0030  174.00
x 0 0
x 0 0
x 0 0
x 0 0
x 0 0
x 0 0
x 0 0
x 0 0
x 0 0
x 0 0
x 0 0
x 0 0
x 0 0
x 0 0
x 0 0
x 0 0
x 0 0
x 0 0
x 0 0
x 0 0
x 0 0
x 0 0
x 0 0
x 0 0
x 0 0
x 0 0
x 0 0
x 0 0
x 0 0
x 0 0
x 0 0
x 0 0
x 0 0
x 0 0
x 0 0
x 0 0
x 0 0
x 0 0
x 0 0
x 0 0
x 0 0
x 0 0
x 0 0
x 0 0
x 0 0
x 0 0
x 0 0
x 0 0
x 0 0
x 0 0
x 0 0
x 0 0
x 0 0
x 0 0
x 0 0
x 0 0
x 0 0
x 0 0
x 0 0
x 0 0
x 0 0
x 0 0
x 0 0
x 0 0
x 0 0
x 0 0
x 0 0
#
# 
# Merged from harmonics.
# This entry was converted automatically from a TID file
# that Dean found laying around on the net, 11/29/95.
#
# 
# MAN O' WAR BAY, CAMEROON ------  3d58. 'N   9d13. 'E--(MANOWARB.TID)
# METRIC
# ATT data + inferred constants - corrected 1992APR 20 ------
# From Tides 2.11 (1992/Feb/10) on ftp://atlantic.ocean.fsu.edu/pub
#
# 
# rel_pedigree: 1000000000 (Approximated or converted data)
# BEGIN HOT COMMENTS
# country: Cameroon
# restriction: Non-commercial use only
# datum: MLLW
# confidence: 10
# !units: meters
# !longitude: 9.2194
# !latitude: 3.9609
Man O' War Bay, Cameroon
+01:00 :Africa/Douala
1.2000 meters
J1              0.0020   35.80
K1              0.1100   10.00
K2              0.0540  155.40
L2              0.0160  193.00
M1              0.0020  344.00
M2              0.5600  230.00
x 0 0
x 0 0
x 0 0
x 0 0
N2              0.1090  267.00
2N2             0.0150  304.00
O1              0.0300  318.00
OO1             0.0010   62.00
P1              0.0360    6.10
Q1              0.0060  292.20
2Q1             0.0010  266.40
R2              0.0020  158.20
x 0 0
S2              0.2000  161.00
x 0 0
x 0 0
T2              0.0120  163.80
LDA2            0.0040  198.00
MU2             0.0130  299.00
NU2             0.0210  262.00
RHO1            0.0010  295.70
x 0 0
x 0 0
x 0 0
x 0 0
x 0 0
x 0 0
x 0 0
x 0 0
SA              0.0600  236.00
SSA             0.0500   22.00
x 0 0
x 0 0
x 0 0
x 0 0
x 0 0
x 0 0
x 0 0
x 0 0
x 0 0
x 0 0
x 0 0
x 0 0
x 0 0
x 0 0
x 0 0
x 0 0
x 0 0
x 0 0
x 0 0
x 0 0
x 0 0
x 0 0
x 0 0
x 0 0
x 0 0
x 0 0
x 0 0
x 0 0
x 0 0
x 0 0
x 0 0
x 0 0
x 0 0
x 0 0
x 0 0
x 0 0
x 0 0
x 0 0
x 0 0
x 0 0
x 0 0
x 0 0
x 0 0
x 0 0
x 0 0
x 0 0
x 0 0
x 0 0
x 0 0
x 0 0
x 0 0
x 0 0
x 0 0
x 0 0
x 0 0
x 0 0
x 0 0
x 0 0
x 0 0
x 0 0
x 0 0
#
# 
# Merged from harmonics.
# This data set was submitted by Jean-Pierre LaPointe
# (scipur@collegenotre-dame.qc.ca) 1996-11-29
# The source was the Table des Marees des Grands Ports du Monde, No. 540,
# from the Service Hydrographique et Oceanographique de la Marine - Paris,
# B.P. 426, 29275 Brest Cedex.
#
# 
# rel_pedigree: 1250000000 (Via LaPointe)
# BEGIN HOT COMMENTS
# country: India
# restriction: Non-commercial use only
# datum: LAT
# confidence: 10
# psmsl_id: 1423, 696
# ssc_id: SSC-mang
# !units: meters
# !longitude: 74.8345
# !latitude: 12.8492
Mangaluru, Karnataka, India
+05:30 :Asia/Calcutta
1.0000 meters
J1              0.0100   69.50
K1              0.2470   67.00
K2              0.0320   33.90
L2              0.0120    7.00
M1              0.0090   64.50
M2              0.3580  342.00
x 0 0
M4              0.0120  102.00
x 0 0
x 0 0
N2              0.0840  317.00
2N2             0.0110  292.00
O1              0.1210   62.00
OO1             0.0050   72.00
P1              0.0820   66.60
Q1              0.0230   67.00
2Q1             0.0030   57.00
R2              0.0010   31.90
x 0 0
S2              0.1190   30.00
x 0 0
x 0 0
T2              0.0070   28.10
LDA2            0.0030    4.30
MU2             0.0090  294.00
NU2             0.0160  320.40
RHO1            0.0050   59.90
x 0 0
x 0 0
MN4             0.0060   44.00
MS4             0.0070  176.00
x 0 0
x 0 0
x 0 0
x 0 0
SA              0.0710  230.00
x 0 0
x 0 0
x 0 0
x 0 0
x 0 0
x 0 0
x 0 0
x 0 0
x 0 0
x 0 0
x 0 0
x 0 0
x 0 0
x 0 0
x 0 0
x 0 0
x 0 0
x 0 0
x 0 0
x 0 0
x 0 0
x 0 0
x 0 0
x 0 0
x 0 0
x 0 0
x 0 0
x 0 0
x 0 0
x 0 0
x 0 0
x 0 0
x 0 0
x 0 0
x 0 0
x 0 0
x 0 0
x 0 0
x 0 0
x 0 0
x 0 0
x 0 0
x 0 0
x 0 0
x 0 0
x 0 0
x 0 0
x 0 0
x 0 0
x 0 0
x 0 0
x 0 0
x 0 0
x 0 0
x 0 0
x 0 0
x 0 0
x 0 0
x 0 0
x 0 0
x 0 0
x 0 0
#
# 
# Merged from harmonics.
# This data set was submitted by Jean-Pierre LaPointe
# (scipur@collegenotre-dame.qc.ca) 1996-11-29
# The source was the Table des Marees des Grands Ports du Monde, No. 540,
# from the Service Hydrographique et Oceanographique de la Marine - Paris,
# B.P. 426, 29275 Brest Cedex.
#
# 
# rel_pedigree: 1250000000 (Via LaPointe)
# BEGIN HOT COMMENTS
# country: United Kingdom
# restriction: Non-commercial use only
# datum: ACD
# confidence: 10
# !units: meters
# !longitude: 1.3781
# !latitude: 51.3908
Margate, England, United Kingdom
+00:00 :Europe/London
2.6700 meters
J1              0.0090  280.70
K1              0.1000    8.00
K2              0.1330   37.20
L2              0.0420    9.00
M1              0.0080   96.00
M2              1.6560  341.00
x 0 0
M4              0.0500  301.00
x 0 0
x 0 0
N2              0.2920  313.00
2N2             0.0390  285.00
O1              0.1180  184.00
OO1             0.0050  192.00
P1              0.0330   21.20
Q1              0.0480  125.00
2Q1             0.0030  358.60
R2              0.0040   35.10
x 0 0
S2              0.4890   33.00
x 0 0
x 0 0
T2              0.0290   30.90
LDA2            0.0120    5.10
MU2             0.0400  289.00
NU2             0.0570  316.80
RHO1            0.0040  259.50
x 0 0
x 0 0
MN4             0.0200  251.00
MS4             0.0190    3.00
x 0 0
x 0 0
x 0 0
x 0 0
SA              0.0520  204.00
x 0 0
x 0 0
x 0 0
x 0 0
x 0 0
x 0 0
x 0 0
x 0 0
x 0 0
x 0 0
x 0 0
x 0 0
x 0 0
x 0 0
x 0 0
x 0 0
x 0 0
x 0 0
x 0 0
x 0 0
x 0 0
x 0 0
x 0 0
x 0 0
x 0 0
x 0 0
x 0 0
x 0 0
x 0 0
x 0 0
x 0 0
x 0 0
x 0 0
x 0 0
x 0 0
x 0 0
x 0 0
x 0 0
x 0 0
x 0 0
x 0 0
x 0 0
x 0 0
x 0 0
x 0 0
x 0 0
x 0 0
x 0 0
x 0 0
x 0 0
x 0 0
x 0 0
x 0 0
x 0 0
x 0 0
x 0 0
x 0 0
x 0 0
x 0 0
x 0 0
x 0 0
x 0 0
#
# 
# Merged from harmonics.
# This data set was submitted by Jean-Pierre LaPointe
# (scipur@collegenotre-dame.qc.ca) 1996-11-29
# The source was the Table des Marees des Grands Ports du Monde, No. 540,
# from the Service Hydrographique et Oceanographique de la Marine - Paris,
# B.P. 426, 29275 Brest Cedex.
#
# 
# rel_pedigree: 1250000000 (Via LaPointe)
# BEGIN HOT COMMENTS
# country: India
# restriction: Non-commercial use only
# datum: LAT
# confidence: 10
# gloss_id: 281
# ioc_code: marm
# psmsl_id: 1249
# ptwc_code: marm
# ssc_id: SSC-marm
# !units: meters
# !longitude: 73.7946
# !latitude: 15.4157
Mormugao, Goa, India
+05:30 :Asia/Calcutta
1.3000 meters
J1              0.0120   55.50
K1              0.3140   54.00
K2              0.0540  353.10
L2              0.0180  331.00
M1              0.0110   52.50
M2              0.5590  312.00
x 0 0
M4              0.0110   47.00
x 0 0
x 0 0
N2              0.1280  293.00
2N2             0.0170  274.00
O1              0.1570   51.00
OO1             0.0070   57.00
P1              0.1040   53.80
Q1              0.0350   57.00
2Q1             0.0040   48.00
R2              0.0020  351.50
x 0 0
S2              0.1980  350.00
x 0 0
x 0 0
T2              0.0120  348.50
LDA2            0.0040  329.60
MU2             0.0130  274.00
NU2             0.0250  295.50
RHO1            0.0060   49.70
x 0 0
x 0 0
MN4             0.0060  345.00
MS4             0.0060  127.00
x 0 0
x 0 0
x 0 0
x 0 0
SA              0.0620  311.00
x 0 0
x 0 0
x 0 0
x 0 0
x 0 0
x 0 0
x 0 0
x 0 0
x 0 0
x 0 0
x 0 0
x 0 0
x 0 0
x 0 0
x 0 0
x 0 0
x 0 0
x 0 0
x 0 0
x 0 0
x 0 0
x 0 0
x 0 0
x 0 0
x 0 0
x 0 0
x 0 0
x 0 0
x 0 0
x 0 0
x 0 0
x 0 0
x 0 0
x 0 0
x 0 0
x 0 0
x 0 0
x 0 0
x 0 0
x 0 0
x 0 0
x 0 0
x 0 0
x 0 0
x 0 0
x 0 0
x 0 0
x 0 0
x 0 0
x 0 0
x 0 0
x 0 0
x 0 0
x 0 0
x 0 0
x 0 0
x 0 0
x 0 0
x 0 0
x 0 0
x 0 0
x 0 0
#
# 
# Merged from harmonics.
# This data set was submitted by Jean-Pierre LaPointe
# (scipur@collegenotre-dame.qc.ca) 1996-11-29
# The source was the Table des Marees des Grands Ports du Monde, No. 540,
# from the Service Hydrographique et Oceanographique de la Marine - Paris,
# B.P. 426, 29275 Brest Cedex.
#
# 
# rel_pedigree: 1250000000 (Via LaPointe)
# BEGIN HOT COMMENTS
# country: Eritrea
# restriction: Non-commercial use only
# datum: MLLW
# confidence: 10
# !units: meters
# !longitude: 39.4743
# !latitude: 15.6144
Massawa, Eritrea
+03:00 :Africa/Asmera
0.7000 meters
J1              0.0020  201.60
K1              0.0230  209.00
K2              0.0340   62.60
L2              0.0130   88.00
M1              0.0010  216.50
M2              0.3340   54.00
x 0 0
x 0 0
x 0 0
x 0 0
N2              0.0930   20.00
2N2             0.0120  346.00
O1              0.0190  224.00
OO1             0.0010  194.00
P1              0.0080  210.10
x 0 0
x 0 0
R2              0.0010   62.30
x 0 0
S2              0.1240   62.00
x 0 0
x 0 0
T2              0.0070   61.70
LDA2            0.0020   57.70
MU2             0.0080   46.00
NU2             0.0180   24.60
RHO1            0.0010  230.40
x 0 0
x 0 0
x 0 0
x 0 0
x 0 0
x 0 0
x 0 0
x 0 0
x 0 0
x 0 0
x 0 0
x 0 0
x 0 0
x 0 0
x 0 0
x 0 0
x 0 0
x 0 0
x 0 0
x 0 0
x 0 0
x 0 0
x 0 0
x 0 0
x 0 0
x 0 0
x 0 0
x 0 0
x 0 0
x 0 0
x 0 0
x 0 0
x 0 0
x 0 0
x 0 0
x 0 0
x 0 0
x 0 0
x 0 0
x 0 0
x 0 0
x 0 0
x 0 0
x 0 0
x 0 0
x 0 0
x 0 0
x 0 0
x 0 0
x 0 0
x 0 0
x 0 0
x 0 0
x 0 0
x 0 0
x 0 0
x 0 0
x 0 0
x 0 0
x 0 0
x 0 0
x 0 0
x 0 0
x 0 0
x 0 0
x 0 0
x 0 0
x 0 0
x 0 0
x 0 0
x 0 0
#
# 
# Merged from harmonics.
# This entry was converted automatically from a TD4 file.
# Time of conversion:  1997-05-26 11:42 EDT
#
# 
# MATAMOROS, MEXICO ---------------------- 25d53. 'N 097d31. 'W--(MATAMORO.TD4)
# The tide at this station is chiefly diurnal. See DIURNAL.TXT
# ATT DATA #2583 WITH INFERRED CONSTITUENTS -----------------------------------
#
# 
# rel_pedigree: 1000000000 (Approximated or converted data)
# BEGIN HOT COMMENTS
# country: Mexico
# restriction: Non-commercial use only
# datum: MLLW
# confidence: 10
# !units: meters
# !longitude: -97.5167
# !latitude: 25.8833
Matamoros, Tamaulipas, México
-06:00 :America/Mexico_City
0.2400 meters
J1              0.0103  305.49
K1              0.1300  304.00
K2              0.0054  102.57
L2              0.0020   98.75
M1              0.0092  302.50
M2              0.0700   95.00
x 0 0
x 0 0
x 0 0
x 0 0
N2              0.0136   91.25
2N2             0.0018   87.50
O1              0.1300  301.00
OO1             0.0056  307.00
P1              0.0430  303.77
Q1              0.0252  299.51
2Q1             0.0034  298.02
R2              0.0002  102.28
x 0 0
S2              0.0200  102.00
x 0 0
x 0 0
T2              0.0012  101.72
LDA2            0.0005   98.25
MU2             0.0017   88.00
NU2             0.0027   91.75
RHO1            0.0049  299.71
x 0 0
x 0 0
x 0 0
x 0 0
x 0 0
x 0 0
x 0 0
x 0 0
SA              0.0791  161.60
SSA             0.0582   53.97
x 0 0
x 0 0
x 0 0
x 0 0
x 0 0
x 0 0
x 0 0
x 0 0
x 0 0
x 0 0
x 0 0
x 0 0
x 0 0
x 0 0
x 0 0
x 0 0
x 0 0
x 0 0
x 0 0
x 0 0
x 0 0
x 0 0
x 0 0
x 0 0
x 0 0
x 0 0
x 0 0
x 0 0
x 0 0
x 0 0
x 0 0
x 0 0
x 0 0
x 0 0
x 0 0
x 0 0
x 0 0
x 0 0
x 0 0
x 0 0
x 0 0
x 0 0
x 0 0
x 0 0
x 0 0
x 0 0
x 0 0
x 0 0
x 0 0
x 0 0
x 0 0
x 0 0
x 0 0
x 0 0
x 0 0
x 0 0
x 0 0
x 0 0
x 0 0
x 0 0
x 0 0
#
# 
# Merged from harmonics.
# This data set was submitted by Jean-Pierre LaPointe
# (scipur@collegenotre-dame.qc.ca) 1996-11-29
# The source was the Table des Marees des Grands Ports du Monde, No. 540,
# from the Service Hydrographique et Oceanographique de la Marine - Paris,
# B.P. 426, 29275 Brest Cedex.
#
# 
# rel_pedigree: 1250000000 (Via LaPointe)
# BEGIN HOT COMMENTS
# country: Brazil
# restriction: Non-commercial use only
# datum: CD (Marinha)
# confidence: 10
# !units: meters
# !longitude: -40.5368
# !latitude: -20.7417
Meaípe, Espírito Santo, Brazil
-03:00 :America/Sao_Paulo
0.8000 meters
J1              0.0070  219.60
K1              0.0500  174.00
K2              0.0490   90.70
L2              0.0110  101.00
M1              0.0060  128.00
M2              0.3900   81.00
x 0 0
x 0 0
x 0 0
x 0 0
N2              0.0740   61.00
2N2             0.0100   41.00
O1              0.0900   82.00
OO1             0.0040  266.00
P1              0.0170  167.10
Q1              0.0170   62.00
2Q1             0.0020  350.70
R2              0.0010   90.40
x 0 0
S2              0.1800   90.00
x 0 0
x 0 0
T2              0.0110   89.60
LDA2            0.0030   85.20
MU2             0.0090   72.00
NU2             0.0140   63.70
RHO1            0.0030   42.50
x 0 0
x 0 0
x 0 0
x 0 0
x 0 0
x 0 0
x 0 0
x 0 0
x 0 0
x 0 0
x 0 0
x 0 0
x 0 0
x 0 0
x 0 0
x 0 0
x 0 0
x 0 0
x 0 0
x 0 0
x 0 0
x 0 0
x 0 0
x 0 0
x 0 0
x 0 0
x 0 0
x 0 0
x 0 0
x 0 0
x 0 0
x 0 0
x 0 0
x 0 0
x 0 0
x 0 0
x 0 0
x 0 0
x 0 0
x 0 0
x 0 0
x 0 0
x 0 0
x 0 0
x 0 0
x 0 0
x 0 0
x 0 0
x 0 0
x 0 0
x 0 0
x 0 0
x 0 0
x 0 0
x 0 0
x 0 0
x 0 0
x 0 0
x 0 0
x 0 0
x 0 0
x 0 0
x 0 0
x 0 0
x 0 0
x 0 0
x 0 0
x 0 0
x 0 0
x 0 0
x 0 0
#
# 
# Merged from harmonics.
# This data set was submitted by Jean-Pierre LaPointe
# (scipur@collegenotre-dame.qc.ca) 1996-11-29
# The source was the Table des Marees des Grands Ports du Monde, No. 540,
# from the Service Hydrographique et Oceanographique de la Marine - Paris,
# B.P. 426, 29275 Brest Cedex.
#
# 
# rel_pedigree: 1250000000 (Via LaPointe)
# BEGIN HOT COMMENTS
# country: Malaysia
# restriction: Non-commercial use only
# datum: MLLW
# confidence: 10
# !units: meters
# !longitude: 102.2469
# !latitude: 2.1836
Bandaraya Melaka, Malaysia
+07:30 :Asia/Kuala_Lumpur
1.2200 meters
J1              0.0160  137.00
K1              0.0640  137.00
K2              0.0750  274.80
L2              0.0170  243.00
M1              0.0150  137.00
M2              0.6040  224.00
x 0 0
M4              0.0310   39.00
x 0 0
x 0 0
N2              0.1220  205.00
2N2             0.0160  186.00
O1              0.2070  137.00
OO1             0.0090  137.00
P1              0.0210  137.00
x 0 0
2Q1             0.0050  137.00
R2              0.0020  272.90
x 0 0
S2              0.2770  271.00
x 0 0
x 0 0
T2              0.0160  269.10
LDA2            0.0040  245.80
MU2             0.0140  177.00
NU2             0.0240  207.50
RHO1            0.0080  137.00
x 0 0
x 0 0
x 0 0
MS4             0.0270   68.00
x 0 0
x 0 0
x 0 0
x 0 0
x 0 0
x 0 0
x 0 0
x 0 0
x 0 0
x 0 0
x 0 0
x 0 0
x 0 0
x 0 0
x 0 0
x 0 0
x 0 0
x 0 0
x 0 0
x 0 0
x 0 0
x 0 0
x 0 0
x 0 0
x 0 0
x 0 0
x 0 0
x 0 0
x 0 0
x 0 0
x 0 0
x 0 0
x 0 0
x 0 0
x 0 0
x 0 0
x 0 0
x 0 0
x 0 0
x 0 0
x 0 0
x 0 0
x 0 0
x 0 0
x 0 0
x 0 0
x 0 0
x 0 0
x 0 0
x 0 0
x 0 0
x 0 0
x 0 0
x 0 0
x 0 0
x 0 0
x 0 0
x 0 0
x 0 0
x 0 0
x 0 0
x 0 0
x 0 0
x 0 0
x 0 0
x 0 0
x 0 0
#
# 
# Merged from harmonics.
# This data set was submitted by Jean-Pierre LaPointe
# (scipur@collegenotre-dame.qc.ca) 1996-11-29
# The source was the Table des Marees des Grands Ports du Monde, No. 540,
# from the Service Hydrographique et Oceanographique de la Marine - Paris,
# B.P. 426, 29275 Brest Cedex.
#
# 
# rel_pedigree: 1250000000 (Via LaPointe)
# BEGIN HOT COMMENTS
# country: Antarctica
# restriction: Non-commercial use only
# datum: MLLW
# confidence: 10
# !units: meters
# !longitude: -62.9575
# !latitude: -64.3363
Melchior Harbour, Antarctica
-03:00 :America/Buenos_Aires
1.1900 meters
J1              0.0240   35.00
K1              0.3120   30.00
K2              0.0530  288.50
L2              0.0040  231.00
M1              0.0220   25.00
M2              0.2770  202.00
x 0 0
M4              0.0080  332.00
x 0 0
x 0 0
N2              0.0250  173.00
2N2             0.0030  144.00
O1              0.3080   20.00
OO1             0.0130   40.00
P1              0.1030   29.30
x 0 0
2Q1             0.0080   10.10
R2              0.0020  285.20
x 0 0
S2              0.1950  282.00
x 0 0
x 0 0
T2              0.0120  278.80
LDA2            0.0020  239.10
MU2             0.0070  122.00
NU2             0.0050  176.90
RHO1            0.0120   15.70
x 0 0
x 0 0
x 0 0
MS4             0.0010  165.00
x 0 0
x 0 0
x 0 0
x 0 0
x 0 0
x 0 0
x 0 0
x 0 0
x 0 0
x 0 0
x 0 0
x 0 0
x 0 0
x 0 0
x 0 0
x 0 0
x 0 0
x 0 0
x 0 0
x 0 0
x 0 0
x 0 0
x 0 0
x 0 0
x 0 0
x 0 0
x 0 0
x 0 0
x 0 0
x 0 0
x 0 0
x 0 0
x 0 0
x 0 0
x 0 0
x 0 0
x 0 0
x 0 0
x 0 0
x 0 0
x 0 0
x 0 0
x 0 0
x 0 0
x 0 0
x 0 0
x 0 0
x 0 0
x 0 0
x 0 0
x 0 0
x 0 0
x 0 0
x 0 0
x 0 0
x 0 0
x 0 0
x 0 0
x 0 0
x 0 0
x 0 0
x 0 0
x 0 0
x 0 0
x 0 0
x 0 0
x 0 0
#
# 
# Merged from harmonics.
# This data set was submitted by Jean-Pierre LaPointe
# (scipur@collegenotre-dame.qc.ca) 1996-11-29
# The source was the Table des Marees des Grands Ports du Monde, No. 540,
# from the Service Hydrographique et Oceanographique de la Marine - Paris,
# B.P. 426, 29275 Brest Cedex.
#
# 
# rel_pedigree: 1250000000 (Via LaPointe)
# BEGIN HOT COMMENTS
# country: Indonesia
# restriction: Non-commercial use only
# datum: MLLW
# confidence: 10
# !units: meters
# !longitude: 124.8383
# !latitude: 1.4979
Manado, Sulawesi, Indonesia
+08:00 :Asia/Ujung_Pandang
1.2000 meters
J1              0.0130  282.30
K1              0.1600  262.00
K2              0.0950  205.60
L2              0.0130  171.00
M1              0.0110  241.50
M2              0.5600  158.00
x 0 0
x 0 0
x 0 0
x 0 0
N2              0.0900  145.00
2N2             0.0120  132.00
O1              0.1600  221.00
OO1             0.0070  303.00
P1              0.0530  258.90
Q1              0.0300  207.00
2Q1             0.0040  180.30
R2              0.0030  203.80
x 0 0
S2              0.3500  202.00
x 0 0
x 0 0
T2              0.0210  200.20
LDA2            0.0040  178.40
MU2             0.0130  114.00
NU2             0.0170  146.70
RHO1            0.0060  203.40
x 0 0
x 0 0
x 0 0
x 0 0
x 0 0
x 0 0
x 0 0
x 0 0
x 0 0
x 0 0
x 0 0
x 0 0
x 0 0
x 0 0
x 0 0
x 0 0
x 0 0
x 0 0
x 0 0
x 0 0
x 0 0
x 0 0
x 0 0
x 0 0
x 0 0
x 0 0
x 0 0
x 0 0
x 0 0
x 0 0
x 0 0
x 0 0
x 0 0
x 0 0
x 0 0
x 0 0
x 0 0
x 0 0
x 0 0
x 0 0
x 0 0
x 0 0
x 0 0
x 0 0
x 0 0
x 0 0
x 0 0
x 0 0
x 0 0
x 0 0
x 0 0
x 0 0
x 0 0
x 0 0
x 0 0
x 0 0
x 0 0
x 0 0
x 0 0
x 0 0
x 0 0
x 0 0
x 0 0
x 0 0
x 0 0
x 0 0
x 0 0
x 0 0
x 0 0
x 0 0
x 0 0
#
# 
# Merged from harmonics.
# This data set was submitted by Jean-Pierre LaPointe
# (scipur@collegenotre-dame.qc.ca) 1996-11-29
# The source was the Table des Marees des Grands Ports du Monde, No. 540,
# from the Service Hydrographique et Oceanographique de la Marine - Paris,
# B.P. 426, 29275 Brest Cedex.
#
# 
# Toggled sign on latitude.  -- DWF
#
# 
# rel_pedigree: 1250000000 (Via LaPointe)
# BEGIN HOT COMMENTS
# country: Myanmar
# restriction: Non-commercial use only
# datum: MLLW
# confidence: 10
# !units: meters
# !longitude: 98.5950
# !latitude: 12.4299
Mergui (Myeik), Myanmar
+06:30 :Asia/Rangoon
2.7900 meters
J1              0.0050  345.90
K1              0.1600  333.00
K2              0.2430  350.70
L2              0.0450  306.00
M1              0.0050  320.00
M2              1.6750  301.00
x 0 0
M4              0.0370  115.00
x 0 0
x 0 0
N2              0.3160  296.00
2N2             0.0420  291.00
O1              0.0640  307.00
OO1             0.0030  359.00
P1              0.0530  331.10
Q1              0.0090  271.00
2Q1             0.0020  281.20
R2              0.0070  348.80
x 0 0
S2              0.8920  347.00
x 0 0
x 0 0
T2              0.0530  345.20
LDA2            0.0120  322.30
MU2             0.0400  255.00
NU2             0.0610  296.70
RHO1            0.0020  295.80
x 0 0
x 0 0
MN4             0.0430  169.00
MS4             0.0480  165.00
x 0 0
x 0 0
x 0 0
x 0 0
SA              0.1800  146.00
x 0 0
x 0 0
x 0 0
x 0 0
x 0 0
x 0 0
x 0 0
x 0 0
x 0 0
x 0 0
x 0 0
x 0 0
x 0 0
x 0 0
x 0 0
x 0 0
x 0 0
x 0 0
x 0 0
x 0 0
x 0 0
x 0 0
x 0 0
x 0 0
x 0 0
x 0 0
x 0 0
x 0 0
x 0 0
x 0 0
x 0 0
x 0 0
x 0 0
x 0 0
x 0 0
x 0 0
x 0 0
x 0 0
x 0 0
x 0 0
x 0 0
x 0 0
x 0 0
x 0 0
x 0 0
x 0 0
x 0 0
x 0 0
x 0 0
x 0 0
x 0 0
x 0 0
x 0 0
x 0 0
x 0 0
x 0 0
x 0 0
x 0 0
x 0 0
x 0 0
x 0 0
x 0 0
#
# 
# Merged from harmonics.
# This data set was submitted by Jean-Pierre LaPointe
# (scipur@collegenotre-dame.qc.ca) 1996-11-29
# The source was the Table des Marees des Grands Ports du Monde, No. 540,
# from the Service Hydrographique et Oceanographique de la Marine - Paris,
# B.P. 426, 29275 Brest Cedex.
#
# 
# rel_pedigree: 1250000000 (Via LaPointe)
# BEGIN HOT COMMENTS
# country: Kuwait
# restriction: Non-commercial use only
# datum: MLLW
# confidence: 10
# !units: meters
# !longitude: 48.1667
# !latitude: 29.0667
Mina Al Ahmadi, Kuwait
+03:00 :Asia/Kuwait
1.5200 meters
J1              0.0230  333.30
K1              0.4290  308.00
K2              0.0460   47.40
L2              0.0170  359.00
M1              0.0200  282.50
M2              0.6270  335.00
x 0 0
M4              0.0210   50.00
x 0 0
x 0 0
N2              0.1220  311.00
2N2             0.0160  287.00
O1              0.2870  257.00
OO1             0.0120  359.00
P1              0.1420  304.20
x 0 0
2Q1             0.0070  206.40
R2              0.0010   44.70
x 0 0
S2              0.1680   42.00
x 0 0
x 0 0
T2              0.0100   39.30
LDA2            0.0040    6.10
MU2             0.0150  268.00
NU2             0.0240  314.20
RHO1            0.0110  235.10
x 0 0
x 0 0
x 0 0
MS4             0.0090  185.00
x 0 0
x 0 0
x 0 0
x 0 0
x 0 0
x 0 0
x 0 0
x 0 0
x 0 0
x 0 0
x 0 0
x 0 0
x 0 0
x 0 0
x 0 0
x 0 0
x 0 0
x 0 0
x 0 0
x 0 0
x 0 0
x 0 0
x 0 0
x 0 0
x 0 0
x 0 0
x 0 0
x 0 0
x 0 0
x 0 0
x 0 0
x 0 0
x 0 0
x 0 0
x 0 0
x 0 0
x 0 0
x 0 0
x 0 0
x 0 0
x 0 0
x 0 0
x 0 0
x 0 0
x 0 0
x 0 0
x 0 0
x 0 0
x 0 0
x 0 0
x 0 0
x 0 0
x 0 0
x 0 0
x 0 0
x 0 0
x 0 0
x 0 0
x 0 0
x 0 0
x 0 0
x 0 0
x 0 0
x 0 0
x 0 0
x 0 0
x 0 0
#
# 
# Merged from harmonics.
# This data set was submitted by Jean-Pierre LaPointe
# (scipur@collegenotre-dame.qc.ca) 1996-11-29
# The source was the Table des Marees des Grands Ports du Monde, No. 540,
# from the Service Hydrographique et Oceanographique de la Marine - Paris,
# B.P. 426, 29275 Brest Cedex.
#
# 
# rel_pedigree: 1250000000 (Via LaPointe)
# BEGIN HOT COMMENTS
# country: Kuwait
# restriction: Non-commercial use only
# datum: MLLW
# confidence: 10
# !units: meters
# !longitude: 48.4000
# !latitude: 28.7333
Mina Alzour (Mina Saud), Kuwait
+03:00 :Asia/Kuwait
1.2700 meters
J1              0.0210  327.80
K1              0.4300  305.00
K2              0.0380   38.70
L2              0.0110  356.00
M1              0.0190  282.00
M2              0.4200  336.00
x 0 0
x 0 0
x 0 0
x 0 0
N2              0.0800  316.00
2N2             0.0110  296.00
O1              0.2700  259.00
OO1             0.0120  351.00
P1              0.1420  301.60
Q1              0.0510  239.00
2Q1             0.0070  213.40
R2              0.0010   36.30
x 0 0
S2              0.1400   34.00
x 0 0
x 0 0
T2              0.0080   31.70
LDA2            0.0030    2.90
MU2             0.0100  278.00
NU2             0.0160  318.70
RHO1            0.0100  239.30
x 0 0
x 0 0
x 0 0
x 0 0
x 0 0
x 0 0
x 0 0
x 0 0
x 0 0
x 0 0
x 0 0
x 0 0
x 0 0
x 0 0
x 0 0
x 0 0
x 0 0
x 0 0
x 0 0
x 0 0
x 0 0
x 0 0
x 0 0
x 0 0
x 0 0
x 0 0
x 0 0
x 0 0
x 0 0
x 0 0
x 0 0
x 0 0
x 0 0
x 0 0
x 0 0
x 0 0
x 0 0
x 0 0
x 0 0
x 0 0
x 0 0
x 0 0
x 0 0
x 0 0
x 0 0
x 0 0
x 0 0
x 0 0
x 0 0
x 0 0
x 0 0
x 0 0
x 0 0
x 0 0
x 0 0
x 0 0
x 0 0
x 0 0
x 0 0
x 0 0
x 0 0
x 0 0
x 0 0
x 0 0
x 0 0
x 0 0
x 0 0
x 0 0
x 0 0
x 0 0
x 0 0
#
# 
# Merged from harmonics.
# This data set was submitted by Jean-Pierre LaPointe
# (scipur@collegenotre-dame.qc.ca) 1996-11-29
# The source was the Table des Marees des Grands Ports du Monde, No. 540,
# from the Service Hydrographique et Oceanographique de la Marine - Paris,
# B.P. 426, 29275 Brest Cedex.
#
# 
# rel_pedigree: 1250000000 (Via LaPointe)
# BEGIN HOT COMMENTS
# country: United Arab Emirates
# restriction: Non-commercial use only
# datum: MLLW
# confidence: 10
# !units: meters
# !longitude: 54.3754
# !latitude: 24.5132
Abu Dhabi (Mina Zayed), United Arab Emirates
+04:00 :Asia/Dubai
1.2900 meters
J1              0.0140  179.40
K1              0.2700  166.00
K2              0.0350   90.80
L2              0.0090   49.00
M1              0.0130  152.50
M2              0.3500   27.00
x 0 0
x 0 0
x 0 0
x 0 0
N2              0.0600    5.00
2N2             0.0080  343.00
O1              0.1800  139.00
OO1             0.0080  193.00
P1              0.0890  164.00
Q1              0.0100  162.00
2Q1             0.0050  112.20
R2              0.0010   88.40
x 0 0
S2              0.1300   86.00
x 0 0
x 0 0
T2              0.0080   83.60
LDA2            0.0020   54.40
MU2             0.0080  328.00
NU2             0.0120    7.90
RHO1            0.0070  127.40
x 0 0
x 0 0
x 0 0
x 0 0
x 0 0
x 0 0
x 0 0
x 0 0
x 0 0
x 0 0
x 0 0
x 0 0
x 0 0
x 0 0
x 0 0
x 0 0
x 0 0
x 0 0
x 0 0
x 0 0
x 0 0
x 0 0
x 0 0
x 0 0
x 0 0
x 0 0
x 0 0
x 0 0
x 0 0
x 0 0
x 0 0
x 0 0
x 0 0
x 0 0
x 0 0
x 0 0
x 0 0
x 0 0
x 0 0
x 0 0
x 0 0
x 0 0
x 0 0
x 0 0
x 0 0
x 0 0
x 0 0
x 0 0
x 0 0
x 0 0
x 0 0
x 0 0
x 0 0
x 0 0
x 0 0
x 0 0
x 0 0
x 0 0
x 0 0
x 0 0
x 0 0
x 0 0
x 0 0
x 0 0
x 0 0
x 0 0
x 0 0
x 0 0
x 0 0
x 0 0
x 0 0
#
# 
# Merged from harmonics.
# This data set was submitted by Jean-Pierre LaPointe
# (scipur@collegenotre-dame.qc.ca) 1996-11-29
# The source was the Table des Marees des Grands Ports du Monde, No. 540,
# from the Service Hydrographique et Oceanographique de la Marine - Paris,
# B.P. 426, 29275 Brest Cedex.
#
# 
# rel_pedigree: 1250000000 (Via LaPointe)
# BEGIN HOT COMMENTS
# country: India
# restriction: Non-commercial use only
# datum: LAT
# confidence: 10
# gloss_id: 29
# ioc_code: mini
# psmsl_id: 1050
# ptwc_code: mini
# ssc_id: SSC-mini
# uhslc_id: 153
# !units: meters
# !longitude: 73.0530
# !latitude: 8.2824
Minicoy Island, Lakshadweep, India
+05:30 :Asia/Calcutta
0.9700 meters
J1              0.0080   60.50
K1              0.2100   61.00
K2              0.0290   43.60
L2              0.0080   13.00
M1              0.0070   61.50
M2              0.2630  342.00
x 0 0
M4              0.0030   94.00
x 0 0
x 0 0
N2              0.0530  311.00
2N2             0.0070  280.00
O1              0.1020   62.00
OO1             0.0040   60.00
P1              0.0700   61.10
Q1              0.0200   60.00
2Q1             0.0030   63.00
R2              0.0010   41.30
x 0 0
S2              0.1070   39.00
x 0 0
x 0 0
T2              0.0060   36.70
LDA2            0.0020    8.40
MU2             0.0060  285.00
NU2             0.0100  315.20
RHO1            0.0040   62.40
x 0 0
x 0 0
MN4             0.0080  306.00
MS4             0.0020   79.00
x 0 0
x 0 0
x 0 0
x 0 0
SA              0.1100  355.00
x 0 0
x 0 0
x 0 0
x 0 0
x 0 0
x 0 0
x 0 0
x 0 0
x 0 0
x 0 0
x 0 0
x 0 0
x 0 0
x 0 0
x 0 0
x 0 0
x 0 0
x 0 0
x 0 0
x 0 0
x 0 0
x 0 0
x 0 0
x 0 0
x 0 0
x 0 0
x 0 0
x 0 0
x 0 0
x 0 0
x 0 0
x 0 0
x 0 0
x 0 0
x 0 0
x 0 0
x 0 0
x 0 0
x 0 0
x 0 0
x 0 0
x 0 0
x 0 0
x 0 0
x 0 0
x 0 0
x 0 0
x 0 0
x 0 0
x 0 0
x 0 0
x 0 0
x 0 0
x 0 0
x 0 0
x 0 0
x 0 0
x 0 0
x 0 0
x 0 0
x 0 0
x 0 0
#
# 
# Merged from harmonics.
# This data set was submitted by Jean-Pierre LaPointe
# (scipur@collegenotre-dame.qc.ca) 1996-11-29
# The source was the Table des Marees des Grands Ports du Monde, No. 540,
# from the Service Hydrographique et Oceanographique de la Marine - Paris,
# B.P. 426, 29275 Brest Cedex.
#
# 
# rel_pedigree: 1250000000 (Via LaPointe)
# BEGIN HOT COMMENTS
# country: China
# restriction: Non-commercial use only
# datum: CD
# confidence: 10
# !units: meters
# !longitude: 119.6523
# !latitude: 26.0728
Minjiang Kou (Fuzhou), China
+08:00 :Asia/Shanghai
3.5300 meters
J1              0.0180   21.80
K1              0.2470    0.00
K2              0.1580  211.30
L2              0.0530  177.00
M1              0.0160  338.00
M2              2.0420  154.00
x 0 0
M4              0.1370  231.00
x 0 0
x 0 0
N2              0.3720  131.00
2N2             0.0490  108.00
O1              0.2290  316.00
OO1             0.0100   44.00
P1              0.0820  356.70
x 0 0
2Q1             0.0060  272.40
R2              0.0050  209.10
x 0 0
S2              0.5820  207.00
x 0 0
x 0 0
T2              0.0340  204.90
LDA2            0.0140  178.60
MU2             0.0490  101.00
NU2             0.0720  134.10
RHO1            0.0090  297.10
x 0 0
x 0 0
x 0 0
MS4             0.0980  293.00
x 0 0
x 0 0
x 0 0
x 0 0
x 0 0
x 0 0
x 0 0
x 0 0
x 0 0
x 0 0
x 0 0
x 0 0
x 0 0
x 0 0
x 0 0
x 0 0
x 0 0
x 0 0
x 0 0
x 0 0
x 0 0
x 0 0
x 0 0
x 0 0
x 0 0
x 0 0
x 0 0
x 0 0
x 0 0
x 0 0
x 0 0
x 0 0
x 0 0
x 0 0
x 0 0
x 0 0
x 0 0
x 0 0
x 0 0
x 0 0
x 0 0
x 0 0
x 0 0
x 0 0
x 0 0
x 0 0
x 0 0
x 0 0
x 0 0
x 0 0
x 0 0
x 0 0
x 0 0
x 0 0
x 0 0
x 0 0
x 0 0
x 0 0
x 0 0
x 0 0
x 0 0
x 0 0
x 0 0
x 0 0
x 0 0
x 0 0
x 0 0
#
# 
# Merged from harmonics.
# This data set was submitted by Jean-Pierre LaPointe
# (scipur@collegenotre-dame.qc.ca) 1996-11-29
# The source was the Table des Marees des Grands Ports du Monde, No. 540,
# from the Service Hydrographique et Oceanographique de la Marine - Paris,
# B.P. 426, 29275 Brest Cedex.
#
# 
# rel_pedigree: 1250000000 (Via LaPointe)
# BEGIN HOT COMMENTS
# country: Japan
# restriction: Non-commercial use only
# datum: MLLW
# confidence: 10
# jma_code: MM
# !units: meters
# !longitude: 133.7370
# !latitude: 34.5164
Mizushima, Okayama, Japan
+09:00 :Asia/Tokyo
1.9000 meters
J1              0.0190  253.40
K1              0.3260  237.00
K2              0.0990    6.40
L2              0.0250  333.00
M1              0.0170  220.50
M2              1.0070  321.00
x 0 0
M4              0.0120  223.00
x 0 0
x 0 0
N2              0.1760  309.00
2N2             0.0230  297.00
O1              0.2380  204.00
OO1             0.0100  270.00
P1              0.1080  234.50
Q1              0.0450  191.00
2Q1             0.0060  171.30
R2              0.0030    4.70
x 0 0
S2              0.3650    3.00
x 0 0
x 0 0
T2              0.0220    1.30
LDA2            0.0070  340.50
MU2             0.0240  279.00
NU2             0.0340  310.60
RHO1            0.0090  189.80
x 0 0
x 0 0
MN4             0.0050  216.00
MS4             0.0140  275.00
x 0 0
x 0 0
x 0 0
x 0 0
SA              0.2190  161.00
x 0 0
x 0 0
x 0 0
x 0 0
x 0 0
x 0 0
x 0 0
x 0 0
x 0 0
x 0 0
x 0 0
x 0 0
x 0 0
x 0 0
x 0 0
x 0 0
x 0 0
x 0 0
x 0 0
x 0 0
x 0 0
x 0 0
x 0 0
x 0 0
x 0 0
x 0 0
x 0 0
x 0 0
x 0 0
x 0 0
x 0 0
x 0 0
x 0 0
x 0 0
x 0 0
x 0 0
x 0 0
x 0 0
x 0 0
x 0 0
x 0 0
x 0 0
x 0 0
x 0 0
x 0 0
x 0 0
x 0 0
x 0 0
x 0 0
x 0 0
x 0 0
x 0 0
x 0 0
x 0 0
x 0 0
x 0 0
x 0 0
x 0 0
x 0 0
x 0 0
x 0 0
x 0 0
#
# 
# Merged from harmonics.
# This data set was submitted by Jean-Pierre LaPointe
# (scipur@collegenotre-dame.qc.ca) 1996-11-29
# The source was the Table des Marees des Grands Ports du Monde, No. 540,
# from the Service Hydrographique et Oceanographique de la Marine - Paris,
# B.P. 426, 29275 Brest Cedex.
#
# 
# rel_pedigree: 1250000000 (Via LaPointe)
# BEGIN HOT COMMENTS
# country: Norway
# restriction: Non-commercial use only
# datum: CD
# confidence: 10
# !units: meters
# !longitude: 14.1333
# !latitude: 66.3167
Mo i Rana, Norway
+01:00 :Europe/Oslo
1.6000 meters
J1              0.0030  273.40
K1              0.0920  201.00
K2              0.0790   34.10
L2              0.0250   18.00
M1              0.0030  128.00
M2              0.8490  353.00
x 0 0
M4              0.0200  298.00
x 0 0
x 0 0
N2              0.1780  328.00
2N2             0.0240  303.00
O1              0.0380   55.00
OO1             0.0020  347.00
P1              0.0300  190.10
Q1              0.0250  353.00
2Q1             0.0010  270.20
R2              0.0020   32.50
x 0 0
S2              0.2910   31.00
x 0 0
x 0 0
T2              0.0170   29.50
LDA2            0.0060   10.60
MU2             0.0200  315.00
NU2             0.0350  331.40
RHO1            0.0010  352.40
x 0 0
x 0 0
MN4             0.0130  273.00
MS4             0.0090   32.00
x 0 0
x 0 0
x 0 0
x 0 0
SA              0.2040  228.00
x 0 0
x 0 0
x 0 0
x 0 0
x 0 0
x 0 0
x 0 0
x 0 0
x 0 0
x 0 0
x 0 0
x 0 0
x 0 0
x 0 0
x 0 0
x 0 0
x 0 0
x 0 0
x 0 0
x 0 0
x 0 0
x 0 0
x 0 0
x 0 0
x 0 0
x 0 0
x 0 0
x 0 0
x 0 0
x 0 0
x 0 0
x 0 0
x 0 0
x 0 0
x 0 0
x 0 0
x 0 0
x 0 0
x 0 0
x 0 0
x 0 0
x 0 0
x 0 0
x 0 0
x 0 0
x 0 0
x 0 0
x 0 0
x 0 0
x 0 0
x 0 0
x 0 0
x 0 0
x 0 0
x 0 0
x 0 0
x 0 0
x 0 0
x 0 0
x 0 0
x 0 0
x 0 0
#
# 
# Merged from harmonics.
# This data set was submitted by Jean-Pierre LaPointe
# (scipur@collegenotre-dame.qc.ca) 1996-11-29
# The source was the Table des Marees des Grands Ports du Monde, No. 540,
# from the Service Hydrographique et Oceanographique de la Marine - Paris,
# B.P. 426, 29275 Brest Cedex.
#
# 
# rel_pedigree: 1250000000 (Via LaPointe)
# BEGIN HOT COMMENTS
# country: Mozambique
# restriction: Non-commercial use only
# datum: MLLW
# confidence: 10
# !units: meters
# !longitude: 40.3620
# !latitude: -11.3365
Mocímboa da Praia, Moçambique
+02:00 :Africa/Maputo
2.6000 meters
J1              0.0070   19.00
K1              0.1400   23.00
K2              0.1630  135.50
L2              0.0310   92.00
M1              0.0060   27.00
M2              1.1900   89.00
x 0 0
M4              0.0100  115.00
x 0 0
x 0 0
N2              0.2200   86.00
2N2             0.0290   83.00
O1              0.0900   31.00
OO1             0.0040   15.00
P1              0.0460   23.60
x 0 0
2Q1             0.0020   38.90
R2              0.0050  133.70
x 0 0
S2              0.6000  132.00
x 0 0
x 0 0
T2              0.0350  130.30
LDA2            0.0080  109.00
MU2             0.0290   46.00
NU2             0.0430   86.40
RHO1            0.0030   34.40
x 0 0
x 0 0
x 0 0
MS4             0.0200  125.00
x 0 0
x 0 0
x 0 0
x 0 0
x 0 0
x 0 0
x 0 0
x 0 0
x 0 0
x 0 0
x 0 0
x 0 0
x 0 0
x 0 0
x 0 0
x 0 0
x 0 0
x 0 0
x 0 0
x 0 0
x 0 0
x 0 0
x 0 0
x 0 0
x 0 0
x 0 0
x 0 0
x 0 0
x 0 0
x 0 0
x 0 0
x 0 0
x 0 0
x 0 0
x 0 0
x 0 0
x 0 0
x 0 0
x 0 0
x 0 0
x 0 0
x 0 0
x 0 0
x 0 0
x 0 0
x 0 0
x 0 0
x 0 0
x 0 0
x 0 0
x 0 0
x 0 0
x 0 0
x 0 0
x 0 0
x 0 0
x 0 0
x 0 0
x 0 0
x 0 0
x 0 0
x 0 0
x 0 0
x 0 0
x 0 0
x 0 0
x 0 0
#
# 
# Merged from harmonics.
# This data set was submitted by Jean-Pierre LaPointe
# (scipur@collegenotre-dame.qc.ca) 1996-11-29
# The source was the Table des Marees des Grands Ports du Monde, No. 540,
# from the Service Hydrographique et Oceanographique de la Marine - Paris,
# B.P. 426, 29275 Brest Cedex.
#
# 
# The original name on this data set was Mogadiscio.  -- DWF
#
# 
# rel_pedigree: 1250000000 (Via LaPointe)
# BEGIN HOT COMMENTS
# country: Somalia
# restriction: Non-commercial use only
# datum: MLLW
# confidence: 10
# !units: meters
# !longitude: 45.3500
# !latitude: 2.0333
Mogadishu, Somalia
+03:00 :Africa/Mogadishu
1.6300 meters
J1              0.0100   37.00
K1              0.2130   38.00
K2              0.0930  158.40
L2              0.0180  138.00
M1              0.0090   39.00
M2              0.6840  113.00
x 0 0
M4              0.0040  308.00
x 0 0
x 0 0
N2              0.1270   88.00
2N2             0.0170   63.00
O1              0.1250   40.00
OO1             0.0050   36.00
P1              0.0710   38.20
Q1              0.0240   36.00
2Q1             0.0030   42.00
R2              0.0030  156.70
x 0 0
S2              0.3430  155.00
x 0 0
x 0 0
T2              0.0200  153.30
LDA2            0.0050  132.50
MU2             0.0160   71.00
NU2             0.0250   91.40
RHO1            0.0050   40.90
x 0 0
x 0 0
MN4             0.0020  260.00
MS4             0.0020  106.00
x 0 0
x 0 0
x 0 0
x 0 0
SA              0.1190  297.00
x 0 0
x 0 0
x 0 0
x 0 0
x 0 0
x 0 0
x 0 0
x 0 0
x 0 0
x 0 0
x 0 0
x 0 0
x 0 0
x 0 0
x 0 0
x 0 0
x 0 0
x 0 0
x 0 0
x 0 0
x 0 0
x 0 0
x 0 0
x 0 0
x 0 0
x 0 0
x 0 0
x 0 0
x 0 0
x 0 0
x 0 0
x 0 0
x 0 0
x 0 0
x 0 0
x 0 0
x 0 0
x 0 0
x 0 0
x 0 0
x 0 0
x 0 0
x 0 0
x 0 0
x 0 0
x 0 0
x 0 0
x 0 0
x 0 0
x 0 0
x 0 0
x 0 0
x 0 0
x 0 0
x 0 0
x 0 0
x 0 0
x 0 0
x 0 0
x 0 0
x 0 0
x 0 0
#
# 
# Merged from harmonics.
# This data set was submitted by Jean-Pierre LaPointe
# (scipur@collegenotre-dame.qc.ca) 1996-11-29
# The source was the Table des Marees des Grands Ports du Monde, No. 540,
# from the Service Hydrographique et Oceanographique de la Marine - Paris,
# B.P. 426, 29275 Brest Cedex.
#
# 
# rel_pedigree: 1250000000 (Via LaPointe)
# BEGIN HOT COMMENTS
# country: South Korea
# restriction: Non-commercial use only
# datum: ALLW (approx.)
# confidence: 10
# khoa_code: 105
# psmsl_id: 954
# ssc_id: SSC-mokp
# !units: meters
# !longitude: 126.3833
# !latitude: 34.7833
Mokp'o, South Korea
+09:00 :Asia/Seoul
2.1500 meters
J1              0.0180  291.80
K1              0.3100  271.00
K2              0.0980  124.20
L2              0.0320   88.00
M1              0.0160  250.00
M2              1.1700   68.00
x 0 0
M4              0.1900  273.00
x 0 0
x 0 0
N2              0.2220   48.00
2N2             0.0300   28.00
O1              0.2300  229.00
OO1             0.0100  313.00
P1              0.1030  267.90
Q1              0.0440  209.00
2Q1             0.0060  187.30
R2              0.0030  122.10
x 0 0
S2              0.3600  120.00
x 0 0
x 0 0
T2              0.0210  117.90
LDA2            0.0080   92.10
MU2             0.0280   16.00
NU2             0.0430   50.70
RHO1            0.0090  211.00
x 0 0
x 0 0
x 0 0
x 0 0
x 0 0
x 0 0
x 0 0
x 0 0
x 0 0
x 0 0
x 0 0
x 0 0
x 0 0
x 0 0
x 0 0
x 0 0
x 0 0
x 0 0
x 0 0
x 0 0
x 0 0
x 0 0
x 0 0
x 0 0
x 0 0
x 0 0
x 0 0
x 0 0
x 0 0
x 0 0
x 0 0
x 0 0
x 0 0
x 0 0
x 0 0
x 0 0
x 0 0
x 0 0
x 0 0
x 0 0
x 0 0
x 0 0
x 0 0
x 0 0
x 0 0
x 0 0
x 0 0
x 0 0
x 0 0
x 0 0
x 0 0
x 0 0
x 0 0
x 0 0
x 0 0
x 0 0
x 0 0
x 0 0
x 0 0
x 0 0
x 0 0
x 0 0
x 0 0
x 0 0
x 0 0
x 0 0
x 0 0
x 0 0
x 0 0
x 0 0
x 0 0
#
# 
# Merged from harmonics.
# This data set was submitted by Jean-Pierre LaPointe
# (scipur@collegenotre-dame.qc.ca) 1996-11-29
# The source was the Table des Marees des Grands Ports du Monde, No. 540,
# from the Service Hydrographique et Oceanographique de la Marine - Paris,
# B.P. 426, 29275 Brest Cedex.
#
# 
# rel_pedigree: 1250000000 (Via LaPointe)
# BEGIN HOT COMMENTS
# country: Liberia
# restriction: Non-commercial use only
# datum: MLLW
# confidence: 10
# !units: meters
# !longitude: -10.8000
# !latitude: 6.3333
Monrovia, Liberia
+00:00 :Africa/Monrovia
0.7300 meters
J1              0.0010   20.20
K1              0.0910  345.00
K2              0.0380  215.70
L2              0.0140  211.00
M1              0.0010  309.50
M2              0.4120  193.00
x 0 0
M4              0.0100  163.00
x 0 0
x 0 0
N2              0.0950  175.00
2N2             0.0130  157.00
O1              0.0180  274.00
OO1             0.0010   56.00
P1              0.0300  339.70
Q1              0.0030  238.00
x 0 0
R2              0.0010  214.80
x 0 0
S2              0.1380  214.00
x 0 0
x 0 0
T2              0.0080  213.20
LDA2            0.0030  202.70
MU2             0.0100  172.00
NU2             0.0180  177.40
RHO1            0.0010  243.50
x 0 0
x 0 0
x 0 0
x 0 0
x 0 0
x 0 0
x 0 0
x 0 0
x 0 0
x 0 0
x 0 0
x 0 0
x 0 0
x 0 0
x 0 0
x 0 0
x 0 0
x 0 0
x 0 0
x 0 0
x 0 0
x 0 0
x 0 0
x 0 0
x 0 0
x 0 0
x 0 0
x 0 0
x 0 0
x 0 0
x 0 0
x 0 0
x 0 0
x 0 0
x 0 0
x 0 0
x 0 0
x 0 0
x 0 0
x 0 0
x 0 0
x 0 0
x 0 0
x 0 0
x 0 0
x 0 0
x 0 0
x 0 0
x 0 0
x 0 0
x 0 0
x 0 0
x 0 0
x 0 0
x 0 0
x 0 0
x 0 0
x 0 0
x 0 0
x 0 0
x 0 0
x 0 0
x 0 0
x 0 0
x 0 0
x 0 0
x 0 0
x 0 0
x 0 0
x 0 0
x 0 0
#
# 
# Merged from harmonics.
# This data set was submitted by Jean-Pierre LaPointe
# (scipur@collegenotre-dame.qc.ca) 1996-11-29
# The source was the Table des Marees des Grands Ports du Monde, No. 540,
# from the Service Hydrographique et Oceanographique de la Marine - Paris,
# B.P. 426, 29275 Brest Cedex.
#
# 
# rel_pedigree: 1250000000 (Via LaPointe)
# BEGIN HOT COMMENTS
# country: Argentina
# restriction: Non-commercial use only
# datum: CD (SHN)
# confidence: 10
# !units: meters
# !longitude: -61.3161
# !latitude: -38.9912
Monte Hermoso, Buenos Aires, Argentina
-03:00 :America/Buenos_Aires
1.8900 meters
J1              0.0120   52.80
K1              0.1920   30.00
K2              0.0540  302.70
L2              0.0320  230.00
M1              0.0110    7.00
M2              1.1600  160.00
x 0 0
x 0 0
x 0 0
x 0 0
N2              0.2250   90.00
2N2             0.0300   20.00
O1              0.1570  344.00
OO1             0.0070   76.00
P1              0.0640   26.60
x 0 0
2Q1             0.0040  298.40
R2              0.0020  297.30
x 0 0
S2              0.1970  292.00
x 0 0
x 0 0
T2              0.0120  286.70
LDA2            0.0080  221.20
MU2             0.0280   28.00
NU2             0.0440   99.40
RHO1            0.0060  324.30
x 0 0
x 0 0
x 0 0
x 0 0
x 0 0
x 0 0
x 0 0
x 0 0
x 0 0
x 0 0
x 0 0
x 0 0
x 0 0
x 0 0
x 0 0
x 0 0
x 0 0
x 0 0
x 0 0
x 0 0
x 0 0
x 0 0
x 0 0
x 0 0
x 0 0
x 0 0
x 0 0
x 0 0
x 0 0
x 0 0
x 0 0
x 0 0
x 0 0
x 0 0
x 0 0
x 0 0
x 0 0
x 0 0
x 0 0
x 0 0
x 0 0
x 0 0
x 0 0
x 0 0
x 0 0
x 0 0
x 0 0
x 0 0
x 0 0
x 0 0
x 0 0
x 0 0
x 0 0
x 0 0
x 0 0
x 0 0
x 0 0
x 0 0
x 0 0
x 0 0
x 0 0
x 0 0
x 0 0
x 0 0
x 0 0
x 0 0
x 0 0
x 0 0
x 0 0
x 0 0
x 0 0
#
# 
# Merged from harmonics.
# This data set was submitted by Jean-Pierre LaPointe
# (scipur@collegenotre-dame.qc.ca) 1996-11-29
# The source was the Table des Marees des Grands Ports du Monde, No. 540,
# from the Service Hydrographique et Oceanographique de la Marine - Paris,
# B.P. 426, 29275 Brest Cedex.
#
# 
# rel_pedigree: 1250000000 (Via LaPointe)
# BEGIN HOT COMMENTS
# country: Uruguay
# restriction: Non-commercial use only
# datum: MLLW
# confidence: 10
# !units: meters
# !longitude: -56.2563
# !latitude: -34.9034
Montevideo (Base Naval Cerro), Uruguay
-03:00 :America/Montevideo
0.6400 meters
J1              0.0060   42.30
K1              0.0230  315.00
K2              0.0100  112.20
L2              0.0080   68.00
M1              0.0060  227.00
M2              0.1360   30.00
x 0 0
M4              0.0390  181.00
x 0 0
x 0 0
N2              0.0550  352.00
2N2             0.0070  314.00
O1              0.0780  139.00
OO1             0.0030  131.00
P1              0.0080  301.80
Q1              0.0310  104.00
2Q1             0.0020  324.40
x 0 0
x 0 0
S2              0.0380  106.00
x 0 0
x 0 0
T2              0.0020  103.00
LDA2            0.0010   65.30
MU2             0.0030  314.00
NU2             0.0110  357.10
RHO1            0.0030   63.50
x 0 0
x 0 0
MN4             0.0190  147.00
MS4             0.0130  268.00
x 0 0
x 0 0
x 0 0
x 0 0
SA              0.0530  314.00
x 0 0
x 0 0
x 0 0
x 0 0
x 0 0
x 0 0
x 0 0
x 0 0
x 0 0
x 0 0
x 0 0
x 0 0
x 0 0
x 0 0
x 0 0
x 0 0
x 0 0
x 0 0
x 0 0
x 0 0
x 0 0
x 0 0
x 0 0
x 0 0
x 0 0
x 0 0
x 0 0
x 0 0
x 0 0
x 0 0
x 0 0
x 0 0
x 0 0
x 0 0
x 0 0
x 0 0
x 0 0
x 0 0
x 0 0
x 0 0
x 0 0
x 0 0
x 0 0
x 0 0
x 0 0
x 0 0
x 0 0
x 0 0
x 0 0
x 0 0
x 0 0
x 0 0
x 0 0
x 0 0
x 0 0
x 0 0
x 0 0
x 0 0
x 0 0
x 0 0
x 0 0
x 0 0
#
# 
# Merged from harmonics.
# This data set was submitted by Jean-Pierre LaPointe
# (scipur@collegenotre-dame.qc.ca) 1996-11-29
# The source was the Table des Marees des Grands Ports du Monde, No. 540,
# from the Service Hydrographique et Oceanographique de la Marine - Paris,
# B.P. 426, 29275 Brest Cedex.
#
# 
# rel_pedigree: 1250000000 (Via LaPointe)
# BEGIN HOT COMMENTS
# country: Mozambique
# restriction: Non-commercial use only
# datum: MLLW
# confidence: 10
# !units: meters
# !longitude: 40.7343
# !latitude: -15.0321
Ilha de Moçambique, Moçambique
+02:00 :Africa/Maputo
2.2600 meters
J1              0.0060   24.00
K1              0.0930   26.00
K2              0.1650  135.40
L2              0.0280  114.00
M1              0.0050   28.00
M2              1.1470   90.00
x 0 0
M4              0.0060  186.00
x 0 0
x 0 0
N2              0.1950   66.00
2N2             0.0260   42.00
O1              0.0710   30.00
OO1             0.0030   22.00
P1              0.0310   26.30
Q1              0.0140    6.00
2Q1             0.0020   34.00
R2              0.0050  133.70
x 0 0
S2              0.6060  132.00
x 0 0
x 0 0
T2              0.0360  130.30
LDA2            0.0080  109.50
MU2             0.0280   48.00
NU2             0.0380   69.20
RHO1            0.0030   31.70
x 0 0
x 0 0
x 0 0
MS4             0.0060  276.00
x 0 0
x 0 0
x 0 0
x 0 0
SA              0.0400  339.00
x 0 0
x 0 0
x 0 0
x 0 0
x 0 0
x 0 0
x 0 0
x 0 0
x 0 0
x 0 0
x 0 0
x 0 0
x 0 0
x 0 0
x 0 0
x 0 0
x 0 0
x 0 0
x 0 0
x 0 0
x 0 0
x 0 0
x 0 0
x 0 0
x 0 0
x 0 0
x 0 0
x 0 0
x 0 0
x 0 0
x 0 0
x 0 0
x 0 0
x 0 0
x 0 0
x 0 0
x 0 0
x 0 0
x 0 0
x 0 0
x 0 0
x 0 0
x 0 0
x 0 0
x 0 0
x 0 0
x 0 0
x 0 0
x 0 0
x 0 0
x 0 0
x 0 0
x 0 0
x 0 0
x 0 0
x 0 0
x 0 0
x 0 0
x 0 0
x 0 0
x 0 0
x 0 0
#
# 
# Merged from harmonics.
# This data set was submitted by Jean-Pierre LaPointe
# (scipur@collegenotre-dame.qc.ca) 1996-11-29
# The source was the Table des Marees des Grands Ports du Monde, No. 540,
# from the Service Hydrographique et Oceanographique de la Marine - Paris,
# B.P. 426, 29275 Brest Cedex.
#
# 
# rel_pedigree: 1250000000 (Via LaPointe)
# BEGIN HOT COMMENTS
# country: Tanzania
# restriction: Non-commercial use only
# datum: MLLW
# confidence: 10
# !units: meters
# !longitude: 40.2000
# !latitude: -10.2667
Mtwara, Tanzania
+03:00 :Africa/Dar_es_Salaam
2.0000 meters
J1              0.0090   22.10
K1              0.1680   31.00
K2              0.1410  159.50
L2              0.0230  146.00
M1              0.0080   40.00
M2              1.0940  113.00
x 0 0
M4              0.0030  227.00
x 0 0
x 0 0
N2              0.1580   80.00
2N2             0.0210   47.00
O1              0.1130   49.00
OO1             0.0050   13.00
P1              0.0560   32.40
Q1              0.0060   33.00
2Q1             0.0030   66.90
R2              0.0040  157.70
x 0 0
S2              0.5180  156.00
x 0 0
x 0 0
T2              0.0310  154.30
LDA2            0.0080  133.00
MU2             0.0260   70.00
NU2             0.0310   84.40
RHO1            0.0040   56.70
x 0 0
x 0 0
MN4             0.0030  334.00
MS4             0.0120   92.00
x 0 0
x 0 0
x 0 0
x 0 0
x 0 0
x 0 0
x 0 0
x 0 0
x 0 0
x 0 0
x 0 0
x 0 0
x 0 0
x 0 0
x 0 0
x 0 0
x 0 0
x 0 0
x 0 0
x 0 0
x 0 0
x 0 0
x 0 0
x 0 0
x 0 0
x 0 0
x 0 0
x 0 0
x 0 0
x 0 0
x 0 0
x 0 0
x 0 0
x 0 0
x 0 0
x 0 0
x 0 0
x 0 0
x 0 0
x 0 0
x 0 0
x 0 0
x 0 0
x 0 0
x 0 0
x 0 0
x 0 0
x 0 0
x 0 0
x 0 0
x 0 0
x 0 0
x 0 0
x 0 0
x 0 0
x 0 0
x 0 0
x 0 0
x 0 0
x 0 0
x 0 0
x 0 0
x 0 0
x 0 0
x 0 0
x 0 0
x 0 0
#
# 
# Merged from harmonics.
# This data set was submitted by Jean-Pierre LaPointe
# (scipur@collegenotre-dame.qc.ca) 1996-11-29
# The source was the Table des Marees des Grands Ports du Monde, No. 540,
# from the Service Hydrographique et Oceanographique de la Marine - Paris,
# B.P. 426, 29275 Brest Cedex.
#
# 
# rel_pedigree: 1250000000 (Via LaPointe)
# BEGIN HOT COMMENTS
# country: Malaysia
# restriction: Non-commercial use only
# datum: MLLW
# confidence: 10
# !units: meters
# !longitude: 112.0946
# !latitude: 2.9064
Mukah, Malaysia
+08:00 :Asia/Kuala_Lumpur
1.6100 meters
J1              0.0270  354.80
K1              0.4020  326.00
K2              0.0220  108.10
L2              0.0100  120.00
M1              0.0240  297.00
M2              0.3600   93.00
x 0 0
M4              0.0120   84.00
x 0 0
x 0 0
N2              0.0730   66.00
2N2             0.0100   39.00
O1              0.3380  268.00
OO1             0.0150   24.00
P1              0.1330  321.70
Q1              0.0610  244.00
2Q1             0.0090  210.50
R2              0.0010  107.60
x 0 0
S2              0.0820  107.00
x 0 0
x 0 0
T2              0.0050  106.40
LDA2            0.0030   99.50
MU2             0.0090   79.00
NU2             0.0140   69.60
RHO1            0.0130  243.10
x 0 0
x 0 0
MN4             0.0120   56.00
MS4             0.0090   39.00
x 0 0
x 0 0
x 0 0
x 0 0
SA              0.1070  255.00
x 0 0
x 0 0
x 0 0
x 0 0
x 0 0
x 0 0
x 0 0
x 0 0
x 0 0
x 0 0
x 0 0
x 0 0
x 0 0
x 0 0
x 0 0
x 0 0
x 0 0
x 0 0
x 0 0
x 0 0
x 0 0
x 0 0
x 0 0
x 0 0
x 0 0
x 0 0
x 0 0
x 0 0
x 0 0
x 0 0
x 0 0
x 0 0
x 0 0
x 0 0
x 0 0
x 0 0
x 0 0
x 0 0
x 0 0
x 0 0
x 0 0
x 0 0
x 0 0
x 0 0
x 0 0
x 0 0
x 0 0
x 0 0
x 0 0
x 0 0
x 0 0
x 0 0
x 0 0
x 0 0
x 0 0
x 0 0
x 0 0
x 0 0
x 0 0
x 0 0
x 0 0
x 0 0
#
# 
# Merged from harmonics.
# This data set was submitted by Jean-Pierre LaPointe
# (scipur@collegenotre-dame.qc.ca) 1996-11-29
# The source was the Table des Marees des Grands Ports du Monde, No. 540,
# from the Service Hydrographique et Oceanographique de la Marine - Paris,
# B.P. 426, 29275 Brest Cedex.
#
# 
# rel_pedigree: 1250000000 (Via LaPointe)
# BEGIN HOT COMMENTS
# country: South Korea
# restriction: Non-commercial use only
# datum: ALLW (approx.)
# confidence: 10
# khoa_code: 195
# psmsl_id: 1108
# ssc_id: SSC-mukh
# !units: meters
# !longitude: 129.1167
# !latitude: 37.5500
Mukho, South Korea
+09:00 :Asia/Seoul
0.1900 meters
J1              0.0040   26.80
K1              0.0480    4.00
K2              0.0060  120.40
L2              0.0020  115.00
M1              0.0030  341.00
M2              0.0690   88.00
x 0 0
M4              0.0010   48.00
x 0 0
x 0 0
N2              0.0170   61.00
2N2             0.0020   34.00
O1              0.0470  318.00
OO1             0.0020   50.00
P1              0.0160    0.60
Q1              0.0110  293.00
2Q1             0.0010  272.40
x 0 0
x 0 0
S2              0.0230  118.00
x 0 0
x 0 0
T2              0.0010  116.80
x 0 0
MU2             0.0020   58.00
NU2             0.0030   64.60
RHO1            0.0020  298.30
x 0 0
x 0 0
MN4             0.0010   30.00
MS4             0.0010   87.00
x 0 0
x 0 0
x 0 0
x 0 0
SA              0.1320  144.00
x 0 0
x 0 0
x 0 0
x 0 0
x 0 0
x 0 0
x 0 0
x 0 0
x 0 0
x 0 0
x 0 0
x 0 0
x 0 0
x 0 0
x 0 0
x 0 0
x 0 0
x 0 0
x 0 0
x 0 0
x 0 0
x 0 0
x 0 0
x 0 0
x 0 0
x 0 0
x 0 0
x 0 0
x 0 0
x 0 0
x 0 0
x 0 0
x 0 0
x 0 0
x 0 0
x 0 0
x 0 0
x 0 0
x 0 0
x 0 0
x 0 0
x 0 0
x 0 0
x 0 0
x 0 0
x 0 0
x 0 0
x 0 0
x 0 0
x 0 0
x 0 0
x 0 0
x 0 0
x 0 0
x 0 0
x 0 0
x 0 0
x 0 0
x 0 0
x 0 0
x 0 0
x 0 0
#
# 
# Merged from harmonics.
# This data set was submitted by Jean-Pierre LaPointe
# (scipur@collegenotre-dame.qc.ca) 1996-11-29
# The source was the Table des Marees des Grands Ports du Monde, No. 540,
# from the Service Hydrographique et Oceanographique de la Marine - Paris,
# B.P. 426, 29275 Brest Cedex.
#
# 
# rel_pedigree: 1250000000 (Via LaPointe)
# BEGIN HOT COMMENTS
# country: French Polynesia
# restriction: Non-commercial use only
# datum: MLLW
# confidence: 10
# !units: meters
# !longitude: -138.7833
# !latitude: -21.8333
Mururoa Atoll, Tuamotu Archipelago
-09:00 :Pacific/Tahiti
0.6700 meters
J1              0.0010  232.70
K1              0.0160  252.00
K2              0.0250   44.10
L2              0.0080   90.00
M1              0.0010  271.50
M2              0.2580   83.00
x 0 0
M4              0.0060    5.00
x 0 0
x 0 0
N2              0.0580   76.00
2N2             0.0080   69.00
O1              0.0160  291.00
OO1             0.0010  213.00
P1              0.0050  254.90
Q1              0.0030  299.00
x 0 0
R2              0.0010   45.60
x 0 0
S2              0.0920   47.00
x 0 0
x 0 0
T2              0.0050   48.40
LDA2            0.0020   66.30
MU2             0.0060  119.00
NU2             0.0110   76.90
RHO1            0.0010  307.70
x 0 0
x 0 0
MN4             0.0020  333.00
MS4             0.0020  276.00
x 0 0
x 0 0
x 0 0
x 0 0
SA              0.0200    1.00
x 0 0
x 0 0
x 0 0
x 0 0
x 0 0
x 0 0
x 0 0
x 0 0
x 0 0
x 0 0
x 0 0
x 0 0
x 0 0
x 0 0
x 0 0
x 0 0
x 0 0
x 0 0
x 0 0
x 0 0
x 0 0
x 0 0
x 0 0
x 0 0
x 0 0
x 0 0
x 0 0
x 0 0
x 0 0
x 0 0
x 0 0
x 0 0
x 0 0
x 0 0
x 0 0
x 0 0
x 0 0
x 0 0
x 0 0
x 0 0
x 0 0
x 0 0
x 0 0
x 0 0
x 0 0
x 0 0
x 0 0
x 0 0
x 0 0
x 0 0
x 0 0
x 0 0
x 0 0
x 0 0
x 0 0
x 0 0
x 0 0
x 0 0
x 0 0
x 0 0
x 0 0
x 0 0
#
# 
# Merged from harmonics.
# This data set was submitted by Jean-Pierre LaPointe
# (scipur@collegenotre-dame.qc.ca) 1996-11-29
# The source was the Table des Marees des Grands Ports du Monde, No. 540,
# from the Service Hydrographique et Oceanographique de la Marine - Paris,
# B.P. 426, 29275 Brest Cedex.
#
# 
# rel_pedigree: 1250000000 (Via LaPointe)
# BEGIN HOT COMMENTS
# country: Qatar
# restriction: Non-commercial use only
# datum: MLLW
# confidence: 10
# !units: meters
# !longitude: 51.6281
# !latitude: 25.1155
Hamad Port (Umm Al-Houl), Qatar
+04:00 :Asia/Qatar
1.2100 meters
J1              0.0150  167.30
K1              0.4270  140.00
K2              0.0300  216.70
L2              0.0110  198.00
M1              0.0140  112.50
M2              0.2850  181.00
x 0 0
M4              0.0200  227.00
x 0 0
x 0 0
N2              0.0780  164.00
2N2             0.0100  147.00
O1              0.1920   85.00
OO1             0.0080  195.00
P1              0.1410  135.90
Q1              0.0230   44.00
2Q1             0.0050   30.40
R2              0.0010  215.30
x 0 0
S2              0.1090  214.00
x 0 0
x 0 0
T2              0.0060  212.70
LDA2            0.0020  196.30
MU2             0.0070  148.00
NU2             0.0150  166.30
RHO1            0.0070   61.40
x 0 0
x 0 0
MN4             0.0090  194.00
MS4             0.0150  289.00
x 0 0
x 0 0
x 0 0
x 0 0
SA              0.1130  129.00
x 0 0
x 0 0
x 0 0
x 0 0
x 0 0
x 0 0
x 0 0
x 0 0
x 0 0
x 0 0
x 0 0
x 0 0
x 0 0
x 0 0
x 0 0
x 0 0
x 0 0
x 0 0
x 0 0
x 0 0
x 0 0
x 0 0
x 0 0
x 0 0
x 0 0
x 0 0
x 0 0
x 0 0
x 0 0
x 0 0
x 0 0
x 0 0
x 0 0
x 0 0
x 0 0
x 0 0
x 0 0
x 0 0
x 0 0
x 0 0
x 0 0
x 0 0
x 0 0
x 0 0
x 0 0
x 0 0
x 0 0
x 0 0
x 0 0
x 0 0
x 0 0
x 0 0
x 0 0
x 0 0
x 0 0
x 0 0
x 0 0
x 0 0
x 0 0
x 0 0
x 0 0
x 0 0
#
# 
# Merged from harmonics.
# This data set was submitted by Jean-Pierre LaPointe
# (scipur@collegenotre-dame.qc.ca) 1996-11-29
# The source was the Table des Marees des Grands Ports du Monde, No. 540,
# from the Service Hydrographique et Oceanographique de la Marine - Paris,
# B.P. 426, 29275 Brest Cedex.
#
# 
# rel_pedigree: 1250000000 (Via LaPointe)
# BEGIN HOT COMMENTS
# country: Russia
# restriction: Non-commercial use only
# datum: LAT
# confidence: 10
# !units: meters
# !longitude: 164.5000
# !latitude: 62.3833
Mys Astronomicheski, Russia
+11:00 :Asia/Kamchatka
5.7000 meters
J1              0.1220  355.30
K1              2.5210  333.00
K2              0.0700  283.80
L2              0.0380  226.00
M1              0.1100  310.50
M2              1.3290  220.00
x 0 0
x 0 0
x 0 0
x 0 0
N2              0.2650  214.00
2N2             0.0350  208.00
O1              1.5490  288.00
OO1             0.0670   18.00
P1              0.8340  329.60
Q1              0.3230  282.00
2Q1             0.0400  243.40
R2              0.0020  281.40
x 0 0
S2              0.2560  279.00
x 0 0
x 0 0
T2              0.0150  276.60
LDA2            0.0090  247.40
MU2             0.0320  161.00
NU2             0.0510  214.80
RHO1            0.0590  268.70
x 0 0
x 0 0
x 0 0
x 0 0
x 0 0
x 0 0
x 0 0
x 0 0
x 0 0
x 0 0
x 0 0
x 0 0
x 0 0
x 0 0
x 0 0
x 0 0
x 0 0
x 0 0
x 0 0
x 0 0
x 0 0
x 0 0
x 0 0
x 0 0
x 0 0
x 0 0
x 0 0
x 0 0
x 0 0
x 0 0
x 0 0
x 0 0
x 0 0
x 0 0
x 0 0
x 0 0
x 0 0
x 0 0
x 0 0
x 0 0
x 0 0
x 0 0
x 0 0
x 0 0
x 0 0
x 0 0
x 0 0
x 0 0
x 0 0
x 0 0
x 0 0
x 0 0
x 0 0
x 0 0
x 0 0
x 0 0
x 0 0
x 0 0
x 0 0
x 0 0
x 0 0
x 0 0
x 0 0
x 0 0
x 0 0
x 0 0
x 0 0
x 0 0
x 0 0
x 0 0
x 0 0
#
# 
# Merged from harmonics.
# This data set was submitted by Jean-Pierre LaPointe
# (scipur@collegenotre-dame.qc.ca) 1996-11-29
# The source was the Table des Marees des Grands Ports du Monde, No. 540,
# from the Service Hydrographique et Oceanographique de la Marine - Paris,
# B.P. 426, 29275 Brest Cedex.
#
# 
# rel_pedigree: 1250000000 (Via LaPointe)
# BEGIN HOT COMMENTS
# country: Mozambique
# restriction: Non-commercial use only
# datum: MLLW
# confidence: 10
# !units: meters
# !longitude: 40.6833
# !latitude: -14.4667
Nacala, Moçambique
+02:00 :Africa/Maputo
2.2500 meters
J1              0.0060   33.50
K1              0.1090   32.00
K2              0.1590  134.30
L2              0.0230  116.00
M1              0.0060   30.50
M2              1.0350   90.00
x 0 0
M4              0.0050  207.00
x 0 0
x 0 0
N2              0.1630   64.00
2N2             0.0220   38.00
O1              0.0780   29.00
OO1             0.0030   35.00
P1              0.0360   31.80
Q1              0.0180    6.00
2Q1             0.0020   26.00
R2              0.0050  132.60
x 0 0
S2              0.5840  131.00
x 0 0
x 0 0
T2              0.0340  129.40
LDA2            0.0070  109.00
MU2             0.0250   49.00
NU2             0.0320   67.50
RHO1            0.0030   27.70
x 0 0
x 0 0
x 0 0
MS4             0.0040  280.00
x 0 0
x 0 0
x 0 0
x 0 0
x 0 0
x 0 0
x 0 0
x 0 0
x 0 0
x 0 0
x 0 0
x 0 0
x 0 0
x 0 0
x 0 0
x 0 0
x 0 0
x 0 0
x 0 0
x 0 0
x 0 0
x 0 0
x 0 0
x 0 0
x 0 0
x 0 0
x 0 0
x 0 0
x 0 0
x 0 0
x 0 0
x 0 0
x 0 0
x 0 0
x 0 0
x 0 0
x 0 0
x 0 0
x 0 0
x 0 0
x 0 0
x 0 0
x 0 0
x 0 0
x 0 0
x 0 0
x 0 0
x 0 0
x 0 0
x 0 0
x 0 0
x 0 0
x 0 0
x 0 0
x 0 0
x 0 0
x 0 0
x 0 0
x 0 0
x 0 0
x 0 0
x 0 0
x 0 0
x 0 0
x 0 0
x 0 0
x 0 0
#
# 
# Merged from harmonics.
# This data set was submitted by Jean-Pierre LaPointe
# (scipur@collegenotre-dame.qc.ca) 1996-11-29
# The source was the Table des Marees des Grands Ports du Monde, No. 540,
# from the Service Hydrographique et Oceanographique de la Marine - Paris,
# B.P. 426, 29275 Brest Cedex.
#
# 
# rel_pedigree: 1250000000 (Via LaPointe)
# BEGIN HOT COMMENTS
# country: India
# restriction: Non-commercial use only
# datum: LAT
# confidence: 10
# psmsl_id: 1308
# ssc_id: SSC-nagaa
# !units: meters
# !longitude: 79.8512
# !latitude: 10.7649
Nagapattinam, Tamil Nadu, India
+05:30 :Asia/Calcutta
0.3400 meters
J1              0.0020    5.40
K1              0.0670  350.00
K2              0.0220  291.00
L2              0.0070  266.00
M1              0.0020  334.50
M2              0.2160  251.00
x 0 0
M4              0.0070   78.00
x 0 0
x 0 0
N2              0.0480  236.00
2N2             0.0060  221.00
O1              0.0270  319.00
OO1             0.0010   21.00
P1              0.0220  347.70
Q1              0.0020  264.00
2Q1             0.0010  288.20
R2              0.0010  289.50
x 0 0
S2              0.0820  288.00
x 0 0
x 0 0
T2              0.0050  286.50
LDA2            0.0020  268.20
MU2             0.0050  214.00
NU2             0.0090  238.00
RHO1            0.0010  305.70
x 0 0
x 0 0
MN4             0.0090  119.00
MS4             0.0060  104.00
x 0 0
x 0 0
x 0 0
x 0 0
SA              0.1350  234.00
x 0 0
x 0 0
x 0 0
x 0 0
x 0 0
x 0 0
x 0 0
x 0 0
x 0 0
x 0 0
x 0 0
x 0 0
x 0 0
x 0 0
x 0 0
x 0 0
x 0 0
x 0 0
x 0 0
x 0 0
x 0 0
x 0 0
x 0 0
x 0 0
x 0 0
x 0 0
x 0 0
x 0 0
x 0 0
x 0 0
x 0 0
x 0 0
x 0 0
x 0 0
x 0 0
x 0 0
x 0 0
x 0 0
x 0 0
x 0 0
x 0 0
x 0 0
x 0 0
x 0 0
x 0 0
x 0 0
x 0 0
x 0 0
x 0 0
x 0 0
x 0 0
x 0 0
x 0 0
x 0 0
x 0 0
x 0 0
x 0 0
x 0 0
x 0 0
x 0 0
x 0 0
x 0 0
#
# 
# Merged from harmonics.
# This data set was submitted by Jean-Pierre LaPointe
# (scipur@collegenotre-dame.qc.ca) 1996-11-29
# The source was the Table des Marees des Grands Ports du Monde, No. 540,
# from the Service Hydrographique et Oceanographique de la Marine - Paris,
# B.P. 426, 29275 Brest Cedex.
#
# 
# rel_pedigree: 1250000000 (Via LaPointe)
# BEGIN HOT COMMENTS
# country: Japan
# restriction: Non-commercial use only
# datum: MLLW
# confidence: 10
# gloss_id: 81
# ioc_code: naha
# psmsl_id: 1151
# ptwc_code: naha
# ssc_id: SSC-naha
# uhslc_id: 355
# !units: meters
# !longitude: 127.6653
# !latitude: 26.2133
Naha, Okinawa, Japan
+09:00 :Asia/Tokyo
1.1800 meters
J1              0.0120  236.40
K1              0.2040  220.00
K2              0.0660  240.80
L2              0.0150  219.00
M1              0.0110  203.50
M2              0.5750  204.00
x 0 0
M4              0.0030  212.00
x 0 0
x 0 0
N2              0.1040  189.00
2N2             0.0140  174.00
O1              0.1570  187.00
OO1             0.0070  253.00
P1              0.0680  217.50
Q1              0.0310  173.00
2Q1             0.0040  154.30
R2              0.0020  239.40
x 0 0
S2              0.2430  238.00
x 0 0
x 0 0
T2              0.0140  236.60
LDA2            0.0040  219.80
MU2             0.0140  170.00
NU2             0.0200  191.00
RHO1            0.0060  172.80
x 0 0
x 0 0
x 0 0
MS4             0.0210  190.00
x 0 0
x 0 0
x 0 0
x 0 0
SA              0.1620  166.00
x 0 0
x 0 0
x 0 0
x 0 0
x 0 0
x 0 0
x 0 0
x 0 0
x 0 0
x 0 0
x 0 0
x 0 0
x 0 0
x 0 0
x 0 0
x 0 0
x 0 0
x 0 0
x 0 0
x 0 0
x 0 0
x 0 0
x 0 0
x 0 0
x 0 0
x 0 0
x 0 0
x 0 0
x 0 0
x 0 0
x 0 0
x 0 0
x 0 0
x 0 0
x 0 0
x 0 0
x 0 0
x 0 0
x 0 0
x 0 0
x 0 0
x 0 0
x 0 0
x 0 0
x 0 0
x 0 0
x 0 0
x 0 0
x 0 0
x 0 0
x 0 0
x 0 0
x 0 0
x 0 0
x 0 0
x 0 0
x 0 0
x 0 0
x 0 0
x 0 0
x 0 0
x 0 0
#
# 
# Merged from harmonics.
# This data set was submitted by Jean-Pierre LaPointe
# (scipur@collegenotre-dame.qc.ca) 1996-11-29
# The source was the Table des Marees des Grands Ports du Monde, No. 540,
# from the Service Hydrographique et Oceanographique de la Marine - Paris,
# B.P. 426, 29275 Brest Cedex.
#
# 
# rel_pedigree: 1250000000 (Via LaPointe)
# BEGIN HOT COMMENTS
# country: China
# restriction: Non-commercial use only
# datum: CD
# confidence: 10
# !units: meters
# !longitude: 110.6000
# !latitude: 20.9500
Naozhou Dao, China
+08:00 :Asia/Shanghai
1.9000 meters
J1              0.0310  332.80
K1              0.4400  314.00
K2              0.0950    4.90
L2              0.0220  318.00
M1              0.0280  295.00
M2              0.7880  313.00
x 0 0
x 0 0
x 0 0
x 0 0
N2              0.1520  308.00
2N2             0.0200  303.00
O1              0.3950  276.00
OO1             0.0170  352.00
P1              0.1460  311.20
Q1              0.0760  272.00
2Q1             0.0100  238.30
R2              0.0030    2.90
x 0 0
S2              0.3490    1.00
x 0 0
x 0 0
T2              0.0210  359.10
LDA2            0.0060  335.30
MU2             0.0190  265.00
NU2             0.0290  308.70
RHO1            0.0150  259.70
x 0 0
x 0 0
x 0 0
x 0 0
x 0 0
x 0 0
x 0 0
x 0 0
x 0 0
x 0 0
x 0 0
x 0 0
x 0 0
x 0 0
x 0 0
x 0 0
x 0 0
x 0 0
x 0 0
x 0 0
x 0 0
x 0 0
x 0 0
x 0 0
x 0 0
x 0 0
x 0 0
x 0 0
x 0 0
x 0 0
x 0 0
x 0 0
x 0 0
x 0 0
x 0 0
x 0 0
x 0 0
x 0 0
x 0 0
x 0 0
x 0 0
x 0 0
x 0 0
x 0 0
x 0 0
x 0 0
x 0 0
x 0 0
x 0 0
x 0 0
x 0 0
x 0 0
x 0 0
x 0 0
x 0 0
x 0 0
x 0 0
x 0 0
x 0 0
x 0 0
x 0 0
x 0 0
x 0 0
x 0 0
x 0 0
x 0 0
x 0 0
x 0 0
x 0 0
x 0 0
x 0 0
#
# 
# Merged from harmonics.admiralty.
# This data set contributed by Robert Chalmers
# (robert@nanguo.chalmers.com.au) 1996-05-16.
#
# 
# Port No. 	
# Port Name	
# Position	
# Time Zone	
# Chart Datum (m)
# Z0 Lat (m)	
#
# 
# Sorry, no coordinates.
#
# 
# rel_pedigree: 1125000000 (Via Chalmers)
# BEGIN HOT COMMENTS
# country: Australia
# restriction: Non-commercial use only
# datum: LAT
# confidence: 10
# bom_id: QLD-TP205
# !units: meters
# !longitude: 146.5000
# !latitude: -17.5333
Nathan Reef, Queensland, Australia
+10:00 :Australia/Brisbane
1.6100 meters
x 0 0
K1              0.2940  190.20
K2              0.0830  240.00
L2              0.0310  346.60
x 0 0
M2              0.5120  273.60
x 0 0
M4              0.0020  229.00
x 0 0
x 0 0
N2              0.2090  249.40
2N2             0.0280  237.20
O1              0.1480  151.10
x 0 0
P1              0.0880  185.30
Q1              0.0390  118.20
x 0 0
x 0 0
x 0 0
S2              0.3050  242.60
x 0 0
x 0 0
x 0 0
x 0 0
MU2             0.0560  232.50
NU2             0.0190  273.60
x 0 0
x 0 0
x 0 0
x 0 0
MS4             0.0020  120.80
x 0 0
x 0 0
x 0 0
x 0 0
SA              0.0960    1.30
SSA             0.0130   22.10
x 0 0
x 0 0
x 0 0
x 0 0
x 0 0
x 0 0
x 0 0
x 0 0
x 0 0
x 0 0
2MS6            0.0050   45.30
x 0 0
x 0 0
x 0 0
x 0 0
x 0 0
x 0 0
x 0 0
x 0 0
x 0 0
x 0 0
x 0 0
x 0 0
x 0 0
x 0 0
x 0 0
x 0 0
x 0 0
x 0 0
x 0 0
x 0 0
x 0 0
x 0 0
x 0 0
x 0 0
x 0 0
x 0 0
x 0 0
x 0 0
x 0 0
x 0 0
x 0 0
x 0 0
x 0 0
x 0 0
x 0 0
x 0 0
x 0 0
x 0 0
x 0 0
x 0 0
x 0 0
x 0 0
x 0 0
x 0 0
x 0 0
x 0 0
x 0 0
x 0 0
x 0 0
x 0 0
#
# 
# Merged from harmonics.
# This data set was submitted by Jean-Pierre LaPointe
# (scipur@collegenotre-dame.qc.ca) 1996-11-29
# The source was the Table des Marees des Grands Ports du Monde, No. 540,
# from the Service Hydrographique et Oceanographique de la Marine - Paris,
# B.P. 426, 29275 Brest Cedex.
#
# 
# rel_pedigree: 1250000000 (Via LaPointe)
# BEGIN HOT COMMENTS
# country: India
# restriction: Non-commercial use only
# datum: LAT
# confidence: 10
# !units: meters
# !longitude: 70.4441
# !latitude: 22.9592
Navlakhi, Gujarat, India
+05:30 :Asia/Calcutta
4.1500 meters
J1              0.0190  104.90
K1              0.5140   98.00
K2              0.1840  133.10
L2              0.0710   96.00
M1              0.0170   91.00
M2              2.4750   78.00
x 0 0
M4              0.2080   24.00
x 0 0
x 0 0
N2              0.4940   60.00
2N2             0.0660   42.00
O1              0.2410   84.00
OO1             0.0100  112.00
P1              0.1700   97.00
Q1              0.0530   78.00
2Q1             0.0060   70.10
R2              0.0050  131.00
x 0 0
S2              0.6760  129.00
x 0 0
x 0 0
T2              0.0400  127.00
LDA2            0.0170  101.70
MU2             0.0590   27.00
NU2             0.0960   62.40
RHO1            0.0090   78.00
x 0 0
x 0 0
MN4             0.1000    3.00
MS4             0.1250   72.00
x 0 0
x 0 0
x 0 0
x 0 0
SA              0.0770  101.00
x 0 0
x 0 0
x 0 0
x 0 0
x 0 0
x 0 0
x 0 0
x 0 0
x 0 0
x 0 0
x 0 0
x 0 0
x 0 0
x 0 0
x 0 0
x 0 0
x 0 0
x 0 0
x 0 0
x 0 0
x 0 0
x 0 0
x 0 0
x 0 0
x 0 0
x 0 0
x 0 0
x 0 0
x 0 0
x 0 0
x 0 0
x 0 0
x 0 0
x 0 0
x 0 0
x 0 0
x 0 0
x 0 0
x 0 0
x 0 0
x 0 0
x 0 0
x 0 0
x 0 0
x 0 0
x 0 0
x 0 0
x 0 0
x 0 0
x 0 0
x 0 0
x 0 0
x 0 0
x 0 0
x 0 0
x 0 0
x 0 0
x 0 0
x 0 0
x 0 0
x 0 0
x 0 0
#
# 
# Merged from harmonics.
# This data set was submitted by Jean-Pierre LaPointe
# (scipur@collegenotre-dame.qc.ca) 1996-11-29
# The source was the Table des Marees des Grands Ports du Monde, No. 540,
# from the Service Hydrographique et Oceanographique de la Marine - Paris,
# B.P. 426, 29275 Brest Cedex.
#
# 
# rel_pedigree: 1250000000 (Via LaPointe)
# BEGIN HOT COMMENTS
# country: Tonga
# restriction: Non-commercial use only
# datum: MLLW
# confidence: 10
# !units: meters
# !longitude: -173.9833
# !latitude: -18.6500
Neiafu, Vava'u Group, Tonga
+13:00 :Pacific/Tongatapu
0.8100 meters
J1              0.0030  248.00
K1              0.0580  242.00
K2              0.0200  207.90
L2              0.0250  250.00
M1              0.0030  236.00
M2              0.4360  196.00
x 0 0
M4              0.0030  171.00
x 0 0
x 0 0
N2              0.1770  142.00
2N2             0.0240   88.00
O1              0.0400  230.00
OO1             0.0020  254.00
P1              0.0190  241.10
Q1              0.0030  224.00
2Q1             0.0010  218.10
R2              0.0010  207.40
x 0 0
S2              0.0730  207.00
x 0 0
x 0 0
T2              0.0040  206.60
LDA2            0.0030  201.10
MU2             0.0100  185.00
NU2             0.0340  149.20
RHO1            0.0020  224.90
x 0 0
x 0 0
MN4             0.0030  207.00
MS4             0.0030  202.00
x 0 0
x 0 0
x 0 0
x 0 0
x 0 0
x 0 0
x 0 0
x 0 0
x 0 0
x 0 0
x 0 0
x 0 0
x 0 0
x 0 0
x 0 0
x 0 0
x 0 0
x 0 0
x 0 0
x 0 0
x 0 0
x 0 0
x 0 0
x 0 0
x 0 0
x 0 0
x 0 0
x 0 0
x 0 0
x 0 0
x 0 0
x 0 0
x 0 0
x 0 0
x 0 0
x 0 0
x 0 0
x 0 0
x 0 0
x 0 0
x 0 0
x 0 0
x 0 0
x 0 0
x 0 0
x 0 0
x 0 0
x 0 0
x 0 0
x 0 0
x 0 0
x 0 0
x 0 0
x 0 0
x 0 0
x 0 0
x 0 0
x 0 0
x 0 0
x 0 0
x 0 0
x 0 0
x 0 0
x 0 0
x 0 0
x 0 0
x 0 0
#
# 
# Merged from harmonics.
# This data set was submitted by Jean-Pierre LaPointe
# (scipur@collegenotre-dame.qc.ca) 1996-11-29
# The source was the Table des Marees des Grands Ports du Monde, No. 540,
# from the Service Hydrographique et Oceanographique de la Marine - Paris,
# B.P. 426, 29275 Brest Cedex.
#
# 
# rel_pedigree: 1250000000 (Via LaPointe)
# BEGIN HOT COMMENTS
# country: Antarctica
# restriction: Non-commercial use only
# datum: MLLW
# confidence: 10
# !units: meters
# !longitude: -62.5390
# !latitude: -64.8784
Neko Harbour, Antarctica
-03:00 :America/Buenos_Aires
1.2500 meters
J1              0.0250   57.90
K1              0.3330   51.00
K2              0.0550  315.60
L2              0.0040  284.00
M1              0.0230   44.00
M2              0.2830  228.00
x 0 0
M4              0.0070  286.00
x 0 0
x 0 0
N2              0.0250  172.00
2N2             0.0030  116.00
O1              0.3170   37.00
OO1             0.0140   65.00
P1              0.1100   50.00
x 0 0
2Q1             0.0080   23.10
R2              0.0020  312.20
x 0 0
S2              0.2040  309.00
x 0 0
x 0 0
T2              0.0120  305.80
LDA2            0.0020  265.60
MU2             0.0070  147.00
NU2             0.0050  179.50
RHO1            0.0120   31.00
x 0 0
x 0 0
x 0 0
MS4             0.0090  154.00
x 0 0
x 0 0
x 0 0
x 0 0
x 0 0
x 0 0
x 0 0
x 0 0
x 0 0
x 0 0
x 0 0
x 0 0
x 0 0
x 0 0
x 0 0
x 0 0
x 0 0
x 0 0
x 0 0
x 0 0
x 0 0
x 0 0
x 0 0
x 0 0
x 0 0
x 0 0
x 0 0
x 0 0
x 0 0
x 0 0
x 0 0
x 0 0
x 0 0
x 0 0
x 0 0
x 0 0
x 0 0
x 0 0
x 0 0
x 0 0
x 0 0
x 0 0
x 0 0
x 0 0
x 0 0
x 0 0
x 0 0
x 0 0
x 0 0
x 0 0
x 0 0
x 0 0
x 0 0
x 0 0
x 0 0
x 0 0
x 0 0
x 0 0
x 0 0
x 0 0
x 0 0
x 0 0
x 0 0
x 0 0
x 0 0
x 0 0
x 0 0
#
# 
# Merged from harmonics.
# This data set was submitted by Jean-Pierre LaPointe
# (scipur@collegenotre-dame.qc.ca) 1996-11-29
# The source was the Table des Marees des Grands Ports du Monde, No. 540,
# from the Service Hydrographique et Oceanographique de la Marine - Paris,
# B.P. 426, 29275 Brest Cedex.
#
# 
# rel_pedigree: 1250000000 (Via LaPointe)
# BEGIN HOT COMMENTS
# country: Suriname
# restriction: Non-commercial use only
# datum: MLLW
# confidence: 10
# !units: meters
# !longitude: -57.016336
# !latitude: 5.961047
Nieuw-Nickerie, Suriname
-03:30 :America/Paramaribo
1.8000 meters
J1              0.0080  194.50
K1              0.1080  192.00
K2              0.0970  153.90
L2              0.0300  142.00
M1              0.0070  189.50
M2              1.0140  129.00
x 0 0
M4              0.0330  170.00
x 0 0
x 0 0
N2              0.2070  116.00
2N2             0.0280  103.00
O1              0.1040  187.00
OO1             0.0040  197.00
P1              0.0360  191.60
Q1              0.0240  175.00
2Q1             0.0030  182.00
R2              0.0030  152.90
x 0 0
S2              0.3570  152.00
x 0 0
x 0 0
T2              0.0210  151.10
LDA2            0.0070  139.70
MU2             0.0240  106.00
NU2             0.0400  117.70
RHO1            0.0040  184.90
x 0 0
x 0 0
MN4             0.0180  148.00
MS4             0.0210  209.00
x 0 0
x 0 0
x 0 0
x 0 0
SA              0.0190  126.00
x 0 0
x 0 0
x 0 0
x 0 0
x 0 0
x 0 0
x 0 0
x 0 0
x 0 0
x 0 0
x 0 0
x 0 0
x 0 0
x 0 0
x 0 0
x 0 0
x 0 0
x 0 0
x 0 0
x 0 0
x 0 0
x 0 0
x 0 0
x 0 0
x 0 0
x 0 0
x 0 0
x 0 0
x 0 0
x 0 0
x 0 0
x 0 0
x 0 0
x 0 0
x 0 0
x 0 0
x 0 0
x 0 0
x 0 0
x 0 0
x 0 0
x 0 0
x 0 0
x 0 0
x 0 0
x 0 0
x 0 0
x 0 0
x 0 0
x 0 0
x 0 0
x 0 0
x 0 0
x 0 0
x 0 0
x 0 0
x 0 0
x 0 0
x 0 0
x 0 0
x 0 0
x 0 0
#
# 
# Merged from harmonics.
# This data set was submitted by Jean-Pierre LaPointe
# (scipur@collegenotre-dame.qc.ca) 1996-11-29
# The source was the Table des Marees des Grands Ports du Monde, No. 540,
# from the Service Hydrographique et Oceanographique de la Marine - Paris,
# B.P. 426, 29275 Brest Cedex.
#
# 
# rel_pedigree: 1250000000 (Via LaPointe)
# BEGIN HOT COMMENTS
# country: Mauritania
# restriction: Non-commercial use only
# datum: MLLW
# confidence: 10
# shom_code: NOUADHIBOU
# !units: meters
# !longitude: -17.0425
# !latitude: 20.9047
Nouadhibou, Mauritania
+00:00 :Africa/Nouakchott
1.0200 meters
J1              0.0020   39.30
K1              0.0600   14.00
K2              0.0650   31.80
L2              0.0150  341.00
M1              0.0010  348.50
M2              0.5500  341.00
x 0 0
x 0 0
x 0 0
x 0 0
N2              0.1060  341.00
2N2             0.0140  341.00
O1              0.0200  323.00
OO1             0.0010   65.00
P1              0.0200   10.20
x 0 0
2Q1             0.0010  272.40
R2              0.0020   29.90
x 0 0
S2              0.2400   28.00
x 0 0
x 0 0
T2              0.0140   26.10
LDA2            0.0040    2.80
MU2             0.0130  294.00
NU2             0.0210  341.00
RHO1            0.0010  301.10
x 0 0
x 0 0
x 0 0
x 0 0
x 0 0
x 0 0
x 0 0
x 0 0
x 0 0
x 0 0
x 0 0
x 0 0
x 0 0
x 0 0
x 0 0
x 0 0
x 0 0
x 0 0
x 0 0
x 0 0
x 0 0
x 0 0
x 0 0
x 0 0
x 0 0
x 0 0
x 0 0
x 0 0
x 0 0
x 0 0
x 0 0
x 0 0
x 0 0
x 0 0
x 0 0
x 0 0
x 0 0
x 0 0
x 0 0
x 0 0
x 0 0
x 0 0
x 0 0
x 0 0
x 0 0
x 0 0
x 0 0
x 0 0
x 0 0
x 0 0
x 0 0
x 0 0
x 0 0
x 0 0
x 0 0
x 0 0
x 0 0
x 0 0
x 0 0
x 0 0
x 0 0
x 0 0
x 0 0
x 0 0
x 0 0
x 0 0
x 0 0
x 0 0
x 0 0
x 0 0
x 0 0
#
# 
# Merged from harmonics.
# This data set was submitted by Jean-Pierre LaPointe
# (scipur@collegenotre-dame.qc.ca) 1996-11-29
# The source was the Table des Marees des Grands Ports du Monde, No. 540,
# from the Service Hydrographique et Oceanographique de la Marine - Paris,
# B.P. 426, 29275 Brest Cedex.
#
# 
# rel_pedigree: 1250000000 (Via LaPointe)
# BEGIN HOT COMMENTS
# country: Tonga
# restriction: Non-commercial use only
# datum: MLLW
# confidence: 10
# gloss_id: 125
# ioc_code: nkfa, nkfa2
# psmsl_id: 1770, 1842
# ptwc_code: nkf2, nkfa
# ssc_id: SSC-nkfa
# uhslc_id: 38
# !units: meters
# !longitude: -175.1967
# !latitude: -21.1303
Nuku'alofa, Tonga
+13:00 :Pacific/Tongatapu
0.7600 meters
J1              0.0040  250.90
K1              0.0760  240.00
K2              0.0170  265.10
L2              0.0220  239.00
M1              0.0030  229.00
M2              0.5240  210.00
x 0 0
M4              0.0060  173.00
x 0 0
x 0 0
N2              0.1550  181.00
2N2             0.0210  152.00
O1              0.0460  218.00
OO1             0.0020  262.00
P1              0.0250  238.40
Q1              0.0090  207.00
2Q1             0.0010  196.20
R2              0.0010  263.00
x 0 0
S2              0.0640  261.00
x 0 0
x 0 0
T2              0.0040  259.00
LDA2            0.0040  233.70
MU2             0.0130  159.00
NU2             0.0300  184.90
RHO1            0.0020  208.60
x 0 0
x 0 0
MN4             0.0060  199.00
MS4             0.0060   40.00
x 0 0
x 0 0
x 0 0
x 0 0
x 0 0
x 0 0
x 0 0
x 0 0
x 0 0
x 0 0
x 0 0
x 0 0
x 0 0
x 0 0
x 0 0
x 0 0
x 0 0
x 0 0
x 0 0
x 0 0
x 0 0
x 0 0
x 0 0
x 0 0
x 0 0
x 0 0
x 0 0
x 0 0
x 0 0
x 0 0
x 0 0
x 0 0
x 0 0
x 0 0
x 0 0
x 0 0
x 0 0
x 0 0
x 0 0
x 0 0
x 0 0
x 0 0
x 0 0
x 0 0
x 0 0
x 0 0
x 0 0
x 0 0
x 0 0
x 0 0
x 0 0
x 0 0
x 0 0
x 0 0
x 0 0
x 0 0
x 0 0
x 0 0
x 0 0
x 0 0
x 0 0
x 0 0
x 0 0
x 0 0
x 0 0
x 0 0
x 0 0
#
# 
# Merged from harmonics.
# This data set was submitted by Jean-Pierre LaPointe
# (scipur@collegenotre-dame.qc.ca) 1996-11-29
# The source was the Table des Marees des Grands Ports du Monde, No. 540,
# from the Service Hydrographique et Oceanographique de la Marine - Paris,
# B.P. 426, 29275 Brest Cedex.
#
# 
# rel_pedigree: 1250000000 (Via LaPointe)
# BEGIN HOT COMMENTS
# country: New Zealand
# restriction: Non-commercial use only
# datum: MLLW
# confidence: 10
# linz_station_id: 1164
# !units: meters
# !longitude: 170.9750
# !latitude: -45.1056
Oamaru, New Zealand
+12:00 :Pacific/Auckland
1.2800 meters
J1              0.0020  150.40
K1              0.0300   79.00
K2              0.0320   89.00
L2              0.0210  139.00
M1              0.0020    7.00
M2              0.6710   89.00
x 0 0
M4              0.0030   10.00
x 0 0
x 0 0
N2              0.1490   39.00
2N2             0.0200  349.00
O1              0.0240  295.00
OO1             0.0010  223.00
P1              0.0100   68.20
x 0 0
2Q1             0.0010  152.20
R2              0.0010   89.00
x 0 0
S2              0.1190   89.00
x 0 0
x 0 0
T2              0.0070   89.00
LDA2            0.0050   89.00
MU2             0.0160   89.00
NU2             0.0290   45.70
RHO1            0.0010  233.20
x 0 0
x 0 0
x 0 0
MS4             0.0060  250.00
x 0 0
x 0 0
x 0 0
x 0 0
x 0 0
x 0 0
x 0 0
x 0 0
x 0 0
x 0 0
x 0 0
x 0 0
x 0 0
x 0 0
x 0 0
x 0 0
x 0 0
x 0 0
x 0 0
x 0 0
x 0 0
x 0 0
x 0 0
x 0 0
x 0 0
x 0 0
x 0 0
x 0 0
x 0 0
x 0 0
x 0 0
x 0 0
x 0 0
x 0 0
x 0 0
x 0 0
x 0 0
x 0 0
x 0 0
x 0 0
x 0 0
x 0 0
x 0 0
x 0 0
x 0 0
x 0 0
x 0 0
x 0 0
x 0 0
x 0 0
x 0 0
x 0 0
x 0 0
x 0 0
x 0 0
x 0 0
x 0 0
x 0 0
x 0 0
x 0 0
x 0 0
x 0 0
x 0 0
x 0 0
x 0 0
x 0 0
x 0 0
#
# 
# Merged from harmonics.
# This data set was submitted by Jean-Pierre LaPointe
# (scipur@collegenotre-dame.qc.ca) 1996-11-29
# The source was the Table des Marees des Grands Ports du Monde, No. 540,
# from the Service Hydrographique et Oceanographique de la Marine - Paris,
# B.P. 426, 29275 Brest Cedex.
#
# 
# rel_pedigree: 1250000000 (Via LaPointe)
# BEGIN HOT COMMENTS
# country: United Kingdom
# restriction: Non-commercial use only
# datum: ACD
# confidence: 10
# !units: meters
# !longitude: -5.4807
# !latitude: 56.4116
Oban, Scotland, United Kingdom
+00:00 :Europe/London
2.4000 meters
J1              0.0050  254.90
K1              0.0690  182.00
K2              0.1250  204.70
L2              0.0290  164.00
M1              0.0050  108.50
M2              1.0690  155.00
x 0 0
M4              0.0360  153.00
x 0 0
x 0 0
N2              0.2030  146.00
2N2             0.0270  137.00
O1              0.0690   35.00
OO1             0.0030  329.00
P1              0.0230  171.00
Q1              0.0210  326.00
2Q1             0.0020  249.20
R2              0.0040  202.80
x 0 0
S2              0.4580  201.00
x 0 0
x 0 0
T2              0.0270  199.20
LDA2            0.0070  176.30
MU2             0.0260  109.00
NU2             0.0390  147.20
RHO1            0.0030  331.90
x 0 0
x 0 0
MN4             0.0190   88.00
MS4             0.0190  170.00
x 0 0
x 0 0
x 0 0
x 0 0
SA              0.0780  263.00
x 0 0
x 0 0
x 0 0
x 0 0
x 0 0
x 0 0
x 0 0
x 0 0
x 0 0
x 0 0
x 0 0
x 0 0
x 0 0
x 0 0
x 0 0
x 0 0
x 0 0
x 0 0
x 0 0
x 0 0
x 0 0
x 0 0
x 0 0
x 0 0
x 0 0
x 0 0
x 0 0
x 0 0
x 0 0
x 0 0
x 0 0
x 0 0
x 0 0
x 0 0
x 0 0
x 0 0
x 0 0
x 0 0
x 0 0
x 0 0
x 0 0
x 0 0
x 0 0
x 0 0
x 0 0
x 0 0
x 0 0
x 0 0
x 0 0
x 0 0
x 0 0
x 0 0
x 0 0
x 0 0
x 0 0
x 0 0
x 0 0
x 0 0
x 0 0
x 0 0
x 0 0
x 0 0
#
# 
# Merged from harmonics.
# This data set was submitted by Jean-Pierre LaPointe
# (scipur@collegenotre-dame.qc.ca) 1996-11-29
# The source was the Table des Marees des Grands Ports du Monde, No. 540,
# from the Service Hydrographique et Oceanographique de la Marine - Paris,
# B.P. 426, 29275 Brest Cedex.
#
# 
# rel_pedigree: 1250000000 (Via LaPointe)
# BEGIN HOT COMMENTS
# country: Somalia
# restriction: Non-commercial use only
# datum: MLLW
# confidence: 10
# !units: meters
# !longitude: 48.52985
# !latitude: 5.34924
Hobyo, Somalia 
+03:00 :Africa/Mogadishu
0.7900 meters
J1              0.0090   54.90
K1              0.3280   48.00
K2              0.1010  158.80
L2              0.0080  134.00
M1              0.0080   41.00
M2              0.4270  108.00
x 0 0
x 0 0
x 0 0
x 0 0
N2              0.0580   82.00
2N2             0.0080   56.00
O1              0.1120   34.00
OO1             0.0050   62.00
P1              0.1090   47.00
x 0 0
2Q1             0.0030   20.10
R2              0.0030  156.90
x 0 0
S2              0.3720  155.00
x 0 0
x 0 0
T2              0.0220  153.10
LDA2            0.0030  129.80
MU2             0.0100   61.00
NU2             0.0110   85.50
RHO1            0.0040   28.00
x 0 0
x 0 0
x 0 0
x 0 0
x 0 0
x 0 0
x 0 0
x 0 0
x 0 0
x 0 0
x 0 0
x 0 0
x 0 0
x 0 0
x 0 0
x 0 0
x 0 0
x 0 0
x 0 0
x 0 0
x 0 0
x 0 0
x 0 0
x 0 0
x 0 0
x 0 0
x 0 0
x 0 0
x 0 0
x 0 0
x 0 0
x 0 0
x 0 0
x 0 0
x 0 0
x 0 0
x 0 0
x 0 0
x 0 0
x 0 0
x 0 0
x 0 0
x 0 0
x 0 0
x 0 0
x 0 0
x 0 0
x 0 0
x 0 0
x 0 0
x 0 0
x 0 0
x 0 0
x 0 0
x 0 0
x 0 0
x 0 0
x 0 0
x 0 0
x 0 0
x 0 0
x 0 0
x 0 0
x 0 0
x 0 0
x 0 0
x 0 0
x 0 0
x 0 0
x 0 0
x 0 0
#
# 
# Merged from harmonics.
# This data set was submitted by Jean-Pierre LaPointe
# (scipur@collegenotre-dame.qc.ca) 1996-11-29
# The source was the Table des Marees des Grands Ports du Monde, No. 540,
# from the Service Hydrographique et Oceanographique de la Marine - Paris,
# B.P. 426, 29275 Brest Cedex.
#
# 
# rel_pedigree: 1250000000 (Via LaPointe)
# BEGIN HOT COMMENTS
# country: South Korea
# restriction: Non-commercial use only
# datum: ALLW (approx.)
# confidence: 10
# !units: meters
# !longitude: 125.9833
# !latitude: 36.1167
Ochong Do, South Korea
+09:00 :Asia/Seoul
3.1000 meters
J1              0.0200  313.30
K1              0.3300  289.00
K2              0.1710  134.30
L2              0.0490  110.00
M1              0.0180  264.50
M2              1.7900   90.00
x 0 0
x 0 0
x 0 0
x 0 0
N2              0.3400   70.00
2N2             0.0450   50.00
O1              0.2500  240.00
OO1             0.0110  338.00
P1              0.1090  285.30
Q1              0.0470  220.00
2Q1             0.0070  191.40
R2              0.0050  132.60
x 0 0
S2              0.6300  131.00
x 0 0
x 0 0
T2              0.0370  129.40
LDA2            0.0130  109.00
MU2             0.0430   49.00
NU2             0.0660   72.70
RHO1            0.0100  219.00
x 0 0
x 0 0
x 0 0
x 0 0
x 0 0
x 0 0
x 0 0
x 0 0
x 0 0
x 0 0
x 0 0
x 0 0
x 0 0
x 0 0
x 0 0
x 0 0
x 0 0
x 0 0
x 0 0
x 0 0
x 0 0
x 0 0
x 0 0
x 0 0
x 0 0
x 0 0
x 0 0
x 0 0
x 0 0
x 0 0
x 0 0
x 0 0
x 0 0
x 0 0
x 0 0
x 0 0
x 0 0
x 0 0
x 0 0
x 0 0
x 0 0
x 0 0
x 0 0
x 0 0
x 0 0
x 0 0
x 0 0
x 0 0
x 0 0
x 0 0
x 0 0
x 0 0
x 0 0
x 0 0
x 0 0
x 0 0
x 0 0
x 0 0
x 0 0
x 0 0
x 0 0
x 0 0
x 0 0
x 0 0
x 0 0
x 0 0
x 0 0
x 0 0
x 0 0
x 0 0
x 0 0
#
# 
# Merged from harmonics.
# This data set was submitted by Jean-Pierre LaPointe
# (scipur@collegenotre-dame.qc.ca) 1996-11-29
# The source was the Table des Marees des Grands Ports du Monde, No. 540,
# from the Service Hydrographique et Oceanographique de la Marine - Paris,
# B.P. 426, 29275 Brest Cedex.
#
# 
# rel_pedigree: 1250000000 (Via LaPointe)
# BEGIN HOT COMMENTS
# country: India
# restriction: Non-commercial use only
# datum: LAT
# confidence: 10
# psmsl_id: 1395
# ssc_id: SSC-okha
# !units: meters
# !longitude: 69.0798
# !latitude: 22.4688
Okha, Gujarat, India
+05:30 :Asia/Calcutta
2.0400 meters
J1              0.0170  113.00
K1              0.4350  111.00
K2              0.0960  131.80
L2              0.0370  121.00
M1              0.0150  109.00
M2              1.1170   94.00
x 0 0
M4              0.0370  321.00
x 0 0
x 0 0
N2              0.2580   67.00
2N2             0.0340   40.00
O1              0.2140  107.00
OO1             0.0090  115.00
P1              0.1440  110.70
Q1              0.0490  102.00
2Q1             0.0060  103.00
R2              0.0030  130.40
x 0 0
S2              0.3520  129.00
x 0 0
x 0 0
T2              0.0210  127.60
LDA2            0.0080  110.20
MU2             0.0270   59.00
NU2             0.0500   70.60
RHO1            0.0080  105.30
x 0 0
x 0 0
MN4             0.0210  293.00
MS4             0.0140  336.00
x 0 0
x 0 0
x 0 0
x 0 0
SA              0.0310  170.00
x 0 0
x 0 0
x 0 0
x 0 0
x 0 0
x 0 0
x 0 0
x 0 0
x 0 0
x 0 0
x 0 0
x 0 0
x 0 0
x 0 0
x 0 0
x 0 0
x 0 0
x 0 0
x 0 0
x 0 0
x 0 0
x 0 0
x 0 0
x 0 0
x 0 0
x 0 0
x 0 0
x 0 0
x 0 0
x 0 0
x 0 0
x 0 0
x 0 0
x 0 0
x 0 0
x 0 0
x 0 0
x 0 0
x 0 0
x 0 0
x 0 0
x 0 0
x 0 0
x 0 0
x 0 0
x 0 0
x 0 0
x 0 0
x 0 0
x 0 0
x 0 0
x 0 0
x 0 0
x 0 0
x 0 0
x 0 0
x 0 0
x 0 0
x 0 0
x 0 0
x 0 0
x 0 0
#
# 
# Merged from harmonics.
# This data set was submitted by Jean-Pierre LaPointe
# (scipur@collegenotre-dame.qc.ca) 1996-11-29
# The source was the Table des Marees des Grands Ports du Monde, No. 540,
# from the Service Hydrographique et Oceanographique de la Marine - Paris,
# B.P. 426, 29275 Brest Cedex.
#
# 
# rel_pedigree: 1250000000 (Via LaPointe)
# BEGIN HOT COMMENTS
# country: Japan
# restriction: Non-commercial use only
# datum: MLLW
# confidence: 10
# !units: meters
# !longitude: 133.1928
# !latitude: 34.4030
Onomichi, Hiroshima, Japan
+09:00 :Asia/Tokyo
2.0000 meters
J1              0.0180  254.40
K1              0.3200  238.00
K2              0.1060    0.40
L2              0.0240  327.00
M1              0.0160  221.50
M2              1.0490  315.00
x 0 0
M4              0.0110  261.00
x 0 0
x 0 0
N2              0.1700  303.00
2N2             0.0230  291.00
O1              0.2300  205.00
OO1             0.0100  271.00
P1              0.1060  235.50
Q1              0.0430  193.00
2Q1             0.0060  172.30
R2              0.0030  358.70
x 0 0
S2              0.3890  357.00
x 0 0
x 0 0
T2              0.0230  355.30
LDA2            0.0070  334.50
MU2             0.0250  273.00
NU2             0.0330  304.60
RHO1            0.0090  190.80
x 0 0
x 0 0
MN4             0.0030  233.00
MS4             0.0090  298.00
x 0 0
x 0 0
x 0 0
x 0 0
SA              0.1600  141.00
x 0 0
x 0 0
x 0 0
x 0 0
x 0 0
x 0 0
x 0 0
x 0 0
x 0 0
x 0 0
x 0 0
x 0 0
x 0 0
x 0 0
x 0 0
x 0 0
x 0 0
x 0 0
x 0 0
x 0 0
x 0 0
x 0 0
x 0 0
x 0 0
x 0 0
x 0 0
x 0 0
x 0 0
x 0 0
x 0 0
x 0 0
x 0 0
x 0 0
x 0 0
x 0 0
x 0 0
x 0 0
x 0 0
x 0 0
x 0 0
x 0 0
x 0 0
x 0 0
x 0 0
x 0 0
x 0 0
x 0 0
x 0 0
x 0 0
x 0 0
x 0 0
x 0 0
x 0 0
x 0 0
x 0 0
x 0 0
x 0 0
x 0 0
x 0 0
x 0 0
x 0 0
x 0 0
#
# 
# Merged from harmonics.
# This data set was submitted by Jean-Pierre LaPointe
# (scipur@collegenotre-dame.qc.ca) 1996-11-29
# The source was the Table des Marees des Grands Ports du Monde, No. 540,
# from the Service Hydrographique et Oceanographique de la Marine - Paris,
# B.P. 426, 29275 Brest Cedex.
#
# 
# rel_pedigree: 1250000000 (Via LaPointe)
# BEGIN HOT COMMENTS
# country: Chile
# restriction: Non-commercial use only
# datum: MLLW
# confidence: 10
# !units: meters
# !longitude: -68.0388
# !latitude: -55.5305
Orange Bay (Bahía Orange), Cape Horn, Chile
-04:00 :America/Santiago
1.3500 meters
J1              0.0140   66.30
K1              0.2160   44.00
K2              0.0250  153.20
L2              0.0210  160.00
M1              0.0130   21.50
M2              0.5890  124.00
x 0 0
M4              0.0050  237.00
x 0 0
x 0 0
N2              0.1500   88.00
2N2             0.0200   52.00
O1              0.1790  359.00
OO1             0.0080   89.00
P1              0.0710   40.60
Q1              0.0350  337.00
2Q1             0.0050  314.40
R2              0.0010  152.10
x 0 0
S2              0.0920  151.00
x 0 0
x 0 0
T2              0.0050  149.90
LDA2            0.0040  136.50
MU2             0.0140   97.00
NU2             0.0290   92.80
RHO1            0.0070  339.70
x 0 0
x 0 0
x 0 0
x 0 0
x 0 0
x 0 0
x 0 0
x 0 0
SA              0.0480   92.00
x 0 0
x 0 0
x 0 0
x 0 0
x 0 0
x 0 0
x 0 0
x 0 0
x 0 0
x 0 0
x 0 0
x 0 0
x 0 0
x 0 0
x 0 0
x 0 0
x 0 0
x 0 0
x 0 0
x 0 0
x 0 0
x 0 0
x 0 0
x 0 0
x 0 0
x 0 0
x 0 0
x 0 0
x 0 0
x 0 0
x 0 0
x 0 0
x 0 0
x 0 0
x 0 0
x 0 0
x 0 0
x 0 0
x 0 0
x 0 0
x 0 0
x 0 0
x 0 0
x 0 0
x 0 0
x 0 0
x 0 0
x 0 0
x 0 0
x 0 0
x 0 0
x 0 0
x 0 0
x 0 0
x 0 0
x 0 0
x 0 0
x 0 0
x 0 0
x 0 0
x 0 0
x 0 0
#
# 
# Merged from harmonics.
# This data set was submitted by Jean-Pierre LaPointe
# (scipur@collegenotre-dame.qc.ca) 1996-11-29
# The source was the Table des Marees des Grands Ports du Monde, No. 540,
# from the Service Hydrographique et Oceanographique de la Marine - Paris,
# B.P. 426, 29275 Brest Cedex.
#
# 
# rel_pedigree: 1250000000 (Via LaPointe)
# BEGIN HOT COMMENTS
# country: Russia
# restriction: Non-commercial use only
# datum: LAT
# confidence: 10
# !units: meters
# !longitude: 153.2669
# !latitude: 48.0841
Ostrov Mamya, Kuril Islands, Russia
+11:00 :Asia/Magadan
0.7800 meters
J1              0.0190  214.80
K1              0.2900  192.00
K2              0.0190  199.80
L2              0.0050  143.00
M1              0.0170  169.00
M2              0.1800  123.00
x 0 0
x 0 0
x 0 0
x 0 0
N2              0.0340  103.00
2N2             0.0050   83.00
O1              0.2400  146.00
OO1             0.0100  238.00
P1              0.0960  188.60
Q1              0.0460  126.00
2Q1             0.0060  100.40
R2              0.0010  196.80
x 0 0
S2              0.0700  194.00
x 0 0
x 0 0
T2              0.0040  191.20
LDA2            0.0010  155.90
MU2             0.0040   52.00
NU2             0.0070  105.70
RHO1            0.0090  126.30
x 0 0
x 0 0
x 0 0
x 0 0
x 0 0
x 0 0
x 0 0
x 0 0
x 0 0
x 0 0
x 0 0
x 0 0
x 0 0
x 0 0
x 0 0
x 0 0
x 0 0
x 0 0
x 0 0
x 0 0
x 0 0
x 0 0
x 0 0
x 0 0
x 0 0
x 0 0
x 0 0
x 0 0
x 0 0
x 0 0
x 0 0
x 0 0
x 0 0
x 0 0
x 0 0
x 0 0
x 0 0
x 0 0
x 0 0
x 0 0
x 0 0
x 0 0
x 0 0
x 0 0
x 0 0
x 0 0
x 0 0
x 0 0
x 0 0
x 0 0
x 0 0
x 0 0
x 0 0
x 0 0
x 0 0
x 0 0
x 0 0
x 0 0
x 0 0
x 0 0
x 0 0
x 0 0
x 0 0
x 0 0
x 0 0
x 0 0
x 0 0
x 0 0
x 0 0
x 0 0
x 0 0
#
# 
# Merged from harmonics.
# This data set was submitted by Jean-Pierre LaPointe
# (scipur@collegenotre-dame.qc.ca) 1996-11-29
# The source was the Table des Marees des Grands Ports du Monde, No. 540,
# from the Service Hydrographique et Oceanographique de la Marine - Paris,
# B.P. 426, 29275 Brest Cedex.
#
# 
# rel_pedigree: 1250000000 (Via LaPointe)
# BEGIN HOT COMMENTS
# country: United Kingdom
# restriction: Non-commercial use only
# datum: ACD
# confidence: 10
# !units: meters
# !longitude: -0.7517
# !latitude: 60.4227
Out Skerries (Shetlands), Scotland, United Kingdom
+00:00 :Europe/London
0.9800 meters
J1              0.0060  229.50
K1              0.1010  166.00
K2              0.0630  335.50
L2              0.0180  324.00
M1              0.0060  102.00
M2              0.6580  302.00
x 0 0
M4              0.0120  252.00
x 0 0
x 0 0
N2              0.1250  280.00
2N2             0.0170  258.00
O1              0.0820   38.00
OO1             0.0040  294.00
P1              0.0330  156.40
x 0 0
2Q1             0.0020  271.00
R2              0.0020  334.20
x 0 0
S2              0.2320  333.00
x 0 0
x 0 0
T2              0.0140  331.80
LDA2            0.0050  316.40
MU2             0.0160  271.00
NU2             0.0240  282.90
RHO1            0.0030  343.10
x 0 0
x 0 0
x 0 0
MS4             0.0090   11.00
x 0 0
x 0 0
x 0 0
x 0 0
x 0 0
x 0 0
x 0 0
x 0 0
x 0 0
x 0 0
x 0 0
x 0 0
x 0 0
x 0 0
x 0 0
x 0 0
x 0 0
x 0 0
x 0 0
x 0 0
x 0 0
x 0 0
x 0 0
x 0 0
x 0 0
x 0 0
x 0 0
x 0 0
x 0 0
x 0 0
x 0 0
x 0 0
x 0 0
x 0 0
x 0 0
x 0 0
x 0 0
x 0 0
x 0 0
x 0 0
x 0 0
x 0 0
x 0 0
x 0 0
x 0 0
x 0 0
x 0 0
x 0 0
x 0 0
x 0 0
x 0 0
x 0 0
x 0 0
x 0 0
x 0 0
x 0 0
x 0 0
x 0 0
x 0 0
x 0 0
x 0 0
x 0 0
x 0 0
x 0 0
x 0 0
x 0 0
x 0 0
#
# 
# Merged from harmonics.
# This data set was submitted by Jean-Pierre LaPointe
# (scipur@collegenotre-dame.qc.ca) 1996-11-29
# The source was the Table des Marees des Grands Ports du Monde, No. 540,
# from the Service Hydrographique et Oceanographique de la Marine - Paris,
# B.P. 426, 29275 Brest Cedex.
#
# 
# rel_pedigree: 1250000000 (Via LaPointe)
# BEGIN HOT COMMENTS
# country: India
# restriction: Non-commercial use only
# datum: LAT
# confidence: 10
# !units: meters
# !longitude: 79.2054
# !latitude: 9.2792
Pamban Pass, Tamil Nadu, India
+05:30 :Asia/Calcutta
0.4100 meters
J1              0.0030   57.00
K1              0.0910   53.00
K2              0.0300  105.10
L2              0.0040   75.00
M1              0.0030   49.00
M2              0.1730   50.00
x 0 0
M4              0.0040  187.00
x 0 0
x 0 0
N2              0.0250   25.00
2N2             0.0030    0.00
O1              0.0360   45.00
OO1             0.0020   61.00
P1              0.0300   52.40
Q1              0.0040   93.00
2Q1             0.0010   37.10
R2              0.0010  103.00
x 0 0
S2              0.1110  101.00
x 0 0
x 0 0
T2              0.0070   99.00
LDA2            0.0010   73.70
MU2             0.0040  359.00
NU2             0.0050   28.40
RHO1            0.0010   41.60
x 0 0
x 0 0
MN4             0.0030   43.00
MS4             0.0060  301.00
x 0 0
x 0 0
x 0 0
x 0 0
SA              0.0440  303.00
x 0 0
x 0 0
x 0 0
x 0 0
x 0 0
x 0 0
x 0 0
x 0 0
x 0 0
x 0 0
x 0 0
x 0 0
x 0 0
x 0 0
x 0 0
x 0 0
x 0 0
x 0 0
x 0 0
x 0 0
x 0 0
x 0 0
x 0 0
x 0 0
x 0 0
x 0 0
x 0 0
x 0 0
x 0 0
x 0 0
x 0 0
x 0 0
x 0 0
x 0 0
x 0 0
x 0 0
x 0 0
x 0 0
x 0 0
x 0 0
x 0 0
x 0 0
x 0 0
x 0 0
x 0 0
x 0 0
x 0 0
x 0 0
x 0 0
x 0 0
x 0 0
x 0 0
x 0 0
x 0 0
x 0 0
x 0 0
x 0 0
x 0 0
x 0 0
x 0 0
x 0 0
x 0 0
#
# 
# Merged from harmonics.
# This data set was submitted by Jean-Pierre LaPointe
# (scipur@collegenotre-dame.qc.ca) 1996-11-29
# The source was the Table des Marees des Grands Ports du Monde, No. 540,
# from the Service Hydrographique et Oceanographique de la Marine - Paris,
# B.P. 426, 29275 Brest Cedex.
#
# 
# rel_pedigree: 1250000000 (Via LaPointe)
# BEGIN HOT COMMENTS
# country: India
# restriction: Non-commercial use only
# datum: LAT
# confidence: 10
# ioc_code: para, para1
# psmsl_id: 2161
# ptwc_code: para
# ssc_id: SSC-para
# !units: meters
# !longitude: 86.6788
# !latitude: 20.2681
Paradeep, Odisha, India
+05:30 :Asia/Calcutta
1.6600 meters
J1              0.0040  331.00
K1              0.1240  326.00
K2              0.0760  270.90
L2              0.0190  244.00
M1              0.0030  321.00
M2              0.6220  232.00
x 0 0
M4              0.0040  300.00
x 0 0
x 0 0
N2              0.1310  220.00
2N2             0.0170  208.00
O1              0.0490  316.00
OO1             0.0020  336.00
P1              0.0410  325.30
Q1              0.0030    1.00
2Q1             0.0010  306.10
R2              0.0020  269.40
x 0 0
S2              0.2790  268.00
x 0 0
x 0 0
T2              0.0160  266.60
LDA2            0.0040  248.70
MU2             0.0150  196.00
NU2             0.0250  221.60
RHO1            0.0020  311.70
x 0 0
x 0 0
MN4             0.0020  288.00
MS4             0.0010  292.00
x 0 0
x 0 0
x 0 0
x 0 0
SA              0.1510  174.00
x 0 0
x 0 0
x 0 0
x 0 0
x 0 0
x 0 0
x 0 0
x 0 0
x 0 0
x 0 0
x 0 0
x 0 0
x 0 0
x 0 0
x 0 0
x 0 0
x 0 0
x 0 0
x 0 0
x 0 0
x 0 0
x 0 0
x 0 0
x 0 0
x 0 0
x 0 0
x 0 0
x 0 0
x 0 0
x 0 0
x 0 0
x 0 0
x 0 0
x 0 0
x 0 0
x 0 0
x 0 0
x 0 0
x 0 0
x 0 0
x 0 0
x 0 0
x 0 0
x 0 0
x 0 0
x 0 0
x 0 0
x 0 0
x 0 0
x 0 0
x 0 0
x 0 0
x 0 0
x 0 0
x 0 0
x 0 0
x 0 0
x 0 0
x 0 0
x 0 0
x 0 0
x 0 0
#
# 
# Merged from harmonics.
# This data set was submitted by Jean-Pierre LaPointe
# (scipur@collegenotre-dame.qc.ca) 1996-11-29
# The source was the Table des Marees des Grands Ports du Monde, No. 540,
# from the Service Hydrographique et Oceanographique de la Marine - Paris,
# B.P. 426, 29275 Brest Cedex.
#
# 
# rel_pedigree: 1250000000 (Via LaPointe)
# BEGIN HOT COMMENTS
# country: Suriname
# restriction: Non-commercial use only
# datum: MLLW
# confidence: 10
# !units: meters
# !longitude: -55.143977
# !latitude: 5.826865
Paramaribo, Suriname
-03:30 :America/Paramaribo
1.5000 meters
J1              0.0060  221.00
K1              0.0980  217.00
K2              0.0610  185.10
L2              0.0210  170.00
M1              0.0050  213.00
M2              0.8180  157.00
x 0 0
M4              0.0720  243.00
x 0 0
x 0 0
N2              0.1460  144.00
2N2             0.0190  131.00
O1              0.0760  209.00
OO1             0.0030  225.00
P1              0.0320  216.40
Q1              0.0130  212.00
2Q1             0.0020  201.10
R2              0.0020  184.00
x 0 0
S2              0.2250  183.00
x 0 0
x 0 0
T2              0.0130  182.00
LDA2            0.0060  169.10
MU2             0.0200  131.00
NU2             0.0280  145.70
RHO1            0.0030  205.60
x 0 0
x 0 0
MN4             0.0250  228.00
MS4             0.0500  273.00
x 0 0
x 0 0
x 0 0
x 0 0
SA              0.0290   75.00
x 0 0
x 0 0
x 0 0
x 0 0
x 0 0
x 0 0
x 0 0
x 0 0
x 0 0
x 0 0
x 0 0
x 0 0
x 0 0
x 0 0
x 0 0
x 0 0
x 0 0
x 0 0
x 0 0
x 0 0
x 0 0
x 0 0
x 0 0
x 0 0
x 0 0
x 0 0
x 0 0
x 0 0
x 0 0
x 0 0
x 0 0
x 0 0
x 0 0
x 0 0
x 0 0
x 0 0
x 0 0
x 0 0
x 0 0
x 0 0
x 0 0
x 0 0
x 0 0
x 0 0
x 0 0
x 0 0
x 0 0
x 0 0
x 0 0
x 0 0
x 0 0
x 0 0
x 0 0
x 0 0
x 0 0
x 0 0
x 0 0
x 0 0
x 0 0
x 0 0
x 0 0
x 0 0
#
# 
# Merged from harmonics.
# This data set was submitted by Jean-Pierre LaPointe
# (scipur@collegenotre-dame.qc.ca) 1996-11-29
# The source was the Table des Marees des Grands Ports du Monde, No. 540,
# from the Service Hydrographique et Oceanographique de la Marine - Paris,
# B.P. 426, 29275 Brest Cedex.
#
# 
# rel_pedigree: 1250000000 (Via LaPointe)
# BEGIN HOT COMMENTS
# country: Philippines
# restriction: Non-commercial use only
# datum: MLLW
# confidence: 10
# !units: meters
# !longitude: 122.3000
# !latitude: 18.4000
Patunungan Bay, Philippines
+08:00 :Asia/Manila
0.6100 meters
J1              0.0080  217.00
K1              0.1150  211.00
K2              0.0480  191.80
L2              0.0140  177.00
M1              0.0070  205.00
M2              0.4400  154.00
x 0 0
M4              0.0120   91.00
x 0 0
x 0 0
N2              0.0950  131.00
2N2             0.0130  108.00
O1              0.1030  199.00
OO1             0.0040  223.00
P1              0.0380  210.10
Q1              0.0200  194.00
2Q1             0.0030  187.10
R2              0.0010  190.40
x 0 0
S2              0.1760  189.00
x 0 0
x 0 0
T2              0.0100  187.60
LDA2            0.0030  170.20
MU2             0.0110  119.00
NU2             0.0180  134.10
RHO1            0.0040  193.90
x 0 0
x 0 0
x 0 0
x 0 0
x 0 0
x 0 0
x 0 0
x 0 0
x 0 0
x 0 0
x 0 0
x 0 0
x 0 0
x 0 0
x 0 0
x 0 0
x 0 0
x 0 0
x 0 0
x 0 0
x 0 0
x 0 0
x 0 0
x 0 0
x 0 0
x 0 0
x 0 0
x 0 0
x 0 0
x 0 0
x 0 0
x 0 0
x 0 0
x 0 0
x 0 0
x 0 0
x 0 0
x 0 0
x 0 0
x 0 0
x 0 0
x 0 0
x 0 0
x 0 0
x 0 0
x 0 0
x 0 0
x 0 0
x 0 0
x 0 0
x 0 0
x 0 0
x 0 0
x 0 0
x 0 0
x 0 0
x 0 0
x 0 0
x 0 0
x 0 0
x 0 0
x 0 0
x 0 0
x 0 0
x 0 0
x 0 0
x 0 0
x 0 0
x 0 0
x 0 0
x 0 0
#
# 
# Merged from harmonics.admiralty.
# -------------------------------------------------------------------------------
#
# 
# This data set contributed by Robert Chalmers
# (robert@nanguo.chalmers.com.au) 1996-05-16.
#
# 
# Port No. 	
# Port Name	
# Position	
# Time Zone	
# Chart Datum (m)
# Z0 Lat (m)	
#
# 
# Sorry, no coordinates.
#
# 
# rel_pedigree: 1125000000 (Via Chalmers)
# BEGIN HOT COMMENTS
# country: Australia
# restriction: Non-commercial use only
# datum: LAT
# confidence: 10
# bom_id: QLD-TP204
# !units: meters
# !longitude: 146.4167
# !latitude: -17.4833
Peart Reef, Queensland, Australia
+10:00 :Australia/Brisbane
1.6500 meters
x 0 0
K1              0.3140  189.00
K2              0.0930  239.00
L2              0.0210    6.80
x 0 0
M2              0.5300  275.20
x 0 0
M4              0.0020  354.70
x 0 0
x 0 0
N2              0.2140  252.10
2N2             0.0290  239.90
O1              0.1440  151.40
x 0 0
P1              0.0940  184.10
Q1              0.0330  114.60
x 0 0
x 0 0
x 0 0
S2              0.3400  241.60
x 0 0
x 0 0
x 0 0
x 0 0
MU2             0.0680  251.50
NU2             0.0190  275.20
x 0 0
x 0 0
x 0 0
x 0 0
MS4             0.0020   67.20
x 0 0
x 0 0
x 0 0
x 0 0
SA              0.0960    1.30
SSA             0.0130   22.10
x 0 0
x 0 0
x 0 0
x 0 0
x 0 0
x 0 0
x 0 0
x 0 0
x 0 0
x 0 0
2MS6            0.0080   37.70
x 0 0
x 0 0
x 0 0
x 0 0
x 0 0
x 0 0
x 0 0
x 0 0
x 0 0
x 0 0
x 0 0
x 0 0
x 0 0
x 0 0
x 0 0
x 0 0
x 0 0
x 0 0
x 0 0
x 0 0
x 0 0
x 0 0
x 0 0
x 0 0
x 0 0
x 0 0
x 0 0
x 0 0
x 0 0
x 0 0
x 0 0
x 0 0
x 0 0
x 0 0
x 0 0
x 0 0
x 0 0
x 0 0
x 0 0
x 0 0
x 0 0
x 0 0
x 0 0
x 0 0
x 0 0
x 0 0
x 0 0
x 0 0
x 0 0
x 0 0
#
# 
# Merged from harmonics.
# This data set was submitted by Jean-Pierre LaPointe
# (scipur@collegenotre-dame.qc.ca) 1996-11-29
# The source was the Table des Marees des Grands Ports du Monde, No. 540,
# from the Service Hydrographique et Oceanographique de la Marine - Paris,
# B.P. 426, 29275 Brest Cedex.
#
# 
# rel_pedigree: 1250000000 (Via LaPointe)
# BEGIN HOT COMMENTS
# country: Mozambique
# restriction: Non-commercial use only
# datum: MLLW
# confidence: 10
# !units: meters
# !longitude: 38.1333
# !latitude: -17.2667
Pebane, Moçambique
+02:00 :Africa/Maputo
2.4300 meters
J1              0.0050   91.80
K1              0.0500   71.00
K2              0.1740  157.60
L2              0.0230  131.00
M1              0.0040   50.00
M2              1.1600  110.00
x 0 0
M4              0.0100  218.00
x 0 0
x 0 0
N2              0.1600   89.00
2N2             0.0210   68.00
O1              0.0600   29.00
OO1             0.0030  113.00
P1              0.0170   67.90
x 0 0
2Q1             0.0020  347.30
R2              0.0050  155.80
x 0 0
S2              0.6400  154.00
x 0 0
x 0 0
T2              0.0380  152.20
LDA2            0.0080  130.40
MU2             0.0280   66.00
NU2             0.0310   91.80
RHO1            0.0020   11.00
x 0 0
x 0 0
x 0 0
MS4             0.0200  350.00
x 0 0
x 0 0
x 0 0
x 0 0
x 0 0
x 0 0
x 0 0
x 0 0
x 0 0
x 0 0
x 0 0
x 0 0
x 0 0
x 0 0
x 0 0
x 0 0
x 0 0
x 0 0
x 0 0
x 0 0
x 0 0
x 0 0
x 0 0
x 0 0
x 0 0
x 0 0
x 0 0
x 0 0
x 0 0
x 0 0
x 0 0
x 0 0
x 0 0
x 0 0
x 0 0
x 0 0
x 0 0
x 0 0
x 0 0
x 0 0
x 0 0
x 0 0
x 0 0
x 0 0
x 0 0
x 0 0
x 0 0
x 0 0
x 0 0
x 0 0
x 0 0
x 0 0
x 0 0
x 0 0
x 0 0
x 0 0
x 0 0
x 0 0
x 0 0
x 0 0
x 0 0
x 0 0
x 0 0
x 0 0
x 0 0
x 0 0
x 0 0
#
# 
# Merged from harmonics.
# This data set was submitted by Jean-Pierre LaPointe
# (scipur@collegenotre-dame.qc.ca) 1996-11-29
# The source was the Table des Marees des Grands Ports du Monde, No. 540,
# from the Service Hydrographique et Oceanographique de la Marine - Paris,
# B.P. 426, 29275 Brest Cedex.
#
# 
# rel_pedigree: 1250000000 (Via LaPointe)
# BEGIN HOT COMMENTS
# country: Malaysia
# restriction: Non-commercial use only
# datum: MLLW
# confidence: 10
# !units: meters
# !longitude: 101.3884
# !latitude: 2.9990
Pelabuhan Klang, Malaysia
+07:30 :Asia/Kuala_Lumpur
2.9100 meters
J1              0.0030  309.10
K1              0.1840   23.00
K2              0.1850  200.10
L2              0.0370  158.00
M1              0.0020   97.50
M2              1.3620  146.00
x 0 0
M4              0.0600  167.00
x 0 0
x 0 0
N2              0.2580  134.00
2N2             0.0340  122.00
O1              0.0340  172.00
OO1             0.0010  234.00
P1              0.0610   34.20
Q1              0.0090  165.00
2Q1             0.0010  319.80
R2              0.0050  198.00
x 0 0
S2              0.6800  196.00
x 0 0
x 0 0
T2              0.0400  194.00
LDA2            0.0100  169.20
MU2             0.0330   96.00
NU2             0.0500  135.60
RHO1            0.0010  235.90
x 0 0
x 0 0
x 0 0
MS4             0.0910  190.00
x 0 0
x 0 0
x 0 0
x 0 0
SA              0.0800  159.00
x 0 0
x 0 0
x 0 0
x 0 0
x 0 0
x 0 0
x 0 0
x 0 0
x 0 0
x 0 0
x 0 0
x 0 0
x 0 0
x 0 0
x 0 0
x 0 0
x 0 0
x 0 0
x 0 0
x 0 0
x 0 0
x 0 0
x 0 0
x 0 0
x 0 0
x 0 0
x 0 0
x 0 0
x 0 0
x 0 0
x 0 0
x 0 0
x 0 0
x 0 0
x 0 0
x 0 0
x 0 0
x 0 0
x 0 0
x 0 0
x 0 0
x 0 0
x 0 0
x 0 0
x 0 0
x 0 0
x 0 0
x 0 0
x 0 0
x 0 0
x 0 0
x 0 0
x 0 0
x 0 0
x 0 0
x 0 0
x 0 0
x 0 0
x 0 0
x 0 0
x 0 0
x 0 0
#
# 
# Merged from harmonics.
# This data set was submitted by Jean-Pierre LaPointe
# (scipur@collegenotre-dame.qc.ca) 1996-11-29
# The source was the Table des Marees des Grands Ports du Monde, No. 540,
# from the Service Hydrographique et Oceanographique de la Marine - Paris,
# B.P. 426, 29275 Brest Cedex.
#
# 
# rel_pedigree: 1250000000 (Via LaPointe)
# BEGIN HOT COMMENTS
# country: Russia
# restriction: Non-commercial use only
# datum: LAT
# confidence: 10
# gloss_id: 93
# ioc_code: petr
# psmsl_id: 824
# ptwc_code: petr
# ssc_id: SSC-petr
# !units: meters
# !longitude: 158.6477
# !latitude: 53.0164
Petropavlovsk-Kamchatsky, Russia
+12:00 :Asia/Kamchatka
1.3700 meters
J1              0.0220  159.00
K1              0.3750  153.00
K2              0.0230  211.50
L2              0.0100  174.00
M1              0.0200  147.00
M2              0.3080  125.00
x 0 0
x 0 0
x 0 0
x 0 0
N2              0.0670   76.00
2N2             0.0090   27.00
O1              0.2770  141.00
OO1             0.0120  165.00
P1              0.1240  152.10
Q1              0.0550  134.00
2Q1             0.0070  129.10
R2              0.0010  208.20
x 0 0
S2              0.0850  205.00
x 0 0
x 0 0
T2              0.0050  201.80
LDA2            0.0020  162.10
MU2             0.0070   45.00
NU2             0.0130   82.60
RHO1            0.0110  135.90
x 0 0
x 0 0
x 0 0
x 0 0
x 0 0
x 0 0
x 0 0
x 0 0
x 0 0
x 0 0
x 0 0
x 0 0
x 0 0
x 0 0
x 0 0
x 0 0
x 0 0
x 0 0
x 0 0
x 0 0
x 0 0
x 0 0
x 0 0
x 0 0
x 0 0
x 0 0
x 0 0
x 0 0
x 0 0
x 0 0
x 0 0
x 0 0
x 0 0
x 0 0
x 0 0
x 0 0
x 0 0
x 0 0
x 0 0
x 0 0
x 0 0
x 0 0
x 0 0
x 0 0
x 0 0
x 0 0
x 0 0
x 0 0
x 0 0
x 0 0
x 0 0
x 0 0
x 0 0
x 0 0
x 0 0
x 0 0
x 0 0
x 0 0
x 0 0
x 0 0
x 0 0
x 0 0
x 0 0
x 0 0
x 0 0
x 0 0
x 0 0
x 0 0
x 0 0
x 0 0
x 0 0
#
# 
# Merged from harmonics.
# This data set was submitted by Jean-Pierre LaPointe
# (scipur@collegenotre-dame.qc.ca) 1996-11-29
# The source was the Table des Marees des Grands Ports du Monde, No. 540,
# from the Service Hydrographique et Oceanographique de la Marine - Paris,
# B.P. 426, 29275 Brest Cedex.
#
# 
# rel_pedigree: 1250000000 (Via LaPointe)
# BEGIN HOT COMMENTS
# country: Argentina
# restriction: Non-commercial use only
# datum: CD (SHN)
# confidence: 10
# !units: meters
# !longitude: -56.8573
# !latitude: -37.1228
Pinamar, Buenos Aires, Argentina
-03:00 :America/Buenos_Aires
0.7900 meters
J1              0.0140  198.10
K1              0.1430  148.00
K2              0.0170  292.30
L2              0.0090  242.00
M1              0.0130   97.50
M2              0.3140  222.00
x 0 0
x 0 0
x 0 0
x 0 0
N2              0.0600  202.00
2N2             0.0080  182.00
O1              0.1770   47.00
OO1             0.0080  249.00
P1              0.0470  140.40
Q1              0.0340   27.00
2Q1             0.0050  306.80
x 0 0
x 0 0
S2              0.0610  287.00
x 0 0
x 0 0
T2              0.0040  284.40
LDA2            0.0020  252.20
MU2             0.0080  157.00
NU2             0.0120  204.70
RHO1            0.0070    3.70
x 0 0
x 0 0
x 0 0
x 0 0
x 0 0
x 0 0
x 0 0
x 0 0
x 0 0
x 0 0
x 0 0
x 0 0
x 0 0
x 0 0
x 0 0
x 0 0
x 0 0
x 0 0
x 0 0
x 0 0
x 0 0
x 0 0
x 0 0
x 0 0
x 0 0
x 0 0
x 0 0
x 0 0
x 0 0
x 0 0
x 0 0
x 0 0
x 0 0
x 0 0
x 0 0
x 0 0
x 0 0
x 0 0
x 0 0
x 0 0
x 0 0
x 0 0
x 0 0
x 0 0
x 0 0
x 0 0
x 0 0
x 0 0
x 0 0
x 0 0
x 0 0
x 0 0
x 0 0
x 0 0
x 0 0
x 0 0
x 0 0
x 0 0
x 0 0
x 0 0
x 0 0
x 0 0
x 0 0
x 0 0
x 0 0
x 0 0
x 0 0
x 0 0
x 0 0
x 0 0
x 0 0
#
# 
# Merged from harmonics.
# This data set was submitted by Jean-Pierre LaPointe
# (scipur@collegenotre-dame.qc.ca) 1996-11-29
# The source was the Table des Marees des Grands Ports du Monde, No. 540,
# from the Service Hydrographique et Oceanographique de la Marine - Paris,
# B.P. 426, 29275 Brest Cedex.
#
# 
# rel_pedigree: 1250000000 (Via LaPointe)
# BEGIN HOT COMMENTS
# country: India
# restriction: Non-commercial use only
# datum: LAT
# confidence: 10
# !units: meters
# !longitude: 71.5172
# !latitude: 20.9247
Pipavav (Port), Gujarat, India
+05:30 :Asia/Calcutta
1.7600 meters
J1              0.0180   79.50
K1              0.4950   77.00
K2              0.0930  107.40
L2              0.0340  103.00
M1              0.0160   74.50
M2              0.8740   75.00
x 0 0
M4              0.0640  208.00
x 0 0
x 0 0
N2              0.2370   47.00
2N2             0.0320   19.00
O1              0.2230   72.00
OO1             0.0100   82.00
P1              0.1640   76.60
Q1              0.0480   72.00
2Q1             0.0060   67.00
R2              0.0030  106.20
x 0 0
S2              0.3420  105.00
x 0 0
x 0 0
T2              0.0200  103.80
LDA2            0.0060   88.90
MU2             0.0210   45.00
NU2             0.0460   50.80
RHO1            0.0080   69.90
x 0 0
x 0 0
MN4             0.0270  145.00
MS4             0.0490  250.00
x 0 0
x 0 0
x 0 0
x 0 0
SA              0.0410  263.00
x 0 0
x 0 0
x 0 0
x 0 0
x 0 0
x 0 0
x 0 0
x 0 0
x 0 0
x 0 0
x 0 0
x 0 0
x 0 0
x 0 0
x 0 0
x 0 0
x 0 0
x 0 0
x 0 0
x 0 0
x 0 0
x 0 0
x 0 0
x 0 0
x 0 0
x 0 0
x 0 0
x 0 0
x 0 0
x 0 0
x 0 0
x 0 0
x 0 0
x 0 0
x 0 0
x 0 0
x 0 0
x 0 0
x 0 0
x 0 0
x 0 0
x 0 0
x 0 0
x 0 0
x 0 0
x 0 0
x 0 0
x 0 0
x 0 0
x 0 0
x 0 0
x 0 0
x 0 0
x 0 0
x 0 0
x 0 0
x 0 0
x 0 0
x 0 0
x 0 0
x 0 0
x 0 0
#
# 
# Merged from harmonics.
# This data set was submitted by Jean-Pierre LaPointe
# (scipur@collegenotre-dame.qc.ca) 1996-11-29
# The source was the Table des Marees des Grands Ports du Monde, No. 540,
# from the Service Hydrographique et Oceanographique de la Marine - Paris,
# B.P. 426, 29275 Brest Cedex.
#
# 
# rel_pedigree: 1250000000 (Via LaPointe)
# BEGIN HOT COMMENTS
# country: Australia
# restriction: Non-commercial use only
# datum: LAT
# confidence: 10
# !units: meters
# !longitude: 138.5088
# !latitude: -34.8355
Port Adelaide, South Australia, Australia
+09:30 :Australia/Adelaide
1.4800 meters
J1              0.0130   62.90
K1              0.2460   50.00
K2              0.1340  181.80
L2              0.0030   10.00
M1              0.0120   37.00
M2              0.4980  105.00
x 0 0
M4              0.0050  160.00
x 0 0
x 0 0
N2              0.0230  200.00
2N2             0.0030  295.00
O1              0.1630   24.00
OO1             0.0070   76.00
P1              0.0810   48.10
Q1              0.0390   12.00
2Q1             0.0040  358.20
R2              0.0040  178.80
x 0 0
S2              0.4920  176.00
x 0 0
x 0 0
T2              0.0290  173.20
LDA2            0.0030  137.90
MU2             0.0120   34.00
NU2             0.0040  187.30
RHO1            0.0060   12.80
x 0 0
x 0 0
MN4             0.0050  130.00
MS4             0.0050   37.00
x 0 0
x 0 0
x 0 0
x 0 0
SA              0.0500  138.00
x 0 0
x 0 0
x 0 0
x 0 0
x 0 0
x 0 0
x 0 0
x 0 0
x 0 0
x 0 0
x 0 0
x 0 0
x 0 0
x 0 0
x 0 0
x 0 0
x 0 0
x 0 0
x 0 0
x 0 0
x 0 0
x 0 0
x 0 0
x 0 0
x 0 0
x 0 0
x 0 0
x 0 0
x 0 0
x 0 0
x 0 0
x 0 0
x 0 0
x 0 0
x 0 0
x 0 0
x 0 0
x 0 0
x 0 0
x 0 0
x 0 0
x 0 0
x 0 0
x 0 0
x 0 0
x 0 0
x 0 0
x 0 0
x 0 0
x 0 0
x 0 0
x 0 0
x 0 0
x 0 0
x 0 0
x 0 0
x 0 0
x 0 0
x 0 0
x 0 0
x 0 0
x 0 0
#
# 
# Merged from harmonics.
# This data set was submitted by Jean-Pierre LaPointe
# (scipur@collegenotre-dame.qc.ca) 1996-11-29
# The source was the Table des Marees des Grands Ports du Monde, No. 540,
# from the Service Hydrographique et Oceanographique de la Marine - Paris,
# B.P. 426, 29275 Brest Cedex.
#
# 
# rel_pedigree: 1250000000 (Via LaPointe)
# BEGIN HOT COMMENTS
# country: India
# restriction: Non-commercial use only
# datum: LAT
# confidence: 10
# gloss_id: 38
# ioc_code: ptbl
# psmsl_id: 206
# ptwc_code: ptbl
# ssc_id: SSC-ptbl
# uhslc_id: 908
# !units: meters
# !longitude: 92.7331
# !latitude: 11.6746
Port Blair, Andaman and Nicobar, India
+05:30 :Asia/Calcutta
1.2100 meters
J1              0.0040  333.40
K1              0.1220  318.00
K2              0.0800  299.30
L2              0.0170  264.00
M1              0.0030  302.50
M2              0.6100  255.00
x 0 0
M4              0.0040   71.00
x 0 0
x 0 0
N2              0.1220  246.00
2N2             0.0160  237.00
O1              0.0480  287.00
OO1             0.0020  349.00
P1              0.0400  315.70
Q1              0.0050  227.00
2Q1             0.0010  256.20
R2              0.0020  297.60
x 0 0
S2              0.2930  296.00
x 0 0
x 0 0
T2              0.0170  294.40
LDA2            0.0040  274.00
MU2             0.0150  214.00
NU2             0.0240  247.20
RHO1            0.0020  273.70
x 0 0
x 0 0
MN4             0.0100  112.00
MS4             0.0040  172.00
x 0 0
x 0 0
x 0 0
x 0 0
SA              0.0610  151.00
x 0 0
x 0 0
x 0 0
x 0 0
x 0 0
x 0 0
x 0 0
x 0 0
x 0 0
x 0 0
x 0 0
x 0 0
x 0 0
x 0 0
x 0 0
x 0 0
x 0 0
x 0 0
x 0 0
x 0 0
x 0 0
x 0 0
x 0 0
x 0 0
x 0 0
x 0 0
x 0 0
x 0 0
x 0 0
x 0 0
x 0 0
x 0 0
x 0 0
x 0 0
x 0 0
x 0 0
x 0 0
x 0 0
x 0 0
x 0 0
x 0 0
x 0 0
x 0 0
x 0 0
x 0 0
x 0 0
x 0 0
x 0 0
x 0 0
x 0 0
x 0 0
x 0 0
x 0 0
x 0 0
x 0 0
x 0 0
x 0 0
x 0 0
x 0 0
x 0 0
x 0 0
x 0 0
#
# 
# Merged from harmonics.
# This data set was submitted by Jean-Pierre LaPointe
# (scipur@collegenotre-dame.qc.ca) 1996-11-29
# The source was the Table des Marees des Grands Ports du Monde, No. 540,
# from the Service Hydrographique et Oceanographique de la Marine - Paris,
# B.P. 426, 29275 Brest Cedex.
#
# 
# rel_pedigree: 1250000000 (Via LaPointe)
# BEGIN HOT COMMENTS
# country: Saint Lucia
# restriction: Non-commercial use only
# datum: MLLW
# confidence: 10
# !units: meters
# !longitude: -60.9975
# !latitude: 14.0164
Port Castries, Saint Lucia
-04:00 :America/St_Lucia
0.4600 meters
J1              0.0050  180.50
K1              0.0860  178.00
K2              0.0080   97.70
L2              0.0040   84.00
M1              0.0050  175.50
M2              0.0940   75.00
x 0 0
M4              0.0040  315.00
x 0 0
x 0 0
N2              0.0260   66.00
2N2             0.0030   57.00
O1              0.0660  173.00
OO1             0.0030  183.00
P1              0.0280  177.60
Q1              0.0120  159.00
2Q1             0.0020  168.00
x 0 0
x 0 0
S2              0.0290   96.00
x 0 0
x 0 0
T2              0.0020   95.20
LDA2            0.0010   84.70
MU2             0.0020   54.00
NU2             0.0050   67.20
RHO1            0.0030  170.90
x 0 0
x 0 0
x 0 0
x 0 0
x 0 0
x 0 0
x 0 0
x 0 0
x 0 0
x 0 0
x 0 0
x 0 0
x 0 0
x 0 0
x 0 0
x 0 0
x 0 0
x 0 0
x 0 0
x 0 0
x 0 0
x 0 0
x 0 0
x 0 0
x 0 0
x 0 0
x 0 0
x 0 0
x 0 0
x 0 0
x 0 0
x 0 0
x 0 0
x 0 0
x 0 0
x 0 0
x 0 0
x 0 0
x 0 0
x 0 0
x 0 0
x 0 0
x 0 0
x 0 0
x 0 0
x 0 0
x 0 0
x 0 0
x 0 0
x 0 0
x 0 0
x 0 0
x 0 0
x 0 0
x 0 0
x 0 0
x 0 0
x 0 0
x 0 0
x 0 0
x 0 0
x 0 0
x 0 0
x 0 0
x 0 0
x 0 0
x 0 0
x 0 0
x 0 0
x 0 0
x 0 0
#
# 
# Merged from harmonics.
# This data set was submitted by Jean-Pierre LaPointe
# (scipur@collegenotre-dame.qc.ca) 1996-11-29
# The source was the Table des Marees des Grands Ports du Monde, No. 540,
# from the Service Hydrographique et Oceanographique de la Marine - Paris,
# B.P. 426, 29275 Brest Cedex.
#
# 
# rel_pedigree: 1250000000 (Via LaPointe)
# BEGIN HOT COMMENTS
# country: Malaysia
# restriction: Non-commercial use only
# datum: MLLW
# confidence: 10
# !units: meters
# !longitude: 101.7911
# !latitude: 2.5194
Port Dickson, Malaysia
+07:30 :Asia/Kuala_Lumpur
1.5000 meters
J1              0.0120   64.70
K1              0.0530   90.00
K2              0.1100  231.10
L2              0.0220  186.00
M1              0.0110  115.50
M2              0.8150  177.00
x 0 0
M4              0.0350  309.00
x 0 0
x 0 0
N2              0.1510  168.00
2N2             0.0200  159.00
O1              0.1550  141.00
OO1             0.0070   39.00
P1              0.0180   93.80
Q1              0.0240  113.00
2Q1             0.0040  191.60
R2              0.0030  229.00
x 0 0
S2              0.4050  227.00
x 0 0
x 0 0
T2              0.0240  225.00
LDA2            0.0060  200.20
MU2             0.0200  127.00
NU2             0.0290  169.20
RHO1            0.0060  162.90
x 0 0
x 0 0
x 0 0
MS4             0.0130  355.00
x 0 0
x 0 0
x 0 0
x 0 0
SA              0.0370  122.00
x 0 0
x 0 0
x 0 0
x 0 0
x 0 0
x 0 0
x 0 0
x 0 0
x 0 0
x 0 0
x 0 0
x 0 0
x 0 0
x 0 0
x 0 0
x 0 0
x 0 0
x 0 0
x 0 0
x 0 0
x 0 0
x 0 0
x 0 0
x 0 0
x 0 0
x 0 0
x 0 0
x 0 0
x 0 0
x 0 0
x 0 0
x 0 0
x 0 0
x 0 0
x 0 0
x 0 0
x 0 0
x 0 0
x 0 0
x 0 0
x 0 0
x 0 0
x 0 0
x 0 0
x 0 0
x 0 0
x 0 0
x 0 0
x 0 0
x 0 0
x 0 0
x 0 0
x 0 0
x 0 0
x 0 0
x 0 0
x 0 0
x 0 0
x 0 0
x 0 0
x 0 0
x 0 0
#
# 
# Merged from harmonics.
# This data set was submitted by Jean-Pierre LaPointe
# (scipur@collegenotre-dame.qc.ca) 1996-11-29
# The source was the Table des Marees des Grands Ports du Monde, No. 540,
# from the Service Hydrographique et Oceanographique de la Marine - Paris,
# B.P. 426, 29275 Brest Cedex.
#
# 
# rel_pedigree: 1250000000 (Via LaPointe)
# BEGIN HOT COMMENTS
# country: Papua New Guinea
# restriction: Non-commercial use only
# datum: MLLW
# confidence: 10
# !units: meters
# !longitude: 147.8598
# !latitude: -6.6429
Dreger Harbour, Papua New Guinea
+10:00 :Pacific/Port_Moresby
1.1700 meters
J1              0.0090  225.90
K1              0.2320  210.00
K2              0.0250  137.10
L2              0.0020  338.00
M1              0.0090  194.00
M2              0.0560   83.00
x 0 0
M4              0.0040  301.00
x 0 0
x 0 0
N2              0.0160  188.00
2N2             0.0020  293.00
O1              0.1200  178.00
OO1             0.0050  242.00
P1              0.0770  207.60
Q1              0.0250  166.00
2Q1             0.0030  146.30
R2              0.0010  135.00
x 0 0
S2              0.0930  133.00
x 0 0
x 0 0
T2              0.0050  131.00
x 0 0
MU2             0.0010   33.00
NU2             0.0030  173.90
RHO1            0.0050  164.30
x 0 0
x 0 0
MN4             0.0020  198.00
MS4             0.0030  221.00
x 0 0
x 0 0
x 0 0
x 0 0
SA              0.0270   61.00
x 0 0
x 0 0
x 0 0
x 0 0
x 0 0
x 0 0
x 0 0
x 0 0
x 0 0
x 0 0
x 0 0
x 0 0
x 0 0
x 0 0
x 0 0
x 0 0
x 0 0
x 0 0
x 0 0
x 0 0
x 0 0
x 0 0
x 0 0
x 0 0
x 0 0
x 0 0
x 0 0
x 0 0
x 0 0
x 0 0
x 0 0
x 0 0
x 0 0
x 0 0
x 0 0
x 0 0
x 0 0
x 0 0
x 0 0
x 0 0
x 0 0
x 0 0
x 0 0
x 0 0
x 0 0
x 0 0
x 0 0
x 0 0
x 0 0
x 0 0
x 0 0
x 0 0
x 0 0
x 0 0
x 0 0
x 0 0
x 0 0
x 0 0
x 0 0
x 0 0
x 0 0
x 0 0
#
# 
# Merged from harmonics.
# This data set was submitted by Jean-Pierre LaPointe
# (scipur@collegenotre-dame.qc.ca) 1996-11-29
# The source was the Table des Marees des Grands Ports du Monde, No. 540,
# from the Service Hydrographique et Oceanographique de la Marine - Paris,
# B.P. 426, 29275 Brest Cedex.
#
# 
# This isn't on my map, at least not at the coordinates shown, so I'm
# just going to hope that it's an Argentinian research station. -- DWF
#
# 
# rel_pedigree: 1250000000 (Via LaPointe)
# BEGIN HOT COMMENTS
# country: Antarctica
# restriction: Non-commercial use only
# datum: MLLW
# confidence: 10
# !units: meters
# !longitude: -60.5667
# !latitude: -62.9667
Port Foster, Deception Island, South Shetlands, Antarctica
-03:00 :America/Buenos_Aires
1.2200 meters
J1              0.0210   13.00
K1              0.2430   17.00
K2              0.0540  256.70
L2              0.0120  231.00
M1              0.0190   21.00
M2              0.4390  207.00
x 0 0
x 0 0
x 0 0
x 0 0
N2              0.0850  183.00
2N2             0.0110  159.00
O1              0.2610   25.00
OO1             0.0110    9.00
P1              0.0800   17.60
x 0 0
2Q1             0.0070   32.90
R2              0.0020  254.80
x 0 0
S2              0.1990  253.00
x 0 0
x 0 0
T2              0.0120  251.20
LDA2            0.0030  228.30
MU2             0.0110  161.00
NU2             0.0160  186.20
RHO1            0.0100   28.40
x 0 0
x 0 0
x 0 0
x 0 0
x 0 0
x 0 0
x 0 0
x 0 0
x 0 0
x 0 0
x 0 0
x 0 0
x 0 0
x 0 0
x 0 0
x 0 0
x 0 0
x 0 0
x 0 0
x 0 0
x 0 0
x 0 0
x 0 0
x 0 0
x 0 0
x 0 0
x 0 0
x 0 0
x 0 0
x 0 0
x 0 0
x 0 0
x 0 0
x 0 0
x 0 0
x 0 0
x 0 0
x 0 0
x 0 0
x 0 0
x 0 0
x 0 0
x 0 0
x 0 0
x 0 0
x 0 0
x 0 0
x 0 0
x 0 0
x 0 0
x 0 0
x 0 0
x 0 0
x 0 0
x 0 0
x 0 0
x 0 0
x 0 0
x 0 0
x 0 0
x 0 0
x 0 0
x 0 0
x 0 0
x 0 0
x 0 0
x 0 0
x 0 0
x 0 0
x 0 0
x 0 0
#
# 
# Merged from harmonics.
# This data set was submitted by Jean-Pierre LaPointe
# (scipur@collegenotre-dame.qc.ca) 1996-11-29
# The source was the Table des Marees des Grands Ports du Monde, No. 540,
# from the Service Hydrographique et Oceanographique de la Marine - Paris,
# B.P. 426, 29275 Brest Cedex.
#
# 
# rel_pedigree: 1250000000 (Via LaPointe)
# BEGIN HOT COMMENTS
# country: Russia
# restriction: Non-commercial use only
# datum: LAT
# confidence: 10
# !units: meters
# !longitude: 34.7833
# !latitude: 64.9833
Port Kem, Russia
+03:00 :Europe/Moscow
1.1000 meters
x 0 0
K1              0.0680  109.00
K2              0.0390  200.80
L2              0.0170  193.00
x 0 0
M2              0.5860  150.00
x 0 0
M4              0.0480  234.00
x 0 0
x 0 0
N2              0.1180  107.00
2N2             0.0160   64.00
O1              0.0060  352.00
x 0 0
P1              0.0230  100.20
Q1              0.0100  212.00
x 0 0
R2              0.0010  198.90
x 0 0
S2              0.1440  197.00
x 0 0
x 0 0
T2              0.0080  195.10
LDA2            0.0040  171.80
MU2             0.0140  103.00
NU2             0.0230  112.80
x 0 0
x 0 0
x 0 0
x 0 0
MS4             0.0240  238.00
x 0 0
x 0 0
x 0 0
x 0 0
SA              0.0560  143.00
x 0 0
x 0 0
x 0 0
x 0 0
x 0 0
x 0 0
x 0 0
x 0 0
x 0 0
x 0 0
x 0 0
x 0 0
x 0 0
x 0 0
x 0 0
x 0 0
x 0 0
x 0 0
x 0 0
x 0 0
x 0 0
x 0 0
x 0 0
x 0 0
x 0 0
x 0 0
x 0 0
x 0 0
x 0 0
x 0 0
x 0 0
x 0 0
x 0 0
x 0 0
x 0 0
x 0 0
x 0 0
x 0 0
x 0 0
x 0 0
x 0 0
x 0 0
x 0 0
x 0 0
x 0 0
x 0 0
x 0 0
x 0 0
x 0 0
x 0 0
x 0 0
x 0 0
x 0 0
x 0 0
x 0 0
x 0 0
x 0 0
x 0 0
x 0 0
x 0 0
x 0 0
x 0 0
#
# 
# Merged from harmonics.
# This data set was submitted by Jean-Pierre LaPointe
# (scipur@collegenotre-dame.qc.ca) 1996-11-29
# The source was the Table des Marees des Grands Ports du Monde, No. 540,
# from the Service Hydrographique et Oceanographique de la Marine - Paris,
# B.P. 426, 29275 Brest Cedex.
#
# 
# rel_pedigree: 1250000000 (Via LaPointe)
# BEGIN HOT COMMENTS
# country: Pakistan
# restriction: Non-commercial use only
# datum: MLLW
# confidence: 10
# !units: meters
# !longitude: 67.3480
# !latitude: 24.7761
Muhammed Bin Qasim Port (Pipri), Pakistan
+05:00 :Asia/Karachi
2.0500 meters
J1              0.0170   68.40
K1              0.4200   62.00
K2              0.0980    6.60
L2              0.0270  339.00
M1              0.0150   55.50
M2              0.9900  319.00
x 0 0
x 0 0
x 0 0
x 0 0
N2              0.1880  299.00
2N2             0.0250  279.00
O1              0.2100   49.00
OO1             0.0090   75.00
P1              0.1390   61.00
Q1              0.0400   29.00
2Q1             0.0050   36.10
R2              0.0030    4.80
x 0 0
S2              0.3600    3.00
x 0 0
x 0 0
T2              0.0210    1.20
LDA2            0.0070  339.40
MU2             0.0240  275.00
NU2             0.0360  301.70
RHO1            0.0080   43.40
x 0 0
x 0 0
x 0 0
x 0 0
x 0 0
x 0 0
x 0 0
x 0 0
x 0 0
x 0 0
x 0 0
x 0 0
x 0 0
x 0 0
x 0 0
x 0 0
x 0 0
x 0 0
x 0 0
x 0 0
x 0 0
x 0 0
x 0 0
x 0 0
x 0 0
x 0 0
x 0 0
x 0 0
x 0 0
x 0 0
x 0 0
x 0 0
x 0 0
x 0 0
x 0 0
x 0 0
x 0 0
x 0 0
x 0 0
x 0 0
x 0 0
x 0 0
x 0 0
x 0 0
x 0 0
x 0 0
x 0 0
x 0 0
x 0 0
x 0 0
x 0 0
x 0 0
x 0 0
x 0 0
x 0 0
x 0 0
x 0 0
x 0 0
x 0 0
x 0 0
x 0 0
x 0 0
x 0 0
x 0 0
x 0 0
x 0 0
x 0 0
x 0 0
x 0 0
x 0 0
x 0 0
#
# 
# Merged from harmonics.
# This data set was submitted by Jean-Pierre LaPointe
# (scipur@collegenotre-dame.qc.ca) 1996-11-29
# The source was the Table des Marees des Grands Ports du Monde, No. 540,
# from the Service Hydrographique et Oceanographique de la Marine - Paris,
# B.P. 426, 29275 Brest Cedex.
#
# 
# rel_pedigree: 1250000000 (Via LaPointe)
# BEGIN HOT COMMENTS
# country: Egypt
# restriction: Non-commercial use only
# datum: MLLW
# confidence: 10
# !units: meters
# !longitude: 32.3167
# !latitude: 31.2667
Port Said, Egypt
+02:00 :Africa/Cairo
0.4500 meters
J1              0.0010  317.90
K1              0.0210  303.00
K2              0.0190  315.20
L2              0.0030  301.00
M1              0.0010  288.00
M2              0.1120  299.00
x 0 0
M4              0.0010   96.00
x 0 0
x 0 0
N2              0.0200  297.00
2N2             0.0030  295.00
O1              0.0170  273.00
OO1             0.0010  333.00
P1              0.0070  300.80
Q1              0.0010  184.00
x 0 0
R2              0.0010  314.60
x 0 0
S2              0.0690  314.00
x 0 0
x 0 0
T2              0.0040  313.40
LDA2            0.0010  306.00
MU2             0.0030  284.00
NU2             0.0040  297.30
RHO1            0.0010  260.10
x 0 0
x 0 0
x 0 0
MS4             0.0030  270.00
x 0 0
x 0 0
x 0 0
x 0 0
SA              0.1150  178.00
x 0 0
x 0 0
x 0 0
x 0 0
x 0 0
x 0 0
x 0 0
x 0 0
x 0 0
x 0 0
x 0 0
x 0 0
x 0 0
x 0 0
x 0 0
x 0 0
x 0 0
x 0 0
x 0 0
x 0 0
x 0 0
x 0 0
x 0 0
x 0 0
x 0 0
x 0 0
x 0 0
x 0 0
x 0 0
x 0 0
x 0 0
x 0 0
x 0 0
x 0 0
x 0 0
x 0 0
x 0 0
x 0 0
x 0 0
x 0 0
x 0 0
x 0 0
x 0 0
x 0 0
x 0 0
x 0 0
x 0 0
x 0 0
x 0 0
x 0 0
x 0 0
x 0 0
x 0 0
x 0 0
x 0 0
x 0 0
x 0 0
x 0 0
x 0 0
x 0 0
x 0 0
x 0 0
#
# 
# Merged from harmonics.
# This data set was submitted by Jean-Pierre LaPointe
# (scipur@collegenotre-dame.qc.ca) 1996-11-29
# The source was the Table des Marees des Grands Ports du Monde, No. 540,
# from the Service Hydrographique et Oceanographique de la Marine - Paris,
# B.P. 426, 29275 Brest Cedex.
#
# 
# rel_pedigree: 1250000000 (Via LaPointe)
# BEGIN HOT COMMENTS
# country: Papua New Guinea
# restriction: Non-commercial use only
# datum: MLLW
# confidence: 10
# psmsl_id: 1609, 1619
# ssc_id: SSC-manu
# !units: meters
# !longitude: 147.2697
# !latitude: -2.0191
Seeadler Harbor, Manus, Admiralty Islands, Papua New Guinea
+10:00 :Pacific/Port_Moresby
0.5000 meters
J1              0.0120  223.90
K1              0.2340  213.00
K2              0.0130   99.20
L2              0.0050  227.00
M1              0.0110  202.00
M2              0.0890  203.00
x 0 0
x 0 0
x 0 0
x 0 0
N2              0.0340  179.00
2N2             0.0050  155.00
O1              0.1490  191.00
OO1             0.0060  235.00
P1              0.0770  211.40
Q1              0.0290  180.00
2Q1             0.0040  169.20
x 0 0
x 0 0
S2              0.0460  107.00
x 0 0
x 0 0
T2              0.0030  110.80
LDA2            0.0010  158.50
MU2             0.0020  299.00
NU2             0.0070  182.20
RHO1            0.0060  181.60
x 0 0
x 0 0
x 0 0
x 0 0
x 0 0
x 0 0
x 0 0
x 0 0
x 0 0
x 0 0
x 0 0
x 0 0
x 0 0
x 0 0
x 0 0
x 0 0
x 0 0
x 0 0
x 0 0
x 0 0
x 0 0
x 0 0
x 0 0
x 0 0
x 0 0
x 0 0
x 0 0
x 0 0
x 0 0
x 0 0
x 0 0
x 0 0
x 0 0
x 0 0
x 0 0
x 0 0
x 0 0
x 0 0
x 0 0
x 0 0
x 0 0
x 0 0
x 0 0
x 0 0
x 0 0
x 0 0
x 0 0
x 0 0
x 0 0
x 0 0
x 0 0
x 0 0
x 0 0
x 0 0
x 0 0
x 0 0
x 0 0
x 0 0
x 0 0
x 0 0
x 0 0
x 0 0
x 0 0
x 0 0
x 0 0
x 0 0
x 0 0
x 0 0
x 0 0
x 0 0
x 0 0
#
# 
# Merged from harmonics.
# This data set was submitted by Jean-Pierre LaPointe
# (scipur@collegenotre-dame.qc.ca) 1996-11-29
# The source was the Table des Marees des Grands Ports du Monde, No. 540,
# from the Service Hydrographique et Oceanographique de la Marine - Paris,
# B.P. 426, 29275 Brest Cedex.
#
# 
# rel_pedigree: 1250000000 (Via LaPointe)
# BEGIN HOT COMMENTS
# country: Kerguelen Islands
# restriction: Non-commercial use only
# datum: MLLW
# confidence: 10
# gloss_id: 23
# ioc_code: kerg, kerg2
# psmsl_id: 1849
# ptwc_code: kerg
# ssc_id: SSC-kerg
# uhslc_id: 180
# !units: meters
# !longitude: 70.2191
# !latitude: -49.3521
Port-aux-Francais, Kerguelen Islands
+05:00 :Etc/GMT-5
1.2000 meters
J1              0.0020  280.60
K1              0.0790  228.00
K2              0.0590   31.90
L2              0.0200    3.00
M1              0.0010  175.00
M2              0.5140  340.00
x 0 0
x 0 0
x 0 0
x 0 0
N2              0.1390  317.00
2N2             0.0180  294.00
O1              0.0190  122.00
OO1             0.0010  334.00
P1              0.0260  220.10
Q1              0.0110  298.00
x 0 0
R2              0.0020   29.90
x 0 0
S2              0.2180   28.00
x 0 0
x 0 0
T2              0.0130   26.10
LDA2            0.0040    2.30
MU2             0.0120  292.00
NU2             0.0270  320.10
RHO1            0.0010   76.50
x 0 0
x 0 0
x 0 0
x 0 0
x 0 0
x 0 0
x 0 0
x 0 0
x 0 0
x 0 0
x 0 0
x 0 0
x 0 0
x 0 0
x 0 0
x 0 0
x 0 0
x 0 0
x 0 0
x 0 0
x 0 0
x 0 0
x 0 0
x 0 0
x 0 0
x 0 0
x 0 0
x 0 0
x 0 0
x 0 0
x 0 0
x 0 0
x 0 0
x 0 0
x 0 0
x 0 0
x 0 0
x 0 0
x 0 0
x 0 0
x 0 0
x 0 0
x 0 0
x 0 0
x 0 0
x 0 0
x 0 0
x 0 0
x 0 0
x 0 0
x 0 0
x 0 0
x 0 0
x 0 0
x 0 0
x 0 0
x 0 0
x 0 0
x 0 0
x 0 0
x 0 0
x 0 0
x 0 0
x 0 0
x 0 0
x 0 0
x 0 0
x 0 0
x 0 0
x 0 0
x 0 0
#
# 
# Merged from harmonics.
# This data set was submitted by Jean-Pierre LaPointe
# (scipur@collegenotre-dame.qc.ca) 1996-11-29
# The source was the Table des Marees des Grands Ports du Monde, No. 540,
# from the Service Hydrographique et Oceanographique de la Marine - Paris,
# B.P. 426, 29275 Brest Cedex.
#
# 
# rel_pedigree: 1250000000 (Via LaPointe)
# BEGIN HOT COMMENTS
# country: Canada
# restriction: Non-commercial use only
# datum: LLWLT
# confidence: 10
# chs_id: 02010
# !units: meters
# !longitude: -65.0373
# !latitude: 47.1771
Portage Island, New Brunswick, Canada
-04:00 :America/Halifax
0.6700 meters
J1              0.0150  257.40
K1              0.2010  246.00
K2              0.0170  183.90
L2              0.0100  158.00
M1              0.0130  234.50
M2              0.2710  145.00
x 0 0
M4              0.0180  184.00
x 0 0
x 0 0
N2              0.0680  132.00
2N2             0.0090  119.00
O1              0.1890  223.00
OO1             0.0080  269.00
P1              0.0670  244.30
Q1              0.0260  175.00
2Q1             0.0050  200.20
R2              0.0010  182.40
x 0 0
S2              0.0640  181.00
x 0 0
x 0 0
T2              0.0040  179.60
LDA2            0.0020  161.70
MU2             0.0070  109.00
NU2             0.0130  133.70
RHO1            0.0070  213.10
x 0 0
x 0 0
MN4             0.0050  104.00
MS4             0.0110  296.00
x 0 0
x 0 0
x 0 0
x 0 0
x 0 0
x 0 0
x 0 0
x 0 0
x 0 0
x 0 0
x 0 0
x 0 0
x 0 0
x 0 0
x 0 0
x 0 0
x 0 0
x 0 0
x 0 0
x 0 0
x 0 0
x 0 0
x 0 0
x 0 0
x 0 0
x 0 0
x 0 0
x 0 0
x 0 0
x 0 0
x 0 0
x 0 0
x 0 0
x 0 0
x 0 0
x 0 0
x 0 0
x 0 0
x 0 0
x 0 0
x 0 0
x 0 0
x 0 0
x 0 0
x 0 0
x 0 0
x 0 0
x 0 0
x 0 0
x 0 0
x 0 0
x 0 0
x 0 0
x 0 0
x 0 0
x 0 0
x 0 0
x 0 0
x 0 0
x 0 0
x 0 0
x 0 0
x 0 0
x 0 0
x 0 0
x 0 0
x 0 0
#
# 
# Merged from harmonics.
# This entry was converted automatically from a TD4 file.
# Time of conversion:  1997-05-25 15:02 EDT
#
# 
# PUERTO GRANDE, CAPE VERDE ISLANDS ------ 16d52. 'N 024d59. 'W--(PTGRANDE.TD4)
#
# 
# TMGPM 1993 DATA WITH P1, 2N2, MU2, NU2, L2, K2, T2 INFERRED
#
# 
# rel_pedigree: 1000000000 (Approximated or converted data)
# BEGIN HOT COMMENTS
# country: Cape Verde
# restriction: Non-commercial use only
# datum: MLLW
# confidence: 10
# psmsl_id: 1769, 536
# ssc_id: SSC-ptog
# uhslc_id: 216
# !units: meters
# !longitude: -24.9932
# !latitude: 16.8868
Mindelo (Porto Grande Bay), São Vicente, Cape Verde
-02:00 :Atlantic/Cape_Verde
0.8000 meters
J1              0.0032   14.58
K1              0.0470  322.00
K2              0.0318  254.46
L2              0.0083  224.00
M1              0.0029  269.00
M2              0.3130  195.00
x 0 0
M4              0.0030  155.00
x 0 0
x 0 0
N2              0.0580  166.00
2N2             0.0077  137.00
O1              0.0410  216.00
OO1             0.0018   68.00
P1              0.0156  314.05
Q1              0.0110   17.00
2Q1             0.0011  110.85
R2              0.0009  252.20
x 0 0
S2              0.1170  250.00
x 0 0
x 0 0
T2              0.0069  247.80
LDA2            0.0022  220.52
MU2             0.0075  140.00
NU2             0.0113  169.89
RHO1            0.0016  170.53
x 0 0
x 0 0
MN4             0.0020   71.00
MS4             0.0030  299.00
x 0 0
x 0 0
x 0 0
x 0 0
SA              0.0200  126.00
x 0 0
x 0 0
x 0 0
x 0 0
x 0 0
x 0 0
x 0 0
x 0 0
x 0 0
x 0 0
x 0 0
x 0 0
x 0 0
x 0 0
x 0 0
x 0 0
x 0 0
x 0 0
x 0 0
x 0 0
x 0 0
x 0 0
x 0 0
x 0 0
x 0 0
x 0 0
x 0 0
x 0 0
x 0 0
x 0 0
x 0 0
x 0 0
x 0 0
x 0 0
x 0 0
x 0 0
x 0 0
x 0 0
x 0 0
x 0 0
x 0 0
x 0 0
x 0 0
x 0 0
x 0 0
x 0 0
x 0 0
x 0 0
x 0 0
x 0 0
x 0 0
x 0 0
x 0 0
x 0 0
x 0 0
x 0 0
x 0 0
x 0 0
x 0 0
x 0 0
x 0 0
x 0 0
#
# 
# Merged from harmonics.
# This data set was submitted by Jean-Pierre LaPointe
# (scipur@collegenotre-dame.qc.ca) 1996-11-29
# The source was the Table des Marees des Grands Ports du Monde, No. 540,
# from the Service Hydrographique et Oceanographique de la Marine - Paris,
# B.P. 426, 29275 Brest Cedex.
#
# 
# rel_pedigree: 1250000000 (Via LaPointe)
# BEGIN HOT COMMENTS
# country: Ecuador
# restriction: Non-commercial use only
# datum: MLLW
# confidence: 10
# !units: meters
# !longitude: -80.2448
# !latitude: -2.6999
Posorja, Ecuador
-05:00 :America/Guayaquil
1.3500 meters
J1              0.0030  354.30
K1              0.1210  334.00
K2              0.0520  196.00
L2              0.0270  168.00
M1              0.0020  313.50
M2              0.9140  143.00
x 0 0
M4              0.0120   80.00
x 0 0
x 0 0
N2              0.1860  118.00
2N2             0.0250   93.00
O1              0.0350  293.00
OO1             0.0020   15.00
P1              0.0400  330.90
Q1              0.0020  170.00
2Q1             0.0010  252.30
R2              0.0020  194.00
x 0 0
S2              0.1930  192.00
x 0 0
x 0 0
T2              0.0110  190.00
LDA2            0.0060  165.70
MU2             0.0220   94.00
NU2             0.0360  121.40
RHO1            0.0010  275.40
x 0 0
x 0 0
MN4             0.0030  302.00
MS4             0.0110  191.00
x 0 0
x 0 0
x 0 0
x 0 0
x 0 0
x 0 0
x 0 0
x 0 0
x 0 0
x 0 0
x 0 0
x 0 0
x 0 0
x 0 0
x 0 0
x 0 0
x 0 0
x 0 0
x 0 0
x 0 0
x 0 0
x 0 0
x 0 0
x 0 0
x 0 0
x 0 0
x 0 0
x 0 0
x 0 0
x 0 0
x 0 0
x 0 0
x 0 0
x 0 0
x 0 0
x 0 0
x 0 0
x 0 0
x 0 0
x 0 0
x 0 0
x 0 0
x 0 0
x 0 0
x 0 0
x 0 0
x 0 0
x 0 0
x 0 0
x 0 0
x 0 0
x 0 0
x 0 0
x 0 0
x 0 0
x 0 0
x 0 0
x 0 0
x 0 0
x 0 0
x 0 0
x 0 0
x 0 0
x 0 0
x 0 0
x 0 0
x 0 0
#
# 
# Merged from harmonics.
# This data set was submitted by Jean-Pierre LaPointe
# (scipur@collegenotre-dame.qc.ca) 1996-11-29
# The source was the Table des Marees des Grands Ports du Monde, No. 540,
# from the Service Hydrographique et Oceanographique de la Marine - Paris,
# B.P. 426, 29275 Brest Cedex.
#
# 
# rel_pedigree: 1250000000 (Via LaPointe)
# BEGIN HOT COMMENTS
# country: Argentina
# restriction: Non-commercial use only
# datum: CD (SHN)
# confidence: 10
# !units: meters
# !longitude: -62.1012
# !latitude: -38.8962
Puerto Belgrano (Punta Ala), Buenos Aires, Argentina
-03:00 :America/Buenos_Aires
2.4400 meters
J1              0.0120   82.30
K1              0.2250   53.00
K2              0.0660  319.00
L2              0.0280  261.00
M1              0.0110   23.50
M2              1.4430  172.00
x 0 0
M4              0.1200  177.00
x 0 0
x 0 0
N2              0.1930   83.00
2N2             0.0260  354.00
O1              0.1580  354.00
OO1             0.0070  112.00
P1              0.0740   48.60
Q1              0.0310  326.00
2Q1             0.0040  295.50
R2              0.0020  313.40
x 0 0
S2              0.2430  308.00
x 0 0
x 0 0
T2              0.0140  302.60
LDA2            0.0100  235.10
MU2             0.0350   36.00
NU2             0.0370   94.90
RHO1            0.0060  328.70
x 0 0
x 0 0
MN4             0.0290  107.00
MS4             0.0520  313.00
x 0 0
x 0 0
x 0 0
x 0 0
SA              0.0900  345.00
x 0 0
x 0 0
x 0 0
x 0 0
x 0 0
x 0 0
x 0 0
x 0 0
x 0 0
x 0 0
x 0 0
x 0 0
x 0 0
x 0 0
x 0 0
x 0 0
x 0 0
x 0 0
x 0 0
x 0 0
x 0 0
x 0 0
x 0 0
x 0 0
x 0 0
x 0 0
x 0 0
x 0 0
x 0 0
x 0 0
x 0 0
x 0 0
x 0 0
x 0 0
x 0 0
x 0 0
x 0 0
x 0 0
x 0 0
x 0 0
x 0 0
x 0 0
x 0 0
x 0 0
x 0 0
x 0 0
x 0 0
x 0 0
x 0 0
x 0 0
x 0 0
x 0 0
x 0 0
x 0 0
x 0 0
x 0 0
x 0 0
x 0 0
x 0 0
x 0 0
x 0 0
x 0 0
#
# 
# Merged from harmonics.
# This data set was submitted by Jean-Pierre LaPointe
# (scipur@collegenotre-dame.qc.ca) 1996-11-29
# The source was the Table des Marees des Grands Ports du Monde, No. 540,
# from the Service Hydrographique et Oceanographique de la Marine - Paris,
# B.P. 426, 29275 Brest Cedex.
#
# 
# rel_pedigree: 1250000000 (Via LaPointe)
# BEGIN HOT COMMENTS
# country: Ecuador
# restriction: Non-commercial use only
# datum: MLLW
# confidence: 10
# !units: meters
# !longitude: -80.0017
# !latitude: -3.2582
Puerto Bolívar, Ecuador
-05:00 :America/Guayaquil
1.6100 meters
J1              0.0010  315.60
K1              0.1690  332.00
K2              0.0820  177.80
L2              0.0290  172.00
M1              0.0010  348.50
M2              1.0220  154.00
x 0 0
M4              0.0470   70.00
x 0 0
x 0 0
N2              0.2060  136.00
2N2             0.0270  118.00
O1              0.0150    5.00
OO1             0.0010  299.00
P1              0.0560  334.50
Q1              0.0170  110.00
x 0 0
R2              0.0020  176.90
x 0 0
S2              0.3010  176.00
x 0 0
x 0 0
T2              0.0180  175.10
LDA2            0.0070  164.20
MU2             0.0250  132.00
NU2             0.0400  138.40
RHO1            0.0010   19.20
x 0 0
x 0 0
MN4             0.0180   55.00
MS4             0.0360   95.00
x 0 0
x 0 0
x 0 0
x 0 0
x 0 0
x 0 0
x 0 0
x 0 0
x 0 0
x 0 0
x 0 0
x 0 0
x 0 0
x 0 0
x 0 0
x 0 0
x 0 0
x 0 0
x 0 0
x 0 0
x 0 0
x 0 0
x 0 0
x 0 0
x 0 0
x 0 0
x 0 0
x 0 0
x 0 0
x 0 0
x 0 0
x 0 0
x 0 0
x 0 0
x 0 0
x 0 0
x 0 0
x 0 0
x 0 0
x 0 0
x 0 0
x 0 0
x 0 0
x 0 0
x 0 0
x 0 0
x 0 0
x 0 0
x 0 0
x 0 0
x 0 0
x 0 0
x 0 0
x 0 0
x 0 0
x 0 0
x 0 0
x 0 0
x 0 0
x 0 0
x 0 0
x 0 0
x 0 0
x 0 0
x 0 0
x 0 0
x 0 0
#
# 
# Merged from harmonics.
# This data set was submitted by Jean-Pierre LaPointe
# (scipur@collegenotre-dame.qc.ca) 1996-11-29
# The source was the Table des Marees des Grands Ports du Monde, No. 540,
# from the Service Hydrographique et Oceanographique de la Marine - Paris,
# B.P. 426, 29275 Brest Cedex.
#
# 
# rel_pedigree: 1250000000 (Via LaPointe)
# BEGIN HOT COMMENTS
# country: Argentina
# restriction: Non-commercial use only
# datum: CD (SHN)
# confidence: 10
# !units: meters
# !longitude: -69.2177
# !latitude: -51.6119
Río Gallegos (Muelle El Turbio), Santa Cruz, Argentina
-03:00 :America/Buenos_Aires
6.1900 meters
J1              0.0170  130.80
K1              0.2630  101.00
K2              0.2740    2.30
L2              0.1390  330.00
M1              0.0150   71.00
M2              3.7330  305.00
x 0 0
M4              0.2050  183.00
x 0 0
x 0 0
N2              0.9710  280.00
2N2             0.1290  255.00
O1              0.2110   41.00
OO1             0.0090  161.00
P1              0.0870   96.50
Q1              0.0410   25.00
2Q1             0.0050  341.50
R2              0.0080    0.10
x 0 0
S2              1.0070  358.00
x 0 0
x 0 0
T2              0.0590  355.90
LDA2            0.0260  329.60
MU2             0.0900  252.00
NU2             0.1880  283.40
RHO1            0.0080   15.30
x 0 0
x 0 0
MN4             0.1020  159.00
MS4             0.1470  249.00
x 0 0
x 0 0
x 0 0
x 0 0
x 0 0
x 0 0
x 0 0
x 0 0
x 0 0
x 0 0
x 0 0
x 0 0
x 0 0
x 0 0
x 0 0
x 0 0
x 0 0
x 0 0
x 0 0
x 0 0
x 0 0
x 0 0
x 0 0
x 0 0
x 0 0
x 0 0
x 0 0
x 0 0
x 0 0
x 0 0
x 0 0
x 0 0
x 0 0
x 0 0
x 0 0
x 0 0
x 0 0
x 0 0
x 0 0
x 0 0
x 0 0
x 0 0
x 0 0
x 0 0
x 0 0
x 0 0
x 0 0
x 0 0
x 0 0
x 0 0
x 0 0
x 0 0
x 0 0
x 0 0
x 0 0
x 0 0
x 0 0
x 0 0
x 0 0
x 0 0
x 0 0
x 0 0
x 0 0
x 0 0
x 0 0
x 0 0
x 0 0
#
# 
# Merged from harmonics.
# This data set was submitted by Jean-Pierre LaPointe
# (scipur@collegenotre-dame.qc.ca) 1996-11-29
# The source was the Table des Marees des Grands Ports du Monde, No. 540,
# from the Service Hydrographique et Oceanographique de la Marine - Paris,
# B.P. 426, 29275 Brest Cedex.
#
# 
# rel_pedigree: 1250000000 (Via LaPointe)
# BEGIN HOT COMMENTS
# country: Equatorial Guinea
# restriction: Non-commercial use only
# datum: MLLW
# confidence: 10
# !units: meters
# !longitude: 9.6935
# !latitude: 1.0829
Cogo (Puerto Iradier), Equatorial Guinea
+00:00 :Africa/Malabo
1.4400 meters
J1              0.0020   17.90
K1              0.1170    3.00
K2              0.0720  156.80
L2              0.0220  119.00
M1              0.0020  348.00
M2              0.7590  119.00
x 0 0
M4              0.1020   67.00
x 0 0
x 0 0
N2              0.1560  119.00
2N2             0.0210  119.00
O1              0.0220  333.00
OO1             0.0010   33.00
P1              0.0390    0.80
Q1              0.0040  318.00
2Q1             0.0010  303.20
R2              0.0020  155.40
x 0 0
S2              0.2660  154.00
x 0 0
x 0 0
T2              0.0160  152.60
LDA2            0.0050  135.20
MU2             0.0180   84.00
NU2             0.0300  119.00
RHO1            0.0010  320.10
x 0 0
x 0 0
x 0 0
MS4             0.0660  115.00
x 0 0
x 0 0
x 0 0
x 0 0
x 0 0
x 0 0
x 0 0
x 0 0
x 0 0
x 0 0
x 0 0
x 0 0
x 0 0
x 0 0
x 0 0
x 0 0
x 0 0
x 0 0
x 0 0
x 0 0
x 0 0
x 0 0
x 0 0
x 0 0
x 0 0
x 0 0
x 0 0
x 0 0
x 0 0
x 0 0
x 0 0
x 0 0
x 0 0
x 0 0
x 0 0
x 0 0
x 0 0
x 0 0
x 0 0
x 0 0
x 0 0
x 0 0
x 0 0
x 0 0
x 0 0
x 0 0
x 0 0
x 0 0
x 0 0
x 0 0
x 0 0
x 0 0
x 0 0
x 0 0
x 0 0
x 0 0
x 0 0
x 0 0
x 0 0
x 0 0
x 0 0
x 0 0
x 0 0
x 0 0
x 0 0
x 0 0
x 0 0
#
# 
# Merged from harmonics.
# This data set was submitted by Jean-Pierre LaPointe
# (scipur@collegenotre-dame.qc.ca) 1996-11-29
# The source was the Table des Marees des Grands Ports du Monde, No. 540,
# from the Service Hydrographique et Oceanographique de la Marine - Paris,
# B.P. 426, 29275 Brest Cedex.
#
# 
# rel_pedigree: 1250000000 (Via LaPointe)
# BEGIN HOT COMMENTS
# country: Ecuador
# restriction: Non-commercial use only
# datum: MLLW
# confidence: 10
# !units: meters
# !longitude: -80.8174
# !latitude: -1.5609
Puerto López, Ecuador
-05:00 :America/Guayaquil
1.6200 meters
J1              0.0040  341.00
K1              0.1430  336.00
K2              0.0790  151.50
L2              0.0340  136.00
M1              0.0030  331.00
M2              1.0100  105.00
x 0 0
M4              0.0090  106.00
x 0 0
x 0 0
N2              0.2400   74.00
2N2             0.0320   43.00
O1              0.0470  326.00
OO1             0.0020  346.00
P1              0.0470  335.30
Q1              0.0130  352.00
2Q1             0.0010  316.10
R2              0.0020  149.70
x 0 0
S2              0.2920  148.00
x 0 0
x 0 0
T2              0.0170  146.30
LDA2            0.0070  125.00
MU2             0.0240   62.00
NU2             0.0470   78.20
RHO1            0.0020  321.70
x 0 0
x 0 0
MN4             0.0040  105.00
MS4             0.0070   42.00
x 0 0
x 0 0
x 0 0
x 0 0
x 0 0
x 0 0
x 0 0
x 0 0
x 0 0
x 0 0
x 0 0
x 0 0
x 0 0
x 0 0
x 0 0
x 0 0
x 0 0
x 0 0
x 0 0
x 0 0
x 0 0
x 0 0
x 0 0
x 0 0
x 0 0
x 0 0
x 0 0
x 0 0
x 0 0
x 0 0
x 0 0
x 0 0
x 0 0
x 0 0
x 0 0
x 0 0
x 0 0
x 0 0
x 0 0
x 0 0
x 0 0
x 0 0
x 0 0
x 0 0
x 0 0
x 0 0
x 0 0
x 0 0
x 0 0
x 0 0
x 0 0
x 0 0
x 0 0
x 0 0
x 0 0
x 0 0
x 0 0
x 0 0
x 0 0
x 0 0
x 0 0
x 0 0
x 0 0
x 0 0
x 0 0
x 0 0
x 0 0
#
# 
# Merged from harmonics.
# This data set was submitted by Jean-Pierre LaPointe
# (scipur@collegenotre-dame.qc.ca) 1996-11-29
# The source was the Table des Marees des Grands Ports du Monde, No. 540,
# from the Service Hydrographique et Oceanographique de la Marine - Paris,
# B.P. 426, 29275 Brest Cedex.
#
# 
# rel_pedigree: 1250000000 (Via LaPointe)
# BEGIN HOT COMMENTS
# country: Ecuador
# restriction: Non-commercial use only
# datum: MLLW
# confidence: 10
# !units: meters
# !longitude: -79.9122
# !latitude: -2.2784
Puerto Maritimo de Guayaquil, Ecuador
-05:00 :America/Guayaquil
2.3000 meters
J1              0.0030  346.40
K1              0.1190  332.00
K2              0.1140  241.70
L2              0.0400  208.00
M1              0.0020  317.50
M2              1.4830  179.00
x 0 0
M4              0.0730  162.00
x 0 0
x 0 0
N2              0.2820  150.00
2N2             0.0380  121.00
O1              0.0330  303.00
OO1             0.0010    1.00
P1              0.0390  329.80
Q1              0.0110   13.00
2Q1             0.0010  274.20
R2              0.0030  239.30
x 0 0
S2              0.4200  237.00
x 0 0
x 0 0
T2              0.0250  234.70
LDA2            0.0100  205.90
MU2             0.0360  121.00
NU2             0.0550  153.90
RHO1            0.0010  290.60
x 0 0
x 0 0
MN4             0.0250  133.00
MS4             0.0460  218.00
x 0 0
x 0 0
x 0 0
x 0 0
x 0 0
x 0 0
x 0 0
x 0 0
x 0 0
x 0 0
x 0 0
x 0 0
x 0 0
x 0 0
x 0 0
x 0 0
x 0 0
x 0 0
x 0 0
x 0 0
x 0 0
x 0 0
x 0 0
x 0 0
x 0 0
x 0 0
x 0 0
x 0 0
x 0 0
x 0 0
x 0 0
x 0 0
x 0 0
x 0 0
x 0 0
x 0 0
x 0 0
x 0 0
x 0 0
x 0 0
x 0 0
x 0 0
x 0 0
x 0 0
x 0 0
x 0 0
x 0 0
x 0 0
x 0 0
x 0 0
x 0 0
x 0 0
x 0 0
x 0 0
x 0 0
x 0 0
x 0 0
x 0 0
x 0 0
x 0 0
x 0 0
x 0 0
x 0 0
x 0 0
x 0 0
x 0 0
x 0 0
#
# 
# Merged from harmonics.
# This data set was submitted by Jean-Pierre LaPointe
# (scipur@collegenotre-dame.qc.ca) 1996-11-29
# The source was the Table des Marees des Grands Ports du Monde, No. 540,
# from the Service Hydrographique et Oceanographique de la Marine - Paris,
# B.P. 426, 29275 Brest Cedex.
#
# 
# rel_pedigree: 1250000000 (Via LaPointe)
# BEGIN HOT COMMENTS
# country: Argentina
# restriction: Non-commercial use only
# datum: CD (SHN)
# confidence: 10
# !units: meters
# !longitude: -64.8866
# !latitude: -40.7963
Puerto San Antonio Este, Río Negro, Argentina
-03:00 :America/Buenos_Aires
4.4500 meters
J1              0.0080  357.20
K1              0.1970  322.00
K2              0.1780   62.80
L2              0.0940   26.00
M1              0.0070  286.50
M2              3.1430  345.00
x 0 0
M4              0.0510  353.00
x 0 0
x 0 0
N2              0.6570  304.00
2N2             0.0870  263.00
O1              0.1030  251.00
OO1             0.0040   33.00
P1              0.0650  316.70
Q1              0.0200  350.00
2Q1             0.0030  180.60
R2              0.0050   59.90
x 0 0
S2              0.6540   57.00
x 0 0
x 0 0
T2              0.0390   54.10
LDA2            0.0220   18.40
MU2             0.0750  273.00
NU2             0.1270  309.50
RHO1            0.0040  220.50
x 0 0
x 0 0
x 0 0
MS4             0.1100    8.00
x 0 0
x 0 0
x 0 0
x 0 0
SA              0.1070  331.00
x 0 0
x 0 0
x 0 0
x 0 0
x 0 0
x 0 0
x 0 0
x 0 0
x 0 0
x 0 0
x 0 0
x 0 0
x 0 0
x 0 0
x 0 0
x 0 0
x 0 0
x 0 0
x 0 0
x 0 0
x 0 0
x 0 0
x 0 0
x 0 0
x 0 0
x 0 0
x 0 0
x 0 0
x 0 0
x 0 0
x 0 0
x 0 0
x 0 0
x 0 0
x 0 0
x 0 0
x 0 0
x 0 0
x 0 0
x 0 0
x 0 0
x 0 0
x 0 0
x 0 0
x 0 0
x 0 0
x 0 0
x 0 0
x 0 0
x 0 0
x 0 0
x 0 0
x 0 0
x 0 0
x 0 0
x 0 0
x 0 0
x 0 0
x 0 0
x 0 0
x 0 0
x 0 0
#
# 
# Merged from harmonics.
# This data set was submitted by Jean-Pierre LaPointe
# (scipur@collegenotre-dame.qc.ca) 1996-11-29
# The source was the Table des Marees des Grands Ports du Monde, No. 540,
# from the Service Hydrographique et Oceanographique de la Marine - Paris,
# B.P. 426, 29275 Brest Cedex.
#
# 
# rel_pedigree: 1250000000 (Via LaPointe)
# BEGIN HOT COMMENTS
# country: Ecuador
# restriction: Non-commercial use only
# datum: MLLW
# confidence: 10
# !units: meters
# !longitude: -80.4230
# !latitude: -0.6064
Bahía de Caráquez, Ecuador
-05:00 :America/Guayaquil
1.5100 meters
J1              0.0010  325.00
K1              0.1090  323.00
K2              0.0710  157.70
L2              0.0300  146.00
M1              0.0010  321.00
M2              0.9740  108.00
x 0 0
M4              0.0160  143.00
x 0 0
x 0 0
N2              0.2090   70.00
2N2             0.0280   32.00
O1              0.0170  319.00
OO1             0.0010  327.00
P1              0.0360  322.70
Q1              0.0070  223.00
x 0 0
R2              0.0020  155.80
x 0 0
S2              0.2600  154.00
x 0 0
x 0 0
T2              0.0150  152.20
LDA2            0.0070  129.30
MU2             0.0230   62.00
NU2             0.0410   75.10
RHO1            0.0010  317.30
x 0 0
x 0 0
MN4             0.0150  151.00
MS4             0.0080  179.00
x 0 0
x 0 0
x 0 0
x 0 0
x 0 0
x 0 0
x 0 0
x 0 0
x 0 0
x 0 0
x 0 0
x 0 0
x 0 0
x 0 0
x 0 0
x 0 0
x 0 0
x 0 0
x 0 0
x 0 0
x 0 0
x 0 0
x 0 0
x 0 0
x 0 0
x 0 0
x 0 0
x 0 0
x 0 0
x 0 0
x 0 0
x 0 0
x 0 0
x 0 0
x 0 0
x 0 0
x 0 0
x 0 0
x 0 0
x 0 0
x 0 0
x 0 0
x 0 0
x 0 0
x 0 0
x 0 0
x 0 0
x 0 0
x 0 0
x 0 0
x 0 0
x 0 0
x 0 0
x 0 0
x 0 0
x 0 0
x 0 0
x 0 0
x 0 0
x 0 0
x 0 0
x 0 0
x 0 0
x 0 0
x 0 0
x 0 0
x 0 0
#
# 
# Merged from harmonics.
# This data set was submitted by Jean-Pierre LaPointe
# (scipur@collegenotre-dame.qc.ca) 1996-11-29
# The source was the Table des Marees des Grands Ports du Monde, No. 540,
# from the Service Hydrographique et Oceanographique de la Marine - Paris,
# B.P. 426, 29275 Brest Cedex.
#
# 
# rel_pedigree: 1250000000 (Via LaPointe)
# BEGIN HOT COMMENTS
# country: Myanmar
# restriction: Non-commercial use only
# datum: MLLW
# confidence: 10
# !units: meters
# !longitude: 98.4951
# !latitude: 9.9859
Pulau Besin, Myanmar
+06:30 :Asia/Rangoon
2.1900 meters
J1              0.0040  340.90
K1              0.1430  323.00
K2              0.1580  331.60
L2              0.0300  291.00
M1              0.0030  305.00
M2              1.1430  284.00
x 0 0
M4              0.0180  222.00
x 0 0
x 0 0
N2              0.2130  277.00
2N2             0.0280  270.00
O1              0.0490  287.00
OO1             0.0020  359.00
P1              0.0470  320.30
x 0 0
2Q1             0.0010  251.30
R2              0.0050  329.80
x 0 0
S2              0.5820  328.00
x 0 0
x 0 0
T2              0.0340  326.20
LDA2            0.0080  304.40
MU2             0.0270  240.00
NU2             0.0410  277.90
RHO1            0.0020  271.60
x 0 0
x 0 0
x 0 0
MS4             0.0120  315.00
x 0 0
x 0 0
x 0 0
x 0 0
x 0 0
x 0 0
x 0 0
x 0 0
x 0 0
x 0 0
x 0 0
x 0 0
x 0 0
x 0 0
x 0 0
x 0 0
x 0 0
x 0 0
x 0 0
x 0 0
x 0 0
x 0 0
x 0 0
x 0 0
x 0 0
x 0 0
x 0 0
x 0 0
x 0 0
x 0 0
x 0 0
x 0 0
x 0 0
x 0 0
x 0 0
x 0 0
x 0 0
x 0 0
x 0 0
x 0 0
x 0 0
x 0 0
x 0 0
x 0 0
x 0 0
x 0 0
x 0 0
x 0 0
x 0 0
x 0 0
x 0 0
x 0 0
x 0 0
x 0 0
x 0 0
x 0 0
x 0 0
x 0 0
x 0 0
x 0 0
x 0 0
x 0 0
x 0 0
x 0 0
x 0 0
x 0 0
x 0 0
#
# 
# Merged from harmonics.
# This data set was submitted by Jean-Pierre LaPointe
# (scipur@collegenotre-dame.qc.ca) 1996-11-29
# The source was the Table des Marees des Grands Ports du Monde, No. 540,
# from the Service Hydrographique et Oceanographique de la Marine - Paris,
# B.P. 426, 29275 Brest Cedex.
#
# 
# rel_pedigree: 1250000000 (Via LaPointe)
# BEGIN HOT COMMENTS
# country: Argentina
# restriction: Non-commercial use only
# datum: CD (SHN)
# confidence: 10
# !units: meters
# !longitude: -68.4053
# !latitude: -50.1180
Punta Quilla, Santa Cruz, Argentina
-03:00 :America/Buenos_Aires
6.2000 meters
J1              0.0170  141.70
K1              0.2590  110.00
K2              0.2730   20.10
L2              0.1380  351.00
M1              0.0160   78.00
M2              3.7400  325.00
x 0 0
M4              0.2170  228.00
x 0 0
x 0 0
N2              0.9680  299.00
2N2             0.1290  273.00
O1              0.2210   46.00
OO1             0.0100  174.00
P1              0.0860  105.20
Q1              0.0360  204.00
2Q1             0.0060  342.50
R2              0.0080   18.00
x 0 0
S2              1.0040   16.00
x 0 0
x 0 0
T2              0.0590   14.00
LDA2            0.0260  348.70
MU2             0.0900  274.00
NU2             0.1880  302.50
RHO1            0.0080   18.50
x 0 0
x 0 0
x 0 0
MS4             0.1120  285.00
x 0 0
x 0 0
x 0 0
x 0 0
x 0 0
x 0 0
x 0 0
x 0 0
x 0 0
x 0 0
x 0 0
x 0 0
x 0 0
x 0 0
x 0 0
x 0 0
x 0 0
x 0 0
x 0 0
x 0 0
x 0 0
x 0 0
x 0 0
x 0 0
x 0 0
x 0 0
x 0 0
x 0 0
x 0 0
x 0 0
x 0 0
x 0 0
x 0 0
x 0 0
x 0 0
x 0 0
x 0 0
x 0 0
x 0 0
x 0 0
x 0 0
x 0 0
x 0 0
x 0 0
x 0 0
x 0 0
x 0 0
x 0 0
x 0 0
x 0 0
x 0 0
x 0 0
x 0 0
x 0 0
x 0 0
x 0 0
x 0 0
x 0 0
x 0 0
x 0 0
x 0 0
x 0 0
x 0 0
x 0 0
x 0 0
x 0 0
x 0 0
#
# 
# Merged from harmonics.
# This data set was submitted by Jean-Pierre LaPointe
# (scipur@collegenotre-dame.qc.ca) 1996-11-29
# The source was the Table des Marees des Grands Ports du Monde, No. 540,
# from the Service Hydrographique et Oceanographique de la Marine - Paris,
# B.P. 426, 29275 Brest Cedex.
#
# 
# rel_pedigree: 1250000000 (Via LaPointe)
# BEGIN HOT COMMENTS
# country: South Korea
# restriction: Non-commercial use only
# datum: ALLW (approx.)
# confidence: 10
# !units: meters
# !longitude: 129.0348
# !latitude: 35.0963
Yeong-do, Busan, South Korea
+09:00 :Asia/Seoul
0.6400 meters
J1              0.0010  159.90
K1              0.0440  143.00
K2              0.0510  276.00
L2              0.0110  249.00
M1              0.0010  126.00
M2              0.4000  236.00
x 0 0
M4              0.0110  190.00
x 0 0
x 0 0
N2              0.0790  223.00
2N2             0.0110  210.00
O1              0.0160  109.00
OO1             0.0010  177.00
P1              0.0150  140.50
Q1              0.0010  201.00
x 0 0
R2              0.0020  274.50
x 0 0
S2              0.1890  273.00
x 0 0
x 0 0
T2              0.0110  271.50
LDA2            0.0030  253.20
MU2             0.0100  199.00
NU2             0.0150  224.70
RHO1            0.0010   94.40
x 0 0
x 0 0
MN4             0.0050  173.00
MS4             0.0120  232.00
x 0 0
x 0 0
x 0 0
x 0 0
SA              0.1020  131.00
x 0 0
x 0 0
x 0 0
x 0 0
x 0 0
x 0 0
x 0 0
x 0 0
x 0 0
x 0 0
x 0 0
x 0 0
x 0 0
x 0 0
x 0 0
x 0 0
x 0 0
x 0 0
x 0 0
x 0 0
x 0 0
x 0 0
x 0 0
x 0 0
x 0 0
x 0 0
x 0 0
x 0 0
x 0 0
x 0 0
x 0 0
x 0 0
x 0 0
x 0 0
x 0 0
x 0 0
x 0 0
x 0 0
x 0 0
x 0 0
x 0 0
x 0 0
x 0 0
x 0 0
x 0 0
x 0 0
x 0 0
x 0 0
x 0 0
x 0 0
x 0 0
x 0 0
x 0 0
x 0 0
x 0 0
x 0 0
x 0 0
x 0 0
x 0 0
x 0 0
x 0 0
x 0 0
#
# 
# Merged from harmonics.
# This data set was submitted by Jean-Pierre LaPointe
# (scipur@collegenotre-dame.qc.ca) 1996-11-29
# The source was the Table des Marees des Grands Ports du Monde, No. 540,
# from the Service Hydrographique et Oceanographique de la Marine - Paris,
# B.P. 426, 29275 Brest Cedex.
#
# 
# rel_pedigree: 1250000000 (Via LaPointe)
# BEGIN HOT COMMENTS
# country: Bangladesh
# restriction: Non-commercial use only
# datum: MLLW
# confidence: 10
# !units: meters
# !longitude: 89.5500
# !latitude: 21.7167
Pusur River, Bangladesh
+06:00 :Asia/Dacca
1.7700 meters
J1              0.0050   22.30
K1              0.1080    3.00
K2              0.0960  336.90
L2              0.0210  300.00
M1              0.0040  343.50
M2              0.7980  285.00
x 0 0
M4              0.0140  156.00
x 0 0
x 0 0
N2              0.1470  270.00
2N2             0.0200  255.00
O1              0.0570  324.00
OO1             0.0020   42.00
P1              0.0360    0.10
Q1              0.0150  135.00
2Q1             0.0010  285.30
R2              0.0030  334.90
x 0 0
S2              0.3520  333.00
x 0 0
x 0 0
T2              0.0210  331.10
LDA2            0.0060  307.30
MU2             0.0190  237.00
NU2             0.0290  272.00
RHO1            0.0020  307.30
x 0 0
x 0 0
MN4             0.0030  151.00
MS4             0.0120  235.00
x 0 0
x 0 0
x 0 0
x 0 0
SA              0.3350  140.00
x 0 0
x 0 0
x 0 0
x 0 0
x 0 0
x 0 0
x 0 0
x 0 0
x 0 0
x 0 0
x 0 0
x 0 0
x 0 0
x 0 0
x 0 0
x 0 0
x 0 0
x 0 0
x 0 0
x 0 0
x 0 0
x 0 0
x 0 0
x 0 0
x 0 0
x 0 0
x 0 0
x 0 0
x 0 0
x 0 0
x 0 0
x 0 0
x 0 0
x 0 0
x 0 0
x 0 0
x 0 0
x 0 0
x 0 0
x 0 0
x 0 0
x 0 0
x 0 0
x 0 0
x 0 0
x 0 0
x 0 0
x 0 0
x 0 0
x 0 0
x 0 0
x 0 0
x 0 0
x 0 0
x 0 0
x 0 0
x 0 0
x 0 0
x 0 0
x 0 0
x 0 0
x 0 0
#
# 
# Merged from harmonics.
# This data set was submitted by Jean-Pierre LaPointe
# (scipur@collegenotre-dame.qc.ca) 1996-11-29
# The source was the Table des Marees des Grands Ports du Monde, No. 540,
# from the Service Hydrographique et Oceanographique de la Marine - Paris,
# B.P. 426, 29275 Brest Cedex.
#
# 
# rel_pedigree: 1250000000 (Via LaPointe)
# BEGIN HOT COMMENTS
# country: China
# restriction: Non-commercial use only
# datum: CD
# confidence: 10
# !units: meters
# !longitude: 120.3141
# !latitude: 36.0835
Qingdao, China
+08:00 :Asia/Shanghai
2.3900 meters
J1              0.0060  352.50
K1              0.2500  347.00
K2              0.1120  173.90
L2              0.0440  167.00
M1              0.0060  341.50
M2              1.2100  135.00
x 0 0
x 0 0
x 0 0
x 0 0
N2              0.3100  103.00
2N2             0.0410   71.00
O1              0.0800  336.00
OO1             0.0030  358.00
P1              0.0830  346.20
x 0 0
2Q1             0.0020  325.10
R2              0.0030  172.40
x 0 0
S2              0.4100  171.00
x 0 0
x 0 0
T2              0.0240  169.60
LDA2            0.0080  151.70
MU2             0.0290   99.00
NU2             0.0600  107.30
RHO1            0.0030  331.30
x 0 0
x 0 0
x 0 0
x 0 0
x 0 0
x 0 0
x 0 0
x 0 0
x 0 0
x 0 0
x 0 0
x 0 0
x 0 0
x 0 0
x 0 0
x 0 0
x 0 0
x 0 0
x 0 0
x 0 0
x 0 0
x 0 0
x 0 0
x 0 0
x 0 0
x 0 0
x 0 0
x 0 0
x 0 0
x 0 0
x 0 0
x 0 0
x 0 0
x 0 0
x 0 0
x 0 0
x 0 0
x 0 0
x 0 0
x 0 0
x 0 0
x 0 0
x 0 0
x 0 0
x 0 0
x 0 0
x 0 0
x 0 0
x 0 0
x 0 0
x 0 0
x 0 0
x 0 0
x 0 0
x 0 0
x 0 0
x 0 0
x 0 0
x 0 0
x 0 0
x 0 0
x 0 0
x 0 0
x 0 0
x 0 0
x 0 0
x 0 0
x 0 0
x 0 0
x 0 0
x 0 0
#
# 
# Merged from harmonics.
# This data set was submitted by Jean-Pierre LaPointe
# (scipur@collegenotre-dame.qc.ca) 1996-11-29
# The source was the Table des Marees des Grands Ports du Monde, No. 540,
# from the Service Hydrographique et Oceanographique de la Marine - Paris,
# B.P. 426, 29275 Brest Cedex.
#
# 
# rel_pedigree: 1250000000 (Via LaPointe)
# BEGIN HOT COMMENTS
# country: Mozambique
# restriction: Non-commercial use only
# datum: MLLW
# confidence: 10
# !units: meters
# !longitude: 36.8875
# !latitude: -17.8843
Quelimane, Moçambique
+02:00 :Africa/Maputo
2.5600 meters
J1              0.0040   43.00
K1              0.0290   38.00
K2              0.1880  166.60
L2              0.0300  132.00
M1              0.0030   33.00
M2              1.2470  118.00
x 0 0
M4              0.0560  153.00
x 0 0
x 0 0
N2              0.2100  104.00
2N2             0.0280   90.00
O1              0.0490   28.00
OO1             0.0020   48.00
P1              0.0100   37.30
Q1              0.0160   10.00
2Q1             0.0010   18.10
R2              0.0060  164.80
x 0 0
S2              0.6900  163.00
x 0 0
x 0 0
T2              0.0410  161.20
LDA2            0.0090  138.90
MU2             0.0300   73.00
NU2             0.0410  105.90
RHO1            0.0020   23.70
x 0 0
x 0 0
MN4             0.0240  120.00
MS4             0.0450  200.00
x 0 0
x 0 0
x 0 0
x 0 0
SA              0.2000  351.00
x 0 0
x 0 0
x 0 0
x 0 0
x 0 0
x 0 0
x 0 0
x 0 0
x 0 0
x 0 0
x 0 0
x 0 0
x 0 0
x 0 0
x 0 0
x 0 0
x 0 0
x 0 0
x 0 0
x 0 0
x 0 0
x 0 0
x 0 0
x 0 0
x 0 0
x 0 0
x 0 0
x 0 0
x 0 0
x 0 0
x 0 0
x 0 0
x 0 0
x 0 0
x 0 0
x 0 0
x 0 0
x 0 0
x 0 0
x 0 0
x 0 0
x 0 0
x 0 0
x 0 0
x 0 0
x 0 0
x 0 0
x 0 0
x 0 0
x 0 0
x 0 0
x 0 0
x 0 0
x 0 0
x 0 0
x 0 0
x 0 0
x 0 0
x 0 0
x 0 0
x 0 0
x 0 0
#
# 
# Merged from harmonics.
# This data set was submitted by Jean-Pierre LaPointe
# (scipur@collegenotre-dame.qc.ca) 1996-11-29
# The source was the Table des Marees des Grands Ports du Monde, No. 540,
# from the Service Hydrographique et Oceanographique de la Marine - Paris,
# B.P. 426, 29275 Brest Cedex.
#
# 
# rel_pedigree: 1250000000 (Via LaPointe)
# BEGIN HOT COMMENTS
# country: Argentina
# restriction: Non-commercial use only
# datum: CD (SHN)
# confidence: 10
# !units: meters
# !longitude: -58.7000
# !latitude: -38.5833
Quequén, Buenos Aires, Argentina
-03:00 :America/Buenos_Aires
0.9700 meters
J1              0.0140  120.70
K1              0.1930   85.00
K2              0.0270  282.60
L2              0.0150  237.00
M1              0.0130   49.00
M2              0.5440  195.00
x 0 0
M4              0.0690    1.00
x 0 0
x 0 0
N2              0.1050  153.00
2N2             0.0140  111.00
O1              0.1800   13.00
OO1             0.0080  157.00
P1              0.0640   79.60
Q1              0.0500  345.00
2Q1             0.0050  301.60
R2              0.0010  279.20
x 0 0
S2              0.1010  276.00
x 0 0
x 0 0
T2              0.0060  272.80
LDA2            0.0040  232.60
MU2             0.0130  114.00
NU2             0.0200  158.60
RHO1            0.0070  342.10
x 0 0
x 0 0
MN4             0.0380  318.00
MS4             0.0310   72.00
x 0 0
x 0 0
x 0 0
x 0 0
SA              0.1240  348.00
x 0 0
x 0 0
x 0 0
x 0 0
x 0 0
x 0 0
x 0 0
x 0 0
x 0 0
x 0 0
x 0 0
x 0 0
x 0 0
x 0 0
x 0 0
x 0 0
x 0 0
x 0 0
x 0 0
x 0 0
x 0 0
x 0 0
x 0 0
x 0 0
x 0 0
x 0 0
x 0 0
x 0 0
x 0 0
x 0 0
x 0 0
x 0 0
x 0 0
x 0 0
x 0 0
x 0 0
x 0 0
x 0 0
x 0 0
x 0 0
x 0 0
x 0 0
x 0 0
x 0 0
x 0 0
x 0 0
x 0 0
x 0 0
x 0 0
x 0 0
x 0 0
x 0 0
x 0 0
x 0 0
x 0 0
x 0 0
x 0 0
x 0 0
x 0 0
x 0 0
x 0 0
x 0 0
#
# 
# Merged from harmonics.
# This data set was submitted by Jean-Pierre LaPointe
# (scipur@collegenotre-dame.qc.ca) 1996-11-29
# The source was the Table des Marees des Grands Ports du Monde, No. 540,
# from the Service Hydrographique et Oceanographique de la Marine - Paris,
# B.P. 426, 29275 Brest Cedex.
#
# 
# rel_pedigree: 1250000000 (Via LaPointe)
# BEGIN HOT COMMENTS
# country: Egypt
# restriction: Non-commercial use only
# datum: MLLW
# confidence: 10
# !units: meters
# !longitude: 33.1115
# !latitude: 28.3486
Ra's Gharib, Egypt
+02:00 :Africa/Cairo
0.3000 meters
J1              0.0010  192.50
K1              0.0300  190.00
K2              0.0190    4.40
L2              0.0080    3.00
M1              0.0010  187.50
M2              0.1820  332.00
x 0 0
M4              0.0090  250.00
x 0 0
x 0 0
N2              0.0580  301.00
2N2             0.0080  270.00
O1              0.0180  185.00
OO1             0.0010  195.00
P1              0.0100  189.60
x 0 0
x 0 0
R2              0.0010    3.20
x 0 0
S2              0.0700    2.00
x 0 0
x 0 0
T2              0.0040    0.80
LDA2            0.0010  345.90
MU2             0.0040  302.00
NU2             0.0110  305.20
RHO1            0.0010  182.90
x 0 0
x 0 0
x 0 0
x 0 0
x 0 0
x 0 0
x 0 0
x 0 0
x 0 0
x 0 0
x 0 0
x 0 0
x 0 0
x 0 0
x 0 0
x 0 0
x 0 0
x 0 0
x 0 0
x 0 0
x 0 0
x 0 0
x 0 0
x 0 0
x 0 0
x 0 0
x 0 0
x 0 0
x 0 0
x 0 0
x 0 0
x 0 0
x 0 0
x 0 0
x 0 0
x 0 0
x 0 0
x 0 0
x 0 0
x 0 0
x 0 0
x 0 0
x 0 0
x 0 0
x 0 0
x 0 0
x 0 0
x 0 0
x 0 0
x 0 0
x 0 0
x 0 0
x 0 0
x 0 0
x 0 0
x 0 0
x 0 0
x 0 0
x 0 0
x 0 0
x 0 0
x 0 0
x 0 0
x 0 0
x 0 0
x 0 0
x 0 0
x 0 0
x 0 0
x 0 0
x 0 0
#
# 
# Merged from harmonics.
# This data set was submitted by Jean-Pierre LaPointe
# (scipur@collegenotre-dame.qc.ca) 1996-11-29
# The source was the Table des Marees des Grands Ports du Monde, No. 540,
# from the Service Hydrographique et Oceanographique de la Marine - Paris,
# B.P. 426, 29275 Brest Cedex.
#
# 
# rel_pedigree: 1250000000 (Via LaPointe)
# BEGIN HOT COMMENTS
# country: Saudi Arabia
# restriction: Non-commercial use only
# datum: MLLW
# confidence: 10
# !units: meters
# !longitude: 48.5293
# !latitude: 28.4187
Khafji, Saudi Arabia
+03:00 :Asia/Riyadh
1.1800 meters
J1              0.0170  320.30
K1              0.4230  301.00
K2              0.0320   55.40
L2              0.0120   28.00
M1              0.0150  281.50
M2              0.3270  343.00
x 0 0
M4              0.0320  358.00
x 0 0
x 0 0
N2              0.0810  298.00
2N2             0.0110  253.00
O1              0.2160  262.00
OO1             0.0090  340.00
P1              0.1400  298.10
Q1              0.0470  232.00
2Q1             0.0060  223.30
R2              0.0010   52.70
x 0 0
S2              0.1160   50.00
x 0 0
x 0 0
T2              0.0070   47.30
LDA2            0.0020   14.10
MU2             0.0080  276.00
NU2             0.0160  304.00
RHO1            0.0080  245.30
x 0 0
x 0 0
MN4             0.0150  346.00
MS4             0.0160   86.00
x 0 0
x 0 0
x 0 0
x 0 0
x 0 0
x 0 0
x 0 0
x 0 0
x 0 0
x 0 0
x 0 0
x 0 0
x 0 0
x 0 0
x 0 0
x 0 0
x 0 0
x 0 0
x 0 0
x 0 0
x 0 0
x 0 0
x 0 0
x 0 0
x 0 0
x 0 0
x 0 0
x 0 0
x 0 0
x 0 0
x 0 0
x 0 0
x 0 0
x 0 0
x 0 0
x 0 0
x 0 0
x 0 0
x 0 0
x 0 0
x 0 0
x 0 0
x 0 0
x 0 0
x 0 0
x 0 0
x 0 0
x 0 0
x 0 0
x 0 0
x 0 0
x 0 0
x 0 0
x 0 0
x 0 0
x 0 0
x 0 0
x 0 0
x 0 0
x 0 0
x 0 0
x 0 0
x 0 0
x 0 0
x 0 0
x 0 0
x 0 0
#
# 
# Merged from harmonics.
# This data set was submitted by Jean-Pierre LaPointe
# (scipur@collegenotre-dame.qc.ca) 1996-11-29
# The source was the Table des Marees des Grands Ports du Monde, No. 540,
# from the Service Hydrographique et Oceanographique de la Marine - Paris,
# B.P. 426, 29275 Brest Cedex.
#
# 
# rel_pedigree: 1250000000 (Via LaPointe)
# BEGIN HOT COMMENTS
# country: Saudi Arabia
# restriction: Non-commercial use only
# datum: MLLW
# confidence: 10
# !units: meters
# !longitude: 48.6337
# !latitude: 28.1132
Al Mish ab, Saudi Arabia
+03:00 :Asia/Riyadh
1.0000 meters
J1              0.0170  324.30
K1              0.3800  304.00
K2              0.0220   70.00
L2              0.0090   38.00
M1              0.0150  283.50
M2              0.2500    3.00
x 0 0
M4              0.0400   16.00
x 0 0
x 0 0
N2              0.0600  328.00
2N2             0.0080  293.00
O1              0.2100  263.00
OO1             0.0090  345.00
P1              0.1260  300.90
Q1              0.0400  244.00
2Q1             0.0050  222.30
R2              0.0010   67.50
x 0 0
S2              0.0800   65.00
x 0 0
x 0 0
T2              0.0050   62.50
LDA2            0.0020   31.80
MU2             0.0060  301.00
NU2             0.0120  332.70
RHO1            0.0080  245.40
x 0 0
x 0 0
MN4             0.0100  336.00
MS4             0.0200   86.00
x 0 0
x 0 0
x 0 0
x 0 0
x 0 0
x 0 0
x 0 0
x 0 0
x 0 0
x 0 0
x 0 0
x 0 0
x 0 0
x 0 0
x 0 0
x 0 0
x 0 0
x 0 0
x 0 0
x 0 0
x 0 0
x 0 0
x 0 0
x 0 0
x 0 0
x 0 0
x 0 0
x 0 0
x 0 0
x 0 0
x 0 0
x 0 0
x 0 0
x 0 0
x 0 0
x 0 0
x 0 0
x 0 0
x 0 0
x 0 0
x 0 0
x 0 0
x 0 0
x 0 0
x 0 0
x 0 0
x 0 0
x 0 0
x 0 0
x 0 0
x 0 0
x 0 0
x 0 0
x 0 0
x 0 0
x 0 0
x 0 0
x 0 0
x 0 0
x 0 0
x 0 0
x 0 0
x 0 0
x 0 0
x 0 0
x 0 0
x 0 0
#
# 
# Merged from harmonics.
# This data set was submitted by Jean-Pierre LaPointe
# (scipur@collegenotre-dame.qc.ca) 1996-11-29
# The source was the Table des Marees des Grands Ports du Monde, No. 540,
# from the Service Hydrographique et Oceanographique de la Marine - Paris,
# B.P. 426, 29275 Brest Cedex.
#
# 
# rel_pedigree: 1250000000 (Via LaPointe)
# BEGIN HOT COMMENTS
# country: Saudi Arabia
# restriction: Non-commercial use only
# datum: MLLW
# confidence: 10
# !units: meters
# !longitude: 49.9069
# !latitude: 26.8619
Ghizlan (Ra's al Qulay'ah), Saudi Arabia
+03:00 :Asia/Riyadh
1.0700 meters
J1              0.0080  348.30
K1              0.1800  319.00
K2              0.0440  187.90
L2              0.0140  152.00
M1              0.0070  289.50
M2              0.4800  123.00
x 0 0
M4              0.0100  204.00
x 0 0
x 0 0
N2              0.1000   94.00
2N2             0.0130   65.00
O1              0.1000  260.00
OO1             0.0040   18.00
P1              0.0600  314.60
Q1              0.0200  244.00
2Q1             0.0030  201.50
R2              0.0010  185.40
x 0 0
S2              0.1600  183.00
x 0 0
x 0 0
T2              0.0090  180.60
LDA2            0.0030  150.80
MU2             0.0120   63.00
NU2             0.0190   97.90
RHO1            0.0040  234.70
x 0 0
x 0 0
x 0 0
MS4             0.0100  294.00
x 0 0
x 0 0
x 0 0
x 0 0
x 0 0
x 0 0
x 0 0
x 0 0
x 0 0
x 0 0
x 0 0
x 0 0
x 0 0
x 0 0
x 0 0
x 0 0
x 0 0
x 0 0
x 0 0
x 0 0
x 0 0
x 0 0
x 0 0
x 0 0
x 0 0
x 0 0
x 0 0
x 0 0
x 0 0
x 0 0
x 0 0
x 0 0
x 0 0
x 0 0
x 0 0
x 0 0
x 0 0
x 0 0
x 0 0
x 0 0
x 0 0
x 0 0
x 0 0
x 0 0
x 0 0
x 0 0
x 0 0
x 0 0
x 0 0
x 0 0
x 0 0
x 0 0
x 0 0
x 0 0
x 0 0
x 0 0
x 0 0
x 0 0
x 0 0
x 0 0
x 0 0
x 0 0
x 0 0
x 0 0
x 0 0
x 0 0
x 0 0
#
# 
# Merged from harmonics.
# This data set was submitted by Jean-Pierre LaPointe
# (scipur@collegenotre-dame.qc.ca) 1996-11-29
# The source was the Table des Marees des Grands Ports du Monde, No. 540,
# from the Service Hydrographique et Oceanographique de la Marine - Paris,
# B.P. 426, 29275 Brest Cedex.
#
# 
# rel_pedigree: 1250000000 (Via LaPointe)
# BEGIN HOT COMMENTS
# country: Morocco
# restriction: Non-commercial use only
# datum: MLLW
# confidence: 10
# shom_code: RABAT
# !units: meters
# !longitude: -6.8362
# !latitude: 34.0357
Rabat, Morocco
+00:00 :Africa/Casablanca
2.1000 meters
J1              0.0030  114.50
K1              0.0600   58.00
K2              0.0950   84.90
L2              0.0240   59.00
M1              0.0030    1.00
M2              0.8800   59.00
x 0 0
x 0 0
x 0 0
x 0 0
N2              0.1710   59.00
2N2             0.0230   59.00
O1              0.0390  304.00
OO1             0.0020  172.00
P1              0.0200   49.50
Q1              0.0070  304.00
2Q1             0.0010  190.90
R2              0.0030   84.00
x 0 0
S2              0.3500   83.00
x 0 0
x 0 0
T2              0.0210   82.00
LDA2            0.0060   70.10
MU2             0.0210   35.00
NU2             0.0330   59.00
RHO1            0.0010  255.10
x 0 0
x 0 0
x 0 0
x 0 0
x 0 0
x 0 0
x 0 0
x 0 0
x 0 0
x 0 0
x 0 0
x 0 0
x 0 0
x 0 0
x 0 0
x 0 0
x 0 0
x 0 0
x 0 0
x 0 0
x 0 0
x 0 0
x 0 0
x 0 0
x 0 0
x 0 0
x 0 0
x 0 0
x 0 0
x 0 0
x 0 0
x 0 0
x 0 0
x 0 0
x 0 0
x 0 0
x 0 0
x 0 0
x 0 0
x 0 0
x 0 0
x 0 0
x 0 0
x 0 0
x 0 0
x 0 0
x 0 0
x 0 0
x 0 0
x 0 0
x 0 0
x 0 0
x 0 0
x 0 0
x 0 0
x 0 0
x 0 0
x 0 0
x 0 0
x 0 0
x 0 0
x 0 0
x 0 0
x 0 0
x 0 0
x 0 0
x 0 0
x 0 0
x 0 0
x 0 0
x 0 0
#
# 
# Merged from harmonics.
# This data set was submitted by Jean-Pierre LaPointe
# (scipur@collegenotre-dame.qc.ca) 1996-11-29
# The source was the Table des Marees des Grands Ports du Monde, No. 540,
# from the Service Hydrographique et Oceanographique de la Marine - Paris,
# B.P. 426, 29275 Brest Cedex.
#
# 
# rel_pedigree: 1250000000 (Via LaPointe)
# BEGIN HOT COMMENTS
# country: France
# restriction: Non-commercial use only
# datum: ZH
# confidence: 10
# !units: meters
# !longitude: -147.6873
# !latitude: -23.8678
Raivavae, Austral Islands, French Polynesia
-10:00 :Pacific/Tahiti
0.5300 meters
J1              0.0020  194.80
K1              0.0210  230.00
K2              0.0310   22.50
L2              0.0060  350.00
M1              0.0010  265.50
M2              0.1340    2.00
x 0 0
x 0 0
x 0 0
x 0 0
N2              0.0400   14.00
2N2             0.0050   26.00
O1              0.0190  301.00
OO1             0.0010  159.00
P1              0.0070  235.30
x 0 0
x 0 0
R2              0.0010   21.80
x 0 0
S2              0.1130   21.00
x 0 0
x 0 0
T2              0.0070   20.20
LDA2            0.0010   10.80
MU2             0.0030  343.00
NU2             0.0080   12.40
RHO1            0.0010  331.50
x 0 0
x 0 0
x 0 0
x 0 0
x 0 0
x 0 0
x 0 0
x 0 0
x 0 0
x 0 0
x 0 0
x 0 0
x 0 0
x 0 0
x 0 0
x 0 0
x 0 0
x 0 0
x 0 0
x 0 0
x 0 0
x 0 0
x 0 0
x 0 0
x 0 0
x 0 0
x 0 0
x 0 0
x 0 0
x 0 0
x 0 0
x 0 0
x 0 0
x 0 0
x 0 0
x 0 0
x 0 0
x 0 0
x 0 0
x 0 0
x 0 0
x 0 0
x 0 0
x 0 0
x 0 0
x 0 0
x 0 0
x 0 0
x 0 0
x 0 0
x 0 0
x 0 0
x 0 0
x 0 0
x 0 0
x 0 0
x 0 0
x 0 0
x 0 0
x 0 0
x 0 0
x 0 0
x 0 0
x 0 0
x 0 0
x 0 0
x 0 0
x 0 0
x 0 0
x 0 0
x 0 0
#
# 
# Merged from harmonics.
# This data set was submitted by Jean-Pierre LaPointe
# (scipur@collegenotre-dame.qc.ca) 1996-11-29
# The source was the Table des Marees des Grands Ports du Monde, No. 540,
# from the Service Hydrographique et Oceanographique de la Marine - Paris,
# B.P. 426, 29275 Brest Cedex.
#
# 
# rel_pedigree: 1250000000 (Via LaPointe)
# BEGIN HOT COMMENTS
# country: Myanmar
# restriction: Non-commercial use only
# datum: MLLW
# confidence: 10
# !units: meters
# !longitude: 96.3192
# !latitude: 16.4615
Elephant Point (Thaunggon), Myanmar
+06:30 :Asia/Rangoon
3.6600 meters
J1              0.0080   31.40
K1              0.2270   21.00
K2              0.1970  145.50
L2              0.0480  118.00
M1              0.0070   10.50
M2              1.7990   99.00
x 0 0
M4              0.0860   80.00
x 0 0
x 0 0
N2              0.3390   80.00
2N2             0.0450   61.00
O1              0.0980    0.00
OO1             0.0040   42.00
P1              0.0750   19.40
Q1              0.0080  342.00
2Q1             0.0030  339.20
R2              0.0060  143.70
x 0 0
S2              0.7260  142.00
x 0 0
x 0 0
T2              0.0430  140.30
LDA2            0.0130  119.00
MU2             0.0430   56.00
NU2             0.0660   82.50
RHO1            0.0040  351.00
x 0 0
x 0 0
MN4             0.0580   54.00
MS4             0.0890  125.00
x 0 0
x 0 0
x 0 0
x 0 0
SA              0.2570  140.00
x 0 0
x 0 0
x 0 0
x 0 0
x 0 0
x 0 0
x 0 0
x 0 0
x 0 0
x 0 0
x 0 0
x 0 0
x 0 0
x 0 0
x 0 0
x 0 0
x 0 0
x 0 0
x 0 0
x 0 0
x 0 0
x 0 0
x 0 0
x 0 0
x 0 0
x 0 0
x 0 0
x 0 0
x 0 0
x 0 0
x 0 0
x 0 0
x 0 0
x 0 0
x 0 0
x 0 0
x 0 0
x 0 0
x 0 0
x 0 0
x 0 0
x 0 0
x 0 0
x 0 0
x 0 0
x 0 0
x 0 0
x 0 0
x 0 0
x 0 0
x 0 0
x 0 0
x 0 0
x 0 0
x 0 0
x 0 0
x 0 0
x 0 0
x 0 0
x 0 0
x 0 0
x 0 0
#
# 
# Merged from harmonics.
# This data set was submitted by Jean-Pierre LaPointe
# (scipur@collegenotre-dame.qc.ca) 1996-11-29
# The source was the Table des Marees des Grands Ports du Monde, No. 540,
# from the Service Hydrographique et Oceanographique de la Marine - Paris,
# B.P. 426, 29275 Brest Cedex.
#
# 
# rel_pedigree: 1250000000 (Via LaPointe)
# BEGIN HOT COMMENTS
# country: Cambodia
# restriction: Non-commercial use only
# datum: MLLW
# confidence: 10
# !units: meters
# !longitude: 103.5961
# !latitude: 10.5487
Ream, Cambodia
+07:00 :Asia/Phnom_Penh
0.8000 meters
J1              0.0120   86.50
K1              0.1770   82.00
K2              0.0090   58.60
L2              0.0030  340.00
M1              0.0110   77.50
M2              0.0760  344.00
x 0 0
x 0 0
x 0 0
x 0 0
N2              0.0190  348.00
2N2             0.0030  352.00
O1              0.1530   73.00
OO1             0.0070   91.00
P1              0.0590   81.30
Q1              0.0410   52.00
2Q1             0.0040   64.10
x 0 0
x 0 0
S2              0.0340   53.00
x 0 0
x 0 0
T2              0.0020   50.20
LDA2            0.0010   16.00
MU2             0.0020  275.00
NU2             0.0040  347.50
RHO1            0.0060   69.10
x 0 0
x 0 0
x 0 0
x 0 0
x 0 0
x 0 0
x 0 0
x 0 0
x 0 0
x 0 0
x 0 0
x 0 0
x 0 0
x 0 0
x 0 0
x 0 0
x 0 0
x 0 0
x 0 0
x 0 0
x 0 0
x 0 0
x 0 0
x 0 0
x 0 0
x 0 0
x 0 0
x 0 0
x 0 0
x 0 0
x 0 0
x 0 0
x 0 0
x 0 0
x 0 0
x 0 0
x 0 0
x 0 0
x 0 0
x 0 0
x 0 0
x 0 0
x 0 0
x 0 0
x 0 0
x 0 0
x 0 0
x 0 0
x 0 0
x 0 0
x 0 0
x 0 0
x 0 0
x 0 0
x 0 0
x 0 0
x 0 0
x 0 0
x 0 0
x 0 0
x 0 0
x 0 0
x 0 0
x 0 0
x 0 0
x 0 0
x 0 0
x 0 0
x 0 0
x 0 0
x 0 0
#
# 
# Merged from harmonics.
# This data set was submitted by Jean-Pierre LaPointe
# (scipur@collegenotre-dame.qc.ca) 1996-11-29
# The source was the Table des Marees des Grands Ports du Monde, No. 540,
# from the Service Hydrographique et Oceanographique de la Marine - Paris,
# B.P. 426, 29275 Brest Cedex.
#
# 
# rel_pedigree: 1250000000 (Via LaPointe)
# BEGIN HOT COMMENTS
# country: Croatia
# restriction: Non-commercial use only
# datum: MLLW
# confidence: 10
# !units: meters
# !longitude: 14.4167
# !latitude: 45.3333
Rijeka, Croatia
+01:00 :Europe/Zagreb
0.3000 meters
J1              0.0030   71.50
K1              0.1400   66.00
K2              0.0160  250.10
L2              0.0030  257.00
M1              0.0030   60.50
M2              0.1040  249.00
x 0 0
x 0 0
x 0 0
x 0 0
N2              0.0190  241.00
2N2             0.0030  233.00
O1              0.0400   55.00
OO1             0.0020   77.00
P1              0.0460   65.20
x 0 0
2Q1             0.0010   44.10
x 0 0
x 0 0
S2              0.0570  250.00
x 0 0
x 0 0
T2              0.0030  250.00
LDA2            0.0010  249.50
MU2             0.0020  248.00
NU2             0.0040  242.10
RHO1            0.0020   50.30
x 0 0
x 0 0
x 0 0
x 0 0
x 0 0
x 0 0
x 0 0
x 0 0
x 0 0
x 0 0
x 0 0
x 0 0
x 0 0
x 0 0
x 0 0
x 0 0
x 0 0
x 0 0
x 0 0
x 0 0
x 0 0
x 0 0
x 0 0
x 0 0
x 0 0
x 0 0
x 0 0
x 0 0
x 0 0
x 0 0
x 0 0
x 0 0
x 0 0
x 0 0
x 0 0
x 0 0
x 0 0
x 0 0
x 0 0
x 0 0
x 0 0
x 0 0
x 0 0
x 0 0
x 0 0
x 0 0
x 0 0
x 0 0
x 0 0
x 0 0
x 0 0
x 0 0
x 0 0
x 0 0
x 0 0
x 0 0
x 0 0
x 0 0
x 0 0
x 0 0
x 0 0
x 0 0
x 0 0
x 0 0
x 0 0
x 0 0
x 0 0
x 0 0
x 0 0
x 0 0
x 0 0
#
# 
# Merged from harmonics.
# This data set was submitted by Jean-Pierre LaPointe
# (scipur@collegenotre-dame.qc.ca) 1996-11-29
# The source was the Table des Marees des Grands Ports du Monde, No. 540,
# from the Service Hydrographique et Oceanographique de la Marine - Paris,
# B.P. 426, 29275 Brest Cedex.
#
# 
# rel_pedigree: 1250000000 (Via LaPointe)
# BEGIN HOT COMMENTS
# country: Argentina
# restriction: Non-commercial use only
# datum: CD (SHN)
# confidence: 10
# !units: meters
# !longitude: -62.7555
# !latitude: -41.0333
Villa 7 de Marzo (Punta Redonda), Río Negro, Argentina
-03:00 :America/Buenos_Aires
2.1300 meters
J1              0.0040  334.40
K1              0.2190  324.00
K2              0.0600   74.50
L2              0.0400   38.00
M1              0.0040  313.50
M2              1.4430    1.00
x 0 0
x 0 0
x 0 0
x 0 0
N2              0.2800  324.00
2N2             0.0370  287.00
O1              0.0530  303.00
OO1             0.0020  345.00
P1              0.0720  322.40
x 0 0
2Q1             0.0010  282.20
R2              0.0020   71.70
x 0 0
S2              0.2200   69.00
x 0 0
x 0 0
T2              0.0130   66.30
LDA2            0.0100   32.60
MU2             0.0350  293.00
NU2             0.0540  329.00
RHO1            0.0020  294.00
x 0 0
x 0 0
x 0 0
x 0 0
x 0 0
x 0 0
x 0 0
x 0 0
x 0 0
x 0 0
x 0 0
x 0 0
x 0 0
x 0 0
x 0 0
x 0 0
x 0 0
x 0 0
x 0 0
x 0 0
x 0 0
x 0 0
x 0 0
x 0 0
x 0 0
x 0 0
x 0 0
x 0 0
x 0 0
x 0 0
x 0 0
x 0 0
x 0 0
x 0 0
x 0 0
x 0 0
x 0 0
x 0 0
x 0 0
x 0 0
x 0 0
x 0 0
x 0 0
x 0 0
x 0 0
x 0 0
x 0 0
x 0 0
x 0 0
x 0 0
x 0 0
x 0 0
x 0 0
x 0 0
x 0 0
x 0 0
x 0 0
x 0 0
x 0 0
x 0 0
x 0 0
x 0 0
x 0 0
x 0 0
x 0 0
x 0 0
x 0 0
x 0 0
x 0 0
x 0 0
x 0 0
#
# 
# Merged from harmonics.
# This data set was submitted by Jean-Pierre LaPointe
# (scipur@collegenotre-dame.qc.ca) 1996-11-29
# The source was the Table des Marees des Grands Ports du Monde, No. 540,
# from the Service Hydrographique et Oceanographique de la Marine - Paris,
# B.P. 426, 29275 Brest Cedex.
#
# 
# rel_pedigree: 1250000000 (Via LaPointe)
# BEGIN HOT COMMENTS
# country: United Kingdom
# restriction: Non-commercial use only
# datum: ACD
# confidence: 10
# !units: meters
# !longitude: -1.1667
# !latitude: 54.6333
River Tees (Teesmouth), England, United Kingdom
+00:00 :Europe/London
3.1700 meters
J1              0.0110  327.90
K1              0.1280  248.00
K2              0.1560  141.20
L2              0.0470  122.00
M1              0.0100  167.50
M2              1.6930   98.00
x 0 0
M4              0.0330  115.00
x 0 0
x 0 0
N2              0.3300   74.00
2N2             0.0440   50.00
O1              0.1420   87.00
OO1             0.0060   49.00
P1              0.0420  235.90
Q1              0.0400   19.00
2Q1             0.0040  287.30
R2              0.0050  139.60
x 0 0
S2              0.5720  138.00
x 0 0
x 0 0
T2              0.0340  136.40
LDA2            0.0120  116.60
MU2             0.0410   58.00
NU2             0.0640   77.20
RHO1            0.0050   17.90
x 0 0
x 0 0
MN4             0.0060   75.00
MS4             0.0270   11.50
x 0 0
x 0 0
x 0 0
x 0 0
SA              0.1020  189.00
x 0 0
x 0 0
x 0 0
x 0 0
x 0 0
x 0 0
x 0 0
x 0 0
x 0 0
x 0 0
x 0 0
x 0 0
x 0 0
x 0 0
x 0 0
x 0 0
x 0 0
x 0 0
x 0 0
x 0 0
x 0 0
x 0 0
x 0 0
x 0 0
x 0 0
x 0 0
x 0 0
x 0 0
x 0 0
x 0 0
x 0 0
x 0 0
x 0 0
x 0 0
x 0 0
x 0 0
x 0 0
x 0 0
x 0 0
x 0 0
x 0 0
x 0 0
x 0 0
x 0 0
x 0 0
x 0 0
x 0 0
x 0 0
x 0 0
x 0 0
x 0 0
x 0 0
x 0 0
x 0 0
x 0 0
x 0 0
x 0 0
x 0 0
x 0 0
x 0 0
x 0 0
x 0 0
#
# 
# Merged from harmonics.
# This data set was submitted by Jean-Pierre LaPointe
# (scipur@collegenotre-dame.qc.ca) 1996-11-29
# The source was the Table des Marees des Grands Ports du Monde, No. 540,
# from the Service Hydrographique et Oceanographique de la Marine - Paris,
# B.P. 426, 29275 Brest Cedex.
#
# 
# rel_pedigree: 1250000000 (Via LaPointe)
# BEGIN HOT COMMENTS
# country: United Kingdom
# restriction: Non-commercial use only
# datum: ACD
# confidence: 10
# !units: meters
# !longitude: -1.4029
# !latitude: 55.0144
Tynemouth Lighthouse, England, United Kingdom
+00:00 :Europe/London
2.8500 meters
J1              0.0110  320.40
K1              0.1160  241.00
K2              0.1470  134.30
L2              0.0450  117.00
M1              0.0100  161.00
M2              1.5900   90.00
x 0 0
M4              0.0110  140.00
x 0 0
x 0 0
N2              0.3140   63.00
2N2             0.0420   36.00
O1              0.1360   81.00
OO1             0.0060   41.00
P1              0.0380  229.00
Q1              0.0470   26.00
2Q1             0.0040  282.30
R2              0.0040  132.60
x 0 0
S2              0.5400  131.00
x 0 0
x 0 0
T2              0.0320  129.40
LDA2            0.0110  109.00
MU2             0.0380   49.00
NU2             0.0610   66.60
RHO1            0.0050   12.40
x 0 0
x 0 0
x 0 0
MS4             0.0110   92.00
x 0 0
x 0 0
x 0 0
x 0 0
SA              0.0990  227.00
x 0 0
x 0 0
x 0 0
x 0 0
x 0 0
x 0 0
x 0 0
x 0 0
x 0 0
x 0 0
x 0 0
x 0 0
x 0 0
x 0 0
x 0 0
x 0 0
x 0 0
x 0 0
x 0 0
x 0 0
x 0 0
x 0 0
x 0 0
x 0 0
x 0 0
x 0 0
x 0 0
x 0 0
x 0 0
x 0 0
x 0 0
x 0 0
x 0 0
x 0 0
x 0 0
x 0 0
x 0 0
x 0 0
x 0 0
x 0 0
x 0 0
x 0 0
x 0 0
x 0 0
x 0 0
x 0 0
x 0 0
x 0 0
x 0 0
x 0 0
x 0 0
x 0 0
x 0 0
x 0 0
x 0 0
x 0 0
x 0 0
x 0 0
x 0 0
x 0 0
x 0 0
x 0 0
#
# 
# Merged from harmonics.
# This data set was submitted by Jean-Pierre LaPointe
# (scipur@collegenotre-dame.qc.ca) 1996-11-29
# The source was the Table des Marees des Grands Ports du Monde, No. 540,
# from the Service Hydrographique et Oceanographique de la Marine - Paris,
# B.P. 426, 29275 Brest Cedex.
#
# 
# rel_pedigree: 1250000000 (Via LaPointe)
# BEGIN HOT COMMENTS
# country: Argentina
# restriction: Non-commercial use only
# datum: CD (SHN)
# confidence: 10
# !units: meters
# !longitude: -62.0721
# !latitude: -38.9207
Punta Rosales (Punta Ala), Buenos Aires, Argentina
-03:00 :America/Buenos_Aires
2.4400 meters
J1              0.0130   82.30
K1              0.2250   53.00
K2              0.0620  312.40
L2              0.0310  261.00
M1              0.0120   23.50
M2              1.4880  173.00
x 0 0
M4              0.1160  183.00
x 0 0
x 0 0
N2              0.2200   85.00
2N2             0.0290  357.00
O1              0.1630  354.00
OO1             0.0070  112.00
P1              0.0740   48.60
Q1              0.0370  336.00
2Q1             0.0040  295.50
R2              0.0020  307.20
x 0 0
S2              0.2280  302.00
x 0 0
x 0 0
T2              0.0130  296.80
LDA2            0.0100  232.90
MU2             0.0360   44.00
NU2             0.0430   96.80
RHO1            0.0060  328.70
x 0 0
x 0 0
MN4             0.0400   96.00
MS4             0.0370  307.00
x 0 0
x 0 0
x 0 0
x 0 0
SA              0.0820  339.00
x 0 0
x 0 0
x 0 0
x 0 0
x 0 0
x 0 0
x 0 0
x 0 0
x 0 0
x 0 0
x 0 0
x 0 0
x 0 0
x 0 0
x 0 0
x 0 0
x 0 0
x 0 0
x 0 0
x 0 0
x 0 0
x 0 0
x 0 0
x 0 0
x 0 0
x 0 0
x 0 0
x 0 0
x 0 0
x 0 0
x 0 0
x 0 0
x 0 0
x 0 0
x 0 0
x 0 0
x 0 0
x 0 0
x 0 0
x 0 0
x 0 0
x 0 0
x 0 0
x 0 0
x 0 0
x 0 0
x 0 0
x 0 0
x 0 0
x 0 0
x 0 0
x 0 0
x 0 0
x 0 0
x 0 0
x 0 0
x 0 0
x 0 0
x 0 0
x 0 0
x 0 0
x 0 0
#
# 
# Merged from harmonics.
# This data set was submitted by Jean-Pierre LaPointe
# (scipur@collegenotre-dame.qc.ca) 1996-11-29
# The source was the Table des Marees des Grands Ports du Monde, No. 540,
# from the Service Hydrographique et Oceanographique de la Marine - Paris,
# B.P. 426, 29275 Brest Cedex.
#
# 
# rel_pedigree: 1250000000 (Via LaPointe)
# BEGIN HOT COMMENTS
# country: United Kingdom
# restriction: Non-commercial use only
# datum: ACD
# confidence: 10
# psmsl_id: 1074
# ssc_id: SSC-rosy
# !units: meters
# !longitude: -3.4447
# !latitude: 56.0188
Rosyth, Scotland, United Kingdom
+00:00 :Europe/London
3.3900 meters
J1              0.0120  295.90
K1              0.1230  219.00
K2              0.1770   97.20
L2              0.0520   78.00
M1              0.0110  141.50
M2              1.9010   55.00
x 0 0
M4              0.1040  181.00
x 0 0
x 0 0
N2              0.3630   32.00
2N2             0.0480    9.00
O1              0.1490   64.00
OO1             0.0060   14.00
P1              0.0410  207.40
Q1              0.0450    6.00
2Q1             0.0040  270.20
R2              0.0050   95.60
x 0 0
S2              0.6490   94.00
x 0 0
x 0 0
T2              0.0380   92.40
LDA2            0.0130   73.10
MU2             0.0460   16.00
NU2             0.0700   35.10
RHO1            0.0060  357.50
x 0 0
x 0 0
MN4             0.0330  121.00
MS4             0.0830  303.00
x 0 0
x 0 0
x 0 0
x 0 0
SA              0.0340  174.00
x 0 0
x 0 0
x 0 0
x 0 0
x 0 0
x 0 0
x 0 0
x 0 0
x 0 0
x 0 0
x 0 0
x 0 0
x 0 0
x 0 0
x 0 0
x 0 0
x 0 0
x 0 0
x 0 0
x 0 0
x 0 0
x 0 0
x 0 0
x 0 0
x 0 0
x 0 0
x 0 0
x 0 0
x 0 0
x 0 0
x 0 0
x 0 0
x 0 0
x 0 0
x 0 0
x 0 0
x 0 0
x 0 0
x 0 0
x 0 0
x 0 0
x 0 0
x 0 0
x 0 0
x 0 0
x 0 0
x 0 0
x 0 0
x 0 0
x 0 0
x 0 0
x 0 0
x 0 0
x 0 0
x 0 0
x 0 0
x 0 0
x 0 0
x 0 0
x 0 0
x 0 0
x 0 0
#
# 
# Merged from harmonics.
# This data set was submitted by Jean-Pierre LaPointe
# (scipur@collegenotre-dame.qc.ca) 1996-11-29
# The source was the Table des Marees des Grands Ports du Monde, No. 540,
# from the Service Hydrographique et Oceanographique de la Marine - Paris,
# B.P. 426, 29275 Brest Cedex.
#
# 
# rel_pedigree: 1250000000 (Via LaPointe)
# BEGIN HOT COMMENTS
# country: Spain
# restriction: Non-commercial use only
# datum: LAT
# confidence: 10
# ihm_code: 40
# !units: meters
# !longitude: -6.3281
# !latitude: 36.6133
Rota, Spain
+00:00 :Europe/Madrid
1.8200 meters
J1              0.0050   75.20
K1              0.0590   41.00
K2              0.1000   80.10
L2              0.0300   67.00
M1              0.0050    6.50
M2              1.0480   52.00
x 0 0
M4              0.0190  167.00
x 0 0
x 0 0
N2              0.2130   37.00
2N2             0.0280   22.00
O1              0.0690  332.00
OO1             0.0030  110.00
P1              0.0200   35.80
Q1              0.0140  297.00
2Q1             0.0020  263.60
R2              0.0030   79.00
x 0 0
S2              0.3690   78.00
x 0 0
x 0 0
T2              0.0220   77.00
LDA2            0.0070   64.10
MU2             0.0250   26.00
NU2             0.0410   39.00
RHO1            0.0030  302.40
x 0 0
x 0 0
x 0 0
MS4             0.0060  235.00
x 0 0
x 0 0
x 0 0
x 0 0
x 0 0
x 0 0
x 0 0
x 0 0
x 0 0
x 0 0
x 0 0
x 0 0
x 0 0
x 0 0
x 0 0
x 0 0
x 0 0
x 0 0
x 0 0
x 0 0
x 0 0
x 0 0
x 0 0
x 0 0
x 0 0
x 0 0
x 0 0
x 0 0
x 0 0
x 0 0
x 0 0
x 0 0
x 0 0
x 0 0
x 0 0
x 0 0
x 0 0
x 0 0
x 0 0
x 0 0
x 0 0
x 0 0
x 0 0
x 0 0
x 0 0
x 0 0
x 0 0
x 0 0
x 0 0
x 0 0
x 0 0
x 0 0
x 0 0
x 0 0
x 0 0
x 0 0
x 0 0
x 0 0
x 0 0
x 0 0
x 0 0
x 0 0
x 0 0
x 0 0
x 0 0
x 0 0
x 0 0
#
# 
# Merged from harmonics.
# This data set was submitted by Jean-Pierre LaPointe
# (scipur@collegenotre-dame.qc.ca) 1996-11-29
# The source was the Table des Marees des Grands Ports du Monde, No. 540,
# from the Service Hydrographique et Oceanographique de la Marine - Paris,
# B.P. 426, 29275 Brest Cedex.
#
# 
# rel_pedigree: 1250000000 (Via LaPointe)
# BEGIN HOT COMMENTS
# country: India
# restriction: Non-commercial use only
# datum: LAT
# confidence: 10
# !units: meters
# !longitude: 88.0500
# !latitude: 21.6500
Sagar Island, West Bengal, India
+05:30 :Asia/Calcutta
3.0000 meters
J1              0.0040  353.90
K1              0.1500  345.00
K2              0.1800  318.20
L2              0.0390  287.00
M1              0.0040  336.00
M2              1.4020  275.00
x 0 0
M4              0.0480  133.00
x 0 0
x 0 0
N2              0.2760  263.00
2N2             0.0370  251.00
O1              0.0520  327.00
OO1             0.0020    3.00
P1              0.0500  343.70
Q1              0.0040   54.00
2Q1             0.0010  309.10
R2              0.0050  316.60
x 0 0
S2              0.6610  315.00
x 0 0
x 0 0
T2              0.0390  313.40
LDA2            0.0100  293.60
MU2             0.0340  235.00
NU2             0.0540  264.60
RHO1            0.0020  319.30
x 0 0
x 0 0
MN4             0.0230  112.00
MS4             0.0480  170.00
x 0 0
x 0 0
x 0 0
x 0 0
SA              0.2760  147.00
x 0 0
x 0 0
x 0 0
x 0 0
x 0 0
x 0 0
x 0 0
x 0 0
x 0 0
x 0 0
x 0 0
x 0 0
x 0 0
x 0 0
x 0 0
x 0 0
x 0 0
x 0 0
x 0 0
x 0 0
x 0 0
x 0 0
x 0 0
x 0 0
x 0 0
x 0 0
x 0 0
x 0 0
x 0 0
x 0 0
x 0 0
x 0 0
x 0 0
x 0 0
x 0 0
x 0 0
x 0 0
x 0 0
x 0 0
x 0 0
x 0 0
x 0 0
x 0 0
x 0 0
x 0 0
x 0 0
x 0 0
x 0 0
x 0 0
x 0 0
x 0 0
x 0 0
x 0 0
x 0 0
x 0 0
x 0 0
x 0 0
x 0 0
x 0 0
x 0 0
x 0 0
x 0 0
#
# 
# Merged from harmonics.
# This data set was submitted by Jean-Pierre LaPointe
# (scipur@collegenotre-dame.qc.ca) 1996-11-29
# The source was the Table des Marees des Grands Ports du Monde, No. 540,
# from the Service Hydrographique et Oceanographique de la Marine - Paris,
# B.P. 426, 29275 Brest Cedex.
#
# 
# rel_pedigree: 1250000000 (Via LaPointe)
# BEGIN HOT COMMENTS
# country: Grenada
# restriction: Non-commercial use only
# datum: MLLW
# confidence: 10
# !units: meters
# !longitude: -61.7500
# !latitude: 12.0500
Saint George's Harbour, Grenada
-04:00 :America/Grenada
0.5000 meters
J1              0.0060  193.50
K1              0.0800  191.00
K2              0.0080   97.90
L2              0.0040   74.00
M1              0.0050  188.50
M2              0.0600   72.00
x 0 0
x 0 0
x 0 0
x 0 0
N2              0.0300   70.00
2N2             0.0040   68.00
O1              0.0700  186.00
OO1             0.0030  196.00
P1              0.0260  190.60
Q1              0.0100  131.00
2Q1             0.0020  181.00
x 0 0
x 0 0
S2              0.0300   96.00
x 0 0
x 0 0
T2              0.0020   95.00
x 0 0
MU2             0.0010   48.00
NU2             0.0060   70.30
RHO1            0.0030  183.90
x 0 0
x 0 0
x 0 0
x 0 0
x 0 0
x 0 0
x 0 0
x 0 0
x 0 0
x 0 0
x 0 0
x 0 0
x 0 0
x 0 0
x 0 0
x 0 0
x 0 0
x 0 0
x 0 0
x 0 0
x 0 0
x 0 0
x 0 0
x 0 0
x 0 0
x 0 0
x 0 0
x 0 0
x 0 0
x 0 0
x 0 0
x 0 0
x 0 0
x 0 0
x 0 0
x 0 0
x 0 0
x 0 0
x 0 0
x 0 0
x 0 0
x 0 0
x 0 0
x 0 0
x 0 0
x 0 0
x 0 0
x 0 0
x 0 0
x 0 0
x 0 0
x 0 0
x 0 0
x 0 0
x 0 0
x 0 0
x 0 0
x 0 0
x 0 0
x 0 0
x 0 0
x 0 0
x 0 0
x 0 0
x 0 0
x 0 0
x 0 0
x 0 0
x 0 0
x 0 0
x 0 0
#
# 
# Merged from harmonics.
# This data set was submitted by Jean-Pierre LaPointe
# (scipur@collegenotre-dame.qc.ca) 1996-11-29
# The source was the Table des Marees des Grands Ports du Monde, No. 540,
# from the Service Hydrographique et Oceanographique de la Marine - Paris,
# B.P. 426, 29275 Brest Cedex.
#
# 
# rel_pedigree: 1250000000 (Via LaPointe)
# BEGIN HOT COMMENTS
# country: Canada
# restriction: Non-commercial use only
# datum: LLWLT
# confidence: 10
# chs_id: 00905
# !units: meters
# !longitude: -52.7025
# !latitude: 47.5670
St. John's, Newfoundland, Canada
-03:30 :America/St_Johns
0.7800 meters
J1              0.0060  124.40
K1              0.0790  109.00
K2              0.0400  259.30
L2              0.0100  225.00
M1              0.0050   93.50
M2              0.3530  215.00
x 0 0
M4              0.0040    3.00
x 0 0
x 0 0
N2              0.0730  205.00
2N2             0.0100  195.00
O1              0.0700   78.00
OO1             0.0030  140.00
P1              0.0260  106.70
Q1              0.0130   38.00
2Q1             0.0020   47.20
R2              0.0010  257.60
x 0 0
S2              0.1470  256.00
x 0 0
x 0 0
T2              0.0090  254.40
LDA2            0.0020  234.00
MU2             0.0080  174.00
NU2             0.0140  206.30
RHO1            0.0030   64.70
x 0 0
x 0 0
MN4             0.0020  261.00
MS4             0.0070  156.00
x 0 0
x 0 0
x 0 0
x 0 0
SA              0.1110  344.00
x 0 0
x 0 0
x 0 0
x 0 0
x 0 0
x 0 0
x 0 0
x 0 0
x 0 0
x 0 0
x 0 0
x 0 0
x 0 0
x 0 0
x 0 0
x 0 0
x 0 0
x 0 0
x 0 0
x 0 0
x 0 0
x 0 0
x 0 0
x 0 0
x 0 0
x 0 0
x 0 0
x 0 0
x 0 0
x 0 0
x 0 0
x 0 0
x 0 0
x 0 0
x 0 0
x 0 0
x 0 0
x 0 0
x 0 0
x 0 0
x 0 0
x 0 0
x 0 0
x 0 0
x 0 0
x 0 0
x 0 0
x 0 0
x 0 0
x 0 0
x 0 0
x 0 0
x 0 0
x 0 0
x 0 0
x 0 0
x 0 0
x 0 0
x 0 0
x 0 0
x 0 0
x 0 0
#
# 
# Merged from harmonics.
# This data set was submitted by Jean-Pierre LaPointe
# (scipur@collegenotre-dame.qc.ca) 1996-11-29
# The source was the Table des Marees des Grands Ports du Monde, No. 540,
# from the Service Hydrographique et Oceanographique de la Marine - Paris,
# B.P. 426, 29275 Brest Cedex.
#
# 
# rel_pedigree: 1250000000 (Via LaPointe)
# BEGIN HOT COMMENTS
# country: Senegal
# restriction: Non-commercial use only
# datum: MLLW
# confidence: 10
# shom_code: SAINT_LOUIS
# !units: meters
# !longitude: -16.5100
# !latitude: 16.0263
Saint-Louis, Senegal
+00:00 :Africa/Dakar
1.0300 meters
J1              0.0030   33.70
K1              0.0650  353.00
K2              0.0450  323.00
L2              0.0090  301.00
M1              0.0030  312.00
M2              0.3860  283.00
x 0 0
x 0 0
x 0 0
x 0 0
N2              0.0650  265.00
2N2             0.0090  247.00
O1              0.0360  271.00
OO1             0.0020   75.00
P1              0.0220  346.90
Q1              0.0160  256.00
2Q1             0.0010  189.70
R2              0.0010  321.50
x 0 0
S2              0.1640  320.00
x 0 0
x 0 0
T2              0.0100  318.50
LDA2            0.0030  300.20
MU2             0.0090  246.00
NU2             0.0130  267.40
RHO1            0.0010  235.80
x 0 0
x 0 0
x 0 0
x 0 0
x 0 0
x 0 0
x 0 0
x 0 0
x 0 0
x 0 0
x 0 0
x 0 0
x 0 0
x 0 0
x 0 0
x 0 0
x 0 0
x 0 0
x 0 0
x 0 0
x 0 0
x 0 0
x 0 0
x 0 0
x 0 0
x 0 0
x 0 0
x 0 0
x 0 0
x 0 0
x 0 0
x 0 0
x 0 0
x 0 0
x 0 0
x 0 0
x 0 0
x 0 0
x 0 0
x 0 0
x 0 0
x 0 0
x 0 0
x 0 0
x 0 0
x 0 0
x 0 0
x 0 0
x 0 0
x 0 0
x 0 0
x 0 0
x 0 0
x 0 0
x 0 0
x 0 0
x 0 0
x 0 0
x 0 0
x 0 0
x 0 0
x 0 0
x 0 0
x 0 0
x 0 0
x 0 0
x 0 0
x 0 0
x 0 0
x 0 0
x 0 0
#
# 
# Merged from harmonics.
# This data set was submitted by Jean-Pierre LaPointe
# (scipur@collegenotre-dame.qc.ca) 1996-11-29
# The source was the Table des Marees des Grands Ports du Monde, No. 540,
# from the Service Hydrographique et Oceanographique de la Marine - Paris,
# B.P. 426, 29275 Brest Cedex.
#
# 
# rel_pedigree: 1250000000 (Via LaPointe)
# BEGIN HOT COMMENTS
# country: South Korea
# restriction: Non-commercial use only
# datum: ALLW (approx.)
# confidence: 10
# khoa_code: 31
# !units: meters
# !longitude: 128.0667
# !latitude: 34.9333
Samch'onp'o, South Korea
+09:00 :Asia/Seoul
1.6200 meters
J1              0.0090  195.40
K1              0.1800  179.00
K2              0.1090  294.00
L2              0.0250  274.00
M1              0.0080  162.50
M2              0.9300  254.00
x 0 0
x 0 0
x 0 0
x 0 0
N2              0.1770  234.00
2N2             0.0240  214.00
O1              0.1100  146.00
OO1             0.0050  212.00
P1              0.0600  176.50
Q1              0.0210  126.00
2Q1             0.0030  113.30
R2              0.0030  292.50
x 0 0
S2              0.4000  291.00
x 0 0
x 0 0
T2              0.0240  289.50
LDA2            0.0070  271.20
MU2             0.0220  217.00
NU2             0.0340  236.70
RHO1            0.0040  131.80
x 0 0
x 0 0
x 0 0
x 0 0
x 0 0
x 0 0
x 0 0
x 0 0
x 0 0
x 0 0
x 0 0
x 0 0
x 0 0
x 0 0
x 0 0
x 0 0
x 0 0
x 0 0
x 0 0
x 0 0
x 0 0
x 0 0
x 0 0
x 0 0
x 0 0
x 0 0
x 0 0
x 0 0
x 0 0
x 0 0
x 0 0
x 0 0
x 0 0
x 0 0
x 0 0
x 0 0
x 0 0
x 0 0
x 0 0
x 0 0
x 0 0
x 0 0
x 0 0
x 0 0
x 0 0
x 0 0
x 0 0
x 0 0
x 0 0
x 0 0
x 0 0
x 0 0
x 0 0
x 0 0
x 0 0
x 0 0
x 0 0
x 0 0
x 0 0
x 0 0
x 0 0
x 0 0
x 0 0
x 0 0
x 0 0
x 0 0
x 0 0
x 0 0
x 0 0
x 0 0
x 0 0
#
# 
# Merged from harmonics.
# This data set was submitted by Jean-Pierre LaPointe
# (scipur@collegenotre-dame.qc.ca) 1996-11-29
# The source was the Table des Marees des Grands Ports du Monde, No. 540,
# from the Service Hydrographique et Oceanographique de la Marine - Paris,
# B.P. 426, 29275 Brest Cedex.
#
# 
# rel_pedigree: 1250000000 (Via LaPointe)
# BEGIN HOT COMMENTS
# country: Argentina
# restriction: Non-commercial use only
# datum: CD (SHN)
# confidence: 10
# !units: meters
# !longitude: -62.2330
# !latitude: -40.5514
Bahía San Blas, Buenos Aires, Argentina
-03:00 :America/Buenos_Aires
1.2200 meters
J1              0.0090   19.80
K1              0.2080  355.00
K2              0.0160  162.80
L2              0.0230  117.00
M1              0.0080  330.00
M2              0.8210   72.00
x 0 0
x 0 0
x 0 0
x 0 0
N2              0.1590   27.00
2N2             0.0210  342.00
O1              0.1160  305.00
OO1             0.0050   45.00
P1              0.0690  351.30
x 0 0
2Q1             0.0030  255.40
x 0 0
x 0 0
S2              0.0600  156.00
x 0 0
x 0 0
T2              0.0040  152.60
LDA2            0.0060  111.00
MU2             0.0200  348.00
NU2             0.0310   33.00
RHO1            0.0040  283.60
x 0 0
x 0 0
x 0 0
x 0 0
x 0 0
x 0 0
x 0 0
x 0 0
x 0 0
x 0 0
x 0 0
x 0 0
x 0 0
x 0 0
x 0 0
x 0 0
x 0 0
x 0 0
x 0 0
x 0 0
x 0 0
x 0 0
x 0 0
x 0 0
x 0 0
x 0 0
x 0 0
x 0 0
x 0 0
x 0 0
x 0 0
x 0 0
x 0 0
x 0 0
x 0 0
x 0 0
x 0 0
x 0 0
x 0 0
x 0 0
x 0 0
x 0 0
x 0 0
x 0 0
x 0 0
x 0 0
x 0 0
x 0 0
x 0 0
x 0 0
x 0 0
x 0 0
x 0 0
x 0 0
x 0 0
x 0 0
x 0 0
x 0 0
x 0 0
x 0 0
x 0 0
x 0 0
x 0 0
x 0 0
x 0 0
x 0 0
x 0 0
x 0 0
x 0 0
x 0 0
x 0 0
#
# 
# Merged from harmonics.
# This data set was submitted by Jean-Pierre LaPointe
# (scipur@collegenotre-dame.qc.ca) 1996-11-29
# The source was the Table des Marees des Grands Ports du Monde, No. 540,
# from the Service Hydrographique et Oceanographique de la Marine - Paris,
# B.P. 426, 29275 Brest Cedex.
#
# 
# rel_pedigree: 1250000000 (Via LaPointe)
# BEGIN HOT COMMENTS
# country: Equatorial Guinea
# restriction: Non-commercial use only
# datum: MLLW
# confidence: 10
# !units: meters
# !longitude: 8.5552
# !latitude: 3.4612
Luba (Bioko), Equatorial Guinea
+00:00 :Africa/Malabo
1.0200 meters
J1              0.0030  13.12
K1              0.1100  353.19
K2              0.0520  124.21
L2              0.0150  108.49
x 0 0
M2              0.5240  98.44
x 0 0
M4              0.0290  327.44
x 0 0
x 0 0
N2              0.1020  93.68
2N2             0.0140  78.86
O1              0.0330  325.04
x 0 0
P1              0.0360  348.29
Q1              0.0070  113.54
x 0 0
R2              0.0020  115.88
x 0 0
S2              0.1900  127.80
x 0 0
x 0 0
T2              0.0110  117.64
LDA2            0.0040  98.49
MU2             0.0130  68.67
NU2             0.0200  93.84
x 0 0
x 0 0
x 0 0
x 0 0
MS4             0.0170  5.97
x 0 0
x 0 0
x 0 0
x 0 0
x 0 0
x 0 0
x 0 0
x 0 0
x 0 0
x 0 0
x 0 0
x 0 0
x 0 0
x 0 0
x 0 0
x 0 0
x 0 0
x 0 0
x 0 0
x 0 0
x 0 0
x 0 0
x 0 0
x 0 0
x 0 0
x 0 0
x 0 0
x 0 0
x 0 0
x 0 0
x 0 0
x 0 0
x 0 0
x 0 0
x 0 0
x 0 0
x 0 0
x 0 0
x 0 0
x 0 0
x 0 0
x 0 0
x 0 0
x 0 0
x 0 0
x 0 0
x 0 0
x 0 0
x 0 0
x 0 0
x 0 0
x 0 0
x 0 0
x 0 0
x 0 0
x 0 0
x 0 0
x 0 0
x 0 0
x 0 0
x 0 0
x 0 0
x 0 0
x 0 0
x 0 0
x 0 0
x 0 0
#
# 
# Merged from harmonics.
# This data set was submitted by Jean-Pierre LaPointe
# (scipur@collegenotre-dame.qc.ca) 1996-11-29
# The source was the Table des Marees des Grands Ports du Monde, No. 540,
# from the Service Hydrographique et Oceanographique de la Marine - Paris,
# B.P. 426, 29275 Brest Cedex.
#
# 
# rel_pedigree: 1250000000 (Via LaPointe)
# BEGIN HOT COMMENTS
# country: Argentina
# restriction: Non-commercial use only
# datum: CD (SHN)
# confidence: 10
# !units: meters
# !longitude: -56.7789
# !latitude: -36.2914
Punta Norte del Cabo San Antonio (San Clemente)), Buenos Aires, Argentina
-03:00 :America/Buenos_Aires
1.0100 meters
J1              0.0130  209.70
K1              0.0700  171.00
K2              0.0300   35.70
L2              0.0120  351.00
M1              0.0120  132.00
M2              0.4390  306.00
x 0 0
x 0 0
x 0 0
x 0 0
N2              0.0850  261.00
2N2             0.0110  216.00
O1              0.1700   93.00
OO1             0.0070  249.00
P1              0.0230  165.20
x 0 0
2Q1             0.0040   15.60
R2              0.0010   32.30
x 0 0
S2              0.1090   29.00
x 0 0
x 0 0
T2              0.0060   25.70
LDA2            0.0030  344.50
MU2             0.0110  223.00
NU2             0.0160  267.00
RHO1            0.0060   59.50
x 0 0
x 0 0
x 0 0
x 0 0
x 0 0
x 0 0
x 0 0
x 0 0
x 0 0
x 0 0
x 0 0
x 0 0
x 0 0
x 0 0
x 0 0
x 0 0
x 0 0
x 0 0
x 0 0
x 0 0
x 0 0
x 0 0
x 0 0
x 0 0
x 0 0
x 0 0
x 0 0
x 0 0
x 0 0
x 0 0
x 0 0
x 0 0
x 0 0
x 0 0
x 0 0
x 0 0
x 0 0
x 0 0
x 0 0
x 0 0
x 0 0
x 0 0
x 0 0
x 0 0
x 0 0
x 0 0
x 0 0
x 0 0
x 0 0
x 0 0
x 0 0
x 0 0
x 0 0
x 0 0
x 0 0
x 0 0
x 0 0
x 0 0
x 0 0
x 0 0
x 0 0
x 0 0
x 0 0
x 0 0
x 0 0
x 0 0
x 0 0
x 0 0
x 0 0
x 0 0
x 0 0
#
# 
# Merged from harmonics.
# This data set was submitted by Jean-Pierre LaPointe
# (scipur@collegenotre-dame.qc.ca) 1996-11-29
# The source was the Table des Marees des Grands Ports du Monde, No. 540,
# from the Service Hydrographique et Oceanographique de la Marine - Paris,
# B.P. 426, 29275 Brest Cedex.
#
# 
# rel_pedigree: 1250000000 (Via LaPointe)
# BEGIN HOT COMMENTS
# country: Ecuador
# restriction: Non-commercial use only
# datum: MLLW
# confidence: 10
# !units: meters
# !longitude: -89.6099
# !latitude: -0.8990
Puerto Baquerizo Moreno, San Cristóbal, Galapagos, Ecuador
-05:00 :Pacific/Galapagos
1.1300 meters
J1              0.0010  338.40
K1              0.0820  332.00
K2              0.0580  145.30
L2              0.0220  128.00
M1              0.0010  325.50
M2              0.7090  101.00
x 0 0
M4              0.0030  154.00
x 0 0
x 0 0
N2              0.1530   74.00
2N2             0.0200   47.00
O1              0.0130  319.00
OO1             0.0010  345.00
P1              0.0270  331.00
Q1              0.0030  108.00
x 0 0
R2              0.0020  143.60
x 0 0
S2              0.2140  142.00
x 0 0
x 0 0
T2              0.0130  140.40
LDA2            0.0050  120.00
MU2             0.0170   60.00
NU2             0.0300   77.60
x 0 0
x 0 0
x 0 0
MN4             0.0020  343.00
MS4             0.0060  120.00
x 0 0
x 0 0
x 0 0
x 0 0
x 0 0
x 0 0
x 0 0
x 0 0
x 0 0
x 0 0
x 0 0
x 0 0
x 0 0
x 0 0
x 0 0
x 0 0
x 0 0
x 0 0
x 0 0
x 0 0
x 0 0
x 0 0
x 0 0
x 0 0
x 0 0
x 0 0
x 0 0
x 0 0
x 0 0
x 0 0
x 0 0
x 0 0
x 0 0
x 0 0
x 0 0
x 0 0
x 0 0
x 0 0
x 0 0
x 0 0
x 0 0
x 0 0
x 0 0
x 0 0
x 0 0
x 0 0
x 0 0
x 0 0
x 0 0
x 0 0
x 0 0
x 0 0
x 0 0
x 0 0
x 0 0
x 0 0
x 0 0
x 0 0
x 0 0
x 0 0
x 0 0
x 0 0
x 0 0
x 0 0
x 0 0
x 0 0
x 0 0
#
# 
# Merged from harmonics.
# This data set was submitted by Jean-Pierre LaPointe
# (scipur@collegenotre-dame.qc.ca) 1996-11-29
# The source was the Table des Marees des Grands Ports du Monde, No. 540,
# from the Service Hydrographique et Oceanographique de la Marine - Paris,
# B.P. 426, 29275 Brest Cedex.
#
# 
# rel_pedigree: 1250000000 (Via LaPointe)
# BEGIN HOT COMMENTS
# country: Argentina
# restriction: Non-commercial use only
# datum: CD (SHN)
# confidence: 10
# !units: meters
# !longitude: -58.5397
# !latitude: -34.4351
San Fernando, Buenos Aires, Argentina
-03:00 :America/Buenos_Aires
0.7900 meters
J1              0.0100  139.80
K1              0.0950   54.00
K2              0.0080  340.50
L2              0.0100  278.00
M1              0.0090  327.50
M2              0.2230  241.00
x 0 0
M4              0.0230   26.00
x 0 0
x 0 0
N2              0.0730  204.00
2N2             0.0100  167.00
O1              0.1320  241.00
OO1             0.0060  227.00
P1              0.0310   41.00
Q1              0.0170  159.00
2Q1             0.0030   69.40
x 0 0
x 0 0
S2              0.0310  333.00
x 0 0
x 0 0
T2              0.0020  329.30
LDA2            0.0020  283.70
MU2             0.0050  149.00
NU2             0.0140  209.00
RHO1            0.0050  166.80
x 0 0
x 0 0
MN4             0.0150  340.00
MS4             0.0040  140.00
x 0 0
x 0 0
x 0 0
x 0 0
SA              0.1150  299.00
x 0 0
x 0 0
x 0 0
x 0 0
x 0 0
x 0 0
x 0 0
x 0 0
x 0 0
x 0 0
x 0 0
x 0 0
x 0 0
x 0 0
x 0 0
x 0 0
x 0 0
x 0 0
x 0 0
x 0 0
x 0 0
x 0 0
x 0 0
x 0 0
x 0 0
x 0 0
x 0 0
x 0 0
x 0 0
x 0 0
x 0 0
x 0 0
x 0 0
x 0 0
x 0 0
x 0 0
x 0 0
x 0 0
x 0 0
x 0 0
x 0 0
x 0 0
x 0 0
x 0 0
x 0 0
x 0 0
x 0 0
x 0 0
x 0 0
x 0 0
x 0 0
x 0 0
x 0 0
x 0 0
x 0 0
x 0 0
x 0 0
x 0 0
x 0 0
x 0 0
x 0 0
x 0 0
#
# 
# Merged from harmonics.
# This data set was submitted by Jean-Pierre LaPointe
# (scipur@collegenotre-dame.qc.ca) 1996-11-29
# The source was the Table des Marees des Grands Ports du Monde, No. 540,
# from the Service Hydrographique et Oceanographique de la Marine - Paris,
# B.P. 426, 29275 Brest Cedex.
#
# 
# rel_pedigree: 1250000000 (Via LaPointe)
# BEGIN HOT COMMENTS
# country: Philippines
# restriction: Non-commercial use only
# datum: MLLW
# confidence: 10
# namria_code: SF
# psmsl_id: 548
# ssc_id: SSC-sanfw
# !units: meters
# !longitude: 120.2947
# !latitude: 16.6104
San Fernando, Philippines
+08:00 :Asia/Manila
0.3700 meters
J1              0.0160  334.30
K1              0.2440  312.00
K2              0.0070  284.50
L2              0.0020  260.00
M1              0.0140  289.50
M2              0.0760  264.00
x 0 0
x 0 0
x 0 0
x 0 0
N2              0.0170  268.00
2N2             0.0020  272.00
O1              0.2010  267.00
OO1             0.0090  357.00
P1              0.0810  308.60
Q1              0.0410  250.00
2Q1             0.0050  222.40
x 0 0
x 0 0
S2              0.0250  283.00
x 0 0
x 0 0
T2              0.0010  282.20
LDA2            0.0010  272.80
MU2             0.0020  245.00
NU2             0.0030  267.50
RHO1            0.0080  247.70
x 0 0
x 0 0
x 0 0
x 0 0
x 0 0
x 0 0
x 0 0
x 0 0
SA              0.1380  141.00
x 0 0
x 0 0
x 0 0
x 0 0
x 0 0
x 0 0
x 0 0
x 0 0
x 0 0
x 0 0
x 0 0
x 0 0
x 0 0
x 0 0
x 0 0
x 0 0
x 0 0
x 0 0
x 0 0
x 0 0
x 0 0
x 0 0
x 0 0
x 0 0
x 0 0
x 0 0
x 0 0
x 0 0
x 0 0
x 0 0
x 0 0
x 0 0
x 0 0
x 0 0
x 0 0
x 0 0
x 0 0
x 0 0
x 0 0
x 0 0
x 0 0
x 0 0
x 0 0
x 0 0
x 0 0
x 0 0
x 0 0
x 0 0
x 0 0
x 0 0
x 0 0
x 0 0
x 0 0
x 0 0
x 0 0
x 0 0
x 0 0
x 0 0
x 0 0
x 0 0
x 0 0
x 0 0
#
# 
# Merged from harmonics.
# This data set was submitted by Jean-Pierre LaPointe
# (scipur@collegenotre-dame.qc.ca) 1996-11-29
# The source was the Table des Marees des Grands Ports du Monde, No. 540,
# from the Service Hydrographique et Oceanographique de la Marine - Paris,
# B.P. 426, 29275 Brest Cedex.
#
# 
# rel_pedigree: 1250000000 (Via LaPointe)
# BEGIN HOT COMMENTS
# country: Argentina
# restriction: Non-commercial use only
# datum: CD (SHN)
# confidence: 10
# !units: meters
# !longitude: -64.2305
# !latitude: -42.2450
Punta San Román (Golfo San José), Chubut, Argentina
-03:00 :America/Buenos_Aires
4.1100 meters
J1              0.0070   17.60
K1              0.1640  334.00
K2              0.1620   66.10
L2              0.1000   20.00
M1              0.0060  290.00
M2              2.8940  345.00
x 0 0
M4              0.0650  225.00
x 0 0
x 0 0
N2              0.6990  310.00
2N2             0.0930  275.00
O1              0.0900  246.00
OO1             0.0040   62.00
P1              0.0540  327.40
x 0 0
2Q1             0.0020  158.70
R2              0.0050   63.00
x 0 0
S2              0.5970   60.00
x 0 0
x 0 0
T2              0.0350   57.00
LDA2            0.0200   19.80
MU2             0.0690  270.00
NU2             0.1360  314.70
RHO1            0.0030  208.20
x 0 0
x 0 0
x 0 0
MS4             0.0360  314.00
x 0 0
x 0 0
x 0 0
x 0 0
x 0 0
x 0 0
x 0 0
x 0 0
x 0 0
x 0 0
x 0 0
x 0 0
x 0 0
x 0 0
x 0 0
x 0 0
x 0 0
x 0 0
x 0 0
x 0 0
x 0 0
x 0 0
x 0 0
x 0 0
x 0 0
x 0 0
x 0 0
x 0 0
x 0 0
x 0 0
x 0 0
x 0 0
x 0 0
x 0 0
x 0 0
x 0 0
x 0 0
x 0 0
x 0 0
x 0 0
x 0 0
x 0 0
x 0 0
x 0 0
x 0 0
x 0 0
x 0 0
x 0 0
x 0 0
x 0 0
x 0 0
x 0 0
x 0 0
x 0 0
x 0 0
x 0 0
x 0 0
x 0 0
x 0 0
x 0 0
x 0 0
x 0 0
x 0 0
x 0 0
x 0 0
x 0 0
x 0 0
#
# 
# Merged from harmonics.canadian.
#
# 
# rel_pedigree: 1250000000 (Via LaPointe)
# BEGIN HOT COMMENTS
# country: Canada
# restriction: Non-commercial use only
# datum: LLWLT
# confidence: 10
# chs_id: 07594
# !units: meters
# !longitude: -123.3012
# !latitude: 49.1046
Sand Heads Lighthouse, British Columbia, Canada
-08:00 :America/Vancouver
2.8750 meters
J1              0.0360  160.00
K1              0.7930  156.90
K2              0.0670  173.80
L2              0.0220  217.30
x 0 0
M2              0.8710  160.10
M3              0.0010  309.30
M4              0.0050  263.00
M6              0.0070   48.40
M8              0.0010   41.10
N2              0.2040  137.60
2N2             0.0270  115.10
O1              0.4510  150.70
x 0 0
P1              0.2620  156.40
Q1              0.0720  151.70
2Q1             0.0120  144.50
x 0 0
x 0 0
S2              0.2450  172.80
x 0 0
x 0 0
T2              0.0140  172.30
LDA2            0.0060  166.00
MU2             0.0260   74.80
NU2             0.0400  140.60
RHO1            0.0170  148.00
MK3             0.0070  279.00
x 0 0
MN4             0.0020  261.20
MS4             0.0030  273.50
2SM2            0.0040  260.50
x 0 0
MSF             0.0370   24.70
MM              0.0180  323.00
x 0 0
x 0 0
x 0 0
x 0 0
x 0 0
OO1-IOS         0.0190  163.10
R2-IOS          0.0020  173.30
x 0 0
x 0 0
x 0 0
x 0 0
2MN6            0.0040   41.60
2MS6            0.0080   86.00
x 0 0
x 0 0
2SM6            0.0020  115.30
x 0 0
x 0 0
x 0 0
x 0 0
x 0 0
x 0 0
x 0 0
x 0 0
x 0 0
x 0 0
x 0 0
x 0 0
x 0 0
x 0 0
x 0 0
x 0 0
x 0 0
x 0 0
x 0 0
x 0 0
MO3             0.0070  310.80
x 0 0
x 0 0
x 0 0
x 0 0
x 0 0
MSN2            0.0040  261.80
x 0 0
x 0 0
NO1             0.0320  153.80
x 0 0
OQ2             0.0020  192.10
x 0 0
x 0 0
x 0 0
x 0 0
x 0 0
x 0 0
x 0 0
SIG1            0.0120  199.00
SK3             0.0020  253.10
SK4             0.0010    0.90
x 0 0
x 0 0
x 0 0
x 0 0
THE1            0.0270  262.40
#
# 
# Merged from harmonics.
# This data set was submitted by Jean-Pierre LaPointe
# (scipur@collegenotre-dame.qc.ca) 1996-11-29
# The source was the Table des Marees des Grands Ports du Monde, No. 540,
# from the Service Hydrographique et Oceanographique de la Marine - Paris,
# B.P. 426, 29275 Brest Cedex.
#
# 
# rel_pedigree: 1250000000 (Via LaPointe)
# BEGIN HOT COMMENTS
# country: Philippines
# restriction: Non-commercial use only
# datum: MLLW
# confidence: 10
# !units: meters
# !longitude: 119.9071
# !latitude: 15.7603
Santa Cruz, Philippines
+08:00 :Asia/Manila
0.3400 meters
J1              0.0170  339.80
K1              0.2570  313.00
K2              0.0050  328.90
L2              0.0040  264.00
M1              0.0160  286.00
M2              0.1170  263.00
x 0 0
M4              0.0100  325.00
x 0 0
x 0 0
N2              0.0280  262.00
2N2             0.0040  261.00
O1              0.2190  259.00
OO1             0.0090    7.00
P1              0.0850  309.00
x 0 0
2Q1             0.0060  205.40
x 0 0
x 0 0
S2              0.0170  324.00
x 0 0
x 0 0
T2              0.0010  321.60
LDA2            0.0010  291.30
MU2             0.0030  202.00
NU2             0.0050  262.10
RHO1            0.0080  235.80
x 0 0
x 0 0
x 0 0
x 0 0
x 0 0
x 0 0
x 0 0
x 0 0
x 0 0
x 0 0
x 0 0
x 0 0
x 0 0
x 0 0
x 0 0
x 0 0
x 0 0
x 0 0
x 0 0
x 0 0
x 0 0
x 0 0
x 0 0
x 0 0
x 0 0
x 0 0
x 0 0
x 0 0
x 0 0
x 0 0
x 0 0
x 0 0
x 0 0
x 0 0
x 0 0
x 0 0
x 0 0
x 0 0
x 0 0
x 0 0
x 0 0
x 0 0
x 0 0
x 0 0
x 0 0
x 0 0
x 0 0
x 0 0
x 0 0
x 0 0
x 0 0
x 0 0
x 0 0
x 0 0
x 0 0
x 0 0
x 0 0
x 0 0
x 0 0
x 0 0
x 0 0
x 0 0
x 0 0
x 0 0
x 0 0
x 0 0
x 0 0
x 0 0
x 0 0
x 0 0
x 0 0
#
# 
# Merged from harmonics.
# This data set was submitted by Jean-Pierre LaPointe
# (scipur@collegenotre-dame.qc.ca) 1996-11-29
# The source was the Table des Marees des Grands Ports du Monde, No. 540,
# from the Service Hydrographique et Oceanographique de la Marine - Paris,
# B.P. 426, 29275 Brest Cedex.
#
# 
# rel_pedigree: 1250000000 (Via LaPointe)
# BEGIN HOT COMMENTS
# country: Argentina
# restriction: Non-commercial use only
# datum: CD (SHN)
# confidence: 10
# !units: meters
# !longitude: -65.3667
# !latitude: -44.5167
Puerto Santa Elena (Bahía Cruz), Chubut, Argentina
-03:00 :America/Buenos_Aires
2.2900 meters
J1              0.0090  249.70
K1              0.1650  212.00
K2              0.1050  263.10
L2              0.0450  222.00
M1              0.0080  174.00
M2              1.6310  182.00
x 0 0
x 0 0
x 0 0
x 0 0
N2              0.3170  142.00
2N2             0.0420  102.00
O1              0.1160  136.00
OO1             0.0050  288.00
P1              0.0550  206.30
x 0 0
2Q1             0.0030   60.60
R2              0.0030  260.00
x 0 0
S2              0.3870  257.00
x 0 0
x 0 0
T2              0.0230  254.00
LDA2            0.0110  216.80
MU2             0.0390  107.00
NU2             0.0610  147.40
RHO1            0.0040  103.40
x 0 0
x 0 0
x 0 0
x 0 0
x 0 0
x 0 0
x 0 0
x 0 0
x 0 0
x 0 0
x 0 0
x 0 0
x 0 0
x 0 0
x 0 0
x 0 0
x 0 0
x 0 0
x 0 0
x 0 0
x 0 0
x 0 0
x 0 0
x 0 0
x 0 0
x 0 0
x 0 0
x 0 0
x 0 0
x 0 0
x 0 0
x 0 0
x 0 0
x 0 0
x 0 0
x 0 0
x 0 0
x 0 0
x 0 0
x 0 0
x 0 0
x 0 0
x 0 0
x 0 0
x 0 0
x 0 0
x 0 0
x 0 0
x 0 0
x 0 0
x 0 0
x 0 0
x 0 0
x 0 0
x 0 0
x 0 0
x 0 0
x 0 0
x 0 0
x 0 0
x 0 0
x 0 0
x 0 0
x 0 0
x 0 0
x 0 0
x 0 0
x 0 0
x 0 0
x 0 0
x 0 0
#
# 
# Merged from harmonics.
# This data set was submitted by Jean-Pierre LaPointe
# (scipur@collegenotre-dame.qc.ca) 1996-11-29
# The source was the Table des Marees des Grands Ports du Monde, No. 540,
# from the Service Hydrographique et Oceanographique de la Marine - Paris,
# B.P. 426, 29275 Brest Cedex.
#
# 
# rel_pedigree: 1250000000 (Via LaPointe)
# BEGIN HOT COMMENTS
# country: São Tomé and Príncipe
# restriction: Non-commercial use only
# datum: MLLW
# confidence: 10
# !units: meters
# !longitude: 7.4167
# !latitude: 1.6333
Santo Antonio, Principe, São Tomé and Príncipe
+00:00 :Africa/Sao_Tome
1.2000 meters
J1              0.0010   13.40
K1              0.1250  356.00
K2              0.0540  135.40
L2              0.0190  103.00
M1              0.0010  338.50
M2              0.5170  103.00
x 0 0
M4              0.0210  301.00
x 0 0
x 0 0
N2              0.1300  103.00
2N2             0.0170  103.00
O1              0.0170  321.00
OO1             0.0010   31.00
P1              0.0410  353.40
x 0 0
x 0 0
R2              0.0020  134.20
x 0 0
S2              0.1970  133.00
x 0 0
x 0 0
T2              0.0120  131.80
LDA2            0.0040  116.90
MU2             0.0120   73.00
NU2             0.0250  103.00
RHO1            0.0010  306.00
x 0 0
x 0 0
x 0 0
MS4             0.0040  346.00
x 0 0
x 0 0
x 0 0
x 0 0
x 0 0
x 0 0
x 0 0
x 0 0
x 0 0
x 0 0
x 0 0
x 0 0
x 0 0
x 0 0
x 0 0
x 0 0
x 0 0
x 0 0
x 0 0
x 0 0
x 0 0
x 0 0
x 0 0
x 0 0
x 0 0
x 0 0
x 0 0
x 0 0
x 0 0
x 0 0
x 0 0
x 0 0
x 0 0
x 0 0
x 0 0
x 0 0
x 0 0
x 0 0
x 0 0
x 0 0
x 0 0
x 0 0
x 0 0
x 0 0
x 0 0
x 0 0
x 0 0
x 0 0
x 0 0
x 0 0
x 0 0
x 0 0
x 0 0
x 0 0
x 0 0
x 0 0
x 0 0
x 0 0
x 0 0
x 0 0
x 0 0
x 0 0
x 0 0
x 0 0
x 0 0
x 0 0
x 0 0
#
# 
# Merged from harmonics.
# This data set was submitted by Jean-Pierre LaPointe
# (scipur@collegenotre-dame.qc.ca) 1996-11-29
# The source was the Table des Marees des Grands Ports du Monde, No. 540,
# from the Service Hydrographique et Oceanographique de la Marine - Paris,
# B.P. 426, 29275 Brest Cedex.
#
# 
# rel_pedigree: 1250000000 (Via LaPointe)
# BEGIN HOT COMMENTS
# country: Democratic Republic of the Congo
# restriction: Non-commercial use only
# datum: MLLW
# confidence: 10
# !units: meters
# !longitude: 12.3643
# !latitude: -6.1203
Soyo, Angola
+01:00 :Africa/Kinshasa
1.1000 meters
J1              0.0010   63.60
K1              0.0860   20.00
K2              0.0440  148.30
L2              0.0140  125.00
M1              0.0010  336.00
M2              0.4930  117.00
x 0 0
M4              0.0130  313.00
x 0 0
x 0 0
N2              0.1000  109.00
2N2             0.0130  101.00
O1              0.0110  292.00
x 0 0
P1              0.0280   13.40
Q1              0.0040  171.00
x 0 0
R2              0.0010  147.20
x 0 0
S2              0.1610  146.00
x 0 0
x 0 0
T2              0.0090  144.80
LDA2            0.0030  130.50
MU2             0.0120   88.00
NU2             0.0190  110.10
x 0 0
x 0 0
x 0 0
x 0 0
MS4             0.0100  330.00
x 0 0
x 0 0
x 0 0
x 0 0
SA              0.1020  275.00
x 0 0
x 0 0
x 0 0
x 0 0
x 0 0
x 0 0
x 0 0
x 0 0
x 0 0
x 0 0
x 0 0
x 0 0
x 0 0
x 0 0
x 0 0
x 0 0
x 0 0
x 0 0
x 0 0
x 0 0
x 0 0
x 0 0
x 0 0
x 0 0
x 0 0
x 0 0
x 0 0
x 0 0
x 0 0
x 0 0
x 0 0
x 0 0
x 0 0
x 0 0
x 0 0
x 0 0
x 0 0
x 0 0
x 0 0
x 0 0
x 0 0
x 0 0
x 0 0
x 0 0
x 0 0
x 0 0
x 0 0
x 0 0
x 0 0
x 0 0
x 0 0
x 0 0
x 0 0
x 0 0
x 0 0
x 0 0
x 0 0
x 0 0
x 0 0
x 0 0
x 0 0
x 0 0
#
# 
# Merged from harmonics.
# This data set was submitted by Jean-Pierre LaPointe
# (scipur@collegenotre-dame.qc.ca) 1996-11-29
# The source was the Table des Marees des Grands Ports du Monde, No. 540,
# from the Service Hydrographique et Oceanographique de la Marine - Paris,
# B.P. 426, 29275 Brest Cedex.
#
# 
# rel_pedigree: 1250000000 (Via LaPointe)
# BEGIN HOT COMMENTS
# country: Dominican Republic
# restriction: Non-commercial use only
# datum: MLLW
# confidence: 10
# !units: meters
# !longitude: -69.8853
# !latitude: 18.4637
Santo Domingo (Ciudad Trujillo), Dominican Republic
-05:00 :America/Santo_Domingo
0.1200 meters
J1              0.0050  164.00
K1              0.0890  164.00
K2              0.0030  205.70
x 0 0
M1              0.0050  164.00
M2              0.0140  330.00
x 0 0
M4              0.0030    2.00
x 0 0
x 0 0
x 0 0
x 0 0
O1              0.0670  164.00
OO1             0.0030  164.00
P1              0.0290  164.00
Q1              0.0110  150.00
2Q1             0.0020  164.00
x 0 0
x 0 0
S2              0.0120  215.00
x 0 0
x 0 0
T2              0.0010  219.60
x 0 0
x 0 0
NU2             0.0010  356.00
RHO1            0.0030  164.00
x 0 0
x 0 0
x 0 0
x 0 0
x 0 0
x 0 0
x 0 0
x 0 0
SA              0.0640  176.00
x 0 0
x 0 0
x 0 0
x 0 0
x 0 0
x 0 0
x 0 0
x 0 0
x 0 0
x 0 0
x 0 0
x 0 0
x 0 0
x 0 0
x 0 0
x 0 0
x 0 0
x 0 0
x 0 0
x 0 0
x 0 0
x 0 0
x 0 0
x 0 0
x 0 0
x 0 0
x 0 0
x 0 0
x 0 0
x 0 0
x 0 0
x 0 0
x 0 0
x 0 0
x 0 0
x 0 0
x 0 0
x 0 0
x 0 0
x 0 0
x 0 0
x 0 0
x 0 0
x 0 0
x 0 0
x 0 0
x 0 0
x 0 0
x 0 0
x 0 0
x 0 0
x 0 0
x 0 0
x 0 0
x 0 0
x 0 0
x 0 0
x 0 0
x 0 0
x 0 0
x 0 0
x 0 0
#
# 
# Merged from harmonics.
# This data set was submitted by Jean-Pierre LaPointe
# (scipur@collegenotre-dame.qc.ca) 1996-11-29
# The source was the Table des Marees des Grands Ports du Monde, No. 540,
# from the Service Hydrographique et Oceanographique de la Marine - Paris,
# B.P. 426, 29275 Brest Cedex.
#
# 
# rel_pedigree: 1250000000 (Via LaPointe)
# BEGIN HOT COMMENTS
# country: Thailand
# restriction: Non-commercial use only
# datum: MLLW
# confidence: 10
# !units: meters
# !longitude: 100.8659
# !latitude: 12.6486
Sattahip, Chon Buri, Thailand
+07:00 :Asia/Bangkok
2.1900 meters
J1              0.0330  185.30
K1              0.5940  161.00
K2              0.0330  196.70
L2              0.0050  153.00
M1              0.0300  136.50
M2              0.2570  121.00
x 0 0
M4              0.0030  332.00
x 0 0
x 0 0
N2              0.0380   89.00
2N2             0.0050   57.00
O1              0.4200  112.00
OO1             0.0180  210.00
P1              0.1970  157.30
Q1              0.0700   91.00
2Q1             0.0110   63.40
R2              0.0010  193.80
x 0 0
S2              0.1220  191.00
x 0 0
x 0 0
T2              0.0070  188.20
LDA2            0.0020  153.50
MU2             0.0060   51.00
NU2             0.0070   93.30
RHO1            0.0160   91.00
x 0 0
x 0 0
x 0 0
MS4             0.0060   67.00
x 0 0
x 0 0
x 0 0
x 0 0
x 0 0
x 0 0
x 0 0
x 0 0
x 0 0
x 0 0
x 0 0
x 0 0
x 0 0
x 0 0
x 0 0
x 0 0
x 0 0
x 0 0
x 0 0
x 0 0
x 0 0
x 0 0
x 0 0
x 0 0
x 0 0
x 0 0
x 0 0
x 0 0
x 0 0
x 0 0
x 0 0
x 0 0
x 0 0
x 0 0
x 0 0
x 0 0
x 0 0
x 0 0
x 0 0
x 0 0
x 0 0
x 0 0
x 0 0
x 0 0
x 0 0
x 0 0
x 0 0
x 0 0
x 0 0
x 0 0
x 0 0
x 0 0
x 0 0
x 0 0
x 0 0
x 0 0
x 0 0
x 0 0
x 0 0
x 0 0
x 0 0
x 0 0
x 0 0
x 0 0
x 0 0
x 0 0
x 0 0
#
# 
# Merged from harmonics.
# This data set was submitted by Jean-Pierre LaPointe
# (scipur@collegenotre-dame.qc.ca) 1996-11-29
# The source was the Table des Marees des Grands Ports du Monde, No. 540,
# from the Service Hydrographique et Oceanographique de la Marine - Paris,
# B.P. 426, 29275 Brest Cedex.
#
# 
# rel_pedigree: 1250000000 (Via LaPointe)
# BEGIN HOT COMMENTS
# country: Antarctica
# restriction: Non-commercial use only
# datum: MLLW
# confidence: 10
# !units: meters
# !longitude: -44.6941
# !latitude: -60.7452
Scotia Bay, Laurie Island, South Orkneys, Antarctica
-03:00 :America/Buenos_Aires
1.1600 meters
J1              0.0130   21.40
K1              0.1470   15.00
K2              0.0760  198.90
L2              0.0130  190.00
M1              0.0120    8.50
M2              0.4640  174.00
x 0 0
x 0 0
x 0 0
x 0 0
N2              0.0910  158.00
2N2             0.0120  142.00
O1              0.1700    2.00
OO1             0.0070   28.00
P1              0.0490   14.00
x 0 0
2Q1             0.0040  349.10
R2              0.0020  197.90
x 0 0
S2              0.2780  197.00
x 0 0
x 0 0
T2              0.0160  196.10
LDA2            0.0030  184.70
MU2             0.0110  151.00
NU2             0.0180  160.10
RHO1            0.0060  356.40
x 0 0
x 0 0
x 0 0
x 0 0
x 0 0
x 0 0
x 0 0
x 0 0
x 0 0
x 0 0
x 0 0
x 0 0
x 0 0
x 0 0
x 0 0
x 0 0
x 0 0
x 0 0
x 0 0
x 0 0
x 0 0
x 0 0
x 0 0
x 0 0
x 0 0
x 0 0
x 0 0
x 0 0
x 0 0
x 0 0
x 0 0
x 0 0
x 0 0
x 0 0
x 0 0
x 0 0
x 0 0
x 0 0
x 0 0
x 0 0
x 0 0
x 0 0
x 0 0
x 0 0
x 0 0
x 0 0
x 0 0
x 0 0
x 0 0
x 0 0
x 0 0
x 0 0
x 0 0
x 0 0
x 0 0
x 0 0
x 0 0
x 0 0
x 0 0
x 0 0
x 0 0
x 0 0
x 0 0
x 0 0
x 0 0
x 0 0
x 0 0
x 0 0
x 0 0
x 0 0
x 0 0
#
# 
# Merged from harmonics.
# This data set was submitted by Jean-Pierre LaPointe
# (scipur@collegenotre-dame.qc.ca) 1996-11-29
# The source was the Table des Marees des Grands Ports du Monde, No. 540,
# from the Service Hydrographique et Oceanographique de la Marine - Paris,
# B.P. 426, 29275 Brest Cedex.
#
# 
# rel_pedigree: 1250000000 (Via LaPointe)
# BEGIN HOT COMMENTS
# country: United Kingdom
# restriction: Non-commercial use only
# datum: ACD
# confidence: 10
# !units: meters
# !longitude: -3.5400
# !latitude: 58.6113
Scrabster, Scotland, United Kingdom
+00:00 :Europe/London
3.2000 meters
J1              0.0090  211.40
K1              0.1400  137.00
K2              0.1330  278.70
L2              0.0390  267.00
M1              0.0080   62.00
M2              1.3500  243.00
x 0 0
M4              0.0500  307.00
x 0 0
x 0 0
N2              0.2700  219.00
2N2             0.0360  195.00
O1              0.1100  347.00
OO1             0.0050  287.00
P1              0.0460  125.80
Q1              0.0400  281.00
2Q1             0.0030  198.20
R2              0.0040  277.30
x 0 0
S2              0.4900  276.00
x 0 0
x 0 0
T2              0.0290  274.70
LDA2            0.0090  258.30
MU2             0.0320  210.00
NU2             0.0520  222.20
RHO1            0.0040  282.60
x 0 0
x 0 0
MN4             0.0100  282.00
MS4             0.0400  337.00
x 0 0
x 0 0
x 0 0
x 0 0
x 0 0
x 0 0
x 0 0
x 0 0
x 0 0
x 0 0
x 0 0
x 0 0
x 0 0
x 0 0
x 0 0
x 0 0
x 0 0
x 0 0
x 0 0
x 0 0
x 0 0
x 0 0
x 0 0
x 0 0
x 0 0
x 0 0
x 0 0
x 0 0
x 0 0
x 0 0
x 0 0
x 0 0
x 0 0
x 0 0
x 0 0
x 0 0
x 0 0
x 0 0
x 0 0
x 0 0
x 0 0
x 0 0
x 0 0
x 0 0
x 0 0
x 0 0
x 0 0
x 0 0
x 0 0
x 0 0
x 0 0
x 0 0
x 0 0
x 0 0
x 0 0
x 0 0
x 0 0
x 0 0
x 0 0
x 0 0
x 0 0
x 0 0
x 0 0
x 0 0
x 0 0
x 0 0
x 0 0
#
# 
# Merged from harmonics.
# This data set was submitted by Jean-Pierre LaPointe
# (scipur@collegenotre-dame.qc.ca) 1996-11-29
# The source was the Table des Marees des Grands Ports du Monde, No. 540,
# from the Service Hydrographique et Oceanographique de la Marine - Paris,
# B.P. 426, 29275 Brest Cedex.
#
# 
# rel_pedigree: 1250000000 (Via LaPointe)
# BEGIN HOT COMMENTS
# country: Portugal
# restriction: Non-commercial use only
# datum: MLLW
# confidence: 10
# !units: meters
# !longitude: -9.1097
# !latitude: 38.4400
Sesimbra, Portugal
+01:00 :Europe/Lisbon
2.0000 meters
J1              0.0050  120.60
K1              0.0690   70.00
K2              0.0950  122.10
L2              0.0310  111.00
M1              0.0040   19.00
M2              0.9790   94.00
x 0 0
M4              0.0110  224.00
x 0 0
x 0 0
N2              0.2140   77.00
2N2             0.0280   60.00
O1              0.0620  328.00
OO1             0.0030  172.00
P1              0.0230   62.40
Q1              0.0170  273.00
2Q1             0.0020  226.80
R2              0.0030  121.00
x 0 0
S2              0.3480  120.00
x 0 0
x 0 0
T2              0.0210  119.00
LDA2            0.0070  106.10
MU2             0.0230   68.00
NU2             0.0420   79.30
RHO1            0.0020  284.20
x 0 0
x 0 0
x 0 0
MS4             0.0030  334.00
x 0 0
x 0 0
x 0 0
x 0 0
SA              0.0220   48.00
x 0 0
x 0 0
x 0 0
x 0 0
x 0 0
x 0 0
x 0 0
x 0 0
x 0 0
x 0 0
x 0 0
x 0 0
x 0 0
x 0 0
x 0 0
x 0 0
x 0 0
x 0 0
x 0 0
x 0 0
x 0 0
x 0 0
x 0 0
x 0 0
x 0 0
x 0 0
x 0 0
x 0 0
x 0 0
x 0 0
x 0 0
x 0 0
x 0 0
x 0 0
x 0 0
x 0 0
x 0 0
x 0 0
x 0 0
x 0 0
x 0 0
x 0 0
x 0 0
x 0 0
x 0 0
x 0 0
x 0 0
x 0 0
x 0 0
x 0 0
x 0 0
x 0 0
x 0 0
x 0 0
x 0 0
x 0 0
x 0 0
x 0 0
x 0 0
x 0 0
x 0 0
x 0 0
#
# 
# Merged from harmonics.
# This data set was submitted by Jean-Pierre LaPointe
# (scipur@collegenotre-dame.qc.ca) 1996-11-29
# The source was the Table des Marees des Grands Ports du Monde, No. 540,
# from the Service Hydrographique et Oceanographique de la Marine - Paris,
# B.P. 426, 29275 Brest Cedex.
#
# 
# rel_pedigree: 1250000000 (Via LaPointe)
# BEGIN HOT COMMENTS
# country: Tunisia
# restriction: Non-commercial use only
# datum: MLLW
# confidence: 10
# shom_code: SFAX
# !units: meters
# !longitude: 10.7742
# !latitude: 34.7276
Sfax, Tunisia
+01:00 :Africa/Tunis
0.9900 meters
J1              0.0010  342.30
K1              0.0180   20.00
K2              0.0730  135.30
L2              0.0090  112.00
M1              0.0010   58.00
M2              0.4160  105.00
x 0 0
M4              0.0030  117.00
x 0 0
x 0 0
N2              0.0620   98.00
2N2             0.0080   91.00
O1              0.0080   96.00
x 0 0
P1              0.0060   25.70
Q1              0.0020  109.00
x 0 0
R2              0.0020  134.10
x 0 0
S2              0.2670  133.00
x 0 0
x 0 0
T2              0.0160  131.90
LDA2            0.0030  118.00
MU2             0.0100   77.00
NU2             0.0120   98.90
x 0 0
x 0 0
x 0 0
x 0 0
MS4             0.0100  109.00
x 0 0
x 0 0
x 0 0
x 0 0
SA              0.0440  218.00
x 0 0
x 0 0
x 0 0
x 0 0
x 0 0
x 0 0
x 0 0
x 0 0
x 0 0
x 0 0
x 0 0
x 0 0
x 0 0
x 0 0
x 0 0
x 0 0
x 0 0
x 0 0
x 0 0
x 0 0
x 0 0
x 0 0
x 0 0
x 0 0
x 0 0
x 0 0
x 0 0
x 0 0
x 0 0
x 0 0
x 0 0
x 0 0
x 0 0
x 0 0
x 0 0
x 0 0
x 0 0
x 0 0
x 0 0
x 0 0
x 0 0
x 0 0
x 0 0
x 0 0
x 0 0
x 0 0
x 0 0
x 0 0
x 0 0
x 0 0
x 0 0
x 0 0
x 0 0
x 0 0
x 0 0
x 0 0
x 0 0
x 0 0
x 0 0
x 0 0
x 0 0
x 0 0
#
# 
# Merged from harmonics.
# This data set was submitted by Jean-Pierre LaPointe
# (scipur@collegenotre-dame.qc.ca) 1996-11-29
# The source was the Table des Marees des Grands Ports du Monde, No. 540,
# from the Service Hydrographique et Oceanographique de la Marine - Paris,
# B.P. 426, 29275 Brest Cedex.
#
# 
# rel_pedigree: 1250000000 (Via LaPointe)
# BEGIN HOT COMMENTS
# country: Iraq
# restriction: Non-commercial use only
# datum: MLLW
# confidence: 10
# !units: meters
# !longitude: 48.7167
# !latitude: 29.8333
Shatt al Arab (Outer Bar), Iraq
+03:00 :Asia/Baghdad
1.7400 meters
J1              0.0240  318.80
K1              0.4970  295.00
K2              0.0780   13.90
L2              0.0240  342.00
M1              0.0210  271.00
M2              0.8410  308.00
x 0 0
M4              0.0270  205.00
x 0 0
x 0 0
N2              0.1660  274.00
2N2             0.0220  240.00
O1              0.2980  247.00
OO1             0.0130  343.00
P1              0.1650  291.40
Q1              0.0470  234.00
2Q1             0.0080  199.40
R2              0.0020   11.40
x 0 0
S2              0.2860    9.00
x 0 0
x 0 0
T2              0.0170    6.60
LDA2            0.0060  336.30
MU2             0.0200  247.00
NU2             0.0320  278.60
RHO1            0.0110  226.40
x 0 0
x 0 0
MN4             0.0090  137.00
MS4             0.0470  284.00
x 0 0
x 0 0
x 0 0
x 0 0
SA              0.1130  132.00
x 0 0
x 0 0
x 0 0
x 0 0
x 0 0
x 0 0
x 0 0
x 0 0
x 0 0
x 0 0
x 0 0
x 0 0
x 0 0
x 0 0
x 0 0
x 0 0
x 0 0
x 0 0
x 0 0
x 0 0
x 0 0
x 0 0
x 0 0
x 0 0
x 0 0
x 0 0
x 0 0
x 0 0
x 0 0
x 0 0
x 0 0
x 0 0
x 0 0
x 0 0
x 0 0
x 0 0
x 0 0
x 0 0
x 0 0
x 0 0
x 0 0
x 0 0
x 0 0
x 0 0
x 0 0
x 0 0
x 0 0
x 0 0
x 0 0
x 0 0
x 0 0
x 0 0
x 0 0
x 0 0
x 0 0
x 0 0
x 0 0
x 0 0
x 0 0
x 0 0
x 0 0
x 0 0
#
# 
# Merged from harmonics.
# This data set was submitted by Jean-Pierre LaPointe
# (scipur@collegenotre-dame.qc.ca) 1996-11-29
# The source was the Table des Marees des Grands Ports du Monde, No. 540,
# from the Service Hydrographique et Oceanographique de la Marine - Paris,
# B.P. 426, 29275 Brest Cedex.
#
# 
# rel_pedigree: 1250000000 (Via LaPointe)
# BEGIN HOT COMMENTS
# country: Egypt
# restriction: Non-commercial use only
# datum: MLLW
# confidence: 10
# !units: meters
# !longitude: 34.0333
# !latitude: 27.4500
Shadwan, Egypt
+02:00 :Africa/Cairo
0.5000 meters
J1              0.0010  194.00
K1              0.0230  198.00
K2              0.0110  206.30
L2              0.0110  206.00
x 0 0
M2              0.2510  175.00
x 0 0
x 0 0
x 0 0
x 0 0
N2              0.0800  144.00
2N2             0.0110  113.00
O1              0.0070  206.00
x 0 0
P1              0.0080  198.60
x 0 0
x 0 0
x 0 0
x 0 0
S2              0.0400  204.00
x 0 0
x 0 0
T2              0.0020  202.80
LDA2            0.0020  188.50
MU2             0.0060  146.00
NU2             0.0160  148.20
x 0 0
x 0 0
x 0 0
x 0 0
x 0 0
x 0 0
x 0 0
x 0 0
x 0 0
x 0 0
x 0 0
x 0 0
x 0 0
x 0 0
x 0 0
x 0 0
x 0 0
x 0 0
x 0 0
x 0 0
x 0 0
x 0 0
x 0 0
x 0 0
x 0 0
x 0 0
x 0 0
x 0 0
x 0 0
x 0 0
x 0 0
x 0 0
x 0 0
x 0 0
x 0 0
x 0 0
x 0 0
x 0 0
x 0 0
x 0 0
x 0 0
x 0 0
x 0 0
x 0 0
x 0 0
x 0 0
x 0 0
x 0 0
x 0 0
x 0 0
x 0 0
x 0 0
x 0 0
x 0 0
x 0 0
x 0 0
x 0 0
x 0 0
x 0 0
x 0 0
x 0 0
x 0 0
x 0 0
x 0 0
x 0 0
x 0 0
x 0 0
x 0 0
x 0 0
x 0 0
x 0 0
x 0 0
#
# 
# Merged from harmonics.
# This data set was submitted by Jean-Pierre LaPointe
# (scipur@collegenotre-dame.qc.ca) 1996-11-29
# The source was the Table des Marees des Grands Ports du Monde, No. 540,
# from the Service Hydrographique et Oceanographique de la Marine - Paris,
# B.P. 426, 29275 Brest Cedex.
#
# 
# rel_pedigree: 1250000000 (Via LaPointe)
# BEGIN HOT COMMENTS
# country: China
# restriction: Non-commercial use only
# datum: CD
# confidence: 10
# !units: meters
# !longitude: 121.5045
# !latitude: 31.4115
Shanghai, China
+08:00 :Asia/Shanghai
2.0200 meters
J1              0.0110  241.30
K1              0.2290  215.00
K2              0.1130   64.20
L2              0.0230   21.00
M1              0.0100  188.50
M2              0.9390    8.00
x 0 0
M4              0.1690  307.00
x 0 0
x 0 0
N2              0.1610  355.00
2N2             0.0210  342.00
O1              0.1430  162.00
OO1             0.0060  268.00
P1              0.0760  211.00
Q1              0.0220  154.00
2Q1             0.0040  109.40
R2              0.0030   62.10
x 0 0
S2              0.4150   60.00
x 0 0
x 0 0
T2              0.0240   57.90
LDA2            0.0070   32.10
MU2             0.0230  316.00
NU2             0.0310  356.70
RHO1            0.0050  139.30
x 0 0
x 0 0
MN4             0.0630  289.00
MS4             0.1370  357.00
x 0 0
x 0 0
x 0 0
x 0 0
SA              0.2470  132.00
x 0 0
x 0 0
x 0 0
x 0 0
x 0 0
x 0 0
x 0 0
x 0 0
x 0 0
x 0 0
x 0 0
x 0 0
x 0 0
x 0 0
x 0 0
x 0 0
x 0 0
x 0 0
x 0 0
x 0 0
x 0 0
x 0 0
x 0 0
x 0 0
x 0 0
x 0 0
x 0 0
x 0 0
x 0 0
x 0 0
x 0 0
x 0 0
x 0 0
x 0 0
x 0 0
x 0 0
x 0 0
x 0 0
x 0 0
x 0 0
x 0 0
x 0 0
x 0 0
x 0 0
x 0 0
x 0 0
x 0 0
x 0 0
x 0 0
x 0 0
x 0 0
x 0 0
x 0 0
x 0 0
x 0 0
x 0 0
x 0 0
x 0 0
x 0 0
x 0 0
x 0 0
x 0 0
#
# 
# Merged from harmonics.
# This data set was submitted by Jean-Pierre LaPointe
# (scipur@collegenotre-dame.qc.ca) 1996-11-29
# The source was the Table des Marees des Grands Ports du Monde, No. 540,
# from the Service Hydrographique et Oceanographique de la Marine - Paris,
# B.P. 426, 29275 Brest Cedex.
#
# 
# rel_pedigree: 1250000000 (Via LaPointe)
# BEGIN HOT COMMENTS
# country: United Arab Emirates
# restriction: Non-commercial use only
# datum: MLLW
# confidence: 10
# !units: meters
# !longitude: 55.3833
# !latitude: 25.3667
Sharjah (Ash Shariqah), United Arab Emirates
+04:00 :Asia/Dubai
0.9200 meters
J1              0.0130  164.80
K1              0.2300  144.00
K2              0.0460   42.70
L2              0.0130   25.00
M1              0.0110  123.00
M2              0.4400  353.00
x 0 0
M4              0.0200    4.00
x 0 0
x 0 0
N2              0.0900  321.00
2N2             0.0120  289.00
O1              0.1600  102.00
OO1             0.0070  186.00
P1              0.0760  140.90
Q1              0.0200  118.00
2Q1             0.0040   60.30
R2              0.0010   40.80
x 0 0
S2              0.1700   39.00
x 0 0
x 0 0
T2              0.0100   37.20
LDA2            0.0030   14.30
MU2             0.0110  307.00
NU2             0.0170  325.30
RHO1            0.0060   84.00
x 0 0
x 0 0
x 0 0
MS4             0.0100  101.00
x 0 0
x 0 0
x 0 0
x 0 0
x 0 0
x 0 0
x 0 0
x 0 0
x 0 0
x 0 0
x 0 0
x 0 0
x 0 0
x 0 0
x 0 0
x 0 0
x 0 0
x 0 0
x 0 0
x 0 0
x 0 0
x 0 0
x 0 0
x 0 0
x 0 0
x 0 0
x 0 0
x 0 0
x 0 0
x 0 0
x 0 0
x 0 0
x 0 0
x 0 0
x 0 0
x 0 0
x 0 0
x 0 0
x 0 0
x 0 0
x 0 0
x 0 0
x 0 0
x 0 0
x 0 0
x 0 0
x 0 0
x 0 0
x 0 0
x 0 0
x 0 0
x 0 0
x 0 0
x 0 0
x 0 0
x 0 0
x 0 0
x 0 0
x 0 0
x 0 0
x 0 0
x 0 0
x 0 0
x 0 0
x 0 0
x 0 0
x 0 0
#
# 
# Merged from harmonics.
# This data set was submitted by Jean-Pierre LaPointe
# (scipur@collegenotre-dame.qc.ca) 1996-11-29
# The source was the Table des Marees des Grands Ports du Monde, No. 540,
# from the Service Hydrographique et Oceanographique de la Marine - Paris,
# B.P. 426, 29275 Brest Cedex.
#
# 
# rel_pedigree: 1250000000 (Via LaPointe)
# BEGIN HOT COMMENTS
# country: Japan
# restriction: Non-commercial use only
# datum: MLLW
# confidence: 10
# !units: meters
# !longitude: 132.2500
# !latitude: 34.1667
Iwakuni, Yamaguchi, Japan
+09:00 :Asia/Tokyo
2.0000 meters
J1              0.0170  235.90
K1              0.3000  221.00
K2              0.1140  316.30
L2              0.0260  292.00
M1              0.0150  206.00
M2              0.9400  272.00
x 0 0
x 0 0
x 0 0
x 0 0
N2              0.1790  252.00
2N2             0.0240  232.00
O1              0.2100  191.00
OO1             0.0090  251.00
P1              0.0990  218.80
Q1              0.0400  171.00
2Q1             0.0050  161.20
R2              0.0030  314.60
x 0 0
S2              0.4200  313.00
x 0 0
x 0 0
T2              0.0250  311.40
LDA2            0.0070  291.00
MU2             0.0230  231.00
NU2             0.0350  254.70
RHO1            0.0080  178.10
x 0 0
x 0 0
x 0 0
x 0 0
x 0 0
x 0 0
x 0 0
x 0 0
x 0 0
x 0 0
x 0 0
x 0 0
x 0 0
x 0 0
x 0 0
x 0 0
x 0 0
x 0 0
x 0 0
x 0 0
x 0 0
x 0 0
x 0 0
x 0 0
x 0 0
x 0 0
x 0 0
x 0 0
x 0 0
x 0 0
x 0 0
x 0 0
x 0 0
x 0 0
x 0 0
x 0 0
x 0 0
x 0 0
x 0 0
x 0 0
x 0 0
x 0 0
x 0 0
x 0 0
x 0 0
x 0 0
x 0 0
x 0 0
x 0 0
x 0 0
x 0 0
x 0 0
x 0 0
x 0 0
x 0 0
x 0 0
x 0 0
x 0 0
x 0 0
x 0 0
x 0 0
x 0 0
x 0 0
x 0 0
x 0 0
x 0 0
x 0 0
x 0 0
x 0 0
x 0 0
x 0 0
#
# 
# Merged from harmonics.
# This data set was submitted by Jean-Pierre LaPointe
# (scipur@collegenotre-dame.qc.ca) 1996-11-29
# The source was the Table des Marees des Grands Ports du Monde, No. 540,
# from the Service Hydrographique et Oceanographique de la Marine - Paris,
# B.P. 426, 29275 Brest Cedex.
#
# 
# rel_pedigree: 1250000000 (Via LaPointe)
# BEGIN HOT COMMENTS
# country: United Kingdom
# restriction: Non-commercial use only
# datum: ACD
# confidence: 10
# psmsl_id: 1008
# ssc_id: SSC-shorq
# !units: meters
# !longitude: -0.2479
# !latitude: 50.8291
Shoreham (River Adur), England, United Kingdom
+00:00 :Europe/London
3.3600 meters
J1              0.0030  146.60
K1              0.0550   97.00
K2              0.1780   11.70
L2              0.0700  341.00
M1              0.0030   47.00
M2              2.1240  322.00
x 0 0
M4              0.0460  290.00
x 0 0
x 0 0
N2              0.4910  303.00
2N2             0.0650  284.00
O1              0.0370  357.00
OO1             0.0020  197.00
P1              0.0180   89.50
Q1              0.0150    0.00
2Q1             0.0010  257.80
R2              0.0050    9.80
x 0 0
S2              0.6550    8.00
x 0 0
x 0 0
T2              0.0390    6.20
LDA2            0.0150  343.30
MU2             0.0510  276.00
NU2             0.0950  305.50
RHO1            0.0010  314.10
x 0 0
x 0 0
MN4             0.0270  296.00
MS4             0.0340  353.00
x 0 0
x 0 0
x 0 0
x 0 0
x 0 0
x 0 0
x 0 0
x 0 0
x 0 0
x 0 0
x 0 0
x 0 0
x 0 0
x 0 0
x 0 0
x 0 0
x 0 0
x 0 0
x 0 0
x 0 0
x 0 0
x 0 0
x 0 0
x 0 0
x 0 0
x 0 0
x 0 0
x 0 0
x 0 0
x 0 0
x 0 0
x 0 0
x 0 0
x 0 0
x 0 0
x 0 0
x 0 0
x 0 0
x 0 0
x 0 0
x 0 0
x 0 0
x 0 0
x 0 0
x 0 0
x 0 0
x 0 0
x 0 0
x 0 0
x 0 0
x 0 0
x 0 0
x 0 0
x 0 0
x 0 0
x 0 0
x 0 0
x 0 0
x 0 0
x 0 0
x 0 0
x 0 0
x 0 0
x 0 0
x 0 0
x 0 0
x 0 0
#
# 
# Merged from harmonics.
# This data set was submitted by Jean-Pierre LaPointe
# (scipur@collegenotre-dame.qc.ca) 1996-11-29
# The source was the Table des Marees des Grands Ports du Monde, No. 540,
# from the Service Hydrographique et Oceanographique de la Marine - Paris,
# B.P. 426, 29275 Brest Cedex.
#
# 
# rel_pedigree: 1250000000 (Via LaPointe)
# BEGIN HOT COMMENTS
# country: India
# restriction: Non-commercial use only
# datum: LAT
# confidence: 10
# !units: meters
# !longitude: 87.0667
# !latitude: 20.7833
Shortt's Island, Odisha, India
+05:30 :Asia/Calcutta
1.9200 meters
J1              0.0030  356.40
K1              0.1150  347.00
K2              0.1150  304.20
L2              0.0270  275.00
M1              0.0030  337.50
M2              0.9160  262.00
x 0 0
M4              0.0300  123.00
x 0 0
x 0 0
N2              0.1910  249.00
2N2             0.0250  236.00
O1              0.0390  328.00
OO1             0.0020    6.00
P1              0.0380  345.60
Q1              0.0050   77.00
2Q1             0.0010  309.20
R2              0.0030  302.60
x 0 0
S2              0.4220  301.00
x 0 0
x 0 0
T2              0.0250  299.40
LDA2            0.0060  280.10
MU2             0.0220  223.00
NU2             0.0370  250.70
RHO1            0.0010  319.80
x 0 0
x 0 0
MN4             0.0120  121.00
MS4             0.0310  167.00
x 0 0
x 0 0
x 0 0
x 0 0
SA              0.2390  162.00
x 0 0
x 0 0
x 0 0
x 0 0
x 0 0
x 0 0
x 0 0
x 0 0
x 0 0
x 0 0
x 0 0
x 0 0
x 0 0
x 0 0
x 0 0
x 0 0
x 0 0
x 0 0
x 0 0
x 0 0
x 0 0
x 0 0
x 0 0
x 0 0
x 0 0
x 0 0
x 0 0
x 0 0
x 0 0
x 0 0
x 0 0
x 0 0
x 0 0
x 0 0
x 0 0
x 0 0
x 0 0
x 0 0
x 0 0
x 0 0
x 0 0
x 0 0
x 0 0
x 0 0
x 0 0
x 0 0
x 0 0
x 0 0
x 0 0
x 0 0
x 0 0
x 0 0
x 0 0
x 0 0
x 0 0
x 0 0
x 0 0
x 0 0
x 0 0
x 0 0
x 0 0
x 0 0
#
# 
# HORSBURGH LIGHTHOUSE, SINGAPORE -------- 01d20. 'N 104d24. 'E--(HRSBRGLT.TD4)
#
# 
# IHO/1978, TZ -8.0 H,Z0-1911 & ATT, RES=.122,RMS=.036, SA&SSA FROM 91 ATT PRED
#
# 
# rel_pedigree: 1000000000 (Approximated or converted data)
# BEGIN HOT COMMENTS
# country: Singapore
# restriction: Non-commercial use only
# datum: MLLW
# confidence: 10
# !units: meters
# !longitude: 104.4063
# !latitude: 1.3306
Pedra Branca (Horsburgh Lighthouse), Singapore
+08:00 :Asia/Singapore
1.5510 meters
J1              0.0130   96.20
K1              0.2670   76.60
K2              0.0630    1.10
L2              0.0180  342.50
M1              0.0120   57.00
M2              0.5650  306.80
M3              0.0010   43.60
M4              0.0140   48.90
M6              0.0040  177.10
x 0 0
N2              0.1140  278.70
2N2             0.0130  269.40
O1              0.2790   28.80
OO1             0.0050    4.10
P1              0.0900   73.30
Q1              0.0570  359.00
2Q1             0.0160  351.20
R2              0.0040   88.00
S1              0.0060  225.90
S2              0.1910    6.70
S4              0.0020  136.50
x 0 0
T2              0.0110  328.10
LDA2            0.0100  347.30
MU2             0.0100  184.50
NU2             0.0190  300.10
RHO1            0.0120    4.80
MK3             0.0130  106.90
x 0 0
MN4             0.0050   34.00
MS4             0.0130   88.60
2SM2            0.0100  263.70
MF              0.0230  109.10
MSF             0.0130   96.50
MM              0.0050   42.50
SA              0.1570  281.40
SSA             0.0480   69.60
x 0 0
x 0 0
x 0 0
x 0 0
x 0 0
x 0 0
x 0 0
x 0 0
x 0 0
x 0 0
x 0 0
x 0 0
x 0 0
x 0 0
x 0 0
x 0 0
x 0 0
x 0 0
x 0 0
x 0 0
x 0 0
x 0 0
x 0 0
x 0 0
x 0 0
x 0 0
x 0 0
x 0 0
x 0 0
x 0 0
x 0 0
x 0 0
x 0 0
x 0 0
x 0 0
x 0 0
x 0 0
x 0 0
x 0 0
x 0 0
x 0 0
x 0 0
x 0 0
x 0 0
x 0 0
x 0 0
x 0 0
x 0 0
x 0 0
x 0 0
x 0 0
x 0 0
x 0 0
x 0 0
x 0 0
x 0 0
x 0 0
x 0 0
x 0 0
x 0 0
x 0 0
#
# 
# Merged from harmonics.
# This data set was submitted by Jean-Pierre LaPointe
# (scipur@collegenotre-dame.qc.ca) 1996-11-29
# The source was the Table des Marees des Grands Ports du Monde, No. 540,
# from the Service Hydrographique et Oceanographique de la Marine - Paris,
# B.P. 426, 29275 Brest Cedex.
#
# 
# rel_pedigree: 1250000000 (Via LaPointe)
# BEGIN HOT COMMENTS
# country: South Korea
# restriction: Non-commercial use only
# datum: ALLW (approx.)
# confidence: 10
# !units: meters
# !longitude: 126.5673
# !latitude: 33.2332
Seogwipo, Jeju-do, South Korea
+09:00 :Asia/Seoul
1.5400 meters
J1              0.0140  230.40
K1              0.3100  216.00
K2              0.0790  348.80
L2              0.0210  332.00
M1              0.0130  201.50
M2              0.7600  312.00
x 0 0
x 0 0
x 0 0
x 0 0
N2              0.1440  292.00
2N2             0.0190  272.00
O1              0.1800  187.00
OO1             0.0080  245.00
P1              0.1030  213.80
Q1              0.0340  167.00
2Q1             0.0050  158.20
R2              0.0020  347.40
x 0 0
S2              0.2900  346.00
x 0 0
x 0 0
T2              0.0170  344.60
LDA2            0.0050  327.80
MU2             0.0180  278.00
NU2             0.0280  294.70
RHO1            0.0070  174.60
x 0 0
x 0 0
x 0 0
x 0 0
x 0 0
x 0 0
x 0 0
x 0 0
x 0 0
x 0 0
x 0 0
x 0 0
x 0 0
x 0 0
x 0 0
x 0 0
x 0 0
x 0 0
x 0 0
x 0 0
x 0 0
x 0 0
x 0 0
x 0 0
x 0 0
x 0 0
x 0 0
x 0 0
x 0 0
x 0 0
x 0 0
x 0 0
x 0 0
x 0 0
x 0 0
x 0 0
x 0 0
x 0 0
x 0 0
x 0 0
x 0 0
x 0 0
x 0 0
x 0 0
x 0 0
x 0 0
x 0 0
x 0 0
x 0 0
x 0 0
x 0 0
x 0 0
x 0 0
x 0 0
x 0 0
x 0 0
x 0 0
x 0 0
x 0 0
x 0 0
x 0 0
x 0 0
x 0 0
x 0 0
x 0 0
x 0 0
x 0 0
x 0 0
x 0 0
x 0 0
x 0 0
#
# 
# Merged from harmonics.
# This data set was submitted by Jean-Pierre LaPointe
# (scipur@collegenotre-dame.qc.ca) 1996-11-29
# The source was the Table des Marees des Grands Ports du Monde, No. 540,
# from the Service Hydrographique et Oceanographique de la Marine - Paris,
# B.P. 426, 29275 Brest Cedex.
#
# 
# rel_pedigree: 1250000000 (Via LaPointe)
# BEGIN HOT COMMENTS
# country: Thailand
# restriction: Non-commercial use only
# datum: MLLW
# confidence: 10
# !units: meters
# !longitude: 100.5750
# !latitude: 7.2300
Songkhla, Thailand
+07:00 :Asia/Bangkok
0.9700 meters
J1              0.0030  305.70
K1              0.0550  270.00
K2              0.0090   43.30
L2              0.0060  344.00
M1              0.0030  234.00
M2              0.2260  292.00
x 0 0
x 0 0
x 0 0
x 0 0
N2              0.0430  240.00
2N2             0.0060  188.00
O1              0.0370  198.00
OO1             0.0020  342.00
P1              0.0180  264.60
Q1              0.0060  162.00
2Q1             0.0010  126.60
x 0 0
x 0 0
S2              0.0330   35.00
x 0 0
x 0 0
T2              0.0020   30.90
LDA2            0.0020  339.80
MU2             0.0050  189.00
NU2             0.0080  247.00
RHO1            0.0010  167.10
x 0 0
x 0 0
x 0 0
x 0 0
x 0 0
x 0 0
x 0 0
x 0 0
x 0 0
x 0 0
x 0 0
x 0 0
x 0 0
x 0 0
x 0 0
x 0 0
x 0 0
x 0 0
x 0 0
x 0 0
x 0 0
x 0 0
x 0 0
x 0 0
x 0 0
x 0 0
x 0 0
x 0 0
x 0 0
x 0 0
x 0 0
x 0 0
x 0 0
x 0 0
x 0 0
x 0 0
x 0 0
x 0 0
x 0 0
x 0 0
x 0 0
x 0 0
x 0 0
x 0 0
x 0 0
x 0 0
x 0 0
x 0 0
x 0 0
x 0 0
x 0 0
x 0 0
x 0 0
x 0 0
x 0 0
x 0 0
x 0 0
x 0 0
x 0 0
x 0 0
x 0 0
x 0 0
x 0 0
x 0 0
x 0 0
x 0 0
x 0 0
x 0 0
x 0 0
x 0 0
x 0 0
#
# 
# Merged from harmonics.
# This data set was submitted by Jean-Pierre LaPointe
# (scipur@collegenotre-dame.qc.ca) 1996-11-29
# The source was the Table des Marees des Grands Ports du Monde, No. 540,
# from the Service Hydrographique et Oceanographique de la Marine - Paris,
# B.P. 426, 29275 Brest Cedex.
#
# 
# rel_pedigree: 1250000000 (Via LaPointe)
# BEGIN HOT COMMENTS
# country: South Korea
# restriction: Non-commercial use only
# datum: ALLW (approx.)
# confidence: 10
# !units: meters
# !longitude: 127.1500
# !latitude: 34.5000
Sonok Do, South Korea
+09:00 :Asia/Seoul
2.1100 meters
J1              0.0140  211.40
K1              0.3000  197.00
K2              0.1440  316.60
L2              0.0300  302.00
M1              0.0130  182.50
M2              1.1000  282.00
x 0 0
x 0 0
x 0 0
x 0 0
N2              0.2090  262.00
2N2             0.0280  242.00
O1              0.1800  168.00
OO1             0.0080  226.00
P1              0.0990  194.80
Q1              0.0340  148.00
2Q1             0.0050  139.20
R2              0.0040  315.30
x 0 0
S2              0.5300  314.00
x 0 0
x 0 0
T2              0.0310  312.70
LDA2            0.0080  296.80
MU2             0.0260  250.00
NU2             0.0410  264.70
RHO1            0.0070  155.60
x 0 0
x 0 0
x 0 0
x 0 0
x 0 0
x 0 0
x 0 0
x 0 0
x 0 0
x 0 0
x 0 0
x 0 0
x 0 0
x 0 0
x 0 0
x 0 0
x 0 0
x 0 0
x 0 0
x 0 0
x 0 0
x 0 0
x 0 0
x 0 0
x 0 0
x 0 0
x 0 0
x 0 0
x 0 0
x 0 0
x 0 0
x 0 0
x 0 0
x 0 0
x 0 0
x 0 0
x 0 0
x 0 0
x 0 0
x 0 0
x 0 0
x 0 0
x 0 0
x 0 0
x 0 0
x 0 0
x 0 0
x 0 0
x 0 0
x 0 0
x 0 0
x 0 0
x 0 0
x 0 0
x 0 0
x 0 0
x 0 0
x 0 0
x 0 0
x 0 0
x 0 0
x 0 0
x 0 0
x 0 0
x 0 0
x 0 0
x 0 0
x 0 0
x 0 0
x 0 0
x 0 0
#
# 
# Merged from harmonics.
# This data set was submitted by Jean-Pierre LaPointe
# (scipur@collegenotre-dame.qc.ca) 1996-11-29
# The source was the Table des Marees des Grands Ports du Monde, No. 540,
# from the Service Hydrographique et Oceanographique de la Marine - Paris,
# B.P. 426, 29275 Brest Cedex.
#
# 
# rel_pedigree: 1250000000 (Via LaPointe)
# BEGIN HOT COMMENTS
# country: Russia
# restriction: Non-commercial use only
# datum: LAT
# confidence: 10
# !units: meters
# !longitude: 140.3062
# !latitude: 49.0052
Sovetskaya Gavan, Russia
+11:00 :Asia/Vladivostok
0.3600 meters
J1              0.0060   72.20
K1              0.0300   37.00
K2              0.0160   20.60
L2              0.0050  353.00
M1              0.0050    1.50
M2              0.2000  333.00
x 0 0
x 0 0
x 0 0
x 0 0
N2              0.0380  313.00
2N2             0.0050  293.00
O1              0.0700  326.00
OO1             0.0030  108.00
P1              0.0100   31.70
Q1              0.0130  306.00
2Q1             0.0020  255.60
x 0 0
x 0 0
S2              0.0600   17.00
x 0 0
x 0 0
T2              0.0040   15.20
LDA2            0.0010  353.40
MU2             0.0050  289.00
NU2             0.0070  315.70
RHO1            0.0030  295.50
x 0 0
x 0 0
x 0 0
x 0 0
x 0 0
x 0 0
x 0 0
x 0 0
x 0 0
x 0 0
x 0 0
x 0 0
x 0 0
x 0 0
x 0 0
x 0 0
x 0 0
x 0 0
x 0 0
x 0 0
x 0 0
x 0 0
x 0 0
x 0 0
x 0 0
x 0 0
x 0 0
x 0 0
x 0 0
x 0 0
x 0 0
x 0 0
x 0 0
x 0 0
x 0 0
x 0 0
x 0 0
x 0 0
x 0 0
x 0 0
x 0 0
x 0 0
x 0 0
x 0 0
x 0 0
x 0 0
x 0 0
x 0 0
x 0 0
x 0 0
x 0 0
x 0 0
x 0 0
x 0 0
x 0 0
x 0 0
x 0 0
x 0 0
x 0 0
x 0 0
x 0 0
x 0 0
x 0 0
x 0 0
x 0 0
x 0 0
x 0 0
x 0 0
x 0 0
x 0 0
x 0 0
#
# 
# Merged from harmonics.
# This data set was submitted by Jean-Pierre LaPointe
# (scipur@collegenotre-dame.qc.ca) 1996-11-29
# The source was the Table des Marees des Grands Ports du Monde, No. 540,
# from the Service Hydrographique et Oceanographique de la Marine - Paris,
# B.P. 426, 29275 Brest Cedex.
#
# 
# rel_pedigree: 1250000000 (Via LaPointe)
# BEGIN HOT COMMENTS
# country: Croatia
# restriction: Non-commercial use only
# datum: MLLW
# confidence: 10
# !units: meters
# !longitude: 16.4333
# !latitude: 43.5000
Split, Croatia
+01:00 :Europe/Zagreb
0.2000 meters
J1              0.0020   60.00
K1              0.0880   56.00
K2              0.0150  131.20
L2              0.0020  132.00
M1              0.0020   52.00
M2              0.0800  129.00
x 0 0
x 0 0
x 0 0
x 0 0
N2              0.0140  126.00
2N2             0.0020  123.00
O1              0.0270   48.00
OO1             0.0010   64.00
P1              0.0290   55.40
x 0 0
2Q1             0.0010   40.10
x 0 0
x 0 0
S2              0.0560  131.00
x 0 0
x 0 0
T2              0.0030  130.90
LDA2            0.0010  129.90
MU2             0.0020  127.00
NU2             0.0030  126.40
RHO1            0.0010   44.60
x 0 0
x 0 0
x 0 0
x 0 0
x 0 0
x 0 0
x 0 0
x 0 0
x 0 0
x 0 0
x 0 0
x 0 0
x 0 0
x 0 0
x 0 0
x 0 0
x 0 0
x 0 0
x 0 0
x 0 0
x 0 0
x 0 0
x 0 0
x 0 0
x 0 0
x 0 0
x 0 0
x 0 0
x 0 0
x 0 0
x 0 0
x 0 0
x 0 0
x 0 0
x 0 0
x 0 0
x 0 0
x 0 0
x 0 0
x 0 0
x 0 0
x 0 0
x 0 0
x 0 0
x 0 0
x 0 0
x 0 0
x 0 0
x 0 0
x 0 0
x 0 0
x 0 0
x 0 0
x 0 0
x 0 0
x 0 0
x 0 0
x 0 0
x 0 0
x 0 0
x 0 0
x 0 0
x 0 0
x 0 0
x 0 0
x 0 0
x 0 0
x 0 0
x 0 0
x 0 0
x 0 0
#
# 
# Merged from harmonics.
# This entry was converted automatically from a TD4 file.
# Time of conversion:  1997-05-25 15:02 EDT
#
# 
# ST. JOHNS, ANTIGUA --------------------- 17d08. 'N 061d52. 'W--(ANTIGUA.TD4 )
#
# 
# ATT DATA #2456 WITH INFERRED CONSTITUENTS ----  1995DEC28  ------------------
#
# 
# rel_pedigree: 1000000000 (Approximated or converted data)
# BEGIN HOT COMMENTS
# country: Antigua and Barbuda
# restriction: Non-commercial use only
# datum: MLLW
# confidence: 10
# !units: meters
# !longitude: -61.8580
# !latitude: 17.1266
St. Johns, Antigua, Antigua and Barbuda
-04:00 :America/Antigua
0.2800 meters
J1              0.0050  174.50
K1              0.0700  175.00
K2              0.0030  190.30
L2              0.0010  168.00
M1              0.0040  175.50
M2              0.0400  146.00
x 0 0
x 0 0
x 0 0
x 0 0
N2              0.0080  124.00
2N2             0.0010  102.00
O1              0.0600  176.00
OO1             0.0030  174.00
P1              0.0230  175.10
Q1              0.0120  176.50
2Q1             0.0020  177.00
x 0 0
x 0 0
S2              0.0100  187.00
x 0 0
x 0 0
T2              0.0010  185.40
x 0 0
MU2             0.0010  105.00
NU2             0.0020  127.00
RHO1            0.0020  176.40
x 0 0
x 0 0
x 0 0
x 0 0
x 0 0
x 0 0
x 0 0
x 0 0
SA              0.0570  167.80
SSA             0.0340   83.80
x 0 0
x 0 0
x 0 0
x 0 0
x 0 0
x 0 0
x 0 0
x 0 0
x 0 0
x 0 0
x 0 0
x 0 0
x 0 0
x 0 0
x 0 0
x 0 0
x 0 0
x 0 0
x 0 0
x 0 0
x 0 0
x 0 0
x 0 0
x 0 0
x 0 0
x 0 0
x 0 0
x 0 0
x 0 0
x 0 0
x 0 0
x 0 0
x 0 0
x 0 0
x 0 0
x 0 0
x 0 0
x 0 0
x 0 0
x 0 0
x 0 0
x 0 0
x 0 0
x 0 0
x 0 0
x 0 0
x 0 0
x 0 0
x 0 0
x 0 0
x 0 0
x 0 0
x 0 0
x 0 0
x 0 0
x 0 0
x 0 0
x 0 0
x 0 0
x 0 0
x 0 0
#
# 
# Merged from harmonics.
# This entry was converted automatically from a TD4 file.
# Time of conversion:  1997-06-01 19:12 EDT
#
# 
# STEVENTON, BAHAMAS --------------------- 23d40. 'N 075d58. 'W--(STEVENTN.TD4)
# MEAN LEVEL INFERRED ---------------------------------------------------------
# ATT DATA #2545A WITH INFERRED CONSTITUENTS ----------------------------------
#
# 
# rel_pedigree: 1000000000 (Approximated or converted data)
# BEGIN HOT COMMENTS
# country: Bahamas
# restriction: Non-commercial use only
# datum: MLLW
# confidence: 10
# !units: meters
# !longitude: -75.9436
# !latitude: 23.6453
Steventon, Great Exuma Island, Bahamas
-05:00 :America/Nassau
0.6000 meters
J1              0.0553  130.51
K1              0.0900  132.00
K2              0.0109  238.13
L2              0.0095  230.50
M1              0.0497  133.50
M2              0.3400  223.00
x 0 0
x 0 0
x 0 0
x 0 0
N2              0.0660  215.50
2N2             0.0088  207.99
O1              0.7000  135.00
OO1             0.0301  129.00
P1              0.0298  132.23
Q1              0.1358  136.49
2Q1             0.0182  137.98
R2              0.0003  237.56
x 0 0
S2              0.0400  237.00
x 0 0
x 0 0
T2              0.0024  236.44
LDA2            0.0024  229.50
MU2             0.0082  209.00
NU2             0.0129  216.50
RHO1            0.0266  136.29
x 0 0
x 0 0
x 0 0
x 0 0
x 0 0
x 0 0
x 0 0
x 0 0
SA              0.0883  146.55
SSA             0.0333   24.86
x 0 0
x 0 0
x 0 0
x 0 0
x 0 0
x 0 0
x 0 0
x 0 0
x 0 0
x 0 0
x 0 0
x 0 0
x 0 0
x 0 0
x 0 0
x 0 0
x 0 0
x 0 0
x 0 0
x 0 0
x 0 0
x 0 0
x 0 0
x 0 0
x 0 0
x 0 0
x 0 0
x 0 0
x 0 0
x 0 0
x 0 0
x 0 0
x 0 0
x 0 0
x 0 0
x 0 0
x 0 0
x 0 0
x 0 0
x 0 0
x 0 0
x 0 0
x 0 0
x 0 0
x 0 0
x 0 0
x 0 0
x 0 0
x 0 0
x 0 0
x 0 0
x 0 0
x 0 0
x 0 0
x 0 0
x 0 0
x 0 0
x 0 0
x 0 0
x 0 0
x 0 0
#
# 
# Merged from harmonics.
# This data set was submitted by Jean-Pierre LaPointe
# (scipur@collegenotre-dame.qc.ca) 1996-11-29
# The source was the Table des Marees des Grands Ports du Monde, No. 540,
# from the Service Hydrographique et Oceanographique de la Marine - Paris,
# B.P. 426, 29275 Brest Cedex.
#
# 
# rel_pedigree: 1250000000 (Via LaPointe)
# BEGIN HOT COMMENTS
# country: Egypt
# restriction: Non-commercial use only
# datum: MLLW
# confidence: 10
# !units: meters
# !longitude: 32.5581
# !latitude: 29.9356
Suez (As Suways), Egypt
+02:00 :Africa/Cairo
1.1400 meters
J1              0.0010  177.10
K1              0.0450  184.00
K2              0.0380    6.30
L2              0.0260    7.00
M1              0.0010  191.00
M2              0.5600  336.00
x 0 0
M4              0.0090  112.00
x 0 0
x 0 0
N2              0.1820  305.00
2N2             0.0240  274.00
O1              0.0130  198.00
OO1             0.0010  170.00
P1              0.0150  185.10
Q1              0.0040  189.00
x 0 0
R2              0.0010    5.10
x 0 0
S2              0.1410    4.00
x 0 0
x 0 0
T2              0.0080    2.90
LDA2            0.0040  349.00
MU2             0.0130  308.00
NU2             0.0350  309.20
x 0 0
x 0 0
x 0 0
MN4             0.0120  224.00
MS4             0.0050  151.00
x 0 0
x 0 0
x 0 0
x 0 0
SA              0.1450  315.00
x 0 0
x 0 0
x 0 0
x 0 0
x 0 0
x 0 0
x 0 0
x 0 0
x 0 0
x 0 0
x 0 0
x 0 0
x 0 0
x 0 0
x 0 0
x 0 0
x 0 0
x 0 0
x 0 0
x 0 0
x 0 0
x 0 0
x 0 0
x 0 0
x 0 0
x 0 0
x 0 0
x 0 0
x 0 0
x 0 0
x 0 0
x 0 0
x 0 0
x 0 0
x 0 0
x 0 0
x 0 0
x 0 0
x 0 0
x 0 0
x 0 0
x 0 0
x 0 0
x 0 0
x 0 0
x 0 0
x 0 0
x 0 0
x 0 0
x 0 0
x 0 0
x 0 0
x 0 0
x 0 0
x 0 0
x 0 0
x 0 0
x 0 0
x 0 0
x 0 0
x 0 0
x 0 0
#
# 
# Merged from harmonics.
# This data set was submitted by Jean-Pierre LaPointe
# (scipur@collegenotre-dame.qc.ca) 1996-11-29
# The source was the Table des Marees des Grands Ports du Monde, No. 540,
# from the Service Hydrographique et Oceanographique de la Marine - Paris,
# B.P. 426, 29275 Brest Cedex.
#
# 
# rel_pedigree: 1250000000 (Via LaPointe)
# BEGIN HOT COMMENTS
# country: United Kingdom
# restriction: Non-commercial use only
# datum: ACD
# confidence: 10
# psmsl_id: 1668
# ssc_id: SSC-sull
# !units: meters
# !longitude: -1.2998
# !latitude: 60.4597
Sullom Voe (Shetlands), Scotland, United Kingdom
+00:00 :Europe/London
1.3200 meters
J1              0.0060  230.90
K1              0.0700  160.00
K2              0.0710  298.40
L2              0.0210  293.00
M1              0.0050   88.50
M2              0.7100  266.00
x 0 0
x 0 0
x 0 0
x 0 0
N2              0.1500  239.00
2N2             0.0200  212.00
O1              0.0700   17.00
OO1             0.0030  303.00
P1              0.0230  149.30
Q1              0.0200  288.00
2Q1             0.0020  235.10
R2              0.0020  297.20
x 0 0
S2              0.2600  296.00
x 0 0
x 0 0
T2              0.0150  294.80
LDA2            0.0050  279.90
MU2             0.0170  236.00
NU2             0.0290  242.60
RHO1            0.0030  315.70
x 0 0
x 0 0
x 0 0
MS4             0.0100  337.00
x 0 0
x 0 0
x 0 0
x 0 0
x 0 0
x 0 0
x 0 0
x 0 0
x 0 0
x 0 0
x 0 0
x 0 0
x 0 0
x 0 0
x 0 0
x 0 0
x 0 0
x 0 0
x 0 0
x 0 0
x 0 0
x 0 0
x 0 0
x 0 0
x 0 0
x 0 0
x 0 0
x 0 0
x 0 0
x 0 0
x 0 0
x 0 0
x 0 0
x 0 0
x 0 0
x 0 0
x 0 0
x 0 0
x 0 0
x 0 0
x 0 0
x 0 0
x 0 0
x 0 0
x 0 0
x 0 0
x 0 0
x 0 0
x 0 0
x 0 0
x 0 0
x 0 0
x 0 0
x 0 0
x 0 0
x 0 0
x 0 0
x 0 0
x 0 0
x 0 0
x 0 0
x 0 0
x 0 0
x 0 0
x 0 0
x 0 0
x 0 0
#
# 
# Merged from harmonics.
# This data set was submitted by Jean-Pierre LaPointe
# (scipur@collegenotre-dame.qc.ca) 1996-11-29
# The source was the Table des Marees des Grands Ports du Monde, No. 540,
# from the Service Hydrographique et Oceanographique de la Marine - Paris,
# B.P. 426, 29275 Brest Cedex.
#
# 
# rel_pedigree: 1250000000 (Via LaPointe)
# BEGIN HOT COMMENTS
# country: Indonesia
# restriction: Non-commercial use only
# datum: MLLW
# confidence: 10
# !units: meters
# !longitude: 114.5067
# !latitude: -3.5302
Sungai Barito, Borneo, Indonesia
+08:00 :Asia/Ujung_Pandang
1.3000 meters
J1              0.0260    9.30
K1              0.6400  340.00
K2              0.0080   77.80
L2              0.0130  129.00
M1              0.0230  310.50
M2              0.3400  121.00
x 0 0
x 0 0
x 0 0
x 0 0
N2              0.0900  113.00
2N2             0.0120  105.00
O1              0.3300  281.00
OO1             0.0140   39.00
P1              0.2120  335.60
Q1              0.0500  261.00
2Q1             0.0090  222.50
x 0 0
x 0 0
S2              0.0300   81.00
x 0 0
x 0 0
T2              0.0020   82.60
LDA2            0.0020  102.40
MU2             0.0080  161.00
NU2             0.0170  114.10
RHO1            0.0130  255.70
x 0 0
x 0 0
x 0 0
x 0 0
x 0 0
x 0 0
x 0 0
x 0 0
x 0 0
x 0 0
x 0 0
x 0 0
x 0 0
x 0 0
x 0 0
x 0 0
x 0 0
x 0 0
x 0 0
x 0 0
x 0 0
x 0 0
x 0 0
x 0 0
x 0 0
x 0 0
x 0 0
x 0 0
x 0 0
x 0 0
x 0 0
x 0 0
x 0 0
x 0 0
x 0 0
x 0 0
x 0 0
x 0 0
x 0 0
x 0 0
x 0 0
x 0 0
x 0 0
x 0 0
x 0 0
x 0 0
x 0 0
x 0 0
x 0 0
x 0 0
x 0 0
x 0 0
x 0 0
x 0 0
x 0 0
x 0 0
x 0 0
x 0 0
x 0 0
x 0 0
x 0 0
x 0 0
x 0 0
x 0 0
x 0 0
x 0 0
x 0 0
x 0 0
x 0 0
x 0 0
x 0 0
#
# 
# Merged from harmonics.
# This data set was submitted by Jean-Pierre LaPointe
# (scipur@collegenotre-dame.qc.ca) 1996-11-29
# The source was the Table des Marees des Grands Ports du Monde, No. 540,
# from the Service Hydrographique et Oceanographique de la Marine - Paris,
# B.P. 426, 29275 Brest Cedex.
#
# 
# rel_pedigree: 1250000000 (Via LaPointe)
# BEGIN HOT COMMENTS
# country: Indonesia
# restriction: Non-commercial use only
# datum: MLLW
# confidence: 10
# !units: meters
# !longitude: 117.5000
# !latitude: -0.7000
Sungai Kutei, Borneo, Indonesia
+08:00 :Asia/Ujung_Pandang
1.4000 meters
J1              0.0120  305.80
K1              0.2400  287.00
K2              0.1170  228.50
L2              0.0130  184.00
M1              0.0110  268.00
M2              0.5900  169.00
x 0 0
x 0 0
x 0 0
x 0 0
N2              0.0900  154.00
2N2             0.0120  139.00
O1              0.1500  249.00
OO1             0.0060  325.00
P1              0.0790  284.20
x 0 0
2Q1             0.0040  211.30
R2              0.0030  226.20
x 0 0
S2              0.4300  224.00
x 0 0
x 0 0
T2              0.0250  221.80
LDA2            0.0040  194.50
MU2             0.0140  114.00
NU2             0.0170  156.00
RHO1            0.0060  232.70
x 0 0
x 0 0
x 0 0
x 0 0
x 0 0
x 0 0
x 0 0
x 0 0
x 0 0
x 0 0
x 0 0
x 0 0
x 0 0
x 0 0
x 0 0
x 0 0
x 0 0
x 0 0
x 0 0
x 0 0
x 0 0
x 0 0
x 0 0
x 0 0
x 0 0
x 0 0
x 0 0
x 0 0
x 0 0
x 0 0
x 0 0
x 0 0
x 0 0
x 0 0
x 0 0
x 0 0
x 0 0
x 0 0
x 0 0
x 0 0
x 0 0
x 0 0
x 0 0
x 0 0
x 0 0
x 0 0
x 0 0
x 0 0
x 0 0
x 0 0
x 0 0
x 0 0
x 0 0
x 0 0
x 0 0
x 0 0
x 0 0
x 0 0
x 0 0
x 0 0
x 0 0
x 0 0
x 0 0
x 0 0
x 0 0
x 0 0
x 0 0
x 0 0
x 0 0
x 0 0
x 0 0
#
# 
# Merged from harmonics.
# This data set was submitted by Jean-Pierre LaPointe
# (scipur@collegenotre-dame.qc.ca) 1996-11-29
# The source was the Table des Marees des Grands Ports du Monde, No. 540,
# from the Service Hydrographique et Oceanographique de la Marine - Paris,
# B.P. 426, 29275 Brest Cedex.
#
# 
# rel_pedigree: 1250000000 (Via LaPointe)
# BEGIN HOT COMMENTS
# country: Indonesia
# restriction: Non-commercial use only
# datum: MLLW
# confidence: 10
# !units: meters
# !longitude: 133.6500
# !latitude: -2.2333
Sungai Muturi, New Guinea, Indonesia
+09:00 :Asia/Jayapura
2.9000 meters
J1              0.0250  358.90
K1              0.4300  343.00
K2              0.1330  289.40
L2              0.0410  238.00
M1              0.0230  327.00
M2              1.5900  191.00
x 0 0
x 0 0
x 0 0
x 0 0
N2              0.2900  144.00
2N2             0.0390   97.00
O1              0.3200  311.00
OO1             0.0140   15.00
P1              0.1420  340.60
x 0 0
2Q1             0.0080  279.30
R2              0.0040  285.60
x 0 0
S2              0.4900  282.00
x 0 0
x 0 0
T2              0.0290  278.40
LDA2            0.0110  233.20
MU2             0.0380  100.00
NU2             0.0560  150.30
RHO1            0.0120  297.30
x 0 0
x 0 0
x 0 0
x 0 0
x 0 0
x 0 0
x 0 0
x 0 0
x 0 0
x 0 0
x 0 0
x 0 0
x 0 0
x 0 0
x 0 0
x 0 0
x 0 0
x 0 0
x 0 0
x 0 0
x 0 0
x 0 0
x 0 0
x 0 0
x 0 0
x 0 0
x 0 0
x 0 0
x 0 0
x 0 0
x 0 0
x 0 0
x 0 0
x 0 0
x 0 0
x 0 0
x 0 0
x 0 0
x 0 0
x 0 0
x 0 0
x 0 0
x 0 0
x 0 0
x 0 0
x 0 0
x 0 0
x 0 0
x 0 0
x 0 0
x 0 0
x 0 0
x 0 0
x 0 0
x 0 0
x 0 0
x 0 0
x 0 0
x 0 0
x 0 0
x 0 0
x 0 0
x 0 0
x 0 0
x 0 0
x 0 0
x 0 0
x 0 0
x 0 0
x 0 0
x 0 0
#
# 
# Merged from harmonics.
# This data set was submitted by Jean-Pierre LaPointe
# (scipur@collegenotre-dame.qc.ca) 1996-11-29
# The source was the Table des Marees des Grands Ports du Monde, No. 540,
# from the Service Hydrographique et Oceanographique de la Marine - Paris,
# B.P. 426, 29275 Brest Cedex.
#
# 
# rel_pedigree: 1250000000 (Via LaPointe)
# BEGIN HOT COMMENTS
# country: Malaysia
# restriction: Non-commercial use only
# datum: MLLW
# confidence: 10
# !units: meters
# !longitude: 110.5000
# !latitude: 1.7500
Sungai Sarawak, Malaysia
+08:00 :Asia/Kuala_Lumpur
3.1000 meters
J1              0.0290    0.30
K1              0.4760  336.00
K2              0.1140  168.10
L2              0.0410  141.00
M1              0.0260  311.50
M2              1.3510  113.00
x 0 0
M4              0.0070   13.00
x 0 0
x 0 0
N2              0.2860   85.00
2N2             0.0380   57.00
O1              0.3670  287.00
OO1             0.0160   25.00
P1              0.1580  332.30
Q1              0.0690  265.00
2Q1             0.0100  238.40
R2              0.0030  166.00
x 0 0
S2              0.4200  164.00
x 0 0
x 0 0
T2              0.0250  162.00
LDA2            0.0090  136.70
MU2             0.0320   62.00
NU2             0.0550   88.80
RHO1            0.0140  266.00
x 0 0
x 0 0
x 0 0
MS4             0.0090   92.00
x 0 0
x 0 0
x 0 0
x 0 0
SA              0.1120  262.00
x 0 0
x 0 0
x 0 0
x 0 0
x 0 0
x 0 0
x 0 0
x 0 0
x 0 0
x 0 0
x 0 0
x 0 0
x 0 0
x 0 0
x 0 0
x 0 0
x 0 0
x 0 0
x 0 0
x 0 0
x 0 0
x 0 0
x 0 0
x 0 0
x 0 0
x 0 0
x 0 0
x 0 0
x 0 0
x 0 0
x 0 0
x 0 0
x 0 0
x 0 0
x 0 0
x 0 0
x 0 0
x 0 0
x 0 0
x 0 0
x 0 0
x 0 0
x 0 0
x 0 0
x 0 0
x 0 0
x 0 0
x 0 0
x 0 0
x 0 0
x 0 0
x 0 0
x 0 0
x 0 0
x 0 0
x 0 0
x 0 0
x 0 0
x 0 0
x 0 0
x 0 0
x 0 0
#
# 
# Merged from harmonics.
# This data set was submitted by Jean-Pierre LaPointe
# (scipur@collegenotre-dame.qc.ca) 1996-11-29
# The source was the Table des Marees des Grands Ports du Monde, No. 540,
# from the Service Hydrographique et Oceanographique de la Marine - Paris,
# B.P. 426, 29275 Brest Cedex.
#
# 
# rel_pedigree: 1250000000 (Via LaPointe)
# BEGIN HOT COMMENTS
# country: North Korea
# restriction: Non-commercial use only
# datum: MLLW
# confidence: 10
# !units: meters
# !longitude: 125.3227
# !latitude: 37.7500
Sunwi Do, North Korea
+09:00 :Asia/Pyongyang
2.8800 meters
J1              0.0220  324.90
K1              0.3800  308.00
K2              0.1600  213.40
L2              0.0420  175.00
M1              0.0200  291.00
M2              1.5400  155.00
x 0 0
x 0 0
x 0 0
x 0 0
N2              0.2930  135.00
2N2             0.0390  115.00
O1              0.2800  274.00
OO1             0.0120  342.00
P1              0.1260  305.50
Q1              0.0530  254.00
2Q1             0.0070  240.30
R2              0.0050  211.20
x 0 0
S2              0.5900  209.00
x 0 0
x 0 0
T2              0.0350  206.80
LDA2            0.0110  180.10
MU2             0.0370  101.00
NU2             0.0570  137.70
RHO1            0.0110  259.40
x 0 0
x 0 0
x 0 0
x 0 0
x 0 0
x 0 0
x 0 0
x 0 0
x 0 0
x 0 0
x 0 0
x 0 0
x 0 0
x 0 0
x 0 0
x 0 0
x 0 0
x 0 0
x 0 0
x 0 0
x 0 0
x 0 0
x 0 0
x 0 0
x 0 0
x 0 0
x 0 0
x 0 0
x 0 0
x 0 0
x 0 0
x 0 0
x 0 0
x 0 0
x 0 0
x 0 0
x 0 0
x 0 0
x 0 0
x 0 0
x 0 0
x 0 0
x 0 0
x 0 0
x 0 0
x 0 0
x 0 0
x 0 0
x 0 0
x 0 0
x 0 0
x 0 0
x 0 0
x 0 0
x 0 0
x 0 0
x 0 0
x 0 0
x 0 0
x 0 0
x 0 0
x 0 0
x 0 0
x 0 0
x 0 0
x 0 0
x 0 0
x 0 0
x 0 0
x 0 0
x 0 0
#
# 
# Merged from harmonics.
# This data set was submitted by Jean-Pierre LaPointe
# (scipur@collegenotre-dame.qc.ca) 1996-11-29
# The source was the Table des Marees des Grands Ports du Monde, No. 540,
# from the Service Hydrographique et Oceanographique de la Marine - Paris,
# B.P. 426, 29275 Brest Cedex.
#
# 
# rel_pedigree: 1250000000 (Via LaPointe)
# BEGIN HOT COMMENTS
# country: United Kingdom
# restriction: Non-commercial use only
# datum: ACD
# confidence: 10
# !units: meters
# !longitude: -3.9264
# !latitude: 51.6114
Swansea (King's Dock), Wales, United Kingdom
+00:00 :Europe/London
5.2400 meters
J1              0.0050  193.00
K1              0.0560  128.00
K2              0.3080  223.80
L2              0.0850  191.00
M1              0.0040   62.50
M2              3.1440  173.00
x 0 0
M4              0.0550   29.00
x 0 0
x 0 0
N2              0.5920  155.00
2N2             0.0790  137.00
O1              0.0590  357.00
OO1             0.0030  259.00
P1              0.0190  118.20
Q1              0.0200  307.00
2Q1             0.0020  227.00
R2              0.0090  221.90
x 0 0
S2              1.1310  220.00
x 0 0
x 0 0
T2              0.0670  218.10
LDA2            0.0220  194.80
MU2             0.0750  126.00
NU2             0.1150  157.40
RHO1            0.0020  300.80
x 0 0
x 0 0
MN4             0.0190  341.00
MS4             0.0340  107.00
x 0 0
x 0 0
x 0 0
x 0 0
SA              0.0610  226.00
x 0 0
x 0 0
x 0 0
x 0 0
x 0 0
x 0 0
x 0 0
x 0 0
x 0 0
x 0 0
x 0 0
x 0 0
x 0 0
x 0 0
x 0 0
x 0 0
x 0 0
x 0 0
x 0 0
x 0 0
x 0 0
x 0 0
x 0 0
x 0 0
x 0 0
x 0 0
x 0 0
x 0 0
x 0 0
x 0 0
x 0 0
x 0 0
x 0 0
x 0 0
x 0 0
x 0 0
x 0 0
x 0 0
x 0 0
x 0 0
x 0 0
x 0 0
x 0 0
x 0 0
x 0 0
x 0 0
x 0 0
x 0 0
x 0 0
x 0 0
x 0 0
x 0 0
x 0 0
x 0 0
x 0 0
x 0 0
x 0 0
x 0 0
x 0 0
x 0 0
x 0 0
x 0 0
#
# 
# Merged from harmonics.
# This data set was submitted by Jean-Pierre LaPointe
# (scipur@collegenotre-dame.qc.ca) 1996-11-29
# The source was the Table des Marees des Grands Ports du Monde, No. 540,
# from the Service Hydrographique et Oceanographique de la Marine - Paris,
# B.P. 426, 29275 Brest Cedex.
#
# 
# rel_pedigree: 1250000000 (Via LaPointe)
# BEGIN HOT COMMENTS
# country: China
# restriction: Non-commercial use only
# datum: CD
# confidence: 10
# !units: meters
# !longitude: 116.7486
# !latitude: 23.3339
Shantou (Han River), China
+08:00 :Asia/Shanghai
1.7300 meters
J1              0.0190  316.30
K1              0.3030  294.00
K2              0.0270   99.90
L2              0.0100   53.00
M1              0.0170  271.50
M2              0.4180   21.00
x 0 0
M4              0.0690  152.00
x 0 0
x 0 0
N2              0.0730  349.00
2N2             0.0100  317.00
O1              0.2420  249.00
OO1             0.0100  339.00
P1              0.1000  290.60
Q1              0.0450  229.00
2Q1             0.0060  204.40
R2              0.0010   96.90
x 0 0
S2              0.1010   94.00
x 0 0
x 0 0
T2              0.0060   91.10
LDA2            0.0030   54.90
MU2             0.0100  308.00
NU2             0.0140  353.30
RHO1            0.0090  229.70
x 0 0
x 0 0
x 0 0
MS4             0.0310  205.00
x 0 0
x 0 0
x 0 0
x 0 0
SA              0.0730  299.00
x 0 0
x 0 0
x 0 0
x 0 0
x 0 0
x 0 0
x 0 0
x 0 0
x 0 0
x 0 0
x 0 0
x 0 0
x 0 0
x 0 0
x 0 0
x 0 0
x 0 0
x 0 0
x 0 0
x 0 0
x 0 0
x 0 0
x 0 0
x 0 0
x 0 0
x 0 0
x 0 0
x 0 0
x 0 0
x 0 0
x 0 0
x 0 0
x 0 0
x 0 0
x 0 0
x 0 0
x 0 0
x 0 0
x 0 0
x 0 0
x 0 0
x 0 0
x 0 0
x 0 0
x 0 0
x 0 0
x 0 0
x 0 0
x 0 0
x 0 0
x 0 0
x 0 0
x 0 0
x 0 0
x 0 0
x 0 0
x 0 0
x 0 0
x 0 0
x 0 0
x 0 0
x 0 0
#
# 
# Merged from harmonics.
# This data set was submitted by Jean-Pierre LaPointe
# (scipur@collegenotre-dame.qc.ca) 1996-11-29
# The source was the Table des Marees des Grands Ports du Monde, No. 540,
# from the Service Hydrographique et Oceanographique de la Marine - Paris,
# B.P. 426, 29275 Brest Cedex.
#
# 
# rel_pedigree: 1250000000 (Via LaPointe)
# BEGIN HOT COMMENTS
# country: Thailand
# restriction: Non-commercial use only
# datum: MLLW
# confidence: 10
# !units: meters
# !longitude: 100.2789
# !latitude: 13.5347
Pak Nam Tha Chin, Samut Sakhon, Thailand
+07:00 :Asia/Bangkok
1.6400 meters
J1              0.0350  192.80
K1              0.6710  168.00
K2              0.0760  217.80
L2              0.0130  176.00
M1              0.0310  143.00
M2              0.5240  140.00
x 0 0
x 0 0
x 0 0
x 0 0
N2              0.0910  104.00
2N2             0.0120   68.00
O1              0.4420  118.00
OO1             0.0190  218.00
P1              0.2220  164.30
Q1              0.0850   93.00
2Q1             0.0110   68.40
R2              0.0020  214.90
x 0 0
S2              0.2800  212.00
x 0 0
x 0 0
T2              0.0170  209.10
LDA2            0.0040  173.40
MU2             0.0130   68.00
NU2             0.0180  108.80
RHO1            0.0170   96.60
x 0 0
x 0 0
x 0 0
x 0 0
x 0 0
x 0 0
x 0 0
x 0 0
x 0 0
x 0 0
x 0 0
x 0 0
x 0 0
x 0 0
x 0 0
x 0 0
x 0 0
x 0 0
x 0 0
x 0 0
x 0 0
x 0 0
x 0 0
x 0 0
x 0 0
x 0 0
x 0 0
x 0 0
x 0 0
x 0 0
x 0 0
x 0 0
x 0 0
x 0 0
x 0 0
x 0 0
x 0 0
x 0 0
x 0 0
x 0 0
x 0 0
x 0 0
x 0 0
x 0 0
x 0 0
x 0 0
x 0 0
x 0 0
x 0 0
x 0 0
x 0 0
x 0 0
x 0 0
x 0 0
x 0 0
x 0 0
x 0 0
x 0 0
x 0 0
x 0 0
x 0 0
x 0 0
x 0 0
x 0 0
x 0 0
x 0 0
x 0 0
x 0 0
x 0 0
x 0 0
x 0 0
#
# 
# Merged from harmonics.
# This data set was submitted by Jean-Pierre LaPointe
# (scipur@collegenotre-dame.qc.ca) 1996-11-29
# The source was the Table des Marees des Grands Ports du Monde, No. 540,
# from the Service Hydrographique et Oceanographique de la Marine - Paris,
# B.P. 426, 29275 Brest Cedex.
#
# 
# rel_pedigree: 1250000000 (Via LaPointe)
# BEGIN HOT COMMENTS
# country: Philippines
# restriction: Non-commercial use only
# datum: MLLW
# confidence: 10
# !units: meters
# !longitude: 124.9998
# !latitude: 11.2484
Tacloban, Leyte, Philippines
+08:00 :Asia/Manila
0.2700 meters
J1              0.0140  312.40
K1              0.1520  296.00
K2              0.0110  263.50
L2              0.0060  229.00
M1              0.0130  279.50
M2              0.1600  203.00
x 0 0
M4              0.0200  319.00
x 0 0
x 0 0
N2              0.0420  177.00
2N2             0.0060  151.00
O1              0.1790  263.00
OO1             0.0080  329.00
P1              0.0500  293.50
Q1              0.0350  246.00
2Q1             0.0050  230.30
x 0 0
x 0 0
S2              0.0390  259.00
x 0 0
x 0 0
T2              0.0020  256.80
LDA2            0.0010  229.00
MU2             0.0040  147.00
NU2             0.0080  180.50
RHO1            0.0070  248.80
x 0 0
x 0 0
x 0 0
x 0 0
x 0 0
x 0 0
x 0 0
x 0 0
x 0 0
x 0 0
x 0 0
x 0 0
x 0 0
x 0 0
x 0 0
x 0 0
x 0 0
x 0 0
x 0 0
x 0 0
x 0 0
x 0 0
x 0 0
x 0 0
x 0 0
x 0 0
x 0 0
x 0 0
x 0 0
x 0 0
x 0 0
x 0 0
x 0 0
x 0 0
x 0 0
x 0 0
x 0 0
x 0 0
x 0 0
x 0 0
x 0 0
x 0 0
x 0 0
x 0 0
x 0 0
x 0 0
x 0 0
x 0 0
x 0 0
x 0 0
x 0 0
x 0 0
x 0 0
x 0 0
x 0 0
x 0 0
x 0 0
x 0 0
x 0 0
x 0 0
x 0 0
x 0 0
x 0 0
x 0 0
x 0 0
x 0 0
x 0 0
x 0 0
x 0 0
x 0 0
x 0 0
#
# 
# Merged from harmonics.
# This data set was submitted by Jean-Pierre LaPointe
# (scipur@collegenotre-dame.qc.ca) 1996-11-29
# The source was the Table des Marees des Grands Ports du Monde, No. 540,
# from the Service Hydrographique et Oceanographique de la Marine - Paris,
# B.P. 426, 29275 Brest Cedex.
#
# 
# rel_pedigree: 1250000000 (Via LaPointe)
# BEGIN HOT COMMENTS
# country: South Korea
# restriction: Non-commercial use only
# datum: ALLW (approx.)
# confidence: 10
# !units: meters
# !longitude: 126.4333
# !latitude: 36.3833
Wonsando (Taech'on), South Korea
+09:00 :Asia/Seoul
3.2000 meters
J1              0.0210  304.40
K1              0.3900  286.00
K2              0.2280  165.50
L2              0.0610  126.00
M1              0.0190  267.50
M2              2.2600  106.00
x 0 0
x 0 0
x 0 0
x 0 0
N2              0.4290   86.00
2N2             0.0570   66.00
O1              0.2700  249.00
OO1             0.0120  323.00
P1              0.1290  283.20
Q1              0.0510  229.00
2Q1             0.0070  212.30
R2              0.0070  163.20
x 0 0
S2              0.8400  161.00
x 0 0
x 0 0
T2              0.0500  158.80
LDA2            0.0160  131.50
MU2             0.0540   51.00
NU2             0.0830   88.70
RHO1            0.0100  233.10
x 0 0
x 0 0
x 0 0
x 0 0
x 0 0
x 0 0
x 0 0
x 0 0
x 0 0
x 0 0
x 0 0
x 0 0
x 0 0
x 0 0
x 0 0
x 0 0
x 0 0
x 0 0
x 0 0
x 0 0
x 0 0
x 0 0
x 0 0
x 0 0
x 0 0
x 0 0
x 0 0
x 0 0
x 0 0
x 0 0
x 0 0
x 0 0
x 0 0
x 0 0
x 0 0
x 0 0
x 0 0
x 0 0
x 0 0
x 0 0
x 0 0
x 0 0
x 0 0
x 0 0
x 0 0
x 0 0
x 0 0
x 0 0
x 0 0
x 0 0
x 0 0
x 0 0
x 0 0
x 0 0
x 0 0
x 0 0
x 0 0
x 0 0
x 0 0
x 0 0
x 0 0
x 0 0
x 0 0
x 0 0
x 0 0
x 0 0
x 0 0
x 0 0
x 0 0
x 0 0
x 0 0
#
# 
# Merged from harmonics.
# This data set was submitted by Jean-Pierre LaPointe
# (scipur@collegenotre-dame.qc.ca) 1996-11-29
# The source was the Table des Marees des Grands Ports du Monde, No. 540,
# from the Service Hydrographique et Oceanographique de la Marine - Paris,
# B.P. 426, 29275 Brest Cedex.
#
# 
# rel_pedigree: 1250000000 (Via LaPointe)
# BEGIN HOT COMMENTS
# country: South Korea
# restriction: Non-commercial use only
# datum: ALLW (approx.)
# confidence: 10
# khoa_code: 91
# psmsl_id: 1489, 2254
# ssc_id: SSC-daeh
# !units: meters
# !longitude: 125.4333
# !latitude: 34.6833
Taehuksan Do, South Korea
+09:00 :Asia/Seoul
1.8700 meters
J1              0.0150  270.90
K1              0.2430  255.00
K2              0.0980   86.60
L2              0.0300   61.00
M1              0.0130  239.00
M2              1.0620   38.00
x 0 0
M4              0.0350  156.00
x 0 0
x 0 0
N2              0.2120   15.00
2N2             0.0280  352.00
O1              0.1890  223.00
OO1             0.0080  287.00
P1              0.0800  252.60
Q1              0.0410  202.00
2Q1             0.0050  191.30
R2              0.0030   84.80
x 0 0
S2              0.3600   83.00
x 0 0
x 0 0
T2              0.0210   81.20
LDA2            0.0070   58.90
MU2             0.0250  353.00
NU2             0.0410   18.10
RHO1            0.0070  209.30
x 0 0
x 0 0
MN4             0.0110  125.00
MS4             0.0270  229.00
x 0 0
x 0 0
x 0 0
x 0 0
SA              0.1510  133.00
x 0 0
x 0 0
x 0 0
x 0 0
x 0 0
x 0 0
x 0 0
x 0 0
x 0 0
x 0 0
x 0 0
x 0 0
x 0 0
x 0 0
x 0 0
x 0 0
x 0 0
x 0 0
x 0 0
x 0 0
x 0 0
x 0 0
x 0 0
x 0 0
x 0 0
x 0 0
x 0 0
x 0 0
x 0 0
x 0 0
x 0 0
x 0 0
x 0 0
x 0 0
x 0 0
x 0 0
x 0 0
x 0 0
x 0 0
x 0 0
x 0 0
x 0 0
x 0 0
x 0 0
x 0 0
x 0 0
x 0 0
x 0 0
x 0 0
x 0 0
x 0 0
x 0 0
x 0 0
x 0 0
x 0 0
x 0 0
x 0 0
x 0 0
x 0 0
x 0 0
x 0 0
x 0 0
#
# 
# Merged from harmonics.
# This data set was submitted by Jean-Pierre LaPointe
# (scipur@collegenotre-dame.qc.ca) 1996-11-29
# The source was the Table des Marees des Grands Ports du Monde, No. 540,
# from the Service Hydrographique et Oceanographique de la Marine - Paris,
# B.P. 426, 29275 Brest Cedex.
#
# 
# rel_pedigree: 1250000000 (Via LaPointe)
# BEGIN HOT COMMENTS
# country: South Korea
# restriction: Non-commercial use only
# datum: MLLW
# confidence: 10
# !units: meters
# !longitude: 125.7167
# !latitude: 37.6667
Taeyonp'yong Do (Daeyeonpyeongdo), South Korea
+09:00 :Asia/Seoul
3.6800 meters
J1              0.0210  328.80
K1              0.3700  310.00
K2              0.2180  216.30
L2              0.0610  166.00
M1              0.0190  291.00
M2              2.2400  146.00
x 0 0
x 0 0
x 0 0
x 0 0
N2              0.4260  126.00
2N2             0.0570  106.00
O1              0.2700  272.00
OO1             0.0120  348.00
P1              0.1220  307.20
Q1              0.0510  252.00
2Q1             0.0070  234.30
R2              0.0060  213.60
x 0 0
S2              0.8000  211.00
x 0 0
x 0 0
T2              0.0470  208.40
LDA2            0.0160  176.20
MU2             0.0540   81.00
NU2             0.0830  128.70
RHO1            0.0100  255.70
x 0 0
x 0 0
x 0 0
x 0 0
x 0 0
x 0 0
x 0 0
x 0 0
x 0 0
x 0 0
x 0 0
x 0 0
x 0 0
x 0 0
x 0 0
x 0 0
x 0 0
x 0 0
x 0 0
x 0 0
x 0 0
x 0 0
x 0 0
x 0 0
x 0 0
x 0 0
x 0 0
x 0 0
x 0 0
x 0 0
x 0 0
x 0 0
x 0 0
x 0 0
x 0 0
x 0 0
x 0 0
x 0 0
x 0 0
x 0 0
x 0 0
x 0 0
x 0 0
x 0 0
x 0 0
x 0 0
x 0 0
x 0 0
x 0 0
x 0 0
x 0 0
x 0 0
x 0 0
x 0 0
x 0 0
x 0 0
x 0 0
x 0 0
x 0 0
x 0 0
x 0 0
x 0 0
x 0 0
x 0 0
x 0 0
x 0 0
x 0 0
x 0 0
x 0 0
x 0 0
x 0 0
#
# 
# Merged from harmonics.
# This entry was converted automatically from a TID file
# that I found laying around on the net, 9/6/95.
#
# 
# TAILEVU, FIJI ISLANDS ------ 17d39. 'S 178d35. 'E--(TAILEVU.TID )
# METRIC
# TMGPM + INFERRED CONSTANTS ----------
#
# 
# rel_pedigree: 1000000000 (Approximated or converted data)
# BEGIN HOT COMMENTS
# country: Fiji
# restriction: Non-commercial use only
# datum: MLLW
# confidence: 10
# !units: meters
# !longitude: 178.5833
# !latitude: -17.6500
Tailevu, Fiji Islands, Fiji
+12:00 :Pacific/Fiji
0.9200 meters
J1              0.0040  244.40
K1              0.0820  231.00
K2              0.0360  183.80
L2              0.0180  216.00
M1              0.0030  217.50
M2              0.5270  186.00
x 0 0
M4              0.0030   55.00
x 0 0
x 0 0
N2              0.1280  156.00
2N2             0.0170  126.00
O1              0.0490  204.00
OO1             0.0020  258.00
P1              0.0270  229.00
Q1              0.0100  190.60
2Q1             0.0010  177.20
R2              0.0010  183.90
x 0 0
S2              0.1340  184.00
x 0 0
x 0 0
T2              0.0080  184.10
LDA2            0.0040  185.10
MU2             0.0130  188.00
NU2             0.0250  160.00
RHO1            0.0020  192.40
x 0 0
x 0 0
x 0 0
MS4             0.0060  339.00
x 0 0
x 0 0
x 0 0
x 0 0
x 0 0
x 0 0
x 0 0
x 0 0
x 0 0
x 0 0
x 0 0
x 0 0
x 0 0
x 0 0
x 0 0
x 0 0
x 0 0
x 0 0
x 0 0
x 0 0
x 0 0
x 0 0
x 0 0
x 0 0
x 0 0
x 0 0
x 0 0
x 0 0
x 0 0
x 0 0
x 0 0
x 0 0
x 0 0
x 0 0
x 0 0
x 0 0
x 0 0
x 0 0
x 0 0
x 0 0
x 0 0
x 0 0
x 0 0
x 0 0
x 0 0
x 0 0
x 0 0
x 0 0
x 0 0
x 0 0
x 0 0
x 0 0
x 0 0
x 0 0
x 0 0
x 0 0
x 0 0
x 0 0
x 0 0
x 0 0
x 0 0
x 0 0
x 0 0
x 0 0
x 0 0
x 0 0
x 0 0
#
# 
# Merged from harmonics.
# This data set was submitted by Jean-Pierre LaPointe
# (scipur@collegenotre-dame.qc.ca) 1996-11-29
# The source was the Table des Marees des Grands Ports du Monde, No. 540,
# from the Service Hydrographique et Oceanographique de la Marine - Paris,
# B.P. 426, 29275 Brest Cedex.
#
# 
# rel_pedigree: 1250000000 (Via LaPointe)
# BEGIN HOT COMMENTS
# country: Ireland
# restriction: Non-commercial use only
# datum: LAT
# confidence: 10
# !units: meters
# !longitude: -9.35953
# !latitude: 52.58710
Tarbert Island (River Shannon), Ireland
+00:00 :Europe/Dublin
2.7900 meters
J1              0.0050  131.60
K1              0.0900   77.00
K2              0.1550  191.90
L2              0.0450  173.00
M1              0.0040   22.00
M2              1.6400  153.00
x 0 0
x 0 0
x 0 0
x 0 0
N2              0.3120  133.00
2N2             0.0410  113.00
O1              0.0600  327.00
OO1             0.0030  187.00
P1              0.0300   68.80
Q1              0.0110  307.00
2Q1             0.0020  217.90
R2              0.0050  190.40
x 0 0
S2              0.5700  189.00
x 0 0
x 0 0
T2              0.0340  187.60
LDA2            0.0110  169.70
MU2             0.0390  117.00
NU2             0.0610  135.70
RHO1            0.0020  279.80
x 0 0
x 0 0
x 0 0
x 0 0
x 0 0
x 0 0
x 0 0
x 0 0
x 0 0
x 0 0
x 0 0
x 0 0
x 0 0
x 0 0
x 0 0
x 0 0
x 0 0
x 0 0
x 0 0
x 0 0
x 0 0
x 0 0
x 0 0
x 0 0
x 0 0
x 0 0
x 0 0
x 0 0
x 0 0
x 0 0
x 0 0
x 0 0
x 0 0
x 0 0
x 0 0
x 0 0
x 0 0
x 0 0
x 0 0
x 0 0
x 0 0
x 0 0
x 0 0
x 0 0
x 0 0
x 0 0
x 0 0
x 0 0
x 0 0
x 0 0
x 0 0
x 0 0
x 0 0
x 0 0
x 0 0
x 0 0
x 0 0
x 0 0
x 0 0
x 0 0
x 0 0
x 0 0
x 0 0
x 0 0
x 0 0
x 0 0
x 0 0
x 0 0
x 0 0
x 0 0
x 0 0
#
# 
# Merged from harmonics.
# This data set was submitted by Jean-Pierre LaPointe
# (scipur@collegenotre-dame.qc.ca) 1996-11-29
# The source was the Table des Marees des Grands Ports du Monde, No. 540,
# from the Service Hydrographique et Oceanographique de la Marine - Paris,
# B.P. 426, 29275 Brest Cedex.
#
# 
# rel_pedigree: 1250000000 (Via LaPointe)
# BEGIN HOT COMMENTS
# country: Chile
# restriction: Non-commercial use only
# datum: MLLW
# confidence: 10
# ioc_code: talc, talc2
# psmsl_id: 571
# ptwc_code: talc
# ssc_id: SSC-talc
# !units: meters
# !longitude: -73.1061
# !latitude: -36.7008
Talcahuano, Chile
-04:00 :America/Santiago
0.9100 meters
J1              0.0090    4.30
K1              0.1600  345.00
K2              0.0430  334.20
L2              0.0140  348.00
M1              0.0080  325.50
M2              0.4600  318.00
x 0 0
M4              0.0020  193.00
x 0 0
x 0 0
N2              0.1010  288.00
2N2             0.0130  258.00
O1              0.1090  306.00
OO1             0.0050   24.00
P1              0.0530  342.10
Q1              0.0220  275.00
2Q1             0.0030  267.30
R2              0.0010  333.60
x 0 0
S2              0.1580  333.00
x 0 0
x 0 0
T2              0.0090  332.40
LDA2            0.0030  325.00
MU2             0.0110  303.00
NU2             0.0200  292.00
RHO1            0.0040  289.30
x 0 0
x 0 0
x 0 0
x 0 0
x 0 0
x 0 0
x 0 0
x 0 0
x 0 0
x 0 0
x 0 0
x 0 0
x 0 0
x 0 0
x 0 0
x 0 0
x 0 0
x 0 0
x 0 0
x 0 0
x 0 0
x 0 0
x 0 0
x 0 0
x 0 0
x 0 0
x 0 0
x 0 0
x 0 0
x 0 0
x 0 0
x 0 0
x 0 0
x 0 0
x 0 0
x 0 0
x 0 0
x 0 0
x 0 0
x 0 0
x 0 0
x 0 0
x 0 0
x 0 0
x 0 0
x 0 0
x 0 0
x 0 0
x 0 0
x 0 0
x 0 0
x 0 0
x 0 0
x 0 0
x 0 0
x 0 0
x 0 0
x 0 0
x 0 0
x 0 0
x 0 0
x 0 0
x 0 0
x 0 0
x 0 0
x 0 0
x 0 0
x 0 0
x 0 0
x 0 0
x 0 0
#
# 
# Merged from harmonics.
# This data set was submitted by Jean-Pierre LaPointe
# (scipur@collegenotre-dame.qc.ca) 1996-11-29
# The source was the Table des Marees des Grands Ports du Monde, No. 540,
# from the Service Hydrographique et Oceanographique de la Marine - Paris,
# B.P. 426, 29275 Brest Cedex.
#
# 
# rel_pedigree: 1250000000 (Via LaPointe)
# BEGIN HOT COMMENTS
# country: Morocco
# restriction: Non-commercial use only
# datum: MLLW
# confidence: 10
# shom_code: TAMAJARUSH
# !units: meters
# !longitude: -10.0627
# !latitude: 29.5505
Mirleft (Plage Tamhrouchte), Morocco
-01:00 :Africa/Casablanca
1.9300 meters
J1              0.0040  303.40
K1              0.0650  286.00
K2              0.0840   48.90
L2              0.0210   12.00
M1              0.0030  268.50
M2              0.9060   10.00
x 0 0
M4              0.0270   16.00
x 0 0
x 0 0
N2              0.1480    8.00
2N2             0.0200    6.00
O1              0.0460  251.00
OO1             0.0020  321.00
P1              0.0220  283.40
Q1              0.0090  234.00
2Q1             0.0010  216.30
R2              0.0020   47.40
x 0 0
S2              0.3080   46.00
x 0 0
x 0 0
T2              0.0180   44.60
LDA2            0.0060   26.70
MU2             0.0220  334.00
NU2             0.0290    8.30
RHO1            0.0020  236.00
x 0 0
x 0 0
x 0 0
MS4             0.0090  105.00
x 0 0
x 0 0
x 0 0
x 0 0
x 0 0
x 0 0
x 0 0
x 0 0
x 0 0
x 0 0
x 0 0
x 0 0
x 0 0
x 0 0
x 0 0
x 0 0
x 0 0
x 0 0
x 0 0
x 0 0
x 0 0
x 0 0
x 0 0
x 0 0
x 0 0
x 0 0
x 0 0
x 0 0
x 0 0
x 0 0
x 0 0
x 0 0
x 0 0
x 0 0
x 0 0
x 0 0
x 0 0
x 0 0
x 0 0
x 0 0
x 0 0
x 0 0
x 0 0
x 0 0
x 0 0
x 0 0
x 0 0
x 0 0
x 0 0
x 0 0
x 0 0
x 0 0
x 0 0
x 0 0
x 0 0
x 0 0
x 0 0
x 0 0
x 0 0
x 0 0
x 0 0
x 0 0
x 0 0
x 0 0
x 0 0
x 0 0
x 0 0
#
# 
# Merged from harmonics.
# This data set was submitted by Jean-Pierre LaPointe
# (scipur@collegenotre-dame.qc.ca) 1996-11-29
# The source was the Table des Marees des Grands Ports du Monde, No. 540,
# from the Service Hydrographique et Oceanographique de la Marine - Paris,
# B.P. 426, 29275 Brest Cedex.
#
# 
# rel_pedigree: 1250000000 (Via LaPointe)
# BEGIN HOT COMMENTS
# country: Madagascar
# restriction: Non-commercial use only
# datum: MLLW
# confidence: 10
# ioc_code: toam2
# ptwc_code: toam
# shom_code: TOAMASINA
# ssc_id: SSC-toama
# !units: meters
# !longitude: 49.4267
# !latitude: -18.1600
Toamasina, Madagascar
+03:00 :Indian/Antananarivo
0.6700 meters
J1              0.0030   84.40
K1              0.0250   75.00
K2              0.0260   45.20
L2              0.0080   53.00
M1              0.0030   65.50
M2              0.2050   43.00
x 0 0
M4              0.0040  229.00
x 0 0
x 0 0
N2              0.0580   33.00
2N2             0.0080   23.00
O1              0.0410   56.00
OO1             0.0020   94.00
P1              0.0080   73.60
Q1              0.0100   24.00
2Q1             0.0010   37.20
R2              0.0010   45.10
x 0 0
S2              0.0950   45.00
x 0 0
x 0 0
T2              0.0060   44.90
LDA2            0.0010   43.90
MU2             0.0050   41.00
NU2             0.0110   34.30
RHO1            0.0020   47.80
x 0 0
x 0 0
x 0 0
MS4             0.0080    1.00
x 0 0
x 0 0
x 0 0
x 0 0
SA              0.0550  304.00
x 0 0
x 0 0
x 0 0
x 0 0
x 0 0
x 0 0
x 0 0
x 0 0
x 0 0
x 0 0
x 0 0
x 0 0
x 0 0
x 0 0
x 0 0
x 0 0
x 0 0
x 0 0
x 0 0
x 0 0
x 0 0
x 0 0
x 0 0
x 0 0
x 0 0
x 0 0
x 0 0
x 0 0
x 0 0
x 0 0
x 0 0
x 0 0
x 0 0
x 0 0
x 0 0
x 0 0
x 0 0
x 0 0
x 0 0
x 0 0
x 0 0
x 0 0
x 0 0
x 0 0
x 0 0
x 0 0
x 0 0
x 0 0
x 0 0
x 0 0
x 0 0
x 0 0
x 0 0
x 0 0
x 0 0
x 0 0
x 0 0
x 0 0
x 0 0
x 0 0
x 0 0
x 0 0
#
# 
# Merged from harmonics.
# This data set was submitted by Jean-Pierre LaPointe
# (scipur@collegenotre-dame.qc.ca) 1996-11-29
# The source was the Table des Marees des Grands Ports du Monde, No. 540,
# from the Service Hydrographique et Oceanographique de la Marine - Paris,
# B.P. 426, 29275 Brest Cedex.
#
# 
# rel_pedigree: 1250000000 (Via LaPointe)
# BEGIN HOT COMMENTS
# country: Vanuatu
# restriction: Non-commercial use only
# datum: MLLW
# confidence: 10
# !units: meters
# !longitude: 166.9900
# !latitude: -15.5877
Tangoa, Vanuatu
+11:00 :Pacific/Efate
0.6400 meters
J1              0.0060  215.40
K1              0.1800  201.00
K2              0.0270  177.60
L2              0.0100  185.00
M1              0.0060  186.50
M2              0.2870  170.00
x 0 0
M4              0.0060  128.00
x 0 0
x 0 0
N2              0.0700  155.00
2N2             0.0090  140.00
O1              0.0820  172.00
OO1             0.0040  230.00
P1              0.0600  198.80
x 0 0
2Q1             0.0020  143.20
R2              0.0010  177.30
x 0 0
S2              0.0980  177.00
x 0 0
x 0 0
T2              0.0060  176.70
LDA2            0.0020  173.20
MU2             0.0070  163.00
NU2             0.0140  157.00
RHO1            0.0030  159.60
x 0 0
x 0 0
x 0 0
MS4             0.0030  215.00
x 0 0
x 0 0
x 0 0
x 0 0
x 0 0
x 0 0
x 0 0
x 0 0
x 0 0
x 0 0
x 0 0
x 0 0
x 0 0
x 0 0
x 0 0
x 0 0
x 0 0
x 0 0
x 0 0
x 0 0
x 0 0
x 0 0
x 0 0
x 0 0
x 0 0
x 0 0
x 0 0
x 0 0
x 0 0
x 0 0
x 0 0
x 0 0
x 0 0
x 0 0
x 0 0
x 0 0
x 0 0
x 0 0
x 0 0
x 0 0
x 0 0
x 0 0
x 0 0
x 0 0
x 0 0
x 0 0
x 0 0
x 0 0
x 0 0
x 0 0
x 0 0
x 0 0
x 0 0
x 0 0
x 0 0
x 0 0
x 0 0
x 0 0
x 0 0
x 0 0
x 0 0
x 0 0
x 0 0
x 0 0
x 0 0
x 0 0
x 0 0
#
# 
# Merged from harmonics.
# This data set was submitted by Jean-Pierre LaPointe
# (scipur@collegenotre-dame.qc.ca) 1996-11-29
# The source was the Table des Marees des Grands Ports du Monde, No. 540,
# from the Service Hydrographique et Oceanographique de la Marine - Paris,
# B.P. 426, 29275 Brest Cedex.
#
# 
# rel_pedigree: 1250000000 (Via LaPointe)
# BEGIN HOT COMMENTS
# country: Morocco
# restriction: Non-commercial use only
# datum: MLLW
# confidence: 10
# ihm_code: 52
# !units: meters
# !longitude: -5.8033
# !latitude: 35.7883
Tanger, Morocco
+00:00 :Africa/Casablanca
1.2700 meters
J1              0.0040  136.00
K1              0.0640   80.00
K2              0.0680   91.90
L2              0.0180   78.00
M1              0.0040   23.50
M2              0.6820   67.00
x 0 0
M4              0.0350  154.00
x 0 0
x 0 0
N2              0.1280   56.00
2N2             0.0170   45.00
O1              0.0500  327.00
OO1             0.0020  193.00
P1              0.0210   71.50
Q1              0.0100  272.00
2Q1             0.0010  214.90
R2              0.0020   90.90
x 0 0
S2              0.2510   90.00
x 0 0
x 0 0
T2              0.0150   89.10
LDA2            0.0050   77.70
MU2             0.0160   44.00
NU2             0.0250   57.50
RHO1            0.0020  278.50
x 0 0
x 0 0
x 0 0
MS4             0.0180  200.00
x 0 0
x 0 0
x 0 0
x 0 0
x 0 0
x 0 0
x 0 0
x 0 0
x 0 0
x 0 0
x 0 0
x 0 0
x 0 0
x 0 0
x 0 0
x 0 0
x 0 0
x 0 0
x 0 0
x 0 0
x 0 0
x 0 0
x 0 0
x 0 0
x 0 0
x 0 0
x 0 0
x 0 0
x 0 0
x 0 0
x 0 0
x 0 0
x 0 0
x 0 0
x 0 0
x 0 0
x 0 0
x 0 0
x 0 0
x 0 0
x 0 0
x 0 0
x 0 0
x 0 0
x 0 0
x 0 0
x 0 0
x 0 0
x 0 0
x 0 0
x 0 0
x 0 0
x 0 0
x 0 0
x 0 0
x 0 0
x 0 0
x 0 0
x 0 0
x 0 0
x 0 0
x 0 0
x 0 0
x 0 0
x 0 0
x 0 0
x 0 0
#
# 
# Merged from harmonics.
# This data set was submitted by Jean-Pierre LaPointe
# (scipur@collegenotre-dame.qc.ca) 1996-11-29
# The source was the Table des Marees des Grands Ports du Monde, No. 540,
# from the Service Hydrographique et Oceanographique de la Marine - Paris,
# B.P. 426, 29275 Brest Cedex.
#
# 
# rel_pedigree: 1250000000 (Via LaPointe)
# BEGIN HOT COMMENTS
# country: Malaysia
# restriction: Non-commercial use only
# datum: MLLW
# confidence: 10
# !units: meters
# !longitude: 113.9782
# !latitude: 4.5877
Tanjung Baram, Malaysia
+08:00 :Asia/Kuala_Lumpur
0.9000 meters
J1              0.0240  343.80
K1              0.3500  319.00
K2              0.0220   12.80
L2              0.0040  344.00
M1              0.0210  294.00
M2              0.1700  335.00
x 0 0
x 0 0
x 0 0
x 0 0
N2              0.0300  326.00
2N2             0.0040  317.00
O1              0.3000  269.00
OO1             0.0130    9.00
P1              0.1160  315.30
Q1              0.0600  252.00
2Q1             0.0080  219.40
R2              0.0010   11.40
x 0 0
S2              0.0800   10.00
x 0 0
x 0 0
T2              0.0050    8.60
LDA2            0.0010  351.20
MU2             0.0040  300.00
NU2             0.0060  327.20
RHO1            0.0110  247.60
x 0 0
x 0 0
x 0 0
x 0 0
x 0 0
x 0 0
x 0 0
x 0 0
SA              0.0500  250.00
x 0 0
x 0 0
x 0 0
x 0 0
x 0 0
x 0 0
x 0 0
x 0 0
x 0 0
x 0 0
x 0 0
x 0 0
x 0 0
x 0 0
x 0 0
x 0 0
x 0 0
x 0 0
x 0 0
x 0 0
x 0 0
x 0 0
x 0 0
x 0 0
x 0 0
x 0 0
x 0 0
x 0 0
x 0 0
x 0 0
x 0 0
x 0 0
x 0 0
x 0 0
x 0 0
x 0 0
x 0 0
x 0 0
x 0 0
x 0 0
x 0 0
x 0 0
x 0 0
x 0 0
x 0 0
x 0 0
x 0 0
x 0 0
x 0 0
x 0 0
x 0 0
x 0 0
x 0 0
x 0 0
x 0 0
x 0 0
x 0 0
x 0 0
x 0 0
x 0 0
x 0 0
x 0 0
#
# 
# Merged from harmonics.
# This data set was submitted by Jean-Pierre LaPointe
# (scipur@collegenotre-dame.qc.ca) 1996-11-29
# The source was the Table des Marees des Grands Ports du Monde, No. 540,
# from the Service Hydrographique et Oceanographique de la Marine - Paris,
# B.P. 426, 29275 Brest Cedex.
#
# 
# rel_pedigree: 1250000000 (Via LaPointe)
# BEGIN HOT COMMENTS
# country: Malaysia
# restriction: Non-commercial use only
# datum: MLLW
# confidence: 10
# !units: meters
# !longitude: 104.1472
# !latitude: 1.8429
Sedili Kechil, Malaysia
+07:30 :Asia/Kuala_Lumpur
1.4800 meters
J1              0.0210   68.30
K1              0.3900   48.00
K2              0.0470  335.70
L2              0.0150  307.00
M1              0.0190   27.50
M2              0.5610  273.00
x 0 0
M4              0.0180   66.00
x 0 0
x 0 0
N2              0.1040  239.00
2N2             0.0140  205.00
O1              0.2650    7.00
OO1             0.0110   89.00
P1              0.1290   44.90
x 0 0
2Q1             0.0070  326.30
R2              0.0010  333.30
x 0 0
S2              0.1740  331.00
x 0 0
x 0 0
T2              0.0100  328.70
LDA2            0.0040  299.90
MU2             0.0130  215.00
NU2             0.0200  243.60
RHO1            0.0100  349.40
x 0 0
x 0 0
x 0 0
MS4             0.0150   74.00
x 0 0
x 0 0
x 0 0
x 0 0
x 0 0
x 0 0
x 0 0
x 0 0
x 0 0
x 0 0
x 0 0
x 0 0
x 0 0
x 0 0
x 0 0
x 0 0
x 0 0
x 0 0
x 0 0
x 0 0
x 0 0
x 0 0
x 0 0
x 0 0
x 0 0
x 0 0
x 0 0
x 0 0
x 0 0
x 0 0
x 0 0
x 0 0
x 0 0
x 0 0
x 0 0
x 0 0
x 0 0
x 0 0
x 0 0
x 0 0
x 0 0
x 0 0
x 0 0
x 0 0
x 0 0
x 0 0
x 0 0
x 0 0
x 0 0
x 0 0
x 0 0
x 0 0
x 0 0
x 0 0
x 0 0
x 0 0
x 0 0
x 0 0
x 0 0
x 0 0
x 0 0
x 0 0
x 0 0
x 0 0
x 0 0
x 0 0
x 0 0
#
# 
# Merged from harmonics.
# This data set was submitted by Jean-Pierre LaPointe
# (scipur@collegenotre-dame.qc.ca) 1996-11-29
# The source was the Table des Marees des Grands Ports du Monde, No. 540,
# from the Service Hydrographique et Oceanographique de la Marine - Paris,
# B.P. 426, 29275 Brest Cedex.
#
# 
# rel_pedigree: 1250000000 (Via LaPointe)
# BEGIN HOT COMMENTS
# country: China
# restriction: Non-commercial use only
# datum: CD
# confidence: 10
# !units: meters
# !longitude: 117.7063
# !latitude: 38.9859
Tianjin Xingang, China
+08:00 :Asia/Shanghai
1.5800 meters
J1              0.0140  169.30
K1              0.2450  149.00
K2              0.0660  175.20
L2              0.0180  124.00
M1              0.0120  128.50
M2              0.9350   92.00
x 0 0
M4              0.1060  103.00
x 0 0
x 0 0
N2              0.1260   60.00
2N2             0.0170   28.00
O1              0.1760  108.00
OO1             0.0080  190.00
P1              0.0810  145.90
Q1              0.0370   72.00
2Q1             0.0050   67.30
R2              0.0020  172.10
x 0 0
S2              0.2420  169.00
x 0 0
x 0 0
T2              0.0140  165.90
LDA2            0.0070  127.70
MU2             0.0220   15.00
NU2             0.0240   64.30
RHO1            0.0070   90.40
x 0 0
x 0 0
x 0 0
x 0 0
x 0 0
x 0 0
x 0 0
x 0 0
SA              0.2040  117.00
x 0 0
x 0 0
x 0 0
x 0 0
x 0 0
x 0 0
x 0 0
x 0 0
x 0 0
x 0 0
x 0 0
x 0 0
x 0 0
x 0 0
x 0 0
x 0 0
x 0 0
x 0 0
x 0 0
x 0 0
x 0 0
x 0 0
x 0 0
x 0 0
x 0 0
x 0 0
x 0 0
x 0 0
x 0 0
x 0 0
x 0 0
x 0 0
x 0 0
x 0 0
x 0 0
x 0 0
x 0 0
x 0 0
x 0 0
x 0 0
x 0 0
x 0 0
x 0 0
x 0 0
x 0 0
x 0 0
x 0 0
x 0 0
x 0 0
x 0 0
x 0 0
x 0 0
x 0 0
x 0 0
x 0 0
x 0 0
x 0 0
x 0 0
x 0 0
x 0 0
x 0 0
x 0 0
#
# 
# Merged from harmonics.
# This data set was submitted by Jean-Pierre LaPointe
# (scipur@collegenotre-dame.qc.ca) 1996-11-29
# The source was the Table des Marees des Grands Ports du Monde, No. 540,
# from the Service Hydrographique et Oceanographique de la Marine - Paris,
# B.P. 426, 29275 Brest Cedex.
#
# 
# rel_pedigree: 1250000000 (Via LaPointe)
# BEGIN HOT COMMENTS
# country: South Korea
# restriction: Non-commercial use only
# datum: ALLW (approx.)
# confidence: 10
# !units: meters
# !longitude: 126.15590
# !latitude: 37.22652
Deokjeokdo Jinri, South Korea
+09:00 :Asia/Seoul
4.3000 meters
J1              0.0250  312.40
K1              0.4300  294.00
K2              0.2610  193.70
L2              0.0670  151.00
M1              0.0230  275.50
M2              2.4800  131.00
x 0 0
x 0 0
x 0 0
x 0 0
N2              0.4710  111.00
2N2             0.0630   91.00
O1              0.3200  257.00
OO1             0.0140  331.00
P1              0.1420  291.20
Q1              0.0610  237.00
2Q1             0.0080  220.30
R2              0.0080  191.30
x 0 0
S2              0.9600  189.00
x 0 0
x 0 0
T2              0.0570  186.70
LDA2            0.0170  157.90
MU2             0.0600   73.00
NU2             0.0910  113.70
RHO1            0.0120  241.10
x 0 0
x 0 0
x 0 0
x 0 0
x 0 0
x 0 0
x 0 0
x 0 0
x 0 0
x 0 0
x 0 0
x 0 0
x 0 0
x 0 0
x 0 0
x 0 0
x 0 0
x 0 0
x 0 0
x 0 0
x 0 0
x 0 0
x 0 0
x 0 0
x 0 0
x 0 0
x 0 0
x 0 0
x 0 0
x 0 0
x 0 0
x 0 0
x 0 0
x 0 0
x 0 0
x 0 0
x 0 0
x 0 0
x 0 0
x 0 0
x 0 0
x 0 0
x 0 0
x 0 0
x 0 0
x 0 0
x 0 0
x 0 0
x 0 0
x 0 0
x 0 0
x 0 0
x 0 0
x 0 0
x 0 0
x 0 0
x 0 0
x 0 0
x 0 0
x 0 0
x 0 0
x 0 0
x 0 0
x 0 0
x 0 0
x 0 0
x 0 0
x 0 0
x 0 0
x 0 0
x 0 0
#
# 
# Merged from harmonics.
# This data set was submitted by Jean-Pierre LaPointe
# (scipur@collegenotre-dame.qc.ca) 1996-11-29
# The source was the Table des Marees des Grands Ports du Monde, No. 540,
# from the Service Hydrographique et Oceanographique de la Marine - Paris,
# B.P. 426, 29275 Brest Cedex.
#
# 
# rel_pedigree: 1250000000 (Via LaPointe)
# BEGIN HOT COMMENTS
# country: South Korea
# restriction: Non-commercial use only
# datum: ALLW (approx.)
# confidence: 10
# khoa_code: 25
# psmsl_id: 1446
# ssc_id: SSC-tong
# !units: meters
# !longitude: 128.4167
# !latitude: 34.8333
Tongyong (Ch'ungmu), South Korea
+09:00 :Asia/Seoul
1.4100 meters
J1              0.0080  196.40
K1              0.1470  180.00
K2              0.1000  291.90
L2              0.0230  264.00
M1              0.0070  163.50
M2              0.7960  253.00
x 0 0
M4              0.0180  213.00
x 0 0
x 0 0
N2              0.1600  242.00
2N2             0.0210  231.00
O1              0.0970  147.00
OO1             0.0040  213.00
P1              0.0490  177.50
Q1              0.0170  131.00
2Q1             0.0030  114.30
R2              0.0030  290.40
x 0 0
S2              0.3660  289.00
x 0 0
x 0 0
T2              0.0220  287.60
LDA2            0.0060  269.70
MU2             0.0190  217.00
NU2             0.0310  243.50
RHO1            0.0040  132.80
x 0 0
x 0 0
MN4             0.0080  205.00
MS4             0.0170  265.00
x 0 0
x 0 0
x 0 0
x 0 0
SA              0.1300  141.00
x 0 0
x 0 0
x 0 0
x 0 0
x 0 0
x 0 0
x 0 0
x 0 0
x 0 0
x 0 0
x 0 0
x 0 0
x 0 0
x 0 0
x 0 0
x 0 0
x 0 0
x 0 0
x 0 0
x 0 0
x 0 0
x 0 0
x 0 0
x 0 0
x 0 0
x 0 0
x 0 0
x 0 0
x 0 0
x 0 0
x 0 0
x 0 0
x 0 0
x 0 0
x 0 0
x 0 0
x 0 0
x 0 0
x 0 0
x 0 0
x 0 0
x 0 0
x 0 0
x 0 0
x 0 0
x 0 0
x 0 0
x 0 0
x 0 0
x 0 0
x 0 0
x 0 0
x 0 0
x 0 0
x 0 0
x 0 0
x 0 0
x 0 0
x 0 0
x 0 0
x 0 0
x 0 0
#
# 
# Merged from harmonics.
# This data set was submitted by Jean-Pierre LaPointe
# (scipur@collegenotre-dame.qc.ca) 1996-11-29
# The source was the Table des Marees des Grands Ports du Monde, No. 540,
# from the Service Hydrographique et Oceanographique de la Marine - Paris,
# B.P. 426, 29275 Brest Cedex.
#
# 
# rel_pedigree: 1250000000 (Via LaPointe)
# BEGIN HOT COMMENTS
# country: Sri Lanka
# restriction: Non-commercial use only
# datum: MLLW
# confidence: 10
# !units: meters
# !longitude: 81.1998
# !latitude: 8.5637
Trincomalee, Sri Lanka
+05:30 :Asia/Colombo
0.3900 meters
J1              0.0020  346.90
K1              0.0660  333.00
K2              0.0170  270.40
L2              0.0060  256.00
M1              0.0010  319.00
M2              0.1770  238.00
x 0 0
M4              0.0040  206.00
x 0 0
x 0 0
N2              0.0430  220.00
2N2             0.0060  202.00
O1              0.0200  305.00
OO1             0.0010    1.00
P1              0.0220  330.90
Q1              0.0030  170.00
2Q1             0.0010  277.20
R2              0.0010  269.20
x 0 0
S2              0.0640  268.00
x 0 0
x 0 0
T2              0.0040  266.80
LDA2            0.0010  251.90
MU2             0.0040  208.00
NU2             0.0080  222.40
RHO1            0.0010  293.00
x 0 0
x 0 0
MN4             0.0060  306.00
MS4             0.0030  250.00
x 0 0
x 0 0
x 0 0
x 0 0
SA              0.0750  268.00
x 0 0
x 0 0
x 0 0
x 0 0
x 0 0
x 0 0
x 0 0
x 0 0
x 0 0
x 0 0
x 0 0
x 0 0
x 0 0
x 0 0
x 0 0
x 0 0
x 0 0
x 0 0
x 0 0
x 0 0
x 0 0
x 0 0
x 0 0
x 0 0
x 0 0
x 0 0
x 0 0
x 0 0
x 0 0
x 0 0
x 0 0
x 0 0
x 0 0
x 0 0
x 0 0
x 0 0
x 0 0
x 0 0
x 0 0
x 0 0
x 0 0
x 0 0
x 0 0
x 0 0
x 0 0
x 0 0
x 0 0
x 0 0
x 0 0
x 0 0
x 0 0
x 0 0
x 0 0
x 0 0
x 0 0
x 0 0
x 0 0
x 0 0
x 0 0
x 0 0
x 0 0
x 0 0
#
# 
# Merged from harmonics.
# This data set was submitted by Jean-Pierre LaPointe
# (scipur@collegenotre-dame.qc.ca) 1996-11-29
# The source was the Table des Marees des Grands Ports du Monde, No. 540,
# from the Service Hydrographique et Oceanographique de la Marine - Paris,
# B.P. 426, 29275 Brest Cedex.
#
# 
# rel_pedigree: 1250000000 (Via LaPointe)
# BEGIN HOT COMMENTS
# country: United Kingdom
# restriction: Non-commercial use only
# datum: ACD
# confidence: 10
# !units: meters
# !longitude: -12.31332
# !latitude: -37.06372
Calshot Harbour, Edinburgh of the Seven Seas, Tristan da Cunha Island
+00:00 :Etc/UTC
0.5000 meters
J1              0.0010  209.70
K1              0.0140  178.00
K2              0.0240   21.70
L2              0.0080   23.00
M1              0.0010  146.00
M2              0.2310   12.00
x 0 0
x 0 0
x 0 0
x 0 0
N2              0.0550    1.00
2N2             0.0070  350.00
O1              0.0120  114.00
OO1             0.0010  242.00
P1              0.0050  173.20
Q1              0.0060   62.00
x 0 0
R2              0.0010   21.40
x 0 0
S2              0.0870   21.00
x 0 0
x 0 0
T2              0.0050   20.60
LDA2            0.0020   16.20
MU2             0.0060    3.00
NU2             0.0110    2.50
x 0 0
x 0 0
x 0 0
x 0 0
x 0 0
x 0 0
x 0 0
x 0 0
x 0 0
x 0 0
x 0 0
x 0 0
x 0 0
x 0 0
x 0 0
x 0 0
x 0 0
x 0 0
x 0 0
x 0 0
x 0 0
x 0 0
x 0 0
x 0 0
x 0 0
x 0 0
x 0 0
x 0 0
x 0 0
x 0 0
x 0 0
x 0 0
x 0 0
x 0 0
x 0 0
x 0 0
x 0 0
x 0 0
x 0 0
x 0 0
x 0 0
x 0 0
x 0 0
x 0 0
x 0 0
x 0 0
x 0 0
x 0 0
x 0 0
x 0 0
x 0 0
x 0 0
x 0 0
x 0 0
x 0 0
x 0 0
x 0 0
x 0 0
x 0 0
x 0 0
x 0 0
x 0 0
x 0 0
x 0 0
x 0 0
x 0 0
x 0 0
x 0 0
x 0 0
x 0 0
x 0 0
x 0 0
#
# 
# Merged from harmonics.
# This data set was submitted by Jean-Pierre LaPointe
# (scipur@collegenotre-dame.qc.ca) 1996-11-29
# The source was the Table des Marees des Grands Ports du Monde, No. 540,
# from the Service Hydrographique et Oceanographique de la Marine - Paris,
# B.P. 426, 29275 Brest Cedex.
#
# 
# rel_pedigree: 1250000000 (Via LaPointe)
# BEGIN HOT COMMENTS
# country: Canada
# restriction: Non-commercial use only
# datum: LLWLT
# confidence: 10
# chs_id: 06485
# !units: meters
# !longitude: -132.9944
# !latitude: 69.4382
Tuktoyaktuk, Northwest Territories Canada
-07:00 :America/Edmonton
0.3000 meters
J1              0.0020   35.60
K1              0.0350   52.00
K2              0.0150  143.60
L2              0.0020  109.00
M1              0.0020   68.50
M2              0.1280   96.00
x 0 0
M4              0.0020  148.00
x 0 0
x 0 0
N2              0.0170   83.00
2N2             0.0020   70.00
O1              0.0270   85.00
OO1             0.0010   19.00
P1              0.0120   54.50
Q1              0.0090   90.00
2Q1             0.0010  117.70
x 0 0
x 0 0
S2              0.0540  140.00
x 0 0
x 0 0
T2              0.0030  138.20
LDA2            0.0010  116.40
MU2             0.0030   52.00
NU2             0.0030   84.70
RHO1            0.0010   99.20
x 0 0
x 0 0
x 0 0
MS4             0.0010  169.00
x 0 0
x 0 0
x 0 0
x 0 0
SA              0.1630  153.00
x 0 0
x 0 0
x 0 0
x 0 0
x 0 0
x 0 0
x 0 0
x 0 0
x 0 0
x 0 0
x 0 0
x 0 0
x 0 0
x 0 0
x 0 0
x 0 0
x 0 0
x 0 0
x 0 0
x 0 0
x 0 0
x 0 0
x 0 0
x 0 0
x 0 0
x 0 0
x 0 0
x 0 0
x 0 0
x 0 0
x 0 0
x 0 0
x 0 0
x 0 0
x 0 0
x 0 0
x 0 0
x 0 0
x 0 0
x 0 0
x 0 0
x 0 0
x 0 0
x 0 0
x 0 0
x 0 0
x 0 0
x 0 0
x 0 0
x 0 0
x 0 0
x 0 0
x 0 0
x 0 0
x 0 0
x 0 0
x 0 0
x 0 0
x 0 0
x 0 0
x 0 0
x 0 0
#
# 
# Merged from harmonics.
# This data set was submitted by Jean-Pierre LaPointe
# (scipur@collegenotre-dame.qc.ca) 1996-11-29
# The source was the Table des Marees des Grands Ports du Monde, No. 540,
# from the Service Hydrographique et Oceanographique de la Marine - Paris,
# B.P. 426, 29275 Brest Cedex.
#
# 
# rel_pedigree: 1250000000 (Via LaPointe)
# BEGIN HOT COMMENTS
# country: Madagascar
# restriction: Non-commercial use only
# datum: MLLW
# confidence: 10
# shom_code: TOLIARA
# !units: meters
# !longitude: 43.6631
# !latitude: -23.3613
Toliara, Madagascar
+03:00 :Indian/Antananarivo
2.1000 meters
J1              0.0020  176.70
K1              0.0450  138.00
K2              0.1270  190.40
L2              0.0190  162.00
M1              0.0020   99.00
M2              0.8240  145.00
x 0 0
x 0 0
x 0 0
x 0 0
N2              0.1350  128.00
2N2             0.0180  111.00
O1              0.0300   60.00
OO1             0.0010  216.00
P1              0.0150  132.20
x 0 0
2Q1             0.0010  342.60
R2              0.0040  188.70
x 0 0
S2              0.4670  187.00
x 0 0
x 0 0
T2              0.0280  185.30
LDA2            0.0060  164.50
MU2             0.0200  103.00
NU2             0.0260  130.30
RHO1            0.0010   26.50
x 0 0
x 0 0
x 0 0
x 0 0
x 0 0
x 0 0
x 0 0
x 0 0
SA              0.1370  276.00
x 0 0
x 0 0
x 0 0
x 0 0
x 0 0
x 0 0
x 0 0
x 0 0
x 0 0
x 0 0
x 0 0
x 0 0
x 0 0
x 0 0
x 0 0
x 0 0
x 0 0
x 0 0
x 0 0
x 0 0
x 0 0
x 0 0
x 0 0
x 0 0
x 0 0
x 0 0
x 0 0
x 0 0
x 0 0
x 0 0
x 0 0
x 0 0
x 0 0
x 0 0
x 0 0
x 0 0
x 0 0
x 0 0
x 0 0
x 0 0
x 0 0
x 0 0
x 0 0
x 0 0
x 0 0
x 0 0
x 0 0
x 0 0
x 0 0
x 0 0
x 0 0
x 0 0
x 0 0
x 0 0
x 0 0
x 0 0
x 0 0
x 0 0
x 0 0
x 0 0
x 0 0
x 0 0
#
# 
# Merged from harmonics.
# This data set was submitted by Jean-Pierre LaPointe
# (scipur@collegenotre-dame.qc.ca) 1996-11-29
# The source was the Table des Marees des Grands Ports du Monde, No. 540,
# from the Service Hydrographique et Oceanographique de la Marine - Paris,
# B.P. 426, 29275 Brest Cedex.
#
# 
# rel_pedigree: 1250000000 (Via LaPointe)
# BEGIN HOT COMMENTS
# country: Indonesia
# restriction: Non-commercial use only
# datum: MLLW
# confidence: 10
# !units: meters
# !longitude: 119.4000
# !latitude: -5.1500
Makassar (Ujung Pandang), Sulawesi, Indonesia
+08:00 :Asia/Ujung_Pandang
0.8000 meters
J1              0.0130  316.40
K1              0.2800  301.00
K2              0.0300  205.70
L2              0.0040  150.00
M1              0.0120  285.50
M2              0.0800   63.00
x 0 0
x 0 0
x 0 0
x 0 0
N2              0.0300  336.00
2N2             0.0040  249.00
O1              0.1700  270.00
OO1             0.0070  332.00
P1              0.0930  298.70
Q1              0.0320  250.00
2Q1             0.0040  239.20
R2              0.0010  200.30
x 0 0
S2              0.1100  195.00
x 0 0
x 0 0
T2              0.0060  189.70
LDA2            0.0010  124.20
MU2             0.0020  291.00
NU2             0.0060  347.70
RHO1            0.0060  256.70
x 0 0
x 0 0
x 0 0
x 0 0
x 0 0
x 0 0
x 0 0
x 0 0
x 0 0
x 0 0
x 0 0
x 0 0
x 0 0
x 0 0
x 0 0
x 0 0
x 0 0
x 0 0
x 0 0
x 0 0
x 0 0
x 0 0
x 0 0
x 0 0
x 0 0
x 0 0
x 0 0
x 0 0
x 0 0
x 0 0
x 0 0
x 0 0
x 0 0
x 0 0
x 0 0
x 0 0
x 0 0
x 0 0
x 0 0
x 0 0
x 0 0
x 0 0
x 0 0
x 0 0
x 0 0
x 0 0
x 0 0
x 0 0
x 0 0
x 0 0
x 0 0
x 0 0
x 0 0
x 0 0
x 0 0
x 0 0
x 0 0
x 0 0
x 0 0
x 0 0
x 0 0
x 0 0
x 0 0
x 0 0
x 0 0
x 0 0
x 0 0
x 0 0
x 0 0
x 0 0
x 0 0
#
# 
# Merged from harmonics.
# This data set was submitted by Jean-Pierre LaPointe
# (scipur@collegenotre-dame.qc.ca) 1996-11-29
# The source was the Table des Marees des Grands Ports du Monde, No. 540,
# from the Service Hydrographique et Oceanographique de la Marine - Paris,
# B.P. 426, 29275 Brest Cedex.
#
# 
# Atlas says Ullung Do.  -- DWF
#
# 
# rel_pedigree: 1250000000 (Via LaPointe)
# BEGIN HOT COMMENTS
# country: South Korea
# restriction: Non-commercial use only
# datum: ALLW (approx.)
# confidence: 10
# !units: meters
# !longitude: 130.9137
# !latitude: 37.4917
Ulleungdo (Jeodong), South Korea
+09:00 :Asia/Seoul
0.1600 meters
J1              0.0040   11.80
K1              0.0480  352.00
K2              0.0050  104.30
L2              0.0020   94.00
M1              0.0030  332.00
M2              0.0510   73.00
x 0 0
M4              0.0010   34.00
x 0 0
x 0 0
N2              0.0120   52.00
2N2             0.0020   31.00
O1              0.0460  312.00
OO1             0.0020   32.00
P1              0.0160  349.00
Q1              0.0100  287.00
2Q1             0.0010  272.30
x 0 0
x 0 0
S2              0.0170  102.00
x 0 0
x 0 0
T2              0.0010  100.80
x 0 0
MU2             0.0010   44.00
NU2             0.0020   54.80
RHO1            0.0020  294.80
x 0 0
x 0 0
MN4             0.0010   90.00
MS4             0.0010   90.00
x 0 0
x 0 0
x 0 0
x 0 0
SA              0.0880  148.00
x 0 0
x 0 0
x 0 0
x 0 0
x 0 0
x 0 0
x 0 0
x 0 0
x 0 0
x 0 0
x 0 0
x 0 0
x 0 0
x 0 0
x 0 0
x 0 0
x 0 0
x 0 0
x 0 0
x 0 0
x 0 0
x 0 0
x 0 0
x 0 0
x 0 0
x 0 0
x 0 0
x 0 0
x 0 0
x 0 0
x 0 0
x 0 0
x 0 0
x 0 0
x 0 0
x 0 0
x 0 0
x 0 0
x 0 0
x 0 0
x 0 0
x 0 0
x 0 0
x 0 0
x 0 0
x 0 0
x 0 0
x 0 0
x 0 0
x 0 0
x 0 0
x 0 0
x 0 0
x 0 0
x 0 0
x 0 0
x 0 0
x 0 0
x 0 0
x 0 0
x 0 0
x 0 0
#
# 
# Merged from harmonics.
# This data set was submitted by Jean-Pierre LaPointe
# (scipur@collegenotre-dame.qc.ca) 1996-11-29
# The source was the Table des Marees des Grands Ports du Monde, No. 540,
# from the Service Hydrographique et Oceanographique de la Marine - Paris,
# B.P. 426, 29275 Brest Cedex.
#
# 
# rel_pedigree: 1250000000 (Via LaPointe)
# BEGIN HOT COMMENTS
# country: South Korea
# restriction: Non-commercial use only
# datum: ALLW (approx.)
# confidence: 10
# khoa_code: 214
# psmsl_id: 997
# ssc_id: SSC-ulsa
# !units: meters
# !longitude: 129.3873
# !latitude: 35.5018
Ulsan, South Korea
+09:00 :Asia/Seoul
0.3000 meters
J1              0.0020   82.70
K1              0.0330   51.00
K2              0.0210  262.60
L2              0.0040  227.00
M1              0.0020   19.00
M2              0.1630  215.00
x 0 0
M4              0.0080  164.00
x 0 0
x 0 0
N2              0.0300  203.00
2N2             0.0040  191.00
O1              0.0300  347.00
OO1             0.0010  115.00
P1              0.0110   46.20
Q1              0.0070  315.00
2Q1             0.0010  283.50
R2              0.0010  260.80
x 0 0
S2              0.0780  259.00
x 0 0
x 0 0
T2              0.0050  257.20
LDA2            0.0010  235.40
MU2             0.0040  171.00
NU2             0.0060  204.60
RHO1            0.0010  319.50
x 0 0
x 0 0
MN4             0.0030  152.00
MS4             0.0070  203.00
x 0 0
x 0 0
x 0 0
x 0 0
SA              0.1000  146.00
x 0 0
x 0 0
x 0 0
x 0 0
x 0 0
x 0 0
x 0 0
x 0 0
x 0 0
x 0 0
x 0 0
x 0 0
x 0 0
x 0 0
x 0 0
x 0 0
x 0 0
x 0 0
x 0 0
x 0 0
x 0 0
x 0 0
x 0 0
x 0 0
x 0 0
x 0 0
x 0 0
x 0 0
x 0 0
x 0 0
x 0 0
x 0 0
x 0 0
x 0 0
x 0 0
x 0 0
x 0 0
x 0 0
x 0 0
x 0 0
x 0 0
x 0 0
x 0 0
x 0 0
x 0 0
x 0 0
x 0 0
x 0 0
x 0 0
x 0 0
x 0 0
x 0 0
x 0 0
x 0 0
x 0 0
x 0 0
x 0 0
x 0 0
x 0 0
x 0 0
x 0 0
x 0 0
#
# 
# Merged from harmonics.
# This data set was submitted by Jean-Pierre LaPointe
# (scipur@collegenotre-dame.qc.ca) 1996-11-29
# The source was the Table des Marees des Grands Ports du Monde, No. 540,
# from the Service Hydrographique et Oceanographique de la Marine - Paris,
# B.P. 426, 29275 Brest Cedex.
#
# 
# rel_pedigree: 1250000000 (Via LaPointe)
# BEGIN HOT COMMENTS
# country: United Arab Emirates
# restriction: Non-commercial use only
# datum: MLLW
# confidence: 10
# !units: meters
# !longitude: 51.8667
# !latitude: 24.2167
Umm al Hatab, United Arab Emirates
+04:00 :Asia/Dubai
1.2500 meters
J1              0.0190  176.80
K1              0.0520  156.00
K2              0.0260  245.60
L2              0.0100  237.00
M1              0.0170  135.00
M2              0.2350  224.00
x 0 0
M4              0.0030    5.00
x 0 0
x 0 0
N2              0.0730  211.00
2N2             0.0100  198.00
O1              0.2440  114.00
OO1             0.0100  198.00
P1              0.0170  152.90
Q1              0.0430   64.00
2Q1             0.0060   72.30
R2              0.0010  244.80
x 0 0
S2              0.0940  244.00
x 0 0
x 0 0
T2              0.0060  243.20
LDA2            0.0020  233.30
MU2             0.0060  204.00
NU2             0.0140  212.70
RHO1            0.0090   96.00
x 0 0
x 0 0
x 0 0
MS4             0.0150   69.00
x 0 0
x 0 0
x 0 0
x 0 0
x 0 0
x 0 0
x 0 0
x 0 0
x 0 0
x 0 0
x 0 0
x 0 0
x 0 0
x 0 0
x 0 0
x 0 0
x 0 0
x 0 0
x 0 0
x 0 0
x 0 0
x 0 0
x 0 0
x 0 0
x 0 0
x 0 0
x 0 0
x 0 0
x 0 0
x 0 0
x 0 0
x 0 0
x 0 0
x 0 0
x 0 0
x 0 0
x 0 0
x 0 0
x 0 0
x 0 0
x 0 0
x 0 0
x 0 0
x 0 0
x 0 0
x 0 0
x 0 0
x 0 0
x 0 0
x 0 0
x 0 0
x 0 0
x 0 0
x 0 0
x 0 0
x 0 0
x 0 0
x 0 0
x 0 0
x 0 0
x 0 0
x 0 0
x 0 0
x 0 0
x 0 0
x 0 0
x 0 0
#
# 
# Merged from harmonics.
# This data set was submitted by Jean-Pierre LaPointe
# (scipur@collegenotre-dame.qc.ca) 1996-11-29
# The source was the Table des Marees des Grands Ports du Monde, No. 540,
# from the Service Hydrographique et Oceanographique de la Marine - Paris,
# B.P. 426, 29275 Brest Cedex.
#
# 
# rel_pedigree: 1250000000 (Via LaPointe)
# BEGIN HOT COMMENTS
# country: South Korea
# restriction: Non-commercial use only
# datum: ALLW (approx.)
# confidence: 10
# !units: meters
# !longitude: 126.2833
# !latitude: 34.5833
Usuyong, South Korea
+09:00 :Asia/Seoul
2.1000 meters
J1              0.0170  268.30
K1              0.2800  246.00
K2              0.0920   73.30
L2              0.0340   54.00
M1              0.0150  223.50
M2              1.1500   29.00
x 0 0
M4              0.0700  204.00
x 0 0
x 0 0
N2              0.2400    4.00
2N2             0.0320  339.00
O1              0.2100  201.00
OO1             0.0090  291.00
P1              0.0930  242.60
Q1              0.0400  235.00
2Q1             0.0050  156.40
R2              0.0030   71.60
x 0 0
S2              0.3400   70.00
x 0 0
x 0 0
T2              0.0200   68.40
LDA2            0.0080   48.00
MU2             0.0280  348.00
NU2             0.0470    7.40
RHO1            0.0080  181.70
x 0 0
x 0 0
x 0 0
MS4             0.0900  249.00
x 0 0
x 0 0
x 0 0
x 0 0
x 0 0
x 0 0
x 0 0
x 0 0
x 0 0
x 0 0
x 0 0
x 0 0
x 0 0
x 0 0
x 0 0
x 0 0
x 0 0
x 0 0
x 0 0
x 0 0
x 0 0
x 0 0
x 0 0
x 0 0
x 0 0
x 0 0
x 0 0
x 0 0
x 0 0
x 0 0
x 0 0
x 0 0
x 0 0
x 0 0
x 0 0
x 0 0
x 0 0
x 0 0
x 0 0
x 0 0
x 0 0
x 0 0
x 0 0
x 0 0
x 0 0
x 0 0
x 0 0
x 0 0
x 0 0
x 0 0
x 0 0
x 0 0
x 0 0
x 0 0
x 0 0
x 0 0
x 0 0
x 0 0
x 0 0
x 0 0
x 0 0
x 0 0
x 0 0
x 0 0
x 0 0
x 0 0
x 0 0
#
# 
# Merged from harmonics.
# This data set was submitted by Jean-Pierre LaPointe
# (scipur@collegenotre-dame.qc.ca) 1996-11-29
# The source was the Table des Marees des Grands Ports du Monde, No. 540,
# from the Service Hydrographique et Oceanographique de la Marine - Paris,
# B.P. 426, 29275 Brest Cedex.
#
# 
# rel_pedigree: 1250000000 (Via LaPointe)
# BEGIN HOT COMMENTS
# country: India
# restriction: Non-commercial use only
# datum: LAT
# confidence: 10
# gloss_id: 31
# ioc_code: verav
# psmsl_id: 770
# ssc_id: SSC-verav
# !units: meters
# !longitude: 70.3704
# !latitude: 20.8996
Veraval, Gujarat, India
+05:30 :Asia/Calcutta
1.3300 meters
J1              0.0140   50.00
K1              0.3570   53.00
K2              0.0560    8.10
L2              0.0190  347.00
M1              0.0120   56.00
M2              0.5430  327.00
x 0 0
M4              0.0150  213.00
x 0 0
x 0 0
N2              0.1310  307.00
2N2             0.0170  287.00
O1              0.1750   59.00
OO1             0.0080   47.00
P1              0.1180   53.50
Q1              0.0370   58.00
2Q1             0.0050   65.00
R2              0.0020    6.50
x 0 0
S2              0.2050    5.00
x 0 0
x 0 0
T2              0.0120    3.50
LDA2            0.0040  344.60
MU2             0.0130  289.00
NU2             0.0250  309.70
RHO1            0.0070   61.60
x 0 0
x 0 0
MN4             0.0060  199.00
MS4             0.0170  266.00
x 0 0
x 0 0
x 0 0
x 0 0
SA              0.0160  303.00
x 0 0
x 0 0
x 0 0
x 0 0
x 0 0
x 0 0
x 0 0
x 0 0
x 0 0
x 0 0
x 0 0
x 0 0
x 0 0
x 0 0
x 0 0
x 0 0
x 0 0
x 0 0
x 0 0
x 0 0
x 0 0
x 0 0
x 0 0
x 0 0
x 0 0
x 0 0
x 0 0
x 0 0
x 0 0
x 0 0
x 0 0
x 0 0
x 0 0
x 0 0
x 0 0
x 0 0
x 0 0
x 0 0
x 0 0
x 0 0
x 0 0
x 0 0
x 0 0
x 0 0
x 0 0
x 0 0
x 0 0
x 0 0
x 0 0
x 0 0
x 0 0
x 0 0
x 0 0
x 0 0
x 0 0
x 0 0
x 0 0
x 0 0
x 0 0
x 0 0
x 0 0
x 0 0
#
# 
# Merged from harmonics.
# This data set was submitted by Jean-Pierre LaPointe
# (scipur@collegenotre-dame.qc.ca) 1996-11-29
# The source was the Table des Marees des Grands Ports du Monde, No. 540,
# from the Service Hydrographique et Oceanographique de la Marine - Paris,
# B.P. 426, 29275 Brest Cedex.
#
# 
# rel_pedigree: 1250000000 (Via LaPointe)
# BEGIN HOT COMMENTS
# country: Malaysia
# restriction: Non-commercial use only
# datum: MLLW
# confidence: 10
# !units: meters
# !longitude: 115.2449
# !latitude: 5.2724
Bandar Victoria (Labuan), Malaysia
+08:00 :Asia/Kuala_Lumpur
1.5100 meters
J1              0.0260  348.80
K1              0.4110  320.00
K2              0.0320   12.80
L2              0.0080  348.00
M1              0.0240  291.00
M2              0.2740  322.00
x 0 0
x 0 0
x 0 0
x 0 0
N2              0.0590  296.00
2N2             0.0080  270.00
O1              0.3330  262.00
OO1             0.0140   18.00
P1              0.1360  315.70
Q1              0.0120   25.00
2Q1             0.0090  204.50
R2              0.0010   10.90
x 0 0
S2              0.1180    9.00
x 0 0
x 0 0
T2              0.0070    7.10
LDA2            0.0020  343.80
MU2             0.0070  275.00
NU2             0.0110  299.50
RHO1            0.0130  237.10
x 0 0
x 0 0
x 0 0
x 0 0
x 0 0
x 0 0
x 0 0
x 0 0
x 0 0
x 0 0
x 0 0
x 0 0
x 0 0
x 0 0
x 0 0
x 0 0
x 0 0
x 0 0
x 0 0
x 0 0
x 0 0
x 0 0
x 0 0
x 0 0
x 0 0
x 0 0
x 0 0
x 0 0
x 0 0
x 0 0
x 0 0
x 0 0
x 0 0
x 0 0
x 0 0
x 0 0
x 0 0
x 0 0
x 0 0
x 0 0
x 0 0
x 0 0
x 0 0
x 0 0
x 0 0
x 0 0
x 0 0
x 0 0
x 0 0
x 0 0
x 0 0
x 0 0
x 0 0
x 0 0
x 0 0
x 0 0
x 0 0
x 0 0
x 0 0
x 0 0
x 0 0
x 0 0
x 0 0
x 0 0
x 0 0
x 0 0
x 0 0
x 0 0
x 0 0
x 0 0
x 0 0
#
# 
# Merged from harmonics.
# This data set was submitted by Jean-Pierre LaPointe
# (scipur@collegenotre-dame.qc.ca) 1996-11-29
# The source was the Table des Marees des Grands Ports du Monde, No. 540,
# from the Service Hydrographique et Oceanographique de la Marine - Paris,
# B.P. 426, 29275 Brest Cedex.
#
# 
# rel_pedigree: 1250000000 (Via LaPointe)
# BEGIN HOT COMMENTS
# country: Portugal
# restriction: Non-commercial use only
# datum: MLLW
# confidence: 10
# !units: meters
# !longitude: -7.4128
# !latitude: 37.1928
Vila Real de Santo António, Portugal
+00:00 :Europe/Lisbon
2.0000 meters
J1              0.0040  111.60
K1              0.0700   60.00
K2              0.0900   94.40
L2              0.0310   75.00
M1              0.0040    8.00
M2              0.9600   62.00
x 0 0
M4              0.0400   71.00
x 0 0
x 0 0
N2              0.2200   49.00
2N2             0.0290   36.00
O1              0.0500  316.00
OO1             0.0020  164.00
P1              0.0230   52.20
x 0 0
2Q1             0.0010  212.80
R2              0.0030   93.20
x 0 0
S2              0.3300   92.00
x 0 0
x 0 0
T2              0.0190   90.80
LDA2            0.0070   75.90
MU2             0.0230   32.00
NU2             0.0430   50.70
RHO1            0.0020  271.40
x 0 0
x 0 0
x 0 0
MS4             0.0200  148.00
x 0 0
x 0 0
x 0 0
x 0 0
x 0 0
x 0 0
x 0 0
x 0 0
x 0 0
x 0 0
x 0 0
x 0 0
x 0 0
x 0 0
x 0 0
x 0 0
x 0 0
x 0 0
x 0 0
x 0 0
x 0 0
x 0 0
x 0 0
x 0 0
x 0 0
x 0 0
x 0 0
x 0 0
x 0 0
x 0 0
x 0 0
x 0 0
x 0 0
x 0 0
x 0 0
x 0 0
x 0 0
x 0 0
x 0 0
x 0 0
x 0 0
x 0 0
x 0 0
x 0 0
x 0 0
x 0 0
x 0 0
x 0 0
x 0 0
x 0 0
x 0 0
x 0 0
x 0 0
x 0 0
x 0 0
x 0 0
x 0 0
x 0 0
x 0 0
x 0 0
x 0 0
x 0 0
x 0 0
x 0 0
x 0 0
x 0 0
x 0 0
#
# 
# Merged from harmonics.
# This data set was submitted by Jean-Pierre LaPointe
# (scipur@collegenotre-dame.qc.ca) 1996-11-29
# The source was the Table des Marees des Grands Ports du Monde, No. 540,
# from the Service Hydrographique et Oceanographique de la Marine - Paris,
# B.P. 426, 29275 Brest Cedex.
#
# 
# rel_pedigree: 1250000000 (Via LaPointe)
# BEGIN HOT COMMENTS
# country: Azores
# restriction: Non-commercial use only
# datum: MLLW
# confidence: 10
# !units: meters
# !longitude: -25.1493
# !latitude: 36.9438
Vila do Porto (Santa Maria), Açores, Portugal
+01:00 :Atlantic/Azores
1.0000 meters
J1              0.0020  139.50
K1              0.0340   81.00
K2              0.0510  115.70
L2              0.0160  104.00
M1              0.0020   22.00
M2              0.4840   93.00
x 0 0
M4              0.0020  199.00
x 0 0
x 0 0
N2              0.1090   82.00
2N2             0.0140   71.00
O1              0.0290  323.00
OO1             0.0010  199.00
P1              0.0110   72.20
Q1              0.0110  270.00
2Q1             0.0010  205.90
R2              0.0020  114.80
x 0 0
S2              0.1890  114.00
x 0 0
x 0 0
T2              0.0110  113.20
LDA2            0.0030  102.70
MU2             0.0120   72.00
NU2             0.0210   83.50
RHO1            0.0010  272.40
x 0 0
x 0 0
x 0 0
MS4             0.0010   21.00
x 0 0
x 0 0
x 0 0
x 0 0
x 0 0
x 0 0
x 0 0
x 0 0
x 0 0
x 0 0
x 0 0
x 0 0
x 0 0
x 0 0
x 0 0
x 0 0
x 0 0
x 0 0
x 0 0
x 0 0
x 0 0
x 0 0
x 0 0
x 0 0
x 0 0
x 0 0
x 0 0
x 0 0
x 0 0
x 0 0
x 0 0
x 0 0
x 0 0
x 0 0
x 0 0
x 0 0
x 0 0
x 0 0
x 0 0
x 0 0
x 0 0
x 0 0
x 0 0
x 0 0
x 0 0
x 0 0
x 0 0
x 0 0
x 0 0
x 0 0
x 0 0
x 0 0
x 0 0
x 0 0
x 0 0
x 0 0
x 0 0
x 0 0
x 0 0
x 0 0
x 0 0
x 0 0
x 0 0
x 0 0
x 0 0
x 0 0
x 0 0
#
# 
# Merged from harmonics.
# This data set was submitted by Jean-Pierre LaPointe
# (scipur@collegenotre-dame.qc.ca) 1996-11-29
# The source was the Table des Marees des Grands Ports du Monde, No. 540,
# from the Service Hydrographique et Oceanographique de la Marine - Paris,
# B.P. 426, 29275 Brest Cedex.
#
# 
# rel_pedigree: 1250000000 (Via LaPointe)
# BEGIN HOT COMMENTS
# country: Morocco
# restriction: Non-commercial use only
# datum: MLLW
# confidence: 10
# shom_code: DAKHLA
# !units: meters
# !longitude: -15.9410
# !latitude: 23.6615
Dakhla, Western Sahara
-01:00 :Africa/Casablanca
1.4200 meters
J1              0.0020   42.70
K1              0.0270   11.00
K2              0.0780   25.10
L2              0.0240  335.00
M1              0.0010  339.00
M2              0.6880  357.00
x 0 0
M4              0.0160  314.00
x 0 0
x 0 0
N2              0.1670   19.00
2N2             0.0220   41.00
O1              0.0210  307.00
OO1             0.0010   75.00
P1              0.0090    6.20
Q1              0.0040  274.00
2Q1             0.0010  243.50
R2              0.0020   24.00
x 0 0
S2              0.2850   23.00
x 0 0
x 0 0
T2              0.0170   22.00
LDA2            0.0050    9.10
MU2             0.0170  331.00
NU2             0.0320   16.10
RHO1            0.0010  279.50
x 0 0
x 0 0
x 0 0
MS4             0.0100   69.00
x 0 0
x 0 0
x 0 0
x 0 0
x 0 0
x 0 0
x 0 0
x 0 0
x 0 0
x 0 0
x 0 0
x 0 0
x 0 0
x 0 0
x 0 0
x 0 0
x 0 0
x 0 0
x 0 0
x 0 0
x 0 0
x 0 0
x 0 0
x 0 0
x 0 0
x 0 0
x 0 0
x 0 0
x 0 0
x 0 0
x 0 0
x 0 0
x 0 0
x 0 0
x 0 0
x 0 0
x 0 0
x 0 0
x 0 0
x 0 0
x 0 0
x 0 0
x 0 0
x 0 0
x 0 0
x 0 0
x 0 0
x 0 0
x 0 0
x 0 0
x 0 0
x 0 0
x 0 0
x 0 0
x 0 0
x 0 0
x 0 0
x 0 0
x 0 0
x 0 0
x 0 0
x 0 0
x 0 0
x 0 0
x 0 0
x 0 0
x 0 0
#
# 
# Merged from harmonics.
# This data set was submitted by Jean-Pierre LaPointe
# (scipur@collegenotre-dame.qc.ca) 1996-11-29
# The source was the Table des Marees des Grands Ports du Monde, No. 540,
# from the Service Hydrographique et Oceanographique de la Marine - Paris,
# B.P. 426, 29275 Brest Cedex.
#
# 
# rel_pedigree: 1250000000 (Via LaPointe)
# BEGIN HOT COMMENTS
# country: United Kingdom
# restriction: Non-commercial use only
# datum: ACD
# confidence: 10
# psmsl_id: 1224, 2307, 666
# ssc_id: SSC-walt
# !units: meters
# !longitude: 1.2741
# !latitude: 51.8456
Walton-on-the-Naze, England, United Kingdom
+00:00 :Europe/London
2.2300 meters
J1              0.0100   87.30
K1              0.1100  358.00
K2              0.1090   26.60
L2              0.0370   40.00
M1              0.0090  268.00
M2              1.4000  352.00
x 0 0
M4              0.1000  330.00
x 0 0
x 0 0
N2              0.2580  304.00
2N2             0.0340  256.00
O1              0.1300  178.00
OO1             0.0060  178.00
P1              0.0360  344.50
Q1              0.0290  124.00
2Q1             0.0030  359.40
R2              0.0030   25.30
x 0 0
S2              0.4000   24.00
x 0 0
x 0 0
T2              0.0240   22.70
LDA2            0.0100    6.80
MU2             0.0340  320.00
NU2             0.0500  310.40
RHO1            0.0050  100.80
x 0 0
x 0 0
MN4             0.0300  304.00
MS4             0.0500   30.00
x 0 0
x 0 0
x 0 0
x 0 0
SA              0.0560  202.00
x 0 0
x 0 0
x 0 0
x 0 0
x 0 0
x 0 0
x 0 0
x 0 0
x 0 0
x 0 0
x 0 0
x 0 0
x 0 0
x 0 0
x 0 0
x 0 0
x 0 0
x 0 0
x 0 0
x 0 0
x 0 0
x 0 0
x 0 0
x 0 0
x 0 0
x 0 0
x 0 0
x 0 0
x 0 0
x 0 0
x 0 0
x 0 0
x 0 0
x 0 0
x 0 0
x 0 0
x 0 0
x 0 0
x 0 0
x 0 0
x 0 0
x 0 0
x 0 0
x 0 0
x 0 0
x 0 0
x 0 0
x 0 0
x 0 0
x 0 0
x 0 0
x 0 0
x 0 0
x 0 0
x 0 0
x 0 0
x 0 0
x 0 0
x 0 0
x 0 0
x 0 0
x 0 0
#
# 
# Merged from harmonics.
# This data set was submitted by Jean-Pierre LaPointe
# (scipur@collegenotre-dame.qc.ca) 1996-11-29
# The source was the Table des Marees des Grands Ports du Monde, No. 540,
# from the Service Hydrographique et Oceanographique de la Marine - Paris,
# B.P. 426, 29275 Brest Cedex.
#
# 
# rel_pedigree: 1250000000 (Via LaPointe)
# BEGIN HOT COMMENTS
# country: South Korea
# restriction: Non-commercial use only
# datum: ALLW (approx.)
# confidence: 10
# khoa_code: 60
# psmsl_id: 1568
# ssc_id: SSC-wand
# !units: meters
# !longitude: 126.7500
# !latitude: 34.3167
Wando Island, South Korea
+09:00 :Asia/Seoul
2.0500 meters
J1              0.0170  220.90
K1              0.2800  204.00
K2              0.1310  328.80
L2              0.0290  312.00
M1              0.0150  187.00
M2              1.0800  292.00
x 0 0
x 0 0
x 0 0
x 0 0
N2              0.2050  272.00
2N2             0.0270  252.00
O1              0.2100  170.00
OO1             0.0090  238.00
P1              0.0930  201.50
Q1              0.0400  150.00
2Q1             0.0050  136.30
R2              0.0040  327.40
x 0 0
S2              0.4800  326.00
x 0 0
x 0 0
T2              0.0280  324.60
LDA2            0.0080  307.80
MU2             0.0260  258.00
NU2             0.0400  274.70
RHO1            0.0080  155.40
x 0 0
x 0 0
x 0 0
x 0 0
x 0 0
x 0 0
x 0 0
x 0 0
x 0 0
x 0 0
x 0 0
x 0 0
x 0 0
x 0 0
x 0 0
x 0 0
x 0 0
x 0 0
x 0 0
x 0 0
x 0 0
x 0 0
x 0 0
x 0 0
x 0 0
x 0 0
x 0 0
x 0 0
x 0 0
x 0 0
x 0 0
x 0 0
x 0 0
x 0 0
x 0 0
x 0 0
x 0 0
x 0 0
x 0 0
x 0 0
x 0 0
x 0 0
x 0 0
x 0 0
x 0 0
x 0 0
x 0 0
x 0 0
x 0 0
x 0 0
x 0 0
x 0 0
x 0 0
x 0 0
x 0 0
x 0 0
x 0 0
x 0 0
x 0 0
x 0 0
x 0 0
x 0 0
x 0 0
x 0 0
x 0 0
x 0 0
x 0 0
x 0 0
x 0 0
x 0 0
x 0 0
#
# 
# Merged from harmonics.
# This data set was submitted by Jean-Pierre LaPointe
# (scipur@collegenotre-dame.qc.ca) 1996-11-29
# The source was the Table des Marees des Grands Ports du Monde, No. 540,
# from the Service Hydrographique et Oceanographique de la Marine - Paris,
# B.P. 426, 29275 Brest Cedex.
#
# 
# rel_pedigree: 1250000000 (Via LaPointe)
# BEGIN HOT COMMENTS
# country: China
# restriction: Non-commercial use only
# datum: CD
# confidence: 10
# !units: meters
# !longitude: 122.3916
# !latitude: 36.8647
Wangjia Wan, China
+08:00 :Asia/Shanghai
1.6600 meters
J1              0.0180   15.20
K1              0.2590  338.00
K2              0.0410  123.90
L2              0.0120  113.00
M1              0.0160  300.50
M2              0.8630   59.00
x 0 0
M4              0.0580  214.00
x 0 0
x 0 0
N2              0.0820    5.00
2N2             0.0110  311.00
O1              0.2290  263.00
OO1             0.0100   53.00
P1              0.0860  332.40
x 0 0
2Q1             0.0060  188.60
R2              0.0010  121.40
x 0 0
S2              0.1520  119.00
x 0 0
x 0 0
T2              0.0090  116.60
LDA2            0.0060   86.80
MU2             0.0210  359.00
NU2             0.0160   12.20
RHO1            0.0090  230.80
x 0 0
x 0 0
x 0 0
MS4             0.0270  265.00
x 0 0
x 0 0
x 0 0
x 0 0
x 0 0
x 0 0
x 0 0
x 0 0
x 0 0
x 0 0
x 0 0
x 0 0
x 0 0
x 0 0
x 0 0
x 0 0
x 0 0
x 0 0
x 0 0
x 0 0
x 0 0
x 0 0
x 0 0
x 0 0
x 0 0
x 0 0
x 0 0
x 0 0
x 0 0
x 0 0
x 0 0
x 0 0
x 0 0
x 0 0
x 0 0
x 0 0
x 0 0
x 0 0
x 0 0
x 0 0
x 0 0
x 0 0
x 0 0
x 0 0
x 0 0
x 0 0
x 0 0
x 0 0
x 0 0
x 0 0
x 0 0
x 0 0
x 0 0
x 0 0
x 0 0
x 0 0
x 0 0
x 0 0
x 0 0
x 0 0
x 0 0
x 0 0
x 0 0
x 0 0
x 0 0
x 0 0
x 0 0
#
# 
# Merged from harmonics.
# This data set was submitted by Jean-Pierre LaPointe
# (scipur@collegenotre-dame.qc.ca) 1996-11-29
# The source was the Table des Marees des Grands Ports du Monde, No. 540,
# from the Service Hydrographique et Oceanographique de la Marine - Paris,
# B.P. 426, 29275 Brest Cedex.
#
# 
# rel_pedigree: 1250000000 (Via LaPointe)
# BEGIN HOT COMMENTS
# country: Kenya
# restriction: Non-commercial use only
# datum: MLLW
# confidence: 10
# !units: meters
# !longitude: 39.3663
# !latitude: -4.6581
Wasini Island, Kenya
+03:00 :Africa/Nairobi
1.9200 meters
J1              0.0090   46.00
K1              0.1740   44.00
K2              0.1450  155.20
L2              0.0270  137.00
M1              0.0080   42.00
M2              1.0940  113.00
x 0 0
M4              0.0120  326.00
x 0 0
x 0 0
N2              0.1920   89.00
2N2             0.0260   65.00
O1              0.1130   40.00
OO1             0.0050   48.00
P1              0.0580   43.70
x 0 0
2Q1             0.0030   36.00
R2              0.0040  153.60
x 0 0
S2              0.5330  152.00
x 0 0
x 0 0
T2              0.0310  150.40
LDA2            0.0080  131.10
MU2             0.0260   74.00
NU2             0.0370   92.20
RHO1            0.0040   38.30
x 0 0
x 0 0
x 0 0
MS4             0.0120  132.00
x 0 0
x 0 0
x 0 0
x 0 0
x 0 0
x 0 0
x 0 0
x 0 0
x 0 0
x 0 0
x 0 0
x 0 0
x 0 0
x 0 0
x 0 0
x 0 0
x 0 0
x 0 0
x 0 0
x 0 0
x 0 0
x 0 0
x 0 0
x 0 0
x 0 0
x 0 0
x 0 0
x 0 0
x 0 0
x 0 0
x 0 0
x 0 0
x 0 0
x 0 0
x 0 0
x 0 0
x 0 0
x 0 0
x 0 0
x 0 0
x 0 0
x 0 0
x 0 0
x 0 0
x 0 0
x 0 0
x 0 0
x 0 0
x 0 0
x 0 0
x 0 0
x 0 0
x 0 0
x 0 0
x 0 0
x 0 0
x 0 0
x 0 0
x 0 0
x 0 0
x 0 0
x 0 0
x 0 0
x 0 0
x 0 0
x 0 0
x 0 0
#
# 
# Merged from harmonics.
# This data set was submitted by Jean-Pierre LaPointe
# (scipur@collegenotre-dame.qc.ca) 1996-11-29
# The source was the Table des Marees des Grands Ports du Monde, No. 540,
# from the Service Hydrographique et Oceanographique de la Marine - Paris,
# B.P. 426, 29275 Brest Cedex.
#
# 
# rel_pedigree: 1250000000 (Via LaPointe)
# BEGIN HOT COMMENTS
# country: China
# restriction: Non-commercial use only
# datum: CD
# confidence: 10
# !units: meters
# !longitude: 122.1667
# !latitude: 37.5000
Weihai, China
+08:00 :Asia/Shanghai
1.2000 meters
J1              0.0100  335.30
K1              0.2200  309.00
K2              0.0490    2.50
L2              0.0130  330.00
M1              0.0090  282.50
M2              0.5940  303.00
x 0 0
M4              0.0260  195.00
x 0 0
x 0 0
N2              0.0940  276.00
2N2             0.0130  249.00
O1              0.1300  256.00
OO1             0.0060    2.00
P1              0.0730  305.00
Q1              0.0190  234.00
2Q1             0.0030  203.40
R2              0.0010    0.20
x 0 0
S2              0.1790  358.00
x 0 0
x 0 0
T2              0.0110  355.80
LDA2            0.0040  328.50
MU2             0.0140  248.00
NU2             0.0180  279.60
RHO1            0.0050  233.30
x 0 0
x 0 0
MN4             0.0120  141.00
MS4             0.0370   82.00
x 0 0
x 0 0
x 0 0
x 0 0
SA              0.2350  122.00
x 0 0
x 0 0
x 0 0
x 0 0
x 0 0
x 0 0
x 0 0
x 0 0
x 0 0
x 0 0
x 0 0
x 0 0
x 0 0
x 0 0
x 0 0
x 0 0
x 0 0
x 0 0
x 0 0
x 0 0
x 0 0
x 0 0
x 0 0
x 0 0
x 0 0
x 0 0
x 0 0
x 0 0
x 0 0
x 0 0
x 0 0
x 0 0
x 0 0
x 0 0
x 0 0
x 0 0
x 0 0
x 0 0
x 0 0
x 0 0
x 0 0
x 0 0
x 0 0
x 0 0
x 0 0
x 0 0
x 0 0
x 0 0
x 0 0
x 0 0
x 0 0
x 0 0
x 0 0
x 0 0
x 0 0
x 0 0
x 0 0
x 0 0
x 0 0
x 0 0
x 0 0
x 0 0
#
# 
# Merged from harmonics.
# This entry was converted automatically from a TD4 file.
# Time of conversion:  1997-05-25 15:02 EDT
#
# 
# WELLHOUSE ROCK, RIVER SEVERN, ENGLAND -- 51d44. 'N 002d29. 'W--(WELLHOUS.TD4)
#
# 
# ATT DATA #522B WITH INFERRED CONSTITUENTS ------------------------------------
#
# 
# rel_pedigree: 1000000000 (Approximated or converted data)
# BEGIN HOT COMMENTS
# country: United Kingdom
# restriction: Non-commercial use only
# datum: ACD
# confidence: 10
# !units: meters
# !longitude: -2.4830
# !latitude: 51.7330
Wellhouse Rock, River Severn, England, United Kingdom
+00:00 :Europe/London
3.2600 meters
J1              0.0070  234.90
K1              0.0900   89.00
K2              0.1550  270.10
L2              0.0420  249.40
M1              0.0060   90.50
M2              2.6800  237.00
x 0 0
M4              0.8620   81.00
M6              0.1730  271.00
x 0 0
N2              0.2930  208.60
2N2             0.0390  188.30
O1              0.0300   42.00
OO1             0.0040  308.00
P1              0.0260  152.10
Q1              0.0170  306.10
2Q1             0.0020  234.20
R2              0.0050  268.50
x 0 0
S2              0.8800  296.00
S4              0.0930  199.00
S6              0.0060   88.00
T2              0.0340  265.50
LDA2            0.0110  246.60
MU2             0.0360  191.00
NU2             0.0570  211.40
RHO1            0.0030  315.80
x 0 0
x 0 0
MN4             0.3340   49.40
MS4             0.5660  140.00
x 0 0
x 0 0
MSF             0.6300   48.80
x 0 0
SA              0.0320  235.70
SSA             0.0290  291.40
x 0 0
x 0 0
x 0 0
x 0 0
x 0 0
x 0 0
x 0 0
x 0 0
x 0 0
x 0 0
x 0 0
x 0 0
x 0 0
x 0 0
x 0 0
x 0 0
x 0 0
x 0 0
x 0 0
x 0 0
x 0 0
x 0 0
x 0 0
x 0 0
x 0 0
x 0 0
x 0 0
x 0 0
x 0 0
x 0 0
x 0 0
x 0 0
x 0 0
x 0 0
x 0 0
x 0 0
x 0 0
x 0 0
x 0 0
x 0 0
x 0 0
x 0 0
x 0 0
x 0 0
x 0 0
x 0 0
x 0 0
x 0 0
x 0 0
x 0 0
x 0 0
x 0 0
x 0 0
x 0 0
x 0 0
x 0 0
x 0 0
x 0 0
x 0 0
x 0 0
x 0 0
#
# 
# Merged from harmonics.
# This entry was converted automatically from a TD4 file.
# Time of conversion:  1997-05-25 15:02 EDT
#
# 
# WILLEMSTAD, CURACAO -------------------- 12d06. 'N 068d56. 'W--(WILLMSTD.TD4)
#
# 
# TMGPM 1993 DATA WITH P1, 2N2, MU2, NU2, L2, K2, T2 INFERRED
#
# 
# rel_pedigree: 1000000000 (Approximated or converted data)
# BEGIN HOT COMMENTS
# country: Curaçao
# restriction: Non-commercial use only
# datum: MLLW
# confidence: 10
# !units: meters
# !longitude: -68.9328
# !latitude: 12.1026
Willemstad, Curaçao
-04:00 :America/Curacao
0.4000 meters
J1              0.0051  183.49
K1              0.0920  182.00
K2              0.0016   18.97
L2              0.0020   69.00
M1              0.0045  180.50
M2              0.0420   46.00
x 0 0
M4              0.0030   82.00
x 0 0
x 0 0
N2              0.0140   23.00
2N2             0.0019    0.00
O1              0.0640  179.00
OO1             0.0028  185.00
P1              0.0305  181.77
Q1              0.0090  171.00
2Q1             0.0017  176.02
x 0 0
x 0 0
S2              0.0060   21.00
x 0 0
x 0 0
T2              0.0004   22.00
LDA2            0.0003   34.40
MU2             0.0010   71.00
NU2             0.0027   26.08
RHO1            0.0024  177.71
x 0 0
x 0 0
MN4             0.0020  352.00
MS4             0.0020  129.00
x 0 0
x 0 0
x 0 0
x 0 0
SA              0.0390  187.00
x 0 0
x 0 0
x 0 0
x 0 0
x 0 0
x 0 0
x 0 0
x 0 0
x 0 0
x 0 0
x 0 0
x 0 0
x 0 0
x 0 0
x 0 0
x 0 0
x 0 0
x 0 0
x 0 0
x 0 0
x 0 0
x 0 0
x 0 0
x 0 0
x 0 0
x 0 0
x 0 0
x 0 0
x 0 0
x 0 0
x 0 0
x 0 0
x 0 0
x 0 0
x 0 0
x 0 0
x 0 0
x 0 0
x 0 0
x 0 0
x 0 0
x 0 0
x 0 0
x 0 0
x 0 0
x 0 0
x 0 0
x 0 0
x 0 0
x 0 0
x 0 0
x 0 0
x 0 0
x 0 0
x 0 0
x 0 0
x 0 0
x 0 0
x 0 0
x 0 0
x 0 0
x 0 0
#
# 
# Merged from harmonics.
# This data set was submitted by Jean-Pierre LaPointe
# (scipur@collegenotre-dame.qc.ca) 1996-11-29
# The source was the Table des Marees des Grands Ports du Monde, No. 540,
# from the Service Hydrographique et Oceanographique de la Marine - Paris,
# B.P. 426, 29275 Brest Cedex.
#
# 
# rel_pedigree: 1250000000 (Via LaPointe)
# BEGIN HOT COMMENTS
# country: North Korea
# restriction: Non-commercial use only
# datum: MLLW
# confidence: 10
# !units: meters
# !longitude: 127.4420
# !latitude: 39.1749
Wonsan, North Korea
+09:00 :Asia/Pyongyang
0.2200 meters
J1              0.0040   29.80
K1              0.0530    7.00
K2              0.0100  118.30
L2              0.0030  109.00
M1              0.0030  344.00
M2              0.0850   88.00
x 0 0
M4              0.0020   23.00
x 0 0
x 0 0
N2              0.0240   67.00
2N2             0.0030   46.00
O1              0.0450  321.00
OO1             0.0020   53.00
P1              0.0180    3.60
Q1              0.0130  299.00
2Q1             0.0010  275.40
x 0 0
x 0 0
S2              0.0360  116.00
x 0 0
x 0 0
T2              0.0020  114.90
LDA2            0.0010  101.00
MU2             0.0020   60.00
NU2             0.0050   69.80
RHO1            0.0020  301.30
x 0 0
x 0 0
x 0 0
MS4             0.0040   82.00
x 0 0
x 0 0
x 0 0
x 0 0
SA              0.1240  166.00
x 0 0
x 0 0
x 0 0
x 0 0
x 0 0
x 0 0
x 0 0
x 0 0
x 0 0
x 0 0
x 0 0
x 0 0
x 0 0
x 0 0
x 0 0
x 0 0
x 0 0
x 0 0
x 0 0
x 0 0
x 0 0
x 0 0
x 0 0
x 0 0
x 0 0
x 0 0
x 0 0
x 0 0
x 0 0
x 0 0
x 0 0
x 0 0
x 0 0
x 0 0
x 0 0
x 0 0
x 0 0
x 0 0
x 0 0
x 0 0
x 0 0
x 0 0
x 0 0
x 0 0
x 0 0
x 0 0
x 0 0
x 0 0
x 0 0
x 0 0
x 0 0
x 0 0
x 0 0
x 0 0
x 0 0
x 0 0
x 0 0
x 0 0
x 0 0
x 0 0
x 0 0
x 0 0
#
# 
# Merged from harmonics.
# This data set was submitted by Jean-Pierre LaPointe
# (scipur@collegenotre-dame.qc.ca) 1996-11-29
# The source was the Table des Marees des Grands Ports du Monde, No. 540,
# from the Service Hydrographique et Oceanographique de la Marine - Paris,
# B.P. 426, 29275 Brest Cedex.
#
# 
# rel_pedigree: 1250000000 (Via LaPointe)
# BEGIN HOT COMMENTS
# country: Japan
# restriction: Non-commercial use only
# datum: MLLW
# confidence: 10
# !units: meters
# !longitude: 130.8041
# !latitude: 33.8750
Yahata, Fukuoka, Japan
+09:00 :Asia/Tokyo
0.7900 meters
J1              0.0090  304.90
K1              0.1140  290.00
K2              0.0480  319.80
L2              0.0100  287.00
M1              0.0080  275.00
M2              0.3700  282.00
x 0 0
M4              0.0040  197.00
x 0 0
x 0 0
N2              0.0710  277.00
2N2             0.0090  272.00
O1              0.1190  260.00
OO1             0.0050  320.00
P1              0.0380  287.80
Q1              0.0270  239.00
2Q1             0.0030  230.20
R2              0.0010  318.40
x 0 0
S2              0.1780  317.00
x 0 0
x 0 0
T2              0.0110  315.60
LDA2            0.0030  298.20
MU2             0.0090  247.00
NU2             0.0140  277.70
RHO1            0.0050  247.10
x 0 0
x 0 0
MN4             0.0020  202.00
MS4             0.0060  247.00
x 0 0
x 0 0
x 0 0
x 0 0
SA              0.1950  150.00
x 0 0
x 0 0
x 0 0
x 0 0
x 0 0
x 0 0
x 0 0
x 0 0
x 0 0
x 0 0
x 0 0
x 0 0
x 0 0
x 0 0
x 0 0
x 0 0
x 0 0
x 0 0
x 0 0
x 0 0
x 0 0
x 0 0
x 0 0
x 0 0
x 0 0
x 0 0
x 0 0
x 0 0
x 0 0
x 0 0
x 0 0
x 0 0
x 0 0
x 0 0
x 0 0
x 0 0
x 0 0
x 0 0
x 0 0
x 0 0
x 0 0
x 0 0
x 0 0
x 0 0
x 0 0
x 0 0
x 0 0
x 0 0
x 0 0
x 0 0
x 0 0
x 0 0
x 0 0
x 0 0
x 0 0
x 0 0
x 0 0
x 0 0
x 0 0
x 0 0
x 0 0
x 0 0
#
# 
# Merged from harmonics.
# This data set was submitted by Jean-Pierre LaPointe
# (scipur@collegenotre-dame.qc.ca) 1996-11-29
# The source was the Table des Marees des Grands Ports du Monde, No. 540,
# from the Service Hydrographique et Oceanographique de la Marine - Paris,
# B.P. 426, 29275 Brest Cedex.
#
# 
# rel_pedigree: 1250000000 (Via LaPointe)
# BEGIN HOT COMMENTS
# country: Russia
# restriction: Non-commercial use only
# datum: LAT
# confidence: 10
# !units: meters
# !longitude: 33.4667
# !latitude: 69.2000
Yekaterininskaya, Russia
+03:00 :Europe/Moscow
2.1500 meters
J1              0.0020  223.70
K1              0.1320  306.00
K2              0.0920  262.80
L2              0.0360  244.00
M1              0.0020   29.00
M2              1.1610  212.00
x 0 0
M4              0.0270  318.00
x 0 0
x 0 0
N2              0.2540  180.00
2N2             0.0340  148.00
O1              0.0250  112.00
OO1             0.0010  140.00
P1              0.0440  318.50
Q1              0.0250   57.00
2Q1             0.0010  276.70
R2              0.0030  260.90
x 0 0
S2              0.3390  259.00
x 0 0
x 0 0
T2              0.0200  257.10
LDA2            0.0080  233.80
MU2             0.0280  165.00
NU2             0.0490  184.30
RHO1            0.0010  183.20
x 0 0
x 0 0
MN4             0.0100  258.00
MS4             0.0240  337.00
x 0 0
x 0 0
x 0 0
x 0 0
SA              0.0570  325.00
x 0 0
x 0 0
x 0 0
x 0 0
x 0 0
x 0 0
x 0 0
x 0 0
x 0 0
x 0 0
x 0 0
x 0 0
x 0 0
x 0 0
x 0 0
x 0 0
x 0 0
x 0 0
x 0 0
x 0 0
x 0 0
x 0 0
x 0 0
x 0 0
x 0 0
x 0 0
x 0 0
x 0 0
x 0 0
x 0 0
x 0 0
x 0 0
x 0 0
x 0 0
x 0 0
x 0 0
x 0 0
x 0 0
x 0 0
x 0 0
x 0 0
x 0 0
x 0 0
x 0 0
x 0 0
x 0 0
x 0 0
x 0 0
x 0 0
x 0 0
x 0 0
x 0 0
x 0 0
x 0 0
x 0 0
x 0 0
x 0 0
x 0 0
x 0 0
x 0 0
x 0 0
x 0 0
#
# 
# Merged from harmonics.
# This data set was submitted by Jean-Pierre LaPointe
# (scipur@collegenotre-dame.qc.ca) 1996-11-29
# The source was the Table des Marees des Grands Ports du Monde, No. 540,
# from the Service Hydrographique et Oceanographique de la Marine - Paris,
# B.P. 426, 29275 Brest Cedex.
#
# 
# rel_pedigree: 1250000000 (Via LaPointe)
# BEGIN HOT COMMENTS
# country: China
# restriction: Non-commercial use only
# datum: CD
# confidence: 10
# !units: meters
# !longitude: 122.2585
# !latitude: 40.6865
Yingkou, China
+09:00 :Asia/Shanghai
2.3800 meters
J1              0.0240  140.80
K1              0.4200  119.00
K2              0.0980  258.30
L2              0.0350  208.00
M1              0.0220   97.00
M2              1.2900  188.00
x 0 0
M4              0.1100  295.00
x 0 0
x 0 0
N2              0.2450  168.00
2N2             0.0330  148.00
O1              0.3100   75.00
OO1             0.0130  163.00
P1              0.1390  115.70
Q1              0.0590   55.00
2Q1             0.0080   31.40
R2              0.0030  255.60
x 0 0
S2              0.3600  253.00
x 0 0
x 0 0
T2              0.0210  250.40
LDA2            0.0090  218.20
MU2             0.0310  123.00
NU2             0.0480  170.70
RHO1            0.0120   56.10
x 0 0
x 0 0
x 0 0
x 0 0
x 0 0
x 0 0
x 0 0
x 0 0
x 0 0
x 0 0
x 0 0
x 0 0
x 0 0
x 0 0
x 0 0
x 0 0
x 0 0
x 0 0
x 0 0
x 0 0
x 0 0
x 0 0
x 0 0
x 0 0
x 0 0
x 0 0
x 0 0
x 0 0
x 0 0
x 0 0
x 0 0
x 0 0
x 0 0
x 0 0
x 0 0
x 0 0
x 0 0
x 0 0
x 0 0
x 0 0
x 0 0
x 0 0
x 0 0
x 0 0
x 0 0
x 0 0
x 0 0
x 0 0
x 0 0
x 0 0
x 0 0
x 0 0
x 0 0
x 0 0
x 0 0
x 0 0
x 0 0
x 0 0
x 0 0
x 0 0
x 0 0
x 0 0
x 0 0
x 0 0
x 0 0
x 0 0
x 0 0
x 0 0
x 0 0
x 0 0
x 0 0
#
# 
# Merged from harmonics.
# This data set was submitted by Jean-Pierre LaPointe
# (scipur@collegenotre-dame.qc.ca) 1996-11-29
# The source was the Table des Marees des Grands Ports du Monde, No. 540,
# from the Service Hydrographique et Oceanographique de la Marine - Paris,
# B.P. 426, 29275 Brest Cedex.
#
# 
# rel_pedigree: 1250000000 (Via LaPointe)
# BEGIN HOT COMMENTS
# country: Japan
# restriction: Non-commercial use only
# datum: MLLW
# confidence: 10
# !units: meters
# !longitude: 139.6333
# !latitude: 35.4000
Yokohama (Negishi), Kanagawa, Japan
+09:00 :Asia/Tokyo
1.1000 meters
J1              0.0160  184.40
K1              0.2500  172.00
K2              0.0550  176.30
L2              0.0120  152.00
M1              0.0140  159.50
M2              0.4480  132.00
x 0 0
x 0 0
x 0 0
x 0 0
N2              0.0850  112.00
2N2             0.0110   92.00
O1              0.1980  147.00
OO1             0.0090  197.00
P1              0.0830  170.10
Q1              0.0380  127.00
2Q1             0.0050  122.20
R2              0.0020  174.60
x 0 0
S2              0.2020  173.00
x 0 0
x 0 0
T2              0.0120  171.40
LDA2            0.0030  151.00
MU2             0.0110   91.00
NU2             0.0160  114.70
RHO1            0.0080  136.30
x 0 0
x 0 0
x 0 0
x 0 0
x 0 0
x 0 0
x 0 0
x 0 0
x 0 0
x 0 0
x 0 0
x 0 0
x 0 0
x 0 0
x 0 0
x 0 0
x 0 0
x 0 0
x 0 0
x 0 0
x 0 0
x 0 0
x 0 0
x 0 0
x 0 0
x 0 0
x 0 0
x 0 0
x 0 0
x 0 0
x 0 0
x 0 0
x 0 0
x 0 0
x 0 0
x 0 0
x 0 0
x 0 0
x 0 0
x 0 0
x 0 0
x 0 0
x 0 0
x 0 0
x 0 0
x 0 0
x 0 0
x 0 0
x 0 0
x 0 0
x 0 0
x 0 0
x 0 0
x 0 0
x 0 0
x 0 0
x 0 0
x 0 0
x 0 0
x 0 0
x 0 0
x 0 0
x 0 0
x 0 0
x 0 0
x 0 0
x 0 0
x 0 0
x 0 0
x 0 0
x 0 0
#
# 
# Merged from harmonics.
# This data set was submitted by Jean-Pierre LaPointe
# (scipur@collegenotre-dame.qc.ca) 1996-11-29
# The source was the Table des Marees des Grands Ports du Monde, No. 540,
# from the Service Hydrographique et Oceanographique de la Marine - Paris,
# B.P. 426, 29275 Brest Cedex.
#
# 
# rel_pedigree: 1250000000 (Via LaPointe)
# BEGIN HOT COMMENTS
# country: South Korea
# restriction: Non-commercial use only
# datum: ALLW (approx.)
# confidence: 10
# khoa_code: 41
# psmsl_id: 1155
# ssc_id: SSC-yeos
# !units: meters
# !longitude: 127.7667
# !latitude: 34.7333
Yeosu, South Korea
+09:00 :Asia/Seoul
1.8300 meters
J1              0.0100  203.90
K1              0.2100  186.00
K2              0.1290  300.10
L2              0.0280  279.00
M1              0.0090  168.00
M2              1.0120  259.00
x 0 0
M4              0.0260  237.00
x 0 0
x 0 0
N2              0.1970  239.00
2N2             0.0260  219.00
O1              0.1220  150.00
OO1             0.0050  222.00
P1              0.0700  183.30
Q1              0.0230  130.00
2Q1             0.0030  114.30
R2              0.0040  298.50
x 0 0
S2              0.4740  297.00
x 0 0
x 0 0
T2              0.0280  295.50
LDA2            0.0070  276.60
MU2             0.0240  221.00
NU2             0.0380  241.70
RHO1            0.0050  134.60
x 0 0
x 0 0
x 0 0
MS4             0.0240  289.00
x 0 0
x 0 0
x 0 0
x 0 0
SA              0.1470    8.00
x 0 0
x 0 0
x 0 0
x 0 0
x 0 0
x 0 0
x 0 0
x 0 0
x 0 0
x 0 0
x 0 0
x 0 0
x 0 0
x 0 0
x 0 0
x 0 0
x 0 0
x 0 0
x 0 0
x 0 0
x 0 0
x 0 0
x 0 0
x 0 0
x 0 0
x 0 0
x 0 0
x 0 0
x 0 0
x 0 0
x 0 0
x 0 0
x 0 0
x 0 0
x 0 0
x 0 0
x 0 0
x 0 0
x 0 0
x 0 0
x 0 0
x 0 0
x 0 0
x 0 0
x 0 0
x 0 0
x 0 0
x 0 0
x 0 0
x 0 0
x 0 0
x 0 0
x 0 0
x 0 0
x 0 0
x 0 0
x 0 0
x 0 0
x 0 0
x 0 0
x 0 0
x 0 0
#
# 
# Merged from harmonics.
# This data set was submitted by Jean-Pierre LaPointe
# (scipur@collegenotre-dame.qc.ca) 1996-11-29
# The source was the Table des Marees des Grands Ports du Monde, No. 540,
# from the Service Hydrographique et Oceanographique de la Marine - Paris,
# B.P. 426, 29275 Brest Cedex.
#
# 
# rel_pedigree: 1250000000 (Via LaPointe)
# BEGIN HOT COMMENTS
# country: Egypt
# restriction: Non-commercial use only
# datum: MLLW
# confidence: 10
# !units: meters
# !longitude: 32.6280
# !latitude: 29.0500
Zafarana, Egypt
+02:00 :Africa/Cairo
0.9000 meters
J1              0.0010  179.10
K1              0.0300  195.00
K2              0.0350    0.70
L2              0.0190    9.00
M1              0.0010  211.00
M2              0.4240  338.00
x 0 0
x 0 0
x 0 0
x 0 0
N2              0.1360  307.00
2N2             0.0180  276.00
O1              0.0110  227.00
x 0 0
P1              0.0100  197.40
x 0 0
x 0 0
R2              0.0010  359.80
x 0 0
S2              0.1270  359.00
x 0 0
x 0 0
T2              0.0070  358.20
LDA2            0.0030  347.70
MU2             0.0100  317.00
NU2             0.0260  311.20
x 0 0
x 0 0
x 0 0
x 0 0
x 0 0
x 0 0
x 0 0
x 0 0
x 0 0
x 0 0
x 0 0
x 0 0
x 0 0
x 0 0
x 0 0
x 0 0
x 0 0
x 0 0
x 0 0
x 0 0
x 0 0
x 0 0
x 0 0
x 0 0
x 0 0
x 0 0
x 0 0
x 0 0
x 0 0
x 0 0
x 0 0
x 0 0
x 0 0
x 0 0
x 0 0
x 0 0
x 0 0
x 0 0
x 0 0
x 0 0
x 0 0
x 0 0
x 0 0
x 0 0
x 0 0
x 0 0
x 0 0
x 0 0
x 0 0
x 0 0
x 0 0
x 0 0
x 0 0
x 0 0
x 0 0
x 0 0
x 0 0
x 0 0
x 0 0
x 0 0
x 0 0
x 0 0
x 0 0
x 0 0
x 0 0
x 0 0
x 0 0
x 0 0
x 0 0
x 0 0
x 0 0
x 0 0
#
# 
# Merged from harmonics.
# This data set was submitted by Jean-Pierre LaPointe
# (scipur@collegenotre-dame.qc.ca) 1996-11-29
# The source was the Table des Marees des Grands Ports du Monde, No. 540,
# from the Service Hydrographique et Oceanographique de la Marine - Paris,
# B.P. 426, 29275 Brest Cedex.
#
# 
# rel_pedigree: 1250000000 (Via LaPointe)
# BEGIN HOT COMMENTS
# country: Croatia
# restriction: Non-commercial use only
# datum: MLLW
# confidence: 10
# !units: meters
# !longitude: 15.2667
# !latitude: 44.0833
Zadar, Croatia
+01:00 :Europe/Zagreb
0.2400 meters
J1              0.0030   66.50
K1              0.1340   63.00
K2              0.0090  225.70
L2              0.0010  218.00
M1              0.0030   59.50
M2              0.0610  230.00
x 0 0
x 0 0
x 0 0
x 0 0
N2              0.0100  242.00
2N2             0.0010  254.00
O1              0.0420   56.00
OO1             0.0020   70.00
P1              0.0440   62.50
x 0 0
2Q1             0.0010   49.10
x 0 0
x 0 0
S2              0.0320  226.00
x 0 0
x 0 0
T2              0.0020  226.20
x 0 0
MU2             0.0010  234.00
NU2             0.0020  240.40
RHO1            0.0020   53.00
x 0 0
x 0 0
x 0 0
x 0 0
x 0 0
x 0 0
x 0 0
x 0 0
x 0 0
x 0 0
x 0 0
x 0 0
x 0 0
x 0 0
x 0 0
x 0 0
x 0 0
x 0 0
x 0 0
x 0 0
x 0 0
x 0 0
x 0 0
x 0 0
x 0 0
x 0 0
x 0 0
x 0 0
x 0 0
x 0 0
x 0 0
x 0 0
x 0 0
x 0 0
x 0 0
x 0 0
x 0 0
x 0 0
x 0 0
x 0 0
x 0 0
x 0 0
x 0 0
x 0 0
x 0 0
x 0 0
x 0 0
x 0 0
x 0 0
x 0 0
x 0 0
x 0 0
x 0 0
x 0 0
x 0 0
x 0 0
x 0 0
x 0 0
x 0 0
x 0 0
x 0 0
x 0 0
x 0 0
x 0 0
x 0 0
x 0 0
x 0 0
x 0 0
x 0 0
x 0 0
x 0 0
#
# 
# Merged from harmonics.
# This data set was submitted by Jean-Pierre LaPointe
# (scipur@collegenotre-dame.qc.ca) 1996-11-29
# The source was the Table des Marees des Grands Ports du Monde, No. 540,
# from the Service Hydrographique et Oceanographique de la Marine - Paris,
# B.P. 426, 29275 Brest Cedex.
#
# 
# rel_pedigree: 1250000000 (Via LaPointe)
# BEGIN HOT COMMENTS
# country: Russia
# restriction: Non-commercial use only
# datum: LAT
# confidence: 10
# !units: meters
# !longitude: 142.2333
# !latitude: 53.5333
Zaliv Baykal (Sakhalin), Russia
+11:00 :Asia/Magadan
1.4000 meters
J1              0.0290  337.80
K1              0.3720  314.00
K2              0.0180  304.70
L2              0.0080  247.00
M1              0.0260  290.00
M2              0.2740  242.00
x 0 0
x 0 0
x 0 0
x 0 0
N2              0.0550  237.00
2N2             0.0070  232.00
O1              0.3660  266.00
OO1             0.0160    2.00
P1              0.1230  310.40
Q1              0.0730  260.00
2Q1             0.0100  218.40
R2              0.0010  302.30
x 0 0
S2              0.0670  300.00
x 0 0
x 0 0
T2              0.0040  297.70
LDA2            0.0020  268.90
MU2             0.0070  184.00
NU2             0.0110  237.70
RHO1            0.0140  245.40
x 0 0
x 0 0
x 0 0
x 0 0
x 0 0
x 0 0
x 0 0
x 0 0
x 0 0
x 0 0
x 0 0
x 0 0
x 0 0
x 0 0
x 0 0
x 0 0
x 0 0
x 0 0
x 0 0
x 0 0
x 0 0
x 0 0
x 0 0
x 0 0
x 0 0
x 0 0
x 0 0
x 0 0
x 0 0
x 0 0
x 0 0
x 0 0
x 0 0
x 0 0
x 0 0
x 0 0
x 0 0
x 0 0
x 0 0
x 0 0
x 0 0
x 0 0
x 0 0
x 0 0
x 0 0
x 0 0
x 0 0
x 0 0
x 0 0
x 0 0
x 0 0
x 0 0
x 0 0
x 0 0
x 0 0
x 0 0
x 0 0
x 0 0
x 0 0
x 0 0
x 0 0
x 0 0
x 0 0
x 0 0
x 0 0
x 0 0
x 0 0
x 0 0
x 0 0
x 0 0
x 0 0
#
# 
# Merged from harmonics.
# This data set was submitted by Jean-Pierre LaPointe
# (scipur@collegenotre-dame.qc.ca) 1996-11-29
# The source was the Table des Marees des Grands Ports du Monde, No. 540,
# from the Service Hydrographique et Oceanographique de la Marine - Paris,
# B.P. 426, 29275 Brest Cedex.
#
# 
# rel_pedigree: 1250000000 (Via LaPointe)
# BEGIN HOT COMMENTS
# country: Russia
# restriction: Non-commercial use only
# datum: LAT
# confidence: 10
# !units: meters
# !longitude: 140.8667
# !latitude: 51.4333
Zaliv Chikhacheva, Russia
+09:00 :Asia/Vladivostok
1.2400 meters
J1              0.0060  333.40
K1              0.0700  325.00
K2              0.0630  317.10
L2              0.0240  305.00
M1              0.0050  316.50
M2              0.7350  263.00
x 0 0
x 0 0
x 0 0
x 0 0
N2              0.1710  221.00
2N2             0.0230  179.00
O1              0.0700  308.00
OO1             0.0030  342.00
P1              0.0230  323.70
Q1              0.0150  303.00
2Q1             0.0020  291.10
R2              0.0020  315.00
x 0 0
S2              0.2320  313.00
x 0 0
x 0 0
T2              0.0140  311.00
LDA2            0.0050  286.20
MU2             0.0180  213.00
NU2             0.0330  226.60
RHO1            0.0030  300.70
x 0 0
x 0 0
x 0 0
x 0 0
x 0 0
x 0 0
x 0 0
x 0 0
x 0 0
x 0 0
x 0 0
x 0 0
x 0 0
x 0 0
x 0 0
x 0 0
x 0 0
x 0 0
x 0 0
x 0 0
x 0 0
x 0 0
x 0 0
x 0 0
x 0 0
x 0 0
x 0 0
x 0 0
x 0 0
x 0 0
x 0 0
x 0 0
x 0 0
x 0 0
x 0 0
x 0 0
x 0 0
x 0 0
x 0 0
x 0 0
x 0 0
x 0 0
x 0 0
x 0 0
x 0 0
x 0 0
x 0 0
x 0 0
x 0 0
x 0 0
x 0 0
x 0 0
x 0 0
x 0 0
x 0 0
x 0 0
x 0 0
x 0 0
x 0 0
x 0 0
x 0 0
x 0 0
x 0 0
x 0 0
x 0 0
x 0 0
x 0 0
x 0 0
x 0 0
x 0 0
x 0 0
#
# 
# Merged from harmonics.
# This data set was submitted by Jean-Pierre LaPointe
# (scipur@collegenotre-dame.qc.ca) 1996-11-29
# The source was the Table des Marees des Grands Ports du Monde, No. 540,
# from the Service Hydrographique et Oceanographique de la Marine - Paris,
# B.P. 426, 29275 Brest Cedex.
#
# 
# rel_pedigree: 1250000000 (Via LaPointe)
# BEGIN HOT COMMENTS
# country: China
# restriction: Non-commercial use only
# datum: CD
# confidence: 10
# !units: meters
# !longitude: 110.4077
# !latitude: 21.1667
Zhanjiang, China
+08:00 :Asia/Shanghai
2.2000 meters
J1              0.0290  338.40
K1              0.3900  323.00
K2              0.0950   43.30
L2              0.0260  337.00
M1              0.0260  307.50
M2              0.9500  333.00
x 0 0
x 0 0
x 0 0
x 0 0
N2              0.1800  329.00
2N2             0.0240  325.00
O1              0.3700  292.00
OO1             0.0160  354.00
P1              0.1290  320.70
Q1              0.0720  288.00
2Q1             0.0100  261.20
R2              0.0030   40.60
x 0 0
S2              0.3500   38.00
x 0 0
x 0 0
T2              0.0210   35.40
LDA2            0.0070    3.20
MU2             0.0230  268.00
NU2             0.0350  329.50
RHO1            0.0140  278.70
x 0 0
x 0 0
x 0 0
x 0 0
x 0 0
x 0 0
x 0 0
x 0 0
x 0 0
x 0 0
x 0 0
x 0 0
x 0 0
x 0 0
x 0 0
x 0 0
x 0 0
x 0 0
x 0 0
x 0 0
x 0 0
x 0 0
x 0 0
x 0 0
x 0 0
x 0 0
x 0 0
x 0 0
x 0 0
x 0 0
x 0 0
x 0 0
x 0 0
x 0 0
x 0 0
x 0 0
x 0 0
x 0 0
x 0 0
x 0 0
x 0 0
x 0 0
x 0 0
x 0 0
x 0 0
x 0 0
x 0 0
x 0 0
x 0 0
x 0 0
x 0 0
x 0 0
x 0 0
x 0 0
x 0 0
x 0 0
x 0 0
x 0 0
x 0 0
x 0 0
x 0 0
x 0 0
x 0 0
x 0 0
x 0 0
x 0 0
x 0 0
x 0 0
x 0 0
x 0 0
x 0 0
#
# 
# Merged from harmonics.
# This data set was submitted by Jean-Pierre LaPointe
# (scipur@collegenotre-dame.qc.ca) 1996-11-29
# The source was the Table des Marees des Grands Ports du Monde, No. 540,
# from the Service Hydrographique et Oceanographique de la Marine - Paris,
# B.P. 426, 29275 Brest Cedex.
#
# 
# rel_pedigree: 1250000000 (Via LaPointe)
# BEGIN HOT COMMENTS
# country: French Guiana
# restriction: Non-commercial use only
# datum: MLLW
# confidence: 10
# ioc_code: iler, iler2
# psmsl_id: 2012
# ptwc_code: iler
# ssc_id: SSC-iler
# uhslc_id: 850, 851
# !units: meters
# !longitude: -52.5869
# !latitude: 5.2845
Îles du Salut, French Guiana
-03:00 :America/Cayenne
1.9200 meters
J1              0.0060  217.90
K1              0.0960  211.00
K2              0.0760  161.70
L2              0.0250  153.00
M1              0.0060  204.00
M2              0.8290  139.00
x 0 0
M4              0.0090  295.00
x 0 0
x 0 0
N2              0.1720  125.00
2N2             0.0230  111.00
O1              0.0810  197.00
OO1             0.0030  225.00
P1              0.0320  210.00
Q1              0.0210  186.00
2Q1             0.0020  183.10
R2              0.0020  160.80
x 0 0
S2              0.2800  160.00
x 0 0
x 0 0
T2              0.0170  159.20
LDA2            0.0060  148.70
MU2             0.0200  118.00
NU2             0.0330  126.90
RHO1            0.0030  191.00
x 0 0
x 0 0
x 0 0
x 0 0
x 0 0
x 0 0
x 0 0
x 0 0
x 0 0
x 0 0
x 0 0
x 0 0
x 0 0
x 0 0
x 0 0
x 0 0
x 0 0
x 0 0
x 0 0
x 0 0
x 0 0
x 0 0
x 0 0
x 0 0
x 0 0
x 0 0
x 0 0
x 0 0
x 0 0
x 0 0
x 0 0
x 0 0
x 0 0
x 0 0
x 0 0
x 0 0
x 0 0
x 0 0
x 0 0
x 0 0
x 0 0
x 0 0
x 0 0
x 0 0
x 0 0
x 0 0
x 0 0
x 0 0
x 0 0
x 0 0
x 0 0
x 0 0
x 0 0
x 0 0
x 0 0
x 0 0
x 0 0
x 0 0
x 0 0
x 0 0
x 0 0
x 0 0
x 0 0
x 0 0
x 0 0
x 0 0
x 0 0
x 0 0
x 0 0
x 0 0
x 0 0


